id,type,opponent,elapsedTime,event,teamScore,opponentScore,pointDifference
199710310CHH,RS,NYK,0.0,,0,0,0
199710310CHH,RS,NYK,72.0,,0,2,-2
199710310CHH,RS,NYK,121.0,,0,4,-4
199710310CHH,RS,NYK,155.0,,0,6,-6
199710310CHH,RS,NYK,200.0,,0,8,-8
199710310CHH,RS,NYK,220.0,,1,8,-7
199710310CHH,RS,NYK,243.0,,1,10,-9
199710310CHH,RS,NYK,329.0,,3,10,-7
199710310CHH,RS,NYK,345.0,,3,12,-9
199710310CHH,RS,NYK,356.0,,5,12,-7
199710310CHH,RS,NYK,388.0,,6,12,-6
199710310CHH,RS,NYK,405.0,,6,15,-9
199710310CHH,RS,NYK,417.0,,8,15,-7
199710310CHH,RS,NYK,433.0,,8,16,-8
199710310CHH,RS,NYK,468.0,,8,18,-10
199710310CHH,RS,NYK,548.0,,8,19,-11
199710310CHH,RS,NYK,593.0,,9,19,-10
199710310CHH,RS,NYK,626.0,,11,19,-8
199710310CHH,RS,NYK,646.0,,11,21,-10
199710310CHH,RS,NYK,658.0,,12,21,-9
199710310CHH,RS,NYK,658.0,,13,21,-8
199710310CHH,RS,NYK,684.0,,14,21,-7
199710310CHH,RS,NYK,684.0,,15,21,-6
199710310CHH,RS,NYK,705.0,,15,23,-8
199710310CHH,RS,NYK,714.0,,16,23,-7
199710310CHH,RS,NYK,714.0,,17,23,-6
199710310CHH,RS,NYK,757.0,,17,26,-9
199710310CHH,RS,NYK,805.0,,17,27,-10
199710310CHH,RS,NYK,818.0,,19,27,-8
199710310CHH,RS,NYK,833.0,,19,29,-10
199710310CHH,RS,NYK,849.0,,19,31,-12
199710310CHH,RS,NYK,871.0,,22,31,-9
199710310CHH,RS,NYK,914.0,,22,33,-11
199710310CHH,RS,NYK,933.0,,23,33,-10
199710310CHH,RS,NYK,933.0,,24,33,-9
199710310CHH,RS,NYK,1005.0,,26,33,-7
199710310CHH,RS,NYK,1035.0,,27,33,-6
199710310CHH,RS,NYK,1050.0,,27,35,-8
199710310CHH,RS,NYK,1064.0,,28,35,-7
199710310CHH,RS,NYK,1080.0,,30,35,-5
199710310CHH,RS,NYK,1104.0,,30,38,-8
199710310CHH,RS,NYK,1165.0,,30,40,-10
199710310CHH,RS,NYK,1217.0,,32,40,-8
199710310CHH,RS,NYK,1247.0,,32,42,-10
199710310CHH,RS,NYK,1299.0,,32,44,-12
199710310CHH,RS,NYK,1322.0,,32,46,-14
199710310CHH,RS,NYK,1342.0,,34,46,-12
199710310CHH,RS,NYK,1372.0,,36,46,-10
199710310CHH,RS,NYK,1420.0,,38,46,-8
199710310CHH,RS,NYK,1455.0,,38,48,-10
199710310CHH,RS,NYK,1502.0,,38,50,-12
199710310CHH,RS,NYK,1516.0,,40,50,-10
199710310CHH,RS,NYK,1563.0,,40,52,-12
199710310CHH,RS,NYK,1585.0,,42,52,-10
199710310CHH,RS,NYK,1611.0,,42,54,-12
199710310CHH,RS,NYK,1654.0,,44,54,-10
199710310CHH,RS,NYK,1689.0,,45,54,-9
199710310CHH,RS,NYK,1700.0,,45,56,-11
199710310CHH,RS,NYK,1720.0,,48,56,-8
199710310CHH,RS,NYK,1725.0,,48,58,-10
199710310CHH,RS,NYK,1780.0,,49,58,-9
199710310CHH,RS,NYK,1820.0,,51,58,-7
199710310CHH,RS,NYK,1833.0,,51,60,-9
199710310CHH,RS,NYK,1893.0,,54,60,-6
199710310CHH,RS,NYK,1915.0,,54,62,-8
199710310CHH,RS,NYK,1950.0,,55,62,-7
199710310CHH,RS,NYK,1987.0,,56,62,-6
199710310CHH,RS,NYK,1987.0,,57,62,-5
199710310CHH,RS,NYK,2008.0,,57,64,-7
199710310CHH,RS,NYK,2031.0,,59,64,-5
199710310CHH,RS,NYK,2091.0,,59,66,-7
199710310CHH,RS,NYK,2111.0,,59,68,-9
199710310CHH,RS,NYK,2129.0,,61,68,-7
199710310CHH,RS,NYK,2129.0,,62,68,-6
199710310CHH,RS,NYK,2142.0,,62,70,-8
199710310CHH,RS,NYK,2160.0,,63,70,-7
199710310CHH,RS,NYK,2160.0,,64,70,-6
199710310CHH,RS,NYK,2198.0,,64,72,-8
199710310CHH,RS,NYK,2255.0,,65,72,-7
199710310CHH,RS,NYK,2288.0,,67,72,-5
199710310CHH,RS,NYK,2336.0,,69,72,-3
199710310CHH,RS,NYK,2351.0,,69,73,-4
199710310CHH,RS,NYK,2366.0,,70,73,-3
199710310CHH,RS,NYK,2366.0,,71,73,-2
199710310CHH,RS,NYK,2430.0,,72,73,-1
199710310CHH,RS,NYK,2472.0,LC,74,73,1
199710310CHH,RS,NYK,2491.0,LC,74,75,-1
199710310CHH,RS,NYK,2529.0,,74,76,-2
199710310CHH,RS,NYK,2529.0,,74,77,-3
199710310CHH,RS,NYK,2543.0,,75,77,-2
199710310CHH,RS,NYK,2579.0,,75,78,-3
199710310CHH,RS,NYK,2600.0,,75,80,-5
199710310CHH,RS,NYK,2617.0,,76,80,-4
199710310CHH,RS,NYK,2617.0,,77,80,-3
199710310CHH,RS,NYK,2632.0,,77,81,-4
199710310CHH,RS,NYK,2632.0,,77,82,-5
199710310CHH,RS,NYK,2643.0,,78,82,-4
199710310CHH,RS,NYK,2643.0,,79,82,-3
199710310CHH,RS,NYK,2656.0,,79,83,-4
199710310CHH,RS,NYK,2656.0,,79,84,-5
199710310CHH,RS,NYK,2707.0,,79,85,-6
199710310CHH,RS,NYK,2707.0,,79,86,-7
199710310CHH,RS,NYK,2762.0,,79,88,-9
199710310CHH,RS,NYK,2783.0,,81,88,-7
199710310CHH,RS,NYK,2823.0,,81,89,-8
199710310CHH,RS,NYK,2823.0,,81,90,-9
199710310CHH,RS,NYK,2837.0,,81,91,-10
199710310CHH,RS,NYK,2842.0,,83,91,-8
199710310CHH,RS,NYK,2848.0,,83,92,-9
199710310CHH,RS,NYK,2848.0,,83,93,-10
199710310CHH,RS,NYK,2852.0,,85,93,-8
199710310CHH,RS,NYK,2856.0,,85,94,-9
199710310CHH,RS,NYK,2856.0,,85,95,-10
199710310CHH,RS,NYK,2866.0,,85,96,-11
199710310CHH,RS,NYK,2866.0,F,85,97,-12
199710310CHH,RS,NYK,2880.0,,85,97,-12
199711010MIN,RS,MIN,0.0,,0,0,0
199711010MIN,RS,MIN,20.0,,0,1,-1
199711010MIN,RS,MIN,35.0,T,1,1,0
199711010MIN,RS,MIN,35.0,LC,2,1,1
199711010MIN,RS,MIN,61.0,,4,1,3
199711010MIN,RS,MIN,104.0,,6,1,5
199711010MIN,RS,MIN,104.0,,7,1,6
199711010MIN,RS,MIN,130.0,,7,3,4
199711010MIN,RS,MIN,146.0,,9,3,6
199711010MIN,RS,MIN,156.0,,9,5,4
199711010MIN,RS,MIN,175.0,,11,5,6
199711010MIN,RS,MIN,208.0,,13,5,8
199711010MIN,RS,MIN,230.0,,13,7,6
199711010MIN,RS,MIN,255.0,,13,9,4
199711010MIN,RS,MIN,267.0,,14,9,5
199711010MIN,RS,MIN,267.0,,15,9,6
199711010MIN,RS,MIN,279.0,,15,11,4
199711010MIN,RS,MIN,279.0,,15,12,3
199711010MIN,RS,MIN,300.0,,18,12,6
199711010MIN,RS,MIN,336.0,,18,14,4
199711010MIN,RS,MIN,406.0,,20,14,6
199711010MIN,RS,MIN,442.0,,20,16,4
199711010MIN,RS,MIN,509.0,,20,18,2
199711010MIN,RS,MIN,560.0,T,20,20,0
199711010MIN,RS,MIN,582.0,,22,20,2
199711010MIN,RS,MIN,597.0,T,22,22,0
199711010MIN,RS,MIN,628.0,LC,22,25,-3
199711010MIN,RS,MIN,645.0,,23,25,-2
199711010MIN,RS,MIN,645.0,,24,25,-1
199711010MIN,RS,MIN,661.0,,24,27,-3
199711010MIN,RS,MIN,679.0,,24,29,-5
199711010MIN,RS,MIN,693.0,,25,29,-4
199711010MIN,RS,MIN,693.0,,26,29,-3
199711010MIN,RS,MIN,799.0,,28,29,-1
199711010MIN,RS,MIN,811.0,,28,31,-3
199711010MIN,RS,MIN,865.0,,30,31,-1
199711010MIN,RS,MIN,876.0,,30,33,-3
199711010MIN,RS,MIN,912.0,,32,33,-1
199711010MIN,RS,MIN,960.0,LC,34,33,1
199711010MIN,RS,MIN,979.0,LC,34,35,-1
199711010MIN,RS,MIN,1036.0,LC,36,35,1
199711010MIN,RS,MIN,1036.0,,37,35,2
199711010MIN,RS,MIN,1117.0,,37,36,1
199711010MIN,RS,MIN,1135.0,,39,36,3
199711010MIN,RS,MIN,1171.0,,39,37,2
199711010MIN,RS,MIN,1171.0,,39,38,1
199711010MIN,RS,MIN,1206.0,LC,39,40,-1
199711010MIN,RS,MIN,1284.0,LC,41,40,1
199711010MIN,RS,MIN,1301.0,LC,41,42,-1
199711010MIN,RS,MIN,1341.0,,41,44,-3
199711010MIN,RS,MIN,1367.0,,43,44,-1
199711010MIN,RS,MIN,1381.0,,43,45,-2
199711010MIN,RS,MIN,1381.0,,43,46,-3
199711010MIN,RS,MIN,1395.0,,45,46,-1
199711010MIN,RS,MIN,1404.0,,45,47,-2
199711010MIN,RS,MIN,1404.0,,45,48,-3
199711010MIN,RS,MIN,1439.0,,45,50,-5
199711010MIN,RS,MIN,1458.0,,47,50,-3
199711010MIN,RS,MIN,1525.0,,49,50,-1
199711010MIN,RS,MIN,1540.0,,49,53,-4
199711010MIN,RS,MIN,1563.0,,51,53,-2
199711010MIN,RS,MIN,1614.0,,51,55,-4
199711010MIN,RS,MIN,1657.0,,51,57,-6
199711010MIN,RS,MIN,1697.0,,51,59,-8
199711010MIN,RS,MIN,1697.0,,51,60,-9
199711010MIN,RS,MIN,1756.0,,51,62,-11
199711010MIN,RS,MIN,1782.0,,52,62,-10
199711010MIN,RS,MIN,1782.0,,53,62,-9
199711010MIN,RS,MIN,1797.0,,53,64,-11
199711010MIN,RS,MIN,1810.0,,54,64,-10
199711010MIN,RS,MIN,1810.0,,55,64,-9
199711010MIN,RS,MIN,1820.0,,55,66,-11
199711010MIN,RS,MIN,1837.0,,57,66,-9
199711010MIN,RS,MIN,1861.0,,57,68,-11
199711010MIN,RS,MIN,1921.0,,57,70,-13
199711010MIN,RS,MIN,1974.0,,57,71,-14
199711010MIN,RS,MIN,1996.0,,59,71,-12
199711010MIN,RS,MIN,2043.0,,61,71,-10
199711010MIN,RS,MIN,2057.0,,61,73,-12
199711010MIN,RS,MIN,2100.0,,62,73,-11
199711010MIN,RS,MIN,2100.0,,63,73,-10
199711010MIN,RS,MIN,2118.0,,63,75,-12
199711010MIN,RS,MIN,2151.0,,63,77,-14
199711010MIN,RS,MIN,2160.0,,65,77,-12
199711010MIN,RS,MIN,2189.0,,65,78,-13
199711010MIN,RS,MIN,2189.0,,65,79,-14
199711010MIN,RS,MIN,2249.0,,65,81,-16
199711010MIN,RS,MIN,2278.0,,65,83,-18
199711010MIN,RS,MIN,2295.0,,67,83,-16
199711010MIN,RS,MIN,2311.0,,67,85,-18
199711010MIN,RS,MIN,2327.0,,68,85,-17
199711010MIN,RS,MIN,2327.0,,69,85,-16
199711010MIN,RS,MIN,2386.0,,69,87,-18
199711010MIN,RS,MIN,2401.0,,71,87,-16
199711010MIN,RS,MIN,2442.0,,71,89,-18
199711010MIN,RS,MIN,2482.0,,73,89,-16
199711010MIN,RS,MIN,2511.0,,73,91,-18
199711010MIN,RS,MIN,2528.0,,74,91,-17
199711010MIN,RS,MIN,2528.0,,75,91,-16
199711010MIN,RS,MIN,2542.0,,75,93,-18
199711010MIN,RS,MIN,2583.0,,75,95,-20
199711010MIN,RS,MIN,2607.0,,75,96,-21
199711010MIN,RS,MIN,2607.0,,75,97,-22
199711010MIN,RS,MIN,2625.0,,76,97,-21
199711010MIN,RS,MIN,2625.0,,77,97,-20
199711010MIN,RS,MIN,2643.0,,77,99,-22
199711010MIN,RS,MIN,2662.0,,79,99,-20
199711010MIN,RS,MIN,2662.0,,80,99,-19
199711010MIN,RS,MIN,2680.0,,80,101,-21
199711010MIN,RS,MIN,2689.0,,81,101,-20
199711010MIN,RS,MIN,2689.0,,82,101,-19
199711010MIN,RS,MIN,2708.0,,82,102,-20
199711010MIN,RS,MIN,2708.0,,82,103,-21
199711010MIN,RS,MIN,2748.0,,83,103,-20
199711010MIN,RS,MIN,2773.0,,85,103,-18
199711010MIN,RS,MIN,2807.0,,85,105,-20
199711010MIN,RS,MIN,2824.0,,86,105,-19
199711010MIN,RS,MIN,2845.0,,86,106,-20
199711010MIN,RS,MIN,2851.0,,88,106,-18
199711010MIN,RS,MIN,2871.0,F,90,106,-16
199711010MIN,RS,MIN,2876.0,,90,106,-16
199711030MIA,RS,MIA,0.0,,0,0,0
199711030MIA,RS,MIA,68.0,,0,2,-2
199711030MIA,RS,MIA,87.0,T,2,2,0
199711030MIA,RS,MIA,130.0,,2,4,-2
199711030MIA,RS,MIA,139.0,T,4,4,0
199711030MIA,RS,MIA,161.0,,4,6,-2
199711030MIA,RS,MIA,170.0,,5,6,-1
199711030MIA,RS,MIA,196.0,LC,7,6,1
199711030MIA,RS,MIA,214.0,LC,7,8,-1
199711030MIA,RS,MIA,229.0,LC,9,8,1
199711030MIA,RS,MIA,251.0,,10,8,2
199711030MIA,RS,MIA,251.0,,11,8,3
199711030MIA,RS,MIA,268.0,,11,9,2
199711030MIA,RS,MIA,268.0,,11,10,1
199711030MIA,RS,MIA,301.0,LC,11,12,-1
199711030MIA,RS,MIA,309.0,LC,13,12,1
199711030MIA,RS,MIA,328.0,,15,12,3
199711030MIA,RS,MIA,350.0,,15,14,1
199711030MIA,RS,MIA,415.0,,17,14,3
199711030MIA,RS,MIA,428.0,,17,16,1
199711030MIA,RS,MIA,449.0,,19,16,3
199711030MIA,RS,MIA,482.0,,19,18,1
199711030MIA,RS,MIA,546.0,,21,18,3
199711030MIA,RS,MIA,551.0,,23,18,5
199711030MIA,RS,MIA,579.0,,23,19,4
199711030MIA,RS,MIA,579.0,,23,20,3
199711030MIA,RS,MIA,589.0,,25,20,5
199711030MIA,RS,MIA,604.0,,27,20,7
199711030MIA,RS,MIA,632.0,,28,20,8
199711030MIA,RS,MIA,653.0,,30,20,10
199711030MIA,RS,MIA,711.0,,31,20,11
199711030MIA,RS,MIA,711.0,,32,20,12
199711030MIA,RS,MIA,760.0,,35,20,15
199711030MIA,RS,MIA,774.0,,35,22,13
199711030MIA,RS,MIA,797.0,,37,22,15
199711030MIA,RS,MIA,847.0,,39,22,17
199711030MIA,RS,MIA,862.0,,39,24,15
199711030MIA,RS,MIA,912.0,,39,26,13
199711030MIA,RS,MIA,926.0,,41,26,15
199711030MIA,RS,MIA,958.0,,41,28,13
199711030MIA,RS,MIA,1026.0,,43,28,15
199711030MIA,RS,MIA,1069.0,,43,30,13
199711030MIA,RS,MIA,1078.0,,46,30,16
199711030MIA,RS,MIA,1101.0,,46,32,14
199711030MIA,RS,MIA,1115.0,,48,32,16
199711030MIA,RS,MIA,1155.0,,48,34,14
199711030MIA,RS,MIA,1295.0,,50,34,16
199711030MIA,RS,MIA,1295.0,,51,34,17
199711030MIA,RS,MIA,1330.0,,52,34,18
199711030MIA,RS,MIA,1358.0,,54,34,20
199711030MIA,RS,MIA,1370.0,,54,35,19
199711030MIA,RS,MIA,1390.0,,54,37,17
199711030MIA,RS,MIA,1460.0,,54,39,15
199711030MIA,RS,MIA,1553.0,,57,39,18
199711030MIA,RS,MIA,1571.0,,57,41,16
199711030MIA,RS,MIA,1593.0,,57,42,15
199711030MIA,RS,MIA,1593.0,,57,43,14
199711030MIA,RS,MIA,1617.0,,59,43,16
199711030MIA,RS,MIA,1636.0,,60,43,17
199711030MIA,RS,MIA,1636.0,,61,43,18
199711030MIA,RS,MIA,1661.0,,61,45,16
199711030MIA,RS,MIA,1711.0,,61,46,15
199711030MIA,RS,MIA,1711.0,,61,47,14
199711030MIA,RS,MIA,1773.0,,61,49,12
199711030MIA,RS,MIA,1815.0,,62,49,13
199711030MIA,RS,MIA,1815.0,,63,49,14
199711030MIA,RS,MIA,1857.0,,65,49,16
199711030MIA,RS,MIA,1857.0,,66,49,17
199711030MIA,RS,MIA,1874.0,,66,50,16
199711030MIA,RS,MIA,1898.0,,68,50,18
199711030MIA,RS,MIA,1918.0,,68,52,16
199711030MIA,RS,MIA,1951.0,,68,55,13
199711030MIA,RS,MIA,1961.0,,69,55,14
199711030MIA,RS,MIA,1961.0,,70,55,15
199711030MIA,RS,MIA,1970.0,,70,57,13
199711030MIA,RS,MIA,1994.0,,70,59,11
199711030MIA,RS,MIA,2018.0,,70,61,9
199711030MIA,RS,MIA,2030.0,,71,61,10
199711030MIA,RS,MIA,2044.0,,73,61,12
199711030MIA,RS,MIA,2052.0,,73,62,11
199711030MIA,RS,MIA,2052.0,,73,63,10
199711030MIA,RS,MIA,2066.0,,74,63,11
199711030MIA,RS,MIA,2095.0,,74,64,10
199711030MIA,RS,MIA,2095.0,,74,65,9
199711030MIA,RS,MIA,2120.0,,76,65,11
199711030MIA,RS,MIA,2179.0,,78,65,13
199711030MIA,RS,MIA,2256.0,,78,67,11
199711030MIA,RS,MIA,2291.0,,78,70,8
199711030MIA,RS,MIA,2311.0,,79,70,9
199711030MIA,RS,MIA,2329.0,,80,70,10
199711030MIA,RS,MIA,2344.0,,82,70,12
199711030MIA,RS,MIA,2379.0,,82,72,10
199711030MIA,RS,MIA,2414.0,,84,72,12
199711030MIA,RS,MIA,2430.0,,84,75,9
199711030MIA,RS,MIA,2448.0,,86,75,11
199711030MIA,RS,MIA,2479.0,,88,75,13
199711030MIA,RS,MIA,2511.0,,90,75,15
199711030MIA,RS,MIA,2528.0,,90,76,14
199711030MIA,RS,MIA,2528.0,,90,77,13
199711030MIA,RS,MIA,2560.0,,92,77,15
199711030MIA,RS,MIA,2590.0,,94,77,17
199711030MIA,RS,MIA,2606.0,,94,78,16
199711030MIA,RS,MIA,2606.0,,94,79,15
199711030MIA,RS,MIA,2626.0,,96,79,17
199711030MIA,RS,MIA,2626.0,,97,79,18
199711030MIA,RS,MIA,2655.0,,98,79,19
199711030MIA,RS,MIA,2686.0,,98,82,16
199711030MIA,RS,MIA,2690.0,,99,82,17
199711030MIA,RS,MIA,2690.0,,100,82,18
199711030MIA,RS,MIA,2697.0,,100,84,16
199711030MIA,RS,MIA,2719.0,,102,84,18
199711030MIA,RS,MIA,2733.0,,102,86,16
199711030MIA,RS,MIA,2744.0,,103,86,17
199711030MIA,RS,MIA,2744.0,,104,86,18
199711030MIA,RS,MIA,2754.0,,104,87,17
199711030MIA,RS,MIA,2762.0,,104,90,14
199711030MIA,RS,MIA,2769.0,,106,90,16
199711030MIA,RS,MIA,2792.0,,106,92,14
199711030MIA,RS,MIA,2810.0,,107,92,15
199711030MIA,RS,MIA,2823.0,,107,93,14
199711030MIA,RS,MIA,2823.0,,107,94,13
199711030MIA,RS,MIA,2832.0,,107,96,11
199711030MIA,RS,MIA,2836.0,,108,96,12
199711030MIA,RS,MIA,2836.0,,109,96,13
199711030MIA,RS,MIA,2841.0,,109,97,12
199711030MIA,RS,MIA,2858.0,,111,97,14
199711030MIA,RS,MIA,2872.0,F,111,99,12
199711030MIA,RS,MIA,2876.0,,112,99,13
199711050CHH,RS,DAL,0.0,,0,0,0
199711050CHH,RS,DAL,4.0,,2,0,2
199711050CHH,RS,DAL,58.0,,3,0,3
199711050CHH,RS,DAL,76.0,T,3,3,0
199711050CHH,RS,DAL,126.0,,5,3,2
199711050CHH,RS,DAL,141.0,T,5,5,0
199711050CHH,RS,DAL,156.0,,7,5,2
199711050CHH,RS,DAL,173.0,T,7,7,0
199711050CHH,RS,DAL,188.0,,9,7,2
199711050CHH,RS,DAL,227.0,T,9,9,0
199711050CHH,RS,DAL,241.0,,11,9,2
199711050CHH,RS,DAL,266.0,T,11,11,0
199711050CHH,RS,DAL,295.0,LC,11,12,-1
199711050CHH,RS,DAL,295.0,,11,13,-2
199711050CHH,RS,DAL,321.0,,11,15,-4
199711050CHH,RS,DAL,330.0,,13,15,-2
199711050CHH,RS,DAL,372.0,T,15,15,0
199711050CHH,RS,DAL,387.0,,15,17,-2
199711050CHH,RS,DAL,404.0,T,17,17,0
199711050CHH,RS,DAL,446.0,,17,19,-2
199711050CHH,RS,DAL,480.0,,17,21,-4
199711050CHH,RS,DAL,499.0,,19,21,-2
199711050CHH,RS,DAL,530.0,T,21,21,0
199711050CHH,RS,DAL,547.0,,21,23,-2
199711050CHH,RS,DAL,562.0,,22,23,-1
199711050CHH,RS,DAL,562.0,T,23,23,0
199711050CHH,RS,DAL,601.0,,23,25,-2
199711050CHH,RS,DAL,621.0,T,25,25,0
199711050CHH,RS,DAL,679.0,LC,26,25,1
199711050CHH,RS,DAL,694.0,,28,25,3
199711050CHH,RS,DAL,749.0,,29,25,4
199711050CHH,RS,DAL,749.0,,30,25,5
199711050CHH,RS,DAL,761.0,,30,27,3
199711050CHH,RS,DAL,788.0,,32,27,5
199711050CHH,RS,DAL,817.0,,34,27,7
199711050CHH,RS,DAL,842.0,,34,29,5
199711050CHH,RS,DAL,866.0,,34,31,3
199711050CHH,RS,DAL,866.0,,34,32,2
199711050CHH,RS,DAL,922.0,,36,32,4
199711050CHH,RS,DAL,934.0,,36,34,2
199711050CHH,RS,DAL,943.0,,38,34,4
199711050CHH,RS,DAL,958.0,,38,36,2
199711050CHH,RS,DAL,978.0,T,38,38,0
199711050CHH,RS,DAL,996.0,,39,38,1
199711050CHH,RS,DAL,996.0,,40,38,2
199711050CHH,RS,DAL,1065.0,,43,38,5
199711050CHH,RS,DAL,1093.0,,43,40,3
199711050CHH,RS,DAL,1102.0,,44,40,4
199711050CHH,RS,DAL,1102.0,,45,40,5
199711050CHH,RS,DAL,1115.0,,45,42,3
199711050CHH,RS,DAL,1124.0,,47,42,5
199711050CHH,RS,DAL,1141.0,,47,44,3
199711050CHH,RS,DAL,1157.0,,50,44,6
199711050CHH,RS,DAL,1201.0,,52,44,8
199711050CHH,RS,DAL,1264.0,,52,45,7
199711050CHH,RS,DAL,1264.0,,52,46,6
199711050CHH,RS,DAL,1275.0,,55,46,9
199711050CHH,RS,DAL,1299.0,,55,48,7
199711050CHH,RS,DAL,1318.0,,55,50,5
199711050CHH,RS,DAL,1355.0,,57,50,7
199711050CHH,RS,DAL,1374.0,,57,52,5
199711050CHH,RS,DAL,1384.0,,59,52,7
199711050CHH,RS,DAL,1396.0,,59,54,5
199711050CHH,RS,DAL,1422.0,,59,56,3
199711050CHH,RS,DAL,1465.0,,59,58,1
199711050CHH,RS,DAL,1524.0,,61,58,3
199711050CHH,RS,DAL,1577.0,,61,59,2
199711050CHH,RS,DAL,1577.0,,61,60,1
199711050CHH,RS,DAL,1645.0,,63,60,3
199711050CHH,RS,DAL,1671.0,,65,60,5
199711050CHH,RS,DAL,1696.0,,67,60,7
199711050CHH,RS,DAL,1715.0,,67,62,5
199711050CHH,RS,DAL,1809.0,,67,64,3
199711050CHH,RS,DAL,1824.0,,67,65,2
199711050CHH,RS,DAL,1824.0,,67,66,1
199711050CHH,RS,DAL,1843.0,,69,66,3
199711050CHH,RS,DAL,1880.0,,71,66,5
199711050CHH,RS,DAL,1910.0,,71,68,3
199711050CHH,RS,DAL,1924.0,,73,68,5
199711050CHH,RS,DAL,1948.0,,75,68,7
199711050CHH,RS,DAL,1978.0,,75,69,6
199711050CHH,RS,DAL,1978.0,,75,70,5
199711050CHH,RS,DAL,1999.0,,77,70,7
199711050CHH,RS,DAL,2066.0,,77,73,4
199711050CHH,RS,DAL,2092.0,,77,75,2
199711050CHH,RS,DAL,2092.0,,77,76,1
199711050CHH,RS,DAL,2129.0,,79,76,3
199711050CHH,RS,DAL,2137.0,,82,76,6
199711050CHH,RS,DAL,2160.0,,82,77,5
199711050CHH,RS,DAL,2160.0,,82,78,4
199711050CHH,RS,DAL,2199.0,,85,78,7
199711050CHH,RS,DAL,2227.0,,85,80,5
199711050CHH,RS,DAL,2285.0,,87,80,7
199711050CHH,RS,DAL,2303.0,,89,80,9
199711050CHH,RS,DAL,2338.0,,89,83,6
199711050CHH,RS,DAL,2354.0,,91,83,8
199711050CHH,RS,DAL,2388.0,,93,83,10
199711050CHH,RS,DAL,2406.0,,93,84,9
199711050CHH,RS,DAL,2406.0,,93,85,8
199711050CHH,RS,DAL,2475.0,,95,85,10
199711050CHH,RS,DAL,2500.0,,95,86,9
199711050CHH,RS,DAL,2500.0,,95,87,8
199711050CHH,RS,DAL,2513.0,,96,87,9
199711050CHH,RS,DAL,2514.0,,96,88,8
199711050CHH,RS,DAL,2514.0,,96,89,7
199711050CHH,RS,DAL,2594.0,,96,91,5
199711050CHH,RS,DAL,2617.0,,97,91,6
199711050CHH,RS,DAL,2617.0,,98,91,7
199711050CHH,RS,DAL,2632.0,,98,94,4
199711050CHH,RS,DAL,2675.0,,99,94,5
199711050CHH,RS,DAL,2727.0,,99,96,3
199711050CHH,RS,DAL,2744.0,,101,96,5
199711050CHH,RS,DAL,2744.0,,102,96,6
199711050CHH,RS,DAL,2755.0,,102,97,5
199711050CHH,RS,DAL,2755.0,,102,98,4
199711050CHH,RS,DAL,2789.0,,103,98,5
199711050CHH,RS,DAL,2789.0,,104,98,6
199711050CHH,RS,DAL,2801.0,,104,99,5
199711050CHH,RS,DAL,2835.0,,104,102,2
199711050CHH,RS,DAL,2845.0,,105,102,3
199711050CHH,RS,DAL,2845.0,,106,102,4
199711050CHH,RS,DAL,2854.0,,106,103,3
199711050CHH,RS,DAL,2862.0,,107,103,4
199711050CHH,RS,DAL,2862.0,,108,103,5
199711050CHH,RS,DAL,2870.0,,109,103,6
199711050CHH,RS,DAL,2870.0,F,110,103,7
199711050CHH,RS,DAL,2880.0,,110,103,7
199711070WAS,RS,WAS,0.0,,0,0,0
199711070WAS,RS,WAS,24.0,,0,1,-1
199711070WAS,RS,WAS,39.0,LC,2,1,1
199711070WAS,RS,WAS,73.0,,4,1,3
199711070WAS,RS,WAS,98.0,,4,3,1
199711070WAS,RS,WAS,145.0,LC,4,5,-1
199711070WAS,RS,WAS,162.0,LC,6,5,1
199711070WAS,RS,WAS,173.0,LC,6,7,-1
199711070WAS,RS,WAS,195.0,LC,8,7,1
199711070WAS,RS,WAS,205.0,T,8,8,0
199711070WAS,RS,WAS,205.0,LC,8,9,-1
199711070WAS,RS,WAS,212.0,LC,10,9,1
199711070WAS,RS,WAS,255.0,,12,9,3
199711070WAS,RS,WAS,377.0,,14,9,5
199711070WAS,RS,WAS,385.0,,14,11,3
199711070WAS,RS,WAS,411.0,,16,11,5
199711070WAS,RS,WAS,434.0,,17,11,6
199711070WAS,RS,WAS,434.0,,18,11,7
199711070WAS,RS,WAS,453.0,,18,13,5
199711070WAS,RS,WAS,479.0,,18,15,3
199711070WAS,RS,WAS,491.0,,20,15,5
199711070WAS,RS,WAS,505.0,,20,17,3
199711070WAS,RS,WAS,525.0,,22,17,5
199711070WAS,RS,WAS,541.0,,22,19,3
199711070WAS,RS,WAS,615.0,,23,19,4
199711070WAS,RS,WAS,615.0,,24,19,5
199711070WAS,RS,WAS,629.0,,24,21,3
199711070WAS,RS,WAS,660.0,,24,23,1
199711070WAS,RS,WAS,778.0,LC,24,25,-1
199711070WAS,RS,WAS,801.0,,24,26,-2
199711070WAS,RS,WAS,833.0,,24,28,-4
199711070WAS,RS,WAS,833.0,,24,29,-5
199711070WAS,RS,WAS,855.0,,26,29,-3
199711070WAS,RS,WAS,869.0,,26,31,-5
199711070WAS,RS,WAS,883.0,,28,31,-3
199711070WAS,RS,WAS,902.0,,28,33,-5
199711070WAS,RS,WAS,902.0,,28,34,-6
199711070WAS,RS,WAS,935.0,,30,34,-4
199711070WAS,RS,WAS,1044.0,,32,34,-2
199711070WAS,RS,WAS,1084.0,T,34,34,0
199711070WAS,RS,WAS,1098.0,,34,36,-2
199711070WAS,RS,WAS,1106.0,T,36,36,0
199711070WAS,RS,WAS,1130.0,,36,38,-2
199711070WAS,RS,WAS,1156.0,,37,38,-1
199711070WAS,RS,WAS,1174.0,,37,40,-3
199711070WAS,RS,WAS,1213.0,,38,40,-2
199711070WAS,RS,WAS,1213.0,,39,40,-1
199711070WAS,RS,WAS,1223.0,,39,42,-3
199711070WAS,RS,WAS,1223.0,,39,43,-4
199711070WAS,RS,WAS,1272.0,,41,43,-2
199711070WAS,RS,WAS,1284.0,,41,44,-3
199711070WAS,RS,WAS,1300.0,,43,44,-1
199711070WAS,RS,WAS,1343.0,LC,45,44,1
199711070WAS,RS,WAS,1343.0,,46,44,2
199711070WAS,RS,WAS,1369.0,,48,44,4
199711070WAS,RS,WAS,1391.0,,51,44,7
199711070WAS,RS,WAS,1426.0,,51,45,6
199711070WAS,RS,WAS,1426.0,,51,46,5
199711070WAS,RS,WAS,1440.0,,53,46,7
199711070WAS,RS,WAS,1453.0,,53,48,5
199711070WAS,RS,WAS,1480.0,,55,48,7
199711070WAS,RS,WAS,1496.0,,57,48,9
199711070WAS,RS,WAS,1543.0,,59,48,11
199711070WAS,RS,WAS,1577.0,,62,48,14
199711070WAS,RS,WAS,1594.0,,62,49,13
199711070WAS,RS,WAS,1642.0,,64,49,15
199711070WAS,RS,WAS,1667.0,,65,49,16
199711070WAS,RS,WAS,1667.0,,66,49,17
199711070WAS,RS,WAS,1677.0,,66,51,15
199711070WAS,RS,WAS,1694.0,,67,51,16
199711070WAS,RS,WAS,1724.0,,69,51,18
199711070WAS,RS,WAS,1740.0,,71,51,20
199711070WAS,RS,WAS,1740.0,,72,51,21
199711070WAS,RS,WAS,1753.0,,72,53,19
199711070WAS,RS,WAS,1788.0,,72,55,17
199711070WAS,RS,WAS,1810.0,,75,55,20
199711070WAS,RS,WAS,1839.0,,76,55,21
199711070WAS,RS,WAS,1883.0,,78,55,23
199711070WAS,RS,WAS,1910.0,,78,57,21
199711070WAS,RS,WAS,1910.0,,78,58,20
199711070WAS,RS,WAS,1944.0,,78,60,18
199711070WAS,RS,WAS,1969.0,,79,60,19
199711070WAS,RS,WAS,2015.0,,80,60,20
199711070WAS,RS,WAS,2015.0,,81,60,21
199711070WAS,RS,WAS,2036.0,,81,62,19
199711070WAS,RS,WAS,2036.0,,81,63,18
199711070WAS,RS,WAS,2068.0,,81,64,17
199711070WAS,RS,WAS,2068.0,,81,65,16
199711070WAS,RS,WAS,2125.0,,81,67,14
199711070WAS,RS,WAS,2160.0,,81,69,12
199711070WAS,RS,WAS,2198.0,,81,71,10
199711070WAS,RS,WAS,2214.0,,82,71,11
199711070WAS,RS,WAS,2214.0,,83,71,12
199711070WAS,RS,WAS,2240.0,,85,71,14
199711070WAS,RS,WAS,2272.0,,87,71,16
199711070WAS,RS,WAS,2298.0,,88,71,17
199711070WAS,RS,WAS,2298.0,,89,71,18
199711070WAS,RS,WAS,2325.0,,89,74,15
199711070WAS,RS,WAS,2343.0,,91,74,17
199711070WAS,RS,WAS,2367.0,,91,76,15
199711070WAS,RS,WAS,2425.0,,93,76,17
199711070WAS,RS,WAS,2450.0,,93,78,15
199711070WAS,RS,WAS,2469.0,,95,78,17
199711070WAS,RS,WAS,2484.0,,95,79,16
199711070WAS,RS,WAS,2531.0,,95,81,14
199711070WAS,RS,WAS,2551.0,,97,81,16
199711070WAS,RS,WAS,2551.0,,98,81,17
199711070WAS,RS,WAS,2605.0,,98,83,15
199711070WAS,RS,WAS,2621.0,,100,83,17
199711070WAS,RS,WAS,2660.0,,100,85,15
199711070WAS,RS,WAS,2681.0,,102,85,17
199711070WAS,RS,WAS,2720.0,,103,85,18
199711070WAS,RS,WAS,2720.0,,104,85,19
199711070WAS,RS,WAS,2769.0,,104,87,17
199711070WAS,RS,WAS,2806.0,,104,89,15
199711070WAS,RS,WAS,2827.0,,105,89,16
199711070WAS,RS,WAS,2837.0,,105,90,15
199711070WAS,RS,WAS,2845.0,,106,90,16
199711070WAS,RS,WAS,2845.0,F,107,90,17
199711070WAS,RS,WAS,2866.0,,107,92,15
199711080CHH,RS,IND,0.0,,0,0,0
199711080CHH,RS,IND,59.0,,2,0,2
199711080CHH,RS,IND,132.0,,4,0,4
199711080CHH,RS,IND,191.0,,5,0,5
199711080CHH,RS,IND,234.0,,5,2,3
199711080CHH,RS,IND,246.0,,7,2,5
199711080CHH,RS,IND,308.0,,7,4,3
199711080CHH,RS,IND,338.0,,7,6,1
199711080CHH,RS,IND,363.0,,9,6,3
199711080CHH,RS,IND,389.0,,12,6,6
199711080CHH,RS,IND,425.0,,12,8,4
199711080CHH,RS,IND,425.0,,12,9,3
199711080CHH,RS,IND,464.0,,12,11,1
199711080CHH,RS,IND,489.0,,14,11,3
199711080CHH,RS,IND,499.0,,14,13,1
199711080CHH,RS,IND,506.0,,15,13,2
199711080CHH,RS,IND,506.0,,16,13,3
199711080CHH,RS,IND,522.0,,16,15,1
199711080CHH,RS,IND,543.0,,18,15,3
199711080CHH,RS,IND,631.0,,18,16,2
199711080CHH,RS,IND,652.0,T,18,18,0
199711080CHH,RS,IND,671.0,,20,18,2
199711080CHH,RS,IND,685.0,,20,19,1
199711080CHH,RS,IND,685.0,T,20,20,0
199711080CHH,RS,IND,701.0,,22,20,2
199711080CHH,RS,IND,717.0,T,22,22,0
199711080CHH,RS,IND,740.0,,24,22,2
199711080CHH,RS,IND,762.0,T,24,24,0
199711080CHH,RS,IND,780.0,LC,24,25,-1
199711080CHH,RS,IND,830.0,LC,26,25,1
199711080CHH,RS,IND,849.0,LC,26,27,-1
199711080CHH,RS,IND,899.0,,26,29,-3
199711080CHH,RS,IND,953.0,,26,31,-5
199711080CHH,RS,IND,1050.0,,27,31,-4
199711080CHH,RS,IND,1050.0,,28,31,-3
199711080CHH,RS,IND,1069.0,,30,31,-1
199711080CHH,RS,IND,1093.0,,30,33,-3
199711080CHH,RS,IND,1186.0,,32,33,-1
199711080CHH,RS,IND,1186.0,T,33,33,0
199711080CHH,RS,IND,1212.0,LC,35,33,2
199711080CHH,RS,IND,1212.0,,36,33,3
199711080CHH,RS,IND,1228.0,,36,35,1
199711080CHH,RS,IND,1252.0,,37,35,2
199711080CHH,RS,IND,1252.0,,38,35,3
199711080CHH,RS,IND,1307.0,,38,37,1
199711080CHH,RS,IND,1350.0,,40,37,3
199711080CHH,RS,IND,1369.0,,40,39,1
199711080CHH,RS,IND,1404.0,LC,40,41,-1
199711080CHH,RS,IND,1418.0,LC,42,41,1
199711080CHH,RS,IND,1456.0,,44,41,3
199711080CHH,RS,IND,1501.0,,46,41,5
199711080CHH,RS,IND,1576.0,,48,41,7
199711080CHH,RS,IND,1599.0,,48,43,5
199711080CHH,RS,IND,1648.0,,50,43,7
199711080CHH,RS,IND,1686.0,,50,45,5
199711080CHH,RS,IND,1760.0,,50,47,3
199711080CHH,RS,IND,1862.0,,52,47,5
199711080CHH,RS,IND,1874.0,,52,49,3
199711080CHH,RS,IND,1874.0,,52,50,2
199711080CHH,RS,IND,1891.0,,54,50,4
199711080CHH,RS,IND,1934.0,,54,51,3
199711080CHH,RS,IND,1934.0,,54,52,2
199711080CHH,RS,IND,1955.0,,56,52,4
199711080CHH,RS,IND,1975.0,,56,54,2
199711080CHH,RS,IND,1991.0,,58,54,4
199711080CHH,RS,IND,2015.0,,60,54,6
199711080CHH,RS,IND,2015.0,,61,54,7
199711080CHH,RS,IND,2042.0,,61,56,5
199711080CHH,RS,IND,2064.0,,64,56,8
199711080CHH,RS,IND,2109.0,,64,57,7
199711080CHH,RS,IND,2109.0,,64,58,6
199711080CHH,RS,IND,2125.0,,64,60,4
199711080CHH,RS,IND,2227.0,,64,63,1
199711080CHH,RS,IND,2268.0,LC,64,65,-1
199711080CHH,RS,IND,2305.0,LC,66,65,1
199711080CHH,RS,IND,2322.0,LC,66,67,-1
199711080CHH,RS,IND,2370.0,,66,69,-3
199711080CHH,RS,IND,2370.0,,66,70,-4
199711080CHH,RS,IND,2386.0,,68,70,-2
199711080CHH,RS,IND,2444.0,,68,71,-3
199711080CHH,RS,IND,2458.0,,69,71,-2
199711080CHH,RS,IND,2509.0,,69,72,-3
199711080CHH,RS,IND,2539.0,,71,72,-1
199711080CHH,RS,IND,2601.0,,71,74,-3
199711080CHH,RS,IND,2624.0,,72,74,-2
199711080CHH,RS,IND,2634.0,,72,76,-4
199711080CHH,RS,IND,2662.0,,74,76,-2
199711080CHH,RS,IND,2704.0,T,76,76,0
199711080CHH,RS,IND,2704.0,LC,77,76,1
199711080CHH,RS,IND,2739.0,,79,76,3
199711080CHH,RS,IND,2762.0,,79,77,2
199711080CHH,RS,IND,2785.0,,80,77,3
199711080CHH,RS,IND,2785.0,,81,77,4
199711080CHH,RS,IND,2797.0,,81,78,3
199711080CHH,RS,IND,2797.0,,81,79,2
199711080CHH,RS,IND,2822.0,,83,79,4
199711080CHH,RS,IND,2840.0,,83,82,1
199711080CHH,RS,IND,2860.0,,85,82,3
199711080CHH,RS,IND,2867.0,,86,82,4
199711080CHH,RS,IND,2867.0,,87,82,5
199711080CHH,RS,IND,2874.0,,88,82,6
199711080CHH,RS,IND,2874.0,F,89,82,7
199711080CHH,RS,IND,2880.0,,89,82,7
199711140CHI,RS,CHI,0.0,,0,0,0
199711140CHI,RS,CHI,13.0,,2,0,2
199711140CHI,RS,CHI,37.0,T,2,2,0
199711140CHI,RS,CHI,61.0,,4,2,2
199711140CHI,RS,CHI,104.0,,4,3,1
199711140CHI,RS,CHI,104.0,T,4,4,0
199711140CHI,RS,CHI,115.0,,6,4,2
199711140CHI,RS,CHI,221.0,T,6,6,0
199711140CHI,RS,CHI,261.0,LC,6,7,-1
199711140CHI,RS,CHI,261.0,,6,8,-2
199711140CHI,RS,CHI,293.0,T,8,8,0
199711140CHI,RS,CHI,308.0,,8,10,-2
199711140CHI,RS,CHI,337.0,,8,13,-5
199711140CHI,RS,CHI,356.0,,10,13,-3
199711140CHI,RS,CHI,372.0,,10,15,-5
199711140CHI,RS,CHI,406.0,,10,17,-7
199711140CHI,RS,CHI,423.0,,13,17,-4
199711140CHI,RS,CHI,439.0,,13,19,-6
199711140CHI,RS,CHI,446.0,,15,19,-4
199711140CHI,RS,CHI,465.0,,15,21,-6
199711140CHI,RS,CHI,475.0,,17,21,-4
199711140CHI,RS,CHI,487.0,,17,23,-6
199711140CHI,RS,CHI,505.0,,17,24,-7
199711140CHI,RS,CHI,505.0,,17,25,-8
199711140CHI,RS,CHI,534.0,,17,27,-10
199711140CHI,RS,CHI,586.0,,19,27,-8
199711140CHI,RS,CHI,600.0,,19,28,-9
199711140CHI,RS,CHI,600.0,,19,29,-10
199711140CHI,RS,CHI,621.0,,21,29,-8
199711140CHI,RS,CHI,638.0,,21,31,-10
199711140CHI,RS,CHI,661.0,,23,31,-8
199711140CHI,RS,CHI,674.0,,23,33,-10
199711140CHI,RS,CHI,679.0,,24,33,-9
199711140CHI,RS,CHI,679.0,,25,33,-8
199711140CHI,RS,CHI,714.0,,25,35,-10
199711140CHI,RS,CHI,734.0,,25,37,-12
199711140CHI,RS,CHI,757.0,,26,37,-11
199711140CHI,RS,CHI,757.0,,27,37,-10
199711140CHI,RS,CHI,769.0,,27,38,-11
199711140CHI,RS,CHI,769.0,,27,39,-12
199711140CHI,RS,CHI,808.0,,27,41,-14
199711140CHI,RS,CHI,826.0,,29,41,-12
199711140CHI,RS,CHI,862.0,,29,44,-15
199711140CHI,RS,CHI,920.0,,29,46,-17
199711140CHI,RS,CHI,950.0,,31,46,-15
199711140CHI,RS,CHI,957.0,,31,47,-16
199711140CHI,RS,CHI,957.0,,31,48,-17
199711140CHI,RS,CHI,1052.0,,31,51,-20
199711140CHI,RS,CHI,1074.0,,33,51,-18
199711140CHI,RS,CHI,1121.0,,35,51,-16
199711140CHI,RS,CHI,1140.0,,35,53,-18
199711140CHI,RS,CHI,1175.0,,37,53,-16
199711140CHI,RS,CHI,1249.0,,37,55,-18
199711140CHI,RS,CHI,1262.0,,39,55,-16
199711140CHI,RS,CHI,1306.0,,41,55,-14
199711140CHI,RS,CHI,1373.0,,43,55,-12
199711140CHI,RS,CHI,1435.0,,45,55,-10
199711140CHI,RS,CHI,1440.0,,45,57,-12
199711140CHI,RS,CHI,1489.0,,47,57,-10
199711140CHI,RS,CHI,1508.0,,47,59,-12
199711140CHI,RS,CHI,1545.0,,47,61,-14
199711140CHI,RS,CHI,1567.0,,49,61,-12
199711140CHI,RS,CHI,1595.0,,49,64,-15
199711140CHI,RS,CHI,1615.0,,51,64,-13
199711140CHI,RS,CHI,1636.0,,51,66,-15
199711140CHI,RS,CHI,1673.0,,51,67,-16
199711140CHI,RS,CHI,1673.0,,51,68,-17
199711140CHI,RS,CHI,1696.0,,53,68,-15
199711140CHI,RS,CHI,1708.0,,53,70,-17
199711140CHI,RS,CHI,1734.0,,54,70,-16
199711140CHI,RS,CHI,1754.0,,54,72,-18
199711140CHI,RS,CHI,1766.0,,56,72,-16
199711140CHI,RS,CHI,1787.0,,56,74,-18
199711140CHI,RS,CHI,1859.0,,57,74,-17
199711140CHI,RS,CHI,1877.0,,57,77,-20
199711140CHI,RS,CHI,1893.0,,58,77,-19
199711140CHI,RS,CHI,1911.0,,60,77,-17
199711140CHI,RS,CHI,1923.0,,60,79,-19
199711140CHI,RS,CHI,1951.0,,60,81,-21
199711140CHI,RS,CHI,1966.0,,62,81,-19
199711140CHI,RS,CHI,1984.0,,62,83,-21
199711140CHI,RS,CHI,2123.0,,64,83,-19
199711140CHI,RS,CHI,2175.0,,66,83,-17
199711140CHI,RS,CHI,2210.0,,66,85,-19
199711140CHI,RS,CHI,2222.0,,66,86,-20
199711140CHI,RS,CHI,2222.0,,66,87,-21
199711140CHI,RS,CHI,2246.0,,66,89,-23
199711140CHI,RS,CHI,2305.0,,67,89,-22
199711140CHI,RS,CHI,2305.0,,68,89,-21
199711140CHI,RS,CHI,2328.0,,69,89,-20
199711140CHI,RS,CHI,2328.0,,70,89,-19
199711140CHI,RS,CHI,2343.0,,72,89,-17
199711140CHI,RS,CHI,2369.0,,74,89,-15
199711140CHI,RS,CHI,2397.0,,74,91,-17
199711140CHI,RS,CHI,2403.0,,76,91,-15
199711140CHI,RS,CHI,2428.0,,78,91,-13
199711140CHI,RS,CHI,2448.0,,78,93,-15
199711140CHI,RS,CHI,2521.0,,78,94,-16
199711140CHI,RS,CHI,2521.0,,78,95,-17
199711140CHI,RS,CHI,2563.0,,78,97,-19
199711140CHI,RS,CHI,2596.0,,80,97,-17
199711140CHI,RS,CHI,2636.0,,82,97,-15
199711140CHI,RS,CHI,2662.0,,82,99,-17
199711140CHI,RS,CHI,2683.0,,83,99,-16
199711140CHI,RS,CHI,2683.0,,84,99,-15
199711140CHI,RS,CHI,2700.0,,84,101,-17
199711140CHI,RS,CHI,2732.0,,86,101,-15
199711140CHI,RS,CHI,2754.0,,88,101,-13
199711140CHI,RS,CHI,2832.0,,88,103,-15
199711140CHI,RS,CHI,2851.0,,90,103,-13
199711140CHI,RS,CHI,2853.0,,90,105,-15
199711140CHI,RS,CHI,2857.0,F,92,105,-13
199711140CHI,RS,CHI,2880.0,,92,105,-13
199711150CHH,RS,LAC,0.0,,0,0,0
199711150CHH,RS,LAC,21.0,,2,0,2
199711150CHH,RS,LAC,46.0,,5,0,5
199711150CHH,RS,LAC,61.0,,8,0,8
199711150CHH,RS,LAC,130.0,,10,0,10
199711150CHH,RS,LAC,157.0,,12,0,12
199711150CHH,RS,LAC,179.0,,12,2,10
199711150CHH,RS,LAC,205.0,,12,4,8
199711150CHH,RS,LAC,222.0,,14,4,10
199711150CHH,RS,LAC,248.0,,16,4,12
199711150CHH,RS,LAC,248.0,,17,4,13
199711150CHH,RS,LAC,277.0,,19,4,15
199711150CHH,RS,LAC,299.0,,21,4,17
199711150CHH,RS,LAC,316.0,,21,5,16
199711150CHH,RS,LAC,316.0,,21,6,15
199711150CHH,RS,LAC,332.0,,23,6,17
199711150CHH,RS,LAC,344.0,,23,9,14
199711150CHH,RS,LAC,360.0,,26,9,17
199711150CHH,RS,LAC,372.0,,26,11,15
199711150CHH,RS,LAC,406.0,,26,12,14
199711150CHH,RS,LAC,406.0,,26,13,13
199711150CHH,RS,LAC,463.0,,26,14,12
199711150CHH,RS,LAC,469.0,,26,16,10
199711150CHH,RS,LAC,488.0,,26,17,9
199711150CHH,RS,LAC,488.0,,26,18,8
199711150CHH,RS,LAC,501.0,,28,18,10
199711150CHH,RS,LAC,501.0,,29,18,11
199711150CHH,RS,LAC,518.0,,31,18,13
199711150CHH,RS,LAC,529.0,,31,21,10
199711150CHH,RS,LAC,576.0,,33,21,12
199711150CHH,RS,LAC,582.0,,33,23,10
199711150CHH,RS,LAC,627.0,,33,26,7
199711150CHH,RS,LAC,640.0,,34,26,8
199711150CHH,RS,LAC,670.0,,36,26,10
199711150CHH,RS,LAC,685.0,,36,27,9
199711150CHH,RS,LAC,685.0,,36,28,8
199711150CHH,RS,LAC,700.0,,38,28,10
199711150CHH,RS,LAC,715.0,,38,30,8
199711150CHH,RS,LAC,720.0,,41,30,11
199711150CHH,RS,LAC,756.0,,43,30,13
199711150CHH,RS,LAC,767.0,,43,32,11
199711150CHH,RS,LAC,767.0,,43,33,10
199711150CHH,RS,LAC,832.0,,43,35,8
199711150CHH,RS,LAC,856.0,,44,35,9
199711150CHH,RS,LAC,873.0,,44,37,7
199711150CHH,RS,LAC,886.0,,44,39,5
199711150CHH,RS,LAC,911.0,,47,39,8
199711150CHH,RS,LAC,942.0,,47,41,6
199711150CHH,RS,LAC,970.0,,49,41,8
199711150CHH,RS,LAC,1004.0,,49,43,6
199711150CHH,RS,LAC,1011.0,,51,43,8
199711150CHH,RS,LAC,1065.0,,53,43,10
199711150CHH,RS,LAC,1119.0,,55,43,12
199711150CHH,RS,LAC,1179.0,,55,44,11
199711150CHH,RS,LAC,1179.0,,55,45,10
199711150CHH,RS,LAC,1268.0,,57,45,12
199711150CHH,RS,LAC,1322.0,,57,46,11
199711150CHH,RS,LAC,1336.0,,58,46,12
199711150CHH,RS,LAC,1346.0,,58,48,10
199711150CHH,RS,LAC,1394.0,,59,48,11
199711150CHH,RS,LAC,1394.0,,60,48,12
199711150CHH,RS,LAC,1410.0,,60,49,11
199711150CHH,RS,LAC,1410.0,,60,50,10
199711150CHH,RS,LAC,1434.0,,61,50,11
199711150CHH,RS,LAC,1434.0,,62,50,12
199711150CHH,RS,LAC,1488.0,,63,50,13
199711150CHH,RS,LAC,1488.0,,64,50,14
199711150CHH,RS,LAC,1517.0,,64,52,12
199711150CHH,RS,LAC,1552.0,,66,52,14
199711150CHH,RS,LAC,1569.0,,66,55,11
199711150CHH,RS,LAC,1608.0,,68,55,13
199711150CHH,RS,LAC,1608.0,,69,55,14
199711150CHH,RS,LAC,1630.0,,69,57,12
199711150CHH,RS,LAC,1642.0,,71,57,14
199711150CHH,RS,LAC,1665.0,,73,57,16
199711150CHH,RS,LAC,1693.0,,75,57,18
199711150CHH,RS,LAC,1716.0,,75,59,16
199711150CHH,RS,LAC,1733.0,,77,59,18
199711150CHH,RS,LAC,1759.0,,77,61,16
199711150CHH,RS,LAC,1795.0,,77,63,14
199711150CHH,RS,LAC,1830.0,,77,65,12
199711150CHH,RS,LAC,1851.0,,79,65,14
199711150CHH,RS,LAC,1884.0,,79,66,13
199711150CHH,RS,LAC,1884.0,,79,67,12
199711150CHH,RS,LAC,1891.0,,80,67,13
199711150CHH,RS,LAC,1891.0,,81,67,14
199711150CHH,RS,LAC,1917.0,,83,67,16
199711150CHH,RS,LAC,1930.0,,83,68,15
199711150CHH,RS,LAC,1930.0,,83,69,14
199711150CHH,RS,LAC,1939.0,,85,69,16
199711150CHH,RS,LAC,2013.0,,87,69,18
199711150CHH,RS,LAC,2051.0,,87,70,17
199711150CHH,RS,LAC,2067.0,,88,70,18
199711150CHH,RS,LAC,2067.0,,89,70,19
199711150CHH,RS,LAC,2087.0,,89,72,17
199711150CHH,RS,LAC,2094.0,,92,72,20
199711150CHH,RS,LAC,2120.0,,94,72,22
199711150CHH,RS,LAC,2157.0,,96,72,24
199711150CHH,RS,LAC,2159.0,,96,73,23
199711150CHH,RS,LAC,2159.0,,96,74,22
199711150CHH,RS,LAC,2159.0,,97,74,23
199711150CHH,RS,LAC,2159.0,,98,74,24
199711150CHH,RS,LAC,2216.0,,98,77,21
199711150CHH,RS,LAC,2275.0,,100,77,23
199711150CHH,RS,LAC,2281.0,,100,78,22
199711150CHH,RS,LAC,2281.0,,100,79,21
199711150CHH,RS,LAC,2292.0,,102,79,23
199711150CHH,RS,LAC,2310.0,,103,79,24
199711150CHH,RS,LAC,2310.0,,104,79,25
199711150CHH,RS,LAC,2384.0,,107,79,28
199711150CHH,RS,LAC,2402.0,,107,80,27
199711150CHH,RS,LAC,2447.0,,109,80,29
199711150CHH,RS,LAC,2484.0,,111,80,31
199711150CHH,RS,LAC,2498.0,,111,81,30
199711150CHH,RS,LAC,2515.0,,113,81,32
199711150CHH,RS,LAC,2523.0,,113,83,30
199711150CHH,RS,LAC,2540.0,,115,83,32
199711150CHH,RS,LAC,2580.0,,115,86,29
199711150CHH,RS,LAC,2599.0,,117,86,31
199711150CHH,RS,LAC,2612.0,,117,87,30
199711150CHH,RS,LAC,2612.0,,117,88,29
199711150CHH,RS,LAC,2645.0,,119,88,31
199711150CHH,RS,LAC,2670.0,,119,89,30
199711150CHH,RS,LAC,2670.0,,119,90,29
199711150CHH,RS,LAC,2689.0,,121,90,31
199711150CHH,RS,LAC,2698.0,,121,92,29
199711150CHH,RS,LAC,2716.0,,122,92,30
199711150CHH,RS,LAC,2777.0,,124,92,32
199711150CHH,RS,LAC,2820.0,,126,92,34
199711150CHH,RS,LAC,2832.0,,126,94,32
199711150CHH,RS,LAC,2838.0,,128,94,34
199711150CHH,RS,LAC,2848.0,,128,96,32
199711150CHH,RS,LAC,2868.0,F,130,96,34
199711150CHH,RS,LAC,2880.0,,130,96,34
199711190CHH,RS,POR,0.0,,0,0,0
199711190CHH,RS,POR,14.0,,1,0,1
199711190CHH,RS,POR,65.0,,2,0,2
199711190CHH,RS,POR,65.0,,3,0,3
199711190CHH,RS,POR,88.0,,5,0,5
199711190CHH,RS,POR,173.0,,7,0,7
199711190CHH,RS,POR,194.0,,7,2,5
199711190CHH,RS,POR,194.0,,7,3,4
199711190CHH,RS,POR,218.0,,7,4,3
199711190CHH,RS,POR,218.0,,7,5,2
199711190CHH,RS,POR,253.0,T,7,7,0
199711190CHH,RS,POR,263.0,,9,7,2
199711190CHH,RS,POR,301.0,,11,7,4
199711190CHH,RS,POR,316.0,,11,9,2
199711190CHH,RS,POR,369.0,,12,9,3
199711190CHH,RS,POR,401.0,,12,11,1
199711190CHH,RS,POR,413.0,,13,11,2
199711190CHH,RS,POR,413.0,,14,11,3
199711190CHH,RS,POR,437.0,,16,11,5
199711190CHH,RS,POR,458.0,,16,13,3
199711190CHH,RS,POR,466.0,,18,13,5
199711190CHH,RS,POR,490.0,,20,13,7
199711190CHH,RS,POR,507.0,,20,15,5
199711190CHH,RS,POR,533.0,,22,15,7
199711190CHH,RS,POR,549.0,,22,17,5
199711190CHH,RS,POR,586.0,,24,17,7
199711190CHH,RS,POR,624.0,,25,17,8
199711190CHH,RS,POR,624.0,,26,17,9
199711190CHH,RS,POR,657.0,,28,17,11
199711190CHH,RS,POR,732.0,,28,18,10
199711190CHH,RS,POR,732.0,,28,19,9
199711190CHH,RS,POR,752.0,,28,20,8
199711190CHH,RS,POR,759.0,,31,20,11
199711190CHH,RS,POR,775.0,,31,22,9
199711190CHH,RS,POR,801.0,,31,24,7
199711190CHH,RS,POR,813.0,,31,26,5
199711190CHH,RS,POR,830.0,,32,26,6
199711190CHH,RS,POR,884.0,,32,28,4
199711190CHH,RS,POR,909.0,,34,28,6
199711190CHH,RS,POR,924.0,,34,30,4
199711190CHH,RS,POR,942.0,,35,30,5
199711190CHH,RS,POR,963.0,,35,32,3
199711190CHH,RS,POR,998.0,,35,34,1
199711190CHH,RS,POR,1013.0,,37,34,3
199711190CHH,RS,POR,1031.0,,37,36,1
199711190CHH,RS,POR,1043.0,,40,36,4
199711190CHH,RS,POR,1139.0,,40,38,2
199711190CHH,RS,POR,1174.0,T,40,40,0
199711190CHH,RS,POR,1187.0,,42,40,2
199711190CHH,RS,POR,1209.0,,43,40,3
199711190CHH,RS,POR,1223.0,,43,42,1
199711190CHH,RS,POR,1255.0,LC,43,44,-1
199711190CHH,RS,POR,1284.0,,43,46,-3
199711190CHH,RS,POR,1294.0,,45,46,-1
199711190CHH,RS,POR,1325.0,LC,47,46,1
199711190CHH,RS,POR,1358.0,,48,46,2
199711190CHH,RS,POR,1375.0,,48,47,1
199711190CHH,RS,POR,1384.0,,49,47,2
199711190CHH,RS,POR,1384.0,,50,47,3
199711190CHH,RS,POR,1393.0,,50,48,2
199711190CHH,RS,POR,1393.0,,50,49,1
199711190CHH,RS,POR,1417.0,,52,49,3
199711190CHH,RS,POR,1437.0,,52,51,1
199711190CHH,RS,POR,1453.0,LC,52,53,-1
199711190CHH,RS,POR,1582.0,LC,55,53,2
199711190CHH,RS,POR,1597.0,T,55,55,0
199711190CHH,RS,POR,1604.0,,56,55,1
199711190CHH,RS,POR,1612.0,,57,55,2
199711190CHH,RS,POR,1612.0,,58,55,3
199711190CHH,RS,POR,1629.0,,60,55,5
199711190CHH,RS,POR,1656.0,,60,57,3
199711190CHH,RS,POR,1725.0,,60,59,1
199711190CHH,RS,POR,1750.0,,62,59,3
199711190CHH,RS,POR,1774.0,,64,59,5
199711190CHH,RS,POR,1774.0,,65,59,6
199711190CHH,RS,POR,1774.0,,66,59,7
199711190CHH,RS,POR,1799.0,,68,59,9
199711190CHH,RS,POR,1811.0,,68,60,8
199711190CHH,RS,POR,1841.0,,69,60,9
199711190CHH,RS,POR,1841.0,,70,60,10
199711190CHH,RS,POR,1877.0,,72,60,12
199711190CHH,RS,POR,1890.0,,72,62,10
199711190CHH,RS,POR,1918.0,,74,62,12
199711190CHH,RS,POR,1932.0,,74,64,10
199711190CHH,RS,POR,1954.0,,77,64,13
199711190CHH,RS,POR,1972.0,,77,66,11
199711190CHH,RS,POR,1998.0,,77,69,8
199711190CHH,RS,POR,2123.0,,79,69,10
199711190CHH,RS,POR,2157.0,,79,71,8
199711190CHH,RS,POR,2178.0,,81,71,10
199711190CHH,RS,POR,2224.0,,83,71,12
199711190CHH,RS,POR,2250.0,,85,71,14
199711190CHH,RS,POR,2282.0,,85,72,13
199711190CHH,RS,POR,2282.0,,85,73,12
199711190CHH,RS,POR,2300.0,,88,73,15
199711190CHH,RS,POR,2330.0,,90,73,17
199711190CHH,RS,POR,2378.0,,90,74,16
199711190CHH,RS,POR,2407.0,,90,75,15
199711190CHH,RS,POR,2407.0,,90,76,14
199711190CHH,RS,POR,2436.0,,92,76,16
199711190CHH,RS,POR,2456.0,,92,79,13
199711190CHH,RS,POR,2477.0,,94,79,15
199711190CHH,RS,POR,2495.0,,94,81,13
199711190CHH,RS,POR,2526.0,,94,83,11
199711190CHH,RS,POR,2576.0,,96,83,13
199711190CHH,RS,POR,2630.0,,96,85,11
199711190CHH,RS,POR,2663.0,,96,88,8
199711190CHH,RS,POR,2681.0,,97,88,9
199711190CHH,RS,POR,2681.0,,98,88,10
199711190CHH,RS,POR,2693.0,,98,90,8
199711190CHH,RS,POR,2702.0,,99,90,9
199711190CHH,RS,POR,2709.0,,99,92,7
199711190CHH,RS,POR,2734.0,,102,92,10
199711190CHH,RS,POR,2771.0,,104,92,12
199711190CHH,RS,POR,2816.0,F,106,92,14
199711190CHH,RS,POR,2878.0,,106,92,14
199711210CHH,RS,MIA,0.0,,0,0,0
199711210CHH,RS,MIA,26.0,,2,0,2
199711210CHH,RS,MIA,50.0,,4,0,4
199711210CHH,RS,MIA,67.0,,4,2,2
199711210CHH,RS,MIA,89.0,,6,2,4
199711210CHH,RS,MIA,136.0,,6,4,2
199711210CHH,RS,MIA,148.0,,8,4,4
199711210CHH,RS,MIA,162.0,,8,6,2
199711210CHH,RS,MIA,177.0,,10,6,4
199711210CHH,RS,MIA,216.0,,10,8,2
199711210CHH,RS,MIA,229.0,,12,8,4
199711210CHH,RS,MIA,281.0,,12,11,1
199711210CHH,RS,MIA,304.0,LC,12,13,-1
199711210CHH,RS,MIA,304.0,,12,14,-2
199711210CHH,RS,MIA,321.0,LC,15,14,1
199711210CHH,RS,MIA,344.0,LC,15,16,-1
199711210CHH,RS,MIA,369.0,LC,17,16,1
199711210CHH,RS,MIA,373.0,LC,17,18,-1
199711210CHH,RS,MIA,388.0,LC,19,18,1
199711210CHH,RS,MIA,413.0,,21,18,3
199711210CHH,RS,MIA,420.0,,21,20,1
199711210CHH,RS,MIA,431.0,,22,20,2
199711210CHH,RS,MIA,453.0,T,22,22,0
199711210CHH,RS,MIA,528.0,,24,22,2
199711210CHH,RS,MIA,555.0,LC,24,25,-1
199711210CHH,RS,MIA,607.0,LC,26,25,1
199711210CHH,RS,MIA,635.0,LC,26,27,-1
199711210CHH,RS,MIA,668.0,,26,29,-3
199711210CHH,RS,MIA,687.0,,28,29,-1
199711210CHH,RS,MIA,700.0,,28,32,-4
199711210CHH,RS,MIA,754.0,,31,32,-1
199711210CHH,RS,MIA,785.0,LC,34,32,2
199711210CHH,RS,MIA,801.0,T,34,34,0
199711210CHH,RS,MIA,823.0,,35,34,1
199711210CHH,RS,MIA,913.0,LC,35,36,-1
199711210CHH,RS,MIA,926.0,LC,37,36,1
199711210CHH,RS,MIA,926.0,,38,36,2
199711210CHH,RS,MIA,941.0,LC,38,39,-1
199711210CHH,RS,MIA,956.0,T,39,39,0
199711210CHH,RS,MIA,956.0,LC,40,39,1
199711210CHH,RS,MIA,971.0,LC,40,41,-1
199711210CHH,RS,MIA,1017.0,,40,42,-2
199711210CHH,RS,MIA,1017.0,,40,43,-3
199711210CHH,RS,MIA,1051.0,,41,43,-2
199711210CHH,RS,MIA,1051.0,,42,43,-1
199711210CHH,RS,MIA,1089.0,T,43,43,0
199711210CHH,RS,MIA,1112.0,,43,45,-2
199711210CHH,RS,MIA,1142.0,,43,47,-4
199711210CHH,RS,MIA,1164.0,,45,47,-2
199711210CHH,RS,MIA,1190.0,,45,49,-4
199711210CHH,RS,MIA,1245.0,,45,51,-6
199711210CHH,RS,MIA,1256.0,,46,51,-5
199711210CHH,RS,MIA,1256.0,,47,51,-4
199711210CHH,RS,MIA,1276.0,,47,54,-7
199711210CHH,RS,MIA,1298.0,,49,54,-5
199711210CHH,RS,MIA,1329.0,,52,54,-2
199711210CHH,RS,MIA,1383.0,,52,55,-3
199711210CHH,RS,MIA,1383.0,,52,56,-4
199711210CHH,RS,MIA,1440.0,,54,56,-2
199711210CHH,RS,MIA,1455.0,,54,58,-4
199711210CHH,RS,MIA,1471.0,,56,58,-2
199711210CHH,RS,MIA,1488.0,,56,60,-4
199711210CHH,RS,MIA,1527.0,,58,60,-2
199711210CHH,RS,MIA,1581.0,T,60,60,0
199711210CHH,RS,MIA,1609.0,LC,61,60,1
199711210CHH,RS,MIA,1609.0,,62,60,2
199711210CHH,RS,MIA,1663.0,,64,60,4
199711210CHH,RS,MIA,1675.0,,64,62,2
199711210CHH,RS,MIA,1728.0,,67,62,5
199711210CHH,RS,MIA,1773.0,,67,64,3
199711210CHH,RS,MIA,1832.0,,67,66,1
199711210CHH,RS,MIA,1852.0,,69,66,3
199711210CHH,RS,MIA,1889.0,,71,66,5
199711210CHH,RS,MIA,1897.0,,71,68,3
199711210CHH,RS,MIA,1897.0,,71,69,2
199711210CHH,RS,MIA,1917.0,,72,69,3
199711210CHH,RS,MIA,1917.0,,73,69,4
199711210CHH,RS,MIA,1981.0,,73,72,1
199711210CHH,RS,MIA,1997.0,,75,72,3
199711210CHH,RS,MIA,2018.0,,75,74,1
199711210CHH,RS,MIA,2056.0,LC,75,76,-1
199711210CHH,RS,MIA,2090.0,,75,78,-3
199711210CHH,RS,MIA,2103.0,,77,78,-1
199711210CHH,RS,MIA,2119.0,,77,81,-4
199711210CHH,RS,MIA,2130.0,,78,81,-3
199711210CHH,RS,MIA,2130.0,,79,81,-2
199711210CHH,RS,MIA,2149.0,,79,82,-3
199711210CHH,RS,MIA,2149.0,,79,83,-4
199711210CHH,RS,MIA,2175.0,,81,83,-2
199711210CHH,RS,MIA,2192.0,,81,85,-4
199711210CHH,RS,MIA,2207.0,,82,85,-3
199711210CHH,RS,MIA,2299.0,,82,86,-4
199711210CHH,RS,MIA,2310.0,,84,86,-2
199711210CHH,RS,MIA,2330.0,,84,89,-5
199711210CHH,RS,MIA,2380.0,,86,89,-3
199711210CHH,RS,MIA,2424.0,,87,89,-2
199711210CHH,RS,MIA,2440.0,,87,90,-3
199711210CHH,RS,MIA,2440.0,,87,91,-4
199711210CHH,RS,MIA,2454.0,,89,91,-2
199711210CHH,RS,MIA,2483.0,T,91,91,0
199711210CHH,RS,MIA,2505.0,LC,92,91,1
199711210CHH,RS,MIA,2505.0,,93,91,2
199711210CHH,RS,MIA,2534.0,,95,91,4
199711210CHH,RS,MIA,2550.0,,95,93,2
199711210CHH,RS,MIA,2573.0,,97,93,4
199711210CHH,RS,MIA,2623.0,,97,95,2
199711210CHH,RS,MIA,2623.0,,97,96,1
199711210CHH,RS,MIA,2635.0,,98,96,2
199711210CHH,RS,MIA,2662.0,,100,96,4
199711210CHH,RS,MIA,2698.0,,102,96,6
199711210CHH,RS,MIA,2709.0,,102,97,5
199711210CHH,RS,MIA,2709.0,,102,98,4
199711210CHH,RS,MIA,2724.0,,104,98,6
199711210CHH,RS,MIA,2751.0,,107,98,9
199711210CHH,RS,MIA,2790.0,,109,98,11
199711210CHH,RS,MIA,2812.0,,110,98,12
199711210CHH,RS,MIA,2818.0,,110,100,10
199711210CHH,RS,MIA,2826.0,,111,100,11
199711210CHH,RS,MIA,2826.0,,112,100,12
199711210CHH,RS,MIA,2847.0,,114,100,14
199711210CHH,RS,MIA,2847.0,,115,100,15
199711210CHH,RS,MIA,2853.0,,115,101,14
199711210CHH,RS,MIA,2853.0,,115,102,13
199711210CHH,RS,MIA,2866.0,F,117,102,15
199711210CHH,RS,MIA,2875.0,,119,102,17
199711220IND,RS,IND,0.0,,0,0,0
199711220IND,RS,IND,2.0,,0,2,-2
199711220IND,RS,IND,50.0,T,2,2,0
199711220IND,RS,IND,90.0,LC,3,2,1
199711220IND,RS,IND,90.0,,4,2,2
199711220IND,RS,IND,115.0,,6,2,4
199711220IND,RS,IND,169.0,,8,2,6
199711220IND,RS,IND,187.0,,8,4,4
199711220IND,RS,IND,205.0,,8,6,2
199711220IND,RS,IND,228.0,,10,6,4
199711220IND,RS,IND,256.0,,13,6,7
199711220IND,RS,IND,278.0,,13,8,5
199711220IND,RS,IND,289.0,,15,8,7
199711220IND,RS,IND,372.0,,17,8,9
199711220IND,RS,IND,409.0,,17,10,7
199711220IND,RS,IND,434.0,,19,10,9
199711220IND,RS,IND,445.0,,19,11,8
199711220IND,RS,IND,445.0,,19,12,7
199711220IND,RS,IND,453.0,,20,12,8
199711220IND,RS,IND,494.0,,20,14,6
199711220IND,RS,IND,548.0,,21,14,7
199711220IND,RS,IND,581.0,,21,16,5
199711220IND,RS,IND,599.0,,22,16,6
199711220IND,RS,IND,599.0,,23,16,7
199711220IND,RS,IND,659.0,,25,16,9
199711220IND,RS,IND,673.0,,25,18,7
199711220IND,RS,IND,679.0,,26,18,8
199711220IND,RS,IND,679.0,,27,18,9
199711220IND,RS,IND,717.0,,28,18,10
199711220IND,RS,IND,717.0,,29,18,11
199711220IND,RS,IND,717.0,,30,18,12
199711220IND,RS,IND,752.0,,31,18,13
199711220IND,RS,IND,752.0,,32,18,14
199711220IND,RS,IND,770.0,,32,19,13
199711220IND,RS,IND,770.0,,32,20,12
199711220IND,RS,IND,786.0,,33,20,13
199711220IND,RS,IND,786.0,,34,20,14
199711220IND,RS,IND,821.0,,36,20,16
199711220IND,RS,IND,827.0,,36,22,14
199711220IND,RS,IND,842.0,,37,22,15
199711220IND,RS,IND,856.0,,37,25,12
199711220IND,RS,IND,890.0,,39,25,14
199711220IND,RS,IND,919.0,,39,26,13
199711220IND,RS,IND,944.0,,39,27,12
199711220IND,RS,IND,987.0,,39,29,10
199711220IND,RS,IND,1007.0,,42,29,13
199711220IND,RS,IND,1082.0,,42,31,11
199711220IND,RS,IND,1098.0,,43,31,12
199711220IND,RS,IND,1114.0,,45,31,14
199711220IND,RS,IND,1137.0,,47,31,16
199711220IND,RS,IND,1151.0,,47,32,15
199711220IND,RS,IND,1168.0,,49,32,17
199711220IND,RS,IND,1204.0,,51,32,19
199711220IND,RS,IND,1224.0,,51,34,17
199711220IND,RS,IND,1245.0,,52,34,18
199711220IND,RS,IND,1245.0,,53,34,19
199711220IND,RS,IND,1258.0,,53,35,18
199711220IND,RS,IND,1258.0,,53,36,17
199711220IND,RS,IND,1279.0,,55,36,19
199711220IND,RS,IND,1326.0,,55,37,18
199711220IND,RS,IND,1326.0,,55,38,17
199711220IND,RS,IND,1346.0,,56,38,18
199711220IND,RS,IND,1346.0,,57,38,19
199711220IND,RS,IND,1357.0,,57,39,18
199711220IND,RS,IND,1357.0,,57,40,17
199711220IND,RS,IND,1383.0,,57,43,14
199711220IND,RS,IND,1405.0,,57,45,12
199711220IND,RS,IND,1517.0,,59,45,14
199711220IND,RS,IND,1581.0,,61,45,16
199711220IND,RS,IND,1605.0,,61,47,14
199711220IND,RS,IND,1626.0,,63,47,16
199711220IND,RS,IND,1643.0,,63,49,14
199711220IND,RS,IND,1666.0,,65,49,16
199711220IND,RS,IND,1752.0,,67,49,18
199711220IND,RS,IND,1770.0,,67,51,16
199711220IND,RS,IND,1826.0,,67,53,14
199711220IND,RS,IND,1848.0,,69,53,16
199711220IND,RS,IND,1870.0,,69,55,14
199711220IND,RS,IND,1916.0,,69,56,13
199711220IND,RS,IND,1916.0,,69,57,12
199711220IND,RS,IND,1973.0,,69,59,10
199711220IND,RS,IND,1997.0,,70,59,11
199711220IND,RS,IND,2047.0,,70,61,9
199711220IND,RS,IND,2075.0,,72,61,11
199711220IND,RS,IND,2101.0,,75,61,14
199711220IND,RS,IND,2112.0,,75,63,12
199711220IND,RS,IND,2157.0,,75,65,10
199711220IND,RS,IND,2235.0,,75,67,8
199711220IND,RS,IND,2261.0,,77,67,10
199711220IND,RS,IND,2331.0,,77,68,9
199711220IND,RS,IND,2331.0,,77,69,8
199711220IND,RS,IND,2358.0,,79,69,10
199711220IND,RS,IND,2372.0,,79,70,9
199711220IND,RS,IND,2384.0,,81,70,11
199711220IND,RS,IND,2402.0,,81,71,10
199711220IND,RS,IND,2402.0,,81,72,9
199711220IND,RS,IND,2421.0,,83,72,11
199711220IND,RS,IND,2428.0,,83,73,10
199711220IND,RS,IND,2451.0,,83,75,8
199711220IND,RS,IND,2487.0,,83,77,6
199711220IND,RS,IND,2502.0,,85,77,8
199711220IND,RS,IND,2550.0,,87,77,10
199711220IND,RS,IND,2559.0,,87,78,9
199711220IND,RS,IND,2559.0,,87,79,8
199711220IND,RS,IND,2559.0,,87,80,7
199711220IND,RS,IND,2587.0,,87,81,6
199711220IND,RS,IND,2587.0,,87,82,5
199711220IND,RS,IND,2587.0,,87,83,4
199711220IND,RS,IND,2614.0,,87,84,3
199711220IND,RS,IND,2614.0,,87,85,2
199711220IND,RS,IND,2647.0,T,87,87,0
199711220IND,RS,IND,2670.0,,88,87,1
199711220IND,RS,IND,2670.0,,89,87,2
199711220IND,RS,IND,2689.0,T,89,89,0
199711220IND,RS,IND,2715.0,,91,89,2
199711220IND,RS,IND,2732.0,,91,90,1
199711220IND,RS,IND,2772.0,T,91,91,0
199711220IND,RS,IND,2772.0,LC,91,92,-1
199711220IND,RS,IND,2815.0,,91,93,-2
199711220IND,RS,IND,2815.0,,91,94,-3
199711220IND,RS,IND,2837.0,,93,94,-1
199711220IND,RS,IND,2837.0,T,94,94,0
199711220IND,RS,IND,2878.0,F,95,94,1
199711220IND,RS,IND,2879.0,,95,94,1
199711250CHH,RS,DET,0.0,,0,0,0
199711250CHH,RS,DET,75.0,,0,2,-2
199711250CHH,RS,DET,145.0,LC,3,2,1
199711250CHH,RS,DET,162.0,LC,3,4,-1
199711250CHH,RS,DET,179.0,,3,5,-2
199711250CHH,RS,DET,215.0,,3,7,-4
199711250CHH,RS,DET,287.0,,6,7,-1
199711250CHH,RS,DET,383.0,LC,8,7,1
199711250CHH,RS,DET,407.0,,10,7,3
199711250CHH,RS,DET,426.0,,10,9,1
199711250CHH,RS,DET,467.0,,12,9,3
199711250CHH,RS,DET,540.0,,14,9,5
199711250CHH,RS,DET,540.0,,15,9,6
199711250CHH,RS,DET,563.0,,15,12,3
199711250CHH,RS,DET,581.0,,17,12,5
199711250CHH,RS,DET,610.0,,19,12,7
199711250CHH,RS,DET,664.0,,21,12,9
199711250CHH,RS,DET,687.0,,21,14,7
199711250CHH,RS,DET,716.0,,21,16,5
199711250CHH,RS,DET,720.0,,24,16,8
199711250CHH,RS,DET,749.0,,24,18,6
199711250CHH,RS,DET,768.0,,26,18,8
199711250CHH,RS,DET,791.0,,26,20,6
199711250CHH,RS,DET,846.0,,26,21,5
199711250CHH,RS,DET,846.0,,26,22,4
199711250CHH,RS,DET,866.0,,28,22,6
199711250CHH,RS,DET,908.0,,30,22,8
199711250CHH,RS,DET,961.0,,30,24,6
199711250CHH,RS,DET,977.0,,32,24,8
199711250CHH,RS,DET,1042.0,,34,24,10
199711250CHH,RS,DET,1084.0,,34,26,8
199711250CHH,RS,DET,1107.0,,36,26,10
199711250CHH,RS,DET,1130.0,,37,26,11
199711250CHH,RS,DET,1130.0,,38,26,12
199711250CHH,RS,DET,1147.0,,38,28,10
199711250CHH,RS,DET,1158.0,,40,28,12
199711250CHH,RS,DET,1193.0,,40,30,10
199711250CHH,RS,DET,1213.0,,41,30,11
199711250CHH,RS,DET,1238.0,,44,30,14
199711250CHH,RS,DET,1279.0,,46,30,16
199711250CHH,RS,DET,1295.0,,46,32,14
199711250CHH,RS,DET,1321.0,,46,34,12
199711250CHH,RS,DET,1355.0,,46,36,10
199711250CHH,RS,DET,1385.0,,46,38,8
199711250CHH,RS,DET,1521.0,,48,38,10
199711250CHH,RS,DET,1536.0,,48,40,8
199711250CHH,RS,DET,1543.0,,51,40,11
199711250CHH,RS,DET,1616.0,,51,42,9
199711250CHH,RS,DET,1639.0,,52,42,10
199711250CHH,RS,DET,1727.0,,54,42,12
199711250CHH,RS,DET,1752.0,,57,42,15
199711250CHH,RS,DET,1770.0,,57,44,13
199711250CHH,RS,DET,1785.0,,59,44,15
199711250CHH,RS,DET,1798.0,,59,45,14
199711250CHH,RS,DET,1798.0,,59,46,13
199711250CHH,RS,DET,1839.0,,59,48,11
199711250CHH,RS,DET,1890.0,,61,48,13
199711250CHH,RS,DET,1903.0,,61,51,10
199711250CHH,RS,DET,1948.0,,63,51,12
199711250CHH,RS,DET,1976.0,,64,51,13
199711250CHH,RS,DET,1992.0,,64,53,11
199711250CHH,RS,DET,2015.0,,65,53,12
199711250CHH,RS,DET,2053.0,,67,53,14
199711250CHH,RS,DET,2068.0,,67,55,12
199711250CHH,RS,DET,2092.0,,69,55,14
199711250CHH,RS,DET,2123.0,,70,55,15
199711250CHH,RS,DET,2159.0,,70,57,13
199711250CHH,RS,DET,2176.0,,70,58,12
199711250CHH,RS,DET,2176.0,,70,59,11
199711250CHH,RS,DET,2217.0,,70,60,10
199711250CHH,RS,DET,2226.0,,70,62,8
199711250CHH,RS,DET,2243.0,,72,62,10
199711250CHH,RS,DET,2288.0,,74,62,12
199711250CHH,RS,DET,2329.0,,74,64,10
199711250CHH,RS,DET,2431.0,,75,64,11
199711250CHH,RS,DET,2431.0,,76,64,12
199711250CHH,RS,DET,2443.0,,76,66,10
199711250CHH,RS,DET,2443.0,,76,67,9
199711250CHH,RS,DET,2465.0,,78,67,11
199711250CHH,RS,DET,2465.0,,79,67,12
199711250CHH,RS,DET,2480.0,,79,68,11
199711250CHH,RS,DET,2480.0,,79,69,10
199711250CHH,RS,DET,2504.0,,79,70,9
199711250CHH,RS,DET,2527.0,,79,71,8
199711250CHH,RS,DET,2527.0,,79,72,7
199711250CHH,RS,DET,2605.0,,80,72,8
199711250CHH,RS,DET,2605.0,,81,72,9
199711250CHH,RS,DET,2624.0,,81,73,8
199711250CHH,RS,DET,2643.0,,83,73,10
199711250CHH,RS,DET,2670.0,,83,75,8
199711250CHH,RS,DET,2698.0,,83,76,7
199711250CHH,RS,DET,2698.0,,83,77,6
199711250CHH,RS,DET,2737.0,,83,79,4
199711250CHH,RS,DET,2780.0,,83,81,2
199711250CHH,RS,DET,2792.0,,85,81,4
199711250CHH,RS,DET,2827.0,,87,81,6
199711250CHH,RS,DET,2855.0,,88,81,7
199711250CHH,RS,DET,2862.0,,88,83,5
199711250CHH,RS,DET,2864.0,,89,83,6
199711250CHH,RS,DET,2864.0,,90,83,7
199711250CHH,RS,DET,2880.0,,90,85,5
199711250CHH,RS,DET,2880.0,F,90,84,6
199711280CHH,RS,CLE,0.0,,0,0,0
199711280CHH,RS,CLE,22.0,,2,0,2
199711280CHH,RS,CLE,47.0,,4,0,4
199711280CHH,RS,CLE,73.0,,6,0,6
199711280CHH,RS,CLE,133.0,,6,2,4
199711280CHH,RS,CLE,154.0,,7,2,5
199711280CHH,RS,CLE,168.0,,7,4,3
199711280CHH,RS,CLE,184.0,,10,4,6
199711280CHH,RS,CLE,200.0,,10,6,4
199711280CHH,RS,CLE,231.0,,10,8,2
199711280CHH,RS,CLE,278.0,T,10,10,0
199711280CHH,RS,CLE,297.0,,12,10,2
199711280CHH,RS,CLE,318.0,T,12,12,0
199711280CHH,RS,CLE,341.0,LC,12,14,-2
199711280CHH,RS,CLE,398.0,,12,16,-4
199711280CHH,RS,CLE,429.0,,12,18,-6
199711280CHH,RS,CLE,453.0,,12,20,-8
199711280CHH,RS,CLE,483.0,,12,22,-10
199711280CHH,RS,CLE,501.0,,14,22,-8
199711280CHH,RS,CLE,532.0,,17,22,-5
199711280CHH,RS,CLE,551.0,,17,24,-7
199711280CHH,RS,CLE,593.0,,19,24,-5
199711280CHH,RS,CLE,606.0,,19,25,-6
199711280CHH,RS,CLE,606.0,,19,26,-7
199711280CHH,RS,CLE,628.0,,19,28,-9
199711280CHH,RS,CLE,648.0,,19,30,-11
199711280CHH,RS,CLE,772.0,,19,32,-13
199711280CHH,RS,CLE,788.0,,20,32,-12
199711280CHH,RS,CLE,822.0,,22,32,-10
199711280CHH,RS,CLE,877.0,,22,34,-12
199711280CHH,RS,CLE,964.0,,22,36,-14
199711280CHH,RS,CLE,981.0,,24,36,-12
199711280CHH,RS,CLE,1031.0,,26,36,-10
199711280CHH,RS,CLE,1046.0,,26,38,-12
199711280CHH,RS,CLE,1046.0,,26,39,-13
199711280CHH,RS,CLE,1058.0,,28,39,-11
199711280CHH,RS,CLE,1114.0,,29,39,-10
199711280CHH,RS,CLE,1128.0,,29,41,-12
199711280CHH,RS,CLE,1141.0,,31,41,-10
199711280CHH,RS,CLE,1164.0,,31,43,-12
199711280CHH,RS,CLE,1179.0,,32,43,-11
199711280CHH,RS,CLE,1179.0,,33,43,-10
199711280CHH,RS,CLE,1208.0,,35,43,-8
199711280CHH,RS,CLE,1230.0,,36,43,-7
199711280CHH,RS,CLE,1230.0,,37,43,-6
199711280CHH,RS,CLE,1263.0,,39,43,-4
199711280CHH,RS,CLE,1263.0,,40,43,-3
199711280CHH,RS,CLE,1334.0,,42,43,-1
199711280CHH,RS,CLE,1346.0,,42,46,-4
199711280CHH,RS,CLE,1380.0,,44,46,-2
199711280CHH,RS,CLE,1388.0,,44,48,-4
199711280CHH,RS,CLE,1398.0,,46,48,-2
199711280CHH,RS,CLE,1415.0,,47,48,-1
199711280CHH,RS,CLE,1415.0,T,48,48,0
199711280CHH,RS,CLE,1438.0,LC,49,48,1
199711280CHH,RS,CLE,1451.0,,51,48,3
199711280CHH,RS,CLE,1471.0,,51,50,1
199711280CHH,RS,CLE,1506.0,LC,51,53,-2
199711280CHH,RS,CLE,1522.0,T,53,53,0
199711280CHH,RS,CLE,1586.0,LC,55,53,2
199711280CHH,RS,CLE,1759.0,,57,53,4
199711280CHH,RS,CLE,1777.0,,58,53,5
199711280CHH,RS,CLE,1777.0,,59,53,6
199711280CHH,RS,CLE,1790.0,,59,55,4
199711280CHH,RS,CLE,1828.0,,59,57,2
199711280CHH,RS,CLE,1863.0,T,59,59,0
199711280CHH,RS,CLE,1870.0,LC,59,60,-1
199711280CHH,RS,CLE,1887.0,T,60,60,0
199711280CHH,RS,CLE,1914.0,LC,61,60,1
199711280CHH,RS,CLE,1914.0,,62,60,2
199711280CHH,RS,CLE,1932.0,T,62,62,0
199711280CHH,RS,CLE,1971.0,LC,62,64,-2
199711280CHH,RS,CLE,1987.0,,63,64,-1
199711280CHH,RS,CLE,2008.0,,63,66,-3
199711280CHH,RS,CLE,2036.0,,63,68,-5
199711280CHH,RS,CLE,2112.0,,65,68,-3
199711280CHH,RS,CLE,2132.0,,65,70,-5
199711280CHH,RS,CLE,2154.0,,67,70,-3
199711280CHH,RS,CLE,2158.0,,67,71,-4
199711280CHH,RS,CLE,2181.0,,67,73,-6
199711280CHH,RS,CLE,2250.0,,67,74,-7
199711280CHH,RS,CLE,2262.0,,69,74,-5
199711280CHH,RS,CLE,2309.0,,69,77,-8
199711280CHH,RS,CLE,2330.0,,72,77,-5
199711280CHH,RS,CLE,2385.0,,72,78,-6
199711280CHH,RS,CLE,2385.0,,72,79,-7
199711280CHH,RS,CLE,2410.0,,74,79,-5
199711280CHH,RS,CLE,2424.0,,74,81,-7
199711280CHH,RS,CLE,2469.0,,75,81,-6
199711280CHH,RS,CLE,2469.0,,76,81,-5
199711280CHH,RS,CLE,2490.0,,76,83,-7
199711280CHH,RS,CLE,2535.0,,76,84,-8
199711280CHH,RS,CLE,2547.0,,78,84,-6
199711280CHH,RS,CLE,2599.0,,78,86,-8
199711280CHH,RS,CLE,2627.0,,78,87,-9
199711280CHH,RS,CLE,2642.0,,80,87,-7
199711280CHH,RS,CLE,2683.0,,80,89,-9
199711280CHH,RS,CLE,2698.0,,82,89,-7
199711280CHH,RS,CLE,2698.0,,83,89,-6
199711280CHH,RS,CLE,2724.0,,85,89,-4
199711280CHH,RS,CLE,2742.0,,86,89,-3
199711280CHH,RS,CLE,2817.0,,86,92,-6
199711280CHH,RS,CLE,2850.0,,86,94,-8
199711280CHH,RS,CLE,2856.0,,88,94,-6
199711280CHH,RS,CLE,2856.0,,88,95,-7
199711280CHH,RS,CLE,2867.0,,91,95,-4
199711280CHH,RS,CLE,2873.0,F,91,97,-6
199711280CHH,RS,CLE,2880.0,,91,97,-6
199711290ATL,RS,ATL,0.0,,0,0,0
199711290ATL,RS,ATL,44.0,,0,2,-2
199711290ATL,RS,ATL,71.0,,0,4,-4
199711290ATL,RS,ATL,92.0,,2,4,-2
199711290ATL,RS,ATL,103.0,,2,6,-4
199711290ATL,RS,ATL,141.0,,4,6,-2
199711290ATL,RS,ATL,205.0,,5,6,-1
199711290ATL,RS,ATL,205.0,T,6,6,0
199711290ATL,RS,ATL,244.0,,6,8,-2
199711290ATL,RS,ATL,324.0,T,8,8,0
199711290ATL,RS,ATL,375.0,,8,10,-2
199711290ATL,RS,ATL,392.0,T,10,10,0
199711290ATL,RS,ATL,403.0,,10,12,-2
199711290ATL,RS,ATL,421.0,T,12,12,0
199711290ATL,RS,ATL,441.0,,12,14,-2
199711290ATL,RS,ATL,454.0,,12,16,-4
199711290ATL,RS,ATL,491.0,,12,18,-6
199711290ATL,RS,ATL,538.0,,12,19,-7
199711290ATL,RS,ATL,538.0,,12,20,-8
199711290ATL,RS,ATL,576.0,,14,20,-6
199711290ATL,RS,ATL,597.0,,14,22,-8
199711290ATL,RS,ATL,686.0,,14,24,-10
199711290ATL,RS,ATL,731.0,,16,24,-8
199711290ATL,RS,ATL,781.0,,16,26,-10
199711290ATL,RS,ATL,805.0,,18,26,-8
199711290ATL,RS,ATL,825.0,,18,28,-10
199711290ATL,RS,ATL,851.0,,20,28,-8
199711290ATL,RS,ATL,881.0,,20,30,-10
199711290ATL,RS,ATL,926.0,,22,30,-8
199711290ATL,RS,ATL,978.0,,25,30,-5
199711290ATL,RS,ATL,1014.0,,26,30,-4
199711290ATL,RS,ATL,1014.0,,27,30,-3
199711290ATL,RS,ATL,1030.0,,27,33,-6
199711290ATL,RS,ATL,1066.0,,27,35,-8
199711290ATL,RS,ATL,1127.0,,29,35,-6
199711290ATL,RS,ATL,1174.0,,29,36,-7
199711290ATL,RS,ATL,1229.0,,30,36,-6
199711290ATL,RS,ATL,1229.0,,31,36,-5
199711290ATL,RS,ATL,1246.0,,32,36,-4
199711290ATL,RS,ATL,1246.0,,33,36,-3
199711290ATL,RS,ATL,1339.0,,33,38,-5
199711290ATL,RS,ATL,1376.0,,33,40,-7
199711290ATL,RS,ATL,1388.0,,34,40,-6
199711290ATL,RS,ATL,1408.0,,34,42,-8
199711290ATL,RS,ATL,1440.0,,34,44,-10
199711290ATL,RS,ATL,1525.0,,34,46,-12
199711290ATL,RS,ATL,1556.0,,34,48,-14
199711290ATL,RS,ATL,1596.0,,35,48,-13
199711290ATL,RS,ATL,1596.0,,36,48,-12
199711290ATL,RS,ATL,1656.0,,38,48,-10
199711290ATL,RS,ATL,1680.0,,40,48,-8
199711290ATL,RS,ATL,1699.0,,40,50,-10
199711290ATL,RS,ATL,1719.0,,41,50,-9
199711290ATL,RS,ATL,1719.0,,42,50,-8
199711290ATL,RS,ATL,1737.0,,42,52,-10
199711290ATL,RS,ATL,1752.0,,45,52,-7
199711290ATL,RS,ATL,1764.0,,45,53,-8
199711290ATL,RS,ATL,1764.0,,45,54,-9
199711290ATL,RS,ATL,1781.0,,47,54,-7
199711290ATL,RS,ATL,1812.0,,47,55,-8
199711290ATL,RS,ATL,1812.0,,47,56,-9
199711290ATL,RS,ATL,1842.0,,47,58,-11
199711290ATL,RS,ATL,1889.0,,47,59,-12
199711290ATL,RS,ATL,1889.0,,47,60,-13
199711290ATL,RS,ATL,1901.0,,47,62,-15
199711290ATL,RS,ATL,1956.0,,48,62,-14
199711290ATL,RS,ATL,1956.0,,49,62,-13
199711290ATL,RS,ATL,1972.0,,49,63,-14
199711290ATL,RS,ATL,2003.0,,51,63,-12
199711290ATL,RS,ATL,2023.0,,51,64,-13
199711290ATL,RS,ATL,2040.0,,53,64,-11
199711290ATL,RS,ATL,2065.0,,54,64,-10
199711290ATL,RS,ATL,2065.0,,55,64,-9
199711290ATL,RS,ATL,2091.0,,57,64,-7
199711290ATL,RS,ATL,2111.0,,57,66,-9
199711290ATL,RS,ATL,2122.0,,57,67,-10
199711290ATL,RS,ATL,2122.0,,57,68,-11
199711290ATL,RS,ATL,2131.0,,58,68,-10
199711290ATL,RS,ATL,2160.0,,58,71,-13
199711290ATL,RS,ATL,2191.0,,60,71,-11
199711290ATL,RS,ATL,2211.0,,60,73,-13
199711290ATL,RS,ATL,2233.0,,61,73,-12
199711290ATL,RS,ATL,2233.0,,62,73,-11
199711290ATL,RS,ATL,2269.0,,62,75,-13
199711290ATL,RS,ATL,2293.0,,63,75,-12
199711290ATL,RS,ATL,2315.0,,65,75,-10
199711290ATL,RS,ATL,2339.0,,65,77,-12
199711290ATL,RS,ATL,2347.0,,67,77,-10
199711290ATL,RS,ATL,2411.0,,67,78,-11
199711290ATL,RS,ATL,2411.0,,67,79,-12
199711290ATL,RS,ATL,2417.0,,68,79,-11
199711290ATL,RS,ATL,2417.0,,69,79,-10
199711290ATL,RS,ATL,2433.0,,69,82,-13
199711290ATL,RS,ATL,2454.0,,71,82,-11
199711290ATL,RS,ATL,2478.0,,71,83,-12
199711290ATL,RS,ATL,2478.0,,71,84,-13
199711290ATL,RS,ATL,2497.0,,73,84,-11
199711290ATL,RS,ATL,2515.0,,73,86,-13
199711290ATL,RS,ATL,2549.0,,75,86,-11
199711290ATL,RS,ATL,2590.0,,75,88,-13
199711290ATL,RS,ATL,2631.0,,75,90,-15
199711290ATL,RS,ATL,2645.0,,75,92,-17
199711290ATL,RS,ATL,2712.0,,76,92,-16
199711290ATL,RS,ATL,2734.0,,76,94,-18
199711290ATL,RS,ATL,2754.0,,78,94,-16
199711290ATL,RS,ATL,2782.0,,78,96,-18
199711290ATL,RS,ATL,2804.0,,78,97,-19
199711290ATL,RS,ATL,2804.0,,78,98,-20
199711290ATL,RS,ATL,2841.0,,79,98,-19
199711290ATL,RS,ATL,2870.0,F,80,98,-18
199711290ATL,RS,ATL,2880.0,,80,98,-18
199712020CHH,RS,SAC,0.0,,0,0,0
199712020CHH,RS,SAC,18.0,,0,2,-2
199712020CHH,RS,SAC,63.0,,1,2,-1
199712020CHH,RS,SAC,63.0,T,2,2,0
199712020CHH,RS,SAC,83.0,,2,4,-2
199712020CHH,RS,SAC,121.0,,2,6,-4
199712020CHH,RS,SAC,138.0,,3,6,-3
199712020CHH,RS,SAC,156.0,,3,8,-5
199712020CHH,RS,SAC,212.0,,6,8,-2
199712020CHH,RS,SAC,241.0,T,8,8,0
199712020CHH,RS,SAC,290.0,,8,10,-2
199712020CHH,RS,SAC,311.0,LC,11,10,1
199712020CHH,RS,SAC,330.0,LC,11,12,-1
199712020CHH,RS,SAC,364.0,,11,14,-3
199712020CHH,RS,SAC,393.0,,11,16,-5
199712020CHH,RS,SAC,407.0,,13,16,-3
199712020CHH,RS,SAC,420.0,,13,18,-5
199712020CHH,RS,SAC,438.0,,15,18,-3
199712020CHH,RS,SAC,478.0,,15,21,-6
199712020CHH,RS,SAC,532.0,,15,23,-8
199712020CHH,RS,SAC,550.0,,15,24,-9
199712020CHH,RS,SAC,572.0,,17,24,-7
199712020CHH,RS,SAC,628.0,,19,24,-5
199712020CHH,RS,SAC,646.0,,19,26,-7
199712020CHH,RS,SAC,699.0,,21,26,-5
199712020CHH,RS,SAC,720.0,,21,28,-7
199712020CHH,RS,SAC,750.0,,21,30,-9
199712020CHH,RS,SAC,813.0,,23,30,-7
199712020CHH,RS,SAC,841.0,,25,30,-5
199712020CHH,RS,SAC,875.0,,25,32,-7
199712020CHH,RS,SAC,901.0,,27,32,-5
199712020CHH,RS,SAC,924.0,,29,32,-3
199712020CHH,RS,SAC,961.0,,29,34,-5
199712020CHH,RS,SAC,982.0,,31,34,-3
199712020CHH,RS,SAC,1033.0,,33,34,-1
199712020CHH,RS,SAC,1053.0,,33,36,-3
199712020CHH,RS,SAC,1092.0,,35,36,-1
199712020CHH,RS,SAC,1117.0,,35,37,-2
199712020CHH,RS,SAC,1182.0,T,37,37,0
199712020CHH,RS,SAC,1182.0,LC,38,37,1
199712020CHH,RS,SAC,1187.0,LC,38,39,-1
199712020CHH,RS,SAC,1198.0,LC,40,39,1
199712020CHH,RS,SAC,1243.0,,43,39,4
199712020CHH,RS,SAC,1270.0,,45,39,6
199712020CHH,RS,SAC,1270.0,,46,39,7
199712020CHH,RS,SAC,1291.0,,46,41,5
199712020CHH,RS,SAC,1334.0,,46,43,3
199712020CHH,RS,SAC,1369.0,,46,45,1
199712020CHH,RS,SAC,1379.0,,47,45,2
199712020CHH,RS,SAC,1379.0,,48,45,3
199712020CHH,RS,SAC,1393.0,,48,47,1
199712020CHH,RS,SAC,1412.0,LC,48,50,-2
199712020CHH,RS,SAC,1440.0,,49,50,-1
199712020CHH,RS,SAC,1440.0,T,50,50,0
199712020CHH,RS,SAC,1454.0,LC,52,50,2
199712020CHH,RS,SAC,1490.0,,54,50,4
199712020CHH,RS,SAC,1552.0,,54,52,2
199712020CHH,RS,SAC,1567.0,,56,52,4
199712020CHH,RS,SAC,1585.0,,56,53,3
199712020CHH,RS,SAC,1598.0,,58,53,5
199712020CHH,RS,SAC,1643.0,,61,53,8
199712020CHH,RS,SAC,1667.0,,63,53,10
199712020CHH,RS,SAC,1688.0,,63,55,8
199712020CHH,RS,SAC,1710.0,,65,55,10
199712020CHH,RS,SAC,1780.0,,67,55,12
199712020CHH,RS,SAC,1797.0,,67,57,10
199712020CHH,RS,SAC,1814.0,,70,57,13
199712020CHH,RS,SAC,1849.0,,70,59,11
199712020CHH,RS,SAC,1863.0,,72,59,13
199712020CHH,RS,SAC,1892.0,,72,61,11
199712020CHH,RS,SAC,1909.0,,74,61,13
199712020CHH,RS,SAC,1946.0,,77,61,16
199712020CHH,RS,SAC,1969.0,,77,63,14
199712020CHH,RS,SAC,1987.0,,77,64,13
199712020CHH,RS,SAC,1989.0,,77,65,12
199712020CHH,RS,SAC,2002.0,,79,65,14
199712020CHH,RS,SAC,2020.0,,79,67,12
199712020CHH,RS,SAC,2041.0,,81,67,14
199712020CHH,RS,SAC,2064.0,,81,68,13
199712020CHH,RS,SAC,2088.0,,84,68,16
199712020CHH,RS,SAC,2139.0,,86,68,18
199712020CHH,RS,SAC,2187.0,,86,70,16
199712020CHH,RS,SAC,2213.0,,86,72,14
199712020CHH,RS,SAC,2250.0,,88,72,16
199712020CHH,RS,SAC,2280.0,,88,74,14
199712020CHH,RS,SAC,2292.0,,90,74,16
199712020CHH,RS,SAC,2322.0,,90,76,14
199712020CHH,RS,SAC,2330.0,,92,76,16
199712020CHH,RS,SAC,2348.0,,92,78,14
199712020CHH,RS,SAC,2370.0,,94,78,16
199712020CHH,RS,SAC,2390.0,,94,80,14
199712020CHH,RS,SAC,2459.0,,96,80,16
199712020CHH,RS,SAC,2483.0,,98,80,18
199712020CHH,RS,SAC,2501.0,,98,81,17
199712020CHH,RS,SAC,2501.0,,98,82,16
199712020CHH,RS,SAC,2509.0,,100,82,18
199712020CHH,RS,SAC,2518.0,,100,83,17
199712020CHH,RS,SAC,2518.0,,100,84,16
199712020CHH,RS,SAC,2535.0,,102,84,18
199712020CHH,RS,SAC,2544.0,,102,86,16
199712020CHH,RS,SAC,2544.0,,102,87,15
199712020CHH,RS,SAC,2567.0,,104,87,17
199712020CHH,RS,SAC,2612.0,,106,87,19
199712020CHH,RS,SAC,2634.0,,106,89,17
199712020CHH,RS,SAC,2655.0,,106,91,15
199712020CHH,RS,SAC,2655.0,,106,92,14
199712020CHH,RS,SAC,2663.0,,108,92,16
199712020CHH,RS,SAC,2670.0,,108,93,15
199712020CHH,RS,SAC,2676.0,,110,93,17
199712020CHH,RS,SAC,2705.0,,112,93,19
199712020CHH,RS,SAC,2723.0,,112,95,17
199712020CHH,RS,SAC,2762.0,,113,95,18
199712020CHH,RS,SAC,2792.0,,113,97,16
199712020CHH,RS,SAC,2811.0,,115,97,18
199712020CHH,RS,SAC,2821.0,,117,97,20
199712020CHH,RS,SAC,2831.0,,117,98,19
199712020CHH,RS,SAC,2831.0,,117,99,18
199712020CHH,RS,SAC,2858.0,,119,99,20
199712020CHH,RS,SAC,2860.0,,119,100,19
199712020CHH,RS,SAC,2871.0,,120,100,20
199712020CHH,RS,SAC,2871.0,F,121,100,21
199712020CHH,RS,SAC,2877.0,,121,102,19
199712040MIL,RS,MIL,0.0,,0,0,0
199712040MIL,RS,MIL,40.0,,0,3,-3
199712040MIL,RS,MIL,56.0,,2,3,-1
199712040MIL,RS,MIL,70.0,,2,5,-3
199712040MIL,RS,MIL,114.0,,4,5,-1
199712040MIL,RS,MIL,152.0,LC,6,5,1
199712040MIL,RS,MIL,167.0,LC,6,7,-1
199712040MIL,RS,MIL,192.0,,6,9,-3
199712040MIL,RS,MIL,224.0,,6,11,-5
199712040MIL,RS,MIL,251.0,,6,13,-7
199712040MIL,RS,MIL,283.0,,6,15,-9
199712040MIL,RS,MIL,311.0,,8,15,-7
199712040MIL,RS,MIL,321.0,,8,16,-8
199712040MIL,RS,MIL,355.0,,8,18,-10
199712040MIL,RS,MIL,367.0,,10,18,-8
199712040MIL,RS,MIL,386.0,,12,18,-6
199712040MIL,RS,MIL,407.0,,12,20,-8
199712040MIL,RS,MIL,419.0,,14,20,-6
199712040MIL,RS,MIL,453.0,,16,20,-4
199712040MIL,RS,MIL,469.0,,16,23,-7
199712040MIL,RS,MIL,523.0,,18,23,-5
199712040MIL,RS,MIL,558.0,,18,25,-7
199712040MIL,RS,MIL,623.0,,18,26,-8
199712040MIL,RS,MIL,623.0,,18,27,-9
199712040MIL,RS,MIL,638.0,,20,27,-7
199712040MIL,RS,MIL,659.0,,20,29,-9
199712040MIL,RS,MIL,668.0,,22,29,-7
199712040MIL,RS,MIL,685.0,,22,31,-9
199712040MIL,RS,MIL,775.0,,24,31,-7
199712040MIL,RS,MIL,804.0,,26,31,-5
199712040MIL,RS,MIL,865.0,,27,31,-4
199712040MIL,RS,MIL,865.0,,28,31,-3
199712040MIL,RS,MIL,925.0,,30,31,-1
199712040MIL,RS,MIL,956.0,,30,32,-2
199712040MIL,RS,MIL,956.0,,30,33,-3
199712040MIL,RS,MIL,1006.0,,32,33,-1
199712040MIL,RS,MIL,1066.0,,32,35,-3
199712040MIL,RS,MIL,1090.0,,34,35,-1
199712040MIL,RS,MIL,1124.0,LC,36,35,1
199712040MIL,RS,MIL,1154.0,LC,36,37,-1
199712040MIL,RS,MIL,1179.0,T,37,37,0
199712040MIL,RS,MIL,1179.0,LC,38,37,1
199712040MIL,RS,MIL,1191.0,LC,38,39,-1
199712040MIL,RS,MIL,1242.0,LC,40,39,1
199712040MIL,RS,MIL,1280.0,LC,40,41,-1
199712040MIL,RS,MIL,1294.0,T,41,41,0
199712040MIL,RS,MIL,1318.0,,41,43,-2
199712040MIL,RS,MIL,1331.0,T,43,43,0
199712040MIL,RS,MIL,1348.0,,43,45,-2
199712040MIL,RS,MIL,1411.0,T,45,45,0
199712040MIL,RS,MIL,1473.0,LC,47,45,2
199712040MIL,RS,MIL,1487.0,T,47,47,0
199712040MIL,RS,MIL,1571.0,LC,47,49,-2
199712040MIL,RS,MIL,1602.0,,47,51,-4
199712040MIL,RS,MIL,1633.0,,49,51,-2
199712040MIL,RS,MIL,1660.0,T,51,51,0
199712040MIL,RS,MIL,1675.0,,51,53,-2
199712040MIL,RS,MIL,1702.0,,51,55,-4
199712040MIL,RS,MIL,1744.0,,52,55,-3
199712040MIL,RS,MIL,1744.0,,53,55,-2
199712040MIL,RS,MIL,1766.0,,53,57,-4
199712040MIL,RS,MIL,1792.0,,53,59,-6
199712040MIL,RS,MIL,1806.0,,56,59,-3
199712040MIL,RS,MIL,1824.0,,56,61,-5
199712040MIL,RS,MIL,1838.0,,57,61,-4
199712040MIL,RS,MIL,1838.0,,58,61,-3
199712040MIL,RS,MIL,1881.0,,60,61,-1
199712040MIL,RS,MIL,1914.0,T,61,61,0
199712040MIL,RS,MIL,1930.0,,61,63,-2
199712040MIL,RS,MIL,1957.0,,61,65,-4
199712040MIL,RS,MIL,1994.0,,61,67,-6
199712040MIL,RS,MIL,2023.0,,61,69,-8
199712040MIL,RS,MIL,2056.0,,61,71,-10
199712040MIL,RS,MIL,2073.0,,63,71,-8
199712040MIL,RS,MIL,2096.0,,63,73,-10
199712040MIL,RS,MIL,2110.0,,64,73,-9
199712040MIL,RS,MIL,2110.0,,65,73,-8
199712040MIL,RS,MIL,2127.0,,65,75,-10
199712040MIL,RS,MIL,2137.0,,67,75,-8
199712040MIL,RS,MIL,2156.0,,67,76,-9
199712040MIL,RS,MIL,2209.0,,67,78,-11
199712040MIL,RS,MIL,2244.0,,69,78,-9
199712040MIL,RS,MIL,2269.0,,69,80,-11
199712040MIL,RS,MIL,2363.0,,69,82,-13
199712040MIL,RS,MIL,2389.0,,69,83,-14
199712040MIL,RS,MIL,2411.0,,71,83,-12
199712040MIL,RS,MIL,2411.0,,72,83,-11
199712040MIL,RS,MIL,2426.0,,72,84,-12
199712040MIL,RS,MIL,2426.0,,72,85,-13
199712040MIL,RS,MIL,2439.0,,74,85,-11
199712040MIL,RS,MIL,2473.0,,76,85,-9
199712040MIL,RS,MIL,2509.0,,76,87,-11
199712040MIL,RS,MIL,2536.0,,78,87,-9
199712040MIL,RS,MIL,2550.0,,78,89,-11
199712040MIL,RS,MIL,2592.0,,80,89,-9
199712040MIL,RS,MIL,2607.0,,80,91,-11
199712040MIL,RS,MIL,2657.0,,80,93,-13
199712040MIL,RS,MIL,2668.0,,82,93,-11
199712040MIL,RS,MIL,2693.0,,85,93,-8
199712040MIL,RS,MIL,2718.0,,85,94,-9
199712040MIL,RS,MIL,2762.0,,85,96,-11
199712040MIL,RS,MIL,2780.0,,87,96,-9
199712040MIL,RS,MIL,2827.0,,88,96,-8
199712040MIL,RS,MIL,2827.0,,89,96,-7
199712040MIL,RS,MIL,2846.0,,89,97,-8
199712040MIL,RS,MIL,2846.0,,89,98,-9
199712040MIL,RS,MIL,2859.0,,89,99,-10
199712040MIL,RS,MIL,2859.0,,89,100,-11
199712040MIL,RS,MIL,2867.0,F,92,100,-8
199712040MIL,RS,MIL,2878.0,,92,102,-10
199712060NYK,RS,NYK,0.0,,0,0,0
199712060NYK,RS,NYK,61.0,,0,2,-2
199712060NYK,RS,NYK,101.0,,0,4,-4
199712060NYK,RS,NYK,135.0,,2,4,-2
199712060NYK,RS,NYK,163.0,,3,4,-1
199712060NYK,RS,NYK,193.0,LC,5,4,1
199712060NYK,RS,NYK,214.0,LC,5,6,-1
199712060NYK,RS,NYK,247.0,,5,8,-3
199712060NYK,RS,NYK,255.0,,7,8,-1
199712060NYK,RS,NYK,288.0,LC,9,8,1
199712060NYK,RS,NYK,312.0,LC,9,11,-2
199712060NYK,RS,NYK,389.0,T,11,11,0
199712060NYK,RS,NYK,407.0,,11,13,-2
199712060NYK,RS,NYK,463.0,,11,15,-4
199712060NYK,RS,NYK,533.0,,13,15,-2
199712060NYK,RS,NYK,555.0,,13,17,-4
199712060NYK,RS,NYK,565.0,,15,17,-2
199712060NYK,RS,NYK,565.0,,16,17,-1
199712060NYK,RS,NYK,577.0,,16,18,-2
199712060NYK,RS,NYK,608.0,,16,20,-4
199712060NYK,RS,NYK,632.0,,16,22,-6
199712060NYK,RS,NYK,646.0,,18,22,-4
199712060NYK,RS,NYK,664.0,,19,22,-3
199712060NYK,RS,NYK,686.0,,19,24,-5
199712060NYK,RS,NYK,716.0,,21,24,-3
199712060NYK,RS,NYK,733.0,,21,26,-5
199712060NYK,RS,NYK,752.0,,22,26,-4
199712060NYK,RS,NYK,752.0,,23,26,-3
199712060NYK,RS,NYK,776.0,,25,26,-1
199712060NYK,RS,NYK,785.0,,25,28,-3
199712060NYK,RS,NYK,785.0,,25,29,-4
199712060NYK,RS,NYK,804.0,,27,29,-2
199712060NYK,RS,NYK,902.0,T,29,29,0
199712060NYK,RS,NYK,928.0,LC,31,29,2
199712060NYK,RS,NYK,938.0,,32,29,3
199712060NYK,RS,NYK,956.0,,32,30,2
199712060NYK,RS,NYK,980.0,,34,30,4
199712060NYK,RS,NYK,990.0,,34,32,2
199712060NYK,RS,NYK,1023.0,,34,33,1
199712060NYK,RS,NYK,1023.0,T,34,34,0
199712060NYK,RS,NYK,1049.0,LC,34,36,-2
199712060NYK,RS,NYK,1116.0,,34,37,-3
199712060NYK,RS,NYK,1139.0,,36,37,-1
199712060NYK,RS,NYK,1156.0,,36,38,-2
199712060NYK,RS,NYK,1156.0,,36,39,-3
199712060NYK,RS,NYK,1175.0,,38,39,-1
199712060NYK,RS,NYK,1181.0,,38,42,-4
199712060NYK,RS,NYK,1204.0,,38,43,-5
199712060NYK,RS,NYK,1213.0,,38,46,-8
199712060NYK,RS,NYK,1230.0,,40,46,-6
199712060NYK,RS,NYK,1251.0,,40,48,-8
199712060NYK,RS,NYK,1319.0,,41,48,-7
199712060NYK,RS,NYK,1319.0,,42,48,-6
199712060NYK,RS,NYK,1384.0,,42,50,-8
199712060NYK,RS,NYK,1400.0,,42,51,-9
199712060NYK,RS,NYK,1400.0,,42,52,-10
199712060NYK,RS,NYK,1424.0,,44,52,-8
199712060NYK,RS,NYK,1504.0,,45,52,-7
199712060NYK,RS,NYK,1538.0,,47,52,-5
199712060NYK,RS,NYK,1583.0,,47,54,-7
199712060NYK,RS,NYK,1608.0,,49,54,-5
199712060NYK,RS,NYK,1635.0,,49,56,-7
199712060NYK,RS,NYK,1649.0,,51,56,-5
199712060NYK,RS,NYK,1714.0,,52,56,-4
199712060NYK,RS,NYK,1774.0,,54,56,-2
199712060NYK,RS,NYK,1854.0,,54,58,-4
199712060NYK,RS,NYK,1893.0,,54,61,-7
199712060NYK,RS,NYK,1906.0,,56,61,-5
199712060NYK,RS,NYK,1959.0,,56,64,-8
199712060NYK,RS,NYK,1994.0,,56,65,-9
199712060NYK,RS,NYK,2015.0,,57,65,-8
199712060NYK,RS,NYK,2015.0,,58,65,-7
199712060NYK,RS,NYK,2029.0,,58,67,-9
199712060NYK,RS,NYK,2074.0,,58,69,-11
199712060NYK,RS,NYK,2101.0,,61,69,-8
199712060NYK,RS,NYK,2189.0,,63,69,-6
199712060NYK,RS,NYK,2243.0,,63,71,-8
199712060NYK,RS,NYK,2263.0,,63,72,-9
199712060NYK,RS,NYK,2263.0,,63,73,-10
199712060NYK,RS,NYK,2308.0,,64,73,-9
199712060NYK,RS,NYK,2308.0,,65,73,-8
199712060NYK,RS,NYK,2331.0,,65,75,-10
199712060NYK,RS,NYK,2357.0,,65,77,-12
199712060NYK,RS,NYK,2399.0,,65,79,-14
199712060NYK,RS,NYK,2453.0,,65,82,-17
199712060NYK,RS,NYK,2501.0,,65,84,-19
199712060NYK,RS,NYK,2526.0,,67,84,-17
199712060NYK,RS,NYK,2541.0,,67,85,-18
199712060NYK,RS,NYK,2541.0,,67,86,-19
199712060NYK,RS,NYK,2583.0,,69,86,-17
199712060NYK,RS,NYK,2604.0,,70,86,-16
199712060NYK,RS,NYK,2604.0,,71,86,-15
199712060NYK,RS,NYK,2633.0,,72,86,-14
199712060NYK,RS,NYK,2633.0,,73,86,-13
199712060NYK,RS,NYK,2659.0,,75,86,-11
199712060NYK,RS,NYK,2727.0,,75,87,-12
199712060NYK,RS,NYK,2727.0,,75,88,-13
199712060NYK,RS,NYK,2761.0,,75,90,-15
199712060NYK,RS,NYK,2809.0,,76,90,-14
199712060NYK,RS,NYK,2809.0,,77,90,-13
199712060NYK,RS,NYK,2841.0,,78,90,-12
199712060NYK,RS,NYK,2841.0,F,79,90,-11
199712060NYK,RS,NYK,2864.0,,79,90,-11
199712090TOR,RS,TOR,0.0,,0,0,0
199712090TOR,RS,TOR,27.0,,0,2,-2
199712090TOR,RS,TOR,50.0,,1,2,-1
199712090TOR,RS,TOR,66.0,,1,4,-3
199712090TOR,RS,TOR,98.0,,1,6,-5
199712090TOR,RS,TOR,146.0,,3,6,-3
199712090TOR,RS,TOR,180.0,,5,6,-1
199712090TOR,RS,TOR,219.0,,5,8,-3
199712090TOR,RS,TOR,237.0,,7,8,-1
199712090TOR,RS,TOR,273.0,,7,10,-3
199712090TOR,RS,TOR,311.0,,7,11,-4
199712090TOR,RS,TOR,360.0,,7,12,-5
199712090TOR,RS,TOR,360.0,,7,13,-6
199712090TOR,RS,TOR,378.0,,8,13,-5
199712090TOR,RS,TOR,378.0,,9,13,-4
199712090TOR,RS,TOR,420.0,,11,13,-2
199712090TOR,RS,TOR,438.0,,11,15,-4
199712090TOR,RS,TOR,444.0,,11,17,-6
199712090TOR,RS,TOR,452.0,,13,17,-4
199712090TOR,RS,TOR,472.0,,13,19,-6
199712090TOR,RS,TOR,479.0,,15,19,-4
199712090TOR,RS,TOR,497.0,,15,21,-6
199712090TOR,RS,TOR,506.0,,17,21,-4
199712090TOR,RS,TOR,524.0,,17,23,-6
199712090TOR,RS,TOR,537.0,,20,23,-3
199712090TOR,RS,TOR,555.0,,20,24,-4
199712090TOR,RS,TOR,577.0,,21,24,-3
199712090TOR,RS,TOR,601.0,,22,24,-2
199712090TOR,RS,TOR,623.0,,22,25,-3
199712090TOR,RS,TOR,623.0,,22,26,-4
199712090TOR,RS,TOR,644.0,,24,26,-2
199712090TOR,RS,TOR,667.0,,24,28,-4
199712090TOR,RS,TOR,685.0,,24,31,-7
199712090TOR,RS,TOR,717.0,,25,31,-6
199712090TOR,RS,TOR,740.0,,27,31,-4
199712090TOR,RS,TOR,760.0,,27,33,-6
199712090TOR,RS,TOR,818.0,,27,35,-8
199712090TOR,RS,TOR,834.0,,29,35,-6
199712090TOR,RS,TOR,855.0,,29,36,-7
199712090TOR,RS,TOR,880.0,,32,36,-4
199712090TOR,RS,TOR,899.0,,32,38,-6
199712090TOR,RS,TOR,917.0,,34,38,-4
199712090TOR,RS,TOR,936.0,,36,38,-2
199712090TOR,RS,TOR,1086.0,T,38,38,0
199712090TOR,RS,TOR,1118.0,LC,40,38,2
199712090TOR,RS,TOR,1140.0,,42,38,4
199712090TOR,RS,TOR,1161.0,,42,40,2
199712090TOR,RS,TOR,1230.0,,43,40,3
199712090TOR,RS,TOR,1265.0,,43,41,2
199712090TOR,RS,TOR,1265.0,,43,42,1
199712090TOR,RS,TOR,1278.0,,45,42,3
199712090TOR,RS,TOR,1312.0,T,45,45,0
199712090TOR,RS,TOR,1353.0,LC,45,47,-2
199712090TOR,RS,TOR,1369.0,,46,47,-1
199712090TOR,RS,TOR,1369.0,T,47,47,0
199712090TOR,RS,TOR,1396.0,LC,49,47,2
199712090TOR,RS,TOR,1439.0,T,49,49,0
199712090TOR,RS,TOR,1502.0,LC,49,51,-2
199712090TOR,RS,TOR,1514.0,LC,52,51,1
199712090TOR,RS,TOR,1529.0,LC,52,53,-1
199712090TOR,RS,TOR,1572.0,LC,55,53,2
199712090TOR,RS,TOR,1641.0,,57,53,4
199712090TOR,RS,TOR,1674.0,,60,53,7
199712090TOR,RS,TOR,1698.0,,60,56,4
199712090TOR,RS,TOR,1801.0,,62,56,6
199712090TOR,RS,TOR,1825.0,,62,59,3
199712090TOR,RS,TOR,1835.0,,63,59,4
199712090TOR,RS,TOR,1835.0,,64,59,5
199712090TOR,RS,TOR,1859.0,,64,61,3
199712090TOR,RS,TOR,1925.0,,64,63,1
199712090TOR,RS,TOR,1968.0,,66,63,3
199712090TOR,RS,TOR,1992.0,,66,65,1
199712090TOR,RS,TOR,2079.0,,68,65,3
199712090TOR,RS,TOR,2102.0,,68,67,1
199712090TOR,RS,TOR,2221.0,T,68,68,0
199712090TOR,RS,TOR,2221.0,LC,68,69,-1
199712090TOR,RS,TOR,2236.0,LC,70,69,1
199712090TOR,RS,TOR,2303.0,,71,69,2
199712090TOR,RS,TOR,2379.0,,71,70,1
199712090TOR,RS,TOR,2379.0,T,71,71,0
199712090TOR,RS,TOR,2391.0,,73,71,2
199712090TOR,RS,TOR,2437.0,,74,71,3
199712090TOR,RS,TOR,2437.0,,75,71,4
199712090TOR,RS,TOR,2480.0,,75,72,3
199712090TOR,RS,TOR,2504.0,,76,72,4
199712090TOR,RS,TOR,2504.0,,77,72,5
199712090TOR,RS,TOR,2582.0,,79,72,7
199712090TOR,RS,TOR,2601.0,,81,72,9
199712090TOR,RS,TOR,2624.0,,81,74,7
199712090TOR,RS,TOR,2666.0,,83,74,9
199712090TOR,RS,TOR,2682.0,,83,76,7
199712090TOR,RS,TOR,2702.0,,85,76,9
199712090TOR,RS,TOR,2712.0,,85,77,8
199712090TOR,RS,TOR,2712.0,,85,78,7
199712090TOR,RS,TOR,2725.0,,88,78,10
199712090TOR,RS,TOR,2782.0,,90,78,12
199712090TOR,RS,TOR,2793.0,,92,78,14
199712090TOR,RS,TOR,2803.0,,92,80,12
199712090TOR,RS,TOR,2824.0,,93,80,13
199712090TOR,RS,TOR,2832.0,,93,81,12
199712090TOR,RS,TOR,2832.0,,93,82,11
199712090TOR,RS,TOR,2856.0,F,95,82,13
199712090TOR,RS,TOR,2870.0,,95,82,13
199712100CHH,RS,WAS,0.0,,0,0,0
199712100CHH,RS,WAS,5.0,,2,0,2
199712100CHH,RS,WAS,19.0,T,2,2,0
199712100CHH,RS,WAS,108.0,LC,2,3,-1
199712100CHH,RS,WAS,108.0,,2,4,-2
199712100CHH,RS,WAS,118.0,T,4,4,0
199712100CHH,RS,WAS,145.0,LC,6,4,2
199712100CHH,RS,WAS,226.0,,7,4,3
199712100CHH,RS,WAS,226.0,,8,4,4
199712100CHH,RS,WAS,243.0,,8,6,2
199712100CHH,RS,WAS,269.0,,10,6,4
199712100CHH,RS,WAS,313.0,,10,8,2
199712100CHH,RS,WAS,335.0,,11,8,3
199712100CHH,RS,WAS,335.0,,12,8,4
199712100CHH,RS,WAS,345.0,,12,11,1
199712100CHH,RS,WAS,371.0,,14,11,3
199712100CHH,RS,WAS,391.0,,14,13,1
199712100CHH,RS,WAS,391.0,T,14,14,0
199712100CHH,RS,WAS,391.0,LC,14,15,-1
199712100CHH,RS,WAS,406.0,LC,16,15,1
199712100CHH,RS,WAS,452.0,,18,15,3
199712100CHH,RS,WAS,463.0,,18,17,1
199712100CHH,RS,WAS,481.0,,19,17,2
199712100CHH,RS,WAS,501.0,T,19,19,0
199712100CHH,RS,WAS,564.0,,20,19,1
199712100CHH,RS,WAS,569.0,T,20,20,0
199712100CHH,RS,WAS,569.0,LC,20,21,-1
199712100CHH,RS,WAS,578.0,T,21,21,0
199712100CHH,RS,WAS,578.0,LC,22,21,1
199712100CHH,RS,WAS,593.0,LC,22,23,-1
199712100CHH,RS,WAS,612.0,LC,24,23,1
199712100CHH,RS,WAS,625.0,T,24,24,0
199712100CHH,RS,WAS,625.0,LC,24,25,-1
199712100CHH,RS,WAS,637.0,LC,26,25,1
199712100CHH,RS,WAS,649.0,LC,26,27,-1
199712100CHH,RS,WAS,673.0,LC,28,27,1
199712100CHH,RS,WAS,708.0,LC,28,30,-2
199712100CHH,RS,WAS,717.0,LC,31,30,1
199712100CHH,RS,WAS,738.0,LC,31,32,-1
199712100CHH,RS,WAS,806.0,LC,33,32,1
199712100CHH,RS,WAS,891.0,LC,33,34,-1
199712100CHH,RS,WAS,942.0,LC,36,34,2
199712100CHH,RS,WAS,969.0,T,36,36,0
199712100CHH,RS,WAS,994.0,,38,36,2
199712100CHH,RS,WAS,1032.0,,40,36,4
199712100CHH,RS,WAS,1046.0,,40,38,2
199712100CHH,RS,WAS,1046.0,,40,39,1
199712100CHH,RS,WAS,1074.0,LC,40,41,-1
199712100CHH,RS,WAS,1117.0,,40,43,-3
199712100CHH,RS,WAS,1149.0,,42,43,-1
199712100CHH,RS,WAS,1261.0,LC,44,43,1
199712100CHH,RS,WAS,1284.0,,46,43,3
199712100CHH,RS,WAS,1304.0,,48,43,5
199712100CHH,RS,WAS,1338.0,,50,43,7
199712100CHH,RS,WAS,1361.0,,52,43,9
199712100CHH,RS,WAS,1387.0,,54,43,11
199712100CHH,RS,WAS,1397.0,,54,46,8
199712100CHH,RS,WAS,1417.0,,54,48,6
199712100CHH,RS,WAS,1454.0,,54,50,4
199712100CHH,RS,WAS,1472.0,,56,50,6
199712100CHH,RS,WAS,1504.0,,57,50,7
199712100CHH,RS,WAS,1504.0,,58,50,8
199712100CHH,RS,WAS,1534.0,,60,50,10
199712100CHH,RS,WAS,1550.0,,60,53,7
199712100CHH,RS,WAS,1565.0,,62,53,9
199712100CHH,RS,WAS,1593.0,,65,53,12
199712100CHH,RS,WAS,1617.0,,65,55,10
199712100CHH,RS,WAS,1655.0,,67,55,12
199712100CHH,RS,WAS,1655.0,,68,55,13
199712100CHH,RS,WAS,1672.0,,68,57,11
199712100CHH,RS,WAS,1689.0,,70,57,13
199712100CHH,RS,WAS,1700.0,,70,59,11
199712100CHH,RS,WAS,1718.0,,73,59,14
199712100CHH,RS,WAS,1747.0,,73,61,12
199712100CHH,RS,WAS,1814.0,,73,63,10
199712100CHH,RS,WAS,1837.0,,75,63,12
199712100CHH,RS,WAS,1849.0,,75,65,10
199712100CHH,RS,WAS,1849.0,,75,66,9
199712100CHH,RS,WAS,1889.0,,76,66,10
199712100CHH,RS,WAS,1889.0,,77,66,11
199712100CHH,RS,WAS,2005.0,,79,66,13
199712100CHH,RS,WAS,2029.0,,81,66,15
199712100CHH,RS,WAS,2070.0,,81,67,14
199712100CHH,RS,WAS,2099.0,,82,67,15
199712100CHH,RS,WAS,2099.0,,83,67,16
199712100CHH,RS,WAS,2131.0,,83,69,14
199712100CHH,RS,WAS,2174.0,,86,69,17
199712100CHH,RS,WAS,2184.0,,86,70,16
199712100CHH,RS,WAS,2184.0,,86,71,15
199712100CHH,RS,WAS,2223.0,,88,71,17
199712100CHH,RS,WAS,2232.0,,88,74,14
199712100CHH,RS,WAS,2255.0,,88,77,11
199712100CHH,RS,WAS,2289.0,,90,77,13
199712100CHH,RS,WAS,2323.0,,92,77,15
199712100CHH,RS,WAS,2332.0,,92,78,14
199712100CHH,RS,WAS,2332.0,,92,79,13
199712100CHH,RS,WAS,2393.0,,94,79,15
199712100CHH,RS,WAS,2408.0,,94,82,12
199712100CHH,RS,WAS,2448.0,,94,85,9
199712100CHH,RS,WAS,2481.0,,94,87,7
199712100CHH,RS,WAS,2501.0,,96,87,9
199712100CHH,RS,WAS,2515.0,,96,88,8
199712100CHH,RS,WAS,2531.0,,96,90,6
199712100CHH,RS,WAS,2531.0,,96,91,5
199712100CHH,RS,WAS,2602.0,,96,92,4
199712100CHH,RS,WAS,2602.0,,96,93,3
199712100CHH,RS,WAS,2627.0,,99,93,6
199712100CHH,RS,WAS,2643.0,,99,95,4
199712100CHH,RS,WAS,2715.0,,99,97,2
199712100CHH,RS,WAS,2765.0,T,99,99,0
199712100CHH,RS,WAS,2808.0,LC,99,100,-1
199712100CHH,RS,WAS,2808.0,,99,101,-2
199712100CHH,RS,WAS,2820.0,,100,101,-1
199712100CHH,RS,WAS,2820.0,T,101,101,0
199712100CHH,RS,WAS,2856.0,LC,102,101,1
199712100CHH,RS,WAS,2872.0,F,104,101,3
199712100CHH,RS,WAS,2880.0,,104,101,3
199712120CHH,RS,CHI,0.0,,0,0,0
199712120CHH,RS,CHI,24.0,,0,2,-2
199712120CHH,RS,CHI,44.0,T,2,2,0
199712120CHH,RS,CHI,63.0,,2,4,-2
199712120CHH,RS,CHI,78.0,T,4,4,0
199712120CHH,RS,CHI,98.0,,4,6,-2
199712120CHH,RS,CHI,130.0,,4,7,-3
199712120CHH,RS,CHI,183.0,,4,9,-5
199712120CHH,RS,CHI,198.0,,6,9,-3
199712120CHH,RS,CHI,209.0,,6,11,-5
199712120CHH,RS,CHI,247.0,,8,11,-3
199712120CHH,RS,CHI,272.0,,8,13,-5
199712120CHH,RS,CHI,316.0,,10,13,-3
199712120CHH,RS,CHI,338.0,,10,15,-5
199712120CHH,RS,CHI,366.0,,12,15,-3
199712120CHH,RS,CHI,382.0,,12,16,-4
199712120CHH,RS,CHI,414.0,,12,19,-7
199712120CHH,RS,CHI,437.0,,13,19,-6
199712120CHH,RS,CHI,437.0,,14,19,-5
199712120CHH,RS,CHI,464.0,,14,22,-8
199712120CHH,RS,CHI,496.0,,14,24,-10
199712120CHH,RS,CHI,530.0,,14,26,-12
199712120CHH,RS,CHI,554.0,,16,26,-10
199712120CHH,RS,CHI,588.0,,16,27,-11
199712120CHH,RS,CHI,598.0,,16,29,-13
199712120CHH,RS,CHI,694.0,,18,29,-11
199712120CHH,RS,CHI,730.0,,20,29,-9
199712120CHH,RS,CHI,750.0,,20,30,-10
199712120CHH,RS,CHI,773.0,,22,30,-8
199712120CHH,RS,CHI,885.0,,23,30,-7
199712120CHH,RS,CHI,885.0,,24,30,-6
199712120CHH,RS,CHI,896.0,,24,32,-8
199712120CHH,RS,CHI,956.0,,26,32,-6
199712120CHH,RS,CHI,995.0,,28,32,-4
199712120CHH,RS,CHI,1023.0,,28,34,-6
199712120CHH,RS,CHI,1045.0,,31,34,-3
199712120CHH,RS,CHI,1094.0,,31,35,-4
199712120CHH,RS,CHI,1094.0,,31,36,-5
199712120CHH,RS,CHI,1108.0,,33,36,-3
199712120CHH,RS,CHI,1133.0,,33,37,-4
199712120CHH,RS,CHI,1133.0,,33,38,-5
199712120CHH,RS,CHI,1160.0,,33,39,-6
199712120CHH,RS,CHI,1206.0,,35,39,-4
199712120CHH,RS,CHI,1248.0,,37,39,-2
199712120CHH,RS,CHI,1264.0,,37,41,-4
199712120CHH,RS,CHI,1293.0,,39,41,-2
199712120CHH,RS,CHI,1315.0,,39,43,-4
199712120CHH,RS,CHI,1405.0,,41,43,-2
199712120CHH,RS,CHI,1451.0,T,43,43,0
199712120CHH,RS,CHI,1480.0,,43,45,-2
199712120CHH,RS,CHI,1510.0,T,45,45,0
199712120CHH,RS,CHI,1530.0,LC,47,45,2
199712120CHH,RS,CHI,1549.0,T,47,47,0
199712120CHH,RS,CHI,1562.0,,49,47,2
199712120CHH,RS,CHI,1589.0,,51,47,4
199712120CHH,RS,CHI,1612.0,,51,48,3
199712120CHH,RS,CHI,1612.0,,51,49,2
199712120CHH,RS,CHI,1641.0,T,51,51,0
199712120CHH,RS,CHI,1689.0,,53,51,2
199712120CHH,RS,CHI,1842.0,,55,51,4
199712120CHH,RS,CHI,1875.0,,55,53,2
199712120CHH,RS,CHI,1896.0,,57,53,4
199712120CHH,RS,CHI,1968.0,,57,56,1
199712120CHH,RS,CHI,1996.0,,59,56,3
199712120CHH,RS,CHI,2047.0,,62,56,6
199712120CHH,RS,CHI,2129.0,,64,56,8
199712120CHH,RS,CHI,2198.0,,66,56,10
199712120CHH,RS,CHI,2213.0,,66,58,8
199712120CHH,RS,CHI,2239.0,,68,58,10
199712120CHH,RS,CHI,2269.0,,70,58,12
199712120CHH,RS,CHI,2383.0,,70,61,9
199712120CHH,RS,CHI,2445.0,,72,61,11
199712120CHH,RS,CHI,2578.0,,73,61,12
199712120CHH,RS,CHI,2655.0,,73,63,10
199712120CHH,RS,CHI,2679.0,,73,64,9
199712120CHH,RS,CHI,2707.0,,73,66,7
199712120CHH,RS,CHI,2707.0,,73,67,6
199712120CHH,RS,CHI,2734.0,,73,69,4
199712120CHH,RS,CHI,2757.0,,73,70,3
199712120CHH,RS,CHI,2757.0,,73,71,2
199712120CHH,RS,CHI,2791.0,,74,71,3
199712120CHH,RS,CHI,2791.0,,75,71,4
199712120CHH,RS,CHI,2807.0,,75,73,2
199712120CHH,RS,CHI,2817.0,,77,73,4
199712120CHH,RS,CHI,2830.0,,77,75,2
199712120CHH,RS,CHI,2852.0,,77,76,1
199712120CHH,RS,CHI,2852.0,T,77,77,0
199712120CHH,RS,CHI,2875.0,F,79,77,2
199712120CHH,RS,CHI,2880.0,,79,77,2
199712130CLE,RS,CLE,0.0,,0,0,0
199712130CLE,RS,CLE,11.0,,2,0,2
199712130CLE,RS,CLE,32.0,T,2,2,0
199712130CLE,RS,CLE,47.0,LC,2,4,-2
199712130CLE,RS,CLE,84.0,,2,6,-4
199712130CLE,RS,CLE,114.0,,2,8,-6
199712130CLE,RS,CLE,165.0,,2,10,-8
199712130CLE,RS,CLE,195.0,,2,12,-10
199712130CLE,RS,CLE,229.0,,2,14,-12
199712130CLE,RS,CLE,266.0,,2,16,-14
199712130CLE,RS,CLE,288.0,,3,16,-13
199712130CLE,RS,CLE,303.0,,5,16,-11
199712130CLE,RS,CLE,409.0,,5,17,-12
199712130CLE,RS,CLE,409.0,,5,18,-13
199712130CLE,RS,CLE,484.0,,5,20,-15
199712130CLE,RS,CLE,514.0,,5,22,-17
199712130CLE,RS,CLE,571.0,,5,23,-18
199712130CLE,RS,CLE,644.0,,7,23,-16
199712130CLE,RS,CLE,675.0,,7,25,-18
199712130CLE,RS,CLE,720.0,,9,25,-16
199712130CLE,RS,CLE,797.0,,11,25,-14
199712130CLE,RS,CLE,853.0,,13,25,-12
199712130CLE,RS,CLE,881.0,,15,25,-10
199712130CLE,RS,CLE,881.0,,16,25,-9
199712130CLE,RS,CLE,929.0,,18,25,-7
199712130CLE,RS,CLE,971.0,,18,27,-9
199712130CLE,RS,CLE,996.0,,20,27,-7
199712130CLE,RS,CLE,1030.0,,21,27,-6
199712130CLE,RS,CLE,1048.0,,21,29,-8
199712130CLE,RS,CLE,1085.0,,21,32,-11
199712130CLE,RS,CLE,1095.0,,21,34,-13
199712130CLE,RS,CLE,1095.0,,21,35,-14
199712130CLE,RS,CLE,1108.0,,22,35,-13
199712130CLE,RS,CLE,1108.0,,23,35,-12
199712130CLE,RS,CLE,1134.0,,25,35,-10
199712130CLE,RS,CLE,1160.0,,28,35,-7
199712130CLE,RS,CLE,1175.0,,28,37,-9
199712130CLE,RS,CLE,1191.0,,30,37,-7
199712130CLE,RS,CLE,1204.0,,30,39,-9
199712130CLE,RS,CLE,1204.0,,30,40,-10
199712130CLE,RS,CLE,1223.0,,31,40,-9
199712130CLE,RS,CLE,1223.0,,32,40,-8
199712130CLE,RS,CLE,1253.0,,33,40,-7
199712130CLE,RS,CLE,1253.0,,34,40,-6
199712130CLE,RS,CLE,1290.0,,35,40,-5
199712130CLE,RS,CLE,1290.0,,36,40,-4
199712130CLE,RS,CLE,1300.0,,36,41,-5
199712130CLE,RS,CLE,1361.0,,37,41,-4
199712130CLE,RS,CLE,1361.0,,38,41,-3
199712130CLE,RS,CLE,1374.0,,38,42,-4
199712130CLE,RS,CLE,1374.0,,38,43,-5
199712130CLE,RS,CLE,1399.0,,38,44,-6
199712130CLE,RS,CLE,1440.0,,38,45,-7
199712130CLE,RS,CLE,1440.0,,38,46,-8
199712130CLE,RS,CLE,1477.0,,40,46,-6
199712130CLE,RS,CLE,1494.0,,40,48,-8
199712130CLE,RS,CLE,1512.0,,42,48,-6
199712130CLE,RS,CLE,1519.0,,42,50,-8
199712130CLE,RS,CLE,1533.0,,45,50,-5
199712130CLE,RS,CLE,1580.0,,48,50,-2
199712130CLE,RS,CLE,1618.0,T,50,50,0
199712130CLE,RS,CLE,1658.0,,50,51,-1
199712130CLE,RS,CLE,1658.0,,50,52,-2
199712130CLE,RS,CLE,1671.0,LC,53,52,1
199712130CLE,RS,CLE,1743.0,T,53,53,0
199712130CLE,RS,CLE,1743.0,LC,53,54,-1
199712130CLE,RS,CLE,1752.0,LC,55,54,1
199712130CLE,RS,CLE,1846.0,,57,54,3
199712130CLE,RS,CLE,1870.0,,57,56,1
199712130CLE,RS,CLE,1924.0,,58,56,2
199712130CLE,RS,CLE,1950.0,,58,57,1
199712130CLE,RS,CLE,1950.0,T,58,58,0
199712130CLE,RS,CLE,1982.0,LC,58,59,-1
199712130CLE,RS,CLE,1982.0,,58,60,-2
199712130CLE,RS,CLE,2005.0,T,60,60,0
199712130CLE,RS,CLE,2040.0,LC,62,60,2
199712130CLE,RS,CLE,2058.0,T,62,62,0
199712130CLE,RS,CLE,2084.0,,64,62,2
199712130CLE,RS,CLE,2152.0,T,64,64,0
199712130CLE,RS,CLE,2193.0,LC,64,66,-2
199712130CLE,RS,CLE,2226.0,LC,67,66,1
199712130CLE,RS,CLE,2307.0,LC,67,68,-1
199712130CLE,RS,CLE,2344.0,,67,69,-2
199712130CLE,RS,CLE,2344.0,,67,70,-3
199712130CLE,RS,CLE,2377.0,T,70,70,0
199712130CLE,RS,CLE,2404.0,,70,72,-2
199712130CLE,RS,CLE,2439.0,LC,73,72,1
199712130CLE,RS,CLE,2476.0,,75,72,3
199712130CLE,RS,CLE,2476.0,,76,72,4
199712130CLE,RS,CLE,2498.0,,76,74,2
199712130CLE,RS,CLE,2537.0,T,76,76,0
199712130CLE,RS,CLE,2593.0,LC,76,78,-2
199712130CLE,RS,CLE,2610.0,LC,79,78,1
199712130CLE,RS,CLE,2642.0,LC,79,80,-1
199712130CLE,RS,CLE,2687.0,T,80,80,0
199712130CLE,RS,CLE,2694.0,LC,82,80,2
199712130CLE,RS,CLE,2709.0,T,82,82,0
199712130CLE,RS,CLE,2742.0,LC,82,84,-2
199712130CLE,RS,CLE,2767.0,F,85,84,1
199712130CLE,RS,CLE,2874.0,,85,84,1
199712170CHH,RS,MIL,0.0,,0,0,0
199712170CHH,RS,MIL,13.0,,2,0,2
199712170CHH,RS,MIL,28.0,T,2,2,0
199712170CHH,RS,MIL,55.0,LC,2,5,-3
199712170CHH,RS,MIL,71.0,,3,5,-2
199712170CHH,RS,MIL,86.0,,3,7,-4
199712170CHH,RS,MIL,124.0,,5,7,-2
199712170CHH,RS,MIL,150.0,T,7,7,0
199712170CHH,RS,MIL,188.0,LC,9,7,2
199712170CHH,RS,MIL,213.0,LC,9,10,-1
199712170CHH,RS,MIL,256.0,LC,11,10,1
199712170CHH,RS,MIL,308.0,,13,10,3
199712170CHH,RS,MIL,343.0,,15,10,5
199712170CHH,RS,MIL,389.0,,15,11,4
199712170CHH,RS,MIL,389.0,,15,12,3
199712170CHH,RS,MIL,419.0,,17,12,5
199712170CHH,RS,MIL,438.0,,17,14,3
199712170CHH,RS,MIL,454.0,,19,14,5
199712170CHH,RS,MIL,473.0,,19,16,3
199712170CHH,RS,MIL,491.0,,19,18,1
199712170CHH,RS,MIL,522.0,LC,19,20,-1
199712170CHH,RS,MIL,560.0,,19,22,-3
199712170CHH,RS,MIL,616.0,,21,22,-1
199712170CHH,RS,MIL,628.0,LC,23,22,1
199712170CHH,RS,MIL,648.0,T,23,23,0
199712170CHH,RS,MIL,699.0,,25,23,2
199712170CHH,RS,MIL,719.0,T,25,25,0
199712170CHH,RS,MIL,745.0,LC,25,28,-3
199712170CHH,RS,MIL,779.0,,27,28,-1
199712170CHH,RS,MIL,816.0,T,28,28,0
199712170CHH,RS,MIL,838.0,,28,30,-2
199712170CHH,RS,MIL,854.0,T,30,30,0
199712170CHH,RS,MIL,896.0,LC,32,30,2
199712170CHH,RS,MIL,924.0,,34,30,4
199712170CHH,RS,MIL,945.0,,36,30,6
199712170CHH,RS,MIL,973.0,,37,30,7
199712170CHH,RS,MIL,1017.0,,39,30,9
199712170CHH,RS,MIL,1059.0,,39,32,7
199712170CHH,RS,MIL,1081.0,,41,32,9
199712170CHH,RS,MIL,1108.0,,43,32,11
199712170CHH,RS,MIL,1146.0,,45,32,13
199712170CHH,RS,MIL,1146.0,,46,32,14
199712170CHH,RS,MIL,1182.0,,48,32,16
199712170CHH,RS,MIL,1270.0,,48,33,15
199712170CHH,RS,MIL,1270.0,,48,34,14
199712170CHH,RS,MIL,1270.0,,48,35,13
199712170CHH,RS,MIL,1286.0,,49,35,14
199712170CHH,RS,MIL,1286.0,,50,35,15
199712170CHH,RS,MIL,1309.0,,50,37,13
199712170CHH,RS,MIL,1321.0,,51,37,14
199712170CHH,RS,MIL,1328.0,,52,37,15
199712170CHH,RS,MIL,1341.0,,52,39,13
199712170CHH,RS,MIL,1356.0,,54,39,15
199712170CHH,RS,MIL,1376.0,,54,41,13
199712170CHH,RS,MIL,1391.0,,56,41,15
199712170CHH,RS,MIL,1417.0,,57,41,16
199712170CHH,RS,MIL,1429.0,,57,42,15
199712170CHH,RS,MIL,1429.0,,57,43,14
199712170CHH,RS,MIL,1439.0,,59,43,16
199712170CHH,RS,MIL,1497.0,,59,45,14
199712170CHH,RS,MIL,1545.0,,61,45,16
199712170CHH,RS,MIL,1568.0,,63,45,18
199712170CHH,RS,MIL,1620.0,,63,46,17
199712170CHH,RS,MIL,1620.0,,63,47,16
199712170CHH,RS,MIL,1632.0,,65,47,18
199712170CHH,RS,MIL,1692.0,,65,49,16
199712170CHH,RS,MIL,1717.0,,65,51,14
199712170CHH,RS,MIL,1749.0,,65,53,12
199712170CHH,RS,MIL,1780.0,,65,55,10
199712170CHH,RS,MIL,1829.0,,67,55,12
199712170CHH,RS,MIL,1872.0,,69,55,14
199712170CHH,RS,MIL,1901.0,,72,55,17
199712170CHH,RS,MIL,1958.0,,72,57,15
199712170CHH,RS,MIL,1997.0,,72,59,13
199712170CHH,RS,MIL,2079.0,,72,61,11
199712170CHH,RS,MIL,2100.0,,74,61,13
199712170CHH,RS,MIL,2117.0,,74,62,12
199712170CHH,RS,MIL,2117.0,,74,63,11
199712170CHH,RS,MIL,2190.0,,74,65,9
199712170CHH,RS,MIL,2224.0,,74,68,6
199712170CHH,RS,MIL,2258.0,,74,71,3
199712170CHH,RS,MIL,2295.0,,76,71,5
199712170CHH,RS,MIL,2321.0,,76,73,3
199712170CHH,RS,MIL,2368.0,,77,73,4
199712170CHH,RS,MIL,2368.0,,78,73,5
199712170CHH,RS,MIL,2387.0,,79,73,6
199712170CHH,RS,MIL,2401.0,,79,74,5
199712170CHH,RS,MIL,2401.0,,79,75,4
199712170CHH,RS,MIL,2414.0,,81,75,6
199712170CHH,RS,MIL,2500.0,,82,75,7
199712170CHH,RS,MIL,2500.0,,83,75,8
199712170CHH,RS,MIL,2526.0,,83,77,6
199712170CHH,RS,MIL,2576.0,,83,78,5
199712170CHH,RS,MIL,2576.0,,83,79,4
199712170CHH,RS,MIL,2598.0,,85,79,6
199712170CHH,RS,MIL,2613.0,,85,80,5
199712170CHH,RS,MIL,2628.0,,85,81,4
199712170CHH,RS,MIL,2653.0,,85,82,3
199712170CHH,RS,MIL,2661.0,,86,82,4
199712170CHH,RS,MIL,2691.0,,88,82,6
199712170CHH,RS,MIL,2732.0,,90,82,8
199712170CHH,RS,MIL,2732.0,,91,82,9
199712170CHH,RS,MIL,2744.0,,91,83,8
199712170CHH,RS,MIL,2779.0,,93,83,10
199712170CHH,RS,MIL,2802.0,,93,84,9
199712170CHH,RS,MIL,2802.0,,93,85,8
199712170CHH,RS,MIL,2831.0,,95,85,10
199712170CHH,RS,MIL,2862.0,,97,85,12
199712170CHH,RS,MIL,2872.0,,97,87,10
199712170CHH,RS,MIL,2875.0,F,99,87,12
199712170CHH,RS,MIL,2880.0,,99,90,9
199712190WAS,RS,WAS,0.0,,0,0,0
199712190WAS,RS,WAS,62.0,,2,0,2
199712190WAS,RS,WAS,111.0,,5,0,5
199712190WAS,RS,WAS,167.0,,5,2,3
199712190WAS,RS,WAS,186.0,,8,2,6
199712190WAS,RS,WAS,214.0,,8,4,4
199712190WAS,RS,WAS,298.0,,8,6,2
199712190WAS,RS,WAS,341.0,T,8,8,0
199712190WAS,RS,WAS,367.0,LC,8,10,-2
199712190WAS,RS,WAS,385.0,T,10,10,0
199712190WAS,RS,WAS,429.0,,10,12,-2
199712190WAS,RS,WAS,482.0,,10,14,-4
199712190WAS,RS,WAS,563.0,,10,16,-6
199712190WAS,RS,WAS,605.0,,10,18,-8
199712190WAS,RS,WAS,684.0,,10,20,-10
199712190WAS,RS,WAS,703.0,,10,22,-12
199712190WAS,RS,WAS,738.0,,10,24,-14
199712190WAS,RS,WAS,754.0,,11,24,-13
199712190WAS,RS,WAS,788.0,,11,27,-16
199712190WAS,RS,WAS,813.0,,13,27,-14
199712190WAS,RS,WAS,843.0,,13,30,-17
199712190WAS,RS,WAS,880.0,,13,32,-19
199712190WAS,RS,WAS,892.0,,13,33,-20
199712190WAS,RS,WAS,892.0,,13,34,-21
199712190WAS,RS,WAS,912.0,,15,34,-19
199712190WAS,RS,WAS,912.0,,16,34,-18
199712190WAS,RS,WAS,933.0,,19,34,-15
199712190WAS,RS,WAS,974.0,,21,34,-13
199712190WAS,RS,WAS,990.0,,21,35,-14
199712190WAS,RS,WAS,990.0,,21,36,-15
199712190WAS,RS,WAS,1013.0,,23,36,-13
199712190WAS,RS,WAS,1031.0,,23,38,-15
199712190WAS,RS,WAS,1058.0,,25,38,-13
199712190WAS,RS,WAS,1077.0,,25,40,-15
199712190WAS,RS,WAS,1087.0,,26,40,-14
199712190WAS,RS,WAS,1124.0,,26,42,-16
199712190WAS,RS,WAS,1147.0,,26,44,-18
199712190WAS,RS,WAS,1147.0,,26,45,-19
199712190WAS,RS,WAS,1174.0,,26,47,-21
199712190WAS,RS,WAS,1179.0,,26,49,-23
199712190WAS,RS,WAS,1205.0,,28,49,-21
199712190WAS,RS,WAS,1224.0,,28,51,-23
199712190WAS,RS,WAS,1224.0,,28,52,-24
199712190WAS,RS,WAS,1260.0,,28,54,-26
199712190WAS,RS,WAS,1276.0,,30,54,-24
199712190WAS,RS,WAS,1300.0,,30,56,-26
199712190WAS,RS,WAS,1318.0,,32,56,-24
199712190WAS,RS,WAS,1335.0,,32,57,-25
199712190WAS,RS,WAS,1335.0,,32,58,-26
199712190WAS,RS,WAS,1351.0,,34,58,-24
199712190WAS,RS,WAS,1381.0,,36,58,-22
199712190WAS,RS,WAS,1401.0,,37,58,-21
199712190WAS,RS,WAS,1401.0,,38,58,-20
199712190WAS,RS,WAS,1410.0,,38,60,-22
199712190WAS,RS,WAS,1433.0,,41,60,-19
199712190WAS,RS,WAS,1451.0,,41,61,-20
199712190WAS,RS,WAS,1451.0,,41,62,-21
199712190WAS,RS,WAS,1595.0,,41,64,-23
199712190WAS,RS,WAS,1642.0,,43,64,-21
199712190WAS,RS,WAS,1679.0,,45,64,-19
199712190WAS,RS,WAS,1711.0,,45,66,-21
199712190WAS,RS,WAS,1733.0,,46,66,-20
199712190WAS,RS,WAS,1733.0,,47,66,-19
199712190WAS,RS,WAS,1745.0,,47,68,-21
199712190WAS,RS,WAS,1762.0,,49,68,-19
199712190WAS,RS,WAS,1777.0,,49,70,-21
199712190WAS,RS,WAS,1805.0,,51,70,-19
199712190WAS,RS,WAS,1824.0,,51,72,-21
199712190WAS,RS,WAS,1857.0,,51,73,-22
199712190WAS,RS,WAS,1857.0,,52,73,-21
199712190WAS,RS,WAS,1857.0,,53,73,-20
199712190WAS,RS,WAS,1869.0,,53,74,-21
199712190WAS,RS,WAS,1869.0,,53,75,-22
199712190WAS,RS,WAS,1909.0,,55,75,-20
199712190WAS,RS,WAS,1909.0,,56,75,-19
199712190WAS,RS,WAS,1918.0,,56,78,-22
199712190WAS,RS,WAS,1933.0,,57,78,-21
199712190WAS,RS,WAS,1933.0,,58,78,-20
199712190WAS,RS,WAS,1968.0,,60,78,-18
199712190WAS,RS,WAS,1984.0,,60,80,-20
199712190WAS,RS,WAS,2049.0,,60,82,-22
199712190WAS,RS,WAS,2098.0,,60,84,-24
199712190WAS,RS,WAS,2117.0,,62,84,-22
199712190WAS,RS,WAS,2143.0,,62,86,-24
199712190WAS,RS,WAS,2205.0,,64,86,-22
199712190WAS,RS,WAS,2252.0,,66,86,-20
199712190WAS,RS,WAS,2319.0,,66,88,-22
199712190WAS,RS,WAS,2358.0,,68,88,-20
199712190WAS,RS,WAS,2385.0,,70,88,-18
199712190WAS,RS,WAS,2397.0,,70,90,-20
199712190WAS,RS,WAS,2397.0,,70,91,-21
199712190WAS,RS,WAS,2424.0,,70,93,-23
199712190WAS,RS,WAS,2446.0,,70,95,-25
199712190WAS,RS,WAS,2500.0,,72,95,-23
199712190WAS,RS,WAS,2552.0,,72,98,-26
199712190WAS,RS,WAS,2585.0,,72,100,-28
199712190WAS,RS,WAS,2653.0,,74,100,-26
199712190WAS,RS,WAS,2653.0,,75,100,-25
199712190WAS,RS,WAS,2666.0,,75,102,-27
199712190WAS,RS,WAS,2689.0,,77,102,-25
199712190WAS,RS,WAS,2707.0,,77,104,-27
199712190WAS,RS,WAS,2727.0,,79,104,-25
199712190WAS,RS,WAS,2747.0,,79,106,-27
199712190WAS,RS,WAS,2775.0,,82,106,-24
199712190WAS,RS,WAS,2803.0,F,84,106,-22
199712190WAS,RS,WAS,2873.0,,86,106,-20
199712200CHH,RS,LAL,0.0,,0,0,0
199712200CHH,RS,LAL,24.0,,1,0,1
199712200CHH,RS,LAL,24.0,,2,0,2
199712200CHH,RS,LAL,47.0,T,2,2,0
199712200CHH,RS,LAL,72.0,LC,2,3,-1
199712200CHH,RS,LAL,87.0,LC,4,3,1
199712200CHH,RS,LAL,123.0,,6,3,3
199712200CHH,RS,LAL,142.0,,8,3,5
199712200CHH,RS,LAL,175.0,,10,3,7
199712200CHH,RS,LAL,229.0,,10,5,5
199712200CHH,RS,LAL,246.0,,10,7,3
199712200CHH,RS,LAL,273.0,,12,7,5
199712200CHH,RS,LAL,279.0,,12,9,3
199712200CHH,RS,LAL,300.0,,14,9,5
199712200CHH,RS,LAL,339.0,,16,9,7
199712200CHH,RS,LAL,347.0,,16,11,5
199712200CHH,RS,LAL,358.0,,17,11,6
199712200CHH,RS,LAL,358.0,,18,11,7
199712200CHH,RS,LAL,418.0,,18,14,4
199712200CHH,RS,LAL,432.0,,20,14,6
199712200CHH,RS,LAL,514.0,,23,14,9
199712200CHH,RS,LAL,531.0,,23,16,7
199712200CHH,RS,LAL,559.0,,23,18,5
199712200CHH,RS,LAL,570.0,,25,18,7
199712200CHH,RS,LAL,604.0,,28,18,10
199712200CHH,RS,LAL,617.0,,28,20,8
199712200CHH,RS,LAL,657.0,,28,22,6
199712200CHH,RS,LAL,687.0,,28,24,4
199712200CHH,RS,LAL,706.0,,30,24,6
199712200CHH,RS,LAL,720.0,,30,26,4
199712200CHH,RS,LAL,725.0,,31,26,5
199712200CHH,RS,LAL,746.0,,31,28,3
199712200CHH,RS,LAL,772.0,,32,28,4
199712200CHH,RS,LAL,772.0,,33,28,5
199712200CHH,RS,LAL,791.0,,35,28,7
199712200CHH,RS,LAL,808.0,,35,30,5
199712200CHH,RS,LAL,840.0,,35,32,3
199712200CHH,RS,LAL,882.0,,35,34,1
199712200CHH,RS,LAL,925.0,,37,34,3
199712200CHH,RS,LAL,944.0,,37,36,1
199712200CHH,RS,LAL,979.0,T,37,37,0
199712200CHH,RS,LAL,979.0,LC,37,38,-1
199712200CHH,RS,LAL,988.0,LC,39,38,1
199712200CHH,RS,LAL,1013.0,,40,38,2
199712200CHH,RS,LAL,1013.0,,41,38,3
199712200CHH,RS,LAL,1042.0,,41,39,2
199712200CHH,RS,LAL,1042.0,,41,40,1
199712200CHH,RS,LAL,1058.0,,43,40,3
199712200CHH,RS,LAL,1071.0,T,43,43,0
199712200CHH,RS,LAL,1091.0,,45,43,2
199712200CHH,RS,LAL,1106.0,,45,44,1
199712200CHH,RS,LAL,1106.0,T,45,45,0
199712200CHH,RS,LAL,1126.0,,47,45,2
199712200CHH,RS,LAL,1134.0,T,47,47,0
199712200CHH,RS,LAL,1204.0,,50,47,3
199712200CHH,RS,LAL,1244.0,,50,49,1
199712200CHH,RS,LAL,1259.0,,51,49,2
199712200CHH,RS,LAL,1259.0,,52,49,3
199712200CHH,RS,LAL,1276.0,,52,51,1
199712200CHH,RS,LAL,1325.0,LC,52,53,-1
199712200CHH,RS,LAL,1376.0,T,53,53,0
199712200CHH,RS,LAL,1376.0,LC,54,53,1
199712200CHH,RS,LAL,1402.0,LC,54,56,-2
199712200CHH,RS,LAL,1462.0,T,56,56,0
199712200CHH,RS,LAL,1517.0,,56,58,-2
199712200CHH,RS,LAL,1570.0,T,58,58,0
199712200CHH,RS,LAL,1577.0,,58,60,-2
199712200CHH,RS,LAL,1594.0,T,60,60,0
199712200CHH,RS,LAL,1613.0,,60,61,-1
199712200CHH,RS,LAL,1636.0,LC,62,61,1
199712200CHH,RS,LAL,1636.0,,63,61,2
199712200CHH,RS,LAL,1653.0,T,63,63,0
199712200CHH,RS,LAL,1669.0,LC,63,65,-2
199712200CHH,RS,LAL,1740.0,T,65,65,0
199712200CHH,RS,LAL,1768.0,,65,66,-1
199712200CHH,RS,LAL,1824.0,,65,68,-3
199712200CHH,RS,LAL,1852.0,,65,71,-6
199712200CHH,RS,LAL,1885.0,,67,71,-4
199712200CHH,RS,LAL,1901.0,,69,71,-2
199712200CHH,RS,LAL,1937.0,,69,74,-5
199712200CHH,RS,LAL,1957.0,,69,76,-7
199712200CHH,RS,LAL,2016.0,,70,76,-6
199712200CHH,RS,LAL,2016.0,,71,76,-5
199712200CHH,RS,LAL,2047.0,,71,79,-8
199712200CHH,RS,LAL,2070.0,,73,79,-6
199712200CHH,RS,LAL,2094.0,,74,79,-5
199712200CHH,RS,LAL,2094.0,,75,79,-4
199712200CHH,RS,LAL,2112.0,,75,80,-5
199712200CHH,RS,LAL,2131.0,,76,80,-4
199712200CHH,RS,LAL,2156.0,,76,81,-5
199712200CHH,RS,LAL,2156.0,,76,82,-6
199712200CHH,RS,LAL,2160.0,,78,82,-4
199712200CHH,RS,LAL,2242.0,,78,85,-7
199712200CHH,RS,LAL,2344.0,,78,88,-10
199712200CHH,RS,LAL,2362.0,,79,88,-9
199712200CHH,RS,LAL,2418.0,,79,89,-10
199712200CHH,RS,LAL,2470.0,,81,89,-8
199712200CHH,RS,LAL,2488.0,,81,91,-10
199712200CHH,RS,LAL,2539.0,,84,91,-7
199712200CHH,RS,LAL,2564.0,,85,91,-6
199712200CHH,RS,LAL,2611.0,,86,91,-5
199712200CHH,RS,LAL,2611.0,,87,91,-4
199712200CHH,RS,LAL,2631.0,,89,91,-2
199712200CHH,RS,LAL,2651.0,,89,93,-4
199712200CHH,RS,LAL,2677.0,,91,93,-2
199712200CHH,RS,LAL,2694.0,,91,95,-4
199712200CHH,RS,LAL,2720.0,,93,95,-2
199712200CHH,RS,LAL,2720.0,,94,95,-1
199712200CHH,RS,LAL,2732.0,,94,97,-3
199712200CHH,RS,LAL,2765.0,,96,97,-1
199712200CHH,RS,LAL,2779.0,,96,100,-4
199712200CHH,RS,LAL,2790.0,,97,100,-3
199712200CHH,RS,LAL,2790.0,,98,100,-2
199712200CHH,RS,LAL,2808.0,,98,102,-4
199712200CHH,RS,LAL,2840.0,,98,105,-7
199712200CHH,RS,LAL,2847.0,,98,106,-8
199712200CHH,RS,LAL,2847.0,,98,107,-9
199712200CHH,RS,LAL,2852.0,,100,107,-7
199712200CHH,RS,LAL,2859.0,,100,108,-8
199712200CHH,RS,LAL,2859.0,F,100,109,-9
199712200CHH,RS,LAL,2870.0,,100,109,-9
199712220CHH,RS,TOR,0.0,,0,0,0
199712220CHH,RS,TOR,177.0,,2,0,2
199712220CHH,RS,TOR,208.0,T,2,2,0
199712220CHH,RS,TOR,228.0,,4,2,2
199712220CHH,RS,TOR,270.0,T,4,4,0
199712220CHH,RS,TOR,332.0,LC,4,6,-2
199712220CHH,RS,TOR,355.0,,4,9,-5
199712220CHH,RS,TOR,376.0,,5,9,-4
199712220CHH,RS,TOR,376.0,,6,9,-3
199712220CHH,RS,TOR,412.0,,6,11,-5
199712220CHH,RS,TOR,422.0,,7,11,-4
199712220CHH,RS,TOR,422.0,,8,11,-3
199712220CHH,RS,TOR,446.0,,8,13,-5
199712220CHH,RS,TOR,479.0,,10,13,-3
199712220CHH,RS,TOR,520.0,,11,13,-2
199712220CHH,RS,TOR,562.0,,11,15,-4
199712220CHH,RS,TOR,586.0,,12,15,-3
199712220CHH,RS,TOR,586.0,,13,15,-2
199712220CHH,RS,TOR,628.0,T,15,15,0
199712220CHH,RS,TOR,655.0,,15,17,-2
199712220CHH,RS,TOR,748.0,T,17,17,0
199712220CHH,RS,TOR,769.0,,17,19,-2
199712220CHH,RS,TOR,794.0,T,19,19,0
199712220CHH,RS,TOR,815.0,,19,21,-2
199712220CHH,RS,TOR,834.0,T,21,21,0
199712220CHH,RS,TOR,858.0,,21,23,-2
199712220CHH,RS,TOR,868.0,T,23,23,0
199712220CHH,RS,TOR,897.0,,23,24,-1
199712220CHH,RS,TOR,897.0,,23,25,-2
199712220CHH,RS,TOR,917.0,,23,27,-4
199712220CHH,RS,TOR,969.0,,25,27,-2
199712220CHH,RS,TOR,1070.0,,25,29,-4
199712220CHH,RS,TOR,1087.0,,25,30,-5
199712220CHH,RS,TOR,1087.0,,25,31,-6
199712220CHH,RS,TOR,1166.0,,25,32,-7
199712220CHH,RS,TOR,1166.0,,25,33,-8
199712220CHH,RS,TOR,1188.0,,25,35,-10
199712220CHH,RS,TOR,1203.0,,27,35,-8
199712220CHH,RS,TOR,1258.0,,27,37,-10
199712220CHH,RS,TOR,1277.0,,29,37,-8
199712220CHH,RS,TOR,1294.0,,29,38,-9
199712220CHH,RS,TOR,1294.0,,29,39,-10
199712220CHH,RS,TOR,1318.0,,31,39,-8
199712220CHH,RS,TOR,1341.0,,31,41,-10
199712220CHH,RS,TOR,1527.0,,33,41,-8
199712220CHH,RS,TOR,1550.0,,33,43,-10
199712220CHH,RS,TOR,1622.0,,35,43,-8
199712220CHH,RS,TOR,1642.0,,35,45,-10
199712220CHH,RS,TOR,1655.0,,37,45,-8
199712220CHH,RS,TOR,1729.0,,37,47,-10
199712220CHH,RS,TOR,1742.0,,39,47,-8
199712220CHH,RS,TOR,1765.0,,41,47,-6
199712220CHH,RS,TOR,1782.0,,41,48,-7
199712220CHH,RS,TOR,1782.0,,41,49,-8
199712220CHH,RS,TOR,1794.0,,43,49,-6
199712220CHH,RS,TOR,1829.0,,43,51,-8
199712220CHH,RS,TOR,1834.0,,44,51,-7
199712220CHH,RS,TOR,1834.0,,45,51,-6
199712220CHH,RS,TOR,1857.0,,47,51,-4
199712220CHH,RS,TOR,1949.0,,47,52,-5
199712220CHH,RS,TOR,1949.0,,47,53,-6
199712220CHH,RS,TOR,1993.0,,49,53,-4
199712220CHH,RS,TOR,2010.0,,49,55,-6
199712220CHH,RS,TOR,2034.0,,49,57,-8
199712220CHH,RS,TOR,2050.0,,51,57,-6
199712220CHH,RS,TOR,2090.0,,52,57,-5
199712220CHH,RS,TOR,2134.0,,52,58,-6
199712220CHH,RS,TOR,2134.0,,52,59,-7
199712220CHH,RS,TOR,2197.0,,54,59,-5
199712220CHH,RS,TOR,2211.0,,54,61,-7
199712220CHH,RS,TOR,2277.0,,54,63,-9
199712220CHH,RS,TOR,2321.0,,54,65,-11
199712220CHH,RS,TOR,2321.0,,54,66,-12
199712220CHH,RS,TOR,2383.0,,56,66,-10
199712220CHH,RS,TOR,2415.0,,58,66,-8
199712220CHH,RS,TOR,2453.0,,58,68,-10
199712220CHH,RS,TOR,2494.0,,60,68,-8
199712220CHH,RS,TOR,2534.0,,61,68,-7
199712220CHH,RS,TOR,2608.0,,61,69,-8
199712220CHH,RS,TOR,2608.0,,61,70,-9
199712220CHH,RS,TOR,2674.0,,64,70,-6
199712220CHH,RS,TOR,2700.0,,65,70,-5
199712220CHH,RS,TOR,2700.0,,66,70,-4
199712220CHH,RS,TOR,2711.0,,66,72,-6
199712220CHH,RS,TOR,2711.0,,66,73,-7
199712220CHH,RS,TOR,2731.0,,67,73,-6
199712220CHH,RS,TOR,2731.0,,68,73,-5
199712220CHH,RS,TOR,2751.0,,68,74,-6
199712220CHH,RS,TOR,2793.0,,68,75,-7
199712220CHH,RS,TOR,2793.0,,68,76,-8
199712220CHH,RS,TOR,2803.0,,71,76,-5
199712220CHH,RS,TOR,2818.0,,74,76,-2
199712220CHH,RS,TOR,2830.0,LC,77,76,1
199712220CHH,RS,TOR,2874.0,,78,76,2
199712220CHH,RS,TOR,2874.0,,79,76,3
199712220CHH,RS,TOR,2877.0,F,79,79,0
199712220CHH,RS,TOR,2880.0,,81,79,2
199712230BOS,RS,BOS,0.0,,0,0,0
199712230BOS,RS,BOS,67.0,,0,2,-2
199712230BOS,RS,BOS,105.0,T,2,2,0
199712230BOS,RS,BOS,167.0,LC,3,2,1
199712230BOS,RS,BOS,184.0,LC,3,5,-2
199712230BOS,RS,BOS,203.0,T,5,5,0
199712230BOS,RS,BOS,260.0,LC,7,5,2
199712230BOS,RS,BOS,285.0,,9,5,4
199712230BOS,RS,BOS,322.0,,9,7,2
199712230BOS,RS,BOS,372.0,,11,7,4
199712230BOS,RS,BOS,390.0,,11,9,2
199712230BOS,RS,BOS,407.0,,13,9,4
199712230BOS,RS,BOS,450.0,,15,9,6
199712230BOS,RS,BOS,467.0,,15,10,5
199712230BOS,RS,BOS,467.0,,15,11,4
199712230BOS,RS,BOS,489.0,,17,11,6
199712230BOS,RS,BOS,502.0,,17,13,4
199712230BOS,RS,BOS,555.0,,19,13,6
199712230BOS,RS,BOS,574.0,,19,16,3
199712230BOS,RS,BOS,586.0,,19,18,1
199712230BOS,RS,BOS,619.0,LC,19,20,-1
199712230BOS,RS,BOS,655.0,LC,21,20,1
199712230BOS,RS,BOS,677.0,LC,21,22,-1
199712230BOS,RS,BOS,696.0,T,22,22,0
199712230BOS,RS,BOS,696.0,LC,23,22,1
199712230BOS,RS,BOS,748.0,LC,23,24,-1
199712230BOS,RS,BOS,792.0,,23,26,-3
199712230BOS,RS,BOS,815.0,,23,28,-5
199712230BOS,RS,BOS,843.0,,25,28,-3
199712230BOS,RS,BOS,862.0,,25,29,-4
199712230BOS,RS,BOS,862.0,,25,30,-5
199712230BOS,RS,BOS,939.0,,27,30,-3
199712230BOS,RS,BOS,950.0,,27,32,-5
199712230BOS,RS,BOS,1003.0,,29,32,-3
199712230BOS,RS,BOS,1074.0,,31,32,-1
199712230BOS,RS,BOS,1104.0,,31,34,-3
199712230BOS,RS,BOS,1156.0,,33,34,-1
199712230BOS,RS,BOS,1181.0,T,34,34,0
199712230BOS,RS,BOS,1181.0,LC,35,34,1
199712230BOS,RS,BOS,1218.0,LC,35,36,-1
199712230BOS,RS,BOS,1218.0,,35,37,-2
199712230BOS,RS,BOS,1232.0,,35,38,-3
199712230BOS,RS,BOS,1232.0,,35,39,-4
199712230BOS,RS,BOS,1244.0,,36,39,-3
199712230BOS,RS,BOS,1310.0,,36,41,-5
199712230BOS,RS,BOS,1329.0,,36,43,-7
199712230BOS,RS,BOS,1387.0,,37,43,-6
199712230BOS,RS,BOS,1387.0,,38,43,-5
199712230BOS,RS,BOS,1402.0,,38,45,-7
199712230BOS,RS,BOS,1418.0,,41,45,-4
199712230BOS,RS,BOS,1457.0,,41,47,-6
199712230BOS,RS,BOS,1480.0,,43,47,-4
199712230BOS,RS,BOS,1497.0,,43,50,-7
199712230BOS,RS,BOS,1515.0,,45,50,-5
199712230BOS,RS,BOS,1531.0,,45,53,-8
199712230BOS,RS,BOS,1550.0,,47,53,-6
199712230BOS,RS,BOS,1603.0,,47,55,-8
199712230BOS,RS,BOS,1626.0,,49,55,-6
199712230BOS,RS,BOS,1641.0,,49,57,-8
199712230BOS,RS,BOS,1668.0,,52,57,-5
199712230BOS,RS,BOS,1697.0,,54,57,-3
199712230BOS,RS,BOS,1712.0,,54,59,-5
199712230BOS,RS,BOS,1723.0,,55,59,-4
199712230BOS,RS,BOS,1723.0,,56,59,-3
199712230BOS,RS,BOS,1781.0,T,59,59,0
199712230BOS,RS,BOS,1799.0,,59,62,-3
199712230BOS,RS,BOS,1845.0,,61,62,-1
199712230BOS,RS,BOS,1845.0,T,62,62,0
199712230BOS,RS,BOS,1854.0,,62,64,-2
199712230BOS,RS,BOS,1870.0,,62,66,-4
199712230BOS,RS,BOS,1881.0,,63,66,-3
199712230BOS,RS,BOS,1892.0,,63,68,-5
199712230BOS,RS,BOS,1920.0,,66,68,-2
199712230BOS,RS,BOS,1947.0,,66,70,-4
199712230BOS,RS,BOS,1958.0,,66,72,-6
199712230BOS,RS,BOS,1962.0,,68,72,-4
199712230BOS,RS,BOS,2010.0,,69,72,-3
199712230BOS,RS,BOS,2010.0,,70,72,-2
199712230BOS,RS,BOS,2041.0,,71,72,-1
199712230BOS,RS,BOS,2062.0,LC,73,72,1
199712230BOS,RS,BOS,2117.0,T,73,73,0
199712230BOS,RS,BOS,2143.0,LC,73,75,-2
199712230BOS,RS,BOS,2157.0,,73,76,-3
199712230BOS,RS,BOS,2157.0,,73,77,-4
199712230BOS,RS,BOS,2173.0,,74,77,-3
199712230BOS,RS,BOS,2173.0,,75,77,-2
199712230BOS,RS,BOS,2251.0,T,77,77,0
199712230BOS,RS,BOS,2260.0,,77,79,-2
199712230BOS,RS,BOS,2311.0,,77,81,-4
199712230BOS,RS,BOS,2341.0,,79,81,-2
199712230BOS,RS,BOS,2368.0,,79,83,-4
199712230BOS,RS,BOS,2400.0,,79,85,-6
199712230BOS,RS,BOS,2414.0,,79,87,-8
199712230BOS,RS,BOS,2461.0,,79,88,-9
199712230BOS,RS,BOS,2468.0,,80,88,-8
199712230BOS,RS,BOS,2468.0,,81,88,-7
199712230BOS,RS,BOS,2551.0,,81,89,-8
199712230BOS,RS,BOS,2551.0,,81,90,-9
199712230BOS,RS,BOS,2571.0,,81,92,-11
199712230BOS,RS,BOS,2591.0,,82,92,-10
199712230BOS,RS,BOS,2591.0,,83,92,-9
199712230BOS,RS,BOS,2600.0,,83,93,-10
199712230BOS,RS,BOS,2600.0,,83,94,-11
199712230BOS,RS,BOS,2640.0,,85,94,-9
199712230BOS,RS,BOS,2651.0,,85,95,-10
199712230BOS,RS,BOS,2655.0,,86,95,-9
199712230BOS,RS,BOS,2669.0,,87,95,-8
199712230BOS,RS,BOS,2717.0,,88,95,-7
199712230BOS,RS,BOS,2728.0,,88,96,-8
199712230BOS,RS,BOS,2728.0,,89,96,-7
199712230BOS,RS,BOS,2758.0,,90,96,-6
199712230BOS,RS,BOS,2777.0,,90,98,-8
199712230BOS,RS,BOS,2777.0,,90,99,-9
199712230BOS,RS,BOS,2817.0,,90,101,-11
199712230BOS,RS,BOS,2825.0,,93,101,-8
199712230BOS,RS,BOS,2842.0,,94,101,-7
199712230BOS,RS,BOS,2873.0,,96,101,-5
199712230BOS,RS,BOS,2880.0,,96,102,-6
199712230BOS,RS,BOS,2880.0,F,96,102,-6
199712260CHH,RS,CLE,0.0,,0,0,0
199712260CHH,RS,CLE,45.0,,0,2,-2
199712260CHH,RS,CLE,71.0,T,2,2,0
199712260CHH,RS,CLE,83.0,,2,4,-2
199712260CHH,RS,CLE,91.0,T,4,4,0
199712260CHH,RS,CLE,161.0,LC,6,4,2
199712260CHH,RS,CLE,172.0,,6,5,1
199712260CHH,RS,CLE,172.0,T,6,6,0
199712260CHH,RS,CLE,194.0,LC,6,8,-2
199712260CHH,RS,CLE,212.0,,6,10,-4
199712260CHH,RS,CLE,249.0,,7,10,-3
199712260CHH,RS,CLE,249.0,,8,10,-2
199712260CHH,RS,CLE,279.0,LC,11,10,1
199712260CHH,RS,CLE,292.0,LC,11,12,-1
199712260CHH,RS,CLE,318.0,LC,14,12,2
199712260CHH,RS,CLE,363.0,T,14,14,0
199712260CHH,RS,CLE,391.0,LC,14,16,-2
199712260CHH,RS,CLE,413.0,T,16,16,0
199712260CHH,RS,CLE,446.0,LC,18,16,2
199712260CHH,RS,CLE,468.0,T,18,18,0
199712260CHH,RS,CLE,509.0,,19,18,1
199712260CHH,RS,CLE,509.0,,20,18,2
199712260CHH,RS,CLE,525.0,T,20,20,0
199712260CHH,RS,CLE,525.0,LC,20,21,-1
199712260CHH,RS,CLE,558.0,,20,23,-3
199712260CHH,RS,CLE,584.0,,22,23,-1
199712260CHH,RS,CLE,598.0,,22,25,-3
199712260CHH,RS,CLE,613.0,,23,25,-2
199712260CHH,RS,CLE,613.0,,24,25,-1
199712260CHH,RS,CLE,667.0,,24,26,-2
199712260CHH,RS,CLE,689.0,T,26,26,0
199712260CHH,RS,CLE,754.0,LC,28,26,2
199712260CHH,RS,CLE,804.0,,30,26,4
199712260CHH,RS,CLE,848.0,,30,27,3
199712260CHH,RS,CLE,848.0,,30,28,2
199712260CHH,RS,CLE,896.0,,31,28,3
199712260CHH,RS,CLE,955.0,,33,28,5
199712260CHH,RS,CLE,973.0,,33,30,3
199712260CHH,RS,CLE,990.0,,33,32,1
199712260CHH,RS,CLE,1011.0,,34,32,2
199712260CHH,RS,CLE,1011.0,,35,32,3
199712260CHH,RS,CLE,1028.0,,35,34,1
199712260CHH,RS,CLE,1043.0,LC,35,36,-1
199712260CHH,RS,CLE,1080.0,LC,37,36,1
199712260CHH,RS,CLE,1080.0,,38,36,2
199712260CHH,RS,CLE,1096.0,,40,36,4
199712260CHH,RS,CLE,1127.0,,40,38,2
199712260CHH,RS,CLE,1203.0,,43,38,5
199712260CHH,RS,CLE,1251.0,,44,38,6
199712260CHH,RS,CLE,1251.0,,45,38,7
199712260CHH,RS,CLE,1289.0,,47,38,9
199712260CHH,RS,CLE,1341.0,,49,38,11
199712260CHH,RS,CLE,1397.0,,49,39,10
199712260CHH,RS,CLE,1397.0,,49,40,9
199712260CHH,RS,CLE,1480.0,,51,40,11
199712260CHH,RS,CLE,1492.0,,51,43,8
199712260CHH,RS,CLE,1523.0,,51,46,5
199712260CHH,RS,CLE,1567.0,,52,46,6
199712260CHH,RS,CLE,1590.0,,52,48,4
199712260CHH,RS,CLE,1610.0,,54,48,6
199712260CHH,RS,CLE,1621.0,,54,51,3
199712260CHH,RS,CLE,1642.0,,56,51,5
199712260CHH,RS,CLE,1695.0,,56,53,3
199712260CHH,RS,CLE,1717.0,,59,53,6
199712260CHH,RS,CLE,1749.0,,59,55,4
199712260CHH,RS,CLE,1767.0,,60,55,5
199712260CHH,RS,CLE,1767.0,,61,55,6
199712260CHH,RS,CLE,1783.0,,63,55,8
199712260CHH,RS,CLE,1846.0,,64,55,9
199712260CHH,RS,CLE,1846.0,,65,55,10
199712260CHH,RS,CLE,1846.0,,66,55,11
199712260CHH,RS,CLE,1870.0,,66,57,9
199712260CHH,RS,CLE,1907.0,,66,59,7
199712260CHH,RS,CLE,1996.0,,67,59,8
199712260CHH,RS,CLE,1996.0,,68,59,9
199712260CHH,RS,CLE,2013.0,,68,60,8
199712260CHH,RS,CLE,2013.0,,68,61,7
199712260CHH,RS,CLE,2037.0,,70,61,9
199712260CHH,RS,CLE,2076.0,,72,61,11
199712260CHH,RS,CLE,2100.0,,72,63,9
199712260CHH,RS,CLE,2120.0,,74,63,11
199712260CHH,RS,CLE,2204.0,,74,65,9
199712260CHH,RS,CLE,2233.0,,74,66,8
199712260CHH,RS,CLE,2233.0,,74,67,7
199712260CHH,RS,CLE,2258.0,,76,67,9
199712260CHH,RS,CLE,2320.0,,76,69,7
199712260CHH,RS,CLE,2345.0,,76,70,6
199712260CHH,RS,CLE,2345.0,,76,71,5
199712260CHH,RS,CLE,2359.0,,76,73,3
199712260CHH,RS,CLE,2372.0,,77,73,4
199712260CHH,RS,CLE,2372.0,,78,73,5
199712260CHH,RS,CLE,2392.0,,78,75,3
199712260CHH,RS,CLE,2419.0,,80,75,5
199712260CHH,RS,CLE,2474.0,,80,78,2
199712260CHH,RS,CLE,2567.0,,81,78,3
199712260CHH,RS,CLE,2567.0,,82,78,4
199712260CHH,RS,CLE,2588.0,,82,79,3
199712260CHH,RS,CLE,2590.0,,82,81,1
199712260CHH,RS,CLE,2594.0,,83,81,2
199712260CHH,RS,CLE,2594.0,,84,81,3
199712260CHH,RS,CLE,2665.0,,86,81,5
199712260CHH,RS,CLE,2722.0,,88,81,7
199712260CHH,RS,CLE,2766.0,,90,81,9
199712260CHH,RS,CLE,2783.0,,90,82,8
199712260CHH,RS,CLE,2783.0,,90,83,7
199712260CHH,RS,CLE,2799.0,,91,83,8
199712260CHH,RS,CLE,2799.0,,92,83,9
199712260CHH,RS,CLE,2816.0,,92,86,6
199712260CHH,RS,CLE,2827.0,,93,86,7
199712260CHH,RS,CLE,2827.0,,94,86,8
199712260CHH,RS,CLE,2876.0,F,96,86,10
199712260CHH,RS,CLE,2880.0,,96,88,8
199712270ORL,RS,ORL,0.0,,0,0,0
199712270ORL,RS,ORL,33.0,,0,2,-2
199712270ORL,RS,ORL,82.0,,0,3,-3
199712270ORL,RS,ORL,82.0,,0,4,-4
199712270ORL,RS,ORL,120.0,,0,7,-7
199712270ORL,RS,ORL,142.0,,2,7,-5
199712270ORL,RS,ORL,152.0,,2,10,-8
199712270ORL,RS,ORL,164.0,,4,10,-6
199712270ORL,RS,ORL,196.0,,4,12,-8
199712270ORL,RS,ORL,293.0,,6,12,-6
199712270ORL,RS,ORL,330.0,,6,14,-8
199712270ORL,RS,ORL,352.0,,8,14,-6
199712270ORL,RS,ORL,389.0,,10,14,-4
199712270ORL,RS,ORL,400.0,,10,16,-6
199712270ORL,RS,ORL,421.0,,10,18,-8
199712270ORL,RS,ORL,437.0,,12,18,-6
199712270ORL,RS,ORL,512.0,,14,18,-4
199712270ORL,RS,ORL,512.0,,15,18,-3
199712270ORL,RS,ORL,527.0,,15,19,-4
199712270ORL,RS,ORL,527.0,,15,20,-5
199712270ORL,RS,ORL,540.0,,15,21,-6
199712270ORL,RS,ORL,540.0,,15,22,-7
199712270ORL,RS,ORL,572.0,,17,22,-5
199712270ORL,RS,ORL,608.0,,17,25,-8
199712270ORL,RS,ORL,624.0,,19,25,-6
199712270ORL,RS,ORL,638.0,,19,26,-7
199712270ORL,RS,ORL,638.0,,19,27,-8
199712270ORL,RS,ORL,679.0,,21,27,-6
199712270ORL,RS,ORL,702.0,,21,29,-8
199712270ORL,RS,ORL,720.0,,22,29,-7
199712270ORL,RS,ORL,720.0,,23,29,-6
199712270ORL,RS,ORL,741.0,,25,29,-4
199712270ORL,RS,ORL,760.0,,25,31,-6
199712270ORL,RS,ORL,954.0,,27,31,-4
199712270ORL,RS,ORL,976.0,,27,33,-6
199712270ORL,RS,ORL,989.0,,29,33,-4
199712270ORL,RS,ORL,1077.0,,31,33,-2
199712270ORL,RS,ORL,1101.0,,31,35,-4
199712270ORL,RS,ORL,1113.0,,32,35,-3
199712270ORL,RS,ORL,1113.0,,33,35,-2
199712270ORL,RS,ORL,1123.0,,33,37,-4
199712270ORL,RS,ORL,1207.0,,34,37,-3
199712270ORL,RS,ORL,1234.0,,35,37,-2
199712270ORL,RS,ORL,1234.0,,36,37,-1
199712270ORL,RS,ORL,1278.0,,36,39,-3
199712270ORL,RS,ORL,1303.0,,38,39,-1
199712270ORL,RS,ORL,1347.0,LC,40,39,1
199712270ORL,RS,ORL,1363.0,LC,40,41,-1
199712270ORL,RS,ORL,1398.0,,40,43,-3
199712270ORL,RS,ORL,1419.0,,42,43,-1
199712270ORL,RS,ORL,1439.0,,42,45,-3
199712270ORL,RS,ORL,1440.0,,44,45,-1
199712270ORL,RS,ORL,1487.0,,44,47,-3
199712270ORL,RS,ORL,1510.0,,44,49,-5
199712270ORL,RS,ORL,1546.0,,44,51,-7
199712270ORL,RS,ORL,1565.0,,46,51,-5
199712270ORL,RS,ORL,1584.0,,46,53,-7
199712270ORL,RS,ORL,1652.0,,46,55,-9
199712270ORL,RS,ORL,1700.0,,47,55,-8
199712270ORL,RS,ORL,1700.0,,48,55,-7
199712270ORL,RS,ORL,1717.0,,48,57,-9
199712270ORL,RS,ORL,1736.0,,50,57,-7
199712270ORL,RS,ORL,1754.0,,50,59,-9
199712270ORL,RS,ORL,1768.0,,53,59,-6
199712270ORL,RS,ORL,1797.0,,53,61,-8
199712270ORL,RS,ORL,1821.0,,55,61,-6
199712270ORL,RS,ORL,1841.0,,55,64,-9
199712270ORL,RS,ORL,1869.0,,55,66,-11
199712270ORL,RS,ORL,1890.0,,57,66,-9
199712270ORL,RS,ORL,1908.0,,57,68,-11
199712270ORL,RS,ORL,1934.0,,59,68,-9
199712270ORL,RS,ORL,1963.0,,59,70,-11
199712270ORL,RS,ORL,2000.0,,59,72,-13
199712270ORL,RS,ORL,2015.0,,61,72,-11
199712270ORL,RS,ORL,2037.0,,61,74,-13
199712270ORL,RS,ORL,2076.0,,63,74,-11
199712270ORL,RS,ORL,2145.0,,64,74,-10
199712270ORL,RS,ORL,2145.0,,65,74,-9
199712270ORL,RS,ORL,2154.0,,65,76,-11
199712270ORL,RS,ORL,2202.0,,66,76,-10
199712270ORL,RS,ORL,2220.0,,66,78,-12
199712270ORL,RS,ORL,2256.0,,66,80,-14
199712270ORL,RS,ORL,2420.0,,67,80,-13
199712270ORL,RS,ORL,2420.0,,68,80,-12
199712270ORL,RS,ORL,2466.0,,68,83,-15
199712270ORL,RS,ORL,2481.0,,70,83,-13
199712270ORL,RS,ORL,2499.0,,70,85,-15
199712270ORL,RS,ORL,2550.0,,71,85,-14
199712270ORL,RS,ORL,2550.0,,72,85,-13
199712270ORL,RS,ORL,2588.0,,74,85,-11
199712270ORL,RS,ORL,2609.0,,74,87,-13
199712270ORL,RS,ORL,2657.0,,75,87,-12
199712270ORL,RS,ORL,2657.0,,76,87,-11
199712270ORL,RS,ORL,2698.0,,76,89,-13
199712270ORL,RS,ORL,2710.0,,78,89,-11
199712270ORL,RS,ORL,2745.0,,79,89,-10
199712270ORL,RS,ORL,2745.0,,80,89,-9
199712270ORL,RS,ORL,2796.0,,82,89,-7
199712270ORL,RS,ORL,2804.0,,82,90,-8
199712270ORL,RS,ORL,2821.0,,82,91,-9
199712270ORL,RS,ORL,2821.0,,82,92,-10
199712270ORL,RS,ORL,2837.0,,85,92,-7
199712270ORL,RS,ORL,2838.0,,85,93,-8
199712270ORL,RS,ORL,2838.0,,85,94,-9
199712270ORL,RS,ORL,2852.0,,85,95,-10
199712270ORL,RS,ORL,2852.0,F,85,96,-11
199712270ORL,RS,ORL,2865.0,,87,96,-9
199712290HOU,RS,HOU,0.0,,0,0,0
199712290HOU,RS,HOU,5.0,,2,0,2
199712290HOU,RS,HOU,26.0,T,2,2,0
199712290HOU,RS,HOU,73.0,,4,2,2
199712290HOU,RS,HOU,101.0,,6,2,4
199712290HOU,RS,HOU,109.0,,6,4,2
199712290HOU,RS,HOU,126.0,,8,4,4
199712290HOU,RS,HOU,188.0,,8,6,2
199712290HOU,RS,HOU,221.0,,10,6,4
199712290HOU,RS,HOU,251.0,,12,6,6
199712290HOU,RS,HOU,353.0,,15,6,9
199712290HOU,RS,HOU,372.0,,15,8,7
199712290HOU,RS,HOU,395.0,,15,10,5
199712290HOU,RS,HOU,409.0,,16,10,6
199712290HOU,RS,HOU,487.0,,16,12,4
199712290HOU,RS,HOU,503.0,,18,12,6
199712290HOU,RS,HOU,547.0,,19,12,7
199712290HOU,RS,HOU,547.0,,20,12,8
199712290HOU,RS,HOU,563.0,,20,14,6
199712290HOU,RS,HOU,563.0,,20,15,5
199712290HOU,RS,HOU,587.0,,20,17,3
199712290HOU,RS,HOU,610.0,,23,17,6
199712290HOU,RS,HOU,640.0,,25,17,8
199712290HOU,RS,HOU,668.0,,27,17,10
199712290HOU,RS,HOU,683.0,,27,19,8
199712290HOU,RS,HOU,689.0,,29,19,10
199712290HOU,RS,HOU,701.0,,30,19,11
199712290HOU,RS,HOU,701.0,,31,19,12
199712290HOU,RS,HOU,719.0,,31,21,10
199712290HOU,RS,HOU,738.0,,31,23,8
199712290HOU,RS,HOU,756.0,,33,23,10
199712290HOU,RS,HOU,798.0,,36,23,13
199712290HOU,RS,HOU,820.0,,36,25,11
199712290HOU,RS,HOU,851.0,,36,27,9
199712290HOU,RS,HOU,869.0,,39,27,12
199712290HOU,RS,HOU,906.0,,39,28,11
199712290HOU,RS,HOU,926.0,,39,31,8
199712290HOU,RS,HOU,953.0,,39,34,5
199712290HOU,RS,HOU,988.0,,42,34,8
199712290HOU,RS,HOU,1007.0,,42,36,6
199712290HOU,RS,HOU,1037.0,,42,37,5
199712290HOU,RS,HOU,1057.0,,42,39,3
199712290HOU,RS,HOU,1073.0,,44,39,5
199712290HOU,RS,HOU,1091.0,,44,42,2
199712290HOU,RS,HOU,1114.0,T,44,44,0
199712290HOU,RS,HOU,1131.0,,46,44,2
199712290HOU,RS,HOU,1155.0,T,46,46,0
199712290HOU,RS,HOU,1193.0,LC,46,49,-3
199712290HOU,RS,HOU,1211.0,,48,49,-1
199712290HOU,RS,HOU,1239.0,,48,52,-4
199712290HOU,RS,HOU,1255.0,,49,52,-3
199712290HOU,RS,HOU,1271.0,T,52,52,0
199712290HOU,RS,HOU,1364.0,LC,54,52,2
199712290HOU,RS,HOU,1396.0,T,54,54,0
199712290HOU,RS,HOU,1410.0,,55,54,1
199712290HOU,RS,HOU,1410.0,,56,54,2
199712290HOU,RS,HOU,1437.0,,57,54,3
199712290HOU,RS,HOU,1437.0,,58,54,4
199712290HOU,RS,HOU,1456.0,,58,56,2
199712290HOU,RS,HOU,1474.0,,60,56,4
199712290HOU,RS,HOU,1497.0,,60,58,2
199712290HOU,RS,HOU,1517.0,,62,58,4
199712290HOU,RS,HOU,1552.0,,64,58,6
199712290HOU,RS,HOU,1624.0,,64,59,5
199712290HOU,RS,HOU,1640.0,,64,61,3
199712290HOU,RS,HOU,1674.0,,66,61,5
199712290HOU,RS,HOU,1718.0,,66,64,2
199712290HOU,RS,HOU,1788.0,,67,64,3
199712290HOU,RS,HOU,1811.0,,69,64,5
199712290HOU,RS,HOU,1838.0,,71,64,7
199712290HOU,RS,HOU,1850.0,,71,66,5
199712290HOU,RS,HOU,1897.0,,73,66,7
199712290HOU,RS,HOU,1933.0,,75,66,9
199712290HOU,RS,HOU,1946.0,,75,68,7
199712290HOU,RS,HOU,1965.0,,77,68,9
199712290HOU,RS,HOU,1981.0,,77,69,8
199712290HOU,RS,HOU,1992.0,,80,69,11
199712290HOU,RS,HOU,2006.0,,80,72,8
199712290HOU,RS,HOU,2052.0,,82,72,10
199712290HOU,RS,HOU,2080.0,,85,72,13
199712290HOU,RS,HOU,2127.0,,85,74,11
199712290HOU,RS,HOU,2147.0,,87,74,13
199712290HOU,RS,HOU,2193.0,,87,76,11
199712290HOU,RS,HOU,2215.0,,90,76,14
199712290HOU,RS,HOU,2245.0,,90,78,12
199712290HOU,RS,HOU,2259.0,,92,78,14
199712290HOU,RS,HOU,2305.0,,92,81,11
199712290HOU,RS,HOU,2322.0,,94,81,13
199712290HOU,RS,HOU,2353.0,,97,81,16
199712290HOU,RS,HOU,2370.0,,97,83,14
199712290HOU,RS,HOU,2391.0,,98,83,15
199712290HOU,RS,HOU,2416.0,,98,84,14
199712290HOU,RS,HOU,2416.0,,98,85,13
199712290HOU,RS,HOU,2442.0,,98,86,12
199712290HOU,RS,HOU,2442.0,,98,87,11
199712290HOU,RS,HOU,2464.0,,101,87,14
199712290HOU,RS,HOU,2529.0,,104,87,17
199712290HOU,RS,HOU,2554.0,,106,87,19
199712290HOU,RS,HOU,2570.0,,106,89,17
199712290HOU,RS,HOU,2590.0,,108,89,19
199712290HOU,RS,HOU,2605.0,,110,89,21
199712290HOU,RS,HOU,2621.0,,110,92,18
199712290HOU,RS,HOU,2641.0,,112,92,20
199712290HOU,RS,HOU,2684.0,,112,94,18
199712290HOU,RS,HOU,2712.0,,114,94,20
199712290HOU,RS,HOU,2750.0,,116,94,22
199712290HOU,RS,HOU,2763.0,,116,95,21
199712290HOU,RS,HOU,2796.0,,118,95,23
199712290HOU,RS,HOU,2815.0,,118,97,21
199712290HOU,RS,HOU,2830.0,,118,98,20
199712290HOU,RS,HOU,2830.0,,118,99,19
199712290HOU,RS,HOU,2845.0,,120,99,21
199712290HOU,RS,HOU,2854.0,F,120,101,19
199712290HOU,RS,HOU,2880.0,,120,101,19
199801020CHH,RS,MIA,0.0,,0,0,0
199801020CHH,RS,MIA,61.0,,0,2,-2
199801020CHH,RS,MIA,98.0,,0,5,-5
199801020CHH,RS,MIA,122.0,,2,5,-3
199801020CHH,RS,MIA,155.0,,3,5,-2
199801020CHH,RS,MIA,168.0,,3,7,-4
199801020CHH,RS,MIA,194.0,,3,9,-6
199801020CHH,RS,MIA,212.0,,6,9,-3
199801020CHH,RS,MIA,271.0,,8,9,-1
199801020CHH,RS,MIA,303.0,LC,10,9,1
199801020CHH,RS,MIA,359.0,,12,9,3
199801020CHH,RS,MIA,380.0,,12,11,1
199801020CHH,RS,MIA,410.0,,14,11,3
199801020CHH,RS,MIA,436.0,,16,11,5
199801020CHH,RS,MIA,459.0,,16,13,3
199801020CHH,RS,MIA,488.0,,16,15,1
199801020CHH,RS,MIA,516.0,,18,15,3
199801020CHH,RS,MIA,544.0,,18,16,2
199801020CHH,RS,MIA,560.0,,20,16,4
199801020CHH,RS,MIA,573.0,,20,18,2
199801020CHH,RS,MIA,608.0,T,20,20,0
199801020CHH,RS,MIA,647.0,LC,20,22,-2
199801020CHH,RS,MIA,682.0,,20,23,-3
199801020CHH,RS,MIA,742.0,,22,23,-1
199801020CHH,RS,MIA,764.0,,22,25,-3
199801020CHH,RS,MIA,801.0,,24,25,-1
199801020CHH,RS,MIA,808.0,,24,26,-2
199801020CHH,RS,MIA,808.0,,24,27,-3
199801020CHH,RS,MIA,881.0,,24,28,-4
199801020CHH,RS,MIA,929.0,,24,30,-6
199801020CHH,RS,MIA,951.0,,26,30,-4
199801020CHH,RS,MIA,972.0,,26,33,-7
199801020CHH,RS,MIA,1032.0,,26,36,-10
199801020CHH,RS,MIA,1098.0,,28,36,-8
199801020CHH,RS,MIA,1120.0,,28,38,-10
199801020CHH,RS,MIA,1140.0,,31,38,-7
199801020CHH,RS,MIA,1171.0,,33,38,-5
199801020CHH,RS,MIA,1247.0,,35,38,-3
199801020CHH,RS,MIA,1315.0,,35,39,-4
199801020CHH,RS,MIA,1348.0,,35,41,-6
199801020CHH,RS,MIA,1376.0,,35,42,-7
199801020CHH,RS,MIA,1404.0,,35,44,-9
199801020CHH,RS,MIA,1431.0,,37,44,-7
199801020CHH,RS,MIA,1453.0,,38,44,-6
199801020CHH,RS,MIA,1463.0,,40,44,-4
199801020CHH,RS,MIA,1493.0,,43,44,-1
199801020CHH,RS,MIA,1517.0,,43,47,-4
199801020CHH,RS,MIA,1541.0,,43,49,-6
199801020CHH,RS,MIA,1560.0,,45,49,-4
199801020CHH,RS,MIA,1605.0,,45,51,-6
199801020CHH,RS,MIA,1621.0,,46,51,-5
199801020CHH,RS,MIA,1621.0,,47,51,-4
199801020CHH,RS,MIA,1649.0,,47,53,-6
199801020CHH,RS,MIA,1663.0,,49,53,-4
199801020CHH,RS,MIA,1663.0,,50,53,-3
199801020CHH,RS,MIA,1726.0,,50,55,-5
199801020CHH,RS,MIA,1791.0,,50,57,-7
199801020CHH,RS,MIA,1895.0,,52,57,-5
199801020CHH,RS,MIA,1935.0,,54,57,-3
199801020CHH,RS,MIA,1959.0,,54,58,-4
199801020CHH,RS,MIA,2021.0,,54,60,-6
199801020CHH,RS,MIA,2037.0,,56,60,-4
199801020CHH,RS,MIA,2077.0,,58,60,-2
199801020CHH,RS,MIA,2106.0,T,60,60,0
199801020CHH,RS,MIA,2130.0,LC,61,60,1
199801020CHH,RS,MIA,2130.0,,62,60,2
199801020CHH,RS,MIA,2130.0,,63,60,3
199801020CHH,RS,MIA,2147.0,,63,62,1
199801020CHH,RS,MIA,2201.0,,65,62,3
199801020CHH,RS,MIA,2220.0,,65,64,1
199801020CHH,RS,MIA,2253.0,,67,64,3
199801020CHH,RS,MIA,2261.0,,69,64,5
199801020CHH,RS,MIA,2288.0,,71,64,7
199801020CHH,RS,MIA,2326.0,,71,67,4
199801020CHH,RS,MIA,2354.0,,73,67,6
199801020CHH,RS,MIA,2367.0,,73,70,3
199801020CHH,RS,MIA,2419.0,,73,71,2
199801020CHH,RS,MIA,2538.0,,74,71,3
199801020CHH,RS,MIA,2538.0,,75,71,4
199801020CHH,RS,MIA,2557.0,,75,73,2
199801020CHH,RS,MIA,2604.0,,76,73,3
199801020CHH,RS,MIA,2604.0,,77,73,4
199801020CHH,RS,MIA,2618.0,,77,75,2
199801020CHH,RS,MIA,2693.0,LC,77,78,-1
199801020CHH,RS,MIA,2709.0,T,78,78,0
199801020CHH,RS,MIA,2724.0,,78,80,-2
199801020CHH,RS,MIA,2765.0,,78,82,-4
199801020CHH,RS,MIA,2816.0,,81,82,-1
199801020CHH,RS,MIA,2854.0,,81,83,-2
199801020CHH,RS,MIA,2854.0,,81,84,-3
199801020CHH,RS,MIA,2880.0,T,84,84,0
199801020CHH,RS,MIA,2902.0,,84,86,-2
199801020CHH,RS,MIA,2933.0,T,86,86,0
199801020CHH,RS,MIA,3025.0,LC,88,86,2
199801020CHH,RS,MIA,3064.0,,90,86,4
199801020CHH,RS,MIA,3107.0,,92,86,6
199801020CHH,RS,MIA,3142.0,,93,86,7
199801020CHH,RS,MIA,3142.0,,94,86,8
199801020CHH,RS,MIA,3150.0,,94,87,7
199801020CHH,RS,MIA,3155.0,,94,88,6
199801020CHH,RS,MIA,3161.0,,95,88,7
199801020CHH,RS,MIA,3165.0,,97,88,9
199801020CHH,RS,MIA,3175.0,,99,88,11
199801020CHH,RS,MIA,3175.0,F,98,88,10
199801040SAC,RS,SAC,0.0,,0,0,0
199801040SAC,RS,SAC,45.0,,0,2,-2
199801040SAC,RS,SAC,80.0,,0,4,-4
199801040SAC,RS,SAC,93.0,,2,4,-2
199801040SAC,RS,SAC,119.0,,2,6,-4
199801040SAC,RS,SAC,133.0,,4,6,-2
199801040SAC,RS,SAC,186.0,,4,8,-4
199801040SAC,RS,SAC,208.0,,4,10,-6
199801040SAC,RS,SAC,242.0,,4,12,-8
199801040SAC,RS,SAC,251.0,,6,12,-6
199801040SAC,RS,SAC,297.0,,8,12,-4
199801040SAC,RS,SAC,368.0,,8,14,-6
199801040SAC,RS,SAC,393.0,,10,14,-4
199801040SAC,RS,SAC,412.0,,10,16,-6
199801040SAC,RS,SAC,419.0,,12,16,-4
199801040SAC,RS,SAC,455.0,,12,18,-6
199801040SAC,RS,SAC,486.0,,12,19,-7
199801040SAC,RS,SAC,486.0,,12,20,-8
199801040SAC,RS,SAC,522.0,,14,20,-6
199801040SAC,RS,SAC,545.0,,14,22,-8
199801040SAC,RS,SAC,562.0,,14,24,-10
199801040SAC,RS,SAC,594.0,,14,26,-12
199801040SAC,RS,SAC,603.0,,15,26,-11
199801040SAC,RS,SAC,603.0,,16,26,-10
199801040SAC,RS,SAC,619.0,,16,28,-12
199801040SAC,RS,SAC,645.0,,16,30,-14
199801040SAC,RS,SAC,661.0,,18,30,-12
199801040SAC,RS,SAC,671.0,,18,33,-15
199801040SAC,RS,SAC,740.0,,18,35,-17
199801040SAC,RS,SAC,751.0,,20,35,-15
199801040SAC,RS,SAC,801.0,,20,36,-16
199801040SAC,RS,SAC,813.0,,22,36,-14
199801040SAC,RS,SAC,831.0,,22,38,-16
199801040SAC,RS,SAC,845.0,,22,40,-18
199801040SAC,RS,SAC,875.0,,22,42,-20
199801040SAC,RS,SAC,926.0,,24,42,-18
199801040SAC,RS,SAC,969.0,,24,44,-20
199801040SAC,RS,SAC,1002.0,,24,46,-22
199801040SAC,RS,SAC,1018.0,,26,46,-20
199801040SAC,RS,SAC,1038.0,,26,48,-22
199801040SAC,RS,SAC,1053.0,,27,48,-21
199801040SAC,RS,SAC,1053.0,,28,48,-20
199801040SAC,RS,SAC,1068.0,,28,50,-22
199801040SAC,RS,SAC,1086.0,,29,50,-21
199801040SAC,RS,SAC,1086.0,,30,50,-20
199801040SAC,RS,SAC,1150.0,,30,53,-23
199801040SAC,RS,SAC,1189.0,,30,54,-24
199801040SAC,RS,SAC,1210.0,,30,56,-26
199801040SAC,RS,SAC,1224.0,,32,56,-24
199801040SAC,RS,SAC,1248.0,,32,58,-26
199801040SAC,RS,SAC,1279.0,,32,60,-28
199801040SAC,RS,SAC,1302.0,,32,62,-30
199801040SAC,RS,SAC,1324.0,,33,62,-29
199801040SAC,RS,SAC,1369.0,,34,62,-28
199801040SAC,RS,SAC,1369.0,,35,62,-27
199801040SAC,RS,SAC,1477.0,,36,62,-26
199801040SAC,RS,SAC,1492.0,,36,64,-28
199801040SAC,RS,SAC,1507.0,,37,64,-27
199801040SAC,RS,SAC,1507.0,,38,64,-26
199801040SAC,RS,SAC,1586.0,,40,64,-24
199801040SAC,RS,SAC,1606.0,,40,65,-25
199801040SAC,RS,SAC,1606.0,,40,66,-26
199801040SAC,RS,SAC,1642.0,,40,68,-28
199801040SAC,RS,SAC,1664.0,,42,68,-26
199801040SAC,RS,SAC,1680.0,,42,70,-28
199801040SAC,RS,SAC,1753.0,,42,72,-30
199801040SAC,RS,SAC,1776.0,,45,72,-27
199801040SAC,RS,SAC,1824.0,,45,75,-30
199801040SAC,RS,SAC,1845.0,,47,75,-28
199801040SAC,RS,SAC,1883.0,,47,77,-30
199801040SAC,RS,SAC,1904.0,,47,79,-32
199801040SAC,RS,SAC,1912.0,,49,79,-30
199801040SAC,RS,SAC,1931.0,,49,81,-32
199801040SAC,RS,SAC,1943.0,,51,81,-30
199801040SAC,RS,SAC,1965.0,,51,82,-31
199801040SAC,RS,SAC,1965.0,,51,83,-32
199801040SAC,RS,SAC,2024.0,,52,83,-31
199801040SAC,RS,SAC,2024.0,,53,83,-30
199801040SAC,RS,SAC,2040.0,,53,84,-31
199801040SAC,RS,SAC,2040.0,,53,85,-32
199801040SAC,RS,SAC,2051.0,,55,85,-30
199801040SAC,RS,SAC,2120.0,,55,88,-33
199801040SAC,RS,SAC,2129.0,,56,88,-32
199801040SAC,RS,SAC,2129.0,,57,88,-31
199801040SAC,RS,SAC,2148.0,,59,88,-29
199801040SAC,RS,SAC,2170.0,,61,88,-27
199801040SAC,RS,SAC,2201.0,,62,88,-26
199801040SAC,RS,SAC,2201.0,,63,88,-25
199801040SAC,RS,SAC,2249.0,,63,90,-27
199801040SAC,RS,SAC,2267.0,,65,90,-25
199801040SAC,RS,SAC,2312.0,,66,90,-24
199801040SAC,RS,SAC,2322.0,,66,91,-25
199801040SAC,RS,SAC,2343.0,,68,91,-23
199801040SAC,RS,SAC,2362.0,,68,93,-25
199801040SAC,RS,SAC,2390.0,,70,93,-23
199801040SAC,RS,SAC,2416.0,,70,95,-25
199801040SAC,RS,SAC,2423.0,,70,97,-27
199801040SAC,RS,SAC,2440.0,,72,97,-25
199801040SAC,RS,SAC,2488.0,,74,97,-23
199801040SAC,RS,SAC,2529.0,,77,97,-20
199801040SAC,RS,SAC,2566.0,,77,99,-22
199801040SAC,RS,SAC,2578.0,,79,99,-20
199801040SAC,RS,SAC,2604.0,,81,99,-18
199801040SAC,RS,SAC,2665.0,,83,99,-16
199801040SAC,RS,SAC,2665.0,,84,99,-15
199801040SAC,RS,SAC,2675.0,,84,100,-16
199801040SAC,RS,SAC,2675.0,,84,101,-17
199801040SAC,RS,SAC,2688.0,,86,101,-15
199801040SAC,RS,SAC,2705.0,,86,103,-17
199801040SAC,RS,SAC,2738.0,,86,104,-18
199801040SAC,RS,SAC,2775.0,,88,104,-16
199801040SAC,RS,SAC,2854.0,,88,106,-18
199801040SAC,RS,SAC,2874.0,,90,106,-16
199801040SAC,RS,SAC,2874.0,F,90,106,-16
199801060SEA,RS,SEA,0.0,,0,0,0
199801060SEA,RS,SEA,31.0,,2,0,2
199801060SEA,RS,SEA,98.0,T,2,2,0
199801060SEA,RS,SEA,135.0,,5,2,3
199801060SEA,RS,SEA,171.0,,5,4,1
199801060SEA,RS,SEA,189.0,,6,4,2
199801060SEA,RS,SEA,189.0,,7,4,3
199801060SEA,RS,SEA,232.0,,7,6,1
199801060SEA,RS,SEA,251.0,,9,6,3
199801060SEA,RS,SEA,269.0,,9,8,1
199801060SEA,RS,SEA,291.0,,11,8,3
199801060SEA,RS,SEA,307.0,,11,10,1
199801060SEA,RS,SEA,354.0,LC,11,12,-1
199801060SEA,RS,SEA,391.0,LC,14,12,2
199801060SEA,RS,SEA,410.0,,14,13,1
199801060SEA,RS,SEA,410.0,T,14,14,0
199801060SEA,RS,SEA,433.0,,16,14,2
199801060SEA,RS,SEA,458.0,T,16,16,0
199801060SEA,RS,SEA,488.0,,18,16,2
199801060SEA,RS,SEA,500.0,T,18,18,0
199801060SEA,RS,SEA,517.0,,19,18,1
199801060SEA,RS,SEA,538.0,,21,18,3
199801060SEA,RS,SEA,566.0,,21,19,2
199801060SEA,RS,SEA,566.0,,21,20,1
199801060SEA,RS,SEA,581.0,,23,20,3
199801060SEA,RS,SEA,595.0,,23,22,1
199801060SEA,RS,SEA,623.0,,25,22,3
199801060SEA,RS,SEA,641.0,T,25,25,0
199801060SEA,RS,SEA,681.0,LC,25,27,-2
199801060SEA,RS,SEA,698.0,T,27,27,0
199801060SEA,RS,SEA,712.0,,27,29,-2
199801060SEA,RS,SEA,734.0,T,29,29,0
199801060SEA,RS,SEA,750.0,,29,32,-3
199801060SEA,RS,SEA,787.0,,31,32,-1
199801060SEA,RS,SEA,787.0,T,32,32,0
199801060SEA,RS,SEA,797.0,,32,34,-2
199801060SEA,RS,SEA,864.0,,32,36,-4
199801060SEA,RS,SEA,912.0,,32,38,-6
199801060SEA,RS,SEA,954.0,,32,39,-7
199801060SEA,RS,SEA,954.0,,32,40,-8
199801060SEA,RS,SEA,965.0,,34,40,-6
199801060SEA,RS,SEA,986.0,,34,42,-8
199801060SEA,RS,SEA,1060.0,,34,44,-10
199801060SEA,RS,SEA,1105.0,,36,44,-8
199801060SEA,RS,SEA,1121.0,,36,46,-10
199801060SEA,RS,SEA,1153.0,,36,48,-12
199801060SEA,RS,SEA,1169.0,,38,48,-10
199801060SEA,RS,SEA,1220.0,,41,48,-7
199801060SEA,RS,SEA,1301.0,,43,48,-5
199801060SEA,RS,SEA,1337.0,,46,48,-2
199801060SEA,RS,SEA,1412.0,LC,49,48,1
199801060SEA,RS,SEA,1439.0,LC,49,51,-2
199801060SEA,RS,SEA,1440.0,T,51,51,0
199801060SEA,RS,SEA,1487.0,LC,53,51,2
199801060SEA,RS,SEA,1511.0,T,53,53,0
199801060SEA,RS,SEA,1559.0,LC,53,55,-2
199801060SEA,RS,SEA,1580.0,,54,55,-1
199801060SEA,RS,SEA,1617.0,,54,57,-3
199801060SEA,RS,SEA,1624.0,,56,57,-1
199801060SEA,RS,SEA,1652.0,,56,58,-2
199801060SEA,RS,SEA,1652.0,,56,59,-3
199801060SEA,RS,SEA,1735.0,,58,59,-1
199801060SEA,RS,SEA,1795.0,,58,60,-2
199801060SEA,RS,SEA,1825.0,,58,62,-4
199801060SEA,RS,SEA,1858.0,,58,65,-7
199801060SEA,RS,SEA,1889.0,,58,67,-9
199801060SEA,RS,SEA,1928.0,,58,69,-11
199801060SEA,RS,SEA,1968.0,,58,70,-12
199801060SEA,RS,SEA,1968.0,,58,71,-13
199801060SEA,RS,SEA,2018.0,,58,72,-14
199801060SEA,RS,SEA,2041.0,,60,72,-12
199801060SEA,RS,SEA,2068.0,,60,75,-15
199801060SEA,RS,SEA,2094.0,,62,75,-13
199801060SEA,RS,SEA,2104.0,,62,76,-14
199801060SEA,RS,SEA,2104.0,,62,77,-15
199801060SEA,RS,SEA,2157.0,,62,79,-17
199801060SEA,RS,SEA,2171.0,,62,81,-19
199801060SEA,RS,SEA,2238.0,,64,81,-17
199801060SEA,RS,SEA,2301.0,,66,81,-15
199801060SEA,RS,SEA,2354.0,,66,83,-17
199801060SEA,RS,SEA,2439.0,,66,85,-19
199801060SEA,RS,SEA,2460.0,,66,87,-21
199801060SEA,RS,SEA,2481.0,,69,87,-18
199801060SEA,RS,SEA,2507.0,,69,90,-21
199801060SEA,RS,SEA,2516.0,,71,90,-19
199801060SEA,RS,SEA,2567.0,,71,91,-20
199801060SEA,RS,SEA,2567.0,,71,92,-21
199801060SEA,RS,SEA,2603.0,,71,93,-22
199801060SEA,RS,SEA,2603.0,,71,94,-23
199801060SEA,RS,SEA,2627.0,,73,94,-21
199801060SEA,RS,SEA,2656.0,,73,95,-22
199801060SEA,RS,SEA,2656.0,,73,96,-23
199801060SEA,RS,SEA,2675.0,,75,96,-21
199801060SEA,RS,SEA,2691.0,,77,96,-19
199801060SEA,RS,SEA,2722.0,,77,98,-21
199801060SEA,RS,SEA,2733.0,,78,98,-20
199801060SEA,RS,SEA,2733.0,,79,98,-19
199801060SEA,RS,SEA,2768.0,,80,98,-18
199801060SEA,RS,SEA,2768.0,,81,98,-17
199801060SEA,RS,SEA,2838.0,,81,99,-18
199801060SEA,RS,SEA,2838.0,,81,100,-19
199801060SEA,RS,SEA,2863.0,F,81,102,-21
199801060SEA,RS,SEA,2880.0,,81,102,-21
199801070POR,RS,POR,0.0,,0,0,0
199801070POR,RS,POR,35.0,,0,2,-2
199801070POR,RS,POR,47.0,LC,3,2,1
199801070POR,RS,POR,74.0,LC,3,4,-1
199801070POR,RS,POR,94.0,LC,6,4,2
199801070POR,RS,POR,138.0,LC,6,7,-1
199801070POR,RS,POR,189.0,LC,8,7,1
199801070POR,RS,POR,210.0,LC,8,9,-1
199801070POR,RS,POR,217.0,LC,10,9,1
199801070POR,RS,POR,252.0,,12,9,3
199801070POR,RS,POR,310.0,,14,9,5
199801070POR,RS,POR,326.0,,14,11,3
199801070POR,RS,POR,370.0,,14,12,2
199801070POR,RS,POR,424.0,,16,12,4
199801070POR,RS,POR,443.0,,16,14,2
199801070POR,RS,POR,512.0,,16,15,1
199801070POR,RS,POR,512.0,T,16,16,0
199801070POR,RS,POR,557.0,LC,16,18,-2
199801070POR,RS,POR,557.0,,16,19,-3
199801070POR,RS,POR,582.0,,16,21,-5
199801070POR,RS,POR,688.0,,16,23,-7
199801070POR,RS,POR,703.0,,18,23,-5
199801070POR,RS,POR,736.0,,18,24,-6
199801070POR,RS,POR,780.0,,19,24,-5
199801070POR,RS,POR,810.0,,19,25,-6
199801070POR,RS,POR,833.0,,20,25,-5
199801070POR,RS,POR,833.0,,21,25,-4
199801070POR,RS,POR,881.0,,21,26,-5
199801070POR,RS,POR,881.0,,21,27,-6
199801070POR,RS,POR,913.0,,21,30,-9
199801070POR,RS,POR,929.0,,23,30,-7
199801070POR,RS,POR,962.0,,25,30,-5
199801070POR,RS,POR,976.0,,25,32,-7
199801070POR,RS,POR,1026.0,,25,34,-9
199801070POR,RS,POR,1026.0,,25,35,-10
199801070POR,RS,POR,1062.0,,25,37,-12
199801070POR,RS,POR,1086.0,,25,39,-14
199801070POR,RS,POR,1103.0,,27,39,-12
199801070POR,RS,POR,1137.0,,27,41,-14
199801070POR,RS,POR,1165.0,,29,41,-12
199801070POR,RS,POR,1214.0,,31,41,-10
199801070POR,RS,POR,1251.0,,33,41,-8
199801070POR,RS,POR,1295.0,,35,41,-6
199801070POR,RS,POR,1320.0,,36,41,-5
199801070POR,RS,POR,1339.0,,36,43,-7
199801070POR,RS,POR,1339.0,,36,44,-8
199801070POR,RS,POR,1372.0,,36,47,-11
199801070POR,RS,POR,1389.0,,38,47,-9
199801070POR,RS,POR,1569.0,,38,49,-11
199801070POR,RS,POR,1593.0,,40,49,-9
199801070POR,RS,POR,1622.0,,41,49,-8
199801070POR,RS,POR,1622.0,,42,49,-7
199801070POR,RS,POR,1663.0,,44,49,-5
199801070POR,RS,POR,1706.0,,45,49,-4
199801070POR,RS,POR,1706.0,,46,49,-3
199801070POR,RS,POR,1740.0,,46,52,-6
199801070POR,RS,POR,1750.0,,47,52,-5
199801070POR,RS,POR,1750.0,,48,52,-4
199801070POR,RS,POR,1783.0,,48,54,-6
199801070POR,RS,POR,1809.0,,48,56,-8
199801070POR,RS,POR,1832.0,,50,56,-6
199801070POR,RS,POR,1852.0,,50,58,-8
199801070POR,RS,POR,1861.0,,51,58,-7
199801070POR,RS,POR,1892.0,,53,58,-5
199801070POR,RS,POR,1915.0,,53,60,-7
199801070POR,RS,POR,1934.0,,55,60,-5
199801070POR,RS,POR,1996.0,,56,60,-4
199801070POR,RS,POR,2018.0,,56,62,-6
199801070POR,RS,POR,2030.0,,57,62,-5
199801070POR,RS,POR,2056.0,,59,62,-3
199801070POR,RS,POR,2076.0,,59,63,-4
199801070POR,RS,POR,2076.0,,59,64,-5
199801070POR,RS,POR,2110.0,,59,66,-7
199801070POR,RS,POR,2133.0,,62,66,-4
199801070POR,RS,POR,2160.0,,65,66,-1
199801070POR,RS,POR,2183.0,LC,67,66,1
199801070POR,RS,POR,2252.0,T,67,67,0
199801070POR,RS,POR,2267.0,,69,67,2
199801070POR,RS,POR,2285.0,T,69,69,0
199801070POR,RS,POR,2305.0,,70,69,1
199801070POR,RS,POR,2305.0,,71,69,2
199801070POR,RS,POR,2321.0,T,71,71,0
199801070POR,RS,POR,2338.0,,73,71,2
199801070POR,RS,POR,2352.0,LC,73,74,-1
199801070POR,RS,POR,2375.0,LC,75,74,1
199801070POR,RS,POR,2398.0,,77,74,3
199801070POR,RS,POR,2425.0,,77,76,1
199801070POR,RS,POR,2455.0,T,77,77,0
199801070POR,RS,POR,2478.0,,80,77,3
199801070POR,RS,POR,2492.0,,80,78,2
199801070POR,RS,POR,2559.0,,80,79,1
199801070POR,RS,POR,2559.0,T,80,80,0
199801070POR,RS,POR,2576.0,,81,80,1
199801070POR,RS,POR,2576.0,,82,80,2
199801070POR,RS,POR,2591.0,,82,81,1
199801070POR,RS,POR,2591.0,T,82,82,0
199801070POR,RS,POR,2650.0,LC,82,83,-1
199801070POR,RS,POR,2665.0,LC,84,83,1
199801070POR,RS,POR,2688.0,LC,84,85,-1
199801070POR,RS,POR,2722.0,,84,87,-3
199801070POR,RS,POR,2757.0,,85,87,-2
199801070POR,RS,POR,2757.0,,85,88,-3
199801070POR,RS,POR,2799.0,,85,89,-4
199801070POR,RS,POR,2821.0,,86,89,-3
199801070POR,RS,POR,2841.0,T,89,89,0
199801070POR,RS,POR,2878.0,F,91,89,2
199801070POR,RS,POR,2880.0,,91,89,2
199801090VAN,RS,VAN,0.0,,0,0,0
199801090VAN,RS,VAN,12.0,,2,0,2
199801090VAN,RS,VAN,144.0,T,2,2,0
199801090VAN,RS,VAN,182.0,,4,2,2
199801090VAN,RS,VAN,197.0,T,4,4,0
199801090VAN,RS,VAN,237.0,LC,4,5,-1
199801090VAN,RS,VAN,253.0,LC,7,5,2
199801090VAN,RS,VAN,273.0,,9,5,4
199801090VAN,RS,VAN,347.0,,11,5,6
199801090VAN,RS,VAN,371.0,,11,7,4
199801090VAN,RS,VAN,388.0,,13,7,6
199801090VAN,RS,VAN,399.0,,13,9,4
199801090VAN,RS,VAN,452.0,,15,9,6
199801090VAN,RS,VAN,475.0,,17,9,8
199801090VAN,RS,VAN,507.0,,19,9,10
199801090VAN,RS,VAN,559.0,,22,9,13
199801090VAN,RS,VAN,568.0,,22,11,11
199801090VAN,RS,VAN,596.0,,22,13,9
199801090VAN,RS,VAN,621.0,,25,13,12
199801090VAN,RS,VAN,642.0,,25,16,9
199801090VAN,RS,VAN,753.0,,25,18,7
199801090VAN,RS,VAN,753.0,,25,19,6
199801090VAN,RS,VAN,788.0,,25,20,5
199801090VAN,RS,VAN,788.0,,25,21,4
199801090VAN,RS,VAN,849.0,,27,21,6
199801090VAN,RS,VAN,872.0,,27,23,4
199801090VAN,RS,VAN,886.0,,29,23,6
199801090VAN,RS,VAN,921.0,,32,23,9
199801090VAN,RS,VAN,946.0,,32,25,7
199801090VAN,RS,VAN,966.0,,32,27,5
199801090VAN,RS,VAN,982.0,,34,27,7
199801090VAN,RS,VAN,1015.0,,34,29,5
199801090VAN,RS,VAN,1029.0,,35,29,6
199801090VAN,RS,VAN,1029.0,,36,29,7
199801090VAN,RS,VAN,1047.0,,36,31,5
199801090VAN,RS,VAN,1167.0,,38,31,7
199801090VAN,RS,VAN,1179.0,,38,33,5
199801090VAN,RS,VAN,1198.0,,38,35,3
199801090VAN,RS,VAN,1237.0,,38,37,1
199801090VAN,RS,VAN,1252.0,,40,37,3
199801090VAN,RS,VAN,1261.0,,40,39,1
199801090VAN,RS,VAN,1294.0,T,40,40,0
199801090VAN,RS,VAN,1294.0,LC,40,41,-1
199801090VAN,RS,VAN,1341.0,LC,42,41,1
199801090VAN,RS,VAN,1367.0,LC,42,43,-1
199801090VAN,RS,VAN,1387.0,T,43,43,0
199801090VAN,RS,VAN,1387.0,LC,44,43,1
199801090VAN,RS,VAN,1399.0,,46,43,3
199801090VAN,RS,VAN,1411.0,T,46,46,0
199801090VAN,RS,VAN,1464.0,LC,46,48,-2
199801090VAN,RS,VAN,1487.0,T,48,48,0
199801090VAN,RS,VAN,1500.0,,48,50,-2
199801090VAN,RS,VAN,1510.0,T,50,50,0
199801090VAN,RS,VAN,1574.0,,50,52,-2
199801090VAN,RS,VAN,1597.0,,51,52,-1
199801090VAN,RS,VAN,1651.0,LC,53,52,1
199801090VAN,RS,VAN,1664.0,LC,53,55,-2
199801090VAN,RS,VAN,1676.0,T,55,55,0
199801090VAN,RS,VAN,1694.0,LC,57,55,2
199801090VAN,RS,VAN,1710.0,T,57,57,0
199801090VAN,RS,VAN,1723.0,,59,57,2
199801090VAN,RS,VAN,1740.0,T,59,59,0
199801090VAN,RS,VAN,1825.0,LC,59,60,-1
199801090VAN,RS,VAN,1880.0,LC,61,60,1
199801090VAN,RS,VAN,1948.0,,63,60,3
199801090VAN,RS,VAN,1965.0,,65,60,5
199801090VAN,RS,VAN,1981.0,,65,62,3
199801090VAN,RS,VAN,2029.0,,66,62,4
199801090VAN,RS,VAN,2046.0,,66,64,2
199801090VAN,RS,VAN,2099.0,LC,66,67,-1
199801090VAN,RS,VAN,2114.0,LC,68,67,1
199801090VAN,RS,VAN,2139.0,,70,67,3
199801090VAN,RS,VAN,2221.0,T,70,70,0
199801090VAN,RS,VAN,2251.0,LC,70,72,-2
199801090VAN,RS,VAN,2270.0,T,72,72,0
199801090VAN,RS,VAN,2324.0,LC,75,72,3
199801090VAN,RS,VAN,2346.0,,75,74,1
199801090VAN,RS,VAN,2361.0,,77,74,3
199801090VAN,RS,VAN,2384.0,,77,76,1
199801090VAN,RS,VAN,2472.0,,78,76,2
199801090VAN,RS,VAN,2501.0,,80,76,4
199801090VAN,RS,VAN,2537.0,,82,76,6
199801090VAN,RS,VAN,2562.0,,82,77,5
199801090VAN,RS,VAN,2574.0,,84,77,7
199801090VAN,RS,VAN,2616.0,,87,77,10
199801090VAN,RS,VAN,2637.0,,87,79,8
199801090VAN,RS,VAN,2678.0,,88,79,9
199801090VAN,RS,VAN,2678.0,,89,79,10
199801090VAN,RS,VAN,2739.0,,89,82,7
199801090VAN,RS,VAN,2769.0,,89,84,5
199801090VAN,RS,VAN,2789.0,,91,84,7
199801090VAN,RS,VAN,2804.0,,91,86,5
199801090VAN,RS,VAN,2832.0,,93,86,7
199801090VAN,RS,VAN,2846.0,,94,86,8
199801090VAN,RS,VAN,2846.0,,95,86,9
199801090VAN,RS,VAN,2854.0,,95,88,7
199801090VAN,RS,VAN,2860.0,,96,88,8
199801090VAN,RS,VAN,2860.0,,97,88,9
199801090VAN,RS,VAN,2860.0,F,98,88,10
199801090VAN,RS,VAN,2866.0,,98,90,8
199801110LAL,RS,LAL,0.0,,0,0,0
199801110LAL,RS,LAL,16.0,,1,0,1
199801110LAL,RS,LAL,52.0,LC,1,2,-1
199801110LAL,RS,LAL,113.0,LC,3,2,1
199801110LAL,RS,LAL,139.0,LC,3,4,-1
199801110LAL,RS,LAL,139.0,,3,5,-2
199801110LAL,RS,LAL,147.0,,4,5,-1
199801110LAL,RS,LAL,147.0,T,5,5,0
199801110LAL,RS,LAL,170.0,,5,7,-2
199801110LAL,RS,LAL,230.0,T,7,7,0
199801110LAL,RS,LAL,240.0,,7,10,-3
199801110LAL,RS,LAL,280.0,,7,13,-6
199801110LAL,RS,LAL,298.0,,7,15,-8
199801110LAL,RS,LAL,333.0,,7,17,-10
199801110LAL,RS,LAL,368.0,,7,19,-12
199801110LAL,RS,LAL,379.0,,9,19,-10
199801110LAL,RS,LAL,398.0,,11,19,-8
199801110LAL,RS,LAL,422.0,,14,19,-5
199801110LAL,RS,LAL,469.0,,16,19,-3
199801110LAL,RS,LAL,509.0,,16,21,-5
199801110LAL,RS,LAL,547.0,,16,23,-7
199801110LAL,RS,LAL,563.0,,18,23,-5
199801110LAL,RS,LAL,586.0,,18,25,-7
199801110LAL,RS,LAL,597.0,,20,25,-5
199801110LAL,RS,LAL,608.0,,20,28,-8
199801110LAL,RS,LAL,626.0,,22,28,-6
199801110LAL,RS,LAL,626.0,,23,28,-5
199801110LAL,RS,LAL,657.0,,23,30,-7
199801110LAL,RS,LAL,667.0,,25,30,-5
199801110LAL,RS,LAL,691.0,,27,30,-3
199801110LAL,RS,LAL,719.0,,27,32,-5
199801110LAL,RS,LAL,719.0,,28,32,-4
199801110LAL,RS,LAL,749.0,,29,32,-3
199801110LAL,RS,LAL,786.0,,31,32,-1
199801110LAL,RS,LAL,840.0,,31,33,-2
199801110LAL,RS,LAL,840.0,,31,34,-3
199801110LAL,RS,LAL,866.0,,33,34,-1
199801110LAL,RS,LAL,891.0,LC,35,34,1
199801110LAL,RS,LAL,951.0,T,35,35,0
199801110LAL,RS,LAL,951.0,LC,35,36,-1
199801110LAL,RS,LAL,1003.0,LC,37,36,1
199801110LAL,RS,LAL,1022.0,LC,37,39,-2
199801110LAL,RS,LAL,1132.0,,37,42,-5
199801110LAL,RS,LAL,1151.0,,39,42,-3
199801110LAL,RS,LAL,1160.0,,39,43,-4
199801110LAL,RS,LAL,1173.0,,41,43,-2
199801110LAL,RS,LAL,1197.0,,41,45,-4
199801110LAL,RS,LAL,1197.0,,41,46,-5
199801110LAL,RS,LAL,1204.0,,43,46,-3
199801110LAL,RS,LAL,1220.0,,43,49,-6
199801110LAL,RS,LAL,1239.0,,45,49,-4
199801110LAL,RS,LAL,1251.0,,45,52,-7
199801110LAL,RS,LAL,1299.0,,47,52,-5
199801110LAL,RS,LAL,1321.0,,47,54,-7
199801110LAL,RS,LAL,1330.0,,48,54,-6
199801110LAL,RS,LAL,1330.0,,49,54,-5
199801110LAL,RS,LAL,1356.0,,51,54,-3
199801110LAL,RS,LAL,1386.0,,52,54,-2
199801110LAL,RS,LAL,1386.0,,53,54,-1
199801110LAL,RS,LAL,1425.0,,53,56,-3
199801110LAL,RS,LAL,1440.0,,55,56,-1
199801110LAL,RS,LAL,1474.0,,55,58,-3
199801110LAL,RS,LAL,1493.0,,56,58,-2
199801110LAL,RS,LAL,1507.0,,56,60,-4
199801110LAL,RS,LAL,1515.0,,57,60,-3
199801110LAL,RS,LAL,1515.0,,58,60,-2
199801110LAL,RS,LAL,1537.0,T,60,60,0
199801110LAL,RS,LAL,1552.0,,60,62,-2
199801110LAL,RS,LAL,1578.0,,60,63,-3
199801110LAL,RS,LAL,1578.0,,60,64,-4
199801110LAL,RS,LAL,1664.0,,62,64,-2
199801110LAL,RS,LAL,1751.0,T,64,64,0
199801110LAL,RS,LAL,1861.0,LC,65,64,1
199801110LAL,RS,LAL,1873.0,LC,65,66,-1
199801110LAL,RS,LAL,1928.0,,65,67,-2
199801110LAL,RS,LAL,1955.0,T,67,67,0
199801110LAL,RS,LAL,1980.0,,67,69,-2
199801110LAL,RS,LAL,2009.0,T,69,69,0
199801110LAL,RS,LAL,2029.0,,69,71,-2
199801110LAL,RS,LAL,2041.0,T,71,71,0
199801110LAL,RS,LAL,2066.0,LC,73,71,2
199801110LAL,RS,LAL,2130.0,,75,71,4
199801110LAL,RS,LAL,2130.0,,76,71,5
199801110LAL,RS,LAL,2180.0,,76,73,3
199801110LAL,RS,LAL,2214.0,,76,75,1
199801110LAL,RS,LAL,2228.0,,78,75,3
199801110LAL,RS,LAL,2281.0,,80,75,5
199801110LAL,RS,LAL,2349.0,,81,75,6
199801110LAL,RS,LAL,2349.0,,82,75,7
199801110LAL,RS,LAL,2362.0,,82,77,5
199801110LAL,RS,LAL,2386.0,,84,77,7
199801110LAL,RS,LAL,2434.0,,84,80,4
199801110LAL,RS,LAL,2452.0,,86,80,6
199801110LAL,RS,LAL,2485.0,,87,80,7
199801110LAL,RS,LAL,2529.0,,87,82,5
199801110LAL,RS,LAL,2549.0,,88,82,6
199801110LAL,RS,LAL,2574.0,,88,84,4
199801110LAL,RS,LAL,2601.0,,90,84,6
199801110LAL,RS,LAL,2677.0,,90,85,5
199801110LAL,RS,LAL,2709.0,,90,86,4
199801110LAL,RS,LAL,2750.0,,90,87,3
199801110LAL,RS,LAL,2750.0,,90,88,2
199801110LAL,RS,LAL,2776.0,,92,88,4
199801110LAL,RS,LAL,2788.0,,92,90,2
199801110LAL,RS,LAL,2861.0,,93,90,3
199801110LAL,RS,LAL,2861.0,,94,90,4
199801110LAL,RS,LAL,2869.0,,94,91,3
199801110LAL,RS,LAL,2871.0,,95,91,4
199801110LAL,RS,LAL,2871.0,,96,91,5
199801110LAL,RS,LAL,2871.0,,96,92,4
199801110LAL,RS,LAL,2873.0,,96,93,3
199801110LAL,RS,LAL,2874.0,,97,93,4
199801110LAL,RS,LAL,2874.0,F,98,93,5
199801110LAL,RS,LAL,2878.0,,98,93,5
199801130CHH,RS,NJN,0.0,,0,0,0
199801130CHH,RS,NJN,47.0,,0,2,-2
199801130CHH,RS,NJN,157.0,T,2,2,0
199801130CHH,RS,NJN,174.0,,2,4,-2
199801130CHH,RS,NJN,191.0,T,4,4,0
199801130CHH,RS,NJN,250.0,LC,6,4,2
199801130CHH,RS,NJN,283.0,T,6,6,0
199801130CHH,RS,NJN,299.0,LC,6,7,-1
199801130CHH,RS,NJN,312.0,,6,9,-3
199801130CHH,RS,NJN,339.0,,8,9,-1
199801130CHH,RS,NJN,388.0,T,9,9,0
199801130CHH,RS,NJN,401.0,,9,11,-2
199801130CHH,RS,NJN,419.0,,9,13,-4
199801130CHH,RS,NJN,419.0,,9,14,-5
199801130CHH,RS,NJN,439.0,,10,14,-4
199801130CHH,RS,NJN,439.0,,11,14,-3
199801130CHH,RS,NJN,456.0,,11,15,-4
199801130CHH,RS,NJN,480.0,,13,15,-2
199801130CHH,RS,NJN,501.0,,13,17,-4
199801130CHH,RS,NJN,516.0,,15,17,-2
199801130CHH,RS,NJN,529.0,,15,18,-3
199801130CHH,RS,NJN,529.0,,15,19,-4
199801130CHH,RS,NJN,563.0,,15,21,-6
199801130CHH,RS,NJN,589.0,,17,21,-4
199801130CHH,RS,NJN,636.0,,19,21,-2
199801130CHH,RS,NJN,652.0,,19,23,-4
199801130CHH,RS,NJN,671.0,,21,23,-2
199801130CHH,RS,NJN,692.0,T,23,23,0
199801130CHH,RS,NJN,711.0,,23,24,-1
199801130CHH,RS,NJN,711.0,,23,25,-2
199801130CHH,RS,NJN,762.0,T,25,25,0
199801130CHH,RS,NJN,831.0,,25,27,-2
199801130CHH,RS,NJN,855.0,T,27,27,0
199801130CHH,RS,NJN,872.0,,27,29,-2
199801130CHH,RS,NJN,901.0,,27,31,-4
199801130CHH,RS,NJN,930.0,,29,31,-2
199801130CHH,RS,NJN,955.0,,29,33,-4
199801130CHH,RS,NJN,971.0,,29,35,-6
199801130CHH,RS,NJN,1087.0,,29,36,-7
199801130CHH,RS,NJN,1087.0,,29,37,-8
199801130CHH,RS,NJN,1106.0,,30,37,-7
199801130CHH,RS,NJN,1106.0,,31,37,-6
199801130CHH,RS,NJN,1122.0,,31,39,-8
199801130CHH,RS,NJN,1143.0,,32,39,-7
199801130CHH,RS,NJN,1143.0,,33,39,-6
199801130CHH,RS,NJN,1153.0,,33,40,-7
199801130CHH,RS,NJN,1153.0,,33,41,-8
199801130CHH,RS,NJN,1210.0,,33,43,-10
199801130CHH,RS,NJN,1232.0,,35,43,-8
199801130CHH,RS,NJN,1255.0,,35,46,-11
199801130CHH,RS,NJN,1290.0,,35,48,-13
199801130CHH,RS,NJN,1307.0,,37,48,-11
199801130CHH,RS,NJN,1318.0,,37,50,-13
199801130CHH,RS,NJN,1394.0,,37,52,-15
199801130CHH,RS,NJN,1394.0,,37,53,-16
199801130CHH,RS,NJN,1510.0,,39,53,-14
199801130CHH,RS,NJN,1546.0,,41,53,-12
199801130CHH,RS,NJN,1572.0,,41,55,-14
199801130CHH,RS,NJN,1756.0,,41,57,-16
199801130CHH,RS,NJN,1776.0,,43,57,-14
199801130CHH,RS,NJN,1806.0,,43,59,-16
199801130CHH,RS,NJN,1836.0,,43,61,-18
199801130CHH,RS,NJN,1847.0,,44,61,-17
199801130CHH,RS,NJN,1940.0,,46,61,-15
199801130CHH,RS,NJN,1959.0,,46,63,-17
199801130CHH,RS,NJN,1959.0,,46,64,-18
199801130CHH,RS,NJN,1992.0,,46,66,-20
199801130CHH,RS,NJN,2031.0,,46,67,-21
199801130CHH,RS,NJN,2031.0,,46,68,-22
199801130CHH,RS,NJN,2056.0,,48,68,-20
199801130CHH,RS,NJN,2089.0,,50,68,-18
199801130CHH,RS,NJN,2176.0,,50,70,-20
199801130CHH,RS,NJN,2191.0,,52,70,-18
199801130CHH,RS,NJN,2229.0,,54,70,-16
199801130CHH,RS,NJN,2249.0,,54,71,-17
199801130CHH,RS,NJN,2249.0,,54,72,-18
199801130CHH,RS,NJN,2270.0,,57,72,-15
199801130CHH,RS,NJN,2293.0,,57,74,-17
199801130CHH,RS,NJN,2326.0,,58,74,-16
199801130CHH,RS,NJN,2326.0,,59,74,-15
199801130CHH,RS,NJN,2352.0,,61,74,-13
199801130CHH,RS,NJN,2388.0,,63,74,-11
199801130CHH,RS,NJN,2417.0,,63,76,-13
199801130CHH,RS,NJN,2435.0,,64,76,-12
199801130CHH,RS,NJN,2435.0,,65,76,-11
199801130CHH,RS,NJN,2592.0,,66,76,-10
199801130CHH,RS,NJN,2607.0,,66,78,-12
199801130CHH,RS,NJN,2666.0,,68,78,-10
199801130CHH,RS,NJN,2813.0,F,68,81,-13
199801130CHH,RS,NJN,2869.0,,68,81,-13
199801150DET,RS,DET,0.0,,0,0,0
199801150DET,RS,DET,18.0,,2,0,2
199801150DET,RS,DET,37.0,T,2,2,0
199801150DET,RS,DET,80.0,LC,2,4,-2
199801150DET,RS,DET,104.0,T,4,4,0
199801150DET,RS,DET,125.0,,4,6,-2
199801150DET,RS,DET,153.0,T,6,6,0
199801150DET,RS,DET,169.0,,6,8,-2
199801150DET,RS,DET,169.0,,6,9,-3
199801150DET,RS,DET,199.0,,6,12,-6
199801150DET,RS,DET,218.0,,8,12,-4
199801150DET,RS,DET,250.0,,10,12,-2
199801150DET,RS,DET,269.0,,10,14,-4
199801150DET,RS,DET,290.0,,10,17,-7
199801150DET,RS,DET,313.0,,12,17,-5
199801150DET,RS,DET,349.0,,14,17,-3
199801150DET,RS,DET,387.0,,16,17,-1
199801150DET,RS,DET,421.0,LC,18,17,1
199801150DET,RS,DET,421.0,,19,17,2
199801150DET,RS,DET,444.0,LC,19,20,-1
199801150DET,RS,DET,488.0,,19,22,-3
199801150DET,RS,DET,518.0,,21,22,-1
199801150DET,RS,DET,552.0,LC,23,22,1
199801150DET,RS,DET,687.0,,24,22,2
199801150DET,RS,DET,687.0,,25,22,3
199801150DET,RS,DET,720.0,,26,22,4
199801150DET,RS,DET,735.0,,26,24,2
199801150DET,RS,DET,758.0,LC,26,27,-1
199801150DET,RS,DET,777.0,T,27,27,0
199801150DET,RS,DET,794.0,,27,29,-2
199801150DET,RS,DET,825.0,T,29,29,0
199801150DET,RS,DET,868.0,LC,31,29,2
199801150DET,RS,DET,881.0,T,31,31,0
199801150DET,RS,DET,923.0,LC,31,33,-2
199801150DET,RS,DET,1028.0,T,33,33,0
199801150DET,RS,DET,1058.0,,33,35,-2
199801150DET,RS,DET,1072.0,T,35,35,0
199801150DET,RS,DET,1102.0,,35,37,-2
199801150DET,RS,DET,1140.0,T,37,37,0
199801150DET,RS,DET,1178.0,LC,39,37,2
199801150DET,RS,DET,1193.0,T,39,39,0
199801150DET,RS,DET,1230.0,,40,39,1
199801150DET,RS,DET,1230.0,,41,39,2
199801150DET,RS,DET,1260.0,T,41,41,0
199801150DET,RS,DET,1281.0,LC,41,43,-2
199801150DET,RS,DET,1319.0,,41,45,-4
199801150DET,RS,DET,1357.0,,41,47,-6
199801150DET,RS,DET,1375.0,,42,47,-5
199801150DET,RS,DET,1375.0,,43,47,-4
199801150DET,RS,DET,1400.0,,43,48,-5
199801150DET,RS,DET,1415.0,,45,48,-3
199801150DET,RS,DET,1437.0,,45,50,-5
199801150DET,RS,DET,1438.0,,46,50,-4
199801150DET,RS,DET,1465.0,,46,52,-6
199801150DET,RS,DET,1567.0,,46,54,-8
199801150DET,RS,DET,1593.0,,48,54,-6
199801150DET,RS,DET,1617.0,,51,54,-3
199801150DET,RS,DET,1683.0,,53,54,-1
199801150DET,RS,DET,1705.0,LC,56,54,2
199801150DET,RS,DET,1721.0,T,56,56,0
199801150DET,RS,DET,1745.0,,57,56,1
199801150DET,RS,DET,1745.0,,58,56,2
199801150DET,RS,DET,1772.0,,60,56,4
199801150DET,RS,DET,1785.0,,60,58,2
199801150DET,RS,DET,1804.0,,62,58,4
199801150DET,RS,DET,1965.0,,62,60,2
199801150DET,RS,DET,1980.0,,64,60,4
199801150DET,RS,DET,2016.0,,66,60,6
199801150DET,RS,DET,2056.0,,67,60,7
199801150DET,RS,DET,2129.0,,67,61,6
199801150DET,RS,DET,2129.0,,67,62,5
199801150DET,RS,DET,2156.0,,67,64,3
199801150DET,RS,DET,2160.0,,69,64,5
199801150DET,RS,DET,2170.0,,71,64,7
199801150DET,RS,DET,2206.0,,71,66,5
199801150DET,RS,DET,2239.0,,71,67,4
199801150DET,RS,DET,2239.0,,71,68,3
199801150DET,RS,DET,2373.0,T,71,71,0
199801150DET,RS,DET,2400.0,,73,71,2
199801150DET,RS,DET,2427.0,T,73,73,0
199801150DET,RS,DET,2507.0,LC,73,75,-2
199801150DET,RS,DET,2532.0,T,75,75,0
199801150DET,RS,DET,2545.0,,75,76,-1
199801150DET,RS,DET,2545.0,,75,77,-2
199801150DET,RS,DET,2583.0,,75,78,-3
199801150DET,RS,DET,2686.0,,75,80,-5
199801150DET,RS,DET,2699.0,,75,81,-6
199801150DET,RS,DET,2699.0,,75,82,-7
199801150DET,RS,DET,2714.0,,77,82,-5
199801150DET,RS,DET,2755.0,,79,82,-3
199801150DET,RS,DET,2801.0,,81,82,-1
199801150DET,RS,DET,2801.0,T,82,82,0
199801150DET,RS,DET,2834.0,,82,84,-2
199801150DET,RS,DET,2847.0,T,84,84,0
199801150DET,RS,DET,2938.0,,84,87,-3
199801150DET,RS,DET,2958.0,,86,87,-1
199801150DET,RS,DET,3009.0,,86,89,-3
199801150DET,RS,DET,3027.0,,88,89,-1
199801150DET,RS,DET,3051.0,,88,91,-3
199801150DET,RS,DET,3067.0,,90,91,-1
199801150DET,RS,DET,3088.0,,90,93,-3
199801150DET,RS,DET,3110.0,,92,93,-1
199801150DET,RS,DET,3156.0,LC,94,93,1
199801150DET,RS,DET,3161.0,F,94,95,-1
199801150DET,RS,DET,3179.0,,94,95,-1
199801160CHH,RS,SAS,0.0,,0,0,0
199801160CHH,RS,SAS,22.0,,0,2,-2
199801160CHH,RS,SAS,47.0,,0,4,-4
199801160CHH,RS,SAS,70.0,,2,4,-2
199801160CHH,RS,SAS,94.0,T,4,4,0
199801160CHH,RS,SAS,118.0,LC,6,4,2
199801160CHH,RS,SAS,170.0,T,6,6,0
199801160CHH,RS,SAS,195.0,LC,6,8,-2
199801160CHH,RS,SAS,246.0,T,8,8,0
199801160CHH,RS,SAS,264.0,,8,10,-2
199801160CHH,RS,SAS,274.0,T,10,10,0
199801160CHH,RS,SAS,308.0,LC,12,10,2
199801160CHH,RS,SAS,363.0,,14,10,4
199801160CHH,RS,SAS,412.0,,16,10,6
199801160CHH,RS,SAS,498.0,,16,13,3
199801160CHH,RS,SAS,561.0,,16,14,2
199801160CHH,RS,SAS,561.0,,16,15,1
199801160CHH,RS,SAS,587.0,LC,16,17,-1
199801160CHH,RS,SAS,604.0,LC,18,17,1
199801160CHH,RS,SAS,620.0,LC,18,19,-1
199801160CHH,RS,SAS,671.0,,18,21,-3
199801160CHH,RS,SAS,756.0,,18,23,-5
199801160CHH,RS,SAS,799.0,,19,23,-4
199801160CHH,RS,SAS,799.0,,20,23,-3
199801160CHH,RS,SAS,820.0,,20,25,-5
199801160CHH,RS,SAS,838.0,,22,25,-3
199801160CHH,RS,SAS,872.0,,24,25,-1
199801160CHH,RS,SAS,890.0,,24,27,-3
199801160CHH,RS,SAS,974.0,,24,30,-6
199801160CHH,RS,SAS,1015.0,,25,30,-5
199801160CHH,RS,SAS,1041.0,,27,30,-3
199801160CHH,RS,SAS,1138.0,,29,30,-1
199801160CHH,RS,SAS,1160.0,,29,32,-3
199801160CHH,RS,SAS,1193.0,,31,32,-1
199801160CHH,RS,SAS,1208.0,,31,34,-3
199801160CHH,RS,SAS,1208.0,,31,35,-4
199801160CHH,RS,SAS,1239.0,,31,37,-6
199801160CHH,RS,SAS,1279.0,,33,37,-4
199801160CHH,RS,SAS,1341.0,,33,39,-6
199801160CHH,RS,SAS,1341.0,,33,40,-7
199801160CHH,RS,SAS,1355.0,,34,40,-6
199801160CHH,RS,SAS,1355.0,,35,40,-5
199801160CHH,RS,SAS,1385.0,,37,40,-3
199801160CHH,RS,SAS,1399.0,,37,42,-5
199801160CHH,RS,SAS,1418.0,,37,43,-6
199801160CHH,RS,SAS,1516.0,,39,43,-4
199801160CHH,RS,SAS,1561.0,,39,45,-6
199801160CHH,RS,SAS,1605.0,,39,47,-8
199801160CHH,RS,SAS,1654.0,,41,47,-6
199801160CHH,RS,SAS,1693.0,,43,47,-4
199801160CHH,RS,SAS,1712.0,,43,49,-6
199801160CHH,RS,SAS,1753.0,,43,50,-7
199801160CHH,RS,SAS,1816.0,,44,50,-6
199801160CHH,RS,SAS,1816.0,,45,50,-5
199801160CHH,RS,SAS,1832.0,,45,52,-7
199801160CHH,RS,SAS,1895.0,,46,52,-6
199801160CHH,RS,SAS,1895.0,,47,52,-5
199801160CHH,RS,SAS,1936.0,,49,52,-3
199801160CHH,RS,SAS,1957.0,,49,54,-5
199801160CHH,RS,SAS,1957.0,,49,55,-6
199801160CHH,RS,SAS,2009.0,,49,57,-8
199801160CHH,RS,SAS,2073.0,,50,57,-7
199801160CHH,RS,SAS,2091.0,,52,57,-5
199801160CHH,RS,SAS,2115.0,,52,59,-7
199801160CHH,RS,SAS,2157.0,,54,59,-5
199801160CHH,RS,SAS,2243.0,,56,59,-3
199801160CHH,RS,SAS,2266.0,,56,61,-5
199801160CHH,RS,SAS,2266.0,,56,62,-6
199801160CHH,RS,SAS,2279.0,,58,62,-4
199801160CHH,RS,SAS,2302.0,,58,64,-6
199801160CHH,RS,SAS,2423.0,,58,66,-8
199801160CHH,RS,SAS,2459.0,,58,68,-10
199801160CHH,RS,SAS,2515.0,,60,68,-8
199801160CHH,RS,SAS,2541.0,,62,68,-6
199801160CHH,RS,SAS,2576.0,,62,70,-8
199801160CHH,RS,SAS,2599.0,,63,70,-7
199801160CHH,RS,SAS,2618.0,,64,70,-6
199801160CHH,RS,SAS,2618.0,,65,70,-5
199801160CHH,RS,SAS,2630.0,,65,72,-7
199801160CHH,RS,SAS,2682.0,,67,72,-5
199801160CHH,RS,SAS,2728.0,,69,72,-3
199801160CHH,RS,SAS,2746.0,,69,74,-5
199801160CHH,RS,SAS,2778.0,,71,74,-3
199801160CHH,RS,SAS,2876.0,,71,75,-4
199801160CHH,RS,SAS,2876.0,F,71,76,-5
199801160CHH,RS,SAS,2880.0,,71,76,-5
199801190CHH,RS,TOR,0.0,,0,0,0
199801190CHH,RS,TOR,5.0,,2,0,2
199801190CHH,RS,TOR,22.0,T,2,2,0
199801190CHH,RS,TOR,42.0,,4,2,2
199801190CHH,RS,TOR,65.0,T,4,4,0
199801190CHH,RS,TOR,82.0,,6,4,2
199801190CHH,RS,TOR,109.0,T,6,6,0
199801190CHH,RS,TOR,161.0,,8,6,2
199801190CHH,RS,TOR,161.0,,9,6,3
199801190CHH,RS,TOR,179.0,,9,7,2
199801190CHH,RS,TOR,179.0,,9,8,1
199801190CHH,RS,TOR,203.0,,10,8,2
199801190CHH,RS,TOR,203.0,,11,8,3
199801190CHH,RS,TOR,215.0,,11,10,1
199801190CHH,RS,TOR,260.0,,13,10,3
199801190CHH,RS,TOR,299.0,,15,10,5
199801190CHH,RS,TOR,315.0,,15,12,3
199801190CHH,RS,TOR,338.0,T,15,15,0
199801190CHH,RS,TOR,385.0,LC,15,17,-2
199801190CHH,RS,TOR,409.0,,15,19,-4
199801190CHH,RS,TOR,422.0,,18,19,-1
199801190CHH,RS,TOR,459.0,LC,20,19,1
199801190CHH,RS,TOR,519.0,LC,20,22,-2
199801190CHH,RS,TOR,532.0,T,22,22,0
199801190CHH,RS,TOR,556.0,LC,24,22,2
199801190CHH,RS,TOR,585.0,T,24,24,0
199801190CHH,RS,TOR,607.0,,27,24,3
199801190CHH,RS,TOR,633.0,,28,24,4
199801190CHH,RS,TOR,656.0,,28,27,1
199801190CHH,RS,TOR,733.0,LC,28,29,-1
199801190CHH,RS,TOR,768.0,T,29,29,0
199801190CHH,RS,TOR,768.0,LC,30,29,1
199801190CHH,RS,TOR,780.0,LC,30,31,-1
199801190CHH,RS,TOR,817.0,,30,33,-3
199801190CHH,RS,TOR,840.0,,32,33,-1
199801190CHH,RS,TOR,877.0,LC,34,33,1
199801190CHH,RS,TOR,877.0,,35,33,2
199801190CHH,RS,TOR,914.0,,37,33,4
199801190CHH,RS,TOR,947.0,,39,33,6
199801190CHH,RS,TOR,1002.0,,39,35,4
199801190CHH,RS,TOR,1010.0,,40,35,5
199801190CHH,RS,TOR,1010.0,,41,35,6
199801190CHH,RS,TOR,1079.0,,43,35,8
199801190CHH,RS,TOR,1119.0,,43,37,6
199801190CHH,RS,TOR,1119.0,,43,38,5
199801190CHH,RS,TOR,1160.0,,43,40,3
199801190CHH,RS,TOR,1168.0,,44,40,4
199801190CHH,RS,TOR,1192.0,,44,42,2
199801190CHH,RS,TOR,1198.0,,46,42,4
199801190CHH,RS,TOR,1198.0,,47,42,5
199801190CHH,RS,TOR,1219.0,,47,44,3
199801190CHH,RS,TOR,1227.0,,49,44,5
199801190CHH,RS,TOR,1249.0,,49,46,3
199801190CHH,RS,TOR,1277.0,,49,48,1
199801190CHH,RS,TOR,1309.0,,52,48,4
199801190CHH,RS,TOR,1336.0,,52,50,2
199801190CHH,RS,TOR,1350.0,,54,50,4
199801190CHH,RS,TOR,1366.0,,54,52,2
199801190CHH,RS,TOR,1385.0,,57,52,5
199801190CHH,RS,TOR,1404.0,,57,53,4
199801190CHH,RS,TOR,1413.0,,57,55,2
199801190CHH,RS,TOR,1433.0,,59,55,4
199801190CHH,RS,TOR,1440.0,,59,56,3
199801190CHH,RS,TOR,1552.0,,59,58,1
199801190CHH,RS,TOR,1587.0,,61,58,3
199801190CHH,RS,TOR,1605.0,,61,59,2
199801190CHH,RS,TOR,1616.0,,63,59,4
199801190CHH,RS,TOR,1639.0,,66,59,7
199801190CHH,RS,TOR,1678.0,,66,61,5
199801190CHH,RS,TOR,1763.0,,66,63,3
199801190CHH,RS,TOR,1810.0,,68,63,5
199801190CHH,RS,TOR,1851.0,,70,63,7
199801190CHH,RS,TOR,1887.0,,72,63,9
199801190CHH,RS,TOR,1928.0,,74,63,11
199801190CHH,RS,TOR,2046.0,,74,65,9
199801190CHH,RS,TOR,2063.0,,76,65,11
199801190CHH,RS,TOR,2087.0,,78,65,13
199801190CHH,RS,TOR,2118.0,,80,65,15
199801190CHH,RS,TOR,2141.0,,80,67,13
199801190CHH,RS,TOR,2201.0,,83,67,16
199801190CHH,RS,TOR,2236.0,,85,67,18
199801190CHH,RS,TOR,2271.0,,88,67,21
199801190CHH,RS,TOR,2298.0,,88,68,20
199801190CHH,RS,TOR,2298.0,,88,69,19
199801190CHH,RS,TOR,2312.0,,90,69,21
199801190CHH,RS,TOR,2349.0,,92,69,23
199801190CHH,RS,TOR,2390.0,,94,69,25
199801190CHH,RS,TOR,2444.0,,94,71,23
199801190CHH,RS,TOR,2473.0,,94,73,21
199801190CHH,RS,TOR,2555.0,,94,75,19
199801190CHH,RS,TOR,2594.0,,94,77,17
199801190CHH,RS,TOR,2652.0,,96,77,19
199801190CHH,RS,TOR,2667.0,,96,78,18
199801190CHH,RS,TOR,2683.0,,97,78,19
199801190CHH,RS,TOR,2683.0,,98,78,20
199801190CHH,RS,TOR,2707.0,,98,80,18
199801190CHH,RS,TOR,2728.0,,100,80,20
199801190CHH,RS,TOR,2746.0,,100,82,18
199801190CHH,RS,TOR,2761.0,,102,82,20
199801190CHH,RS,TOR,2761.0,,103,82,21
199801190CHH,RS,TOR,2772.0,,103,83,20
199801190CHH,RS,TOR,2772.0,,103,84,19
199801190CHH,RS,TOR,2786.0,,105,84,21
199801190CHH,RS,TOR,2823.0,,105,86,19
199801190CHH,RS,TOR,2834.0,,106,86,20
199801190CHH,RS,TOR,2834.0,,107,86,21
199801190CHH,RS,TOR,2873.0,,107,88,19
199801190CHH,RS,TOR,2877.0,F,109,88,21
199801190CHH,RS,TOR,2880.0,,109,88,21
199801210CHI,RS,CHI,0.0,,0,0,0
199801210CHI,RS,CHI,96.0,,0,2,-2
199801210CHI,RS,CHI,136.0,,0,4,-4
199801210CHI,RS,CHI,148.0,,0,6,-6
199801210CHI,RS,CHI,148.0,,0,7,-7
199801210CHI,RS,CHI,162.0,,2,7,-5
199801210CHI,RS,CHI,176.0,,2,10,-8
199801210CHI,RS,CHI,191.0,,4,10,-6
199801210CHI,RS,CHI,203.0,,4,12,-8
199801210CHI,RS,CHI,213.0,,5,12,-7
199801210CHI,RS,CHI,267.0,,5,15,-10
199801210CHI,RS,CHI,396.0,,7,15,-8
199801210CHI,RS,CHI,467.0,,7,17,-10
199801210CHI,RS,CHI,467.0,,7,18,-11
199801210CHI,RS,CHI,507.0,,9,18,-9
199801210CHI,RS,CHI,530.0,,9,20,-11
199801210CHI,RS,CHI,560.0,,9,22,-13
199801210CHI,RS,CHI,576.0,,11,22,-11
199801210CHI,RS,CHI,593.0,,11,23,-12
199801210CHI,RS,CHI,619.0,,12,23,-11
199801210CHI,RS,CHI,689.0,,14,23,-9
199801210CHI,RS,CHI,693.0,,14,25,-11
199801210CHI,RS,CHI,693.0,,14,26,-12
199801210CHI,RS,CHI,716.0,,16,26,-10
199801210CHI,RS,CHI,741.0,,18,26,-8
199801210CHI,RS,CHI,853.0,,18,28,-10
199801210CHI,RS,CHI,883.0,,19,28,-9
199801210CHI,RS,CHI,909.0,,21,28,-7
199801210CHI,RS,CHI,941.0,,21,30,-9
199801210CHI,RS,CHI,1007.0,,21,32,-11
199801210CHI,RS,CHI,1017.0,,23,32,-9
199801210CHI,RS,CHI,1039.0,,23,34,-11
199801210CHI,RS,CHI,1101.0,,23,35,-12
199801210CHI,RS,CHI,1101.0,,23,36,-13
199801210CHI,RS,CHI,1140.0,,23,38,-15
199801210CHI,RS,CHI,1170.0,,24,38,-14
199801210CHI,RS,CHI,1170.0,,25,38,-13
199801210CHI,RS,CHI,1185.0,,25,39,-14
199801210CHI,RS,CHI,1185.0,,25,40,-15
199801210CHI,RS,CHI,1215.0,,26,40,-14
199801210CHI,RS,CHI,1215.0,,27,40,-13
199801210CHI,RS,CHI,1235.0,,27,42,-15
199801210CHI,RS,CHI,1250.0,,29,42,-13
199801210CHI,RS,CHI,1279.0,,29,43,-14
199801210CHI,RS,CHI,1279.0,,29,44,-15
199801210CHI,RS,CHI,1282.0,,30,44,-14
199801210CHI,RS,CHI,1282.0,,31,44,-13
199801210CHI,RS,CHI,1286.0,,31,46,-15
199801210CHI,RS,CHI,1304.0,,33,46,-13
199801210CHI,RS,CHI,1326.0,,33,48,-15
199801210CHI,RS,CHI,1336.0,,35,48,-13
199801210CHI,RS,CHI,1365.0,,35,50,-15
199801210CHI,RS,CHI,1374.0,,37,50,-13
199801210CHI,RS,CHI,1385.0,,37,52,-15
199801210CHI,RS,CHI,1404.0,,38,52,-14
199801210CHI,RS,CHI,1404.0,,39,52,-13
199801210CHI,RS,CHI,1481.0,,39,54,-15
199801210CHI,RS,CHI,1508.0,,41,54,-13
199801210CHI,RS,CHI,1546.0,,41,56,-15
199801210CHI,RS,CHI,1591.0,,41,58,-17
199801210CHI,RS,CHI,1628.0,,44,58,-14
199801210CHI,RS,CHI,1669.0,,47,58,-11
199801210CHI,RS,CHI,1691.0,,49,58,-9
199801210CHI,RS,CHI,1731.0,,50,58,-8
199801210CHI,RS,CHI,1753.0,,50,61,-11
199801210CHI,RS,CHI,1789.0,,50,63,-13
199801210CHI,RS,CHI,1828.0,,50,65,-15
199801210CHI,RS,CHI,1842.0,,52,65,-13
199801210CHI,RS,CHI,1854.0,,52,67,-15
199801210CHI,RS,CHI,1881.0,,54,67,-13
199801210CHI,RS,CHI,1908.0,,56,67,-11
199801210CHI,RS,CHI,1925.0,,56,69,-13
199801210CHI,RS,CHI,1976.0,,58,69,-11
199801210CHI,RS,CHI,2040.0,,58,71,-13
199801210CHI,RS,CHI,2048.0,,58,73,-15
199801210CHI,RS,CHI,2048.0,,58,74,-16
199801210CHI,RS,CHI,2074.0,,58,76,-18
199801210CHI,RS,CHI,2092.0,,58,77,-19
199801210CHI,RS,CHI,2092.0,,58,78,-20
199801210CHI,RS,CHI,2115.0,,60,78,-18
199801210CHI,RS,CHI,2135.0,,60,80,-20
199801210CHI,RS,CHI,2205.0,,62,80,-18
199801210CHI,RS,CHI,2253.0,,62,82,-20
199801210CHI,RS,CHI,2296.0,,64,82,-18
199801210CHI,RS,CHI,2347.0,,66,82,-16
199801210CHI,RS,CHI,2365.0,,66,84,-18
199801210CHI,RS,CHI,2435.0,,66,86,-20
199801210CHI,RS,CHI,2482.0,,66,88,-22
199801210CHI,RS,CHI,2501.0,,66,89,-23
199801210CHI,RS,CHI,2525.0,,68,89,-21
199801210CHI,RS,CHI,2548.0,,68,91,-23
199801210CHI,RS,CHI,2584.0,,68,93,-25
199801210CHI,RS,CHI,2617.0,,68,95,-27
199801210CHI,RS,CHI,2658.0,,70,95,-25
199801210CHI,RS,CHI,2678.0,,70,97,-27
199801210CHI,RS,CHI,2709.0,,72,97,-25
199801210CHI,RS,CHI,2722.0,,72,100,-28
199801210CHI,RS,CHI,2762.0,,74,100,-26
199801210CHI,RS,CHI,2779.0,,74,102,-28
199801210CHI,RS,CHI,2801.0,,74,104,-30
199801210CHI,RS,CHI,2815.0,,76,104,-28
199801210CHI,RS,CHI,2821.0,,76,107,-31
199801210CHI,RS,CHI,2827.0,,79,107,-28
199801210CHI,RS,CHI,2872.0,F,79,110,-31
199801210CHI,RS,CHI,2880.0,,79,110,-31
199801220CHH,RS,HOU,0.0,,0,0,0
199801220CHH,RS,HOU,22.0,,0,1,-1
199801220CHH,RS,HOU,35.0,T,1,1,0
199801220CHH,RS,HOU,35.0,LC,2,1,1
199801220CHH,RS,HOU,60.0,,4,1,3
199801220CHH,RS,HOU,76.0,,4,3,1
199801220CHH,RS,HOU,122.0,LC,4,5,-1
199801220CHH,RS,HOU,142.0,LC,6,5,1
199801220CHH,RS,HOU,158.0,LC,6,7,-1
199801220CHH,RS,HOU,170.0,LC,8,7,1
199801220CHH,RS,HOU,213.0,,10,7,3
199801220CHH,RS,HOU,234.0,,10,9,1
199801220CHH,RS,HOU,250.0,LC,10,12,-2
199801220CHH,RS,HOU,279.0,,10,14,-4
199801220CHH,RS,HOU,307.0,,10,17,-7
199801220CHH,RS,HOU,384.0,,10,20,-10
199801220CHH,RS,HOU,384.0,,10,21,-11
199801220CHH,RS,HOU,415.0,,12,21,-9
199801220CHH,RS,HOU,432.0,,12,23,-11
199801220CHH,RS,HOU,453.0,,13,23,-10
199801220CHH,RS,HOU,453.0,,14,23,-9
199801220CHH,RS,HOU,498.0,,14,24,-10
199801220CHH,RS,HOU,513.0,,15,24,-9
199801220CHH,RS,HOU,547.0,,17,24,-7
199801220CHH,RS,HOU,565.0,,17,26,-9
199801220CHH,RS,HOU,602.0,,17,28,-11
199801220CHH,RS,HOU,629.0,,19,28,-9
199801220CHH,RS,HOU,654.0,,21,28,-7
199801220CHH,RS,HOU,686.0,,22,28,-6
199801220CHH,RS,HOU,686.0,,23,28,-5
199801220CHH,RS,HOU,698.0,,23,30,-7
199801220CHH,RS,HOU,805.0,,25,30,-5
199801220CHH,RS,HOU,820.0,,27,30,-3
199801220CHH,RS,HOU,866.0,,28,30,-2
199801220CHH,RS,HOU,866.0,,29,30,-1
199801220CHH,RS,HOU,886.0,,29,32,-3
199801220CHH,RS,HOU,894.0,,31,32,-1
199801220CHH,RS,HOU,952.0,,31,33,-2
199801220CHH,RS,HOU,952.0,,31,34,-3
199801220CHH,RS,HOU,967.0,,31,36,-5
199801220CHH,RS,HOU,984.0,,33,36,-3
199801220CHH,RS,HOU,1007.0,,33,38,-5
199801220CHH,RS,HOU,1017.0,,35,38,-3
199801220CHH,RS,HOU,1109.0,,37,38,-1
199801220CHH,RS,HOU,1141.0,LC,39,38,1
199801220CHH,RS,HOU,1169.0,,41,38,3
199801220CHH,RS,HOU,1208.0,,43,38,5
199801220CHH,RS,HOU,1241.0,,43,40,3
199801220CHH,RS,HOU,1260.0,,45,40,5
199801220CHH,RS,HOU,1296.0,,47,40,7
199801220CHH,RS,HOU,1316.0,,47,42,5
199801220CHH,RS,HOU,1336.0,,47,43,4
199801220CHH,RS,HOU,1381.0,,49,43,6
199801220CHH,RS,HOU,1414.0,,51,43,8
199801220CHH,RS,HOU,1457.0,,51,45,6
199801220CHH,RS,HOU,1474.0,,53,45,8
199801220CHH,RS,HOU,1491.0,,53,48,5
199801220CHH,RS,HOU,1523.0,,55,48,7
199801220CHH,RS,HOU,1564.0,,55,50,5
199801220CHH,RS,HOU,1584.0,,57,50,7
199801220CHH,RS,HOU,1678.0,,59,50,9
199801220CHH,RS,HOU,1700.0,,59,52,7
199801220CHH,RS,HOU,1875.0,,59,54,5
199801220CHH,RS,HOU,1918.0,,61,54,7
199801220CHH,RS,HOU,1934.0,,61,56,5
199801220CHH,RS,HOU,1983.0,,61,59,2
199801220CHH,RS,HOU,2011.0,,63,59,4
199801220CHH,RS,HOU,2012.0,,64,59,5
199801220CHH,RS,HOU,2025.0,,64,61,3
199801220CHH,RS,HOU,2047.0,,64,63,1
199801220CHH,RS,HOU,2104.0,,65,63,2
199801220CHH,RS,HOU,2123.0,T,65,65,0
199801220CHH,RS,HOU,2160.0,,67,65,2
199801220CHH,RS,HOU,2198.0,T,67,67,0
199801220CHH,RS,HOU,2271.0,LC,67,69,-2
199801220CHH,RS,HOU,2271.0,,67,70,-3
199801220CHH,RS,HOU,2293.0,T,70,70,0
199801220CHH,RS,HOU,2323.0,LC,73,70,3
199801220CHH,RS,HOU,2366.0,,75,70,5
199801220CHH,RS,HOU,2442.0,,75,71,4
199801220CHH,RS,HOU,2442.0,,75,72,3
199801220CHH,RS,HOU,2459.0,,77,72,5
199801220CHH,RS,HOU,2486.0,,77,74,3
199801220CHH,RS,HOU,2504.0,,79,74,5
199801220CHH,RS,HOU,2515.0,,79,76,3
199801220CHH,RS,HOU,2584.0,,79,78,1
199801220CHH,RS,HOU,2609.0,,81,78,3
199801220CHH,RS,HOU,2671.0,,81,80,1
199801220CHH,RS,HOU,2686.0,,82,80,2
199801220CHH,RS,HOU,2686.0,,83,80,3
199801220CHH,RS,HOU,2699.0,,83,82,1
199801220CHH,RS,HOU,2699.0,T,83,83,0
199801220CHH,RS,HOU,2715.0,,85,83,2
199801220CHH,RS,HOU,2769.0,,87,83,4
199801220CHH,RS,HOU,2841.0,,89,83,6
199801220CHH,RS,HOU,2855.0,,90,83,7
199801220CHH,RS,HOU,2855.0,,91,83,8
199801220CHH,RS,HOU,2864.0,,92,83,9
199801220CHH,RS,HOU,2864.0,,93,83,10
199801220CHH,RS,HOU,2878.0,,93,86,7
199801220CHH,RS,HOU,2878.0,F,93,85,8
199801240DAL,RS,DAL,0.0,,0,0,0
199801240DAL,RS,DAL,44.0,,0,2,-2
199801240DAL,RS,DAL,66.0,,1,2,-1
199801240DAL,RS,DAL,66.0,T,2,2,0
199801240DAL,RS,DAL,81.0,,2,3,-1
199801240DAL,RS,DAL,81.0,,2,4,-2
199801240DAL,RS,DAL,99.0,,2,6,-4
199801240DAL,RS,DAL,122.0,,2,8,-6
199801240DAL,RS,DAL,135.0,,4,8,-4
199801240DAL,RS,DAL,153.0,,4,10,-6
199801240DAL,RS,DAL,181.0,,4,12,-8
199801240DAL,RS,DAL,181.0,,4,13,-9
199801240DAL,RS,DAL,198.0,,6,13,-7
199801240DAL,RS,DAL,229.0,,7,13,-6
199801240DAL,RS,DAL,229.0,,8,13,-5
199801240DAL,RS,DAL,250.0,,8,15,-7
199801240DAL,RS,DAL,259.0,,10,15,-5
199801240DAL,RS,DAL,284.0,,13,15,-2
199801240DAL,RS,DAL,315.0,T,15,15,0
199801240DAL,RS,DAL,315.0,LC,16,15,1
199801240DAL,RS,DAL,341.0,,17,15,2
199801240DAL,RS,DAL,341.0,,18,15,3
199801240DAL,RS,DAL,354.0,,18,17,1
199801240DAL,RS,DAL,367.0,,20,17,3
199801240DAL,RS,DAL,386.0,,20,19,1
199801240DAL,RS,DAL,400.0,,22,19,3
199801240DAL,RS,DAL,437.0,,22,20,2
199801240DAL,RS,DAL,455.0,LC,22,23,-1
199801240DAL,RS,DAL,495.0,,22,24,-2
199801240DAL,RS,DAL,495.0,,22,25,-3
199801240DAL,RS,DAL,508.0,,23,25,-2
199801240DAL,RS,DAL,521.0,,23,27,-4
199801240DAL,RS,DAL,548.0,,25,27,-2
199801240DAL,RS,DAL,574.0,,25,29,-4
199801240DAL,RS,DAL,597.0,,26,29,-3
199801240DAL,RS,DAL,597.0,,27,29,-2
199801240DAL,RS,DAL,650.0,,27,31,-4
199801240DAL,RS,DAL,669.0,,29,31,-2
199801240DAL,RS,DAL,717.0,,29,33,-4
199801240DAL,RS,DAL,750.0,,31,33,-2
199801240DAL,RS,DAL,789.0,,31,35,-4
199801240DAL,RS,DAL,853.0,,31,37,-6
199801240DAL,RS,DAL,875.0,,31,39,-8
199801240DAL,RS,DAL,921.0,,31,41,-10
199801240DAL,RS,DAL,927.0,,31,42,-11
199801240DAL,RS,DAL,927.0,,31,43,-12
199801240DAL,RS,DAL,940.0,,33,43,-10
199801240DAL,RS,DAL,962.0,,33,45,-12
199801240DAL,RS,DAL,988.0,,33,47,-14
199801240DAL,RS,DAL,1016.0,,35,47,-12
199801240DAL,RS,DAL,1074.0,,37,47,-10
199801240DAL,RS,DAL,1100.0,,37,49,-12
199801240DAL,RS,DAL,1135.0,,37,52,-15
199801240DAL,RS,DAL,1157.0,,39,52,-13
199801240DAL,RS,DAL,1184.0,,39,54,-15
199801240DAL,RS,DAL,1226.0,,41,54,-13
199801240DAL,RS,DAL,1264.0,,43,54,-11
199801240DAL,RS,DAL,1291.0,,45,54,-9
199801240DAL,RS,DAL,1360.0,,48,54,-6
199801240DAL,RS,DAL,1406.0,,48,56,-8
199801240DAL,RS,DAL,1486.0,,50,56,-6
199801240DAL,RS,DAL,1500.0,,51,56,-5
199801240DAL,RS,DAL,1544.0,,53,56,-3
199801240DAL,RS,DAL,1569.0,,53,58,-5
199801240DAL,RS,DAL,1613.0,,55,58,-3
199801240DAL,RS,DAL,1645.0,,57,58,-1
199801240DAL,RS,DAL,1691.0,,57,60,-3
199801240DAL,RS,DAL,1699.0,,59,60,-1
199801240DAL,RS,DAL,1723.0,LC,61,60,1
199801240DAL,RS,DAL,1760.0,LC,61,62,-1
199801240DAL,RS,DAL,1780.0,,61,64,-3
199801240DAL,RS,DAL,1815.0,,63,64,-1
199801240DAL,RS,DAL,1837.0,LC,65,64,1
199801240DAL,RS,DAL,1856.0,LC,65,66,-1
199801240DAL,RS,DAL,1872.0,LC,67,66,1
199801240DAL,RS,DAL,1968.0,,69,66,3
199801240DAL,RS,DAL,2037.0,,70,66,4
199801240DAL,RS,DAL,2037.0,,71,66,5
199801240DAL,RS,DAL,2055.0,,71,68,3
199801240DAL,RS,DAL,2084.0,,73,68,5
199801240DAL,RS,DAL,2124.0,,75,68,7
199801240DAL,RS,DAL,2187.0,,75,71,4
199801240DAL,RS,DAL,2220.0,,75,72,3
199801240DAL,RS,DAL,2230.0,,77,72,5
199801240DAL,RS,DAL,2258.0,,77,73,4
199801240DAL,RS,DAL,2258.0,,77,74,3
199801240DAL,RS,DAL,2283.0,,79,74,5
199801240DAL,RS,DAL,2303.0,,79,76,3
199801240DAL,RS,DAL,2312.0,,80,76,4
199801240DAL,RS,DAL,2312.0,,81,76,5
199801240DAL,RS,DAL,2337.0,,82,76,6
199801240DAL,RS,DAL,2353.0,,82,78,4
199801240DAL,RS,DAL,2364.0,,83,78,5
199801240DAL,RS,DAL,2364.0,,84,78,6
199801240DAL,RS,DAL,2395.0,,86,78,8
199801240DAL,RS,DAL,2423.0,,86,79,7
199801240DAL,RS,DAL,2438.0,,88,79,9
199801240DAL,RS,DAL,2548.0,,90,79,11
199801240DAL,RS,DAL,2622.0,,90,81,9
199801240DAL,RS,DAL,2649.0,,90,82,8
199801240DAL,RS,DAL,2649.0,,90,83,7
199801240DAL,RS,DAL,2673.0,,90,85,5
199801240DAL,RS,DAL,2680.0,,90,88,2
199801240DAL,RS,DAL,2737.0,,91,88,3
199801240DAL,RS,DAL,2738.0,,92,88,4
199801240DAL,RS,DAL,2753.0,,92,89,3
199801240DAL,RS,DAL,2753.0,,92,90,2
199801240DAL,RS,DAL,2810.0,,94,90,4
199801240DAL,RS,DAL,2818.0,F,94,92,2
199801240DAL,RS,DAL,2880.0,,94,92,2
199801270CHH,RS,PHO,0.0,,0,0,0
199801270CHH,RS,PHO,33.0,,0,2,-2
199801270CHH,RS,PHO,49.0,T,2,2,0
199801270CHH,RS,PHO,59.0,,2,4,-2
199801270CHH,RS,PHO,98.0,,2,5,-3
199801270CHH,RS,PHO,128.0,,4,5,-1
199801270CHH,RS,PHO,226.0,LC,6,5,1
199801270CHH,RS,PHO,243.0,,7,5,2
199801270CHH,RS,PHO,243.0,,8,5,3
199801270CHH,RS,PHO,266.0,,8,7,1
199801270CHH,RS,PHO,292.0,LC,8,9,-1
199801270CHH,RS,PHO,327.0,,8,11,-3
199801270CHH,RS,PHO,327.0,,8,12,-4
199801270CHH,RS,PHO,341.0,,10,12,-2
199801270CHH,RS,PHO,351.0,,10,13,-3
199801270CHH,RS,PHO,351.0,,10,14,-4
199801270CHH,RS,PHO,379.0,,10,16,-6
199801270CHH,RS,PHO,410.0,,12,16,-4
199801270CHH,RS,PHO,426.0,,12,18,-6
199801270CHH,RS,PHO,498.0,,12,20,-8
199801270CHH,RS,PHO,521.0,,14,20,-6
199801270CHH,RS,PHO,561.0,,15,20,-5
199801270CHH,RS,PHO,561.0,,16,20,-4
199801270CHH,RS,PHO,573.0,,16,22,-6
199801270CHH,RS,PHO,619.0,,18,22,-4
199801270CHH,RS,PHO,636.0,,18,24,-6
199801270CHH,RS,PHO,782.0,,18,26,-8
199801270CHH,RS,PHO,809.0,,18,28,-10
199801270CHH,RS,PHO,837.0,,20,28,-8
199801270CHH,RS,PHO,861.0,,20,30,-10
199801270CHH,RS,PHO,878.0,,23,30,-7
199801270CHH,RS,PHO,899.0,,23,32,-9
199801270CHH,RS,PHO,922.0,,24,32,-8
199801270CHH,RS,PHO,926.0,,25,32,-7
199801270CHH,RS,PHO,926.0,,26,32,-6
199801270CHH,RS,PHO,953.0,,26,34,-8
199801270CHH,RS,PHO,967.0,,29,34,-5
199801270CHH,RS,PHO,996.0,,29,36,-7
199801270CHH,RS,PHO,1013.0,,31,36,-5
199801270CHH,RS,PHO,1038.0,,31,39,-8
199801270CHH,RS,PHO,1055.0,,33,39,-6
199801270CHH,RS,PHO,1164.0,,33,41,-8
199801270CHH,RS,PHO,1196.0,,33,43,-10
199801270CHH,RS,PHO,1235.0,,33,45,-12
199801270CHH,RS,PHO,1262.0,,34,45,-11
199801270CHH,RS,PHO,1302.0,,34,46,-12
199801270CHH,RS,PHO,1326.0,,36,46,-10
199801270CHH,RS,PHO,1332.0,,36,48,-12
199801270CHH,RS,PHO,1398.0,,38,48,-10
199801270CHH,RS,PHO,1409.0,,38,50,-12
199801270CHH,RS,PHO,1431.0,,39,50,-11
199801270CHH,RS,PHO,1431.0,,40,50,-10
199801270CHH,RS,PHO,1454.0,,42,50,-8
199801270CHH,RS,PHO,1470.0,,42,52,-10
199801270CHH,RS,PHO,1489.0,,44,52,-8
199801270CHH,RS,PHO,1500.0,,44,54,-10
199801270CHH,RS,PHO,1548.0,,47,54,-7
199801270CHH,RS,PHO,1580.0,,49,54,-5
199801270CHH,RS,PHO,1593.0,,49,56,-7
199801270CHH,RS,PHO,1625.0,,49,58,-9
199801270CHH,RS,PHO,1647.0,,51,58,-7
199801270CHH,RS,PHO,1670.0,,51,60,-9
199801270CHH,RS,PHO,1692.0,,53,60,-7
199801270CHH,RS,PHO,1698.0,,53,61,-8
199801270CHH,RS,PHO,1698.0,,53,62,-9
199801270CHH,RS,PHO,1718.0,,53,63,-10
199801270CHH,RS,PHO,1718.0,,53,64,-11
199801270CHH,RS,PHO,1737.0,,55,64,-9
199801270CHH,RS,PHO,1771.0,,57,64,-7
199801270CHH,RS,PHO,1808.0,,59,64,-5
199801270CHH,RS,PHO,1823.0,,59,65,-6
199801270CHH,RS,PHO,1856.0,,59,67,-8
199801270CHH,RS,PHO,1892.0,,60,67,-7
199801270CHH,RS,PHO,1908.0,,60,68,-8
199801270CHH,RS,PHO,1925.0,,62,68,-6
199801270CHH,RS,PHO,1975.0,,64,68,-4
199801270CHH,RS,PHO,1988.0,,64,69,-5
199801270CHH,RS,PHO,1988.0,,64,70,-6
199801270CHH,RS,PHO,2009.0,,65,70,-5
199801270CHH,RS,PHO,2009.0,,66,70,-4
199801270CHH,RS,PHO,2021.0,,66,72,-6
199801270CHH,RS,PHO,2062.0,,67,72,-5
199801270CHH,RS,PHO,2062.0,,68,72,-4
199801270CHH,RS,PHO,2072.0,,68,74,-6
199801270CHH,RS,PHO,2127.0,,69,74,-5
199801270CHH,RS,PHO,2127.0,,70,74,-4
199801270CHH,RS,PHO,2141.0,,70,76,-6
199801270CHH,RS,PHO,2191.0,,71,76,-5
199801270CHH,RS,PHO,2191.0,,72,76,-4
199801270CHH,RS,PHO,2205.0,,72,78,-6
199801270CHH,RS,PHO,2270.0,,75,78,-3
199801270CHH,RS,PHO,2293.0,,75,80,-5
199801270CHH,RS,PHO,2321.0,,77,80,-3
199801270CHH,RS,PHO,2334.0,,78,80,-2
199801270CHH,RS,PHO,2334.0,,79,80,-1
199801270CHH,RS,PHO,2402.0,,79,82,-3
199801270CHH,RS,PHO,2430.0,,80,82,-2
199801270CHH,RS,PHO,2450.0,,80,85,-5
199801270CHH,RS,PHO,2501.0,,82,85,-3
199801270CHH,RS,PHO,2543.0,,83,85,-2
199801270CHH,RS,PHO,2543.0,,84,85,-1
199801270CHH,RS,PHO,2574.0,T,85,85,0
199801270CHH,RS,PHO,2574.0,LC,86,85,1
199801270CHH,RS,PHO,2594.0,LC,86,87,-1
199801270CHH,RS,PHO,2628.0,T,87,87,0
199801270CHH,RS,PHO,2628.0,LC,88,87,1
199801270CHH,RS,PHO,2645.0,LC,88,89,-1
199801270CHH,RS,PHO,2698.0,,88,91,-3
199801270CHH,RS,PHO,2723.0,,89,91,-2
199801270CHH,RS,PHO,2723.0,,90,91,-1
199801270CHH,RS,PHO,2752.0,LC,92,91,1
199801270CHH,RS,PHO,2823.0,LC,92,93,-1
199801270CHH,RS,PHO,2845.0,LC,94,93,1
199801270CHH,RS,PHO,2857.0,T,94,94,0
199801270CHH,RS,PHO,2904.0,,96,94,2
199801270CHH,RS,PHO,2924.0,T,96,96,0
199801270CHH,RS,PHO,2965.0,LC,96,98,-2
199801270CHH,RS,PHO,2982.0,T,98,98,0
199801270CHH,RS,PHO,3041.0,LC,100,98,2
199801270CHH,RS,PHO,3099.0,T,100,100,0
199801270CHH,RS,PHO,3145.0,LC,100,102,-2
199801270CHH,RS,PHO,3160.0,LC,103,102,1
199801270CHH,RS,PHO,3168.0,LC,103,104,-1
199801270CHH,RS,PHO,3171.0,LC,106,104,2
199801270CHH,RS,PHO,3175.0,T,106,106,0
199801270CHH,RS,PHO,3201.0,,108,106,2
199801270CHH,RS,PHO,3246.0,,109,106,3
199801270CHH,RS,PHO,3294.0,,111,106,5
199801270CHH,RS,PHO,3314.0,,111,108,3
199801270CHH,RS,PHO,3314.0,,111,109,2
199801270CHH,RS,PHO,3330.0,,113,109,4
199801270CHH,RS,PHO,3419.0,,114,109,5
199801270CHH,RS,PHO,3419.0,,115,109,6
199801270CHH,RS,PHO,3427.0,,115,111,4
199801270CHH,RS,PHO,3445.0,,116,111,5
199801270CHH,RS,PHO,3445.0,,117,111,6
199801270CHH,RS,PHO,3448.0,,117,112,5
199801270CHH,RS,PHO,3448.0,,117,113,4
199801270CHH,RS,PHO,3454.0,,118,113,5
199801270CHH,RS,PHO,3454.0,,119,113,6
199801270CHH,RS,PHO,3468.0,F,120,113,7
199801270CHH,RS,PHO,3480.0,,120,113,7
199801300BOS,RS,BOS,0.0,,0,0,0
199801300BOS,RS,BOS,16.0,,2,0,2
199801300BOS,RS,BOS,137.0,T,2,2,0
199801300BOS,RS,BOS,174.0,LC,2,4,-2
199801300BOS,RS,BOS,188.0,T,4,4,0
199801300BOS,RS,BOS,207.0,LC,6,4,2
199801300BOS,RS,BOS,244.0,T,6,6,0
199801300BOS,RS,BOS,271.0,LC,6,8,-2
199801300BOS,RS,BOS,292.0,T,8,8,0
199801300BOS,RS,BOS,312.0,,8,10,-2
199801300BOS,RS,BOS,374.0,,9,10,-1
199801300BOS,RS,BOS,374.0,T,10,10,0
199801300BOS,RS,BOS,394.0,,10,12,-2
199801300BOS,RS,BOS,394.0,,10,13,-3
199801300BOS,RS,BOS,412.0,,11,13,-2
199801300BOS,RS,BOS,412.0,,12,13,-1
199801300BOS,RS,BOS,456.0,LC,14,13,1
199801300BOS,RS,BOS,480.0,LC,14,15,-1
199801300BOS,RS,BOS,480.0,,14,16,-2
199801300BOS,RS,BOS,543.0,,14,18,-4
199801300BOS,RS,BOS,578.0,,14,20,-6
199801300BOS,RS,BOS,600.0,,16,20,-4
199801300BOS,RS,BOS,629.0,,16,22,-6
199801300BOS,RS,BOS,683.0,,19,22,-3
199801300BOS,RS,BOS,719.0,,21,22,-1
199801300BOS,RS,BOS,770.0,,21,24,-3
199801300BOS,RS,BOS,792.0,,21,26,-5
199801300BOS,RS,BOS,832.0,,22,26,-4
199801300BOS,RS,BOS,832.0,,23,26,-3
199801300BOS,RS,BOS,856.0,,25,26,-1
199801300BOS,RS,BOS,872.0,LC,27,26,1
199801300BOS,RS,BOS,904.0,,28,26,2
199801300BOS,RS,BOS,904.0,,29,26,3
199801300BOS,RS,BOS,925.0,,29,28,1
199801300BOS,RS,BOS,951.0,,30,28,2
199801300BOS,RS,BOS,951.0,,31,28,3
199801300BOS,RS,BOS,966.0,,33,28,5
199801300BOS,RS,BOS,1027.0,,33,29,4
199801300BOS,RS,BOS,1027.0,,33,30,3
199801300BOS,RS,BOS,1043.0,,34,30,4
199801300BOS,RS,BOS,1060.0,,34,32,2
199801300BOS,RS,BOS,1091.0,LC,34,35,-1
199801300BOS,RS,BOS,1130.0,,34,36,-2
199801300BOS,RS,BOS,1167.0,T,36,36,0
199801300BOS,RS,BOS,1219.0,LC,37,36,1
199801300BOS,RS,BOS,1240.0,LC,37,39,-2
199801300BOS,RS,BOS,1276.0,T,39,39,0
199801300BOS,RS,BOS,1276.0,LC,40,39,1
199801300BOS,RS,BOS,1306.0,,42,39,3
199801300BOS,RS,BOS,1306.0,,43,39,4
199801300BOS,RS,BOS,1328.0,,43,42,1
199801300BOS,RS,BOS,1344.0,,45,42,3
199801300BOS,RS,BOS,1344.0,,46,42,4
199801300BOS,RS,BOS,1388.0,,47,42,5
199801300BOS,RS,BOS,1439.0,,47,45,2
199801300BOS,RS,BOS,1451.0,T,47,47,0
199801300BOS,RS,BOS,1451.0,LC,47,48,-1
199801300BOS,RS,BOS,1462.0,T,48,48,0
199801300BOS,RS,BOS,1462.0,LC,49,48,1
199801300BOS,RS,BOS,1534.0,,51,48,3
199801300BOS,RS,BOS,1618.0,,52,48,4
199801300BOS,RS,BOS,1618.0,,53,48,5
199801300BOS,RS,BOS,1648.0,,54,48,6
199801300BOS,RS,BOS,1679.0,,55,48,7
199801300BOS,RS,BOS,1719.0,,56,48,8
199801300BOS,RS,BOS,1754.0,,58,48,10
199801300BOS,RS,BOS,1784.0,,58,50,8
199801300BOS,RS,BOS,1806.0,,60,50,10
199801300BOS,RS,BOS,1824.0,,60,51,9
199801300BOS,RS,BOS,1843.0,,60,52,8
199801300BOS,RS,BOS,1843.0,,60,53,7
199801300BOS,RS,BOS,1850.0,,60,55,5
199801300BOS,RS,BOS,1864.0,,61,55,6
199801300BOS,RS,BOS,1864.0,,62,55,7
199801300BOS,RS,BOS,1878.0,,62,57,5
199801300BOS,RS,BOS,1933.0,,63,57,6
199801300BOS,RS,BOS,1933.0,,64,57,7
199801300BOS,RS,BOS,1973.0,,66,57,9
199801300BOS,RS,BOS,2026.0,,66,58,8
199801300BOS,RS,BOS,2026.0,,66,59,7
199801300BOS,RS,BOS,2062.0,,68,59,9
199801300BOS,RS,BOS,2079.0,,68,61,7
199801300BOS,RS,BOS,2103.0,,70,61,9
199801300BOS,RS,BOS,2137.0,,70,63,7
199801300BOS,RS,BOS,2143.0,,71,63,8
199801300BOS,RS,BOS,2143.0,,72,63,9
199801300BOS,RS,BOS,2183.0,,72,64,8
199801300BOS,RS,BOS,2183.0,,72,65,7
199801300BOS,RS,BOS,2200.0,,74,65,9
199801300BOS,RS,BOS,2218.0,,74,68,6
199801300BOS,RS,BOS,2258.0,,76,68,8
199801300BOS,RS,BOS,2258.0,,77,68,9
199801300BOS,RS,BOS,2265.0,,77,70,7
199801300BOS,RS,BOS,2282.0,,77,72,5
199801300BOS,RS,BOS,2318.0,,77,73,4
199801300BOS,RS,BOS,2318.0,,77,74,3
199801300BOS,RS,BOS,2353.0,T,77,77,0
199801300BOS,RS,BOS,2369.0,,79,77,2
199801300BOS,RS,BOS,2403.0,,81,77,4
199801300BOS,RS,BOS,2436.0,,82,77,5
199801300BOS,RS,BOS,2436.0,,83,77,6
199801300BOS,RS,BOS,2468.0,,83,78,5
199801300BOS,RS,BOS,2468.0,,83,79,4
199801300BOS,RS,BOS,2495.0,,85,79,6
199801300BOS,RS,BOS,2511.0,,85,81,4
199801300BOS,RS,BOS,2559.0,,87,81,6
199801300BOS,RS,BOS,2573.0,,87,83,4
199801300BOS,RS,BOS,2606.0,,90,83,7
199801300BOS,RS,BOS,2658.0,,90,86,4
199801300BOS,RS,BOS,2696.0,,90,88,2
199801300BOS,RS,BOS,2770.0,T,90,90,0
199801300BOS,RS,BOS,2792.0,,91,90,1
199801300BOS,RS,BOS,2809.0,LC,91,92,-1
199801300BOS,RS,BOS,2821.0,LC,94,92,2
199801300BOS,RS,BOS,2843.0,LC,94,95,-1
199801300BOS,RS,BOS,2861.0,LC,96,95,1
199801300BOS,RS,BOS,2878.0,F,97,95,2
199801300BOS,RS,BOS,2880.0,,97,95,2
199801310CHH,RS,ATL,0.0,,0,0,0
199801310CHH,RS,ATL,6.0,,0,2,-2
199801310CHH,RS,ATL,77.0,,0,4,-4
199801310CHH,RS,ATL,105.0,,0,7,-7
199801310CHH,RS,ATL,119.0,,2,7,-5
199801310CHH,RS,ATL,141.0,,3,7,-4
199801310CHH,RS,ATL,153.0,,3,9,-6
199801310CHH,RS,ATL,235.0,,5,9,-4
199801310CHH,RS,ATL,247.0,,5,11,-6
199801310CHH,RS,ATL,284.0,,5,13,-8
199801310CHH,RS,ATL,307.0,,6,13,-7
199801310CHH,RS,ATL,307.0,,7,13,-6
199801310CHH,RS,ATL,322.0,,7,15,-8
199801310CHH,RS,ATL,341.0,,7,17,-10
199801310CHH,RS,ATL,361.0,,9,17,-8
199801310CHH,RS,ATL,412.0,,11,17,-6
199801310CHH,RS,ATL,430.0,,11,19,-8
199801310CHH,RS,ATL,485.0,,12,19,-7
199801310CHH,RS,ATL,485.0,,13,19,-6
199801310CHH,RS,ATL,518.0,,15,19,-4
199801310CHH,RS,ATL,531.0,,15,22,-7
199801310CHH,RS,ATL,547.0,,17,22,-5
199801310CHH,RS,ATL,601.0,,17,25,-8
199801310CHH,RS,ATL,608.0,,19,25,-6
199801310CHH,RS,ATL,631.0,,19,28,-9
199801310CHH,RS,ATL,647.0,,21,28,-7
199801310CHH,RS,ATL,671.0,,22,28,-6
199801310CHH,RS,ATL,671.0,,23,28,-5
199801310CHH,RS,ATL,719.0,,25,28,-3
199801310CHH,RS,ATL,737.0,,27,28,-1
199801310CHH,RS,ATL,761.0,,27,29,-2
199801310CHH,RS,ATL,761.0,,27,30,-3
199801310CHH,RS,ATL,810.0,,27,32,-5
199801310CHH,RS,ATL,832.0,,29,32,-3
199801310CHH,RS,ATL,845.0,,29,34,-5
199801310CHH,RS,ATL,880.0,,29,36,-7
199801310CHH,RS,ATL,916.0,,29,38,-9
199801310CHH,RS,ATL,981.0,,31,38,-7
199801310CHH,RS,ATL,1002.0,,31,40,-9
199801310CHH,RS,ATL,1002.0,,31,41,-10
199801310CHH,RS,ATL,1022.0,,33,41,-8
199801310CHH,RS,ATL,1048.0,,33,43,-10
199801310CHH,RS,ATL,1084.0,,35,43,-8
199801310CHH,RS,ATL,1084.0,,36,43,-7
199801310CHH,RS,ATL,1120.0,,37,43,-6
199801310CHH,RS,ATL,1120.0,,38,43,-5
199801310CHH,RS,ATL,1166.0,,38,45,-7
199801310CHH,RS,ATL,1189.0,,38,47,-9
199801310CHH,RS,ATL,1220.0,,38,48,-10
199801310CHH,RS,ATL,1238.0,,40,48,-8
199801310CHH,RS,ATL,1252.0,,40,50,-10
199801310CHH,RS,ATL,1287.0,,41,50,-9
199801310CHH,RS,ATL,1287.0,,42,50,-8
199801310CHH,RS,ATL,1296.0,,44,50,-6
199801310CHH,RS,ATL,1314.0,,44,51,-7
199801310CHH,RS,ATL,1314.0,,44,52,-8
199801310CHH,RS,ATL,1327.0,,45,52,-7
199801310CHH,RS,ATL,1390.0,,45,53,-8
199801310CHH,RS,ATL,1410.0,,45,54,-9
199801310CHH,RS,ATL,1440.0,,45,56,-11
199801310CHH,RS,ATL,1521.0,,46,56,-10
199801310CHH,RS,ATL,1529.0,,47,56,-9
199801310CHH,RS,ATL,1529.0,,48,56,-8
199801310CHH,RS,ATL,1550.0,,48,59,-11
199801310CHH,RS,ATL,1564.0,,49,59,-10
199801310CHH,RS,ATL,1603.0,,51,59,-8
199801310CHH,RS,ATL,1623.0,,51,61,-10
199801310CHH,RS,ATL,1677.0,,52,61,-9
199801310CHH,RS,ATL,1677.0,,53,61,-8
199801310CHH,RS,ATL,1691.0,,53,63,-10
199801310CHH,RS,ATL,1709.0,,56,63,-7
199801310CHH,RS,ATL,1735.0,,56,64,-8
199801310CHH,RS,ATL,1735.0,,56,65,-9
199801310CHH,RS,ATL,1779.0,,58,65,-7
199801310CHH,RS,ATL,1823.0,,58,67,-9
199801310CHH,RS,ATL,1843.0,,60,67,-7
199801310CHH,RS,ATL,1872.0,,60,69,-9
199801310CHH,RS,ATL,1920.0,,60,71,-11
199801310CHH,RS,ATL,1996.0,,60,73,-13
199801310CHH,RS,ATL,2012.0,,61,73,-12
199801310CHH,RS,ATL,2043.0,,62,73,-11
199801310CHH,RS,ATL,2078.0,,63,73,-10
199801310CHH,RS,ATL,2078.0,,64,73,-9
199801310CHH,RS,ATL,2095.0,,66,73,-7
199801310CHH,RS,ATL,2127.0,,68,73,-5
199801310CHH,RS,ATL,2147.0,,68,74,-6
199801310CHH,RS,ATL,2157.0,,70,74,-4
199801310CHH,RS,ATL,2160.0,,70,75,-5
199801310CHH,RS,ATL,2191.0,,72,75,-3
199801310CHH,RS,ATL,2205.0,,72,77,-5
199801310CHH,RS,ATL,2229.0,,72,79,-7
199801310CHH,RS,ATL,2270.0,,72,81,-9
199801310CHH,RS,ATL,2308.0,,72,82,-10
199801310CHH,RS,ATL,2308.0,,72,83,-11
199801310CHH,RS,ATL,2334.0,,73,83,-10
199801310CHH,RS,ATL,2334.0,,74,83,-9
199801310CHH,RS,ATL,2351.0,,74,85,-11
199801310CHH,RS,ATL,2401.0,,74,87,-13
199801310CHH,RS,ATL,2451.0,,74,88,-14
199801310CHH,RS,ATL,2463.0,,76,88,-12
199801310CHH,RS,ATL,2463.0,,77,88,-11
199801310CHH,RS,ATL,2515.0,,77,90,-13
199801310CHH,RS,ATL,2540.0,,77,92,-15
199801310CHH,RS,ATL,2584.0,,78,92,-14
199801310CHH,RS,ATL,2584.0,,79,92,-13
199801310CHH,RS,ATL,2645.0,,79,94,-15
199801310CHH,RS,ATL,2708.0,,79,95,-16
199801310CHH,RS,ATL,2741.0,,79,97,-18
199801310CHH,RS,ATL,2754.0,,80,97,-17
199801310CHH,RS,ATL,2754.0,,81,97,-16
199801310CHH,RS,ATL,2830.0,,81,99,-18
199801310CHH,RS,ATL,2868.0,,81,101,-20
199801310CHH,RS,ATL,2875.0,F,83,101,-18
199801310CHH,RS,ATL,2880.0,,83,103,-20
199802030CHH,RS,BOS,0.0,,0,0,0
199802030CHH,RS,BOS,27.0,,2,0,2
199802030CHH,RS,BOS,75.0,,4,0,4
199802030CHH,RS,BOS,96.0,,4,3,1
199802030CHH,RS,BOS,110.0,,6,3,3
199802030CHH,RS,BOS,148.0,,6,5,1
199802030CHH,RS,BOS,168.0,,7,5,2
199802030CHH,RS,BOS,182.0,T,7,7,0
199802030CHH,RS,BOS,205.0,,9,7,2
199802030CHH,RS,BOS,265.0,T,9,9,0
199802030CHH,RS,BOS,286.0,,11,9,2
199802030CHH,RS,BOS,323.0,T,11,11,0
199802030CHH,RS,BOS,357.0,LC,11,13,-2
199802030CHH,RS,BOS,394.0,,11,15,-4
199802030CHH,RS,BOS,486.0,,11,17,-6
199802030CHH,RS,BOS,486.0,,11,18,-7
199802030CHH,RS,BOS,527.0,,12,18,-6
199802030CHH,RS,BOS,544.0,,12,20,-8
199802030CHH,RS,BOS,604.0,,12,22,-10
199802030CHH,RS,BOS,674.0,,14,22,-8
199802030CHH,RS,BOS,690.0,,14,24,-10
199802030CHH,RS,BOS,701.0,,14,26,-12
199802030CHH,RS,BOS,701.0,,14,27,-13
199802030CHH,RS,BOS,717.0,,15,27,-12
199802030CHH,RS,BOS,776.0,,15,29,-14
199802030CHH,RS,BOS,813.0,,17,29,-12
199802030CHH,RS,BOS,847.0,,18,29,-11
199802030CHH,RS,BOS,847.0,,19,29,-10
199802030CHH,RS,BOS,880.0,,21,29,-8
199802030CHH,RS,BOS,900.0,,21,30,-9
199802030CHH,RS,BOS,900.0,,21,31,-10
199802030CHH,RS,BOS,911.0,,23,31,-8
199802030CHH,RS,BOS,930.0,,23,33,-10
199802030CHH,RS,BOS,961.0,,25,33,-8
199802030CHH,RS,BOS,1007.0,,25,35,-10
199802030CHH,RS,BOS,1024.0,,28,35,-7
199802030CHH,RS,BOS,1099.0,,28,37,-9
199802030CHH,RS,BOS,1130.0,,30,37,-7
199802030CHH,RS,BOS,1157.0,,31,37,-6
199802030CHH,RS,BOS,1157.0,,32,37,-5
199802030CHH,RS,BOS,1187.0,,34,37,-3
199802030CHH,RS,BOS,1236.0,,36,37,-1
199802030CHH,RS,BOS,1269.0,,36,39,-3
199802030CHH,RS,BOS,1278.0,,36,40,-4
199802030CHH,RS,BOS,1278.0,,36,41,-5
199802030CHH,RS,BOS,1304.0,,37,41,-4
199802030CHH,RS,BOS,1304.0,,38,41,-3
199802030CHH,RS,BOS,1352.0,,39,41,-2
199802030CHH,RS,BOS,1352.0,,40,41,-1
199802030CHH,RS,BOS,1371.0,,40,43,-3
199802030CHH,RS,BOS,1394.0,,42,43,-1
199802030CHH,RS,BOS,1438.0,LC,44,43,1
199802030CHH,RS,BOS,1474.0,,46,43,3
199802030CHH,RS,BOS,1519.0,,46,45,1
199802030CHH,RS,BOS,1548.0,LC,46,47,-1
199802030CHH,RS,BOS,1565.0,LC,48,47,1
199802030CHH,RS,BOS,1585.0,LC,48,49,-1
199802030CHH,RS,BOS,1604.0,T,49,49,0
199802030CHH,RS,BOS,1634.0,,49,52,-3
199802030CHH,RS,BOS,1650.0,,51,52,-1
199802030CHH,RS,BOS,1660.0,,51,54,-3
199802030CHH,RS,BOS,1703.0,,51,57,-6
199802030CHH,RS,BOS,1716.0,,52,57,-5
199802030CHH,RS,BOS,1716.0,,53,57,-4
199802030CHH,RS,BOS,1804.0,,55,57,-2
199802030CHH,RS,BOS,1823.0,,55,59,-4
199802030CHH,RS,BOS,1833.0,,56,59,-3
199802030CHH,RS,BOS,1904.0,,57,59,-2
199802030CHH,RS,BOS,1904.0,,58,59,-1
199802030CHH,RS,BOS,1965.0,LC,60,59,1
199802030CHH,RS,BOS,1999.0,,62,59,3
199802030CHH,RS,BOS,2037.0,,62,60,2
199802030CHH,RS,BOS,2055.0,,64,60,4
199802030CHH,RS,BOS,2076.0,,64,63,1
199802030CHH,RS,BOS,2087.0,,67,63,4
199802030CHH,RS,BOS,2110.0,,67,65,2
199802030CHH,RS,BOS,2195.0,,70,65,5
199802030CHH,RS,BOS,2213.0,,70,66,4
199802030CHH,RS,BOS,2213.0,,70,67,3
199802030CHH,RS,BOS,2253.0,,70,69,1
199802030CHH,RS,BOS,2269.0,LC,70,72,-2
199802030CHH,RS,BOS,2280.0,T,72,72,0
199802030CHH,RS,BOS,2280.0,LC,73,72,1
199802030CHH,RS,BOS,2321.0,T,73,73,0
199802030CHH,RS,BOS,2353.0,LC,73,74,-1
199802030CHH,RS,BOS,2398.0,,73,77,-4
199802030CHH,RS,BOS,2433.0,,74,77,-3
199802030CHH,RS,BOS,2433.0,,75,77,-2
199802030CHH,RS,BOS,2463.0,T,77,77,0
199802030CHH,RS,BOS,2482.0,LC,78,77,1
199802030CHH,RS,BOS,2482.0,,79,77,2
199802030CHH,RS,BOS,2512.0,,79,78,1
199802030CHH,RS,BOS,2512.0,T,79,79,0
199802030CHH,RS,BOS,2527.0,,81,79,2
199802030CHH,RS,BOS,2561.0,,81,80,1
199802030CHH,RS,BOS,2561.0,T,81,81,0
199802030CHH,RS,BOS,2640.0,,83,81,2
199802030CHH,RS,BOS,2680.0,,85,81,4
199802030CHH,RS,BOS,2717.0,,85,82,3
199802030CHH,RS,BOS,2722.0,,86,82,4
199802030CHH,RS,BOS,2747.0,,86,84,2
199802030CHH,RS,BOS,2776.0,,86,85,1
199802030CHH,RS,BOS,2801.0,T,86,86,0
199802030CHH,RS,BOS,2825.0,,89,86,3
199802030CHH,RS,BOS,2840.0,,90,86,4
199802030CHH,RS,BOS,2840.0,,91,86,5
199802030CHH,RS,BOS,2859.0,,91,89,2
199802030CHH,RS,BOS,2869.0,F,93,89,4
199802030CHH,RS,BOS,2880.0,,93,89,4
199802050CHH,RS,VAN,0.0,,0,0,0
199802050CHH,RS,VAN,12.0,,1,0,1
199802050CHH,RS,VAN,12.0,,2,0,2
199802050CHH,RS,VAN,69.0,T,2,2,0
199802050CHH,RS,VAN,102.0,,4,2,2
199802050CHH,RS,VAN,124.0,T,4,4,0
199802050CHH,RS,VAN,145.0,,6,4,2
199802050CHH,RS,VAN,157.0,T,6,6,0
199802050CHH,RS,VAN,175.0,,8,6,2
199802050CHH,RS,VAN,225.0,,8,7,1
199802050CHH,RS,VAN,236.0,,10,7,3
199802050CHH,RS,VAN,253.0,,10,9,1
199802050CHH,RS,VAN,301.0,LC,10,11,-1
199802050CHH,RS,VAN,323.0,LC,12,11,1
199802050CHH,RS,VAN,337.0,LC,12,13,-1
199802050CHH,RS,VAN,353.0,LC,15,13,2
199802050CHH,RS,VAN,371.0,,17,13,4
199802050CHH,RS,VAN,393.0,,19,13,6
199802050CHH,RS,VAN,439.0,,21,13,8
199802050CHH,RS,VAN,500.0,,22,13,9
199802050CHH,RS,VAN,500.0,,23,13,10
199802050CHH,RS,VAN,520.0,,25,13,12
199802050CHH,RS,VAN,561.0,,27,13,14
199802050CHH,RS,VAN,579.0,,27,14,13
199802050CHH,RS,VAN,597.0,,28,14,14
199802050CHH,RS,VAN,597.0,,29,14,15
199802050CHH,RS,VAN,617.0,,29,16,13
199802050CHH,RS,VAN,629.0,,31,16,15
199802050CHH,RS,VAN,702.0,,32,16,16
199802050CHH,RS,VAN,745.0,,34,16,18
199802050CHH,RS,VAN,756.0,,36,16,20
199802050CHH,RS,VAN,785.0,,36,18,18
199802050CHH,RS,VAN,785.0,,36,19,17
199802050CHH,RS,VAN,812.0,,36,21,15
199802050CHH,RS,VAN,845.0,,36,23,13
199802050CHH,RS,VAN,854.0,,38,23,15
199802050CHH,RS,VAN,864.0,,38,24,14
199802050CHH,RS,VAN,864.0,,38,25,13
199802050CHH,RS,VAN,902.0,,38,27,11
199802050CHH,RS,VAN,931.0,,40,27,13
199802050CHH,RS,VAN,972.0,,42,27,15
199802050CHH,RS,VAN,1003.0,,42,30,12
199802050CHH,RS,VAN,1021.0,,44,30,14
199802050CHH,RS,VAN,1030.0,,44,31,13
199802050CHH,RS,VAN,1030.0,,44,32,12
199802050CHH,RS,VAN,1042.0,,46,32,14
199802050CHH,RS,VAN,1051.0,,46,35,11
199802050CHH,RS,VAN,1073.0,,47,35,12
199802050CHH,RS,VAN,1125.0,,47,36,11
199802050CHH,RS,VAN,1125.0,,47,37,10
199802050CHH,RS,VAN,1140.0,,48,37,11
199802050CHH,RS,VAN,1140.0,,49,37,12
199802050CHH,RS,VAN,1165.0,,49,39,10
199802050CHH,RS,VAN,1200.0,,49,41,8
199802050CHH,RS,VAN,1217.0,,51,41,10
199802050CHH,RS,VAN,1232.0,,52,41,11
199802050CHH,RS,VAN,1245.0,,52,44,8
199802050CHH,RS,VAN,1259.0,,53,44,9
199802050CHH,RS,VAN,1291.0,,55,44,11
199802050CHH,RS,VAN,1291.0,,56,44,12
199802050CHH,RS,VAN,1300.0,,56,46,10
199802050CHH,RS,VAN,1316.0,,58,46,12
199802050CHH,RS,VAN,1337.0,,58,48,10
199802050CHH,RS,VAN,1399.0,,58,49,9
199802050CHH,RS,VAN,1399.0,,58,50,8
199802050CHH,RS,VAN,1483.0,,58,52,6
199802050CHH,RS,VAN,1500.0,,60,52,8
199802050CHH,RS,VAN,1542.0,,62,52,10
199802050CHH,RS,VAN,1573.0,,64,52,12
199802050CHH,RS,VAN,1594.0,,65,52,13
199802050CHH,RS,VAN,1594.0,,66,52,14
199802050CHH,RS,VAN,1621.0,,66,54,12
199802050CHH,RS,VAN,1637.0,,69,54,15
199802050CHH,RS,VAN,1661.0,,71,54,17
199802050CHH,RS,VAN,1713.0,,71,56,15
199802050CHH,RS,VAN,1736.0,,73,56,17
199802050CHH,RS,VAN,1763.0,,73,57,16
199802050CHH,RS,VAN,1763.0,,73,58,15
199802050CHH,RS,VAN,1776.0,,76,58,18
199802050CHH,RS,VAN,1860.0,,76,60,16
199802050CHH,RS,VAN,1868.0,,77,60,17
199802050CHH,RS,VAN,1868.0,,78,60,18
199802050CHH,RS,VAN,1884.0,,79,60,19
199802050CHH,RS,VAN,1884.0,,80,60,20
199802050CHH,RS,VAN,1926.0,,82,60,22
199802050CHH,RS,VAN,1945.0,,82,61,21
199802050CHH,RS,VAN,1985.0,,84,61,23
199802050CHH,RS,VAN,1992.0,,84,63,21
199802050CHH,RS,VAN,2024.0,,84,65,19
199802050CHH,RS,VAN,2039.0,,86,65,21
199802050CHH,RS,VAN,2054.0,,86,67,19
199802050CHH,RS,VAN,2102.0,,87,67,20
199802050CHH,RS,VAN,2102.0,,88,67,21
199802050CHH,RS,VAN,2134.0,,89,67,22
199802050CHH,RS,VAN,2134.0,,90,67,23
199802050CHH,RS,VAN,2155.0,,90,69,21
199802050CHH,RS,VAN,2178.0,,92,69,23
199802050CHH,RS,VAN,2277.0,,92,72,20
199802050CHH,RS,VAN,2314.0,,93,72,21
199802050CHH,RS,VAN,2314.0,,94,72,22
199802050CHH,RS,VAN,2335.0,,96,72,24
199802050CHH,RS,VAN,2375.0,,96,73,23
199802050CHH,RS,VAN,2375.0,,96,74,22
199802050CHH,RS,VAN,2390.0,,98,74,24
199802050CHH,RS,VAN,2411.0,,98,76,22
199802050CHH,RS,VAN,2593.0,,98,78,20
199802050CHH,RS,VAN,2608.0,,100,78,22
199802050CHH,RS,VAN,2619.0,,100,81,19
199802050CHH,RS,VAN,2642.0,,100,82,18
199802050CHH,RS,VAN,2642.0,,100,83,17
199802050CHH,RS,VAN,2658.0,,101,83,18
199802050CHH,RS,VAN,2668.0,,101,85,16
199802050CHH,RS,VAN,2695.0,,101,87,14
199802050CHH,RS,VAN,2722.0,,102,87,15
199802050CHH,RS,VAN,2722.0,,103,87,16
199802050CHH,RS,VAN,2761.0,,103,89,14
199802050CHH,RS,VAN,2773.0,,105,89,16
199802050CHH,RS,VAN,2819.0,,105,90,15
199802050CHH,RS,VAN,2855.0,F,105,93,12
199802050CHH,RS,VAN,2880.0,,108,93,15
199802100NYK,RS,NYK,0.0,,0,0,0
199802100NYK,RS,NYK,37.0,,3,0,3
199802100NYK,RS,NYK,59.0,,3,2,1
199802100NYK,RS,NYK,77.0,LC,3,4,-1
199802100NYK,RS,NYK,95.0,LC,5,4,1
199802100NYK,RS,NYK,118.0,LC,5,6,-1
199802100NYK,RS,NYK,140.0,LC,7,6,1
199802100NYK,RS,NYK,212.0,LC,7,8,-1
199802100NYK,RS,NYK,236.0,,7,10,-3
199802100NYK,RS,NYK,251.0,,9,10,-1
199802100NYK,RS,NYK,276.0,,9,12,-3
199802100NYK,RS,NYK,287.0,,10,12,-2
199802100NYK,RS,NYK,299.0,T,12,12,0
199802100NYK,RS,NYK,339.0,LC,14,12,2
199802100NYK,RS,NYK,359.0,,14,13,1
199802100NYK,RS,NYK,377.0,,16,13,3
199802100NYK,RS,NYK,389.0,,16,15,1
199802100NYK,RS,NYK,413.0,LC,16,18,-2
199802100NYK,RS,NYK,448.0,,16,21,-5
199802100NYK,RS,NYK,471.0,,18,21,-3
199802100NYK,RS,NYK,490.0,,18,23,-5
199802100NYK,RS,NYK,524.0,,18,25,-7
199802100NYK,RS,NYK,535.0,,20,25,-5
199802100NYK,RS,NYK,611.0,,22,25,-3
199802100NYK,RS,NYK,628.0,,22,27,-5
199802100NYK,RS,NYK,673.0,,22,29,-7
199802100NYK,RS,NYK,688.0,,24,29,-5
199802100NYK,RS,NYK,703.0,,24,31,-7
199802100NYK,RS,NYK,745.0,,26,31,-5
199802100NYK,RS,NYK,772.0,,26,34,-8
199802100NYK,RS,NYK,790.0,,27,34,-7
199802100NYK,RS,NYK,790.0,,28,34,-6
199802100NYK,RS,NYK,805.0,,28,36,-8
199802100NYK,RS,NYK,855.0,,28,38,-10
199802100NYK,RS,NYK,868.0,,30,38,-8
199802100NYK,RS,NYK,905.0,,33,38,-5
199802100NYK,RS,NYK,943.0,,34,38,-4
199802100NYK,RS,NYK,943.0,,35,38,-3
199802100NYK,RS,NYK,952.0,,35,40,-5
199802100NYK,RS,NYK,1009.0,,37,40,-3
199802100NYK,RS,NYK,1094.0,,38,40,-2
199802100NYK,RS,NYK,1109.0,T,40,40,0
199802100NYK,RS,NYK,1133.0,LC,42,40,2
199802100NYK,RS,NYK,1162.0,T,42,42,0
199802100NYK,RS,NYK,1178.0,,43,42,1
199802100NYK,RS,NYK,1193.0,LC,43,44,-1
199802100NYK,RS,NYK,1216.0,LC,45,44,1
199802100NYK,RS,NYK,1228.0,T,45,45,0
199802100NYK,RS,NYK,1242.0,,46,45,1
199802100NYK,RS,NYK,1242.0,,47,45,2
199802100NYK,RS,NYK,1260.0,T,47,47,0
199802100NYK,RS,NYK,1282.0,,48,47,1
199802100NYK,RS,NYK,1303.0,,49,47,2
199802100NYK,RS,NYK,1303.0,,50,47,3
199802100NYK,RS,NYK,1335.0,,52,47,5
199802100NYK,RS,NYK,1437.0,,52,50,2
199802100NYK,RS,NYK,1470.0,T,52,52,0
199802100NYK,RS,NYK,1514.0,LC,52,54,-2
199802100NYK,RS,NYK,1529.0,T,54,54,0
199802100NYK,RS,NYK,1616.0,LC,56,54,2
199802100NYK,RS,NYK,1628.0,T,56,56,0
199802100NYK,RS,NYK,1669.0,,57,56,1
199802100NYK,RS,NYK,1669.0,,58,56,2
199802100NYK,RS,NYK,1738.0,T,58,58,0
199802100NYK,RS,NYK,1774.0,LC,58,59,-1
199802100NYK,RS,NYK,1774.0,,58,60,-2
199802100NYK,RS,NYK,1791.0,,59,60,-1
199802100NYK,RS,NYK,1791.0,T,60,60,0
199802100NYK,RS,NYK,1849.0,,60,62,-2
199802100NYK,RS,NYK,1875.0,T,62,62,0
199802100NYK,RS,NYK,1908.0,LC,63,62,1
199802100NYK,RS,NYK,1908.0,,64,62,2
199802100NYK,RS,NYK,1973.0,T,64,64,0
199802100NYK,RS,NYK,2045.0,LC,64,65,-1
199802100NYK,RS,NYK,2045.0,,64,66,-2
199802100NYK,RS,NYK,2054.0,,65,66,-1
199802100NYK,RS,NYK,2058.0,T,66,66,0
199802100NYK,RS,NYK,2079.0,,66,67,-1
199802100NYK,RS,NYK,2079.0,,66,68,-2
199802100NYK,RS,NYK,2101.0,,67,68,-1
199802100NYK,RS,NYK,2117.0,,67,70,-3
199802100NYK,RS,NYK,2178.0,,67,72,-5
199802100NYK,RS,NYK,2205.0,,70,72,-2
199802100NYK,RS,NYK,2240.0,,70,74,-4
199802100NYK,RS,NYK,2288.0,,70,76,-6
199802100NYK,RS,NYK,2306.0,,72,76,-4
199802100NYK,RS,NYK,2346.0,,72,78,-6
199802100NYK,RS,NYK,2367.0,,73,78,-5
199802100NYK,RS,NYK,2367.0,,74,78,-4
199802100NYK,RS,NYK,2402.0,,76,78,-2
199802100NYK,RS,NYK,2423.0,,76,79,-3
199802100NYK,RS,NYK,2423.0,,76,80,-4
199802100NYK,RS,NYK,2439.0,,78,80,-2
199802100NYK,RS,NYK,2498.0,,78,83,-5
199802100NYK,RS,NYK,2517.0,,81,83,-2
199802100NYK,RS,NYK,2539.0,,81,84,-3
199802100NYK,RS,NYK,2539.0,,81,85,-4
199802100NYK,RS,NYK,2588.0,,81,87,-6
199802100NYK,RS,NYK,2609.0,,83,87,-4
199802100NYK,RS,NYK,2631.0,,83,89,-6
199802100NYK,RS,NYK,2694.0,,83,91,-8
199802100NYK,RS,NYK,2717.0,,84,91,-7
199802100NYK,RS,NYK,2732.0,,84,93,-9
199802100NYK,RS,NYK,2732.0,,84,94,-10
199802100NYK,RS,NYK,2751.0,,84,95,-11
199802100NYK,RS,NYK,2765.0,,87,95,-8
199802100NYK,RS,NYK,2812.0,,89,95,-6
199802100NYK,RS,NYK,2843.0,,91,95,-4
199802100NYK,RS,NYK,2866.0,,91,97,-6
199802100NYK,RS,NYK,2867.0,,91,98,-7
199802100NYK,RS,NYK,2867.0,F,91,99,-8
199802100NYK,RS,NYK,2876.0,,91,99,-8
199802110CHH,RS,CHI,0.0,,0,0,0
199802110CHH,RS,CHI,30.0,,0,2,-2
199802110CHH,RS,CHI,59.0,,0,4,-4
199802110CHH,RS,CHI,117.0,,0,6,-6
199802110CHH,RS,CHI,134.0,,2,6,-4
199802110CHH,RS,CHI,148.0,,2,8,-6
199802110CHH,RS,CHI,164.0,,4,8,-4
199802110CHH,RS,CHI,191.0,,4,10,-6
199802110CHH,RS,CHI,229.0,,4,12,-8
199802110CHH,RS,CHI,244.0,,6,12,-6
199802110CHH,RS,CHI,251.0,,7,12,-5
199802110CHH,RS,CHI,251.0,,8,12,-4
199802110CHH,RS,CHI,269.0,,8,14,-6
199802110CHH,RS,CHI,277.0,,10,14,-4
199802110CHH,RS,CHI,296.0,,10,16,-6
199802110CHH,RS,CHI,331.0,,10,18,-8
199802110CHH,RS,CHI,338.0,,11,18,-7
199802110CHH,RS,CHI,338.0,,12,18,-6
199802110CHH,RS,CHI,355.0,,14,18,-4
199802110CHH,RS,CHI,381.0,,16,18,-2
199802110CHH,RS,CHI,431.0,,16,19,-3
199802110CHH,RS,CHI,431.0,,16,20,-4
199802110CHH,RS,CHI,446.0,,18,20,-2
199802110CHH,RS,CHI,515.0,,18,22,-4
199802110CHH,RS,CHI,583.0,,18,24,-6
199802110CHH,RS,CHI,622.0,,18,26,-8
199802110CHH,RS,CHI,638.0,,19,26,-7
199802110CHH,RS,CHI,638.0,,20,26,-6
199802110CHH,RS,CHI,656.0,,20,28,-8
199802110CHH,RS,CHI,675.0,,20,30,-10
199802110CHH,RS,CHI,737.0,,20,31,-11
199802110CHH,RS,CHI,737.0,,20,32,-12
199802110CHH,RS,CHI,757.0,,20,34,-14
199802110CHH,RS,CHI,757.0,,20,35,-15
199802110CHH,RS,CHI,764.0,,22,35,-13
199802110CHH,RS,CHI,782.0,,22,37,-15
199802110CHH,RS,CHI,801.0,,24,37,-13
199802110CHH,RS,CHI,831.0,,25,37,-12
199802110CHH,RS,CHI,831.0,,26,37,-11
199802110CHH,RS,CHI,936.0,,27,37,-10
199802110CHH,RS,CHI,936.0,,28,37,-9
199802110CHH,RS,CHI,950.0,,28,38,-10
199802110CHH,RS,CHI,950.0,,28,39,-11
199802110CHH,RS,CHI,977.0,,30,39,-9
199802110CHH,RS,CHI,1091.0,,30,41,-11
199802110CHH,RS,CHI,1128.0,,32,41,-9
199802110CHH,RS,CHI,1171.0,,32,43,-11
199802110CHH,RS,CHI,1229.0,,32,45,-13
199802110CHH,RS,CHI,1258.0,,33,45,-12
199802110CHH,RS,CHI,1258.0,,34,45,-11
199802110CHH,RS,CHI,1296.0,,34,47,-13
199802110CHH,RS,CHI,1319.0,,34,49,-15
199802110CHH,RS,CHI,1345.0,,36,49,-13
199802110CHH,RS,CHI,1384.0,,37,49,-12
199802110CHH,RS,CHI,1384.0,,38,49,-11
199802110CHH,RS,CHI,1390.0,,38,51,-13
199802110CHH,RS,CHI,1400.0,,39,51,-12
199802110CHH,RS,CHI,1400.0,,40,51,-11
199802110CHH,RS,CHI,1420.0,,42,51,-9
199802110CHH,RS,CHI,1515.0,,44,51,-7
199802110CHH,RS,CHI,1562.0,,44,53,-9
199802110CHH,RS,CHI,1589.0,,47,53,-6
199802110CHH,RS,CHI,1614.0,,50,53,-3
199802110CHH,RS,CHI,1653.0,,51,53,-2
199802110CHH,RS,CHI,1653.0,,52,53,-1
199802110CHH,RS,CHI,1675.0,,52,55,-3
199802110CHH,RS,CHI,1675.0,,52,56,-4
199802110CHH,RS,CHI,1700.0,,54,56,-2
199802110CHH,RS,CHI,1808.0,,54,58,-4
199802110CHH,RS,CHI,1879.0,,54,60,-6
199802110CHH,RS,CHI,1969.0,,56,60,-4
199802110CHH,RS,CHI,1999.0,,58,60,-2
199802110CHH,RS,CHI,2014.0,,58,62,-4
199802110CHH,RS,CHI,2035.0,,58,64,-6
199802110CHH,RS,CHI,2062.0,,60,64,-4
199802110CHH,RS,CHI,2097.0,,62,64,-2
199802110CHH,RS,CHI,2130.0,,62,65,-3
199802110CHH,RS,CHI,2130.0,,62,66,-4
199802110CHH,RS,CHI,2176.0,,63,66,-3
199802110CHH,RS,CHI,2181.0,T,66,66,0
199802110CHH,RS,CHI,2226.0,LC,68,66,2
199802110CHH,RS,CHI,2247.0,T,68,68,0
199802110CHH,RS,CHI,2267.0,,70,68,2
199802110CHH,RS,CHI,2317.0,T,70,70,0
199802110CHH,RS,CHI,2338.0,,72,70,2
199802110CHH,RS,CHI,2364.0,T,72,72,0
199802110CHH,RS,CHI,2406.0,LC,72,74,-2
199802110CHH,RS,CHI,2438.0,,72,77,-5
199802110CHH,RS,CHI,2503.0,,74,77,-3
199802110CHH,RS,CHI,2533.0,,74,79,-5
199802110CHH,RS,CHI,2609.0,,75,79,-4
199802110CHH,RS,CHI,2609.0,,76,79,-3
199802110CHH,RS,CHI,2620.0,,76,81,-5
199802110CHH,RS,CHI,2639.0,,78,81,-3
199802110CHH,RS,CHI,2657.0,,78,83,-5
199802110CHH,RS,CHI,2657.0,,78,84,-6
199802110CHH,RS,CHI,2666.0,,80,84,-4
199802110CHH,RS,CHI,2683.0,,80,86,-6
199802110CHH,RS,CHI,2693.0,,81,86,-5
199802110CHH,RS,CHI,2693.0,,82,86,-4
199802110CHH,RS,CHI,2763.0,,85,86,-1
199802110CHH,RS,CHI,2774.0,,85,87,-2
199802110CHH,RS,CHI,2793.0,T,87,87,0
199802110CHH,RS,CHI,2808.0,,87,88,-1
199802110CHH,RS,CHI,2845.0,,87,90,-3
199802110CHH,RS,CHI,2860.0,,88,90,-2
199802110CHH,RS,CHI,2860.0,,89,90,-1
199802110CHH,RS,CHI,2877.0,,89,91,-2
199802110CHH,RS,CHI,2877.0,,89,92,-3
199802110CHH,RS,CHI,2877.0,F,90,92,-2
199802110CHH,RS,CHI,2880.0,,90,92,-2
199802130CHH,RS,PHI,0.0,,0,0,0
199802130CHH,RS,PHI,19.0,,0,2,-2
199802130CHH,RS,PHI,42.0,,0,4,-4
199802130CHH,RS,PHI,56.0,,2,4,-2
199802130CHH,RS,PHI,100.0,,3,4,-1
199802130CHH,RS,PHI,100.0,T,4,4,0
199802130CHH,RS,PHI,200.0,,4,7,-3
199802130CHH,RS,PHI,218.0,,6,7,-1
199802130CHH,RS,PHI,240.0,,6,10,-4
199802130CHH,RS,PHI,284.0,,7,10,-3
199802130CHH,RS,PHI,284.0,,8,10,-2
199802130CHH,RS,PHI,361.0,,8,12,-4
199802130CHH,RS,PHI,378.0,,10,12,-2
199802130CHH,RS,PHI,403.0,,10,13,-3
199802130CHH,RS,PHI,403.0,,10,14,-4
199802130CHH,RS,PHI,434.0,,10,16,-6
199802130CHH,RS,PHI,479.0,,12,16,-4
199802130CHH,RS,PHI,509.0,,14,16,-2
199802130CHH,RS,PHI,527.0,,14,18,-4
199802130CHH,RS,PHI,541.0,,16,18,-2
199802130CHH,RS,PHI,575.0,LC,19,18,1
199802130CHH,RS,PHI,600.0,LC,19,20,-1
199802130CHH,RS,PHI,623.0,LC,21,20,1
199802130CHH,RS,PHI,630.0,T,21,21,0
199802130CHH,RS,PHI,655.0,,23,21,2
199802130CHH,RS,PHI,677.0,LC,23,24,-1
199802130CHH,RS,PHI,686.0,LC,26,24,2
199802130CHH,RS,PHI,695.0,,26,25,1
199802130CHH,RS,PHI,695.0,T,26,26,0
199802130CHH,RS,PHI,841.0,,28,26,2
199802130CHH,RS,PHI,860.0,T,28,28,0
199802130CHH,RS,PHI,872.0,,30,28,2
199802130CHH,RS,PHI,896.0,T,30,30,0
199802130CHH,RS,PHI,918.0,LC,30,32,-2
199802130CHH,RS,PHI,956.0,,30,35,-5
199802130CHH,RS,PHI,977.0,,32,35,-3
199802130CHH,RS,PHI,1039.0,T,35,35,0
199802130CHH,RS,PHI,1069.0,LC,37,35,2
199802130CHH,RS,PHI,1085.0,T,37,37,0
199802130CHH,RS,PHI,1153.0,LC,37,39,-2
199802130CHH,RS,PHI,1183.0,,37,41,-4
199802130CHH,RS,PHI,1221.0,,37,42,-5
199802130CHH,RS,PHI,1243.0,,39,42,-3
199802130CHH,RS,PHI,1278.0,T,42,42,0
199802130CHH,RS,PHI,1294.0,,42,44,-2
199802130CHH,RS,PHI,1364.0,T,44,44,0
199802130CHH,RS,PHI,1391.0,,44,46,-2
199802130CHH,RS,PHI,1423.0,T,46,46,0
199802130CHH,RS,PHI,1467.0,LC,48,46,2
199802130CHH,RS,PHI,1481.0,,48,47,1
199802130CHH,RS,PHI,1491.0,,50,47,3
199802130CHH,RS,PHI,1514.0,,50,49,1
199802130CHH,RS,PHI,1551.0,,52,49,3
199802130CHH,RS,PHI,1607.0,,53,49,4
199802130CHH,RS,PHI,1607.0,,54,49,5
199802130CHH,RS,PHI,1626.0,,54,51,3
199802130CHH,RS,PHI,1646.0,,56,51,5
199802130CHH,RS,PHI,1668.0,,56,53,3
199802130CHH,RS,PHI,1689.0,,57,53,4
199802130CHH,RS,PHI,1689.0,,58,53,5
199802130CHH,RS,PHI,1708.0,,58,54,4
199802130CHH,RS,PHI,1715.0,,58,57,1
199802130CHH,RS,PHI,1751.0,LC,58,59,-1
199802130CHH,RS,PHI,1763.0,T,59,59,0
199802130CHH,RS,PHI,1763.0,LC,60,59,1
199802130CHH,RS,PHI,1792.0,,63,59,4
199802130CHH,RS,PHI,1850.0,,63,61,2
199802130CHH,RS,PHI,1863.0,,66,61,5
199802130CHH,RS,PHI,1905.0,,66,63,3
199802130CHH,RS,PHI,1917.0,,67,63,4
199802130CHH,RS,PHI,1917.0,,68,63,5
199802130CHH,RS,PHI,1935.0,,68,65,3
199802130CHH,RS,PHI,1970.0,T,68,68,0
199802130CHH,RS,PHI,1984.0,,69,68,1
199802130CHH,RS,PHI,1984.0,,70,68,2
199802130CHH,RS,PHI,2050.0,,70,69,1
199802130CHH,RS,PHI,2050.0,T,70,70,0
199802130CHH,RS,PHI,2060.0,,71,70,1
199802130CHH,RS,PHI,2060.0,,72,70,2
199802130CHH,RS,PHI,2086.0,,75,70,5
199802130CHH,RS,PHI,2128.0,,76,70,6
199802130CHH,RS,PHI,2128.0,,77,70,7
199802130CHH,RS,PHI,2186.0,,77,73,4
199802130CHH,RS,PHI,2198.0,,79,73,6
199802130CHH,RS,PHI,2217.0,,79,74,5
199802130CHH,RS,PHI,2217.0,,79,75,4
199802130CHH,RS,PHI,2234.0,,82,75,7
199802130CHH,RS,PHI,2291.0,,82,77,5
199802130CHH,RS,PHI,2381.0,,82,79,3
199802130CHH,RS,PHI,2407.0,,84,79,5
199802130CHH,RS,PHI,2487.0,,86,79,7
199802130CHH,RS,PHI,2559.0,,86,81,5
199802130CHH,RS,PHI,2576.0,,88,81,7
199802130CHH,RS,PHI,2601.0,,88,84,4
199802130CHH,RS,PHI,2617.0,,90,84,6
199802130CHH,RS,PHI,2643.0,,90,85,5
199802130CHH,RS,PHI,2643.0,,90,86,4
199802130CHH,RS,PHI,2656.0,,92,86,6
199802130CHH,RS,PHI,2691.0,,92,88,4
199802130CHH,RS,PHI,2712.0,,95,88,7
199802130CHH,RS,PHI,2728.0,,95,90,5
199802130CHH,RS,PHI,2768.0,,96,90,6
199802130CHH,RS,PHI,2768.0,,97,90,7
199802130CHH,RS,PHI,2804.0,,97,92,5
199802130CHH,RS,PHI,2804.0,,97,93,4
199802130CHH,RS,PHI,2822.0,,99,93,6
199802130CHH,RS,PHI,2829.0,,99,94,5
199802130CHH,RS,PHI,2851.0,,101,94,7
199802130CHH,RS,PHI,2867.0,F,103,94,9
199802130CHH,RS,PHI,2873.0,,103,96,7
199802160UTA,RS,UTA,0.0,,0,0,0
199802160UTA,RS,UTA,54.0,,0,2,-2
199802160UTA,RS,UTA,74.0,,0,4,-4
199802160UTA,RS,UTA,95.0,,2,4,-2
199802160UTA,RS,UTA,112.0,,2,5,-3
199802160UTA,RS,UTA,112.0,,2,6,-4
199802160UTA,RS,UTA,128.0,,4,6,-2
199802160UTA,RS,UTA,140.0,,4,7,-3
199802160UTA,RS,UTA,140.0,,4,8,-4
199802160UTA,RS,UTA,187.0,,6,8,-2
199802160UTA,RS,UTA,217.0,T,8,8,0
199802160UTA,RS,UTA,232.0,,8,9,-1
199802160UTA,RS,UTA,232.0,,8,10,-2
199802160UTA,RS,UTA,271.0,,8,12,-4
199802160UTA,RS,UTA,305.0,,8,14,-6
199802160UTA,RS,UTA,367.0,,10,14,-4
199802160UTA,RS,UTA,425.0,,10,16,-6
199802160UTA,RS,UTA,456.0,,10,18,-8
199802160UTA,RS,UTA,548.0,,10,20,-10
199802160UTA,RS,UTA,567.0,,11,20,-9
199802160UTA,RS,UTA,610.0,,13,20,-7
199802160UTA,RS,UTA,637.0,,15,20,-5
199802160UTA,RS,UTA,664.0,,15,22,-7
199802160UTA,RS,UTA,674.0,,17,22,-5
199802160UTA,RS,UTA,683.0,,17,24,-7
199802160UTA,RS,UTA,694.0,,19,24,-5
199802160UTA,RS,UTA,874.0,,21,24,-3
199802160UTA,RS,UTA,921.0,,21,25,-4
199802160UTA,RS,UTA,921.0,,21,26,-5
199802160UTA,RS,UTA,951.0,,21,28,-7
199802160UTA,RS,UTA,969.0,,22,28,-6
199802160UTA,RS,UTA,969.0,,23,28,-5
199802160UTA,RS,UTA,988.0,,23,30,-7
199802160UTA,RS,UTA,1085.0,,25,30,-5
199802160UTA,RS,UTA,1144.0,,25,31,-6
199802160UTA,RS,UTA,1144.0,,25,32,-7
199802160UTA,RS,UTA,1156.0,,26,32,-6
199802160UTA,RS,UTA,1156.0,,27,32,-5
199802160UTA,RS,UTA,1177.0,,29,32,-3
199802160UTA,RS,UTA,1230.0,,31,32,-1
199802160UTA,RS,UTA,1238.0,,31,34,-3
199802160UTA,RS,UTA,1266.0,,31,37,-6
199802160UTA,RS,UTA,1278.0,,33,37,-4
199802160UTA,RS,UTA,1299.0,,34,37,-3
199802160UTA,RS,UTA,1315.0,,34,39,-5
199802160UTA,RS,UTA,1337.0,,36,39,-3
199802160UTA,RS,UTA,1356.0,,36,41,-5
199802160UTA,RS,UTA,1371.0,,37,41,-4
199802160UTA,RS,UTA,1435.0,,37,43,-6
199802160UTA,RS,UTA,1440.0,,39,43,-4
199802160UTA,RS,UTA,1451.0,,39,45,-6
199802160UTA,RS,UTA,1487.0,,41,45,-4
199802160UTA,RS,UTA,1499.0,,41,47,-6
199802160UTA,RS,UTA,1535.0,,41,49,-8
199802160UTA,RS,UTA,1575.0,,41,51,-10
199802160UTA,RS,UTA,1589.0,,43,51,-8
199802160UTA,RS,UTA,1589.0,,44,51,-7
199802160UTA,RS,UTA,1611.0,,46,51,-5
199802160UTA,RS,UTA,1633.0,,48,51,-3
199802160UTA,RS,UTA,1658.0,,48,53,-5
199802160UTA,RS,UTA,1730.0,,50,53,-3
199802160UTA,RS,UTA,1751.0,,52,53,-1
199802160UTA,RS,UTA,1766.0,,52,55,-3
199802160UTA,RS,UTA,1844.0,,52,57,-5
199802160UTA,RS,UTA,1898.0,,54,57,-3
199802160UTA,RS,UTA,1959.0,,54,59,-5
199802160UTA,RS,UTA,1968.0,,55,59,-4
199802160UTA,RS,UTA,1987.0,,57,59,-2
199802160UTA,RS,UTA,1999.0,,57,60,-3
199802160UTA,RS,UTA,2025.0,,57,62,-5
199802160UTA,RS,UTA,2109.0,,59,62,-3
199802160UTA,RS,UTA,2132.0,,59,63,-4
199802160UTA,RS,UTA,2132.0,,59,64,-5
199802160UTA,RS,UTA,2156.0,,59,65,-6
199802160UTA,RS,UTA,2230.0,,59,67,-8
199802160UTA,RS,UTA,2246.0,,61,67,-6
199802160UTA,RS,UTA,2268.0,,61,68,-7
199802160UTA,RS,UTA,2268.0,,61,69,-8
199802160UTA,RS,UTA,2294.0,,61,71,-10
199802160UTA,RS,UTA,2317.0,,63,71,-8
199802160UTA,RS,UTA,2358.0,,64,71,-7
199802160UTA,RS,UTA,2358.0,,65,71,-6
199802160UTA,RS,UTA,2376.0,,65,73,-8
199802160UTA,RS,UTA,2425.0,,67,73,-6
199802160UTA,RS,UTA,2471.0,,67,75,-8
199802160UTA,RS,UTA,2502.0,,67,77,-10
199802160UTA,RS,UTA,2533.0,,69,77,-8
199802160UTA,RS,UTA,2566.0,,69,79,-10
199802160UTA,RS,UTA,2587.0,,71,79,-8
199802160UTA,RS,UTA,2610.0,,71,80,-9
199802160UTA,RS,UTA,2637.0,,71,82,-11
199802160UTA,RS,UTA,2651.0,,73,82,-9
199802160UTA,RS,UTA,2675.0,,73,84,-11
199802160UTA,RS,UTA,2694.0,,76,84,-8
199802160UTA,RS,UTA,2714.0,,76,86,-10
199802160UTA,RS,UTA,2726.0,,79,86,-7
199802160UTA,RS,UTA,2776.0,,80,86,-6
199802160UTA,RS,UTA,2776.0,,81,86,-5
199802160UTA,RS,UTA,2780.0,,81,87,-6
199802160UTA,RS,UTA,2780.0,,81,88,-7
199802160UTA,RS,UTA,2782.0,,82,88,-6
199802160UTA,RS,UTA,2782.0,,83,88,-5
199802160UTA,RS,UTA,2801.0,,83,89,-6
199802160UTA,RS,UTA,2814.0,,86,89,-3
199802160UTA,RS,UTA,2820.0,,86,90,-4
199802160UTA,RS,UTA,2820.0,,86,91,-5
199802160UTA,RS,UTA,2838.0,,86,92,-6
199802160UTA,RS,UTA,2844.0,,88,92,-4
199802160UTA,RS,UTA,2852.0,,88,93,-5
199802160UTA,RS,UTA,2852.0,,88,94,-6
199802160UTA,RS,UTA,2856.0,,90,94,-4
199802160UTA,RS,UTA,2861.0,,90,95,-5
199802160UTA,RS,UTA,2861.0,F,90,96,-6
199802160UTA,RS,UTA,2878.0,,90,96,-6
199802180GSW,RS,GSW,0.0,,0,0,0
199802180GSW,RS,GSW,4.0,,2,0,2
199802180GSW,RS,GSW,75.0,,4,0,4
199802180GSW,RS,GSW,97.0,,4,2,2
199802180GSW,RS,GSW,123.0,T,4,4,0
199802180GSW,RS,GSW,151.0,,6,4,2
199802180GSW,RS,GSW,160.0,T,6,6,0
199802180GSW,RS,GSW,175.0,,8,6,2
199802180GSW,RS,GSW,193.0,T,8,8,0
199802180GSW,RS,GSW,193.0,LC,8,9,-1
199802180GSW,RS,GSW,244.0,,8,11,-3
199802180GSW,RS,GSW,252.0,,9,11,-2
199802180GSW,RS,GSW,284.0,,9,13,-4
199802180GSW,RS,GSW,325.0,,9,15,-6
199802180GSW,RS,GSW,428.0,,11,15,-4
199802180GSW,RS,GSW,447.0,,11,17,-6
199802180GSW,RS,GSW,467.0,,13,17,-4
199802180GSW,RS,GSW,499.0,,15,17,-2
199802180GSW,RS,GSW,550.0,T,17,17,0
199802180GSW,RS,GSW,557.0,,17,19,-2
199802180GSW,RS,GSW,593.0,,17,21,-4
199802180GSW,RS,GSW,633.0,,19,21,-2
199802180GSW,RS,GSW,649.0,,20,21,-1
199802180GSW,RS,GSW,649.0,T,21,21,0
199802180GSW,RS,GSW,669.0,,21,23,-2
199802180GSW,RS,GSW,675.0,T,23,23,0
199802180GSW,RS,GSW,714.0,LC,25,23,2
199802180GSW,RS,GSW,714.0,,26,23,3
199802180GSW,RS,GSW,734.0,,28,23,5
199802180GSW,RS,GSW,779.0,,28,24,4
199802180GSW,RS,GSW,779.0,,28,25,3
199802180GSW,RS,GSW,790.0,,29,25,4
199802180GSW,RS,GSW,790.0,,30,25,5
199802180GSW,RS,GSW,860.0,,30,26,4
199802180GSW,RS,GSW,875.0,,32,26,6
199802180GSW,RS,GSW,904.0,,32,27,5
199802180GSW,RS,GSW,942.0,,32,28,4
199802180GSW,RS,GSW,999.0,,34,28,6
199802180GSW,RS,GSW,1017.0,,34,30,4
199802180GSW,RS,GSW,1036.0,,34,31,3
199802180GSW,RS,GSW,1036.0,,34,32,2
199802180GSW,RS,GSW,1093.0,T,34,34,0
199802180GSW,RS,GSW,1133.0,LC,34,35,-1
199802180GSW,RS,GSW,1156.0,LC,36,35,1
199802180GSW,RS,GSW,1186.0,T,36,36,0
199802180GSW,RS,GSW,1186.0,LC,36,37,-1
199802180GSW,RS,GSW,1207.0,LC,39,37,2
199802180GSW,RS,GSW,1239.0,,39,38,1
199802180GSW,RS,GSW,1239.0,T,39,39,0
199802180GSW,RS,GSW,1256.0,,40,39,1
199802180GSW,RS,GSW,1256.0,,41,39,2
199802180GSW,RS,GSW,1277.0,T,41,41,0
199802180GSW,RS,GSW,1287.0,,43,41,2
199802180GSW,RS,GSW,1307.0,T,43,43,0
199802180GSW,RS,GSW,1319.0,,45,43,2
199802180GSW,RS,GSW,1349.0,,47,43,4
199802180GSW,RS,GSW,1363.0,,47,45,2
199802180GSW,RS,GSW,1394.0,T,47,47,0
199802180GSW,RS,GSW,1413.0,LC,47,48,-1
199802180GSW,RS,GSW,1413.0,,47,49,-2
199802180GSW,RS,GSW,1454.0,,47,51,-4
199802180GSW,RS,GSW,1505.0,,49,51,-2
199802180GSW,RS,GSW,1553.0,,49,53,-4
199802180GSW,RS,GSW,1588.0,,49,56,-7
199802180GSW,RS,GSW,1626.0,,50,56,-6
199802180GSW,RS,GSW,1626.0,,51,56,-5
199802180GSW,RS,GSW,1641.0,,51,57,-6
199802180GSW,RS,GSW,1693.0,,53,57,-4
199802180GSW,RS,GSW,1709.0,,53,59,-6
199802180GSW,RS,GSW,1826.0,,55,59,-4
199802180GSW,RS,GSW,1894.0,,55,61,-6
199802180GSW,RS,GSW,1943.0,,55,63,-8
199802180GSW,RS,GSW,1972.0,,57,63,-6
199802180GSW,RS,GSW,1994.0,,57,65,-8
199802180GSW,RS,GSW,2027.0,,57,66,-9
199802180GSW,RS,GSW,2027.0,,57,67,-10
199802180GSW,RS,GSW,2042.0,,59,67,-8
199802180GSW,RS,GSW,2071.0,,59,69,-10
199802180GSW,RS,GSW,2088.0,,61,69,-8
199802180GSW,RS,GSW,2180.0,,62,69,-7
199802180GSW,RS,GSW,2180.0,,63,69,-6
199802180GSW,RS,GSW,2222.0,,63,70,-7
199802180GSW,RS,GSW,2222.0,,63,71,-8
199802180GSW,RS,GSW,2265.0,,63,72,-9
199802180GSW,RS,GSW,2265.0,,63,73,-10
199802180GSW,RS,GSW,2294.0,,65,73,-8
199802180GSW,RS,GSW,2315.0,,65,75,-10
199802180GSW,RS,GSW,2345.0,,65,77,-12
199802180GSW,RS,GSW,2401.0,,67,77,-10
199802180GSW,RS,GSW,2459.0,,67,78,-11
199802180GSW,RS,GSW,2459.0,,67,79,-12
199802180GSW,RS,GSW,2478.0,,69,79,-10
199802180GSW,RS,GSW,2521.0,,69,80,-11
199802180GSW,RS,GSW,2552.0,,69,82,-13
199802180GSW,RS,GSW,2600.0,,69,84,-15
199802180GSW,RS,GSW,2600.0,,69,85,-16
199802180GSW,RS,GSW,2611.0,,70,85,-15
199802180GSW,RS,GSW,2647.0,,72,85,-13
199802180GSW,RS,GSW,2664.0,,72,87,-15
199802180GSW,RS,GSW,2733.0,,72,88,-16
199802180GSW,RS,GSW,2836.0,F,75,88,-13
199802180GSW,RS,GSW,2863.0,,77,88,-11
199802200PHO,RS,PHO,0.0,,0,0,0
199802200PHO,RS,PHO,25.0,,2,0,2
199802200PHO,RS,PHO,44.0,T,2,2,0
199802200PHO,RS,PHO,63.0,LC,2,4,-2
199802200PHO,RS,PHO,84.0,,2,6,-4
199802200PHO,RS,PHO,126.0,,2,8,-6
199802200PHO,RS,PHO,155.0,,2,10,-8
199802200PHO,RS,PHO,173.0,,4,10,-6
199802200PHO,RS,PHO,185.0,,4,13,-9
199802200PHO,RS,PHO,194.0,,6,13,-7
199802200PHO,RS,PHO,209.0,,6,15,-9
199802200PHO,RS,PHO,230.0,,7,15,-8
199802200PHO,RS,PHO,250.0,,7,16,-9
199802200PHO,RS,PHO,250.0,,7,17,-10
199802200PHO,RS,PHO,257.0,,7,19,-12
199802200PHO,RS,PHO,279.0,,7,21,-14
199802200PHO,RS,PHO,314.0,,7,23,-16
199802200PHO,RS,PHO,334.0,,9,23,-14
199802200PHO,RS,PHO,377.0,,11,23,-12
199802200PHO,RS,PHO,388.0,,11,25,-14
199802200PHO,RS,PHO,401.0,,13,25,-12
199802200PHO,RS,PHO,430.0,,13,27,-14
199802200PHO,RS,PHO,456.0,,16,27,-11
199802200PHO,RS,PHO,478.0,,16,29,-13
199802200PHO,RS,PHO,495.0,,17,29,-12
199802200PHO,RS,PHO,515.0,,17,31,-14
199802200PHO,RS,PHO,557.0,,17,33,-16
199802200PHO,RS,PHO,578.0,,18,33,-15
199802200PHO,RS,PHO,594.0,,18,35,-17
199802200PHO,RS,PHO,639.0,,20,35,-15
199802200PHO,RS,PHO,665.0,,21,35,-14
199802200PHO,RS,PHO,665.0,,22,35,-13
199802200PHO,RS,PHO,684.0,,22,37,-15
199802200PHO,RS,PHO,697.0,,22,39,-17
199802200PHO,RS,PHO,716.0,,23,39,-16
199802200PHO,RS,PHO,739.0,,25,39,-14
199802200PHO,RS,PHO,753.0,,25,41,-16
199802200PHO,RS,PHO,778.0,,28,41,-13
199802200PHO,RS,PHO,812.0,,30,41,-11
199802200PHO,RS,PHO,888.0,,30,43,-13
199802200PHO,RS,PHO,913.0,,30,45,-15
199802200PHO,RS,PHO,986.0,,30,47,-17
199802200PHO,RS,PHO,1019.0,,30,49,-19
199802200PHO,RS,PHO,1049.0,,32,49,-17
199802200PHO,RS,PHO,1098.0,,34,49,-15
199802200PHO,RS,PHO,1129.0,,34,51,-17
199802200PHO,RS,PHO,1155.0,,34,52,-18
199802200PHO,RS,PHO,1155.0,,34,53,-19
199802200PHO,RS,PHO,1191.0,,36,53,-17
199802200PHO,RS,PHO,1207.0,,36,55,-19
199802200PHO,RS,PHO,1269.0,,36,58,-22
199802200PHO,RS,PHO,1290.0,,38,58,-20
199802200PHO,RS,PHO,1308.0,,38,60,-22
199802200PHO,RS,PHO,1323.0,,40,60,-20
199802200PHO,RS,PHO,1346.0,,40,61,-21
199802200PHO,RS,PHO,1346.0,,40,62,-22
199802200PHO,RS,PHO,1367.0,,42,62,-20
199802200PHO,RS,PHO,1367.0,,43,62,-19
199802200PHO,RS,PHO,1369.0,,43,63,-20
199802200PHO,RS,PHO,1369.0,,43,64,-21
199802200PHO,RS,PHO,1405.0,,45,64,-19
199802200PHO,RS,PHO,1440.0,,48,64,-16
199802200PHO,RS,PHO,1456.0,,50,64,-14
199802200PHO,RS,PHO,1485.0,,52,64,-12
199802200PHO,RS,PHO,1507.0,,52,65,-13
199802200PHO,RS,PHO,1507.0,,52,66,-14
199802200PHO,RS,PHO,1603.0,,53,66,-13
199802200PHO,RS,PHO,1603.0,,54,66,-12
199802200PHO,RS,PHO,1636.0,,54,68,-14
199802200PHO,RS,PHO,1659.0,,54,70,-16
199802200PHO,RS,PHO,1693.0,,54,71,-17
199802200PHO,RS,PHO,1711.0,,56,71,-15
199802200PHO,RS,PHO,1750.0,,56,73,-17
199802200PHO,RS,PHO,1755.0,,58,73,-15
199802200PHO,RS,PHO,1772.0,,58,75,-17
199802200PHO,RS,PHO,1810.0,,58,77,-19
199802200PHO,RS,PHO,1830.0,,58,79,-21
199802200PHO,RS,PHO,1885.0,,60,79,-19
199802200PHO,RS,PHO,1953.0,,62,79,-17
199802200PHO,RS,PHO,1987.0,,64,79,-15
199802200PHO,RS,PHO,2001.0,,64,81,-17
199802200PHO,RS,PHO,2018.0,,65,81,-16
199802200PHO,RS,PHO,2018.0,,66,81,-15
199802200PHO,RS,PHO,2032.0,,66,84,-18
199802200PHO,RS,PHO,2060.0,,66,85,-19
199802200PHO,RS,PHO,2060.0,,66,86,-20
199802200PHO,RS,PHO,2082.0,,68,86,-18
199802200PHO,RS,PHO,2158.0,,70,86,-16
199802200PHO,RS,PHO,2160.0,,70,89,-19
199802200PHO,RS,PHO,2203.0,,72,89,-17
199802200PHO,RS,PHO,2216.0,,72,91,-19
199802200PHO,RS,PHO,2230.0,,72,93,-21
199802200PHO,RS,PHO,2266.0,,72,95,-23
199802200PHO,RS,PHO,2287.0,,74,95,-21
199802200PHO,RS,PHO,2325.0,,77,95,-18
199802200PHO,RS,PHO,2372.0,,79,95,-16
199802200PHO,RS,PHO,2402.0,,81,95,-14
199802200PHO,RS,PHO,2402.0,,82,95,-13
199802200PHO,RS,PHO,2424.0,,82,97,-15
199802200PHO,RS,PHO,2448.0,,82,98,-16
199802200PHO,RS,PHO,2476.0,,84,98,-14
199802200PHO,RS,PHO,2494.0,,84,101,-17
199802200PHO,RS,PHO,2533.0,,84,102,-18
199802200PHO,RS,PHO,2533.0,,84,103,-19
199802200PHO,RS,PHO,2552.0,,86,103,-17
199802200PHO,RS,PHO,2564.0,,86,104,-18
199802200PHO,RS,PHO,2609.0,,87,104,-17
199802200PHO,RS,PHO,2609.0,,88,104,-16
199802200PHO,RS,PHO,2628.0,,88,106,-18
199802200PHO,RS,PHO,2645.0,,90,106,-16
199802200PHO,RS,PHO,2666.0,,90,107,-17
199802200PHO,RS,PHO,2666.0,,90,108,-18
199802200PHO,RS,PHO,2679.0,,91,108,-17
199802200PHO,RS,PHO,2679.0,,92,108,-16
199802200PHO,RS,PHO,2699.0,,94,108,-14
199802200PHO,RS,PHO,2740.0,,95,108,-13
199802200PHO,RS,PHO,2798.0,,95,110,-15
199802200PHO,RS,PHO,2829.0,,95,111,-16
199802200PHO,RS,PHO,2829.0,,95,112,-17
199802200PHO,RS,PHO,2839.0,,96,112,-16
199802200PHO,RS,PHO,2839.0,,97,112,-15
199802200PHO,RS,PHO,2851.0,F,97,115,-18
199802200PHO,RS,PHO,2864.0,,99,115,-16
199802210LAC,RS,LAC,0.0,,0,0,0
199802210LAC,RS,LAC,15.0,,0,2,-2
199802210LAC,RS,LAC,33.0,,0,4,-4
199802210LAC,RS,LAC,53.0,,1,4,-3
199802210LAC,RS,LAC,53.0,,2,4,-2
199802210LAC,RS,LAC,74.0,T,4,4,0
199802210LAC,RS,LAC,88.0,,4,7,-3
199802210LAC,RS,LAC,175.0,,4,10,-6
199802210LAC,RS,LAC,185.0,,6,10,-4
199802210LAC,RS,LAC,213.0,,6,12,-6
199802210LAC,RS,LAC,223.0,,8,12,-4
199802210LAC,RS,LAC,231.0,,8,15,-7
199802210LAC,RS,LAC,244.0,,8,17,-9
199802210LAC,RS,LAC,338.0,,8,19,-11
199802210LAC,RS,LAC,359.0,,10,19,-9
199802210LAC,RS,LAC,381.0,,12,19,-7
199802210LAC,RS,LAC,405.0,,14,19,-5
199802210LAC,RS,LAC,428.0,,14,21,-7
199802210LAC,RS,LAC,476.0,,16,21,-5
199802210LAC,RS,LAC,491.0,,16,23,-7
199802210LAC,RS,LAC,531.0,,16,25,-9
199802210LAC,RS,LAC,588.0,,18,25,-7
199802210LAC,RS,LAC,606.0,,18,27,-9
199802210LAC,RS,LAC,645.0,,18,30,-12
199802210LAC,RS,LAC,691.0,,19,30,-11
199802210LAC,RS,LAC,691.0,,20,30,-10
199802210LAC,RS,LAC,707.0,,20,32,-12
199802210LAC,RS,LAC,746.0,,20,33,-13
199802210LAC,RS,LAC,771.0,,21,33,-12
199802210LAC,RS,LAC,771.0,,22,33,-11
199802210LAC,RS,LAC,814.0,,24,33,-9
199802210LAC,RS,LAC,823.0,,24,35,-11
199802210LAC,RS,LAC,823.0,,24,36,-12
199802210LAC,RS,LAC,846.0,,25,36,-11
199802210LAC,RS,LAC,846.0,,26,36,-10
199802210LAC,RS,LAC,858.0,,26,38,-12
199802210LAC,RS,LAC,877.0,,28,38,-10
199802210LAC,RS,LAC,890.0,,28,40,-12
199802210LAC,RS,LAC,890.0,,28,41,-13
199802210LAC,RS,LAC,890.0,,28,42,-14
199802210LAC,RS,LAC,920.0,,29,42,-13
199802210LAC,RS,LAC,920.0,,30,42,-12
199802210LAC,RS,LAC,947.0,,30,44,-14
199802210LAC,RS,LAC,1005.0,,30,46,-16
199802210LAC,RS,LAC,1033.0,,30,49,-19
199802210LAC,RS,LAC,1066.0,,32,49,-17
199802210LAC,RS,LAC,1094.0,,32,50,-18
199802210LAC,RS,LAC,1094.0,,32,51,-19
199802210LAC,RS,LAC,1107.0,,35,51,-16
199802210LAC,RS,LAC,1126.0,,37,51,-14
199802210LAC,RS,LAC,1140.0,,37,52,-15
199802210LAC,RS,LAC,1140.0,,37,53,-16
199802210LAC,RS,LAC,1153.0,,38,53,-15
199802210LAC,RS,LAC,1153.0,,39,53,-14
199802210LAC,RS,LAC,1197.0,,39,55,-16
199802210LAC,RS,LAC,1212.0,,41,55,-14
199802210LAC,RS,LAC,1255.0,,41,57,-16
199802210LAC,RS,LAC,1265.0,,42,57,-15
199802210LAC,RS,LAC,1265.0,,43,57,-14
199802210LAC,RS,LAC,1277.0,,45,57,-12
199802210LAC,RS,LAC,1301.0,,45,58,-13
199802210LAC,RS,LAC,1313.0,,47,58,-11
199802210LAC,RS,LAC,1330.0,,49,58,-9
199802210LAC,RS,LAC,1338.0,,49,59,-10
199802210LAC,RS,LAC,1352.0,,51,59,-8
199802210LAC,RS,LAC,1369.0,,53,59,-6
199802210LAC,RS,LAC,1390.0,,55,59,-4
199802210LAC,RS,LAC,1416.0,,56,59,-3
199802210LAC,RS,LAC,1416.0,,57,59,-2
199802210LAC,RS,LAC,1427.0,T,59,59,0
199802210LAC,RS,LAC,1429.0,,59,60,-1
199802210LAC,RS,LAC,1429.0,,59,61,-2
199802210LAC,RS,LAC,1523.0,T,61,61,0
199802210LAC,RS,LAC,1539.0,,61,63,-2
199802210LAC,RS,LAC,1539.0,,61,64,-3
199802210LAC,RS,LAC,1565.0,,61,66,-5
199802210LAC,RS,LAC,1579.0,,63,66,-3
199802210LAC,RS,LAC,1601.0,,63,68,-5
199802210LAC,RS,LAC,1641.0,,65,68,-3
199802210LAC,RS,LAC,1657.0,,66,68,-2
199802210LAC,RS,LAC,1657.0,,67,68,-1
199802210LAC,RS,LAC,1696.0,LC,69,68,1
199802210LAC,RS,LAC,1853.0,,71,68,3
199802210LAC,RS,LAC,1930.0,,73,68,5
199802210LAC,RS,LAC,1955.0,,73,70,3
199802210LAC,RS,LAC,1973.0,,75,70,5
199802210LAC,RS,LAC,2000.0,,75,72,3
199802210LAC,RS,LAC,2019.0,,77,72,5
199802210LAC,RS,LAC,2072.0,,77,73,4
199802210LAC,RS,LAC,2072.0,,77,74,3
199802210LAC,RS,LAC,2085.0,,79,74,5
199802210LAC,RS,LAC,2102.0,,79,75,4
199802210LAC,RS,LAC,2130.0,,81,75,6
199802210LAC,RS,LAC,2144.0,,81,77,4
199802210LAC,RS,LAC,2157.0,,82,77,5
199802210LAC,RS,LAC,2190.0,,84,77,7
199802210LAC,RS,LAC,2215.0,,84,79,5
199802210LAC,RS,LAC,2239.0,,87,79,8
199802210LAC,RS,LAC,2276.0,,87,82,5
199802210LAC,RS,LAC,2320.0,,89,82,7
199802210LAC,RS,LAC,2342.0,,89,84,5
199802210LAC,RS,LAC,2386.0,,89,86,3
199802210LAC,RS,LAC,2393.0,,89,87,2
199802210LAC,RS,LAC,2403.0,,91,87,4
199802210LAC,RS,LAC,2450.0,,93,87,6
199802210LAC,RS,LAC,2450.0,,94,87,7
199802210LAC,RS,LAC,2523.0,,96,87,9
199802210LAC,RS,LAC,2549.0,,98,87,11
199802210LAC,RS,LAC,2592.0,,99,87,12
199802210LAC,RS,LAC,2592.0,,100,87,13
199802210LAC,RS,LAC,2603.0,,100,89,11
199802210LAC,RS,LAC,2633.0,,100,91,9
199802210LAC,RS,LAC,2703.0,,102,91,11
199802210LAC,RS,LAC,2726.0,,102,93,9
199802210LAC,RS,LAC,2746.0,,104,93,11
199802210LAC,RS,LAC,2757.0,,104,95,9
199802210LAC,RS,LAC,2774.0,,106,95,11
199802210LAC,RS,LAC,2802.0,,108,95,13
199802210LAC,RS,LAC,2839.0,,110,95,15
199802210LAC,RS,LAC,2850.0,,110,97,13
199802210LAC,RS,LAC,2850.0,,110,98,12
199802210LAC,RS,LAC,2872.0,F,111,98,13
199802210LAC,RS,LAC,2879.0,,111,98,13
199802230DEN,RS,DEN,0.0,,0,0,0
199802230DEN,RS,DEN,43.0,,2,0,2
199802230DEN,RS,DEN,83.0,,4,0,4
199802230DEN,RS,DEN,128.0,,7,0,7
199802230DEN,RS,DEN,152.0,,7,2,5
199802230DEN,RS,DEN,233.0,,7,4,3
199802230DEN,RS,DEN,310.0,,7,6,1
199802230DEN,RS,DEN,321.0,,8,6,2
199802230DEN,RS,DEN,321.0,,9,6,3
199802230DEN,RS,DEN,330.0,,9,7,2
199802230DEN,RS,DEN,330.0,,9,8,1
199802230DEN,RS,DEN,346.0,,11,8,3
199802230DEN,RS,DEN,379.0,,11,10,1
199802230DEN,RS,DEN,434.0,,12,10,2
199802230DEN,RS,DEN,462.0,T,12,12,0
199802230DEN,RS,DEN,478.0,,14,12,2
199802230DEN,RS,DEN,493.0,T,14,14,0
199802230DEN,RS,DEN,512.0,,16,14,2
199802230DEN,RS,DEN,552.0,,19,14,5
199802230DEN,RS,DEN,592.0,,20,14,6
199802230DEN,RS,DEN,592.0,,21,14,7
199802230DEN,RS,DEN,610.0,,21,16,5
199802230DEN,RS,DEN,627.0,,23,16,7
199802230DEN,RS,DEN,644.0,,23,18,5
199802230DEN,RS,DEN,670.0,,25,18,7
199802230DEN,RS,DEN,682.0,,25,20,5
199802230DEN,RS,DEN,738.0,,25,22,3
199802230DEN,RS,DEN,759.0,,25,24,1
199802230DEN,RS,DEN,816.0,T,25,25,0
199802230DEN,RS,DEN,816.0,LC,25,26,-1
199802230DEN,RS,DEN,828.0,LC,28,26,2
199802230DEN,RS,DEN,859.0,,31,26,5
199802230DEN,RS,DEN,879.0,,31,27,4
199802230DEN,RS,DEN,879.0,,31,28,3
199802230DEN,RS,DEN,894.0,,32,28,4
199802230DEN,RS,DEN,894.0,,33,28,5
199802230DEN,RS,DEN,959.0,,35,28,7
199802230DEN,RS,DEN,1003.0,,37,28,9
199802230DEN,RS,DEN,1021.0,,37,30,7
199802230DEN,RS,DEN,1048.0,,39,30,9
199802230DEN,RS,DEN,1066.0,,39,32,7
199802230DEN,RS,DEN,1085.0,,41,32,9
199802230DEN,RS,DEN,1105.0,,41,34,7
199802230DEN,RS,DEN,1125.0,,41,36,5
199802230DEN,RS,DEN,1125.0,,41,37,4
199802230DEN,RS,DEN,1167.0,,42,37,5
199802230DEN,RS,DEN,1167.0,,43,37,6
199802230DEN,RS,DEN,1197.0,,45,37,8
199802230DEN,RS,DEN,1234.0,,47,37,10
199802230DEN,RS,DEN,1250.0,,47,38,9
199802230DEN,RS,DEN,1265.0,,49,38,11
199802230DEN,RS,DEN,1293.0,,50,38,12
199802230DEN,RS,DEN,1310.0,,50,41,9
199802230DEN,RS,DEN,1334.0,,52,41,11
199802230DEN,RS,DEN,1363.0,,53,41,12
199802230DEN,RS,DEN,1385.0,,55,41,14
199802230DEN,RS,DEN,1402.0,,56,41,15
199802230DEN,RS,DEN,1427.0,,56,43,13
199802230DEN,RS,DEN,1524.0,,58,43,15
199802230DEN,RS,DEN,1547.0,,58,44,14
199802230DEN,RS,DEN,1562.0,,60,44,16
199802230DEN,RS,DEN,1609.0,,63,44,19
199802230DEN,RS,DEN,1637.0,,65,44,21
199802230DEN,RS,DEN,1690.0,,65,46,19
199802230DEN,RS,DEN,1731.0,,65,48,17
199802230DEN,RS,DEN,1780.0,,66,48,18
199802230DEN,RS,DEN,1780.0,,67,48,19
199802230DEN,RS,DEN,1798.0,,67,50,17
199802230DEN,RS,DEN,1826.0,,67,52,15
199802230DEN,RS,DEN,1847.0,,69,52,17
199802230DEN,RS,DEN,1865.0,,69,54,15
199802230DEN,RS,DEN,1884.0,,71,54,17
199802230DEN,RS,DEN,1930.0,,71,56,15
199802230DEN,RS,DEN,1960.0,,71,58,13
199802230DEN,RS,DEN,1960.0,,71,59,12
199802230DEN,RS,DEN,2008.0,,72,59,13
199802230DEN,RS,DEN,2008.0,,73,59,14
199802230DEN,RS,DEN,2063.0,,75,59,16
199802230DEN,RS,DEN,2082.0,,77,59,18
199802230DEN,RS,DEN,2111.0,,77,61,16
199802230DEN,RS,DEN,2135.0,,77,63,14
199802230DEN,RS,DEN,2159.0,,80,63,17
199802230DEN,RS,DEN,2176.0,,82,63,19
199802230DEN,RS,DEN,2194.0,,82,65,17
199802230DEN,RS,DEN,2221.0,,82,68,14
199802230DEN,RS,DEN,2239.0,,83,68,15
199802230DEN,RS,DEN,2239.0,,84,68,16
199802230DEN,RS,DEN,2253.0,,84,70,14
199802230DEN,RS,DEN,2270.0,,86,70,16
199802230DEN,RS,DEN,2284.0,,86,72,14
199802230DEN,RS,DEN,2320.0,,86,74,12
199802230DEN,RS,DEN,2338.0,,89,74,15
199802230DEN,RS,DEN,2350.0,,89,76,13
199802230DEN,RS,DEN,2367.0,,91,76,15
199802230DEN,RS,DEN,2367.0,,92,76,16
199802230DEN,RS,DEN,2378.0,,92,78,14
199802230DEN,RS,DEN,2390.0,,94,78,16
199802230DEN,RS,DEN,2411.0,,97,78,19
199802230DEN,RS,DEN,2457.0,,98,78,20
199802230DEN,RS,DEN,2487.0,,98,80,18
199802230DEN,RS,DEN,2504.0,,100,80,20
199802230DEN,RS,DEN,2523.0,,100,83,17
199802230DEN,RS,DEN,2552.0,,100,85,15
199802230DEN,RS,DEN,2569.0,,101,85,16
199802230DEN,RS,DEN,2569.0,,102,85,17
199802230DEN,RS,DEN,2588.0,,102,88,14
199802230DEN,RS,DEN,2615.0,,105,88,17
199802230DEN,RS,DEN,2639.0,,105,90,15
199802230DEN,RS,DEN,2660.0,,107,90,17
199802230DEN,RS,DEN,2699.0,,109,90,19
199802230DEN,RS,DEN,2717.0,,110,90,20
199802230DEN,RS,DEN,2717.0,,111,90,21
199802230DEN,RS,DEN,2727.0,,111,92,19
199802230DEN,RS,DEN,2789.0,,111,94,17
199802230DEN,RS,DEN,2800.0,,114,94,20
199802230DEN,RS,DEN,2812.0,,114,96,18
199802230DEN,RS,DEN,2830.0,,116,96,20
199802230DEN,RS,DEN,2857.0,F,118,96,22
199802230DEN,RS,DEN,2870.0,,118,98,20
199802250DET,RS,DET,0.0,,0,0,0
199802250DET,RS,DET,42.0,,2,0,2
199802250DET,RS,DET,101.0,,4,0,4
199802250DET,RS,DET,129.0,,6,0,6
199802250DET,RS,DET,148.0,,6,3,3
199802250DET,RS,DET,183.0,T,6,6,0
199802250DET,RS,DET,197.0,,8,6,2
199802250DET,RS,DET,221.0,,9,6,3
199802250DET,RS,DET,233.0,,9,8,1
199802250DET,RS,DET,270.0,LC,9,10,-1
199802250DET,RS,DET,295.0,T,10,10,0
199802250DET,RS,DET,295.0,LC,11,10,1
199802250DET,RS,DET,315.0,LC,11,12,-1
199802250DET,RS,DET,327.0,T,12,12,0
199802250DET,RS,DET,352.0,LC,14,12,2
199802250DET,RS,DET,378.0,T,14,14,0
199802250DET,RS,DET,455.0,LC,14,16,-2
199802250DET,RS,DET,469.0,T,16,16,0
199802250DET,RS,DET,485.0,,16,19,-3
199802250DET,RS,DET,497.0,T,19,19,0
199802250DET,RS,DET,526.0,,19,21,-2
199802250DET,RS,DET,549.0,T,21,21,0
199802250DET,RS,DET,573.0,,21,24,-3
199802250DET,RS,DET,603.0,,21,26,-5
199802250DET,RS,DET,628.0,,23,26,-3
199802250DET,RS,DET,645.0,,23,27,-4
199802250DET,RS,DET,645.0,,23,28,-5
199802250DET,RS,DET,657.0,,26,28,-2
199802250DET,RS,DET,667.0,,26,30,-4
199802250DET,RS,DET,689.0,,28,30,-2
199802250DET,RS,DET,720.0,T,30,30,0
199802250DET,RS,DET,758.0,,30,32,-2
199802250DET,RS,DET,845.0,LC,33,32,1
199802250DET,RS,DET,872.0,LC,33,34,-1
199802250DET,RS,DET,890.0,LC,35,34,1
199802250DET,RS,DET,924.0,,37,34,3
199802250DET,RS,DET,939.0,,37,36,1
199802250DET,RS,DET,956.0,,38,36,2
199802250DET,RS,DET,956.0,,39,36,3
199802250DET,RS,DET,990.0,,39,38,1
199802250DET,RS,DET,1069.0,LC,39,40,-1
199802250DET,RS,DET,1092.0,LC,41,40,1
199802250DET,RS,DET,1149.0,T,41,41,0
199802250DET,RS,DET,1163.0,,43,41,2
199802250DET,RS,DET,1163.0,,44,41,3
199802250DET,RS,DET,1176.0,,44,42,2
199802250DET,RS,DET,1194.0,,45,42,3
199802250DET,RS,DET,1213.0,,45,43,2
199802250DET,RS,DET,1263.0,,47,43,4
199802250DET,RS,DET,1276.0,,47,44,3
199802250DET,RS,DET,1284.0,,47,46,1
199802250DET,RS,DET,1306.0,,49,46,3
199802250DET,RS,DET,1306.0,,50,46,4
199802250DET,RS,DET,1322.0,,50,49,1
199802250DET,RS,DET,1337.0,,51,49,2
199802250DET,RS,DET,1355.0,,51,50,1
199802250DET,RS,DET,1355.0,T,51,51,0
199802250DET,RS,DET,1375.0,,53,51,2
199802250DET,RS,DET,1395.0,T,53,53,0
199802250DET,RS,DET,1406.0,,55,53,2
199802250DET,RS,DET,1466.0,,57,53,4
199802250DET,RS,DET,1487.0,,57,55,2
199802250DET,RS,DET,1500.0,,58,55,3
199802250DET,RS,DET,1500.0,,59,55,4
199802250DET,RS,DET,1524.0,,61,55,6
199802250DET,RS,DET,1556.0,,61,57,4
199802250DET,RS,DET,1581.0,,61,59,2
199802250DET,RS,DET,1598.0,T,61,61,0
199802250DET,RS,DET,1619.0,,63,61,2
199802250DET,RS,DET,1678.0,,64,61,3
199802250DET,RS,DET,1678.0,,65,61,4
199802250DET,RS,DET,1719.0,,66,61,5
199802250DET,RS,DET,1719.0,,67,61,6
199802250DET,RS,DET,1841.0,,69,61,8
199802250DET,RS,DET,1869.0,,70,61,9
199802250DET,RS,DET,1869.0,,71,61,10
199802250DET,RS,DET,1907.0,,73,61,12
199802250DET,RS,DET,1935.0,,73,63,10
199802250DET,RS,DET,1947.0,,74,63,11
199802250DET,RS,DET,1960.0,,74,65,9
199802250DET,RS,DET,2086.0,,75,65,10
199802250DET,RS,DET,2107.0,,75,67,8
199802250DET,RS,DET,2119.0,,77,67,10
199802250DET,RS,DET,2143.0,,77,68,9
199802250DET,RS,DET,2195.0,,77,70,7
199802250DET,RS,DET,2253.0,,79,70,9
199802250DET,RS,DET,2311.0,,79,72,7
199802250DET,RS,DET,2333.0,,80,72,8
199802250DET,RS,DET,2411.0,,82,72,10
199802250DET,RS,DET,2466.0,,84,72,12
199802250DET,RS,DET,2492.0,,84,73,11
199802250DET,RS,DET,2492.0,,84,74,10
199802250DET,RS,DET,2522.0,,85,74,11
199802250DET,RS,DET,2522.0,,86,74,12
199802250DET,RS,DET,2537.0,,86,76,10
199802250DET,RS,DET,2564.0,,86,78,8
199802250DET,RS,DET,2613.0,,88,78,10
199802250DET,RS,DET,2630.0,,88,80,8
199802250DET,RS,DET,2658.0,,88,81,7
199802250DET,RS,DET,2658.0,,88,82,6
199802250DET,RS,DET,2691.0,,89,82,7
199802250DET,RS,DET,2739.0,,92,82,10
199802250DET,RS,DET,2756.0,,92,84,8
199802250DET,RS,DET,2778.0,,94,84,10
199802250DET,RS,DET,2827.0,,95,84,11
199802250DET,RS,DET,2827.0,,96,84,12
199802250DET,RS,DET,2829.0,,96,86,10
199802250DET,RS,DET,2846.0,,97,86,11
199802250DET,RS,DET,2856.0,F,98,86,12
199802250DET,RS,DET,2868.0,,98,88,10
199802280CHH,RS,ORL,0.0,,0,0,0
199802280CHH,RS,ORL,15.0,,2,0,2
199802280CHH,RS,ORL,29.0,T,2,2,0
199802280CHH,RS,ORL,56.0,,4,2,2
199802280CHH,RS,ORL,87.0,T,4,4,0
199802280CHH,RS,ORL,107.0,,7,4,3
199802280CHH,RS,ORL,134.0,,9,4,5
199802280CHH,RS,ORL,229.0,,9,6,3
199802280CHH,RS,ORL,229.0,,9,7,2
199802280CHH,RS,ORL,270.0,LC,9,10,-1
199802280CHH,RS,ORL,305.0,LC,11,10,1
199802280CHH,RS,ORL,335.0,,13,10,3
199802280CHH,RS,ORL,335.0,,14,10,4
199802280CHH,RS,ORL,349.0,,14,12,2
199802280CHH,RS,ORL,410.0,T,14,14,0
199802280CHH,RS,ORL,467.0,,16,14,2
199802280CHH,RS,ORL,483.0,LC,16,17,-1
199802280CHH,RS,ORL,500.0,LC,18,17,1
199802280CHH,RS,ORL,520.0,LC,18,19,-1
199802280CHH,RS,ORL,560.0,LC,20,19,1
199802280CHH,RS,ORL,584.0,T,20,20,0
199802280CHH,RS,ORL,596.0,,22,20,2
199802280CHH,RS,ORL,688.0,,24,20,4
199802280CHH,RS,ORL,765.0,,26,20,6
199802280CHH,RS,ORL,765.0,,27,20,7
199802280CHH,RS,ORL,797.0,,29,20,9
199802280CHH,RS,ORL,817.0,,29,21,8
199802280CHH,RS,ORL,832.0,,31,21,10
199802280CHH,RS,ORL,857.0,,31,23,8
199802280CHH,RS,ORL,863.0,,32,23,9
199802280CHH,RS,ORL,863.0,,33,23,10
199802280CHH,RS,ORL,913.0,,35,23,12
199802280CHH,RS,ORL,949.0,,35,25,10
199802280CHH,RS,ORL,1016.0,,37,25,12
199802280CHH,RS,ORL,1085.0,,39,25,14
199802280CHH,RS,ORL,1103.0,,40,25,15
199802280CHH,RS,ORL,1120.0,,40,28,12
199802280CHH,RS,ORL,1148.0,,40,30,10
199802280CHH,RS,ORL,1184.0,,40,31,9
199802280CHH,RS,ORL,1216.0,,40,33,7
199802280CHH,RS,ORL,1233.0,,41,33,8
199802280CHH,RS,ORL,1250.0,,41,35,6
199802280CHH,RS,ORL,1277.0,,43,35,8
199802280CHH,RS,ORL,1293.0,,43,37,6
199802280CHH,RS,ORL,1311.0,,44,37,7
199802280CHH,RS,ORL,1311.0,,45,37,8
199802280CHH,RS,ORL,1335.0,,45,39,6
199802280CHH,RS,ORL,1382.0,,45,42,3
199802280CHH,RS,ORL,1419.0,,45,44,1
199802280CHH,RS,ORL,1438.0,,47,44,3
199802280CHH,RS,ORL,1495.0,,49,44,5
199802280CHH,RS,ORL,1546.0,,51,44,7
199802280CHH,RS,ORL,1602.0,,53,44,9
199802280CHH,RS,ORL,1706.0,,55,44,11
199802280CHH,RS,ORL,1782.0,,55,46,9
199802280CHH,RS,ORL,1815.0,,55,48,7
199802280CHH,RS,ORL,1872.0,,57,48,9
199802280CHH,RS,ORL,1920.0,,57,50,7
199802280CHH,RS,ORL,1945.0,,59,50,9
199802280CHH,RS,ORL,1945.0,,60,50,10
199802280CHH,RS,ORL,1960.0,,60,52,8
199802280CHH,RS,ORL,1987.0,,60,54,6
199802280CHH,RS,ORL,2011.0,,60,55,5
199802280CHH,RS,ORL,2011.0,,60,56,4
199802280CHH,RS,ORL,2062.0,,63,56,7
199802280CHH,RS,ORL,2117.0,,63,58,5
199802280CHH,RS,ORL,2160.0,,63,59,4
199802280CHH,RS,ORL,2160.0,,63,60,3
199802280CHH,RS,ORL,2173.0,,65,60,5
199802280CHH,RS,ORL,2203.0,,65,62,3
199802280CHH,RS,ORL,2237.0,,67,62,5
199802280CHH,RS,ORL,2301.0,,69,62,7
199802280CHH,RS,ORL,2315.0,,70,62,8
199802280CHH,RS,ORL,2315.0,,71,62,9
199802280CHH,RS,ORL,2334.0,,71,64,7
199802280CHH,RS,ORL,2358.0,,73,64,9
199802280CHH,RS,ORL,2376.0,,73,67,6
199802280CHH,RS,ORL,2410.0,,73,69,4
199802280CHH,RS,ORL,2430.0,,75,69,6
199802280CHH,RS,ORL,2516.0,,77,69,8
199802280CHH,RS,ORL,2573.0,,79,69,10
199802280CHH,RS,ORL,2573.0,,80,69,11
199802280CHH,RS,ORL,2656.0,,82,69,13
199802280CHH,RS,ORL,2697.0,,82,70,12
199802280CHH,RS,ORL,2697.0,,82,71,11
199802280CHH,RS,ORL,2734.0,,82,73,9
199802280CHH,RS,ORL,2750.0,,83,73,10
199802280CHH,RS,ORL,2750.0,,84,73,11
199802280CHH,RS,ORL,2774.0,,84,76,8
199802280CHH,RS,ORL,2787.0,,85,76,9
199802280CHH,RS,ORL,2787.0,,86,76,10
199802280CHH,RS,ORL,2820.0,,88,76,12
199802280CHH,RS,ORL,2829.0,,88,77,11
199802280CHH,RS,ORL,2829.0,,88,78,10
199802280CHH,RS,ORL,2853.0,,89,78,11
199802280CHH,RS,ORL,2853.0,F,90,78,12
199802280CHH,RS,ORL,2868.0,,90,80,10
199803020CHH,RS,GSW,0.0,,0,0,0
199803020CHH,RS,GSW,34.0,,0,2,-2
199803020CHH,RS,GSW,47.0,,0,4,-4
199803020CHH,RS,GSW,58.0,,2,4,-2
199803020CHH,RS,GSW,75.0,,2,6,-4
199803020CHH,RS,GSW,97.0,,2,8,-6
199803020CHH,RS,GSW,121.0,,2,11,-9
199803020CHH,RS,GSW,143.0,,4,11,-7
199803020CHH,RS,GSW,168.0,,5,11,-6
199803020CHH,RS,GSW,168.0,,6,11,-5
199803020CHH,RS,GSW,182.0,,6,13,-7
199803020CHH,RS,GSW,268.0,,6,14,-8
199803020CHH,RS,GSW,268.0,,6,15,-9
199803020CHH,RS,GSW,286.0,,8,15,-7
199803020CHH,RS,GSW,286.0,,9,15,-6
199803020CHH,RS,GSW,317.0,,11,15,-4
199803020CHH,RS,GSW,344.0,,14,15,-1
199803020CHH,RS,GSW,364.0,LC,16,15,1
199803020CHH,RS,GSW,399.0,,18,15,3
199803020CHH,RS,GSW,429.0,,20,15,5
199803020CHH,RS,GSW,463.0,,21,15,6
199803020CHH,RS,GSW,463.0,,22,15,7
199803020CHH,RS,GSW,506.0,,24,15,9
199803020CHH,RS,GSW,516.0,,24,16,8
199803020CHH,RS,GSW,516.0,,24,17,7
199803020CHH,RS,GSW,566.0,,26,17,9
199803020CHH,RS,GSW,587.0,,26,19,7
199803020CHH,RS,GSW,633.0,,29,19,10
199803020CHH,RS,GSW,690.0,,29,21,8
199803020CHH,RS,GSW,713.0,,31,21,10
199803020CHH,RS,GSW,780.0,,33,21,12
199803020CHH,RS,GSW,793.0,,33,23,10
199803020CHH,RS,GSW,837.0,,35,23,12
199803020CHH,RS,GSW,867.0,,37,23,14
199803020CHH,RS,GSW,867.0,,38,23,15
199803020CHH,RS,GSW,934.0,,40,23,17
199803020CHH,RS,GSW,982.0,,41,23,18
199803020CHH,RS,GSW,1032.0,,41,24,17
199803020CHH,RS,GSW,1083.0,,41,26,15
199803020CHH,RS,GSW,1108.0,,41,27,14
199803020CHH,RS,GSW,1133.0,,43,27,16
199803020CHH,RS,GSW,1153.0,,43,29,14
199803020CHH,RS,GSW,1245.0,,45,29,16
199803020CHH,RS,GSW,1286.0,,47,29,18
199803020CHH,RS,GSW,1402.0,,47,31,16
199803020CHH,RS,GSW,1414.0,,49,31,18
199803020CHH,RS,GSW,1454.0,,49,33,16
199803020CHH,RS,GSW,1482.0,,49,35,14
199803020CHH,RS,GSW,1517.0,,49,37,12
199803020CHH,RS,GSW,1542.0,,50,37,13
199803020CHH,RS,GSW,1542.0,,51,37,14
199803020CHH,RS,GSW,1562.0,,51,39,12
199803020CHH,RS,GSW,1586.0,,53,39,14
199803020CHH,RS,GSW,1675.0,,53,40,13
199803020CHH,RS,GSW,1686.0,,55,40,15
199803020CHH,RS,GSW,1701.0,,55,42,13
199803020CHH,RS,GSW,1716.0,,57,42,15
199803020CHH,RS,GSW,1732.0,,57,43,14
199803020CHH,RS,GSW,1742.0,,58,43,15
199803020CHH,RS,GSW,1742.0,,59,43,16
199803020CHH,RS,GSW,1766.0,,61,43,18
199803020CHH,RS,GSW,1799.0,,63,43,20
199803020CHH,RS,GSW,1826.0,,65,43,22
199803020CHH,RS,GSW,1858.0,,67,43,24
199803020CHH,RS,GSW,1885.0,,69,43,26
199803020CHH,RS,GSW,1898.0,,69,46,23
199803020CHH,RS,GSW,1913.0,,70,46,24
199803020CHH,RS,GSW,1913.0,,71,46,25
199803020CHH,RS,GSW,1937.0,,72,46,26
199803020CHH,RS,GSW,1937.0,,73,46,27
199803020CHH,RS,GSW,1953.0,,73,49,24
199803020CHH,RS,GSW,1979.0,,75,49,26
199803020CHH,RS,GSW,1995.0,,75,51,24
199803020CHH,RS,GSW,2020.0,,75,52,23
199803020CHH,RS,GSW,2036.0,,75,54,21
199803020CHH,RS,GSW,2064.0,,77,54,23
199803020CHH,RS,GSW,2085.0,,79,54,25
199803020CHH,RS,GSW,2137.0,,79,55,24
199803020CHH,RS,GSW,2137.0,,79,56,23
199803020CHH,RS,GSW,2159.0,,79,58,21
199803020CHH,RS,GSW,2221.0,,81,58,23
199803020CHH,RS,GSW,2323.0,,81,59,22
199803020CHH,RS,GSW,2323.0,,82,59,23
199803020CHH,RS,GSW,2323.0,,83,59,24
199803020CHH,RS,GSW,2331.0,,84,59,25
199803020CHH,RS,GSW,2331.0,,85,59,26
199803020CHH,RS,GSW,2411.0,,87,59,28
199803020CHH,RS,GSW,2447.0,,87,61,26
199803020CHH,RS,GSW,2465.0,,89,61,28
199803020CHH,RS,GSW,2480.0,,89,63,26
199803020CHH,RS,GSW,2497.0,,91,63,28
199803020CHH,RS,GSW,2509.0,,91,65,26
199803020CHH,RS,GSW,2553.0,,93,65,28
199803020CHH,RS,GSW,2573.0,,93,67,26
199803020CHH,RS,GSW,2573.0,,93,68,25
199803020CHH,RS,GSW,2594.0,,95,68,27
199803020CHH,RS,GSW,2594.0,,96,68,28
199803020CHH,RS,GSW,2615.0,,96,70,26
199803020CHH,RS,GSW,2633.0,,98,70,28
199803020CHH,RS,GSW,2655.0,,98,71,27
199803020CHH,RS,GSW,2655.0,,98,72,26
199803020CHH,RS,GSW,2667.0,,100,72,28
199803020CHH,RS,GSW,2686.0,,100,74,26
199803020CHH,RS,GSW,2697.0,,102,74,28
199803020CHH,RS,GSW,2716.0,,104,74,30
199803020CHH,RS,GSW,2739.0,,104,76,28
199803020CHH,RS,GSW,2757.0,,106,76,30
199803020CHH,RS,GSW,2765.0,,106,78,28
199803020CHH,RS,GSW,2797.0,,108,78,30
199803020CHH,RS,GSW,2812.0,,110,78,32
199803020CHH,RS,GSW,2825.0,,110,79,31
199803020CHH,RS,GSW,2825.0,,110,80,30
199803020CHH,RS,GSW,2836.0,,112,80,32
199803020CHH,RS,GSW,2846.0,F,112,81,31
199803020CHH,RS,GSW,2875.0,,112,83,29
199803040CHH,RS,MIN,0.0,,0,0,0
199803040CHH,RS,MIN,33.0,,0,1,-1
199803040CHH,RS,MIN,49.0,LC,2,1,1
199803040CHH,RS,MIN,115.0,,4,1,3
199803040CHH,RS,MIN,149.0,,7,1,6
199803040CHH,RS,MIN,170.0,,9,1,8
199803040CHH,RS,MIN,196.0,,9,3,6
199803040CHH,RS,MIN,237.0,,12,3,9
199803040CHH,RS,MIN,252.0,,12,5,7
199803040CHH,RS,MIN,285.0,,12,7,5
199803040CHH,RS,MIN,308.0,,12,9,3
199803040CHH,RS,MIN,329.0,,14,9,5
199803040CHH,RS,MIN,346.0,,14,11,3
199803040CHH,RS,MIN,379.0,,14,13,1
199803040CHH,RS,MIN,405.0,,16,13,3
199803040CHH,RS,MIN,420.0,,16,15,1
199803040CHH,RS,MIN,441.0,,18,15,3
199803040CHH,RS,MIN,459.0,,18,17,1
199803040CHH,RS,MIN,501.0,LC,18,19,-1
199803040CHH,RS,MIN,535.0,,18,21,-3
199803040CHH,RS,MIN,551.0,,20,21,-1
199803040CHH,RS,MIN,571.0,,20,23,-3
199803040CHH,RS,MIN,587.0,,21,23,-2
199803040CHH,RS,MIN,587.0,,22,23,-1
199803040CHH,RS,MIN,601.0,,22,26,-4
199803040CHH,RS,MIN,629.0,,25,26,-1
199803040CHH,RS,MIN,676.0,,25,27,-2
199803040CHH,RS,MIN,692.0,,26,27,-1
199803040CHH,RS,MIN,692.0,T,27,27,0
199803040CHH,RS,MIN,805.0,,27,29,-2
199803040CHH,RS,MIN,832.0,,27,31,-4
199803040CHH,RS,MIN,850.0,,28,31,-3
199803040CHH,RS,MIN,850.0,,29,31,-2
199803040CHH,RS,MIN,873.0,,30,31,-1
199803040CHH,RS,MIN,873.0,T,31,31,0
199803040CHH,RS,MIN,889.0,,31,33,-2
199803040CHH,RS,MIN,913.0,,31,36,-5
199803040CHH,RS,MIN,941.0,,34,36,-2
199803040CHH,RS,MIN,992.0,,35,36,-1
199803040CHH,RS,MIN,1004.0,LC,37,36,1
199803040CHH,RS,MIN,1067.0,,38,36,2
199803040CHH,RS,MIN,1093.0,,40,36,4
199803040CHH,RS,MIN,1117.0,,42,36,6
199803040CHH,RS,MIN,1136.0,,44,36,8
199803040CHH,RS,MIN,1158.0,,44,38,6
199803040CHH,RS,MIN,1191.0,,44,39,5
199803040CHH,RS,MIN,1216.0,,46,39,7
199803040CHH,RS,MIN,1248.0,,46,41,5
199803040CHH,RS,MIN,1285.0,,46,42,4
199803040CHH,RS,MIN,1285.0,,46,43,3
199803040CHH,RS,MIN,1296.0,,48,43,5
199803040CHH,RS,MIN,1312.0,,48,45,3
199803040CHH,RS,MIN,1327.0,,48,46,2
199803040CHH,RS,MIN,1327.0,,48,47,1
199803040CHH,RS,MIN,1327.0,T,48,48,0
199803040CHH,RS,MIN,1341.0,,49,48,1
199803040CHH,RS,MIN,1341.0,,50,48,2
199803040CHH,RS,MIN,1373.0,T,50,50,0
199803040CHH,RS,MIN,1392.0,,51,50,1
199803040CHH,RS,MIN,1439.0,,53,50,3
199803040CHH,RS,MIN,1468.0,,53,52,1
199803040CHH,RS,MIN,1487.0,,54,52,2
199803040CHH,RS,MIN,1487.0,,55,52,3
199803040CHH,RS,MIN,1513.0,,56,52,4
199803040CHH,RS,MIN,1513.0,,57,52,5
199803040CHH,RS,MIN,1528.0,,59,52,7
199803040CHH,RS,MIN,1544.0,,59,54,5
199803040CHH,RS,MIN,1570.0,,61,54,7
199803040CHH,RS,MIN,1601.0,,63,54,9
199803040CHH,RS,MIN,1630.0,,64,54,10
199803040CHH,RS,MIN,1661.0,,64,56,8
199803040CHH,RS,MIN,1661.0,,64,57,7
199803040CHH,RS,MIN,1706.0,,66,57,9
199803040CHH,RS,MIN,1720.0,,66,58,8
199803040CHH,RS,MIN,1720.0,,66,59,7
199803040CHH,RS,MIN,1745.0,,68,59,9
199803040CHH,RS,MIN,1766.0,,68,61,7
199803040CHH,RS,MIN,1787.0,,70,61,9
199803040CHH,RS,MIN,1808.0,,70,64,6
199803040CHH,RS,MIN,1817.0,,72,64,8
199803040CHH,RS,MIN,1833.0,,72,65,7
199803040CHH,RS,MIN,1833.0,,72,66,6
199803040CHH,RS,MIN,1868.0,,72,68,4
199803040CHH,RS,MIN,1899.0,,72,70,2
199803040CHH,RS,MIN,1899.0,,72,71,1
199803040CHH,RS,MIN,1923.0,,74,71,3
199803040CHH,RS,MIN,1943.0,,74,73,1
199803040CHH,RS,MIN,1953.0,,75,73,2
199803040CHH,RS,MIN,1953.0,,76,73,3
199803040CHH,RS,MIN,1967.0,,76,75,1
199803040CHH,RS,MIN,1992.0,,77,75,2
199803040CHH,RS,MIN,1992.0,,78,75,3
199803040CHH,RS,MIN,2005.0,,78,76,2
199803040CHH,RS,MIN,2005.0,,78,77,1
199803040CHH,RS,MIN,2026.0,,79,77,2
199803040CHH,RS,MIN,2026.0,,80,77,3
199803040CHH,RS,MIN,2040.0,,80,79,1
199803040CHH,RS,MIN,2100.0,LC,80,81,-1
199803040CHH,RS,MIN,2117.0,LC,82,81,1
199803040CHH,RS,MIN,2179.0,LC,82,83,-1
199803040CHH,RS,MIN,2197.0,T,83,83,0
199803040CHH,RS,MIN,2197.0,LC,84,83,1
199803040CHH,RS,MIN,2215.0,LC,84,85,-1
199803040CHH,RS,MIN,2335.0,,84,87,-3
199803040CHH,RS,MIN,2369.0,,84,89,-5
199803040CHH,RS,MIN,2391.0,,86,89,-3
199803040CHH,RS,MIN,2391.0,,87,89,-2
199803040CHH,RS,MIN,2417.0,,87,91,-4
199803040CHH,RS,MIN,2430.0,,89,91,-2
199803040CHH,RS,MIN,2462.0,,90,91,-1
199803040CHH,RS,MIN,2462.0,T,91,91,0
199803040CHH,RS,MIN,2490.0,LC,93,91,2
199803040CHH,RS,MIN,2554.0,,95,91,4
199803040CHH,RS,MIN,2554.0,,96,91,5
199803040CHH,RS,MIN,2590.0,,97,91,6
199803040CHH,RS,MIN,2603.0,,97,93,4
199803040CHH,RS,MIN,2614.0,,99,93,6
199803040CHH,RS,MIN,2630.0,,100,93,7
199803040CHH,RS,MIN,2644.0,,100,94,6
199803040CHH,RS,MIN,2644.0,,100,95,5
199803040CHH,RS,MIN,2673.0,,100,97,3
199803040CHH,RS,MIN,2698.0,,102,97,5
199803040CHH,RS,MIN,2709.0,,102,98,4
199803040CHH,RS,MIN,2709.0,,102,99,3
199803040CHH,RS,MIN,2728.0,,104,99,5
199803040CHH,RS,MIN,2746.0,,104,102,2
199803040CHH,RS,MIN,2769.0,,106,102,4
199803040CHH,RS,MIN,2812.0,,108,102,6
199803040CHH,RS,MIN,2824.0,,109,102,7
199803040CHH,RS,MIN,2824.0,,110,102,8
199803040CHH,RS,MIN,2854.0,F,112,102,10
199803040CHH,RS,MIN,2864.0,,112,102,10
199803060CHH,RS,SEA,0.0,,0,0,0
199803060CHH,RS,SEA,69.0,,0,2,-2
199803060CHH,RS,SEA,87.0,T,2,2,0
199803060CHH,RS,SEA,108.0,,2,4,-2
199803060CHH,RS,SEA,117.0,,2,6,-4
199803060CHH,RS,SEA,137.0,,4,6,-2
199803060CHH,RS,SEA,186.0,T,6,6,0
199803060CHH,RS,SEA,211.0,,6,8,-2
199803060CHH,RS,SEA,224.0,T,8,8,0
199803060CHH,RS,SEA,239.0,,8,11,-3
199803060CHH,RS,SEA,271.0,,10,11,-1
199803060CHH,RS,SEA,285.0,,10,13,-3
199803060CHH,RS,SEA,331.0,T,13,13,0
199803060CHH,RS,SEA,431.0,,13,15,-2
199803060CHH,RS,SEA,456.0,T,15,15,0
199803060CHH,RS,SEA,489.0,LC,17,15,2
199803060CHH,RS,SEA,531.0,T,17,17,0
199803060CHH,RS,SEA,531.0,LC,17,18,-1
199803060CHH,RS,SEA,552.0,LC,19,18,1
199803060CHH,RS,SEA,571.0,LC,19,20,-1
199803060CHH,RS,SEA,682.0,T,20,20,0
199803060CHH,RS,SEA,738.0,LC,21,20,1
199803060CHH,RS,SEA,760.0,LC,21,22,-1
199803060CHH,RS,SEA,788.0,LC,23,22,1
199803060CHH,RS,SEA,808.0,LC,23,24,-1
199803060CHH,RS,SEA,831.0,LC,26,24,2
199803060CHH,RS,SEA,864.0,,29,24,5
199803060CHH,RS,SEA,892.0,,31,24,7
199803060CHH,RS,SEA,892.0,,32,24,8
199803060CHH,RS,SEA,911.0,,32,27,5
199803060CHH,RS,SEA,926.0,,34,27,7
199803060CHH,RS,SEA,926.0,,35,27,8
199803060CHH,RS,SEA,973.0,,38,27,11
199803060CHH,RS,SEA,1003.0,,38,29,9
199803060CHH,RS,SEA,1025.0,,39,29,10
199803060CHH,RS,SEA,1025.0,,40,29,11
199803060CHH,RS,SEA,1124.0,,40,31,9
199803060CHH,RS,SEA,1146.0,,42,31,11
199803060CHH,RS,SEA,1160.0,,42,33,9
199803060CHH,RS,SEA,1195.0,,42,34,8
199803060CHH,RS,SEA,1195.0,,42,35,7
199803060CHH,RS,SEA,1211.0,,44,35,9
199803060CHH,RS,SEA,1230.0,,44,37,7
199803060CHH,RS,SEA,1248.0,,45,37,8
199803060CHH,RS,SEA,1272.0,,47,37,10
199803060CHH,RS,SEA,1272.0,,48,37,11
199803060CHH,RS,SEA,1285.0,,48,39,9
199803060CHH,RS,SEA,1315.0,,49,39,10
199803060CHH,RS,SEA,1315.0,,50,39,11
199803060CHH,RS,SEA,1330.0,,50,41,9
199803060CHH,RS,SEA,1351.0,,51,41,10
199803060CHH,RS,SEA,1351.0,,52,41,11
199803060CHH,RS,SEA,1366.0,,52,43,9
199803060CHH,RS,SEA,1397.0,,55,43,12
199803060CHH,RS,SEA,1408.0,,55,46,9
199803060CHH,RS,SEA,1419.0,,58,46,12
199803060CHH,RS,SEA,1439.0,,58,49,9
199803060CHH,RS,SEA,1455.0,,58,51,7
199803060CHH,RS,SEA,1480.0,,59,51,8
199803060CHH,RS,SEA,1480.0,,60,51,9
199803060CHH,RS,SEA,1507.0,,62,51,11
199803060CHH,RS,SEA,1516.0,,62,53,9
199803060CHH,RS,SEA,1554.0,,64,53,11
199803060CHH,RS,SEA,1579.0,,64,56,8
199803060CHH,RS,SEA,1645.0,,64,58,6
199803060CHH,RS,SEA,1679.0,,64,60,4
199803060CHH,RS,SEA,1747.0,,67,60,7
199803060CHH,RS,SEA,1797.0,,69,60,9
199803060CHH,RS,SEA,1845.0,,71,60,11
199803060CHH,RS,SEA,1865.0,,71,62,9
199803060CHH,RS,SEA,1909.0,,71,64,7
199803060CHH,RS,SEA,1949.0,,71,65,6
199803060CHH,RS,SEA,1967.0,,73,65,8
199803060CHH,RS,SEA,2058.0,,73,67,6
199803060CHH,RS,SEA,2117.0,,76,67,9
199803060CHH,RS,SEA,2127.0,,76,68,8
199803060CHH,RS,SEA,2144.0,,76,70,6
199803060CHH,RS,SEA,2157.0,,76,72,4
199803060CHH,RS,SEA,2202.0,,76,75,1
199803060CHH,RS,SEA,2219.0,,78,75,3
199803060CHH,RS,SEA,2219.0,,79,75,4
199803060CHH,RS,SEA,2251.0,,81,75,6
199803060CHH,RS,SEA,2267.0,,81,78,3
199803060CHH,RS,SEA,2297.0,,83,78,5
199803060CHH,RS,SEA,2317.0,,83,80,3
199803060CHH,RS,SEA,2335.0,,85,80,5
199803060CHH,RS,SEA,2360.0,,86,80,6
199803060CHH,RS,SEA,2375.0,,86,82,4
199803060CHH,RS,SEA,2398.0,,86,83,3
199803060CHH,RS,SEA,2398.0,,86,84,2
199803060CHH,RS,SEA,2423.0,T,86,86,0
199803060CHH,RS,SEA,2439.0,,88,86,2
199803060CHH,RS,SEA,2479.0,,90,86,4
199803060CHH,RS,SEA,2510.0,,90,87,3
199803060CHH,RS,SEA,2537.0,,92,87,5
199803060CHH,RS,SEA,2557.0,,93,87,6
199803060CHH,RS,SEA,2557.0,,94,87,7
199803060CHH,RS,SEA,2596.0,,94,89,5
199803060CHH,RS,SEA,2649.0,,96,89,7
199803060CHH,RS,SEA,2670.0,,96,90,6
199803060CHH,RS,SEA,2687.0,,97,90,7
199803060CHH,RS,SEA,2687.0,,98,90,8
199803060CHH,RS,SEA,2697.0,,98,92,6
199803060CHH,RS,SEA,2780.0,,98,94,4
199803060CHH,RS,SEA,2821.0,,99,94,5
199803060CHH,RS,SEA,2829.0,,99,97,2
199803060CHH,RS,SEA,2865.0,,101,97,4
199803060CHH,RS,SEA,2871.0,,101,98,3
199803060CHH,RS,SEA,2872.0,,102,98,4
199803060CHH,RS,SEA,2874.0,,103,98,5
199803060CHH,RS,SEA,2874.0,F,104,98,6
199803060CHH,RS,SEA,2880.0,,104,98,6
199803080NJN,RS,NJN,0.0,,0,0,0
199803080NJN,RS,NJN,5.0,,0,2,-2
199803080NJN,RS,NJN,40.0,,0,4,-4
199803080NJN,RS,NJN,61.0,,3,4,-1
199803080NJN,RS,NJN,73.0,,3,6,-3
199803080NJN,RS,NJN,131.0,,5,6,-1
199803080NJN,RS,NJN,139.0,,5,8,-3
199803080NJN,RS,NJN,171.0,T,8,8,0
199803080NJN,RS,NJN,185.0,LC,10,8,2
199803080NJN,RS,NJN,219.0,,13,8,5
199803080NJN,RS,NJN,243.0,,13,11,2
199803080NJN,RS,NJN,331.0,T,13,13,0
199803080NJN,RS,NJN,362.0,LC,13,15,-2
199803080NJN,RS,NJN,378.0,T,15,15,0
199803080NJN,RS,NJN,391.0,,15,17,-2
199803080NJN,RS,NJN,552.0,,15,19,-4
199803080NJN,RS,NJN,622.0,,15,21,-6
199803080NJN,RS,NJN,622.0,,15,22,-7
199803080NJN,RS,NJN,636.0,,17,22,-5
199803080NJN,RS,NJN,653.0,,18,22,-4
199803080NJN,RS,NJN,653.0,,19,22,-3
199803080NJN,RS,NJN,653.0,,20,22,-2
199803080NJN,RS,NJN,656.0,,20,23,-3
199803080NJN,RS,NJN,656.0,,20,24,-4
199803080NJN,RS,NJN,673.0,,20,27,-7
199803080NJN,RS,NJN,685.0,,23,27,-4
199803080NJN,RS,NJN,720.0,,23,28,-5
199803080NJN,RS,NJN,720.0,,23,29,-6
199803080NJN,RS,NJN,744.0,,23,31,-8
199803080NJN,RS,NJN,744.0,,23,32,-9
199803080NJN,RS,NJN,780.0,,25,32,-7
199803080NJN,RS,NJN,804.0,,25,34,-9
199803080NJN,RS,NJN,821.0,,27,34,-7
199803080NJN,RS,NJN,824.0,,29,34,-5
199803080NJN,RS,NJN,858.0,,30,34,-4
199803080NJN,RS,NJN,886.0,,30,36,-6
199803080NJN,RS,NJN,906.0,,32,36,-4
199803080NJN,RS,NJN,914.0,,32,38,-6
199803080NJN,RS,NJN,988.0,,32,39,-7
199803080NJN,RS,NJN,988.0,,32,40,-8
199803080NJN,RS,NJN,1034.0,,32,42,-10
199803080NJN,RS,NJN,1091.0,,34,42,-8
199803080NJN,RS,NJN,1097.0,,34,44,-10
199803080NJN,RS,NJN,1112.0,,36,44,-8
199803080NJN,RS,NJN,1141.0,,38,44,-6
199803080NJN,RS,NJN,1164.0,,38,46,-8
199803080NJN,RS,NJN,1193.0,,38,48,-10
199803080NJN,RS,NJN,1218.0,,40,48,-8
199803080NJN,RS,NJN,1232.0,,40,50,-10
199803080NJN,RS,NJN,1251.0,,40,52,-12
199803080NJN,RS,NJN,1275.0,,40,53,-13
199803080NJN,RS,NJN,1275.0,,40,54,-14
199803080NJN,RS,NJN,1300.0,,43,54,-11
199803080NJN,RS,NJN,1330.0,,43,56,-13
199803080NJN,RS,NJN,1371.0,,45,56,-11
199803080NJN,RS,NJN,1405.0,,46,56,-10
199803080NJN,RS,NJN,1405.0,,47,56,-9
199803080NJN,RS,NJN,1414.0,,47,58,-11
199803080NJN,RS,NJN,1461.0,,49,58,-9
199803080NJN,RS,NJN,1476.0,,49,60,-11
199803080NJN,RS,NJN,1488.0,,52,60,-8
199803080NJN,RS,NJN,1526.0,,55,60,-5
199803080NJN,RS,NJN,1563.0,,57,60,-3
199803080NJN,RS,NJN,1585.0,,57,63,-6
199803080NJN,RS,NJN,1619.0,,57,65,-8
199803080NJN,RS,NJN,1636.0,,57,68,-11
199803080NJN,RS,NJN,1657.0,,60,68,-8
199803080NJN,RS,NJN,1665.0,,60,70,-10
199803080NJN,RS,NJN,1682.0,,62,70,-8
199803080NJN,RS,NJN,1712.0,,63,70,-7
199803080NJN,RS,NJN,1712.0,,64,70,-6
199803080NJN,RS,NJN,1722.0,,64,72,-8
199803080NJN,RS,NJN,1762.0,,66,72,-6
199803080NJN,RS,NJN,1781.0,,66,74,-8
199803080NJN,RS,NJN,1830.0,,69,74,-5
199803080NJN,RS,NJN,1876.0,,71,74,-3
199803080NJN,RS,NJN,1947.0,,72,74,-2
199803080NJN,RS,NJN,1957.0,,73,74,-1
199803080NJN,RS,NJN,1964.0,LC,76,74,2
199803080NJN,RS,NJN,2030.0,,78,74,4
199803080NJN,RS,NJN,2042.0,,78,76,2
199803080NJN,RS,NJN,2087.0,,79,76,3
199803080NJN,RS,NJN,2087.0,,80,76,4
199803080NJN,RS,NJN,2127.0,,82,76,6
199803080NJN,RS,NJN,2153.0,,82,77,5
199803080NJN,RS,NJN,2153.0,,82,78,4
199803080NJN,RS,NJN,2174.0,,82,80,2
199803080NJN,RS,NJN,2198.0,,84,80,4
199803080NJN,RS,NJN,2225.0,,84,82,2
199803080NJN,RS,NJN,2269.0,,84,83,1
199803080NJN,RS,NJN,2278.0,LC,84,85,-1
199803080NJN,RS,NJN,2304.0,LC,86,85,1
199803080NJN,RS,NJN,2320.0,LC,86,87,-1
199803080NJN,RS,NJN,2336.0,LC,88,87,1
199803080NJN,RS,NJN,2364.0,LC,88,89,-1
199803080NJN,RS,NJN,2417.0,,88,92,-4
199803080NJN,RS,NJN,2505.0,,90,92,-2
199803080NJN,RS,NJN,2521.0,,90,94,-4
199803080NJN,RS,NJN,2537.0,,91,94,-3
199803080NJN,RS,NJN,2537.0,,92,94,-2
199803080NJN,RS,NJN,2598.0,T,94,94,0
199803080NJN,RS,NJN,2640.0,LC,96,94,2
199803080NJN,RS,NJN,2670.0,T,96,96,0
199803080NJN,RS,NJN,2686.0,,98,96,2
199803080NJN,RS,NJN,2686.0,,99,96,3
199803080NJN,RS,NJN,2734.0,,100,96,4
199803080NJN,RS,NJN,2798.0,,102,96,6
199803080NJN,RS,NJN,2798.0,,103,96,7
199803080NJN,RS,NJN,2803.0,,103,97,6
199803080NJN,RS,NJN,2803.0,,103,98,5
199803080NJN,RS,NJN,2840.0,,104,98,6
199803080NJN,RS,NJN,2840.0,,105,98,7
199803080NJN,RS,NJN,2848.0,,105,99,6
199803080NJN,RS,NJN,2848.0,,105,100,5
199803080NJN,RS,NJN,2849.0,,106,100,6
199803080NJN,RS,NJN,2849.0,,107,100,7
199803080NJN,RS,NJN,2865.0,,108,100,8
199803080NJN,RS,NJN,2865.0,F,109,100,9
199803080NJN,RS,NJN,2879.0,,109,100,9
199803110CHH,RS,NYK,0.0,,0,0,0
199803110CHH,RS,NYK,21.0,,2,0,2
199803110CHH,RS,NYK,43.0,T,2,2,0
199803110CHH,RS,NYK,43.0,LC,2,3,-1
199803110CHH,RS,NYK,62.0,LC,4,3,1
199803110CHH,RS,NYK,95.0,,6,3,3
199803110CHH,RS,NYK,125.0,,8,3,5
199803110CHH,RS,NYK,167.0,,10,3,7
199803110CHH,RS,NYK,205.0,,12,3,9
199803110CHH,RS,NYK,239.0,,14,3,11
199803110CHH,RS,NYK,261.0,,14,5,9
199803110CHH,RS,NYK,294.0,,14,6,8
199803110CHH,RS,NYK,294.0,,14,7,7
199803110CHH,RS,NYK,351.0,,14,9,5
199803110CHH,RS,NYK,413.0,,14,11,3
199803110CHH,RS,NYK,434.0,,16,11,5
199803110CHH,RS,NYK,457.0,,16,14,2
199803110CHH,RS,NYK,471.0,,18,14,4
199803110CHH,RS,NYK,483.0,,18,16,2
199803110CHH,RS,NYK,483.0,,18,17,1
199803110CHH,RS,NYK,525.0,,20,17,3
199803110CHH,RS,NYK,551.0,,20,19,1
199803110CHH,RS,NYK,572.0,LC,20,21,-1
199803110CHH,RS,NYK,617.0,,20,23,-3
199803110CHH,RS,NYK,637.0,,22,23,-1
199803110CHH,RS,NYK,677.0,LC,24,23,1
199803110CHH,RS,NYK,734.0,LC,24,25,-1
199803110CHH,RS,NYK,752.0,LC,26,25,1
199803110CHH,RS,NYK,823.0,LC,26,28,-2
199803110CHH,RS,NYK,839.0,LC,29,28,1
199803110CHH,RS,NYK,853.0,LC,29,30,-1
199803110CHH,RS,NYK,972.0,,29,32,-3
199803110CHH,RS,NYK,972.0,,29,33,-4
199803110CHH,RS,NYK,982.0,,31,33,-2
199803110CHH,RS,NYK,1008.0,,32,33,-1
199803110CHH,RS,NYK,1008.0,T,33,33,0
199803110CHH,RS,NYK,1091.0,LC,34,33,1
199803110CHH,RS,NYK,1110.0,LC,34,35,-1
199803110CHH,RS,NYK,1166.0,LC,36,35,1
199803110CHH,RS,NYK,1194.0,,39,35,4
199803110CHH,RS,NYK,1219.0,,39,37,2
199803110CHH,RS,NYK,1243.0,,41,37,4
199803110CHH,RS,NYK,1273.0,,44,37,7
199803110CHH,RS,NYK,1293.0,,44,38,6
199803110CHH,RS,NYK,1293.0,,44,39,5
199803110CHH,RS,NYK,1315.0,,44,41,3
199803110CHH,RS,NYK,1338.0,,45,41,4
199803110CHH,RS,NYK,1355.0,,45,43,2
199803110CHH,RS,NYK,1377.0,,46,43,3
199803110CHH,RS,NYK,1377.0,,47,43,4
199803110CHH,RS,NYK,1475.0,,49,43,6
199803110CHH,RS,NYK,1513.0,,49,45,4
199803110CHH,RS,NYK,1524.0,,51,45,6
199803110CHH,RS,NYK,1623.0,,53,45,8
199803110CHH,RS,NYK,1675.0,,53,46,7
199803110CHH,RS,NYK,1675.0,,53,47,6
199803110CHH,RS,NYK,1761.0,,55,47,8
199803110CHH,RS,NYK,1761.0,,56,47,9
199803110CHH,RS,NYK,1802.0,,57,47,10
199803110CHH,RS,NYK,1818.0,,57,49,8
199803110CHH,RS,NYK,1847.0,,60,49,11
199803110CHH,RS,NYK,1876.0,,60,51,9
199803110CHH,RS,NYK,1963.0,,60,52,8
199803110CHH,RS,NYK,1963.0,,60,53,7
199803110CHH,RS,NYK,1977.0,,60,55,5
199803110CHH,RS,NYK,2020.0,,60,57,3
199803110CHH,RS,NYK,2054.0,,60,59,1
199803110CHH,RS,NYK,2066.0,,62,59,3
199803110CHH,RS,NYK,2083.0,T,62,62,0
199803110CHH,RS,NYK,2103.0,,63,62,1
199803110CHH,RS,NYK,2103.0,,64,62,2
199803110CHH,RS,NYK,2291.0,T,64,64,0
199803110CHH,RS,NYK,2350.0,,66,64,2
199803110CHH,RS,NYK,2371.0,T,66,66,0
199803110CHH,RS,NYK,2394.0,,68,66,2
199803110CHH,RS,NYK,2394.0,,69,66,3
199803110CHH,RS,NYK,2446.0,,69,68,1
199803110CHH,RS,NYK,2460.0,,71,68,3
199803110CHH,RS,NYK,2460.0,,72,68,4
199803110CHH,RS,NYK,2494.0,,72,69,3
199803110CHH,RS,NYK,2494.0,,72,70,2
199803110CHH,RS,NYK,2549.0,T,72,72,0
199803110CHH,RS,NYK,2604.0,,73,72,1
199803110CHH,RS,NYK,2604.0,,74,72,2
199803110CHH,RS,NYK,2642.0,,76,72,4
199803110CHH,RS,NYK,2660.0,,76,74,2
199803110CHH,RS,NYK,2684.0,,79,74,5
199803110CHH,RS,NYK,2785.0,,81,74,7
199803110CHH,RS,NYK,2797.0,,81,75,6
199803110CHH,RS,NYK,2797.0,,81,76,5
199803110CHH,RS,NYK,2826.0,,81,77,4
199803110CHH,RS,NYK,2826.0,,81,78,3
199803110CHH,RS,NYK,2847.0,,82,78,4
199803110CHH,RS,NYK,2847.0,,83,78,5
199803110CHH,RS,NYK,2870.0,,84,78,6
199803110CHH,RS,NYK,2870.0,F,85,78,7
199803110CHH,RS,NYK,2878.0,,85,78,7
199803130ORL,RS,ORL,0.0,,0,0,0
199803130ORL,RS,ORL,19.0,,0,3,-3
199803130ORL,RS,ORL,36.0,,2,3,-1
199803130ORL,RS,ORL,54.0,,2,5,-3
199803130ORL,RS,ORL,54.0,,2,6,-4
199803130ORL,RS,ORL,96.0,,2,9,-7
199803130ORL,RS,ORL,120.0,,2,11,-9
199803130ORL,RS,ORL,151.0,,2,13,-11
199803130ORL,RS,ORL,165.0,,4,13,-9
199803130ORL,RS,ORL,252.0,,5,13,-8
199803130ORL,RS,ORL,252.0,,6,13,-7
199803130ORL,RS,ORL,310.0,,8,13,-5
199803130ORL,RS,ORL,334.0,,8,15,-7
199803130ORL,RS,ORL,395.0,,10,15,-5
199803130ORL,RS,ORL,445.0,,10,17,-7
199803130ORL,RS,ORL,470.0,,12,17,-5
199803130ORL,RS,ORL,512.0,,14,17,-3
199803130ORL,RS,ORL,537.0,,16,17,-1
199803130ORL,RS,ORL,537.0,T,17,17,0
199803130ORL,RS,ORL,552.0,,17,19,-2
199803130ORL,RS,ORL,563.0,T,19,19,0
199803130ORL,RS,ORL,600.0,,19,21,-2
199803130ORL,RS,ORL,679.0,,20,21,-1
199803130ORL,RS,ORL,679.0,T,21,21,0
199803130ORL,RS,ORL,740.0,LC,23,21,2
199803130ORL,RS,ORL,757.0,,25,21,4
199803130ORL,RS,ORL,784.0,,27,21,6
199803130ORL,RS,ORL,816.0,,27,23,4
199803130ORL,RS,ORL,851.0,,27,25,2
199803130ORL,RS,ORL,859.0,,29,25,4
199803130ORL,RS,ORL,881.0,,29,27,2
199803130ORL,RS,ORL,901.0,,31,27,4
199803130ORL,RS,ORL,910.0,,31,29,2
199803130ORL,RS,ORL,929.0,,33,29,4
199803130ORL,RS,ORL,946.0,,33,31,2
199803130ORL,RS,ORL,974.0,,35,31,4
199803130ORL,RS,ORL,1001.0,,35,33,2
199803130ORL,RS,ORL,1027.0,,37,33,4
199803130ORL,RS,ORL,1059.0,,39,33,6
199803130ORL,RS,ORL,1076.0,,40,33,7
199803130ORL,RS,ORL,1100.0,,42,33,9
199803130ORL,RS,ORL,1177.0,,44,33,11
199803130ORL,RS,ORL,1216.0,,44,35,9
199803130ORL,RS,ORL,1293.0,,46,35,11
199803130ORL,RS,ORL,1309.0,,46,37,9
199803130ORL,RS,ORL,1331.0,,48,37,11
199803130ORL,RS,ORL,1349.0,,48,39,9
199803130ORL,RS,ORL,1359.0,,50,39,11
199803130ORL,RS,ORL,1399.0,,50,41,9
199803130ORL,RS,ORL,1431.0,,50,44,6
199803130ORL,RS,ORL,1440.0,,52,44,8
199803130ORL,RS,ORL,1457.0,,54,44,10
199803130ORL,RS,ORL,1478.0,,54,46,8
199803130ORL,RS,ORL,1500.0,,56,46,10
199803130ORL,RS,ORL,1572.0,,56,47,9
199803130ORL,RS,ORL,1639.0,,56,48,8
199803130ORL,RS,ORL,1650.0,,56,49,7
199803130ORL,RS,ORL,1670.0,,58,49,9
199803130ORL,RS,ORL,1691.0,,59,49,10
199803130ORL,RS,ORL,1707.0,,59,51,8
199803130ORL,RS,ORL,1727.0,,61,51,10
199803130ORL,RS,ORL,1750.0,,61,53,8
199803130ORL,RS,ORL,1765.0,,63,53,10
199803130ORL,RS,ORL,1787.0,,63,54,9
199803130ORL,RS,ORL,1787.0,,63,55,8
199803130ORL,RS,ORL,1812.0,,65,55,10
199803130ORL,RS,ORL,1832.0,,65,57,8
199803130ORL,RS,ORL,1860.0,,67,57,10
199803130ORL,RS,ORL,1885.0,,67,59,8
199803130ORL,RS,ORL,1911.0,,67,61,6
199803130ORL,RS,ORL,1927.0,,69,61,8
199803130ORL,RS,ORL,1946.0,,69,62,7
199803130ORL,RS,ORL,1946.0,,69,63,6
199803130ORL,RS,ORL,1994.0,,69,66,3
199803130ORL,RS,ORL,2059.0,,72,66,6
199803130ORL,RS,ORL,2086.0,,74,66,8
199803130ORL,RS,ORL,2110.0,,74,67,7
199803130ORL,RS,ORL,2129.0,,76,67,9
199803130ORL,RS,ORL,2144.0,,76,69,7
199803130ORL,RS,ORL,2160.0,,78,69,9
199803130ORL,RS,ORL,2160.0,,79,69,10
199803130ORL,RS,ORL,2175.0,,81,69,12
199803130ORL,RS,ORL,2214.0,,83,69,14
199803130ORL,RS,ORL,2235.0,,84,69,15
199803130ORL,RS,ORL,2235.0,,85,69,16
199803130ORL,RS,ORL,2256.0,,87,69,18
199803130ORL,RS,ORL,2256.0,,88,69,19
199803130ORL,RS,ORL,2291.0,,88,71,17
199803130ORL,RS,ORL,2337.0,,90,71,19
199803130ORL,RS,ORL,2385.0,,90,73,17
199803130ORL,RS,ORL,2503.0,,90,74,16
199803130ORL,RS,ORL,2503.0,,90,75,15
199803130ORL,RS,ORL,2595.0,,92,75,17
199803130ORL,RS,ORL,2683.0,,92,77,15
199803130ORL,RS,ORL,2706.0,,94,77,17
199803130ORL,RS,ORL,2725.0,,94,78,16
199803130ORL,RS,ORL,2746.0,,96,78,18
199803130ORL,RS,ORL,2803.0,,98,78,20
199803130ORL,RS,ORL,2820.0,,98,80,18
199803130ORL,RS,ORL,2858.0,F,100,80,20
199803130ORL,RS,ORL,2878.0,,100,82,18
199803140CHH,RS,WAS,0.0,,0,0,0
199803140CHH,RS,WAS,24.0,,0,2,-2
199803140CHH,RS,WAS,59.0,,0,4,-4
199803140CHH,RS,WAS,119.0,,2,4,-2
199803140CHH,RS,WAS,143.0,,2,6,-4
199803140CHH,RS,WAS,166.0,,2,8,-6
199803140CHH,RS,WAS,206.0,,2,10,-8
199803140CHH,RS,WAS,223.0,,4,10,-6
199803140CHH,RS,WAS,247.0,,4,12,-8
199803140CHH,RS,WAS,326.0,,5,12,-7
199803140CHH,RS,WAS,344.0,,5,14,-9
199803140CHH,RS,WAS,364.0,,5,16,-11
199803140CHH,RS,WAS,393.0,,8,16,-8
199803140CHH,RS,WAS,431.0,,10,16,-6
199803140CHH,RS,WAS,478.0,,10,18,-8
199803140CHH,RS,WAS,497.0,,12,18,-6
199803140CHH,RS,WAS,521.0,,14,18,-4
199803140CHH,RS,WAS,534.0,,14,21,-7
199803140CHH,RS,WAS,569.0,,14,23,-9
199803140CHH,RS,WAS,610.0,,14,25,-11
199803140CHH,RS,WAS,633.0,,14,26,-12
199803140CHH,RS,WAS,633.0,,14,27,-13
199803140CHH,RS,WAS,639.0,,16,27,-11
199803140CHH,RS,WAS,663.0,,16,28,-12
199803140CHH,RS,WAS,682.0,,18,28,-10
199803140CHH,RS,WAS,777.0,,18,29,-11
199803140CHH,RS,WAS,777.0,,18,30,-12
199803140CHH,RS,WAS,806.0,,20,30,-10
199803140CHH,RS,WAS,826.0,,22,30,-8
199803140CHH,RS,WAS,852.0,,24,30,-6
199803140CHH,RS,WAS,902.0,,24,32,-8
199803140CHH,RS,WAS,918.0,,27,32,-5
199803140CHH,RS,WAS,955.0,,29,32,-3
199803140CHH,RS,WAS,998.0,,31,32,-1
199803140CHH,RS,WAS,1015.0,,31,34,-3
199803140CHH,RS,WAS,1051.0,,33,34,-1
199803140CHH,RS,WAS,1085.0,LC,35,34,1
199803140CHH,RS,WAS,1103.0,LC,35,36,-1
199803140CHH,RS,WAS,1154.0,LC,37,36,1
199803140CHH,RS,WAS,1202.0,T,37,37,0
199803140CHH,RS,WAS,1246.0,LC,37,39,-2
199803140CHH,RS,WAS,1277.0,,37,41,-4
199803140CHH,RS,WAS,1313.0,,39,41,-2
199803140CHH,RS,WAS,1380.0,T,41,41,0
199803140CHH,RS,WAS,1411.0,LC,43,41,2
199803140CHH,RS,WAS,1459.0,T,43,43,0
199803140CHH,RS,WAS,1496.0,LC,43,45,-2
199803140CHH,RS,WAS,1512.0,T,45,45,0
199803140CHH,RS,WAS,1573.0,,45,47,-2
199803140CHH,RS,WAS,1594.0,T,47,47,0
199803140CHH,RS,WAS,1702.0,,47,49,-2
199803140CHH,RS,WAS,1723.0,T,49,49,0
199803140CHH,RS,WAS,1723.0,LC,50,49,1
199803140CHH,RS,WAS,1740.0,LC,50,51,-1
199803140CHH,RS,WAS,1838.0,,50,53,-3
199803140CHH,RS,WAS,1874.0,,50,55,-5
199803140CHH,RS,WAS,1900.0,,52,55,-3
199803140CHH,RS,WAS,1923.0,,52,57,-5
199803140CHH,RS,WAS,2031.0,,52,59,-7
199803140CHH,RS,WAS,2053.0,,52,61,-9
199803140CHH,RS,WAS,2116.0,,53,61,-8
199803140CHH,RS,WAS,2116.0,,54,61,-7
199803140CHH,RS,WAS,2127.0,,54,63,-9
199803140CHH,RS,WAS,2159.0,,54,64,-10
199803140CHH,RS,WAS,2193.0,,54,66,-12
199803140CHH,RS,WAS,2211.0,,56,66,-10
199803140CHH,RS,WAS,2250.0,,58,66,-8
199803140CHH,RS,WAS,2250.0,,59,66,-7
199803140CHH,RS,WAS,2288.0,,59,67,-8
199803140CHH,RS,WAS,2312.0,,60,67,-7
199803140CHH,RS,WAS,2335.0,,60,69,-9
199803140CHH,RS,WAS,2364.0,,60,71,-11
199803140CHH,RS,WAS,2382.0,,62,71,-9
199803140CHH,RS,WAS,2412.0,,63,71,-8
199803140CHH,RS,WAS,2479.0,,63,72,-9
199803140CHH,RS,WAS,2495.0,,65,72,-7
199803140CHH,RS,WAS,2509.0,,66,72,-6
199803140CHH,RS,WAS,2544.0,,68,72,-4
199803140CHH,RS,WAS,2589.0,,69,72,-3
199803140CHH,RS,WAS,2603.0,,71,72,-1
199803140CHH,RS,WAS,2626.0,,71,73,-2
199803140CHH,RS,WAS,2665.0,T,73,73,0
199803140CHH,RS,WAS,2690.0,,73,74,-1
199803140CHH,RS,WAS,2690.0,,73,75,-2
199803140CHH,RS,WAS,2701.0,,74,75,-1
199803140CHH,RS,WAS,2701.0,T,75,75,0
199803140CHH,RS,WAS,2716.0,,75,77,-2
199803140CHH,RS,WAS,2735.0,T,77,77,0
199803140CHH,RS,WAS,2735.0,LC,78,77,1
199803140CHH,RS,WAS,2749.0,T,78,78,0
199803140CHH,RS,WAS,2749.0,LC,78,79,-1
199803140CHH,RS,WAS,2822.0,LC,80,79,1
199803140CHH,RS,WAS,2842.0,T,80,80,0
199803140CHH,RS,WAS,2867.0,LC,80,82,-2
199803140CHH,RS,WAS,2877.0,F,80,83,-3
199803140CHH,RS,WAS,2879.0,,80,83,-3
199803160CHH,RS,DEN,0.0,,0,0,0
199803160CHH,RS,DEN,52.0,,1,0,1
199803160CHH,RS,DEN,73.0,LC,1,2,-1
199803160CHH,RS,DEN,108.0,,1,5,-4
199803160CHH,RS,DEN,121.0,,3,5,-2
199803160CHH,RS,DEN,151.0,T,5,5,0
199803160CHH,RS,DEN,185.0,LC,7,5,2
199803160CHH,RS,DEN,213.0,,9,5,4
199803160CHH,RS,DEN,267.0,,11,5,6
199803160CHH,RS,DEN,291.0,,11,7,4
199803160CHH,RS,DEN,305.0,,12,7,5
199803160CHH,RS,DEN,326.0,,12,10,2
199803160CHH,RS,DEN,359.0,,14,10,4
199803160CHH,RS,DEN,413.0,,14,12,2
199803160CHH,RS,DEN,432.0,T,14,14,0
199803160CHH,RS,DEN,441.0,,16,14,2
199803160CHH,RS,DEN,492.0,,17,14,3
199803160CHH,RS,DEN,492.0,,18,14,4
199803160CHH,RS,DEN,506.0,,18,15,3
199803160CHH,RS,DEN,506.0,,18,16,2
199803160CHH,RS,DEN,521.0,T,18,18,0
199803160CHH,RS,DEN,545.0,LC,18,19,-1
199803160CHH,RS,DEN,545.0,,18,20,-2
199803160CHH,RS,DEN,555.0,T,20,20,0
199803160CHH,RS,DEN,604.0,,20,22,-2
199803160CHH,RS,DEN,620.0,T,22,22,0
199803160CHH,RS,DEN,656.0,,22,23,-1
199803160CHH,RS,DEN,682.0,T,23,23,0
199803160CHH,RS,DEN,682.0,LC,24,23,1
199803160CHH,RS,DEN,698.0,LC,24,25,-1
199803160CHH,RS,DEN,752.0,LC,26,25,1
199803160CHH,RS,DEN,878.0,,27,25,2
199803160CHH,RS,DEN,878.0,,28,25,3
199803160CHH,RS,DEN,948.0,T,28,28,0
199803160CHH,RS,DEN,968.0,,30,28,2
199803160CHH,RS,DEN,997.0,,32,28,4
199803160CHH,RS,DEN,1047.0,,32,30,2
199803160CHH,RS,DEN,1047.0,,32,31,1
199803160CHH,RS,DEN,1061.0,,34,31,3
199803160CHH,RS,DEN,1098.0,,36,31,5
199803160CHH,RS,DEN,1159.0,,37,31,6
199803160CHH,RS,DEN,1159.0,,38,31,7
199803160CHH,RS,DEN,1219.0,,38,32,6
199803160CHH,RS,DEN,1219.0,,38,33,5
199803160CHH,RS,DEN,1234.0,,41,33,8
199803160CHH,RS,DEN,1278.0,,41,35,6
199803160CHH,RS,DEN,1305.0,,43,35,8
199803160CHH,RS,DEN,1339.0,,45,35,10
199803160CHH,RS,DEN,1398.0,,45,37,8
199803160CHH,RS,DEN,1415.0,,46,37,9
199803160CHH,RS,DEN,1415.0,,47,37,10
199803160CHH,RS,DEN,1469.0,,48,37,11
199803160CHH,RS,DEN,1469.0,,49,37,12
199803160CHH,RS,DEN,1489.0,,49,39,10
199803160CHH,RS,DEN,1507.0,,50,39,11
199803160CHH,RS,DEN,1507.0,,51,39,12
199803160CHH,RS,DEN,1525.0,,52,39,13
199803160CHH,RS,DEN,1525.0,,53,39,14
199803160CHH,RS,DEN,1559.0,,55,39,16
199803160CHH,RS,DEN,1596.0,,57,39,18
199803160CHH,RS,DEN,1628.0,,59,39,20
199803160CHH,RS,DEN,1648.0,,59,40,19
199803160CHH,RS,DEN,1648.0,,59,41,18
199803160CHH,RS,DEN,1664.0,,59,43,16
199803160CHH,RS,DEN,1770.0,,61,43,18
199803160CHH,RS,DEN,1800.0,,62,43,19
199803160CHH,RS,DEN,1800.0,,63,43,20
199803160CHH,RS,DEN,1825.0,,65,43,22
199803160CHH,RS,DEN,1857.0,,67,43,24
199803160CHH,RS,DEN,1899.0,,67,45,22
199803160CHH,RS,DEN,1918.0,,67,47,20
199803160CHH,RS,DEN,1959.0,,68,47,21
199803160CHH,RS,DEN,1959.0,,69,47,22
199803160CHH,RS,DEN,1979.0,,69,49,20
199803160CHH,RS,DEN,1994.0,,69,50,19
199803160CHH,RS,DEN,1994.0,,69,51,18
199803160CHH,RS,DEN,2011.0,,69,53,16
199803160CHH,RS,DEN,2032.0,,71,53,18
199803160CHH,RS,DEN,2067.0,,71,55,16
199803160CHH,RS,DEN,2089.0,,72,55,17
199803160CHH,RS,DEN,2089.0,,73,55,18
199803160CHH,RS,DEN,2133.0,,75,55,20
199803160CHH,RS,DEN,2149.0,,75,56,19
199803160CHH,RS,DEN,2149.0,,75,57,18
199803160CHH,RS,DEN,2181.0,,77,57,20
199803160CHH,RS,DEN,2202.0,,77,59,18
199803160CHH,RS,DEN,2226.0,,79,59,20
199803160CHH,RS,DEN,2249.0,,79,60,19
199803160CHH,RS,DEN,2265.0,,81,60,21
199803160CHH,RS,DEN,2302.0,,83,60,23
199803160CHH,RS,DEN,2329.0,,83,62,21
199803160CHH,RS,DEN,2372.0,,85,62,23
199803160CHH,RS,DEN,2396.0,,87,62,25
199803160CHH,RS,DEN,2419.0,,87,64,23
199803160CHH,RS,DEN,2437.0,,89,64,25
199803160CHH,RS,DEN,2450.0,,89,66,23
199803160CHH,RS,DEN,2495.0,,89,67,22
199803160CHH,RS,DEN,2513.0,,89,69,20
199803160CHH,RS,DEN,2527.0,,91,69,22
199803160CHH,RS,DEN,2547.0,,93,69,24
199803160CHH,RS,DEN,2569.0,,93,71,22
199803160CHH,RS,DEN,2584.0,,95,71,24
199803160CHH,RS,DEN,2584.0,,96,71,25
199803160CHH,RS,DEN,2621.0,,96,73,23
199803160CHH,RS,DEN,2644.0,,96,74,22
199803160CHH,RS,DEN,2644.0,,96,75,21
199803160CHH,RS,DEN,2656.0,,99,75,24
199803160CHH,RS,DEN,2685.0,,101,75,26
199803160CHH,RS,DEN,2699.0,,101,76,25
199803160CHH,RS,DEN,2721.0,,101,78,23
199803160CHH,RS,DEN,2764.0,,101,80,21
199803160CHH,RS,DEN,2782.0,,104,80,24
199803160CHH,RS,DEN,2797.0,,104,82,22
199803160CHH,RS,DEN,2797.0,,104,83,21
199803160CHH,RS,DEN,2813.0,,107,83,24
199803160CHH,RS,DEN,2822.0,,107,85,22
199803160CHH,RS,DEN,2866.0,,107,87,20
199803160CHH,RS,DEN,2874.0,F,109,87,22
199803160CHH,RS,DEN,2880.0,,109,87,22
199803180CHH,RS,UTA,0.0,,0,0,0
199803180CHH,RS,UTA,13.0,,0,2,-2
199803180CHH,RS,UTA,56.0,T,2,2,0
199803180CHH,RS,UTA,70.0,,2,4,-2
199803180CHH,RS,UTA,70.0,,2,5,-3
199803180CHH,RS,UTA,82.0,,4,5,-1
199803180CHH,RS,UTA,105.0,,4,7,-3
199803180CHH,RS,UTA,119.0,,6,7,-1
199803180CHH,RS,UTA,217.0,LC,9,7,2
199803180CHH,RS,UTA,258.0,T,9,9,0
199803180CHH,RS,UTA,335.0,LC,9,11,-2
199803180CHH,RS,UTA,356.0,T,11,11,0
199803180CHH,RS,UTA,427.0,LC,13,11,2
199803180CHH,RS,UTA,460.0,,15,11,4
199803180CHH,RS,UTA,482.0,,17,11,6
199803180CHH,RS,UTA,500.0,,17,13,4
199803180CHH,RS,UTA,516.0,,19,13,6
199803180CHH,RS,UTA,534.0,,19,15,4
199803180CHH,RS,UTA,548.0,,21,15,6
199803180CHH,RS,UTA,574.0,,21,17,4
199803180CHH,RS,UTA,660.0,,21,19,2
199803180CHH,RS,UTA,683.0,,22,19,3
199803180CHH,RS,UTA,691.0,,22,21,1
199803180CHH,RS,UTA,737.0,,24,21,3
199803180CHH,RS,UTA,770.0,,24,23,1
199803180CHH,RS,UTA,841.0,,26,23,3
199803180CHH,RS,UTA,873.0,,28,23,5
199803180CHH,RS,UTA,887.0,,28,25,3
199803180CHH,RS,UTA,908.0,,30,25,5
199803180CHH,RS,UTA,953.0,,32,25,7
199803180CHH,RS,UTA,989.0,,33,25,8
199803180CHH,RS,UTA,989.0,,34,25,9
199803180CHH,RS,UTA,989.0,,35,25,10
199803180CHH,RS,UTA,998.0,,35,27,8
199803180CHH,RS,UTA,1017.0,,38,27,11
199803180CHH,RS,UTA,1033.0,,38,29,9
199803180CHH,RS,UTA,1055.0,,40,29,11
199803180CHH,RS,UTA,1083.0,,40,30,10
199803180CHH,RS,UTA,1123.0,,41,30,11
199803180CHH,RS,UTA,1123.0,,42,30,12
199803180CHH,RS,UTA,1143.0,,44,30,14
199803180CHH,RS,UTA,1167.0,,46,30,16
199803180CHH,RS,UTA,1207.0,,48,30,18
199803180CHH,RS,UTA,1287.0,,48,31,17
199803180CHH,RS,UTA,1335.0,,50,31,19
199803180CHH,RS,UTA,1388.0,,50,33,17
199803180CHH,RS,UTA,1399.0,,52,33,19
199803180CHH,RS,UTA,1404.0,,52,35,17
199803180CHH,RS,UTA,1429.0,,52,36,16
199803180CHH,RS,UTA,1429.0,,52,37,15
199803180CHH,RS,UTA,1453.0,,54,37,17
199803180CHH,RS,UTA,1467.0,,54,39,15
199803180CHH,RS,UTA,1467.0,,54,40,14
199803180CHH,RS,UTA,1478.0,,56,40,16
199803180CHH,RS,UTA,1493.0,,56,42,14
199803180CHH,RS,UTA,1548.0,,56,44,12
199803180CHH,RS,UTA,1568.0,,56,46,10
199803180CHH,RS,UTA,1589.0,,58,46,12
199803180CHH,RS,UTA,1621.0,,58,47,11
199803180CHH,RS,UTA,1621.0,,58,48,10
199803180CHH,RS,UTA,1636.0,,60,48,12
199803180CHH,RS,UTA,1667.0,,62,48,14
199803180CHH,RS,UTA,1700.0,,64,48,16
199803180CHH,RS,UTA,1715.0,,64,49,15
199803180CHH,RS,UTA,1715.0,,64,50,14
199803180CHH,RS,UTA,1773.0,,65,50,15
199803180CHH,RS,UTA,1773.0,,66,50,16
199803180CHH,RS,UTA,1787.0,,66,51,15
199803180CHH,RS,UTA,1787.0,,66,52,14
199803180CHH,RS,UTA,1800.0,,67,52,15
199803180CHH,RS,UTA,1822.0,,68,52,16
199803180CHH,RS,UTA,1847.0,,71,52,19
199803180CHH,RS,UTA,1929.0,,72,52,20
199803180CHH,RS,UTA,1949.0,,72,54,18
199803180CHH,RS,UTA,1965.0,,74,54,20
199803180CHH,RS,UTA,1979.0,,74,56,18
199803180CHH,RS,UTA,2033.0,,76,56,20
199803180CHH,RS,UTA,2062.0,,78,56,22
199803180CHH,RS,UTA,2081.0,,78,57,21
199803180CHH,RS,UTA,2081.0,,78,58,20
199803180CHH,RS,UTA,2093.0,,80,58,22
199803180CHH,RS,UTA,2115.0,,80,60,20
199803180CHH,RS,UTA,2130.0,,81,60,21
199803180CHH,RS,UTA,2130.0,,82,60,22
199803180CHH,RS,UTA,2142.0,,84,60,24
199803180CHH,RS,UTA,2160.0,,84,62,22
199803180CHH,RS,UTA,2198.0,,84,64,20
199803180CHH,RS,UTA,2217.0,,84,66,18
199803180CHH,RS,UTA,2222.0,,85,66,19
199803180CHH,RS,UTA,2233.0,,85,67,18
199803180CHH,RS,UTA,2251.0,,85,69,16
199803180CHH,RS,UTA,2262.0,,87,69,18
199803180CHH,RS,UTA,2304.0,,89,69,20
199803180CHH,RS,UTA,2349.0,,91,69,22
199803180CHH,RS,UTA,2372.0,,91,71,20
199803180CHH,RS,UTA,2438.0,,92,71,21
199803180CHH,RS,UTA,2473.0,,94,71,23
199803180CHH,RS,UTA,2483.0,,96,71,25
199803180CHH,RS,UTA,2525.0,,96,72,24
199803180CHH,RS,UTA,2575.0,,99,72,27
199803180CHH,RS,UTA,2598.0,,99,74,25
199803180CHH,RS,UTA,2630.0,,99,76,23
199803180CHH,RS,UTA,2641.0,,101,76,25
199803180CHH,RS,UTA,2660.0,,102,76,26
199803180CHH,RS,UTA,2660.0,,103,76,27
199803180CHH,RS,UTA,2696.0,,103,77,26
199803180CHH,RS,UTA,2710.0,,105,77,28
199803180CHH,RS,UTA,2727.0,,105,78,27
199803180CHH,RS,UTA,2742.0,,107,78,29
199803180CHH,RS,UTA,2759.0,,107,80,27
199803180CHH,RS,UTA,2794.0,,107,82,25
199803180CHH,RS,UTA,2807.0,,109,82,27
199803180CHH,RS,UTA,2829.0,,111,82,29
199803180CHH,RS,UTA,2841.0,F,111,83,28
199803180CHH,RS,UTA,2866.0,,111,85,26
199803200SAS,RS,SAS,0.0,,0,0,0
199803200SAS,RS,SAS,4.0,,2,0,2
199803200SAS,RS,SAS,17.0,T,2,2,0
199803200SAS,RS,SAS,38.0,,4,2,2
199803200SAS,RS,SAS,54.0,T,4,4,0
199803200SAS,RS,SAS,102.0,,6,4,2
199803200SAS,RS,SAS,118.0,LC,6,7,-1
199803200SAS,RS,SAS,153.0,LC,8,7,1
199803200SAS,RS,SAS,180.0,LC,8,9,-1
199803200SAS,RS,SAS,196.0,LC,10,9,1
199803200SAS,RS,SAS,205.0,LC,10,11,-1
199803200SAS,RS,SAS,235.0,,10,13,-3
199803200SAS,RS,SAS,271.0,,12,13,-1
199803200SAS,RS,SAS,308.0,,12,16,-4
199803200SAS,RS,SAS,377.0,,12,18,-6
199803200SAS,RS,SAS,437.0,,14,18,-4
199803200SAS,RS,SAS,437.0,,15,18,-3
199803200SAS,RS,SAS,451.0,,15,20,-5
199803200SAS,RS,SAS,467.0,,17,20,-3
199803200SAS,RS,SAS,521.0,,17,22,-5
199803200SAS,RS,SAS,536.0,,19,22,-3
199803200SAS,RS,SAS,567.0,,21,22,-1
199803200SAS,RS,SAS,595.0,T,22,22,0
199803200SAS,RS,SAS,595.0,LC,23,22,1
199803200SAS,RS,SAS,626.0,,24,22,2
199803200SAS,RS,SAS,643.0,T,24,24,0
199803200SAS,RS,SAS,657.0,,26,24,2
199803200SAS,RS,SAS,672.0,T,26,26,0
199803200SAS,RS,SAS,771.0,LC,26,28,-2
199803200SAS,RS,SAS,791.0,,27,28,-1
199803200SAS,RS,SAS,791.0,T,28,28,0
199803200SAS,RS,SAS,859.0,,28,30,-2
199803200SAS,RS,SAS,878.0,,29,30,-1
199803200SAS,RS,SAS,878.0,T,30,30,0
199803200SAS,RS,SAS,903.0,LC,32,30,2
199803200SAS,RS,SAS,943.0,,35,30,5
199803200SAS,RS,SAS,965.0,,35,31,4
199803200SAS,RS,SAS,980.0,,37,31,6
199803200SAS,RS,SAS,1029.0,,39,31,8
199803200SAS,RS,SAS,1052.0,,39,33,6
199803200SAS,RS,SAS,1115.0,,39,35,4
199803200SAS,RS,SAS,1159.0,,39,37,2
199803200SAS,RS,SAS,1172.0,,41,37,4
199803200SAS,RS,SAS,1240.0,,41,39,2
199803200SAS,RS,SAS,1261.0,,42,39,3
199803200SAS,RS,SAS,1261.0,,43,39,4
199803200SAS,RS,SAS,1302.0,,44,39,5
199803200SAS,RS,SAS,1355.0,,46,39,7
199803200SAS,RS,SAS,1377.0,,46,41,5
199803200SAS,RS,SAS,1396.0,,46,42,4
199803200SAS,RS,SAS,1396.0,,46,43,3
199803200SAS,RS,SAS,1405.0,,47,43,4
199803200SAS,RS,SAS,1405.0,,48,43,5
199803200SAS,RS,SAS,1439.0,,51,43,8
199803200SAS,RS,SAS,1473.0,,52,43,9
199803200SAS,RS,SAS,1535.0,,52,45,7
199803200SAS,RS,SAS,1553.0,,54,45,9
199803200SAS,RS,SAS,1581.0,,54,47,7
199803200SAS,RS,SAS,1590.0,,55,47,8
199803200SAS,RS,SAS,1590.0,,56,47,9
199803200SAS,RS,SAS,1604.0,,58,47,11
199803200SAS,RS,SAS,1623.0,,58,49,9
199803200SAS,RS,SAS,1677.0,,60,49,11
199803200SAS,RS,SAS,1702.0,,62,49,13
199803200SAS,RS,SAS,1745.0,,64,49,15
199803200SAS,RS,SAS,1770.0,,64,51,13
199803200SAS,RS,SAS,1790.0,,66,51,15
199803200SAS,RS,SAS,1819.0,,68,51,17
199803200SAS,RS,SAS,1867.0,,68,53,15
199803200SAS,RS,SAS,1887.0,,70,53,17
199803200SAS,RS,SAS,1904.0,,70,56,14
199803200SAS,RS,SAS,1947.0,,70,58,12
199803200SAS,RS,SAS,1966.0,,72,58,14
199803200SAS,RS,SAS,2047.0,,72,60,12
199803200SAS,RS,SAS,2104.0,,74,60,14
199803200SAS,RS,SAS,2121.0,,74,62,12
199803200SAS,RS,SAS,2159.0,,74,64,10
199803200SAS,RS,SAS,2213.0,,74,66,8
199803200SAS,RS,SAS,2233.0,,75,66,9
199803200SAS,RS,SAS,2309.0,,76,66,10
199803200SAS,RS,SAS,2309.0,,77,66,11
199803200SAS,RS,SAS,2316.0,,77,68,9
199803200SAS,RS,SAS,2354.0,,77,69,8
199803200SAS,RS,SAS,2354.0,,77,70,7
199803200SAS,RS,SAS,2415.0,,79,70,9
199803200SAS,RS,SAS,2449.0,,79,71,8
199803200SAS,RS,SAS,2449.0,,79,72,7
199803200SAS,RS,SAS,2466.0,,81,72,9
199803200SAS,RS,SAS,2549.0,,81,75,6
199803200SAS,RS,SAS,2608.0,,83,75,8
199803200SAS,RS,SAS,2628.0,,83,76,7
199803200SAS,RS,SAS,2659.0,,85,76,9
199803200SAS,RS,SAS,2677.0,,85,78,7
199803200SAS,RS,SAS,2717.0,,88,78,10
199803200SAS,RS,SAS,2732.0,,88,80,8
199803200SAS,RS,SAS,2832.0,,89,80,9
199803200SAS,RS,SAS,2832.0,,90,80,10
199803200SAS,RS,SAS,2840.0,,90,82,8
199803200SAS,RS,SAS,2842.0,,91,82,9
199803200SAS,RS,SAS,2842.0,F,92,82,10
199803200SAS,RS,SAS,2878.0,,92,82,10
199803240TOR,RS,TOR,0.0,,0,0,0
199803240TOR,RS,TOR,24.0,,0,2,-2
199803240TOR,RS,TOR,45.0,T,2,2,0
199803240TOR,RS,TOR,64.0,LC,4,2,2
199803240TOR,RS,TOR,81.0,T,4,4,0
199803240TOR,RS,TOR,95.0,,6,4,2
199803240TOR,RS,TOR,123.0,,8,4,4
199803240TOR,RS,TOR,150.0,,10,4,6
199803240TOR,RS,TOR,171.0,,10,6,4
199803240TOR,RS,TOR,184.0,,12,6,6
199803240TOR,RS,TOR,215.0,,12,8,4
199803240TOR,RS,TOR,224.0,,14,8,6
199803240TOR,RS,TOR,247.0,,14,10,4
199803240TOR,RS,TOR,261.0,,16,10,6
199803240TOR,RS,TOR,283.0,,16,12,4
199803240TOR,RS,TOR,337.0,,18,12,6
199803240TOR,RS,TOR,396.0,,20,12,8
199803240TOR,RS,TOR,425.0,,20,13,7
199803240TOR,RS,TOR,425.0,,20,14,6
199803240TOR,RS,TOR,440.0,,22,14,8
199803240TOR,RS,TOR,461.0,,22,16,6
199803240TOR,RS,TOR,485.0,,23,16,7
199803240TOR,RS,TOR,516.0,,25,16,9
199803240TOR,RS,TOR,531.0,,25,18,7
199803240TOR,RS,TOR,541.0,,26,18,8
199803240TOR,RS,TOR,541.0,,27,18,9
199803240TOR,RS,TOR,668.0,,27,20,7
199803240TOR,RS,TOR,682.0,,29,20,9
199803240TOR,RS,TOR,718.0,,31,20,11
199803240TOR,RS,TOR,740.0,,33,20,13
199803240TOR,RS,TOR,771.0,,35,20,15
199803240TOR,RS,TOR,829.0,,35,22,13
199803240TOR,RS,TOR,919.0,,35,24,11
199803240TOR,RS,TOR,948.0,,37,24,13
199803240TOR,RS,TOR,963.0,,37,27,10
199803240TOR,RS,TOR,981.0,,39,27,12
199803240TOR,RS,TOR,1022.0,,39,28,11
199803240TOR,RS,TOR,1022.0,,39,29,10
199803240TOR,RS,TOR,1042.0,,39,31,8
199803240TOR,RS,TOR,1063.0,,39,33,6
199803240TOR,RS,TOR,1093.0,,39,35,4
199803240TOR,RS,TOR,1142.0,,41,35,6
199803240TOR,RS,TOR,1267.0,,43,35,8
199803240TOR,RS,TOR,1306.0,,46,35,11
199803240TOR,RS,TOR,1319.0,,46,37,9
199803240TOR,RS,TOR,1334.0,,49,37,12
199803240TOR,RS,TOR,1360.0,,49,39,10
199803240TOR,RS,TOR,1375.0,,52,39,13
199803240TOR,RS,TOR,1386.0,,52,40,12
199803240TOR,RS,TOR,1386.0,,52,41,11
199803240TOR,RS,TOR,1420.0,,53,41,12
199803240TOR,RS,TOR,1420.0,,54,41,13
199803240TOR,RS,TOR,1440.0,,54,42,12
199803240TOR,RS,TOR,1440.0,,54,43,11
199803240TOR,RS,TOR,1440.0,,54,44,10
199803240TOR,RS,TOR,1457.0,,54,46,8
199803240TOR,RS,TOR,1556.0,,55,46,9
199803240TOR,RS,TOR,1684.0,,58,46,12
199803240TOR,RS,TOR,1727.0,,58,48,10
199803240TOR,RS,TOR,1755.0,,59,48,11
199803240TOR,RS,TOR,1755.0,,60,48,12
199803240TOR,RS,TOR,1774.0,,60,49,11
199803240TOR,RS,TOR,1774.0,,60,50,10
199803240TOR,RS,TOR,1793.0,,62,50,12
199803240TOR,RS,TOR,1836.0,,64,50,14
199803240TOR,RS,TOR,1858.0,,64,52,12
199803240TOR,RS,TOR,1891.0,,66,52,14
199803240TOR,RS,TOR,1912.0,,66,53,13
199803240TOR,RS,TOR,1912.0,,66,54,12
199803240TOR,RS,TOR,1912.0,,66,55,11
199803240TOR,RS,TOR,1933.0,,69,55,14
199803240TOR,RS,TOR,1956.0,,71,55,16
199803240TOR,RS,TOR,1956.0,,72,55,17
199803240TOR,RS,TOR,1972.0,,72,57,15
199803240TOR,RS,TOR,1979.0,,74,57,17
199803240TOR,RS,TOR,2019.0,,75,57,18
199803240TOR,RS,TOR,2019.0,,76,57,19
199803240TOR,RS,TOR,2031.0,,76,59,17
199803240TOR,RS,TOR,2075.0,,79,59,20
199803240TOR,RS,TOR,2094.0,,79,61,18
199803240TOR,RS,TOR,2136.0,,81,61,20
199803240TOR,RS,TOR,2160.0,,81,63,18
199803240TOR,RS,TOR,2233.0,,83,63,20
199803240TOR,RS,TOR,2233.0,,84,63,21
199803240TOR,RS,TOR,2250.0,,84,65,19
199803240TOR,RS,TOR,2264.0,,85,65,20
199803240TOR,RS,TOR,2280.0,,85,67,18
199803240TOR,RS,TOR,2294.0,,87,67,20
199803240TOR,RS,TOR,2314.0,,87,68,19
199803240TOR,RS,TOR,2328.0,,90,68,22
199803240TOR,RS,TOR,2346.0,,90,70,20
199803240TOR,RS,TOR,2383.0,,90,72,18
199803240TOR,RS,TOR,2411.0,,90,74,16
199803240TOR,RS,TOR,2467.0,,92,74,18
199803240TOR,RS,TOR,2487.0,,92,75,17
199803240TOR,RS,TOR,2487.0,,92,76,16
199803240TOR,RS,TOR,2514.0,,92,78,14
199803240TOR,RS,TOR,2560.0,,93,78,15
199803240TOR,RS,TOR,2560.0,,94,78,16
199803240TOR,RS,TOR,2582.0,,96,78,18
199803240TOR,RS,TOR,2607.0,,96,79,17
199803240TOR,RS,TOR,2607.0,,96,80,16
199803240TOR,RS,TOR,2629.0,,96,82,14
199803240TOR,RS,TOR,2690.0,,98,82,16
199803240TOR,RS,TOR,2690.0,,99,82,17
199803240TOR,RS,TOR,2790.0,,101,82,19
199803240TOR,RS,TOR,2806.0,,101,85,16
199803240TOR,RS,TOR,2815.0,,104,85,19
199803240TOR,RS,TOR,2834.0,,104,87,17
199803240TOR,RS,TOR,2855.0,,104,89,15
199803240TOR,RS,TOR,2865.0,F,106,89,17
199803240TOR,RS,TOR,2880.0,,106,89,17
199803260CHH,RS,MIL,0.0,,0,0,0
199803260CHH,RS,MIL,18.0,,2,0,2
199803260CHH,RS,MIL,44.0,T,2,2,0
199803260CHH,RS,MIL,89.0,,5,2,3
199803260CHH,RS,MIL,149.0,,5,4,1
199803260CHH,RS,MIL,186.0,LC,5,7,-2
199803260CHH,RS,MIL,203.0,T,7,7,0
199803260CHH,RS,MIL,247.0,,7,8,-1
199803260CHH,RS,MIL,247.0,,7,9,-2
199803260CHH,RS,MIL,265.0,T,9,9,0
199803260CHH,RS,MIL,309.0,LC,12,9,3
199803260CHH,RS,MIL,330.0,,13,9,4
199803260CHH,RS,MIL,372.0,,13,11,2
199803260CHH,RS,MIL,397.0,T,13,13,0
199803260CHH,RS,MIL,424.0,,15,13,2
199803260CHH,RS,MIL,446.0,T,15,15,0
199803260CHH,RS,MIL,545.0,LC,15,17,-2
199803260CHH,RS,MIL,563.0,T,17,17,0
199803260CHH,RS,MIL,584.0,LC,18,17,1
199803260CHH,RS,MIL,608.0,,20,17,3
199803260CHH,RS,MIL,629.0,,20,19,1
199803260CHH,RS,MIL,662.0,LC,20,21,-1
199803260CHH,RS,MIL,697.0,,20,23,-3
199803260CHH,RS,MIL,716.0,,21,23,-2
199803260CHH,RS,MIL,716.0,,22,23,-1
199803260CHH,RS,MIL,759.0,LC,24,23,1
199803260CHH,RS,MIL,787.0,,26,23,3
199803260CHH,RS,MIL,804.0,,26,25,1
199803260CHH,RS,MIL,847.0,,27,25,2
199803260CHH,RS,MIL,911.0,T,27,27,0
199803260CHH,RS,MIL,933.0,,29,27,2
199803260CHH,RS,MIL,985.0,,30,27,3
199803260CHH,RS,MIL,985.0,,31,27,4
199803260CHH,RS,MIL,997.0,,31,29,2
199803260CHH,RS,MIL,1027.0,T,31,31,0
199803260CHH,RS,MIL,1027.0,LC,31,32,-1
199803260CHH,RS,MIL,1083.0,T,32,32,0
199803260CHH,RS,MIL,1083.0,LC,33,32,1
199803260CHH,RS,MIL,1117.0,,35,32,3
199803260CHH,RS,MIL,1159.0,,37,32,5
199803260CHH,RS,MIL,1184.0,,37,34,3
199803260CHH,RS,MIL,1216.0,,39,34,5
199803260CHH,RS,MIL,1228.0,,39,36,3
199803260CHH,RS,MIL,1271.0,,41,36,5
199803260CHH,RS,MIL,1295.0,,44,36,8
199803260CHH,RS,MIL,1322.0,,46,36,10
199803260CHH,RS,MIL,1352.0,,46,38,8
199803260CHH,RS,MIL,1374.0,,48,38,10
199803260CHH,RS,MIL,1400.0,,48,40,8
199803260CHH,RS,MIL,1416.0,,48,41,7
199803260CHH,RS,MIL,1416.0,,48,42,6
199803260CHH,RS,MIL,1440.0,,48,44,4
199803260CHH,RS,MIL,1455.0,,48,45,3
199803260CHH,RS,MIL,1473.0,,48,47,1
199803260CHH,RS,MIL,1633.0,,50,47,3
199803260CHH,RS,MIL,1680.0,,52,47,5
199803260CHH,RS,MIL,1699.0,,52,49,3
199803260CHH,RS,MIL,1725.0,,52,50,2
199803260CHH,RS,MIL,1819.0,T,52,52,0
199803260CHH,RS,MIL,1864.0,LC,52,54,-2
199803260CHH,RS,MIL,1905.0,T,54,54,0
199803260CHH,RS,MIL,1942.0,LC,56,54,2
199803260CHH,RS,MIL,1963.0,T,56,56,0
199803260CHH,RS,MIL,2024.0,LC,56,58,-2
199803260CHH,RS,MIL,2036.0,,56,60,-4
199803260CHH,RS,MIL,2058.0,,57,60,-3
199803260CHH,RS,MIL,2082.0,,57,61,-4
199803260CHH,RS,MIL,2082.0,,57,62,-5
199803260CHH,RS,MIL,2100.0,,59,62,-3
199803260CHH,RS,MIL,2129.0,,61,62,-1
199803260CHH,RS,MIL,2145.0,,61,64,-3
199803260CHH,RS,MIL,2156.0,,63,64,-1
199803260CHH,RS,MIL,2160.0,,63,66,-3
199803260CHH,RS,MIL,2215.0,,65,66,-1
199803260CHH,RS,MIL,2251.0,LC,68,66,2
199803260CHH,RS,MIL,2272.0,,71,66,5
199803260CHH,RS,MIL,2338.0,,73,66,7
199803260CHH,RS,MIL,2368.0,,75,66,9
199803260CHH,RS,MIL,2390.0,,75,68,7
199803260CHH,RS,MIL,2408.0,,77,68,9
199803260CHH,RS,MIL,2491.0,,77,69,8
199803260CHH,RS,MIL,2518.0,,77,72,5
199803260CHH,RS,MIL,2555.0,,77,73,4
199803260CHH,RS,MIL,2580.0,,79,73,6
199803260CHH,RS,MIL,2625.0,,82,73,9
199803260CHH,RS,MIL,2642.0,,82,75,7
199803260CHH,RS,MIL,2660.0,,84,75,9
199803260CHH,RS,MIL,2660.0,,85,75,10
199803260CHH,RS,MIL,2684.0,,85,78,7
199803260CHH,RS,MIL,2698.0,,87,78,9
199803260CHH,RS,MIL,2760.0,,87,80,7
199803260CHH,RS,MIL,2780.0,,89,80,9
199803260CHH,RS,MIL,2815.0,,91,80,11
199803260CHH,RS,MIL,2841.0,,92,80,12
199803260CHH,RS,MIL,2871.0,F,94,80,14
199803260CHH,RS,MIL,2878.0,,94,80,14
199803270IND,RS,IND,0.0,,0,0,0
199803270IND,RS,IND,25.0,,0,3,-3
199803270IND,RS,IND,25.0,,0,4,-4
199803270IND,RS,IND,37.0,,2,4,-2
199803270IND,RS,IND,49.0,,2,7,-5
199803270IND,RS,IND,73.0,,2,9,-7
199803270IND,RS,IND,89.0,,4,9,-5
199803270IND,RS,IND,125.0,,6,9,-3
199803270IND,RS,IND,133.0,,6,11,-5
199803270IND,RS,IND,164.0,,8,11,-3
199803270IND,RS,IND,194.0,,8,13,-5
199803270IND,RS,IND,221.0,,8,15,-7
199803270IND,RS,IND,251.0,,8,17,-9
199803270IND,RS,IND,300.0,,8,20,-12
199803270IND,RS,IND,313.0,,11,20,-9
199803270IND,RS,IND,349.0,,11,22,-11
199803270IND,RS,IND,401.0,,11,24,-13
199803270IND,RS,IND,422.0,,13,24,-11
199803270IND,RS,IND,438.0,,13,26,-13
199803270IND,RS,IND,471.0,,13,28,-15
199803270IND,RS,IND,484.0,,15,28,-13
199803270IND,RS,IND,536.0,,15,31,-16
199803270IND,RS,IND,563.0,,18,31,-13
199803270IND,RS,IND,589.0,,20,31,-11
199803270IND,RS,IND,610.0,,20,34,-14
199803270IND,RS,IND,672.0,,20,36,-16
199803270IND,RS,IND,683.0,,22,36,-14
199803270IND,RS,IND,762.0,,22,38,-16
199803270IND,RS,IND,782.0,,24,38,-14
199803270IND,RS,IND,804.0,,24,41,-17
199803270IND,RS,IND,849.0,,24,43,-19
199803270IND,RS,IND,867.0,,26,43,-17
199803270IND,RS,IND,888.0,,26,45,-19
199803270IND,RS,IND,934.0,,26,47,-21
199803270IND,RS,IND,975.0,,28,47,-19
199803270IND,RS,IND,1003.0,,28,49,-21
199803270IND,RS,IND,1003.0,,28,50,-22
199803270IND,RS,IND,1017.0,,28,51,-23
199803270IND,RS,IND,1039.0,,30,51,-21
199803270IND,RS,IND,1056.0,,30,53,-23
199803270IND,RS,IND,1056.0,,30,54,-24
199803270IND,RS,IND,1067.0,,30,55,-25
199803270IND,RS,IND,1067.0,,30,56,-26
199803270IND,RS,IND,1078.0,,31,56,-25
199803270IND,RS,IND,1078.0,,32,56,-24
199803270IND,RS,IND,1096.0,,32,58,-26
199803270IND,RS,IND,1136.0,,33,58,-25
199803270IND,RS,IND,1158.0,,33,59,-26
199803270IND,RS,IND,1158.0,,33,60,-27
199803270IND,RS,IND,1178.0,,34,60,-26
199803270IND,RS,IND,1196.0,,34,62,-28
199803270IND,RS,IND,1244.0,,34,64,-30
199803270IND,RS,IND,1273.0,,34,66,-32
199803270IND,RS,IND,1330.0,,35,66,-31
199803270IND,RS,IND,1330.0,,36,66,-30
199803270IND,RS,IND,1349.0,,37,66,-29
199803270IND,RS,IND,1349.0,,38,66,-28
199803270IND,RS,IND,1382.0,,38,68,-30
199803270IND,RS,IND,1393.0,,40,68,-28
199803270IND,RS,IND,1393.0,,41,68,-27
199803270IND,RS,IND,1408.0,,41,70,-29
199803270IND,RS,IND,1422.0,,43,70,-27
199803270IND,RS,IND,1438.0,,43,72,-29
199803270IND,RS,IND,1492.0,,45,72,-27
199803270IND,RS,IND,1507.0,,45,74,-29
199803270IND,RS,IND,1515.0,,46,74,-28
199803270IND,RS,IND,1549.0,,46,76,-30
199803270IND,RS,IND,1569.0,,48,76,-28
199803270IND,RS,IND,1595.0,,49,76,-27
199803270IND,RS,IND,1603.0,,49,78,-29
199803270IND,RS,IND,1620.0,,51,78,-27
199803270IND,RS,IND,1620.0,,52,78,-26
199803270IND,RS,IND,1634.0,,52,80,-28
199803270IND,RS,IND,1652.0,,53,80,-27
199803270IND,RS,IND,1665.0,,53,82,-29
199803270IND,RS,IND,1694.0,,53,85,-32
199803270IND,RS,IND,1709.0,,54,85,-31
199803270IND,RS,IND,1709.0,,55,85,-30
199803270IND,RS,IND,1717.0,,55,87,-32
199803270IND,RS,IND,1749.0,,56,87,-31
199803270IND,RS,IND,1768.0,,56,90,-34
199803270IND,RS,IND,1789.0,,57,90,-33
199803270IND,RS,IND,1794.0,,59,90,-31
199803270IND,RS,IND,1810.0,,60,90,-30
199803270IND,RS,IND,1810.0,,61,90,-29
199803270IND,RS,IND,1824.0,,63,90,-27
199803270IND,RS,IND,1839.0,,63,93,-30
199803270IND,RS,IND,1871.0,,63,95,-32
199803270IND,RS,IND,1887.0,,64,95,-31
199803270IND,RS,IND,1887.0,,65,95,-30
199803270IND,RS,IND,1971.0,,65,97,-32
199803270IND,RS,IND,1991.0,,66,97,-31
199803270IND,RS,IND,1991.0,,67,97,-30
199803270IND,RS,IND,2023.0,,68,97,-29
199803270IND,RS,IND,2044.0,,68,99,-31
199803270IND,RS,IND,2067.0,,69,99,-30
199803270IND,RS,IND,2067.0,,70,99,-29
199803270IND,RS,IND,2121.0,,72,99,-27
199803270IND,RS,IND,2159.0,,73,99,-26
199803270IND,RS,IND,2159.0,,74,99,-25
199803270IND,RS,IND,2178.0,,74,100,-26
199803270IND,RS,IND,2178.0,,74,101,-27
199803270IND,RS,IND,2211.0,,74,103,-29
199803270IND,RS,IND,2234.0,,76,103,-27
199803270IND,RS,IND,2285.0,,78,103,-25
199803270IND,RS,IND,2301.0,,79,103,-24
199803270IND,RS,IND,2301.0,,80,103,-23
199803270IND,RS,IND,2325.0,,80,105,-25
199803270IND,RS,IND,2355.0,,80,107,-27
199803270IND,RS,IND,2395.0,,80,109,-29
199803270IND,RS,IND,2426.0,,80,110,-30
199803270IND,RS,IND,2426.0,,80,111,-31
199803270IND,RS,IND,2450.0,,82,111,-29
199803270IND,RS,IND,2470.0,,82,112,-30
199803270IND,RS,IND,2470.0,,82,113,-31
199803270IND,RS,IND,2494.0,,84,113,-29
199803270IND,RS,IND,2519.0,,84,116,-32
199803270IND,RS,IND,2583.0,,84,118,-34
199803270IND,RS,IND,2627.0,,84,119,-35
199803270IND,RS,IND,2627.0,,84,120,-36
199803270IND,RS,IND,2643.0,,84,122,-38
199803270IND,RS,IND,2689.0,,86,122,-36
199803270IND,RS,IND,2709.0,,86,124,-38
199803270IND,RS,IND,2729.0,,86,125,-39
199803270IND,RS,IND,2729.0,,86,126,-40
199803270IND,RS,IND,2746.0,,88,126,-38
199803270IND,RS,IND,2771.0,,88,128,-40
199803270IND,RS,IND,2782.0,,90,128,-38
199803270IND,RS,IND,2782.0,,91,128,-37
199803270IND,RS,IND,2796.0,,91,131,-40
199803270IND,RS,IND,2811.0,,94,131,-37
199803270IND,RS,IND,2846.0,F,94,133,-39
199803270IND,RS,IND,2858.0,,96,133,-37
199803290CLE,RS,CLE,0.0,,0,0,0
199803290CLE,RS,CLE,135.0,,0,1,-1
199803290CLE,RS,CLE,150.0,LC,2,1,1
199803290CLE,RS,CLE,175.0,LC,2,3,-1
199803290CLE,RS,CLE,201.0,,2,5,-3
199803290CLE,RS,CLE,231.0,,2,8,-6
199803290CLE,RS,CLE,255.0,,4,8,-4
199803290CLE,RS,CLE,276.0,,4,10,-6
199803290CLE,RS,CLE,297.0,,7,10,-3
199803290CLE,RS,CLE,327.0,,7,12,-5
199803290CLE,RS,CLE,368.0,,9,12,-3
199803290CLE,RS,CLE,439.0,,9,14,-5
199803290CLE,RS,CLE,510.0,,11,14,-3
199803290CLE,RS,CLE,554.0,,11,16,-5
199803290CLE,RS,CLE,612.0,,11,18,-7
199803290CLE,RS,CLE,617.0,,13,18,-5
199803290CLE,RS,CLE,740.0,,13,20,-7
199803290CLE,RS,CLE,749.0,,15,20,-5
199803290CLE,RS,CLE,780.0,,15,22,-7
199803290CLE,RS,CLE,780.0,,15,23,-8
199803290CLE,RS,CLE,803.0,,15,25,-10
199803290CLE,RS,CLE,818.0,,17,25,-8
199803290CLE,RS,CLE,839.0,,17,27,-10
199803290CLE,RS,CLE,865.0,,17,28,-11
199803290CLE,RS,CLE,865.0,,17,29,-12
199803290CLE,RS,CLE,874.0,,17,31,-14
199803290CLE,RS,CLE,1029.0,,18,31,-13
199803290CLE,RS,CLE,1029.0,,19,31,-12
199803290CLE,RS,CLE,1087.0,,19,33,-14
199803290CLE,RS,CLE,1104.0,,21,33,-12
199803290CLE,RS,CLE,1116.0,,21,34,-13
199803290CLE,RS,CLE,1116.0,,21,35,-14
199803290CLE,RS,CLE,1142.0,,21,37,-16
199803290CLE,RS,CLE,1181.0,,21,39,-18
199803290CLE,RS,CLE,1207.0,,23,39,-16
199803290CLE,RS,CLE,1226.0,,23,41,-18
199803290CLE,RS,CLE,1237.0,,25,41,-16
199803290CLE,RS,CLE,1256.0,,25,43,-18
199803290CLE,RS,CLE,1288.0,,26,43,-17
199803290CLE,RS,CLE,1302.0,,26,45,-19
199803290CLE,RS,CLE,1339.0,,26,46,-20
199803290CLE,RS,CLE,1339.0,,26,47,-21
199803290CLE,RS,CLE,1371.0,,26,49,-23
199803290CLE,RS,CLE,1387.0,,28,49,-21
199803290CLE,RS,CLE,1406.0,,28,51,-23
199803290CLE,RS,CLE,1406.0,,28,52,-24
199803290CLE,RS,CLE,1473.0,,30,52,-22
199803290CLE,RS,CLE,1520.0,,30,54,-24
199803290CLE,RS,CLE,1544.0,,30,56,-26
199803290CLE,RS,CLE,1620.0,,32,56,-24
199803290CLE,RS,CLE,1640.0,,32,58,-26
199803290CLE,RS,CLE,1665.0,,34,58,-24
199803290CLE,RS,CLE,1680.0,,34,60,-26
199803290CLE,RS,CLE,1706.0,,36,60,-24
199803290CLE,RS,CLE,1723.0,,36,62,-26
199803290CLE,RS,CLE,1736.0,,38,62,-24
199803290CLE,RS,CLE,1763.0,,38,63,-25
199803290CLE,RS,CLE,1763.0,,38,64,-26
199803290CLE,RS,CLE,1794.0,,41,64,-23
199803290CLE,RS,CLE,1821.0,,41,66,-25
199803290CLE,RS,CLE,1845.0,,43,66,-23
199803290CLE,RS,CLE,1845.0,,44,66,-22
199803290CLE,RS,CLE,1862.0,,44,67,-23
199803290CLE,RS,CLE,1862.0,,44,68,-24
199803290CLE,RS,CLE,1872.0,,44,70,-26
199803290CLE,RS,CLE,1886.0,,46,70,-24
199803290CLE,RS,CLE,1915.0,,46,72,-26
199803290CLE,RS,CLE,1929.0,,49,72,-23
199803290CLE,RS,CLE,1952.0,,49,74,-25
199803290CLE,RS,CLE,1974.0,,51,74,-23
199803290CLE,RS,CLE,1997.0,,51,75,-24
199803290CLE,RS,CLE,1997.0,,51,76,-25
199803290CLE,RS,CLE,2010.0,,53,76,-23
199803290CLE,RS,CLE,2038.0,,54,76,-22
199803290CLE,RS,CLE,2038.0,,55,76,-21
199803290CLE,RS,CLE,2061.0,,55,79,-24
199803290CLE,RS,CLE,2113.0,,57,79,-22
199803290CLE,RS,CLE,2126.0,,57,81,-24
199803290CLE,RS,CLE,2181.0,,59,81,-22
199803290CLE,RS,CLE,2202.0,,59,83,-24
199803290CLE,RS,CLE,2282.0,,59,84,-25
199803290CLE,RS,CLE,2374.0,,61,84,-23
199803290CLE,RS,CLE,2400.0,,63,84,-21
199803290CLE,RS,CLE,2461.0,,63,86,-23
199803290CLE,RS,CLE,2535.0,,65,86,-21
199803290CLE,RS,CLE,2598.0,,67,86,-19
199803290CLE,RS,CLE,2626.0,,68,86,-18
199803290CLE,RS,CLE,2626.0,,69,86,-17
199803290CLE,RS,CLE,2643.0,,69,88,-19
199803290CLE,RS,CLE,2665.0,,71,88,-17
199803290CLE,RS,CLE,2685.0,,71,90,-19
199803290CLE,RS,CLE,2702.0,,73,90,-17
199803290CLE,RS,CLE,2716.0,,73,92,-19
199803290CLE,RS,CLE,2716.0,,73,93,-20
199803290CLE,RS,CLE,2756.0,,76,93,-17
199803290CLE,RS,CLE,2810.0,,76,95,-19
199803290CLE,RS,CLE,2816.0,,77,95,-18
199803290CLE,RS,CLE,2835.0,,77,97,-20
199803290CLE,RS,CLE,2857.0,F,79,97,-18
199803290CLE,RS,CLE,2873.0,,82,97,-15
199803310CHH,RS,PHI,0.0,,0,0,0
199803310CHH,RS,PHI,14.0,,2,0,2
199803310CHH,RS,PHI,46.0,,4,0,4
199803310CHH,RS,PHI,74.0,,6,0,6
199803310CHH,RS,PHI,103.0,,8,0,8
199803310CHH,RS,PHI,140.0,,10,0,10
199803310CHH,RS,PHI,140.0,,11,0,11
199803310CHH,RS,PHI,169.0,,11,2,9
199803310CHH,RS,PHI,178.0,,14,2,12
199803310CHH,RS,PHI,208.0,,14,4,10
199803310CHH,RS,PHI,225.0,,16,4,12
199803310CHH,RS,PHI,252.0,,16,6,10
199803310CHH,RS,PHI,262.0,,18,6,12
199803310CHH,RS,PHI,310.0,,18,9,9
199803310CHH,RS,PHI,323.0,,20,9,11
199803310CHH,RS,PHI,345.0,,22,9,13
199803310CHH,RS,PHI,407.0,,25,9,16
199803310CHH,RS,PHI,432.0,,25,12,13
199803310CHH,RS,PHI,452.0,,26,12,14
199803310CHH,RS,PHI,481.0,,28,12,16
199803310CHH,RS,PHI,556.0,,30,12,18
199803310CHH,RS,PHI,583.0,,31,12,19
199803310CHH,RS,PHI,583.0,,32,12,20
199803310CHH,RS,PHI,602.0,,32,14,18
199803310CHH,RS,PHI,610.0,,34,14,20
199803310CHH,RS,PHI,639.0,,34,16,18
199803310CHH,RS,PHI,661.0,,36,16,20
199803310CHH,RS,PHI,672.0,,36,18,18
199803310CHH,RS,PHI,700.0,,36,20,16
199803310CHH,RS,PHI,717.0,,38,20,18
199803310CHH,RS,PHI,720.0,,38,22,16
199803310CHH,RS,PHI,768.0,,38,24,14
199803310CHH,RS,PHI,818.0,,38,26,12
199803310CHH,RS,PHI,848.0,,38,28,10
199803310CHH,RS,PHI,865.0,,39,28,11
199803310CHH,RS,PHI,982.0,,41,28,13
199803310CHH,RS,PHI,1006.0,,41,30,11
199803310CHH,RS,PHI,1021.0,,41,32,9
199803310CHH,RS,PHI,1092.0,,41,34,7
199803310CHH,RS,PHI,1168.0,,41,35,6
199803310CHH,RS,PHI,1218.0,,42,35,7
199803310CHH,RS,PHI,1236.0,,42,36,6
199803310CHH,RS,PHI,1236.0,,42,37,5
199803310CHH,RS,PHI,1236.0,,42,38,4
199803310CHH,RS,PHI,1241.0,,44,38,6
199803310CHH,RS,PHI,1272.0,,47,38,9
199803310CHH,RS,PHI,1290.0,,47,41,6
199803310CHH,RS,PHI,1309.0,,47,43,4
199803310CHH,RS,PHI,1332.0,,48,43,5
199803310CHH,RS,PHI,1332.0,,49,43,6
199803310CHH,RS,PHI,1345.0,,49,45,4
199803310CHH,RS,PHI,1380.0,,49,47,2
199803310CHH,RS,PHI,1390.0,,50,47,3
199803310CHH,RS,PHI,1390.0,,51,47,4
199803310CHH,RS,PHI,1406.0,,51,49,2
199803310CHH,RS,PHI,1413.0,,54,49,5
199803310CHH,RS,PHI,1477.0,,56,49,7
199803310CHH,RS,PHI,1532.0,,56,51,5
199803310CHH,RS,PHI,1554.0,,58,51,7
199803310CHH,RS,PHI,1581.0,,58,53,5
199803310CHH,RS,PHI,1615.0,,60,53,7
199803310CHH,RS,PHI,1628.0,,60,55,5
199803310CHH,RS,PHI,1648.0,,62,55,7
199803310CHH,RS,PHI,1661.0,,62,58,4
199803310CHH,RS,PHI,1686.0,,64,58,6
199803310CHH,RS,PHI,1761.0,,66,58,8
199803310CHH,RS,PHI,1785.0,,68,58,10
199803310CHH,RS,PHI,1805.0,,68,60,8
199803310CHH,RS,PHI,1833.0,,68,63,5
199803310CHH,RS,PHI,1863.0,,68,65,3
199803310CHH,RS,PHI,1907.0,,68,67,1
199803310CHH,RS,PHI,1931.0,,70,67,3
199803310CHH,RS,PHI,1974.0,,70,69,1
199803310CHH,RS,PHI,2002.0,LC,70,72,-2
199803310CHH,RS,PHI,2062.0,LC,73,72,1
199803310CHH,RS,PHI,2104.0,LC,73,75,-2
199803310CHH,RS,PHI,2117.0,,73,77,-4
199803310CHH,RS,PHI,2173.0,,74,77,-3
199803310CHH,RS,PHI,2192.0,,74,78,-4
199803310CHH,RS,PHI,2192.0,,74,79,-5
199803310CHH,RS,PHI,2269.0,,76,79,-3
199803310CHH,RS,PHI,2316.0,,76,81,-5
199803310CHH,RS,PHI,2332.0,,77,81,-4
199803310CHH,RS,PHI,2332.0,,78,81,-3
199803310CHH,RS,PHI,2352.0,,78,82,-4
199803310CHH,RS,PHI,2357.0,,80,82,-2
199803310CHH,RS,PHI,2396.0,T,82,82,0
199803310CHH,RS,PHI,2421.0,,82,84,-2
199803310CHH,RS,PHI,2436.0,T,84,84,0
199803310CHH,RS,PHI,2459.0,,84,86,-2
199803310CHH,RS,PHI,2491.0,,84,88,-4
199803310CHH,RS,PHI,2504.0,,86,88,-2
199803310CHH,RS,PHI,2573.0,,87,88,-1
199803310CHH,RS,PHI,2573.0,T,88,88,0
199803310CHH,RS,PHI,2588.0,,88,89,-1
199803310CHH,RS,PHI,2616.0,T,89,89,0
199803310CHH,RS,PHI,2636.0,LC,91,89,2
199803310CHH,RS,PHI,2676.0,,93,89,4
199803310CHH,RS,PHI,2702.0,,94,89,5
199803310CHH,RS,PHI,2702.0,,95,89,6
199803310CHH,RS,PHI,2709.0,,95,91,4
199803310CHH,RS,PHI,2725.0,,97,91,6
199803310CHH,RS,PHI,2756.0,,99,91,8
199803310CHH,RS,PHI,2773.0,,99,93,6
199803310CHH,RS,PHI,2810.0,,100,93,7
199803310CHH,RS,PHI,2810.0,F,101,93,8
199803310CHH,RS,PHI,2880.0,,101,93,8
199804030CHH,RS,IND,0.0,,0,0,0
199804030CHH,RS,IND,21.0,,2,0,2
199804030CHH,RS,IND,51.0,T,2,2,0
199804030CHH,RS,IND,113.0,,5,2,3
199804030CHH,RS,IND,129.0,,5,3,2
199804030CHH,RS,IND,134.0,,7,3,4
199804030CHH,RS,IND,134.0,,7,5,2
199804030CHH,RS,IND,169.0,,9,5,4
199804030CHH,RS,IND,184.0,,9,7,2
199804030CHH,RS,IND,203.0,,11,7,4
199804030CHH,RS,IND,236.0,,11,10,1
199804030CHH,RS,IND,313.0,,13,10,3
199804030CHH,RS,IND,383.0,,15,10,5
199804030CHH,RS,IND,408.0,,17,10,7
199804030CHH,RS,IND,424.0,,17,13,4
199804030CHH,RS,IND,446.0,,17,15,2
199804030CHH,RS,IND,532.0,,19,15,4
199804030CHH,RS,IND,576.0,,19,17,2
199804030CHH,RS,IND,618.0,,20,17,3
199804030CHH,RS,IND,629.0,,20,19,1
199804030CHH,RS,IND,649.0,,22,19,3
199804030CHH,RS,IND,689.0,,22,21,1
199804030CHH,RS,IND,708.0,,24,21,3
199804030CHH,RS,IND,746.0,,26,21,5
199804030CHH,RS,IND,772.0,,26,24,2
199804030CHH,RS,IND,808.0,T,26,26,0
199804030CHH,RS,IND,829.0,,28,26,2
199804030CHH,RS,IND,865.0,LC,28,29,-1
199804030CHH,RS,IND,885.0,LC,30,29,1
199804030CHH,RS,IND,901.0,LC,30,31,-1
199804030CHH,RS,IND,932.0,,30,33,-3
199804030CHH,RS,IND,932.0,,30,34,-4
199804030CHH,RS,IND,941.0,,31,34,-3
199804030CHH,RS,IND,941.0,,32,34,-2
199804030CHH,RS,IND,958.0,,32,36,-4
199804030CHH,RS,IND,997.0,,32,37,-5
199804030CHH,RS,IND,997.0,,32,38,-6
199804030CHH,RS,IND,1004.0,,32,40,-8
199804030CHH,RS,IND,1025.0,,32,42,-10
199804030CHH,RS,IND,1025.0,,32,43,-11
199804030CHH,RS,IND,1071.0,,32,45,-13
199804030CHH,RS,IND,1109.0,,32,47,-15
199804030CHH,RS,IND,1141.0,,32,49,-17
199804030CHH,RS,IND,1154.0,,34,49,-15
199804030CHH,RS,IND,1191.0,,34,51,-17
199804030CHH,RS,IND,1221.0,,36,51,-15
199804030CHH,RS,IND,1245.0,,38,51,-13
199804030CHH,RS,IND,1245.0,,39,51,-12
199804030CHH,RS,IND,1266.0,,41,51,-10
199804030CHH,RS,IND,1315.0,,43,51,-8
199804030CHH,RS,IND,1386.0,,45,51,-6
199804030CHH,RS,IND,1409.0,,45,53,-8
199804030CHH,RS,IND,1409.0,,45,54,-9
199804030CHH,RS,IND,1431.0,,47,54,-7
199804030CHH,RS,IND,1437.0,,47,55,-8
199804030CHH,RS,IND,1437.0,,47,56,-9
199804030CHH,RS,IND,1528.0,,49,56,-7
199804030CHH,RS,IND,1553.0,,51,56,-5
199804030CHH,RS,IND,1587.0,,53,56,-3
199804030CHH,RS,IND,1603.0,,53,59,-6
199804030CHH,RS,IND,1613.0,,55,59,-4
199804030CHH,RS,IND,1636.0,,55,60,-5
199804030CHH,RS,IND,1636.0,,55,61,-6
199804030CHH,RS,IND,1677.0,,57,61,-4
199804030CHH,RS,IND,1743.0,,57,63,-6
199804030CHH,RS,IND,1755.0,,60,63,-3
199804030CHH,RS,IND,1784.0,,62,63,-1
199804030CHH,RS,IND,1810.0,LC,64,63,1
199804030CHH,RS,IND,1836.0,LC,64,65,-1
199804030CHH,RS,IND,1888.0,LC,66,65,1
199804030CHH,RS,IND,1888.0,,67,65,2
199804030CHH,RS,IND,1908.0,,67,66,1
199804030CHH,RS,IND,1917.0,,69,66,3
199804030CHH,RS,IND,1959.0,,71,66,5
199804030CHH,RS,IND,1981.0,,72,66,6
199804030CHH,RS,IND,1994.0,,72,68,4
199804030CHH,RS,IND,2028.0,,72,69,3
199804030CHH,RS,IND,2028.0,,72,70,2
199804030CHH,RS,IND,2045.0,,74,70,4
199804030CHH,RS,IND,2068.0,,74,72,2
199804030CHH,RS,IND,2080.0,,76,72,4
199804030CHH,RS,IND,2131.0,,77,72,5
199804030CHH,RS,IND,2131.0,,78,72,6
199804030CHH,RS,IND,2155.0,,78,75,3
199804030CHH,RS,IND,2217.0,,78,77,1
199804030CHH,RS,IND,2283.0,LC,78,79,-1
199804030CHH,RS,IND,2302.0,LC,80,79,1
199804030CHH,RS,IND,2390.0,,82,79,3
199804030CHH,RS,IND,2462.0,,83,79,4
199804030CHH,RS,IND,2490.0,,83,82,1
199804030CHH,RS,IND,2515.0,,85,82,3
199804030CHH,RS,IND,2537.0,,86,82,4
199804030CHH,RS,IND,2549.0,,89,82,7
199804030CHH,RS,IND,2583.0,,91,82,9
199804030CHH,RS,IND,2677.0,,92,82,10
199804030CHH,RS,IND,2700.0,,93,82,11
199804030CHH,RS,IND,2724.0,,93,83,10
199804030CHH,RS,IND,2724.0,,93,84,9
199804030CHH,RS,IND,2724.0,,93,85,8
199804030CHH,RS,IND,2756.0,,93,86,7
199804030CHH,RS,IND,2756.0,,93,87,6
199804030CHH,RS,IND,2781.0,,94,87,7
199804030CHH,RS,IND,2790.0,,94,88,6
199804030CHH,RS,IND,2790.0,,94,89,5
199804030CHH,RS,IND,2827.0,F,96,89,7
199804030CHH,RS,IND,2861.0,,96,89,7
199804040MIA,RS,MIA,0.0,,0,0,0
199804040MIA,RS,MIA,69.0,,0,2,-2
199804040MIA,RS,MIA,134.0,,0,4,-4
199804040MIA,RS,MIA,134.0,,0,5,-5
199804040MIA,RS,MIA,153.0,,2,5,-3
199804040MIA,RS,MIA,212.0,,2,8,-6
199804040MIA,RS,MIA,235.0,,4,8,-4
199804040MIA,RS,MIA,247.0,,4,10,-6
199804040MIA,RS,MIA,283.0,,4,12,-8
199804040MIA,RS,MIA,374.0,,4,14,-10
199804040MIA,RS,MIA,426.0,,6,14,-8
199804040MIA,RS,MIA,450.0,,6,17,-11
199804040MIA,RS,MIA,505.0,,8,17,-9
199804040MIA,RS,MIA,540.0,,8,19,-11
199804040MIA,RS,MIA,540.0,,8,20,-12
199804040MIA,RS,MIA,577.0,,10,20,-10
199804040MIA,RS,MIA,592.0,,12,20,-8
199804040MIA,RS,MIA,627.0,,14,20,-6
199804040MIA,RS,MIA,665.0,,14,22,-8
199804040MIA,RS,MIA,674.0,,15,22,-7
199804040MIA,RS,MIA,674.0,,16,22,-6
199804040MIA,RS,MIA,691.0,,16,24,-8
199804040MIA,RS,MIA,691.0,,16,25,-9
199804040MIA,RS,MIA,716.0,,18,25,-7
199804040MIA,RS,MIA,761.0,,20,25,-5
199804040MIA,RS,MIA,788.0,,20,27,-7
199804040MIA,RS,MIA,822.0,,20,29,-9
199804040MIA,RS,MIA,822.0,,20,30,-10
199804040MIA,RS,MIA,869.0,,20,32,-12
199804040MIA,RS,MIA,869.0,,20,33,-13
199804040MIA,RS,MIA,887.0,,21,33,-12
199804040MIA,RS,MIA,887.0,,22,33,-11
199804040MIA,RS,MIA,921.0,,22,36,-14
199804040MIA,RS,MIA,956.0,,22,38,-16
199804040MIA,RS,MIA,983.0,,24,38,-14
199804040MIA,RS,MIA,1018.0,,24,40,-16
199804040MIA,RS,MIA,1039.0,,24,42,-18
199804040MIA,RS,MIA,1059.0,,26,42,-16
199804040MIA,RS,MIA,1072.0,,26,44,-18
199804040MIA,RS,MIA,1118.0,,26,46,-20
199804040MIA,RS,MIA,1153.0,,26,48,-22
199804040MIA,RS,MIA,1153.0,,26,49,-23
199804040MIA,RS,MIA,1162.0,,28,49,-21
199804040MIA,RS,MIA,1177.0,,28,52,-24
199804040MIA,RS,MIA,1235.0,,30,52,-22
199804040MIA,RS,MIA,1258.0,,30,54,-24
199804040MIA,RS,MIA,1295.0,,30,55,-25
199804040MIA,RS,MIA,1295.0,,30,56,-26
199804040MIA,RS,MIA,1330.0,,30,57,-27
199804040MIA,RS,MIA,1346.0,,32,57,-25
199804040MIA,RS,MIA,1416.0,,32,60,-28
199804040MIA,RS,MIA,1457.0,,32,62,-30
199804040MIA,RS,MIA,1487.0,,32,64,-32
199804040MIA,RS,MIA,1533.0,,32,66,-34
199804040MIA,RS,MIA,1601.0,,32,68,-36
199804040MIA,RS,MIA,1652.0,,32,70,-38
199804040MIA,RS,MIA,1687.0,,35,70,-35
199804040MIA,RS,MIA,1712.0,,35,73,-38
199804040MIA,RS,MIA,1741.0,,35,75,-40
199804040MIA,RS,MIA,1755.0,,37,75,-38
199804040MIA,RS,MIA,1770.0,,37,77,-40
199804040MIA,RS,MIA,1779.0,,38,77,-39
199804040MIA,RS,MIA,1779.0,,39,77,-38
199804040MIA,RS,MIA,1793.0,,39,79,-40
199804040MIA,RS,MIA,1803.0,,41,79,-38
199804040MIA,RS,MIA,1841.0,,41,81,-40
199804040MIA,RS,MIA,1861.0,,42,81,-39
199804040MIA,RS,MIA,1887.0,,44,81,-37
199804040MIA,RS,MIA,1919.0,,44,82,-38
199804040MIA,RS,MIA,1932.0,,45,82,-37
199804040MIA,RS,MIA,1932.0,,46,82,-36
199804040MIA,RS,MIA,1966.0,,48,82,-34
199804040MIA,RS,MIA,2028.0,,50,82,-32
199804040MIA,RS,MIA,2063.0,,52,82,-30
199804040MIA,RS,MIA,2095.0,,53,82,-29
199804040MIA,RS,MIA,2109.0,,53,84,-31
199804040MIA,RS,MIA,2120.0,,54,84,-30
199804040MIA,RS,MIA,2138.0,,56,84,-28
199804040MIA,RS,MIA,2160.0,,56,86,-30
199804040MIA,RS,MIA,2182.0,,59,86,-27
199804040MIA,RS,MIA,2205.0,,61,86,-25
199804040MIA,RS,MIA,2227.0,,64,86,-22
199804040MIA,RS,MIA,2248.0,,66,86,-20
199804040MIA,RS,MIA,2280.0,,68,86,-18
199804040MIA,RS,MIA,2353.0,,68,88,-20
199804040MIA,RS,MIA,2401.0,,68,90,-22
199804040MIA,RS,MIA,2401.0,,68,91,-23
199804040MIA,RS,MIA,2413.0,,70,91,-21
199804040MIA,RS,MIA,2510.0,,70,93,-23
199804040MIA,RS,MIA,2523.0,,71,93,-22
199804040MIA,RS,MIA,2540.0,,71,94,-23
199804040MIA,RS,MIA,2565.0,,72,94,-22
199804040MIA,RS,MIA,2565.0,,73,94,-21
199804040MIA,RS,MIA,2589.0,,73,96,-23
199804040MIA,RS,MIA,2610.0,,75,96,-21
199804040MIA,RS,MIA,2639.0,,77,96,-19
199804040MIA,RS,MIA,2663.0,,77,97,-20
199804040MIA,RS,MIA,2663.0,,77,98,-21
199804040MIA,RS,MIA,2683.0,,79,98,-19
199804040MIA,RS,MIA,2756.0,,81,98,-17
199804040MIA,RS,MIA,2790.0,,84,98,-14
199804040MIA,RS,MIA,2817.0,,84,99,-15
199804040MIA,RS,MIA,2837.0,,86,99,-13
199804040MIA,RS,MIA,2864.0,,88,99,-11
199804040MIA,RS,MIA,2872.0,,88,100,-12
199804040MIA,RS,MIA,2872.0,F,88,101,-13
199804040MIA,RS,MIA,2880.0,,88,101,-13
199804060NJN,RS,NJN,0.0,,0,0,0
199804060NJN,RS,NJN,26.0,,2,0,2
199804060NJN,RS,NJN,44.0,T,2,2,0
199804060NJN,RS,NJN,85.0,LC,2,4,-2
199804060NJN,RS,NJN,116.0,,2,6,-4
199804060NJN,RS,NJN,158.0,,2,7,-5
199804060NJN,RS,NJN,158.0,,2,8,-6
199804060NJN,RS,NJN,174.0,,4,8,-4
199804060NJN,RS,NJN,184.0,,4,10,-6
199804060NJN,RS,NJN,198.0,,6,10,-4
199804060NJN,RS,NJN,255.0,,8,10,-2
199804060NJN,RS,NJN,272.0,,8,11,-3
199804060NJN,RS,NJN,272.0,,8,12,-4
199804060NJN,RS,NJN,318.0,,8,14,-6
199804060NJN,RS,NJN,345.0,,9,14,-5
199804060NJN,RS,NJN,345.0,,10,14,-4
199804060NJN,RS,NJN,368.0,,12,14,-2
199804060NJN,RS,NJN,376.0,,12,16,-4
199804060NJN,RS,NJN,421.0,,14,16,-2
199804060NJN,RS,NJN,434.0,,14,18,-4
199804060NJN,RS,NJN,470.0,,14,20,-6
199804060NJN,RS,NJN,485.0,,16,20,-4
199804060NJN,RS,NJN,485.0,,17,20,-3
199804060NJN,RS,NJN,499.0,,17,22,-5
199804060NJN,RS,NJN,520.0,,17,25,-8
199804060NJN,RS,NJN,538.0,,19,25,-6
199804060NJN,RS,NJN,555.0,,19,28,-9
199804060NJN,RS,NJN,578.0,,22,28,-6
199804060NJN,RS,NJN,591.0,,22,30,-8
199804060NJN,RS,NJN,605.0,,24,30,-6
199804060NJN,RS,NJN,614.0,,24,31,-7
199804060NJN,RS,NJN,614.0,,24,32,-8
199804060NJN,RS,NJN,652.0,,24,34,-10
199804060NJN,RS,NJN,687.0,,24,36,-12
199804060NJN,RS,NJN,697.0,,25,36,-11
199804060NJN,RS,NJN,697.0,,26,36,-10
199804060NJN,RS,NJN,736.0,,26,38,-12
199804060NJN,RS,NJN,756.0,,28,38,-10
199804060NJN,RS,NJN,770.0,,28,41,-13
199804060NJN,RS,NJN,802.0,,28,43,-15
199804060NJN,RS,NJN,828.0,,28,45,-17
199804060NJN,RS,NJN,847.0,,30,45,-15
199804060NJN,RS,NJN,879.0,,32,45,-13
199804060NJN,RS,NJN,901.0,,32,47,-15
199804060NJN,RS,NJN,908.0,,33,47,-14
199804060NJN,RS,NJN,908.0,,34,47,-13
199804060NJN,RS,NJN,934.0,,35,47,-12
199804060NJN,RS,NJN,942.0,,35,48,-13
199804060NJN,RS,NJN,942.0,,35,49,-14
199804060NJN,RS,NJN,962.0,,35,51,-16
199804060NJN,RS,NJN,1019.0,,38,51,-13
199804060NJN,RS,NJN,1038.0,,38,53,-15
199804060NJN,RS,NJN,1103.0,,38,55,-17
199804060NJN,RS,NJN,1115.0,,40,55,-15
199804060NJN,RS,NJN,1126.0,,40,57,-17
199804060NJN,RS,NJN,1143.0,,42,57,-15
199804060NJN,RS,NJN,1261.0,,44,57,-13
199804060NJN,RS,NJN,1286.0,,44,59,-15
199804060NJN,RS,NJN,1301.0,,44,61,-17
199804060NJN,RS,NJN,1321.0,,47,61,-14
199804060NJN,RS,NJN,1338.0,,47,62,-15
199804060NJN,RS,NJN,1338.0,,47,63,-16
199804060NJN,RS,NJN,1371.0,,47,65,-18
199804060NJN,RS,NJN,1399.0,,47,67,-20
199804060NJN,RS,NJN,1418.0,,49,67,-18
199804060NJN,RS,NJN,1439.0,,52,67,-15
199804060NJN,RS,NJN,1449.0,,53,67,-14
199804060NJN,RS,NJN,1449.0,,54,67,-13
199804060NJN,RS,NJN,1480.0,,56,67,-11
199804060NJN,RS,NJN,1516.0,,58,67,-9
199804060NJN,RS,NJN,1539.0,,58,69,-11
199804060NJN,RS,NJN,1584.0,,61,69,-8
199804060NJN,RS,NJN,1603.0,,62,69,-7
199804060NJN,RS,NJN,1603.0,,63,69,-6
199804060NJN,RS,NJN,1617.0,,63,70,-7
199804060NJN,RS,NJN,1651.0,,63,72,-9
199804060NJN,RS,NJN,1663.0,,64,72,-8
199804060NJN,RS,NJN,1674.0,,66,72,-6
199804060NJN,RS,NJN,1698.0,,66,74,-8
199804060NJN,RS,NJN,1721.0,,66,76,-10
199804060NJN,RS,NJN,1732.0,,68,76,-8
199804060NJN,RS,NJN,1771.0,,68,77,-9
199804060NJN,RS,NJN,1771.0,,68,78,-10
199804060NJN,RS,NJN,1802.0,,69,78,-9
199804060NJN,RS,NJN,1833.0,,70,78,-8
199804060NJN,RS,NJN,1833.0,,71,78,-7
199804060NJN,RS,NJN,1848.0,,71,80,-9
199804060NJN,RS,NJN,1863.0,,73,80,-7
199804060NJN,RS,NJN,1892.0,,73,82,-9
199804060NJN,RS,NJN,1909.0,,75,82,-7
199804060NJN,RS,NJN,1909.0,,76,82,-6
199804060NJN,RS,NJN,1914.0,,76,83,-7
199804060NJN,RS,NJN,1914.0,,76,84,-8
199804060NJN,RS,NJN,1972.0,,79,84,-5
199804060NJN,RS,NJN,2038.0,,80,84,-4
199804060NJN,RS,NJN,2055.0,,80,86,-6
199804060NJN,RS,NJN,2075.0,,80,88,-8
199804060NJN,RS,NJN,2088.0,,81,88,-7
199804060NJN,RS,NJN,2101.0,,81,90,-9
199804060NJN,RS,NJN,2101.0,,81,91,-10
199804060NJN,RS,NJN,2117.0,,83,91,-8
199804060NJN,RS,NJN,2130.0,,83,93,-10
199804060NJN,RS,NJN,2131.0,,84,93,-9
199804060NJN,RS,NJN,2172.0,,84,96,-12
199804060NJN,RS,NJN,2201.0,,84,97,-13
199804060NJN,RS,NJN,2201.0,,84,98,-14
199804060NJN,RS,NJN,2242.0,,84,100,-16
199804060NJN,RS,NJN,2307.0,,84,101,-17
199804060NJN,RS,NJN,2326.0,,85,101,-16
199804060NJN,RS,NJN,2326.0,,86,101,-15
199804060NJN,RS,NJN,2351.0,,86,102,-16
199804060NJN,RS,NJN,2351.0,,86,103,-17
199804060NJN,RS,NJN,2371.0,,88,103,-15
199804060NJN,RS,NJN,2386.0,,88,105,-17
199804060NJN,RS,NJN,2400.0,,90,105,-15
199804060NJN,RS,NJN,2415.0,,90,107,-17
199804060NJN,RS,NJN,2432.0,,93,107,-14
199804060NJN,RS,NJN,2507.0,,93,109,-16
199804060NJN,RS,NJN,2575.0,,93,110,-17
199804060NJN,RS,NJN,2575.0,,93,111,-18
199804060NJN,RS,NJN,2575.0,,93,112,-19
199804060NJN,RS,NJN,2585.0,,94,112,-18
199804060NJN,RS,NJN,2585.0,,95,112,-17
199804060NJN,RS,NJN,2599.0,,95,113,-18
199804060NJN,RS,NJN,2599.0,,95,114,-19
199804060NJN,RS,NJN,2611.0,,96,114,-18
199804060NJN,RS,NJN,2638.0,,98,114,-16
199804060NJN,RS,NJN,2670.0,,98,115,-17
199804060NJN,RS,NJN,2670.0,,98,116,-18
199804060NJN,RS,NJN,2682.0,,100,116,-16
199804060NJN,RS,NJN,2682.0,,101,116,-15
199804060NJN,RS,NJN,2718.0,,102,116,-14
199804060NJN,RS,NJN,2762.0,,102,118,-16
199804060NJN,RS,NJN,2762.0,,102,119,-17
199804060NJN,RS,NJN,2770.0,,104,119,-15
199804060NJN,RS,NJN,2791.0,,107,119,-12
199804060NJN,RS,NJN,2810.0,,110,119,-9
199804060NJN,RS,NJN,2830.0,,110,120,-10
199804060NJN,RS,NJN,2834.0,,113,120,-7
199804060NJN,RS,NJN,2835.0,,113,121,-8
199804060NJN,RS,NJN,2835.0,,113,122,-9
199804060NJN,RS,NJN,2846.0,,113,123,-10
199804060NJN,RS,NJN,2846.0,,113,124,-11
199804060NJN,RS,NJN,2861.0,,115,124,-9
199804060NJN,RS,NJN,2862.0,F,115,125,-10
199804060NJN,RS,NJN,2877.0,,115,125,-10
199804080PHI,RS,PHI,0.0,,0,0,0
199804080PHI,RS,PHI,4.0,,2,0,2
199804080PHI,RS,PHI,31.0,T,2,2,0
199804080PHI,RS,PHI,89.0,,4,2,2
199804080PHI,RS,PHI,124.0,,4,3,1
199804080PHI,RS,PHI,124.0,T,4,4,0
199804080PHI,RS,PHI,147.0,,6,4,2
199804080PHI,RS,PHI,193.0,,8,4,4
199804080PHI,RS,PHI,210.0,,8,6,2
199804080PHI,RS,PHI,240.0,T,8,8,0
199804080PHI,RS,PHI,249.0,,10,8,2
199804080PHI,RS,PHI,275.0,T,10,10,0
199804080PHI,RS,PHI,293.0,,12,10,2
199804080PHI,RS,PHI,314.0,,14,10,4
199804080PHI,RS,PHI,330.0,,14,12,2
199804080PHI,RS,PHI,404.0,,16,12,4
199804080PHI,RS,PHI,432.0,,16,14,2
199804080PHI,RS,PHI,474.0,T,16,16,0
199804080PHI,RS,PHI,527.0,LC,16,18,-2
199804080PHI,RS,PHI,560.0,T,18,18,0
199804080PHI,RS,PHI,572.0,,18,20,-2
199804080PHI,RS,PHI,587.0,,18,22,-4
199804080PHI,RS,PHI,595.0,,18,24,-6
199804080PHI,RS,PHI,620.0,,20,24,-4
199804080PHI,RS,PHI,648.0,,20,26,-6
199804080PHI,RS,PHI,648.0,,20,27,-7
199804080PHI,RS,PHI,662.0,,21,27,-6
199804080PHI,RS,PHI,662.0,,22,27,-5
199804080PHI,RS,PHI,678.0,,22,29,-7
199804080PHI,RS,PHI,691.0,,24,29,-5
199804080PHI,RS,PHI,715.0,,24,31,-7
199804080PHI,RS,PHI,763.0,,24,32,-8
199804080PHI,RS,PHI,788.0,,24,34,-10
199804080PHI,RS,PHI,811.0,,24,36,-12
199804080PHI,RS,PHI,850.0,,24,38,-14
199804080PHI,RS,PHI,889.0,,25,38,-13
199804080PHI,RS,PHI,889.0,,26,38,-12
199804080PHI,RS,PHI,909.0,,26,40,-14
199804080PHI,RS,PHI,932.0,,26,41,-15
199804080PHI,RS,PHI,932.0,,26,42,-16
199804080PHI,RS,PHI,969.0,,26,44,-18
199804080PHI,RS,PHI,1028.0,,26,46,-20
199804080PHI,RS,PHI,1041.0,,27,46,-19
199804080PHI,RS,PHI,1041.0,,28,46,-18
199804080PHI,RS,PHI,1104.0,,28,48,-20
199804080PHI,RS,PHI,1113.0,,30,48,-18
199804080PHI,RS,PHI,1193.0,,31,48,-17
199804080PHI,RS,PHI,1193.0,,32,48,-16
199804080PHI,RS,PHI,1223.0,,33,48,-15
199804080PHI,RS,PHI,1255.0,,33,50,-17
199804080PHI,RS,PHI,1291.0,,34,50,-16
199804080PHI,RS,PHI,1291.0,,35,50,-15
199804080PHI,RS,PHI,1300.0,,35,52,-17
199804080PHI,RS,PHI,1317.0,,35,54,-19
199804080PHI,RS,PHI,1336.0,,37,54,-17
199804080PHI,RS,PHI,1376.0,,37,57,-20
199804080PHI,RS,PHI,1416.0,,37,59,-22
199804080PHI,RS,PHI,1471.0,,37,61,-24
199804080PHI,RS,PHI,1519.0,,39,61,-22
199804080PHI,RS,PHI,1584.0,,41,61,-20
199804080PHI,RS,PHI,1609.0,,43,61,-18
199804080PHI,RS,PHI,1642.0,,45,61,-16
199804080PHI,RS,PHI,1663.0,,45,62,-17
199804080PHI,RS,PHI,1663.0,,45,63,-18
199804080PHI,RS,PHI,1710.0,,45,65,-20
199804080PHI,RS,PHI,1742.0,,47,65,-18
199804080PHI,RS,PHI,1756.0,,47,66,-19
199804080PHI,RS,PHI,1756.0,,47,67,-20
199804080PHI,RS,PHI,1773.0,,47,68,-21
199804080PHI,RS,PHI,1786.0,,49,68,-19
199804080PHI,RS,PHI,1808.0,,51,68,-17
199804080PHI,RS,PHI,1835.0,,53,68,-15
199804080PHI,RS,PHI,1870.0,,56,68,-12
199804080PHI,RS,PHI,1888.0,,56,69,-13
199804080PHI,RS,PHI,1888.0,,56,70,-14
199804080PHI,RS,PHI,1900.0,,58,70,-12
199804080PHI,RS,PHI,1925.0,,58,71,-13
199804080PHI,RS,PHI,1925.0,,58,72,-14
199804080PHI,RS,PHI,1952.0,,58,74,-16
199804080PHI,RS,PHI,1983.0,,60,74,-14
199804080PHI,RS,PHI,2001.0,,60,76,-16
199804080PHI,RS,PHI,2011.0,,61,76,-15
199804080PHI,RS,PHI,2011.0,,62,76,-14
199804080PHI,RS,PHI,2064.0,,64,76,-12
199804080PHI,RS,PHI,2111.0,,64,77,-13
199804080PHI,RS,PHI,2111.0,,64,78,-14
199804080PHI,RS,PHI,2151.0,,64,79,-15
199804080PHI,RS,PHI,2151.0,,64,80,-16
199804080PHI,RS,PHI,2160.0,,66,80,-14
199804080PHI,RS,PHI,2181.0,,68,80,-12
199804080PHI,RS,PHI,2203.0,,68,82,-14
199804080PHI,RS,PHI,2241.0,,70,82,-12
199804080PHI,RS,PHI,2292.0,,72,82,-10
199804080PHI,RS,PHI,2312.0,,72,83,-11
199804080PHI,RS,PHI,2312.0,,72,84,-12
199804080PHI,RS,PHI,2323.0,,74,84,-10
199804080PHI,RS,PHI,2360.0,,75,84,-9
199804080PHI,RS,PHI,2378.0,,75,86,-11
199804080PHI,RS,PHI,2392.0,,77,86,-9
199804080PHI,RS,PHI,2412.0,,77,88,-11
199804080PHI,RS,PHI,2424.0,,79,88,-9
199804080PHI,RS,PHI,2458.0,,80,88,-8
199804080PHI,RS,PHI,2458.0,,80,89,-9
199804080PHI,RS,PHI,2458.0,,80,90,-10
199804080PHI,RS,PHI,2479.0,,80,91,-11
199804080PHI,RS,PHI,2525.0,,82,91,-9
199804080PHI,RS,PHI,2552.0,,82,94,-12
199804080PHI,RS,PHI,2570.0,,83,94,-11
199804080PHI,RS,PHI,2570.0,,84,94,-10
199804080PHI,RS,PHI,2597.0,,86,94,-8
199804080PHI,RS,PHI,2597.0,,87,94,-7
199804080PHI,RS,PHI,2640.0,,88,94,-6
199804080PHI,RS,PHI,2640.0,,89,94,-5
199804080PHI,RS,PHI,2653.0,,89,95,-6
199804080PHI,RS,PHI,2653.0,,89,96,-7
199804080PHI,RS,PHI,2687.0,,90,96,-6
199804080PHI,RS,PHI,2687.0,,91,96,-5
199804080PHI,RS,PHI,2702.0,,91,97,-6
199804080PHI,RS,PHI,2702.0,,91,98,-7
199804080PHI,RS,PHI,2723.0,,93,98,-5
199804080PHI,RS,PHI,2745.0,,93,100,-7
199804080PHI,RS,PHI,2770.0,,95,100,-5
199804080PHI,RS,PHI,2784.0,,95,101,-6
199804080PHI,RS,PHI,2784.0,,95,102,-7
199804080PHI,RS,PHI,2799.0,,96,102,-6
199804080PHI,RS,PHI,2806.0,,99,102,-3
199804080PHI,RS,PHI,2822.0,,99,104,-5
199804080PHI,RS,PHI,2845.0,,99,105,-6
199804080PHI,RS,PHI,2845.0,,99,106,-7
199804080PHI,RS,PHI,2858.0,,99,107,-8
199804080PHI,RS,PHI,2858.0,,99,108,-9
199804080PHI,RS,PHI,2871.0,,101,108,-7
199804080PHI,RS,PHI,2873.0,F,101,109,-8
199804080PHI,RS,PHI,2874.0,,101,109,-8
199804100CHH,RS,ATL,0.0,,0,0,0
199804100CHH,RS,ATL,20.0,,1,0,1
199804100CHH,RS,ATL,20.0,,2,0,2
199804100CHH,RS,ATL,49.0,,5,0,5
199804100CHH,RS,ATL,65.0,,7,0,7
199804100CHH,RS,ATL,101.0,,9,0,9
199804100CHH,RS,ATL,166.0,,11,0,11
199804100CHH,RS,ATL,192.0,,11,2,9
199804100CHH,RS,ATL,227.0,,13,2,11
199804100CHH,RS,ATL,258.0,,15,2,13
199804100CHH,RS,ATL,282.0,,15,4,11
199804100CHH,RS,ATL,338.0,,17,4,13
199804100CHH,RS,ATL,367.0,,20,4,16
199804100CHH,RS,ATL,395.0,,22,4,18
199804100CHH,RS,ATL,434.0,,22,6,16
199804100CHH,RS,ATL,475.0,,24,6,18
199804100CHH,RS,ATL,526.0,,24,8,16
199804100CHH,RS,ATL,557.0,,24,11,13
199804100CHH,RS,ATL,578.0,,25,11,14
199804100CHH,RS,ATL,596.0,,25,13,12
199804100CHH,RS,ATL,621.0,,27,13,14
199804100CHH,RS,ATL,671.0,,29,13,16
199804100CHH,RS,ATL,689.0,,29,14,15
199804100CHH,RS,ATL,711.0,,31,14,17
199804100CHH,RS,ATL,718.0,,31,15,16
199804100CHH,RS,ATL,718.0,,31,16,15
199804100CHH,RS,ATL,792.0,,31,17,14
199804100CHH,RS,ATL,792.0,,31,18,13
199804100CHH,RS,ATL,806.0,,33,18,15
199804100CHH,RS,ATL,832.0,,33,20,13
199804100CHH,RS,ATL,843.0,,35,20,15
199804100CHH,RS,ATL,856.0,,35,21,14
199804100CHH,RS,ATL,882.0,,35,22,13
199804100CHH,RS,ATL,882.0,,35,23,12
199804100CHH,RS,ATL,919.0,,35,25,10
199804100CHH,RS,ATL,949.0,,36,25,11
199804100CHH,RS,ATL,971.0,,36,27,9
199804100CHH,RS,ATL,990.0,,37,27,10
199804100CHH,RS,ATL,990.0,,38,27,11
199804100CHH,RS,ATL,1005.0,,38,29,9
199804100CHH,RS,ATL,1022.0,,39,29,10
199804100CHH,RS,ATL,1041.0,,39,30,9
199804100CHH,RS,ATL,1041.0,,39,31,8
199804100CHH,RS,ATL,1045.0,,39,32,7
199804100CHH,RS,ATL,1045.0,,39,33,6
199804100CHH,RS,ATL,1075.0,,41,33,8
199804100CHH,RS,ATL,1090.0,,41,36,5
199804100CHH,RS,ATL,1113.0,,43,36,7
199804100CHH,RS,ATL,1127.0,,43,38,5
199804100CHH,RS,ATL,1221.0,,43,40,3
199804100CHH,RS,ATL,1279.0,,45,40,5
199804100CHH,RS,ATL,1302.0,,45,42,3
199804100CHH,RS,ATL,1362.0,,45,44,1
199804100CHH,RS,ATL,1385.0,,47,44,3
199804100CHH,RS,ATL,1416.0,,47,46,1
199804100CHH,RS,ATL,1416.0,T,47,47,0
199804100CHH,RS,ATL,1488.0,,49,47,2
199804100CHH,RS,ATL,1536.0,T,49,49,0
199804100CHH,RS,ATL,1536.0,LC,49,50,-1
199804100CHH,RS,ATL,1579.0,,49,52,-3
199804100CHH,RS,ATL,1628.0,,49,54,-5
199804100CHH,RS,ATL,1654.0,,52,54,-2
199804100CHH,RS,ATL,1691.0,,53,54,-1
199804100CHH,RS,ATL,1719.0,T,54,54,0
199804100CHH,RS,ATL,1748.0,LC,56,54,2
199804100CHH,RS,ATL,1761.0,,58,54,4
199804100CHH,RS,ATL,1784.0,,58,57,1
199804100CHH,RS,ATL,1841.0,,61,57,4
199804100CHH,RS,ATL,1892.0,,61,60,1
199804100CHH,RS,ATL,1935.0,LC,61,63,-2
199804100CHH,RS,ATL,1953.0,,62,63,-1
199804100CHH,RS,ATL,1953.0,T,63,63,0
199804100CHH,RS,ATL,1973.0,,63,65,-2
199804100CHH,RS,ATL,2010.0,,63,68,-5
199804100CHH,RS,ATL,2032.0,,64,68,-4
199804100CHH,RS,ATL,2032.0,,65,68,-3
199804100CHH,RS,ATL,2098.0,,65,70,-5
199804100CHH,RS,ATL,2124.0,,67,70,-3
199804100CHH,RS,ATL,2208.0,,69,70,-1
199804100CHH,RS,ATL,2256.0,LC,71,70,1
199804100CHH,RS,ATL,2272.0,LC,71,73,-2
199804100CHH,RS,ATL,2298.0,,71,76,-5
199804100CHH,RS,ATL,2333.0,,71,79,-8
199804100CHH,RS,ATL,2354.0,,71,81,-10
199804100CHH,RS,ATL,2395.0,,72,81,-9
199804100CHH,RS,ATL,2395.0,,73,81,-8
199804100CHH,RS,ATL,2417.0,,73,83,-10
199804100CHH,RS,ATL,2437.0,,75,83,-8
199804100CHH,RS,ATL,2456.0,,75,85,-10
199804100CHH,RS,ATL,2456.0,,75,86,-11
199804100CHH,RS,ATL,2469.0,,76,86,-10
199804100CHH,RS,ATL,2469.0,,77,86,-9
199804100CHH,RS,ATL,2498.0,,79,86,-7
199804100CHH,RS,ATL,2534.0,,80,86,-6
199804100CHH,RS,ATL,2534.0,,81,86,-5
199804100CHH,RS,ATL,2551.0,,81,89,-8
199804100CHH,RS,ATL,2570.0,,82,89,-7
199804100CHH,RS,ATL,2570.0,,83,89,-6
199804100CHH,RS,ATL,2585.0,,83,91,-8
199804100CHH,RS,ATL,2585.0,,83,92,-9
199804100CHH,RS,ATL,2670.0,,84,92,-8
199804100CHH,RS,ATL,2670.0,,85,92,-7
199804100CHH,RS,ATL,2684.0,,85,93,-8
199804100CHH,RS,ATL,2684.0,,85,94,-9
199804100CHH,RS,ATL,2790.0,,86,94,-8
199804100CHH,RS,ATL,2790.0,,87,94,-7
199804100CHH,RS,ATL,2840.0,,87,96,-9
199804100CHH,RS,ATL,2858.0,,87,97,-10
199804100CHH,RS,ATL,2873.0,,87,99,-12
199804100CHH,RS,ATL,2873.0,F,87,98,-11
199804120CHH,RS,DET,0.0,,0,0,0
199804120CHH,RS,DET,45.0,,0,2,-2
199804120CHH,RS,DET,66.0,,0,4,-4
199804120CHH,RS,DET,106.0,,2,4,-2
199804120CHH,RS,DET,184.0,T,4,4,0
199804120CHH,RS,DET,200.0,,4,6,-2
199804120CHH,RS,DET,236.0,,4,8,-4
199804120CHH,RS,DET,249.0,,6,8,-2
199804120CHH,RS,DET,305.0,,6,10,-4
199804120CHH,RS,DET,325.0,,8,10,-2
199804120CHH,RS,DET,361.0,T,10,10,0
199804120CHH,RS,DET,399.0,LC,12,10,2
199804120CHH,RS,DET,465.0,,13,10,3
199804120CHH,RS,DET,477.0,,13,12,1
199804120CHH,RS,DET,558.0,T,13,13,0
199804120CHH,RS,DET,565.0,LC,13,15,-2
199804120CHH,RS,DET,587.0,T,15,15,0
199804120CHH,RS,DET,626.0,LC,17,15,2
199804120CHH,RS,DET,638.0,T,17,17,0
199804120CHH,RS,DET,663.0,,19,17,2
199804120CHH,RS,DET,672.0,T,19,19,0
199804120CHH,RS,DET,714.0,LC,19,21,-2
199804120CHH,RS,DET,755.0,,19,23,-4
199804120CHH,RS,DET,755.0,,19,24,-5
199804120CHH,RS,DET,784.0,,21,24,-3
199804120CHH,RS,DET,819.0,,22,24,-2
199804120CHH,RS,DET,849.0,T,24,24,0
199804120CHH,RS,DET,922.0,,24,26,-2
199804120CHH,RS,DET,936.0,T,26,26,0
199804120CHH,RS,DET,1009.0,,26,27,-1
199804120CHH,RS,DET,1009.0,,26,28,-2
199804120CHH,RS,DET,1020.0,T,28,28,0
199804120CHH,RS,DET,1051.0,LC,30,28,2
199804120CHH,RS,DET,1104.0,LC,30,31,-1
199804120CHH,RS,DET,1126.0,LC,32,31,1
199804120CHH,RS,DET,1147.0,LC,32,34,-2
199804120CHH,RS,DET,1194.0,,32,36,-4
199804120CHH,RS,DET,1222.0,,34,36,-2
199804120CHH,RS,DET,1261.0,T,36,36,0
199804120CHH,RS,DET,1275.0,,36,37,-1
199804120CHH,RS,DET,1275.0,,36,38,-2
199804120CHH,RS,DET,1316.0,,37,38,-1
199804120CHH,RS,DET,1335.0,,37,40,-3
199804120CHH,RS,DET,1408.0,,39,40,-1
199804120CHH,RS,DET,1421.0,,39,43,-4
199804120CHH,RS,DET,1471.0,,40,43,-3
199804120CHH,RS,DET,1495.0,,40,45,-5
199804120CHH,RS,DET,1523.0,,42,45,-3
199804120CHH,RS,DET,1557.0,,43,45,-2
199804120CHH,RS,DET,1557.0,,44,45,-1
199804120CHH,RS,DET,1582.0,,44,48,-4
199804120CHH,RS,DET,1598.0,,44,49,-5
199804120CHH,RS,DET,1656.0,,45,49,-4
199804120CHH,RS,DET,1672.0,,45,51,-6
199804120CHH,RS,DET,1750.0,,48,51,-3
199804120CHH,RS,DET,1783.0,,49,51,-2
199804120CHH,RS,DET,1783.0,,50,51,-1
199804120CHH,RS,DET,1822.0,LC,52,51,1
199804120CHH,RS,DET,1851.0,,54,51,3
199804120CHH,RS,DET,1876.0,,56,51,5
199804120CHH,RS,DET,1920.0,,56,53,3
199804120CHH,RS,DET,1940.0,,58,53,5
199804120CHH,RS,DET,1965.0,,59,53,6
199804120CHH,RS,DET,1965.0,,60,53,7
199804120CHH,RS,DET,1995.0,,60,56,4
199804120CHH,RS,DET,2017.0,,60,58,2
199804120CHH,RS,DET,2035.0,,61,58,3
199804120CHH,RS,DET,2035.0,,62,58,4
199804120CHH,RS,DET,2048.0,,62,60,2
199804120CHH,RS,DET,2081.0,T,62,62,0
199804120CHH,RS,DET,2103.0,,64,62,2
199804120CHH,RS,DET,2124.0,,66,62,4
199804120CHH,RS,DET,2187.0,,66,63,3
199804120CHH,RS,DET,2201.0,,66,65,1
199804120CHH,RS,DET,2215.0,,68,65,3
199804120CHH,RS,DET,2237.0,,68,66,2
199804120CHH,RS,DET,2266.0,,68,67,1
199804120CHH,RS,DET,2283.0,,70,67,3
199804120CHH,RS,DET,2308.0,,70,69,1
199804120CHH,RS,DET,2330.0,LC,70,71,-1
199804120CHH,RS,DET,2352.0,LC,72,71,1
199804120CHH,RS,DET,2424.0,T,72,72,0
199804120CHH,RS,DET,2424.0,LC,72,73,-1
199804120CHH,RS,DET,2452.0,,72,75,-3
199804120CHH,RS,DET,2474.0,,73,75,-2
199804120CHH,RS,DET,2474.0,,74,75,-1
199804120CHH,RS,DET,2494.0,,74,78,-4
199804120CHH,RS,DET,2530.0,,76,78,-2
199804120CHH,RS,DET,2584.0,T,78,78,0
199804120CHH,RS,DET,2610.0,,78,80,-2
199804120CHH,RS,DET,2631.0,,79,80,-1
199804120CHH,RS,DET,2631.0,T,80,80,0
199804120CHH,RS,DET,2646.0,,80,82,-2
199804120CHH,RS,DET,2667.0,T,82,82,0
199804120CHH,RS,DET,2689.0,,82,84,-2
199804120CHH,RS,DET,2748.0,,82,86,-4
199804120CHH,RS,DET,2771.0,,84,86,-2
199804120CHH,RS,DET,2818.0,LC,87,86,1
199804120CHH,RS,DET,2874.0,F,88,86,2
199804120CHH,RS,DET,2879.0,,88,86,2
199804140MIL,RS,MIL,0.0,,0,0,0
199804140MIL,RS,MIL,73.0,,0,2,-2
199804140MIL,RS,MIL,104.0,,0,4,-4
199804140MIL,RS,MIL,147.0,,0,6,-6
199804140MIL,RS,MIL,170.0,,0,8,-8
199804140MIL,RS,MIL,185.0,,2,8,-6
199804140MIL,RS,MIL,223.0,,2,10,-8
199804140MIL,RS,MIL,238.0,,4,10,-6
199804140MIL,RS,MIL,271.0,,4,12,-8
199804140MIL,RS,MIL,301.0,,6,12,-6
199804140MIL,RS,MIL,319.0,,6,13,-7
199804140MIL,RS,MIL,319.0,,6,14,-8
199804140MIL,RS,MIL,340.0,,8,14,-6
199804140MIL,RS,MIL,359.0,,8,16,-8
199804140MIL,RS,MIL,420.0,,8,18,-10
199804140MIL,RS,MIL,447.0,,10,18,-8
199804140MIL,RS,MIL,487.0,,13,18,-5
199804140MIL,RS,MIL,507.0,,13,20,-7
199804140MIL,RS,MIL,568.0,,13,22,-9
199804140MIL,RS,MIL,577.0,,15,22,-7
199804140MIL,RS,MIL,595.0,,15,24,-9
199804140MIL,RS,MIL,660.0,,17,24,-7
199804140MIL,RS,MIL,686.0,,19,24,-5
199804140MIL,RS,MIL,720.0,,21,24,-3
199804140MIL,RS,MIL,756.0,,23,24,-1
199804140MIL,RS,MIL,774.0,LC,25,24,1
199804140MIL,RS,MIL,806.0,,27,24,3
199804140MIL,RS,MIL,844.0,,29,24,5
199804140MIL,RS,MIL,860.0,,29,26,3
199804140MIL,RS,MIL,873.0,,30,26,4
199804140MIL,RS,MIL,931.0,,32,26,6
199804140MIL,RS,MIL,955.0,,32,28,4
199804140MIL,RS,MIL,993.0,,34,28,6
199804140MIL,RS,MIL,995.0,,34,29,5
199804140MIL,RS,MIL,995.0,,34,30,4
199804140MIL,RS,MIL,1007.0,,36,30,6
199804140MIL,RS,MIL,1025.0,,36,31,5
199804140MIL,RS,MIL,1025.0,,36,32,4
199804140MIL,RS,MIL,1036.0,,38,32,6
199804140MIL,RS,MIL,1072.0,,40,32,8
199804140MIL,RS,MIL,1094.0,,40,34,6
199804140MIL,RS,MIL,1125.0,,40,36,4
199804140MIL,RS,MIL,1147.0,,42,36,6
199804140MIL,RS,MIL,1171.0,,42,38,4
199804140MIL,RS,MIL,1181.0,,43,38,5
199804140MIL,RS,MIL,1206.0,,45,38,7
199804140MIL,RS,MIL,1232.0,,47,38,9
199804140MIL,RS,MIL,1272.0,,49,38,11
199804140MIL,RS,MIL,1310.0,,49,39,10
199804140MIL,RS,MIL,1310.0,,49,40,9
199804140MIL,RS,MIL,1324.0,,51,40,11
199804140MIL,RS,MIL,1368.0,,53,40,13
199804140MIL,RS,MIL,1390.0,,53,41,12
199804140MIL,RS,MIL,1390.0,,53,42,11
199804140MIL,RS,MIL,1405.0,,54,42,12
199804140MIL,RS,MIL,1440.0,,57,42,15
199804140MIL,RS,MIL,1484.0,,60,42,18
199804140MIL,RS,MIL,1510.0,,62,42,20
199804140MIL,RS,MIL,1581.0,,62,44,18
199804140MIL,RS,MIL,1626.0,,64,44,20
199804140MIL,RS,MIL,1677.0,,66,44,22
199804140MIL,RS,MIL,1702.0,,66,46,20
199804140MIL,RS,MIL,1737.0,,66,48,18
199804140MIL,RS,MIL,1778.0,,68,48,20
199804140MIL,RS,MIL,1831.0,,69,48,21
199804140MIL,RS,MIL,1831.0,,70,48,22
199804140MIL,RS,MIL,1839.0,,70,50,20
199804140MIL,RS,MIL,1859.0,,70,51,19
199804140MIL,RS,MIL,1886.0,,70,53,17
199804140MIL,RS,MIL,1939.0,,70,55,15
199804140MIL,RS,MIL,1939.0,,70,56,14
199804140MIL,RS,MIL,1968.0,,70,57,13
199804140MIL,RS,MIL,1968.0,,70,58,12
199804140MIL,RS,MIL,2012.0,,72,58,14
199804140MIL,RS,MIL,2036.0,,72,60,12
199804140MIL,RS,MIL,2050.0,,73,60,13
199804140MIL,RS,MIL,2067.0,,73,62,11
199804140MIL,RS,MIL,2078.0,,74,62,12
199804140MIL,RS,MIL,2078.0,,75,62,13
199804140MIL,RS,MIL,2112.0,,77,62,15
199804140MIL,RS,MIL,2124.0,,77,63,14
199804140MIL,RS,MIL,2154.0,,78,63,15
199804140MIL,RS,MIL,2154.0,,79,63,16
199804140MIL,RS,MIL,2175.0,,80,63,17
199804140MIL,RS,MIL,2175.0,,81,63,18
199804140MIL,RS,MIL,2175.0,,82,63,19
199804140MIL,RS,MIL,2252.0,,82,65,17
199804140MIL,RS,MIL,2304.0,,82,67,15
199804140MIL,RS,MIL,2322.0,,84,67,17
199804140MIL,RS,MIL,2356.0,,86,67,19
199804140MIL,RS,MIL,2402.0,,86,69,17
199804140MIL,RS,MIL,2419.0,,88,69,19
199804140MIL,RS,MIL,2470.0,,91,69,22
199804140MIL,RS,MIL,2547.0,,93,69,24
199804140MIL,RS,MIL,2571.0,,95,69,26
199804140MIL,RS,MIL,2587.0,,95,71,24
199804140MIL,RS,MIL,2642.0,,97,71,26
199804140MIL,RS,MIL,2656.0,,97,72,25
199804140MIL,RS,MIL,2690.0,,97,74,23
199804140MIL,RS,MIL,2760.0,,97,77,20
199804140MIL,RS,MIL,2773.0,,97,79,18
199804140MIL,RS,MIL,2786.0,,99,79,20
199804140MIL,RS,MIL,2808.0,,102,79,23
199804140MIL,RS,MIL,2818.0,,102,80,22
199804140MIL,RS,MIL,2862.0,,103,80,23
199804140MIL,RS,MIL,2862.0,,104,80,24
199804140MIL,RS,MIL,2874.0,,104,82,22
199804140MIL,RS,MIL,2874.0,F,104,81,23
199804150CHH,RS,NJN,0.0,,0,0,0
199804150CHH,RS,NJN,21.0,,2,0,2
199804150CHH,RS,NJN,58.0,,4,0,4
199804150CHH,RS,NJN,58.0,,5,0,5
199804150CHH,RS,NJN,79.0,,7,0,7
199804150CHH,RS,NJN,92.0,,7,2,5
199804150CHH,RS,NJN,147.0,,10,2,8
199804150CHH,RS,NJN,161.0,,10,4,6
199804150CHH,RS,NJN,182.0,,10,5,5
199804150CHH,RS,NJN,182.0,,10,6,4
199804150CHH,RS,NJN,199.0,,12,6,6
199804150CHH,RS,NJN,220.0,,12,7,5
199804150CHH,RS,NJN,242.0,,12,9,3
199804150CHH,RS,NJN,258.0,,14,9,5
199804150CHH,RS,NJN,293.0,,15,9,6
199804150CHH,RS,NJN,320.0,,15,11,4
199804150CHH,RS,NJN,382.0,,17,11,6
199804150CHH,RS,NJN,392.0,,17,13,4
199804150CHH,RS,NJN,412.0,,19,13,6
199804150CHH,RS,NJN,437.0,,21,13,8
199804150CHH,RS,NJN,475.0,,21,15,6
199804150CHH,RS,NJN,491.0,,23,15,8
199804150CHH,RS,NJN,506.0,,23,17,6
199804150CHH,RS,NJN,513.0,,24,17,7
199804150CHH,RS,NJN,513.0,,25,17,8
199804150CHH,RS,NJN,539.0,,27,17,10
199804150CHH,RS,NJN,557.0,,27,19,8
199804150CHH,RS,NJN,582.0,,29,19,10
199804150CHH,RS,NJN,605.0,,29,21,8
199804150CHH,RS,NJN,616.0,,31,21,10
199804150CHH,RS,NJN,616.0,,32,21,11
199804150CHH,RS,NJN,657.0,,34,21,13
199804150CHH,RS,NJN,677.0,,34,23,11
199804150CHH,RS,NJN,718.0,,34,25,9
199804150CHH,RS,NJN,740.0,,34,26,8
199804150CHH,RS,NJN,768.0,,36,26,10
199804150CHH,RS,NJN,781.0,,36,28,8
199804150CHH,RS,NJN,825.0,,37,28,9
199804150CHH,RS,NJN,875.0,,38,28,10
199804150CHH,RS,NJN,875.0,,39,28,11
199804150CHH,RS,NJN,886.0,,39,30,9
199804150CHH,RS,NJN,899.0,,41,30,11
199804150CHH,RS,NJN,919.0,,41,32,9
199804150CHH,RS,NJN,919.0,,41,33,8
199804150CHH,RS,NJN,946.0,,41,35,6
199804150CHH,RS,NJN,969.0,,43,35,8
199804150CHH,RS,NJN,1003.0,,46,35,11
199804150CHH,RS,NJN,1034.0,,47,35,12
199804150CHH,RS,NJN,1054.0,,47,37,10
199804150CHH,RS,NJN,1078.0,,49,37,12
199804150CHH,RS,NJN,1090.0,,49,39,10
199804150CHH,RS,NJN,1117.0,,49,41,8
199804150CHH,RS,NJN,1155.0,,49,43,6
199804150CHH,RS,NJN,1176.0,,50,43,7
199804150CHH,RS,NJN,1176.0,,51,43,8
199804150CHH,RS,NJN,1191.0,,51,44,7
199804150CHH,RS,NJN,1191.0,,51,45,6
199804150CHH,RS,NJN,1210.0,,52,45,7
199804150CHH,RS,NJN,1225.0,,52,47,5
199804150CHH,RS,NJN,1225.0,,52,48,4
199804150CHH,RS,NJN,1240.0,,52,50,2
199804150CHH,RS,NJN,1273.0,T,52,52,0
199804150CHH,RS,NJN,1280.0,,53,52,1
199804150CHH,RS,NJN,1280.0,,54,52,2
199804150CHH,RS,NJN,1303.0,,54,53,1
199804150CHH,RS,NJN,1303.0,T,54,54,0
199804150CHH,RS,NJN,1316.0,,57,54,3
199804150CHH,RS,NJN,1334.0,,57,56,1
199804150CHH,RS,NJN,1352.0,,59,56,3
199804150CHH,RS,NJN,1363.0,,59,58,1
199804150CHH,RS,NJN,1435.0,,61,58,3
199804150CHH,RS,NJN,1455.0,,61,60,1
199804150CHH,RS,NJN,1523.0,,63,60,3
199804150CHH,RS,NJN,1537.0,,63,61,2
199804150CHH,RS,NJN,1550.0,,65,61,4
199804150CHH,RS,NJN,1560.0,,65,62,3
199804150CHH,RS,NJN,1560.0,,65,63,2
199804150CHH,RS,NJN,1574.0,,67,63,4
199804150CHH,RS,NJN,1574.0,,68,63,5
199804150CHH,RS,NJN,1613.0,,70,63,7
199804150CHH,RS,NJN,1630.0,,70,65,5
199804150CHH,RS,NJN,1646.0,,72,65,7
199804150CHH,RS,NJN,1658.0,,72,67,5
199804150CHH,RS,NJN,1687.0,,72,69,3
199804150CHH,RS,NJN,1705.0,,74,69,5
199804150CHH,RS,NJN,1723.0,,74,71,3
199804150CHH,RS,NJN,1806.0,,74,73,1
199804150CHH,RS,NJN,1827.0,,77,73,4
199804150CHH,RS,NJN,1859.0,,77,74,3
199804150CHH,RS,NJN,1859.0,,77,75,2
199804150CHH,RS,NJN,1899.0,,79,75,4
199804150CHH,RS,NJN,1920.0,,79,77,2
199804150CHH,RS,NJN,1986.0,T,79,79,0
199804150CHH,RS,NJN,1997.0,,81,79,2
199804150CHH,RS,NJN,2048.0,,81,80,1
199804150CHH,RS,NJN,2048.0,T,81,81,0
199804150CHH,RS,NJN,2067.0,,83,81,2
199804150CHH,RS,NJN,2080.0,T,83,83,0
199804150CHH,RS,NJN,2105.0,,86,83,3
199804150CHH,RS,NJN,2160.0,,87,83,4
199804150CHH,RS,NJN,2177.0,,89,83,6
199804150CHH,RS,NJN,2203.0,,89,85,4
199804150CHH,RS,NJN,2238.0,,89,87,2
199804150CHH,RS,NJN,2251.0,,91,87,4
199804150CHH,RS,NJN,2286.0,,93,87,6
199804150CHH,RS,NJN,2319.0,,95,87,8
199804150CHH,RS,NJN,2388.0,,95,89,6
199804150CHH,RS,NJN,2398.0,,96,89,7
199804150CHH,RS,NJN,2398.0,,97,89,8
199804150CHH,RS,NJN,2416.0,,97,91,6
199804150CHH,RS,NJN,2416.0,,97,92,5
199804150CHH,RS,NJN,2438.0,,97,94,3
199804150CHH,RS,NJN,2496.0,,97,96,1
199804150CHH,RS,NJN,2547.0,LC,97,98,-1
199804150CHH,RS,NJN,2592.0,,97,99,-2
199804150CHH,RS,NJN,2624.0,,97,101,-4
199804150CHH,RS,NJN,2642.0,,100,101,-1
199804150CHH,RS,NJN,2717.0,LC,102,101,1
199804150CHH,RS,NJN,2757.0,,104,101,3
199804150CHH,RS,NJN,2793.0,,104,103,1
199804150CHH,RS,NJN,2861.0,,105,103,2
199804150CHH,RS,NJN,2861.0,,106,103,3
199804150CHH,RS,NJN,2874.0,F,107,103,4
199804150CHH,RS,NJN,2878.0,,109,103,6
199804170ATL,RS,ATL,0.0,,0,0,0
199804170ATL,RS,ATL,20.0,,0,2,-2
199804170ATL,RS,ATL,38.0,T,2,2,0
199804170ATL,RS,ATL,51.0,,2,5,-3
199804170ATL,RS,ATL,68.0,,4,5,-1
199804170ATL,RS,ATL,86.0,,4,6,-2
199804170ATL,RS,ATL,101.0,,4,8,-4
199804170ATL,RS,ATL,122.0,,4,11,-7
199804170ATL,RS,ATL,136.0,,6,11,-5
199804170ATL,RS,ATL,162.0,,6,13,-7
199804170ATL,RS,ATL,200.0,,6,15,-9
199804170ATL,RS,ATL,246.0,,6,18,-12
199804170ATL,RS,ATL,257.0,,8,18,-10
199804170ATL,RS,ATL,283.0,,10,18,-8
199804170ATL,RS,ATL,300.0,,10,20,-10
199804170ATL,RS,ATL,300.0,,10,21,-11
199804170ATL,RS,ATL,330.0,,10,23,-13
199804170ATL,RS,ATL,361.0,,10,25,-15
199804170ATL,RS,ATL,366.0,,12,25,-13
199804170ATL,RS,ATL,393.0,,14,25,-11
199804170ATL,RS,ATL,426.0,,14,28,-14
199804170ATL,RS,ATL,480.0,,16,28,-12
199804170ATL,RS,ATL,509.0,,16,31,-15
199804170ATL,RS,ATL,529.0,,16,34,-18
199804170ATL,RS,ATL,544.0,,18,34,-16
199804170ATL,RS,ATL,561.0,,18,36,-18
199804170ATL,RS,ATL,624.0,,18,38,-20
199804170ATL,RS,ATL,684.0,,19,38,-19
199804170ATL,RS,ATL,684.0,,20,38,-18
199804170ATL,RS,ATL,706.0,,20,41,-21
199804170ATL,RS,ATL,761.0,,20,43,-23
199804170ATL,RS,ATL,763.0,,20,45,-25
199804170ATL,RS,ATL,777.0,,22,45,-23
199804170ATL,RS,ATL,815.0,,22,47,-25
199804170ATL,RS,ATL,865.0,,24,47,-23
199804170ATL,RS,ATL,889.0,,24,49,-25
199804170ATL,RS,ATL,915.0,,26,49,-23
199804170ATL,RS,ATL,928.0,,26,51,-25
199804170ATL,RS,ATL,956.0,,28,51,-23
199804170ATL,RS,ATL,1012.0,,28,53,-25
199804170ATL,RS,ATL,1031.0,,30,53,-23
199804170ATL,RS,ATL,1073.0,,30,55,-25
199804170ATL,RS,ATL,1090.0,,30,57,-27
199804170ATL,RS,ATL,1099.0,,32,57,-25
199804170ATL,RS,ATL,1144.0,,35,57,-22
199804170ATL,RS,ATL,1183.0,,37,57,-20
199804170ATL,RS,ATL,1211.0,,37,58,-21
199804170ATL,RS,ATL,1211.0,,37,59,-22
199804170ATL,RS,ATL,1250.0,,37,61,-24
199804170ATL,RS,ATL,1293.0,,37,63,-26
199804170ATL,RS,ATL,1306.0,,39,63,-24
199804170ATL,RS,ATL,1328.0,,39,64,-25
199804170ATL,RS,ATL,1347.0,,39,66,-27
199804170ATL,RS,ATL,1356.0,,41,66,-25
199804170ATL,RS,ATL,1383.0,,41,67,-26
199804170ATL,RS,ATL,1383.0,,41,68,-27
199804170ATL,RS,ATL,1399.0,,43,68,-25
199804170ATL,RS,ATL,1436.0,,43,71,-28
199804170ATL,RS,ATL,1455.0,,46,71,-25
199804170ATL,RS,ATL,1525.0,,48,71,-23
199804170ATL,RS,ATL,1545.0,,48,72,-24
199804170ATL,RS,ATL,1562.0,,51,72,-21
199804170ATL,RS,ATL,1592.0,,54,72,-18
199804170ATL,RS,ATL,1624.0,,55,72,-17
199804170ATL,RS,ATL,1624.0,,56,72,-16
199804170ATL,RS,ATL,1635.0,,56,74,-18
199804170ATL,RS,ATL,1645.0,,57,74,-17
199804170ATL,RS,ATL,1677.0,,59,74,-15
199804170ATL,RS,ATL,1696.0,,59,76,-17
199804170ATL,RS,ATL,1713.0,,59,77,-18
199804170ATL,RS,ATL,1760.0,,59,79,-20
199804170ATL,RS,ATL,1779.0,,61,79,-18
199804170ATL,RS,ATL,1798.0,,61,81,-20
199804170ATL,RS,ATL,1816.0,,61,83,-22
199804170ATL,RS,ATL,1869.0,,61,84,-23
199804170ATL,RS,ATL,1877.0,,63,84,-21
199804170ATL,RS,ATL,1894.0,,63,86,-23
199804170ATL,RS,ATL,1904.0,,65,86,-21
199804170ATL,RS,ATL,1919.0,,65,87,-22
199804170ATL,RS,ATL,1919.0,,65,88,-23
199804170ATL,RS,ATL,1933.0,,65,90,-25
199804170ATL,RS,ATL,1954.0,,67,90,-23
199804170ATL,RS,ATL,1981.0,,69,90,-21
199804170ATL,RS,ATL,2015.0,,69,92,-23
199804170ATL,RS,ATL,2051.0,,69,94,-25
199804170ATL,RS,ATL,2061.0,,71,94,-23
199804170ATL,RS,ATL,2082.0,,71,97,-26
199804170ATL,RS,ATL,2096.0,,73,97,-24
199804170ATL,RS,ATL,2139.0,,73,98,-25
199804170ATL,RS,ATL,2139.0,,73,99,-26
199804170ATL,RS,ATL,2159.0,,74,99,-25
199804170ATL,RS,ATL,2159.0,,75,99,-24
199804170ATL,RS,ATL,2245.0,,78,99,-21
199804170ATL,RS,ATL,2263.0,,78,102,-24
199804170ATL,RS,ATL,2285.0,,78,103,-25
199804170ATL,RS,ATL,2285.0,,78,104,-26
199804170ATL,RS,ATL,2314.0,,78,107,-29
199804170ATL,RS,ATL,2333.0,,79,107,-28
199804170ATL,RS,ATL,2384.0,,79,109,-30
199804170ATL,RS,ATL,2400.0,,82,109,-27
199804170ATL,RS,ATL,2415.0,,82,111,-29
199804170ATL,RS,ATL,2433.0,,84,111,-27
199804170ATL,RS,ATL,2433.0,,85,111,-26
199804170ATL,RS,ATL,2453.0,,85,113,-28
199804170ATL,RS,ATL,2494.0,,87,113,-26
199804170ATL,RS,ATL,2569.0,,87,115,-28
199804170ATL,RS,ATL,2577.0,,90,115,-25
199804170ATL,RS,ATL,2659.0,,90,117,-27
199804170ATL,RS,ATL,2684.0,,91,117,-26
199804170ATL,RS,ATL,2684.0,,92,117,-25
199804170ATL,RS,ATL,2704.0,,92,119,-27
199804170ATL,RS,ATL,2719.0,,94,119,-25
199804170ATL,RS,ATL,2743.0,,95,119,-24
199804170ATL,RS,ATL,2743.0,,96,119,-23
199804170ATL,RS,ATL,2760.0,,98,119,-21
199804170ATL,RS,ATL,2788.0,,100,119,-19
199804170ATL,RS,ATL,2830.0,,100,121,-21
199804170ATL,RS,ATL,2842.0,F,101,121,-20
199804170ATL,RS,ATL,2876.0,,104,121,-17
199804190CHH,RS,ORL,0.0,,0,0,0
199804190CHH,RS,ORL,35.0,,0,2,-2
199804190CHH,RS,ORL,65.0,T,2,2,0
199804190CHH,RS,ORL,135.0,,2,5,-3
199804190CHH,RS,ORL,191.0,,2,7,-5
199804190CHH,RS,ORL,253.0,,4,7,-3
199804190CHH,RS,ORL,270.0,,4,9,-5
199804190CHH,RS,ORL,287.0,,6,9,-3
199804190CHH,RS,ORL,329.0,,8,9,-1
199804190CHH,RS,ORL,383.0,LC,10,9,1
199804190CHH,RS,ORL,429.0,LC,10,11,-1
199804190CHH,RS,ORL,451.0,LC,12,11,1
199804190CHH,RS,ORL,467.0,LC,12,13,-1
199804190CHH,RS,ORL,495.0,,12,15,-3
199804190CHH,RS,ORL,518.0,,14,15,-1
199804190CHH,RS,ORL,535.0,,14,17,-3
199804190CHH,RS,ORL,579.0,,14,18,-4
199804190CHH,RS,ORL,579.0,,14,19,-5
199804190CHH,RS,ORL,602.0,,16,19,-3
199804190CHH,RS,ORL,623.0,,16,21,-5
199804190CHH,RS,ORL,691.0,,18,21,-3
199804190CHH,RS,ORL,703.0,,18,23,-5
199804190CHH,RS,ORL,732.0,,18,24,-6
199804190CHH,RS,ORL,732.0,,18,25,-7
199804190CHH,RS,ORL,774.0,,20,25,-5
199804190CHH,RS,ORL,774.0,,21,25,-4
199804190CHH,RS,ORL,791.0,,21,27,-6
199804190CHH,RS,ORL,824.0,,23,27,-4
199804190CHH,RS,ORL,860.0,,25,27,-2
199804190CHH,RS,ORL,882.0,,25,29,-4
199804190CHH,RS,ORL,893.0,,27,29,-2
199804190CHH,RS,ORL,963.0,T,29,29,0
199804190CHH,RS,ORL,1007.0,,29,30,-1
199804190CHH,RS,ORL,1021.0,LC,31,30,1
199804190CHH,RS,ORL,1055.0,,33,30,3
199804190CHH,RS,ORL,1070.0,,33,32,1
199804190CHH,RS,ORL,1117.0,,35,32,3
199804190CHH,RS,ORL,1134.0,,35,33,2
199804190CHH,RS,ORL,1134.0,,35,34,1
199804190CHH,RS,ORL,1148.0,T,35,35,0
199804190CHH,RS,ORL,1167.0,,37,35,2
199804190CHH,RS,ORL,1201.0,,39,35,4
199804190CHH,RS,ORL,1260.0,,41,35,6
199804190CHH,RS,ORL,1306.0,,43,35,8
199804190CHH,RS,ORL,1337.0,,43,37,6
199804190CHH,RS,ORL,1356.0,,45,37,8
199804190CHH,RS,ORL,1372.0,,45,38,7
199804190CHH,RS,ORL,1372.0,,45,39,6
199804190CHH,RS,ORL,1389.0,,47,39,8
199804190CHH,RS,ORL,1564.0,,49,39,10
199804190CHH,RS,ORL,1587.0,,51,39,12
199804190CHH,RS,ORL,1654.0,,53,39,14
199804190CHH,RS,ORL,1733.0,,55,39,16
199804190CHH,RS,ORL,1733.0,,56,39,17
199804190CHH,RS,ORL,1747.0,,56,41,15
199804190CHH,RS,ORL,1774.0,,56,42,14
199804190CHH,RS,ORL,1774.0,,56,43,13
199804190CHH,RS,ORL,1811.0,,58,43,15
199804190CHH,RS,ORL,1881.0,,58,44,14
199804190CHH,RS,ORL,1922.0,,60,44,16
199804190CHH,RS,ORL,1940.0,,60,46,14
199804190CHH,RS,ORL,1940.0,,60,47,13
199804190CHH,RS,ORL,1954.0,,62,47,15
199804190CHH,RS,ORL,2055.0,,62,49,13
199804190CHH,RS,ORL,2067.0,,64,49,15
199804190CHH,RS,ORL,2095.0,,64,52,12
199804190CHH,RS,ORL,2192.0,,64,53,11
199804190CHH,RS,ORL,2192.0,,64,54,10
199804190CHH,RS,ORL,2206.0,,67,54,13
199804190CHH,RS,ORL,2229.0,,69,54,15
199804190CHH,RS,ORL,2256.0,,69,57,12
199804190CHH,RS,ORL,2275.0,,72,57,15
199804190CHH,RS,ORL,2327.0,,75,57,18
199804190CHH,RS,ORL,2346.0,,75,59,16
199804190CHH,RS,ORL,2346.0,,75,60,15
199804190CHH,RS,ORL,2366.0,,77,60,17
199804190CHH,RS,ORL,2412.0,,77,61,16
199804190CHH,RS,ORL,2435.0,,79,61,18
199804190CHH,RS,ORL,2449.0,,79,63,16
199804190CHH,RS,ORL,2463.0,,81,63,18
199804190CHH,RS,ORL,2486.0,,82,63,19
199804190CHH,RS,ORL,2486.0,,83,63,20
199804190CHH,RS,ORL,2542.0,,83,65,18
199804190CHH,RS,ORL,2560.0,,85,65,20
199804190CHH,RS,ORL,2575.0,,85,67,18
199804190CHH,RS,ORL,2612.0,,86,67,19
199804190CHH,RS,ORL,2612.0,,87,67,20
199804190CHH,RS,ORL,2620.0,,87,68,19
199804190CHH,RS,ORL,2656.0,,87,70,17
199804190CHH,RS,ORL,2704.0,,87,71,16
199804190CHH,RS,ORL,2765.0,,89,71,18
199804190CHH,RS,ORL,2796.0,,89,72,17
199804190CHH,RS,ORL,2841.0,F,89,74,15
199804190CHH,RS,ORL,2870.0,,89,76,13
199804230CHH,PO,ATL,0.0,,0,0,0
199804230CHH,PO,ATL,16.0,,0,2,-2
199804230CHH,PO,ATL,65.0,T,2,2,0
199804230CHH,PO,ATL,115.0,LC,4,2,2
199804230CHH,PO,ATL,136.0,T,4,4,0
199804230CHH,PO,ATL,146.0,,5,4,1
199804230CHH,PO,ATL,146.0,,6,4,2
199804230CHH,PO,ATL,187.0,T,6,6,0
199804230CHH,PO,ATL,224.0,LC,6,8,-2
199804230CHH,PO,ATL,240.0,T,8,8,0
199804230CHH,PO,ATL,259.0,,8,10,-2
199804230CHH,PO,ATL,279.0,,8,12,-4
199804230CHH,PO,ATL,309.0,,8,15,-7
199804230CHH,PO,ATL,332.0,,8,16,-8
199804230CHH,PO,ATL,392.0,,8,18,-10
199804230CHH,PO,ATL,412.0,,10,18,-8
199804230CHH,PO,ATL,432.0,,10,21,-11
199804230CHH,PO,ATL,454.0,,13,21,-8
199804230CHH,PO,ATL,484.0,,14,21,-7
199804230CHH,PO,ATL,499.0,,14,24,-10
199804230CHH,PO,ATL,542.0,,14,26,-12
199804230CHH,PO,ATL,553.0,,16,26,-10
199804230CHH,PO,ATL,586.0,,16,29,-13
199804230CHH,PO,ATL,612.0,,18,29,-11
199804230CHH,PO,ATL,643.0,,21,29,-8
199804230CHH,PO,ATL,717.0,,23,29,-6
199804230CHH,PO,ATL,742.0,,23,32,-9
199804230CHH,PO,ATL,760.0,,25,32,-7
199804230CHH,PO,ATL,776.0,,25,34,-9
199804230CHH,PO,ATL,790.0,,27,34,-7
199804230CHH,PO,ATL,813.0,,27,35,-8
199804230CHH,PO,ATL,813.0,,27,36,-9
199804230CHH,PO,ATL,830.0,,29,36,-7
199804230CHH,PO,ATL,853.0,,29,38,-9
199804230CHH,PO,ATL,871.0,,29,40,-11
199804230CHH,PO,ATL,911.0,,30,40,-10
199804230CHH,PO,ATL,936.0,,32,40,-8
199804230CHH,PO,ATL,969.0,,32,42,-10
199804230CHH,PO,ATL,991.0,,33,42,-9
199804230CHH,PO,ATL,1000.0,,35,42,-7
199804230CHH,PO,ATL,1016.0,,35,44,-9
199804230CHH,PO,ATL,1088.0,,35,45,-10
199804230CHH,PO,ATL,1116.0,,35,47,-12
199804230CHH,PO,ATL,1138.0,,37,47,-10
199804230CHH,PO,ATL,1158.0,,37,49,-12
199804230CHH,PO,ATL,1190.0,,39,49,-10
199804230CHH,PO,ATL,1207.0,,39,51,-12
199804230CHH,PO,ATL,1249.0,,42,51,-9
199804230CHH,PO,ATL,1275.0,,43,51,-8
199804230CHH,PO,ATL,1275.0,,44,51,-7
199804230CHH,PO,ATL,1284.0,,44,53,-9
199804230CHH,PO,ATL,1302.0,,47,53,-6
199804230CHH,PO,ATL,1385.0,,49,53,-4
199804230CHH,PO,ATL,1398.0,,51,53,-2
199804230CHH,PO,ATL,1418.0,,51,54,-3
199804230CHH,PO,ATL,1438.0,,53,54,-1
199804230CHH,PO,ATL,1438.0,T,54,54,0
199804230CHH,PO,ATL,1458.0,LC,56,54,2
199804230CHH,PO,ATL,1502.0,,58,54,4
199804230CHH,PO,ATL,1570.0,,58,57,1
199804230CHH,PO,ATL,1644.0,,60,57,3
199804230CHH,PO,ATL,1686.0,,63,57,6
199804230CHH,PO,ATL,1705.0,,63,58,5
199804230CHH,PO,ATL,1722.0,,63,60,3
199804230CHH,PO,ATL,1722.0,,65,60,5
199804230CHH,PO,ATL,1749.0,,67,60,7
199804230CHH,PO,ATL,1782.0,,69,60,9
199804230CHH,PO,ATL,1888.0,,69,62,7
199804230CHH,PO,ATL,1907.0,,71,62,9
199804230CHH,PO,ATL,1972.0,,71,63,8
199804230CHH,PO,ATL,1972.0,,71,64,7
199804230CHH,PO,ATL,2002.0,,71,65,6
199804230CHH,PO,ATL,2016.0,,73,65,8
199804230CHH,PO,ATL,2034.0,,73,67,6
199804230CHH,PO,ATL,2098.0,,73,69,4
199804230CHH,PO,ATL,2104.0,,74,69,5
199804230CHH,PO,ATL,2104.0,,75,69,6
199804230CHH,PO,ATL,2165.0,,77,69,8
199804230CHH,PO,ATL,2187.0,,77,72,5
199804230CHH,PO,ATL,2232.0,,77,74,3
199804230CHH,PO,ATL,2254.0,,79,74,5
199804230CHH,PO,ATL,2278.0,,79,76,3
199804230CHH,PO,ATL,2308.0,,81,76,5
199804230CHH,PO,ATL,2343.0,,81,78,3
199804230CHH,PO,ATL,2371.0,,81,80,1
199804230CHH,PO,ATL,2422.0,LC,81,82,-1
199804230CHH,PO,ATL,2438.0,LC,83,82,1
199804230CHH,PO,ATL,2508.0,,85,82,3
199804230CHH,PO,ATL,2583.0,,87,82,5
199804230CHH,PO,ATL,2597.0,,87,84,3
199804230CHH,PO,ATL,2619.0,,89,84,5
199804230CHH,PO,ATL,2740.0,,91,84,7
199804230CHH,PO,ATL,2785.0,,91,87,4
199804230CHH,PO,ATL,2827.0,,94,87,7
199804230CHH,PO,ATL,2860.0,F,96,87,9
199804230CHH,PO,ATL,2876.0,,97,87,10
199804250CHH,PO,ATL,0.0,,0,0,0
199804250CHH,PO,ATL,96.0,,0,1,-1
199804250CHH,PO,ATL,111.0,LC,2,1,1
199804250CHH,PO,ATL,134.0,,4,1,3
199804250CHH,PO,ATL,150.0,,4,3,1
199804250CHH,PO,ATL,160.0,,6,3,3
199804250CHH,PO,ATL,176.0,,6,4,2
199804250CHH,PO,ATL,176.0,,6,5,1
199804250CHH,PO,ATL,200.0,LC,6,7,-1
199804250CHH,PO,ATL,223.0,LC,8,7,1
199804250CHH,PO,ATL,245.0,LC,8,9,-1
199804250CHH,PO,ATL,269.0,LC,10,9,1
199804250CHH,PO,ATL,294.0,,12,9,3
199804250CHH,PO,ATL,329.0,T,12,12,0
199804250CHH,PO,ATL,358.0,LC,12,14,-2
199804250CHH,PO,ATL,381.0,T,14,14,0
199804250CHH,PO,ATL,411.0,LC,16,14,2
199804250CHH,PO,ATL,436.0,T,16,16,0
199804250CHH,PO,ATL,446.0,,17,16,1
199804250CHH,PO,ATL,480.0,T,17,17,0
199804250CHH,PO,ATL,480.0,LC,17,18,-1
199804250CHH,PO,ATL,506.0,,17,20,-3
199804250CHH,PO,ATL,549.0,,18,20,-2
199804250CHH,PO,ATL,549.0,,19,20,-1
199804250CHH,PO,ATL,609.0,,19,22,-3
199804250CHH,PO,ATL,644.0,,19,24,-5
199804250CHH,PO,ATL,668.0,,19,25,-6
199804250CHH,PO,ATL,692.0,,19,27,-8
199804250CHH,PO,ATL,778.0,,19,29,-10
199804250CHH,PO,ATL,789.0,,21,29,-8
199804250CHH,PO,ATL,813.0,,21,31,-10
199804250CHH,PO,ATL,834.0,,23,31,-8
199804250CHH,PO,ATL,867.0,,23,33,-10
199804250CHH,PO,ATL,882.0,,25,33,-8
199804250CHH,PO,ATL,925.0,,25,36,-11
199804250CHH,PO,ATL,943.0,,26,36,-10
199804250CHH,PO,ATL,965.0,,26,39,-13
199804250CHH,PO,ATL,1003.0,,26,41,-15
199804250CHH,PO,ATL,1028.0,,29,41,-12
199804250CHH,PO,ATL,1046.0,,29,43,-14
199804250CHH,PO,ATL,1067.0,,31,43,-12
199804250CHH,PO,ATL,1094.0,,33,43,-10
199804250CHH,PO,ATL,1124.0,,35,43,-8
199804250CHH,PO,ATL,1214.0,,35,45,-10
199804250CHH,PO,ATL,1272.0,,37,45,-8
199804250CHH,PO,ATL,1316.0,,38,45,-7
199804250CHH,PO,ATL,1316.0,,39,45,-6
199804250CHH,PO,ATL,1358.0,,41,45,-4
199804250CHH,PO,ATL,1366.0,,41,46,-5
199804250CHH,PO,ATL,1392.0,,43,46,-3
199804250CHH,PO,ATL,1401.0,,43,47,-4
199804250CHH,PO,ATL,1401.0,,43,48,-5
199804250CHH,PO,ATL,1466.0,,45,48,-3
199804250CHH,PO,ATL,1488.0,,45,50,-5
199804250CHH,PO,ATL,1564.0,,45,52,-7
199804250CHH,PO,ATL,1610.0,,47,52,-5
199804250CHH,PO,ATL,1649.0,,47,54,-7
199804250CHH,PO,ATL,1682.0,,49,54,-5
199804250CHH,PO,ATL,1717.0,,51,54,-3
199804250CHH,PO,ATL,1786.0,,51,56,-5
199804250CHH,PO,ATL,1808.0,,52,56,-4
199804250CHH,PO,ATL,1842.0,,53,56,-3
199804250CHH,PO,ATL,1842.0,,54,56,-2
199804250CHH,PO,ATL,1903.0,,54,57,-3
199804250CHH,PO,ATL,1903.0,,54,58,-4
199804250CHH,PO,ATL,1924.0,,55,58,-3
199804250CHH,PO,ATL,1924.0,,56,58,-2
199804250CHH,PO,ATL,1946.0,T,58,58,0
199804250CHH,PO,ATL,2000.0,,58,60,-2
199804250CHH,PO,ATL,2108.0,,58,62,-4
199804250CHH,PO,ATL,2129.0,,60,62,-2
199804250CHH,PO,ATL,2158.0,,61,62,-1
199804250CHH,PO,ATL,2158.0,T,62,62,0
199804250CHH,PO,ATL,2197.0,,62,64,-2
199804250CHH,PO,ATL,2245.0,,62,66,-4
199804250CHH,PO,ATL,2257.0,,63,66,-3
199804250CHH,PO,ATL,2257.0,,64,66,-2
199804250CHH,PO,ATL,2303.0,T,66,66,0
199804250CHH,PO,ATL,2330.0,,66,68,-2
199804250CHH,PO,ATL,2346.0,T,68,68,0
199804250CHH,PO,ATL,2396.0,LC,70,68,2
199804250CHH,PO,ATL,2418.0,,70,69,1
199804250CHH,PO,ATL,2474.0,LC,70,71,-1
199804250CHH,PO,ATL,2495.0,LC,73,71,2
199804250CHH,PO,ATL,2513.0,T,73,73,0
199804250CHH,PO,ATL,2535.0,,75,73,2
199804250CHH,PO,ATL,2566.0,,77,73,4
199804250CHH,PO,ATL,2612.0,,79,73,6
199804250CHH,PO,ATL,2632.0,,79,74,5
199804250CHH,PO,ATL,2650.0,,81,74,7
199804250CHH,PO,ATL,2677.0,,83,74,9
199804250CHH,PO,ATL,2701.0,,83,76,7
199804250CHH,PO,ATL,2723.0,,85,76,9
199804250CHH,PO,ATL,2723.0,,86,76,10
199804250CHH,PO,ATL,2734.0,,86,79,7
199804250CHH,PO,ATL,2808.0,,87,79,8
199804250CHH,PO,ATL,2819.0,,88,79,9
199804250CHH,PO,ATL,2836.0,,88,82,6
199804250CHH,PO,ATL,2840.0,,89,82,7
199804250CHH,PO,ATL,2848.0,,89,85,4
199804250CHH,PO,ATL,2851.0,,90,85,5
199804250CHH,PO,ATL,2851.0,,91,85,6
199804250CHH,PO,ATL,2871.0,F,92,85,7
199804250CHH,PO,ATL,2875.0,,92,85,7
199804280ATL,PO,ATL,0.0,,0,0,0
199804280ATL,PO,ATL,19.0,,0,2,-2
199804280ATL,PO,ATL,81.0,LC,3,2,1
199804280ATL,PO,ATL,96.0,LC,3,4,-1
199804280ATL,PO,ATL,121.0,,3,6,-3
199804280ATL,PO,ATL,160.0,,3,8,-5
199804280ATL,PO,ATL,169.0,,5,8,-3
199804280ATL,PO,ATL,191.0,,5,10,-5
199804280ATL,PO,ATL,225.0,,5,13,-8
199804280ATL,PO,ATL,270.0,,7,13,-6
199804280ATL,PO,ATL,305.0,,9,13,-4
199804280ATL,PO,ATL,344.0,,9,14,-5
199804280ATL,PO,ATL,344.0,,9,15,-6
199804280ATL,PO,ATL,366.0,,9,17,-8
199804280ATL,PO,ATL,388.0,,11,17,-6
199804280ATL,PO,ATL,442.0,,13,17,-4
199804280ATL,PO,ATL,502.0,,13,19,-6
199804280ATL,PO,ATL,519.0,,13,21,-8
199804280ATL,PO,ATL,550.0,,13,22,-9
199804280ATL,PO,ATL,550.0,,13,23,-10
199804280ATL,PO,ATL,567.0,,14,23,-9
199804280ATL,PO,ATL,587.0,,14,25,-11
199804280ATL,PO,ATL,608.0,,16,25,-9
199804280ATL,PO,ATL,639.0,,18,25,-7
199804280ATL,PO,ATL,658.0,,18,26,-8
199804280ATL,PO,ATL,658.0,,18,27,-9
199804280ATL,PO,ATL,696.0,,18,30,-12
199804280ATL,PO,ATL,742.0,,20,30,-10
199804280ATL,PO,ATL,788.0,,20,32,-12
199804280ATL,PO,ATL,810.0,,21,32,-11
199804280ATL,PO,ATL,861.0,,21,33,-12
199804280ATL,PO,ATL,883.0,,23,33,-10
199804280ATL,PO,ATL,938.0,,25,33,-8
199804280ATL,PO,ATL,960.0,,25,34,-9
199804280ATL,PO,ATL,960.0,,25,35,-10
199804280ATL,PO,ATL,1042.0,,27,35,-8
199804280ATL,PO,ATL,1072.0,,28,35,-7
199804280ATL,PO,ATL,1110.0,,28,37,-9
199804280ATL,PO,ATL,1165.0,,28,39,-11
199804280ATL,PO,ATL,1212.0,,28,41,-13
199804280ATL,PO,ATL,1236.0,,30,41,-11
199804280ATL,PO,ATL,1259.0,,30,43,-13
199804280ATL,PO,ATL,1284.0,,32,43,-11
199804280ATL,PO,ATL,1306.0,,32,45,-13
199804280ATL,PO,ATL,1379.0,,32,48,-16
199804280ATL,PO,ATL,1440.0,,32,51,-19
199804280ATL,PO,ATL,1486.0,,32,53,-21
199804280ATL,PO,ATL,1549.0,,32,54,-22
199804280ATL,PO,ATL,1573.0,,34,54,-20
199804280ATL,PO,ATL,1594.0,,34,56,-22
199804280ATL,PO,ATL,1666.0,,37,56,-19
199804280ATL,PO,ATL,1690.0,,37,57,-20
199804280ATL,PO,ATL,1690.0,,37,58,-21
199804280ATL,PO,ATL,1764.0,,37,59,-22
199804280ATL,PO,ATL,1801.0,,37,61,-24
199804280ATL,PO,ATL,1821.0,,37,63,-26
199804280ATL,PO,ATL,1838.0,,40,63,-23
199804280ATL,PO,ATL,1888.0,,40,64,-24
199804280ATL,PO,ATL,1888.0,,40,65,-25
199804280ATL,PO,ATL,1909.0,,42,65,-23
199804280ATL,PO,ATL,1926.0,,42,66,-24
199804280ATL,PO,ATL,1955.0,,44,66,-22
199804280ATL,PO,ATL,2069.0,,44,69,-25
199804280ATL,PO,ATL,2093.0,,44,70,-26
199804280ATL,PO,ATL,2146.0,,44,72,-28
199804280ATL,PO,ATL,2157.0,,44,74,-30
199804280ATL,PO,ATL,2198.0,,45,74,-29
199804280ATL,PO,ATL,2198.0,,46,74,-28
199804280ATL,PO,ATL,2208.0,,46,76,-30
199804280ATL,PO,ATL,2227.0,,49,76,-27
199804280ATL,PO,ATL,2256.0,,49,79,-30
199804280ATL,PO,ATL,2332.0,,49,80,-31
199804280ATL,PO,ATL,2332.0,,49,81,-32
199804280ATL,PO,ATL,2366.0,,49,82,-33
199804280ATL,PO,ATL,2366.0,,49,83,-34
199804280ATL,PO,ATL,2386.0,,49,85,-36
199804280ATL,PO,ATL,2407.0,,49,87,-38
199804280ATL,PO,ATL,2425.0,,51,87,-36
199804280ATL,PO,ATL,2467.0,,53,87,-34
199804280ATL,PO,ATL,2528.0,,53,89,-36
199804280ATL,PO,ATL,2598.0,,53,91,-38
199804280ATL,PO,ATL,2607.0,,55,91,-36
199804280ATL,PO,ATL,2659.0,,56,91,-35
199804280ATL,PO,ATL,2690.0,,58,91,-33
199804280ATL,PO,ATL,2744.0,,59,91,-32
199804280ATL,PO,ATL,2748.0,,60,91,-31
199804280ATL,PO,ATL,2773.0,,60,94,-34
199804280ATL,PO,ATL,2785.0,,61,94,-33
199804280ATL,PO,ATL,2785.0,,62,94,-32
199804280ATL,PO,ATL,2835.0,,64,94,-30
199804280ATL,PO,ATL,2875.0,,64,95,-31
199804280ATL,PO,ATL,2875.0,F,64,96,-32
199804280ATL,PO,ATL,2880.0,,64,96,-32
199805010ATL,PO,ATL,0.0,,0,0,0
199805010ATL,PO,ATL,51.0,,0,2,-2
199805010ATL,PO,ATL,63.0,T,2,2,0
199805010ATL,PO,ATL,108.0,,2,4,-2
199805010ATL,PO,ATL,140.0,T,4,4,0
199805010ATL,PO,ATL,163.0,,4,6,-2
199805010ATL,PO,ATL,171.0,T,6,6,0
199805010ATL,PO,ATL,198.0,LC,8,6,2
199805010ATL,PO,ATL,231.0,,10,6,4
199805010ATL,PO,ATL,319.0,,10,9,1
199805010ATL,PO,ATL,370.0,LC,10,11,-1
199805010ATL,PO,ATL,424.0,,10,13,-3
199805010ATL,PO,ATL,444.0,,12,13,-1
199805010ATL,PO,ATL,500.0,,12,15,-3
199805010ATL,PO,ATL,541.0,,12,17,-5
199805010ATL,PO,ATL,541.0,,12,18,-6
199805010ATL,PO,ATL,574.0,,12,20,-8
199805010ATL,PO,ATL,593.0,,14,20,-6
199805010ATL,PO,ATL,615.0,,14,22,-8
199805010ATL,PO,ATL,647.0,,15,22,-7
199805010ATL,PO,ATL,647.0,,16,22,-6
199805010ATL,PO,ATL,675.0,,18,22,-4
199805010ATL,PO,ATL,689.0,,18,24,-6
199805010ATL,PO,ATL,737.0,,20,24,-4
199805010ATL,PO,ATL,762.0,,22,24,-2
199805010ATL,PO,ATL,780.0,T,24,24,0
199805010ATL,PO,ATL,802.0,,24,26,-2
199805010ATL,PO,ATL,847.0,,24,28,-4
199805010ATL,PO,ATL,864.0,,25,28,-3
199805010ATL,PO,ATL,880.0,,25,31,-6
199805010ATL,PO,ATL,904.0,,27,31,-4
199805010ATL,PO,ATL,949.0,,27,33,-6
199805010ATL,PO,ATL,978.0,,27,35,-8
199805010ATL,PO,ATL,1144.0,,29,35,-6
199805010ATL,PO,ATL,1158.0,,29,37,-8
199805010ATL,PO,ATL,1247.0,,29,39,-10
199805010ATL,PO,ATL,1275.0,,31,39,-8
199805010ATL,PO,ATL,1327.0,,31,40,-9
199805010ATL,PO,ATL,1371.0,,31,41,-10
199805010ATL,PO,ATL,1385.0,,33,41,-8
199805010ATL,PO,ATL,1440.0,,35,41,-6
199805010ATL,PO,ATL,1462.0,,37,41,-4
199805010ATL,PO,ATL,1487.0,,39,41,-2
199805010ATL,PO,ATL,1505.0,,39,42,-3
199805010ATL,PO,ATL,1550.0,,41,42,-1
199805010ATL,PO,ATL,1591.0,,41,43,-2
199805010ATL,PO,ATL,1591.0,,41,44,-3
199805010ATL,PO,ATL,1655.0,,41,47,-6
199805010ATL,PO,ATL,1680.0,,44,47,-3
199805010ATL,PO,ATL,1698.0,,44,50,-6
199805010ATL,PO,ATL,1715.0,,47,50,-3
199805010ATL,PO,ATL,1738.0,,47,51,-4
199805010ATL,PO,ATL,1750.0,,47,53,-6
199805010ATL,PO,ATL,1763.0,,49,53,-4
199805010ATL,PO,ATL,1835.0,,51,53,-2
199805010ATL,PO,ATL,1835.0,,52,53,-1
199805010ATL,PO,ATL,1863.0,LC,54,53,1
199805010ATL,PO,ATL,1863.0,,55,53,2
199805010ATL,PO,ATL,1884.0,T,55,55,0
199805010ATL,PO,ATL,1919.0,LC,55,57,-2
199805010ATL,PO,ATL,1970.0,T,57,57,0
199805010ATL,PO,ATL,1991.0,,57,60,-3
199805010ATL,PO,ATL,2003.0,,59,60,-1
199805010ATL,PO,ATL,2025.0,,59,63,-4
199805010ATL,PO,ATL,2060.0,,61,63,-2
199805010ATL,PO,ATL,2079.0,,61,64,-3
199805010ATL,PO,ATL,2088.0,,62,64,-2
199805010ATL,PO,ATL,2111.0,,63,64,-1
199805010ATL,PO,ATL,2111.0,T,64,64,0
199805010ATL,PO,ATL,2157.0,LC,66,64,2
199805010ATL,PO,ATL,2176.0,T,66,66,0
199805010ATL,PO,ATL,2190.0,,68,66,2
199805010ATL,PO,ATL,2245.0,,68,67,1
199805010ATL,PO,ATL,2245.0,T,68,68,0
199805010ATL,PO,ATL,2281.0,,70,68,2
199805010ATL,PO,ATL,2345.0,,70,69,1
199805010ATL,PO,ATL,2345.0,T,70,70,0
199805010ATL,PO,ATL,2364.0,,72,70,2
199805010ATL,PO,ATL,2386.0,T,72,72,0
199805010ATL,PO,ATL,2406.0,,74,72,2
199805010ATL,PO,ATL,2455.0,,74,73,1
199805010ATL,PO,ATL,2455.0,T,74,74,0
199805010ATL,PO,ATL,2510.0,,76,74,2
199805010ATL,PO,ATL,2555.0,,78,74,4
199805010ATL,PO,ATL,2601.0,,80,74,6
199805010ATL,PO,ATL,2642.0,,82,74,8
199805010ATL,PO,ATL,2662.0,,82,76,6
199805010ATL,PO,ATL,2683.0,,84,76,8
199805010ATL,PO,ATL,2731.0,,86,76,10
199805010ATL,PO,ATL,2751.0,,88,76,12
199805010ATL,PO,ATL,2771.0,,88,77,11
199805010ATL,PO,ATL,2771.0,,88,78,10
199805010ATL,PO,ATL,2794.0,,88,80,8
199805010ATL,PO,ATL,2797.0,,89,80,9
199805010ATL,PO,ATL,2816.0,,90,80,10
199805010ATL,PO,ATL,2835.0,,91,80,11
199805010ATL,PO,ATL,2856.0,F,91,82,9
199805010ATL,PO,ATL,2880.0,,91,82,9
199805030CHI,PO,CHI,0.0,,0,0,0
199805030CHI,PO,CHI,40.0,,2,0,2
199805030CHI,PO,CHI,67.0,,5,0,5
199805030CHI,PO,CHI,116.0,,5,2,3
199805030CHI,PO,CHI,242.0,,8,2,6
199805030CHI,PO,CHI,261.0,,8,4,4
199805030CHI,PO,CHI,279.0,,10,4,6
199805030CHI,PO,CHI,312.0,,13,4,9
199805030CHI,PO,CHI,331.0,,13,6,7
199805030CHI,PO,CHI,347.0,,15,6,9
199805030CHI,PO,CHI,446.0,,15,8,7
199805030CHI,PO,CHI,464.0,,17,8,9
199805030CHI,PO,CHI,529.0,,19,8,11
199805030CHI,PO,CHI,616.0,,19,11,8
199805030CHI,PO,CHI,640.0,,21,11,10
199805030CHI,PO,CHI,663.0,,21,13,8
199805030CHI,PO,CHI,677.0,,23,13,10
199805030CHI,PO,CHI,688.0,,23,14,9
199805030CHI,PO,CHI,688.0,,23,15,8
199805030CHI,PO,CHI,752.0,,25,15,10
199805030CHI,PO,CHI,797.0,,26,15,11
199805030CHI,PO,CHI,828.0,,27,15,12
199805030CHI,PO,CHI,828.0,,28,15,13
199805030CHI,PO,CHI,916.0,,29,15,14
199805030CHI,PO,CHI,916.0,,30,15,15
199805030CHI,PO,CHI,933.0,,30,17,13
199805030CHI,PO,CHI,952.0,,32,17,15
199805030CHI,PO,CHI,973.0,,32,19,13
199805030CHI,PO,CHI,999.0,,32,22,10
199805030CHI,PO,CHI,1034.0,,32,24,8
199805030CHI,PO,CHI,1034.0,,32,25,7
199805030CHI,PO,CHI,1077.0,,32,28,4
199805030CHI,PO,CHI,1226.0,,32,31,1
199805030CHI,PO,CHI,1282.0,LC,32,33,-1
199805030CHI,PO,CHI,1289.0,LC,35,33,2
199805030CHI,PO,CHI,1306.0,T,35,35,0
199805030CHI,PO,CHI,1319.0,,36,35,1
199805030CHI,PO,CHI,1319.0,,37,35,2
199805030CHI,PO,CHI,1333.0,T,37,37,0
199805030CHI,PO,CHI,1412.0,,38,37,1
199805030CHI,PO,CHI,1461.0,LC,38,39,-1
199805030CHI,PO,CHI,1547.0,,38,41,-3
199805030CHI,PO,CHI,1561.0,,40,41,-1
199805030CHI,PO,CHI,1574.0,,40,42,-2
199805030CHI,PO,CHI,1595.0,,40,44,-4
199805030CHI,PO,CHI,1614.0,,42,44,-2
199805030CHI,PO,CHI,1630.0,,42,46,-4
199805030CHI,PO,CHI,1630.0,,42,47,-5
199805030CHI,PO,CHI,1673.0,,43,47,-4
199805030CHI,PO,CHI,1673.0,,43,48,-5
199805030CHI,PO,CHI,1848.0,,43,50,-7
199805030CHI,PO,CHI,1874.0,,43,52,-9
199805030CHI,PO,CHI,1891.0,,44,52,-8
199805030CHI,PO,CHI,1891.0,,45,52,-7
199805030CHI,PO,CHI,1911.0,,45,53,-8
199805030CHI,PO,CHI,1911.0,,45,54,-9
199805030CHI,PO,CHI,1939.0,,45,55,-10
199805030CHI,PO,CHI,1939.0,,45,56,-11
199805030CHI,PO,CHI,1973.0,,47,56,-9
199805030CHI,PO,CHI,1986.0,,47,57,-10
199805030CHI,PO,CHI,2018.0,,47,58,-11
199805030CHI,PO,CHI,2117.0,,48,58,-10
199805030CHI,PO,CHI,2175.0,,50,58,-8
199805030CHI,PO,CHI,2175.0,,51,58,-7
199805030CHI,PO,CHI,2217.0,,53,58,-5
199805030CHI,PO,CHI,2268.0,,53,59,-6
199805030CHI,PO,CHI,2268.0,,53,60,-7
199805030CHI,PO,CHI,2304.0,,53,62,-9
199805030CHI,PO,CHI,2323.0,,55,62,-7
199805030CHI,PO,CHI,2431.0,,55,63,-8
199805030CHI,PO,CHI,2431.0,,55,64,-9
199805030CHI,PO,CHI,2445.0,,57,64,-7
199805030CHI,PO,CHI,2461.0,,57,66,-9
199805030CHI,PO,CHI,2474.0,,60,66,-6
199805030CHI,PO,CHI,2492.0,,60,69,-9
199805030CHI,PO,CHI,2589.0,,60,71,-11
199805030CHI,PO,CHI,2628.0,,60,72,-12
199805030CHI,PO,CHI,2628.0,,60,73,-13
199805030CHI,PO,CHI,2662.0,,60,74,-14
199805030CHI,PO,CHI,2671.0,,62,74,-12
199805030CHI,PO,CHI,2690.0,,62,76,-14
199805030CHI,PO,CHI,2690.0,,62,77,-15
199805030CHI,PO,CHI,2700.0,,63,77,-14
199805030CHI,PO,CHI,2700.0,,64,77,-13
199805030CHI,PO,CHI,2749.0,,64,79,-15
199805030CHI,PO,CHI,2774.0,,65,79,-14
199805030CHI,PO,CHI,2774.0,,66,79,-13
199805030CHI,PO,CHI,2814.0,,68,79,-11
199805030CHI,PO,CHI,2836.0,,68,81,-13
199805030CHI,PO,CHI,2853.0,F,70,81,-11
199805030CHI,PO,CHI,2877.0,,70,83,-13
199805060CHI,PO,CHI,0.0,,0,0,0
199805060CHI,PO,CHI,170.0,,2,0,2
199805060CHI,PO,CHI,235.0,T,2,2,0
199805060CHI,PO,CHI,268.0,,4,2,2
199805060CHI,PO,CHI,282.0,,4,3,1
199805060CHI,PO,CHI,282.0,T,4,4,0
199805060CHI,PO,CHI,394.0,LC,4,6,-2
199805060CHI,PO,CHI,418.0,T,6,6,0
199805060CHI,PO,CHI,439.0,LC,8,6,2
199805060CHI,PO,CHI,461.0,T,8,8,0
199805060CHI,PO,CHI,572.0,LC,8,10,-2
199805060CHI,PO,CHI,590.0,,9,10,-1
199805060CHI,PO,CHI,601.0,,9,12,-3
199805060CHI,PO,CHI,619.0,,11,12,-1
199805060CHI,PO,CHI,641.0,,11,14,-3
199805060CHI,PO,CHI,662.0,,13,14,-1
199805060CHI,PO,CHI,694.0,,13,17,-4
199805060CHI,PO,CHI,759.0,,15,17,-2
199805060CHI,PO,CHI,780.0,,15,20,-5
199805060CHI,PO,CHI,807.0,,17,20,-3
199805060CHI,PO,CHI,844.0,,19,20,-1
199805060CHI,PO,CHI,934.0,T,20,20,0
199805060CHI,PO,CHI,954.0,,20,22,-2
199805060CHI,PO,CHI,966.0,T,22,22,0
199805060CHI,PO,CHI,1031.0,,22,24,-2
199805060CHI,PO,CHI,1078.0,,22,25,-3
199805060CHI,PO,CHI,1078.0,,22,27,-5
199805060CHI,PO,CHI,1118.0,,22,29,-7
199805060CHI,PO,CHI,1173.0,,24,29,-5
199805060CHI,PO,CHI,1261.0,,24,31,-7
199805060CHI,PO,CHI,1335.0,,26,31,-5
199805060CHI,PO,CHI,1364.0,,26,33,-7
199805060CHI,PO,CHI,1390.0,,28,33,-5
199805060CHI,PO,CHI,1409.0,,28,34,-6
199805060CHI,PO,CHI,1434.0,,30,34,-4
199805060CHI,PO,CHI,1440.0,,30,36,-6
199805060CHI,PO,CHI,1488.0,,30,38,-8
199805060CHI,PO,CHI,1512.0,,31,38,-7
199805060CHI,PO,CHI,1550.0,,33,38,-5
199805060CHI,PO,CHI,1563.0,,34,38,-4
199805060CHI,PO,CHI,1563.0,,35,38,-3
199805060CHI,PO,CHI,1577.0,,35,40,-5
199805060CHI,PO,CHI,1613.0,,35,43,-8
199805060CHI,PO,CHI,1630.0,,38,43,-5
199805060CHI,PO,CHI,1665.0,,40,43,-3
199805060CHI,PO,CHI,1721.0,,40,45,-5
199805060CHI,PO,CHI,1780.0,,40,47,-7
199805060CHI,PO,CHI,1812.0,,40,49,-9
199805060CHI,PO,CHI,1838.0,,42,49,-7
199805060CHI,PO,CHI,1856.0,,42,50,-8
199805060CHI,PO,CHI,1856.0,,42,51,-9
199805060CHI,PO,CHI,1877.0,,43,51,-8
199805060CHI,PO,CHI,1877.0,,44,51,-7
199805060CHI,PO,CHI,1904.0,,46,51,-5
199805060CHI,PO,CHI,1922.0,,46,52,-6
199805060CHI,PO,CHI,1922.0,,46,53,-7
199805060CHI,PO,CHI,1987.0,,49,53,-4
199805060CHI,PO,CHI,2095.0,,49,55,-6
199805060CHI,PO,CHI,2132.0,,49,57,-8
199805060CHI,PO,CHI,2174.0,,51,57,-6
199805060CHI,PO,CHI,2232.0,,51,59,-8
199805060CHI,PO,CHI,2255.0,,53,59,-6
199805060CHI,PO,CHI,2273.0,,53,61,-8
199805060CHI,PO,CHI,2297.0,,55,61,-6
199805060CHI,PO,CHI,2380.0,,56,61,-5
199805060CHI,PO,CHI,2380.0,,57,61,-4
199805060CHI,PO,CHI,2435.0,,58,61,-3
199805060CHI,PO,CHI,2435.0,,59,61,-2
199805060CHI,PO,CHI,2457.0,,59,63,-4
199805060CHI,PO,CHI,2473.0,,62,63,-1
199805060CHI,PO,CHI,2506.0,LC,64,63,1
199805060CHI,PO,CHI,2542.0,,66,63,3
199805060CHI,PO,CHI,2569.0,,68,63,5
199805060CHI,PO,CHI,2583.0,,68,65,3
199805060CHI,PO,CHI,2602.0,,70,65,5
199805060CHI,PO,CHI,2637.0,,70,67,3
199805060CHI,PO,CHI,2682.0,,71,67,4
199805060CHI,PO,CHI,2682.0,,72,67,5
199805060CHI,PO,CHI,2696.0,,72,69,3
199805060CHI,PO,CHI,2720.0,,74,69,5
199805060CHI,PO,CHI,2734.0,,74,70,4
199805060CHI,PO,CHI,2734.0,,74,71,3
199805060CHI,PO,CHI,2863.0,,76,71,5
199805060CHI,PO,CHI,2869.0,,76,73,3
199805060CHI,PO,CHI,2873.0,,77,73,4
199805060CHI,PO,CHI,2873.0,F,78,73,5
199805060CHI,PO,CHI,2880.0,,78,76,2
199805080CHH,PO,CHI,0.0,,0,0,0
199805080CHH,PO,CHI,35.0,,0,2,-2
199805080CHH,PO,CHI,142.0,T,2,2,0
199805080CHH,PO,CHI,155.0,,2,4,-2
199805080CHH,PO,CHI,183.0,,2,6,-4
199805080CHH,PO,CHI,223.0,,4,6,-2
199805080CHH,PO,CHI,242.0,T,6,6,0
199805080CHH,PO,CHI,260.0,,6,8,-2
199805080CHH,PO,CHI,279.0,T,8,8,0
199805080CHH,PO,CHI,297.0,,8,10,-2
199805080CHH,PO,CHI,313.0,T,10,10,0
199805080CHH,PO,CHI,332.0,,10,12,-2
199805080CHH,PO,CHI,366.0,T,12,12,0
199805080CHH,PO,CHI,383.0,,12,15,-3
199805080CHH,PO,CHI,396.0,,14,15,-1
199805080CHH,PO,CHI,410.0,,14,17,-3
199805080CHH,PO,CHI,416.0,,16,17,-1
199805080CHH,PO,CHI,442.0,,16,19,-3
199805080CHH,PO,CHI,467.0,,18,19,-1
199805080CHH,PO,CHI,523.0,,18,21,-3
199805080CHH,PO,CHI,547.0,,20,21,-1
199805080CHH,PO,CHI,578.0,,20,22,-2
199805080CHH,PO,CHI,578.0,,20,23,-3
199805080CHH,PO,CHI,649.0,,22,23,-1
199805080CHH,PO,CHI,673.0,LC,24,23,1
199805080CHH,PO,CHI,689.0,LC,24,25,-1
199805080CHH,PO,CHI,737.0,,24,27,-3
199805080CHH,PO,CHI,758.0,,24,29,-5
199805080CHH,PO,CHI,778.0,,26,29,-3
199805080CHH,PO,CHI,884.0,,26,31,-5
199805080CHH,PO,CHI,946.0,,28,31,-3
199805080CHH,PO,CHI,962.0,,28,33,-5
199805080CHH,PO,CHI,984.0,,30,33,-3
199805080CHH,PO,CHI,997.0,,30,35,-5
199805080CHH,PO,CHI,1037.0,,32,35,-3
199805080CHH,PO,CHI,1095.0,,32,36,-4
199805080CHH,PO,CHI,1104.0,,32,38,-6
199805080CHH,PO,CHI,1125.0,,32,39,-7
199805080CHH,PO,CHI,1202.0,,34,39,-5
199805080CHH,PO,CHI,1218.0,,34,40,-6
199805080CHH,PO,CHI,1218.0,,34,41,-7
199805080CHH,PO,CHI,1252.0,,36,41,-5
199805080CHH,PO,CHI,1270.0,,36,44,-8
199805080CHH,PO,CHI,1320.0,,38,44,-6
199805080CHH,PO,CHI,1336.0,,38,47,-9
199805080CHH,PO,CHI,1364.0,,40,47,-7
199805080CHH,PO,CHI,1377.0,,40,49,-9
199805080CHH,PO,CHI,1387.0,,41,49,-8
199805080CHH,PO,CHI,1387.0,,42,49,-7
199805080CHH,PO,CHI,1403.0,,42,51,-9
199805080CHH,PO,CHI,1439.0,,42,53,-11
199805080CHH,PO,CHI,1474.0,,42,55,-13
199805080CHH,PO,CHI,1488.0,,45,55,-10
199805080CHH,PO,CHI,1511.0,,45,56,-11
199805080CHH,PO,CHI,1511.0,,45,57,-12
199805080CHH,PO,CHI,1530.0,,47,57,-10
199805080CHH,PO,CHI,1609.0,,49,57,-8
199805080CHH,PO,CHI,1658.0,,49,58,-9
199805080CHH,PO,CHI,1658.0,,49,59,-10
199805080CHH,PO,CHI,1683.0,,51,59,-8
199805080CHH,PO,CHI,1717.0,,51,60,-9
199805080CHH,PO,CHI,1734.0,,51,62,-11
199805080CHH,PO,CHI,1765.0,,51,64,-13
199805080CHH,PO,CHI,1777.0,,53,64,-11
199805080CHH,PO,CHI,1816.0,,53,65,-12
199805080CHH,PO,CHI,1816.0,,53,66,-13
199805080CHH,PO,CHI,1837.0,,55,66,-11
199805080CHH,PO,CHI,1858.0,,55,68,-13
199805080CHH,PO,CHI,1898.0,,55,70,-15
199805080CHH,PO,CHI,1911.0,,57,70,-13
199805080CHH,PO,CHI,1911.0,,58,70,-12
199805080CHH,PO,CHI,1944.0,,58,71,-13
199805080CHH,PO,CHI,1944.0,,58,72,-14
199805080CHH,PO,CHI,1968.0,,59,72,-13
199805080CHH,PO,CHI,2035.0,,61,72,-11
199805080CHH,PO,CHI,2061.0,,61,74,-13
199805080CHH,PO,CHI,2098.0,,61,75,-14
199805080CHH,PO,CHI,2098.0,,61,76,-15
199805080CHH,PO,CHI,2155.0,,61,78,-17
199805080CHH,PO,CHI,2160.0,,63,78,-15
199805080CHH,PO,CHI,2271.0,,63,79,-16
199805080CHH,PO,CHI,2417.0,,65,79,-14
199805080CHH,PO,CHI,2441.0,,65,80,-15
199805080CHH,PO,CHI,2441.0,,65,81,-16
199805080CHH,PO,CHI,2455.0,,67,81,-14
199805080CHH,PO,CHI,2471.0,,68,81,-13
199805080CHH,PO,CHI,2471.0,,69,81,-12
199805080CHH,PO,CHI,2479.0,,69,83,-14
199805080CHH,PO,CHI,2524.0,,69,84,-15
199805080CHH,PO,CHI,2559.0,,70,84,-14
199805080CHH,PO,CHI,2581.0,,70,86,-16
199805080CHH,PO,CHI,2591.0,,72,86,-14
199805080CHH,PO,CHI,2608.0,,72,88,-16
199805080CHH,PO,CHI,2642.0,,72,89,-17
199805080CHH,PO,CHI,2642.0,,72,90,-18
199805080CHH,PO,CHI,2655.0,,73,90,-17
199805080CHH,PO,CHI,2655.0,,74,90,-16
199805080CHH,PO,CHI,2671.0,,74,91,-17
199805080CHH,PO,CHI,2671.0,,74,92,-18
199805080CHH,PO,CHI,2687.0,,76,92,-16
199805080CHH,PO,CHI,2687.0,,77,92,-15
199805080CHH,PO,CHI,2726.0,,79,92,-13
199805080CHH,PO,CHI,2732.0,,79,94,-15
199805080CHH,PO,CHI,2750.0,,81,94,-13
199805080CHH,PO,CHI,2775.0,,81,95,-14
199805080CHH,PO,CHI,2775.0,,81,96,-15
199805080CHH,PO,CHI,2814.0,,81,99,-18
199805080CHH,PO,CHI,2825.0,,83,99,-16
199805080CHH,PO,CHI,2853.0,,84,99,-15
199805080CHH,PO,CHI,2854.0,,84,100,-16
199805080CHH,PO,CHI,2854.0,,84,101,-17
199805080CHH,PO,CHI,2862.0,,85,101,-16
199805080CHH,PO,CHI,2862.0,,86,101,-15
199805080CHH,PO,CHI,2873.0,F,86,103,-17
199805080CHH,PO,CHI,2878.0,,89,103,-14
199805100CHH,PO,CHI,0.0,,0,0,0
199805100CHH,PO,CHI,43.0,,2,0,2
199805100CHH,PO,CHI,57.0,T,2,2,0
199805100CHH,PO,CHI,77.0,,3,2,1
199805100CHH,PO,CHI,104.0,,5,2,3
199805100CHH,PO,CHI,128.0,,7,2,5
199805100CHH,PO,CHI,150.0,,9,2,7
199805100CHH,PO,CHI,217.0,,11,2,9
199805100CHH,PO,CHI,255.0,,11,4,7
199805100CHH,PO,CHI,313.0,,12,4,8
199805100CHH,PO,CHI,313.0,,13,4,9
199805100CHH,PO,CHI,330.0,,13,6,7
199805100CHH,PO,CHI,400.0,,13,8,5
199805100CHH,PO,CHI,418.0,,15,8,7
199805100CHH,PO,CHI,443.0,,15,10,5
199805100CHH,PO,CHI,519.0,,15,12,3
199805100CHH,PO,CHI,562.0,,15,14,1
199805100CHH,PO,CHI,582.0,LC,15,16,-1
199805100CHH,PO,CHI,601.0,LC,18,16,2
199805100CHH,PO,CHI,639.0,,20,16,4
199805100CHH,PO,CHI,667.0,,20,18,2
199805100CHH,PO,CHI,740.0,T,20,20,0
199805100CHH,PO,CHI,763.0,,22,20,2
199805100CHH,PO,CHI,775.0,T,22,22,0
199805100CHH,PO,CHI,835.0,,24,22,2
199805100CHH,PO,CHI,856.0,T,24,24,0
199805100CHH,PO,CHI,875.0,,26,24,2
199805100CHH,PO,CHI,932.0,,28,24,4
199805100CHH,PO,CHI,946.0,,28,27,1
199805100CHH,PO,CHI,969.0,,30,27,3
199805100CHH,PO,CHI,1016.0,,32,27,5
199805100CHH,PO,CHI,1030.0,,32,29,3
199805100CHH,PO,CHI,1047.0,,34,29,5
199805100CHH,PO,CHI,1076.0,,34,31,3
199805100CHH,PO,CHI,1094.0,,36,31,5
199805100CHH,PO,CHI,1154.0,,36,33,3
199805100CHH,PO,CHI,1175.0,,36,35,1
199805100CHH,PO,CHI,1175.0,T,36,36,0
199805100CHH,PO,CHI,1193.0,,38,36,2
199805100CHH,PO,CHI,1240.0,LC,38,39,-1
199805100CHH,PO,CHI,1266.0,,38,41,-3
199805100CHH,PO,CHI,1380.0,,40,41,-1
199805100CHH,PO,CHI,1398.0,,40,42,-2
199805100CHH,PO,CHI,1398.0,,40,43,-3
199805100CHH,PO,CHI,1439.0,,40,44,-4
199805100CHH,PO,CHI,1451.0,,40,46,-6
199805100CHH,PO,CHI,1475.0,,41,46,-5
199805100CHH,PO,CHI,1475.0,,42,46,-4
199805100CHH,PO,CHI,1522.0,,42,48,-6
199805100CHH,PO,CHI,1545.0,,44,48,-4
199805100CHH,PO,CHI,1568.0,,44,50,-6
199805100CHH,PO,CHI,1596.0,,46,50,-4
199805100CHH,PO,CHI,1636.0,,46,52,-6
199805100CHH,PO,CHI,1659.0,,48,52,-4
199805100CHH,PO,CHI,1673.0,,48,53,-5
199805100CHH,PO,CHI,1673.0,,48,54,-6
199805100CHH,PO,CHI,1705.0,,48,56,-8
199805100CHH,PO,CHI,1720.0,,49,56,-7
199805100CHH,PO,CHI,1762.0,,49,58,-9
199805100CHH,PO,CHI,1792.0,,51,58,-7
199805100CHH,PO,CHI,1838.0,,51,60,-9
199805100CHH,PO,CHI,1858.0,,51,62,-11
199805100CHH,PO,CHI,1884.0,,53,62,-9
199805100CHH,PO,CHI,1904.0,,53,64,-11
199805100CHH,PO,CHI,1937.0,,53,66,-13
199805100CHH,PO,CHI,1951.0,,55,66,-11
199805100CHH,PO,CHI,1979.0,,55,68,-13
199805100CHH,PO,CHI,2037.0,,55,70,-15
199805100CHH,PO,CHI,2067.0,,55,72,-17
199805100CHH,PO,CHI,2120.0,,57,72,-15
199805100CHH,PO,CHI,2155.0,,59,72,-13
199805100CHH,PO,CHI,2201.0,,59,74,-15
199805100CHH,PO,CHI,2219.0,,61,74,-13
199805100CHH,PO,CHI,2289.0,,61,75,-14
199805100CHH,PO,CHI,2289.0,,61,76,-15
199805100CHH,PO,CHI,2313.0,,63,76,-13
199805100CHH,PO,CHI,2329.0,,63,78,-15
199805100CHH,PO,CHI,2392.0,,63,79,-16
199805100CHH,PO,CHI,2392.0,,63,80,-17
199805100CHH,PO,CHI,2423.0,,63,82,-19
199805100CHH,PO,CHI,2443.0,,63,84,-21
199805100CHH,PO,CHI,2456.0,,66,84,-18
199805100CHH,PO,CHI,2476.0,,66,85,-19
199805100CHH,PO,CHI,2494.0,,67,85,-18
199805100CHH,PO,CHI,2550.0,,67,87,-20
199805100CHH,PO,CHI,2621.0,,67,90,-23
199805100CHH,PO,CHI,2634.0,,69,90,-21
199805100CHH,PO,CHI,2634.0,,70,90,-20
199805100CHH,PO,CHI,2694.0,,72,90,-18
199805100CHH,PO,CHI,2719.0,,72,92,-20
199805100CHH,PO,CHI,2731.0,,73,92,-19
199805100CHH,PO,CHI,2768.0,,75,92,-17
199805100CHH,PO,CHI,2831.0,,77,92,-15
199805100CHH,PO,CHI,2857.0,,80,92,-12
199805100CHH,PO,CHI,2874.0,F,80,94,-14
199805100CHH,PO,CHI,2880.0,,80,94,-14
199805130CHI,PO,CHI,0.0,,0,0,0
199805130CHI,PO,CHI,12.0,,0,2,-2
199805130CHI,PO,CHI,25.0,T,2,2,0
199805130CHI,PO,CHI,49.0,,2,4,-2
199805130CHI,PO,CHI,85.0,T,4,4,0
199805130CHI,PO,CHI,108.0,LC,6,4,2
199805130CHI,PO,CHI,136.0,,8,4,4
199805130CHI,PO,CHI,156.0,,8,6,2
199805130CHI,PO,CHI,174.0,,10,6,4
199805130CHI,PO,CHI,202.0,,12,6,6
199805130CHI,PO,CHI,240.0,,12,8,4
199805130CHI,PO,CHI,265.0,,14,8,6
199805130CHI,PO,CHI,294.0,,14,10,4
199805130CHI,PO,CHI,308.0,,16,10,6
199805130CHI,PO,CHI,322.0,,16,12,4
199805130CHI,PO,CHI,341.0,,19,12,7
199805130CHI,PO,CHI,361.0,,19,13,6
199805130CHI,PO,CHI,361.0,,19,14,5
199805130CHI,PO,CHI,394.0,,21,14,7
199805130CHI,PO,CHI,417.0,,23,14,9
199805130CHI,PO,CHI,432.0,,23,16,7
199805130CHI,PO,CHI,442.0,,25,16,9
199805130CHI,PO,CHI,462.0,,25,18,7
199805130CHI,PO,CHI,502.0,,27,18,9
199805130CHI,PO,CHI,561.0,,27,20,7
199805130CHI,PO,CHI,583.0,,29,20,9
199805130CHI,PO,CHI,598.0,,29,22,7
199805130CHI,PO,CHI,668.0,,29,24,5
199805130CHI,PO,CHI,720.0,,29,26,3
199805130CHI,PO,CHI,761.0,,31,26,5
199805130CHI,PO,CHI,778.0,,32,26,6
199805130CHI,PO,CHI,778.0,,33,26,7
199805130CHI,PO,CHI,794.0,,33,28,5
199805130CHI,PO,CHI,861.0,,33,30,3
199805130CHI,PO,CHI,900.0,,33,32,1
199805130CHI,PO,CHI,926.0,,35,32,3
199805130CHI,PO,CHI,976.0,,35,33,2
199805130CHI,PO,CHI,976.0,,35,34,1
199805130CHI,PO,CHI,1052.0,,37,34,3
199805130CHI,PO,CHI,1073.0,,37,36,1
199805130CHI,PO,CHI,1085.0,,39,36,3
199805130CHI,PO,CHI,1109.0,,39,38,1
199805130CHI,PO,CHI,1175.0,LC,39,40,-1
199805130CHI,PO,CHI,1256.0,LC,41,40,1
199805130CHI,PO,CHI,1294.0,,43,40,3
199805130CHI,PO,CHI,1297.0,,43,41,2
199805130CHI,PO,CHI,1313.0,T,43,43,0
199805130CHI,PO,CHI,1346.0,LC,43,46,-3
199805130CHI,PO,CHI,1368.0,,45,46,-1
199805130CHI,PO,CHI,1396.0,,45,48,-3
199805130CHI,PO,CHI,1430.0,,45,49,-4
199805130CHI,PO,CHI,1462.0,,47,49,-2
199805130CHI,PO,CHI,1501.0,T,49,49,0
199805130CHI,PO,CHI,1537.0,LC,51,49,2
199805130CHI,PO,CHI,1553.0,T,51,51,0
199805130CHI,PO,CHI,1588.0,LC,51,53,-2
199805130CHI,PO,CHI,1615.0,LC,54,53,1
199805130CHI,PO,CHI,1633.0,LC,54,55,-1
199805130CHI,PO,CHI,1650.0,LC,57,55,2
199805130CHI,PO,CHI,1667.0,T,57,57,0
199805130CHI,PO,CHI,1688.0,,60,57,3
199805130CHI,PO,CHI,1706.0,,60,59,1
199805130CHI,PO,CHI,1765.0,T,60,60,0
199805130CHI,PO,CHI,1765.0,LC,60,61,-1
199805130CHI,PO,CHI,1779.0,LC,62,61,1
199805130CHI,PO,CHI,1796.0,LC,62,63,-1
199805130CHI,PO,CHI,1845.0,,62,65,-3
199805130CHI,PO,CHI,1879.0,,64,65,-1
199805130CHI,PO,CHI,1994.0,LC,66,65,1
199805130CHI,PO,CHI,2006.0,T,66,66,0
199805130CHI,PO,CHI,2006.0,LC,66,67,-1
199805130CHI,PO,CHI,2033.0,,66,68,-2
199805130CHI,PO,CHI,2063.0,,66,70,-4
199805130CHI,PO,CHI,2089.0,,68,70,-2
199805130CHI,PO,CHI,2101.0,,68,71,-3
199805130CHI,PO,CHI,2148.0,,68,72,-4
199805130CHI,PO,CHI,2148.0,,68,73,-5
199805130CHI,PO,CHI,2160.0,,69,73,-4
199805130CHI,PO,CHI,2160.0,,70,73,-3
199805130CHI,PO,CHI,2236.0,,72,73,-1
199805130CHI,PO,CHI,2253.0,,72,76,-4
199805130CHI,PO,CHI,2312.0,,74,76,-2
199805130CHI,PO,CHI,2333.0,,74,78,-4
199805130CHI,PO,CHI,2370.0,,74,80,-6
199805130CHI,PO,CHI,2414.0,,76,80,-4
199805130CHI,PO,CHI,2448.0,,76,81,-5
199805130CHI,PO,CHI,2460.0,,76,83,-7
199805130CHI,PO,CHI,2483.0,,77,83,-6
199805130CHI,PO,CHI,2500.0,,77,85,-8
199805130CHI,PO,CHI,2521.0,,78,85,-7
199805130CHI,PO,CHI,2521.0,,79,85,-6
199805130CHI,PO,CHI,2566.0,,79,87,-8
199805130CHI,PO,CHI,2767.0,,82,87,-5
199805130CHI,PO,CHI,2820.0,,82,89,-7
199805130CHI,PO,CHI,2846.0,,82,90,-8
199805130CHI,PO,CHI,2846.0,,82,91,-9
199805130CHI,PO,CHI,2856.0,,82,92,-10
199805130CHI,PO,CHI,2863.0,,83,92,-9
199805130CHI,PO,CHI,2863.0,,84,92,-8
199805130CHI,PO,CHI,2873.0,F,84,93,-9
199805130CHI,PO,CHI,2874.0,,84,93,-9
