id,type,opponent,elapsedTime,event,teamScore,opponentScore,pointDifference
199710310PHO,RS,PHO,0.0,,0,0,0
199710310PHO,RS,PHO,18.0,,2,0,2
199710310PHO,RS,PHO,35.0,,2,1,1
199710310PHO,RS,PHO,54.0,LC,2,4,-2
199710310PHO,RS,PHO,65.0,T,4,4,0
199710310PHO,RS,PHO,93.0,LC,6,4,2
199710310PHO,RS,PHO,132.0,T,6,6,0
199710310PHO,RS,PHO,137.0,,8,6,2
199710310PHO,RS,PHO,159.0,T,8,8,0
199710310PHO,RS,PHO,212.0,,10,8,2
199710310PHO,RS,PHO,212.0,,11,8,3
199710310PHO,RS,PHO,236.0,,11,10,1
199710310PHO,RS,PHO,256.0,,14,10,4
199710310PHO,RS,PHO,299.0,,16,10,6
199710310PHO,RS,PHO,319.0,,18,10,8
199710310PHO,RS,PHO,319.0,,19,10,9
199710310PHO,RS,PHO,336.0,,19,11,8
199710310PHO,RS,PHO,354.0,,22,11,11
199710310PHO,RS,PHO,373.0,,22,12,10
199710310PHO,RS,PHO,408.0,,22,14,8
199710310PHO,RS,PHO,428.0,,22,16,6
199710310PHO,RS,PHO,449.0,,25,16,9
199710310PHO,RS,PHO,485.0,,27,16,11
199710310PHO,RS,PHO,507.0,,27,18,9
199710310PHO,RS,PHO,552.0,,30,18,12
199710310PHO,RS,PHO,566.0,,30,20,10
199710310PHO,RS,PHO,594.0,,30,22,8
199710310PHO,RS,PHO,625.0,,32,22,10
199710310PHO,RS,PHO,640.0,,32,24,8
199710310PHO,RS,PHO,651.0,,32,26,6
199710310PHO,RS,PHO,686.0,,34,26,8
199710310PHO,RS,PHO,715.0,,34,28,6
199710310PHO,RS,PHO,715.0,,34,29,5
199710310PHO,RS,PHO,736.0,,34,31,3
199710310PHO,RS,PHO,791.0,,34,33,1
199710310PHO,RS,PHO,809.0,LC,34,36,-2
199710310PHO,RS,PHO,887.0,T,36,36,0
199710310PHO,RS,PHO,892.0,,36,37,-1
199710310PHO,RS,PHO,892.0,,36,38,-2
199710310PHO,RS,PHO,916.0,T,38,38,0
199710310PHO,RS,PHO,936.0,,38,40,-2
199710310PHO,RS,PHO,949.0,T,40,40,0
199710310PHO,RS,PHO,979.0,LC,42,40,2
199710310PHO,RS,PHO,994.0,,42,41,1
199710310PHO,RS,PHO,994.0,T,42,42,0
199710310PHO,RS,PHO,1017.0,,44,42,2
199710310PHO,RS,PHO,1032.0,T,44,44,0
199710310PHO,RS,PHO,1048.0,,46,44,2
199710310PHO,RS,PHO,1068.0,LC,46,47,-1
199710310PHO,RS,PHO,1090.0,LC,49,47,2
199710310PHO,RS,PHO,1109.0,,49,48,1
199710310PHO,RS,PHO,1109.0,T,49,49,0
199710310PHO,RS,PHO,1135.0,,51,49,2
199710310PHO,RS,PHO,1144.0,,51,50,1
199710310PHO,RS,PHO,1144.0,T,51,51,0
199710310PHO,RS,PHO,1173.0,LC,51,52,-1
199710310PHO,RS,PHO,1173.0,,51,53,-2
199710310PHO,RS,PHO,1197.0,,51,55,-4
199710310PHO,RS,PHO,1234.0,,53,55,-2
199710310PHO,RS,PHO,1254.0,,53,57,-4
199710310PHO,RS,PHO,1293.0,,54,57,-3
199710310PHO,RS,PHO,1293.0,,55,57,-2
199710310PHO,RS,PHO,1304.0,,55,58,-3
199710310PHO,RS,PHO,1304.0,,55,59,-4
199710310PHO,RS,PHO,1328.0,,55,61,-6
199710310PHO,RS,PHO,1389.0,,55,63,-8
199710310PHO,RS,PHO,1409.0,,57,63,-6
199710310PHO,RS,PHO,1438.0,,58,63,-5
199710310PHO,RS,PHO,1438.0,,59,63,-4
199710310PHO,RS,PHO,1461.0,,59,65,-6
199710310PHO,RS,PHO,1476.0,,61,65,-4
199710310PHO,RS,PHO,1489.0,,61,66,-5
199710310PHO,RS,PHO,1504.0,,64,66,-2
199710310PHO,RS,PHO,1531.0,T,66,66,0
199710310PHO,RS,PHO,1598.0,,66,67,-1
199710310PHO,RS,PHO,1598.0,,66,68,-2
199710310PHO,RS,PHO,1620.0,T,68,68,0
199710310PHO,RS,PHO,1673.0,,68,70,-2
199710310PHO,RS,PHO,1695.0,,68,72,-4
199710310PHO,RS,PHO,1767.0,,68,74,-6
199710310PHO,RS,PHO,1800.0,,68,76,-8
199710310PHO,RS,PHO,1823.0,,70,76,-6
199710310PHO,RS,PHO,1848.0,,72,76,-4
199710310PHO,RS,PHO,1874.0,,72,77,-5
199710310PHO,RS,PHO,1879.0,,72,79,-7
199710310PHO,RS,PHO,1897.0,,74,79,-5
199710310PHO,RS,PHO,1915.0,,74,82,-8
199710310PHO,RS,PHO,1949.0,,74,84,-10
199710310PHO,RS,PHO,1971.0,,75,84,-9
199710310PHO,RS,PHO,1971.0,,76,84,-8
199710310PHO,RS,PHO,1991.0,,78,84,-6
199710310PHO,RS,PHO,2005.0,,78,86,-8
199710310PHO,RS,PHO,2048.0,,78,88,-10
199710310PHO,RS,PHO,2092.0,,81,88,-7
199710310PHO,RS,PHO,2105.0,,81,90,-9
199710310PHO,RS,PHO,2131.0,,81,91,-10
199710310PHO,RS,PHO,2315.0,,81,92,-11
199710310PHO,RS,PHO,2339.0,,81,94,-13
199710310PHO,RS,PHO,2364.0,,83,94,-11
199710310PHO,RS,PHO,2382.0,,83,96,-13
199710310PHO,RS,PHO,2402.0,,86,96,-10
199710310PHO,RS,PHO,2424.0,,86,97,-11
199710310PHO,RS,PHO,2424.0,,86,98,-12
199710310PHO,RS,PHO,2473.0,,86,100,-14
199710310PHO,RS,PHO,2494.0,,88,100,-12
199710310PHO,RS,PHO,2567.0,,91,100,-9
199710310PHO,RS,PHO,2577.0,,91,102,-11
199710310PHO,RS,PHO,2602.0,,91,103,-12
199710310PHO,RS,PHO,2644.0,,94,103,-9
199710310PHO,RS,PHO,2660.0,,94,104,-10
199710310PHO,RS,PHO,2660.0,,94,105,-11
199710310PHO,RS,PHO,2723.0,,96,105,-9
199710310PHO,RS,PHO,2735.0,,96,106,-10
199710310PHO,RS,PHO,2754.0,,97,106,-9
199710310PHO,RS,PHO,2754.0,,98,106,-8
199710310PHO,RS,PHO,2778.0,,98,107,-9
199710310PHO,RS,PHO,2778.0,,98,108,-10
199710310PHO,RS,PHO,2819.0,,98,110,-12
199710310PHO,RS,PHO,2842.0,F,100,110,-10
199710310PHO,RS,PHO,2862.0,,100,110,-10
199711010LAC,RS,POR,0.0,,0,0,0
199711010LAC,RS,POR,104.0,,2,0,2
199711010LAC,RS,POR,127.0,T,2,2,0
199711010LAC,RS,POR,145.0,LC,2,4,-2
199711010LAC,RS,POR,160.0,LC,5,4,1
199711010LAC,RS,POR,223.0,,7,4,3
199711010LAC,RS,POR,246.0,,10,4,6
199711010LAC,RS,POR,272.0,,12,4,8
199711010LAC,RS,POR,349.0,,14,4,10
199711010LAC,RS,POR,378.0,,16,4,12
199711010LAC,RS,POR,397.0,,16,6,10
199711010LAC,RS,POR,443.0,,16,8,8
199711010LAC,RS,POR,476.0,,16,10,6
199711010LAC,RS,POR,504.0,,16,12,4
199711010LAC,RS,POR,534.0,,16,13,3
199711010LAC,RS,POR,534.0,,16,14,2
199711010LAC,RS,POR,548.0,,18,14,4
199711010LAC,RS,POR,610.0,,18,16,2
199711010LAC,RS,POR,642.0,T,18,18,0
199711010LAC,RS,POR,661.0,,19,18,1
199711010LAC,RS,POR,661.0,,20,18,2
199711010LAC,RS,POR,668.0,T,20,20,0
199711010LAC,RS,POR,668.0,LC,20,21,-1
199711010LAC,RS,POR,679.0,,20,22,-2
199711010LAC,RS,POR,746.0,,21,22,-1
199711010LAC,RS,POR,746.0,T,22,22,0
199711010LAC,RS,POR,773.0,LC,23,22,1
199711010LAC,RS,POR,786.0,LC,23,24,-1
199711010LAC,RS,POR,806.0,,23,25,-2
199711010LAC,RS,POR,806.0,,23,26,-3
199711010LAC,RS,POR,859.0,,25,26,-1
199711010LAC,RS,POR,874.0,,25,27,-2
199711010LAC,RS,POR,976.0,,25,28,-3
199711010LAC,RS,POR,976.0,,25,29,-4
199711010LAC,RS,POR,997.0,,27,29,-2
199711010LAC,RS,POR,1029.0,,27,31,-4
199711010LAC,RS,POR,1051.0,,29,31,-2
199711010LAC,RS,POR,1086.0,LC,32,31,1
199711010LAC,RS,POR,1112.0,LC,32,33,-1
199711010LAC,RS,POR,1122.0,,32,35,-3
199711010LAC,RS,POR,1155.0,,32,36,-4
199711010LAC,RS,POR,1166.0,,34,36,-2
199711010LAC,RS,POR,1187.0,,34,37,-3
199711010LAC,RS,POR,1207.0,,34,38,-4
199711010LAC,RS,POR,1288.0,,34,40,-6
199711010LAC,RS,POR,1405.0,,35,40,-5
199711010LAC,RS,POR,1493.0,,35,42,-7
199711010LAC,RS,POR,1536.0,,35,44,-9
199711010LAC,RS,POR,1548.0,,36,44,-8
199711010LAC,RS,POR,1594.0,,38,44,-6
199711010LAC,RS,POR,1664.0,,40,44,-4
199711010LAC,RS,POR,1686.0,,40,46,-6
199711010LAC,RS,POR,1735.0,,42,46,-4
199711010LAC,RS,POR,1741.0,,44,46,-2
199711010LAC,RS,POR,1771.0,,44,47,-3
199711010LAC,RS,POR,1771.0,,44,48,-4
199711010LAC,RS,POR,1821.0,,45,48,-3
199711010LAC,RS,POR,1821.0,,46,48,-2
199711010LAC,RS,POR,1861.0,T,48,48,0
199711010LAC,RS,POR,1925.0,LC,49,48,1
199711010LAC,RS,POR,1950.0,,52,48,4
199711010LAC,RS,POR,1977.0,,52,50,2
199711010LAC,RS,POR,2007.0,,54,50,4
199711010LAC,RS,POR,2032.0,,54,52,2
199711010LAC,RS,POR,2032.0,,54,53,1
199711010LAC,RS,POR,2056.0,,56,53,3
199711010LAC,RS,POR,2083.0,,58,53,5
199711010LAC,RS,POR,2101.0,,58,55,3
199711010LAC,RS,POR,2144.0,,58,56,2
199711010LAC,RS,POR,2177.0,,60,56,4
199711010LAC,RS,POR,2190.0,,60,58,2
199711010LAC,RS,POR,2190.0,,60,59,1
199711010LAC,RS,POR,2212.0,,62,59,3
199711010LAC,RS,POR,2237.0,,64,59,5
199711010LAC,RS,POR,2254.0,,64,60,4
199711010LAC,RS,POR,2369.0,,66,60,6
199711010LAC,RS,POR,2406.0,,67,60,7
199711010LAC,RS,POR,2406.0,,68,60,8
199711010LAC,RS,POR,2423.0,,68,62,6
199711010LAC,RS,POR,2497.0,,68,64,4
199711010LAC,RS,POR,2497.0,,68,65,3
199711010LAC,RS,POR,2576.0,,69,65,4
199711010LAC,RS,POR,2576.0,,70,65,5
199711010LAC,RS,POR,2587.0,,70,67,3
199711010LAC,RS,POR,2636.0,,70,69,1
199711010LAC,RS,POR,2666.0,LC,70,71,-1
199711010LAC,RS,POR,2687.0,T,71,71,0
199711010LAC,RS,POR,2695.0,LC,72,71,1
199711010LAC,RS,POR,2695.0,,73,71,2
199711010LAC,RS,POR,2711.0,,73,72,1
199711010LAC,RS,POR,2711.0,T,73,73,0
199711010LAC,RS,POR,2745.0,LC,73,75,-2
199711010LAC,RS,POR,2790.0,,73,77,-4
199711010LAC,RS,POR,2809.0,,74,77,-3
199711010LAC,RS,POR,2828.0,,74,79,-5
199711010LAC,RS,POR,2847.0,,74,80,-6
199711010LAC,RS,POR,2847.0,,74,81,-7
199711010LAC,RS,POR,2855.0,F,74,82,-8
199711010LAC,RS,POR,2873.0,,74,82,-8
199711050LAC,RS,HOU,0.0,,0,0,0
199711050LAC,RS,HOU,31.0,,0,3,-3
199711050LAC,RS,HOU,41.0,T,3,3,0
199711050LAC,RS,HOU,58.0,,3,5,-2
199711050LAC,RS,HOU,98.0,,3,7,-4
199711050LAC,RS,HOU,127.0,,3,8,-5
199711050LAC,RS,HOU,127.0,,3,9,-6
199711050LAC,RS,HOU,193.0,,3,11,-8
199711050LAC,RS,HOU,229.0,,3,14,-11
199711050LAC,RS,HOU,274.0,,3,16,-13
199711050LAC,RS,HOU,317.0,,5,16,-11
199711050LAC,RS,HOU,368.0,,7,16,-9
199711050LAC,RS,HOU,383.0,,7,18,-11
199711050LAC,RS,HOU,399.0,,7,19,-12
199711050LAC,RS,HOU,399.0,,7,20,-13
199711050LAC,RS,HOU,418.0,,7,22,-15
199711050LAC,RS,HOU,418.0,,7,23,-16
199711050LAC,RS,HOU,427.0,,10,23,-13
199711050LAC,RS,HOU,451.0,,12,23,-11
199711050LAC,RS,HOU,474.0,,12,25,-13
199711050LAC,RS,HOU,523.0,,12,26,-14
199711050LAC,RS,HOU,523.0,,12,27,-15
199711050LAC,RS,HOU,542.0,,12,29,-17
199711050LAC,RS,HOU,554.0,,14,29,-15
199711050LAC,RS,HOU,576.0,,14,30,-16
199711050LAC,RS,HOU,576.0,,14,31,-17
199711050LAC,RS,HOU,594.0,,16,31,-15
199711050LAC,RS,HOU,615.0,,16,33,-17
199711050LAC,RS,HOU,638.0,,18,33,-15
199711050LAC,RS,HOU,710.0,,19,33,-14
199711050LAC,RS,HOU,737.0,,19,35,-16
199711050LAC,RS,HOU,777.0,,21,35,-14
199711050LAC,RS,HOU,800.0,,21,36,-15
199711050LAC,RS,HOU,800.0,,21,37,-16
199711050LAC,RS,HOU,830.0,,21,40,-19
199711050LAC,RS,HOU,845.0,,23,40,-17
199711050LAC,RS,HOU,845.0,,24,40,-16
199711050LAC,RS,HOU,934.0,,24,42,-18
199711050LAC,RS,HOU,989.0,,26,42,-16
199711050LAC,RS,HOU,1003.0,,27,42,-15
199711050LAC,RS,HOU,1022.0,,27,44,-17
199711050LAC,RS,HOU,1038.0,,29,44,-15
199711050LAC,RS,HOU,1113.0,,31,44,-13
199711050LAC,RS,HOU,1113.0,,32,44,-12
199711050LAC,RS,HOU,1124.0,,32,46,-14
199711050LAC,RS,HOU,1135.0,,35,46,-11
199711050LAC,RS,HOU,1156.0,,35,48,-13
199711050LAC,RS,HOU,1192.0,,38,48,-10
199711050LAC,RS,HOU,1227.0,,38,49,-11
199711050LAC,RS,HOU,1227.0,,38,50,-12
199711050LAC,RS,HOU,1258.0,,38,52,-14
199711050LAC,RS,HOU,1283.0,,38,54,-16
199711050LAC,RS,HOU,1302.0,,39,54,-15
199711050LAC,RS,HOU,1302.0,,40,54,-14
199711050LAC,RS,HOU,1316.0,,40,56,-16
199711050LAC,RS,HOU,1336.0,,42,56,-14
199711050LAC,RS,HOU,1354.0,,42,58,-16
199711050LAC,RS,HOU,1372.0,,42,59,-17
199711050LAC,RS,HOU,1372.0,,42,60,-18
199711050LAC,RS,HOU,1394.0,,42,61,-19
199711050LAC,RS,HOU,1394.0,,42,62,-20
199711050LAC,RS,HOU,1404.0,,44,62,-18
199711050LAC,RS,HOU,1427.0,,45,62,-17
199711050LAC,RS,HOU,1456.0,,45,65,-20
199711050LAC,RS,HOU,1498.0,,45,67,-22
199711050LAC,RS,HOU,1510.0,,47,67,-20
199711050LAC,RS,HOU,1535.0,,47,70,-23
199711050LAC,RS,HOU,1556.0,,49,70,-21
199711050LAC,RS,HOU,1577.0,,49,73,-24
199711050LAC,RS,HOU,1623.0,,50,73,-23
199711050LAC,RS,HOU,1623.0,,51,73,-22
199711050LAC,RS,HOU,1658.0,,51,75,-24
199711050LAC,RS,HOU,1669.0,,53,75,-22
199711050LAC,RS,HOU,1692.0,,53,77,-24
199711050LAC,RS,HOU,1700.0,,55,77,-22
199711050LAC,RS,HOU,1713.0,,55,79,-24
199711050LAC,RS,HOU,1724.0,,55,81,-26
199711050LAC,RS,HOU,1745.0,,56,81,-25
199711050LAC,RS,HOU,1745.0,,57,81,-24
199711050LAC,RS,HOU,1783.0,,58,81,-23
199711050LAC,RS,HOU,1783.0,,59,81,-22
199711050LAC,RS,HOU,1829.0,,59,82,-23
199711050LAC,RS,HOU,1829.0,,59,83,-24
199711050LAC,RS,HOU,1844.0,,61,83,-22
199711050LAC,RS,HOU,1917.0,,61,85,-24
199711050LAC,RS,HOU,1951.0,,61,86,-25
199711050LAC,RS,HOU,1964.0,,64,86,-22
199711050LAC,RS,HOU,1981.0,,64,87,-23
199711050LAC,RS,HOU,1981.0,,64,88,-24
199711050LAC,RS,HOU,1998.0,,65,88,-23
199711050LAC,RS,HOU,2022.0,,67,88,-21
199711050LAC,RS,HOU,2043.0,,67,89,-22
199711050LAC,RS,HOU,2043.0,,67,90,-23
199711050LAC,RS,HOU,2061.0,,69,90,-21
199711050LAC,RS,HOU,2075.0,,69,92,-23
199711050LAC,RS,HOU,2090.0,,71,92,-21
199711050LAC,RS,HOU,2153.0,,71,93,-22
199711050LAC,RS,HOU,2153.0,,71,94,-23
199711050LAC,RS,HOU,2159.0,,73,94,-21
199711050LAC,RS,HOU,2183.0,,73,96,-23
199711050LAC,RS,HOU,2197.0,,75,96,-21
199711050LAC,RS,HOU,2217.0,,75,98,-23
199711050LAC,RS,HOU,2222.0,,78,98,-20
199711050LAC,RS,HOU,2272.0,,78,100,-22
199711050LAC,RS,HOU,2272.0,,78,101,-23
199711050LAC,RS,HOU,2294.0,,78,103,-25
199711050LAC,RS,HOU,2307.0,,80,103,-23
199711050LAC,RS,HOU,2312.0,,80,105,-25
199711050LAC,RS,HOU,2339.0,,82,105,-23
199711050LAC,RS,HOU,2342.0,,82,107,-25
199711050LAC,RS,HOU,2360.0,,84,107,-23
199711050LAC,RS,HOU,2381.0,,84,109,-25
199711050LAC,RS,HOU,2408.0,,86,109,-23
199711050LAC,RS,HOU,2446.0,,88,109,-21
199711050LAC,RS,HOU,2477.0,,88,111,-23
199711050LAC,RS,HOU,2492.0,,91,111,-20
199711050LAC,RS,HOU,2526.0,,93,111,-18
199711050LAC,RS,HOU,2553.0,,95,111,-16
199711050LAC,RS,HOU,2573.0,,95,113,-18
199711050LAC,RS,HOU,2614.0,,96,113,-17
199711050LAC,RS,HOU,2614.0,,97,113,-16
199711050LAC,RS,HOU,2652.0,,99,113,-14
199711050LAC,RS,HOU,2691.0,,99,115,-16
199711050LAC,RS,HOU,2703.0,,102,115,-13
199711050LAC,RS,HOU,2713.0,,102,116,-14
199711050LAC,RS,HOU,2733.0,,102,117,-15
199711050LAC,RS,HOU,2733.0,,102,118,-16
199711050LAC,RS,HOU,2744.0,,103,118,-15
199711050LAC,RS,HOU,2744.0,,104,118,-14
199711050LAC,RS,HOU,2761.0,,104,121,-17
199711050LAC,RS,HOU,2780.0,,104,122,-18
199711050LAC,RS,HOU,2789.0,,106,122,-16
199711050LAC,RS,HOU,2817.0,,108,122,-14
199711050LAC,RS,HOU,2853.0,,110,122,-12
199711050LAC,RS,HOU,2879.0,F,110,124,-14
199711050LAC,RS,HOU,2880.0,,110,124,-14
199711070SAC,RS,SAC,0.0,,0,0,0
199711070SAC,RS,SAC,16.0,,0,2,-2
199711070SAC,RS,SAC,16.0,,0,3,-3
199711070SAC,RS,SAC,36.0,,1,3,-2
199711070SAC,RS,SAC,51.0,,1,4,-3
199711070SAC,RS,SAC,51.0,,1,5,-4
199711070SAC,RS,SAC,127.0,,1,7,-6
199711070SAC,RS,SAC,152.0,,3,7,-4
199711070SAC,RS,SAC,178.0,,5,7,-2
199711070SAC,RS,SAC,210.0,,5,9,-4
199711070SAC,RS,SAC,258.0,,7,9,-2
199711070SAC,RS,SAC,278.0,,7,12,-5
199711070SAC,RS,SAC,304.0,,7,14,-7
199711070SAC,RS,SAC,344.0,,7,16,-9
199711070SAC,RS,SAC,344.0,,7,17,-10
199711070SAC,RS,SAC,359.0,,9,17,-8
199711070SAC,RS,SAC,381.0,,11,17,-6
199711070SAC,RS,SAC,381.0,,12,17,-5
199711070SAC,RS,SAC,397.0,,14,17,-3
199711070SAC,RS,SAC,440.0,,16,17,-1
199711070SAC,RS,SAC,586.0,LC,18,17,1
199711070SAC,RS,SAC,638.0,LC,18,19,-1
199711070SAC,RS,SAC,666.0,,18,21,-3
199711070SAC,RS,SAC,697.0,,20,21,-1
199711070SAC,RS,SAC,714.0,,20,23,-3
199711070SAC,RS,SAC,744.0,T,23,23,0
199711070SAC,RS,SAC,782.0,LC,25,23,2
199711070SAC,RS,SAC,817.0,,28,23,5
199711070SAC,RS,SAC,847.0,,30,23,7
199711070SAC,RS,SAC,881.0,,32,23,9
199711070SAC,RS,SAC,899.0,,32,26,6
199711070SAC,RS,SAC,971.0,,34,26,8
199711070SAC,RS,SAC,1027.0,,36,26,10
199711070SAC,RS,SAC,1082.0,,36,28,8
199711070SAC,RS,SAC,1082.0,,36,29,7
199711070SAC,RS,SAC,1154.0,,36,31,5
199711070SAC,RS,SAC,1154.0,,36,32,4
199711070SAC,RS,SAC,1179.0,,36,34,2
199711070SAC,RS,SAC,1200.0,,37,34,3
199711070SAC,RS,SAC,1224.0,,37,36,1
199711070SAC,RS,SAC,1250.0,LC,37,38,-1
199711070SAC,RS,SAC,1262.0,LC,39,38,1
199711070SAC,RS,SAC,1280.0,LC,39,40,-1
199711070SAC,RS,SAC,1356.0,LC,41,40,1
199711070SAC,RS,SAC,1384.0,,43,40,3
199711070SAC,RS,SAC,1384.0,,44,40,4
199711070SAC,RS,SAC,1398.0,,44,41,3
199711070SAC,RS,SAC,1418.0,,44,43,1
199711070SAC,RS,SAC,1439.0,,45,43,2
199711070SAC,RS,SAC,1491.0,,47,43,4
199711070SAC,RS,SAC,1510.0,,47,44,3
199711070SAC,RS,SAC,1510.0,,47,45,2
199711070SAC,RS,SAC,1531.0,,50,45,5
199711070SAC,RS,SAC,1548.0,,50,47,3
199711070SAC,RS,SAC,1573.0,,51,47,4
199711070SAC,RS,SAC,1573.0,,52,47,5
199711070SAC,RS,SAC,1602.0,,55,47,8
199711070SAC,RS,SAC,1636.0,,55,48,7
199711070SAC,RS,SAC,1636.0,,55,49,6
199711070SAC,RS,SAC,1661.0,,58,49,9
199711070SAC,RS,SAC,1718.0,,60,49,11
199711070SAC,RS,SAC,1810.0,,62,49,13
199711070SAC,RS,SAC,1824.0,,62,50,12
199711070SAC,RS,SAC,1894.0,,62,51,11
199711070SAC,RS,SAC,1894.0,,62,52,10
199711070SAC,RS,SAC,1933.0,,63,52,11
199711070SAC,RS,SAC,1946.0,,63,54,9
199711070SAC,RS,SAC,1957.0,,65,54,11
199711070SAC,RS,SAC,1996.0,,67,54,13
199711070SAC,RS,SAC,2011.0,,67,55,12
199711070SAC,RS,SAC,2048.0,,67,57,10
199711070SAC,RS,SAC,2068.0,,70,57,13
199711070SAC,RS,SAC,2096.0,,70,59,11
199711070SAC,RS,SAC,2117.0,,71,59,12
199711070SAC,RS,SAC,2117.0,,72,59,13
199711070SAC,RS,SAC,2134.0,,72,61,11
199711070SAC,RS,SAC,2147.0,,73,61,12
199711070SAC,RS,SAC,2233.0,,75,61,14
199711070SAC,RS,SAC,2268.0,,75,63,12
199711070SAC,RS,SAC,2308.0,,77,63,14
199711070SAC,RS,SAC,2382.0,,77,65,12
199711070SAC,RS,SAC,2412.0,,77,67,10
199711070SAC,RS,SAC,2434.0,,77,68,9
199711070SAC,RS,SAC,2434.0,,77,69,8
199711070SAC,RS,SAC,2460.0,,80,69,11
199711070SAC,RS,SAC,2482.0,,80,71,9
199711070SAC,RS,SAC,2506.0,,82,71,11
199711070SAC,RS,SAC,2571.0,,84,71,13
199711070SAC,RS,SAC,2614.0,,86,71,15
199711070SAC,RS,SAC,2633.0,,88,71,17
199711070SAC,RS,SAC,2644.0,,88,74,14
199711070SAC,RS,SAC,2678.0,,89,74,15
199711070SAC,RS,SAC,2678.0,,90,74,16
199711070SAC,RS,SAC,2683.0,,90,77,13
199711070SAC,RS,SAC,2754.0,,92,77,15
199711070SAC,RS,SAC,2777.0,,94,77,17
199711070SAC,RS,SAC,2791.0,,96,77,19
199711070SAC,RS,SAC,2809.0,,96,80,16
199711070SAC,RS,SAC,2843.0,,96,82,14
199711070SAC,RS,SAC,2843.0,,96,83,13
199711070SAC,RS,SAC,2874.0,F,98,83,15
199711070SAC,RS,SAC,2879.0,,98,85,13
199711080LAC,RS,PHO,0.0,,0,0,0
199711080LAC,RS,PHO,86.0,,2,0,2
199711080LAC,RS,PHO,124.0,,4,0,4
199711080LAC,RS,PHO,143.0,,4,2,2
199711080LAC,RS,PHO,173.0,,6,2,4
199711080LAC,RS,PHO,181.0,,6,4,2
199711080LAC,RS,PHO,204.0,LC,6,7,-1
199711080LAC,RS,PHO,230.0,,6,9,-3
199711080LAC,RS,PHO,269.0,,7,9,-2
199711080LAC,RS,PHO,269.0,,8,9,-1
199711080LAC,RS,PHO,299.0,LC,10,9,1
199711080LAC,RS,PHO,315.0,T,10,10,0
199711080LAC,RS,PHO,315.0,LC,10,11,-1
199711080LAC,RS,PHO,332.0,LC,13,11,2
199711080LAC,RS,PHO,342.0,T,13,13,0
199711080LAC,RS,PHO,377.0,LC,13,15,-2
199711080LAC,RS,PHO,401.0,,13,17,-4
199711080LAC,RS,PHO,419.0,,15,17,-2
199711080LAC,RS,PHO,427.0,,15,18,-3
199711080LAC,RS,PHO,491.0,,15,21,-6
199711080LAC,RS,PHO,515.0,,17,21,-4
199711080LAC,RS,PHO,533.0,,17,22,-5
199711080LAC,RS,PHO,533.0,,17,23,-6
199711080LAC,RS,PHO,559.0,,19,23,-4
199711080LAC,RS,PHO,568.0,,19,24,-5
199711080LAC,RS,PHO,568.0,,19,25,-6
199711080LAC,RS,PHO,607.0,,19,28,-9
199711080LAC,RS,PHO,626.0,,21,28,-7
199711080LAC,RS,PHO,626.0,,22,28,-6
199711080LAC,RS,PHO,641.0,,22,30,-8
199711080LAC,RS,PHO,674.0,,24,30,-6
199711080LAC,RS,PHO,680.0,,24,31,-7
199711080LAC,RS,PHO,692.0,,26,31,-5
199711080LAC,RS,PHO,771.0,,26,33,-7
199711080LAC,RS,PHO,793.0,,28,33,-5
199711080LAC,RS,PHO,804.0,,28,35,-7
199711080LAC,RS,PHO,823.0,,30,35,-5
199711080LAC,RS,PHO,837.0,,30,37,-7
199711080LAC,RS,PHO,837.0,,30,38,-8
199711080LAC,RS,PHO,894.0,,30,39,-9
199711080LAC,RS,PHO,894.0,,30,40,-10
199711080LAC,RS,PHO,928.0,,32,40,-8
199711080LAC,RS,PHO,948.0,,32,41,-9
199711080LAC,RS,PHO,948.0,,32,42,-10
199711080LAC,RS,PHO,968.0,,32,44,-12
199711080LAC,RS,PHO,995.0,,34,44,-10
199711080LAC,RS,PHO,1038.0,,34,46,-12
199711080LAC,RS,PHO,1065.0,,34,48,-14
199711080LAC,RS,PHO,1086.0,,35,48,-13
199711080LAC,RS,PHO,1101.0,,35,50,-15
199711080LAC,RS,PHO,1133.0,,35,52,-17
199711080LAC,RS,PHO,1154.0,,36,52,-16
199711080LAC,RS,PHO,1154.0,,37,52,-15
199711080LAC,RS,PHO,1164.0,,37,54,-17
199711080LAC,RS,PHO,1184.0,,37,56,-19
199711080LAC,RS,PHO,1206.0,,39,56,-17
199711080LAC,RS,PHO,1229.0,,39,58,-19
199711080LAC,RS,PHO,1238.0,,40,58,-18
199711080LAC,RS,PHO,1238.0,,41,58,-17
199711080LAC,RS,PHO,1261.0,,41,60,-19
199711080LAC,RS,PHO,1300.0,,41,62,-21
199711080LAC,RS,PHO,1331.0,,41,63,-22
199711080LAC,RS,PHO,1331.0,,41,64,-23
199711080LAC,RS,PHO,1351.0,,43,64,-21
199711080LAC,RS,PHO,1369.0,,43,66,-23
199711080LAC,RS,PHO,1380.0,,46,66,-20
199711080LAC,RS,PHO,1398.0,,46,67,-21
199711080LAC,RS,PHO,1398.0,,46,68,-22
199711080LAC,RS,PHO,1440.0,,48,68,-20
199711080LAC,RS,PHO,1458.0,,48,70,-22
199711080LAC,RS,PHO,1484.0,,48,72,-24
199711080LAC,RS,PHO,1506.0,,50,72,-22
199711080LAC,RS,PHO,1506.0,,51,72,-21
199711080LAC,RS,PHO,1519.0,,51,74,-23
199711080LAC,RS,PHO,1538.0,,53,74,-21
199711080LAC,RS,PHO,1558.0,,54,74,-20
199711080LAC,RS,PHO,1558.0,,55,74,-19
199711080LAC,RS,PHO,1585.0,,57,74,-17
199711080LAC,RS,PHO,1605.0,,57,77,-20
199711080LAC,RS,PHO,1624.0,,60,77,-17
199711080LAC,RS,PHO,1639.0,,60,78,-18
199711080LAC,RS,PHO,1653.0,,62,78,-16
199711080LAC,RS,PHO,1653.0,,63,78,-15
199711080LAC,RS,PHO,1679.0,,64,78,-14
199711080LAC,RS,PHO,1679.0,,65,78,-13
199711080LAC,RS,PHO,1703.0,,65,79,-14
199711080LAC,RS,PHO,1719.0,,66,79,-13
199711080LAC,RS,PHO,1719.0,,67,79,-12
199711080LAC,RS,PHO,1737.0,,67,81,-14
199711080LAC,RS,PHO,1752.0,,69,81,-12
199711080LAC,RS,PHO,1783.0,,71,81,-10
199711080LAC,RS,PHO,1805.0,,71,82,-11
199711080LAC,RS,PHO,1827.0,,71,85,-14
199711080LAC,RS,PHO,1854.0,,73,85,-12
199711080LAC,RS,PHO,1872.0,,73,87,-14
199711080LAC,RS,PHO,1890.0,,73,89,-16
199711080LAC,RS,PHO,1920.0,,73,91,-18
199711080LAC,RS,PHO,1955.0,,76,91,-15
199711080LAC,RS,PHO,1971.0,,76,94,-18
199711080LAC,RS,PHO,1992.0,,78,94,-16
199711080LAC,RS,PHO,2024.0,,80,94,-14
199711080LAC,RS,PHO,2045.0,,80,96,-16
199711080LAC,RS,PHO,2062.0,,81,96,-15
199711080LAC,RS,PHO,2101.0,,81,98,-17
199711080LAC,RS,PHO,2103.0,,82,98,-16
199711080LAC,RS,PHO,2103.0,,83,98,-15
199711080LAC,RS,PHO,2182.0,,85,98,-13
199711080LAC,RS,PHO,2196.0,,85,100,-15
199711080LAC,RS,PHO,2218.0,,85,101,-16
199711080LAC,RS,PHO,2293.0,,86,101,-15
199711080LAC,RS,PHO,2293.0,,87,101,-14
199711080LAC,RS,PHO,2324.0,,89,101,-12
199711080LAC,RS,PHO,2350.0,,89,103,-14
199711080LAC,RS,PHO,2362.0,,89,106,-17
199711080LAC,RS,PHO,2408.0,,90,106,-16
199711080LAC,RS,PHO,2444.0,,90,108,-18
199711080LAC,RS,PHO,2478.0,,90,110,-20
199711080LAC,RS,PHO,2505.0,,92,110,-18
199711080LAC,RS,PHO,2555.0,,92,112,-20
199711080LAC,RS,PHO,2570.0,,93,112,-19
199711080LAC,RS,PHO,2570.0,,94,112,-18
199711080LAC,RS,PHO,2597.0,,94,115,-21
199711080LAC,RS,PHO,2609.0,,95,115,-20
199711080LAC,RS,PHO,2627.0,,95,117,-22
199711080LAC,RS,PHO,2674.0,,97,117,-20
199711080LAC,RS,PHO,2694.0,,97,119,-22
199711080LAC,RS,PHO,2736.0,,99,119,-20
199711080LAC,RS,PHO,2758.0,,99,121,-22
199711080LAC,RS,PHO,2801.0,,99,122,-23
199711080LAC,RS,PHO,2801.0,,99,123,-24
199711080LAC,RS,PHO,2816.0,,101,123,-22
199711080LAC,RS,PHO,2828.0,,102,123,-21
199711080LAC,RS,PHO,2837.0,F,104,123,-19
199711080LAC,RS,PHO,2867.0,,105,123,-18
199711110VAN,RS,VAN,0.0,,0,0,0
199711110VAN,RS,VAN,13.0,,2,0,2
199711110VAN,RS,VAN,34.0,T,2,2,0
199711110VAN,RS,VAN,52.0,LC,2,4,-2
199711110VAN,RS,VAN,70.0,T,4,4,0
199711110VAN,RS,VAN,94.0,,4,6,-2
199711110VAN,RS,VAN,125.0,,4,8,-4
199711110VAN,RS,VAN,147.0,,6,8,-2
199711110VAN,RS,VAN,158.0,,6,10,-4
199711110VAN,RS,VAN,174.0,,8,10,-2
199711110VAN,RS,VAN,174.0,,9,10,-1
199711110VAN,RS,VAN,219.0,LC,11,10,1
199711110VAN,RS,VAN,234.0,LC,11,12,-1
199711110VAN,RS,VAN,265.0,T,12,12,0
199711110VAN,RS,VAN,265.0,LC,13,12,1
199711110VAN,RS,VAN,282.0,LC,13,14,-1
199711110VAN,RS,VAN,302.0,LC,15,14,1
199711110VAN,RS,VAN,320.0,,17,14,3
199711110VAN,RS,VAN,337.0,,17,16,1
199711110VAN,RS,VAN,361.0,,19,16,3
199711110VAN,RS,VAN,377.0,,19,18,1
199711110VAN,RS,VAN,406.0,LC,19,20,-1
199711110VAN,RS,VAN,449.0,LC,21,20,1
199711110VAN,RS,VAN,489.0,,23,20,3
199711110VAN,RS,VAN,512.0,,23,22,1
199711110VAN,RS,VAN,552.0,,25,22,3
199711110VAN,RS,VAN,568.0,,25,24,1
199711110VAN,RS,VAN,630.0,,28,24,4
199711110VAN,RS,VAN,638.0,,28,26,2
199711110VAN,RS,VAN,652.0,,30,26,4
199711110VAN,RS,VAN,705.0,,30,28,2
199711110VAN,RS,VAN,734.0,T,30,30,0
199711110VAN,RS,VAN,742.0,,32,30,2
199711110VAN,RS,VAN,754.0,T,32,32,0
199711110VAN,RS,VAN,833.0,,35,32,3
199711110VAN,RS,VAN,848.0,,35,34,1
199711110VAN,RS,VAN,902.0,LC,35,36,-1
199711110VAN,RS,VAN,924.0,LC,37,36,1
199711110VAN,RS,VAN,952.0,,39,36,3
199711110VAN,RS,VAN,987.0,,39,38,1
199711110VAN,RS,VAN,1009.0,LC,39,40,-1
199711110VAN,RS,VAN,1042.0,LC,42,40,2
199711110VAN,RS,VAN,1086.0,,45,40,5
199711110VAN,RS,VAN,1100.0,,45,41,4
199711110VAN,RS,VAN,1113.0,,47,41,6
199711110VAN,RS,VAN,1126.0,,47,43,4
199711110VAN,RS,VAN,1186.0,,48,43,5
199711110VAN,RS,VAN,1186.0,,49,43,6
199711110VAN,RS,VAN,1194.0,,49,44,5
199711110VAN,RS,VAN,1206.0,,51,44,7
199711110VAN,RS,VAN,1215.0,,51,46,5
199711110VAN,RS,VAN,1224.0,,51,47,4
199711110VAN,RS,VAN,1246.0,,54,47,7
199711110VAN,RS,VAN,1274.0,,54,49,5
199711110VAN,RS,VAN,1310.0,,56,49,7
199711110VAN,RS,VAN,1316.0,,56,50,6
199711110VAN,RS,VAN,1334.0,,59,50,9
199711110VAN,RS,VAN,1357.0,,61,50,11
199711110VAN,RS,VAN,1399.0,,62,50,12
199711110VAN,RS,VAN,1419.0,,62,52,10
199711110VAN,RS,VAN,1454.0,,62,54,8
199711110VAN,RS,VAN,1477.0,,62,56,6
199711110VAN,RS,VAN,1477.0,,62,57,5
199711110VAN,RS,VAN,1511.0,,62,59,3
199711110VAN,RS,VAN,1547.0,,64,59,5
199711110VAN,RS,VAN,1580.0,,64,61,3
199711110VAN,RS,VAN,1593.0,,66,61,5
199711110VAN,RS,VAN,1613.0,,69,61,8
199711110VAN,RS,VAN,1659.0,,69,63,6
199711110VAN,RS,VAN,1694.0,,69,64,5
199711110VAN,RS,VAN,1694.0,,69,65,4
199711110VAN,RS,VAN,1709.0,,72,65,7
199711110VAN,RS,VAN,1728.0,,72,67,5
199711110VAN,RS,VAN,1754.0,,74,67,7
199711110VAN,RS,VAN,1766.0,,74,68,6
199711110VAN,RS,VAN,1787.0,,75,68,7
199711110VAN,RS,VAN,1853.0,,75,70,5
199711110VAN,RS,VAN,1887.0,,75,72,3
199711110VAN,RS,VAN,1903.0,,77,72,5
199711110VAN,RS,VAN,1931.0,,79,72,7
199711110VAN,RS,VAN,1952.0,,79,74,5
199711110VAN,RS,VAN,1978.0,,79,76,3
199711110VAN,RS,VAN,1997.0,,81,76,5
199711110VAN,RS,VAN,2012.0,,83,76,7
199711110VAN,RS,VAN,2038.0,,84,76,8
199711110VAN,RS,VAN,2055.0,,84,78,6
199711110VAN,RS,VAN,2062.0,,85,78,7
199711110VAN,RS,VAN,2062.0,,86,78,8
199711110VAN,RS,VAN,2077.0,,86,80,6
199711110VAN,RS,VAN,2097.0,,88,80,8
199711110VAN,RS,VAN,2111.0,,88,82,6
199711110VAN,RS,VAN,2132.0,,90,82,8
199711110VAN,RS,VAN,2152.0,,91,82,9
199711110VAN,RS,VAN,2152.0,,92,82,10
199711110VAN,RS,VAN,2197.0,,92,83,9
199711110VAN,RS,VAN,2221.0,,93,83,10
199711110VAN,RS,VAN,2221.0,,94,83,11
199711110VAN,RS,VAN,2231.0,,94,84,10
199711110VAN,RS,VAN,2231.0,,94,85,9
199711110VAN,RS,VAN,2262.0,,96,85,11
199711110VAN,RS,VAN,2310.0,,96,87,9
199711110VAN,RS,VAN,2361.0,,96,90,6
199711110VAN,RS,VAN,2390.0,,96,91,5
199711110VAN,RS,VAN,2438.0,,98,91,7
199711110VAN,RS,VAN,2452.0,,98,92,6
199711110VAN,RS,VAN,2468.0,,98,93,5
199711110VAN,RS,VAN,2476.0,,99,93,6
199711110VAN,RS,VAN,2487.0,,99,95,4
199711110VAN,RS,VAN,2499.0,,99,96,3
199711110VAN,RS,VAN,2499.0,,99,97,2
199711110VAN,RS,VAN,2516.0,,101,97,4
199711110VAN,RS,VAN,2579.0,,101,98,3
199711110VAN,RS,VAN,2620.0,,101,100,1
199711110VAN,RS,VAN,2656.0,LC,101,102,-1
199711110VAN,RS,VAN,2656.0,,101,103,-2
199711110VAN,RS,VAN,2706.0,,101,104,-3
199711110VAN,RS,VAN,2706.0,,101,105,-4
199711110VAN,RS,VAN,2731.0,,101,106,-5
199711110VAN,RS,VAN,2731.0,,101,107,-6
199711110VAN,RS,VAN,2746.0,,102,107,-5
199711110VAN,RS,VAN,2746.0,,103,107,-4
199711110VAN,RS,VAN,2770.0,,103,109,-6
199711110VAN,RS,VAN,2786.0,,105,109,-4
199711110VAN,RS,VAN,2799.0,,105,111,-6
199711110VAN,RS,VAN,2808.0,,107,111,-4
199711110VAN,RS,VAN,2842.0,,107,112,-5
199711110VAN,RS,VAN,2852.0,,107,113,-6
199711110VAN,RS,VAN,2852.0,,107,114,-7
199711110VAN,RS,VAN,2855.0,,110,114,-4
199711110VAN,RS,VAN,2857.0,,110,115,-5
199711110VAN,RS,VAN,2857.0,,110,116,-6
199711110VAN,RS,VAN,2860.0,,113,116,-3
199711110VAN,RS,VAN,2861.0,,113,117,-4
199711110VAN,RS,VAN,2872.0,,113,118,-5
199711110VAN,RS,VAN,2872.0,F,113,119,-6
199711110VAN,RS,VAN,2878.0,,113,119,-6
199711130LAC,RS,MIL,0.0,,0,0,0
199711130LAC,RS,MIL,25.0,,0,2,-2
199711130LAC,RS,MIL,71.0,T,2,2,0
199711130LAC,RS,MIL,106.0,LC,4,2,2
199711130LAC,RS,MIL,129.0,T,4,4,0
199711130LAC,RS,MIL,208.0,,5,4,1
199711130LAC,RS,MIL,212.0,LC,5,6,-1
199711130LAC,RS,MIL,212.0,,5,7,-2
199711130LAC,RS,MIL,238.0,,5,9,-4
199711130LAC,RS,MIL,310.0,,7,9,-2
199711130LAC,RS,MIL,363.0,,7,10,-3
199711130LAC,RS,MIL,363.0,,7,11,-4
199711130LAC,RS,MIL,381.0,,9,11,-2
199711130LAC,RS,MIL,399.0,,9,12,-3
199711130LAC,RS,MIL,399.0,,9,13,-4
199711130LAC,RS,MIL,480.0,,9,15,-6
199711130LAC,RS,MIL,504.0,,12,15,-3
199711130LAC,RS,MIL,526.0,,12,17,-5
199711130LAC,RS,MIL,532.0,,14,17,-3
199711130LAC,RS,MIL,559.0,,15,17,-2
199711130LAC,RS,MIL,572.0,,15,18,-3
199711130LAC,RS,MIL,586.0,,17,18,-1
199711130LAC,RS,MIL,620.0,LC,19,18,1
199711130LAC,RS,MIL,639.0,LC,19,20,-1
199711130LAC,RS,MIL,657.0,LC,22,20,2
199711130LAC,RS,MIL,676.0,T,22,22,0
199711130LAC,RS,MIL,712.0,LC,22,24,-2
199711130LAC,RS,MIL,720.0,,22,26,-4
199711130LAC,RS,MIL,788.0,,22,28,-6
199711130LAC,RS,MIL,829.0,,22,30,-8
199711130LAC,RS,MIL,862.0,,22,33,-11
199711130LAC,RS,MIL,900.0,,24,33,-9
199711130LAC,RS,MIL,925.0,,25,33,-8
199711130LAC,RS,MIL,947.0,,25,35,-10
199711130LAC,RS,MIL,976.0,,25,37,-12
199711130LAC,RS,MIL,1023.0,,25,39,-14
199711130LAC,RS,MIL,1059.0,,25,40,-15
199711130LAC,RS,MIL,1059.0,,25,41,-16
199711130LAC,RS,MIL,1101.0,,27,41,-14
199711130LAC,RS,MIL,1122.0,,27,43,-16
199711130LAC,RS,MIL,1152.0,,27,44,-17
199711130LAC,RS,MIL,1176.0,,28,44,-16
199711130LAC,RS,MIL,1176.0,,29,44,-15
199711130LAC,RS,MIL,1190.0,,29,46,-17
199711130LAC,RS,MIL,1210.0,,31,46,-15
199711130LAC,RS,MIL,1225.0,,31,48,-17
199711130LAC,RS,MIL,1281.0,,31,50,-19
199711130LAC,RS,MIL,1314.0,,31,52,-21
199711130LAC,RS,MIL,1321.0,,33,52,-19
199711130LAC,RS,MIL,1345.0,,33,53,-20
199711130LAC,RS,MIL,1345.0,,33,54,-21
199711130LAC,RS,MIL,1353.0,,34,54,-20
199711130LAC,RS,MIL,1353.0,,35,54,-19
199711130LAC,RS,MIL,1398.0,,35,55,-20
199711130LAC,RS,MIL,1398.0,,35,56,-21
199711130LAC,RS,MIL,1415.0,,38,56,-18
199711130LAC,RS,MIL,1436.0,,38,58,-20
199711130LAC,RS,MIL,1439.0,,40,58,-18
199711130LAC,RS,MIL,1493.0,,42,58,-16
199711130LAC,RS,MIL,1522.0,,44,58,-14
199711130LAC,RS,MIL,1550.0,,44,60,-16
199711130LAC,RS,MIL,1564.0,,47,60,-13
199711130LAC,RS,MIL,1598.0,,49,60,-11
199711130LAC,RS,MIL,1626.0,,51,60,-9
199711130LAC,RS,MIL,1648.0,,51,62,-11
199711130LAC,RS,MIL,1659.0,,52,62,-10
199711130LAC,RS,MIL,1659.0,,53,62,-9
199711130LAC,RS,MIL,1703.0,,55,62,-7
199711130LAC,RS,MIL,1723.0,,55,64,-9
199711130LAC,RS,MIL,1729.0,,56,64,-8
199711130LAC,RS,MIL,1751.0,,56,66,-10
199711130LAC,RS,MIL,1764.0,,56,67,-11
199711130LAC,RS,MIL,1764.0,,56,68,-12
199711130LAC,RS,MIL,1778.0,,57,68,-11
199711130LAC,RS,MIL,1778.0,,58,68,-10
199711130LAC,RS,MIL,1806.0,,59,68,-9
199711130LAC,RS,MIL,1806.0,,60,68,-8
199711130LAC,RS,MIL,1824.0,,62,68,-6
199711130LAC,RS,MIL,1857.0,,62,70,-8
199711130LAC,RS,MIL,1891.0,,62,72,-10
199711130LAC,RS,MIL,1907.0,,64,72,-8
199711130LAC,RS,MIL,1934.0,,64,74,-10
199711130LAC,RS,MIL,1961.0,,65,74,-9
199711130LAC,RS,MIL,1982.0,,67,74,-7
199711130LAC,RS,MIL,2017.0,,67,76,-9
199711130LAC,RS,MIL,2056.0,,67,78,-11
199711130LAC,RS,MIL,2084.0,,69,78,-9
199711130LAC,RS,MIL,2126.0,,70,78,-8
199711130LAC,RS,MIL,2126.0,,71,78,-7
199711130LAC,RS,MIL,2140.0,,71,80,-9
199711130LAC,RS,MIL,2227.0,,71,82,-11
199711130LAC,RS,MIL,2266.0,,71,84,-13
199711130LAC,RS,MIL,2287.0,,72,84,-12
199711130LAC,RS,MIL,2287.0,,73,84,-11
199711130LAC,RS,MIL,2302.0,,73,86,-13
199711130LAC,RS,MIL,2315.0,,74,86,-12
199711130LAC,RS,MIL,2373.0,,75,86,-11
199711130LAC,RS,MIL,2373.0,,76,86,-10
199711130LAC,RS,MIL,2445.0,,77,86,-9
199711130LAC,RS,MIL,2445.0,,78,86,-8
199711130LAC,RS,MIL,2463.0,,78,88,-10
199711130LAC,RS,MIL,2479.0,,79,88,-9
199711130LAC,RS,MIL,2479.0,,80,88,-8
199711130LAC,RS,MIL,2538.0,,82,88,-6
199711130LAC,RS,MIL,2580.0,,84,88,-4
199711130LAC,RS,MIL,2601.0,,84,90,-6
199711130LAC,RS,MIL,2661.0,,87,90,-3
199711130LAC,RS,MIL,2710.0,,87,91,-4
199711130LAC,RS,MIL,2746.0,,87,93,-6
199711130LAC,RS,MIL,2763.0,,87,95,-8
199711130LAC,RS,MIL,2785.0,,89,95,-6
199711130LAC,RS,MIL,2820.0,,91,95,-4
199711130LAC,RS,MIL,2844.0,,91,96,-5
199711130LAC,RS,MIL,2844.0,,91,97,-6
199711130LAC,RS,MIL,2848.0,,93,97,-4
199711130LAC,RS,MIL,2849.0,,93,98,-5
199711130LAC,RS,MIL,2849.0,,93,99,-6
199711130LAC,RS,MIL,2858.0,,93,100,-7
199711130LAC,RS,MIL,2867.0,,94,100,-6
199711130LAC,RS,MIL,2871.0,,94,101,-7
199711130LAC,RS,MIL,2871.0,F,94,102,-8
199711130LAC,RS,MIL,2876.0,,94,102,-8
199711150CHH,RS,CHH,0.0,,0,0,0
199711150CHH,RS,CHH,21.0,,0,2,-2
199711150CHH,RS,CHH,46.0,,0,5,-5
199711150CHH,RS,CHH,61.0,,0,8,-8
199711150CHH,RS,CHH,130.0,,0,10,-10
199711150CHH,RS,CHH,157.0,,0,12,-12
199711150CHH,RS,CHH,179.0,,2,12,-10
199711150CHH,RS,CHH,205.0,,4,12,-8
199711150CHH,RS,CHH,222.0,,4,14,-10
199711150CHH,RS,CHH,248.0,,4,16,-12
199711150CHH,RS,CHH,248.0,,4,17,-13
199711150CHH,RS,CHH,277.0,,4,19,-15
199711150CHH,RS,CHH,299.0,,4,21,-17
199711150CHH,RS,CHH,316.0,,5,21,-16
199711150CHH,RS,CHH,316.0,,6,21,-15
199711150CHH,RS,CHH,332.0,,6,23,-17
199711150CHH,RS,CHH,344.0,,9,23,-14
199711150CHH,RS,CHH,360.0,,9,26,-17
199711150CHH,RS,CHH,372.0,,11,26,-15
199711150CHH,RS,CHH,406.0,,12,26,-14
199711150CHH,RS,CHH,406.0,,13,26,-13
199711150CHH,RS,CHH,463.0,,14,26,-12
199711150CHH,RS,CHH,469.0,,16,26,-10
199711150CHH,RS,CHH,488.0,,17,26,-9
199711150CHH,RS,CHH,488.0,,18,26,-8
199711150CHH,RS,CHH,501.0,,18,28,-10
199711150CHH,RS,CHH,501.0,,18,29,-11
199711150CHH,RS,CHH,518.0,,18,31,-13
199711150CHH,RS,CHH,529.0,,21,31,-10
199711150CHH,RS,CHH,576.0,,21,33,-12
199711150CHH,RS,CHH,582.0,,23,33,-10
199711150CHH,RS,CHH,627.0,,26,33,-7
199711150CHH,RS,CHH,640.0,,26,34,-8
199711150CHH,RS,CHH,670.0,,26,36,-10
199711150CHH,RS,CHH,685.0,,27,36,-9
199711150CHH,RS,CHH,685.0,,28,36,-8
199711150CHH,RS,CHH,700.0,,28,38,-10
199711150CHH,RS,CHH,715.0,,30,38,-8
199711150CHH,RS,CHH,720.0,,30,41,-11
199711150CHH,RS,CHH,756.0,,30,43,-13
199711150CHH,RS,CHH,767.0,,32,43,-11
199711150CHH,RS,CHH,767.0,,33,43,-10
199711150CHH,RS,CHH,832.0,,35,43,-8
199711150CHH,RS,CHH,856.0,,35,44,-9
199711150CHH,RS,CHH,873.0,,37,44,-7
199711150CHH,RS,CHH,886.0,,39,44,-5
199711150CHH,RS,CHH,911.0,,39,47,-8
199711150CHH,RS,CHH,942.0,,41,47,-6
199711150CHH,RS,CHH,970.0,,41,49,-8
199711150CHH,RS,CHH,1004.0,,43,49,-6
199711150CHH,RS,CHH,1011.0,,43,51,-8
199711150CHH,RS,CHH,1065.0,,43,53,-10
199711150CHH,RS,CHH,1119.0,,43,55,-12
199711150CHH,RS,CHH,1179.0,,44,55,-11
199711150CHH,RS,CHH,1179.0,,45,55,-10
199711150CHH,RS,CHH,1268.0,,45,57,-12
199711150CHH,RS,CHH,1322.0,,46,57,-11
199711150CHH,RS,CHH,1336.0,,46,58,-12
199711150CHH,RS,CHH,1346.0,,48,58,-10
199711150CHH,RS,CHH,1394.0,,48,59,-11
199711150CHH,RS,CHH,1394.0,,48,60,-12
199711150CHH,RS,CHH,1410.0,,49,60,-11
199711150CHH,RS,CHH,1410.0,,50,60,-10
199711150CHH,RS,CHH,1434.0,,50,61,-11
199711150CHH,RS,CHH,1434.0,,50,62,-12
199711150CHH,RS,CHH,1488.0,,50,63,-13
199711150CHH,RS,CHH,1488.0,,50,64,-14
199711150CHH,RS,CHH,1517.0,,52,64,-12
199711150CHH,RS,CHH,1552.0,,52,66,-14
199711150CHH,RS,CHH,1569.0,,55,66,-11
199711150CHH,RS,CHH,1608.0,,55,68,-13
199711150CHH,RS,CHH,1608.0,,55,69,-14
199711150CHH,RS,CHH,1630.0,,57,69,-12
199711150CHH,RS,CHH,1642.0,,57,71,-14
199711150CHH,RS,CHH,1665.0,,57,73,-16
199711150CHH,RS,CHH,1693.0,,57,75,-18
199711150CHH,RS,CHH,1716.0,,59,75,-16
199711150CHH,RS,CHH,1733.0,,59,77,-18
199711150CHH,RS,CHH,1759.0,,61,77,-16
199711150CHH,RS,CHH,1795.0,,63,77,-14
199711150CHH,RS,CHH,1830.0,,65,77,-12
199711150CHH,RS,CHH,1851.0,,65,79,-14
199711150CHH,RS,CHH,1884.0,,66,79,-13
199711150CHH,RS,CHH,1884.0,,67,79,-12
199711150CHH,RS,CHH,1891.0,,67,80,-13
199711150CHH,RS,CHH,1891.0,,67,81,-14
199711150CHH,RS,CHH,1917.0,,67,83,-16
199711150CHH,RS,CHH,1930.0,,68,83,-15
199711150CHH,RS,CHH,1930.0,,69,83,-14
199711150CHH,RS,CHH,1939.0,,69,85,-16
199711150CHH,RS,CHH,2013.0,,69,87,-18
199711150CHH,RS,CHH,2051.0,,70,87,-17
199711150CHH,RS,CHH,2067.0,,70,88,-18
199711150CHH,RS,CHH,2067.0,,70,89,-19
199711150CHH,RS,CHH,2087.0,,72,89,-17
199711150CHH,RS,CHH,2094.0,,72,92,-20
199711150CHH,RS,CHH,2120.0,,72,94,-22
199711150CHH,RS,CHH,2157.0,,72,96,-24
199711150CHH,RS,CHH,2159.0,,73,96,-23
199711150CHH,RS,CHH,2159.0,,74,96,-22
199711150CHH,RS,CHH,2159.0,,74,97,-23
199711150CHH,RS,CHH,2159.0,,74,98,-24
199711150CHH,RS,CHH,2216.0,,77,98,-21
199711150CHH,RS,CHH,2275.0,,77,100,-23
199711150CHH,RS,CHH,2281.0,,78,100,-22
199711150CHH,RS,CHH,2281.0,,79,100,-21
199711150CHH,RS,CHH,2292.0,,79,102,-23
199711150CHH,RS,CHH,2310.0,,79,103,-24
199711150CHH,RS,CHH,2310.0,,79,104,-25
199711150CHH,RS,CHH,2384.0,,79,107,-28
199711150CHH,RS,CHH,2402.0,,80,107,-27
199711150CHH,RS,CHH,2447.0,,80,109,-29
199711150CHH,RS,CHH,2484.0,,80,111,-31
199711150CHH,RS,CHH,2498.0,,81,111,-30
199711150CHH,RS,CHH,2515.0,,81,113,-32
199711150CHH,RS,CHH,2523.0,,83,113,-30
199711150CHH,RS,CHH,2540.0,,83,115,-32
199711150CHH,RS,CHH,2580.0,,86,115,-29
199711150CHH,RS,CHH,2599.0,,86,117,-31
199711150CHH,RS,CHH,2612.0,,87,117,-30
199711150CHH,RS,CHH,2612.0,,88,117,-29
199711150CHH,RS,CHH,2645.0,,88,119,-31
199711150CHH,RS,CHH,2670.0,,89,119,-30
199711150CHH,RS,CHH,2670.0,,90,119,-29
199711150CHH,RS,CHH,2689.0,,90,121,-31
199711150CHH,RS,CHH,2698.0,,92,121,-29
199711150CHH,RS,CHH,2716.0,,92,122,-30
199711150CHH,RS,CHH,2777.0,,92,124,-32
199711150CHH,RS,CHH,2820.0,,92,126,-34
199711150CHH,RS,CHH,2832.0,,94,126,-32
199711150CHH,RS,CHH,2838.0,,94,128,-34
199711150CHH,RS,CHH,2848.0,,96,128,-32
199711150CHH,RS,CHH,2868.0,F,96,130,-34
199711150CHH,RS,CHH,2880.0,,96,130,-34
199711160ATL,RS,ATL,0.0,,0,0,0
199711160ATL,RS,ATL,32.0,,2,0,2
199711160ATL,RS,ATL,57.0,T,2,2,0
199711160ATL,RS,ATL,93.0,LC,2,4,-2
199711160ATL,RS,ATL,115.0,,2,6,-4
199711160ATL,RS,ATL,156.0,,2,8,-6
199711160ATL,RS,ATL,193.0,,2,10,-8
199711160ATL,RS,ATL,215.0,,4,10,-6
199711160ATL,RS,ATL,245.0,,6,10,-4
199711160ATL,RS,ATL,263.0,,6,12,-6
199711160ATL,RS,ATL,340.0,,6,14,-8
199711160ATL,RS,ATL,376.0,,8,14,-6
199711160ATL,RS,ATL,393.0,,8,15,-7
199711160ATL,RS,ATL,393.0,,8,16,-8
199711160ATL,RS,ATL,450.0,,10,16,-6
199711160ATL,RS,ATL,523.0,,10,17,-7
199711160ATL,RS,ATL,523.0,,10,18,-8
199711160ATL,RS,ATL,541.0,,12,18,-6
199711160ATL,RS,ATL,593.0,,15,18,-3
199711160ATL,RS,ATL,625.0,,15,20,-5
199711160ATL,RS,ATL,652.0,,17,20,-3
199711160ATL,RS,ATL,674.0,,17,22,-5
199711160ATL,RS,ATL,674.0,,17,23,-6
199711160ATL,RS,ATL,756.0,,19,23,-4
199711160ATL,RS,ATL,756.0,,20,23,-3
199711160ATL,RS,ATL,782.0,,21,23,-2
199711160ATL,RS,ATL,841.0,T,23,23,0
199711160ATL,RS,ATL,863.0,,23,24,-1
199711160ATL,RS,ATL,899.0,,23,26,-3
199711160ATL,RS,ATL,920.0,,24,26,-2
199711160ATL,RS,ATL,920.0,,25,26,-1
199711160ATL,RS,ATL,945.0,LC,27,26,1
199711160ATL,RS,ATL,958.0,T,27,27,0
199711160ATL,RS,ATL,978.0,LC,27,29,-2
199711160ATL,RS,ATL,1001.0,T,29,29,0
199711160ATL,RS,ATL,1078.0,,29,30,-1
199711160ATL,RS,ATL,1078.0,,29,31,-2
199711160ATL,RS,ATL,1086.0,LC,32,31,1
199711160ATL,RS,ATL,1104.0,LC,32,34,-2
199711160ATL,RS,ATL,1139.0,,32,37,-5
199711160ATL,RS,ATL,1158.0,,34,37,-3
199711160ATL,RS,ATL,1230.0,,36,37,-1
199711160ATL,RS,ATL,1288.0,T,37,37,0
199711160ATL,RS,ATL,1313.0,,37,38,-1
199711160ATL,RS,ATL,1313.0,,37,39,-2
199711160ATL,RS,ATL,1336.0,T,39,39,0
199711160ATL,RS,ATL,1354.0,,39,41,-2
199711160ATL,RS,ATL,1392.0,,39,42,-3
199711160ATL,RS,ATL,1392.0,,39,43,-4
199711160ATL,RS,ATL,1431.0,,39,45,-6
199711160ATL,RS,ATL,1464.0,,41,45,-4
199711160ATL,RS,ATL,1518.0,,41,46,-5
199711160ATL,RS,ATL,1518.0,,41,47,-6
199711160ATL,RS,ATL,1580.0,,44,47,-3
199711160ATL,RS,ATL,1611.0,T,47,47,0
199711160ATL,RS,ATL,1689.0,LC,48,47,1
199711160ATL,RS,ATL,1689.0,,49,47,2
199711160ATL,RS,ATL,1733.0,T,49,49,0
199711160ATL,RS,ATL,1770.0,LC,49,50,-1
199711160ATL,RS,ATL,1770.0,,49,51,-2
199711160ATL,RS,ATL,1787.0,,49,52,-3
199711160ATL,RS,ATL,1808.0,,51,52,-1
199711160ATL,RS,ATL,1818.0,,51,53,-2
199711160ATL,RS,ATL,1832.0,T,53,53,0
199711160ATL,RS,ATL,1863.0,LC,55,53,2
199711160ATL,RS,ATL,1889.0,,57,53,4
199711160ATL,RS,ATL,1907.0,,57,54,3
199711160ATL,RS,ATL,1907.0,,57,55,2
199711160ATL,RS,ATL,1933.0,,59,55,4
199711160ATL,RS,ATL,1963.0,,59,56,3
199711160ATL,RS,ATL,1963.0,,59,57,2
199711160ATL,RS,ATL,1967.0,,60,57,3
199711160ATL,RS,ATL,1967.0,,61,57,4
199711160ATL,RS,ATL,1987.0,,61,59,2
199711160ATL,RS,ATL,2001.0,,63,59,4
199711160ATL,RS,ATL,2067.0,,64,59,5
199711160ATL,RS,ATL,2067.0,,65,59,6
199711160ATL,RS,ATL,2118.0,,65,61,4
199711160ATL,RS,ATL,2157.0,,65,63,2
199711160ATL,RS,ATL,2160.0,,68,63,5
199711160ATL,RS,ATL,2212.0,,68,65,3
199711160ATL,RS,ATL,2250.0,,70,65,5
199711160ATL,RS,ATL,2274.0,,70,67,3
199711160ATL,RS,ATL,2292.0,,70,69,1
199711160ATL,RS,ATL,2339.0,T,70,70,0
199711160ATL,RS,ATL,2339.0,LC,70,71,-1
199711160ATL,RS,ATL,2373.0,LC,72,71,1
199711160ATL,RS,ATL,2423.0,LC,72,73,-1
199711160ATL,RS,ATL,2481.0,,72,75,-3
199711160ATL,RS,ATL,2527.0,,72,76,-4
199711160ATL,RS,ATL,2545.0,,74,76,-2
199711160ATL,RS,ATL,2595.0,,74,78,-4
199711160ATL,RS,ATL,2622.0,,76,78,-2
199711160ATL,RS,ATL,2645.0,,76,79,-3
199711160ATL,RS,ATL,2667.0,,76,80,-4
199711160ATL,RS,ATL,2682.0,,76,81,-5
199711160ATL,RS,ATL,2682.0,,76,82,-6
199711160ATL,RS,ATL,2744.0,,79,82,-3
199711160ATL,RS,ATL,2805.0,,79,83,-4
199711160ATL,RS,ATL,2805.0,,79,84,-5
199711160ATL,RS,ATL,2832.0,,80,84,-4
199711160ATL,RS,ATL,2832.0,,81,84,-3
199711160ATL,RS,ATL,2863.0,,81,85,-4
199711160ATL,RS,ATL,2874.0,,81,86,-5
199711160ATL,RS,ATL,2874.0,,81,87,-6
199711160ATL,RS,ATL,2877.0,,83,87,-4
199711160ATL,RS,ATL,2878.0,,83,89,-6
199711160ATL,RS,ATL,2878.0,F,83,88,-5
199711180ORL,RS,ORL,0.0,,0,0,0
199711180ORL,RS,ORL,15.0,,2,0,2
199711180ORL,RS,ORL,33.0,,4,0,4
199711180ORL,RS,ORL,33.0,,5,0,5
199711180ORL,RS,ORL,41.0,,5,2,3
199711180ORL,RS,ORL,51.0,,7,2,5
199711180ORL,RS,ORL,89.0,,7,4,3
199711180ORL,RS,ORL,101.0,,9,4,5
199711180ORL,RS,ORL,130.0,,9,6,3
199711180ORL,RS,ORL,141.0,,11,6,5
199711180ORL,RS,ORL,163.0,,13,6,7
199711180ORL,RS,ORL,180.0,,13,8,5
199711180ORL,RS,ORL,205.0,,13,9,4
199711180ORL,RS,ORL,205.0,,13,10,3
199711180ORL,RS,ORL,254.0,,16,10,6
199711180ORL,RS,ORL,268.0,,16,12,4
199711180ORL,RS,ORL,283.0,,16,14,2
199711180ORL,RS,ORL,304.0,T,16,16,0
199711180ORL,RS,ORL,393.0,,18,16,2
199711180ORL,RS,ORL,413.0,,18,17,1
199711180ORL,RS,ORL,413.0,T,18,18,0
199711180ORL,RS,ORL,427.0,,20,18,2
199711180ORL,RS,ORL,467.0,T,20,20,0
199711180ORL,RS,ORL,476.0,,23,20,3
199711180ORL,RS,ORL,491.0,,23,22,1
199711180ORL,RS,ORL,510.0,T,23,23,0
199711180ORL,RS,ORL,521.0,,24,23,1
199711180ORL,RS,ORL,521.0,,25,23,2
199711180ORL,RS,ORL,534.0,T,25,25,0
199711180ORL,RS,ORL,542.0,,26,25,1
199711180ORL,RS,ORL,542.0,,27,25,2
199711180ORL,RS,ORL,573.0,,29,25,4
199711180ORL,RS,ORL,596.0,,29,26,3
199711180ORL,RS,ORL,596.0,,29,27,2
199711180ORL,RS,ORL,609.0,,31,27,4
199711180ORL,RS,ORL,668.0,,34,27,7
199711180ORL,RS,ORL,684.0,,34,29,5
199711180ORL,RS,ORL,698.0,,36,29,7
199711180ORL,RS,ORL,761.0,,36,31,5
199711180ORL,RS,ORL,807.0,,38,31,7
199711180ORL,RS,ORL,822.0,,38,32,6
199711180ORL,RS,ORL,822.0,,38,33,5
199711180ORL,RS,ORL,841.0,,40,33,7
199711180ORL,RS,ORL,870.0,,40,35,5
199711180ORL,RS,ORL,884.0,,42,35,7
199711180ORL,RS,ORL,908.0,,44,35,9
199711180ORL,RS,ORL,924.0,,44,37,7
199711180ORL,RS,ORL,942.0,,46,37,9
199711180ORL,RS,ORL,958.0,,46,39,7
199711180ORL,RS,ORL,958.0,,46,40,6
199711180ORL,RS,ORL,1001.0,,46,41,5
199711180ORL,RS,ORL,1001.0,,46,42,4
199711180ORL,RS,ORL,1056.0,,46,44,2
199711180ORL,RS,ORL,1077.0,,48,44,4
199711180ORL,RS,ORL,1095.0,,48,46,2
199711180ORL,RS,ORL,1200.0,T,48,48,0
199711180ORL,RS,ORL,1215.0,,50,48,2
199711180ORL,RS,ORL,1233.0,T,50,50,0
199711180ORL,RS,ORL,1278.0,LC,50,51,-1
199711180ORL,RS,ORL,1278.0,,50,52,-2
199711180ORL,RS,ORL,1293.0,T,52,52,0
199711180ORL,RS,ORL,1323.0,,52,54,-2
199711180ORL,RS,ORL,1345.0,T,54,54,0
199711180ORL,RS,ORL,1357.0,,54,57,-3
199711180ORL,RS,ORL,1377.0,,54,58,-4
199711180ORL,RS,ORL,1408.0,,54,60,-6
199711180ORL,RS,ORL,1423.0,,56,60,-4
199711180ORL,RS,ORL,1439.0,,56,62,-6
199711180ORL,RS,ORL,1467.0,,56,64,-8
199711180ORL,RS,ORL,1510.0,,56,66,-10
199711180ORL,RS,ORL,1584.0,,56,67,-11
199711180ORL,RS,ORL,1584.0,,56,68,-12
199711180ORL,RS,ORL,1598.0,,58,68,-10
199711180ORL,RS,ORL,1614.0,,58,70,-12
199711180ORL,RS,ORL,1639.0,,61,70,-9
199711180ORL,RS,ORL,1661.0,,61,72,-11
199711180ORL,RS,ORL,1721.0,,61,74,-13
199711180ORL,RS,ORL,1736.0,,63,74,-11
199711180ORL,RS,ORL,1765.0,,64,74,-10
199711180ORL,RS,ORL,1765.0,,65,74,-9
199711180ORL,RS,ORL,1809.0,,67,74,-7
199711180ORL,RS,ORL,1833.0,,67,76,-9
199711180ORL,RS,ORL,1833.0,,67,77,-10
199711180ORL,RS,ORL,1871.0,,67,80,-13
199711180ORL,RS,ORL,1934.0,,67,83,-16
199711180ORL,RS,ORL,1991.0,,69,83,-14
199711180ORL,RS,ORL,2011.0,,69,85,-16
199711180ORL,RS,ORL,2025.0,,71,85,-14
199711180ORL,RS,ORL,2055.0,,73,85,-12
199711180ORL,RS,ORL,2076.0,,75,85,-10
199711180ORL,RS,ORL,2094.0,,75,87,-12
199711180ORL,RS,ORL,2132.0,,75,88,-13
199711180ORL,RS,ORL,2150.0,,76,88,-12
199711180ORL,RS,ORL,2150.0,,77,88,-11
199711180ORL,RS,ORL,2158.0,,77,91,-14
199711180ORL,RS,ORL,2217.0,,77,93,-16
199711180ORL,RS,ORL,2253.0,,77,95,-18
199711180ORL,RS,ORL,2287.0,,79,95,-16
199711180ORL,RS,ORL,2304.0,,79,96,-17
199711180ORL,RS,ORL,2374.0,,79,97,-18
199711180ORL,RS,ORL,2425.0,,80,97,-17
199711180ORL,RS,ORL,2425.0,,81,97,-16
199711180ORL,RS,ORL,2454.0,,81,100,-19
199711180ORL,RS,ORL,2473.0,,83,100,-17
199711180ORL,RS,ORL,2505.0,,83,102,-19
199711180ORL,RS,ORL,2513.0,,84,102,-18
199711180ORL,RS,ORL,2547.0,,86,102,-16
199711180ORL,RS,ORL,2584.0,,88,102,-14
199711180ORL,RS,ORL,2611.0,,90,102,-12
199711180ORL,RS,ORL,2628.0,,90,104,-14
199711180ORL,RS,ORL,2648.0,,92,104,-12
199711180ORL,RS,ORL,2703.0,,92,106,-14
199711180ORL,RS,ORL,2726.0,,94,106,-12
199711180ORL,RS,ORL,2748.0,,94,108,-14
199711180ORL,RS,ORL,2775.0,,94,110,-16
199711180ORL,RS,ORL,2807.0,F,94,112,-18
199711180ORL,RS,ORL,2880.0,,94,112,-18
199711190MIA,RS,MIA,0.0,,0,0,0
199711190MIA,RS,MIA,42.0,,0,1,-1
199711190MIA,RS,MIA,42.0,,0,2,-2
199711190MIA,RS,MIA,66.0,,0,4,-4
199711190MIA,RS,MIA,74.0,,2,4,-2
199711190MIA,RS,MIA,92.0,,2,6,-4
199711190MIA,RS,MIA,142.0,,2,8,-6
199711190MIA,RS,MIA,142.0,,2,9,-7
199711190MIA,RS,MIA,180.0,,2,11,-9
199711190MIA,RS,MIA,204.0,,4,11,-7
199711190MIA,RS,MIA,224.0,,4,13,-9
199711190MIA,RS,MIA,260.0,,4,14,-10
199711190MIA,RS,MIA,260.0,,4,15,-11
199711190MIA,RS,MIA,290.0,,4,17,-13
199711190MIA,RS,MIA,310.0,,4,19,-15
199711190MIA,RS,MIA,355.0,,4,21,-17
199711190MIA,RS,MIA,367.0,,6,21,-15
199711190MIA,RS,MIA,374.0,,6,23,-17
199711190MIA,RS,MIA,374.0,,6,24,-18
199711190MIA,RS,MIA,403.0,,6,26,-20
199711190MIA,RS,MIA,409.0,,7,26,-19
199711190MIA,RS,MIA,418.0,,7,27,-20
199711190MIA,RS,MIA,418.0,,7,28,-21
199711190MIA,RS,MIA,426.0,,9,28,-19
199711190MIA,RS,MIA,449.0,,11,28,-17
199711190MIA,RS,MIA,457.0,,11,30,-19
199711190MIA,RS,MIA,489.0,,11,33,-22
199711190MIA,RS,MIA,506.0,,13,33,-20
199711190MIA,RS,MIA,536.0,,13,35,-22
199711190MIA,RS,MIA,536.0,,13,36,-23
199711190MIA,RS,MIA,551.0,,15,36,-21
199711190MIA,RS,MIA,559.0,,15,37,-22
199711190MIA,RS,MIA,582.0,,15,39,-24
199711190MIA,RS,MIA,600.0,,17,39,-22
199711190MIA,RS,MIA,600.0,,18,39,-21
199711190MIA,RS,MIA,615.0,,18,41,-23
199711190MIA,RS,MIA,651.0,,18,43,-25
199711190MIA,RS,MIA,686.0,,18,45,-27
199711190MIA,RS,MIA,698.0,,20,45,-25
199711190MIA,RS,MIA,734.0,,20,47,-27
199711190MIA,RS,MIA,743.0,,21,47,-26
199711190MIA,RS,MIA,743.0,,22,47,-25
199711190MIA,RS,MIA,761.0,,22,49,-27
199711190MIA,RS,MIA,781.0,,22,51,-29
199711190MIA,RS,MIA,803.0,,25,51,-26
199711190MIA,RS,MIA,826.0,,25,53,-28
199711190MIA,RS,MIA,837.0,,27,53,-26
199711190MIA,RS,MIA,859.0,,27,55,-28
199711190MIA,RS,MIA,878.0,,29,55,-26
199711190MIA,RS,MIA,918.0,,29,58,-29
199711190MIA,RS,MIA,929.0,,31,58,-27
199711190MIA,RS,MIA,955.0,,33,58,-25
199711190MIA,RS,MIA,980.0,,35,58,-23
199711190MIA,RS,MIA,980.0,,36,58,-22
199711190MIA,RS,MIA,1011.0,,36,60,-24
199711190MIA,RS,MIA,1027.0,,38,60,-22
199711190MIA,RS,MIA,1038.0,,38,63,-25
199711190MIA,RS,MIA,1077.0,,40,63,-23
199711190MIA,RS,MIA,1097.0,,41,63,-22
199711190MIA,RS,MIA,1097.0,,42,63,-21
199711190MIA,RS,MIA,1121.0,,44,63,-19
199711190MIA,RS,MIA,1153.0,,44,65,-21
199711190MIA,RS,MIA,1175.0,,46,65,-19
199711190MIA,RS,MIA,1199.0,,48,65,-17
199711190MIA,RS,MIA,1223.0,,48,67,-19
199711190MIA,RS,MIA,1235.0,,50,67,-17
199711190MIA,RS,MIA,1252.0,,50,68,-18
199711190MIA,RS,MIA,1252.0,,50,69,-19
199711190MIA,RS,MIA,1314.0,,50,71,-21
199711190MIA,RS,MIA,1342.0,,51,71,-20
199711190MIA,RS,MIA,1364.0,,53,71,-18
199711190MIA,RS,MIA,1414.0,,53,73,-20
199711190MIA,RS,MIA,1434.0,,55,73,-18
199711190MIA,RS,MIA,1437.0,,55,75,-20
199711190MIA,RS,MIA,1475.0,,58,75,-17
199711190MIA,RS,MIA,1505.0,,58,77,-19
199711190MIA,RS,MIA,1519.0,,60,77,-17
199711190MIA,RS,MIA,1551.0,,61,77,-16
199711190MIA,RS,MIA,1600.0,,61,78,-17
199711190MIA,RS,MIA,1600.0,,61,79,-18
199711190MIA,RS,MIA,1623.0,,64,79,-15
199711190MIA,RS,MIA,1656.0,,67,79,-12
199711190MIA,RS,MIA,1685.0,,69,79,-10
199711190MIA,RS,MIA,1705.0,,69,81,-12
199711190MIA,RS,MIA,1728.0,,71,81,-10
199711190MIA,RS,MIA,1771.0,,71,83,-12
199711190MIA,RS,MIA,1808.0,,71,85,-14
199711190MIA,RS,MIA,1823.0,,73,85,-12
199711190MIA,RS,MIA,1840.0,,73,87,-14
199711190MIA,RS,MIA,1864.0,,76,87,-11
199711190MIA,RS,MIA,1871.0,,76,90,-14
199711190MIA,RS,MIA,1913.0,,76,92,-16
199711190MIA,RS,MIA,1938.0,,78,92,-14
199711190MIA,RS,MIA,1953.0,,78,94,-16
199711190MIA,RS,MIA,2012.0,,80,94,-14
199711190MIA,RS,MIA,2039.0,,80,95,-15
199711190MIA,RS,MIA,2039.0,,80,96,-16
199711190MIA,RS,MIA,2058.0,,82,96,-14
199711190MIA,RS,MIA,2078.0,,82,98,-16
199711190MIA,RS,MIA,2089.0,,85,98,-13
199711190MIA,RS,MIA,2125.0,,85,101,-16
199711190MIA,RS,MIA,2159.0,,85,104,-19
199711190MIA,RS,MIA,2205.0,,87,104,-17
199711190MIA,RS,MIA,2249.0,,89,104,-15
199711190MIA,RS,MIA,2266.0,,89,106,-17
199711190MIA,RS,MIA,2292.0,,89,108,-19
199711190MIA,RS,MIA,2301.0,,91,108,-17
199711190MIA,RS,MIA,2301.0,,92,108,-16
199711190MIA,RS,MIA,2346.0,,92,109,-17
199711190MIA,RS,MIA,2346.0,,92,110,-18
199711190MIA,RS,MIA,2461.0,,92,113,-21
199711190MIA,RS,MIA,2487.0,,95,113,-18
199711190MIA,RS,MIA,2506.0,,95,115,-20
199711190MIA,RS,MIA,2532.0,,95,117,-22
199711190MIA,RS,MIA,2548.0,,98,117,-19
199711190MIA,RS,MIA,2603.0,,100,117,-17
199711190MIA,RS,MIA,2603.0,,101,117,-16
199711190MIA,RS,MIA,2617.0,,101,118,-17
199711190MIA,RS,MIA,2617.0,,101,119,-18
199711190MIA,RS,MIA,2622.0,,102,119,-17
199711190MIA,RS,MIA,2663.0,,104,119,-15
199711190MIA,RS,MIA,2698.0,,106,119,-13
199711190MIA,RS,MIA,2731.0,,108,119,-11
199711190MIA,RS,MIA,2787.0,,111,119,-8
199711190MIA,RS,MIA,2810.0,,111,120,-9
199711190MIA,RS,MIA,2839.0,,111,122,-11
199711190MIA,RS,MIA,2859.0,,113,122,-9
199711190MIA,RS,MIA,2859.0,F,112,122,-10
199711210LAC,RS,CHI,0.0,,0,0,0
199711210LAC,RS,CHI,54.0,,0,2,-2
199711210LAC,RS,CHI,106.0,T,2,2,0
199711210LAC,RS,CHI,133.0,LC,4,2,2
199711210LAC,RS,CHI,169.0,,7,2,5
199711210LAC,RS,CHI,217.0,,9,2,7
199711210LAC,RS,CHI,228.0,,9,4,5
199711210LAC,RS,CHI,264.0,,9,6,3
199711210LAC,RS,CHI,279.0,,11,6,5
199711210LAC,RS,CHI,303.0,,11,7,4
199711210LAC,RS,CHI,303.0,,11,8,3
199711210LAC,RS,CHI,397.0,,13,8,5
199711210LAC,RS,CHI,421.0,,13,10,3
199711210LAC,RS,CHI,439.0,,14,10,4
199711210LAC,RS,CHI,439.0,,15,10,5
199711210LAC,RS,CHI,454.0,,15,12,3
199711210LAC,RS,CHI,491.0,,16,12,4
199711210LAC,RS,CHI,491.0,,17,12,5
199711210LAC,RS,CHI,517.0,,19,12,7
199711210LAC,RS,CHI,529.0,,21,12,9
199711210LAC,RS,CHI,581.0,,21,14,7
199711210LAC,RS,CHI,615.0,,23,14,9
199711210LAC,RS,CHI,677.0,,24,14,10
199711210LAC,RS,CHI,720.0,,27,14,13
199711210LAC,RS,CHI,741.0,,29,14,15
199711210LAC,RS,CHI,760.0,,29,16,13
199711210LAC,RS,CHI,785.0,,31,16,15
199711210LAC,RS,CHI,835.0,,31,18,13
199711210LAC,RS,CHI,861.0,,33,18,15
199711210LAC,RS,CHI,914.0,,36,18,18
199711210LAC,RS,CHI,931.0,,36,20,16
199711210LAC,RS,CHI,963.0,,36,22,14
199711210LAC,RS,CHI,1038.0,,36,24,12
199711210LAC,RS,CHI,1038.0,,36,25,11
199711210LAC,RS,CHI,1063.0,,36,27,9
199711210LAC,RS,CHI,1086.0,,39,27,12
199711210LAC,RS,CHI,1105.0,,39,29,10
199711210LAC,RS,CHI,1126.0,,39,31,8
199711210LAC,RS,CHI,1162.0,,39,33,6
199711210LAC,RS,CHI,1216.0,,39,34,5
199711210LAC,RS,CHI,1243.0,,39,36,3
199711210LAC,RS,CHI,1294.0,,39,37,2
199711210LAC,RS,CHI,1322.0,T,39,39,0
199711210LAC,RS,CHI,1357.0,LC,39,40,-1
199711210LAC,RS,CHI,1357.0,,39,41,-2
199711210LAC,RS,CHI,1428.0,,40,41,-1
199711210LAC,RS,CHI,1440.0,LC,42,41,1
199711210LAC,RS,CHI,1456.0,,44,41,3
199711210LAC,RS,CHI,1475.0,,44,43,1
199711210LAC,RS,CHI,1500.0,LC,44,45,-1
199711210LAC,RS,CHI,1521.0,LC,46,45,1
199711210LAC,RS,CHI,1559.0,LC,46,47,-1
199711210LAC,RS,CHI,1590.0,,46,48,-2
199711210LAC,RS,CHI,1590.0,,46,49,-3
199711210LAC,RS,CHI,1616.0,,46,51,-5
199711210LAC,RS,CHI,1656.0,,48,51,-3
199711210LAC,RS,CHI,1676.0,,48,53,-5
199711210LAC,RS,CHI,1691.0,,50,53,-3
199711210LAC,RS,CHI,1733.0,,52,53,-1
199711210LAC,RS,CHI,1760.0,,52,55,-3
199711210LAC,RS,CHI,1760.0,,52,56,-4
199711210LAC,RS,CHI,1772.0,,54,56,-2
199711210LAC,RS,CHI,1812.0,,55,56,-1
199711210LAC,RS,CHI,1812.0,T,56,56,0
199711210LAC,RS,CHI,1827.0,,56,58,-2
199711210LAC,RS,CHI,1827.0,,56,59,-3
199711210LAC,RS,CHI,1843.0,,58,59,-1
199711210LAC,RS,CHI,1874.0,,58,61,-3
199711210LAC,RS,CHI,1890.0,,59,61,-2
199711210LAC,RS,CHI,1890.0,,60,61,-1
199711210LAC,RS,CHI,1903.0,,60,63,-3
199711210LAC,RS,CHI,1931.0,,60,64,-4
199711210LAC,RS,CHI,1931.0,,60,65,-5
199711210LAC,RS,CHI,1947.0,,62,65,-3
199711210LAC,RS,CHI,1989.0,,64,65,-1
199711210LAC,RS,CHI,2007.0,,64,66,-2
199711210LAC,RS,CHI,2007.0,,64,67,-3
199711210LAC,RS,CHI,2022.0,,66,67,-1
199711210LAC,RS,CHI,2039.0,,66,69,-3
199711210LAC,RS,CHI,2059.0,,68,69,-1
199711210LAC,RS,CHI,2133.0,,68,70,-2
199711210LAC,RS,CHI,2150.0,T,70,70,0
199711210LAC,RS,CHI,2207.0,,70,72,-2
199711210LAC,RS,CHI,2227.0,T,72,72,0
199711210LAC,RS,CHI,2254.0,LC,73,72,1
199711210LAC,RS,CHI,2269.0,LC,73,74,-1
199711210LAC,RS,CHI,2286.0,LC,75,74,1
199711210LAC,RS,CHI,2332.0,,76,74,2
199711210LAC,RS,CHI,2342.0,LC,76,77,-1
199711210LAC,RS,CHI,2370.0,T,77,77,0
199711210LAC,RS,CHI,2383.0,,77,79,-2
199711210LAC,RS,CHI,2490.0,LC,80,79,1
199711210LAC,RS,CHI,2522.0,,82,79,3
199711210LAC,RS,CHI,2554.0,,84,79,5
199711210LAC,RS,CHI,2593.0,,84,81,3
199711210LAC,RS,CHI,2634.0,,84,83,1
199711210LAC,RS,CHI,2681.0,LC,84,85,-1
199711210LAC,RS,CHI,2721.0,,84,87,-3
199711210LAC,RS,CHI,2746.0,,86,87,-1
199711210LAC,RS,CHI,2781.0,T,87,87,0
199711210LAC,RS,CHI,2781.0,LC,88,87,1
199711210LAC,RS,CHI,2803.0,LC,88,89,-1
199711210LAC,RS,CHI,2847.0,,88,91,-3
199711210LAC,RS,CHI,2859.0,,90,91,-1
199711210LAC,RS,CHI,2865.0,,90,92,-2
199711210LAC,RS,CHI,2870.0,,91,92,-1
199711210LAC,RS,CHI,2870.0,T,92,92,0
199711210LAC,RS,CHI,2892.0,,92,94,-2
199711210LAC,RS,CHI,2942.0,,93,94,-1
199711210LAC,RS,CHI,2955.0,LC,95,94,1
199711210LAC,RS,CHI,2995.0,,97,94,3
199711210LAC,RS,CHI,3037.0,,97,95,2
199711210LAC,RS,CHI,3102.0,T,97,97,0
199711210LAC,RS,CHI,3122.0,,99,97,2
199711210LAC,RS,CHI,3122.0,,100,97,3
199711210LAC,RS,CHI,3140.0,,100,98,2
199711210LAC,RS,CHI,3141.0,,101,98,3
199711210LAC,RS,CHI,3141.0,,102,98,4
199711210LAC,RS,CHI,3150.0,,102,100,2
199711210LAC,RS,CHI,3172.0,T,102,102,0
199711210LAC,RS,CHI,3242.0,LC,102,104,-2
199711210LAC,RS,CHI,3276.0,,102,106,-4
199711210LAC,RS,CHI,3276.0,,102,107,-5
199711210LAC,RS,CHI,3310.0,,102,109,-7
199711210LAC,RS,CHI,3397.0,,102,110,-8
199711210LAC,RS,CHI,3397.0,F,102,111,-9
199711210LAC,RS,CHI,3463.0,,102,111,-9
199711230LAL,RS,LAL,0.0,,0,0,0
199711230LAL,RS,LAL,20.0,,0,2,-2
199711230LAL,RS,LAL,34.0,T,2,2,0
199711230LAL,RS,LAL,62.0,,2,3,-1
199711230LAL,RS,LAL,62.0,,2,4,-2
199711230LAL,RS,LAL,81.0,,2,6,-4
199711230LAL,RS,LAL,103.0,,2,8,-6
199711230LAL,RS,LAL,125.0,,2,10,-8
199711230LAL,RS,LAL,156.0,,5,10,-5
199711230LAL,RS,LAL,209.0,,5,12,-7
199711230LAL,RS,LAL,253.0,,7,12,-5
199711230LAL,RS,LAL,294.0,,7,14,-7
199711230LAL,RS,LAL,359.0,,10,14,-4
199711230LAL,RS,LAL,383.0,,12,14,-2
199711230LAL,RS,LAL,396.0,T,14,14,0
199711230LAL,RS,LAL,414.0,,14,15,-1
199711230LAL,RS,LAL,414.0,,14,16,-2
199711230LAL,RS,LAL,426.0,LC,17,16,1
199711230LAL,RS,LAL,461.0,LC,17,18,-1
199711230LAL,RS,LAL,515.0,,17,19,-2
199711230LAL,RS,LAL,515.0,,17,20,-3
199711230LAL,RS,LAL,536.0,,18,20,-2
199711230LAL,RS,LAL,548.0,,18,21,-3
199711230LAL,RS,LAL,548.0,,18,22,-4
199711230LAL,RS,LAL,582.0,,18,24,-6
199711230LAL,RS,LAL,622.0,,19,24,-5
199711230LAL,RS,LAL,622.0,,20,24,-4
199711230LAL,RS,LAL,634.0,,20,26,-6
199711230LAL,RS,LAL,634.0,,20,27,-7
199711230LAL,RS,LAL,656.0,,20,28,-8
199711230LAL,RS,LAL,656.0,,20,29,-9
199711230LAL,RS,LAL,662.0,,21,29,-8
199711230LAL,RS,LAL,662.0,,22,29,-7
199711230LAL,RS,LAL,693.0,,24,29,-5
199711230LAL,RS,LAL,715.0,,24,31,-7
199711230LAL,RS,LAL,744.0,,24,33,-9
199711230LAL,RS,LAL,827.0,,24,35,-11
199711230LAL,RS,LAL,876.0,,25,35,-10
199711230LAL,RS,LAL,876.0,,26,35,-9
199711230LAL,RS,LAL,937.0,,27,35,-8
199711230LAL,RS,LAL,950.0,,27,37,-10
199711230LAL,RS,LAL,1004.0,,27,39,-12
199711230LAL,RS,LAL,1066.0,,27,41,-14
199711230LAL,RS,LAL,1095.0,,30,41,-11
199711230LAL,RS,LAL,1122.0,,32,41,-9
199711230LAL,RS,LAL,1143.0,,34,41,-7
199711230LAL,RS,LAL,1147.0,,34,43,-9
199711230LAL,RS,LAL,1147.0,,34,44,-10
199711230LAL,RS,LAL,1164.0,,36,44,-8
199711230LAL,RS,LAL,1186.0,,36,45,-9
199711230LAL,RS,LAL,1225.0,,36,47,-11
199711230LAL,RS,LAL,1243.0,,36,48,-12
199711230LAL,RS,LAL,1243.0,,36,49,-13
199711230LAL,RS,LAL,1258.0,,38,49,-11
199711230LAL,RS,LAL,1258.0,,39,49,-10
199711230LAL,RS,LAL,1274.0,,39,50,-11
199711230LAL,RS,LAL,1342.0,,39,51,-12
199711230LAL,RS,LAL,1358.0,,41,51,-10
199711230LAL,RS,LAL,1367.0,,41,52,-11
199711230LAL,RS,LAL,1367.0,,41,53,-12
199711230LAL,RS,LAL,1376.0,,43,53,-10
199711230LAL,RS,LAL,1410.0,,45,53,-8
199711230LAL,RS,LAL,1415.0,,45,55,-10
199711230LAL,RS,LAL,1425.0,,47,55,-8
199711230LAL,RS,LAL,1457.0,,49,55,-6
199711230LAL,RS,LAL,1468.0,,49,57,-8
199711230LAL,RS,LAL,1493.0,,51,57,-6
199711230LAL,RS,LAL,1522.0,,54,57,-3
199711230LAL,RS,LAL,1580.0,,56,57,-1
199711230LAL,RS,LAL,1598.0,,56,58,-2
199711230LAL,RS,LAL,1598.0,,56,59,-3
199711230LAL,RS,LAL,1628.0,,58,59,-1
199711230LAL,RS,LAL,1640.0,,58,61,-3
199711230LAL,RS,LAL,1648.0,,59,61,-2
199711230LAL,RS,LAL,1648.0,,60,61,-1
199711230LAL,RS,LAL,1664.0,,60,62,-2
199711230LAL,RS,LAL,1664.0,,60,63,-3
199711230LAL,RS,LAL,1685.0,,61,63,-2
199711230LAL,RS,LAL,1685.0,,62,63,-1
199711230LAL,RS,LAL,1695.0,,62,65,-3
199711230LAL,RS,LAL,1715.0,,64,65,-1
199711230LAL,RS,LAL,1745.0,T,65,65,0
199711230LAL,RS,LAL,1745.0,LC,66,65,1
199711230LAL,RS,LAL,1771.0,LC,66,67,-1
199711230LAL,RS,LAL,1825.0,LC,68,67,1
199711230LAL,RS,LAL,1851.0,LC,68,69,-1
199711230LAL,RS,LAL,1944.0,,68,71,-3
199711230LAL,RS,LAL,1944.0,,68,72,-4
199711230LAL,RS,LAL,1965.0,,70,72,-2
199711230LAL,RS,LAL,2002.0,,70,74,-4
199711230LAL,RS,LAL,2044.0,,70,75,-5
199711230LAL,RS,LAL,2044.0,,70,76,-6
199711230LAL,RS,LAL,2094.0,,70,78,-8
199711230LAL,RS,LAL,2094.0,,70,79,-9
199711230LAL,RS,LAL,2101.0,,72,79,-7
199711230LAL,RS,LAL,2112.0,,72,81,-9
199711230LAL,RS,LAL,2136.0,,72,82,-10
199711230LAL,RS,LAL,2136.0,,72,83,-11
199711230LAL,RS,LAL,2146.0,,73,83,-10
199711230LAL,RS,LAL,2146.0,,74,83,-9
199711230LAL,RS,LAL,2158.0,,74,84,-10
199711230LAL,RS,LAL,2179.0,,74,86,-12
199711230LAL,RS,LAL,2199.0,,76,86,-10
199711230LAL,RS,LAL,2214.0,,77,86,-9
199711230LAL,RS,LAL,2214.0,,78,86,-8
199711230LAL,RS,LAL,2235.0,,78,88,-10
199711230LAL,RS,LAL,2272.0,,78,90,-12
199711230LAL,RS,LAL,2311.0,,78,92,-14
199711230LAL,RS,LAL,2329.0,,80,92,-12
199711230LAL,RS,LAL,2368.0,,80,95,-15
199711230LAL,RS,LAL,2394.0,,82,95,-13
199711230LAL,RS,LAL,2410.0,,82,97,-15
199711230LAL,RS,LAL,2446.0,,84,97,-13
199711230LAL,RS,LAL,2469.0,,84,99,-15
199711230LAL,RS,LAL,2473.0,,85,99,-14
199711230LAL,RS,LAL,2473.0,,86,99,-13
199711230LAL,RS,LAL,2493.0,,86,101,-15
199711230LAL,RS,LAL,2493.0,,86,102,-16
199711230LAL,RS,LAL,2500.0,,89,102,-13
199711230LAL,RS,LAL,2530.0,,91,102,-11
199711230LAL,RS,LAL,2546.0,,91,104,-13
199711230LAL,RS,LAL,2560.0,,91,107,-16
199711230LAL,RS,LAL,2610.0,,91,108,-17
199711230LAL,RS,LAL,2624.0,,92,108,-16
199711230LAL,RS,LAL,2624.0,,93,108,-15
199711230LAL,RS,LAL,2636.0,,93,110,-17
199711230LAL,RS,LAL,2665.0,,95,110,-15
199711230LAL,RS,LAL,2697.0,,95,112,-17
199711230LAL,RS,LAL,2716.0,,97,112,-15
199711230LAL,RS,LAL,2730.0,,98,112,-14
199711230LAL,RS,LAL,2730.0,,99,112,-13
199711230LAL,RS,LAL,2746.0,,99,114,-15
199711230LAL,RS,LAL,2773.0,,99,116,-17
199711230LAL,RS,LAL,2789.0,,101,116,-15
199711230LAL,RS,LAL,2801.0,,102,116,-14
199711230LAL,RS,LAL,2818.0,F,102,117,-15
199711230LAL,RS,LAL,2878.0,,102,119,-17
199711260LAC,RS,SAC,0.0,,0,0,0
199711260LAC,RS,SAC,55.0,,0,1,-1
199711260LAC,RS,SAC,69.0,LC,2,1,1
199711260LAC,RS,SAC,111.0,,5,1,4
199711260LAC,RS,SAC,164.0,,8,1,7
199711260LAC,RS,SAC,185.0,,8,3,5
199711260LAC,RS,SAC,193.0,,10,3,7
199711260LAC,RS,SAC,222.0,,12,3,9
199711260LAC,RS,SAC,247.0,,12,5,7
199711260LAC,RS,SAC,261.0,,14,5,9
199711260LAC,RS,SAC,352.0,,16,5,11
199711260LAC,RS,SAC,383.0,,19,5,14
199711260LAC,RS,SAC,406.0,,19,8,11
199711260LAC,RS,SAC,433.0,,21,8,13
199711260LAC,RS,SAC,447.0,,21,10,11
199711260LAC,RS,SAC,468.0,,23,10,13
199711260LAC,RS,SAC,492.0,,25,10,15
199711260LAC,RS,SAC,509.0,,25,12,13
199711260LAC,RS,SAC,541.0,,25,14,11
199711260LAC,RS,SAC,563.0,,27,14,13
199711260LAC,RS,SAC,582.0,,27,16,11
199711260LAC,RS,SAC,612.0,,29,16,13
199711260LAC,RS,SAC,627.0,,29,18,11
199711260LAC,RS,SAC,627.0,,29,19,10
199711260LAC,RS,SAC,719.0,,29,21,8
199711260LAC,RS,SAC,744.0,,31,21,10
199711260LAC,RS,SAC,760.0,,31,23,8
199711260LAC,RS,SAC,776.0,,33,23,10
199711260LAC,RS,SAC,805.0,,36,23,13
199711260LAC,RS,SAC,822.0,,36,24,12
199711260LAC,RS,SAC,822.0,,36,25,11
199711260LAC,RS,SAC,852.0,,36,26,10
199711260LAC,RS,SAC,867.0,,37,26,11
199711260LAC,RS,SAC,867.0,,38,26,12
199711260LAC,RS,SAC,891.0,,38,28,10
199711260LAC,RS,SAC,918.0,,40,28,12
199711260LAC,RS,SAC,940.0,,41,28,13
199711260LAC,RS,SAC,940.0,,42,28,14
199711260LAC,RS,SAC,986.0,,42,30,12
199711260LAC,RS,SAC,1034.0,,44,30,14
199711260LAC,RS,SAC,1034.0,,45,30,15
199711260LAC,RS,SAC,1107.0,,47,30,17
199711260LAC,RS,SAC,1131.0,,47,32,15
199711260LAC,RS,SAC,1149.0,,49,32,17
199711260LAC,RS,SAC,1189.0,,51,32,19
199711260LAC,RS,SAC,1213.0,,52,32,20
199711260LAC,RS,SAC,1226.0,,52,35,17
199711260LAC,RS,SAC,1240.0,,54,35,19
199711260LAC,RS,SAC,1270.0,,56,35,21
199711260LAC,RS,SAC,1340.0,,56,36,20
199711260LAC,RS,SAC,1342.0,,57,36,21
199711260LAC,RS,SAC,1342.0,,58,36,22
199711260LAC,RS,SAC,1357.0,,58,38,20
199711260LAC,RS,SAC,1407.0,,58,40,18
199711260LAC,RS,SAC,1463.0,,58,43,15
199711260LAC,RS,SAC,1487.0,,58,45,13
199711260LAC,RS,SAC,1534.0,,58,47,11
199711260LAC,RS,SAC,1597.0,,60,47,13
199711260LAC,RS,SAC,1625.0,,60,49,11
199711260LAC,RS,SAC,1643.0,,62,49,13
199711260LAC,RS,SAC,1661.0,,62,51,11
199711260LAC,RS,SAC,1687.0,,62,53,9
199711260LAC,RS,SAC,1720.0,,64,53,11
199711260LAC,RS,SAC,1753.0,,64,55,9
199711260LAC,RS,SAC,1777.0,,66,55,11
199711260LAC,RS,SAC,1795.0,,66,57,9
199711260LAC,RS,SAC,1814.0,,66,59,7
199711260LAC,RS,SAC,1839.0,,68,59,9
199711260LAC,RS,SAC,1863.0,,68,61,7
199711260LAC,RS,SAC,1983.0,,69,61,8
199711260LAC,RS,SAC,1983.0,,70,61,9
199711260LAC,RS,SAC,2002.0,,70,63,7
199711260LAC,RS,SAC,2061.0,,70,65,5
199711260LAC,RS,SAC,2103.0,,72,65,7
199711260LAC,RS,SAC,2117.0,,72,67,5
199711260LAC,RS,SAC,2138.0,,74,67,7
199711260LAC,RS,SAC,2181.0,,74,69,5
199711260LAC,RS,SAC,2233.0,,75,69,6
199711260LAC,RS,SAC,2233.0,,76,69,7
199711260LAC,RS,SAC,2294.0,,78,69,9
199711260LAC,RS,SAC,2315.0,,78,71,7
199711260LAC,RS,SAC,2324.0,,79,71,8
199711260LAC,RS,SAC,2341.0,,79,73,6
199711260LAC,RS,SAC,2382.0,,81,73,8
199711260LAC,RS,SAC,2410.0,,83,73,10
199711260LAC,RS,SAC,2437.0,,83,75,8
199711260LAC,RS,SAC,2481.0,,84,75,9
199711260LAC,RS,SAC,2481.0,,85,75,10
199711260LAC,RS,SAC,2539.0,,85,77,8
199711260LAC,RS,SAC,2561.0,,85,80,5
199711260LAC,RS,SAC,2576.0,,86,80,6
199711260LAC,RS,SAC,2576.0,,87,80,7
199711260LAC,RS,SAC,2591.0,,87,82,5
199711260LAC,RS,SAC,2616.0,,89,82,7
199711260LAC,RS,SAC,2616.0,,90,82,8
199711260LAC,RS,SAC,2656.0,,90,84,6
199711260LAC,RS,SAC,2672.0,,92,84,8
199711260LAC,RS,SAC,2698.0,,92,86,6
199711260LAC,RS,SAC,2716.0,,92,88,4
199711260LAC,RS,SAC,2735.0,,94,88,6
199711260LAC,RS,SAC,2756.0,,94,90,4
199711260LAC,RS,SAC,2778.0,,96,90,6
199711260LAC,RS,SAC,2790.0,,96,93,3
199711260LAC,RS,SAC,2808.0,,96,95,1
199711260LAC,RS,SAC,2830.0,,98,95,3
199711260LAC,RS,SAC,2843.0,,98,97,1
199711260LAC,RS,SAC,2876.0,F,99,97,2
199711260LAC,RS,SAC,2880.0,,99,97,2
199711280LAC,RS,NJN,0.0,,0,0,0
199711280LAC,RS,NJN,13.0,,2,0,2
199711280LAC,RS,NJN,31.0,T,2,2,0
199711280LAC,RS,NJN,52.0,,4,2,2
199711280LAC,RS,NJN,70.0,T,4,4,0
199711280LAC,RS,NJN,100.0,,6,4,2
199711280LAC,RS,NJN,121.0,,7,4,3
199711280LAC,RS,NJN,121.0,,8,4,4
199711280LAC,RS,NJN,138.0,,8,6,2
199711280LAC,RS,NJN,223.0,T,8,8,0
199711280LAC,RS,NJN,240.0,,10,8,2
199711280LAC,RS,NJN,257.0,T,10,10,0
199711280LAC,RS,NJN,271.0,,12,10,2
199711280LAC,RS,NJN,300.0,,13,10,3
199711280LAC,RS,NJN,320.0,,13,12,1
199711280LAC,RS,NJN,331.0,,15,12,3
199711280LAC,RS,NJN,345.0,,15,13,2
199711280LAC,RS,NJN,345.0,,15,14,1
199711280LAC,RS,NJN,358.0,,17,14,3
199711280LAC,RS,NJN,377.0,,17,15,2
199711280LAC,RS,NJN,377.0,,17,16,1
199711280LAC,RS,NJN,442.0,,18,16,2
199711280LAC,RS,NJN,442.0,,19,16,3
199711280LAC,RS,NJN,488.0,,21,16,5
199711280LAC,RS,NJN,507.0,,21,18,3
199711280LAC,RS,NJN,526.0,,21,20,1
199711280LAC,RS,NJN,585.0,LC,21,22,-1
199711280LAC,RS,NJN,585.0,,21,23,-2
199711280LAC,RS,NJN,603.0,T,23,23,0
199711280LAC,RS,NJN,623.0,,23,25,-2
199711280LAC,RS,NJN,667.0,,23,27,-4
199711280LAC,RS,NJN,686.0,,24,27,-3
199711280LAC,RS,NJN,686.0,,25,27,-2
199711280LAC,RS,NJN,705.0,T,27,27,0
199711280LAC,RS,NJN,737.0,,27,29,-2
199711280LAC,RS,NJN,760.0,T,29,29,0
199711280LAC,RS,NJN,785.0,,29,31,-2
199711280LAC,RS,NJN,806.0,T,31,31,0
199711280LAC,RS,NJN,876.0,,31,33,-2
199711280LAC,RS,NJN,893.0,,31,35,-4
199711280LAC,RS,NJN,945.0,,31,37,-6
199711280LAC,RS,NJN,983.0,,34,37,-3
199711280LAC,RS,NJN,1003.0,,34,39,-5
199711280LAC,RS,NJN,1012.0,,36,39,-3
199711280LAC,RS,NJN,1043.0,,38,39,-1
199711280LAC,RS,NJN,1085.0,,38,41,-3
199711280LAC,RS,NJN,1105.0,,40,41,-1
199711280LAC,RS,NJN,1119.0,,40,42,-2
199711280LAC,RS,NJN,1119.0,,40,43,-3
199711280LAC,RS,NJN,1134.0,T,43,43,0
199711280LAC,RS,NJN,1154.0,,43,45,-2
199711280LAC,RS,NJN,1167.0,,43,46,-3
199711280LAC,RS,NJN,1196.0,,43,47,-4
199711280LAC,RS,NJN,1231.0,,45,47,-2
199711280LAC,RS,NJN,1261.0,,45,50,-5
199711280LAC,RS,NJN,1311.0,,45,52,-7
199711280LAC,RS,NJN,1358.0,,48,52,-4
199711280LAC,RS,NJN,1376.0,,48,54,-6
199711280LAC,RS,NJN,1384.0,,49,54,-5
199711280LAC,RS,NJN,1384.0,,50,54,-4
199711280LAC,RS,NJN,1405.0,,50,55,-5
199711280LAC,RS,NJN,1405.0,,50,56,-6
199711280LAC,RS,NJN,1455.0,,50,58,-8
199711280LAC,RS,NJN,1549.0,,50,60,-10
199711280LAC,RS,NJN,1574.0,,50,62,-12
199711280LAC,RS,NJN,1617.0,,53,62,-9
199711280LAC,RS,NJN,1640.0,,53,64,-11
199711280LAC,RS,NJN,1665.0,,54,64,-10
199711280LAC,RS,NJN,1665.0,,55,64,-9
199711280LAC,RS,NJN,1698.0,,57,64,-7
199711280LAC,RS,NJN,1752.0,,58,64,-6
199711280LAC,RS,NJN,1786.0,,60,64,-4
199711280LAC,RS,NJN,1820.0,,62,64,-2
199711280LAC,RS,NJN,1889.0,,62,65,-3
199711280LAC,RS,NJN,1904.0,,64,65,-1
199711280LAC,RS,NJN,1920.0,,64,67,-3
199711280LAC,RS,NJN,1940.0,,66,67,-1
199711280LAC,RS,NJN,1958.0,,66,69,-3
199711280LAC,RS,NJN,2016.0,,68,69,-1
199711280LAC,RS,NJN,2033.0,,68,71,-3
199711280LAC,RS,NJN,2076.0,T,71,71,0
199711280LAC,RS,NJN,2103.0,,71,73,-2
199711280LAC,RS,NJN,2155.0,,71,75,-4
199711280LAC,RS,NJN,2188.0,,71,77,-6
199711280LAC,RS,NJN,2202.0,,73,77,-4
199711280LAC,RS,NJN,2220.0,,73,80,-7
199711280LAC,RS,NJN,2277.0,,73,81,-8
199711280LAC,RS,NJN,2277.0,,73,82,-9
199711280LAC,RS,NJN,2301.0,,73,84,-11
199711280LAC,RS,NJN,2372.0,,74,84,-10
199711280LAC,RS,NJN,2424.0,,77,84,-7
199711280LAC,RS,NJN,2442.0,,77,86,-9
199711280LAC,RS,NJN,2468.0,,77,87,-10
199711280LAC,RS,NJN,2468.0,,77,88,-11
199711280LAC,RS,NJN,2500.0,,79,88,-9
199711280LAC,RS,NJN,2516.0,,79,90,-11
199711280LAC,RS,NJN,2525.0,,81,90,-9
199711280LAC,RS,NJN,2592.0,,82,90,-8
199711280LAC,RS,NJN,2593.0,,84,90,-6
199711280LAC,RS,NJN,2619.0,,84,92,-8
199711280LAC,RS,NJN,2634.0,,85,92,-7
199711280LAC,RS,NJN,2634.0,,86,92,-6
199711280LAC,RS,NJN,2652.0,,86,94,-8
199711280LAC,RS,NJN,2668.0,,87,94,-7
199711280LAC,RS,NJN,2754.0,,87,96,-9
199711280LAC,RS,NJN,2794.0,,87,98,-11
199711280LAC,RS,NJN,2814.0,,89,98,-9
199711280LAC,RS,NJN,2841.0,,89,99,-10
199711280LAC,RS,NJN,2841.0,,89,100,-11
199711280LAC,RS,NJN,2848.0,,91,100,-9
199711280LAC,RS,NJN,2848.0,,92,100,-8
199711280LAC,RS,NJN,2850.0,,92,101,-9
199711280LAC,RS,NJN,2850.0,,92,102,-10
199711280LAC,RS,NJN,2871.0,,92,103,-11
199711280LAC,RS,NJN,2871.0,F,92,104,-12
199711280LAC,RS,NJN,2880.0,,92,104,-12
199711290LAC,RS,UTA,0.0,,0,0,0
199711290LAC,RS,UTA,26.0,,2,0,2
199711290LAC,RS,UTA,43.0,T,2,2,0
199711290LAC,RS,UTA,87.0,LC,2,4,-2
199711290LAC,RS,UTA,127.0,T,4,4,0
199711290LAC,RS,UTA,178.0,,4,6,-2
199711290LAC,RS,UTA,203.0,,4,8,-4
199711290LAC,RS,UTA,243.0,,6,8,-2
199711290LAC,RS,UTA,270.0,LC,9,8,1
199711290LAC,RS,UTA,314.0,T,9,9,0
199711290LAC,RS,UTA,314.0,LC,9,10,-1
199711290LAC,RS,UTA,355.0,LC,11,10,1
199711290LAC,RS,UTA,373.0,LC,11,12,-1
199711290LAC,RS,UTA,379.0,LC,13,12,1
199711290LAC,RS,UTA,379.0,,14,12,2
199711290LAC,RS,UTA,392.0,T,14,14,0
199711290LAC,RS,UTA,417.0,LC,14,17,-3
199711290LAC,RS,UTA,444.0,,16,17,-1
199711290LAC,RS,UTA,472.0,LC,18,17,1
199711290LAC,RS,UTA,501.0,LC,18,19,-1
199711290LAC,RS,UTA,543.0,LC,20,19,1
199711290LAC,RS,UTA,561.0,LC,20,21,-1
199711290LAC,RS,UTA,574.0,LC,22,21,1
199711290LAC,RS,UTA,596.0,LC,22,23,-1
199711290LAC,RS,UTA,609.0,LC,24,23,1
199711290LAC,RS,UTA,691.0,LC,24,25,-1
199711290LAC,RS,UTA,707.0,LC,26,25,1
199711290LAC,RS,UTA,760.0,,29,25,4
199711290LAC,RS,UTA,826.0,,31,25,6
199711290LAC,RS,UTA,851.0,,33,25,8
199711290LAC,RS,UTA,875.0,,33,27,6
199711290LAC,RS,UTA,911.0,,33,29,4
199711290LAC,RS,UTA,926.0,,35,29,6
199711290LAC,RS,UTA,955.0,,35,31,4
199711290LAC,RS,UTA,982.0,,36,31,5
199711290LAC,RS,UTA,982.0,,37,31,6
199711290LAC,RS,UTA,1010.0,,37,33,4
199711290LAC,RS,UTA,1026.0,,39,33,6
199711290LAC,RS,UTA,1050.0,,39,34,5
199711290LAC,RS,UTA,1116.0,,39,35,4
199711290LAC,RS,UTA,1152.0,,39,36,3
199711290LAC,RS,UTA,1152.0,,39,37,2
199711290LAC,RS,UTA,1176.0,T,39,39,0
199711290LAC,RS,UTA,1195.0,,41,39,2
199711290LAC,RS,UTA,1225.0,T,41,41,0
199711290LAC,RS,UTA,1231.0,,43,41,2
199711290LAC,RS,UTA,1255.0,,45,41,4
199711290LAC,RS,UTA,1308.0,,45,42,3
199711290LAC,RS,UTA,1308.0,,45,43,2
199711290LAC,RS,UTA,1326.0,,47,43,4
199711290LAC,RS,UTA,1345.0,,47,45,2
199711290LAC,RS,UTA,1366.0,,47,46,1
199711290LAC,RS,UTA,1395.0,,49,46,3
199711290LAC,RS,UTA,1404.0,,49,48,1
199711290LAC,RS,UTA,1511.0,T,49,49,0
199711290LAC,RS,UTA,1570.0,LC,49,51,-2
199711290LAC,RS,UTA,1581.0,,50,51,-1
199711290LAC,RS,UTA,1581.0,T,51,51,0
199711290LAC,RS,UTA,1603.0,LC,53,51,2
199711290LAC,RS,UTA,1627.0,,53,52,1
199711290LAC,RS,UTA,1648.0,,55,52,3
199711290LAC,RS,UTA,1665.0,,55,54,1
199711290LAC,RS,UTA,1677.0,,57,54,3
199711290LAC,RS,UTA,1697.0,,57,56,1
199711290LAC,RS,UTA,1725.0,,58,56,2
199711290LAC,RS,UTA,1728.0,,60,56,4
199711290LAC,RS,UTA,1777.0,,62,56,6
199711290LAC,RS,UTA,1807.0,,62,59,3
199711290LAC,RS,UTA,1826.0,,64,59,5
199711290LAC,RS,UTA,1844.0,,64,60,4
199711290LAC,RS,UTA,1863.0,,66,60,6
199711290LAC,RS,UTA,1896.0,,68,60,8
199711290LAC,RS,UTA,1922.0,,68,62,6
199711290LAC,RS,UTA,1959.0,,70,62,8
199711290LAC,RS,UTA,1986.0,,70,64,6
199711290LAC,RS,UTA,2007.0,,70,65,5
199711290LAC,RS,UTA,2070.0,,70,67,3
199711290LAC,RS,UTA,2105.0,,70,68,2
199711290LAC,RS,UTA,2105.0,,70,69,1
199711290LAC,RS,UTA,2105.0,T,70,70,0
199711290LAC,RS,UTA,2183.0,LC,70,72,-2
199711290LAC,RS,UTA,2255.0,,70,74,-4
199711290LAC,RS,UTA,2273.0,,73,74,-1
199711290LAC,RS,UTA,2300.0,T,74,74,0
199711290LAC,RS,UTA,2321.0,,74,75,-1
199711290LAC,RS,UTA,2321.0,,74,76,-2
199711290LAC,RS,UTA,2340.0,,74,78,-4
199711290LAC,RS,UTA,2378.0,,76,78,-2
199711290LAC,RS,UTA,2517.0,,76,80,-4
199711290LAC,RS,UTA,2541.0,,77,80,-3
199711290LAC,RS,UTA,2575.0,,79,80,-1
199711290LAC,RS,UTA,2607.0,T,80,80,0
199711290LAC,RS,UTA,2609.0,,80,82,-2
199711290LAC,RS,UTA,2648.0,,81,82,-1
199711290LAC,RS,UTA,2679.0,LC,83,82,1
199711290LAC,RS,UTA,2704.0,LC,83,84,-1
199711290LAC,RS,UTA,2725.0,,83,86,-3
199711290LAC,RS,UTA,2747.0,,84,86,-2
199711290LAC,RS,UTA,2747.0,,85,86,-1
199711290LAC,RS,UTA,2780.0,LC,87,86,1
199711290LAC,RS,UTA,2794.0,LC,87,88,-1
199711290LAC,RS,UTA,2809.0,LC,89,88,1
199711290LAC,RS,UTA,2823.0,T,89,89,0
199711290LAC,RS,UTA,2823.0,LC,89,90,-1
199711290LAC,RS,UTA,2839.0,T,90,90,0
199711290LAC,RS,UTA,2839.0,LC,91,90,1
199711290LAC,RS,UTA,2857.0,LC,91,92,-1
199711290LAC,RS,UTA,2874.0,,91,93,-2
199711290LAC,RS,UTA,2874.0,F,91,94,-3
199711290LAC,RS,UTA,2880.0,,91,94,-3
199712040LAC,RS,SAS,0.0,,0,0,0
199712040LAC,RS,SAS,31.0,,0,2,-2
199712040LAC,RS,SAS,62.0,,0,4,-4
199712040LAC,RS,SAS,76.0,,2,4,-2
199712040LAC,RS,SAS,116.0,,2,6,-4
199712040LAC,RS,SAS,129.0,,5,6,-1
199712040LAC,RS,SAS,162.0,,5,8,-3
199712040LAC,RS,SAS,190.0,,7,8,-1
199712040LAC,RS,SAS,208.0,,7,10,-3
199712040LAC,RS,SAS,287.0,,9,10,-1
199712040LAC,RS,SAS,336.0,,9,12,-3
199712040LAC,RS,SAS,336.0,,9,13,-4
199712040LAC,RS,SAS,357.0,,11,13,-2
199712040LAC,RS,SAS,374.0,,11,15,-4
199712040LAC,RS,SAS,388.0,,13,15,-2
199712040LAC,RS,SAS,435.0,,13,17,-4
199712040LAC,RS,SAS,471.0,,13,19,-6
199712040LAC,RS,SAS,487.0,,15,19,-4
199712040LAC,RS,SAS,511.0,,15,21,-6
199712040LAC,RS,SAS,516.0,,17,21,-4
199712040LAC,RS,SAS,531.0,,17,23,-6
199712040LAC,RS,SAS,553.0,,19,23,-4
199712040LAC,RS,SAS,586.0,,21,23,-2
199712040LAC,RS,SAS,598.0,,21,24,-3
199712040LAC,RS,SAS,598.0,,21,25,-4
199712040LAC,RS,SAS,620.0,,21,26,-5
199712040LAC,RS,SAS,630.0,,24,26,-2
199712040LAC,RS,SAS,643.0,,24,27,-3
199712040LAC,RS,SAS,668.0,,25,27,-2
199712040LAC,RS,SAS,668.0,,26,27,-1
199712040LAC,RS,SAS,688.0,LC,28,27,1
199712040LAC,RS,SAS,702.0,T,28,28,0
199712040LAC,RS,SAS,702.0,LC,28,29,-1
199712040LAC,RS,SAS,802.0,LC,30,29,1
199712040LAC,RS,SAS,832.0,LC,30,31,-1
199712040LAC,RS,SAS,896.0,LC,33,31,2
199712040LAC,RS,SAS,918.0,T,33,33,0
199712040LAC,RS,SAS,942.0,,35,33,2
199712040LAC,RS,SAS,984.0,T,35,35,0
199712040LAC,RS,SAS,1030.0,,38,35,3
199712040LAC,RS,SAS,1058.0,,41,35,6
199712040LAC,RS,SAS,1075.0,,41,36,5
199712040LAC,RS,SAS,1075.0,,41,37,4
199712040LAC,RS,SAS,1104.0,,41,39,2
199712040LAC,RS,SAS,1137.0,T,41,41,0
199712040LAC,RS,SAS,1152.0,LC,41,43,-2
199712040LAC,RS,SAS,1209.0,,41,45,-4
199712040LAC,RS,SAS,1218.0,,42,45,-3
199712040LAC,RS,SAS,1272.0,,42,47,-5
199712040LAC,RS,SAS,1272.0,,42,48,-6
199712040LAC,RS,SAS,1289.0,,42,50,-8
199712040LAC,RS,SAS,1344.0,,44,50,-6
199712040LAC,RS,SAS,1387.0,,46,50,-4
199712040LAC,RS,SAS,1399.0,,46,52,-6
199712040LAC,RS,SAS,1424.0,,46,54,-8
199712040LAC,RS,SAS,1438.0,,48,54,-6
199712040LAC,RS,SAS,1519.0,,48,56,-8
199712040LAC,RS,SAS,1534.0,,51,56,-5
199712040LAC,RS,SAS,1553.0,,53,56,-3
199712040LAC,RS,SAS,1577.0,,53,59,-6
199712040LAC,RS,SAS,1618.0,,53,61,-8
199712040LAC,RS,SAS,1655.0,,53,63,-10
199712040LAC,RS,SAS,1673.0,,55,63,-8
199712040LAC,RS,SAS,1738.0,,57,63,-6
199712040LAC,RS,SAS,1759.0,,57,65,-8
199712040LAC,RS,SAS,1786.0,,57,67,-10
199712040LAC,RS,SAS,1796.0,,59,67,-8
199712040LAC,RS,SAS,1861.0,,61,67,-6
199712040LAC,RS,SAS,1959.0,,61,69,-8
199712040LAC,RS,SAS,1982.0,,63,69,-6
199712040LAC,RS,SAS,2002.0,,63,72,-9
199712040LAC,RS,SAS,2024.0,,64,72,-8
199712040LAC,RS,SAS,2091.0,,64,74,-10
199712040LAC,RS,SAS,2106.0,,66,74,-8
199712040LAC,RS,SAS,2132.0,,68,74,-6
199712040LAC,RS,SAS,2153.0,,68,75,-7
199712040LAC,RS,SAS,2153.0,,68,76,-8
199712040LAC,RS,SAS,2158.0,,69,76,-7
199712040LAC,RS,SAS,2229.0,,70,76,-6
199712040LAC,RS,SAS,2287.0,,71,76,-5
199712040LAC,RS,SAS,2317.0,,72,76,-4
199712040LAC,RS,SAS,2317.0,,73,76,-3
199712040LAC,RS,SAS,2390.0,,74,76,-2
199712040LAC,RS,SAS,2427.0,,74,78,-4
199712040LAC,RS,SAS,2450.0,,75,78,-3
199712040LAC,RS,SAS,2492.0,,77,78,-1
199712040LAC,RS,SAS,2554.0,LC,79,78,1
199712040LAC,RS,SAS,2577.0,LC,79,80,-1
199712040LAC,RS,SAS,2613.0,,79,82,-3
199712040LAC,RS,SAS,2695.0,,80,82,-2
199712040LAC,RS,SAS,2695.0,,81,82,-1
199712040LAC,RS,SAS,2766.0,,81,84,-3
199712040LAC,RS,SAS,2785.0,,83,84,-1
199712040LAC,RS,SAS,2843.0,,83,86,-3
199712040LAC,RS,SAS,2856.0,,84,86,-2
199712040LAC,RS,SAS,2856.0,,85,86,-1
199712040LAC,RS,SAS,2875.0,LC,87,86,1
199712040LAC,RS,SAS,2877.0,T,87,87,0
199712040LAC,RS,SAS,2889.0,LC,87,88,-1
199712040LAC,RS,SAS,2889.0,,87,89,-2
199712040LAC,RS,SAS,2933.0,T,89,89,0
199712040LAC,RS,SAS,2956.0,,89,91,-2
199712040LAC,RS,SAS,2982.0,T,91,91,0
199712040LAC,RS,SAS,3025.0,,91,93,-2
199712040LAC,RS,SAS,3047.0,LC,94,93,1
199712040LAC,RS,SAS,3100.0,,96,93,3
199712040LAC,RS,SAS,3160.0,,97,93,4
199712040LAC,RS,SAS,3160.0,,98,93,5
199712040LAC,RS,SAS,3175.0,F,100,93,7
199712040LAC,RS,SAS,3179.0,,100,96,4
199712060LAC,RS,ORL,0.0,,0,0,0
199712060LAC,RS,ORL,31.0,,0,2,-2
199712060LAC,RS,ORL,43.0,LC,3,2,1
199712060LAC,RS,ORL,58.0,LC,3,4,-1
199712060LAC,RS,ORL,85.0,,3,6,-3
199712060LAC,RS,ORL,123.0,,3,8,-5
199712060LAC,RS,ORL,140.0,,5,8,-3
199712060LAC,RS,ORL,181.0,,7,8,-1
199712060LAC,RS,ORL,206.0,,7,10,-3
199712060LAC,RS,ORL,219.0,T,10,10,0
199712060LAC,RS,ORL,283.0,,10,12,-2
199712060LAC,RS,ORL,332.0,T,12,12,0
199712060LAC,RS,ORL,358.0,LC,14,12,2
199712060LAC,RS,ORL,380.0,T,14,14,0
199712060LAC,RS,ORL,380.0,LC,14,15,-1
199712060LAC,RS,ORL,408.0,,14,17,-3
199712060LAC,RS,ORL,444.0,,14,20,-6
199712060LAC,RS,ORL,459.0,,16,20,-4
199712060LAC,RS,ORL,491.0,,16,22,-6
199712060LAC,RS,ORL,519.0,,17,22,-5
199712060LAC,RS,ORL,545.0,,20,22,-2
199712060LAC,RS,ORL,571.0,T,22,22,0
199712060LAC,RS,ORL,606.0,,22,24,-2
199712060LAC,RS,ORL,634.0,,22,26,-4
199712060LAC,RS,ORL,673.0,,24,26,-2
199712060LAC,RS,ORL,758.0,T,26,26,0
199712060LAC,RS,ORL,798.0,LC,29,26,3
199712060LAC,RS,ORL,808.0,,29,28,1
199712060LAC,RS,ORL,825.0,,31,28,3
199712060LAC,RS,ORL,855.0,,32,28,4
199712060LAC,RS,ORL,876.0,,34,28,6
199712060LAC,RS,ORL,902.0,,37,28,9
199712060LAC,RS,ORL,966.0,,37,30,7
199712060LAC,RS,ORL,992.0,,37,32,5
199712060LAC,RS,ORL,1046.0,,38,32,6
199712060LAC,RS,ORL,1183.0,,38,34,4
199712060LAC,RS,ORL,1220.0,,38,37,1
199712060LAC,RS,ORL,1247.0,,40,37,3
199712060LAC,RS,ORL,1300.0,,41,37,4
199712060LAC,RS,ORL,1346.0,,44,37,7
199712060LAC,RS,ORL,1390.0,,44,39,5
199712060LAC,RS,ORL,1457.0,,44,41,3
199712060LAC,RS,ORL,1457.0,,44,42,2
199712060LAC,RS,ORL,1475.0,,47,42,5
199712060LAC,RS,ORL,1530.0,,47,44,3
199712060LAC,RS,ORL,1557.0,,49,44,5
199712060LAC,RS,ORL,1580.0,,49,46,3
199712060LAC,RS,ORL,1676.0,,49,48,1
199712060LAC,RS,ORL,1710.0,LC,49,50,-1
199712060LAC,RS,ORL,1728.0,,49,51,-2
199712060LAC,RS,ORL,1728.0,,49,52,-3
199712060LAC,RS,ORL,1731.0,,51,52,-1
199712060LAC,RS,ORL,1753.0,,51,54,-3
199712060LAC,RS,ORL,1788.0,,51,56,-5
199712060LAC,RS,ORL,1819.0,,53,56,-3
199712060LAC,RS,ORL,1873.0,,55,56,-1
199712060LAC,RS,ORL,1893.0,,55,58,-3
199712060LAC,RS,ORL,1911.0,T,58,58,0
199712060LAC,RS,ORL,1945.0,LC,60,58,2
199712060LAC,RS,ORL,1989.0,,61,58,3
199712060LAC,RS,ORL,2023.0,,61,60,1
199712060LAC,RS,ORL,2032.0,,63,60,3
199712060LAC,RS,ORL,2057.0,,63,61,2
199712060LAC,RS,ORL,2057.0,,63,62,1
199712060LAC,RS,ORL,2120.0,LC,63,65,-2
199712060LAC,RS,ORL,2137.0,T,65,65,0
199712060LAC,RS,ORL,2218.0,,65,67,-2
199712060LAC,RS,ORL,2237.0,T,67,67,0
199712060LAC,RS,ORL,2255.0,,67,68,-1
199712060LAC,RS,ORL,2279.0,LC,69,68,1
199712060LAC,RS,ORL,2338.0,,70,68,2
199712060LAC,RS,ORL,2338.0,,71,68,3
199712060LAC,RS,ORL,2356.0,,71,70,1
199712060LAC,RS,ORL,2383.0,T,71,71,0
199712060LAC,RS,ORL,2383.0,LC,71,72,-1
199712060LAC,RS,ORL,2422.0,,71,74,-3
199712060LAC,RS,ORL,2471.0,,71,76,-5
199712060LAC,RS,ORL,2511.0,,71,78,-7
199712060LAC,RS,ORL,2623.0,,71,79,-8
199712060LAC,RS,ORL,2857.0,,73,79,-6
199712060LAC,RS,ORL,2859.0,,73,80,-7
199712060LAC,RS,ORL,2859.0,,73,81,-8
199712060LAC,RS,ORL,2861.0,,75,81,-6
199712060LAC,RS,ORL,2869.0,,76,81,-5
199712060LAC,RS,ORL,2869.0,,77,81,-4
199712060LAC,RS,ORL,2879.0,,79,81,-2
199712060LAC,RS,ORL,2880.0,,79,83,-4
199712060LAC,RS,ORL,2880.0,F,79,82,-3
199712070DEN,RS,DEN,0.0,,0,0,0
199712070DEN,RS,DEN,21.0,,2,0,2
199712070DEN,RS,DEN,41.0,T,2,2,0
199712070DEN,RS,DEN,58.0,,3,2,1
199712070DEN,RS,DEN,78.0,,6,2,4
199712070DEN,RS,DEN,111.0,,9,2,7
199712070DEN,RS,DEN,121.0,,9,4,5
199712070DEN,RS,DEN,140.0,,11,4,7
199712070DEN,RS,DEN,160.0,,11,6,5
199712070DEN,RS,DEN,211.0,,11,8,3
199712070DEN,RS,DEN,223.0,,13,8,5
199712070DEN,RS,DEN,266.0,,15,8,7
199712070DEN,RS,DEN,286.0,,15,10,5
199712070DEN,RS,DEN,286.0,,15,11,4
199712070DEN,RS,DEN,308.0,,15,13,2
199712070DEN,RS,DEN,330.0,,17,13,4
199712070DEN,RS,DEN,355.0,,20,13,7
199712070DEN,RS,DEN,371.0,,20,15,5
199712070DEN,RS,DEN,394.0,,20,17,3
199712070DEN,RS,DEN,394.0,,20,18,2
199712070DEN,RS,DEN,430.0,T,20,20,0
199712070DEN,RS,DEN,440.0,,21,20,1
199712070DEN,RS,DEN,446.0,LC,21,22,-1
199712070DEN,RS,DEN,479.0,,21,24,-3
199712070DEN,RS,DEN,501.0,,22,24,-2
199712070DEN,RS,DEN,519.0,,22,26,-4
199712070DEN,RS,DEN,552.0,,24,26,-2
199712070DEN,RS,DEN,605.0,,24,27,-3
199712070DEN,RS,DEN,643.0,,24,29,-5
199712070DEN,RS,DEN,693.0,,24,30,-6
199712070DEN,RS,DEN,693.0,,24,31,-7
199712070DEN,RS,DEN,718.0,,24,33,-9
199712070DEN,RS,DEN,718.0,,24,34,-10
199712070DEN,RS,DEN,787.0,,26,34,-8
199712070DEN,RS,DEN,840.0,,29,34,-5
199712070DEN,RS,DEN,890.0,,31,34,-3
199712070DEN,RS,DEN,907.0,,31,36,-5
199712070DEN,RS,DEN,934.0,,33,36,-3
199712070DEN,RS,DEN,950.0,,33,37,-4
199712070DEN,RS,DEN,1019.0,,33,39,-6
199712070DEN,RS,DEN,1038.0,,35,39,-4
199712070DEN,RS,DEN,1065.0,,37,39,-2
199712070DEN,RS,DEN,1065.0,,38,39,-1
199712070DEN,RS,DEN,1086.0,,38,42,-4
199712070DEN,RS,DEN,1112.0,,40,42,-2
199712070DEN,RS,DEN,1146.0,T,42,42,0
199712070DEN,RS,DEN,1209.0,LC,43,42,1
199712070DEN,RS,DEN,1209.0,,44,42,2
199712070DEN,RS,DEN,1245.0,T,44,44,0
199712070DEN,RS,DEN,1264.0,,46,44,2
199712070DEN,RS,DEN,1287.0,T,46,46,0
199712070DEN,RS,DEN,1287.0,LC,46,47,-1
199712070DEN,RS,DEN,1320.0,LC,48,47,1
199712070DEN,RS,DEN,1344.0,LC,48,49,-1
199712070DEN,RS,DEN,1364.0,,48,51,-3
199712070DEN,RS,DEN,1390.0,,50,51,-1
199712070DEN,RS,DEN,1428.0,T,51,51,0
199712070DEN,RS,DEN,1428.0,LC,52,51,1
199712070DEN,RS,DEN,1457.0,LC,52,53,-1
199712070DEN,RS,DEN,1484.0,,52,55,-3
199712070DEN,RS,DEN,1505.0,T,55,55,0
199712070DEN,RS,DEN,1560.0,LC,57,55,2
199712070DEN,RS,DEN,1584.0,,59,55,4
199712070DEN,RS,DEN,1602.0,,59,57,2
199712070DEN,RS,DEN,1639.0,LC,59,60,-1
199712070DEN,RS,DEN,1664.0,,59,62,-3
199712070DEN,RS,DEN,1687.0,,59,64,-5
199712070DEN,RS,DEN,1712.0,,60,64,-4
199712070DEN,RS,DEN,1793.0,,61,64,-3
199712070DEN,RS,DEN,1793.0,,62,64,-2
199712070DEN,RS,DEN,1827.0,,63,64,-1
199712070DEN,RS,DEN,1855.0,LC,66,64,2
199712070DEN,RS,DEN,1871.0,T,66,66,0
199712070DEN,RS,DEN,1892.0,,68,66,2
199712070DEN,RS,DEN,1917.0,,70,66,4
199712070DEN,RS,DEN,1943.0,,70,67,3
199712070DEN,RS,DEN,1943.0,,70,68,2
199712070DEN,RS,DEN,2002.0,,72,68,4
199712070DEN,RS,DEN,2064.0,,73,68,5
199712070DEN,RS,DEN,2064.0,,74,68,6
199712070DEN,RS,DEN,2101.0,,76,68,8
199712070DEN,RS,DEN,2126.0,,78,68,10
199712070DEN,RS,DEN,2139.0,,78,70,8
199712070DEN,RS,DEN,2208.0,,80,70,10
199712070DEN,RS,DEN,2229.0,,80,71,9
199712070DEN,RS,DEN,2258.0,,80,73,7
199712070DEN,RS,DEN,2335.0,,82,73,9
199712070DEN,RS,DEN,2369.0,,82,74,8
199712070DEN,RS,DEN,2369.0,,82,75,7
199712070DEN,RS,DEN,2399.0,,82,77,5
199712070DEN,RS,DEN,2468.0,,82,79,3
199712070DEN,RS,DEN,2489.0,T,82,82,0
199712070DEN,RS,DEN,2521.0,LC,82,84,-2
199712070DEN,RS,DEN,2540.0,T,84,84,0
199712070DEN,RS,DEN,2579.0,LC,85,84,1
199712070DEN,RS,DEN,2579.0,,86,84,2
199712070DEN,RS,DEN,2591.0,T,86,86,0
199712070DEN,RS,DEN,2633.0,LC,86,88,-2
199712070DEN,RS,DEN,2651.0,,86,89,-3
199712070DEN,RS,DEN,2651.0,,86,90,-4
199712070DEN,RS,DEN,2704.0,,86,92,-6
199712070DEN,RS,DEN,2720.0,,87,92,-5
199712070DEN,RS,DEN,2720.0,,88,92,-4
199712070DEN,RS,DEN,2771.0,,88,93,-5
199712070DEN,RS,DEN,2810.0,,89,93,-4
199712070DEN,RS,DEN,2831.0,,89,94,-5
199712070DEN,RS,DEN,2831.0,,89,95,-6
199712070DEN,RS,DEN,2840.0,,90,95,-5
199712070DEN,RS,DEN,2859.0,,90,96,-6
199712070DEN,RS,DEN,2859.0,,90,97,-7
199712070DEN,RS,DEN,2867.0,,90,98,-8
199712070DEN,RS,DEN,2867.0,,90,99,-9
199712070DEN,RS,DEN,2874.0,,92,99,-7
199712070DEN,RS,DEN,2875.0,F,92,100,-8
199712070DEN,RS,DEN,2880.0,,92,100,-8
199712090DAL,RS,DAL,0.0,,0,0,0
199712090DAL,RS,DAL,34.0,,0,2,-2
199712090DAL,RS,DAL,99.0,T,2,2,0
199712090DAL,RS,DAL,136.0,,2,5,-3
199712090DAL,RS,DAL,148.0,,4,5,-1
199712090DAL,RS,DAL,168.0,,4,7,-3
199712090DAL,RS,DAL,183.0,,6,7,-1
199712090DAL,RS,DAL,222.0,T,7,7,0
199712090DAL,RS,DAL,222.0,LC,8,7,1
199712090DAL,RS,DAL,282.0,,10,7,3
199712090DAL,RS,DAL,337.0,,10,8,2
199712090DAL,RS,DAL,337.0,,10,9,1
199712090DAL,RS,DAL,349.0,,12,9,3
199712090DAL,RS,DAL,362.0,,12,11,1
199712090DAL,RS,DAL,409.0,,14,11,3
199712090DAL,RS,DAL,426.0,,14,13,1
199712090DAL,RS,DAL,469.0,,15,13,2
199712090DAL,RS,DAL,481.0,T,15,15,0
199712090DAL,RS,DAL,494.0,,17,15,2
199712090DAL,RS,DAL,527.0,,18,15,3
199712090DAL,RS,DAL,527.0,,19,15,4
199712090DAL,RS,DAL,567.0,,19,17,2
199712090DAL,RS,DAL,588.0,,20,17,3
199712090DAL,RS,DAL,588.0,,21,17,4
199712090DAL,RS,DAL,641.0,,23,17,6
199712090DAL,RS,DAL,655.0,,23,19,4
199712090DAL,RS,DAL,674.0,,25,19,6
199712090DAL,RS,DAL,686.0,,25,20,5
199712090DAL,RS,DAL,686.0,,25,21,4
199712090DAL,RS,DAL,699.0,,27,21,6
199712090DAL,RS,DAL,759.0,,29,21,8
199712090DAL,RS,DAL,776.0,,29,23,6
199712090DAL,RS,DAL,815.0,,32,23,9
199712090DAL,RS,DAL,834.0,,32,26,6
199712090DAL,RS,DAL,926.0,,32,28,4
199712090DAL,RS,DAL,946.0,,35,28,7
199712090DAL,RS,DAL,965.0,,38,28,10
199712090DAL,RS,DAL,1000.0,,40,28,12
199712090DAL,RS,DAL,1000.0,,41,28,13
199712090DAL,RS,DAL,1014.0,,41,30,11
199712090DAL,RS,DAL,1037.0,,43,30,13
199712090DAL,RS,DAL,1050.0,,43,32,11
199712090DAL,RS,DAL,1069.0,,45,32,13
199712090DAL,RS,DAL,1081.0,,45,34,11
199712090DAL,RS,DAL,1115.0,,48,34,14
199712090DAL,RS,DAL,1132.0,,48,36,12
199712090DAL,RS,DAL,1169.0,,50,36,14
199712090DAL,RS,DAL,1213.0,,50,39,11
199712090DAL,RS,DAL,1244.0,,50,41,9
199712090DAL,RS,DAL,1262.0,,52,41,11
199712090DAL,RS,DAL,1284.0,,54,41,13
199712090DAL,RS,DAL,1312.0,,54,43,11
199712090DAL,RS,DAL,1366.0,,54,45,9
199712090DAL,RS,DAL,1484.0,,56,45,11
199712090DAL,RS,DAL,1522.0,,58,45,13
199712090DAL,RS,DAL,1535.0,,58,47,11
199712090DAL,RS,DAL,1555.0,,60,47,13
199712090DAL,RS,DAL,1616.0,,62,47,15
199712090DAL,RS,DAL,1633.0,,62,49,13
199712090DAL,RS,DAL,1712.0,,63,49,14
199712090DAL,RS,DAL,1712.0,,64,49,15
199712090DAL,RS,DAL,1736.0,,64,50,14
199712090DAL,RS,DAL,1736.0,,64,51,13
199712090DAL,RS,DAL,1746.0,,66,51,15
199712090DAL,RS,DAL,1820.0,,66,53,13
199712090DAL,RS,DAL,1846.0,,68,53,15
199712090DAL,RS,DAL,1863.0,,68,54,14
199712090DAL,RS,DAL,1863.0,,68,55,13
199712090DAL,RS,DAL,1886.0,,69,55,14
199712090DAL,RS,DAL,1886.0,,70,55,15
199712090DAL,RS,DAL,1928.0,,70,56,14
199712090DAL,RS,DAL,1928.0,,70,57,13
199712090DAL,RS,DAL,1971.0,,70,59,11
199712090DAL,RS,DAL,1996.0,,70,61,9
199712090DAL,RS,DAL,2026.0,,70,63,7
199712090DAL,RS,DAL,2079.0,,70,65,5
199712090DAL,RS,DAL,2099.0,,71,65,6
199712090DAL,RS,DAL,2118.0,,71,67,4
199712090DAL,RS,DAL,2158.0,,71,69,2
199712090DAL,RS,DAL,2179.0,,74,69,5
199712090DAL,RS,DAL,2238.0,,74,71,3
199712090DAL,RS,DAL,2307.0,,74,72,2
199712090DAL,RS,DAL,2332.0,,74,73,1
199712090DAL,RS,DAL,2344.0,,76,73,3
199712090DAL,RS,DAL,2375.0,T,76,76,0
199712090DAL,RS,DAL,2389.0,,77,76,1
199712090DAL,RS,DAL,2457.0,,78,76,2
199712090DAL,RS,DAL,2457.0,,79,76,3
199712090DAL,RS,DAL,2470.0,,79,77,2
199712090DAL,RS,DAL,2470.0,,79,78,1
199712090DAL,RS,DAL,2524.0,,82,78,4
199712090DAL,RS,DAL,2602.0,,84,78,6
199712090DAL,RS,DAL,2617.0,,84,80,4
199712090DAL,RS,DAL,2631.0,,85,80,5
199712090DAL,RS,DAL,2663.0,,85,82,3
199712090DAL,RS,DAL,2685.0,,87,82,5
199712090DAL,RS,DAL,2694.0,,87,84,3
199712090DAL,RS,DAL,2740.0,,89,84,5
199712090DAL,RS,DAL,2785.0,,91,84,7
199712090DAL,RS,DAL,2806.0,,92,84,8
199712090DAL,RS,DAL,2806.0,,93,84,9
199712090DAL,RS,DAL,2817.0,,93,86,7
199712090DAL,RS,DAL,2838.0,,95,86,9
199712090DAL,RS,DAL,2838.0,,96,86,10
199712090DAL,RS,DAL,2844.0,,96,89,7
199712090DAL,RS,DAL,2854.0,,97,89,8
199712090DAL,RS,DAL,2857.0,,97,91,6
199712090DAL,RS,DAL,2857.0,,97,92,5
199712090DAL,RS,DAL,2869.0,,98,92,6
199712090DAL,RS,DAL,2869.0,F,99,92,7
199712090DAL,RS,DAL,2872.0,,99,92,7
199712100SAS,RS,SAS,0.0,,0,0,0
199712100SAS,RS,SAS,21.0,,0,2,-2
199712100SAS,RS,SAS,72.0,,0,4,-4
199712100SAS,RS,SAS,81.0,,2,4,-2
199712100SAS,RS,SAS,88.0,,2,6,-4
199712100SAS,RS,SAS,142.0,,2,8,-6
199712100SAS,RS,SAS,164.0,,2,10,-8
199712100SAS,RS,SAS,193.0,,4,10,-6
199712100SAS,RS,SAS,204.0,,4,12,-8
199712100SAS,RS,SAS,217.0,,4,14,-10
199712100SAS,RS,SAS,249.0,,4,17,-13
199712100SAS,RS,SAS,264.0,,5,17,-12
199712100SAS,RS,SAS,275.0,,7,17,-10
199712100SAS,RS,SAS,312.0,,9,17,-8
199712100SAS,RS,SAS,341.0,,9,19,-10
199712100SAS,RS,SAS,395.0,,9,21,-12
199712100SAS,RS,SAS,433.0,,12,21,-9
199712100SAS,RS,SAS,473.0,,15,21,-6
199712100SAS,RS,SAS,495.0,,15,23,-8
199712100SAS,RS,SAS,513.0,,17,23,-6
199712100SAS,RS,SAS,562.0,,17,25,-8
199712100SAS,RS,SAS,579.0,,19,25,-6
199712100SAS,RS,SAS,588.0,,19,27,-8
199712100SAS,RS,SAS,605.0,,22,27,-5
199712100SAS,RS,SAS,632.0,,22,30,-8
199712100SAS,RS,SAS,664.0,,22,32,-10
199712100SAS,RS,SAS,706.0,,22,33,-11
199712100SAS,RS,SAS,706.0,,22,34,-12
199712100SAS,RS,SAS,758.0,,24,34,-10
199712100SAS,RS,SAS,808.0,,26,34,-8
199712100SAS,RS,SAS,834.0,,26,36,-10
199712100SAS,RS,SAS,860.0,,26,38,-12
199712100SAS,RS,SAS,892.0,,26,40,-14
199712100SAS,RS,SAS,920.0,,28,40,-12
199712100SAS,RS,SAS,948.0,,28,41,-13
199712100SAS,RS,SAS,948.0,,28,42,-14
199712100SAS,RS,SAS,975.0,,28,44,-16
199712100SAS,RS,SAS,975.0,,28,45,-17
199712100SAS,RS,SAS,1014.0,,28,46,-18
199712100SAS,RS,SAS,1053.0,,28,47,-19
199712100SAS,RS,SAS,1053.0,,28,48,-20
199712100SAS,RS,SAS,1086.0,,28,50,-22
199712100SAS,RS,SAS,1111.0,,30,50,-20
199712100SAS,RS,SAS,1126.0,,31,50,-19
199712100SAS,RS,SAS,1126.0,,32,50,-18
199712100SAS,RS,SAS,1193.0,,32,51,-19
199712100SAS,RS,SAS,1207.0,,33,51,-18
199712100SAS,RS,SAS,1235.0,,33,52,-19
199712100SAS,RS,SAS,1235.0,,33,53,-20
199712100SAS,RS,SAS,1279.0,,35,53,-18
199712100SAS,RS,SAS,1302.0,,35,55,-20
199712100SAS,RS,SAS,1313.0,,36,55,-19
199712100SAS,RS,SAS,1313.0,,37,55,-18
199712100SAS,RS,SAS,1336.0,,39,55,-16
199712100SAS,RS,SAS,1385.0,,41,55,-14
199712100SAS,RS,SAS,1385.0,,42,55,-13
199712100SAS,RS,SAS,1403.0,,42,57,-15
199712100SAS,RS,SAS,1412.0,,45,57,-12
199712100SAS,RS,SAS,1465.0,,47,57,-10
199712100SAS,RS,SAS,1479.0,,47,58,-11
199712100SAS,RS,SAS,1479.0,,47,59,-12
199712100SAS,RS,SAS,1484.0,,48,59,-11
199712100SAS,RS,SAS,1484.0,,49,59,-10
199712100SAS,RS,SAS,1505.0,,49,61,-12
199712100SAS,RS,SAS,1505.0,,49,62,-13
199712100SAS,RS,SAS,1551.0,,49,63,-14
199712100SAS,RS,SAS,1562.0,,51,63,-12
199712100SAS,RS,SAS,1597.0,,53,63,-10
199712100SAS,RS,SAS,1640.0,,55,63,-8
199712100SAS,RS,SAS,1641.0,,55,64,-9
199712100SAS,RS,SAS,1667.0,,57,64,-7
199712100SAS,RS,SAS,1776.0,,59,64,-5
199712100SAS,RS,SAS,1795.0,,59,67,-8
199712100SAS,RS,SAS,1823.0,,59,68,-9
199712100SAS,RS,SAS,1866.0,,59,69,-10
199712100SAS,RS,SAS,1900.0,,59,70,-11
199712100SAS,RS,SAS,1900.0,,59,71,-12
199712100SAS,RS,SAS,1943.0,,61,71,-10
199712100SAS,RS,SAS,1969.0,,61,73,-12
199712100SAS,RS,SAS,1983.0,,63,73,-10
199712100SAS,RS,SAS,2038.0,,65,73,-8
199712100SAS,RS,SAS,2077.0,,68,73,-5
199712100SAS,RS,SAS,2091.0,,69,73,-4
199712100SAS,RS,SAS,2106.0,,70,73,-3
199712100SAS,RS,SAS,2119.0,,70,74,-4
199712100SAS,RS,SAS,2119.0,,70,75,-5
199712100SAS,RS,SAS,2179.0,,70,77,-7
199712100SAS,RS,SAS,2232.0,,70,79,-9
199712100SAS,RS,SAS,2258.0,,70,81,-11
199712100SAS,RS,SAS,2286.0,,73,81,-8
199712100SAS,RS,SAS,2302.0,,73,83,-10
199712100SAS,RS,SAS,2342.0,,74,83,-9
199712100SAS,RS,SAS,2384.0,,74,84,-10
199712100SAS,RS,SAS,2384.0,,74,85,-11
199712100SAS,RS,SAS,2424.0,,76,85,-9
199712100SAS,RS,SAS,2436.0,,76,87,-11
199712100SAS,RS,SAS,2536.0,,78,87,-9
199712100SAS,RS,SAS,2553.0,,78,89,-11
199712100SAS,RS,SAS,2582.0,,78,90,-12
199712100SAS,RS,SAS,2602.0,,78,92,-14
199712100SAS,RS,SAS,2625.0,,79,92,-13
199712100SAS,RS,SAS,2651.0,,81,92,-11
199712100SAS,RS,SAS,2682.0,,81,93,-12
199712100SAS,RS,SAS,2682.0,,81,94,-13
199712100SAS,RS,SAS,2715.0,,81,95,-14
199712100SAS,RS,SAS,2715.0,,81,96,-15
199712100SAS,RS,SAS,2737.0,,81,98,-17
199712100SAS,RS,SAS,2761.0,,83,98,-15
199712100SAS,RS,SAS,2818.0,,85,98,-13
199712100SAS,RS,SAS,2827.0,,85,100,-15
199712100SAS,RS,SAS,2840.0,,87,100,-13
199712100SAS,RS,SAS,2847.0,,87,101,-14
199712100SAS,RS,SAS,2847.0,F,87,102,-15
199712100SAS,RS,SAS,2867.0,,87,102,-15
199712120LAC,RS,ATL,0.0,,0,0,0
199712120LAC,RS,ATL,28.0,,2,0,2
199712120LAC,RS,ATL,64.0,,5,0,5
199712120LAC,RS,ATL,81.0,,5,2,3
199712120LAC,RS,ATL,108.0,,5,4,1
199712120LAC,RS,ATL,126.0,,7,4,3
199712120LAC,RS,ATL,140.0,,7,6,1
199712120LAC,RS,ATL,174.0,LC,7,8,-1
199712120LAC,RS,ATL,221.0,,7,9,-2
199712120LAC,RS,ATL,221.0,,7,10,-3
199712120LAC,RS,ATL,265.0,,7,12,-5
199712120LAC,RS,ATL,304.0,,7,14,-7
199712120LAC,RS,ATL,333.0,,7,16,-9
199712120LAC,RS,ATL,361.0,,9,16,-7
199712120LAC,RS,ATL,421.0,,9,18,-9
199712120LAC,RS,ATL,458.0,,11,18,-7
199712120LAC,RS,ATL,474.0,,11,20,-9
199712120LAC,RS,ATL,515.0,,11,22,-11
199712120LAC,RS,ATL,555.0,,13,22,-9
199712120LAC,RS,ATL,589.0,,13,24,-11
199712120LAC,RS,ATL,652.0,,13,26,-13
199712120LAC,RS,ATL,686.0,,13,27,-14
199712120LAC,RS,ATL,700.0,,15,27,-12
199712120LAC,RS,ATL,718.0,,15,29,-14
199712120LAC,RS,ATL,731.0,,18,29,-11
199712120LAC,RS,ATL,769.0,,20,29,-9
199712120LAC,RS,ATL,826.0,,22,29,-7
199712120LAC,RS,ATL,867.0,,24,29,-5
199712120LAC,RS,ATL,968.0,,26,29,-3
199712120LAC,RS,ATL,984.0,,26,30,-4
199712120LAC,RS,ATL,984.0,,26,31,-5
199712120LAC,RS,ATL,1014.0,,28,31,-3
199712120LAC,RS,ATL,1028.0,,28,33,-5
199712120LAC,RS,ATL,1081.0,,30,33,-3
199712120LAC,RS,ATL,1114.0,,32,33,-1
199712120LAC,RS,ATL,1142.0,,32,35,-3
199712120LAC,RS,ATL,1234.0,,33,35,-2
199712120LAC,RS,ATL,1234.0,,34,35,-1
199712120LAC,RS,ATL,1267.0,LC,37,35,2
199712120LAC,RS,ATL,1309.0,,39,35,4
199712120LAC,RS,ATL,1330.0,,39,37,2
199712120LAC,RS,ATL,1335.0,,41,37,4
199712120LAC,RS,ATL,1353.0,,41,38,3
199712120LAC,RS,ATL,1353.0,,41,39,2
199712120LAC,RS,ATL,1385.0,T,41,41,0
199712120LAC,RS,ATL,1440.0,LC,41,44,-3
199712120LAC,RS,ATL,1482.0,,42,44,-2
199712120LAC,RS,ATL,1541.0,,42,46,-4
199712120LAC,RS,ATL,1560.0,,43,46,-3
199712120LAC,RS,ATL,1607.0,,45,46,-1
199712120LAC,RS,ATL,1643.0,LC,47,46,1
199712120LAC,RS,ATL,1699.0,LC,47,48,-1
199712120LAC,RS,ATL,1779.0,,47,50,-3
199712120LAC,RS,ATL,1802.0,,49,50,-1
199712120LAC,RS,ATL,1816.0,,49,52,-3
199712120LAC,RS,ATL,1848.0,,49,54,-5
199712120LAC,RS,ATL,1942.0,,49,56,-7
199712120LAC,RS,ATL,1962.0,,51,56,-5
199712120LAC,RS,ATL,2001.0,,53,56,-3
199712120LAC,RS,ATL,2023.0,,53,58,-5
199712120LAC,RS,ATL,2068.0,,53,60,-7
199712120LAC,RS,ATL,2116.0,,53,62,-9
199712120LAC,RS,ATL,2148.0,,53,64,-11
199712120LAC,RS,ATL,2160.0,,55,64,-9
199712120LAC,RS,ATL,2280.0,,57,64,-7
199712120LAC,RS,ATL,2316.0,,59,64,-5
199712120LAC,RS,ATL,2371.0,,59,66,-7
199712120LAC,RS,ATL,2403.0,,59,68,-9
199712120LAC,RS,ATL,2473.0,,59,69,-10
199712120LAC,RS,ATL,2473.0,,59,70,-11
199712120LAC,RS,ATL,2537.0,,59,72,-13
199712120LAC,RS,ATL,2557.0,,61,72,-11
199712120LAC,RS,ATL,2571.0,,61,74,-13
199712120LAC,RS,ATL,2598.0,,63,74,-11
199712120LAC,RS,ATL,2644.0,,65,74,-9
199712120LAC,RS,ATL,2674.0,,67,74,-7
199712120LAC,RS,ATL,2693.0,,67,75,-8
199712120LAC,RS,ATL,2693.0,,67,76,-9
199712120LAC,RS,ATL,2709.0,,69,76,-7
199712120LAC,RS,ATL,2734.0,,70,76,-6
199712120LAC,RS,ATL,2769.0,,72,76,-4
199712120LAC,RS,ATL,2784.0,,72,78,-6
199712120LAC,RS,ATL,2823.0,,72,79,-7
199712120LAC,RS,ATL,2823.0,,72,80,-8
199712120LAC,RS,ATL,2834.0,,72,81,-9
199712120LAC,RS,ATL,2844.0,,74,81,-7
199712120LAC,RS,ATL,2845.0,,74,82,-8
199712120LAC,RS,ATL,2860.0,F,74,83,-9
199712120LAC,RS,ATL,2866.0,,74,83,-9
199712140SEA,RS,SEA,0.0,,0,0,0
199712140SEA,RS,SEA,30.0,,0,2,-2
199712140SEA,RS,SEA,51.0,,0,4,-4
199712140SEA,RS,SEA,87.0,,0,6,-6
199712140SEA,RS,SEA,117.0,,2,6,-4
199712140SEA,RS,SEA,132.0,,2,8,-6
199712140SEA,RS,SEA,168.0,,2,10,-8
199712140SEA,RS,SEA,175.0,,4,10,-6
199712140SEA,RS,SEA,201.0,,4,12,-8
199712140SEA,RS,SEA,211.0,,5,12,-7
199712140SEA,RS,SEA,219.0,,5,13,-8
199712140SEA,RS,SEA,219.0,,5,14,-9
199712140SEA,RS,SEA,232.0,,5,16,-11
199712140SEA,RS,SEA,255.0,,7,16,-9
199712140SEA,RS,SEA,273.0,,7,18,-11
199712140SEA,RS,SEA,304.0,,9,18,-9
199712140SEA,RS,SEA,317.0,,9,20,-11
199712140SEA,RS,SEA,342.0,,9,22,-13
199712140SEA,RS,SEA,367.0,,11,22,-11
199712140SEA,RS,SEA,384.0,,11,24,-13
199712140SEA,RS,SEA,417.0,,11,26,-15
199712140SEA,RS,SEA,492.0,,14,26,-12
199712140SEA,RS,SEA,526.0,,16,26,-10
199712140SEA,RS,SEA,555.0,,18,26,-8
199712140SEA,RS,SEA,666.0,,18,28,-10
199712140SEA,RS,SEA,671.0,,18,30,-12
199712140SEA,RS,SEA,699.0,,18,33,-15
199712140SEA,RS,SEA,757.0,,20,33,-13
199712140SEA,RS,SEA,777.0,,22,33,-11
199712140SEA,RS,SEA,793.0,,22,35,-13
199712140SEA,RS,SEA,815.0,,24,35,-11
199712140SEA,RS,SEA,829.0,,24,36,-12
199712140SEA,RS,SEA,829.0,,24,37,-13
199712140SEA,RS,SEA,842.0,,26,37,-11
199712140SEA,RS,SEA,916.0,,28,37,-9
199712140SEA,RS,SEA,933.0,,28,39,-11
199712140SEA,RS,SEA,958.0,,30,39,-9
199712140SEA,RS,SEA,995.0,,33,39,-6
199712140SEA,RS,SEA,1024.0,,33,42,-9
199712140SEA,RS,SEA,1033.0,,35,42,-7
199712140SEA,RS,SEA,1053.0,,35,43,-8
199712140SEA,RS,SEA,1097.0,,35,45,-10
199712140SEA,RS,SEA,1113.0,,37,45,-8
199712140SEA,RS,SEA,1169.0,,37,48,-11
199712140SEA,RS,SEA,1218.0,,40,48,-8
199712140SEA,RS,SEA,1240.0,,40,50,-10
199712140SEA,RS,SEA,1262.0,,40,53,-13
199712140SEA,RS,SEA,1279.0,,43,53,-10
199712140SEA,RS,SEA,1324.0,,45,53,-8
199712140SEA,RS,SEA,1350.0,,47,53,-6
199712140SEA,RS,SEA,1358.0,,47,55,-8
199712140SEA,RS,SEA,1365.0,,49,55,-6
199712140SEA,RS,SEA,1380.0,,49,57,-8
199712140SEA,RS,SEA,1416.0,,49,58,-9
199712140SEA,RS,SEA,1424.0,,50,58,-8
199712140SEA,RS,SEA,1424.0,,51,58,-7
199712140SEA,RS,SEA,1440.0,,51,60,-9
199712140SEA,RS,SEA,1450.0,,53,60,-7
199712140SEA,RS,SEA,1477.0,,55,60,-5
199712140SEA,RS,SEA,1606.0,,55,62,-7
199712140SEA,RS,SEA,1629.0,,58,62,-4
199712140SEA,RS,SEA,1664.0,,60,62,-2
199712140SEA,RS,SEA,1697.0,T,62,62,0
199712140SEA,RS,SEA,1727.0,LC,64,62,2
199712140SEA,RS,SEA,1744.0,T,64,64,0
199712140SEA,RS,SEA,1760.0,,66,64,2
199712140SEA,RS,SEA,1794.0,,68,64,4
199712140SEA,RS,SEA,1794.0,,69,64,5
199712140SEA,RS,SEA,1805.0,,69,67,2
199712140SEA,RS,SEA,1819.0,,71,67,4
199712140SEA,RS,SEA,1829.0,,71,69,2
199712140SEA,RS,SEA,1849.0,,72,69,3
199712140SEA,RS,SEA,1880.0,,74,69,5
199712140SEA,RS,SEA,1896.0,,74,71,3
199712140SEA,RS,SEA,1931.0,,77,71,6
199712140SEA,RS,SEA,1950.0,,77,72,5
199712140SEA,RS,SEA,1950.0,,77,73,4
199712140SEA,RS,SEA,1969.0,,78,73,5
199712140SEA,RS,SEA,1969.0,,79,73,6
199712140SEA,RS,SEA,1978.0,,79,74,5
199712140SEA,RS,SEA,1978.0,,79,75,4
199712140SEA,RS,SEA,2008.0,,81,75,6
199712140SEA,RS,SEA,2021.0,,81,76,5
199712140SEA,RS,SEA,2021.0,,81,77,4
199712140SEA,RS,SEA,2076.0,,84,77,7
199712140SEA,RS,SEA,2116.0,,85,77,8
199712140SEA,RS,SEA,2116.0,,86,77,9
199712140SEA,RS,SEA,2126.0,,86,80,6
199712140SEA,RS,SEA,2159.0,,86,81,5
199712140SEA,RS,SEA,2159.0,,86,82,4
199712140SEA,RS,SEA,2159.0,,86,83,3
199712140SEA,RS,SEA,2236.0,T,86,86,0
199712140SEA,RS,SEA,2284.0,LC,86,88,-2
199712140SEA,RS,SEA,2362.0,,86,90,-4
199712140SEA,RS,SEA,2420.0,,86,92,-6
199712140SEA,RS,SEA,2449.0,,86,94,-8
199712140SEA,RS,SEA,2505.0,,87,94,-7
199712140SEA,RS,SEA,2532.0,,87,97,-10
199712140SEA,RS,SEA,2591.0,,90,97,-7
199712140SEA,RS,SEA,2671.0,,92,97,-5
199712140SEA,RS,SEA,2696.0,,92,100,-8
199712140SEA,RS,SEA,2731.0,,92,102,-10
199712140SEA,RS,SEA,2743.0,,94,102,-8
199712140SEA,RS,SEA,2805.0,,97,102,-5
199712140SEA,RS,SEA,2853.0,,97,103,-6
199712140SEA,RS,SEA,2859.0,,98,103,-5
199712140SEA,RS,SEA,2859.0,,99,103,-4
199712140SEA,RS,SEA,2861.0,,99,104,-5
199712140SEA,RS,SEA,2861.0,,99,105,-6
199712140SEA,RS,SEA,2875.0,,101,105,-4
199712140SEA,RS,SEA,2876.0,,101,106,-5
199712140SEA,RS,SEA,2876.0,F,101,107,-6
199712140SEA,RS,SEA,2880.0,,101,107,-6
199712160LAC,RS,SEA,0.0,,0,0,0
199712160LAC,RS,SEA,16.0,,2,0,2
199712160LAC,RS,SEA,51.0,,5,0,5
199712160LAC,RS,SEA,66.0,,5,2,3
199712160LAC,RS,SEA,81.0,,7,2,5
199712160LAC,RS,SEA,94.0,,7,4,3
199712160LAC,RS,SEA,143.0,,7,6,1
199712160LAC,RS,SEA,194.0,LC,7,8,-1
199712160LAC,RS,SEA,203.0,LC,9,8,1
199712160LAC,RS,SEA,212.0,LC,9,10,-1
199712160LAC,RS,SEA,274.0,,9,12,-3
199712160LAC,RS,SEA,313.0,,9,15,-6
199712160LAC,RS,SEA,338.0,,9,17,-8
199712160LAC,RS,SEA,359.0,,10,17,-7
199712160LAC,RS,SEA,375.0,,10,19,-9
199712160LAC,RS,SEA,456.0,,10,21,-11
199712160LAC,RS,SEA,480.0,,12,21,-9
199712160LAC,RS,SEA,502.0,,15,21,-6
199712160LAC,RS,SEA,552.0,,18,21,-3
199712160LAC,RS,SEA,574.0,T,21,21,0
199712160LAC,RS,SEA,588.0,,21,24,-3
199712160LAC,RS,SEA,617.0,,21,26,-5
199712160LAC,RS,SEA,626.0,,23,26,-3
199712160LAC,RS,SEA,662.0,,25,26,-1
199712160LAC,RS,SEA,667.0,,25,28,-3
199712160LAC,RS,SEA,672.0,T,28,28,0
199712160LAC,RS,SEA,690.0,,28,30,-2
199712160LAC,RS,SEA,718.0,,28,31,-3
199712160LAC,RS,SEA,718.0,,28,32,-4
199712160LAC,RS,SEA,770.0,,30,32,-2
199712160LAC,RS,SEA,784.0,,30,34,-4
199712160LAC,RS,SEA,796.0,,32,34,-2
199712160LAC,RS,SEA,811.0,,32,36,-4
199712160LAC,RS,SEA,836.0,,32,38,-6
199712160LAC,RS,SEA,855.0,,33,38,-5
199712160LAC,RS,SEA,855.0,,34,38,-4
199712160LAC,RS,SEA,866.0,,34,40,-6
199712160LAC,RS,SEA,883.0,,35,40,-5
199712160LAC,RS,SEA,883.0,,36,40,-4
199712160LAC,RS,SEA,904.0,,36,42,-6
199712160LAC,RS,SEA,923.0,,39,42,-3
199712160LAC,RS,SEA,961.0,,41,42,-1
199712160LAC,RS,SEA,975.0,,41,44,-3
199712160LAC,RS,SEA,996.0,,43,44,-1
199712160LAC,RS,SEA,1002.0,,43,46,-3
199712160LAC,RS,SEA,1031.0,,45,46,-1
199712160LAC,RS,SEA,1125.0,,45,48,-3
199712160LAC,RS,SEA,1146.0,,47,48,-1
199712160LAC,RS,SEA,1197.0,,47,49,-2
199712160LAC,RS,SEA,1197.0,,47,50,-3
199712160LAC,RS,SEA,1208.0,,47,53,-6
199712160LAC,RS,SEA,1225.0,,49,53,-4
199712160LAC,RS,SEA,1260.0,,51,53,-2
199712160LAC,RS,SEA,1299.0,,51,56,-5
199712160LAC,RS,SEA,1335.0,,51,57,-6
199712160LAC,RS,SEA,1335.0,,51,58,-7
199712160LAC,RS,SEA,1357.0,,53,58,-5
199712160LAC,RS,SEA,1364.0,,53,59,-6
199712160LAC,RS,SEA,1364.0,,53,60,-7
199712160LAC,RS,SEA,1395.0,,53,61,-8
199712160LAC,RS,SEA,1440.0,,53,64,-11
199712160LAC,RS,SEA,1458.0,,53,67,-14
199712160LAC,RS,SEA,1489.0,,55,67,-12
199712160LAC,RS,SEA,1543.0,,55,69,-14
199712160LAC,RS,SEA,1621.0,,55,70,-15
199712160LAC,RS,SEA,1654.0,,57,70,-13
199712160LAC,RS,SEA,1676.0,,57,72,-15
199712160LAC,RS,SEA,1687.0,,59,72,-13
199712160LAC,RS,SEA,1751.0,,59,74,-15
199712160LAC,RS,SEA,1868.0,,61,74,-13
199712160LAC,RS,SEA,1885.0,,61,76,-15
199712160LAC,RS,SEA,1944.0,,61,77,-16
199712160LAC,RS,SEA,1956.0,,64,77,-13
199712160LAC,RS,SEA,1975.0,,65,77,-12
199712160LAC,RS,SEA,1975.0,,66,77,-11
199712160LAC,RS,SEA,2052.0,,67,77,-10
199712160LAC,RS,SEA,2052.0,,68,77,-9
199712160LAC,RS,SEA,2066.0,,68,78,-10
199712160LAC,RS,SEA,2066.0,,68,79,-11
199712160LAC,RS,SEA,2125.0,,69,79,-10
199712160LAC,RS,SEA,2125.0,,70,79,-9
199712160LAC,RS,SEA,2153.0,,70,80,-10
199712160LAC,RS,SEA,2160.0,,73,80,-7
199712160LAC,RS,SEA,2186.0,,73,81,-8
199712160LAC,RS,SEA,2186.0,,73,82,-9
199712160LAC,RS,SEA,2221.0,,73,83,-10
199712160LAC,RS,SEA,2221.0,,73,84,-11
199712160LAC,RS,SEA,2241.0,,73,86,-13
199712160LAC,RS,SEA,2297.0,,75,86,-11
199712160LAC,RS,SEA,2303.0,,75,88,-13
199712160LAC,RS,SEA,2424.0,,76,88,-12
199712160LAC,RS,SEA,2426.0,,77,88,-11
199712160LAC,RS,SEA,2426.0,,78,88,-10
199712160LAC,RS,SEA,2439.0,,78,89,-11
199712160LAC,RS,SEA,2455.0,,80,89,-9
199712160LAC,RS,SEA,2457.0,,80,90,-10
199712160LAC,RS,SEA,2491.0,,80,92,-12
199712160LAC,RS,SEA,2504.0,,82,92,-10
199712160LAC,RS,SEA,2555.0,,82,93,-11
199712160LAC,RS,SEA,2555.0,,82,94,-12
199712160LAC,RS,SEA,2569.0,,84,94,-10
199712160LAC,RS,SEA,2590.0,,84,97,-13
199712160LAC,RS,SEA,2622.0,,84,99,-15
199712160LAC,RS,SEA,2634.0,,86,99,-13
199712160LAC,RS,SEA,2656.0,,87,99,-12
199712160LAC,RS,SEA,2711.0,,87,101,-14
199712160LAC,RS,SEA,2726.0,,89,101,-12
199712160LAC,RS,SEA,2757.0,,90,101,-11
199712160LAC,RS,SEA,2789.0,,92,101,-9
199712160LAC,RS,SEA,2806.0,,92,102,-10
199712160LAC,RS,SEA,2806.0,,92,103,-11
199712160LAC,RS,SEA,2825.0,,92,104,-12
199712160LAC,RS,SEA,2825.0,,92,105,-13
199712160LAC,RS,SEA,2833.0,,93,105,-12
199712160LAC,RS,SEA,2833.0,,94,105,-11
199712160LAC,RS,SEA,2839.0,,94,106,-12
199712160LAC,RS,SEA,2839.0,,94,107,-13
199712160LAC,RS,SEA,2865.0,F,94,109,-15
199712160LAC,RS,SEA,2873.0,,94,109,-15
199712180LAC,RS,GSW,0.0,,0,0,0
199712180LAC,RS,GSW,28.0,,3,0,3
199712180LAC,RS,GSW,51.0,,3,2,1
199712180LAC,RS,GSW,51.0,T,3,3,0
199712180LAC,RS,GSW,71.0,,5,3,2
199712180LAC,RS,GSW,110.0,,7,3,4
199712180LAC,RS,GSW,133.0,,10,3,7
199712180LAC,RS,GSW,185.0,,10,5,5
199712180LAC,RS,GSW,207.0,,13,5,8
199712180LAC,RS,GSW,236.0,,15,5,10
199712180LAC,RS,GSW,236.0,,16,5,11
199712180LAC,RS,GSW,249.0,,16,7,9
199712180LAC,RS,GSW,308.0,,18,7,11
199712180LAC,RS,GSW,335.0,,20,7,13
199712180LAC,RS,GSW,390.0,,22,7,15
199712180LAC,RS,GSW,416.0,,24,7,17
199712180LAC,RS,GSW,500.0,,26,7,19
199712180LAC,RS,GSW,562.0,,26,9,17
199712180LAC,RS,GSW,579.0,,29,9,20
199712180LAC,RS,GSW,600.0,,29,11,18
199712180LAC,RS,GSW,635.0,,31,11,20
199712180LAC,RS,GSW,648.0,,31,13,18
199712180LAC,RS,GSW,708.0,,33,13,20
199712180LAC,RS,GSW,742.0,,33,14,19
199712180LAC,RS,GSW,807.0,,35,14,21
199712180LAC,RS,GSW,836.0,,35,15,20
199712180LAC,RS,GSW,881.0,,35,17,18
199712180LAC,RS,GSW,898.0,,37,17,20
199712180LAC,RS,GSW,949.0,,37,19,18
199712180LAC,RS,GSW,1015.0,,37,21,16
199712180LAC,RS,GSW,1037.0,,37,23,14
199712180LAC,RS,GSW,1078.0,,37,24,13
199712180LAC,RS,GSW,1181.0,,37,25,12
199712180LAC,RS,GSW,1189.0,,38,25,13
199712180LAC,RS,GSW,1219.0,,38,27,11
199712180LAC,RS,GSW,1246.0,,40,27,13
199712180LAC,RS,GSW,1259.0,,40,29,11
199712180LAC,RS,GSW,1281.0,,40,31,9
199712180LAC,RS,GSW,1344.0,,40,32,8
199712180LAC,RS,GSW,1344.0,,40,33,7
199712180LAC,RS,GSW,1359.0,,40,35,5
199712180LAC,RS,GSW,1378.0,,40,37,3
199712180LAC,RS,GSW,1398.0,,43,37,6
199712180LAC,RS,GSW,1416.0,,43,38,5
199712180LAC,RS,GSW,1416.0,,43,39,4
199712180LAC,RS,GSW,1523.0,,43,41,2
199712180LAC,RS,GSW,1601.0,,45,41,4
199712180LAC,RS,GSW,1632.0,,45,43,2
199712180LAC,RS,GSW,1646.0,,46,43,3
199712180LAC,RS,GSW,1646.0,,47,43,4
199712180LAC,RS,GSW,1703.0,,47,45,2
199712180LAC,RS,GSW,1724.0,,50,45,5
199712180LAC,RS,GSW,1771.0,,50,47,3
199712180LAC,RS,GSW,1788.0,,52,47,5
199712180LAC,RS,GSW,1825.0,,54,47,7
199712180LAC,RS,GSW,1873.0,,56,47,9
199712180LAC,RS,GSW,1911.0,,58,47,11
199712180LAC,RS,GSW,1935.0,,60,47,13
199712180LAC,RS,GSW,1949.0,,60,49,11
199712180LAC,RS,GSW,2013.0,,60,51,9
199712180LAC,RS,GSW,2061.0,,60,53,7
199712180LAC,RS,GSW,2089.0,,61,53,8
199712180LAC,RS,GSW,2089.0,,62,53,9
199712180LAC,RS,GSW,2104.0,,62,55,7
199712180LAC,RS,GSW,2117.0,,63,55,8
199712180LAC,RS,GSW,2195.0,,63,57,6
199712180LAC,RS,GSW,2223.0,,63,59,4
199712180LAC,RS,GSW,2265.0,,66,59,7
199712180LAC,RS,GSW,2286.0,,66,60,6
199712180LAC,RS,GSW,2321.0,,66,61,5
199712180LAC,RS,GSW,2379.0,,66,63,3
199712180LAC,RS,GSW,2395.0,,68,63,5
199712180LAC,RS,GSW,2395.0,,69,63,6
199712180LAC,RS,GSW,2412.0,,69,65,4
199712180LAC,RS,GSW,2455.0,,69,67,2
199712180LAC,RS,GSW,2526.0,,69,68,1
199712180LAC,RS,GSW,2536.0,,71,68,3
199712180LAC,RS,GSW,2574.0,,73,68,5
199712180LAC,RS,GSW,2602.0,,75,68,7
199712180LAC,RS,GSW,2641.0,,75,70,5
199712180LAC,RS,GSW,2656.0,,76,70,6
199712180LAC,RS,GSW,2656.0,,77,70,7
199712180LAC,RS,GSW,2686.0,,77,72,5
199712180LAC,RS,GSW,2743.0,,77,74,3
199712180LAC,RS,GSW,2771.0,,78,74,4
199712180LAC,RS,GSW,2818.0,,78,75,3
199712180LAC,RS,GSW,2818.0,,78,76,2
199712180LAC,RS,GSW,2863.0,,79,76,3
199712180LAC,RS,GSW,2863.0,,80,76,4
199712180LAC,RS,GSW,2877.0,,80,78,2
199712180LAC,RS,GSW,2877.0,,81,78,3
199712180LAC,RS,GSW,2877.0,F,82,78,4
199712180LAC,RS,GSW,2880.0,,82,78,4
199712200MIN,RS,MIN,0.0,,0,0,0
199712200MIN,RS,MIN,90.0,,2,0,2
199712200MIN,RS,MIN,112.0,,4,0,4
199712200MIN,RS,MIN,138.0,,5,0,5
199712200MIN,RS,MIN,138.0,,6,0,6
199712200MIN,RS,MIN,153.0,,6,2,4
199712200MIN,RS,MIN,179.0,,8,2,6
199712200MIN,RS,MIN,194.0,,8,4,4
199712200MIN,RS,MIN,226.0,,8,6,2
199712200MIN,RS,MIN,297.0,,10,6,4
199712200MIN,RS,MIN,337.0,,10,8,2
199712200MIN,RS,MIN,379.0,T,10,10,0
199712200MIN,RS,MIN,410.0,LC,10,12,-2
199712200MIN,RS,MIN,432.0,T,12,12,0
199712200MIN,RS,MIN,432.0,LC,13,12,1
199712200MIN,RS,MIN,466.0,,15,12,3
199712200MIN,RS,MIN,510.0,,15,14,1
199712200MIN,RS,MIN,533.0,,18,14,4
199712200MIN,RS,MIN,549.0,,18,16,2
199712200MIN,RS,MIN,636.0,,20,16,4
199712200MIN,RS,MIN,694.0,,20,18,2
199712200MIN,RS,MIN,719.0,T,20,20,0
199712200MIN,RS,MIN,732.0,LC,20,21,-1
199712200MIN,RS,MIN,732.0,,20,22,-2
199712200MIN,RS,MIN,745.0,T,22,22,0
199712200MIN,RS,MIN,745.0,LC,23,22,1
199712200MIN,RS,MIN,756.0,LC,23,24,-1
199712200MIN,RS,MIN,783.0,,23,26,-3
199712200MIN,RS,MIN,847.0,,23,28,-5
199712200MIN,RS,MIN,882.0,,23,29,-6
199712200MIN,RS,MIN,919.0,,23,31,-8
199712200MIN,RS,MIN,928.0,,24,31,-7
199712200MIN,RS,MIN,945.0,,24,33,-9
199712200MIN,RS,MIN,953.0,,27,33,-6
199712200MIN,RS,MIN,997.0,,27,35,-8
199712200MIN,RS,MIN,997.0,,27,36,-9
199712200MIN,RS,MIN,1016.0,,27,38,-11
199712200MIN,RS,MIN,1038.0,,29,38,-9
199712200MIN,RS,MIN,1053.0,,29,39,-10
199712200MIN,RS,MIN,1100.0,,32,39,-7
199712200MIN,RS,MIN,1136.0,,34,39,-5
199712200MIN,RS,MIN,1160.0,,34,41,-7
199712200MIN,RS,MIN,1181.0,,36,41,-5
199712200MIN,RS,MIN,1209.0,,38,41,-3
199712200MIN,RS,MIN,1272.0,,38,43,-5
199712200MIN,RS,MIN,1317.0,,38,45,-7
199712200MIN,RS,MIN,1377.0,,38,47,-9
199712200MIN,RS,MIN,1388.0,,40,47,-7
199712200MIN,RS,MIN,1440.0,,40,49,-9
199712200MIN,RS,MIN,1440.0,,40,50,-10
199712200MIN,RS,MIN,1457.0,,40,52,-12
199712200MIN,RS,MIN,1502.0,,42,52,-10
199712200MIN,RS,MIN,1502.0,,43,52,-9
199712200MIN,RS,MIN,1527.0,,45,52,-7
199712200MIN,RS,MIN,1559.0,,48,52,-4
199712200MIN,RS,MIN,1572.0,,49,52,-3
199712200MIN,RS,MIN,1572.0,,50,52,-2
199712200MIN,RS,MIN,1613.0,T,52,52,0
199712200MIN,RS,MIN,1643.0,,52,53,-1
199712200MIN,RS,MIN,1643.0,,52,54,-2
199712200MIN,RS,MIN,1657.0,LC,55,54,1
199712200MIN,RS,MIN,1673.0,LC,55,56,-1
199712200MIN,RS,MIN,1711.0,T,56,56,0
199712200MIN,RS,MIN,1711.0,LC,57,56,1
199712200MIN,RS,MIN,1775.0,T,57,57,0
199712200MIN,RS,MIN,1796.0,,59,57,2
199712200MIN,RS,MIN,1812.0,,59,58,1
199712200MIN,RS,MIN,1812.0,T,59,59,0
199712200MIN,RS,MIN,1847.0,LC,59,61,-2
199712200MIN,RS,MIN,1876.0,,59,63,-4
199712200MIN,RS,MIN,1930.0,,61,63,-2
199712200MIN,RS,MIN,1958.0,T,63,63,0
199712200MIN,RS,MIN,2017.0,LC,64,63,1
199712200MIN,RS,MIN,2017.0,,65,63,2
199712200MIN,RS,MIN,2034.0,T,65,65,0
199712200MIN,RS,MIN,2094.0,,68,65,3
199712200MIN,RS,MIN,2191.0,,68,66,2
199712200MIN,RS,MIN,2216.0,,70,66,4
199712200MIN,RS,MIN,2286.0,,70,68,2
199712200MIN,RS,MIN,2308.0,,72,68,4
199712200MIN,RS,MIN,2325.0,,72,70,2
199712200MIN,RS,MIN,2351.0,,72,71,1
199712200MIN,RS,MIN,2351.0,T,72,72,0
199712200MIN,RS,MIN,2390.0,,74,72,2
199712200MIN,RS,MIN,2435.0,T,74,74,0
199712200MIN,RS,MIN,2452.0,,76,74,2
199712200MIN,RS,MIN,2465.0,LC,76,77,-1
199712200MIN,RS,MIN,2495.0,,76,80,-4
199712200MIN,RS,MIN,2521.0,,78,80,-2
199712200MIN,RS,MIN,2543.0,,78,82,-4
199712200MIN,RS,MIN,2576.0,,78,84,-6
199712200MIN,RS,MIN,2630.0,,80,84,-4
199712200MIN,RS,MIN,2681.0,,82,84,-2
199712200MIN,RS,MIN,2726.0,T,84,84,0
199712200MIN,RS,MIN,2743.0,,84,86,-2
199712200MIN,RS,MIN,2765.0,LC,87,86,1
199712200MIN,RS,MIN,2776.0,LC,87,88,-1
199712200MIN,RS,MIN,2793.0,LC,89,88,1
199712200MIN,RS,MIN,2863.0,,91,88,3
199712200MIN,RS,MIN,2869.0,,91,90,1
199712200MIN,RS,MIN,2875.0,F,91,92,-1
199712200MIN,RS,MIN,2880.0,,91,92,-1
199712210BOS,RS,BOS,0.0,,0,0,0
199712210BOS,RS,BOS,14.0,,0,2,-2
199712210BOS,RS,BOS,55.0,,0,4,-4
199712210BOS,RS,BOS,78.0,,0,7,-7
199712210BOS,RS,BOS,140.0,,1,7,-6
199712210BOS,RS,BOS,140.0,,2,7,-5
199712210BOS,RS,BOS,171.0,,2,9,-7
199712210BOS,RS,BOS,208.0,,2,11,-9
199712210BOS,RS,BOS,238.0,,4,11,-7
199712210BOS,RS,BOS,268.0,,7,11,-4
199712210BOS,RS,BOS,338.0,,8,11,-3
199712210BOS,RS,BOS,351.0,,8,13,-5
199712210BOS,RS,BOS,417.0,,8,15,-7
199712210BOS,RS,BOS,450.0,,10,15,-5
199712210BOS,RS,BOS,462.0,,10,17,-7
199712210BOS,RS,BOS,518.0,,11,17,-6
199712210BOS,RS,BOS,518.0,,12,17,-5
199712210BOS,RS,BOS,581.0,,14,17,-3
199712210BOS,RS,BOS,624.0,,16,17,-1
199712210BOS,RS,BOS,652.0,LC,18,17,1
199712210BOS,RS,BOS,674.0,,19,17,2
199712210BOS,RS,BOS,674.0,,20,17,3
199712210BOS,RS,BOS,717.0,,20,19,1
199712210BOS,RS,BOS,739.0,,22,19,3
199712210BOS,RS,BOS,746.0,,22,21,1
199712210BOS,RS,BOS,773.0,LC,22,23,-1
199712210BOS,RS,BOS,797.0,T,23,23,0
199712210BOS,RS,BOS,808.0,,23,25,-2
199712210BOS,RS,BOS,821.0,T,25,25,0
199712210BOS,RS,BOS,850.0,,25,27,-2
199712210BOS,RS,BOS,864.0,T,27,27,0
199712210BOS,RS,BOS,900.0,LC,29,27,2
199712210BOS,RS,BOS,917.0,T,29,29,0
199712210BOS,RS,BOS,928.0,,31,29,2
199712210BOS,RS,BOS,996.0,,31,30,1
199712210BOS,RS,BOS,996.0,T,31,31,0
199712210BOS,RS,BOS,1002.0,,33,31,2
199712210BOS,RS,BOS,1020.0,LC,33,34,-1
199712210BOS,RS,BOS,1044.0,T,34,34,0
199712210BOS,RS,BOS,1044.0,LC,35,34,1
199712210BOS,RS,BOS,1091.0,,37,34,3
199712210BOS,RS,BOS,1099.0,,37,35,2
199712210BOS,RS,BOS,1099.0,,37,36,1
199712210BOS,RS,BOS,1125.0,,39,36,3
199712210BOS,RS,BOS,1149.0,,39,38,1
199712210BOS,RS,BOS,1178.0,LC,39,40,-1
199712210BOS,RS,BOS,1190.0,LC,41,40,1
199712210BOS,RS,BOS,1211.0,T,41,41,0
199712210BOS,RS,BOS,1264.0,,43,41,2
199712210BOS,RS,BOS,1285.0,T,43,43,0
199712210BOS,RS,BOS,1344.0,,44,43,1
199712210BOS,RS,BOS,1391.0,,46,43,3
199712210BOS,RS,BOS,1410.0,,46,44,2
199712210BOS,RS,BOS,1436.0,T,46,46,0
199712210BOS,RS,BOS,1455.0,,47,46,1
199712210BOS,RS,BOS,1497.0,LC,47,48,-1
199712210BOS,RS,BOS,1517.0,LC,49,48,1
199712210BOS,RS,BOS,1532.0,,51,48,3
199712210BOS,RS,BOS,1553.0,,51,50,1
199712210BOS,RS,BOS,1603.0,,53,50,3
199712210BOS,RS,BOS,1721.0,,53,51,2
199712210BOS,RS,BOS,1721.0,,53,52,1
199712210BOS,RS,BOS,1792.0,T,53,53,0
199712210BOS,RS,BOS,1801.0,,55,53,2
199712210BOS,RS,BOS,1831.0,,57,53,4
199712210BOS,RS,BOS,1852.0,,57,55,2
199712210BOS,RS,BOS,1873.0,,59,55,4
199712210BOS,RS,BOS,1873.0,,60,55,5
199712210BOS,RS,BOS,1882.0,,60,57,3
199712210BOS,RS,BOS,1937.0,,60,59,1
199712210BOS,RS,BOS,1964.0,LC,60,61,-1
199712210BOS,RS,BOS,1990.0,,60,63,-3
199712210BOS,RS,BOS,2066.0,,62,63,-1
199712210BOS,RS,BOS,2110.0,T,63,63,0
199712210BOS,RS,BOS,2110.0,LC,64,63,1
199712210BOS,RS,BOS,2160.0,LC,64,66,-2
199712210BOS,RS,BOS,2215.0,,64,68,-4
199712210BOS,RS,BOS,2242.0,,64,70,-6
199712210BOS,RS,BOS,2250.0,,66,70,-4
199712210BOS,RS,BOS,2271.0,,66,72,-6
199712210BOS,RS,BOS,2288.0,,66,73,-7
199712210BOS,RS,BOS,2288.0,,66,74,-8
199712210BOS,RS,BOS,2308.0,,66,76,-10
199712210BOS,RS,BOS,2347.0,,67,76,-9
199712210BOS,RS,BOS,2347.0,,68,76,-8
199712210BOS,RS,BOS,2364.0,,68,78,-10
199712210BOS,RS,BOS,2419.0,,68,80,-12
199712210BOS,RS,BOS,2436.0,,68,82,-14
199712210BOS,RS,BOS,2551.0,,68,84,-16
199712210BOS,RS,BOS,2551.0,,68,85,-17
199712210BOS,RS,BOS,2563.0,,71,85,-14
199712210BOS,RS,BOS,2631.0,,71,87,-16
199712210BOS,RS,BOS,2676.0,,71,89,-18
199712210BOS,RS,BOS,2717.0,,71,90,-19
199712210BOS,RS,BOS,2739.0,,73,90,-17
199712210BOS,RS,BOS,2752.0,,73,93,-20
199712210BOS,RS,BOS,2772.0,,74,93,-19
199712210BOS,RS,BOS,2792.0,,74,95,-21
199712210BOS,RS,BOS,2835.0,,75,95,-20
199712210BOS,RS,BOS,2843.0,,75,97,-22
199712210BOS,RS,BOS,2851.0,,77,97,-20
199712210BOS,RS,BOS,2855.0,,77,98,-21
199712210BOS,RS,BOS,2855.0,F,77,99,-22
199712210BOS,RS,BOS,2878.0,,77,99,-22
199712230CHI,RS,CHI,0.0,,0,0,0
199712230CHI,RS,CHI,49.0,,3,0,3
199712230CHI,RS,CHI,91.0,,5,0,5
199712230CHI,RS,CHI,147.0,,6,0,6
199712230CHI,RS,CHI,147.0,,7,0,7
199712230CHI,RS,CHI,154.0,,7,2,5
199712230CHI,RS,CHI,170.0,,9,2,7
199712230CHI,RS,CHI,182.0,,9,4,5
199712230CHI,RS,CHI,189.0,,10,4,6
199712230CHI,RS,CHI,189.0,,11,4,7
199712230CHI,RS,CHI,226.0,,11,6,5
199712230CHI,RS,CHI,250.0,,13,6,7
199712230CHI,RS,CHI,258.0,,13,8,5
199712230CHI,RS,CHI,258.0,,13,9,4
199712230CHI,RS,CHI,278.0,,15,9,6
199712230CHI,RS,CHI,353.0,,17,9,8
199712230CHI,RS,CHI,377.0,,19,9,10
199712230CHI,RS,CHI,397.0,,19,11,8
199712230CHI,RS,CHI,415.0,,21,11,10
199712230CHI,RS,CHI,434.0,,21,13,8
199712230CHI,RS,CHI,463.0,,21,15,6
199712230CHI,RS,CHI,496.0,,22,15,7
199712230CHI,RS,CHI,571.0,,23,15,8
199712230CHI,RS,CHI,589.0,,23,17,6
199712230CHI,RS,CHI,650.0,,23,19,4
199712230CHI,RS,CHI,700.0,,24,19,5
199712230CHI,RS,CHI,748.0,,24,21,3
199712230CHI,RS,CHI,760.0,,26,21,5
199712230CHI,RS,CHI,792.0,,28,21,7
199712230CHI,RS,CHI,810.0,,28,23,5
199712230CHI,RS,CHI,848.0,,28,24,4
199712230CHI,RS,CHI,848.0,,28,25,3
199712230CHI,RS,CHI,876.0,,29,25,4
199712230CHI,RS,CHI,910.0,,31,25,6
199712230CHI,RS,CHI,924.0,,31,27,4
199712230CHI,RS,CHI,1045.0,,34,27,7
199712230CHI,RS,CHI,1075.0,,34,30,4
199712230CHI,RS,CHI,1096.0,,36,30,6
199712230CHI,RS,CHI,1172.0,,37,30,7
199712230CHI,RS,CHI,1172.0,,38,30,8
199712230CHI,RS,CHI,1181.0,,38,31,7
199712230CHI,RS,CHI,1204.0,,39,31,8
199712230CHI,RS,CHI,1222.0,,39,33,6
199712230CHI,RS,CHI,1244.0,,41,33,8
199712230CHI,RS,CHI,1266.0,,41,34,7
199712230CHI,RS,CHI,1266.0,,41,35,6
199712230CHI,RS,CHI,1323.0,,43,35,8
199712230CHI,RS,CHI,1323.0,,44,35,9
199712230CHI,RS,CHI,1339.0,,45,35,10
199712230CHI,RS,CHI,1377.0,,45,36,9
199712230CHI,RS,CHI,1377.0,,45,37,8
199712230CHI,RS,CHI,1393.0,,47,37,10
199712230CHI,RS,CHI,1407.0,,47,39,8
199712230CHI,RS,CHI,1422.0,,48,39,9
199712230CHI,RS,CHI,1438.0,,49,39,10
199712230CHI,RS,CHI,1501.0,,49,41,8
199712230CHI,RS,CHI,1599.0,,49,43,6
199712230CHI,RS,CHI,1599.0,,49,44,5
199712230CHI,RS,CHI,1647.0,,49,46,3
199712230CHI,RS,CHI,1684.0,,49,48,1
199712230CHI,RS,CHI,1725.0,,51,48,3
199712230CHI,RS,CHI,1725.0,,52,48,4
199712230CHI,RS,CHI,1820.0,,55,48,7
199712230CHI,RS,CHI,1842.0,,55,50,5
199712230CHI,RS,CHI,1863.0,,56,50,6
199712230CHI,RS,CHI,1863.0,,57,50,7
199712230CHI,RS,CHI,1922.0,,57,52,5
199712230CHI,RS,CHI,1976.0,,58,52,6
199712230CHI,RS,CHI,1976.0,,59,52,7
199712230CHI,RS,CHI,1990.0,,59,54,5
199712230CHI,RS,CHI,2011.0,,61,54,7
199712230CHI,RS,CHI,2043.0,,61,56,5
199712230CHI,RS,CHI,2068.0,,62,56,6
199712230CHI,RS,CHI,2068.0,,63,56,7
199712230CHI,RS,CHI,2090.0,,63,57,6
199712230CHI,RS,CHI,2090.0,,63,58,5
199712230CHI,RS,CHI,2113.0,,65,58,7
199712230CHI,RS,CHI,2160.0,,65,60,5
199712230CHI,RS,CHI,2184.0,,67,60,7
199712230CHI,RS,CHI,2264.0,,67,62,5
199712230CHI,RS,CHI,2282.0,,67,63,4
199712230CHI,RS,CHI,2282.0,,67,64,3
199712230CHI,RS,CHI,2296.0,,69,64,5
199712230CHI,RS,CHI,2324.0,,69,66,3
199712230CHI,RS,CHI,2350.0,,71,66,5
199712230CHI,RS,CHI,2367.0,,71,68,3
199712230CHI,RS,CHI,2401.0,,72,68,4
199712230CHI,RS,CHI,2416.0,,72,70,2
199712230CHI,RS,CHI,2424.0,,74,70,4
199712230CHI,RS,CHI,2449.0,,75,70,5
199712230CHI,RS,CHI,2449.0,,76,70,6
199712230CHI,RS,CHI,2467.0,,76,72,4
199712230CHI,RS,CHI,2496.0,,78,72,6
199712230CHI,RS,CHI,2520.0,,79,72,7
199712230CHI,RS,CHI,2531.0,,79,75,4
199712230CHI,RS,CHI,2564.0,,79,77,2
199712230CHI,RS,CHI,2583.0,,80,77,3
199712230CHI,RS,CHI,2583.0,,81,77,4
199712230CHI,RS,CHI,2599.0,,81,79,2
199712230CHI,RS,CHI,2636.0,,81,80,1
199712230CHI,RS,CHI,2636.0,T,81,81,0
199712230CHI,RS,CHI,2671.0,LC,81,82,-1
199712230CHI,RS,CHI,2732.0,T,82,82,0
199712230CHI,RS,CHI,2732.0,LC,83,82,1
199712230CHI,RS,CHI,2745.0,T,83,83,0
199712230CHI,RS,CHI,2795.0,LC,83,85,-2
199712230CHI,RS,CHI,2820.0,,83,87,-4
199712230CHI,RS,CHI,2851.0,,83,89,-6
199712230CHI,RS,CHI,2860.0,,85,89,-4
199712230CHI,RS,CHI,2861.0,,85,90,-5
199712230CHI,RS,CHI,2861.0,,85,91,-6
199712230CHI,RS,CHI,2869.0,,87,91,-4
199712230CHI,RS,CHI,2871.0,,87,92,-5
199712230CHI,RS,CHI,2875.0,,89,92,-3
199712230CHI,RS,CHI,2877.0,,89,93,-4
199712230CHI,RS,CHI,2877.0,F,89,94,-5
199712230CHI,RS,CHI,2880.0,,89,94,-5
199712260LAL,RS,LAL,0.0,,0,0,0
199712260LAL,RS,LAL,40.0,,3,0,3
199712260LAL,RS,LAL,58.0,,3,2,1
199712260LAL,RS,LAL,74.0,,5,2,3
199712260LAL,RS,LAL,122.0,T,5,5,0
199712260LAL,RS,LAL,132.0,LC,5,7,-2
199712260LAL,RS,LAL,149.0,T,7,7,0
199712260LAL,RS,LAL,222.0,,7,10,-3
199712260LAL,RS,LAL,248.0,,7,12,-5
199712260LAL,RS,LAL,248.0,,7,13,-6
199712260LAL,RS,LAL,270.0,,8,13,-5
199712260LAL,RS,LAL,270.0,,9,13,-4
199712260LAL,RS,LAL,283.0,,9,15,-6
199712260LAL,RS,LAL,336.0,,11,15,-4
199712260LAL,RS,LAL,336.0,,12,15,-3
199712260LAL,RS,LAL,354.0,,14,15,-1
199712260LAL,RS,LAL,398.0,LC,16,15,1
199712260LAL,RS,LAL,416.0,LC,16,17,-1
199712260LAL,RS,LAL,437.0,LC,18,17,1
199712260LAL,RS,LAL,450.0,T,18,18,0
199712260LAL,RS,LAL,450.0,LC,18,19,-1
199712260LAL,RS,LAL,466.0,LC,21,19,2
199712260LAL,RS,LAL,492.0,T,21,21,0
199712260LAL,RS,LAL,518.0,LC,21,22,-1
199712260LAL,RS,LAL,541.0,T,22,22,0
199712260LAL,RS,LAL,605.0,LC,25,22,3
199712260LAL,RS,LAL,622.0,,26,22,4
199712260LAL,RS,LAL,622.0,,27,22,5
199712260LAL,RS,LAL,634.0,,27,24,3
199712260LAL,RS,LAL,682.0,,29,24,5
199712260LAL,RS,LAL,690.0,,29,26,3
199712260LAL,RS,LAL,717.0,,32,26,6
199712260LAL,RS,LAL,750.0,,32,28,4
199712260LAL,RS,LAL,785.0,,32,30,2
199712260LAL,RS,LAL,809.0,,34,30,4
199712260LAL,RS,LAL,823.0,,36,30,6
199712260LAL,RS,LAL,837.0,,36,31,5
199712260LAL,RS,LAL,837.0,,36,32,4
199712260LAL,RS,LAL,873.0,,38,32,6
199712260LAL,RS,LAL,892.0,,38,34,4
199712260LAL,RS,LAL,904.0,,40,34,6
199712260LAL,RS,LAL,925.0,,41,34,7
199712260LAL,RS,LAL,939.0,,41,35,6
199712260LAL,RS,LAL,997.0,,41,36,5
199712260LAL,RS,LAL,1024.0,,41,38,3
199712260LAL,RS,LAL,1060.0,,43,38,5
199712260LAL,RS,LAL,1115.0,,44,38,6
199712260LAL,RS,LAL,1115.0,,45,38,7
199712260LAL,RS,LAL,1125.0,,45,40,5
199712260LAL,RS,LAL,1200.0,,47,40,7
199712260LAL,RS,LAL,1252.0,,47,42,5
199712260LAL,RS,LAL,1275.0,,48,42,6
199712260LAL,RS,LAL,1297.0,,48,44,4
199712260LAL,RS,LAL,1311.0,,51,44,7
199712260LAL,RS,LAL,1328.0,,51,45,6
199712260LAL,RS,LAL,1357.0,,51,47,4
199712260LAL,RS,LAL,1387.0,,53,47,6
199712260LAL,RS,LAL,1391.0,,53,48,5
199712260LAL,RS,LAL,1391.0,,53,49,4
199712260LAL,RS,LAL,1415.0,,55,49,6
199712260LAL,RS,LAL,1463.0,,57,49,8
199712260LAL,RS,LAL,1494.0,,59,49,10
199712260LAL,RS,LAL,1512.0,,59,51,8
199712260LAL,RS,LAL,1541.0,,59,53,6
199712260LAL,RS,LAL,1571.0,,59,56,3
199712260LAL,RS,LAL,1603.0,,62,56,6
199712260LAL,RS,LAL,1614.0,,62,58,4
199712260LAL,RS,LAL,1626.0,,65,58,7
199712260LAL,RS,LAL,1648.0,,65,61,4
199712260LAL,RS,LAL,1671.0,,67,61,6
199712260LAL,RS,LAL,1677.0,,67,63,4
199712260LAL,RS,LAL,1700.0,,69,63,6
199712260LAL,RS,LAL,1707.0,,69,66,3
199712260LAL,RS,LAL,1727.0,,70,66,4
199712260LAL,RS,LAL,1727.0,,71,66,5
199712260LAL,RS,LAL,1756.0,,73,66,7
199712260LAL,RS,LAL,1801.0,,75,66,9
199712260LAL,RS,LAL,1811.0,,75,69,6
199712260LAL,RS,LAL,1822.0,,78,69,9
199712260LAL,RS,LAL,1840.0,,78,70,8
199712260LAL,RS,LAL,1840.0,,78,71,7
199712260LAL,RS,LAL,1854.0,,80,71,9
199712260LAL,RS,LAL,1898.0,,82,71,11
199712260LAL,RS,LAL,1917.0,,82,74,8
199712260LAL,RS,LAL,1943.0,,84,74,10
199712260LAL,RS,LAL,1973.0,,85,74,11
199712260LAL,RS,LAL,1973.0,,86,74,12
199712260LAL,RS,LAL,1984.0,,86,76,10
199712260LAL,RS,LAL,1998.0,,88,76,12
199712260LAL,RS,LAL,2013.0,,88,78,10
199712260LAL,RS,LAL,2031.0,,88,80,8
199712260LAL,RS,LAL,2060.0,,88,83,5
199712260LAL,RS,LAL,2095.0,,88,84,4
199712260LAL,RS,LAL,2119.0,,88,87,1
199712260LAL,RS,LAL,2144.0,,90,87,3
199712260LAL,RS,LAL,2158.0,,90,88,2
199712260LAL,RS,LAL,2210.0,,92,88,4
199712260LAL,RS,LAL,2242.0,,93,88,5
199712260LAL,RS,LAL,2275.0,,93,90,3
199712260LAL,RS,LAL,2293.0,,95,90,5
199712260LAL,RS,LAL,2317.0,,95,93,2
199712260LAL,RS,LAL,2393.0,,97,93,4
199712260LAL,RS,LAL,2450.0,,97,94,3
199712260LAL,RS,LAL,2450.0,,97,95,2
199712260LAL,RS,LAL,2528.0,,100,95,5
199712260LAL,RS,LAL,2543.0,,100,97,3
199712260LAL,RS,LAL,2572.0,,102,97,5
199712260LAL,RS,LAL,2594.0,,104,97,7
199712260LAL,RS,LAL,2658.0,,104,100,4
199712260LAL,RS,LAL,2736.0,,104,102,2
199712260LAL,RS,LAL,2778.0,T,104,104,0
199712260LAL,RS,LAL,2805.0,LC,104,106,-2
199712260LAL,RS,LAL,2859.0,T,106,106,0
199712260LAL,RS,LAL,2898.0,,106,108,-2
199712260LAL,RS,LAL,2943.0,LC,109,108,1
199712260LAL,RS,LAL,3002.0,,111,108,3
199712260LAL,RS,LAL,3019.0,,111,109,2
199712260LAL,RS,LAL,3019.0,,111,110,1
199712260LAL,RS,LAL,3057.0,LC,111,113,-2
199712260LAL,RS,LAL,3096.0,,111,115,-4
199712260LAL,RS,LAL,3097.0,,112,115,-3
199712260LAL,RS,LAL,3097.0,,113,115,-2
199712260LAL,RS,LAL,3137.0,,114,115,-1
199712260LAL,RS,LAL,3160.0,,114,116,-2
199712260LAL,RS,LAL,3177.0,,114,117,-3
199712260LAL,RS,LAL,3177.0,F,114,118,-4
199712260LAL,RS,LAL,3180.0,,114,118,-4
199712270LAC,RS,DEN,0.0,,0,0,0
199712270LAC,RS,DEN,41.0,,0,2,-2
199712270LAC,RS,DEN,58.0,,0,4,-4
199712270LAC,RS,DEN,58.0,,0,5,-5
199712270LAC,RS,DEN,110.0,,2,5,-3
199712270LAC,RS,DEN,122.0,,2,7,-5
199712270LAC,RS,DEN,137.0,,4,7,-3
199712270LAC,RS,DEN,173.0,,4,9,-5
199712270LAC,RS,DEN,187.0,,7,9,-2
199712270LAC,RS,DEN,203.0,,7,11,-4
199712270LAC,RS,DEN,243.0,,9,11,-2
199712270LAC,RS,DEN,243.0,,10,11,-1
199712270LAC,RS,DEN,261.0,,10,13,-3
199712270LAC,RS,DEN,277.0,T,13,13,0
199712270LAC,RS,DEN,299.0,,13,15,-2
199712270LAC,RS,DEN,322.0,,13,17,-4
199712270LAC,RS,DEN,357.0,,15,17,-2
199712270LAC,RS,DEN,373.0,,15,19,-4
199712270LAC,RS,DEN,390.0,,17,19,-2
199712270LAC,RS,DEN,411.0,,17,21,-4
199712270LAC,RS,DEN,431.0,,19,21,-2
199712270LAC,RS,DEN,453.0,T,21,21,0
199712270LAC,RS,DEN,453.0,LC,22,21,1
199712270LAC,RS,DEN,472.0,LC,22,23,-1
199712270LAC,RS,DEN,484.0,T,23,23,0
199712270LAC,RS,DEN,484.0,LC,24,23,1
199712270LAC,RS,DEN,500.0,LC,24,25,-1
199712270LAC,RS,DEN,531.0,,24,26,-2
199712270LAC,RS,DEN,556.0,T,26,26,0
199712270LAC,RS,DEN,575.0,,26,28,-2
199712270LAC,RS,DEN,595.0,T,28,28,0
199712270LAC,RS,DEN,634.0,LC,31,28,3
199712270LAC,RS,DEN,652.0,T,31,31,0
199712270LAC,RS,DEN,689.0,LC,31,33,-2
199712270LAC,RS,DEN,689.0,,32,33,-1
199712270LAC,RS,DEN,710.0,LC,34,33,1
199712270LAC,RS,DEN,742.0,LC,34,35,-1
199712270LAC,RS,DEN,747.0,T,35,35,0
199712270LAC,RS,DEN,747.0,LC,36,35,1
199712270LAC,RS,DEN,774.0,,39,35,4
199712270LAC,RS,DEN,842.0,,39,37,2
199712270LAC,RS,DEN,896.0,T,39,39,0
199712270LAC,RS,DEN,962.0,LC,39,41,-2
199712270LAC,RS,DEN,962.0,,39,42,-3
199712270LAC,RS,DEN,973.0,T,42,42,0
199712270LAC,RS,DEN,1027.0,,42,44,-2
199712270LAC,RS,DEN,1049.0,T,44,44,0
199712270LAC,RS,DEN,1068.0,,44,46,-2
199712270LAC,RS,DEN,1103.0,T,46,46,0
199712270LAC,RS,DEN,1126.0,,46,48,-2
199712270LAC,RS,DEN,1167.0,,46,50,-4
199712270LAC,RS,DEN,1175.0,,49,50,-1
199712270LAC,RS,DEN,1184.0,,49,52,-3
199712270LAC,RS,DEN,1229.0,,51,52,-1
199712270LAC,RS,DEN,1292.0,,51,54,-3
199712270LAC,RS,DEN,1336.0,,51,56,-5
199712270LAC,RS,DEN,1355.0,,53,56,-3
199712270LAC,RS,DEN,1398.0,,53,58,-5
199712270LAC,RS,DEN,1502.0,,53,60,-7
199712270LAC,RS,DEN,1585.0,,53,62,-9
199712270LAC,RS,DEN,1601.0,,53,63,-10
199712270LAC,RS,DEN,1601.0,,53,64,-11
199712270LAC,RS,DEN,1619.0,,55,64,-9
199712270LAC,RS,DEN,1630.0,,55,66,-11
199712270LAC,RS,DEN,1652.0,,57,66,-9
199712270LAC,RS,DEN,1652.0,,58,66,-8
199712270LAC,RS,DEN,1674.0,,58,67,-9
199712270LAC,RS,DEN,1694.0,,58,69,-11
199712270LAC,RS,DEN,1728.0,,60,69,-9
199712270LAC,RS,DEN,1747.0,,63,69,-6
199712270LAC,RS,DEN,1781.0,,66,69,-3
199712270LAC,RS,DEN,1802.0,,66,71,-5
199712270LAC,RS,DEN,1847.0,,68,71,-3
199712270LAC,RS,DEN,1866.0,,68,73,-5
199712270LAC,RS,DEN,1880.0,,69,73,-4
199712270LAC,RS,DEN,1915.0,,69,75,-6
199712270LAC,RS,DEN,1930.0,,70,75,-5
199712270LAC,RS,DEN,1951.0,,70,76,-6
199712270LAC,RS,DEN,2019.0,,70,78,-8
199712270LAC,RS,DEN,2034.0,,71,78,-7
199712270LAC,RS,DEN,2034.0,,72,78,-6
199712270LAC,RS,DEN,2073.0,,73,78,-5
199712270LAC,RS,DEN,2073.0,,74,78,-4
199712270LAC,RS,DEN,2087.0,,74,79,-5
199712270LAC,RS,DEN,2101.0,,75,79,-4
199712270LAC,RS,DEN,2125.0,,76,79,-3
199712270LAC,RS,DEN,2125.0,,77,79,-2
199712270LAC,RS,DEN,2172.0,,78,79,-1
199712270LAC,RS,DEN,2188.0,LC,81,79,2
199712270LAC,RS,DEN,2209.0,T,81,81,0
199712270LAC,RS,DEN,2233.0,,82,81,1
199712270LAC,RS,DEN,2233.0,,83,81,2
199712270LAC,RS,DEN,2233.0,,84,81,3
199712270LAC,RS,DEN,2251.0,,84,83,1
199712270LAC,RS,DEN,2283.0,,86,83,3
199712270LAC,RS,DEN,2308.0,,86,84,2
199712270LAC,RS,DEN,2308.0,,86,85,1
199712270LAC,RS,DEN,2327.0,,88,85,3
199712270LAC,RS,DEN,2341.0,,88,86,2
199712270LAC,RS,DEN,2341.0,,88,87,1
199712270LAC,RS,DEN,2394.0,T,88,88,0
199712270LAC,RS,DEN,2394.0,LC,88,89,-1
199712270LAC,RS,DEN,2445.0,,88,91,-3
199712270LAC,RS,DEN,2490.0,,88,93,-5
199712270LAC,RS,DEN,2523.0,,88,95,-7
199712270LAC,RS,DEN,2559.0,,88,97,-9
199712270LAC,RS,DEN,2586.0,,91,97,-6
199712270LAC,RS,DEN,2604.0,,91,99,-8
199712270LAC,RS,DEN,2607.0,,92,99,-7
199712270LAC,RS,DEN,2607.0,,93,99,-6
199712270LAC,RS,DEN,2684.0,,93,101,-8
199712270LAC,RS,DEN,2726.0,,93,102,-9
199712270LAC,RS,DEN,2726.0,,93,103,-10
199712270LAC,RS,DEN,2745.0,,95,103,-8
199712270LAC,RS,DEN,2745.0,,96,103,-7
199712270LAC,RS,DEN,2785.0,,98,103,-5
199712270LAC,RS,DEN,2785.0,,99,103,-4
199712270LAC,RS,DEN,2801.0,,101,103,-2
199712270LAC,RS,DEN,2845.0,T,103,103,0
199712270LAC,RS,DEN,2872.0,F,104,103,1
199712270LAC,RS,DEN,2879.0,,105,103,2
199801020GSW,RS,GSW,0.0,,0,0,0
199801020GSW,RS,GSW,84.0,,0,1,-1
199801020GSW,RS,GSW,102.0,LC,2,1,1
199801020GSW,RS,GSW,138.0,T,2,2,0
199801020GSW,RS,GSW,138.0,LC,2,3,-1
199801020GSW,RS,GSW,198.0,,2,5,-3
199801020GSW,RS,GSW,214.0,T,5,5,0
199801020GSW,RS,GSW,228.0,,5,6,-1
199801020GSW,RS,GSW,241.0,LC,7,6,1
199801020GSW,RS,GSW,273.0,LC,7,8,-1
199801020GSW,RS,GSW,301.0,LC,9,8,1
199801020GSW,RS,GSW,322.0,,11,8,3
199801020GSW,RS,GSW,339.0,,13,8,5
199801020GSW,RS,GSW,364.0,,16,8,8
199801020GSW,RS,GSW,384.0,,16,10,6
199801020GSW,RS,GSW,403.0,,16,12,4
199801020GSW,RS,GSW,452.0,,18,12,6
199801020GSW,RS,GSW,489.0,,20,12,8
199801020GSW,RS,GSW,511.0,,20,14,6
199801020GSW,RS,GSW,529.0,,20,15,5
199801020GSW,RS,GSW,529.0,,20,16,4
199801020GSW,RS,GSW,546.0,,22,16,6
199801020GSW,RS,GSW,637.0,,24,16,8
199801020GSW,RS,GSW,670.0,,24,17,7
199801020GSW,RS,GSW,751.0,,27,17,10
199801020GSW,RS,GSW,785.0,,27,19,8
199801020GSW,RS,GSW,804.0,,27,21,6
199801020GSW,RS,GSW,829.0,,29,21,8
199801020GSW,RS,GSW,847.0,,29,22,7
199801020GSW,RS,GSW,872.0,,29,24,5
199801020GSW,RS,GSW,899.0,,29,26,3
199801020GSW,RS,GSW,913.0,,30,26,4
199801020GSW,RS,GSW,932.0,,30,28,2
199801020GSW,RS,GSW,947.0,,31,28,3
199801020GSW,RS,GSW,947.0,,32,28,4
199801020GSW,RS,GSW,984.0,,32,31,1
199801020GSW,RS,GSW,1002.0,,34,31,3
199801020GSW,RS,GSW,1019.0,,34,32,2
199801020GSW,RS,GSW,1081.0,T,34,34,0
199801020GSW,RS,GSW,1094.0,,36,34,2
199801020GSW,RS,GSW,1115.0,,38,34,4
199801020GSW,RS,GSW,1169.0,,40,34,6
199801020GSW,RS,GSW,1194.0,,40,36,4
199801020GSW,RS,GSW,1216.0,,40,38,2
199801020GSW,RS,GSW,1234.0,,41,38,3
199801020GSW,RS,GSW,1296.0,,41,39,2
199801020GSW,RS,GSW,1351.0,,43,39,4
199801020GSW,RS,GSW,1374.0,,43,40,3
199801020GSW,RS,GSW,1374.0,,43,41,2
199801020GSW,RS,GSW,1410.0,,43,42,1
199801020GSW,RS,GSW,1410.0,T,43,43,0
199801020GSW,RS,GSW,1428.0,,45,43,2
199801020GSW,RS,GSW,1480.0,,47,43,4
199801020GSW,RS,GSW,1524.0,,47,45,2
199801020GSW,RS,GSW,1544.0,,49,45,4
199801020GSW,RS,GSW,1576.0,,52,45,7
199801020GSW,RS,GSW,1633.0,,54,45,9
199801020GSW,RS,GSW,1653.0,,55,45,10
199801020GSW,RS,GSW,1653.0,,56,45,11
199801020GSW,RS,GSW,1676.0,,58,45,13
199801020GSW,RS,GSW,1715.0,,61,45,16
199801020GSW,RS,GSW,1749.0,,63,45,18
199801020GSW,RS,GSW,1785.0,,65,45,20
199801020GSW,RS,GSW,1802.0,,65,47,18
199801020GSW,RS,GSW,1837.0,,65,48,17
199801020GSW,RS,GSW,1882.0,,67,48,19
199801020GSW,RS,GSW,1907.0,,69,48,21
199801020GSW,RS,GSW,1920.0,,69,50,19
199801020GSW,RS,GSW,1984.0,,69,52,17
199801020GSW,RS,GSW,2064.0,,69,53,16
199801020GSW,RS,GSW,2064.0,,69,54,15
199801020GSW,RS,GSW,2090.0,,69,56,13
199801020GSW,RS,GSW,2103.0,,71,56,15
199801020GSW,RS,GSW,2121.0,,71,58,13
199801020GSW,RS,GSW,2148.0,,71,60,11
199801020GSW,RS,GSW,2195.0,,73,60,13
199801020GSW,RS,GSW,2244.0,,73,62,11
199801020GSW,RS,GSW,2267.0,,75,62,13
199801020GSW,RS,GSW,2301.0,,77,62,15
199801020GSW,RS,GSW,2340.0,,77,64,13
199801020GSW,RS,GSW,2419.0,,77,66,11
199801020GSW,RS,GSW,2431.0,,78,66,12
199801020GSW,RS,GSW,2431.0,,79,66,13
199801020GSW,RS,GSW,2465.0,,81,66,15
199801020GSW,RS,GSW,2523.0,,81,67,14
199801020GSW,RS,GSW,2523.0,,81,68,13
199801020GSW,RS,GSW,2553.0,,82,68,14
199801020GSW,RS,GSW,2572.0,,82,70,12
199801020GSW,RS,GSW,2601.0,,84,70,14
199801020GSW,RS,GSW,2640.0,,87,70,17
199801020GSW,RS,GSW,2659.0,,87,71,16
199801020GSW,RS,GSW,2683.0,,89,71,18
199801020GSW,RS,GSW,2703.0,,91,71,20
199801020GSW,RS,GSW,2725.0,,91,73,18
199801020GSW,RS,GSW,2746.0,,93,73,20
199801020GSW,RS,GSW,2754.0,,93,75,18
199801020GSW,RS,GSW,2784.0,,93,77,16
199801020GSW,RS,GSW,2824.0,,93,79,14
199801020GSW,RS,GSW,2854.0,F,94,79,15
199801020GSW,RS,GSW,2879.0,,94,79,15
199801030LAC,RS,DAL,0.0,,0,0,0
199801030LAC,RS,DAL,13.0,,2,0,2
199801030LAC,RS,DAL,33.0,,4,0,4
199801030LAC,RS,DAL,67.0,,6,0,6
199801030LAC,RS,DAL,98.0,,8,0,8
199801030LAC,RS,DAL,122.0,,11,0,11
199801030LAC,RS,DAL,181.0,,13,0,13
199801030LAC,RS,DAL,220.0,,15,0,15
199801030LAC,RS,DAL,220.0,,16,0,16
199801030LAC,RS,DAL,238.0,,16,1,15
199801030LAC,RS,DAL,275.0,,18,1,17
199801030LAC,RS,DAL,375.0,,18,3,15
199801030LAC,RS,DAL,396.0,,20,3,17
199801030LAC,RS,DAL,411.0,,22,3,19
199801030LAC,RS,DAL,428.0,,22,4,18
199801030LAC,RS,DAL,428.0,,22,5,17
199801030LAC,RS,DAL,456.0,,22,7,15
199801030LAC,RS,DAL,472.0,,22,9,13
199801030LAC,RS,DAL,497.0,,22,11,11
199801030LAC,RS,DAL,532.0,,22,14,8
199801030LAC,RS,DAL,577.0,,22,16,6
199801030LAC,RS,DAL,645.0,,22,18,4
199801030LAC,RS,DAL,661.0,,24,18,6
199801030LAC,RS,DAL,699.0,,26,18,8
199801030LAC,RS,DAL,718.0,,26,20,6
199801030LAC,RS,DAL,734.0,,26,22,4
199801030LAC,RS,DAL,834.0,,26,24,2
199801030LAC,RS,DAL,863.0,T,26,26,0
199801030LAC,RS,DAL,863.0,LC,26,27,-1
199801030LAC,RS,DAL,875.0,LC,28,27,1
199801030LAC,RS,DAL,893.0,,30,27,3
199801030LAC,RS,DAL,920.0,,30,28,2
199801030LAC,RS,DAL,940.0,,32,28,4
199801030LAC,RS,DAL,940.0,,33,28,5
199801030LAC,RS,DAL,952.0,,33,30,3
199801030LAC,RS,DAL,966.0,,34,30,4
199801030LAC,RS,DAL,1033.0,,36,30,6
199801030LAC,RS,DAL,1064.0,,36,32,4
199801030LAC,RS,DAL,1102.0,,36,34,2
199801030LAC,RS,DAL,1129.0,T,36,36,0
199801030LAC,RS,DAL,1146.0,,38,36,2
199801030LAC,RS,DAL,1169.0,,40,36,4
199801030LAC,RS,DAL,1196.0,,40,38,2
199801030LAC,RS,DAL,1204.0,,42,38,4
199801030LAC,RS,DAL,1227.0,,42,40,2
199801030LAC,RS,DAL,1249.0,,45,40,5
199801030LAC,RS,DAL,1263.0,,46,40,6
199801030LAC,RS,DAL,1263.0,,47,40,7
199801030LAC,RS,DAL,1318.0,,49,40,9
199801030LAC,RS,DAL,1352.0,,51,40,11
199801030LAC,RS,DAL,1385.0,,53,40,13
199801030LAC,RS,DAL,1402.0,,53,42,11
199801030LAC,RS,DAL,1438.0,,55,42,13
199801030LAC,RS,DAL,1466.0,,57,42,15
199801030LAC,RS,DAL,1466.0,,58,42,16
199801030LAC,RS,DAL,1479.0,,58,44,14
199801030LAC,RS,DAL,1586.0,,58,46,12
199801030LAC,RS,DAL,1607.0,,60,46,14
199801030LAC,RS,DAL,1607.0,,61,46,15
199801030LAC,RS,DAL,1618.0,,61,48,13
199801030LAC,RS,DAL,1632.0,,63,48,15
199801030LAC,RS,DAL,1642.0,,63,50,13
199801030LAC,RS,DAL,1667.0,,63,52,11
199801030LAC,RS,DAL,1708.0,,63,54,9
199801030LAC,RS,DAL,1774.0,,66,54,12
199801030LAC,RS,DAL,1798.0,,66,56,10
199801030LAC,RS,DAL,1857.0,,66,58,8
199801030LAC,RS,DAL,1885.0,,68,58,10
199801030LAC,RS,DAL,1905.0,,68,60,8
199801030LAC,RS,DAL,1943.0,,70,60,10
199801030LAC,RS,DAL,1964.0,,70,62,8
199801030LAC,RS,DAL,1996.0,,70,64,6
199801030LAC,RS,DAL,2022.0,,70,67,3
199801030LAC,RS,DAL,2109.0,,72,67,5
199801030LAC,RS,DAL,2135.0,,74,67,7
199801030LAC,RS,DAL,2159.0,,74,69,5
199801030LAC,RS,DAL,2257.0,,76,69,7
199801030LAC,RS,DAL,2271.0,,76,72,4
199801030LAC,RS,DAL,2304.0,,76,74,2
199801030LAC,RS,DAL,2329.0,,78,74,4
199801030LAC,RS,DAL,2355.0,,80,74,6
199801030LAC,RS,DAL,2396.0,,82,74,8
199801030LAC,RS,DAL,2412.0,,82,76,6
199801030LAC,RS,DAL,2412.0,,82,77,5
199801030LAC,RS,DAL,2519.0,,84,77,7
199801030LAC,RS,DAL,2547.0,,84,79,5
199801030LAC,RS,DAL,2599.0,,84,81,3
199801030LAC,RS,DAL,2691.0,,86,81,5
199801030LAC,RS,DAL,2706.0,,86,83,3
199801030LAC,RS,DAL,2729.0,,87,83,4
199801030LAC,RS,DAL,2743.0,,87,84,3
199801030LAC,RS,DAL,2753.0,,90,84,6
199801030LAC,RS,DAL,2770.0,,90,87,3
199801030LAC,RS,DAL,2781.0,,93,87,6
199801030LAC,RS,DAL,2828.0,,95,87,8
199801030LAC,RS,DAL,2831.0,,95,88,7
199801030LAC,RS,DAL,2844.0,F,97,88,9
199801030LAC,RS,DAL,2876.0,,97,88,9
199801060SAC,RS,SAC,0.0,,0,0,0
199801060SAC,RS,SAC,38.0,,2,0,2
199801060SAC,RS,SAC,58.0,T,2,2,0
199801060SAC,RS,SAC,79.0,,4,2,2
199801060SAC,RS,SAC,98.0,T,4,4,0
199801060SAC,RS,SAC,113.0,,7,4,3
199801060SAC,RS,SAC,132.0,,7,6,1
199801060SAC,RS,SAC,150.0,LC,7,8,-1
199801060SAC,RS,SAC,219.0,,7,9,-2
199801060SAC,RS,SAC,317.0,T,9,9,0
199801060SAC,RS,SAC,337.0,,9,11,-2
199801060SAC,RS,SAC,360.0,T,11,11,0
199801060SAC,RS,SAC,400.0,,11,13,-2
199801060SAC,RS,SAC,441.0,,11,15,-4
199801060SAC,RS,SAC,461.0,,13,15,-2
199801060SAC,RS,SAC,516.0,,14,15,-1
199801060SAC,RS,SAC,527.0,,14,17,-3
199801060SAC,RS,SAC,542.0,,16,17,-1
199801060SAC,RS,SAC,559.0,,16,19,-3
199801060SAC,RS,SAC,585.0,T,19,19,0
199801060SAC,RS,SAC,606.0,LC,20,19,1
199801060SAC,RS,SAC,606.0,,21,19,2
199801060SAC,RS,SAC,629.0,T,21,21,0
199801060SAC,RS,SAC,674.0,LC,21,23,-2
199801060SAC,RS,SAC,718.0,,21,26,-5
199801060SAC,RS,SAC,818.0,,23,26,-3
199801060SAC,RS,SAC,835.0,,23,27,-4
199801060SAC,RS,SAC,864.0,,23,28,-5
199801060SAC,RS,SAC,864.0,,23,29,-6
199801060SAC,RS,SAC,868.0,,25,29,-4
199801060SAC,RS,SAC,884.0,,25,31,-6
199801060SAC,RS,SAC,906.0,,28,31,-3
199801060SAC,RS,SAC,949.0,,29,31,-2
199801060SAC,RS,SAC,949.0,,30,31,-1
199801060SAC,RS,SAC,1001.0,LC,32,31,1
199801060SAC,RS,SAC,1021.0,LC,32,33,-1
199801060SAC,RS,SAC,1035.0,T,33,33,0
199801060SAC,RS,SAC,1053.0,,33,35,-2
199801060SAC,RS,SAC,1070.0,T,35,35,0
199801060SAC,RS,SAC,1091.0,LC,37,35,2
199801060SAC,RS,SAC,1123.0,,39,35,4
199801060SAC,RS,SAC,1165.0,,39,37,2
199801060SAC,RS,SAC,1184.0,,41,37,4
199801060SAC,RS,SAC,1204.0,,41,40,1
199801060SAC,RS,SAC,1239.0,LC,41,42,-1
199801060SAC,RS,SAC,1243.0,,41,44,-3
199801060SAC,RS,SAC,1261.0,,42,44,-2
199801060SAC,RS,SAC,1261.0,,43,44,-1
199801060SAC,RS,SAC,1275.0,,43,45,-2
199801060SAC,RS,SAC,1275.0,,43,46,-3
199801060SAC,RS,SAC,1292.0,,45,46,-1
199801060SAC,RS,SAC,1332.0,LC,47,46,1
199801060SAC,RS,SAC,1346.0,LC,47,48,-1
199801060SAC,RS,SAC,1358.0,T,48,48,0
199801060SAC,RS,SAC,1358.0,LC,49,48,1
199801060SAC,RS,SAC,1435.0,LC,49,50,-1
199801060SAC,RS,SAC,1440.0,LC,51,50,1
199801060SAC,RS,SAC,1460.0,LC,51,52,-1
199801060SAC,RS,SAC,1495.0,,51,54,-3
199801060SAC,RS,SAC,1504.0,,53,54,-1
199801060SAC,RS,SAC,1523.0,,53,56,-3
199801060SAC,RS,SAC,1549.0,,53,58,-5
199801060SAC,RS,SAC,1588.0,,53,60,-7
199801060SAC,RS,SAC,1595.0,,55,60,-5
199801060SAC,RS,SAC,1626.0,,55,62,-7
199801060SAC,RS,SAC,1653.0,,57,62,-5
199801060SAC,RS,SAC,1685.0,,57,64,-7
199801060SAC,RS,SAC,1713.0,,59,64,-5
199801060SAC,RS,SAC,1749.0,,61,64,-3
199801060SAC,RS,SAC,1808.0,,61,65,-4
199801060SAC,RS,SAC,1808.0,,61,66,-5
199801060SAC,RS,SAC,1890.0,,61,68,-7
199801060SAC,RS,SAC,1925.0,,61,69,-8
199801060SAC,RS,SAC,1945.0,,61,70,-9
199801060SAC,RS,SAC,1945.0,,61,71,-10
199801060SAC,RS,SAC,1976.0,,61,73,-12
199801060SAC,RS,SAC,2024.0,,61,75,-14
199801060SAC,RS,SAC,2064.0,,64,75,-11
199801060SAC,RS,SAC,2081.0,,64,76,-12
199801060SAC,RS,SAC,2081.0,,64,77,-13
199801060SAC,RS,SAC,2094.0,,66,77,-11
199801060SAC,RS,SAC,2106.0,,66,79,-13
199801060SAC,RS,SAC,2110.0,,67,79,-12
199801060SAC,RS,SAC,2122.0,,67,81,-14
199801060SAC,RS,SAC,2157.0,,67,82,-15
199801060SAC,RS,SAC,2157.0,,67,83,-16
199801060SAC,RS,SAC,2157.0,,67,84,-17
199801060SAC,RS,SAC,2221.0,,68,84,-16
199801060SAC,RS,SAC,2235.0,,68,86,-18
199801060SAC,RS,SAC,2306.0,,70,86,-16
199801060SAC,RS,SAC,2365.0,,72,86,-14
199801060SAC,RS,SAC,2414.0,,72,87,-15
199801060SAC,RS,SAC,2414.0,,72,88,-16
199801060SAC,RS,SAC,2461.0,,72,90,-18
199801060SAC,RS,SAC,2461.0,,72,91,-19
199801060SAC,RS,SAC,2505.0,,74,91,-17
199801060SAC,RS,SAC,2599.0,,74,93,-19
199801060SAC,RS,SAC,2639.0,,74,95,-21
199801060SAC,RS,SAC,2678.0,,74,97,-23
199801060SAC,RS,SAC,2720.0,,75,97,-22
199801060SAC,RS,SAC,2720.0,,76,97,-21
199801060SAC,RS,SAC,2723.0,,76,99,-23
199801060SAC,RS,SAC,2744.0,,78,99,-21
199801060SAC,RS,SAC,2744.0,,79,99,-20
199801060SAC,RS,SAC,2772.0,,82,99,-17
199801060SAC,RS,SAC,2786.0,,82,100,-18
199801060SAC,RS,SAC,2786.0,,83,100,-17
199801060SAC,RS,SAC,2786.0,,84,100,-16
199801060SAC,RS,SAC,2796.0,,84,103,-19
199801060SAC,RS,SAC,2806.0,,87,103,-16
199801060SAC,RS,SAC,2830.0,,87,105,-18
199801060SAC,RS,SAC,2834.0,,88,105,-17
199801060SAC,RS,SAC,2834.0,F,89,105,-16
199801060SAC,RS,SAC,2880.0,,89,105,-16
199801070LAC,RS,VAN,0.0,,0,0,0
199801070LAC,RS,VAN,51.0,,3,0,3
199801070LAC,RS,VAN,111.0,,3,2,1
199801070LAC,RS,VAN,166.0,LC,3,4,-1
199801070LAC,RS,VAN,210.0,,3,6,-3
199801070LAC,RS,VAN,248.0,,3,8,-5
199801070LAC,RS,VAN,267.0,,5,8,-3
199801070LAC,RS,VAN,282.0,,5,10,-5
199801070LAC,RS,VAN,337.0,,8,10,-2
199801070LAC,RS,VAN,360.0,,8,12,-4
199801070LAC,RS,VAN,370.0,,10,12,-2
199801070LAC,RS,VAN,408.0,,10,14,-4
199801070LAC,RS,VAN,475.0,,12,14,-2
199801070LAC,RS,VAN,507.0,,12,16,-4
199801070LAC,RS,VAN,549.0,,12,17,-5
199801070LAC,RS,VAN,549.0,,12,18,-6
199801070LAC,RS,VAN,574.0,,14,18,-4
199801070LAC,RS,VAN,594.0,,15,18,-3
199801070LAC,RS,VAN,594.0,,16,18,-2
199801070LAC,RS,VAN,611.0,,16,20,-4
199801070LAC,RS,VAN,656.0,,18,20,-2
199801070LAC,RS,VAN,675.0,,18,21,-3
199801070LAC,RS,VAN,675.0,,18,22,-4
199801070LAC,RS,VAN,701.0,,18,24,-6
199801070LAC,RS,VAN,768.0,,18,26,-8
199801070LAC,RS,VAN,778.0,,20,26,-6
199801070LAC,RS,VAN,794.0,,20,28,-8
199801070LAC,RS,VAN,816.0,,22,28,-6
199801070LAC,RS,VAN,827.0,,22,30,-8
199801070LAC,RS,VAN,881.0,,24,30,-6
199801070LAC,RS,VAN,904.0,,26,30,-4
199801070LAC,RS,VAN,927.0,,26,32,-6
199801070LAC,RS,VAN,939.0,,28,32,-4
199801070LAC,RS,VAN,939.0,,29,32,-3
199801070LAC,RS,VAN,958.0,,29,34,-5
199801070LAC,RS,VAN,1007.0,,31,34,-3
199801070LAC,RS,VAN,1037.0,,33,34,-1
199801070LAC,RS,VAN,1057.0,LC,35,34,1
199801070LAC,RS,VAN,1071.0,LC,35,36,-1
199801070LAC,RS,VAN,1083.0,LC,37,36,1
199801070LAC,RS,VAN,1126.0,,39,36,3
199801070LAC,RS,VAN,1167.0,,42,36,6
199801070LAC,RS,VAN,1209.0,,42,38,4
199801070LAC,RS,VAN,1225.0,,45,38,7
199801070LAC,RS,VAN,1240.0,,45,39,6
199801070LAC,RS,VAN,1240.0,,45,40,5
199801070LAC,RS,VAN,1263.0,,46,40,6
199801070LAC,RS,VAN,1263.0,,47,40,7
199801070LAC,RS,VAN,1298.0,,47,42,5
199801070LAC,RS,VAN,1315.0,,49,42,7
199801070LAC,RS,VAN,1338.0,,49,44,5
199801070LAC,RS,VAN,1356.0,,51,44,7
199801070LAC,RS,VAN,1363.0,,51,46,5
199801070LAC,RS,VAN,1381.0,,53,46,7
199801070LAC,RS,VAN,1401.0,,55,46,9
199801070LAC,RS,VAN,1498.0,,58,46,12
199801070LAC,RS,VAN,1552.0,,60,46,14
199801070LAC,RS,VAN,1564.0,,60,48,12
199801070LAC,RS,VAN,1603.0,,60,51,9
199801070LAC,RS,VAN,1645.0,,61,51,10
199801070LAC,RS,VAN,1645.0,,62,51,11
199801070LAC,RS,VAN,1656.0,,62,54,8
199801070LAC,RS,VAN,1713.0,,64,54,10
199801070LAC,RS,VAN,1732.0,,64,56,8
199801070LAC,RS,VAN,1762.0,,64,58,6
199801070LAC,RS,VAN,1783.0,,66,58,8
199801070LAC,RS,VAN,1792.0,,66,60,6
199801070LAC,RS,VAN,1813.0,,68,60,8
199801070LAC,RS,VAN,1851.0,,68,62,6
199801070LAC,RS,VAN,1880.0,,70,62,8
199801070LAC,RS,VAN,1895.0,,70,64,6
199801070LAC,RS,VAN,1958.0,,72,64,8
199801070LAC,RS,VAN,1976.0,,72,66,6
199801070LAC,RS,VAN,2012.0,,73,66,7
199801070LAC,RS,VAN,2042.0,,75,66,9
199801070LAC,RS,VAN,2056.0,,75,69,6
199801070LAC,RS,VAN,2087.0,,75,70,5
199801070LAC,RS,VAN,2087.0,,75,71,4
199801070LAC,RS,VAN,2119.0,,75,73,2
199801070LAC,RS,VAN,2130.0,,76,73,3
199801070LAC,RS,VAN,2130.0,,77,73,4
199801070LAC,RS,VAN,2141.0,,77,75,2
199801070LAC,RS,VAN,2171.0,,79,75,4
199801070LAC,RS,VAN,2203.0,,81,75,6
199801070LAC,RS,VAN,2254.0,,81,77,4
199801070LAC,RS,VAN,2271.0,,84,77,7
199801070LAC,RS,VAN,2300.0,,84,79,5
199801070LAC,RS,VAN,2321.0,,86,79,7
199801070LAC,RS,VAN,2356.0,,89,79,10
199801070LAC,RS,VAN,2381.0,,89,81,8
199801070LAC,RS,VAN,2397.0,,91,81,10
199801070LAC,RS,VAN,2438.0,,91,83,8
199801070LAC,RS,VAN,2458.0,,93,83,10
199801070LAC,RS,VAN,2475.0,,93,85,8
199801070LAC,RS,VAN,2490.0,,95,85,10
199801070LAC,RS,VAN,2506.0,,95,87,8
199801070LAC,RS,VAN,2528.0,,95,88,7
199801070LAC,RS,VAN,2528.0,,95,89,6
199801070LAC,RS,VAN,2546.0,,98,89,9
199801070LAC,RS,VAN,2561.0,,98,91,7
199801070LAC,RS,VAN,2579.0,,100,91,9
199801070LAC,RS,VAN,2601.0,,100,93,7
199801070LAC,RS,VAN,2679.0,,102,93,9
199801070LAC,RS,VAN,2691.0,,102,96,6
199801070LAC,RS,VAN,2704.0,,104,96,8
199801070LAC,RS,VAN,2715.0,,104,97,7
199801070LAC,RS,VAN,2720.0,,105,97,8
199801070LAC,RS,VAN,2720.0,,106,97,9
199801070LAC,RS,VAN,2796.0,,107,97,10
199801070LAC,RS,VAN,2796.0,,108,97,11
199801070LAC,RS,VAN,2837.0,,108,99,9
199801070LAC,RS,VAN,2850.0,,109,99,10
199801070LAC,RS,VAN,2850.0,F,110,99,11
199801070LAC,RS,VAN,2876.0,,110,102,8
199801090LAC,RS,LAL,0.0,,0,0,0
199801090LAC,RS,LAL,17.0,,2,0,2
199801090LAC,RS,LAL,36.0,T,2,2,0
199801090LAC,RS,LAL,56.0,LC,2,3,-1
199801090LAC,RS,LAL,129.0,,2,5,-3
199801090LAC,RS,LAL,159.0,,3,5,-2
199801090LAC,RS,LAL,159.0,,4,5,-1
199801090LAC,RS,LAL,170.0,,4,6,-2
199801090LAC,RS,LAL,170.0,,4,7,-3
199801090LAC,RS,LAL,190.0,,5,7,-2
199801090LAC,RS,LAL,226.0,T,7,7,0
199801090LAC,RS,LAL,247.0,LC,9,7,2
199801090LAC,RS,LAL,286.0,,10,7,3
199801090LAC,RS,LAL,286.0,,11,7,4
199801090LAC,RS,LAL,312.0,,12,7,5
199801090LAC,RS,LAL,312.0,,13,7,6
199801090LAC,RS,LAL,322.0,,13,9,4
199801090LAC,RS,LAL,340.0,,16,9,7
199801090LAC,RS,LAL,346.0,,16,11,5
199801090LAC,RS,LAL,346.0,,16,12,4
199801090LAC,RS,LAL,362.0,,18,12,6
199801090LAC,RS,LAL,370.0,,18,14,4
199801090LAC,RS,LAL,411.0,,20,14,6
199801090LAC,RS,LAL,415.0,,20,16,4
199801090LAC,RS,LAL,428.0,,20,17,3
199801090LAC,RS,LAL,440.0,,21,17,4
199801090LAC,RS,LAL,440.0,,22,17,5
199801090LAC,RS,LAL,450.0,,22,18,4
199801090LAC,RS,LAL,450.0,,22,19,3
199801090LAC,RS,LAL,477.0,,22,21,1
199801090LAC,RS,LAL,489.0,,23,21,2
199801090LAC,RS,LAL,500.0,T,23,23,0
199801090LAC,RS,LAL,500.0,LC,23,24,-1
199801090LAC,RS,LAL,509.0,T,24,24,0
199801090LAC,RS,LAL,523.0,,24,26,-2
199801090LAC,RS,LAL,578.0,T,26,26,0
199801090LAC,RS,LAL,583.0,,26,29,-3
199801090LAC,RS,LAL,617.0,,26,31,-5
199801090LAC,RS,LAL,639.0,,26,32,-6
199801090LAC,RS,LAL,639.0,,26,33,-7
199801090LAC,RS,LAL,648.0,,27,33,-6
199801090LAC,RS,LAL,648.0,,28,33,-5
199801090LAC,RS,LAL,660.0,,28,34,-6
199801090LAC,RS,LAL,679.0,,28,36,-8
199801090LAC,RS,LAL,693.0,,29,36,-7
199801090LAC,RS,LAL,720.0,,29,38,-9
199801090LAC,RS,LAL,743.0,,29,40,-11
199801090LAC,RS,LAL,762.0,,31,40,-9
199801090LAC,RS,LAL,762.0,,32,40,-8
199801090LAC,RS,LAL,780.0,,32,42,-10
199801090LAC,RS,LAL,800.0,,34,42,-8
199801090LAC,RS,LAL,836.0,,36,42,-6
199801090LAC,RS,LAL,846.0,,36,44,-8
199801090LAC,RS,LAL,846.0,,36,45,-9
199801090LAC,RS,LAL,893.0,,38,45,-7
199801090LAC,RS,LAL,904.0,,38,46,-8
199801090LAC,RS,LAL,915.0,,38,48,-10
199801090LAC,RS,LAL,942.0,,38,49,-11
199801090LAC,RS,LAL,942.0,,38,50,-12
199801090LAC,RS,LAL,956.0,,40,50,-10
199801090LAC,RS,LAL,956.0,,41,50,-9
199801090LAC,RS,LAL,983.0,,41,52,-11
199801090LAC,RS,LAL,1004.0,,41,54,-13
199801090LAC,RS,LAL,1022.0,,43,54,-11
199801090LAC,RS,LAL,1052.0,,45,54,-9
199801090LAC,RS,LAL,1082.0,,47,54,-7
199801090LAC,RS,LAL,1098.0,,47,55,-8
199801090LAC,RS,LAL,1098.0,,47,56,-9
199801090LAC,RS,LAL,1114.0,,47,57,-10
199801090LAC,RS,LAL,1126.0,,49,57,-8
199801090LAC,RS,LAL,1138.0,,49,59,-10
199801090LAC,RS,LAL,1149.0,,51,59,-8
199801090LAC,RS,LAL,1168.0,,51,61,-10
199801090LAC,RS,LAL,1217.0,,53,61,-8
199801090LAC,RS,LAL,1241.0,,53,63,-10
199801090LAC,RS,LAL,1241.0,,53,64,-11
199801090LAC,RS,LAL,1262.0,,53,66,-13
199801090LAC,RS,LAL,1282.0,,55,66,-11
199801090LAC,RS,LAL,1290.0,,55,69,-14
199801090LAC,RS,LAL,1325.0,,56,69,-13
199801090LAC,RS,LAL,1325.0,,57,69,-12
199801090LAC,RS,LAL,1337.0,,57,70,-13
199801090LAC,RS,LAL,1367.0,,57,72,-15
199801090LAC,RS,LAL,1382.0,,58,72,-14
199801090LAC,RS,LAL,1382.0,,59,72,-13
199801090LAC,RS,LAL,1400.0,,60,72,-12
199801090LAC,RS,LAL,1400.0,,61,72,-11
199801090LAC,RS,LAL,1427.0,,62,72,-10
199801090LAC,RS,LAL,1427.0,,63,72,-9
199801090LAC,RS,LAL,1462.0,,63,73,-10
199801090LAC,RS,LAL,1501.0,,63,75,-12
199801090LAC,RS,LAL,1513.0,,65,75,-10
199801090LAC,RS,LAL,1513.0,,66,75,-9
199801090LAC,RS,LAL,1605.0,,66,77,-11
199801090LAC,RS,LAL,1632.0,,68,77,-9
199801090LAC,RS,LAL,1654.0,,68,79,-11
199801090LAC,RS,LAL,1670.0,,69,79,-10
199801090LAC,RS,LAL,1670.0,,70,79,-9
199801090LAC,RS,LAL,1693.0,,70,81,-11
199801090LAC,RS,LAL,1693.0,,70,82,-12
199801090LAC,RS,LAL,1705.0,,70,84,-14
199801090LAC,RS,LAL,1712.0,,71,84,-13
199801090LAC,RS,LAL,1712.0,,72,84,-12
199801090LAC,RS,LAL,1750.0,,72,87,-15
199801090LAC,RS,LAL,1781.0,,74,87,-13
199801090LAC,RS,LAL,1811.0,,76,87,-11
199801090LAC,RS,LAL,1833.0,,76,90,-14
199801090LAC,RS,LAL,1844.0,,77,90,-13
199801090LAC,RS,LAL,1844.0,,78,90,-12
199801090LAC,RS,LAL,1859.0,,78,93,-15
199801090LAC,RS,LAL,1880.0,,79,93,-14
199801090LAC,RS,LAL,1905.0,,81,93,-12
199801090LAC,RS,LAL,1936.0,,81,94,-13
199801090LAC,RS,LAL,1948.0,,84,94,-10
199801090LAC,RS,LAL,2037.0,,84,96,-12
199801090LAC,RS,LAL,2062.0,,84,98,-14
199801090LAC,RS,LAL,2083.0,,84,99,-15
199801090LAC,RS,LAL,2083.0,,84,100,-16
199801090LAC,RS,LAL,2126.0,,86,100,-14
199801090LAC,RS,LAL,2132.0,,86,102,-16
199801090LAC,RS,LAL,2132.0,,86,103,-17
199801090LAC,RS,LAL,2150.0,,87,103,-16
199801090LAC,RS,LAL,2169.0,,89,103,-14
199801090LAC,RS,LAL,2178.0,,89,104,-15
199801090LAC,RS,LAL,2178.0,,89,105,-16
199801090LAC,RS,LAL,2194.0,,91,105,-14
199801090LAC,RS,LAL,2232.0,,93,105,-12
199801090LAC,RS,LAL,2253.0,,93,106,-13
199801090LAC,RS,LAL,2253.0,,93,107,-14
199801090LAC,RS,LAL,2295.0,,95,107,-12
199801090LAC,RS,LAL,2328.0,,96,107,-11
199801090LAC,RS,LAL,2346.0,,96,109,-13
199801090LAC,RS,LAL,2408.0,,96,111,-15
199801090LAC,RS,LAL,2429.0,,97,111,-14
199801090LAC,RS,LAL,2429.0,,98,111,-13
199801090LAC,RS,LAL,2440.0,,98,112,-14
199801090LAC,RS,LAL,2456.0,,100,112,-12
199801090LAC,RS,LAL,2551.0,,102,112,-10
199801090LAC,RS,LAL,2572.0,,102,115,-13
199801090LAC,RS,LAL,2581.0,,104,115,-11
199801090LAC,RS,LAL,2581.0,,105,115,-10
199801090LAC,RS,LAL,2615.0,,108,115,-7
199801090LAC,RS,LAL,2637.0,,108,117,-9
199801090LAC,RS,LAL,2647.0,,109,117,-8
199801090LAC,RS,LAL,2661.0,,109,119,-10
199801090LAC,RS,LAL,2708.0,,109,120,-11
199801090LAC,RS,LAL,2718.0,,112,120,-8
199801090LAC,RS,LAL,2789.0,,112,121,-9
199801090LAC,RS,LAL,2813.0,,112,122,-10
199801090LAC,RS,LAL,2830.0,,114,122,-8
199801090LAC,RS,LAL,2851.0,F,114,125,-11
199801090LAC,RS,LAL,2860.0,,115,125,-10
199801110DET,RS,DET,0.0,,0,0,0
199801110DET,RS,DET,21.0,,0,2,-2
199801110DET,RS,DET,44.0,,0,4,-4
199801110DET,RS,DET,104.0,,2,4,-2
199801110DET,RS,DET,125.0,,2,6,-4
199801110DET,RS,DET,142.0,,2,8,-6
199801110DET,RS,DET,183.0,,4,8,-4
199801110DET,RS,DET,207.0,,4,10,-6
199801110DET,RS,DET,233.0,,4,12,-8
199801110DET,RS,DET,259.0,,6,12,-6
199801110DET,RS,DET,283.0,,6,14,-8
199801110DET,RS,DET,302.0,,7,14,-7
199801110DET,RS,DET,302.0,,8,14,-6
199801110DET,RS,DET,315.0,,8,16,-8
199801110DET,RS,DET,337.0,,10,16,-6
199801110DET,RS,DET,372.0,,10,18,-8
199801110DET,RS,DET,382.0,,12,18,-6
199801110DET,RS,DET,426.0,,12,20,-8
199801110DET,RS,DET,448.0,,15,20,-5
199801110DET,RS,DET,461.0,,15,22,-7
199801110DET,RS,DET,489.0,,15,24,-9
199801110DET,RS,DET,514.0,,18,24,-6
199801110DET,RS,DET,544.0,,18,26,-8
199801110DET,RS,DET,576.0,,18,27,-9
199801110DET,RS,DET,576.0,,18,28,-10
199801110DET,RS,DET,586.0,,20,28,-8
199801110DET,RS,DET,609.0,,20,30,-10
199801110DET,RS,DET,663.0,,20,32,-12
199801110DET,RS,DET,678.0,,23,32,-9
199801110DET,RS,DET,690.0,,23,34,-11
199801110DET,RS,DET,717.0,,23,36,-13
199801110DET,RS,DET,736.0,,25,36,-11
199801110DET,RS,DET,805.0,,26,36,-10
199801110DET,RS,DET,838.0,,26,38,-12
199801110DET,RS,DET,855.0,,28,38,-10
199801110DET,RS,DET,905.0,,29,38,-9
199801110DET,RS,DET,905.0,,30,38,-8
199801110DET,RS,DET,946.0,,30,40,-10
199801110DET,RS,DET,980.0,,30,42,-12
199801110DET,RS,DET,995.0,,31,42,-11
199801110DET,RS,DET,1057.0,,31,44,-13
199801110DET,RS,DET,1076.0,,33,44,-11
199801110DET,RS,DET,1088.0,,33,45,-12
199801110DET,RS,DET,1110.0,,33,46,-13
199801110DET,RS,DET,1150.0,,33,48,-15
199801110DET,RS,DET,1170.0,,35,48,-13
199801110DET,RS,DET,1179.0,,35,49,-14
199801110DET,RS,DET,1179.0,,35,50,-15
199801110DET,RS,DET,1260.0,,35,52,-17
199801110DET,RS,DET,1290.0,,37,52,-15
199801110DET,RS,DET,1290.0,,38,52,-14
199801110DET,RS,DET,1319.0,,38,54,-16
199801110DET,RS,DET,1339.0,,38,56,-18
199801110DET,RS,DET,1365.0,,40,56,-16
199801110DET,RS,DET,1375.0,,40,57,-17
199801110DET,RS,DET,1375.0,,40,58,-18
199801110DET,RS,DET,1405.0,,40,60,-20
199801110DET,RS,DET,1411.0,,42,60,-18
199801110DET,RS,DET,1434.0,,42,62,-20
199801110DET,RS,DET,1434.0,,42,63,-21
199801110DET,RS,DET,1440.0,,44,63,-19
199801110DET,RS,DET,1501.0,,44,64,-20
199801110DET,RS,DET,1501.0,,44,65,-21
199801110DET,RS,DET,1520.0,,44,67,-23
199801110DET,RS,DET,1595.0,,46,67,-21
199801110DET,RS,DET,1616.0,,48,67,-19
199801110DET,RS,DET,1645.0,,50,67,-17
199801110DET,RS,DET,1678.0,,52,67,-15
199801110DET,RS,DET,1718.0,,55,67,-12
199801110DET,RS,DET,1740.0,,55,69,-14
199801110DET,RS,DET,1855.0,,55,71,-16
199801110DET,RS,DET,1878.0,,55,73,-18
199801110DET,RS,DET,1967.0,,55,75,-20
199801110DET,RS,DET,2043.0,,55,77,-22
199801110DET,RS,DET,2125.0,,57,77,-20
199801110DET,RS,DET,2141.0,,57,78,-21
199801110DET,RS,DET,2141.0,,57,79,-22
199801110DET,RS,DET,2156.0,,60,79,-19
199801110DET,RS,DET,2169.0,,60,82,-22
199801110DET,RS,DET,2213.0,,60,83,-23
199801110DET,RS,DET,2213.0,,60,84,-24
199801110DET,RS,DET,2230.0,,61,84,-23
199801110DET,RS,DET,2230.0,,62,84,-22
199801110DET,RS,DET,2246.0,,62,86,-24
199801110DET,RS,DET,2334.0,,62,87,-25
199801110DET,RS,DET,2351.0,,62,89,-27
199801110DET,RS,DET,2396.0,,62,90,-28
199801110DET,RS,DET,2396.0,,62,91,-29
199801110DET,RS,DET,2442.0,,65,91,-26
199801110DET,RS,DET,2471.0,,68,91,-23
199801110DET,RS,DET,2494.0,,68,93,-25
199801110DET,RS,DET,2505.0,,68,94,-26
199801110DET,RS,DET,2505.0,,68,95,-27
199801110DET,RS,DET,2545.0,,68,97,-29
199801110DET,RS,DET,2555.0,,69,97,-28
199801110DET,RS,DET,2571.0,,69,99,-30
199801110DET,RS,DET,2591.0,,69,101,-32
199801110DET,RS,DET,2638.0,,71,101,-30
199801110DET,RS,DET,2650.0,,71,103,-32
199801110DET,RS,DET,2700.0,,72,103,-31
199801110DET,RS,DET,2700.0,,73,103,-30
199801110DET,RS,DET,2731.0,,73,105,-32
199801110DET,RS,DET,2737.0,,74,105,-31
199801110DET,RS,DET,2755.0,,76,105,-29
199801110DET,RS,DET,2766.0,,77,105,-28
199801110DET,RS,DET,2766.0,,78,105,-27
199801110DET,RS,DET,2781.0,,80,105,-25
199801110DET,RS,DET,2781.0,,81,105,-24
199801110DET,RS,DET,2794.0,,81,106,-25
199801110DET,RS,DET,2794.0,,81,107,-26
199801110DET,RS,DET,2806.0,,83,107,-24
199801110DET,RS,DET,2827.0,,83,109,-26
199801110DET,RS,DET,2836.0,,84,109,-25
199801110DET,RS,DET,2836.0,,85,109,-24
199801110DET,RS,DET,2847.0,,85,111,-26
199801110DET,RS,DET,2862.0,F,85,113,-28
199801110DET,RS,DET,2877.0,,85,113,-28
199801120MIL,RS,MIL,0.0,,0,0,0
199801120MIL,RS,MIL,14.0,,0,2,-2
199801120MIL,RS,MIL,66.0,LC,3,2,1
199801120MIL,RS,MIL,95.0,LC,3,4,-1
199801120MIL,RS,MIL,103.0,LC,5,4,1
199801120MIL,RS,MIL,174.0,,7,4,3
199801120MIL,RS,MIL,204.0,T,7,7,0
199801120MIL,RS,MIL,250.0,LC,7,8,-1
199801120MIL,RS,MIL,250.0,,7,9,-2
199801120MIL,RS,MIL,264.0,,7,11,-4
199801120MIL,RS,MIL,313.0,,7,13,-6
199801120MIL,RS,MIL,339.0,,7,15,-8
199801120MIL,RS,MIL,366.0,,7,17,-10
199801120MIL,RS,MIL,386.0,,9,17,-8
199801120MIL,RS,MIL,406.0,,9,18,-9
199801120MIL,RS,MIL,409.0,,9,20,-11
199801120MIL,RS,MIL,422.0,,12,20,-8
199801120MIL,RS,MIL,437.0,,12,22,-10
199801120MIL,RS,MIL,462.0,,14,22,-8
199801120MIL,RS,MIL,496.0,,15,22,-7
199801120MIL,RS,MIL,496.0,,16,22,-6
199801120MIL,RS,MIL,517.0,,16,24,-8
199801120MIL,RS,MIL,541.0,,16,25,-9
199801120MIL,RS,MIL,569.0,,18,25,-7
199801120MIL,RS,MIL,588.0,,20,25,-5
199801120MIL,RS,MIL,608.0,,20,27,-7
199801120MIL,RS,MIL,628.0,,20,29,-9
199801120MIL,RS,MIL,647.0,,22,29,-7
199801120MIL,RS,MIL,661.0,,22,31,-9
199801120MIL,RS,MIL,674.0,,22,32,-10
199801120MIL,RS,MIL,674.0,,22,33,-11
199801120MIL,RS,MIL,685.0,,24,33,-9
199801120MIL,RS,MIL,741.0,,26,33,-7
199801120MIL,RS,MIL,758.0,,26,35,-9
199801120MIL,RS,MIL,843.0,,26,37,-11
199801120MIL,RS,MIL,870.0,,28,37,-9
199801120MIL,RS,MIL,910.0,,30,37,-7
199801120MIL,RS,MIL,935.0,,30,39,-9
199801120MIL,RS,MIL,948.0,,31,39,-8
199801120MIL,RS,MIL,948.0,,32,39,-7
199801120MIL,RS,MIL,972.0,,34,39,-5
199801120MIL,RS,MIL,984.0,,34,40,-6
199801120MIL,RS,MIL,984.0,,34,41,-7
199801120MIL,RS,MIL,1011.0,,34,43,-9
199801120MIL,RS,MIL,1042.0,,35,43,-8
199801120MIL,RS,MIL,1060.0,,37,43,-6
199801120MIL,RS,MIL,1071.0,,37,45,-8
199801120MIL,RS,MIL,1108.0,,37,47,-10
199801120MIL,RS,MIL,1128.0,,38,47,-9
199801120MIL,RS,MIL,1128.0,,39,47,-8
199801120MIL,RS,MIL,1140.0,,39,49,-10
199801120MIL,RS,MIL,1164.0,,40,49,-9
199801120MIL,RS,MIL,1184.0,,41,49,-8
199801120MIL,RS,MIL,1207.0,,43,49,-6
199801120MIL,RS,MIL,1221.0,,43,51,-8
199801120MIL,RS,MIL,1229.0,,43,53,-10
199801120MIL,RS,MIL,1244.0,,44,53,-9
199801120MIL,RS,MIL,1244.0,,45,53,-8
199801120MIL,RS,MIL,1275.0,,45,55,-10
199801120MIL,RS,MIL,1290.0,,46,55,-9
199801120MIL,RS,MIL,1306.0,,46,57,-11
199801120MIL,RS,MIL,1326.0,,48,57,-9
199801120MIL,RS,MIL,1326.0,,49,57,-8
199801120MIL,RS,MIL,1352.0,,50,57,-7
199801120MIL,RS,MIL,1373.0,,50,60,-10
199801120MIL,RS,MIL,1399.0,,50,62,-12
199801120MIL,RS,MIL,1458.0,,53,62,-9
199801120MIL,RS,MIL,1513.0,,53,64,-11
199801120MIL,RS,MIL,1557.0,,53,66,-13
199801120MIL,RS,MIL,1593.0,,55,66,-11
199801120MIL,RS,MIL,1619.0,,57,66,-9
199801120MIL,RS,MIL,1638.0,,57,68,-11
199801120MIL,RS,MIL,1653.0,,58,68,-10
199801120MIL,RS,MIL,1653.0,,59,68,-9
199801120MIL,RS,MIL,1677.0,,59,70,-11
199801120MIL,RS,MIL,1699.0,,61,70,-9
199801120MIL,RS,MIL,1732.0,,63,70,-7
199801120MIL,RS,MIL,1753.0,,63,72,-9
199801120MIL,RS,MIL,1783.0,,65,72,-7
199801120MIL,RS,MIL,1850.0,,65,74,-9
199801120MIL,RS,MIL,1855.0,,66,74,-8
199801120MIL,RS,MIL,1891.0,,66,76,-10
199801120MIL,RS,MIL,1917.0,,66,78,-12
199801120MIL,RS,MIL,1917.0,,66,79,-13
199801120MIL,RS,MIL,1970.0,,66,81,-15
199801120MIL,RS,MIL,1970.0,,66,82,-16
199801120MIL,RS,MIL,2024.0,,68,82,-14
199801120MIL,RS,MIL,2024.0,,69,82,-13
199801120MIL,RS,MIL,2077.0,,69,84,-15
199801120MIL,RS,MIL,2135.0,,69,86,-17
199801120MIL,RS,MIL,2247.0,,69,88,-19
199801120MIL,RS,MIL,2266.0,,71,88,-17
199801120MIL,RS,MIL,2266.0,,72,88,-16
199801120MIL,RS,MIL,2296.0,,72,89,-17
199801120MIL,RS,MIL,2296.0,,72,90,-18
199801120MIL,RS,MIL,2302.0,,74,90,-16
199801120MIL,RS,MIL,2314.0,,74,92,-18
199801120MIL,RS,MIL,2328.0,,76,92,-16
199801120MIL,RS,MIL,2432.0,,78,92,-14
199801120MIL,RS,MIL,2469.0,,78,94,-16
199801120MIL,RS,MIL,2510.0,,80,94,-14
199801120MIL,RS,MIL,2510.0,,81,94,-13
199801120MIL,RS,MIL,2542.0,,83,94,-11
199801120MIL,RS,MIL,2559.0,,83,96,-13
199801120MIL,RS,MIL,2566.0,,84,96,-12
199801120MIL,RS,MIL,2566.0,,85,96,-11
199801120MIL,RS,MIL,2583.0,,85,98,-13
199801120MIL,RS,MIL,2611.0,,85,99,-14
199801120MIL,RS,MIL,2621.0,,86,99,-13
199801120MIL,RS,MIL,2621.0,,87,99,-12
199801120MIL,RS,MIL,2667.0,,87,101,-14
199801120MIL,RS,MIL,2687.0,,89,101,-12
199801120MIL,RS,MIL,2715.0,,91,101,-10
199801120MIL,RS,MIL,2757.0,,91,103,-12
199801120MIL,RS,MIL,2820.0,,91,105,-14
199801120MIL,RS,MIL,2820.0,,91,106,-15
199801120MIL,RS,MIL,2832.0,,93,106,-13
199801120MIL,RS,MIL,2855.0,,93,108,-15
199801120MIL,RS,MIL,2863.0,,94,108,-14
199801120MIL,RS,MIL,2863.0,F,95,108,-13
199801120MIL,RS,MIL,2880.0,,95,110,-15
199801140TOR,RS,TOR,0.0,,0,0,0
199801140TOR,RS,TOR,15.0,,3,0,3
199801140TOR,RS,TOR,33.0,,3,2,1
199801140TOR,RS,TOR,82.0,LC,3,4,-1
199801140TOR,RS,TOR,107.0,LC,5,4,1
199801140TOR,RS,TOR,132.0,,7,4,3
199801140TOR,RS,TOR,154.0,,7,6,1
199801140TOR,RS,TOR,174.0,,10,6,4
199801140TOR,RS,TOR,191.0,,10,8,2
199801140TOR,RS,TOR,210.0,T,10,10,0
199801140TOR,RS,TOR,274.0,,12,10,2
199801140TOR,RS,TOR,274.0,,13,10,3
199801140TOR,RS,TOR,312.0,,13,11,2
199801140TOR,RS,TOR,312.0,,13,12,1
199801140TOR,RS,TOR,332.0,,15,12,3
199801140TOR,RS,TOR,367.0,,15,14,1
199801140TOR,RS,TOR,387.0,LC,15,16,-1
199801140TOR,RS,TOR,413.0,LC,18,16,2
199801140TOR,RS,TOR,458.0,T,18,18,0
199801140TOR,RS,TOR,481.0,,20,18,2
199801140TOR,RS,TOR,496.0,T,20,20,0
199801140TOR,RS,TOR,521.0,,22,20,2
199801140TOR,RS,TOR,540.0,,24,20,4
199801140TOR,RS,TOR,567.0,,24,22,2
199801140TOR,RS,TOR,567.0,,24,23,1
199801140TOR,RS,TOR,576.0,,26,23,3
199801140TOR,RS,TOR,630.0,,26,24,2
199801140TOR,RS,TOR,636.0,T,26,26,0
199801140TOR,RS,TOR,657.0,LC,26,28,-2
199801140TOR,RS,TOR,668.0,T,28,28,0
199801140TOR,RS,TOR,674.0,,28,29,-1
199801140TOR,RS,TOR,674.0,,28,30,-2
199801140TOR,RS,TOR,681.0,T,30,30,0
199801140TOR,RS,TOR,687.0,,30,33,-3
199801140TOR,RS,TOR,718.0,,30,35,-5
199801140TOR,RS,TOR,720.0,,33,35,-2
199801140TOR,RS,TOR,741.0,,33,37,-4
199801140TOR,RS,TOR,769.0,,33,39,-6
199801140TOR,RS,TOR,792.0,,35,39,-4
199801140TOR,RS,TOR,831.0,,37,39,-2
199801140TOR,RS,TOR,845.0,,37,41,-4
199801140TOR,RS,TOR,883.0,,39,41,-2
199801140TOR,RS,TOR,931.0,,39,43,-4
199801140TOR,RS,TOR,948.0,,40,43,-3
199801140TOR,RS,TOR,962.0,,40,45,-5
199801140TOR,RS,TOR,1041.0,,42,45,-3
199801140TOR,RS,TOR,1062.0,,42,47,-5
199801140TOR,RS,TOR,1074.0,,44,47,-3
199801140TOR,RS,TOR,1074.0,,45,47,-2
199801140TOR,RS,TOR,1086.0,,45,48,-3
199801140TOR,RS,TOR,1086.0,,45,49,-4
199801140TOR,RS,TOR,1115.0,,46,49,-3
199801140TOR,RS,TOR,1115.0,,47,49,-2
199801140TOR,RS,TOR,1157.0,,48,49,-1
199801140TOR,RS,TOR,1157.0,T,49,49,0
199801140TOR,RS,TOR,1171.0,,49,50,-1
199801140TOR,RS,TOR,1171.0,,49,51,-2
199801140TOR,RS,TOR,1183.0,T,51,51,0
199801140TOR,RS,TOR,1233.0,,51,53,-2
199801140TOR,RS,TOR,1247.0,LC,54,53,1
199801140TOR,RS,TOR,1265.0,LC,54,55,-1
199801140TOR,RS,TOR,1335.0,,54,57,-3
199801140TOR,RS,TOR,1348.0,,56,57,-1
199801140TOR,RS,TOR,1374.0,,56,59,-3
199801140TOR,RS,TOR,1497.0,,58,59,-1
199801140TOR,RS,TOR,1531.0,LC,61,59,2
199801140TOR,RS,TOR,1552.0,T,61,61,0
199801140TOR,RS,TOR,1589.0,LC,61,63,-2
199801140TOR,RS,TOR,1620.0,T,63,63,0
199801140TOR,RS,TOR,1637.0,,63,65,-2
199801140TOR,RS,TOR,1668.0,T,65,65,0
199801140TOR,RS,TOR,1686.0,,65,67,-2
199801140TOR,RS,TOR,1686.0,,65,68,-3
199801140TOR,RS,TOR,1714.0,,67,68,-1
199801140TOR,RS,TOR,1728.0,,67,71,-4
199801140TOR,RS,TOR,1737.0,,69,71,-2
199801140TOR,RS,TOR,1747.0,,69,72,-3
199801140TOR,RS,TOR,1762.0,T,72,72,0
199801140TOR,RS,TOR,1816.0,,72,74,-2
199801140TOR,RS,TOR,1923.0,T,74,74,0
199801140TOR,RS,TOR,1952.0,LC,76,74,2
199801140TOR,RS,TOR,1967.0,T,76,76,0
199801140TOR,RS,TOR,2006.0,LC,76,78,-2
199801140TOR,RS,TOR,2025.0,T,78,78,0
199801140TOR,RS,TOR,2041.0,,78,80,-2
199801140TOR,RS,TOR,2100.0,,78,82,-4
199801140TOR,RS,TOR,2115.0,,80,82,-2
199801140TOR,RS,TOR,2154.0,,80,84,-4
199801140TOR,RS,TOR,2186.0,,80,86,-6
199801140TOR,RS,TOR,2208.0,,82,86,-4
199801140TOR,RS,TOR,2237.0,,84,86,-2
199801140TOR,RS,TOR,2267.0,,84,88,-4
199801140TOR,RS,TOR,2335.0,,86,88,-2
199801140TOR,RS,TOR,2378.0,,86,90,-4
199801140TOR,RS,TOR,2430.0,,86,92,-6
199801140TOR,RS,TOR,2466.0,,86,94,-8
199801140TOR,RS,TOR,2486.0,,88,94,-6
199801140TOR,RS,TOR,2508.0,,88,96,-8
199801140TOR,RS,TOR,2565.0,,88,99,-11
199801140TOR,RS,TOR,2588.0,,90,99,-9
199801140TOR,RS,TOR,2614.0,,90,101,-11
199801140TOR,RS,TOR,2632.0,,91,101,-10
199801140TOR,RS,TOR,2649.0,,91,104,-13
199801140TOR,RS,TOR,2692.0,,93,104,-11
199801140TOR,RS,TOR,2706.0,,93,106,-13
199801140TOR,RS,TOR,2769.0,,94,106,-12
199801140TOR,RS,TOR,2769.0,,95,106,-11
199801140TOR,RS,TOR,2798.0,,97,106,-9
199801140TOR,RS,TOR,2822.0,,97,107,-10
199801140TOR,RS,TOR,2822.0,,97,108,-11
199801140TOR,RS,TOR,2833.0,,99,108,-9
199801140TOR,RS,TOR,2848.0,,99,109,-10
199801140TOR,RS,TOR,2878.0,,101,109,-8
199801140TOR,RS,TOR,2878.0,F,100,109,-9
199801150NJN,RS,NJN,0.0,,0,0,0
199801150NJN,RS,NJN,37.0,,0,2,-2
199801150NJN,RS,NJN,43.0,T,2,2,0
199801150NJN,RS,NJN,93.0,,2,4,-2
199801150NJN,RS,NJN,107.0,T,4,4,0
199801150NJN,RS,NJN,122.0,,4,6,-2
199801150NJN,RS,NJN,174.0,,4,8,-4
199801150NJN,RS,NJN,197.0,,4,9,-5
199801150NJN,RS,NJN,215.0,,5,9,-4
199801150NJN,RS,NJN,235.0,,5,11,-6
199801150NJN,RS,NJN,244.0,,7,11,-4
199801150NJN,RS,NJN,253.0,,7,13,-6
199801150NJN,RS,NJN,296.0,,7,15,-8
199801150NJN,RS,NJN,320.0,,9,15,-6
199801150NJN,RS,NJN,347.0,,9,16,-7
199801150NJN,RS,NJN,347.0,,9,17,-8
199801150NJN,RS,NJN,371.0,,9,20,-11
199801150NJN,RS,NJN,394.0,,12,20,-8
199801150NJN,RS,NJN,411.0,,12,22,-10
199801150NJN,RS,NJN,411.0,,12,23,-11
199801150NJN,RS,NJN,419.0,,14,23,-9
199801150NJN,RS,NJN,430.0,,14,24,-10
199801150NJN,RS,NJN,445.0,,16,24,-8
199801150NJN,RS,NJN,445.0,,17,24,-7
199801150NJN,RS,NJN,458.0,,17,25,-8
199801150NJN,RS,NJN,458.0,,17,26,-9
199801150NJN,RS,NJN,476.0,,20,26,-6
199801150NJN,RS,NJN,476.0,,21,26,-5
199801150NJN,RS,NJN,517.0,,23,26,-3
199801150NJN,RS,NJN,543.0,,23,28,-5
199801150NJN,RS,NJN,571.0,,23,30,-7
199801150NJN,RS,NJN,594.0,,23,33,-10
199801150NJN,RS,NJN,614.0,,25,33,-8
199801150NJN,RS,NJN,655.0,,25,35,-10
199801150NJN,RS,NJN,671.0,,27,35,-8
199801150NJN,RS,NJN,671.0,,28,35,-7
199801150NJN,RS,NJN,684.0,,28,37,-9
199801150NJN,RS,NJN,702.0,,30,37,-7
199801150NJN,RS,NJN,709.0,,30,38,-8
199801150NJN,RS,NJN,709.0,,30,39,-9
199801150NJN,RS,NJN,720.0,,33,39,-6
199801150NJN,RS,NJN,752.0,,36,39,-3
199801150NJN,RS,NJN,810.0,,36,41,-5
199801150NJN,RS,NJN,834.0,,38,41,-3
199801150NJN,RS,NJN,854.0,,38,43,-5
199801150NJN,RS,NJN,866.0,,40,43,-3
199801150NJN,RS,NJN,908.0,T,43,43,0
199801150NJN,RS,NJN,947.0,,43,44,-1
199801150NJN,RS,NJN,947.0,,43,45,-2
199801150NJN,RS,NJN,1001.0,,43,47,-4
199801150NJN,RS,NJN,1007.0,,45,47,-2
199801150NJN,RS,NJN,1031.0,T,47,47,0
199801150NJN,RS,NJN,1041.0,,47,49,-2
199801150NJN,RS,NJN,1099.0,T,49,49,0
199801150NJN,RS,NJN,1099.0,LC,50,49,1
199801150NJN,RS,NJN,1111.0,LC,50,51,-1
199801150NJN,RS,NJN,1146.0,LC,53,51,2
199801150NJN,RS,NJN,1155.0,,53,52,1
199801150NJN,RS,NJN,1155.0,T,53,53,0
199801150NJN,RS,NJN,1172.0,,55,53,2
199801150NJN,RS,NJN,1185.0,,55,54,1
199801150NJN,RS,NJN,1213.0,LC,55,56,-1
199801150NJN,RS,NJN,1239.0,T,56,56,0
199801150NJN,RS,NJN,1265.0,,56,58,-2
199801150NJN,RS,NJN,1310.0,,56,60,-4
199801150NJN,RS,NJN,1322.0,,59,60,-1
199801150NJN,RS,NJN,1359.0,LC,61,60,1
199801150NJN,RS,NJN,1438.0,,63,60,3
199801150NJN,RS,NJN,1456.0,,63,62,1
199801150NJN,RS,NJN,1475.0,,65,62,3
199801150NJN,RS,NJN,1519.0,,67,62,5
199801150NJN,RS,NJN,1550.0,,69,62,7
199801150NJN,RS,NJN,1567.0,,69,65,4
199801150NJN,RS,NJN,1578.0,,71,65,6
199801150NJN,RS,NJN,1617.0,,71,67,4
199801150NJN,RS,NJN,1638.0,,73,67,6
199801150NJN,RS,NJN,1652.0,,75,67,8
199801150NJN,RS,NJN,1679.0,,75,69,6
199801150NJN,RS,NJN,1706.0,,76,69,7
199801150NJN,RS,NJN,1706.0,,77,69,8
199801150NJN,RS,NJN,1721.0,,77,70,7
199801150NJN,RS,NJN,1721.0,,77,71,6
199801150NJN,RS,NJN,1742.0,,77,73,4
199801150NJN,RS,NJN,1759.0,,78,73,5
199801150NJN,RS,NJN,1795.0,,78,75,3
199801150NJN,RS,NJN,1828.0,,80,75,5
199801150NJN,RS,NJN,1857.0,,80,77,3
199801150NJN,RS,NJN,1897.0,,80,79,1
199801150NJN,RS,NJN,1917.0,,82,79,3
199801150NJN,RS,NJN,1938.0,,82,81,1
199801150NJN,RS,NJN,1944.0,,83,81,2
199801150NJN,RS,NJN,1944.0,,84,81,3
199801150NJN,RS,NJN,1971.0,,84,83,1
199801150NJN,RS,NJN,1981.0,,85,83,2
199801150NJN,RS,NJN,2021.0,,87,83,4
199801150NJN,RS,NJN,2040.0,,87,85,2
199801150NJN,RS,NJN,2067.0,,89,85,4
199801150NJN,RS,NJN,2085.0,,89,88,1
199801150NJN,RS,NJN,2090.0,,90,88,2
199801150NJN,RS,NJN,2181.0,,92,88,4
199801150NJN,RS,NJN,2233.0,,95,88,7
199801150NJN,RS,NJN,2257.0,,95,89,6
199801150NJN,RS,NJN,2298.0,,95,90,5
199801150NJN,RS,NJN,2433.0,,95,92,3
199801150NJN,RS,NJN,2461.0,,97,92,5
199801150NJN,RS,NJN,2490.0,,97,94,3
199801150NJN,RS,NJN,2519.0,,98,94,4
199801150NJN,RS,NJN,2519.0,,99,94,5
199801150NJN,RS,NJN,2528.0,,99,96,3
199801150NJN,RS,NJN,2543.0,,101,96,5
199801150NJN,RS,NJN,2558.0,,101,98,3
199801150NJN,RS,NJN,2600.0,,104,98,6
199801150NJN,RS,NJN,2617.0,,104,100,4
199801150NJN,RS,NJN,2617.0,,104,101,3
199801150NJN,RS,NJN,2633.0,,105,101,4
199801150NJN,RS,NJN,2633.0,,106,101,5
199801150NJN,RS,NJN,2650.0,,106,103,3
199801150NJN,RS,NJN,2667.0,,108,103,5
199801150NJN,RS,NJN,2692.0,,108,104,4
199801150NJN,RS,NJN,2724.0,,110,104,6
199801150NJN,RS,NJN,2744.0,,110,105,5
199801150NJN,RS,NJN,2746.0,,111,105,6
199801150NJN,RS,NJN,2771.0,,113,105,8
199801150NJN,RS,NJN,2778.0,,113,106,7
199801150NJN,RS,NJN,2778.0,,113,107,6
199801150NJN,RS,NJN,2791.0,,113,109,4
199801150NJN,RS,NJN,2794.0,,114,109,5
199801150NJN,RS,NJN,2794.0,,115,109,6
199801150NJN,RS,NJN,2803.0,,115,111,4
199801150NJN,RS,NJN,2820.0,,117,111,6
199801150NJN,RS,NJN,2832.0,,117,114,3
199801150NJN,RS,NJN,2861.0,,117,115,2
199801150NJN,RS,NJN,2861.0,,117,116,1
199801150NJN,RS,NJN,2869.0,,118,116,2
199801150NJN,RS,NJN,2875.0,F,119,116,3
199801150NJN,RS,NJN,2880.0,,119,116,3
199801170WAS,RS,WAS,0.0,,0,0,0
199801170WAS,RS,WAS,30.0,,0,2,-2
199801170WAS,RS,WAS,36.0,T,2,2,0
199801170WAS,RS,WAS,51.0,,2,4,-2
199801170WAS,RS,WAS,91.0,,2,6,-4
199801170WAS,RS,WAS,120.0,,2,8,-6
199801170WAS,RS,WAS,159.0,,5,8,-3
199801170WAS,RS,WAS,177.0,,5,10,-5
199801170WAS,RS,WAS,205.0,,7,10,-3
199801170WAS,RS,WAS,224.0,,7,12,-5
199801170WAS,RS,WAS,270.0,,9,12,-3
199801170WAS,RS,WAS,307.0,,11,12,-1
199801170WAS,RS,WAS,321.0,,11,14,-3
199801170WAS,RS,WAS,328.0,T,14,14,0
199801170WAS,RS,WAS,363.0,LC,17,14,3
199801170WAS,RS,WAS,400.0,,19,14,5
199801170WAS,RS,WAS,400.0,,20,14,6
199801170WAS,RS,WAS,411.0,,20,16,4
199801170WAS,RS,WAS,446.0,,23,16,7
199801170WAS,RS,WAS,470.0,,23,18,5
199801170WAS,RS,WAS,511.0,,25,18,7
199801170WAS,RS,WAS,523.0,,25,20,5
199801170WAS,RS,WAS,548.0,,27,20,7
199801170WAS,RS,WAS,568.0,,27,22,5
199801170WAS,RS,WAS,614.0,,27,24,3
199801170WAS,RS,WAS,635.0,,29,24,5
199801170WAS,RS,WAS,653.0,,29,26,3
199801170WAS,RS,WAS,661.0,,31,26,5
199801170WAS,RS,WAS,694.0,,33,26,7
199801170WAS,RS,WAS,733.0,,33,29,4
199801170WAS,RS,WAS,765.0,,33,32,1
199801170WAS,RS,WAS,782.0,,35,32,3
199801170WAS,RS,WAS,825.0,T,35,35,0
199801170WAS,RS,WAS,845.0,,36,35,1
199801170WAS,RS,WAS,845.0,,37,35,2
199801170WAS,RS,WAS,886.0,T,37,37,0
199801170WAS,RS,WAS,906.0,LC,37,39,-2
199801170WAS,RS,WAS,999.0,,37,42,-5
199801170WAS,RS,WAS,1057.0,,39,42,-3
199801170WAS,RS,WAS,1071.0,,39,44,-5
199801170WAS,RS,WAS,1088.0,,39,45,-6
199801170WAS,RS,WAS,1088.0,,39,46,-7
199801170WAS,RS,WAS,1104.0,,41,46,-5
199801170WAS,RS,WAS,1124.0,,43,46,-3
199801170WAS,RS,WAS,1136.0,,43,48,-5
199801170WAS,RS,WAS,1155.0,,45,48,-3
199801170WAS,RS,WAS,1164.0,,45,49,-4
199801170WAS,RS,WAS,1164.0,,45,50,-5
199801170WAS,RS,WAS,1186.0,,46,50,-4
199801170WAS,RS,WAS,1222.0,,46,52,-6
199801170WAS,RS,WAS,1238.0,,47,52,-5
199801170WAS,RS,WAS,1238.0,,48,52,-4
199801170WAS,RS,WAS,1258.0,,49,52,-3
199801170WAS,RS,WAS,1260.0,,50,52,-2
199801170WAS,RS,WAS,1273.0,,50,53,-3
199801170WAS,RS,WAS,1273.0,,50,54,-4
199801170WAS,RS,WAS,1303.0,,50,56,-6
199801170WAS,RS,WAS,1314.0,,50,57,-7
199801170WAS,RS,WAS,1314.0,,50,58,-8
199801170WAS,RS,WAS,1338.0,,50,60,-10
199801170WAS,RS,WAS,1362.0,,51,60,-9
199801170WAS,RS,WAS,1362.0,,52,60,-8
199801170WAS,RS,WAS,1382.0,,52,62,-10
199801170WAS,RS,WAS,1387.0,,54,62,-8
199801170WAS,RS,WAS,1473.0,,54,64,-10
199801170WAS,RS,WAS,1523.0,,54,66,-12
199801170WAS,RS,WAS,1547.0,,54,68,-14
199801170WAS,RS,WAS,1573.0,,56,68,-12
199801170WAS,RS,WAS,1612.0,,59,68,-9
199801170WAS,RS,WAS,1646.0,,59,70,-11
199801170WAS,RS,WAS,1674.0,,59,71,-12
199801170WAS,RS,WAS,1674.0,,59,72,-13
199801170WAS,RS,WAS,1732.0,,59,73,-14
199801170WAS,RS,WAS,1741.0,,61,73,-12
199801170WAS,RS,WAS,1766.0,,63,73,-10
199801170WAS,RS,WAS,1781.0,,63,75,-12
199801170WAS,RS,WAS,1807.0,,66,75,-9
199801170WAS,RS,WAS,1853.0,,66,77,-11
199801170WAS,RS,WAS,1885.0,,66,79,-13
199801170WAS,RS,WAS,1915.0,,67,79,-12
199801170WAS,RS,WAS,1989.0,,67,81,-14
199801170WAS,RS,WAS,2002.0,,67,82,-15
199801170WAS,RS,WAS,2002.0,,67,83,-16
199801170WAS,RS,WAS,2017.0,,70,83,-13
199801170WAS,RS,WAS,2036.0,,70,85,-15
199801170WAS,RS,WAS,2061.0,,73,85,-12
199801170WAS,RS,WAS,2160.0,,75,85,-10
199801170WAS,RS,WAS,2204.0,,75,87,-12
199801170WAS,RS,WAS,2259.0,,78,87,-9
199801170WAS,RS,WAS,2275.0,,78,89,-11
199801170WAS,RS,WAS,2293.0,,79,89,-10
199801170WAS,RS,WAS,2316.0,,81,89,-8
199801170WAS,RS,WAS,2356.0,,81,90,-9
199801170WAS,RS,WAS,2356.0,,81,91,-10
199801170WAS,RS,WAS,2377.0,,81,93,-12
199801170WAS,RS,WAS,2400.0,,83,93,-10
199801170WAS,RS,WAS,2438.0,,83,95,-12
199801170WAS,RS,WAS,2444.0,,86,95,-9
199801170WAS,RS,WAS,2471.0,,86,97,-11
199801170WAS,RS,WAS,2526.0,,86,99,-13
199801170WAS,RS,WAS,2565.0,,88,99,-11
199801170WAS,RS,WAS,2585.0,,89,99,-10
199801170WAS,RS,WAS,2585.0,,90,99,-9
199801170WAS,RS,WAS,2605.0,,92,99,-7
199801170WAS,RS,WAS,2626.0,,92,101,-9
199801170WAS,RS,WAS,2647.0,,93,101,-8
199801170WAS,RS,WAS,2659.0,,95,101,-6
199801170WAS,RS,WAS,2688.0,,95,103,-8
199801170WAS,RS,WAS,2751.0,,95,104,-9
199801170WAS,RS,WAS,2751.0,,95,105,-10
199801170WAS,RS,WAS,2767.0,,97,105,-8
199801170WAS,RS,WAS,2792.0,,99,105,-6
199801170WAS,RS,WAS,2829.0,,99,107,-8
199801170WAS,RS,WAS,2854.0,F,99,108,-9
199801170WAS,RS,WAS,2860.0,,99,108,-9
199801190MIN,RS,MIN,0.0,,0,0,0
199801190MIN,RS,MIN,36.0,,2,0,2
199801190MIN,RS,MIN,58.0,T,2,2,0
199801190MIN,RS,MIN,63.0,,4,2,2
199801190MIN,RS,MIN,103.0,T,4,4,0
199801190MIN,RS,MIN,122.0,,6,4,2
199801190MIN,RS,MIN,137.0,T,6,6,0
199801190MIN,RS,MIN,226.0,LC,6,8,-2
199801190MIN,RS,MIN,249.0,,6,9,-3
199801190MIN,RS,MIN,249.0,,6,10,-4
199801190MIN,RS,MIN,269.0,,8,10,-2
199801190MIN,RS,MIN,402.0,LC,11,10,1
199801190MIN,RS,MIN,429.0,,12,10,2
199801190MIN,RS,MIN,429.0,,13,10,3
199801190MIN,RS,MIN,449.0,,13,12,1
199801190MIN,RS,MIN,449.0,T,13,13,0
199801190MIN,RS,MIN,491.0,,15,13,2
199801190MIN,RS,MIN,515.0,,16,13,3
199801190MIN,RS,MIN,515.0,,17,13,4
199801190MIN,RS,MIN,537.0,,17,15,2
199801190MIN,RS,MIN,592.0,,19,15,4
199801190MIN,RS,MIN,601.0,,19,17,2
199801190MIN,RS,MIN,651.0,T,19,19,0
199801190MIN,RS,MIN,660.0,,21,19,2
199801190MIN,RS,MIN,671.0,T,21,21,0
199801190MIN,RS,MIN,766.0,,24,21,3
199801190MIN,RS,MIN,781.0,,24,23,1
199801190MIN,RS,MIN,787.0,,26,23,3
199801190MIN,RS,MIN,813.0,,26,25,1
199801190MIN,RS,MIN,887.0,LC,26,27,-1
199801190MIN,RS,MIN,921.0,,26,29,-3
199801190MIN,RS,MIN,956.0,,26,31,-5
199801190MIN,RS,MIN,975.0,,26,32,-6
199801190MIN,RS,MIN,987.0,,29,32,-3
199801190MIN,RS,MIN,1014.0,,29,33,-4
199801190MIN,RS,MIN,1056.0,,29,34,-5
199801190MIN,RS,MIN,1064.0,,30,34,-4
199801190MIN,RS,MIN,1076.0,,30,36,-6
199801190MIN,RS,MIN,1095.0,,32,36,-4
199801190MIN,RS,MIN,1127.0,,32,38,-6
199801190MIN,RS,MIN,1166.0,,32,39,-7
199801190MIN,RS,MIN,1185.0,,34,39,-5
199801190MIN,RS,MIN,1204.0,,34,41,-7
199801190MIN,RS,MIN,1237.0,,34,43,-9
199801190MIN,RS,MIN,1244.0,,34,44,-10
199801190MIN,RS,MIN,1244.0,,34,45,-11
199801190MIN,RS,MIN,1265.0,,34,47,-13
199801190MIN,RS,MIN,1265.0,,34,48,-14
199801190MIN,RS,MIN,1275.0,,35,48,-13
199801190MIN,RS,MIN,1275.0,,36,48,-12
199801190MIN,RS,MIN,1296.0,,38,48,-10
199801190MIN,RS,MIN,1308.0,,38,50,-12
199801190MIN,RS,MIN,1316.0,,39,50,-11
199801190MIN,RS,MIN,1316.0,,40,50,-10
199801190MIN,RS,MIN,1316.0,,41,50,-9
199801190MIN,RS,MIN,1354.0,,43,50,-7
199801190MIN,RS,MIN,1360.0,,43,53,-10
199801190MIN,RS,MIN,1396.0,,45,53,-8
199801190MIN,RS,MIN,1403.0,,45,56,-11
199801190MIN,RS,MIN,1414.0,,47,56,-9
199801190MIN,RS,MIN,1435.0,,47,58,-11
199801190MIN,RS,MIN,1437.0,,48,58,-10
199801190MIN,RS,MIN,1437.0,,49,58,-9
199801190MIN,RS,MIN,1486.0,,51,58,-7
199801190MIN,RS,MIN,1526.0,,51,60,-9
199801190MIN,RS,MIN,1547.0,,51,62,-11
199801190MIN,RS,MIN,1571.0,,53,62,-9
199801190MIN,RS,MIN,1591.0,,54,62,-8
199801190MIN,RS,MIN,1591.0,,55,62,-7
199801190MIN,RS,MIN,1613.0,,55,64,-9
199801190MIN,RS,MIN,1652.0,,57,64,-7
199801190MIN,RS,MIN,1665.0,,57,66,-9
199801190MIN,RS,MIN,1675.0,,59,66,-7
199801190MIN,RS,MIN,1687.0,,59,67,-8
199801190MIN,RS,MIN,1724.0,,59,68,-9
199801190MIN,RS,MIN,1724.0,,59,69,-10
199801190MIN,RS,MIN,1819.0,,62,69,-7
199801190MIN,RS,MIN,1832.0,,62,70,-8
199801190MIN,RS,MIN,1832.0,,62,71,-9
199801190MIN,RS,MIN,1847.0,,63,71,-8
199801190MIN,RS,MIN,1847.0,,64,71,-7
199801190MIN,RS,MIN,1871.0,,64,73,-9
199801190MIN,RS,MIN,1889.0,,66,73,-7
199801190MIN,RS,MIN,1931.0,,66,75,-9
199801190MIN,RS,MIN,1952.0,,66,77,-11
199801190MIN,RS,MIN,1991.0,,66,79,-13
199801190MIN,RS,MIN,2011.0,,66,81,-15
199801190MIN,RS,MIN,2021.0,,66,83,-17
199801190MIN,RS,MIN,2037.0,,67,83,-16
199801190MIN,RS,MIN,2037.0,,68,83,-15
199801190MIN,RS,MIN,2050.0,,68,85,-17
199801190MIN,RS,MIN,2061.0,,71,85,-14
199801190MIN,RS,MIN,2111.0,,74,85,-11
199801190MIN,RS,MIN,2124.0,,74,88,-14
199801190MIN,RS,MIN,2136.0,,75,88,-13
199801190MIN,RS,MIN,2138.0,,77,88,-11
199801190MIN,RS,MIN,2230.0,,77,90,-13
199801190MIN,RS,MIN,2269.0,,80,90,-10
199801190MIN,RS,MIN,2294.0,,83,90,-7
199801190MIN,RS,MIN,2320.0,,83,91,-8
199801190MIN,RS,MIN,2320.0,,83,92,-9
199801190MIN,RS,MIN,2377.0,,85,92,-7
199801190MIN,RS,MIN,2428.0,,87,92,-5
199801190MIN,RS,MIN,2459.0,,87,94,-7
199801190MIN,RS,MIN,2473.0,,89,94,-5
199801190MIN,RS,MIN,2490.0,,89,96,-7
199801190MIN,RS,MIN,2490.0,,89,97,-8
199801190MIN,RS,MIN,2518.0,,89,99,-10
199801190MIN,RS,MIN,2521.0,,89,100,-11
199801190MIN,RS,MIN,2521.0,,89,101,-12
199801190MIN,RS,MIN,2521.0,,89,102,-13
199801190MIN,RS,MIN,2546.0,,91,102,-11
199801190MIN,RS,MIN,2572.0,,91,103,-12
199801190MIN,RS,MIN,2605.0,,91,105,-14
199801190MIN,RS,MIN,2631.0,,93,105,-12
199801190MIN,RS,MIN,2667.0,,93,107,-14
199801190MIN,RS,MIN,2683.0,,93,108,-15
199801190MIN,RS,MIN,2683.0,,93,109,-16
199801190MIN,RS,MIN,2710.0,,93,110,-17
199801190MIN,RS,MIN,2710.0,,93,111,-18
199801190MIN,RS,MIN,2735.0,,96,111,-15
199801190MIN,RS,MIN,2762.0,,96,113,-17
199801190MIN,RS,MIN,2773.0,,98,113,-15
199801190MIN,RS,MIN,2787.0,,100,113,-13
199801190MIN,RS,MIN,2805.0,,100,115,-15
199801190MIN,RS,MIN,2834.0,,102,115,-13
199801190MIN,RS,MIN,2838.0,,105,115,-10
199801190MIN,RS,MIN,2844.0,,105,116,-11
199801190MIN,RS,MIN,2857.0,,107,116,-9
199801190MIN,RS,MIN,2874.0,,109,116,-7
199801190MIN,RS,MIN,2875.0,F,109,117,-8
199801190MIN,RS,MIN,2876.0,,109,117,-8
199801220LAC,RS,DET,0.0,,0,0,0
199801220LAC,RS,DET,63.0,,2,0,2
199801220LAC,RS,DET,83.0,,3,0,3
199801220LAC,RS,DET,122.0,,5,0,5
199801220LAC,RS,DET,140.0,,5,2,3
199801220LAC,RS,DET,193.0,,5,4,1
199801220LAC,RS,DET,224.0,LC,5,6,-1
199801220LAC,RS,DET,351.0,,5,8,-3
199801220LAC,RS,DET,370.0,,7,8,-1
199801220LAC,RS,DET,411.0,LC,10,8,2
199801220LAC,RS,DET,441.0,,12,8,4
199801220LAC,RS,DET,486.0,,14,8,6
199801220LAC,RS,DET,509.0,,14,10,4
199801220LAC,RS,DET,528.0,,16,10,6
199801220LAC,RS,DET,562.0,,16,12,4
199801220LAC,RS,DET,580.0,,17,12,5
199801220LAC,RS,DET,580.0,,18,12,6
199801220LAC,RS,DET,684.0,,18,13,5
199801220LAC,RS,DET,684.0,,18,14,4
199801220LAC,RS,DET,694.0,,19,14,5
199801220LAC,RS,DET,694.0,,20,14,6
199801220LAC,RS,DET,712.0,,20,15,5
199801220LAC,RS,DET,736.0,,20,17,3
199801220LAC,RS,DET,770.0,,20,19,1
199801220LAC,RS,DET,770.0,T,20,20,0
199801220LAC,RS,DET,797.0,LC,20,22,-2
199801220LAC,RS,DET,835.0,,20,24,-4
199801220LAC,RS,DET,856.0,,22,24,-2
199801220LAC,RS,DET,892.0,T,24,24,0
199801220LAC,RS,DET,892.0,LC,25,24,1
199801220LAC,RS,DET,907.0,LC,25,26,-1
199801220LAC,RS,DET,971.0,LC,28,26,2
199801220LAC,RS,DET,989.0,T,28,28,0
199801220LAC,RS,DET,1025.0,LC,28,30,-2
199801220LAC,RS,DET,1086.0,T,30,30,0
199801220LAC,RS,DET,1104.0,,30,32,-2
199801220LAC,RS,DET,1145.0,,30,34,-4
199801220LAC,RS,DET,1186.0,,30,36,-6
199801220LAC,RS,DET,1208.0,,31,36,-5
199801220LAC,RS,DET,1241.0,,31,37,-6
199801220LAC,RS,DET,1241.0,,31,38,-7
199801220LAC,RS,DET,1295.0,,31,39,-8
199801220LAC,RS,DET,1316.0,,33,39,-6
199801220LAC,RS,DET,1336.0,,33,41,-8
199801220LAC,RS,DET,1399.0,,33,43,-10
199801220LAC,RS,DET,1422.0,,35,43,-8
199801220LAC,RS,DET,1465.0,,37,43,-6
199801220LAC,RS,DET,1505.0,,39,43,-4
199801220LAC,RS,DET,1543.0,,39,45,-6
199801220LAC,RS,DET,1554.0,,39,47,-8
199801220LAC,RS,DET,1569.0,,39,48,-9
199801220LAC,RS,DET,1569.0,,39,49,-10
199801220LAC,RS,DET,1582.0,,41,49,-8
199801220LAC,RS,DET,1624.0,,43,49,-6
199801220LAC,RS,DET,1644.0,,43,52,-9
199801220LAC,RS,DET,1650.0,,45,52,-7
199801220LAC,RS,DET,1746.0,,45,54,-9
199801220LAC,RS,DET,1777.0,,45,55,-10
199801220LAC,RS,DET,1803.0,,46,55,-9
199801220LAC,RS,DET,1839.0,,47,55,-8
199801220LAC,RS,DET,1839.0,,48,55,-7
199801220LAC,RS,DET,1857.0,,48,57,-9
199801220LAC,RS,DET,1875.0,,50,57,-7
199801220LAC,RS,DET,1894.0,,50,59,-9
199801220LAC,RS,DET,1943.0,,52,59,-7
199801220LAC,RS,DET,2052.0,,52,61,-9
199801220LAC,RS,DET,2079.0,,52,63,-11
199801220LAC,RS,DET,2151.0,,52,64,-12
199801220LAC,RS,DET,2151.0,,52,65,-13
199801220LAC,RS,DET,2157.0,,54,65,-11
199801220LAC,RS,DET,2200.0,,54,66,-12
199801220LAC,RS,DET,2200.0,,54,67,-13
199801220LAC,RS,DET,2227.0,,56,67,-11
199801220LAC,RS,DET,2257.0,,58,67,-9
199801220LAC,RS,DET,2288.0,,60,67,-7
199801220LAC,RS,DET,2303.0,,60,69,-9
199801220LAC,RS,DET,2325.0,,60,70,-10
199801220LAC,RS,DET,2325.0,,60,71,-11
199801220LAC,RS,DET,2364.0,,60,73,-13
199801220LAC,RS,DET,2411.0,,60,74,-14
199801220LAC,RS,DET,2411.0,,60,75,-15
199801220LAC,RS,DET,2426.0,,62,75,-13
199801220LAC,RS,DET,2449.0,,62,77,-15
199801220LAC,RS,DET,2534.0,,62,78,-16
199801220LAC,RS,DET,2546.0,,63,78,-15
199801220LAC,RS,DET,2546.0,,64,78,-14
199801220LAC,RS,DET,2573.0,,65,78,-13
199801220LAC,RS,DET,2573.0,,66,78,-12
199801220LAC,RS,DET,2592.0,,66,80,-14
199801220LAC,RS,DET,2608.0,,68,80,-12
199801220LAC,RS,DET,2632.0,,69,80,-11
199801220LAC,RS,DET,2643.0,,69,81,-12
199801220LAC,RS,DET,2643.0,,69,82,-13
199801220LAC,RS,DET,2680.0,,69,85,-16
199801220LAC,RS,DET,2699.0,,69,86,-17
199801220LAC,RS,DET,2699.0,,69,87,-18
199801220LAC,RS,DET,2721.0,,69,89,-20
199801220LAC,RS,DET,2739.0,,70,89,-19
199801220LAC,RS,DET,2739.0,,71,89,-18
199801220LAC,RS,DET,2778.0,,72,89,-17
199801220LAC,RS,DET,2801.0,,74,89,-15
199801220LAC,RS,DET,2830.0,,74,90,-16
199801220LAC,RS,DET,2830.0,,74,91,-17
199801220LAC,RS,DET,2854.0,,74,93,-19
199801220LAC,RS,DET,2854.0,F,74,94,-20
199801220LAC,RS,DET,2879.0,,76,94,-18
199801240LAC,RS,DEN,0.0,,0,0,0
199801240LAC,RS,DEN,48.0,,0,2,-2
199801240LAC,RS,DEN,66.0,LC,3,2,1
199801240LAC,RS,DEN,98.0,,5,2,3
199801240LAC,RS,DEN,126.0,,7,2,5
199801240LAC,RS,DEN,149.0,,7,4,3
199801240LAC,RS,DEN,173.0,,9,4,5
199801240LAC,RS,DEN,189.0,,9,6,3
199801240LAC,RS,DEN,223.0,,9,7,2
199801240LAC,RS,DEN,314.0,T,9,9,0
199801240LAC,RS,DEN,350.0,LC,9,11,-2
199801240LAC,RS,DEN,369.0,,9,13,-4
199801240LAC,RS,DEN,410.0,,9,15,-6
199801240LAC,RS,DEN,462.0,,9,17,-8
199801240LAC,RS,DEN,484.0,,9,19,-10
199801240LAC,RS,DEN,536.0,,11,19,-8
199801240LAC,RS,DEN,579.0,,11,20,-9
199801240LAC,RS,DEN,603.0,,11,22,-11
199801240LAC,RS,DEN,622.0,,12,22,-10
199801240LAC,RS,DEN,634.0,,12,24,-12
199801240LAC,RS,DEN,653.0,,13,24,-11
199801240LAC,RS,DEN,653.0,,14,24,-10
199801240LAC,RS,DEN,677.0,,15,24,-9
199801240LAC,RS,DEN,717.0,,15,26,-11
199801240LAC,RS,DEN,804.0,,15,27,-12
199801240LAC,RS,DEN,804.0,,15,28,-13
199801240LAC,RS,DEN,843.0,,17,28,-11
199801240LAC,RS,DEN,864.0,,17,30,-13
199801240LAC,RS,DEN,883.0,,19,30,-11
199801240LAC,RS,DEN,900.0,,19,31,-12
199801240LAC,RS,DEN,927.0,,21,31,-10
199801240LAC,RS,DEN,946.0,,21,33,-12
199801240LAC,RS,DEN,975.0,,21,35,-14
199801240LAC,RS,DEN,993.0,,23,35,-12
199801240LAC,RS,DEN,1011.0,,23,37,-14
199801240LAC,RS,DEN,1013.0,,23,39,-16
199801240LAC,RS,DEN,1059.0,,23,41,-18
199801240LAC,RS,DEN,1073.0,,25,41,-16
199801240LAC,RS,DEN,1114.0,,26,41,-15
199801240LAC,RS,DEN,1114.0,,27,41,-14
199801240LAC,RS,DEN,1129.0,,27,43,-16
199801240LAC,RS,DEN,1151.0,,30,43,-13
199801240LAC,RS,DEN,1164.0,,30,45,-15
199801240LAC,RS,DEN,1217.0,,30,47,-17
199801240LAC,RS,DEN,1236.0,,31,47,-16
199801240LAC,RS,DEN,1236.0,,32,47,-15
199801240LAC,RS,DEN,1257.0,,32,48,-16
199801240LAC,RS,DEN,1257.0,,32,49,-17
199801240LAC,RS,DEN,1337.0,,34,49,-15
199801240LAC,RS,DEN,1380.0,,34,52,-18
199801240LAC,RS,DEN,1392.0,,35,52,-17
199801240LAC,RS,DEN,1392.0,,36,52,-16
199801240LAC,RS,DEN,1429.0,,36,53,-17
199801240LAC,RS,DEN,1429.0,,36,54,-18
199801240LAC,RS,DEN,1434.0,,36,55,-19
199801240LAC,RS,DEN,1434.0,,36,56,-20
199801240LAC,RS,DEN,1438.0,,37,56,-19
199801240LAC,RS,DEN,1438.0,,38,56,-18
199801240LAC,RS,DEN,1464.0,,38,58,-20
199801240LAC,RS,DEN,1510.0,,40,58,-18
199801240LAC,RS,DEN,1532.0,,40,60,-20
199801240LAC,RS,DEN,1589.0,,42,60,-18
199801240LAC,RS,DEN,1642.0,,44,60,-16
199801240LAC,RS,DEN,1667.0,,44,62,-18
199801240LAC,RS,DEN,1700.0,,46,62,-16
199801240LAC,RS,DEN,1737.0,,48,62,-14
199801240LAC,RS,DEN,1851.0,,50,62,-12
199801240LAC,RS,DEN,1876.0,,50,63,-13
199801240LAC,RS,DEN,1876.0,,50,64,-14
199801240LAC,RS,DEN,1939.0,,52,64,-12
199801240LAC,RS,DEN,1967.0,,52,65,-13
199801240LAC,RS,DEN,1967.0,,52,66,-14
199801240LAC,RS,DEN,2009.0,,52,67,-15
199801240LAC,RS,DEN,2009.0,,52,68,-16
199801240LAC,RS,DEN,2045.0,,52,70,-18
199801240LAC,RS,DEN,2062.0,,52,72,-20
199801240LAC,RS,DEN,2095.0,,52,74,-22
199801240LAC,RS,DEN,2129.0,,52,76,-24
199801240LAC,RS,DEN,2141.0,,53,76,-23
199801240LAC,RS,DEN,2145.0,,53,78,-25
199801240LAC,RS,DEN,2183.0,,55,78,-23
199801240LAC,RS,DEN,2200.0,,55,79,-24
199801240LAC,RS,DEN,2200.0,,55,80,-25
199801240LAC,RS,DEN,2253.0,,56,80,-24
199801240LAC,RS,DEN,2253.0,,57,80,-23
199801240LAC,RS,DEN,2275.0,,57,81,-24
199801240LAC,RS,DEN,2275.0,,57,82,-25
199801240LAC,RS,DEN,2275.0,,57,83,-26
199801240LAC,RS,DEN,2308.0,,59,83,-24
199801240LAC,RS,DEN,2336.0,,62,83,-21
199801240LAC,RS,DEN,2360.0,,62,85,-23
199801240LAC,RS,DEN,2415.0,,62,86,-24
199801240LAC,RS,DEN,2415.0,,62,87,-25
199801240LAC,RS,DEN,2431.0,,63,87,-24
199801240LAC,RS,DEN,2431.0,,64,87,-23
199801240LAC,RS,DEN,2482.0,,66,87,-21
199801240LAC,RS,DEN,2482.0,,67,87,-20
199801240LAC,RS,DEN,2515.0,,69,87,-18
199801240LAC,RS,DEN,2578.0,,69,89,-20
199801240LAC,RS,DEN,2587.0,,70,89,-19
199801240LAC,RS,DEN,2608.0,,70,91,-21
199801240LAC,RS,DEN,2627.0,,71,91,-20
199801240LAC,RS,DEN,2627.0,,72,91,-19
199801240LAC,RS,DEN,2681.0,,73,91,-18
199801240LAC,RS,DEN,2681.0,,74,91,-17
199801240LAC,RS,DEN,2691.0,,74,92,-18
199801240LAC,RS,DEN,2691.0,,74,93,-19
199801240LAC,RS,DEN,2707.0,,75,93,-18
199801240LAC,RS,DEN,2728.0,,75,94,-19
199801240LAC,RS,DEN,2742.0,,76,94,-18
199801240LAC,RS,DEN,2742.0,,77,94,-17
199801240LAC,RS,DEN,2764.0,,77,95,-18
199801240LAC,RS,DEN,2780.0,,79,95,-16
199801240LAC,RS,DEN,2820.0,,79,96,-17
199801240LAC,RS,DEN,2820.0,,79,97,-18
199801240LAC,RS,DEN,2859.0,,79,98,-19
199801240LAC,RS,DEN,2859.0,,79,99,-20
199801240LAC,RS,DEN,2868.0,,81,99,-18
199801240LAC,RS,DEN,2868.0,F,81,99,-18
199801270HOU,RS,HOU,0.0,,0,0,0
199801270HOU,RS,HOU,41.0,,1,0,1
199801270HOU,RS,HOU,41.0,,2,0,2
199801270HOU,RS,HOU,58.0,LC,2,3,-1
199801270HOU,RS,HOU,85.0,LC,5,3,2
199801270HOU,RS,HOU,108.0,,5,4,1
199801270HOU,RS,HOU,130.0,,7,4,3
199801270HOU,RS,HOU,159.0,,9,4,5
199801270HOU,RS,HOU,198.0,,9,6,3
199801270HOU,RS,HOU,207.0,,11,6,5
199801270HOU,RS,HOU,235.0,,14,6,8
199801270HOU,RS,HOU,257.0,,14,7,7
199801270HOU,RS,HOU,257.0,,14,8,6
199801270HOU,RS,HOU,337.0,,14,10,4
199801270HOU,RS,HOU,383.0,,14,12,2
199801270HOU,RS,HOU,395.0,,17,12,5
199801270HOU,RS,HOU,413.0,,17,15,2
199801270HOU,RS,HOU,450.0,,19,15,4
199801270HOU,RS,HOU,476.0,,21,15,6
199801270HOU,RS,HOU,498.0,,21,17,4
199801270HOU,RS,HOU,506.0,,23,17,6
199801270HOU,RS,HOU,542.0,,25,17,8
199801270HOU,RS,HOU,582.0,,28,17,11
199801270HOU,RS,HOU,613.0,,28,19,9
199801270HOU,RS,HOU,653.0,,28,20,8
199801270HOU,RS,HOU,653.0,,28,21,7
199801270HOU,RS,HOU,684.0,,28,23,5
199801270HOU,RS,HOU,718.0,,28,24,4
199801270HOU,RS,HOU,718.0,,28,26,2
199801270HOU,RS,HOU,736.0,,29,26,3
199801270HOU,RS,HOU,736.0,,30,26,4
199801270HOU,RS,HOU,752.0,,30,28,2
199801270HOU,RS,HOU,777.0,,32,28,4
199801270HOU,RS,HOU,810.0,,32,31,1
199801270HOU,RS,HOU,830.0,LC,32,33,-1
199801270HOU,RS,HOU,878.0,LC,34,33,1
199801270HOU,RS,HOU,896.0,LC,34,36,-2
199801270HOU,RS,HOU,909.0,T,36,36,0
199801270HOU,RS,HOU,932.0,,36,38,-2
199801270HOU,RS,HOU,938.0,T,38,38,0
199801270HOU,RS,HOU,972.0,LC,41,38,3
199801270HOU,RS,HOU,991.0,,41,39,2
199801270HOU,RS,HOU,991.0,,41,40,1
199801270HOU,RS,HOU,1025.0,T,41,41,0
199801270HOU,RS,HOU,1025.0,LC,41,42,-1
199801270HOU,RS,HOU,1103.0,LC,43,42,1
199801270HOU,RS,HOU,1144.0,,45,42,3
199801270HOU,RS,HOU,1144.0,,46,42,4
199801270HOU,RS,HOU,1153.0,,46,44,2
199801270HOU,RS,HOU,1160.0,,48,44,4
199801270HOU,RS,HOU,1176.0,,48,46,2
199801270HOU,RS,HOU,1215.0,,50,46,4
199801270HOU,RS,HOU,1236.0,,51,46,5
199801270HOU,RS,HOU,1252.0,,53,46,7
199801270HOU,RS,HOU,1274.0,,54,46,8
199801270HOU,RS,HOU,1317.0,,54,48,6
199801270HOU,RS,HOU,1355.0,,54,49,5
199801270HOU,RS,HOU,1355.0,,54,50,4
199801270HOU,RS,HOU,1380.0,,56,50,6
199801270HOU,RS,HOU,1397.0,,56,51,5
199801270HOU,RS,HOU,1397.0,,56,52,4
199801270HOU,RS,HOU,1409.0,,59,52,7
199801270HOU,RS,HOU,1439.0,,59,54,5
199801270HOU,RS,HOU,1470.0,,61,54,7
199801270HOU,RS,HOU,1513.0,,63,54,9
199801270HOU,RS,HOU,1537.0,,63,56,7
199801270HOU,RS,HOU,1537.0,,63,57,6
199801270HOU,RS,HOU,1563.0,,63,59,4
199801270HOU,RS,HOU,1601.0,,63,61,2
199801270HOU,RS,HOU,1614.0,,65,61,4
199801270HOU,RS,HOU,1638.0,,67,61,6
199801270HOU,RS,HOU,1651.0,,67,64,3
199801270HOU,RS,HOU,1702.0,T,67,67,0
199801270HOU,RS,HOU,1742.0,LC,67,69,-2
199801270HOU,RS,HOU,1803.0,,67,71,-4
199801270HOU,RS,HOU,1810.0,,68,71,-3
199801270HOU,RS,HOU,1810.0,,69,71,-2
199801270HOU,RS,HOU,1850.0,T,71,71,0
199801270HOU,RS,HOU,1873.0,,71,73,-2
199801270HOU,RS,HOU,1890.0,,72,73,-1
199801270HOU,RS,HOU,1907.0,,72,75,-3
199801270HOU,RS,HOU,1938.0,,72,77,-5
199801270HOU,RS,HOU,1959.0,,74,77,-3
199801270HOU,RS,HOU,1981.0,,74,78,-4
199801270HOU,RS,HOU,2020.0,,76,78,-2
199801270HOU,RS,HOU,2041.0,,76,80,-4
199801270HOU,RS,HOU,2049.0,,78,80,-2
199801270HOU,RS,HOU,2060.0,,78,81,-3
199801270HOU,RS,HOU,2105.0,,80,81,-1
199801270HOU,RS,HOU,2129.0,,80,83,-3
199801270HOU,RS,HOU,2147.0,,82,83,-1
199801270HOU,RS,HOU,2160.0,,82,85,-3
199801270HOU,RS,HOU,2187.0,,82,87,-5
199801270HOU,RS,HOU,2232.0,,84,87,-3
199801270HOU,RS,HOU,2243.0,,85,87,-2
199801270HOU,RS,HOU,2272.0,,85,89,-4
199801270HOU,RS,HOU,2280.0,,87,89,-2
199801270HOU,RS,HOU,2314.0,,87,91,-4
199801270HOU,RS,HOU,2344.0,,87,94,-7
199801270HOU,RS,HOU,2367.0,,87,96,-9
199801270HOU,RS,HOU,2376.0,,89,96,-7
199801270HOU,RS,HOU,2397.0,,89,97,-8
199801270HOU,RS,HOU,2397.0,,89,98,-9
199801270HOU,RS,HOU,2436.0,,89,99,-10
199801270HOU,RS,HOU,2459.0,,89,100,-11
199801270HOU,RS,HOU,2477.0,,91,100,-9
199801270HOU,RS,HOU,2477.0,,92,100,-8
199801270HOU,RS,HOU,2493.0,,92,102,-10
199801270HOU,RS,HOU,2563.0,,94,102,-8
199801270HOU,RS,HOU,2589.0,,94,104,-10
199801270HOU,RS,HOU,2613.0,,97,104,-7
199801270HOU,RS,HOU,2631.0,,97,105,-8
199801270HOU,RS,HOU,2649.0,,99,105,-6
199801270HOU,RS,HOU,2662.0,,99,107,-8
199801270HOU,RS,HOU,2683.0,,99,108,-9
199801270HOU,RS,HOU,2683.0,,99,109,-10
199801270HOU,RS,HOU,2762.0,,99,111,-12
199801270HOU,RS,HOU,2804.0,,102,111,-9
199801270HOU,RS,HOU,2824.0,,102,113,-11
199801270HOU,RS,HOU,2842.0,,104,113,-9
199801270HOU,RS,HOU,2846.0,,104,114,-10
199801270HOU,RS,HOU,2865.0,,106,114,-8
199801270HOU,RS,HOU,2877.0,,109,114,-5
199801270HOU,RS,HOU,2880.0,,109,115,-6
199801270HOU,RS,HOU,2880.0,F,109,115,-6
199801280SAS,RS,SAS,0.0,,0,0,0
199801280SAS,RS,SAS,18.0,,0,2,-2
199801280SAS,RS,SAS,41.0,,1,2,-1
199801280SAS,RS,SAS,41.0,T,2,2,0
199801280SAS,RS,SAS,87.0,LC,5,2,3
199801280SAS,RS,SAS,99.0,,5,3,2
199801280SAS,RS,SAS,115.0,,7,3,4
199801280SAS,RS,SAS,136.0,,7,5,2
199801280SAS,RS,SAS,174.0,T,7,7,0
199801280SAS,RS,SAS,199.0,LC,7,9,-2
199801280SAS,RS,SAS,236.0,,8,9,-1
199801280SAS,RS,SAS,284.0,,8,10,-2
199801280SAS,RS,SAS,308.0,T,10,10,0
199801280SAS,RS,SAS,322.0,,10,12,-2
199801280SAS,RS,SAS,347.0,,10,14,-4
199801280SAS,RS,SAS,372.0,,10,16,-6
199801280SAS,RS,SAS,387.0,,11,16,-5
199801280SAS,RS,SAS,414.0,,13,16,-3
199801280SAS,RS,SAS,435.0,,14,16,-2
199801280SAS,RS,SAS,435.0,,15,16,-1
199801280SAS,RS,SAS,464.0,,15,19,-4
199801280SAS,RS,SAS,477.0,,17,19,-2
199801280SAS,RS,SAS,495.0,,17,20,-3
199801280SAS,RS,SAS,495.0,,17,21,-4
199801280SAS,RS,SAS,528.0,,19,21,-2
199801280SAS,RS,SAS,536.0,,19,22,-3
199801280SAS,RS,SAS,536.0,,19,23,-4
199801280SAS,RS,SAS,553.0,,21,23,-2
199801280SAS,RS,SAS,602.0,,21,25,-4
199801280SAS,RS,SAS,619.0,,24,25,-1
199801280SAS,RS,SAS,637.0,,24,27,-3
199801280SAS,RS,SAS,659.0,,25,27,-2
199801280SAS,RS,SAS,659.0,,26,27,-1
199801280SAS,RS,SAS,829.0,LC,28,27,1
199801280SAS,RS,SAS,847.0,T,28,28,0
199801280SAS,RS,SAS,847.0,LC,28,29,-1
199801280SAS,RS,SAS,881.0,,28,31,-3
199801280SAS,RS,SAS,931.0,,28,33,-5
199801280SAS,RS,SAS,948.0,,30,33,-3
199801280SAS,RS,SAS,964.0,,30,35,-5
199801280SAS,RS,SAS,990.0,,32,35,-3
199801280SAS,RS,SAS,1011.0,,32,37,-5
199801280SAS,RS,SAS,1051.0,,34,37,-3
199801280SAS,RS,SAS,1070.0,,34,40,-6
199801280SAS,RS,SAS,1087.0,,34,43,-9
199801280SAS,RS,SAS,1143.0,,36,43,-7
199801280SAS,RS,SAS,1161.0,,36,45,-9
199801280SAS,RS,SAS,1211.0,,38,45,-7
199801280SAS,RS,SAS,1232.0,,38,46,-8
199801280SAS,RS,SAS,1252.0,,38,48,-10
199801280SAS,RS,SAS,1288.0,,38,50,-12
199801280SAS,RS,SAS,1302.0,,38,52,-14
199801280SAS,RS,SAS,1339.0,,38,54,-16
199801280SAS,RS,SAS,1358.0,,41,54,-13
199801280SAS,RS,SAS,1377.0,,41,56,-15
199801280SAS,RS,SAS,1394.0,,41,57,-16
199801280SAS,RS,SAS,1394.0,,41,58,-17
199801280SAS,RS,SAS,1440.0,,43,58,-15
199801280SAS,RS,SAS,1471.0,,43,60,-17
199801280SAS,RS,SAS,1471.0,,43,61,-18
199801280SAS,RS,SAS,1537.0,,43,63,-20
199801280SAS,RS,SAS,1562.0,,43,65,-22
199801280SAS,RS,SAS,1575.0,,45,65,-20
199801280SAS,RS,SAS,1593.0,,45,67,-22
199801280SAS,RS,SAS,1623.0,,45,69,-24
199801280SAS,RS,SAS,1645.0,,47,69,-22
199801280SAS,RS,SAS,1660.0,,47,71,-24
199801280SAS,RS,SAS,1736.0,,49,71,-22
199801280SAS,RS,SAS,1764.0,,51,71,-20
199801280SAS,RS,SAS,1789.0,,51,72,-21
199801280SAS,RS,SAS,1789.0,,51,73,-22
199801280SAS,RS,SAS,1805.0,,52,73,-21
199801280SAS,RS,SAS,1809.0,,52,74,-22
199801280SAS,RS,SAS,1809.0,,52,75,-23
199801280SAS,RS,SAS,1861.0,,53,75,-22
199801280SAS,RS,SAS,1878.0,,53,77,-24
199801280SAS,RS,SAS,1910.0,,54,77,-23
199801280SAS,RS,SAS,1929.0,,54,79,-25
199801280SAS,RS,SAS,1981.0,,55,79,-24
199801280SAS,RS,SAS,1981.0,,56,79,-23
199801280SAS,RS,SAS,1992.0,,56,80,-24
199801280SAS,RS,SAS,1992.0,,56,81,-25
199801280SAS,RS,SAS,2031.0,,58,81,-23
199801280SAS,RS,SAS,2089.0,,60,81,-21
199801280SAS,RS,SAS,2137.0,,60,82,-22
199801280SAS,RS,SAS,2137.0,,60,83,-23
199801280SAS,RS,SAS,2179.0,,60,85,-25
199801280SAS,RS,SAS,2224.0,,60,87,-27
199801280SAS,RS,SAS,2249.0,,60,89,-29
199801280SAS,RS,SAS,2249.0,,60,90,-30
199801280SAS,RS,SAS,2271.0,,61,90,-29
199801280SAS,RS,SAS,2299.0,,63,90,-27
199801280SAS,RS,SAS,2312.0,,63,92,-29
199801280SAS,RS,SAS,2334.0,,63,95,-32
199801280SAS,RS,SAS,2377.0,,66,95,-29
199801280SAS,RS,SAS,2422.0,,66,98,-32
199801280SAS,RS,SAS,2430.0,,68,98,-30
199801280SAS,RS,SAS,2455.0,,68,100,-32
199801280SAS,RS,SAS,2470.0,,70,100,-30
199801280SAS,RS,SAS,2509.0,,70,102,-32
199801280SAS,RS,SAS,2524.0,,72,102,-30
199801280SAS,RS,SAS,2541.0,,72,104,-32
199801280SAS,RS,SAS,2568.0,,73,104,-31
199801280SAS,RS,SAS,2585.0,,73,107,-34
199801280SAS,RS,SAS,2614.0,,75,107,-32
199801280SAS,RS,SAS,2682.0,,75,109,-34
199801280SAS,RS,SAS,2702.0,,77,109,-32
199801280SAS,RS,SAS,2721.0,,79,109,-30
199801280SAS,RS,SAS,2751.0,,81,109,-28
199801280SAS,RS,SAS,2801.0,,82,109,-27
199801280SAS,RS,SAS,2820.0,F,84,109,-25
199801280SAS,RS,SAS,2863.0,,86,109,-23
199801300LAC,RS,SAS,0.0,,0,0,0
199801300LAC,RS,SAS,14.0,,0,1,-1
199801300LAC,RS,SAS,14.0,,0,2,-2
199801300LAC,RS,SAS,26.0,T,2,2,0
199801300LAC,RS,SAS,58.0,LC,4,2,2
199801300LAC,RS,SAS,83.0,,6,2,4
199801300LAC,RS,SAS,144.0,,6,4,2
199801300LAC,RS,SAS,152.0,,8,4,4
199801300LAC,RS,SAS,182.0,,10,4,6
199801300LAC,RS,SAS,204.0,,10,6,4
199801300LAC,RS,SAS,232.0,,10,8,2
199801300LAC,RS,SAS,251.0,,10,9,1
199801300LAC,RS,SAS,251.0,T,10,10,0
199801300LAC,RS,SAS,291.0,LC,10,13,-3
199801300LAC,RS,SAS,319.0,,12,13,-1
199801300LAC,RS,SAS,341.0,,12,14,-2
199801300LAC,RS,SAS,341.0,,12,15,-3
199801300LAC,RS,SAS,370.0,,12,17,-5
199801300LAC,RS,SAS,386.0,,12,19,-7
199801300LAC,RS,SAS,487.0,,12,21,-9
199801300LAC,RS,SAS,514.0,,14,21,-7
199801300LAC,RS,SAS,578.0,,15,21,-6
199801300LAC,RS,SAS,578.0,,16,21,-5
199801300LAC,RS,SAS,616.0,,18,21,-3
199801300LAC,RS,SAS,630.0,,18,22,-4
199801300LAC,RS,SAS,630.0,,18,23,-5
199801300LAC,RS,SAS,646.0,,20,23,-3
199801300LAC,RS,SAS,646.0,,21,23,-2
199801300LAC,RS,SAS,655.0,,21,25,-4
199801300LAC,RS,SAS,667.0,,22,25,-3
199801300LAC,RS,SAS,677.0,,22,27,-5
199801300LAC,RS,SAS,678.0,,24,27,-3
199801300LAC,RS,SAS,803.0,,24,29,-5
199801300LAC,RS,SAS,813.0,,25,29,-4
199801300LAC,RS,SAS,813.0,,26,29,-3
199801300LAC,RS,SAS,859.0,,26,31,-5
199801300LAC,RS,SAS,872.0,,26,32,-6
199801300LAC,RS,SAS,922.0,,28,32,-4
199801300LAC,RS,SAS,964.0,,28,34,-6
199801300LAC,RS,SAS,1035.0,,28,36,-8
199801300LAC,RS,SAS,1053.0,,30,36,-6
199801300LAC,RS,SAS,1104.0,,31,36,-5
199801300LAC,RS,SAS,1104.0,,32,36,-4
199801300LAC,RS,SAS,1147.0,,35,36,-1
199801300LAC,RS,SAS,1192.0,,35,38,-3
199801300LAC,RS,SAS,1214.0,,37,38,-1
199801300LAC,RS,SAS,1237.0,T,38,38,0
199801300LAC,RS,SAS,1299.0,LC,40,38,2
199801300LAC,RS,SAS,1330.0,T,40,40,0
199801300LAC,RS,SAS,1346.0,,41,40,1
199801300LAC,RS,SAS,1346.0,,42,40,2
199801300LAC,RS,SAS,1362.0,T,42,42,0
199801300LAC,RS,SAS,1406.0,,44,42,2
199801300LAC,RS,SAS,1425.0,T,44,44,0
199801300LAC,RS,SAS,1427.0,,46,44,2
199801300LAC,RS,SAS,1455.0,,48,44,4
199801300LAC,RS,SAS,1472.0,,48,46,2
199801300LAC,RS,SAS,1491.0,,51,46,5
199801300LAC,RS,SAS,1524.0,,53,46,7
199801300LAC,RS,SAS,1548.0,,53,48,5
199801300LAC,RS,SAS,1548.0,,53,49,4
199801300LAC,RS,SAS,1565.0,,54,49,5
199801300LAC,RS,SAS,1582.0,,54,51,3
199801300LAC,RS,SAS,1595.0,,56,51,5
199801300LAC,RS,SAS,1628.0,,58,51,7
199801300LAC,RS,SAS,1647.0,,58,53,5
199801300LAC,RS,SAS,1663.0,,59,53,6
199801300LAC,RS,SAS,1663.0,,60,53,7
199801300LAC,RS,SAS,1719.0,,63,53,10
199801300LAC,RS,SAS,1764.0,,65,53,12
199801300LAC,RS,SAS,1795.0,,65,56,9
199801300LAC,RS,SAS,1819.0,,67,56,11
199801300LAC,RS,SAS,1819.0,,68,56,12
199801300LAC,RS,SAS,1968.0,,68,58,10
199801300LAC,RS,SAS,1991.0,,70,58,12
199801300LAC,RS,SAS,1998.0,,70,60,10
199801300LAC,RS,SAS,2015.0,,73,60,13
199801300LAC,RS,SAS,2076.0,,74,60,14
199801300LAC,RS,SAS,2076.0,,75,60,15
199801300LAC,RS,SAS,2088.0,,75,62,13
199801300LAC,RS,SAS,2149.0,,75,63,12
199801300LAC,RS,SAS,2149.0,,75,64,11
199801300LAC,RS,SAS,2172.0,,75,66,9
199801300LAC,RS,SAS,2221.0,,75,68,7
199801300LAC,RS,SAS,2252.0,,75,70,5
199801300LAC,RS,SAS,2300.0,,75,72,3
199801300LAC,RS,SAS,2321.0,,78,72,6
199801300LAC,RS,SAS,2338.0,,78,74,4
199801300LAC,RS,SAS,2369.0,,78,77,1
199801300LAC,RS,SAS,2416.0,LC,78,79,-1
199801300LAC,RS,SAS,2479.0,LC,80,79,1
199801300LAC,RS,SAS,2501.0,LC,80,81,-1
199801300LAC,RS,SAS,2608.0,,80,82,-2
199801300LAC,RS,SAS,2608.0,,80,83,-3
199801300LAC,RS,SAS,2669.0,,82,83,-1
199801300LAC,RS,SAS,2682.0,,82,85,-3
199801300LAC,RS,SAS,2713.0,,82,87,-5
199801300LAC,RS,SAS,2750.0,,82,89,-7
199801300LAC,RS,SAS,2760.0,,82,91,-9
199801300LAC,RS,SAS,2776.0,,84,91,-7
199801300LAC,RS,SAS,2796.0,,84,93,-9
199801300LAC,RS,SAS,2833.0,,86,93,-7
199801300LAC,RS,SAS,2833.0,,87,93,-6
199801300LAC,RS,SAS,2841.0,,87,95,-8
199801300LAC,RS,SAS,2875.0,F,87,97,-10
199801300LAC,RS,SAS,2880.0,,87,97,-10
199802010LAC,RS,IND,0.0,,0,0,0
199802010LAC,RS,IND,2.0,,0,1,-1
199802010LAC,RS,IND,2.0,,0,2,-2
199802010LAC,RS,IND,36.0,T,2,2,0
199802010LAC,RS,IND,85.0,,2,4,-2
199802010LAC,RS,IND,91.0,T,4,4,0
199802010LAC,RS,IND,110.0,LC,7,4,3
199802010LAC,RS,IND,152.0,,7,6,1
199802010LAC,RS,IND,170.0,LC,7,8,-1
199802010LAC,RS,IND,215.0,,7,10,-3
199802010LAC,RS,IND,227.0,T,10,10,0
199802010LAC,RS,IND,272.0,,10,12,-2
199802010LAC,RS,IND,310.0,,10,14,-4
199802010LAC,RS,IND,324.0,,13,14,-1
199802010LAC,RS,IND,352.0,,13,16,-3
199802010LAC,RS,IND,373.0,,15,16,-1
199802010LAC,RS,IND,399.0,,15,18,-3
199802010LAC,RS,IND,450.0,,16,18,-2
199802010LAC,RS,IND,450.0,,17,18,-1
199802010LAC,RS,IND,460.0,,17,20,-3
199802010LAC,RS,IND,523.0,,17,22,-5
199802010LAC,RS,IND,546.0,,17,24,-7
199802010LAC,RS,IND,558.0,,18,24,-6
199802010LAC,RS,IND,558.0,,19,24,-5
199802010LAC,RS,IND,579.0,,21,24,-3
199802010LAC,RS,IND,606.0,,22,24,-2
199802010LAC,RS,IND,606.0,,23,24,-1
199802010LAC,RS,IND,635.0,LC,25,24,1
199802010LAC,RS,IND,662.0,,26,24,2
199802010LAC,RS,IND,662.0,,27,24,3
199802010LAC,RS,IND,672.0,,27,26,1
199802010LAC,RS,IND,689.0,,28,26,2
199802010LAC,RS,IND,689.0,,29,26,3
199802010LAC,RS,IND,717.0,,29,28,1
199802010LAC,RS,IND,758.0,T,29,29,0
199802010LAC,RS,IND,758.0,LC,29,30,-1
199802010LAC,RS,IND,778.0,LC,31,30,1
199802010LAC,RS,IND,791.0,LC,31,32,-1
199802010LAC,RS,IND,811.0,LC,33,32,1
199802010LAC,RS,IND,847.0,,34,32,2
199802010LAC,RS,IND,888.0,T,34,34,0
199802010LAC,RS,IND,913.0,,36,34,2
199802010LAC,RS,IND,937.0,T,36,36,0
199802010LAC,RS,IND,964.0,LC,36,38,-2
199802010LAC,RS,IND,991.0,,36,39,-3
199802010LAC,RS,IND,1059.0,,38,39,-1
199802010LAC,RS,IND,1121.0,,38,41,-3
199802010LAC,RS,IND,1138.0,,40,41,-1
199802010LAC,RS,IND,1156.0,,40,43,-3
199802010LAC,RS,IND,1170.0,,42,43,-1
199802010LAC,RS,IND,1182.0,,42,45,-3
199802010LAC,RS,IND,1214.0,,42,47,-5
199802010LAC,RS,IND,1228.0,,44,47,-3
199802010LAC,RS,IND,1246.0,,44,48,-4
199802010LAC,RS,IND,1246.0,,44,49,-5
199802010LAC,RS,IND,1264.0,,47,49,-2
199802010LAC,RS,IND,1277.0,,47,51,-4
199802010LAC,RS,IND,1305.0,,47,52,-5
199802010LAC,RS,IND,1305.0,,47,53,-6
199802010LAC,RS,IND,1332.0,,48,53,-5
199802010LAC,RS,IND,1370.0,,48,55,-7
199802010LAC,RS,IND,1389.0,,50,55,-5
199802010LAC,RS,IND,1401.0,,50,57,-7
199802010LAC,RS,IND,1468.0,,50,58,-8
199802010LAC,RS,IND,1492.0,,50,60,-10
199802010LAC,RS,IND,1499.0,,52,60,-8
199802010LAC,RS,IND,1525.0,,52,62,-10
199802010LAC,RS,IND,1563.0,,52,64,-12
199802010LAC,RS,IND,1634.0,,54,64,-10
199802010LAC,RS,IND,1659.0,,54,66,-12
199802010LAC,RS,IND,1687.0,,56,66,-10
199802010LAC,RS,IND,1727.0,,56,68,-12
199802010LAC,RS,IND,1791.0,,57,68,-11
199802010LAC,RS,IND,1791.0,,58,68,-10
199802010LAC,RS,IND,1820.0,,58,69,-11
199802010LAC,RS,IND,1854.0,,58,70,-12
199802010LAC,RS,IND,1854.0,,58,71,-13
199802010LAC,RS,IND,1873.0,,59,71,-12
199802010LAC,RS,IND,1873.0,,60,71,-11
199802010LAC,RS,IND,1926.0,,60,72,-12
199802010LAC,RS,IND,1938.0,,60,74,-14
199802010LAC,RS,IND,1958.0,,62,74,-12
199802010LAC,RS,IND,1983.0,,64,74,-10
199802010LAC,RS,IND,2001.0,,64,75,-11
199802010LAC,RS,IND,2040.0,,66,75,-9
199802010LAC,RS,IND,2059.0,,66,77,-11
199802010LAC,RS,IND,2075.0,,66,79,-13
199802010LAC,RS,IND,2108.0,,68,79,-11
199802010LAC,RS,IND,2123.0,,68,81,-13
199802010LAC,RS,IND,2130.0,,69,81,-12
199802010LAC,RS,IND,2130.0,,70,81,-11
199802010LAC,RS,IND,2186.0,,71,81,-10
199802010LAC,RS,IND,2194.0,,71,82,-11
199802010LAC,RS,IND,2215.0,,71,84,-13
199802010LAC,RS,IND,2215.0,,71,85,-14
199802010LAC,RS,IND,2264.0,,74,85,-11
199802010LAC,RS,IND,2294.0,,74,87,-13
199802010LAC,RS,IND,2316.0,,77,87,-10
199802010LAC,RS,IND,2349.0,,79,87,-8
199802010LAC,RS,IND,2370.0,,79,88,-9
199802010LAC,RS,IND,2370.0,,79,89,-10
199802010LAC,RS,IND,2385.0,,81,89,-8
199802010LAC,RS,IND,2455.0,,81,91,-10
199802010LAC,RS,IND,2497.0,,83,91,-8
199802010LAC,RS,IND,2525.0,,85,91,-6
199802010LAC,RS,IND,2597.0,,85,92,-7
199802010LAC,RS,IND,2662.0,,86,92,-6
199802010LAC,RS,IND,2708.0,,88,92,-4
199802010LAC,RS,IND,2730.0,,88,93,-5
199802010LAC,RS,IND,2730.0,,88,94,-6
199802010LAC,RS,IND,2766.0,,89,94,-5
199802010LAC,RS,IND,2766.0,,90,94,-4
199802010LAC,RS,IND,2800.0,,90,96,-6
199802010LAC,RS,IND,2812.0,,92,96,-4
199802010LAC,RS,IND,2867.0,F,92,99,-7
199802010LAC,RS,IND,2876.0,,92,99,-7
199802030LAC,RS,UTA,0.0,,0,0,0
199802030LAC,RS,UTA,40.0,,2,0,2
199802030LAC,RS,UTA,53.0,,5,0,5
199802030LAC,RS,UTA,96.0,,5,2,3
199802030LAC,RS,UTA,174.0,,5,4,1
199802030LAC,RS,UTA,194.0,,8,4,4
199802030LAC,RS,UTA,213.0,,10,4,6
199802030LAC,RS,UTA,246.0,,12,4,8
199802030LAC,RS,UTA,295.0,,12,7,5
199802030LAC,RS,UTA,325.0,,15,7,8
199802030LAC,RS,UTA,354.0,,15,9,6
199802030LAC,RS,UTA,400.0,,16,9,7
199802030LAC,RS,UTA,414.0,,16,11,5
199802030LAC,RS,UTA,438.0,,16,13,3
199802030LAC,RS,UTA,471.0,,16,15,1
199802030LAC,RS,UTA,494.0,,17,15,2
199802030LAC,RS,UTA,518.0,,19,15,4
199802030LAC,RS,UTA,531.0,,19,17,2
199802030LAC,RS,UTA,531.0,,19,18,1
199802030LAC,RS,UTA,554.0,T,19,19,0
199802030LAC,RS,UTA,554.0,LC,19,20,-1
199802030LAC,RS,UTA,614.0,LC,21,20,1
199802030LAC,RS,UTA,623.0,T,21,21,0
199802030LAC,RS,UTA,656.0,,24,21,3
199802030LAC,RS,UTA,687.0,,26,21,5
199802030LAC,RS,UTA,701.0,,26,23,3
199802030LAC,RS,UTA,728.0,,28,23,5
199802030LAC,RS,UTA,762.0,,31,23,8
199802030LAC,RS,UTA,791.0,,32,23,9
199802030LAC,RS,UTA,791.0,,33,23,10
199802030LAC,RS,UTA,805.0,,33,25,8
199802030LAC,RS,UTA,879.0,,35,25,10
199802030LAC,RS,UTA,894.0,,35,27,8
199802030LAC,RS,UTA,968.0,,37,27,10
199802030LAC,RS,UTA,1005.0,,38,27,11
199802030LAC,RS,UTA,1018.0,,40,27,13
199802030LAC,RS,UTA,1039.0,,42,27,15
199802030LAC,RS,UTA,1077.0,,44,27,17
199802030LAC,RS,UTA,1098.0,,44,29,15
199802030LAC,RS,UTA,1121.0,,46,29,17
199802030LAC,RS,UTA,1142.0,,46,31,15
199802030LAC,RS,UTA,1158.0,,49,31,18
199802030LAC,RS,UTA,1176.0,,49,33,16
199802030LAC,RS,UTA,1272.0,,51,33,18
199802030LAC,RS,UTA,1291.0,,51,35,16
199802030LAC,RS,UTA,1307.0,,52,35,17
199802030LAC,RS,UTA,1317.0,,52,36,16
199802030LAC,RS,UTA,1329.0,,52,37,15
199802030LAC,RS,UTA,1365.0,,52,39,13
199802030LAC,RS,UTA,1395.0,,55,39,16
199802030LAC,RS,UTA,1404.0,,55,40,15
199802030LAC,RS,UTA,1453.0,,57,40,17
199802030LAC,RS,UTA,1453.0,,58,40,18
199802030LAC,RS,UTA,1466.0,,58,41,17
199802030LAC,RS,UTA,1466.0,,58,42,16
199802030LAC,RS,UTA,1503.0,,61,42,19
199802030LAC,RS,UTA,1518.0,,63,42,21
199802030LAC,RS,UTA,1537.0,,63,43,20
199802030LAC,RS,UTA,1573.0,,63,45,18
199802030LAC,RS,UTA,1601.0,,63,46,17
199802030LAC,RS,UTA,1601.0,,63,47,16
199802030LAC,RS,UTA,1625.0,,63,50,13
199802030LAC,RS,UTA,1650.0,,63,51,12
199802030LAC,RS,UTA,1650.0,,63,52,11
199802030LAC,RS,UTA,1667.0,,65,52,13
199802030LAC,RS,UTA,1684.0,,65,54,11
199802030LAC,RS,UTA,1726.0,,65,56,9
199802030LAC,RS,UTA,1741.0,,68,56,12
199802030LAC,RS,UTA,1765.0,,68,59,9
199802030LAC,RS,UTA,1804.0,,70,59,11
199802030LAC,RS,UTA,1859.0,,70,60,10
199802030LAC,RS,UTA,1859.0,,70,61,9
199802030LAC,RS,UTA,1882.0,,72,61,11
199802030LAC,RS,UTA,1896.0,,72,62,10
199802030LAC,RS,UTA,1896.0,,72,63,9
199802030LAC,RS,UTA,1907.0,,73,63,10
199802030LAC,RS,UTA,1909.0,,74,63,11
199802030LAC,RS,UTA,1909.0,,75,63,12
199802030LAC,RS,UTA,1909.0,,75,64,11
199802030LAC,RS,UTA,1931.0,,75,66,9
199802030LAC,RS,UTA,1959.0,,75,68,7
199802030LAC,RS,UTA,1971.0,,75,69,6
199802030LAC,RS,UTA,1971.0,,75,70,5
199802030LAC,RS,UTA,1993.0,,78,70,8
199802030LAC,RS,UTA,2087.0,,80,70,10
199802030LAC,RS,UTA,2094.0,,80,72,8
199802030LAC,RS,UTA,2125.0,,80,74,6
199802030LAC,RS,UTA,2148.0,,82,74,8
199802030LAC,RS,UTA,2158.0,,82,77,5
199802030LAC,RS,UTA,2173.0,,82,78,4
199802030LAC,RS,UTA,2195.0,,84,78,6
199802030LAC,RS,UTA,2250.0,,86,78,8
199802030LAC,RS,UTA,2270.0,,86,79,7
199802030LAC,RS,UTA,2289.0,,89,79,10
199802030LAC,RS,UTA,2350.0,,89,80,9
199802030LAC,RS,UTA,2350.0,,89,81,8
199802030LAC,RS,UTA,2375.0,,89,83,6
199802030LAC,RS,UTA,2391.0,,91,83,8
199802030LAC,RS,UTA,2391.0,,92,83,9
199802030LAC,RS,UTA,2411.0,,92,85,7
199802030LAC,RS,UTA,2431.0,,93,85,8
199802030LAC,RS,UTA,2450.0,,96,85,11
199802030LAC,RS,UTA,2463.0,,96,87,9
199802030LAC,RS,UTA,2482.0,,98,87,11
199802030LAC,RS,UTA,2535.0,,98,88,10
199802030LAC,RS,UTA,2535.0,,98,89,9
199802030LAC,RS,UTA,2560.0,,98,91,7
199802030LAC,RS,UTA,2580.0,,100,91,9
199802030LAC,RS,UTA,2590.0,,100,92,8
199802030LAC,RS,UTA,2613.0,,102,92,10
199802030LAC,RS,UTA,2636.0,,102,94,8
199802030LAC,RS,UTA,2667.0,,102,95,7
199802030LAC,RS,UTA,2683.0,,104,95,9
199802030LAC,RS,UTA,2694.0,,104,96,8
199802030LAC,RS,UTA,2694.0,,104,97,7
199802030LAC,RS,UTA,2729.0,,106,97,9
199802030LAC,RS,UTA,2760.0,,108,97,11
199802030LAC,RS,UTA,2822.0,,109,97,12
199802030LAC,RS,UTA,2839.0,,109,99,10
199802030LAC,RS,UTA,2848.0,,110,99,11
199802030LAC,RS,UTA,2858.0,,110,102,8
199802030LAC,RS,UTA,2872.0,F,111,102,9
199802030LAC,RS,UTA,2880.0,,111,102,9
199802100UTA,RS,UTA,0.0,,0,0,0
199802100UTA,RS,UTA,16.0,,0,2,-2
199802100UTA,RS,UTA,114.0,T,2,2,0
199802100UTA,RS,UTA,137.0,,2,4,-2
199802100UTA,RS,UTA,186.0,,2,6,-4
199802100UTA,RS,UTA,206.0,,2,8,-6
199802100UTA,RS,UTA,206.0,,2,9,-7
199802100UTA,RS,UTA,248.0,,2,12,-10
199802100UTA,RS,UTA,322.0,,3,12,-9
199802100UTA,RS,UTA,322.0,,4,12,-8
199802100UTA,RS,UTA,333.0,,4,13,-9
199802100UTA,RS,UTA,350.0,,7,13,-6
199802100UTA,RS,UTA,373.0,,7,15,-8
199802100UTA,RS,UTA,399.0,,9,15,-6
199802100UTA,RS,UTA,399.0,,10,15,-5
199802100UTA,RS,UTA,408.0,,10,17,-7
199802100UTA,RS,UTA,434.0,,10,18,-8
199802100UTA,RS,UTA,523.0,,10,20,-10
199802100UTA,RS,UTA,567.0,,13,20,-7
199802100UTA,RS,UTA,580.0,,13,21,-8
199802100UTA,RS,UTA,580.0,,13,22,-9
199802100UTA,RS,UTA,605.0,,14,22,-8
199802100UTA,RS,UTA,619.0,,14,24,-10
199802100UTA,RS,UTA,625.0,,15,24,-9
199802100UTA,RS,UTA,625.0,,16,24,-8
199802100UTA,RS,UTA,636.0,,16,26,-10
199802100UTA,RS,UTA,643.0,,18,26,-8
199802100UTA,RS,UTA,682.0,,18,28,-10
199802100UTA,RS,UTA,703.0,,18,30,-12
199802100UTA,RS,UTA,707.0,,19,30,-11
199802100UTA,RS,UTA,707.0,,20,30,-10
199802100UTA,RS,UTA,742.0,,20,31,-11
199802100UTA,RS,UTA,767.0,,22,31,-9
199802100UTA,RS,UTA,793.0,,24,31,-7
199802100UTA,RS,UTA,881.0,,25,31,-6
199802100UTA,RS,UTA,881.0,,26,31,-5
199802100UTA,RS,UTA,881.0,,27,31,-4
199802100UTA,RS,UTA,909.0,,27,33,-6
199802100UTA,RS,UTA,916.0,,28,33,-5
199802100UTA,RS,UTA,916.0,,29,33,-4
199802100UTA,RS,UTA,928.0,,29,35,-6
199802100UTA,RS,UTA,948.0,,32,35,-3
199802100UTA,RS,UTA,973.0,,34,35,-1
199802100UTA,RS,UTA,1000.0,,34,37,-3
199802100UTA,RS,UTA,1039.0,,36,37,-1
199802100UTA,RS,UTA,1052.0,,36,39,-3
199802100UTA,RS,UTA,1069.0,,37,39,-2
199802100UTA,RS,UTA,1069.0,,38,39,-1
199802100UTA,RS,UTA,1078.0,,38,40,-2
199802100UTA,RS,UTA,1091.0,,39,40,-1
199802100UTA,RS,UTA,1091.0,T,40,40,0
199802100UTA,RS,UTA,1101.0,,40,42,-2
199802100UTA,RS,UTA,1119.0,,40,44,-4
199802100UTA,RS,UTA,1136.0,,42,44,-2
199802100UTA,RS,UTA,1161.0,,42,46,-4
199802100UTA,RS,UTA,1173.0,,45,46,-1
199802100UTA,RS,UTA,1184.0,,45,47,-2
199802100UTA,RS,UTA,1202.0,,46,47,-1
199802100UTA,RS,UTA,1222.0,LC,48,47,1
199802100UTA,RS,UTA,1242.0,,50,47,3
199802100UTA,RS,UTA,1251.0,,50,49,1
199802100UTA,RS,UTA,1286.0,LC,50,51,-1
199802100UTA,RS,UTA,1298.0,LC,52,51,1
199802100UTA,RS,UTA,1320.0,,54,51,3
199802100UTA,RS,UTA,1358.0,,54,53,1
199802100UTA,RS,UTA,1376.0,,55,53,2
199802100UTA,RS,UTA,1376.0,,56,53,3
199802100UTA,RS,UTA,1385.0,,56,55,1
199802100UTA,RS,UTA,1385.0,T,56,56,0
199802100UTA,RS,UTA,1516.0,LC,56,58,-2
199802100UTA,RS,UTA,1560.0,,56,61,-5
199802100UTA,RS,UTA,1589.0,,56,63,-7
199802100UTA,RS,UTA,1603.0,,58,63,-5
199802100UTA,RS,UTA,1620.0,,58,65,-7
199802100UTA,RS,UTA,1666.0,,58,66,-8
199802100UTA,RS,UTA,1666.0,,58,67,-9
199802100UTA,RS,UTA,1697.0,,58,68,-10
199802100UTA,RS,UTA,1697.0,,58,69,-11
199802100UTA,RS,UTA,1770.0,,60,69,-9
199802100UTA,RS,UTA,1793.0,,60,71,-11
199802100UTA,RS,UTA,1815.0,,62,71,-9
199802100UTA,RS,UTA,1823.0,,62,73,-11
199802100UTA,RS,UTA,1870.0,,62,75,-13
199802100UTA,RS,UTA,1904.0,,62,77,-15
199802100UTA,RS,UTA,1920.0,,64,77,-13
199802100UTA,RS,UTA,1956.0,,66,77,-11
199802100UTA,RS,UTA,1971.0,,66,79,-13
199802100UTA,RS,UTA,2029.0,,66,80,-14
199802100UTA,RS,UTA,2044.0,,68,80,-12
199802100UTA,RS,UTA,2063.0,,68,82,-14
199802100UTA,RS,UTA,2096.0,,68,84,-16
199802100UTA,RS,UTA,2123.0,,68,86,-18
199802100UTA,RS,UTA,2139.0,,70,86,-16
199802100UTA,RS,UTA,2146.0,,70,87,-17
199802100UTA,RS,UTA,2235.0,,72,87,-15
199802100UTA,RS,UTA,2248.0,,72,88,-16
199802100UTA,RS,UTA,2258.0,,74,88,-14
199802100UTA,RS,UTA,2277.0,,74,90,-16
199802100UTA,RS,UTA,2290.0,,76,90,-14
199802100UTA,RS,UTA,2323.0,,76,91,-15
199802100UTA,RS,UTA,2323.0,,76,92,-16
199802100UTA,RS,UTA,2344.0,,78,92,-14
199802100UTA,RS,UTA,2359.0,,78,94,-16
199802100UTA,RS,UTA,2374.0,,80,94,-14
199802100UTA,RS,UTA,2391.0,,80,96,-16
199802100UTA,RS,UTA,2454.0,,80,97,-17
199802100UTA,RS,UTA,2465.0,,83,97,-14
199802100UTA,RS,UTA,2489.0,,83,99,-16
199802100UTA,RS,UTA,2512.0,,83,101,-18
199802100UTA,RS,UTA,2563.0,,85,101,-16
199802100UTA,RS,UTA,2609.0,,86,101,-15
199802100UTA,RS,UTA,2609.0,,87,101,-14
199802100UTA,RS,UTA,2620.0,,87,103,-16
199802100UTA,RS,UTA,2642.0,,89,103,-14
199802100UTA,RS,UTA,2720.0,,90,103,-13
199802100UTA,RS,UTA,2720.0,,91,103,-12
199802100UTA,RS,UTA,2736.0,,91,105,-14
199802100UTA,RS,UTA,2754.0,,94,105,-11
199802100UTA,RS,UTA,2820.0,,96,105,-9
199802100UTA,RS,UTA,2843.0,,98,105,-7
199802100UTA,RS,UTA,2847.0,F,98,106,-8
199802100UTA,RS,UTA,2880.0,,98,106,-8
199802110LAC,RS,WAS,0.0,,0,0,0
199802110LAC,RS,WAS,43.0,,1,0,1
199802110LAC,RS,WAS,67.0,,3,0,3
199802110LAC,RS,WAS,94.0,,5,0,5
199802110LAC,RS,WAS,110.0,,5,2,3
199802110LAC,RS,WAS,157.0,,5,4,1
199802110LAC,RS,WAS,172.0,,7,4,3
199802110LAC,RS,WAS,184.0,,7,6,1
199802110LAC,RS,WAS,190.0,,9,6,3
199802110LAC,RS,WAS,205.0,,11,6,5
199802110LAC,RS,WAS,225.0,,11,8,3
199802110LAC,RS,WAS,243.0,,11,10,1
199802110LAC,RS,WAS,257.0,,14,10,4
199802110LAC,RS,WAS,293.0,,16,10,6
199802110LAC,RS,WAS,307.0,,16,12,4
199802110LAC,RS,WAS,353.0,,18,12,6
199802110LAC,RS,WAS,353.0,,19,12,7
199802110LAC,RS,WAS,387.0,,21,12,9
199802110LAC,RS,WAS,401.0,,21,14,7
199802110LAC,RS,WAS,401.0,,21,15,6
199802110LAC,RS,WAS,425.0,,24,15,9
199802110LAC,RS,WAS,435.0,,24,17,7
199802110LAC,RS,WAS,449.0,,26,17,9
199802110LAC,RS,WAS,503.0,,26,19,7
199802110LAC,RS,WAS,522.0,,28,19,9
199802110LAC,RS,WAS,544.0,,30,19,11
199802110LAC,RS,WAS,568.0,,30,21,9
199802110LAC,RS,WAS,583.0,,31,21,10
199802110LAC,RS,WAS,601.0,,33,21,12
199802110LAC,RS,WAS,638.0,,33,23,10
199802110LAC,RS,WAS,649.0,,34,23,11
199802110LAC,RS,WAS,669.0,,34,25,9
199802110LAC,RS,WAS,689.0,,34,27,7
199802110LAC,RS,WAS,759.0,,36,27,9
199802110LAC,RS,WAS,790.0,,38,27,11
199802110LAC,RS,WAS,801.0,,38,29,9
199802110LAC,RS,WAS,845.0,,39,29,10
199802110LAC,RS,WAS,845.0,,40,29,11
199802110LAC,RS,WAS,866.0,,40,32,8
199802110LAC,RS,WAS,909.0,,40,34,6
199802110LAC,RS,WAS,923.0,,42,34,8
199802110LAC,RS,WAS,941.0,,42,36,6
199802110LAC,RS,WAS,950.0,,42,38,4
199802110LAC,RS,WAS,990.0,,42,41,1
199802110LAC,RS,WAS,1014.0,,44,41,3
199802110LAC,RS,WAS,1098.0,,44,43,1
199802110LAC,RS,WAS,1134.0,LC,44,45,-1
199802110LAC,RS,WAS,1144.0,LC,46,45,1
199802110LAC,RS,WAS,1168.0,LC,46,47,-1
199802110LAC,RS,WAS,1202.0,,46,49,-3
199802110LAC,RS,WAS,1230.0,,46,51,-5
199802110LAC,RS,WAS,1241.0,,48,51,-3
199802110LAC,RS,WAS,1262.0,,48,53,-5
199802110LAC,RS,WAS,1282.0,,48,55,-7
199802110LAC,RS,WAS,1315.0,,48,57,-9
199802110LAC,RS,WAS,1348.0,,48,59,-11
199802110LAC,RS,WAS,1348.0,,48,60,-12
199802110LAC,RS,WAS,1366.0,,49,60,-11
199802110LAC,RS,WAS,1366.0,,50,60,-10
199802110LAC,RS,WAS,1383.0,,50,62,-12
199802110LAC,RS,WAS,1391.0,,51,62,-11
199802110LAC,RS,WAS,1391.0,,52,62,-10
199802110LAC,RS,WAS,1403.0,,52,64,-12
199802110LAC,RS,WAS,1432.0,,52,65,-13
199802110LAC,RS,WAS,1458.0,,53,65,-12
199802110LAC,RS,WAS,1458.0,,54,65,-11
199802110LAC,RS,WAS,1470.0,,54,67,-13
199802110LAC,RS,WAS,1497.0,,54,69,-15
199802110LAC,RS,WAS,1513.0,,56,69,-13
199802110LAC,RS,WAS,1608.0,,57,69,-12
199802110LAC,RS,WAS,1608.0,,58,69,-11
199802110LAC,RS,WAS,1622.0,,58,71,-13
199802110LAC,RS,WAS,1637.0,,60,71,-11
199802110LAC,RS,WAS,1657.0,,62,71,-9
199802110LAC,RS,WAS,1710.0,,62,73,-11
199802110LAC,RS,WAS,1759.0,,64,73,-9
199802110LAC,RS,WAS,1787.0,,66,73,-7
199802110LAC,RS,WAS,1796.0,,66,74,-8
199802110LAC,RS,WAS,1796.0,,66,75,-9
199802110LAC,RS,WAS,1829.0,,66,78,-12
199802110LAC,RS,WAS,1863.0,,67,78,-11
199802110LAC,RS,WAS,1863.0,,68,78,-10
199802110LAC,RS,WAS,1876.0,,68,80,-12
199802110LAC,RS,WAS,1891.0,,71,80,-9
199802110LAC,RS,WAS,1917.0,,72,80,-8
199802110LAC,RS,WAS,1917.0,,73,80,-7
199802110LAC,RS,WAS,1934.0,,73,82,-9
199802110LAC,RS,WAS,1973.0,,73,84,-11
199802110LAC,RS,WAS,2027.0,,75,84,-9
199802110LAC,RS,WAS,2041.0,,75,86,-11
199802110LAC,RS,WAS,2064.0,,75,88,-13
199802110LAC,RS,WAS,2091.0,,76,88,-12
199802110LAC,RS,WAS,2124.0,,76,89,-13
199802110LAC,RS,WAS,2152.0,,78,89,-11
199802110LAC,RS,WAS,2183.0,,79,89,-10
199802110LAC,RS,WAS,2183.0,,80,89,-9
199802110LAC,RS,WAS,2243.0,,80,91,-11
199802110LAC,RS,WAS,2270.0,,82,91,-9
199802110LAC,RS,WAS,2290.0,,82,92,-10
199802110LAC,RS,WAS,2303.0,,83,92,-9
199802110LAC,RS,WAS,2303.0,,84,92,-8
199802110LAC,RS,WAS,2374.0,,84,94,-10
199802110LAC,RS,WAS,2395.0,,86,94,-8
199802110LAC,RS,WAS,2444.0,,86,96,-10
199802110LAC,RS,WAS,2471.0,,88,96,-8
199802110LAC,RS,WAS,2528.0,,88,98,-10
199802110LAC,RS,WAS,2570.0,,89,98,-9
199802110LAC,RS,WAS,2570.0,,90,98,-8
199802110LAC,RS,WAS,2601.0,,93,98,-5
199802110LAC,RS,WAS,2621.0,,93,99,-6
199802110LAC,RS,WAS,2621.0,,93,100,-7
199802110LAC,RS,WAS,2636.0,,95,100,-5
199802110LAC,RS,WAS,2710.0,,97,100,-3
199802110LAC,RS,WAS,2740.0,,97,102,-5
199802110LAC,RS,WAS,2793.0,,97,104,-7
199802110LAC,RS,WAS,2811.0,,100,104,-4
199802110LAC,RS,WAS,2852.0,,100,105,-5
199802110LAC,RS,WAS,2852.0,,100,106,-6
199802110LAC,RS,WAS,2857.0,,102,106,-4
199802110LAC,RS,WAS,2862.0,,102,107,-5
199802110LAC,RS,WAS,2862.0,,102,108,-6
199802110LAC,RS,WAS,2865.0,,104,108,-4
199802110LAC,RS,WAS,2867.0,,104,110,-6
199802110LAC,RS,WAS,2867.0,F,104,109,-5
199802130LAC,RS,BOS,0.0,,0,0,0
199802130LAC,RS,BOS,10.0,,0,1,-1
199802130LAC,RS,BOS,10.0,,0,2,-2
199802130LAC,RS,BOS,42.0,,0,4,-4
199802130LAC,RS,BOS,133.0,,0,6,-6
199802130LAC,RS,BOS,154.0,,2,6,-4
199802130LAC,RS,BOS,193.0,,4,6,-2
199802130LAC,RS,BOS,211.0,,4,8,-4
199802130LAC,RS,BOS,268.0,,4,10,-6
199802130LAC,RS,BOS,367.0,,6,10,-4
199802130LAC,RS,BOS,398.0,,8,10,-2
199802130LAC,RS,BOS,424.0,,8,11,-3
199802130LAC,RS,BOS,449.0,,9,11,-2
199802130LAC,RS,BOS,456.0,,9,13,-4
199802130LAC,RS,BOS,475.0,,11,13,-2
199802130LAC,RS,BOS,484.0,,11,15,-4
199802130LAC,RS,BOS,484.0,,11,16,-5
199802130LAC,RS,BOS,510.0,,13,16,-3
199802130LAC,RS,BOS,551.0,,14,16,-2
199802130LAC,RS,BOS,551.0,,15,16,-1
199802130LAC,RS,BOS,569.0,,15,18,-3
199802130LAC,RS,BOS,589.0,,17,18,-1
199802130LAC,RS,BOS,624.0,LC,19,18,1
199802130LAC,RS,BOS,639.0,LC,19,21,-2
199802130LAC,RS,BOS,669.0,,19,23,-4
199802130LAC,RS,BOS,699.0,,19,24,-5
199802130LAC,RS,BOS,699.0,,19,25,-6
199802130LAC,RS,BOS,717.0,,22,25,-3
199802130LAC,RS,BOS,769.0,,23,25,-2
199802130LAC,RS,BOS,769.0,,24,25,-1
199802130LAC,RS,BOS,785.0,,24,26,-2
199802130LAC,RS,BOS,785.0,,24,27,-3
199802130LAC,RS,BOS,820.0,,24,29,-5
199802130LAC,RS,BOS,867.0,,26,29,-3
199802130LAC,RS,BOS,896.0,,27,29,-2
199802130LAC,RS,BOS,896.0,,28,29,-1
199802130LAC,RS,BOS,914.0,,28,31,-3
199802130LAC,RS,BOS,940.0,,29,31,-2
199802130LAC,RS,BOS,957.0,,29,33,-4
199802130LAC,RS,BOS,970.0,,30,33,-3
199802130LAC,RS,BOS,991.0,,30,35,-5
199802130LAC,RS,BOS,1003.0,,32,35,-3
199802130LAC,RS,BOS,1042.0,,34,35,-1
199802130LAC,RS,BOS,1061.0,T,35,35,0
199802130LAC,RS,BOS,1061.0,LC,36,35,1
199802130LAC,RS,BOS,1075.0,T,36,36,0
199802130LAC,RS,BOS,1089.0,,38,36,2
199802130LAC,RS,BOS,1126.0,T,38,38,0
199802130LAC,RS,BOS,1147.0,,40,38,2
199802130LAC,RS,BOS,1170.0,T,40,40,0
199802130LAC,RS,BOS,1186.0,,42,40,2
199802130LAC,RS,BOS,1186.0,,43,40,3
199802130LAC,RS,BOS,1220.0,T,43,43,0
199802130LAC,RS,BOS,1251.0,,46,43,3
199802130LAC,RS,BOS,1296.0,,48,43,5
199802130LAC,RS,BOS,1317.0,,48,46,2
199802130LAC,RS,BOS,1338.0,,49,46,3
199802130LAC,RS,BOS,1338.0,,50,46,4
199802130LAC,RS,BOS,1416.0,,52,46,6
199802130LAC,RS,BOS,1453.0,,55,46,9
199802130LAC,RS,BOS,1472.0,,55,48,7
199802130LAC,RS,BOS,1472.0,,55,49,6
199802130LAC,RS,BOS,1514.0,,56,49,7
199802130LAC,RS,BOS,1523.0,,57,49,8
199802130LAC,RS,BOS,1545.0,,57,51,6
199802130LAC,RS,BOS,1598.0,,57,53,4
199802130LAC,RS,BOS,1613.0,,60,53,7
199802130LAC,RS,BOS,1646.0,,61,53,8
199802130LAC,RS,BOS,1646.0,,62,53,9
199802130LAC,RS,BOS,1679.0,,62,55,7
199802130LAC,RS,BOS,1709.0,,62,57,5
199802130LAC,RS,BOS,1727.0,,64,57,7
199802130LAC,RS,BOS,1772.0,,64,59,5
199802130LAC,RS,BOS,1786.0,,65,59,6
199802130LAC,RS,BOS,1809.0,,65,61,4
199802130LAC,RS,BOS,1845.0,,67,61,6
199802130LAC,RS,BOS,1845.0,,68,61,7
199802130LAC,RS,BOS,1883.0,,68,63,5
199802130LAC,RS,BOS,1928.0,,68,65,3
199802130LAC,RS,BOS,1986.0,,68,67,1
199802130LAC,RS,BOS,1995.0,,70,67,3
199802130LAC,RS,BOS,2034.0,,70,69,1
199802130LAC,RS,BOS,2075.0,LC,70,72,-2
199802130LAC,RS,BOS,2132.0,T,72,72,0
199802130LAC,RS,BOS,2155.0,,72,75,-3
199802130LAC,RS,BOS,2187.0,,72,76,-4
199802130LAC,RS,BOS,2187.0,,72,77,-5
199802130LAC,RS,BOS,2212.0,,74,77,-3
199802130LAC,RS,BOS,2232.0,,74,79,-5
199802130LAC,RS,BOS,2268.0,,74,81,-7
199802130LAC,RS,BOS,2268.0,,74,82,-8
199802130LAC,RS,BOS,2358.0,,74,84,-10
199802130LAC,RS,BOS,2372.0,,75,84,-9
199802130LAC,RS,BOS,2414.0,,75,86,-11
199802130LAC,RS,BOS,2414.0,,75,87,-12
199802130LAC,RS,BOS,2420.0,,77,87,-10
199802130LAC,RS,BOS,2447.0,,78,87,-9
199802130LAC,RS,BOS,2447.0,,79,87,-8
199802130LAC,RS,BOS,2482.0,,80,87,-7
199802130LAC,RS,BOS,2546.0,,82,87,-5
199802130LAC,RS,BOS,2573.0,,82,90,-8
199802130LAC,RS,BOS,2588.0,,82,92,-10
199802130LAC,RS,BOS,2616.0,,83,92,-9
199802130LAC,RS,BOS,2616.0,,84,92,-8
199802130LAC,RS,BOS,2630.0,,85,92,-7
199802130LAC,RS,BOS,2630.0,,86,92,-6
199802130LAC,RS,BOS,2643.0,,86,93,-7
199802130LAC,RS,BOS,2660.0,,88,93,-5
199802130LAC,RS,BOS,2721.0,,90,93,-3
199802130LAC,RS,BOS,2763.0,,91,93,-2
199802130LAC,RS,BOS,2763.0,,92,93,-1
199802130LAC,RS,BOS,2802.0,,92,94,-2
199802130LAC,RS,BOS,2802.0,,92,95,-3
199802130LAC,RS,BOS,2820.0,,94,95,-1
199802130LAC,RS,BOS,2834.0,,94,96,-2
199802130LAC,RS,BOS,2849.0,,95,96,-1
199802130LAC,RS,BOS,2849.0,T,96,96,0
199802130LAC,RS,BOS,2864.0,F,96,97,-1
199802130LAC,RS,BOS,2880.0,,96,97,-1
199802160LAC,RS,HOU,0.0,,0,0,0
199802160LAC,RS,HOU,15.0,,0,3,-3
199802160LAC,RS,HOU,29.0,,2,3,-1
199802160LAC,RS,HOU,108.0,,2,5,-3
199802160LAC,RS,HOU,123.0,T,5,5,0
199802160LAC,RS,HOU,147.0,,5,7,-2
199802160LAC,RS,HOU,186.0,,5,9,-4
199802160LAC,RS,HOU,217.0,,5,12,-7
199802160LAC,RS,HOU,241.0,,5,14,-9
199802160LAC,RS,HOU,308.0,,5,16,-11
199802160LAC,RS,HOU,322.0,,7,16,-9
199802160LAC,RS,HOU,359.0,,9,16,-7
199802160LAC,RS,HOU,378.0,,11,16,-5
199802160LAC,RS,HOU,399.0,,11,17,-6
199802160LAC,RS,HOU,399.0,,11,18,-7
199802160LAC,RS,HOU,417.0,,13,18,-5
199802160LAC,RS,HOU,438.0,,13,20,-7
199802160LAC,RS,HOU,456.0,,15,20,-5
199802160LAC,RS,HOU,469.0,,15,22,-7
199802160LAC,RS,HOU,469.0,,15,23,-8
199802160LAC,RS,HOU,480.0,,17,23,-6
199802160LAC,RS,HOU,508.0,,17,26,-9
199802160LAC,RS,HOU,635.0,,17,28,-11
199802160LAC,RS,HOU,658.0,,19,28,-9
199802160LAC,RS,HOU,679.0,,21,28,-7
199802160LAC,RS,HOU,703.0,,21,29,-8
199802160LAC,RS,HOU,720.0,,24,29,-5
199802160LAC,RS,HOU,760.0,,26,29,-3
199802160LAC,RS,HOU,780.0,,28,29,-1
199802160LAC,RS,HOU,805.0,LC,31,29,2
199802160LAC,RS,HOU,832.0,,33,29,4
199802160LAC,RS,HOU,858.0,,33,31,2
199802160LAC,RS,HOU,866.0,,35,31,4
199802160LAC,RS,HOU,905.0,,35,33,2
199802160LAC,RS,HOU,912.0,,37,33,4
199802160LAC,RS,HOU,941.0,,37,35,2
199802160LAC,RS,HOU,968.0,T,37,37,0
199802160LAC,RS,HOU,997.0,,40,37,3
199802160LAC,RS,HOU,1016.0,,40,39,1
199802160LAC,RS,HOU,1049.0,LC,40,41,-1
199802160LAC,RS,HOU,1074.0,LC,43,41,2
199802160LAC,RS,HOU,1103.0,,45,41,4
199802160LAC,RS,HOU,1119.0,,45,44,1
199802160LAC,RS,HOU,1165.0,LC,45,46,-1
199802160LAC,RS,HOU,1198.0,,45,47,-2
199802160LAC,RS,HOU,1198.0,,45,48,-3
199802160LAC,RS,HOU,1212.0,,45,50,-5
199802160LAC,RS,HOU,1212.0,,45,51,-6
199802160LAC,RS,HOU,1235.0,,47,51,-4
199802160LAC,RS,HOU,1265.0,,48,51,-3
199802160LAC,RS,HOU,1338.0,,49,51,-2
199802160LAC,RS,HOU,1354.0,T,51,51,0
199802160LAC,RS,HOU,1376.0,,51,53,-2
199802160LAC,RS,HOU,1406.0,,51,55,-4
199802160LAC,RS,HOU,1457.0,,53,55,-2
199802160LAC,RS,HOU,1468.0,,53,57,-4
199802160LAC,RS,HOU,1468.0,,53,58,-5
199802160LAC,RS,HOU,1503.0,,53,61,-8
199802160LAC,RS,HOU,1528.0,,54,61,-7
199802160LAC,RS,HOU,1528.0,,55,61,-6
199802160LAC,RS,HOU,1557.0,,55,63,-8
199802160LAC,RS,HOU,1605.0,,55,65,-10
199802160LAC,RS,HOU,1631.0,,57,65,-8
199802160LAC,RS,HOU,1649.0,,57,67,-10
199802160LAC,RS,HOU,1685.0,,59,67,-8
199802160LAC,RS,HOU,1704.0,,59,69,-10
199802160LAC,RS,HOU,1726.0,,59,71,-12
199802160LAC,RS,HOU,1786.0,,59,72,-13
199802160LAC,RS,HOU,1786.0,,59,73,-14
199802160LAC,RS,HOU,1797.0,,61,73,-12
199802160LAC,RS,HOU,1862.0,,63,73,-10
199802160LAC,RS,HOU,1878.0,,63,75,-12
199802160LAC,RS,HOU,1890.0,,65,75,-10
199802160LAC,RS,HOU,1914.0,,65,77,-12
199802160LAC,RS,HOU,1939.0,,65,79,-14
199802160LAC,RS,HOU,1957.0,,65,81,-16
199802160LAC,RS,HOU,2058.0,,67,81,-14
199802160LAC,RS,HOU,2058.0,,68,81,-13
199802160LAC,RS,HOU,2076.0,,68,84,-16
199802160LAC,RS,HOU,2087.0,,70,84,-14
199802160LAC,RS,HOU,2103.0,,70,86,-16
199802160LAC,RS,HOU,2103.0,,70,87,-17
199802160LAC,RS,HOU,2108.0,,71,87,-16
199802160LAC,RS,HOU,2124.0,,71,88,-17
199802160LAC,RS,HOU,2124.0,,71,89,-18
199802160LAC,RS,HOU,2194.0,,71,91,-20
199802160LAC,RS,HOU,2209.0,,73,91,-18
199802160LAC,RS,HOU,2229.0,,73,93,-20
199802160LAC,RS,HOU,2254.0,,73,95,-22
199802160LAC,RS,HOU,2334.0,,73,97,-24
199802160LAC,RS,HOU,2352.0,,73,99,-26
199802160LAC,RS,HOU,2352.0,,73,100,-27
199802160LAC,RS,HOU,2388.0,,75,100,-25
199802160LAC,RS,HOU,2403.0,,75,101,-26
199802160LAC,RS,HOU,2418.0,,77,101,-24
199802160LAC,RS,HOU,2433.0,,77,103,-26
199802160LAC,RS,HOU,2447.0,,78,103,-25
199802160LAC,RS,HOU,2447.0,,79,103,-24
199802160LAC,RS,HOU,2485.0,,81,103,-22
199802160LAC,RS,HOU,2502.0,,81,105,-24
199802160LAC,RS,HOU,2502.0,,81,106,-25
199802160LAC,RS,HOU,2546.0,,81,108,-27
199802160LAC,RS,HOU,2562.0,,81,110,-29
199802160LAC,RS,HOU,2582.0,,82,110,-28
199802160LAC,RS,HOU,2582.0,,83,110,-27
199802160LAC,RS,HOU,2600.0,,85,110,-25
199802160LAC,RS,HOU,2630.0,,88,110,-22
199802160LAC,RS,HOU,2649.0,,88,112,-24
199802160LAC,RS,HOU,2668.0,,89,112,-23
199802160LAC,RS,HOU,2668.0,,90,112,-22
199802160LAC,RS,HOU,2695.0,,90,114,-24
199802160LAC,RS,HOU,2722.0,,90,116,-26
199802160LAC,RS,HOU,2722.0,,90,117,-27
199802160LAC,RS,HOU,2740.0,,92,117,-25
199802160LAC,RS,HOU,2777.0,,94,117,-23
199802160LAC,RS,HOU,2800.0,,96,117,-21
199802160LAC,RS,HOU,2811.0,,96,119,-23
199802160LAC,RS,HOU,2820.0,,97,119,-22
199802160LAC,RS,HOU,2861.0,F,97,121,-24
199802160LAC,RS,HOU,2867.0,,99,121,-22
199802190LAC,RS,MIA,0.0,,0,0,0
199802190LAC,RS,MIA,13.0,,0,2,-2
199802190LAC,RS,MIA,71.0,,0,4,-4
199802190LAC,RS,MIA,128.0,,0,6,-6
199802190LAC,RS,MIA,128.0,,0,7,-7
199802190LAC,RS,MIA,138.0,,2,7,-5
199802190LAC,RS,MIA,158.0,,2,9,-7
199802190LAC,RS,MIA,182.0,,4,9,-5
199802190LAC,RS,MIA,207.0,,6,9,-3
199802190LAC,RS,MIA,225.0,,6,12,-6
199802190LAC,RS,MIA,263.0,,9,12,-3
199802190LAC,RS,MIA,292.0,,11,12,-1
199802190LAC,RS,MIA,315.0,,11,14,-3
199802190LAC,RS,MIA,349.0,,13,14,-1
199802190LAC,RS,MIA,370.0,,13,16,-3
199802190LAC,RS,MIA,397.0,,13,18,-5
199802190LAC,RS,MIA,414.0,,15,18,-3
199802190LAC,RS,MIA,414.0,,16,18,-2
199802190LAC,RS,MIA,445.0,,16,20,-4
199802190LAC,RS,MIA,476.0,,16,22,-6
199802190LAC,RS,MIA,549.0,,16,25,-9
199802190LAC,RS,MIA,577.0,,16,26,-10
199802190LAC,RS,MIA,611.0,,16,28,-12
199802190LAC,RS,MIA,625.0,,18,28,-10
199802190LAC,RS,MIA,631.0,,18,31,-13
199802190LAC,RS,MIA,661.0,,21,31,-10
199802190LAC,RS,MIA,679.0,,21,33,-12
199802190LAC,RS,MIA,696.0,,22,33,-11
199802190LAC,RS,MIA,740.0,,24,33,-9
199802190LAC,RS,MIA,778.0,,24,35,-11
199802190LAC,RS,MIA,829.0,,26,35,-9
199802190LAC,RS,MIA,879.0,,28,35,-7
199802190LAC,RS,MIA,904.0,,30,35,-5
199802190LAC,RS,MIA,920.0,,30,37,-7
199802190LAC,RS,MIA,994.0,,33,37,-4
199802190LAC,RS,MIA,1066.0,,34,37,-3
199802190LAC,RS,MIA,1066.0,,35,37,-2
199802190LAC,RS,MIA,1082.0,,35,39,-4
199802190LAC,RS,MIA,1110.0,,37,39,-2
199802190LAC,RS,MIA,1126.0,,37,41,-4
199802190LAC,RS,MIA,1148.0,,39,41,-2
199802190LAC,RS,MIA,1164.0,,39,42,-3
199802190LAC,RS,MIA,1232.0,,39,45,-6
199802190LAC,RS,MIA,1325.0,,41,45,-4
199802190LAC,RS,MIA,1334.0,,41,46,-5
199802190LAC,RS,MIA,1334.0,,41,47,-6
199802190LAC,RS,MIA,1347.0,,43,47,-4
199802190LAC,RS,MIA,1366.0,,43,50,-7
199802190LAC,RS,MIA,1391.0,,45,50,-5
199802190LAC,RS,MIA,1405.0,,45,52,-7
199802190LAC,RS,MIA,1438.0,,45,53,-8
199802190LAC,RS,MIA,1549.0,,45,55,-10
199802190LAC,RS,MIA,1598.0,,45,58,-13
199802190LAC,RS,MIA,1631.0,,45,59,-14
199802190LAC,RS,MIA,1631.0,,45,60,-15
199802190LAC,RS,MIA,1631.0,,47,60,-13
199802190LAC,RS,MIA,1634.0,,47,62,-15
199802190LAC,RS,MIA,1693.0,,47,64,-17
199802190LAC,RS,MIA,1824.0,,49,64,-15
199802190LAC,RS,MIA,1880.0,,49,66,-17
199802190LAC,RS,MIA,1923.0,,49,68,-19
199802190LAC,RS,MIA,1987.0,,51,68,-17
199802190LAC,RS,MIA,2024.0,,53,68,-15
199802190LAC,RS,MIA,2089.0,,53,70,-17
199802190LAC,RS,MIA,2098.0,,54,70,-16
199802190LAC,RS,MIA,2113.0,,54,72,-18
199802190LAC,RS,MIA,2187.0,,56,72,-16
199802190LAC,RS,MIA,2227.0,,57,72,-15
199802190LAC,RS,MIA,2238.0,,57,74,-17
199802190LAC,RS,MIA,2254.0,,57,75,-18
199802190LAC,RS,MIA,2285.0,,57,77,-20
199802190LAC,RS,MIA,2351.0,,59,77,-18
199802190LAC,RS,MIA,2369.0,,59,79,-20
199802190LAC,RS,MIA,2388.0,,62,79,-17
199802190LAC,RS,MIA,2406.0,,62,82,-20
199802190LAC,RS,MIA,2413.0,,63,82,-19
199802190LAC,RS,MIA,2413.0,,64,82,-18
199802190LAC,RS,MIA,2482.0,,66,82,-16
199802190LAC,RS,MIA,2536.0,,68,82,-14
199802190LAC,RS,MIA,2553.0,,68,84,-16
199802190LAC,RS,MIA,2617.0,,68,87,-19
199802190LAC,RS,MIA,2656.0,,68,88,-20
199802190LAC,RS,MIA,2656.0,,68,89,-21
199802190LAC,RS,MIA,2672.0,,69,89,-20
199802190LAC,RS,MIA,2672.0,,70,89,-19
199802190LAC,RS,MIA,2690.0,,71,89,-18
199802190LAC,RS,MIA,2690.0,,72,89,-17
199802190LAC,RS,MIA,2725.0,,74,89,-15
199802190LAC,RS,MIA,2761.0,,76,89,-13
199802190LAC,RS,MIA,2852.0,F,78,89,-11
199802190LAC,RS,MIA,2878.0,,80,89,-9
199802210LAC,RS,CHH,0.0,,0,0,0
199802210LAC,RS,CHH,15.0,,2,0,2
199802210LAC,RS,CHH,33.0,,4,0,4
199802210LAC,RS,CHH,53.0,,4,1,3
199802210LAC,RS,CHH,53.0,,4,2,2
199802210LAC,RS,CHH,74.0,T,4,4,0
199802210LAC,RS,CHH,88.0,,7,4,3
199802210LAC,RS,CHH,175.0,,10,4,6
199802210LAC,RS,CHH,185.0,,10,6,4
199802210LAC,RS,CHH,213.0,,12,6,6
199802210LAC,RS,CHH,223.0,,12,8,4
199802210LAC,RS,CHH,231.0,,15,8,7
199802210LAC,RS,CHH,244.0,,17,8,9
199802210LAC,RS,CHH,338.0,,19,8,11
199802210LAC,RS,CHH,359.0,,19,10,9
199802210LAC,RS,CHH,381.0,,19,12,7
199802210LAC,RS,CHH,405.0,,19,14,5
199802210LAC,RS,CHH,428.0,,21,14,7
199802210LAC,RS,CHH,476.0,,21,16,5
199802210LAC,RS,CHH,491.0,,23,16,7
199802210LAC,RS,CHH,531.0,,25,16,9
199802210LAC,RS,CHH,588.0,,25,18,7
199802210LAC,RS,CHH,606.0,,27,18,9
199802210LAC,RS,CHH,645.0,,30,18,12
199802210LAC,RS,CHH,691.0,,30,19,11
199802210LAC,RS,CHH,691.0,,30,20,10
199802210LAC,RS,CHH,707.0,,32,20,12
199802210LAC,RS,CHH,746.0,,33,20,13
199802210LAC,RS,CHH,771.0,,33,21,12
199802210LAC,RS,CHH,771.0,,33,22,11
199802210LAC,RS,CHH,814.0,,33,24,9
199802210LAC,RS,CHH,823.0,,35,24,11
199802210LAC,RS,CHH,823.0,,36,24,12
199802210LAC,RS,CHH,846.0,,36,25,11
199802210LAC,RS,CHH,846.0,,36,26,10
199802210LAC,RS,CHH,858.0,,38,26,12
199802210LAC,RS,CHH,877.0,,38,28,10
199802210LAC,RS,CHH,890.0,,40,28,12
199802210LAC,RS,CHH,890.0,,41,28,13
199802210LAC,RS,CHH,890.0,,42,28,14
199802210LAC,RS,CHH,920.0,,42,29,13
199802210LAC,RS,CHH,920.0,,42,30,12
199802210LAC,RS,CHH,947.0,,44,30,14
199802210LAC,RS,CHH,1005.0,,46,30,16
199802210LAC,RS,CHH,1033.0,,49,30,19
199802210LAC,RS,CHH,1066.0,,49,32,17
199802210LAC,RS,CHH,1094.0,,50,32,18
199802210LAC,RS,CHH,1094.0,,51,32,19
199802210LAC,RS,CHH,1107.0,,51,35,16
199802210LAC,RS,CHH,1126.0,,51,37,14
199802210LAC,RS,CHH,1140.0,,52,37,15
199802210LAC,RS,CHH,1140.0,,53,37,16
199802210LAC,RS,CHH,1153.0,,53,38,15
199802210LAC,RS,CHH,1153.0,,53,39,14
199802210LAC,RS,CHH,1197.0,,55,39,16
199802210LAC,RS,CHH,1212.0,,55,41,14
199802210LAC,RS,CHH,1255.0,,57,41,16
199802210LAC,RS,CHH,1265.0,,57,42,15
199802210LAC,RS,CHH,1265.0,,57,43,14
199802210LAC,RS,CHH,1277.0,,57,45,12
199802210LAC,RS,CHH,1301.0,,58,45,13
199802210LAC,RS,CHH,1313.0,,58,47,11
199802210LAC,RS,CHH,1330.0,,58,49,9
199802210LAC,RS,CHH,1338.0,,59,49,10
199802210LAC,RS,CHH,1352.0,,59,51,8
199802210LAC,RS,CHH,1369.0,,59,53,6
199802210LAC,RS,CHH,1390.0,,59,55,4
199802210LAC,RS,CHH,1416.0,,59,56,3
199802210LAC,RS,CHH,1416.0,,59,57,2
199802210LAC,RS,CHH,1427.0,T,59,59,0
199802210LAC,RS,CHH,1429.0,,60,59,1
199802210LAC,RS,CHH,1429.0,,61,59,2
199802210LAC,RS,CHH,1523.0,T,61,61,0
199802210LAC,RS,CHH,1539.0,,63,61,2
199802210LAC,RS,CHH,1539.0,,64,61,3
199802210LAC,RS,CHH,1565.0,,66,61,5
199802210LAC,RS,CHH,1579.0,,66,63,3
199802210LAC,RS,CHH,1601.0,,68,63,5
199802210LAC,RS,CHH,1641.0,,68,65,3
199802210LAC,RS,CHH,1657.0,,68,66,2
199802210LAC,RS,CHH,1657.0,,68,67,1
199802210LAC,RS,CHH,1696.0,LC,68,69,-1
199802210LAC,RS,CHH,1853.0,,68,71,-3
199802210LAC,RS,CHH,1930.0,,68,73,-5
199802210LAC,RS,CHH,1955.0,,70,73,-3
199802210LAC,RS,CHH,1973.0,,70,75,-5
199802210LAC,RS,CHH,2000.0,,72,75,-3
199802210LAC,RS,CHH,2019.0,,72,77,-5
199802210LAC,RS,CHH,2072.0,,73,77,-4
199802210LAC,RS,CHH,2072.0,,74,77,-3
199802210LAC,RS,CHH,2085.0,,74,79,-5
199802210LAC,RS,CHH,2102.0,,75,79,-4
199802210LAC,RS,CHH,2130.0,,75,81,-6
199802210LAC,RS,CHH,2144.0,,77,81,-4
199802210LAC,RS,CHH,2157.0,,77,82,-5
199802210LAC,RS,CHH,2190.0,,77,84,-7
199802210LAC,RS,CHH,2215.0,,79,84,-5
199802210LAC,RS,CHH,2239.0,,79,87,-8
199802210LAC,RS,CHH,2276.0,,82,87,-5
199802210LAC,RS,CHH,2320.0,,82,89,-7
199802210LAC,RS,CHH,2342.0,,84,89,-5
199802210LAC,RS,CHH,2386.0,,86,89,-3
199802210LAC,RS,CHH,2393.0,,87,89,-2
199802210LAC,RS,CHH,2403.0,,87,91,-4
199802210LAC,RS,CHH,2450.0,,87,93,-6
199802210LAC,RS,CHH,2450.0,,87,94,-7
199802210LAC,RS,CHH,2523.0,,87,96,-9
199802210LAC,RS,CHH,2549.0,,87,98,-11
199802210LAC,RS,CHH,2592.0,,87,99,-12
199802210LAC,RS,CHH,2592.0,,87,100,-13
199802210LAC,RS,CHH,2603.0,,89,100,-11
199802210LAC,RS,CHH,2633.0,,91,100,-9
199802210LAC,RS,CHH,2703.0,,91,102,-11
199802210LAC,RS,CHH,2726.0,,93,102,-9
199802210LAC,RS,CHH,2746.0,,93,104,-11
199802210LAC,RS,CHH,2757.0,,95,104,-9
199802210LAC,RS,CHH,2774.0,,95,106,-11
199802210LAC,RS,CHH,2802.0,,95,108,-13
199802210LAC,RS,CHH,2839.0,,95,110,-15
199802210LAC,RS,CHH,2850.0,,97,110,-13
199802210LAC,RS,CHH,2850.0,,98,110,-12
199802210LAC,RS,CHH,2872.0,F,98,111,-13
199802210LAC,RS,CHH,2879.0,,98,111,-13
199802230LAC,RS,SEA,0.0,,0,0,0
199802230LAC,RS,SEA,44.0,,2,0,2
199802230LAC,RS,SEA,66.0,,2,1,1
199802230LAC,RS,SEA,79.0,,5,1,4
199802230LAC,RS,SEA,107.0,,5,3,2
199802230LAC,RS,SEA,124.0,,7,3,4
199802230LAC,RS,SEA,213.0,,7,5,2
199802230LAC,RS,SEA,226.0,,8,5,3
199802230LAC,RS,SEA,226.0,,9,5,4
199802230LAC,RS,SEA,244.0,,9,8,1
199802230LAC,RS,SEA,270.0,T,9,9,0
199802230LAC,RS,SEA,284.0,,11,9,2
199802230LAC,RS,SEA,313.0,,12,9,3
199802230LAC,RS,SEA,313.0,,13,9,4
199802230LAC,RS,SEA,330.0,,14,9,5
199802230LAC,RS,SEA,330.0,,15,9,6
199802230LAC,RS,SEA,358.0,,17,9,8
199802230LAC,RS,SEA,413.0,,17,11,6
199802230LAC,RS,SEA,435.0,,19,11,8
199802230LAC,RS,SEA,450.0,,19,13,6
199802230LAC,RS,SEA,474.0,,19,15,4
199802230LAC,RS,SEA,488.0,,21,15,6
199802230LAC,RS,SEA,501.0,,21,17,4
199802230LAC,RS,SEA,512.0,,23,17,6
199802230LAC,RS,SEA,528.0,,25,17,8
199802230LAC,RS,SEA,559.0,,25,19,6
199802230LAC,RS,SEA,582.0,,28,19,9
199802230LAC,RS,SEA,613.0,,29,19,10
199802230LAC,RS,SEA,618.0,,29,21,8
199802230LAC,RS,SEA,624.0,,31,21,10
199802230LAC,RS,SEA,640.0,,31,24,7
199802230LAC,RS,SEA,661.0,,34,24,10
199802230LAC,RS,SEA,680.0,,34,26,8
199802230LAC,RS,SEA,699.0,,35,26,9
199802230LAC,RS,SEA,732.0,,35,28,7
199802230LAC,RS,SEA,767.0,,35,30,5
199802230LAC,RS,SEA,779.0,,37,30,7
199802230LAC,RS,SEA,955.0,,37,32,5
199802230LAC,RS,SEA,1006.0,,38,32,6
199802230LAC,RS,SEA,1055.0,,40,32,8
199802230LAC,RS,SEA,1064.0,,40,33,7
199802230LAC,RS,SEA,1090.0,,42,33,9
199802230LAC,RS,SEA,1104.0,,42,35,7
199802230LAC,RS,SEA,1126.0,,43,35,8
199802230LAC,RS,SEA,1161.0,,44,35,9
199802230LAC,RS,SEA,1161.0,,45,35,10
199802230LAC,RS,SEA,1172.0,,45,37,8
199802230LAC,RS,SEA,1211.0,,45,40,5
199802230LAC,RS,SEA,1228.0,,47,40,7
199802230LAC,RS,SEA,1252.0,,47,42,5
199802230LAC,RS,SEA,1272.0,,47,43,4
199802230LAC,RS,SEA,1299.0,,48,43,5
199802230LAC,RS,SEA,1299.0,,49,43,6
199802230LAC,RS,SEA,1311.0,,49,45,4
199802230LAC,RS,SEA,1355.0,,49,47,2
199802230LAC,RS,SEA,1373.0,,50,47,3
199802230LAC,RS,SEA,1373.0,,51,47,4
199802230LAC,RS,SEA,1387.0,,51,48,3
199802230LAC,RS,SEA,1387.0,,51,49,2
199802230LAC,RS,SEA,1406.0,T,51,51,0
199802230LAC,RS,SEA,1439.0,,53,51,2
199802230LAC,RS,SEA,1487.0,,55,51,4
199802230LAC,RS,SEA,1501.0,,55,53,2
199802230LAC,RS,SEA,1577.0,LC,55,56,-1
199802230LAC,RS,SEA,1603.0,,55,58,-3
199802230LAC,RS,SEA,1631.0,,57,58,-1
199802230LAC,RS,SEA,1653.0,,57,60,-3
199802230LAC,RS,SEA,1666.0,,57,61,-4
199802230LAC,RS,SEA,1666.0,,57,62,-5
199802230LAC,RS,SEA,1765.0,,57,64,-7
199802230LAC,RS,SEA,1806.0,,59,64,-5
199802230LAC,RS,SEA,1808.0,,59,65,-6
199802230LAC,RS,SEA,1835.0,,59,67,-8
199802230LAC,RS,SEA,1907.0,,59,70,-11
199802230LAC,RS,SEA,1931.0,,62,70,-8
199802230LAC,RS,SEA,1959.0,,65,70,-5
199802230LAC,RS,SEA,2008.0,,65,72,-7
199802230LAC,RS,SEA,2029.0,,67,72,-5
199802230LAC,RS,SEA,2065.0,,69,72,-3
199802230LAC,RS,SEA,2084.0,,69,74,-5
199802230LAC,RS,SEA,2097.0,,71,74,-3
199802230LAC,RS,SEA,2146.0,,73,74,-1
199802230LAC,RS,SEA,2211.0,LC,76,74,2
199802230LAC,RS,SEA,2296.0,LC,76,77,-1
199802230LAC,RS,SEA,2346.0,,76,78,-2
199802230LAC,RS,SEA,2359.0,,76,80,-4
199802230LAC,RS,SEA,2398.0,,76,83,-7
199802230LAC,RS,SEA,2416.0,,78,83,-5
199802230LAC,RS,SEA,2441.0,,80,83,-3
199802230LAC,RS,SEA,2467.0,,80,85,-5
199802230LAC,RS,SEA,2486.0,,83,85,-2
199802230LAC,RS,SEA,2523.0,,83,86,-3
199802230LAC,RS,SEA,2535.0,T,86,86,0
199802230LAC,RS,SEA,2567.0,,86,87,-1
199802230LAC,RS,SEA,2567.0,,86,88,-2
199802230LAC,RS,SEA,2596.0,T,88,88,0
199802230LAC,RS,SEA,2624.0,LC,90,88,2
199802230LAC,RS,SEA,2648.0,LC,90,91,-1
199802230LAC,RS,SEA,2689.0,LC,92,91,1
199802230LAC,RS,SEA,2702.0,,94,91,3
199802230LAC,RS,SEA,2731.0,,97,91,6
199802230LAC,RS,SEA,2747.0,,97,94,3
199802230LAC,RS,SEA,2781.0,,97,96,1
199802230LAC,RS,SEA,2820.0,LC,97,99,-2
199802230LAC,RS,SEA,2846.0,,97,101,-4
199802230LAC,RS,SEA,2864.0,F,100,101,-1
199802230LAC,RS,SEA,2880.0,,100,101,-1
199802250LAC,RS,PHI,0.0,,0,0,0
199802250LAC,RS,PHI,44.0,,2,0,2
199802250LAC,RS,PHI,77.0,T,2,2,0
199802250LAC,RS,PHI,86.0,,3,2,1
199802250LAC,RS,PHI,86.0,,4,2,2
199802250LAC,RS,PHI,134.0,,7,2,5
199802250LAC,RS,PHI,174.0,,9,2,7
199802250LAC,RS,PHI,193.0,,9,4,5
199802250LAC,RS,PHI,201.0,,11,4,7
199802250LAC,RS,PHI,212.0,,11,6,5
199802250LAC,RS,PHI,237.0,,14,6,8
199802250LAC,RS,PHI,263.0,,14,8,6
199802250LAC,RS,PHI,280.0,,16,8,8
199802250LAC,RS,PHI,325.0,,16,10,6
199802250LAC,RS,PHI,491.0,,18,10,8
199802250LAC,RS,PHI,511.0,,18,12,6
199802250LAC,RS,PHI,522.0,,20,12,8
199802250LAC,RS,PHI,547.0,,20,13,7
199802250LAC,RS,PHI,627.0,,20,15,5
199802250LAC,RS,PHI,637.0,,21,15,6
199802250LAC,RS,PHI,661.0,,22,15,7
199802250LAC,RS,PHI,661.0,,23,15,8
199802250LAC,RS,PHI,685.0,,25,15,10
199802250LAC,RS,PHI,693.0,,25,17,8
199802250LAC,RS,PHI,704.0,,27,17,10
199802250LAC,RS,PHI,718.0,,27,19,8
199802250LAC,RS,PHI,737.0,,28,19,9
199802250LAC,RS,PHI,737.0,,29,19,10
199802250LAC,RS,PHI,749.0,,29,20,9
199802250LAC,RS,PHI,784.0,,29,22,7
199802250LAC,RS,PHI,808.0,,31,22,9
199802250LAC,RS,PHI,832.0,,33,22,11
199802250LAC,RS,PHI,851.0,,33,24,9
199802250LAC,RS,PHI,925.0,,35,24,11
199802250LAC,RS,PHI,941.0,,35,26,9
199802250LAC,RS,PHI,941.0,,35,27,8
199802250LAC,RS,PHI,999.0,,37,27,10
199802250LAC,RS,PHI,1014.0,,37,29,8
199802250LAC,RS,PHI,1045.0,,38,29,9
199802250LAC,RS,PHI,1074.0,,38,31,7
199802250LAC,RS,PHI,1094.0,,40,31,9
199802250LAC,RS,PHI,1123.0,,40,32,8
199802250LAC,RS,PHI,1123.0,,40,33,7
199802250LAC,RS,PHI,1160.0,,40,34,6
199802250LAC,RS,PHI,1206.0,,41,34,7
199802250LAC,RS,PHI,1206.0,,42,34,8
199802250LAC,RS,PHI,1219.0,,42,36,6
199802250LAC,RS,PHI,1249.0,,42,38,4
199802250LAC,RS,PHI,1285.0,,42,39,3
199802250LAC,RS,PHI,1285.0,,42,40,2
199802250LAC,RS,PHI,1331.0,,44,40,4
199802250LAC,RS,PHI,1347.0,,44,42,2
199802250LAC,RS,PHI,1347.0,,44,43,1
199802250LAC,RS,PHI,1369.0,T,44,44,0
199802250LAC,RS,PHI,1369.0,LC,44,45,-1
199802250LAC,RS,PHI,1388.0,LC,46,45,1
199802250LAC,RS,PHI,1401.0,T,46,46,0
199802250LAC,RS,PHI,1401.0,LC,46,47,-1
199802250LAC,RS,PHI,1423.0,,46,49,-3
199802250LAC,RS,PHI,1462.0,,46,50,-4
199802250LAC,RS,PHI,1481.0,,48,50,-2
199802250LAC,RS,PHI,1504.0,,49,50,-1
199802250LAC,RS,PHI,1504.0,T,50,50,0
199802250LAC,RS,PHI,1528.0,,50,52,-2
199802250LAC,RS,PHI,1551.0,,50,54,-4
199802250LAC,RS,PHI,1566.0,,53,54,-1
199802250LAC,RS,PHI,1583.0,,53,56,-3
199802250LAC,RS,PHI,1592.0,,54,56,-2
199802250LAC,RS,PHI,1592.0,,55,56,-1
199802250LAC,RS,PHI,1649.0,T,56,56,0
199802250LAC,RS,PHI,1649.0,LC,57,56,1
199802250LAC,RS,PHI,1663.0,T,57,57,0
199802250LAC,RS,PHI,1688.0,,60,57,3
199802250LAC,RS,PHI,1712.0,,60,59,1
199802250LAC,RS,PHI,1729.0,,62,59,3
199802250LAC,RS,PHI,1750.0,,62,61,1
199802250LAC,RS,PHI,1759.0,,63,61,2
199802250LAC,RS,PHI,1759.0,,64,61,3
199802250LAC,RS,PHI,1773.0,,64,63,1
199802250LAC,RS,PHI,1779.0,,66,63,3
199802250LAC,RS,PHI,1802.0,,66,65,1
199802250LAC,RS,PHI,1808.0,,69,65,4
199802250LAC,RS,PHI,1826.0,,69,67,2
199802250LAC,RS,PHI,1845.0,T,69,69,0
199802250LAC,RS,PHI,1898.0,LC,69,71,-2
199802250LAC,RS,PHI,1916.0,T,71,71,0
199802250LAC,RS,PHI,2002.0,,71,73,-2
199802250LAC,RS,PHI,2024.0,LC,74,73,1
199802250LAC,RS,PHI,2087.0,,75,73,2
199802250LAC,RS,PHI,2087.0,,76,73,3
199802250LAC,RS,PHI,2129.0,,77,73,4
199802250LAC,RS,PHI,2150.0,,77,75,2
199802250LAC,RS,PHI,2223.0,,78,75,3
199802250LAC,RS,PHI,2223.0,,79,75,4
199802250LAC,RS,PHI,2271.0,,79,77,2
199802250LAC,RS,PHI,2277.0,,81,77,4
199802250LAC,RS,PHI,2295.0,,81,79,2
199802250LAC,RS,PHI,2326.0,T,81,81,0
199802250LAC,RS,PHI,2373.0,,83,81,2
199802250LAC,RS,PHI,2408.0,,85,81,4
199802250LAC,RS,PHI,2452.0,,85,83,2
199802250LAC,RS,PHI,2483.0,,87,83,4
199802250LAC,RS,PHI,2503.0,,89,83,6
199802250LAC,RS,PHI,2518.0,,89,85,4
199802250LAC,RS,PHI,2546.0,,92,85,7
199802250LAC,RS,PHI,2576.0,,92,87,5
199802250LAC,RS,PHI,2596.0,,94,87,7
199802250LAC,RS,PHI,2620.0,,94,89,5
199802250LAC,RS,PHI,2646.0,,94,91,3
199802250LAC,RS,PHI,2672.0,,96,91,5
199802250LAC,RS,PHI,2730.0,,99,91,8
199802250LAC,RS,PHI,2742.0,,99,93,6
199802250LAC,RS,PHI,2769.0,,101,93,8
199802250LAC,RS,PHI,2799.0,,103,93,10
199802250LAC,RS,PHI,2799.0,,104,93,11
199802250LAC,RS,PHI,2808.0,,104,95,9
199802250LAC,RS,PHI,2810.0,,105,95,10
199802250LAC,RS,PHI,2819.0,,105,98,7
199802250LAC,RS,PHI,2820.0,,106,98,8
199802250LAC,RS,PHI,2820.0,,107,98,9
199802250LAC,RS,PHI,2827.0,,107,101,6
199802250LAC,RS,PHI,2828.0,,108,101,7
199802250LAC,RS,PHI,2828.0,,109,101,8
199802250LAC,RS,PHI,2832.0,,109,103,6
199802250LAC,RS,PHI,2833.0,,110,103,7
199802250LAC,RS,PHI,2833.0,,111,103,8
199802250LAC,RS,PHI,2839.0,,112,103,9
199802250LAC,RS,PHI,2839.0,,113,103,10
199802250LAC,RS,PHI,2843.0,,113,106,7
199802250LAC,RS,PHI,2845.0,,114,106,8
199802250LAC,RS,PHI,2849.0,,115,106,9
199802250LAC,RS,PHI,2861.0,,117,106,11
199802250LAC,RS,PHI,2874.0,F,117,108,9
199802250LAC,RS,PHI,2880.0,,117,108,9
199802270LAC,RS,PHO,0.0,,0,0,0
199802270LAC,RS,PHO,22.0,,0,2,-2
199802270LAC,RS,PHO,60.0,,0,4,-4
199802270LAC,RS,PHO,76.0,,2,4,-2
199802270LAC,RS,PHO,92.0,,2,6,-4
199802270LAC,RS,PHO,114.0,,5,6,-1
199802270LAC,RS,PHO,127.0,,5,8,-3
199802270LAC,RS,PHO,153.0,,7,8,-1
199802270LAC,RS,PHO,192.0,,7,10,-3
199802270LAC,RS,PHO,227.0,,9,10,-1
199802270LAC,RS,PHO,248.0,,9,12,-3
199802270LAC,RS,PHO,283.0,,9,14,-5
199802270LAC,RS,PHO,310.0,,9,15,-6
199802270LAC,RS,PHO,310.0,,9,16,-7
199802270LAC,RS,PHO,321.0,,11,16,-5
199802270LAC,RS,PHO,337.0,,11,18,-7
199802270LAC,RS,PHO,368.0,,13,18,-5
199802270LAC,RS,PHO,401.0,,16,18,-2
199802270LAC,RS,PHO,425.0,T,18,18,0
199802270LAC,RS,PHO,446.0,LC,19,18,1
199802270LAC,RS,PHO,472.0,T,19,19,0
199802270LAC,RS,PHO,506.0,LC,19,21,-2
199802270LAC,RS,PHO,524.0,,19,23,-4
199802270LAC,RS,PHO,562.0,,19,26,-7
199802270LAC,RS,PHO,616.0,,21,26,-5
199802270LAC,RS,PHO,638.0,,21,28,-7
199802270LAC,RS,PHO,686.0,,23,28,-5
199802270LAC,RS,PHO,719.0,,26,28,-2
199802270LAC,RS,PHO,745.0,LC,29,28,1
199802270LAC,RS,PHO,776.0,,31,28,3
199802270LAC,RS,PHO,802.0,,32,28,4
199802270LAC,RS,PHO,835.0,,34,28,6
199802270LAC,RS,PHO,855.0,,34,30,4
199802270LAC,RS,PHO,883.0,,37,30,7
199802270LAC,RS,PHO,918.0,,38,30,8
199802270LAC,RS,PHO,918.0,,39,30,9
199802270LAC,RS,PHO,957.0,,39,32,7
199802270LAC,RS,PHO,976.0,,39,34,5
199802270LAC,RS,PHO,1000.0,,41,34,7
199802270LAC,RS,PHO,1018.0,,41,37,4
199802270LAC,RS,PHO,1053.0,,43,37,6
199802270LAC,RS,PHO,1069.0,,43,39,4
199802270LAC,RS,PHO,1100.0,,43,40,3
199802270LAC,RS,PHO,1100.0,,43,41,2
199802270LAC,RS,PHO,1139.0,T,43,43,0
199802270LAC,RS,PHO,1147.0,,46,43,3
199802270LAC,RS,PHO,1165.0,,46,45,1
199802270LAC,RS,PHO,1188.0,,48,45,3
199802270LAC,RS,PHO,1255.0,,48,47,1
199802270LAC,RS,PHO,1272.0,,50,47,3
199802270LAC,RS,PHO,1288.0,,50,48,2
199802270LAC,RS,PHO,1299.0,LC,50,51,-1
199802270LAC,RS,PHO,1358.0,T,51,51,0
199802270LAC,RS,PHO,1358.0,LC,52,51,1
199802270LAC,RS,PHO,1373.0,LC,52,53,-1
199802270LAC,RS,PHO,1408.0,,52,55,-3
199802270LAC,RS,PHO,1415.0,,53,55,-2
199802270LAC,RS,PHO,1436.0,,53,57,-4
199802270LAC,RS,PHO,1503.0,,53,59,-6
199802270LAC,RS,PHO,1518.0,,53,61,-8
199802270LAC,RS,PHO,1552.0,,53,63,-10
199802270LAC,RS,PHO,1570.0,,55,63,-8
199802270LAC,RS,PHO,1614.0,,55,65,-10
199802270LAC,RS,PHO,1638.0,,57,65,-8
199802270LAC,RS,PHO,1658.0,,59,65,-6
199802270LAC,RS,PHO,1679.0,,59,67,-8
199802270LAC,RS,PHO,1722.0,,59,68,-9
199802270LAC,RS,PHO,1734.0,,62,68,-6
199802270LAC,RS,PHO,1752.0,,62,70,-8
199802270LAC,RS,PHO,1771.0,,64,70,-6
199802270LAC,RS,PHO,1792.0,,65,70,-5
199802270LAC,RS,PHO,1792.0,,66,70,-4
199802270LAC,RS,PHO,1833.0,,67,70,-3
199802270LAC,RS,PHO,1853.0,,69,70,-1
199802270LAC,RS,PHO,1873.0,,69,72,-3
199802270LAC,RS,PHO,1894.0,,71,72,-1
199802270LAC,RS,PHO,1926.0,LC,73,72,1
199802270LAC,RS,PHO,1945.0,LC,73,74,-1
199802270LAC,RS,PHO,2012.0,,73,75,-2
199802270LAC,RS,PHO,2038.0,,73,77,-4
199802270LAC,RS,PHO,2064.0,,75,77,-2
199802270LAC,RS,PHO,2085.0,,75,79,-4
199802270LAC,RS,PHO,2100.0,,78,79,-1
199802270LAC,RS,PHO,2159.0,T,79,79,0
199802270LAC,RS,PHO,2159.0,LC,80,79,1
199802270LAC,RS,PHO,2182.0,,82,79,3
199802270LAC,RS,PHO,2216.0,,85,79,6
199802270LAC,RS,PHO,2238.0,,85,80,5
199802270LAC,RS,PHO,2238.0,,85,81,4
199802270LAC,RS,PHO,2260.0,,87,81,6
199802270LAC,RS,PHO,2299.0,,87,83,4
199802270LAC,RS,PHO,2340.0,,87,84,3
199802270LAC,RS,PHO,2340.0,,87,85,2
199802270LAC,RS,PHO,2356.0,,89,85,4
199802270LAC,RS,PHO,2372.0,,89,88,1
199802270LAC,RS,PHO,2445.0,LC,89,91,-2
199802270LAC,RS,PHO,2464.0,,90,91,-1
199802270LAC,RS,PHO,2506.0,,90,93,-3
199802270LAC,RS,PHO,2553.0,,92,93,-1
199802270LAC,RS,PHO,2574.0,,92,95,-3
199802270LAC,RS,PHO,2622.0,,92,97,-5
199802270LAC,RS,PHO,2663.0,,92,98,-6
199802270LAC,RS,PHO,2751.0,,94,98,-4
199802270LAC,RS,PHO,2812.0,,94,100,-6
199802270LAC,RS,PHO,2832.0,,97,100,-3
199802270LAC,RS,PHO,2855.0,,98,100,-2
199802270LAC,RS,PHO,2855.0,,99,100,-1
199802270LAC,RS,PHO,2866.0,,99,101,-2
199802270LAC,RS,PHO,2866.0,,99,102,-3
199802270LAC,RS,PHO,2875.0,,99,103,-4
199802270LAC,RS,PHO,2875.0,F,99,104,-5
199802270LAC,RS,PHO,2880.0,,99,104,-5
199803030HOU,RS,HOU,0.0,,0,0,0
199803030HOU,RS,HOU,15.0,,0,2,-2
199803030HOU,RS,HOU,32.0,T,2,2,0
199803030HOU,RS,HOU,49.0,,2,4,-2
199803030HOU,RS,HOU,101.0,,2,6,-4
199803030HOU,RS,HOU,111.0,,4,6,-2
199803030HOU,RS,HOU,129.0,,5,6,-1
199803030HOU,RS,HOU,129.0,T,6,6,0
199803030HOU,RS,HOU,141.0,,6,8,-2
199803030HOU,RS,HOU,167.0,,6,10,-4
199803030HOU,RS,HOU,219.0,,8,10,-2
199803030HOU,RS,HOU,286.0,,8,12,-4
199803030HOU,RS,HOU,370.0,,8,14,-6
199803030HOU,RS,HOU,382.0,,10,14,-4
199803030HOU,RS,HOU,396.0,,10,17,-7
199803030HOU,RS,HOU,441.0,,10,20,-10
199803030HOU,RS,HOU,486.0,,12,20,-8
199803030HOU,RS,HOU,506.0,,12,21,-9
199803030HOU,RS,HOU,569.0,,12,23,-11
199803030HOU,RS,HOU,610.0,,14,23,-9
199803030HOU,RS,HOU,629.0,,14,24,-10
199803030HOU,RS,HOU,629.0,,14,25,-11
199803030HOU,RS,HOU,639.0,,16,25,-9
199803030HOU,RS,HOU,668.0,,18,25,-7
199803030HOU,RS,HOU,679.0,,19,25,-6
199803030HOU,RS,HOU,679.0,,20,25,-5
199803030HOU,RS,HOU,679.0,,20,26,-6
199803030HOU,RS,HOU,679.0,,20,27,-7
199803030HOU,RS,HOU,690.0,,22,27,-5
199803030HOU,RS,HOU,700.0,,22,28,-6
199803030HOU,RS,HOU,754.0,,22,29,-7
199803030HOU,RS,HOU,754.0,,22,30,-8
199803030HOU,RS,HOU,862.0,,24,30,-6
199803030HOU,RS,HOU,885.0,,24,32,-8
199803030HOU,RS,HOU,930.0,,24,34,-10
199803030HOU,RS,HOU,955.0,,26,34,-8
199803030HOU,RS,HOU,1058.0,,26,36,-10
199803030HOU,RS,HOU,1083.0,,28,36,-8
199803030HOU,RS,HOU,1100.0,,28,38,-10
199803030HOU,RS,HOU,1108.0,,30,38,-8
199803030HOU,RS,HOU,1128.0,,30,41,-11
199803030HOU,RS,HOU,1147.0,,33,41,-8
199803030HOU,RS,HOU,1166.0,,33,43,-10
199803030HOU,RS,HOU,1196.0,,33,46,-13
199803030HOU,RS,HOU,1223.0,,33,48,-15
199803030HOU,RS,HOU,1245.0,,33,50,-17
199803030HOU,RS,HOU,1270.0,,36,50,-14
199803030HOU,RS,HOU,1287.0,,36,51,-15
199803030HOU,RS,HOU,1287.0,,36,52,-16
199803030HOU,RS,HOU,1299.0,,37,52,-15
199803030HOU,RS,HOU,1321.0,,37,53,-16
199803030HOU,RS,HOU,1321.0,,37,54,-17
199803030HOU,RS,HOU,1351.0,,39,54,-15
199803030HOU,RS,HOU,1376.0,,41,54,-13
199803030HOU,RS,HOU,1398.0,,42,54,-12
199803030HOU,RS,HOU,1398.0,,43,54,-11
199803030HOU,RS,HOU,1407.0,,43,56,-13
199803030HOU,RS,HOU,1423.0,,46,56,-10
199803030HOU,RS,HOU,1490.0,,48,56,-8
199803030HOU,RS,HOU,1509.0,,48,58,-10
199803030HOU,RS,HOU,1545.0,,51,58,-7
199803030HOU,RS,HOU,1596.0,,53,58,-5
199803030HOU,RS,HOU,1623.0,,56,58,-2
199803030HOU,RS,HOU,1677.0,T,58,58,0
199803030HOU,RS,HOU,1696.0,,58,60,-2
199803030HOU,RS,HOU,1720.0,T,60,60,0
199803030HOU,RS,HOU,1741.0,,60,62,-2
199803030HOU,RS,HOU,1751.0,T,62,62,0
199803030HOU,RS,HOU,1779.0,,62,65,-3
199803030HOU,RS,HOU,1818.0,,62,67,-5
199803030HOU,RS,HOU,1839.0,,62,69,-7
199803030HOU,RS,HOU,1855.0,,65,69,-4
199803030HOU,RS,HOU,1873.0,,65,71,-6
199803030HOU,RS,HOU,2002.0,,68,71,-3
199803030HOU,RS,HOU,2027.0,,68,73,-5
199803030HOU,RS,HOU,2054.0,,70,73,-3
199803030HOU,RS,HOU,2088.0,,72,73,-1
199803030HOU,RS,HOU,2110.0,,72,75,-3
199803030HOU,RS,HOU,2158.0,,74,75,-1
199803030HOU,RS,HOU,2173.0,,74,77,-3
199803030HOU,RS,HOU,2240.0,,74,79,-5
199803030HOU,RS,HOU,2248.0,,76,79,-3
199803030HOU,RS,HOU,2273.0,,76,80,-4
199803030HOU,RS,HOU,2273.0,,76,81,-5
199803030HOU,RS,HOU,2273.0,,76,82,-6
199803030HOU,RS,HOU,2311.0,,77,82,-5
199803030HOU,RS,HOU,2311.0,,78,82,-4
199803030HOU,RS,HOU,2323.0,,78,84,-6
199803030HOU,RS,HOU,2356.0,,78,86,-8
199803030HOU,RS,HOU,2356.0,,78,87,-9
199803030HOU,RS,HOU,2369.0,,80,87,-7
199803030HOU,RS,HOU,2399.0,,82,87,-5
199803030HOU,RS,HOU,2458.0,,82,89,-7
199803030HOU,RS,HOU,2521.0,,82,90,-8
199803030HOU,RS,HOU,2521.0,,82,91,-9
199803030HOU,RS,HOU,2549.0,,82,93,-11
199803030HOU,RS,HOU,2578.0,,85,93,-8
199803030HOU,RS,HOU,2592.0,,85,94,-9
199803030HOU,RS,HOU,2592.0,,85,95,-10
199803030HOU,RS,HOU,2603.0,,86,95,-9
199803030HOU,RS,HOU,2603.0,,87,95,-8
199803030HOU,RS,HOU,2618.0,,87,97,-10
199803030HOU,RS,HOU,2637.0,,87,99,-12
199803030HOU,RS,HOU,2686.0,,89,99,-10
199803030HOU,RS,HOU,2716.0,,90,99,-9
199803030HOU,RS,HOU,2716.0,,91,99,-8
199803030HOU,RS,HOU,2726.0,,91,102,-11
199803030HOU,RS,HOU,2763.0,,91,104,-13
199803030HOU,RS,HOU,2799.0,,91,105,-14
199803030HOU,RS,HOU,2807.0,,94,105,-11
199803030HOU,RS,HOU,2819.0,,94,106,-12
199803030HOU,RS,HOU,2819.0,,94,107,-13
199803030HOU,RS,HOU,2834.0,F,97,107,-10
199803030HOU,RS,HOU,2871.0,,97,107,-10
199803050DAL,RS,DAL,0.0,,0,0,0
199803050DAL,RS,DAL,15.0,,2,0,2
199803050DAL,RS,DAL,30.0,T,2,2,0
199803050DAL,RS,DAL,42.0,,3,2,1
199803050DAL,RS,DAL,42.0,,4,2,2
199803050DAL,RS,DAL,61.0,T,4,4,0
199803050DAL,RS,DAL,101.0,LC,4,5,-1
199803050DAL,RS,DAL,118.0,LC,6,5,1
199803050DAL,RS,DAL,133.0,LC,6,7,-1
199803050DAL,RS,DAL,174.0,LC,8,7,1
199803050DAL,RS,DAL,197.0,T,8,8,0
199803050DAL,RS,DAL,197.0,LC,8,9,-1
199803050DAL,RS,DAL,219.0,,8,11,-3
199803050DAL,RS,DAL,262.0,,9,11,-2
199803050DAL,RS,DAL,262.0,,10,11,-1
199803050DAL,RS,DAL,278.0,,10,13,-3
199803050DAL,RS,DAL,298.0,,12,13,-1
199803050DAL,RS,DAL,309.0,,12,15,-3
199803050DAL,RS,DAL,321.0,,12,16,-4
199803050DAL,RS,DAL,349.0,,13,16,-3
199803050DAL,RS,DAL,409.0,,13,18,-5
199803050DAL,RS,DAL,512.0,,13,20,-7
199803050DAL,RS,DAL,520.0,,15,20,-5
199803050DAL,RS,DAL,524.0,,15,22,-7
199803050DAL,RS,DAL,592.0,,15,23,-8
199803050DAL,RS,DAL,592.0,,15,24,-9
199803050DAL,RS,DAL,614.0,,15,26,-11
199803050DAL,RS,DAL,633.0,,16,26,-10
199803050DAL,RS,DAL,654.0,,18,26,-8
199803050DAL,RS,DAL,661.0,,18,28,-10
199803050DAL,RS,DAL,691.0,,20,28,-8
199803050DAL,RS,DAL,699.0,,20,29,-9
199803050DAL,RS,DAL,699.0,,20,30,-10
199803050DAL,RS,DAL,720.0,,21,30,-9
199803050DAL,RS,DAL,720.0,,22,30,-8
199803050DAL,RS,DAL,741.0,,22,32,-10
199803050DAL,RS,DAL,756.0,,23,32,-9
199803050DAL,RS,DAL,776.0,,23,34,-11
199803050DAL,RS,DAL,806.0,,23,36,-13
199803050DAL,RS,DAL,827.0,,24,36,-12
199803050DAL,RS,DAL,832.0,,26,36,-10
199803050DAL,RS,DAL,856.0,,26,38,-12
199803050DAL,RS,DAL,861.0,,27,38,-11
199803050DAL,RS,DAL,861.0,,28,38,-10
199803050DAL,RS,DAL,884.0,,30,38,-8
199803050DAL,RS,DAL,893.0,,30,40,-10
199803050DAL,RS,DAL,901.0,,32,40,-8
199803050DAL,RS,DAL,928.0,,32,42,-10
199803050DAL,RS,DAL,961.0,,32,44,-12
199803050DAL,RS,DAL,980.0,,34,44,-10
199803050DAL,RS,DAL,1012.0,,36,44,-8
199803050DAL,RS,DAL,1036.0,,36,46,-10
199803050DAL,RS,DAL,1064.0,,36,48,-12
199803050DAL,RS,DAL,1083.0,,37,48,-11
199803050DAL,RS,DAL,1103.0,,39,48,-9
199803050DAL,RS,DAL,1137.0,,40,48,-8
199803050DAL,RS,DAL,1150.0,,42,48,-6
199803050DAL,RS,DAL,1186.0,,44,48,-4
199803050DAL,RS,DAL,1204.0,,44,50,-6
199803050DAL,RS,DAL,1225.0,,44,52,-8
199803050DAL,RS,DAL,1240.0,,46,52,-6
199803050DAL,RS,DAL,1258.0,,48,52,-4
199803050DAL,RS,DAL,1295.0,,48,54,-6
199803050DAL,RS,DAL,1321.0,,48,55,-7
199803050DAL,RS,DAL,1321.0,,48,56,-8
199803050DAL,RS,DAL,1327.0,,50,56,-6
199803050DAL,RS,DAL,1367.0,,52,56,-4
199803050DAL,RS,DAL,1386.0,,52,59,-7
199803050DAL,RS,DAL,1451.0,,52,61,-9
199803050DAL,RS,DAL,1466.0,,53,61,-8
199803050DAL,RS,DAL,1466.0,,54,61,-7
199803050DAL,RS,DAL,1490.0,,56,61,-5
199803050DAL,RS,DAL,1572.0,,56,64,-8
199803050DAL,RS,DAL,1593.0,,57,64,-7
199803050DAL,RS,DAL,1618.0,,57,66,-9
199803050DAL,RS,DAL,1618.0,,57,67,-10
199803050DAL,RS,DAL,1657.0,,57,69,-12
199803050DAL,RS,DAL,1671.0,,57,71,-14
199803050DAL,RS,DAL,1689.0,,59,71,-12
199803050DAL,RS,DAL,1721.0,,59,74,-15
199803050DAL,RS,DAL,1754.0,,59,76,-17
199803050DAL,RS,DAL,1788.0,,59,78,-19
199803050DAL,RS,DAL,1857.0,,59,80,-21
199803050DAL,RS,DAL,1888.0,,59,82,-23
199803050DAL,RS,DAL,1906.0,,59,83,-24
199803050DAL,RS,DAL,1906.0,,59,84,-25
199803050DAL,RS,DAL,1923.0,,61,84,-23
199803050DAL,RS,DAL,1947.0,,61,86,-25
199803050DAL,RS,DAL,1985.0,,61,88,-27
199803050DAL,RS,DAL,2002.0,,61,89,-28
199803050DAL,RS,DAL,2002.0,,61,90,-29
199803050DAL,RS,DAL,2016.0,,63,90,-27
199803050DAL,RS,DAL,2042.0,,65,90,-25
199803050DAL,RS,DAL,2058.0,,65,91,-26
199803050DAL,RS,DAL,2058.0,,65,92,-27
199803050DAL,RS,DAL,2073.0,,68,92,-24
199803050DAL,RS,DAL,2086.0,,68,94,-26
199803050DAL,RS,DAL,2101.0,,70,94,-24
199803050DAL,RS,DAL,2135.0,,72,94,-22
199803050DAL,RS,DAL,2178.0,,74,94,-20
199803050DAL,RS,DAL,2178.0,,75,94,-19
199803050DAL,RS,DAL,2190.0,,75,95,-20
199803050DAL,RS,DAL,2190.0,,75,96,-21
199803050DAL,RS,DAL,2205.0,,77,96,-19
199803050DAL,RS,DAL,2227.0,,77,98,-21
199803050DAL,RS,DAL,2250.0,,77,100,-23
199803050DAL,RS,DAL,2258.0,,78,100,-22
199803050DAL,RS,DAL,2258.0,,79,100,-21
199803050DAL,RS,DAL,2281.0,,82,100,-18
199803050DAL,RS,DAL,2327.0,,84,100,-16
199803050DAL,RS,DAL,2327.0,,85,100,-15
199803050DAL,RS,DAL,2347.0,,85,102,-17
199803050DAL,RS,DAL,2357.0,,86,102,-16
199803050DAL,RS,DAL,2367.0,,86,104,-18
199803050DAL,RS,DAL,2386.0,,88,104,-16
199803050DAL,RS,DAL,2401.0,,88,106,-18
199803050DAL,RS,DAL,2421.0,,89,106,-17
199803050DAL,RS,DAL,2445.0,,91,106,-15
199803050DAL,RS,DAL,2476.0,,93,106,-13
199803050DAL,RS,DAL,2498.0,,95,106,-11
199803050DAL,RS,DAL,2571.0,,98,106,-8
199803050DAL,RS,DAL,2602.0,,100,106,-6
199803050DAL,RS,DAL,2651.0,,100,109,-9
199803050DAL,RS,DAL,2678.0,,103,109,-6
199803050DAL,RS,DAL,2709.0,,103,111,-8
199803050DAL,RS,DAL,2742.0,,105,111,-6
199803050DAL,RS,DAL,2781.0,,105,113,-8
199803050DAL,RS,DAL,2830.0,,105,115,-10
199803050DAL,RS,DAL,2838.0,,105,116,-11
199803050DAL,RS,DAL,2838.0,,105,117,-12
199803050DAL,RS,DAL,2838.0,,107,117,-10
199803050DAL,RS,DAL,2838.0,F,107,119,-12
199803050DAL,RS,DAL,2861.0,,109,119,-10
199803080DEN,RS,DEN,0.0,,0,0,0
199803080DEN,RS,DEN,81.0,,1,0,1
199803080DEN,RS,DEN,81.0,,2,0,2
199803080DEN,RS,DEN,119.0,,4,0,4
199803080DEN,RS,DEN,132.0,,4,2,2
199803080DEN,RS,DEN,139.0,,6,2,4
199803080DEN,RS,DEN,150.0,,6,4,2
199803080DEN,RS,DEN,181.0,T,6,6,0
199803080DEN,RS,DEN,201.0,,8,6,2
199803080DEN,RS,DEN,223.0,,10,6,4
199803080DEN,RS,DEN,246.0,,10,9,1
199803080DEN,RS,DEN,264.0,,13,9,4
199803080DEN,RS,DEN,284.0,,16,9,7
199803080DEN,RS,DEN,327.0,,16,11,5
199803080DEN,RS,DEN,366.0,,16,13,3
199803080DEN,RS,DEN,379.0,,17,13,4
199803080DEN,RS,DEN,389.0,,17,15,2
199803080DEN,RS,DEN,411.0,,19,15,4
199803080DEN,RS,DEN,430.0,,19,17,2
199803080DEN,RS,DEN,436.0,,21,17,4
199803080DEN,RS,DEN,488.0,,23,17,6
199803080DEN,RS,DEN,488.0,,24,17,7
199803080DEN,RS,DEN,525.0,,26,17,9
199803080DEN,RS,DEN,552.0,,27,17,10
199803080DEN,RS,DEN,576.0,,28,17,11
199803080DEN,RS,DEN,600.0,,28,19,9
199803080DEN,RS,DEN,614.0,,29,19,10
199803080DEN,RS,DEN,614.0,,30,19,11
199803080DEN,RS,DEN,645.0,,30,21,9
199803080DEN,RS,DEN,691.0,,30,22,8
199803080DEN,RS,DEN,691.0,,30,23,7
199803080DEN,RS,DEN,778.0,,30,26,4
199803080DEN,RS,DEN,890.0,,30,28,2
199803080DEN,RS,DEN,916.0,T,30,30,0
199803080DEN,RS,DEN,916.0,LC,30,31,-1
199803080DEN,RS,DEN,939.0,LC,32,31,1
199803080DEN,RS,DEN,969.0,T,32,32,0
199803080DEN,RS,DEN,969.0,LC,32,33,-1
199803080DEN,RS,DEN,984.0,T,33,33,0
199803080DEN,RS,DEN,1011.0,LC,34,33,1
199803080DEN,RS,DEN,1011.0,,36,33,3
199803080DEN,RS,DEN,1032.0,,36,35,1
199803080DEN,RS,DEN,1050.0,LC,36,37,-1
199803080DEN,RS,DEN,1050.0,,36,38,-2
199803080DEN,RS,DEN,1071.0,T,38,38,0
199803080DEN,RS,DEN,1097.0,,38,40,-2
199803080DEN,RS,DEN,1151.0,,38,41,-3
199803080DEN,RS,DEN,1151.0,,38,42,-4
199803080DEN,RS,DEN,1174.0,,40,42,-2
199803080DEN,RS,DEN,1202.0,,40,43,-3
199803080DEN,RS,DEN,1238.0,,40,44,-4
199803080DEN,RS,DEN,1251.0,,42,44,-2
199803080DEN,RS,DEN,1269.0,,42,46,-4
199803080DEN,RS,DEN,1285.0,,44,46,-2
199803080DEN,RS,DEN,1298.0,,44,48,-4
199803080DEN,RS,DEN,1333.0,,44,51,-7
199803080DEN,RS,DEN,1357.0,,46,51,-5
199803080DEN,RS,DEN,1372.0,,46,53,-7
199803080DEN,RS,DEN,1398.0,,46,54,-8
199803080DEN,RS,DEN,1413.0,,49,54,-5
199803080DEN,RS,DEN,1438.0,,49,56,-7
199803080DEN,RS,DEN,1463.0,,49,57,-8
199803080DEN,RS,DEN,1463.0,,49,58,-9
199803080DEN,RS,DEN,1515.0,,50,58,-8
199803080DEN,RS,DEN,1535.0,,52,58,-6
199803080DEN,RS,DEN,1555.0,,52,60,-8
199803080DEN,RS,DEN,1592.0,,52,62,-10
199803080DEN,RS,DEN,1641.0,,54,62,-8
199803080DEN,RS,DEN,1659.0,,55,62,-7
199803080DEN,RS,DEN,1659.0,,56,62,-6
199803080DEN,RS,DEN,1698.0,,57,62,-5
199803080DEN,RS,DEN,1698.0,,58,62,-4
199803080DEN,RS,DEN,1717.0,,58,64,-6
199803080DEN,RS,DEN,1730.0,,59,64,-5
199803080DEN,RS,DEN,1798.0,,60,64,-4
199803080DEN,RS,DEN,1798.0,,61,64,-3
199803080DEN,RS,DEN,1840.0,,61,66,-5
199803080DEN,RS,DEN,1867.0,,64,66,-2
199803080DEN,RS,DEN,1895.0,,64,68,-4
199803080DEN,RS,DEN,1919.0,,66,68,-2
199803080DEN,RS,DEN,1936.0,,66,70,-4
199803080DEN,RS,DEN,2001.0,,66,71,-5
199803080DEN,RS,DEN,2001.0,,66,72,-6
199803080DEN,RS,DEN,2040.0,,67,72,-5
199803080DEN,RS,DEN,2040.0,,68,72,-4
199803080DEN,RS,DEN,2097.0,,71,72,-1
199803080DEN,RS,DEN,2204.0,LC,73,72,1
199803080DEN,RS,DEN,2228.0,,75,72,3
199803080DEN,RS,DEN,2436.0,,75,74,1
199803080DEN,RS,DEN,2478.0,LC,75,76,-1
199803080DEN,RS,DEN,2491.0,T,76,76,0
199803080DEN,RS,DEN,2491.0,LC,77,76,1
199803080DEN,RS,DEN,2524.0,,79,76,3
199803080DEN,RS,DEN,2540.0,,79,77,2
199803080DEN,RS,DEN,2540.0,,79,78,1
199803080DEN,RS,DEN,2569.0,,80,78,2
199803080DEN,RS,DEN,2569.0,,81,78,3
199803080DEN,RS,DEN,2596.0,,83,78,5
199803080DEN,RS,DEN,2616.0,,83,79,4
199803080DEN,RS,DEN,2616.0,,83,80,3
199803080DEN,RS,DEN,2637.0,,86,80,6
199803080DEN,RS,DEN,2664.0,,86,82,4
199803080DEN,RS,DEN,2683.0,,87,82,5
199803080DEN,RS,DEN,2683.0,,88,82,6
199803080DEN,RS,DEN,2741.0,,88,84,4
199803080DEN,RS,DEN,2779.0,,88,86,2
199803080DEN,RS,DEN,2797.0,,90,86,4
199803080DEN,RS,DEN,2809.0,,92,86,6
199803080DEN,RS,DEN,2819.0,,93,86,7
199803080DEN,RS,DEN,2819.0,,94,86,8
199803080DEN,RS,DEN,2831.0,,94,89,5
199803080DEN,RS,DEN,2837.0,,96,89,7
199803080DEN,RS,DEN,2859.0,,97,89,8
199803080DEN,RS,DEN,2859.0,,98,89,9
199803080DEN,RS,DEN,2874.0,F,100,89,11
199803080DEN,RS,DEN,2877.0,,100,89,11
199803090PHO,RS,PHO,0.0,,0,0,0
199803090PHO,RS,PHO,38.0,,3,0,3
199803090PHO,RS,PHO,66.0,,3,2,1
199803090PHO,RS,PHO,85.0,,5,2,3
199803090PHO,RS,PHO,105.0,,5,4,1
199803090PHO,RS,PHO,124.0,,7,4,3
199803090PHO,RS,PHO,138.0,,7,6,1
199803090PHO,RS,PHO,161.0,LC,7,9,-2
199803090PHO,RS,PHO,174.0,T,9,9,0
199803090PHO,RS,PHO,253.0,,9,11,-2
199803090PHO,RS,PHO,274.0,LC,12,11,1
199803090PHO,RS,PHO,296.0,LC,12,13,-1
199803090PHO,RS,PHO,372.0,LC,15,13,2
199803090PHO,RS,PHO,392.0,LC,15,16,-1
199803090PHO,RS,PHO,408.0,LC,18,16,2
199803090PHO,RS,PHO,425.0,LC,18,19,-1
199803090PHO,RS,PHO,455.0,,18,21,-3
199803090PHO,RS,PHO,492.0,,18,23,-5
199803090PHO,RS,PHO,492.0,,18,24,-6
199803090PHO,RS,PHO,512.0,,18,25,-7
199803090PHO,RS,PHO,512.0,,18,26,-8
199803090PHO,RS,PHO,526.0,,20,26,-6
199803090PHO,RS,PHO,546.0,,20,28,-8
199803090PHO,RS,PHO,611.0,,22,28,-6
199803090PHO,RS,PHO,697.0,,22,30,-8
199803090PHO,RS,PHO,720.0,,22,32,-10
199803090PHO,RS,PHO,733.0,,22,34,-12
199803090PHO,RS,PHO,753.0,,23,34,-11
199803090PHO,RS,PHO,753.0,,24,34,-10
199803090PHO,RS,PHO,781.0,,26,34,-8
199803090PHO,RS,PHO,814.0,,26,36,-10
199803090PHO,RS,PHO,843.0,,28,36,-8
199803090PHO,RS,PHO,861.0,,28,38,-10
199803090PHO,RS,PHO,875.0,,31,38,-7
199803090PHO,RS,PHO,905.0,,31,39,-8
199803090PHO,RS,PHO,905.0,,31,40,-9
199803090PHO,RS,PHO,931.0,,33,40,-7
199803090PHO,RS,PHO,951.0,,33,42,-9
199803090PHO,RS,PHO,966.0,,33,45,-12
199803090PHO,RS,PHO,993.0,,35,45,-10
199803090PHO,RS,PHO,1008.0,,35,47,-12
199803090PHO,RS,PHO,1019.0,,37,47,-10
199803090PHO,RS,PHO,1038.0,,37,50,-13
199803090PHO,RS,PHO,1062.0,,37,52,-15
199803090PHO,RS,PHO,1103.0,,37,55,-18
199803090PHO,RS,PHO,1128.0,,39,55,-16
199803090PHO,RS,PHO,1141.0,,39,57,-18
199803090PHO,RS,PHO,1172.0,,39,59,-20
199803090PHO,RS,PHO,1193.0,,41,59,-18
199803090PHO,RS,PHO,1211.0,,41,61,-20
199803090PHO,RS,PHO,1234.0,,41,64,-23
199803090PHO,RS,PHO,1268.0,,41,66,-25
199803090PHO,RS,PHO,1282.0,,44,66,-22
199803090PHO,RS,PHO,1328.0,,47,66,-19
199803090PHO,RS,PHO,1347.0,,47,69,-22
199803090PHO,RS,PHO,1365.0,,49,69,-20
199803090PHO,RS,PHO,1390.0,,51,69,-18
199803090PHO,RS,PHO,1406.0,,51,71,-20
199803090PHO,RS,PHO,1433.0,,51,74,-23
199803090PHO,RS,PHO,1451.0,,53,74,-21
199803090PHO,RS,PHO,1477.0,,53,76,-23
199803090PHO,RS,PHO,1509.0,,53,77,-24
199803090PHO,RS,PHO,1509.0,,53,78,-25
199803090PHO,RS,PHO,1540.0,,53,80,-27
199803090PHO,RS,PHO,1540.0,,53,81,-28
199803090PHO,RS,PHO,1555.0,,54,81,-27
199803090PHO,RS,PHO,1555.0,,55,81,-26
199803090PHO,RS,PHO,1568.0,,55,83,-28
199803090PHO,RS,PHO,1597.0,,55,84,-29
199803090PHO,RS,PHO,1614.0,,57,84,-27
199803090PHO,RS,PHO,1631.0,,57,86,-29
199803090PHO,RS,PHO,1638.0,,58,86,-28
199803090PHO,RS,PHO,1638.0,,59,86,-27
199803090PHO,RS,PHO,1657.0,,60,86,-26
199803090PHO,RS,PHO,1676.0,,60,88,-28
199803090PHO,RS,PHO,1700.0,,60,90,-30
199803090PHO,RS,PHO,1716.0,,60,91,-31
199803090PHO,RS,PHO,1749.0,,60,92,-32
199803090PHO,RS,PHO,1749.0,,60,93,-33
199803090PHO,RS,PHO,1788.0,,60,95,-35
199803090PHO,RS,PHO,1803.0,,63,95,-32
199803090PHO,RS,PHO,1826.0,,63,98,-35
199803090PHO,RS,PHO,1844.0,,63,99,-36
199803090PHO,RS,PHO,1844.0,,63,100,-37
199803090PHO,RS,PHO,1880.0,,65,100,-35
199803090PHO,RS,PHO,1923.0,,65,101,-36
199803090PHO,RS,PHO,1923.0,,65,102,-37
199803090PHO,RS,PHO,1932.0,,66,102,-36
199803090PHO,RS,PHO,1932.0,,67,102,-35
199803090PHO,RS,PHO,1939.0,,67,103,-36
199803090PHO,RS,PHO,1939.0,,67,104,-37
199803090PHO,RS,PHO,1958.0,,69,104,-35
199803090PHO,RS,PHO,1986.0,,70,104,-34
199803090PHO,RS,PHO,1986.0,,71,104,-33
199803090PHO,RS,PHO,2031.0,,73,104,-31
199803090PHO,RS,PHO,2047.0,,73,106,-33
199803090PHO,RS,PHO,2061.0,,76,106,-30
199803090PHO,RS,PHO,2076.0,,76,108,-32
199803090PHO,RS,PHO,2092.0,,79,108,-29
199803090PHO,RS,PHO,2109.0,,79,110,-31
199803090PHO,RS,PHO,2132.0,,80,110,-30
199803090PHO,RS,PHO,2156.0,,80,112,-32
199803090PHO,RS,PHO,2179.0,,82,112,-30
199803090PHO,RS,PHO,2237.0,,84,112,-28
199803090PHO,RS,PHO,2284.0,,84,114,-30
199803090PHO,RS,PHO,2314.0,,85,114,-29
199803090PHO,RS,PHO,2329.0,,85,117,-32
199803090PHO,RS,PHO,2345.0,,88,117,-29
199803090PHO,RS,PHO,2376.0,,88,118,-30
199803090PHO,RS,PHO,2376.0,,88,119,-31
199803090PHO,RS,PHO,2400.0,,90,119,-29
199803090PHO,RS,PHO,2451.0,,90,121,-31
199803090PHO,RS,PHO,2465.0,,92,121,-29
199803090PHO,RS,PHO,2465.0,,93,121,-28
199803090PHO,RS,PHO,2527.0,,93,124,-31
199803090PHO,RS,PHO,2548.0,,93,126,-33
199803090PHO,RS,PHO,2564.0,,96,126,-30
199803090PHO,RS,PHO,2650.0,,97,126,-29
199803090PHO,RS,PHO,2650.0,,98,126,-28
199803090PHO,RS,PHO,2665.0,,98,128,-30
199803090PHO,RS,PHO,2713.0,,99,128,-29
199803090PHO,RS,PHO,2713.0,,100,128,-28
199803090PHO,RS,PHO,2750.0,,101,128,-27
199803090PHO,RS,PHO,2761.0,,101,130,-29
199803090PHO,RS,PHO,2790.0,,101,132,-31
199803090PHO,RS,PHO,2817.0,,101,134,-33
199803090PHO,RS,PHO,2837.0,F,103,134,-31
199803090PHO,RS,PHO,2863.0,,105,134,-29
199803120LAC,RS,LAL,0.0,,0,0,0
199803120LAC,RS,LAL,14.0,,0,2,-2
199803120LAC,RS,LAL,52.0,,0,4,-4
199803120LAC,RS,LAL,80.0,,0,6,-6
199803120LAC,RS,LAL,125.0,,0,8,-8
199803120LAC,RS,LAL,151.0,,2,8,-6
199803120LAC,RS,LAL,174.0,,2,10,-8
199803120LAC,RS,LAL,289.0,,2,12,-10
199803120LAC,RS,LAL,344.0,,3,12,-9
199803120LAC,RS,LAL,359.0,,3,14,-11
199803120LAC,RS,LAL,396.0,,5,14,-9
199803120LAC,RS,LAL,412.0,,5,17,-12
199803120LAC,RS,LAL,426.0,,8,17,-9
199803120LAC,RS,LAL,449.0,,10,17,-7
199803120LAC,RS,LAL,468.0,,10,19,-9
199803120LAC,RS,LAL,482.0,,13,19,-6
199803120LAC,RS,LAL,518.0,,15,19,-4
199803120LAC,RS,LAL,552.0,,17,19,-2
199803120LAC,RS,LAL,613.0,,17,22,-5
199803120LAC,RS,LAL,651.0,,17,25,-8
199803120LAC,RS,LAL,740.0,,19,25,-6
199803120LAC,RS,LAL,766.0,,19,27,-8
199803120LAC,RS,LAL,789.0,,19,29,-10
199803120LAC,RS,LAL,864.0,,19,31,-12
199803120LAC,RS,LAL,883.0,,21,31,-10
199803120LAC,RS,LAL,928.0,,21,33,-12
199803120LAC,RS,LAL,1004.0,,23,33,-10
199803120LAC,RS,LAL,1014.0,,23,35,-12
199803120LAC,RS,LAL,1040.0,,23,37,-14
199803120LAC,RS,LAL,1067.0,,25,37,-12
199803120LAC,RS,LAL,1081.0,,25,38,-13
199803120LAC,RS,LAL,1081.0,,25,39,-14
199803120LAC,RS,LAL,1121.0,,25,42,-17
199803120LAC,RS,LAL,1147.0,,25,45,-20
199803120LAC,RS,LAL,1169.0,,27,45,-18
199803120LAC,RS,LAL,1182.0,,27,47,-20
199803120LAC,RS,LAL,1206.0,,27,49,-22
199803120LAC,RS,LAL,1231.0,,28,49,-21
199803120LAC,RS,LAL,1231.0,,29,49,-20
199803120LAC,RS,LAL,1264.0,,31,49,-18
199803120LAC,RS,LAL,1306.0,,31,51,-20
199803120LAC,RS,LAL,1322.0,,32,51,-19
199803120LAC,RS,LAL,1388.0,,34,51,-17
199803120LAC,RS,LAL,1430.0,,34,54,-20
199803120LAC,RS,LAL,1505.0,,36,54,-18
199803120LAC,RS,LAL,1523.0,,36,56,-20
199803120LAC,RS,LAL,1551.0,,36,58,-22
199803120LAC,RS,LAL,1551.0,,36,59,-23
199803120LAC,RS,LAL,1649.0,,36,61,-25
199803120LAC,RS,LAL,1725.0,,37,61,-24
199803120LAC,RS,LAL,1747.0,,37,63,-26
199803120LAC,RS,LAL,1756.0,,38,63,-25
199803120LAC,RS,LAL,1799.0,,41,63,-22
199803120LAC,RS,LAL,1827.0,,41,65,-24
199803120LAC,RS,LAL,1857.0,,41,67,-26
199803120LAC,RS,LAL,1872.0,,43,67,-24
199803120LAC,RS,LAL,1903.0,,45,67,-22
199803120LAC,RS,LAL,1917.0,,46,67,-21
199803120LAC,RS,LAL,1917.0,,47,67,-20
199803120LAC,RS,LAL,1937.0,,48,67,-19
199803120LAC,RS,LAL,1939.0,,50,67,-17
199803120LAC,RS,LAL,1959.0,,50,68,-18
199803120LAC,RS,LAL,1979.0,,52,68,-16
199803120LAC,RS,LAL,1996.0,,52,71,-19
199803120LAC,RS,LAL,2057.0,,52,73,-21
199803120LAC,RS,LAL,2084.0,,52,74,-22
199803120LAC,RS,LAL,2084.0,,52,75,-23
199803120LAC,RS,LAL,2094.0,,53,75,-22
199803120LAC,RS,LAL,2094.0,,54,75,-21
199803120LAC,RS,LAL,2121.0,,56,75,-19
199803120LAC,RS,LAL,2152.0,,59,75,-16
199803120LAC,RS,LAL,2157.0,,59,76,-17
199803120LAC,RS,LAL,2200.0,,59,78,-19
199803120LAC,RS,LAL,2223.0,,59,80,-21
199803120LAC,RS,LAL,2235.0,,61,80,-19
199803120LAC,RS,LAL,2250.0,,61,82,-21
199803120LAC,RS,LAL,2263.0,,63,82,-19
199803120LAC,RS,LAL,2296.0,,63,84,-21
199803120LAC,RS,LAL,2304.0,,65,84,-19
199803120LAC,RS,LAL,2322.0,,65,86,-21
199803120LAC,RS,LAL,2331.0,,68,86,-18
199803120LAC,RS,LAL,2356.0,,68,88,-20
199803120LAC,RS,LAL,2378.0,,70,88,-18
199803120LAC,RS,LAL,2397.0,,70,90,-20
199803120LAC,RS,LAL,2397.0,,70,91,-21
199803120LAC,RS,LAL,2428.0,,72,91,-19
199803120LAC,RS,LAL,2436.0,,72,93,-21
199803120LAC,RS,LAL,2545.0,,72,96,-24
199803120LAC,RS,LAL,2555.0,,74,96,-22
199803120LAC,RS,LAL,2574.0,,74,98,-24
199803120LAC,RS,LAL,2604.0,,74,99,-25
199803120LAC,RS,LAL,2604.0,,74,100,-26
199803120LAC,RS,LAL,2617.0,,76,100,-24
199803120LAC,RS,LAL,2663.0,,76,101,-25
199803120LAC,RS,LAL,2707.0,,76,103,-27
199803120LAC,RS,LAL,2707.0,,76,104,-28
199803120LAC,RS,LAL,2765.0,,78,104,-26
199803120LAC,RS,LAL,2771.0,,78,105,-27
199803120LAC,RS,LAL,2782.0,,79,105,-26
199803120LAC,RS,LAL,2793.0,,79,106,-27
199803120LAC,RS,LAL,2806.0,,81,106,-25
199803120LAC,RS,LAL,2839.0,,83,106,-23
199803120LAC,RS,LAL,2872.0,F,83,108,-25
199803120LAC,RS,LAL,2879.0,,85,108,-23
199803130LAC,RS,TOR,0.0,,0,0,0
199803130LAC,RS,TOR,21.0,,0,2,-2
199803130LAC,RS,TOR,42.0,,0,4,-4
199803130LAC,RS,TOR,57.0,,3,4,-1
199803130LAC,RS,TOR,82.0,LC,5,4,1
199803130LAC,RS,TOR,135.0,,7,4,3
199803130LAC,RS,TOR,149.0,,7,6,1
199803130LAC,RS,TOR,164.0,,9,6,3
199803130LAC,RS,TOR,188.0,,9,7,2
199803130LAC,RS,TOR,225.0,T,9,9,0
199803130LAC,RS,TOR,253.0,,11,9,2
199803130LAC,RS,TOR,269.0,T,11,11,0
199803130LAC,RS,TOR,300.0,LC,11,13,-2
199803130LAC,RS,TOR,320.0,T,13,13,0
199803130LAC,RS,TOR,320.0,LC,14,13,1
199803130LAC,RS,TOR,336.0,LC,14,15,-1
199803130LAC,RS,TOR,347.0,LC,16,15,1
199803130LAC,RS,TOR,365.0,T,16,16,0
199803130LAC,RS,TOR,365.0,LC,16,17,-1
199803130LAC,RS,TOR,384.0,LC,18,17,1
199803130LAC,RS,TOR,401.0,LC,18,19,-1
199803130LAC,RS,TOR,408.0,LC,20,19,1
199803130LAC,RS,TOR,447.0,,23,19,4
199803130LAC,RS,TOR,465.0,,23,21,2
199803130LAC,RS,TOR,476.0,,25,21,4
199803130LAC,RS,TOR,535.0,,25,22,3
199803130LAC,RS,TOR,535.0,,25,23,2
199803130LAC,RS,TOR,555.0,,28,23,5
199803130LAC,RS,TOR,576.0,,30,23,7
199803130LAC,RS,TOR,625.0,,32,23,9
199803130LAC,RS,TOR,644.0,,32,26,6
199803130LAC,RS,TOR,666.0,,34,26,8
199803130LAC,RS,TOR,692.0,,36,26,10
199803130LAC,RS,TOR,720.0,,39,26,13
199803130LAC,RS,TOR,768.0,,40,26,14
199803130LAC,RS,TOR,768.0,,41,26,15
199803130LAC,RS,TOR,786.0,,43,26,17
199803130LAC,RS,TOR,806.0,,43,27,16
199803130LAC,RS,TOR,806.0,,43,28,15
199803130LAC,RS,TOR,824.0,,45,28,17
199803130LAC,RS,TOR,844.0,,46,28,18
199803130LAC,RS,TOR,860.0,,46,31,15
199803130LAC,RS,TOR,901.0,,48,31,17
199803130LAC,RS,TOR,942.0,,50,31,19
199803130LAC,RS,TOR,968.0,,50,33,17
199803130LAC,RS,TOR,981.0,,52,33,19
199803130LAC,RS,TOR,1019.0,,52,35,17
199803130LAC,RS,TOR,1049.0,,52,37,15
199803130LAC,RS,TOR,1061.0,,53,37,16
199803130LAC,RS,TOR,1061.0,,54,37,17
199803130LAC,RS,TOR,1073.0,,54,39,15
199803130LAC,RS,TOR,1088.0,,56,39,17
199803130LAC,RS,TOR,1148.0,,57,39,18
199803130LAC,RS,TOR,1171.0,,59,39,20
199803130LAC,RS,TOR,1186.0,,59,41,18
199803130LAC,RS,TOR,1205.0,,59,43,16
199803130LAC,RS,TOR,1210.0,,59,45,14
199803130LAC,RS,TOR,1226.0,,61,45,16
199803130LAC,RS,TOR,1246.0,,61,47,14
199803130LAC,RS,TOR,1261.0,,63,47,16
199803130LAC,RS,TOR,1276.0,,63,48,15
199803130LAC,RS,TOR,1291.0,,66,48,18
199803130LAC,RS,TOR,1316.0,,66,50,16
199803130LAC,RS,TOR,1329.0,,68,50,18
199803130LAC,RS,TOR,1343.0,,68,52,16
199803130LAC,RS,TOR,1365.0,,69,52,17
199803130LAC,RS,TOR,1365.0,,70,52,18
199803130LAC,RS,TOR,1384.0,,70,54,16
199803130LAC,RS,TOR,1393.0,,71,54,17
199803130LAC,RS,TOR,1393.0,,72,54,18
199803130LAC,RS,TOR,1407.0,,72,56,16
199803130LAC,RS,TOR,1423.0,,74,56,18
199803130LAC,RS,TOR,1453.0,,76,56,20
199803130LAC,RS,TOR,1488.0,,78,56,22
199803130LAC,RS,TOR,1503.0,,78,58,20
199803130LAC,RS,TOR,1525.0,,81,58,23
199803130LAC,RS,TOR,1551.0,,82,58,24
199803130LAC,RS,TOR,1593.0,,82,60,22
199803130LAC,RS,TOR,1593.0,,82,61,21
199803130LAC,RS,TOR,1598.0,,84,61,23
199803130LAC,RS,TOR,1641.0,,84,63,21
199803130LAC,RS,TOR,1669.0,,86,63,23
199803130LAC,RS,TOR,1679.0,,86,65,21
199803130LAC,RS,TOR,1709.0,,86,66,20
199803130LAC,RS,TOR,1709.0,,86,67,19
199803130LAC,RS,TOR,1738.0,,88,67,21
199803130LAC,RS,TOR,1743.0,,88,69,19
199803130LAC,RS,TOR,1769.0,,90,69,21
199803130LAC,RS,TOR,1804.0,,92,69,23
199803130LAC,RS,TOR,1804.0,,93,69,24
199803130LAC,RS,TOR,1824.0,,93,72,21
199803130LAC,RS,TOR,1841.0,,95,72,23
199803130LAC,RS,TOR,1869.0,,97,72,25
199803130LAC,RS,TOR,1889.0,,97,74,23
199803130LAC,RS,TOR,1909.0,,99,74,25
199803130LAC,RS,TOR,1931.0,,99,77,22
199803130LAC,RS,TOR,1950.0,,101,77,24
199803130LAC,RS,TOR,1983.0,,104,77,27
199803130LAC,RS,TOR,1998.0,,104,79,25
199803130LAC,RS,TOR,2009.0,,106,79,27
199803130LAC,RS,TOR,2009.0,,107,79,28
199803130LAC,RS,TOR,2056.0,,107,81,26
199803130LAC,RS,TOR,2090.0,,107,83,24
199803130LAC,RS,TOR,2110.0,,109,83,26
199803130LAC,RS,TOR,2125.0,,109,85,24
199803130LAC,RS,TOR,2129.0,,111,85,26
199803130LAC,RS,TOR,2145.0,,111,87,24
199803130LAC,RS,TOR,2156.0,,113,87,26
199803130LAC,RS,TOR,2196.0,,115,87,28
199803130LAC,RS,TOR,2216.0,,115,89,26
199803130LAC,RS,TOR,2229.0,,117,89,28
199803130LAC,RS,TOR,2229.0,,118,89,29
199803130LAC,RS,TOR,2257.0,,120,89,31
199803130LAC,RS,TOR,2279.0,,120,91,29
199803130LAC,RS,TOR,2279.0,,120,92,28
199803130LAC,RS,TOR,2301.0,,122,92,30
199803130LAC,RS,TOR,2318.0,,122,94,28
199803130LAC,RS,TOR,2324.0,,123,94,29
199803130LAC,RS,TOR,2324.0,,124,94,30
199803130LAC,RS,TOR,2335.0,,124,97,27
199803130LAC,RS,TOR,2352.0,,126,97,29
199803130LAC,RS,TOR,2388.0,,128,97,31
199803130LAC,RS,TOR,2413.0,,128,98,30
199803130LAC,RS,TOR,2413.0,,128,99,29
199803130LAC,RS,TOR,2430.0,,130,99,31
199803130LAC,RS,TOR,2449.0,,130,100,30
199803130LAC,RS,TOR,2449.0,,130,101,29
199803130LAC,RS,TOR,2474.0,,132,101,31
199803130LAC,RS,TOR,2495.0,,134,101,33
199803130LAC,RS,TOR,2529.0,,134,102,32
199803130LAC,RS,TOR,2529.0,,134,103,31
199803130LAC,RS,TOR,2544.0,,135,103,32
199803130LAC,RS,TOR,2544.0,,136,103,33
199803130LAC,RS,TOR,2560.0,,136,105,31
199803130LAC,RS,TOR,2568.0,,139,105,34
199803130LAC,RS,TOR,2583.0,,141,105,36
199803130LAC,RS,TOR,2608.0,,141,108,33
199803130LAC,RS,TOR,2627.0,,143,108,35
199803130LAC,RS,TOR,2643.0,,143,109,34
199803130LAC,RS,TOR,2653.0,,144,109,35
199803130LAC,RS,TOR,2666.0,,144,110,34
199803130LAC,RS,TOR,2666.0,,144,111,33
199803130LAC,RS,TOR,2678.0,,146,111,35
199803130LAC,RS,TOR,2716.0,,146,112,34
199803130LAC,RS,TOR,2716.0,,146,113,33
199803130LAC,RS,TOR,2746.0,,149,113,36
199803130LAC,RS,TOR,2773.0,,149,115,34
199803130LAC,RS,TOR,2810.0,,151,115,36
199803130LAC,RS,TOR,2832.0,,151,117,34
199803130LAC,RS,TOR,2857.0,,151,119,32
199803130LAC,RS,TOR,2869.0,,152,119,33
199803130LAC,RS,TOR,2876.0,F,152,120,32
199803130LAC,RS,TOR,2877.0,,152,120,32
199803150POR,RS,POR,0.0,,0,0,0
199803150POR,RS,POR,18.0,,0,1,-1
199803150POR,RS,POR,18.0,,0,2,-2
199803150POR,RS,POR,43.0,,0,4,-4
199803150POR,RS,POR,61.0,,2,4,-2
199803150POR,RS,POR,97.0,,2,6,-4
199803150POR,RS,POR,163.0,,4,6,-2
199803150POR,RS,POR,165.0,T,6,6,0
199803150POR,RS,POR,188.0,,6,8,-2
199803150POR,RS,POR,219.0,,6,10,-4
199803150POR,RS,POR,234.0,,9,10,-1
199803150POR,RS,POR,252.0,,9,12,-3
199803150POR,RS,POR,285.0,,9,14,-5
199803150POR,RS,POR,293.0,,11,14,-3
199803150POR,RS,POR,328.0,,13,14,-1
199803150POR,RS,POR,352.0,,13,16,-3
199803150POR,RS,POR,376.0,,15,16,-1
199803150POR,RS,POR,390.0,,15,17,-2
199803150POR,RS,POR,422.0,,15,19,-4
199803150POR,RS,POR,430.0,,16,19,-3
199803150POR,RS,POR,430.0,,17,19,-2
199803150POR,RS,POR,445.0,,17,21,-4
199803150POR,RS,POR,484.0,,19,21,-2
199803150POR,RS,POR,505.0,,19,23,-4
199803150POR,RS,POR,538.0,,21,23,-2
199803150POR,RS,POR,556.0,,21,25,-4
199803150POR,RS,POR,585.0,,21,27,-6
199803150POR,RS,POR,605.0,,24,27,-3
199803150POR,RS,POR,654.0,,24,29,-5
199803150POR,RS,POR,681.0,,24,31,-7
199803150POR,RS,POR,691.0,,26,31,-5
199803150POR,RS,POR,720.0,,29,31,-2
199803150POR,RS,POR,766.0,,30,31,-1
199803150POR,RS,POR,766.0,T,31,31,0
199803150POR,RS,POR,782.0,,31,33,-2
199803150POR,RS,POR,818.0,,31,35,-4
199803150POR,RS,POR,860.0,,34,35,-1
199803150POR,RS,POR,879.0,,34,37,-3
199803150POR,RS,POR,938.0,,35,37,-2
199803150POR,RS,POR,938.0,,36,37,-1
199803150POR,RS,POR,967.0,T,37,37,0
199803150POR,RS,POR,967.0,LC,38,37,1
199803150POR,RS,POR,1008.0,,39,37,2
199803150POR,RS,POR,1025.0,,39,38,1
199803150POR,RS,POR,1025.0,T,39,39,0
199803150POR,RS,POR,1060.0,LC,39,40,-1
199803150POR,RS,POR,1060.0,,39,41,-2
199803150POR,RS,POR,1084.0,T,41,41,0
199803150POR,RS,POR,1119.0,LC,43,41,2
199803150POR,RS,POR,1141.0,,44,41,3
199803150POR,RS,POR,1165.0,,47,41,6
199803150POR,RS,POR,1194.0,,47,43,4
199803150POR,RS,POR,1217.0,,49,43,6
199803150POR,RS,POR,1239.0,,49,46,3
199803150POR,RS,POR,1263.0,,49,47,2
199803150POR,RS,POR,1263.0,,49,48,1
199803150POR,RS,POR,1300.0,,51,48,3
199803150POR,RS,POR,1318.0,,51,50,1
199803150POR,RS,POR,1354.0,LC,51,53,-2
199803150POR,RS,POR,1448.0,,52,53,-1
199803150POR,RS,POR,1465.0,,52,55,-3
199803150POR,RS,POR,1486.0,T,55,55,0
199803150POR,RS,POR,1534.0,LC,57,55,2
199803150POR,RS,POR,1617.0,,57,56,1
199803150POR,RS,POR,1617.0,T,57,57,0
199803150POR,RS,POR,1641.0,,59,57,2
199803150POR,RS,POR,1690.0,T,59,59,0
199803150POR,RS,POR,1705.0,,62,59,3
199803150POR,RS,POR,1723.0,,62,61,1
199803150POR,RS,POR,1751.0,LC,62,63,-1
199803150POR,RS,POR,1802.0,LC,64,63,1
199803150POR,RS,POR,1819.0,LC,64,65,-1
199803150POR,RS,POR,1839.0,T,65,65,0
199803150POR,RS,POR,1839.0,LC,66,65,1
199803150POR,RS,POR,1854.0,,68,65,3
199803150POR,RS,POR,1877.0,,68,66,2
199803150POR,RS,POR,1877.0,,68,67,1
199803150POR,RS,POR,1932.0,,70,67,3
199803150POR,RS,POR,1957.0,,72,67,5
199803150POR,RS,POR,1986.0,,72,69,3
199803150POR,RS,POR,2066.0,,72,71,1
199803150POR,RS,POR,2131.0,LC,72,73,-1
199803150POR,RS,POR,2131.0,,72,74,-2
199803150POR,RS,POR,2143.0,LC,75,74,1
199803150POR,RS,POR,2188.0,T,75,75,0
199803150POR,RS,POR,2188.0,LC,75,76,-1
199803150POR,RS,POR,2232.0,LC,78,76,2
199803150POR,RS,POR,2256.0,,78,77,1
199803150POR,RS,POR,2256.0,T,78,78,0
199803150POR,RS,POR,2289.0,LC,78,80,-2
199803150POR,RS,POR,2289.0,,78,81,-3
199803150POR,RS,POR,2356.0,,78,83,-5
199803150POR,RS,POR,2421.0,,81,83,-2
199803150POR,RS,POR,2459.0,,81,84,-3
199803150POR,RS,POR,2503.0,,81,86,-5
199803150POR,RS,POR,2537.0,,84,86,-2
199803150POR,RS,POR,2553.0,,84,87,-3
199803150POR,RS,POR,2553.0,,84,88,-4
199803150POR,RS,POR,2596.0,,84,90,-6
199803150POR,RS,POR,2624.0,,86,90,-4
199803150POR,RS,POR,2663.0,,88,90,-2
199803150POR,RS,POR,2681.0,,88,92,-4
199803150POR,RS,POR,2711.0,,89,92,-3
199803150POR,RS,POR,2732.0,,89,94,-5
199803150POR,RS,POR,2801.0,,89,96,-7
199803150POR,RS,POR,2811.0,,92,96,-4
199803150POR,RS,POR,2814.0,,92,97,-5
199803150POR,RS,POR,2814.0,,92,98,-6
199803150POR,RS,POR,2831.0,,92,99,-7
199803150POR,RS,POR,2845.0,,92,101,-9
199803150POR,RS,POR,2868.0,F,92,103,-11
199803150POR,RS,POR,2877.0,,92,103,-11
199803170GSW,RS,GSW,0.0,,0,0,0
199803170GSW,RS,GSW,30.0,,2,0,2
199803170GSW,RS,GSW,48.0,,2,1,1
199803170GSW,RS,GSW,48.0,T,2,2,0
199803170GSW,RS,GSW,79.0,LC,2,4,-2
199803170GSW,RS,GSW,99.0,,2,6,-4
199803170GSW,RS,GSW,110.0,,4,6,-2
199803170GSW,RS,GSW,133.0,,4,8,-4
199803170GSW,RS,GSW,149.0,,4,10,-6
199803170GSW,RS,GSW,179.0,,4,12,-8
199803170GSW,RS,GSW,201.0,,6,12,-6
199803170GSW,RS,GSW,245.0,,7,12,-5
199803170GSW,RS,GSW,278.0,,9,12,-3
199803170GSW,RS,GSW,303.0,,9,14,-5
199803170GSW,RS,GSW,330.0,,11,14,-3
199803170GSW,RS,GSW,342.0,,11,16,-5
199803170GSW,RS,GSW,349.0,,13,16,-3
199803170GSW,RS,GSW,374.0,,15,16,-1
199803170GSW,RS,GSW,401.0,,15,17,-2
199803170GSW,RS,GSW,401.0,,15,18,-3
199803170GSW,RS,GSW,401.0,,15,19,-4
199803170GSW,RS,GSW,401.0,,15,20,-5
199803170GSW,RS,GSW,401.0,,15,21,-6
199803170GSW,RS,GSW,419.0,,18,21,-3
199803170GSW,RS,GSW,441.0,,18,23,-5
199803170GSW,RS,GSW,459.0,,20,23,-3
199803170GSW,RS,GSW,459.0,,21,23,-2
199803170GSW,RS,GSW,471.0,T,23,23,0
199803170GSW,RS,GSW,513.0,LC,25,23,2
199803170GSW,RS,GSW,583.0,,25,24,1
199803170GSW,RS,GSW,583.0,T,25,25,0
199803170GSW,RS,GSW,625.0,LC,25,28,-3
199803170GSW,RS,GSW,639.0,,25,29,-4
199803170GSW,RS,GSW,674.0,,25,31,-6
199803170GSW,RS,GSW,683.0,,27,31,-4
199803170GSW,RS,GSW,694.0,,27,32,-5
199803170GSW,RS,GSW,694.0,,27,33,-6
199803170GSW,RS,GSW,731.0,,29,33,-4
199803170GSW,RS,GSW,772.0,,30,33,-3
199803170GSW,RS,GSW,772.0,,31,33,-2
199803170GSW,RS,GSW,793.0,T,33,33,0
199803170GSW,RS,GSW,857.0,,33,34,-1
199803170GSW,RS,GSW,871.0,LC,35,34,1
199803170GSW,RS,GSW,885.0,LC,35,36,-1
199803170GSW,RS,GSW,917.0,LC,37,36,1
199803170GSW,RS,GSW,930.0,,39,36,3
199803170GSW,RS,GSW,947.0,,39,38,1
199803170GSW,RS,GSW,960.0,,41,38,3
199803170GSW,RS,GSW,975.0,,41,40,1
199803170GSW,RS,GSW,995.0,LC,41,42,-1
199803170GSW,RS,GSW,1041.0,,41,44,-3
199803170GSW,RS,GSW,1067.0,,41,46,-5
199803170GSW,RS,GSW,1088.0,,43,46,-3
199803170GSW,RS,GSW,1103.0,,43,48,-5
199803170GSW,RS,GSW,1117.0,,45,48,-3
199803170GSW,RS,GSW,1135.0,,45,50,-5
199803170GSW,RS,GSW,1159.0,,48,50,-2
199803170GSW,RS,GSW,1181.0,T,50,50,0
199803170GSW,RS,GSW,1214.0,LC,52,50,2
199803170GSW,RS,GSW,1255.0,,54,50,4
199803170GSW,RS,GSW,1288.0,,57,50,7
199803170GSW,RS,GSW,1312.0,,57,52,5
199803170GSW,RS,GSW,1347.0,,58,52,6
199803170GSW,RS,GSW,1347.0,,59,52,7
199803170GSW,RS,GSW,1360.0,,59,54,5
199803170GSW,RS,GSW,1382.0,,61,54,7
199803170GSW,RS,GSW,1396.0,,61,55,6
199803170GSW,RS,GSW,1396.0,,61,56,5
199803170GSW,RS,GSW,1417.0,,62,56,6
199803170GSW,RS,GSW,1422.0,,62,57,5
199803170GSW,RS,GSW,1479.0,,62,59,3
199803170GSW,RS,GSW,1512.0,,62,61,1
199803170GSW,RS,GSW,1517.0,,63,61,2
199803170GSW,RS,GSW,1535.0,T,63,63,0
199803170GSW,RS,GSW,1575.0,LC,63,65,-2
199803170GSW,RS,GSW,1593.0,T,65,65,0
199803170GSW,RS,GSW,1631.0,,65,67,-2
199803170GSW,RS,GSW,1655.0,LC,68,67,1
199803170GSW,RS,GSW,1688.0,,70,67,3
199803170GSW,RS,GSW,1703.0,,70,68,2
199803170GSW,RS,GSW,1703.0,,70,69,1
199803170GSW,RS,GSW,1747.0,,72,69,3
199803170GSW,RS,GSW,1763.0,,72,71,1
199803170GSW,RS,GSW,1790.0,LC,72,73,-1
199803170GSW,RS,GSW,1815.0,,72,74,-2
199803170GSW,RS,GSW,1913.0,,73,74,-1
199803170GSW,RS,GSW,1945.0,T,74,74,0
199803170GSW,RS,GSW,1985.0,LC,76,74,2
199803170GSW,RS,GSW,2008.0,T,76,76,0
199803170GSW,RS,GSW,2014.0,,79,76,3
199803170GSW,RS,GSW,2090.0,,79,78,1
199803170GSW,RS,GSW,2100.0,,81,78,3
199803170GSW,RS,GSW,2160.0,,83,78,5
199803170GSW,RS,GSW,2193.0,,83,80,3
199803170GSW,RS,GSW,2228.0,,83,82,1
199803170GSW,RS,GSW,2250.0,T,83,83,0
199803170GSW,RS,GSW,2250.0,LC,83,84,-1
199803170GSW,RS,GSW,2261.0,LC,85,84,1
199803170GSW,RS,GSW,2298.0,,87,84,3
199803170GSW,RS,GSW,2325.0,,87,85,2
199803170GSW,RS,GSW,2325.0,,87,86,1
199803170GSW,RS,GSW,2372.0,,89,86,3
199803170GSW,RS,GSW,2405.0,,89,88,1
199803170GSW,RS,GSW,2405.0,T,89,89,0
199803170GSW,RS,GSW,2420.0,,90,89,1
199803170GSW,RS,GSW,2420.0,,91,89,2
199803170GSW,RS,GSW,2435.0,T,91,91,0
199803170GSW,RS,GSW,2480.0,LC,91,93,-2
199803170GSW,RS,GSW,2506.0,,91,95,-4
199803170GSW,RS,GSW,2523.0,,93,95,-2
199803170GSW,RS,GSW,2587.0,,93,96,-3
199803170GSW,RS,GSW,2587.0,,93,97,-4
199803170GSW,RS,GSW,2621.0,,96,97,-1
199803170GSW,RS,GSW,2654.0,LC,98,97,1
199803170GSW,RS,GSW,2671.0,LC,98,99,-1
199803170GSW,RS,GSW,2709.0,T,99,99,0
199803170GSW,RS,GSW,2709.0,LC,100,99,1
199803170GSW,RS,GSW,2723.0,T,100,100,0
199803170GSW,RS,GSW,2846.0,LC,100,102,-2
199803170GSW,RS,GSW,2860.0,LC,103,102,1
199803170GSW,RS,GSW,2867.0,,104,102,2
199803170GSW,RS,GSW,2867.0,,105,102,3
199803170GSW,RS,GSW,2869.0,,106,102,4
199803170GSW,RS,GSW,2869.0,F,107,102,5
199803170GSW,RS,GSW,2880.0,,107,102,5
199803180SEA,RS,SEA,0.0,,0,0,0
199803180SEA,RS,SEA,49.0,,2,0,2
199803180SEA,RS,SEA,72.0,,4,0,4
199803180SEA,RS,SEA,91.0,,6,0,6
199803180SEA,RS,SEA,119.0,,8,0,8
199803180SEA,RS,SEA,143.0,,8,2,6
199803180SEA,RS,SEA,143.0,,8,3,5
199803180SEA,RS,SEA,203.0,,8,6,2
199803180SEA,RS,SEA,240.0,T,8,8,0
199803180SEA,RS,SEA,260.0,,10,8,2
199803180SEA,RS,SEA,269.0,T,10,10,0
199803180SEA,RS,SEA,307.0,LC,10,12,-2
199803180SEA,RS,SEA,334.0,,11,12,-1
199803180SEA,RS,SEA,334.0,T,12,12,0
199803180SEA,RS,SEA,348.0,,12,14,-2
199803180SEA,RS,SEA,379.0,T,14,14,0
199803180SEA,RS,SEA,394.0,,14,16,-2
199803180SEA,RS,SEA,412.0,,14,19,-5
199803180SEA,RS,SEA,428.0,,16,19,-3
199803180SEA,RS,SEA,456.0,,17,19,-2
199803180SEA,RS,SEA,456.0,,18,19,-1
199803180SEA,RS,SEA,517.0,,18,20,-2
199803180SEA,RS,SEA,538.0,,19,20,-1
199803180SEA,RS,SEA,558.0,,19,21,-2
199803180SEA,RS,SEA,591.0,,19,24,-5
199803180SEA,RS,SEA,604.0,,22,24,-2
199803180SEA,RS,SEA,630.0,,23,24,-1
199803180SEA,RS,SEA,648.0,LC,25,24,1
199803180SEA,RS,SEA,666.0,LC,25,26,-1
199803180SEA,RS,SEA,694.0,,25,29,-4
199803180SEA,RS,SEA,719.0,,25,32,-7
199803180SEA,RS,SEA,759.0,,25,33,-8
199803180SEA,RS,SEA,773.0,,27,33,-6
199803180SEA,RS,SEA,800.0,,29,33,-4
199803180SEA,RS,SEA,820.0,,29,34,-5
199803180SEA,RS,SEA,836.0,,31,34,-3
199803180SEA,RS,SEA,853.0,,31,36,-5
199803180SEA,RS,SEA,880.0,,31,38,-7
199803180SEA,RS,SEA,897.0,,33,38,-5
199803180SEA,RS,SEA,930.0,,33,40,-7
199803180SEA,RS,SEA,962.0,,33,42,-9
199803180SEA,RS,SEA,981.0,,33,44,-11
199803180SEA,RS,SEA,1020.0,,33,46,-13
199803180SEA,RS,SEA,1042.0,,35,46,-11
199803180SEA,RS,SEA,1094.0,,35,48,-13
199803180SEA,RS,SEA,1106.0,,37,48,-11
199803180SEA,RS,SEA,1142.0,,39,48,-9
199803180SEA,RS,SEA,1172.0,,41,48,-7
199803180SEA,RS,SEA,1241.0,,43,48,-5
199803180SEA,RS,SEA,1262.0,,43,50,-7
199803180SEA,RS,SEA,1270.0,,46,50,-4
199803180SEA,RS,SEA,1341.0,,46,52,-6
199803180SEA,RS,SEA,1364.0,,48,52,-4
199803180SEA,RS,SEA,1416.0,,50,52,-2
199803180SEA,RS,SEA,1440.0,,50,53,-3
199803180SEA,RS,SEA,1440.0,,50,54,-4
199803180SEA,RS,SEA,1481.0,,52,54,-2
199803180SEA,RS,SEA,1565.0,,52,56,-4
199803180SEA,RS,SEA,1614.0,,52,57,-5
199803180SEA,RS,SEA,1614.0,,52,58,-6
199803180SEA,RS,SEA,1632.0,,54,58,-4
199803180SEA,RS,SEA,1692.0,,55,58,-3
199803180SEA,RS,SEA,1743.0,,55,60,-5
199803180SEA,RS,SEA,1759.0,,56,60,-4
199803180SEA,RS,SEA,1759.0,,57,60,-3
199803180SEA,RS,SEA,1779.0,,57,61,-4
199803180SEA,RS,SEA,1779.0,,57,62,-5
199803180SEA,RS,SEA,1796.0,,59,62,-3
199803180SEA,RS,SEA,1796.0,,60,62,-2
199803180SEA,RS,SEA,1822.0,,60,64,-4
199803180SEA,RS,SEA,1832.0,,63,64,-1
199803180SEA,RS,SEA,1856.0,,63,66,-3
199803180SEA,RS,SEA,1891.0,,63,68,-5
199803180SEA,RS,SEA,1940.0,,65,68,-3
199803180SEA,RS,SEA,1965.0,,66,68,-2
199803180SEA,RS,SEA,1985.0,,66,69,-3
199803180SEA,RS,SEA,1985.0,,66,70,-4
199803180SEA,RS,SEA,1999.0,,67,70,-3
199803180SEA,RS,SEA,1999.0,,68,70,-2
199803180SEA,RS,SEA,2023.0,,68,71,-3
199803180SEA,RS,SEA,2067.0,,68,73,-5
199803180SEA,RS,SEA,2119.0,,69,73,-4
199803180SEA,RS,SEA,2182.0,,69,75,-6
199803180SEA,RS,SEA,2201.0,,70,75,-5
199803180SEA,RS,SEA,2201.0,,71,75,-4
199803180SEA,RS,SEA,2213.0,,71,77,-6
199803180SEA,RS,SEA,2227.0,,71,79,-8
199803180SEA,RS,SEA,2266.0,,73,79,-6
199803180SEA,RS,SEA,2304.0,,75,79,-4
199803180SEA,RS,SEA,2324.0,,75,81,-6
199803180SEA,RS,SEA,2364.0,,75,84,-9
199803180SEA,RS,SEA,2433.0,,75,87,-12
199803180SEA,RS,SEA,2488.0,,75,89,-14
199803180SEA,RS,SEA,2518.0,,75,91,-16
199803180SEA,RS,SEA,2537.0,,77,91,-14
199803180SEA,RS,SEA,2611.0,,77,92,-15
199803180SEA,RS,SEA,2611.0,,77,93,-16
199803180SEA,RS,SEA,2712.0,,77,94,-17
199803180SEA,RS,SEA,2737.0,,79,94,-15
199803180SEA,RS,SEA,2761.0,,79,97,-18
199803180SEA,RS,SEA,2781.0,,80,97,-17
199803180SEA,RS,SEA,2808.0,,80,98,-18
199803180SEA,RS,SEA,2808.0,F,80,99,-19
199803180SEA,RS,SEA,2878.0,,80,99,-19
199803210LAC,RS,CLE,0.0,,0,0,0
199803210LAC,RS,CLE,18.0,,0,2,-2
199803210LAC,RS,CLE,85.0,,0,3,-3
199803210LAC,RS,CLE,85.0,,0,4,-4
199803210LAC,RS,CLE,108.0,,0,6,-6
199803210LAC,RS,CLE,157.0,,0,8,-8
199803210LAC,RS,CLE,183.0,,0,10,-10
199803210LAC,RS,CLE,211.0,,0,12,-12
199803210LAC,RS,CLE,242.0,,2,12,-10
199803210LAC,RS,CLE,288.0,,2,13,-11
199803210LAC,RS,CLE,345.0,,2,15,-13
199803210LAC,RS,CLE,371.0,,2,17,-15
199803210LAC,RS,CLE,371.0,,2,18,-16
199803210LAC,RS,CLE,386.0,,4,18,-14
199803210LAC,RS,CLE,404.0,,4,20,-16
199803210LAC,RS,CLE,429.0,,4,22,-18
199803210LAC,RS,CLE,486.0,,6,22,-16
199803210LAC,RS,CLE,512.0,,7,22,-15
199803210LAC,RS,CLE,524.0,,7,23,-16
199803210LAC,RS,CLE,534.0,,9,23,-14
199803210LAC,RS,CLE,534.0,,10,23,-13
199803210LAC,RS,CLE,563.0,,11,23,-12
199803210LAC,RS,CLE,563.0,,12,23,-11
199803210LAC,RS,CLE,632.0,,12,25,-13
199803210LAC,RS,CLE,677.0,,12,27,-15
199803210LAC,RS,CLE,719.0,,12,28,-16
199803210LAC,RS,CLE,798.0,,14,28,-14
199803210LAC,RS,CLE,818.0,,14,30,-16
199803210LAC,RS,CLE,848.0,,14,33,-19
199803210LAC,RS,CLE,914.0,,14,35,-21
199803210LAC,RS,CLE,963.0,,14,37,-23
199803210LAC,RS,CLE,993.0,,14,39,-25
199803210LAC,RS,CLE,1052.0,,14,40,-26
199803210LAC,RS,CLE,1052.0,,14,41,-27
199803210LAC,RS,CLE,1101.0,,16,41,-25
199803210LAC,RS,CLE,1198.0,,16,42,-26
199803210LAC,RS,CLE,1198.0,,16,43,-27
199803210LAC,RS,CLE,1214.0,,17,43,-26
199803210LAC,RS,CLE,1214.0,,18,43,-25
199803210LAC,RS,CLE,1248.0,,20,43,-23
199803210LAC,RS,CLE,1266.0,,20,45,-25
199803210LAC,RS,CLE,1279.0,,22,45,-23
199803210LAC,RS,CLE,1297.0,,22,47,-25
199803210LAC,RS,CLE,1318.0,,23,47,-24
199803210LAC,RS,CLE,1318.0,,24,47,-23
199803210LAC,RS,CLE,1360.0,,25,47,-22
199803210LAC,RS,CLE,1386.0,,26,47,-21
199803210LAC,RS,CLE,1400.0,,26,49,-23
199803210LAC,RS,CLE,1406.0,,28,49,-21
199803210LAC,RS,CLE,1434.0,,29,49,-20
199803210LAC,RS,CLE,1434.0,,30,49,-19
199803210LAC,RS,CLE,1458.0,,33,49,-16
199803210LAC,RS,CLE,1483.0,,33,51,-18
199803210LAC,RS,CLE,1500.0,,36,51,-15
199803210LAC,RS,CLE,1522.0,,36,53,-17
199803210LAC,RS,CLE,1550.0,,36,55,-19
199803210LAC,RS,CLE,1573.0,,36,57,-21
199803210LAC,RS,CLE,1617.0,,38,57,-19
199803210LAC,RS,CLE,1644.0,,38,59,-21
199803210LAC,RS,CLE,1681.0,,38,61,-23
199803210LAC,RS,CLE,1727.0,,38,63,-25
199803210LAC,RS,CLE,1740.0,,39,63,-24
199803210LAC,RS,CLE,1754.0,,39,64,-25
199803210LAC,RS,CLE,1754.0,,39,65,-26
199803210LAC,RS,CLE,1766.0,,39,67,-28
199803210LAC,RS,CLE,1799.0,,39,69,-30
199803210LAC,RS,CLE,1808.0,,41,69,-28
199803210LAC,RS,CLE,1808.0,,42,69,-27
199803210LAC,RS,CLE,1820.0,,42,71,-29
199803210LAC,RS,CLE,1887.0,,42,73,-31
199803210LAC,RS,CLE,1917.0,,43,73,-30
199803210LAC,RS,CLE,1940.0,,43,75,-32
199803210LAC,RS,CLE,1959.0,,45,75,-30
199803210LAC,RS,CLE,1980.0,,45,77,-32
199803210LAC,RS,CLE,2035.0,,47,77,-30
199803210LAC,RS,CLE,2059.0,,50,77,-27
199803210LAC,RS,CLE,2115.0,,51,77,-26
199803210LAC,RS,CLE,2115.0,,52,77,-25
199803210LAC,RS,CLE,2144.0,,52,79,-27
199803210LAC,RS,CLE,2216.0,,52,81,-29
199803210LAC,RS,CLE,2243.0,,54,81,-27
199803210LAC,RS,CLE,2263.0,,54,83,-29
199803210LAC,RS,CLE,2286.0,,56,83,-27
199803210LAC,RS,CLE,2286.0,,57,83,-26
199803210LAC,RS,CLE,2305.0,,57,85,-28
199803210LAC,RS,CLE,2314.0,,59,85,-26
199803210LAC,RS,CLE,2345.0,,61,85,-24
199803210LAC,RS,CLE,2373.0,,63,85,-22
199803210LAC,RS,CLE,2391.0,,65,85,-20
199803210LAC,RS,CLE,2423.0,,67,85,-18
199803210LAC,RS,CLE,2438.0,,67,87,-20
199803210LAC,RS,CLE,2475.0,,67,88,-21
199803210LAC,RS,CLE,2475.0,,67,89,-22
199803210LAC,RS,CLE,2502.0,,67,91,-24
199803210LAC,RS,CLE,2515.0,,69,91,-22
199803210LAC,RS,CLE,2558.0,,69,94,-25
199803210LAC,RS,CLE,2621.0,,69,95,-26
199803210LAC,RS,CLE,2621.0,,69,96,-27
199803210LAC,RS,CLE,2689.0,,72,96,-24
199803210LAC,RS,CLE,2713.0,,75,96,-21
199803210LAC,RS,CLE,2741.0,,77,96,-19
199803210LAC,RS,CLE,2820.0,,77,98,-21
199803210LAC,RS,CLE,2848.0,,77,100,-23
199803210LAC,RS,CLE,2851.0,F,79,100,-21
199803210LAC,RS,CLE,2879.0,,79,100,-21
199803230VAN,RS,VAN,0.0,,0,0,0
199803230VAN,RS,VAN,36.0,,0,2,-2
199803230VAN,RS,VAN,65.0,T,2,2,0
199803230VAN,RS,VAN,87.0,,2,5,-3
199803230VAN,RS,VAN,117.0,,2,8,-6
199803230VAN,RS,VAN,144.0,,4,8,-4
199803230VAN,RS,VAN,160.0,,4,10,-6
199803230VAN,RS,VAN,205.0,,4,12,-8
199803230VAN,RS,VAN,237.0,,6,12,-6
199803230VAN,RS,VAN,247.0,,6,14,-8
199803230VAN,RS,VAN,253.0,,9,14,-5
199803230VAN,RS,VAN,281.0,,12,14,-2
199803230VAN,RS,VAN,322.0,T,14,14,0
199803230VAN,RS,VAN,345.0,LC,16,14,2
199803230VAN,RS,VAN,374.0,T,16,16,0
199803230VAN,RS,VAN,385.0,,18,16,2
199803230VAN,RS,VAN,410.0,,21,16,5
199803230VAN,RS,VAN,481.0,,21,18,3
199803230VAN,RS,VAN,500.0,,24,18,6
199803230VAN,RS,VAN,520.0,,24,20,4
199803230VAN,RS,VAN,538.0,,24,21,3
199803230VAN,RS,VAN,538.0,,24,22,2
199803230VAN,RS,VAN,568.0,,26,22,4
199803230VAN,RS,VAN,586.0,,26,24,2
199803230VAN,RS,VAN,586.0,,26,25,1
199803230VAN,RS,VAN,627.0,LC,26,27,-1
199803230VAN,RS,VAN,672.0,,26,29,-3
199803230VAN,RS,VAN,720.0,,28,29,-1
199803230VAN,RS,VAN,826.0,,28,31,-3
199803230VAN,RS,VAN,856.0,,28,33,-5
199803230VAN,RS,VAN,880.0,,28,35,-7
199803230VAN,RS,VAN,880.0,,28,36,-8
199803230VAN,RS,VAN,904.0,,29,36,-7
199803230VAN,RS,VAN,904.0,,30,36,-6
199803230VAN,RS,VAN,943.0,,30,38,-8
199803230VAN,RS,VAN,943.0,,30,39,-9
199803230VAN,RS,VAN,963.0,,30,41,-11
199803230VAN,RS,VAN,996.0,,30,43,-13
199803230VAN,RS,VAN,1015.0,,32,43,-11
199803230VAN,RS,VAN,1049.0,,32,45,-13
199803230VAN,RS,VAN,1093.0,,32,47,-15
199803230VAN,RS,VAN,1129.0,,32,49,-17
199803230VAN,RS,VAN,1191.0,,34,49,-15
199803230VAN,RS,VAN,1242.0,,35,49,-14
199803230VAN,RS,VAN,1242.0,,36,49,-13
199803230VAN,RS,VAN,1254.0,,36,51,-15
199803230VAN,RS,VAN,1287.0,,36,53,-17
199803230VAN,RS,VAN,1314.0,,38,53,-15
199803230VAN,RS,VAN,1397.0,,38,55,-17
199803230VAN,RS,VAN,1440.0,,40,55,-15
199803230VAN,RS,VAN,1522.0,,41,55,-14
199803230VAN,RS,VAN,1534.0,,41,57,-16
199803230VAN,RS,VAN,1549.0,,44,57,-13
199803230VAN,RS,VAN,1566.0,,44,59,-15
199803230VAN,RS,VAN,1576.0,,47,59,-12
199803230VAN,RS,VAN,1604.0,,49,59,-10
199803230VAN,RS,VAN,1644.0,,49,60,-11
199803230VAN,RS,VAN,1644.0,,49,61,-12
199803230VAN,RS,VAN,1670.0,,51,61,-10
199803230VAN,RS,VAN,1687.0,,51,63,-12
199803230VAN,RS,VAN,1694.0,,53,63,-10
199803230VAN,RS,VAN,1756.0,,54,63,-9
199803230VAN,RS,VAN,1756.0,,55,63,-8
199803230VAN,RS,VAN,1770.0,,55,65,-10
199803230VAN,RS,VAN,1785.0,,56,65,-9
199803230VAN,RS,VAN,1802.0,,56,68,-12
199803230VAN,RS,VAN,1827.0,,56,70,-14
199803230VAN,RS,VAN,1844.0,,57,70,-13
199803230VAN,RS,VAN,1844.0,,58,70,-12
199803230VAN,RS,VAN,1868.0,,58,72,-14
199803230VAN,RS,VAN,1894.0,,58,74,-16
199803230VAN,RS,VAN,1903.0,,59,74,-15
199803230VAN,RS,VAN,1949.0,,59,75,-16
199803230VAN,RS,VAN,1965.0,,62,75,-13
199803230VAN,RS,VAN,1978.0,,62,76,-14
199803230VAN,RS,VAN,1978.0,,62,77,-15
199803230VAN,RS,VAN,1998.0,,64,77,-13
199803230VAN,RS,VAN,2043.0,,66,77,-11
199803230VAN,RS,VAN,2059.0,,66,79,-13
199803230VAN,RS,VAN,2091.0,,68,79,-11
199803230VAN,RS,VAN,2112.0,,68,81,-13
199803230VAN,RS,VAN,2112.0,,68,82,-14
199803230VAN,RS,VAN,2128.0,,70,82,-12
199803230VAN,RS,VAN,2145.0,,71,82,-11
199803230VAN,RS,VAN,2145.0,,72,82,-10
199803230VAN,RS,VAN,2212.0,,72,83,-11
199803230VAN,RS,VAN,2212.0,,72,84,-12
199803230VAN,RS,VAN,2225.0,,74,84,-10
199803230VAN,RS,VAN,2248.0,,74,85,-11
199803230VAN,RS,VAN,2269.0,,76,85,-9
199803230VAN,RS,VAN,2294.0,,76,87,-11
199803230VAN,RS,VAN,2312.0,,76,89,-13
199803230VAN,RS,VAN,2344.0,,76,90,-14
199803230VAN,RS,VAN,2344.0,,76,91,-15
199803230VAN,RS,VAN,2387.0,,78,91,-13
199803230VAN,RS,VAN,2403.0,,78,93,-15
199803230VAN,RS,VAN,2422.0,,80,93,-13
199803230VAN,RS,VAN,2422.0,,81,93,-12
199803230VAN,RS,VAN,2476.0,,81,95,-14
199803230VAN,RS,VAN,2533.0,,81,97,-16
199803230VAN,RS,VAN,2601.0,,82,97,-15
199803230VAN,RS,VAN,2601.0,,83,97,-14
199803230VAN,RS,VAN,2633.0,,83,99,-16
199803230VAN,RS,VAN,2664.0,,85,99,-14
199803230VAN,RS,VAN,2718.0,,86,99,-13
199803230VAN,RS,VAN,2718.0,,87,99,-12
199803230VAN,RS,VAN,2750.0,,89,99,-10
199803230VAN,RS,VAN,2819.0,,89,100,-11
199803230VAN,RS,VAN,2819.0,,89,101,-12
199803230VAN,RS,VAN,2826.0,,90,101,-11
199803230VAN,RS,VAN,2838.0,,90,102,-12
199803230VAN,RS,VAN,2838.0,,90,103,-13
199803230VAN,RS,VAN,2850.0,,93,103,-10
199803230VAN,RS,VAN,2851.0,,93,104,-11
199803230VAN,RS,VAN,2860.0,F,95,104,-9
199803230VAN,RS,VAN,2879.0,,95,106,-11
199803250LAC,RS,NYK,0.0,,0,0,0
199803250LAC,RS,NYK,20.0,,0,3,-3
199803250LAC,RS,NYK,44.0,,0,5,-5
199803250LAC,RS,NYK,88.0,,2,5,-3
199803250LAC,RS,NYK,182.0,,4,5,-1
199803250LAC,RS,NYK,203.0,,4,7,-3
199803250LAC,RS,NYK,221.0,,4,9,-5
199803250LAC,RS,NYK,242.0,,6,9,-3
199803250LAC,RS,NYK,264.0,,6,11,-5
199803250LAC,RS,NYK,314.0,,6,13,-7
199803250LAC,RS,NYK,351.0,,8,13,-5
199803250LAC,RS,NYK,474.0,,8,15,-7
199803250LAC,RS,NYK,474.0,,8,16,-8
199803250LAC,RS,NYK,502.0,,8,18,-10
199803250LAC,RS,NYK,508.0,,10,18,-8
199803250LAC,RS,NYK,554.0,,13,18,-5
199803250LAC,RS,NYK,569.0,,13,20,-7
199803250LAC,RS,NYK,583.0,,14,20,-6
199803250LAC,RS,NYK,583.0,,15,20,-5
199803250LAC,RS,NYK,706.0,,17,20,-3
199803250LAC,RS,NYK,706.0,,18,20,-2
199803250LAC,RS,NYK,718.0,,18,22,-4
199803250LAC,RS,NYK,744.0,,18,24,-6
199803250LAC,RS,NYK,799.0,,18,26,-8
199803250LAC,RS,NYK,826.0,,18,28,-10
199803250LAC,RS,NYK,847.0,,20,28,-8
199803250LAC,RS,NYK,907.0,,22,28,-6
199803250LAC,RS,NYK,971.0,,24,28,-4
199803250LAC,RS,NYK,989.0,,24,30,-6
199803250LAC,RS,NYK,1008.0,,26,30,-4
199803250LAC,RS,NYK,1034.0,,26,32,-6
199803250LAC,RS,NYK,1048.0,,28,32,-4
199803250LAC,RS,NYK,1153.0,,28,34,-6
199803250LAC,RS,NYK,1163.0,,30,34,-4
199803250LAC,RS,NYK,1227.0,,30,37,-7
199803250LAC,RS,NYK,1247.0,,32,37,-5
199803250LAC,RS,NYK,1270.0,,32,39,-7
199803250LAC,RS,NYK,1333.0,,32,41,-9
199803250LAC,RS,NYK,1434.0,,34,41,-7
199803250LAC,RS,NYK,1454.0,,36,41,-5
199803250LAC,RS,NYK,1487.0,,37,41,-4
199803250LAC,RS,NYK,1487.0,,38,41,-3
199803250LAC,RS,NYK,1510.0,,38,43,-5
199803250LAC,RS,NYK,1564.0,,40,43,-3
199803250LAC,RS,NYK,1596.0,,41,43,-2
199803250LAC,RS,NYK,1630.0,T,43,43,0
199803250LAC,RS,NYK,1680.0,,43,44,-1
199803250LAC,RS,NYK,1727.0,,43,46,-3
199803250LAC,RS,NYK,1727.0,,43,47,-4
199803250LAC,RS,NYK,1773.0,,44,47,-3
199803250LAC,RS,NYK,1811.0,,44,49,-5
199803250LAC,RS,NYK,1836.0,,44,51,-7
199803250LAC,RS,NYK,1875.0,,46,51,-5
199803250LAC,RS,NYK,1923.0,,46,53,-7
199803250LAC,RS,NYK,1952.0,,48,53,-5
199803250LAC,RS,NYK,1979.0,,51,53,-2
199803250LAC,RS,NYK,2047.0,,51,55,-4
199803250LAC,RS,NYK,2115.0,,53,55,-2
199803250LAC,RS,NYK,2127.0,,53,57,-4
199803250LAC,RS,NYK,2137.0,,55,57,-2
199803250LAC,RS,NYK,2178.0,,55,59,-4
199803250LAC,RS,NYK,2198.0,,56,59,-3
199803250LAC,RS,NYK,2216.0,,58,59,-1
199803250LAC,RS,NYK,2255.0,LC,61,59,2
199803250LAC,RS,NYK,2277.0,T,61,61,0
199803250LAC,RS,NYK,2291.0,,64,61,3
199803250LAC,RS,NYK,2374.0,T,64,64,0
199803250LAC,RS,NYK,2400.0,,65,64,1
199803250LAC,RS,NYK,2450.0,,67,64,3
199803250LAC,RS,NYK,2511.0,,69,64,5
199803250LAC,RS,NYK,2559.0,,72,64,8
199803250LAC,RS,NYK,2589.0,,74,64,10
199803250LAC,RS,NYK,2609.0,,74,66,8
199803250LAC,RS,NYK,2679.0,,74,68,6
199803250LAC,RS,NYK,2708.0,,76,68,8
199803250LAC,RS,NYK,2731.0,,76,71,5
199803250LAC,RS,NYK,2764.0,,76,72,4
199803250LAC,RS,NYK,2764.0,,76,73,3
199803250LAC,RS,NYK,2848.0,,76,75,1
199803250LAC,RS,NYK,2872.0,T,76,76,0
199803250LAC,RS,NYK,2872.0,F,76,77,-1
199803250LAC,RS,NYK,2880.0,,76,77,-1
199803270LAC,RS,MIN,0.0,,0,0,0
199803270LAC,RS,MIN,12.0,,0,2,-2
199803270LAC,RS,MIN,85.0,,0,4,-4
199803270LAC,RS,MIN,107.0,,0,6,-6
199803270LAC,RS,MIN,135.0,,2,6,-4
199803270LAC,RS,MIN,161.0,,4,6,-2
199803270LAC,RS,MIN,177.0,T,6,6,0
199803270LAC,RS,MIN,196.0,,6,8,-2
199803270LAC,RS,MIN,220.0,T,8,8,0
199803270LAC,RS,MIN,258.0,LC,9,8,1
199803270LAC,RS,MIN,258.0,,10,8,2
199803270LAC,RS,MIN,294.0,T,10,10,0
199803270LAC,RS,MIN,311.0,LC,10,12,-2
199803270LAC,RS,MIN,331.0,,11,12,-1
199803270LAC,RS,MIN,380.0,LC,13,12,1
199803270LAC,RS,MIN,401.0,T,13,13,0
199803270LAC,RS,MIN,401.0,LC,13,14,-1
199803270LAC,RS,MIN,420.0,LC,15,14,1
199803270LAC,RS,MIN,442.0,,17,14,3
199803270LAC,RS,MIN,461.0,,17,16,1
199803270LAC,RS,MIN,477.0,,18,16,2
199803270LAC,RS,MIN,508.0,T,18,18,0
199803270LAC,RS,MIN,528.0,,20,18,2
199803270LAC,RS,MIN,541.0,T,20,20,0
199803270LAC,RS,MIN,551.0,,23,20,3
199803270LAC,RS,MIN,569.0,,23,22,1
199803270LAC,RS,MIN,644.0,LC,23,24,-1
199803270LAC,RS,MIN,689.0,LC,25,24,1
199803270LAC,RS,MIN,719.0,LC,25,26,-1
199803270LAC,RS,MIN,749.0,,25,28,-3
199803270LAC,RS,MIN,765.0,,27,28,-1
199803270LAC,RS,MIN,795.0,LC,29,28,1
199803270LAC,RS,MIN,810.0,LC,29,30,-1
199803270LAC,RS,MIN,843.0,LC,31,30,1
199803270LAC,RS,MIN,869.0,T,31,31,0
199803270LAC,RS,MIN,921.0,,33,31,2
199803270LAC,RS,MIN,942.0,T,33,33,0
199803270LAC,RS,MIN,955.0,,35,33,2
199803270LAC,RS,MIN,998.0,T,35,35,0
199803270LAC,RS,MIN,1020.0,,37,35,2
199803270LAC,RS,MIN,1032.0,T,37,37,0
199803270LAC,RS,MIN,1059.0,LC,37,39,-2
199803270LAC,RS,MIN,1090.0,,37,41,-4
199803270LAC,RS,MIN,1132.0,,38,41,-3
199803270LAC,RS,MIN,1147.0,,40,41,-1
199803270LAC,RS,MIN,1174.0,,40,43,-3
199803270LAC,RS,MIN,1238.0,,42,43,-1
199803270LAC,RS,MIN,1283.0,,42,44,-2
199803270LAC,RS,MIN,1296.0,,42,46,-4
199803270LAC,RS,MIN,1316.0,,43,46,-3
199803270LAC,RS,MIN,1332.0,,43,49,-6
199803270LAC,RS,MIN,1349.0,,45,49,-4
199803270LAC,RS,MIN,1364.0,,45,50,-5
199803270LAC,RS,MIN,1364.0,,45,51,-6
199803270LAC,RS,MIN,1414.0,,47,51,-4
199803270LAC,RS,MIN,1535.0,,49,51,-2
199803270LAC,RS,MIN,1557.0,,49,53,-4
199803270LAC,RS,MIN,1569.0,,52,53,-1
199803270LAC,RS,MIN,1582.0,,52,55,-3
199803270LAC,RS,MIN,1621.0,,52,57,-5
199803270LAC,RS,MIN,1665.0,,54,57,-3
199803270LAC,RS,MIN,1665.0,,55,57,-2
199803270LAC,RS,MIN,1677.0,,55,59,-4
199803270LAC,RS,MIN,1698.0,,57,59,-2
199803270LAC,RS,MIN,1707.0,,57,61,-4
199803270LAC,RS,MIN,1730.0,,58,61,-3
199803270LAC,RS,MIN,1762.0,,60,61,-1
199803270LAC,RS,MIN,1788.0,,60,63,-3
199803270LAC,RS,MIN,1807.0,,62,63,-1
199803270LAC,RS,MIN,1807.0,T,63,63,0
199803270LAC,RS,MIN,1866.0,,63,65,-2
199803270LAC,RS,MIN,1941.0,T,65,65,0
199803270LAC,RS,MIN,1957.0,LC,67,65,2
199803270LAC,RS,MIN,1975.0,LC,67,68,-1
199803270LAC,RS,MIN,1986.0,T,68,68,0
199803270LAC,RS,MIN,1986.0,LC,69,68,1
199803270LAC,RS,MIN,2013.0,T,69,69,0
199803270LAC,RS,MIN,2022.0,LC,69,71,-2
199803270LAC,RS,MIN,2041.0,T,71,71,0
199803270LAC,RS,MIN,2059.0,,71,72,-1
199803270LAC,RS,MIN,2096.0,T,72,72,0
199803270LAC,RS,MIN,2096.0,LC,73,72,1
199803270LAC,RS,MIN,2120.0,LC,73,74,-1
199803270LAC,RS,MIN,2139.0,LC,76,74,2
199803270LAC,RS,MIN,2169.0,,76,75,1
199803270LAC,RS,MIN,2186.0,,78,75,3
199803270LAC,RS,MIN,2203.0,,78,77,1
199803270LAC,RS,MIN,2227.0,,79,77,2
199803270LAC,RS,MIN,2247.0,LC,79,80,-1
199803270LAC,RS,MIN,2290.0,,79,82,-3
199803270LAC,RS,MIN,2307.0,T,82,82,0
199803270LAC,RS,MIN,2333.0,,82,84,-2
199803270LAC,RS,MIN,2351.0,T,84,84,0
199803270LAC,RS,MIN,2358.0,,84,85,-1
199803270LAC,RS,MIN,2358.0,,84,86,-2
199803270LAC,RS,MIN,2372.0,T,86,86,0
199803270LAC,RS,MIN,2415.0,,86,88,-2
199803270LAC,RS,MIN,2443.0,T,88,88,0
199803270LAC,RS,MIN,2469.0,,88,91,-3
199803270LAC,RS,MIN,2489.0,,90,91,-1
199803270LAC,RS,MIN,2504.0,,90,93,-3
199803270LAC,RS,MIN,2549.0,,90,95,-5
199803270LAC,RS,MIN,2574.0,,92,95,-3
199803270LAC,RS,MIN,2611.0,,94,95,-1
199803270LAC,RS,MIN,2623.0,,94,97,-3
199803270LAC,RS,MIN,2656.0,,94,99,-5
199803270LAC,RS,MIN,2677.0,,95,99,-4
199803270LAC,RS,MIN,2677.0,,96,99,-3
199803270LAC,RS,MIN,2729.0,,97,99,-2
199803270LAC,RS,MIN,2729.0,,98,99,-1
199803270LAC,RS,MIN,2861.0,F,98,100,-2
199803270LAC,RS,MIN,2880.0,,98,100,-2
199803290LAC,RS,DAL,0.0,,0,0,0
199803290LAC,RS,DAL,3.0,,0,2,-2
199803290LAC,RS,DAL,21.0,T,2,2,0
199803290LAC,RS,DAL,37.0,,2,4,-2
199803290LAC,RS,DAL,56.0,LC,5,4,1
199803290LAC,RS,DAL,81.0,,7,4,3
199803290LAC,RS,DAL,105.0,,7,6,1
199803290LAC,RS,DAL,118.0,,9,6,3
199803290LAC,RS,DAL,158.0,,9,8,1
199803290LAC,RS,DAL,199.0,LC,9,10,-1
199803290LAC,RS,DAL,218.0,LC,11,10,1
199803290LAC,RS,DAL,279.0,,13,10,3
199803290LAC,RS,DAL,298.0,,13,12,1
199803290LAC,RS,DAL,342.0,LC,13,14,-1
199803290LAC,RS,DAL,410.0,LC,15,14,1
199803290LAC,RS,DAL,430.0,LC,15,16,-1
199803290LAC,RS,DAL,448.0,T,16,16,0
199803290LAC,RS,DAL,448.0,LC,17,16,1
199803290LAC,RS,DAL,467.0,LC,17,18,-1
199803290LAC,RS,DAL,532.0,LC,19,18,1
199803290LAC,RS,DAL,549.0,LC,19,20,-1
199803290LAC,RS,DAL,592.0,LC,21,20,1
199803290LAC,RS,DAL,628.0,,22,20,2
199803290LAC,RS,DAL,661.0,,24,20,4
199803290LAC,RS,DAL,681.0,,26,20,6
199803290LAC,RS,DAL,693.0,,27,20,7
199803290LAC,RS,DAL,713.0,,27,21,6
199803290LAC,RS,DAL,713.0,,27,22,5
199803290LAC,RS,DAL,720.0,,29,22,7
199803290LAC,RS,DAL,745.0,,31,22,9
199803290LAC,RS,DAL,855.0,,31,24,7
199803290LAC,RS,DAL,869.0,,33,24,9
199803290LAC,RS,DAL,888.0,,33,26,7
199803290LAC,RS,DAL,897.0,,36,26,10
199803290LAC,RS,DAL,949.0,,36,28,8
199803290LAC,RS,DAL,972.0,,37,28,9
199803290LAC,RS,DAL,972.0,,38,28,10
199803290LAC,RS,DAL,1014.0,,40,28,12
199803290LAC,RS,DAL,1029.0,,40,30,10
199803290LAC,RS,DAL,1086.0,,40,32,8
199803290LAC,RS,DAL,1105.0,,40,33,7
199803290LAC,RS,DAL,1144.0,,42,33,9
199803290LAC,RS,DAL,1208.0,,42,35,7
199803290LAC,RS,DAL,1340.0,,45,35,10
199803290LAC,RS,DAL,1357.0,,45,37,8
199803290LAC,RS,DAL,1381.0,,48,37,11
199803290LAC,RS,DAL,1381.0,,49,37,12
199803290LAC,RS,DAL,1393.0,,49,39,10
199803290LAC,RS,DAL,1408.0,,51,39,12
199803290LAC,RS,DAL,1432.0,,53,39,14
199803290LAC,RS,DAL,1439.0,,53,42,11
199803290LAC,RS,DAL,1505.0,,55,42,13
199803290LAC,RS,DAL,1505.0,,56,42,14
199803290LAC,RS,DAL,1545.0,,56,43,13
199803290LAC,RS,DAL,1545.0,,56,44,12
199803290LAC,RS,DAL,1563.0,,58,44,14
199803290LAC,RS,DAL,1590.0,,61,44,17
199803290LAC,RS,DAL,1605.0,,61,45,16
199803290LAC,RS,DAL,1605.0,,61,46,15
199803290LAC,RS,DAL,1649.0,,61,48,13
199803290LAC,RS,DAL,1665.0,,63,48,15
199803290LAC,RS,DAL,1675.0,,63,51,12
199803290LAC,RS,DAL,1686.0,,64,51,13
199803290LAC,RS,DAL,1727.0,,64,53,11
199803290LAC,RS,DAL,1755.0,,66,53,13
199803290LAC,RS,DAL,1772.0,,66,55,11
199803290LAC,RS,DAL,1878.0,,66,58,8
199803290LAC,RS,DAL,1900.0,,68,58,10
199803290LAC,RS,DAL,1927.0,,70,58,12
199803290LAC,RS,DAL,1945.0,,70,60,10
199803290LAC,RS,DAL,1964.0,,73,60,13
199803290LAC,RS,DAL,2022.0,,74,60,14
199803290LAC,RS,DAL,2060.0,,74,63,11
199803290LAC,RS,DAL,2125.0,,76,63,13
199803290LAC,RS,DAL,2133.0,,76,64,12
199803290LAC,RS,DAL,2133.0,,76,65,11
199803290LAC,RS,DAL,2154.0,,78,65,13
199803290LAC,RS,DAL,2200.0,,78,66,12
199803290LAC,RS,DAL,2200.0,,78,67,11
199803290LAC,RS,DAL,2236.0,,78,68,10
199803290LAC,RS,DAL,2236.0,,78,69,9
199803290LAC,RS,DAL,2310.0,,81,69,12
199803290LAC,RS,DAL,2326.0,,81,71,10
199803290LAC,RS,DAL,2369.0,,84,71,13
199803290LAC,RS,DAL,2395.0,,86,71,15
199803290LAC,RS,DAL,2422.0,,86,73,13
199803290LAC,RS,DAL,2470.0,,88,73,15
199803290LAC,RS,DAL,2516.0,,90,73,17
199803290LAC,RS,DAL,2556.0,,92,73,19
199803290LAC,RS,DAL,2570.0,,92,75,17
199803290LAC,RS,DAL,2574.0,,94,75,19
199803290LAC,RS,DAL,2621.0,,96,75,21
199803290LAC,RS,DAL,2628.0,,96,77,19
199803290LAC,RS,DAL,2652.0,,98,77,21
199803290LAC,RS,DAL,2681.0,,100,77,23
199803290LAC,RS,DAL,2693.0,,100,79,21
199803290LAC,RS,DAL,2717.0,,100,80,20
199803290LAC,RS,DAL,2717.0,,100,81,19
199803290LAC,RS,DAL,2729.0,,102,81,21
199803290LAC,RS,DAL,2747.0,,104,81,23
199803290LAC,RS,DAL,2777.0,,104,83,21
199803290LAC,RS,DAL,2817.0,,106,83,23
199803290LAC,RS,DAL,2838.0,,106,86,20
199803290LAC,RS,DAL,2860.0,F,108,86,22
199803290LAC,RS,DAL,2870.0,,108,86,22
199803310IND,RS,IND,0.0,,0,0,0
199803310IND,RS,IND,47.0,,2,0,2
199803310IND,RS,IND,62.0,T,2,2,0
199803310IND,RS,IND,90.0,LC,2,4,-2
199803310IND,RS,IND,112.0,LC,5,4,1
199803310IND,RS,IND,128.0,T,5,5,0
199803310IND,RS,IND,152.0,LC,5,7,-2
199803310IND,RS,IND,174.0,T,7,7,0
199803310IND,RS,IND,192.0,,7,9,-2
199803310IND,RS,IND,234.0,,7,11,-4
199803310IND,RS,IND,252.0,,8,11,-3
199803310IND,RS,IND,267.0,,10,11,-1
199803310IND,RS,IND,307.0,,10,14,-4
199803310IND,RS,IND,332.0,,10,17,-7
199803310IND,RS,IND,359.0,,12,17,-5
199803310IND,RS,IND,387.0,,12,19,-7
199803310IND,RS,IND,409.0,,12,22,-10
199803310IND,RS,IND,461.0,,12,25,-13
199803310IND,RS,IND,475.0,,15,25,-10
199803310IND,RS,IND,487.0,,15,27,-12
199803310IND,RS,IND,512.0,,17,27,-10
199803310IND,RS,IND,512.0,,18,27,-9
199803310IND,RS,IND,526.0,,18,28,-10
199803310IND,RS,IND,526.0,,18,29,-11
199803310IND,RS,IND,539.0,,19,29,-10
199803310IND,RS,IND,539.0,,20,29,-9
199803310IND,RS,IND,561.0,,20,31,-11
199803310IND,RS,IND,624.0,,20,33,-13
199803310IND,RS,IND,641.0,,21,33,-12
199803310IND,RS,IND,641.0,,22,33,-11
199803310IND,RS,IND,654.0,,22,35,-13
199803310IND,RS,IND,670.0,,24,35,-11
199803310IND,RS,IND,686.0,,24,36,-12
199803310IND,RS,IND,696.0,,25,36,-11
199803310IND,RS,IND,696.0,,26,36,-10
199803310IND,RS,IND,747.0,,26,38,-12
199803310IND,RS,IND,772.0,,26,40,-14
199803310IND,RS,IND,813.0,,26,42,-16
199803310IND,RS,IND,813.0,,26,43,-17
199803310IND,RS,IND,841.0,,28,43,-15
199803310IND,RS,IND,862.0,,28,45,-17
199803310IND,RS,IND,902.0,,30,45,-15
199803310IND,RS,IND,923.0,,30,46,-16
199803310IND,RS,IND,940.0,,33,46,-13
199803310IND,RS,IND,975.0,,35,46,-11
199803310IND,RS,IND,1003.0,,37,46,-9
199803310IND,RS,IND,1025.0,,37,49,-12
199803310IND,RS,IND,1059.0,,37,51,-14
199803310IND,RS,IND,1156.0,,38,51,-13
199803310IND,RS,IND,1156.0,,39,51,-12
199803310IND,RS,IND,1183.0,,41,51,-10
199803310IND,RS,IND,1197.0,,41,53,-12
199803310IND,RS,IND,1212.0,,43,53,-10
199803310IND,RS,IND,1234.0,,43,55,-12
199803310IND,RS,IND,1254.0,,44,55,-11
199803310IND,RS,IND,1281.0,,46,55,-9
199803310IND,RS,IND,1303.0,,46,57,-11
199803310IND,RS,IND,1303.0,,46,58,-12
199803310IND,RS,IND,1328.0,,48,58,-10
199803310IND,RS,IND,1347.0,,48,59,-11
199803310IND,RS,IND,1373.0,,48,62,-14
199803310IND,RS,IND,1395.0,,48,65,-17
199803310IND,RS,IND,1413.0,,48,68,-20
199803310IND,RS,IND,1421.0,,49,68,-19
199803310IND,RS,IND,1421.0,,50,68,-18
199803310IND,RS,IND,1439.0,,50,71,-21
199803310IND,RS,IND,1470.0,,50,74,-24
199803310IND,RS,IND,1491.0,,50,77,-27
199803310IND,RS,IND,1517.0,,53,77,-24
199803310IND,RS,IND,1533.0,,55,77,-22
199803310IND,RS,IND,1570.0,,55,79,-24
199803310IND,RS,IND,1602.0,,57,79,-22
199803310IND,RS,IND,1618.0,,57,81,-24
199803310IND,RS,IND,1628.0,,59,81,-22
199803310IND,RS,IND,1660.0,,59,83,-24
199803310IND,RS,IND,1687.0,,59,86,-27
199803310IND,RS,IND,1723.0,,59,88,-29
199803310IND,RS,IND,1746.0,,61,88,-27
199803310IND,RS,IND,1769.0,,61,90,-29
199803310IND,RS,IND,1846.0,,61,92,-31
199803310IND,RS,IND,1872.0,,63,92,-29
199803310IND,RS,IND,1895.0,,65,92,-27
199803310IND,RS,IND,1919.0,,66,92,-26
199803310IND,RS,IND,1919.0,,67,92,-25
199803310IND,RS,IND,1935.0,,67,95,-28
199803310IND,RS,IND,1985.0,,67,97,-30
199803310IND,RS,IND,2022.0,,69,97,-28
199803310IND,RS,IND,2047.0,,69,100,-31
199803310IND,RS,IND,2072.0,,71,100,-29
199803310IND,RS,IND,2100.0,,73,100,-27
199803310IND,RS,IND,2130.0,,73,102,-29
199803310IND,RS,IND,2153.0,,75,102,-27
199803310IND,RS,IND,2158.0,,75,104,-29
199803310IND,RS,IND,2178.0,,75,105,-30
199803310IND,RS,IND,2178.0,,75,106,-31
199803310IND,RS,IND,2193.0,,77,106,-29
199803310IND,RS,IND,2207.0,,77,108,-31
199803310IND,RS,IND,2244.0,,79,108,-29
199803310IND,RS,IND,2264.0,,79,110,-31
199803310IND,RS,IND,2285.0,,79,112,-33
199803310IND,RS,IND,2304.0,,82,112,-30
199803310IND,RS,IND,2357.0,,84,112,-28
199803310IND,RS,IND,2375.0,,84,113,-29
199803310IND,RS,IND,2375.0,,84,114,-30
199803310IND,RS,IND,2396.0,,84,116,-32
199803310IND,RS,IND,2411.0,,85,116,-31
199803310IND,RS,IND,2411.0,,86,116,-30
199803310IND,RS,IND,2421.0,,86,118,-32
199803310IND,RS,IND,2460.0,,88,118,-30
199803310IND,RS,IND,2460.0,,89,118,-29
199803310IND,RS,IND,2487.0,,92,118,-26
199803310IND,RS,IND,2505.0,,92,120,-28
199803310IND,RS,IND,2524.0,,94,120,-26
199803310IND,RS,IND,2556.0,,95,120,-25
199803310IND,RS,IND,2556.0,,96,120,-24
199803310IND,RS,IND,2576.0,,98,120,-22
199803310IND,RS,IND,2592.0,,100,120,-20
199803310IND,RS,IND,2617.0,,102,120,-18
199803310IND,RS,IND,2713.0,,102,122,-20
199803310IND,RS,IND,2725.0,,104,122,-18
199803310IND,RS,IND,2739.0,,104,124,-20
199803310IND,RS,IND,2755.0,,104,126,-22
199803310IND,RS,IND,2814.0,,105,126,-21
199803310IND,RS,IND,2814.0,,106,126,-20
199803310IND,RS,IND,2826.0,F,106,128,-22
199803310IND,RS,IND,2880.0,,106,128,-22
199804020NYK,RS,NYK,0.0,,0,0,0
199804020NYK,RS,NYK,36.0,,3,0,3
199804020NYK,RS,NYK,70.0,,5,0,5
199804020NYK,RS,NYK,108.0,,7,0,7
199804020NYK,RS,NYK,164.0,,9,0,9
199804020NYK,RS,NYK,184.0,,9,2,7
199804020NYK,RS,NYK,204.0,,9,4,5
199804020NYK,RS,NYK,214.0,,11,4,7
199804020NYK,RS,NYK,252.0,,11,6,5
199804020NYK,RS,NYK,286.0,,11,8,3
199804020NYK,RS,NYK,366.0,,11,10,1
199804020NYK,RS,NYK,404.0,LC,11,12,-1
199804020NYK,RS,NYK,431.0,,11,14,-3
199804020NYK,RS,NYK,532.0,,11,16,-5
199804020NYK,RS,NYK,550.0,,13,16,-3
199804020NYK,RS,NYK,600.0,,13,18,-5
199804020NYK,RS,NYK,611.0,,14,18,-4
199804020NYK,RS,NYK,645.0,,16,18,-2
199804020NYK,RS,NYK,678.0,T,18,18,0
199804020NYK,RS,NYK,685.0,,18,21,-3
199804020NYK,RS,NYK,718.0,,18,23,-5
199804020NYK,RS,NYK,748.0,,21,23,-2
199804020NYK,RS,NYK,816.0,T,23,23,0
199804020NYK,RS,NYK,860.0,LC,24,23,1
199804020NYK,RS,NYK,887.0,,26,23,3
199804020NYK,RS,NYK,909.0,,26,25,1
199804020NYK,RS,NYK,932.0,LC,26,27,-1
199804020NYK,RS,NYK,978.0,,26,29,-3
199804020NYK,RS,NYK,992.0,,28,29,-1
199804020NYK,RS,NYK,1099.0,,28,31,-3
199804020NYK,RS,NYK,1141.0,,28,33,-5
199804020NYK,RS,NYK,1161.0,,30,33,-3
199804020NYK,RS,NYK,1213.0,,32,33,-1
199804020NYK,RS,NYK,1280.0,T,33,33,0
199804020NYK,RS,NYK,1300.0,,33,35,-2
199804020NYK,RS,NYK,1376.0,,33,36,-3
199804020NYK,RS,NYK,1376.0,,33,37,-4
199804020NYK,RS,NYK,1440.0,,33,39,-6
199804020NYK,RS,NYK,1454.0,,33,41,-8
199804020NYK,RS,NYK,1492.0,,34,41,-7
199804020NYK,RS,NYK,1492.0,,35,41,-6
199804020NYK,RS,NYK,1551.0,,37,41,-4
199804020NYK,RS,NYK,1587.0,,38,41,-3
199804020NYK,RS,NYK,1587.0,,39,41,-2
199804020NYK,RS,NYK,1616.0,LC,42,41,1
199804020NYK,RS,NYK,1634.0,T,42,42,0
199804020NYK,RS,NYK,1641.0,LC,42,44,-2
199804020NYK,RS,NYK,1716.0,,42,46,-4
199804020NYK,RS,NYK,1770.0,,42,48,-6
199804020NYK,RS,NYK,1824.0,,42,50,-8
199804020NYK,RS,NYK,1840.0,,44,50,-6
199804020NYK,RS,NYK,1857.0,,44,52,-8
199804020NYK,RS,NYK,1865.0,,46,52,-6
199804020NYK,RS,NYK,1882.0,,46,55,-9
199804020NYK,RS,NYK,1921.0,,46,56,-10
199804020NYK,RS,NYK,1921.0,,46,57,-11
199804020NYK,RS,NYK,1982.0,,46,58,-12
199804020NYK,RS,NYK,1982.0,,46,59,-13
199804020NYK,RS,NYK,2010.0,,46,61,-15
199804020NYK,RS,NYK,2045.0,,46,63,-17
199804020NYK,RS,NYK,2055.0,,48,63,-15
199804020NYK,RS,NYK,2079.0,,48,64,-16
199804020NYK,RS,NYK,2117.0,,51,64,-13
199804020NYK,RS,NYK,2136.0,,52,64,-12
199804020NYK,RS,NYK,2136.0,,53,64,-11
199804020NYK,RS,NYK,2195.0,,53,66,-13
199804020NYK,RS,NYK,2215.0,,53,68,-15
199804020NYK,RS,NYK,2231.0,,55,68,-13
199804020NYK,RS,NYK,2249.0,,55,71,-16
199804020NYK,RS,NYK,2281.0,,56,71,-15
199804020NYK,RS,NYK,2281.0,,57,71,-14
199804020NYK,RS,NYK,2349.0,,59,71,-12
199804020NYK,RS,NYK,2438.0,,60,71,-11
199804020NYK,RS,NYK,2496.0,,60,73,-13
199804020NYK,RS,NYK,2496.0,,60,74,-14
199804020NYK,RS,NYK,2549.0,,63,74,-11
199804020NYK,RS,NYK,2648.0,,65,74,-9
199804020NYK,RS,NYK,2731.0,,65,76,-11
199804020NYK,RS,NYK,2751.0,,66,76,-10
199804020NYK,RS,NYK,2751.0,,67,76,-9
199804020NYK,RS,NYK,2762.0,,67,78,-11
199804020NYK,RS,NYK,2779.0,,67,79,-12
199804020NYK,RS,NYK,2824.0,,68,79,-11
199804020NYK,RS,NYK,2846.0,,70,79,-9
199804020NYK,RS,NYK,2849.0,,70,80,-10
199804020NYK,RS,NYK,2849.0,F,70,81,-11
199804020NYK,RS,NYK,2858.0,,70,81,-11
199804030PHI,RS,PHI,0.0,,0,0,0
199804030PHI,RS,PHI,32.0,,2,0,2
199804030PHI,RS,PHI,71.0,,4,0,4
199804030PHI,RS,PHI,101.0,,4,2,2
199804030PHI,RS,PHI,128.0,T,4,4,0
199804030PHI,RS,PHI,143.0,LC,4,6,-2
199804030PHI,RS,PHI,143.0,,4,7,-3
199804030PHI,RS,PHI,156.0,T,7,7,0
199804030PHI,RS,PHI,175.0,,7,8,-1
199804030PHI,RS,PHI,175.0,,7,9,-2
199804030PHI,RS,PHI,208.0,T,9,9,0
199804030PHI,RS,PHI,257.0,,9,11,-2
199804030PHI,RS,PHI,309.0,,9,13,-4
199804030PHI,RS,PHI,346.0,,9,15,-6
199804030PHI,RS,PHI,453.0,,9,17,-8
199804030PHI,RS,PHI,470.0,,12,17,-5
199804030PHI,RS,PHI,491.0,,12,19,-7
199804030PHI,RS,PHI,547.0,,14,19,-5
199804030PHI,RS,PHI,578.0,,14,21,-7
199804030PHI,RS,PHI,672.0,,15,21,-6
199804030PHI,RS,PHI,718.0,,16,21,-5
199804030PHI,RS,PHI,718.0,,17,21,-4
199804030PHI,RS,PHI,725.0,,17,23,-6
199804030PHI,RS,PHI,757.0,,17,24,-7
199804030PHI,RS,PHI,757.0,,17,25,-8
199804030PHI,RS,PHI,796.0,,17,27,-10
199804030PHI,RS,PHI,812.0,,17,29,-12
199804030PHI,RS,PHI,903.0,,17,31,-14
199804030PHI,RS,PHI,915.0,,19,31,-12
199804030PHI,RS,PHI,934.0,,19,33,-14
199804030PHI,RS,PHI,946.0,,21,33,-12
199804030PHI,RS,PHI,1027.0,,21,35,-14
199804030PHI,RS,PHI,1064.0,,22,35,-13
199804030PHI,RS,PHI,1091.0,,24,35,-11
199804030PHI,RS,PHI,1106.0,,24,37,-13
199804030PHI,RS,PHI,1134.0,,24,38,-14
199804030PHI,RS,PHI,1134.0,,24,39,-15
199804030PHI,RS,PHI,1174.0,,24,41,-17
199804030PHI,RS,PHI,1174.0,,24,42,-18
199804030PHI,RS,PHI,1265.0,,24,44,-20
199804030PHI,RS,PHI,1307.0,,24,46,-22
199804030PHI,RS,PHI,1307.0,,24,47,-23
199804030PHI,RS,PHI,1348.0,,26,47,-21
199804030PHI,RS,PHI,1391.0,,27,47,-20
199804030PHI,RS,PHI,1391.0,,28,47,-19
199804030PHI,RS,PHI,1409.0,,30,47,-17
199804030PHI,RS,PHI,1421.0,,30,48,-18
199804030PHI,RS,PHI,1439.0,,31,48,-17
199804030PHI,RS,PHI,1458.0,,33,48,-15
199804030PHI,RS,PHI,1516.0,,33,50,-17
199804030PHI,RS,PHI,1533.0,,35,50,-15
199804030PHI,RS,PHI,1549.0,,35,52,-17
199804030PHI,RS,PHI,1596.0,,37,52,-15
199804030PHI,RS,PHI,1632.0,,37,54,-17
199804030PHI,RS,PHI,1648.0,,39,54,-15
199804030PHI,RS,PHI,1667.0,,39,56,-17
199804030PHI,RS,PHI,1709.0,,40,56,-16
199804030PHI,RS,PHI,1709.0,,41,56,-15
199804030PHI,RS,PHI,1745.0,,41,58,-17
199804030PHI,RS,PHI,1745.0,,41,59,-18
199804030PHI,RS,PHI,1765.0,,44,59,-15
199804030PHI,RS,PHI,1829.0,,44,61,-17
199804030PHI,RS,PHI,1893.0,,44,63,-19
199804030PHI,RS,PHI,1909.0,,46,63,-17
199804030PHI,RS,PHI,1909.0,,47,63,-16
199804030PHI,RS,PHI,1919.0,,47,64,-17
199804030PHI,RS,PHI,1935.0,,48,64,-16
199804030PHI,RS,PHI,1935.0,,49,64,-15
199804030PHI,RS,PHI,1962.0,,49,66,-17
199804030PHI,RS,PHI,1997.0,,49,67,-18
199804030PHI,RS,PHI,1997.0,,49,68,-19
199804030PHI,RS,PHI,2038.0,,49,70,-21
199804030PHI,RS,PHI,2068.0,,49,72,-23
199804030PHI,RS,PHI,2153.0,,50,72,-22
199804030PHI,RS,PHI,2153.0,,51,72,-21
199804030PHI,RS,PHI,2188.0,,53,72,-19
199804030PHI,RS,PHI,2358.0,,53,74,-21
199804030PHI,RS,PHI,2366.0,,55,74,-19
199804030PHI,RS,PHI,2379.0,,55,75,-20
199804030PHI,RS,PHI,2379.0,,55,76,-21
199804030PHI,RS,PHI,2400.0,,55,78,-23
199804030PHI,RS,PHI,2425.0,,57,78,-21
199804030PHI,RS,PHI,2446.0,,58,78,-20
199804030PHI,RS,PHI,2479.0,,60,78,-18
199804030PHI,RS,PHI,2507.0,,62,78,-16
199804030PHI,RS,PHI,2531.0,,62,80,-18
199804030PHI,RS,PHI,2561.0,,64,80,-16
199804030PHI,RS,PHI,2561.0,,65,80,-15
199804030PHI,RS,PHI,2593.0,,65,82,-17
199804030PHI,RS,PHI,2636.0,,65,84,-19
199804030PHI,RS,PHI,2657.0,,67,84,-17
199804030PHI,RS,PHI,2657.0,,68,84,-16
199804030PHI,RS,PHI,2694.0,,68,86,-18
199804030PHI,RS,PHI,2707.0,,68,88,-20
199804030PHI,RS,PHI,2724.0,,70,88,-18
199804030PHI,RS,PHI,2766.0,,70,89,-19
199804030PHI,RS,PHI,2766.0,,70,90,-20
199804030PHI,RS,PHI,2790.0,,72,90,-18
199804030PHI,RS,PHI,2796.0,,72,91,-19
199804030PHI,RS,PHI,2815.0,,74,91,-17
199804030PHI,RS,PHI,2833.0,,74,93,-19
199804030PHI,RS,PHI,2853.0,F,75,93,-18
199804030PHI,RS,PHI,2876.0,,78,93,-15
199804050CLE,RS,CLE,0.0,,0,0,0
199804050CLE,RS,CLE,26.0,,0,2,-2
199804050CLE,RS,CLE,56.0,,0,4,-4
199804050CLE,RS,CLE,78.0,,0,6,-6
199804050CLE,RS,CLE,105.0,,0,8,-8
199804050CLE,RS,CLE,136.0,,0,9,-9
199804050CLE,RS,CLE,136.0,,0,10,-10
199804050CLE,RS,CLE,221.0,,0,12,-12
199804050CLE,RS,CLE,233.0,,2,12,-10
199804050CLE,RS,CLE,265.0,,4,12,-8
199804050CLE,RS,CLE,280.0,,6,12,-6
199804050CLE,RS,CLE,314.0,,7,12,-5
199804050CLE,RS,CLE,341.0,,9,12,-3
199804050CLE,RS,CLE,365.0,,11,12,-1
199804050CLE,RS,CLE,385.0,,11,14,-3
199804050CLE,RS,CLE,433.0,,11,16,-5
199804050CLE,RS,CLE,478.0,,13,16,-3
199804050CLE,RS,CLE,492.0,,13,17,-4
199804050CLE,RS,CLE,492.0,,13,18,-5
199804050CLE,RS,CLE,538.0,,15,18,-3
199804050CLE,RS,CLE,628.0,,15,20,-5
199804050CLE,RS,CLE,645.0,,17,20,-3
199804050CLE,RS,CLE,688.0,,19,20,-1
199804050CLE,RS,CLE,711.0,LC,22,20,2
199804050CLE,RS,CLE,740.0,,23,20,3
199804050CLE,RS,CLE,740.0,,24,20,4
199804050CLE,RS,CLE,753.0,,24,21,3
199804050CLE,RS,CLE,753.0,,24,22,2
199804050CLE,RS,CLE,774.0,,27,22,5
199804050CLE,RS,CLE,783.0,,27,24,3
199804050CLE,RS,CLE,792.0,,29,24,5
199804050CLE,RS,CLE,815.0,,31,24,7
199804050CLE,RS,CLE,836.0,,33,24,9
199804050CLE,RS,CLE,850.0,,33,25,8
199804050CLE,RS,CLE,872.0,,35,25,10
199804050CLE,RS,CLE,915.0,,35,27,8
199804050CLE,RS,CLE,968.0,,35,29,6
199804050CLE,RS,CLE,990.0,,36,29,7
199804050CLE,RS,CLE,990.0,,37,29,8
199804050CLE,RS,CLE,1002.0,,37,31,6
199804050CLE,RS,CLE,1021.0,,39,31,8
199804050CLE,RS,CLE,1037.0,,39,33,6
199804050CLE,RS,CLE,1081.0,,39,35,4
199804050CLE,RS,CLE,1108.0,,41,35,6
199804050CLE,RS,CLE,1161.0,,43,35,8
199804050CLE,RS,CLE,1180.0,,43,36,7
199804050CLE,RS,CLE,1197.0,,45,36,9
199804050CLE,RS,CLE,1219.0,,45,37,8
199804050CLE,RS,CLE,1219.0,,45,38,7
199804050CLE,RS,CLE,1239.0,,47,38,9
199804050CLE,RS,CLE,1286.0,,49,38,11
199804050CLE,RS,CLE,1313.0,,49,40,9
199804050CLE,RS,CLE,1336.0,,51,40,11
199804050CLE,RS,CLE,1336.0,,52,40,12
199804050CLE,RS,CLE,1354.0,,52,41,11
199804050CLE,RS,CLE,1354.0,,52,42,10
199804050CLE,RS,CLE,1394.0,,53,42,11
199804050CLE,RS,CLE,1394.0,,54,42,12
199804050CLE,RS,CLE,1418.0,,54,44,10
199804050CLE,RS,CLE,1497.0,,54,47,7
199804050CLE,RS,CLE,1511.0,,54,48,6
199804050CLE,RS,CLE,1511.0,,54,49,5
199804050CLE,RS,CLE,1549.0,,57,49,8
199804050CLE,RS,CLE,1576.0,,57,51,6
199804050CLE,RS,CLE,1596.0,,59,51,8
199804050CLE,RS,CLE,1662.0,,59,53,6
199804050CLE,RS,CLE,1732.0,,60,53,7
199804050CLE,RS,CLE,1764.0,,61,53,8
199804050CLE,RS,CLE,1764.0,,62,53,9
199804050CLE,RS,CLE,1789.0,,62,55,7
199804050CLE,RS,CLE,1981.0,,62,56,6
199804050CLE,RS,CLE,1981.0,,62,57,5
199804050CLE,RS,CLE,2004.0,,63,57,6
199804050CLE,RS,CLE,2004.0,,64,57,7
199804050CLE,RS,CLE,2034.0,,64,59,5
199804050CLE,RS,CLE,2092.0,,66,59,7
199804050CLE,RS,CLE,2106.0,,66,60,6
199804050CLE,RS,CLE,2143.0,,66,62,4
199804050CLE,RS,CLE,2156.0,,66,63,3
199804050CLE,RS,CLE,2156.0,,66,64,2
199804050CLE,RS,CLE,2159.0,LC,66,67,-1
199804050CLE,RS,CLE,2181.0,,66,69,-3
199804050CLE,RS,CLE,2200.0,,66,71,-5
199804050CLE,RS,CLE,2271.0,,66,73,-7
199804050CLE,RS,CLE,2322.0,,68,73,-5
199804050CLE,RS,CLE,2340.0,,68,74,-6
199804050CLE,RS,CLE,2361.0,,68,76,-8
199804050CLE,RS,CLE,2380.0,,69,76,-7
199804050CLE,RS,CLE,2380.0,,70,76,-6
199804050CLE,RS,CLE,2422.0,,72,76,-4
199804050CLE,RS,CLE,2446.0,,74,76,-2
199804050CLE,RS,CLE,2461.0,,74,78,-4
199804050CLE,RS,CLE,2486.0,,76,78,-2
199804050CLE,RS,CLE,2486.0,,77,78,-1
199804050CLE,RS,CLE,2545.0,LC,80,78,2
199804050CLE,RS,CLE,2581.0,,80,79,1
199804050CLE,RS,CLE,2660.0,T,80,80,0
199804050CLE,RS,CLE,2660.0,LC,80,81,-1
199804050CLE,RS,CLE,2696.0,,80,83,-3
199804050CLE,RS,CLE,2721.0,,81,83,-2
199804050CLE,RS,CLE,2721.0,,82,83,-1
199804050CLE,RS,CLE,2737.0,,82,85,-3
199804050CLE,RS,CLE,2753.0,T,85,85,0
199804050CLE,RS,CLE,2769.0,,85,87,-2
199804050CLE,RS,CLE,2769.0,,85,88,-3
199804050CLE,RS,CLE,2808.0,,85,89,-4
199804050CLE,RS,CLE,2840.0,,85,90,-5
199804050CLE,RS,CLE,2840.0,,85,91,-6
199804050CLE,RS,CLE,2847.0,,86,91,-5
199804050CLE,RS,CLE,2850.0,,86,92,-6
199804050CLE,RS,CLE,2850.0,,86,93,-7
199804050CLE,RS,CLE,2858.0,,88,93,-5
199804050CLE,RS,CLE,2862.0,,90,93,-3
199804050CLE,RS,CLE,2862.0,,90,94,-4
199804050CLE,RS,CLE,2872.0,,93,94,-1
199804050CLE,RS,CLE,2872.0,F,93,94,-1
199804070LAC,RS,VAN,0.0,,0,0,0
199804070LAC,RS,VAN,17.0,,2,0,2
199804070LAC,RS,VAN,35.0,T,2,2,0
199804070LAC,RS,VAN,46.0,,4,2,2
199804070LAC,RS,VAN,68.0,,6,2,4
199804070LAC,RS,VAN,83.0,,6,4,2
199804070LAC,RS,VAN,100.0,,8,4,4
199804070LAC,RS,VAN,170.0,,8,6,2
199804070LAC,RS,VAN,170.0,,8,7,1
199804070LAC,RS,VAN,204.0,LC,8,9,-1
199804070LAC,RS,VAN,228.0,,8,11,-3
199804070LAC,RS,VAN,272.0,,10,11,-1
199804070LAC,RS,VAN,315.0,,10,13,-3
199804070LAC,RS,VAN,341.0,,10,15,-5
199804070LAC,RS,VAN,365.0,,11,15,-4
199804070LAC,RS,VAN,376.0,,13,15,-2
199804070LAC,RS,VAN,443.0,T,15,15,0
199804070LAC,RS,VAN,487.0,LC,17,15,2
199804070LAC,RS,VAN,497.0,,17,16,1
199804070LAC,RS,VAN,497.0,T,17,17,0
199804070LAC,RS,VAN,513.0,LC,17,19,-2
199804070LAC,RS,VAN,548.0,,17,21,-4
199804070LAC,RS,VAN,560.0,,19,21,-2
199804070LAC,RS,VAN,573.0,,19,23,-4
199804070LAC,RS,VAN,612.0,,19,25,-6
199804070LAC,RS,VAN,669.0,,21,25,-4
199804070LAC,RS,VAN,673.0,,21,27,-6
199804070LAC,RS,VAN,699.0,,21,29,-8
199804070LAC,RS,VAN,750.0,,23,29,-6
199804070LAC,RS,VAN,769.0,,23,31,-8
199804070LAC,RS,VAN,775.0,,25,31,-6
199804070LAC,RS,VAN,794.0,,25,33,-8
199804070LAC,RS,VAN,824.0,,25,35,-10
199804070LAC,RS,VAN,824.0,,25,36,-11
199804070LAC,RS,VAN,850.0,,26,36,-10
199804070LAC,RS,VAN,880.0,,28,36,-8
199804070LAC,RS,VAN,901.0,,30,36,-6
199804070LAC,RS,VAN,911.0,,30,37,-7
199804070LAC,RS,VAN,911.0,,30,38,-8
199804070LAC,RS,VAN,933.0,,30,40,-10
199804070LAC,RS,VAN,948.0,,32,40,-8
199804070LAC,RS,VAN,966.0,,34,40,-6
199804070LAC,RS,VAN,966.0,,35,40,-5
199804070LAC,RS,VAN,994.0,,35,42,-7
199804070LAC,RS,VAN,1039.0,,36,42,-6
199804070LAC,RS,VAN,1039.0,,37,42,-5
199804070LAC,RS,VAN,1078.0,,39,42,-3
199804070LAC,RS,VAN,1087.0,,39,43,-4
199804070LAC,RS,VAN,1087.0,,39,44,-5
199804070LAC,RS,VAN,1097.0,,40,44,-4
199804070LAC,RS,VAN,1097.0,,41,44,-3
199804070LAC,RS,VAN,1121.0,,43,44,-1
199804070LAC,RS,VAN,1141.0,,43,46,-3
199804070LAC,RS,VAN,1161.0,,45,46,-1
199804070LAC,RS,VAN,1175.0,,45,47,-2
199804070LAC,RS,VAN,1175.0,,45,48,-3
199804070LAC,RS,VAN,1192.0,,47,48,-1
199804070LAC,RS,VAN,1205.0,,47,50,-3
199804070LAC,RS,VAN,1228.0,,48,50,-2
199804070LAC,RS,VAN,1228.0,,49,50,-1
199804070LAC,RS,VAN,1250.0,,49,52,-3
199804070LAC,RS,VAN,1271.0,,49,54,-5
199804070LAC,RS,VAN,1271.0,,49,55,-6
199804070LAC,RS,VAN,1306.0,,50,55,-5
199804070LAC,RS,VAN,1306.0,,51,55,-4
199804070LAC,RS,VAN,1322.0,,51,57,-6
199804070LAC,RS,VAN,1344.0,,53,57,-4
199804070LAC,RS,VAN,1364.0,,54,57,-3
199804070LAC,RS,VAN,1381.0,,54,59,-5
199804070LAC,RS,VAN,1418.0,,54,61,-7
199804070LAC,RS,VAN,1438.0,,55,61,-6
199804070LAC,RS,VAN,1532.0,,57,61,-4
199804070LAC,RS,VAN,1545.0,,57,63,-6
199804070LAC,RS,VAN,1551.0,,59,63,-4
199804070LAC,RS,VAN,1571.0,,59,65,-6
199804070LAC,RS,VAN,1577.0,,61,65,-4
199804070LAC,RS,VAN,1595.0,,61,67,-6
199804070LAC,RS,VAN,1681.0,,61,70,-9
199804070LAC,RS,VAN,1713.0,,61,72,-11
199804070LAC,RS,VAN,1757.0,,61,73,-12
199804070LAC,RS,VAN,1770.0,,63,73,-10
199804070LAC,RS,VAN,1786.0,,63,75,-12
199804070LAC,RS,VAN,1804.0,,65,75,-10
199804070LAC,RS,VAN,1825.0,,65,77,-12
199804070LAC,RS,VAN,1963.0,,65,78,-13
199804070LAC,RS,VAN,1989.0,,67,78,-11
199804070LAC,RS,VAN,2061.0,,67,80,-13
199804070LAC,RS,VAN,2082.0,,69,80,-11
199804070LAC,RS,VAN,2131.0,,69,82,-13
199804070LAC,RS,VAN,2176.0,,69,84,-15
199804070LAC,RS,VAN,2193.0,,71,84,-13
199804070LAC,RS,VAN,2237.0,,71,86,-15
199804070LAC,RS,VAN,2256.0,,73,86,-13
199804070LAC,RS,VAN,2256.0,,74,86,-12
199804070LAC,RS,VAN,2303.0,,74,88,-14
199804070LAC,RS,VAN,2353.0,,74,89,-15
199804070LAC,RS,VAN,2359.0,,75,89,-14
199804070LAC,RS,VAN,2378.0,,75,91,-16
199804070LAC,RS,VAN,2413.0,,76,91,-15
199804070LAC,RS,VAN,2413.0,,77,91,-14
199804070LAC,RS,VAN,2428.0,,77,93,-16
199804070LAC,RS,VAN,2520.0,,77,96,-19
199804070LAC,RS,VAN,2556.0,,77,98,-21
199804070LAC,RS,VAN,2606.0,,77,101,-24
199804070LAC,RS,VAN,2619.0,,79,101,-22
199804070LAC,RS,VAN,2628.0,,79,103,-24
199804070LAC,RS,VAN,2685.0,,81,103,-22
199804070LAC,RS,VAN,2726.0,,84,103,-19
199804070LAC,RS,VAN,2752.0,,84,105,-21
199804070LAC,RS,VAN,2757.0,,85,105,-20
199804070LAC,RS,VAN,2774.0,,88,105,-17
199804070LAC,RS,VAN,2803.0,,91,105,-14
199804070LAC,RS,VAN,2836.0,,94,105,-11
199804070LAC,RS,VAN,2859.0,,94,106,-12
199804070LAC,RS,VAN,2859.0,,94,107,-13
199804070LAC,RS,VAN,2874.0,,94,109,-15
199804070LAC,RS,VAN,2874.0,F,94,110,-16
199804070LAC,RS,VAN,2879.0,,94,110,-16
199804090LAC,RS,POR,0.0,,0,0,0
199804090LAC,RS,POR,14.0,,2,0,2
199804090LAC,RS,POR,58.0,,4,0,4
199804090LAC,RS,POR,83.0,,4,2,2
199804090LAC,RS,POR,115.0,T,4,4,0
199804090LAC,RS,POR,149.0,LC,4,7,-3
199804090LAC,RS,POR,176.0,,4,9,-5
199804090LAC,RS,POR,205.0,,6,9,-3
199804090LAC,RS,POR,224.0,,6,11,-5
199804090LAC,RS,POR,248.0,,8,11,-3
199804090LAC,RS,POR,267.0,,8,13,-5
199804090LAC,RS,POR,280.0,,10,13,-3
199804090LAC,RS,POR,294.0,,10,15,-5
199804090LAC,RS,POR,357.0,,10,17,-7
199804090LAC,RS,POR,432.0,,11,17,-6
199804090LAC,RS,POR,432.0,,12,17,-5
199804090LAC,RS,POR,449.0,,12,18,-6
199804090LAC,RS,POR,449.0,,12,19,-7
199804090LAC,RS,POR,453.0,,14,19,-5
199804090LAC,RS,POR,453.0,,15,19,-4
199804090LAC,RS,POR,535.0,,15,21,-6
199804090LAC,RS,POR,555.0,,17,21,-4
199804090LAC,RS,POR,599.0,,19,21,-2
199804090LAC,RS,POR,648.0,,19,22,-3
199804090LAC,RS,POR,648.0,,19,23,-4
199804090LAC,RS,POR,648.0,,19,24,-5
199804090LAC,RS,POR,685.0,,22,24,-2
199804090LAC,RS,POR,767.0,,22,26,-4
199804090LAC,RS,POR,783.0,,24,26,-2
199804090LAC,RS,POR,863.0,T,26,26,0
199804090LAC,RS,POR,897.0,LC,27,26,1
199804090LAC,RS,POR,955.0,LC,27,29,-2
199804090LAC,RS,POR,987.0,T,29,29,0
199804090LAC,RS,POR,1007.0,LC,30,29,1
199804090LAC,RS,POR,1023.0,,31,29,2
199804090LAC,RS,POR,1063.0,,33,29,4
199804090LAC,RS,POR,1083.0,,33,31,2
199804090LAC,RS,POR,1097.0,,35,31,4
199804090LAC,RS,POR,1116.0,,35,33,2
199804090LAC,RS,POR,1116.0,,35,34,1
199804090LAC,RS,POR,1132.0,,37,34,3
199804090LAC,RS,POR,1156.0,,37,36,1
199804090LAC,RS,POR,1166.0,,39,36,3
199804090LAC,RS,POR,1201.0,,39,38,1
199804090LAC,RS,POR,1278.0,T,39,39,0
199804090LAC,RS,POR,1278.0,LC,39,40,-1
199804090LAC,RS,POR,1308.0,,39,41,-2
199804090LAC,RS,POR,1308.0,,39,42,-3
199804090LAC,RS,POR,1318.0,,41,42,-1
199804090LAC,RS,POR,1359.0,,41,44,-3
199804090LAC,RS,POR,1387.0,,42,44,-2
199804090LAC,RS,POR,1405.0,,42,46,-4
199804090LAC,RS,POR,1467.0,,45,46,-1
199804090LAC,RS,POR,1491.0,,45,48,-3
199804090LAC,RS,POR,1534.0,,45,50,-5
199804090LAC,RS,POR,1573.0,,45,52,-7
199804090LAC,RS,POR,1642.0,,45,53,-8
199804090LAC,RS,POR,1642.0,,45,54,-9
199804090LAC,RS,POR,1655.0,,47,54,-7
199804090LAC,RS,POR,1694.0,,47,56,-9
199804090LAC,RS,POR,1694.0,,47,57,-10
199804090LAC,RS,POR,1731.0,,49,57,-8
199804090LAC,RS,POR,1765.0,,51,57,-6
199804090LAC,RS,POR,1792.0,,51,59,-8
199804090LAC,RS,POR,1810.0,,52,59,-7
199804090LAC,RS,POR,1810.0,,53,59,-6
199804090LAC,RS,POR,1832.0,,53,61,-8
199804090LAC,RS,POR,1863.0,,53,63,-10
199804090LAC,RS,POR,1881.0,,55,63,-8
199804090LAC,RS,POR,1911.0,,55,64,-9
199804090LAC,RS,POR,1911.0,,55,65,-10
199804090LAC,RS,POR,1933.0,,58,65,-7
199804090LAC,RS,POR,1952.0,,58,67,-9
199804090LAC,RS,POR,2009.0,,58,69,-11
199804090LAC,RS,POR,2030.0,,61,69,-8
199804090LAC,RS,POR,2056.0,,61,70,-9
199804090LAC,RS,POR,2084.0,,61,72,-11
199804090LAC,RS,POR,2095.0,,64,72,-8
199804090LAC,RS,POR,2114.0,,64,74,-10
199804090LAC,RS,POR,2132.0,,65,74,-9
199804090LAC,RS,POR,2132.0,,66,74,-8
199804090LAC,RS,POR,2182.0,,68,74,-6
199804090LAC,RS,POR,2209.0,,69,74,-5
199804090LAC,RS,POR,2236.0,,71,74,-3
199804090LAC,RS,POR,2263.0,,73,74,-1
199804090LAC,RS,POR,2263.0,T,74,74,0
199804090LAC,RS,POR,2283.0,,74,75,-1
199804090LAC,RS,POR,2334.0,,74,77,-3
199804090LAC,RS,POR,2379.0,,76,77,-1
199804090LAC,RS,POR,2417.0,LC,79,77,2
199804090LAC,RS,POR,2435.0,T,79,79,0
199804090LAC,RS,POR,2451.0,,81,79,2
199804090LAC,RS,POR,2503.0,,82,79,3
199804090LAC,RS,POR,2503.0,,83,79,4
199804090LAC,RS,POR,2550.0,,85,79,6
199804090LAC,RS,POR,2575.0,,85,81,4
199804090LAC,RS,POR,2596.0,,87,81,6
199804090LAC,RS,POR,2613.0,,87,82,5
199804090LAC,RS,POR,2613.0,,87,83,4
199804090LAC,RS,POR,2645.0,,87,85,2
199804090LAC,RS,POR,2661.0,,88,85,3
199804090LAC,RS,POR,2681.0,,88,87,1
199804090LAC,RS,POR,2735.0,LC,88,89,-1
199804090LAC,RS,POR,2762.0,,88,91,-3
199804090LAC,RS,POR,2775.0,,89,91,-2
199804090LAC,RS,POR,2775.0,,90,91,-1
199804090LAC,RS,POR,2790.0,,90,92,-2
199804090LAC,RS,POR,2790.0,,90,93,-3
199804090LAC,RS,POR,2811.0,,90,94,-4
199804090LAC,RS,POR,2811.0,,90,95,-5
199804090LAC,RS,POR,2840.0,,92,95,-3
199804090LAC,RS,POR,2846.0,,92,96,-4
199804090LAC,RS,POR,2846.0,,92,97,-5
199804090LAC,RS,POR,2854.0,,92,98,-6
199804090LAC,RS,POR,2868.0,F,92,99,-7
199804090LAC,RS,POR,2876.0,,95,99,-4
199804100UTA,RS,UTA,0.0,,0,0,0
199804100UTA,RS,UTA,14.0,,0,1,-1
199804100UTA,RS,UTA,14.0,,0,2,-2
199804100UTA,RS,UTA,28.0,,1,2,-1
199804100UTA,RS,UTA,28.0,T,2,2,0
199804100UTA,RS,UTA,41.0,,2,4,-2
199804100UTA,RS,UTA,166.0,,2,6,-4
199804100UTA,RS,UTA,194.0,,2,8,-6
199804100UTA,RS,UTA,218.0,,4,8,-4
199804100UTA,RS,UTA,236.0,,4,10,-6
199804100UTA,RS,UTA,267.0,,5,10,-5
199804100UTA,RS,UTA,267.0,,6,10,-4
199804100UTA,RS,UTA,282.0,,6,12,-6
199804100UTA,RS,UTA,305.0,,8,12,-4
199804100UTA,RS,UTA,322.0,,8,14,-6
199804100UTA,RS,UTA,376.0,,8,15,-7
199804100UTA,RS,UTA,376.0,,8,16,-8
199804100UTA,RS,UTA,413.0,,11,16,-5
199804100UTA,RS,UTA,438.0,,11,18,-7
199804100UTA,RS,UTA,450.0,,13,18,-5
199804100UTA,RS,UTA,481.0,,15,18,-3
199804100UTA,RS,UTA,501.0,,15,20,-5
199804100UTA,RS,UTA,520.0,,18,20,-2
199804100UTA,RS,UTA,534.0,,18,22,-4
199804100UTA,RS,UTA,570.0,,19,22,-3
199804100UTA,RS,UTA,570.0,,20,22,-2
199804100UTA,RS,UTA,593.0,,20,24,-4
199804100UTA,RS,UTA,612.0,,20,26,-6
199804100UTA,RS,UTA,637.0,,20,28,-8
199804100UTA,RS,UTA,661.0,,22,28,-6
199804100UTA,RS,UTA,672.0,,22,30,-8
199804100UTA,RS,UTA,708.0,,22,32,-10
199804100UTA,RS,UTA,719.0,,24,32,-8
199804100UTA,RS,UTA,782.0,,25,32,-7
199804100UTA,RS,UTA,782.0,,26,32,-6
199804100UTA,RS,UTA,830.0,,26,34,-8
199804100UTA,RS,UTA,830.0,,26,35,-9
199804100UTA,RS,UTA,862.0,,28,35,-7
199804100UTA,RS,UTA,900.0,,30,35,-5
199804100UTA,RS,UTA,913.0,,30,36,-6
199804100UTA,RS,UTA,913.0,,30,37,-7
199804100UTA,RS,UTA,958.0,,32,37,-5
199804100UTA,RS,UTA,975.0,,32,39,-7
199804100UTA,RS,UTA,1007.0,,32,41,-9
199804100UTA,RS,UTA,1020.0,,34,41,-7
199804100UTA,RS,UTA,1049.0,,34,42,-8
199804100UTA,RS,UTA,1081.0,,34,43,-9
199804100UTA,RS,UTA,1081.0,,34,44,-10
199804100UTA,RS,UTA,1098.0,,36,44,-8
199804100UTA,RS,UTA,1113.0,,36,46,-10
199804100UTA,RS,UTA,1128.0,,39,46,-7
199804100UTA,RS,UTA,1147.0,,39,48,-9
199804100UTA,RS,UTA,1165.0,,42,48,-6
199804100UTA,RS,UTA,1188.0,,42,50,-8
199804100UTA,RS,UTA,1206.0,,43,50,-7
199804100UTA,RS,UTA,1221.0,,43,52,-9
199804100UTA,RS,UTA,1239.0,,45,52,-7
199804100UTA,RS,UTA,1272.0,,47,52,-5
199804100UTA,RS,UTA,1310.0,,47,54,-7
199804100UTA,RS,UTA,1367.0,,47,55,-8
199804100UTA,RS,UTA,1401.0,,47,56,-9
199804100UTA,RS,UTA,1401.0,,47,57,-10
199804100UTA,RS,UTA,1414.0,,47,58,-11
199804100UTA,RS,UTA,1435.0,,47,59,-12
199804100UTA,RS,UTA,1435.0,,47,60,-13
199804100UTA,RS,UTA,1474.0,,47,62,-15
199804100UTA,RS,UTA,1499.0,,47,63,-16
199804100UTA,RS,UTA,1534.0,,48,63,-15
199804100UTA,RS,UTA,1534.0,,49,63,-14
199804100UTA,RS,UTA,1585.0,,52,63,-11
199804100UTA,RS,UTA,1591.0,,52,65,-13
199804100UTA,RS,UTA,1609.0,,54,65,-11
199804100UTA,RS,UTA,1637.0,,54,67,-13
199804100UTA,RS,UTA,1656.0,,56,67,-11
199804100UTA,RS,UTA,1670.0,,56,69,-13
199804100UTA,RS,UTA,1720.0,,56,71,-15
199804100UTA,RS,UTA,1741.0,,58,71,-13
199804100UTA,RS,UTA,1753.0,,58,73,-15
199804100UTA,RS,UTA,1808.0,,60,73,-13
199804100UTA,RS,UTA,1825.0,,60,75,-15
199804100UTA,RS,UTA,1843.0,,62,75,-13
199804100UTA,RS,UTA,1864.0,,62,78,-16
199804100UTA,RS,UTA,1898.0,,62,80,-18
199804100UTA,RS,UTA,1915.0,,64,80,-16
199804100UTA,RS,UTA,1944.0,,67,80,-13
199804100UTA,RS,UTA,1965.0,,67,82,-15
199804100UTA,RS,UTA,2023.0,,68,82,-14
199804100UTA,RS,UTA,2036.0,,68,84,-16
199804100UTA,RS,UTA,2059.0,,69,84,-15
199804100UTA,RS,UTA,2059.0,,70,84,-14
199804100UTA,RS,UTA,2080.0,,70,87,-17
199804100UTA,RS,UTA,2090.0,,71,87,-16
199804100UTA,RS,UTA,2090.0,,72,87,-15
199804100UTA,RS,UTA,2100.0,,72,88,-16
199804100UTA,RS,UTA,2100.0,,72,89,-17
199804100UTA,RS,UTA,2109.0,,74,89,-15
199804100UTA,RS,UTA,2135.0,,74,91,-17
199804100UTA,RS,UTA,2158.0,,74,92,-18
199804100UTA,RS,UTA,2158.0,,74,93,-19
199804100UTA,RS,UTA,2169.0,,74,95,-21
199804100UTA,RS,UTA,2196.0,,76,95,-19
199804100UTA,RS,UTA,2247.0,,79,95,-16
199804100UTA,RS,UTA,2269.0,,79,98,-19
199804100UTA,RS,UTA,2297.0,,80,98,-18
199804100UTA,RS,UTA,2297.0,,81,98,-17
199804100UTA,RS,UTA,2312.0,,81,101,-20
199804100UTA,RS,UTA,2322.0,,83,101,-18
199804100UTA,RS,UTA,2336.0,,83,103,-20
199804100UTA,RS,UTA,2365.0,,83,105,-22
199804100UTA,RS,UTA,2386.0,,85,105,-20
199804100UTA,RS,UTA,2386.0,,86,105,-19
199804100UTA,RS,UTA,2398.0,,86,107,-21
199804100UTA,RS,UTA,2432.0,,86,109,-23
199804100UTA,RS,UTA,2478.0,,87,109,-22
199804100UTA,RS,UTA,2478.0,,88,109,-21
199804100UTA,RS,UTA,2493.0,,88,110,-22
199804100UTA,RS,UTA,2525.0,,88,112,-24
199804100UTA,RS,UTA,2526.0,,89,112,-23
199804100UTA,RS,UTA,2526.0,,90,112,-22
199804100UTA,RS,UTA,2555.0,,93,112,-19
199804100UTA,RS,UTA,2572.0,,93,114,-21
199804100UTA,RS,UTA,2610.0,,93,115,-22
199804100UTA,RS,UTA,2643.0,,95,115,-20
199804100UTA,RS,UTA,2660.0,,95,116,-21
199804100UTA,RS,UTA,2676.0,,97,116,-19
199804100UTA,RS,UTA,2695.0,,97,117,-20
199804100UTA,RS,UTA,2695.0,,97,118,-21
199804100UTA,RS,UTA,2707.0,,99,118,-19
199804100UTA,RS,UTA,2725.0,,99,120,-21
199804100UTA,RS,UTA,2749.0,,99,122,-23
199804100UTA,RS,UTA,2771.0,,101,122,-21
199804100UTA,RS,UTA,2805.0,,104,122,-18
199804100UTA,RS,UTA,2826.0,,106,122,-16
199804100UTA,RS,UTA,2839.0,,106,123,-17
199804100UTA,RS,UTA,2839.0,,106,124,-18
199804100UTA,RS,UTA,2870.0,F,106,126,-20
199804100UTA,RS,UTA,2880.0,,109,126,-17
199804130LAC,RS,MIN,0.0,,0,0,0
199804130LAC,RS,MIN,41.0,,2,0,2
199804130LAC,RS,MIN,52.0,T,2,2,0
199804130LAC,RS,MIN,72.0,LC,2,4,-2
199804130LAC,RS,MIN,93.0,LC,5,4,1
199804130LAC,RS,MIN,114.0,,7,4,3
199804130LAC,RS,MIN,131.0,,7,6,1
199804130LAC,RS,MIN,137.0,,8,6,2
199804130LAC,RS,MIN,137.0,,9,6,3
199804130LAC,RS,MIN,185.0,,11,6,5
199804130LAC,RS,MIN,216.0,,11,8,3
199804130LAC,RS,MIN,236.0,,13,8,5
199804130LAC,RS,MIN,258.0,,13,10,3
199804130LAC,RS,MIN,282.0,,15,10,5
199804130LAC,RS,MIN,295.0,,15,12,3
199804130LAC,RS,MIN,318.0,,17,12,5
199804130LAC,RS,MIN,354.0,,17,15,2
199804130LAC,RS,MIN,423.0,,17,16,1
199804130LAC,RS,MIN,423.0,T,17,17,0
199804130LAC,RS,MIN,455.0,LC,17,19,-2
199804130LAC,RS,MIN,471.0,T,19,19,0
199804130LAC,RS,MIN,505.0,LC,21,19,2
199804130LAC,RS,MIN,569.0,,23,19,4
199804130LAC,RS,MIN,588.0,,23,21,2
199804130LAC,RS,MIN,613.0,,24,21,3
199804130LAC,RS,MIN,613.0,,25,21,4
199804130LAC,RS,MIN,627.0,,25,23,2
199804130LAC,RS,MIN,639.0,,27,23,4
199804130LAC,RS,MIN,652.0,,27,25,2
199804130LAC,RS,MIN,691.0,,29,25,4
199804130LAC,RS,MIN,714.0,,29,28,1
199804130LAC,RS,MIN,738.0,,31,28,3
199804130LAC,RS,MIN,754.0,,31,30,1
199804130LAC,RS,MIN,823.0,,33,30,3
199804130LAC,RS,MIN,836.0,,33,31,2
199804130LAC,RS,MIN,862.0,T,33,33,0
199804130LAC,RS,MIN,876.0,,36,33,3
199804130LAC,RS,MIN,909.0,,39,33,6
199804130LAC,RS,MIN,927.0,,39,35,4
199804130LAC,RS,MIN,986.0,,39,37,2
199804130LAC,RS,MIN,1034.0,T,39,39,0
199804130LAC,RS,MIN,1069.0,LC,39,41,-2
199804130LAC,RS,MIN,1121.0,,39,43,-4
199804130LAC,RS,MIN,1144.0,,39,45,-6
199804130LAC,RS,MIN,1173.0,,40,45,-5
199804130LAC,RS,MIN,1173.0,,41,45,-4
199804130LAC,RS,MIN,1184.0,,41,48,-7
199804130LAC,RS,MIN,1210.0,,43,48,-5
199804130LAC,RS,MIN,1228.0,,44,48,-4
199804130LAC,RS,MIN,1228.0,,45,48,-3
199804130LAC,RS,MIN,1243.0,,45,50,-5
199804130LAC,RS,MIN,1271.0,,45,52,-7
199804130LAC,RS,MIN,1319.0,,45,53,-8
199804130LAC,RS,MIN,1372.0,,47,53,-6
199804130LAC,RS,MIN,1392.0,,47,54,-7
199804130LAC,RS,MIN,1427.0,,48,54,-6
199804130LAC,RS,MIN,1427.0,,49,54,-5
199804130LAC,RS,MIN,1438.0,,49,57,-8
199804130LAC,RS,MIN,1454.0,,51,57,-6
199804130LAC,RS,MIN,1518.0,,51,59,-8
199804130LAC,RS,MIN,1562.0,,53,59,-6
199804130LAC,RS,MIN,1594.0,,56,59,-3
199804130LAC,RS,MIN,1613.0,,56,61,-5
199804130LAC,RS,MIN,1687.0,,58,61,-3
199804130LAC,RS,MIN,1687.0,,59,61,-2
199804130LAC,RS,MIN,1702.0,,59,63,-4
199804130LAC,RS,MIN,1748.0,,61,63,-2
199804130LAC,RS,MIN,1769.0,,61,65,-4
199804130LAC,RS,MIN,1790.0,,63,65,-2
199804130LAC,RS,MIN,1808.0,,63,67,-4
199804130LAC,RS,MIN,1874.0,,63,69,-6
199804130LAC,RS,MIN,1895.0,,65,69,-4
199804130LAC,RS,MIN,1944.0,,65,72,-7
199804130LAC,RS,MIN,1986.0,,65,74,-9
199804130LAC,RS,MIN,2018.0,,65,76,-11
199804130LAC,RS,MIN,2047.0,,67,76,-9
199804130LAC,RS,MIN,2071.0,,67,77,-10
199804130LAC,RS,MIN,2071.0,,67,78,-11
199804130LAC,RS,MIN,2093.0,,69,78,-9
199804130LAC,RS,MIN,2110.0,,69,80,-11
199804130LAC,RS,MIN,2130.0,,69,82,-13
199804130LAC,RS,MIN,2146.0,,72,82,-10
199804130LAC,RS,MIN,2180.0,,74,82,-8
199804130LAC,RS,MIN,2244.0,,76,82,-6
199804130LAC,RS,MIN,2244.0,,77,82,-5
199804130LAC,RS,MIN,2267.0,,79,82,-3
199804130LAC,RS,MIN,2311.0,,79,84,-5
199804130LAC,RS,MIN,2311.0,,79,85,-6
199804130LAC,RS,MIN,2331.0,,81,85,-4
199804130LAC,RS,MIN,2340.0,,81,86,-5
199804130LAC,RS,MIN,2340.0,,81,87,-6
199804130LAC,RS,MIN,2374.0,,81,89,-8
199804130LAC,RS,MIN,2379.0,,82,89,-7
199804130LAC,RS,MIN,2414.0,,82,90,-8
199804130LAC,RS,MIN,2481.0,,84,90,-6
199804130LAC,RS,MIN,2502.0,,84,92,-8
199804130LAC,RS,MIN,2528.0,,84,94,-10
199804130LAC,RS,MIN,2572.0,,84,95,-11
199804130LAC,RS,MIN,2572.0,,84,96,-12
199804130LAC,RS,MIN,2646.0,,84,98,-14
199804130LAC,RS,MIN,2709.0,,86,98,-12
199804130LAC,RS,MIN,2783.0,,86,101,-15
199804130LAC,RS,MIN,2799.0,,86,103,-17
199804130LAC,RS,MIN,2846.0,,86,105,-19
199804130LAC,RS,MIN,2864.0,F,86,107,-21
199804130LAC,RS,MIN,2877.0,,88,107,-19
199804150LAC,RS,GSW,0.0,,0,0,0
199804150LAC,RS,GSW,11.0,,0,1,-1
199804150LAC,RS,GSW,57.0,LC,3,1,2
199804150LAC,RS,GSW,81.0,,6,1,5
199804150LAC,RS,GSW,102.0,,6,3,3
199804150LAC,RS,GSW,116.0,,8,3,5
199804150LAC,RS,GSW,137.0,,8,5,3
199804150LAC,RS,GSW,166.0,,8,7,1
199804150LAC,RS,GSW,209.0,LC,8,9,-1
199804150LAC,RS,GSW,230.0,LC,10,9,1
199804150LAC,RS,GSW,253.0,LC,10,11,-1
199804150LAC,RS,GSW,276.0,LC,12,11,1
199804150LAC,RS,GSW,276.0,,13,11,2
199804150LAC,RS,GSW,289.0,T,13,13,0
199804150LAC,RS,GSW,321.0,LC,13,15,-2
199804150LAC,RS,GSW,331.0,T,15,15,0
199804150LAC,RS,GSW,370.0,LC,17,15,2
199804150LAC,RS,GSW,401.0,,17,16,1
199804150LAC,RS,GSW,401.0,T,17,17,0
199804150LAC,RS,GSW,426.0,LC,17,20,-3
199804150LAC,RS,GSW,449.0,,19,20,-1
199804150LAC,RS,GSW,465.0,,19,22,-3
199804150LAC,RS,GSW,473.0,,21,22,-1
199804150LAC,RS,GSW,547.0,,21,24,-3
199804150LAC,RS,GSW,557.0,,23,24,-1
199804150LAC,RS,GSW,590.0,LC,25,24,1
199804150LAC,RS,GSW,651.0,LC,25,26,-1
199804150LAC,RS,GSW,705.0,LC,27,26,1
199804150LAC,RS,GSW,740.0,,29,26,3
199804150LAC,RS,GSW,777.0,,29,28,1
199804150LAC,RS,GSW,813.0,T,29,29,0
199804150LAC,RS,GSW,849.0,LC,29,30,-1
199804150LAC,RS,GSW,910.0,,29,31,-2
199804150LAC,RS,GSW,1002.0,,30,31,-1
199804150LAC,RS,GSW,1002.0,T,31,31,0
199804150LAC,RS,GSW,1032.0,,31,32,-1
199804150LAC,RS,GSW,1032.0,,31,33,-2
199804150LAC,RS,GSW,1087.0,T,33,33,0
199804150LAC,RS,GSW,1133.0,,33,35,-2
199804150LAC,RS,GSW,1210.0,T,35,35,0
199804150LAC,RS,GSW,1250.0,LC,37,35,2
199804150LAC,RS,GSW,1267.0,,37,36,1
199804150LAC,RS,GSW,1308.0,,38,36,2
199804150LAC,RS,GSW,1308.0,,39,36,3
199804150LAC,RS,GSW,1321.0,,39,37,2
199804150LAC,RS,GSW,1321.0,,39,38,1
199804150LAC,RS,GSW,1371.0,LC,39,40,-1
199804150LAC,RS,GSW,1371.0,,39,41,-2
199804150LAC,RS,GSW,1424.0,,39,43,-4
199804150LAC,RS,GSW,1438.0,,41,43,-2
199804150LAC,RS,GSW,1474.0,,41,45,-4
199804150LAC,RS,GSW,1491.0,,42,45,-3
199804150LAC,RS,GSW,1491.0,,43,45,-2
199804150LAC,RS,GSW,1511.0,,43,47,-4
199804150LAC,RS,GSW,1537.0,,43,49,-6
199804150LAC,RS,GSW,1602.0,,43,51,-8
199804150LAC,RS,GSW,1641.0,,43,53,-10
199804150LAC,RS,GSW,1661.0,,46,53,-7
199804150LAC,RS,GSW,1710.0,,48,53,-5
199804150LAC,RS,GSW,1724.0,,48,55,-7
199804150LAC,RS,GSW,1759.0,,48,57,-9
199804150LAC,RS,GSW,1791.0,,48,59,-11
199804150LAC,RS,GSW,1805.0,,50,59,-9
199804150LAC,RS,GSW,1847.0,,52,59,-7
199804150LAC,RS,GSW,1873.0,,52,61,-9
199804150LAC,RS,GSW,1895.0,,54,61,-7
199804150LAC,RS,GSW,1971.0,,56,61,-5
199804150LAC,RS,GSW,1992.0,,58,61,-3
199804150LAC,RS,GSW,2050.0,,58,63,-5
199804150LAC,RS,GSW,2083.0,,58,65,-7
199804150LAC,RS,GSW,2137.0,,58,67,-9
199804150LAC,RS,GSW,2177.0,,58,68,-10
199804150LAC,RS,GSW,2177.0,,58,69,-11
199804150LAC,RS,GSW,2232.0,,58,72,-14
199804150LAC,RS,GSW,2322.0,,59,72,-13
199804150LAC,RS,GSW,2322.0,,60,72,-12
199804150LAC,RS,GSW,2334.0,,60,74,-14
199804150LAC,RS,GSW,2373.0,,60,76,-16
199804150LAC,RS,GSW,2385.0,,62,76,-14
199804150LAC,RS,GSW,2407.0,,62,78,-16
199804150LAC,RS,GSW,2437.0,,63,78,-15
199804150LAC,RS,GSW,2495.0,,63,79,-16
199804150LAC,RS,GSW,2495.0,,63,80,-17
199804150LAC,RS,GSW,2504.0,,65,80,-15
199804150LAC,RS,GSW,2583.0,,66,80,-14
199804150LAC,RS,GSW,2622.0,,68,80,-12
199804150LAC,RS,GSW,2659.0,,70,80,-10
199804150LAC,RS,GSW,2688.0,,71,80,-9
199804150LAC,RS,GSW,2688.0,,72,80,-8
199804150LAC,RS,GSW,2710.0,,72,82,-10
199804150LAC,RS,GSW,2739.0,,75,82,-7
199804150LAC,RS,GSW,2777.0,,75,83,-8
199804150LAC,RS,GSW,2777.0,,75,84,-9
199804150LAC,RS,GSW,2789.0,,77,84,-7
199804150LAC,RS,GSW,2808.0,,78,84,-6
199804150LAC,RS,GSW,2813.0,,78,85,-7
199804150LAC,RS,GSW,2813.0,,78,86,-8
199804150LAC,RS,GSW,2829.0,,78,87,-9
199804150LAC,RS,GSW,2829.0,,78,88,-10
199804150LAC,RS,GSW,2833.0,,80,88,-8
199804150LAC,RS,GSW,2834.0,,80,89,-9
199804150LAC,RS,GSW,2834.0,,80,90,-10
199804150LAC,RS,GSW,2851.0,,80,91,-11
199804150LAC,RS,GSW,2851.0,F,80,92,-12
199804150LAC,RS,GSW,2862.0,,80,92,-12
199804160POR,RS,POR,0.0,,0,0,0
199804160POR,RS,POR,19.0,,0,1,-1
199804160POR,RS,POR,19.0,,0,2,-2
199804160POR,RS,POR,42.0,,0,4,-4
199804160POR,RS,POR,42.0,,0,5,-5
199804160POR,RS,POR,84.0,,0,7,-7
199804160POR,RS,POR,108.0,,2,7,-5
199804160POR,RS,POR,151.0,,2,9,-7
199804160POR,RS,POR,179.0,,2,11,-9
199804160POR,RS,POR,229.0,,4,11,-7
199804160POR,RS,POR,249.0,,4,14,-10
199804160POR,RS,POR,282.0,,4,16,-12
199804160POR,RS,POR,320.0,,6,16,-10
199804160POR,RS,POR,352.0,,8,16,-8
199804160POR,RS,POR,352.0,,9,16,-7
199804160POR,RS,POR,380.0,,9,18,-9
199804160POR,RS,POR,395.0,,11,18,-7
199804160POR,RS,POR,441.0,,11,21,-10
199804160POR,RS,POR,468.0,,13,21,-8
199804160POR,RS,POR,494.0,,13,23,-10
199804160POR,RS,POR,497.0,,14,23,-9
199804160POR,RS,POR,533.0,,14,26,-12
199804160POR,RS,POR,549.0,,16,26,-10
199804160POR,RS,POR,582.0,,16,27,-11
199804160POR,RS,POR,594.0,,18,27,-9
199804160POR,RS,POR,611.0,,18,29,-11
199804160POR,RS,POR,630.0,,20,29,-9
199804160POR,RS,POR,630.0,,21,29,-8
199804160POR,RS,POR,643.0,,21,30,-9
199804160POR,RS,POR,643.0,,21,31,-10
199804160POR,RS,POR,673.0,,23,31,-8
199804160POR,RS,POR,688.0,,23,33,-10
199804160POR,RS,POR,702.0,,25,33,-8
199804160POR,RS,POR,718.0,,25,35,-10
199804160POR,RS,POR,742.0,,27,35,-8
199804160POR,RS,POR,758.0,,27,37,-10
199804160POR,RS,POR,805.0,,29,37,-8
199804160POR,RS,POR,854.0,,29,39,-10
199804160POR,RS,POR,900.0,,29,41,-12
199804160POR,RS,POR,900.0,,29,42,-13
199804160POR,RS,POR,960.0,,31,42,-11
199804160POR,RS,POR,1000.0,,33,42,-9
199804160POR,RS,POR,1028.0,,35,42,-7
199804160POR,RS,POR,1060.0,,37,42,-5
199804160POR,RS,POR,1060.0,,38,42,-4
199804160POR,RS,POR,1128.0,,40,42,-2
199804160POR,RS,POR,1160.0,T,42,42,0
199804160POR,RS,POR,1175.0,,42,44,-2
199804160POR,RS,POR,1216.0,LC,45,44,1
199804160POR,RS,POR,1237.0,LC,45,46,-1
199804160POR,RS,POR,1266.0,,45,48,-3
199804160POR,RS,POR,1292.0,,47,48,-1
199804160POR,RS,POR,1313.0,,47,50,-3
199804160POR,RS,POR,1334.0,T,50,50,0
199804160POR,RS,POR,1362.0,LC,52,50,2
199804160POR,RS,POR,1478.0,,52,51,1
199804160POR,RS,POR,1523.0,,54,51,3
199804160POR,RS,POR,1553.0,,54,53,1
199804160POR,RS,POR,1729.0,LC,54,55,-1
199804160POR,RS,POR,1767.0,LC,56,55,1
199804160POR,RS,POR,1784.0,LC,56,57,-1
199804160POR,RS,POR,1821.0,,56,59,-3
199804160POR,RS,POR,1821.0,,56,60,-4
199804160POR,RS,POR,1835.0,,57,60,-3
199804160POR,RS,POR,1852.0,,57,62,-5
199804160POR,RS,POR,1877.0,,57,63,-6
199804160POR,RS,POR,1899.0,,59,63,-4
199804160POR,RS,POR,1932.0,,59,64,-5
199804160POR,RS,POR,1932.0,,59,65,-6
199804160POR,RS,POR,1971.0,,61,65,-4
199804160POR,RS,POR,1990.0,,61,67,-6
199804160POR,RS,POR,2021.0,,61,69,-8
199804160POR,RS,POR,2040.0,,64,69,-5
199804160POR,RS,POR,2056.0,,64,71,-7
199804160POR,RS,POR,2094.0,,64,72,-8
199804160POR,RS,POR,2094.0,,64,73,-9
199804160POR,RS,POR,2128.0,,64,74,-10
199804160POR,RS,POR,2128.0,,64,75,-11
199804160POR,RS,POR,2137.0,,66,75,-9
199804160POR,RS,POR,2158.0,,66,77,-11
199804160POR,RS,POR,2160.0,,68,77,-9
199804160POR,RS,POR,2227.0,,68,78,-10
199804160POR,RS,POR,2263.0,,68,81,-13
199804160POR,RS,POR,2279.0,,70,81,-11
199804160POR,RS,POR,2296.0,,70,83,-13
199804160POR,RS,POR,2296.0,,70,84,-14
199804160POR,RS,POR,2308.0,,71,84,-13
199804160POR,RS,POR,2323.0,,71,85,-14
199804160POR,RS,POR,2323.0,,71,86,-15
199804160POR,RS,POR,2368.0,,73,86,-13
199804160POR,RS,POR,2404.0,,75,86,-11
199804160POR,RS,POR,2468.0,,77,86,-9
199804160POR,RS,POR,2508.0,,79,86,-7
199804160POR,RS,POR,2543.0,,79,88,-9
199804160POR,RS,POR,2598.0,,79,90,-11
199804160POR,RS,POR,2697.0,,79,91,-12
199804160POR,RS,POR,2741.0,,79,93,-14
199804160POR,RS,POR,2764.0,,81,93,-12
199804160POR,RS,POR,2764.0,,82,93,-11
199804160POR,RS,POR,2783.0,,82,94,-12
199804160POR,RS,POR,2783.0,,82,95,-13
199804160POR,RS,POR,2795.0,,84,95,-11
199804160POR,RS,POR,2816.0,,84,97,-13
199804160POR,RS,POR,2823.0,,85,97,-12
199804160POR,RS,POR,2854.0,,87,97,-10
199804160POR,RS,POR,2856.0,,87,98,-11
199804160POR,RS,POR,2856.0,F,87,99,-12
199804160POR,RS,POR,2863.0,,90,99,-9
199804180LAC,RS,SAC,0.0,,0,0,0
199804180LAC,RS,SAC,43.0,,0,2,-2
199804180LAC,RS,SAC,65.0,,0,4,-4
199804180LAC,RS,SAC,119.0,,3,4,-1
199804180LAC,RS,SAC,146.0,,3,6,-3
199804180LAC,RS,SAC,191.0,,5,6,-1
199804180LAC,RS,SAC,212.0,,5,8,-3
199804180LAC,RS,SAC,247.0,,5,10,-5
199804180LAC,RS,SAC,279.0,,5,12,-7
199804180LAC,RS,SAC,302.0,,7,12,-5
199804180LAC,RS,SAC,313.0,,7,14,-7
199804180LAC,RS,SAC,333.0,,7,16,-9
199804180LAC,RS,SAC,374.0,,7,19,-12
199804180LAC,RS,SAC,415.0,,9,19,-10
199804180LAC,RS,SAC,439.0,,11,19,-8
199804180LAC,RS,SAC,454.0,,13,19,-6
199804180LAC,RS,SAC,487.0,,14,19,-5
199804180LAC,RS,SAC,487.0,,15,19,-4
199804180LAC,RS,SAC,518.0,,17,19,-2
199804180LAC,RS,SAC,549.0,,17,21,-4
199804180LAC,RS,SAC,605.0,,17,23,-6
199804180LAC,RS,SAC,643.0,,17,25,-8
199804180LAC,RS,SAC,655.0,,19,25,-6
199804180LAC,RS,SAC,662.0,,19,28,-9
199804180LAC,RS,SAC,677.0,,20,28,-8
199804180LAC,RS,SAC,704.0,,20,30,-10
199804180LAC,RS,SAC,720.0,,23,30,-7
199804180LAC,RS,SAC,800.0,,23,32,-9
199804180LAC,RS,SAC,828.0,,25,32,-7
199804180LAC,RS,SAC,885.0,,25,34,-9
199804180LAC,RS,SAC,945.0,,25,36,-11
199804180LAC,RS,SAC,973.0,,25,37,-12
199804180LAC,RS,SAC,1023.0,,25,39,-14
199804180LAC,RS,SAC,1058.0,,26,39,-13
199804180LAC,RS,SAC,1080.0,,28,39,-11
199804180LAC,RS,SAC,1115.0,,28,40,-12
199804180LAC,RS,SAC,1138.0,,30,40,-10
199804180LAC,RS,SAC,1161.0,,32,40,-8
199804180LAC,RS,SAC,1212.0,,32,42,-10
199804180LAC,RS,SAC,1242.0,,35,42,-7
199804180LAC,RS,SAC,1284.0,,35,44,-9
199804180LAC,RS,SAC,1318.0,,37,44,-7
199804180LAC,RS,SAC,1318.0,,38,44,-6
199804180LAC,RS,SAC,1328.0,,38,46,-8
199804180LAC,RS,SAC,1338.0,,39,46,-7
199804180LAC,RS,SAC,1387.0,,42,46,-4
199804180LAC,RS,SAC,1406.0,,42,48,-6
199804180LAC,RS,SAC,1407.0,,43,48,-5
199804180LAC,RS,SAC,1407.0,,44,48,-4
199804180LAC,RS,SAC,1422.0,,44,50,-6
199804180LAC,RS,SAC,1488.0,,46,50,-4
199804180LAC,RS,SAC,1567.0,,48,50,-2
199804180LAC,RS,SAC,1587.0,,48,51,-3
199804180LAC,RS,SAC,1599.0,,49,51,-2
199804180LAC,RS,SAC,1599.0,,50,51,-1
199804180LAC,RS,SAC,1624.0,,50,53,-3
199804180LAC,RS,SAC,1667.0,,50,55,-5
199804180LAC,RS,SAC,1728.0,,52,55,-3
199804180LAC,RS,SAC,1752.0,,52,57,-5
199804180LAC,RS,SAC,1782.0,,54,57,-3
199804180LAC,RS,SAC,1806.0,,54,59,-5
199804180LAC,RS,SAC,1845.0,,54,61,-7
199804180LAC,RS,SAC,1907.0,,54,63,-9
199804180LAC,RS,SAC,1947.0,,56,63,-7
199804180LAC,RS,SAC,1947.0,,57,63,-6
199804180LAC,RS,SAC,1983.0,,60,63,-3
199804180LAC,RS,SAC,2077.0,,60,65,-5
199804180LAC,RS,SAC,2133.0,,60,67,-7
199804180LAC,RS,SAC,2153.0,,63,67,-4
199804180LAC,RS,SAC,2255.0,,65,67,-2
199804180LAC,RS,SAC,2286.0,T,67,67,0
199804180LAC,RS,SAC,2286.0,LC,68,67,1
199804180LAC,RS,SAC,2307.0,LC,68,69,-1
199804180LAC,RS,SAC,2342.0,LC,70,69,1
199804180LAC,RS,SAC,2400.0,T,70,70,0
199804180LAC,RS,SAC,2400.0,LC,70,71,-1
199804180LAC,RS,SAC,2416.0,LC,72,71,1
199804180LAC,RS,SAC,2446.0,LC,72,73,-1
199804180LAC,RS,SAC,2523.0,LC,75,73,2
199804180LAC,RS,SAC,2559.0,,77,73,4
199804180LAC,RS,SAC,2650.0,,77,75,2
199804180LAC,RS,SAC,2676.0,,80,75,5
199804180LAC,RS,SAC,2722.0,,80,77,3
199804180LAC,RS,SAC,2859.0,,81,77,4
199804180LAC,RS,SAC,2859.0,,82,77,5
199804180LAC,RS,SAC,2869.0,F,83,77,6
199804180LAC,RS,SAC,2874.0,,83,77,6
