id,type,opponent,elapsedTime,event,teamScore,opponentScore,pointDifference
200210300POR,RS,LAL,0.0,,0,0,0
200210300POR,RS,LAL,24.0,,2,0,2
200210300POR,RS,LAL,35.0,T,2,2,0
200210300POR,RS,LAL,62.0,LC,2,4,-2
200210300POR,RS,LAL,117.0,T,4,4,0
200210300POR,RS,LAL,152.0,LC,6,4,2
200210300POR,RS,LAL,172.0,,8,4,4
200210300POR,RS,LAL,205.0,,10,4,6
200210300POR,RS,LAL,235.0,,10,6,4
200210300POR,RS,LAL,262.0,,12,6,6
200210300POR,RS,LAL,303.0,,12,9,3
200210300POR,RS,LAL,416.0,,14,9,5
200210300POR,RS,LAL,443.0,,14,10,4
200210300POR,RS,LAL,443.0,,14,11,3
200210300POR,RS,LAL,476.0,,16,11,5
200210300POR,RS,LAL,488.0,,16,14,2
200210300POR,RS,LAL,509.0,T,16,16,0
200210300POR,RS,LAL,527.0,,18,16,2
200210300POR,RS,LAL,542.0,T,18,18,0
200210300POR,RS,LAL,575.0,LC,18,20,-2
200210300POR,RS,LAL,625.0,T,20,20,0
200210300POR,RS,LAL,649.0,,20,23,-3
200210300POR,RS,LAL,710.0,,21,23,-2
200210300POR,RS,LAL,733.0,,21,25,-4
200210300POR,RS,LAL,773.0,,23,25,-2
200210300POR,RS,LAL,799.0,,23,26,-3
200210300POR,RS,LAL,848.0,,24,26,-2
200210300POR,RS,LAL,848.0,,25,26,-1
200210300POR,RS,LAL,876.0,LC,27,26,1
200210300POR,RS,LAL,898.0,LC,27,28,-1
200210300POR,RS,LAL,898.0,,27,29,-2
200210300POR,RS,LAL,920.0,T,29,29,0
200210300POR,RS,LAL,940.0,LC,31,29,2
200210300POR,RS,LAL,980.0,,33,29,4
200210300POR,RS,LAL,1012.0,,35,29,6
200210300POR,RS,LAL,1027.0,,36,29,7
200210300POR,RS,LAL,1040.0,,37,29,8
200210300POR,RS,LAL,1059.0,,38,29,9
200210300POR,RS,LAL,1074.0,,40,29,11
200210300POR,RS,LAL,1104.0,,42,29,13
200210300POR,RS,LAL,1124.0,,43,29,14
200210300POR,RS,LAL,1124.0,,44,29,15
200210300POR,RS,LAL,1149.0,,46,29,17
200210300POR,RS,LAL,1149.0,,47,29,18
200210300POR,RS,LAL,1160.0,,47,30,17
200210300POR,RS,LAL,1160.0,,47,31,16
200210300POR,RS,LAL,1218.0,,48,31,17
200210300POR,RS,LAL,1218.0,,49,31,18
200210300POR,RS,LAL,1238.0,,49,34,15
200210300POR,RS,LAL,1249.0,,52,34,18
200210300POR,RS,LAL,1272.0,,53,34,19
200210300POR,RS,LAL,1290.0,,56,34,22
200210300POR,RS,LAL,1307.0,,56,35,21
200210300POR,RS,LAL,1307.0,,56,36,20
200210300POR,RS,LAL,1321.0,,56,38,18
200210300POR,RS,LAL,1321.0,,56,39,17
200210300POR,RS,LAL,1334.0,,58,39,19
200210300POR,RS,LAL,1408.6,,58,40,18
200210300POR,RS,LAL,1427.6,,60,40,20
200210300POR,RS,LAL,1460.0,,60,42,18
200210300POR,RS,LAL,1512.0,,61,42,19
200210300POR,RS,LAL,1512.0,,62,42,20
200210300POR,RS,LAL,1534.0,,64,42,22
200210300POR,RS,LAL,1562.0,,64,44,20
200210300POR,RS,LAL,1605.0,,64,46,18
200210300POR,RS,LAL,1622.0,,65,46,19
200210300POR,RS,LAL,1622.0,,66,46,20
200210300POR,RS,LAL,1748.0,,68,46,22
200210300POR,RS,LAL,1766.0,,68,48,20
200210300POR,RS,LAL,1781.0,,70,48,22
200210300POR,RS,LAL,1799.0,,70,50,20
200210300POR,RS,LAL,1879.0,,72,50,22
200210300POR,RS,LAL,1907.0,,72,52,20
200210300POR,RS,LAL,1933.0,,74,52,22
200210300POR,RS,LAL,1960.0,,74,54,20
200210300POR,RS,LAL,2005.0,,77,54,23
200210300POR,RS,LAL,2023.0,,77,56,21
200210300POR,RS,LAL,2041.0,,79,56,23
200210300POR,RS,LAL,2068.0,,79,59,20
200210300POR,RS,LAL,2093.0,,82,59,23
200210300POR,RS,LAL,2142.7,,82,61,21
200210300POR,RS,LAL,2156.6,,84,61,23
200210300POR,RS,LAL,2188.0,,84,62,22
200210300POR,RS,LAL,2218.0,,86,62,24
200210300POR,RS,LAL,2237.0,,86,64,22
200210300POR,RS,LAL,2269.0,,86,66,20
200210300POR,RS,LAL,2346.0,,88,66,22
200210300POR,RS,LAL,2388.0,,88,68,20
200210300POR,RS,LAL,2404.0,,89,68,21
200210300POR,RS,LAL,2410.0,,89,70,19
200210300POR,RS,LAL,2439.0,,90,70,20
200210300POR,RS,LAL,2458.0,,90,72,18
200210300POR,RS,LAL,2471.0,,91,72,19
200210300POR,RS,LAL,2521.0,,91,74,17
200210300POR,RS,LAL,2537.0,,93,74,19
200210300POR,RS,LAL,2546.0,,93,76,17
200210300POR,RS,LAL,2561.0,,95,76,19
200210300POR,RS,LAL,2576.0,,95,78,17
200210300POR,RS,LAL,2576.0,,95,79,16
200210300POR,RS,LAL,2606.0,,95,81,14
200210300POR,RS,LAL,2623.0,,97,81,16
200210300POR,RS,LAL,2647.0,,99,81,18
200210300POR,RS,LAL,2692.0,,99,83,16
200210300POR,RS,LAL,2732.0,,99,85,14
200210300POR,RS,LAL,2757.0,,99,86,13
200210300POR,RS,LAL,2757.0,,99,87,12
200210300POR,RS,LAL,2769.0,,100,87,13
200210300POR,RS,LAL,2843.0,,102,87,15
200210300POR,RS,LAL,2879.7,F,102,90,12
200210300POR,RS,LAL,2880.0,,102,90,12
200210310SAC,RS,SAC,0.0,,0,0,0
200210310SAC,RS,SAC,42.0,,0,2,-2
200210310SAC,RS,SAC,94.0,,0,4,-4
200210310SAC,RS,SAC,201.0,,2,4,-2
200210310SAC,RS,SAC,220.0,,2,6,-4
200210310SAC,RS,SAC,264.0,,2,7,-5
200210310SAC,RS,SAC,280.0,,4,7,-3
200210310SAC,RS,SAC,298.0,,4,9,-5
200210310SAC,RS,SAC,351.0,,4,10,-6
200210310SAC,RS,SAC,371.0,,6,10,-4
200210310SAC,RS,SAC,382.0,,6,11,-5
200210310SAC,RS,SAC,382.0,,6,12,-6
200210310SAC,RS,SAC,449.0,,8,12,-4
200210310SAC,RS,SAC,459.0,,8,14,-6
200210310SAC,RS,SAC,479.0,,10,14,-4
200210310SAC,RS,SAC,479.0,,11,14,-3
200210310SAC,RS,SAC,514.0,,13,14,-1
200210310SAC,RS,SAC,540.0,,13,16,-3
200210310SAC,RS,SAC,568.0,,13,18,-5
200210310SAC,RS,SAC,667.6,,13,19,-6
200210310SAC,RS,SAC,667.6,,13,20,-7
200210310SAC,RS,SAC,784.0,,15,20,-5
200210310SAC,RS,SAC,855.0,,15,22,-7
200210310SAC,RS,SAC,893.0,,15,24,-9
200210310SAC,RS,SAC,893.0,,15,25,-10
200210310SAC,RS,SAC,912.0,,17,25,-8
200210310SAC,RS,SAC,928.0,,17,27,-10
200210310SAC,RS,SAC,943.0,,19,27,-8
200210310SAC,RS,SAC,943.0,,20,27,-7
200210310SAC,RS,SAC,956.0,,20,29,-9
200210310SAC,RS,SAC,956.0,,20,30,-10
200210310SAC,RS,SAC,974.0,,22,30,-8
200210310SAC,RS,SAC,987.0,,22,32,-10
200210310SAC,RS,SAC,1045.0,,22,34,-12
200210310SAC,RS,SAC,1098.0,,24,34,-10
200210310SAC,RS,SAC,1114.0,,24,36,-12
200210310SAC,RS,SAC,1145.0,,26,36,-10
200210310SAC,RS,SAC,1164.0,,26,38,-12
200210310SAC,RS,SAC,1186.0,,26,39,-13
200210310SAC,RS,SAC,1202.0,,28,39,-11
200210310SAC,RS,SAC,1258.0,,30,39,-9
200210310SAC,RS,SAC,1277.0,,30,40,-10
200210310SAC,RS,SAC,1277.0,,30,41,-11
200210310SAC,RS,SAC,1293.0,,32,41,-9
200210310SAC,RS,SAC,1341.0,,32,42,-10
200210310SAC,RS,SAC,1341.0,,32,43,-11
200210310SAC,RS,SAC,1398.7,,34,43,-9
200210310SAC,RS,SAC,1412.9,,34,44,-10
200210310SAC,RS,SAC,1435.4,,36,44,-8
200210310SAC,RS,SAC,1439.1,,36,47,-11
200210310SAC,RS,SAC,1486.0,,36,49,-13
200210310SAC,RS,SAC,1567.0,,36,51,-15
200210310SAC,RS,SAC,1606.0,,36,52,-16
200210310SAC,RS,SAC,1606.0,,36,53,-17
200210310SAC,RS,SAC,1618.0,,38,53,-15
200210310SAC,RS,SAC,1640.0,,40,53,-13
200210310SAC,RS,SAC,1691.0,,40,54,-14
200210310SAC,RS,SAC,1697.0,,40,55,-15
200210310SAC,RS,SAC,1697.0,,40,56,-16
200210310SAC,RS,SAC,1709.0,,40,57,-17
200210310SAC,RS,SAC,1709.0,,40,58,-18
200210310SAC,RS,SAC,1739.0,,40,61,-21
200210310SAC,RS,SAC,1784.0,,40,63,-23
200210310SAC,RS,SAC,1814.0,,40,65,-25
200210310SAC,RS,SAC,1830.0,,42,65,-23
200210310SAC,RS,SAC,1861.0,,44,65,-21
200210310SAC,RS,SAC,1861.0,,45,65,-20
200210310SAC,RS,SAC,1889.0,,45,67,-22
200210310SAC,RS,SAC,1929.0,,47,67,-20
200210310SAC,RS,SAC,1988.0,,50,67,-17
200210310SAC,RS,SAC,2008.0,,50,69,-19
200210310SAC,RS,SAC,2031.0,,52,69,-17
200210310SAC,RS,SAC,2070.0,,52,71,-19
200210310SAC,RS,SAC,2090.0,,54,71,-17
200210310SAC,RS,SAC,2113.6,,54,73,-19
200210310SAC,RS,SAC,2154.0,,55,73,-18
200210310SAC,RS,SAC,2159.8,,55,75,-20
200210310SAC,RS,SAC,2255.0,,55,77,-22
200210310SAC,RS,SAC,2316.0,,55,79,-24
200210310SAC,RS,SAC,2334.0,,57,79,-22
200210310SAC,RS,SAC,2346.0,,57,82,-25
200210310SAC,RS,SAC,2378.0,,60,82,-22
200210310SAC,RS,SAC,2421.0,,60,84,-24
200210310SAC,RS,SAC,2463.0,,60,86,-26
200210310SAC,RS,SAC,2485.0,,62,86,-24
200210310SAC,RS,SAC,2501.0,,62,88,-26
200210310SAC,RS,SAC,2598.0,,64,88,-24
200210310SAC,RS,SAC,2620.0,,64,90,-26
200210310SAC,RS,SAC,2659.0,,65,90,-25
200210310SAC,RS,SAC,2659.0,,66,90,-24
200210310SAC,RS,SAC,2690.0,,68,90,-22
200210310SAC,RS,SAC,2711.0,,68,93,-25
200210310SAC,RS,SAC,2747.0,,68,96,-28
200210310SAC,RS,SAC,2766.0,,70,96,-26
200210310SAC,RS,SAC,2792.0,,71,96,-25
200210310SAC,RS,SAC,2805.0,,71,98,-27
200210310SAC,RS,SAC,2875.3,,71,100,-29
200210310SAC,RS,SAC,2876.1,F,72,100,-28
200210310SAC,RS,SAC,2880.0,,72,100,-28
200211020POR,RS,DEN,0.0,,0,0,0
200211020POR,RS,DEN,17.0,,0,2,-2
200211020POR,RS,DEN,45.0,T,2,2,0
200211020POR,RS,DEN,91.0,LC,4,2,2
200211020POR,RS,DEN,123.0,,7,2,5
200211020POR,RS,DEN,133.0,,7,4,3
200211020POR,RS,DEN,155.0,,9,4,5
200211020POR,RS,DEN,186.0,,9,7,2
200211020POR,RS,DEN,234.0,,11,7,4
200211020POR,RS,DEN,261.0,,13,7,6
200211020POR,RS,DEN,334.0,,13,9,4
200211020POR,RS,DEN,351.0,,14,9,5
200211020POR,RS,DEN,428.0,,14,11,3
200211020POR,RS,DEN,455.0,,14,13,1
200211020POR,RS,DEN,481.0,LC,14,15,-1
200211020POR,RS,DEN,496.0,T,15,15,0
200211020POR,RS,DEN,511.0,,15,17,-2
200211020POR,RS,DEN,531.0,,15,19,-4
200211020POR,RS,DEN,577.0,,17,19,-2
200211020POR,RS,DEN,596.0,,17,21,-4
200211020POR,RS,DEN,615.0,,19,21,-2
200211020POR,RS,DEN,638.0,,19,23,-4
200211020POR,RS,DEN,650.0,,20,23,-3
200211020POR,RS,DEN,672.5,,21,23,-2
200211020POR,RS,DEN,672.5,,22,23,-1
200211020POR,RS,DEN,716.1,,22,25,-3
200211020POR,RS,DEN,774.0,,24,25,-1
200211020POR,RS,DEN,799.0,,24,27,-3
200211020POR,RS,DEN,815.0,,25,27,-2
200211020POR,RS,DEN,815.0,,26,27,-1
200211020POR,RS,DEN,835.0,,26,29,-3
200211020POR,RS,DEN,870.0,,26,31,-5
200211020POR,RS,DEN,889.0,,28,31,-3
200211020POR,RS,DEN,915.0,,29,31,-2
200211020POR,RS,DEN,927.0,T,31,31,0
200211020POR,RS,DEN,951.0,,31,33,-2
200211020POR,RS,DEN,1008.0,T,33,33,0
200211020POR,RS,DEN,1026.0,,33,36,-3
200211020POR,RS,DEN,1047.0,T,36,36,0
200211020POR,RS,DEN,1075.0,LC,37,36,1
200211020POR,RS,DEN,1115.0,T,37,37,0
200211020POR,RS,DEN,1166.0,,38,37,1
200211020POR,RS,DEN,1205.0,,39,37,2
200211020POR,RS,DEN,1221.0,T,39,39,0
200211020POR,RS,DEN,1267.0,,41,39,2
200211020POR,RS,DEN,1286.0,T,41,41,0
200211020POR,RS,DEN,1316.0,LC,41,43,-2
200211020POR,RS,DEN,1346.0,LC,44,43,1
200211020POR,RS,DEN,1380.2,,46,43,3
200211020POR,RS,DEN,1402.8,,49,43,6
200211020POR,RS,DEN,1484.0,,49,45,4
200211020POR,RS,DEN,1542.0,,49,47,2
200211020POR,RS,DEN,1585.0,T,49,49,0
200211020POR,RS,DEN,1607.0,,51,49,2
200211020POR,RS,DEN,1653.0,T,51,51,0
200211020POR,RS,DEN,1709.0,LC,51,53,-2
200211020POR,RS,DEN,1742.0,,51,55,-4
200211020POR,RS,DEN,1776.0,,53,55,-2
200211020POR,RS,DEN,1792.0,,53,57,-4
200211020POR,RS,DEN,1857.0,,55,57,-2
200211020POR,RS,DEN,1874.0,,55,59,-4
200211020POR,RS,DEN,1924.0,,58,59,-1
200211020POR,RS,DEN,1944.0,,58,61,-3
200211020POR,RS,DEN,1968.0,,60,61,-1
200211020POR,RS,DEN,2050.0,,60,63,-3
200211020POR,RS,DEN,2073.0,,62,63,-1
200211020POR,RS,DEN,2084.0,,62,65,-3
200211020POR,RS,DEN,2100.0,,62,66,-4
200211020POR,RS,DEN,2117.0,,62,68,-6
200211020POR,RS,DEN,2157.8,,63,68,-5
200211020POR,RS,DEN,2179.0,,63,70,-7
200211020POR,RS,DEN,2231.0,,63,72,-9
200211020POR,RS,DEN,2247.0,,64,72,-8
200211020POR,RS,DEN,2247.0,,65,72,-7
200211020POR,RS,DEN,2262.0,,65,74,-9
200211020POR,RS,DEN,2290.0,,65,76,-11
200211020POR,RS,DEN,2327.0,,65,78,-13
200211020POR,RS,DEN,2416.0,,65,80,-15
200211020POR,RS,DEN,2431.0,,67,80,-13
200211020POR,RS,DEN,2503.0,,67,82,-15
200211020POR,RS,DEN,2523.0,,67,84,-17
200211020POR,RS,DEN,2523.0,,67,85,-18
200211020POR,RS,DEN,2582.0,,69,85,-16
200211020POR,RS,DEN,2595.0,,69,87,-18
200211020POR,RS,DEN,2615.0,,71,87,-16
200211020POR,RS,DEN,2649.0,,73,87,-14
200211020POR,RS,DEN,2691.0,,73,89,-16
200211020POR,RS,DEN,2728.0,,73,91,-18
200211020POR,RS,DEN,2750.0,,76,91,-15
200211020POR,RS,DEN,2772.0,,76,93,-17
200211020POR,RS,DEN,2794.0,,79,93,-14
200211020POR,RS,DEN,2834.6,F,79,96,-17
200211020POR,RS,DEN,2880.0,,79,96,-17
200211030LAL,RS,LAL,0.0,,0,0,0
200211030LAL,RS,LAL,36.0,,2,0,2
200211030LAL,RS,LAL,89.0,,2,1,1
200211030LAL,RS,LAL,104.0,,4,1,3
200211030LAL,RS,LAL,137.0,,6,1,5
200211030LAL,RS,LAL,152.0,,6,3,3
200211030LAL,RS,LAL,182.0,,6,4,2
200211030LAL,RS,LAL,182.0,,6,5,1
200211030LAL,RS,LAL,232.0,,8,5,3
200211030LAL,RS,LAL,278.0,,10,5,5
200211030LAL,RS,LAL,300.0,,10,7,3
200211030LAL,RS,LAL,324.0,,12,7,5
200211030LAL,RS,LAL,368.0,,12,9,3
200211030LAL,RS,LAL,474.0,,12,10,2
200211030LAL,RS,LAL,474.0,,12,11,1
200211030LAL,RS,LAL,502.0,LC,12,13,-1
200211030LAL,RS,LAL,527.0,,12,14,-2
200211030LAL,RS,LAL,527.0,,12,15,-3
200211030LAL,RS,LAL,553.0,,12,18,-6
200211030LAL,RS,LAL,586.0,,12,19,-7
200211030LAL,RS,LAL,705.0,,15,19,-4
200211030LAL,RS,LAL,783.0,,17,19,-2
200211030LAL,RS,LAL,802.0,,17,21,-4
200211030LAL,RS,LAL,830.0,,18,21,-3
200211030LAL,RS,LAL,830.0,,19,21,-2
200211030LAL,RS,LAL,841.0,,19,22,-3
200211030LAL,RS,LAL,859.0,,21,22,-1
200211030LAL,RS,LAL,921.0,,21,24,-3
200211030LAL,RS,LAL,979.0,,23,24,-1
200211030LAL,RS,LAL,1061.0,LC,25,24,1
200211030LAL,RS,LAL,1128.0,,27,24,3
200211030LAL,RS,LAL,1170.0,,28,24,4
200211030LAL,RS,LAL,1170.0,,29,24,5
200211030LAL,RS,LAL,1184.0,,29,26,3
200211030LAL,RS,LAL,1228.0,,31,26,5
200211030LAL,RS,LAL,1243.0,,31,29,2
200211030LAL,RS,LAL,1269.0,,33,29,4
200211030LAL,RS,LAL,1291.0,,33,30,3
200211030LAL,RS,LAL,1291.0,,33,31,2
200211030LAL,RS,LAL,1305.0,,34,31,3
200211030LAL,RS,LAL,1305.0,,35,31,4
200211030LAL,RS,LAL,1318.0,,35,33,2
200211030LAL,RS,LAL,1338.0,,37,33,4
200211030LAL,RS,LAL,1354.0,,38,33,5
200211030LAL,RS,LAL,1398.7,,38,36,2
200211030LAL,RS,LAL,1419.9,LC,38,39,-1
200211030LAL,RS,LAL,1496.0,LC,40,39,1
200211030LAL,RS,LAL,1511.0,LC,40,41,-1
200211030LAL,RS,LAL,1532.0,LC,43,41,2
200211030LAL,RS,LAL,1556.0,T,43,43,0
200211030LAL,RS,LAL,1579.0,LC,43,45,-2
200211030LAL,RS,LAL,1603.0,,44,45,-1
200211030LAL,RS,LAL,1603.0,T,45,45,0
200211030LAL,RS,LAL,1625.0,LC,47,45,2
200211030LAL,RS,LAL,1703.0,T,47,47,0
200211030LAL,RS,LAL,1722.0,,50,47,3
200211030LAL,RS,LAL,1783.0,,50,49,1
200211030LAL,RS,LAL,1827.0,,52,49,3
200211030LAL,RS,LAL,1858.0,,53,49,4
200211030LAL,RS,LAL,1858.0,,54,49,5
200211030LAL,RS,LAL,1887.0,,54,51,3
200211030LAL,RS,LAL,1933.0,,56,51,5
200211030LAL,RS,LAL,1985.0,,56,53,3
200211030LAL,RS,LAL,2036.0,,58,53,5
200211030LAL,RS,LAL,2056.0,,60,53,7
200211030LAL,RS,LAL,2081.0,,60,55,5
200211030LAL,RS,LAL,2159.9,,60,58,2
200211030LAL,RS,LAL,2218.0,,62,58,4
200211030LAL,RS,LAL,2272.0,,62,59,3
200211030LAL,RS,LAL,2275.0,,62,61,1
200211030LAL,RS,LAL,2293.0,,64,61,3
200211030LAL,RS,LAL,2306.0,,64,62,2
200211030LAL,RS,LAL,2328.0,,66,62,4
200211030LAL,RS,LAL,2348.0,,67,62,5
200211030LAL,RS,LAL,2373.0,,67,64,3
200211030LAL,RS,LAL,2399.0,,68,64,4
200211030LAL,RS,LAL,2399.0,,69,64,5
200211030LAL,RS,LAL,2451.0,,71,64,7
200211030LAL,RS,LAL,2496.0,,71,67,4
200211030LAL,RS,LAL,2514.0,,73,67,6
200211030LAL,RS,LAL,2531.0,,73,69,4
200211030LAL,RS,LAL,2555.0,,75,69,6
200211030LAL,RS,LAL,2569.0,,77,69,8
200211030LAL,RS,LAL,2586.0,,77,71,6
200211030LAL,RS,LAL,2633.0,,78,71,7
200211030LAL,RS,LAL,2650.0,,78,73,5
200211030LAL,RS,LAL,2673.0,,80,73,7
200211030LAL,RS,LAL,2686.0,,80,74,6
200211030LAL,RS,LAL,2686.0,,80,75,5
200211030LAL,RS,LAL,2778.0,,80,77,3
200211030LAL,RS,LAL,2792.0,,81,77,4
200211030LAL,RS,LAL,2798.0,,81,79,2
200211030LAL,RS,LAL,2825.2,T,81,81,0
200211030LAL,RS,LAL,2844.4,LC,81,83,-2
200211030LAL,RS,LAL,2853.5,,82,83,-1
200211030LAL,RS,LAL,2853.5,T,83,83,0
200211030LAL,RS,LAL,2875.5,,83,84,-1
200211030LAL,RS,LAL,2875.5,,83,85,-2
200211030LAL,RS,LAL,2879.9,T,85,85,0
200211030LAL,RS,LAL,2898.0,,85,87,-2
200211030LAL,RS,LAL,2955.0,,85,89,-4
200211030LAL,RS,LAL,2987.0,,85,92,-7
200211030LAL,RS,LAL,3006.0,,87,92,-5
200211030LAL,RS,LAL,3036.0,,90,92,-2
200211030LAL,RS,LAL,3061.0,,90,94,-4
200211030LAL,RS,LAL,3072.0,,92,94,-2
200211030LAL,RS,LAL,3072.0,,93,94,-1
200211030LAL,RS,LAL,3095.0,,93,96,-3
200211030LAL,RS,LAL,3111.0,,94,96,-2
200211030LAL,RS,LAL,3111.0,,95,96,-1
200211030LAL,RS,LAL,3163.3,,95,97,-2
200211030LAL,RS,LAL,3163.3,F,95,98,-3
200211030LAL,RS,LAL,3180.0,,95,98,-3
200211060POR,RS,MEM,0.0,,0,0,0
200211060POR,RS,MEM,14.0,,2,0,2
200211060POR,RS,MEM,34.0,T,2,2,0
200211060POR,RS,MEM,50.0,,4,2,2
200211060POR,RS,MEM,84.0,,6,2,4
200211060POR,RS,MEM,103.0,,8,2,6
200211060POR,RS,MEM,153.0,,10,2,8
200211060POR,RS,MEM,173.0,,10,4,6
200211060POR,RS,MEM,218.0,,10,5,5
200211060POR,RS,MEM,218.0,,10,6,4
200211060POR,RS,MEM,237.0,,11,6,5
200211060POR,RS,MEM,237.0,,12,6,6
200211060POR,RS,MEM,266.0,,12,8,4
200211060POR,RS,MEM,296.0,,12,10,2
200211060POR,RS,MEM,331.0,,14,10,4
200211060POR,RS,MEM,354.0,,16,10,6
200211060POR,RS,MEM,383.0,,16,12,4
200211060POR,RS,MEM,398.0,,18,12,6
200211060POR,RS,MEM,418.0,,18,14,4
200211060POR,RS,MEM,429.0,,20,14,6
200211060POR,RS,MEM,454.0,,20,16,4
200211060POR,RS,MEM,470.0,,22,16,6
200211060POR,RS,MEM,553.0,,24,16,8
200211060POR,RS,MEM,572.0,,24,17,7
200211060POR,RS,MEM,572.0,,24,18,6
200211060POR,RS,MEM,591.0,,26,18,8
200211060POR,RS,MEM,627.0,,26,20,6
200211060POR,RS,MEM,669.1,,28,20,8
200211060POR,RS,MEM,699.0,,28,21,7
200211060POR,RS,MEM,699.0,,28,22,6
200211060POR,RS,MEM,717.8,,29,22,7
200211060POR,RS,MEM,755.0,,30,22,8
200211060POR,RS,MEM,755.0,,31,22,9
200211060POR,RS,MEM,772.0,,31,24,7
200211060POR,RS,MEM,817.0,,31,27,4
200211060POR,RS,MEM,845.0,,33,27,6
200211060POR,RS,MEM,873.0,,35,27,8
200211060POR,RS,MEM,888.0,,35,28,7
200211060POR,RS,MEM,906.0,,36,28,8
200211060POR,RS,MEM,906.0,,37,28,9
200211060POR,RS,MEM,920.0,,37,30,7
200211060POR,RS,MEM,954.0,,37,31,6
200211060POR,RS,MEM,954.0,,37,32,5
200211060POR,RS,MEM,1031.0,,39,32,7
200211060POR,RS,MEM,1079.0,,39,34,5
200211060POR,RS,MEM,1102.0,,39,36,3
200211060POR,RS,MEM,1122.0,,39,38,1
200211060POR,RS,MEM,1177.0,,41,38,3
200211060POR,RS,MEM,1194.0,,41,40,1
200211060POR,RS,MEM,1223.0,LC,41,42,-1
200211060POR,RS,MEM,1223.0,,41,43,-2
200211060POR,RS,MEM,1288.0,,41,45,-4
200211060POR,RS,MEM,1359.0,,41,46,-5
200211060POR,RS,MEM,1393.3,,41,48,-7
200211060POR,RS,MEM,1428.3,,43,48,-5
200211060POR,RS,MEM,1472.0,,45,48,-3
200211060POR,RS,MEM,1494.0,,45,50,-5
200211060POR,RS,MEM,1528.0,,47,50,-3
200211060POR,RS,MEM,1544.0,,47,51,-4
200211060POR,RS,MEM,1554.0,,49,51,-2
200211060POR,RS,MEM,1621.0,T,51,51,0
200211060POR,RS,MEM,1676.0,LC,53,51,2
200211060POR,RS,MEM,1743.0,,55,51,4
200211060POR,RS,MEM,1780.0,,55,54,1
200211060POR,RS,MEM,1804.0,,57,54,3
200211060POR,RS,MEM,1810.0,,57,56,1
200211060POR,RS,MEM,1848.0,LC,57,58,-1
200211060POR,RS,MEM,1870.0,,57,61,-4
200211060POR,RS,MEM,1887.0,,58,61,-3
200211060POR,RS,MEM,1887.0,,59,61,-2
200211060POR,RS,MEM,1903.0,,59,63,-4
200211060POR,RS,MEM,1959.0,,62,63,-1
200211060POR,RS,MEM,2001.0,,62,65,-3
200211060POR,RS,MEM,2009.0,,64,65,-1
200211060POR,RS,MEM,2033.0,,64,67,-3
200211060POR,RS,MEM,2054.0,,66,67,-1
200211060POR,RS,MEM,2078.0,,66,69,-3
200211060POR,RS,MEM,2091.0,,68,69,-1
200211060POR,RS,MEM,2126.8,LC,70,69,1
200211060POR,RS,MEM,2197.0,LC,70,71,-1
200211060POR,RS,MEM,2301.0,LC,72,71,1
200211060POR,RS,MEM,2333.0,,74,71,3
200211060POR,RS,MEM,2451.0,,76,71,5
200211060POR,RS,MEM,2508.0,,78,71,7
200211060POR,RS,MEM,2544.0,,80,71,9
200211060POR,RS,MEM,2564.0,,82,71,11
200211060POR,RS,MEM,2621.0,,82,73,9
200211060POR,RS,MEM,2644.0,,82,75,7
200211060POR,RS,MEM,2668.0,,83,75,8
200211060POR,RS,MEM,2708.0,,85,75,10
200211060POR,RS,MEM,2731.0,,85,77,8
200211060POR,RS,MEM,2756.0,,87,77,10
200211060POR,RS,MEM,2767.0,,87,80,7
200211060POR,RS,MEM,2796.0,,87,82,5
200211060POR,RS,MEM,2796.0,,87,83,4
200211060POR,RS,MEM,2821.4,,89,83,6
200211060POR,RS,MEM,2852.7,,90,83,7
200211060POR,RS,MEM,2852.7,,91,83,8
200211060POR,RS,MEM,2858.0,,92,83,9
200211060POR,RS,MEM,2862.4,,92,86,6
200211060POR,RS,MEM,2864.2,,94,86,8
200211060POR,RS,MEM,2870.4,F,94,88,6
200211060POR,RS,MEM,2880.0,,94,88,6
200211080PHO,RS,PHO,0.0,,0,0,0
200211080PHO,RS,PHO,43.0,,2,0,2
200211080PHO,RS,PHO,92.0,T,2,2,0
200211080PHO,RS,PHO,114.0,,4,2,2
200211080PHO,RS,PHO,150.0,,6,2,4
200211080PHO,RS,PHO,243.0,,6,4,2
200211080PHO,RS,PHO,262.0,,8,4,4
200211080PHO,RS,PHO,321.0,,9,4,5
200211080PHO,RS,PHO,321.0,,10,4,6
200211080PHO,RS,PHO,336.0,,10,6,4
200211080PHO,RS,PHO,379.0,,10,8,2
200211080PHO,RS,PHO,379.0,,10,9,1
200211080PHO,RS,PHO,529.0,LC,10,11,-1
200211080PHO,RS,PHO,537.0,T,11,11,0
200211080PHO,RS,PHO,587.0,LC,13,11,2
200211080PHO,RS,PHO,605.0,T,13,13,0
200211080PHO,RS,PHO,629.0,LC,13,15,-2
200211080PHO,RS,PHO,662.9,,13,17,-4
200211080PHO,RS,PHO,741.0,,14,17,-3
200211080PHO,RS,PHO,741.0,,15,17,-2
200211080PHO,RS,PHO,776.0,,15,19,-4
200211080PHO,RS,PHO,795.0,,17,19,-2
200211080PHO,RS,PHO,795.0,,18,19,-1
200211080PHO,RS,PHO,820.0,,18,22,-4
200211080PHO,RS,PHO,853.0,,20,22,-2
200211080PHO,RS,PHO,939.0,LC,23,22,1
200211080PHO,RS,PHO,982.0,,25,22,3
200211080PHO,RS,PHO,1027.0,,27,22,5
200211080PHO,RS,PHO,1038.0,,27,24,3
200211080PHO,RS,PHO,1050.0,,29,24,5
200211080PHO,RS,PHO,1073.0,,31,24,7
200211080PHO,RS,PHO,1149.0,,31,26,5
200211080PHO,RS,PHO,1177.0,,33,26,7
200211080PHO,RS,PHO,1224.0,,34,26,8
200211080PHO,RS,PHO,1252.0,,34,27,7
200211080PHO,RS,PHO,1262.0,,36,27,9
200211080PHO,RS,PHO,1275.0,,36,28,8
200211080PHO,RS,PHO,1275.0,,36,29,7
200211080PHO,RS,PHO,1296.0,,38,29,9
200211080PHO,RS,PHO,1335.0,,40,29,11
200211080PHO,RS,PHO,1365.0,,40,31,9
200211080PHO,RS,PHO,1388.0,,40,32,8
200211080PHO,RS,PHO,1388.0,,40,33,7
200211080PHO,RS,PHO,1478.0,,41,33,8
200211080PHO,RS,PHO,1542.0,,41,35,6
200211080PHO,RS,PHO,1575.0,,41,36,5
200211080PHO,RS,PHO,1575.0,,41,37,4
200211080PHO,RS,PHO,1621.0,,41,39,2
200211080PHO,RS,PHO,1642.0,,43,39,4
200211080PHO,RS,PHO,1671.0,,43,41,2
200211080PHO,RS,PHO,1700.0,T,43,43,0
200211080PHO,RS,PHO,1710.0,LC,43,45,-2
200211080PHO,RS,PHO,1732.0,,43,47,-4
200211080PHO,RS,PHO,1748.0,,45,47,-2
200211080PHO,RS,PHO,1757.0,,45,49,-4
200211080PHO,RS,PHO,1757.0,,45,50,-5
200211080PHO,RS,PHO,1775.0,,45,52,-7
200211080PHO,RS,PHO,1800.0,,45,54,-9
200211080PHO,RS,PHO,1823.0,,46,54,-8
200211080PHO,RS,PHO,1823.0,,47,54,-7
200211080PHO,RS,PHO,1843.0,,47,56,-9
200211080PHO,RS,PHO,1893.0,,47,57,-10
200211080PHO,RS,PHO,1893.0,,47,58,-11
200211080PHO,RS,PHO,1943.0,,50,58,-8
200211080PHO,RS,PHO,1980.0,,50,59,-9
200211080PHO,RS,PHO,1980.0,,50,60,-10
200211080PHO,RS,PHO,1990.0,,50,62,-12
200211080PHO,RS,PHO,2018.0,,52,62,-10
200211080PHO,RS,PHO,2033.0,,52,64,-12
200211080PHO,RS,PHO,2062.0,,52,66,-14
200211080PHO,RS,PHO,2088.0,,55,66,-11
200211080PHO,RS,PHO,2129.4,,55,69,-14
200211080PHO,RS,PHO,2149.4,,58,69,-11
200211080PHO,RS,PHO,2158.0,,58,70,-12
200211080PHO,RS,PHO,2194.0,,60,70,-10
200211080PHO,RS,PHO,2353.0,,60,72,-12
200211080PHO,RS,PHO,2417.0,,60,74,-14
200211080PHO,RS,PHO,2446.0,,62,74,-12
200211080PHO,RS,PHO,2479.0,,62,76,-14
200211080PHO,RS,PHO,2509.0,,64,76,-12
200211080PHO,RS,PHO,2558.0,,65,76,-11
200211080PHO,RS,PHO,2558.0,,66,76,-10
200211080PHO,RS,PHO,2578.0,,66,79,-13
200211080PHO,RS,PHO,2611.0,,69,79,-10
200211080PHO,RS,PHO,2634.0,,69,82,-13
200211080PHO,RS,PHO,2680.0,,69,84,-15
200211080PHO,RS,PHO,2699.0,,71,84,-13
200211080PHO,RS,PHO,2760.0,,73,84,-11
200211080PHO,RS,PHO,2806.0,,73,86,-13
200211080PHO,RS,PHO,2829.1,F,75,86,-11
200211080PHO,RS,PHO,2880.0,,75,86,-11
200211090SAS,RS,SAS,0.0,,0,0,0
200211090SAS,RS,SAS,32.0,,2,0,2
200211090SAS,RS,SAS,61.0,,4,0,4
200211090SAS,RS,SAS,114.0,,4,2,2
200211090SAS,RS,SAS,129.0,,6,2,4
200211090SAS,RS,SAS,145.0,,6,3,3
200211090SAS,RS,SAS,192.0,,8,3,5
200211090SAS,RS,SAS,363.0,,10,3,7
200211090SAS,RS,SAS,379.0,,10,5,5
200211090SAS,RS,SAS,408.0,,12,5,7
200211090SAS,RS,SAS,429.0,,12,6,6
200211090SAS,RS,SAS,495.0,,14,6,8
200211090SAS,RS,SAS,515.0,,15,6,9
200211090SAS,RS,SAS,515.0,,16,6,10
200211090SAS,RS,SAS,541.0,,18,6,12
200211090SAS,RS,SAS,596.0,,18,8,10
200211090SAS,RS,SAS,665.3,,20,8,12
200211090SAS,RS,SAS,680.8,,20,10,10
200211090SAS,RS,SAS,743.0,,20,12,8
200211090SAS,RS,SAS,784.0,,20,14,6
200211090SAS,RS,SAS,811.0,,23,14,9
200211090SAS,RS,SAS,864.0,,23,16,7
200211090SAS,RS,SAS,916.0,,25,16,9
200211090SAS,RS,SAS,931.0,,25,18,7
200211090SAS,RS,SAS,969.0,,25,20,5
200211090SAS,RS,SAS,991.0,,25,22,3
200211090SAS,RS,SAS,1019.0,,27,22,5
200211090SAS,RS,SAS,1034.0,,27,25,2
200211090SAS,RS,SAS,1077.0,T,27,27,0
200211090SAS,RS,SAS,1092.0,,28,27,1
200211090SAS,RS,SAS,1092.0,,29,27,2
200211090SAS,RS,SAS,1133.0,T,29,29,0
200211090SAS,RS,SAS,1162.0,,32,29,3
200211090SAS,RS,SAS,1194.0,,34,29,5
200211090SAS,RS,SAS,1194.0,,35,29,6
200211090SAS,RS,SAS,1238.0,,38,29,9
200211090SAS,RS,SAS,1266.0,,40,29,11
200211090SAS,RS,SAS,1320.0,,40,32,8
200211090SAS,RS,SAS,1336.0,,42,32,10
200211090SAS,RS,SAS,1352.0,,42,33,9
200211090SAS,RS,SAS,1372.0,,44,33,11
200211090SAS,RS,SAS,1419.7,,44,35,9
200211090SAS,RS,SAS,1419.7,,44,36,8
200211090SAS,RS,SAS,1472.0,,46,36,10
200211090SAS,RS,SAS,1510.0,,48,36,12
200211090SAS,RS,SAS,1548.0,,50,36,14
200211090SAS,RS,SAS,1571.0,,50,39,11
200211090SAS,RS,SAS,1663.0,,52,39,13
200211090SAS,RS,SAS,1694.0,,54,39,15
200211090SAS,RS,SAS,1709.0,,54,41,13
200211090SAS,RS,SAS,1739.0,,54,43,11
200211090SAS,RS,SAS,1763.0,,56,43,13
200211090SAS,RS,SAS,1787.0,,56,45,11
200211090SAS,RS,SAS,1877.0,,58,45,13
200211090SAS,RS,SAS,1907.0,,58,46,12
200211090SAS,RS,SAS,1907.0,,58,47,11
200211090SAS,RS,SAS,1927.0,,60,47,13
200211090SAS,RS,SAS,1946.0,,60,49,11
200211090SAS,RS,SAS,1962.0,,62,49,13
200211090SAS,RS,SAS,2000.0,,64,49,15
200211090SAS,RS,SAS,2019.0,,64,52,12
200211090SAS,RS,SAS,2039.0,,66,52,14
200211090SAS,RS,SAS,2057.0,,66,53,13
200211090SAS,RS,SAS,2057.0,,66,54,12
200211090SAS,RS,SAS,2076.0,,68,54,14
200211090SAS,RS,SAS,2093.0,,68,55,13
200211090SAS,RS,SAS,2093.0,,68,56,12
200211090SAS,RS,SAS,2103.9,,68,57,11
200211090SAS,RS,SAS,2103.9,,68,58,10
200211090SAS,RS,SAS,2124.2,,69,58,11
200211090SAS,RS,SAS,2178.0,,69,60,9
200211090SAS,RS,SAS,2178.0,,69,61,8
200211090SAS,RS,SAS,2222.0,,72,61,11
200211090SAS,RS,SAS,2265.0,,72,63,9
200211090SAS,RS,SAS,2284.0,,74,63,11
200211090SAS,RS,SAS,2318.0,,75,63,12
200211090SAS,RS,SAS,2318.0,,76,63,13
200211090SAS,RS,SAS,2345.0,,76,64,12
200211090SAS,RS,SAS,2375.0,,78,64,14
200211090SAS,RS,SAS,2417.0,,80,64,16
200211090SAS,RS,SAS,2532.0,,80,65,15
200211090SAS,RS,SAS,2532.0,,81,65,16
200211090SAS,RS,SAS,2537.0,,82,65,17
200211090SAS,RS,SAS,2573.0,,82,66,16
200211090SAS,RS,SAS,2590.0,,84,66,18
200211090SAS,RS,SAS,2632.0,,84,68,16
200211090SAS,RS,SAS,2652.0,,86,68,18
200211090SAS,RS,SAS,2696.0,,87,68,19
200211090SAS,RS,SAS,2696.0,,88,68,20
200211090SAS,RS,SAS,2710.0,,88,70,18
200211090SAS,RS,SAS,2733.0,,89,70,19
200211090SAS,RS,SAS,2756.0,,91,70,21
200211090SAS,RS,SAS,2756.0,,92,70,22
200211090SAS,RS,SAS,2787.0,,93,70,23
200211090SAS,RS,SAS,2804.0,,93,73,20
200211090SAS,RS,SAS,2818.0,,95,73,22
200211090SAS,RS,SAS,2826.9,,95,74,21
200211090SAS,RS,SAS,2868.2,F,95,76,19
200211090SAS,RS,SAS,2880.0,,95,76,19
200211110DAL,RS,DAL,0.0,,0,0,0
200211110DAL,RS,DAL,65.0,,0,2,-2
200211110DAL,RS,DAL,98.0,,0,4,-4
200211110DAL,RS,DAL,215.0,,2,4,-2
200211110DAL,RS,DAL,237.0,T,4,4,0
200211110DAL,RS,DAL,263.0,,4,6,-2
200211110DAL,RS,DAL,281.0,T,6,6,0
200211110DAL,RS,DAL,293.0,,6,8,-2
200211110DAL,RS,DAL,313.0,T,8,8,0
200211110DAL,RS,DAL,358.0,LC,10,8,2
200211110DAL,RS,DAL,373.0,,12,8,4
200211110DAL,RS,DAL,419.0,,14,8,6
200211110DAL,RS,DAL,439.0,,14,10,4
200211110DAL,RS,DAL,575.0,,16,10,6
200211110DAL,RS,DAL,614.0,,16,12,4
200211110DAL,RS,DAL,633.0,,16,14,2
200211110DAL,RS,DAL,659.0,,16,15,1
200211110DAL,RS,DAL,659.0,T,16,16,0
200211110DAL,RS,DAL,684.2,,17,16,1
200211110DAL,RS,DAL,684.2,,18,16,2
200211110DAL,RS,DAL,712.6,,20,16,4
200211110DAL,RS,DAL,793.0,,21,16,5
200211110DAL,RS,DAL,842.0,,23,16,7
200211110DAL,RS,DAL,855.0,,23,18,5
200211110DAL,RS,DAL,878.0,,25,18,7
200211110DAL,RS,DAL,917.0,,27,18,9
200211110DAL,RS,DAL,955.0,,29,18,11
200211110DAL,RS,DAL,970.0,,29,20,9
200211110DAL,RS,DAL,989.0,,32,20,12
200211110DAL,RS,DAL,1054.0,,32,22,10
200211110DAL,RS,DAL,1091.0,,35,22,13
200211110DAL,RS,DAL,1145.0,,35,25,10
200211110DAL,RS,DAL,1183.0,,35,28,7
200211110DAL,RS,DAL,1229.0,,35,30,5
200211110DAL,RS,DAL,1344.0,,35,32,3
200211110DAL,RS,DAL,1386.7,,36,32,4
200211110DAL,RS,DAL,1404.7,,36,34,2
200211110DAL,RS,DAL,1417.9,,37,34,3
200211110DAL,RS,DAL,1417.9,,38,34,4
200211110DAL,RS,DAL,1495.0,,38,36,2
200211110DAL,RS,DAL,1520.0,T,38,38,0
200211110DAL,RS,DAL,1562.0,LC,38,39,-1
200211110DAL,RS,DAL,1562.0,,38,40,-2
200211110DAL,RS,DAL,1617.0,,38,43,-5
200211110DAL,RS,DAL,1680.0,,39,43,-4
200211110DAL,RS,DAL,1712.0,,42,43,-1
200211110DAL,RS,DAL,1736.0,,42,46,-4
200211110DAL,RS,DAL,1795.0,,42,47,-5
200211110DAL,RS,DAL,1795.0,,42,48,-6
200211110DAL,RS,DAL,1841.0,,42,50,-8
200211110DAL,RS,DAL,1870.0,,44,50,-6
200211110DAL,RS,DAL,1898.0,,44,52,-8
200211110DAL,RS,DAL,1898.0,,44,53,-9
200211110DAL,RS,DAL,1962.0,,45,53,-8
200211110DAL,RS,DAL,1962.0,,46,53,-7
200211110DAL,RS,DAL,1977.0,,46,54,-8
200211110DAL,RS,DAL,2001.0,,46,57,-11
200211110DAL,RS,DAL,2035.0,,48,57,-9
200211110DAL,RS,DAL,2047.0,,48,58,-10
200211110DAL,RS,DAL,2065.0,,50,58,-8
200211110DAL,RS,DAL,2083.0,,50,60,-10
200211110DAL,RS,DAL,2159.8,,50,62,-12
200211110DAL,RS,DAL,2169.0,,50,63,-13
200211110DAL,RS,DAL,2169.0,,50,64,-14
200211110DAL,RS,DAL,2197.0,,51,64,-13
200211110DAL,RS,DAL,2213.0,,51,66,-15
200211110DAL,RS,DAL,2280.0,,53,66,-13
200211110DAL,RS,DAL,2310.0,,55,66,-11
200211110DAL,RS,DAL,2325.0,,55,69,-14
200211110DAL,RS,DAL,2347.0,,57,69,-12
200211110DAL,RS,DAL,2365.0,,57,71,-14
200211110DAL,RS,DAL,2387.0,,59,71,-12
200211110DAL,RS,DAL,2387.0,,60,71,-11
200211110DAL,RS,DAL,2467.0,,62,71,-9
200211110DAL,RS,DAL,2485.0,,62,73,-11
200211110DAL,RS,DAL,2501.0,,65,73,-8
200211110DAL,RS,DAL,2522.0,,65,75,-10
200211110DAL,RS,DAL,2592.0,,68,75,-7
200211110DAL,RS,DAL,2637.0,,68,77,-9
200211110DAL,RS,DAL,2705.0,,68,78,-10
200211110DAL,RS,DAL,2705.0,,68,79,-11
200211110DAL,RS,DAL,2761.0,,68,82,-14
200211110DAL,RS,DAL,2836.0,,70,82,-12
200211110DAL,RS,DAL,2851.4,F,73,82,-9
200211110DAL,RS,DAL,2880.0,,73,82,-9
200211120HOU,RS,HOU,0.0,,0,0,0
200211120HOU,RS,HOU,17.0,,2,0,2
200211120HOU,RS,HOU,51.0,,3,0,3
200211120HOU,RS,HOU,51.0,,4,0,4
200211120HOU,RS,HOU,71.0,,4,2,2
200211120HOU,RS,HOU,105.0,LC,4,5,-1
200211120HOU,RS,HOU,198.0,LC,6,5,1
200211120HOU,RS,HOU,239.0,,8,5,3
200211120HOU,RS,HOU,260.0,,8,6,2
200211120HOU,RS,HOU,260.0,,8,7,1
200211120HOU,RS,HOU,273.0,,10,7,3
200211120HOU,RS,HOU,316.0,,11,7,4
200211120HOU,RS,HOU,316.0,,12,7,5
200211120HOU,RS,HOU,339.0,,14,7,7
200211120HOU,RS,HOU,393.0,,16,7,9
200211120HOU,RS,HOU,433.0,,16,9,7
200211120HOU,RS,HOU,464.0,,18,9,9
200211120HOU,RS,HOU,480.0,,18,11,7
200211120HOU,RS,HOU,528.0,,21,11,10
200211120HOU,RS,HOU,570.0,,22,11,11
200211120HOU,RS,HOU,570.0,,23,11,12
200211120HOU,RS,HOU,593.0,,23,13,10
200211120HOU,RS,HOU,618.0,,25,13,12
200211120HOU,RS,HOU,646.0,,27,13,14
200211120HOU,RS,HOU,670.4,,27,16,11
200211120HOU,RS,HOU,696.7,,27,18,9
200211120HOU,RS,HOU,715.4,,29,18,11
200211120HOU,RS,HOU,734.0,,29,19,10
200211120HOU,RS,HOU,734.0,,29,20,9
200211120HOU,RS,HOU,759.0,,31,20,11
200211120HOU,RS,HOU,793.0,,31,22,9
200211120HOU,RS,HOU,891.0,,31,24,7
200211120HOU,RS,HOU,916.0,,31,26,5
200211120HOU,RS,HOU,940.0,,33,26,7
200211120HOU,RS,HOU,989.0,,33,27,6
200211120HOU,RS,HOU,1032.0,,35,27,8
200211120HOU,RS,HOU,1088.0,,35,29,6
200211120HOU,RS,HOU,1130.0,,37,29,8
200211120HOU,RS,HOU,1180.0,,37,32,5
200211120HOU,RS,HOU,1222.0,,39,32,7
200211120HOU,RS,HOU,1254.0,,39,34,5
200211120HOU,RS,HOU,1288.0,,41,34,7
200211120HOU,RS,HOU,1288.0,,42,34,8
200211120HOU,RS,HOU,1307.0,,42,36,6
200211120HOU,RS,HOU,1323.0,,44,36,8
200211120HOU,RS,HOU,1379.0,,46,36,10
200211120HOU,RS,HOU,1398.3,,46,38,8
200211120HOU,RS,HOU,1414.7,,48,38,10
200211120HOU,RS,HOU,1456.0,,48,40,8
200211120HOU,RS,HOU,1488.0,,48,42,6
200211120HOU,RS,HOU,1521.0,,48,44,4
200211120HOU,RS,HOU,1534.0,,48,46,2
200211120HOU,RS,HOU,1582.0,,51,46,5
200211120HOU,RS,HOU,1677.0,,54,46,8
200211120HOU,RS,HOU,1715.0,,54,48,6
200211120HOU,RS,HOU,1763.0,,55,48,7
200211120HOU,RS,HOU,1763.0,,56,48,8
200211120HOU,RS,HOU,1783.0,,56,50,6
200211120HOU,RS,HOU,1810.0,,58,50,8
200211120HOU,RS,HOU,1832.0,,58,52,6
200211120HOU,RS,HOU,1877.0,,58,53,5
200211120HOU,RS,HOU,1877.0,,58,54,4
200211120HOU,RS,HOU,1899.0,,58,56,2
200211120HOU,RS,HOU,1971.0,T,58,58,0
200211120HOU,RS,HOU,2037.0,LC,58,59,-1
200211120HOU,RS,HOU,2058.0,T,59,59,0
200211120HOU,RS,HOU,2058.0,LC,60,59,1
200211120HOU,RS,HOU,2115.4,,62,59,3
200211120HOU,RS,HOU,2124.5,,62,61,1
200211120HOU,RS,HOU,2124.5,T,62,62,0
200211120HOU,RS,HOU,2136.4,,64,62,2
200211120HOU,RS,HOU,2157.6,,64,63,1
200211120HOU,RS,HOU,2193.0,,66,63,3
200211120HOU,RS,HOU,2225.0,,68,63,5
200211120HOU,RS,HOU,2247.0,,68,65,3
200211120HOU,RS,HOU,2247.0,,68,66,2
200211120HOU,RS,HOU,2263.0,,70,66,4
200211120HOU,RS,HOU,2325.0,,70,68,2
200211120HOU,RS,HOU,2347.0,,72,68,4
200211120HOU,RS,HOU,2368.0,,72,70,2
200211120HOU,RS,HOU,2383.0,,73,70,3
200211120HOU,RS,HOU,2383.0,,74,70,4
200211120HOU,RS,HOU,2397.0,,74,72,2
200211120HOU,RS,HOU,2492.0,,75,72,3
200211120HOU,RS,HOU,2492.0,,76,72,4
200211120HOU,RS,HOU,2511.0,,76,74,2
200211120HOU,RS,HOU,2541.0,T,76,76,0
200211120HOU,RS,HOU,2566.0,LC,76,78,-2
200211120HOU,RS,HOU,2584.0,LC,79,78,1
200211120HOU,RS,HOU,2638.0,LC,79,80,-1
200211120HOU,RS,HOU,2737.0,LC,81,80,1
200211120HOU,RS,HOU,2761.0,LC,81,83,-2
200211120HOU,RS,HOU,2813.0,T,83,83,0
200211120HOU,RS,HOU,2860.0,,83,85,-2
200211120HOU,RS,HOU,2870.6,F,83,86,-3
200211120HOU,RS,HOU,2880.0,,83,86,-3
200211150POR,RS,LAC,0.0,,0,0,0
200211150POR,RS,LAC,37.0,,2,0,2
200211150POR,RS,LAC,108.0,,3,0,3
200211150POR,RS,LAC,108.0,,4,0,4
200211150POR,RS,LAC,135.0,,6,0,6
200211150POR,RS,LAC,180.0,,8,0,8
200211150POR,RS,LAC,180.0,,9,0,9
200211150POR,RS,LAC,192.0,,9,2,7
200211150POR,RS,LAC,245.0,,11,2,9
200211150POR,RS,LAC,274.0,,13,2,11
200211150POR,RS,LAC,311.0,,15,2,13
200211150POR,RS,LAC,329.0,,15,4,11
200211150POR,RS,LAC,348.0,,16,4,12
200211150POR,RS,LAC,361.0,,16,6,10
200211150POR,RS,LAC,381.0,,19,6,13
200211150POR,RS,LAC,396.0,,19,7,12
200211150POR,RS,LAC,414.0,,21,7,14
200211150POR,RS,LAC,427.0,,21,9,12
200211150POR,RS,LAC,444.0,,23,9,14
200211150POR,RS,LAC,464.0,,23,12,11
200211150POR,RS,LAC,482.0,,25,12,13
200211150POR,RS,LAC,515.0,,27,12,15
200211150POR,RS,LAC,531.0,,27,13,14
200211150POR,RS,LAC,550.0,,27,15,12
200211150POR,RS,LAC,610.0,,29,15,14
200211150POR,RS,LAC,636.0,,31,15,16
200211150POR,RS,LAC,659.0,,31,17,14
200211150POR,RS,LAC,682.2,,34,17,17
200211150POR,RS,LAC,716.2,,35,17,18
200211150POR,RS,LAC,716.2,,36,17,19
200211150POR,RS,LAC,746.0,,36,19,17
200211150POR,RS,LAC,806.0,,38,19,19
200211150POR,RS,LAC,827.0,,38,21,17
200211150POR,RS,LAC,850.0,,40,21,19
200211150POR,RS,LAC,850.0,,41,21,20
200211150POR,RS,LAC,868.0,,43,21,22
200211150POR,RS,LAC,883.0,,43,23,20
200211150POR,RS,LAC,902.0,,44,23,21
200211150POR,RS,LAC,902.0,,45,23,22
200211150POR,RS,LAC,916.0,,45,24,21
200211150POR,RS,LAC,916.0,,45,25,20
200211150POR,RS,LAC,1064.0,,45,27,18
200211150POR,RS,LAC,1080.0,,48,27,21
200211150POR,RS,LAC,1137.0,,50,27,23
200211150POR,RS,LAC,1158.0,,51,27,24
200211150POR,RS,LAC,1195.0,,53,27,26
200211150POR,RS,LAC,1234.0,,53,29,24
200211150POR,RS,LAC,1240.0,,53,30,23
200211150POR,RS,LAC,1240.0,,53,31,22
200211150POR,RS,LAC,1280.0,,53,34,19
200211150POR,RS,LAC,1314.0,,54,34,20
200211150POR,RS,LAC,1314.0,,55,34,21
200211150POR,RS,LAC,1345.0,,56,34,22
200211150POR,RS,LAC,1345.0,,57,34,23
200211150POR,RS,LAC,1361.0,,57,35,22
200211150POR,RS,LAC,1361.0,,57,36,21
200211150POR,RS,LAC,1389.4,,57,37,20
200211150POR,RS,LAC,1389.4,,57,38,19
200211150POR,RS,LAC,1401.7,,59,38,21
200211150POR,RS,LAC,1482.0,,59,40,19
200211150POR,RS,LAC,1608.0,,61,40,21
200211150POR,RS,LAC,1643.0,,61,42,19
200211150POR,RS,LAC,1658.0,,63,42,21
200211150POR,RS,LAC,1690.0,,63,44,19
200211150POR,RS,LAC,1703.0,,64,44,20
200211150POR,RS,LAC,1703.0,,65,44,21
200211150POR,RS,LAC,1711.0,,65,46,19
200211150POR,RS,LAC,1729.0,,66,46,20
200211150POR,RS,LAC,1729.0,,67,46,21
200211150POR,RS,LAC,1775.0,,69,46,23
200211150POR,RS,LAC,1836.0,,71,46,25
200211150POR,RS,LAC,1855.0,,71,47,24
200211150POR,RS,LAC,1869.0,,74,47,27
200211150POR,RS,LAC,1928.0,,76,47,29
200211150POR,RS,LAC,1945.0,,76,48,28
200211150POR,RS,LAC,1963.0,,78,48,30
200211150POR,RS,LAC,1975.0,,78,49,29
200211150POR,RS,LAC,1975.0,,78,50,28
200211150POR,RS,LAC,1995.0,,80,50,30
200211150POR,RS,LAC,2009.0,,80,51,29
200211150POR,RS,LAC,2039.0,,81,51,30
200211150POR,RS,LAC,2076.0,,83,51,32
200211150POR,RS,LAC,2137.7,,85,51,34
200211150POR,RS,LAC,2156.4,,85,52,33
200211150POR,RS,LAC,2229.0,,85,55,30
200211150POR,RS,LAC,2244.0,,87,55,32
200211150POR,RS,LAC,2292.0,,87,57,30
200211150POR,RS,LAC,2311.0,,88,57,31
200211150POR,RS,LAC,2311.0,,89,57,32
200211150POR,RS,LAC,2325.0,,89,59,30
200211150POR,RS,LAC,2363.0,,89,62,27
200211150POR,RS,LAC,2388.0,,89,64,25
200211150POR,RS,LAC,2388.0,,89,65,24
200211150POR,RS,LAC,2409.0,,91,65,26
200211150POR,RS,LAC,2430.0,,92,65,27
200211150POR,RS,LAC,2430.0,,93,65,28
200211150POR,RS,LAC,2446.0,,93,66,27
200211150POR,RS,LAC,2446.0,,93,67,26
200211150POR,RS,LAC,2458.0,,95,67,28
200211150POR,RS,LAC,2483.0,,97,67,30
200211150POR,RS,LAC,2518.0,,99,67,32
200211150POR,RS,LAC,2532.0,,99,69,30
200211150POR,RS,LAC,2553.0,,101,69,32
200211150POR,RS,LAC,2587.0,,103,69,34
200211150POR,RS,LAC,2598.0,,103,71,32
200211150POR,RS,LAC,2621.0,,103,73,30
200211150POR,RS,LAC,2683.0,,103,75,28
200211150POR,RS,LAC,2702.0,,105,75,30
200211150POR,RS,LAC,2718.0,,105,78,27
200211150POR,RS,LAC,2738.0,,105,80,25
200211150POR,RS,LAC,2763.0,,105,82,23
200211150POR,RS,LAC,2783.0,,106,82,24
200211150POR,RS,LAC,2795.0,,106,85,21
200211150POR,RS,LAC,2813.0,,108,85,23
200211150POR,RS,LAC,2825.5,,108,88,20
200211150POR,RS,LAC,2845.7,,110,88,22
200211150POR,RS,LAC,2875.5,F,112,88,24
200211150POR,RS,LAC,2880.0,,112,88,24
200211200POR,RS,ORL,0.0,,0,0,0
200211200POR,RS,ORL,18.0,,0,2,-2
200211200POR,RS,ORL,51.0,,0,4,-4
200211200POR,RS,ORL,69.0,,3,4,-1
200211200POR,RS,ORL,99.0,,3,6,-3
200211200POR,RS,ORL,136.0,,5,6,-1
200211200POR,RS,ORL,151.0,,5,8,-3
200211200POR,RS,ORL,165.0,,7,8,-1
200211200POR,RS,ORL,207.0,,7,10,-3
200211200POR,RS,ORL,253.0,,9,10,-1
200211200POR,RS,ORL,285.0,LC,11,10,1
200211200POR,RS,ORL,312.0,,13,10,3
200211200POR,RS,ORL,353.0,,15,10,5
200211200POR,RS,ORL,375.0,,15,13,2
200211200POR,RS,ORL,414.0,T,15,15,0
200211200POR,RS,ORL,442.0,,17,15,2
200211200POR,RS,ORL,477.0,,20,15,5
200211200POR,RS,ORL,505.0,,22,15,7
200211200POR,RS,ORL,527.0,,22,18,4
200211200POR,RS,ORL,567.0,,22,19,3
200211200POR,RS,ORL,567.0,,22,20,2
200211200POR,RS,ORL,646.0,,24,20,4
200211200POR,RS,ORL,674.9,,25,20,5
200211200POR,RS,ORL,674.9,,26,20,6
200211200POR,RS,ORL,695.3,,26,22,4
200211200POR,RS,ORL,758.0,,26,24,2
200211200POR,RS,ORL,799.0,T,26,26,0
200211200POR,RS,ORL,909.0,,28,26,2
200211200POR,RS,ORL,932.0,,30,26,4
200211200POR,RS,ORL,957.0,,32,26,6
200211200POR,RS,ORL,1016.0,,34,26,8
200211200POR,RS,ORL,1080.0,,34,28,6
200211200POR,RS,ORL,1099.0,,36,28,8
200211200POR,RS,ORL,1162.0,,36,30,6
200211200POR,RS,ORL,1192.0,,38,30,8
200211200POR,RS,ORL,1244.0,,38,32,6
200211200POR,RS,ORL,1278.0,,40,32,8
200211200POR,RS,ORL,1309.0,,40,34,6
200211200POR,RS,ORL,1326.0,,42,34,8
200211200POR,RS,ORL,1373.0,,44,34,10
200211200POR,RS,ORL,1382.1,,44,35,9
200211200POR,RS,ORL,1399.2,,46,35,11
200211200POR,RS,ORL,1485.0,,46,37,9
200211200POR,RS,ORL,1526.0,,48,37,11
200211200POR,RS,ORL,1553.0,,50,37,13
200211200POR,RS,ORL,1608.0,,50,40,10
200211200POR,RS,ORL,1626.0,,53,40,13
200211200POR,RS,ORL,1650.0,,53,43,10
200211200POR,RS,ORL,1674.0,,53,46,7
200211200POR,RS,ORL,1693.0,,55,46,9
200211200POR,RS,ORL,1710.0,,55,49,6
200211200POR,RS,ORL,1728.0,,57,49,8
200211200POR,RS,ORL,1762.0,,58,49,9
200211200POR,RS,ORL,1762.0,,59,49,10
200211200POR,RS,ORL,1784.0,,62,49,13
200211200POR,RS,ORL,1798.0,,62,51,11
200211200POR,RS,ORL,1836.0,,62,53,9
200211200POR,RS,ORL,1935.0,,62,55,7
200211200POR,RS,ORL,1935.0,,62,56,6
200211200POR,RS,ORL,1974.0,,62,58,4
200211200POR,RS,ORL,1989.0,,63,58,5
200211200POR,RS,ORL,1989.0,,64,58,6
200211200POR,RS,ORL,2039.0,,65,58,7
200211200POR,RS,ORL,2063.0,,67,58,9
200211200POR,RS,ORL,2085.0,,68,58,10
200211200POR,RS,ORL,2085.0,,69,58,11
200211200POR,RS,ORL,2134.5,,70,58,12
200211200POR,RS,ORL,2134.5,,71,58,13
200211200POR,RS,ORL,2209.0,,71,60,11
200211200POR,RS,ORL,2209.0,,71,61,10
200211200POR,RS,ORL,2225.0,,74,61,13
200211200POR,RS,ORL,2242.0,,74,64,10
200211200POR,RS,ORL,2260.0,,76,64,12
200211200POR,RS,ORL,2294.0,,77,64,13
200211200POR,RS,ORL,2343.0,,79,64,15
200211200POR,RS,ORL,2350.0,,79,66,13
200211200POR,RS,ORL,2411.0,,79,67,12
200211200POR,RS,ORL,2411.0,,79,68,11
200211200POR,RS,ORL,2428.0,,81,68,13
200211200POR,RS,ORL,2428.0,,82,68,14
200211200POR,RS,ORL,2447.0,,82,70,12
200211200POR,RS,ORL,2474.0,,84,70,14
200211200POR,RS,ORL,2498.0,,84,72,12
200211200POR,RS,ORL,2522.0,,86,72,14
200211200POR,RS,ORL,2550.0,,86,73,13
200211200POR,RS,ORL,2550.0,,86,74,12
200211200POR,RS,ORL,2622.0,,86,75,11
200211200POR,RS,ORL,2622.0,,86,76,10
200211200POR,RS,ORL,2635.0,,87,76,11
200211200POR,RS,ORL,2659.0,,89,76,13
200211200POR,RS,ORL,2672.0,,89,77,12
200211200POR,RS,ORL,2672.0,,89,78,11
200211200POR,RS,ORL,2696.0,,91,78,13
200211200POR,RS,ORL,2746.0,,93,78,15
200211200POR,RS,ORL,2748.0,,94,78,16
200211200POR,RS,ORL,2770.0,,96,78,18
200211200POR,RS,ORL,2776.0,,96,79,17
200211200POR,RS,ORL,2776.0,,96,80,16
200211200POR,RS,ORL,2813.0,,98,80,18
200211200POR,RS,ORL,2833.6,,98,82,16
200211200POR,RS,ORL,2856.7,F,98,84,14
200211200POR,RS,ORL,2880.0,,98,84,14
200211210SEA,RS,SEA,0.0,,0,0,0
200211210SEA,RS,SEA,16.0,,2,0,2
200211210SEA,RS,SEA,72.0,T,2,2,0
200211210SEA,RS,SEA,106.0,LC,2,5,-3
200211210SEA,RS,SEA,139.0,,2,7,-5
200211210SEA,RS,SEA,168.0,,5,7,-2
200211210SEA,RS,SEA,201.0,,5,9,-4
200211210SEA,RS,SEA,222.0,,7,9,-2
200211210SEA,RS,SEA,255.0,,7,10,-3
200211210SEA,RS,SEA,255.0,,7,11,-4
200211210SEA,RS,SEA,273.0,,9,11,-2
200211210SEA,RS,SEA,303.0,,9,13,-4
200211210SEA,RS,SEA,330.0,,11,13,-2
200211210SEA,RS,SEA,351.0,,11,15,-4
200211210SEA,RS,SEA,375.0,,13,15,-2
200211210SEA,RS,SEA,410.0,,13,17,-4
200211210SEA,RS,SEA,428.0,,15,17,-2
200211210SEA,RS,SEA,469.0,,15,19,-4
200211210SEA,RS,SEA,490.0,,15,21,-6
200211210SEA,RS,SEA,515.0,,17,21,-4
200211210SEA,RS,SEA,545.0,,19,21,-2
200211210SEA,RS,SEA,562.0,,19,23,-4
200211210SEA,RS,SEA,587.0,,19,25,-6
200211210SEA,RS,SEA,653.0,,19,27,-8
200211210SEA,RS,SEA,775.0,,20,27,-7
200211210SEA,RS,SEA,811.0,,22,27,-5
200211210SEA,RS,SEA,829.0,,23,27,-4
200211210SEA,RS,SEA,829.0,,24,27,-3
200211210SEA,RS,SEA,842.0,,24,30,-6
200211210SEA,RS,SEA,901.0,,24,32,-8
200211210SEA,RS,SEA,916.0,,26,32,-6
200211210SEA,RS,SEA,957.0,,28,32,-4
200211210SEA,RS,SEA,991.0,,30,32,-2
200211210SEA,RS,SEA,1015.0,,30,33,-3
200211210SEA,RS,SEA,1015.0,,30,34,-4
200211210SEA,RS,SEA,1041.0,,30,36,-6
200211210SEA,RS,SEA,1057.0,,32,36,-4
200211210SEA,RS,SEA,1129.0,,34,36,-2
200211210SEA,RS,SEA,1153.0,,34,38,-4
200211210SEA,RS,SEA,1177.0,,34,40,-6
200211210SEA,RS,SEA,1202.0,,36,40,-4
200211210SEA,RS,SEA,1240.0,,36,42,-6
200211210SEA,RS,SEA,1278.0,,36,44,-8
200211210SEA,RS,SEA,1298.0,,38,44,-6
200211210SEA,RS,SEA,1372.0,,38,46,-8
200211210SEA,RS,SEA,1385.1,,40,46,-6
200211210SEA,RS,SEA,1400.4,,40,47,-7
200211210SEA,RS,SEA,1429.0,,40,49,-9
200211210SEA,RS,SEA,1451.0,,40,51,-11
200211210SEA,RS,SEA,1493.0,,40,53,-13
200211210SEA,RS,SEA,1513.0,,41,53,-12
200211210SEA,RS,SEA,1513.0,,42,53,-11
200211210SEA,RS,SEA,1521.0,,42,55,-13
200211210SEA,RS,SEA,1540.0,,44,55,-11
200211210SEA,RS,SEA,1604.0,,46,55,-9
200211210SEA,RS,SEA,1664.0,,48,55,-7
200211210SEA,RS,SEA,1701.0,,49,55,-6
200211210SEA,RS,SEA,1729.0,,49,57,-8
200211210SEA,RS,SEA,1783.0,,50,57,-7
200211210SEA,RS,SEA,1783.0,,51,57,-6
200211210SEA,RS,SEA,1800.0,,51,59,-8
200211210SEA,RS,SEA,1837.0,,51,61,-10
200211210SEA,RS,SEA,1852.0,,53,61,-8
200211210SEA,RS,SEA,1869.0,,53,62,-9
200211210SEA,RS,SEA,1921.0,,55,62,-7
200211210SEA,RS,SEA,1954.0,,57,62,-5
200211210SEA,RS,SEA,1982.0,,58,62,-4
200211210SEA,RS,SEA,2018.0,,59,62,-3
200211210SEA,RS,SEA,2018.0,,60,62,-2
200211210SEA,RS,SEA,2038.0,T,62,62,0
200211210SEA,RS,SEA,2104.3,LC,63,62,1
200211210SEA,RS,SEA,2156.1,,65,62,3
200211210SEA,RS,SEA,2171.0,,67,62,5
200211210SEA,RS,SEA,2202.0,,67,64,3
200211210SEA,RS,SEA,2227.0,,68,64,4
200211210SEA,RS,SEA,2227.0,,69,64,5
200211210SEA,RS,SEA,2250.0,,70,64,6
200211210SEA,RS,SEA,2314.0,,70,66,4
200211210SEA,RS,SEA,2340.0,,70,68,2
200211210SEA,RS,SEA,2373.0,T,70,70,0
200211210SEA,RS,SEA,2392.0,,72,70,2
200211210SEA,RS,SEA,2469.0,,74,70,4
200211210SEA,RS,SEA,2509.0,,74,73,1
200211210SEA,RS,SEA,2537.0,LC,74,75,-1
200211210SEA,RS,SEA,2557.0,LC,76,75,1
200211210SEA,RS,SEA,2565.0,LC,76,77,-1
200211210SEA,RS,SEA,2574.0,LC,79,77,2
200211210SEA,RS,SEA,2642.0,,81,77,4
200211210SEA,RS,SEA,2720.0,,83,77,6
200211210SEA,RS,SEA,2756.0,,83,79,4
200211210SEA,RS,SEA,2839.5,,83,81,2
200211210SEA,RS,SEA,2856.8,,84,81,3
200211210SEA,RS,SEA,2856.8,,85,81,4
200211210SEA,RS,SEA,2866.4,,85,82,3
200211210SEA,RS,SEA,2867.3,,86,82,4
200211210SEA,RS,SEA,2867.3,,87,82,5
200211210SEA,RS,SEA,2870.3,,87,85,2
200211210SEA,RS,SEA,2872.1,,88,85,3
200211210SEA,RS,SEA,2872.1,F,89,85,4
200211210SEA,RS,SEA,2880.0,,89,85,4
200211230POR,RS,SAC,0.0,,0,0,0
200211230POR,RS,SAC,44.0,,2,0,2
200211230POR,RS,SAC,137.0,,4,0,4
200211230POR,RS,SAC,172.0,,7,0,7
200211230POR,RS,SAC,198.0,,7,2,5
200211230POR,RS,SAC,245.0,,8,2,6
200211230POR,RS,SAC,268.0,,8,5,3
200211230POR,RS,SAC,278.0,,10,5,5
200211230POR,RS,SAC,278.0,,11,5,6
200211230POR,RS,SAC,295.0,,11,7,4
200211230POR,RS,SAC,318.0,,11,8,3
200211230POR,RS,SAC,331.0,,13,8,5
200211230POR,RS,SAC,331.0,,14,8,6
200211230POR,RS,SAC,370.0,,14,10,4
200211230POR,RS,SAC,380.0,,16,10,6
200211230POR,RS,SAC,404.0,,18,10,8
200211230POR,RS,SAC,429.0,,18,13,5
200211230POR,RS,SAC,461.0,,18,15,3
200211230POR,RS,SAC,514.0,,20,15,5
200211230POR,RS,SAC,536.0,,20,17,3
200211230POR,RS,SAC,581.0,,22,17,5
200211230POR,RS,SAC,614.0,,22,19,3
200211230POR,RS,SAC,685.9,,22,21,1
200211230POR,RS,SAC,685.9,T,22,22,0
200211230POR,RS,SAC,704.0,,23,22,1
200211230POR,RS,SAC,732.0,,25,22,3
200211230POR,RS,SAC,750.0,,25,24,1
200211230POR,RS,SAC,785.0,LC,25,26,-1
200211230POR,RS,SAC,822.0,,25,28,-3
200211230POR,RS,SAC,842.0,,26,28,-2
200211230POR,RS,SAC,842.0,,27,28,-1
200211230POR,RS,SAC,871.0,LC,29,28,1
200211230POR,RS,SAC,923.0,T,29,29,0
200211230POR,RS,SAC,933.0,LC,29,31,-2
200211230POR,RS,SAC,952.0,T,31,31,0
200211230POR,RS,SAC,1022.0,,31,33,-2
200211230POR,RS,SAC,1072.0,T,33,33,0
200211230POR,RS,SAC,1109.0,LC,35,33,2
200211230POR,RS,SAC,1118.0,T,35,35,0
200211230POR,RS,SAC,1143.0,,38,35,3
200211230POR,RS,SAC,1171.0,,40,35,5
200211230POR,RS,SAC,1204.0,,43,35,8
200211230POR,RS,SAC,1246.0,,45,35,10
200211230POR,RS,SAC,1264.0,,45,36,9
200211230POR,RS,SAC,1264.0,,45,37,8
200211230POR,RS,SAC,1282.0,,48,37,11
200211230POR,RS,SAC,1306.0,,48,39,9
200211230POR,RS,SAC,1347.0,,48,40,8
200211230POR,RS,SAC,1347.0,,48,41,7
200211230POR,RS,SAC,1387.7,,48,43,5
200211230POR,RS,SAC,1439.1,,48,46,2
200211230POR,RS,SAC,1461.0,,51,46,5
200211230POR,RS,SAC,1537.0,,53,46,7
200211230POR,RS,SAC,1554.0,,53,48,5
200211230POR,RS,SAC,1581.0,,55,48,7
200211230POR,RS,SAC,1640.0,,55,50,5
200211230POR,RS,SAC,1640.0,,55,51,4
200211230POR,RS,SAC,1657.0,,57,51,6
200211230POR,RS,SAC,1696.0,,57,52,5
200211230POR,RS,SAC,1696.0,,57,53,4
200211230POR,RS,SAC,1709.0,,59,53,6
200211230POR,RS,SAC,1747.0,,60,53,7
200211230POR,RS,SAC,1747.0,,61,53,8
200211230POR,RS,SAC,1767.0,,61,54,7
200211230POR,RS,SAC,1767.0,,61,55,6
200211230POR,RS,SAC,1785.0,,61,57,4
200211230POR,RS,SAC,1789.0,,61,58,3
200211230POR,RS,SAC,1807.0,,63,58,5
200211230POR,RS,SAC,1891.0,,63,61,2
200211230POR,RS,SAC,1916.0,,65,61,4
200211230POR,RS,SAC,1957.0,,67,61,6
200211230POR,RS,SAC,2003.0,,67,63,4
200211230POR,RS,SAC,2029.0,,68,63,5
200211230POR,RS,SAC,2029.0,,69,63,6
200211230POR,RS,SAC,2041.0,,69,64,5
200211230POR,RS,SAC,2041.0,,69,65,4
200211230POR,RS,SAC,2100.6,,69,67,2
200211230POR,RS,SAC,2120.2,,71,67,4
200211230POR,RS,SAC,2138.0,,71,69,2
200211230POR,RS,SAC,2157.5,,74,69,5
200211230POR,RS,SAC,2173.0,,74,71,3
200211230POR,RS,SAC,2191.0,,75,71,4
200211230POR,RS,SAC,2191.0,,76,71,5
200211230POR,RS,SAC,2206.0,,76,74,2
200211230POR,RS,SAC,2228.0,,78,74,4
200211230POR,RS,SAC,2238.0,,78,75,3
200211230POR,RS,SAC,2238.0,,78,76,2
200211230POR,RS,SAC,2253.0,T,78,78,0
200211230POR,RS,SAC,2275.0,LC,78,81,-3
200211230POR,RS,SAC,2297.0,,80,81,-1
200211230POR,RS,SAC,2455.0,,80,83,-3
200211230POR,RS,SAC,2512.0,,82,83,-1
200211230POR,RS,SAC,2542.0,T,83,83,0
200211230POR,RS,SAC,2582.0,LC,85,83,2
200211230POR,RS,SAC,2611.0,T,85,85,0
200211230POR,RS,SAC,2636.0,,87,85,2
200211230POR,RS,SAC,2661.0,T,87,87,0
200211230POR,RS,SAC,2718.0,LC,87,89,-2
200211230POR,RS,SAC,2736.0,,88,89,-1
200211230POR,RS,SAC,2736.0,T,89,89,0
200211230POR,RS,SAC,2750.0,,89,90,-1
200211230POR,RS,SAC,2772.0,,89,93,-4
200211230POR,RS,SAC,2777.0,,92,93,-1
200211230POR,RS,SAC,2820.2,LC,94,93,1
200211230POR,RS,SAC,2865.6,T,94,94,0
200211230POR,RS,SAC,2865.6,F,94,95,-1
200211230POR,RS,SAC,2880.0,,94,95,-1
200211260POR,RS,HOU,0.0,,0,0,0
200211260POR,RS,HOU,60.0,,1,0,1
200211260POR,RS,HOU,60.0,,2,0,2
200211260POR,RS,HOU,82.0,,2,1,1
200211260POR,RS,HOU,82.0,T,2,2,0
200211260POR,RS,HOU,124.0,,4,2,2
200211260POR,RS,HOU,202.0,T,4,4,0
200211260POR,RS,HOU,255.0,,6,4,2
200211260POR,RS,HOU,318.0,,8,4,4
200211260POR,RS,HOU,401.0,,8,6,2
200211260POR,RS,HOU,427.0,,10,6,4
200211260POR,RS,HOU,446.0,,10,7,3
200211260POR,RS,HOU,446.0,,10,8,2
200211260POR,RS,HOU,519.0,,12,8,4
200211260POR,RS,HOU,588.0,,12,10,2
200211260POR,RS,HOU,627.0,,14,10,4
200211260POR,RS,HOU,670.0,,14,13,1
200211260POR,RS,HOU,689.6,,16,13,3
200211260POR,RS,HOU,734.0,,16,15,1
200211260POR,RS,HOU,762.0,T,16,16,0
200211260POR,RS,HOU,762.0,LC,16,17,-1
200211260POR,RS,HOU,809.0,LC,18,17,1
200211260POR,RS,HOU,832.0,LC,18,19,-1
200211260POR,RS,HOU,908.0,LC,20,19,1
200211260POR,RS,HOU,934.0,LC,20,21,-1
200211260POR,RS,HOU,949.0,LC,22,21,1
200211260POR,RS,HOU,1001.0,,24,21,3
200211260POR,RS,HOU,1074.0,,26,21,5
200211260POR,RS,HOU,1106.0,,28,21,7
200211260POR,RS,HOU,1124.0,,28,24,4
200211260POR,RS,HOU,1174.0,,30,24,6
200211260POR,RS,HOU,1191.0,,30,26,4
200211260POR,RS,HOU,1228.0,,32,26,6
200211260POR,RS,HOU,1248.0,,32,28,4
200211260POR,RS,HOU,1292.0,,32,30,2
200211260POR,RS,HOU,1318.0,T,32,32,0
200211260POR,RS,HOU,1335.0,,34,32,2
200211260POR,RS,HOU,1528.0,,36,32,4
200211260POR,RS,HOU,1546.0,,36,33,3
200211260POR,RS,HOU,1563.0,,38,33,5
200211260POR,RS,HOU,1579.0,,38,35,3
200211260POR,RS,HOU,1597.0,,40,35,5
200211260POR,RS,HOU,1661.0,,42,35,7
200211260POR,RS,HOU,1685.0,,42,37,5
200211260POR,RS,HOU,1704.0,,42,39,3
200211260POR,RS,HOU,1732.0,,43,39,4
200211260POR,RS,HOU,1732.0,,44,39,5
200211260POR,RS,HOU,1752.0,,44,41,3
200211260POR,RS,HOU,1801.0,,44,43,1
200211260POR,RS,HOU,1880.0,,46,43,3
200211260POR,RS,HOU,1899.0,,46,44,2
200211260POR,RS,HOU,1909.0,,47,44,3
200211260POR,RS,HOU,1909.0,,48,44,4
200211260POR,RS,HOU,1930.0,,48,46,2
200211260POR,RS,HOU,1974.0,,50,46,4
200211260POR,RS,HOU,2009.0,,53,46,7
200211260POR,RS,HOU,2060.0,,53,48,5
200211260POR,RS,HOU,2060.0,,53,49,4
200211260POR,RS,HOU,2072.0,,55,49,6
200211260POR,RS,HOU,2103.8,,55,50,5
200211260POR,RS,HOU,2103.8,,55,51,4
200211260POR,RS,HOU,2134.1,,57,51,6
200211260POR,RS,HOU,2157.8,,57,53,4
200211260POR,RS,HOU,2171.0,,60,53,7
200211260POR,RS,HOU,2192.0,,60,55,5
200211260POR,RS,HOU,2307.0,,60,57,3
200211260POR,RS,HOU,2324.0,,62,57,5
200211260POR,RS,HOU,2369.0,,63,57,6
200211260POR,RS,HOU,2405.0,,64,57,7
200211260POR,RS,HOU,2475.0,,66,57,9
200211260POR,RS,HOU,2505.0,,68,57,11
200211260POR,RS,HOU,2522.0,,68,59,9
200211260POR,RS,HOU,2577.0,,70,59,11
200211260POR,RS,HOU,2577.0,,71,59,12
200211260POR,RS,HOU,2634.0,,71,61,10
200211260POR,RS,HOU,2660.0,,71,63,8
200211260POR,RS,HOU,2686.0,,73,63,10
200211260POR,RS,HOU,2703.0,,73,65,8
200211260POR,RS,HOU,2703.0,,73,66,7
200211260POR,RS,HOU,2757.0,,73,67,6
200211260POR,RS,HOU,2773.0,,73,69,4
200211260POR,RS,HOU,2792.0,,75,69,6
200211260POR,RS,HOU,2823.5,,75,70,5
200211260POR,RS,HOU,2823.5,,75,71,4
200211260POR,RS,HOU,2857.5,,76,71,5
200211260POR,RS,HOU,2857.5,F,77,71,6
200211260POR,RS,HOU,2880.0,,77,71,6
200211300POR,RS,NJN,0.0,,0,0,0
200211300POR,RS,NJN,87.0,,0,2,-2
200211300POR,RS,NJN,118.0,,0,4,-4
200211300POR,RS,NJN,172.0,,0,6,-6
200211300POR,RS,NJN,195.0,,2,6,-4
200211300POR,RS,NJN,217.0,,2,8,-6
200211300POR,RS,NJN,233.0,,4,8,-4
200211300POR,RS,NJN,275.0,,6,8,-2
200211300POR,RS,NJN,319.0,T,8,8,0
200211300POR,RS,NJN,357.0,LC,10,8,2
200211300POR,RS,NJN,393.0,,13,8,5
200211300POR,RS,NJN,431.0,,15,8,7
200211300POR,RS,NJN,448.0,,15,10,5
200211300POR,RS,NJN,474.0,,15,11,4
200211300POR,RS,NJN,474.0,,15,12,3
200211300POR,RS,NJN,490.0,,16,12,4
200211300POR,RS,NJN,514.0,,19,12,7
200211300POR,RS,NJN,537.0,,19,14,5
200211300POR,RS,NJN,578.0,,19,15,4
200211300POR,RS,NJN,595.0,,21,15,6
200211300POR,RS,NJN,617.0,,21,17,4
200211300POR,RS,NJN,736.0,,22,17,5
200211300POR,RS,NJN,736.0,,23,17,6
200211300POR,RS,NJN,753.0,,25,17,8
200211300POR,RS,NJN,790.0,,27,17,10
200211300POR,RS,NJN,817.0,,29,17,12
200211300POR,RS,NJN,817.0,,30,17,13
200211300POR,RS,NJN,946.0,,30,18,12
200211300POR,RS,NJN,946.0,,30,19,11
200211300POR,RS,NJN,991.0,,30,22,8
200211300POR,RS,NJN,1036.0,,30,24,6
200211300POR,RS,NJN,1065.0,,30,26,4
200211300POR,RS,NJN,1099.0,,32,26,6
200211300POR,RS,NJN,1120.0,,32,27,5
200211300POR,RS,NJN,1120.0,,32,28,4
200211300POR,RS,NJN,1120.0,,32,29,3
200211300POR,RS,NJN,1134.0,,35,29,6
200211300POR,RS,NJN,1153.0,,35,31,4
200211300POR,RS,NJN,1176.0,,35,33,2
200211300POR,RS,NJN,1193.0,T,35,35,0
200211300POR,RS,NJN,1222.0,LC,35,38,-3
200211300POR,RS,NJN,1245.0,,37,38,-1
200211300POR,RS,NJN,1290.0,,37,40,-3
200211300POR,RS,NJN,1313.0,T,40,40,0
200211300POR,RS,NJN,1351.0,LC,41,40,1
200211300POR,RS,NJN,1379.0,T,41,41,0
200211300POR,RS,NJN,1379.0,LC,41,42,-1
200211300POR,RS,NJN,1398.1,,41,45,-4
200211300POR,RS,NJN,1474.0,,41,47,-6
200211300POR,RS,NJN,1515.0,,41,48,-7
200211300POR,RS,NJN,1524.0,,41,50,-9
200211300POR,RS,NJN,1552.0,,41,52,-11
200211300POR,RS,NJN,1583.0,,43,52,-9
200211300POR,RS,NJN,1609.0,,45,52,-7
200211300POR,RS,NJN,1648.0,,45,54,-9
200211300POR,RS,NJN,1709.0,,45,56,-11
200211300POR,RS,NJN,1735.0,,45,58,-13
200211300POR,RS,NJN,1791.0,,45,60,-15
200211300POR,RS,NJN,1813.0,,45,62,-17
200211300POR,RS,NJN,1813.0,,45,63,-18
200211300POR,RS,NJN,1832.0,,46,63,-17
200211300POR,RS,NJN,1849.0,,46,66,-20
200211300POR,RS,NJN,1867.0,,49,66,-17
200211300POR,RS,NJN,1898.0,,49,67,-18
200211300POR,RS,NJN,1898.0,,49,68,-19
200211300POR,RS,NJN,1917.0,,49,69,-20
200211300POR,RS,NJN,1917.0,,49,70,-21
200211300POR,RS,NJN,1938.0,,49,72,-23
200211300POR,RS,NJN,1952.0,,50,72,-22
200211300POR,RS,NJN,2000.0,,50,75,-25
200211300POR,RS,NJN,2020.0,,52,75,-23
200211300POR,RS,NJN,2051.0,,53,75,-22
200211300POR,RS,NJN,2126.9,,55,75,-20
200211300POR,RS,NJN,2129.8,,55,76,-21
200211300POR,RS,NJN,2129.8,,55,77,-22
200211300POR,RS,NJN,2143.9,,57,77,-20
200211300POR,RS,NJN,2201.0,,59,77,-18
200211300POR,RS,NJN,2226.0,,59,79,-20
200211300POR,RS,NJN,2248.0,,61,79,-18
200211300POR,RS,NJN,2268.0,,63,79,-16
200211300POR,RS,NJN,2302.0,,66,79,-13
200211300POR,RS,NJN,2370.0,,68,79,-11
200211300POR,RS,NJN,2411.0,,70,79,-9
200211300POR,RS,NJN,2417.0,,70,80,-10
200211300POR,RS,NJN,2417.0,,70,81,-11
200211300POR,RS,NJN,2429.0,,73,81,-8
200211300POR,RS,NJN,2475.0,,75,81,-6
200211300POR,RS,NJN,2513.0,,77,81,-4
200211300POR,RS,NJN,2532.0,,77,82,-5
200211300POR,RS,NJN,2561.0,,79,82,-3
200211300POR,RS,NJN,2665.0,,80,82,-2
200211300POR,RS,NJN,2665.0,,81,82,-1
200211300POR,RS,NJN,2714.0,,81,84,-3
200211300POR,RS,NJN,2736.0,T,84,84,0
200211300POR,RS,NJN,2749.0,,84,85,-1
200211300POR,RS,NJN,2749.0,,84,86,-2
200211300POR,RS,NJN,2775.0,,84,87,-3
200211300POR,RS,NJN,2797.0,,86,87,-1
200211300POR,RS,NJN,2806.0,,86,89,-3
200211300POR,RS,NJN,2842.0,,86,91,-5
200211300POR,RS,NJN,2857.7,,86,92,-6
200211300POR,RS,NJN,2857.7,F,86,93,-7
200211300POR,RS,NJN,2880.0,,86,93,-7
200212040POR,RS,DAL,0.0,,0,0,0
200212040POR,RS,DAL,15.0,,0,2,-2
200212040POR,RS,DAL,37.0,T,2,2,0
200212040POR,RS,DAL,64.0,LC,3,2,1
200212040POR,RS,DAL,64.0,,4,2,2
200212040POR,RS,DAL,146.0,,7,2,5
200212040POR,RS,DAL,169.0,,7,4,3
200212040POR,RS,DAL,184.0,,7,6,1
200212040POR,RS,DAL,252.0,T,7,7,0
200212040POR,RS,DAL,252.0,LC,7,8,-1
200212040POR,RS,DAL,277.0,,7,10,-3
200212040POR,RS,DAL,323.0,,7,13,-6
200212040POR,RS,DAL,343.0,,9,13,-4
200212040POR,RS,DAL,420.0,,11,13,-2
200212040POR,RS,DAL,439.0,,11,16,-5
200212040POR,RS,DAL,503.0,,13,16,-3
200212040POR,RS,DAL,531.0,,15,16,-1
200212040POR,RS,DAL,559.0,,15,18,-3
200212040POR,RS,DAL,570.0,,17,18,-1
200212040POR,RS,DAL,613.0,LC,19,18,1
200212040POR,RS,DAL,644.0,LC,19,20,-1
200212040POR,RS,DAL,665.4,T,20,20,0
200212040POR,RS,DAL,665.4,LC,21,20,1
200212040POR,RS,DAL,684.5,LC,21,23,-2
200212040POR,RS,DAL,699.3,T,23,23,0
200212040POR,RS,DAL,769.0,LC,25,23,2
200212040POR,RS,DAL,796.0,T,25,25,0
200212040POR,RS,DAL,823.0,LC,25,28,-3
200212040POR,RS,DAL,836.0,,27,28,-1
200212040POR,RS,DAL,857.0,LC,30,28,2
200212040POR,RS,DAL,878.0,LC,30,31,-1
200212040POR,RS,DAL,907.0,LC,32,31,1
200212040POR,RS,DAL,943.0,LC,32,33,-1
200212040POR,RS,DAL,961.0,,32,34,-2
200212040POR,RS,DAL,974.0,T,34,34,0
200212040POR,RS,DAL,1024.0,,34,36,-2
200212040POR,RS,DAL,1059.0,,34,39,-5
200212040POR,RS,DAL,1131.0,,34,42,-8
200212040POR,RS,DAL,1172.0,,34,45,-11
200212040POR,RS,DAL,1189.0,,36,45,-9
200212040POR,RS,DAL,1210.0,,36,48,-12
200212040POR,RS,DAL,1251.0,,36,51,-15
200212040POR,RS,DAL,1275.0,,38,51,-13
200212040POR,RS,DAL,1286.0,,41,51,-10
200212040POR,RS,DAL,1331.0,,43,51,-8
200212040POR,RS,DAL,1361.0,,43,54,-11
200212040POR,RS,DAL,1379.0,,45,54,-9
200212040POR,RS,DAL,1511.0,,45,56,-11
200212040POR,RS,DAL,1528.0,,47,56,-9
200212040POR,RS,DAL,1565.0,,48,56,-8
200212040POR,RS,DAL,1573.0,,48,58,-10
200212040POR,RS,DAL,1589.0,,50,58,-8
200212040POR,RS,DAL,1602.0,,50,60,-10
200212040POR,RS,DAL,1602.0,,50,61,-11
200212040POR,RS,DAL,1622.0,,51,61,-10
200212040POR,RS,DAL,1622.0,,52,61,-9
200212040POR,RS,DAL,1656.0,,52,63,-11
200212040POR,RS,DAL,1686.0,,52,65,-13
200212040POR,RS,DAL,1708.0,,53,65,-12
200212040POR,RS,DAL,1708.0,,54,65,-11
200212040POR,RS,DAL,1718.0,,54,67,-13
200212040POR,RS,DAL,1718.0,,54,68,-14
200212040POR,RS,DAL,1757.0,,56,68,-12
200212040POR,RS,DAL,1837.0,,56,69,-13
200212040POR,RS,DAL,1837.0,,56,70,-14
200212040POR,RS,DAL,1845.0,,58,70,-12
200212040POR,RS,DAL,1864.0,,60,70,-10
200212040POR,RS,DAL,1864.0,,61,70,-9
200212040POR,RS,DAL,1878.0,,61,72,-11
200212040POR,RS,DAL,1901.0,,63,72,-9
200212040POR,RS,DAL,1942.0,,63,74,-11
200212040POR,RS,DAL,1953.0,,65,74,-9
200212040POR,RS,DAL,1976.0,,65,76,-11
200212040POR,RS,DAL,1995.0,,67,76,-9
200212040POR,RS,DAL,2032.0,,69,76,-7
200212040POR,RS,DAL,2088.0,,69,78,-9
200212040POR,RS,DAL,2211.0,,69,80,-11
200212040POR,RS,DAL,2263.0,,69,82,-13
200212040POR,RS,DAL,2277.0,,70,82,-12
200212040POR,RS,DAL,2277.0,,71,82,-11
200212040POR,RS,DAL,2314.0,,73,82,-9
200212040POR,RS,DAL,2337.0,,73,85,-12
200212040POR,RS,DAL,2396.0,,73,87,-14
200212040POR,RS,DAL,2427.0,,75,87,-12
200212040POR,RS,DAL,2468.0,,75,90,-15
200212040POR,RS,DAL,2485.0,,77,90,-13
200212040POR,RS,DAL,2504.0,,77,92,-15
200212040POR,RS,DAL,2521.0,,77,93,-16
200212040POR,RS,DAL,2531.0,,79,93,-14
200212040POR,RS,DAL,2575.0,,79,95,-16
200212040POR,RS,DAL,2617.0,,79,97,-18
200212040POR,RS,DAL,2634.0,,79,99,-20
200212040POR,RS,DAL,2650.0,,81,99,-18
200212040POR,RS,DAL,2662.0,,81,101,-20
200212040POR,RS,DAL,2785.0,,81,103,-22
200212040POR,RS,DAL,2806.0,,83,103,-20
200212040POR,RS,DAL,2806.0,,84,103,-19
200212040POR,RS,DAL,2841.1,,86,103,-17
200212040POR,RS,DAL,2876.0,F,88,103,-15
200212040POR,RS,DAL,2880.0,,88,103,-15
200212060POR,RS,MIA,0.0,,0,0,0
200212060POR,RS,MIA,17.0,,2,0,2
200212060POR,RS,MIA,77.0,T,2,2,0
200212060POR,RS,MIA,92.0,,3,2,1
200212060POR,RS,MIA,121.0,,4,2,2
200212060POR,RS,MIA,158.0,,5,2,3
200212060POR,RS,MIA,158.0,,6,2,4
200212060POR,RS,MIA,186.0,,8,2,6
200212060POR,RS,MIA,208.0,,10,2,8
200212060POR,RS,MIA,244.0,,11,2,9
200212060POR,RS,MIA,254.0,,13,2,11
200212060POR,RS,MIA,304.0,,16,2,14
200212060POR,RS,MIA,342.0,,18,2,16
200212060POR,RS,MIA,368.0,,20,2,18
200212060POR,RS,MIA,383.0,,21,2,19
200212060POR,RS,MIA,414.0,,22,2,20
200212060POR,RS,MIA,452.0,,22,4,18
200212060POR,RS,MIA,452.0,,22,5,17
200212060POR,RS,MIA,506.0,,22,7,15
200212060POR,RS,MIA,602.0,,24,7,17
200212060POR,RS,MIA,644.0,,26,7,19
200212060POR,RS,MIA,665.0,,26,9,17
200212060POR,RS,MIA,717.0,,26,11,15
200212060POR,RS,MIA,795.0,,27,11,16
200212060POR,RS,MIA,825.0,,29,11,18
200212060POR,RS,MIA,844.0,,29,14,15
200212060POR,RS,MIA,899.0,,32,14,18
200212060POR,RS,MIA,972.0,,34,14,20
200212060POR,RS,MIA,1018.0,,34,17,17
200212060POR,RS,MIA,1052.0,,36,17,19
200212060POR,RS,MIA,1066.0,,38,17,21
200212060POR,RS,MIA,1087.0,,38,20,18
200212060POR,RS,MIA,1135.0,,39,20,19
200212060POR,RS,MIA,1135.0,,40,20,20
200212060POR,RS,MIA,1173.0,,42,20,22
200212060POR,RS,MIA,1250.0,,44,20,24
200212060POR,RS,MIA,1331.0,,46,20,26
200212060POR,RS,MIA,1365.0,,48,20,28
200212060POR,RS,MIA,1382.4,,48,22,26
200212060POR,RS,MIA,1488.0,,50,22,28
200212060POR,RS,MIA,1554.0,,50,24,26
200212060POR,RS,MIA,1572.0,,51,24,27
200212060POR,RS,MIA,1600.0,,51,26,25
200212060POR,RS,MIA,1613.0,,53,26,27
200212060POR,RS,MIA,1635.0,,53,28,25
200212060POR,RS,MIA,1747.0,,55,28,27
200212060POR,RS,MIA,1784.0,,55,30,25
200212060POR,RS,MIA,1821.0,,55,32,23
200212060POR,RS,MIA,1846.0,,55,33,22
200212060POR,RS,MIA,1864.0,,57,33,24
200212060POR,RS,MIA,1887.0,,57,35,22
200212060POR,RS,MIA,1929.0,,58,35,23
200212060POR,RS,MIA,1929.0,,59,35,24
200212060POR,RS,MIA,1954.0,,59,37,22
200212060POR,RS,MIA,1994.0,,60,37,23
200212060POR,RS,MIA,2012.0,,60,39,21
200212060POR,RS,MIA,2038.0,,62,39,23
200212060POR,RS,MIA,2082.0,,64,39,25
200212060POR,RS,MIA,2117.5,,65,39,26
200212060POR,RS,MIA,2117.5,,66,39,27
200212060POR,RS,MIA,2145.4,,66,41,25
200212060POR,RS,MIA,2184.0,,68,41,27
200212060POR,RS,MIA,2200.0,,68,43,25
200212060POR,RS,MIA,2231.0,,70,43,27
200212060POR,RS,MIA,2247.0,,70,45,25
200212060POR,RS,MIA,2320.0,,70,47,23
200212060POR,RS,MIA,2357.0,,72,47,25
200212060POR,RS,MIA,2381.0,,72,48,24
200212060POR,RS,MIA,2381.0,,72,49,23
200212060POR,RS,MIA,2395.0,,73,49,24
200212060POR,RS,MIA,2395.0,,74,49,25
200212060POR,RS,MIA,2433.0,,76,49,27
200212060POR,RS,MIA,2454.0,,76,51,25
200212060POR,RS,MIA,2454.0,,76,52,24
200212060POR,RS,MIA,2462.0,,77,52,25
200212060POR,RS,MIA,2501.0,,77,54,23
200212060POR,RS,MIA,2532.0,,77,56,21
200212060POR,RS,MIA,2545.0,,78,56,22
200212060POR,RS,MIA,2545.0,,79,56,23
200212060POR,RS,MIA,2559.0,,79,57,22
200212060POR,RS,MIA,2605.0,,79,58,21
200212060POR,RS,MIA,2605.0,,79,59,20
200212060POR,RS,MIA,2631.0,,79,60,19
200212060POR,RS,MIA,2681.0,,81,60,21
200212060POR,RS,MIA,2703.0,,82,60,22
200212060POR,RS,MIA,2723.0,,82,62,20
200212060POR,RS,MIA,2755.0,,82,64,18
200212060POR,RS,MIA,2768.0,,84,64,20
200212060POR,RS,MIA,2790.0,,86,64,22
200212060POR,RS,MIA,2819.0,,88,64,24
200212060POR,RS,MIA,2847.7,,88,66,22
200212060POR,RS,MIA,2879.8,F,88,69,19
200212060POR,RS,MIA,2880.0,,88,69,19
200212080TOR,RS,TOR,0.0,,0,0,0
200212080TOR,RS,TOR,20.0,,0,3,-3
200212080TOR,RS,TOR,82.0,T,3,3,0
200212080TOR,RS,TOR,99.0,,3,5,-2
200212080TOR,RS,TOR,124.0,T,5,5,0
200212080TOR,RS,TOR,137.0,,5,7,-2
200212080TOR,RS,TOR,166.0,T,7,7,0
200212080TOR,RS,TOR,181.0,,7,10,-3
200212080TOR,RS,TOR,209.0,,9,10,-1
200212080TOR,RS,TOR,227.0,LC,11,10,1
200212080TOR,RS,TOR,309.0,LC,11,12,-1
200212080TOR,RS,TOR,335.0,,11,14,-3
200212080TOR,RS,TOR,344.0,,13,14,-1
200212080TOR,RS,TOR,362.0,,13,17,-4
200212080TOR,RS,TOR,372.0,,15,17,-2
200212080TOR,RS,TOR,406.0,,15,19,-4
200212080TOR,RS,TOR,443.0,,17,19,-2
200212080TOR,RS,TOR,464.0,,17,21,-4
200212080TOR,RS,TOR,487.0,,18,21,-3
200212080TOR,RS,TOR,487.0,,19,21,-2
200212080TOR,RS,TOR,527.0,T,21,21,0
200212080TOR,RS,TOR,554.0,,21,22,-1
200212080TOR,RS,TOR,554.0,,21,23,-2
200212080TOR,RS,TOR,564.0,T,23,23,0
200212080TOR,RS,TOR,609.0,LC,25,23,2
200212080TOR,RS,TOR,623.0,T,25,25,0
200212080TOR,RS,TOR,644.0,,27,25,2
200212080TOR,RS,TOR,662.3,T,27,27,0
200212080TOR,RS,TOR,708.4,,29,27,2
200212080TOR,RS,TOR,759.0,,30,27,3
200212080TOR,RS,TOR,759.0,,31,27,4
200212080TOR,RS,TOR,778.0,,33,27,6
200212080TOR,RS,TOR,802.0,,34,27,7
200212080TOR,RS,TOR,802.0,,35,27,8
200212080TOR,RS,TOR,821.0,,35,30,5
200212080TOR,RS,TOR,851.0,,35,32,3
200212080TOR,RS,TOR,864.0,,37,32,5
200212080TOR,RS,TOR,887.0,,37,34,3
200212080TOR,RS,TOR,905.0,,39,34,5
200212080TOR,RS,TOR,924.0,,39,36,3
200212080TOR,RS,TOR,955.0,,39,38,1
200212080TOR,RS,TOR,1021.0,LC,39,40,-1
200212080TOR,RS,TOR,1036.0,LC,41,40,1
200212080TOR,RS,TOR,1054.0,LC,41,42,-1
200212080TOR,RS,TOR,1071.0,LC,43,42,1
200212080TOR,RS,TOR,1092.0,LC,43,44,-1
200212080TOR,RS,TOR,1122.0,LC,45,44,1
200212080TOR,RS,TOR,1144.0,T,45,45,0
200212080TOR,RS,TOR,1144.0,LC,45,46,-1
200212080TOR,RS,TOR,1165.0,T,46,46,0
200212080TOR,RS,TOR,1194.0,LC,47,46,1
200212080TOR,RS,TOR,1194.0,,48,46,2
200212080TOR,RS,TOR,1215.0,LC,48,49,-1
200212080TOR,RS,TOR,1229.0,T,49,49,0
200212080TOR,RS,TOR,1229.0,LC,50,49,1
200212080TOR,RS,TOR,1246.0,,52,49,3
200212080TOR,RS,TOR,1335.0,,54,49,5
200212080TOR,RS,TOR,1357.0,,56,49,7
200212080TOR,RS,TOR,1389.6,,56,52,4
200212080TOR,RS,TOR,1439.9,,58,52,6
200212080TOR,RS,TOR,1461.0,,60,52,8
200212080TOR,RS,TOR,1500.0,,62,52,10
200212080TOR,RS,TOR,1521.0,,62,54,8
200212080TOR,RS,TOR,1528.0,,64,54,10
200212080TOR,RS,TOR,1552.0,,66,54,12
200212080TOR,RS,TOR,1575.0,,66,57,9
200212080TOR,RS,TOR,1604.0,,66,60,6
200212080TOR,RS,TOR,1623.0,,66,63,3
200212080TOR,RS,TOR,1642.0,,67,63,4
200212080TOR,RS,TOR,1642.0,,68,63,5
200212080TOR,RS,TOR,1719.0,,68,64,4
200212080TOR,RS,TOR,1753.0,,70,64,6
200212080TOR,RS,TOR,1782.0,,71,64,7
200212080TOR,RS,TOR,1799.0,,71,66,5
200212080TOR,RS,TOR,1808.0,,73,66,7
200212080TOR,RS,TOR,1852.0,,73,68,5
200212080TOR,RS,TOR,1879.0,,73,70,3
200212080TOR,RS,TOR,1901.0,,75,70,5
200212080TOR,RS,TOR,1918.0,,75,73,2
200212080TOR,RS,TOR,1929.0,,77,73,4
200212080TOR,RS,TOR,1992.0,,78,73,5
200212080TOR,RS,TOR,1992.0,,79,73,6
200212080TOR,RS,TOR,2094.0,,81,73,8
200212080TOR,RS,TOR,2094.0,,82,73,9
200212080TOR,RS,TOR,2117.1,,82,75,7
200212080TOR,RS,TOR,2197.0,,85,75,10
200212080TOR,RS,TOR,2234.0,,88,75,13
200212080TOR,RS,TOR,2322.0,,88,77,11
200212080TOR,RS,TOR,2350.0,,91,77,14
200212080TOR,RS,TOR,2415.0,,91,79,12
200212080TOR,RS,TOR,2436.0,,93,79,14
200212080TOR,RS,TOR,2456.0,,93,81,12
200212080TOR,RS,TOR,2456.0,,93,82,11
200212080TOR,RS,TOR,2486.0,,93,84,9
200212080TOR,RS,TOR,2507.0,,96,84,12
200212080TOR,RS,TOR,2592.0,,96,85,11
200212080TOR,RS,TOR,2613.0,,98,85,13
200212080TOR,RS,TOR,2648.0,,100,85,15
200212080TOR,RS,TOR,2694.0,,102,85,17
200212080TOR,RS,TOR,2772.0,,104,85,19
200212080TOR,RS,TOR,2777.0,,104,87,17
200212080TOR,RS,TOR,2796.0,,104,88,16
200212080TOR,RS,TOR,2796.0,,104,89,15
200212080TOR,RS,TOR,2846.6,F,104,91,13
200212080TOR,RS,TOR,2880.0,,104,91,13
200212100WAS,RS,WAS,0.0,,0,0,0
200212100WAS,RS,WAS,57.0,,2,0,2
200212100WAS,RS,WAS,85.0,,4,0,4
200212100WAS,RS,WAS,110.0,,4,1,3
200212100WAS,RS,WAS,110.0,,4,2,2
200212100WAS,RS,WAS,138.0,,6,2,4
200212100WAS,RS,WAS,160.0,,6,4,2
200212100WAS,RS,WAS,196.0,,7,4,3
200212100WAS,RS,WAS,196.0,,8,4,4
200212100WAS,RS,WAS,245.0,,8,6,2
200212100WAS,RS,WAS,279.0,,10,6,4
200212100WAS,RS,WAS,292.0,,10,8,2
200212100WAS,RS,WAS,307.0,,12,8,4
200212100WAS,RS,WAS,336.0,,14,8,6
200212100WAS,RS,WAS,377.0,,14,10,4
200212100WAS,RS,WAS,394.0,,16,10,6
200212100WAS,RS,WAS,416.0,,17,10,7
200212100WAS,RS,WAS,416.0,,18,10,8
200212100WAS,RS,WAS,429.0,,18,12,6
200212100WAS,RS,WAS,513.0,,20,12,8
200212100WAS,RS,WAS,532.0,,20,14,6
200212100WAS,RS,WAS,578.0,,22,14,8
200212100WAS,RS,WAS,602.0,,23,14,9
200212100WAS,RS,WAS,631.0,,23,16,7
200212100WAS,RS,WAS,648.0,,25,16,9
200212100WAS,RS,WAS,673.6,,27,16,11
200212100WAS,RS,WAS,681.5,,27,18,9
200212100WAS,RS,WAS,692.1,,29,18,11
200212100WAS,RS,WAS,736.0,,31,18,13
200212100WAS,RS,WAS,755.0,,31,19,12
200212100WAS,RS,WAS,773.0,,32,19,13
200212100WAS,RS,WAS,794.0,,32,21,11
200212100WAS,RS,WAS,814.0,,33,21,12
200212100WAS,RS,WAS,826.0,,36,21,15
200212100WAS,RS,WAS,850.0,,36,23,13
200212100WAS,RS,WAS,874.0,,39,23,16
200212100WAS,RS,WAS,917.0,,39,24,15
200212100WAS,RS,WAS,934.0,,41,24,17
200212100WAS,RS,WAS,954.0,,41,26,15
200212100WAS,RS,WAS,970.0,,43,26,17
200212100WAS,RS,WAS,1020.0,,43,28,15
200212100WAS,RS,WAS,1043.0,,45,28,17
200212100WAS,RS,WAS,1093.0,,45,30,15
200212100WAS,RS,WAS,1159.0,,45,32,13
200212100WAS,RS,WAS,1183.0,,47,32,15
200212100WAS,RS,WAS,1197.0,,47,34,13
200212100WAS,RS,WAS,1211.0,,49,34,15
200212100WAS,RS,WAS,1254.0,,51,34,17
200212100WAS,RS,WAS,1267.0,,51,36,15
200212100WAS,RS,WAS,1267.0,,51,37,14
200212100WAS,RS,WAS,1287.0,,53,37,16
200212100WAS,RS,WAS,1320.0,,55,37,18
200212100WAS,RS,WAS,1357.0,,55,39,16
200212100WAS,RS,WAS,1414.0,,57,39,18
200212100WAS,RS,WAS,1472.0,,57,40,17
200212100WAS,RS,WAS,1491.0,,57,42,15
200212100WAS,RS,WAS,1510.0,,58,42,16
200212100WAS,RS,WAS,1510.0,,59,42,17
200212100WAS,RS,WAS,1528.0,,59,43,16
200212100WAS,RS,WAS,1559.0,,61,43,18
200212100WAS,RS,WAS,1580.0,,61,45,16
200212100WAS,RS,WAS,1614.0,,61,47,14
200212100WAS,RS,WAS,1643.0,,63,47,16
200212100WAS,RS,WAS,1667.0,,63,49,14
200212100WAS,RS,WAS,1686.0,,65,49,16
200212100WAS,RS,WAS,1745.0,,67,49,18
200212100WAS,RS,WAS,1826.0,,69,49,20
200212100WAS,RS,WAS,1891.0,,69,51,18
200212100WAS,RS,WAS,1912.0,,71,51,20
200212100WAS,RS,WAS,1930.0,,71,53,18
200212100WAS,RS,WAS,1949.0,,73,53,20
200212100WAS,RS,WAS,1979.0,,76,53,23
200212100WAS,RS,WAS,2007.0,,76,54,22
200212100WAS,RS,WAS,2007.0,,76,55,21
200212100WAS,RS,WAS,2023.0,,78,55,23
200212100WAS,RS,WAS,2101.5,,78,57,21
200212100WAS,RS,WAS,2143.8,,81,57,24
200212100WAS,RS,WAS,2182.0,,81,59,22
200212100WAS,RS,WAS,2202.0,,83,59,24
200212100WAS,RS,WAS,2272.0,,85,59,26
200212100WAS,RS,WAS,2288.0,,85,61,24
200212100WAS,RS,WAS,2335.0,,85,63,22
200212100WAS,RS,WAS,2365.0,,85,65,20
200212100WAS,RS,WAS,2389.0,,86,65,21
200212100WAS,RS,WAS,2413.0,,88,65,23
200212100WAS,RS,WAS,2438.0,,89,65,24
200212100WAS,RS,WAS,2438.0,,90,65,25
200212100WAS,RS,WAS,2457.0,,90,67,23
200212100WAS,RS,WAS,2536.0,,92,67,25
200212100WAS,RS,WAS,2562.0,,92,69,23
200212100WAS,RS,WAS,2660.0,,92,70,22
200212100WAS,RS,WAS,2660.0,,92,71,21
200212100WAS,RS,WAS,2678.0,,93,71,22
200212100WAS,RS,WAS,2678.0,,94,71,23
200212100WAS,RS,WAS,2714.0,,94,73,21
200212100WAS,RS,WAS,2728.0,,96,73,23
200212100WAS,RS,WAS,2746.0,,96,75,21
200212100WAS,RS,WAS,2799.0,,96,77,19
200212100WAS,RS,WAS,2831.5,,96,79,17
200212100WAS,RS,WAS,2843.4,F,98,79,19
200212100WAS,RS,WAS,2880.0,,98,79,19
200212110NJN,RS,NJN,0.0,,0,0,0
200212110NJN,RS,NJN,100.0,,0,2,-2
200212110NJN,RS,NJN,158.0,,0,3,-3
200212110NJN,RS,NJN,180.0,,1,3,-2
200212110NJN,RS,NJN,204.0,,1,5,-4
200212110NJN,RS,NJN,221.0,,3,5,-2
200212110NJN,RS,NJN,309.0,,3,7,-4
200212110NJN,RS,NJN,324.0,,5,7,-2
200212110NJN,RS,NJN,346.0,LC,8,7,1
200212110NJN,RS,NJN,367.0,LC,8,9,-1
200212110NJN,RS,NJN,403.0,,8,10,-2
200212110NJN,RS,NJN,403.0,,8,11,-3
200212110NJN,RS,NJN,428.0,,8,13,-5
200212110NJN,RS,NJN,471.0,,8,14,-6
200212110NJN,RS,NJN,471.0,,8,15,-7
200212110NJN,RS,NJN,496.0,,10,15,-5
200212110NJN,RS,NJN,522.0,,12,15,-3
200212110NJN,RS,NJN,543.0,,12,17,-5
200212110NJN,RS,NJN,560.0,,14,17,-3
200212110NJN,RS,NJN,588.0,,15,17,-2
200212110NJN,RS,NJN,588.0,,16,17,-1
200212110NJN,RS,NJN,612.0,LC,18,17,1
200212110NJN,RS,NJN,630.0,,20,17,3
200212110NJN,RS,NJN,652.0,,20,19,1
200212110NJN,RS,NJN,672.6,LC,20,21,-1
200212110NJN,RS,NJN,672.6,,20,22,-2
200212110NJN,RS,NJN,696.3,,21,22,-1
200212110NJN,RS,NJN,715.6,,21,24,-3
200212110NJN,RS,NJN,744.0,,21,26,-5
200212110NJN,RS,NJN,767.0,,23,26,-3
200212110NJN,RS,NJN,781.0,,23,28,-5
200212110NJN,RS,NJN,795.0,,25,28,-3
200212110NJN,RS,NJN,823.0,T,28,28,0
200212110NJN,RS,NJN,835.0,,28,30,-2
200212110NJN,RS,NJN,883.0,,28,32,-4
200212110NJN,RS,NJN,897.0,,30,32,-2
200212110NJN,RS,NJN,897.0,,31,32,-1
200212110NJN,RS,NJN,917.0,,31,34,-3
200212110NJN,RS,NJN,964.0,,33,34,-1
200212110NJN,RS,NJN,980.0,,33,36,-3
200212110NJN,RS,NJN,1020.0,,33,38,-5
200212110NJN,RS,NJN,1038.0,,35,38,-3
200212110NJN,RS,NJN,1054.0,,35,41,-6
200212110NJN,RS,NJN,1067.0,,36,41,-5
200212110NJN,RS,NJN,1067.0,,37,41,-4
200212110NJN,RS,NJN,1084.0,,37,43,-6
200212110NJN,RS,NJN,1104.0,,37,45,-8
200212110NJN,RS,NJN,1137.0,,37,46,-9
200212110NJN,RS,NJN,1137.0,,37,47,-10
200212110NJN,RS,NJN,1165.0,,37,49,-12
200212110NJN,RS,NJN,1184.0,,38,49,-11
200212110NJN,RS,NJN,1202.0,,38,51,-13
200212110NJN,RS,NJN,1267.0,,40,51,-11
200212110NJN,RS,NJN,1287.0,,40,52,-12
200212110NJN,RS,NJN,1287.0,,40,53,-13
200212110NJN,RS,NJN,1320.0,,42,53,-11
200212110NJN,RS,NJN,1365.0,,42,54,-12
200212110NJN,RS,NJN,1365.0,,42,55,-13
200212110NJN,RS,NJN,1380.8,,42,57,-15
200212110NJN,RS,NJN,1380.8,,42,58,-16
200212110NJN,RS,NJN,1380.8,,42,59,-17
200212110NJN,RS,NJN,1387.2,,43,59,-16
200212110NJN,RS,NJN,1408.2,,44,59,-15
200212110NJN,RS,NJN,1408.2,,45,59,-14
200212110NJN,RS,NJN,1432.6,,47,59,-12
200212110NJN,RS,NJN,1489.0,,49,59,-10
200212110NJN,RS,NJN,1548.0,,51,59,-8
200212110NJN,RS,NJN,1567.0,,51,61,-10
200212110NJN,RS,NJN,1601.0,,53,61,-8
200212110NJN,RS,NJN,1650.0,,55,61,-6
200212110NJN,RS,NJN,1739.0,,57,61,-4
200212110NJN,RS,NJN,1759.0,,57,63,-6
200212110NJN,RS,NJN,1760.0,,58,63,-5
200212110NJN,RS,NJN,1796.0,,58,65,-7
200212110NJN,RS,NJN,1811.0,,60,65,-5
200212110NJN,RS,NJN,1852.0,,60,67,-7
200212110NJN,RS,NJN,1915.0,,60,69,-9
200212110NJN,RS,NJN,1934.0,,61,69,-8
200212110NJN,RS,NJN,1934.0,,62,69,-7
200212110NJN,RS,NJN,1952.0,,62,71,-9
200212110NJN,RS,NJN,1969.0,,62,74,-12
200212110NJN,RS,NJN,2034.0,,62,76,-14
200212110NJN,RS,NJN,2046.0,,64,76,-12
200212110NJN,RS,NJN,2083.0,,66,76,-10
200212110NJN,RS,NJN,2097.0,,66,78,-12
200212110NJN,RS,NJN,2148.2,,68,78,-10
200212110NJN,RS,NJN,2171.0,,68,80,-12
200212110NJN,RS,NJN,2189.0,,70,80,-10
200212110NJN,RS,NJN,2206.0,,70,82,-12
200212110NJN,RS,NJN,2250.0,,71,82,-11
200212110NJN,RS,NJN,2250.0,,72,82,-10
200212110NJN,RS,NJN,2260.0,,72,84,-12
200212110NJN,RS,NJN,2282.0,,74,84,-10
200212110NJN,RS,NJN,2311.0,,77,84,-7
200212110NJN,RS,NJN,2330.0,,77,86,-9
200212110NJN,RS,NJN,2352.0,,79,86,-7
200212110NJN,RS,NJN,2352.0,,80,86,-6
200212110NJN,RS,NJN,2377.0,,82,86,-4
200212110NJN,RS,NJN,2392.0,,82,88,-6
200212110NJN,RS,NJN,2406.0,,83,88,-5
200212110NJN,RS,NJN,2455.0,,83,90,-7
200212110NJN,RS,NJN,2493.0,,83,93,-10
200212110NJN,RS,NJN,2512.0,,84,93,-9
200212110NJN,RS,NJN,2512.0,,85,93,-8
200212110NJN,RS,NJN,2527.0,,85,94,-9
200212110NJN,RS,NJN,2565.0,,85,96,-11
200212110NJN,RS,NJN,2577.0,,86,96,-10
200212110NJN,RS,NJN,2591.0,,88,96,-8
200212110NJN,RS,NJN,2615.0,,88,97,-9
200212110NJN,RS,NJN,2649.0,,88,99,-11
200212110NJN,RS,NJN,2662.0,,91,99,-8
200212110NJN,RS,NJN,2679.0,,91,101,-10
200212110NJN,RS,NJN,2709.0,,93,101,-8
200212110NJN,RS,NJN,2744.0,,96,101,-5
200212110NJN,RS,NJN,2771.0,,98,101,-3
200212110NJN,RS,NJN,2807.0,,98,103,-5
200212110NJN,RS,NJN,2847.7,,101,103,-2
200212110NJN,RS,NJN,2879.3,,101,104,-3
200212110NJN,RS,NJN,2879.3,,101,105,-4
200212110NJN,RS,NJN,2879.4,F,104,105,-1
200212110NJN,RS,NJN,2880.0,,104,105,-1
200212130MIL,RS,MIL,0.0,,0,0,0
200212130MIL,RS,MIL,34.0,,2,0,2
200212130MIL,RS,MIL,73.0,,4,0,4
200212130MIL,RS,MIL,92.0,,4,2,2
200212130MIL,RS,MIL,118.0,T,4,4,0
200212130MIL,RS,MIL,152.0,LC,4,6,-2
200212130MIL,RS,MIL,165.0,LC,7,6,1
200212130MIL,RS,MIL,193.0,LC,7,9,-2
200212130MIL,RS,MIL,204.0,T,9,9,0
200212130MIL,RS,MIL,215.0,,9,11,-2
200212130MIL,RS,MIL,262.0,,9,14,-5
200212130MIL,RS,MIL,288.0,,9,16,-7
200212130MIL,RS,MIL,348.0,,9,17,-8
200212130MIL,RS,MIL,348.0,,9,18,-9
200212130MIL,RS,MIL,399.0,,11,18,-7
200212130MIL,RS,MIL,438.0,,12,18,-6
200212130MIL,RS,MIL,438.0,,13,18,-5
200212130MIL,RS,MIL,460.0,,13,19,-6
200212130MIL,RS,MIL,460.0,,13,20,-7
200212130MIL,RS,MIL,560.0,,15,20,-5
200212130MIL,RS,MIL,623.0,,17,20,-3
200212130MIL,RS,MIL,649.0,,17,21,-4
200212130MIL,RS,MIL,649.0,,17,22,-5
200212130MIL,RS,MIL,662.3,,19,22,-3
200212130MIL,RS,MIL,686.7,,19,25,-6
200212130MIL,RS,MIL,706.6,,21,25,-4
200212130MIL,RS,MIL,758.0,,21,27,-6
200212130MIL,RS,MIL,788.0,,23,27,-4
200212130MIL,RS,MIL,802.0,,23,29,-6
200212130MIL,RS,MIL,837.0,,23,31,-8
200212130MIL,RS,MIL,850.0,,25,31,-6
200212130MIL,RS,MIL,867.0,,25,33,-8
200212130MIL,RS,MIL,908.0,,27,33,-6
200212130MIL,RS,MIL,921.0,,27,35,-8
200212130MIL,RS,MIL,1029.0,,29,35,-6
200212130MIL,RS,MIL,1046.0,,29,37,-8
200212130MIL,RS,MIL,1087.0,,31,37,-6
200212130MIL,RS,MIL,1125.0,,31,38,-7
200212130MIL,RS,MIL,1125.0,,31,39,-8
200212130MIL,RS,MIL,1147.0,,31,41,-10
200212130MIL,RS,MIL,1193.0,,33,41,-8
200212130MIL,RS,MIL,1211.0,,34,41,-7
200212130MIL,RS,MIL,1211.0,,35,41,-6
200212130MIL,RS,MIL,1223.0,,35,43,-8
200212130MIL,RS,MIL,1239.0,,37,43,-6
200212130MIL,RS,MIL,1298.0,,38,43,-5
200212130MIL,RS,MIL,1331.0,,40,43,-3
200212130MIL,RS,MIL,1355.0,,40,46,-6
200212130MIL,RS,MIL,1377.0,,42,46,-4
200212130MIL,RS,MIL,1392.7,,42,48,-6
200212130MIL,RS,MIL,1436.9,,45,48,-3
200212130MIL,RS,MIL,1474.0,,47,48,-1
200212130MIL,RS,MIL,1488.0,,47,50,-3
200212130MIL,RS,MIL,1488.0,,47,51,-4
200212130MIL,RS,MIL,1511.0,,47,54,-7
200212130MIL,RS,MIL,1572.0,,47,56,-9
200212130MIL,RS,MIL,1621.0,,47,59,-12
200212130MIL,RS,MIL,1680.0,,49,59,-10
200212130MIL,RS,MIL,1733.0,,49,61,-12
200212130MIL,RS,MIL,1761.0,,49,63,-14
200212130MIL,RS,MIL,1799.0,,49,65,-16
200212130MIL,RS,MIL,1819.0,,52,65,-13
200212130MIL,RS,MIL,1833.0,,52,67,-15
200212130MIL,RS,MIL,1877.0,,52,70,-18
200212130MIL,RS,MIL,1909.0,,52,73,-21
200212130MIL,RS,MIL,1945.0,,52,75,-23
200212130MIL,RS,MIL,1971.0,,54,75,-21
200212130MIL,RS,MIL,2000.0,,54,77,-23
200212130MIL,RS,MIL,2012.0,,57,77,-20
200212130MIL,RS,MIL,2065.0,,59,77,-18
200212130MIL,RS,MIL,2116.4,,60,77,-17
200212130MIL,RS,MIL,2137.7,,60,80,-20
200212130MIL,RS,MIL,2178.0,,60,81,-21
200212130MIL,RS,MIL,2224.0,,60,83,-23
200212130MIL,RS,MIL,2238.0,,62,83,-21
200212130MIL,RS,MIL,2255.0,,62,86,-24
200212130MIL,RS,MIL,2277.0,,64,86,-22
200212130MIL,RS,MIL,2336.0,,65,86,-21
200212130MIL,RS,MIL,2336.0,,66,86,-20
200212130MIL,RS,MIL,2369.0,,68,86,-18
200212130MIL,RS,MIL,2396.0,,68,87,-19
200212130MIL,RS,MIL,2406.0,,70,87,-17
200212130MIL,RS,MIL,2438.0,,72,87,-15
200212130MIL,RS,MIL,2465.0,,72,89,-17
200212130MIL,RS,MIL,2521.0,,74,89,-15
200212130MIL,RS,MIL,2573.0,,74,92,-18
200212130MIL,RS,MIL,2633.0,,74,94,-20
200212130MIL,RS,MIL,2672.0,,74,97,-23
200212130MIL,RS,MIL,2725.0,,74,99,-25
200212130MIL,RS,MIL,2776.0,,76,99,-23
200212130MIL,RS,MIL,2851.3,,76,101,-25
200212130MIL,RS,MIL,2864.6,F,79,101,-22
200212130MIL,RS,MIL,2880.0,,79,101,-22
200212140MIN,RS,MIN,0.0,,0,0,0
200212140MIN,RS,MIN,100.0,,1,0,1
200212140MIN,RS,MIN,100.0,,2,0,2
200212140MIN,RS,MIN,131.0,,2,1,1
200212140MIN,RS,MIN,164.0,LC,2,3,-1
200212140MIN,RS,MIN,184.0,LC,5,3,2
200212140MIN,RS,MIN,216.0,T,5,5,0
200212140MIN,RS,MIN,234.0,LC,5,7,-2
200212140MIN,RS,MIN,304.0,,5,10,-5
200212140MIN,RS,MIN,328.0,,5,12,-7
200212140MIN,RS,MIN,353.0,,7,12,-5
200212140MIN,RS,MIN,370.0,,7,14,-7
200212140MIN,RS,MIN,392.0,,9,14,-5
200212140MIN,RS,MIN,423.0,,11,14,-3
200212140MIN,RS,MIN,480.0,,11,15,-4
200212140MIN,RS,MIN,480.0,,11,16,-5
200212140MIN,RS,MIN,516.4,,13,16,-3
200212140MIN,RS,MIN,523.0,,14,16,-2
200212140MIN,RS,MIN,523.0,,15,16,-1
200212140MIN,RS,MIN,545.0,,15,18,-3
200212140MIN,RS,MIN,572.0,,15,20,-5
200212140MIN,RS,MIN,586.0,,17,20,-3
200212140MIN,RS,MIN,616.0,,19,20,-1
200212140MIN,RS,MIN,671.0,LC,21,20,1
200212140MIN,RS,MIN,685.9,LC,21,22,-1
200212140MIN,RS,MIN,773.0,LC,23,22,1
200212140MIN,RS,MIN,801.0,,25,22,3
200212140MIN,RS,MIN,801.0,,25,23,2
200212140MIN,RS,MIN,819.0,T,25,25,0
200212140MIN,RS,MIN,842.0,LC,25,27,-2
200212140MIN,RS,MIN,869.0,T,27,27,0
200212140MIN,RS,MIN,890.0,LC,29,27,2
200212140MIN,RS,MIN,937.0,,31,27,4
200212140MIN,RS,MIN,961.0,,31,29,2
200212140MIN,RS,MIN,979.0,,33,29,4
200212140MIN,RS,MIN,994.0,,33,31,2
200212140MIN,RS,MIN,1010.0,,35,31,4
200212140MIN,RS,MIN,1023.0,,35,33,2
200212140MIN,RS,MIN,1068.0,T,35,35,0
200212140MIN,RS,MIN,1100.0,LC,35,37,-2
200212140MIN,RS,MIN,1134.0,T,37,37,0
200212140MIN,RS,MIN,1156.0,,37,39,-2
200212140MIN,RS,MIN,1201.0,T,39,39,0
200212140MIN,RS,MIN,1236.0,,39,41,-2
200212140MIN,RS,MIN,1266.0,T,41,41,0
200212140MIN,RS,MIN,1328.0,LC,42,41,1
200212140MIN,RS,MIN,1328.0,,43,41,2
200212140MIN,RS,MIN,1339.0,T,43,43,0
200212140MIN,RS,MIN,1354.0,,45,43,2
200212140MIN,RS,MIN,1379.0,T,45,45,0
200212140MIN,RS,MIN,1405.7,LC,45,47,-2
200212140MIN,RS,MIN,1468.0,T,47,47,0
200212140MIN,RS,MIN,1475.0,,47,49,-2
200212140MIN,RS,MIN,1501.0,,47,51,-4
200212140MIN,RS,MIN,1539.0,,47,53,-6
200212140MIN,RS,MIN,1559.0,,50,53,-3
200212140MIN,RS,MIN,1615.0,,50,55,-5
200212140MIN,RS,MIN,1634.0,,53,55,-2
200212140MIN,RS,MIN,1649.0,T,55,55,0
200212140MIN,RS,MIN,1690.0,LC,57,55,2
200212140MIN,RS,MIN,1710.0,,57,56,1
200212140MIN,RS,MIN,1727.0,,59,56,3
200212140MIN,RS,MIN,1754.0,,61,56,5
200212140MIN,RS,MIN,1786.0,,64,56,8
200212140MIN,RS,MIN,1805.0,,66,56,10
200212140MIN,RS,MIN,1829.0,,66,57,9
200212140MIN,RS,MIN,1829.0,,66,58,8
200212140MIN,RS,MIN,1842.0,,69,58,11
200212140MIN,RS,MIN,1858.0,,69,59,10
200212140MIN,RS,MIN,1897.0,,69,61,8
200212140MIN,RS,MIN,1919.0,,71,61,10
200212140MIN,RS,MIN,1968.0,,71,63,8
200212140MIN,RS,MIN,1992.0,,73,63,10
200212140MIN,RS,MIN,2043.0,,73,64,9
200212140MIN,RS,MIN,2054.0,,73,66,7
200212140MIN,RS,MIN,2110.7,,73,68,5
200212140MIN,RS,MIN,2117.0,,74,68,6
200212140MIN,RS,MIN,2143.1,,76,68,8
200212140MIN,RS,MIN,2202.0,,76,70,6
200212140MIN,RS,MIN,2309.0,,76,72,4
200212140MIN,RS,MIN,2328.0,,76,73,3
200212140MIN,RS,MIN,2350.0,,77,73,4
200212140MIN,RS,MIN,2350.0,,78,73,5
200212140MIN,RS,MIN,2445.0,,78,75,3
200212140MIN,RS,MIN,2485.0,,78,76,2
200212140MIN,RS,MIN,2485.0,,78,77,1
200212140MIN,RS,MIN,2528.0,,79,77,2
200212140MIN,RS,MIN,2584.0,T,79,79,0
200212140MIN,RS,MIN,2644.0,,80,79,1
200212140MIN,RS,MIN,2675.0,,81,79,2
200212140MIN,RS,MIN,2675.0,,82,79,3
200212140MIN,RS,MIN,2698.0,,82,81,1
200212140MIN,RS,MIN,2751.0,,83,81,2
200212140MIN,RS,MIN,2807.0,,85,81,4
200212140MIN,RS,MIN,2824.3,,85,82,3
200212140MIN,RS,MIN,2824.3,,85,83,2
200212140MIN,RS,MIN,2850.6,T,85,85,0
200212140MIN,RS,MIN,2907.0,,87,85,2
200212140MIN,RS,MIN,2927.0,,87,86,1
200212140MIN,RS,MIN,2944.0,,89,86,3
200212140MIN,RS,MIN,2955.0,,89,88,1
200212140MIN,RS,MIN,2992.0,,90,88,2
200212140MIN,RS,MIN,3036.0,,92,88,4
200212140MIN,RS,MIN,3072.0,,95,88,7
200212140MIN,RS,MIN,3084.0,,95,90,5
200212140MIN,RS,MIN,3147.3,,97,90,7
200212140MIN,RS,MIN,3157.5,,97,92,5
200212140MIN,RS,MIN,3157.9,F,98,92,6
200212140MIN,RS,MIN,3180.0,,98,92,6
200212170POR,RS,NOH,0.0,,0,0,0
200212170POR,RS,NOH,11.0,,2,0,2
200212170POR,RS,NOH,57.0,,4,0,4
200212170POR,RS,NOH,67.0,,4,2,2
200212170POR,RS,NOH,111.0,T,4,4,0
200212170POR,RS,NOH,145.0,,6,4,2
200212170POR,RS,NOH,154.0,T,6,6,0
200212170POR,RS,NOH,182.0,,7,6,1
200212170POR,RS,NOH,182.0,,8,6,2
200212170POR,RS,NOH,182.0,,8,7,1
200212170POR,RS,NOH,182.0,T,8,8,0
200212170POR,RS,NOH,203.0,LC,8,10,-2
200212170POR,RS,NOH,219.0,T,10,10,0
200212170POR,RS,NOH,226.0,,10,12,-2
200212170POR,RS,NOH,238.0,T,12,12,0
200212170POR,RS,NOH,252.0,,12,13,-1
200212170POR,RS,NOH,265.0,LC,14,13,1
200212170POR,RS,NOH,281.0,LC,14,15,-1
200212170POR,RS,NOH,365.0,LC,16,15,1
200212170POR,RS,NOH,395.0,,18,15,3
200212170POR,RS,NOH,467.0,T,18,18,0
200212170POR,RS,NOH,497.0,LC,18,20,-2
200212170POR,RS,NOH,513.0,T,20,20,0
200212170POR,RS,NOH,533.0,,20,22,-2
200212170POR,RS,NOH,558.0,,20,24,-4
200212170POR,RS,NOH,573.0,,22,24,-2
200212170POR,RS,NOH,578.0,,22,26,-4
200212170POR,RS,NOH,606.0,,24,26,-2
200212170POR,RS,NOH,653.0,,25,26,-1
200212170POR,RS,NOH,671.5,,25,28,-3
200212170POR,RS,NOH,739.0,,26,28,-2
200212170POR,RS,NOH,757.0,T,28,28,0
200212170POR,RS,NOH,770.0,,28,30,-2
200212170POR,RS,NOH,848.0,,28,32,-4
200212170POR,RS,NOH,900.0,,28,34,-6
200212170POR,RS,NOH,918.0,,30,34,-4
200212170POR,RS,NOH,918.0,,31,34,-3
200212170POR,RS,NOH,961.0,,31,35,-4
200212170POR,RS,NOH,1011.0,,32,35,-3
200212170POR,RS,NOH,1011.0,,33,35,-2
200212170POR,RS,NOH,1039.0,,34,35,-1
200212170POR,RS,NOH,1039.0,T,35,35,0
200212170POR,RS,NOH,1058.0,,35,36,-1
200212170POR,RS,NOH,1058.0,,35,37,-2
200212170POR,RS,NOH,1098.0,T,37,37,0
200212170POR,RS,NOH,1125.0,LC,39,37,2
200212170POR,RS,NOH,1168.0,T,39,39,0
200212170POR,RS,NOH,1211.0,LC,39,41,-2
200212170POR,RS,NOH,1239.0,,39,44,-5
200212170POR,RS,NOH,1257.0,,41,44,-3
200212170POR,RS,NOH,1296.0,,43,44,-1
200212170POR,RS,NOH,1296.0,T,44,44,0
200212170POR,RS,NOH,1316.0,,44,46,-2
200212170POR,RS,NOH,1340.0,T,46,46,0
200212170POR,RS,NOH,1366.0,,46,48,-2
200212170POR,RS,NOH,1392.5,T,48,48,0
200212170POR,RS,NOH,1413.6,,48,49,-1
200212170POR,RS,NOH,1435.9,LC,50,49,1
200212170POR,RS,NOH,1464.0,LC,50,51,-1
200212170POR,RS,NOH,1464.0,,50,52,-2
200212170POR,RS,NOH,1479.0,,51,52,-1
200212170POR,RS,NOH,1479.0,T,52,52,0
200212170POR,RS,NOH,1493.0,,52,54,-2
200212170POR,RS,NOH,1509.0,T,54,54,0
200212170POR,RS,NOH,1568.0,,54,57,-3
200212170POR,RS,NOH,1592.0,,56,57,-1
200212170POR,RS,NOH,1608.0,,56,58,-2
200212170POR,RS,NOH,1608.0,,56,59,-3
200212170POR,RS,NOH,1620.0,,58,59,-1
200212170POR,RS,NOH,1652.0,LC,60,59,1
200212170POR,RS,NOH,1685.0,,61,59,2
200212170POR,RS,NOH,1685.0,,62,59,3
200212170POR,RS,NOH,1744.0,,62,61,1
200212170POR,RS,NOH,1759.0,,63,61,2
200212170POR,RS,NOH,1793.0,,66,61,5
200212170POR,RS,NOH,1814.0,,66,63,3
200212170POR,RS,NOH,1824.0,,67,63,4
200212170POR,RS,NOH,1824.0,,68,63,5
200212170POR,RS,NOH,1843.0,,68,66,2
200212170POR,RS,NOH,1921.0,,71,66,5
200212170POR,RS,NOH,1980.0,,74,66,8
200212170POR,RS,NOH,2018.0,,74,68,6
200212170POR,RS,NOH,2127.3,,75,68,7
200212170POR,RS,NOH,2127.3,,76,68,8
200212170POR,RS,NOH,2179.0,,78,68,10
200212170POR,RS,NOH,2212.0,,78,70,8
200212170POR,RS,NOH,2212.0,,78,71,7
200212170POR,RS,NOH,2247.0,,78,73,5
200212170POR,RS,NOH,2260.0,,81,73,8
200212170POR,RS,NOH,2282.0,,83,73,10
200212170POR,RS,NOH,2329.0,,83,74,9
200212170POR,RS,NOH,2349.0,,83,77,6
200212170POR,RS,NOH,2392.0,,84,77,7
200212170POR,RS,NOH,2415.0,,84,80,4
200212170POR,RS,NOH,2432.0,,86,80,6
200212170POR,RS,NOH,2478.0,,88,80,8
200212170POR,RS,NOH,2495.0,,88,81,7
200212170POR,RS,NOH,2508.0,,90,81,9
200212170POR,RS,NOH,2526.0,,90,82,8
200212170POR,RS,NOH,2526.0,,90,83,7
200212170POR,RS,NOH,2544.0,,91,83,8
200212170POR,RS,NOH,2643.0,,93,83,10
200212170POR,RS,NOH,2663.0,,93,84,9
200212170POR,RS,NOH,2663.0,,93,85,8
200212170POR,RS,NOH,2674.0,,94,85,9
200212170POR,RS,NOH,2695.0,,95,85,10
200212170POR,RS,NOH,2695.0,,96,85,11
200212170POR,RS,NOH,2722.0,,98,85,13
200212170POR,RS,NOH,2787.0,,101,85,16
200212170POR,RS,NOH,2804.0,,101,87,14
200212170POR,RS,NOH,2804.0,,101,88,13
200212170POR,RS,NOH,2829.1,,101,91,10
200212170POR,RS,NOH,2847.8,,102,91,11
200212170POR,RS,NOH,2858.9,F,102,93,9
200212170POR,RS,NOH,2880.0,,102,93,9
200212180LAC,RS,LAC,0.0,,0,0,0
200212180LAC,RS,LAC,19.0,,0,2,-2
200212180LAC,RS,LAC,92.0,T,2,2,0
200212180LAC,RS,LAC,113.0,,2,4,-2
200212180LAC,RS,LAC,143.0,,3,4,-1
200212180LAC,RS,LAC,177.0,LC,5,4,1
200212180LAC,RS,LAC,191.0,T,5,5,0
200212180LAC,RS,LAC,218.0,LC,5,7,-2
200212180LAC,RS,LAC,230.0,T,7,7,0
200212180LAC,RS,LAC,253.0,LC,10,7,3
200212180LAC,RS,LAC,269.0,T,10,10,0
200212180LAC,RS,LAC,309.0,,11,10,1
200212180LAC,RS,LAC,349.0,LC,11,12,-1
200212180LAC,RS,LAC,365.0,LC,13,12,1
200212180LAC,RS,LAC,374.0,LC,13,14,-1
200212180LAC,RS,LAC,403.0,,13,16,-3
200212180LAC,RS,LAC,413.0,,15,16,-1
200212180LAC,RS,LAC,494.0,,15,18,-3
200212180LAC,RS,LAC,501.0,,15,19,-4
200212180LAC,RS,LAC,541.0,,15,21,-6
200212180LAC,RS,LAC,565.0,,17,21,-4
200212180LAC,RS,LAC,585.0,,17,23,-6
200212180LAC,RS,LAC,594.0,,17,24,-7
200212180LAC,RS,LAC,608.0,,19,24,-5
200212180LAC,RS,LAC,637.0,,19,25,-6
200212180LAC,RS,LAC,637.0,,19,26,-7
200212180LAC,RS,LAC,689.0,,21,26,-5
200212180LAC,RS,LAC,715.7,,23,26,-3
200212180LAC,RS,LAC,762.0,,23,29,-6
200212180LAC,RS,LAC,782.0,,25,29,-4
200212180LAC,RS,LAC,819.0,,28,29,-1
200212180LAC,RS,LAC,842.0,,28,32,-4
200212180LAC,RS,LAC,886.0,,28,35,-7
200212180LAC,RS,LAC,914.0,,30,35,-5
200212180LAC,RS,LAC,942.0,,30,38,-8
200212180LAC,RS,LAC,956.0,,31,38,-7
200212180LAC,RS,LAC,975.0,,31,40,-9
200212180LAC,RS,LAC,1044.0,,33,40,-7
200212180LAC,RS,LAC,1061.0,,33,42,-9
200212180LAC,RS,LAC,1074.0,,35,42,-7
200212180LAC,RS,LAC,1098.0,,35,45,-10
200212180LAC,RS,LAC,1122.0,,37,45,-8
200212180LAC,RS,LAC,1155.0,,39,45,-6
200212180LAC,RS,LAC,1263.0,,41,45,-4
200212180LAC,RS,LAC,1278.0,,41,46,-5
200212180LAC,RS,LAC,1278.0,,41,47,-6
200212180LAC,RS,LAC,1298.0,,43,47,-4
200212180LAC,RS,LAC,1352.0,,45,47,-2
200212180LAC,RS,LAC,1364.0,,45,48,-3
200212180LAC,RS,LAC,1378.0,,46,48,-2
200212180LAC,RS,LAC,1391.7,,46,50,-4
200212180LAC,RS,LAC,1423.0,,46,52,-6
200212180LAC,RS,LAC,1458.0,,47,52,-5
200212180LAC,RS,LAC,1484.0,,47,54,-7
200212180LAC,RS,LAC,1517.0,,49,54,-5
200212180LAC,RS,LAC,1532.0,,49,56,-7
200212180LAC,RS,LAC,1599.0,,52,56,-4
200212180LAC,RS,LAC,1617.0,,52,57,-5
200212180LAC,RS,LAC,1617.0,,52,58,-6
200212180LAC,RS,LAC,1641.0,,54,58,-4
200212180LAC,RS,LAC,1662.0,,54,60,-6
200212180LAC,RS,LAC,1683.0,,54,62,-8
200212180LAC,RS,LAC,1770.0,,54,65,-11
200212180LAC,RS,LAC,1800.0,,54,67,-13
200212180LAC,RS,LAC,1819.0,,56,67,-11
200212180LAC,RS,LAC,1847.0,,58,67,-9
200212180LAC,RS,LAC,1875.0,,60,67,-7
200212180LAC,RS,LAC,1892.0,,60,69,-9
200212180LAC,RS,LAC,1947.0,,60,71,-11
200212180LAC,RS,LAC,1980.0,,60,73,-13
200212180LAC,RS,LAC,2022.0,,62,73,-11
200212180LAC,RS,LAC,2022.0,,63,73,-10
200212180LAC,RS,LAC,2044.0,,63,75,-12
200212180LAC,RS,LAC,2060.0,,65,75,-10
200212180LAC,RS,LAC,2086.0,,67,75,-8
200212180LAC,RS,LAC,2103.7,,67,77,-10
200212180LAC,RS,LAC,2173.0,,67,78,-11
200212180LAC,RS,LAC,2173.0,,67,79,-12
200212180LAC,RS,LAC,2205.0,,67,81,-14
200212180LAC,RS,LAC,2270.0,,69,81,-12
200212180LAC,RS,LAC,2341.0,,72,81,-9
200212180LAC,RS,LAC,2364.0,,72,83,-11
200212180LAC,RS,LAC,2385.0,,74,83,-9
200212180LAC,RS,LAC,2404.0,,74,84,-10
200212180LAC,RS,LAC,2460.0,,77,84,-7
200212180LAC,RS,LAC,2478.0,,77,87,-10
200212180LAC,RS,LAC,2496.0,,80,87,-7
200212180LAC,RS,LAC,2531.0,,82,87,-5
200212180LAC,RS,LAC,2555.0,,84,87,-3
200212180LAC,RS,LAC,2593.0,T,87,87,0
200212180LAC,RS,LAC,2715.0,LC,88,87,1
200212180LAC,RS,LAC,2764.0,,90,87,3
200212180LAC,RS,LAC,2805.0,,92,87,5
200212180LAC,RS,LAC,2811.0,,92,88,4
200212180LAC,RS,LAC,2811.0,,92,89,3
200212180LAC,RS,LAC,2857.3,,93,89,4
200212180LAC,RS,LAC,2857.3,,94,89,5
200212180LAC,RS,LAC,2863.4,,94,90,4
200212180LAC,RS,LAC,2863.4,,94,91,3
200212180LAC,RS,LAC,2864.0,,95,91,4
200212180LAC,RS,LAC,2864.0,,96,91,5
200212180LAC,RS,LAC,2865.6,,97,91,6
200212180LAC,RS,LAC,2873.1,F,97,93,4
200212180LAC,RS,LAC,2880.0,,97,93,4
200212200GSW,RS,GSW,0.0,,0,0,0
200212200GSW,RS,GSW,20.0,,0,3,-3
200212200GSW,RS,GSW,41.0,,2,3,-1
200212200GSW,RS,GSW,71.0,LC,4,3,1
200212200GSW,RS,GSW,92.0,,5,3,2
200212200GSW,RS,GSW,108.0,,5,4,1
200212200GSW,RS,GSW,108.0,T,5,5,0
200212200GSW,RS,GSW,134.0,LC,5,8,-3
200212200GSW,RS,GSW,154.0,,7,8,-1
200212200GSW,RS,GSW,183.0,LC,9,8,1
200212200GSW,RS,GSW,200.0,,11,8,3
200212200GSW,RS,GSW,215.0,,11,10,1
200212200GSW,RS,GSW,234.0,LC,11,12,-1
200212200GSW,RS,GSW,260.0,LC,13,12,1
200212200GSW,RS,GSW,302.0,T,13,13,0
200212200GSW,RS,GSW,302.0,LC,13,14,-1
200212200GSW,RS,GSW,314.0,T,14,14,0
200212200GSW,RS,GSW,324.0,,14,16,-2
200212200GSW,RS,GSW,331.0,T,16,16,0
200212200GSW,RS,GSW,344.0,,16,18,-2
200212200GSW,RS,GSW,374.0,,16,20,-4
200212200GSW,RS,GSW,416.0,,18,20,-2
200212200GSW,RS,GSW,441.0,T,20,20,0
200212200GSW,RS,GSW,453.0,,20,22,-2
200212200GSW,RS,GSW,469.0,,21,22,-1
200212200GSW,RS,GSW,469.0,T,22,22,0
200212200GSW,RS,GSW,483.0,,22,24,-2
200212200GSW,RS,GSW,483.0,,22,25,-3
200212200GSW,RS,GSW,511.0,,22,28,-6
200212200GSW,RS,GSW,530.0,,22,30,-8
200212200GSW,RS,GSW,572.0,,24,30,-6
200212200GSW,RS,GSW,592.0,,24,32,-8
200212200GSW,RS,GSW,627.0,,25,32,-7
200212200GSW,RS,GSW,627.0,,26,32,-6
200212200GSW,RS,GSW,645.0,,26,33,-7
200212200GSW,RS,GSW,645.0,,26,34,-8
200212200GSW,RS,GSW,681.6,,28,34,-6
200212200GSW,RS,GSW,689.5,,30,34,-4
200212200GSW,RS,GSW,733.0,,32,34,-2
200212200GSW,RS,GSW,754.0,,32,36,-4
200212200GSW,RS,GSW,807.0,,34,36,-2
200212200GSW,RS,GSW,832.0,,34,38,-4
200212200GSW,RS,GSW,847.0,,35,38,-3
200212200GSW,RS,GSW,847.0,,36,38,-2
200212200GSW,RS,GSW,892.0,,36,40,-4
200212200GSW,RS,GSW,904.0,,37,40,-3
200212200GSW,RS,GSW,913.0,,39,40,-1
200212200GSW,RS,GSW,971.0,LC,41,40,1
200212200GSW,RS,GSW,992.0,LC,41,42,-1
200212200GSW,RS,GSW,1022.0,LC,43,42,1
200212200GSW,RS,GSW,1043.0,,45,42,3
200212200GSW,RS,GSW,1059.0,,45,44,1
200212200GSW,RS,GSW,1076.0,,47,44,3
200212200GSW,RS,GSW,1076.0,,48,44,4
200212200GSW,RS,GSW,1101.0,,48,46,2
200212200GSW,RS,GSW,1119.0,,49,46,3
200212200GSW,RS,GSW,1119.0,,50,46,4
200212200GSW,RS,GSW,1131.0,,50,48,2
200212200GSW,RS,GSW,1177.0,,51,48,3
200212200GSW,RS,GSW,1177.0,,52,48,4
200212200GSW,RS,GSW,1194.0,,52,51,1
200212200GSW,RS,GSW,1253.0,LC,52,54,-2
200212200GSW,RS,GSW,1270.0,,52,56,-4
200212200GSW,RS,GSW,1308.0,,54,56,-2
200212200GSW,RS,GSW,1322.0,T,56,56,0
200212200GSW,RS,GSW,1348.0,,56,59,-3
200212200GSW,RS,GSW,1372.0,,58,59,-1
200212200GSW,RS,GSW,1437.7,,58,61,-3
200212200GSW,RS,GSW,1463.0,,58,63,-5
200212200GSW,RS,GSW,1480.0,,60,63,-3
200212200GSW,RS,GSW,1492.0,,60,65,-5
200212200GSW,RS,GSW,1532.0,,60,67,-7
200212200GSW,RS,GSW,1549.0,,62,67,-5
200212200GSW,RS,GSW,1572.0,,64,67,-3
200212200GSW,RS,GSW,1601.0,T,67,67,0
200212200GSW,RS,GSW,1630.0,LC,69,67,2
200212200GSW,RS,GSW,1656.0,T,69,69,0
200212200GSW,RS,GSW,1656.0,LC,69,70,-1
200212200GSW,RS,GSW,1681.0,LC,72,70,2
200212200GSW,RS,GSW,1719.0,,74,70,4
200212200GSW,RS,GSW,1786.0,,76,70,6
200212200GSW,RS,GSW,1810.0,,76,72,4
200212200GSW,RS,GSW,1822.0,,78,72,6
200212200GSW,RS,GSW,1852.0,,78,75,3
200212200GSW,RS,GSW,1872.0,,80,75,5
200212200GSW,RS,GSW,1888.0,,80,77,3
200212200GSW,RS,GSW,1902.0,,82,77,5
200212200GSW,RS,GSW,1916.0,,82,78,4
200212200GSW,RS,GSW,2026.0,,85,78,7
200212200GSW,RS,GSW,2048.0,,85,79,6
200212200GSW,RS,GSW,2048.0,,85,80,5
200212200GSW,RS,GSW,2077.0,,85,82,3
200212200GSW,RS,GSW,2088.0,,87,82,5
200212200GSW,RS,GSW,2088.0,,88,82,6
200212200GSW,RS,GSW,2107.3,,88,84,4
200212200GSW,RS,GSW,2129.2,,88,85,3
200212200GSW,RS,GSW,2129.2,,88,86,2
200212200GSW,RS,GSW,2154.8,,88,87,1
200212200GSW,RS,GSW,2154.8,T,88,88,0
200212200GSW,RS,GSW,2234.0,,90,88,2
200212200GSW,RS,GSW,2234.0,,91,88,3
200212200GSW,RS,GSW,2253.0,,91,90,1
200212200GSW,RS,GSW,2289.0,LC,91,92,-1
200212200GSW,RS,GSW,2316.0,,91,93,-2
200212200GSW,RS,GSW,2384.0,T,93,93,0
200212200GSW,RS,GSW,2433.0,,93,95,-2
200212200GSW,RS,GSW,2463.0,T,95,95,0
200212200GSW,RS,GSW,2463.0,LC,96,95,1
200212200GSW,RS,GSW,2483.0,LC,96,98,-2
200212200GSW,RS,GSW,2503.0,T,98,98,0
200212200GSW,RS,GSW,2525.0,LC,100,98,2
200212200GSW,RS,GSW,2525.0,,101,98,3
200212200GSW,RS,GSW,2549.0,,101,100,1
200212200GSW,RS,GSW,2566.0,,103,100,3
200212200GSW,RS,GSW,2609.0,,103,102,1
200212200GSW,RS,GSW,2633.0,,104,102,2
200212200GSW,RS,GSW,2633.0,,105,102,3
200212200GSW,RS,GSW,2644.0,,105,104,1
200212200GSW,RS,GSW,2644.0,T,105,105,0
200212200GSW,RS,GSW,2680.0,LC,105,107,-2
200212200GSW,RS,GSW,2715.0,,105,109,-4
200212200GSW,RS,GSW,2741.0,,107,109,-2
200212200GSW,RS,GSW,2791.0,,107,111,-4
200212200GSW,RS,GSW,2806.0,,108,111,-3
200212200GSW,RS,GSW,2806.0,,109,111,-2
200212200GSW,RS,GSW,2842.4,T,111,111,0
200212200GSW,RS,GSW,2879.8,F,113,111,2
200212200GSW,RS,GSW,2880.0,,113,111,2
200212210POR,RS,SEA,0.0,,0,0,0
200212210POR,RS,SEA,38.0,,0,2,-2
200212210POR,RS,SEA,169.0,T,2,2,0
200212210POR,RS,SEA,187.0,,2,5,-3
200212210POR,RS,SEA,199.0,T,5,5,0
200212210POR,RS,SEA,241.0,,5,8,-3
200212210POR,RS,SEA,277.0,,7,8,-1
200212210POR,RS,SEA,332.0,LC,9,8,1
200212210POR,RS,SEA,389.0,LC,9,11,-2
200212210POR,RS,SEA,417.0,T,11,11,0
200212210POR,RS,SEA,417.0,LC,12,11,1
200212210POR,RS,SEA,441.0,LC,12,13,-1
200212210POR,RS,SEA,525.0,,12,15,-3
200212210POR,RS,SEA,540.0,,13,15,-2
200212210POR,RS,SEA,610.0,T,15,15,0
200212210POR,RS,SEA,640.0,LC,17,15,2
200212210POR,RS,SEA,663.4,T,17,17,0
200212210POR,RS,SEA,681.8,,19,17,2
200212210POR,RS,SEA,719.2,,21,17,4
200212210POR,RS,SEA,780.0,,23,17,6
200212210POR,RS,SEA,814.0,,25,17,8
200212210POR,RS,SEA,814.0,,26,17,9
200212210POR,RS,SEA,835.0,,29,17,12
200212210POR,RS,SEA,905.0,,29,19,10
200212210POR,RS,SEA,928.0,,29,20,9
200212210POR,RS,SEA,1040.0,,29,22,7
200212210POR,RS,SEA,1070.0,,31,22,9
200212210POR,RS,SEA,1109.0,,34,22,12
200212210POR,RS,SEA,1136.0,,34,24,10
200212210POR,RS,SEA,1136.0,,34,25,9
200212210POR,RS,SEA,1153.0,,34,27,7
200212210POR,RS,SEA,1193.0,,34,30,4
200212210POR,RS,SEA,1210.0,,36,30,6
200212210POR,RS,SEA,1235.0,,36,32,4
200212210POR,RS,SEA,1294.0,,36,35,1
200212210POR,RS,SEA,1352.0,T,36,36,0
200212210POR,RS,SEA,1352.0,LC,36,37,-1
200212210POR,RS,SEA,1387.1,,36,40,-4
200212210POR,RS,SEA,1398.3,,37,40,-3
200212210POR,RS,SEA,1398.3,,38,40,-2
200212210POR,RS,SEA,1419.6,,38,42,-4
200212210POR,RS,SEA,1501.0,,38,44,-6
200212210POR,RS,SEA,1570.0,,38,46,-8
200212210POR,RS,SEA,1598.0,,40,46,-6
200212210POR,RS,SEA,1598.0,,41,46,-5
200212210POR,RS,SEA,1639.0,,43,46,-3
200212210POR,RS,SEA,1661.0,,43,49,-6
200212210POR,RS,SEA,1697.0,,46,49,-3
200212210POR,RS,SEA,1710.0,,46,51,-5
200212210POR,RS,SEA,1747.0,,46,53,-7
200212210POR,RS,SEA,1771.0,,48,53,-5
200212210POR,RS,SEA,1804.0,,50,53,-3
200212210POR,RS,SEA,1840.0,,50,55,-5
200212210POR,RS,SEA,1840.0,,50,56,-6
200212210POR,RS,SEA,1859.0,,52,56,-4
200212210POR,RS,SEA,1903.0,,52,58,-6
200212210POR,RS,SEA,1944.0,,52,59,-7
200212210POR,RS,SEA,1944.0,,52,60,-8
200212210POR,RS,SEA,1970.0,,54,60,-6
200212210POR,RS,SEA,2030.0,,56,60,-4
200212210POR,RS,SEA,2045.0,,56,61,-5
200212210POR,RS,SEA,2045.0,,56,62,-6
200212210POR,RS,SEA,2061.0,,58,62,-4
200212210POR,RS,SEA,2130.8,,58,63,-5
200212210POR,RS,SEA,2149.9,,58,64,-6
200212210POR,RS,SEA,2149.9,,58,65,-7
200212210POR,RS,SEA,2170.0,,59,65,-6
200212210POR,RS,SEA,2214.0,,59,67,-8
200212210POR,RS,SEA,2226.0,,61,67,-6
200212210POR,RS,SEA,2241.0,,61,69,-8
200212210POR,RS,SEA,2260.0,,61,71,-10
200212210POR,RS,SEA,2331.0,,63,71,-8
200212210POR,RS,SEA,2454.0,,66,71,-5
200212210POR,RS,SEA,2507.0,,68,71,-3
200212210POR,RS,SEA,2550.0,,70,71,-1
200212210POR,RS,SEA,2569.0,,70,73,-3
200212210POR,RS,SEA,2610.0,,70,75,-5
200212210POR,RS,SEA,2627.0,,72,75,-3
200212210POR,RS,SEA,2705.0,,72,77,-5
200212210POR,RS,SEA,2740.0,,74,77,-3
200212210POR,RS,SEA,2846.7,,76,77,-1
200212210POR,RS,SEA,2867.9,,76,79,-3
200212210POR,RS,SEA,2871.5,,78,79,-1
200212210POR,RS,SEA,2873.1,,78,80,-2
200212210POR,RS,SEA,2878.6,F,81,80,1
200212210POR,RS,SEA,2880.0,,81,80,1
200212270POR,RS,UTA,0.0,,0,0,0
200212270POR,RS,UTA,47.0,,1,0,1
200212270POR,RS,UTA,47.0,,2,0,2
200212270POR,RS,UTA,66.0,,4,0,4
200212270POR,RS,UTA,81.0,,4,2,2
200212270POR,RS,UTA,125.0,T,4,4,0
200212270POR,RS,UTA,143.0,,5,4,1
200212270POR,RS,UTA,143.0,,6,4,2
200212270POR,RS,UTA,173.0,T,6,6,0
200212270POR,RS,UTA,192.0,,7,6,1
200212270POR,RS,UTA,192.0,,8,6,2
200212270POR,RS,UTA,203.0,T,8,8,0
200212270POR,RS,UTA,227.0,LC,8,9,-1
200212270POR,RS,UTA,227.0,,8,10,-2
200212270POR,RS,UTA,239.0,T,10,10,0
200212270POR,RS,UTA,256.0,,10,12,-2
200212270POR,RS,UTA,283.0,T,12,12,0
200212270POR,RS,UTA,304.0,,12,14,-2
200212270POR,RS,UTA,343.0,T,14,14,0
200212270POR,RS,UTA,355.0,,14,16,-2
200212270POR,RS,UTA,398.0,T,16,16,0
200212270POR,RS,UTA,433.0,,16,18,-2
200212270POR,RS,UTA,514.0,,16,20,-4
200212270POR,RS,UTA,535.0,,18,20,-2
200212270POR,RS,UTA,601.0,,18,22,-4
200212270POR,RS,UTA,635.0,,18,23,-5
200212270POR,RS,UTA,649.0,,20,23,-3
200212270POR,RS,UTA,672.5,,20,25,-5
200212270POR,RS,UTA,689.6,,22,25,-3
200212270POR,RS,UTA,704.5,,22,27,-5
200212270POR,RS,UTA,716.6,,24,27,-3
200212270POR,RS,UTA,719.9,,24,29,-5
200212270POR,RS,UTA,742.0,,26,29,-3
200212270POR,RS,UTA,758.0,,26,31,-5
200212270POR,RS,UTA,801.0,,28,31,-3
200212270POR,RS,UTA,821.0,,28,33,-5
200212270POR,RS,UTA,835.0,,29,33,-4
200212270POR,RS,UTA,835.0,,30,33,-3
200212270POR,RS,UTA,857.0,,32,33,-1
200212270POR,RS,UTA,898.0,LC,34,33,1
200212270POR,RS,UTA,923.0,LC,34,36,-2
200212270POR,RS,UTA,997.0,T,36,36,0
200212270POR,RS,UTA,1028.0,LC,37,36,1
200212270POR,RS,UTA,1047.0,,39,36,3
200212270POR,RS,UTA,1075.0,,39,37,2
200212270POR,RS,UTA,1075.0,,39,38,1
200212270POR,RS,UTA,1113.0,,41,38,3
200212270POR,RS,UTA,1152.0,,42,38,4
200212270POR,RS,UTA,1163.0,,44,38,6
200212270POR,RS,UTA,1178.0,,44,39,5
200212270POR,RS,UTA,1227.0,,44,40,4
200212270POR,RS,UTA,1227.0,,44,41,3
200212270POR,RS,UTA,1240.0,,46,41,5
200212270POR,RS,UTA,1258.0,,46,43,3
200212270POR,RS,UTA,1297.0,,46,45,1
200212270POR,RS,UTA,1326.0,,47,45,2
200212270POR,RS,UTA,1326.0,,48,45,3
200212270POR,RS,UTA,1347.0,,50,45,5
200212270POR,RS,UTA,1387.9,,52,45,7
200212270POR,RS,UTA,1429.7,,54,45,9
200212270POR,RS,UTA,1475.0,,54,47,7
200212270POR,RS,UTA,1493.0,,56,47,9
200212270POR,RS,UTA,1521.0,,58,47,11
200212270POR,RS,UTA,1572.0,,58,48,10
200212270POR,RS,UTA,1590.0,,60,48,12
200212270POR,RS,UTA,1615.0,,60,50,10
200212270POR,RS,UTA,1642.0,,62,50,12
200212270POR,RS,UTA,1678.0,,62,52,10
200212270POR,RS,UTA,1713.0,,62,55,7
200212270POR,RS,UTA,1729.0,,62,57,5
200212270POR,RS,UTA,1775.0,,65,57,8
200212270POR,RS,UTA,1810.0,,67,57,10
200212270POR,RS,UTA,1831.0,,69,57,12
200212270POR,RS,UTA,1838.0,,69,59,10
200212270POR,RS,UTA,1857.0,,71,59,12
200212270POR,RS,UTA,1884.0,,71,62,9
200212270POR,RS,UTA,1933.0,,73,62,11
200212270POR,RS,UTA,1933.0,,74,62,12
200212270POR,RS,UTA,1958.0,,77,62,15
200212270POR,RS,UTA,2043.0,,79,62,17
200212270POR,RS,UTA,2072.0,,79,64,15
200212270POR,RS,UTA,2101.0,,81,64,17
200212270POR,RS,UTA,2130.0,,81,65,16
200212270POR,RS,UTA,2155.5,,81,67,14
200212270POR,RS,UTA,2175.0,,81,69,12
200212270POR,RS,UTA,2175.0,,81,70,11
200212270POR,RS,UTA,2194.0,,82,70,12
200212270POR,RS,UTA,2194.0,,83,70,13
200212270POR,RS,UTA,2237.0,,83,72,11
200212270POR,RS,UTA,2285.0,,85,72,13
200212270POR,RS,UTA,2341.0,,85,74,11
200212270POR,RS,UTA,2354.0,,86,74,12
200212270POR,RS,UTA,2354.0,,87,74,13
200212270POR,RS,UTA,2365.0,,87,76,11
200212270POR,RS,UTA,2408.0,,87,77,10
200212270POR,RS,UTA,2408.0,,87,78,9
200212270POR,RS,UTA,2446.0,,87,79,8
200212270POR,RS,UTA,2446.0,,87,80,7
200212270POR,RS,UTA,2497.0,,89,80,9
200212270POR,RS,UTA,2515.0,,89,82,7
200212270POR,RS,UTA,2599.0,,89,83,6
200212270POR,RS,UTA,2599.0,,89,84,5
200212270POR,RS,UTA,2652.0,,89,86,3
200212270POR,RS,UTA,2652.0,,89,87,2
200212270POR,RS,UTA,2666.0,,89,88,1
200212270POR,RS,UTA,2666.0,T,89,89,0
200212270POR,RS,UTA,2675.0,,90,89,1
200212270POR,RS,UTA,2675.0,,91,89,2
200212270POR,RS,UTA,2693.0,,91,90,1
200212270POR,RS,UTA,2711.0,,93,90,3
200212270POR,RS,UTA,2737.0,,93,91,2
200212270POR,RS,UTA,2737.0,,93,92,1
200212270POR,RS,UTA,2776.0,,94,92,2
200212270POR,RS,UTA,2776.0,,95,92,3
200212270POR,RS,UTA,2781.0,,96,92,4
200212270POR,RS,UTA,2815.0,,96,94,2
200212270POR,RS,UTA,2830.6,,97,94,3
200212270POR,RS,UTA,2842.3,,97,95,2
200212270POR,RS,UTA,2842.3,,97,96,1
200212270POR,RS,UTA,2864.7,,98,96,2
200212270POR,RS,UTA,2864.7,,99,96,3
200212270POR,RS,UTA,2866.0,,99,97,2
200212270POR,RS,UTA,2866.0,,99,98,1
200212270POR,RS,UTA,2870.0,,100,98,2
200212270POR,RS,UTA,2870.0,,101,98,3
200212270POR,RS,UTA,2877.3,,102,98,4
200212270POR,RS,UTA,2877.3,F,103,98,5
200212270POR,RS,UTA,2880.0,,103,98,5
200212280SAC,RS,SAC,0.0,,0,0,0
200212280SAC,RS,SAC,11.0,,2,0,2
200212280SAC,RS,SAC,42.0,,4,0,4
200212280SAC,RS,SAC,74.0,,4,2,2
200212280SAC,RS,SAC,94.0,,6,2,4
200212280SAC,RS,SAC,105.0,,6,4,2
200212280SAC,RS,SAC,125.0,,6,5,1
200212280SAC,RS,SAC,125.0,T,6,6,0
200212280SAC,RS,SAC,135.0,,7,6,1
200212280SAC,RS,SAC,135.0,,8,6,2
200212280SAC,RS,SAC,158.0,LC,8,9,-1
200212280SAC,RS,SAC,170.0,LC,10,9,1
200212280SAC,RS,SAC,198.0,LC,10,11,-1
200212280SAC,RS,SAC,234.0,LC,12,11,1
200212280SAC,RS,SAC,270.0,,14,11,3
200212280SAC,RS,SAC,320.0,,14,13,1
200212280SAC,RS,SAC,419.0,,16,13,3
200212280SAC,RS,SAC,438.0,,16,15,1
200212280SAC,RS,SAC,455.0,,18,15,3
200212280SAC,RS,SAC,472.0,,18,17,1
200212280SAC,RS,SAC,494.0,,21,17,4
200212280SAC,RS,SAC,513.0,,21,19,2
200212280SAC,RS,SAC,529.0,,23,19,4
200212280SAC,RS,SAC,544.0,,23,21,2
200212280SAC,RS,SAC,571.0,,25,21,4
200212280SAC,RS,SAC,620.0,,27,21,6
200212280SAC,RS,SAC,637.0,,27,24,3
200212280SAC,RS,SAC,654.0,,29,24,5
200212280SAC,RS,SAC,678.0,,29,27,2
200212280SAC,RS,SAC,714.3,T,29,29,0
200212280SAC,RS,SAC,740.0,LC,29,31,-2
200212280SAC,RS,SAC,757.0,,30,31,-1
200212280SAC,RS,SAC,757.0,T,31,31,0
200212280SAC,RS,SAC,772.0,,31,33,-2
200212280SAC,RS,SAC,793.0,,32,33,-1
200212280SAC,RS,SAC,814.0,,32,35,-3
200212280SAC,RS,SAC,859.0,,34,35,-1
200212280SAC,RS,SAC,935.0,,34,36,-2
200212280SAC,RS,SAC,935.0,,34,37,-3
200212280SAC,RS,SAC,976.0,,34,39,-5
200212280SAC,RS,SAC,1004.0,,34,42,-8
200212280SAC,RS,SAC,1040.0,,34,44,-10
200212280SAC,RS,SAC,1107.0,,36,44,-8
200212280SAC,RS,SAC,1128.0,,36,46,-10
200212280SAC,RS,SAC,1143.0,,37,46,-9
200212280SAC,RS,SAC,1143.0,,38,46,-8
200212280SAC,RS,SAC,1160.0,,38,48,-10
200212280SAC,RS,SAC,1176.0,,40,48,-8
200212280SAC,RS,SAC,1201.0,,41,48,-7
200212280SAC,RS,SAC,1201.0,,42,48,-6
200212280SAC,RS,SAC,1234.0,,44,48,-4
200212280SAC,RS,SAC,1257.0,,44,50,-6
200212280SAC,RS,SAC,1274.0,,44,51,-7
200212280SAC,RS,SAC,1274.0,,44,52,-8
200212280SAC,RS,SAC,1316.0,,45,52,-7
200212280SAC,RS,SAC,1316.0,,46,52,-6
200212280SAC,RS,SAC,1327.0,,46,53,-7
200212280SAC,RS,SAC,1327.0,,46,54,-8
200212280SAC,RS,SAC,1354.0,,46,56,-10
200212280SAC,RS,SAC,1368.0,,48,56,-8
200212280SAC,RS,SAC,1386.4,,51,56,-5
200212280SAC,RS,SAC,1410.3,,54,56,-2
200212280SAC,RS,SAC,1432.3,,54,58,-4
200212280SAC,RS,SAC,1439.2,,56,58,-2
200212280SAC,RS,SAC,1481.0,T,58,58,0
200212280SAC,RS,SAC,1528.0,LC,60,58,2
200212280SAC,RS,SAC,1580.0,T,60,60,0
200212280SAC,RS,SAC,1631.0,LC,60,61,-1
200212280SAC,RS,SAC,1631.0,,60,62,-2
200212280SAC,RS,SAC,1646.0,,60,64,-4
200212280SAC,RS,SAC,1670.0,,63,64,-1
200212280SAC,RS,SAC,1684.0,,63,65,-2
200212280SAC,RS,SAC,1738.0,T,65,65,0
200212280SAC,RS,SAC,1748.0,,65,67,-2
200212280SAC,RS,SAC,1765.0,T,67,67,0
200212280SAC,RS,SAC,1779.0,,67,69,-2
200212280SAC,RS,SAC,1796.0,,68,69,-1
200212280SAC,RS,SAC,1810.0,LC,70,69,1
200212280SAC,RS,SAC,1837.0,,73,69,4
200212280SAC,RS,SAC,1852.0,,73,71,2
200212280SAC,RS,SAC,1880.0,,75,71,4
200212280SAC,RS,SAC,1938.0,,75,72,3
200212280SAC,RS,SAC,1975.0,,77,72,5
200212280SAC,RS,SAC,1986.0,,77,74,3
200212280SAC,RS,SAC,2013.0,,79,74,5
200212280SAC,RS,SAC,2061.0,,81,74,7
200212280SAC,RS,SAC,2090.0,,81,75,6
200212280SAC,RS,SAC,2103.1,,82,75,7
200212280SAC,RS,SAC,2103.1,,83,75,8
200212280SAC,RS,SAC,2158.1,,83,76,7
200212280SAC,RS,SAC,2158.1,,83,77,6
200212280SAC,RS,SAC,2187.0,,85,77,8
200212280SAC,RS,SAC,2229.0,,85,79,6
200212280SAC,RS,SAC,2298.0,,87,79,8
200212280SAC,RS,SAC,2309.0,,87,81,6
200212280SAC,RS,SAC,2338.0,,87,84,3
200212280SAC,RS,SAC,2356.0,,88,84,4
200212280SAC,RS,SAC,2356.0,,89,84,5
200212280SAC,RS,SAC,2374.0,,89,86,3
200212280SAC,RS,SAC,2438.0,T,89,89,0
200212280SAC,RS,SAC,2454.0,,90,89,1
200212280SAC,RS,SAC,2454.0,,91,89,2
200212280SAC,RS,SAC,2487.0,,93,89,4
200212280SAC,RS,SAC,2506.0,,93,90,3
200212280SAC,RS,SAC,2506.0,,93,91,2
200212280SAC,RS,SAC,2520.0,,95,91,4
200212280SAC,RS,SAC,2554.0,,96,91,5
200212280SAC,RS,SAC,2554.0,,97,91,6
200212280SAC,RS,SAC,2672.0,,97,93,4
200212280SAC,RS,SAC,2689.0,,99,93,6
200212280SAC,RS,SAC,2700.0,,99,94,5
200212280SAC,RS,SAC,2756.0,,101,94,7
200212280SAC,RS,SAC,2776.0,,101,96,5
200212280SAC,RS,SAC,2800.0,,101,99,2
200212280SAC,RS,SAC,2835.2,,101,100,1
200212280SAC,RS,SAC,2842.6,LC,101,102,-1
200212280SAC,RS,SAC,2861.6,T,102,102,0
200212280SAC,RS,SAC,2890.0,LC,104,102,2
200212280SAC,RS,SAC,2909.0,T,104,104,0
200212280SAC,RS,SAC,2926.0,,105,104,1
200212280SAC,RS,SAC,2926.0,,106,104,2
200212280SAC,RS,SAC,2952.0,,109,104,5
200212280SAC,RS,SAC,2964.0,,109,105,4
200212280SAC,RS,SAC,2986.0,,112,105,7
200212280SAC,RS,SAC,2998.0,,112,107,5
200212280SAC,RS,SAC,3045.0,,114,107,7
200212280SAC,RS,SAC,3059.0,,114,109,5
200212280SAC,RS,SAC,3147.7,,116,109,7
200212280SAC,RS,SAC,3153.1,,116,111,5
200212280SAC,RS,SAC,3158.9,,117,111,6
200212280SAC,RS,SAC,3173.8,,117,113,4
200212280SAC,RS,SAC,3174.2,,118,113,5
200212280SAC,RS,SAC,3174.2,F,119,113,6
200212280SAC,RS,SAC,3180.0,,119,113,6
200212300DET,RS,DET,0.0,,0,0,0
200212300DET,RS,DET,19.0,,0,1,-1
200212300DET,RS,DET,19.0,,0,2,-2
200212300DET,RS,DET,40.0,,0,3,-3
200212300DET,RS,DET,40.0,,0,4,-4
200212300DET,RS,DET,59.0,,2,4,-2
200212300DET,RS,DET,106.0,,2,6,-4
200212300DET,RS,DET,125.0,,4,6,-2
200212300DET,RS,DET,187.0,T,6,6,0
200212300DET,RS,DET,209.0,,6,8,-2
200212300DET,RS,DET,246.0,,7,8,-1
200212300DET,RS,DET,246.0,T,8,8,0
200212300DET,RS,DET,261.0,,8,10,-2
200212300DET,RS,DET,278.0,T,10,10,0
200212300DET,RS,DET,370.0,LC,12,10,2
200212300DET,RS,DET,425.0,LC,12,13,-1
200212300DET,RS,DET,483.0,,12,15,-3
200212300DET,RS,DET,506.0,,14,15,-1
200212300DET,RS,DET,524.0,,14,17,-3
200212300DET,RS,DET,561.0,,16,17,-1
200212300DET,RS,DET,622.0,,16,19,-3
200212300DET,RS,DET,655.0,,16,21,-5
200212300DET,RS,DET,672.7,,17,21,-4
200212300DET,RS,DET,704.4,,18,21,-3
200212300DET,RS,DET,739.0,,20,21,-1
200212300DET,RS,DET,758.0,,20,23,-3
200212300DET,RS,DET,775.0,,22,23,-1
200212300DET,RS,DET,790.0,,22,24,-2
200212300DET,RS,DET,805.0,T,24,24,0
200212300DET,RS,DET,857.0,LC,26,24,2
200212300DET,RS,DET,882.0,T,26,26,0
200212300DET,RS,DET,903.0,,28,26,2
200212300DET,RS,DET,926.0,LC,28,29,-1
200212300DET,RS,DET,947.0,LC,30,29,1
200212300DET,RS,DET,973.0,LC,30,32,-2
200212300DET,RS,DET,1024.0,,31,32,-1
200212300DET,RS,DET,1077.0,LC,33,32,1
200212300DET,RS,DET,1095.0,LC,33,35,-2
200212300DET,RS,DET,1129.0,,34,35,-1
200212300DET,RS,DET,1150.0,T,35,35,0
200212300DET,RS,DET,1150.0,LC,36,35,1
200212300DET,RS,DET,1164.0,T,36,36,0
200212300DET,RS,DET,1164.0,LC,36,37,-1
200212300DET,RS,DET,1207.0,LC,38,37,1
200212300DET,RS,DET,1272.0,,40,37,3
200212300DET,RS,DET,1314.0,,43,37,6
200212300DET,RS,DET,1339.0,,43,39,4
200212300DET,RS,DET,1403.2,,45,39,6
200212300DET,RS,DET,1403.2,,46,39,7
200212300DET,RS,DET,1427.3,,46,41,5
200212300DET,RS,DET,1517.0,,46,43,3
200212300DET,RS,DET,1584.0,,48,43,5
200212300DET,RS,DET,1599.0,,48,45,3
200212300DET,RS,DET,1614.0,,49,45,4
200212300DET,RS,DET,1614.0,,50,45,5
200212300DET,RS,DET,1627.0,,51,45,6
200212300DET,RS,DET,1637.0,,51,46,5
200212300DET,RS,DET,1701.0,,52,46,6
200212300DET,RS,DET,1701.0,,53,46,7
200212300DET,RS,DET,1726.0,,53,48,5
200212300DET,RS,DET,1755.0,,53,49,4
200212300DET,RS,DET,1771.0,,54,49,5
200212300DET,RS,DET,1771.0,,55,49,6
200212300DET,RS,DET,1789.0,,55,51,4
200212300DET,RS,DET,1811.0,,57,51,6
200212300DET,RS,DET,1892.0,,57,53,4
200212300DET,RS,DET,1908.0,,59,53,6
200212300DET,RS,DET,1908.0,,60,53,7
200212300DET,RS,DET,1953.0,,62,53,9
200212300DET,RS,DET,1968.0,,62,54,8
200212300DET,RS,DET,1981.0,,64,54,10
200212300DET,RS,DET,2021.0,,64,55,9
200212300DET,RS,DET,2036.0,,65,55,10
200212300DET,RS,DET,2036.0,,66,55,11
200212300DET,RS,DET,2065.0,,67,55,12
200212300DET,RS,DET,2065.0,,68,55,13
200212300DET,RS,DET,2108.7,,68,56,12
200212300DET,RS,DET,2108.7,,68,57,11
200212300DET,RS,DET,2155.5,,68,58,10
200212300DET,RS,DET,2155.5,,68,59,9
200212300DET,RS,DET,2196.0,,68,62,6
200212300DET,RS,DET,2307.0,,68,65,3
200212300DET,RS,DET,2358.0,,68,66,2
200212300DET,RS,DET,2372.0,T,68,68,0
200212300DET,RS,DET,2390.0,,70,68,2
200212300DET,RS,DET,2503.0,,72,68,4
200212300DET,RS,DET,2534.0,,74,68,6
200212300DET,RS,DET,2618.0,,76,68,8
200212300DET,RS,DET,2656.0,,78,68,10
200212300DET,RS,DET,2689.0,,79,68,11
200212300DET,RS,DET,2689.0,,80,68,12
200212300DET,RS,DET,2690.0,,81,68,13
200212300DET,RS,DET,2724.0,,83,68,15
200212300DET,RS,DET,2757.0,,83,70,13
200212300DET,RS,DET,2781.0,,83,72,11
200212300DET,RS,DET,2833.0,,83,74,9
200212300DET,RS,DET,2855.3,,84,74,10
200212300DET,RS,DET,2855.3,F,85,74,11
200212300DET,RS,DET,2880.0,,85,74,11
200212310CHI,RS,CHI,0.0,,0,0,0
200212310CHI,RS,CHI,36.0,,0,2,-2
200212310CHI,RS,CHI,65.0,,1,2,-1
200212310CHI,RS,CHI,65.0,T,2,2,0
200212310CHI,RS,CHI,79.0,,2,4,-2
200212310CHI,RS,CHI,79.0,,2,5,-3
200212310CHI,RS,CHI,94.0,,4,5,-1
200212310CHI,RS,CHI,106.0,,4,7,-3
200212310CHI,RS,CHI,173.0,,4,9,-5
200212310CHI,RS,CHI,209.0,,4,11,-7
200212310CHI,RS,CHI,223.0,,4,12,-8
200212310CHI,RS,CHI,223.0,,4,13,-9
200212310CHI,RS,CHI,254.0,,7,13,-6
200212310CHI,RS,CHI,277.0,,9,13,-4
200212310CHI,RS,CHI,295.0,,9,16,-7
200212310CHI,RS,CHI,330.0,,9,17,-8
200212310CHI,RS,CHI,330.0,,9,18,-9
200212310CHI,RS,CHI,350.0,,11,18,-7
200212310CHI,RS,CHI,379.0,,11,21,-10
200212310CHI,RS,CHI,404.0,,11,23,-12
200212310CHI,RS,CHI,421.0,,13,23,-10
200212310CHI,RS,CHI,440.0,,13,24,-11
200212310CHI,RS,CHI,440.0,,13,25,-12
200212310CHI,RS,CHI,458.0,,14,25,-11
200212310CHI,RS,CHI,473.0,,16,25,-9
200212310CHI,RS,CHI,514.0,,16,27,-11
200212310CHI,RS,CHI,535.0,,18,27,-9
200212310CHI,RS,CHI,555.0,,18,28,-10
200212310CHI,RS,CHI,584.0,,18,30,-12
200212310CHI,RS,CHI,601.0,,20,30,-10
200212310CHI,RS,CHI,623.0,,22,30,-8
200212310CHI,RS,CHI,680.3,,22,31,-9
200212310CHI,RS,CHI,680.3,,22,32,-10
200212310CHI,RS,CHI,696.4,,23,32,-9
200212310CHI,RS,CHI,718.2,,23,34,-11
200212310CHI,RS,CHI,741.0,,23,35,-12
200212310CHI,RS,CHI,790.0,,24,35,-11
200212310CHI,RS,CHI,806.0,,24,37,-13
200212310CHI,RS,CHI,858.0,,24,40,-16
200212310CHI,RS,CHI,942.0,,26,40,-14
200212310CHI,RS,CHI,979.0,,29,40,-11
200212310CHI,RS,CHI,1012.0,,31,40,-9
200212310CHI,RS,CHI,1052.0,,33,40,-7
200212310CHI,RS,CHI,1084.0,,34,40,-6
200212310CHI,RS,CHI,1100.0,,34,42,-8
200212310CHI,RS,CHI,1146.0,,34,43,-9
200212310CHI,RS,CHI,1156.0,,34,45,-11
200212310CHI,RS,CHI,1168.0,,36,45,-9
200212310CHI,RS,CHI,1205.0,,36,46,-10
200212310CHI,RS,CHI,1205.0,,36,47,-11
200212310CHI,RS,CHI,1221.0,,38,47,-9
200212310CHI,RS,CHI,1231.0,,38,49,-11
200212310CHI,RS,CHI,1231.0,,38,50,-12
200212310CHI,RS,CHI,1253.0,,40,50,-10
200212310CHI,RS,CHI,1276.0,,42,50,-8
200212310CHI,RS,CHI,1316.0,,44,50,-6
200212310CHI,RS,CHI,1342.0,,46,50,-4
200212310CHI,RS,CHI,1342.0,,46,51,-5
200212310CHI,RS,CHI,1360.0,,46,53,-7
200212310CHI,RS,CHI,1380.8,,46,55,-9
200212310CHI,RS,CHI,1420.5,,46,57,-11
200212310CHI,RS,CHI,1461.0,,47,57,-10
200212310CHI,RS,CHI,1461.0,,48,57,-9
200212310CHI,RS,CHI,1479.0,,48,59,-11
200212310CHI,RS,CHI,1498.0,,48,61,-13
200212310CHI,RS,CHI,1517.0,,50,61,-11
200212310CHI,RS,CHI,1580.0,,50,63,-13
200212310CHI,RS,CHI,1586.0,,51,63,-12
200212310CHI,RS,CHI,1586.0,,52,63,-11
200212310CHI,RS,CHI,1610.0,,52,65,-13
200212310CHI,RS,CHI,1632.0,,52,67,-15
200212310CHI,RS,CHI,1717.0,,52,70,-18
200212310CHI,RS,CHI,1741.0,,54,70,-16
200212310CHI,RS,CHI,1784.0,,57,70,-13
200212310CHI,RS,CHI,1803.0,,57,73,-16
200212310CHI,RS,CHI,1830.0,,60,73,-13
200212310CHI,RS,CHI,1902.0,,60,75,-15
200212310CHI,RS,CHI,1980.0,,62,75,-13
200212310CHI,RS,CHI,2020.0,,64,75,-11
200212310CHI,RS,CHI,2037.0,,65,75,-10
200212310CHI,RS,CHI,2037.0,,66,75,-9
200212310CHI,RS,CHI,2081.0,,67,75,-8
200212310CHI,RS,CHI,2081.0,,68,75,-7
200212310CHI,RS,CHI,2112.2,,70,75,-5
200212310CHI,RS,CHI,2117.2,,70,77,-7
200212310CHI,RS,CHI,2132.8,,72,77,-5
200212310CHI,RS,CHI,2185.0,,72,80,-8
200212310CHI,RS,CHI,2203.0,,74,80,-6
200212310CHI,RS,CHI,2244.0,,74,81,-7
200212310CHI,RS,CHI,2244.0,,74,82,-8
200212310CHI,RS,CHI,2277.0,,76,82,-6
200212310CHI,RS,CHI,2320.0,,77,82,-5
200212310CHI,RS,CHI,2343.0,,77,84,-7
200212310CHI,RS,CHI,2382.0,,77,85,-8
200212310CHI,RS,CHI,2382.0,,77,86,-9
200212310CHI,RS,CHI,2398.0,,79,86,-7
200212310CHI,RS,CHI,2421.0,,79,88,-9
200212310CHI,RS,CHI,2484.0,,80,88,-8
200212310CHI,RS,CHI,2503.0,,80,89,-9
200212310CHI,RS,CHI,2503.0,,80,90,-10
200212310CHI,RS,CHI,2529.0,,81,90,-9
200212310CHI,RS,CHI,2553.0,,81,92,-11
200212310CHI,RS,CHI,2614.0,,83,92,-9
200212310CHI,RS,CHI,2629.0,,83,94,-11
200212310CHI,RS,CHI,2685.0,,83,97,-14
200212310CHI,RS,CHI,2695.0,,84,97,-13
200212310CHI,RS,CHI,2738.0,,84,98,-14
200212310CHI,RS,CHI,2753.0,,85,98,-13
200212310CHI,RS,CHI,2756.0,,85,99,-14
200212310CHI,RS,CHI,2756.0,,85,100,-15
200212310CHI,RS,CHI,2769.0,,86,100,-14
200212310CHI,RS,CHI,2769.0,,87,100,-13
200212310CHI,RS,CHI,2797.0,F,87,102,-15
200212310CHI,RS,CHI,2880.0,,87,102,-15
200301030BOS,RS,BOS,0.0,,0,0,0
200301030BOS,RS,BOS,25.0,,2,0,2
200301030BOS,RS,BOS,42.0,T,2,2,0
200301030BOS,RS,BOS,65.0,,4,2,2
200301030BOS,RS,BOS,80.0,T,4,4,0
200301030BOS,RS,BOS,91.0,,6,4,2
200301030BOS,RS,BOS,112.0,LC,6,7,-1
200301030BOS,RS,BOS,126.0,T,7,7,0
200301030BOS,RS,BOS,126.0,LC,8,7,1
200301030BOS,RS,BOS,170.0,LC,8,9,-1
200301030BOS,RS,BOS,191.0,LC,11,9,2
200301030BOS,RS,BOS,224.0,,13,9,4
200301030BOS,RS,BOS,245.0,,13,11,2
200301030BOS,RS,BOS,246.0,,15,11,4
200301030BOS,RS,BOS,275.0,,17,11,6
200301030BOS,RS,BOS,320.0,,17,13,4
200301030BOS,RS,BOS,333.0,,19,13,6
200301030BOS,RS,BOS,355.0,,19,15,4
200301030BOS,RS,BOS,431.0,,22,15,7
200301030BOS,RS,BOS,452.0,,22,18,4
200301030BOS,RS,BOS,461.0,,24,18,6
200301030BOS,RS,BOS,512.0,,24,20,4
200301030BOS,RS,BOS,534.0,,27,20,7
200301030BOS,RS,BOS,570.0,,29,20,9
200301030BOS,RS,BOS,600.0,,31,20,11
200301030BOS,RS,BOS,642.0,,31,22,9
200301030BOS,RS,BOS,659.0,,33,22,11
200301030BOS,RS,BOS,679.1,,33,25,8
200301030BOS,RS,BOS,699.9,,36,25,11
200301030BOS,RS,BOS,755.0,,36,28,8
200301030BOS,RS,BOS,792.0,,37,28,9
200301030BOS,RS,BOS,792.0,,38,28,10
200301030BOS,RS,BOS,804.0,,38,31,7
200301030BOS,RS,BOS,832.0,,39,31,8
200301030BOS,RS,BOS,832.0,,40,31,9
200301030BOS,RS,BOS,921.0,,40,34,6
200301030BOS,RS,BOS,970.0,,42,34,8
200301030BOS,RS,BOS,1007.0,,44,34,10
200301030BOS,RS,BOS,1067.0,,45,34,11
200301030BOS,RS,BOS,1084.0,,45,37,8
200301030BOS,RS,BOS,1100.0,,47,37,10
200301030BOS,RS,BOS,1129.0,,49,37,12
200301030BOS,RS,BOS,1161.0,,51,37,14
200301030BOS,RS,BOS,1211.0,,53,37,16
200301030BOS,RS,BOS,1232.0,,53,38,15
200301030BOS,RS,BOS,1232.0,,53,39,14
200301030BOS,RS,BOS,1262.0,,53,42,11
200301030BOS,RS,BOS,1299.0,,54,42,12
200301030BOS,RS,BOS,1319.0,,54,45,9
200301030BOS,RS,BOS,1341.0,,56,45,11
200301030BOS,RS,BOS,1359.0,,56,47,9
200301030BOS,RS,BOS,1375.0,,59,47,12
200301030BOS,RS,BOS,1396.2,,60,47,13
200301030BOS,RS,BOS,1473.0,,60,50,10
200301030BOS,RS,BOS,1521.0,,61,50,11
200301030BOS,RS,BOS,1521.0,,62,50,12
200301030BOS,RS,BOS,1544.0,,62,52,10
200301030BOS,RS,BOS,1561.0,,64,52,12
200301030BOS,RS,BOS,1654.0,,64,55,9
200301030BOS,RS,BOS,1673.0,,64,56,8
200301030BOS,RS,BOS,1673.0,,64,57,7
200301030BOS,RS,BOS,1705.0,,66,57,9
200301030BOS,RS,BOS,1722.0,,66,60,6
200301030BOS,RS,BOS,1739.0,,68,60,8
200301030BOS,RS,BOS,1775.0,,70,60,10
200301030BOS,RS,BOS,1789.0,,70,61,9
200301030BOS,RS,BOS,1789.0,,70,62,8
200301030BOS,RS,BOS,1804.0,,70,64,6
200301030BOS,RS,BOS,1865.0,,73,64,9
200301030BOS,RS,BOS,1907.0,,73,65,8
200301030BOS,RS,BOS,1907.0,,73,66,7
200301030BOS,RS,BOS,1916.0,,75,66,9
200301030BOS,RS,BOS,1916.0,,76,66,10
200301030BOS,RS,BOS,1946.0,,77,66,11
200301030BOS,RS,BOS,1946.0,,78,66,12
200301030BOS,RS,BOS,1958.0,,78,67,11
200301030BOS,RS,BOS,1958.0,,78,68,10
200301030BOS,RS,BOS,1994.0,,79,68,11
200301030BOS,RS,BOS,1994.0,,80,68,12
200301030BOS,RS,BOS,2004.0,,80,69,11
200301030BOS,RS,BOS,2029.0,,82,69,13
200301030BOS,RS,BOS,2051.0,,82,71,11
200301030BOS,RS,BOS,2082.0,,82,74,8
200301030BOS,RS,BOS,2110.3,,83,74,9
200301030BOS,RS,BOS,2146.6,,83,76,7
200301030BOS,RS,BOS,2146.6,,83,77,6
200301030BOS,RS,BOS,2179.0,,83,80,3
200301030BOS,RS,BOS,2199.0,,85,80,5
200301030BOS,RS,BOS,2245.0,,87,80,7
200301030BOS,RS,BOS,2274.0,,87,82,5
200301030BOS,RS,BOS,2322.0,,87,84,3
200301030BOS,RS,BOS,2352.0,,87,86,1
200301030BOS,RS,BOS,2379.0,LC,87,89,-2
200301030BOS,RS,BOS,2452.0,T,89,89,0
200301030BOS,RS,BOS,2496.0,LC,91,89,2
200301030BOS,RS,BOS,2536.0,,93,89,4
200301030BOS,RS,BOS,2536.0,,94,89,5
200301030BOS,RS,BOS,2574.0,,94,91,3
200301030BOS,RS,BOS,2595.0,,96,91,5
200301030BOS,RS,BOS,2619.0,,98,91,7
200301030BOS,RS,BOS,2644.0,,98,92,6
200301030BOS,RS,BOS,2664.0,,100,92,8
200301030BOS,RS,BOS,2747.0,,100,94,6
200301030BOS,RS,BOS,2807.0,,103,94,9
200301030BOS,RS,BOS,2807.0,,103,95,8
200301030BOS,RS,BOS,2846.9,,104,95,9
200301030BOS,RS,BOS,2855.9,,104,98,6
200301030BOS,RS,BOS,2856.7,,105,98,7
200301030BOS,RS,BOS,2863.9,,105,101,4
200301030BOS,RS,BOS,2865.1,,106,101,5
200301030BOS,RS,BOS,2869.9,,106,103,3
200301030BOS,RS,BOS,2873.8,,107,103,4
200301030BOS,RS,BOS,2873.8,F,108,103,5
200301030BOS,RS,BOS,2880.0,,108,103,5
200301050NYK,RS,NYK,0.0,,0,0,0
200301050NYK,RS,NYK,22.0,,0,2,-2
200301050NYK,RS,NYK,36.0,T,2,2,0
200301050NYK,RS,NYK,48.0,,2,4,-2
200301050NYK,RS,NYK,90.0,,3,4,-1
200301050NYK,RS,NYK,90.0,T,4,4,0
200301050NYK,RS,NYK,104.0,,4,6,-2
200301050NYK,RS,NYK,123.0,T,6,6,0
200301050NYK,RS,NYK,187.0,LC,8,6,2
200301050NYK,RS,NYK,362.0,,10,6,4
200301050NYK,RS,NYK,390.0,,10,8,2
200301050NYK,RS,NYK,406.0,,12,8,4
200301050NYK,RS,NYK,446.0,,14,8,6
200301050NYK,RS,NYK,472.0,,16,8,8
200301050NYK,RS,NYK,519.0,,16,11,5
200301050NYK,RS,NYK,539.0,,17,11,6
200301050NYK,RS,NYK,558.0,,17,13,4
200301050NYK,RS,NYK,592.0,,19,13,6
200301050NYK,RS,NYK,621.0,,19,15,4
200301050NYK,RS,NYK,646.0,,21,15,6
200301050NYK,RS,NYK,660.3,,21,17,4
200301050NYK,RS,NYK,676.1,,23,17,6
200301050NYK,RS,NYK,683.1,,23,19,4
200301050NYK,RS,NYK,739.0,,25,19,6
200301050NYK,RS,NYK,760.0,,25,21,4
200301050NYK,RS,NYK,798.0,,25,23,2
200301050NYK,RS,NYK,812.0,,27,23,4
200301050NYK,RS,NYK,827.0,,27,25,2
200301050NYK,RS,NYK,827.0,,27,26,1
200301050NYK,RS,NYK,850.0,T,27,27,0
200301050NYK,RS,NYK,855.0,,29,27,2
200301050NYK,RS,NYK,891.0,,31,27,4
200301050NYK,RS,NYK,930.0,,31,29,2
200301050NYK,RS,NYK,954.0,T,31,31,0
200301050NYK,RS,NYK,974.0,,33,31,2
200301050NYK,RS,NYK,1009.0,T,33,33,0
200301050NYK,RS,NYK,1025.0,,34,33,1
200301050NYK,RS,NYK,1042.0,LC,34,35,-1
200301050NYK,RS,NYK,1072.0,,34,37,-3
200301050NYK,RS,NYK,1111.0,,34,40,-6
200301050NYK,RS,NYK,1150.0,,34,42,-8
200301050NYK,RS,NYK,1194.0,,36,42,-6
200301050NYK,RS,NYK,1259.0,,37,42,-5
200301050NYK,RS,NYK,1259.0,,38,42,-4
200301050NYK,RS,NYK,1296.0,,38,44,-6
200301050NYK,RS,NYK,1310.0,,40,44,-4
200301050NYK,RS,NYK,1336.0,,40,46,-6
200301050NYK,RS,NYK,1357.0,,41,46,-5
200301050NYK,RS,NYK,1357.0,,42,46,-4
200301050NYK,RS,NYK,1377.0,,44,46,-2
200301050NYK,RS,NYK,1398.0,,44,49,-5
200301050NYK,RS,NYK,1434.2,,45,49,-4
200301050NYK,RS,NYK,1434.2,,46,49,-3
200301050NYK,RS,NYK,1468.0,,46,51,-5
200301050NYK,RS,NYK,1512.0,,49,51,-2
200301050NYK,RS,NYK,1526.0,,49,52,-3
200301050NYK,RS,NYK,1526.0,,49,53,-4
200301050NYK,RS,NYK,1565.0,,50,53,-3
200301050NYK,RS,NYK,1565.0,,51,53,-2
200301050NYK,RS,NYK,1578.0,T,53,53,0
200301050NYK,RS,NYK,1609.0,LC,54,53,1
200301050NYK,RS,NYK,1609.0,,55,53,2
200301050NYK,RS,NYK,1630.0,T,55,55,0
200301050NYK,RS,NYK,1652.0,,56,55,1
200301050NYK,RS,NYK,1652.0,,57,55,2
200301050NYK,RS,NYK,1739.0,,58,55,3
200301050NYK,RS,NYK,1739.0,,59,55,4
200301050NYK,RS,NYK,1768.0,,60,55,5
200301050NYK,RS,NYK,1768.0,,61,55,6
200301050NYK,RS,NYK,1792.0,,63,55,8
200301050NYK,RS,NYK,1841.0,,65,55,10
200301050NYK,RS,NYK,1858.0,,67,55,12
200301050NYK,RS,NYK,1874.0,,67,57,10
200301050NYK,RS,NYK,1898.0,,69,57,12
200301050NYK,RS,NYK,1924.0,,69,60,9
200301050NYK,RS,NYK,1983.0,,71,60,11
200301050NYK,RS,NYK,2002.0,,71,61,10
200301050NYK,RS,NYK,2002.0,,71,62,9
200301050NYK,RS,NYK,2013.0,,73,62,11
200301050NYK,RS,NYK,2030.0,,73,63,10
200301050NYK,RS,NYK,2061.0,,73,65,8
200301050NYK,RS,NYK,2084.0,,73,67,6
200301050NYK,RS,NYK,2084.0,,73,68,5
200301050NYK,RS,NYK,2127.7,,74,68,6
200301050NYK,RS,NYK,2140.8,,74,70,4
200301050NYK,RS,NYK,2278.0,,76,70,6
200301050NYK,RS,NYK,2299.0,,76,72,4
200301050NYK,RS,NYK,2348.0,,76,74,2
200301050NYK,RS,NYK,2370.0,,78,74,4
200301050NYK,RS,NYK,2397.0,,78,76,2
200301050NYK,RS,NYK,2415.0,,80,76,4
200301050NYK,RS,NYK,2448.0,,81,76,5
200301050NYK,RS,NYK,2508.0,,82,76,6
200301050NYK,RS,NYK,2508.0,,83,76,7
200301050NYK,RS,NYK,2559.0,,85,76,9
200301050NYK,RS,NYK,2590.0,,85,77,8
200301050NYK,RS,NYK,2612.0,,86,77,9
200301050NYK,RS,NYK,2663.0,,86,78,8
200301050NYK,RS,NYK,2663.0,,86,79,7
200301050NYK,RS,NYK,2725.0,,86,81,5
200301050NYK,RS,NYK,2747.0,,88,81,7
200301050NYK,RS,NYK,2763.0,,88,83,5
200301050NYK,RS,NYK,2779.0,,89,83,6
200301050NYK,RS,NYK,2779.0,,90,83,7
200301050NYK,RS,NYK,2798.0,,90,86,4
200301050NYK,RS,NYK,2861.3,,90,89,1
200301050NYK,RS,NYK,2862.5,,91,89,2
200301050NYK,RS,NYK,2862.5,F,92,89,3
200301050NYK,RS,NYK,2880.0,,92,89,3
200301070POR,RS,PHO,0.0,,0,0,0
200301070POR,RS,PHO,29.0,,1,0,1
200301070POR,RS,PHO,147.0,,3,0,3
200301070POR,RS,PHO,168.0,,3,1,2
200301070POR,RS,PHO,168.0,,3,2,1
200301070POR,RS,PHO,182.0,,6,2,4
200301070POR,RS,PHO,200.0,,6,5,1
200301070POR,RS,PHO,221.0,LC,6,7,-1
200301070POR,RS,PHO,229.0,,6,9,-3
200301070POR,RS,PHO,244.0,,8,9,-1
200301070POR,RS,PHO,260.0,LC,10,9,1
200301070POR,RS,PHO,375.0,,12,9,3
200301070POR,RS,PHO,399.0,,14,9,5
200301070POR,RS,PHO,425.0,,15,9,6
200301070POR,RS,PHO,473.0,,17,9,8
200301070POR,RS,PHO,488.0,,17,11,6
200301070POR,RS,PHO,503.0,,19,11,8
200301070POR,RS,PHO,525.0,,21,11,10
200301070POR,RS,PHO,543.0,,21,12,9
200301070POR,RS,PHO,543.0,,21,13,8
200301070POR,RS,PHO,597.0,,23,13,10
200301070POR,RS,PHO,647.0,,23,15,8
200301070POR,RS,PHO,683.0,,25,15,10
200301070POR,RS,PHO,693.9,,25,17,8
200301070POR,RS,PHO,778.0,,27,17,10
200301070POR,RS,PHO,778.0,,28,17,11
200301070POR,RS,PHO,862.0,,28,19,9
200301070POR,RS,PHO,862.0,,28,20,8
200301070POR,RS,PHO,878.0,,30,20,10
200301070POR,RS,PHO,920.0,,30,22,8
200301070POR,RS,PHO,972.0,,30,25,5
200301070POR,RS,PHO,993.0,,30,27,3
200301070POR,RS,PHO,1048.0,,32,27,5
200301070POR,RS,PHO,1066.0,,32,30,2
200301070POR,RS,PHO,1112.0,,33,30,3
200301070POR,RS,PHO,1123.0,,35,30,5
200301070POR,RS,PHO,1179.0,,35,32,3
200301070POR,RS,PHO,1204.0,,37,32,5
200301070POR,RS,PHO,1247.0,,37,34,3
200301070POR,RS,PHO,1270.0,,40,34,6
200301070POR,RS,PHO,1285.0,,40,36,4
200301070POR,RS,PHO,1305.0,,43,36,7
200301070POR,RS,PHO,1323.0,,45,36,9
200301070POR,RS,PHO,1331.0,,47,36,11
200301070POR,RS,PHO,1425.2,,48,36,12
200301070POR,RS,PHO,1425.2,,49,36,13
200301070POR,RS,PHO,1480.0,,49,38,11
200301070POR,RS,PHO,1521.0,,49,40,9
200301070POR,RS,PHO,1566.0,,51,40,11
200301070POR,RS,PHO,1584.0,,51,42,9
200301070POR,RS,PHO,1613.0,,51,44,7
200301070POR,RS,PHO,1684.0,,51,46,5
200301070POR,RS,PHO,1706.0,,51,48,3
200301070POR,RS,PHO,1718.0,,53,48,5
200301070POR,RS,PHO,1770.0,,53,50,3
200301070POR,RS,PHO,1770.0,,53,51,2
200301070POR,RS,PHO,1770.0,,53,52,1
200301070POR,RS,PHO,1816.0,,55,52,3
200301070POR,RS,PHO,1861.0,,56,52,4
200301070POR,RS,PHO,1861.0,,57,52,5
200301070POR,RS,PHO,1897.0,,59,52,7
200301070POR,RS,PHO,1897.0,,60,52,8
200301070POR,RS,PHO,1897.0,,61,52,9
200301070POR,RS,PHO,1914.0,,61,53,8
200301070POR,RS,PHO,1965.0,,63,53,10
200301070POR,RS,PHO,1996.0,,65,53,12
200301070POR,RS,PHO,2013.0,,65,55,10
200301070POR,RS,PHO,2049.0,,65,56,9
200301070POR,RS,PHO,2064.0,,67,56,11
200301070POR,RS,PHO,2131.4,,67,57,10
200301070POR,RS,PHO,2131.4,,67,58,9
200301070POR,RS,PHO,2158.8,,67,60,7
200301070POR,RS,PHO,2202.0,,67,62,5
200301070POR,RS,PHO,2225.0,,69,62,7
200301070POR,RS,PHO,2256.0,,70,62,8
200301070POR,RS,PHO,2265.0,,72,62,10
200301070POR,RS,PHO,2279.0,,72,64,8
200301070POR,RS,PHO,2320.0,,72,65,7
200301070POR,RS,PHO,2320.0,,72,66,6
200301070POR,RS,PHO,2354.0,,72,68,4
200301070POR,RS,PHO,2418.0,,72,71,1
200301070POR,RS,PHO,2439.0,T,72,72,0
200301070POR,RS,PHO,2482.0,LC,72,74,-2
200301070POR,RS,PHO,2519.0,,72,76,-4
200301070POR,RS,PHO,2562.0,,74,76,-2
200301070POR,RS,PHO,2576.0,,74,77,-3
200301070POR,RS,PHO,2576.0,,74,78,-4
200301070POR,RS,PHO,2613.0,,74,80,-6
200301070POR,RS,PHO,2661.0,,74,82,-8
200301070POR,RS,PHO,2709.0,,76,82,-6
200301070POR,RS,PHO,2722.0,,76,83,-7
200301070POR,RS,PHO,2722.0,,76,84,-8
200301070POR,RS,PHO,2762.0,,78,84,-6
200301070POR,RS,PHO,2789.0,,79,84,-5
200301070POR,RS,PHO,2789.0,,80,84,-4
200301070POR,RS,PHO,2812.0,,80,85,-5
200301070POR,RS,PHO,2812.0,,80,86,-6
200301070POR,RS,PHO,2824.7,,81,86,-5
200301070POR,RS,PHO,2865.6,,81,87,-6
200301070POR,RS,PHO,2865.6,F,81,88,-7
200301070POR,RS,PHO,2880.0,,81,88,-7
200301090POR,RS,SAS,0.0,,0,0,0
200301090POR,RS,SAS,18.0,,2,0,2
200301090POR,RS,SAS,89.0,,4,0,4
200301090POR,RS,SAS,119.0,,6,0,6
200301090POR,RS,SAS,134.0,,6,1,5
200301090POR,RS,SAS,161.0,,6,3,3
200301090POR,RS,SAS,178.0,,8,3,5
200301090POR,RS,SAS,198.0,,8,5,3
200301090POR,RS,SAS,232.0,,8,7,1
200301090POR,RS,SAS,286.0,,11,7,4
200301090POR,RS,SAS,337.0,,11,9,2
200301090POR,RS,SAS,407.0,,13,9,4
200301090POR,RS,SAS,447.0,,15,9,6
200301090POR,RS,SAS,483.0,,17,9,8
200301090POR,RS,SAS,502.0,,17,12,5
200301090POR,RS,SAS,517.0,,19,12,7
200301090POR,RS,SAS,554.0,,21,12,9
200301090POR,RS,SAS,653.0,,22,12,10
200301090POR,RS,SAS,713.2,,24,12,12
200301090POR,RS,SAS,789.0,,24,14,10
200301090POR,RS,SAS,815.0,,24,17,7
200301090POR,RS,SAS,833.0,,26,17,9
200301090POR,RS,SAS,851.0,,26,19,7
200301090POR,RS,SAS,880.0,,26,21,5
200301090POR,RS,SAS,920.0,,27,21,6
200301090POR,RS,SAS,922.0,,29,21,8
200301090POR,RS,SAS,963.0,,29,24,5
200301090POR,RS,SAS,1005.0,,29,26,3
200301090POR,RS,SAS,1024.0,,30,26,4
200301090POR,RS,SAS,1024.0,,31,26,5
200301090POR,RS,SAS,1054.0,,33,26,7
200301090POR,RS,SAS,1153.0,,33,28,5
200301090POR,RS,SAS,1170.0,,35,28,7
200301090POR,RS,SAS,1201.0,,37,28,9
200301090POR,RS,SAS,1249.0,,37,30,7
200301090POR,RS,SAS,1321.0,,37,32,5
200301090POR,RS,SAS,1342.0,,38,32,6
200301090POR,RS,SAS,1342.0,,39,32,7
200301090POR,RS,SAS,1382.7,,41,32,9
200301090POR,RS,SAS,1399.2,,41,34,7
200301090POR,RS,SAS,1399.2,,41,35,6
200301090POR,RS,SAS,1479.0,,44,35,9
200301090POR,RS,SAS,1497.0,,44,37,7
200301090POR,RS,SAS,1525.0,,45,37,8
200301090POR,RS,SAS,1597.0,,45,40,5
200301090POR,RS,SAS,1656.0,,47,40,7
200301090POR,RS,SAS,1673.0,,47,42,5
200301090POR,RS,SAS,1687.0,,49,42,7
200301090POR,RS,SAS,1731.0,,49,44,5
200301090POR,RS,SAS,1783.0,,49,47,2
200301090POR,RS,SAS,1822.0,T,49,49,0
200301090POR,RS,SAS,1877.0,,52,49,3
200301090POR,RS,SAS,1943.0,,54,49,5
200301090POR,RS,SAS,2008.0,,54,51,3
200301090POR,RS,SAS,2024.0,,55,51,4
200301090POR,RS,SAS,2055.0,,57,51,6
200301090POR,RS,SAS,2081.0,,58,51,7
200301090POR,RS,SAS,2097.0,,58,53,5
200301090POR,RS,SAS,2119.7,,61,53,8
200301090POR,RS,SAS,2132.8,,61,54,7
200301090POR,RS,SAS,2132.8,,61,55,6
200301090POR,RS,SAS,2143.8,,62,55,7
200301090POR,RS,SAS,2157.9,,64,55,9
200301090POR,RS,SAS,2175.0,,66,55,11
200301090POR,RS,SAS,2198.0,,66,57,9
200301090POR,RS,SAS,2209.0,,66,60,6
200301090POR,RS,SAS,2237.0,,67,60,7
200301090POR,RS,SAS,2237.0,,68,60,8
200301090POR,RS,SAS,2244.0,,68,62,6
200301090POR,RS,SAS,2284.0,,70,62,8
200301090POR,RS,SAS,2323.0,,70,64,6
200301090POR,RS,SAS,2347.0,,70,66,4
200301090POR,RS,SAS,2418.0,,70,68,2
200301090POR,RS,SAS,2444.0,,71,68,3
200301090POR,RS,SAS,2444.0,,72,68,4
200301090POR,RS,SAS,2462.0,,72,70,2
200301090POR,RS,SAS,2501.0,,73,70,3
200301090POR,RS,SAS,2501.0,,74,70,4
200301090POR,RS,SAS,2515.0,,74,72,2
200301090POR,RS,SAS,2544.0,,76,72,4
200301090POR,RS,SAS,2567.0,,76,74,2
200301090POR,RS,SAS,2567.0,,76,75,1
200301090POR,RS,SAS,2587.0,,78,75,3
200301090POR,RS,SAS,2648.0,T,78,78,0
200301090POR,RS,SAS,2692.0,LC,78,79,-1
200301090POR,RS,SAS,2692.0,,78,80,-2
200301090POR,RS,SAS,2698.0,,79,80,-1
200301090POR,RS,SAS,2698.0,T,80,80,0
200301090POR,RS,SAS,2758.0,LC,82,80,2
200301090POR,RS,SAS,2789.0,,84,80,4
200301090POR,RS,SAS,2805.0,,84,82,2
200301090POR,RS,SAS,2805.0,,84,83,1
200301090POR,RS,SAS,2821.8,,86,83,3
200301090POR,RS,SAS,2862.8,,88,83,5
200301090POR,RS,SAS,2872.3,,88,85,3
200301090POR,RS,SAS,2874.3,,89,85,4
200301090POR,RS,SAS,2874.3,,90,85,5
200301090POR,RS,SAS,2878.7,F,90,87,3
200301090POR,RS,SAS,2880.0,,90,87,3
200301100DEN,RS,DEN,0.0,,0,0,0
200301100DEN,RS,DEN,20.0,,0,2,-2
200301100DEN,RS,DEN,37.0,T,2,2,0
200301100DEN,RS,DEN,104.0,,2,4,-2
200301100DEN,RS,DEN,137.0,T,4,4,0
200301100DEN,RS,DEN,168.0,,4,6,-2
200301100DEN,RS,DEN,168.0,,4,7,-3
200301100DEN,RS,DEN,197.0,,4,9,-5
200301100DEN,RS,DEN,226.0,,6,9,-3
200301100DEN,RS,DEN,238.0,,6,11,-5
200301100DEN,RS,DEN,258.0,,6,13,-7
200301100DEN,RS,DEN,276.0,,8,13,-5
200301100DEN,RS,DEN,324.0,,8,14,-6
200301100DEN,RS,DEN,324.0,,8,15,-7
200301100DEN,RS,DEN,338.0,,9,15,-6
200301100DEN,RS,DEN,362.0,,9,17,-8
200301100DEN,RS,DEN,373.0,,11,17,-6
200301100DEN,RS,DEN,406.0,,14,17,-3
200301100DEN,RS,DEN,450.0,,16,17,-1
200301100DEN,RS,DEN,467.0,,16,18,-2
200301100DEN,RS,DEN,495.0,T,18,18,0
200301100DEN,RS,DEN,543.0,,18,19,-1
200301100DEN,RS,DEN,543.0,,18,20,-2
200301100DEN,RS,DEN,575.0,,19,20,-1
200301100DEN,RS,DEN,584.0,LC,21,20,1
200301100DEN,RS,DEN,612.0,,23,20,3
200301100DEN,RS,DEN,626.0,,24,20,4
200301100DEN,RS,DEN,626.0,,25,20,5
200301100DEN,RS,DEN,638.0,,25,22,3
200301100DEN,RS,DEN,685.4,,25,24,1
200301100DEN,RS,DEN,716.1,LC,25,26,-1
200301100DEN,RS,DEN,751.0,,25,28,-3
200301100DEN,RS,DEN,775.0,,27,28,-1
200301100DEN,RS,DEN,806.0,LC,29,28,1
200301100DEN,RS,DEN,824.0,LC,29,30,-1
200301100DEN,RS,DEN,840.0,T,30,30,0
200301100DEN,RS,DEN,920.0,LC,32,30,2
200301100DEN,RS,DEN,946.0,T,32,32,0
200301100DEN,RS,DEN,1002.0,LC,32,34,-2
200301100DEN,RS,DEN,1025.0,,33,34,-1
200301100DEN,RS,DEN,1029.0,LC,35,34,1
200301100DEN,RS,DEN,1054.0,LC,35,36,-1
200301100DEN,RS,DEN,1062.0,T,36,36,0
200301100DEN,RS,DEN,1062.0,LC,37,36,1
200301100DEN,RS,DEN,1078.0,LC,37,38,-1
200301100DEN,RS,DEN,1149.0,,37,40,-3
200301100DEN,RS,DEN,1162.0,,39,40,-1
200301100DEN,RS,DEN,1176.0,,39,42,-3
200301100DEN,RS,DEN,1216.0,,39,43,-4
200301100DEN,RS,DEN,1235.0,,41,43,-2
200301100DEN,RS,DEN,1271.0,LC,44,43,1
200301100DEN,RS,DEN,1297.0,,46,43,3
200301100DEN,RS,DEN,1338.0,,46,45,1
200301100DEN,RS,DEN,1408.1,T,46,46,0
200301100DEN,RS,DEN,1520.0,LC,46,48,-2
200301100DEN,RS,DEN,1536.0,T,48,48,0
200301100DEN,RS,DEN,1536.0,LC,49,48,1
200301100DEN,RS,DEN,1577.0,LC,49,50,-1
200301100DEN,RS,DEN,1589.0,T,50,50,0
200301100DEN,RS,DEN,1614.0,,50,52,-2
200301100DEN,RS,DEN,1673.0,,50,54,-4
200301100DEN,RS,DEN,1819.0,,50,56,-6
200301100DEN,RS,DEN,1849.0,,50,57,-7
200301100DEN,RS,DEN,1849.0,,50,58,-8
200301100DEN,RS,DEN,1868.0,,52,58,-6
200301100DEN,RS,DEN,1886.0,,52,60,-8
200301100DEN,RS,DEN,1962.0,,54,60,-6
200301100DEN,RS,DEN,1977.0,,54,62,-8
200301100DEN,RS,DEN,2067.0,,56,62,-6
200301100DEN,RS,DEN,2067.0,,57,62,-5
200301100DEN,RS,DEN,2115.2,,59,62,-3
200301100DEN,RS,DEN,2173.0,,59,64,-5
200301100DEN,RS,DEN,2226.0,,59,66,-7
200301100DEN,RS,DEN,2253.0,,60,66,-6
200301100DEN,RS,DEN,2285.0,,60,67,-7
200301100DEN,RS,DEN,2312.0,,63,67,-4
200301100DEN,RS,DEN,2335.0,,63,69,-6
200301100DEN,RS,DEN,2376.0,,63,71,-8
200301100DEN,RS,DEN,2394.0,,64,71,-7
200301100DEN,RS,DEN,2394.0,,65,71,-6
200301100DEN,RS,DEN,2408.0,,65,73,-8
200301100DEN,RS,DEN,2408.0,,65,74,-9
200301100DEN,RS,DEN,2477.0,,65,76,-11
200301100DEN,RS,DEN,2519.0,,66,76,-10
200301100DEN,RS,DEN,2519.0,,67,76,-9
200301100DEN,RS,DEN,2537.0,,70,76,-6
200301100DEN,RS,DEN,2584.0,,71,76,-5
200301100DEN,RS,DEN,2584.0,,72,76,-4
200301100DEN,RS,DEN,2627.0,,74,76,-2
200301100DEN,RS,DEN,2653.0,,74,77,-3
200301100DEN,RS,DEN,2653.0,,74,78,-4
200301100DEN,RS,DEN,2676.0,,76,78,-2
200301100DEN,RS,DEN,2793.0,T,78,78,0
200301100DEN,RS,DEN,2810.0,,78,79,-1
200301100DEN,RS,DEN,2810.0,,78,80,-2
200301100DEN,RS,DEN,2842.4,,78,82,-4
200301100DEN,RS,DEN,2843.7,,80,82,-2
200301100DEN,RS,DEN,2843.7,F,81,82,-1
200301100DEN,RS,DEN,2880.0,,81,82,-1
200301130POR,RS,CLE,0.0,,0,0,0
200301130POR,RS,CLE,73.0,,0,1,-1
200301130POR,RS,CLE,88.0,T,1,1,0
200301130POR,RS,CLE,98.0,LC,3,1,2
200301130POR,RS,CLE,119.0,T,3,3,0
200301130POR,RS,CLE,153.0,,5,3,2
200301130POR,RS,CLE,184.0,,7,3,4
200301130POR,RS,CLE,201.0,,7,6,1
200301130POR,RS,CLE,215.0,,9,6,3
200301130POR,RS,CLE,225.0,,9,8,1
200301130POR,RS,CLE,249.0,,11,8,3
200301130POR,RS,CLE,267.0,,11,10,1
200301130POR,RS,CLE,288.0,,14,10,4
200301130POR,RS,CLE,310.0,,14,12,2
200301130POR,RS,CLE,315.0,,16,12,4
200301130POR,RS,CLE,329.0,,16,14,2
200301130POR,RS,CLE,365.0,T,16,16,0
200301130POR,RS,CLE,388.0,,19,16,3
200301130POR,RS,CLE,394.0,,19,18,1
200301130POR,RS,CLE,445.0,,21,18,3
200301130POR,RS,CLE,488.0,,24,18,6
200301130POR,RS,CLE,507.0,,24,20,4
200301130POR,RS,CLE,534.0,,25,20,5
200301130POR,RS,CLE,534.0,,26,20,6
200301130POR,RS,CLE,557.0,,28,20,8
200301130POR,RS,CLE,590.0,,29,20,9
200301130POR,RS,CLE,590.0,,30,20,10
200301130POR,RS,CLE,598.0,,30,22,8
200301130POR,RS,CLE,714.8,,31,22,9
200301130POR,RS,CLE,734.0,,33,22,11
200301130POR,RS,CLE,775.0,,33,24,9
200301130POR,RS,CLE,826.0,,35,24,11
200301130POR,RS,CLE,853.0,,35,25,10
200301130POR,RS,CLE,853.0,,35,26,9
200301130POR,RS,CLE,871.0,,35,28,7
200301130POR,RS,CLE,885.0,,37,28,9
200301130POR,RS,CLE,928.0,,39,28,11
200301130POR,RS,CLE,979.0,,41,28,13
200301130POR,RS,CLE,1006.0,,43,28,15
200301130POR,RS,CLE,1038.0,,44,28,16
200301130POR,RS,CLE,1038.0,,45,28,17
200301130POR,RS,CLE,1054.0,,45,30,15
200301130POR,RS,CLE,1074.0,,47,30,17
200301130POR,RS,CLE,1104.0,,49,30,19
200301130POR,RS,CLE,1124.0,,49,33,16
200301130POR,RS,CLE,1167.0,,50,33,17
200301130POR,RS,CLE,1167.0,,51,33,18
200301130POR,RS,CLE,1199.0,,53,33,20
200301130POR,RS,CLE,1251.0,,56,33,23
200301130POR,RS,CLE,1271.0,,56,36,20
200301130POR,RS,CLE,1311.0,,58,36,22
200301130POR,RS,CLE,1336.0,,58,38,20
200301130POR,RS,CLE,1352.0,,60,38,22
200301130POR,RS,CLE,1359.0,,61,38,23
200301130POR,RS,CLE,1359.0,,62,38,24
200301130POR,RS,CLE,1369.0,,63,38,25
200301130POR,RS,CLE,1395.3,,63,39,24
200301130POR,RS,CLE,1405.3,,65,39,26
200301130POR,RS,CLE,1428.6,,65,42,23
200301130POR,RS,CLE,1460.0,,65,43,22
200301130POR,RS,CLE,1477.0,,67,43,24
200301130POR,RS,CLE,1524.0,,67,45,22
200301130POR,RS,CLE,1563.0,,69,45,24
200301130POR,RS,CLE,1589.0,,71,45,26
200301130POR,RS,CLE,1600.0,,71,47,24
200301130POR,RS,CLE,1600.0,,71,48,23
200301130POR,RS,CLE,1614.0,,73,48,25
200301130POR,RS,CLE,1634.0,,73,50,23
200301130POR,RS,CLE,1674.0,,75,50,25
200301130POR,RS,CLE,1694.0,,75,51,24
200301130POR,RS,CLE,1694.0,,75,52,23
200301130POR,RS,CLE,1700.0,,76,52,24
200301130POR,RS,CLE,1713.0,,76,54,22
200301130POR,RS,CLE,1739.0,,78,54,24
200301130POR,RS,CLE,1739.0,,79,54,25
200301130POR,RS,CLE,1756.0,,82,54,28
200301130POR,RS,CLE,1786.0,,83,54,29
200301130POR,RS,CLE,1786.0,,84,54,30
200301130POR,RS,CLE,1827.0,,84,57,27
200301130POR,RS,CLE,1883.0,,84,58,26
200301130POR,RS,CLE,1889.0,,86,58,28
200301130POR,RS,CLE,1908.0,,86,60,26
200301130POR,RS,CLE,1921.0,,87,60,27
200301130POR,RS,CLE,1921.0,,88,60,28
200301130POR,RS,CLE,1948.0,,89,60,29
200301130POR,RS,CLE,1948.0,,90,60,30
200301130POR,RS,CLE,1958.0,,90,61,29
200301130POR,RS,CLE,1958.0,,90,62,28
200301130POR,RS,CLE,2053.0,,90,63,27
200301130POR,RS,CLE,2053.0,,90,64,26
200301130POR,RS,CLE,2123.3,,92,64,28
200301130POR,RS,CLE,2140.1,,92,66,26
200301130POR,RS,CLE,2155.8,,93,66,27
200301130POR,RS,CLE,2155.8,,94,66,28
200301130POR,RS,CLE,2185.0,,94,68,26
200301130POR,RS,CLE,2207.0,,96,68,28
200301130POR,RS,CLE,2232.0,,96,71,25
200301130POR,RS,CLE,2256.0,,98,71,27
200301130POR,RS,CLE,2288.0,,100,71,29
200301130POR,RS,CLE,2324.0,,100,73,27
200301130POR,RS,CLE,2352.0,,100,74,26
200301130POR,RS,CLE,2352.0,,100,75,25
200301130POR,RS,CLE,2385.0,,100,77,23
200301130POR,RS,CLE,2403.0,,102,77,25
200301130POR,RS,CLE,2411.0,,102,78,24
200301130POR,RS,CLE,2463.0,,104,78,26
200301130POR,RS,CLE,2490.0,,106,78,28
200301130POR,RS,CLE,2524.0,,106,81,25
200301130POR,RS,CLE,2550.0,,106,83,23
200301130POR,RS,CLE,2604.0,,108,83,25
200301130POR,RS,CLE,2631.0,,108,85,23
200301130POR,RS,CLE,2672.0,,110,85,25
200301130POR,RS,CLE,2683.0,,112,85,27
200301130POR,RS,CLE,2708.0,,112,87,25
200301130POR,RS,CLE,2726.0,,114,87,27
200301130POR,RS,CLE,2741.0,,114,89,25
200301130POR,RS,CLE,2741.0,,114,90,24
200301130POR,RS,CLE,2753.0,,116,90,26
200301130POR,RS,CLE,2775.0,,116,92,24
200301130POR,RS,CLE,2798.0,,116,94,22
200301130POR,RS,CLE,2820.6,F,118,94,24
200301130POR,RS,CLE,2880.0,,118,94,24
200301150POR,RS,MEM,0.0,,0,0,0
200301150POR,RS,MEM,16.0,,2,0,2
200301150POR,RS,MEM,37.0,,4,0,4
200301150POR,RS,MEM,51.0,,4,2,2
200301150POR,RS,MEM,59.0,,6,2,4
200301150POR,RS,MEM,82.0,,6,4,2
200301150POR,RS,MEM,98.0,,8,4,4
200301150POR,RS,MEM,122.0,,8,7,1
200301150POR,RS,MEM,148.0,LC,8,9,-1
200301150POR,RS,MEM,159.0,LC,10,9,1
200301150POR,RS,MEM,183.0,,12,9,3
200301150POR,RS,MEM,218.0,,14,9,5
200301150POR,RS,MEM,241.0,,14,11,3
200301150POR,RS,MEM,278.0,,14,13,1
200301150POR,RS,MEM,305.0,LC,14,15,-1
200301150POR,RS,MEM,333.0,,14,17,-3
200301150POR,RS,MEM,362.0,,14,19,-5
200301150POR,RS,MEM,376.0,,16,19,-3
200301150POR,RS,MEM,398.0,,16,22,-6
200301150POR,RS,MEM,435.0,,16,24,-8
200301150POR,RS,MEM,448.0,,18,24,-6
200301150POR,RS,MEM,481.0,,20,24,-4
200301150POR,RS,MEM,569.0,,20,27,-7
200301150POR,RS,MEM,584.0,,22,27,-5
200301150POR,RS,MEM,614.0,,22,29,-7
200301150POR,RS,MEM,625.0,,24,29,-5
200301150POR,RS,MEM,668.2,,26,29,-3
200301150POR,RS,MEM,688.5,,26,30,-4
200301150POR,RS,MEM,719.9,,29,30,-1
200301150POR,RS,MEM,779.0,LC,31,30,1
200301150POR,RS,MEM,800.0,LC,31,33,-2
200301150POR,RS,MEM,815.0,,32,33,-1
200301150POR,RS,MEM,815.0,T,33,33,0
200301150POR,RS,MEM,858.0,,33,35,-2
200301150POR,RS,MEM,863.0,T,35,35,0
200301150POR,RS,MEM,882.0,,35,37,-2
200301150POR,RS,MEM,928.0,,35,38,-3
200301150POR,RS,MEM,950.0,,35,40,-5
200301150POR,RS,MEM,974.0,,37,40,-3
200301150POR,RS,MEM,992.0,,37,42,-5
200301150POR,RS,MEM,1011.0,,39,42,-3
200301150POR,RS,MEM,1063.0,,39,43,-4
200301150POR,RS,MEM,1081.0,,39,44,-5
200301150POR,RS,MEM,1081.0,,39,45,-6
200301150POR,RS,MEM,1104.0,,41,45,-4
200301150POR,RS,MEM,1127.0,,41,47,-6
200301150POR,RS,MEM,1202.0,,43,47,-4
200301150POR,RS,MEM,1227.0,,43,48,-5
200301150POR,RS,MEM,1227.0,,43,49,-6
200301150POR,RS,MEM,1255.0,,45,49,-4
200301150POR,RS,MEM,1275.0,,47,49,-2
200301150POR,RS,MEM,1298.0,,48,49,-1
200301150POR,RS,MEM,1313.0,,48,51,-3
200301150POR,RS,MEM,1330.0,,50,51,-1
200301150POR,RS,MEM,1345.0,,50,52,-2
200301150POR,RS,MEM,1345.0,,50,53,-3
200301150POR,RS,MEM,1389.9,,50,55,-5
200301150POR,RS,MEM,1402.2,,52,55,-3
200301150POR,RS,MEM,1463.0,,52,57,-5
200301150POR,RS,MEM,1481.0,,54,57,-3
200301150POR,RS,MEM,1521.0,,56,57,-1
200301150POR,RS,MEM,1521.0,T,57,57,0
200301150POR,RS,MEM,1575.0,,57,59,-2
200301150POR,RS,MEM,1575.0,,57,60,-3
200301150POR,RS,MEM,1575.0,,57,61,-4
200301150POR,RS,MEM,1590.0,,59,61,-2
200301150POR,RS,MEM,1631.0,T,61,61,0
200301150POR,RS,MEM,1672.0,LC,63,61,2
200301150POR,RS,MEM,1698.0,,65,61,4
200301150POR,RS,MEM,1737.0,,65,63,2
200301150POR,RS,MEM,1824.0,,66,63,3
200301150POR,RS,MEM,1840.0,,66,65,1
200301150POR,RS,MEM,1876.0,LC,66,67,-1
200301150POR,RS,MEM,1895.0,LC,68,67,1
200301150POR,RS,MEM,1921.0,,70,67,3
200301150POR,RS,MEM,1938.0,,70,69,1
200301150POR,RS,MEM,1961.0,,72,69,3
200301150POR,RS,MEM,2002.0,,75,69,6
200301150POR,RS,MEM,2034.0,,78,69,9
200301150POR,RS,MEM,2100.0,,78,71,7
200301150POR,RS,MEM,2144.3,,78,74,4
200301150POR,RS,MEM,2176.0,,80,74,6
200301150POR,RS,MEM,2253.0,,80,75,5
200301150POR,RS,MEM,2276.0,,80,77,3
200301150POR,RS,MEM,2347.0,,82,77,5
200301150POR,RS,MEM,2424.0,,83,77,6
200301150POR,RS,MEM,2435.0,,83,78,5
200301150POR,RS,MEM,2435.0,,83,79,4
200301150POR,RS,MEM,2450.0,,85,79,6
200301150POR,RS,MEM,2512.0,,87,79,8
200301150POR,RS,MEM,2541.0,,90,79,11
200301150POR,RS,MEM,2556.0,,90,81,9
200301150POR,RS,MEM,2577.0,,92,81,11
200301150POR,RS,MEM,2620.0,,94,81,13
200301150POR,RS,MEM,2684.0,,94,83,11
200301150POR,RS,MEM,2684.0,,94,84,10
200301150POR,RS,MEM,2768.0,,94,85,9
200301150POR,RS,MEM,2768.0,,94,86,8
200301150POR,RS,MEM,2782.0,,96,86,10
200301150POR,RS,MEM,2796.0,,96,88,8
200301150POR,RS,MEM,2824.8,,96,90,6
200301150POR,RS,MEM,2843.8,,98,90,8
200301150POR,RS,MEM,2856.5,,98,92,6
200301150POR,RS,MEM,2860.4,,99,92,7
200301150POR,RS,MEM,2860.4,F,100,92,8
200301150POR,RS,MEM,2880.0,,100,92,8
200301180POR,RS,MIN,0.0,,0,0,0
200301180POR,RS,MIN,29.0,,0,2,-2
200301180POR,RS,MIN,85.0,T,2,2,0
200301180POR,RS,MIN,112.0,LC,4,2,2
200301180POR,RS,MIN,147.0,,6,2,4
200301180POR,RS,MIN,222.0,,6,4,2
200301180POR,RS,MIN,243.0,T,6,6,0
200301180POR,RS,MIN,277.0,LC,6,8,-2
200301180POR,RS,MIN,277.0,,6,9,-3
200301180POR,RS,MIN,310.0,,8,9,-1
200301180POR,RS,MIN,327.0,,8,11,-3
200301180POR,RS,MIN,345.0,,9,11,-2
200301180POR,RS,MIN,345.0,,10,11,-1
200301180POR,RS,MIN,357.0,,10,13,-3
200301180POR,RS,MIN,409.0,,12,13,-1
200301180POR,RS,MIN,441.0,LC,14,13,1
200301180POR,RS,MIN,454.0,LC,14,15,-1
200301180POR,RS,MIN,492.0,,14,17,-3
200301180POR,RS,MIN,521.0,,14,19,-5
200301180POR,RS,MIN,540.0,,17,19,-2
200301180POR,RS,MIN,558.0,,17,21,-4
200301180POR,RS,MIN,569.0,,18,21,-3
200301180POR,RS,MIN,569.0,,19,21,-2
200301180POR,RS,MIN,591.0,T,21,21,0
200301180POR,RS,MIN,618.0,LC,23,21,2
200301180POR,RS,MIN,636.0,T,23,23,0
200301180POR,RS,MIN,700.9,LC,23,25,-2
200301180POR,RS,MIN,737.0,,24,25,-1
200301180POR,RS,MIN,737.0,T,25,25,0
200301180POR,RS,MIN,759.0,LC,27,25,2
200301180POR,RS,MIN,789.0,T,27,27,0
200301180POR,RS,MIN,806.0,,28,27,1
200301180POR,RS,MIN,858.0,,29,27,2
200301180POR,RS,MIN,897.0,,31,27,4
200301180POR,RS,MIN,920.0,,32,27,5
200301180POR,RS,MIN,920.0,,33,27,6
200301180POR,RS,MIN,945.0,,33,29,4
200301180POR,RS,MIN,993.0,,35,29,6
200301180POR,RS,MIN,1008.0,,35,31,4
200301180POR,RS,MIN,1045.0,,35,33,2
200301180POR,RS,MIN,1057.0,,37,33,4
200301180POR,RS,MIN,1067.0,,37,35,2
200301180POR,RS,MIN,1086.0,,38,35,3
200301180POR,RS,MIN,1086.0,,39,35,4
200301180POR,RS,MIN,1100.0,,39,37,2
200301180POR,RS,MIN,1127.0,,41,37,4
200301180POR,RS,MIN,1170.0,,42,37,5
200301180POR,RS,MIN,1184.0,,42,38,4
200301180POR,RS,MIN,1191.0,,44,38,6
200301180POR,RS,MIN,1227.0,,44,40,4
200301180POR,RS,MIN,1283.0,,44,41,3
200301180POR,RS,MIN,1283.0,,44,42,2
200301180POR,RS,MIN,1294.0,T,44,44,0
200301180POR,RS,MIN,1308.0,,47,44,3
200301180POR,RS,MIN,1330.0,,47,45,2
200301180POR,RS,MIN,1330.0,,47,46,1
200301180POR,RS,MIN,1345.0,,49,46,3
200301180POR,RS,MIN,1359.0,,49,48,1
200301180POR,RS,MIN,1373.0,,51,48,3
200301180POR,RS,MIN,1401.1,,51,49,2
200301180POR,RS,MIN,1401.1,,51,50,1
200301180POR,RS,MIN,1401.1,T,51,51,0
200301180POR,RS,MIN,1416.9,,53,51,2
200301180POR,RS,MIN,1482.0,T,53,53,0
200301180POR,RS,MIN,1519.0,LC,53,55,-2
200301180POR,RS,MIN,1567.0,,54,55,-1
200301180POR,RS,MIN,1567.0,T,55,55,0
200301180POR,RS,MIN,1581.0,,55,57,-2
200301180POR,RS,MIN,1635.0,,55,59,-4
200301180POR,RS,MIN,1658.0,,57,59,-2
200301180POR,RS,MIN,1731.0,,57,61,-4
200301180POR,RS,MIN,1779.0,,58,61,-3
200301180POR,RS,MIN,1839.0,,58,63,-5
200301180POR,RS,MIN,1888.0,,58,64,-6
200301180POR,RS,MIN,1888.0,,58,65,-7
200301180POR,RS,MIN,1905.0,,60,65,-5
200301180POR,RS,MIN,1919.0,,60,66,-6
200301180POR,RS,MIN,1929.0,,62,66,-4
200301180POR,RS,MIN,1929.0,,63,66,-3
200301180POR,RS,MIN,1957.0,,65,66,-1
200301180POR,RS,MIN,1970.0,,65,68,-3
200301180POR,RS,MIN,1985.0,,66,68,-2
200301180POR,RS,MIN,1998.0,T,68,68,0
200301180POR,RS,MIN,2013.0,,68,70,-2
200301180POR,RS,MIN,2028.0,LC,71,70,1
200301180POR,RS,MIN,2058.0,LC,71,72,-1
200301180POR,RS,MIN,2083.0,T,72,72,0
200301180POR,RS,MIN,2099.0,,72,74,-2
200301180POR,RS,MIN,2115.2,,72,75,-3
200301180POR,RS,MIN,2115.2,,72,76,-4
200301180POR,RS,MIN,2137.5,,73,76,-3
200301180POR,RS,MIN,2137.5,,74,76,-2
200301180POR,RS,MIN,2156.7,T,76,76,0
200301180POR,RS,MIN,2156.7,,76,77,-1
200301180POR,RS,MIN,2174.0,,76,79,-3
200301180POR,RS,MIN,2231.0,,77,79,-2
200301180POR,RS,MIN,2231.0,,78,79,-1
200301180POR,RS,MIN,2246.0,,78,82,-4
200301180POR,RS,MIN,2270.0,,79,82,-3
200301180POR,RS,MIN,2270.0,,80,82,-2
200301180POR,RS,MIN,2301.0,,80,84,-4
200301180POR,RS,MIN,2301.0,,80,85,-5
200301180POR,RS,MIN,2331.0,,80,87,-7
200301180POR,RS,MIN,2430.0,,80,89,-9
200301180POR,RS,MIN,2451.0,,82,89,-7
200301180POR,RS,MIN,2471.0,,82,91,-9
200301180POR,RS,MIN,2486.0,,82,93,-11
200301180POR,RS,MIN,2505.0,,84,93,-9
200301180POR,RS,MIN,2639.0,,86,93,-7
200301180POR,RS,MIN,2639.0,,87,93,-6
200301180POR,RS,MIN,2653.0,,87,95,-8
200301180POR,RS,MIN,2660.0,,88,95,-7
200301180POR,RS,MIN,2660.0,,89,95,-6
200301180POR,RS,MIN,2746.0,,91,95,-4
200301180POR,RS,MIN,2746.0,,92,95,-3
200301180POR,RS,MIN,2766.0,,92,96,-4
200301180POR,RS,MIN,2813.0,,94,96,-2
200301180POR,RS,MIN,2834.1,,94,98,-4
200301180POR,RS,MIN,2854.3,,96,98,-2
200301180POR,RS,MIN,2855.8,,96,99,-3
200301180POR,RS,MIN,2855.8,,96,100,-4
200301180POR,RS,MIN,2861.4,,98,100,-2
200301180POR,RS,MIN,2862.6,,98,101,-3
200301180POR,RS,MIN,2862.6,,98,102,-4
200301180POR,RS,MIN,2870.5,,98,103,-5
200301180POR,RS,MIN,2870.5,F,98,104,-6
200301180POR,RS,MIN,2880.0,,98,104,-6
200301200MEM,RS,MEM,0.0,,0,0,0
200301200MEM,RS,MEM,34.0,,0,2,-2
200301200MEM,RS,MEM,65.0,T,2,2,0
200301200MEM,RS,MEM,127.0,LC,4,2,2
200301200MEM,RS,MEM,154.0,,6,2,4
200301200MEM,RS,MEM,237.0,,8,2,6
200301200MEM,RS,MEM,266.0,,8,3,5
200301200MEM,RS,MEM,266.0,,8,4,4
200301200MEM,RS,MEM,286.0,,9,4,5
200301200MEM,RS,MEM,286.0,,10,4,6
200301200MEM,RS,MEM,304.0,,10,6,4
200301200MEM,RS,MEM,369.0,,12,6,6
200301200MEM,RS,MEM,409.0,,14,6,8
200301200MEM,RS,MEM,441.0,,14,8,6
200301200MEM,RS,MEM,489.0,,14,9,5
200301200MEM,RS,MEM,501.0,,14,11,3
200301200MEM,RS,MEM,520.0,,16,11,5
200301200MEM,RS,MEM,534.0,,16,13,3
200301200MEM,RS,MEM,599.0,,18,13,5
200301200MEM,RS,MEM,641.0,,18,15,3
200301200MEM,RS,MEM,657.0,,20,15,5
200301200MEM,RS,MEM,675.6,,20,17,3
200301200MEM,RS,MEM,681.2,,22,17,5
200301200MEM,RS,MEM,701.4,,22,19,3
200301200MEM,RS,MEM,716.8,,24,19,5
200301200MEM,RS,MEM,797.0,,24,21,3
200301200MEM,RS,MEM,807.0,,26,21,5
200301200MEM,RS,MEM,823.0,,26,23,3
200301200MEM,RS,MEM,868.0,,28,23,5
200301200MEM,RS,MEM,890.0,,28,26,2
200301200MEM,RS,MEM,949.0,,30,26,4
200301200MEM,RS,MEM,968.0,,30,28,2
200301200MEM,RS,MEM,995.0,LC,30,31,-1
200301200MEM,RS,MEM,1010.0,LC,32,31,1
200301200MEM,RS,MEM,1032.0,,34,31,3
200301200MEM,RS,MEM,1064.0,,36,31,5
200301200MEM,RS,MEM,1092.0,,38,31,7
200301200MEM,RS,MEM,1138.0,,39,31,8
200301200MEM,RS,MEM,1138.0,,40,31,9
200301200MEM,RS,MEM,1149.0,,40,33,7
200301200MEM,RS,MEM,1208.0,,40,35,5
200301200MEM,RS,MEM,1281.0,,40,36,4
200301200MEM,RS,MEM,1298.0,,41,36,5
200301200MEM,RS,MEM,1298.0,,42,36,6
200301200MEM,RS,MEM,1314.0,,44,36,8
200301200MEM,RS,MEM,1356.0,,46,36,10
200301200MEM,RS,MEM,1370.0,,46,38,8
200301200MEM,RS,MEM,1406.4,,46,40,6
200301200MEM,RS,MEM,1423.2,,47,40,7
200301200MEM,RS,MEM,1423.2,,48,40,8
200301200MEM,RS,MEM,1437.6,,48,42,6
200301200MEM,RS,MEM,1453.0,,48,45,3
200301200MEM,RS,MEM,1482.0,,48,47,1
200301200MEM,RS,MEM,1501.0,,50,47,3
200301200MEM,RS,MEM,1552.0,,50,49,1
200301200MEM,RS,MEM,1596.0,,52,49,3
200301200MEM,RS,MEM,1618.0,T,52,52,0
200301200MEM,RS,MEM,1636.0,,55,52,3
200301200MEM,RS,MEM,1678.0,,55,53,2
200301200MEM,RS,MEM,1722.0,,57,53,4
200301200MEM,RS,MEM,1749.0,,57,56,1
200301200MEM,RS,MEM,1773.0,LC,57,59,-2
200301200MEM,RS,MEM,1812.0,,57,61,-4
200301200MEM,RS,MEM,1834.0,,57,63,-6
200301200MEM,RS,MEM,1834.0,,57,64,-7
200301200MEM,RS,MEM,1883.0,,59,64,-5
200301200MEM,RS,MEM,1911.0,,61,64,-3
200301200MEM,RS,MEM,1941.0,,63,64,-1
200301200MEM,RS,MEM,2022.0,LC,65,64,1
200301200MEM,RS,MEM,2022.0,,66,64,2
200301200MEM,RS,MEM,2154.5,T,66,66,0
200301200MEM,RS,MEM,2154.5,LC,66,67,-1
200301200MEM,RS,MEM,2239.0,LC,68,67,1
200301200MEM,RS,MEM,2290.0,,69,67,2
200301200MEM,RS,MEM,2332.0,T,69,69,0
200301200MEM,RS,MEM,2400.0,,71,69,2
200301200MEM,RS,MEM,2431.0,,73,69,4
200301200MEM,RS,MEM,2476.0,,75,69,6
200301200MEM,RS,MEM,2494.0,,75,71,4
200301200MEM,RS,MEM,2517.0,,77,71,6
200301200MEM,RS,MEM,2517.0,,78,71,7
200301200MEM,RS,MEM,2526.0,,78,73,5
200301200MEM,RS,MEM,2526.0,,78,74,4
200301200MEM,RS,MEM,2546.0,,80,74,6
200301200MEM,RS,MEM,2564.0,,82,74,8
200301200MEM,RS,MEM,2582.0,,84,74,10
200301200MEM,RS,MEM,2605.0,,86,74,12
200301200MEM,RS,MEM,2652.0,,86,77,9
200301200MEM,RS,MEM,2671.0,,88,77,11
200301200MEM,RS,MEM,2685.0,,88,78,10
200301200MEM,RS,MEM,2685.0,,88,79,9
200301200MEM,RS,MEM,2713.0,,88,81,7
200301200MEM,RS,MEM,2734.0,,90,81,9
200301200MEM,RS,MEM,2749.0,,91,81,10
200301200MEM,RS,MEM,2749.0,,92,81,11
200301200MEM,RS,MEM,2771.0,,93,81,12
200301200MEM,RS,MEM,2781.0,,93,82,11
200301200MEM,RS,MEM,2781.0,,93,83,10
200301200MEM,RS,MEM,2823.7,,95,83,12
200301200MEM,RS,MEM,2828.2,,95,85,10
200301200MEM,RS,MEM,2846.9,,97,85,12
200301200MEM,RS,MEM,2859.6,,99,85,14
200301200MEM,RS,MEM,2865.9,F,99,87,12
200301200MEM,RS,MEM,2880.0,,99,87,12
200301220ATL,RS,ATL,0.0,,0,0,0
200301220ATL,RS,ATL,27.0,,2,0,2
200301220ATL,RS,ATL,66.0,,4,0,4
200301220ATL,RS,ATL,120.0,,6,0,6
200301220ATL,RS,ATL,145.0,,8,0,8
200301220ATL,RS,ATL,186.0,,9,0,9
200301220ATL,RS,ATL,194.0,,9,2,7
200301220ATL,RS,ATL,207.0,,10,2,8
200301220ATL,RS,ATL,207.0,,11,2,9
200301220ATL,RS,ATL,245.0,,13,2,11
200301220ATL,RS,ATL,287.0,,13,5,8
200301220ATL,RS,ATL,305.0,,16,5,11
200301220ATL,RS,ATL,315.0,,16,6,10
200301220ATL,RS,ATL,331.0,,16,8,8
200301220ATL,RS,ATL,356.0,,17,8,9
200301220ATL,RS,ATL,356.0,,18,8,10
200301220ATL,RS,ATL,375.0,,18,10,8
200301220ATL,RS,ATL,375.0,,18,11,7
200301220ATL,RS,ATL,402.0,,20,11,9
200301220ATL,RS,ATL,421.0,,20,13,7
200301220ATL,RS,ATL,446.0,,22,13,9
200301220ATL,RS,ATL,461.0,,22,16,6
200301220ATL,RS,ATL,492.0,,24,16,8
200301220ATL,RS,ATL,546.0,,26,16,10
200301220ATL,RS,ATL,577.0,,28,16,12
200301220ATL,RS,ATL,606.0,,28,17,11
200301220ATL,RS,ATL,606.0,,28,18,10
200301220ATL,RS,ATL,630.0,,28,20,8
200301220ATL,RS,ATL,630.0,,28,21,7
200301220ATL,RS,ATL,638.0,,29,21,8
200301220ATL,RS,ATL,638.0,,30,21,9
200301220ATL,RS,ATL,657.0,,32,21,11
200301220ATL,RS,ATL,672.4,,34,21,13
200301220ATL,RS,ATL,691.9,,36,21,15
200301220ATL,RS,ATL,716.3,,37,21,16
200301220ATL,RS,ATL,716.3,,38,21,17
200301220ATL,RS,ATL,759.0,,38,23,15
200301220ATL,RS,ATL,778.0,,40,23,17
200301220ATL,RS,ATL,789.0,,40,24,16
200301220ATL,RS,ATL,803.0,,40,26,14
200301220ATL,RS,ATL,847.0,,41,26,15
200301220ATL,RS,ATL,847.0,,42,26,16
200301220ATL,RS,ATL,856.0,,42,27,15
200301220ATL,RS,ATL,856.0,,42,28,14
200301220ATL,RS,ATL,878.0,,44,28,16
200301220ATL,RS,ATL,897.0,,46,28,18
200301220ATL,RS,ATL,917.0,,46,30,16
200301220ATL,RS,ATL,944.0,,48,30,18
200301220ATL,RS,ATL,961.0,,48,32,16
200301220ATL,RS,ATL,984.0,,50,32,18
200301220ATL,RS,ATL,992.0,,50,34,16
200301220ATL,RS,ATL,1010.0,,52,34,18
200301220ATL,RS,ATL,1062.0,,52,37,15
200301220ATL,RS,ATL,1082.0,,54,37,17
200301220ATL,RS,ATL,1101.0,,54,40,14
200301220ATL,RS,ATL,1126.0,,56,40,16
200301220ATL,RS,ATL,1154.0,,57,40,17
200301220ATL,RS,ATL,1174.0,,57,42,15
200301220ATL,RS,ATL,1289.0,,57,45,12
200301220ATL,RS,ATL,1336.0,,57,47,10
200301220ATL,RS,ATL,1362.0,,60,47,13
200301220ATL,RS,ATL,1377.0,,60,49,11
200301220ATL,RS,ATL,1534.0,,62,49,13
200301220ATL,RS,ATL,1593.0,,62,51,11
200301220ATL,RS,ATL,1616.0,,62,53,9
200301220ATL,RS,ATL,1657.0,,62,55,7
200301220ATL,RS,ATL,1684.0,,62,57,5
200301220ATL,RS,ATL,1711.0,,62,58,4
200301220ATL,RS,ATL,1711.0,,62,59,3
200301220ATL,RS,ATL,1750.0,,62,61,1
200301220ATL,RS,ATL,1805.0,LC,62,63,-1
200301220ATL,RS,ATL,1854.0,T,63,63,0
200301220ATL,RS,ATL,1854.0,LC,64,63,1
200301220ATL,RS,ATL,1867.0,T,64,64,0
200301220ATL,RS,ATL,1911.0,,66,64,2
200301220ATL,RS,ATL,1922.0,T,66,66,0
200301220ATL,RS,ATL,1939.0,LC,66,67,-1
200301220ATL,RS,ATL,1965.0,,66,68,-2
200301220ATL,RS,ATL,1965.0,,66,69,-3
200301220ATL,RS,ATL,1965.0,,66,70,-4
200301220ATL,RS,ATL,2061.0,,68,70,-2
200301220ATL,RS,ATL,2067.0,,68,73,-5
200301220ATL,RS,ATL,2081.0,,70,73,-3
200301220ATL,RS,ATL,2110.6,,70,75,-5
200301220ATL,RS,ATL,2122.8,,71,75,-4
200301220ATL,RS,ATL,2122.8,,72,75,-3
200301220ATL,RS,ATL,2176.0,,72,77,-5
200301220ATL,RS,ATL,2203.0,,75,77,-2
200301220ATL,RS,ATL,2221.0,,75,79,-4
200301220ATL,RS,ATL,2283.0,,76,79,-3
200301220ATL,RS,ATL,2291.0,,76,80,-4
200301220ATL,RS,ATL,2328.0,,77,80,-3
200301220ATL,RS,ATL,2328.0,,78,80,-2
200301220ATL,RS,ATL,2398.0,,78,82,-4
200301220ATL,RS,ATL,2415.0,,80,82,-2
200301220ATL,RS,ATL,2475.0,T,82,82,0
200301220ATL,RS,ATL,2507.0,,82,83,-1
200301220ATL,RS,ATL,2528.0,LC,84,83,1
200301220ATL,RS,ATL,2558.0,LC,84,85,-1
200301220ATL,RS,ATL,2576.0,LC,86,85,1
200301220ATL,RS,ATL,2599.0,T,86,86,0
200301220ATL,RS,ATL,2599.0,LC,86,87,-1
200301220ATL,RS,ATL,2638.0,,86,90,-4
200301220ATL,RS,ATL,2717.0,,88,90,-2
200301220ATL,RS,ATL,2717.0,,89,90,-1
200301220ATL,RS,ATL,2736.0,,89,91,-2
200301220ATL,RS,ATL,2736.0,,89,92,-3
200301220ATL,RS,ATL,2761.0,,89,94,-5
200301220ATL,RS,ATL,2778.0,,90,94,-4
200301220ATL,RS,ATL,2778.0,,91,94,-3
200301220ATL,RS,ATL,2817.0,,93,94,-1
200301220ATL,RS,ATL,2844.9,LC,95,94,1
200301220ATL,RS,ATL,2875.1,LC,95,96,-1
200301220ATL,RS,ATL,2878.4,T,96,96,0
200301220ATL,RS,ATL,2936.0,LC,97,96,1
200301220ATL,RS,ATL,2936.0,,98,96,2
200301220ATL,RS,ATL,2955.0,,98,97,1
200301220ATL,RS,ATL,3027.0,,100,97,3
200301220ATL,RS,ATL,3117.0,,100,98,2
200301220ATL,RS,ATL,3117.0,,100,99,1
200301220ATL,RS,ATL,3137.5,,102,99,3
200301220ATL,RS,ATL,3146.5,,102,101,1
200301220ATL,RS,ATL,3175.1,,103,101,2
200301220ATL,RS,ATL,3175.1,,104,101,3
200301220ATL,RS,ATL,3176.8,,104,102,2
200301220ATL,RS,ATL,3179.7,T,104,104,0
200301220ATL,RS,ATL,3202.0,LC,104,106,-2
200301220ATL,RS,ATL,3248.0,LC,107,106,1
200301220ATL,RS,ATL,3313.0,LC,107,108,-1
200301220ATL,RS,ATL,3408.0,LC,109,108,1
200301220ATL,RS,ATL,3425.2,LC,109,110,-1
200301220ATL,RS,ATL,3431.4,T,110,110,0
200301220ATL,RS,ATL,3478.6,F,112,110,2
200301220ATL,RS,ATL,3480.0,,112,110,2
200301240NOH,RS,NOH,0.0,,0,0,0
200301240NOH,RS,NOH,46.0,,0,2,-2
200301240NOH,RS,NOH,59.0,T,2,2,0
200301240NOH,RS,NOH,74.0,,2,4,-2
200301240NOH,RS,NOH,98.0,T,4,4,0
200301240NOH,RS,NOH,127.0,,4,6,-2
200301240NOH,RS,NOH,210.0,T,6,6,0
200301240NOH,RS,NOH,242.0,LC,8,6,2
200301240NOH,RS,NOH,283.0,,10,6,4
200301240NOH,RS,NOH,300.0,,10,8,2
200301240NOH,RS,NOH,325.0,T,10,10,0
200301240NOH,RS,NOH,348.0,,12,10,2
200301240NOH,RS,NOH,366.0,T,12,12,0
200301240NOH,RS,NOH,379.0,,13,12,1
200301240NOH,RS,NOH,379.0,,14,12,2
200301240NOH,RS,NOH,408.0,,16,12,4
200301240NOH,RS,NOH,428.0,,16,14,2
200301240NOH,RS,NOH,473.0,,18,14,4
200301240NOH,RS,NOH,514.0,,18,16,2
200301240NOH,RS,NOH,538.0,,20,16,4
200301240NOH,RS,NOH,549.0,,20,18,2
200301240NOH,RS,NOH,564.0,,22,18,4
200301240NOH,RS,NOH,564.0,,23,18,5
200301240NOH,RS,NOH,804.0,,23,21,2
200301240NOH,RS,NOH,814.0,,26,21,5
200301240NOH,RS,NOH,837.0,,28,21,7
200301240NOH,RS,NOH,856.0,,28,23,5
200301240NOH,RS,NOH,880.0,,28,25,3
200301240NOH,RS,NOH,900.0,,30,25,5
200301240NOH,RS,NOH,922.0,,30,27,3
200301240NOH,RS,NOH,940.0,,31,27,4
200301240NOH,RS,NOH,940.0,,32,27,5
200301240NOH,RS,NOH,965.0,,34,27,7
200301240NOH,RS,NOH,982.0,,34,30,4
200301240NOH,RS,NOH,996.0,,36,30,6
200301240NOH,RS,NOH,1003.0,,36,32,4
200301240NOH,RS,NOH,1036.0,,36,34,2
200301240NOH,RS,NOH,1054.0,,38,34,4
200301240NOH,RS,NOH,1054.0,,39,34,5
200301240NOH,RS,NOH,1073.0,,39,36,3
200301240NOH,RS,NOH,1117.0,,39,38,1
200301240NOH,RS,NOH,1150.0,,42,38,4
200301240NOH,RS,NOH,1171.0,,42,39,3
200301240NOH,RS,NOH,1171.0,,42,40,2
200301240NOH,RS,NOH,1236.0,,43,40,3
200301240NOH,RS,NOH,1236.0,,44,40,4
200301240NOH,RS,NOH,1285.0,,46,40,6
200301240NOH,RS,NOH,1311.0,,46,42,4
200301240NOH,RS,NOH,1373.0,,46,44,2
200301240NOH,RS,NOH,1388.1,,47,44,3
200301240NOH,RS,NOH,1388.1,,48,44,4
200301240NOH,RS,NOH,1388.1,,49,44,5
200301240NOH,RS,NOH,1526.0,,49,45,4
200301240NOH,RS,NOH,1526.0,,49,46,3
200301240NOH,RS,NOH,1549.0,,49,48,1
200301240NOH,RS,NOH,1559.0,,51,48,3
200301240NOH,RS,NOH,1604.0,,53,48,5
200301240NOH,RS,NOH,1646.0,,55,48,7
200301240NOH,RS,NOH,1696.0,,56,48,8
200301240NOH,RS,NOH,1696.0,,57,48,9
200301240NOH,RS,NOH,1736.0,,59,48,11
200301240NOH,RS,NOH,1759.0,,59,50,9
200301240NOH,RS,NOH,1759.0,,59,51,8
200301240NOH,RS,NOH,1775.0,,59,53,6
200301240NOH,RS,NOH,1796.0,,60,53,7
200301240NOH,RS,NOH,1818.0,,60,56,4
200301240NOH,RS,NOH,1882.0,,60,58,2
200301240NOH,RS,NOH,1942.0,,63,58,5
200301240NOH,RS,NOH,1964.0,,63,59,4
200301240NOH,RS,NOH,1964.0,,63,60,3
200301240NOH,RS,NOH,1992.0,,66,60,6
200301240NOH,RS,NOH,2010.0,,66,61,5
200301240NOH,RS,NOH,2010.0,,66,62,4
200301240NOH,RS,NOH,2041.0,,66,63,3
200301240NOH,RS,NOH,2051.0,,68,63,5
200301240NOH,RS,NOH,2058.0,,68,64,4
200301240NOH,RS,NOH,2058.0,,68,65,3
200301240NOH,RS,NOH,2093.0,,68,66,2
200301240NOH,RS,NOH,2104.9,,71,66,5
200301240NOH,RS,NOH,2122.9,,71,67,4
200301240NOH,RS,NOH,2122.9,,71,68,3
200301240NOH,RS,NOH,2179.0,T,71,71,0
200301240NOH,RS,NOH,2236.0,,73,71,2
200301240NOH,RS,NOH,2277.0,,75,71,4
200301240NOH,RS,NOH,2337.0,,75,73,2
200301240NOH,RS,NOH,2384.0,,76,73,3
200301240NOH,RS,NOH,2408.0,,76,75,1
200301240NOH,RS,NOH,2447.0,,78,75,3
200301240NOH,RS,NOH,2514.0,,78,76,2
200301240NOH,RS,NOH,2514.0,,78,77,1
200301240NOH,RS,NOH,2531.0,LC,78,79,-1
200301240NOH,RS,NOH,2575.0,,78,80,-2
200301240NOH,RS,NOH,2575.0,,78,81,-3
200301240NOH,RS,NOH,2611.0,,79,81,-2
200301240NOH,RS,NOH,2611.0,,80,81,-1
200301240NOH,RS,NOH,2659.0,LC,83,81,2
200301240NOH,RS,NOH,2731.0,LC,83,84,-1
200301240NOH,RS,NOH,2750.0,LC,85,84,1
200301240NOH,RS,NOH,2768.0,LC,85,86,-1
200301240NOH,RS,NOH,2784.0,LC,87,86,1
200301240NOH,RS,NOH,2871.4,,88,86,2
200301240NOH,RS,NOH,2876.6,T,88,88,0
200301240NOH,RS,NOH,2896.0,LC,88,90,-2
200301240NOH,RS,NOH,2921.0,T,90,90,0
200301240NOH,RS,NOH,2953.0,LC,92,90,2
200301240NOH,RS,NOH,2991.0,,94,90,4
200301240NOH,RS,NOH,3028.0,,95,90,5
200301240NOH,RS,NOH,3092.0,,95,91,4
200301240NOH,RS,NOH,3092.0,,95,92,3
200301240NOH,RS,NOH,3105.0,,96,92,4
200301240NOH,RS,NOH,3105.0,,97,92,5
200301240NOH,RS,NOH,3126.2,,97,94,3
200301240NOH,RS,NOH,3145.5,,97,95,2
200301240NOH,RS,NOH,3145.5,F,97,96,1
200301240NOH,RS,NOH,3180.0,,97,96,1
200301260DAL,RS,DAL,0.0,,0,0,0
200301260DAL,RS,DAL,17.0,,2,0,2
200301260DAL,RS,DAL,59.0,,4,0,4
200301260DAL,RS,DAL,78.0,,4,2,2
200301260DAL,RS,DAL,100.0,T,4,4,0
200301260DAL,RS,DAL,147.0,LC,4,6,-2
200301260DAL,RS,DAL,174.0,,4,8,-4
200301260DAL,RS,DAL,211.0,,4,10,-6
200301260DAL,RS,DAL,247.0,,4,13,-9
200301260DAL,RS,DAL,274.0,,6,13,-7
200301260DAL,RS,DAL,331.0,,6,15,-9
200301260DAL,RS,DAL,345.0,,7,15,-8
200301260DAL,RS,DAL,345.0,,8,15,-7
200301260DAL,RS,DAL,355.0,,8,17,-9
200301260DAL,RS,DAL,380.0,,10,17,-7
200301260DAL,RS,DAL,400.0,,10,19,-9
200301260DAL,RS,DAL,418.0,,12,19,-7
200301260DAL,RS,DAL,434.0,,12,22,-10
200301260DAL,RS,DAL,449.0,,13,22,-9
200301260DAL,RS,DAL,449.0,,14,22,-8
200301260DAL,RS,DAL,474.0,,16,22,-6
200301260DAL,RS,DAL,474.0,,17,22,-5
200301260DAL,RS,DAL,496.0,,17,24,-7
200301260DAL,RS,DAL,533.0,,18,24,-6
200301260DAL,RS,DAL,533.0,,19,24,-5
200301260DAL,RS,DAL,549.0,,19,26,-7
200301260DAL,RS,DAL,630.0,,19,28,-9
200301260DAL,RS,DAL,717.8,,19,31,-12
200301260DAL,RS,DAL,755.0,,21,31,-10
200301260DAL,RS,DAL,776.0,,21,33,-12
200301260DAL,RS,DAL,844.0,,21,35,-14
200301260DAL,RS,DAL,861.0,,23,35,-12
200301260DAL,RS,DAL,882.0,,25,35,-10
200301260DAL,RS,DAL,882.0,,26,35,-9
200301260DAL,RS,DAL,882.0,,27,35,-8
200301260DAL,RS,DAL,917.0,,29,35,-6
200301260DAL,RS,DAL,991.0,,29,36,-7
200301260DAL,RS,DAL,991.0,,29,37,-8
200301260DAL,RS,DAL,1029.0,,31,37,-6
200301260DAL,RS,DAL,1083.0,,33,37,-4
200301260DAL,RS,DAL,1104.0,,33,40,-7
200301260DAL,RS,DAL,1173.0,,33,42,-9
200301260DAL,RS,DAL,1235.0,,33,44,-11
200301260DAL,RS,DAL,1248.0,,35,44,-9
200301260DAL,RS,DAL,1266.0,,37,44,-7
200301260DAL,RS,DAL,1334.0,,37,46,-9
200301260DAL,RS,DAL,1353.0,,37,47,-10
200301260DAL,RS,DAL,1353.0,,37,48,-11
200301260DAL,RS,DAL,1368.0,,37,50,-13
200301260DAL,RS,DAL,1382.4,,39,50,-11
200301260DAL,RS,DAL,1407.5,,39,52,-13
200301260DAL,RS,DAL,1407.5,,39,53,-14
200301260DAL,RS,DAL,1421.4,,41,53,-12
200301260DAL,RS,DAL,1489.0,,43,53,-10
200301260DAL,RS,DAL,1534.0,,45,53,-8
200301260DAL,RS,DAL,1591.0,,45,55,-10
200301260DAL,RS,DAL,1615.0,,48,55,-7
200301260DAL,RS,DAL,1634.0,,48,57,-9
200301260DAL,RS,DAL,1682.0,,50,57,-7
200301260DAL,RS,DAL,1714.0,,51,57,-6
200301260DAL,RS,DAL,1714.0,,52,57,-5
200301260DAL,RS,DAL,1769.0,,54,57,-3
200301260DAL,RS,DAL,1798.0,,54,59,-5
200301260DAL,RS,DAL,1816.0,,56,59,-3
200301260DAL,RS,DAL,1833.0,,56,61,-5
200301260DAL,RS,DAL,1854.0,,58,61,-3
200301260DAL,RS,DAL,1904.0,,58,64,-6
200301260DAL,RS,DAL,1927.0,,61,64,-3
200301260DAL,RS,DAL,1964.0,,62,64,-2
200301260DAL,RS,DAL,2011.0,T,64,64,0
200301260DAL,RS,DAL,2073.0,LC,66,64,2
200301260DAL,RS,DAL,2101.3,,68,64,4
200301260DAL,RS,DAL,2159.7,,68,66,2
200301260DAL,RS,DAL,2183.0,,70,66,4
200301260DAL,RS,DAL,2253.0,,70,69,1
200301260DAL,RS,DAL,2274.0,,72,69,3
200301260DAL,RS,DAL,2305.0,,75,69,6
200301260DAL,RS,DAL,2399.0,,75,70,5
200301260DAL,RS,DAL,2399.0,,75,71,4
200301260DAL,RS,DAL,2414.0,,77,71,6
200301260DAL,RS,DAL,2432.0,,77,72,5
200301260DAL,RS,DAL,2432.0,,77,73,4
200301260DAL,RS,DAL,2445.0,,79,73,6
200301260DAL,RS,DAL,2445.0,,80,73,7
200301260DAL,RS,DAL,2461.0,,80,75,5
200301260DAL,RS,DAL,2484.0,,81,75,6
200301260DAL,RS,DAL,2484.0,,82,75,7
200301260DAL,RS,DAL,2497.0,,82,77,5
200301260DAL,RS,DAL,2531.0,,82,80,2
200301260DAL,RS,DAL,2549.0,,84,80,4
200301260DAL,RS,DAL,2549.0,,85,80,5
200301260DAL,RS,DAL,2570.0,,85,82,3
200301260DAL,RS,DAL,2620.0,,88,82,6
200301260DAL,RS,DAL,2644.0,,90,82,8
200301260DAL,RS,DAL,2656.0,,90,83,7
200301260DAL,RS,DAL,2656.0,,90,84,6
200301260DAL,RS,DAL,2675.0,,92,84,8
200301260DAL,RS,DAL,2678.0,,92,85,7
200301260DAL,RS,DAL,2698.0,,94,85,9
200301260DAL,RS,DAL,2779.0,,94,88,6
200301260DAL,RS,DAL,2801.0,,94,89,5
200301260DAL,RS,DAL,2814.0,,95,89,6
200301260DAL,RS,DAL,2825.8,,96,89,7
200301260DAL,RS,DAL,2835.1,,97,89,8
200301260DAL,RS,DAL,2842.1,,98,89,9
200301260DAL,RS,DAL,2842.1,,99,89,10
200301260DAL,RS,DAL,2848.4,,99,91,8
200301260DAL,RS,DAL,2851.1,,100,91,9
200301260DAL,RS,DAL,2856.2,,100,92,8
200301260DAL,RS,DAL,2856.2,F,100,93,7
200301260DAL,RS,DAL,2880.0,,100,93,7
200301280POR,RS,DEN,0.0,,0,0,0
200301280POR,RS,DEN,19.0,,2,0,2
200301280POR,RS,DEN,73.0,,2,1,1
200301280POR,RS,DEN,73.0,T,2,2,0
200301280POR,RS,DEN,87.0,,3,2,1
200301280POR,RS,DEN,87.0,,4,2,2
200301280POR,RS,DEN,102.0,,4,3,1
200301280POR,RS,DEN,102.0,T,4,4,0
200301280POR,RS,DEN,137.0,LC,4,6,-2
200301280POR,RS,DEN,153.0,T,6,6,0
200301280POR,RS,DEN,171.0,,6,8,-2
200301280POR,RS,DEN,244.0,,6,10,-4
200301280POR,RS,DEN,265.0,,8,10,-2
200301280POR,RS,DEN,283.0,T,10,10,0
200301280POR,RS,DEN,318.0,LC,13,10,3
200301280POR,RS,DEN,352.0,,15,10,5
200301280POR,RS,DEN,371.0,,15,12,3
200301280POR,RS,DEN,395.0,,17,12,5
200301280POR,RS,DEN,441.0,,17,15,2
200301280POR,RS,DEN,453.0,T,17,17,0
200301280POR,RS,DEN,472.0,,19,17,2
200301280POR,RS,DEN,492.0,T,19,19,0
200301280POR,RS,DEN,499.0,,20,19,1
200301280POR,RS,DEN,499.0,,21,19,2
200301280POR,RS,DEN,523.0,,22,19,3
200301280POR,RS,DEN,523.0,,23,19,4
200301280POR,RS,DEN,546.0,,23,22,1
200301280POR,RS,DEN,614.0,,25,22,3
200301280POR,RS,DEN,638.0,,25,24,1
200301280POR,RS,DEN,651.0,,27,24,3
200301280POR,RS,DEN,664.6,,27,26,1
200301280POR,RS,DEN,740.0,LC,27,28,-1
200301280POR,RS,DEN,740.0,,27,29,-2
200301280POR,RS,DEN,759.0,T,29,29,0
200301280POR,RS,DEN,779.0,LC,31,29,2
200301280POR,RS,DEN,798.0,T,31,31,0
200301280POR,RS,DEN,817.0,,33,31,2
200301280POR,RS,DEN,832.0,T,33,33,0
200301280POR,RS,DEN,855.0,LC,33,35,-2
200301280POR,RS,DEN,869.0,T,35,35,0
200301280POR,RS,DEN,869.0,LC,36,35,1
200301280POR,RS,DEN,882.0,LC,36,37,-1
200301280POR,RS,DEN,953.0,,36,38,-2
200301280POR,RS,DEN,953.0,,36,39,-3
200301280POR,RS,DEN,980.0,,36,41,-5
200301280POR,RS,DEN,992.0,,38,41,-3
200301280POR,RS,DEN,1029.0,,40,41,-1
200301280POR,RS,DEN,1102.0,,40,43,-3
200301280POR,RS,DEN,1102.0,,40,44,-4
200301280POR,RS,DEN,1144.0,,40,45,-5
200301280POR,RS,DEN,1151.0,,42,45,-3
200301280POR,RS,DEN,1168.0,,42,48,-6
200301280POR,RS,DEN,1175.0,,43,48,-5
200301280POR,RS,DEN,1175.0,,44,48,-4
200301280POR,RS,DEN,1211.0,,46,48,-2
200301280POR,RS,DEN,1249.0,T,48,48,0
200301280POR,RS,DEN,1249.0,LC,49,48,1
200301280POR,RS,DEN,1271.0,LC,49,50,-1
200301280POR,RS,DEN,1287.0,T,50,50,0
200301280POR,RS,DEN,1287.0,LC,51,50,1
200301280POR,RS,DEN,1303.0,T,51,51,0
200301280POR,RS,DEN,1320.0,,53,51,2
200301280POR,RS,DEN,1360.0,,53,52,1
200301280POR,RS,DEN,1360.0,T,53,53,0
200301280POR,RS,DEN,1400.3,LC,53,54,-1
200301280POR,RS,DEN,1463.0,,53,56,-3
200301280POR,RS,DEN,1485.0,,55,56,-1
200301280POR,RS,DEN,1501.0,,55,58,-3
200301280POR,RS,DEN,1557.0,,55,60,-5
200301280POR,RS,DEN,1586.0,,55,62,-7
200301280POR,RS,DEN,1609.0,,57,62,-5
200301280POR,RS,DEN,1643.0,,58,62,-4
200301280POR,RS,DEN,1643.0,,59,62,-3
200301280POR,RS,DEN,1661.0,,59,64,-5
200301280POR,RS,DEN,1752.0,,59,67,-8
200301280POR,RS,DEN,1767.0,,62,67,-5
200301280POR,RS,DEN,1823.0,,62,68,-6
200301280POR,RS,DEN,1823.0,,62,69,-7
200301280POR,RS,DEN,1837.0,,64,69,-5
200301280POR,RS,DEN,1866.0,,66,69,-3
200301280POR,RS,DEN,1924.0,,68,69,-1
200301280POR,RS,DEN,2004.0,T,69,69,0
200301280POR,RS,DEN,2004.0,LC,70,69,1
200301280POR,RS,DEN,2026.0,LC,70,71,-1
200301280POR,RS,DEN,2053.0,T,71,71,0
200301280POR,RS,DEN,2053.0,LC,72,71,1
200301280POR,RS,DEN,2071.0,LC,72,73,-1
200301280POR,RS,DEN,2086.0,T,73,73,0
200301280POR,RS,DEN,2086.0,LC,74,73,1
200301280POR,RS,DEN,2109.5,T,74,74,0
200301280POR,RS,DEN,2109.5,LC,74,75,-1
200301280POR,RS,DEN,2148.2,,74,76,-2
200301280POR,RS,DEN,2148.2,,74,77,-3
200301280POR,RS,DEN,2185.0,,74,79,-5
200301280POR,RS,DEN,2262.0,,75,79,-4
200301280POR,RS,DEN,2262.0,,76,79,-3
200301280POR,RS,DEN,2283.0,,76,81,-5
200301280POR,RS,DEN,2299.0,,78,81,-3
200301280POR,RS,DEN,2349.0,,79,81,-2
200301280POR,RS,DEN,2389.0,T,81,81,0
200301280POR,RS,DEN,2413.0,,81,83,-2
200301280POR,RS,DEN,2440.0,T,83,83,0
200301280POR,RS,DEN,2492.0,LC,85,83,2
200301280POR,RS,DEN,2542.0,T,85,85,0
200301280POR,RS,DEN,2562.0,,87,85,2
200301280POR,RS,DEN,2585.0,,87,86,1
200301280POR,RS,DEN,2585.0,T,87,87,0
200301280POR,RS,DEN,2620.0,,89,87,2
200301280POR,RS,DEN,2640.0,,90,87,3
200301280POR,RS,DEN,2733.0,,90,89,1
200301280POR,RS,DEN,2753.0,,92,89,3
200301280POR,RS,DEN,2816.0,,93,89,4
200301280POR,RS,DEN,2821.7,,93,92,1
200301280POR,RS,DEN,2835.6,,94,92,2
200301280POR,RS,DEN,2835.6,,95,92,3
200301280POR,RS,DEN,2847.5,,96,92,4
200301280POR,RS,DEN,2850.1,,97,92,5
200301280POR,RS,DEN,2850.1,F,98,92,6
200301280POR,RS,DEN,2880.0,,98,92,6
200301290UTA,RS,UTA,0.0,,0,0,0
200301290UTA,RS,UTA,14.0,,0,2,-2
200301290UTA,RS,UTA,38.0,T,2,2,0
200301290UTA,RS,UTA,133.0,,2,4,-2
200301290UTA,RS,UTA,221.0,T,4,4,0
200301290UTA,RS,UTA,256.0,,4,6,-2
200301290UTA,RS,UTA,278.0,T,6,6,0
200301290UTA,RS,UTA,335.0,LC,8,6,2
200301290UTA,RS,UTA,356.0,T,8,8,0
200301290UTA,RS,UTA,425.0,,10,8,2
200301290UTA,RS,UTA,447.0,T,10,10,0
200301290UTA,RS,UTA,471.0,,12,10,2
200301290UTA,RS,UTA,483.0,T,12,12,0
200301290UTA,RS,UTA,502.0,,14,12,2
200301290UTA,RS,UTA,522.0,,16,12,4
200301290UTA,RS,UTA,537.0,,16,14,2
200301290UTA,RS,UTA,557.0,,18,14,4
200301290UTA,RS,UTA,569.0,,18,16,2
200301290UTA,RS,UTA,589.0,,19,16,3
200301290UTA,RS,UTA,660.0,,19,17,2
200301290UTA,RS,UTA,674.0,,20,17,3
200301290UTA,RS,UTA,744.0,,20,19,1
200301290UTA,RS,UTA,772.0,LC,20,21,-1
200301290UTA,RS,UTA,790.0,LC,22,21,1
200301290UTA,RS,UTA,806.0,LC,22,23,-1
200301290UTA,RS,UTA,824.0,LC,24,23,1
200301290UTA,RS,UTA,857.0,,25,23,2
200301290UTA,RS,UTA,857.0,,26,23,3
200301290UTA,RS,UTA,920.0,,28,23,5
200301290UTA,RS,UTA,983.0,,30,23,7
200301290UTA,RS,UTA,1005.0,,30,25,5
200301290UTA,RS,UTA,1076.0,,30,28,2
200301290UTA,RS,UTA,1108.0,,32,28,4
200301290UTA,RS,UTA,1134.0,,34,28,6
200301290UTA,RS,UTA,1152.0,,36,28,8
200301290UTA,RS,UTA,1176.0,,38,28,10
200301290UTA,RS,UTA,1213.0,,38,29,9
200301290UTA,RS,UTA,1230.0,,40,29,11
200301290UTA,RS,UTA,1247.0,,40,30,10
200301290UTA,RS,UTA,1272.0,,42,30,12
200301290UTA,RS,UTA,1287.0,,42,32,10
200301290UTA,RS,UTA,1339.0,,44,32,12
200301290UTA,RS,UTA,1339.0,,45,32,13
200301290UTA,RS,UTA,1360.0,,45,34,11
200301290UTA,RS,UTA,1380.0,,46,34,12
200301290UTA,RS,UTA,1380.0,,47,34,13
200301290UTA,RS,UTA,1393.2,,47,35,12
200301290UTA,RS,UTA,1433.9,,47,37,10
200301290UTA,RS,UTA,1474.0,,47,39,8
200301290UTA,RS,UTA,1491.0,,50,39,11
200301290UTA,RS,UTA,1509.0,,50,41,9
200301290UTA,RS,UTA,1509.0,,50,42,8
200301290UTA,RS,UTA,1524.0,,53,42,11
200301290UTA,RS,UTA,1547.0,,53,45,8
200301290UTA,RS,UTA,1589.0,,53,47,6
200301290UTA,RS,UTA,1625.0,,53,49,4
200301290UTA,RS,UTA,1652.0,,53,51,2
200301290UTA,RS,UTA,1671.0,T,53,53,0
200301290UTA,RS,UTA,1716.0,LC,53,55,-2
200301290UTA,RS,UTA,1736.0,T,55,55,0
200301290UTA,RS,UTA,1872.0,LC,57,55,2
200301290UTA,RS,UTA,1929.0,T,57,57,0
200301290UTA,RS,UTA,1970.0,LC,57,59,-2
200301290UTA,RS,UTA,2016.0,,57,61,-4
200301290UTA,RS,UTA,2056.0,,57,63,-6
200301290UTA,RS,UTA,2056.0,,57,64,-7
200301290UTA,RS,UTA,2068.0,,58,64,-6
200301290UTA,RS,UTA,2068.0,,59,64,-5
200301290UTA,RS,UTA,2086.0,,59,66,-7
200301290UTA,RS,UTA,2127.6,,60,66,-6
200301290UTA,RS,UTA,2154.8,,61,66,-5
200301290UTA,RS,UTA,2154.8,,62,66,-4
200301290UTA,RS,UTA,2176.0,,62,68,-6
200301290UTA,RS,UTA,2260.0,,62,70,-8
200301290UTA,RS,UTA,2269.0,,63,70,-7
200301290UTA,RS,UTA,2329.0,,63,72,-9
200301290UTA,RS,UTA,2342.0,,64,72,-8
200301290UTA,RS,UTA,2342.0,,65,72,-7
200301290UTA,RS,UTA,2364.0,,65,74,-9
200301290UTA,RS,UTA,2400.0,,65,76,-11
200301290UTA,RS,UTA,2439.0,,65,78,-13
200301290UTA,RS,UTA,2536.0,,65,80,-15
200301290UTA,RS,UTA,2555.0,,66,80,-14
200301290UTA,RS,UTA,2566.0,,66,82,-16
200301290UTA,RS,UTA,2582.0,,68,82,-14
200301290UTA,RS,UTA,2607.0,,68,84,-16
200301290UTA,RS,UTA,2635.0,,68,85,-17
200301290UTA,RS,UTA,2635.0,,68,86,-18
200301290UTA,RS,UTA,2663.0,,68,88,-20
200301290UTA,RS,UTA,2680.0,,69,88,-19
200301290UTA,RS,UTA,2680.0,,70,88,-18
200301290UTA,RS,UTA,2702.0,,70,89,-19
200301290UTA,RS,UTA,2730.0,,70,91,-21
200301290UTA,RS,UTA,2781.0,,70,93,-23
200301290UTA,RS,UTA,2798.0,,71,93,-22
200301290UTA,RS,UTA,2831.9,,71,94,-23
200301290UTA,RS,UTA,2831.9,F,71,95,-24
200301290UTA,RS,UTA,2880.0,,71,95,-24
200301310POR,RS,CHI,0.0,,0,0,0
200301310POR,RS,CHI,40.0,,0,2,-2
200301310POR,RS,CHI,97.0,T,2,2,0
200301310POR,RS,CHI,162.0,,2,3,-1
200301310POR,RS,CHI,162.0,,2,4,-2
200301310POR,RS,CHI,177.0,T,4,4,0
200301310POR,RS,CHI,193.0,,4,6,-2
200301310POR,RS,CHI,216.0,,4,7,-3
200301310POR,RS,CHI,231.0,,6,7,-1
200301310POR,RS,CHI,255.0,LC,8,7,1
200301310POR,RS,CHI,268.0,LC,8,9,-1
200301310POR,RS,CHI,273.0,LC,10,9,1
200301310POR,RS,CHI,368.0,,12,9,3
200301310POR,RS,CHI,384.0,T,12,12,0
200301310POR,RS,CHI,397.0,,14,12,2
200301310POR,RS,CHI,432.0,,16,12,4
200301310POR,RS,CHI,451.0,,16,14,2
200301310POR,RS,CHI,463.0,,17,14,3
200301310POR,RS,CHI,482.0,,17,16,1
200301310POR,RS,CHI,510.0,,18,16,2
200301310POR,RS,CHI,514.0,,20,16,4
200301310POR,RS,CHI,545.0,,22,16,6
200301310POR,RS,CHI,562.0,,22,18,4
200301310POR,RS,CHI,575.0,,23,18,5
200301310POR,RS,CHI,575.0,,24,18,6
200301310POR,RS,CHI,591.0,,24,20,4
200301310POR,RS,CHI,608.0,,26,20,6
200301310POR,RS,CHI,608.0,,27,20,7
200301310POR,RS,CHI,625.0,,27,22,5
200301310POR,RS,CHI,628.0,,27,23,4
200301310POR,RS,CHI,628.0,,27,24,3
200301310POR,RS,CHI,646.0,,29,24,5
200301310POR,RS,CHI,677.3,,29,26,3
200301310POR,RS,CHI,714.1,,31,26,5
200301310POR,RS,CHI,718.9,,31,27,4
200301310POR,RS,CHI,718.9,,31,28,3
200301310POR,RS,CHI,718.9,,31,29,2
200301310POR,RS,CHI,764.0,,33,29,4
200301310POR,RS,CHI,777.0,,33,31,2
200301310POR,RS,CHI,839.0,T,33,33,0
200301310POR,RS,CHI,858.0,,35,33,2
200301310POR,RS,CHI,872.0,,35,34,1
200301310POR,RS,CHI,883.0,,37,34,3
200301310POR,RS,CHI,913.0,,37,35,2
200301310POR,RS,CHI,960.0,T,37,37,0
200301310POR,RS,CHI,980.0,,39,37,2
200301310POR,RS,CHI,1002.0,T,39,39,0
200301310POR,RS,CHI,1059.0,,41,39,2
200301310POR,RS,CHI,1089.0,,44,39,5
200301310POR,RS,CHI,1117.0,,44,41,3
200301310POR,RS,CHI,1169.0,,46,41,5
200301310POR,RS,CHI,1201.0,,47,41,6
200301310POR,RS,CHI,1201.0,,48,41,7
200301310POR,RS,CHI,1228.0,,51,41,10
200301310POR,RS,CHI,1269.0,,51,43,8
200301310POR,RS,CHI,1365.0,,53,43,10
200301310POR,RS,CHI,1382.1,,53,46,7
200301310POR,RS,CHI,1397.5,,54,46,8
200301310POR,RS,CHI,1406.4,,54,47,7
200301310POR,RS,CHI,1406.4,,54,48,6
200301310POR,RS,CHI,1432.6,,54,49,5
200301310POR,RS,CHI,1432.6,,54,50,4
200301310POR,RS,CHI,1453.0,,85,72,13
200301310POR,RS,CHI,1460.0,,54,52,2
200301310POR,RS,CHI,1477.0,,56,52,4
200301310POR,RS,CHI,1507.0,,59,52,7
200301310POR,RS,CHI,1545.0,,61,52,9
200301310POR,RS,CHI,1560.0,,61,54,7
200301310POR,RS,CHI,1578.0,,64,54,10
200301310POR,RS,CHI,1594.0,,64,57,7
200301310POR,RS,CHI,1609.0,,66,57,9
200301310POR,RS,CHI,1630.0,,66,59,7
200301310POR,RS,CHI,1644.0,,68,59,9
200301310POR,RS,CHI,1661.0,,68,61,7
200301310POR,RS,CHI,1678.0,,69,61,8
200301310POR,RS,CHI,1678.0,,70,61,9
200301310POR,RS,CHI,1736.0,,72,61,11
200301310POR,RS,CHI,1771.0,,73,61,12
200301310POR,RS,CHI,1771.0,,74,61,13
200301310POR,RS,CHI,1789.0,,74,63,11
200301310POR,RS,CHI,1817.0,,76,63,13
200301310POR,RS,CHI,1854.0,,79,63,16
200301310POR,RS,CHI,1909.0,,79,65,14
200301310POR,RS,CHI,1926.0,,81,65,16
200301310POR,RS,CHI,1988.0,,81,66,15
200301310POR,RS,CHI,1988.0,,81,67,14
200301310POR,RS,CHI,2032.0,,81,68,13
200301310POR,RS,CHI,2032.0,,81,69,12
200301310POR,RS,CHI,2047.0,,83,69,14
200301310POR,RS,CHI,2081.0,,83,70,13
200301310POR,RS,CHI,2109.1,,83,71,12
200301310POR,RS,CHI,2109.1,,83,72,11
200301310POR,RS,CHI,2198.0,,85,74,11
200301310POR,RS,CHI,2217.0,,88,74,14
200301310POR,RS,CHI,2274.0,,88,76,12
200301310POR,RS,CHI,2311.0,,89,76,13
200301310POR,RS,CHI,2345.0,,91,76,15
200301310POR,RS,CHI,2394.0,,91,78,13
200301310POR,RS,CHI,2411.0,,92,78,14
200301310POR,RS,CHI,2411.0,,93,78,15
200301310POR,RS,CHI,2420.0,,93,80,13
200301310POR,RS,CHI,2460.0,,95,80,15
200301310POR,RS,CHI,2518.0,,97,80,17
200301310POR,RS,CHI,2518.0,,98,80,18
200301310POR,RS,CHI,2543.0,,98,82,16
200301310POR,RS,CHI,2568.0,,98,84,14
200301310POR,RS,CHI,2594.0,,98,85,13
200301310POR,RS,CHI,2632.0,,100,85,15
200301310POR,RS,CHI,2663.0,,100,87,13
200301310POR,RS,CHI,2672.0,,101,87,14
200301310POR,RS,CHI,2716.0,,103,87,16
200301310POR,RS,CHI,2769.0,,103,89,14
200301310POR,RS,CHI,2787.0,,104,89,15
200301310POR,RS,CHI,2806.0,,104,91,13
200301310POR,RS,CHI,2827.9,,106,91,15
200301310POR,RS,CHI,2838.8,,106,93,13
200301310POR,RS,CHI,2849.0,,107,93,14
200301310POR,RS,CHI,2864.0,F,107,94,13
200301310POR,RS,CHI,2880.0,,107,94,13
200302020CLE,RS,CLE,0.0,,0,0,0
200302020CLE,RS,CLE,22.0,,1,0,1
200302020CLE,RS,CLE,36.0,LC,1,2,-1
200302020CLE,RS,CLE,63.0,,1,4,-3
200302020CLE,RS,CLE,87.0,T,4,4,0
200302020CLE,RS,CLE,101.0,,4,5,-1
200302020CLE,RS,CLE,114.0,LC,6,5,1
200302020CLE,RS,CLE,148.0,,8,5,3
200302020CLE,RS,CLE,161.0,,10,5,5
200302020CLE,RS,CLE,195.0,,12,5,7
200302020CLE,RS,CLE,195.0,,13,5,8
200302020CLE,RS,CLE,257.0,,13,7,6
200302020CLE,RS,CLE,279.0,,16,7,9
200302020CLE,RS,CLE,341.0,,18,7,11
200302020CLE,RS,CLE,383.0,,20,7,13
200302020CLE,RS,CLE,442.0,,22,7,15
200302020CLE,RS,CLE,462.0,,22,9,13
200302020CLE,RS,CLE,490.0,,22,10,12
200302020CLE,RS,CLE,504.0,,24,10,14
200302020CLE,RS,CLE,517.0,,24,12,12
200302020CLE,RS,CLE,533.0,,26,12,14
200302020CLE,RS,CLE,557.0,,27,12,15
200302020CLE,RS,CLE,597.0,,29,12,17
200302020CLE,RS,CLE,597.0,,30,12,18
200302020CLE,RS,CLE,613.0,,30,14,16
200302020CLE,RS,CLE,627.0,,32,14,18
200302020CLE,RS,CLE,660.5,,33,14,19
200302020CLE,RS,CLE,660.5,,34,14,20
200302020CLE,RS,CLE,709.8,,34,16,18
200302020CLE,RS,CLE,766.0,,35,16,19
200302020CLE,RS,CLE,766.0,,36,16,20
200302020CLE,RS,CLE,785.0,,36,18,18
200302020CLE,RS,CLE,785.0,,36,19,17
200302020CLE,RS,CLE,799.0,,38,19,19
200302020CLE,RS,CLE,809.0,,38,21,17
200302020CLE,RS,CLE,842.0,,38,23,15
200302020CLE,RS,CLE,858.0,,40,23,17
200302020CLE,RS,CLE,936.0,,40,25,15
200302020CLE,RS,CLE,958.0,,42,25,17
200302020CLE,RS,CLE,976.0,,42,27,15
200302020CLE,RS,CLE,1011.0,,42,30,12
200302020CLE,RS,CLE,1049.0,,44,30,14
200302020CLE,RS,CLE,1061.0,,44,33,11
200302020CLE,RS,CLE,1114.0,,46,33,13
200302020CLE,RS,CLE,1134.0,,46,35,11
200302020CLE,RS,CLE,1147.0,,48,35,13
200302020CLE,RS,CLE,1213.0,,50,35,15
200302020CLE,RS,CLE,1263.0,,52,35,17
200302020CLE,RS,CLE,1281.0,,52,36,16
200302020CLE,RS,CLE,1281.0,,52,37,15
200302020CLE,RS,CLE,1297.0,,54,37,17
200302020CLE,RS,CLE,1317.0,,54,39,15
200302020CLE,RS,CLE,1344.0,,55,39,16
200302020CLE,RS,CLE,1344.0,,56,39,17
200302020CLE,RS,CLE,1355.0,,56,41,15
200302020CLE,RS,CLE,1379.0,,58,41,17
200302020CLE,RS,CLE,1398.5,,58,43,15
200302020CLE,RS,CLE,1416.5,,60,43,17
200302020CLE,RS,CLE,1456.0,,61,43,18
200302020CLE,RS,CLE,1456.0,,62,43,19
200302020CLE,RS,CLE,1482.0,,64,43,21
200302020CLE,RS,CLE,1530.0,,64,45,19
200302020CLE,RS,CLE,1583.0,,64,47,17
200302020CLE,RS,CLE,1614.0,,64,49,15
200302020CLE,RS,CLE,1646.0,,66,49,17
200302020CLE,RS,CLE,1658.0,,66,51,15
200302020CLE,RS,CLE,1675.0,,68,51,17
200302020CLE,RS,CLE,1689.0,,68,52,16
200302020CLE,RS,CLE,1717.0,,68,53,15
200302020CLE,RS,CLE,1717.0,,68,54,14
200302020CLE,RS,CLE,1732.0,,69,54,15
200302020CLE,RS,CLE,1751.0,,69,55,14
200302020CLE,RS,CLE,1751.0,,69,56,13
200302020CLE,RS,CLE,1761.0,,70,56,14
200302020CLE,RS,CLE,1761.0,,71,56,15
200302020CLE,RS,CLE,1772.0,,72,56,16
200302020CLE,RS,CLE,1772.0,,73,56,17
200302020CLE,RS,CLE,1795.0,,73,58,15
200302020CLE,RS,CLE,1817.0,,73,59,14
200302020CLE,RS,CLE,1825.0,,73,61,12
200302020CLE,RS,CLE,1844.0,,76,61,15
200302020CLE,RS,CLE,1862.0,,78,61,17
200302020CLE,RS,CLE,1873.0,,78,62,16
200302020CLE,RS,CLE,1888.0,,78,64,14
200302020CLE,RS,CLE,1916.0,,78,66,12
200302020CLE,RS,CLE,1929.0,,78,68,10
200302020CLE,RS,CLE,1943.0,,80,68,12
200302020CLE,RS,CLE,2004.0,,80,70,10
200302020CLE,RS,CLE,2036.0,,81,70,11
200302020CLE,RS,CLE,2036.0,,82,70,12
200302020CLE,RS,CLE,2060.0,,83,70,13
200302020CLE,RS,CLE,2060.0,,84,70,14
200302020CLE,RS,CLE,2078.0,,87,70,17
200302020CLE,RS,CLE,2106.3,,89,70,19
200302020CLE,RS,CLE,2130.7,,89,72,17
200302020CLE,RS,CLE,2147.1,,91,72,19
200302020CLE,RS,CLE,2239.0,,94,72,22
200302020CLE,RS,CLE,2306.0,,94,74,20
200302020CLE,RS,CLE,2337.0,,94,76,18
200302020CLE,RS,CLE,2359.0,,96,76,20
200302020CLE,RS,CLE,2394.0,,98,76,22
200302020CLE,RS,CLE,2417.0,,98,78,20
200302020CLE,RS,CLE,2487.0,,100,78,22
200302020CLE,RS,CLE,2510.0,,101,78,23
200302020CLE,RS,CLE,2510.0,,102,78,24
200302020CLE,RS,CLE,2521.0,,102,79,23
200302020CLE,RS,CLE,2521.0,,102,80,22
200302020CLE,RS,CLE,2541.0,,104,80,24
200302020CLE,RS,CLE,2573.0,,104,82,22
200302020CLE,RS,CLE,2587.0,,106,82,24
200302020CLE,RS,CLE,2638.0,,106,84,22
200302020CLE,RS,CLE,2661.0,,106,86,20
200302020CLE,RS,CLE,2703.0,,106,88,18
200302020CLE,RS,CLE,2722.0,,108,88,20
200302020CLE,RS,CLE,2757.0,,111,88,23
200302020CLE,RS,CLE,2776.0,,111,89,22
200302020CLE,RS,CLE,2804.0,,111,91,20
200302020CLE,RS,CLE,2815.0,,114,91,23
200302020CLE,RS,CLE,2821.5,,114,93,21
200302020CLE,RS,CLE,2840.3,F,114,95,19
200302020CLE,RS,CLE,2880.0,,114,95,19
200302040ORL,RS,ORL,0.0,,0,0,0
200302040ORL,RS,ORL,57.0,,2,0,2
200302040ORL,RS,ORL,57.0,,3,0,3
200302040ORL,RS,ORL,119.0,,3,2,1
200302040ORL,RS,ORL,144.0,LC,3,5,-2
200302040ORL,RS,ORL,172.0,,4,5,-1
200302040ORL,RS,ORL,254.0,,4,6,-2
200302040ORL,RS,ORL,254.0,,4,7,-3
200302040ORL,RS,ORL,289.0,,4,9,-5
200302040ORL,RS,ORL,323.0,,6,9,-3
200302040ORL,RS,ORL,355.0,,8,9,-1
200302040ORL,RS,ORL,367.0,,8,11,-3
200302040ORL,RS,ORL,391.0,,8,13,-5
200302040ORL,RS,ORL,451.0,,8,15,-7
200302040ORL,RS,ORL,470.0,,10,15,-5
200302040ORL,RS,ORL,587.0,,10,16,-6
200302040ORL,RS,ORL,599.0,,12,16,-4
200302040ORL,RS,ORL,626.0,,12,18,-6
200302040ORL,RS,ORL,643.0,,14,18,-4
200302040ORL,RS,ORL,649.0,,14,20,-6
200302040ORL,RS,ORL,738.0,,16,20,-4
200302040ORL,RS,ORL,738.0,,17,20,-3
200302040ORL,RS,ORL,768.0,,19,20,-1
200302040ORL,RS,ORL,787.0,LC,21,20,1
200302040ORL,RS,ORL,810.0,LC,21,22,-1
200302040ORL,RS,ORL,860.0,,21,24,-3
200302040ORL,RS,ORL,895.0,,22,24,-2
200302040ORL,RS,ORL,928.0,T,24,24,0
200302040ORL,RS,ORL,928.0,LC,25,24,1
200302040ORL,RS,ORL,953.0,,27,24,3
200302040ORL,RS,ORL,968.0,,27,26,1
200302040ORL,RS,ORL,997.0,LC,27,28,-1
200302040ORL,RS,ORL,1016.0,LC,29,28,1
200302040ORL,RS,ORL,1065.0,,31,28,3
200302040ORL,RS,ORL,1112.0,T,31,31,0
200302040ORL,RS,ORL,1132.0,,33,31,2
200302040ORL,RS,ORL,1171.0,,34,31,3
200302040ORL,RS,ORL,1171.0,,35,31,4
200302040ORL,RS,ORL,1196.0,,35,33,2
200302040ORL,RS,ORL,1212.0,,37,33,4
200302040ORL,RS,ORL,1212.0,,38,33,5
200302040ORL,RS,ORL,1231.0,,38,35,3
200302040ORL,RS,ORL,1248.0,,39,35,4
200302040ORL,RS,ORL,1259.0,,39,37,2
200302040ORL,RS,ORL,1276.0,,42,37,5
200302040ORL,RS,ORL,1295.0,,42,40,2
200302040ORL,RS,ORL,1314.0,,44,40,4
200302040ORL,RS,ORL,1339.0,,45,40,5
200302040ORL,RS,ORL,1339.0,,46,40,6
200302040ORL,RS,ORL,1404.8,,46,42,4
200302040ORL,RS,ORL,1519.0,,48,42,6
200302040ORL,RS,ORL,1558.0,,48,44,4
200302040ORL,RS,ORL,1565.0,,50,44,6
200302040ORL,RS,ORL,1629.0,,52,44,8
200302040ORL,RS,ORL,1684.0,,52,47,5
200302040ORL,RS,ORL,1707.0,,54,47,7
200302040ORL,RS,ORL,1724.0,,54,49,5
200302040ORL,RS,ORL,1737.0,,55,49,6
200302040ORL,RS,ORL,1762.0,,57,49,8
200302040ORL,RS,ORL,1768.0,,57,51,6
200302040ORL,RS,ORL,1889.0,,59,51,8
200302040ORL,RS,ORL,1939.0,,59,53,6
200302040ORL,RS,ORL,1958.0,,59,54,5
200302040ORL,RS,ORL,1958.0,,59,55,4
200302040ORL,RS,ORL,2049.0,,59,56,3
200302040ORL,RS,ORL,2049.0,,59,57,2
200302040ORL,RS,ORL,2065.0,,60,57,3
200302040ORL,RS,ORL,2065.0,,61,57,4
200302040ORL,RS,ORL,2087.0,,61,59,2
200302040ORL,RS,ORL,2110.8,,63,59,4
200302040ORL,RS,ORL,2136.8,,63,61,2
200302040ORL,RS,ORL,2219.0,,65,61,4
200302040ORL,RS,ORL,2279.0,,65,62,3
200302040ORL,RS,ORL,2291.0,,67,62,5
200302040ORL,RS,ORL,2359.0,,69,62,7
200302040ORL,RS,ORL,2398.0,,71,62,9
200302040ORL,RS,ORL,2418.0,,71,64,7
200302040ORL,RS,ORL,2444.0,,73,64,9
200302040ORL,RS,ORL,2464.0,,73,66,7
200302040ORL,RS,ORL,2486.0,,75,66,9
200302040ORL,RS,ORL,2520.0,,78,66,12
200302040ORL,RS,ORL,2537.0,,78,68,10
200302040ORL,RS,ORL,2555.0,,81,68,13
200302040ORL,RS,ORL,2577.0,,81,70,11
200302040ORL,RS,ORL,2602.0,,81,71,10
200302040ORL,RS,ORL,2620.0,,83,71,12
200302040ORL,RS,ORL,2635.0,,83,72,11
200302040ORL,RS,ORL,2635.0,,83,73,10
200302040ORL,RS,ORL,2661.0,,83,74,9
200302040ORL,RS,ORL,2661.0,,83,75,8
200302040ORL,RS,ORL,2678.0,,85,75,10
200302040ORL,RS,ORL,2709.0,,86,75,11
200302040ORL,RS,ORL,2709.0,,87,75,12
200302040ORL,RS,ORL,2720.0,,87,77,10
200302040ORL,RS,ORL,2767.0,,87,79,8
200302040ORL,RS,ORL,2818.0,,89,79,10
200302040ORL,RS,ORL,2828.0,,89,80,9
200302040ORL,RS,ORL,2828.0,,89,81,8
200302040ORL,RS,ORL,2833.0,,90,81,9
200302040ORL,RS,ORL,2844.3,,92,81,11
200302040ORL,RS,ORL,2848.6,,92,84,8
200302040ORL,RS,ORL,2850.0,,93,84,9
200302040ORL,RS,ORL,2850.0,,94,84,10
200302040ORL,RS,ORL,2855.2,,94,87,7
200302040ORL,RS,ORL,2855.9,,95,87,8
200302040ORL,RS,ORL,2862.3,,95,89,6
200302040ORL,RS,ORL,2863.0,F,96,89,7
200302040ORL,RS,ORL,2880.0,,96,89,7
200302050MIA,RS,MIA,0.0,,0,0,0
200302050MIA,RS,MIA,29.0,,2,0,2
200302050MIA,RS,MIA,78.0,T,2,2,0
200302050MIA,RS,MIA,99.0,,4,2,2
200302050MIA,RS,MIA,138.0,T,4,4,0
200302050MIA,RS,MIA,159.0,LC,4,6,-2
200302050MIA,RS,MIA,208.0,,5,6,-1
200302050MIA,RS,MIA,208.0,T,6,6,0
200302050MIA,RS,MIA,239.0,,6,8,-2
200302050MIA,RS,MIA,296.0,,6,10,-4
200302050MIA,RS,MIA,329.0,,7,10,-3
200302050MIA,RS,MIA,329.0,,8,10,-2
200302050MIA,RS,MIA,344.0,,8,12,-4
200302050MIA,RS,MIA,361.0,,10,12,-2
200302050MIA,RS,MIA,374.0,,10,14,-4
200302050MIA,RS,MIA,381.0,,12,14,-2
200302050MIA,RS,MIA,422.0,,12,16,-4
200302050MIA,RS,MIA,442.0,,13,16,-3
200302050MIA,RS,MIA,442.0,,14,16,-2
200302050MIA,RS,MIA,475.0,,14,18,-4
200302050MIA,RS,MIA,504.0,,14,21,-7
200302050MIA,RS,MIA,519.0,,15,21,-6
200302050MIA,RS,MIA,519.0,,16,21,-5
200302050MIA,RS,MIA,532.0,,16,22,-6
200302050MIA,RS,MIA,532.0,,16,23,-7
200302050MIA,RS,MIA,609.0,,16,25,-9
200302050MIA,RS,MIA,658.0,,18,25,-7
200302050MIA,RS,MIA,658.0,,19,25,-6
200302050MIA,RS,MIA,680.1,,19,27,-8
200302050MIA,RS,MIA,698.3,,21,27,-6
200302050MIA,RS,MIA,718.2,,21,29,-8
200302050MIA,RS,MIA,758.0,,23,29,-6
200302050MIA,RS,MIA,839.0,,23,31,-8
200302050MIA,RS,MIA,905.0,,25,31,-6
200302050MIA,RS,MIA,947.0,,25,33,-8
200302050MIA,RS,MIA,973.0,,25,35,-10
200302050MIA,RS,MIA,1017.0,,25,37,-12
200302050MIA,RS,MIA,1063.0,,27,37,-10
200302050MIA,RS,MIA,1085.0,,27,39,-12
200302050MIA,RS,MIA,1103.0,,29,39,-10
200302050MIA,RS,MIA,1133.0,,31,39,-8
200302050MIA,RS,MIA,1184.0,,33,39,-6
200302050MIA,RS,MIA,1221.0,,35,39,-4
200302050MIA,RS,MIA,1248.0,,35,41,-6
200302050MIA,RS,MIA,1273.0,,38,41,-3
200302050MIA,RS,MIA,1319.0,T,41,41,0
200302050MIA,RS,MIA,1380.0,,41,44,-3
200302050MIA,RS,MIA,1437.3,,41,46,-5
200302050MIA,RS,MIA,1458.0,,43,46,-3
200302050MIA,RS,MIA,1458.0,,44,46,-2
200302050MIA,RS,MIA,1498.0,LC,47,46,1
200302050MIA,RS,MIA,1529.0,LC,47,48,-1
200302050MIA,RS,MIA,1554.0,,47,51,-4
200302050MIA,RS,MIA,1611.0,,48,51,-3
200302050MIA,RS,MIA,1611.0,,49,51,-2
200302050MIA,RS,MIA,1633.0,T,51,51,0
200302050MIA,RS,MIA,1650.0,,51,53,-2
200302050MIA,RS,MIA,1697.0,,52,53,-1
200302050MIA,RS,MIA,1697.0,T,53,53,0
200302050MIA,RS,MIA,1779.0,LC,55,53,2
200302050MIA,RS,MIA,1779.0,,55,54,1
200302050MIA,RS,MIA,1803.0,,58,54,4
200302050MIA,RS,MIA,1836.0,,58,56,2
200302050MIA,RS,MIA,1859.0,T,58,58,0
200302050MIA,RS,MIA,1888.0,,61,58,3
200302050MIA,RS,MIA,1911.0,T,61,61,0
200302050MIA,RS,MIA,1922.0,,63,61,2
200302050MIA,RS,MIA,1955.0,,64,61,3
200302050MIA,RS,MIA,1955.0,,65,61,4
200302050MIA,RS,MIA,1970.0,,65,62,3
200302050MIA,RS,MIA,1970.0,,65,63,2
200302050MIA,RS,MIA,1982.0,T,65,65,0
200302050MIA,RS,MIA,1994.0,,67,65,2
200302050MIA,RS,MIA,2025.0,,69,65,4
200302050MIA,RS,MIA,2068.0,,69,67,2
200302050MIA,RS,MIA,2089.0,,71,67,4
200302050MIA,RS,MIA,2102.0,,71,69,2
200302050MIA,RS,MIA,2150.0,T,71,71,0
200302050MIA,RS,MIA,2159.9,,73,71,2
200302050MIA,RS,MIA,2180.0,LC,73,74,-1
200302050MIA,RS,MIA,2208.0,,73,76,-3
200302050MIA,RS,MIA,2255.0,,75,76,-1
200302050MIA,RS,MIA,2302.0,LC,77,76,1
200302050MIA,RS,MIA,2328.0,,79,76,3
200302050MIA,RS,MIA,2328.0,,80,76,4
200302050MIA,RS,MIA,2343.0,,80,78,2
200302050MIA,RS,MIA,2362.0,,83,78,5
200302050MIA,RS,MIA,2397.0,,84,78,6
200302050MIA,RS,MIA,2421.0,,84,80,4
200302050MIA,RS,MIA,2473.0,,86,80,6
200302050MIA,RS,MIA,2495.0,,87,80,7
200302050MIA,RS,MIA,2495.0,,88,80,8
200302050MIA,RS,MIA,2551.0,,88,83,5
200302050MIA,RS,MIA,2596.0,,90,83,7
200302050MIA,RS,MIA,2622.0,,90,85,5
200302050MIA,RS,MIA,2635.0,,91,85,6
200302050MIA,RS,MIA,2635.0,,92,85,7
200302050MIA,RS,MIA,2652.0,,92,86,6
200302050MIA,RS,MIA,2652.0,,92,87,5
200302050MIA,RS,MIA,2714.0,,94,87,7
200302050MIA,RS,MIA,2714.0,,95,87,8
200302050MIA,RS,MIA,2755.0,,97,87,10
200302050MIA,RS,MIA,2805.0,,98,87,11
200302050MIA,RS,MIA,2805.0,,99,87,12
200302050MIA,RS,MIA,2823.1,,100,87,13
200302050MIA,RS,MIA,2830.9,F,101,87,14
200302050MIA,RS,MIA,2880.0,,101,87,14
200302110POR,RS,SAS,0.0,,0,0,0
200302110POR,RS,SAS,15.0,,2,0,2
200302110POR,RS,SAS,55.0,T,2,2,0
200302110POR,RS,SAS,77.0,,3,2,1
200302110POR,RS,SAS,113.0,LC,3,4,-1
200302110POR,RS,SAS,132.0,LC,5,4,1
200302110POR,RS,SAS,161.0,,7,4,3
200302110POR,RS,SAS,161.0,,8,4,4
200302110POR,RS,SAS,180.0,,10,4,6
200302110POR,RS,SAS,188.0,,10,6,4
200302110POR,RS,SAS,216.0,,10,8,2
200302110POR,RS,SAS,237.0,,13,8,5
200302110POR,RS,SAS,268.0,,13,10,3
200302110POR,RS,SAS,303.0,T,13,13,0
200302110POR,RS,SAS,331.0,LC,13,15,-2
200302110POR,RS,SAS,366.0,,13,17,-4
200302110POR,RS,SAS,378.0,,15,17,-2
200302110POR,RS,SAS,409.0,T,17,17,0
200302110POR,RS,SAS,451.0,,17,19,-2
200302110POR,RS,SAS,505.0,,17,21,-4
200302110POR,RS,SAS,521.0,,19,21,-2
200302110POR,RS,SAS,547.0,,19,22,-3
200302110POR,RS,SAS,547.0,,19,23,-4
200302110POR,RS,SAS,563.0,,22,23,-1
200302110POR,RS,SAS,579.0,,22,25,-3
200302110POR,RS,SAS,620.0,T,25,25,0
200302110POR,RS,SAS,684.2,,25,26,-1
200302110POR,RS,SAS,698.2,LC,27,26,1
200302110POR,RS,SAS,716.5,T,27,27,0
200302110POR,RS,SAS,716.5,LC,27,28,-1
200302110POR,RS,SAS,764.0,LC,29,28,1
200302110POR,RS,SAS,786.0,LC,29,30,-1
200302110POR,RS,SAS,830.0,LC,31,30,1
200302110POR,RS,SAS,847.0,LC,31,32,-1
200302110POR,RS,SAS,898.0,T,32,32,0
200302110POR,RS,SAS,898.0,LC,33,32,1
200302110POR,RS,SAS,916.0,,34,32,2
200302110POR,RS,SAS,944.0,,36,32,4
200302110POR,RS,SAS,961.0,,36,34,2
200302110POR,RS,SAS,979.0,,38,34,4
200302110POR,RS,SAS,996.0,,38,36,2
200302110POR,RS,SAS,1048.0,T,38,38,0
200302110POR,RS,SAS,1070.0,,39,38,1
200302110POR,RS,SAS,1083.0,,41,38,3
200302110POR,RS,SAS,1142.0,,41,40,1
200302110POR,RS,SAS,1169.0,LC,41,42,-1
200302110POR,RS,SAS,1184.0,LC,43,42,1
200302110POR,RS,SAS,1250.0,LC,43,44,-1
200302110POR,RS,SAS,1316.0,,43,46,-3
200302110POR,RS,SAS,1404.1,,43,49,-6
200302110POR,RS,SAS,1414.2,,43,50,-7
200302110POR,RS,SAS,1414.2,,43,51,-8
200302110POR,RS,SAS,1414.2,,44,51,-7
200302110POR,RS,SAS,1454.0,,44,53,-9
200302110POR,RS,SAS,1476.0,,45,53,-8
200302110POR,RS,SAS,1476.0,,46,53,-7
200302110POR,RS,SAS,1485.0,,46,55,-9
200302110POR,RS,SAS,1505.0,,48,55,-7
200302110POR,RS,SAS,1523.0,,48,57,-9
200302110POR,RS,SAS,1552.0,,50,57,-7
200302110POR,RS,SAS,1569.0,,52,57,-5
200302110POR,RS,SAS,1598.0,,53,57,-4
200302110POR,RS,SAS,1598.0,,54,57,-3
200302110POR,RS,SAS,1613.0,,54,58,-4
200302110POR,RS,SAS,1613.0,,54,59,-5
200302110POR,RS,SAS,1624.0,,56,59,-3
200302110POR,RS,SAS,1624.0,,57,59,-2
200302110POR,RS,SAS,1651.0,T,59,59,0
200302110POR,RS,SAS,1710.0,,59,62,-3
200302110POR,RS,SAS,1727.0,,61,62,-1
200302110POR,RS,SAS,1739.0,,61,65,-4
200302110POR,RS,SAS,1756.0,,63,65,-2
200302110POR,RS,SAS,1784.0,,64,65,-1
200302110POR,RS,SAS,1848.0,LC,66,65,1
200302110POR,RS,SAS,1874.0,,67,65,2
200302110POR,RS,SAS,1896.0,T,67,67,0
200302110POR,RS,SAS,1925.0,LC,67,69,-2
200302110POR,RS,SAS,1939.0,T,69,69,0
200302110POR,RS,SAS,1968.0,LC,71,69,2
200302110POR,RS,SAS,1992.0,,71,70,1
200302110POR,RS,SAS,1992.0,T,71,71,0
200302110POR,RS,SAS,2002.0,,72,71,1
200302110POR,RS,SAS,2002.0,,73,71,2
200302110POR,RS,SAS,2038.0,,75,71,4
200302110POR,RS,SAS,2062.0,,75,73,2
200302110POR,RS,SAS,2062.0,,75,74,1
200302110POR,RS,SAS,2107.6,,77,74,3
200302110POR,RS,SAS,2123.4,,77,76,1
200302110POR,RS,SAS,2146.1,LC,77,78,-1
200302110POR,RS,SAS,2158.9,LC,79,78,1
200302110POR,RS,SAS,2187.0,LC,79,80,-1
200302110POR,RS,SAS,2269.0,,79,81,-2
200302110POR,RS,SAS,2269.0,,79,82,-3
200302110POR,RS,SAS,2309.0,,79,83,-4
200302110POR,RS,SAS,2309.0,,79,84,-5
200302110POR,RS,SAS,2350.0,,81,84,-3
200302110POR,RS,SAS,2369.0,,81,85,-4
200302110POR,RS,SAS,2378.0,,83,85,-2
200302110POR,RS,SAS,2403.0,,83,86,-3
200302110POR,RS,SAS,2403.0,,83,87,-4
200302110POR,RS,SAS,2444.0,,84,87,-3
200302110POR,RS,SAS,2449.0,,84,88,-4
200302110POR,RS,SAS,2449.0,,84,89,-5
200302110POR,RS,SAS,2464.0,,86,89,-3
200302110POR,RS,SAS,2464.0,,87,89,-2
200302110POR,RS,SAS,2514.0,T,89,89,0
200302110POR,RS,SAS,2525.0,,89,90,-1
200302110POR,RS,SAS,2525.0,,89,91,-2
200302110POR,RS,SAS,2555.0,,89,93,-4
200302110POR,RS,SAS,2590.0,,89,95,-6
200302110POR,RS,SAS,2630.0,,92,95,-3
200302110POR,RS,SAS,2688.0,,94,95,-1
200302110POR,RS,SAS,2740.0,LC,96,95,1
200302110POR,RS,SAS,2756.0,LC,96,98,-2
200302110POR,RS,SAS,2780.0,T,98,98,0
200302110POR,RS,SAS,2796.0,,98,99,-1
200302110POR,RS,SAS,2796.0,,98,100,-2
200302110POR,RS,SAS,2819.0,T,100,100,0
200302110POR,RS,SAS,2878.0,,100,101,-1
200302110POR,RS,SAS,2878.0,,100,102,-2
200302110POR,RS,SAS,2878.7,,101,102,-1
200302110POR,RS,SAS,2878.7,T,102,102,0
200302110POR,RS,SAS,2897.0,,102,103,-1
200302110POR,RS,SAS,2897.0,,102,104,-2
200302110POR,RS,SAS,2936.0,,102,106,-4
200302110POR,RS,SAS,2955.0,,104,106,-2
200302110POR,RS,SAS,2978.0,,104,108,-4
200302110POR,RS,SAS,2996.0,,106,108,-2
200302110POR,RS,SAS,3017.0,,106,109,-3
200302110POR,RS,SAS,3031.0,,108,109,-1
200302110POR,RS,SAS,3031.0,T,109,109,0
200302110POR,RS,SAS,3081.0,LC,111,109,2
200302110POR,RS,SAS,3138.0,LC,111,112,-1
200302110POR,RS,SAS,3164.8,,111,113,-2
200302110POR,RS,SAS,3164.8,,111,114,-3
200302110POR,RS,SAS,3174.8,,111,115,-4
200302110POR,RS,SAS,3174.8,F,111,116,-5
200302110POR,RS,SAS,3180.0,,111,116,-5
200302130POR,RS,BOS,0.0,,0,0,0
200302130POR,RS,BOS,17.0,,2,0,2
200302130POR,RS,BOS,46.0,,4,0,4
200302130POR,RS,BOS,63.0,,4,2,2
200302130POR,RS,BOS,81.0,,5,2,3
200302130POR,RS,BOS,100.0,T,5,5,0
200302130POR,RS,BOS,110.0,,7,5,2
200302130POR,RS,BOS,128.0,T,7,7,0
200302130POR,RS,BOS,154.0,,10,7,3
200302130POR,RS,BOS,190.0,,12,7,5
200302130POR,RS,BOS,255.0,,14,7,7
200302130POR,RS,BOS,279.0,,14,10,4
200302130POR,RS,BOS,306.0,,14,13,1
200302130POR,RS,BOS,330.0,LC,14,16,-2
200302130POR,RS,BOS,370.0,,14,19,-5
200302130POR,RS,BOS,390.0,,14,21,-7
200302130POR,RS,BOS,409.0,,16,21,-5
200302130POR,RS,BOS,450.0,,16,23,-7
200302130POR,RS,BOS,468.0,,16,25,-9
200302130POR,RS,BOS,490.0,,16,26,-10
200302130POR,RS,BOS,510.0,,17,26,-9
200302130POR,RS,BOS,533.0,,17,28,-11
200302130POR,RS,BOS,568.0,,17,30,-13
200302130POR,RS,BOS,568.0,,17,31,-14
200302130POR,RS,BOS,583.0,,17,33,-16
200302130POR,RS,BOS,607.0,,17,35,-18
200302130POR,RS,BOS,645.0,,17,37,-20
200302130POR,RS,BOS,660.0,,18,37,-19
200302130POR,RS,BOS,660.0,,19,37,-18
200302130POR,RS,BOS,675.4,,19,39,-20
200302130POR,RS,BOS,689.1,,21,39,-18
200302130POR,RS,BOS,717.6,,23,39,-16
200302130POR,RS,BOS,757.0,,25,39,-14
200302130POR,RS,BOS,789.0,,26,39,-13
200302130POR,RS,BOS,789.0,,27,39,-12
200302130POR,RS,BOS,855.0,,29,39,-10
200302130POR,RS,BOS,888.0,,30,39,-9
200302130POR,RS,BOS,888.0,,31,39,-8
200302130POR,RS,BOS,917.0,,33,39,-6
200302130POR,RS,BOS,998.0,,34,39,-5
200302130POR,RS,BOS,998.0,,35,39,-4
200302130POR,RS,BOS,1015.0,,35,41,-6
200302130POR,RS,BOS,1034.0,,37,41,-4
200302130POR,RS,BOS,1078.0,,37,43,-6
200302130POR,RS,BOS,1098.0,,38,43,-5
200302130POR,RS,BOS,1147.0,,40,43,-3
200302130POR,RS,BOS,1174.0,,40,45,-5
200302130POR,RS,BOS,1174.0,,40,46,-6
200302130POR,RS,BOS,1251.0,,40,48,-8
200302130POR,RS,BOS,1344.0,,40,51,-11
200302130POR,RS,BOS,1352.0,,42,51,-9
200302130POR,RS,BOS,1389.7,,43,51,-8
200302130POR,RS,BOS,1484.0,,43,53,-10
200302130POR,RS,BOS,1536.0,,45,53,-8
200302130POR,RS,BOS,1562.0,,47,53,-6
200302130POR,RS,BOS,1614.0,,49,53,-4
200302130POR,RS,BOS,1646.0,,50,53,-3
200302130POR,RS,BOS,1646.0,,51,53,-2
200302130POR,RS,BOS,1717.0,,51,55,-4
200302130POR,RS,BOS,1717.0,,51,56,-5
200302130POR,RS,BOS,1733.0,,53,56,-3
200302130POR,RS,BOS,1755.0,,53,57,-4
200302130POR,RS,BOS,1763.0,,55,57,-2
200302130POR,RS,BOS,1803.0,T,57,57,0
200302130POR,RS,BOS,1813.0,,57,59,-2
200302130POR,RS,BOS,1835.0,T,59,59,0
200302130POR,RS,BOS,1853.0,,59,62,-3
200302130POR,RS,BOS,1888.0,,59,64,-5
200302130POR,RS,BOS,1902.0,,60,64,-4
200302130POR,RS,BOS,1902.0,,61,64,-3
200302130POR,RS,BOS,1933.0,,62,64,-2
200302130POR,RS,BOS,1942.0,T,64,64,0
200302130POR,RS,BOS,1986.0,,64,67,-3
200302130POR,RS,BOS,1998.0,,65,67,-2
200302130POR,RS,BOS,2026.0,,66,67,-1
200302130POR,RS,BOS,2026.0,T,67,67,0
200302130POR,RS,BOS,2040.0,,67,68,-1
200302130POR,RS,BOS,2089.0,,67,71,-4
200302130POR,RS,BOS,2107.6,,69,71,-2
200302130POR,RS,BOS,2131.0,,69,72,-3
200302130POR,RS,BOS,2152.8,,71,72,-1
200302130POR,RS,BOS,2205.0,T,72,72,0
200302130POR,RS,BOS,2205.0,LC,73,72,1
200302130POR,RS,BOS,2216.0,LC,73,74,-1
200302130POR,RS,BOS,2230.0,LC,76,74,2
200302130POR,RS,BOS,2271.0,,78,74,4
200302130POR,RS,BOS,2289.0,,78,77,1
200302130POR,RS,BOS,2301.0,,79,77,2
200302130POR,RS,BOS,2301.0,,80,77,3
200302130POR,RS,BOS,2301.0,,81,77,4
200302130POR,RS,BOS,2301.0,,82,77,5
200302130POR,RS,BOS,2335.0,,84,77,7
200302130POR,RS,BOS,2440.0,,84,80,4
200302130POR,RS,BOS,2476.0,,84,81,3
200302130POR,RS,BOS,2489.0,,86,81,5
200302130POR,RS,BOS,2551.0,,88,81,7
200302130POR,RS,BOS,2566.0,,88,84,4
200302130POR,RS,BOS,2584.0,,89,84,5
200302130POR,RS,BOS,2597.0,,89,85,4
200302130POR,RS,BOS,2597.0,,89,86,3
200302130POR,RS,BOS,2609.0,,91,86,5
200302130POR,RS,BOS,2698.0,,91,88,3
200302130POR,RS,BOS,2727.0,,92,88,4
200302130POR,RS,BOS,2743.0,,92,89,3
200302130POR,RS,BOS,2743.0,,92,90,2
200302130POR,RS,BOS,2763.0,,92,91,1
200302130POR,RS,BOS,2763.0,T,92,92,0
200302130POR,RS,BOS,2807.0,LC,92,95,-3
200302130POR,RS,BOS,2849.0,,92,98,-6
200302130POR,RS,BOS,2849.0,,92,99,-7
200302130POR,RS,BOS,2849.0,F,92,100,-8
200302130POR,RS,BOS,2880.0,,92,100,-8
200302150POR,RS,SEA,0.0,,0,0,0
200302150POR,RS,SEA,26.0,,0,2,-2
200302150POR,RS,SEA,50.0,,0,4,-4
200302150POR,RS,SEA,68.0,,2,4,-2
200302150POR,RS,SEA,102.0,T,4,4,0
200302150POR,RS,SEA,149.0,LC,7,4,3
200302150POR,RS,SEA,174.0,,7,6,1
200302150POR,RS,SEA,182.0,,9,6,3
200302150POR,RS,SEA,182.0,,10,6,4
200302150POR,RS,SEA,214.0,,13,6,7
200302150POR,RS,SEA,253.0,,15,6,9
200302150POR,RS,SEA,289.0,,15,8,7
200302150POR,RS,SEA,298.0,,18,8,10
200302150POR,RS,SEA,318.0,,18,10,8
200302150POR,RS,SEA,334.0,,19,10,9
200302150POR,RS,SEA,334.0,,20,10,10
200302150POR,RS,SEA,369.0,,21,10,11
200302150POR,RS,SEA,369.0,,22,10,12
200302150POR,RS,SEA,396.0,,22,12,10
200302150POR,RS,SEA,457.0,,24,12,12
200302150POR,RS,SEA,508.0,,27,12,15
200302150POR,RS,SEA,536.0,,28,12,16
200302150POR,RS,SEA,536.0,,29,12,17
200302150POR,RS,SEA,557.0,,29,15,14
200302150POR,RS,SEA,578.0,,29,17,12
200302150POR,RS,SEA,620.0,,29,19,10
200302150POR,RS,SEA,638.0,,29,21,8
200302150POR,RS,SEA,658.0,,31,21,10
200302150POR,RS,SEA,677.5,,31,23,8
200302150POR,RS,SEA,693.3,,31,25,6
200302150POR,RS,SEA,731.0,,33,25,8
200302150POR,RS,SEA,765.0,,34,25,9
200302150POR,RS,SEA,765.0,,35,25,10
200302150POR,RS,SEA,777.0,,35,27,8
200302150POR,RS,SEA,821.0,,37,27,10
200302150POR,RS,SEA,828.0,,37,29,8
200302150POR,RS,SEA,842.0,,40,29,11
200302150POR,RS,SEA,864.0,,40,31,9
200302150POR,RS,SEA,943.0,,40,33,7
200302150POR,RS,SEA,989.0,,40,36,4
200302150POR,RS,SEA,1005.0,,42,36,6
200302150POR,RS,SEA,1058.0,,42,38,4
200302150POR,RS,SEA,1058.0,,42,39,3
200302150POR,RS,SEA,1078.0,T,42,42,0
200302150POR,RS,SEA,1171.0,LC,42,44,-2
200302150POR,RS,SEA,1182.0,,43,44,-1
200302150POR,RS,SEA,1182.0,T,44,44,0
200302150POR,RS,SEA,1199.0,,44,47,-3
200302150POR,RS,SEA,1207.0,,46,47,-1
200302150POR,RS,SEA,1237.0,LC,48,47,1
200302150POR,RS,SEA,1305.0,T,48,48,0
200302150POR,RS,SEA,1321.0,,49,48,1
200302150POR,RS,SEA,1343.0,LC,49,51,-2
200302150POR,RS,SEA,1362.0,,50,51,-1
200302150POR,RS,SEA,1362.0,T,51,51,0
200302150POR,RS,SEA,1394.4,LC,54,51,3
200302150POR,RS,SEA,1407.8,,54,53,1
200302150POR,RS,SEA,1436.6,LC,54,56,-2
200302150POR,RS,SEA,1458.0,T,56,56,0
200302150POR,RS,SEA,1488.0,,56,58,-2
200302150POR,RS,SEA,1518.0,,56,60,-4
200302150POR,RS,SEA,1544.0,,58,60,-2
200302150POR,RS,SEA,1570.0,,58,62,-4
200302150POR,RS,SEA,1597.0,,60,62,-2
200302150POR,RS,SEA,1623.0,T,62,62,0
200302150POR,RS,SEA,1747.0,LC,64,62,2
200302150POR,RS,SEA,1809.0,T,64,64,0
200302150POR,RS,SEA,1836.0,,66,64,2
200302150POR,RS,SEA,1864.0,,68,64,4
200302150POR,RS,SEA,1864.0,,69,64,5
200302150POR,RS,SEA,1884.0,,69,66,3
200302150POR,RS,SEA,1921.0,,69,68,1
200302150POR,RS,SEA,1941.0,,70,68,2
200302150POR,RS,SEA,1980.0,,72,68,4
200302150POR,RS,SEA,2014.0,,74,68,6
200302150POR,RS,SEA,2035.0,,74,70,4
200302150POR,RS,SEA,2056.0,,76,70,6
200302150POR,RS,SEA,2105.2,,76,72,4
200302150POR,RS,SEA,2156.2,,77,72,5
200302150POR,RS,SEA,2156.2,,78,72,6
200302150POR,RS,SEA,2173.0,,78,74,4
200302150POR,RS,SEA,2205.0,,78,75,3
200302150POR,RS,SEA,2241.0,,79,75,4
200302150POR,RS,SEA,2264.0,,79,77,2
200302150POR,RS,SEA,2282.0,,82,77,5
200302150POR,RS,SEA,2401.0,,82,79,3
200302150POR,RS,SEA,2419.0,,83,79,4
200302150POR,RS,SEA,2419.0,,84,79,5
200302150POR,RS,SEA,2465.0,,84,81,3
200302150POR,RS,SEA,2531.0,,86,81,5
200302150POR,RS,SEA,2560.0,,86,82,4
200302150POR,RS,SEA,2584.0,,88,82,6
200302150POR,RS,SEA,2625.0,,88,84,4
200302150POR,RS,SEA,2664.0,,88,85,3
200302150POR,RS,SEA,2680.0,,90,85,5
200302150POR,RS,SEA,2695.0,,90,86,4
200302150POR,RS,SEA,2716.0,,90,87,3
200302150POR,RS,SEA,2738.0,,93,87,6
200302150POR,RS,SEA,2760.0,,93,88,5
200302150POR,RS,SEA,2760.0,,93,89,4
200302150POR,RS,SEA,2775.0,,94,89,5
200302150POR,RS,SEA,2775.0,,95,89,6
200302150POR,RS,SEA,2800.0,,97,89,8
200302150POR,RS,SEA,2838.5,,97,90,7
200302150POR,RS,SEA,2841.7,,97,93,4
200302150POR,RS,SEA,2867.8,,97,96,1
200302150POR,RS,SEA,2869.1,,98,96,2
200302150POR,RS,SEA,2869.1,,99,96,3
200302150POR,RS,SEA,2879.5,,100,96,4
200302150POR,RS,SEA,2879.5,F,101,96,5
200302150POR,RS,SEA,2880.0,,101,96,5
200302170POR,RS,NYK,0.0,,0,0,0
200302170POR,RS,NYK,37.0,,0,2,-2
200302170POR,RS,NYK,115.0,,0,4,-4
200302170POR,RS,NYK,177.0,,1,4,-3
200302170POR,RS,NYK,203.0,T,4,4,0
200302170POR,RS,NYK,215.0,,4,6,-2
200302170POR,RS,NYK,234.0,,4,8,-4
200302170POR,RS,NYK,257.0,,6,8,-2
200302170POR,RS,NYK,284.0,LC,9,8,1
200302170POR,RS,NYK,303.0,LC,9,11,-2
200302170POR,RS,NYK,330.0,T,11,11,0
200302170POR,RS,NYK,356.0,,11,14,-3
200302170POR,RS,NYK,371.0,,13,14,-1
200302170POR,RS,NYK,419.0,LC,15,14,1
200302170POR,RS,NYK,497.0,LC,15,16,-1
200302170POR,RS,NYK,547.0,,15,19,-4
200302170POR,RS,NYK,562.0,,17,19,-2
200302170POR,RS,NYK,569.0,,17,20,-3
200302170POR,RS,NYK,578.0,,17,22,-5
200302170POR,RS,NYK,593.0,,19,22,-3
200302170POR,RS,NYK,609.0,,21,22,-1
200302170POR,RS,NYK,712.0,LC,24,22,2
200302170POR,RS,NYK,719.6,T,24,24,0
200302170POR,RS,NYK,740.0,,26,24,2
200302170POR,RS,NYK,858.0,,26,25,1
200302170POR,RS,NYK,858.0,T,26,26,0
200302170POR,RS,NYK,882.0,,27,26,1
200302170POR,RS,NYK,911.0,,29,26,3
200302170POR,RS,NYK,945.0,,31,26,5
200302170POR,RS,NYK,964.0,,31,28,3
200302170POR,RS,NYK,1028.0,,31,30,1
200302170POR,RS,NYK,1046.0,,33,30,3
200302170POR,RS,NYK,1083.0,,34,30,4
200302170POR,RS,NYK,1083.0,,35,30,5
200302170POR,RS,NYK,1130.0,,35,32,3
200302170POR,RS,NYK,1146.0,,37,32,5
200302170POR,RS,NYK,1178.0,,39,32,7
200302170POR,RS,NYK,1212.0,,41,32,9
200302170POR,RS,NYK,1250.0,,41,34,7
200302170POR,RS,NYK,1272.0,,43,34,9
200302170POR,RS,NYK,1293.0,,43,36,7
200302170POR,RS,NYK,1309.0,,44,36,8
200302170POR,RS,NYK,1309.0,,45,36,9
200302170POR,RS,NYK,1332.0,,47,36,11
200302170POR,RS,NYK,1355.0,,47,39,8
200302170POR,RS,NYK,1379.0,,47,42,5
200302170POR,RS,NYK,1474.0,,47,44,3
200302170POR,RS,NYK,1498.0,,47,46,1
200302170POR,RS,NYK,1531.0,LC,47,48,-1
200302170POR,RS,NYK,1546.0,LC,49,48,1
200302170POR,RS,NYK,1581.0,LC,49,50,-1
200302170POR,RS,NYK,1588.0,LC,51,50,1
200302170POR,RS,NYK,1623.0,,53,50,3
200302170POR,RS,NYK,1646.0,T,53,53,0
200302170POR,RS,NYK,1685.0,,56,53,3
200302170POR,RS,NYK,1705.0,,58,53,5
200302170POR,RS,NYK,1735.0,,58,55,3
200302170POR,RS,NYK,1749.0,,58,57,1
200302170POR,RS,NYK,1799.0,,61,57,4
200302170POR,RS,NYK,1815.0,,61,59,2
200302170POR,RS,NYK,1837.0,,63,59,4
200302170POR,RS,NYK,1858.0,,63,61,2
200302170POR,RS,NYK,1899.0,,65,61,4
200302170POR,RS,NYK,1917.0,,65,63,2
200302170POR,RS,NYK,1950.0,,66,63,3
200302170POR,RS,NYK,1950.0,,67,63,4
200302170POR,RS,NYK,1967.0,,68,63,5
200302170POR,RS,NYK,1967.0,,69,63,6
200302170POR,RS,NYK,2007.0,,69,65,4
200302170POR,RS,NYK,2057.0,,70,65,5
200302170POR,RS,NYK,2074.0,,72,65,7
200302170POR,RS,NYK,2094.0,,72,68,4
200302170POR,RS,NYK,2114.2,,74,68,6
200302170POR,RS,NYK,2129.1,,74,70,4
200302170POR,RS,NYK,2148.6,,76,70,6
200302170POR,RS,NYK,2243.0,,78,70,8
200302170POR,RS,NYK,2296.0,,78,71,7
200302170POR,RS,NYK,2365.0,,80,71,9
200302170POR,RS,NYK,2394.0,,80,73,7
200302170POR,RS,NYK,2410.0,,82,73,9
200302170POR,RS,NYK,2427.0,,82,74,8
200302170POR,RS,NYK,2427.0,,82,75,7
200302170POR,RS,NYK,2446.0,,84,75,9
200302170POR,RS,NYK,2493.0,,84,76,8
200302170POR,RS,NYK,2493.0,,84,77,7
200302170POR,RS,NYK,2512.0,,86,77,9
200302170POR,RS,NYK,2533.0,,86,79,7
200302170POR,RS,NYK,2545.0,,88,79,9
200302170POR,RS,NYK,2563.0,,88,81,7
200302170POR,RS,NYK,2586.0,,91,81,10
200302170POR,RS,NYK,2601.0,,91,82,9
200302170POR,RS,NYK,2601.0,,91,83,8
200302170POR,RS,NYK,2638.0,,93,83,10
200302170POR,RS,NYK,2679.0,,95,83,12
200302170POR,RS,NYK,2716.0,,97,83,14
200302170POR,RS,NYK,2733.0,,97,85,12
200302170POR,RS,NYK,2768.0,,97,87,10
200302170POR,RS,NYK,2823.1,,97,88,9
200302170POR,RS,NYK,2823.1,,97,89,8
200302170POR,RS,NYK,2836.2,,98,89,9
200302170POR,RS,NYK,2836.2,,99,89,10
200302170POR,RS,NYK,2874.9,F,99,91,8
200302170POR,RS,NYK,2880.0,,99,91,8
200302190POR,RS,GSW,0.0,,0,0,0
200302190POR,RS,GSW,23.0,,0,2,-2
200302190POR,RS,GSW,40.0,T,2,2,0
200302190POR,RS,GSW,90.0,LC,4,2,2
200302190POR,RS,GSW,125.0,,7,2,5
200302190POR,RS,GSW,148.0,,9,2,7
200302190POR,RS,GSW,205.0,,11,2,9
200302190POR,RS,GSW,224.0,,11,4,7
200302190POR,RS,GSW,297.0,,13,4,9
200302190POR,RS,GSW,303.0,,13,6,7
200302190POR,RS,GSW,331.0,,14,6,8
200302190POR,RS,GSW,331.0,,15,6,9
200302190POR,RS,GSW,350.0,,17,6,11
200302190POR,RS,GSW,375.0,,19,6,13
200302190POR,RS,GSW,391.0,,19,8,11
200302190POR,RS,GSW,402.0,,21,8,13
200302190POR,RS,GSW,427.0,,23,8,15
200302190POR,RS,GSW,437.0,,23,9,14
200302190POR,RS,GSW,454.0,,26,9,17
200302190POR,RS,GSW,484.0,,29,9,20
200302190POR,RS,GSW,505.0,,29,11,18
200302190POR,RS,GSW,523.0,,31,11,20
200302190POR,RS,GSW,523.0,,32,11,21
200302190POR,RS,GSW,528.0,,32,13,19
200302190POR,RS,GSW,544.0,,34,13,21
200302190POR,RS,GSW,558.0,,34,15,19
200302190POR,RS,GSW,592.0,,34,17,17
200302190POR,RS,GSW,604.0,,36,17,19
200302190POR,RS,GSW,640.0,,37,17,20
200302190POR,RS,GSW,640.0,,38,17,21
200302190POR,RS,GSW,660.0,,38,19,19
200302190POR,RS,GSW,676.7,,40,19,21
200302190POR,RS,GSW,686.9,,40,21,19
200302190POR,RS,GSW,694.7,,41,21,20
200302190POR,RS,GSW,694.7,,42,21,21
200302190POR,RS,GSW,718.7,,43,21,22
200302190POR,RS,GSW,718.7,,44,21,23
200302190POR,RS,GSW,738.0,,46,21,25
200302190POR,RS,GSW,779.0,,48,21,27
200302190POR,RS,GSW,789.0,,48,23,25
200302190POR,RS,GSW,809.0,,50,23,27
200302190POR,RS,GSW,838.0,,52,23,29
200302190POR,RS,GSW,856.0,,52,24,28
200302190POR,RS,GSW,856.0,,52,25,27
200302190POR,RS,GSW,880.0,,54,25,29
200302190POR,RS,GSW,925.0,,54,27,27
200302190POR,RS,GSW,1010.0,,54,29,25
200302190POR,RS,GSW,1036.0,,54,31,23
200302190POR,RS,GSW,1051.0,,56,31,25
200302190POR,RS,GSW,1072.0,,58,31,27
200302190POR,RS,GSW,1072.0,,59,31,28
200302190POR,RS,GSW,1075.0,,60,31,29
200302190POR,RS,GSW,1083.0,,60,33,27
200302190POR,RS,GSW,1102.0,,62,33,29
200302190POR,RS,GSW,1131.0,,63,33,30
200302190POR,RS,GSW,1131.0,,64,33,31
200302190POR,RS,GSW,1164.0,,64,35,29
200302190POR,RS,GSW,1180.0,,66,35,31
200302190POR,RS,GSW,1204.0,,66,36,30
200302190POR,RS,GSW,1204.0,,66,37,29
200302190POR,RS,GSW,1228.0,,68,37,31
200302190POR,RS,GSW,1250.0,,68,39,29
200302190POR,RS,GSW,1264.0,,70,39,31
200302190POR,RS,GSW,1280.0,,70,40,30
200302190POR,RS,GSW,1280.0,,70,41,29
200302190POR,RS,GSW,1298.0,,71,41,30
200302190POR,RS,GSW,1298.0,,72,41,31
200302190POR,RS,GSW,1318.0,,72,43,29
200302190POR,RS,GSW,1348.0,,72,44,28
200302190POR,RS,GSW,1348.0,,72,45,27
200302190POR,RS,GSW,1370.0,,74,45,29
200302190POR,RS,GSW,1383.5,,74,46,28
200302190POR,RS,GSW,1383.5,,74,47,27
200302190POR,RS,GSW,1417.8,,74,48,26
200302190POR,RS,GSW,1417.8,,74,49,25
200302190POR,RS,GSW,1435.9,,76,49,27
200302190POR,RS,GSW,1476.0,,79,49,30
200302190POR,RS,GSW,1512.0,,82,49,33
200302190POR,RS,GSW,1531.0,,82,50,32
200302190POR,RS,GSW,1531.0,,82,51,31
200302190POR,RS,GSW,1567.0,,82,53,29
200302190POR,RS,GSW,1622.0,,83,53,30
200302190POR,RS,GSW,1622.0,,84,53,31
200302190POR,RS,GSW,1637.0,,84,55,29
200302190POR,RS,GSW,1637.0,,84,56,28
200302190POR,RS,GSW,1668.0,,84,59,25
200302190POR,RS,GSW,1691.0,,84,61,23
200302190POR,RS,GSW,1730.0,,86,61,25
200302190POR,RS,GSW,1758.0,,88,61,27
200302190POR,RS,GSW,1774.0,,88,64,24
200302190POR,RS,GSW,1813.0,,90,64,26
200302190POR,RS,GSW,1832.0,,92,64,28
200302190POR,RS,GSW,1868.0,,94,64,30
200302190POR,RS,GSW,1885.0,,94,65,29
200302190POR,RS,GSW,1885.0,,94,66,28
200302190POR,RS,GSW,1975.0,,97,66,31
200302190POR,RS,GSW,2020.0,,97,68,29
200302190POR,RS,GSW,2070.0,,97,70,27
200302190POR,RS,GSW,2115.6,,97,72,25
200302190POR,RS,GSW,2122.5,,98,72,26
200302190POR,RS,GSW,2138.5,,98,74,24
200302190POR,RS,GSW,2182.0,,98,76,22
200302190POR,RS,GSW,2215.0,,98,78,20
200302190POR,RS,GSW,2241.0,,99,78,21
200302190POR,RS,GSW,2302.0,,102,78,24
200302190POR,RS,GSW,2312.0,,102,80,22
200302190POR,RS,GSW,2342.0,,104,80,24
200302190POR,RS,GSW,2385.0,,106,80,26
200302190POR,RS,GSW,2401.0,,106,82,24
200302190POR,RS,GSW,2408.0,,108,82,26
200302190POR,RS,GSW,2425.0,,108,84,24
200302190POR,RS,GSW,2427.0,,109,84,25
200302190POR,RS,GSW,2445.0,,111,84,27
200302190POR,RS,GSW,2474.0,,113,84,29
200302190POR,RS,GSW,2542.0,,113,86,27
200302190POR,RS,GSW,2562.0,,115,86,29
200302190POR,RS,GSW,2568.0,,115,87,28
200302190POR,RS,GSW,2568.0,,115,88,27
200302190POR,RS,GSW,2621.0,,117,88,29
200302190POR,RS,GSW,2647.0,,117,90,27
200302190POR,RS,GSW,2687.0,,119,90,29
200302190POR,RS,GSW,2699.0,,119,92,27
200302190POR,RS,GSW,2714.0,,121,92,29
200302190POR,RS,GSW,2735.0,,123,92,31
200302190POR,RS,GSW,2820.3,,125,92,33
200302190POR,RS,GSW,2830.4,,125,94,31
200302190POR,RS,GSW,2850.5,,125,96,29
200302190POR,RS,GSW,2874.0,F,125,98,27
200302190POR,RS,GSW,2880.0,,125,98,27
200302210LAL,RS,LAL,0.0,,0,0,0
200302210LAL,RS,LAL,16.0,,0,3,-3
200302210LAL,RS,LAL,32.0,,2,3,-1
200302210LAL,RS,LAL,60.0,LC,4,3,1
200302210LAL,RS,LAL,97.0,LC,4,5,-1
200302210LAL,RS,LAL,139.0,,4,7,-3
200302210LAL,RS,LAL,155.0,,6,7,-1
200302210LAL,RS,LAL,197.0,LC,9,7,2
200302210LAL,RS,LAL,263.0,T,9,9,0
200302210LAL,RS,LAL,298.0,,12,9,3
200302210LAL,RS,LAL,345.0,,14,9,5
200302210LAL,RS,LAL,353.0,,14,10,4
200302210LAL,RS,LAL,353.0,,14,11,3
200302210LAL,RS,LAL,400.0,,16,11,5
200302210LAL,RS,LAL,425.0,,16,13,3
200302210LAL,RS,LAL,444.0,,18,13,5
200302210LAL,RS,LAL,461.0,,18,15,3
200302210LAL,RS,LAL,486.0,,18,17,1
200302210LAL,RS,LAL,507.0,,20,17,3
200302210LAL,RS,LAL,524.0,,20,19,1
200302210LAL,RS,LAL,550.0,T,20,20,0
200302210LAL,RS,LAL,550.0,LC,20,21,-1
200302210LAL,RS,LAL,565.0,,20,23,-3
200302210LAL,RS,LAL,589.0,,20,25,-5
200302210LAL,RS,LAL,607.0,,22,25,-3
200302210LAL,RS,LAL,624.0,,22,27,-5
200302210LAL,RS,LAL,672.0,,24,27,-3
200302210LAL,RS,LAL,689.7,,25,27,-2
200302210LAL,RS,LAL,689.7,,26,27,-1
200302210LAL,RS,LAL,748.0,,26,29,-3
200302210LAL,RS,LAL,767.0,,28,29,-1
200302210LAL,RS,LAL,807.0,LC,30,29,1
200302210LAL,RS,LAL,839.0,,31,29,2
200302210LAL,RS,LAL,839.0,,32,29,3
200302210LAL,RS,LAL,858.0,,32,31,1
200302210LAL,RS,LAL,887.0,LC,32,33,-1
200302210LAL,RS,LAL,923.0,,32,34,-2
200302210LAL,RS,LAL,923.0,,32,35,-3
200302210LAL,RS,LAL,960.0,,32,37,-5
200302210LAL,RS,LAL,978.0,,34,37,-3
200302210LAL,RS,LAL,1025.0,,36,37,-1
200302210LAL,RS,LAL,1049.0,,36,39,-3
200302210LAL,RS,LAL,1066.0,,38,39,-1
200302210LAL,RS,LAL,1095.0,LC,40,39,1
200302210LAL,RS,LAL,1120.0,LC,40,41,-1
200302210LAL,RS,LAL,1154.0,,40,43,-3
200302210LAL,RS,LAL,1204.0,,40,45,-5
200302210LAL,RS,LAL,1220.0,,42,45,-3
200302210LAL,RS,LAL,1312.0,,42,47,-5
200302210LAL,RS,LAL,1336.0,,42,49,-7
200302210LAL,RS,LAL,1500.0,,44,49,-5
200302210LAL,RS,LAL,1527.0,,46,49,-3
200302210LAL,RS,LAL,1586.0,T,49,49,0
200302210LAL,RS,LAL,1654.0,LC,52,49,3
200302210LAL,RS,LAL,1691.0,,54,49,5
200302210LAL,RS,LAL,1712.0,,54,51,3
200302210LAL,RS,LAL,1769.0,T,54,54,0
200302210LAL,RS,LAL,1811.0,,56,54,2
200302210LAL,RS,LAL,1823.0,,56,55,1
200302210LAL,RS,LAL,1889.0,,58,55,3
200302210LAL,RS,LAL,1928.0,,58,57,1
200302210LAL,RS,LAL,1956.0,T,58,58,0
200302210LAL,RS,LAL,1956.0,LC,58,59,-1
200302210LAL,RS,LAL,1989.0,T,59,59,0
200302210LAL,RS,LAL,2016.0,,59,61,-2
200302210LAL,RS,LAL,2078.0,T,61,61,0
200302210LAL,RS,LAL,2094.0,LC,62,61,1
200302210LAL,RS,LAL,2094.0,,63,61,2
200302210LAL,RS,LAL,2106.9,T,63,63,0
200302210LAL,RS,LAL,2117.0,,64,63,1
200302210LAL,RS,LAL,2143.8,,67,63,4
200302210LAL,RS,LAL,2157.2,,67,64,3
200302210LAL,RS,LAL,2173.0,,67,66,1
200302210LAL,RS,LAL,2218.0,,69,66,3
200302210LAL,RS,LAL,2249.0,,71,66,5
200302210LAL,RS,LAL,2266.0,,71,67,4
200302210LAL,RS,LAL,2266.0,,71,68,3
200302210LAL,RS,LAL,2306.0,,72,68,4
200302210LAL,RS,LAL,2306.0,,73,68,5
200302210LAL,RS,LAL,2347.0,,73,70,3
200302210LAL,RS,LAL,2380.0,,73,71,2
200302210LAL,RS,LAL,2380.0,,73,72,1
200302210LAL,RS,LAL,2456.0,LC,73,74,-1
200302210LAL,RS,LAL,2472.0,T,74,74,0
200302210LAL,RS,LAL,2480.0,LC,76,74,2
200302210LAL,RS,LAL,2530.0,,76,75,1
200302210LAL,RS,LAL,2530.0,T,76,76,0
200302210LAL,RS,LAL,2547.0,,78,76,2
200302210LAL,RS,LAL,2569.0,,78,77,1
200302210LAL,RS,LAL,2657.0,LC,78,80,-2
200302210LAL,RS,LAL,2672.0,T,80,80,0
200302210LAL,RS,LAL,2684.0,,80,81,-1
200302210LAL,RS,LAL,2684.0,,80,82,-2
200302210LAL,RS,LAL,2697.0,,81,82,-1
200302210LAL,RS,LAL,2719.0,,81,84,-3
200302210LAL,RS,LAL,2750.0,,81,85,-4
200302210LAL,RS,LAL,2750.0,,81,86,-5
200302210LAL,RS,LAL,2802.0,,81,87,-6
200302210LAL,RS,LAL,2802.0,,81,88,-7
200302210LAL,RS,LAL,2828.0,,81,90,-9
200302210LAL,RS,LAL,2870.6,,81,92,-11
200302210LAL,RS,LAL,2879.9,F,84,92,-8
200302210LAL,RS,LAL,2880.0,,84,92,-8
200302220POR,RS,MIL,0.0,,0,0,0
200302220POR,RS,MIL,44.0,,2,0,2
200302220POR,RS,MIL,95.0,,4,0,4
200302220POR,RS,MIL,137.0,,4,2,2
200302220POR,RS,MIL,163.0,T,4,4,0
200302220POR,RS,MIL,163.0,LC,4,5,-1
200302220POR,RS,MIL,232.0,,4,7,-3
200302220POR,RS,MIL,287.0,T,7,7,0
200302220POR,RS,MIL,307.0,,7,10,-3
200302220POR,RS,MIL,327.0,,7,12,-5
200302220POR,RS,MIL,361.0,,9,12,-3
200302220POR,RS,MIL,379.0,,9,14,-5
200302220POR,RS,MIL,400.0,,11,14,-3
200302220POR,RS,MIL,421.0,,11,16,-5
200302220POR,RS,MIL,452.0,,13,16,-3
200302220POR,RS,MIL,463.0,,13,18,-5
200302220POR,RS,MIL,490.0,,13,20,-7
200302220POR,RS,MIL,490.0,,13,21,-8
200302220POR,RS,MIL,522.0,,16,21,-5
200302220POR,RS,MIL,563.0,,18,21,-3
200302220POR,RS,MIL,590.0,,18,23,-5
200302220POR,RS,MIL,608.0,,20,23,-3
200302220POR,RS,MIL,665.5,,20,25,-5
200302220POR,RS,MIL,682.6,,22,25,-3
200302220POR,RS,MIL,719.8,,24,25,-1
200302220POR,RS,MIL,773.0,LC,26,25,1
200302220POR,RS,MIL,786.0,LC,26,27,-1
200302220POR,RS,MIL,810.0,LC,28,27,1
200302220POR,RS,MIL,875.0,LC,28,29,-1
200302220POR,RS,MIL,903.0,LC,30,29,1
200302220POR,RS,MIL,954.0,,32,29,3
200302220POR,RS,MIL,975.0,T,32,32,0
200302220POR,RS,MIL,997.0,,34,32,2
200302220POR,RS,MIL,1024.0,T,34,34,0
200302220POR,RS,MIL,1090.0,,37,34,3
200302220POR,RS,MIL,1111.0,T,37,37,0
200302220POR,RS,MIL,1139.0,LC,37,39,-2
200302220POR,RS,MIL,1152.0,T,39,39,0
200302220POR,RS,MIL,1214.0,,39,42,-3
200302220POR,RS,MIL,1227.0,,41,42,-1
200302220POR,RS,MIL,1256.0,LC,44,42,2
200302220POR,RS,MIL,1279.0,,47,42,5
200302220POR,RS,MIL,1299.0,,47,43,4
200302220POR,RS,MIL,1299.0,,47,44,3
200302220POR,RS,MIL,1342.0,,49,44,5
200302220POR,RS,MIL,1368.0,,51,44,7
200302220POR,RS,MIL,1380.0,,51,46,5
200302220POR,RS,MIL,1439.9,,51,48,3
200302220POR,RS,MIL,1471.0,,53,48,5
200302220POR,RS,MIL,1627.0,,56,48,8
200302220POR,RS,MIL,1677.0,,58,48,10
200302220POR,RS,MIL,1708.0,,60,48,12
200302220POR,RS,MIL,1742.0,,60,51,9
200302220POR,RS,MIL,1770.0,,62,51,11
200302220POR,RS,MIL,1792.0,,62,52,10
200302220POR,RS,MIL,1792.0,,62,53,9
200302220POR,RS,MIL,1809.0,,62,55,7
200302220POR,RS,MIL,1858.0,,62,56,6
200302220POR,RS,MIL,1858.0,,62,57,5
200302220POR,RS,MIL,1936.0,,64,57,7
200302220POR,RS,MIL,1958.0,,64,60,4
200302220POR,RS,MIL,2042.0,,64,62,2
200302220POR,RS,MIL,2065.0,,65,62,3
200302220POR,RS,MIL,2097.0,,68,62,6
200302220POR,RS,MIL,2159.7,,68,63,5
200302220POR,RS,MIL,2174.0,,69,63,6
200302220POR,RS,MIL,2174.0,,70,63,7
200302220POR,RS,MIL,2190.0,,70,65,5
200302220POR,RS,MIL,2207.0,,72,65,7
200302220POR,RS,MIL,2221.0,,72,67,5
200302220POR,RS,MIL,2239.0,,74,67,7
200302220POR,RS,MIL,2256.0,,74,69,5
200302220POR,RS,MIL,2279.0,,76,69,7
200302220POR,RS,MIL,2297.0,,76,72,4
200302220POR,RS,MIL,2320.0,,78,72,6
200302220POR,RS,MIL,2320.0,,79,72,7
200302220POR,RS,MIL,2328.0,,79,75,4
200302220POR,RS,MIL,2399.0,,81,75,6
200302220POR,RS,MIL,2434.0,,83,75,8
200302220POR,RS,MIL,2458.0,,85,75,10
200302220POR,RS,MIL,2479.0,,85,77,8
200302220POR,RS,MIL,2517.0,,85,79,6
200302220POR,RS,MIL,2551.0,,85,81,4
200302220POR,RS,MIL,2570.0,,87,81,6
200302220POR,RS,MIL,2622.0,,87,83,4
200302220POR,RS,MIL,2688.0,,87,86,1
200302220POR,RS,MIL,2776.0,LC,87,88,-1
200302220POR,RS,MIL,2811.0,,87,91,-4
200302220POR,RS,MIL,2826.8,,90,91,-1
200302220POR,RS,MIL,2869.9,,90,92,-2
200302220POR,RS,MIL,2869.9,F,90,93,-3
200302220POR,RS,MIL,2880.0,,90,93,-3
200302250POR,RS,ATL,0.0,,0,0,0
200302250POR,RS,ATL,16.0,,0,2,-2
200302250POR,RS,ATL,35.0,T,2,2,0
200302250POR,RS,ATL,70.0,LC,4,2,2
200302250POR,RS,ATL,93.0,,6,2,4
200302250POR,RS,ATL,107.0,,8,2,6
200302250POR,RS,ATL,161.0,,8,5,3
200302250POR,RS,ATL,195.0,,8,7,1
200302250POR,RS,ATL,210.0,,11,7,4
200302250POR,RS,ATL,277.0,,13,7,6
200302250POR,RS,ATL,277.0,,14,7,7
200302250POR,RS,ATL,329.0,,14,9,5
200302250POR,RS,ATL,362.0,,16,9,7
200302250POR,RS,ATL,408.0,,18,9,9
200302250POR,RS,ATL,440.0,,20,9,11
200302250POR,RS,ATL,440.0,,21,9,12
200302250POR,RS,ATL,455.0,,21,11,10
200302250POR,RS,ATL,488.0,,21,13,8
200302250POR,RS,ATL,503.0,,23,13,10
200302250POR,RS,ATL,518.0,,23,15,8
200302250POR,RS,ATL,533.0,,25,15,10
200302250POR,RS,ATL,589.0,,27,15,12
200302250POR,RS,ATL,639.0,,27,17,10
200302250POR,RS,ATL,690.1,,29,17,12
200302250POR,RS,ATL,793.0,,29,19,10
200302250POR,RS,ATL,825.0,,31,19,12
200302250POR,RS,ATL,839.0,,31,20,11
200302250POR,RS,ATL,839.0,,31,21,10
200302250POR,RS,ATL,849.0,,32,21,11
200302250POR,RS,ATL,849.0,,33,21,12
200302250POR,RS,ATL,867.0,,33,23,10
200302250POR,RS,ATL,905.0,,35,23,12
200302250POR,RS,ATL,919.0,,35,25,10
200302250POR,RS,ATL,988.0,,37,25,12
200302250POR,RS,ATL,1003.0,,37,27,10
200302250POR,RS,ATL,1032.0,,37,29,8
200302250POR,RS,ATL,1070.0,,37,31,6
200302250POR,RS,ATL,1126.0,,37,32,5
200302250POR,RS,ATL,1148.0,,39,32,7
200302250POR,RS,ATL,1178.0,,42,32,10
200302250POR,RS,ATL,1190.0,,42,33,9
200302250POR,RS,ATL,1190.0,,42,34,8
200302250POR,RS,ATL,1212.0,,44,34,10
200302250POR,RS,ATL,1230.0,,44,36,8
200302250POR,RS,ATL,1250.0,,46,36,10
200302250POR,RS,ATL,1363.0,,46,38,8
200302250POR,RS,ATL,1384.2,,46,40,6
200302250POR,RS,ATL,1406.4,,48,40,8
200302250POR,RS,ATL,1462.0,,48,41,7
200302250POR,RS,ATL,1480.0,,49,41,8
200302250POR,RS,ATL,1480.0,,50,41,9
200302250POR,RS,ATL,1583.0,,50,44,6
200302250POR,RS,ATL,1619.0,,50,47,3
200302250POR,RS,ATL,1634.0,,52,47,5
200302250POR,RS,ATL,1664.0,,52,49,3
200302250POR,RS,ATL,1685.0,,54,49,5
200302250POR,RS,ATL,1738.0,,54,51,3
200302250POR,RS,ATL,1755.0,,56,51,5
200302250POR,RS,ATL,1777.0,,58,51,7
200302250POR,RS,ATL,1799.0,,58,54,4
200302250POR,RS,ATL,1830.0,,58,56,2
200302250POR,RS,ATL,1885.0,,60,56,4
200302250POR,RS,ATL,1954.0,,62,56,6
200302250POR,RS,ATL,2058.0,,64,56,8
200302250POR,RS,ATL,2078.0,,64,58,6
200302250POR,RS,ATL,2105.8,,66,58,8
200302250POR,RS,ATL,2125.0,,66,60,6
200302250POR,RS,ATL,2158.2,,66,62,4
200302250POR,RS,ATL,2178.0,,66,64,2
200302250POR,RS,ATL,2202.0,T,66,66,0
200302250POR,RS,ATL,2276.0,,68,66,2
200302250POR,RS,ATL,2329.0,,70,66,4
200302250POR,RS,ATL,2358.0,,70,68,2
200302250POR,RS,ATL,2366.0,,71,68,3
200302250POR,RS,ATL,2377.0,,72,68,4
200302250POR,RS,ATL,2377.0,,73,68,5
200302250POR,RS,ATL,2409.0,,75,68,7
200302250POR,RS,ATL,2477.0,,77,68,9
200302250POR,RS,ATL,2550.0,,77,70,7
200302250POR,RS,ATL,2609.0,,79,70,9
200302250POR,RS,ATL,2659.0,,79,72,7
200302250POR,RS,ATL,2676.0,,80,72,8
200302250POR,RS,ATL,2676.0,,81,72,9
200302250POR,RS,ATL,2695.0,,82,72,10
200302250POR,RS,ATL,2713.0,,82,73,9
200302250POR,RS,ATL,2726.0,,82,76,6
200302250POR,RS,ATL,2745.0,,84,76,8
200302250POR,RS,ATL,2756.0,,84,79,5
200302250POR,RS,ATL,2783.0,,86,79,7
200302250POR,RS,ATL,2802.0,,86,80,6
200302250POR,RS,ATL,2802.0,,86,81,5
200302250POR,RS,ATL,2820.7,,86,82,4
200302250POR,RS,ATL,2820.7,,86,83,3
200302250POR,RS,ATL,2836.4,,86,84,2
200302250POR,RS,ATL,2869.3,,87,84,3
200302250POR,RS,ATL,2875.2,,87,86,1
200302250POR,RS,ATL,2876.2,,88,86,2
200302250POR,RS,ATL,2876.2,F,89,86,3
200302250POR,RS,ATL,2880.0,,89,86,3
200302260DEN,RS,DEN,0.0,,0,0,0
200302260DEN,RS,DEN,12.0,,0,2,-2
200302260DEN,RS,DEN,73.0,,0,4,-4
200302260DEN,RS,DEN,94.0,,1,4,-3
200302260DEN,RS,DEN,109.0,,1,6,-5
200302260DEN,RS,DEN,178.0,,1,8,-7
200302260DEN,RS,DEN,211.0,,3,8,-5
200302260DEN,RS,DEN,229.0,,3,10,-7
200302260DEN,RS,DEN,258.0,,3,12,-9
200302260DEN,RS,DEN,282.0,,5,12,-7
200302260DEN,RS,DEN,309.0,,5,14,-9
200302260DEN,RS,DEN,309.0,,5,15,-10
200302260DEN,RS,DEN,342.0,,7,15,-8
200302260DEN,RS,DEN,350.0,,7,17,-10
200302260DEN,RS,DEN,368.0,,9,17,-8
200302260DEN,RS,DEN,422.0,,9,19,-10
200302260DEN,RS,DEN,435.0,,11,19,-8
200302260DEN,RS,DEN,461.0,,12,19,-7
200302260DEN,RS,DEN,488.0,,14,19,-5
200302260DEN,RS,DEN,520.0,,15,19,-4
200302260DEN,RS,DEN,547.0,,17,19,-2
200302260DEN,RS,DEN,576.0,,18,19,-1
200302260DEN,RS,DEN,576.0,T,19,19,0
200302260DEN,RS,DEN,628.0,,19,21,-2
200302260DEN,RS,DEN,661.6,,19,22,-3
200302260DEN,RS,DEN,678.1,,21,22,-1
200302260DEN,RS,DEN,694.1,LC,23,22,1
200302260DEN,RS,DEN,746.0,LC,23,24,-1
200302260DEN,RS,DEN,772.0,,23,26,-3
200302260DEN,RS,DEN,789.0,,25,26,-1
200302260DEN,RS,DEN,801.0,,25,28,-3
200302260DEN,RS,DEN,822.0,,27,28,-1
200302260DEN,RS,DEN,839.0,,27,30,-3
200302260DEN,RS,DEN,861.0,,29,30,-1
200302260DEN,RS,DEN,887.0,LC,31,30,1
200302260DEN,RS,DEN,924.0,,33,30,3
200302260DEN,RS,DEN,924.0,,34,30,4
200302260DEN,RS,DEN,980.0,,34,32,2
200302260DEN,RS,DEN,1036.0,,34,33,1
200302260DEN,RS,DEN,1036.0,T,34,34,0
200302260DEN,RS,DEN,1085.0,,36,34,2
200302260DEN,RS,DEN,1110.0,,37,34,3
200302260DEN,RS,DEN,1110.0,,38,34,4
200302260DEN,RS,DEN,1125.0,,38,36,2
200302260DEN,RS,DEN,1167.0,T,38,38,0
200302260DEN,RS,DEN,1229.0,LC,38,40,-2
200302260DEN,RS,DEN,1248.0,T,40,40,0
200302260DEN,RS,DEN,1283.0,LC,41,40,1
200302260DEN,RS,DEN,1283.0,,42,40,2
200302260DEN,RS,DEN,1330.0,T,42,42,0
200302260DEN,RS,DEN,1369.0,LC,42,44,-2
200302260DEN,RS,DEN,1389.4,T,44,44,0
200302260DEN,RS,DEN,1454.0,LC,45,44,1
200302260DEN,RS,DEN,1483.0,T,45,45,0
200302260DEN,RS,DEN,1483.0,LC,45,46,-1
200302260DEN,RS,DEN,1496.0,LC,47,46,1
200302260DEN,RS,DEN,1512.0,LC,47,48,-1
200302260DEN,RS,DEN,1563.0,LC,49,48,1
200302260DEN,RS,DEN,1592.0,T,49,49,0
200302260DEN,RS,DEN,1598.0,LC,49,50,-1
200302260DEN,RS,DEN,1598.0,,49,51,-2
200302260DEN,RS,DEN,1625.0,,49,53,-4
200302260DEN,RS,DEN,1674.0,,51,53,-2
200302260DEN,RS,DEN,1687.0,,51,55,-4
200302260DEN,RS,DEN,1737.0,,51,56,-5
200302260DEN,RS,DEN,1737.0,,51,57,-6
200302260DEN,RS,DEN,1753.0,,51,58,-7
200302260DEN,RS,DEN,1753.0,,51,59,-8
200302260DEN,RS,DEN,1773.0,,53,59,-6
200302260DEN,RS,DEN,1792.0,,53,61,-8
200302260DEN,RS,DEN,1832.0,,53,62,-9
200302260DEN,RS,DEN,1847.0,,54,62,-8
200302260DEN,RS,DEN,1865.0,,54,63,-9
200302260DEN,RS,DEN,1890.0,,54,65,-11
200302260DEN,RS,DEN,1916.0,,54,67,-13
200302260DEN,RS,DEN,1931.0,,55,67,-12
200302260DEN,RS,DEN,1931.0,,56,67,-11
200302260DEN,RS,DEN,1954.0,,57,67,-10
200302260DEN,RS,DEN,1974.0,,57,69,-12
200302260DEN,RS,DEN,1988.0,,59,69,-10
200302260DEN,RS,DEN,2061.0,,60,69,-9
200302260DEN,RS,DEN,2074.0,,60,70,-10
200302260DEN,RS,DEN,2111.7,,63,70,-7
200302260DEN,RS,DEN,2134.9,,63,71,-8
200302260DEN,RS,DEN,2199.0,,66,71,-5
200302260DEN,RS,DEN,2216.0,,66,73,-7
200302260DEN,RS,DEN,2242.0,,68,73,-5
200302260DEN,RS,DEN,2270.0,,70,73,-3
200302260DEN,RS,DEN,2291.0,,70,75,-5
200302260DEN,RS,DEN,2316.0,,72,75,-3
200302260DEN,RS,DEN,2364.0,,74,75,-1
200302260DEN,RS,DEN,2396.0,,74,77,-3
200302260DEN,RS,DEN,2421.0,,76,77,-1
200302260DEN,RS,DEN,2481.0,,76,78,-2
200302260DEN,RS,DEN,2502.0,T,78,78,0
200302260DEN,RS,DEN,2593.0,,78,80,-2
200302260DEN,RS,DEN,2618.0,T,80,80,0
200302260DEN,RS,DEN,2639.0,,80,82,-2
200302260DEN,RS,DEN,2665.0,LC,83,82,1
200302260DEN,RS,DEN,2712.0,,85,82,3
200302260DEN,RS,DEN,2738.0,,87,82,5
200302260DEN,RS,DEN,2797.0,,88,82,6
200302260DEN,RS,DEN,2797.0,,89,82,7
200302260DEN,RS,DEN,2827.5,,91,82,9
200302260DEN,RS,DEN,2834.1,,91,84,7
200302260DEN,RS,DEN,2836.9,,92,84,8
200302260DEN,RS,DEN,2861.6,,93,84,9
200302260DEN,RS,DEN,2861.6,F,94,84,10
200302260DEN,RS,DEN,2880.0,,94,84,10
200302280POR,RS,LAC,0.0,,0,0,0
200302280POR,RS,LAC,78.0,,2,0,2
200302280POR,RS,LAC,116.0,,4,0,4
200302280POR,RS,LAC,135.0,,4,1,3
200302280POR,RS,LAC,149.0,,6,1,5
200302280POR,RS,LAC,176.0,,8,1,7
200302280POR,RS,LAC,210.0,,8,3,5
200302280POR,RS,LAC,259.0,,8,5,3
200302280POR,RS,LAC,276.0,,10,5,5
200302280POR,RS,LAC,367.0,,12,5,7
200302280POR,RS,LAC,390.0,,12,6,6
200302280POR,RS,LAC,390.0,,12,7,5
200302280POR,RS,LAC,432.0,,14,7,7
200302280POR,RS,LAC,432.0,,15,7,8
200302280POR,RS,LAC,442.0,,15,9,6
200302280POR,RS,LAC,458.0,,16,9,7
200302280POR,RS,LAC,470.0,,18,9,9
200302280POR,RS,LAC,484.0,,18,11,7
200302280POR,RS,LAC,498.0,,20,11,9
200302280POR,RS,LAC,513.0,,20,13,7
200302280POR,RS,LAC,536.0,,20,15,5
200302280POR,RS,LAC,593.0,,20,17,3
200302280POR,RS,LAC,642.0,,22,17,5
200302280POR,RS,LAC,660.0,,22,19,3
200302280POR,RS,LAC,683.8,,22,21,1
200302280POR,RS,LAC,714.9,LC,22,23,-1
200302280POR,RS,LAC,714.9,,22,24,-2
200302280POR,RS,LAC,742.0,T,24,24,0
200302280POR,RS,LAC,758.0,,24,26,-2
200302280POR,RS,LAC,783.0,,24,28,-4
200302280POR,RS,LAC,810.0,,26,28,-2
200302280POR,RS,LAC,825.0,,26,29,-3
200302280POR,RS,LAC,825.0,,26,30,-4
200302280POR,RS,LAC,852.0,,28,30,-2
200302280POR,RS,LAC,877.0,T,30,30,0
200302280POR,RS,LAC,901.0,LC,32,30,2
200302280POR,RS,LAC,919.0,T,32,32,0
200302280POR,RS,LAC,955.0,LC,32,34,-2
200302280POR,RS,LAC,976.0,,32,36,-4
200302280POR,RS,LAC,1014.0,,34,36,-2
200302280POR,RS,LAC,1060.0,,34,38,-4
200302280POR,RS,LAC,1067.0,,36,38,-2
200302280POR,RS,LAC,1099.0,,37,38,-1
200302280POR,RS,LAC,1099.0,T,38,38,0
200302280POR,RS,LAC,1134.0,,38,40,-2
200302280POR,RS,LAC,1161.0,,38,42,-4
200302280POR,RS,LAC,1161.0,,38,43,-5
200302280POR,RS,LAC,1179.0,,40,43,-3
200302280POR,RS,LAC,1206.0,,41,43,-2
200302280POR,RS,LAC,1206.0,,42,43,-1
200302280POR,RS,LAC,1229.0,LC,44,43,1
200302280POR,RS,LAC,1284.0,LC,44,45,-1
200302280POR,RS,LAC,1310.0,LC,46,45,1
200302280POR,RS,LAC,1327.0,LC,46,47,-1
200302280POR,RS,LAC,1389.7,LC,48,47,1
200302280POR,RS,LAC,1401.6,T,48,48,0
200302280POR,RS,LAC,1401.6,LC,48,49,-1
200302280POR,RS,LAC,1466.0,LC,50,49,1
200302280POR,RS,LAC,1490.0,LC,50,51,-1
200302280POR,RS,LAC,1511.0,,50,53,-3
200302280POR,RS,LAC,1511.0,,50,54,-4
200302280POR,RS,LAC,1590.0,,53,54,-1
200302280POR,RS,LAC,1634.0,,53,56,-3
200302280POR,RS,LAC,1672.0,,55,56,-1
200302280POR,RS,LAC,1691.0,,55,58,-3
200302280POR,RS,LAC,1709.0,,57,58,-1
200302280POR,RS,LAC,1724.0,,57,60,-3
200302280POR,RS,LAC,1749.0,,57,62,-5
200302280POR,RS,LAC,1773.0,,59,62,-3
200302280POR,RS,LAC,1788.0,,59,63,-4
200302280POR,RS,LAC,1788.0,,59,64,-5
200302280POR,RS,LAC,1802.0,,61,64,-3
200302280POR,RS,LAC,1875.0,,61,66,-5
200302280POR,RS,LAC,1891.0,,63,66,-3
200302280POR,RS,LAC,1917.0,,65,66,-1
200302280POR,RS,LAC,1943.0,,65,68,-3
200302280POR,RS,LAC,2003.0,,67,68,-1
200302280POR,RS,LAC,2028.0,,67,70,-3
200302280POR,RS,LAC,2046.0,,68,70,-2
200302280POR,RS,LAC,2088.0,T,70,70,0
200302280POR,RS,LAC,2109.2,LC,71,70,1
200302280POR,RS,LAC,2146.5,T,71,71,0
200302280POR,RS,LAC,2175.0,LC,71,73,-2
200302280POR,RS,LAC,2206.0,,71,74,-3
200302280POR,RS,LAC,2206.0,,71,75,-4
200302280POR,RS,LAC,2225.0,,73,75,-2
200302280POR,RS,LAC,2247.0,,73,77,-4
200302280POR,RS,LAC,2260.0,,74,77,-3
200302280POR,RS,LAC,2260.0,,75,77,-2
200302280POR,RS,LAC,2272.0,,75,79,-4
200302280POR,RS,LAC,2290.0,,77,79,-2
200302280POR,RS,LAC,2304.0,,77,80,-3
200302280POR,RS,LAC,2353.0,,79,80,-1
200302280POR,RS,LAC,2374.0,,79,82,-3
200302280POR,RS,LAC,2388.0,,81,82,-1
200302280POR,RS,LAC,2402.0,,81,84,-3
200302280POR,RS,LAC,2447.0,,83,84,-1
200302280POR,RS,LAC,2447.0,T,84,84,0
200302280POR,RS,LAC,2465.0,LC,85,84,1
200302280POR,RS,LAC,2475.0,LC,85,86,-1
200302280POR,RS,LAC,2492.0,LC,87,86,1
200302280POR,RS,LAC,2514.0,LC,87,88,-1
200302280POR,RS,LAC,2529.0,LC,89,88,1
200302280POR,RS,LAC,2545.0,LC,89,90,-1
200302280POR,RS,LAC,2568.0,LC,92,90,2
200302280POR,RS,LAC,2591.0,T,92,92,0
200302280POR,RS,LAC,2610.0,,94,92,2
200302280POR,RS,LAC,2610.0,,95,92,3
200302280POR,RS,LAC,2636.0,,95,94,1
200302280POR,RS,LAC,2636.0,T,95,95,0
200302280POR,RS,LAC,2659.0,,96,95,1
200302280POR,RS,LAC,2659.0,,97,95,2
200302280POR,RS,LAC,2672.0,T,97,97,0
200302280POR,RS,LAC,2711.0,,99,97,2
200302280POR,RS,LAC,2782.0,,101,97,4
200302280POR,RS,LAC,2789.0,,101,98,3
200302280POR,RS,LAC,2789.0,,101,99,2
200302280POR,RS,LAC,2804.0,,103,99,4
200302280POR,RS,LAC,2838.5,,105,99,6
200302280POR,RS,LAC,2844.0,,105,100,5
200302280POR,RS,LAC,2844.0,,105,101,4
200302280POR,RS,LAC,2844.7,,106,101,5
200302280POR,RS,LAC,2845.5,,106,103,3
200302280POR,RS,LAC,2866.1,,107,103,4
200302280POR,RS,LAC,2866.1,,108,103,5
200302280POR,RS,LAC,2877.0,F,109,103,6
200302280POR,RS,LAC,2880.0,,109,103,6
200303020POR,RS,DET,0.0,,0,0,0
200303020POR,RS,DET,48.0,,0,2,-2
200303020POR,RS,DET,67.0,T,2,2,0
200303020POR,RS,DET,102.0,LC,4,2,2
200303020POR,RS,DET,133.0,,5,2,3
200303020POR,RS,DET,146.0,T,5,5,0
200303020POR,RS,DET,158.0,,7,5,2
200303020POR,RS,DET,191.0,,9,5,4
200303020POR,RS,DET,258.0,,9,6,3
200303020POR,RS,DET,258.0,,9,7,2
200303020POR,RS,DET,291.0,LC,9,10,-1
200303020POR,RS,DET,311.0,LC,11,10,1
200303020POR,RS,DET,334.0,LC,11,13,-2
200303020POR,RS,DET,375.0,,11,15,-4
200303020POR,RS,DET,424.0,,13,15,-2
200303020POR,RS,DET,424.0,,14,15,-1
200303020POR,RS,DET,441.0,,14,17,-3
200303020POR,RS,DET,459.0,,16,17,-1
200303020POR,RS,DET,493.0,,16,20,-4
200303020POR,RS,DET,515.0,,18,20,-2
200303020POR,RS,DET,547.0,,18,22,-4
200303020POR,RS,DET,565.0,,18,23,-5
200303020POR,RS,DET,565.0,,18,24,-6
200303020POR,RS,DET,587.0,,21,24,-3
200303020POR,RS,DET,654.0,,22,24,-2
200303020POR,RS,DET,711.5,,22,25,-3
200303020POR,RS,DET,711.5,,22,26,-4
200303020POR,RS,DET,790.0,,23,26,-3
200303020POR,RS,DET,790.0,,24,26,-2
200303020POR,RS,DET,821.0,T,26,26,0
200303020POR,RS,DET,839.0,,26,27,-1
200303020POR,RS,DET,839.0,,26,28,-2
200303020POR,RS,DET,855.0,T,28,28,0
200303020POR,RS,DET,942.0,LC,30,28,2
200303020POR,RS,DET,954.0,T,30,30,0
200303020POR,RS,DET,1001.0,LC,30,32,-2
200303020POR,RS,DET,1028.0,LC,33,32,1
200303020POR,RS,DET,1059.0,LC,33,34,-1
200303020POR,RS,DET,1113.0,,33,36,-3
200303020POR,RS,DET,1128.0,,35,36,-1
200303020POR,RS,DET,1154.0,T,36,36,0
200303020POR,RS,DET,1181.0,,36,38,-2
200303020POR,RS,DET,1268.0,,36,40,-4
200303020POR,RS,DET,1321.0,,37,40,-3
200303020POR,RS,DET,1321.0,,38,40,-2
200303020POR,RS,DET,1354.0,T,40,40,0
200303020POR,RS,DET,1377.0,,40,41,-1
200303020POR,RS,DET,1377.0,,40,42,-2
200303020POR,RS,DET,1390.1,T,42,42,0
200303020POR,RS,DET,1420.4,LC,44,42,2
200303020POR,RS,DET,1457.0,,46,42,4
200303020POR,RS,DET,1495.0,,48,42,6
200303020POR,RS,DET,1525.0,,48,45,3
200303020POR,RS,DET,1540.0,,49,45,4
200303020POR,RS,DET,1540.0,,50,45,5
200303020POR,RS,DET,1584.0,,52,45,7
200303020POR,RS,DET,1630.0,,54,45,9
200303020POR,RS,DET,1637.0,,54,47,7
200303020POR,RS,DET,1658.0,,56,47,9
200303020POR,RS,DET,1704.0,,58,47,11
200303020POR,RS,DET,1704.0,,59,47,12
200303020POR,RS,DET,1717.0,,59,50,9
200303020POR,RS,DET,1740.0,,61,50,11
200303020POR,RS,DET,1810.0,,63,50,13
200303020POR,RS,DET,1833.0,,63,52,11
200303020POR,RS,DET,1851.0,,65,52,13
200303020POR,RS,DET,1868.0,,67,52,15
200303020POR,RS,DET,1885.0,,67,54,13
200303020POR,RS,DET,1908.0,,69,54,15
200303020POR,RS,DET,1953.0,,71,54,17
200303020POR,RS,DET,2013.0,,71,55,16
200303020POR,RS,DET,2056.0,,73,55,18
200303020POR,RS,DET,2081.0,,73,56,17
200303020POR,RS,DET,2094.0,,75,56,19
200303020POR,RS,DET,2109.7,,75,58,17
200303020POR,RS,DET,2132.3,,78,58,20
200303020POR,RS,DET,2146.2,,78,60,18
200303020POR,RS,DET,2201.0,,80,60,20
200303020POR,RS,DET,2223.0,,80,62,18
200303020POR,RS,DET,2239.0,,81,62,19
200303020POR,RS,DET,2239.0,,82,62,20
200303020POR,RS,DET,2318.0,,83,62,21
200303020POR,RS,DET,2318.0,,84,62,22
200303020POR,RS,DET,2339.0,,84,64,20
200303020POR,RS,DET,2363.0,,87,64,23
200303020POR,RS,DET,2398.0,,89,64,25
200303020POR,RS,DET,2398.0,,90,64,26
200303020POR,RS,DET,2421.0,,91,64,27
200303020POR,RS,DET,2450.0,,91,66,25
200303020POR,RS,DET,2487.0,,91,68,23
200303020POR,RS,DET,2529.0,,92,68,24
200303020POR,RS,DET,2529.0,,93,68,25
200303020POR,RS,DET,2553.0,,93,70,23
200303020POR,RS,DET,2577.0,,93,72,21
200303020POR,RS,DET,2595.0,,95,72,23
200303020POR,RS,DET,2646.0,,97,72,25
200303020POR,RS,DET,2663.0,,97,73,24
200303020POR,RS,DET,2663.0,,97,74,23
200303020POR,RS,DET,2696.0,,97,77,20
200303020POR,RS,DET,2714.0,,99,77,22
200303020POR,RS,DET,2749.0,,99,80,19
200303020POR,RS,DET,2780.0,,99,82,17
200303020POR,RS,DET,2800.0,,99,84,15
200303020POR,RS,DET,2814.0,,101,84,17
200303020POR,RS,DET,2840.0,,103,84,19
200303020POR,RS,DET,2850.4,F,103,86,17
200303020POR,RS,DET,2880.0,,103,86,17
200303050PHO,RS,PHO,0.0,,0,0,0
200303050PHO,RS,PHO,26.0,,0,2,-2
200303050PHO,RS,PHO,81.0,,0,3,-3
200303050PHO,RS,PHO,81.0,,0,4,-4
200303050PHO,RS,PHO,112.0,,2,4,-2
200303050PHO,RS,PHO,133.0,,2,6,-4
200303050PHO,RS,PHO,181.0,,2,8,-6
200303050PHO,RS,PHO,211.0,,3,8,-5
200303050PHO,RS,PHO,211.0,,4,8,-4
200303050PHO,RS,PHO,228.0,,4,10,-6
200303050PHO,RS,PHO,311.0,,6,10,-4
200303050PHO,RS,PHO,352.0,,8,10,-2
200303050PHO,RS,PHO,361.0,,8,11,-3
200303050PHO,RS,PHO,385.0,,8,13,-5
200303050PHO,RS,PHO,403.0,,10,13,-3
200303050PHO,RS,PHO,426.0,,12,13,-1
200303050PHO,RS,PHO,453.0,,12,15,-3
200303050PHO,RS,PHO,475.0,,12,17,-5
200303050PHO,RS,PHO,499.0,,12,19,-7
200303050PHO,RS,PHO,532.0,,14,19,-5
200303050PHO,RS,PHO,550.0,,14,21,-7
200303050PHO,RS,PHO,565.0,,15,21,-6
200303050PHO,RS,PHO,565.0,,16,21,-5
200303050PHO,RS,PHO,580.0,,16,24,-8
200303050PHO,RS,PHO,602.0,,16,26,-10
200303050PHO,RS,PHO,633.0,,17,26,-9
200303050PHO,RS,PHO,633.0,,18,26,-8
200303050PHO,RS,PHO,655.0,,20,26,-6
200303050PHO,RS,PHO,683.8,,20,28,-8
200303050PHO,RS,PHO,695.6,,20,30,-10
200303050PHO,RS,PHO,737.0,,21,30,-9
200303050PHO,RS,PHO,752.0,,23,30,-7
200303050PHO,RS,PHO,775.0,,25,30,-5
200303050PHO,RS,PHO,828.0,,26,30,-4
200303050PHO,RS,PHO,849.0,,26,32,-6
200303050PHO,RS,PHO,922.0,,26,35,-9
200303050PHO,RS,PHO,940.0,,29,35,-6
200303050PHO,RS,PHO,979.0,,31,35,-4
200303050PHO,RS,PHO,990.0,,31,37,-6
200303050PHO,RS,PHO,1059.0,,33,37,-4
200303050PHO,RS,PHO,1105.0,,35,37,-2
200303050PHO,RS,PHO,1118.0,,35,38,-3
200303050PHO,RS,PHO,1118.0,,35,39,-4
200303050PHO,RS,PHO,1174.0,,35,41,-6
200303050PHO,RS,PHO,1229.0,,37,41,-4
200303050PHO,RS,PHO,1252.0,,37,43,-6
200303050PHO,RS,PHO,1274.0,,38,43,-5
200303050PHO,RS,PHO,1274.0,,39,43,-4
200303050PHO,RS,PHO,1290.0,,39,45,-6
200303050PHO,RS,PHO,1323.0,,40,45,-5
200303050PHO,RS,PHO,1323.0,,41,45,-4
200303050PHO,RS,PHO,1337.0,,41,47,-6
200303050PHO,RS,PHO,1361.0,,41,49,-8
200303050PHO,RS,PHO,1459.0,,44,49,-5
200303050PHO,RS,PHO,1537.0,,46,49,-3
200303050PHO,RS,PHO,1562.0,,46,51,-5
200303050PHO,RS,PHO,1591.0,,48,51,-3
200303050PHO,RS,PHO,1638.0,,50,51,-1
200303050PHO,RS,PHO,1647.0,,50,53,-3
200303050PHO,RS,PHO,1666.0,T,53,53,0
200303050PHO,RS,PHO,1717.0,,53,55,-2
200303050PHO,RS,PHO,1747.0,,53,56,-3
200303050PHO,RS,PHO,1747.0,,53,57,-4
200303050PHO,RS,PHO,1757.0,,54,57,-3
200303050PHO,RS,PHO,1757.0,,55,57,-2
200303050PHO,RS,PHO,1767.0,,55,60,-5
200303050PHO,RS,PHO,1809.0,,55,62,-7
200303050PHO,RS,PHO,1826.0,,56,62,-6
200303050PHO,RS,PHO,1849.0,,57,62,-5
200303050PHO,RS,PHO,1861.0,,57,64,-7
200303050PHO,RS,PHO,1879.0,,59,64,-5
200303050PHO,RS,PHO,1899.0,,59,66,-7
200303050PHO,RS,PHO,1931.0,,59,68,-9
200303050PHO,RS,PHO,1979.0,,59,71,-12
200303050PHO,RS,PHO,1990.0,,60,71,-11
200303050PHO,RS,PHO,1990.0,,61,71,-10
200303050PHO,RS,PHO,2061.0,,63,71,-8
200303050PHO,RS,PHO,2093.0,,65,71,-6
200303050PHO,RS,PHO,2117.0,,67,71,-4
200303050PHO,RS,PHO,2140.3,,67,73,-6
200303050PHO,RS,PHO,2242.0,,67,75,-8
200303050PHO,RS,PHO,2295.0,,70,75,-5
200303050PHO,RS,PHO,2341.0,,72,75,-3
200303050PHO,RS,PHO,2363.0,,74,75,-1
200303050PHO,RS,PHO,2388.0,,74,77,-3
200303050PHO,RS,PHO,2437.0,,76,77,-1
200303050PHO,RS,PHO,2499.0,LC,78,77,1
200303050PHO,RS,PHO,2559.0,LC,78,79,-1
200303050PHO,RS,PHO,2591.0,LC,80,79,1
200303050PHO,RS,PHO,2610.0,LC,80,82,-2
200303050PHO,RS,PHO,2610.0,,80,83,-3
200303050PHO,RS,PHO,2761.0,,80,84,-4
200303050PHO,RS,PHO,2761.0,,80,85,-5
200303050PHO,RS,PHO,2774.0,,83,85,-2
200303050PHO,RS,PHO,2788.0,,83,86,-3
200303050PHO,RS,PHO,2818.0,,83,87,-4
200303050PHO,RS,PHO,2818.0,,83,88,-5
200303050PHO,RS,PHO,2827.0,,86,88,-2
200303050PHO,RS,PHO,2848.1,,86,90,-4
200303050PHO,RS,PHO,2856.7,,86,91,-5
200303050PHO,RS,PHO,2856.7,,86,92,-6
200303050PHO,RS,PHO,2864.5,,89,92,-3
200303050PHO,RS,PHO,2865.3,,89,93,-4
200303050PHO,RS,PHO,2865.3,,89,94,-5
200303050PHO,RS,PHO,2872.5,,92,94,-2
200303050PHO,RS,PHO,2873.6,,92,95,-3
200303050PHO,RS,PHO,2873.6,,92,96,-4
200303050PHO,RS,PHO,2877.4,,92,97,-5
200303050PHO,RS,PHO,2877.4,F,92,98,-6
200303050PHO,RS,PHO,2880.0,,92,98,-6
200303060POR,RS,PHI,0.0,,0,0,0
200303060POR,RS,PHI,29.0,,2,0,2
200303060POR,RS,PHI,77.0,T,2,2,0
200303060POR,RS,PHI,119.0,,4,2,2
200303060POR,RS,PHI,158.0,T,4,4,0
200303060POR,RS,PHI,182.0,,6,4,2
200303060POR,RS,PHI,239.0,,8,4,4
200303060POR,RS,PHI,260.0,,8,6,2
200303060POR,RS,PHI,277.0,,10,6,4
200303060POR,RS,PHI,345.0,,12,6,6
200303060POR,RS,PHI,358.0,,12,8,4
200303060POR,RS,PHI,377.0,,13,8,5
200303060POR,RS,PHI,443.0,,13,10,3
200303060POR,RS,PHI,448.0,,14,10,4
200303060POR,RS,PHI,448.0,,15,10,5
200303060POR,RS,PHI,489.0,,17,10,7
200303060POR,RS,PHI,506.0,,17,12,5
200303060POR,RS,PHI,635.0,,17,14,3
200303060POR,RS,PHI,664.2,,19,14,5
200303060POR,RS,PHI,758.0,,19,16,3
200303060POR,RS,PHI,811.0,,19,17,2
200303060POR,RS,PHI,855.0,T,19,19,0
200303060POR,RS,PHI,955.0,,21,19,2
200303060POR,RS,PHI,985.0,,23,19,4
200303060POR,RS,PHI,1041.0,,24,19,5
200303060POR,RS,PHI,1041.0,,25,19,6
200303060POR,RS,PHI,1089.0,,25,21,4
200303060POR,RS,PHI,1110.0,,26,21,5
200303060POR,RS,PHI,1128.0,,26,23,3
200303060POR,RS,PHI,1149.0,,28,23,5
200303060POR,RS,PHI,1170.0,,28,25,3
200303060POR,RS,PHI,1196.0,,28,27,1
200303060POR,RS,PHI,1223.0,,30,27,3
200303060POR,RS,PHI,1242.0,,30,29,1
200303060POR,RS,PHI,1338.0,T,30,30,0
200303060POR,RS,PHI,1358.0,,32,30,2
200303060POR,RS,PHI,1376.0,T,32,32,0
200303060POR,RS,PHI,1414.0,LC,32,33,-1
200303060POR,RS,PHI,1414.0,,32,34,-2
200303060POR,RS,PHI,1480.0,,32,36,-4
200303060POR,RS,PHI,1497.0,,34,36,-2
200303060POR,RS,PHI,1525.0,T,36,36,0
200303060POR,RS,PHI,1569.0,LC,38,36,2
200303060POR,RS,PHI,1593.0,T,38,38,0
200303060POR,RS,PHI,1625.0,,40,38,2
200303060POR,RS,PHI,1640.0,T,40,40,0
200303060POR,RS,PHI,1674.0,LC,40,42,-2
200303060POR,RS,PHI,1674.0,,40,43,-3
200303060POR,RS,PHI,1698.0,,42,43,-1
200303060POR,RS,PHI,1735.0,,42,45,-3
200303060POR,RS,PHI,1753.0,,44,45,-1
200303060POR,RS,PHI,1863.0,,44,46,-2
200303060POR,RS,PHI,1863.0,,44,47,-3
200303060POR,RS,PHI,1890.0,,44,49,-5
200303060POR,RS,PHI,1950.0,,44,51,-7
200303060POR,RS,PHI,2109.5,,44,53,-9
200303060POR,RS,PHI,2156.6,,44,54,-10
200303060POR,RS,PHI,2156.6,,44,55,-11
200303060POR,RS,PHI,2190.0,,44,57,-13
200303060POR,RS,PHI,2266.0,,46,57,-11
200303060POR,RS,PHI,2293.0,,46,59,-13
200303060POR,RS,PHI,2306.0,,48,59,-11
200303060POR,RS,PHI,2330.0,,48,61,-13
200303060POR,RS,PHI,2343.0,,49,61,-12
200303060POR,RS,PHI,2394.0,,49,62,-13
200303060POR,RS,PHI,2394.0,,49,63,-14
200303060POR,RS,PHI,2420.0,,49,65,-16
200303060POR,RS,PHI,2435.0,,51,65,-14
200303060POR,RS,PHI,2464.0,,51,67,-16
200303060POR,RS,PHI,2488.0,,51,69,-18
200303060POR,RS,PHI,2488.0,,51,70,-19
200303060POR,RS,PHI,2508.0,,53,70,-17
200303060POR,RS,PHI,2524.0,,53,72,-19
200303060POR,RS,PHI,2543.0,,55,72,-17
200303060POR,RS,PHI,2583.0,,55,73,-18
200303060POR,RS,PHI,2588.0,,55,75,-20
200303060POR,RS,PHI,2610.0,,55,76,-21
200303060POR,RS,PHI,2610.0,,55,77,-22
200303060POR,RS,PHI,2634.0,,55,79,-24
200303060POR,RS,PHI,2666.0,,55,80,-25
200303060POR,RS,PHI,2666.0,,55,81,-26
200303060POR,RS,PHI,2687.0,,55,82,-27
200303060POR,RS,PHI,2709.0,,56,82,-26
200303060POR,RS,PHI,2721.0,,56,84,-28
200303060POR,RS,PHI,2771.0,,56,86,-30
200303060POR,RS,PHI,2788.0,,56,88,-32
200303060POR,RS,PHI,2802.0,,58,88,-30
200303060POR,RS,PHI,2853.4,F,60,88,-28
200303060POR,RS,PHI,2880.0,,60,88,-28
200303080POR,RS,IND,0.0,,0,0,0
200303080POR,RS,IND,12.0,,0,2,-2
200303080POR,RS,IND,31.0,T,2,2,0
200303080POR,RS,IND,64.0,,2,4,-2
200303080POR,RS,IND,86.0,,3,4,-1
200303080POR,RS,IND,94.0,LC,5,4,1
200303080POR,RS,IND,113.0,LC,5,6,-1
200303080POR,RS,IND,129.0,LC,7,6,1
200303080POR,RS,IND,137.0,LC,7,8,-1
200303080POR,RS,IND,161.0,LC,9,8,1
200303080POR,RS,IND,191.0,,11,8,3
200303080POR,RS,IND,213.0,,12,8,4
200303080POR,RS,IND,213.0,,13,8,5
200303080POR,RS,IND,238.0,,15,8,7
200303080POR,RS,IND,268.0,,17,8,9
200303080POR,RS,IND,294.0,,18,8,10
200303080POR,RS,IND,308.0,,18,10,8
200303080POR,RS,IND,369.0,,18,12,6
200303080POR,RS,IND,387.0,,20,12,8
200303080POR,RS,IND,406.0,,20,14,6
200303080POR,RS,IND,443.0,,20,16,4
200303080POR,RS,IND,487.0,,20,18,2
200303080POR,RS,IND,519.0,T,20,20,0
200303080POR,RS,IND,542.0,,22,20,2
200303080POR,RS,IND,575.0,,23,20,3
200303080POR,RS,IND,575.0,,24,20,4
200303080POR,RS,IND,595.0,,24,22,2
200303080POR,RS,IND,607.0,,26,22,4
200303080POR,RS,IND,627.0,,26,24,2
200303080POR,RS,IND,650.0,,28,24,4
200303080POR,RS,IND,684.4,,30,24,6
200303080POR,RS,IND,732.0,,32,24,8
200303080POR,RS,IND,746.0,,32,26,6
200303080POR,RS,IND,761.0,,33,26,7
200303080POR,RS,IND,773.0,,35,26,9
200303080POR,RS,IND,787.0,,35,28,7
200303080POR,RS,IND,811.0,,37,28,9
200303080POR,RS,IND,835.0,,37,30,7
200303080POR,RS,IND,894.0,,37,32,5
200303080POR,RS,IND,912.0,,39,32,7
200303080POR,RS,IND,1000.0,,39,34,5
200303080POR,RS,IND,1044.0,,41,34,7
200303080POR,RS,IND,1113.0,,43,34,9
200303080POR,RS,IND,1163.0,,45,34,11
200303080POR,RS,IND,1243.0,,46,34,12
200303080POR,RS,IND,1243.0,,47,34,13
200303080POR,RS,IND,1329.0,,47,36,11
200303080POR,RS,IND,1347.0,,49,36,13
200303080POR,RS,IND,1364.0,,49,38,11
200303080POR,RS,IND,1386.9,,52,38,14
200303080POR,RS,IND,1438.0,,52,41,11
200303080POR,RS,IND,1456.0,,54,41,13
200303080POR,RS,IND,1499.0,,55,41,14
200303080POR,RS,IND,1499.0,,56,41,15
200303080POR,RS,IND,1514.0,,56,42,14
200303080POR,RS,IND,1523.0,,57,42,15
200303080POR,RS,IND,1523.0,,58,42,16
200303080POR,RS,IND,1579.0,,58,43,15
200303080POR,RS,IND,1622.0,,59,43,16
200303080POR,RS,IND,1641.0,,59,45,14
200303080POR,RS,IND,1656.0,,61,45,16
200303080POR,RS,IND,1675.0,,61,47,14
200303080POR,RS,IND,1731.0,,61,49,12
200303080POR,RS,IND,1776.0,,62,49,13
200303080POR,RS,IND,1776.0,,63,49,14
200303080POR,RS,IND,1806.0,,65,49,16
200303080POR,RS,IND,1826.0,,65,51,14
200303080POR,RS,IND,1850.0,,65,53,12
200303080POR,RS,IND,1872.0,,67,53,14
200303080POR,RS,IND,1896.0,,67,55,12
200303080POR,RS,IND,1915.0,,69,55,14
200303080POR,RS,IND,1972.0,,69,57,12
200303080POR,RS,IND,1972.0,,69,58,11
200303080POR,RS,IND,2018.0,,71,58,13
200303080POR,RS,IND,2042.0,,71,60,11
200303080POR,RS,IND,2064.0,,73,60,13
200303080POR,RS,IND,2144.6,,74,60,14
200303080POR,RS,IND,2154.9,,74,61,13
200303080POR,RS,IND,2154.9,,74,62,12
200303080POR,RS,IND,2187.0,,76,62,14
200303080POR,RS,IND,2209.0,,76,64,12
200303080POR,RS,IND,2233.0,,79,64,15
200303080POR,RS,IND,2334.0,,79,65,14
200303080POR,RS,IND,2378.0,,79,66,13
200303080POR,RS,IND,2472.0,,79,69,10
200303080POR,RS,IND,2541.0,,79,71,8
200303080POR,RS,IND,2561.0,,82,71,11
200303080POR,RS,IND,2597.0,,84,71,13
200303080POR,RS,IND,2608.0,,84,72,12
200303080POR,RS,IND,2608.0,,84,73,11
200303080POR,RS,IND,2625.0,,85,73,12
200303080POR,RS,IND,2625.0,,86,73,13
200303080POR,RS,IND,2635.0,,86,75,11
200303080POR,RS,IND,2635.0,,86,76,10
200303080POR,RS,IND,2655.0,,88,76,12
200303080POR,RS,IND,2715.0,,88,77,11
200303080POR,RS,IND,2766.0,,89,77,12
200303080POR,RS,IND,2766.0,,90,77,13
200303080POR,RS,IND,2824.5,,92,77,15
200303080POR,RS,IND,2863.4,,93,77,16
200303080POR,RS,IND,2863.4,,94,77,17
200303080POR,RS,IND,2870.0,F,94,80,14
200303080POR,RS,IND,2880.0,,94,80,14
200303110SEA,RS,SEA,0.0,,0,0,0
200303110SEA,RS,SEA,48.0,,2,0,2
200303110SEA,RS,SEA,109.0,,4,0,4
200303110SEA,RS,SEA,135.0,,4,2,2
200303110SEA,RS,SEA,152.0,,6,2,4
200303110SEA,RS,SEA,174.0,,6,4,2
200303110SEA,RS,SEA,190.0,,8,4,4
200303110SEA,RS,SEA,221.0,,10,4,6
200303110SEA,RS,SEA,312.0,,12,4,8
200303110SEA,RS,SEA,337.0,,12,6,6
200303110SEA,RS,SEA,337.0,,12,7,5
200303110SEA,RS,SEA,348.0,,14,7,7
200303110SEA,RS,SEA,391.0,,16,7,9
200303110SEA,RS,SEA,422.0,,16,10,6
200303110SEA,RS,SEA,441.0,,19,10,9
200303110SEA,RS,SEA,461.0,,19,12,7
200303110SEA,RS,SEA,479.0,,21,12,9
200303110SEA,RS,SEA,525.0,,21,15,6
200303110SEA,RS,SEA,549.0,,23,15,8
200303110SEA,RS,SEA,575.0,,25,15,10
200303110SEA,RS,SEA,639.0,,27,15,12
200303110SEA,RS,SEA,709.7,,27,18,9
200303110SEA,RS,SEA,719.9,,30,18,12
200303110SEA,RS,SEA,749.0,,30,20,10
200303110SEA,RS,SEA,749.0,,30,21,9
200303110SEA,RS,SEA,783.0,,32,21,11
200303110SEA,RS,SEA,832.0,,32,23,9
200303110SEA,RS,SEA,848.0,,32,26,6
200303110SEA,RS,SEA,873.0,,33,26,7
200303110SEA,RS,SEA,922.0,,33,29,4
200303110SEA,RS,SEA,934.0,,34,29,5
200303110SEA,RS,SEA,1001.0,,36,29,7
200303110SEA,RS,SEA,1016.0,,36,31,5
200303110SEA,RS,SEA,1061.0,,36,33,3
200303110SEA,RS,SEA,1112.0,,36,34,2
200303110SEA,RS,SEA,1112.0,,36,35,1
200303110SEA,RS,SEA,1129.0,,38,35,3
200303110SEA,RS,SEA,1159.0,,40,35,5
200303110SEA,RS,SEA,1205.0,,40,37,3
200303110SEA,RS,SEA,1239.0,T,40,40,0
200303110SEA,RS,SEA,1283.0,LC,40,42,-2
200303110SEA,RS,SEA,1308.0,,40,43,-3
200303110SEA,RS,SEA,1308.0,,40,44,-4
200303110SEA,RS,SEA,1380.0,,42,44,-2
200303110SEA,RS,SEA,1397.3,,42,46,-4
200303110SEA,RS,SEA,1422.4,,42,48,-6
200303110SEA,RS,SEA,1497.0,,45,48,-3
200303110SEA,RS,SEA,1523.0,,45,50,-5
200303110SEA,RS,SEA,1543.0,,47,50,-3
200303110SEA,RS,SEA,1609.0,,48,50,-2
200303110SEA,RS,SEA,1656.0,,48,52,-4
200303110SEA,RS,SEA,1672.0,,49,52,-3
200303110SEA,RS,SEA,1672.0,,50,52,-2
200303110SEA,RS,SEA,1747.0,LC,53,52,1
200303110SEA,RS,SEA,1818.0,,56,52,4
200303110SEA,RS,SEA,1874.0,,56,54,2
200303110SEA,RS,SEA,1925.0,,57,54,3
200303110SEA,RS,SEA,1934.0,,60,54,6
200303110SEA,RS,SEA,1988.0,,62,54,8
200303110SEA,RS,SEA,2020.0,,62,56,6
200303110SEA,RS,SEA,2083.0,,63,56,7
200303110SEA,RS,SEA,2083.0,,64,56,8
200303110SEA,RS,SEA,2096.0,,64,58,6
200303110SEA,RS,SEA,2096.0,,64,59,5
200303110SEA,RS,SEA,2112.5,,66,59,7
200303110SEA,RS,SEA,2140.4,,69,59,10
200303110SEA,RS,SEA,2186.0,,69,61,8
200303110SEA,RS,SEA,2215.0,,69,63,6
200303110SEA,RS,SEA,2270.0,,69,65,4
200303110SEA,RS,SEA,2293.0,,71,65,6
200303110SEA,RS,SEA,2400.0,,74,65,9
200303110SEA,RS,SEA,2400.0,,75,65,10
200303110SEA,RS,SEA,2495.0,,77,65,12
200303110SEA,RS,SEA,2531.0,,77,67,10
200303110SEA,RS,SEA,2548.0,,78,67,11
200303110SEA,RS,SEA,2548.0,,79,67,12
200303110SEA,RS,SEA,2600.0,,79,68,11
200303110SEA,RS,SEA,2600.0,,79,69,10
200303110SEA,RS,SEA,2652.0,,81,69,12
200303110SEA,RS,SEA,2670.0,,83,69,14
200303110SEA,RS,SEA,2670.0,,84,69,15
200303110SEA,RS,SEA,2707.0,,85,69,16
200303110SEA,RS,SEA,2707.0,,86,69,17
200303110SEA,RS,SEA,2759.0,,86,71,15
200303110SEA,RS,SEA,2759.0,,86,72,14
200303110SEA,RS,SEA,2765.0,,88,72,16
200303110SEA,RS,SEA,2782.0,,88,74,14
200303110SEA,RS,SEA,2782.0,,88,75,13
200303110SEA,RS,SEA,2798.0,,90,75,15
200303110SEA,RS,SEA,2830.7,,92,75,17
200303110SEA,RS,SEA,2869.9,F,92,77,15
200303110SEA,RS,SEA,2880.0,,92,77,15
200303120POR,RS,TOR,0.0,,0,0,0
200303120POR,RS,TOR,34.0,,2,0,2
200303120POR,RS,TOR,99.0,,4,0,4
200303120POR,RS,TOR,127.0,,6,0,6
200303120POR,RS,TOR,141.0,,6,2,4
200303120POR,RS,TOR,166.0,,6,4,2
200303120POR,RS,TOR,190.0,,8,4,4
200303120POR,RS,TOR,209.0,,8,6,2
200303120POR,RS,TOR,241.0,,10,6,4
200303120POR,RS,TOR,266.0,,10,8,2
200303120POR,RS,TOR,280.0,,12,8,4
200303120POR,RS,TOR,302.0,,14,8,6
200303120POR,RS,TOR,323.0,,14,10,4
200303120POR,RS,TOR,337.0,,16,10,6
200303120POR,RS,TOR,354.0,,16,12,4
200303120POR,RS,TOR,369.0,,17,12,5
200303120POR,RS,TOR,384.0,,17,15,2
200303120POR,RS,TOR,439.0,T,17,17,0
200303120POR,RS,TOR,439.0,LC,17,18,-1
200303120POR,RS,TOR,453.0,T,18,18,0
200303120POR,RS,TOR,495.0,LC,20,18,2
200303120POR,RS,TOR,533.0,,22,18,4
200303120POR,RS,TOR,582.0,,23,18,5
200303120POR,RS,TOR,582.0,,24,18,6
200303120POR,RS,TOR,593.0,,24,20,4
200303120POR,RS,TOR,642.0,,24,22,2
200303120POR,RS,TOR,658.0,,25,22,3
200303120POR,RS,TOR,658.0,,26,22,4
200303120POR,RS,TOR,658.0,,27,22,5
200303120POR,RS,TOR,686.3,,27,25,2
200303120POR,RS,TOR,702.3,,28,25,3
200303120POR,RS,TOR,717.6,,28,27,1
200303120POR,RS,TOR,735.0,,30,27,3
200303120POR,RS,TOR,779.0,,33,27,6
200303120POR,RS,TOR,800.0,,33,29,4
200303120POR,RS,TOR,813.0,,35,29,6
200303120POR,RS,TOR,829.0,,35,31,4
200303120POR,RS,TOR,851.0,,37,31,6
200303120POR,RS,TOR,897.0,,39,31,8
200303120POR,RS,TOR,938.0,,41,31,10
200303120POR,RS,TOR,954.0,,41,33,8
200303120POR,RS,TOR,974.0,,43,33,10
200303120POR,RS,TOR,1005.0,,45,33,12
200303120POR,RS,TOR,1044.0,,45,35,10
200303120POR,RS,TOR,1084.0,,47,35,12
200303120POR,RS,TOR,1102.0,,47,37,10
200303120POR,RS,TOR,1120.0,,49,37,12
200303120POR,RS,TOR,1169.0,,49,38,11
200303120POR,RS,TOR,1169.0,,49,39,10
200303120POR,RS,TOR,1192.0,,52,39,13
200303120POR,RS,TOR,1216.0,,54,39,15
200303120POR,RS,TOR,1238.0,,54,40,14
200303120POR,RS,TOR,1238.0,,54,41,13
200303120POR,RS,TOR,1269.0,,54,43,11
200303120POR,RS,TOR,1288.0,,56,43,13
200303120POR,RS,TOR,1317.0,,58,43,15
200303120POR,RS,TOR,1340.0,,58,45,13
200303120POR,RS,TOR,1353.0,,61,45,16
200303120POR,RS,TOR,1376.0,,63,45,18
200303120POR,RS,TOR,1390.4,,63,46,17
200303120POR,RS,TOR,1390.4,,63,47,16
200303120POR,RS,TOR,1419.5,,65,47,18
200303120POR,RS,TOR,1463.0,,67,47,20
200303120POR,RS,TOR,1511.0,,67,49,18
200303120POR,RS,TOR,1532.0,,69,49,20
200303120POR,RS,TOR,1532.0,,70,49,21
200303120POR,RS,TOR,1590.0,,72,49,23
200303120POR,RS,TOR,1618.0,,74,49,25
200303120POR,RS,TOR,1642.0,,74,51,23
200303120POR,RS,TOR,1671.0,,74,53,21
200303120POR,RS,TOR,1693.0,,77,53,24
200303120POR,RS,TOR,1720.0,,77,55,22
200303120POR,RS,TOR,1766.0,,80,55,25
200303120POR,RS,TOR,1791.0,,81,55,26
200303120POR,RS,TOR,1803.0,,81,57,24
200303120POR,RS,TOR,1864.0,,84,57,27
200303120POR,RS,TOR,1908.0,,87,57,30
200303120POR,RS,TOR,1949.0,,89,57,32
200303120POR,RS,TOR,1970.0,,89,59,30
200303120POR,RS,TOR,1992.0,,91,59,32
200303120POR,RS,TOR,2034.0,,93,59,34
200303120POR,RS,TOR,2068.0,,93,61,32
200303120POR,RS,TOR,2094.0,,95,61,34
200303120POR,RS,TOR,2135.2,,97,61,36
200303120POR,RS,TOR,2156.9,,97,63,34
200303120POR,RS,TOR,2167.0,,97,65,32
200303120POR,RS,TOR,2167.0,,97,66,31
200303120POR,RS,TOR,2178.0,,98,66,32
200303120POR,RS,TOR,2197.0,,98,68,30
200303120POR,RS,TOR,2225.0,,100,68,32
200303120POR,RS,TOR,2237.0,,100,70,30
200303120POR,RS,TOR,2280.0,,100,72,28
200303120POR,RS,TOR,2325.0,,102,72,30
200303120POR,RS,TOR,2343.0,,102,74,28
200303120POR,RS,TOR,2359.0,,102,76,26
200303120POR,RS,TOR,2392.0,,102,78,24
200303120POR,RS,TOR,2408.0,,104,78,26
200303120POR,RS,TOR,2420.0,,104,80,24
200303120POR,RS,TOR,2447.0,,104,83,21
200303120POR,RS,TOR,2466.0,,106,83,23
200303120POR,RS,TOR,2466.0,,107,83,24
200303120POR,RS,TOR,2479.0,,107,85,22
200303120POR,RS,TOR,2523.0,,109,85,24
200303120POR,RS,TOR,2524.0,,111,85,26
200303120POR,RS,TOR,2541.0,,111,86,25
200303120POR,RS,TOR,2541.0,,111,87,24
200303120POR,RS,TOR,2559.0,,113,87,26
200303120POR,RS,TOR,2572.0,,113,89,24
200303120POR,RS,TOR,2618.0,,113,91,22
200303120POR,RS,TOR,2637.0,,115,91,24
200303120POR,RS,TOR,2684.0,,115,93,22
200303120POR,RS,TOR,2699.0,,118,93,25
200303120POR,RS,TOR,2740.0,,118,95,23
200303120POR,RS,TOR,2766.0,,119,95,24
200303120POR,RS,TOR,2766.0,,120,95,25
200303120POR,RS,TOR,2805.0,,123,95,28
200303120POR,RS,TOR,2816.0,,123,98,25
200303120POR,RS,TOR,2825.3,,124,98,26
200303120POR,RS,TOR,2825.3,,125,98,27
200303120POR,RS,TOR,2834.3,,125,101,24
200303120POR,RS,TOR,2861.1,F,125,103,22
200303120POR,RS,TOR,2880.0,,125,103,22
200303140PHI,RS,PHI,0.0,,0,0,0
200303140PHI,RS,PHI,69.0,,3,0,3
200303140PHI,RS,PHI,86.0,,3,2,1
200303140PHI,RS,PHI,106.0,LC,3,4,-1
200303140PHI,RS,PHI,142.0,,3,6,-3
200303140PHI,RS,PHI,163.0,T,6,6,0
200303140PHI,RS,PHI,182.0,,6,8,-2
200303140PHI,RS,PHI,200.0,T,8,8,0
200303140PHI,RS,PHI,218.0,,8,10,-2
200303140PHI,RS,PHI,244.0,T,10,10,0
200303140PHI,RS,PHI,284.0,LC,12,10,2
200303140PHI,RS,PHI,310.0,,14,10,4
200303140PHI,RS,PHI,330.0,,14,11,3
200303140PHI,RS,PHI,330.0,,14,12,2
200303140PHI,RS,PHI,372.0,T,14,14,0
200303140PHI,RS,PHI,427.0,,16,14,2
200303140PHI,RS,PHI,450.0,T,16,16,0
200303140PHI,RS,PHI,477.0,LC,16,17,-1
200303140PHI,RS,PHI,477.0,,16,18,-2
200303140PHI,RS,PHI,477.0,,16,19,-3
200303140PHI,RS,PHI,526.0,,18,19,-1
200303140PHI,RS,PHI,549.0,,18,21,-3
200303140PHI,RS,PHI,593.0,,20,21,-1
200303140PHI,RS,PHI,607.0,,20,23,-3
200303140PHI,RS,PHI,676.6,,20,25,-5
200303140PHI,RS,PHI,702.3,,21,25,-4
200303140PHI,RS,PHI,702.3,,22,25,-3
200303140PHI,RS,PHI,719.3,,22,27,-5
200303140PHI,RS,PHI,741.0,,24,27,-3
200303140PHI,RS,PHI,782.0,,24,29,-5
200303140PHI,RS,PHI,813.0,,26,29,-3
200303140PHI,RS,PHI,882.0,,26,31,-5
200303140PHI,RS,PHI,899.0,,28,31,-3
200303140PHI,RS,PHI,990.0,,28,32,-4
200303140PHI,RS,PHI,1011.0,,28,34,-6
200303140PHI,RS,PHI,1040.0,,28,36,-8
200303140PHI,RS,PHI,1055.0,,30,36,-6
200303140PHI,RS,PHI,1072.0,,30,38,-8
200303140PHI,RS,PHI,1118.0,,32,38,-6
200303140PHI,RS,PHI,1178.0,,32,40,-8
200303140PHI,RS,PHI,1240.0,,34,40,-6
200303140PHI,RS,PHI,1256.0,,34,42,-8
200303140PHI,RS,PHI,1307.0,,35,42,-7
200303140PHI,RS,PHI,1307.0,,36,42,-6
200303140PHI,RS,PHI,1354.0,,36,44,-8
200303140PHI,RS,PHI,1375.0,,38,44,-6
200303140PHI,RS,PHI,1392.4,,38,46,-8
200303140PHI,RS,PHI,1392.4,,38,47,-9
200303140PHI,RS,PHI,1401.8,,38,48,-10
200303140PHI,RS,PHI,1438.4,,41,48,-7
200303140PHI,RS,PHI,1458.0,,43,48,-5
200303140PHI,RS,PHI,1480.0,,43,50,-7
200303140PHI,RS,PHI,1500.0,,45,50,-5
200303140PHI,RS,PHI,1521.0,,45,52,-7
200303140PHI,RS,PHI,1605.0,,47,52,-5
200303140PHI,RS,PHI,1620.0,,47,54,-7
200303140PHI,RS,PHI,1676.0,,47,56,-9
200303140PHI,RS,PHI,1729.0,,48,56,-8
200303140PHI,RS,PHI,1729.0,,49,56,-7
200303140PHI,RS,PHI,1791.0,,50,56,-6
200303140PHI,RS,PHI,1812.0,,52,56,-4
200303140PHI,RS,PHI,1895.0,,52,58,-6
200303140PHI,RS,PHI,1920.0,,54,58,-4
200303140PHI,RS,PHI,1953.0,,55,58,-3
200303140PHI,RS,PHI,1953.0,,56,58,-2
200303140PHI,RS,PHI,1967.0,,56,60,-4
200303140PHI,RS,PHI,1985.0,,58,60,-2
200303140PHI,RS,PHI,2085.0,,58,62,-4
200303140PHI,RS,PHI,2105.4,,61,62,-1
200303140PHI,RS,PHI,2114.8,,61,64,-3
200303140PHI,RS,PHI,2179.0,,61,65,-4
200303140PHI,RS,PHI,2179.0,,61,66,-5
200303140PHI,RS,PHI,2225.0,,61,67,-6
200303140PHI,RS,PHI,2244.0,,63,67,-4
200303140PHI,RS,PHI,2257.0,,63,69,-6
200303140PHI,RS,PHI,2284.0,,63,71,-8
200303140PHI,RS,PHI,2304.0,,63,73,-10
200303140PHI,RS,PHI,2331.0,,65,73,-8
200303140PHI,RS,PHI,2345.0,,65,75,-10
200303140PHI,RS,PHI,2396.0,,66,75,-9
200303140PHI,RS,PHI,2396.0,,67,75,-8
200303140PHI,RS,PHI,2422.0,,69,75,-6
200303140PHI,RS,PHI,2477.0,,69,77,-8
200303140PHI,RS,PHI,2493.0,,71,77,-6
200303140PHI,RS,PHI,2589.0,,71,79,-8
200303140PHI,RS,PHI,2627.0,,71,81,-10
200303140PHI,RS,PHI,2643.0,,72,81,-9
200303140PHI,RS,PHI,2643.0,,73,81,-8
200303140PHI,RS,PHI,2674.0,,73,83,-10
200303140PHI,RS,PHI,2684.0,,75,83,-8
200303140PHI,RS,PHI,2701.0,,75,84,-9
200303140PHI,RS,PHI,2701.0,,75,85,-10
200303140PHI,RS,PHI,2777.0,,75,87,-12
200303140PHI,RS,PHI,2777.0,,75,88,-13
200303140PHI,RS,PHI,2792.0,,77,88,-11
200303140PHI,RS,PHI,2802.0,,77,89,-12
200303140PHI,RS,PHI,2802.0,,77,90,-13
200303140PHI,RS,PHI,2833.4,F,79,90,-11
200303140PHI,RS,PHI,2880.0,,79,90,-11
200303160MIN,RS,MIN,0.0,,0,0,0
200303160MIN,RS,MIN,23.0,,0,2,-2
200303160MIN,RS,MIN,45.0,T,2,2,0
200303160MIN,RS,MIN,75.0,LC,4,2,2
200303160MIN,RS,MIN,108.0,LC,4,5,-1
200303160MIN,RS,MIN,157.0,LC,6,5,1
200303160MIN,RS,MIN,187.0,,8,5,3
200303160MIN,RS,MIN,247.0,,8,7,1
200303160MIN,RS,MIN,270.0,,10,7,3
200303160MIN,RS,MIN,293.0,,10,9,1
200303160MIN,RS,MIN,313.0,,11,9,2
200303160MIN,RS,MIN,380.0,,13,9,4
200303160MIN,RS,MIN,417.0,,13,11,2
200303160MIN,RS,MIN,442.0,T,13,13,0
200303160MIN,RS,MIN,456.0,,15,13,2
200303160MIN,RS,MIN,477.0,T,15,15,0
200303160MIN,RS,MIN,494.0,,16,15,1
200303160MIN,RS,MIN,544.0,,18,15,3
200303160MIN,RS,MIN,560.0,,18,17,1
200303160MIN,RS,MIN,583.0,,20,17,3
200303160MIN,RS,MIN,600.0,,20,19,1
200303160MIN,RS,MIN,618.0,LC,20,21,-1
200303160MIN,RS,MIN,629.0,T,21,21,0
200303160MIN,RS,MIN,629.0,LC,22,21,1
200303160MIN,RS,MIN,648.0,,24,21,3
200303160MIN,RS,MIN,698.9,,24,23,1
200303160MIN,RS,MIN,717.1,,26,23,3
200303160MIN,RS,MIN,746.0,,27,23,4
200303160MIN,RS,MIN,801.0,,27,25,2
200303160MIN,RS,MIN,840.0,T,27,27,0
200303160MIN,RS,MIN,869.0,LC,27,28,-1
200303160MIN,RS,MIN,884.0,T,28,28,0
200303160MIN,RS,MIN,913.0,LC,30,28,2
200303160MIN,RS,MIN,935.0,,32,28,4
200303160MIN,RS,MIN,950.0,,32,30,2
200303160MIN,RS,MIN,982.0,T,32,32,0
200303160MIN,RS,MIN,998.0,,34,32,2
200303160MIN,RS,MIN,1019.0,,36,32,4
200303160MIN,RS,MIN,1046.0,,36,34,2
200303160MIN,RS,MIN,1139.0,T,36,36,0
200303160MIN,RS,MIN,1182.0,,38,36,2
200303160MIN,RS,MIN,1206.0,T,38,38,0
200303160MIN,RS,MIN,1222.0,,40,38,2
200303160MIN,RS,MIN,1241.0,T,40,40,0
200303160MIN,RS,MIN,1262.0,LC,40,41,-1
200303160MIN,RS,MIN,1262.0,,40,42,-2
200303160MIN,RS,MIN,1318.0,T,42,42,0
200303160MIN,RS,MIN,1338.0,,42,44,-2
200303160MIN,RS,MIN,1363.0,,42,46,-4
200303160MIN,RS,MIN,1383.2,,43,46,-3
200303160MIN,RS,MIN,1383.2,,44,46,-2
200303160MIN,RS,MIN,1399.1,,44,48,-4
200303160MIN,RS,MIN,1463.0,,46,48,-2
200303160MIN,RS,MIN,1481.0,,46,50,-4
200303160MIN,RS,MIN,1511.0,,48,50,-2
200303160MIN,RS,MIN,1524.0,,48,52,-4
200303160MIN,RS,MIN,1578.0,,48,55,-7
200303160MIN,RS,MIN,1608.0,,48,57,-9
200303160MIN,RS,MIN,1627.0,,49,57,-8
200303160MIN,RS,MIN,1650.0,,51,57,-6
200303160MIN,RS,MIN,1662.0,,51,60,-9
200303160MIN,RS,MIN,1692.0,,51,62,-11
200303160MIN,RS,MIN,1692.0,,51,63,-12
200303160MIN,RS,MIN,1702.0,,52,63,-11
200303160MIN,RS,MIN,1702.0,,53,63,-10
200303160MIN,RS,MIN,1772.0,,55,63,-8
200303160MIN,RS,MIN,1805.0,,58,63,-5
200303160MIN,RS,MIN,1880.0,,58,65,-7
200303160MIN,RS,MIN,1894.0,,61,65,-4
200303160MIN,RS,MIN,1942.0,,61,67,-6
200303160MIN,RS,MIN,1981.0,,63,67,-4
200303160MIN,RS,MIN,1995.0,,63,69,-6
200303160MIN,RS,MIN,2024.0,,63,71,-8
200303160MIN,RS,MIN,2042.0,,65,71,-6
200303160MIN,RS,MIN,2075.0,,65,74,-9
200303160MIN,RS,MIN,2153.5,,67,74,-7
200303160MIN,RS,MIN,2184.0,,67,76,-9
200303160MIN,RS,MIN,2233.0,,67,79,-12
200303160MIN,RS,MIN,2290.0,,67,81,-14
200303160MIN,RS,MIN,2311.0,,69,81,-12
200303160MIN,RS,MIN,2358.0,,71,81,-10
200303160MIN,RS,MIN,2383.0,,71,84,-13
200303160MIN,RS,MIN,2401.0,,73,84,-11
200303160MIN,RS,MIN,2403.0,,73,85,-12
200303160MIN,RS,MIN,2421.0,,73,87,-14
200303160MIN,RS,MIN,2457.0,,73,88,-15
200303160MIN,RS,MIN,2457.0,,73,89,-16
200303160MIN,RS,MIN,2474.0,,75,89,-14
200303160MIN,RS,MIN,2498.0,,75,92,-17
200303160MIN,RS,MIN,2515.0,,75,95,-20
200303160MIN,RS,MIN,2525.0,,77,95,-18
200303160MIN,RS,MIN,2546.0,,77,96,-19
200303160MIN,RS,MIN,2546.0,,77,97,-20
200303160MIN,RS,MIN,2563.0,,78,97,-19
200303160MIN,RS,MIN,2576.0,,78,100,-22
200303160MIN,RS,MIN,2599.0,,79,100,-21
200303160MIN,RS,MIN,2622.0,,79,101,-22
200303160MIN,RS,MIN,2622.0,,79,102,-23
200303160MIN,RS,MIN,2668.0,,81,102,-21
200303160MIN,RS,MIN,2682.0,,81,105,-24
200303160MIN,RS,MIN,2698.0,,83,105,-22
200303160MIN,RS,MIN,2729.0,,86,105,-19
200303160MIN,RS,MIN,2759.0,,88,105,-17
200303160MIN,RS,MIN,2759.0,,89,105,-16
200303160MIN,RS,MIN,2767.0,,89,106,-17
200303160MIN,RS,MIN,2767.0,,89,107,-18
200303160MIN,RS,MIN,2775.0,,91,107,-16
200303160MIN,RS,MIN,2780.0,,91,108,-17
200303160MIN,RS,MIN,2780.0,,91,109,-18
200303160MIN,RS,MIN,2789.0,,93,109,-16
200303160MIN,RS,MIN,2807.0,,93,111,-18
200303160MIN,RS,MIN,2820.8,F,95,111,-16
200303160MIN,RS,MIN,2880.0,,95,111,-16
200303170IND,RS,IND,0.0,,0,0,0
200303170IND,RS,IND,7.0,,1,0,1
200303170IND,RS,IND,24.0,,3,0,3
200303170IND,RS,IND,48.0,,3,2,1
200303170IND,RS,IND,71.0,LC,3,5,-2
200303170IND,RS,IND,151.0,T,5,5,0
200303170IND,RS,IND,191.0,LC,7,5,2
200303170IND,RS,IND,228.0,,9,5,4
200303170IND,RS,IND,260.0,,11,5,6
200303170IND,RS,IND,287.0,,13,5,8
200303170IND,RS,IND,334.0,,13,7,6
200303170IND,RS,IND,372.0,,15,7,8
200303170IND,RS,IND,413.0,,17,7,10
200303170IND,RS,IND,493.0,,17,9,8
200303170IND,RS,IND,511.0,,18,9,9
200303170IND,RS,IND,511.0,,19,9,10
200303170IND,RS,IND,584.0,,20,9,11
200303170IND,RS,IND,584.0,,21,9,12
200303170IND,RS,IND,603.0,,21,11,10
200303170IND,RS,IND,670.1,,21,13,8
200303170IND,RS,IND,688.7,,23,13,10
200303170IND,RS,IND,707.8,,23,15,8
200303170IND,RS,IND,719.4,,25,15,10
200303170IND,RS,IND,745.0,,27,15,12
200303170IND,RS,IND,775.0,,27,17,10
200303170IND,RS,IND,809.0,,29,17,12
200303170IND,RS,IND,850.0,,31,17,14
200303170IND,RS,IND,870.0,,31,19,12
200303170IND,RS,IND,928.0,,31,21,10
200303170IND,RS,IND,946.0,,33,21,12
200303170IND,RS,IND,964.0,,33,23,10
200303170IND,RS,IND,985.0,,35,23,12
200303170IND,RS,IND,1021.0,,37,23,14
200303170IND,RS,IND,1052.0,,39,23,16
200303170IND,RS,IND,1109.0,,39,25,14
200303170IND,RS,IND,1109.0,,39,26,13
200303170IND,RS,IND,1139.0,,39,28,11
200303170IND,RS,IND,1162.0,,40,28,12
200303170IND,RS,IND,1190.0,,42,28,14
200303170IND,RS,IND,1233.0,,45,28,17
200303170IND,RS,IND,1258.0,,45,30,15
200303170IND,RS,IND,1282.0,,47,30,17
200303170IND,RS,IND,1302.0,,47,32,15
200303170IND,RS,IND,1328.0,,49,32,17
200303170IND,RS,IND,1347.0,,49,33,16
200303170IND,RS,IND,1347.0,,49,34,15
200303170IND,RS,IND,1383.9,,51,34,17
200303170IND,RS,IND,1405.8,,51,36,15
200303170IND,RS,IND,1431.5,,51,38,13
200303170IND,RS,IND,1431.5,,51,39,12
200303170IND,RS,IND,1440.0,,53,39,14
200303170IND,RS,IND,1478.0,,53,41,12
200303170IND,RS,IND,1487.0,,54,41,13
200303170IND,RS,IND,1500.0,,54,42,12
200303170IND,RS,IND,1521.0,,54,44,10
200303170IND,RS,IND,1534.0,,55,44,11
200303170IND,RS,IND,1534.0,,56,44,12
200303170IND,RS,IND,1560.0,,57,44,13
200303170IND,RS,IND,1577.0,,57,46,11
200303170IND,RS,IND,1628.0,,57,47,10
200303170IND,RS,IND,1628.0,,57,48,9
200303170IND,RS,IND,1787.0,,57,50,7
200303170IND,RS,IND,1812.0,,58,50,8
200303170IND,RS,IND,1812.0,,59,50,9
200303170IND,RS,IND,1878.0,,59,52,7
200303170IND,RS,IND,1916.0,,61,52,9
200303170IND,RS,IND,1936.0,,61,53,8
200303170IND,RS,IND,1941.0,,62,53,9
200303170IND,RS,IND,1941.0,,63,53,10
200303170IND,RS,IND,2002.0,,65,53,12
200303170IND,RS,IND,2057.0,,65,55,10
200303170IND,RS,IND,2094.0,,67,55,12
200303170IND,RS,IND,2108.6,,67,56,11
200303170IND,RS,IND,2138.2,,67,58,9
200303170IND,RS,IND,2172.0,,67,60,7
200303170IND,RS,IND,2172.0,,67,61,6
200303170IND,RS,IND,2189.0,,69,61,8
200303170IND,RS,IND,2207.0,,69,63,6
200303170IND,RS,IND,2229.0,,69,65,4
200303170IND,RS,IND,2259.0,,69,67,2
200303170IND,RS,IND,2307.0,LC,69,70,-1
200303170IND,RS,IND,2330.0,LC,71,70,1
200303170IND,RS,IND,2392.0,,72,70,2
200303170IND,RS,IND,2429.0,T,72,72,0
200303170IND,RS,IND,2453.0,,75,72,3
200303170IND,RS,IND,2510.0,,75,74,1
200303170IND,RS,IND,2536.0,,77,74,3
200303170IND,RS,IND,2536.0,,78,74,4
200303170IND,RS,IND,2597.0,,80,74,6
200303170IND,RS,IND,2630.0,,82,74,8
200303170IND,RS,IND,2683.0,,82,75,7
200303170IND,RS,IND,2683.0,,82,76,6
200303170IND,RS,IND,2709.0,,84,76,8
200303170IND,RS,IND,2738.0,,85,76,9
200303170IND,RS,IND,2766.0,,85,78,7
200303170IND,RS,IND,2785.0,,87,78,9
200303170IND,RS,IND,2797.0,,87,80,7
200303170IND,RS,IND,2822.2,,88,80,8
200303170IND,RS,IND,2822.2,,89,80,9
200303170IND,RS,IND,2829.5,,89,83,6
200303170IND,RS,IND,2833.4,,90,83,7
200303170IND,RS,IND,2833.4,,91,83,8
200303170IND,RS,IND,2844.3,,91,85,6
200303170IND,RS,IND,2846.2,,92,85,7
200303170IND,RS,IND,2846.2,,93,85,8
200303170IND,RS,IND,2873.6,,94,85,9
200303170IND,RS,IND,2873.6,,95,85,10
200303170IND,RS,IND,2880.0,,95,88,7
200303170IND,RS,IND,2880.0,F,95,88,7
200303190POR,RS,HOU,0.0,,0,0,0
200303190POR,RS,HOU,33.0,,2,0,2
200303190POR,RS,HOU,132.0,,5,0,5
200303190POR,RS,HOU,160.0,,5,2,3
200303190POR,RS,HOU,191.0,,7,2,5
200303190POR,RS,HOU,257.0,,7,4,3
200303190POR,RS,HOU,267.0,,9,4,5
200303190POR,RS,HOU,285.0,,9,5,4
200303190POR,RS,HOU,308.0,,11,5,6
200303190POR,RS,HOU,336.0,,13,5,8
200303190POR,RS,HOU,387.0,,13,7,6
200303190POR,RS,HOU,402.0,,14,7,7
200303190POR,RS,HOU,402.0,,15,7,8
200303190POR,RS,HOU,455.0,,17,7,10
200303190POR,RS,HOU,481.0,,17,9,8
200303190POR,RS,HOU,519.0,,17,11,6
200303190POR,RS,HOU,519.0,,17,12,5
200303190POR,RS,HOU,541.0,,19,12,7
200303190POR,RS,HOU,573.0,,20,12,8
200303190POR,RS,HOU,573.0,,21,12,9
200303190POR,RS,HOU,595.0,,23,12,11
200303190POR,RS,HOU,622.0,,23,14,9
200303190POR,RS,HOU,660.3,,25,14,11
200303190POR,RS,HOU,754.0,,25,16,9
200303190POR,RS,HOU,774.0,,27,16,11
200303190POR,RS,HOU,811.0,,29,16,13
200303190POR,RS,HOU,876.0,,29,19,10
200303190POR,RS,HOU,898.0,,31,19,12
200303190POR,RS,HOU,914.0,,31,21,10
200303190POR,RS,HOU,936.0,,33,21,12
200303190POR,RS,HOU,969.0,,34,21,13
200303190POR,RS,HOU,969.0,,35,21,14
200303190POR,RS,HOU,989.0,,35,23,12
200303190POR,RS,HOU,1008.0,,37,23,14
200303190POR,RS,HOU,1034.0,,37,25,12
200303190POR,RS,HOU,1119.0,,37,27,10
200303190POR,RS,HOU,1132.0,,37,29,8
200303190POR,RS,HOU,1191.0,,39,29,10
200303190POR,RS,HOU,1208.0,,39,31,8
200303190POR,RS,HOU,1228.0,,40,31,9
200303190POR,RS,HOU,1305.0,,40,33,7
200303190POR,RS,HOU,1364.0,,40,34,6
200303190POR,RS,HOU,1375.0,,41,34,7
200303190POR,RS,HOU,1417.8,,41,37,4
200303190POR,RS,HOU,1436.8,,43,37,6
200303190POR,RS,HOU,1476.0,,46,37,9
200303190POR,RS,HOU,1523.0,,46,39,7
200303190POR,RS,HOU,1550.0,,49,39,10
200303190POR,RS,HOU,1597.0,,49,41,8
200303190POR,RS,HOU,1611.0,,51,41,10
200303190POR,RS,HOU,1631.0,,51,43,8
200303190POR,RS,HOU,1664.0,,51,45,6
200303190POR,RS,HOU,1693.0,,52,45,7
200303190POR,RS,HOU,1721.0,,52,47,5
200303190POR,RS,HOU,1741.0,,54,47,7
200303190POR,RS,HOU,1763.0,,54,50,4
200303190POR,RS,HOU,1812.0,,54,52,2
200303190POR,RS,HOU,1833.0,,56,52,4
200303190POR,RS,HOU,1850.0,,56,54,2
200303190POR,RS,HOU,1871.0,,59,54,5
200303190POR,RS,HOU,1891.0,,59,56,3
200303190POR,RS,HOU,1913.0,,61,56,5
200303190POR,RS,HOU,1931.0,,61,59,2
200303190POR,RS,HOU,1977.0,T,61,61,0
200303190POR,RS,HOU,1977.0,LC,61,62,-1
200303190POR,RS,HOU,1991.0,LC,63,62,1
200303190POR,RS,HOU,2017.0,,65,62,3
200303190POR,RS,HOU,2067.0,,67,62,5
200303190POR,RS,HOU,2086.0,,67,64,3
200303190POR,RS,HOU,2116.0,,69,64,5
200303190POR,RS,HOU,2138.6,,69,66,3
200303190POR,RS,HOU,2159.9,,72,66,6
200303190POR,RS,HOU,2181.0,,72,67,5
200303190POR,RS,HOU,2181.0,,72,68,4
200303190POR,RS,HOU,2197.0,,74,68,6
200303190POR,RS,HOU,2236.0,,76,68,8
200303190POR,RS,HOU,2300.0,,76,70,6
200303190POR,RS,HOU,2357.0,,79,70,9
200303190POR,RS,HOU,2413.0,,79,72,7
200303190POR,RS,HOU,2437.0,,81,72,9
200303190POR,RS,HOU,2483.0,,81,73,8
200303190POR,RS,HOU,2503.0,,83,73,10
200303190POR,RS,HOU,2564.0,,83,75,8
200303190POR,RS,HOU,2585.0,,85,75,10
200303190POR,RS,HOU,2604.0,,85,76,9
200303190POR,RS,HOU,2648.0,,87,76,11
200303190POR,RS,HOU,2721.0,,89,76,13
200303190POR,RS,HOU,2744.0,,89,78,11
200303190POR,RS,HOU,2783.0,,89,79,10
200303190POR,RS,HOU,2798.0,,91,79,12
200303190POR,RS,HOU,2798.0,,92,79,13
200303190POR,RS,HOU,2830.2,,92,81,11
200303190POR,RS,HOU,2844.7,,94,81,13
200303190POR,RS,HOU,2860.3,F,94,83,11
200303190POR,RS,HOU,2880.0,,94,83,11
200303220POR,RS,SAC,0.0,,0,0,0
200303220POR,RS,SAC,14.0,,2,0,2
200303220POR,RS,SAC,24.0,T,2,2,0
200303220POR,RS,SAC,40.0,,4,2,2
200303220POR,RS,SAC,59.0,T,4,4,0
200303220POR,RS,SAC,59.0,LC,4,5,-1
200303220POR,RS,SAC,73.0,T,5,5,0
200303220POR,RS,SAC,73.0,LC,6,5,1
200303220POR,RS,SAC,87.0,LC,6,7,-1
200303220POR,RS,SAC,101.0,LC,8,7,1
200303220POR,RS,SAC,113.0,LC,8,9,-1
200303220POR,RS,SAC,120.0,LC,10,9,1
200303220POR,RS,SAC,120.0,,11,9,2
200303220POR,RS,SAC,129.0,T,11,11,0
200303220POR,RS,SAC,154.0,LC,11,13,-2
200303220POR,RS,SAC,195.0,T,13,13,0
200303220POR,RS,SAC,211.0,,13,15,-2
200303220POR,RS,SAC,229.0,LC,16,15,1
200303220POR,RS,SAC,276.0,LC,16,17,-1
200303220POR,RS,SAC,294.0,LC,19,17,2
200303220POR,RS,SAC,318.0,,21,17,4
200303220POR,RS,SAC,356.0,,23,17,6
200303220POR,RS,SAC,372.0,,23,18,5
200303220POR,RS,SAC,372.0,,23,19,4
200303220POR,RS,SAC,443.0,,25,19,6
200303220POR,RS,SAC,505.0,,27,19,8
200303220POR,RS,SAC,629.0,,27,21,6
200303220POR,RS,SAC,657.0,,29,21,8
200303220POR,RS,SAC,663.4,,31,21,10
200303220POR,RS,SAC,780.0,,33,21,12
200303220POR,RS,SAC,792.0,,33,23,10
200303220POR,RS,SAC,853.0,,35,23,12
200303220POR,RS,SAC,875.0,,35,25,10
200303220POR,RS,SAC,902.0,,37,25,12
200303220POR,RS,SAC,902.0,,38,25,13
200303220POR,RS,SAC,911.0,,38,28,10
200303220POR,RS,SAC,935.0,,40,28,12
200303220POR,RS,SAC,1013.0,,40,30,10
200303220POR,RS,SAC,1054.0,,40,32,8
200303220POR,RS,SAC,1100.0,,40,35,5
200303220POR,RS,SAC,1138.0,,42,35,7
200303220POR,RS,SAC,1151.0,,42,37,5
200303220POR,RS,SAC,1168.0,,44,37,7
200303220POR,RS,SAC,1219.0,,44,39,5
200303220POR,RS,SAC,1241.0,,44,41,3
200303220POR,RS,SAC,1262.0,,47,41,6
200303220POR,RS,SAC,1288.0,,49,41,8
200303220POR,RS,SAC,1299.0,,49,43,6
200303220POR,RS,SAC,1316.0,,51,43,8
200303220POR,RS,SAC,1329.0,,51,45,6
200303220POR,RS,SAC,1367.0,,53,45,8
200303220POR,RS,SAC,1376.0,,53,46,7
200303220POR,RS,SAC,1376.0,,53,47,6
200303220POR,RS,SAC,1408.6,,53,49,4
200303220POR,RS,SAC,1462.0,,53,52,1
200303220POR,RS,SAC,1496.0,LC,53,54,-1
200303220POR,RS,SAC,1496.0,,53,55,-2
200303220POR,RS,SAC,1523.0,,53,57,-4
200303220POR,RS,SAC,1568.0,,53,60,-7
200303220POR,RS,SAC,1610.0,,55,60,-5
200303220POR,RS,SAC,1629.0,,55,62,-7
200303220POR,RS,SAC,1646.0,,58,62,-4
200303220POR,RS,SAC,1666.0,,60,62,-2
200303220POR,RS,SAC,1681.0,,60,64,-4
200303220POR,RS,SAC,1687.0,,60,66,-6
200303220POR,RS,SAC,1704.0,,63,66,-3
200303220POR,RS,SAC,1752.0,,65,66,-1
200303220POR,RS,SAC,1766.0,,65,68,-3
200303220POR,RS,SAC,1797.0,,65,70,-5
200303220POR,RS,SAC,1838.0,,65,72,-7
200303220POR,RS,SAC,1862.0,,67,72,-5
200303220POR,RS,SAC,1885.0,,67,74,-7
200303220POR,RS,SAC,1910.0,,67,77,-10
200303220POR,RS,SAC,1937.0,,67,80,-13
200303220POR,RS,SAC,1964.0,,69,80,-11
200303220POR,RS,SAC,2019.0,,69,82,-13
200303220POR,RS,SAC,2036.0,,70,82,-12
200303220POR,RS,SAC,2036.0,,71,82,-11
200303220POR,RS,SAC,2053.0,,71,84,-13
200303220POR,RS,SAC,2081.0,,72,84,-12
200303220POR,RS,SAC,2081.0,,73,84,-11
200303220POR,RS,SAC,2092.0,,73,86,-13
200303220POR,RS,SAC,2141.3,,73,88,-15
200303220POR,RS,SAC,2151.9,,74,88,-14
200303220POR,RS,SAC,2151.9,,75,88,-13
200303220POR,RS,SAC,2158.6,,75,91,-16
200303220POR,RS,SAC,2185.0,,77,91,-14
200303220POR,RS,SAC,2222.0,,80,91,-11
200303220POR,RS,SAC,2254.0,,81,91,-10
200303220POR,RS,SAC,2254.0,,82,91,-9
200303220POR,RS,SAC,2273.0,,82,92,-10
200303220POR,RS,SAC,2273.0,,82,93,-11
200303220POR,RS,SAC,2284.0,,84,93,-9
200303220POR,RS,SAC,2297.0,,84,95,-11
200303220POR,RS,SAC,2316.0,,86,95,-9
200303220POR,RS,SAC,2327.0,,86,96,-10
200303220POR,RS,SAC,2360.0,,86,98,-12
200303220POR,RS,SAC,2360.0,,86,99,-13
200303220POR,RS,SAC,2377.0,,88,99,-11
200303220POR,RS,SAC,2447.0,,90,99,-9
200303220POR,RS,SAC,2470.0,,90,101,-11
200303220POR,RS,SAC,2492.0,,91,101,-10
200303220POR,RS,SAC,2518.0,,93,101,-8
200303220POR,RS,SAC,2562.0,,95,101,-6
200303220POR,RS,SAC,2628.0,,95,103,-8
200303220POR,RS,SAC,2689.0,,95,104,-9
200303220POR,RS,SAC,2689.0,,95,105,-10
200303220POR,RS,SAC,2704.0,,96,105,-9
200303220POR,RS,SAC,2704.0,,97,105,-8
200303220POR,RS,SAC,2739.0,,98,105,-7
200303220POR,RS,SAC,2739.0,,99,105,-6
200303220POR,RS,SAC,2798.0,,99,107,-8
200303220POR,RS,SAC,2832.2,,99,109,-10
200303220POR,RS,SAC,2837.3,,102,109,-7
200303220POR,RS,SAC,2838.3,,102,110,-8
200303220POR,RS,SAC,2838.3,,102,111,-9
200303220POR,RS,SAC,2852.4,,102,113,-11
200303220POR,RS,SAC,2859.5,F,104,113,-9
200303220POR,RS,SAC,2880.0,,104,113,-9
200303250POR,RS,WAS,0.0,,0,0,0
200303250POR,RS,WAS,105.0,,0,2,-2
200303250POR,RS,WAS,138.0,,0,4,-4
200303250POR,RS,WAS,165.0,,2,4,-2
200303250POR,RS,WAS,185.0,,2,6,-4
200303250POR,RS,WAS,248.0,,3,6,-3
200303250POR,RS,WAS,279.0,,5,6,-1
200303250POR,RS,WAS,293.0,,5,8,-3
200303250POR,RS,WAS,324.0,,5,10,-5
200303250POR,RS,WAS,360.0,,5,13,-8
200303250POR,RS,WAS,392.0,,5,15,-10
200303250POR,RS,WAS,410.0,,7,15,-8
200303250POR,RS,WAS,410.0,,8,15,-7
200303250POR,RS,WAS,426.0,,8,17,-9
200303250POR,RS,WAS,460.0,,8,19,-11
200303250POR,RS,WAS,500.0,,11,19,-8
200303250POR,RS,WAS,522.0,,11,21,-10
200303250POR,RS,WAS,541.0,,13,21,-8
200303250POR,RS,WAS,611.0,,15,21,-6
200303250POR,RS,WAS,637.0,,15,23,-8
200303250POR,RS,WAS,753.0,,17,23,-6
200303250POR,RS,WAS,780.0,,19,23,-4
200303250POR,RS,WAS,805.0,,19,26,-7
200303250POR,RS,WAS,816.0,,21,26,-5
200303250POR,RS,WAS,833.0,,21,28,-7
200303250POR,RS,WAS,847.0,,23,28,-5
200303250POR,RS,WAS,876.0,,25,28,-3
200303250POR,RS,WAS,898.0,,25,30,-5
200303250POR,RS,WAS,920.0,,27,30,-3
200303250POR,RS,WAS,935.0,,27,31,-4
200303250POR,RS,WAS,935.0,,27,32,-5
200303250POR,RS,WAS,956.0,,27,34,-7
200303250POR,RS,WAS,978.0,,29,34,-5
200303250POR,RS,WAS,1000.0,,29,37,-8
200303250POR,RS,WAS,1040.0,,31,37,-6
200303250POR,RS,WAS,1118.0,,33,37,-4
200303250POR,RS,WAS,1190.0,,33,39,-6
200303250POR,RS,WAS,1232.0,,33,41,-8
200303250POR,RS,WAS,1248.0,,35,41,-6
200303250POR,RS,WAS,1267.0,,35,43,-8
200303250POR,RS,WAS,1327.0,,37,43,-6
200303250POR,RS,WAS,1352.0,,37,45,-8
200303250POR,RS,WAS,1396.5,,39,45,-6
200303250POR,RS,WAS,1432.2,,39,47,-8
200303250POR,RS,WAS,1460.0,,39,49,-10
200303250POR,RS,WAS,1501.0,,42,49,-7
200303250POR,RS,WAS,1530.0,,42,51,-9
200303250POR,RS,WAS,1546.0,,44,51,-7
200303250POR,RS,WAS,1573.0,,44,53,-9
200303250POR,RS,WAS,1627.0,,44,55,-11
200303250POR,RS,WAS,1639.0,,46,55,-9
200303250POR,RS,WAS,1657.0,,46,57,-11
200303250POR,RS,WAS,1686.0,,46,59,-13
200303250POR,RS,WAS,1706.0,,49,59,-10
200303250POR,RS,WAS,1744.0,,49,61,-12
200303250POR,RS,WAS,1791.0,,51,61,-10
200303250POR,RS,WAS,1820.0,,51,63,-12
200303250POR,RS,WAS,1840.0,,53,63,-10
200303250POR,RS,WAS,1910.0,,53,65,-12
200303250POR,RS,WAS,1935.0,,55,65,-10
200303250POR,RS,WAS,1986.0,,55,66,-11
200303250POR,RS,WAS,1986.0,,55,67,-12
200303250POR,RS,WAS,2026.0,,57,67,-10
200303250POR,RS,WAS,2052.0,,57,69,-12
200303250POR,RS,WAS,2067.0,,58,69,-11
200303250POR,RS,WAS,2082.0,,58,71,-13
200303250POR,RS,WAS,2101.3,,60,71,-11
200303250POR,RS,WAS,2158.8,,61,71,-10
200303250POR,RS,WAS,2158.8,,62,71,-9
200303250POR,RS,WAS,2194.0,,62,72,-10
200303250POR,RS,WAS,2194.0,,62,73,-11
200303250POR,RS,WAS,2216.0,,64,73,-9
200303250POR,RS,WAS,2241.0,,64,75,-11
200303250POR,RS,WAS,2278.0,,66,75,-9
200303250POR,RS,WAS,2308.0,,68,75,-7
200303250POR,RS,WAS,2353.0,,70,75,-5
200303250POR,RS,WAS,2371.0,,70,77,-7
200303250POR,RS,WAS,2396.0,,71,77,-6
200303250POR,RS,WAS,2424.0,,73,77,-4
200303250POR,RS,WAS,2477.0,,73,79,-6
200303250POR,RS,WAS,2514.0,,75,79,-4
200303250POR,RS,WAS,2542.0,,77,79,-2
200303250POR,RS,WAS,2569.0,,77,80,-3
200303250POR,RS,WAS,2586.0,,78,80,-2
200303250POR,RS,WAS,2598.0,,78,82,-4
200303250POR,RS,WAS,2643.0,,79,82,-3
200303250POR,RS,WAS,2643.0,,80,82,-2
200303250POR,RS,WAS,2658.0,,80,84,-4
200303250POR,RS,WAS,2678.0,,80,86,-6
200303250POR,RS,WAS,2724.0,,82,86,-4
200303250POR,RS,WAS,2746.0,,82,88,-6
200303250POR,RS,WAS,2764.0,,83,88,-5
200303250POR,RS,WAS,2764.0,,84,88,-4
200303250POR,RS,WAS,2790.0,,85,88,-3
200303250POR,RS,WAS,2813.0,,85,90,-5
200303250POR,RS,WAS,2817.0,,87,90,-3
200303250POR,RS,WAS,2836.2,,87,92,-5
200303250POR,RS,WAS,2850.1,,87,93,-6
200303250POR,RS,WAS,2850.1,,87,94,-7
200303250POR,RS,WAS,2867.3,,88,94,-6
200303250POR,RS,WAS,2869.7,,88,95,-7
200303250POR,RS,WAS,2877.1,F,91,95,-4
200303250POR,RS,WAS,2880.0,,91,95,-4
200303260UTA,RS,UTA,0.0,,0,0,0
200303260UTA,RS,UTA,14.0,,0,2,-2
200303260UTA,RS,UTA,41.0,,0,4,-4
200303260UTA,RS,UTA,71.0,,0,6,-6
200303260UTA,RS,UTA,109.0,,0,8,-8
200303260UTA,RS,UTA,129.0,,2,8,-6
200303260UTA,RS,UTA,148.0,,2,10,-8
200303260UTA,RS,UTA,183.0,,4,10,-6
200303260UTA,RS,UTA,219.0,,6,10,-4
200303260UTA,RS,UTA,235.0,,6,12,-6
200303260UTA,RS,UTA,267.0,,6,14,-8
200303260UTA,RS,UTA,283.0,,8,14,-6
200303260UTA,RS,UTA,315.0,,10,14,-4
200303260UTA,RS,UTA,333.0,,10,16,-6
200303260UTA,RS,UTA,366.0,,10,18,-8
200303260UTA,RS,UTA,409.0,,10,20,-10
200303260UTA,RS,UTA,448.0,,10,21,-11
200303260UTA,RS,UTA,472.0,,10,23,-13
200303260UTA,RS,UTA,494.0,,12,23,-11
200303260UTA,RS,UTA,610.0,,12,25,-13
200303260UTA,RS,UTA,623.0,,13,25,-12
200303260UTA,RS,UTA,623.0,,14,25,-11
200303260UTA,RS,UTA,656.0,,16,25,-9
200303260UTA,RS,UTA,689.7,,16,27,-11
200303260UTA,RS,UTA,710.7,,18,27,-9
200303260UTA,RS,UTA,806.0,,18,28,-10
200303260UTA,RS,UTA,880.0,,18,30,-12
200303260UTA,RS,UTA,916.0,,18,31,-13
200303260UTA,RS,UTA,916.0,,18,32,-14
200303260UTA,RS,UTA,928.0,,20,32,-12
200303260UTA,RS,UTA,947.0,,20,34,-14
200303260UTA,RS,UTA,967.0,,21,34,-13
200303260UTA,RS,UTA,967.0,,22,34,-12
200303260UTA,RS,UTA,1108.0,,22,36,-14
200303260UTA,RS,UTA,1144.0,,22,38,-16
200303260UTA,RS,UTA,1165.0,,24,38,-14
200303260UTA,RS,UTA,1202.0,,27,38,-11
200303260UTA,RS,UTA,1234.0,,28,38,-10
200303260UTA,RS,UTA,1234.0,,29,38,-9
200303260UTA,RS,UTA,1255.0,,29,39,-10
200303260UTA,RS,UTA,1255.0,,29,40,-11
200303260UTA,RS,UTA,1268.0,,31,40,-9
200303260UTA,RS,UTA,1303.0,,31,42,-11
200303260UTA,RS,UTA,1338.0,,31,44,-13
200303260UTA,RS,UTA,1358.0,,31,46,-15
200303260UTA,RS,UTA,1377.0,,33,46,-13
200303260UTA,RS,UTA,1396.2,,33,48,-15
200303260UTA,RS,UTA,1407.0,,36,48,-12
200303260UTA,RS,UTA,1548.0,,36,50,-14
200303260UTA,RS,UTA,1611.0,,36,51,-15
200303260UTA,RS,UTA,1611.0,,36,52,-16
200303260UTA,RS,UTA,1663.0,,36,53,-17
200303260UTA,RS,UTA,1663.0,,36,54,-18
200303260UTA,RS,UTA,1683.0,,38,54,-16
200303260UTA,RS,UTA,1720.0,,40,54,-14
200303260UTA,RS,UTA,1760.0,,42,54,-12
200303260UTA,RS,UTA,1810.0,,42,55,-13
200303260UTA,RS,UTA,1810.0,,42,56,-14
200303260UTA,RS,UTA,1846.0,,42,58,-16
200303260UTA,RS,UTA,1900.0,,44,58,-14
200303260UTA,RS,UTA,1918.0,,44,60,-16
200303260UTA,RS,UTA,1953.0,,44,63,-19
200303260UTA,RS,UTA,1995.0,,44,66,-22
200303260UTA,RS,UTA,2053.0,,44,68,-24
200303260UTA,RS,UTA,2107.5,,46,68,-22
200303260UTA,RS,UTA,2140.1,,49,68,-19
200303260UTA,RS,UTA,2159.9,,49,70,-21
200303260UTA,RS,UTA,2174.0,,49,72,-23
200303260UTA,RS,UTA,2194.0,,50,72,-22
200303260UTA,RS,UTA,2194.0,,51,72,-21
200303260UTA,RS,UTA,2249.0,,54,72,-18
200303260UTA,RS,UTA,2277.0,,54,74,-20
200303260UTA,RS,UTA,2329.0,,54,77,-23
200303260UTA,RS,UTA,2352.0,,54,79,-25
200303260UTA,RS,UTA,2376.0,,57,79,-22
200303260UTA,RS,UTA,2435.0,,57,80,-23
200303260UTA,RS,UTA,2447.0,,59,80,-21
200303260UTA,RS,UTA,2470.0,,61,80,-19
200303260UTA,RS,UTA,2484.0,,61,81,-20
200303260UTA,RS,UTA,2494.0,,63,81,-18
200303260UTA,RS,UTA,2508.0,,63,83,-20
200303260UTA,RS,UTA,2541.0,,63,84,-21
200303260UTA,RS,UTA,2541.0,,63,85,-22
200303260UTA,RS,UTA,2563.0,,65,85,-20
200303260UTA,RS,UTA,2563.0,,66,85,-19
200303260UTA,RS,UTA,2585.0,,67,85,-18
200303260UTA,RS,UTA,2585.0,,68,85,-17
200303260UTA,RS,UTA,2598.0,,68,87,-19
200303260UTA,RS,UTA,2618.0,,68,88,-20
200303260UTA,RS,UTA,2645.0,,68,90,-22
200303260UTA,RS,UTA,2665.0,,70,90,-20
200303260UTA,RS,UTA,2697.0,,72,90,-18
200303260UTA,RS,UTA,2713.0,,72,91,-19
200303260UTA,RS,UTA,2713.0,,72,92,-20
200303260UTA,RS,UTA,2714.0,,73,92,-19
200303260UTA,RS,UTA,2714.0,,74,92,-18
200303260UTA,RS,UTA,2759.0,,76,92,-16
200303260UTA,RS,UTA,2797.0,,78,92,-14
200303260UTA,RS,UTA,2821.7,,80,92,-12
200303260UTA,RS,UTA,2821.7,,81,92,-11
200303260UTA,RS,UTA,2843.1,,81,93,-12
200303260UTA,RS,UTA,2843.1,,81,94,-13
200303260UTA,RS,UTA,2853.1,,82,94,-12
200303260UTA,RS,UTA,2853.1,,83,94,-11
200303260UTA,RS,UTA,2877.2,F,85,94,-9
200303260UTA,RS,UTA,2880.0,,85,94,-9
200303280POR,RS,DAL,0.0,,0,0,0
200303280POR,RS,DAL,18.0,,0,2,-2
200303280POR,RS,DAL,74.0,T,2,2,0
200303280POR,RS,DAL,171.0,LC,4,2,2
200303280POR,RS,DAL,204.0,,6,2,4
200303280POR,RS,DAL,223.0,,6,4,2
200303280POR,RS,DAL,290.0,,7,4,3
200303280POR,RS,DAL,290.0,,8,4,4
200303280POR,RS,DAL,326.0,,10,4,6
200303280POR,RS,DAL,350.0,,12,4,8
200303280POR,RS,DAL,373.0,,12,6,6
200303280POR,RS,DAL,406.0,,12,8,4
200303280POR,RS,DAL,441.0,,14,8,6
200303280POR,RS,DAL,460.0,,14,10,4
200303280POR,RS,DAL,460.0,,14,11,3
200303280POR,RS,DAL,509.0,,14,13,1
200303280POR,RS,DAL,524.0,LC,14,16,-2
200303280POR,RS,DAL,567.0,T,16,16,0
200303280POR,RS,DAL,637.0,LC,17,16,1
200303280POR,RS,DAL,659.0,LC,17,19,-2
200303280POR,RS,DAL,686.6,,17,21,-4
200303280POR,RS,DAL,708.2,,19,21,-2
200303280POR,RS,DAL,774.0,T,21,21,0
200303280POR,RS,DAL,792.0,,21,22,-1
200303280POR,RS,DAL,814.0,LC,23,22,1
200303280POR,RS,DAL,828.0,LC,23,24,-1
200303280POR,RS,DAL,842.0,LC,25,24,1
200303280POR,RS,DAL,875.0,,27,24,3
200303280POR,RS,DAL,928.0,,27,26,1
200303280POR,RS,DAL,950.0,,28,26,2
200303280POR,RS,DAL,963.0,,30,26,4
200303280POR,RS,DAL,1030.0,,32,26,6
200303280POR,RS,DAL,1063.0,,32,29,3
200303280POR,RS,DAL,1078.0,,34,29,5
200303280POR,RS,DAL,1094.0,,34,31,3
200303280POR,RS,DAL,1110.0,,36,31,5
200303280POR,RS,DAL,1144.0,,36,33,3
200303280POR,RS,DAL,1165.0,,39,33,6
200303280POR,RS,DAL,1183.0,,41,33,8
200303280POR,RS,DAL,1204.0,,41,35,6
200303280POR,RS,DAL,1241.0,,41,37,4
200303280POR,RS,DAL,1261.0,,43,37,6
200303280POR,RS,DAL,1282.0,,43,39,4
200303280POR,RS,DAL,1361.0,,45,39,6
200303280POR,RS,DAL,1361.0,,46,39,7
200303280POR,RS,DAL,1396.4,,47,39,8
200303280POR,RS,DAL,1396.4,,48,39,9
200303280POR,RS,DAL,1404.0,,48,41,7
200303280POR,RS,DAL,1417.1,,51,41,10
200303280POR,RS,DAL,1437.3,,51,43,8
200303280POR,RS,DAL,1437.3,,51,44,7
200303280POR,RS,DAL,1466.0,,52,44,8
200303280POR,RS,DAL,1503.0,,52,47,5
200303280POR,RS,DAL,1524.0,,54,47,7
200303280POR,RS,DAL,1538.0,,54,50,4
200303280POR,RS,DAL,1564.0,,57,50,7
200303280POR,RS,DAL,1579.0,,57,52,5
200303280POR,RS,DAL,1602.0,,59,52,7
200303280POR,RS,DAL,1637.0,,61,52,9
200303280POR,RS,DAL,1662.0,,61,53,8
200303280POR,RS,DAL,1662.0,,61,54,7
200303280POR,RS,DAL,1682.0,,63,54,9
200303280POR,RS,DAL,1697.0,,63,55,8
200303280POR,RS,DAL,1697.0,,63,56,7
200303280POR,RS,DAL,1711.0,,65,56,9
200303280POR,RS,DAL,1711.0,,66,56,10
200303280POR,RS,DAL,1732.0,,66,58,8
200303280POR,RS,DAL,1762.0,,68,58,10
200303280POR,RS,DAL,1787.0,,68,60,8
200303280POR,RS,DAL,1800.0,,70,60,10
200303280POR,RS,DAL,1829.0,,72,60,12
200303280POR,RS,DAL,1849.0,,72,62,10
200303280POR,RS,DAL,1869.0,,74,62,12
200303280POR,RS,DAL,1881.0,,74,63,11
200303280POR,RS,DAL,1895.0,,75,63,12
200303280POR,RS,DAL,1895.0,,76,63,13
200303280POR,RS,DAL,1929.0,,79,63,16
200303280POR,RS,DAL,1949.0,,80,63,17
200303280POR,RS,DAL,1949.0,,81,63,18
200303280POR,RS,DAL,1970.0,,81,64,17
200303280POR,RS,DAL,1970.0,,81,65,16
200303280POR,RS,DAL,1993.0,,84,65,19
200303280POR,RS,DAL,2009.0,,84,67,17
200303280POR,RS,DAL,2037.0,,86,67,19
200303280POR,RS,DAL,2070.0,,88,67,21
200303280POR,RS,DAL,2100.6,,90,67,23
200303280POR,RS,DAL,2112.5,,90,68,22
200303280POR,RS,DAL,2112.5,,90,69,21
200303280POR,RS,DAL,2152.0,,93,69,24
200303280POR,RS,DAL,2157.5,,93,71,22
200303280POR,RS,DAL,2159.5,,95,71,24
200303280POR,RS,DAL,2222.0,,95,73,22
200303280POR,RS,DAL,2277.0,,96,73,23
200303280POR,RS,DAL,2304.0,,99,73,26
200303280POR,RS,DAL,2317.0,,99,75,24
200303280POR,RS,DAL,2373.0,,99,77,22
200303280POR,RS,DAL,2393.0,,99,79,20
200303280POR,RS,DAL,2411.0,,100,79,21
200303280POR,RS,DAL,2446.0,,100,81,19
200303280POR,RS,DAL,2470.0,,102,81,21
200303280POR,RS,DAL,2508.0,,104,81,23
200303280POR,RS,DAL,2528.0,,104,83,21
200303280POR,RS,DAL,2548.0,,106,83,23
200303280POR,RS,DAL,2663.0,,107,83,24
200303280POR,RS,DAL,2676.0,,107,85,22
200303280POR,RS,DAL,2717.0,,109,85,24
200303280POR,RS,DAL,2727.0,,110,85,25
200303280POR,RS,DAL,2741.0,,110,87,23
200303280POR,RS,DAL,2759.0,,112,87,25
200303280POR,RS,DAL,2771.0,,112,89,23
200303280POR,RS,DAL,2789.0,,112,90,22
200303280POR,RS,DAL,2789.0,,112,91,21
200303280POR,RS,DAL,2815.0,,112,93,19
200303280POR,RS,DAL,2859.2,F,112,95,17
200303280POR,RS,DAL,2880.0,,112,95,17
200304010POR,RS,GSW,0.0,,0,0,0
200304010POR,RS,GSW,25.0,,0,2,-2
200304010POR,RS,GSW,41.0,T,2,2,0
200304010POR,RS,GSW,66.0,,2,4,-2
200304010POR,RS,GSW,72.0,T,4,4,0
200304010POR,RS,GSW,119.0,LC,6,4,2
200304010POR,RS,GSW,167.0,T,6,6,0
200304010POR,RS,GSW,187.0,,8,6,2
200304010POR,RS,GSW,212.0,T,8,8,0
200304010POR,RS,GSW,227.0,,9,8,1
200304010POR,RS,GSW,227.0,,10,8,2
200304010POR,RS,GSW,258.0,,12,8,4
200304010POR,RS,GSW,258.0,,13,8,5
200304010POR,RS,GSW,270.0,,13,9,4
200304010POR,RS,GSW,270.0,,13,10,3
200304010POR,RS,GSW,285.0,,15,10,5
200304010POR,RS,GSW,301.0,,15,12,3
200304010POR,RS,GSW,337.0,T,15,15,0
200304010POR,RS,GSW,354.0,,17,15,2
200304010POR,RS,GSW,361.0,T,17,17,0
200304010POR,RS,GSW,384.0,LC,17,19,-2
200304010POR,RS,GSW,403.0,T,19,19,0
200304010POR,RS,GSW,419.0,,19,21,-2
200304010POR,RS,GSW,432.0,T,21,21,0
200304010POR,RS,GSW,489.0,,21,23,-2
200304010POR,RS,GSW,544.0,,22,23,-1
200304010POR,RS,GSW,544.0,T,23,23,0
200304010POR,RS,GSW,567.0,,23,26,-3
200304010POR,RS,GSW,586.0,,25,26,-1
200304010POR,RS,GSW,599.0,,25,28,-3
200304010POR,RS,GSW,632.0,,25,30,-5
200304010POR,RS,GSW,645.0,,26,30,-4
200304010POR,RS,GSW,645.0,,27,30,-3
200304010POR,RS,GSW,660.2,,27,31,-4
200304010POR,RS,GSW,660.2,,27,32,-5
200304010POR,RS,GSW,670.0,,29,32,-3
200304010POR,RS,GSW,685.5,,29,34,-5
200304010POR,RS,GSW,698.0,,31,34,-3
200304010POR,RS,GSW,738.0,,33,34,-1
200304010POR,RS,GSW,781.0,,33,36,-3
200304010POR,RS,GSW,815.0,,33,38,-5
200304010POR,RS,GSW,842.0,,35,38,-3
200304010POR,RS,GSW,870.0,,37,38,-1
200304010POR,RS,GSW,896.0,LC,39,38,1
200304010POR,RS,GSW,930.0,LC,39,40,-1
200304010POR,RS,GSW,949.0,LC,41,40,1
200304010POR,RS,GSW,996.0,T,41,41,0
200304010POR,RS,GSW,996.0,LC,41,42,-1
200304010POR,RS,GSW,1067.0,,41,43,-2
200304010POR,RS,GSW,1067.0,,41,44,-3
200304010POR,RS,GSW,1090.0,,43,44,-1
200304010POR,RS,GSW,1106.0,LC,45,44,1
200304010POR,RS,GSW,1176.0,,46,44,2
200304010POR,RS,GSW,1176.0,,47,44,3
200304010POR,RS,GSW,1239.0,,50,44,6
200304010POR,RS,GSW,1327.0,,51,44,7
200304010POR,RS,GSW,1352.0,,51,46,5
200304010POR,RS,GSW,1400.7,,53,46,7
200304010POR,RS,GSW,1439.8,,55,46,9
200304010POR,RS,GSW,1464.0,,56,46,10
200304010POR,RS,GSW,1464.0,,57,46,11
200304010POR,RS,GSW,1464.0,,58,46,12
200304010POR,RS,GSW,1506.0,,60,46,14
200304010POR,RS,GSW,1536.0,,62,46,16
200304010POR,RS,GSW,1564.0,,64,46,18
200304010POR,RS,GSW,1574.0,,65,46,19
200304010POR,RS,GSW,1574.0,,66,46,20
200304010POR,RS,GSW,1622.0,,66,48,18
200304010POR,RS,GSW,1661.0,,66,50,16
200304010POR,RS,GSW,1684.0,,69,50,19
200304010POR,RS,GSW,1764.0,,69,52,17
200304010POR,RS,GSW,1819.0,,71,52,19
200304010POR,RS,GSW,1876.0,,71,54,17
200304010POR,RS,GSW,1928.0,,74,54,20
200304010POR,RS,GSW,1958.0,,74,56,18
200304010POR,RS,GSW,1988.0,,74,58,16
200304010POR,RS,GSW,2015.0,,74,60,14
200304010POR,RS,GSW,2044.0,,75,60,15
200304010POR,RS,GSW,2044.0,,76,60,16
200304010POR,RS,GSW,2052.0,,76,61,15
200304010POR,RS,GSW,2052.0,,76,62,14
200304010POR,RS,GSW,2065.0,,78,62,16
200304010POR,RS,GSW,2088.0,,79,62,17
200304010POR,RS,GSW,2088.0,,80,62,18
200304010POR,RS,GSW,2098.0,,80,64,16
200304010POR,RS,GSW,2135.9,,82,64,18
200304010POR,RS,GSW,2187.0,,84,64,20
200304010POR,RS,GSW,2212.0,,84,66,18
200304010POR,RS,GSW,2231.0,,86,66,20
200304010POR,RS,GSW,2286.0,,88,66,22
200304010POR,RS,GSW,2297.0,,88,68,20
200304010POR,RS,GSW,2334.0,,88,70,18
200304010POR,RS,GSW,2403.0,,88,72,16
200304010POR,RS,GSW,2446.0,,90,72,18
200304010POR,RS,GSW,2461.0,,90,74,16
200304010POR,RS,GSW,2475.0,,92,74,18
200304010POR,RS,GSW,2512.0,,92,76,16
200304010POR,RS,GSW,2563.0,,94,76,18
200304010POR,RS,GSW,2612.0,,94,78,16
200304010POR,RS,GSW,2650.0,,94,80,14
200304010POR,RS,GSW,2679.0,,94,82,12
200304010POR,RS,GSW,2680.0,,95,82,13
200304010POR,RS,GSW,2697.0,,98,82,16
200304010POR,RS,GSW,2715.0,,98,84,14
200304010POR,RS,GSW,2800.0,,100,84,16
200304010POR,RS,GSW,2837.6,F,100,86,14
200304010POR,RS,GSW,2880.0,,100,86,14
200304030POR,RS,UTA,0.0,,0,0,0
200304030POR,RS,UTA,48.0,,2,0,2
200304030POR,RS,UTA,86.0,T,2,2,0
200304030POR,RS,UTA,112.0,LC,2,4,-2
200304030POR,RS,UTA,179.0,,2,6,-4
200304030POR,RS,UTA,201.0,,4,6,-2
200304030POR,RS,UTA,233.0,T,6,6,0
200304030POR,RS,UTA,281.0,,6,8,-2
200304030POR,RS,UTA,316.0,T,8,8,0
200304030POR,RS,UTA,367.0,LC,10,8,2
200304030POR,RS,UTA,382.0,T,10,10,0
200304030POR,RS,UTA,398.0,,12,10,2
200304030POR,RS,UTA,418.0,,12,11,1
200304030POR,RS,UTA,418.0,T,12,12,0
200304030POR,RS,UTA,512.0,LC,12,14,-2
200304030POR,RS,UTA,539.0,T,14,14,0
200304030POR,RS,UTA,601.0,,14,16,-2
200304030POR,RS,UTA,642.0,,14,18,-4
200304030POR,RS,UTA,664.5,,14,20,-6
200304030POR,RS,UTA,689.0,,16,20,-4
200304030POR,RS,UTA,702.8,,16,21,-5
200304030POR,RS,UTA,716.9,,16,23,-7
200304030POR,RS,UTA,784.0,,18,23,-5
200304030POR,RS,UTA,819.0,,20,23,-3
200304030POR,RS,UTA,915.0,,21,23,-2
200304030POR,RS,UTA,915.0,,22,23,-1
200304030POR,RS,UTA,933.0,,22,25,-3
200304030POR,RS,UTA,957.0,,22,26,-4
200304030POR,RS,UTA,957.0,,22,27,-5
200304030POR,RS,UTA,971.0,,22,29,-7
200304030POR,RS,UTA,1007.0,,24,29,-5
200304030POR,RS,UTA,1027.0,,24,31,-7
200304030POR,RS,UTA,1043.0,,26,31,-5
200304030POR,RS,UTA,1089.0,,27,31,-4
200304030POR,RS,UTA,1111.0,,29,31,-2
200304030POR,RS,UTA,1134.0,,29,34,-5
200304030POR,RS,UTA,1171.0,,29,36,-7
200304030POR,RS,UTA,1219.0,,29,38,-9
200304030POR,RS,UTA,1236.0,,29,40,-11
200304030POR,RS,UTA,1263.0,,32,40,-8
200304030POR,RS,UTA,1280.0,,32,42,-10
200304030POR,RS,UTA,1328.0,,34,42,-8
200304030POR,RS,UTA,1352.0,,34,44,-10
200304030POR,RS,UTA,1381.7,,36,44,-8
200304030POR,RS,UTA,1403.0,,36,46,-10
200304030POR,RS,UTA,1438.1,,36,48,-12
200304030POR,RS,UTA,1457.0,,36,50,-14
200304030POR,RS,UTA,1480.0,,38,50,-12
200304030POR,RS,UTA,1555.0,,39,50,-11
200304030POR,RS,UTA,1564.0,,39,52,-13
200304030POR,RS,UTA,1627.0,,39,54,-15
200304030POR,RS,UTA,1647.0,,41,54,-13
200304030POR,RS,UTA,1687.0,,44,54,-10
200304030POR,RS,UTA,1731.0,,47,54,-7
200304030POR,RS,UTA,1767.0,,50,54,-4
200304030POR,RS,UTA,1812.0,,50,55,-5
200304030POR,RS,UTA,1812.0,,50,56,-6
200304030POR,RS,UTA,1825.0,,51,56,-5
200304030POR,RS,UTA,1871.0,,51,59,-8
200304030POR,RS,UTA,1885.0,,51,61,-10
200304030POR,RS,UTA,1903.0,,52,61,-9
200304030POR,RS,UTA,1903.0,,53,61,-8
200304030POR,RS,UTA,1938.0,,56,61,-5
200304030POR,RS,UTA,1976.0,,57,61,-4
200304030POR,RS,UTA,2004.0,,57,63,-6
200304030POR,RS,UTA,2049.0,,57,65,-8
200304030POR,RS,UTA,2060.0,,60,65,-5
200304030POR,RS,UTA,2096.0,,62,65,-3
200304030POR,RS,UTA,2115.5,,62,67,-5
200304030POR,RS,UTA,2137.0,,64,67,-3
200304030POR,RS,UTA,2172.0,,66,67,-1
200304030POR,RS,UTA,2204.0,LC,68,67,1
200304030POR,RS,UTA,2230.0,LC,68,69,-1
200304030POR,RS,UTA,2249.0,LC,70,69,1
200304030POR,RS,UTA,2280.0,,71,69,2
200304030POR,RS,UTA,2280.0,,72,69,3
200304030POR,RS,UTA,2323.0,,73,69,4
200304030POR,RS,UTA,2323.0,,74,69,5
200304030POR,RS,UTA,2359.0,,74,71,3
200304030POR,RS,UTA,2382.0,,74,72,2
200304030POR,RS,UTA,2382.0,,74,73,1
200304030POR,RS,UTA,2395.0,,76,73,3
200304030POR,RS,UTA,2400.0,,76,75,1
200304030POR,RS,UTA,2421.0,,79,75,4
200304030POR,RS,UTA,2486.0,,80,75,5
200304030POR,RS,UTA,2504.0,,80,77,3
200304030POR,RS,UTA,2532.0,,80,79,1
200304030POR,RS,UTA,2569.0,,82,79,3
200304030POR,RS,UTA,2588.0,,82,80,2
200304030POR,RS,UTA,2615.0,T,82,82,0
200304030POR,RS,UTA,2637.0,,84,82,2
200304030POR,RS,UTA,2658.0,T,84,84,0
200304030POR,RS,UTA,2706.0,LC,84,85,-1
200304030POR,RS,UTA,2798.0,,84,87,-3
200304030POR,RS,UTA,2809.0,,86,87,-1
200304030POR,RS,UTA,2824.7,,86,89,-3
200304030POR,RS,UTA,2862.9,,86,92,-6
200304030POR,RS,UTA,2862.9,,86,93,-7
200304030POR,RS,UTA,2878.8,F,88,93,-5
200304030POR,RS,UTA,2880.0,,88,93,-5
200304040GSW,RS,GSW,0.0,,0,0,0
200304040GSW,RS,GSW,24.0,,2,0,2
200304040GSW,RS,GSW,47.0,LC,2,3,-1
200304040GSW,RS,GSW,71.0,,2,5,-3
200304040GSW,RS,GSW,91.0,,4,5,-1
200304040GSW,RS,GSW,99.0,,4,7,-3
200304040GSW,RS,GSW,128.0,,6,7,-1
200304040GSW,RS,GSW,185.0,LC,8,7,1
200304040GSW,RS,GSW,207.0,,10,7,3
200304040GSW,RS,GSW,240.0,,13,7,6
200304040GSW,RS,GSW,256.0,,13,9,4
200304040GSW,RS,GSW,314.0,,13,11,2
200304040GSW,RS,GSW,335.0,LC,13,14,-1
200304040GSW,RS,GSW,369.0,LC,15,14,1
200304040GSW,RS,GSW,388.0,LC,15,16,-1
200304040GSW,RS,GSW,401.0,LC,17,16,1
200304040GSW,RS,GSW,409.0,LC,17,18,-1
200304040GSW,RS,GSW,431.0,LC,19,18,1
200304040GSW,RS,GSW,440.0,LC,19,20,-1
200304040GSW,RS,GSW,440.0,,19,21,-2
200304040GSW,RS,GSW,462.0,,19,23,-4
200304040GSW,RS,GSW,468.0,,21,23,-2
200304040GSW,RS,GSW,496.0,,22,23,-1
200304040GSW,RS,GSW,543.0,LC,24,23,1
200304040GSW,RS,GSW,575.0,,26,23,3
200304040GSW,RS,GSW,596.0,,26,25,1
200304040GSW,RS,GSW,612.0,LC,26,27,-1
200304040GSW,RS,GSW,619.0,LC,28,27,1
200304040GSW,RS,GSW,624.0,T,28,28,0
200304040GSW,RS,GSW,624.0,LC,28,29,-1
200304040GSW,RS,GSW,660.0,LC,31,29,2
200304040GSW,RS,GSW,692.4,T,31,31,0
200304040GSW,RS,GSW,741.0,,34,31,3
200304040GSW,RS,GSW,753.0,T,34,34,0
200304040GSW,RS,GSW,774.0,,37,34,3
200304040GSW,RS,GSW,806.0,,37,36,1
200304040GSW,RS,GSW,821.0,,39,36,3
200304040GSW,RS,GSW,835.0,,39,38,1
200304040GSW,RS,GSW,845.0,,41,38,3
200304040GSW,RS,GSW,866.0,,41,40,1
200304040GSW,RS,GSW,919.0,LC,41,43,-2
200304040GSW,RS,GSW,974.0,T,43,43,0
200304040GSW,RS,GSW,1036.0,LC,45,43,2
200304040GSW,RS,GSW,1052.0,T,45,45,0
200304040GSW,RS,GSW,1087.0,,47,45,2
200304040GSW,RS,GSW,1129.0,,49,45,4
200304040GSW,RS,GSW,1152.0,,49,47,2
200304040GSW,RS,GSW,1222.0,T,49,49,0
200304040GSW,RS,GSW,1256.0,,51,49,2
200304040GSW,RS,GSW,1277.0,,53,49,4
200304040GSW,RS,GSW,1290.0,,53,51,2
200304040GSW,RS,GSW,1345.0,,56,51,5
200304040GSW,RS,GSW,1379.0,,56,53,3
200304040GSW,RS,GSW,1405.1,,58,53,5
200304040GSW,RS,GSW,1436.0,,59,53,6
200304040GSW,RS,GSW,1436.0,,60,53,7
200304040GSW,RS,GSW,1459.0,,63,53,10
200304040GSW,RS,GSW,1479.0,,63,54,9
200304040GSW,RS,GSW,1479.0,,63,55,8
200304040GSW,RS,GSW,1498.0,,65,55,10
200304040GSW,RS,GSW,1520.0,,65,58,7
200304040GSW,RS,GSW,1552.0,,67,58,9
200304040GSW,RS,GSW,1581.0,,67,60,7
200304040GSW,RS,GSW,1630.0,,67,62,5
200304040GSW,RS,GSW,1653.0,,68,62,6
200304040GSW,RS,GSW,1653.0,,69,62,7
200304040GSW,RS,GSW,1666.0,,69,64,5
200304040GSW,RS,GSW,1675.0,,72,64,8
200304040GSW,RS,GSW,1692.0,,72,66,6
200304040GSW,RS,GSW,1716.0,,75,66,9
200304040GSW,RS,GSW,1731.0,,75,68,7
200304040GSW,RS,GSW,1745.0,,75,70,5
200304040GSW,RS,GSW,1765.0,,76,70,6
200304040GSW,RS,GSW,1765.0,,77,70,7
200304040GSW,RS,GSW,1801.0,,79,70,9
200304040GSW,RS,GSW,1801.0,,80,70,10
200304040GSW,RS,GSW,1819.0,,80,71,9
200304040GSW,RS,GSW,1831.0,,81,71,10
200304040GSW,RS,GSW,1832.0,,82,71,11
200304040GSW,RS,GSW,1853.0,,84,71,13
200304040GSW,RS,GSW,1884.0,,87,71,16
200304040GSW,RS,GSW,1908.0,,87,73,14
200304040GSW,RS,GSW,1930.0,,88,73,15
200304040GSW,RS,GSW,1930.0,,89,73,16
200304040GSW,RS,GSW,1961.0,,91,73,18
200304040GSW,RS,GSW,1986.0,,93,73,20
200304040GSW,RS,GSW,2071.0,,94,73,21
200304040GSW,RS,GSW,2071.0,,95,73,22
200304040GSW,RS,GSW,2088.0,,95,75,20
200304040GSW,RS,GSW,2101.6,,95,76,19
200304040GSW,RS,GSW,2101.6,,95,77,18
200304040GSW,RS,GSW,2135.5,,97,77,20
200304040GSW,RS,GSW,2177.0,,97,79,18
200304040GSW,RS,GSW,2200.0,,98,79,19
200304040GSW,RS,GSW,2200.0,,99,79,20
200304040GSW,RS,GSW,2207.0,,99,80,19
200304040GSW,RS,GSW,2207.0,,99,81,18
200304040GSW,RS,GSW,2248.0,,99,83,16
200304040GSW,RS,GSW,2276.0,,99,85,14
200304040GSW,RS,GSW,2310.0,,99,87,12
200304040GSW,RS,GSW,2335.0,,99,89,10
200304040GSW,RS,GSW,2355.0,,101,89,12
200304040GSW,RS,GSW,2422.0,,103,89,14
200304040GSW,RS,GSW,2469.0,,103,91,12
200304040GSW,RS,GSW,2546.0,,105,91,14
200304040GSW,RS,GSW,2553.0,,105,92,13
200304040GSW,RS,GSW,2579.0,,105,94,11
200304040GSW,RS,GSW,2601.0,,107,94,13
200304040GSW,RS,GSW,2632.0,,109,94,15
200304040GSW,RS,GSW,2632.0,,110,94,16
200304040GSW,RS,GSW,2642.0,,110,96,14
200304040GSW,RS,GSW,2659.0,,113,96,17
200304040GSW,RS,GSW,2698.0,,115,96,19
200304040GSW,RS,GSW,2727.0,,115,98,17
200304040GSW,RS,GSW,2750.0,,117,98,19
200304040GSW,RS,GSW,2787.0,,120,98,22
200304040GSW,RS,GSW,2809.0,,122,98,24
200304040GSW,RS,GSW,2824.2,F,122,100,22
200304040GSW,RS,GSW,2880.0,,122,100,22
200304060POR,RS,MIN,0.0,,0,0,0
200304060POR,RS,MIN,15.0,,0,2,-2
200304060POR,RS,MIN,44.0,,0,4,-4
200304060POR,RS,MIN,118.0,,2,4,-2
200304060POR,RS,MIN,149.0,T,4,4,0
200304060POR,RS,MIN,173.0,LC,6,4,2
200304060POR,RS,MIN,190.0,T,6,6,0
200304060POR,RS,MIN,209.0,,8,6,2
200304060POR,RS,MIN,258.0,T,8,8,0
200304060POR,RS,MIN,265.0,,10,8,2
200304060POR,RS,MIN,348.0,T,10,10,0
200304060POR,RS,MIN,390.0,LC,10,12,-2
200304060POR,RS,MIN,409.0,T,12,12,0
200304060POR,RS,MIN,446.0,LC,14,12,2
200304060POR,RS,MIN,462.0,T,14,14,0
200304060POR,RS,MIN,494.0,LC,14,16,-2
200304060POR,RS,MIN,519.0,,14,18,-4
200304060POR,RS,MIN,553.0,,16,18,-2
200304060POR,RS,MIN,582.0,,16,20,-4
200304060POR,RS,MIN,644.0,,16,22,-6
200304060POR,RS,MIN,682.2,,16,24,-8
200304060POR,RS,MIN,802.0,,16,26,-10
200304060POR,RS,MIN,848.0,,18,26,-8
200304060POR,RS,MIN,904.0,,20,26,-6
200304060POR,RS,MIN,931.0,,22,26,-4
200304060POR,RS,MIN,993.0,,24,26,-2
200304060POR,RS,MIN,1013.0,,24,29,-5
200304060POR,RS,MIN,1068.0,,24,31,-7
200304060POR,RS,MIN,1102.0,,24,33,-9
200304060POR,RS,MIN,1124.0,,26,33,-7
200304060POR,RS,MIN,1144.0,,26,35,-9
200304060POR,RS,MIN,1189.0,,26,37,-11
200304060POR,RS,MIN,1213.0,,28,37,-9
200304060POR,RS,MIN,1253.0,,28,39,-11
200304060POR,RS,MIN,1271.0,,29,39,-10
200304060POR,RS,MIN,1271.0,,30,39,-9
200304060POR,RS,MIN,1342.0,,30,41,-11
200304060POR,RS,MIN,1356.0,,31,41,-10
200304060POR,RS,MIN,1403.1,,33,41,-8
200304060POR,RS,MIN,1439.3,,36,41,-5
200304060POR,RS,MIN,1521.0,,36,43,-7
200304060POR,RS,MIN,1541.0,,38,43,-5
200304060POR,RS,MIN,1566.0,,38,45,-7
200304060POR,RS,MIN,1641.0,,41,45,-4
200304060POR,RS,MIN,1680.0,,44,45,-1
200304060POR,RS,MIN,1725.0,T,45,45,0
200304060POR,RS,MIN,1725.0,LC,46,45,1
200304060POR,RS,MIN,1725.0,,47,45,2
200304060POR,RS,MIN,1742.0,T,47,47,0
200304060POR,RS,MIN,1832.0,LC,47,49,-2
200304060POR,RS,MIN,1905.0,,47,51,-4
200304060POR,RS,MIN,1948.0,,47,53,-6
200304060POR,RS,MIN,1964.0,,50,53,-3
200304060POR,RS,MIN,1985.0,,50,54,-4
200304060POR,RS,MIN,1985.0,,50,55,-5
200304060POR,RS,MIN,2004.0,,52,55,-3
200304060POR,RS,MIN,2022.0,,52,57,-5
200304060POR,RS,MIN,2037.0,,54,57,-3
200304060POR,RS,MIN,2037.0,,55,57,-2
200304060POR,RS,MIN,2055.0,,55,59,-4
200304060POR,RS,MIN,2101.0,,55,62,-7
200304060POR,RS,MIN,2111.3,,57,62,-5
200304060POR,RS,MIN,2132.5,,60,62,-2
200304060POR,RS,MIN,2157.2,,60,65,-5
200304060POR,RS,MIN,2182.0,,60,67,-7
200304060POR,RS,MIN,2203.0,,63,67,-4
200304060POR,RS,MIN,2235.0,,63,69,-6
200304060POR,RS,MIN,2251.0,,64,69,-5
200304060POR,RS,MIN,2251.0,,65,69,-4
200304060POR,RS,MIN,2275.0,,67,69,-2
200304060POR,RS,MIN,2296.0,,67,70,-3
200304060POR,RS,MIN,2296.0,,67,71,-4
200304060POR,RS,MIN,2315.0,,69,71,-2
200304060POR,RS,MIN,2326.0,,69,72,-3
200304060POR,RS,MIN,2326.0,,69,73,-4
200304060POR,RS,MIN,2340.0,,69,74,-5
200304060POR,RS,MIN,2340.0,,69,75,-6
200304060POR,RS,MIN,2361.0,,70,75,-5
200304060POR,RS,MIN,2361.0,,71,75,-4
200304060POR,RS,MIN,2378.0,,71,77,-6
200304060POR,RS,MIN,2423.0,,71,79,-8
200304060POR,RS,MIN,2516.0,,71,81,-10
200304060POR,RS,MIN,2569.0,,72,81,-9
200304060POR,RS,MIN,2605.0,,73,81,-8
200304060POR,RS,MIN,2623.0,,73,83,-10
200304060POR,RS,MIN,2649.0,,73,84,-11
200304060POR,RS,MIN,2649.0,,73,85,-12
200304060POR,RS,MIN,2649.0,,73,86,-13
200304060POR,RS,MIN,2690.0,,73,88,-15
200304060POR,RS,MIN,2707.0,,75,88,-13
200304060POR,RS,MIN,2707.0,,76,88,-12
200304060POR,RS,MIN,2732.0,,76,90,-14
200304060POR,RS,MIN,2784.0,,76,92,-16
200304060POR,RS,MIN,2815.0,,76,94,-18
200304060POR,RS,MIN,2819.0,,77,94,-17
200304060POR,RS,MIN,2839.5,,77,97,-20
200304060POR,RS,MIN,2852.8,F,78,97,-19
200304060POR,RS,MIN,2880.0,,78,97,-19
200304080HOU,RS,HOU,0.0,,0,0,0
200304080HOU,RS,HOU,42.0,,0,1,-1
200304080HOU,RS,HOU,42.0,,0,2,-2
200304080HOU,RS,HOU,72.0,T,2,2,0
200304080HOU,RS,HOU,101.0,LC,3,2,1
200304080HOU,RS,HOU,109.0,,5,2,3
200304080HOU,RS,HOU,140.0,,5,4,1
200304080HOU,RS,HOU,262.0,,8,4,4
200304080HOU,RS,HOU,289.0,,10,4,6
200304080HOU,RS,HOU,313.0,,10,6,4
200304080HOU,RS,HOU,325.0,,11,6,5
200304080HOU,RS,HOU,325.0,,12,6,6
200304080HOU,RS,HOU,344.0,,12,8,4
200304080HOU,RS,HOU,373.0,,12,10,2
200304080HOU,RS,HOU,447.0,,14,10,4
200304080HOU,RS,HOU,447.0,,15,10,5
200304080HOU,RS,HOU,471.0,,17,10,7
200304080HOU,RS,HOU,494.0,,17,12,5
200304080HOU,RS,HOU,507.0,,17,13,4
200304080HOU,RS,HOU,507.0,,17,14,3
200304080HOU,RS,HOU,528.0,,17,16,1
200304080HOU,RS,HOU,528.0,T,17,17,0
200304080HOU,RS,HOU,545.0,,19,17,2
200304080HOU,RS,HOU,554.0,T,19,19,0
200304080HOU,RS,HOU,581.0,LC,19,21,-2
200304080HOU,RS,HOU,678.9,,19,23,-4
200304080HOU,RS,HOU,751.0,,19,25,-6
200304080HOU,RS,HOU,778.0,,21,25,-4
200304080HOU,RS,HOU,844.0,,21,27,-6
200304080HOU,RS,HOU,881.0,,21,30,-9
200304080HOU,RS,HOU,916.0,,23,30,-7
200304080HOU,RS,HOU,938.0,,23,32,-9
200304080HOU,RS,HOU,953.0,,25,32,-7
200304080HOU,RS,HOU,970.0,,25,34,-9
200304080HOU,RS,HOU,1009.0,,27,34,-7
200304080HOU,RS,HOU,1009.0,,28,34,-6
200304080HOU,RS,HOU,1031.0,,28,36,-8
200304080HOU,RS,HOU,1049.0,,30,36,-6
200304080HOU,RS,HOU,1102.0,,32,36,-4
200304080HOU,RS,HOU,1128.0,,32,38,-6
200304080HOU,RS,HOU,1145.0,,34,38,-4
200304080HOU,RS,HOU,1195.0,,35,38,-3
200304080HOU,RS,HOU,1195.0,,36,38,-2
200304080HOU,RS,HOU,1203.0,T,38,38,0
200304080HOU,RS,HOU,1232.0,LC,40,38,2
200304080HOU,RS,HOU,1250.0,LC,40,41,-1
200304080HOU,RS,HOU,1271.0,LC,42,41,1
200304080HOU,RS,HOU,1306.0,,44,41,3
200304080HOU,RS,HOU,1526.0,T,44,44,0
200304080HOU,RS,HOU,1575.0,,46,44,2
200304080HOU,RS,HOU,1641.0,,48,44,4
200304080HOU,RS,HOU,1694.0,,48,46,2
200304080HOU,RS,HOU,1716.0,,50,46,4
200304080HOU,RS,HOU,1754.0,,52,46,6
200304080HOU,RS,HOU,1865.0,,52,48,4
200304080HOU,RS,HOU,1987.0,,52,49,3
200304080HOU,RS,HOU,1987.0,,52,50,2
200304080HOU,RS,HOU,2005.0,,54,50,4
200304080HOU,RS,HOU,2044.0,,56,50,6
200304080HOU,RS,HOU,2100.0,,56,51,5
200304080HOU,RS,HOU,2160.0,,59,51,8
200304080HOU,RS,HOU,2269.0,,61,51,10
200304080HOU,RS,HOU,2351.0,,62,51,11
200304080HOU,RS,HOU,2351.0,,63,51,12
200304080HOU,RS,HOU,2375.0,,63,54,9
200304080HOU,RS,HOU,2394.0,,65,54,11
200304080HOU,RS,HOU,2407.0,,65,56,9
200304080HOU,RS,HOU,2425.0,,67,56,11
200304080HOU,RS,HOU,2436.0,,67,57,10
200304080HOU,RS,HOU,2436.0,,67,58,9
200304080HOU,RS,HOU,2456.0,,67,60,7
200304080HOU,RS,HOU,2502.0,,69,60,9
200304080HOU,RS,HOU,2543.0,,70,60,10
200304080HOU,RS,HOU,2557.0,,70,62,8
200304080HOU,RS,HOU,2617.0,,71,62,9
200304080HOU,RS,HOU,2617.0,,72,62,10
200304080HOU,RS,HOU,2663.0,,72,64,8
200304080HOU,RS,HOU,2747.0,,74,64,10
200304080HOU,RS,HOU,2763.0,,74,66,8
200304080HOU,RS,HOU,2784.0,,75,66,9
200304080HOU,RS,HOU,2819.0,,78,66,12
200304080HOU,RS,HOU,2859.5,F,81,66,15
200304080HOU,RS,HOU,2880.0,,81,66,15
200304090SAS,RS,SAS,0.0,,0,0,0
200304090SAS,RS,SAS,6.0,,2,0,2
200304090SAS,RS,SAS,63.0,,4,0,4
200304090SAS,RS,SAS,90.0,,4,2,2
200304090SAS,RS,SAS,127.0,T,4,4,0
200304090SAS,RS,SAS,197.0,,6,4,2
200304090SAS,RS,SAS,275.0,,6,5,1
200304090SAS,RS,SAS,323.0,,8,5,3
200304090SAS,RS,SAS,346.0,,8,7,1
200304090SAS,RS,SAS,403.0,,11,7,4
200304090SAS,RS,SAS,429.0,,11,9,2
200304090SAS,RS,SAS,483.0,T,11,11,0
200304090SAS,RS,SAS,518.0,LC,11,13,-2
200304090SAS,RS,SAS,547.0,T,13,13,0
200304090SAS,RS,SAS,598.0,,13,15,-2
200304090SAS,RS,SAS,657.0,,13,18,-5
200304090SAS,RS,SAS,689.7,,13,21,-8
200304090SAS,RS,SAS,776.0,,15,21,-6
200304090SAS,RS,SAS,797.0,,15,23,-8
200304090SAS,RS,SAS,844.0,,17,23,-6
200304090SAS,RS,SAS,888.0,,17,24,-7
200304090SAS,RS,SAS,950.0,,17,27,-10
200304090SAS,RS,SAS,988.0,,17,29,-12
200304090SAS,RS,SAS,1011.0,,17,31,-14
200304090SAS,RS,SAS,1038.0,,18,31,-13
200304090SAS,RS,SAS,1038.0,,19,31,-12
200304090SAS,RS,SAS,1056.0,,19,33,-14
200304090SAS,RS,SAS,1080.0,,21,33,-12
200304090SAS,RS,SAS,1112.0,,21,36,-15
200304090SAS,RS,SAS,1136.0,,23,36,-13
200304090SAS,RS,SAS,1168.0,,25,36,-11
200304090SAS,RS,SAS,1187.0,,25,38,-13
200304090SAS,RS,SAS,1211.0,,27,38,-11
200304090SAS,RS,SAS,1242.0,,27,40,-13
200304090SAS,RS,SAS,1263.0,,29,40,-11
200304090SAS,RS,SAS,1284.0,,29,42,-13
200304090SAS,RS,SAS,1306.0,,31,42,-11
200304090SAS,RS,SAS,1352.0,,31,45,-14
200304090SAS,RS,SAS,1382.8,,33,45,-12
200304090SAS,RS,SAS,1390.9,,33,47,-14
200304090SAS,RS,SAS,1413.7,,35,47,-12
200304090SAS,RS,SAS,1497.0,,35,49,-14
200304090SAS,RS,SAS,1518.0,,38,49,-11
200304090SAS,RS,SAS,1557.0,,38,51,-13
200304090SAS,RS,SAS,1605.0,,40,51,-11
200304090SAS,RS,SAS,1635.0,,42,51,-9
200304090SAS,RS,SAS,1693.0,,44,51,-7
200304090SAS,RS,SAS,1748.0,,44,53,-9
200304090SAS,RS,SAS,1816.0,,46,53,-7
200304090SAS,RS,SAS,1839.0,,46,55,-9
200304090SAS,RS,SAS,1861.0,,49,55,-6
200304090SAS,RS,SAS,1930.0,,49,57,-8
200304090SAS,RS,SAS,1955.0,,52,57,-5
200304090SAS,RS,SAS,2004.0,,53,57,-4
200304090SAS,RS,SAS,2029.0,,53,59,-6
200304090SAS,RS,SAS,2055.0,,55,59,-4
200304090SAS,RS,SAS,2066.0,,55,61,-6
200304090SAS,RS,SAS,2110.4,,56,61,-5
200304090SAS,RS,SAS,2110.4,,57,61,-4
200304090SAS,RS,SAS,2157.8,,57,62,-5
200304090SAS,RS,SAS,2157.8,,57,63,-6
200304090SAS,RS,SAS,2206.0,,57,65,-8
200304090SAS,RS,SAS,2225.0,,58,65,-7
200304090SAS,RS,SAS,2225.0,,59,65,-6
200304090SAS,RS,SAS,2240.0,,59,67,-8
200304090SAS,RS,SAS,2262.0,,62,67,-5
200304090SAS,RS,SAS,2353.0,,64,67,-3
200304090SAS,RS,SAS,2381.0,,64,69,-5
200304090SAS,RS,SAS,2414.0,,64,70,-6
200304090SAS,RS,SAS,2414.0,,64,71,-7
200304090SAS,RS,SAS,2433.0,,66,71,-5
200304090SAS,RS,SAS,2459.0,,68,71,-3
200304090SAS,RS,SAS,2474.0,,68,73,-5
200304090SAS,RS,SAS,2502.0,,68,75,-7
200304090SAS,RS,SAS,2519.0,,70,75,-5
200304090SAS,RS,SAS,2536.0,,70,77,-7
200304090SAS,RS,SAS,2553.0,,73,77,-4
200304090SAS,RS,SAS,2572.0,,73,79,-6
200304090SAS,RS,SAS,2591.0,,75,79,-4
200304090SAS,RS,SAS,2669.0,,76,79,-3
200304090SAS,RS,SAS,2669.0,,77,79,-2
200304090SAS,RS,SAS,2716.0,,77,81,-4
200304090SAS,RS,SAS,2792.0,,78,81,-3
200304090SAS,RS,SAS,2792.0,,79,81,-2
200304090SAS,RS,SAS,2869.4,,79,82,-3
200304090SAS,RS,SAS,2869.4,,79,83,-4
200304090SAS,RS,SAS,2876.0,F,79,84,-5
200304090SAS,RS,SAS,2880.0,,79,84,-5
200304110MEM,RS,MEM,0.0,,0,0,0
200304110MEM,RS,MEM,50.0,,0,2,-2
200304110MEM,RS,MEM,81.0,,0,4,-4
200304110MEM,RS,MEM,106.0,,0,6,-6
200304110MEM,RS,MEM,128.0,,1,6,-5
200304110MEM,RS,MEM,128.0,,2,6,-4
200304110MEM,RS,MEM,143.0,,2,9,-7
200304110MEM,RS,MEM,195.0,,4,9,-5
200304110MEM,RS,MEM,222.0,,6,9,-3
200304110MEM,RS,MEM,247.0,,8,9,-1
200304110MEM,RS,MEM,286.0,LC,10,9,1
200304110MEM,RS,MEM,286.0,,11,9,2
200304110MEM,RS,MEM,304.0,,13,9,4
200304110MEM,RS,MEM,321.0,,13,12,1
200304110MEM,RS,MEM,346.0,,15,12,3
200304110MEM,RS,MEM,375.0,,15,13,2
200304110MEM,RS,MEM,375.0,,15,14,1
200304110MEM,RS,MEM,395.0,,17,14,3
200304110MEM,RS,MEM,409.0,,17,16,1
200304110MEM,RS,MEM,425.0,,19,16,3
200304110MEM,RS,MEM,455.0,,21,16,5
200304110MEM,RS,MEM,489.0,,23,16,7
200304110MEM,RS,MEM,528.0,,26,16,10
200304110MEM,RS,MEM,542.0,,26,18,8
200304110MEM,RS,MEM,565.0,,28,18,10
200304110MEM,RS,MEM,575.0,,28,20,8
200304110MEM,RS,MEM,602.0,,31,20,11
200304110MEM,RS,MEM,641.0,,32,20,12
200304110MEM,RS,MEM,701.0,,34,20,14
200304110MEM,RS,MEM,743.0,,36,20,16
200304110MEM,RS,MEM,743.0,,37,20,17
200304110MEM,RS,MEM,798.0,,39,20,19
200304110MEM,RS,MEM,818.0,,39,23,16
200304110MEM,RS,MEM,836.0,,41,23,18
200304110MEM,RS,MEM,852.0,,43,23,20
200304110MEM,RS,MEM,867.0,,43,25,18
200304110MEM,RS,MEM,907.0,,43,27,16
200304110MEM,RS,MEM,935.0,,43,29,14
200304110MEM,RS,MEM,936.0,,44,29,15
200304110MEM,RS,MEM,963.0,,44,31,13
200304110MEM,RS,MEM,1059.0,,46,31,15
200304110MEM,RS,MEM,1134.0,,48,31,17
200304110MEM,RS,MEM,1148.0,,48,33,15
200304110MEM,RS,MEM,1174.0,,48,34,14
200304110MEM,RS,MEM,1174.0,,48,35,13
200304110MEM,RS,MEM,1186.0,,49,35,14
200304110MEM,RS,MEM,1186.0,,50,35,15
200304110MEM,RS,MEM,1204.0,,51,35,16
200304110MEM,RS,MEM,1204.0,,52,35,17
200304110MEM,RS,MEM,1223.0,,52,36,16
200304110MEM,RS,MEM,1223.0,,52,37,15
200304110MEM,RS,MEM,1249.0,,52,40,12
200304110MEM,RS,MEM,1335.0,,52,42,10
200304110MEM,RS,MEM,1398.4,,52,45,7
200304110MEM,RS,MEM,1412.5,,54,45,9
200304110MEM,RS,MEM,1434.3,,54,46,8
200304110MEM,RS,MEM,1434.3,,54,47,7
200304110MEM,RS,MEM,1475.0,,54,49,5
200304110MEM,RS,MEM,1493.0,,56,49,7
200304110MEM,RS,MEM,1524.0,,56,51,5
200304110MEM,RS,MEM,1537.0,,58,51,7
200304110MEM,RS,MEM,1555.0,,58,53,5
200304110MEM,RS,MEM,1574.0,,60,53,7
200304110MEM,RS,MEM,1619.0,,60,55,5
200304110MEM,RS,MEM,1645.0,,60,58,2
200304110MEM,RS,MEM,1663.0,,62,58,4
200304110MEM,RS,MEM,1718.0,,62,60,2
200304110MEM,RS,MEM,1763.0,T,62,62,0
200304110MEM,RS,MEM,1796.0,LC,62,63,-1
200304110MEM,RS,MEM,1796.0,,62,64,-2
200304110MEM,RS,MEM,1821.0,,63,64,-1
200304110MEM,RS,MEM,1821.0,T,64,64,0
200304110MEM,RS,MEM,1869.0,LC,66,64,2
200304110MEM,RS,MEM,1899.0,T,66,66,0
200304110MEM,RS,MEM,1930.0,,68,66,2
200304110MEM,RS,MEM,1948.0,T,68,68,0
200304110MEM,RS,MEM,1948.0,LC,68,69,-1
200304110MEM,RS,MEM,1975.0,,68,71,-3
200304110MEM,RS,MEM,2011.0,,70,71,-1
200304110MEM,RS,MEM,2029.0,,70,73,-3
200304110MEM,RS,MEM,2049.0,,72,73,-1
200304110MEM,RS,MEM,2086.0,,72,75,-3
200304110MEM,RS,MEM,2121.8,,72,76,-4
200304110MEM,RS,MEM,2121.8,,72,77,-5
200304110MEM,RS,MEM,2137.5,,75,77,-2
200304110MEM,RS,MEM,2159.3,,75,79,-4
200304110MEM,RS,MEM,2275.0,,77,79,-2
200304110MEM,RS,MEM,2315.0,,77,81,-4
200304110MEM,RS,MEM,2335.0,,78,81,-3
200304110MEM,RS,MEM,2349.0,,79,81,-2
200304110MEM,RS,MEM,2349.0,,80,81,-1
200304110MEM,RS,MEM,2361.0,,80,82,-2
200304110MEM,RS,MEM,2361.0,,80,83,-3
200304110MEM,RS,MEM,2381.0,,80,85,-5
200304110MEM,RS,MEM,2409.0,,82,85,-3
200304110MEM,RS,MEM,2452.0,,82,87,-5
200304110MEM,RS,MEM,2472.0,,84,87,-3
200304110MEM,RS,MEM,2548.0,T,87,87,0
200304110MEM,RS,MEM,2588.0,LC,89,87,2
200304110MEM,RS,MEM,2608.0,LC,89,90,-1
200304110MEM,RS,MEM,2654.0,,89,92,-3
200304110MEM,RS,MEM,2689.0,,89,94,-5
200304110MEM,RS,MEM,2707.0,,90,94,-4
200304110MEM,RS,MEM,2707.0,,91,94,-3
200304110MEM,RS,MEM,2851.7,,93,94,-1
200304110MEM,RS,MEM,2876.8,,93,95,-2
200304110MEM,RS,MEM,2876.8,F,93,96,-3
200304110MEM,RS,MEM,2880.0,,93,96,-3
200304130POR,RS,LAL,0.0,,0,0,0
200304130POR,RS,LAL,50.0,,2,0,2
200304130POR,RS,LAL,82.0,,5,0,5
200304130POR,RS,LAL,100.0,,6,0,6
200304130POR,RS,LAL,100.0,,7,0,7
200304130POR,RS,LAL,108.0,,7,3,4
200304130POR,RS,LAL,146.0,,9,3,6
200304130POR,RS,LAL,158.0,,11,3,8
200304130POR,RS,LAL,177.0,,11,5,6
200304130POR,RS,LAL,193.0,,13,5,8
200304130POR,RS,LAL,211.0,,13,7,6
200304130POR,RS,LAL,244.0,,13,9,4
200304130POR,RS,LAL,274.0,,13,10,3
200304130POR,RS,LAL,274.0,,13,11,2
200304130POR,RS,LAL,285.0,,14,11,3
200304130POR,RS,LAL,325.0,,16,11,5
200304130POR,RS,LAL,351.0,,16,13,3
200304130POR,RS,LAL,368.0,,18,13,5
200304130POR,RS,LAL,368.0,,19,13,6
200304130POR,RS,LAL,410.0,,20,13,7
200304130POR,RS,LAL,431.0,,21,13,8
200304130POR,RS,LAL,431.0,,22,13,9
200304130POR,RS,LAL,447.0,,22,15,7
200304130POR,RS,LAL,463.0,,24,15,9
200304130POR,RS,LAL,491.0,,26,15,11
200304130POR,RS,LAL,508.0,,26,16,10
200304130POR,RS,LAL,508.0,,26,17,9
200304130POR,RS,LAL,570.0,,28,17,11
200304130POR,RS,LAL,596.0,,28,19,9
200304130POR,RS,LAL,640.0,,28,21,7
200304130POR,RS,LAL,673.0,,28,23,5
200304130POR,RS,LAL,717.5,,30,23,7
200304130POR,RS,LAL,738.0,,30,25,5
200304130POR,RS,LAL,770.0,,30,27,3
200304130POR,RS,LAL,843.0,,32,27,5
200304130POR,RS,LAL,873.0,,32,29,3
200304130POR,RS,LAL,912.0,,32,31,1
200304130POR,RS,LAL,961.0,,35,31,4
200304130POR,RS,LAL,1018.0,,37,31,6
200304130POR,RS,LAL,1048.0,,39,31,8
200304130POR,RS,LAL,1080.0,,41,31,10
200304130POR,RS,LAL,1123.0,,43,31,12
200304130POR,RS,LAL,1161.0,,44,31,13
200304130POR,RS,LAL,1180.0,,44,32,12
200304130POR,RS,LAL,1180.0,,44,33,11
200304130POR,RS,LAL,1197.0,,46,33,13
200304130POR,RS,LAL,1219.0,,46,35,11
200304130POR,RS,LAL,1244.0,,46,37,9
200304130POR,RS,LAL,1292.0,,46,39,7
200304130POR,RS,LAL,1292.0,,46,40,6
200304130POR,RS,LAL,1334.0,,48,40,8
200304130POR,RS,LAL,1393.5,,49,40,9
200304130POR,RS,LAL,1400.9,,49,41,8
200304130POR,RS,LAL,1419.1,,52,41,11
200304130POR,RS,LAL,1437.0,,52,42,10
200304130POR,RS,LAL,1437.0,,52,43,9
200304130POR,RS,LAL,1454.0,,52,45,7
200304130POR,RS,LAL,1479.0,,54,45,9
200304130POR,RS,LAL,1502.0,,54,47,7
200304130POR,RS,LAL,1567.0,,56,47,9
200304130POR,RS,LAL,1584.0,,56,49,7
200304130POR,RS,LAL,1597.0,,56,50,6
200304130POR,RS,LAL,1617.0,,56,52,4
200304130POR,RS,LAL,1618.0,,56,53,3
200304130POR,RS,LAL,1638.0,,56,54,2
200304130POR,RS,LAL,1638.0,,56,55,1
200304130POR,RS,LAL,1656.0,,58,55,3
200304130POR,RS,LAL,1731.0,,58,57,1
200304130POR,RS,LAL,1758.0,,61,57,4
200304130POR,RS,LAL,1774.0,,61,59,2
200304130POR,RS,LAL,1839.0,,63,59,4
200304130POR,RS,LAL,1893.0,,65,59,6
200304130POR,RS,LAL,1911.0,,65,60,5
200304130POR,RS,LAL,1926.0,,66,60,6
200304130POR,RS,LAL,1926.0,,67,60,7
200304130POR,RS,LAL,1960.0,,69,60,9
200304130POR,RS,LAL,1989.0,,69,61,8
200304130POR,RS,LAL,1989.0,,69,62,7
200304130POR,RS,LAL,1989.0,,69,63,6
200304130POR,RS,LAL,2007.0,,71,63,8
200304130POR,RS,LAL,2031.0,,71,65,6
200304130POR,RS,LAL,2063.0,,71,66,5
200304130POR,RS,LAL,2089.0,,73,66,7
200304130POR,RS,LAL,2154.9,,73,67,6
200304130POR,RS,LAL,2154.9,,73,68,5
200304130POR,RS,LAL,2176.0,,75,68,7
200304130POR,RS,LAL,2192.0,,75,69,6
200304130POR,RS,LAL,2192.0,,75,70,5
200304130POR,RS,LAL,2226.0,,77,70,7
200304130POR,RS,LAL,2262.0,,79,70,9
200304130POR,RS,LAL,2283.0,,79,72,7
200304130POR,RS,LAL,2310.0,,81,72,9
200304130POR,RS,LAL,2322.0,,81,74,7
200304130POR,RS,LAL,2352.0,,81,75,6
200304130POR,RS,LAL,2352.0,,81,76,5
200304130POR,RS,LAL,2386.0,,81,78,3
200304130POR,RS,LAL,2415.0,,81,80,1
200304130POR,RS,LAL,2455.0,LC,81,82,-1
200304130POR,RS,LAL,2468.0,LC,83,82,1
200304130POR,RS,LAL,2488.0,LC,83,84,-1
200304130POR,RS,LAL,2513.0,LC,85,84,1
200304130POR,RS,LAL,2539.0,T,85,85,0
200304130POR,RS,LAL,2615.0,,87,85,2
200304130POR,RS,LAL,2615.0,,88,85,3
200304130POR,RS,LAL,2627.0,,88,86,2
200304130POR,RS,LAL,2666.0,,88,87,1
200304130POR,RS,LAL,2689.0,,90,87,3
200304130POR,RS,LAL,2724.0,,92,87,5
200304130POR,RS,LAL,2741.0,,92,89,3
200304130POR,RS,LAL,2756.0,,93,89,4
200304130POR,RS,LAL,2777.0,,93,92,1
200304130POR,RS,LAL,2792.0,,96,92,4
200304130POR,RS,LAL,2804.0,,96,95,1
200304130POR,RS,LAL,2819.0,T,96,96,0
200304130POR,RS,LAL,2819.0,LC,96,97,-1
200304130POR,RS,LAL,2834.3,LC,98,97,1
200304130POR,RS,LAL,2845.6,LC,98,99,-1
200304130POR,RS,LAL,2875.9,F,101,99,2
200304130POR,RS,LAL,2880.0,,101,99,2
200304150POR,RS,PHO,0.0,,0,0,0
200304150POR,RS,PHO,38.0,,3,0,3
200304150POR,RS,PHO,61.0,T,3,3,0
200304150POR,RS,PHO,116.0,LC,3,5,-2
200304150POR,RS,PHO,138.0,,3,7,-4
200304150POR,RS,PHO,171.0,,5,7,-2
200304150POR,RS,PHO,195.0,,5,9,-4
200304150POR,RS,PHO,211.0,,7,9,-2
200304150POR,RS,PHO,222.0,T,9,9,0
200304150POR,RS,PHO,222.0,LC,10,9,1
200304150POR,RS,PHO,250.0,,11,9,2
200304150POR,RS,PHO,252.0,,13,9,4
200304150POR,RS,PHO,299.0,,13,10,3
200304150POR,RS,PHO,299.0,,13,11,2
200304150POR,RS,PHO,321.0,,15,11,4
200304150POR,RS,PHO,359.0,,16,11,5
200304150POR,RS,PHO,359.0,,17,11,6
200304150POR,RS,PHO,372.0,,17,13,4
200304150POR,RS,PHO,397.0,,17,16,1
200304150POR,RS,PHO,413.0,,20,16,4
200304150POR,RS,PHO,451.0,,20,18,2
200304150POR,RS,PHO,489.0,T,20,20,0
200304150POR,RS,PHO,520.0,LC,20,22,-2
200304150POR,RS,PHO,526.0,T,22,22,0
200304150POR,RS,PHO,550.0,LC,23,22,1
200304150POR,RS,PHO,550.0,,24,22,2
200304150POR,RS,PHO,586.0,T,24,24,0
200304150POR,RS,PHO,600.0,,26,24,2
200304150POR,RS,PHO,623.0,T,26,26,0
200304150POR,RS,PHO,676.8,,28,26,2
200304150POR,RS,PHO,688.6,T,28,28,0
200304150POR,RS,PHO,715.4,LC,28,30,-2
200304150POR,RS,PHO,758.0,,28,32,-4
200304150POR,RS,PHO,768.0,,30,32,-2
200304150POR,RS,PHO,784.0,T,32,32,0
200304150POR,RS,PHO,792.0,,32,33,-1
200304150POR,RS,PHO,811.0,LC,34,33,1
200304150POR,RS,PHO,832.0,,36,33,3
200304150POR,RS,PHO,832.0,,37,33,4
200304150POR,RS,PHO,892.0,,37,35,2
200304150POR,RS,PHO,918.0,,39,35,4
200304150POR,RS,PHO,945.0,,41,35,6
200304150POR,RS,PHO,969.0,,41,37,4
200304150POR,RS,PHO,996.0,,43,37,6
200304150POR,RS,PHO,1061.0,,43,39,4
200304150POR,RS,PHO,1077.0,,44,39,5
200304150POR,RS,PHO,1111.0,,46,39,7
200304150POR,RS,PHO,1124.0,,46,41,5
200304150POR,RS,PHO,1149.0,,48,41,7
200304150POR,RS,PHO,1162.0,,48,43,5
200304150POR,RS,PHO,1183.0,,50,43,7
200304150POR,RS,PHO,1202.0,,50,44,6
200304150POR,RS,PHO,1202.0,,50,45,5
200304150POR,RS,PHO,1217.0,,52,45,7
200304150POR,RS,PHO,1232.0,,54,45,9
200304150POR,RS,PHO,1254.0,,54,47,7
200304150POR,RS,PHO,1268.0,,56,47,9
200304150POR,RS,PHO,1332.0,,56,49,7
200304150POR,RS,PHO,1348.0,,58,49,9
200304150POR,RS,PHO,1379.0,,60,49,11
200304150POR,RS,PHO,1391.3,,60,51,9
200304150POR,RS,PHO,1408.3,,62,51,11
200304150POR,RS,PHO,1408.3,,63,51,12
200304150POR,RS,PHO,1427.2,,63,53,10
200304150POR,RS,PHO,1437.6,,66,53,13
200304150POR,RS,PHO,1470.0,,68,53,15
200304150POR,RS,PHO,1538.0,,70,53,17
200304150POR,RS,PHO,1625.0,,71,53,18
200304150POR,RS,PHO,1625.0,,72,53,19
200304150POR,RS,PHO,1637.0,,72,55,17
200304150POR,RS,PHO,1673.0,,74,55,19
200304150POR,RS,PHO,1694.0,,74,57,17
200304150POR,RS,PHO,1709.0,,76,57,19
200304150POR,RS,PHO,1734.0,,78,57,21
200304150POR,RS,PHO,1745.0,,78,59,19
200304150POR,RS,PHO,1770.0,,80,59,21
200304150POR,RS,PHO,1783.0,,80,61,19
200304150POR,RS,PHO,1804.0,,82,61,21
200304150POR,RS,PHO,1823.0,,82,63,19
200304150POR,RS,PHO,1863.0,,82,64,18
200304150POR,RS,PHO,1863.0,,82,65,17
200304150POR,RS,PHO,1896.0,,83,65,18
200304150POR,RS,PHO,1911.0,,84,65,19
200304150POR,RS,PHO,1947.0,,86,65,21
200304150POR,RS,PHO,1947.0,,87,65,22
200304150POR,RS,PHO,1965.0,,87,68,19
200304150POR,RS,PHO,1982.0,,90,68,22
200304150POR,RS,PHO,2017.0,,92,68,24
200304150POR,RS,PHO,2040.0,,94,68,26
200304150POR,RS,PHO,2056.0,,94,69,25
200304150POR,RS,PHO,2080.0,,94,71,23
200304150POR,RS,PHO,2092.0,,95,71,24
200304150POR,RS,PHO,2092.0,,96,71,25
200304150POR,RS,PHO,2104.1,,96,72,24
200304150POR,RS,PHO,2120.8,,98,72,26
200304150POR,RS,PHO,2131.5,,99,72,27
200304150POR,RS,PHO,2131.5,,100,72,28
200304150POR,RS,PHO,2142.7,,100,74,26
200304150POR,RS,PHO,2158.8,,102,74,28
200304150POR,RS,PHO,2224.0,,104,74,30
200304150POR,RS,PHO,2243.0,,104,75,29
200304150POR,RS,PHO,2295.0,,106,75,31
200304150POR,RS,PHO,2313.0,,106,78,28
200304150POR,RS,PHO,2381.0,,106,79,27
200304150POR,RS,PHO,2381.0,,106,80,26
200304150POR,RS,PHO,2410.0,,106,82,24
200304150POR,RS,PHO,2434.0,,107,82,25
200304150POR,RS,PHO,2434.0,,108,82,26
200304150POR,RS,PHO,2451.0,,110,82,28
200304150POR,RS,PHO,2459.0,,110,83,27
200304150POR,RS,PHO,2459.0,,110,84,26
200304150POR,RS,PHO,2486.0,,110,86,24
200304150POR,RS,PHO,2504.0,,112,86,26
200304150POR,RS,PHO,2535.0,,114,86,28
200304150POR,RS,PHO,2544.0,,114,88,26
200304150POR,RS,PHO,2544.0,,114,89,25
200304150POR,RS,PHO,2558.0,,116,89,27
200304150POR,RS,PHO,2574.0,,116,92,24
200304150POR,RS,PHO,2604.0,,116,94,22
200304150POR,RS,PHO,2625.0,,116,96,20
200304150POR,RS,PHO,2681.0,,118,96,22
200304150POR,RS,PHO,2742.0,,118,98,20
200304150POR,RS,PHO,2780.0,,118,100,18
200304150POR,RS,PHO,2838.6,,120,100,20
200304150POR,RS,PHO,2858.2,,120,101,19
200304150POR,RS,PHO,2858.2,F,120,102,18
200304150POR,RS,PHO,2880.0,,120,102,18
200304160LAC,RS,LAC,0.0,,0,0,0
200304160LAC,RS,LAC,43.0,,2,0,2
200304160LAC,RS,LAC,142.0,T,2,2,0
200304160LAC,RS,LAC,169.0,,3,2,1
200304160LAC,RS,LAC,187.0,LC,3,5,-2
200304160LAC,RS,LAC,228.0,,3,7,-4
200304160LAC,RS,LAC,278.0,,3,9,-6
200304160LAC,RS,LAC,329.0,,5,9,-4
200304160LAC,RS,LAC,349.0,,5,11,-6
200304160LAC,RS,LAC,371.0,,7,11,-4
200304160LAC,RS,LAC,398.0,,7,13,-6
200304160LAC,RS,LAC,422.0,,7,15,-8
200304160LAC,RS,LAC,440.0,,9,15,-6
200304160LAC,RS,LAC,462.0,,11,15,-4
200304160LAC,RS,LAC,492.0,,11,17,-6
200304160LAC,RS,LAC,503.0,,13,17,-4
200304160LAC,RS,LAC,535.0,,13,19,-6
200304160LAC,RS,LAC,567.0,,13,21,-8
200304160LAC,RS,LAC,582.0,,15,21,-6
200304160LAC,RS,LAC,620.0,,17,21,-4
200304160LAC,RS,LAC,657.0,,17,22,-5
200304160LAC,RS,LAC,693.8,,17,24,-7
200304160LAC,RS,LAC,740.0,,19,24,-5
200304160LAC,RS,LAC,754.0,,19,27,-8
200304160LAC,RS,LAC,768.0,,20,27,-7
200304160LAC,RS,LAC,785.0,,22,27,-5
200304160LAC,RS,LAC,831.0,,24,27,-3
200304160LAC,RS,LAC,867.0,,26,27,-1
200304160LAC,RS,LAC,888.0,,26,29,-3
200304160LAC,RS,LAC,934.0,,26,32,-6
200304160LAC,RS,LAC,955.0,,28,32,-4
200304160LAC,RS,LAC,964.0,,29,32,-3
200304160LAC,RS,LAC,991.0,,30,32,-2
200304160LAC,RS,LAC,991.0,,31,32,-1
200304160LAC,RS,LAC,999.0,,31,33,-2
200304160LAC,RS,LAC,1015.0,T,33,33,0
200304160LAC,RS,LAC,1046.0,,33,35,-2
200304160LAC,RS,LAC,1061.0,,34,35,-1
200304160LAC,RS,LAC,1061.0,T,35,35,0
200304160LAC,RS,LAC,1116.0,,35,37,-2
200304160LAC,RS,LAC,1141.0,T,37,37,0
200304160LAC,RS,LAC,1160.0,,37,40,-3
200304160LAC,RS,LAC,1186.0,,37,41,-4
200304160LAC,RS,LAC,1186.0,,37,42,-5
200304160LAC,RS,LAC,1244.0,,37,44,-7
200304160LAC,RS,LAC,1253.0,,39,44,-5
200304160LAC,RS,LAC,1253.0,,40,44,-4
200304160LAC,RS,LAC,1264.0,,40,46,-6
200304160LAC,RS,LAC,1282.0,,42,46,-4
200304160LAC,RS,LAC,1319.0,,44,46,-2
200304160LAC,RS,LAC,1340.0,,44,49,-5
200304160LAC,RS,LAC,1363.0,,47,49,-2
200304160LAC,RS,LAC,1404.6,,47,51,-4
200304160LAC,RS,LAC,1435.5,,47,52,-5
200304160LAC,RS,LAC,1467.0,,47,54,-7
200304160LAC,RS,LAC,1493.0,,47,57,-10
200304160LAC,RS,LAC,1514.0,,49,57,-8
200304160LAC,RS,LAC,1533.0,,49,59,-10
200304160LAC,RS,LAC,1565.0,,49,60,-11
200304160LAC,RS,LAC,1580.0,,51,60,-9
200304160LAC,RS,LAC,1657.0,,51,62,-11
200304160LAC,RS,LAC,1670.0,,53,62,-9
200304160LAC,RS,LAC,1670.0,,54,62,-8
200304160LAC,RS,LAC,1701.0,,56,62,-6
200304160LAC,RS,LAC,1737.0,,58,62,-4
200304160LAC,RS,LAC,1762.0,,58,64,-6
200304160LAC,RS,LAC,1793.0,,58,66,-8
200304160LAC,RS,LAC,1806.0,,61,66,-5
200304160LAC,RS,LAC,1876.0,,62,66,-4
200304160LAC,RS,LAC,1876.0,,63,66,-3
200304160LAC,RS,LAC,1899.0,,65,66,-1
200304160LAC,RS,LAC,1920.0,,65,68,-3
200304160LAC,RS,LAC,1946.0,,67,68,-1
200304160LAC,RS,LAC,1971.0,,67,69,-2
200304160LAC,RS,LAC,1971.0,,67,70,-3
200304160LAC,RS,LAC,1996.0,T,70,70,0
200304160LAC,RS,LAC,2040.0,,70,71,-1
200304160LAC,RS,LAC,2086.0,LC,72,71,1
200304160LAC,RS,LAC,2106.8,LC,72,73,-1
200304160LAC,RS,LAC,2121.7,,72,75,-3
200304160LAC,RS,LAC,2147.4,,72,77,-5
200304160LAC,RS,LAC,2188.0,,73,77,-4
200304160LAC,RS,LAC,2222.0,,73,80,-7
200304160LAC,RS,LAC,2273.0,,73,82,-9
200304160LAC,RS,LAC,2295.0,,73,84,-11
200304160LAC,RS,LAC,2312.0,,75,84,-9
200304160LAC,RS,LAC,2327.0,,75,86,-11
200304160LAC,RS,LAC,2370.0,,75,88,-13
200304160LAC,RS,LAC,2396.0,,77,88,-11
200304160LAC,RS,LAC,2436.0,,79,88,-9
200304160LAC,RS,LAC,2460.0,,79,90,-11
200304160LAC,RS,LAC,2498.0,,79,92,-13
200304160LAC,RS,LAC,2529.0,,79,94,-15
200304160LAC,RS,LAC,2571.0,,80,94,-14
200304160LAC,RS,LAC,2571.0,,81,94,-13
200304160LAC,RS,LAC,2630.0,,84,94,-10
200304160LAC,RS,LAC,2648.0,,84,95,-11
200304160LAC,RS,LAC,2669.0,,86,95,-9
200304160LAC,RS,LAC,2682.0,,86,97,-11
200304160LAC,RS,LAC,2696.0,,88,97,-9
200304160LAC,RS,LAC,2715.0,,88,100,-12
200304160LAC,RS,LAC,2731.0,,88,102,-14
200304160LAC,RS,LAC,2761.0,,88,105,-17
200304160LAC,RS,LAC,2835.1,,90,105,-15
200304160LAC,RS,LAC,2851.6,,90,107,-17
200304160LAC,RS,LAC,2867.4,F,93,107,-14
200304160LAC,RS,LAC,2880.0,,93,107,-14
200304190DAL,PO,DAL,0.0,,0,0,0
200304190DAL,PO,DAL,21.0,,0,2,-2
200304190DAL,PO,DAL,42.0,T,2,2,0
200304190DAL,PO,DAL,64.0,,2,4,-2
200304190DAL,PO,DAL,94.0,,2,6,-4
200304190DAL,PO,DAL,156.0,,2,8,-6
200304190DAL,PO,DAL,215.0,,2,11,-9
200304190DAL,PO,DAL,231.0,,4,11,-7
200304190DAL,PO,DAL,268.0,,6,11,-5
200304190DAL,PO,DAL,292.0,,8,11,-3
200304190DAL,PO,DAL,312.0,,8,13,-5
200304190DAL,PO,DAL,354.0,,10,13,-3
200304190DAL,PO,DAL,374.0,,12,13,-1
200304190DAL,PO,DAL,414.0,LC,14,13,1
200304190DAL,PO,DAL,486.0,LC,14,15,-1
200304190DAL,PO,DAL,514.0,LC,17,15,2
200304190DAL,PO,DAL,623.0,T,17,17,0
200304190DAL,PO,DAL,641.0,,19,17,2
200304190DAL,PO,DAL,682.7,LC,19,20,-1
200304190DAL,PO,DAL,693.3,LC,21,20,1
200304190DAL,PO,DAL,717.8,LC,21,23,-2
200304190DAL,PO,DAL,774.0,T,23,23,0
200304190DAL,PO,DAL,860.0,,23,25,-2
200304190DAL,PO,DAL,904.0,,24,25,-1
200304190DAL,PO,DAL,904.0,T,25,25,0
200304190DAL,PO,DAL,917.0,,25,27,-2
200304190DAL,PO,DAL,936.0,T,27,27,0
200304190DAL,PO,DAL,952.0,LC,29,27,2
200304190DAL,PO,DAL,959.0,T,29,29,0
200304190DAL,PO,DAL,969.0,,31,29,2
200304190DAL,PO,DAL,1001.0,,32,29,3
200304190DAL,PO,DAL,1001.0,,33,29,4
200304190DAL,PO,DAL,1025.0,,35,29,6
200304190DAL,PO,DAL,1040.0,,35,31,4
200304190DAL,PO,DAL,1067.0,,37,31,6
200304190DAL,PO,DAL,1100.0,,39,31,8
200304190DAL,PO,DAL,1116.0,,39,33,6
200304190DAL,PO,DAL,1116.0,,39,34,5
200304190DAL,PO,DAL,1163.0,,40,34,6
200304190DAL,PO,DAL,1189.0,,42,34,8
200304190DAL,PO,DAL,1201.0,,42,36,6
200304190DAL,PO,DAL,1220.0,,44,36,8
200304190DAL,PO,DAL,1243.0,,47,36,11
200304190DAL,PO,DAL,1291.0,,49,36,13
200304190DAL,PO,DAL,1308.0,,49,39,10
200304190DAL,PO,DAL,1375.0,,52,39,13
200304190DAL,PO,DAL,1383.8,,52,41,11
200304190DAL,PO,DAL,1439.1,,52,42,10
200304190DAL,PO,DAL,1488.0,,52,43,9
200304190DAL,PO,DAL,1503.0,,52,45,7
200304190DAL,PO,DAL,1569.0,,52,46,6
200304190DAL,PO,DAL,1600.0,,54,46,8
200304190DAL,PO,DAL,1625.0,,54,48,6
200304190DAL,PO,DAL,1625.0,,54,49,5
200304190DAL,PO,DAL,1650.0,,55,49,6
200304190DAL,PO,DAL,1691.0,,57,49,8
200304190DAL,PO,DAL,1719.0,,57,50,7
200304190DAL,PO,DAL,1719.0,,57,51,6
200304190DAL,PO,DAL,1747.0,,59,51,8
200304190DAL,PO,DAL,1775.0,,60,51,9
200304190DAL,PO,DAL,1788.0,,60,53,7
200304190DAL,PO,DAL,1848.0,,60,54,6
200304190DAL,PO,DAL,1848.0,,60,55,5
200304190DAL,PO,DAL,1909.0,,60,56,4
200304190DAL,PO,DAL,1909.0,,60,57,3
200304190DAL,PO,DAL,1923.0,,61,57,4
200304190DAL,PO,DAL,1936.0,,61,58,3
200304190DAL,PO,DAL,1936.0,,61,59,2
200304190DAL,PO,DAL,1979.0,LC,61,62,-1
200304190DAL,PO,DAL,2007.0,,61,63,-2
200304190DAL,PO,DAL,2062.0,,61,66,-5
200304190DAL,PO,DAL,2102.8,,64,66,-2
200304190DAL,PO,DAL,2120.9,,64,67,-3
200304190DAL,PO,DAL,2120.9,,64,68,-4
200304190DAL,PO,DAL,2159.7,,64,70,-6
200304190DAL,PO,DAL,2199.0,,64,73,-9
200304190DAL,PO,DAL,2240.0,,65,73,-8
200304190DAL,PO,DAL,2240.0,,66,73,-7
200304190DAL,PO,DAL,2240.0,,67,73,-6
200304190DAL,PO,DAL,2249.0,,67,75,-8
200304190DAL,PO,DAL,2267.0,,69,75,-6
200304190DAL,PO,DAL,2321.0,,71,75,-4
200304190DAL,PO,DAL,2346.0,,73,75,-2
200304190DAL,PO,DAL,2366.0,,73,77,-4
200304190DAL,PO,DAL,2392.0,,76,77,-1
200304190DAL,PO,DAL,2413.0,,76,79,-3
200304190DAL,PO,DAL,2443.0,,76,82,-6
200304190DAL,PO,DAL,2456.0,,78,82,-4
200304190DAL,PO,DAL,2479.0,,78,83,-5
200304190DAL,PO,DAL,2495.0,,80,83,-3
200304190DAL,PO,DAL,2514.0,,80,85,-5
200304190DAL,PO,DAL,2557.0,,80,87,-7
200304190DAL,PO,DAL,2602.0,,80,89,-9
200304190DAL,PO,DAL,2618.0,,82,89,-7
200304190DAL,PO,DAL,2671.0,,82,91,-9
200304190DAL,PO,DAL,2730.0,,84,91,-7
200304190DAL,PO,DAL,2778.0,,84,93,-9
200304190DAL,PO,DAL,2795.0,,86,93,-7
200304190DAL,PO,DAL,2815.0,,86,94,-8
200304190DAL,PO,DAL,2815.0,,86,95,-9
200304190DAL,PO,DAL,2842.4,F,86,96,-10
200304190DAL,PO,DAL,2880.0,,86,96,-10
200304230DAL,PO,DAL,0.0,,0,0,0
200304230DAL,PO,DAL,5.0,,2,0,2
200304230DAL,PO,DAL,29.0,T,2,2,0
200304230DAL,PO,DAL,83.0,LC,2,3,-1
200304230DAL,PO,DAL,83.0,,2,4,-2
200304230DAL,PO,DAL,100.0,T,4,4,0
200304230DAL,PO,DAL,107.0,,4,5,-1
200304230DAL,PO,DAL,130.0,T,5,5,0
200304230DAL,PO,DAL,130.0,LC,6,5,1
200304230DAL,PO,DAL,253.0,LC,6,8,-2
200304230DAL,PO,DAL,296.0,,6,10,-4
200304230DAL,PO,DAL,338.0,,7,10,-3
200304230DAL,PO,DAL,338.0,,8,10,-2
200304230DAL,PO,DAL,355.0,T,10,10,0
200304230DAL,PO,DAL,382.0,,10,12,-2
200304230DAL,PO,DAL,419.0,T,12,12,0
200304230DAL,PO,DAL,419.0,LC,13,12,1
200304230DAL,PO,DAL,439.0,LC,13,14,-1
200304230DAL,PO,DAL,459.0,LC,15,14,1
200304230DAL,PO,DAL,481.0,LC,15,16,-1
200304230DAL,PO,DAL,494.0,LC,17,16,1
200304230DAL,PO,DAL,565.0,T,17,17,0
200304230DAL,PO,DAL,565.0,LC,17,18,-1
200304230DAL,PO,DAL,586.0,LC,19,18,1
200304230DAL,PO,DAL,596.0,LC,19,20,-1
200304230DAL,PO,DAL,628.0,,19,23,-4
200304230DAL,PO,DAL,791.0,,19,25,-6
200304230DAL,PO,DAL,852.0,,20,25,-5
200304230DAL,PO,DAL,852.0,,21,25,-4
200304230DAL,PO,DAL,864.0,,21,28,-7
200304230DAL,PO,DAL,886.0,,21,31,-10
200304230DAL,PO,DAL,966.0,,23,31,-8
200304230DAL,PO,DAL,1006.0,,23,33,-10
200304230DAL,PO,DAL,1024.0,,25,33,-8
200304230DAL,PO,DAL,1078.0,,27,33,-6
200304230DAL,PO,DAL,1110.0,,29,33,-4
200304230DAL,PO,DAL,1156.0,,29,35,-6
200304230DAL,PO,DAL,1179.0,,29,37,-8
200304230DAL,PO,DAL,1202.0,,32,37,-5
200304230DAL,PO,DAL,1223.0,,32,39,-7
200304230DAL,PO,DAL,1243.0,,33,39,-6
200304230DAL,PO,DAL,1243.0,,34,39,-5
200304230DAL,PO,DAL,1270.0,,34,41,-7
200304230DAL,PO,DAL,1270.0,,34,42,-8
200304230DAL,PO,DAL,1288.0,,36,42,-6
200304230DAL,PO,DAL,1314.0,,36,44,-8
200304230DAL,PO,DAL,1336.0,,39,44,-5
200304230DAL,PO,DAL,1391.1,,39,45,-6
200304230DAL,PO,DAL,1407.9,,39,48,-9
200304230DAL,PO,DAL,1426.4,,42,48,-6
200304230DAL,PO,DAL,1452.0,,42,50,-8
200304230DAL,PO,DAL,1526.0,,44,50,-6
200304230DAL,PO,DAL,1561.0,,45,50,-5
200304230DAL,PO,DAL,1574.0,,45,53,-8
200304230DAL,PO,DAL,1644.0,,46,53,-7
200304230DAL,PO,DAL,1644.0,,47,53,-6
200304230DAL,PO,DAL,1662.0,,47,55,-8
200304230DAL,PO,DAL,1677.0,,48,55,-7
200304230DAL,PO,DAL,1718.0,,49,55,-6
200304230DAL,PO,DAL,1731.0,,49,58,-9
200304230DAL,PO,DAL,1755.0,,50,58,-8
200304230DAL,PO,DAL,1755.0,,51,58,-7
200304230DAL,PO,DAL,1794.0,,52,58,-6
200304230DAL,PO,DAL,1794.0,,53,58,-5
200304230DAL,PO,DAL,1812.0,,53,60,-7
200304230DAL,PO,DAL,1829.0,,55,60,-5
200304230DAL,PO,DAL,1864.0,,58,60,-2
200304230DAL,PO,DAL,1898.0,,58,61,-3
200304230DAL,PO,DAL,1898.0,,58,62,-4
200304230DAL,PO,DAL,1908.0,,59,62,-3
200304230DAL,PO,DAL,1918.0,T,62,62,0
200304230DAL,PO,DAL,1943.0,,62,64,-2
200304230DAL,PO,DAL,1982.0,T,64,64,0
200304230DAL,PO,DAL,1997.0,,64,66,-2
200304230DAL,PO,DAL,2030.0,,64,68,-4
200304230DAL,PO,DAL,2046.0,,65,68,-3
200304230DAL,PO,DAL,2062.0,,65,70,-5
200304230DAL,PO,DAL,2080.0,,66,70,-4
200304230DAL,PO,DAL,2100.2,,66,72,-6
200304230DAL,PO,DAL,2117.1,,68,72,-4
200304230DAL,PO,DAL,2156.2,,71,72,-1
200304230DAL,PO,DAL,2221.0,LC,73,72,1
200304230DAL,PO,DAL,2241.0,,75,72,3
200304230DAL,PO,DAL,2286.0,,75,73,2
200304230DAL,PO,DAL,2293.0,LC,75,76,-1
200304230DAL,PO,DAL,2311.0,LC,77,76,1
200304230DAL,PO,DAL,2356.0,,78,76,2
200304230DAL,PO,DAL,2373.0,LC,78,79,-1
200304230DAL,PO,DAL,2436.0,LC,80,79,1
200304230DAL,PO,DAL,2457.0,LC,80,82,-2
200304230DAL,PO,DAL,2486.0,T,82,82,0
200304230DAL,PO,DAL,2514.0,,82,84,-2
200304230DAL,PO,DAL,2561.0,,82,86,-4
200304230DAL,PO,DAL,2585.0,,84,86,-2
200304230DAL,PO,DAL,2591.0,,84,87,-3
200304230DAL,PO,DAL,2591.0,,84,88,-4
200304230DAL,PO,DAL,2606.0,,85,88,-3
200304230DAL,PO,DAL,2606.0,,86,88,-2
200304230DAL,PO,DAL,2624.0,,86,90,-4
200304230DAL,PO,DAL,2640.0,,88,90,-2
200304230DAL,PO,DAL,2659.0,,88,93,-5
200304230DAL,PO,DAL,2676.0,,91,93,-2
200304230DAL,PO,DAL,2698.0,,91,95,-4
200304230DAL,PO,DAL,2721.0,,93,95,-2
200304230DAL,PO,DAL,2750.0,,93,97,-4
200304230DAL,PO,DAL,2780.0,,95,97,-2
200304230DAL,PO,DAL,2813.0,,95,98,-3
200304230DAL,PO,DAL,2831.8,,97,98,-1
200304230DAL,PO,DAL,2831.8,T,98,98,0
200304230DAL,PO,DAL,2850.3,,98,101,-3
200304230DAL,PO,DAL,2853.8,,99,101,-2
200304230DAL,PO,DAL,2865.5,,99,102,-3
200304230DAL,PO,DAL,2865.5,F,99,103,-4
200304230DAL,PO,DAL,2880.0,,99,103,-4
200304250POR,PO,DAL,0.0,,0,0,0
200304250POR,PO,DAL,28.0,,0,2,-2
200304250POR,PO,DAL,47.0,,1,2,-1
200304250POR,PO,DAL,47.0,T,2,2,0
200304250POR,PO,DAL,62.0,,2,4,-2
200304250POR,PO,DAL,74.0,,2,5,-3
200304250POR,PO,DAL,74.0,,2,6,-4
200304250POR,PO,DAL,97.0,,4,6,-2
200304250POR,PO,DAL,144.0,,4,9,-5
200304250POR,PO,DAL,167.0,,4,11,-7
200304250POR,PO,DAL,194.0,,4,14,-10
200304250POR,PO,DAL,231.0,,4,16,-12
200304250POR,PO,DAL,280.0,,7,16,-9
200304250POR,PO,DAL,311.0,,9,16,-7
200304250POR,PO,DAL,336.0,,9,18,-9
200304250POR,PO,DAL,372.0,,11,18,-7
200304250POR,PO,DAL,419.0,,11,20,-9
200304250POR,PO,DAL,437.0,,12,20,-8
200304250POR,PO,DAL,509.0,,13,20,-7
200304250POR,PO,DAL,509.0,,14,20,-6
200304250POR,PO,DAL,533.0,,14,22,-8
200304250POR,PO,DAL,552.0,,14,25,-11
200304250POR,PO,DAL,566.0,,15,25,-10
200304250POR,PO,DAL,566.0,,16,25,-9
200304250POR,PO,DAL,580.0,,16,27,-11
200304250POR,PO,DAL,602.0,,17,27,-10
200304250POR,PO,DAL,602.0,,18,27,-9
200304250POR,PO,DAL,615.0,,18,29,-11
200304250POR,PO,DAL,637.0,,20,29,-9
200304250POR,PO,DAL,682.9,,20,30,-10
200304250POR,PO,DAL,694.6,,21,30,-9
200304250POR,PO,DAL,694.6,,22,30,-8
200304250POR,PO,DAL,736.0,,24,30,-6
200304250POR,PO,DAL,736.0,,25,30,-5
200304250POR,PO,DAL,751.0,,25,31,-6
200304250POR,PO,DAL,751.0,,25,32,-7
200304250POR,PO,DAL,768.0,,27,32,-5
200304250POR,PO,DAL,783.0,,27,35,-8
200304250POR,PO,DAL,831.0,,29,35,-6
200304250POR,PO,DAL,843.0,,29,38,-9
200304250POR,PO,DAL,864.0,,30,38,-8
200304250POR,PO,DAL,864.0,,31,38,-7
200304250POR,PO,DAL,895.0,,33,38,-5
200304250POR,PO,DAL,910.0,,33,39,-6
200304250POR,PO,DAL,910.0,,33,40,-7
200304250POR,PO,DAL,922.0,,35,40,-5
200304250POR,PO,DAL,953.0,,37,40,-3
200304250POR,PO,DAL,971.0,,37,42,-5
200304250POR,PO,DAL,989.0,,39,42,-3
200304250POR,PO,DAL,1008.0,,39,43,-4
200304250POR,PO,DAL,1008.0,,39,44,-5
200304250POR,PO,DAL,1042.0,,39,46,-7
200304250POR,PO,DAL,1085.0,,41,46,-5
200304250POR,PO,DAL,1096.0,,41,48,-7
200304250POR,PO,DAL,1119.0,,43,48,-5
200304250POR,PO,DAL,1134.0,,43,50,-7
200304250POR,PO,DAL,1151.0,,45,50,-5
200304250POR,PO,DAL,1178.0,,45,52,-7
200304250POR,PO,DAL,1199.0,,46,52,-6
200304250POR,PO,DAL,1209.0,,47,52,-5
200304250POR,PO,DAL,1228.0,,47,55,-8
200304250POR,PO,DAL,1258.0,,49,55,-6
200304250POR,PO,DAL,1274.0,,49,57,-8
200304250POR,PO,DAL,1285.0,,50,57,-7
200304250POR,PO,DAL,1285.0,,51,57,-6
200304250POR,PO,DAL,1310.0,,54,57,-3
200304250POR,PO,DAL,1326.0,,54,58,-4
200304250POR,PO,DAL,1326.0,,54,59,-5
200304250POR,PO,DAL,1340.0,,55,59,-4
200304250POR,PO,DAL,1362.0,,55,61,-6
200304250POR,PO,DAL,1378.0,,57,61,-4
200304250POR,PO,DAL,1394.2,,58,61,-3
200304250POR,PO,DAL,1394.2,,59,61,-2
200304250POR,PO,DAL,1413.8,,59,64,-5
200304250POR,PO,DAL,1439.4,,61,64,-3
200304250POR,PO,DAL,1476.0,,61,66,-5
200304250POR,PO,DAL,1533.0,,61,69,-8
200304250POR,PO,DAL,1592.0,,63,69,-6
200304250POR,PO,DAL,1628.0,,65,69,-4
200304250POR,PO,DAL,1684.0,,68,69,-1
200304250POR,PO,DAL,1705.0,,68,70,-2
200304250POR,PO,DAL,1705.0,,68,71,-3
200304250POR,PO,DAL,1719.0,,69,71,-2
200304250POR,PO,DAL,1738.0,,69,74,-5
200304250POR,PO,DAL,1770.0,,69,76,-7
200304250POR,PO,DAL,1787.0,,72,76,-4
200304250POR,PO,DAL,1848.0,,72,77,-5
200304250POR,PO,DAL,1848.0,,72,78,-6
200304250POR,PO,DAL,1866.0,,72,80,-8
200304250POR,PO,DAL,1886.0,,74,80,-6
200304250POR,PO,DAL,1910.0,,77,80,-3
200304250POR,PO,DAL,1978.0,,77,82,-5
200304250POR,PO,DAL,2029.0,,77,84,-7
200304250POR,PO,DAL,2050.0,,80,84,-4
200304250POR,PO,DAL,2117.2,,82,84,-2
200304250POR,PO,DAL,2117.2,,83,84,-1
200304250POR,PO,DAL,2127.9,T,84,84,0
200304250POR,PO,DAL,2127.9,LC,85,84,1
200304250POR,PO,DAL,2177.0,LC,85,86,-1
200304250POR,PO,DAL,2236.0,T,86,86,0
200304250POR,PO,DAL,2236.0,LC,87,86,1
200304250POR,PO,DAL,2295.0,LC,87,88,-1
200304250POR,PO,DAL,2335.0,,87,91,-4
200304250POR,PO,DAL,2374.0,,89,91,-2
200304250POR,PO,DAL,2401.0,,89,94,-5
200304250POR,PO,DAL,2433.0,,90,94,-4
200304250POR,PO,DAL,2433.0,,91,94,-3
200304250POR,PO,DAL,2453.0,,91,96,-5
200304250POR,PO,DAL,2470.0,,93,96,-3
200304250POR,PO,DAL,2488.0,,93,99,-6
200304250POR,PO,DAL,2506.0,,94,99,-5
200304250POR,PO,DAL,2522.0,,94,102,-8
200304250POR,PO,DAL,2543.0,,95,102,-7
200304250POR,PO,DAL,2554.0,,95,104,-9
200304250POR,PO,DAL,2570.0,,95,106,-11
200304250POR,PO,DAL,2570.0,,95,107,-12
200304250POR,PO,DAL,2589.0,,97,107,-10
200304250POR,PO,DAL,2658.0,,97,109,-12
200304250POR,PO,DAL,2766.0,,97,111,-14
200304250POR,PO,DAL,2783.0,,99,111,-12
200304250POR,PO,DAL,2803.0,,99,112,-13
200304250POR,PO,DAL,2803.0,,99,113,-14
200304250POR,PO,DAL,2817.0,,101,113,-12
200304250POR,PO,DAL,2835.8,,101,115,-14
200304250POR,PO,DAL,2851.5,F,103,115,-12
200304250POR,PO,DAL,2880.0,,103,115,-12
200304270POR,PO,DAL,0.0,,0,0,0
200304270POR,PO,DAL,14.0,,0,2,-2
200304270POR,PO,DAL,43.0,,1,2,-1
200304270POR,PO,DAL,43.0,T,2,2,0
200304270POR,PO,DAL,58.0,,2,5,-3
200304270POR,PO,DAL,79.0,,4,5,-1
200304270POR,PO,DAL,131.0,,4,7,-3
200304270POR,PO,DAL,203.0,,4,9,-5
200304270POR,PO,DAL,203.0,,4,10,-6
200304270POR,PO,DAL,254.0,,5,10,-5
200304270POR,PO,DAL,254.0,,6,10,-4
200304270POR,PO,DAL,277.0,,8,10,-2
200304270POR,PO,DAL,295.0,,8,12,-4
200304270POR,PO,DAL,313.0,,10,12,-2
200304270POR,PO,DAL,353.0,,11,12,-1
200304270POR,PO,DAL,380.0,LC,14,12,2
200304270POR,PO,DAL,401.0,,15,12,3
200304270POR,PO,DAL,415.0,,15,14,1
200304270POR,PO,DAL,437.0,,18,14,4
200304270POR,PO,DAL,461.0,,19,14,5
200304270POR,PO,DAL,461.0,,20,14,6
200304270POR,PO,DAL,484.0,,20,17,3
200304270POR,PO,DAL,527.0,,21,17,4
200304270POR,PO,DAL,563.0,,22,17,5
200304270POR,PO,DAL,598.0,,22,19,3
200304270POR,PO,DAL,641.0,,24,19,5
200304270POR,PO,DAL,651.0,,24,21,3
200304270POR,PO,DAL,682.4,,26,21,5
200304270POR,PO,DAL,691.6,,26,22,4
200304270POR,PO,DAL,691.6,,26,23,3
200304270POR,PO,DAL,758.0,,26,25,1
200304270POR,PO,DAL,777.0,,28,25,3
200304270POR,PO,DAL,788.0,,28,27,1
200304270POR,PO,DAL,805.0,,30,27,3
200304270POR,PO,DAL,817.0,,30,29,1
200304270POR,PO,DAL,825.0,,32,29,3
200304270POR,PO,DAL,845.0,,32,31,1
200304270POR,PO,DAL,854.0,,34,31,3
200304270POR,PO,DAL,870.0,,34,33,1
200304270POR,PO,DAL,926.0,,36,33,3
200304270POR,PO,DAL,966.0,,36,35,1
200304270POR,PO,DAL,994.0,T,36,36,0
200304270POR,PO,DAL,1026.0,LC,36,38,-2
200304270POR,PO,DAL,1117.0,T,38,38,0
200304270POR,PO,DAL,1131.0,,38,41,-3
200304270POR,PO,DAL,1179.0,,40,41,-1
200304270POR,PO,DAL,1235.0,LC,42,41,1
200304270POR,PO,DAL,1269.0,,45,41,4
200304270POR,PO,DAL,1283.0,,45,43,2
200304270POR,PO,DAL,1321.0,,45,44,1
200304270POR,PO,DAL,1321.0,T,45,45,0
200304270POR,PO,DAL,1354.0,LC,45,46,-1
200304270POR,PO,DAL,1354.0,,45,47,-2
200304270POR,PO,DAL,1378.0,,45,49,-4
200304270POR,PO,DAL,1393.2,,47,49,-2
200304270POR,PO,DAL,1436.5,T,49,49,0
200304270POR,PO,DAL,1439.7,,49,52,-3
200304270POR,PO,DAL,1458.0,,50,52,-2
200304270POR,PO,DAL,1458.0,,51,52,-1
200304270POR,PO,DAL,1477.0,,51,54,-3
200304270POR,PO,DAL,1495.0,,52,54,-2
200304270POR,PO,DAL,1628.0,T,54,54,0
200304270POR,PO,DAL,1650.0,LC,57,54,3
200304270POR,PO,DAL,1681.0,,59,54,5
200304270POR,PO,DAL,1736.0,,59,56,3
200304270POR,PO,DAL,1770.0,,59,58,1
200304270POR,PO,DAL,1793.0,,60,58,2
200304270POR,PO,DAL,1793.0,,61,58,3
200304270POR,PO,DAL,1822.0,,62,58,4
200304270POR,PO,DAL,1871.0,,63,58,5
200304270POR,PO,DAL,1899.0,,65,58,7
200304270POR,PO,DAL,1975.0,,67,58,9
200304270POR,PO,DAL,2004.0,,69,58,11
200304270POR,PO,DAL,2004.0,,70,58,12
200304270POR,PO,DAL,2040.0,,72,58,14
200304270POR,PO,DAL,2040.0,,73,58,15
200304270POR,PO,DAL,2051.0,,74,58,16
200304270POR,PO,DAL,2051.0,,75,58,17
200304270POR,PO,DAL,2085.0,,76,58,18
200304270POR,PO,DAL,2085.0,,77,58,19
200304270POR,PO,DAL,2085.0,,78,58,20
200304270POR,PO,DAL,2118.7,,80,58,22
200304270POR,PO,DAL,2129.5,,80,60,20
200304270POR,PO,DAL,2151.1,,82,60,22
200304270POR,PO,DAL,2156.6,,82,61,21
200304270POR,PO,DAL,2156.6,,82,62,20
200304270POR,PO,DAL,2196.0,,84,62,22
200304270POR,PO,DAL,2216.0,,84,64,20
200304270POR,PO,DAL,2255.0,,87,64,23
200304270POR,PO,DAL,2282.0,,87,66,21
200304270POR,PO,DAL,2282.0,,88,66,22
200304270POR,PO,DAL,2344.0,,90,66,24
200304270POR,PO,DAL,2478.0,,90,69,21
200304270POR,PO,DAL,2500.0,,91,69,22
200304270POR,PO,DAL,2530.0,,91,71,20
200304270POR,PO,DAL,2584.0,,92,71,21
200304270POR,PO,DAL,2596.0,,92,72,20
200304270POR,PO,DAL,2596.0,,92,73,19
200304270POR,PO,DAL,2658.0,,95,73,22
200304270POR,PO,DAL,2674.0,,95,75,20
200304270POR,PO,DAL,2692.0,,96,75,21
200304270POR,PO,DAL,2692.0,,97,75,22
200304270POR,PO,DAL,2738.0,,97,77,20
200304270POR,PO,DAL,2844.8,,97,79,18
200304270POR,PO,DAL,2861.1,F,98,79,19
200304270POR,PO,DAL,2880.0,,98,79,19
200304300DAL,PO,DAL,0.0,,0,0,0
200304300DAL,PO,DAL,11.0,,0,2,-2
200304300DAL,PO,DAL,36.0,T,2,2,0
200304300DAL,PO,DAL,50.0,,2,4,-2
200304300DAL,PO,DAL,168.0,,2,7,-5
200304300DAL,PO,DAL,201.0,,4,7,-3
200304300DAL,PO,DAL,230.0,,4,9,-5
200304300DAL,PO,DAL,285.0,,6,9,-3
200304300DAL,PO,DAL,295.0,,6,11,-5
200304300DAL,PO,DAL,432.0,,6,13,-7
200304300DAL,PO,DAL,456.0,,6,15,-9
200304300DAL,PO,DAL,520.0,,7,15,-8
200304300DAL,PO,DAL,520.0,,8,15,-7
200304300DAL,PO,DAL,609.0,,10,15,-5
200304300DAL,PO,DAL,617.0,,10,16,-6
200304300DAL,PO,DAL,617.0,,10,17,-7
200304300DAL,PO,DAL,638.0,,12,17,-5
200304300DAL,PO,DAL,651.0,,12,18,-6
200304300DAL,PO,DAL,651.0,,12,19,-7
200304300DAL,PO,DAL,666.3,,13,19,-6
200304300DAL,PO,DAL,678.6,,13,20,-7
200304300DAL,PO,DAL,678.6,,13,21,-8
200304300DAL,PO,DAL,693.0,,15,21,-6
200304300DAL,PO,DAL,737.0,,16,21,-5
200304300DAL,PO,DAL,753.0,,16,23,-7
200304300DAL,PO,DAL,768.0,,18,23,-5
200304300DAL,PO,DAL,785.0,,20,23,-3
200304300DAL,PO,DAL,819.0,,22,23,-1
200304300DAL,PO,DAL,836.0,,22,24,-2
200304300DAL,PO,DAL,836.0,,22,25,-3
200304300DAL,PO,DAL,872.0,,22,27,-5
200304300DAL,PO,DAL,950.0,,22,28,-6
200304300DAL,PO,DAL,950.0,,22,29,-7
200304300DAL,PO,DAL,992.0,,22,31,-9
200304300DAL,PO,DAL,1008.0,,25,31,-6
200304300DAL,PO,DAL,1020.0,,25,32,-7
200304300DAL,PO,DAL,1020.0,,25,33,-8
200304300DAL,PO,DAL,1046.0,,25,35,-10
200304300DAL,PO,DAL,1058.0,,28,35,-7
200304300DAL,PO,DAL,1072.0,,28,36,-8
200304300DAL,PO,DAL,1101.0,,29,36,-7
200304300DAL,PO,DAL,1101.0,,30,36,-6
200304300DAL,PO,DAL,1112.0,,30,37,-7
200304300DAL,PO,DAL,1126.0,,31,37,-6
200304300DAL,PO,DAL,1147.0,,31,39,-8
200304300DAL,PO,DAL,1161.0,,33,39,-6
200304300DAL,PO,DAL,1178.0,,33,40,-7
200304300DAL,PO,DAL,1178.0,,33,41,-8
200304300DAL,PO,DAL,1208.0,,33,43,-10
200304300DAL,PO,DAL,1228.0,,34,43,-9
200304300DAL,PO,DAL,1228.0,,35,43,-8
200304300DAL,PO,DAL,1281.0,,35,45,-10
200304300DAL,PO,DAL,1301.0,,37,45,-8
200304300DAL,PO,DAL,1342.0,,38,45,-7
200304300DAL,PO,DAL,1342.0,,39,45,-6
200304300DAL,PO,DAL,1362.0,,41,45,-4
200304300DAL,PO,DAL,1378.0,,41,48,-7
200304300DAL,PO,DAL,1391.2,,43,48,-5
200304300DAL,PO,DAL,1436.5,,43,50,-7
200304300DAL,PO,DAL,1458.0,,45,50,-5
200304300DAL,PO,DAL,1460.0,,45,51,-6
200304300DAL,PO,DAL,1494.0,,47,51,-4
200304300DAL,PO,DAL,1515.0,,47,53,-6
200304300DAL,PO,DAL,1543.0,,48,53,-5
200304300DAL,PO,DAL,1543.0,,49,53,-4
200304300DAL,PO,DAL,1548.0,,49,54,-5
200304300DAL,PO,DAL,1555.0,,49,56,-7
200304300DAL,PO,DAL,1574.0,,51,56,-5
200304300DAL,PO,DAL,1609.0,,51,58,-7
200304300DAL,PO,DAL,1627.0,,53,58,-5
200304300DAL,PO,DAL,1692.0,,55,58,-3
200304300DAL,PO,DAL,1721.0,,57,58,-1
200304300DAL,PO,DAL,1749.0,,57,60,-3
200304300DAL,PO,DAL,1767.0,,59,60,-1
200304300DAL,PO,DAL,1783.0,,59,62,-3
200304300DAL,PO,DAL,1830.0,,61,62,-1
200304300DAL,PO,DAL,1846.0,,61,64,-3
200304300DAL,PO,DAL,1867.0,,62,64,-2
200304300DAL,PO,DAL,1867.0,,63,64,-1
200304300DAL,PO,DAL,1885.0,,63,66,-3
200304300DAL,PO,DAL,1910.0,T,66,66,0
200304300DAL,PO,DAL,1924.0,,66,67,-1
200304300DAL,PO,DAL,1984.0,,66,68,-2
200304300DAL,PO,DAL,1984.0,,66,69,-3
200304300DAL,PO,DAL,1996.0,,67,69,-2
200304300DAL,PO,DAL,2006.0,T,69,69,0
200304300DAL,PO,DAL,2023.0,,69,71,-2
200304300DAL,PO,DAL,2066.0,,69,73,-4
200304300DAL,PO,DAL,2097.0,,69,75,-6
200304300DAL,PO,DAL,2115.8,,71,75,-4
200304300DAL,PO,DAL,2125.6,,71,77,-6
200304300DAL,PO,DAL,2200.0,,73,77,-4
200304300DAL,PO,DAL,2225.0,,73,79,-6
200304300DAL,PO,DAL,2255.0,,73,81,-8
200304300DAL,PO,DAL,2274.0,,75,81,-6
200304300DAL,PO,DAL,2297.0,,75,83,-8
200304300DAL,PO,DAL,2307.0,,77,83,-6
200304300DAL,PO,DAL,2331.0,,79,83,-4
200304300DAL,PO,DAL,2345.0,,79,85,-6
200304300DAL,PO,DAL,2373.0,,79,87,-8
200304300DAL,PO,DAL,2397.0,,81,87,-6
200304300DAL,PO,DAL,2437.0,,81,90,-9
200304300DAL,PO,DAL,2484.0,,83,90,-7
200304300DAL,PO,DAL,2509.0,,83,92,-9
200304300DAL,PO,DAL,2521.0,,86,92,-6
200304300DAL,PO,DAL,2556.0,,86,94,-8
200304300DAL,PO,DAL,2600.0,,88,94,-6
200304300DAL,PO,DAL,2640.0,,91,94,-3
200304300DAL,PO,DAL,2654.0,,91,95,-4
200304300DAL,PO,DAL,2654.0,,91,96,-5
200304300DAL,PO,DAL,2677.0,,94,96,-2
200304300DAL,PO,DAL,2723.0,,94,98,-4
200304300DAL,PO,DAL,2739.0,,96,98,-2
200304300DAL,PO,DAL,2814.0,LC,99,98,1
200304300DAL,PO,DAL,2841.0,,100,98,2
200304300DAL,PO,DAL,2841.0,,101,98,3
200304300DAL,PO,DAL,2847.2,,101,99,2
200304300DAL,PO,DAL,2869.7,F,103,99,4
200304300DAL,PO,DAL,2880.0,,103,99,4
200305020POR,PO,DAL,0.0,,0,0,0
200305020POR,PO,DAL,22.0,,0,3,-3
200305020POR,PO,DAL,52.0,T,3,3,0
200305020POR,PO,DAL,122.0,LC,5,3,2
200305020POR,PO,DAL,145.0,LC,5,6,-1
200305020POR,PO,DAL,165.0,T,6,6,0
200305020POR,PO,DAL,165.0,LC,7,6,1
200305020POR,PO,DAL,184.0,LC,7,8,-1
200305020POR,PO,DAL,217.0,,7,10,-3
200305020POR,PO,DAL,246.0,,7,13,-6
200305020POR,PO,DAL,264.0,,9,13,-4
200305020POR,PO,DAL,281.0,,9,16,-7
200305020POR,PO,DAL,310.0,,11,16,-5
200305020POR,PO,DAL,344.0,,11,18,-7
200305020POR,PO,DAL,359.0,,13,18,-5
200305020POR,PO,DAL,428.0,,15,18,-3
200305020POR,PO,DAL,457.0,,17,18,-1
200305020POR,PO,DAL,487.0,,17,21,-4
200305020POR,PO,DAL,501.0,,18,21,-3
200305020POR,PO,DAL,501.0,,19,21,-2
200305020POR,PO,DAL,539.0,,19,22,-3
200305020POR,PO,DAL,554.0,,21,22,-1
200305020POR,PO,DAL,590.0,LC,23,22,1
200305020POR,PO,DAL,643.0,,25,22,3
200305020POR,PO,DAL,660.0,,26,22,4
200305020POR,PO,DAL,660.0,,27,22,5
200305020POR,PO,DAL,695.7,,27,24,3
200305020POR,PO,DAL,740.0,,30,24,6
200305020POR,PO,DAL,828.0,,32,24,8
200305020POR,PO,DAL,841.0,,32,25,7
200305020POR,PO,DAL,866.0,,34,25,9
200305020POR,PO,DAL,940.0,,36,25,11
200305020POR,PO,DAL,967.0,,38,25,13
200305020POR,PO,DAL,996.0,,40,25,15
200305020POR,PO,DAL,1014.0,,41,25,16
200305020POR,PO,DAL,1014.0,,42,25,17
200305020POR,PO,DAL,1027.0,,42,27,15
200305020POR,PO,DAL,1049.0,,44,27,17
200305020POR,PO,DAL,1062.0,,46,27,19
200305020POR,PO,DAL,1075.0,,46,29,17
200305020POR,PO,DAL,1110.0,,48,29,19
200305020POR,PO,DAL,1180.0,,50,29,21
200305020POR,PO,DAL,1224.0,,52,29,23
200305020POR,PO,DAL,1248.0,,52,31,21
200305020POR,PO,DAL,1263.0,,54,31,23
200305020POR,PO,DAL,1278.0,,54,32,22
200305020POR,PO,DAL,1278.0,,54,33,21
200305020POR,PO,DAL,1290.0,,56,33,23
200305020POR,PO,DAL,1291.0,,56,34,22
200305020POR,PO,DAL,1305.0,,56,36,20
200305020POR,PO,DAL,1328.0,,58,36,22
200305020POR,PO,DAL,1328.0,,59,36,23
200305020POR,PO,DAL,1349.0,,59,38,21
200305020POR,PO,DAL,1373.0,,62,38,24
200305020POR,PO,DAL,1436.8,,64,38,26
200305020POR,PO,DAL,1478.0,,66,38,28
200305020POR,PO,DAL,1503.0,,68,38,30
200305020POR,PO,DAL,1512.0,,68,40,28
200305020POR,PO,DAL,1528.0,,68,42,26
200305020POR,PO,DAL,1591.0,,69,42,27
200305020POR,PO,DAL,1591.0,,70,42,28
200305020POR,PO,DAL,1613.0,,72,42,30
200305020POR,PO,DAL,1625.0,,72,44,28
200305020POR,PO,DAL,1658.0,,74,44,30
200305020POR,PO,DAL,1677.0,,74,46,28
200305020POR,PO,DAL,1692.0,,74,47,27
200305020POR,PO,DAL,1739.0,,76,47,29
200305020POR,PO,DAL,1751.0,,76,49,27
200305020POR,PO,DAL,1762.0,,78,49,29
200305020POR,PO,DAL,1768.0,,78,50,28
200305020POR,PO,DAL,1768.0,,78,51,27
200305020POR,PO,DAL,1803.0,,79,51,28
200305020POR,PO,DAL,1803.0,,80,51,29
200305020POR,PO,DAL,1830.0,,80,52,28
200305020POR,PO,DAL,1830.0,,80,53,27
200305020POR,PO,DAL,1848.0,,83,53,30
200305020POR,PO,DAL,1855.0,,83,55,28
200305020POR,PO,DAL,1876.0,,85,55,30
200305020POR,PO,DAL,1876.0,,86,55,31
200305020POR,PO,DAL,1906.0,,86,57,29
200305020POR,PO,DAL,1925.0,,88,57,31
200305020POR,PO,DAL,1961.0,,88,58,30
200305020POR,PO,DAL,1961.0,,88,59,29
200305020POR,PO,DAL,1976.0,,88,60,28
200305020POR,PO,DAL,1976.0,,89,60,29
200305020POR,PO,DAL,2007.0,,91,60,31
200305020POR,PO,DAL,2022.0,,91,62,29
200305020POR,PO,DAL,2044.0,,93,62,31
200305020POR,PO,DAL,2058.0,,93,63,30
200305020POR,PO,DAL,2075.0,,95,63,32
200305020POR,PO,DAL,2086.0,,95,66,29
200305020POR,PO,DAL,2126.9,,96,66,30
200305020POR,PO,DAL,2126.9,,97,66,31
200305020POR,PO,DAL,2180.0,,97,68,29
200305020POR,PO,DAL,2219.0,,97,70,27
200305020POR,PO,DAL,2259.0,,97,72,25
200305020POR,PO,DAL,2318.0,,99,72,27
200305020POR,PO,DAL,2339.0,,101,72,29
200305020POR,PO,DAL,2352.0,,101,74,27
200305020POR,PO,DAL,2367.0,,102,74,28
200305020POR,PO,DAL,2367.0,,103,74,29
200305020POR,PO,DAL,2377.0,,103,77,26
200305020POR,PO,DAL,2396.0,,105,77,28
200305020POR,PO,DAL,2408.0,,105,79,26
200305020POR,PO,DAL,2426.0,,107,79,28
200305020POR,PO,DAL,2439.0,,107,82,25
200305020POR,PO,DAL,2468.0,,107,84,23
200305020POR,PO,DAL,2484.0,,108,84,24
200305020POR,PO,DAL,2491.0,,109,84,25
200305020POR,PO,DAL,2509.0,,109,86,23
200305020POR,PO,DAL,2509.0,,109,87,22
200305020POR,PO,DAL,2531.0,,111,87,24
200305020POR,PO,DAL,2548.0,,111,89,22
200305020POR,PO,DAL,2568.0,,113,89,24
200305020POR,PO,DAL,2595.0,,113,91,22
200305020POR,PO,DAL,2625.0,,115,91,24
200305020POR,PO,DAL,2642.0,,115,93,22
200305020POR,PO,DAL,2692.0,,117,93,24
200305020POR,PO,DAL,2715.0,,119,93,26
200305020POR,PO,DAL,2734.0,,119,95,24
200305020POR,PO,DAL,2758.0,,121,95,26
200305020POR,PO,DAL,2766.0,,121,96,25
200305020POR,PO,DAL,2780.0,,123,96,27
200305020POR,PO,DAL,2789.0,,123,98,25
200305020POR,PO,DAL,2816.0,,123,100,23
200305020POR,PO,DAL,2868.2,,124,100,24
200305020POR,PO,DAL,2868.2,,125,100,25
200305020POR,PO,DAL,2874.3,F,125,103,22
200305020POR,PO,DAL,2880.0,,125,103,22
200305040DAL,PO,DAL,0.0,,0,0,0
200305040DAL,PO,DAL,31.0,,2,0,2
200305040DAL,PO,DAL,57.0,T,2,2,0
200305040DAL,PO,DAL,75.0,LC,2,4,-2
200305040DAL,PO,DAL,114.0,T,4,4,0
200305040DAL,PO,DAL,147.0,,4,6,-2
200305040DAL,PO,DAL,163.0,T,6,6,0
200305040DAL,PO,DAL,206.0,,6,8,-2
200305040DAL,PO,DAL,237.0,T,8,8,0
200305040DAL,PO,DAL,255.0,,8,10,-2
200305040DAL,PO,DAL,311.0,T,10,10,0
200305040DAL,PO,DAL,338.0,LC,13,10,3
200305040DAL,PO,DAL,359.0,T,13,13,0
200305040DAL,PO,DAL,375.0,,15,13,2
200305040DAL,PO,DAL,528.0,,17,13,4
200305040DAL,PO,DAL,528.0,,18,13,5
200305040DAL,PO,DAL,576.0,,18,15,3
200305040DAL,PO,DAL,598.0,,18,17,1
200305040DAL,PO,DAL,626.0,,20,17,3
200305040DAL,PO,DAL,656.0,,21,17,4
200305040DAL,PO,DAL,656.0,,22,17,5
200305040DAL,PO,DAL,718.8,,22,19,3
200305040DAL,PO,DAL,731.0,,24,19,5
200305040DAL,PO,DAL,786.0,,24,22,2
200305040DAL,PO,DAL,809.0,T,24,24,0
200305040DAL,PO,DAL,828.0,,27,24,3
200305040DAL,PO,DAL,836.0,,27,26,1
200305040DAL,PO,DAL,870.0,LC,27,28,-1
200305040DAL,PO,DAL,908.0,,27,29,-2
200305040DAL,PO,DAL,908.0,,27,30,-3
200305040DAL,PO,DAL,951.0,,29,30,-1
200305040DAL,PO,DAL,959.0,,29,31,-2
200305040DAL,PO,DAL,959.0,,29,32,-3
200305040DAL,PO,DAL,1005.0,,29,34,-5
200305040DAL,PO,DAL,1017.0,,29,35,-6
200305040DAL,PO,DAL,1017.0,,29,36,-7
200305040DAL,PO,DAL,1057.0,,31,36,-5
200305040DAL,PO,DAL,1072.0,,31,37,-6
200305040DAL,PO,DAL,1072.0,,31,38,-7
200305040DAL,PO,DAL,1101.0,,31,40,-9
200305040DAL,PO,DAL,1121.0,,33,40,-7
200305040DAL,PO,DAL,1126.0,,33,41,-8
200305040DAL,PO,DAL,1126.0,,33,42,-9
200305040DAL,PO,DAL,1147.0,,36,42,-6
200305040DAL,PO,DAL,1255.0,,38,42,-4
200305040DAL,PO,DAL,1298.0,,41,42,-1
200305040DAL,PO,DAL,1387.4,,41,44,-3
200305040DAL,PO,DAL,1402.8,,42,44,-2
200305040DAL,PO,DAL,1402.8,,43,44,-1
200305040DAL,PO,DAL,1431.8,T,44,44,0
200305040DAL,PO,DAL,1431.8,LC,45,44,1
200305040DAL,PO,DAL,1438.7,T,45,45,0
200305040DAL,PO,DAL,1461.0,,47,45,2
200305040DAL,PO,DAL,1476.0,T,47,47,0
200305040DAL,PO,DAL,1495.0,,49,47,2
200305040DAL,PO,DAL,1507.0,T,49,49,0
200305040DAL,PO,DAL,1521.0,,51,49,2
200305040DAL,PO,DAL,1574.0,T,51,51,0
200305040DAL,PO,DAL,1607.0,,52,51,1
200305040DAL,PO,DAL,1607.0,,53,51,2
200305040DAL,PO,DAL,1644.0,T,53,53,0
200305040DAL,PO,DAL,1667.0,,55,53,2
200305040DAL,PO,DAL,1685.0,T,55,55,0
200305040DAL,PO,DAL,1712.0,LC,55,58,-3
200305040DAL,PO,DAL,1761.0,,57,58,-1
200305040DAL,PO,DAL,1775.0,,57,60,-3
200305040DAL,PO,DAL,1802.0,,57,62,-5
200305040DAL,PO,DAL,1802.0,,57,63,-6
200305040DAL,PO,DAL,1816.0,,59,63,-4
200305040DAL,PO,DAL,1831.0,,60,63,-3
200305040DAL,PO,DAL,1860.0,,62,63,-1
200305040DAL,PO,DAL,1948.0,LC,64,63,1
200305040DAL,PO,DAL,1984.0,T,64,64,0
200305040DAL,PO,DAL,1984.0,LC,64,65,-1
200305040DAL,PO,DAL,2002.0,LC,66,65,1
200305040DAL,PO,DAL,2046.0,,67,65,2
200305040DAL,PO,DAL,2046.0,,68,65,3
200305040DAL,PO,DAL,2092.0,,68,67,1
200305040DAL,PO,DAL,2118.8,T,68,68,0
200305040DAL,PO,DAL,2118.8,LC,68,69,-1
200305040DAL,PO,DAL,2132.1,LC,71,69,2
200305040DAL,PO,DAL,2146.7,,71,70,1
200305040DAL,PO,DAL,2146.7,T,71,71,0
200305040DAL,PO,DAL,2159.2,,73,71,2
200305040DAL,PO,DAL,2176.0,T,73,73,0
200305040DAL,PO,DAL,2207.0,,76,73,3
200305040DAL,PO,DAL,2229.0,,76,75,1
200305040DAL,PO,DAL,2255.0,,78,75,3
200305040DAL,PO,DAL,2301.0,T,78,78,0
200305040DAL,PO,DAL,2360.0,LC,78,80,-2
200305040DAL,PO,DAL,2394.0,,78,82,-4
200305040DAL,PO,DAL,2434.0,,81,82,-1
200305040DAL,PO,DAL,2455.0,,81,85,-4
200305040DAL,PO,DAL,2476.0,,83,85,-2
200305040DAL,PO,DAL,2491.0,,83,87,-4
200305040DAL,PO,DAL,2491.0,,83,88,-5
200305040DAL,PO,DAL,2503.0,,84,88,-4
200305040DAL,PO,DAL,2503.0,,85,88,-3
200305040DAL,PO,DAL,2560.0,,87,88,-1
200305040DAL,PO,DAL,2596.0,LC,90,88,2
200305040DAL,PO,DAL,2612.0,T,90,90,0
200305040DAL,PO,DAL,2662.0,LC,90,93,-3
200305040DAL,PO,DAL,2687.0,T,93,93,0
200305040DAL,PO,DAL,2708.0,,93,95,-2
200305040DAL,PO,DAL,2770.0,,93,97,-4
200305040DAL,PO,DAL,2784.0,,94,97,-3
200305040DAL,PO,DAL,2799.0,,94,100,-6
200305040DAL,PO,DAL,2802.0,,95,100,-5
200305040DAL,PO,DAL,2833.3,,95,102,-7
200305040DAL,PO,DAL,2852.1,,95,103,-8
200305040DAL,PO,DAL,2852.1,,95,104,-9
200305040DAL,PO,DAL,2860.0,,95,105,-10
200305040DAL,PO,DAL,2869.9,,95,106,-11
200305040DAL,PO,DAL,2869.9,F,95,107,-12
200305040DAL,PO,DAL,2880.0,,95,107,-12
