id,type,opponent,elapsedTime,event,teamScore,opponentScore,pointDifference
200810290HOU,RS,MEM,0.0,,0,0,0
200810290HOU,RS,MEM,48.0,,2,0,2
200810290HOU,RS,MEM,82.0,,4,0,4
200810290HOU,RS,MEM,118.0,,7,0,7
200810290HOU,RS,MEM,136.0,,7,2,5
200810290HOU,RS,MEM,142.0,,9,2,7
200810290HOU,RS,MEM,171.0,,11,2,9
200810290HOU,RS,MEM,185.0,,11,4,7
200810290HOU,RS,MEM,224.0,,11,6,5
200810290HOU,RS,MEM,250.0,,13,6,7
200810290HOU,RS,MEM,267.0,,13,8,5
200810290HOU,RS,MEM,287.0,,15,8,7
200810290HOU,RS,MEM,340.0,,15,10,5
200810290HOU,RS,MEM,462.0,,15,12,3
200810290HOU,RS,MEM,477.0,,16,12,4
200810290HOU,RS,MEM,477.0,,17,12,5
200810290HOU,RS,MEM,527.0,,17,14,3
200810290HOU,RS,MEM,550.0,,19,14,5
200810290HOU,RS,MEM,583.0,,22,14,8
200810290HOU,RS,MEM,623.0,,23,14,9
200810290HOU,RS,MEM,623.0,,24,14,10
200810290HOU,RS,MEM,636.0,,24,16,8
200810290HOU,RS,MEM,657.0,,26,16,10
200810290HOU,RS,MEM,669.6,,26,18,8
200810290HOU,RS,MEM,835.0,,28,18,10
200810290HOU,RS,MEM,857.0,,28,20,8
200810290HOU,RS,MEM,874.0,,29,20,9
200810290HOU,RS,MEM,921.0,,31,20,11
200810290HOU,RS,MEM,941.0,,31,21,10
200810290HOU,RS,MEM,941.0,,31,22,9
200810290HOU,RS,MEM,978.0,,31,24,7
200810290HOU,RS,MEM,1044.0,,31,26,5
200810290HOU,RS,MEM,1062.0,,34,26,8
200810290HOU,RS,MEM,1082.0,,34,28,6
200810290HOU,RS,MEM,1118.0,,34,30,4
200810290HOU,RS,MEM,1134.0,,35,30,5
200810290HOU,RS,MEM,1191.0,,35,32,3
200810290HOU,RS,MEM,1261.0,,36,32,4
200810290HOU,RS,MEM,1261.0,,37,32,5
200810290HOU,RS,MEM,1271.0,,37,34,3
200810290HOU,RS,MEM,1271.0,,37,35,2
200810290HOU,RS,MEM,1287.0,,39,35,4
200810290HOU,RS,MEM,1335.0,,41,35,6
200810290HOU,RS,MEM,1395.1,,41,37,4
200810290HOU,RS,MEM,1403.2,,43,37,6
200810290HOU,RS,MEM,1481.0,,45,37,8
200810290HOU,RS,MEM,1499.0,,47,37,10
200810290HOU,RS,MEM,1529.0,,47,39,8
200810290HOU,RS,MEM,1559.0,,49,39,10
200810290HOU,RS,MEM,1632.0,,50,39,11
200810290HOU,RS,MEM,1632.0,,51,39,12
200810290HOU,RS,MEM,1662.0,,51,41,10
200810290HOU,RS,MEM,1729.0,,51,43,8
200810290HOU,RS,MEM,1776.0,,51,45,6
200810290HOU,RS,MEM,1850.0,,51,47,4
200810290HOU,RS,MEM,1866.0,,53,47,6
200810290HOU,RS,MEM,1888.0,,53,49,4
200810290HOU,RS,MEM,1977.0,,55,49,6
200810290HOU,RS,MEM,2003.0,,55,51,4
200810290HOU,RS,MEM,2039.0,,57,51,6
200810290HOU,RS,MEM,2039.0,,58,51,7
200810290HOU,RS,MEM,2058.0,,58,52,6
200810290HOU,RS,MEM,2058.0,,58,53,5
200810290HOU,RS,MEM,2091.0,,58,55,3
200810290HOU,RS,MEM,2135.5,,58,57,1
200810290HOU,RS,MEM,2176.0,,60,57,3
200810290HOU,RS,MEM,2216.0,,60,59,1
200810290HOU,RS,MEM,2239.0,LC,60,61,-1
200810290HOU,RS,MEM,2284.0,T,61,61,0
200810290HOU,RS,MEM,2302.0,,61,63,-2
200810290HOU,RS,MEM,2317.0,LC,64,63,1
200810290HOU,RS,MEM,2333.0,LC,64,65,-1
200810290HOU,RS,MEM,2417.0,T,65,65,0
200810290HOU,RS,MEM,2417.0,LC,66,65,1
200810290HOU,RS,MEM,2505.0,,68,65,3
200810290HOU,RS,MEM,2551.0,,68,66,2
200810290HOU,RS,MEM,2588.0,,70,66,4
200810290HOU,RS,MEM,2616.0,,71,66,5
200810290HOU,RS,MEM,2642.0,,71,68,3
200810290HOU,RS,MEM,2767.0,,73,68,5
200810290HOU,RS,MEM,2783.0,,73,69,4
200810290HOU,RS,MEM,2796.0,,74,69,5
200810290HOU,RS,MEM,2796.0,,75,69,6
200810290HOU,RS,MEM,2822.9,,75,70,5
200810290HOU,RS,MEM,2822.9,,75,71,4
200810290HOU,RS,MEM,2842.8,,78,71,7
200810290HOU,RS,MEM,2850.9,,79,71,8
200810290HOU,RS,MEM,2850.9,,80,71,9
200810290HOU,RS,MEM,2859.9,,81,71,10
200810290HOU,RS,MEM,2859.9,F,82,71,11
200810290HOU,RS,MEM,2880.0,,82,71,11
200810300DAL,RS,DAL,0.0,,0,0,0
200810300DAL,RS,DAL,47.0,,0,2,-2
200810300DAL,RS,DAL,68.0,,1,2,-1
200810300DAL,RS,DAL,83.0,T,2,2,0
200810300DAL,RS,DAL,83.0,LC,3,2,1
200810300DAL,RS,DAL,107.0,,5,2,3
200810300DAL,RS,DAL,127.0,,6,2,4
200810300DAL,RS,DAL,127.0,,7,2,5
200810300DAL,RS,DAL,127.0,,8,2,6
200810300DAL,RS,DAL,150.0,,8,4,4
200810300DAL,RS,DAL,150.0,,8,5,3
200810300DAL,RS,DAL,170.0,,8,7,1
200810300DAL,RS,DAL,202.0,,10,7,3
200810300DAL,RS,DAL,213.0,,10,9,1
200810300DAL,RS,DAL,237.0,LC,10,11,-1
200810300DAL,RS,DAL,264.0,,10,13,-3
200810300DAL,RS,DAL,302.0,,10,15,-5
200810300DAL,RS,DAL,323.0,,13,15,-2
200810300DAL,RS,DAL,354.0,T,15,15,0
200810300DAL,RS,DAL,361.0,,15,18,-3
200810300DAL,RS,DAL,415.0,,17,18,-1
200810300DAL,RS,DAL,438.0,,17,20,-3
200810300DAL,RS,DAL,448.0,,19,20,-1
200810300DAL,RS,DAL,459.0,,19,22,-3
200810300DAL,RS,DAL,478.0,,21,22,-1
200810300DAL,RS,DAL,515.0,,21,24,-3
200810300DAL,RS,DAL,534.0,,23,24,-1
200810300DAL,RS,DAL,544.0,,23,25,-2
200810300DAL,RS,DAL,544.0,,23,26,-3
200810300DAL,RS,DAL,560.0,,24,26,-2
200810300DAL,RS,DAL,560.0,,25,26,-1
200810300DAL,RS,DAL,579.0,,25,28,-3
200810300DAL,RS,DAL,604.0,,27,28,-1
200810300DAL,RS,DAL,631.0,LC,30,28,2
200810300DAL,RS,DAL,649.0,T,30,30,0
200810300DAL,RS,DAL,670.3,LC,30,32,-2
200810300DAL,RS,DAL,670.3,,30,33,-3
200810300DAL,RS,DAL,714.6,,31,33,-2
200810300DAL,RS,DAL,714.6,,32,33,-1
200810300DAL,RS,DAL,736.0,LC,34,33,1
200810300DAL,RS,DAL,769.0,,37,33,4
200810300DAL,RS,DAL,803.0,,39,33,6
200810300DAL,RS,DAL,835.0,,41,33,8
200810300DAL,RS,DAL,835.0,,42,33,9
200810300DAL,RS,DAL,851.0,,43,33,10
200810300DAL,RS,DAL,851.0,,44,33,11
200810300DAL,RS,DAL,879.0,,46,33,13
200810300DAL,RS,DAL,894.0,,46,34,12
200810300DAL,RS,DAL,907.0,,48,34,14
200810300DAL,RS,DAL,948.0,,48,36,12
200810300DAL,RS,DAL,979.0,,48,37,11
200810300DAL,RS,DAL,979.0,,48,38,10
200810300DAL,RS,DAL,1046.0,,50,38,12
200810300DAL,RS,DAL,1061.0,,50,39,11
200810300DAL,RS,DAL,1061.0,,50,40,10
200810300DAL,RS,DAL,1101.0,,51,40,11
200810300DAL,RS,DAL,1101.0,,52,40,12
200810300DAL,RS,DAL,1129.0,,54,40,14
200810300DAL,RS,DAL,1138.0,,54,42,12
200810300DAL,RS,DAL,1138.0,,54,43,11
200810300DAL,RS,DAL,1155.0,,56,43,13
200810300DAL,RS,DAL,1160.0,,56,45,11
200810300DAL,RS,DAL,1189.0,,56,46,10
200810300DAL,RS,DAL,1208.0,,58,46,12
200810300DAL,RS,DAL,1251.0,,58,47,11
200810300DAL,RS,DAL,1251.0,,58,48,10
200810300DAL,RS,DAL,1268.0,,58,50,8
200810300DAL,RS,DAL,1303.0,,58,52,6
200810300DAL,RS,DAL,1326.0,,60,52,8
200810300DAL,RS,DAL,1334.0,,60,53,7
200810300DAL,RS,DAL,1334.0,,60,54,6
200810300DAL,RS,DAL,1334.0,,60,55,5
200810300DAL,RS,DAL,1363.0,,60,57,3
200810300DAL,RS,DAL,1380.0,,61,57,4
200810300DAL,RS,DAL,1380.0,,62,57,5
200810300DAL,RS,DAL,1400.6,,62,59,3
200810300DAL,RS,DAL,1478.0,,62,61,1
200810300DAL,RS,DAL,1552.0,,64,61,3
200810300DAL,RS,DAL,1552.0,,65,61,4
200810300DAL,RS,DAL,1564.0,,65,63,2
200810300DAL,RS,DAL,1589.0,LC,65,66,-1
200810300DAL,RS,DAL,1608.0,LC,67,66,1
200810300DAL,RS,DAL,1633.0,T,67,67,0
200810300DAL,RS,DAL,1633.0,LC,67,68,-1
200810300DAL,RS,DAL,1662.0,,67,70,-3
200810300DAL,RS,DAL,1689.0,,69,70,-1
200810300DAL,RS,DAL,1743.0,,69,72,-3
200810300DAL,RS,DAL,1772.0,,71,72,-1
200810300DAL,RS,DAL,1786.0,,71,73,-2
200810300DAL,RS,DAL,1786.0,,71,74,-3
200810300DAL,RS,DAL,1797.0,,72,74,-2
200810300DAL,RS,DAL,1797.0,,73,74,-1
200810300DAL,RS,DAL,1814.0,,73,76,-3
200810300DAL,RS,DAL,1853.0,,74,76,-2
200810300DAL,RS,DAL,1853.0,,75,76,-1
200810300DAL,RS,DAL,1865.0,,75,77,-2
200810300DAL,RS,DAL,1885.0,T,77,77,0
200810300DAL,RS,DAL,1936.0,,77,78,-1
200810300DAL,RS,DAL,1936.0,,77,79,-2
200810300DAL,RS,DAL,1986.0,,77,82,-5
200810300DAL,RS,DAL,2006.0,,80,82,-2
200810300DAL,RS,DAL,2027.0,,80,83,-3
200810300DAL,RS,DAL,2046.0,,82,83,-1
200810300DAL,RS,DAL,2046.0,T,83,83,0
200810300DAL,RS,DAL,2091.0,LC,84,83,1
200810300DAL,RS,DAL,2091.0,,85,83,2
200810300DAL,RS,DAL,2109.3,LC,85,86,-1
200810300DAL,RS,DAL,2194.0,LC,87,86,1
200810300DAL,RS,DAL,2211.0,LC,87,88,-1
200810300DAL,RS,DAL,2255.0,LC,90,88,2
200810300DAL,RS,DAL,2298.0,T,90,90,0
200810300DAL,RS,DAL,2321.0,,92,90,2
200810300DAL,RS,DAL,2367.0,T,92,92,0
200810300DAL,RS,DAL,2421.0,,95,92,3
200810300DAL,RS,DAL,2468.0,,95,93,2
200810300DAL,RS,DAL,2485.0,,97,93,4
200810300DAL,RS,DAL,2513.0,,99,93,6
200810300DAL,RS,DAL,2582.0,,101,93,8
200810300DAL,RS,DAL,2627.0,,101,94,7
200810300DAL,RS,DAL,2627.0,,102,94,8
200810300DAL,RS,DAL,2627.0,,103,94,9
200810300DAL,RS,DAL,2661.0,,105,94,11
200810300DAL,RS,DAL,2698.0,,108,94,14
200810300DAL,RS,DAL,2706.0,,108,96,12
200810300DAL,RS,DAL,2730.0,,108,98,10
200810300DAL,RS,DAL,2758.0,,108,99,9
200810300DAL,RS,DAL,2758.0,,108,100,8
200810300DAL,RS,DAL,2833.8,,110,100,10
200810300DAL,RS,DAL,2842.8,,110,102,8
200810300DAL,RS,DAL,2850.1,,111,102,9
200810300DAL,RS,DAL,2850.1,F,112,102,10
200810300DAL,RS,DAL,2880.0,,112,102,10
200811010HOU,RS,OKC,0.0,,0,0,0
200811010HOU,RS,OKC,96.0,,2,0,2
200811010HOU,RS,OKC,96.0,,3,0,3
200811010HOU,RS,OKC,125.0,,5,0,5
200811010HOU,RS,OKC,224.0,,5,2,3
200811010HOU,RS,OKC,245.0,,5,4,1
200811010HOU,RS,OKC,265.0,,7,4,3
200811010HOU,RS,OKC,290.0,,7,6,1
200811010HOU,RS,OKC,310.0,,9,6,3
200811010HOU,RS,OKC,347.0,,9,8,1
200811010HOU,RS,OKC,347.0,T,9,9,0
200811010HOU,RS,OKC,398.0,,11,9,2
200811010HOU,RS,OKC,443.0,,13,9,4
200811010HOU,RS,OKC,448.0,,13,11,2
200811010HOU,RS,OKC,474.0,T,13,13,0
200811010HOU,RS,OKC,481.0,,14,13,1
200811010HOU,RS,OKC,481.0,,15,13,2
200811010HOU,RS,OKC,501.0,T,15,15,0
200811010HOU,RS,OKC,519.0,,16,15,1
200811010HOU,RS,OKC,519.0,,17,15,2
200811010HOU,RS,OKC,581.0,,18,15,3
200811010HOU,RS,OKC,608.0,,19,15,4
200811010HOU,RS,OKC,608.0,,20,15,5
200811010HOU,RS,OKC,645.0,,20,17,3
200811010HOU,RS,OKC,735.0,,20,19,1
200811010HOU,RS,OKC,814.0,,22,19,3
200811010HOU,RS,OKC,828.0,,22,21,1
200811010HOU,RS,OKC,861.0,,23,21,2
200811010HOU,RS,OKC,861.0,,24,21,3
200811010HOU,RS,OKC,878.0,,24,22,2
200811010HOU,RS,OKC,911.0,,26,22,4
200811010HOU,RS,OKC,942.0,,28,22,6
200811010HOU,RS,OKC,957.0,,28,24,4
200811010HOU,RS,OKC,1047.0,,31,24,7
200811010HOU,RS,OKC,1114.0,,34,24,10
200811010HOU,RS,OKC,1138.0,,34,26,8
200811010HOU,RS,OKC,1194.0,,34,28,6
200811010HOU,RS,OKC,1210.0,,34,30,4
200811010HOU,RS,OKC,1246.0,,34,32,2
200811010HOU,RS,OKC,1269.0,,36,32,4
200811010HOU,RS,OKC,1269.0,,37,32,5
200811010HOU,RS,OKC,1279.0,,37,34,3
200811010HOU,RS,OKC,1318.0,,37,36,1
200811010HOU,RS,OKC,1332.0,,38,36,2
200811010HOU,RS,OKC,1332.0,,39,36,3
200811010HOU,RS,OKC,1365.0,,40,36,4
200811010HOU,RS,OKC,1376.0,,40,38,2
200811010HOU,RS,OKC,1376.0,,40,39,1
200811010HOU,RS,OKC,1392.9,LC,40,41,-1
200811010HOU,RS,OKC,1438.7,LC,42,41,1
200811010HOU,RS,OKC,1450.0,LC,42,43,-1
200811010HOU,RS,OKC,1488.0,LC,44,43,1
200811010HOU,RS,OKC,1569.0,LC,44,45,-1
200811010HOU,RS,OKC,1589.0,LC,46,45,1
200811010HOU,RS,OKC,1595.0,LC,46,47,-1
200811010HOU,RS,OKC,1612.0,T,47,47,0
200811010HOU,RS,OKC,1612.0,LC,48,47,1
200811010HOU,RS,OKC,1645.0,,50,47,3
200811010HOU,RS,OKC,1680.0,,53,47,6
200811010HOU,RS,OKC,1744.0,,53,49,4
200811010HOU,RS,OKC,1773.0,,53,51,2
200811010HOU,RS,OKC,1813.0,,56,51,5
200811010HOU,RS,OKC,1845.0,,57,51,6
200811010HOU,RS,OKC,1845.0,,58,51,7
200811010HOU,RS,OKC,1885.0,,58,53,5
200811010HOU,RS,OKC,1917.0,,59,53,6
200811010HOU,RS,OKC,1917.0,,60,53,7
200811010HOU,RS,OKC,1925.0,,60,54,6
200811010HOU,RS,OKC,1925.0,,60,55,5
200811010HOU,RS,OKC,1974.0,,62,55,7
200811010HOU,RS,OKC,2064.0,,65,55,10
200811010HOU,RS,OKC,2077.0,,65,57,8
200811010HOU,RS,OKC,2110.6,,65,59,6
200811010HOU,RS,OKC,2173.0,,67,59,8
200811010HOU,RS,OKC,2204.0,,68,59,9
200811010HOU,RS,OKC,2204.0,,69,59,10
200811010HOU,RS,OKC,2241.0,,71,59,12
200811010HOU,RS,OKC,2283.0,,73,59,14
200811010HOU,RS,OKC,2283.0,,74,59,15
200811010HOU,RS,OKC,2294.0,,74,61,13
200811010HOU,RS,OKC,2322.0,,75,61,14
200811010HOU,RS,OKC,2343.0,,77,61,16
200811010HOU,RS,OKC,2389.0,,77,63,14
200811010HOU,RS,OKC,2410.0,,79,63,16
200811010HOU,RS,OKC,2467.0,,79,64,15
200811010HOU,RS,OKC,2467.0,,79,65,14
200811010HOU,RS,OKC,2503.0,,79,67,12
200811010HOU,RS,OKC,2513.0,,80,67,13
200811010HOU,RS,OKC,2513.0,,81,67,14
200811010HOU,RS,OKC,2563.0,,81,69,12
200811010HOU,RS,OKC,2584.0,,83,69,14
200811010HOU,RS,OKC,2627.0,,83,71,12
200811010HOU,RS,OKC,2649.0,,85,71,14
200811010HOU,RS,OKC,2690.0,,85,73,12
200811010HOU,RS,OKC,2776.0,,86,73,13
200811010HOU,RS,OKC,2817.0,,86,74,12
200811010HOU,RS,OKC,2834.0,,89,74,15
200811010HOU,RS,OKC,2842.9,,89,75,14
200811010HOU,RS,OKC,2873.2,F,89,77,12
200811010HOU,RS,OKC,2880.0,,89,77,12
200811040HOU,RS,BOS,0.0,,0,0,0
200811040HOU,RS,BOS,34.0,,2,0,2
200811040HOU,RS,BOS,56.0,,3,0,3
200811040HOU,RS,BOS,56.0,,4,0,4
200811040HOU,RS,BOS,91.0,,6,0,6
200811040HOU,RS,BOS,132.0,,6,2,4
200811040HOU,RS,BOS,181.0,,6,4,2
200811040HOU,RS,BOS,199.0,,8,4,4
200811040HOU,RS,BOS,211.0,,8,6,2
200811040HOU,RS,BOS,240.0,T,8,8,0
200811040HOU,RS,BOS,262.0,,11,8,3
200811040HOU,RS,BOS,293.0,,13,8,5
200811040HOU,RS,BOS,325.0,,13,10,3
200811040HOU,RS,BOS,347.0,,13,12,1
200811040HOU,RS,BOS,367.0,LC,13,14,-1
200811040HOU,RS,BOS,425.0,,13,15,-2
200811040HOU,RS,BOS,448.0,T,15,15,0
200811040HOU,RS,BOS,459.0,,15,17,-2
200811040HOU,RS,BOS,487.0,,15,19,-4
200811040HOU,RS,BOS,502.0,,17,19,-2
200811040HOU,RS,BOS,519.0,,17,21,-4
200811040HOU,RS,BOS,551.0,,17,23,-6
200811040HOU,RS,BOS,599.0,,20,23,-3
200811040HOU,RS,BOS,618.0,,20,25,-5
200811040HOU,RS,BOS,639.0,,22,25,-3
200811040HOU,RS,BOS,657.0,,22,27,-5
200811040HOU,RS,BOS,677.7,,22,28,-6
200811040HOU,RS,BOS,729.0,,23,28,-5
200811040HOU,RS,BOS,742.0,,23,30,-7
200811040HOU,RS,BOS,758.0,,24,30,-6
200811040HOU,RS,BOS,758.0,,25,30,-5
200811040HOU,RS,BOS,771.0,,25,31,-6
200811040HOU,RS,BOS,785.0,,25,33,-8
200811040HOU,RS,BOS,820.0,,25,35,-10
200811040HOU,RS,BOS,852.0,,25,36,-11
200811040HOU,RS,BOS,858.0,,25,37,-12
200811040HOU,RS,BOS,858.0,,25,38,-13
200811040HOU,RS,BOS,901.0,,25,39,-14
200811040HOU,RS,BOS,901.0,,25,40,-15
200811040HOU,RS,BOS,943.0,,27,40,-13
200811040HOU,RS,BOS,964.0,,27,42,-15
200811040HOU,RS,BOS,964.0,,27,43,-16
200811040HOU,RS,BOS,996.0,,30,43,-13
200811040HOU,RS,BOS,1014.0,,32,43,-11
200811040HOU,RS,BOS,1041.0,,33,43,-10
200811040HOU,RS,BOS,1041.0,,34,43,-9
200811040HOU,RS,BOS,1073.0,,37,43,-6
200811040HOU,RS,BOS,1086.0,,37,45,-8
200811040HOU,RS,BOS,1106.0,,39,45,-6
200811040HOU,RS,BOS,1139.0,,41,45,-4
200811040HOU,RS,BOS,1164.0,,42,45,-3
200811040HOU,RS,BOS,1164.0,,43,45,-2
200811040HOU,RS,BOS,1176.0,,43,46,-3
200811040HOU,RS,BOS,1176.0,,43,47,-4
200811040HOU,RS,BOS,1190.0,,46,47,-1
200811040HOU,RS,BOS,1213.0,LC,48,47,1
200811040HOU,RS,BOS,1235.0,,50,47,3
200811040HOU,RS,BOS,1270.0,,52,47,5
200811040HOU,RS,BOS,1285.0,,52,49,3
200811040HOU,RS,BOS,1285.0,,52,50,2
200811040HOU,RS,BOS,1314.0,LC,52,53,-1
200811040HOU,RS,BOS,1358.0,,52,54,-2
200811040HOU,RS,BOS,1358.0,,52,55,-3
200811040HOU,RS,BOS,1373.0,,53,55,-2
200811040HOU,RS,BOS,1396.9,,53,58,-5
200811040HOU,RS,BOS,1461.0,,54,58,-4
200811040HOU,RS,BOS,1534.0,,56,58,-2
200811040HOU,RS,BOS,1547.0,,56,60,-4
200811040HOU,RS,BOS,1582.0,,58,60,-2
200811040HOU,RS,BOS,1582.0,,59,60,-1
200811040HOU,RS,BOS,1594.0,,59,62,-3
200811040HOU,RS,BOS,1623.0,,59,64,-5
200811040HOU,RS,BOS,1656.0,,59,66,-7
200811040HOU,RS,BOS,1665.0,,60,66,-6
200811040HOU,RS,BOS,1665.0,,61,66,-5
200811040HOU,RS,BOS,1684.0,,61,68,-7
200811040HOU,RS,BOS,1715.0,,64,68,-4
200811040HOU,RS,BOS,1735.0,,64,70,-6
200811040HOU,RS,BOS,1764.0,,64,72,-8
200811040HOU,RS,BOS,1787.0,,66,72,-6
200811040HOU,RS,BOS,1812.0,,66,74,-8
200811040HOU,RS,BOS,1827.0,,68,74,-6
200811040HOU,RS,BOS,1849.0,,68,76,-8
200811040HOU,RS,BOS,1951.0,,70,76,-6
200811040HOU,RS,BOS,1972.0,,72,76,-4
200811040HOU,RS,BOS,1995.0,,72,78,-6
200811040HOU,RS,BOS,2007.0,,73,78,-5
200811040HOU,RS,BOS,2007.0,,74,78,-4
200811040HOU,RS,BOS,2053.0,,76,78,-2
200811040HOU,RS,BOS,2065.0,,76,79,-3
200811040HOU,RS,BOS,2082.0,,78,79,-1
200811040HOU,RS,BOS,2141.8,,78,81,-3
200811040HOU,RS,BOS,2213.0,,78,83,-5
200811040HOU,RS,BOS,2244.0,,78,85,-7
200811040HOU,RS,BOS,2302.0,,79,85,-6
200811040HOU,RS,BOS,2316.0,,82,85,-3
200811040HOU,RS,BOS,2361.0,,84,85,-1
200811040HOU,RS,BOS,2415.0,T,85,85,0
200811040HOU,RS,BOS,2415.0,LC,86,85,1
200811040HOU,RS,BOS,2435.0,LC,86,87,-1
200811040HOU,RS,BOS,2530.0,,86,89,-3
200811040HOU,RS,BOS,2530.0,,86,90,-4
200811040HOU,RS,BOS,2561.0,,86,92,-6
200811040HOU,RS,BOS,2661.0,,86,93,-7
200811040HOU,RS,BOS,2714.0,,88,93,-5
200811040HOU,RS,BOS,2714.0,,89,93,-4
200811040HOU,RS,BOS,2727.0,,89,96,-7
200811040HOU,RS,BOS,2744.0,,91,96,-5
200811040HOU,RS,BOS,2764.0,,91,98,-7
200811040HOU,RS,BOS,2775.0,,93,98,-5
200811040HOU,RS,BOS,2807.0,,95,98,-3
200811040HOU,RS,BOS,2820.4,,95,100,-5
200811040HOU,RS,BOS,2833.0,,95,101,-6
200811040HOU,RS,BOS,2846.1,,96,101,-5
200811040HOU,RS,BOS,2846.1,,97,101,-4
200811040HOU,RS,BOS,2869.7,,98,101,-3
200811040HOU,RS,BOS,2869.7,,99,101,-2
200811040HOU,RS,BOS,2870.4,,99,102,-3
200811040HOU,RS,BOS,2870.4,F,99,103,-4
200811040HOU,RS,BOS,2880.0,,99,103,-4
200811060POR,RS,POR,0.0,,0,0,0
200811060POR,RS,POR,18.0,,0,2,-2
200811060POR,RS,POR,53.0,,0,4,-4
200811060POR,RS,POR,78.0,,2,4,-2
200811060POR,RS,POR,115.0,LC,5,4,1
200811060POR,RS,POR,138.0,,7,4,3
200811060POR,RS,POR,157.0,,7,6,1
200811060POR,RS,POR,187.0,LC,7,8,-1
200811060POR,RS,POR,206.0,LC,9,8,1
200811060POR,RS,POR,213.0,LC,9,10,-1
200811060POR,RS,POR,238.0,LC,11,10,1
200811060POR,RS,POR,376.0,,13,10,3
200811060POR,RS,POR,429.0,,13,11,2
200811060POR,RS,POR,429.0,,13,12,1
200811060POR,RS,POR,458.0,LC,13,14,-1
200811060POR,RS,POR,495.0,,13,16,-3
200811060POR,RS,POR,521.0,,15,16,-1
200811060POR,RS,POR,586.0,,15,19,-4
200811060POR,RS,POR,637.0,,15,21,-6
200811060POR,RS,POR,719.9,,18,21,-3
200811060POR,RS,POR,739.0,,18,23,-5
200811060POR,RS,POR,819.0,,18,25,-7
200811060POR,RS,POR,843.0,,21,25,-4
200811060POR,RS,POR,857.0,,21,28,-7
200811060POR,RS,POR,868.0,,23,28,-5
200811060POR,RS,POR,897.0,,24,28,-4
200811060POR,RS,POR,897.0,,25,28,-3
200811060POR,RS,POR,911.0,,25,30,-5
200811060POR,RS,POR,932.0,,27,30,-3
200811060POR,RS,POR,945.0,,27,32,-5
200811060POR,RS,POR,960.0,,30,32,-2
200811060POR,RS,POR,984.0,,30,35,-5
200811060POR,RS,POR,1006.0,,32,35,-3
200811060POR,RS,POR,1044.0,,33,35,-2
200811060POR,RS,POR,1044.0,,34,35,-1
200811060POR,RS,POR,1057.0,,34,38,-4
200811060POR,RS,POR,1143.0,,34,40,-6
200811060POR,RS,POR,1157.0,,35,40,-5
200811060POR,RS,POR,1197.0,,37,40,-3
200811060POR,RS,POR,1213.0,,37,42,-5
200811060POR,RS,POR,1229.0,,39,42,-3
200811060POR,RS,POR,1245.0,,39,44,-5
200811060POR,RS,POR,1263.0,,41,44,-3
200811060POR,RS,POR,1282.0,,42,44,-2
200811060POR,RS,POR,1282.0,,43,44,-1
200811060POR,RS,POR,1299.0,,43,46,-3
200811060POR,RS,POR,1317.0,,45,46,-1
200811060POR,RS,POR,1348.0,LC,47,46,1
200811060POR,RS,POR,1364.0,LC,47,48,-1
200811060POR,RS,POR,1375.0,LC,49,48,1
200811060POR,RS,POR,1394.0,LC,49,50,-1
200811060POR,RS,POR,1406.8,LC,51,50,1
200811060POR,RS,POR,1437.1,LC,51,52,-1
200811060POR,RS,POR,1460.0,,51,54,-3
200811060POR,RS,POR,1485.0,,51,56,-5
200811060POR,RS,POR,1563.0,,51,58,-7
200811060POR,RS,POR,1596.0,,53,58,-5
200811060POR,RS,POR,1613.0,,53,60,-7
200811060POR,RS,POR,1636.0,,55,60,-5
200811060POR,RS,POR,1678.0,,55,62,-7
200811060POR,RS,POR,1702.0,,56,62,-6
200811060POR,RS,POR,1702.0,,57,62,-5
200811060POR,RS,POR,1725.0,,57,63,-6
200811060POR,RS,POR,1725.0,,57,64,-7
200811060POR,RS,POR,1761.0,,57,66,-9
200811060POR,RS,POR,1779.0,,59,66,-7
200811060POR,RS,POR,1798.0,,59,68,-9
200811060POR,RS,POR,1813.0,,61,68,-7
200811060POR,RS,POR,1813.0,,62,68,-6
200811060POR,RS,POR,1861.0,,64,68,-4
200811060POR,RS,POR,1886.0,,66,68,-2
200811060POR,RS,POR,1974.0,,66,70,-4
200811060POR,RS,POR,2001.0,,66,72,-6
200811060POR,RS,POR,2017.0,,69,72,-3
200811060POR,RS,POR,2129.1,,69,74,-5
200811060POR,RS,POR,2144.8,,70,74,-4
200811060POR,RS,POR,2144.8,,71,74,-3
200811060POR,RS,POR,2200.0,,71,76,-5
200811060POR,RS,POR,2237.0,,71,79,-8
200811060POR,RS,POR,2280.0,,71,80,-9
200811060POR,RS,POR,2280.0,,71,81,-10
200811060POR,RS,POR,2298.0,,72,81,-9
200811060POR,RS,POR,2298.0,,73,81,-8
200811060POR,RS,POR,2319.0,,73,83,-10
200811060POR,RS,POR,2423.0,,75,83,-8
200811060POR,RS,POR,2456.0,,78,83,-5
200811060POR,RS,POR,2486.0,,80,83,-3
200811060POR,RS,POR,2507.0,,80,84,-4
200811060POR,RS,POR,2526.0,,82,84,-2
200811060POR,RS,POR,2575.0,,83,84,-1
200811060POR,RS,POR,2584.0,,83,85,-2
200811060POR,RS,POR,2584.0,,83,86,-3
200811060POR,RS,POR,2630.0,,83,88,-5
200811060POR,RS,POR,2655.0,,85,88,-3
200811060POR,RS,POR,2682.0,,85,90,-5
200811060POR,RS,POR,2750.0,,87,90,-3
200811060POR,RS,POR,2788.0,,88,90,-2
200811060POR,RS,POR,2818.0,,89,90,-1
200811060POR,RS,POR,2818.0,T,90,90,0
200811060POR,RS,POR,2915.0,,90,91,-1
200811060POR,RS,POR,2915.0,,90,92,-2
200811060POR,RS,POR,2953.0,T,92,92,0
200811060POR,RS,POR,3070.0,LC,94,92,2
200811060POR,RS,POR,3086.0,T,94,94,0
200811060POR,RS,POR,3138.1,,96,94,2
200811060POR,RS,POR,3149.7,,96,95,1
200811060POR,RS,POR,3149.7,T,96,96,0
200811060POR,RS,POR,3178.1,LC,96,98,-2
200811060POR,RS,POR,3179.2,T,98,98,0
200811060POR,RS,POR,3179.2,LC,99,98,1
200811060POR,RS,POR,3179.9,F,99,101,-2
200811060POR,RS,POR,3180.0,,99,101,-2
200811070LAC,RS,LAC,0.0,,0,0,0
200811070LAC,RS,LAC,36.0,,2,0,2
200811070LAC,RS,LAC,59.0,T,2,2,0
200811070LAC,RS,LAC,174.0,,4,2,2
200811070LAC,RS,LAC,185.0,T,4,4,0
200811070LAC,RS,LAC,198.0,,5,4,1
200811070LAC,RS,LAC,198.0,,6,4,2
200811070LAC,RS,LAC,249.0,T,6,6,0
200811070LAC,RS,LAC,267.0,,8,6,2
200811070LAC,RS,LAC,316.0,,10,6,4
200811070LAC,RS,LAC,351.0,,12,6,6
200811070LAC,RS,LAC,388.0,,15,6,9
200811070LAC,RS,LAC,401.0,,17,6,11
200811070LAC,RS,LAC,429.0,,17,8,9
200811070LAC,RS,LAC,456.0,,19,8,11
200811070LAC,RS,LAC,470.0,,19,10,9
200811070LAC,RS,LAC,512.0,,21,10,11
200811070LAC,RS,LAC,534.0,,23,10,13
200811070LAC,RS,LAC,592.0,,25,10,15
200811070LAC,RS,LAC,611.0,,25,12,13
200811070LAC,RS,LAC,649.0,,25,14,11
200811070LAC,RS,LAC,671.2,,25,16,9
200811070LAC,RS,LAC,704.0,,25,17,8
200811070LAC,RS,LAC,704.0,,25,18,7
200811070LAC,RS,LAC,840.0,,25,20,5
200811070LAC,RS,LAC,867.0,,25,22,3
200811070LAC,RS,LAC,912.0,,27,22,5
200811070LAC,RS,LAC,935.0,,27,24,3
200811070LAC,RS,LAC,951.0,,29,24,5
200811070LAC,RS,LAC,970.0,,29,25,4
200811070LAC,RS,LAC,970.0,,29,26,3
200811070LAC,RS,LAC,991.0,,30,26,4
200811070LAC,RS,LAC,991.0,,31,26,5
200811070LAC,RS,LAC,1021.0,,31,27,4
200811070LAC,RS,LAC,1021.0,,31,28,3
200811070LAC,RS,LAC,1044.0,,33,28,5
200811070LAC,RS,LAC,1077.0,,35,28,7
200811070LAC,RS,LAC,1099.0,,35,31,4
200811070LAC,RS,LAC,1118.0,,37,31,6
200811070LAC,RS,LAC,1156.0,,37,33,4
200811070LAC,RS,LAC,1176.0,,40,33,7
200811070LAC,RS,LAC,1194.0,,40,36,4
200811070LAC,RS,LAC,1243.0,,43,36,7
200811070LAC,RS,LAC,1348.0,,43,37,6
200811070LAC,RS,LAC,1369.0,,44,37,7
200811070LAC,RS,LAC,1369.0,,45,37,8
200811070LAC,RS,LAC,1392.2,,45,39,6
200811070LAC,RS,LAC,1409.6,,46,39,7
200811070LAC,RS,LAC,1409.6,,47,39,8
200811070LAC,RS,LAC,1424.1,,47,41,6
200811070LAC,RS,LAC,1439.6,,49,41,8
200811070LAC,RS,LAC,1466.0,,49,43,6
200811070LAC,RS,LAC,1487.0,,49,45,4
200811070LAC,RS,LAC,1509.0,,51,45,6
200811070LAC,RS,LAC,1526.0,,51,47,4
200811070LAC,RS,LAC,1540.0,,52,47,5
200811070LAC,RS,LAC,1552.0,,52,49,3
200811070LAC,RS,LAC,1579.0,,54,49,5
200811070LAC,RS,LAC,1588.0,,54,52,2
200811070LAC,RS,LAC,1604.0,,57,52,5
200811070LAC,RS,LAC,1621.0,,57,54,3
200811070LAC,RS,LAC,1658.0,,57,56,1
200811070LAC,RS,LAC,1676.0,,59,56,3
200811070LAC,RS,LAC,1705.0,,59,58,1
200811070LAC,RS,LAC,1761.0,,60,58,2
200811070LAC,RS,LAC,1780.0,,62,58,4
200811070LAC,RS,LAC,1802.0,,62,60,2
200811070LAC,RS,LAC,1914.0,,63,60,3
200811070LAC,RS,LAC,1914.0,,64,60,4
200811070LAC,RS,LAC,1935.0,,64,62,2
200811070LAC,RS,LAC,1970.0,,66,62,4
200811070LAC,RS,LAC,1991.0,,66,64,2
200811070LAC,RS,LAC,2007.0,,67,64,3
200811070LAC,RS,LAC,2037.0,,68,64,4
200811070LAC,RS,LAC,2069.0,,71,64,7
200811070LAC,RS,LAC,2114.0,,71,66,5
200811070LAC,RS,LAC,2175.0,,73,66,7
200811070LAC,RS,LAC,2226.0,,73,67,6
200811070LAC,RS,LAC,2245.0,,76,67,9
200811070LAC,RS,LAC,2269.0,,76,69,7
200811070LAC,RS,LAC,2284.0,,78,69,9
200811070LAC,RS,LAC,2345.0,,80,69,11
200811070LAC,RS,LAC,2367.0,,80,71,9
200811070LAC,RS,LAC,2429.0,,80,73,7
200811070LAC,RS,LAC,2443.0,,81,73,8
200811070LAC,RS,LAC,2443.0,,82,73,9
200811070LAC,RS,LAC,2508.0,,84,73,11
200811070LAC,RS,LAC,2523.0,,84,75,9
200811070LAC,RS,LAC,2573.0,,84,77,7
200811070LAC,RS,LAC,2646.0,,84,79,5
200811070LAC,RS,LAC,2670.0,,86,79,7
200811070LAC,RS,LAC,2687.0,,86,81,5
200811070LAC,RS,LAC,2710.0,,88,81,7
200811070LAC,RS,LAC,2759.0,,88,83,5
200811070LAC,RS,LAC,2820.0,,90,83,7
200811070LAC,RS,LAC,2866.1,,91,83,8
200811070LAC,RS,LAC,2866.1,F,92,83,9
200811070LAC,RS,LAC,2880.0,,92,83,9
200811090LAL,RS,LAL,0.0,,0,0,0
200811090LAL,RS,LAL,98.0,,0,2,-2
200811090LAL,RS,LAL,117.0,T,2,2,0
200811090LAL,RS,LAL,131.0,,2,4,-2
200811090LAL,RS,LAL,160.0,,2,6,-4
200811090LAL,RS,LAL,219.0,,4,6,-2
200811090LAL,RS,LAL,260.0,,4,7,-3
200811090LAL,RS,LAL,289.0,,6,7,-1
200811090LAL,RS,LAL,321.0,LC,8,7,1
200811090LAL,RS,LAL,334.0,,11,7,4
200811090LAL,RS,LAL,361.0,,13,7,6
200811090LAL,RS,LAL,384.0,,16,7,9
200811090LAL,RS,LAL,500.0,,16,9,7
200811090LAL,RS,LAL,525.0,,18,9,9
200811090LAL,RS,LAL,544.0,,19,9,10
200811090LAL,RS,LAL,544.0,,20,9,11
200811090LAL,RS,LAL,564.0,,22,9,13
200811090LAL,RS,LAL,575.0,,22,10,12
200811090LAL,RS,LAL,575.0,,22,11,11
200811090LAL,RS,LAL,602.0,,22,12,10
200811090LAL,RS,LAL,637.0,,22,13,9
200811090LAL,RS,LAL,637.0,,22,14,8
200811090LAL,RS,LAL,665.9,,25,14,11
200811090LAL,RS,LAL,709.1,,27,14,13
200811090LAL,RS,LAL,709.1,,28,14,14
200811090LAL,RS,LAL,719.8,,28,16,12
200811090LAL,RS,LAL,738.0,,30,16,14
200811090LAL,RS,LAL,779.0,,32,16,16
200811090LAL,RS,LAL,794.0,,32,18,14
200811090LAL,RS,LAL,821.0,,32,20,12
200811090LAL,RS,LAL,838.0,,32,22,10
200811090LAL,RS,LAL,861.0,,35,22,13
200811090LAL,RS,LAL,873.0,,35,25,10
200811090LAL,RS,LAL,891.0,,37,25,12
200811090LAL,RS,LAL,911.0,,37,27,10
200811090LAL,RS,LAL,930.0,,39,27,12
200811090LAL,RS,LAL,947.0,,39,28,11
200811090LAL,RS,LAL,958.0,,41,28,13
200811090LAL,RS,LAL,985.0,,41,31,10
200811090LAL,RS,LAL,1008.0,,42,31,11
200811090LAL,RS,LAL,1008.0,,43,31,12
200811090LAL,RS,LAL,1026.0,,43,33,10
200811090LAL,RS,LAL,1051.0,,43,34,9
200811090LAL,RS,LAL,1069.0,,43,36,7
200811090LAL,RS,LAL,1087.0,,45,36,9
200811090LAL,RS,LAL,1101.0,,45,38,7
200811090LAL,RS,LAL,1146.0,,45,40,5
200811090LAL,RS,LAL,1190.0,,45,41,4
200811090LAL,RS,LAL,1190.0,,45,42,3
200811090LAL,RS,LAL,1263.0,,45,44,1
200811090LAL,RS,LAL,1312.0,,47,44,3
200811090LAL,RS,LAL,1338.0,,47,45,2
200811090LAL,RS,LAL,1338.0,,47,46,1
200811090LAL,RS,LAL,1371.0,LC,47,48,-1
200811090LAL,RS,LAL,1400.2,,47,49,-2
200811090LAL,RS,LAL,1400.2,,47,50,-3
200811090LAL,RS,LAL,1412.4,,48,50,-2
200811090LAL,RS,LAL,1490.0,,49,50,-1
200811090LAL,RS,LAL,1542.0,,49,52,-3
200811090LAL,RS,LAL,1640.0,,51,52,-1
200811090LAL,RS,LAL,1695.0,,51,55,-4
200811090LAL,RS,LAL,1722.0,,54,55,-1
200811090LAL,RS,LAL,1736.0,,54,57,-3
200811090LAL,RS,LAL,1771.0,,54,59,-5
200811090LAL,RS,LAL,1789.0,,57,59,-2
200811090LAL,RS,LAL,1816.0,,57,61,-4
200811090LAL,RS,LAL,1868.0,,57,63,-6
200811090LAL,RS,LAL,1893.0,,57,65,-8
200811090LAL,RS,LAL,1919.0,,57,67,-10
200811090LAL,RS,LAL,1976.0,,58,67,-9
200811090LAL,RS,LAL,1976.0,,59,67,-8
200811090LAL,RS,LAL,2027.0,,61,67,-6
200811090LAL,RS,LAL,2041.0,,61,69,-8
200811090LAL,RS,LAL,2060.0,,63,69,-6
200811090LAL,RS,LAL,2131.4,,63,72,-9
200811090LAL,RS,LAL,2156.1,,65,72,-7
200811090LAL,RS,LAL,2178.0,,65,74,-9
200811090LAL,RS,LAL,2192.0,,66,74,-8
200811090LAL,RS,LAL,2211.0,,66,77,-11
200811090LAL,RS,LAL,2244.0,,66,79,-13
200811090LAL,RS,LAL,2273.0,,66,81,-15
200811090LAL,RS,LAL,2296.0,,69,81,-12
200811090LAL,RS,LAL,2323.0,,69,84,-15
200811090LAL,RS,LAL,2365.0,,69,86,-17
200811090LAL,RS,LAL,2395.0,,71,86,-15
200811090LAL,RS,LAL,2420.0,,73,86,-13
200811090LAL,RS,LAL,2432.0,,73,88,-15
200811090LAL,RS,LAL,2470.0,,73,91,-18
200811090LAL,RS,LAL,2476.0,,73,92,-19
200811090LAL,RS,LAL,2486.0,,75,92,-17
200811090LAL,RS,LAL,2505.0,,75,94,-19
200811090LAL,RS,LAL,2554.0,,75,97,-22
200811090LAL,RS,LAL,2567.0,,77,97,-20
200811090LAL,RS,LAL,2578.0,,77,99,-22
200811090LAL,RS,LAL,2627.0,,77,100,-23
200811090LAL,RS,LAL,2647.0,,79,100,-21
200811090LAL,RS,LAL,2647.0,,80,100,-20
200811090LAL,RS,LAL,2660.0,,80,101,-21
200811090LAL,RS,LAL,2660.0,,80,102,-22
200811090LAL,RS,LAL,2681.0,,80,104,-24
200811090LAL,RS,LAL,2713.0,,80,107,-27
200811090LAL,RS,LAL,2800.0,,80,109,-29
200811090LAL,RS,LAL,2817.0,,81,109,-28
200811090LAL,RS,LAL,2817.0,,82,109,-27
200811090LAL,RS,LAL,2836.2,F,82,111,-29
200811090LAL,RS,LAL,2880.0,,82,111,-29
200811120PHO,RS,PHO,0.0,,0,0,0
200811120PHO,RS,PHO,41.0,,0,3,-3
200811120PHO,RS,PHO,76.0,,0,5,-5
200811120PHO,RS,PHO,144.0,,0,8,-8
200811120PHO,RS,PHO,161.0,,2,8,-6
200811120PHO,RS,PHO,173.0,,2,10,-8
200811120PHO,RS,PHO,195.0,,4,10,-6
200811120PHO,RS,PHO,243.0,,4,11,-7
200811120PHO,RS,PHO,243.0,,4,12,-8
200811120PHO,RS,PHO,259.0,,6,12,-6
200811120PHO,RS,PHO,306.0,,6,14,-8
200811120PHO,RS,PHO,324.0,,7,14,-7
200811120PHO,RS,PHO,411.0,,9,14,-5
200811120PHO,RS,PHO,437.0,,11,14,-3
200811120PHO,RS,PHO,463.0,,13,14,-1
200811120PHO,RS,PHO,480.0,,13,16,-3
200811120PHO,RS,PHO,523.0,,15,16,-1
200811120PHO,RS,PHO,554.0,LC,17,16,1
200811120PHO,RS,PHO,567.0,LC,17,18,-1
200811120PHO,RS,PHO,588.0,LC,19,18,1
200811120PHO,RS,PHO,635.0,LC,19,20,-1
200811120PHO,RS,PHO,660.0,LC,21,20,1
200811120PHO,RS,PHO,683.1,LC,21,22,-1
200811120PHO,RS,PHO,701.0,LC,23,22,1
200811120PHO,RS,PHO,735.0,,26,22,4
200811120PHO,RS,PHO,801.0,,28,22,6
200811120PHO,RS,PHO,822.0,,28,24,4
200811120PHO,RS,PHO,847.0,,28,26,2
200811120PHO,RS,PHO,914.0,,29,26,3
200811120PHO,RS,PHO,914.0,,30,26,4
200811120PHO,RS,PHO,990.0,,31,26,5
200811120PHO,RS,PHO,990.0,,32,26,6
200811120PHO,RS,PHO,1000.0,,32,28,4
200811120PHO,RS,PHO,1015.0,,34,28,6
200811120PHO,RS,PHO,1026.0,,34,29,5
200811120PHO,RS,PHO,1026.0,,34,30,4
200811120PHO,RS,PHO,1080.0,,36,30,6
200811120PHO,RS,PHO,1106.0,,38,30,8
200811120PHO,RS,PHO,1162.0,,38,33,5
200811120PHO,RS,PHO,1215.0,,38,35,3
200811120PHO,RS,PHO,1299.0,,38,37,1
200811120PHO,RS,PHO,1316.0,,40,37,3
200811120PHO,RS,PHO,1410.6,,41,37,4
200811120PHO,RS,PHO,1410.6,,42,37,5
200811120PHO,RS,PHO,1439.9,,44,37,7
200811120PHO,RS,PHO,1455.0,,46,37,9
200811120PHO,RS,PHO,1480.0,,46,39,7
200811120PHO,RS,PHO,1526.0,,46,41,5
200811120PHO,RS,PHO,1552.0,,49,41,8
200811120PHO,RS,PHO,1578.0,,50,41,9
200811120PHO,RS,PHO,1578.0,,51,41,10
200811120PHO,RS,PHO,1593.0,,51,43,8
200811120PHO,RS,PHO,1617.0,,53,43,10
200811120PHO,RS,PHO,1646.0,,53,45,8
200811120PHO,RS,PHO,1688.0,,56,45,11
200811120PHO,RS,PHO,1711.0,,56,47,9
200811120PHO,RS,PHO,1770.0,,56,49,7
200811120PHO,RS,PHO,1791.0,,58,49,9
200811120PHO,RS,PHO,1818.0,,61,49,12
200811120PHO,RS,PHO,1886.0,,61,51,10
200811120PHO,RS,PHO,1907.0,,63,51,12
200811120PHO,RS,PHO,1974.0,,65,51,14
200811120PHO,RS,PHO,1995.0,,65,53,12
200811120PHO,RS,PHO,2028.0,,67,53,14
200811120PHO,RS,PHO,2051.0,,67,54,13
200811120PHO,RS,PHO,2051.0,,67,55,12
200811120PHO,RS,PHO,2066.0,,69,55,14
200811120PHO,RS,PHO,2099.0,,71,55,16
200811120PHO,RS,PHO,2132.4,,74,55,19
200811120PHO,RS,PHO,2178.0,,74,57,17
200811120PHO,RS,PHO,2198.0,,74,58,16
200811120PHO,RS,PHO,2220.0,,76,58,18
200811120PHO,RS,PHO,2232.0,,76,59,17
200811120PHO,RS,PHO,2245.0,,76,61,15
200811120PHO,RS,PHO,2263.0,,78,61,17
200811120PHO,RS,PHO,2263.0,,79,61,18
200811120PHO,RS,PHO,2272.0,,79,63,16
200811120PHO,RS,PHO,2320.0,,81,63,18
200811120PHO,RS,PHO,2333.0,,81,65,16
200811120PHO,RS,PHO,2352.0,,84,65,19
200811120PHO,RS,PHO,2364.0,,84,66,18
200811120PHO,RS,PHO,2393.0,,84,68,16
200811120PHO,RS,PHO,2541.0,,86,68,18
200811120PHO,RS,PHO,2592.0,,86,70,16
200811120PHO,RS,PHO,2617.0,,88,70,18
200811120PHO,RS,PHO,2629.0,,88,72,16
200811120PHO,RS,PHO,2663.0,,88,74,14
200811120PHO,RS,PHO,2675.0,,90,74,16
200811120PHO,RS,PHO,2684.0,,90,75,15
200811120PHO,RS,PHO,2684.0,,90,76,14
200811120PHO,RS,PHO,2703.0,,90,77,13
200811120PHO,RS,PHO,2703.0,,90,78,12
200811120PHO,RS,PHO,2750.0,,92,78,14
200811120PHO,RS,PHO,2764.0,,92,80,12
200811120PHO,RS,PHO,2791.0,,92,81,11
200811120PHO,RS,PHO,2791.0,,92,82,10
200811120PHO,RS,PHO,2811.0,F,94,82,12
200811120PHO,RS,PHO,2880.0,,94,82,12
200811140SAS,RS,SAS,0.0,,0,0,0
200811140SAS,RS,SAS,12.0,,0,2,-2
200811140SAS,RS,SAS,139.0,,0,4,-4
200811140SAS,RS,SAS,179.0,,2,4,-2
200811140SAS,RS,SAS,206.0,LC,5,4,1
200811140SAS,RS,SAS,220.0,LC,5,6,-1
200811140SAS,RS,SAS,266.0,,5,9,-4
200811140SAS,RS,SAS,289.0,,7,9,-2
200811140SAS,RS,SAS,316.0,T,9,9,0
200811140SAS,RS,SAS,340.0,,9,11,-2
200811140SAS,RS,SAS,363.0,T,11,11,0
200811140SAS,RS,SAS,426.0,LC,12,11,1
200811140SAS,RS,SAS,449.0,LC,12,13,-1
200811140SAS,RS,SAS,469.0,LC,14,13,1
200811140SAS,RS,SAS,522.0,,16,13,3
200811140SAS,RS,SAS,538.0,,16,15,1
200811140SAS,RS,SAS,565.0,LC,16,17,-1
200811140SAS,RS,SAS,594.0,,16,18,-2
200811140SAS,RS,SAS,594.0,,16,19,-3
200811140SAS,RS,SAS,607.0,,16,20,-4
200811140SAS,RS,SAS,607.0,,16,21,-5
200811140SAS,RS,SAS,623.0,,18,21,-3
200811140SAS,RS,SAS,663.2,T,21,21,0
200811140SAS,RS,SAS,692.4,LC,23,21,2
200811140SAS,RS,SAS,843.0,,25,21,4
200811140SAS,RS,SAS,902.0,,26,21,5
200811140SAS,RS,SAS,902.0,,27,21,6
200811140SAS,RS,SAS,944.0,,27,23,4
200811140SAS,RS,SAS,957.0,,27,25,2
200811140SAS,RS,SAS,1004.0,T,27,27,0
200811140SAS,RS,SAS,1080.0,,29,27,2
200811140SAS,RS,SAS,1153.0,,31,27,4
200811140SAS,RS,SAS,1169.0,,31,29,2
200811140SAS,RS,SAS,1195.0,,34,29,5
200811140SAS,RS,SAS,1214.0,,34,31,3
200811140SAS,RS,SAS,1242.0,,36,31,5
200811140SAS,RS,SAS,1242.0,,37,31,6
200811140SAS,RS,SAS,1259.0,,37,33,4
200811140SAS,RS,SAS,1278.0,,39,33,6
200811140SAS,RS,SAS,1298.0,,39,36,3
200811140SAS,RS,SAS,1327.0,,41,36,5
200811140SAS,RS,SAS,1348.0,,41,38,3
200811140SAS,RS,SAS,1364.0,,43,38,5
200811140SAS,RS,SAS,1380.0,,43,40,3
200811140SAS,RS,SAS,1458.0,,46,40,6
200811140SAS,RS,SAS,1473.0,,46,42,4
200811140SAS,RS,SAS,1513.0,,46,43,3
200811140SAS,RS,SAS,1513.0,,46,44,2
200811140SAS,RS,SAS,1581.0,,48,44,4
200811140SAS,RS,SAS,1613.0,,50,44,6
200811140SAS,RS,SAS,1639.0,,50,46,4
200811140SAS,RS,SAS,1676.0,,53,46,7
200811140SAS,RS,SAS,1689.0,,53,49,4
200811140SAS,RS,SAS,1721.0,,53,51,2
200811140SAS,RS,SAS,1742.0,,55,51,4
200811140SAS,RS,SAS,1859.0,,56,51,5
200811140SAS,RS,SAS,1859.0,,57,51,6
200811140SAS,RS,SAS,1879.0,,57,53,4
200811140SAS,RS,SAS,1937.0,,59,53,6
200811140SAS,RS,SAS,1963.0,,60,53,7
200811140SAS,RS,SAS,2125.3,,62,53,9
200811140SAS,RS,SAS,2133.1,,62,55,7
200811140SAS,RS,SAS,2181.0,,64,55,9
200811140SAS,RS,SAS,2219.0,,66,55,11
200811140SAS,RS,SAS,2293.0,,66,56,10
200811140SAS,RS,SAS,2387.0,,67,56,11
200811140SAS,RS,SAS,2387.0,,68,56,12
200811140SAS,RS,SAS,2423.0,,70,56,14
200811140SAS,RS,SAS,2439.0,,70,59,11
200811140SAS,RS,SAS,2482.0,,70,62,8
200811140SAS,RS,SAS,2503.0,,73,62,11
200811140SAS,RS,SAS,2520.0,,73,63,10
200811140SAS,RS,SAS,2549.0,,73,65,8
200811140SAS,RS,SAS,2596.0,,75,65,10
200811140SAS,RS,SAS,2620.0,,75,68,7
200811140SAS,RS,SAS,2689.0,,75,70,5
200811140SAS,RS,SAS,2738.0,,75,71,4
200811140SAS,RS,SAS,2770.0,,75,74,1
200811140SAS,RS,SAS,2820.3,LC,75,76,-1
200811140SAS,RS,SAS,2878.2,F,75,77,-2
200811140SAS,RS,SAS,2880.0,,75,77,-2
200811150HOU,RS,NOH,0.0,,0,0,0
200811150HOU,RS,NOH,21.0,,0,1,-1
200811150HOU,RS,NOH,67.0,LC,2,1,1
200811150HOU,RS,NOH,115.0,,4,1,3
200811150HOU,RS,NOH,147.0,,6,1,5
200811150HOU,RS,NOH,167.0,,6,4,2
200811150HOU,RS,NOH,183.0,,8,4,4
200811150HOU,RS,NOH,215.0,,9,4,5
200811150HOU,RS,NOH,215.0,,10,4,6
200811150HOU,RS,NOH,237.0,,10,6,4
200811150HOU,RS,NOH,261.0,,10,8,2
200811150HOU,RS,NOH,276.0,,13,8,5
200811150HOU,RS,NOH,333.0,,13,10,3
200811150HOU,RS,NOH,351.0,,15,10,5
200811150HOU,RS,NOH,365.0,,15,12,3
200811150HOU,RS,NOH,468.0,,15,14,1
200811150HOU,RS,NOH,489.0,,18,14,4
200811150HOU,RS,NOH,524.0,,21,14,7
200811150HOU,RS,NOH,539.0,,21,16,5
200811150HOU,RS,NOH,541.0,,22,16,6
200811150HOU,RS,NOH,609.0,,24,16,8
200811150HOU,RS,NOH,693.9,,24,18,6
200811150HOU,RS,NOH,693.9,,24,19,5
200811150HOU,RS,NOH,715.5,,25,19,6
200811150HOU,RS,NOH,715.5,,26,19,7
200811150HOU,RS,NOH,716.8,,26,20,6
200811150HOU,RS,NOH,716.8,,26,21,5
200811150HOU,RS,NOH,738.0,,26,23,3
200811150HOU,RS,NOH,780.0,,27,23,4
200811150HOU,RS,NOH,780.0,,28,23,5
200811150HOU,RS,NOH,797.0,,28,25,3
200811150HOU,RS,NOH,816.0,,31,25,6
200811150HOU,RS,NOH,858.0,,31,26,5
200811150HOU,RS,NOH,858.0,,31,27,4
200811150HOU,RS,NOH,895.0,,32,27,5
200811150HOU,RS,NOH,895.0,,33,27,6
200811150HOU,RS,NOH,906.0,,33,29,4
200811150HOU,RS,NOH,930.0,,36,29,7
200811150HOU,RS,NOH,966.0,,38,29,9
200811150HOU,RS,NOH,1002.0,,40,29,11
200811150HOU,RS,NOH,1173.0,,42,29,13
200811150HOU,RS,NOH,1205.0,,43,29,14
200811150HOU,RS,NOH,1228.0,,44,29,15
200811150HOU,RS,NOH,1246.0,,44,30,14
200811150HOU,RS,NOH,1246.0,,44,31,13
200811150HOU,RS,NOH,1260.0,,46,31,15
200811150HOU,RS,NOH,1365.0,,48,31,17
200811150HOU,RS,NOH,1384.2,,48,34,14
200811150HOU,RS,NOH,1418.5,,48,36,12
200811150HOU,RS,NOH,1465.0,,50,36,14
200811150HOU,RS,NOH,1502.0,,52,36,16
200811150HOU,RS,NOH,1531.0,,52,38,14
200811150HOU,RS,NOH,1558.0,,54,38,16
200811150HOU,RS,NOH,1575.0,,54,40,14
200811150HOU,RS,NOH,1630.0,,54,42,12
200811150HOU,RS,NOH,1651.0,,55,42,13
200811150HOU,RS,NOH,1651.0,,56,42,14
200811150HOU,RS,NOH,1691.0,,56,44,12
200811150HOU,RS,NOH,1719.0,,58,44,14
200811150HOU,RS,NOH,1731.0,,58,46,12
200811150HOU,RS,NOH,1750.0,,60,46,14
200811150HOU,RS,NOH,1763.0,,60,47,13
200811150HOU,RS,NOH,1763.0,,60,48,12
200811150HOU,RS,NOH,1778.0,,62,48,14
200811150HOU,RS,NOH,1816.0,,64,48,16
200811150HOU,RS,NOH,1827.0,,64,50,14
200811150HOU,RS,NOH,1915.0,,65,50,15
200811150HOU,RS,NOH,1915.0,,66,50,16
200811150HOU,RS,NOH,1955.0,,66,51,15
200811150HOU,RS,NOH,1955.0,,66,52,14
200811150HOU,RS,NOH,1969.0,,67,52,15
200811150HOU,RS,NOH,2006.0,,70,52,18
200811150HOU,RS,NOH,2044.0,,70,53,17
200811150HOU,RS,NOH,2168.0,,70,54,16
200811150HOU,RS,NOH,2168.0,,70,55,15
200811150HOU,RS,NOH,2193.0,,70,56,14
200811150HOU,RS,NOH,2249.0,,72,56,16
200811150HOU,RS,NOH,2294.0,,74,56,18
200811150HOU,RS,NOH,2333.0,,74,58,16
200811150HOU,RS,NOH,2357.0,,74,60,14
200811150HOU,RS,NOH,2403.0,,76,60,16
200811150HOU,RS,NOH,2403.0,,77,60,17
200811150HOU,RS,NOH,2460.0,,77,62,15
200811150HOU,RS,NOH,2488.0,,79,62,17
200811150HOU,RS,NOH,2507.0,,79,64,15
200811150HOU,RS,NOH,2557.0,,81,64,17
200811150HOU,RS,NOH,2582.0,,81,66,15
200811150HOU,RS,NOH,2623.0,,81,68,13
200811150HOU,RS,NOH,2666.0,,82,68,14
200811150HOU,RS,NOH,2684.0,,83,68,15
200811150HOU,RS,NOH,2684.0,,84,68,16
200811150HOU,RS,NOH,2698.0,,84,70,14
200811150HOU,RS,NOH,2698.0,,84,71,13
200811150HOU,RS,NOH,2763.0,,84,73,11
200811150HOU,RS,NOH,2778.0,,86,73,13
200811150HOU,RS,NOH,2797.0,,86,75,11
200811150HOU,RS,NOH,2813.0,,87,75,12
200811150HOU,RS,NOH,2813.0,,88,75,13
200811150HOU,RS,NOH,2833.1,,88,77,11
200811150HOU,RS,NOH,2844.8,,89,77,12
200811150HOU,RS,NOH,2844.8,,90,77,13
200811150HOU,RS,NOH,2850.7,,90,79,11
200811150HOU,RS,NOH,2854.6,,91,79,12
200811150HOU,RS,NOH,2865.2,F,91,82,9
200811150HOU,RS,NOH,2880.0,,91,82,9
200811170OKC,RS,OKC,0.0,,0,0,0
200811170OKC,RS,OKC,39.0,,2,0,2
200811170OKC,RS,OKC,93.0,T,2,2,0
200811170OKC,RS,OKC,123.0,,4,2,2
200811170OKC,RS,OKC,137.0,T,4,4,0
200811170OKC,RS,OKC,157.0,LC,4,6,-2
200811170OKC,RS,OKC,207.0,T,6,6,0
200811170OKC,RS,OKC,239.0,,6,8,-2
200811170OKC,RS,OKC,262.0,LC,9,8,1
200811170OKC,RS,OKC,276.0,,10,8,2
200811170OKC,RS,OKC,276.0,,11,8,3
200811170OKC,RS,OKC,299.0,T,11,11,0
200811170OKC,RS,OKC,325.0,LC,11,13,-2
200811170OKC,RS,OKC,343.0,T,13,13,0
200811170OKC,RS,OKC,354.0,LC,15,13,2
200811170OKC,RS,OKC,370.0,T,15,15,0
200811170OKC,RS,OKC,397.0,LC,15,16,-1
200811170OKC,RS,OKC,421.0,,15,18,-3
200811170OKC,RS,OKC,461.0,,17,18,-1
200811170OKC,RS,OKC,480.0,LC,19,18,1
200811170OKC,RS,OKC,498.0,LC,19,21,-2
200811170OKC,RS,OKC,519.0,T,21,21,0
200811170OKC,RS,OKC,519.0,LC,22,21,1
200811170OKC,RS,OKC,532.0,LC,22,23,-1
200811170OKC,RS,OKC,532.0,,22,24,-2
200811170OKC,RS,OKC,546.0,,23,24,-1
200811170OKC,RS,OKC,546.0,T,24,24,0
200811170OKC,RS,OKC,555.0,,24,26,-2
200811170OKC,RS,OKC,584.0,,24,28,-4
200811170OKC,RS,OKC,603.0,,26,28,-2
200811170OKC,RS,OKC,660.2,T,28,28,0
200811170OKC,RS,OKC,679.5,,28,30,-2
200811170OKC,RS,OKC,685.5,,29,30,-1
200811170OKC,RS,OKC,685.5,T,30,30,0
200811170OKC,RS,OKC,718.4,LC,32,30,2
200811170OKC,RS,OKC,783.0,T,32,32,0
200811170OKC,RS,OKC,807.0,LC,32,34,-2
200811170OKC,RS,OKC,828.0,T,34,34,0
200811170OKC,RS,OKC,873.0,,34,35,-1
200811170OKC,RS,OKC,873.0,,34,36,-2
200811170OKC,RS,OKC,886.0,T,36,36,0
200811170OKC,RS,OKC,902.0,,36,38,-2
200811170OKC,RS,OKC,939.0,T,38,38,0
200811170OKC,RS,OKC,953.0,,38,40,-2
200811170OKC,RS,OKC,1015.0,T,40,40,0
200811170OKC,RS,OKC,1076.0,,40,42,-2
200811170OKC,RS,OKC,1111.0,T,42,42,0
200811170OKC,RS,OKC,1173.0,LC,44,42,2
200811170OKC,RS,OKC,1186.0,T,44,44,0
200811170OKC,RS,OKC,1200.0,,46,44,2
200811170OKC,RS,OKC,1243.0,T,46,46,0
200811170OKC,RS,OKC,1243.0,LC,46,47,-1
200811170OKC,RS,OKC,1259.0,LC,48,47,1
200811170OKC,RS,OKC,1316.0,,50,47,3
200811170OKC,RS,OKC,1352.0,,52,47,5
200811170OKC,RS,OKC,1378.0,,52,50,2
200811170OKC,RS,OKC,1399.4,,54,50,4
200811170OKC,RS,OKC,1413.0,,55,50,5
200811170OKC,RS,OKC,1413.0,,56,50,6
200811170OKC,RS,OKC,1462.0,,58,50,8
200811170OKC,RS,OKC,1512.0,,60,50,10
200811170OKC,RS,OKC,1525.0,,60,52,8
200811170OKC,RS,OKC,1544.0,,62,52,10
200811170OKC,RS,OKC,1613.0,,64,52,12
200811170OKC,RS,OKC,1671.0,,66,52,14
200811170OKC,RS,OKC,1685.0,,66,53,13
200811170OKC,RS,OKC,1702.0,,68,53,15
200811170OKC,RS,OKC,1728.0,,70,53,17
200811170OKC,RS,OKC,1742.0,,70,54,16
200811170OKC,RS,OKC,1823.0,,72,54,18
200811170OKC,RS,OKC,1859.0,,72,56,16
200811170OKC,RS,OKC,1891.0,,72,58,14
200811170OKC,RS,OKC,1912.0,,74,58,16
200811170OKC,RS,OKC,1912.0,,75,58,17
200811170OKC,RS,OKC,1927.0,,77,58,19
200811170OKC,RS,OKC,1957.0,,77,60,17
200811170OKC,RS,OKC,1999.0,,79,60,19
200811170OKC,RS,OKC,2020.0,,79,62,17
200811170OKC,RS,OKC,2049.0,,79,64,15
200811170OKC,RS,OKC,2100.0,,79,65,14
200811170OKC,RS,OKC,2100.0,,79,66,13
200811170OKC,RS,OKC,2124.0,,79,67,12
200811170OKC,RS,OKC,2143.8,,81,67,14
200811170OKC,RS,OKC,2159.1,,81,68,13
200811170OKC,RS,OKC,2159.1,,81,69,12
200811170OKC,RS,OKC,2171.0,,81,70,11
200811170OKC,RS,OKC,2171.0,,81,71,10
200811170OKC,RS,OKC,2196.0,,82,71,11
200811170OKC,RS,OKC,2218.0,,82,72,10
200811170OKC,RS,OKC,2227.0,,82,74,8
200811170OKC,RS,OKC,2282.0,,84,74,10
200811170OKC,RS,OKC,2330.0,,86,74,12
200811170OKC,RS,OKC,2380.0,,88,74,14
200811170OKC,RS,OKC,2400.0,,88,76,12
200811170OKC,RS,OKC,2413.0,,89,76,13
200811170OKC,RS,OKC,2413.0,,90,76,14
200811170OKC,RS,OKC,2493.0,,90,78,12
200811170OKC,RS,OKC,2635.0,,92,78,14
200811170OKC,RS,OKC,2671.0,,94,78,16
200811170OKC,RS,OKC,2721.0,,94,79,15
200811170OKC,RS,OKC,2721.0,,94,80,14
200811170OKC,RS,OKC,2742.0,,94,82,12
200811170OKC,RS,OKC,2783.0,,96,82,14
200811170OKC,RS,OKC,2793.0,,96,83,13
200811170OKC,RS,OKC,2827.1,,96,85,11
200811170OKC,RS,OKC,2844.3,,98,85,13
200811170OKC,RS,OKC,2849.3,,98,87,11
200811170OKC,RS,OKC,2851.1,,99,87,12
200811170OKC,RS,OKC,2851.1,,100,87,13
200811170OKC,RS,OKC,2861.0,F,100,89,11
200811170OKC,RS,OKC,2880.0,,100,89,11
200811190HOU,RS,DAL,0.0,,0,0,0
200811190HOU,RS,DAL,44.0,,0,2,-2
200811190HOU,RS,DAL,96.0,,0,4,-4
200811190HOU,RS,DAL,117.0,,0,6,-6
200811190HOU,RS,DAL,162.0,,0,8,-8
200811190HOU,RS,DAL,185.0,,2,8,-6
200811190HOU,RS,DAL,245.0,,2,10,-8
200811190HOU,RS,DAL,267.0,,4,10,-6
200811190HOU,RS,DAL,286.0,,4,13,-9
200811190HOU,RS,DAL,313.0,,6,13,-7
200811190HOU,RS,DAL,355.0,,8,13,-5
200811190HOU,RS,DAL,380.0,,10,13,-3
200811190HOU,RS,DAL,393.0,,10,14,-4
200811190HOU,RS,DAL,408.0,,12,14,-2
200811190HOU,RS,DAL,421.0,,12,16,-4
200811190HOU,RS,DAL,432.0,,14,16,-2
200811190HOU,RS,DAL,448.0,T,16,16,0
200811190HOU,RS,DAL,465.0,,16,18,-2
200811190HOU,RS,DAL,479.0,T,18,18,0
200811190HOU,RS,DAL,493.0,,18,20,-2
200811190HOU,RS,DAL,519.0,LC,21,20,1
200811190HOU,RS,DAL,586.0,LC,21,22,-1
200811190HOU,RS,DAL,607.0,LC,23,22,1
200811190HOU,RS,DAL,627.0,T,23,23,0
200811190HOU,RS,DAL,627.0,LC,23,24,-1
200811190HOU,RS,DAL,646.0,T,24,24,0
200811190HOU,RS,DAL,646.0,LC,25,24,1
200811190HOU,RS,DAL,660.4,LC,25,26,-1
200811190HOU,RS,DAL,684.5,,25,29,-4
200811190HOU,RS,DAL,716.8,,25,30,-5
200811190HOU,RS,DAL,716.8,,25,31,-6
200811190HOU,RS,DAL,737.0,,27,31,-4
200811190HOU,RS,DAL,751.0,,27,33,-6
200811190HOU,RS,DAL,801.0,,27,35,-8
200811190HOU,RS,DAL,813.0,,28,35,-7
200811190HOU,RS,DAL,813.0,,29,35,-6
200811190HOU,RS,DAL,826.0,,29,37,-8
200811190HOU,RS,DAL,844.0,,30,37,-7
200811190HOU,RS,DAL,844.0,,31,37,-6
200811190HOU,RS,DAL,907.0,,31,38,-7
200811190HOU,RS,DAL,922.0,,31,40,-9
200811190HOU,RS,DAL,959.0,,31,42,-11
200811190HOU,RS,DAL,977.0,,32,42,-10
200811190HOU,RS,DAL,1023.0,,33,42,-9
200811190HOU,RS,DAL,1056.0,,35,42,-7
200811190HOU,RS,DAL,1079.0,,35,44,-9
200811190HOU,RS,DAL,1116.0,,35,46,-11
200811190HOU,RS,DAL,1134.0,,37,46,-9
200811190HOU,RS,DAL,1152.0,,37,48,-11
200811190HOU,RS,DAL,1212.0,,39,48,-9
200811190HOU,RS,DAL,1223.0,,39,51,-12
200811190HOU,RS,DAL,1233.0,,42,51,-9
200811190HOU,RS,DAL,1305.0,,42,53,-11
200811190HOU,RS,DAL,1324.0,,44,53,-9
200811190HOU,RS,DAL,1407.9,,46,53,-7
200811190HOU,RS,DAL,1482.0,,46,55,-9
200811190HOU,RS,DAL,1623.0,,47,55,-8
200811190HOU,RS,DAL,1680.0,,48,55,-7
200811190HOU,RS,DAL,1680.0,,49,55,-6
200811190HOU,RS,DAL,1697.0,,49,58,-9
200811190HOU,RS,DAL,1733.0,,49,59,-10
200811190HOU,RS,DAL,1751.0,,50,59,-9
200811190HOU,RS,DAL,1787.0,,52,59,-7
200811190HOU,RS,DAL,1807.0,,52,61,-9
200811190HOU,RS,DAL,1846.0,,52,63,-11
200811190HOU,RS,DAL,1869.0,,53,63,-10
200811190HOU,RS,DAL,1869.0,,54,63,-9
200811190HOU,RS,DAL,1910.0,,54,64,-10
200811190HOU,RS,DAL,1910.0,,54,65,-11
200811190HOU,RS,DAL,1921.0,,55,65,-10
200811190HOU,RS,DAL,1942.0,,55,66,-11
200811190HOU,RS,DAL,2007.0,,56,66,-10
200811190HOU,RS,DAL,2007.0,,57,66,-9
200811190HOU,RS,DAL,2100.0,,57,68,-11
200811190HOU,RS,DAL,2110.6,,58,68,-10
200811190HOU,RS,DAL,2110.6,,59,68,-9
200811190HOU,RS,DAL,2126.8,,59,69,-10
200811190HOU,RS,DAL,2126.8,,59,70,-11
200811190HOU,RS,DAL,2143.6,,61,70,-9
200811190HOU,RS,DAL,2159.0,,61,72,-11
200811190HOU,RS,DAL,2224.0,,64,72,-8
200811190HOU,RS,DAL,2255.0,,67,72,-5
200811190HOU,RS,DAL,2270.0,,67,73,-6
200811190HOU,RS,DAL,2307.0,,70,73,-3
200811190HOU,RS,DAL,2355.0,,70,75,-5
200811190HOU,RS,DAL,2391.0,,70,77,-7
200811190HOU,RS,DAL,2440.0,,71,77,-6
200811190HOU,RS,DAL,2482.0,,71,80,-9
200811190HOU,RS,DAL,2514.0,,73,80,-7
200811190HOU,RS,DAL,2549.0,,73,82,-9
200811190HOU,RS,DAL,2549.0,,73,83,-10
200811190HOU,RS,DAL,2633.0,,73,85,-12
200811190HOU,RS,DAL,2654.0,,75,85,-10
200811190HOU,RS,DAL,2684.0,,77,85,-8
200811190HOU,RS,DAL,2744.0,,79,85,-6
200811190HOU,RS,DAL,2762.0,,79,88,-9
200811190HOU,RS,DAL,2777.0,,80,88,-8
200811190HOU,RS,DAL,2777.0,,81,88,-7
200811190HOU,RS,DAL,2805.0,,84,88,-4
200811190HOU,RS,DAL,2820.0,,84,90,-6
200811190HOU,RS,DAL,2832.7,,84,91,-7
200811190HOU,RS,DAL,2832.7,,84,92,-8
200811190HOU,RS,DAL,2837.9,,86,92,-6
200811190HOU,RS,DAL,2846.4,,86,93,-7
200811190HOU,RS,DAL,2846.4,,86,94,-8
200811190HOU,RS,DAL,2857.3,,86,95,-9
200811190HOU,RS,DAL,2857.3,F,86,96,-10
200811190HOU,RS,DAL,2880.0,,86,96,-10
200811210WAS,RS,WAS,0.0,,0,0,0
200811210WAS,RS,WAS,13.0,,0,2,-2
200811210WAS,RS,WAS,62.0,,0,4,-4
200811210WAS,RS,WAS,77.0,,1,4,-3
200811210WAS,RS,WAS,77.0,,2,4,-2
200811210WAS,RS,WAS,88.0,,2,6,-4
200811210WAS,RS,WAS,139.0,,4,6,-2
200811210WAS,RS,WAS,175.0,,4,8,-4
200811210WAS,RS,WAS,214.0,,4,10,-6
200811210WAS,RS,WAS,226.0,,6,10,-4
200811210WAS,RS,WAS,297.0,,6,12,-6
200811210WAS,RS,WAS,329.0,,6,14,-8
200811210WAS,RS,WAS,355.0,,8,14,-6
200811210WAS,RS,WAS,371.0,,8,15,-7
200811210WAS,RS,WAS,371.0,,8,16,-8
200811210WAS,RS,WAS,410.0,,8,18,-10
200811210WAS,RS,WAS,437.0,,11,18,-7
200811210WAS,RS,WAS,482.0,,11,20,-9
200811210WAS,RS,WAS,520.0,,11,22,-11
200811210WAS,RS,WAS,531.0,,12,22,-10
200811210WAS,RS,WAS,531.0,,13,22,-9
200811210WAS,RS,WAS,561.0,,15,22,-7
200811210WAS,RS,WAS,614.0,,15,24,-9
200811210WAS,RS,WAS,657.0,,15,25,-10
200811210WAS,RS,WAS,657.0,,15,26,-11
200811210WAS,RS,WAS,681.9,,15,27,-12
200811210WAS,RS,WAS,688.7,,16,27,-11
200811210WAS,RS,WAS,688.7,,17,27,-10
200811210WAS,RS,WAS,705.1,,17,29,-12
200811210WAS,RS,WAS,750.0,,18,29,-11
200811210WAS,RS,WAS,750.0,,19,29,-10
200811210WAS,RS,WAS,792.0,,21,29,-8
200811210WAS,RS,WAS,811.0,,21,31,-10
200811210WAS,RS,WAS,829.0,,23,31,-8
200811210WAS,RS,WAS,873.0,,25,31,-6
200811210WAS,RS,WAS,921.0,,25,32,-7
200811210WAS,RS,WAS,940.0,,27,32,-5
200811210WAS,RS,WAS,964.0,,27,35,-8
200811210WAS,RS,WAS,983.0,,28,35,-7
200811210WAS,RS,WAS,983.0,,29,35,-6
200811210WAS,RS,WAS,997.0,,29,37,-8
200811210WAS,RS,WAS,1014.0,,31,37,-6
200811210WAS,RS,WAS,1036.0,,31,39,-8
200811210WAS,RS,WAS,1049.0,,33,39,-6
200811210WAS,RS,WAS,1078.0,,35,39,-4
200811210WAS,RS,WAS,1102.0,,37,39,-2
200811210WAS,RS,WAS,1141.0,T,39,39,0
200811210WAS,RS,WAS,1173.0,LC,42,39,3
200811210WAS,RS,WAS,1184.0,,42,41,1
200811210WAS,RS,WAS,1229.0,,44,41,3
200811210WAS,RS,WAS,1261.0,,44,42,2
200811210WAS,RS,WAS,1261.0,,44,43,1
200811210WAS,RS,WAS,1280.0,,45,43,2
200811210WAS,RS,WAS,1280.0,,46,43,3
200811210WAS,RS,WAS,1302.0,,46,44,2
200811210WAS,RS,WAS,1320.0,,47,44,3
200811210WAS,RS,WAS,1333.0,,47,46,1
200811210WAS,RS,WAS,1367.0,LC,47,48,-1
200811210WAS,RS,WAS,1385.9,T,48,48,0
200811210WAS,RS,WAS,1385.9,LC,49,48,1
200811210WAS,RS,WAS,1397.0,T,49,49,0
200811210WAS,RS,WAS,1397.0,LC,49,50,-1
200811210WAS,RS,WAS,1456.0,LC,51,50,1
200811210WAS,RS,WAS,1456.0,,52,50,2
200811210WAS,RS,WAS,1491.0,,54,50,4
200811210WAS,RS,WAS,1524.0,,54,51,3
200811210WAS,RS,WAS,1524.0,,54,52,2
200811210WAS,RS,WAS,1541.0,,56,52,4
200811210WAS,RS,WAS,1555.0,,56,55,1
200811210WAS,RS,WAS,1576.0,,58,55,3
200811210WAS,RS,WAS,1592.0,,58,57,1
200811210WAS,RS,WAS,1613.0,LC,58,60,-2
200811210WAS,RS,WAS,1670.0,,59,60,-1
200811210WAS,RS,WAS,1698.0,,59,62,-3
200811210WAS,RS,WAS,1735.0,T,62,62,0
200811210WAS,RS,WAS,1785.0,,62,64,-2
200811210WAS,RS,WAS,1799.0,,63,64,-1
200811210WAS,RS,WAS,1808.0,,63,66,-3
200811210WAS,RS,WAS,1844.0,,64,66,-2
200811210WAS,RS,WAS,1895.0,,64,68,-4
200811210WAS,RS,WAS,1913.0,,65,68,-3
200811210WAS,RS,WAS,1930.0,,65,69,-4
200811210WAS,RS,WAS,1930.0,,65,70,-5
200811210WAS,RS,WAS,1952.0,,65,71,-6
200811210WAS,RS,WAS,1952.0,,65,72,-7
200811210WAS,RS,WAS,1966.0,,65,73,-8
200811210WAS,RS,WAS,1977.0,,66,73,-7
200811210WAS,RS,WAS,1991.0,,66,75,-9
200811210WAS,RS,WAS,2018.0,,67,75,-8
200811210WAS,RS,WAS,2051.0,,70,75,-5
200811210WAS,RS,WAS,2100.0,,70,77,-7
200811210WAS,RS,WAS,2230.0,,72,77,-5
200811210WAS,RS,WAS,2244.0,,72,79,-7
200811210WAS,RS,WAS,2258.0,,74,79,-5
200811210WAS,RS,WAS,2277.0,,74,81,-7
200811210WAS,RS,WAS,2297.0,,76,81,-5
200811210WAS,RS,WAS,2313.0,,76,83,-7
200811210WAS,RS,WAS,2357.0,,76,85,-9
200811210WAS,RS,WAS,2378.0,,78,85,-7
200811210WAS,RS,WAS,2378.0,,79,85,-6
200811210WAS,RS,WAS,2421.0,,82,85,-3
200811210WAS,RS,WAS,2449.0,T,85,85,0
200811210WAS,RS,WAS,2473.0,,85,87,-2
200811210WAS,RS,WAS,2495.0,T,87,87,0
200811210WAS,RS,WAS,2530.0,LC,90,87,3
200811210WAS,RS,WAS,2544.0,,90,89,1
200811210WAS,RS,WAS,2624.0,LC,90,91,-1
200811210WAS,RS,WAS,2644.0,LC,92,91,1
200811210WAS,RS,WAS,2721.0,,94,91,3
200811210WAS,RS,WAS,2772.0,,97,91,6
200811210WAS,RS,WAS,2797.0,,100,91,9
200811210WAS,RS,WAS,2823.6,F,103,91,12
200811210WAS,RS,WAS,2880.0,,103,91,12
200811220ORL,RS,ORL,0.0,,0,0,0
200811220ORL,RS,ORL,39.0,,3,0,3
200811220ORL,RS,ORL,73.0,,5,0,5
200811220ORL,RS,ORL,84.0,,5,1,4
200811220ORL,RS,ORL,141.0,,8,1,7
200811220ORL,RS,ORL,153.0,,8,3,5
200811220ORL,RS,ORL,171.0,,10,3,7
200811220ORL,RS,ORL,181.0,,10,5,5
200811220ORL,RS,ORL,200.0,,12,5,7
200811220ORL,RS,ORL,212.0,,12,8,4
200811220ORL,RS,ORL,233.0,,14,8,6
200811220ORL,RS,ORL,258.0,,15,8,7
200811220ORL,RS,ORL,258.0,,16,8,8
200811220ORL,RS,ORL,271.0,,16,10,6
200811220ORL,RS,ORL,388.0,,16,12,4
200811220ORL,RS,ORL,388.0,,16,13,3
200811220ORL,RS,ORL,406.0,,18,13,5
200811220ORL,RS,ORL,474.0,,21,13,8
200811220ORL,RS,ORL,620.0,,23,13,10
200811220ORL,RS,ORL,660.0,,23,15,8
200811220ORL,RS,ORL,675.3,,25,15,10
200811220ORL,RS,ORL,686.9,,25,17,8
200811220ORL,RS,ORL,734.0,,25,19,6
200811220ORL,RS,ORL,734.0,,25,20,5
200811220ORL,RS,ORL,762.0,,27,20,7
200811220ORL,RS,ORL,777.0,,27,22,5
200811220ORL,RS,ORL,777.0,,27,23,4
200811220ORL,RS,ORL,798.0,,29,23,6
200811220ORL,RS,ORL,813.0,,29,25,4
200811220ORL,RS,ORL,858.0,,30,25,5
200811220ORL,RS,ORL,875.0,,30,27,3
200811220ORL,RS,ORL,886.0,,32,27,5
200811220ORL,RS,ORL,893.0,,32,30,2
200811220ORL,RS,ORL,910.0,,34,30,4
200811220ORL,RS,ORL,985.0,,34,33,1
200811220ORL,RS,ORL,997.0,,36,33,3
200811220ORL,RS,ORL,1021.0,,38,33,5
200811220ORL,RS,ORL,1044.0,,38,36,2
200811220ORL,RS,ORL,1075.0,,38,37,1
200811220ORL,RS,ORL,1075.0,T,38,38,0
200811220ORL,RS,ORL,1106.0,,40,38,2
200811220ORL,RS,ORL,1137.0,,42,38,4
200811220ORL,RS,ORL,1157.0,,42,40,2
200811220ORL,RS,ORL,1179.0,,44,40,4
200811220ORL,RS,ORL,1253.0,,44,42,2
200811220ORL,RS,ORL,1276.0,LC,44,45,-1
200811220ORL,RS,ORL,1295.0,LC,47,45,2
200811220ORL,RS,ORL,1313.0,T,47,47,0
200811220ORL,RS,ORL,1313.0,LC,47,48,-1
200811220ORL,RS,ORL,1345.0,,47,49,-2
200811220ORL,RS,ORL,1369.0,T,49,49,0
200811220ORL,RS,ORL,1396.3,LC,50,49,1
200811220ORL,RS,ORL,1396.3,,51,49,2
200811220ORL,RS,ORL,1409.2,T,51,51,0
200811220ORL,RS,ORL,1438.3,LC,51,53,-2
200811220ORL,RS,ORL,1482.0,LC,54,53,1
200811220ORL,RS,ORL,1520.0,LC,54,55,-1
200811220ORL,RS,ORL,1538.0,LC,56,55,1
200811220ORL,RS,ORL,1583.0,,58,55,3
200811220ORL,RS,ORL,1617.0,,58,57,1
200811220ORL,RS,ORL,1704.0,T,58,58,0
200811220ORL,RS,ORL,1722.0,LC,58,60,-2
200811220ORL,RS,ORL,1764.0,T,60,60,0
200811220ORL,RS,ORL,1799.0,LC,62,60,2
200811220ORL,RS,ORL,1808.0,,62,61,1
200811220ORL,RS,ORL,1808.0,T,62,62,0
200811220ORL,RS,ORL,1849.0,LC,62,64,-2
200811220ORL,RS,ORL,1901.0,T,64,64,0
200811220ORL,RS,ORL,1940.0,LC,65,64,1
200811220ORL,RS,ORL,1958.0,LC,65,66,-1
200811220ORL,RS,ORL,1998.0,LC,67,66,1
200811220ORL,RS,ORL,2014.0,T,67,67,0
200811220ORL,RS,ORL,2014.0,LC,67,68,-1
200811220ORL,RS,ORL,2031.0,LC,69,68,1
200811220ORL,RS,ORL,2062.0,,71,68,3
200811220ORL,RS,ORL,2075.0,,71,69,2
200811220ORL,RS,ORL,2096.0,,73,69,4
200811220ORL,RS,ORL,2153.0,,73,71,2
200811220ORL,RS,ORL,2203.0,T,73,73,0
200811220ORL,RS,ORL,2222.0,,75,73,2
200811220ORL,RS,ORL,2242.0,T,75,75,0
200811220ORL,RS,ORL,2265.0,LC,75,77,-2
200811220ORL,RS,ORL,2283.0,,76,77,-1
200811220ORL,RS,ORL,2299.0,,76,79,-3
200811220ORL,RS,ORL,2322.0,T,79,79,0
200811220ORL,RS,ORL,2340.0,,79,80,-1
200811220ORL,RS,ORL,2340.0,,79,81,-2
200811220ORL,RS,ORL,2400.0,,79,82,-3
200811220ORL,RS,ORL,2415.0,,81,82,-1
200811220ORL,RS,ORL,2495.0,LC,83,82,1
200811220ORL,RS,ORL,2507.0,T,83,83,0
200811220ORL,RS,ORL,2524.0,,86,83,3
200811220ORL,RS,ORL,2543.0,,86,85,1
200811220ORL,RS,ORL,2562.0,,87,85,2
200811220ORL,RS,ORL,2562.0,,88,85,3
200811220ORL,RS,ORL,2595.0,,90,85,5
200811220ORL,RS,ORL,2607.0,,90,88,2
200811220ORL,RS,ORL,2631.0,,92,88,4
200811220ORL,RS,ORL,2667.0,,94,88,6
200811220ORL,RS,ORL,2746.0,,94,89,5
200811220ORL,RS,ORL,2746.0,,94,90,4
200811220ORL,RS,ORL,2768.0,,96,90,6
200811220ORL,RS,ORL,2814.0,,97,90,7
200811220ORL,RS,ORL,2821.9,,97,91,6
200811220ORL,RS,ORL,2821.9,,97,92,5
200811220ORL,RS,ORL,2856.9,,98,92,6
200811220ORL,RS,ORL,2870.6,,99,92,7
200811220ORL,RS,ORL,2870.6,,100,92,8
200811220ORL,RS,ORL,2876.4,F,100,95,5
200811220ORL,RS,ORL,2880.0,,100,95,5
200811240MIA,RS,MIA,0.0,,0,0,0
200811240MIA,RS,MIA,45.0,,0,2,-2
200811240MIA,RS,MIA,72.0,LC,3,2,1
200811240MIA,RS,MIA,155.0,,6,2,4
200811240MIA,RS,MIA,178.0,,6,4,2
200811240MIA,RS,MIA,237.0,,8,4,4
200811240MIA,RS,MIA,237.0,,9,4,5
200811240MIA,RS,MIA,255.0,,9,7,2
200811240MIA,RS,MIA,272.0,,11,7,4
200811240MIA,RS,MIA,291.0,,11,9,2
200811240MIA,RS,MIA,327.0,,13,9,4
200811240MIA,RS,MIA,360.0,,16,9,7
200811240MIA,RS,MIA,378.0,,16,11,5
200811240MIA,RS,MIA,412.0,,18,11,7
200811240MIA,RS,MIA,426.0,,18,13,5
200811240MIA,RS,MIA,452.0,,19,13,6
200811240MIA,RS,MIA,452.0,,20,13,7
200811240MIA,RS,MIA,474.0,,22,13,9
200811240MIA,RS,MIA,482.0,,22,14,8
200811240MIA,RS,MIA,536.0,,25,14,11
200811240MIA,RS,MIA,553.0,,25,15,10
200811240MIA,RS,MIA,583.0,,25,16,9
200811240MIA,RS,MIA,583.0,,25,17,8
200811240MIA,RS,MIA,604.0,,25,19,6
200811240MIA,RS,MIA,655.0,,28,19,9
200811240MIA,RS,MIA,688.2,,28,21,7
200811240MIA,RS,MIA,719.1,,30,21,9
200811240MIA,RS,MIA,733.0,,30,23,7
200811240MIA,RS,MIA,755.0,,32,23,9
200811240MIA,RS,MIA,807.0,,32,25,7
200811240MIA,RS,MIA,819.0,,34,25,9
200811240MIA,RS,MIA,847.0,,36,25,11
200811240MIA,RS,MIA,870.0,,36,28,8
200811240MIA,RS,MIA,882.0,,37,28,9
200811240MIA,RS,MIA,882.0,,38,28,10
200811240MIA,RS,MIA,938.0,,38,30,8
200811240MIA,RS,MIA,1003.0,,38,32,6
200811240MIA,RS,MIA,1017.0,,41,32,9
200811240MIA,RS,MIA,1039.0,,41,34,7
200811240MIA,RS,MIA,1065.0,,44,34,10
200811240MIA,RS,MIA,1084.0,,44,36,8
200811240MIA,RS,MIA,1095.0,,46,36,10
200811240MIA,RS,MIA,1095.0,,47,36,11
200811240MIA,RS,MIA,1106.0,,47,37,10
200811240MIA,RS,MIA,1106.0,,47,38,9
200811240MIA,RS,MIA,1125.0,,49,38,11
200811240MIA,RS,MIA,1125.0,,50,38,12
200811240MIA,RS,MIA,1172.0,,50,40,10
200811240MIA,RS,MIA,1201.0,,50,42,8
200811240MIA,RS,MIA,1254.0,,50,44,6
200811240MIA,RS,MIA,1273.0,,51,44,7
200811240MIA,RS,MIA,1308.0,,51,46,5
200811240MIA,RS,MIA,1340.0,,52,46,6
200811240MIA,RS,MIA,1353.0,,52,48,4
200811240MIA,RS,MIA,1367.0,,53,48,5
200811240MIA,RS,MIA,1367.0,,54,48,6
200811240MIA,RS,MIA,1392.1,,56,48,8
200811240MIA,RS,MIA,1457.0,,56,50,6
200811240MIA,RS,MIA,1492.0,,56,52,4
200811240MIA,RS,MIA,1534.0,,58,52,6
200811240MIA,RS,MIA,1578.0,,58,54,4
200811240MIA,RS,MIA,1666.0,,58,56,2
200811240MIA,RS,MIA,1681.0,,59,56,3
200811240MIA,RS,MIA,1681.0,,60,56,4
200811240MIA,RS,MIA,1716.0,,62,56,6
200811240MIA,RS,MIA,1776.0,,64,56,8
200811240MIA,RS,MIA,1776.0,,65,56,9
200811240MIA,RS,MIA,1811.0,,67,56,11
200811240MIA,RS,MIA,1811.0,,68,56,12
200811240MIA,RS,MIA,1811.0,,69,56,13
200811240MIA,RS,MIA,1822.0,,69,59,10
200811240MIA,RS,MIA,1836.0,,71,59,12
200811240MIA,RS,MIA,1849.0,,71,60,11
200811240MIA,RS,MIA,1871.0,,71,63,8
200811240MIA,RS,MIA,1883.0,,74,63,11
200811240MIA,RS,MIA,1927.0,,75,63,12
200811240MIA,RS,MIA,1927.0,,76,63,13
200811240MIA,RS,MIA,1944.0,,76,66,10
200811240MIA,RS,MIA,2029.0,,76,68,8
200811240MIA,RS,MIA,2042.0,,78,68,10
200811240MIA,RS,MIA,2059.0,,78,70,8
200811240MIA,RS,MIA,2077.0,,78,72,6
200811240MIA,RS,MIA,2124.6,,79,72,7
200811240MIA,RS,MIA,2124.6,,80,72,8
200811240MIA,RS,MIA,2135.8,,80,73,7
200811240MIA,RS,MIA,2135.8,,80,74,6
200811240MIA,RS,MIA,2157.7,,80,75,5
200811240MIA,RS,MIA,2180.0,,82,75,7
200811240MIA,RS,MIA,2215.0,,84,75,9
200811240MIA,RS,MIA,2328.0,,84,78,6
200811240MIA,RS,MIA,2354.0,,87,78,9
200811240MIA,RS,MIA,2371.0,,87,81,6
200811240MIA,RS,MIA,2390.0,,89,81,8
200811240MIA,RS,MIA,2433.0,,89,82,7
200811240MIA,RS,MIA,2433.0,,89,83,6
200811240MIA,RS,MIA,2455.0,,89,85,4
200811240MIA,RS,MIA,2459.0,,90,85,5
200811240MIA,RS,MIA,2459.0,,91,85,6
200811240MIA,RS,MIA,2496.0,,91,86,5
200811240MIA,RS,MIA,2496.0,,91,87,4
200811240MIA,RS,MIA,2570.0,,93,87,6
200811240MIA,RS,MIA,2597.0,,95,87,8
200811240MIA,RS,MIA,2617.0,,95,90,5
200811240MIA,RS,MIA,2660.0,,97,90,7
200811240MIA,RS,MIA,2660.0,,98,90,8
200811240MIA,RS,MIA,2703.0,,98,91,7
200811240MIA,RS,MIA,2724.0,,100,91,9
200811240MIA,RS,MIA,2748.0,,100,93,7
200811240MIA,RS,MIA,2773.0,,103,93,10
200811240MIA,RS,MIA,2785.0,,103,96,7
200811240MIA,RS,MIA,2804.0,,105,96,9
200811240MIA,RS,MIA,2828.5,,106,96,10
200811240MIA,RS,MIA,2828.5,,107,96,11
200811240MIA,RS,MIA,2867.2,,107,97,10
200811240MIA,RS,MIA,2867.2,F,107,98,9
200811240MIA,RS,MIA,2880.0,,107,98,9
200811260HOU,RS,IND,0.0,,0,0,0
200811260HOU,RS,IND,20.0,,0,2,-2
200811260HOU,RS,IND,111.0,,0,5,-5
200811260HOU,RS,IND,132.0,,1,5,-4
200811260HOU,RS,IND,132.0,,2,5,-3
200811260HOU,RS,IND,189.0,,4,5,-1
200811260HOU,RS,IND,230.0,LC,6,5,1
200811260HOU,RS,IND,243.0,T,6,6,0
200811260HOU,RS,IND,243.0,LC,6,7,-1
200811260HOU,RS,IND,255.0,LC,8,7,1
200811260HOU,RS,IND,295.0,,10,7,3
200811260HOU,RS,IND,326.0,,12,7,5
200811260HOU,RS,IND,359.0,,12,9,3
200811260HOU,RS,IND,359.0,,12,10,2
200811260HOU,RS,IND,376.0,,14,10,4
200811260HOU,RS,IND,388.0,,14,12,2
200811260HOU,RS,IND,418.0,,15,12,3
200811260HOU,RS,IND,442.0,,17,12,5
200811260HOU,RS,IND,530.0,,19,12,7
200811260HOU,RS,IND,530.0,,20,12,8
200811260HOU,RS,IND,559.0,,22,12,10
200811260HOU,RS,IND,611.0,,22,14,8
200811260HOU,RS,IND,647.0,,22,16,6
200811260HOU,RS,IND,685.4,,22,18,4
200811260HOU,RS,IND,703.0,,25,18,7
200811260HOU,RS,IND,761.0,,25,20,5
200811260HOU,RS,IND,823.0,,25,22,3
200811260HOU,RS,IND,880.0,,27,22,5
200811260HOU,RS,IND,969.0,,27,24,3
200811260HOU,RS,IND,989.0,,29,24,5
200811260HOU,RS,IND,1012.0,,30,24,6
200811260HOU,RS,IND,1012.0,,31,24,7
200811260HOU,RS,IND,1025.0,,31,25,6
200811260HOU,RS,IND,1025.0,,31,26,5
200811260HOU,RS,IND,1039.0,,32,26,6
200811260HOU,RS,IND,1039.0,,33,26,7
200811260HOU,RS,IND,1059.0,,33,28,5
200811260HOU,RS,IND,1077.0,,33,30,3
200811260HOU,RS,IND,1101.0,,36,30,6
200811260HOU,RS,IND,1180.0,,36,32,4
200811260HOU,RS,IND,1215.0,,36,34,2
200811260HOU,RS,IND,1235.0,,38,34,4
200811260HOU,RS,IND,1257.0,,38,36,2
200811260HOU,RS,IND,1257.0,,38,37,1
200811260HOU,RS,IND,1277.0,,40,37,3
200811260HOU,RS,IND,1289.0,,40,39,1
200811260HOU,RS,IND,1330.0,LC,40,42,-2
200811260HOU,RS,IND,1357.0,,40,43,-3
200811260HOU,RS,IND,1389.4,,40,45,-5
200811260HOU,RS,IND,1403.7,,42,45,-3
200811260HOU,RS,IND,1407.9,,42,46,-4
200811260HOU,RS,IND,1407.9,,42,47,-5
200811260HOU,RS,IND,1426.8,,44,47,-3
200811260HOU,RS,IND,1464.0,,46,47,-1
200811260HOU,RS,IND,1501.0,T,47,47,0
200811260HOU,RS,IND,1521.0,LC,49,47,2
200811260HOU,RS,IND,1557.0,,52,47,5
200811260HOU,RS,IND,1575.0,,52,49,3
200811260HOU,RS,IND,1592.0,,53,49,4
200811260HOU,RS,IND,1605.0,,56,49,7
200811260HOU,RS,IND,1625.0,,56,51,5
200811260HOU,RS,IND,1639.0,,58,51,7
200811260HOU,RS,IND,1670.0,,58,53,5
200811260HOU,RS,IND,1741.0,,60,53,7
200811260HOU,RS,IND,1812.0,,60,55,5
200811260HOU,RS,IND,1829.0,,61,55,6
200811260HOU,RS,IND,1829.0,,62,55,7
200811260HOU,RS,IND,1855.0,,64,55,9
200811260HOU,RS,IND,1869.0,,64,57,7
200811260HOU,RS,IND,1884.0,,66,57,9
200811260HOU,RS,IND,1926.0,,67,57,10
200811260HOU,RS,IND,1926.0,,68,57,11
200811260HOU,RS,IND,2017.0,,69,57,12
200811260HOU,RS,IND,2017.0,,70,57,13
200811260HOU,RS,IND,2033.0,,70,60,10
200811260HOU,RS,IND,2057.0,,70,62,8
200811260HOU,RS,IND,2068.0,,71,62,9
200811260HOU,RS,IND,2068.0,,72,62,10
200811260HOU,RS,IND,2116.1,,74,62,12
200811260HOU,RS,IND,2130.5,,74,63,11
200811260HOU,RS,IND,2130.5,,74,64,10
200811260HOU,RS,IND,2175.0,,74,67,7
200811260HOU,RS,IND,2192.0,,76,67,9
200811260HOU,RS,IND,2239.0,,76,69,7
200811260HOU,RS,IND,2256.0,,78,69,9
200811260HOU,RS,IND,2282.0,,78,72,6
200811260HOU,RS,IND,2367.0,,80,72,8
200811260HOU,RS,IND,2381.0,,80,74,6
200811260HOU,RS,IND,2436.0,,82,74,8
200811260HOU,RS,IND,2492.0,,84,74,10
200811260HOU,RS,IND,2515.0,,84,76,8
200811260HOU,RS,IND,2540.0,,85,76,9
200811260HOU,RS,IND,2540.0,,86,76,10
200811260HOU,RS,IND,2553.0,,86,79,7
200811260HOU,RS,IND,2577.0,,86,82,4
200811260HOU,RS,IND,2604.0,,87,82,5
200811260HOU,RS,IND,2604.0,,88,82,6
200811260HOU,RS,IND,2676.0,,88,84,4
200811260HOU,RS,IND,2689.0,,89,84,5
200811260HOU,RS,IND,2689.0,,90,84,6
200811260HOU,RS,IND,2697.0,,90,86,4
200811260HOU,RS,IND,2791.0,,90,87,3
200811260HOU,RS,IND,2791.0,,90,88,2
200811260HOU,RS,IND,2811.0,,90,89,1
200811260HOU,RS,IND,2866.3,F,90,91,-1
200811260HOU,RS,IND,2880.0,,90,91,-1
200811290HOU,RS,SAS,0.0,,0,0,0
200811290HOU,RS,SAS,11.0,,2,0,2
200811290HOU,RS,SAS,30.0,T,2,2,0
200811290HOU,RS,SAS,70.0,,5,2,3
200811290HOU,RS,SAS,90.0,,5,4,1
200811290HOU,RS,SAS,141.0,,7,4,3
200811290HOU,RS,SAS,161.0,,7,6,1
200811290HOU,RS,SAS,186.0,,9,6,3
200811290HOU,RS,SAS,221.0,,11,6,5
200811290HOU,RS,SAS,245.0,,11,8,3
200811290HOU,RS,SAS,279.0,,11,10,1
200811290HOU,RS,SAS,296.0,,13,10,3
200811290HOU,RS,SAS,326.0,,16,10,6
200811290HOU,RS,SAS,341.0,,16,12,4
200811290HOU,RS,SAS,384.0,,18,12,6
200811290HOU,RS,SAS,439.0,,20,12,8
200811290HOU,RS,SAS,459.0,,20,14,6
200811290HOU,RS,SAS,476.0,,22,14,8
200811290HOU,RS,SAS,500.0,,24,14,10
200811290HOU,RS,SAS,519.0,,24,16,8
200811290HOU,RS,SAS,597.0,,26,16,10
200811290HOU,RS,SAS,619.0,,28,16,12
200811290HOU,RS,SAS,649.0,,30,16,14
200811290HOU,RS,SAS,691.2,,30,18,12
200811290HOU,RS,SAS,708.5,,33,18,15
200811290HOU,RS,SAS,717.6,,33,19,14
200811290HOU,RS,SAS,717.6,,33,20,13
200811290HOU,RS,SAS,736.0,,35,20,15
200811290HOU,RS,SAS,748.0,,35,23,12
200811290HOU,RS,SAS,770.0,,37,23,14
200811290HOU,RS,SAS,799.0,,39,23,16
200811290HOU,RS,SAS,873.0,,41,23,18
200811290HOU,RS,SAS,873.0,,42,23,19
200811290HOU,RS,SAS,928.0,,42,25,17
200811290HOU,RS,SAS,942.0,,44,25,19
200811290HOU,RS,SAS,956.0,,44,27,17
200811290HOU,RS,SAS,992.0,,45,27,18
200811290HOU,RS,SAS,992.0,,46,27,19
200811290HOU,RS,SAS,1048.0,,46,29,17
200811290HOU,RS,SAS,1062.0,,48,29,19
200811290HOU,RS,SAS,1074.0,,48,30,18
200811290HOU,RS,SAS,1074.0,,48,31,17
200811290HOU,RS,SAS,1103.0,,50,31,19
200811290HOU,RS,SAS,1119.0,,50,32,18
200811290HOU,RS,SAS,1119.0,,50,33,17
200811290HOU,RS,SAS,1152.0,,50,36,14
200811290HOU,RS,SAS,1215.0,,50,38,12
200811290HOU,RS,SAS,1230.0,,50,40,10
200811290HOU,RS,SAS,1283.0,,51,40,11
200811290HOU,RS,SAS,1283.0,,52,40,12
200811290HOU,RS,SAS,1303.0,,52,42,10
200811290HOU,RS,SAS,1327.0,,52,43,9
200811290HOU,RS,SAS,1327.0,,52,44,8
200811290HOU,RS,SAS,1343.0,,53,44,9
200811290HOU,RS,SAS,1343.0,,54,44,10
200811290HOU,RS,SAS,1358.0,,54,45,9
200811290HOU,RS,SAS,1358.0,,54,46,8
200811290HOU,RS,SAS,1381.2,,54,49,5
200811290HOU,RS,SAS,1430.5,,55,49,6
200811290HOU,RS,SAS,1430.5,,56,49,7
200811290HOU,RS,SAS,1470.0,,56,52,4
200811290HOU,RS,SAS,1487.0,,57,52,5
200811290HOU,RS,SAS,1487.0,,58,52,6
200811290HOU,RS,SAS,1499.0,,58,54,4
200811290HOU,RS,SAS,1512.0,,60,54,6
200811290HOU,RS,SAS,1530.0,,60,56,4
200811290HOU,RS,SAS,1576.0,,60,58,2
200811290HOU,RS,SAS,1661.0,,62,58,4
200811290HOU,RS,SAS,1697.0,,65,58,7
200811290HOU,RS,SAS,1710.0,,65,60,5
200811290HOU,RS,SAS,1733.0,,67,60,7
200811290HOU,RS,SAS,1754.0,,67,61,6
200811290HOU,RS,SAS,1754.0,,67,62,5
200811290HOU,RS,SAS,1770.0,,69,62,7
200811290HOU,RS,SAS,1813.0,,69,64,5
200811290HOU,RS,SAS,1837.0,,70,64,6
200811290HOU,RS,SAS,1837.0,,71,64,7
200811290HOU,RS,SAS,1871.0,,72,64,8
200811290HOU,RS,SAS,1887.0,,72,66,6
200811290HOU,RS,SAS,1933.0,,75,66,9
200811290HOU,RS,SAS,1990.0,,75,68,7
200811290HOU,RS,SAS,2008.0,,77,68,9
200811290HOU,RS,SAS,2030.0,,78,68,10
200811290HOU,RS,SAS,2030.0,,79,68,11
200811290HOU,RS,SAS,2046.0,,79,70,9
200811290HOU,RS,SAS,2071.0,,82,70,12
200811290HOU,RS,SAS,2157.4,,84,70,14
200811290HOU,RS,SAS,2200.0,,86,70,16
200811290HOU,RS,SAS,2200.0,,87,70,17
200811290HOU,RS,SAS,2214.0,,87,71,16
200811290HOU,RS,SAS,2214.0,,87,72,15
200811290HOU,RS,SAS,2265.0,,89,72,17
200811290HOU,RS,SAS,2286.0,,89,73,16
200811290HOU,RS,SAS,2286.0,,89,74,15
200811290HOU,RS,SAS,2321.0,,91,74,17
200811290HOU,RS,SAS,2385.0,,91,75,16
200811290HOU,RS,SAS,2399.0,,93,75,18
200811290HOU,RS,SAS,2416.0,,93,76,17
200811290HOU,RS,SAS,2436.0,,94,76,18
200811290HOU,RS,SAS,2457.0,,96,76,20
200811290HOU,RS,SAS,2496.0,,96,79,17
200811290HOU,RS,SAS,2516.0,,98,79,19
200811290HOU,RS,SAS,2531.0,,98,81,17
200811290HOU,RS,SAS,2556.0,,99,81,18
200811290HOU,RS,SAS,2596.0,,101,81,20
200811290HOU,RS,SAS,2653.0,,101,82,19
200811290HOU,RS,SAS,2778.0,,101,83,18
200811290HOU,RS,SAS,2778.0,,101,84,17
200811290HOU,RS,SAS,2831.4,F,103,84,19
200811290HOU,RS,SAS,2880.0,,103,84,19
200811300DEN,RS,DEN,0.0,,0,0,0
200811300DEN,RS,DEN,36.0,,0,2,-2
200811300DEN,RS,DEN,67.0,,0,3,-3
200811300DEN,RS,DEN,67.0,,0,4,-4
200811300DEN,RS,DEN,86.0,,2,4,-2
200811300DEN,RS,DEN,113.0,T,4,4,0
200811300DEN,RS,DEN,204.0,LC,6,4,2
200811300DEN,RS,DEN,216.0,T,6,6,0
200811300DEN,RS,DEN,243.0,,8,6,2
200811300DEN,RS,DEN,262.0,,8,7,1
200811300DEN,RS,DEN,262.0,T,8,8,0
200811300DEN,RS,DEN,289.0,,9,8,1
200811300DEN,RS,DEN,289.0,,10,8,2
200811300DEN,RS,DEN,309.0,T,10,10,0
200811300DEN,RS,DEN,344.0,LC,10,12,-2
200811300DEN,RS,DEN,367.0,T,12,12,0
200811300DEN,RS,DEN,395.0,,12,14,-2
200811300DEN,RS,DEN,414.0,,13,14,-1
200811300DEN,RS,DEN,414.0,T,14,14,0
200811300DEN,RS,DEN,435.0,,14,16,-2
200811300DEN,RS,DEN,473.0,,14,18,-4
200811300DEN,RS,DEN,490.0,,17,18,-1
200811300DEN,RS,DEN,567.0,,17,21,-4
200811300DEN,RS,DEN,657.0,,19,21,-2
200811300DEN,RS,DEN,684.4,T,21,21,0
200811300DEN,RS,DEN,752.0,LC,23,21,2
200811300DEN,RS,DEN,813.0,T,23,23,0
200811300DEN,RS,DEN,859.0,,25,23,2
200811300DEN,RS,DEN,867.0,T,25,25,0
200811300DEN,RS,DEN,867.0,LC,25,26,-1
200811300DEN,RS,DEN,892.0,,25,27,-2
200811300DEN,RS,DEN,950.0,,25,30,-5
200811300DEN,RS,DEN,975.0,,26,30,-4
200811300DEN,RS,DEN,975.0,,27,30,-3
200811300DEN,RS,DEN,991.0,,27,32,-5
200811300DEN,RS,DEN,1014.0,,30,32,-2
200811300DEN,RS,DEN,1033.0,,30,34,-4
200811300DEN,RS,DEN,1049.0,,33,34,-1
200811300DEN,RS,DEN,1082.0,T,34,34,0
200811300DEN,RS,DEN,1082.0,LC,35,34,1
200811300DEN,RS,DEN,1107.0,T,35,35,0
200811300DEN,RS,DEN,1107.0,LC,35,36,-1
200811300DEN,RS,DEN,1145.0,,35,38,-3
200811300DEN,RS,DEN,1222.0,,36,38,-2
200811300DEN,RS,DEN,1240.0,,36,40,-4
200811300DEN,RS,DEN,1258.0,,39,40,-1
200811300DEN,RS,DEN,1293.0,LC,42,40,2
200811300DEN,RS,DEN,1336.0,LC,42,43,-1
200811300DEN,RS,DEN,1366.0,,42,46,-4
200811300DEN,RS,DEN,1385.3,,44,46,-2
200811300DEN,RS,DEN,1424.3,,44,47,-3
200811300DEN,RS,DEN,1424.3,,44,48,-4
200811300DEN,RS,DEN,1461.0,,44,50,-6
200811300DEN,RS,DEN,1494.0,,44,53,-9
200811300DEN,RS,DEN,1504.0,,47,53,-6
200811300DEN,RS,DEN,1539.0,,49,53,-4
200811300DEN,RS,DEN,1567.0,,51,53,-2
200811300DEN,RS,DEN,1579.0,,51,56,-5
200811300DEN,RS,DEN,1608.0,,51,58,-7
200811300DEN,RS,DEN,1646.0,,51,60,-9
200811300DEN,RS,DEN,1679.0,,51,61,-10
200811300DEN,RS,DEN,1679.0,,51,62,-11
200811300DEN,RS,DEN,1693.0,,52,62,-10
200811300DEN,RS,DEN,1693.0,,53,62,-9
200811300DEN,RS,DEN,1711.0,,53,64,-11
200811300DEN,RS,DEN,1723.0,,56,64,-8
200811300DEN,RS,DEN,1735.0,,56,66,-10
200811300DEN,RS,DEN,1749.0,,58,66,-8
200811300DEN,RS,DEN,1762.0,,58,69,-11
200811300DEN,RS,DEN,1795.0,,58,72,-14
200811300DEN,RS,DEN,1824.0,,59,72,-13
200811300DEN,RS,DEN,1824.0,,60,72,-12
200811300DEN,RS,DEN,1876.0,,61,72,-11
200811300DEN,RS,DEN,1876.0,,62,72,-10
200811300DEN,RS,DEN,1910.0,,62,74,-12
200811300DEN,RS,DEN,1963.0,,64,74,-10
200811300DEN,RS,DEN,1999.0,,64,75,-11
200811300DEN,RS,DEN,2015.0,,66,75,-9
200811300DEN,RS,DEN,2042.0,,66,78,-12
200811300DEN,RS,DEN,2120.1,,68,78,-10
200811300DEN,RS,DEN,2215.0,,68,79,-11
200811300DEN,RS,DEN,2215.0,,68,80,-12
200811300DEN,RS,DEN,2231.0,,70,80,-10
200811300DEN,RS,DEN,2270.0,,73,80,-7
200811300DEN,RS,DEN,2284.0,,73,82,-9
200811300DEN,RS,DEN,2292.0,,73,85,-12
200811300DEN,RS,DEN,2318.0,,75,85,-10
200811300DEN,RS,DEN,2341.0,,75,87,-12
200811300DEN,RS,DEN,2353.0,,76,87,-11
200811300DEN,RS,DEN,2353.0,,77,87,-10
200811300DEN,RS,DEN,2381.0,,80,87,-7
200811300DEN,RS,DEN,2400.0,,80,89,-9
200811300DEN,RS,DEN,2417.0,,82,89,-7
200811300DEN,RS,DEN,2432.0,,84,89,-5
200811300DEN,RS,DEN,2465.0,,84,90,-6
200811300DEN,RS,DEN,2465.0,,84,91,-7
200811300DEN,RS,DEN,2505.0,,84,93,-9
200811300DEN,RS,DEN,2521.0,,85,93,-8
200811300DEN,RS,DEN,2521.0,,86,93,-7
200811300DEN,RS,DEN,2538.0,,86,95,-9
200811300DEN,RS,DEN,2570.0,,86,97,-11
200811300DEN,RS,DEN,2586.0,,89,97,-8
200811300DEN,RS,DEN,2678.0,,90,97,-7
200811300DEN,RS,DEN,2703.0,,90,99,-9
200811300DEN,RS,DEN,2762.0,,91,99,-8
200811300DEN,RS,DEN,2762.0,,92,99,-7
200811300DEN,RS,DEN,2797.0,,92,100,-8
200811300DEN,RS,DEN,2837.4,,92,103,-11
200811300DEN,RS,DEN,2843.7,,94,103,-9
200811300DEN,RS,DEN,2845.4,F,94,104,-10
200811300DEN,RS,DEN,2880.0,,94,104,-10
200812030HOU,RS,LAC,0.0,,0,0,0
200812030HOU,RS,LAC,64.0,,2,0,2
200812030HOU,RS,LAC,89.0,T,2,2,0
200812030HOU,RS,LAC,102.0,,3,2,1
200812030HOU,RS,LAC,102.0,,4,2,2
200812030HOU,RS,LAC,146.0,,7,2,5
200812030HOU,RS,LAC,160.0,,7,4,3
200812030HOU,RS,LAC,174.0,,9,4,5
200812030HOU,RS,LAC,239.0,,9,6,3
200812030HOU,RS,LAC,250.0,,10,6,4
200812030HOU,RS,LAC,250.0,,11,6,5
200812030HOU,RS,LAC,264.0,,11,8,3
200812030HOU,RS,LAC,325.0,,13,8,5
200812030HOU,RS,LAC,363.0,,13,10,3
200812030HOU,RS,LAC,397.0,,13,12,1
200812030HOU,RS,LAC,428.0,LC,13,14,-1
200812030HOU,RS,LAC,477.0,T,14,14,0
200812030HOU,RS,LAC,477.0,LC,15,14,1
200812030HOU,RS,LAC,502.0,,16,14,2
200812030HOU,RS,LAC,502.0,,17,14,3
200812030HOU,RS,LAC,526.0,,19,14,5
200812030HOU,RS,LAC,550.0,,19,16,3
200812030HOU,RS,LAC,597.0,,22,16,6
200812030HOU,RS,LAC,620.0,,22,17,5
200812030HOU,RS,LAC,656.0,,24,17,7
200812030HOU,RS,LAC,705.5,,24,19,5
200812030HOU,RS,LAC,719.2,,27,19,8
200812030HOU,RS,LAC,743.0,,29,19,10
200812030HOU,RS,LAC,758.0,,29,21,8
200812030HOU,RS,LAC,793.0,,29,22,7
200812030HOU,RS,LAC,820.0,,29,24,5
200812030HOU,RS,LAC,838.0,,30,24,6
200812030HOU,RS,LAC,892.0,,30,26,4
200812030HOU,RS,LAC,912.0,,31,26,5
200812030HOU,RS,LAC,912.0,,32,26,6
200812030HOU,RS,LAC,944.0,,33,26,7
200812030HOU,RS,LAC,965.0,,33,28,5
200812030HOU,RS,LAC,983.0,,33,30,3
200812030HOU,RS,LAC,1004.0,,35,30,5
200812030HOU,RS,LAC,1018.0,,35,31,4
200812030HOU,RS,LAC,1018.0,,35,32,3
200812030HOU,RS,LAC,1032.0,,36,32,4
200812030HOU,RS,LAC,1032.0,,37,32,5
200812030HOU,RS,LAC,1056.0,,40,32,8
200812030HOU,RS,LAC,1071.0,,40,34,6
200812030HOU,RS,LAC,1085.0,,42,34,8
200812030HOU,RS,LAC,1111.0,,42,36,6
200812030HOU,RS,LAC,1140.0,,42,37,5
200812030HOU,RS,LAC,1140.0,,42,38,4
200812030HOU,RS,LAC,1152.0,,43,38,5
200812030HOU,RS,LAC,1174.0,,43,39,4
200812030HOU,RS,LAC,1189.0,,46,39,7
200812030HOU,RS,LAC,1213.0,,47,39,8
200812030HOU,RS,LAC,1262.0,,47,41,6
200812030HOU,RS,LAC,1262.0,,47,42,5
200812030HOU,RS,LAC,1324.0,,47,44,3
200812030HOU,RS,LAC,1341.0,,49,44,5
200812030HOU,RS,LAC,1341.0,,50,44,6
200812030HOU,RS,LAC,1373.0,,53,44,9
200812030HOU,RS,LAC,1399.4,,53,46,7
200812030HOU,RS,LAC,1475.0,,56,46,10
200812030HOU,RS,LAC,1516.0,,59,46,13
200812030HOU,RS,LAC,1555.0,,61,46,15
200812030HOU,RS,LAC,1571.0,,61,48,13
200812030HOU,RS,LAC,1618.0,,61,50,11
200812030HOU,RS,LAC,1637.0,,61,53,8
200812030HOU,RS,LAC,1700.0,,61,55,6
200812030HOU,RS,LAC,1729.0,,63,55,8
200812030HOU,RS,LAC,1765.0,,63,57,6
200812030HOU,RS,LAC,1783.0,,65,57,8
200812030HOU,RS,LAC,1794.0,,65,58,7
200812030HOU,RS,LAC,1817.0,,65,60,5
200812030HOU,RS,LAC,1836.0,,67,60,7
200812030HOU,RS,LAC,1858.0,,67,63,4
200812030HOU,RS,LAC,1898.0,,67,65,2
200812030HOU,RS,LAC,1949.0,,69,65,4
200812030HOU,RS,LAC,1976.0,,69,67,2
200812030HOU,RS,LAC,1991.0,,72,67,5
200812030HOU,RS,LAC,2026.0,,72,68,4
200812030HOU,RS,LAC,2074.0,,72,70,2
200812030HOU,RS,LAC,2090.0,,75,70,5
200812030HOU,RS,LAC,2113.6,,75,72,3
200812030HOU,RS,LAC,2113.6,,75,73,2
200812030HOU,RS,LAC,2134.2,,77,73,4
200812030HOU,RS,LAC,2155.2,,77,76,1
200812030HOU,RS,LAC,2221.0,,78,76,2
200812030HOU,RS,LAC,2221.0,,79,76,3
200812030HOU,RS,LAC,2244.0,,81,76,5
200812030HOU,RS,LAC,2275.0,,83,76,7
200812030HOU,RS,LAC,2312.0,,83,78,5
200812030HOU,RS,LAC,2367.0,,85,78,7
200812030HOU,RS,LAC,2389.0,,85,81,4
200812030HOU,RS,LAC,2413.0,,87,81,6
200812030HOU,RS,LAC,2428.0,,87,83,4
200812030HOU,RS,LAC,2513.0,,88,83,5
200812030HOU,RS,LAC,2513.0,,89,83,6
200812030HOU,RS,LAC,2536.0,,91,83,8
200812030HOU,RS,LAC,2560.0,,91,85,6
200812030HOU,RS,LAC,2576.0,,92,85,7
200812030HOU,RS,LAC,2576.0,,93,85,8
200812030HOU,RS,LAC,2632.0,,93,87,6
200812030HOU,RS,LAC,2655.0,,94,87,7
200812030HOU,RS,LAC,2655.0,,95,87,8
200812030HOU,RS,LAC,2677.0,,95,89,6
200812030HOU,RS,LAC,2694.0,,97,89,8
200812030HOU,RS,LAC,2793.0,,98,89,9
200812030HOU,RS,LAC,2793.0,,99,89,10
200812030HOU,RS,LAC,2809.0,,99,91,8
200812030HOU,RS,LAC,2833.6,,100,91,9
200812030HOU,RS,LAC,2847.7,,100,94,6
200812030HOU,RS,LAC,2852.5,,101,94,7
200812030HOU,RS,LAC,2864.3,,102,94,8
200812030HOU,RS,LAC,2864.3,,103,94,9
200812030HOU,RS,LAC,2873.2,F,103,96,7
200812030HOU,RS,LAC,2880.0,,103,96,7
200812050HOU,RS,GSW,0.0,,0,0,0
200812050HOU,RS,GSW,31.0,,0,2,-2
200812050HOU,RS,GSW,54.0,,0,3,-3
200812050HOU,RS,GSW,54.0,,0,4,-4
200812050HOU,RS,GSW,100.0,,0,7,-7
200812050HOU,RS,GSW,168.0,,2,7,-5
200812050HOU,RS,GSW,185.0,,2,9,-7
200812050HOU,RS,GSW,202.0,,3,9,-6
200812050HOU,RS,GSW,202.0,,4,9,-5
200812050HOU,RS,GSW,233.0,,7,9,-2
200812050HOU,RS,GSW,261.0,LC,10,9,1
200812050HOU,RS,GSW,306.0,LC,10,11,-1
200812050HOU,RS,GSW,335.0,,10,13,-3
200812050HOU,RS,GSW,360.0,,12,13,-1
200812050HOU,RS,GSW,376.0,,12,15,-3
200812050HOU,RS,GSW,390.0,,14,15,-1
200812050HOU,RS,GSW,407.0,,14,18,-4
200812050HOU,RS,GSW,420.0,,16,18,-2
200812050HOU,RS,GSW,433.0,,16,20,-4
200812050HOU,RS,GSW,449.0,,19,20,-1
200812050HOU,RS,GSW,462.0,,19,22,-3
200812050HOU,RS,GSW,482.0,,19,23,-4
200812050HOU,RS,GSW,482.0,,19,24,-5
200812050HOU,RS,GSW,573.0,,19,25,-6
200812050HOU,RS,GSW,596.0,,20,25,-5
200812050HOU,RS,GSW,596.0,,21,25,-4
200812050HOU,RS,GSW,611.0,,22,25,-3
200812050HOU,RS,GSW,611.0,,23,25,-2
200812050HOU,RS,GSW,647.0,T,25,25,0
200812050HOU,RS,GSW,647.0,LC,26,25,1
200812050HOU,RS,GSW,665.1,LC,26,27,-1
200812050HOU,RS,GSW,680.7,LC,28,27,1
200812050HOU,RS,GSW,687.8,LC,28,29,-1
200812050HOU,RS,GSW,703.9,LC,30,29,1
200812050HOU,RS,GSW,709.8,LC,30,31,-1
200812050HOU,RS,GSW,709.8,,30,32,-2
200812050HOU,RS,GSW,748.0,,30,34,-4
200812050HOU,RS,GSW,770.0,,32,34,-2
200812050HOU,RS,GSW,786.0,,32,36,-4
200812050HOU,RS,GSW,804.0,,35,36,-1
200812050HOU,RS,GSW,818.0,,35,38,-3
200812050HOU,RS,GSW,870.0,,37,38,-1
200812050HOU,RS,GSW,896.0,,37,40,-3
200812050HOU,RS,GSW,923.0,,37,43,-6
200812050HOU,RS,GSW,966.0,,38,43,-5
200812050HOU,RS,GSW,966.0,,39,43,-4
200812050HOU,RS,GSW,977.0,,39,45,-6
200812050HOU,RS,GSW,1014.0,,41,45,-4
200812050HOU,RS,GSW,1036.0,,43,45,-2
200812050HOU,RS,GSW,1054.0,T,45,45,0
200812050HOU,RS,GSW,1075.0,,45,47,-2
200812050HOU,RS,GSW,1091.0,T,47,47,0
200812050HOU,RS,GSW,1112.0,,47,49,-2
200812050HOU,RS,GSW,1195.0,T,49,49,0
200812050HOU,RS,GSW,1260.0,LC,50,49,1
200812050HOU,RS,GSW,1260.0,,51,49,2
200812050HOU,RS,GSW,1283.0,T,51,51,0
200812050HOU,RS,GSW,1297.0,,53,51,2
200812050HOU,RS,GSW,1330.0,T,53,53,0
200812050HOU,RS,GSW,1348.0,,56,53,3
200812050HOU,RS,GSW,1376.0,,56,55,1
200812050HOU,RS,GSW,1401.6,,59,55,4
200812050HOU,RS,GSW,1413.7,,59,57,2
200812050HOU,RS,GSW,1438.7,,62,57,5
200812050HOU,RS,GSW,1478.0,,62,58,4
200812050HOU,RS,GSW,1478.0,,62,59,3
200812050HOU,RS,GSW,1506.0,,64,59,5
200812050HOU,RS,GSW,1524.0,,64,61,3
200812050HOU,RS,GSW,1555.0,,64,63,1
200812050HOU,RS,GSW,1610.0,,65,63,2
200812050HOU,RS,GSW,1610.0,,66,63,3
200812050HOU,RS,GSW,1623.0,T,66,66,0
200812050HOU,RS,GSW,1672.0,,67,66,1
200812050HOU,RS,GSW,1736.0,,70,66,4
200812050HOU,RS,GSW,1752.0,,70,67,3
200812050HOU,RS,GSW,1792.0,,72,67,5
200812050HOU,RS,GSW,1814.0,,72,69,3
200812050HOU,RS,GSW,1841.0,,72,71,1
200812050HOU,RS,GSW,1861.0,LC,72,73,-1
200812050HOU,RS,GSW,1880.0,T,73,73,0
200812050HOU,RS,GSW,1880.0,LC,74,73,1
200812050HOU,RS,GSW,1915.0,LC,74,75,-1
200812050HOU,RS,GSW,1978.0,LC,76,75,1
200812050HOU,RS,GSW,1997.0,,78,75,3
200812050HOU,RS,GSW,1997.0,,79,75,4
200812050HOU,RS,GSW,1997.0,,80,75,5
200812050HOU,RS,GSW,2015.0,,80,77,3
200812050HOU,RS,GSW,2032.0,,81,77,4
200812050HOU,RS,GSW,2032.0,,82,77,5
200812050HOU,RS,GSW,2058.0,,84,77,7
200812050HOU,RS,GSW,2070.0,,84,79,5
200812050HOU,RS,GSW,2090.0,,84,81,3
200812050HOU,RS,GSW,2107.7,,85,81,4
200812050HOU,RS,GSW,2107.7,,86,81,5
200812050HOU,RS,GSW,2147.8,,88,81,7
200812050HOU,RS,GSW,2156.9,,88,84,4
200812050HOU,RS,GSW,2170.0,,88,85,3
200812050HOU,RS,GSW,2170.0,,88,86,2
200812050HOU,RS,GSW,2217.0,LC,88,89,-1
200812050HOU,RS,GSW,2237.0,T,89,89,0
200812050HOU,RS,GSW,2237.0,LC,90,89,1
200812050HOU,RS,GSW,2247.0,T,90,90,0
200812050HOU,RS,GSW,2247.0,LC,90,91,-1
200812050HOU,RS,GSW,2275.0,,90,93,-3
200812050HOU,RS,GSW,2296.0,,92,93,-1
200812050HOU,RS,GSW,2296.0,T,93,93,0
200812050HOU,RS,GSW,2318.0,LC,95,93,2
200812050HOU,RS,GSW,2335.0,T,95,95,0
200812050HOU,RS,GSW,2381.0,,98,95,3
200812050HOU,RS,GSW,2398.0,,98,97,1
200812050HOU,RS,GSW,2398.0,T,98,98,0
200812050HOU,RS,GSW,2419.0,,101,98,3
200812050HOU,RS,GSW,2433.0,T,101,101,0
200812050HOU,RS,GSW,2446.0,,103,101,2
200812050HOU,RS,GSW,2446.0,,104,101,3
200812050HOU,RS,GSW,2467.0,,106,101,5
200812050HOU,RS,GSW,2491.0,,108,101,7
200812050HOU,RS,GSW,2510.0,,108,103,5
200812050HOU,RS,GSW,2529.0,,109,103,6
200812050HOU,RS,GSW,2529.0,,110,103,7
200812050HOU,RS,GSW,2554.0,,112,103,9
200812050HOU,RS,GSW,2595.0,,113,103,10
200812050HOU,RS,GSW,2595.0,,114,103,11
200812050HOU,RS,GSW,2605.0,,114,105,9
200812050HOU,RS,GSW,2605.0,,114,106,8
200812050HOU,RS,GSW,2620.0,,115,106,9
200812050HOU,RS,GSW,2620.0,,116,106,10
200812050HOU,RS,GSW,2640.0,,116,108,8
200812050HOU,RS,GSW,2660.0,,119,108,11
200812050HOU,RS,GSW,2684.0,,120,108,12
200812050HOU,RS,GSW,2684.0,,121,108,13
200812050HOU,RS,GSW,2693.0,,121,110,11
200812050HOU,RS,GSW,2710.0,,124,110,14
200812050HOU,RS,GSW,2785.0,,125,110,15
200812050HOU,RS,GSW,2785.0,,126,110,16
200812050HOU,RS,GSW,2819.0,,126,112,14
200812050HOU,RS,GSW,2841.3,,129,112,17
200812050HOU,RS,GSW,2876.1,F,131,112,19
200812050HOU,RS,GSW,2880.0,,131,112,19
200812080MEM,RS,MEM,0.0,,0,0,0
200812080MEM,RS,MEM,20.0,,0,3,-3
200812080MEM,RS,MEM,117.0,,0,4,-4
200812080MEM,RS,MEM,117.0,,0,5,-5
200812080MEM,RS,MEM,157.0,,0,7,-7
200812080MEM,RS,MEM,194.0,,0,10,-10
200812080MEM,RS,MEM,212.0,,2,10,-8
200812080MEM,RS,MEM,212.0,,3,10,-7
200812080MEM,RS,MEM,271.0,,5,10,-5
200812080MEM,RS,MEM,309.0,,5,12,-7
200812080MEM,RS,MEM,332.0,,8,12,-4
200812080MEM,RS,MEM,354.0,,8,14,-6
200812080MEM,RS,MEM,409.0,,10,14,-4
200812080MEM,RS,MEM,428.0,,10,16,-6
200812080MEM,RS,MEM,463.0,,10,19,-9
200812080MEM,RS,MEM,486.0,,10,22,-12
200812080MEM,RS,MEM,503.0,,13,22,-9
200812080MEM,RS,MEM,520.0,,13,25,-12
200812080MEM,RS,MEM,537.0,,14,25,-11
200812080MEM,RS,MEM,537.0,,15,25,-10
200812080MEM,RS,MEM,556.0,,15,26,-11
200812080MEM,RS,MEM,556.0,,15,27,-12
200812080MEM,RS,MEM,577.0,,17,27,-10
200812080MEM,RS,MEM,611.0,,17,29,-12
200812080MEM,RS,MEM,674.5,,17,31,-14
200812080MEM,RS,MEM,674.5,,17,32,-15
200812080MEM,RS,MEM,692.0,,19,32,-13
200812080MEM,RS,MEM,734.0,,21,32,-11
200812080MEM,RS,MEM,758.0,,21,34,-13
200812080MEM,RS,MEM,798.0,,21,36,-15
200812080MEM,RS,MEM,840.0,,21,38,-17
200812080MEM,RS,MEM,893.0,,23,38,-15
200812080MEM,RS,MEM,893.0,,24,38,-14
200812080MEM,RS,MEM,944.0,,24,40,-16
200812080MEM,RS,MEM,959.0,,24,41,-17
200812080MEM,RS,MEM,959.0,,24,42,-18
200812080MEM,RS,MEM,1010.0,,24,44,-20
200812080MEM,RS,MEM,1064.0,,26,44,-18
200812080MEM,RS,MEM,1079.0,,26,47,-21
200812080MEM,RS,MEM,1103.0,,26,48,-22
200812080MEM,RS,MEM,1119.0,,29,48,-19
200812080MEM,RS,MEM,1138.0,,29,50,-21
200812080MEM,RS,MEM,1148.0,,32,50,-18
200812080MEM,RS,MEM,1169.0,,35,50,-15
200812080MEM,RS,MEM,1190.0,,35,52,-17
200812080MEM,RS,MEM,1268.0,,37,52,-15
200812080MEM,RS,MEM,1274.0,,37,54,-17
200812080MEM,RS,MEM,1297.0,,39,54,-15
200812080MEM,RS,MEM,1327.0,,40,54,-14
200812080MEM,RS,MEM,1327.0,,41,54,-13
200812080MEM,RS,MEM,1358.0,,43,54,-11
200812080MEM,RS,MEM,1380.0,,45,54,-9
200812080MEM,RS,MEM,1402.0,,45,55,-10
200812080MEM,RS,MEM,1402.0,,45,56,-11
200812080MEM,RS,MEM,1439.3,,46,56,-10
200812080MEM,RS,MEM,1439.3,,47,56,-9
200812080MEM,RS,MEM,1455.0,,49,56,-7
200812080MEM,RS,MEM,1473.0,,49,58,-9
200812080MEM,RS,MEM,1494.0,,51,58,-7
200812080MEM,RS,MEM,1512.0,,51,60,-9
200812080MEM,RS,MEM,1556.0,,53,60,-7
200812080MEM,RS,MEM,1608.0,,53,62,-9
200812080MEM,RS,MEM,1617.0,,54,62,-8
200812080MEM,RS,MEM,1653.0,,57,62,-5
200812080MEM,RS,MEM,1667.0,,57,64,-7
200812080MEM,RS,MEM,1724.0,,60,64,-4
200812080MEM,RS,MEM,1763.0,,62,64,-2
200812080MEM,RS,MEM,1779.0,,62,65,-3
200812080MEM,RS,MEM,1779.0,,62,66,-4
200812080MEM,RS,MEM,1792.0,,64,66,-2
200812080MEM,RS,MEM,1809.0,,64,67,-3
200812080MEM,RS,MEM,1809.0,,64,68,-4
200812080MEM,RS,MEM,1824.0,,65,68,-3
200812080MEM,RS,MEM,1824.0,,66,68,-2
200812080MEM,RS,MEM,1842.0,,66,69,-3
200812080MEM,RS,MEM,1877.0,,66,70,-4
200812080MEM,RS,MEM,1899.0,,66,72,-6
200812080MEM,RS,MEM,1910.0,,67,72,-5
200812080MEM,RS,MEM,1949.0,,67,74,-7
200812080MEM,RS,MEM,1965.0,,69,74,-5
200812080MEM,RS,MEM,1973.0,,69,75,-6
200812080MEM,RS,MEM,1984.0,,69,76,-7
200812080MEM,RS,MEM,2024.0,,69,78,-9
200812080MEM,RS,MEM,2048.0,,71,78,-7
200812080MEM,RS,MEM,2074.0,,72,78,-6
200812080MEM,RS,MEM,2074.0,,73,78,-5
200812080MEM,RS,MEM,2091.0,,73,80,-7
200812080MEM,RS,MEM,2100.5,,75,80,-5
200812080MEM,RS,MEM,2119.0,,75,82,-7
200812080MEM,RS,MEM,2157.8,,75,83,-8
200812080MEM,RS,MEM,2178.0,,75,85,-10
200812080MEM,RS,MEM,2194.0,,77,85,-8
200812080MEM,RS,MEM,2206.0,,77,87,-10
200812080MEM,RS,MEM,2230.0,,80,87,-7
200812080MEM,RS,MEM,2256.0,,80,89,-9
200812080MEM,RS,MEM,2282.0,,80,90,-10
200812080MEM,RS,MEM,2282.0,,80,91,-11
200812080MEM,RS,MEM,2322.0,,80,93,-13
200812080MEM,RS,MEM,2342.0,,80,94,-14
200812080MEM,RS,MEM,2342.0,,80,95,-15
200812080MEM,RS,MEM,2360.0,,82,95,-13
200812080MEM,RS,MEM,2387.0,,82,97,-15
200812080MEM,RS,MEM,2494.0,,82,98,-16
200812080MEM,RS,MEM,2528.0,,83,98,-15
200812080MEM,RS,MEM,2528.0,,84,98,-14
200812080MEM,RS,MEM,2545.0,,84,100,-16
200812080MEM,RS,MEM,2553.0,,86,100,-14
200812080MEM,RS,MEM,2553.0,,87,100,-13
200812080MEM,RS,MEM,2573.0,,88,100,-12
200812080MEM,RS,MEM,2682.0,,88,103,-15
200812080MEM,RS,MEM,2691.0,,91,103,-12
200812080MEM,RS,MEM,2718.0,,91,105,-14
200812080MEM,RS,MEM,2759.0,,91,107,-16
200812080MEM,RS,MEM,2769.0,,93,107,-14
200812080MEM,RS,MEM,2816.0,,93,109,-16
200812080MEM,RS,MEM,2825.2,,95,109,-14
200812080MEM,RS,MEM,2860.9,F,97,109,-12
200812080MEM,RS,MEM,2880.0,,97,109,-12
200812090HOU,RS,ATL,0.0,,0,0,0
200812090HOU,RS,ATL,33.0,,1,0,1
200812090HOU,RS,ATL,33.0,,2,0,2
200812090HOU,RS,ATL,73.0,,4,0,4
200812090HOU,RS,ATL,125.0,,7,0,7
200812090HOU,RS,ATL,177.0,,9,0,9
200812090HOU,RS,ATL,214.0,,11,0,11
200812090HOU,RS,ATL,274.0,,13,0,13
200812090HOU,RS,ATL,308.0,,13,2,11
200812090HOU,RS,ATL,334.0,,15,2,13
200812090HOU,RS,ATL,369.0,,17,2,15
200812090HOU,RS,ATL,385.0,,17,3,14
200812090HOU,RS,ATL,385.0,,17,4,13
200812090HOU,RS,ATL,399.0,,19,4,15
200812090HOU,RS,ATL,432.0,,19,5,14
200812090HOU,RS,ATL,432.0,,19,6,13
200812090HOU,RS,ATL,449.0,,21,6,15
200812090HOU,RS,ATL,487.0,,21,7,14
200812090HOU,RS,ATL,531.0,,23,7,16
200812090HOU,RS,ATL,586.0,,23,9,14
200812090HOU,RS,ATL,610.0,,25,9,16
200812090HOU,RS,ATL,623.0,,25,10,15
200812090HOU,RS,ATL,623.0,,25,11,14
200812090HOU,RS,ATL,651.0,,25,13,12
200812090HOU,RS,ATL,679.3,,25,16,9
200812090HOU,RS,ATL,696.1,,26,16,10
200812090HOU,RS,ATL,696.1,,27,16,11
200812090HOU,RS,ATL,780.0,,29,16,13
200812090HOU,RS,ATL,867.0,,31,16,15
200812090HOU,RS,ATL,914.0,,31,18,13
200812090HOU,RS,ATL,929.0,,33,18,15
200812090HOU,RS,ATL,948.0,,33,20,13
200812090HOU,RS,ATL,979.0,,33,22,11
200812090HOU,RS,ATL,1016.0,,33,24,9
200812090HOU,RS,ATL,1045.0,,35,24,11
200812090HOU,RS,ATL,1074.0,,35,26,9
200812090HOU,RS,ATL,1123.0,,35,28,7
200812090HOU,RS,ATL,1172.0,,35,29,6
200812090HOU,RS,ATL,1189.0,,37,29,8
200812090HOU,RS,ATL,1225.0,,37,32,5
200812090HOU,RS,ATL,1241.0,,39,32,7
200812090HOU,RS,ATL,1276.0,,41,32,9
200812090HOU,RS,ATL,1292.0,,41,34,7
200812090HOU,RS,ATL,1308.0,,41,36,5
200812090HOU,RS,ATL,1334.0,,43,36,7
200812090HOU,RS,ATL,1415.9,,46,36,10
200812090HOU,RS,ATL,1440.0,,46,38,8
200812090HOU,RS,ATL,1469.0,,46,40,6
200812090HOU,RS,ATL,1481.0,,49,40,9
200812090HOU,RS,ATL,1521.0,,49,42,7
200812090HOU,RS,ATL,1549.0,,49,45,4
200812090HOU,RS,ATL,1583.0,,49,47,2
200812090HOU,RS,ATL,1612.0,LC,49,50,-1
200812090HOU,RS,ATL,1641.0,,49,53,-4
200812090HOU,RS,ATL,1655.0,,50,53,-3
200812090HOU,RS,ATL,1655.0,,51,53,-2
200812090HOU,RS,ATL,1699.0,,51,55,-4
200812090HOU,RS,ATL,1724.0,,52,55,-3
200812090HOU,RS,ATL,1724.0,,53,55,-2
200812090HOU,RS,ATL,1750.0,T,55,55,0
200812090HOU,RS,ATL,1839.0,,55,57,-2
200812090HOU,RS,ATL,1886.0,,55,59,-4
200812090HOU,RS,ATL,1902.0,,57,59,-2
200812090HOU,RS,ATL,1965.0,,58,59,-1
200812090HOU,RS,ATL,2087.0,LC,60,59,1
200812090HOU,RS,ATL,2113.3,LC,60,62,-2
200812090HOU,RS,ATL,2173.0,,60,64,-4
200812090HOU,RS,ATL,2194.0,,63,64,-1
200812090HOU,RS,ATL,2217.0,,63,66,-3
200812090HOU,RS,ATL,2251.0,,63,69,-6
200812090HOU,RS,ATL,2292.0,,65,69,-4
200812090HOU,RS,ATL,2292.0,,66,69,-3
200812090HOU,RS,ATL,2311.0,,66,71,-5
200812090HOU,RS,ATL,2336.0,,67,71,-4
200812090HOU,RS,ATL,2336.0,,68,71,-3
200812090HOU,RS,ATL,2359.0,,68,73,-5
200812090HOU,RS,ATL,2402.0,,68,76,-8
200812090HOU,RS,ATL,2419.0,,70,76,-6
200812090HOU,RS,ATL,2445.0,,72,76,-4
200812090HOU,RS,ATL,2476.0,,74,76,-2
200812090HOU,RS,ATL,2569.0,LC,77,76,1
200812090HOU,RS,ATL,2619.0,LC,77,78,-1
200812090HOU,RS,ATL,2647.0,LC,79,78,1
200812090HOU,RS,ATL,2672.0,,80,78,2
200812090HOU,RS,ATL,2672.0,,81,78,3
200812090HOU,RS,ATL,2691.0,,83,78,5
200812090HOU,RS,ATL,2730.0,,86,78,8
200812090HOU,RS,ATL,2765.0,,88,78,10
200812090HOU,RS,ATL,2793.0,,90,78,12
200812090HOU,RS,ATL,2803.0,,90,80,10
200812090HOU,RS,ATL,2827.8,,90,82,8
200812090HOU,RS,ATL,2833.9,,91,82,9
200812090HOU,RS,ATL,2833.9,,92,82,10
200812090HOU,RS,ATL,2869.7,F,92,84,8
200812090HOU,RS,ATL,2880.0,,92,84,8
200812120GSW,RS,GSW,0.0,,0,0,0
200812120GSW,RS,GSW,69.0,,3,0,3
200812120GSW,RS,GSW,101.0,,3,2,1
200812120GSW,RS,GSW,122.0,,5,2,3
200812120GSW,RS,GSW,153.0,,7,2,5
200812120GSW,RS,GSW,170.0,,7,3,4
200812120GSW,RS,GSW,170.0,,7,4,3
200812120GSW,RS,GSW,200.0,,8,4,4
200812120GSW,RS,GSW,221.0,,10,4,6
200812120GSW,RS,GSW,240.0,,10,6,4
200812120GSW,RS,GSW,351.0,,10,8,2
200812120GSW,RS,GSW,365.0,,12,8,4
200812120GSW,RS,GSW,374.0,,12,10,2
200812120GSW,RS,GSW,392.0,,15,10,5
200812120GSW,RS,GSW,398.0,,15,13,2
200812120GSW,RS,GSW,417.0,,17,13,4
200812120GSW,RS,GSW,437.0,,17,15,2
200812120GSW,RS,GSW,490.0,,19,15,4
200812120GSW,RS,GSW,490.0,,20,15,5
200812120GSW,RS,GSW,512.0,,21,15,6
200812120GSW,RS,GSW,512.0,,22,15,7
200812120GSW,RS,GSW,533.0,,22,17,5
200812120GSW,RS,GSW,568.0,,22,19,3
200812120GSW,RS,GSW,592.0,,23,19,4
200812120GSW,RS,GSW,592.0,,24,19,5
200812120GSW,RS,GSW,604.0,,24,22,2
200812120GSW,RS,GSW,615.0,,26,22,4
200812120GSW,RS,GSW,635.0,,26,23,3
200812120GSW,RS,GSW,635.0,,26,24,2
200812120GSW,RS,GSW,648.0,T,26,26,0
200812120GSW,RS,GSW,648.0,LC,26,27,-1
200812120GSW,RS,GSW,672.1,LC,29,27,2
200812120GSW,RS,GSW,688.6,,30,27,3
200812120GSW,RS,GSW,688.6,,31,27,4
200812120GSW,RS,GSW,712.3,,31,29,2
200812120GSW,RS,GSW,742.0,T,31,31,0
200812120GSW,RS,GSW,802.0,LC,31,33,-2
200812120GSW,RS,GSW,816.0,T,33,33,0
200812120GSW,RS,GSW,841.0,LC,35,33,2
200812120GSW,RS,GSW,860.0,T,35,35,0
200812120GSW,RS,GSW,936.0,,37,35,2
200812120GSW,RS,GSW,964.0,,38,35,3
200812120GSW,RS,GSW,964.0,,39,35,4
200812120GSW,RS,GSW,998.0,,42,35,7
200812120GSW,RS,GSW,1029.0,,43,35,8
200812120GSW,RS,GSW,1029.0,,44,35,9
200812120GSW,RS,GSW,1048.0,,45,35,10
200812120GSW,RS,GSW,1048.0,,46,35,11
200812120GSW,RS,GSW,1066.0,,46,37,9
200812120GSW,RS,GSW,1092.0,,48,37,11
200812120GSW,RS,GSW,1103.0,,48,38,10
200812120GSW,RS,GSW,1146.0,,50,38,12
200812120GSW,RS,GSW,1157.0,,50,40,10
200812120GSW,RS,GSW,1170.0,,51,40,11
200812120GSW,RS,GSW,1186.0,,51,42,9
200812120GSW,RS,GSW,1202.0,,53,42,11
200812120GSW,RS,GSW,1235.0,,55,42,13
200812120GSW,RS,GSW,1251.0,,55,44,11
200812120GSW,RS,GSW,1291.0,,55,45,10
200812120GSW,RS,GSW,1291.0,,55,46,9
200812120GSW,RS,GSW,1304.0,,57,46,11
200812120GSW,RS,GSW,1340.0,,57,48,9
200812120GSW,RS,GSW,1360.0,,59,48,11
200812120GSW,RS,GSW,1374.0,,60,48,12
200812120GSW,RS,GSW,1374.0,,61,48,13
200812120GSW,RS,GSW,1399.1,,61,49,12
200812120GSW,RS,GSW,1399.1,,61,50,11
200812120GSW,RS,GSW,1468.0,,63,50,13
200812120GSW,RS,GSW,1501.0,,65,50,15
200812120GSW,RS,GSW,1520.0,,65,52,13
200812120GSW,RS,GSW,1551.0,,67,52,15
200812120GSW,RS,GSW,1566.0,,67,54,13
200812120GSW,RS,GSW,1589.0,,67,56,11
200812120GSW,RS,GSW,1629.0,,68,56,12
200812120GSW,RS,GSW,1629.0,,69,56,13
200812120GSW,RS,GSW,1680.0,,71,56,15
200812120GSW,RS,GSW,1704.0,,73,56,17
200812120GSW,RS,GSW,1752.0,,76,56,20
200812120GSW,RS,GSW,1769.0,,76,59,17
200812120GSW,RS,GSW,1819.0,,76,61,15
200812120GSW,RS,GSW,1833.0,,78,61,17
200812120GSW,RS,GSW,1843.0,,78,62,16
200812120GSW,RS,GSW,1884.0,,79,62,17
200812120GSW,RS,GSW,1915.0,,81,62,19
200812120GSW,RS,GSW,1929.0,,81,65,16
200812120GSW,RS,GSW,1951.0,,83,65,18
200812120GSW,RS,GSW,2028.0,,83,67,16
200812120GSW,RS,GSW,2042.0,,84,67,17
200812120GSW,RS,GSW,2042.0,,85,67,18
200812120GSW,RS,GSW,2058.0,,85,69,16
200812120GSW,RS,GSW,2068.0,,88,69,19
200812120GSW,RS,GSW,2079.0,,88,71,17
200812120GSW,RS,GSW,2100.0,,88,73,15
200812120GSW,RS,GSW,2115.6,,89,73,16
200812120GSW,RS,GSW,2115.6,,90,73,17
200812120GSW,RS,GSW,2142.1,,91,73,18
200812120GSW,RS,GSW,2142.1,,92,73,19
200812120GSW,RS,GSW,2158.8,,92,74,18
200812120GSW,RS,GSW,2158.8,,92,75,17
200812120GSW,RS,GSW,2177.0,,94,75,19
200812120GSW,RS,GSW,2207.0,,94,77,17
200812120GSW,RS,GSW,2219.0,,96,77,19
200812120GSW,RS,GSW,2239.0,,96,79,17
200812120GSW,RS,GSW,2263.0,,99,79,20
200812120GSW,RS,GSW,2272.0,,99,81,18
200812120GSW,RS,GSW,2292.0,,101,81,20
200812120GSW,RS,GSW,2312.0,,103,81,22
200812120GSW,RS,GSW,2324.0,,103,83,20
200812120GSW,RS,GSW,2324.0,,103,84,19
200812120GSW,RS,GSW,2338.0,,105,84,21
200812120GSW,RS,GSW,2356.0,,105,86,19
200812120GSW,RS,GSW,2380.0,,105,88,17
200812120GSW,RS,GSW,2399.0,,107,88,19
200812120GSW,RS,GSW,2414.0,,107,89,18
200812120GSW,RS,GSW,2456.0,,109,89,20
200812120GSW,RS,GSW,2469.0,,109,90,19
200812120GSW,RS,GSW,2509.0,,109,91,18
200812120GSW,RS,GSW,2535.0,,109,93,16
200812120GSW,RS,GSW,2565.0,,109,94,15
200812120GSW,RS,GSW,2586.0,,109,96,13
200812120GSW,RS,GSW,2609.0,,109,98,11
200812120GSW,RS,GSW,2628.0,,111,98,13
200812120GSW,RS,GSW,2642.0,,111,100,11
200812120GSW,RS,GSW,2667.0,,113,100,13
200812120GSW,RS,GSW,2745.0,,113,102,11
200812120GSW,RS,GSW,2764.0,,114,102,12
200812120GSW,RS,GSW,2764.0,,115,102,13
200812120GSW,RS,GSW,2773.0,,115,104,11
200812120GSW,RS,GSW,2788.0,,116,104,12
200812120GSW,RS,GSW,2788.0,,117,104,13
200812120GSW,RS,GSW,2840.3,,117,106,11
200812120GSW,RS,GSW,2861.2,,119,106,13
200812120GSW,RS,GSW,2870.9,F,119,108,11
200812120GSW,RS,GSW,2880.0,,119,108,11
200812130LAC,RS,LAC,0.0,,0,0,0
200812130LAC,RS,LAC,38.0,,2,0,2
200812130LAC,RS,LAC,101.0,,4,0,4
200812130LAC,RS,LAC,117.0,,4,2,2
200812130LAC,RS,LAC,133.0,,5,2,3
200812130LAC,RS,LAC,133.0,,6,2,4
200812130LAC,RS,LAC,149.0,,6,4,2
200812130LAC,RS,LAC,169.0,,8,4,4
200812130LAC,RS,LAC,200.0,,8,6,2
200812130LAC,RS,LAC,215.0,,10,6,4
200812130LAC,RS,LAC,234.0,,12,6,6
200812130LAC,RS,LAC,298.0,,12,7,5
200812130LAC,RS,LAC,315.0,,12,9,3
200812130LAC,RS,LAC,351.0,,12,11,1
200812130LAC,RS,LAC,383.0,,14,11,3
200812130LAC,RS,LAC,440.0,T,14,14,0
200812130LAC,RS,LAC,459.0,,16,14,2
200812130LAC,RS,LAC,481.0,T,16,16,0
200812130LAC,RS,LAC,491.0,,17,16,1
200812130LAC,RS,LAC,491.0,,18,16,2
200812130LAC,RS,LAC,511.0,T,18,18,0
200812130LAC,RS,LAC,560.0,LC,18,20,-2
200812130LAC,RS,LAC,595.0,,18,22,-4
200812130LAC,RS,LAC,608.0,,19,22,-3
200812130LAC,RS,LAC,622.0,,19,23,-4
200812130LAC,RS,LAC,622.0,,19,24,-5
200812130LAC,RS,LAC,660.2,,19,26,-7
200812130LAC,RS,LAC,700.4,,22,26,-4
200812130LAC,RS,LAC,719.1,,22,28,-6
200812130LAC,RS,LAC,793.0,,24,28,-4
200812130LAC,RS,LAC,823.0,,24,29,-5
200812130LAC,RS,LAC,843.0,,26,29,-3
200812130LAC,RS,LAC,885.0,,26,30,-4
200812130LAC,RS,LAC,885.0,,26,31,-5
200812130LAC,RS,LAC,924.0,,26,33,-7
200812130LAC,RS,LAC,964.0,,26,35,-9
200812130LAC,RS,LAC,983.0,,28,35,-7
200812130LAC,RS,LAC,983.0,,29,35,-6
200812130LAC,RS,LAC,1031.0,,31,35,-4
200812130LAC,RS,LAC,1085.0,,33,35,-2
200812130LAC,RS,LAC,1102.0,T,35,35,0
200812130LAC,RS,LAC,1127.0,,35,36,-1
200812130LAC,RS,LAC,1179.0,LC,37,36,1
200812130LAC,RS,LAC,1198.0,T,37,37,0
200812130LAC,RS,LAC,1210.0,,38,37,1
200812130LAC,RS,LAC,1242.0,LC,38,39,-1
200812130LAC,RS,LAC,1260.0,LC,40,39,1
200812130LAC,RS,LAC,1286.0,LC,40,41,-1
200812130LAC,RS,LAC,1335.0,LC,43,41,2
200812130LAC,RS,LAC,1384.1,T,43,43,0
200812130LAC,RS,LAC,1413.1,LC,43,45,-2
200812130LAC,RS,LAC,1438.3,LC,46,45,1
200812130LAC,RS,LAC,1439.4,,47,45,2
200812130LAC,RS,LAC,1439.4,,48,45,3
200812130LAC,RS,LAC,1456.0,,50,45,5
200812130LAC,RS,LAC,1479.0,,50,47,3
200812130LAC,RS,LAC,1498.0,,52,47,5
200812130LAC,RS,LAC,1569.0,,54,47,7
200812130LAC,RS,LAC,1606.0,,54,49,5
200812130LAC,RS,LAC,1649.0,,54,51,3
200812130LAC,RS,LAC,1682.0,,56,51,5
200812130LAC,RS,LAC,1707.0,,56,54,2
200812130LAC,RS,LAC,1754.0,T,56,56,0
200812130LAC,RS,LAC,1776.0,,58,56,2
200812130LAC,RS,LAC,1816.0,T,58,58,0
200812130LAC,RS,LAC,1843.0,LC,58,60,-2
200812130LAC,RS,LAC,1862.0,,58,62,-4
200812130LAC,RS,LAC,1947.0,,58,64,-6
200812130LAC,RS,LAC,1967.0,,59,64,-5
200812130LAC,RS,LAC,1967.0,,60,64,-4
200812130LAC,RS,LAC,1997.0,,62,64,-2
200812130LAC,RS,LAC,2013.0,,62,66,-4
200812130LAC,RS,LAC,2029.0,,64,66,-2
200812130LAC,RS,LAC,2044.0,,64,68,-4
200812130LAC,RS,LAC,2074.0,,64,70,-6
200812130LAC,RS,LAC,2203.0,,66,70,-4
200812130LAC,RS,LAC,2218.0,,66,72,-6
200812130LAC,RS,LAC,2303.0,,66,74,-8
200812130LAC,RS,LAC,2331.0,,67,74,-7
200812130LAC,RS,LAC,2365.0,,67,75,-8
200812130LAC,RS,LAC,2365.0,,67,76,-9
200812130LAC,RS,LAC,2396.0,,67,78,-11
200812130LAC,RS,LAC,2454.0,,67,80,-13
200812130LAC,RS,LAC,2559.0,,68,80,-12
200812130LAC,RS,LAC,2559.0,,69,80,-11
200812130LAC,RS,LAC,2577.0,,69,83,-14
200812130LAC,RS,LAC,2598.0,,71,83,-12
200812130LAC,RS,LAC,2620.0,,74,83,-9
200812130LAC,RS,LAC,2633.0,,74,84,-10
200812130LAC,RS,LAC,2633.0,,74,85,-11
200812130LAC,RS,LAC,2645.0,,76,85,-9
200812130LAC,RS,LAC,2663.0,,76,86,-10
200812130LAC,RS,LAC,2663.0,,76,87,-11
200812130LAC,RS,LAC,2694.0,,76,89,-13
200812130LAC,RS,LAC,2721.0,,78,89,-11
200812130LAC,RS,LAC,2746.0,,78,91,-13
200812130LAC,RS,LAC,2765.0,,81,91,-10
200812130LAC,RS,LAC,2783.0,,81,93,-12
200812130LAC,RS,LAC,2793.0,,82,93,-11
200812130LAC,RS,LAC,2809.0,F,82,95,-13
200812130LAC,RS,LAC,2880.0,,82,95,-13
200812160HOU,RS,DEN,0.0,,0,0,0
200812160HOU,RS,DEN,11.0,,2,0,2
200812160HOU,RS,DEN,39.0,,3,0,3
200812160HOU,RS,DEN,39.0,,4,0,4
200812160HOU,RS,DEN,50.0,,4,2,2
200812160HOU,RS,DEN,69.0,,6,2,4
200812160HOU,RS,DEN,111.0,,9,2,7
200812160HOU,RS,DEN,134.0,,11,2,9
200812160HOU,RS,DEN,168.0,,13,2,11
200812160HOU,RS,DEN,229.0,,13,4,9
200812160HOU,RS,DEN,262.0,,15,4,11
200812160HOU,RS,DEN,279.0,,15,6,9
200812160HOU,RS,DEN,368.0,,15,8,7
200812160HOU,RS,DEN,410.0,,17,8,9
200812160HOU,RS,DEN,429.0,,17,11,6
200812160HOU,RS,DEN,446.0,,19,11,8
200812160HOU,RS,DEN,478.0,,19,14,5
200812160HOU,RS,DEN,513.0,,19,16,3
200812160HOU,RS,DEN,532.0,,22,16,6
200812160HOU,RS,DEN,554.0,,22,18,4
200812160HOU,RS,DEN,568.0,,24,18,6
200812160HOU,RS,DEN,605.0,,26,18,8
200812160HOU,RS,DEN,649.0,,28,18,10
200812160HOU,RS,DEN,660.5,,28,19,9
200812160HOU,RS,DEN,660.5,,28,20,8
200812160HOU,RS,DEN,679.0,,30,20,10
200812160HOU,RS,DEN,688.6,,30,22,8
200812160HOU,RS,DEN,718.9,,30,23,7
200812160HOU,RS,DEN,719.7,,30,25,5
200812160HOU,RS,DEN,737.0,,32,25,7
200812160HOU,RS,DEN,750.0,,32,28,4
200812160HOU,RS,DEN,772.0,,33,28,5
200812160HOU,RS,DEN,808.0,,33,31,2
200812160HOU,RS,DEN,855.0,T,33,33,0
200812160HOU,RS,DEN,877.0,LC,33,35,-2
200812160HOU,RS,DEN,900.0,T,35,35,0
200812160HOU,RS,DEN,916.0,,35,37,-2
200812160HOU,RS,DEN,930.0,LC,38,37,1
200812160HOU,RS,DEN,944.0,LC,38,39,-1
200812160HOU,RS,DEN,995.0,,38,42,-4
200812160HOU,RS,DEN,1030.0,,38,43,-5
200812160HOU,RS,DEN,1030.0,,38,44,-6
200812160HOU,RS,DEN,1048.0,,40,44,-4
200812160HOU,RS,DEN,1064.0,,40,45,-5
200812160HOU,RS,DEN,1064.0,,40,46,-6
200812160HOU,RS,DEN,1077.0,,41,46,-5
200812160HOU,RS,DEN,1094.0,,41,49,-8
200812160HOU,RS,DEN,1111.0,,43,49,-6
200812160HOU,RS,DEN,1126.0,,43,51,-8
200812160HOU,RS,DEN,1147.0,,46,51,-5
200812160HOU,RS,DEN,1170.0,,46,53,-7
200812160HOU,RS,DEN,1221.0,,47,53,-6
200812160HOU,RS,DEN,1237.0,,47,55,-8
200812160HOU,RS,DEN,1298.0,,47,56,-9
200812160HOU,RS,DEN,1354.0,,49,56,-7
200812160HOU,RS,DEN,1369.0,,49,58,-9
200812160HOU,RS,DEN,1379.0,,51,58,-7
200812160HOU,RS,DEN,1388.0,,52,58,-6
200812160HOU,RS,DEN,1388.0,,53,58,-5
200812160HOU,RS,DEN,1411.0,,56,58,-2
200812160HOU,RS,DEN,1434.1,,56,61,-5
200812160HOU,RS,DEN,1457.0,,56,63,-7
200812160HOU,RS,DEN,1567.0,,58,63,-5
200812160HOU,RS,DEN,1598.0,,58,64,-6
200812160HOU,RS,DEN,1598.0,,58,65,-7
200812160HOU,RS,DEN,1643.0,,60,65,-5
200812160HOU,RS,DEN,1678.0,,60,67,-7
200812160HOU,RS,DEN,1709.0,,63,67,-4
200812160HOU,RS,DEN,1731.0,,65,67,-2
200812160HOU,RS,DEN,1752.0,LC,68,67,1
200812160HOU,RS,DEN,1768.0,LC,68,69,-1
200812160HOU,RS,DEN,1787.0,LC,70,69,1
200812160HOU,RS,DEN,1826.0,,71,69,2
200812160HOU,RS,DEN,1847.0,,74,69,5
200812160HOU,RS,DEN,1870.0,,74,71,3
200812160HOU,RS,DEN,1880.0,,76,71,5
200812160HOU,RS,DEN,1880.0,,77,71,6
200812160HOU,RS,DEN,1911.0,,79,71,8
200812160HOU,RS,DEN,1936.0,,79,73,6
200812160HOU,RS,DEN,1936.0,,79,74,5
200812160HOU,RS,DEN,1951.0,,81,74,7
200812160HOU,RS,DEN,1996.0,,81,77,4
200812160HOU,RS,DEN,2009.0,,83,77,6
200812160HOU,RS,DEN,2042.0,,85,77,8
200812160HOU,RS,DEN,2061.0,,85,79,6
200812160HOU,RS,DEN,2260.0,,85,82,3
200812160HOU,RS,DEN,2280.0,,87,82,5
200812160HOU,RS,DEN,2296.0,,87,84,3
200812160HOU,RS,DEN,2349.0,,90,84,6
200812160HOU,RS,DEN,2405.0,,90,85,5
200812160HOU,RS,DEN,2491.0,,92,85,7
200812160HOU,RS,DEN,2526.0,,94,85,9
200812160HOU,RS,DEN,2561.0,,94,88,6
200812160HOU,RS,DEN,2584.0,,96,88,8
200812160HOU,RS,DEN,2650.0,,99,88,11
200812160HOU,RS,DEN,2663.0,,99,90,9
200812160HOU,RS,DEN,2716.0,,100,90,10
200812160HOU,RS,DEN,2716.0,,101,90,11
200812160HOU,RS,DEN,2744.0,,101,92,9
200812160HOU,RS,DEN,2770.0,,102,92,10
200812160HOU,RS,DEN,2770.0,,103,92,11
200812160HOU,RS,DEN,2786.0,,103,94,9
200812160HOU,RS,DEN,2807.0,,105,94,11
200812160HOU,RS,DEN,2826.1,,105,96,9
200812160HOU,RS,DEN,2847.6,F,108,96,12
200812160HOU,RS,DEN,2880.0,,108,96,12
200812190HOU,RS,SAC,0.0,,0,0,0
200812190HOU,RS,SAC,49.0,,0,2,-2
200812190HOU,RS,SAC,66.0,T,2,2,0
200812190HOU,RS,SAC,82.0,,2,5,-3
200812190HOU,RS,SAC,114.0,,2,7,-5
200812190HOU,RS,SAC,161.0,,4,7,-3
200812190HOU,RS,SAC,161.0,,5,7,-2
200812190HOU,RS,SAC,179.0,,5,9,-4
200812190HOU,RS,SAC,191.0,,7,9,-2
200812190HOU,RS,SAC,217.0,T,9,9,0
200812190HOU,RS,SAC,237.0,,9,11,-2
200812190HOU,RS,SAC,250.0,,10,11,-1
200812190HOU,RS,SAC,250.0,T,11,11,0
200812190HOU,RS,SAC,268.0,,11,13,-2
200812190HOU,RS,SAC,291.0,T,13,13,0
200812190HOU,RS,SAC,304.0,,13,14,-1
200812190HOU,RS,SAC,348.0,LC,15,14,1
200812190HOU,RS,SAC,359.0,LC,15,16,-1
200812190HOU,RS,SAC,375.0,LC,17,16,1
200812190HOU,RS,SAC,396.0,T,17,17,0
200812190HOU,RS,SAC,396.0,LC,17,18,-1
200812190HOU,RS,SAC,421.0,,17,20,-3
200812190HOU,RS,SAC,438.0,T,20,20,0
200812190HOU,RS,SAC,455.0,,20,21,-1
200812190HOU,RS,SAC,477.0,LC,22,21,1
200812190HOU,RS,SAC,492.0,LC,22,23,-1
200812190HOU,RS,SAC,514.0,LC,24,23,1
200812190HOU,RS,SAC,542.0,,26,23,3
200812190HOU,RS,SAC,559.0,,26,25,1
200812190HOU,RS,SAC,578.0,,29,25,4
200812190HOU,RS,SAC,592.0,,29,27,2
200812190HOU,RS,SAC,635.0,,30,27,3
200812190HOU,RS,SAC,670.1,,30,29,1
200812190HOU,RS,SAC,693.0,T,30,30,0
200812190HOU,RS,SAC,693.0,LC,30,31,-1
200812190HOU,RS,SAC,720.0,,30,33,-3
200812190HOU,RS,SAC,742.0,,32,33,-1
200812190HOU,RS,SAC,759.0,,32,35,-3
200812190HOU,RS,SAC,774.0,T,35,35,0
200812190HOU,RS,SAC,797.0,,35,38,-3
200812190HOU,RS,SAC,815.0,,37,38,-1
200812190HOU,RS,SAC,881.0,,37,41,-4
200812190HOU,RS,SAC,912.0,,37,43,-6
200812190HOU,RS,SAC,941.0,,38,43,-5
200812190HOU,RS,SAC,960.0,,38,45,-7
200812190HOU,RS,SAC,994.0,,38,48,-10
200812190HOU,RS,SAC,1019.0,,40,48,-8
200812190HOU,RS,SAC,1097.0,,40,51,-11
200812190HOU,RS,SAC,1116.0,,41,51,-10
200812190HOU,RS,SAC,1116.0,,42,51,-9
200812190HOU,RS,SAC,1209.0,,44,51,-7
200812190HOU,RS,SAC,1234.0,,46,51,-5
200812190HOU,RS,SAC,1260.0,,48,51,-3
200812190HOU,RS,SAC,1272.0,,48,53,-5
200812190HOU,RS,SAC,1296.0,,49,53,-4
200812190HOU,RS,SAC,1310.0,,51,53,-2
200812190HOU,RS,SAC,1347.0,,52,53,-1
200812190HOU,RS,SAC,1374.0,T,53,53,0
200812190HOU,RS,SAC,1400.2,LC,55,53,2
200812190HOU,RS,SAC,1418.2,,55,54,1
200812190HOU,RS,SAC,1418.2,T,55,55,0
200812190HOU,RS,SAC,1482.0,LC,55,57,-2
200812190HOU,RS,SAC,1516.0,,55,59,-4
200812190HOU,RS,SAC,1533.0,,58,59,-1
200812190HOU,RS,SAC,1563.0,,58,61,-3
200812190HOU,RS,SAC,1604.0,,60,61,-1
200812190HOU,RS,SAC,1636.0,LC,62,61,1
200812190HOU,RS,SAC,1664.0,,63,61,2
200812190HOU,RS,SAC,1664.0,,64,61,3
200812190HOU,RS,SAC,1701.0,,67,61,6
200812190HOU,RS,SAC,1724.0,,67,63,4
200812190HOU,RS,SAC,1724.0,,67,64,3
200812190HOU,RS,SAC,1785.0,,67,66,1
200812190HOU,RS,SAC,1813.0,,69,66,3
200812190HOU,RS,SAC,1825.0,,69,68,1
200812190HOU,RS,SAC,1825.0,T,69,69,0
200812190HOU,RS,SAC,1871.0,,70,69,1
200812190HOU,RS,SAC,1871.0,,71,69,2
200812190HOU,RS,SAC,1907.0,,73,69,4
200812190HOU,RS,SAC,1907.0,,74,69,5
200812190HOU,RS,SAC,1919.0,,74,71,3
200812190HOU,RS,SAC,1938.0,,76,71,5
200812190HOU,RS,SAC,1983.0,,76,73,3
200812190HOU,RS,SAC,2062.0,,78,73,5
200812190HOU,RS,SAC,2113.9,,80,73,7
200812190HOU,RS,SAC,2148.4,,82,73,9
200812190HOU,RS,SAC,2183.0,,82,76,6
200812190HOU,RS,SAC,2203.0,,84,76,8
200812190HOU,RS,SAC,2225.0,,86,76,10
200812190HOU,RS,SAC,2225.0,,87,76,11
200812190HOU,RS,SAC,2293.0,,87,77,10
200812190HOU,RS,SAC,2311.0,,89,77,12
200812190HOU,RS,SAC,2323.0,,89,79,10
200812190HOU,RS,SAC,2348.0,,89,80,9
200812190HOU,RS,SAC,2348.0,,89,81,8
200812190HOU,RS,SAC,2365.0,,91,81,10
200812190HOU,RS,SAC,2447.0,,92,81,11
200812190HOU,RS,SAC,2461.0,,92,83,9
200812190HOU,RS,SAC,2505.0,,94,83,11
200812190HOU,RS,SAC,2552.0,,96,83,13
200812190HOU,RS,SAC,2560.0,,96,85,11
200812190HOU,RS,SAC,2560.0,,96,86,10
200812190HOU,RS,SAC,2599.0,,96,89,7
200812190HOU,RS,SAC,2636.0,,98,89,9
200812190HOU,RS,SAC,2686.0,,98,92,6
200812190HOU,RS,SAC,2742.0,,99,92,7
200812190HOU,RS,SAC,2742.0,,100,92,8
200812190HOU,RS,SAC,2750.0,,100,93,7
200812190HOU,RS,SAC,2750.0,,100,94,6
200812190HOU,RS,SAC,2774.0,,102,94,8
200812190HOU,RS,SAC,2822.3,,104,94,10
200812190HOU,RS,SAC,2856.2,,107,94,13
200812190HOU,RS,SAC,2864.6,,107,95,12
200812190HOU,RS,SAC,2864.6,F,107,96,11
200812190HOU,RS,SAC,2880.0,,107,96,11
200812200MIN,RS,MIN,0.0,,0,0,0
200812200MIN,RS,MIN,45.0,,3,0,3
200812200MIN,RS,MIN,104.0,,6,0,6
200812200MIN,RS,MIN,129.0,,7,0,7
200812200MIN,RS,MIN,169.0,,7,3,4
200812200MIN,RS,MIN,182.0,,8,3,5
200812200MIN,RS,MIN,182.0,,9,3,6
200812200MIN,RS,MIN,194.0,,9,5,4
200812200MIN,RS,MIN,216.0,,9,7,2
200812200MIN,RS,MIN,216.0,,9,8,1
200812200MIN,RS,MIN,261.0,LC,9,10,-1
200812200MIN,RS,MIN,281.0,LC,11,10,1
200812200MIN,RS,MIN,307.0,,14,10,4
200812200MIN,RS,MIN,342.0,,16,10,6
200812200MIN,RS,MIN,383.0,,16,12,4
200812200MIN,RS,MIN,398.0,,19,12,7
200812200MIN,RS,MIN,418.0,,19,14,5
200812200MIN,RS,MIN,418.0,,19,15,4
200812200MIN,RS,MIN,445.0,,19,17,2
200812200MIN,RS,MIN,465.0,T,19,19,0
200812200MIN,RS,MIN,465.0,LC,19,20,-1
200812200MIN,RS,MIN,483.0,LC,21,20,1
200812200MIN,RS,MIN,510.0,,23,20,3
200812200MIN,RS,MIN,542.0,,23,22,1
200812200MIN,RS,MIN,570.0,LC,23,25,-2
200812200MIN,RS,MIN,598.0,LC,26,25,1
200812200MIN,RS,MIN,621.0,T,26,26,0
200812200MIN,RS,MIN,621.0,LC,26,27,-1
200812200MIN,RS,MIN,636.0,T,27,27,0
200812200MIN,RS,MIN,636.0,LC,28,27,1
200812200MIN,RS,MIN,686.7,T,28,28,0
200812200MIN,RS,MIN,686.7,LC,28,29,-1
200812200MIN,RS,MIN,686.7,,28,30,-2
200812200MIN,RS,MIN,699.4,,29,30,-1
200812200MIN,RS,MIN,699.4,T,30,30,0
200812200MIN,RS,MIN,716.2,,30,32,-2
200812200MIN,RS,MIN,737.0,T,32,32,0
200812200MIN,RS,MIN,754.0,,32,34,-2
200812200MIN,RS,MIN,769.0,T,34,34,0
200812200MIN,RS,MIN,804.0,LC,37,34,3
200812200MIN,RS,MIN,846.0,,37,35,2
200812200MIN,RS,MIN,871.0,,38,35,3
200812200MIN,RS,MIN,871.0,,39,35,4
200812200MIN,RS,MIN,894.0,,42,35,7
200812200MIN,RS,MIN,918.0,,44,35,9
200812200MIN,RS,MIN,937.0,,44,37,7
200812200MIN,RS,MIN,949.0,,46,37,9
200812200MIN,RS,MIN,1002.0,,46,39,7
200812200MIN,RS,MIN,1074.0,,46,40,6
200812200MIN,RS,MIN,1096.0,,46,42,4
200812200MIN,RS,MIN,1112.0,,48,42,6
200812200MIN,RS,MIN,1135.0,,49,42,7
200812200MIN,RS,MIN,1135.0,,50,42,8
200812200MIN,RS,MIN,1150.0,,50,44,6
200812200MIN,RS,MIN,1205.0,,52,44,8
200812200MIN,RS,MIN,1217.0,,52,47,5
200812200MIN,RS,MIN,1279.0,,54,47,7
200812200MIN,RS,MIN,1314.0,,56,47,9
200812200MIN,RS,MIN,1357.0,,56,48,8
200812200MIN,RS,MIN,1383.4,,58,48,10
200812200MIN,RS,MIN,1396.9,,58,50,8
200812200MIN,RS,MIN,1415.5,,58,51,7
200812200MIN,RS,MIN,1439.2,,60,51,9
200812200MIN,RS,MIN,1471.0,,60,53,7
200812200MIN,RS,MIN,1486.0,,62,53,9
200812200MIN,RS,MIN,1518.0,,64,53,11
200812200MIN,RS,MIN,1551.0,,66,53,13
200812200MIN,RS,MIN,1609.0,,66,54,12
200812200MIN,RS,MIN,1614.0,,66,56,10
200812200MIN,RS,MIN,1628.0,,67,56,11
200812200MIN,RS,MIN,1628.0,,68,56,12
200812200MIN,RS,MIN,1644.0,,68,58,10
200812200MIN,RS,MIN,1679.0,,70,58,12
200812200MIN,RS,MIN,1693.0,,70,60,10
200812200MIN,RS,MIN,1709.0,,72,60,12
200812200MIN,RS,MIN,1738.0,,74,60,14
200812200MIN,RS,MIN,1755.0,,74,62,12
200812200MIN,RS,MIN,1755.0,,74,63,11
200812200MIN,RS,MIN,1765.0,,76,63,13
200812200MIN,RS,MIN,1906.0,,79,63,16
200812200MIN,RS,MIN,1975.0,,81,63,18
200812200MIN,RS,MIN,1995.0,,81,65,16
200812200MIN,RS,MIN,2032.0,,81,67,14
200812200MIN,RS,MIN,2071.0,,81,69,12
200812200MIN,RS,MIN,2083.0,,82,69,13
200812200MIN,RS,MIN,2091.0,,82,70,12
200812200MIN,RS,MIN,2091.0,,82,71,11
200812200MIN,RS,MIN,2215.0,,82,73,9
200812200MIN,RS,MIN,2259.0,,82,75,7
200812200MIN,RS,MIN,2300.0,,84,75,9
200812200MIN,RS,MIN,2362.0,,84,77,7
200812200MIN,RS,MIN,2402.0,,84,79,5
200812200MIN,RS,MIN,2431.0,,86,79,7
200812200MIN,RS,MIN,2448.0,,86,81,5
200812200MIN,RS,MIN,2448.0,,86,82,4
200812200MIN,RS,MIN,2470.0,,89,82,7
200812200MIN,RS,MIN,2490.0,,89,84,5
200812200MIN,RS,MIN,2508.0,,92,84,8
200812200MIN,RS,MIN,2534.0,,92,86,6
200812200MIN,RS,MIN,2558.0,,95,86,9
200812200MIN,RS,MIN,2579.0,,95,88,7
200812200MIN,RS,MIN,2592.0,,96,88,8
200812200MIN,RS,MIN,2592.0,,97,88,9
200812200MIN,RS,MIN,2609.0,,97,90,7
200812200MIN,RS,MIN,2626.0,,98,90,8
200812200MIN,RS,MIN,2664.0,,98,92,6
200812200MIN,RS,MIN,2688.0,,100,92,8
200812200MIN,RS,MIN,2734.0,,100,94,6
200812200MIN,RS,MIN,2754.0,,102,94,8
200812200MIN,RS,MIN,2792.0,,105,94,11
200812200MIN,RS,MIN,2799.0,,105,97,8
200812200MIN,RS,MIN,2815.0,,105,99,6
200812200MIN,RS,MIN,2837.2,,105,102,3
200812200MIN,RS,MIN,2857.7,,107,102,5
200812200MIN,RS,MIN,2871.4,,108,102,6
200812200MIN,RS,MIN,2871.4,F,109,102,7
200812200MIN,RS,MIN,2880.0,,109,102,7
200812220NJN,RS,NJN,0.0,,0,0,0
200812220NJN,RS,NJN,35.0,,2,0,2
200812220NJN,RS,NJN,81.0,,4,0,4
200812220NJN,RS,NJN,94.0,,4,2,2
200812220NJN,RS,NJN,152.0,T,4,4,0
200812220NJN,RS,NJN,169.0,,6,4,2
200812220NJN,RS,NJN,202.0,,8,4,4
200812220NJN,RS,NJN,248.0,,11,4,7
200812220NJN,RS,NJN,295.0,,11,6,5
200812220NJN,RS,NJN,312.0,,14,6,8
200812220NJN,RS,NJN,312.0,,15,6,9
200812220NJN,RS,NJN,331.0,,16,6,10
200812220NJN,RS,NJN,331.0,,17,6,11
200812220NJN,RS,NJN,350.0,,17,7,10
200812220NJN,RS,NJN,391.0,,17,9,8
200812220NJN,RS,NJN,404.0,,20,9,11
200812220NJN,RS,NJN,480.0,,21,9,12
200812220NJN,RS,NJN,527.0,,23,9,14
200812220NJN,RS,NJN,624.0,,25,9,16
200812220NJN,RS,NJN,642.0,,25,11,14
200812220NJN,RS,NJN,656.0,,27,11,16
200812220NJN,RS,NJN,675.8,,27,13,14
200812220NJN,RS,NJN,719.2,,29,13,16
200812220NJN,RS,NJN,744.0,,31,13,18
200812220NJN,RS,NJN,812.0,,31,14,17
200812220NJN,RS,NJN,812.0,,31,15,16
200812220NJN,RS,NJN,832.0,,34,15,19
200812220NJN,RS,NJN,846.0,,34,17,17
200812220NJN,RS,NJN,857.0,,35,17,18
200812220NJN,RS,NJN,878.0,,35,18,17
200812220NJN,RS,NJN,878.0,,35,19,16
200812220NJN,RS,NJN,924.0,,35,21,14
200812220NJN,RS,NJN,950.0,,37,21,16
200812220NJN,RS,NJN,979.0,,40,21,19
200812220NJN,RS,NJN,1023.0,,42,21,21
200812220NJN,RS,NJN,1042.0,,44,21,23
200812220NJN,RS,NJN,1055.0,,44,23,21
200812220NJN,RS,NJN,1065.0,,45,23,22
200812220NJN,RS,NJN,1089.0,,45,26,19
200812220NJN,RS,NJN,1114.0,,45,28,17
200812220NJN,RS,NJN,1149.0,,45,30,15
200812220NJN,RS,NJN,1149.0,,45,31,14
200812220NJN,RS,NJN,1167.0,,46,31,15
200812220NJN,RS,NJN,1167.0,,47,31,16
200812220NJN,RS,NJN,1183.0,,48,31,17
200812220NJN,RS,NJN,1183.0,,49,31,18
200812220NJN,RS,NJN,1212.0,,51,31,20
200812220NJN,RS,NJN,1262.0,,51,33,18
200812220NJN,RS,NJN,1302.0,,51,35,16
200812220NJN,RS,NJN,1319.0,,53,35,18
200812220NJN,RS,NJN,1354.0,,55,35,20
200812220NJN,RS,NJN,1380.0,,55,37,18
200812220NJN,RS,NJN,1393.9,,58,37,21
200812220NJN,RS,NJN,1405.0,,58,40,18
200812220NJN,RS,NJN,1429.1,,61,40,21
200812220NJN,RS,NJN,1492.0,,61,42,19
200812220NJN,RS,NJN,1508.0,,62,42,20
200812220NJN,RS,NJN,1517.0,,62,43,19
200812220NJN,RS,NJN,1517.0,,62,44,18
200812220NJN,RS,NJN,1547.0,,62,46,16
200812220NJN,RS,NJN,1565.0,,64,46,18
200812220NJN,RS,NJN,1594.0,,64,48,16
200812220NJN,RS,NJN,1630.0,,66,48,18
200812220NJN,RS,NJN,1654.0,,68,48,20
200812220NJN,RS,NJN,1697.0,,68,50,18
200812220NJN,RS,NJN,1710.0,,70,50,20
200812220NJN,RS,NJN,1724.0,,70,52,18
200812220NJN,RS,NJN,1752.0,,72,52,20
200812220NJN,RS,NJN,1811.0,,72,54,18
200812220NJN,RS,NJN,1841.0,,74,54,20
200812220NJN,RS,NJN,1866.0,,74,56,18
200812220NJN,RS,NJN,1877.0,,76,56,20
200812220NJN,RS,NJN,1917.0,,78,56,22
200812220NJN,RS,NJN,1935.0,,78,59,19
200812220NJN,RS,NJN,1966.0,,78,61,17
200812220NJN,RS,NJN,1988.0,,81,61,20
200812220NJN,RS,NJN,2009.0,,81,63,18
200812220NJN,RS,NJN,2044.0,,81,65,16
200812220NJN,RS,NJN,2061.0,,83,65,18
200812220NJN,RS,NJN,2061.0,,84,65,19
200812220NJN,RS,NJN,2114.0,,86,65,21
200812220NJN,RS,NJN,2168.0,,86,66,20
200812220NJN,RS,NJN,2168.0,,86,67,19
200812220NJN,RS,NJN,2190.0,,86,69,17
200812220NJN,RS,NJN,2222.0,,88,69,19
200812220NJN,RS,NJN,2240.0,,88,70,18
200812220NJN,RS,NJN,2311.0,,88,72,16
200812220NJN,RS,NJN,2330.0,,90,72,18
200812220NJN,RS,NJN,2399.0,,92,72,20
200812220NJN,RS,NJN,2422.0,,92,74,18
200812220NJN,RS,NJN,2448.0,,93,74,19
200812220NJN,RS,NJN,2448.0,,94,74,20
200812220NJN,RS,NJN,2460.0,,94,76,18
200812220NJN,RS,NJN,2474.0,,96,76,20
200812220NJN,RS,NJN,2474.0,,97,76,21
200812220NJN,RS,NJN,2487.0,,97,77,20
200812220NJN,RS,NJN,2496.0,,98,77,21
200812220NJN,RS,NJN,2496.0,,99,77,22
200812220NJN,RS,NJN,2519.0,,99,78,21
200812220NJN,RS,NJN,2519.0,,99,79,20
200812220NJN,RS,NJN,2543.0,,101,79,22
200812220NJN,RS,NJN,2588.0,,103,79,24
200812220NJN,RS,NJN,2647.0,,103,81,22
200812220NJN,RS,NJN,2661.0,,104,81,23
200812220NJN,RS,NJN,2661.0,,105,81,24
200812220NJN,RS,NJN,2692.0,,107,81,26
200812220NJN,RS,NJN,2709.0,,107,83,24
200812220NJN,RS,NJN,2735.0,,110,83,27
200812220NJN,RS,NJN,2748.0,,110,84,26
200812220NJN,RS,NJN,2748.0,,110,85,25
200812220NJN,RS,NJN,2779.0,,110,87,23
200812220NJN,RS,NJN,2797.0,,112,87,25
200812220NJN,RS,NJN,2831.8,,112,89,23
200812220NJN,RS,NJN,2847.6,,114,89,25
200812220NJN,RS,NJN,2858.4,F,114,91,23
200812220NJN,RS,NJN,2880.0,,114,91,23
200812230CLE,RS,CLE,0.0,,0,0,0
200812230CLE,RS,CLE,51.0,,0,2,-2
200812230CLE,RS,CLE,73.0,T,2,2,0
200812230CLE,RS,CLE,106.0,LC,4,2,2
200812230CLE,RS,CLE,151.0,T,4,4,0
200812230CLE,RS,CLE,188.0,LC,4,5,-1
200812230CLE,RS,CLE,188.0,,4,6,-2
200812230CLE,RS,CLE,204.0,T,6,6,0
200812230CLE,RS,CLE,222.0,,6,9,-3
200812230CLE,RS,CLE,238.0,T,9,9,0
200812230CLE,RS,CLE,274.0,LC,11,9,2
200812230CLE,RS,CLE,295.0,T,11,11,0
200812230CLE,RS,CLE,384.0,,12,11,1
200812230CLE,RS,CLE,414.0,,14,11,3
200812230CLE,RS,CLE,447.0,,14,13,1
200812230CLE,RS,CLE,473.0,LC,14,15,-1
200812230CLE,RS,CLE,541.0,,14,17,-3
200812230CLE,RS,CLE,558.0,,16,17,-1
200812230CLE,RS,CLE,573.0,,16,19,-3
200812230CLE,RS,CLE,599.0,,16,21,-5
200812230CLE,RS,CLE,618.0,,18,21,-3
200812230CLE,RS,CLE,632.0,,18,23,-5
200812230CLE,RS,CLE,651.0,,20,23,-3
200812230CLE,RS,CLE,678.6,T,23,23,0
200812230CLE,RS,CLE,717.1,,23,26,-3
200812230CLE,RS,CLE,809.0,,23,28,-5
200812230CLE,RS,CLE,827.0,,26,28,-2
200812230CLE,RS,CLE,878.0,T,28,28,0
200812230CLE,RS,CLE,915.0,LC,30,28,2
200812230CLE,RS,CLE,958.0,T,30,30,0
200812230CLE,RS,CLE,1005.0,,32,30,2
200812230CLE,RS,CLE,1046.0,T,32,32,0
200812230CLE,RS,CLE,1062.0,,33,32,1
200812230CLE,RS,CLE,1085.0,T,33,33,0
200812230CLE,RS,CLE,1102.0,,34,33,1
200812230CLE,RS,CLE,1102.0,,35,33,2
200812230CLE,RS,CLE,1124.0,LC,35,36,-1
200812230CLE,RS,CLE,1168.0,,35,39,-4
200812230CLE,RS,CLE,1180.0,,37,39,-2
200812230CLE,RS,CLE,1208.0,T,39,39,0
200812230CLE,RS,CLE,1252.0,LC,42,39,3
200812230CLE,RS,CLE,1287.0,,42,40,2
200812230CLE,RS,CLE,1287.0,,42,41,1
200812230CLE,RS,CLE,1326.0,LC,42,43,-1
200812230CLE,RS,CLE,1380.0,,42,45,-3
200812230CLE,RS,CLE,1401.1,T,45,45,0
200812230CLE,RS,CLE,1416.8,,45,47,-2
200812230CLE,RS,CLE,1437.0,T,47,47,0
200812230CLE,RS,CLE,1455.0,LC,49,47,2
200812230CLE,RS,CLE,1505.0,T,49,49,0
200812230CLE,RS,CLE,1528.0,,51,49,2
200812230CLE,RS,CLE,1585.0,T,51,51,0
200812230CLE,RS,CLE,1597.0,,54,51,3
200812230CLE,RS,CLE,1633.0,,54,53,1
200812230CLE,RS,CLE,1686.0,LC,54,55,-1
200812230CLE,RS,CLE,1715.0,LC,57,55,2
200812230CLE,RS,CLE,1767.0,T,57,57,0
200812230CLE,RS,CLE,1788.0,,60,57,3
200812230CLE,RS,CLE,1811.0,,60,58,2
200812230CLE,RS,CLE,1811.0,,60,59,1
200812230CLE,RS,CLE,1852.0,LC,60,62,-2
200812230CLE,RS,CLE,1872.0,,60,64,-4
200812230CLE,RS,CLE,1872.0,,60,65,-5
200812230CLE,RS,CLE,1894.0,,62,65,-3
200812230CLE,RS,CLE,1977.0,,62,67,-5
200812230CLE,RS,CLE,1993.0,,64,67,-3
200812230CLE,RS,CLE,2013.0,,64,68,-4
200812230CLE,RS,CLE,2013.0,,64,69,-5
200812230CLE,RS,CLE,2081.0,,64,71,-7
200812230CLE,RS,CLE,2097.0,,66,71,-5
200812230CLE,RS,CLE,2154.1,,66,73,-7
200812230CLE,RS,CLE,2175.0,,66,75,-9
200812230CLE,RS,CLE,2210.0,,66,77,-11
200812230CLE,RS,CLE,2228.0,,67,77,-10
200812230CLE,RS,CLE,2228.0,,68,77,-9
200812230CLE,RS,CLE,2241.0,,68,79,-11
200812230CLE,RS,CLE,2272.0,,68,82,-14
200812230CLE,RS,CLE,2292.0,,70,82,-12
200812230CLE,RS,CLE,2309.0,,70,84,-14
200812230CLE,RS,CLE,2321.0,,71,84,-13
200812230CLE,RS,CLE,2321.0,,72,84,-12
200812230CLE,RS,CLE,2358.0,,75,84,-9
200812230CLE,RS,CLE,2397.0,,78,84,-6
200812230CLE,RS,CLE,2429.0,,78,86,-8
200812230CLE,RS,CLE,2450.0,,79,86,-7
200812230CLE,RS,CLE,2450.0,,80,86,-6
200812230CLE,RS,CLE,2475.0,,82,86,-4
200812230CLE,RS,CLE,2475.0,,83,86,-3
200812230CLE,RS,CLE,2546.0,,84,86,-2
200812230CLE,RS,CLE,2546.0,,85,86,-1
200812230CLE,RS,CLE,2588.0,,85,89,-4
200812230CLE,RS,CLE,2666.0,,85,92,-7
200812230CLE,RS,CLE,2682.0,,86,92,-6
200812230CLE,RS,CLE,2682.0,,87,92,-5
200812230CLE,RS,CLE,2715.0,,87,94,-7
200812230CLE,RS,CLE,2743.0,,87,95,-8
200812230CLE,RS,CLE,2743.0,,87,96,-9
200812230CLE,RS,CLE,2748.0,,88,96,-8
200812230CLE,RS,CLE,2748.0,,89,96,-7
200812230CLE,RS,CLE,2851.9,,89,97,-8
200812230CLE,RS,CLE,2851.9,,89,98,-9
200812230CLE,RS,CLE,2860.9,,89,99,-10
200812230CLE,RS,CLE,2860.9,F,90,99,-9
200812230CLE,RS,CLE,2880.0,,90,99,-9
200812260NOH,RS,NOH,0.0,,0,0,0
200812260NOH,RS,NOH,18.0,,0,2,-2
200812260NOH,RS,NOH,45.0,,0,4,-4
200812260NOH,RS,NOH,61.0,,2,4,-2
200812260NOH,RS,NOH,101.0,,2,6,-4
200812260NOH,RS,NOH,196.0,,3,6,-3
200812260NOH,RS,NOH,237.0,,4,6,-2
200812260NOH,RS,NOH,237.0,,5,6,-1
200812260NOH,RS,NOH,245.0,,5,8,-3
200812260NOH,RS,NOH,289.0,,5,10,-5
200812260NOH,RS,NOH,311.0,,7,10,-3
200812260NOH,RS,NOH,342.0,,7,13,-6
200812260NOH,RS,NOH,366.0,,9,13,-4
200812260NOH,RS,NOH,436.0,,10,13,-3
200812260NOH,RS,NOH,436.0,,11,13,-2
200812260NOH,RS,NOH,450.0,,11,15,-4
200812260NOH,RS,NOH,471.0,,13,15,-2
200812260NOH,RS,NOH,489.0,,13,17,-4
200812260NOH,RS,NOH,535.0,,15,17,-2
200812260NOH,RS,NOH,574.0,,15,19,-4
200812260NOH,RS,NOH,592.0,,16,19,-3
200812260NOH,RS,NOH,595.0,,16,20,-4
200812260NOH,RS,NOH,595.0,,16,21,-5
200812260NOH,RS,NOH,612.0,,18,21,-3
200812260NOH,RS,NOH,685.7,,18,22,-4
200812260NOH,RS,NOH,685.7,,18,23,-5
200812260NOH,RS,NOH,818.0,,20,23,-3
200812260NOH,RS,NOH,846.0,,21,23,-2
200812260NOH,RS,NOH,857.0,,21,25,-4
200812260NOH,RS,NOH,876.0,,24,25,-1
200812260NOH,RS,NOH,924.0,,24,26,-2
200812260NOH,RS,NOH,924.0,,24,27,-3
200812260NOH,RS,NOH,938.0,,26,27,-1
200812260NOH,RS,NOH,980.0,,26,28,-2
200812260NOH,RS,NOH,980.0,,26,29,-3
200812260NOH,RS,NOH,1000.0,,28,29,-1
200812260NOH,RS,NOH,1017.0,,28,31,-3
200812260NOH,RS,NOH,1026.0,,30,31,-1
200812260NOH,RS,NOH,1048.0,,30,33,-3
200812260NOH,RS,NOH,1060.0,,32,33,-1
200812260NOH,RS,NOH,1083.0,,32,35,-3
200812260NOH,RS,NOH,1119.0,T,35,35,0
200812260NOH,RS,NOH,1146.0,,35,36,-1
200812260NOH,RS,NOH,1146.0,,35,37,-2
200812260NOH,RS,NOH,1178.0,,35,39,-4
200812260NOH,RS,NOH,1197.0,,37,39,-2
200812260NOH,RS,NOH,1197.0,,38,39,-1
200812260NOH,RS,NOH,1216.0,,38,41,-3
200812260NOH,RS,NOH,1237.0,,40,41,-1
200812260NOH,RS,NOH,1273.0,,40,43,-3
200812260NOH,RS,NOH,1284.0,,42,43,-1
200812260NOH,RS,NOH,1367.0,,42,44,-2
200812260NOH,RS,NOH,1367.0,,42,45,-3
200812260NOH,RS,NOH,1385.6,,43,45,-2
200812260NOH,RS,NOH,1385.6,,44,45,-1
200812260NOH,RS,NOH,1397.1,,44,46,-2
200812260NOH,RS,NOH,1486.0,,44,49,-5
200812260NOH,RS,NOH,1504.0,,46,49,-3
200812260NOH,RS,NOH,1523.0,,46,51,-5
200812260NOH,RS,NOH,1523.0,,46,52,-6
200812260NOH,RS,NOH,1537.0,,49,52,-3
200812260NOH,RS,NOH,1617.0,,49,54,-5
200812260NOH,RS,NOH,1643.0,,49,56,-7
200812260NOH,RS,NOH,1708.0,,49,58,-9
200812260NOH,RS,NOH,1734.0,,51,58,-7
200812260NOH,RS,NOH,1809.0,,53,58,-5
200812260NOH,RS,NOH,1857.0,,56,58,-2
200812260NOH,RS,NOH,1879.0,,56,60,-4
200812260NOH,RS,NOH,1908.0,,56,62,-6
200812260NOH,RS,NOH,1936.0,,58,62,-4
200812260NOH,RS,NOH,1936.0,,59,62,-3
200812260NOH,RS,NOH,1962.0,T,62,62,0
200812260NOH,RS,NOH,2079.0,,62,64,-2
200812260NOH,RS,NOH,2102.0,T,64,64,0
200812260NOH,RS,NOH,2110.8,,64,66,-2
200812260NOH,RS,NOH,2225.0,T,66,66,0
200812260NOH,RS,NOH,2247.0,,66,68,-2
200812260NOH,RS,NOH,2272.0,,66,70,-4
200812260NOH,RS,NOH,2353.0,,68,70,-2
200812260NOH,RS,NOH,2404.0,,68,72,-4
200812260NOH,RS,NOH,2411.0,,69,72,-3
200812260NOH,RS,NOH,2456.0,,69,75,-6
200812260NOH,RS,NOH,2482.0,,70,75,-5
200812260NOH,RS,NOH,2482.0,,71,75,-4
200812260NOH,RS,NOH,2597.0,,72,75,-3
200812260NOH,RS,NOH,2659.0,,72,77,-5
200812260NOH,RS,NOH,2684.0,,73,77,-4
200812260NOH,RS,NOH,2684.0,,74,77,-3
200812260NOH,RS,NOH,2728.0,,74,79,-5
200812260NOH,RS,NOH,2751.0,,75,79,-4
200812260NOH,RS,NOH,2751.0,,76,79,-3
200812260NOH,RS,NOH,2774.0,,76,81,-5
200812260NOH,RS,NOH,2824.7,,76,83,-7
200812260NOH,RS,NOH,2829.7,,77,83,-6
200812260NOH,RS,NOH,2829.7,,78,83,-5
200812260NOH,RS,NOH,2829.7,,79,83,-4
200812260NOH,RS,NOH,2856.3,,79,84,-5
200812260NOH,RS,NOH,2856.3,,79,85,-6
200812260NOH,RS,NOH,2862.0,,79,86,-7
200812260NOH,RS,NOH,2862.0,,79,87,-8
200812260NOH,RS,NOH,2870.8,F,79,88,-9
200812260NOH,RS,NOH,2880.0,,79,88,-9
200812270HOU,RS,UTA,0.0,,0,0,0
200812270HOU,RS,UTA,24.0,,0,2,-2
200812270HOU,RS,UTA,37.0,,1,2,-1
200812270HOU,RS,UTA,69.0,LC,3,2,1
200812270HOU,RS,UTA,85.0,LC,3,4,-1
200812270HOU,RS,UTA,101.0,LC,5,4,1
200812270HOU,RS,UTA,120.0,,8,4,4
200812270HOU,RS,UTA,140.0,,8,6,2
200812270HOU,RS,UTA,185.0,T,8,8,0
200812270HOU,RS,UTA,219.0,,10,8,2
200812270HOU,RS,UTA,248.0,,11,8,3
200812270HOU,RS,UTA,248.0,,12,8,4
200812270HOU,RS,UTA,282.0,,13,8,5
200812270HOU,RS,UTA,300.0,,16,8,8
200812270HOU,RS,UTA,358.0,,16,10,6
200812270HOU,RS,UTA,373.0,,18,10,8
200812270HOU,RS,UTA,403.0,,20,10,10
200812270HOU,RS,UTA,422.0,,20,13,7
200812270HOU,RS,UTA,446.0,,20,15,5
200812270HOU,RS,UTA,461.0,,23,15,8
200812270HOU,RS,UTA,483.0,,23,16,7
200812270HOU,RS,UTA,483.0,,23,17,6
200812270HOU,RS,UTA,506.0,,25,17,8
200812270HOU,RS,UTA,540.0,,27,17,10
200812270HOU,RS,UTA,587.0,,27,20,7
200812270HOU,RS,UTA,640.0,,29,20,9
200812270HOU,RS,UTA,640.0,,30,20,10
200812270HOU,RS,UTA,661.0,,30,23,7
200812270HOU,RS,UTA,674.7,,31,23,8
200812270HOU,RS,UTA,690.5,,31,24,7
200812270HOU,RS,UTA,711.3,,34,24,10
200812270HOU,RS,UTA,759.0,,34,26,8
200812270HOU,RS,UTA,813.0,,36,26,10
200812270HOU,RS,UTA,881.0,,39,26,13
200812270HOU,RS,UTA,896.0,,39,28,11
200812270HOU,RS,UTA,923.0,,39,29,10
200812270HOU,RS,UTA,945.0,,41,29,12
200812270HOU,RS,UTA,965.0,,41,31,10
200812270HOU,RS,UTA,990.0,,41,33,8
200812270HOU,RS,UTA,1011.0,,43,33,10
200812270HOU,RS,UTA,1103.0,,43,35,8
200812270HOU,RS,UTA,1127.0,,45,35,10
200812270HOU,RS,UTA,1149.0,,45,36,9
200812270HOU,RS,UTA,1149.0,,45,37,8
200812270HOU,RS,UTA,1185.0,,47,37,10
200812270HOU,RS,UTA,1209.0,,50,37,13
200812270HOU,RS,UTA,1225.0,,50,39,11
200812270HOU,RS,UTA,1248.0,,52,39,13
200812270HOU,RS,UTA,1312.0,,54,39,15
200812270HOU,RS,UTA,1352.0,,54,41,13
200812270HOU,RS,UTA,1380.0,,56,41,15
200812270HOU,RS,UTA,1393.8,,56,43,13
200812270HOU,RS,UTA,1462.0,,59,43,16
200812270HOU,RS,UTA,1504.0,,59,45,14
200812270HOU,RS,UTA,1511.0,,59,47,12
200812270HOU,RS,UTA,1554.0,,61,47,14
200812270HOU,RS,UTA,1568.0,,61,49,12
200812270HOU,RS,UTA,1578.0,,64,49,15
200812270HOU,RS,UTA,1633.0,,64,51,13
200812270HOU,RS,UTA,1656.0,,64,53,11
200812270HOU,RS,UTA,1690.0,,66,53,13
200812270HOU,RS,UTA,1712.0,,66,55,11
200812270HOU,RS,UTA,1744.0,,68,55,13
200812270HOU,RS,UTA,1766.0,,68,57,11
200812270HOU,RS,UTA,1795.0,,68,59,9
200812270HOU,RS,UTA,1852.0,,69,59,10
200812270HOU,RS,UTA,1880.0,,70,59,11
200812270HOU,RS,UTA,1880.0,,71,59,12
200812270HOU,RS,UTA,1902.0,,73,59,14
200812270HOU,RS,UTA,1918.0,,73,61,12
200812270HOU,RS,UTA,1940.0,,73,63,10
200812270HOU,RS,UTA,1973.0,,73,64,9
200812270HOU,RS,UTA,1973.0,,73,65,8
200812270HOU,RS,UTA,1994.0,,76,65,11
200812270HOU,RS,UTA,2032.0,,78,65,13
200812270HOU,RS,UTA,2074.0,,78,67,11
200812270HOU,RS,UTA,2130.9,,78,70,8
200812270HOU,RS,UTA,2156.2,,80,70,10
200812270HOU,RS,UTA,2173.0,,80,72,8
200812270HOU,RS,UTA,2209.0,,80,74,6
200812270HOU,RS,UTA,2225.0,,83,74,9
200812270HOU,RS,UTA,2285.0,,86,74,12
200812270HOU,RS,UTA,2301.0,,86,76,10
200812270HOU,RS,UTA,2362.0,,86,78,8
200812270HOU,RS,UTA,2379.0,,87,78,9
200812270HOU,RS,UTA,2421.0,,87,80,7
200812270HOU,RS,UTA,2444.0,,88,80,8
200812270HOU,RS,UTA,2444.0,,89,80,9
200812270HOU,RS,UTA,2496.0,,89,82,7
200812270HOU,RS,UTA,2620.0,,89,83,6
200812270HOU,RS,UTA,2620.0,,89,84,5
200812270HOU,RS,UTA,2662.0,,89,86,3
200812270HOU,RS,UTA,2721.0,,91,86,5
200812270HOU,RS,UTA,2736.0,,91,88,3
200812270HOU,RS,UTA,2779.0,,91,90,1
200812270HOU,RS,UTA,2802.0,,92,90,2
200812270HOU,RS,UTA,2802.0,,93,90,3
200812270HOU,RS,UTA,2855.9,,93,92,1
200812270HOU,RS,UTA,2861.3,,94,92,2
200812270HOU,RS,UTA,2861.3,,95,92,3
200812270HOU,RS,UTA,2863.9,,95,94,1
200812270HOU,RS,UTA,2864.6,,96,94,2
200812270HOU,RS,UTA,2867.2,T,96,96,0
200812270HOU,RS,UTA,2981.0,LC,96,98,-2
200812270HOU,RS,UTA,3045.0,T,98,98,0
200812270HOU,RS,UTA,3122.4,LC,101,98,3
200812270HOU,RS,UTA,3135.2,,101,100,1
200812270HOU,RS,UTA,3171.5,T,101,101,0
200812270HOU,RS,UTA,3197.0,,102,101,1
200812270HOU,RS,UTA,3197.0,,103,101,2
200812270HOU,RS,UTA,3236.0,,104,101,3
200812270HOU,RS,UTA,3236.0,,105,101,4
200812270HOU,RS,UTA,3248.0,,105,102,3
200812270HOU,RS,UTA,3275.0,,107,102,5
200812270HOU,RS,UTA,3275.0,,108,102,6
200812270HOU,RS,UTA,3290.0,,108,105,3
200812270HOU,RS,UTA,3312.0,,110,105,5
200812270HOU,RS,UTA,3330.0,,110,107,3
200812270HOU,RS,UTA,3350.0,,111,107,4
200812270HOU,RS,UTA,3350.0,,112,107,5
200812270HOU,RS,UTA,3406.0,,113,107,6
200812270HOU,RS,UTA,3406.0,,114,107,7
200812270HOU,RS,UTA,3427.5,,115,107,8
200812270HOU,RS,UTA,3427.5,,116,107,9
200812270HOU,RS,UTA,3434.5,,116,109,7
200812270HOU,RS,UTA,3442.1,,117,109,8
200812270HOU,RS,UTA,3451.2,,117,111,6
200812270HOU,RS,UTA,3453.4,,118,111,7
200812270HOU,RS,UTA,3453.4,,119,111,8
200812270HOU,RS,UTA,3473.1,,119,113,6
200812270HOU,RS,UTA,3473.6,,120,113,7
200812270HOU,RS,UTA,3480.0,,120,115,5
200812270HOU,RS,UTA,3480.0,F,120,115,5
200812290HOU,RS,WAS,0.0,,0,0,0
200812290HOU,RS,WAS,29.0,,0,2,-2
200812290HOU,RS,WAS,60.0,LC,3,2,1
200812290HOU,RS,WAS,97.0,LC,3,4,-1
200812290HOU,RS,WAS,112.0,LC,5,4,1
200812290HOU,RS,WAS,208.0,T,5,5,0
200812290HOU,RS,WAS,208.0,LC,5,6,-1
200812290HOU,RS,WAS,245.0,T,6,6,0
200812290HOU,RS,WAS,245.0,LC,7,6,1
200812290HOU,RS,WAS,255.0,LC,7,8,-1
200812290HOU,RS,WAS,276.0,T,8,8,0
200812290HOU,RS,WAS,276.0,LC,9,8,1
200812290HOU,RS,WAS,289.0,T,9,9,0
200812290HOU,RS,WAS,289.0,LC,9,10,-1
200812290HOU,RS,WAS,311.0,,9,12,-3
200812290HOU,RS,WAS,331.0,,11,12,-1
200812290HOU,RS,WAS,397.0,LC,14,12,2
200812290HOU,RS,WAS,416.0,T,14,14,0
200812290HOU,RS,WAS,429.0,,16,14,2
200812290HOU,RS,WAS,486.0,,18,14,4
200812290HOU,RS,WAS,576.0,,18,16,2
200812290HOU,RS,WAS,632.0,,18,17,1
200812290HOU,RS,WAS,659.0,,20,17,3
200812290HOU,RS,WAS,677.3,,20,19,1
200812290HOU,RS,WAS,695.8,LC,20,21,-1
200812290HOU,RS,WAS,714.8,T,21,21,0
200812290HOU,RS,WAS,714.8,LC,22,21,1
200812290HOU,RS,WAS,736.0,LC,22,23,-1
200812290HOU,RS,WAS,772.0,,22,25,-3
200812290HOU,RS,WAS,817.0,,22,27,-5
200812290HOU,RS,WAS,871.0,,24,27,-3
200812290HOU,RS,WAS,1033.0,T,27,27,0
200812290HOU,RS,WAS,1041.0,,27,29,-2
200812290HOU,RS,WAS,1065.0,,27,32,-5
200812290HOU,RS,WAS,1079.0,,27,34,-7
200812290HOU,RS,WAS,1102.0,,27,36,-9
200812290HOU,RS,WAS,1157.0,,27,38,-11
200812290HOU,RS,WAS,1175.0,,29,38,-9
200812290HOU,RS,WAS,1215.0,,29,39,-10
200812290HOU,RS,WAS,1241.0,,31,39,-8
200812290HOU,RS,WAS,1328.0,,33,39,-6
200812290HOU,RS,WAS,1346.0,,33,40,-7
200812290HOU,RS,WAS,1346.0,,33,41,-8
200812290HOU,RS,WAS,1369.0,,33,43,-10
200812290HOU,RS,WAS,1401.2,,33,45,-12
200812290HOU,RS,WAS,1415.9,,34,45,-11
200812290HOU,RS,WAS,1415.9,,35,45,-10
200812290HOU,RS,WAS,1439.7,,36,45,-9
200812290HOU,RS,WAS,1458.0,,36,47,-11
200812290HOU,RS,WAS,1506.0,,38,47,-9
200812290HOU,RS,WAS,1527.0,,38,49,-11
200812290HOU,RS,WAS,1542.0,,40,49,-9
200812290HOU,RS,WAS,1593.0,,40,51,-11
200812290HOU,RS,WAS,1610.0,,42,51,-9
200812290HOU,RS,WAS,1639.0,,44,51,-7
200812290HOU,RS,WAS,1661.0,,44,53,-9
200812290HOU,RS,WAS,1679.0,,46,53,-7
200812290HOU,RS,WAS,1723.0,,46,55,-9
200812290HOU,RS,WAS,1761.0,,49,55,-6
200812290HOU,RS,WAS,1783.0,,49,57,-8
200812290HOU,RS,WAS,1798.0,,50,57,-7
200812290HOU,RS,WAS,1798.0,,51,57,-6
200812290HOU,RS,WAS,1815.0,,51,59,-8
200812290HOU,RS,WAS,1874.0,,51,61,-10
200812290HOU,RS,WAS,1916.0,,53,61,-8
200812290HOU,RS,WAS,1944.0,,53,63,-10
200812290HOU,RS,WAS,1957.0,,55,63,-8
200812290HOU,RS,WAS,1979.0,,55,65,-10
200812290HOU,RS,WAS,1996.0,,57,65,-8
200812290HOU,RS,WAS,2017.0,,57,66,-9
200812290HOU,RS,WAS,2017.0,,57,67,-10
200812290HOU,RS,WAS,2051.0,,60,67,-7
200812290HOU,RS,WAS,2071.0,,60,69,-9
200812290HOU,RS,WAS,2071.0,,60,70,-10
200812290HOU,RS,WAS,2116.3,,60,71,-11
200812290HOU,RS,WAS,2116.3,,60,72,-12
200812290HOU,RS,WAS,2140.4,,62,72,-10
200812290HOU,RS,WAS,2176.0,,64,72,-8
200812290HOU,RS,WAS,2200.0,,64,74,-10
200812290HOU,RS,WAS,2210.0,,65,74,-9
200812290HOU,RS,WAS,2210.0,,66,74,-8
200812290HOU,RS,WAS,2250.0,,68,74,-6
200812290HOU,RS,WAS,2289.0,,71,74,-3
200812290HOU,RS,WAS,2322.0,,72,74,-2
200812290HOU,RS,WAS,2334.0,LC,75,74,1
200812290HOU,RS,WAS,2351.0,LC,75,76,-1
200812290HOU,RS,WAS,2399.0,T,76,76,0
200812290HOU,RS,WAS,2399.0,LC,77,76,1
200812290HOU,RS,WAS,2440.0,,79,76,3
200812290HOU,RS,WAS,2461.0,,79,78,1
200812290HOU,RS,WAS,2502.0,,81,78,3
200812290HOU,RS,WAS,2522.0,,81,80,1
200812290HOU,RS,WAS,2544.0,,83,80,3
200812290HOU,RS,WAS,2562.0,,83,82,1
200812290HOU,RS,WAS,2598.0,,85,82,3
200812290HOU,RS,WAS,2650.0,,85,84,1
200812290HOU,RS,WAS,2689.0,T,85,85,0
200812290HOU,RS,WAS,2689.0,LC,85,86,-1
200812290HOU,RS,WAS,2808.0,,85,88,-3
200812290HOU,RS,WAS,2840.9,,85,89,-4
200812290HOU,RS,WAS,2847.9,F,87,89,-2
200812290HOU,RS,WAS,2880.0,,87,89,-2
200812310HOU,RS,MIL,0.0,,0,0,0
200812310HOU,RS,MIL,29.0,,2,0,2
200812310HOU,RS,MIL,46.0,,2,1,1
200812310HOU,RS,MIL,65.0,,4,1,3
200812310HOU,RS,MIL,106.0,,4,3,1
200812310HOU,RS,MIL,125.0,,6,3,3
200812310HOU,RS,MIL,140.0,T,6,6,0
200812310HOU,RS,MIL,172.0,,8,6,2
200812310HOU,RS,MIL,214.0,,10,6,4
200812310HOU,RS,MIL,222.0,,10,8,2
200812310HOU,RS,MIL,243.0,,12,8,4
200812310HOU,RS,MIL,294.0,,12,10,2
200812310HOU,RS,MIL,343.0,,13,10,3
200812310HOU,RS,MIL,343.0,,14,10,4
200812310HOU,RS,MIL,363.0,,14,13,1
200812310HOU,RS,MIL,375.0,,16,13,3
200812310HOU,RS,MIL,395.0,,16,15,1
200812310HOU,RS,MIL,427.0,T,16,16,0
200812310HOU,RS,MIL,427.0,LC,16,17,-1
200812310HOU,RS,MIL,481.0,T,17,17,0
200812310HOU,RS,MIL,481.0,LC,18,17,1
200812310HOU,RS,MIL,533.0,,20,17,3
200812310HOU,RS,MIL,570.0,,22,17,5
200812310HOU,RS,MIL,632.0,,23,17,6
200812310HOU,RS,MIL,644.0,,23,19,4
200812310HOU,RS,MIL,660.0,,25,19,6
200812310HOU,RS,MIL,698.5,,26,19,7
200812310HOU,RS,MIL,698.5,,27,19,8
200812310HOU,RS,MIL,714.7,,27,22,5
200812310HOU,RS,MIL,783.0,,27,24,3
200812310HOU,RS,MIL,808.0,,29,24,5
200812310HOU,RS,MIL,885.0,,31,24,7
200812310HOU,RS,MIL,923.0,,33,24,9
200812310HOU,RS,MIL,923.0,,34,24,10
200812310HOU,RS,MIL,972.0,,36,24,12
200812310HOU,RS,MIL,995.0,,36,26,10
200812310HOU,RS,MIL,1043.0,,39,26,13
200812310HOU,RS,MIL,1092.0,,39,28,11
200812310HOU,RS,MIL,1193.0,,42,28,14
200812310HOU,RS,MIL,1214.0,,42,29,13
200812310HOU,RS,MIL,1214.0,,42,30,12
200812310HOU,RS,MIL,1244.0,,43,30,13
200812310HOU,RS,MIL,1244.0,,44,30,14
200812310HOU,RS,MIL,1266.0,,45,30,15
200812310HOU,RS,MIL,1325.0,,45,33,12
200812310HOU,RS,MIL,1389.8,,45,36,9
200812310HOU,RS,MIL,1410.5,,47,36,11
200812310HOU,RS,MIL,1462.0,,49,36,13
200812310HOU,RS,MIL,1491.0,,49,38,11
200812310HOU,RS,MIL,1559.0,,49,40,9
200812310HOU,RS,MIL,1587.0,,49,42,7
200812310HOU,RS,MIL,1618.0,,49,44,5
200812310HOU,RS,MIL,1653.0,,49,46,3
200812310HOU,RS,MIL,1717.0,,49,48,1
200812310HOU,RS,MIL,1751.0,,51,48,3
200812310HOU,RS,MIL,1773.0,,51,50,1
200812310HOU,RS,MIL,1794.0,,54,50,4
200812310HOU,RS,MIL,1806.0,,54,51,3
200812310HOU,RS,MIL,1806.0,,54,52,2
200812310HOU,RS,MIL,1825.0,,56,52,4
200812310HOU,RS,MIL,1858.0,,58,52,6
200812310HOU,RS,MIL,1874.0,,58,54,4
200812310HOU,RS,MIL,1937.0,,60,54,6
200812310HOU,RS,MIL,1959.0,,60,55,5
200812310HOU,RS,MIL,1959.0,,60,56,4
200812310HOU,RS,MIL,2017.0,,60,58,2
200812310HOU,RS,MIL,2107.6,,63,58,5
200812310HOU,RS,MIL,2136.0,,65,58,7
200812310HOU,RS,MIL,2155.8,,65,60,5
200812310HOU,RS,MIL,2209.0,,67,60,7
200812310HOU,RS,MIL,2226.0,,67,61,6
200812310HOU,RS,MIL,2301.0,,69,61,8
200812310HOU,RS,MIL,2336.0,,71,61,10
200812310HOU,RS,MIL,2396.0,,72,61,11
200812310HOU,RS,MIL,2406.0,,72,63,9
200812310HOU,RS,MIL,2460.0,,74,63,11
200812310HOU,RS,MIL,2477.0,,74,65,9
200812310HOU,RS,MIL,2549.0,,74,67,7
200812310HOU,RS,MIL,2601.0,,74,69,5
200812310HOU,RS,MIL,2640.0,,74,72,2
200812310HOU,RS,MIL,2660.0,,76,72,4
200812310HOU,RS,MIL,2684.0,,76,74,2
200812310HOU,RS,MIL,2697.0,,77,74,3
200812310HOU,RS,MIL,2697.0,,78,74,4
200812310HOU,RS,MIL,2710.0,,78,75,3
200812310HOU,RS,MIL,2744.0,,78,77,1
200812310HOU,RS,MIL,2842.9,,79,77,2
200812310HOU,RS,MIL,2842.9,,80,77,3
200812310HOU,RS,MIL,2857.6,,81,77,4
200812310HOU,RS,MIL,2857.6,,82,77,5
200812310HOU,RS,MIL,2862.4,,82,79,3
200812310HOU,RS,MIL,2863.5,,83,79,4
200812310HOU,RS,MIL,2873.1,,84,79,5
200812310HOU,RS,MIL,2873.1,,85,79,6
200812310HOU,RS,MIL,2876.1,F,85,81,4
200812310HOU,RS,MIL,2880.0,,85,81,4
200901020TOR,RS,TOR,0.0,,0,0,0
200901020TOR,RS,TOR,16.0,,0,2,-2
200901020TOR,RS,TOR,85.0,,0,4,-4
200901020TOR,RS,TOR,133.0,,2,4,-2
200901020TOR,RS,TOR,183.0,,2,6,-4
200901020TOR,RS,TOR,211.0,,4,6,-2
200901020TOR,RS,TOR,232.0,,4,9,-5
200901020TOR,RS,TOR,253.0,,6,9,-3
200901020TOR,RS,TOR,306.0,,8,9,-1
200901020TOR,RS,TOR,323.0,,8,11,-3
200901020TOR,RS,TOR,340.0,,10,11,-1
200901020TOR,RS,TOR,381.0,LC,12,11,1
200901020TOR,RS,TOR,397.0,LC,12,13,-1
200901020TOR,RS,TOR,529.0,,12,15,-3
200901020TOR,RS,TOR,577.0,,12,17,-5
200901020TOR,RS,TOR,594.0,,12,18,-6
200901020TOR,RS,TOR,618.0,,14,18,-4
200901020TOR,RS,TOR,631.0,,14,20,-6
200901020TOR,RS,TOR,661.1,,14,22,-8
200901020TOR,RS,TOR,681.1,,14,24,-10
200901020TOR,RS,TOR,718.4,,14,25,-11
200901020TOR,RS,TOR,741.0,,16,25,-9
200901020TOR,RS,TOR,761.0,,16,27,-11
200901020TOR,RS,TOR,790.0,,19,27,-8
200901020TOR,RS,TOR,821.0,,22,27,-5
200901020TOR,RS,TOR,842.0,,22,29,-7
200901020TOR,RS,TOR,943.0,,24,29,-5
200901020TOR,RS,TOR,994.0,,27,29,-2
200901020TOR,RS,TOR,1032.0,,27,31,-4
200901020TOR,RS,TOR,1048.0,,30,31,-1
200901020TOR,RS,TOR,1092.0,,30,33,-3
200901020TOR,RS,TOR,1167.0,,30,35,-5
200901020TOR,RS,TOR,1195.0,,30,36,-6
200901020TOR,RS,TOR,1234.0,,30,37,-7
200901020TOR,RS,TOR,1248.0,,31,37,-6
200901020TOR,RS,TOR,1248.0,,32,37,-5
200901020TOR,RS,TOR,1259.0,,32,39,-7
200901020TOR,RS,TOR,1289.0,,32,41,-9
200901020TOR,RS,TOR,1304.0,,34,41,-7
200901020TOR,RS,TOR,1342.0,,34,44,-10
200901020TOR,RS,TOR,1381.9,,35,44,-9
200901020TOR,RS,TOR,1392.1,,35,46,-11
200901020TOR,RS,TOR,1398.8,,36,46,-10
200901020TOR,RS,TOR,1405.1,,36,48,-12
200901020TOR,RS,TOR,1412.1,,38,48,-10
200901020TOR,RS,TOR,1523.0,,38,50,-12
200901020TOR,RS,TOR,1584.0,,38,52,-14
200901020TOR,RS,TOR,1598.0,,40,52,-12
200901020TOR,RS,TOR,1617.0,,40,54,-14
200901020TOR,RS,TOR,1659.0,,40,57,-17
200901020TOR,RS,TOR,1744.0,,42,57,-15
200901020TOR,RS,TOR,1862.0,,42,59,-17
200901020TOR,RS,TOR,1885.0,,44,59,-15
200901020TOR,RS,TOR,1951.0,,44,60,-16
200901020TOR,RS,TOR,1951.0,,44,61,-17
200901020TOR,RS,TOR,1965.0,,47,61,-14
200901020TOR,RS,TOR,1991.0,,47,63,-16
200901020TOR,RS,TOR,2064.0,,47,64,-17
200901020TOR,RS,TOR,2083.0,,47,66,-19
200901020TOR,RS,TOR,2094.0,,48,66,-18
200901020TOR,RS,TOR,2094.0,,49,66,-17
200901020TOR,RS,TOR,2157.1,,49,68,-19
200901020TOR,RS,TOR,2179.0,,49,70,-21
200901020TOR,RS,TOR,2231.0,,51,70,-19
200901020TOR,RS,TOR,2251.0,,51,71,-20
200901020TOR,RS,TOR,2270.0,,53,71,-18
200901020TOR,RS,TOR,2309.0,,53,72,-19
200901020TOR,RS,TOR,2309.0,,53,73,-20
200901020TOR,RS,TOR,2345.0,,53,75,-22
200901020TOR,RS,TOR,2371.0,,55,75,-20
200901020TOR,RS,TOR,2410.0,,55,78,-23
200901020TOR,RS,TOR,2439.0,,56,78,-22
200901020TOR,RS,TOR,2439.0,,57,78,-21
200901020TOR,RS,TOR,2467.0,,57,80,-23
200901020TOR,RS,TOR,2493.0,,57,82,-25
200901020TOR,RS,TOR,2504.0,,59,82,-23
200901020TOR,RS,TOR,2525.0,,59,84,-25
200901020TOR,RS,TOR,2555.0,,59,86,-27
200901020TOR,RS,TOR,2578.0,,61,86,-25
200901020TOR,RS,TOR,2628.0,,63,86,-23
200901020TOR,RS,TOR,2684.0,,64,86,-22
200901020TOR,RS,TOR,2694.0,,64,88,-24
200901020TOR,RS,TOR,2732.0,,64,90,-26
200901020TOR,RS,TOR,2754.0,,67,90,-23
200901020TOR,RS,TOR,2767.0,,67,92,-25
200901020TOR,RS,TOR,2795.0,,67,94,-27
200901020TOR,RS,TOR,2832.7,,68,94,-26
200901020TOR,RS,TOR,2839.1,,71,94,-23
200901020TOR,RS,TOR,2864.7,F,73,94,-21
200901020TOR,RS,TOR,2880.0,,73,94,-21
200901030ATL,RS,ATL,0.0,,0,0,0
200901030ATL,RS,ATL,35.0,,0,2,-2
200901030ATL,RS,ATL,35.0,,0,3,-3
200901030ATL,RS,ATL,46.0,,2,3,-1
200901030ATL,RS,ATL,77.0,LC,5,3,2
200901030ATL,RS,ATL,93.0,T,5,5,0
200901030ATL,RS,ATL,119.0,,7,5,2
200901030ATL,RS,ATL,143.0,,9,5,4
200901030ATL,RS,ATL,159.0,,9,7,2
200901030ATL,RS,ATL,176.0,,12,7,5
200901030ATL,RS,ATL,224.0,,12,10,2
200901030ATL,RS,ATL,265.0,,12,11,1
200901030ATL,RS,ATL,265.0,T,12,12,0
200901030ATL,RS,ATL,283.0,,14,12,2
200901030ATL,RS,ATL,310.0,,16,12,4
200901030ATL,RS,ATL,340.0,,18,12,6
200901030ATL,RS,ATL,353.0,,18,13,5
200901030ATL,RS,ATL,353.0,,18,14,4
200901030ATL,RS,ATL,374.0,,20,14,6
200901030ATL,RS,ATL,425.0,,20,16,4
200901030ATL,RS,ATL,452.0,,21,16,5
200901030ATL,RS,ATL,472.0,,21,18,3
200901030ATL,RS,ATL,541.0,,21,20,1
200901030ATL,RS,ATL,558.0,,23,20,3
200901030ATL,RS,ATL,588.0,,23,22,1
200901030ATL,RS,ATL,632.0,,25,22,3
200901030ATL,RS,ATL,685.5,,26,22,4
200901030ATL,RS,ATL,685.5,,27,22,5
200901030ATL,RS,ATL,738.0,,28,22,6
200901030ATL,RS,ATL,738.0,,29,22,7
200901030ATL,RS,ATL,758.0,,29,24,5
200901030ATL,RS,ATL,800.0,,29,26,3
200901030ATL,RS,ATL,818.0,,31,26,5
200901030ATL,RS,ATL,838.0,,31,28,3
200901030ATL,RS,ATL,872.0,,32,28,4
200901030ATL,RS,ATL,872.0,,33,28,5
200901030ATL,RS,ATL,885.0,,33,30,3
200901030ATL,RS,ATL,973.0,,33,31,2
200901030ATL,RS,ATL,973.0,,33,32,1
200901030ATL,RS,ATL,1013.0,T,33,33,0
200901030ATL,RS,ATL,1013.0,LC,33,34,-1
200901030ATL,RS,ATL,1053.0,,33,36,-3
200901030ATL,RS,ATL,1076.0,,35,36,-1
200901030ATL,RS,ATL,1088.0,,35,38,-3
200901030ATL,RS,ATL,1112.0,,37,38,-1
200901030ATL,RS,ATL,1123.0,,37,40,-3
200901030ATL,RS,ATL,1169.0,,39,40,-1
200901030ATL,RS,ATL,1195.0,,39,42,-3
200901030ATL,RS,ATL,1222.0,,39,44,-5
200901030ATL,RS,ATL,1244.0,,39,46,-7
200901030ATL,RS,ATL,1266.0,,39,48,-9
200901030ATL,RS,ATL,1291.0,,41,48,-7
200901030ATL,RS,ATL,1308.0,,41,50,-9
200901030ATL,RS,ATL,1377.0,,44,50,-6
200901030ATL,RS,ATL,1395.2,,44,52,-8
200901030ATL,RS,ATL,1407.7,,46,52,-6
200901030ATL,RS,ATL,1424.7,,46,54,-8
200901030ATL,RS,ATL,1478.0,,49,54,-5
200901030ATL,RS,ATL,1508.0,,51,54,-3
200901030ATL,RS,ATL,1630.0,,51,56,-5
200901030ATL,RS,ATL,1649.0,,54,56,-2
200901030ATL,RS,ATL,1677.0,,55,56,-1
200901030ATL,RS,ATL,1694.0,,55,58,-3
200901030ATL,RS,ATL,1719.0,T,58,58,0
200901030ATL,RS,ATL,1742.0,,58,60,-2
200901030ATL,RS,ATL,1780.0,,58,62,-4
200901030ATL,RS,ATL,1799.0,,60,62,-2
200901030ATL,RS,ATL,1836.0,T,62,62,0
200901030ATL,RS,ATL,1861.0,,62,65,-3
200901030ATL,RS,ATL,1882.0,,63,65,-2
200901030ATL,RS,ATL,1882.0,,64,65,-1
200901030ATL,RS,ATL,1904.0,,64,67,-3
200901030ATL,RS,ATL,1904.0,,64,68,-4
200901030ATL,RS,ATL,1929.0,,66,68,-2
200901030ATL,RS,ATL,1953.0,,66,70,-4
200901030ATL,RS,ATL,1972.0,,69,70,-1
200901030ATL,RS,ATL,1987.0,,69,71,-2
200901030ATL,RS,ATL,1987.0,,69,72,-3
200901030ATL,RS,ATL,2005.0,,70,72,-2
200901030ATL,RS,ATL,2005.0,,71,72,-1
200901030ATL,RS,ATL,2016.0,,71,74,-3
200901030ATL,RS,ATL,2016.0,,71,75,-4
200901030ATL,RS,ATL,2039.0,,72,75,-3
200901030ATL,RS,ATL,2039.0,,73,75,-2
200901030ATL,RS,ATL,2059.0,,73,77,-4
200901030ATL,RS,ATL,2099.0,,73,79,-6
200901030ATL,RS,ATL,2115.8,,75,79,-4
200901030ATL,RS,ATL,2158.4,,77,79,-2
200901030ATL,RS,ATL,2198.0,T,79,79,0
200901030ATL,RS,ATL,2214.0,,79,81,-2
200901030ATL,RS,ATL,2252.0,,79,83,-4
200901030ATL,RS,ATL,2318.0,,82,83,-1
200901030ATL,RS,ATL,2358.0,LC,85,83,2
200901030ATL,RS,ATL,2378.0,T,85,85,0
200901030ATL,RS,ATL,2397.0,,86,85,1
200901030ATL,RS,ATL,2397.0,,87,85,2
200901030ATL,RS,ATL,2447.0,,89,85,4
200901030ATL,RS,ATL,2466.0,,89,87,2
200901030ATL,RS,ATL,2487.0,,91,87,4
200901030ATL,RS,ATL,2506.0,,91,89,2
200901030ATL,RS,ATL,2541.0,T,91,91,0
200901030ATL,RS,ATL,2560.0,,93,91,2
200901030ATL,RS,ATL,2578.0,T,93,93,0
200901030ATL,RS,ATL,2598.0,,95,93,2
200901030ATL,RS,ATL,2598.0,,96,93,3
200901030ATL,RS,ATL,2610.0,T,96,96,0
200901030ATL,RS,ATL,2648.0,LC,96,98,-2
200901030ATL,RS,ATL,2667.0,,96,100,-4
200901030ATL,RS,ATL,2794.0,,98,100,-2
200901030ATL,RS,ATL,2828.0,T,100,100,0
200901030ATL,RS,ATL,2878.5,F,100,103,-3
200901030ATL,RS,ATL,2880.0,,100,103,-3
200901060PHI,RS,PHI,0.0,,0,0,0
200901060PHI,RS,PHI,19.0,,0,2,-2
200901060PHI,RS,PHI,32.0,,1,2,-1
200901060PHI,RS,PHI,49.0,,1,4,-3
200901060PHI,RS,PHI,93.0,,3,4,-1
200901060PHI,RS,PHI,111.0,LC,5,4,1
200901060PHI,RS,PHI,111.0,,6,4,2
200901060PHI,RS,PHI,131.0,T,6,6,0
200901060PHI,RS,PHI,167.0,LC,6,8,-2
200901060PHI,RS,PHI,185.0,,7,8,-1
200901060PHI,RS,PHI,185.0,T,8,8,0
200901060PHI,RS,PHI,202.0,,8,10,-2
200901060PHI,RS,PHI,220.0,T,10,10,0
200901060PHI,RS,PHI,237.0,,10,12,-2
200901060PHI,RS,PHI,259.0,T,12,12,0
200901060PHI,RS,PHI,283.0,,12,14,-2
200901060PHI,RS,PHI,308.0,LC,15,14,1
200901060PHI,RS,PHI,349.0,LC,15,16,-1
200901060PHI,RS,PHI,372.0,LC,17,16,1
200901060PHI,RS,PHI,403.0,,19,16,3
200901060PHI,RS,PHI,436.0,,21,16,5
200901060PHI,RS,PHI,509.0,,21,17,4
200901060PHI,RS,PHI,537.0,,21,19,2
200901060PHI,RS,PHI,553.0,,23,19,4
200901060PHI,RS,PHI,601.0,,23,21,2
200901060PHI,RS,PHI,614.0,,24,21,3
200901060PHI,RS,PHI,614.0,,25,21,4
200901060PHI,RS,PHI,630.0,,25,22,3
200901060PHI,RS,PHI,630.0,,25,23,2
200901060PHI,RS,PHI,645.0,,26,23,3
200901060PHI,RS,PHI,645.0,,27,23,4
200901060PHI,RS,PHI,711.3,,27,24,3
200901060PHI,RS,PHI,738.0,,29,24,5
200901060PHI,RS,PHI,754.0,,29,26,3
200901060PHI,RS,PHI,774.0,,29,27,2
200901060PHI,RS,PHI,792.0,T,29,29,0
200901060PHI,RS,PHI,827.0,,31,29,2
200901060PHI,RS,PHI,869.0,,31,30,1
200901060PHI,RS,PHI,880.0,LC,31,33,-2
200901060PHI,RS,PHI,894.0,LC,34,33,1
200901060PHI,RS,PHI,921.0,LC,34,35,-1
200901060PHI,RS,PHI,949.0,LC,36,35,1
200901060PHI,RS,PHI,962.0,LC,36,37,-1
200901060PHI,RS,PHI,1003.0,,36,40,-4
200901060PHI,RS,PHI,1029.0,,36,42,-6
200901060PHI,RS,PHI,1062.0,,36,43,-7
200901060PHI,RS,PHI,1076.0,,39,43,-4
200901060PHI,RS,PHI,1090.0,,39,45,-6
200901060PHI,RS,PHI,1107.0,,40,45,-5
200901060PHI,RS,PHI,1107.0,,41,45,-4
200901060PHI,RS,PHI,1147.0,,41,47,-6
200901060PHI,RS,PHI,1165.0,,43,47,-4
200901060PHI,RS,PHI,1206.0,,45,47,-2
200901060PHI,RS,PHI,1235.0,,45,49,-4
200901060PHI,RS,PHI,1256.0,,46,49,-3
200901060PHI,RS,PHI,1276.0,,46,51,-5
200901060PHI,RS,PHI,1291.0,,48,51,-3
200901060PHI,RS,PHI,1326.0,T,51,51,0
200901060PHI,RS,PHI,1354.0,,51,53,-2
200901060PHI,RS,PHI,1368.0,T,53,53,0
200901060PHI,RS,PHI,1401.1,LC,55,53,2
200901060PHI,RS,PHI,1454.0,,57,53,4
200901060PHI,RS,PHI,1495.0,,57,55,2
200901060PHI,RS,PHI,1567.0,T,57,57,0
200901060PHI,RS,PHI,1616.0,LC,57,58,-1
200901060PHI,RS,PHI,1650.0,,57,60,-3
200901060PHI,RS,PHI,1668.0,,59,60,-1
200901060PHI,RS,PHI,1674.0,,59,62,-3
200901060PHI,RS,PHI,1692.0,,61,62,-1
200901060PHI,RS,PHI,1707.0,,61,64,-3
200901060PHI,RS,PHI,1739.0,,61,65,-4
200901060PHI,RS,PHI,1739.0,,61,66,-5
200901060PHI,RS,PHI,1764.0,,61,68,-7
200901060PHI,RS,PHI,1786.0,,61,69,-8
200901060PHI,RS,PHI,1786.0,,61,70,-9
200901060PHI,RS,PHI,1855.0,,61,72,-11
200901060PHI,RS,PHI,1870.0,,63,72,-9
200901060PHI,RS,PHI,1890.0,,63,74,-11
200901060PHI,RS,PHI,1922.0,,64,74,-10
200901060PHI,RS,PHI,1999.0,,66,74,-8
200901060PHI,RS,PHI,2025.0,,66,76,-10
200901060PHI,RS,PHI,2045.0,,68,76,-8
200901060PHI,RS,PHI,2059.0,,71,76,-5
200901060PHI,RS,PHI,2127.0,,71,77,-6
200901060PHI,RS,PHI,2127.0,,71,78,-7
200901060PHI,RS,PHI,2146.4,,71,79,-8
200901060PHI,RS,PHI,2177.0,,71,81,-10
200901060PHI,RS,PHI,2202.0,,72,81,-9
200901060PHI,RS,PHI,2210.0,,74,81,-7
200901060PHI,RS,PHI,2237.0,,74,83,-9
200901060PHI,RS,PHI,2259.0,,74,85,-11
200901060PHI,RS,PHI,2283.0,,74,87,-13
200901060PHI,RS,PHI,2332.0,,74,89,-15
200901060PHI,RS,PHI,2375.0,,76,89,-13
200901060PHI,RS,PHI,2403.0,,78,89,-11
200901060PHI,RS,PHI,2439.0,,79,89,-10
200901060PHI,RS,PHI,2451.0,,79,91,-12
200901060PHI,RS,PHI,2467.0,,80,91,-11
200901060PHI,RS,PHI,2467.0,,81,91,-10
200901060PHI,RS,PHI,2521.0,,83,91,-8
200901060PHI,RS,PHI,2561.0,,84,91,-7
200901060PHI,RS,PHI,2561.0,,85,91,-6
200901060PHI,RS,PHI,2577.0,,85,94,-9
200901060PHI,RS,PHI,2597.0,,87,94,-7
200901060PHI,RS,PHI,2617.0,,87,96,-9
200901060PHI,RS,PHI,2637.0,,88,96,-8
200901060PHI,RS,PHI,2637.0,,89,96,-7
200901060PHI,RS,PHI,2691.0,,91,96,-5
200901060PHI,RS,PHI,2714.0,,92,96,-4
200901060PHI,RS,PHI,2739.0,,92,98,-6
200901060PHI,RS,PHI,2754.0,,94,98,-4
200901060PHI,RS,PHI,2781.0,,94,100,-6
200901060PHI,RS,PHI,2838.1,,94,101,-7
200901060PHI,RS,PHI,2842.6,,95,101,-6
200901060PHI,RS,PHI,2842.6,,96,101,-5
200901060PHI,RS,PHI,2843.6,,96,102,-6
200901060PHI,RS,PHI,2851.5,,96,103,-7
200901060PHI,RS,PHI,2851.5,F,96,104,-8
200901060PHI,RS,PHI,2880.0,,96,104,-8
200901070BOS,RS,BOS,0.0,,0,0,0
200901070BOS,RS,BOS,22.0,,2,0,2
200901070BOS,RS,BOS,54.0,LC,2,3,-1
200901070BOS,RS,BOS,67.0,T,3,3,0
200901070BOS,RS,BOS,67.0,LC,4,3,1
200901070BOS,RS,BOS,89.0,LC,4,6,-2
200901070BOS,RS,BOS,161.0,,4,7,-3
200901070BOS,RS,BOS,174.0,,4,9,-5
200901070BOS,RS,BOS,248.0,,6,9,-3
200901070BOS,RS,BOS,262.0,,6,11,-5
200901070BOS,RS,BOS,302.0,,6,13,-7
200901070BOS,RS,BOS,327.0,,9,13,-4
200901070BOS,RS,BOS,373.0,,9,15,-6
200901070BOS,RS,BOS,395.0,,12,15,-3
200901070BOS,RS,BOS,411.0,,12,17,-5
200901070BOS,RS,BOS,441.0,,14,17,-3
200901070BOS,RS,BOS,462.0,,14,19,-5
200901070BOS,RS,BOS,488.0,,14,22,-8
200901070BOS,RS,BOS,510.0,,17,22,-5
200901070BOS,RS,BOS,523.0,,17,25,-8
200901070BOS,RS,BOS,539.0,,18,25,-7
200901070BOS,RS,BOS,598.0,,18,27,-9
200901070BOS,RS,BOS,625.0,,20,27,-7
200901070BOS,RS,BOS,640.0,,20,29,-9
200901070BOS,RS,BOS,698.4,,22,29,-7
200901070BOS,RS,BOS,719.2,,22,30,-8
200901070BOS,RS,BOS,719.2,,22,31,-9
200901070BOS,RS,BOS,737.0,,22,33,-11
200901070BOS,RS,BOS,761.0,,25,33,-8
200901070BOS,RS,BOS,809.0,,26,33,-7
200901070BOS,RS,BOS,809.0,,27,33,-6
200901070BOS,RS,BOS,821.0,,27,35,-8
200901070BOS,RS,BOS,836.0,,29,35,-6
200901070BOS,RS,BOS,884.0,,29,37,-8
200901070BOS,RS,BOS,906.0,,31,37,-6
200901070BOS,RS,BOS,940.0,,33,37,-4
200901070BOS,RS,BOS,968.0,,33,39,-6
200901070BOS,RS,BOS,983.0,,35,39,-4
200901070BOS,RS,BOS,1002.0,,35,41,-6
200901070BOS,RS,BOS,1002.0,,35,42,-7
200901070BOS,RS,BOS,1031.0,,37,42,-5
200901070BOS,RS,BOS,1064.0,,38,42,-4
200901070BOS,RS,BOS,1113.0,,41,42,-1
200901070BOS,RS,BOS,1129.0,,41,43,-2
200901070BOS,RS,BOS,1129.0,,41,44,-3
200901070BOS,RS,BOS,1151.0,,41,46,-5
200901070BOS,RS,BOS,1227.0,,43,46,-3
200901070BOS,RS,BOS,1280.0,,45,46,-1
200901070BOS,RS,BOS,1298.0,,45,48,-3
200901070BOS,RS,BOS,1316.0,,47,48,-1
200901070BOS,RS,BOS,1339.0,LC,50,48,2
200901070BOS,RS,BOS,1374.0,,52,48,4
200901070BOS,RS,BOS,1436.0,,52,49,3
200901070BOS,RS,BOS,1469.0,,54,49,5
200901070BOS,RS,BOS,1483.0,,54,51,3
200901070BOS,RS,BOS,1497.0,,56,51,5
200901070BOS,RS,BOS,1497.0,,57,51,6
200901070BOS,RS,BOS,1516.0,,57,53,4
200901070BOS,RS,BOS,1554.0,,59,53,6
200901070BOS,RS,BOS,1568.0,,59,55,4
200901070BOS,RS,BOS,1586.0,,62,55,7
200901070BOS,RS,BOS,1627.0,,62,57,5
200901070BOS,RS,BOS,1709.0,,62,59,3
200901070BOS,RS,BOS,1727.0,,64,59,5
200901070BOS,RS,BOS,1761.0,,64,60,4
200901070BOS,RS,BOS,1761.0,,64,61,3
200901070BOS,RS,BOS,1795.0,,66,61,5
200901070BOS,RS,BOS,1838.0,,66,62,4
200901070BOS,RS,BOS,1838.0,,66,63,3
200901070BOS,RS,BOS,1844.0,,66,64,2
200901070BOS,RS,BOS,1844.0,,66,65,1
200901070BOS,RS,BOS,1931.0,LC,66,68,-2
200901070BOS,RS,BOS,1957.0,,67,68,-1
200901070BOS,RS,BOS,1971.0,,67,70,-3
200901070BOS,RS,BOS,2022.0,,69,70,-1
200901070BOS,RS,BOS,2083.0,,69,71,-2
200901070BOS,RS,BOS,2083.0,,69,72,-3
200901070BOS,RS,BOS,2103.6,,71,72,-1
200901070BOS,RS,BOS,2117.0,,71,73,-2
200901070BOS,RS,BOS,2117.0,,71,74,-3
200901070BOS,RS,BOS,2211.0,,72,74,-2
200901070BOS,RS,BOS,2277.0,,72,77,-5
200901070BOS,RS,BOS,2348.0,,74,77,-3
200901070BOS,RS,BOS,2366.0,,74,79,-5
200901070BOS,RS,BOS,2455.0,,76,79,-3
200901070BOS,RS,BOS,2566.0,,78,79,-1
200901070BOS,RS,BOS,2608.0,LC,81,79,2
200901070BOS,RS,BOS,2623.0,,81,80,1
200901070BOS,RS,BOS,2623.0,T,81,81,0
200901070BOS,RS,BOS,2683.0,,83,81,2
200901070BOS,RS,BOS,2717.0,T,83,83,0
200901070BOS,RS,BOS,2738.0,,84,83,1
200901070BOS,RS,BOS,2786.0,LC,84,85,-1
200901070BOS,RS,BOS,2836.2,LC,87,85,2
200901070BOS,RS,BOS,2867.1,F,89,85,4
200901070BOS,RS,BOS,2880.0,,89,85,4
200901090OKC,RS,OKC,0.0,,0,0,0
200901090OKC,RS,OKC,28.0,,0,2,-2
200901090OKC,RS,OKC,55.0,,0,3,-3
200901090OKC,RS,OKC,55.0,,0,4,-4
200901090OKC,RS,OKC,79.0,,1,4,-3
200901090OKC,RS,OKC,79.0,,2,4,-2
200901090OKC,RS,OKC,125.0,,2,6,-4
200901090OKC,RS,OKC,137.0,,3,6,-3
200901090OKC,RS,OKC,137.0,,4,6,-2
200901090OKC,RS,OKC,193.0,,4,8,-4
200901090OKC,RS,OKC,228.0,,4,10,-6
200901090OKC,RS,OKC,247.0,,4,12,-8
200901090OKC,RS,OKC,263.0,,5,12,-7
200901090OKC,RS,OKC,289.0,,5,14,-9
200901090OKC,RS,OKC,303.0,,6,14,-8
200901090OKC,RS,OKC,303.0,,7,14,-7
200901090OKC,RS,OKC,371.0,,8,14,-6
200901090OKC,RS,OKC,422.0,,8,16,-8
200901090OKC,RS,OKC,441.0,,10,16,-6
200901090OKC,RS,OKC,458.0,,10,19,-9
200901090OKC,RS,OKC,467.0,,11,19,-8
200901090OKC,RS,OKC,467.0,,12,19,-7
200901090OKC,RS,OKC,493.0,,14,19,-5
200901090OKC,RS,OKC,513.0,,16,19,-3
200901090OKC,RS,OKC,531.0,,17,19,-2
200901090OKC,RS,OKC,531.0,,18,19,-1
200901090OKC,RS,OKC,597.0,LC,20,19,1
200901090OKC,RS,OKC,633.0,LC,20,21,-1
200901090OKC,RS,OKC,633.0,,20,22,-2
200901090OKC,RS,OKC,681.2,,21,22,-1
200901090OKC,RS,OKC,681.2,T,22,22,0
200901090OKC,RS,OKC,696.0,,22,24,-2
200901090OKC,RS,OKC,718.6,T,24,24,0
200901090OKC,RS,OKC,736.0,,24,26,-2
200901090OKC,RS,OKC,752.0,T,26,26,0
200901090OKC,RS,OKC,825.0,LC,28,26,2
200901090OKC,RS,OKC,863.0,,30,26,4
200901090OKC,RS,OKC,937.0,,30,27,3
200901090OKC,RS,OKC,937.0,,30,28,2
200901090OKC,RS,OKC,994.0,,32,28,4
200901090OKC,RS,OKC,1050.0,,32,30,2
200901090OKC,RS,OKC,1065.0,,34,30,4
200901090OKC,RS,OKC,1084.0,,34,32,2
200901090OKC,RS,OKC,1117.0,,37,32,5
200901090OKC,RS,OKC,1153.0,,39,32,7
200901090OKC,RS,OKC,1168.0,,39,34,5
200901090OKC,RS,OKC,1197.0,,41,34,7
200901090OKC,RS,OKC,1233.0,,43,34,9
200901090OKC,RS,OKC,1250.0,,43,36,7
200901090OKC,RS,OKC,1271.0,,46,36,10
200901090OKC,RS,OKC,1289.0,,46,38,8
200901090OKC,RS,OKC,1351.0,,46,40,6
200901090OKC,RS,OKC,1382.9,,48,40,8
200901090OKC,RS,OKC,1408.7,,51,40,11
200901090OKC,RS,OKC,1439.7,,53,40,13
200901090OKC,RS,OKC,1462.0,,53,42,11
200901090OKC,RS,OKC,1508.0,,55,42,13
200901090OKC,RS,OKC,1531.0,,57,42,15
200901090OKC,RS,OKC,1558.0,,57,44,13
200901090OKC,RS,OKC,1589.0,,57,46,11
200901090OKC,RS,OKC,1615.0,,57,48,9
200901090OKC,RS,OKC,1632.0,,58,48,10
200901090OKC,RS,OKC,1646.0,,58,50,8
200901090OKC,RS,OKC,1665.0,,60,50,10
200901090OKC,RS,OKC,1683.0,,60,52,8
200901090OKC,RS,OKC,1712.0,,63,52,11
200901090OKC,RS,OKC,1722.0,,63,53,10
200901090OKC,RS,OKC,1722.0,,63,54,9
200901090OKC,RS,OKC,1767.0,,65,54,11
200901090OKC,RS,OKC,1789.0,,65,57,8
200901090OKC,RS,OKC,1820.0,,65,59,6
200901090OKC,RS,OKC,1866.0,,67,59,8
200901090OKC,RS,OKC,1879.0,,67,61,6
200901090OKC,RS,OKC,1914.0,,67,63,4
200901090OKC,RS,OKC,1932.0,,68,63,5
200901090OKC,RS,OKC,1932.0,,69,63,6
200901090OKC,RS,OKC,1958.0,,69,65,4
200901090OKC,RS,OKC,1976.0,,71,65,6
200901090OKC,RS,OKC,2022.0,,73,65,8
200901090OKC,RS,OKC,2078.0,,73,67,6
200901090OKC,RS,OKC,2096.0,,75,67,8
200901090OKC,RS,OKC,2120.0,,76,67,9
200901090OKC,RS,OKC,2120.0,,77,67,10
200901090OKC,RS,OKC,2127.3,,77,68,9
200901090OKC,RS,OKC,2127.3,,77,69,8
200901090OKC,RS,OKC,2159.6,,77,72,5
200901090OKC,RS,OKC,2180.0,,79,72,7
200901090OKC,RS,OKC,2197.0,,79,74,5
200901090OKC,RS,OKC,2220.0,,81,74,7
200901090OKC,RS,OKC,2235.0,,81,76,5
200901090OKC,RS,OKC,2295.0,,81,78,3
200901090OKC,RS,OKC,2313.0,,83,78,5
200901090OKC,RS,OKC,2338.0,,83,79,4
200901090OKC,RS,OKC,2338.0,,83,80,3
200901090OKC,RS,OKC,2401.0,,83,81,2
200901090OKC,RS,OKC,2422.0,T,83,83,0
200901090OKC,RS,OKC,2567.0,,85,83,2
200901090OKC,RS,OKC,2602.0,T,85,85,0
200901090OKC,RS,OKC,2618.0,,87,85,2
200901090OKC,RS,OKC,2618.0,,88,85,3
200901090OKC,RS,OKC,2635.0,,88,87,1
200901090OKC,RS,OKC,2661.0,,91,87,4
200901090OKC,RS,OKC,2674.0,,91,88,3
200901090OKC,RS,OKC,2674.0,,91,89,2
200901090OKC,RS,OKC,2691.0,T,91,91,0
200901090OKC,RS,OKC,2709.0,,93,91,2
200901090OKC,RS,OKC,2771.0,T,93,93,0
200901090OKC,RS,OKC,2784.0,,94,93,1
200901090OKC,RS,OKC,2784.0,,95,93,2
200901090OKC,RS,OKC,2871.8,,96,93,3
200901090OKC,RS,OKC,2871.8,,97,93,4
200901090OKC,RS,OKC,2879.1,,97,96,1
200901090OKC,RS,OKC,2879.9,F,98,96,2
200901090OKC,RS,OKC,2880.0,,98,96,2
200901100HOU,RS,NYK,0.0,,0,0,0
200901100HOU,RS,NYK,37.0,,0,2,-2
200901100HOU,RS,NYK,55.0,T,2,2,0
200901100HOU,RS,NYK,64.0,,2,4,-2
200901100HOU,RS,NYK,79.0,T,4,4,0
200901100HOU,RS,NYK,130.0,LC,7,4,3
200901100HOU,RS,NYK,146.0,,7,6,1
200901100HOU,RS,NYK,192.0,LC,7,8,-1
200901100HOU,RS,NYK,272.0,LC,9,8,1
200901100HOU,RS,NYK,288.0,LC,9,10,-1
200901100HOU,RS,NYK,318.0,LC,11,10,1
200901100HOU,RS,NYK,347.0,,12,10,2
200901100HOU,RS,NYK,347.0,,13,10,3
200901100HOU,RS,NYK,363.0,,13,12,1
200901100HOU,RS,NYK,391.0,LC,13,15,-2
200901100HOU,RS,NYK,407.0,T,15,15,0
200901100HOU,RS,NYK,424.0,,15,17,-2
200901100HOU,RS,NYK,437.0,,16,17,-1
200901100HOU,RS,NYK,452.0,,16,19,-3
200901100HOU,RS,NYK,464.0,,18,19,-1
200901100HOU,RS,NYK,490.0,LC,20,19,1
200901100HOU,RS,NYK,552.0,T,20,20,0
200901100HOU,RS,NYK,552.0,LC,20,21,-1
200901100HOU,RS,NYK,606.0,LC,23,21,2
200901100HOU,RS,NYK,670.1,LC,23,24,-1
200901100HOU,RS,NYK,718.7,LC,26,24,2
200901100HOU,RS,NYK,731.0,T,26,26,0
200901100HOU,RS,NYK,772.0,LC,26,28,-2
200901100HOU,RS,NYK,870.0,T,28,28,0
200901100HOU,RS,NYK,915.0,,28,30,-2
200901100HOU,RS,NYK,965.0,,28,33,-5
200901100HOU,RS,NYK,1141.0,,30,33,-3
200901100HOU,RS,NYK,1167.0,,32,33,-1
200901100HOU,RS,NYK,1179.0,,32,36,-4
200901100HOU,RS,NYK,1203.0,,34,36,-2
200901100HOU,RS,NYK,1227.0,,35,36,-1
200901100HOU,RS,NYK,1248.0,LC,37,36,1
200901100HOU,RS,NYK,1274.0,,39,36,3
200901100HOU,RS,NYK,1312.0,,42,36,6
200901100HOU,RS,NYK,1324.0,,42,39,3
200901100HOU,RS,NYK,1355.0,,42,40,2
200901100HOU,RS,NYK,1355.0,,42,41,1
200901100HOU,RS,NYK,1371.0,,44,41,3
200901100HOU,RS,NYK,1395.4,,44,43,1
200901100HOU,RS,NYK,1430.5,LC,44,45,-1
200901100HOU,RS,NYK,1439.7,LC,46,45,1
200901100HOU,RS,NYK,1474.0,,48,45,3
200901100HOU,RS,NYK,1591.0,,48,46,2
200901100HOU,RS,NYK,1603.0,,50,46,4
200901100HOU,RS,NYK,1635.0,,52,46,6
200901100HOU,RS,NYK,1752.0,,54,46,8
200901100HOU,RS,NYK,1820.0,,55,46,9
200901100HOU,RS,NYK,1820.0,,56,46,10
200901100HOU,RS,NYK,1853.0,,59,46,13
200901100HOU,RS,NYK,1897.0,,61,46,15
200901100HOU,RS,NYK,1909.0,,61,49,12
200901100HOU,RS,NYK,1924.0,,62,49,13
200901100HOU,RS,NYK,1924.0,,63,49,14
200901100HOU,RS,NYK,1965.0,,65,49,16
200901100HOU,RS,NYK,1983.0,,65,51,14
200901100HOU,RS,NYK,1998.0,,66,51,15
200901100HOU,RS,NYK,1998.0,,67,51,16
200901100HOU,RS,NYK,2013.0,,70,51,19
200901100HOU,RS,NYK,2032.0,,70,54,16
200901100HOU,RS,NYK,2085.0,,72,54,18
200901100HOU,RS,NYK,2113.5,,73,54,19
200901100HOU,RS,NYK,2113.5,,74,54,20
200901100HOU,RS,NYK,2129.2,,74,57,17
200901100HOU,RS,NYK,2150.6,,77,57,20
200901100HOU,RS,NYK,2159.9,,77,59,18
200901100HOU,RS,NYK,2176.0,,79,59,20
200901100HOU,RS,NYK,2187.0,,79,61,18
200901100HOU,RS,NYK,2245.0,,79,63,16
200901100HOU,RS,NYK,2263.0,,81,63,18
200901100HOU,RS,NYK,2336.0,,81,64,17
200901100HOU,RS,NYK,2336.0,,81,65,16
200901100HOU,RS,NYK,2430.0,,82,65,17
200901100HOU,RS,NYK,2430.0,,83,65,18
200901100HOU,RS,NYK,2469.0,,86,65,21
200901100HOU,RS,NYK,2566.0,,86,66,20
200901100HOU,RS,NYK,2566.0,,86,67,19
200901100HOU,RS,NYK,2566.0,,86,68,18
200901100HOU,RS,NYK,2589.0,,88,68,20
200901100HOU,RS,NYK,2610.0,,90,68,22
200901100HOU,RS,NYK,2623.0,,90,70,20
200901100HOU,RS,NYK,2656.0,,90,72,18
200901100HOU,RS,NYK,2675.0,,92,72,20
200901100HOU,RS,NYK,2715.0,,95,72,23
200901100HOU,RS,NYK,2726.0,,95,74,21
200901100HOU,RS,NYK,2748.0,,96,74,22
200901100HOU,RS,NYK,2758.0,F,96,76,20
200901100HOU,RS,NYK,2880.0,,96,76,20
200901130HOU,RS,LAL,0.0,,0,0,0
200901130HOU,RS,LAL,24.0,,2,0,2
200901130HOU,RS,LAL,50.0,,4,0,4
200901130HOU,RS,LAL,70.0,,4,2,2
200901130HOU,RS,LAL,85.0,,7,2,5
200901130HOU,RS,LAL,93.0,,7,4,3
200901130HOU,RS,LAL,114.0,,9,4,5
200901130HOU,RS,LAL,132.0,,9,7,2
200901130HOU,RS,LAL,148.0,,11,7,4
200901130HOU,RS,LAL,185.0,,13,7,6
200901130HOU,RS,LAL,242.0,,13,9,4
200901130HOU,RS,LAL,294.0,,15,9,6
200901130HOU,RS,LAL,349.0,,15,11,4
200901130HOU,RS,LAL,371.0,,17,11,6
200901130HOU,RS,LAL,398.0,,20,11,9
200901130HOU,RS,LAL,413.0,,20,13,7
200901130HOU,RS,LAL,457.0,,20,15,5
200901130HOU,RS,LAL,490.0,,20,17,3
200901130HOU,RS,LAL,516.0,,22,17,5
200901130HOU,RS,LAL,533.0,,22,19,3
200901130HOU,RS,LAL,558.0,,22,21,1
200901130HOU,RS,LAL,572.0,,24,21,3
200901130HOU,RS,LAL,635.0,,24,23,1
200901130HOU,RS,LAL,669.5,LC,24,25,-1
200901130HOU,RS,LAL,705.3,LC,26,25,1
200901130HOU,RS,LAL,769.0,,28,25,3
200901130HOU,RS,LAL,792.0,,28,27,1
200901130HOU,RS,LAL,815.0,,30,27,3
200901130HOU,RS,LAL,830.0,,30,29,1
200901130HOU,RS,LAL,830.0,T,30,30,0
200901130HOU,RS,LAL,854.0,,32,30,2
200901130HOU,RS,LAL,868.0,T,32,32,0
200901130HOU,RS,LAL,892.0,,34,32,2
200901130HOU,RS,LAL,913.0,,36,32,4
200901130HOU,RS,LAL,936.0,,36,34,2
200901130HOU,RS,LAL,949.0,,38,34,4
200901130HOU,RS,LAL,976.0,,38,36,2
200901130HOU,RS,LAL,1002.0,T,38,38,0
200901130HOU,RS,LAL,1036.0,,40,38,2
200901130HOU,RS,LAL,1052.0,T,40,40,0
200901130HOU,RS,LAL,1086.0,LC,40,42,-2
200901130HOU,RS,LAL,1125.0,LC,43,42,1
200901130HOU,RS,LAL,1134.0,T,43,43,0
200901130HOU,RS,LAL,1166.0,,45,43,2
200901130HOU,RS,LAL,1179.0,T,45,45,0
200901130HOU,RS,LAL,1199.0,,47,45,2
200901130HOU,RS,LAL,1220.0,T,47,47,0
200901130HOU,RS,LAL,1277.0,LC,47,49,-2
200901130HOU,RS,LAL,1296.0,LC,50,49,1
200901130HOU,RS,LAL,1315.0,LC,50,51,-1
200901130HOU,RS,LAL,1337.0,LC,52,51,1
200901130HOU,RS,LAL,1374.0,T,52,52,0
200901130HOU,RS,LAL,1374.0,LC,52,53,-1
200901130HOU,RS,LAL,1409.7,,52,54,-2
200901130HOU,RS,LAL,1432.4,T,54,54,0
200901130HOU,RS,LAL,1440.0,LC,55,54,1
200901130HOU,RS,LAL,1505.0,LC,55,56,-1
200901130HOU,RS,LAL,1519.0,LC,57,56,1
200901130HOU,RS,LAL,1578.0,,59,56,3
200901130HOU,RS,LAL,1598.0,,59,57,2
200901130HOU,RS,LAL,1620.0,,61,57,4
200901130HOU,RS,LAL,1662.0,,61,59,2
200901130HOU,RS,LAL,1705.0,,62,59,3
200901130HOU,RS,LAL,1705.0,,63,59,4
200901130HOU,RS,LAL,1723.0,,63,61,2
200901130HOU,RS,LAL,1747.0,,65,61,4
200901130HOU,RS,LAL,1773.0,,65,64,1
200901130HOU,RS,LAL,1803.0,,67,64,3
200901130HOU,RS,LAL,1838.0,,67,66,1
200901130HOU,RS,LAL,1861.0,LC,67,68,-1
200901130HOU,RS,LAL,1882.0,LC,70,68,2
200901130HOU,RS,LAL,1935.0,,72,68,4
200901130HOU,RS,LAL,1969.0,,74,68,6
200901130HOU,RS,LAL,1987.0,,74,69,5
200901130HOU,RS,LAL,1987.0,,74,70,4
200901130HOU,RS,LAL,1998.0,,76,70,6
200901130HOU,RS,LAL,2039.0,,76,73,3
200901130HOU,RS,LAL,2058.0,,78,73,5
200901130HOU,RS,LAL,2069.0,,78,75,3
200901130HOU,RS,LAL,2069.0,,78,76,2
200901130HOU,RS,LAL,2089.0,,79,76,3
200901130HOU,RS,LAL,2089.0,,80,76,4
200901130HOU,RS,LAL,2107.4,,80,77,3
200901130HOU,RS,LAL,2107.4,,80,78,2
200901130HOU,RS,LAL,2127.5,,82,78,4
200901130HOU,RS,LAL,2196.0,,82,80,2
200901130HOU,RS,LAL,2282.0,,84,80,4
200901130HOU,RS,LAL,2299.0,,84,82,2
200901130HOU,RS,LAL,2326.0,,86,82,4
200901130HOU,RS,LAL,2326.0,,87,82,5
200901130HOU,RS,LAL,2341.0,,87,85,2
200901130HOU,RS,LAL,2367.0,,89,85,4
200901130HOU,RS,LAL,2410.0,,89,87,2
200901130HOU,RS,LAL,2503.0,,89,88,1
200901130HOU,RS,LAL,2503.0,T,89,89,0
200901130HOU,RS,LAL,2519.0,,91,89,2
200901130HOU,RS,LAL,2533.0,T,91,91,0
200901130HOU,RS,LAL,2556.0,,93,91,2
200901130HOU,RS,LAL,2581.0,,93,92,1
200901130HOU,RS,LAL,2581.0,T,93,93,0
200901130HOU,RS,LAL,2639.0,LC,93,95,-2
200901130HOU,RS,LAL,2678.0,,93,97,-4
200901130HOU,RS,LAL,2696.0,,95,97,-2
200901130HOU,RS,LAL,2719.0,,95,99,-4
200901130HOU,RS,LAL,2807.0,,97,99,-2
200901130HOU,RS,LAL,2832.1,LC,100,99,1
200901130HOU,RS,LAL,2852.6,LC,100,102,-2
200901130HOU,RS,LAL,2872.5,,100,103,-3
200901130HOU,RS,LAL,2879.0,,100,104,-4
200901130HOU,RS,LAL,2879.0,F,100,105,-5
200901130HOU,RS,LAL,2880.0,,100,105,-5
200901170HOU,RS,MIA,0.0,,0,0,0
200901170HOU,RS,MIA,6.0,,2,0,2
200901170HOU,RS,MIA,27.0,T,2,2,0
200901170HOU,RS,MIA,44.0,,4,2,2
200901170HOU,RS,MIA,63.0,T,4,4,0
200901170HOU,RS,MIA,101.0,LC,4,6,-2
200901170HOU,RS,MIA,129.0,T,6,6,0
200901170HOU,RS,MIA,191.0,,6,8,-2
200901170HOU,RS,MIA,214.0,,6,10,-4
200901170HOU,RS,MIA,233.0,,8,10,-2
200901170HOU,RS,MIA,292.0,T,10,10,0
200901170HOU,RS,MIA,314.0,LC,11,10,1
200901170HOU,RS,MIA,394.0,LC,11,12,-1
200901170HOU,RS,MIA,407.0,LC,13,12,1
200901170HOU,RS,MIA,434.0,LC,13,14,-1
200901170HOU,RS,MIA,454.0,LC,15,14,1
200901170HOU,RS,MIA,487.0,,17,14,3
200901170HOU,RS,MIA,508.0,,19,14,5
200901170HOU,RS,MIA,528.0,,19,16,3
200901170HOU,RS,MIA,557.0,,19,17,2
200901170HOU,RS,MIA,572.0,,21,17,4
200901170HOU,RS,MIA,601.0,,23,17,6
200901170HOU,RS,MIA,614.0,,23,18,5
200901170HOU,RS,MIA,614.0,,23,19,4
200901170HOU,RS,MIA,655.0,,25,19,6
200901170HOU,RS,MIA,670.2,,25,20,5
200901170HOU,RS,MIA,670.2,,25,21,4
200901170HOU,RS,MIA,787.0,,27,21,6
200901170HOU,RS,MIA,836.0,,27,23,4
200901170HOU,RS,MIA,851.0,,28,23,5
200901170HOU,RS,MIA,855.0,,30,23,7
200901170HOU,RS,MIA,874.0,,30,25,5
200901170HOU,RS,MIA,911.0,,30,27,3
200901170HOU,RS,MIA,965.0,,32,27,5
200901170HOU,RS,MIA,1119.0,,34,27,7
200901170HOU,RS,MIA,1136.0,,34,29,5
200901170HOU,RS,MIA,1152.0,,35,29,6
200901170HOU,RS,MIA,1172.0,,37,29,8
200901170HOU,RS,MIA,1260.0,,39,29,10
200901170HOU,RS,MIA,1280.0,,39,31,8
200901170HOU,RS,MIA,1329.0,,41,31,10
200901170HOU,RS,MIA,1380.0,,41,32,9
200901170HOU,RS,MIA,1396.1,,42,32,10
200901170HOU,RS,MIA,1396.1,,43,32,11
200901170HOU,RS,MIA,1404.8,,43,34,9
200901170HOU,RS,MIA,1411.6,,45,34,11
200901170HOU,RS,MIA,1429.4,,45,36,9
200901170HOU,RS,MIA,1457.0,,45,38,7
200901170HOU,RS,MIA,1482.0,,45,40,5
200901170HOU,RS,MIA,1550.0,,47,40,7
200901170HOU,RS,MIA,1602.0,,47,42,5
200901170HOU,RS,MIA,1617.0,,47,44,3
200901170HOU,RS,MIA,1631.0,,48,44,4
200901170HOU,RS,MIA,1662.0,,50,44,6
200901170HOU,RS,MIA,1688.0,,50,47,3
200901170HOU,RS,MIA,1743.0,,50,49,1
200901170HOU,RS,MIA,1762.0,,52,49,3
200901170HOU,RS,MIA,1803.0,,55,49,6
200901170HOU,RS,MIA,1871.0,,55,51,4
200901170HOU,RS,MIA,1895.0,,57,51,6
200901170HOU,RS,MIA,1915.0,,57,53,4
200901170HOU,RS,MIA,1945.0,,59,53,6
200901170HOU,RS,MIA,1988.0,,60,53,7
200901170HOU,RS,MIA,1988.0,,61,53,8
200901170HOU,RS,MIA,2001.0,,61,55,6
200901170HOU,RS,MIA,2030.0,,61,57,4
200901170HOU,RS,MIA,2050.0,,63,57,6
200901170HOU,RS,MIA,2066.0,,63,59,4
200901170HOU,RS,MIA,2096.0,,63,61,2
200901170HOU,RS,MIA,2121.0,,64,61,3
200901170HOU,RS,MIA,2126.2,,67,61,6
200901170HOU,RS,MIA,2144.2,,67,64,3
200901170HOU,RS,MIA,2159.3,,69,64,5
200901170HOU,RS,MIA,2199.0,,71,64,7
200901170HOU,RS,MIA,2217.0,,71,66,5
200901170HOU,RS,MIA,2239.0,,73,66,7
200901170HOU,RS,MIA,2307.0,,73,69,4
200901170HOU,RS,MIA,2323.0,,74,69,5
200901170HOU,RS,MIA,2323.0,,75,69,6
200901170HOU,RS,MIA,2334.0,,75,70,5
200901170HOU,RS,MIA,2360.0,,77,70,7
200901170HOU,RS,MIA,2422.0,,80,70,10
200901170HOU,RS,MIA,2479.0,,82,70,12
200901170HOU,RS,MIA,2562.0,,82,72,10
200901170HOU,RS,MIA,2593.0,,82,75,7
200901170HOU,RS,MIA,2613.0,,83,75,8
200901170HOU,RS,MIA,2656.0,,85,75,10
200901170HOU,RS,MIA,2691.0,,85,78,7
200901170HOU,RS,MIA,2713.0,,87,78,9
200901170HOU,RS,MIA,2755.0,,89,78,11
200901170HOU,RS,MIA,2788.0,,91,78,13
200901170HOU,RS,MIA,2798.0,,91,81,10
200901170HOU,RS,MIA,2831.7,,91,83,8
200901170HOU,RS,MIA,2855.3,,93,83,10
200901170HOU,RS,MIA,2868.2,F,93,86,7
200901170HOU,RS,MIA,2880.0,,93,86,7
200901190HOU,RS,DEN,0.0,,0,0,0
200901190HOU,RS,DEN,51.0,,0,2,-2
200901190HOU,RS,DEN,80.0,,0,3,-3
200901190HOU,RS,DEN,98.0,,2,3,-1
200901190HOU,RS,DEN,123.0,LC,4,3,1
200901190HOU,RS,DEN,151.0,LC,4,6,-2
200901190HOU,RS,DEN,173.0,T,6,6,0
200901190HOU,RS,DEN,191.0,LC,9,6,3
200901190HOU,RS,DEN,199.0,,9,7,2
200901190HOU,RS,DEN,199.0,,9,8,1
200901190HOU,RS,DEN,218.0,,12,8,4
200901190HOU,RS,DEN,233.0,,12,10,2
200901190HOU,RS,DEN,265.0,T,12,12,0
200901190HOU,RS,DEN,291.0,LC,12,14,-2
200901190HOU,RS,DEN,303.0,T,14,14,0
200901190HOU,RS,DEN,318.0,,14,16,-2
200901190HOU,RS,DEN,318.0,,14,17,-3
200901190HOU,RS,DEN,337.0,T,17,17,0
200901190HOU,RS,DEN,356.0,,17,19,-2
200901190HOU,RS,DEN,412.0,,17,22,-5
200901190HOU,RS,DEN,433.0,,19,22,-3
200901190HOU,RS,DEN,466.0,,21,22,-1
200901190HOU,RS,DEN,479.0,,21,23,-2
200901190HOU,RS,DEN,479.0,,21,24,-3
200901190HOU,RS,DEN,501.0,,23,24,-1
200901190HOU,RS,DEN,518.0,LC,25,24,1
200901190HOU,RS,DEN,518.0,,26,24,2
200901190HOU,RS,DEN,532.0,LC,26,27,-1
200901190HOU,RS,DEN,550.0,LC,28,27,1
200901190HOU,RS,DEN,568.0,T,28,28,0
200901190HOU,RS,DEN,568.0,LC,28,29,-1
200901190HOU,RS,DEN,585.0,LC,30,29,1
200901190HOU,RS,DEN,604.0,LC,30,31,-1
200901190HOU,RS,DEN,641.0,,30,33,-3
200901190HOU,RS,DEN,660.3,,32,33,-1
200901190HOU,RS,DEN,674.5,LC,34,33,1
200901190HOU,RS,DEN,674.5,,35,33,2
200901190HOU,RS,DEN,711.2,,36,33,3
200901190HOU,RS,DEN,717.0,T,36,36,0
200901190HOU,RS,DEN,741.0,,39,36,3
200901190HOU,RS,DEN,757.0,,39,38,1
200901190HOU,RS,DEN,817.0,,41,38,3
200901190HOU,RS,DEN,825.0,,41,40,1
200901190HOU,RS,DEN,843.0,,42,40,2
200901190HOU,RS,DEN,843.0,,43,40,3
200901190HOU,RS,DEN,858.0,,43,41,2
200901190HOU,RS,DEN,858.0,,43,42,1
200901190HOU,RS,DEN,878.0,,46,42,4
200901190HOU,RS,DEN,884.0,,46,43,3
200901190HOU,RS,DEN,937.0,,46,45,1
200901190HOU,RS,DEN,1071.0,LC,46,47,-1
200901190HOU,RS,DEN,1071.0,,46,48,-2
200901190HOU,RS,DEN,1101.0,,46,50,-4
200901190HOU,RS,DEN,1125.0,,48,50,-2
200901190HOU,RS,DEN,1135.0,,48,52,-4
200901190HOU,RS,DEN,1149.0,,50,52,-2
200901190HOU,RS,DEN,1190.0,T,52,52,0
200901190HOU,RS,DEN,1213.0,,52,54,-2
200901190HOU,RS,DEN,1235.0,T,54,54,0
200901190HOU,RS,DEN,1248.0,,54,56,-2
200901190HOU,RS,DEN,1248.0,,54,57,-3
200901190HOU,RS,DEN,1265.0,,55,57,-2
200901190HOU,RS,DEN,1283.0,,55,59,-4
200901190HOU,RS,DEN,1311.0,,57,59,-2
200901190HOU,RS,DEN,1326.0,,57,61,-4
200901190HOU,RS,DEN,1347.0,,59,61,-2
200901190HOU,RS,DEN,1364.0,T,61,61,0
200901190HOU,RS,DEN,1383.5,,61,63,-2
200901190HOU,RS,DEN,1398.0,T,63,63,0
200901190HOU,RS,DEN,1409.1,,63,65,-2
200901190HOU,RS,DEN,1409.1,,63,66,-3
200901190HOU,RS,DEN,1425.3,,65,66,-1
200901190HOU,RS,DEN,1436.9,,65,68,-3
200901190HOU,RS,DEN,1458.0,,66,68,-2
200901190HOU,RS,DEN,1458.0,,67,68,-1
200901190HOU,RS,DEN,1475.0,,67,70,-3
200901190HOU,RS,DEN,1532.0,,69,70,-1
200901190HOU,RS,DEN,1579.0,,69,72,-3
200901190HOU,RS,DEN,1640.0,,71,72,-1
200901190HOU,RS,DEN,1662.0,,71,74,-3
200901190HOU,RS,DEN,1716.0,,71,76,-5
200901190HOU,RS,DEN,1766.0,,73,76,-3
200901190HOU,RS,DEN,1784.0,,73,77,-4
200901190HOU,RS,DEN,1784.0,,73,78,-5
200901190HOU,RS,DEN,1824.0,,73,80,-7
200901190HOU,RS,DEN,1841.0,,74,80,-6
200901190HOU,RS,DEN,1841.0,,75,80,-5
200901190HOU,RS,DEN,1859.0,,75,81,-6
200901190HOU,RS,DEN,1883.0,,75,83,-8
200901190HOU,RS,DEN,1901.0,,77,83,-6
200901190HOU,RS,DEN,1927.0,,79,83,-4
200901190HOU,RS,DEN,1947.0,,79,85,-6
200901190HOU,RS,DEN,1962.0,,81,85,-4
200901190HOU,RS,DEN,2001.0,,83,85,-2
200901190HOU,RS,DEN,2047.0,,83,87,-4
200901190HOU,RS,DEN,2060.0,,86,87,-1
200901190HOU,RS,DEN,2094.0,LC,88,87,1
200901190HOU,RS,DEN,2112.4,,90,87,3
200901190HOU,RS,DEN,2174.0,T,90,90,0
200901190HOU,RS,DEN,2208.0,LC,90,93,-3
200901190HOU,RS,DEN,2232.0,T,93,93,0
200901190HOU,RS,DEN,2270.0,LC,95,93,2
200901190HOU,RS,DEN,2291.0,T,95,95,0
200901190HOU,RS,DEN,2306.0,,96,95,1
200901190HOU,RS,DEN,2338.0,,99,95,4
200901190HOU,RS,DEN,2378.0,,101,95,6
200901190HOU,RS,DEN,2393.0,,101,97,4
200901190HOU,RS,DEN,2393.0,,101,98,3
200901190HOU,RS,DEN,2432.0,,101,100,1
200901190HOU,RS,DEN,2464.0,LC,101,103,-2
200901190HOU,RS,DEN,2482.0,T,103,103,0
200901190HOU,RS,DEN,2494.0,,103,106,-3
200901190HOU,RS,DEN,2511.0,,103,107,-4
200901190HOU,RS,DEN,2548.0,,105,107,-2
200901190HOU,RS,DEN,2592.0,LC,108,107,1
200901190HOU,RS,DEN,2657.0,T,108,108,0
200901190HOU,RS,DEN,2708.0,,109,108,1
200901190HOU,RS,DEN,2708.0,,110,108,2
200901190HOU,RS,DEN,2747.0,,112,108,4
200901190HOU,RS,DEN,2765.0,,112,110,2
200901190HOU,RS,DEN,2779.0,,114,110,4
200901190HOU,RS,DEN,2815.0,,114,113,1
200901190HOU,RS,DEN,2873.5,F,115,113,2
200901190HOU,RS,DEN,2880.0,,115,113,2
200901210HOU,RS,UTA,0.0,,0,0,0
200901210HOU,RS,UTA,13.0,,2,0,2
200901210HOU,RS,UTA,43.0,,4,0,4
200901210HOU,RS,UTA,43.0,,5,0,5
200901210HOU,RS,UTA,62.0,,5,2,3
200901210HOU,RS,UTA,96.0,,7,2,5
200901210HOU,RS,UTA,115.0,,7,3,4
200901210HOU,RS,UTA,115.0,,7,4,3
200901210HOU,RS,UTA,134.0,,10,4,6
200901210HOU,RS,UTA,173.0,,10,6,4
200901210HOU,RS,UTA,235.0,,10,8,2
200901210HOU,RS,UTA,254.0,,11,8,3
200901210HOU,RS,UTA,254.0,,12,8,4
200901210HOU,RS,UTA,287.0,,12,10,2
200901210HOU,RS,UTA,310.0,,15,10,5
200901210HOU,RS,UTA,346.0,,17,10,7
200901210HOU,RS,UTA,388.0,,17,13,4
200901210HOU,RS,UTA,412.0,,20,13,7
200901210HOU,RS,UTA,443.0,,23,13,10
200901210HOU,RS,UTA,463.0,,23,15,8
200901210HOU,RS,UTA,495.0,,23,16,7
200901210HOU,RS,UTA,495.0,,23,17,6
200901210HOU,RS,UTA,539.0,,23,19,4
200901210HOU,RS,UTA,577.0,,25,19,6
200901210HOU,RS,UTA,662.5,,27,19,8
200901210HOU,RS,UTA,682.1,,29,19,10
200901210HOU,RS,UTA,699.4,,31,19,12
200901210HOU,RS,UTA,776.0,,31,21,10
200901210HOU,RS,UTA,828.0,,34,21,13
200901210HOU,RS,UTA,882.0,,34,23,11
200901210HOU,RS,UTA,932.0,,37,23,14
200901210HOU,RS,UTA,962.0,,39,23,16
200901210HOU,RS,UTA,997.0,,39,25,14
200901210HOU,RS,UTA,1024.0,,39,26,13
200901210HOU,RS,UTA,1024.0,,39,27,12
200901210HOU,RS,UTA,1123.0,,42,27,15
200901210HOU,RS,UTA,1141.0,,42,29,13
200901210HOU,RS,UTA,1167.0,,44,29,15
200901210HOU,RS,UTA,1186.0,,44,31,13
200901210HOU,RS,UTA,1210.0,,44,32,12
200901210HOU,RS,UTA,1248.0,,44,34,10
200901210HOU,RS,UTA,1273.0,,44,36,8
200901210HOU,RS,UTA,1289.0,,47,36,11
200901210HOU,RS,UTA,1309.0,,47,37,10
200901210HOU,RS,UTA,1309.0,,47,38,9
200901210HOU,RS,UTA,1336.0,,47,40,7
200901210HOU,RS,UTA,1355.0,,48,40,8
200901210HOU,RS,UTA,1355.0,,49,40,9
200901210HOU,RS,UTA,1371.0,,50,40,10
200901210HOU,RS,UTA,1371.0,,51,40,11
200901210HOU,RS,UTA,1396.0,,52,40,12
200901210HOU,RS,UTA,1396.0,,53,40,13
200901210HOU,RS,UTA,1407.1,,53,42,11
200901210HOU,RS,UTA,1426.5,,55,42,13
200901210HOU,RS,UTA,1479.0,,56,42,14
200901210HOU,RS,UTA,1479.0,,57,42,15
200901210HOU,RS,UTA,1532.0,,57,44,13
200901210HOU,RS,UTA,1570.0,,59,44,15
200901210HOU,RS,UTA,1591.0,,59,46,13
200901210HOU,RS,UTA,1614.0,,59,48,11
200901210HOU,RS,UTA,1652.0,,59,50,9
200901210HOU,RS,UTA,1670.0,,61,50,11
200901210HOU,RS,UTA,1679.0,,61,51,10
200901210HOU,RS,UTA,1679.0,,61,52,9
200901210HOU,RS,UTA,1723.0,,63,52,11
200901210HOU,RS,UTA,1737.0,,63,54,9
200901210HOU,RS,UTA,1754.0,,64,54,10
200901210HOU,RS,UTA,1774.0,,67,54,13
200901210HOU,RS,UTA,1798.0,,70,54,16
200901210HOU,RS,UTA,1825.0,,70,57,13
200901210HOU,RS,UTA,1843.0,,72,57,15
200901210HOU,RS,UTA,1857.0,,72,58,14
200901210HOU,RS,UTA,1857.0,,72,59,13
200901210HOU,RS,UTA,1906.0,,72,61,11
200901210HOU,RS,UTA,1934.0,,72,63,9
200901210HOU,RS,UTA,1973.0,,72,66,6
200901210HOU,RS,UTA,1993.0,,74,66,8
200901210HOU,RS,UTA,1993.0,,75,66,9
200901210HOU,RS,UTA,2049.0,,77,66,11
200901210HOU,RS,UTA,2068.0,,77,67,10
200901210HOU,RS,UTA,2068.0,,77,68,9
200901210HOU,RS,UTA,2079.0,,79,68,11
200901210HOU,RS,UTA,2088.0,,79,70,9
200901210HOU,RS,UTA,2107.0,,80,70,10
200901210HOU,RS,UTA,2156.9,,80,73,7
200901210HOU,RS,UTA,2206.0,,82,73,9
200901210HOU,RS,UTA,2262.0,,82,75,7
200901210HOU,RS,UTA,2278.0,,84,75,9
200901210HOU,RS,UTA,2278.0,,85,75,10
200901210HOU,RS,UTA,2298.0,,85,76,9
200901210HOU,RS,UTA,2384.0,,85,77,8
200901210HOU,RS,UTA,2421.0,,87,77,10
200901210HOU,RS,UTA,2448.0,,87,79,8
200901210HOU,RS,UTA,2462.0,,87,80,7
200901210HOU,RS,UTA,2496.0,,89,80,9
200901210HOU,RS,UTA,2625.0,,91,80,11
200901210HOU,RS,UTA,2643.0,,91,83,8
200901210HOU,RS,UTA,2678.0,,91,85,6
200901210HOU,RS,UTA,2710.0,,91,87,4
200901210HOU,RS,UTA,2726.0,,94,87,7
200901210HOU,RS,UTA,2744.0,,94,88,6
200901210HOU,RS,UTA,2761.0,,95,88,7
200901210HOU,RS,UTA,2761.0,,96,88,8
200901210HOU,RS,UTA,2777.0,,96,91,5
200901210HOU,RS,UTA,2830.1,,97,91,6
200901210HOU,RS,UTA,2830.1,,98,91,7
200901210HOU,RS,UTA,2841.6,,99,91,8
200901210HOU,RS,UTA,2841.6,,100,91,9
200901210HOU,RS,UTA,2842.4,,100,93,7
200901210HOU,RS,UTA,2843.0,,101,93,8
200901210HOU,RS,UTA,2843.0,,102,93,9
200901210HOU,RS,UTA,2844.2,,102,95,7
200901210HOU,RS,UTA,2845.9,,103,95,8
200901210HOU,RS,UTA,2845.9,,104,95,9
200901210HOU,RS,UTA,2852.3,,104,97,7
200901210HOU,RS,UTA,2853.3,,105,97,8
200901210HOU,RS,UTA,2853.3,,106,97,9
200901210HOU,RS,UTA,2867.4,,108,97,11
200901210HOU,RS,UTA,2874.2,F,108,99,9
200901210HOU,RS,UTA,2880.0,,108,99,9
200901230IND,RS,IND,0.0,,0,0,0
200901230IND,RS,IND,20.0,,0,1,-1
200901230IND,RS,IND,20.0,,0,2,-2
200901230IND,RS,IND,43.0,T,2,2,0
200901230IND,RS,IND,94.0,,2,4,-2
200901230IND,RS,IND,175.0,,2,7,-5
200901230IND,RS,IND,192.0,,4,7,-3
200901230IND,RS,IND,252.0,T,7,7,0
200901230IND,RS,IND,258.0,,7,8,-1
200901230IND,RS,IND,279.0,LC,10,8,2
200901230IND,RS,IND,302.0,,12,8,4
200901230IND,RS,IND,317.0,,12,10,2
200901230IND,RS,IND,369.0,,14,10,4
200901230IND,RS,IND,412.0,,16,10,6
200901230IND,RS,IND,472.0,,18,10,8
200901230IND,RS,IND,487.0,,18,12,6
200901230IND,RS,IND,502.0,,20,12,8
200901230IND,RS,IND,522.0,,20,14,6
200901230IND,RS,IND,555.0,,20,15,5
200901230IND,RS,IND,579.0,,20,17,3
200901230IND,RS,IND,641.0,,20,19,1
200901230IND,RS,IND,657.0,,22,19,3
200901230IND,RS,IND,674.4,,22,21,1
200901230IND,RS,IND,719.0,,24,21,3
200901230IND,RS,IND,733.0,,24,23,1
200901230IND,RS,IND,776.0,,26,23,3
200901230IND,RS,IND,798.0,,26,25,1
200901230IND,RS,IND,817.0,,28,25,3
200901230IND,RS,IND,836.0,,28,27,1
200901230IND,RS,IND,916.0,,30,27,3
200901230IND,RS,IND,955.0,,30,29,1
200901230IND,RS,IND,979.0,LC,30,32,-2
200901230IND,RS,IND,1015.0,,30,35,-5
200901230IND,RS,IND,1032.0,,31,35,-4
200901230IND,RS,IND,1111.0,,31,37,-6
200901230IND,RS,IND,1170.0,,31,40,-9
200901230IND,RS,IND,1211.0,,33,40,-7
200901230IND,RS,IND,1255.0,,33,43,-10
200901230IND,RS,IND,1266.0,,33,44,-11
200901230IND,RS,IND,1272.0,,35,44,-9
200901230IND,RS,IND,1272.0,,36,44,-8
200901230IND,RS,IND,1340.0,,37,44,-7
200901230IND,RS,IND,1340.0,,38,44,-6
200901230IND,RS,IND,1353.0,,38,45,-7
200901230IND,RS,IND,1353.0,,38,46,-8
200901230IND,RS,IND,1387.2,,38,48,-10
200901230IND,RS,IND,1394.3,,39,48,-9
200901230IND,RS,IND,1394.3,,40,48,-8
200901230IND,RS,IND,1436.3,,40,50,-10
200901230IND,RS,IND,1484.0,,40,51,-11
200901230IND,RS,IND,1533.0,,40,52,-12
200901230IND,RS,IND,1533.0,,40,53,-13
200901230IND,RS,IND,1570.0,,42,53,-11
200901230IND,RS,IND,1585.0,,42,55,-13
200901230IND,RS,IND,1607.0,,42,57,-15
200901230IND,RS,IND,1641.0,,42,58,-16
200901230IND,RS,IND,1641.0,,42,59,-17
200901230IND,RS,IND,1658.0,,44,59,-15
200901230IND,RS,IND,1670.0,,44,60,-16
200901230IND,RS,IND,1670.0,,44,61,-17
200901230IND,RS,IND,1679.0,,46,61,-15
200901230IND,RS,IND,1743.0,,48,61,-13
200901230IND,RS,IND,1751.0,,48,62,-14
200901230IND,RS,IND,1789.0,,50,62,-12
200901230IND,RS,IND,1823.0,,52,62,-10
200901230IND,RS,IND,1823.0,,53,62,-9
200901230IND,RS,IND,1835.0,,53,64,-11
200901230IND,RS,IND,1904.0,,54,64,-10
200901230IND,RS,IND,1904.0,,55,64,-9
200901230IND,RS,IND,1924.0,,56,64,-8
200901230IND,RS,IND,1924.0,,57,64,-7
200901230IND,RS,IND,1935.0,,57,67,-10
200901230IND,RS,IND,1975.0,,59,67,-8
200901230IND,RS,IND,2024.0,,59,69,-10
200901230IND,RS,IND,2051.0,,59,70,-11
200901230IND,RS,IND,2089.0,,60,70,-10
200901230IND,RS,IND,2089.0,,61,70,-9
200901230IND,RS,IND,2107.9,,64,70,-6
200901230IND,RS,IND,2118.7,,64,72,-8
200901230IND,RS,IND,2131.8,,65,72,-7
200901230IND,RS,IND,2185.0,,65,74,-9
200901230IND,RS,IND,2203.0,,68,74,-6
200901230IND,RS,IND,2232.0,,70,74,-4
200901230IND,RS,IND,2246.0,,70,75,-5
200901230IND,RS,IND,2246.0,,70,76,-6
200901230IND,RS,IND,2259.0,,72,76,-4
200901230IND,RS,IND,2274.0,,72,79,-7
200901230IND,RS,IND,2319.0,,74,79,-5
200901230IND,RS,IND,2319.0,,75,79,-4
200901230IND,RS,IND,2332.0,,75,81,-6
200901230IND,RS,IND,2342.0,,76,81,-5
200901230IND,RS,IND,2342.0,,77,81,-4
200901230IND,RS,IND,2356.0,,77,83,-6
200901230IND,RS,IND,2434.0,,77,85,-8
200901230IND,RS,IND,2434.0,,77,86,-9
200901230IND,RS,IND,2452.0,,79,86,-7
200901230IND,RS,IND,2463.0,,79,87,-8
200901230IND,RS,IND,2463.0,,79,88,-9
200901230IND,RS,IND,2482.0,,80,88,-8
200901230IND,RS,IND,2482.0,,81,88,-7
200901230IND,RS,IND,2532.0,,81,91,-10
200901230IND,RS,IND,2580.0,,81,93,-12
200901230IND,RS,IND,2588.0,,82,93,-11
200901230IND,RS,IND,2620.0,,84,93,-9
200901230IND,RS,IND,2646.0,,86,93,-7
200901230IND,RS,IND,2659.0,,86,95,-9
200901230IND,RS,IND,2676.0,,87,95,-8
200901230IND,RS,IND,2676.0,,88,95,-7
200901230IND,RS,IND,2693.0,,88,96,-8
200901230IND,RS,IND,2693.0,,88,97,-9
200901230IND,RS,IND,2739.0,,90,97,-7
200901230IND,RS,IND,2776.0,,92,97,-5
200901230IND,RS,IND,2811.0,,92,98,-6
200901230IND,RS,IND,2811.0,,92,99,-7
200901230IND,RS,IND,2820.0,,94,99,-5
200901230IND,RS,IND,2854.0,,97,99,-2
200901230IND,RS,IND,2854.5,,97,100,-3
200901230IND,RS,IND,2854.5,,97,101,-4
200901230IND,RS,IND,2863.6,,97,102,-5
200901230IND,RS,IND,2863.6,,97,103,-6
200901230IND,RS,IND,2865.6,,99,103,-4
200901230IND,RS,IND,2865.6,,99,104,-5
200901230IND,RS,IND,2866.7,,99,105,-6
200901230IND,RS,IND,2875.0,,102,105,-3
200901230IND,RS,IND,2875.3,,102,106,-4
200901230IND,RS,IND,2875.3,F,102,107,-5
200901230IND,RS,IND,2880.0,,102,107,-5
200901250DET,RS,DET,0.0,,0,0,0
200901250DET,RS,DET,47.0,,3,0,3
200901250DET,RS,DET,77.0,,6,0,6
200901250DET,RS,DET,103.0,,6,2,4
200901250DET,RS,DET,114.0,,8,2,6
200901250DET,RS,DET,152.0,,10,2,8
200901250DET,RS,DET,166.0,,10,4,6
200901250DET,RS,DET,221.0,,13,4,9
200901250DET,RS,DET,249.0,,15,4,11
200901250DET,RS,DET,262.0,,15,6,9
200901250DET,RS,DET,278.0,,18,6,12
200901250DET,RS,DET,328.0,,18,9,9
200901250DET,RS,DET,341.0,,20,9,11
200901250DET,RS,DET,363.0,,20,11,9
200901250DET,RS,DET,374.0,,22,11,11
200901250DET,RS,DET,387.0,,22,13,9
200901250DET,RS,DET,403.0,,25,13,12
200901250DET,RS,DET,426.0,,25,16,9
200901250DET,RS,DET,453.0,,25,17,8
200901250DET,RS,DET,453.0,,25,18,7
200901250DET,RS,DET,480.0,,25,20,5
200901250DET,RS,DET,519.0,,27,20,7
200901250DET,RS,DET,538.0,,27,23,4
200901250DET,RS,DET,565.0,,29,23,6
200901250DET,RS,DET,593.0,,31,23,8
200901250DET,RS,DET,610.0,,31,25,6
200901250DET,RS,DET,632.0,,34,25,9
200901250DET,RS,DET,677.4,,37,25,12
200901250DET,RS,DET,694.6,,37,27,10
200901250DET,RS,DET,716.7,,38,27,11
200901250DET,RS,DET,716.7,,39,27,12
200901250DET,RS,DET,759.0,,41,27,14
200901250DET,RS,DET,759.0,,42,27,15
200901250DET,RS,DET,771.0,,42,29,13
200901250DET,RS,DET,794.0,,42,31,11
200901250DET,RS,DET,844.0,,44,31,13
200901250DET,RS,DET,888.0,,44,33,11
200901250DET,RS,DET,907.0,,46,33,13
200901250DET,RS,DET,931.0,,46,35,11
200901250DET,RS,DET,958.0,,46,38,8
200901250DET,RS,DET,983.0,,46,40,6
200901250DET,RS,DET,1019.0,,46,42,4
200901250DET,RS,DET,1054.0,,46,43,3
200901250DET,RS,DET,1054.0,,46,44,2
200901250DET,RS,DET,1072.0,,48,44,4
200901250DET,RS,DET,1089.0,,48,46,2
200901250DET,RS,DET,1107.0,,50,46,4
200901250DET,RS,DET,1177.0,,52,46,6
200901250DET,RS,DET,1227.0,,54,46,8
200901250DET,RS,DET,1245.0,,54,48,6
200901250DET,RS,DET,1262.0,,56,48,8
200901250DET,RS,DET,1277.0,,56,50,6
200901250DET,RS,DET,1295.0,,57,50,7
200901250DET,RS,DET,1295.0,,58,50,8
200901250DET,RS,DET,1318.0,,58,52,6
200901250DET,RS,DET,1357.0,,58,54,4
200901250DET,RS,DET,1377.0,,61,54,7
200901250DET,RS,DET,1398.9,,61,56,5
200901250DET,RS,DET,1398.9,,61,57,4
200901250DET,RS,DET,1477.0,,61,59,2
200901250DET,RS,DET,1490.0,,63,59,4
200901250DET,RS,DET,1515.0,,63,61,2
200901250DET,RS,DET,1532.0,,65,61,4
200901250DET,RS,DET,1590.0,,65,63,2
200901250DET,RS,DET,1602.0,,67,63,4
200901250DET,RS,DET,1644.0,,67,66,1
200901250DET,RS,DET,1666.0,,68,66,2
200901250DET,RS,DET,1710.0,T,68,68,0
200901250DET,RS,DET,1760.0,LC,68,69,-1
200901250DET,RS,DET,1773.0,LC,70,69,1
200901250DET,RS,DET,1814.0,LC,70,71,-1
200901250DET,RS,DET,1830.0,LC,73,71,2
200901250DET,RS,DET,1860.0,T,73,73,0
200901250DET,RS,DET,1892.0,,75,73,2
200901250DET,RS,DET,1931.0,,76,73,3
200901250DET,RS,DET,1931.0,,77,73,4
200901250DET,RS,DET,1947.0,,77,75,2
200901250DET,RS,DET,1947.0,,77,76,1
200901250DET,RS,DET,1968.0,,78,76,2
200901250DET,RS,DET,1968.0,,79,76,3
200901250DET,RS,DET,1978.0,,79,77,2
200901250DET,RS,DET,1978.0,,79,78,1
200901250DET,RS,DET,1995.0,,81,78,3
200901250DET,RS,DET,1995.0,,82,78,4
200901250DET,RS,DET,2012.0,,82,80,2
200901250DET,RS,DET,2061.0,,83,80,3
200901250DET,RS,DET,2061.0,,84,80,4
200901250DET,RS,DET,2085.0,,87,80,7
200901250DET,RS,DET,2100.0,,87,81,6
200901250DET,RS,DET,2144.0,,88,81,7
200901250DET,RS,DET,2144.0,,89,81,8
200901250DET,RS,DET,2190.0,,92,81,11
200901250DET,RS,DET,2219.0,,94,81,13
200901250DET,RS,DET,2257.0,,96,81,15
200901250DET,RS,DET,2276.0,,96,83,13
200901250DET,RS,DET,2313.0,,96,86,10
200901250DET,RS,DET,2337.0,,98,86,12
200901250DET,RS,DET,2382.0,,98,88,10
200901250DET,RS,DET,2447.0,,101,88,13
200901250DET,RS,DET,2465.0,,101,90,11
200901250DET,RS,DET,2497.0,,101,92,9
200901250DET,RS,DET,2534.0,,101,94,7
200901250DET,RS,DET,2579.0,,101,96,5
200901250DET,RS,DET,2597.0,,103,96,7
200901250DET,RS,DET,2620.0,,103,98,5
200901250DET,RS,DET,2662.0,,103,99,4
200901250DET,RS,DET,2810.0,,105,99,6
200901250DET,RS,DET,2826.8,,105,101,4
200901250DET,RS,DET,2856.4,,105,103,2
200901250DET,RS,DET,2865.6,,106,103,3
200901250DET,RS,DET,2865.6,,107,103,4
200901250DET,RS,DET,2869.3,,107,105,2
200901250DET,RS,DET,2869.8,F,108,105,3
200901250DET,RS,DET,2880.0,,108,105,3
200901260NYK,RS,NYK,0.0,,0,0,0
200901260NYK,RS,NYK,13.0,,0,2,-2
200901260NYK,RS,NYK,34.0,T,2,2,0
200901260NYK,RS,NYK,75.0,LC,4,2,2
200901260NYK,RS,NYK,95.0,LC,4,5,-1
200901260NYK,RS,NYK,115.0,LC,7,5,2
200901260NYK,RS,NYK,129.0,T,7,7,0
200901260NYK,RS,NYK,146.0,,9,7,2
200901260NYK,RS,NYK,212.0,T,9,9,0
200901260NYK,RS,NYK,250.0,LC,9,11,-2
200901260NYK,RS,NYK,292.0,T,11,11,0
200901260NYK,RS,NYK,306.0,,11,12,-1
200901260NYK,RS,NYK,339.0,,11,14,-3
200901260NYK,RS,NYK,365.0,,11,16,-5
200901260NYK,RS,NYK,390.0,,13,16,-3
200901260NYK,RS,NYK,400.0,,13,18,-5
200901260NYK,RS,NYK,400.0,,13,19,-6
200901260NYK,RS,NYK,492.0,,15,19,-4
200901260NYK,RS,NYK,502.0,,15,21,-6
200901260NYK,RS,NYK,574.0,,15,23,-8
200901260NYK,RS,NYK,595.0,,17,23,-6
200901260NYK,RS,NYK,620.0,,17,24,-7
200901260NYK,RS,NYK,620.0,,17,25,-8
200901260NYK,RS,NYK,655.0,,19,25,-6
200901260NYK,RS,NYK,686.0,,21,25,-4
200901260NYK,RS,NYK,703.1,,21,26,-5
200901260NYK,RS,NYK,716.3,,22,26,-4
200901260NYK,RS,NYK,716.3,,23,26,-3
200901260NYK,RS,NYK,720.0,,23,29,-6
200901260NYK,RS,NYK,778.0,,26,29,-3
200901260NYK,RS,NYK,817.0,,26,32,-6
200901260NYK,RS,NYK,825.0,,29,32,-3
200901260NYK,RS,NYK,835.0,,29,34,-5
200901260NYK,RS,NYK,862.0,,29,36,-7
200901260NYK,RS,NYK,876.0,,30,36,-6
200901260NYK,RS,NYK,876.0,,31,36,-5
200901260NYK,RS,NYK,889.0,,31,38,-7
200901260NYK,RS,NYK,907.0,,34,38,-4
200901260NYK,RS,NYK,942.0,,36,38,-2
200901260NYK,RS,NYK,956.0,,36,39,-3
200901260NYK,RS,NYK,956.0,,36,40,-4
200901260NYK,RS,NYK,969.0,,38,40,-2
200901260NYK,RS,NYK,1010.0,LC,41,40,1
200901260NYK,RS,NYK,1044.0,,43,40,3
200901260NYK,RS,NYK,1061.0,,43,42,1
200901260NYK,RS,NYK,1061.0,T,43,43,0
200901260NYK,RS,NYK,1076.0,,44,43,1
200901260NYK,RS,NYK,1076.0,,45,43,2
200901260NYK,RS,NYK,1091.0,T,45,45,0
200901260NYK,RS,NYK,1122.0,LC,45,46,-1
200901260NYK,RS,NYK,1135.0,LC,47,46,1
200901260NYK,RS,NYK,1177.0,LC,47,48,-1
200901260NYK,RS,NYK,1196.0,LC,49,48,1
200901260NYK,RS,NYK,1259.0,,51,48,3
200901260NYK,RS,NYK,1286.0,,52,48,4
200901260NYK,RS,NYK,1286.0,,53,48,5
200901260NYK,RS,NYK,1355.0,,55,48,7
200901260NYK,RS,NYK,1362.0,,55,50,5
200901260NYK,RS,NYK,1362.0,,55,51,4
200901260NYK,RS,NYK,1396.6,,58,51,7
200901260NYK,RS,NYK,1406.3,,58,53,5
200901260NYK,RS,NYK,1431.1,,58,54,4
200901260NYK,RS,NYK,1431.1,,58,55,3
200901260NYK,RS,NYK,1516.0,,61,55,6
200901260NYK,RS,NYK,1579.0,,61,56,5
200901260NYK,RS,NYK,1619.0,,61,59,2
200901260NYK,RS,NYK,1645.0,,64,59,5
200901260NYK,RS,NYK,1681.0,,66,59,7
200901260NYK,RS,NYK,1733.0,,66,61,5
200901260NYK,RS,NYK,1753.0,,69,61,8
200901260NYK,RS,NYK,1820.0,,70,61,9
200901260NYK,RS,NYK,1829.0,,70,63,7
200901260NYK,RS,NYK,1876.0,,71,63,8
200901260NYK,RS,NYK,1876.0,,72,63,9
200901260NYK,RS,NYK,1885.0,,72,65,7
200901260NYK,RS,NYK,1898.0,,73,65,8
200901260NYK,RS,NYK,1898.0,,74,65,9
200901260NYK,RS,NYK,1914.0,,74,67,7
200901260NYK,RS,NYK,1978.0,,74,69,5
200901260NYK,RS,NYK,2025.0,,75,69,6
200901260NYK,RS,NYK,2025.0,,76,69,7
200901260NYK,RS,NYK,2038.0,,76,71,5
200901260NYK,RS,NYK,2067.0,,76,73,3
200901260NYK,RS,NYK,2067.0,,76,74,2
200901260NYK,RS,NYK,2086.0,,78,74,4
200901260NYK,RS,NYK,2126.1,,80,74,6
200901260NYK,RS,NYK,2206.0,,80,76,4
200901260NYK,RS,NYK,2229.0,,82,76,6
200901260NYK,RS,NYK,2262.0,,84,76,8
200901260NYK,RS,NYK,2280.0,,84,78,6
200901260NYK,RS,NYK,2296.0,,85,78,7
200901260NYK,RS,NYK,2296.0,,86,78,8
200901260NYK,RS,NYK,2313.0,,86,79,7
200901260NYK,RS,NYK,2313.0,,86,80,6
200901260NYK,RS,NYK,2331.0,,88,80,8
200901260NYK,RS,NYK,2401.0,,89,80,9
200901260NYK,RS,NYK,2418.0,,89,82,7
200901260NYK,RS,NYK,2446.0,,89,83,6
200901260NYK,RS,NYK,2446.0,,89,84,5
200901260NYK,RS,NYK,2446.0,,89,85,4
200901260NYK,RS,NYK,2472.0,,89,88,1
200901260NYK,RS,NYK,2506.0,,92,88,4
200901260NYK,RS,NYK,2555.0,,94,88,6
200901260NYK,RS,NYK,2573.0,,94,90,4
200901260NYK,RS,NYK,2594.0,,94,92,2
200901260NYK,RS,NYK,2647.0,,94,93,1
200901260NYK,RS,NYK,2647.0,T,94,94,0
200901260NYK,RS,NYK,2722.0,,96,94,2
200901260NYK,RS,NYK,2739.0,LC,96,97,-1
200901260NYK,RS,NYK,2778.0,,96,99,-3
200901260NYK,RS,NYK,2825.4,,98,99,-1
200901260NYK,RS,NYK,2838.7,,98,101,-3
200901260NYK,RS,NYK,2861.9,,98,102,-4
200901260NYK,RS,NYK,2861.9,,98,103,-5
200901260NYK,RS,NYK,2866.8,F,98,104,-6
200901260NYK,RS,NYK,2880.0,,98,104,-6
200901280HOU,RS,PHI,0.0,,0,0,0
200901280HOU,RS,PHI,23.0,,0,2,-2
200901280HOU,RS,PHI,38.0,T,2,2,0
200901280HOU,RS,PHI,76.0,,2,4,-2
200901280HOU,RS,PHI,109.0,,2,6,-4
200901280HOU,RS,PHI,136.0,,2,8,-6
200901280HOU,RS,PHI,178.0,,3,8,-5
200901280HOU,RS,PHI,183.0,,5,8,-3
200901280HOU,RS,PHI,201.0,,5,10,-5
200901280HOU,RS,PHI,215.0,,7,10,-3
200901280HOU,RS,PHI,236.0,,9,10,-1
200901280HOU,RS,PHI,277.0,,9,12,-3
200901280HOU,RS,PHI,326.0,,9,14,-5
200901280HOU,RS,PHI,352.0,,12,14,-2
200901280HOU,RS,PHI,399.0,T,14,14,0
200901280HOU,RS,PHI,399.0,LC,15,14,1
200901280HOU,RS,PHI,411.0,LC,15,16,-1
200901280HOU,RS,PHI,466.0,LC,17,16,1
200901280HOU,RS,PHI,523.0,LC,17,18,-1
200901280HOU,RS,PHI,547.0,LC,20,18,2
200901280HOU,RS,PHI,584.0,,22,18,4
200901280HOU,RS,PHI,596.0,,22,20,2
200901280HOU,RS,PHI,647.0,T,22,22,0
200901280HOU,RS,PHI,668.3,,24,22,2
200901280HOU,RS,PHI,686.2,,25,22,3
200901280HOU,RS,PHI,686.2,,26,22,4
200901280HOU,RS,PHI,690.6,,26,25,1
200901280HOU,RS,PHI,715.7,LC,26,27,-1
200901280HOU,RS,PHI,752.0,,26,28,-2
200901280HOU,RS,PHI,752.0,,26,29,-3
200901280HOU,RS,PHI,762.0,,28,29,-1
200901280HOU,RS,PHI,793.0,LC,31,29,2
200901280HOU,RS,PHI,827.0,T,31,31,0
200901280HOU,RS,PHI,863.0,LC,31,32,-1
200901280HOU,RS,PHI,863.0,,31,33,-2
200901280HOU,RS,PHI,904.0,,32,33,-1
200901280HOU,RS,PHI,934.0,LC,34,33,1
200901280HOU,RS,PHI,951.0,T,34,34,0
200901280HOU,RS,PHI,951.0,LC,34,35,-1
200901280HOU,RS,PHI,992.0,LC,36,35,1
200901280HOU,RS,PHI,1003.0,LC,36,37,-1
200901280HOU,RS,PHI,1036.0,T,37,37,0
200901280HOU,RS,PHI,1070.0,LC,39,37,2
200901280HOU,RS,PHI,1094.0,,41,37,4
200901280HOU,RS,PHI,1122.0,,43,37,6
200901280HOU,RS,PHI,1228.0,,43,39,4
200901280HOU,RS,PHI,1248.0,,43,40,3
200901280HOU,RS,PHI,1248.0,,43,41,2
200901280HOU,RS,PHI,1256.0,,45,41,4
200901280HOU,RS,PHI,1331.0,,46,41,5
200901280HOU,RS,PHI,1331.0,,47,41,6
200901280HOU,RS,PHI,1351.0,,47,43,4
200901280HOU,RS,PHI,1361.0,,48,43,5
200901280HOU,RS,PHI,1361.0,,49,43,6
200901280HOU,RS,PHI,1386.3,,51,43,8
200901280HOU,RS,PHI,1401.5,,51,45,6
200901280HOU,RS,PHI,1458.0,,53,45,8
200901280HOU,RS,PHI,1499.0,,53,47,6
200901280HOU,RS,PHI,1577.0,,56,47,9
200901280HOU,RS,PHI,1589.0,,56,48,8
200901280HOU,RS,PHI,1589.0,,56,49,7
200901280HOU,RS,PHI,1609.0,,56,51,5
200901280HOU,RS,PHI,1626.0,,58,51,7
200901280HOU,RS,PHI,1665.0,,60,51,9
200901280HOU,RS,PHI,1690.0,,62,51,11
200901280HOU,RS,PHI,1716.0,,65,51,14
200901280HOU,RS,PHI,1758.0,,65,52,13
200901280HOU,RS,PHI,1758.0,,65,53,12
200901280HOU,RS,PHI,1771.0,,65,55,10
200901280HOU,RS,PHI,1830.0,,65,57,8
200901280HOU,RS,PHI,1844.0,,68,57,11
200901280HOU,RS,PHI,1855.0,,68,59,9
200901280HOU,RS,PHI,1905.0,,71,59,12
200901280HOU,RS,PHI,1925.0,,71,61,10
200901280HOU,RS,PHI,1946.0,,73,61,12
200901280HOU,RS,PHI,1964.0,,73,63,10
200901280HOU,RS,PHI,2020.0,,73,65,8
200901280HOU,RS,PHI,2034.0,,74,65,9
200901280HOU,RS,PHI,2050.0,,74,67,7
200901280HOU,RS,PHI,2071.0,,76,67,9
200901280HOU,RS,PHI,2110.6,,76,69,7
200901280HOU,RS,PHI,2160.0,,76,71,5
200901280HOU,RS,PHI,2193.0,,78,71,7
200901280HOU,RS,PHI,2225.0,,80,71,9
200901280HOU,RS,PHI,2273.0,,80,73,7
200901280HOU,RS,PHI,2301.0,,80,74,6
200901280HOU,RS,PHI,2301.0,,80,75,5
200901280HOU,RS,PHI,2314.0,,82,75,7
200901280HOU,RS,PHI,2383.0,,82,77,5
200901280HOU,RS,PHI,2405.0,,82,79,3
200901280HOU,RS,PHI,2474.0,,82,81,1
200901280HOU,RS,PHI,2493.0,,84,81,3
200901280HOU,RS,PHI,2518.0,,84,83,1
200901280HOU,RS,PHI,2544.0,,86,83,3
200901280HOU,RS,PHI,2559.0,,86,84,2
200901280HOU,RS,PHI,2559.0,,86,85,1
200901280HOU,RS,PHI,2583.0,T,86,86,0
200901280HOU,RS,PHI,2583.0,LC,86,87,-1
200901280HOU,RS,PHI,2606.0,LC,89,87,2
200901280HOU,RS,PHI,2652.0,T,89,89,0
200901280HOU,RS,PHI,2671.0,LC,89,90,-1
200901280HOU,RS,PHI,2671.0,,89,91,-2
200901280HOU,RS,PHI,2745.0,,89,93,-4
200901280HOU,RS,PHI,2823.8,,91,93,-2
200901280HOU,RS,PHI,2843.3,,91,95,-4
200901280HOU,RS,PHI,2850.9,F,93,95,-2
200901280HOU,RS,PHI,2880.0,,93,95,-2
200901310HOU,RS,GSW,0.0,,0,0,0
200901310HOU,RS,GSW,84.0,,0,1,-1
200901310HOU,RS,GSW,84.0,,0,2,-2
200901310HOU,RS,GSW,103.0,,0,4,-4
200901310HOU,RS,GSW,121.0,,2,4,-2
200901310HOU,RS,GSW,135.0,,2,6,-4
200901310HOU,RS,GSW,149.0,,4,6,-2
200901310HOU,RS,GSW,149.0,,5,6,-1
200901310HOU,RS,GSW,176.0,LC,7,6,1
200901310HOU,RS,GSW,218.0,,9,6,3
200901310HOU,RS,GSW,235.0,,9,8,1
200901310HOU,RS,GSW,285.0,LC,9,10,-1
200901310HOU,RS,GSW,322.0,,9,12,-3
200901310HOU,RS,GSW,377.0,T,12,12,0
200901310HOU,RS,GSW,455.0,,12,14,-2
200901310HOU,RS,GSW,471.0,T,14,14,0
200901310HOU,RS,GSW,489.0,,14,16,-2
200901310HOU,RS,GSW,541.0,T,16,16,0
200901310HOU,RS,GSW,581.0,,16,18,-2
200901310HOU,RS,GSW,616.0,T,18,18,0
200901310HOU,RS,GSW,648.0,LC,19,18,1
200901310HOU,RS,GSW,660.0,LC,19,20,-1
200901310HOU,RS,GSW,665.1,LC,21,20,1
200901310HOU,RS,GSW,665.1,,22,20,2
200901310HOU,RS,GSW,692.1,,25,20,5
200901310HOU,RS,GSW,748.0,,27,20,7
200901310HOU,RS,GSW,799.0,,29,20,9
200901310HOU,RS,GSW,854.0,,29,23,6
200901310HOU,RS,GSW,891.0,,31,23,8
200901310HOU,RS,GSW,906.0,,31,25,6
200901310HOU,RS,GSW,931.0,,31,28,3
200901310HOU,RS,GSW,953.0,,33,28,5
200901310HOU,RS,GSW,965.0,,33,29,4
200901310HOU,RS,GSW,965.0,,33,30,3
200901310HOU,RS,GSW,981.0,,35,30,5
200901310HOU,RS,GSW,1012.0,,37,30,7
200901310HOU,RS,GSW,1040.0,,38,30,8
200901310HOU,RS,GSW,1040.0,,39,30,9
200901310HOU,RS,GSW,1055.0,,39,32,7
200901310HOU,RS,GSW,1056.0,,40,32,8
200901310HOU,RS,GSW,1074.0,,41,32,9
200901310HOU,RS,GSW,1074.0,,42,32,10
200901310HOU,RS,GSW,1086.0,,42,34,8
200901310HOU,RS,GSW,1135.0,,42,35,7
200901310HOU,RS,GSW,1135.0,,42,36,6
200901310HOU,RS,GSW,1167.0,,42,38,4
200901310HOU,RS,GSW,1203.0,,42,40,2
200901310HOU,RS,GSW,1228.0,,44,40,4
200901310HOU,RS,GSW,1228.0,,45,40,5
200901310HOU,RS,GSW,1241.0,,45,41,4
200901310HOU,RS,GSW,1241.0,,45,42,3
200901310HOU,RS,GSW,1259.0,,46,42,4
200901310HOU,RS,GSW,1259.0,,47,42,5
200901310HOU,RS,GSW,1276.0,,47,44,3
200901310HOU,RS,GSW,1288.0,,48,44,4
200901310HOU,RS,GSW,1288.0,,49,44,5
200901310HOU,RS,GSW,1334.0,,49,46,3
200901310HOU,RS,GSW,1374.0,,50,46,4
200901310HOU,RS,GSW,1403.7,,52,46,6
200901310HOU,RS,GSW,1417.5,,52,47,5
200901310HOU,RS,GSW,1417.5,,52,48,4
200901310HOU,RS,GSW,1436.8,,53,48,5
200901310HOU,RS,GSW,1440.0,,53,51,2
200901310HOU,RS,GSW,1462.0,T,53,53,0
200901310HOU,RS,GSW,1485.0,,54,53,1
200901310HOU,RS,GSW,1485.0,,55,53,2
200901310HOU,RS,GSW,1522.0,,55,54,1
200901310HOU,RS,GSW,1545.0,,58,54,4
200901310HOU,RS,GSW,1559.0,,58,56,2
200901310HOU,RS,GSW,1575.0,,60,56,4
200901310HOU,RS,GSW,1591.0,,60,59,1
200901310HOU,RS,GSW,1610.0,LC,60,62,-2
200901310HOU,RS,GSW,1636.0,LC,63,62,1
200901310HOU,RS,GSW,1645.0,LC,63,64,-1
200901310HOU,RS,GSW,1693.0,LC,65,64,1
200901310HOU,RS,GSW,1707.0,LC,65,66,-1
200901310HOU,RS,GSW,1761.0,LC,67,66,1
200901310HOU,RS,GSW,1761.0,,68,66,2
200901310HOU,RS,GSW,1782.0,LC,68,69,-1
200901310HOU,RS,GSW,1841.0,LC,70,69,1
200901310HOU,RS,GSW,1903.0,,72,69,3
200901310HOU,RS,GSW,1920.0,,72,71,1
200901310HOU,RS,GSW,1934.0,,74,71,3
200901310HOU,RS,GSW,1961.0,,76,71,5
200901310HOU,RS,GSW,1976.0,,78,71,7
200901310HOU,RS,GSW,1976.0,,79,71,8
200901310HOU,RS,GSW,2002.0,,79,73,6
200901310HOU,RS,GSW,2065.0,,81,73,8
200901310HOU,RS,GSW,2089.0,,81,74,7
200901310HOU,RS,GSW,2089.0,,81,75,6
200901310HOU,RS,GSW,2177.0,,84,75,9
200901310HOU,RS,GSW,2244.0,,84,77,7
200901310HOU,RS,GSW,2274.0,,84,79,5
200901310HOU,RS,GSW,2303.0,,85,79,6
200901310HOU,RS,GSW,2303.0,,86,79,7
200901310HOU,RS,GSW,2334.0,,88,79,9
200901310HOU,RS,GSW,2420.0,,90,79,11
200901310HOU,RS,GSW,2439.0,,90,80,10
200901310HOU,RS,GSW,2459.0,,92,80,12
200901310HOU,RS,GSW,2485.0,,93,80,13
200901310HOU,RS,GSW,2485.0,,94,80,14
200901310HOU,RS,GSW,2520.0,,94,81,13
200901310HOU,RS,GSW,2520.0,,94,82,12
200901310HOU,RS,GSW,2550.0,,94,84,10
200901310HOU,RS,GSW,2569.0,,96,84,12
200901310HOU,RS,GSW,2590.0,,96,86,10
200901310HOU,RS,GSW,2610.0,,98,86,12
200901310HOU,RS,GSW,2620.0,,98,88,10
200901310HOU,RS,GSW,2620.0,,98,89,9
200901310HOU,RS,GSW,2667.0,,100,89,11
200901310HOU,RS,GSW,2741.0,,103,89,14
200901310HOU,RS,GSW,2781.0,,105,89,16
200901310HOU,RS,GSW,2790.0,,105,91,14
200901310HOU,RS,GSW,2828.9,,107,91,16
200901310HOU,RS,GSW,2842.0,,107,92,15
200901310HOU,RS,GSW,2842.0,,107,93,14
200901310HOU,RS,GSW,2862.3,F,110,93,17
200901310HOU,RS,GSW,2880.0,,110,93,17
200902030HOU,RS,CHI,0.0,,0,0,0
200902030HOU,RS,CHI,68.0,,2,0,2
200902030HOU,RS,CHI,95.0,,3,0,3
200902030HOU,RS,CHI,95.0,,4,0,4
200902030HOU,RS,CHI,130.0,,5,0,5
200902030HOU,RS,CHI,149.0,,5,1,4
200902030HOU,RS,CHI,229.0,,7,1,6
200902030HOU,RS,CHI,268.0,,7,3,4
200902030HOU,RS,CHI,294.0,,7,4,3
200902030HOU,RS,CHI,294.0,,7,5,2
200902030HOU,RS,CHI,309.0,,9,5,4
200902030HOU,RS,CHI,335.0,,9,7,2
200902030HOU,RS,CHI,375.0,,11,7,4
200902030HOU,RS,CHI,391.0,,11,8,3
200902030HOU,RS,CHI,391.0,,11,9,2
200902030HOU,RS,CHI,411.0,,14,9,5
200902030HOU,RS,CHI,438.0,,16,9,7
200902030HOU,RS,CHI,471.0,,16,11,5
200902030HOU,RS,CHI,490.0,,18,11,7
200902030HOU,RS,CHI,557.0,,18,12,6
200902030HOU,RS,CHI,603.0,,18,13,5
200902030HOU,RS,CHI,625.0,,18,14,4
200902030HOU,RS,CHI,637.0,,20,14,6
200902030HOU,RS,CHI,648.0,,20,16,4
200902030HOU,RS,CHI,683.5,,20,18,2
200902030HOU,RS,CHI,750.0,,23,18,5
200902030HOU,RS,CHI,767.0,,23,20,3
200902030HOU,RS,CHI,818.0,,23,22,1
200902030HOU,RS,CHI,838.0,,25,22,3
200902030HOU,RS,CHI,858.0,,25,23,2
200902030HOU,RS,CHI,871.0,,27,23,4
200902030HOU,RS,CHI,904.0,,27,24,3
200902030HOU,RS,CHI,945.0,,27,26,1
200902030HOU,RS,CHI,959.0,,29,26,3
200902030HOU,RS,CHI,1002.0,,31,26,5
200902030HOU,RS,CHI,1021.0,,33,26,7
200902030HOU,RS,CHI,1035.0,,33,28,5
200902030HOU,RS,CHI,1063.0,,35,28,7
200902030HOU,RS,CHI,1109.0,,35,30,5
200902030HOU,RS,CHI,1129.0,,37,30,7
200902030HOU,RS,CHI,1140.0,,37,32,5
200902030HOU,RS,CHI,1166.0,,39,32,7
200902030HOU,RS,CHI,1185.0,,40,32,8
200902030HOU,RS,CHI,1195.0,,43,32,11
200902030HOU,RS,CHI,1212.0,,43,34,9
200902030HOU,RS,CHI,1233.0,,45,34,11
200902030HOU,RS,CHI,1233.0,,46,34,12
200902030HOU,RS,CHI,1246.0,,46,36,10
200902030HOU,RS,CHI,1284.0,,46,38,8
200902030HOU,RS,CHI,1312.0,,46,40,6
200902030HOU,RS,CHI,1320.0,,47,40,7
200902030HOU,RS,CHI,1320.0,,48,40,8
200902030HOU,RS,CHI,1336.0,,48,41,7
200902030HOU,RS,CHI,1364.0,,48,43,5
200902030HOU,RS,CHI,1393.9,,48,45,3
200902030HOU,RS,CHI,1453.0,,50,45,5
200902030HOU,RS,CHI,1510.0,,52,45,7
200902030HOU,RS,CHI,1521.0,,52,47,5
200902030HOU,RS,CHI,1567.0,,52,49,3
200902030HOU,RS,CHI,1589.0,,52,51,1
200902030HOU,RS,CHI,1607.0,,54,51,3
200902030HOU,RS,CHI,1607.0,,55,51,4
200902030HOU,RS,CHI,1628.0,,56,51,5
200902030HOU,RS,CHI,1628.0,,57,51,6
200902030HOU,RS,CHI,1671.0,,57,53,4
200902030HOU,RS,CHI,1696.0,,59,53,6
200902030HOU,RS,CHI,1714.0,,59,55,4
200902030HOU,RS,CHI,1735.0,,61,55,6
200902030HOU,RS,CHI,1749.0,,61,57,4
200902030HOU,RS,CHI,1761.0,,62,57,5
200902030HOU,RS,CHI,1761.0,,63,57,6
200902030HOU,RS,CHI,1793.0,,65,57,8
200902030HOU,RS,CHI,1804.0,,65,58,7
200902030HOU,RS,CHI,1804.0,,65,59,6
200902030HOU,RS,CHI,1827.0,,67,59,8
200902030HOU,RS,CHI,1856.0,,69,59,10
200902030HOU,RS,CHI,1868.0,,69,60,9
200902030HOU,RS,CHI,1888.0,,69,62,7
200902030HOU,RS,CHI,1990.0,,70,62,8
200902030HOU,RS,CHI,2026.0,,72,62,10
200902030HOU,RS,CHI,2058.0,,73,62,11
200902030HOU,RS,CHI,2058.0,,74,62,12
200902030HOU,RS,CHI,2069.0,,74,65,9
200902030HOU,RS,CHI,2088.0,,77,65,12
200902030HOU,RS,CHI,2109.9,,77,66,11
200902030HOU,RS,CHI,2129.2,,79,66,13
200902030HOU,RS,CHI,2182.0,,79,68,11
200902030HOU,RS,CHI,2249.0,,79,70,9
200902030HOU,RS,CHI,2275.0,,82,70,12
200902030HOU,RS,CHI,2290.0,,82,72,10
200902030HOU,RS,CHI,2314.0,,82,74,8
200902030HOU,RS,CHI,2389.0,,82,77,5
200902030HOU,RS,CHI,2412.0,,84,77,7
200902030HOU,RS,CHI,2412.0,,85,77,8
200902030HOU,RS,CHI,2437.0,,86,77,9
200902030HOU,RS,CHI,2476.0,,88,77,11
200902030HOU,RS,CHI,2513.0,,89,77,12
200902030HOU,RS,CHI,2513.0,,90,77,13
200902030HOU,RS,CHI,2566.0,,91,77,14
200902030HOU,RS,CHI,2566.0,,92,77,15
200902030HOU,RS,CHI,2574.0,,92,79,13
200902030HOU,RS,CHI,2593.0,,93,79,14
200902030HOU,RS,CHI,2593.0,,94,79,15
200902030HOU,RS,CHI,2602.0,,94,81,13
200902030HOU,RS,CHI,2629.0,,97,81,16
200902030HOU,RS,CHI,2667.0,,97,83,14
200902030HOU,RS,CHI,2685.0,,99,83,16
200902030HOU,RS,CHI,2699.0,,99,85,14
200902030HOU,RS,CHI,2733.0,,99,86,13
200902030HOU,RS,CHI,2733.0,,99,87,12
200902030HOU,RS,CHI,2779.0,,101,87,14
200902030HOU,RS,CHI,2785.0,,101,90,11
200902030HOU,RS,CHI,2815.0,,101,93,8
200902030HOU,RS,CHI,2836.7,,101,95,6
200902030HOU,RS,CHI,2851.5,,103,95,8
200902030HOU,RS,CHI,2865.5,,103,97,6
200902030HOU,RS,CHI,2866.1,,104,97,7
200902030HOU,RS,CHI,2866.1,,105,97,8
200902030HOU,RS,CHI,2869.3,,105,100,5
200902030HOU,RS,CHI,2870.4,,106,100,6
200902030HOU,RS,CHI,2870.4,F,107,100,7
200902030HOU,RS,CHI,2880.0,,107,100,7
200902040MEM,RS,MEM,0.0,,0,0,0
200902040MEM,RS,MEM,50.0,,2,0,2
200902040MEM,RS,MEM,70.0,LC,2,3,-1
200902040MEM,RS,MEM,103.0,,2,6,-4
200902040MEM,RS,MEM,123.0,,4,6,-2
200902040MEM,RS,MEM,135.0,,4,8,-4
200902040MEM,RS,MEM,162.0,,4,10,-6
200902040MEM,RS,MEM,177.0,,5,10,-5
200902040MEM,RS,MEM,177.0,,6,10,-4
200902040MEM,RS,MEM,188.0,,6,12,-6
200902040MEM,RS,MEM,227.0,,9,12,-3
200902040MEM,RS,MEM,273.0,,9,14,-5
200902040MEM,RS,MEM,290.0,,11,14,-3
200902040MEM,RS,MEM,341.0,T,14,14,0
200902040MEM,RS,MEM,397.0,,14,16,-2
200902040MEM,RS,MEM,437.0,T,16,16,0
200902040MEM,RS,MEM,455.0,,16,19,-3
200902040MEM,RS,MEM,477.0,,18,19,-1
200902040MEM,RS,MEM,498.0,,18,21,-3
200902040MEM,RS,MEM,528.0,,20,21,-1
200902040MEM,RS,MEM,544.0,LC,22,21,1
200902040MEM,RS,MEM,558.0,LC,22,23,-1
200902040MEM,RS,MEM,570.0,T,23,23,0
200902040MEM,RS,MEM,570.0,LC,24,23,1
200902040MEM,RS,MEM,606.0,,26,23,3
200902040MEM,RS,MEM,621.0,,26,25,1
200902040MEM,RS,MEM,656.0,LC,26,27,-1
200902040MEM,RS,MEM,670.5,LC,29,27,2
200902040MEM,RS,MEM,674.9,T,29,29,0
200902040MEM,RS,MEM,690.5,,31,29,2
200902040MEM,RS,MEM,710.7,,31,30,1
200902040MEM,RS,MEM,710.7,T,31,31,0
200902040MEM,RS,MEM,758.0,LC,31,33,-2
200902040MEM,RS,MEM,798.0,,31,35,-4
200902040MEM,RS,MEM,833.0,,31,38,-7
200902040MEM,RS,MEM,862.0,,32,38,-6
200902040MEM,RS,MEM,862.0,,33,38,-5
200902040MEM,RS,MEM,878.0,,33,40,-7
200902040MEM,RS,MEM,918.0,,34,40,-6
200902040MEM,RS,MEM,961.0,,37,40,-3
200902040MEM,RS,MEM,977.0,,37,42,-5
200902040MEM,RS,MEM,997.0,,39,42,-3
200902040MEM,RS,MEM,1026.0,,39,43,-4
200902040MEM,RS,MEM,1026.0,,39,44,-5
200902040MEM,RS,MEM,1073.0,,39,45,-6
200902040MEM,RS,MEM,1073.0,,39,46,-7
200902040MEM,RS,MEM,1097.0,,39,48,-9
200902040MEM,RS,MEM,1120.0,,40,48,-8
200902040MEM,RS,MEM,1136.0,,40,50,-10
200902040MEM,RS,MEM,1153.0,,42,50,-8
200902040MEM,RS,MEM,1185.0,,44,50,-6
200902040MEM,RS,MEM,1212.0,,46,50,-4
200902040MEM,RS,MEM,1237.0,,48,50,-2
200902040MEM,RS,MEM,1260.0,,49,50,-1
200902040MEM,RS,MEM,1307.0,,49,52,-3
200902040MEM,RS,MEM,1332.0,,51,52,-1
200902040MEM,RS,MEM,1346.0,,51,54,-3
200902040MEM,RS,MEM,1365.0,,53,54,-1
200902040MEM,RS,MEM,1385.6,,53,56,-3
200902040MEM,RS,MEM,1396.0,,55,56,-1
200902040MEM,RS,MEM,1406.8,,55,57,-2
200902040MEM,RS,MEM,1406.8,,55,58,-3
200902040MEM,RS,MEM,1458.0,,55,60,-5
200902040MEM,RS,MEM,1487.0,,55,62,-7
200902040MEM,RS,MEM,1519.0,,55,64,-9
200902040MEM,RS,MEM,1540.0,,56,64,-8
200902040MEM,RS,MEM,1540.0,,57,64,-7
200902040MEM,RS,MEM,1549.0,,57,66,-9
200902040MEM,RS,MEM,1580.0,,57,68,-11
200902040MEM,RS,MEM,1600.0,,59,68,-9
200902040MEM,RS,MEM,1621.0,,61,68,-7
200902040MEM,RS,MEM,1639.0,,61,70,-9
200902040MEM,RS,MEM,1676.0,,61,73,-12
200902040MEM,RS,MEM,1727.0,,61,76,-15
200902040MEM,RS,MEM,1767.0,,64,76,-12
200902040MEM,RS,MEM,1831.0,,64,78,-14
200902040MEM,RS,MEM,1848.0,,66,78,-12
200902040MEM,RS,MEM,1897.0,,68,78,-10
200902040MEM,RS,MEM,1914.0,,68,79,-11
200902040MEM,RS,MEM,1914.0,,68,80,-12
200902040MEM,RS,MEM,1924.0,,69,80,-11
200902040MEM,RS,MEM,1940.0,,69,82,-13
200902040MEM,RS,MEM,1969.0,,69,85,-16
200902040MEM,RS,MEM,1988.0,,70,85,-15
200902040MEM,RS,MEM,1988.0,,71,85,-14
200902040MEM,RS,MEM,2023.0,,73,85,-12
200902040MEM,RS,MEM,2059.0,,74,85,-11
200902040MEM,RS,MEM,2118.7,,74,86,-12
200902040MEM,RS,MEM,2152.8,,74,88,-14
200902040MEM,RS,MEM,2243.0,,75,88,-13
200902040MEM,RS,MEM,2243.0,,76,88,-12
200902040MEM,RS,MEM,2279.0,,76,90,-14
200902040MEM,RS,MEM,2316.0,,76,91,-15
200902040MEM,RS,MEM,2316.0,,76,92,-16
200902040MEM,RS,MEM,2364.0,,79,92,-13
200902040MEM,RS,MEM,2392.0,,79,94,-15
200902040MEM,RS,MEM,2412.0,,82,94,-12
200902040MEM,RS,MEM,2435.0,,84,94,-10
200902040MEM,RS,MEM,2466.0,,84,95,-11
200902040MEM,RS,MEM,2487.0,,87,95,-8
200902040MEM,RS,MEM,2512.0,,89,95,-6
200902040MEM,RS,MEM,2536.0,,89,97,-8
200902040MEM,RS,MEM,2594.0,,91,97,-6
200902040MEM,RS,MEM,2624.0,,92,97,-5
200902040MEM,RS,MEM,2624.0,,93,97,-4
200902040MEM,RS,MEM,2677.0,,93,99,-6
200902040MEM,RS,MEM,2727.0,,93,102,-9
200902040MEM,RS,MEM,2839.1,,93,103,-10
200902040MEM,RS,MEM,2839.1,F,93,104,-11
200902040MEM,RS,MEM,2880.0,,93,104,-11
200902070HOU,RS,MIN,0.0,,0,0,0
200902070HOU,RS,MIN,17.0,,3,0,3
200902070HOU,RS,MIN,70.0,,6,0,6
200902070HOU,RS,MIN,123.0,,7,0,7
200902070HOU,RS,MIN,123.0,,8,0,8
200902070HOU,RS,MIN,190.0,,8,2,6
200902070HOU,RS,MIN,244.0,,8,4,4
200902070HOU,RS,MIN,266.0,,8,6,2
200902070HOU,RS,MIN,301.0,T,8,8,0
200902070HOU,RS,MIN,348.0,LC,8,10,-2
200902070HOU,RS,MIN,411.0,,8,13,-5
200902070HOU,RS,MIN,433.0,,8,16,-8
200902070HOU,RS,MIN,444.0,,10,16,-6
200902070HOU,RS,MIN,464.0,,10,18,-8
200902070HOU,RS,MIN,496.0,,10,20,-10
200902070HOU,RS,MIN,513.0,,11,20,-9
200902070HOU,RS,MIN,513.0,,12,20,-8
200902070HOU,RS,MIN,529.0,,12,22,-10
200902070HOU,RS,MIN,551.0,,14,22,-8
200902070HOU,RS,MIN,576.0,,14,24,-10
200902070HOU,RS,MIN,576.0,,14,25,-11
200902070HOU,RS,MIN,593.0,,16,25,-9
200902070HOU,RS,MIN,660.2,,16,27,-11
200902070HOU,RS,MIN,672.0,,18,27,-9
200902070HOU,RS,MIN,702.5,,20,27,-7
200902070HOU,RS,MIN,804.0,,20,29,-9
200902070HOU,RS,MIN,838.0,,20,32,-12
200902070HOU,RS,MIN,872.0,,20,34,-14
200902070HOU,RS,MIN,899.0,,22,34,-12
200902070HOU,RS,MIN,915.0,,22,37,-15
200902070HOU,RS,MIN,977.0,,24,37,-13
200902070HOU,RS,MIN,993.0,,24,38,-14
200902070HOU,RS,MIN,993.0,,24,39,-15
200902070HOU,RS,MIN,1010.0,,26,39,-13
200902070HOU,RS,MIN,1042.0,,28,39,-11
200902070HOU,RS,MIN,1066.0,,30,39,-9
200902070HOU,RS,MIN,1090.0,,32,39,-7
200902070HOU,RS,MIN,1119.0,,35,39,-4
200902070HOU,RS,MIN,1139.0,,35,41,-6
200902070HOU,RS,MIN,1154.0,,37,41,-4
200902070HOU,RS,MIN,1173.0,,38,41,-3
200902070HOU,RS,MIN,1196.0,,38,44,-6
200902070HOU,RS,MIN,1228.0,,38,46,-8
200902070HOU,RS,MIN,1245.0,,41,46,-5
200902070HOU,RS,MIN,1295.0,,41,48,-7
200902070HOU,RS,MIN,1311.0,,43,48,-5
200902070HOU,RS,MIN,1337.0,,46,48,-2
200902070HOU,RS,MIN,1380.0,T,48,48,0
200902070HOU,RS,MIN,1380.0,LC,49,48,1
200902070HOU,RS,MIN,1397.8,LC,49,50,-1
200902070HOU,RS,MIN,1435.0,T,50,50,0
200902070HOU,RS,MIN,1463.0,,50,53,-3
200902070HOU,RS,MIN,1484.0,,52,53,-1
200902070HOU,RS,MIN,1504.0,,52,55,-3
200902070HOU,RS,MIN,1595.0,,52,56,-4
200902070HOU,RS,MIN,1633.0,,54,56,-2
200902070HOU,RS,MIN,1666.0,T,56,56,0
200902070HOU,RS,MIN,1706.0,LC,57,56,1
200902070HOU,RS,MIN,1706.0,,58,56,2
200902070HOU,RS,MIN,1726.0,T,58,58,0
200902070HOU,RS,MIN,1755.0,LC,58,59,-1
200902070HOU,RS,MIN,1755.0,,58,60,-2
200902070HOU,RS,MIN,1776.0,T,60,60,0
200902070HOU,RS,MIN,1794.0,,60,62,-2
200902070HOU,RS,MIN,1872.0,T,62,62,0
200902070HOU,RS,MIN,1896.0,,62,64,-2
200902070HOU,RS,MIN,1915.0,T,64,64,0
200902070HOU,RS,MIN,1956.0,,64,66,-2
200902070HOU,RS,MIN,1964.0,T,66,66,0
200902070HOU,RS,MIN,1979.0,,66,68,-2
200902070HOU,RS,MIN,1979.0,,66,69,-3
200902070HOU,RS,MIN,1994.0,,68,69,-1
200902070HOU,RS,MIN,2028.0,LC,70,69,1
200902070HOU,RS,MIN,2067.0,,73,69,4
200902070HOU,RS,MIN,2117.7,,76,69,7
200902070HOU,RS,MIN,2130.8,,76,71,5
200902070HOU,RS,MIN,2157.6,,78,71,7
200902070HOU,RS,MIN,2182.0,,81,71,10
200902070HOU,RS,MIN,2212.0,,83,71,12
200902070HOU,RS,MIN,2286.0,,83,72,11
200902070HOU,RS,MIN,2308.0,,85,72,13
200902070HOU,RS,MIN,2370.0,,87,72,15
200902070HOU,RS,MIN,2387.0,,87,73,14
200902070HOU,RS,MIN,2425.0,,87,75,12
200902070HOU,RS,MIN,2444.0,,89,75,14
200902070HOU,RS,MIN,2475.0,,92,75,17
200902070HOU,RS,MIN,2487.0,,92,76,16
200902070HOU,RS,MIN,2526.0,,92,78,14
200902070HOU,RS,MIN,2554.0,,94,78,16
200902070HOU,RS,MIN,2601.0,,96,78,18
200902070HOU,RS,MIN,2619.0,,96,81,15
200902070HOU,RS,MIN,2645.0,,98,81,17
200902070HOU,RS,MIN,2661.0,,98,82,16
200902070HOU,RS,MIN,2714.0,,100,82,18
200902070HOU,RS,MIN,2734.0,,100,85,15
200902070HOU,RS,MIN,2753.0,,101,85,16
200902070HOU,RS,MIN,2753.0,,102,85,17
200902070HOU,RS,MIN,2808.0,,104,85,19
200902070HOU,RS,MIN,2822.3,,105,85,20
200902070HOU,RS,MIN,2830.9,,105,88,17
200902070HOU,RS,MIN,2838.0,,106,88,18
200902070HOU,RS,MIN,2838.0,,107,88,19
200902070HOU,RS,MIN,2871.6,F,107,90,17
200902070HOU,RS,MIN,2880.0,,107,90,17
200902090MIL,RS,MIL,0.0,,0,0,0
200902090MIL,RS,MIL,29.0,,2,0,2
200902090MIL,RS,MIL,129.0,T,2,2,0
200902090MIL,RS,MIL,152.0,,3,2,1
200902090MIL,RS,MIL,152.0,,4,2,2
200902090MIL,RS,MIL,168.0,,6,2,4
200902090MIL,RS,MIL,184.0,,6,5,1
200902090MIL,RS,MIL,220.0,LC,6,8,-2
200902090MIL,RS,MIL,242.0,T,8,8,0
200902090MIL,RS,MIL,288.0,,8,11,-3
200902090MIL,RS,MIL,316.0,,8,13,-5
200902090MIL,RS,MIL,340.0,,8,14,-6
200902090MIL,RS,MIL,351.0,,9,14,-5
200902090MIL,RS,MIL,351.0,,10,14,-4
200902090MIL,RS,MIL,365.0,,12,14,-2
200902090MIL,RS,MIL,429.0,,13,14,-1
200902090MIL,RS,MIL,442.0,,13,16,-3
200902090MIL,RS,MIL,465.0,,13,17,-4
200902090MIL,RS,MIL,465.0,,13,18,-5
200902090MIL,RS,MIL,483.0,,14,18,-4
200902090MIL,RS,MIL,483.0,,15,18,-3
200902090MIL,RS,MIL,504.0,,17,18,-1
200902090MIL,RS,MIL,521.0,T,18,18,0
200902090MIL,RS,MIL,521.0,LC,19,18,1
200902090MIL,RS,MIL,538.0,LC,19,20,-1
200902090MIL,RS,MIL,563.0,,19,22,-3
200902090MIL,RS,MIL,563.0,,19,23,-4
200902090MIL,RS,MIL,586.0,,19,25,-6
200902090MIL,RS,MIL,618.0,,19,27,-8
200902090MIL,RS,MIL,627.0,,20,27,-7
200902090MIL,RS,MIL,627.0,,21,27,-6
200902090MIL,RS,MIL,649.0,,21,28,-7
200902090MIL,RS,MIL,649.0,,21,29,-8
200902090MIL,RS,MIL,683.5,,21,31,-10
200902090MIL,RS,MIL,706.7,,23,31,-8
200902090MIL,RS,MIL,715.1,,23,32,-9
200902090MIL,RS,MIL,739.0,,25,32,-7
200902090MIL,RS,MIL,754.0,,25,34,-9
200902090MIL,RS,MIL,784.0,,25,36,-11
200902090MIL,RS,MIL,791.0,,26,36,-10
200902090MIL,RS,MIL,791.0,,27,36,-9
200902090MIL,RS,MIL,831.0,,27,38,-11
200902090MIL,RS,MIL,861.0,,27,39,-12
200902090MIL,RS,MIL,861.0,,27,40,-13
200902090MIL,RS,MIL,879.0,,30,40,-10
200902090MIL,RS,MIL,930.0,,32,40,-8
200902090MIL,RS,MIL,960.0,,32,43,-11
200902090MIL,RS,MIL,969.0,,33,43,-10
200902090MIL,RS,MIL,986.0,,34,43,-9
200902090MIL,RS,MIL,986.0,,35,43,-8
200902090MIL,RS,MIL,998.0,,35,45,-10
200902090MIL,RS,MIL,1026.0,,38,45,-7
200902090MIL,RS,MIL,1037.0,,38,47,-9
200902090MIL,RS,MIL,1051.0,,40,47,-7
200902090MIL,RS,MIL,1069.0,,40,49,-9
200902090MIL,RS,MIL,1111.0,,43,49,-6
200902090MIL,RS,MIL,1123.0,,43,51,-8
200902090MIL,RS,MIL,1143.0,,46,51,-5
200902090MIL,RS,MIL,1161.0,,46,53,-7
200902090MIL,RS,MIL,1176.0,,49,53,-4
200902090MIL,RS,MIL,1202.0,,50,53,-3
200902090MIL,RS,MIL,1202.0,,51,53,-2
200902090MIL,RS,MIL,1240.0,T,53,53,0
200902090MIL,RS,MIL,1248.0,,53,55,-2
200902090MIL,RS,MIL,1300.0,,53,58,-5
200902090MIL,RS,MIL,1319.0,,55,58,-3
200902090MIL,RS,MIL,1344.0,,55,59,-4
200902090MIL,RS,MIL,1344.0,,55,60,-5
200902090MIL,RS,MIL,1364.0,,55,62,-7
200902090MIL,RS,MIL,1383.2,,56,62,-6
200902090MIL,RS,MIL,1403.2,,56,64,-8
200902090MIL,RS,MIL,1414.3,,58,64,-6
200902090MIL,RS,MIL,1469.0,,58,66,-8
200902090MIL,RS,MIL,1554.0,,58,68,-10
200902090MIL,RS,MIL,1632.0,,60,68,-8
200902090MIL,RS,MIL,1645.0,,60,70,-10
200902090MIL,RS,MIL,1671.0,,60,73,-13
200902090MIL,RS,MIL,1753.0,,63,73,-10
200902090MIL,RS,MIL,1775.0,,64,73,-9
200902090MIL,RS,MIL,1775.0,,65,73,-8
200902090MIL,RS,MIL,1792.0,,65,74,-9
200902090MIL,RS,MIL,1792.0,,65,75,-10
200902090MIL,RS,MIL,1815.0,,65,77,-12
200902090MIL,RS,MIL,1821.0,,65,79,-14
200902090MIL,RS,MIL,1838.0,,65,81,-16
200902090MIL,RS,MIL,1867.0,,65,84,-19
200902090MIL,RS,MIL,1909.0,,65,87,-22
200902090MIL,RS,MIL,1921.0,,66,87,-21
200902090MIL,RS,MIL,1921.0,,67,87,-20
200902090MIL,RS,MIL,1934.0,,67,88,-21
200902090MIL,RS,MIL,1934.0,,67,89,-22
200902090MIL,RS,MIL,1956.0,,70,89,-19
200902090MIL,RS,MIL,1985.0,,70,90,-20
200902090MIL,RS,MIL,1985.0,,70,91,-21
200902090MIL,RS,MIL,1998.0,,71,91,-20
200902090MIL,RS,MIL,2013.0,,71,92,-21
200902090MIL,RS,MIL,2100.1,,71,94,-23
200902090MIL,RS,MIL,2120.5,,72,94,-22
200902090MIL,RS,MIL,2120.5,,73,94,-21
200902090MIL,RS,MIL,2128.5,,73,95,-22
200902090MIL,RS,MIL,2128.5,,73,96,-23
200902090MIL,RS,MIL,2146.6,,73,98,-25
200902090MIL,RS,MIL,2153.2,,76,98,-22
200902090MIL,RS,MIL,2182.0,,76,100,-24
200902090MIL,RS,MIL,2192.0,,78,100,-22
200902090MIL,RS,MIL,2192.0,,79,100,-21
200902090MIL,RS,MIL,2206.0,,79,103,-24
200902090MIL,RS,MIL,2216.0,,82,103,-21
200902090MIL,RS,MIL,2276.0,,83,103,-20
200902090MIL,RS,MIL,2290.0,,83,105,-22
200902090MIL,RS,MIL,2301.0,,85,105,-20
200902090MIL,RS,MIL,2317.0,,85,107,-22
200902090MIL,RS,MIL,2332.0,,86,107,-21
200902090MIL,RS,MIL,2332.0,,87,107,-20
200902090MIL,RS,MIL,2346.0,,87,109,-22
200902090MIL,RS,MIL,2361.0,,88,109,-21
200902090MIL,RS,MIL,2361.0,,89,109,-20
200902090MIL,RS,MIL,2381.0,,89,111,-22
200902090MIL,RS,MIL,2396.0,,91,111,-20
200902090MIL,RS,MIL,2416.0,,91,114,-23
200902090MIL,RS,MIL,2428.0,,93,114,-21
200902090MIL,RS,MIL,2540.0,,93,116,-23
200902090MIL,RS,MIL,2604.0,,93,118,-25
200902090MIL,RS,MIL,2646.0,,94,118,-24
200902090MIL,RS,MIL,2646.0,,95,118,-23
200902090MIL,RS,MIL,2656.0,,95,120,-25
200902090MIL,RS,MIL,2680.0,,96,120,-24
200902090MIL,RS,MIL,2680.0,,97,120,-23
200902090MIL,RS,MIL,2707.0,,100,120,-20
200902090MIL,RS,MIL,2736.0,,102,120,-18
200902090MIL,RS,MIL,2736.0,,103,120,-17
200902090MIL,RS,MIL,2747.0,,103,122,-19
200902090MIL,RS,MIL,2762.0,,105,122,-17
200902090MIL,RS,MIL,2762.0,,106,122,-16
200902090MIL,RS,MIL,2787.0,,109,122,-13
200902090MIL,RS,MIL,2829.1,,109,124,-15
200902090MIL,RS,MIL,2855.6,F,112,124,-12
200902090MIL,RS,MIL,2880.0,,112,124,-12
200902110HOU,RS,SAC,0.0,,0,0,0
200902110HOU,RS,SAC,33.0,,3,0,3
200902110HOU,RS,SAC,49.0,,3,2,1
200902110HOU,RS,SAC,64.0,,5,2,3
200902110HOU,RS,SAC,77.0,,5,4,1
200902110HOU,RS,SAC,132.0,,7,4,3
200902110HOU,RS,SAC,149.0,,7,6,1
200902110HOU,RS,SAC,181.0,T,7,7,0
200902110HOU,RS,SAC,213.0,LC,7,9,-2
200902110HOU,RS,SAC,265.0,T,9,9,0
200902110HOU,RS,SAC,284.0,,9,11,-2
200902110HOU,RS,SAC,296.0,T,11,11,0
200902110HOU,RS,SAC,318.0,,11,13,-2
200902110HOU,RS,SAC,336.0,T,13,13,0
200902110HOU,RS,SAC,392.0,LC,15,13,2
200902110HOU,RS,SAC,415.0,T,15,15,0
200902110HOU,RS,SAC,456.0,,17,15,2
200902110HOU,RS,SAC,472.0,T,17,17,0
200902110HOU,RS,SAC,493.0,LC,17,19,-2
200902110HOU,RS,SAC,505.0,T,19,19,0
200902110HOU,RS,SAC,505.0,LC,20,19,1
200902110HOU,RS,SAC,516.0,LC,20,21,-1
200902110HOU,RS,SAC,543.0,,20,23,-3
200902110HOU,RS,SAC,652.0,,20,25,-5
200902110HOU,RS,SAC,665.6,,22,25,-3
200902110HOU,RS,SAC,744.0,,22,27,-5
200902110HOU,RS,SAC,759.0,,24,27,-3
200902110HOU,RS,SAC,854.0,,24,29,-5
200902110HOU,RS,SAC,877.0,,26,29,-3
200902110HOU,RS,SAC,942.0,,28,29,-1
200902110HOU,RS,SAC,968.0,LC,30,29,1
200902110HOU,RS,SAC,1041.0,T,30,30,0
200902110HOU,RS,SAC,1071.0,LC,30,32,-2
200902110HOU,RS,SAC,1117.0,,30,34,-4
200902110HOU,RS,SAC,1181.0,,32,34,-2
200902110HOU,RS,SAC,1181.0,,33,34,-1
200902110HOU,RS,SAC,1279.0,,33,35,-2
200902110HOU,RS,SAC,1307.0,LC,36,35,1
200902110HOU,RS,SAC,1354.0,,39,35,4
200902110HOU,RS,SAC,1453.0,,42,35,7
200902110HOU,RS,SAC,1506.0,,42,37,5
200902110HOU,RS,SAC,1517.0,,43,37,6
200902110HOU,RS,SAC,1517.0,,44,37,7
200902110HOU,RS,SAC,1545.0,,46,37,9
200902110HOU,RS,SAC,1557.0,,46,39,7
200902110HOU,RS,SAC,1573.0,,47,39,8
200902110HOU,RS,SAC,1573.0,,48,39,9
200902110HOU,RS,SAC,1596.0,,50,39,11
200902110HOU,RS,SAC,1636.0,,51,39,12
200902110HOU,RS,SAC,1643.0,,51,40,11
200902110HOU,RS,SAC,1643.0,,51,41,10
200902110HOU,RS,SAC,1658.0,,52,41,11
200902110HOU,RS,SAC,1658.0,,53,41,12
200902110HOU,RS,SAC,1706.0,,54,41,13
200902110HOU,RS,SAC,1706.0,,55,41,14
200902110HOU,RS,SAC,1717.0,,55,43,12
200902110HOU,RS,SAC,1732.0,,57,43,14
200902110HOU,RS,SAC,1775.0,,58,43,15
200902110HOU,RS,SAC,1797.0,,60,43,17
200902110HOU,RS,SAC,1812.0,,60,45,15
200902110HOU,RS,SAC,1837.0,,61,45,16
200902110HOU,RS,SAC,1868.0,,63,45,18
200902110HOU,RS,SAC,1888.0,,65,45,20
200902110HOU,RS,SAC,1917.0,,66,45,21
200902110HOU,RS,SAC,1917.0,,67,45,22
200902110HOU,RS,SAC,1934.0,,67,46,21
200902110HOU,RS,SAC,1948.0,,67,47,20
200902110HOU,RS,SAC,1948.0,,67,48,19
200902110HOU,RS,SAC,1963.0,,70,48,22
200902110HOU,RS,SAC,2001.0,,72,48,24
200902110HOU,RS,SAC,2049.0,,72,51,21
200902110HOU,RS,SAC,2089.0,,72,52,20
200902110HOU,RS,SAC,2111.9,,72,53,19
200902110HOU,RS,SAC,2111.9,,72,54,18
200902110HOU,RS,SAC,2119.7,,73,54,19
200902110HOU,RS,SAC,2119.7,,74,54,20
200902110HOU,RS,SAC,2158.4,,74,56,18
200902110HOU,RS,SAC,2207.0,,76,56,20
200902110HOU,RS,SAC,2254.0,,76,58,18
200902110HOU,RS,SAC,2304.0,,79,58,21
200902110HOU,RS,SAC,2351.0,,79,61,18
200902110HOU,RS,SAC,2377.0,,81,61,20
200902110HOU,RS,SAC,2442.0,,81,63,18
200902110HOU,RS,SAC,2465.0,,81,64,17
200902110HOU,RS,SAC,2465.0,,81,65,16
200902110HOU,RS,SAC,2522.0,,84,65,19
200902110HOU,RS,SAC,2546.0,,84,67,17
200902110HOU,RS,SAC,2575.0,,84,69,15
200902110HOU,RS,SAC,2598.0,,86,69,17
200902110HOU,RS,SAC,2615.0,,86,71,15
200902110HOU,RS,SAC,2640.0,,88,71,17
200902110HOU,RS,SAC,2660.0,,88,72,16
200902110HOU,RS,SAC,2669.0,,88,74,14
200902110HOU,RS,SAC,2696.0,,88,76,12
200902110HOU,RS,SAC,2719.0,,91,76,15
200902110HOU,RS,SAC,2739.0,,91,78,13
200902110HOU,RS,SAC,2765.0,,91,79,12
200902110HOU,RS,SAC,2807.0,,91,82,9
200902110HOU,RS,SAC,2828.0,F,94,82,12
200902110HOU,RS,SAC,2880.0,,94,82,12
200902170HOU,RS,NJN,0.0,,0,0,0
200902170HOU,RS,NJN,39.0,,0,2,-2
200902170HOU,RS,NJN,82.0,T,2,2,0
200902170HOU,RS,NJN,104.0,,2,4,-2
200902170HOU,RS,NJN,149.0,,3,4,-1
200902170HOU,RS,NJN,167.0,,3,7,-4
200902170HOU,RS,NJN,189.0,,3,10,-7
200902170HOU,RS,NJN,211.0,,6,10,-4
200902170HOU,RS,NJN,230.0,,6,12,-6
200902170HOU,RS,NJN,248.0,,7,12,-5
200902170HOU,RS,NJN,248.0,,8,12,-4
200902170HOU,RS,NJN,302.0,,8,14,-6
200902170HOU,RS,NJN,346.0,,9,14,-5
200902170HOU,RS,NJN,346.0,,10,14,-4
200902170HOU,RS,NJN,383.0,,10,16,-6
200902170HOU,RS,NJN,399.0,,12,16,-4
200902170HOU,RS,NJN,459.0,,15,16,-1
200902170HOU,RS,NJN,555.0,LC,17,16,1
200902170HOU,RS,NJN,600.0,,20,16,4
200902170HOU,RS,NJN,626.0,,22,16,6
200902170HOU,RS,NJN,661.4,,22,17,5
200902170HOU,RS,NJN,677.8,,24,17,7
200902170HOU,RS,NJN,718.0,,27,17,10
200902170HOU,RS,NJN,731.0,,27,18,9
200902170HOU,RS,NJN,731.0,,27,19,8
200902170HOU,RS,NJN,765.0,,28,19,9
200902170HOU,RS,NJN,812.0,,28,20,8
200902170HOU,RS,NJN,812.0,,28,21,7
200902170HOU,RS,NJN,866.0,,28,23,5
200902170HOU,RS,NJN,881.0,,29,23,6
200902170HOU,RS,NJN,881.0,,30,23,7
200902170HOU,RS,NJN,895.0,,30,25,5
200902170HOU,RS,NJN,975.0,,33,25,8
200902170HOU,RS,NJN,1002.0,,34,25,9
200902170HOU,RS,NJN,1002.0,,35,25,10
200902170HOU,RS,NJN,1023.0,,35,27,8
200902170HOU,RS,NJN,1030.0,,37,27,10
200902170HOU,RS,NJN,1065.0,,39,27,12
200902170HOU,RS,NJN,1082.0,,39,28,11
200902170HOU,RS,NJN,1102.0,,41,28,13
200902170HOU,RS,NJN,1128.0,,43,28,15
200902170HOU,RS,NJN,1157.0,,45,28,17
200902170HOU,RS,NJN,1190.0,,45,30,15
200902170HOU,RS,NJN,1242.0,,48,30,18
200902170HOU,RS,NJN,1274.0,,48,32,16
200902170HOU,RS,NJN,1290.0,,49,32,17
200902170HOU,RS,NJN,1303.0,,49,35,14
200902170HOU,RS,NJN,1337.0,,51,35,16
200902170HOU,RS,NJN,1351.0,,51,38,13
200902170HOU,RS,NJN,1369.0,,53,38,15
200902170HOU,RS,NJN,1389.2,,53,40,13
200902170HOU,RS,NJN,1438.6,,56,40,16
200902170HOU,RS,NJN,1467.0,,58,40,18
200902170HOU,RS,NJN,1510.0,,58,42,16
200902170HOU,RS,NJN,1530.0,,60,42,18
200902170HOU,RS,NJN,1569.0,,60,44,16
200902170HOU,RS,NJN,1601.0,,63,44,19
200902170HOU,RS,NJN,1637.0,,63,46,17
200902170HOU,RS,NJN,1687.0,,63,48,15
200902170HOU,RS,NJN,1687.0,,63,49,14
200902170HOU,RS,NJN,1751.0,,66,49,17
200902170HOU,RS,NJN,1856.0,,66,52,14
200902170HOU,RS,NJN,1889.0,,68,52,16
200902170HOU,RS,NJN,1889.0,,69,52,17
200902170HOU,RS,NJN,1932.0,,71,52,19
200902170HOU,RS,NJN,1948.0,,71,54,17
200902170HOU,RS,NJN,1964.0,,73,54,19
200902170HOU,RS,NJN,1981.0,,73,56,17
200902170HOU,RS,NJN,2004.0,,76,56,20
200902170HOU,RS,NJN,2021.0,,76,58,18
200902170HOU,RS,NJN,2021.0,,76,59,17
200902170HOU,RS,NJN,2054.0,,76,60,16
200902170HOU,RS,NJN,2054.0,,76,61,15
200902170HOU,RS,NJN,2090.0,,79,61,18
200902170HOU,RS,NJN,2102.1,,79,62,17
200902170HOU,RS,NJN,2102.1,,79,63,16
200902170HOU,RS,NJN,2125.5,,81,63,18
200902170HOU,RS,NJN,2131.1,,81,65,16
200902170HOU,RS,NJN,2152.3,,84,65,19
200902170HOU,RS,NJN,2214.0,,84,67,17
200902170HOU,RS,NJN,2238.0,,84,70,14
200902170HOU,RS,NJN,2272.0,,86,70,16
200902170HOU,RS,NJN,2289.0,,86,71,15
200902170HOU,RS,NJN,2289.0,,86,72,14
200902170HOU,RS,NJN,2305.0,,88,72,16
200902170HOU,RS,NJN,2321.0,,89,72,17
200902170HOU,RS,NJN,2321.0,,90,72,18
200902170HOU,RS,NJN,2369.0,,90,74,16
200902170HOU,RS,NJN,2405.0,,90,75,15
200902170HOU,RS,NJN,2425.0,,93,75,18
200902170HOU,RS,NJN,2452.0,,93,77,16
200902170HOU,RS,NJN,2466.0,,94,77,17
200902170HOU,RS,NJN,2466.0,,95,77,18
200902170HOU,RS,NJN,2500.0,,97,77,20
200902170HOU,RS,NJN,2557.0,,99,77,22
200902170HOU,RS,NJN,2588.0,,100,77,23
200902170HOU,RS,NJN,2621.0,,101,77,24
200902170HOU,RS,NJN,2621.0,,102,77,25
200902170HOU,RS,NJN,2641.0,,102,80,22
200902170HOU,RS,NJN,2700.0,,105,80,25
200902170HOU,RS,NJN,2728.0,,107,80,27
200902170HOU,RS,NJN,2740.0,,107,83,24
200902170HOU,RS,NJN,2755.0,,109,83,26
200902170HOU,RS,NJN,2772.0,,109,86,23
200902170HOU,RS,NJN,2785.0,,112,86,26
200902170HOU,RS,NJN,2847.5,,114,86,28
200902170HOU,RS,NJN,2858.7,F,114,88,26
200902170HOU,RS,NJN,2880.0,,114,88,26
200902200HOU,RS,DAL,0.0,,0,0,0
200902200HOU,RS,DAL,39.0,,2,0,2
200902200HOU,RS,DAL,48.0,T,2,2,0
200902200HOU,RS,DAL,60.0,,3,2,1
200902200HOU,RS,DAL,60.0,,4,2,2
200902200HOU,RS,DAL,68.0,T,4,4,0
200902200HOU,RS,DAL,91.0,LC,4,6,-2
200902200HOU,RS,DAL,137.0,,4,7,-3
200902200HOU,RS,DAL,192.0,,4,9,-5
200902200HOU,RS,DAL,249.0,,6,9,-3
200902200HOU,RS,DAL,261.0,,6,11,-5
200902200HOU,RS,DAL,299.0,,9,11,-2
200902200HOU,RS,DAL,309.0,,9,13,-4
200902200HOU,RS,DAL,336.0,,11,13,-2
200902200HOU,RS,DAL,351.0,,11,15,-4
200902200HOU,RS,DAL,367.0,,11,16,-5
200902200HOU,RS,DAL,367.0,,11,17,-6
200902200HOU,RS,DAL,390.0,,13,17,-4
200902200HOU,RS,DAL,435.0,,13,19,-6
200902200HOU,RS,DAL,493.0,,13,21,-8
200902200HOU,RS,DAL,514.0,,15,21,-6
200902200HOU,RS,DAL,536.0,,15,24,-9
200902200HOU,RS,DAL,569.0,,15,25,-10
200902200HOU,RS,DAL,569.0,,15,26,-11
200902200HOU,RS,DAL,611.0,,15,28,-13
200902200HOU,RS,DAL,625.0,,16,28,-12
200902200HOU,RS,DAL,625.0,,17,28,-11
200902200HOU,RS,DAL,684.2,,18,28,-10
200902200HOU,RS,DAL,684.2,,19,28,-9
200902200HOU,RS,DAL,772.0,,22,28,-6
200902200HOU,RS,DAL,807.0,,24,28,-4
200902200HOU,RS,DAL,824.0,,24,30,-6
200902200HOU,RS,DAL,824.0,,24,31,-7
200902200HOU,RS,DAL,855.0,,24,34,-10
200902200HOU,RS,DAL,882.0,,24,37,-13
200902200HOU,RS,DAL,911.0,,27,37,-10
200902200HOU,RS,DAL,975.0,,27,38,-11
200902200HOU,RS,DAL,975.0,,27,39,-12
200902200HOU,RS,DAL,987.0,,29,39,-10
200902200HOU,RS,DAL,1002.0,,29,42,-13
200902200HOU,RS,DAL,1024.0,,29,45,-16
200902200HOU,RS,DAL,1051.0,,31,45,-14
200902200HOU,RS,DAL,1067.0,,31,47,-16
200902200HOU,RS,DAL,1081.0,,32,47,-15
200902200HOU,RS,DAL,1100.0,,34,47,-13
200902200HOU,RS,DAL,1158.0,,36,47,-11
200902200HOU,RS,DAL,1186.0,,38,47,-9
200902200HOU,RS,DAL,1260.0,,40,47,-7
200902200HOU,RS,DAL,1278.0,,40,49,-9
200902200HOU,RS,DAL,1355.0,,42,49,-7
200902200HOU,RS,DAL,1376.0,,42,51,-9
200902200HOU,RS,DAL,1393.7,,44,51,-7
200902200HOU,RS,DAL,1487.0,,44,53,-9
200902200HOU,RS,DAL,1545.0,,47,53,-6
200902200HOU,RS,DAL,1576.0,,49,53,-4
200902200HOU,RS,DAL,1594.0,,50,53,-3
200902200HOU,RS,DAL,1620.0,,52,53,-1
200902200HOU,RS,DAL,1661.0,LC,55,53,2
200902200HOU,RS,DAL,1673.0,T,55,55,0
200902200HOU,RS,DAL,1698.0,,57,55,2
200902200HOU,RS,DAL,1738.0,,59,55,4
200902200HOU,RS,DAL,1753.0,,59,57,2
200902200HOU,RS,DAL,1798.0,,60,57,3
200902200HOU,RS,DAL,1798.0,,61,57,4
200902200HOU,RS,DAL,1840.0,,62,57,5
200902200HOU,RS,DAL,1840.0,,63,57,6
200902200HOU,RS,DAL,1871.0,,65,57,8
200902200HOU,RS,DAL,1896.0,,68,57,11
200902200HOU,RS,DAL,1912.0,,68,59,9
200902200HOU,RS,DAL,1949.0,,68,61,7
200902200HOU,RS,DAL,2007.0,,69,61,8
200902200HOU,RS,DAL,2007.0,,70,61,9
200902200HOU,RS,DAL,2079.0,,72,61,11
200902200HOU,RS,DAL,2096.0,,72,64,8
200902200HOU,RS,DAL,2116.3,,74,64,10
200902200HOU,RS,DAL,2178.0,,74,65,9
200902200HOU,RS,DAL,2193.0,,76,65,11
200902200HOU,RS,DAL,2238.0,,76,67,9
200902200HOU,RS,DAL,2275.0,,76,68,8
200902200HOU,RS,DAL,2345.0,,76,71,5
200902200HOU,RS,DAL,2390.0,,76,73,3
200902200HOU,RS,DAL,2402.0,,78,73,5
200902200HOU,RS,DAL,2435.0,,81,73,8
200902200HOU,RS,DAL,2485.0,,81,75,6
200902200HOU,RS,DAL,2508.0,,81,77,4
200902200HOU,RS,DAL,2527.0,,82,77,5
200902200HOU,RS,DAL,2545.0,,83,77,6
200902200HOU,RS,DAL,2545.0,,84,77,7
200902200HOU,RS,DAL,2558.0,,84,79,5
200902200HOU,RS,DAL,2595.0,,84,81,3
200902200HOU,RS,DAL,2721.0,,86,81,5
200902200HOU,RS,DAL,2740.0,,86,84,2
200902200HOU,RS,DAL,2760.0,,89,84,5
200902200HOU,RS,DAL,2779.0,,89,86,3
200902200HOU,RS,DAL,2855.9,,92,86,6
200902200HOU,RS,DAL,2865.7,F,93,86,7
200902200HOU,RS,DAL,2880.0,,93,86,7
200902220HOU,RS,CHA,0.0,,0,0,0
200902220HOU,RS,CHA,64.0,,3,0,3
200902220HOU,RS,CHA,104.0,,3,2,1
200902220HOU,RS,CHA,125.0,,5,2,3
200902220HOU,RS,CHA,157.0,T,5,5,0
200902220HOU,RS,CHA,174.0,,7,5,2
200902220HOU,RS,CHA,259.0,,9,5,4
200902220HOU,RS,CHA,282.0,,9,7,2
200902220HOU,RS,CHA,302.0,,11,7,4
200902220HOU,RS,CHA,320.0,,11,9,2
200902220HOU,RS,CHA,334.0,,13,9,4
200902220HOU,RS,CHA,354.0,,13,11,2
200902220HOU,RS,CHA,360.0,,14,11,3
200902220HOU,RS,CHA,408.0,,17,11,6
200902220HOU,RS,CHA,482.0,,17,13,4
200902220HOU,RS,CHA,544.0,,19,13,6
200902220HOU,RS,CHA,589.0,,22,13,9
200902220HOU,RS,CHA,607.0,,22,15,7
200902220HOU,RS,CHA,655.0,,22,17,5
200902220HOU,RS,CHA,670.8,,24,17,7
200902220HOU,RS,CHA,688.8,,24,18,6
200902220HOU,RS,CHA,696.4,,24,19,5
200902220HOU,RS,CHA,696.4,,24,20,4
200902220HOU,RS,CHA,719.2,,27,20,7
200902220HOU,RS,CHA,736.0,,29,20,9
200902220HOU,RS,CHA,761.0,,29,22,7
200902220HOU,RS,CHA,806.0,,32,22,10
200902220HOU,RS,CHA,827.0,,32,24,8
200902220HOU,RS,CHA,865.0,,33,24,9
200902220HOU,RS,CHA,865.0,,34,24,10
200902220HOU,RS,CHA,881.0,,34,26,8
200902220HOU,RS,CHA,900.0,,37,26,11
200902220HOU,RS,CHA,954.0,,37,29,8
200902220HOU,RS,CHA,974.0,,39,29,10
200902220HOU,RS,CHA,1028.0,,39,31,8
200902220HOU,RS,CHA,1028.0,,39,32,7
200902220HOU,RS,CHA,1056.0,,39,34,5
200902220HOU,RS,CHA,1098.0,,40,34,6
200902220HOU,RS,CHA,1147.0,,40,36,4
200902220HOU,RS,CHA,1236.0,,42,36,6
200902220HOU,RS,CHA,1331.0,,42,37,5
200902220HOU,RS,CHA,1331.0,,42,38,4
200902220HOU,RS,CHA,1366.0,,42,40,2
200902220HOU,RS,CHA,1379.0,,44,40,4
200902220HOU,RS,CHA,1395.4,,44,42,2
200902220HOU,RS,CHA,1460.0,,45,42,3
200902220HOU,RS,CHA,1460.0,,46,42,4
200902220HOU,RS,CHA,1502.0,,46,44,2
200902220HOU,RS,CHA,1516.0,,48,44,4
200902220HOU,RS,CHA,1563.0,,50,44,6
200902220HOU,RS,CHA,1652.0,,50,46,4
200902220HOU,RS,CHA,1665.0,,52,46,6
200902220HOU,RS,CHA,1692.0,,54,46,8
200902220HOU,RS,CHA,1708.0,,54,48,6
200902220HOU,RS,CHA,1761.0,,56,48,8
200902220HOU,RS,CHA,1787.0,,56,51,5
200902220HOU,RS,CHA,1799.0,,58,51,7
200902220HOU,RS,CHA,1831.0,,61,51,10
200902220HOU,RS,CHA,1848.0,,61,53,8
200902220HOU,RS,CHA,1874.0,,64,53,11
200902220HOU,RS,CHA,1923.0,,65,53,12
200902220HOU,RS,CHA,1923.0,,66,53,13
200902220HOU,RS,CHA,1936.0,,66,54,12
200902220HOU,RS,CHA,1936.0,,66,55,11
200902220HOU,RS,CHA,1958.0,,68,55,13
200902220HOU,RS,CHA,2025.0,,71,55,16
200902220HOU,RS,CHA,2040.0,,71,56,15
200902220HOU,RS,CHA,2133.3,,73,56,17
200902220HOU,RS,CHA,2216.0,,73,58,15
200902220HOU,RS,CHA,2234.0,,76,58,18
200902220HOU,RS,CHA,2256.0,,78,58,20
200902220HOU,RS,CHA,2322.0,,78,60,18
200902220HOU,RS,CHA,2368.0,,78,61,17
200902220HOU,RS,CHA,2376.0,,80,61,19
200902220HOU,RS,CHA,2432.0,,82,61,21
200902220HOU,RS,CHA,2464.0,,83,61,22
200902220HOU,RS,CHA,2477.0,,83,62,21
200902220HOU,RS,CHA,2477.0,,83,63,20
200902220HOU,RS,CHA,2493.0,,84,63,21
200902220HOU,RS,CHA,2493.0,,85,63,22
200902220HOU,RS,CHA,2515.0,,88,63,25
200902220HOU,RS,CHA,2533.0,,88,64,24
200902220HOU,RS,CHA,2533.0,,88,65,23
200902220HOU,RS,CHA,2587.0,,88,66,22
200902220HOU,RS,CHA,2603.0,,88,68,20
200902220HOU,RS,CHA,2639.0,,88,69,19
200902220HOU,RS,CHA,2645.0,,89,69,20
200902220HOU,RS,CHA,2645.0,,90,69,21
200902220HOU,RS,CHA,2645.0,,91,69,22
200902220HOU,RS,CHA,2660.0,,91,71,20
200902220HOU,RS,CHA,2706.0,,94,71,23
200902220HOU,RS,CHA,2776.0,,94,74,20
200902220HOU,RS,CHA,2821.9,,94,75,19
200902220HOU,RS,CHA,2821.9,,94,76,18
200902220HOU,RS,CHA,2838.2,,96,76,20
200902220HOU,RS,CHA,2849.0,,96,77,19
200902220HOU,RS,CHA,2849.0,,96,78,18
200902220HOU,RS,CHA,2871.8,F,99,78,21
200902220HOU,RS,CHA,2880.0,,99,78,21
200902240HOU,RS,POR,0.0,,0,0,0
200902240HOU,RS,POR,14.0,,0,2,-2
200902240HOU,RS,POR,45.0,,0,4,-4
200902240HOU,RS,POR,80.0,,2,4,-2
200902240HOU,RS,POR,172.0,,2,6,-4
200902240HOU,RS,POR,185.0,,4,6,-2
200902240HOU,RS,POR,200.0,,4,8,-4
200902240HOU,RS,POR,217.0,,6,8,-2
200902240HOU,RS,POR,232.0,,6,10,-4
200902240HOU,RS,POR,307.0,,6,12,-6
200902240HOU,RS,POR,331.0,,8,12,-4
200902240HOU,RS,POR,339.0,,8,14,-6
200902240HOU,RS,POR,339.0,,8,15,-7
200902240HOU,RS,POR,355.0,,9,15,-6
200902240HOU,RS,POR,366.0,,11,15,-4
200902240HOU,RS,POR,387.0,,11,17,-6
200902240HOU,RS,POR,408.0,,13,17,-4
200902240HOU,RS,POR,442.0,,14,17,-3
200902240HOU,RS,POR,442.0,,15,17,-2
200902240HOU,RS,POR,476.0,LC,18,17,1
200902240HOU,RS,POR,512.0,,20,17,3
200902240HOU,RS,POR,553.0,,21,17,4
200902240HOU,RS,POR,553.0,,22,17,5
200902240HOU,RS,POR,582.0,,22,19,3
200902240HOU,RS,POR,597.0,,25,19,6
200902240HOU,RS,POR,627.0,,26,19,7
200902240HOU,RS,POR,627.0,,27,19,8
200902240HOU,RS,POR,652.0,,29,19,10
200902240HOU,RS,POR,680.0,,31,19,12
200902240HOU,RS,POR,693.4,,31,21,10
200902240HOU,RS,POR,732.0,,33,21,12
200902240HOU,RS,POR,756.0,,33,23,10
200902240HOU,RS,POR,774.0,,33,24,9
200902240HOU,RS,POR,805.0,,35,24,11
200902240HOU,RS,POR,822.0,,35,25,10
200902240HOU,RS,POR,883.0,,37,25,12
200902240HOU,RS,POR,908.0,,40,25,15
200902240HOU,RS,POR,922.0,,40,26,14
200902240HOU,RS,POR,922.0,,40,27,13
200902240HOU,RS,POR,991.0,,42,27,15
200902240HOU,RS,POR,1011.0,,42,29,13
200902240HOU,RS,POR,1018.0,,45,29,16
200902240HOU,RS,POR,1042.0,,45,31,14
200902240HOU,RS,POR,1067.0,,47,31,16
200902240HOU,RS,POR,1097.0,,49,31,18
200902240HOU,RS,POR,1125.0,,49,34,15
200902240HOU,RS,POR,1138.0,,51,34,17
200902240HOU,RS,POR,1148.0,,51,35,16
200902240HOU,RS,POR,1163.0,,51,37,14
200902240HOU,RS,POR,1182.0,,52,37,15
200902240HOU,RS,POR,1205.0,,52,39,13
200902240HOU,RS,POR,1257.0,,54,39,15
200902240HOU,RS,POR,1273.0,,54,41,13
200902240HOU,RS,POR,1333.0,,56,41,15
200902240HOU,RS,POR,1358.0,,58,41,17
200902240HOU,RS,POR,1410.4,,58,42,16
200902240HOU,RS,POR,1410.4,,58,43,15
200902240HOU,RS,POR,1431.5,,60,43,17
200902240HOU,RS,POR,1476.0,,60,45,15
200902240HOU,RS,POR,1510.0,,62,45,17
200902240HOU,RS,POR,1553.0,,62,46,16
200902240HOU,RS,POR,1553.0,,62,47,15
200902240HOU,RS,POR,1607.0,,63,47,16
200902240HOU,RS,POR,1607.0,,64,47,17
200902240HOU,RS,POR,1620.0,,64,50,14
200902240HOU,RS,POR,1641.0,,66,50,16
200902240HOU,RS,POR,1663.0,,66,53,13
200902240HOU,RS,POR,1690.0,,66,55,11
200902240HOU,RS,POR,1730.0,,68,55,13
200902240HOU,RS,POR,1782.0,,68,57,11
200902240HOU,RS,POR,1822.0,,68,59,9
200902240HOU,RS,POR,1836.0,,71,59,12
200902240HOU,RS,POR,1877.0,,74,59,15
200902240HOU,RS,POR,1962.0,,74,62,12
200902240HOU,RS,POR,1989.0,,74,64,10
200902240HOU,RS,POR,1989.0,,74,65,9
200902240HOU,RS,POR,2023.0,,74,67,7
200902240HOU,RS,POR,2054.0,,74,69,5
200902240HOU,RS,POR,2071.0,,76,69,7
200902240HOU,RS,POR,2115.0,,78,69,9
200902240HOU,RS,POR,2180.0,,78,71,7
200902240HOU,RS,POR,2200.0,,81,71,10
200902240HOU,RS,POR,2224.0,,81,73,8
200902240HOU,RS,POR,2248.0,,82,73,9
200902240HOU,RS,POR,2248.0,,83,73,10
200902240HOU,RS,POR,2293.0,,85,73,12
200902240HOU,RS,POR,2316.0,,85,75,10
200902240HOU,RS,POR,2335.0,,87,75,12
200902240HOU,RS,POR,2368.0,,89,75,14
200902240HOU,RS,POR,2407.0,,89,76,13
200902240HOU,RS,POR,2524.0,,91,76,15
200902240HOU,RS,POR,2541.0,,91,78,13
200902240HOU,RS,POR,2584.0,,91,80,11
200902240HOU,RS,POR,2584.0,,91,81,10
200902240HOU,RS,POR,2639.0,,91,83,8
200902240HOU,RS,POR,2669.0,,91,86,5
200902240HOU,RS,POR,2711.0,,91,88,3
200902240HOU,RS,POR,2754.0,,92,88,4
200902240HOU,RS,POR,2858.0,,92,90,2
200902240HOU,RS,POR,2858.5,,93,90,3
200902240HOU,RS,POR,2858.5,,94,90,4
200902240HOU,RS,POR,2862.3,,94,92,2
200902240HOU,RS,POR,2863.9,,95,92,3
200902240HOU,RS,POR,2863.9,,96,92,4
200902240HOU,RS,POR,2871.6,,97,92,5
200902240HOU,RS,POR,2871.6,,98,92,6
200902240HOU,RS,POR,2876.3,,98,93,5
200902240HOU,RS,POR,2876.3,F,98,94,4
200902240HOU,RS,POR,2880.0,,98,94,4
200902260HOU,RS,CLE,0.0,,0,0,0
200902260HOU,RS,CLE,47.0,,0,2,-2
200902260HOU,RS,CLE,137.0,T,2,2,0
200902260HOU,RS,CLE,222.0,LC,4,2,2
200902260HOU,RS,CLE,286.0,T,4,4,0
200902260HOU,RS,CLE,321.0,,5,4,1
200902260HOU,RS,CLE,321.0,,6,4,2
200902260HOU,RS,CLE,345.0,,8,4,4
200902260HOU,RS,CLE,386.0,,9,4,5
200902260HOU,RS,CLE,386.0,,10,4,6
200902260HOU,RS,CLE,442.0,,10,5,5
200902260HOU,RS,CLE,464.0,,10,7,3
200902260HOU,RS,CLE,489.0,,11,7,4
200902260HOU,RS,CLE,489.0,,12,7,5
200902260HOU,RS,CLE,489.0,,13,7,6
200902260HOU,RS,CLE,503.0,,13,8,5
200902260HOU,RS,CLE,503.0,,13,9,4
200902260HOU,RS,CLE,572.0,,15,9,6
200902260HOU,RS,CLE,648.0,,17,9,8
200902260HOU,RS,CLE,662.7,,17,10,7
200902260HOU,RS,CLE,662.7,,17,11,6
200902260HOU,RS,CLE,704.2,,18,11,7
200902260HOU,RS,CLE,704.2,,19,11,8
200902260HOU,RS,CLE,774.0,,19,12,7
200902260HOU,RS,CLE,790.0,,19,15,4
200902260HOU,RS,CLE,801.0,,21,15,6
200902260HOU,RS,CLE,830.0,,23,15,8
200902260HOU,RS,CLE,856.0,,23,17,6
200902260HOU,RS,CLE,896.0,,23,19,4
200902260HOU,RS,CLE,922.0,,26,19,7
200902260HOU,RS,CLE,961.0,,28,19,9
200902260HOU,RS,CLE,993.0,,28,22,6
200902260HOU,RS,CLE,1011.0,,30,22,8
200902260HOU,RS,CLE,1023.0,,33,22,11
200902260HOU,RS,CLE,1056.0,,33,24,9
200902260HOU,RS,CLE,1069.0,,35,24,11
200902260HOU,RS,CLE,1105.0,,35,26,9
200902260HOU,RS,CLE,1184.0,,35,29,6
200902260HOU,RS,CLE,1200.0,,37,29,8
200902260HOU,RS,CLE,1226.0,,37,30,7
200902260HOU,RS,CLE,1226.0,,37,31,6
200902260HOU,RS,CLE,1240.0,,38,31,7
200902260HOU,RS,CLE,1240.0,,39,31,8
200902260HOU,RS,CLE,1258.0,,39,34,5
200902260HOU,RS,CLE,1346.0,,39,36,3
200902260HOU,RS,CLE,1359.0,,41,36,5
200902260HOU,RS,CLE,1373.0,,41,38,3
200902260HOU,RS,CLE,1387.6,,43,38,5
200902260HOU,RS,CLE,1398.9,,43,40,3
200902260HOU,RS,CLE,1409.7,,45,40,5
200902260HOU,RS,CLE,1481.0,,45,42,3
200902260HOU,RS,CLE,1496.0,,47,42,5
200902260HOU,RS,CLE,1647.0,,49,42,7
200902260HOU,RS,CLE,1697.0,,51,42,9
200902260HOU,RS,CLE,1724.0,,51,44,7
200902260HOU,RS,CLE,1735.0,,53,44,9
200902260HOU,RS,CLE,1759.0,,53,46,7
200902260HOU,RS,CLE,1779.0,,56,46,10
200902260HOU,RS,CLE,1801.0,,56,48,8
200902260HOU,RS,CLE,1825.0,,56,50,6
200902260HOU,RS,CLE,1842.0,,58,50,8
200902260HOU,RS,CLE,1875.0,,60,50,10
200902260HOU,RS,CLE,1920.0,,62,50,12
200902260HOU,RS,CLE,1999.0,,64,50,14
200902260HOU,RS,CLE,2075.0,,66,50,16
200902260HOU,RS,CLE,2116.9,,68,50,18
200902260HOU,RS,CLE,2176.0,,68,52,16
200902260HOU,RS,CLE,2199.0,,69,52,17
200902260HOU,RS,CLE,2219.0,,69,54,15
200902260HOU,RS,CLE,2237.0,,72,54,18
200902260HOU,RS,CLE,2301.0,,72,56,16
200902260HOU,RS,CLE,2337.0,,72,58,14
200902260HOU,RS,CLE,2386.0,,72,61,11
200902260HOU,RS,CLE,2410.0,,74,61,13
200902260HOU,RS,CLE,2438.0,,77,61,16
200902260HOU,RS,CLE,2456.0,,77,64,13
200902260HOU,RS,CLE,2489.0,,77,65,12
200902260HOU,RS,CLE,2489.0,,77,66,11
200902260HOU,RS,CLE,2505.0,,80,66,14
200902260HOU,RS,CLE,2576.0,,80,68,12
200902260HOU,RS,CLE,2594.0,,82,68,14
200902260HOU,RS,CLE,2623.0,,85,68,17
200902260HOU,RS,CLE,2637.0,,85,69,16
200902260HOU,RS,CLE,2637.0,,85,70,15
200902260HOU,RS,CLE,2682.0,,86,70,16
200902260HOU,RS,CLE,2682.0,,87,70,17
200902260HOU,RS,CLE,2682.0,,88,70,18
200902260HOU,RS,CLE,2699.0,,88,72,16
200902260HOU,RS,CLE,2726.0,,91,72,19
200902260HOU,RS,CLE,2789.0,,91,73,18
200902260HOU,RS,CLE,2789.0,,91,74,17
200902260HOU,RS,CLE,2809.0,F,93,74,19
200902260HOU,RS,CLE,2880.0,,93,74,19
200902280CHI,RS,CHI,0.0,,0,0,0
200902280CHI,RS,CHI,22.0,,2,0,2
200902280CHI,RS,CHI,40.0,T,2,2,0
200902280CHI,RS,CHI,98.0,,5,2,3
200902280CHI,RS,CHI,116.0,,5,4,1
200902280CHI,RS,CHI,116.0,T,5,5,0
200902280CHI,RS,CHI,134.0,,7,5,2
200902280CHI,RS,CHI,140.0,T,7,7,0
200902280CHI,RS,CHI,166.0,,9,7,2
200902280CHI,RS,CHI,203.0,,12,7,5
200902280CHI,RS,CHI,258.0,,12,9,3
200902280CHI,RS,CHI,291.0,,12,11,1
200902280CHI,RS,CHI,329.0,,14,11,3
200902280CHI,RS,CHI,370.0,,16,11,5
200902280CHI,RS,CHI,382.0,,16,13,3
200902280CHI,RS,CHI,399.0,,18,13,5
200902280CHI,RS,CHI,430.0,,21,13,8
200902280CHI,RS,CHI,446.0,,21,15,6
200902280CHI,RS,CHI,457.0,,22,15,7
200902280CHI,RS,CHI,457.0,,23,15,8
200902280CHI,RS,CHI,495.0,,23,16,7
200902280CHI,RS,CHI,495.0,,23,17,6
200902280CHI,RS,CHI,533.0,,25,17,8
200902280CHI,RS,CHI,545.0,,25,19,6
200902280CHI,RS,CHI,587.0,,25,22,3
200902280CHI,RS,CHI,609.0,,27,22,5
200902280CHI,RS,CHI,644.0,,29,22,7
200902280CHI,RS,CHI,676.1,,31,22,9
200902280CHI,RS,CHI,686.6,,31,23,8
200902280CHI,RS,CHI,686.6,,31,24,7
200902280CHI,RS,CHI,719.4,,31,26,5
200902280CHI,RS,CHI,751.0,,31,28,3
200902280CHI,RS,CHI,803.0,,33,28,5
200902280CHI,RS,CHI,833.0,,35,28,7
200902280CHI,RS,CHI,846.0,,35,30,5
200902280CHI,RS,CHI,882.0,,35,32,3
200902280CHI,RS,CHI,899.0,,37,32,5
200902280CHI,RS,CHI,916.0,,37,34,3
200902280CHI,RS,CHI,989.0,,37,36,1
200902280CHI,RS,CHI,1011.0,,39,36,3
200902280CHI,RS,CHI,1053.0,,41,36,5
200902280CHI,RS,CHI,1070.0,,41,38,3
200902280CHI,RS,CHI,1118.0,,41,40,1
200902280CHI,RS,CHI,1147.0,,43,40,3
200902280CHI,RS,CHI,1163.0,,43,42,1
200902280CHI,RS,CHI,1193.0,,45,42,3
200902280CHI,RS,CHI,1219.0,,45,44,1
200902280CHI,RS,CHI,1253.0,,47,44,3
200902280CHI,RS,CHI,1265.0,,47,46,1
200902280CHI,RS,CHI,1293.0,,49,46,3
200902280CHI,RS,CHI,1330.0,,49,48,1
200902280CHI,RS,CHI,1351.0,,51,48,3
200902280CHI,RS,CHI,1370.0,,52,48,4
200902280CHI,RS,CHI,1400.3,,52,50,2
200902280CHI,RS,CHI,1409.6,,55,50,5
200902280CHI,RS,CHI,1427.2,,55,53,2
200902280CHI,RS,CHI,1429.2,T,55,55,0
200902280CHI,RS,CHI,1439.3,,58,55,3
200902280CHI,RS,CHI,1507.0,,60,55,5
200902280CHI,RS,CHI,1531.0,,60,57,3
200902280CHI,RS,CHI,1551.0,,63,57,6
200902280CHI,RS,CHI,1566.0,,63,59,4
200902280CHI,RS,CHI,1588.0,,66,59,7
200902280CHI,RS,CHI,1670.0,,68,59,9
200902280CHI,RS,CHI,1696.0,,68,61,7
200902280CHI,RS,CHI,1712.0,,69,61,8
200902280CHI,RS,CHI,1712.0,,70,61,9
200902280CHI,RS,CHI,1712.0,,71,61,10
200902280CHI,RS,CHI,1732.0,,73,61,12
200902280CHI,RS,CHI,1750.0,,73,63,10
200902280CHI,RS,CHI,1836.0,,75,63,12
200902280CHI,RS,CHI,1893.0,,76,63,13
200902280CHI,RS,CHI,1893.0,,77,63,14
200902280CHI,RS,CHI,1924.0,,77,64,13
200902280CHI,RS,CHI,1969.0,,78,64,14
200902280CHI,RS,CHI,1969.0,,79,64,15
200902280CHI,RS,CHI,1982.0,,79,66,13
200902280CHI,RS,CHI,2030.0,,79,68,11
200902280CHI,RS,CHI,2043.0,,82,68,14
200902280CHI,RS,CHI,2098.0,,82,71,11
200902280CHI,RS,CHI,2116.7,,84,71,13
200902280CHI,RS,CHI,2156.4,,85,71,14
200902280CHI,RS,CHI,2156.4,,86,71,15
200902280CHI,RS,CHI,2159.4,,87,71,16
200902280CHI,RS,CHI,2159.4,,88,71,17
200902280CHI,RS,CHI,2209.0,,88,73,15
200902280CHI,RS,CHI,2261.0,,88,75,13
200902280CHI,RS,CHI,2261.0,,88,76,12
200902280CHI,RS,CHI,2275.0,,91,76,15
200902280CHI,RS,CHI,2297.0,,91,78,13
200902280CHI,RS,CHI,2324.0,,91,80,11
200902280CHI,RS,CHI,2401.0,,93,80,13
200902280CHI,RS,CHI,2434.0,,95,80,15
200902280CHI,RS,CHI,2460.0,,95,81,14
200902280CHI,RS,CHI,2460.0,,95,82,13
200902280CHI,RS,CHI,2499.0,,97,82,15
200902280CHI,RS,CHI,2529.0,,99,82,17
200902280CHI,RS,CHI,2544.0,,99,84,15
200902280CHI,RS,CHI,2569.0,,99,87,12
200902280CHI,RS,CHI,2616.0,,99,89,10
200902280CHI,RS,CHI,2651.0,,99,91,8
200902280CHI,RS,CHI,2683.0,,99,93,6
200902280CHI,RS,CHI,2721.0,,99,94,5
200902280CHI,RS,CHI,2721.0,,99,95,4
200902280CHI,RS,CHI,2744.0,,102,95,7
200902280CHI,RS,CHI,2757.0,,102,97,5
200902280CHI,RS,CHI,2757.0,,102,98,4
200902280CHI,RS,CHI,2780.0,,102,100,2
200902280CHI,RS,CHI,2812.0,T,102,102,0
200902280CHI,RS,CHI,2847.9,LC,102,104,-2
200902280CHI,RS,CHI,2868.9,F,102,105,-3
200902280CHI,RS,CHI,2880.0,,102,105,-3
200903010MIN,RS,MIN,0.0,,0,0,0
200903010MIN,RS,MIN,15.0,,2,0,2
200903010MIN,RS,MIN,33.0,T,2,2,0
200903010MIN,RS,MIN,56.0,,5,2,3
200903010MIN,RS,MIN,78.0,,5,4,1
200903010MIN,RS,MIN,94.0,,7,4,3
200903010MIN,RS,MIN,114.0,,7,6,1
200903010MIN,RS,MIN,128.0,,9,6,3
200903010MIN,RS,MIN,155.0,,11,6,5
200903010MIN,RS,MIN,170.0,,11,8,3
200903010MIN,RS,MIN,181.0,,13,8,5
200903010MIN,RS,MIN,202.0,,15,8,7
200903010MIN,RS,MIN,228.0,,15,9,6
200903010MIN,RS,MIN,228.0,,15,10,5
200903010MIN,RS,MIN,273.0,,15,13,2
200903010MIN,RS,MIN,300.0,T,15,15,0
200903010MIN,RS,MIN,325.0,,17,15,2
200903010MIN,RS,MIN,368.0,,19,15,4
200903010MIN,RS,MIN,412.0,,21,15,6
200903010MIN,RS,MIN,439.0,,23,15,8
200903010MIN,RS,MIN,524.0,,25,15,10
200903010MIN,RS,MIN,583.0,,25,17,8
200903010MIN,RS,MIN,634.0,,26,17,9
200903010MIN,RS,MIN,634.0,,27,17,10
200903010MIN,RS,MIN,653.0,,27,19,8
200903010MIN,RS,MIN,677.6,,27,21,6
200903010MIN,RS,MIN,686.4,,29,21,8
200903010MIN,RS,MIN,697.9,,29,23,6
200903010MIN,RS,MIN,741.0,,29,25,4
200903010MIN,RS,MIN,791.0,,29,28,1
200903010MIN,RS,MIN,822.0,LC,29,30,-1
200903010MIN,RS,MIN,835.0,LC,31,30,1
200903010MIN,RS,MIN,856.0,,33,30,3
200903010MIN,RS,MIN,880.0,,35,30,5
200903010MIN,RS,MIN,898.0,,35,32,3
200903010MIN,RS,MIN,963.0,,35,34,1
200903010MIN,RS,MIN,998.0,T,35,35,0
200903010MIN,RS,MIN,1014.0,,37,35,2
200903010MIN,RS,MIN,1032.0,T,37,37,0
200903010MIN,RS,MIN,1045.0,,39,37,2
200903010MIN,RS,MIN,1067.0,T,39,39,0
200903010MIN,RS,MIN,1089.0,,42,39,3
200903010MIN,RS,MIN,1167.0,,44,39,5
200903010MIN,RS,MIN,1189.0,,44,42,2
200903010MIN,RS,MIN,1206.0,,46,42,4
200903010MIN,RS,MIN,1225.0,,46,45,1
200903010MIN,RS,MIN,1273.0,LC,46,48,-2
200903010MIN,RS,MIN,1282.0,T,48,48,0
200903010MIN,RS,MIN,1301.0,,48,49,-1
200903010MIN,RS,MIN,1319.0,LC,50,49,1
200903010MIN,RS,MIN,1354.0,,51,49,2
200903010MIN,RS,MIN,1354.0,,52,49,3
200903010MIN,RS,MIN,1365.0,,52,51,1
200903010MIN,RS,MIN,1379.0,,54,51,3
200903010MIN,RS,MIN,1393.8,,54,53,1
200903010MIN,RS,MIN,1461.0,LC,54,56,-2
200903010MIN,RS,MIN,1497.0,,54,58,-4
200903010MIN,RS,MIN,1512.0,,56,58,-2
200903010MIN,RS,MIN,1512.0,,57,58,-1
200903010MIN,RS,MIN,1528.0,,57,60,-3
200903010MIN,RS,MIN,1546.0,,59,60,-1
200903010MIN,RS,MIN,1568.0,LC,61,60,1
200903010MIN,RS,MIN,1663.0,LC,61,62,-1
200903010MIN,RS,MIN,1705.0,LC,64,62,2
200903010MIN,RS,MIN,1725.0,T,64,64,0
200903010MIN,RS,MIN,1768.0,,65,64,1
200903010MIN,RS,MIN,1768.0,,66,64,2
200903010MIN,RS,MIN,1791.0,,67,64,3
200903010MIN,RS,MIN,1791.0,,68,64,4
200903010MIN,RS,MIN,1818.0,,71,64,7
200903010MIN,RS,MIN,1852.0,,73,64,9
200903010MIN,RS,MIN,1866.0,,75,64,11
200903010MIN,RS,MIN,1944.0,,77,64,13
200903010MIN,RS,MIN,1982.0,,79,64,15
200903010MIN,RS,MIN,2010.0,,81,64,17
200903010MIN,RS,MIN,2095.0,,81,66,15
200903010MIN,RS,MIN,2122.5,,81,67,14
200903010MIN,RS,MIN,2135.4,,83,67,16
200903010MIN,RS,MIN,2156.8,,83,69,14
200903010MIN,RS,MIN,2183.0,,86,69,17
200903010MIN,RS,MIN,2205.0,,88,69,19
200903010MIN,RS,MIN,2231.0,,88,71,17
200903010MIN,RS,MIN,2238.0,,90,71,19
200903010MIN,RS,MIN,2253.0,,90,73,17
200903010MIN,RS,MIN,2315.0,,91,73,18
200903010MIN,RS,MIN,2315.0,,92,73,19
200903010MIN,RS,MIN,2344.0,,93,73,20
200903010MIN,RS,MIN,2366.0,,93,75,18
200903010MIN,RS,MIN,2400.0,,93,78,15
200903010MIN,RS,MIN,2422.0,,94,78,16
200903010MIN,RS,MIN,2422.0,,95,78,17
200903010MIN,RS,MIN,2437.0,,95,81,14
200903010MIN,RS,MIN,2483.0,,98,81,17
200903010MIN,RS,MIN,2508.0,,98,83,15
200903010MIN,RS,MIN,2526.0,,99,83,16
200903010MIN,RS,MIN,2613.0,,101,83,18
200903010MIN,RS,MIN,2654.0,,101,85,16
200903010MIN,RS,MIN,2678.0,,102,85,17
200903010MIN,RS,MIN,2678.0,,103,85,18
200903010MIN,RS,MIN,2687.0,,103,87,16
200903010MIN,RS,MIN,2782.0,,103,89,14
200903010MIN,RS,MIN,2800.0,,104,89,15
200903010MIN,RS,MIN,2800.0,,105,89,16
200903010MIN,RS,MIN,2839.9,,105,91,14
200903010MIN,RS,MIN,2857.6,F,105,94,11
200903010MIN,RS,MIN,2880.0,,105,94,11
200903030HOU,RS,TOR,0.0,,0,0,0
200903030HOU,RS,TOR,14.0,,0,2,-2
200903030HOU,RS,TOR,45.0,,0,4,-4
200903030HOU,RS,TOR,56.0,,2,4,-2
200903030HOU,RS,TOR,103.0,T,4,4,0
200903030HOU,RS,TOR,125.0,,4,6,-2
200903030HOU,RS,TOR,151.0,,4,8,-4
200903030HOU,RS,TOR,220.0,,4,11,-7
200903030HOU,RS,TOR,253.0,,4,13,-9
200903030HOU,RS,TOR,280.0,,6,13,-7
200903030HOU,RS,TOR,288.0,,6,15,-9
200903030HOU,RS,TOR,322.0,,6,17,-11
200903030HOU,RS,TOR,341.0,,8,17,-9
200903030HOU,RS,TOR,367.0,,10,17,-7
200903030HOU,RS,TOR,400.0,,10,18,-8
200903030HOU,RS,TOR,400.0,,10,19,-9
200903030HOU,RS,TOR,484.0,,10,22,-12
200903030HOU,RS,TOR,505.0,,12,22,-10
200903030HOU,RS,TOR,523.0,,14,22,-8
200903030HOU,RS,TOR,611.0,,16,22,-6
200903030HOU,RS,TOR,625.0,,16,24,-8
200903030HOU,RS,TOR,639.0,,18,24,-6
200903030HOU,RS,TOR,665.7,,20,24,-4
200903030HOU,RS,TOR,679.7,,20,26,-6
200903030HOU,RS,TOR,732.0,,22,26,-4
200903030HOU,RS,TOR,773.0,,22,28,-6
200903030HOU,RS,TOR,793.0,,24,28,-4
200903030HOU,RS,TOR,807.0,,24,29,-5
200903030HOU,RS,TOR,854.0,,24,31,-7
200903030HOU,RS,TOR,893.0,,27,31,-4
200903030HOU,RS,TOR,915.0,,29,31,-2
200903030HOU,RS,TOR,915.0,,30,31,-1
200903030HOU,RS,TOR,926.0,,30,33,-3
200903030HOU,RS,TOR,951.0,,32,33,-1
200903030HOU,RS,TOR,994.0,LC,34,33,1
200903030HOU,RS,TOR,1030.0,,35,33,2
200903030HOU,RS,TOR,1030.0,,36,33,3
200903030HOU,RS,TOR,1058.0,,38,33,5
200903030HOU,RS,TOR,1075.0,,38,34,4
200903030HOU,RS,TOR,1075.0,,38,35,3
200903030HOU,RS,TOR,1090.0,,40,35,5
200903030HOU,RS,TOR,1108.0,,42,35,7
200903030HOU,RS,TOR,1129.0,,42,37,5
200903030HOU,RS,TOR,1151.0,,42,38,4
200903030HOU,RS,TOR,1151.0,,42,39,3
200903030HOU,RS,TOR,1174.0,,44,39,5
200903030HOU,RS,TOR,1210.0,,45,39,6
200903030HOU,RS,TOR,1224.0,,45,41,4
200903030HOU,RS,TOR,1250.0,,48,41,7
200903030HOU,RS,TOR,1274.0,,48,43,5
200903030HOU,RS,TOR,1310.0,,49,43,6
200903030HOU,RS,TOR,1310.0,,50,43,7
200903030HOU,RS,TOR,1343.0,,52,43,9
200903030HOU,RS,TOR,1359.0,,52,45,7
200903030HOU,RS,TOR,1380.7,,54,45,9
200903030HOU,RS,TOR,1387.5,,54,47,7
200903030HOU,RS,TOR,1418.6,,54,49,5
200903030HOU,RS,TOR,1437.7,,57,49,8
200903030HOU,RS,TOR,1511.0,,57,51,6
200903030HOU,RS,TOR,1545.0,,57,54,3
200903030HOU,RS,TOR,1569.0,T,57,57,0
200903030HOU,RS,TOR,1589.0,,60,57,3
200903030HOU,RS,TOR,1605.0,T,60,60,0
200903030HOU,RS,TOR,1629.0,,62,60,2
200903030HOU,RS,TOR,1658.0,,64,60,4
200903030HOU,RS,TOR,1671.0,,64,62,2
200903030HOU,RS,TOR,1729.0,T,64,64,0
200903030HOU,RS,TOR,1775.0,LC,64,66,-2
200903030HOU,RS,TOR,1843.0,T,66,66,0
200903030HOU,RS,TOR,1883.0,,66,68,-2
200903030HOU,RS,TOR,1904.0,T,68,68,0
200903030HOU,RS,TOR,1956.0,,68,70,-2
200903030HOU,RS,TOR,1977.0,T,70,70,0
200903030HOU,RS,TOR,2010.0,LC,72,70,2
200903030HOU,RS,TOR,2042.0,,74,70,4
200903030HOU,RS,TOR,2129.4,,74,72,2
200903030HOU,RS,TOR,2153.1,,77,72,5
200903030HOU,RS,TOR,2190.0,,79,72,7
200903030HOU,RS,TOR,2206.0,,79,74,5
200903030HOU,RS,TOR,2245.0,,81,74,7
200903030HOU,RS,TOR,2245.0,,82,74,8
200903030HOU,RS,TOR,2265.0,,82,75,7
200903030HOU,RS,TOR,2305.0,,84,75,9
200903030HOU,RS,TOR,2335.0,,86,75,11
200903030HOU,RS,TOR,2347.0,,86,78,8
200903030HOU,RS,TOR,2384.0,,86,80,6
200903030HOU,RS,TOR,2416.0,,86,82,4
200903030HOU,RS,TOR,2438.0,,87,82,5
200903030HOU,RS,TOR,2438.0,,88,82,6
200903030HOU,RS,TOR,2469.0,,89,82,7
200903030HOU,RS,TOR,2469.0,,90,82,8
200903030HOU,RS,TOR,2495.0,,93,82,11
200903030HOU,RS,TOR,2533.0,,93,84,9
200903030HOU,RS,TOR,2553.0,,96,84,12
200903030HOU,RS,TOR,2580.0,,97,84,13
200903030HOU,RS,TOR,2580.0,,98,84,14
200903030HOU,RS,TOR,2639.0,,98,86,12
200903030HOU,RS,TOR,2662.0,,100,86,14
200903030HOU,RS,TOR,2679.0,,100,88,12
200903030HOU,RS,TOR,2752.0,,100,90,10
200903030HOU,RS,TOR,2773.0,,102,90,12
200903030HOU,RS,TOR,2773.0,,103,90,13
200903030HOU,RS,TOR,2785.0,,103,92,11
200903030HOU,RS,TOR,2805.0,,105,92,13
200903030HOU,RS,TOR,2812.0,,105,95,10
200903030HOU,RS,TOR,2831.9,,107,95,12
200903030HOU,RS,TOR,2845.8,F,107,97,10
200903030HOU,RS,TOR,2880.0,,107,97,10
200903040UTA,RS,UTA,0.0,,0,0,0
200903040UTA,RS,UTA,94.0,,3,0,3
200903040UTA,RS,UTA,145.0,,5,0,5
200903040UTA,RS,UTA,170.0,,7,0,7
200903040UTA,RS,UTA,192.0,,7,2,5
200903040UTA,RS,UTA,227.0,,10,2,8
200903040UTA,RS,UTA,271.0,,10,4,6
200903040UTA,RS,UTA,292.0,,12,4,8
200903040UTA,RS,UTA,310.0,,12,7,5
200903040UTA,RS,UTA,325.0,,15,7,8
200903040UTA,RS,UTA,338.0,,15,9,6
200903040UTA,RS,UTA,367.0,,15,10,5
200903040UTA,RS,UTA,367.0,,15,11,4
200903040UTA,RS,UTA,418.0,,17,11,6
200903040UTA,RS,UTA,453.0,,17,13,4
200903040UTA,RS,UTA,453.0,,17,14,3
200903040UTA,RS,UTA,467.0,,19,14,5
200903040UTA,RS,UTA,502.0,,20,14,6
200903040UTA,RS,UTA,502.0,,21,14,7
200903040UTA,RS,UTA,530.0,,21,16,5
200903040UTA,RS,UTA,565.0,,21,18,3
200903040UTA,RS,UTA,588.0,,23,18,5
200903040UTA,RS,UTA,617.0,,23,20,3
200903040UTA,RS,UTA,634.0,,26,20,6
200903040UTA,RS,UTA,647.0,,26,21,5
200903040UTA,RS,UTA,647.0,,26,22,4
200903040UTA,RS,UTA,780.0,,26,24,2
200903040UTA,RS,UTA,790.0,,27,24,3
200903040UTA,RS,UTA,790.0,,28,24,4
200903040UTA,RS,UTA,828.0,,28,26,2
200903040UTA,RS,UTA,855.0,T,28,28,0
200903040UTA,RS,UTA,934.0,,30,28,2
200903040UTA,RS,UTA,969.0,,31,28,3
200903040UTA,RS,UTA,1009.0,T,31,31,0
200903040UTA,RS,UTA,1030.0,,32,31,1
200903040UTA,RS,UTA,1030.0,,33,31,2
200903040UTA,RS,UTA,1047.0,T,33,33,0
200903040UTA,RS,UTA,1067.0,,35,33,2
200903040UTA,RS,UTA,1098.0,,37,33,4
200903040UTA,RS,UTA,1115.0,,37,34,3
200903040UTA,RS,UTA,1115.0,,37,35,2
200903040UTA,RS,UTA,1131.0,,40,35,5
200903040UTA,RS,UTA,1145.0,,40,37,3
200903040UTA,RS,UTA,1196.0,T,40,40,0
200903040UTA,RS,UTA,1215.0,,42,40,2
200903040UTA,RS,UTA,1225.0,T,42,42,0
200903040UTA,RS,UTA,1253.0,LC,42,44,-2
200903040UTA,RS,UTA,1270.0,T,44,44,0
200903040UTA,RS,UTA,1305.0,LC,45,44,1
200903040UTA,RS,UTA,1327.0,LC,45,46,-1
200903040UTA,RS,UTA,1389.7,T,46,46,0
200903040UTA,RS,UTA,1429.5,,46,48,-2
200903040UTA,RS,UTA,1467.0,,46,50,-4
200903040UTA,RS,UTA,1482.0,,49,50,-1
200903040UTA,RS,UTA,1503.0,,49,52,-3
200903040UTA,RS,UTA,1554.0,,50,52,-2
200903040UTA,RS,UTA,1565.0,,50,54,-4
200903040UTA,RS,UTA,1576.0,,52,54,-2
200903040UTA,RS,UTA,1629.0,,52,55,-3
200903040UTA,RS,UTA,1629.0,,52,56,-4
200903040UTA,RS,UTA,1732.0,,52,58,-6
200903040UTA,RS,UTA,1755.0,,52,60,-8
200903040UTA,RS,UTA,1769.0,,54,60,-6
200903040UTA,RS,UTA,1794.0,,54,62,-8
200903040UTA,RS,UTA,1824.0,,54,64,-10
200903040UTA,RS,UTA,1869.0,,56,64,-8
200903040UTA,RS,UTA,1888.0,,56,66,-10
200903040UTA,RS,UTA,1959.0,,56,69,-13
200903040UTA,RS,UTA,1990.0,,58,69,-11
200903040UTA,RS,UTA,2020.0,,58,71,-13
200903040UTA,RS,UTA,2034.0,,59,71,-12
200903040UTA,RS,UTA,2052.0,,60,71,-11
200903040UTA,RS,UTA,2085.0,,62,71,-9
200903040UTA,RS,UTA,2108.3,,63,71,-8
200903040UTA,RS,UTA,2108.3,,64,71,-7
200903040UTA,RS,UTA,2121.0,,65,71,-6
200903040UTA,RS,UTA,2121.0,,66,71,-5
200903040UTA,RS,UTA,2127.6,,66,73,-7
200903040UTA,RS,UTA,2152.2,,68,73,-5
200903040UTA,RS,UTA,2159.8,,68,75,-7
200903040UTA,RS,UTA,2232.0,,68,77,-9
200903040UTA,RS,UTA,2247.0,,70,77,-7
200903040UTA,RS,UTA,2259.0,,70,78,-8
200903040UTA,RS,UTA,2259.0,,70,79,-9
200903040UTA,RS,UTA,2275.0,,71,79,-8
200903040UTA,RS,UTA,2310.0,,74,79,-5
200903040UTA,RS,UTA,2327.0,,74,80,-6
200903040UTA,RS,UTA,2327.0,,74,81,-7
200903040UTA,RS,UTA,2382.0,,76,81,-5
200903040UTA,RS,UTA,2411.0,,76,83,-7
200903040UTA,RS,UTA,2431.0,,77,83,-6
200903040UTA,RS,UTA,2431.0,,78,83,-5
200903040UTA,RS,UTA,2443.0,,78,85,-7
200903040UTA,RS,UTA,2466.0,,79,85,-6
200903040UTA,RS,UTA,2466.0,,80,85,-5
200903040UTA,RS,UTA,2495.0,,82,85,-3
200903040UTA,RS,UTA,2495.0,,83,85,-2
200903040UTA,RS,UTA,2589.0,T,85,85,0
200903040UTA,RS,UTA,2607.0,,85,87,-2
200903040UTA,RS,UTA,2625.0,,85,89,-4
200903040UTA,RS,UTA,2647.0,,87,89,-2
200903040UTA,RS,UTA,2687.0,,87,91,-4
200903040UTA,RS,UTA,2716.0,,87,93,-6
200903040UTA,RS,UTA,2782.0,,88,93,-5
200903040UTA,RS,UTA,2782.0,,89,93,-4
200903040UTA,RS,UTA,2823.3,,89,95,-6
200903040UTA,RS,UTA,2836.8,,92,95,-3
200903040UTA,RS,UTA,2858.6,,92,97,-5
200903040UTA,RS,UTA,2863.1,,92,98,-6
200903040UTA,RS,UTA,2863.1,,92,99,-7
200903040UTA,RS,UTA,2867.0,,94,99,-5
200903040UTA,RS,UTA,2872.5,,94,100,-6
200903040UTA,RS,UTA,2872.5,F,94,101,-7
200903040UTA,RS,UTA,2880.0,,94,101,-7
200903060HOU,RS,PHO,0.0,,0,0,0
200903060HOU,RS,PHO,36.0,,1,0,1
200903060HOU,RS,PHO,55.0,LC,1,2,-1
200903060HOU,RS,PHO,97.0,LC,3,2,1
200903060HOU,RS,PHO,125.0,,5,2,3
200903060HOU,RS,PHO,151.0,,7,2,5
200903060HOU,RS,PHO,169.0,,7,5,2
200903060HOU,RS,PHO,204.0,,7,6,1
200903060HOU,RS,PHO,215.0,,8,6,2
200903060HOU,RS,PHO,215.0,,9,6,3
200903060HOU,RS,PHO,259.0,,9,8,1
200903060HOU,RS,PHO,307.0,,11,8,3
200903060HOU,RS,PHO,369.0,,13,8,5
200903060HOU,RS,PHO,405.0,,15,8,7
200903060HOU,RS,PHO,444.0,,15,9,6
200903060HOU,RS,PHO,444.0,,15,10,5
200903060HOU,RS,PHO,516.0,,17,10,7
200903060HOU,RS,PHO,533.0,,17,12,5
200903060HOU,RS,PHO,557.0,,18,12,6
200903060HOU,RS,PHO,577.0,,20,12,8
200903060HOU,RS,PHO,599.0,,22,12,10
200903060HOU,RS,PHO,599.0,,23,12,11
200903060HOU,RS,PHO,629.0,,23,14,9
200903060HOU,RS,PHO,653.0,,23,16,7
200903060HOU,RS,PHO,679.0,,23,18,5
200903060HOU,RS,PHO,787.0,,23,20,3
200903060HOU,RS,PHO,804.0,,25,20,5
200903060HOU,RS,PHO,814.0,,25,23,2
200903060HOU,RS,PHO,839.0,,27,23,4
200903060HOU,RS,PHO,852.0,,27,25,2
200903060HOU,RS,PHO,875.0,LC,27,28,-1
200903060HOU,RS,PHO,896.0,LC,29,28,1
200903060HOU,RS,PHO,917.0,,31,28,3
200903060HOU,RS,PHO,927.0,,31,29,2
200903060HOU,RS,PHO,927.0,,31,30,1
200903060HOU,RS,PHO,939.0,,33,30,3
200903060HOU,RS,PHO,983.0,,35,30,5
200903060HOU,RS,PHO,996.0,,35,32,3
200903060HOU,RS,PHO,1006.0,,36,32,4
200903060HOU,RS,PHO,1006.0,,37,32,5
200903060HOU,RS,PHO,1022.0,,37,34,3
200903060HOU,RS,PHO,1044.0,,39,34,5
200903060HOU,RS,PHO,1066.0,,41,34,7
200903060HOU,RS,PHO,1087.0,,44,34,10
200903060HOU,RS,PHO,1110.0,,44,36,8
200903060HOU,RS,PHO,1166.0,,46,36,10
200903060HOU,RS,PHO,1198.0,,47,36,11
200903060HOU,RS,PHO,1228.0,,47,39,8
200903060HOU,RS,PHO,1257.0,,47,41,6
200903060HOU,RS,PHO,1278.0,,50,41,9
200903060HOU,RS,PHO,1298.0,,52,41,11
200903060HOU,RS,PHO,1368.0,,53,41,12
200903060HOU,RS,PHO,1368.0,,54,41,13
200903060HOU,RS,PHO,1408.6,,54,44,10
200903060HOU,RS,PHO,1431.1,,56,44,12
200903060HOU,RS,PHO,1439.0,,56,46,10
200903060HOU,RS,PHO,1464.0,,56,48,8
200903060HOU,RS,PHO,1504.0,,56,50,6
200903060HOU,RS,PHO,1531.0,,56,52,4
200903060HOU,RS,PHO,1575.0,,59,52,7
200903060HOU,RS,PHO,1587.0,,59,54,5
200903060HOU,RS,PHO,1630.0,,60,54,6
200903060HOU,RS,PHO,1630.0,,61,54,7
200903060HOU,RS,PHO,1640.0,,61,56,5
200903060HOU,RS,PHO,1670.0,,61,58,3
200903060HOU,RS,PHO,1688.0,,63,58,5
200903060HOU,RS,PHO,1724.0,,66,58,8
200903060HOU,RS,PHO,1736.0,,66,61,5
200903060HOU,RS,PHO,1747.0,,68,61,7
200903060HOU,RS,PHO,1780.0,,68,63,5
200903060HOU,RS,PHO,1822.0,,70,63,7
200903060HOU,RS,PHO,1838.0,,70,65,5
200903060HOU,RS,PHO,1862.0,,72,65,7
200903060HOU,RS,PHO,1917.0,,72,68,4
200903060HOU,RS,PHO,1936.0,,74,68,6
200903060HOU,RS,PHO,1962.0,,75,68,7
200903060HOU,RS,PHO,2007.0,,75,71,4
200903060HOU,RS,PHO,2037.0,,75,73,2
200903060HOU,RS,PHO,2086.0,T,75,75,0
200903060HOU,RS,PHO,2104.0,,77,75,2
200903060HOU,RS,PHO,2104.0,,78,75,3
200903060HOU,RS,PHO,2126.5,,79,75,4
200903060HOU,RS,PHO,2140.5,,79,76,3
200903060HOU,RS,PHO,2158.8,,80,76,4
200903060HOU,RS,PHO,2158.8,,81,76,5
200903060HOU,RS,PHO,2178.0,,82,76,6
200903060HOU,RS,PHO,2178.0,,83,76,7
200903060HOU,RS,PHO,2189.0,,83,78,5
200903060HOU,RS,PHO,2205.0,,85,78,7
200903060HOU,RS,PHO,2239.0,,86,78,8
200903060HOU,RS,PHO,2239.0,,87,78,9
200903060HOU,RS,PHO,2283.0,,87,80,7
200903060HOU,RS,PHO,2348.0,,87,82,5
200903060HOU,RS,PHO,2370.0,,89,82,7
200903060HOU,RS,PHO,2419.0,,90,82,8
200903060HOU,RS,PHO,2419.0,,91,82,9
200903060HOU,RS,PHO,2433.0,,91,84,7
200903060HOU,RS,PHO,2450.0,,92,84,8
200903060HOU,RS,PHO,2462.0,,92,86,6
200903060HOU,RS,PHO,2476.0,,94,86,8
200903060HOU,RS,PHO,2519.0,,94,87,7
200903060HOU,RS,PHO,2519.0,,94,88,6
200903060HOU,RS,PHO,2546.0,,94,90,4
200903060HOU,RS,PHO,2563.0,,96,90,6
200903060HOU,RS,PHO,2563.0,,97,90,7
200903060HOU,RS,PHO,2570.0,,97,91,6
200903060HOU,RS,PHO,2589.0,,97,94,3
200903060HOU,RS,PHO,2610.0,,100,94,6
200903060HOU,RS,PHO,2627.0,,100,97,3
200903060HOU,RS,PHO,2653.0,,103,97,6
200903060HOU,RS,PHO,2662.0,,103,99,4
200903060HOU,RS,PHO,2683.0,,105,99,6
200903060HOU,RS,PHO,2702.0,,105,101,4
200903060HOU,RS,PHO,2702.0,,105,102,3
200903060HOU,RS,PHO,2720.0,,105,104,1
200903060HOU,RS,PHO,2735.0,,107,104,3
200903060HOU,RS,PHO,2751.0,,107,106,1
200903060HOU,RS,PHO,2774.0,,108,106,2
200903060HOU,RS,PHO,2815.0,,110,106,4
200903060HOU,RS,PHO,2820.0,,110,109,1
200903060HOU,RS,PHO,2839.0,,112,109,3
200903060HOU,RS,PHO,2849.5,T,112,112,0
200903060HOU,RS,PHO,2872.7,,114,112,2
200903060HOU,RS,PHO,2879.7,,115,112,3
200903060HOU,RS,PHO,2879.7,F,116,112,4
200903060HOU,RS,PHO,2880.0,,116,112,4
200903080HOU,RS,MEM,0.0,,0,0,0
200903080HOU,RS,MEM,22.0,,0,2,-2
200903080HOU,RS,MEM,42.0,,1,2,-1
200903080HOU,RS,MEM,77.0,LC,3,2,1
200903080HOU,RS,MEM,124.0,LC,3,4,-1
200903080HOU,RS,MEM,147.0,T,4,4,0
200903080HOU,RS,MEM,190.0,,4,6,-2
200903080HOU,RS,MEM,205.0,T,6,6,0
200903080HOU,RS,MEM,220.0,,6,8,-2
200903080HOU,RS,MEM,220.0,,6,9,-3
200903080HOU,RS,MEM,237.0,,8,9,-1
200903080HOU,RS,MEM,273.0,,8,11,-3
200903080HOU,RS,MEM,281.0,,10,11,-1
200903080HOU,RS,MEM,295.0,,10,13,-3
200903080HOU,RS,MEM,310.0,,11,13,-2
200903080HOU,RS,MEM,310.0,,12,13,-1
200903080HOU,RS,MEM,333.0,LC,14,13,1
200903080HOU,RS,MEM,357.0,,15,13,2
200903080HOU,RS,MEM,357.0,,16,13,3
200903080HOU,RS,MEM,405.0,,16,15,1
200903080HOU,RS,MEM,419.0,,17,15,2
200903080HOU,RS,MEM,419.0,,18,15,3
200903080HOU,RS,MEM,486.0,,18,17,1
200903080HOU,RS,MEM,528.0,,20,17,3
200903080HOU,RS,MEM,573.0,,22,17,5
200903080HOU,RS,MEM,599.0,,24,17,7
200903080HOU,RS,MEM,622.0,,26,17,9
200903080HOU,RS,MEM,650.0,,26,19,7
200903080HOU,RS,MEM,711.8,,27,19,8
200903080HOU,RS,MEM,711.8,,28,19,9
200903080HOU,RS,MEM,775.0,,30,19,11
200903080HOU,RS,MEM,806.0,,32,19,13
200903080HOU,RS,MEM,846.0,,34,19,15
200903080HOU,RS,MEM,871.0,,34,20,14
200903080HOU,RS,MEM,871.0,,34,21,13
200903080HOU,RS,MEM,871.0,,34,22,12
200903080HOU,RS,MEM,910.0,,34,24,10
200903080HOU,RS,MEM,928.0,,35,24,11
200903080HOU,RS,MEM,951.0,,35,26,9
200903080HOU,RS,MEM,959.0,,37,26,11
200903080HOU,RS,MEM,987.0,,37,27,10
200903080HOU,RS,MEM,1033.0,,37,29,8
200903080HOU,RS,MEM,1048.0,,39,29,10
200903080HOU,RS,MEM,1113.0,,41,29,12
200903080HOU,RS,MEM,1125.0,,41,30,11
200903080HOU,RS,MEM,1189.0,,41,33,8
200903080HOU,RS,MEM,1203.0,,43,33,10
200903080HOU,RS,MEM,1243.0,,45,33,12
200903080HOU,RS,MEM,1304.0,,45,36,9
200903080HOU,RS,MEM,1320.0,,47,36,11
200903080HOU,RS,MEM,1320.0,,48,36,12
200903080HOU,RS,MEM,1373.0,,51,36,15
200903080HOU,RS,MEM,1406.5,,54,36,18
200903080HOU,RS,MEM,1424.1,,54,37,17
200903080HOU,RS,MEM,1435.7,,55,37,18
200903080HOU,RS,MEM,1452.0,,57,37,20
200903080HOU,RS,MEM,1484.0,,57,39,18
200903080HOU,RS,MEM,1498.0,,59,39,20
200903080HOU,RS,MEM,1583.0,,61,39,22
200903080HOU,RS,MEM,1623.0,,61,41,20
200903080HOU,RS,MEM,1648.0,,62,41,21
200903080HOU,RS,MEM,1684.0,,62,42,20
200903080HOU,RS,MEM,1684.0,,62,43,19
200903080HOU,RS,MEM,1721.0,,62,45,17
200903080HOU,RS,MEM,1777.0,,65,45,20
200903080HOU,RS,MEM,1790.0,,65,47,18
200903080HOU,RS,MEM,1804.0,,67,47,20
200903080HOU,RS,MEM,1858.0,,69,47,22
200903080HOU,RS,MEM,1878.0,,69,49,20
200903080HOU,RS,MEM,1921.0,,69,51,18
200903080HOU,RS,MEM,1949.0,,69,52,17
200903080HOU,RS,MEM,1949.0,,69,53,16
200903080HOU,RS,MEM,1982.0,,69,55,14
200903080HOU,RS,MEM,2001.0,,71,55,16
200903080HOU,RS,MEM,2051.0,,73,55,18
200903080HOU,RS,MEM,2073.0,,73,57,16
200903080HOU,RS,MEM,2128.9,,75,57,18
200903080HOU,RS,MEM,2219.0,,75,59,16
200903080HOU,RS,MEM,2267.0,,75,60,15
200903080HOU,RS,MEM,2289.0,,77,60,17
200903080HOU,RS,MEM,2317.0,,77,62,15
200903080HOU,RS,MEM,2362.0,,77,64,13
200903080HOU,RS,MEM,2383.0,,78,64,14
200903080HOU,RS,MEM,2383.0,,79,64,15
200903080HOU,RS,MEM,2408.0,,81,64,17
200903080HOU,RS,MEM,2449.0,,84,64,20
200903080HOU,RS,MEM,2462.0,,84,66,18
200903080HOU,RS,MEM,2476.0,,85,66,19
200903080HOU,RS,MEM,2503.0,,87,66,21
200903080HOU,RS,MEM,2562.0,,89,66,23
200903080HOU,RS,MEM,2599.0,,91,66,25
200903080HOU,RS,MEM,2613.0,,91,67,24
200903080HOU,RS,MEM,2613.0,,91,68,23
200903080HOU,RS,MEM,2631.0,,93,68,25
200903080HOU,RS,MEM,2649.0,,93,70,23
200903080HOU,RS,MEM,2649.0,,93,71,22
200903080HOU,RS,MEM,2702.0,,93,74,19
200903080HOU,RS,MEM,2736.0,,93,76,17
200903080HOU,RS,MEM,2736.0,,93,77,16
200903080HOU,RS,MEM,2797.0,,93,79,14
200903080HOU,RS,MEM,2821.7,,93,81,12
200903080HOU,RS,MEM,2860.6,F,93,83,10
200903080HOU,RS,MEM,2880.0,,93,83,10
200903090DEN,RS,DEN,0.0,,0,0,0
200903090DEN,RS,DEN,43.0,,2,0,2
200903090DEN,RS,DEN,53.0,T,2,2,0
200903090DEN,RS,DEN,72.0,,4,2,2
200903090DEN,RS,DEN,92.0,T,4,4,0
200903090DEN,RS,DEN,119.0,LC,4,6,-2
200903090DEN,RS,DEN,170.0,LC,7,6,1
200903090DEN,RS,DEN,214.0,T,7,7,0
200903090DEN,RS,DEN,237.0,LC,7,8,-1
200903090DEN,RS,DEN,237.0,,7,9,-2
200903090DEN,RS,DEN,253.0,T,9,9,0
200903090DEN,RS,DEN,318.0,,9,12,-3
200903090DEN,RS,DEN,364.0,,9,14,-5
200903090DEN,RS,DEN,384.0,,12,14,-2
200903090DEN,RS,DEN,414.0,,13,14,-1
200903090DEN,RS,DEN,428.0,,13,16,-3
200903090DEN,RS,DEN,523.0,,13,18,-5
200903090DEN,RS,DEN,581.0,,13,20,-7
200903090DEN,RS,DEN,601.0,,16,20,-4
200903090DEN,RS,DEN,625.0,,18,20,-2
200903090DEN,RS,DEN,638.0,,18,22,-4
200903090DEN,RS,DEN,688.3,,18,24,-6
200903090DEN,RS,DEN,720.0,,18,27,-9
200903090DEN,RS,DEN,780.0,,18,28,-10
200903090DEN,RS,DEN,821.0,,19,28,-9
200903090DEN,RS,DEN,821.0,,20,28,-8
200903090DEN,RS,DEN,861.0,,22,28,-6
200903090DEN,RS,DEN,886.0,,24,28,-4
200903090DEN,RS,DEN,899.0,,24,29,-5
200903090DEN,RS,DEN,899.0,,24,30,-6
200903090DEN,RS,DEN,934.0,,25,30,-5
200903090DEN,RS,DEN,963.0,,27,30,-3
200903090DEN,RS,DEN,1002.0,T,30,30,0
200903090DEN,RS,DEN,1074.0,,30,32,-2
200903090DEN,RS,DEN,1116.0,T,32,32,0
200903090DEN,RS,DEN,1159.0,LC,34,32,2
200903090DEN,RS,DEN,1177.0,,34,33,1
200903090DEN,RS,DEN,1177.0,T,34,34,0
200903090DEN,RS,DEN,1194.0,,35,34,1
200903090DEN,RS,DEN,1194.0,,36,34,2
200903090DEN,RS,DEN,1211.0,T,36,36,0
200903090DEN,RS,DEN,1252.0,LC,36,38,-2
200903090DEN,RS,DEN,1272.0,LC,39,38,1
200903090DEN,RS,DEN,1291.0,,42,38,4
200903090DEN,RS,DEN,1340.0,,42,40,2
200903090DEN,RS,DEN,1385.2,,44,40,4
200903090DEN,RS,DEN,1385.2,,45,40,5
200903090DEN,RS,DEN,1495.0,,48,40,8
200903090DEN,RS,DEN,1526.0,,50,40,10
200903090DEN,RS,DEN,1589.0,,52,40,12
200903090DEN,RS,DEN,1604.0,,52,41,11
200903090DEN,RS,DEN,1604.0,,52,42,10
200903090DEN,RS,DEN,1659.0,,52,44,8
200903090DEN,RS,DEN,1675.0,,53,44,9
200903090DEN,RS,DEN,1693.0,,53,46,7
200903090DEN,RS,DEN,1728.0,,53,49,4
200903090DEN,RS,DEN,1750.0,,55,49,6
200903090DEN,RS,DEN,1795.0,,57,49,8
200903090DEN,RS,DEN,1831.0,,59,49,10
200903090DEN,RS,DEN,1853.0,,61,49,12
200903090DEN,RS,DEN,1876.0,,63,49,14
200903090DEN,RS,DEN,1902.0,,64,49,15
200903090DEN,RS,DEN,1902.0,,65,49,16
200903090DEN,RS,DEN,1936.0,,68,49,19
200903090DEN,RS,DEN,1945.0,,68,51,17
200903090DEN,RS,DEN,1945.0,,68,52,16
200903090DEN,RS,DEN,1955.0,,69,52,17
200903090DEN,RS,DEN,1955.0,,70,52,18
200903090DEN,RS,DEN,1965.0,,70,53,17
200903090DEN,RS,DEN,1965.0,,70,54,16
200903090DEN,RS,DEN,1994.0,,70,55,15
200903090DEN,RS,DEN,1994.0,,70,56,14
200903090DEN,RS,DEN,2029.0,,70,59,11
200903090DEN,RS,DEN,2085.0,,72,59,13
200903090DEN,RS,DEN,2102.4,,74,59,15
200903090DEN,RS,DEN,2135.6,,74,62,12
200903090DEN,RS,DEN,2251.0,,74,64,10
200903090DEN,RS,DEN,2276.0,,76,64,12
200903090DEN,RS,DEN,2286.0,,76,66,10
200903090DEN,RS,DEN,2317.0,,76,69,7
200903090DEN,RS,DEN,2337.0,,78,69,9
200903090DEN,RS,DEN,2358.0,,78,71,7
200903090DEN,RS,DEN,2427.0,,79,71,8
200903090DEN,RS,DEN,2462.0,,81,71,10
200903090DEN,RS,DEN,2521.0,,81,73,8
200903090DEN,RS,DEN,2557.0,,81,74,7
200903090DEN,RS,DEN,2563.0,,81,76,5
200903090DEN,RS,DEN,2619.0,,83,76,7
200903090DEN,RS,DEN,2630.0,,83,78,5
200903090DEN,RS,DEN,2660.0,,85,78,7
200903090DEN,RS,DEN,2677.0,,85,79,6
200903090DEN,RS,DEN,2677.0,,85,80,5
200903090DEN,RS,DEN,2696.0,,86,80,6
200903090DEN,RS,DEN,2696.0,,87,80,7
200903090DEN,RS,DEN,2722.0,,89,80,9
200903090DEN,RS,DEN,2727.0,,89,81,8
200903090DEN,RS,DEN,2727.0,,89,82,7
200903090DEN,RS,DEN,2778.0,,89,83,6
200903090DEN,RS,DEN,2778.0,,89,84,5
200903090DEN,RS,DEN,2796.0,,89,85,4
200903090DEN,RS,DEN,2818.0,,92,85,7
200903090DEN,RS,DEN,2823.3,,92,88,4
200903090DEN,RS,DEN,2856.5,,92,90,2
200903090DEN,RS,DEN,2857.3,,93,90,3
200903090DEN,RS,DEN,2870.1,,94,90,4
200903090DEN,RS,DEN,2870.1,,95,90,5
200903090DEN,RS,DEN,2876.1,,95,92,3
200903090DEN,RS,DEN,2876.9,,96,92,4
200903090DEN,RS,DEN,2876.9,,97,92,5
200903090DEN,RS,DEN,2880.0,,97,95,2
200903090DEN,RS,DEN,2880.0,F,97,95,2
200903110HOU,RS,LAL,0.0,,0,0,0
200903110HOU,RS,LAL,16.0,,0,2,-2
200903110HOU,RS,LAL,64.0,,0,4,-4
200903110HOU,RS,LAL,83.0,,3,4,-1
200903110HOU,RS,LAL,98.0,,3,6,-3
200903110HOU,RS,LAL,120.0,,5,6,-1
200903110HOU,RS,LAL,153.0,,5,8,-3
200903110HOU,RS,LAL,193.0,,5,10,-5
200903110HOU,RS,LAL,213.0,,7,10,-3
200903110HOU,RS,LAL,227.0,,7,12,-5
200903110HOU,RS,LAL,242.0,,9,12,-3
200903110HOU,RS,LAL,260.0,,11,12,-1
200903110HOU,RS,LAL,348.0,LC,13,12,1
200903110HOU,RS,LAL,366.0,LC,13,14,-1
200903110HOU,RS,LAL,381.0,LC,15,14,1
200903110HOU,RS,LAL,396.0,LC,15,16,-1
200903110HOU,RS,LAL,406.0,LC,18,16,2
200903110HOU,RS,LAL,465.0,,20,16,4
200903110HOU,RS,LAL,504.0,,20,18,2
200903110HOU,RS,LAL,546.0,T,20,20,0
200903110HOU,RS,LAL,559.0,,22,20,2
200903110HOU,RS,LAL,610.0,T,22,22,0
200903110HOU,RS,LAL,629.0,,24,22,2
200903110HOU,RS,LAL,646.0,T,24,24,0
200903110HOU,RS,LAL,770.0,LC,24,26,-2
200903110HOU,RS,LAL,837.0,T,26,26,0
200903110HOU,RS,LAL,850.0,,26,28,-2
200903110HOU,RS,LAL,880.0,,26,30,-4
200903110HOU,RS,LAL,903.0,,26,32,-6
200903110HOU,RS,LAL,925.0,,27,32,-5
200903110HOU,RS,LAL,936.0,,27,34,-7
200903110HOU,RS,LAL,962.0,,29,34,-5
200903110HOU,RS,LAL,985.0,,31,34,-3
200903110HOU,RS,LAL,1040.0,,33,34,-1
200903110HOU,RS,LAL,1072.0,LC,35,34,1
200903110HOU,RS,LAL,1092.0,,37,34,3
200903110HOU,RS,LAL,1125.0,,39,34,5
200903110HOU,RS,LAL,1186.0,,41,34,7
200903110HOU,RS,LAL,1206.0,,41,36,5
200903110HOU,RS,LAL,1259.0,,43,36,7
200903110HOU,RS,LAL,1268.0,,43,38,5
200903110HOU,RS,LAL,1292.0,,46,38,8
200903110HOU,RS,LAL,1358.0,,46,40,6
200903110HOU,RS,LAL,1384.7,,48,40,8
200903110HOU,RS,LAL,1412.7,,50,40,10
200903110HOU,RS,LAL,1412.7,,51,40,11
200903110HOU,RS,LAL,1451.0,,53,40,13
200903110HOU,RS,LAL,1451.0,,54,40,14
200903110HOU,RS,LAL,1467.0,,54,42,12
200903110HOU,RS,LAL,1517.0,,54,44,10
200903110HOU,RS,LAL,1556.0,,54,46,8
200903110HOU,RS,LAL,1608.0,,54,48,6
200903110HOU,RS,LAL,1655.0,,54,50,4
200903110HOU,RS,LAL,1672.0,,56,50,6
200903110HOU,RS,LAL,1701.0,,56,52,4
200903110HOU,RS,LAL,1757.0,,58,52,6
200903110HOU,RS,LAL,1807.0,,58,54,4
200903110HOU,RS,LAL,1839.0,,58,56,2
200903110HOU,RS,LAL,1868.0,,60,56,4
200903110HOU,RS,LAL,1886.0,,60,58,2
200903110HOU,RS,LAL,1950.0,T,60,60,0
200903110HOU,RS,LAL,1959.0,,61,60,1
200903110HOU,RS,LAL,1959.0,,62,60,2
200903110HOU,RS,LAL,1973.0,T,62,62,0
200903110HOU,RS,LAL,2022.0,,64,62,2
200903110HOU,RS,LAL,2047.0,LC,64,65,-1
200903110HOU,RS,LAL,2098.0,LC,66,65,1
200903110HOU,RS,LAL,2115.5,LC,66,67,-1
200903110HOU,RS,LAL,2128.2,T,67,67,0
200903110HOU,RS,LAL,2128.2,LC,68,67,1
200903110HOU,RS,LAL,2158.6,,69,67,2
200903110HOU,RS,LAL,2158.6,,70,67,3
200903110HOU,RS,LAL,2172.0,,70,69,1
200903110HOU,RS,LAL,2236.0,,72,69,3
200903110HOU,RS,LAL,2252.0,,72,71,1
200903110HOU,RS,LAL,2341.0,LC,72,73,-1
200903110HOU,RS,LAL,2429.0,,72,75,-3
200903110HOU,RS,LAL,2463.0,,73,75,-2
200903110HOU,RS,LAL,2474.0,,73,76,-3
200903110HOU,RS,LAL,2508.0,T,76,76,0
200903110HOU,RS,LAL,2522.0,,76,78,-2
200903110HOU,RS,LAL,2544.0,T,78,78,0
200903110HOU,RS,LAL,2559.0,,78,79,-1
200903110HOU,RS,LAL,2627.0,,78,81,-3
200903110HOU,RS,LAL,2627.0,,78,82,-4
200903110HOU,RS,LAL,2637.0,,79,82,-3
200903110HOU,RS,LAL,2637.0,,80,82,-2
200903110HOU,RS,LAL,2661.0,,80,85,-5
200903110HOU,RS,LAL,2684.0,,80,86,-6
200903110HOU,RS,LAL,2702.0,,83,86,-3
200903110HOU,RS,LAL,2702.0,,84,86,-2
200903110HOU,RS,LAL,2734.0,T,86,86,0
200903110HOU,RS,LAL,2749.0,,86,87,-1
200903110HOU,RS,LAL,2749.0,,86,88,-2
200903110HOU,RS,LAL,2778.0,,86,90,-4
200903110HOU,RS,LAL,2815.0,,86,92,-6
200903110HOU,RS,LAL,2825.6,,88,92,-4
200903110HOU,RS,LAL,2841.5,,88,94,-6
200903110HOU,RS,LAL,2841.5,,88,95,-7
200903110HOU,RS,LAL,2850.2,,90,95,-5
200903110HOU,RS,LAL,2851.9,,90,96,-6
200903110HOU,RS,LAL,2851.9,,90,97,-7
200903110HOU,RS,LAL,2861.8,,92,97,-5
200903110HOU,RS,LAL,2863.6,,92,98,-6
200903110HOU,RS,LAL,2863.6,,92,99,-7
200903110HOU,RS,LAL,2869.0,,94,99,-5
200903110HOU,RS,LAL,2869.7,,94,100,-6
200903110HOU,RS,LAL,2874.0,,96,100,-4
200903110HOU,RS,LAL,2875.4,,96,101,-5
200903110HOU,RS,LAL,2875.4,F,96,102,-6
200903110HOU,RS,LAL,2880.0,,96,102,-6
200903130CHA,RS,CHA,0.0,,0,0,0
200903130CHA,RS,CHA,19.0,,1,0,1
200903130CHA,RS,CHA,19.0,,2,0,2
200903130CHA,RS,CHA,69.0,,4,0,4
200903130CHA,RS,CHA,130.0,,4,2,2
200903130CHA,RS,CHA,186.0,LC,4,5,-1
200903130CHA,RS,CHA,236.0,LC,6,5,1
200903130CHA,RS,CHA,255.0,,8,5,3
200903130CHA,RS,CHA,293.0,,10,5,5
200903130CHA,RS,CHA,308.0,,10,7,3
200903130CHA,RS,CHA,334.0,,10,8,2
200903130CHA,RS,CHA,444.0,LC,10,11,-1
200903130CHA,RS,CHA,486.0,,10,13,-3
200903130CHA,RS,CHA,509.0,,12,13,-1
200903130CHA,RS,CHA,530.0,LC,14,13,1
200903130CHA,RS,CHA,587.0,,16,13,3
200903130CHA,RS,CHA,608.0,,16,15,1
200903130CHA,RS,CHA,665.7,,18,15,3
200903130CHA,RS,CHA,672.5,,18,16,2
200903130CHA,RS,CHA,672.5,,18,17,1
200903130CHA,RS,CHA,684.6,,21,17,4
200903130CHA,RS,CHA,690.9,,21,19,2
200903130CHA,RS,CHA,719.1,T,21,21,0
200903130CHA,RS,CHA,737.0,LC,21,23,-2
200903130CHA,RS,CHA,781.0,T,23,23,0
200903130CHA,RS,CHA,801.0,,23,25,-2
200903130CHA,RS,CHA,825.0,,23,28,-5
200903130CHA,RS,CHA,845.0,,25,28,-3
200903130CHA,RS,CHA,863.0,,25,30,-5
200903130CHA,RS,CHA,882.0,,25,31,-6
200903130CHA,RS,CHA,924.0,,27,31,-4
200903130CHA,RS,CHA,951.0,,29,31,-2
200903130CHA,RS,CHA,966.0,,29,33,-4
200903130CHA,RS,CHA,980.0,,32,33,-1
200903130CHA,RS,CHA,996.0,,32,35,-3
200903130CHA,RS,CHA,1074.0,,32,36,-4
200903130CHA,RS,CHA,1093.0,,34,36,-2
200903130CHA,RS,CHA,1115.0,,34,38,-4
200903130CHA,RS,CHA,1136.0,,36,38,-2
200903130CHA,RS,CHA,1207.0,,36,40,-4
200903130CHA,RS,CHA,1226.0,,38,40,-2
200903130CHA,RS,CHA,1252.0,,38,42,-4
200903130CHA,RS,CHA,1287.0,,39,42,-3
200903130CHA,RS,CHA,1324.0,,41,42,-1
200903130CHA,RS,CHA,1342.0,,41,44,-3
200903130CHA,RS,CHA,1362.0,,43,44,-1
200903130CHA,RS,CHA,1380.4,,43,46,-3
200903130CHA,RS,CHA,1393.5,T,46,46,0
200903130CHA,RS,CHA,1435.1,,46,48,-2
200903130CHA,RS,CHA,1452.0,,46,50,-4
200903130CHA,RS,CHA,1529.0,,48,50,-2
200903130CHA,RS,CHA,1608.0,T,50,50,0
200903130CHA,RS,CHA,1621.0,,50,51,-1
200903130CHA,RS,CHA,1621.0,,50,52,-2
200903130CHA,RS,CHA,1648.0,,50,54,-4
200903130CHA,RS,CHA,1662.0,,52,54,-2
200903130CHA,RS,CHA,1704.0,T,54,54,0
200903130CHA,RS,CHA,1731.0,LC,55,54,1
200903130CHA,RS,CHA,1731.0,,56,54,2
200903130CHA,RS,CHA,1773.0,T,56,56,0
200903130CHA,RS,CHA,1846.0,,58,56,2
200903130CHA,RS,CHA,1906.0,,59,56,3
200903130CHA,RS,CHA,1932.0,,61,56,5
200903130CHA,RS,CHA,1952.0,,61,57,4
200903130CHA,RS,CHA,1975.0,,63,57,6
200903130CHA,RS,CHA,1995.0,,63,60,3
200903130CHA,RS,CHA,2017.0,,64,60,4
200903130CHA,RS,CHA,2017.0,,65,60,5
200903130CHA,RS,CHA,2053.0,,68,60,8
200903130CHA,RS,CHA,2112.8,,68,62,6
200903130CHA,RS,CHA,2112.8,,68,63,5
200903130CHA,RS,CHA,2128.3,,70,63,7
200903130CHA,RS,CHA,2145.7,,70,64,6
200903130CHA,RS,CHA,2145.7,,70,65,5
200903130CHA,RS,CHA,2208.0,,72,65,7
200903130CHA,RS,CHA,2291.0,,72,67,5
200903130CHA,RS,CHA,2312.0,,72,69,3
200903130CHA,RS,CHA,2444.0,,72,70,2
200903130CHA,RS,CHA,2444.0,,72,71,1
200903130CHA,RS,CHA,2493.0,LC,72,73,-1
200903130CHA,RS,CHA,2513.0,LC,75,73,2
200903130CHA,RS,CHA,2547.0,,76,73,3
200903130CHA,RS,CHA,2547.0,,77,73,4
200903130CHA,RS,CHA,2571.0,,77,75,2
200903130CHA,RS,CHA,2603.0,,80,75,5
200903130CHA,RS,CHA,2720.0,,80,77,3
200903130CHA,RS,CHA,2748.0,,83,77,6
200903130CHA,RS,CHA,2770.0,,83,79,4
200903130CHA,RS,CHA,2792.0,,85,79,6
200903130CHA,RS,CHA,2802.0,,85,82,3
200903130CHA,RS,CHA,2808.0,,85,84,1
200903130CHA,RS,CHA,2844.6,LC,85,86,-1
200903130CHA,RS,CHA,2857.9,LC,87,86,1
200903130CHA,RS,CHA,2872.8,,88,86,2
200903130CHA,RS,CHA,2872.8,,89,86,3
200903130CHA,RS,CHA,2878.4,F,91,86,5
200903130CHA,RS,CHA,2880.0,,91,86,5
200903140HOU,RS,SAS,0.0,,0,0,0
200903140HOU,RS,SAS,20.0,,2,0,2
200903140HOU,RS,SAS,41.0,T,2,2,0
200903140HOU,RS,SAS,138.0,LC,2,4,-2
200903140HOU,RS,SAS,182.0,LC,5,4,1
200903140HOU,RS,SAS,225.0,LC,5,6,-1
200903140HOU,RS,SAS,238.0,LC,8,6,2
200903140HOU,RS,SAS,250.0,T,8,8,0
200903140HOU,RS,SAS,272.0,,10,8,2
200903140HOU,RS,SAS,340.0,LC,10,11,-1
200903140HOU,RS,SAS,365.0,LC,12,11,1
200903140HOU,RS,SAS,417.0,,13,11,2
200903140HOU,RS,SAS,429.0,LC,13,14,-1
200903140HOU,RS,SAS,446.0,LC,15,14,1
200903140HOU,RS,SAS,469.0,T,15,15,0
200903140HOU,RS,SAS,469.0,LC,15,16,-1
200903140HOU,RS,SAS,490.0,LC,17,16,1
200903140HOU,RS,SAS,518.0,,20,16,4
200903140HOU,RS,SAS,536.0,,20,18,2
200903140HOU,RS,SAS,561.0,T,20,20,0
200903140HOU,RS,SAS,588.0,LC,20,22,-2
200903140HOU,RS,SAS,639.0,T,22,22,0
200903140HOU,RS,SAS,768.0,,22,25,-3
200903140HOU,RS,SAS,777.0,T,25,25,0
200903140HOU,RS,SAS,824.0,LC,26,25,1
200903140HOU,RS,SAS,896.0,LC,26,27,-1
200903140HOU,RS,SAS,955.0,,26,29,-3
200903140HOU,RS,SAS,992.0,,26,31,-5
200903140HOU,RS,SAS,1002.0,,28,31,-3
200903140HOU,RS,SAS,1018.0,,28,32,-4
200903140HOU,RS,SAS,1018.0,,28,33,-5
200903140HOU,RS,SAS,1031.0,,30,33,-3
200903140HOU,RS,SAS,1048.0,,30,35,-5
200903140HOU,RS,SAS,1058.0,,32,35,-3
200903140HOU,RS,SAS,1090.0,,32,37,-5
200903140HOU,RS,SAS,1133.0,,33,37,-4
200903140HOU,RS,SAS,1250.0,,33,38,-5
200903140HOU,RS,SAS,1273.0,,34,38,-4
200903140HOU,RS,SAS,1339.0,,37,38,-1
200903140HOU,RS,SAS,1361.0,,37,39,-2
200903140HOU,RS,SAS,1380.0,,37,42,-5
200903140HOU,RS,SAS,1438.2,,37,43,-6
200903140HOU,RS,SAS,1438.2,,37,44,-7
200903140HOU,RS,SAS,1473.0,,39,44,-5
200903140HOU,RS,SAS,1508.0,,39,45,-6
200903140HOU,RS,SAS,1508.0,,39,46,-7
200903140HOU,RS,SAS,1521.0,,42,46,-4
200903140HOU,RS,SAS,1538.0,,42,49,-7
200903140HOU,RS,SAS,1554.0,,44,49,-5
200903140HOU,RS,SAS,1607.0,,44,51,-7
200903140HOU,RS,SAS,1659.0,,44,53,-9
200903140HOU,RS,SAS,1719.0,,44,55,-11
200903140HOU,RS,SAS,1737.0,,45,55,-10
200903140HOU,RS,SAS,1765.0,,47,55,-8
200903140HOU,RS,SAS,1812.0,,49,55,-6
200903140HOU,RS,SAS,1812.0,,50,55,-5
200903140HOU,RS,SAS,1907.0,,50,57,-7
200903140HOU,RS,SAS,1925.0,,52,57,-5
200903140HOU,RS,SAS,1963.0,,54,57,-3
200903140HOU,RS,SAS,1986.0,T,57,57,0
200903140HOU,RS,SAS,2037.0,LC,59,57,2
200903140HOU,RS,SAS,2059.0,,60,57,3
200903140HOU,RS,SAS,2059.0,,61,57,4
200903140HOU,RS,SAS,2077.0,,61,59,2
200903140HOU,RS,SAS,2112.5,T,61,61,0
200903140HOU,RS,SAS,2125.9,,63,61,2
200903140HOU,RS,SAS,2160.0,LC,63,64,-1
200903140HOU,RS,SAS,2174.0,LC,65,64,1
200903140HOU,RS,SAS,2195.0,T,65,65,0
200903140HOU,RS,SAS,2240.0,LC,65,67,-2
200903140HOU,RS,SAS,2257.0,T,67,67,0
200903140HOU,RS,SAS,2275.0,,67,69,-2
200903140HOU,RS,SAS,2297.0,T,69,69,0
200903140HOU,RS,SAS,2297.0,LC,70,69,1
200903140HOU,RS,SAS,2316.0,LC,70,71,-1
200903140HOU,RS,SAS,2332.0,T,71,71,0
200903140HOU,RS,SAS,2426.0,LC,73,71,2
200903140HOU,RS,SAS,2447.0,T,73,73,0
200903140HOU,RS,SAS,2480.0,LC,73,75,-2
200903140HOU,RS,SAS,2533.0,,73,77,-4
200903140HOU,RS,SAS,2554.0,,75,77,-2
200903140HOU,RS,SAS,2581.0,T,77,77,0
200903140HOU,RS,SAS,2597.0,,77,79,-2
200903140HOU,RS,SAS,2633.0,,77,81,-4
200903140HOU,RS,SAS,2715.0,,77,83,-6
200903140HOU,RS,SAS,2715.0,,77,84,-7
200903140HOU,RS,SAS,2734.0,,79,84,-5
200903140HOU,RS,SAS,2770.0,,81,84,-3
200903140HOU,RS,SAS,2790.0,,81,86,-5
200903140HOU,RS,SAS,2808.0,,82,86,-4
200903140HOU,RS,SAS,2808.0,,83,86,-3
200903140HOU,RS,SAS,2836.4,,85,86,-1
200903140HOU,RS,SAS,2865.5,,85,87,-2
200903140HOU,RS,SAS,2865.5,F,85,88,-3
200903140HOU,RS,SAS,2880.0,,85,88,-3
200903160NOH,RS,NOH,0.0,,0,0,0
200903160NOH,RS,NOH,53.0,,2,0,2
200903160NOH,RS,NOH,68.0,T,2,2,0
200903160NOH,RS,NOH,84.0,LC,2,4,-2
200903160NOH,RS,NOH,115.0,T,4,4,0
200903160NOH,RS,NOH,162.0,LC,6,4,2
200903160NOH,RS,NOH,183.0,T,6,6,0
200903160NOH,RS,NOH,216.0,LC,6,8,-2
200903160NOH,RS,NOH,237.0,T,8,8,0
200903160NOH,RS,NOH,255.0,,8,10,-2
200903160NOH,RS,NOH,279.0,,8,12,-4
200903160NOH,RS,NOH,291.0,,11,12,-1
200903160NOH,RS,NOH,315.0,LC,13,12,1
200903160NOH,RS,NOH,322.0,T,13,13,0
200903160NOH,RS,NOH,322.0,LC,13,14,-1
200903160NOH,RS,NOH,339.0,LC,15,14,1
200903160NOH,RS,NOH,415.0,,17,14,3
200903160NOH,RS,NOH,500.0,,17,16,1
200903160NOH,RS,NOH,523.0,,20,16,4
200903160NOH,RS,NOH,544.0,,20,18,2
200903160NOH,RS,NOH,628.0,T,20,20,0
200903160NOH,RS,NOH,674.2,LC,20,22,-2
200903160NOH,RS,NOH,674.2,,20,23,-3
200903160NOH,RS,NOH,688.8,,21,23,-2
200903160NOH,RS,NOH,713.6,T,23,23,0
200903160NOH,RS,NOH,745.0,LC,24,23,1
200903160NOH,RS,NOH,745.0,,25,23,2
200903160NOH,RS,NOH,759.0,T,25,25,0
200903160NOH,RS,NOH,759.0,LC,25,26,-1
200903160NOH,RS,NOH,774.0,LC,27,26,1
200903160NOH,RS,NOH,819.0,,29,26,3
200903160NOH,RS,NOH,848.0,,32,26,6
200903160NOH,RS,NOH,895.0,,34,26,8
200903160NOH,RS,NOH,920.0,,34,29,5
200903160NOH,RS,NOH,931.0,,37,29,8
200903160NOH,RS,NOH,940.0,,37,30,7
200903160NOH,RS,NOH,940.0,,37,31,6
200903160NOH,RS,NOH,993.0,,39,31,8
200903160NOH,RS,NOH,1014.0,,39,32,7
200903160NOH,RS,NOH,1014.0,,39,33,6
200903160NOH,RS,NOH,1027.0,,40,33,7
200903160NOH,RS,NOH,1027.0,,41,33,8
200903160NOH,RS,NOH,1035.0,,41,35,6
200903160NOH,RS,NOH,1109.0,,41,36,5
200903160NOH,RS,NOH,1109.0,,41,37,4
200903160NOH,RS,NOH,1165.0,,41,39,2
200903160NOH,RS,NOH,1218.0,,41,40,1
200903160NOH,RS,NOH,1218.0,T,41,41,0
200903160NOH,RS,NOH,1301.0,LC,41,42,-1
200903160NOH,RS,NOH,1301.0,,41,43,-2
200903160NOH,RS,NOH,1383.1,T,43,43,0
200903160NOH,RS,NOH,1395.0,,43,45,-2
200903160NOH,RS,NOH,1409.4,,44,45,-1
200903160NOH,RS,NOH,1432.1,,44,47,-3
200903160NOH,RS,NOH,1452.0,,44,49,-5
200903160NOH,RS,NOH,1484.0,,44,51,-7
200903160NOH,RS,NOH,1505.0,,44,53,-9
200903160NOH,RS,NOH,1538.0,,44,55,-11
200903160NOH,RS,NOH,1597.0,,45,55,-10
200903160NOH,RS,NOH,1597.0,,46,55,-9
200903160NOH,RS,NOH,1619.0,,46,57,-11
200903160NOH,RS,NOH,1636.0,,47,57,-10
200903160NOH,RS,NOH,1636.0,,48,57,-9
200903160NOH,RS,NOH,1665.0,,50,57,-7
200903160NOH,RS,NOH,1690.0,,52,57,-5
200903160NOH,RS,NOH,1725.0,,54,57,-3
200903160NOH,RS,NOH,1772.0,,56,57,-1
200903160NOH,RS,NOH,1814.0,LC,58,57,1
200903160NOH,RS,NOH,1836.0,LC,58,59,-1
200903160NOH,RS,NOH,1854.0,LC,60,59,1
200903160NOH,RS,NOH,1919.0,,62,59,3
200903160NOH,RS,NOH,1932.0,,62,61,1
200903160NOH,RS,NOH,1961.0,,64,61,3
200903160NOH,RS,NOH,2000.0,,65,61,4
200903160NOH,RS,NOH,2000.0,,66,61,5
200903160NOH,RS,NOH,2112.9,,67,61,6
200903160NOH,RS,NOH,2151.4,,67,63,4
200903160NOH,RS,NOH,2151.4,,67,64,3
200903160NOH,RS,NOH,2201.0,T,67,67,0
200903160NOH,RS,NOH,2210.0,,68,67,1
200903160NOH,RS,NOH,2210.0,,69,67,2
200903160NOH,RS,NOH,2258.0,T,69,69,0
200903160NOH,RS,NOH,2284.0,,71,69,2
200903160NOH,RS,NOH,2333.0,T,71,71,0
200903160NOH,RS,NOH,2345.0,,72,71,1
200903160NOH,RS,NOH,2345.0,,73,71,2
200903160NOH,RS,NOH,2369.0,T,73,73,0
200903160NOH,RS,NOH,2459.0,LC,73,75,-2
200903160NOH,RS,NOH,2478.0,T,75,75,0
200903160NOH,RS,NOH,2513.0,LC,77,75,2
200903160NOH,RS,NOH,2550.0,,79,75,4
200903160NOH,RS,NOH,2581.0,,80,75,5
200903160NOH,RS,NOH,2581.0,,81,75,6
200903160NOH,RS,NOH,2604.0,,81,77,4
200903160NOH,RS,NOH,2624.0,,83,77,6
200903160NOH,RS,NOH,2653.0,,85,77,8
200903160NOH,RS,NOH,2664.0,,85,78,7
200903160NOH,RS,NOH,2664.0,,85,79,6
200903160NOH,RS,NOH,2731.0,,86,79,7
200903160NOH,RS,NOH,2731.0,,87,79,8
200903160NOH,RS,NOH,2780.0,,87,80,7
200903160NOH,RS,NOH,2780.0,,87,81,6
200903160NOH,RS,NOH,2802.0,,88,81,7
200903160NOH,RS,NOH,2802.0,,89,81,8
200903160NOH,RS,NOH,2844.5,,90,81,9
200903160NOH,RS,NOH,2844.5,,91,81,10
200903160NOH,RS,NOH,2853.2,,93,81,12
200903160NOH,RS,NOH,2862.8,,94,81,13
200903160NOH,RS,NOH,2862.8,,95,81,14
200903160NOH,RS,NOH,2875.4,F,95,84,11
200903160NOH,RS,NOH,2880.0,,95,84,11
200903180HOU,RS,DET,0.0,,0,0,0
200903180HOU,RS,DET,30.0,,2,0,2
200903180HOU,RS,DET,82.0,,4,0,4
200903180HOU,RS,DET,123.0,,6,0,6
200903180HOU,RS,DET,154.0,,7,0,7
200903180HOU,RS,DET,203.0,,7,2,5
200903180HOU,RS,DET,227.0,,7,3,4
200903180HOU,RS,DET,227.0,,7,4,3
200903180HOU,RS,DET,252.0,,7,5,2
200903180HOU,RS,DET,269.0,,9,5,4
200903180HOU,RS,DET,310.0,,9,8,1
200903180HOU,RS,DET,357.0,,11,8,3
200903180HOU,RS,DET,407.0,,11,10,1
200903180HOU,RS,DET,445.0,LC,11,12,-1
200903180HOU,RS,DET,464.0,LC,13,12,1
200903180HOU,RS,DET,484.0,LC,13,14,-1
200903180HOU,RS,DET,530.0,LC,16,14,2
200903180HOU,RS,DET,593.0,,18,14,4
200903180HOU,RS,DET,614.0,,18,16,2
200903180HOU,RS,DET,633.0,,20,16,4
200903180HOU,RS,DET,671.1,,20,18,2
200903180HOU,RS,DET,735.0,,22,18,4
200903180HOU,RS,DET,753.0,,22,20,2
200903180HOU,RS,DET,784.0,,22,21,1
200903180HOU,RS,DET,799.0,LC,22,23,-1
200903180HOU,RS,DET,814.0,LC,24,23,1
200903180HOU,RS,DET,837.0,,26,23,3
200903180HOU,RS,DET,851.0,,26,25,1
200903180HOU,RS,DET,886.0,,28,25,3
200903180HOU,RS,DET,937.0,,28,27,1
200903180HOU,RS,DET,937.0,T,28,28,0
200903180HOU,RS,DET,949.0,,30,28,2
200903180HOU,RS,DET,966.0,T,30,30,0
200903180HOU,RS,DET,988.0,,32,30,2
200903180HOU,RS,DET,1027.0,,34,30,4
200903180HOU,RS,DET,1047.0,,34,31,3
200903180HOU,RS,DET,1116.0,,34,32,2
200903180HOU,RS,DET,1116.0,,34,33,1
200903180HOU,RS,DET,1139.0,,36,33,3
200903180HOU,RS,DET,1170.0,,36,35,1
200903180HOU,RS,DET,1231.0,,38,35,3
200903180HOU,RS,DET,1268.0,,38,37,1
200903180HOU,RS,DET,1327.0,,40,37,3
200903180HOU,RS,DET,1411.8,,42,37,5
200903180HOU,RS,DET,1434.8,,42,38,4
200903180HOU,RS,DET,1486.0,,42,40,2
200903180HOU,RS,DET,1499.0,,45,40,5
200903180HOU,RS,DET,1550.0,,45,42,3
200903180HOU,RS,DET,1615.0,,45,44,1
200903180HOU,RS,DET,1631.0,,47,44,3
200903180HOU,RS,DET,1674.0,,47,46,1
200903180HOU,RS,DET,1733.0,,49,46,3
200903180HOU,RS,DET,1758.0,,49,47,2
200903180HOU,RS,DET,1758.0,,49,48,1
200903180HOU,RS,DET,1776.0,,51,48,3
200903180HOU,RS,DET,1794.0,,51,50,1
200903180HOU,RS,DET,1815.0,,53,50,3
200903180HOU,RS,DET,1857.0,,54,50,4
200903180HOU,RS,DET,1882.0,,54,52,2
200903180HOU,RS,DET,1896.0,,56,52,4
200903180HOU,RS,DET,1951.0,,56,55,1
200903180HOU,RS,DET,1973.0,,58,55,3
200903180HOU,RS,DET,1994.0,,58,57,1
200903180HOU,RS,DET,2013.0,,59,57,2
200903180HOU,RS,DET,2013.0,,60,57,3
200903180HOU,RS,DET,2040.0,,60,59,1
200903180HOU,RS,DET,2074.0,LC,60,61,-1
200903180HOU,RS,DET,2125.9,,60,63,-3
200903180HOU,RS,DET,2151.6,,62,63,-1
200903180HOU,RS,DET,2156.7,,62,64,-2
200903180HOU,RS,DET,2156.7,,62,65,-3
200903180HOU,RS,DET,2158.2,,64,65,-1
200903180HOU,RS,DET,2178.0,,64,67,-3
200903180HOU,RS,DET,2219.0,,64,69,-5
200903180HOU,RS,DET,2245.0,,66,69,-3
200903180HOU,RS,DET,2279.0,,66,70,-4
200903180HOU,RS,DET,2290.0,,67,70,-3
200903180HOU,RS,DET,2343.0,,69,70,-1
200903180HOU,RS,DET,2381.0,LC,71,70,1
200903180HOU,RS,DET,2427.0,,72,70,2
200903180HOU,RS,DET,2427.0,,73,70,3
200903180HOU,RS,DET,2440.0,,73,72,1
200903180HOU,RS,DET,2456.0,,75,72,3
200903180HOU,RS,DET,2517.0,T,75,75,0
200903180HOU,RS,DET,2541.0,LC,75,77,-2
200903180HOU,RS,DET,2592.0,,75,79,-4
200903180HOU,RS,DET,2614.0,,77,79,-2
200903180HOU,RS,DET,2688.0,,78,79,-1
200903180HOU,RS,DET,2688.0,T,79,79,0
200903180HOU,RS,DET,2724.0,LC,80,79,1
200903180HOU,RS,DET,2775.0,,82,79,3
200903180HOU,RS,DET,2803.0,,82,81,1
200903180HOU,RS,DET,2824.4,T,82,82,0
200903180HOU,RS,DET,2928.0,,84,82,2
200903180HOU,RS,DET,2946.0,LC,84,85,-1
200903180HOU,RS,DET,2977.0,LC,86,85,1
200903180HOU,RS,DET,3058.0,,88,85,3
200903180HOU,RS,DET,3091.0,,88,86,2
200903180HOU,RS,DET,3091.0,,88,87,1
200903180HOU,RS,DET,3103.0,,89,87,2
200903180HOU,RS,DET,3103.0,,90,87,3
200903180HOU,RS,DET,3154.5,,90,89,1
200903180HOU,RS,DET,3156.9,,91,89,2
200903180HOU,RS,DET,3163.5,T,91,91,0
200903180HOU,RS,DET,3229.0,,94,91,3
200903180HOU,RS,DET,3269.0,,96,91,5
200903180HOU,RS,DET,3304.0,,98,91,7
200903180HOU,RS,DET,3328.0,,98,92,6
200903180HOU,RS,DET,3346.0,,100,92,8
200903180HOU,RS,DET,3381.0,,102,92,10
200903180HOU,RS,DET,3388.0,,102,95,7
200903180HOU,RS,DET,3420.0,,102,96,6
200903180HOU,RS,DET,3452.1,,102,99,3
200903180HOU,RS,DET,3454.9,,103,99,4
200903180HOU,RS,DET,3454.9,,104,99,5
200903180HOU,RS,DET,3468.0,,105,99,6
200903180HOU,RS,DET,3468.0,,106,99,7
200903180HOU,RS,DET,3474.6,F,106,101,5
200903180HOU,RS,DET,3480.0,,106,101,5
200903200HOU,RS,MIN,0.0,,0,0,0
200903200HOU,RS,MIN,44.0,,0,2,-2
200903200HOU,RS,MIN,85.0,,0,4,-4
200903200HOU,RS,MIN,104.0,,2,4,-2
200903200HOU,RS,MIN,116.0,,2,5,-3
200903200HOU,RS,MIN,155.0,,4,5,-1
200903200HOU,RS,MIN,186.0,LC,6,5,1
200903200HOU,RS,MIN,209.0,,8,5,3
200903200HOU,RS,MIN,225.0,,8,7,1
200903200HOU,RS,MIN,242.0,,10,7,3
200903200HOU,RS,MIN,400.0,,10,9,1
200903200HOU,RS,MIN,432.0,,13,9,4
200903200HOU,RS,MIN,446.0,,13,11,2
200903200HOU,RS,MIN,457.0,,14,11,3
200903200HOU,RS,MIN,457.0,,15,11,4
200903200HOU,RS,MIN,473.0,,15,14,1
200903200HOU,RS,MIN,495.0,,17,14,3
200903200HOU,RS,MIN,551.0,,20,14,6
200903200HOU,RS,MIN,623.0,,22,14,8
200903200HOU,RS,MIN,671.7,,22,16,6
200903200HOU,RS,MIN,730.0,,24,16,8
200903200HOU,RS,MIN,753.0,,27,16,11
200903200HOU,RS,MIN,779.0,,30,16,14
200903200HOU,RS,MIN,796.0,,30,17,13
200903200HOU,RS,MIN,826.0,,30,19,11
200903200HOU,RS,MIN,857.0,,30,21,9
200903200HOU,RS,MIN,870.0,,32,21,11
200903200HOU,RS,MIN,889.0,,32,23,9
200903200HOU,RS,MIN,900.0,,33,23,10
200903200HOU,RS,MIN,902.0,,34,23,11
200903200HOU,RS,MIN,902.0,,35,23,12
200903200HOU,RS,MIN,949.0,,35,25,10
200903200HOU,RS,MIN,980.0,,37,25,12
200903200HOU,RS,MIN,994.0,,37,26,11
200903200HOU,RS,MIN,1113.0,,40,26,14
200903200HOU,RS,MIN,1131.0,,40,28,12
200903200HOU,RS,MIN,1202.0,,42,28,14
200903200HOU,RS,MIN,1260.0,,42,30,12
200903200HOU,RS,MIN,1286.0,,44,30,14
200903200HOU,RS,MIN,1306.0,,44,33,11
200903200HOU,RS,MIN,1337.0,,44,35,9
200903200HOU,RS,MIN,1352.0,,46,35,11
200903200HOU,RS,MIN,1380.0,,48,35,13
200903200HOU,RS,MIN,1396.3,,48,36,12
200903200HOU,RS,MIN,1396.3,,48,37,11
200903200HOU,RS,MIN,1461.0,,50,37,13
200903200HOU,RS,MIN,1491.0,,52,37,15
200903200HOU,RS,MIN,1491.0,,53,37,16
200903200HOU,RS,MIN,1509.0,,53,39,14
200903200HOU,RS,MIN,1519.0,,55,39,16
200903200HOU,RS,MIN,1540.0,,55,40,15
200903200HOU,RS,MIN,1560.0,,56,40,16
200903200HOU,RS,MIN,1560.0,,57,40,17
200903200HOU,RS,MIN,1594.0,,59,40,19
200903200HOU,RS,MIN,1631.0,,62,40,22
200903200HOU,RS,MIN,1656.0,,62,42,20
200903200HOU,RS,MIN,1696.0,,62,43,19
200903200HOU,RS,MIN,1696.0,,62,44,18
200903200HOU,RS,MIN,1723.0,,62,46,16
200903200HOU,RS,MIN,1741.0,,62,49,13
200903200HOU,RS,MIN,1766.0,,65,49,16
200903200HOU,RS,MIN,1801.0,,67,49,18
200903200HOU,RS,MIN,1821.0,,68,49,19
200903200HOU,RS,MIN,1821.0,,69,49,20
200903200HOU,RS,MIN,1845.0,,71,49,22
200903200HOU,RS,MIN,1858.0,,71,51,20
200903200HOU,RS,MIN,1878.0,,73,51,22
200903200HOU,RS,MIN,1914.0,,75,51,24
200903200HOU,RS,MIN,1929.0,,75,54,21
200903200HOU,RS,MIN,1964.0,,75,57,18
200903200HOU,RS,MIN,1981.0,,77,57,20
200903200HOU,RS,MIN,1995.0,,77,60,17
200903200HOU,RS,MIN,2069.0,,79,60,19
200903200HOU,RS,MIN,2087.0,,79,62,17
200903200HOU,RS,MIN,2106.4,,81,62,19
200903200HOU,RS,MIN,2118.1,,81,64,17
200903200HOU,RS,MIN,2128.5,,82,64,18
200903200HOU,RS,MIN,2128.5,,83,64,19
200903200HOU,RS,MIN,2139.5,,83,65,18
200903200HOU,RS,MIN,2139.5,,83,66,17
200903200HOU,RS,MIN,2204.0,,85,66,19
200903200HOU,RS,MIN,2271.0,,85,68,17
200903200HOU,RS,MIN,2295.0,,87,68,19
200903200HOU,RS,MIN,2314.0,,87,69,18
200903200HOU,RS,MIN,2314.0,,87,70,17
200903200HOU,RS,MIN,2359.0,,89,70,19
200903200HOU,RS,MIN,2375.0,,89,72,17
200903200HOU,RS,MIN,2471.0,,89,74,15
200903200HOU,RS,MIN,2480.0,,92,74,18
200903200HOU,RS,MIN,2540.0,,92,76,16
200903200HOU,RS,MIN,2560.0,,95,76,19
200903200HOU,RS,MIN,2607.0,,96,76,20
200903200HOU,RS,MIN,2607.0,,97,76,21
200903200HOU,RS,MIN,2625.0,,99,76,23
200903200HOU,RS,MIN,2700.0,,99,78,21
200903200HOU,RS,MIN,2711.0,,102,78,24
200903200HOU,RS,MIN,2733.0,,104,78,26
200903200HOU,RS,MIN,2750.0,,104,80,24
200903200HOU,RS,MIN,2767.0,,107,80,27
200903200HOU,RS,MIN,2785.0,,107,82,25
200903200HOU,RS,MIN,2811.0,,107,84,23
200903200HOU,RS,MIN,2811.0,,107,85,22
200903200HOU,RS,MIN,2826.9,,107,86,21
200903200HOU,RS,MIN,2851.7,F,107,88,19
200903200HOU,RS,MIN,2880.0,,107,88,19
200903220SAS,RS,SAS,0.0,,0,0,0
200903220SAS,RS,SAS,19.0,,2,0,2
200903220SAS,RS,SAS,63.0,T,2,2,0
200903220SAS,RS,SAS,78.0,,3,2,1
200903220SAS,RS,SAS,99.0,LC,3,4,-1
200903220SAS,RS,SAS,146.0,,3,6,-3
200903220SAS,RS,SAS,163.0,T,6,6,0
200903220SAS,RS,SAS,185.0,,6,9,-3
200903220SAS,RS,SAS,198.0,,8,9,-1
200903220SAS,RS,SAS,232.0,,8,11,-3
200903220SAS,RS,SAS,251.0,,8,13,-5
200903220SAS,RS,SAS,289.0,,8,15,-7
200903220SAS,RS,SAS,305.0,,11,15,-4
200903220SAS,RS,SAS,330.0,,11,17,-6
200903220SAS,RS,SAS,375.0,,11,18,-7
200903220SAS,RS,SAS,375.0,,11,19,-8
200903220SAS,RS,SAS,407.0,,11,21,-10
200903220SAS,RS,SAS,426.0,,13,21,-8
200903220SAS,RS,SAS,469.0,,14,21,-7
200903220SAS,RS,SAS,469.0,,15,21,-6
200903220SAS,RS,SAS,491.0,,15,23,-8
200903220SAS,RS,SAS,601.0,,16,23,-7
200903220SAS,RS,SAS,601.0,,17,23,-6
200903220SAS,RS,SAS,635.0,,19,23,-4
200903220SAS,RS,SAS,665.2,,19,25,-6
200903220SAS,RS,SAS,682.2,,21,25,-4
200903220SAS,RS,SAS,693.1,,21,27,-6
200903220SAS,RS,SAS,716.3,,22,27,-5
200903220SAS,RS,SAS,736.0,,22,29,-7
200903220SAS,RS,SAS,763.0,,22,30,-8
200903220SAS,RS,SAS,779.0,,24,30,-6
200903220SAS,RS,SAS,810.0,,26,30,-4
200903220SAS,RS,SAS,830.0,,27,30,-3
200903220SAS,RS,SAS,830.0,,28,30,-2
200903220SAS,RS,SAS,848.0,T,30,30,0
200903220SAS,RS,SAS,875.0,LC,32,30,2
200903220SAS,RS,SAS,926.0,,32,31,1
200903220SAS,RS,SAS,926.0,T,32,32,0
200903220SAS,RS,SAS,944.0,,34,32,2
200903220SAS,RS,SAS,980.0,,36,32,4
200903220SAS,RS,SAS,1032.0,,37,32,5
200903220SAS,RS,SAS,1032.0,,38,32,6
200903220SAS,RS,SAS,1047.0,,38,33,5
200903220SAS,RS,SAS,1047.0,,38,34,4
200903220SAS,RS,SAS,1057.0,,40,34,6
200903220SAS,RS,SAS,1078.0,,40,37,3
200903220SAS,RS,SAS,1127.0,,42,37,5
200903220SAS,RS,SAS,1189.0,,42,38,4
200903220SAS,RS,SAS,1227.0,,42,40,2
200903220SAS,RS,SAS,1274.0,T,42,42,0
200903220SAS,RS,SAS,1287.0,,44,42,2
200903220SAS,RS,SAS,1309.0,T,44,44,0
200903220SAS,RS,SAS,1309.0,LC,44,45,-1
200903220SAS,RS,SAS,1350.0,LC,47,45,2
200903220SAS,RS,SAS,1380.0,T,47,47,0
200903220SAS,RS,SAS,1396.4,,48,47,1
200903220SAS,RS,SAS,1429.1,,50,47,3
200903220SAS,RS,SAS,1439.0,,51,47,4
200903220SAS,RS,SAS,1460.0,,51,49,2
200903220SAS,RS,SAS,1480.0,,53,49,4
200903220SAS,RS,SAS,1541.0,,55,49,6
200903220SAS,RS,SAS,1566.0,,55,51,4
200903220SAS,RS,SAS,1651.0,,57,51,6
200903220SAS,RS,SAS,1712.0,,60,51,9
200903220SAS,RS,SAS,1734.0,,60,54,6
200903220SAS,RS,SAS,1785.0,,60,55,5
200903220SAS,RS,SAS,1785.0,,60,56,4
200903220SAS,RS,SAS,1875.0,,62,56,6
200903220SAS,RS,SAS,2044.0,,64,56,8
200903220SAS,RS,SAS,2061.0,,64,58,6
200903220SAS,RS,SAS,2061.0,,64,59,5
200903220SAS,RS,SAS,2092.0,,64,61,3
200903220SAS,RS,SAS,2152.1,,64,63,1
200903220SAS,RS,SAS,2178.0,,66,63,3
200903220SAS,RS,SAS,2216.0,,68,63,5
200903220SAS,RS,SAS,2236.0,,68,65,3
200903220SAS,RS,SAS,2265.0,,70,65,5
200903220SAS,RS,SAS,2283.0,,70,66,4
200903220SAS,RS,SAS,2328.0,,70,68,2
200903220SAS,RS,SAS,2353.0,T,70,70,0
200903220SAS,RS,SAS,2369.0,,72,70,2
200903220SAS,RS,SAS,2387.0,T,72,72,0
200903220SAS,RS,SAS,2426.0,LC,72,75,-3
200903220SAS,RS,SAS,2484.0,,72,77,-5
200903220SAS,RS,SAS,2522.0,,72,79,-7
200903220SAS,RS,SAS,2542.0,,74,79,-5
200903220SAS,RS,SAS,2567.0,,75,79,-4
200903220SAS,RS,SAS,2664.0,,75,81,-6
200903220SAS,RS,SAS,2696.0,,78,81,-3
200903220SAS,RS,SAS,2730.0,,80,81,-1
200903220SAS,RS,SAS,2775.0,LC,82,81,1
200903220SAS,RS,SAS,2833.9,LC,82,83,-1
200903220SAS,RS,SAS,2850.1,LC,84,83,1
200903220SAS,RS,SAS,2859.1,LC,84,85,-1
200903220SAS,RS,SAS,2868.1,LC,86,85,1
200903220SAS,RS,SAS,2879.7,F,87,85,2
200903220SAS,RS,SAS,2880.0,,87,85,2
200903240UTA,RS,UTA,0.0,,0,0,0
200903240UTA,RS,UTA,15.0,,2,0,2
200903240UTA,RS,UTA,42.0,,5,0,5
200903240UTA,RS,UTA,86.0,,5,2,3
200903240UTA,RS,UTA,259.0,,6,2,4
200903240UTA,RS,UTA,259.0,,7,2,5
200903240UTA,RS,UTA,273.0,,7,4,3
200903240UTA,RS,UTA,331.0,,7,6,1
200903240UTA,RS,UTA,346.0,,9,6,3
200903240UTA,RS,UTA,366.0,,11,6,5
200903240UTA,RS,UTA,385.0,,11,8,3
200903240UTA,RS,UTA,400.0,,13,8,5
200903240UTA,RS,UTA,419.0,,13,10,3
200903240UTA,RS,UTA,478.0,T,13,13,0
200903240UTA,RS,UTA,518.0,,15,13,2
200903240UTA,RS,UTA,529.0,,15,14,1
200903240UTA,RS,UTA,529.0,T,15,15,0
200903240UTA,RS,UTA,544.0,,17,15,2
200903240UTA,RS,UTA,560.0,T,17,17,0
200903240UTA,RS,UTA,597.0,,20,17,3
200903240UTA,RS,UTA,613.0,,20,19,1
200903240UTA,RS,UTA,632.0,LC,20,21,-1
200903240UTA,RS,UTA,667.2,,20,23,-3
200903240UTA,RS,UTA,676.5,,21,23,-2
200903240UTA,RS,UTA,736.0,,21,24,-3
200903240UTA,RS,UTA,771.0,,21,26,-5
200903240UTA,RS,UTA,797.0,,21,28,-7
200903240UTA,RS,UTA,823.0,,21,29,-8
200903240UTA,RS,UTA,839.0,,23,29,-6
200903240UTA,RS,UTA,873.0,,26,29,-3
200903240UTA,RS,UTA,934.0,,28,29,-1
200903240UTA,RS,UTA,999.0,,28,31,-3
200903240UTA,RS,UTA,1026.0,,28,34,-6
200903240UTA,RS,UTA,1099.0,,28,37,-9
200903240UTA,RS,UTA,1141.0,,28,39,-11
200903240UTA,RS,UTA,1254.0,,29,39,-10
200903240UTA,RS,UTA,1254.0,,30,39,-9
200903240UTA,RS,UTA,1315.0,,33,39,-6
200903240UTA,RS,UTA,1332.0,,33,41,-8
200903240UTA,RS,UTA,1350.0,,35,41,-6
200903240UTA,RS,UTA,1366.0,,35,43,-8
200903240UTA,RS,UTA,1380.0,,38,43,-5
200903240UTA,RS,UTA,1388.8,,38,45,-7
200903240UTA,RS,UTA,1388.8,,38,46,-8
200903240UTA,RS,UTA,1399.4,,41,46,-5
200903240UTA,RS,UTA,1438.4,,43,46,-3
200903240UTA,RS,UTA,1453.0,,43,47,-4
200903240UTA,RS,UTA,1453.0,,43,48,-5
200903240UTA,RS,UTA,1466.0,,46,48,-2
200903240UTA,RS,UTA,1481.0,,46,49,-3
200903240UTA,RS,UTA,1481.0,,46,50,-4
200903240UTA,RS,UTA,1495.0,,48,50,-2
200903240UTA,RS,UTA,1536.0,LC,51,50,1
200903240UTA,RS,UTA,1598.0,,53,50,3
200903240UTA,RS,UTA,1606.0,,53,52,1
200903240UTA,RS,UTA,1638.0,LC,53,54,-1
200903240UTA,RS,UTA,1709.0,,53,57,-4
200903240UTA,RS,UTA,1731.0,,53,59,-6
200903240UTA,RS,UTA,1814.0,,55,59,-4
200903240UTA,RS,UTA,1830.0,,55,61,-6
200903240UTA,RS,UTA,1851.0,,57,61,-4
200903240UTA,RS,UTA,1869.0,,57,63,-6
200903240UTA,RS,UTA,1927.0,,57,65,-8
200903240UTA,RS,UTA,1938.0,,59,65,-6
200903240UTA,RS,UTA,1958.0,,59,67,-8
200903240UTA,RS,UTA,1974.0,,61,67,-6
200903240UTA,RS,UTA,1999.0,,61,69,-8
200903240UTA,RS,UTA,1999.0,,61,70,-9
200903240UTA,RS,UTA,2017.0,,64,70,-6
200903240UTA,RS,UTA,2059.0,,65,70,-5
200903240UTA,RS,UTA,2086.0,,65,71,-6
200903240UTA,RS,UTA,2117.0,,67,71,-4
200903240UTA,RS,UTA,2127.6,,67,73,-6
200903240UTA,RS,UTA,2155.3,,67,74,-7
200903240UTA,RS,UTA,2155.3,,67,75,-8
200903240UTA,RS,UTA,2178.0,,68,75,-7
200903240UTA,RS,UTA,2178.0,,69,75,-6
200903240UTA,RS,UTA,2192.0,,69,77,-8
200903240UTA,RS,UTA,2211.0,,71,77,-6
200903240UTA,RS,UTA,2241.0,,71,79,-8
200903240UTA,RS,UTA,2263.0,,71,80,-9
200903240UTA,RS,UTA,2349.0,,71,82,-11
200903240UTA,RS,UTA,2414.0,,73,82,-9
200903240UTA,RS,UTA,2471.0,,74,82,-8
200903240UTA,RS,UTA,2471.0,,75,82,-7
200903240UTA,RS,UTA,2486.0,,75,84,-9
200903240UTA,RS,UTA,2520.0,,75,86,-11
200903240UTA,RS,UTA,2531.0,,77,86,-9
200903240UTA,RS,UTA,2534.0,,78,86,-8
200903240UTA,RS,UTA,2534.0,,79,86,-7
200903240UTA,RS,UTA,2573.0,,82,86,-4
200903240UTA,RS,UTA,2599.0,,82,88,-6
200903240UTA,RS,UTA,2630.0,,82,90,-8
200903240UTA,RS,UTA,2652.0,,82,91,-9
200903240UTA,RS,UTA,2652.0,,82,92,-10
200903240UTA,RS,UTA,2686.0,,82,93,-11
200903240UTA,RS,UTA,2758.0,,82,95,-13
200903240UTA,RS,UTA,2787.0,,82,96,-14
200903240UTA,RS,UTA,2787.0,,82,97,-15
200903240UTA,RS,UTA,2792.0,,84,97,-13
200903240UTA,RS,UTA,2851.9,,86,97,-11
200903240UTA,RS,UTA,2876.5,F,86,99,-13
200903240UTA,RS,UTA,2880.0,,86,99,-13
200903280HOU,RS,LAC,0.0,,0,0,0
200903280HOU,RS,LAC,21.0,,2,0,2
200903280HOU,RS,LAC,58.0,,3,0,3
200903280HOU,RS,LAC,68.0,,5,0,5
200903280HOU,RS,LAC,111.0,,7,0,7
200903280HOU,RS,LAC,141.0,,7,2,5
200903280HOU,RS,LAC,160.0,,9,2,7
200903280HOU,RS,LAC,187.0,,9,4,5
200903280HOU,RS,LAC,203.0,,10,4,6
200903280HOU,RS,LAC,203.0,,11,4,7
200903280HOU,RS,LAC,234.0,,13,4,9
200903280HOU,RS,LAC,257.0,,13,6,7
200903280HOU,RS,LAC,285.0,,14,6,8
200903280HOU,RS,LAC,285.0,,15,6,9
200903280HOU,RS,LAC,340.0,,17,6,11
200903280HOU,RS,LAC,361.0,,17,8,9
200903280HOU,RS,LAC,385.0,,20,8,12
200903280HOU,RS,LAC,415.0,,20,10,10
200903280HOU,RS,LAC,459.0,,22,10,12
200903280HOU,RS,LAC,489.0,,24,10,14
200903280HOU,RS,LAC,511.0,,24,12,12
200903280HOU,RS,LAC,557.0,,26,12,14
200903280HOU,RS,LAC,592.0,,28,12,16
200903280HOU,RS,LAC,620.0,,30,12,18
200903280HOU,RS,LAC,630.0,,30,15,15
200903280HOU,RS,LAC,702.9,,30,17,13
200903280HOU,RS,LAC,735.0,,30,19,11
200903280HOU,RS,LAC,752.0,,32,19,13
200903280HOU,RS,LAC,765.0,,32,21,11
200903280HOU,RS,LAC,785.0,,34,21,13
200903280HOU,RS,LAC,855.0,,37,21,16
200903280HOU,RS,LAC,885.0,,37,22,15
200903280HOU,RS,LAC,885.0,,37,23,14
200903280HOU,RS,LAC,913.0,,39,23,16
200903280HOU,RS,LAC,994.0,,39,24,15
200903280HOU,RS,LAC,994.0,,39,25,14
200903280HOU,RS,LAC,1008.0,,40,25,15
200903280HOU,RS,LAC,1037.0,,42,25,17
200903280HOU,RS,LAC,1075.0,,43,25,18
200903280HOU,RS,LAC,1075.0,,44,25,19
200903280HOU,RS,LAC,1127.0,,47,25,22
200903280HOU,RS,LAC,1147.0,,47,27,20
200903280HOU,RS,LAC,1227.0,,47,29,18
200903280HOU,RS,LAC,1294.0,,47,30,17
200903280HOU,RS,LAC,1294.0,,47,31,16
200903280HOU,RS,LAC,1309.0,,49,31,18
200903280HOU,RS,LAC,1331.0,,49,33,16
200903280HOU,RS,LAC,1331.0,,49,34,15
200903280HOU,RS,LAC,1368.0,,49,36,13
200903280HOU,RS,LAC,1380.0,,52,36,16
200903280HOU,RS,LAC,1404.7,,54,36,18
200903280HOU,RS,LAC,1438.8,,57,36,21
200903280HOU,RS,LAC,1454.0,,57,38,19
200903280HOU,RS,LAC,1492.0,,57,41,16
200903280HOU,RS,LAC,1513.0,,59,41,18
200903280HOU,RS,LAC,1533.0,,61,41,20
200903280HOU,RS,LAC,1568.0,,63,41,22
200903280HOU,RS,LAC,1616.0,,63,43,20
200903280HOU,RS,LAC,1680.0,,65,43,22
200903280HOU,RS,LAC,1731.0,,65,45,20
200903280HOU,RS,LAC,1745.0,,66,45,21
200903280HOU,RS,LAC,1745.0,,67,45,22
200903280HOU,RS,LAC,1769.0,,67,47,20
200903280HOU,RS,LAC,1813.0,,69,47,22
200903280HOU,RS,LAC,1813.0,,70,47,23
200903280HOU,RS,LAC,1827.0,,70,49,21
200903280HOU,RS,LAC,1874.0,,70,51,19
200903280HOU,RS,LAC,1895.0,,72,51,21
200903280HOU,RS,LAC,1966.0,,72,53,19
200903280HOU,RS,LAC,2014.0,,74,53,21
200903280HOU,RS,LAC,2030.0,,74,55,19
200903280HOU,RS,LAC,2042.0,,75,55,20
200903280HOU,RS,LAC,2042.0,,76,55,21
200903280HOU,RS,LAC,2082.0,,79,55,24
200903280HOU,RS,LAC,2106.8,,79,56,23
200903280HOU,RS,LAC,2106.8,,79,57,22
200903280HOU,RS,LAC,2123.7,,82,57,25
200903280HOU,RS,LAC,2149.6,,82,58,24
200903280HOU,RS,LAC,2149.6,,82,59,23
200903280HOU,RS,LAC,2157.9,,85,59,26
200903280HOU,RS,LAC,2195.0,,85,61,24
200903280HOU,RS,LAC,2208.0,,87,61,26
200903280HOU,RS,LAC,2229.0,,87,63,24
200903280HOU,RS,LAC,2284.0,,89,63,26
200903280HOU,RS,LAC,2301.0,,89,64,25
200903280HOU,RS,LAC,2310.0,,91,64,27
200903280HOU,RS,LAC,2333.0,,91,65,26
200903280HOU,RS,LAC,2333.0,,91,66,25
200903280HOU,RS,LAC,2366.0,,93,66,27
200903280HOU,RS,LAC,2382.0,,93,68,25
200903280HOU,RS,LAC,2391.0,,96,68,28
200903280HOU,RS,LAC,2428.0,,98,68,30
200903280HOU,RS,LAC,2447.0,,98,70,28
200903280HOU,RS,LAC,2470.0,,98,73,25
200903280HOU,RS,LAC,2488.0,,100,73,27
200903280HOU,RS,LAC,2498.0,,100,75,25
200903280HOU,RS,LAC,2498.0,,100,76,24
200903280HOU,RS,LAC,2511.0,,102,76,26
200903280HOU,RS,LAC,2528.0,,102,78,24
200903280HOU,RS,LAC,2569.0,,102,80,22
200903280HOU,RS,LAC,2581.0,,103,80,23
200903280HOU,RS,LAC,2581.0,,104,80,24
200903280HOU,RS,LAC,2595.0,,104,82,22
200903280HOU,RS,LAC,2611.0,,106,82,24
200903280HOU,RS,LAC,2641.0,,106,85,21
200903280HOU,RS,LAC,2659.0,,106,87,19
200903280HOU,RS,LAC,2681.0,,108,87,21
200903280HOU,RS,LAC,2724.0,,108,89,19
200903280HOU,RS,LAC,2758.0,,110,89,21
200903280HOU,RS,LAC,2811.0,,110,91,19
200903280HOU,RS,LAC,2837.8,F,110,93,17
200903280HOU,RS,LAC,2880.0,,110,93,17
200904010PHO,RS,PHO,0.0,,0,0,0
200904010PHO,RS,PHO,20.0,,3,0,3
200904010PHO,RS,PHO,33.0,,3,2,1
200904010PHO,RS,PHO,95.0,,5,2,3
200904010PHO,RS,PHO,102.0,,5,4,1
200904010PHO,RS,PHO,149.0,LC,5,6,-1
200904010PHO,RS,PHO,183.0,,5,8,-3
200904010PHO,RS,PHO,201.0,T,8,8,0
200904010PHO,RS,PHO,216.0,,8,10,-2
200904010PHO,RS,PHO,239.0,T,10,10,0
200904010PHO,RS,PHO,251.0,,10,12,-2
200904010PHO,RS,PHO,266.0,T,12,12,0
200904010PHO,RS,PHO,278.0,,12,15,-3
200904010PHO,RS,PHO,314.0,,12,17,-5
200904010PHO,RS,PHO,345.0,,12,19,-7
200904010PHO,RS,PHO,363.0,,13,19,-6
200904010PHO,RS,PHO,363.0,,14,19,-5
200904010PHO,RS,PHO,416.0,,16,19,-3
200904010PHO,RS,PHO,463.0,,16,21,-5
200904010PHO,RS,PHO,488.0,,19,21,-2
200904010PHO,RS,PHO,494.0,,19,23,-4
200904010PHO,RS,PHO,513.0,,22,23,-1
200904010PHO,RS,PHO,524.0,,22,25,-3
200904010PHO,RS,PHO,545.0,T,25,25,0
200904010PHO,RS,PHO,565.0,,25,27,-2
200904010PHO,RS,PHO,595.0,,25,29,-4
200904010PHO,RS,PHO,653.0,,25,31,-6
200904010PHO,RS,PHO,670.4,,27,31,-4
200904010PHO,RS,PHO,690.3,,27,33,-6
200904010PHO,RS,PHO,719.9,,30,33,-3
200904010PHO,RS,PHO,736.0,,30,35,-5
200904010PHO,RS,PHO,781.0,,30,37,-7
200904010PHO,RS,PHO,804.0,,32,37,-5
200904010PHO,RS,PHO,825.0,,32,38,-6
200904010PHO,RS,PHO,842.0,,33,38,-5
200904010PHO,RS,PHO,862.0,,33,39,-6
200904010PHO,RS,PHO,920.0,,35,39,-4
200904010PHO,RS,PHO,976.0,,38,39,-1
200904010PHO,RS,PHO,1000.0,LC,41,39,2
200904010PHO,RS,PHO,1017.0,T,41,41,0
200904010PHO,RS,PHO,1055.0,LC,41,42,-1
200904010PHO,RS,PHO,1055.0,,41,43,-2
200904010PHO,RS,PHO,1071.0,T,43,43,0
200904010PHO,RS,PHO,1086.0,,43,45,-2
200904010PHO,RS,PHO,1101.0,,43,47,-4
200904010PHO,RS,PHO,1146.0,,43,49,-6
200904010PHO,RS,PHO,1146.0,,43,50,-7
200904010PHO,RS,PHO,1171.0,,43,52,-9
200904010PHO,RS,PHO,1184.0,,45,52,-7
200904010PHO,RS,PHO,1223.0,,45,55,-10
200904010PHO,RS,PHO,1241.0,,47,55,-8
200904010PHO,RS,PHO,1252.0,,47,56,-9
200904010PHO,RS,PHO,1252.0,,47,57,-10
200904010PHO,RS,PHO,1266.0,,49,57,-8
200904010PHO,RS,PHO,1278.0,,49,59,-10
200904010PHO,RS,PHO,1294.0,,50,59,-9
200904010PHO,RS,PHO,1294.0,,51,59,-8
200904010PHO,RS,PHO,1305.0,,51,61,-10
200904010PHO,RS,PHO,1321.0,,54,61,-7
200904010PHO,RS,PHO,1335.0,,54,63,-9
200904010PHO,RS,PHO,1393.5,,54,64,-10
200904010PHO,RS,PHO,1393.5,,54,65,-11
200904010PHO,RS,PHO,1407.8,,54,67,-13
200904010PHO,RS,PHO,1438.0,,56,67,-11
200904010PHO,RS,PHO,1483.0,,58,67,-9
200904010PHO,RS,PHO,1500.0,,58,68,-10
200904010PHO,RS,PHO,1514.0,,60,68,-8
200904010PHO,RS,PHO,1543.0,,62,68,-6
200904010PHO,RS,PHO,1557.0,,62,70,-8
200904010PHO,RS,PHO,1566.0,,64,70,-6
200904010PHO,RS,PHO,1617.0,,65,70,-5
200904010PHO,RS,PHO,1617.0,,66,70,-4
200904010PHO,RS,PHO,1635.0,,68,70,-2
200904010PHO,RS,PHO,1654.0,,68,73,-5
200904010PHO,RS,PHO,1670.0,,69,73,-4
200904010PHO,RS,PHO,1670.0,,70,73,-3
200904010PHO,RS,PHO,1690.0,,72,73,-1
200904010PHO,RS,PHO,1747.0,LC,75,73,2
200904010PHO,RS,PHO,1779.0,,77,73,4
200904010PHO,RS,PHO,1793.0,,77,75,2
200904010PHO,RS,PHO,1808.0,,79,75,4
200904010PHO,RS,PHO,1864.0,,79,77,2
200904010PHO,RS,PHO,1917.0,T,79,79,0
200904010PHO,RS,PHO,1954.0,LC,79,81,-2
200904010PHO,RS,PHO,1992.0,T,81,81,0
200904010PHO,RS,PHO,2022.0,LC,83,81,2
200904010PHO,RS,PHO,2028.0,T,83,83,0
200904010PHO,RS,PHO,2028.0,LC,83,84,-1
200904010PHO,RS,PHO,2067.0,,83,86,-3
200904010PHO,RS,PHO,2076.0,,85,86,-1
200904010PHO,RS,PHO,2098.0,,85,88,-3
200904010PHO,RS,PHO,2122.6,T,88,88,0
200904010PHO,RS,PHO,2185.0,LC,90,88,2
200904010PHO,RS,PHO,2200.0,,90,89,1
200904010PHO,RS,PHO,2218.0,,91,89,2
200904010PHO,RS,PHO,2218.0,,92,89,3
200904010PHO,RS,PHO,2274.0,,94,89,5
200904010PHO,RS,PHO,2307.0,,96,89,7
200904010PHO,RS,PHO,2352.0,,96,91,5
200904010PHO,RS,PHO,2405.0,,96,94,2
200904010PHO,RS,PHO,2454.0,T,96,96,0
200904010PHO,RS,PHO,2481.0,LC,96,98,-2
200904010PHO,RS,PHO,2522.0,,96,101,-5
200904010PHO,RS,PHO,2565.0,,96,102,-6
200904010PHO,RS,PHO,2623.0,,96,103,-7
200904010PHO,RS,PHO,2623.0,,96,104,-8
200904010PHO,RS,PHO,2641.0,,98,104,-6
200904010PHO,RS,PHO,2655.0,,98,105,-7
200904010PHO,RS,PHO,2655.0,,98,106,-8
200904010PHO,RS,PHO,2671.0,,101,106,-5
200904010PHO,RS,PHO,2684.0,,101,109,-8
200904010PHO,RS,PHO,2697.0,,103,109,-6
200904010PHO,RS,PHO,2714.0,,103,111,-8
200904010PHO,RS,PHO,2762.0,,105,111,-6
200904010PHO,RS,PHO,2848.6,,107,111,-4
200904010PHO,RS,PHO,2858.4,,109,111,-2
200904010PHO,RS,PHO,2861.6,,109,112,-3
200904010PHO,RS,PHO,2861.6,,109,113,-4
200904010PHO,RS,PHO,2876.3,F,109,114,-5
200904010PHO,RS,PHO,2880.0,,109,114,-5
200904030LAL,RS,LAL,0.0,,0,0,0
200904030LAL,RS,LAL,13.0,,0,2,-2
200904030LAL,RS,LAL,37.0,,0,4,-4
200904030LAL,RS,LAL,69.0,,0,6,-6
200904030LAL,RS,LAL,85.0,,2,6,-4
200904030LAL,RS,LAL,159.0,,2,7,-5
200904030LAL,RS,LAL,188.0,,2,10,-8
200904030LAL,RS,LAL,259.0,,5,10,-5
200904030LAL,RS,LAL,273.0,,5,11,-6
200904030LAL,RS,LAL,273.0,,5,12,-7
200904030LAL,RS,LAL,294.0,,7,12,-5
200904030LAL,RS,LAL,349.0,,9,12,-3
200904030LAL,RS,LAL,375.0,,9,14,-5
200904030LAL,RS,LAL,405.0,,11,14,-3
200904030LAL,RS,LAL,425.0,,11,16,-5
200904030LAL,RS,LAL,445.0,,13,16,-3
200904030LAL,RS,LAL,445.0,,14,16,-2
200904030LAL,RS,LAL,491.0,,15,16,-1
200904030LAL,RS,LAL,537.0,,15,18,-3
200904030LAL,RS,LAL,548.0,,17,18,-1
200904030LAL,RS,LAL,569.0,,17,20,-3
200904030LAL,RS,LAL,584.0,,19,20,-1
200904030LAL,RS,LAL,660.0,LC,21,20,1
200904030LAL,RS,LAL,730.0,,23,20,3
200904030LAL,RS,LAL,744.0,,23,21,2
200904030LAL,RS,LAL,744.0,,23,22,1
200904030LAL,RS,LAL,818.0,LC,23,25,-2
200904030LAL,RS,LAL,839.0,T,25,25,0
200904030LAL,RS,LAL,864.0,LC,27,25,2
200904030LAL,RS,LAL,877.0,T,27,27,0
200904030LAL,RS,LAL,919.0,,28,27,1
200904030LAL,RS,LAL,919.0,,29,27,2
200904030LAL,RS,LAL,937.0,T,29,29,0
200904030LAL,RS,LAL,1053.0,LC,29,31,-2
200904030LAL,RS,LAL,1073.0,T,31,31,0
200904030LAL,RS,LAL,1094.0,LC,33,31,2
200904030LAL,RS,LAL,1110.0,T,33,33,0
200904030LAL,RS,LAL,1146.0,LC,33,35,-2
200904030LAL,RS,LAL,1192.0,T,35,35,0
200904030LAL,RS,LAL,1238.0,LC,37,35,2
200904030LAL,RS,LAL,1264.0,LC,37,38,-1
200904030LAL,RS,LAL,1284.0,,37,40,-3
200904030LAL,RS,LAL,1301.0,,39,40,-1
200904030LAL,RS,LAL,1384.0,,39,41,-2
200904030LAL,RS,LAL,1384.0,,39,42,-3
200904030LAL,RS,LAL,1406.7,,41,42,-1
200904030LAL,RS,LAL,1416.2,,41,44,-3
200904030LAL,RS,LAL,1439.1,T,44,44,0
200904030LAL,RS,LAL,1458.0,LC,45,44,1
200904030LAL,RS,LAL,1534.0,,46,44,2
200904030LAL,RS,LAL,1550.0,T,46,46,0
200904030LAL,RS,LAL,1590.0,LC,46,48,-2
200904030LAL,RS,LAL,1603.0,T,48,48,0
200904030LAL,RS,LAL,1619.0,,48,49,-1
200904030LAL,RS,LAL,1650.0,LC,50,49,1
200904030LAL,RS,LAL,1669.0,LC,50,51,-1
200904030LAL,RS,LAL,1711.0,,50,53,-3
200904030LAL,RS,LAL,1737.0,T,53,53,0
200904030LAL,RS,LAL,1752.0,,53,55,-2
200904030LAL,RS,LAL,1804.0,,53,58,-5
200904030LAL,RS,LAL,1834.0,,53,60,-7
200904030LAL,RS,LAL,1890.0,,54,60,-6
200904030LAL,RS,LAL,1890.0,,55,60,-5
200904030LAL,RS,LAL,1917.0,,55,61,-6
200904030LAL,RS,LAL,1917.0,,55,62,-7
200904030LAL,RS,LAL,1949.0,,55,65,-10
200904030LAL,RS,LAL,2025.0,,58,65,-7
200904030LAL,RS,LAL,2044.0,,58,67,-9
200904030LAL,RS,LAL,2059.0,,60,67,-7
200904030LAL,RS,LAL,2084.0,,62,67,-5
200904030LAL,RS,LAL,2200.0,,64,67,-3
200904030LAL,RS,LAL,2238.0,,66,67,-1
200904030LAL,RS,LAL,2256.0,,66,68,-2
200904030LAL,RS,LAL,2256.0,,66,69,-3
200904030LAL,RS,LAL,2269.0,,68,69,-1
200904030LAL,RS,LAL,2307.0,,68,71,-3
200904030LAL,RS,LAL,2324.0,,68,73,-5
200904030LAL,RS,LAL,2341.0,,68,75,-7
200904030LAL,RS,LAL,2360.0,,69,75,-6
200904030LAL,RS,LAL,2383.0,,70,75,-5
200904030LAL,RS,LAL,2383.0,,71,75,-4
200904030LAL,RS,LAL,2430.0,,71,77,-6
200904030LAL,RS,LAL,2496.0,,71,79,-8
200904030LAL,RS,LAL,2555.0,,73,79,-6
200904030LAL,RS,LAL,2579.0,,73,81,-8
200904030LAL,RS,LAL,2599.0,,76,81,-5
200904030LAL,RS,LAL,2617.0,,76,84,-8
200904030LAL,RS,LAL,2645.0,,76,87,-11
200904030LAL,RS,LAL,2659.0,,77,87,-10
200904030LAL,RS,LAL,2675.0,,77,88,-11
200904030LAL,RS,LAL,2675.0,,77,89,-12
200904030LAL,RS,LAL,2675.0,,77,90,-13
200904030LAL,RS,LAL,2691.0,,79,90,-11
200904030LAL,RS,LAL,2710.0,,79,91,-12
200904030LAL,RS,LAL,2717.0,,80,91,-11
200904030LAL,RS,LAL,2717.0,,81,91,-10
200904030LAL,RS,LAL,2730.0,,81,92,-11
200904030LAL,RS,LAL,2730.0,F,81,93,-12
200904030LAL,RS,LAL,2880.0,,81,93,-12
200904050HOU,RS,POR,0.0,,0,0,0
200904050HOU,RS,POR,20.0,,0,2,-2
200904050HOU,RS,POR,42.0,T,2,2,0
200904050HOU,RS,POR,130.0,,2,4,-2
200904050HOU,RS,POR,153.0,,3,4,-1
200904050HOU,RS,POR,153.0,T,4,4,0
200904050HOU,RS,POR,172.0,,4,5,-1
200904050HOU,RS,POR,227.0,LC,7,5,2
200904050HOU,RS,POR,233.0,T,7,7,0
200904050HOU,RS,POR,251.0,,10,7,3
200904050HOU,RS,POR,290.0,,13,7,6
200904050HOU,RS,POR,317.0,,13,9,4
200904050HOU,RS,POR,334.0,,15,9,6
200904050HOU,RS,POR,395.0,,15,11,4
200904050HOU,RS,POR,467.0,,17,11,6
200904050HOU,RS,POR,498.0,,19,11,8
200904050HOU,RS,POR,517.0,,19,14,5
200904050HOU,RS,POR,517.0,,19,15,4
200904050HOU,RS,POR,536.0,,21,15,6
200904050HOU,RS,POR,553.0,,21,17,4
200904050HOU,RS,POR,573.0,,23,17,6
200904050HOU,RS,POR,614.0,,25,17,8
200904050HOU,RS,POR,632.0,,25,20,5
200904050HOU,RS,POR,653.0,,27,20,7
200904050HOU,RS,POR,668.0,,27,22,5
200904050HOU,RS,POR,681.4,,29,22,7
200904050HOU,RS,POR,704.5,,30,22,8
200904050HOU,RS,POR,704.5,,31,22,9
200904050HOU,RS,POR,719.6,,31,25,6
200904050HOU,RS,POR,748.0,,32,25,7
200904050HOU,RS,POR,748.0,,33,25,8
200904050HOU,RS,POR,764.0,,33,28,5
200904050HOU,RS,POR,787.0,,35,28,7
200904050HOU,RS,POR,808.0,,35,30,5
200904050HOU,RS,POR,823.0,,36,30,6
200904050HOU,RS,POR,844.0,,36,32,4
200904050HOU,RS,POR,865.0,,38,32,6
200904050HOU,RS,POR,891.0,,40,32,8
200904050HOU,RS,POR,915.0,,40,34,6
200904050HOU,RS,POR,939.0,,42,34,8
200904050HOU,RS,POR,958.0,,42,35,7
200904050HOU,RS,POR,997.0,,42,37,5
200904050HOU,RS,POR,1019.0,,43,37,6
200904050HOU,RS,POR,1019.0,,44,37,7
200904050HOU,RS,POR,1033.0,,44,39,5
200904050HOU,RS,POR,1085.0,,46,39,7
200904050HOU,RS,POR,1170.0,,48,39,9
200904050HOU,RS,POR,1197.0,,50,39,11
200904050HOU,RS,POR,1241.0,,52,39,13
200904050HOU,RS,POR,1256.0,,52,41,11
200904050HOU,RS,POR,1278.0,,54,41,13
200904050HOU,RS,POR,1362.0,,54,43,11
200904050HOU,RS,POR,1463.0,,57,43,14
200904050HOU,RS,POR,1529.0,,57,45,12
200904050HOU,RS,POR,1566.0,,57,48,9
200904050HOU,RS,POR,1604.0,,57,50,7
200904050HOU,RS,POR,1619.0,,59,50,9
200904050HOU,RS,POR,1647.0,,60,50,10
200904050HOU,RS,POR,1647.0,,61,50,11
200904050HOU,RS,POR,1668.0,,61,52,9
200904050HOU,RS,POR,1699.0,,61,54,7
200904050HOU,RS,POR,1787.0,,62,54,8
200904050HOU,RS,POR,1787.0,,63,54,9
200904050HOU,RS,POR,1845.0,,63,56,7
200904050HOU,RS,POR,1895.0,,63,57,6
200904050HOU,RS,POR,1895.0,,63,58,5
200904050HOU,RS,POR,1950.0,,64,58,6
200904050HOU,RS,POR,1950.0,,65,58,7
200904050HOU,RS,POR,1962.0,,65,59,6
200904050HOU,RS,POR,1962.0,,65,60,5
200904050HOU,RS,POR,1987.0,,66,60,6
200904050HOU,RS,POR,1987.0,,67,60,7
200904050HOU,RS,POR,2028.0,,69,60,9
200904050HOU,RS,POR,2109.5,,71,60,11
200904050HOU,RS,POR,2109.5,,72,60,12
200904050HOU,RS,POR,2131.3,,72,62,10
200904050HOU,RS,POR,2159.4,,72,64,8
200904050HOU,RS,POR,2181.0,,72,65,7
200904050HOU,RS,POR,2181.0,,72,66,6
200904050HOU,RS,POR,2208.0,,72,68,4
200904050HOU,RS,POR,2257.0,,74,68,6
200904050HOU,RS,POR,2273.0,,74,70,4
200904050HOU,RS,POR,2301.0,,76,70,6
200904050HOU,RS,POR,2340.0,,78,70,8
200904050HOU,RS,POR,2371.0,,80,70,10
200904050HOU,RS,POR,2386.0,,80,72,8
200904050HOU,RS,POR,2439.0,,82,72,10
200904050HOU,RS,POR,2450.0,,82,73,9
200904050HOU,RS,POR,2450.0,,82,74,8
200904050HOU,RS,POR,2488.0,,83,74,9
200904050HOU,RS,POR,2488.0,,84,74,10
200904050HOU,RS,POR,2503.0,,84,75,9
200904050HOU,RS,POR,2503.0,,84,76,8
200904050HOU,RS,POR,2520.0,,86,76,10
200904050HOU,RS,POR,2544.0,,86,78,8
200904050HOU,RS,POR,2563.0,,88,78,10
200904050HOU,RS,POR,2618.0,,88,79,9
200904050HOU,RS,POR,2618.0,,88,80,8
200904050HOU,RS,POR,2648.0,,91,80,11
200904050HOU,RS,POR,2709.0,,93,80,13
200904050HOU,RS,POR,2731.0,,93,82,11
200904050HOU,RS,POR,2768.0,,95,82,13
200904050HOU,RS,POR,2778.0,,95,84,11
200904050HOU,RS,POR,2801.0,,98,84,14
200904050HOU,RS,POR,2818.0,,98,87,11
200904050HOU,RS,POR,2818.0,,98,88,10
200904050HOU,RS,POR,2839.1,,100,88,12
200904050HOU,RS,POR,2856.9,,101,88,13
200904050HOU,RS,POR,2856.9,F,102,88,14
200904050HOU,RS,POR,2880.0,,102,88,14
200904070HOU,RS,ORL,0.0,,0,0,0
200904070HOU,RS,ORL,37.0,,2,0,2
200904070HOU,RS,ORL,49.0,LC,2,3,-1
200904070HOU,RS,ORL,71.0,LC,4,3,1
200904070HOU,RS,ORL,113.0,,6,3,3
200904070HOU,RS,ORL,141.0,T,6,6,0
200904070HOU,RS,ORL,157.0,,8,6,2
200904070HOU,RS,ORL,201.0,LC,8,9,-1
200904070HOU,RS,ORL,286.0,LC,10,9,1
200904070HOU,RS,ORL,301.0,LC,10,11,-1
200904070HOU,RS,ORL,323.0,LC,12,11,1
200904070HOU,RS,ORL,367.0,,13,11,2
200904070HOU,RS,ORL,367.0,,14,11,3
200904070HOU,RS,ORL,429.0,,14,13,1
200904070HOU,RS,ORL,450.0,,17,13,4
200904070HOU,RS,ORL,480.0,,19,13,6
200904070HOU,RS,ORL,507.0,,21,13,8
200904070HOU,RS,ORL,526.0,,21,15,6
200904070HOU,RS,ORL,579.0,,23,15,8
200904070HOU,RS,ORL,606.0,,23,16,7
200904070HOU,RS,ORL,622.0,,25,16,9
200904070HOU,RS,ORL,641.0,,25,17,8
200904070HOU,RS,ORL,641.0,,25,18,7
200904070HOU,RS,ORL,686.8,,25,20,5
200904070HOU,RS,ORL,716.7,,25,22,3
200904070HOU,RS,ORL,777.0,,25,24,1
200904070HOU,RS,ORL,796.0,,26,24,2
200904070HOU,RS,ORL,803.0,,28,24,4
200904070HOU,RS,ORL,818.0,,28,26,2
200904070HOU,RS,ORL,879.0,,31,26,5
200904070HOU,RS,ORL,981.0,,31,27,4
200904070HOU,RS,ORL,981.0,,31,28,3
200904070HOU,RS,ORL,997.0,,33,28,5
200904070HOU,RS,ORL,1026.0,,35,28,7
200904070HOU,RS,ORL,1062.0,,35,30,5
200904070HOU,RS,ORL,1088.0,,38,30,8
200904070HOU,RS,ORL,1114.0,,40,30,10
200904070HOU,RS,ORL,1162.0,,43,30,13
200904070HOU,RS,ORL,1183.0,,43,31,12
200904070HOU,RS,ORL,1210.0,,43,33,10
200904070HOU,RS,ORL,1254.0,,43,36,7
200904070HOU,RS,ORL,1332.0,,45,36,9
200904070HOU,RS,ORL,1362.0,,47,36,11
200904070HOU,RS,ORL,1407.5,,47,38,9
200904070HOU,RS,ORL,1451.0,,49,38,11
200904070HOU,RS,ORL,1464.0,,49,39,10
200904070HOU,RS,ORL,1464.0,,49,40,9
200904070HOU,RS,ORL,1477.0,,50,40,10
200904070HOU,RS,ORL,1489.0,,50,42,8
200904070HOU,RS,ORL,1512.0,,50,43,7
200904070HOU,RS,ORL,1512.0,,50,44,6
200904070HOU,RS,ORL,1641.0,,50,47,3
200904070HOU,RS,ORL,1658.0,,51,47,4
200904070HOU,RS,ORL,1681.0,,53,47,6
200904070HOU,RS,ORL,1697.0,,53,49,4
200904070HOU,RS,ORL,1711.0,,55,49,6
200904070HOU,RS,ORL,1722.0,,55,51,4
200904070HOU,RS,ORL,1751.0,,55,54,1
200904070HOU,RS,ORL,1813.0,,57,54,3
200904070HOU,RS,ORL,1849.0,,59,54,5
200904070HOU,RS,ORL,1946.0,,62,54,8
200904070HOU,RS,ORL,1970.0,,62,57,5
200904070HOU,RS,ORL,2021.0,,64,57,7
200904070HOU,RS,ORL,2080.0,,64,59,5
200904070HOU,RS,ORL,2144.6,,67,59,8
200904070HOU,RS,ORL,2201.0,,69,59,10
200904070HOU,RS,ORL,2250.0,,69,61,8
200904070HOU,RS,ORL,2331.0,,69,62,7
200904070HOU,RS,ORL,2353.0,,71,62,9
200904070HOU,RS,ORL,2392.0,,71,65,6
200904070HOU,RS,ORL,2409.0,,73,65,8
200904070HOU,RS,ORL,2409.0,,74,65,9
200904070HOU,RS,ORL,2448.0,,76,65,11
200904070HOU,RS,ORL,2465.0,,76,67,9
200904070HOU,RS,ORL,2479.0,,78,67,11
200904070HOU,RS,ORL,2506.0,,78,70,8
200904070HOU,RS,ORL,2525.0,,80,70,10
200904070HOU,RS,ORL,2536.0,,80,72,8
200904070HOU,RS,ORL,2552.0,,82,72,10
200904070HOU,RS,ORL,2648.0,,82,74,8
200904070HOU,RS,ORL,2671.0,,84,74,10
200904070HOU,RS,ORL,2803.0,,84,75,9
200904070HOU,RS,ORL,2803.0,,84,76,8
200904070HOU,RS,ORL,2806.0,,85,76,9
200904070HOU,RS,ORL,2822.6,,86,76,10
200904070HOU,RS,ORL,2822.6,,87,76,11
200904070HOU,RS,ORL,2828.5,,87,78,9
200904070HOU,RS,ORL,2829.5,,88,78,10
200904070HOU,RS,ORL,2844.2,,88,80,8
200904070HOU,RS,ORL,2844.2,,89,80,9
200904070HOU,RS,ORL,2845.2,,90,80,10
200904070HOU,RS,ORL,2845.2,,91,80,11
200904070HOU,RS,ORL,2858.8,,91,83,8
200904070HOU,RS,ORL,2860.3,,92,83,9
200904070HOU,RS,ORL,2860.3,F,93,83,10
200904070HOU,RS,ORL,2880.0,,93,83,10
200904090SAC,RS,SAC,0.0,,0,0,0
200904090SAC,RS,SAC,10.0,,0,2,-2
200904090SAC,RS,SAC,86.0,,1,2,-1
200904090SAC,RS,SAC,106.0,,1,4,-3
200904090SAC,RS,SAC,122.0,T,4,4,0
200904090SAC,RS,SAC,145.0,LC,6,4,2
200904090SAC,RS,SAC,162.0,LC,6,7,-1
200904090SAC,RS,SAC,180.0,LC,8,7,1
200904090SAC,RS,SAC,201.0,LC,8,9,-1
200904090SAC,RS,SAC,217.0,LC,10,9,1
200904090SAC,RS,SAC,239.0,,12,9,3
200904090SAC,RS,SAC,257.0,,12,11,1
200904090SAC,RS,SAC,281.0,LC,12,13,-1
200904090SAC,RS,SAC,296.0,LC,15,13,2
200904090SAC,RS,SAC,315.0,T,15,15,0
200904090SAC,RS,SAC,369.0,LC,15,16,-1
200904090SAC,RS,SAC,369.0,,15,17,-2
200904090SAC,RS,SAC,389.0,,15,19,-4
200904090SAC,RS,SAC,431.0,,17,19,-2
200904090SAC,RS,SAC,456.0,,17,22,-5
200904090SAC,RS,SAC,474.0,,20,22,-2
200904090SAC,RS,SAC,496.0,,20,24,-4
200904090SAC,RS,SAC,517.0,,23,24,-1
200904090SAC,RS,SAC,535.0,,23,27,-4
200904090SAC,RS,SAC,566.0,,25,27,-2
200904090SAC,RS,SAC,584.0,,25,29,-4
200904090SAC,RS,SAC,616.0,,25,31,-6
200904090SAC,RS,SAC,656.0,,28,31,-3
200904090SAC,RS,SAC,672.1,,28,33,-5
200904090SAC,RS,SAC,682.8,,29,33,-4
200904090SAC,RS,SAC,682.8,,30,33,-3
200904090SAC,RS,SAC,737.0,,32,33,-1
200904090SAC,RS,SAC,785.0,LC,34,33,1
200904090SAC,RS,SAC,834.0,LC,34,35,-1
200904090SAC,RS,SAC,857.0,,34,36,-2
200904090SAC,RS,SAC,857.0,,34,37,-3
200904090SAC,RS,SAC,876.0,,34,39,-5
200904090SAC,RS,SAC,890.0,,36,39,-3
200904090SAC,RS,SAC,912.0,,37,39,-2
200904090SAC,RS,SAC,912.0,,38,39,-1
200904090SAC,RS,SAC,990.0,,38,40,-2
200904090SAC,RS,SAC,990.0,,38,41,-3
200904090SAC,RS,SAC,1033.0,,38,43,-5
200904090SAC,RS,SAC,1060.0,,38,45,-7
200904090SAC,RS,SAC,1124.0,,40,45,-5
200904090SAC,RS,SAC,1167.0,,43,45,-2
200904090SAC,RS,SAC,1187.0,,43,47,-4
200904090SAC,RS,SAC,1243.0,,45,47,-2
200904090SAC,RS,SAC,1266.0,,45,49,-4
200904090SAC,RS,SAC,1351.0,,47,49,-2
200904090SAC,RS,SAC,1378.0,T,49,49,0
200904090SAC,RS,SAC,1393.4,,49,52,-3
200904090SAC,RS,SAC,1409.9,,49,54,-5
200904090SAC,RS,SAC,1488.0,,49,57,-8
200904090SAC,RS,SAC,1504.0,,52,57,-5
200904090SAC,RS,SAC,1543.0,,54,57,-3
200904090SAC,RS,SAC,1543.0,,55,57,-2
200904090SAC,RS,SAC,1567.0,,55,59,-4
200904090SAC,RS,SAC,1594.0,,55,61,-6
200904090SAC,RS,SAC,1643.0,,57,61,-4
200904090SAC,RS,SAC,1675.0,,59,61,-2
200904090SAC,RS,SAC,1700.0,,59,63,-4
200904090SAC,RS,SAC,1717.0,,61,63,-2
200904090SAC,RS,SAC,1794.0,T,63,63,0
200904090SAC,RS,SAC,1821.0,LC,65,63,2
200904090SAC,RS,SAC,1852.0,,68,63,5
200904090SAC,RS,SAC,1877.0,,68,66,2
200904090SAC,RS,SAC,1895.0,,70,66,4
200904090SAC,RS,SAC,1923.0,,70,68,2
200904090SAC,RS,SAC,1936.0,,71,68,3
200904090SAC,RS,SAC,1936.0,,72,68,4
200904090SAC,RS,SAC,1950.0,,72,70,2
200904090SAC,RS,SAC,1962.0,,74,70,4
200904090SAC,RS,SAC,1978.0,,74,71,3
200904090SAC,RS,SAC,1978.0,,74,72,2
200904090SAC,RS,SAC,1990.0,,77,72,5
200904090SAC,RS,SAC,2037.0,,79,72,7
200904090SAC,RS,SAC,2088.0,,81,72,9
200904090SAC,RS,SAC,2100.0,,81,73,8
200904090SAC,RS,SAC,2100.0,,81,74,7
200904090SAC,RS,SAC,2122.9,,83,74,9
200904090SAC,RS,SAC,2154.7,,85,74,11
200904090SAC,RS,SAC,2196.0,,87,74,13
200904090SAC,RS,SAC,2231.0,,89,74,15
200904090SAC,RS,SAC,2263.0,,91,74,17
200904090SAC,RS,SAC,2301.0,,92,74,18
200904090SAC,RS,SAC,2301.0,,93,74,19
200904090SAC,RS,SAC,2325.0,,93,77,16
200904090SAC,RS,SAC,2341.0,,96,77,19
200904090SAC,RS,SAC,2358.0,,96,80,16
200904090SAC,RS,SAC,2368.0,,96,83,13
200904090SAC,RS,SAC,2429.0,,98,83,15
200904090SAC,RS,SAC,2464.0,,100,83,17
200904090SAC,RS,SAC,2507.0,,102,83,19
200904090SAC,RS,SAC,2527.0,,102,85,17
200904090SAC,RS,SAC,2554.0,,102,87,15
200904090SAC,RS,SAC,2554.0,,102,88,14
200904090SAC,RS,SAC,2575.0,,104,88,16
200904090SAC,RS,SAC,2594.0,,104,90,14
200904090SAC,RS,SAC,2626.0,,106,90,16
200904090SAC,RS,SAC,2640.0,,106,91,15
200904090SAC,RS,SAC,2667.0,,106,92,14
200904090SAC,RS,SAC,2667.0,,106,93,13
200904090SAC,RS,SAC,2691.0,,108,93,15
200904090SAC,RS,SAC,2700.0,,108,95,13
200904090SAC,RS,SAC,2781.0,,110,95,15
200904090SAC,RS,SAC,2805.0,,110,98,12
200904090SAC,RS,SAC,2826.7,,112,98,14
200904090SAC,RS,SAC,2855.7,F,115,98,17
200904090SAC,RS,SAC,2880.0,,115,98,17
200904100GSW,RS,GSW,0.0,,0,0,0
200904100GSW,RS,GSW,75.0,,1,0,1
200904100GSW,RS,GSW,75.0,,2,0,2
200904100GSW,RS,GSW,87.0,T,2,2,0
200904100GSW,RS,GSW,107.0,,4,2,2
200904100GSW,RS,GSW,134.0,T,4,4,0
200904100GSW,RS,GSW,150.0,,6,4,2
200904100GSW,RS,GSW,178.0,,8,4,4
200904100GSW,RS,GSW,200.0,,8,6,2
200904100GSW,RS,GSW,227.0,T,8,8,0
200904100GSW,RS,GSW,273.0,,10,8,2
200904100GSW,RS,GSW,293.0,T,10,10,0
200904100GSW,RS,GSW,312.0,,12,10,2
200904100GSW,RS,GSW,312.0,,13,10,3
200904100GSW,RS,GSW,341.0,,14,10,4
200904100GSW,RS,GSW,358.0,,14,12,2
200904100GSW,RS,GSW,455.0,,16,12,4
200904100GSW,RS,GSW,469.0,,16,14,2
200904100GSW,RS,GSW,500.0,,18,14,4
200904100GSW,RS,GSW,533.0,,20,14,6
200904100GSW,RS,GSW,549.0,,20,16,4
200904100GSW,RS,GSW,592.0,,20,19,1
200904100GSW,RS,GSW,642.0,,21,19,2
200904100GSW,RS,GSW,663.7,,23,19,4
200904100GSW,RS,GSW,673.1,,23,20,3
200904100GSW,RS,GSW,686.2,,24,20,4
200904100GSW,RS,GSW,686.2,,25,20,5
200904100GSW,RS,GSW,745.0,,27,20,7
200904100GSW,RS,GSW,773.0,,27,22,5
200904100GSW,RS,GSW,793.0,,29,22,7
200904100GSW,RS,GSW,798.0,,29,23,6
200904100GSW,RS,GSW,798.0,,29,24,5
200904100GSW,RS,GSW,814.0,,29,26,3
200904100GSW,RS,GSW,833.0,,31,26,5
200904100GSW,RS,GSW,847.0,,31,29,2
200904100GSW,RS,GSW,873.0,,33,29,4
200904100GSW,RS,GSW,891.0,,33,31,2
200904100GSW,RS,GSW,909.0,T,33,33,0
200904100GSW,RS,GSW,932.0,,35,33,2
200904100GSW,RS,GSW,971.0,,35,34,1
200904100GSW,RS,GSW,971.0,T,35,35,0
200904100GSW,RS,GSW,1047.0,LC,35,36,-1
200904100GSW,RS,GSW,1047.0,,35,37,-2
200904100GSW,RS,GSW,1057.0,T,37,37,0
200904100GSW,RS,GSW,1074.0,,37,39,-2
200904100GSW,RS,GSW,1090.0,LC,40,39,1
200904100GSW,RS,GSW,1102.0,T,40,40,0
200904100GSW,RS,GSW,1115.0,LC,40,42,-2
200904100GSW,RS,GSW,1153.0,T,42,42,0
200904100GSW,RS,GSW,1235.0,LC,44,42,2
200904100GSW,RS,GSW,1255.0,T,44,44,0
200904100GSW,RS,GSW,1275.0,,46,44,2
200904100GSW,RS,GSW,1284.0,,46,45,1
200904100GSW,RS,GSW,1284.0,T,46,46,0
200904100GSW,RS,GSW,1284.0,LC,46,47,-1
200904100GSW,RS,GSW,1303.0,,46,49,-3
200904100GSW,RS,GSW,1318.0,T,49,49,0
200904100GSW,RS,GSW,1355.0,LC,52,49,3
200904100GSW,RS,GSW,1375.0,,52,51,1
200904100GSW,RS,GSW,1391.9,,54,51,3
200904100GSW,RS,GSW,1398.9,T,54,54,0
200904100GSW,RS,GSW,1407.1,,57,54,3
200904100GSW,RS,GSW,1425.9,,57,55,2
200904100GSW,RS,GSW,1425.9,,57,56,1
200904100GSW,RS,GSW,1438.1,,59,56,3
200904100GSW,RS,GSW,1454.0,,62,56,6
200904100GSW,RS,GSW,1513.0,,64,56,8
200904100GSW,RS,GSW,1535.0,,64,58,6
200904100GSW,RS,GSW,1585.0,,65,58,7
200904100GSW,RS,GSW,1629.0,,67,58,9
200904100GSW,RS,GSW,1713.0,,67,60,7
200904100GSW,RS,GSW,1751.0,,68,60,8
200904100GSW,RS,GSW,1751.0,,69,60,9
200904100GSW,RS,GSW,1766.0,,69,61,8
200904100GSW,RS,GSW,1766.0,,69,62,7
200904100GSW,RS,GSW,1786.0,,70,62,8
200904100GSW,RS,GSW,1786.0,,71,62,9
200904100GSW,RS,GSW,1824.0,,71,63,8
200904100GSW,RS,GSW,1824.0,,71,64,7
200904100GSW,RS,GSW,1852.0,,74,64,10
200904100GSW,RS,GSW,1876.0,,75,64,11
200904100GSW,RS,GSW,1941.0,,76,64,12
200904100GSW,RS,GSW,1941.0,,77,64,13
200904100GSW,RS,GSW,1956.0,,77,66,11
200904100GSW,RS,GSW,1968.0,,80,66,14
200904100GSW,RS,GSW,1984.0,,80,67,13
200904100GSW,RS,GSW,1984.0,,80,68,12
200904100GSW,RS,GSW,2006.0,,80,70,10
200904100GSW,RS,GSW,2030.0,,80,72,8
200904100GSW,RS,GSW,2030.0,,80,73,7
200904100GSW,RS,GSW,2068.0,,80,75,5
200904100GSW,RS,GSW,2081.0,,81,75,6
200904100GSW,RS,GSW,2100.9,,83,75,8
200904100GSW,RS,GSW,2100.9,,84,75,9
200904100GSW,RS,GSW,2117.4,,84,76,8
200904100GSW,RS,GSW,2126.6,,84,77,7
200904100GSW,RS,GSW,2148.0,,86,77,9
200904100GSW,RS,GSW,2157.3,,86,79,7
200904100GSW,RS,GSW,2184.0,,88,79,9
200904100GSW,RS,GSW,2195.0,,88,81,7
200904100GSW,RS,GSW,2210.0,,90,81,9
200904100GSW,RS,GSW,2238.0,,92,81,11
200904100GSW,RS,GSW,2270.0,,92,82,10
200904100GSW,RS,GSW,2299.0,,94,82,12
200904100GSW,RS,GSW,2340.0,,96,82,14
200904100GSW,RS,GSW,2350.0,,96,83,13
200904100GSW,RS,GSW,2350.0,,96,84,12
200904100GSW,RS,GSW,2377.0,,96,85,11
200904100GSW,RS,GSW,2377.0,,96,86,10
200904100GSW,RS,GSW,2423.0,,96,88,8
200904100GSW,RS,GSW,2496.0,,98,88,10
200904100GSW,RS,GSW,2521.0,,98,89,9
200904100GSW,RS,GSW,2521.0,,98,90,8
200904100GSW,RS,GSW,2544.0,,100,90,10
200904100GSW,RS,GSW,2559.0,,100,92,8
200904100GSW,RS,GSW,2585.0,,101,92,9
200904100GSW,RS,GSW,2585.0,,102,92,10
200904100GSW,RS,GSW,2609.0,,102,94,8
200904100GSW,RS,GSW,2667.0,,102,95,7
200904100GSW,RS,GSW,2667.0,,102,96,6
200904100GSW,RS,GSW,2715.0,,104,96,8
200904100GSW,RS,GSW,2715.0,,105,96,9
200904100GSW,RS,GSW,2775.0,,105,99,6
200904100GSW,RS,GSW,2801.0,,107,99,8
200904100GSW,RS,GSW,2819.0,,107,101,6
200904100GSW,RS,GSW,2846.0,,107,103,4
200904100GSW,RS,GSW,2866.6,,108,103,5
200904100GSW,RS,GSW,2866.6,,109,103,6
200904100GSW,RS,GSW,2873.6,,109,106,3
200904100GSW,RS,GSW,2874.2,,110,106,4
200904100GSW,RS,GSW,2874.2,,111,106,5
200904100GSW,RS,GSW,2876.6,,111,109,2
200904100GSW,RS,GSW,2877.5,,112,109,3
200904100GSW,RS,GSW,2877.5,F,113,109,4
200904100GSW,RS,GSW,2880.0,,113,109,4
200904130HOU,RS,NOH,0.0,,0,0,0
200904130HOU,RS,NOH,22.0,,2,0,2
200904130HOU,RS,NOH,87.0,,4,0,4
200904130HOU,RS,NOH,103.0,,4,2,2
200904130HOU,RS,NOH,151.0,,6,2,4
200904130HOU,RS,NOH,195.0,,6,4,2
200904130HOU,RS,NOH,255.0,,8,4,4
200904130HOU,RS,NOH,271.0,,8,6,2
200904130HOU,RS,NOH,288.0,,9,6,3
200904130HOU,RS,NOH,288.0,,10,6,4
200904130HOU,RS,NOH,315.0,,10,8,2
200904130HOU,RS,NOH,340.0,,10,9,1
200904130HOU,RS,NOH,340.0,T,10,10,0
200904130HOU,RS,NOH,353.0,,12,10,2
200904130HOU,RS,NOH,470.0,T,12,12,0
200904130HOU,RS,NOH,490.0,,14,12,2
200904130HOU,RS,NOH,513.0,T,14,14,0
200904130HOU,RS,NOH,530.0,,17,14,3
200904130HOU,RS,NOH,543.0,,17,16,1
200904130HOU,RS,NOH,589.0,LC,17,18,-1
200904130HOU,RS,NOH,618.0,,17,20,-3
200904130HOU,RS,NOH,687.5,,17,22,-5
200904130HOU,RS,NOH,720.0,,19,22,-3
200904130HOU,RS,NOH,739.0,,19,24,-5
200904130HOU,RS,NOH,764.0,,21,24,-3
200904130HOU,RS,NOH,796.0,,21,27,-6
200904130HOU,RS,NOH,840.0,,22,27,-5
200904130HOU,RS,NOH,840.0,,23,27,-4
200904130HOU,RS,NOH,856.0,,23,29,-6
200904130HOU,RS,NOH,867.0,,25,29,-4
200904130HOU,RS,NOH,900.0,,25,31,-6
200904130HOU,RS,NOH,926.0,,27,31,-4
200904130HOU,RS,NOH,947.0,,29,31,-2
200904130HOU,RS,NOH,992.0,LC,32,31,1
200904130HOU,RS,NOH,1053.0,,34,31,3
200904130HOU,RS,NOH,1094.0,,36,31,5
200904130HOU,RS,NOH,1170.0,,39,31,8
200904130HOU,RS,NOH,1255.0,,40,31,9
200904130HOU,RS,NOH,1255.0,,41,31,10
200904130HOU,RS,NOH,1276.0,,43,31,12
200904130HOU,RS,NOH,1297.0,,43,33,10
200904130HOU,RS,NOH,1314.0,,44,33,11
200904130HOU,RS,NOH,1314.0,,45,33,12
200904130HOU,RS,NOH,1324.0,,45,34,11
200904130HOU,RS,NOH,1324.0,,45,35,10
200904130HOU,RS,NOH,1400.3,,46,35,11
200904130HOU,RS,NOH,1400.3,,47,35,12
200904130HOU,RS,NOH,1476.0,,49,35,14
200904130HOU,RS,NOH,1575.0,,51,35,16
200904130HOU,RS,NOH,1612.0,,53,35,18
200904130HOU,RS,NOH,1676.0,,53,37,16
200904130HOU,RS,NOH,1758.0,,55,37,18
200904130HOU,RS,NOH,1792.0,,57,37,20
200904130HOU,RS,NOH,1821.0,,57,39,18
200904130HOU,RS,NOH,1849.0,,57,40,17
200904130HOU,RS,NOH,1862.0,,59,40,19
200904130HOU,RS,NOH,1862.0,,60,40,20
200904130HOU,RS,NOH,1894.0,,60,42,18
200904130HOU,RS,NOH,1925.0,,63,42,21
200904130HOU,RS,NOH,1972.0,,65,42,23
200904130HOU,RS,NOH,2047.0,,65,44,21
200904130HOU,RS,NOH,2065.0,,67,44,23
200904130HOU,RS,NOH,2114.9,,67,46,21
200904130HOU,RS,NOH,2212.0,,69,46,23
200904130HOU,RS,NOH,2229.0,,69,48,21
200904130HOU,RS,NOH,2247.0,,70,48,22
200904130HOU,RS,NOH,2247.0,,71,48,23
200904130HOU,RS,NOH,2272.0,,71,50,21
200904130HOU,RS,NOH,2295.0,,73,50,23
200904130HOU,RS,NOH,2344.0,,73,53,20
200904130HOU,RS,NOH,2393.0,,75,53,22
200904130HOU,RS,NOH,2451.0,,77,53,24
200904130HOU,RS,NOH,2481.0,,79,53,26
200904130HOU,RS,NOH,2500.0,,79,56,23
200904130HOU,RS,NOH,2568.0,,79,58,21
200904130HOU,RS,NOH,2588.0,,79,60,19
200904130HOU,RS,NOH,2608.0,,81,60,21
200904130HOU,RS,NOH,2704.0,,84,60,24
200904130HOU,RS,NOH,2723.0,,84,63,21
200904130HOU,RS,NOH,2744.0,,86,63,23
200904130HOU,RS,NOH,2766.0,,86,64,22
200904130HOU,RS,NOH,2839.9,F,86,66,20
200904130HOU,RS,NOH,2880.0,,86,66,20
200904150DAL,RS,DAL,0.0,,0,0,0
200904150DAL,RS,DAL,58.0,,3,0,3
200904150DAL,RS,DAL,87.0,,5,0,5
200904150DAL,RS,DAL,150.0,,5,2,3
200904150DAL,RS,DAL,217.0,,5,4,1
200904150DAL,RS,DAL,255.0,LC,5,7,-2
200904150DAL,RS,DAL,280.0,,5,9,-4
200904150DAL,RS,DAL,323.0,,5,11,-6
200904150DAL,RS,DAL,345.0,,8,11,-3
200904150DAL,RS,DAL,363.0,,8,13,-5
200904150DAL,RS,DAL,381.0,,10,13,-3
200904150DAL,RS,DAL,424.0,,10,15,-5
200904150DAL,RS,DAL,443.0,,12,15,-3
200904150DAL,RS,DAL,459.0,,12,17,-5
200904150DAL,RS,DAL,485.0,,12,19,-7
200904150DAL,RS,DAL,559.0,,14,19,-5
200904150DAL,RS,DAL,577.0,,14,21,-7
200904150DAL,RS,DAL,620.0,,14,24,-10
200904150DAL,RS,DAL,650.0,,17,24,-7
200904150DAL,RS,DAL,660.0,,19,24,-5
200904150DAL,RS,DAL,717.8,,19,26,-7
200904150DAL,RS,DAL,748.0,,19,28,-9
200904150DAL,RS,DAL,766.0,,21,28,-7
200904150DAL,RS,DAL,801.0,,23,28,-5
200904150DAL,RS,DAL,821.0,,23,30,-7
200904150DAL,RS,DAL,855.0,,25,30,-5
200904150DAL,RS,DAL,958.0,,25,32,-7
200904150DAL,RS,DAL,979.0,,27,32,-5
200904150DAL,RS,DAL,979.0,,28,32,-4
200904150DAL,RS,DAL,1002.0,,28,34,-6
200904150DAL,RS,DAL,1052.0,,30,34,-4
200904150DAL,RS,DAL,1085.0,,32,34,-2
200904150DAL,RS,DAL,1117.0,T,34,34,0
200904150DAL,RS,DAL,1131.0,,34,36,-2
200904150DAL,RS,DAL,1160.0,T,36,36,0
200904150DAL,RS,DAL,1175.0,,36,37,-1
200904150DAL,RS,DAL,1175.0,,36,38,-2
200904150DAL,RS,DAL,1191.0,T,38,38,0
200904150DAL,RS,DAL,1233.0,LC,41,38,3
200904150DAL,RS,DAL,1282.0,,43,38,5
200904150DAL,RS,DAL,1301.0,,43,40,3
200904150DAL,RS,DAL,1325.0,,45,40,5
200904150DAL,RS,DAL,1345.0,,45,41,4
200904150DAL,RS,DAL,1358.0,,47,41,6
200904150DAL,RS,DAL,1358.0,,48,41,7
200904150DAL,RS,DAL,1387.8,,48,42,6
200904150DAL,RS,DAL,1406.0,,50,42,8
200904150DAL,RS,DAL,1457.0,,52,42,10
200904150DAL,RS,DAL,1525.0,,54,42,12
200904150DAL,RS,DAL,1547.0,,54,44,10
200904150DAL,RS,DAL,1566.0,,56,44,12
200904150DAL,RS,DAL,1595.0,,58,44,14
200904150DAL,RS,DAL,1672.0,,58,46,12
200904150DAL,RS,DAL,1690.0,,60,46,14
200904150DAL,RS,DAL,1736.0,,60,47,13
200904150DAL,RS,DAL,1806.0,,61,47,14
200904150DAL,RS,DAL,1820.0,,61,48,13
200904150DAL,RS,DAL,1820.0,,61,49,12
200904150DAL,RS,DAL,1855.0,,61,51,10
200904150DAL,RS,DAL,1875.0,,63,51,12
200904150DAL,RS,DAL,1896.0,,63,52,11
200904150DAL,RS,DAL,1896.0,,63,53,10
200904150DAL,RS,DAL,1922.0,,63,54,9
200904150DAL,RS,DAL,1922.0,,63,55,8
200904150DAL,RS,DAL,1960.0,,63,57,6
200904150DAL,RS,DAL,1989.0,,63,59,4
200904150DAL,RS,DAL,2017.0,,63,61,2
200904150DAL,RS,DAL,2017.0,,63,62,1
200904150DAL,RS,DAL,2044.0,,64,62,2
200904150DAL,RS,DAL,2060.0,,64,63,1
200904150DAL,RS,DAL,2075.0,,65,63,2
200904150DAL,RS,DAL,2092.0,T,65,65,0
200904150DAL,RS,DAL,2109.4,,67,65,2
200904150DAL,RS,DAL,2109.4,,68,65,3
200904150DAL,RS,DAL,2149.0,,70,65,5
200904150DAL,RS,DAL,2180.0,,70,67,3
200904150DAL,RS,DAL,2257.0,,70,69,1
200904150DAL,RS,DAL,2280.0,,71,69,2
200904150DAL,RS,DAL,2280.0,,72,69,3
200904150DAL,RS,DAL,2294.0,T,72,72,0
200904150DAL,RS,DAL,2363.0,,74,72,2
200904150DAL,RS,DAL,2415.0,,76,72,4
200904150DAL,RS,DAL,2442.0,,76,75,1
200904150DAL,RS,DAL,2479.0,LC,76,78,-2
200904150DAL,RS,DAL,2517.0,,76,80,-4
200904150DAL,RS,DAL,2535.0,,77,80,-3
200904150DAL,RS,DAL,2535.0,,78,80,-2
200904150DAL,RS,DAL,2578.0,T,80,80,0
200904150DAL,RS,DAL,2591.0,,80,82,-2
200904150DAL,RS,DAL,2636.0,,80,85,-5
200904150DAL,RS,DAL,2675.0,,80,87,-7
200904150DAL,RS,DAL,2694.0,,81,87,-6
200904150DAL,RS,DAL,2694.0,,82,87,-5
200904150DAL,RS,DAL,2710.0,,82,89,-7
200904150DAL,RS,DAL,2731.0,,82,91,-9
200904150DAL,RS,DAL,2783.0,,82,93,-11
200904150DAL,RS,DAL,2789.0,,83,93,-10
200904150DAL,RS,DAL,2789.0,,84,93,-9
200904150DAL,RS,DAL,2820.0,,84,94,-10
200904150DAL,RS,DAL,2820.0,F,84,95,-11
200904150DAL,RS,DAL,2880.0,,84,95,-11
200904180POR,PO,POR,0.0,,0,0,0
200904180POR,PO,POR,23.0,,2,0,2
200904180POR,PO,POR,59.0,,4,0,4
200904180POR,PO,POR,59.0,,5,0,5
200904180POR,PO,POR,107.0,,7,0,7
200904180POR,PO,POR,128.0,,7,2,5
200904180POR,PO,POR,151.0,,9,2,7
200904180POR,PO,POR,196.0,,11,2,9
200904180POR,PO,POR,228.0,,11,4,7
200904180POR,PO,POR,258.0,,11,6,5
200904180POR,PO,POR,285.0,,11,8,3
200904180POR,PO,POR,308.0,,13,8,5
200904180POR,PO,POR,308.0,,14,8,6
200904180POR,PO,POR,320.0,,14,10,4
200904180POR,PO,POR,335.0,,16,10,6
200904180POR,PO,POR,355.0,,16,12,4
200904180POR,PO,POR,371.0,,18,12,6
200904180POR,PO,POR,394.0,,18,14,4
200904180POR,PO,POR,411.0,,20,14,6
200904180POR,PO,POR,411.0,,21,14,7
200904180POR,PO,POR,456.0,,21,16,5
200904180POR,PO,POR,472.0,,24,16,8
200904180POR,PO,POR,500.0,,26,16,10
200904180POR,PO,POR,519.0,,26,18,8
200904180POR,PO,POR,533.0,,28,18,10
200904180POR,PO,POR,548.0,,28,20,8
200904180POR,PO,POR,588.0,,30,20,10
200904180POR,PO,POR,612.0,,30,23,7
200904180POR,PO,POR,629.0,,32,23,9
200904180POR,PO,POR,669.1,,34,23,11
200904180POR,PO,POR,757.0,,36,23,13
200904180POR,PO,POR,769.0,,36,25,11
200904180POR,PO,POR,769.0,,36,26,10
200904180POR,PO,POR,783.0,,37,26,11
200904180POR,PO,POR,783.0,,38,26,12
200904180POR,PO,POR,808.0,,40,26,14
200904180POR,PO,POR,877.0,,40,28,12
200904180POR,PO,POR,954.0,,40,30,10
200904180POR,PO,POR,976.0,,41,30,11
200904180POR,PO,POR,976.0,,42,30,12
200904180POR,PO,POR,1013.0,,42,32,10
200904180POR,PO,POR,1013.0,,42,33,9
200904180POR,PO,POR,1029.0,,43,33,10
200904180POR,PO,POR,1029.0,,44,33,11
200904180POR,PO,POR,1050.0,,44,35,9
200904180POR,PO,POR,1163.0,,44,37,7
200904180POR,PO,POR,1180.0,,46,37,9
200904180POR,PO,POR,1200.0,,46,39,7
200904180POR,PO,POR,1217.0,,47,39,8
200904180POR,PO,POR,1217.0,,48,39,9
200904180POR,PO,POR,1259.0,,51,39,12
200904180POR,PO,POR,1299.0,,53,39,14
200904180POR,PO,POR,1317.0,,53,41,12
200904180POR,PO,POR,1334.0,,56,41,15
200904180POR,PO,POR,1355.0,,58,41,17
200904180POR,PO,POR,1429.1,,59,41,18
200904180POR,PO,POR,1429.1,,60,41,19
200904180POR,PO,POR,1435.6,,60,43,17
200904180POR,PO,POR,1435.6,,60,44,16
200904180POR,PO,POR,1439.9,,62,44,18
200904180POR,PO,POR,1479.0,,63,44,19
200904180POR,PO,POR,1479.0,,64,44,20
200904180POR,PO,POR,1479.0,,65,44,21
200904180POR,PO,POR,1512.0,,67,44,23
200904180POR,PO,POR,1532.0,,68,44,24
200904180POR,PO,POR,1553.0,,68,46,22
200904180POR,PO,POR,1574.0,,70,46,24
200904180POR,PO,POR,1587.0,,70,47,23
200904180POR,PO,POR,1618.0,,70,49,21
200904180POR,PO,POR,1673.0,,71,49,22
200904180POR,PO,POR,1673.0,,72,49,23
200904180POR,PO,POR,1705.0,,73,49,24
200904180POR,PO,POR,1705.0,,74,49,25
200904180POR,PO,POR,1720.0,,74,51,23
200904180POR,PO,POR,1754.0,,74,53,21
200904180POR,PO,POR,1859.0,,74,55,19
200904180POR,PO,POR,1922.0,,76,55,21
200904180POR,PO,POR,1961.0,,78,55,23
200904180POR,PO,POR,2002.0,,80,55,25
200904180POR,PO,POR,2017.0,,80,56,24
200904180POR,PO,POR,2066.0,,82,56,26
200904180POR,PO,POR,2105.1,,82,58,24
200904180POR,PO,POR,2154.1,,85,58,27
200904180POR,PO,POR,2176.0,,88,58,30
200904180POR,PO,POR,2201.0,,88,60,28
200904180POR,PO,POR,2242.0,,88,62,26
200904180POR,PO,POR,2299.0,,90,62,28
200904180POR,PO,POR,2320.0,,90,64,26
200904180POR,PO,POR,2340.0,,93,64,29
200904180POR,PO,POR,2354.0,,93,66,27
200904180POR,PO,POR,2354.0,,93,67,26
200904180POR,PO,POR,2373.0,,94,67,27
200904180POR,PO,POR,2373.0,,95,67,28
200904180POR,PO,POR,2397.0,,98,67,31
200904180POR,PO,POR,2452.0,,98,68,30
200904180POR,PO,POR,2494.0,,98,70,28
200904180POR,PO,POR,2494.0,,98,71,27
200904180POR,PO,POR,2516.0,,100,71,29
200904180POR,PO,POR,2585.0,,100,73,27
200904180POR,PO,POR,2605.0,,102,73,29
200904180POR,PO,POR,2648.0,,104,73,31
200904180POR,PO,POR,2668.0,,104,75,29
200904180POR,PO,POR,2718.0,,104,76,28
200904180POR,PO,POR,2726.0,,104,77,27
200904180POR,PO,POR,2737.0,,105,77,28
200904180POR,PO,POR,2827.0,,105,79,26
200904180POR,PO,POR,2845.1,,108,79,29
200904180POR,PO,POR,2860.1,F,108,81,27
200904180POR,PO,POR,2880.0,,108,81,27
200904210POR,PO,POR,0.0,,0,0,0
200904210POR,PO,POR,25.0,,0,2,-2
200904210POR,PO,POR,41.0,T,2,2,0
200904210POR,PO,POR,59.0,,2,4,-2
200904210POR,PO,POR,107.0,T,4,4,0
200904210POR,PO,POR,135.0,LC,6,4,2
200904210POR,PO,POR,148.0,LC,6,7,-1
200904210POR,PO,POR,198.0,LC,8,7,1
200904210POR,PO,POR,213.0,LC,8,9,-1
200904210POR,PO,POR,228.0,LC,10,9,1
200904210POR,PO,POR,240.0,T,10,10,0
200904210POR,PO,POR,260.0,,11,10,1
200904210POR,PO,POR,265.0,,13,10,3
200904210POR,PO,POR,285.0,T,13,13,0
200904210POR,PO,POR,298.0,,14,13,1
200904210POR,PO,POR,298.0,,15,13,2
200904210POR,PO,POR,314.0,T,15,15,0
200904210POR,PO,POR,361.0,,17,15,2
200904210POR,PO,POR,470.0,,19,15,4
200904210POR,PO,POR,489.0,,19,17,2
200904210POR,PO,POR,497.0,,22,17,5
200904210POR,PO,POR,510.0,,22,18,4
200904210POR,PO,POR,585.0,,24,18,6
200904210POR,PO,POR,597.0,,24,20,4
200904210POR,PO,POR,643.0,,24,21,3
200904210POR,PO,POR,643.0,,24,22,2
200904210POR,PO,POR,651.0,T,24,24,0
200904210POR,PO,POR,669.8,,25,24,1
200904210POR,PO,POR,669.8,,26,24,2
200904210POR,PO,POR,681.4,,26,25,1
200904210POR,PO,POR,718.4,LC,26,28,-2
200904210POR,PO,POR,749.0,,26,30,-4
200904210POR,PO,POR,771.0,,27,30,-3
200904210POR,PO,POR,771.0,,28,30,-2
200904210POR,PO,POR,865.0,,29,30,-1
200904210POR,PO,POR,886.0,,29,32,-3
200904210POR,PO,POR,907.0,,31,32,-1
200904210POR,PO,POR,940.0,T,32,32,0
200904210POR,PO,POR,957.0,,32,34,-2
200904210POR,PO,POR,980.0,T,34,34,0
200904210POR,PO,POR,995.0,,34,36,-2
200904210POR,PO,POR,1012.0,,35,36,-1
200904210POR,PO,POR,1023.0,,35,38,-3
200904210POR,PO,POR,1023.0,,35,39,-4
200904210POR,PO,POR,1034.0,,37,39,-2
200904210POR,PO,POR,1070.0,T,39,39,0
200904210POR,PO,POR,1101.0,LC,40,39,1
200904210POR,PO,POR,1137.0,,41,39,2
200904210POR,PO,POR,1137.0,,42,39,3
200904210POR,PO,POR,1147.0,,42,41,1
200904210POR,PO,POR,1166.0,,44,41,3
200904210POR,PO,POR,1181.0,,44,43,1
200904210POR,PO,POR,1200.0,,46,43,3
200904210POR,PO,POR,1213.0,,46,45,1
200904210POR,PO,POR,1234.0,,49,45,4
200904210POR,PO,POR,1254.0,,49,47,2
200904210POR,PO,POR,1277.0,,51,47,4
200904210POR,PO,POR,1290.0,,51,49,2
200904210POR,PO,POR,1338.0,T,51,51,0
200904210POR,PO,POR,1360.0,LC,51,53,-2
200904210POR,PO,POR,1453.0,,51,54,-3
200904210POR,PO,POR,1504.0,,53,54,-1
200904210POR,PO,POR,1545.0,LC,55,54,1
200904210POR,PO,POR,1581.0,,57,54,3
200904210POR,PO,POR,1622.0,,59,54,5
200904210POR,PO,POR,1634.0,,59,56,3
200904210POR,PO,POR,1650.0,,61,56,5
200904210POR,PO,POR,1699.0,,63,56,7
200904210POR,PO,POR,1723.0,,63,58,5
200904210POR,PO,POR,1759.0,,63,60,3
200904210POR,PO,POR,1799.0,,63,62,1
200904210POR,PO,POR,1835.0,T,63,63,0
200904210POR,PO,POR,1835.0,LC,63,64,-1
200904210POR,PO,POR,1905.0,,63,66,-3
200904210POR,PO,POR,1931.0,,65,66,-1
200904210POR,PO,POR,1952.0,,65,67,-2
200904210POR,PO,POR,1987.0,,65,68,-3
200904210POR,PO,POR,1987.0,,65,69,-4
200904210POR,PO,POR,2018.0,,65,70,-5
200904210POR,PO,POR,2060.0,,65,72,-7
200904210POR,PO,POR,2084.0,,67,72,-5
200904210POR,PO,POR,2132.1,,70,72,-2
200904210POR,PO,POR,2157.4,T,72,72,0
200904210POR,PO,POR,2191.0,,72,75,-3
200904210POR,PO,POR,2224.0,,72,77,-5
200904210POR,PO,POR,2245.0,,74,77,-3
200904210POR,PO,POR,2245.0,,75,77,-2
200904210POR,PO,POR,2259.0,T,77,77,0
200904210POR,PO,POR,2284.0,,77,78,-1
200904210POR,PO,POR,2327.0,T,78,78,0
200904210POR,PO,POR,2372.0,LC,81,78,3
200904210POR,PO,POR,2391.0,,81,79,2
200904210POR,PO,POR,2410.0,,83,79,4
200904210POR,PO,POR,2428.0,,83,81,2
200904210POR,PO,POR,2446.0,,84,81,3
200904210POR,PO,POR,2446.0,,85,81,4
200904210POR,PO,POR,2500.0,,85,83,2
200904210POR,PO,POR,2515.0,,86,83,3
200904210POR,PO,POR,2538.0,,86,85,1
200904210POR,PO,POR,2553.0,,87,85,2
200904210POR,PO,POR,2569.0,,87,86,1
200904210POR,PO,POR,2569.0,T,87,87,0
200904210POR,PO,POR,2580.0,,88,87,1
200904210POR,PO,POR,2580.0,,89,87,2
200904210POR,PO,POR,2595.0,T,89,89,0
200904210POR,PO,POR,2639.0,LC,89,91,-2
200904210POR,PO,POR,2661.0,,90,91,-1
200904210POR,PO,POR,2675.0,,90,93,-3
200904210POR,PO,POR,2736.0,,90,96,-6
200904210POR,PO,POR,2817.0,,90,98,-8
200904210POR,PO,POR,2823.6,,92,98,-6
200904210POR,PO,POR,2840.9,,92,99,-7
200904210POR,PO,POR,2840.9,,92,100,-8
200904210POR,PO,POR,2852.1,,95,100,-5
200904210POR,PO,POR,2853.0,,95,101,-6
200904210POR,PO,POR,2853.0,,95,102,-7
200904210POR,PO,POR,2860.5,,95,103,-8
200904210POR,PO,POR,2867.1,,97,103,-6
200904210POR,PO,POR,2868.2,,97,104,-7
200904210POR,PO,POR,2873.1,,100,104,-4
200904210POR,PO,POR,2874.6,,100,105,-5
200904210POR,PO,POR,2878.1,,103,105,-2
200904210POR,PO,POR,2878.5,,103,106,-3
200904210POR,PO,POR,2878.5,F,103,107,-4
200904210POR,PO,POR,2880.0,,103,107,-4
200904240HOU,PO,POR,0.0,,0,0,0
200904240HOU,PO,POR,24.0,,0,2,-2
200904240HOU,PO,POR,39.0,T,2,2,0
200904240HOU,PO,POR,87.0,,2,4,-2
200904240HOU,PO,POR,170.0,T,4,4,0
200904240HOU,PO,POR,219.0,LC,6,4,2
200904240HOU,PO,POR,250.0,,8,4,4
200904240HOU,PO,POR,284.0,,8,6,2
200904240HOU,PO,POR,307.0,,9,6,3
200904240HOU,PO,POR,389.0,,11,6,5
200904240HOU,PO,POR,432.0,,13,6,7
200904240HOU,PO,POR,512.0,,15,6,9
200904240HOU,PO,POR,573.0,,15,8,7
200904240HOU,PO,POR,639.0,,16,8,8
200904240HOU,PO,POR,639.0,,17,8,9
200904240HOU,PO,POR,647.0,,17,10,7
200904240HOU,PO,POR,667.1,,19,10,9
200904240HOU,PO,POR,680.3,,19,12,7
200904240HOU,PO,POR,692.2,,21,12,9
200904240HOU,PO,POR,709.2,,21,15,6
200904240HOU,PO,POR,763.0,,23,15,8
200904240HOU,PO,POR,785.0,,23,16,7
200904240HOU,PO,POR,785.0,,23,17,6
200904240HOU,PO,POR,805.0,,25,17,8
200904240HOU,PO,POR,820.0,,25,20,5
200904240HOU,PO,POR,833.0,,27,20,7
200904240HOU,PO,POR,871.0,,29,20,9
200904240HOU,PO,POR,871.0,,30,20,10
200904240HOU,PO,POR,908.0,,30,22,8
200904240HOU,PO,POR,925.0,,32,22,10
200904240HOU,PO,POR,953.0,,34,22,12
200904240HOU,PO,POR,1014.0,,34,25,9
200904240HOU,PO,POR,1030.0,,36,25,11
200904240HOU,PO,POR,1065.0,,38,25,13
200904240HOU,PO,POR,1097.0,,40,25,15
200904240HOU,PO,POR,1124.0,,40,27,13
200904240HOU,PO,POR,1210.0,,41,27,14
200904240HOU,PO,POR,1262.0,,41,29,12
200904240HOU,PO,POR,1277.0,,43,29,14
200904240HOU,PO,POR,1320.0,,43,31,12
200904240HOU,PO,POR,1320.0,,43,32,11
200904240HOU,PO,POR,1356.0,,45,32,13
200904240HOU,PO,POR,1374.0,,45,34,11
200904240HOU,PO,POR,1398.5,,47,34,13
200904240HOU,PO,POR,1408.5,,47,35,12
200904240HOU,PO,POR,1425.7,,48,35,13
200904240HOU,PO,POR,1435.9,,48,36,12
200904240HOU,PO,POR,1435.9,,48,37,11
200904240HOU,PO,POR,1526.0,,50,37,13
200904240HOU,PO,POR,1554.0,,51,37,14
200904240HOU,PO,POR,1554.0,,52,37,15
200904240HOU,PO,POR,1598.0,,54,37,17
200904240HOU,PO,POR,1687.0,,54,40,14
200904240HOU,PO,POR,1721.0,,54,42,12
200904240HOU,PO,POR,1773.0,,54,44,10
200904240HOU,PO,POR,1797.0,,57,44,13
200904240HOU,PO,POR,1814.0,,57,46,11
200904240HOU,PO,POR,1841.0,,57,48,9
200904240HOU,PO,POR,1880.0,,57,50,7
200904240HOU,PO,POR,1903.0,,59,50,9
200904240HOU,PO,POR,1929.0,,59,52,7
200904240HOU,PO,POR,1965.0,,61,52,9
200904240HOU,PO,POR,1986.0,,61,54,7
200904240HOU,PO,POR,2010.0,,63,54,9
200904240HOU,PO,POR,2092.0,,66,54,12
200904240HOU,PO,POR,2110.6,,66,55,11
200904240HOU,PO,POR,2110.6,,66,56,10
200904240HOU,PO,POR,2153.6,,66,59,7
200904240HOU,PO,POR,2176.0,,66,61,5
200904240HOU,PO,POR,2193.0,,68,61,7
200904240HOU,PO,POR,2344.0,,69,61,8
200904240HOU,PO,POR,2344.0,,70,61,9
200904240HOU,PO,POR,2375.0,,72,61,11
200904240HOU,PO,POR,2408.0,,72,64,8
200904240HOU,PO,POR,2449.0,,72,66,6
200904240HOU,PO,POR,2549.0,,73,66,7
200904240HOU,PO,POR,2575.0,,73,69,4
200904240HOU,PO,POR,2607.0,,76,69,7
200904240HOU,PO,POR,2640.0,,77,69,8
200904240HOU,PO,POR,2640.0,,78,69,9
200904240HOU,PO,POR,2723.0,,78,71,7
200904240HOU,PO,POR,2723.0,,78,72,6
200904240HOU,PO,POR,2794.0,,78,74,4
200904240HOU,PO,POR,2817.0,,80,74,6
200904240HOU,PO,POR,2856.1,,80,77,3
200904240HOU,PO,POR,2859.6,,81,77,4
200904240HOU,PO,POR,2862.2,,81,80,1
200904240HOU,PO,POR,2863.1,,82,80,2
200904240HOU,PO,POR,2863.1,,83,80,3
200904240HOU,PO,POR,2871.0,,84,80,4
200904240HOU,PO,POR,2871.0,,85,80,5
200904240HOU,PO,POR,2876.5,,85,83,2
200904240HOU,PO,POR,2877.3,F,86,83,3
200904240HOU,PO,POR,2880.0,,86,83,3
200904260HOU,PO,POR,0.0,,0,0,0
200904260HOU,PO,POR,21.0,,2,0,2
200904260HOU,PO,POR,47.0,T,2,2,0
200904260HOU,PO,POR,66.0,,4,2,2
200904260HOU,PO,POR,80.0,T,4,4,0
200904260HOU,PO,POR,169.0,LC,4,7,-3
200904260HOU,PO,POR,203.0,,4,9,-5
200904260HOU,PO,POR,235.0,,4,11,-7
200904260HOU,PO,POR,304.0,,6,11,-5
200904260HOU,PO,POR,322.0,,6,13,-7
200904260HOU,PO,POR,350.0,,9,13,-4
200904260HOU,PO,POR,400.0,,11,13,-2
200904260HOU,PO,POR,459.0,,12,13,-1
200904260HOU,PO,POR,459.0,T,13,13,0
200904260HOU,PO,POR,487.0,LC,15,13,2
200904260HOU,PO,POR,530.0,,17,13,4
200904260HOU,PO,POR,557.0,,17,15,2
200904260HOU,PO,POR,563.0,,18,15,3
200904260HOU,PO,POR,563.0,,19,15,4
200904260HOU,PO,POR,582.0,,22,15,7
200904260HOU,PO,POR,623.0,,22,17,5
200904260HOU,PO,POR,639.0,,24,17,7
200904260HOU,PO,POR,639.0,,25,17,8
200904260HOU,PO,POR,655.0,,25,19,6
200904260HOU,PO,POR,669.6,,27,19,8
200904260HOU,PO,POR,701.0,,30,19,11
200904260HOU,PO,POR,719.0,,30,22,8
200904260HOU,PO,POR,811.0,,30,24,6
200904260HOU,PO,POR,821.0,,31,24,7
200904260HOU,PO,POR,821.0,,32,24,8
200904260HOU,PO,POR,899.0,,35,24,11
200904260HOU,PO,POR,918.0,,35,26,9
200904260HOU,PO,POR,943.0,,35,29,6
200904260HOU,PO,POR,966.0,,37,29,8
200904260HOU,PO,POR,1002.0,,37,31,6
200904260HOU,PO,POR,1068.0,,39,31,8
200904260HOU,PO,POR,1093.0,,39,32,7
200904260HOU,PO,POR,1093.0,,39,33,6
200904260HOU,PO,POR,1138.0,,39,34,5
200904260HOU,PO,POR,1138.0,,39,35,4
200904260HOU,PO,POR,1225.0,,41,35,6
200904260HOU,PO,POR,1225.0,,42,35,7
200904260HOU,PO,POR,1243.0,,42,37,5
200904260HOU,PO,POR,1269.0,,44,37,7
200904260HOU,PO,POR,1287.0,,44,38,6
200904260HOU,PO,POR,1287.0,,44,39,5
200904260HOU,PO,POR,1355.0,,47,39,8
200904260HOU,PO,POR,1377.0,,47,41,6
200904260HOU,PO,POR,1398.3,,49,41,8
200904260HOU,PO,POR,1408.1,,49,44,5
200904260HOU,PO,POR,1427.1,,50,44,6
200904260HOU,PO,POR,1502.0,,50,46,4
200904260HOU,PO,POR,1521.0,,52,46,6
200904260HOU,PO,POR,1556.0,,54,46,8
200904260HOU,PO,POR,1637.0,,54,47,7
200904260HOU,PO,POR,1637.0,,54,48,6
200904260HOU,PO,POR,1729.0,,56,48,8
200904260HOU,PO,POR,1739.0,,56,50,6
200904260HOU,PO,POR,1739.0,,56,51,5
200904260HOU,PO,POR,1758.0,,58,51,7
200904260HOU,PO,POR,1782.0,,58,53,5
200904260HOU,PO,POR,1844.0,,58,55,3
200904260HOU,PO,POR,1884.0,,58,57,1
200904260HOU,PO,POR,1899.0,,61,57,4
200904260HOU,PO,POR,1934.0,,63,57,6
200904260HOU,PO,POR,1958.0,,63,58,5
200904260HOU,PO,POR,1958.0,,63,59,4
200904260HOU,PO,POR,1988.0,,63,61,2
200904260HOU,PO,POR,2016.0,,63,62,1
200904260HOU,PO,POR,2016.0,T,63,63,0
200904260HOU,PO,POR,2074.0,LC,63,65,-2
200904260HOU,PO,POR,2110.1,,63,68,-5
200904260HOU,PO,POR,2133.8,,64,68,-4
200904260HOU,PO,POR,2153.8,,64,70,-6
200904260HOU,PO,POR,2173.0,,66,70,-4
200904260HOU,PO,POR,2188.0,,66,72,-6
200904260HOU,PO,POR,2216.0,,68,72,-4
200904260HOU,PO,POR,2258.0,,71,72,-1
200904260HOU,PO,POR,2273.0,,71,74,-3
200904260HOU,PO,POR,2273.0,,71,75,-4
200904260HOU,PO,POR,2335.0,,71,77,-6
200904260HOU,PO,POR,2401.0,,73,77,-4
200904260HOU,PO,POR,2440.0,,74,77,-3
200904260HOU,PO,POR,2440.0,,75,77,-2
200904260HOU,PO,POR,2483.0,T,77,77,0
200904260HOU,PO,POR,2528.0,LC,79,77,2
200904260HOU,PO,POR,2576.0,T,79,79,0
200904260HOU,PO,POR,2576.0,LC,79,80,-1
200904260HOU,PO,POR,2611.0,LC,82,80,2
200904260HOU,PO,POR,2640.0,LC,82,83,-1
200904260HOU,PO,POR,2676.0,LC,85,83,2
200904260HOU,PO,POR,2730.0,,87,83,4
200904260HOU,PO,POR,2745.0,,87,84,3
200904260HOU,PO,POR,2745.0,,87,85,2
200904260HOU,PO,POR,2870.1,,88,85,3
200904260HOU,PO,POR,2875.2,,89,85,4
200904260HOU,PO,POR,2877.7,F,89,88,1
200904260HOU,PO,POR,2880.0,,89,88,1
200904280POR,PO,POR,0.0,,0,0,0
200904280POR,PO,POR,31.0,,2,0,2
200904280POR,PO,POR,67.0,T,2,2,0
200904280POR,PO,POR,106.0,LC,2,4,-2
200904280POR,PO,POR,138.0,,2,6,-4
200904280POR,PO,POR,163.0,,4,6,-2
200904280POR,PO,POR,197.0,T,6,6,0
200904280POR,PO,POR,228.0,LC,9,6,3
200904280POR,PO,POR,249.0,T,9,9,0
200904280POR,PO,POR,282.0,LC,9,11,-2
200904280POR,PO,POR,296.0,T,11,11,0
200904280POR,PO,POR,310.0,,11,14,-3
200904280POR,PO,POR,371.0,,11,16,-5
200904280POR,PO,POR,391.0,,13,16,-3
200904280POR,PO,POR,413.0,,13,18,-5
200904280POR,PO,POR,452.0,,13,21,-8
200904280POR,PO,POR,487.0,,13,23,-10
200904280POR,PO,POR,510.0,,15,23,-8
200904280POR,PO,POR,556.0,,17,23,-6
200904280POR,PO,POR,574.0,,17,25,-8
200904280POR,PO,POR,593.0,,19,25,-6
200904280POR,PO,POR,617.0,,19,27,-8
200904280POR,PO,POR,630.0,,21,27,-6
200904280POR,PO,POR,661.1,,23,27,-4
200904280POR,PO,POR,674.7,,23,28,-5
200904280POR,PO,POR,674.7,,23,29,-6
200904280POR,PO,POR,690.2,,25,29,-4
200904280POR,PO,POR,690.2,,26,29,-3
200904280POR,PO,POR,779.0,,26,31,-5
200904280POR,PO,POR,814.0,,26,33,-7
200904280POR,PO,POR,869.0,,26,35,-9
200904280POR,PO,POR,883.0,,28,35,-7
200904280POR,PO,POR,973.0,,30,35,-5
200904280POR,PO,POR,1020.0,,31,35,-4
200904280POR,PO,POR,1020.0,,32,35,-3
200904280POR,PO,POR,1047.0,,32,37,-5
200904280POR,PO,POR,1138.0,,34,37,-3
200904280POR,PO,POR,1151.0,,34,39,-5
200904280POR,PO,POR,1214.0,,34,40,-6
200904280POR,PO,POR,1257.0,,34,42,-8
200904280POR,PO,POR,1283.0,,36,42,-6
200904280POR,PO,POR,1294.0,,36,45,-9
200904280POR,PO,POR,1314.0,,36,46,-10
200904280POR,PO,POR,1332.0,,38,46,-8
200904280POR,PO,POR,1348.0,,38,48,-10
200904280POR,PO,POR,1366.0,,40,48,-8
200904280POR,PO,POR,1366.0,,41,48,-7
200904280POR,PO,POR,1388.1,,43,48,-5
200904280POR,PO,POR,1439.2,,43,50,-7
200904280POR,PO,POR,1530.0,,43,52,-9
200904280POR,PO,POR,1557.0,,45,52,-7
200904280POR,PO,POR,1640.0,,45,54,-9
200904280POR,PO,POR,1682.0,,45,56,-11
200904280POR,PO,POR,1784.0,,47,56,-9
200904280POR,PO,POR,1808.0,,49,56,-7
200904280POR,PO,POR,1850.0,,51,56,-5
200904280POR,PO,POR,1866.0,,52,56,-4
200904280POR,PO,POR,1866.0,,53,56,-3
200904280POR,PO,POR,1904.0,,53,58,-5
200904280POR,PO,POR,1925.0,,54,58,-4
200904280POR,PO,POR,1925.0,,55,58,-3
200904280POR,PO,POR,1966.0,,57,58,-1
200904280POR,PO,POR,1986.0,,57,60,-3
200904280POR,PO,POR,2034.0,T,60,60,0
200904280POR,PO,POR,2047.0,,60,61,-1
200904280POR,PO,POR,2047.0,,60,62,-2
200904280POR,PO,POR,2058.0,T,62,62,0
200904280POR,PO,POR,2100.1,,62,64,-2
200904280POR,PO,POR,2190.0,T,64,64,0
200904280POR,PO,POR,2262.0,LC,66,64,2
200904280POR,PO,POR,2306.0,,68,64,4
200904280POR,PO,POR,2375.0,,68,66,2
200904280POR,PO,POR,2414.0,,68,67,1
200904280POR,PO,POR,2414.0,T,68,68,0
200904280POR,PO,POR,2435.0,LC,68,69,-1
200904280POR,PO,POR,2468.0,,68,70,-2
200904280POR,PO,POR,2468.0,,68,71,-3
200904280POR,PO,POR,2510.0,,68,74,-6
200904280POR,PO,POR,2559.0,,68,77,-9
200904280POR,PO,POR,2592.0,,68,79,-11
200904280POR,PO,POR,2611.0,,71,79,-8
200904280POR,PO,POR,2714.0,,73,79,-6
200904280POR,PO,POR,2736.0,,73,80,-7
200904280POR,PO,POR,2746.0,,75,80,-5
200904280POR,PO,POR,2769.0,,75,82,-7
200904280POR,PO,POR,2815.0,,75,83,-8
200904280POR,PO,POR,2815.0,,75,84,-9
200904280POR,PO,POR,2825.6,,75,85,-10
200904280POR,PO,POR,2825.6,,75,86,-11
200904280POR,PO,POR,2861.6,,75,88,-13
200904280POR,PO,POR,2872.2,F,77,88,-11
200904280POR,PO,POR,2880.0,,77,88,-11
200904300HOU,PO,POR,0.0,,0,0,0
200904300HOU,PO,POR,17.0,,2,0,2
200904300HOU,PO,POR,53.0,,4,0,4
200904300HOU,PO,POR,61.0,,4,2,2
200904300HOU,PO,POR,82.0,,7,2,5
200904300HOU,PO,POR,145.0,,7,4,3
200904300HOU,PO,POR,207.0,,7,6,1
200904300HOU,PO,POR,263.0,T,7,7,0
200904300HOU,PO,POR,293.0,,9,7,2
200904300HOU,PO,POR,305.0,T,9,9,0
200904300HOU,PO,POR,362.0,LC,9,11,-2
200904300HOU,PO,POR,404.0,,9,13,-4
200904300HOU,PO,POR,419.0,,11,13,-2
200904300HOU,PO,POR,490.0,,11,15,-4
200904300HOU,PO,POR,516.0,,13,15,-2
200904300HOU,PO,POR,532.0,,13,17,-4
200904300HOU,PO,POR,557.0,,15,17,-2
200904300HOU,PO,POR,590.0,LC,18,17,1
200904300HOU,PO,POR,636.0,LC,18,19,-1
200904300HOU,PO,POR,650.0,T,19,19,0
200904300HOU,PO,POR,650.0,LC,20,19,1
200904300HOU,PO,POR,683.6,,21,19,2
200904300HOU,PO,POR,777.0,,24,19,5
200904300HOU,PO,POR,796.0,,24,21,3
200904300HOU,PO,POR,849.0,,27,21,6
200904300HOU,PO,POR,879.0,,29,21,8
200904300HOU,PO,POR,909.0,,31,21,10
200904300HOU,PO,POR,935.0,,32,21,11
200904300HOU,PO,POR,999.0,,34,21,13
200904300HOU,PO,POR,1053.0,,34,23,11
200904300HOU,PO,POR,1077.0,,35,23,12
200904300HOU,PO,POR,1077.0,,36,23,13
200904300HOU,PO,POR,1118.0,,38,23,15
200904300HOU,PO,POR,1133.0,,38,24,14
200904300HOU,PO,POR,1133.0,,38,25,13
200904300HOU,PO,POR,1158.0,,38,27,11
200904300HOU,PO,POR,1176.0,,39,27,12
200904300HOU,PO,POR,1176.0,,40,27,13
200904300HOU,PO,POR,1208.0,,42,27,15
200904300HOU,PO,POR,1229.0,,42,29,13
200904300HOU,PO,POR,1260.0,,42,32,10
200904300HOU,PO,POR,1280.0,,45,32,13
200904300HOU,PO,POR,1308.0,,45,35,10
200904300HOU,PO,POR,1327.0,,47,35,12
200904300HOU,PO,POR,1389.2,,49,35,14
200904300HOU,PO,POR,1414.2,,52,35,17
200904300HOU,PO,POR,1435.3,,52,37,15
200904300HOU,PO,POR,1499.0,,52,39,13
200904300HOU,PO,POR,1542.0,,54,39,15
200904300HOU,PO,POR,1592.0,,56,39,17
200904300HOU,PO,POR,1623.0,,56,41,15
200904300HOU,PO,POR,1638.0,,58,41,17
200904300HOU,PO,POR,1652.0,,58,43,15
200904300HOU,PO,POR,1684.0,,58,44,14
200904300HOU,PO,POR,1684.0,,58,45,13
200904300HOU,PO,POR,1699.0,,60,45,15
200904300HOU,PO,POR,1717.0,,60,46,14
200904300HOU,PO,POR,1717.0,,60,47,13
200904300HOU,PO,POR,1739.0,,62,47,15
200904300HOU,PO,POR,1759.0,,62,49,13
200904300HOU,PO,POR,1779.0,,64,49,15
200904300HOU,PO,POR,1814.0,,65,49,16
200904300HOU,PO,POR,1814.0,,66,49,17
200904300HOU,PO,POR,1887.0,,68,49,19
200904300HOU,PO,POR,1906.0,,68,52,16
200904300HOU,PO,POR,1925.0,,71,52,19
200904300HOU,PO,POR,2014.0,,71,54,17
200904300HOU,PO,POR,2040.0,,72,54,18
200904300HOU,PO,POR,2125.7,,74,54,20
200904300HOU,PO,POR,2143.6,,74,56,18
200904300HOU,PO,POR,2293.0,,74,57,17
200904300HOU,PO,POR,2336.0,,74,59,15
200904300HOU,PO,POR,2403.0,,74,61,13
200904300HOU,PO,POR,2422.0,,76,61,15
200904300HOU,PO,POR,2437.0,,76,62,14
200904300HOU,PO,POR,2437.0,,76,63,13
200904300HOU,PO,POR,2460.0,,78,63,15
200904300HOU,PO,POR,2499.0,,81,63,18
200904300HOU,PO,POR,2512.0,,81,65,16
200904300HOU,PO,POR,2530.0,,83,65,18
200904300HOU,PO,POR,2652.0,,83,66,17
200904300HOU,PO,POR,2652.0,,83,67,16
200904300HOU,PO,POR,2673.0,,85,67,18
200904300HOU,PO,POR,2715.0,,87,67,20
200904300HOU,PO,POR,2735.0,,87,69,18
200904300HOU,PO,POR,2758.0,,89,69,20
200904300HOU,PO,POR,2806.0,,89,71,18
200904300HOU,PO,POR,2837.6,,89,74,15
200904300HOU,PO,POR,2857.5,,92,74,18
200904300HOU,PO,POR,2865.2,F,92,76,16
200904300HOU,PO,POR,2880.0,,92,76,16
200905040LAL,PO,LAL,0.0,,0,0,0
200905040LAL,PO,LAL,25.0,,1,0,1
200905040LAL,PO,LAL,25.0,,2,0,2
200905040LAL,PO,LAL,41.0,T,2,2,0
200905040LAL,PO,LAL,63.0,,4,2,2
200905040LAL,PO,LAL,77.0,T,4,4,0
200905040LAL,PO,LAL,157.0,,6,4,2
200905040LAL,PO,LAL,238.0,T,6,6,0
200905040LAL,PO,LAL,254.0,,8,6,2
200905040LAL,PO,LAL,266.0,T,8,8,0
200905040LAL,PO,LAL,334.0,,11,8,3
200905040LAL,PO,LAL,383.0,,11,10,1
200905040LAL,PO,LAL,399.0,,13,10,3
200905040LAL,PO,LAL,477.0,,13,11,2
200905040LAL,PO,LAL,477.0,,13,12,1
200905040LAL,PO,LAL,506.0,,15,12,3
200905040LAL,PO,LAL,518.0,,17,12,5
200905040LAL,PO,LAL,546.0,,19,12,7
200905040LAL,PO,LAL,592.0,,19,14,5
200905040LAL,PO,LAL,605.0,,21,14,7
200905040LAL,PO,LAL,618.0,,21,16,5
200905040LAL,PO,LAL,660.8,,21,18,3
200905040LAL,PO,LAL,734.0,,21,20,1
200905040LAL,PO,LAL,756.0,LC,21,22,-1
200905040LAL,PO,LAL,773.0,LC,23,22,1
200905040LAL,PO,LAL,861.0,LC,23,24,-1
200905040LAL,PO,LAL,877.0,T,24,24,0
200905040LAL,PO,LAL,904.0,LC,26,24,2
200905040LAL,PO,LAL,952.0,,29,24,5
200905040LAL,PO,LAL,993.0,,31,24,7
200905040LAL,PO,LAL,1009.0,,31,26,5
200905040LAL,PO,LAL,1046.0,,34,26,8
200905040LAL,PO,LAL,1097.0,,34,28,6
200905040LAL,PO,LAL,1115.0,,36,28,8
200905040LAL,PO,LAL,1162.0,,36,30,6
200905040LAL,PO,LAL,1187.0,,36,31,5
200905040LAL,PO,LAL,1187.0,,36,32,4
200905040LAL,PO,LAL,1197.0,,37,32,5
200905040LAL,PO,LAL,1197.0,,38,32,6
200905040LAL,PO,LAL,1265.0,,40,32,8
200905040LAL,PO,LAL,1281.0,,40,34,6
200905040LAL,PO,LAL,1309.0,,40,36,4
200905040LAL,PO,LAL,1321.0,,42,36,6
200905040LAL,PO,LAL,1334.0,,42,37,5
200905040LAL,PO,LAL,1334.0,,42,38,4
200905040LAL,PO,LAL,1421.5,,43,38,5
200905040LAL,PO,LAL,1438.9,,43,40,3
200905040LAL,PO,LAL,1466.0,,45,40,5
200905040LAL,PO,LAL,1509.0,,47,40,7
200905040LAL,PO,LAL,1535.0,,49,40,9
200905040LAL,PO,LAL,1580.0,,49,42,7
200905040LAL,PO,LAL,1612.0,,49,44,5
200905040LAL,PO,LAL,1666.0,,49,46,3
200905040LAL,PO,LAL,1683.0,,49,48,1
200905040LAL,PO,LAL,1710.0,,52,48,4
200905040LAL,PO,LAL,1741.0,,53,48,5
200905040LAL,PO,LAL,1741.0,,54,48,6
200905040LAL,PO,LAL,1759.0,,54,50,4
200905040LAL,PO,LAL,1775.0,,56,50,6
200905040LAL,PO,LAL,1806.0,,59,50,9
200905040LAL,PO,LAL,1824.0,,59,53,6
200905040LAL,PO,LAL,1846.0,,61,53,8
200905040LAL,PO,LAL,1901.0,,61,55,6
200905040LAL,PO,LAL,1920.0,,63,55,8
200905040LAL,PO,LAL,1937.0,,63,57,6
200905040LAL,PO,LAL,1953.0,,65,57,8
200905040LAL,PO,LAL,1970.0,,65,59,6
200905040LAL,PO,LAL,1987.0,,66,59,7
200905040LAL,PO,LAL,2035.0,,66,61,5
200905040LAL,PO,LAL,2057.0,,68,61,7
200905040LAL,PO,LAL,2068.0,,68,62,6
200905040LAL,PO,LAL,2100.0,,68,64,4
200905040LAL,PO,LAL,2148.9,,70,64,6
200905040LAL,PO,LAL,2157.5,,70,67,3
200905040LAL,PO,LAL,2218.0,,72,67,5
200905040LAL,PO,LAL,2231.0,,72,69,3
200905040LAL,PO,LAL,2252.0,,73,69,4
200905040LAL,PO,LAL,2252.0,,74,69,5
200905040LAL,PO,LAL,2273.0,,74,71,3
200905040LAL,PO,LAL,2322.0,,74,73,1
200905040LAL,PO,LAL,2343.0,,75,73,2
200905040LAL,PO,LAL,2343.0,,76,73,3
200905040LAL,PO,LAL,2359.0,,76,75,1
200905040LAL,PO,LAL,2381.0,T,76,76,0
200905040LAL,PO,LAL,2381.0,LC,76,77,-1
200905040LAL,PO,LAL,2395.0,LC,78,77,1
200905040LAL,PO,LAL,2395.0,,79,77,2
200905040LAL,PO,LAL,2433.0,,81,77,4
200905040LAL,PO,LAL,2506.0,,83,77,6
200905040LAL,PO,LAL,2561.0,,85,77,8
200905040LAL,PO,LAL,2580.0,,85,79,6
200905040LAL,PO,LAL,2662.0,,85,81,4
200905040LAL,PO,LAL,2682.0,,87,81,6
200905040LAL,PO,LAL,2736.0,,89,81,8
200905040LAL,PO,LAL,2753.0,,90,81,9
200905040LAL,PO,LAL,2753.0,,91,81,10
200905040LAL,PO,LAL,2762.0,,91,83,8
200905040LAL,PO,LAL,2780.0,,92,83,9
200905040LAL,PO,LAL,2780.0,,93,83,10
200905040LAL,PO,LAL,2784.0,,93,84,9
200905040LAL,PO,LAL,2787.0,,94,84,10
200905040LAL,PO,LAL,2787.0,,95,84,11
200905040LAL,PO,LAL,2796.0,,95,85,10
200905040LAL,PO,LAL,2796.0,,95,86,9
200905040LAL,PO,LAL,2837.9,,95,88,7
200905040LAL,PO,LAL,2844.2,,96,88,8
200905040LAL,PO,LAL,2846.6,,96,90,6
200905040LAL,PO,LAL,2855.7,,97,90,7
200905040LAL,PO,LAL,2855.7,,98,90,8
200905040LAL,PO,LAL,2861.5,,98,92,6
200905040LAL,PO,LAL,2863.7,,99,92,7
200905040LAL,PO,LAL,2863.7,F,100,92,8
200905040LAL,PO,LAL,2880.0,,100,92,8
200905060LAL,PO,LAL,0.0,,0,0,0
200905060LAL,PO,LAL,15.0,,0,2,-2
200905060LAL,PO,LAL,35.0,,1,2,-1
200905060LAL,PO,LAL,35.0,T,2,2,0
200905060LAL,PO,LAL,46.0,,2,4,-2
200905060LAL,PO,LAL,75.0,,2,6,-4
200905060LAL,PO,LAL,106.0,,4,6,-2
200905060LAL,PO,LAL,122.0,,4,8,-4
200905060LAL,PO,LAL,142.0,,6,8,-2
200905060LAL,PO,LAL,178.0,,6,10,-4
200905060LAL,PO,LAL,230.0,,8,10,-2
200905060LAL,PO,LAL,238.0,,8,12,-4
200905060LAL,PO,LAL,268.0,,8,14,-6
200905060LAL,PO,LAL,293.0,,8,16,-8
200905060LAL,PO,LAL,320.0,,11,16,-5
200905060LAL,PO,LAL,333.0,,11,18,-7
200905060LAL,PO,LAL,357.0,,14,18,-4
200905060LAL,PO,LAL,373.0,,14,19,-5
200905060LAL,PO,LAL,398.0,,14,21,-7
200905060LAL,PO,LAL,416.0,,14,23,-9
200905060LAL,PO,LAL,439.0,,16,23,-7
200905060LAL,PO,LAL,453.0,,16,26,-10
200905060LAL,PO,LAL,484.0,,16,29,-13
200905060LAL,PO,LAL,526.0,,16,31,-15
200905060LAL,PO,LAL,548.0,,18,31,-13
200905060LAL,PO,LAL,558.0,,18,32,-14
200905060LAL,PO,LAL,558.0,,18,33,-15
200905060LAL,PO,LAL,579.0,,21,33,-12
200905060LAL,PO,LAL,609.0,,23,33,-10
200905060LAL,PO,LAL,637.0,,25,33,-8
200905060LAL,PO,LAL,657.0,,25,35,-10
200905060LAL,PO,LAL,687.9,,25,36,-11
200905060LAL,PO,LAL,687.9,,25,37,-12
200905060LAL,PO,LAL,718.9,,25,39,-14
200905060LAL,PO,LAL,736.0,,26,39,-13
200905060LAL,PO,LAL,746.0,,26,41,-15
200905060LAL,PO,LAL,757.0,,28,41,-13
200905060LAL,PO,LAL,786.0,,30,41,-11
200905060LAL,PO,LAL,815.0,,33,41,-8
200905060LAL,PO,LAL,832.0,,33,43,-10
200905060LAL,PO,LAL,858.0,,35,43,-8
200905060LAL,PO,LAL,858.0,,36,43,-7
200905060LAL,PO,LAL,946.0,,37,43,-6
200905060LAL,PO,LAL,959.0,,37,45,-8
200905060LAL,PO,LAL,971.0,,39,45,-6
200905060LAL,PO,LAL,984.0,,39,48,-9
200905060LAL,PO,LAL,1079.0,,40,48,-8
200905060LAL,PO,LAL,1114.0,,42,48,-6
200905060LAL,PO,LAL,1149.0,,45,48,-3
200905060LAL,PO,LAL,1175.0,,46,48,-2
200905060LAL,PO,LAL,1175.0,,47,48,-1
200905060LAL,PO,LAL,1203.0,LC,49,48,1
200905060LAL,PO,LAL,1230.0,LC,49,50,-1
200905060LAL,PO,LAL,1249.0,LC,51,50,1
200905060LAL,PO,LAL,1275.0,LC,51,52,-1
200905060LAL,PO,LAL,1295.0,LC,53,52,1
200905060LAL,PO,LAL,1317.0,,54,52,2
200905060LAL,PO,LAL,1342.0,,54,53,1
200905060LAL,PO,LAL,1362.0,,56,53,3
200905060LAL,PO,LAL,1386.4,,57,53,4
200905060LAL,PO,LAL,1396.7,,57,54,3
200905060LAL,PO,LAL,1435.5,T,57,57,0
200905060LAL,PO,LAL,1458.0,,58,57,1
200905060LAL,PO,LAL,1478.0,T,58,58,0
200905060LAL,PO,LAL,1500.0,LC,58,61,-3
200905060LAL,PO,LAL,1549.0,,58,63,-5
200905060LAL,PO,LAL,1576.0,,60,63,-3
200905060LAL,PO,LAL,1606.0,,60,65,-5
200905060LAL,PO,LAL,1618.0,,62,65,-3
200905060LAL,PO,LAL,1637.0,,62,67,-5
200905060LAL,PO,LAL,1667.0,,62,69,-7
200905060LAL,PO,LAL,1706.0,,62,71,-9
200905060LAL,PO,LAL,1738.0,,62,72,-10
200905060LAL,PO,LAL,1738.0,,62,73,-11
200905060LAL,PO,LAL,1761.0,,64,73,-9
200905060LAL,PO,LAL,1773.0,,64,75,-11
200905060LAL,PO,LAL,1796.0,,66,75,-9
200905060LAL,PO,LAL,1813.0,,66,77,-11
200905060LAL,PO,LAL,1857.0,,68,77,-9
200905060LAL,PO,LAL,1868.0,,68,78,-10
200905060LAL,PO,LAL,1868.0,,68,79,-11
200905060LAL,PO,LAL,1924.0,,71,79,-8
200905060LAL,PO,LAL,1974.0,,74,79,-5
200905060LAL,PO,LAL,2069.0,,74,80,-6
200905060LAL,PO,LAL,2069.0,,74,81,-7
200905060LAL,PO,LAL,2097.0,,74,82,-8
200905060LAL,PO,LAL,2097.0,,74,83,-9
200905060LAL,PO,LAL,2097.0,,74,84,-10
200905060LAL,PO,LAL,2111.3,,74,86,-12
200905060LAL,PO,LAL,2130.7,,75,86,-11
200905060LAL,PO,LAL,2146.8,,76,86,-10
200905060LAL,PO,LAL,2146.8,,77,86,-9
200905060LAL,PO,LAL,2183.0,,79,86,-7
200905060LAL,PO,LAL,2204.0,,79,88,-9
200905060LAL,PO,LAL,2245.0,,81,88,-7
200905060LAL,PO,LAL,2285.0,,81,90,-9
200905060LAL,PO,LAL,2340.0,,81,92,-11
200905060LAL,PO,LAL,2363.0,,82,92,-10
200905060LAL,PO,LAL,2369.0,,83,92,-9
200905060LAL,PO,LAL,2369.0,,84,92,-8
200905060LAL,PO,LAL,2446.0,,84,94,-10
200905060LAL,PO,LAL,2463.0,,84,95,-11
200905060LAL,PO,LAL,2482.0,,84,97,-13
200905060LAL,PO,LAL,2493.0,,85,97,-12
200905060LAL,PO,LAL,2493.0,,86,97,-11
200905060LAL,PO,LAL,2510.0,,86,99,-13
200905060LAL,PO,LAL,2512.0,,87,99,-12
200905060LAL,PO,LAL,2529.0,,90,99,-9
200905060LAL,PO,LAL,2594.0,,90,101,-11
200905060LAL,PO,LAL,2594.0,,90,102,-12
200905060LAL,PO,LAL,2626.0,,90,104,-14
200905060LAL,PO,LAL,2675.0,,92,104,-12
200905060LAL,PO,LAL,2702.0,,92,107,-15
200905060LAL,PO,LAL,2743.0,,95,107,-12
200905060LAL,PO,LAL,2820.0,,95,109,-14
200905060LAL,PO,LAL,2836.4,,96,109,-13
200905060LAL,PO,LAL,2856.8,,96,111,-15
200905060LAL,PO,LAL,2871.5,F,98,111,-13
200905060LAL,PO,LAL,2880.0,,98,111,-13
200905080HOU,PO,LAL,0.0,,0,0,0
200905080HOU,PO,LAL,11.0,,0,2,-2
200905080HOU,PO,LAL,40.0,,0,4,-4
200905080HOU,PO,LAL,74.0,,0,6,-6
200905080HOU,PO,LAL,95.0,,2,6,-4
200905080HOU,PO,LAL,126.0,,4,6,-2
200905080HOU,PO,LAL,144.0,,4,9,-5
200905080HOU,PO,LAL,167.0,,4,11,-7
200905080HOU,PO,LAL,184.0,,5,11,-6
200905080HOU,PO,LAL,214.0,,5,13,-8
200905080HOU,PO,LAL,233.0,,8,13,-5
200905080HOU,PO,LAL,290.0,,11,13,-2
200905080HOU,PO,LAL,314.0,,12,13,-1
200905080HOU,PO,LAL,314.0,T,13,13,0
200905080HOU,PO,LAL,337.0,,13,16,-3
200905080HOU,PO,LAL,355.0,,15,16,-1
200905080HOU,PO,LAL,369.0,,15,18,-3
200905080HOU,PO,LAL,389.0,T,18,18,0
200905080HOU,PO,LAL,414.0,,18,20,-2
200905080HOU,PO,LAL,437.0,,18,22,-4
200905080HOU,PO,LAL,467.0,,18,24,-6
200905080HOU,PO,LAL,487.0,,20,24,-4
200905080HOU,PO,LAL,544.0,,20,26,-6
200905080HOU,PO,LAL,567.0,,22,26,-4
200905080HOU,PO,LAL,603.0,,24,26,-2
200905080HOU,PO,LAL,637.0,T,26,26,0
200905080HOU,PO,LAL,669.2,,26,28,-2
200905080HOU,PO,LAL,685.5,T,28,28,0
200905080HOU,PO,LAL,698.0,,28,30,-2
200905080HOU,PO,LAL,750.0,,28,32,-4
200905080HOU,PO,LAL,763.0,,29,32,-3
200905080HOU,PO,LAL,763.0,,30,32,-2
200905080HOU,PO,LAL,776.0,,30,33,-3
200905080HOU,PO,LAL,794.0,,32,33,-1
200905080HOU,PO,LAL,819.0,,32,35,-3
200905080HOU,PO,LAL,884.0,,33,35,-2
200905080HOU,PO,LAL,940.0,,33,37,-4
200905080HOU,PO,LAL,959.0,,36,37,-1
200905080HOU,PO,LAL,1004.0,LC,38,37,1
200905080HOU,PO,LAL,1025.0,LC,38,40,-2
200905080HOU,PO,LAL,1074.0,,38,42,-4
200905080HOU,PO,LAL,1077.0,,39,42,-3
200905080HOU,PO,LAL,1094.0,,40,42,-2
200905080HOU,PO,LAL,1094.0,,41,42,-1
200905080HOU,PO,LAL,1115.0,T,42,42,0
200905080HOU,PO,LAL,1115.0,LC,43,42,1
200905080HOU,PO,LAL,1256.0,T,43,43,0
200905080HOU,PO,LAL,1274.0,,45,43,2
200905080HOU,PO,LAL,1320.0,,46,43,3
200905080HOU,PO,LAL,1357.0,,46,44,2
200905080HOU,PO,LAL,1357.0,,46,45,1
200905080HOU,PO,LAL,1388.0,LC,46,47,-1
200905080HOU,PO,LAL,1411.4,,46,50,-4
200905080HOU,PO,LAL,1434.1,,48,50,-2
200905080HOU,PO,LAL,1461.0,,48,51,-3
200905080HOU,PO,LAL,1461.0,,48,52,-4
200905080HOU,PO,LAL,1488.0,,50,52,-2
200905080HOU,PO,LAL,1537.0,,50,54,-4
200905080HOU,PO,LAL,1562.0,,50,57,-7
200905080HOU,PO,LAL,1576.0,,52,57,-5
200905080HOU,PO,LAL,1600.0,,52,60,-8
200905080HOU,PO,LAL,1715.0,,54,60,-6
200905080HOU,PO,LAL,1730.0,,54,62,-8
200905080HOU,PO,LAL,1804.0,,54,63,-9
200905080HOU,PO,LAL,1804.0,,54,64,-10
200905080HOU,PO,LAL,1868.0,,56,64,-8
200905080HOU,PO,LAL,1893.0,,56,66,-10
200905080HOU,PO,LAL,1996.0,,58,66,-8
200905080HOU,PO,LAL,2022.0,,58,68,-10
200905080HOU,PO,LAL,2060.0,,58,71,-13
200905080HOU,PO,LAL,2102.2,,60,71,-11
200905080HOU,PO,LAL,2152.8,,61,71,-10
200905080HOU,PO,LAL,2152.8,,62,71,-9
200905080HOU,PO,LAL,2160.0,,62,74,-12
200905080HOU,PO,LAL,2189.0,,64,74,-10
200905080HOU,PO,LAL,2214.0,,64,75,-11
200905080HOU,PO,LAL,2214.0,,64,76,-12
200905080HOU,PO,LAL,2255.0,,66,76,-10
200905080HOU,PO,LAL,2281.0,,66,79,-13
200905080HOU,PO,LAL,2297.0,,68,79,-11
200905080HOU,PO,LAL,2308.0,,68,80,-12
200905080HOU,PO,LAL,2308.0,,68,81,-13
200905080HOU,PO,LAL,2323.0,,69,81,-12
200905080HOU,PO,LAL,2323.0,,70,81,-11
200905080HOU,PO,LAL,2323.0,,71,81,-10
200905080HOU,PO,LAL,2425.0,,71,83,-12
200905080HOU,PO,LAL,2441.0,,74,83,-9
200905080HOU,PO,LAL,2464.0,,74,85,-11
200905080HOU,PO,LAL,2474.0,,76,85,-9
200905080HOU,PO,LAL,2499.0,,76,88,-12
200905080HOU,PO,LAL,2528.0,,78,88,-10
200905080HOU,PO,LAL,2560.0,,80,88,-8
200905080HOU,PO,LAL,2575.0,,80,89,-9
200905080HOU,PO,LAL,2575.0,,80,90,-10
200905080HOU,PO,LAL,2585.0,,82,90,-8
200905080HOU,PO,LAL,2625.0,,84,90,-6
200905080HOU,PO,LAL,2646.0,,84,92,-8
200905080HOU,PO,LAL,2739.0,,84,95,-11
200905080HOU,PO,LAL,2756.0,,86,95,-9
200905080HOU,PO,LAL,2798.0,,86,97,-11
200905080HOU,PO,LAL,2802.0,,87,97,-10
200905080HOU,PO,LAL,2810.0,,87,98,-11
200905080HOU,PO,LAL,2818.0,,89,98,-9
200905080HOU,PO,LAL,2819.0,,89,99,-10
200905080HOU,PO,LAL,2825.6,,91,99,-8
200905080HOU,PO,LAL,2827.5,,91,100,-9
200905080HOU,PO,LAL,2830.2,,91,101,-10
200905080HOU,PO,LAL,2830.2,,91,102,-11
200905080HOU,PO,LAL,2832.8,,94,102,-8
200905080HOU,PO,LAL,2836.4,,94,103,-9
200905080HOU,PO,LAL,2836.4,,94,104,-10
200905080HOU,PO,LAL,2836.7,,94,105,-11
200905080HOU,PO,LAL,2851.2,,94,106,-12
200905080HOU,PO,LAL,2851.2,,94,107,-13
200905080HOU,PO,LAL,2865.7,F,94,108,-14
200905080HOU,PO,LAL,2880.0,,94,108,-14
200905100HOU,PO,LAL,0.0,,0,0,0
200905100HOU,PO,LAL,17.0,,2,0,2
200905100HOU,PO,LAL,118.0,,4,0,4
200905100HOU,PO,LAL,150.0,,7,0,7
200905100HOU,PO,LAL,188.0,,9,0,9
200905100HOU,PO,LAL,209.0,,9,2,7
200905100HOU,PO,LAL,257.0,,9,4,5
200905100HOU,PO,LAL,269.0,,12,4,8
200905100HOU,PO,LAL,297.0,,14,4,10
200905100HOU,PO,LAL,342.0,,17,4,13
200905100HOU,PO,LAL,390.0,,19,4,15
200905100HOU,PO,LAL,414.0,,19,7,12
200905100HOU,PO,LAL,428.0,,22,7,15
200905100HOU,PO,LAL,447.0,,22,9,13
200905100HOU,PO,LAL,475.0,,24,9,15
200905100HOU,PO,LAL,505.0,,26,9,17
200905100HOU,PO,LAL,525.0,,26,10,16
200905100HOU,PO,LAL,565.0,,26,12,14
200905100HOU,PO,LAL,568.0,,27,12,15
200905100HOU,PO,LAL,596.0,,27,14,13
200905100HOU,PO,LAL,680.1,,27,16,11
200905100HOU,PO,LAL,699.0,,29,16,13
200905100HOU,PO,LAL,747.0,,29,18,11
200905100HOU,PO,LAL,766.0,,31,18,13
200905100HOU,PO,LAL,819.0,,33,18,15
200905100HOU,PO,LAL,893.0,,33,20,13
200905100HOU,PO,LAL,919.0,,33,22,11
200905100HOU,PO,LAL,952.0,,35,22,13
200905100HOU,PO,LAL,985.0,,38,22,16
200905100HOU,PO,LAL,1006.0,,40,22,18
200905100HOU,PO,LAL,1006.0,,41,22,19
200905100HOU,PO,LAL,1024.0,,41,24,17
200905100HOU,PO,LAL,1035.0,,43,24,19
200905100HOU,PO,LAL,1057.0,,43,27,16
200905100HOU,PO,LAL,1086.0,,43,29,14
200905100HOU,PO,LAL,1107.0,,45,29,16
200905100HOU,PO,LAL,1177.0,,45,31,14
200905100HOU,PO,LAL,1193.0,,47,31,16
200905100HOU,PO,LAL,1254.0,,47,33,14
200905100HOU,PO,LAL,1284.0,,47,35,12
200905100HOU,PO,LAL,1340.0,,50,35,15
200905100HOU,PO,LAL,1393.7,,52,35,17
200905100HOU,PO,LAL,1407.6,,52,36,16
200905100HOU,PO,LAL,1427.0,,54,36,18
200905100HOU,PO,LAL,1452.0,,56,36,20
200905100HOU,PO,LAL,1467.0,,56,37,19
200905100HOU,PO,LAL,1467.0,,56,38,18
200905100HOU,PO,LAL,1491.0,,58,38,20
200905100HOU,PO,LAL,1591.0,,61,38,23
200905100HOU,PO,LAL,1653.0,,61,40,21
200905100HOU,PO,LAL,1700.0,,64,40,24
200905100HOU,PO,LAL,1743.0,,67,40,27
200905100HOU,PO,LAL,1799.0,,68,40,28
200905100HOU,PO,LAL,1828.0,,68,43,25
200905100HOU,PO,LAL,1860.0,,68,45,23
200905100HOU,PO,LAL,1890.0,,69,45,24
200905100HOU,PO,LAL,1890.0,,70,45,25
200905100HOU,PO,LAL,1937.0,,70,46,24
200905100HOU,PO,LAL,1937.0,,70,47,23
200905100HOU,PO,LAL,1949.0,,73,47,26
200905100HOU,PO,LAL,1971.0,,73,50,23
200905100HOU,PO,LAL,2000.0,,75,50,25
200905100HOU,PO,LAL,2024.0,,76,50,26
200905100HOU,PO,LAL,2024.0,,77,50,27
200905100HOU,PO,LAL,2082.0,,77,52,25
200905100HOU,PO,LAL,2105.2,,79,52,27
200905100HOU,PO,LAL,2115.7,,79,54,25
200905100HOU,PO,LAL,2127.1,,81,54,27
200905100HOU,PO,LAL,2160.0,,83,54,29
200905100HOU,PO,LAL,2178.0,,83,56,27
200905100HOU,PO,LAL,2206.0,,83,57,26
200905100HOU,PO,LAL,2206.0,,83,58,25
200905100HOU,PO,LAL,2239.0,,83,61,22
200905100HOU,PO,LAL,2261.0,,85,61,24
200905100HOU,PO,LAL,2272.0,,85,62,23
200905100HOU,PO,LAL,2355.0,,85,64,21
200905100HOU,PO,LAL,2390.0,,85,65,20
200905100HOU,PO,LAL,2434.0,,85,67,18
200905100HOU,PO,LAL,2447.0,,87,67,20
200905100HOU,PO,LAL,2447.0,,88,67,21
200905100HOU,PO,LAL,2468.0,,90,67,23
200905100HOU,PO,LAL,2515.0,,90,69,21
200905100HOU,PO,LAL,2605.0,,90,71,19
200905100HOU,PO,LAL,2641.0,,90,74,16
200905100HOU,PO,LAL,2711.0,,90,77,13
200905100HOU,PO,LAL,2712.0,,91,77,14
200905100HOU,PO,LAL,2712.0,,92,77,15
200905100HOU,PO,LAL,2727.0,,92,79,13
200905100HOU,PO,LAL,2786.0,,93,79,14
200905100HOU,PO,LAL,2786.0,,94,79,15
200905100HOU,PO,LAL,2797.0,,94,81,13
200905100HOU,PO,LAL,2805.0,,95,81,14
200905100HOU,PO,LAL,2818.0,,95,84,11
200905100HOU,PO,LAL,2826.8,,96,84,12
200905100HOU,PO,LAL,2839.6,,97,84,13
200905100HOU,PO,LAL,2856.7,,97,86,11
200905100HOU,PO,LAL,2856.7,,97,87,10
200905100HOU,PO,LAL,2859.2,,98,87,11
200905100HOU,PO,LAL,2859.2,F,99,87,12
200905100HOU,PO,LAL,2880.0,,99,87,12
200905120LAL,PO,LAL,0.0,,0,0,0
200905120LAL,PO,LAL,23.0,,0,2,-2
200905120LAL,PO,LAL,48.0,T,2,2,0
200905120LAL,PO,LAL,71.0,LC,4,2,2
200905120LAL,PO,LAL,94.0,,6,2,4
200905120LAL,PO,LAL,117.0,,6,4,2
200905120LAL,PO,LAL,134.0,,9,4,5
200905120LAL,PO,LAL,164.0,,11,4,7
200905120LAL,PO,LAL,187.0,,11,6,5
200905120LAL,PO,LAL,203.0,,13,6,7
200905120LAL,PO,LAL,222.0,,13,8,5
200905120LAL,PO,LAL,270.0,,13,9,4
200905120LAL,PO,LAL,270.0,,13,10,3
200905120LAL,PO,LAL,295.0,,13,11,2
200905120LAL,PO,LAL,316.0,,15,11,4
200905120LAL,PO,LAL,325.0,,15,12,3
200905120LAL,PO,LAL,341.0,,18,12,6
200905120LAL,PO,LAL,354.0,,18,14,4
200905120LAL,PO,LAL,381.0,,18,16,2
200905120LAL,PO,LAL,400.0,T,18,18,0
200905120LAL,PO,LAL,478.0,LC,18,20,-2
200905120LAL,PO,LAL,504.0,T,20,20,0
200905120LAL,PO,LAL,528.0,,20,22,-2
200905120LAL,PO,LAL,575.0,,20,24,-4
200905120LAL,PO,LAL,633.0,,20,27,-7
200905120LAL,PO,LAL,659.0,,22,27,-5
200905120LAL,PO,LAL,667.0,,22,29,-7
200905120LAL,PO,LAL,694.8,,22,32,-10
200905120LAL,PO,LAL,715.0,,23,32,-9
200905120LAL,PO,LAL,715.0,,24,32,-8
200905120LAL,PO,LAL,719.3,,24,35,-11
200905120LAL,PO,LAL,756.0,,24,37,-13
200905120LAL,PO,LAL,783.0,,24,38,-14
200905120LAL,PO,LAL,783.0,,24,39,-15
200905120LAL,PO,LAL,812.0,,24,40,-16
200905120LAL,PO,LAL,812.0,,24,41,-17
200905120LAL,PO,LAL,826.0,,24,43,-19
200905120LAL,PO,LAL,856.0,,27,43,-16
200905120LAL,PO,LAL,870.0,,27,45,-18
200905120LAL,PO,LAL,880.0,,29,45,-16
200905120LAL,PO,LAL,934.0,,31,45,-14
200905120LAL,PO,LAL,956.0,,31,47,-16
200905120LAL,PO,LAL,966.0,,32,47,-15
200905120LAL,PO,LAL,966.0,,33,47,-14
200905120LAL,PO,LAL,1030.0,,33,49,-16
200905120LAL,PO,LAL,1047.0,,33,52,-19
200905120LAL,PO,LAL,1103.0,,33,53,-20
200905120LAL,PO,LAL,1139.0,,33,55,-22
200905120LAL,PO,LAL,1153.0,,35,55,-20
200905120LAL,PO,LAL,1222.0,,35,57,-22
200905120LAL,PO,LAL,1243.0,,35,58,-23
200905120LAL,PO,LAL,1243.0,,35,59,-24
200905120LAL,PO,LAL,1320.0,,35,61,-26
200905120LAL,PO,LAL,1343.0,,35,64,-29
200905120LAL,PO,LAL,1360.0,,36,64,-28
200905120LAL,PO,LAL,1360.0,,37,64,-27
200905120LAL,PO,LAL,1423.0,,38,64,-26
200905120LAL,PO,LAL,1423.0,,39,64,-25
200905120LAL,PO,LAL,1485.0,,39,66,-27
200905120LAL,PO,LAL,1485.0,,39,67,-28
200905120LAL,PO,LAL,1526.0,,41,67,-26
200905120LAL,PO,LAL,1537.0,,41,69,-28
200905120LAL,PO,LAL,1555.0,,43,69,-26
200905120LAL,PO,LAL,1578.0,,43,71,-28
200905120LAL,PO,LAL,1578.0,,43,72,-29
200905120LAL,PO,LAL,1603.0,,45,72,-27
200905120LAL,PO,LAL,1630.0,,46,72,-26
200905120LAL,PO,LAL,1630.0,,47,72,-25
200905120LAL,PO,LAL,1651.0,,47,74,-27
200905120LAL,PO,LAL,1651.0,,47,75,-28
200905120LAL,PO,LAL,1678.0,,47,76,-29
200905120LAL,PO,LAL,1678.0,,47,77,-30
200905120LAL,PO,LAL,1709.0,,47,78,-31
200905120LAL,PO,LAL,1726.0,,49,78,-29
200905120LAL,PO,LAL,1768.0,,51,78,-27
200905120LAL,PO,LAL,1789.0,,51,79,-28
200905120LAL,PO,LAL,1789.0,,51,80,-29
200905120LAL,PO,LAL,1892.0,,51,82,-31
200905120LAL,PO,LAL,1946.0,,51,83,-32
200905120LAL,PO,LAL,1966.0,,52,83,-31
200905120LAL,PO,LAL,2035.0,,52,85,-33
200905120LAL,PO,LAL,2063.0,,54,85,-31
200905120LAL,PO,LAL,2078.0,,54,88,-34
200905120LAL,PO,LAL,2100.0,,54,89,-35
200905120LAL,PO,LAL,2100.0,,54,90,-36
200905120LAL,PO,LAL,2138.5,,54,92,-38
200905120LAL,PO,LAL,2159.8,,54,94,-40
200905120LAL,PO,LAL,2202.0,,56,94,-38
200905120LAL,PO,LAL,2229.0,,56,96,-40
200905120LAL,PO,LAL,2240.0,,59,96,-37
200905120LAL,PO,LAL,2259.0,,61,96,-35
200905120LAL,PO,LAL,2279.0,,61,98,-37
200905120LAL,PO,LAL,2341.0,,61,99,-38
200905120LAL,PO,LAL,2358.0,,62,99,-37
200905120LAL,PO,LAL,2358.0,,63,99,-36
200905120LAL,PO,LAL,2381.0,,65,99,-34
200905120LAL,PO,LAL,2420.0,,67,99,-32
200905120LAL,PO,LAL,2445.0,,68,99,-31
200905120LAL,PO,LAL,2445.0,,69,99,-30
200905120LAL,PO,LAL,2463.0,,69,101,-32
200905120LAL,PO,LAL,2479.0,,72,101,-29
200905120LAL,PO,LAL,2495.0,,72,102,-30
200905120LAL,PO,LAL,2495.0,,72,103,-31
200905120LAL,PO,LAL,2538.0,,72,104,-32
200905120LAL,PO,LAL,2538.0,,72,105,-33
200905120LAL,PO,LAL,2564.0,,72,107,-35
200905120LAL,PO,LAL,2582.0,,74,107,-33
200905120LAL,PO,LAL,2601.0,,74,109,-35
200905120LAL,PO,LAL,2642.0,,76,109,-33
200905120LAL,PO,LAL,2677.0,,76,111,-35
200905120LAL,PO,LAL,2702.0,,76,113,-37
200905120LAL,PO,LAL,2722.0,,76,115,-39
200905120LAL,PO,LAL,2722.0,,76,116,-40
200905120LAL,PO,LAL,2800.0,,76,118,-42
200905120LAL,PO,LAL,2826.4,F,78,118,-40
200905120LAL,PO,LAL,2880.0,,78,118,-40
200905140HOU,PO,LAL,0.0,,0,0,0
200905140HOU,PO,LAL,62.0,,2,0,2
200905140HOU,PO,LAL,90.0,,3,0,3
200905140HOU,PO,LAL,90.0,,4,0,4
200905140HOU,PO,LAL,121.0,,6,0,6
200905140HOU,PO,LAL,157.0,,6,1,5
200905140HOU,PO,LAL,187.0,,8,1,7
200905140HOU,PO,LAL,204.0,,10,1,9
200905140HOU,PO,LAL,266.0,,13,1,12
200905140HOU,PO,LAL,294.0,,15,1,14
200905140HOU,PO,LAL,325.0,,17,1,16
200905140HOU,PO,LAL,339.0,,17,3,14
200905140HOU,PO,LAL,387.0,,19,3,16
200905140HOU,PO,LAL,469.0,,21,3,18
200905140HOU,PO,LAL,489.0,,21,5,16
200905140HOU,PO,LAL,537.0,,21,7,14
200905140HOU,PO,LAL,554.0,,23,7,16
200905140HOU,PO,LAL,569.0,,23,9,14
200905140HOU,PO,LAL,612.0,,25,9,16
200905140HOU,PO,LAL,633.0,,25,12,13
200905140HOU,PO,LAL,652.0,,27,12,15
200905140HOU,PO,LAL,703.4,,27,15,12
200905140HOU,PO,LAL,737.0,,27,17,10
200905140HOU,PO,LAL,758.0,,27,18,9
200905140HOU,PO,LAL,758.0,,27,19,8
200905140HOU,PO,LAL,782.0,,30,19,11
200905140HOU,PO,LAL,850.0,,33,19,14
200905140HOU,PO,LAL,895.0,,33,21,12
200905140HOU,PO,LAL,948.0,,35,21,14
200905140HOU,PO,LAL,1010.0,,35,23,12
200905140HOU,PO,LAL,1025.0,,37,23,14
200905140HOU,PO,LAL,1036.0,,37,25,12
200905140HOU,PO,LAL,1060.0,,39,25,14
200905140HOU,PO,LAL,1090.0,,42,25,17
200905140HOU,PO,LAL,1103.0,,42,27,15
200905140HOU,PO,LAL,1184.0,,42,28,14
200905140HOU,PO,LAL,1207.0,,42,29,13
200905140HOU,PO,LAL,1250.0,,43,29,14
200905140HOU,PO,LAL,1250.0,,44,29,15
200905140HOU,PO,LAL,1265.0,,44,31,13
200905140HOU,PO,LAL,1306.0,,46,31,15
200905140HOU,PO,LAL,1317.0,,47,31,16
200905140HOU,PO,LAL,1317.0,,47,32,15
200905140HOU,PO,LAL,1317.0,,47,33,14
200905140HOU,PO,LAL,1399.7,,47,34,13
200905140HOU,PO,LAL,1402.9,,48,34,14
200905140HOU,PO,LAL,1402.9,,49,34,15
200905140HOU,PO,LAL,1413.3,,49,36,13
200905140HOU,PO,LAL,1437.0,,52,36,16
200905140HOU,PO,LAL,1488.0,,52,38,14
200905140HOU,PO,LAL,1539.0,,52,41,11
200905140HOU,PO,LAL,1570.0,,52,43,9
200905140HOU,PO,LAL,1604.0,,52,44,8
200905140HOU,PO,LAL,1604.0,,52,45,7
200905140HOU,PO,LAL,1624.0,,54,45,9
200905140HOU,PO,LAL,1650.0,,54,48,6
200905140HOU,PO,LAL,1737.0,,54,50,4
200905140HOU,PO,LAL,1802.0,,54,51,3
200905140HOU,PO,LAL,1802.0,,54,52,2
200905140HOU,PO,LAL,1844.0,,56,52,4
200905140HOU,PO,LAL,1844.0,,57,52,5
200905140HOU,PO,LAL,1858.0,,57,54,3
200905140HOU,PO,LAL,1878.0,,59,54,5
200905140HOU,PO,LAL,1902.0,,62,54,8
200905140HOU,PO,LAL,1940.0,,62,55,7
200905140HOU,PO,LAL,1940.0,,62,56,6
200905140HOU,PO,LAL,1963.0,,64,56,8
200905140HOU,PO,LAL,1984.0,,64,58,6
200905140HOU,PO,LAL,2002.0,,66,58,8
200905140HOU,PO,LAL,2025.0,,66,60,6
200905140HOU,PO,LAL,2049.0,,68,60,8
200905140HOU,PO,LAL,2080.0,,68,63,5
200905140HOU,PO,LAL,2093.0,,70,63,7
200905140HOU,PO,LAL,2104.3,,70,65,5
200905140HOU,PO,LAL,2120.7,,72,65,7
200905140HOU,PO,LAL,2154.6,,74,65,9
200905140HOU,PO,LAL,2211.0,,74,67,7
200905140HOU,PO,LAL,2230.0,,76,67,9
200905140HOU,PO,LAL,2303.0,,76,69,7
200905140HOU,PO,LAL,2425.0,,79,69,10
200905140HOU,PO,LAL,2445.0,,79,71,8
200905140HOU,PO,LAL,2464.0,,81,71,10
200905140HOU,PO,LAL,2496.0,,82,71,11
200905140HOU,PO,LAL,2519.0,,82,73,9
200905140HOU,PO,LAL,2598.0,,84,73,11
200905140HOU,PO,LAL,2616.0,,84,75,9
200905140HOU,PO,LAL,2656.0,,86,75,11
200905140HOU,PO,LAL,2689.0,,88,75,13
200905140HOU,PO,LAL,2724.0,,89,75,14
200905140HOU,PO,LAL,2733.0,,89,77,12
200905140HOU,PO,LAL,2751.0,,90,77,13
200905140HOU,PO,LAL,2751.0,,91,77,14
200905140HOU,PO,LAL,2770.0,,91,78,13
200905140HOU,PO,LAL,2816.0,,92,78,14
200905140HOU,PO,LAL,2816.0,,93,78,15
200905140HOU,PO,LAL,2842.8,,93,80,13
200905140HOU,PO,LAL,2847.2,,94,80,14
200905140HOU,PO,LAL,2847.2,F,95,80,15
200905140HOU,PO,LAL,2880.0,,95,80,15
200905170LAL,PO,LAL,0.0,,0,0,0
200905170LAL,PO,LAL,18.0,,0,1,-1
200905170LAL,PO,LAL,75.0,,0,3,-3
200905170LAL,PO,LAL,107.0,,0,5,-5
200905170LAL,PO,LAL,141.0,,0,8,-8
200905170LAL,PO,LAL,307.0,,1,8,-7
200905170LAL,PO,LAL,307.0,,2,8,-6
200905170LAL,PO,LAL,323.0,,2,10,-8
200905170LAL,PO,LAL,412.0,,2,13,-11
200905170LAL,PO,LAL,436.0,,4,13,-9
200905170LAL,PO,LAL,457.0,,4,15,-11
200905170LAL,PO,LAL,489.0,,4,17,-13
200905170LAL,PO,LAL,513.0,,6,17,-11
200905170LAL,PO,LAL,565.0,,8,17,-9
200905170LAL,PO,LAL,587.0,,8,19,-11
200905170LAL,PO,LAL,610.0,,10,19,-9
200905170LAL,PO,LAL,674.0,,10,21,-11
200905170LAL,PO,LAL,674.0,,10,22,-12
200905170LAL,PO,LAL,685.9,,12,22,-10
200905170LAL,PO,LAL,739.0,,13,22,-9
200905170LAL,PO,LAL,775.0,,13,24,-11
200905170LAL,PO,LAL,831.0,,15,24,-9
200905170LAL,PO,LAL,898.0,,15,26,-11
200905170LAL,PO,LAL,924.0,,15,29,-14
200905170LAL,PO,LAL,979.0,,17,29,-12
200905170LAL,PO,LAL,995.0,,17,31,-14
200905170LAL,PO,LAL,1028.0,,17,33,-16
200905170LAL,PO,LAL,1058.0,,17,34,-17
200905170LAL,PO,LAL,1058.0,,17,35,-18
200905170LAL,PO,LAL,1079.0,,19,35,-16
200905170LAL,PO,LAL,1101.0,,19,37,-18
200905170LAL,PO,LAL,1104.0,,20,37,-17
200905170LAL,PO,LAL,1148.0,,22,37,-15
200905170LAL,PO,LAL,1160.0,,22,38,-16
200905170LAL,PO,LAL,1160.0,,22,39,-17
200905170LAL,PO,LAL,1179.0,,24,39,-15
200905170LAL,PO,LAL,1194.0,,24,41,-17
200905170LAL,PO,LAL,1231.0,,24,43,-19
200905170LAL,PO,LAL,1241.0,,26,43,-17
200905170LAL,PO,LAL,1261.0,,26,44,-18
200905170LAL,PO,LAL,1261.0,,26,45,-19
200905170LAL,PO,LAL,1283.0,,26,47,-21
200905170LAL,PO,LAL,1317.0,,26,48,-22
200905170LAL,PO,LAL,1317.0,,26,49,-23
200905170LAL,PO,LAL,1349.0,,26,51,-25
200905170LAL,PO,LAL,1391.2,,29,51,-22
200905170LAL,PO,LAL,1438.0,,31,51,-20
200905170LAL,PO,LAL,1457.0,,33,51,-18
200905170LAL,PO,LAL,1552.0,,33,54,-21
200905170LAL,PO,LAL,1597.0,,33,56,-23
200905170LAL,PO,LAL,1617.0,,33,57,-24
200905170LAL,PO,LAL,1617.0,,33,58,-25
200905170LAL,PO,LAL,1631.0,,35,58,-23
200905170LAL,PO,LAL,1664.0,,37,58,-21
200905170LAL,PO,LAL,1681.0,,37,59,-22
200905170LAL,PO,LAL,1712.0,,38,59,-21
200905170LAL,PO,LAL,1712.0,,39,59,-20
200905170LAL,PO,LAL,1759.0,,39,61,-22
200905170LAL,PO,LAL,1809.0,,39,63,-24
200905170LAL,PO,LAL,1833.0,,40,63,-23
200905170LAL,PO,LAL,1864.0,,43,63,-20
200905170LAL,PO,LAL,1880.0,,43,65,-22
200905170LAL,PO,LAL,1909.0,,45,65,-20
200905170LAL,PO,LAL,1930.0,,45,67,-22
200905170LAL,PO,LAL,1965.0,,48,67,-19
200905170LAL,PO,LAL,2107.9,,48,69,-21
200905170LAL,PO,LAL,2124.5,,50,69,-19
200905170LAL,PO,LAL,2217.0,,50,71,-21
200905170LAL,PO,LAL,2231.0,,51,71,-20
200905170LAL,PO,LAL,2231.0,,52,71,-19
200905170LAL,PO,LAL,2245.0,,52,73,-21
200905170LAL,PO,LAL,2341.0,,54,73,-19
200905170LAL,PO,LAL,2386.0,,54,75,-21
200905170LAL,PO,LAL,2426.0,,54,78,-24
200905170LAL,PO,LAL,2437.0,,56,78,-22
200905170LAL,PO,LAL,2452.0,,56,80,-24
200905170LAL,PO,LAL,2473.0,,56,82,-26
200905170LAL,PO,LAL,2522.0,,58,82,-24
200905170LAL,PO,LAL,2598.0,,58,84,-26
200905170LAL,PO,LAL,2636.0,,58,86,-28
200905170LAL,PO,LAL,2666.0,,58,87,-29
200905170LAL,PO,LAL,2699.0,,58,89,-31
200905170LAL,PO,LAL,2746.0,,60,89,-29
200905170LAL,PO,LAL,2782.0,,62,89,-27
200905170LAL,PO,LAL,2814.0,,64,89,-25
200905170LAL,PO,LAL,2844.9,,67,89,-22
200905170LAL,PO,LAL,2870.6,F,70,89,-19
200905170LAL,PO,LAL,2880.0,,70,89,-19
