id,type,opponent,elapsedTime,event,teamScore,opponentScore,pointDifference
201010270DAL,RS,CHA,0.0,,0,0,0
201010270DAL,RS,CHA,30.0,,2,0,2
201010270DAL,RS,CHA,64.0,,4,0,4
201010270DAL,RS,CHA,140.0,,6,0,6
201010270DAL,RS,CHA,171.0,,8,0,8
201010270DAL,RS,CHA,205.0,,10,0,10
201010270DAL,RS,CHA,255.0,,13,0,13
201010270DAL,RS,CHA,295.0,,16,0,16
201010270DAL,RS,CHA,313.0,,16,1,15
201010270DAL,RS,CHA,313.0,,16,2,14
201010270DAL,RS,CHA,327.0,,18,2,16
201010270DAL,RS,CHA,348.0,,18,4,14
201010270DAL,RS,CHA,356.0,,19,4,15
201010270DAL,RS,CHA,368.0,,19,6,13
201010270DAL,RS,CHA,396.0,,21,6,15
201010270DAL,RS,CHA,418.0,,23,6,17
201010270DAL,RS,CHA,449.0,,23,9,14
201010270DAL,RS,CHA,483.0,,23,10,13
201010270DAL,RS,CHA,483.0,,23,11,12
201010270DAL,RS,CHA,498.0,,23,13,10
201010270DAL,RS,CHA,598.0,,23,16,7
201010270DAL,RS,CHA,661.1,,25,16,9
201010270DAL,RS,CHA,680.1,,25,18,7
201010270DAL,RS,CHA,715.1,,25,21,4
201010270DAL,RS,CHA,756.0,,27,21,6
201010270DAL,RS,CHA,832.0,,27,22,5
201010270DAL,RS,CHA,832.0,,27,23,4
201010270DAL,RS,CHA,847.0,,27,25,2
201010270DAL,RS,CHA,847.0,,27,26,1
201010270DAL,RS,CHA,886.0,LC,27,28,-1
201010270DAL,RS,CHA,914.0,,27,31,-4
201010270DAL,RS,CHA,952.0,,29,31,-2
201010270DAL,RS,CHA,1000.0,T,31,31,0
201010270DAL,RS,CHA,1034.0,,31,33,-2
201010270DAL,RS,CHA,1046.0,T,33,33,0
201010270DAL,RS,CHA,1065.0,,33,34,-1
201010270DAL,RS,CHA,1065.0,,33,35,-2
201010270DAL,RS,CHA,1097.0,,33,37,-4
201010270DAL,RS,CHA,1122.0,,34,37,-3
201010270DAL,RS,CHA,1122.0,,35,37,-2
201010270DAL,RS,CHA,1145.0,T,37,37,0
201010270DAL,RS,CHA,1193.0,LC,39,37,2
201010270DAL,RS,CHA,1223.0,T,39,39,0
201010270DAL,RS,CHA,1223.0,LC,39,40,-1
201010270DAL,RS,CHA,1268.0,,39,42,-3
201010270DAL,RS,CHA,1288.0,,40,42,-2
201010270DAL,RS,CHA,1288.0,,41,42,-1
201010270DAL,RS,CHA,1298.0,,41,44,-3
201010270DAL,RS,CHA,1318.0,,43,44,-1
201010270DAL,RS,CHA,1349.0,LC,45,44,1
201010270DAL,RS,CHA,1397.1,,47,44,3
201010270DAL,RS,CHA,1419.1,,48,44,4
201010270DAL,RS,CHA,1419.1,,49,44,5
201010270DAL,RS,CHA,1430.6,,49,45,4
201010270DAL,RS,CHA,1455.0,,51,45,6
201010270DAL,RS,CHA,1514.0,,51,47,4
201010270DAL,RS,CHA,1535.0,,52,47,5
201010270DAL,RS,CHA,1535.0,,53,47,6
201010270DAL,RS,CHA,1554.0,,55,47,8
201010270DAL,RS,CHA,1614.0,,57,47,10
201010270DAL,RS,CHA,1632.0,,57,48,9
201010270DAL,RS,CHA,1632.0,,57,49,8
201010270DAL,RS,CHA,1660.0,,59,49,10
201010270DAL,RS,CHA,1682.0,,60,49,11
201010270DAL,RS,CHA,1682.0,,61,49,12
201010270DAL,RS,CHA,1689.0,,61,51,10
201010270DAL,RS,CHA,1703.0,,63,51,12
201010270DAL,RS,CHA,1730.0,,63,53,10
201010270DAL,RS,CHA,1747.0,,65,53,12
201010270DAL,RS,CHA,1774.0,,67,53,14
201010270DAL,RS,CHA,1811.0,,69,53,16
201010270DAL,RS,CHA,1828.0,,69,55,14
201010270DAL,RS,CHA,1844.0,,72,55,17
201010270DAL,RS,CHA,1862.0,,73,55,18
201010270DAL,RS,CHA,1862.0,,74,55,19
201010270DAL,RS,CHA,1881.0,,74,56,18
201010270DAL,RS,CHA,1881.0,,74,57,17
201010270DAL,RS,CHA,1894.0,,76,57,19
201010270DAL,RS,CHA,1931.0,,76,58,18
201010270DAL,RS,CHA,1931.0,,76,59,17
201010270DAL,RS,CHA,1965.0,,76,61,15
201010270DAL,RS,CHA,2031.0,,76,63,13
201010270DAL,RS,CHA,2046.0,,77,63,14
201010270DAL,RS,CHA,2046.0,,78,63,15
201010270DAL,RS,CHA,2068.0,,78,65,13
201010270DAL,RS,CHA,2119.8,,80,65,15
201010270DAL,RS,CHA,2131.0,,80,67,13
201010270DAL,RS,CHA,2179.0,,80,69,11
201010270DAL,RS,CHA,2242.0,,80,70,10
201010270DAL,RS,CHA,2261.0,,82,70,12
201010270DAL,RS,CHA,2322.0,,82,72,10
201010270DAL,RS,CHA,2340.0,,84,72,12
201010270DAL,RS,CHA,2432.0,,84,73,11
201010270DAL,RS,CHA,2432.0,,84,74,10
201010270DAL,RS,CHA,2449.0,,86,74,12
201010270DAL,RS,CHA,2462.0,,86,77,9
201010270DAL,RS,CHA,2462.0,,86,78,8
201010270DAL,RS,CHA,2480.0,,89,78,11
201010270DAL,RS,CHA,2526.0,,89,80,9
201010270DAL,RS,CHA,2541.0,,91,80,11
201010270DAL,RS,CHA,2563.0,,93,80,13
201010270DAL,RS,CHA,2609.0,,93,82,11
201010270DAL,RS,CHA,2630.0,,95,82,13
201010270DAL,RS,CHA,2664.0,,97,82,15
201010270DAL,RS,CHA,2722.0,,99,82,17
201010270DAL,RS,CHA,2737.0,,99,83,16
201010270DAL,RS,CHA,2737.0,,99,84,15
201010270DAL,RS,CHA,2759.0,,99,86,13
201010270DAL,RS,CHA,2820.8,F,101,86,15
201010270DAL,RS,CHA,2880.0,,101,86,15
201010290DAL,RS,MEM,0.0,,0,0,0
201010290DAL,RS,MEM,21.0,,2,0,2
201010290DAL,RS,MEM,38.0,T,2,2,0
201010290DAL,RS,MEM,48.0,,3,2,1
201010290DAL,RS,MEM,48.0,,4,2,2
201010290DAL,RS,MEM,80.0,,7,2,5
201010290DAL,RS,MEM,96.0,,7,4,3
201010290DAL,RS,MEM,123.0,,9,4,5
201010290DAL,RS,MEM,147.0,,11,4,7
201010290DAL,RS,MEM,166.0,,11,6,5
201010290DAL,RS,MEM,196.0,,11,7,4
201010290DAL,RS,MEM,196.0,,11,8,3
201010290DAL,RS,MEM,293.0,,11,9,2
201010290DAL,RS,MEM,293.0,,11,10,1
201010290DAL,RS,MEM,316.0,LC,11,12,-1
201010290DAL,RS,MEM,329.0,LC,13,12,1
201010290DAL,RS,MEM,347.0,LC,13,14,-1
201010290DAL,RS,MEM,368.0,LC,15,14,1
201010290DAL,RS,MEM,382.0,LC,15,16,-1
201010290DAL,RS,MEM,418.0,LC,17,16,1
201010290DAL,RS,MEM,454.0,,19,16,3
201010290DAL,RS,MEM,473.0,,19,18,1
201010290DAL,RS,MEM,490.0,,22,18,4
201010290DAL,RS,MEM,521.0,,22,20,2
201010290DAL,RS,MEM,570.0,,23,20,3
201010290DAL,RS,MEM,570.0,,24,20,4
201010290DAL,RS,MEM,582.0,,24,22,2
201010290DAL,RS,MEM,641.0,,26,22,4
201010290DAL,RS,MEM,669.1,,26,24,2
201010290DAL,RS,MEM,682.5,,27,24,3
201010290DAL,RS,MEM,717.9,,29,24,5
201010290DAL,RS,MEM,810.0,,29,25,4
201010290DAL,RS,MEM,826.0,,31,25,6
201010290DAL,RS,MEM,903.0,,33,25,8
201010290DAL,RS,MEM,914.0,,35,25,10
201010290DAL,RS,MEM,931.0,,35,28,7
201010290DAL,RS,MEM,959.0,,35,30,5
201010290DAL,RS,MEM,959.0,,35,31,4
201010290DAL,RS,MEM,1011.0,,37,31,6
201010290DAL,RS,MEM,1024.0,,37,33,4
201010290DAL,RS,MEM,1079.0,,38,33,5
201010290DAL,RS,MEM,1079.0,,39,33,6
201010290DAL,RS,MEM,1113.0,,40,33,7
201010290DAL,RS,MEM,1137.0,,40,34,6
201010290DAL,RS,MEM,1155.0,,42,34,8
201010290DAL,RS,MEM,1165.0,,42,35,7
201010290DAL,RS,MEM,1232.0,,42,36,6
201010290DAL,RS,MEM,1252.0,,43,36,7
201010290DAL,RS,MEM,1291.0,,46,36,10
201010290DAL,RS,MEM,1311.0,,47,36,11
201010290DAL,RS,MEM,1335.0,,47,38,9
201010290DAL,RS,MEM,1361.0,,47,39,8
201010290DAL,RS,MEM,1369.0,,48,39,9
201010290DAL,RS,MEM,1401.3,,48,41,7
201010290DAL,RS,MEM,1423.0,,50,41,9
201010290DAL,RS,MEM,1457.0,,50,44,6
201010290DAL,RS,MEM,1529.0,,52,44,8
201010290DAL,RS,MEM,1547.0,,52,46,6
201010290DAL,RS,MEM,1566.0,,54,46,8
201010290DAL,RS,MEM,1600.0,,56,46,10
201010290DAL,RS,MEM,1618.0,,56,48,8
201010290DAL,RS,MEM,1633.0,,57,48,9
201010290DAL,RS,MEM,1643.0,,57,50,7
201010290DAL,RS,MEM,1643.0,,57,51,6
201010290DAL,RS,MEM,1663.0,,57,53,4
201010290DAL,RS,MEM,1699.0,,59,53,6
201010290DAL,RS,MEM,1729.0,,61,53,8
201010290DAL,RS,MEM,1749.0,,61,55,6
201010290DAL,RS,MEM,1789.0,,61,57,4
201010290DAL,RS,MEM,1850.0,,61,59,2
201010290DAL,RS,MEM,1882.0,LC,61,62,-1
201010290DAL,RS,MEM,1893.0,LC,63,62,1
201010290DAL,RS,MEM,1911.0,LC,63,65,-2
201010290DAL,RS,MEM,2013.0,T,65,65,0
201010290DAL,RS,MEM,2033.0,,65,66,-1
201010290DAL,RS,MEM,2033.0,,65,67,-2
201010290DAL,RS,MEM,2078.0,LC,68,67,1
201010290DAL,RS,MEM,2113.6,,71,67,4
201010290DAL,RS,MEM,2127.9,,71,69,2
201010290DAL,RS,MEM,2145.6,,72,69,3
201010290DAL,RS,MEM,2145.6,,73,69,4
201010290DAL,RS,MEM,2159.1,,75,69,6
201010290DAL,RS,MEM,2174.0,,77,69,8
201010290DAL,RS,MEM,2190.0,,77,70,7
201010290DAL,RS,MEM,2190.0,,77,71,6
201010290DAL,RS,MEM,2208.0,,77,72,5
201010290DAL,RS,MEM,2208.0,,77,73,4
201010290DAL,RS,MEM,2316.0,,77,74,3
201010290DAL,RS,MEM,2316.0,,77,75,2
201010290DAL,RS,MEM,2354.0,,79,75,4
201010290DAL,RS,MEM,2373.0,,79,77,2
201010290DAL,RS,MEM,2458.0,T,79,79,0
201010290DAL,RS,MEM,2476.0,LC,79,80,-1
201010290DAL,RS,MEM,2476.0,,79,81,-2
201010290DAL,RS,MEM,2512.0,,80,81,-1
201010290DAL,RS,MEM,2523.0,,80,83,-3
201010290DAL,RS,MEM,2540.0,,80,84,-4
201010290DAL,RS,MEM,2553.0,,82,84,-2
201010290DAL,RS,MEM,2574.0,LC,85,84,1
201010290DAL,RS,MEM,2618.0,T,85,85,0
201010290DAL,RS,MEM,2693.0,,87,85,2
201010290DAL,RS,MEM,2693.0,,88,85,3
201010290DAL,RS,MEM,2712.0,,88,87,1
201010290DAL,RS,MEM,2788.0,LC,88,89,-1
201010290DAL,RS,MEM,2810.0,LC,90,89,1
201010290DAL,RS,MEM,2832.9,T,90,90,0
201010290DAL,RS,MEM,2873.3,F,90,91,-1
201010290DAL,RS,MEM,2880.0,,90,91,-1
201010310LAC,RS,LAC,0.0,,0,0,0
201010310LAC,RS,LAC,17.0,,2,0,2
201010310LAC,RS,LAC,37.0,T,2,2,0
201010310LAC,RS,LAC,52.0,,4,2,2
201010310LAC,RS,LAC,95.0,,7,2,5
201010310LAC,RS,LAC,109.0,,7,3,4
201010310LAC,RS,LAC,109.0,,7,4,3
201010310LAC,RS,LAC,148.0,,10,4,6
201010310LAC,RS,LAC,174.0,,12,4,8
201010310LAC,RS,LAC,203.0,,12,5,7
201010310LAC,RS,LAC,203.0,,12,6,6
201010310LAC,RS,LAC,238.0,,13,6,7
201010310LAC,RS,LAC,238.0,,14,6,8
201010310LAC,RS,LAC,264.0,,14,7,7
201010310LAC,RS,LAC,264.0,,14,8,6
201010310LAC,RS,LAC,303.0,,14,9,5
201010310LAC,RS,LAC,303.0,,15,9,6
201010310LAC,RS,LAC,303.0,,16,9,7
201010310LAC,RS,LAC,322.0,,16,12,4
201010310LAC,RS,LAC,349.0,,19,12,7
201010310LAC,RS,LAC,402.0,,21,12,9
201010310LAC,RS,LAC,446.0,,22,12,10
201010310LAC,RS,LAC,446.0,,23,12,11
201010310LAC,RS,LAC,480.0,,23,13,10
201010310LAC,RS,LAC,480.0,,23,14,9
201010310LAC,RS,LAC,499.0,,23,16,7
201010310LAC,RS,LAC,526.0,,23,18,5
201010310LAC,RS,LAC,557.0,,23,21,2
201010310LAC,RS,LAC,575.0,,25,21,4
201010310LAC,RS,LAC,684.6,,27,21,6
201010310LAC,RS,LAC,704.7,,27,23,4
201010310LAC,RS,LAC,762.0,,27,25,2
201010310LAC,RS,LAC,762.0,,27,26,1
201010310LAC,RS,LAC,785.0,,29,26,3
201010310LAC,RS,LAC,794.0,,29,27,2
201010310LAC,RS,LAC,820.0,T,29,29,0
201010310LAC,RS,LAC,842.0,,31,29,2
201010310LAC,RS,LAC,860.0,T,31,31,0
201010310LAC,RS,LAC,917.0,,33,31,2
201010310LAC,RS,LAC,946.0,T,33,33,0
201010310LAC,RS,LAC,966.0,,35,33,2
201010310LAC,RS,LAC,1009.0,T,35,35,0
201010310LAC,RS,LAC,1065.0,LC,35,38,-3
201010310LAC,RS,LAC,1086.0,,36,38,-2
201010310LAC,RS,LAC,1102.0,,36,40,-4
201010310LAC,RS,LAC,1144.0,,38,40,-2
201010310LAC,RS,LAC,1155.0,,38,41,-3
201010310LAC,RS,LAC,1155.0,,38,42,-4
201010310LAC,RS,LAC,1191.0,,38,44,-6
201010310LAC,RS,LAC,1245.0,,40,44,-4
201010310LAC,RS,LAC,1272.0,,42,44,-2
201010310LAC,RS,LAC,1301.0,T,44,44,0
201010310LAC,RS,LAC,1343.0,,44,46,-2
201010310LAC,RS,LAC,1373.0,T,46,46,0
201010310LAC,RS,LAC,1390.7,,46,47,-1
201010310LAC,RS,LAC,1439.6,LC,49,47,2
201010310LAC,RS,LAC,1459.0,T,49,49,0
201010310LAC,RS,LAC,1478.0,,51,49,2
201010310LAC,RS,LAC,1508.0,,52,49,3
201010310LAC,RS,LAC,1508.0,,53,49,4
201010310LAC,RS,LAC,1518.0,,53,51,2
201010310LAC,RS,LAC,1554.0,,55,51,4
201010310LAC,RS,LAC,1574.0,,56,51,5
201010310LAC,RS,LAC,1574.0,,57,51,6
201010310LAC,RS,LAC,1605.0,,58,51,7
201010310LAC,RS,LAC,1605.0,,59,51,8
201010310LAC,RS,LAC,1678.0,,59,52,7
201010310LAC,RS,LAC,1686.0,,60,52,8
201010310LAC,RS,LAC,1686.0,,61,52,9
201010310LAC,RS,LAC,1717.0,,63,52,11
201010310LAC,RS,LAC,1742.0,,63,54,9
201010310LAC,RS,LAC,1769.0,,63,55,8
201010310LAC,RS,LAC,1769.0,,63,56,7
201010310LAC,RS,LAC,1784.0,,66,56,10
201010310LAC,RS,LAC,1802.0,,66,58,8
201010310LAC,RS,LAC,1815.0,,67,58,9
201010310LAC,RS,LAC,1815.0,,68,58,10
201010310LAC,RS,LAC,1828.0,,68,60,8
201010310LAC,RS,LAC,1872.0,,68,61,7
201010310LAC,RS,LAC,1910.0,,70,61,9
201010310LAC,RS,LAC,1943.0,,71,61,10
201010310LAC,RS,LAC,1943.0,,72,61,11
201010310LAC,RS,LAC,1993.0,,72,62,10
201010310LAC,RS,LAC,2007.0,,74,62,12
201010310LAC,RS,LAC,2034.0,,76,62,14
201010310LAC,RS,LAC,2058.0,,76,63,13
201010310LAC,RS,LAC,2081.0,,78,63,15
201010310LAC,RS,LAC,2092.0,,78,66,12
201010310LAC,RS,LAC,2176.0,,80,66,14
201010310LAC,RS,LAC,2205.0,,80,68,12
201010310LAC,RS,LAC,2260.0,,82,68,14
201010310LAC,RS,LAC,2344.0,,82,69,13
201010310LAC,RS,LAC,2371.0,,85,69,16
201010310LAC,RS,LAC,2403.0,,85,71,14
201010310LAC,RS,LAC,2403.0,,85,72,13
201010310LAC,RS,LAC,2449.0,,85,74,11
201010310LAC,RS,LAC,2468.0,,88,74,14
201010310LAC,RS,LAC,2494.0,,88,76,12
201010310LAC,RS,LAC,2511.0,,90,76,14
201010310LAC,RS,LAC,2526.0,,90,78,12
201010310LAC,RS,LAC,2545.0,,92,78,14
201010310LAC,RS,LAC,2606.0,,92,80,12
201010310LAC,RS,LAC,2670.0,,92,81,11
201010310LAC,RS,LAC,2694.0,,94,81,13
201010310LAC,RS,LAC,2694.0,,95,81,14
201010310LAC,RS,LAC,2790.0,,97,81,16
201010310LAC,RS,LAC,2805.0,,99,81,18
201010310LAC,RS,LAC,2823.0,F,99,83,16
201010310LAC,RS,LAC,2880.0,,99,83,16
201011030DEN,RS,DEN,0.0,,0,0,0
201011030DEN,RS,DEN,19.0,,2,0,2
201011030DEN,RS,DEN,41.0,T,2,2,0
201011030DEN,RS,DEN,103.0,,4,2,2
201011030DEN,RS,DEN,133.0,T,4,4,0
201011030DEN,RS,DEN,144.0,,6,4,2
201011030DEN,RS,DEN,151.0,LC,6,7,-1
201011030DEN,RS,DEN,213.0,,6,10,-4
201011030DEN,RS,DEN,250.0,,6,12,-6
201011030DEN,RS,DEN,286.0,,6,14,-8
201011030DEN,RS,DEN,314.0,,8,14,-6
201011030DEN,RS,DEN,371.0,,11,14,-3
201011030DEN,RS,DEN,390.0,,11,15,-4
201011030DEN,RS,DEN,390.0,,11,16,-5
201011030DEN,RS,DEN,428.0,,11,18,-7
201011030DEN,RS,DEN,476.0,,13,18,-5
201011030DEN,RS,DEN,502.0,,13,20,-7
201011030DEN,RS,DEN,560.0,,15,20,-5
201011030DEN,RS,DEN,578.0,,15,23,-8
201011030DEN,RS,DEN,595.0,,17,23,-6
201011030DEN,RS,DEN,638.0,,19,23,-4
201011030DEN,RS,DEN,643.0,,19,24,-5
201011030DEN,RS,DEN,643.0,,19,25,-6
201011030DEN,RS,DEN,674.2,,21,25,-4
201011030DEN,RS,DEN,701.1,,22,25,-3
201011030DEN,RS,DEN,701.1,,23,25,-2
201011030DEN,RS,DEN,714.4,,23,27,-4
201011030DEN,RS,DEN,737.0,,23,29,-6
201011030DEN,RS,DEN,760.0,,25,29,-4
201011030DEN,RS,DEN,798.0,,27,29,-2
201011030DEN,RS,DEN,875.0,,27,31,-4
201011030DEN,RS,DEN,905.0,,27,33,-6
201011030DEN,RS,DEN,932.0,,27,35,-8
201011030DEN,RS,DEN,951.0,,29,35,-6
201011030DEN,RS,DEN,966.0,,29,37,-8
201011030DEN,RS,DEN,1008.0,,29,39,-10
201011030DEN,RS,DEN,1032.0,,30,39,-9
201011030DEN,RS,DEN,1032.0,,31,39,-8
201011030DEN,RS,DEN,1057.0,,31,41,-10
201011030DEN,RS,DEN,1064.0,,32,41,-9
201011030DEN,RS,DEN,1064.0,,33,41,-8
201011030DEN,RS,DEN,1119.0,,35,41,-6
201011030DEN,RS,DEN,1119.0,,36,41,-5
201011030DEN,RS,DEN,1188.0,,36,42,-6
201011030DEN,RS,DEN,1188.0,,36,43,-7
201011030DEN,RS,DEN,1217.0,,37,43,-6
201011030DEN,RS,DEN,1217.0,,38,43,-5
201011030DEN,RS,DEN,1239.0,,39,43,-4
201011030DEN,RS,DEN,1239.0,,40,43,-3
201011030DEN,RS,DEN,1268.0,,42,43,-1
201011030DEN,RS,DEN,1317.0,,42,45,-3
201011030DEN,RS,DEN,1338.0,,44,45,-1
201011030DEN,RS,DEN,1366.0,,44,48,-4
201011030DEN,RS,DEN,1383.6,,46,48,-2
201011030DEN,RS,DEN,1399.5,,46,49,-3
201011030DEN,RS,DEN,1409.3,,48,49,-1
201011030DEN,RS,DEN,1422.5,,48,52,-4
201011030DEN,RS,DEN,1439.8,,50,52,-2
201011030DEN,RS,DEN,1482.0,T,52,52,0
201011030DEN,RS,DEN,1524.0,,52,54,-2
201011030DEN,RS,DEN,1552.0,LC,55,54,1
201011030DEN,RS,DEN,1568.0,,58,54,4
201011030DEN,RS,DEN,1599.0,,58,56,2
201011030DEN,RS,DEN,1631.0,,59,56,3
201011030DEN,RS,DEN,1631.0,,60,56,4
201011030DEN,RS,DEN,1644.0,,60,58,2
201011030DEN,RS,DEN,1662.0,,61,58,3
201011030DEN,RS,DEN,1687.0,,63,58,5
201011030DEN,RS,DEN,1753.0,,66,58,8
201011030DEN,RS,DEN,1770.0,,66,60,6
201011030DEN,RS,DEN,1785.0,,67,60,7
201011030DEN,RS,DEN,1785.0,,68,60,8
201011030DEN,RS,DEN,1836.0,,68,63,5
201011030DEN,RS,DEN,1852.0,,70,63,7
201011030DEN,RS,DEN,1876.0,,73,63,10
201011030DEN,RS,DEN,1894.0,,73,65,8
201011030DEN,RS,DEN,1894.0,,73,66,7
201011030DEN,RS,DEN,1907.0,,75,66,9
201011030DEN,RS,DEN,1928.0,,77,66,11
201011030DEN,RS,DEN,1943.0,,77,69,8
201011030DEN,RS,DEN,1964.0,,79,69,10
201011030DEN,RS,DEN,1973.0,,79,72,7
201011030DEN,RS,DEN,1999.0,,79,74,5
201011030DEN,RS,DEN,2023.0,,82,74,8
201011030DEN,RS,DEN,2064.0,,82,76,6
201011030DEN,RS,DEN,2120.9,,84,76,8
201011030DEN,RS,DEN,2136.1,,84,78,6
201011030DEN,RS,DEN,2158.7,,84,80,4
201011030DEN,RS,DEN,2171.0,,85,80,5
201011030DEN,RS,DEN,2193.0,,85,82,3
201011030DEN,RS,DEN,2211.0,,87,82,5
201011030DEN,RS,DEN,2247.0,,89,82,7
201011030DEN,RS,DEN,2347.0,,89,85,4
201011030DEN,RS,DEN,2365.0,,91,85,6
201011030DEN,RS,DEN,2369.0,,91,87,4
201011030DEN,RS,DEN,2369.0,,91,88,3
201011030DEN,RS,DEN,2388.0,,93,88,5
201011030DEN,RS,DEN,2436.0,,93,90,3
201011030DEN,RS,DEN,2522.0,,93,92,1
201011030DEN,RS,DEN,2554.0,LC,93,95,-2
201011030DEN,RS,DEN,2603.0,,93,97,-4
201011030DEN,RS,DEN,2626.0,,95,97,-2
201011030DEN,RS,DEN,2667.0,T,97,97,0
201011030DEN,RS,DEN,2721.0,LC,99,97,2
201011030DEN,RS,DEN,2738.0,T,99,99,0
201011030DEN,RS,DEN,2761.0,,102,99,3
201011030DEN,RS,DEN,2847.9,F,102,101,1
201011030DEN,RS,DEN,2880.0,,102,101,1
201011060DAL,RS,DEN,0.0,,0,0,0
201011060DAL,RS,DEN,16.0,,1,0,1
201011060DAL,RS,DEN,16.0,,2,0,2
201011060DAL,RS,DEN,41.0,T,2,2,0
201011060DAL,RS,DEN,100.0,LC,2,4,-2
201011060DAL,RS,DEN,126.0,T,4,4,0
201011060DAL,RS,DEN,142.0,,4,6,-2
201011060DAL,RS,DEN,211.0,,5,6,-1
201011060DAL,RS,DEN,244.0,,5,8,-3
201011060DAL,RS,DEN,268.0,,5,10,-5
201011060DAL,RS,DEN,279.0,,7,10,-3
201011060DAL,RS,DEN,279.0,,8,10,-2
201011060DAL,RS,DEN,298.0,,8,12,-4
201011060DAL,RS,DEN,324.0,,11,12,-1
201011060DAL,RS,DEN,356.0,LC,13,12,1
201011060DAL,RS,DEN,371.0,T,13,13,0
201011060DAL,RS,DEN,406.0,,15,13,2
201011060DAL,RS,DEN,426.0,,17,13,4
201011060DAL,RS,DEN,450.0,,17,16,1
201011060DAL,RS,DEN,464.0,,19,16,3
201011060DAL,RS,DEN,464.0,,20,16,4
201011060DAL,RS,DEN,504.0,,21,16,5
201011060DAL,RS,DEN,504.0,,22,16,6
201011060DAL,RS,DEN,510.0,,22,18,4
201011060DAL,RS,DEN,570.0,,22,20,2
201011060DAL,RS,DEN,604.0,LC,22,23,-1
201011060DAL,RS,DEN,643.0,,22,24,-2
201011060DAL,RS,DEN,662.3,,22,26,-4
201011060DAL,RS,DEN,696.2,,24,26,-2
201011060DAL,RS,DEN,742.0,,24,29,-5
201011060DAL,RS,DEN,788.0,,26,29,-3
201011060DAL,RS,DEN,828.0,,26,32,-6
201011060DAL,RS,DEN,835.0,,27,32,-5
201011060DAL,RS,DEN,857.0,,27,35,-8
201011060DAL,RS,DEN,884.0,,29,35,-6
201011060DAL,RS,DEN,899.0,,29,37,-8
201011060DAL,RS,DEN,920.0,,31,37,-6
201011060DAL,RS,DEN,936.0,,31,39,-8
201011060DAL,RS,DEN,965.0,,31,41,-10
201011060DAL,RS,DEN,1017.0,,33,41,-8
201011060DAL,RS,DEN,1039.0,,33,43,-10
201011060DAL,RS,DEN,1065.0,,36,43,-7
201011060DAL,RS,DEN,1116.0,,38,43,-5
201011060DAL,RS,DEN,1131.0,,38,45,-7
201011060DAL,RS,DEN,1157.0,,40,45,-5
201011060DAL,RS,DEN,1177.0,,40,46,-6
201011060DAL,RS,DEN,1177.0,,40,47,-7
201011060DAL,RS,DEN,1200.0,,41,47,-6
201011060DAL,RS,DEN,1219.0,,43,47,-4
201011060DAL,RS,DEN,1232.0,,43,50,-7
201011060DAL,RS,DEN,1253.0,,45,50,-5
201011060DAL,RS,DEN,1327.0,,45,51,-6
201011060DAL,RS,DEN,1343.0,,46,51,-5
201011060DAL,RS,DEN,1343.0,,47,51,-4
201011060DAL,RS,DEN,1356.0,,47,53,-6
201011060DAL,RS,DEN,1364.0,,48,53,-5
201011060DAL,RS,DEN,1364.0,,49,53,-4
201011060DAL,RS,DEN,1434.1,,52,53,-1
201011060DAL,RS,DEN,1451.0,,52,55,-3
201011060DAL,RS,DEN,1485.0,,53,55,-2
201011060DAL,RS,DEN,1509.0,T,55,55,0
201011060DAL,RS,DEN,1524.0,,55,57,-2
201011060DAL,RS,DEN,1568.0,T,57,57,0
201011060DAL,RS,DEN,1587.0,,57,60,-3
201011060DAL,RS,DEN,1604.0,,59,60,-1
201011060DAL,RS,DEN,1627.0,LC,62,60,2
201011060DAL,RS,DEN,1659.0,,64,60,4
201011060DAL,RS,DEN,1690.0,,66,60,6
201011060DAL,RS,DEN,1704.0,,66,61,5
201011060DAL,RS,DEN,1704.0,,66,62,4
201011060DAL,RS,DEN,1784.0,,67,62,5
201011060DAL,RS,DEN,1784.0,,68,62,6
201011060DAL,RS,DEN,1866.0,,68,63,5
201011060DAL,RS,DEN,1866.0,,68,64,4
201011060DAL,RS,DEN,1877.0,,70,64,6
201011060DAL,RS,DEN,1895.0,,70,66,4
201011060DAL,RS,DEN,1932.0,,70,69,1
201011060DAL,RS,DEN,1965.0,LC,70,72,-2
201011060DAL,RS,DEN,1992.0,,71,72,-1
201011060DAL,RS,DEN,2026.0,LC,73,72,1
201011060DAL,RS,DEN,2041.0,,75,72,3
201011060DAL,RS,DEN,2064.0,T,75,75,0
201011060DAL,RS,DEN,2076.0,,76,75,1
201011060DAL,RS,DEN,2076.0,,77,75,2
201011060DAL,RS,DEN,2115.6,,77,76,1
201011060DAL,RS,DEN,2115.6,T,77,77,0
201011060DAL,RS,DEN,2129.3,,79,77,2
201011060DAL,RS,DEN,2142.4,T,79,79,0
201011060DAL,RS,DEN,2201.0,LC,79,81,-2
201011060DAL,RS,DEN,2240.0,T,81,81,0
201011060DAL,RS,DEN,2260.0,,81,84,-3
201011060DAL,RS,DEN,2319.0,,81,87,-6
201011060DAL,RS,DEN,2343.0,,83,87,-4
201011060DAL,RS,DEN,2367.0,,83,89,-6
201011060DAL,RS,DEN,2437.0,,83,91,-8
201011060DAL,RS,DEN,2489.0,,85,91,-6
201011060DAL,RS,DEN,2508.0,,85,93,-8
201011060DAL,RS,DEN,2541.0,,85,96,-11
201011060DAL,RS,DEN,2573.0,,85,97,-12
201011060DAL,RS,DEN,2573.0,,85,98,-13
201011060DAL,RS,DEN,2595.0,,87,98,-11
201011060DAL,RS,DEN,2642.0,,89,98,-9
201011060DAL,RS,DEN,2760.0,,90,98,-8
201011060DAL,RS,DEN,2776.0,,90,99,-9
201011060DAL,RS,DEN,2776.0,,90,100,-10
201011060DAL,RS,DEN,2806.0,,90,102,-12
201011060DAL,RS,DEN,2833.5,,90,103,-13
201011060DAL,RS,DEN,2851.4,F,92,103,-11
201011060DAL,RS,DEN,2880.0,,92,103,-11
201011080DAL,RS,BOS,0.0,,0,0,0
201011080DAL,RS,BOS,11.0,,0,2,-2
201011080DAL,RS,BOS,25.0,T,2,2,0
201011080DAL,RS,BOS,85.0,,2,4,-2
201011080DAL,RS,BOS,136.0,T,4,4,0
201011080DAL,RS,BOS,208.0,,4,6,-2
201011080DAL,RS,BOS,245.0,T,6,6,0
201011080DAL,RS,BOS,279.0,LC,9,6,3
201011080DAL,RS,BOS,301.0,,11,6,5
201011080DAL,RS,BOS,342.0,,11,7,4
201011080DAL,RS,BOS,384.0,,13,7,6
201011080DAL,RS,BOS,397.0,,13,9,4
201011080DAL,RS,BOS,421.0,,13,11,2
201011080DAL,RS,BOS,446.0,T,13,13,0
201011080DAL,RS,BOS,467.0,,15,13,2
201011080DAL,RS,BOS,500.0,,18,13,5
201011080DAL,RS,BOS,523.0,,18,15,3
201011080DAL,RS,BOS,617.0,,18,16,2
201011080DAL,RS,BOS,617.0,,18,17,1
201011080DAL,RS,BOS,711.1,,19,17,2
201011080DAL,RS,BOS,711.1,,20,17,3
201011080DAL,RS,BOS,716.1,,20,19,1
201011080DAL,RS,BOS,719.6,,23,19,4
201011080DAL,RS,BOS,743.0,,25,19,6
201011080DAL,RS,BOS,761.0,,25,21,4
201011080DAL,RS,BOS,783.0,,27,21,6
201011080DAL,RS,BOS,800.0,,27,23,4
201011080DAL,RS,BOS,844.0,,27,26,1
201011080DAL,RS,BOS,856.0,,29,26,3
201011080DAL,RS,BOS,891.0,,31,26,5
201011080DAL,RS,BOS,959.0,,33,26,7
201011080DAL,RS,BOS,959.0,,34,26,8
201011080DAL,RS,BOS,983.0,,34,28,6
201011080DAL,RS,BOS,999.0,,36,28,8
201011080DAL,RS,BOS,1016.0,,36,30,6
201011080DAL,RS,BOS,1050.0,,39,30,9
201011080DAL,RS,BOS,1050.0,,40,30,10
201011080DAL,RS,BOS,1124.0,,42,30,12
201011080DAL,RS,BOS,1146.0,,42,32,10
201011080DAL,RS,BOS,1176.0,,42,34,8
201011080DAL,RS,BOS,1201.0,,44,34,10
201011080DAL,RS,BOS,1224.0,,46,34,12
201011080DAL,RS,BOS,1244.0,,46,36,10
201011080DAL,RS,BOS,1262.0,,48,36,12
201011080DAL,RS,BOS,1331.0,,50,36,14
201011080DAL,RS,BOS,1405.6,,50,37,13
201011080DAL,RS,BOS,1405.6,,50,38,12
201011080DAL,RS,BOS,1439.5,,50,40,10
201011080DAL,RS,BOS,1498.0,,50,43,7
201011080DAL,RS,BOS,1587.0,,50,45,5
201011080DAL,RS,BOS,1612.0,,52,45,7
201011080DAL,RS,BOS,1627.0,,52,47,5
201011080DAL,RS,BOS,1657.0,,55,47,8
201011080DAL,RS,BOS,1719.0,,55,49,6
201011080DAL,RS,BOS,1744.0,,56,49,7
201011080DAL,RS,BOS,1744.0,,57,49,8
201011080DAL,RS,BOS,1757.0,,57,51,6
201011080DAL,RS,BOS,1786.0,,57,53,4
201011080DAL,RS,BOS,1824.0,,57,55,2
201011080DAL,RS,BOS,1877.0,T,57,57,0
201011080DAL,RS,BOS,1895.0,,58,57,1
201011080DAL,RS,BOS,1895.0,,59,57,2
201011080DAL,RS,BOS,1905.0,T,59,59,0
201011080DAL,RS,BOS,1934.0,LC,59,62,-3
201011080DAL,RS,BOS,1954.0,,60,62,-2
201011080DAL,RS,BOS,1954.0,,61,62,-1
201011080DAL,RS,BOS,2000.0,,61,64,-3
201011080DAL,RS,BOS,2027.0,,63,64,-1
201011080DAL,RS,BOS,2043.0,,63,67,-4
201011080DAL,RS,BOS,2057.0,,64,67,-3
201011080DAL,RS,BOS,2057.0,,65,67,-2
201011080DAL,RS,BOS,2074.0,,66,67,-1
201011080DAL,RS,BOS,2097.0,,66,69,-3
201011080DAL,RS,BOS,2115.7,,67,69,-2
201011080DAL,RS,BOS,2115.7,,68,69,-1
201011080DAL,RS,BOS,2139.1,LC,70,69,1
201011080DAL,RS,BOS,2234.0,LC,70,71,-1
201011080DAL,RS,BOS,2255.0,LC,72,71,1
201011080DAL,RS,BOS,2294.0,,74,71,3
201011080DAL,RS,BOS,2323.0,,74,73,1
201011080DAL,RS,BOS,2345.0,LC,74,75,-1
201011080DAL,RS,BOS,2345.0,,74,76,-2
201011080DAL,RS,BOS,2381.0,,74,78,-4
201011080DAL,RS,BOS,2435.0,,74,80,-6
201011080DAL,RS,BOS,2536.0,,76,80,-4
201011080DAL,RS,BOS,2572.0,,78,80,-2
201011080DAL,RS,BOS,2632.0,,79,80,-1
201011080DAL,RS,BOS,2632.0,T,80,80,0
201011080DAL,RS,BOS,2687.0,,80,82,-2
201011080DAL,RS,BOS,2687.0,,80,83,-3
201011080DAL,RS,BOS,2703.0,,82,83,-1
201011080DAL,RS,BOS,2728.0,,82,85,-3
201011080DAL,RS,BOS,2762.0,,82,87,-5
201011080DAL,RS,BOS,2776.0,,84,87,-3
201011080DAL,RS,BOS,2807.0,T,87,87,0
201011080DAL,RS,BOS,2862.1,F,89,87,2
201011080DAL,RS,BOS,2880.0,,89,87,2
201011100MEM,RS,MEM,0.0,,0,0,0
201011100MEM,RS,MEM,43.0,,0,2,-2
201011100MEM,RS,MEM,61.0,T,2,2,0
201011100MEM,RS,MEM,82.0,,2,4,-2
201011100MEM,RS,MEM,101.0,LC,5,4,1
201011100MEM,RS,MEM,181.0,,7,4,3
201011100MEM,RS,MEM,246.0,,10,4,6
201011100MEM,RS,MEM,264.0,,10,6,4
201011100MEM,RS,MEM,297.0,,10,8,2
201011100MEM,RS,MEM,313.0,,13,8,5
201011100MEM,RS,MEM,346.0,,13,10,3
201011100MEM,RS,MEM,371.0,,15,10,5
201011100MEM,RS,MEM,421.0,,15,12,3
201011100MEM,RS,MEM,433.0,,17,12,5
201011100MEM,RS,MEM,470.0,,17,14,3
201011100MEM,RS,MEM,492.0,,19,14,5
201011100MEM,RS,MEM,513.0,,19,15,4
201011100MEM,RS,MEM,513.0,,19,16,3
201011100MEM,RS,MEM,527.0,,21,16,5
201011100MEM,RS,MEM,552.0,,21,19,2
201011100MEM,RS,MEM,580.0,,23,19,4
201011100MEM,RS,MEM,635.0,,25,19,6
201011100MEM,RS,MEM,654.0,,25,21,4
201011100MEM,RS,MEM,674.8,,27,21,6
201011100MEM,RS,MEM,742.0,,30,21,9
201011100MEM,RS,MEM,752.0,,30,23,7
201011100MEM,RS,MEM,774.0,,32,23,9
201011100MEM,RS,MEM,827.0,,34,23,11
201011100MEM,RS,MEM,844.0,,34,25,9
201011100MEM,RS,MEM,861.0,,36,25,11
201011100MEM,RS,MEM,1024.0,,38,25,13
201011100MEM,RS,MEM,1038.0,,38,28,10
201011100MEM,RS,MEM,1069.0,,38,30,8
201011100MEM,RS,MEM,1069.0,,38,31,7
201011100MEM,RS,MEM,1082.0,,40,31,9
201011100MEM,RS,MEM,1099.0,,40,33,7
201011100MEM,RS,MEM,1122.0,,42,33,9
201011100MEM,RS,MEM,1144.0,,42,35,7
201011100MEM,RS,MEM,1179.0,,42,38,4
201011100MEM,RS,MEM,1197.0,,44,38,6
201011100MEM,RS,MEM,1222.0,,46,38,8
201011100MEM,RS,MEM,1238.0,,46,40,6
201011100MEM,RS,MEM,1249.0,,49,40,9
201011100MEM,RS,MEM,1271.0,,49,42,7
201011100MEM,RS,MEM,1283.0,,50,42,8
201011100MEM,RS,MEM,1283.0,,51,42,9
201011100MEM,RS,MEM,1300.0,,51,44,7
201011100MEM,RS,MEM,1318.0,,53,44,9
201011100MEM,RS,MEM,1332.0,,53,45,8
201011100MEM,RS,MEM,1332.0,,53,46,7
201011100MEM,RS,MEM,1360.0,,53,48,5
201011100MEM,RS,MEM,1390.3,,53,49,4
201011100MEM,RS,MEM,1390.3,,53,50,3
201011100MEM,RS,MEM,1435.7,,55,50,5
201011100MEM,RS,MEM,1487.0,,58,50,8
201011100MEM,RS,MEM,1520.0,,59,50,9
201011100MEM,RS,MEM,1520.0,,60,50,10
201011100MEM,RS,MEM,1538.0,,62,50,12
201011100MEM,RS,MEM,1555.0,,62,52,10
201011100MEM,RS,MEM,1569.0,,64,52,12
201011100MEM,RS,MEM,1580.0,,64,53,11
201011100MEM,RS,MEM,1644.0,,67,53,14
201011100MEM,RS,MEM,1661.0,,67,55,12
201011100MEM,RS,MEM,1678.0,,69,55,14
201011100MEM,RS,MEM,1700.0,,71,55,16
201011100MEM,RS,MEM,1735.0,,73,55,18
201011100MEM,RS,MEM,1762.0,,73,57,16
201011100MEM,RS,MEM,1793.0,,73,59,14
201011100MEM,RS,MEM,1854.0,,75,59,16
201011100MEM,RS,MEM,1854.0,,76,59,17
201011100MEM,RS,MEM,1866.0,,76,61,15
201011100MEM,RS,MEM,1880.0,,78,61,17
201011100MEM,RS,MEM,1901.0,,78,63,15
201011100MEM,RS,MEM,1913.0,,80,63,17
201011100MEM,RS,MEM,1932.0,,82,63,19
201011100MEM,RS,MEM,1958.0,,82,65,17
201011100MEM,RS,MEM,1978.0,,84,65,19
201011100MEM,RS,MEM,1991.0,,84,67,17
201011100MEM,RS,MEM,2052.0,,84,68,16
201011100MEM,RS,MEM,2052.0,,84,69,15
201011100MEM,RS,MEM,2129.1,,86,69,17
201011100MEM,RS,MEM,2240.0,,86,71,15
201011100MEM,RS,MEM,2277.0,,89,71,18
201011100MEM,RS,MEM,2296.0,,89,73,16
201011100MEM,RS,MEM,2424.0,,91,73,18
201011100MEM,RS,MEM,2446.0,,94,73,21
201011100MEM,RS,MEM,2469.0,,94,75,19
201011100MEM,RS,MEM,2495.0,,96,75,21
201011100MEM,RS,MEM,2516.0,,96,77,19
201011100MEM,RS,MEM,2543.0,,96,79,17
201011100MEM,RS,MEM,2585.0,,98,79,19
201011100MEM,RS,MEM,2605.0,,98,81,17
201011100MEM,RS,MEM,2627.0,,98,83,15
201011100MEM,RS,MEM,2627.0,,98,84,14
201011100MEM,RS,MEM,2665.0,,98,86,12
201011100MEM,RS,MEM,2693.0,,100,86,14
201011100MEM,RS,MEM,2737.0,,100,88,12
201011100MEM,RS,MEM,2755.0,,102,88,14
201011100MEM,RS,MEM,2784.0,,104,88,16
201011100MEM,RS,MEM,2817.0,,106,88,18
201011100MEM,RS,MEM,2850.6,F,106,91,15
201011100MEM,RS,MEM,2880.0,,106,91,15
201011120DAL,RS,PHI,0.0,,0,0,0
201011120DAL,RS,PHI,17.0,,2,0,2
201011120DAL,RS,PHI,129.0,,4,0,4
201011120DAL,RS,PHI,145.0,,4,2,2
201011120DAL,RS,PHI,193.0,T,4,4,0
201011120DAL,RS,PHI,193.0,LC,4,5,-1
201011120DAL,RS,PHI,224.0,,4,7,-3
201011120DAL,RS,PHI,254.0,,6,7,-1
201011120DAL,RS,PHI,277.0,,6,9,-3
201011120DAL,RS,PHI,291.0,,8,9,-1
201011120DAL,RS,PHI,306.0,,8,11,-3
201011120DAL,RS,PHI,322.0,,10,11,-1
201011120DAL,RS,PHI,348.0,LC,13,11,2
201011120DAL,RS,PHI,368.0,T,13,13,0
201011120DAL,RS,PHI,385.0,,15,13,2
201011120DAL,RS,PHI,406.0,T,15,15,0
201011120DAL,RS,PHI,425.0,,17,15,2
201011120DAL,RS,PHI,425.0,,18,15,3
201011120DAL,RS,PHI,448.0,,20,15,5
201011120DAL,RS,PHI,538.0,,22,15,7
201011120DAL,RS,PHI,563.0,,22,18,4
201011120DAL,RS,PHI,592.0,,24,18,6
201011120DAL,RS,PHI,611.0,,24,20,4
201011120DAL,RS,PHI,665.2,,26,20,6
201011120DAL,RS,PHI,689.1,,29,20,9
201011120DAL,RS,PHI,710.1,,29,22,7
201011120DAL,RS,PHI,718.8,,30,22,8
201011120DAL,RS,PHI,718.8,,31,22,9
201011120DAL,RS,PHI,737.0,,31,25,6
201011120DAL,RS,PHI,801.0,,33,25,8
201011120DAL,RS,PHI,816.0,,33,27,6
201011120DAL,RS,PHI,838.0,,34,27,7
201011120DAL,RS,PHI,838.0,,35,27,8
201011120DAL,RS,PHI,851.0,,35,29,6
201011120DAL,RS,PHI,906.0,,37,29,8
201011120DAL,RS,PHI,995.0,,38,29,9
201011120DAL,RS,PHI,995.0,,39,29,10
201011120DAL,RS,PHI,1021.0,,39,31,8
201011120DAL,RS,PHI,1049.0,,41,31,10
201011120DAL,RS,PHI,1071.0,,41,33,8
201011120DAL,RS,PHI,1095.0,,41,35,6
201011120DAL,RS,PHI,1095.0,,41,36,5
201011120DAL,RS,PHI,1131.0,,41,37,4
201011120DAL,RS,PHI,1146.0,,41,39,2
201011120DAL,RS,PHI,1168.0,T,41,41,0
201011120DAL,RS,PHI,1194.0,,42,41,1
201011120DAL,RS,PHI,1194.0,,43,41,2
201011120DAL,RS,PHI,1212.0,T,43,43,0
201011120DAL,RS,PHI,1236.0,,46,43,3
201011120DAL,RS,PHI,1250.0,,47,43,4
201011120DAL,RS,PHI,1250.0,,48,43,5
201011120DAL,RS,PHI,1278.0,,50,43,7
201011120DAL,RS,PHI,1298.0,,50,44,6
201011120DAL,RS,PHI,1358.0,,52,44,8
201011120DAL,RS,PHI,1383.1,,52,46,6
201011120DAL,RS,PHI,1397.2,,55,46,9
201011120DAL,RS,PHI,1438.1,,55,48,7
201011120DAL,RS,PHI,1459.0,,55,50,5
201011120DAL,RS,PHI,1477.0,,56,50,6
201011120DAL,RS,PHI,1477.0,,57,50,7
201011120DAL,RS,PHI,1531.0,,57,51,6
201011120DAL,RS,PHI,1544.0,,59,51,8
201011120DAL,RS,PHI,1559.0,,59,53,6
201011120DAL,RS,PHI,1611.0,,61,53,8
201011120DAL,RS,PHI,1636.0,,61,55,6
201011120DAL,RS,PHI,1653.0,,63,55,8
201011120DAL,RS,PHI,1671.0,,63,56,7
201011120DAL,RS,PHI,1671.0,,63,57,6
201011120DAL,RS,PHI,1680.0,,64,57,7
201011120DAL,RS,PHI,1707.0,,64,59,5
201011120DAL,RS,PHI,1733.0,,64,61,3
201011120DAL,RS,PHI,1771.0,,64,62,2
201011120DAL,RS,PHI,1811.0,,66,62,4
201011120DAL,RS,PHI,1870.0,,66,64,2
201011120DAL,RS,PHI,1870.0,,66,65,1
201011120DAL,RS,PHI,1892.0,,69,65,4
201011120DAL,RS,PHI,1926.0,,69,67,2
201011120DAL,RS,PHI,1964.0,,71,67,4
201011120DAL,RS,PHI,1980.0,,71,69,2
201011120DAL,RS,PHI,2015.0,T,71,71,0
201011120DAL,RS,PHI,2041.0,,73,71,2
201011120DAL,RS,PHI,2059.0,T,73,73,0
201011120DAL,RS,PHI,2074.0,,75,73,2
201011120DAL,RS,PHI,2099.0,T,75,75,0
201011120DAL,RS,PHI,2144.1,,77,75,2
201011120DAL,RS,PHI,2159.2,,78,75,3
201011120DAL,RS,PHI,2188.0,,78,77,1
201011120DAL,RS,PHI,2203.0,,79,77,2
201011120DAL,RS,PHI,2224.0,,80,77,3
201011120DAL,RS,PHI,2224.0,,81,77,4
201011120DAL,RS,PHI,2259.0,,83,77,6
201011120DAL,RS,PHI,2294.0,,85,77,8
201011120DAL,RS,PHI,2363.0,,88,77,11
201011120DAL,RS,PHI,2403.0,,88,79,9
201011120DAL,RS,PHI,2431.0,,89,79,10
201011120DAL,RS,PHI,2431.0,,90,79,11
201011120DAL,RS,PHI,2474.0,,91,79,12
201011120DAL,RS,PHI,2528.0,,93,79,14
201011120DAL,RS,PHI,2540.0,,93,81,12
201011120DAL,RS,PHI,2603.0,,93,83,10
201011120DAL,RS,PHI,2626.0,,94,83,11
201011120DAL,RS,PHI,2626.0,,95,83,12
201011120DAL,RS,PHI,2667.0,,95,84,11
201011120DAL,RS,PHI,2667.0,,95,85,10
201011120DAL,RS,PHI,2699.0,,97,85,12
201011120DAL,RS,PHI,2730.0,,97,86,11
201011120DAL,RS,PHI,2765.0,,97,88,9
201011120DAL,RS,PHI,2820.0,,99,88,11
201011120DAL,RS,PHI,2831.0,,99,89,10
201011120DAL,RS,PHI,2831.0,F,99,90,9
201011120DAL,RS,PHI,2880.0,,99,90,9
201011150DAL,RS,NOH,0.0,,0,0,0
201011150DAL,RS,NOH,14.0,,2,0,2
201011150DAL,RS,NOH,54.0,,4,0,4
201011150DAL,RS,NOH,117.0,,6,0,6
201011150DAL,RS,NOH,159.0,,8,0,8
201011150DAL,RS,NOH,179.0,,8,1,7
201011150DAL,RS,NOH,216.0,,8,3,5
201011150DAL,RS,NOH,231.0,,10,3,7
201011150DAL,RS,NOH,244.0,,10,4,6
201011150DAL,RS,NOH,260.0,,10,6,4
201011150DAL,RS,NOH,288.0,,10,8,2
201011150DAL,RS,NOH,312.0,,12,8,4
201011150DAL,RS,NOH,345.0,,14,8,6
201011150DAL,RS,NOH,360.0,,14,9,5
201011150DAL,RS,NOH,386.0,,15,9,6
201011150DAL,RS,NOH,397.0,,15,12,3
201011150DAL,RS,NOH,420.0,,17,12,5
201011150DAL,RS,NOH,420.0,,18,12,6
201011150DAL,RS,NOH,446.0,,20,12,8
201011150DAL,RS,NOH,473.0,,20,14,6
201011150DAL,RS,NOH,490.0,,20,15,5
201011150DAL,RS,NOH,524.0,,20,17,3
201011150DAL,RS,NOH,542.0,,22,17,5
201011150DAL,RS,NOH,560.0,,22,19,3
201011150DAL,RS,NOH,579.0,,25,19,6
201011150DAL,RS,NOH,588.0,,25,21,4
201011150DAL,RS,NOH,660.1,,25,23,2
201011150DAL,RS,NOH,677.3,,25,24,1
201011150DAL,RS,NOH,704.6,,26,24,2
201011150DAL,RS,NOH,704.6,,27,24,3
201011150DAL,RS,NOH,725.0,,27,25,2
201011150DAL,RS,NOH,751.0,,28,25,3
201011150DAL,RS,NOH,772.0,T,28,28,0
201011150DAL,RS,NOH,832.0,,30,28,2
201011150DAL,RS,NOH,892.0,,31,28,3
201011150DAL,RS,NOH,913.0,,31,30,1
201011150DAL,RS,NOH,963.0,,32,30,2
201011150DAL,RS,NOH,963.0,,33,30,3
201011150DAL,RS,NOH,976.0,T,33,33,0
201011150DAL,RS,NOH,987.0,,35,33,2
201011150DAL,RS,NOH,1002.0,T,35,35,0
201011150DAL,RS,NOH,1016.0,,37,35,2
201011150DAL,RS,NOH,1061.0,T,37,37,0
201011150DAL,RS,NOH,1094.0,LC,37,39,-2
201011150DAL,RS,NOH,1118.0,T,39,39,0
201011150DAL,RS,NOH,1147.0,,39,42,-3
201011150DAL,RS,NOH,1204.0,,39,44,-5
201011150DAL,RS,NOH,1223.0,,42,44,-2
201011150DAL,RS,NOH,1242.0,,42,46,-4
201011150DAL,RS,NOH,1277.0,,45,46,-1
201011150DAL,RS,NOH,1299.0,,45,48,-3
201011150DAL,RS,NOH,1313.0,,46,48,-2
201011150DAL,RS,NOH,1363.0,,46,50,-4
201011150DAL,RS,NOH,1406.7,,46,51,-5
201011150DAL,RS,NOH,1406.7,,46,52,-6
201011150DAL,RS,NOH,1415.0,,47,52,-5
201011150DAL,RS,NOH,1472.0,,49,52,-3
201011150DAL,RS,NOH,1490.0,,49,53,-4
201011150DAL,RS,NOH,1490.0,,49,54,-5
201011150DAL,RS,NOH,1515.0,,52,54,-2
201011150DAL,RS,NOH,1543.0,,52,56,-4
201011150DAL,RS,NOH,1640.0,,52,58,-6
201011150DAL,RS,NOH,1673.0,,52,60,-8
201011150DAL,RS,NOH,1693.0,,52,61,-9
201011150DAL,RS,NOH,1693.0,,52,62,-10
201011150DAL,RS,NOH,1735.0,,54,62,-8
201011150DAL,RS,NOH,1735.0,,55,62,-7
201011150DAL,RS,NOH,1751.0,,56,62,-6
201011150DAL,RS,NOH,1751.0,,57,62,-5
201011150DAL,RS,NOH,1764.0,,57,64,-7
201011150DAL,RS,NOH,1796.0,,57,65,-8
201011150DAL,RS,NOH,1829.0,,58,65,-7
201011150DAL,RS,NOH,1882.0,,58,66,-8
201011150DAL,RS,NOH,1907.0,,58,69,-11
201011150DAL,RS,NOH,1947.0,,60,69,-9
201011150DAL,RS,NOH,1972.0,,60,71,-11
201011150DAL,RS,NOH,1991.0,,62,71,-9
201011150DAL,RS,NOH,2028.0,,64,71,-7
201011150DAL,RS,NOH,2049.0,,64,72,-8
201011150DAL,RS,NOH,2049.0,,64,73,-9
201011150DAL,RS,NOH,2059.0,,65,73,-8
201011150DAL,RS,NOH,2073.0,,65,76,-11
201011150DAL,RS,NOH,2091.0,,68,76,-8
201011150DAL,RS,NOH,2120.8,,69,76,-7
201011150DAL,RS,NOH,2198.0,,69,78,-9
201011150DAL,RS,NOH,2224.0,,72,78,-6
201011150DAL,RS,NOH,2254.0,,75,78,-3
201011150DAL,RS,NOH,2340.0,,75,81,-6
201011150DAL,RS,NOH,2373.0,,75,84,-9
201011150DAL,RS,NOH,2395.0,,77,84,-7
201011150DAL,RS,NOH,2416.0,,77,87,-10
201011150DAL,RS,NOH,2456.0,,80,87,-7
201011150DAL,RS,NOH,2490.0,,83,87,-4
201011150DAL,RS,NOH,2514.0,,83,90,-7
201011150DAL,RS,NOH,2534.0,,85,90,-5
201011150DAL,RS,NOH,2623.0,,86,90,-4
201011150DAL,RS,NOH,2623.0,,87,90,-3
201011150DAL,RS,NOH,2680.0,T,90,90,0
201011150DAL,RS,NOH,2719.0,LC,93,90,3
201011150DAL,RS,NOH,2813.0,,93,92,1
201011150DAL,RS,NOH,2833.1,,95,92,3
201011150DAL,RS,NOH,2839.2,T,95,95,0
201011150DAL,RS,NOH,2845.1,,97,95,2
201011150DAL,RS,NOH,2877.2,F,98,95,3
201011150DAL,RS,NOH,2880.0,,98,95,3
201011170NOH,RS,NOH,0.0,,0,0,0
201011170NOH,RS,NOH,14.0,,2,0,2
201011170NOH,RS,NOH,104.0,,3,0,3
201011170NOH,RS,NOH,113.0,,6,0,6
201011170NOH,RS,NOH,148.0,,6,2,4
201011170NOH,RS,NOH,163.0,,9,2,7
201011170NOH,RS,NOH,250.0,,12,2,10
201011170NOH,RS,NOH,271.0,,12,5,7
201011170NOH,RS,NOH,287.0,,14,5,9
201011170NOH,RS,NOH,358.0,,15,5,10
201011170NOH,RS,NOH,367.0,,15,7,8
201011170NOH,RS,NOH,367.0,,15,8,7
201011170NOH,RS,NOH,394.0,,15,9,6
201011170NOH,RS,NOH,394.0,,15,10,5
201011170NOH,RS,NOH,415.0,,18,10,8
201011170NOH,RS,NOH,454.0,,18,12,6
201011170NOH,RS,NOH,462.0,,21,12,9
201011170NOH,RS,NOH,471.0,,21,14,7
201011170NOH,RS,NOH,492.0,,23,14,9
201011170NOH,RS,NOH,509.0,,23,16,7
201011170NOH,RS,NOH,570.0,,25,16,9
201011170NOH,RS,NOH,588.0,,25,18,7
201011170NOH,RS,NOH,600.0,,27,18,9
201011170NOH,RS,NOH,639.0,,29,18,11
201011170NOH,RS,NOH,652.0,,29,20,9
201011170NOH,RS,NOH,652.0,,29,21,8
201011170NOH,RS,NOH,675.2,,31,21,10
201011170NOH,RS,NOH,690.7,,31,23,8
201011170NOH,RS,NOH,741.0,,31,26,5
201011170NOH,RS,NOH,800.0,,33,26,7
201011170NOH,RS,NOH,829.0,,33,28,5
201011170NOH,RS,NOH,892.0,,35,28,7
201011170NOH,RS,NOH,976.0,,37,28,9
201011170NOH,RS,NOH,996.0,,37,30,7
201011170NOH,RS,NOH,1025.0,,39,30,9
201011170NOH,RS,NOH,1041.0,,39,32,7
201011170NOH,RS,NOH,1071.0,,39,35,4
201011170NOH,RS,NOH,1085.0,,40,35,5
201011170NOH,RS,NOH,1085.0,,41,35,6
201011170NOH,RS,NOH,1173.0,,43,35,8
201011170NOH,RS,NOH,1242.0,,45,35,10
201011170NOH,RS,NOH,1294.0,,45,38,7
201011170NOH,RS,NOH,1329.0,,47,38,9
201011170NOH,RS,NOH,1363.0,,47,40,7
201011170NOH,RS,NOH,1380.0,,50,40,10
201011170NOH,RS,NOH,1409.0,,50,42,8
201011170NOH,RS,NOH,1424.3,,51,42,9
201011170NOH,RS,NOH,1424.3,,52,42,10
201011170NOH,RS,NOH,1460.0,,52,44,8
201011170NOH,RS,NOH,1476.0,,53,44,9
201011170NOH,RS,NOH,1497.0,,53,46,7
201011170NOH,RS,NOH,1538.0,,53,48,5
201011170NOH,RS,NOH,1561.0,,54,48,6
201011170NOH,RS,NOH,1561.0,,55,48,7
201011170NOH,RS,NOH,1568.0,,55,49,6
201011170NOH,RS,NOH,1611.0,,55,51,4
201011170NOH,RS,NOH,1636.0,,55,53,2
201011170NOH,RS,NOH,1688.0,,57,53,4
201011170NOH,RS,NOH,1713.0,,57,54,3
201011170NOH,RS,NOH,1713.0,,57,55,2
201011170NOH,RS,NOH,1781.0,LC,57,58,-1
201011170NOH,RS,NOH,1827.0,,57,60,-3
201011170NOH,RS,NOH,1859.0,,57,62,-5
201011170NOH,RS,NOH,1859.0,,57,63,-6
201011170NOH,RS,NOH,1888.0,,57,66,-9
201011170NOH,RS,NOH,1899.0,,58,66,-8
201011170NOH,RS,NOH,1899.0,,59,66,-7
201011170NOH,RS,NOH,1921.0,,59,69,-10
201011170NOH,RS,NOH,1944.0,,61,69,-8
201011170NOH,RS,NOH,1966.0,,61,71,-10
201011170NOH,RS,NOH,1985.0,,63,71,-8
201011170NOH,RS,NOH,2047.0,,64,71,-7
201011170NOH,RS,NOH,2079.0,,66,71,-5
201011170NOH,RS,NOH,2105.3,,66,73,-7
201011170NOH,RS,NOH,2113.0,,67,73,-6
201011170NOH,RS,NOH,2113.0,,68,73,-5
201011170NOH,RS,NOH,2125.1,,69,73,-4
201011170NOH,RS,NOH,2158.3,,69,75,-6
201011170NOH,RS,NOH,2177.0,,71,75,-4
201011170NOH,RS,NOH,2197.0,,71,76,-5
201011170NOH,RS,NOH,2215.0,,73,76,-3
201011170NOH,RS,NOH,2253.0,,75,76,-1
201011170NOH,RS,NOH,2297.0,,75,78,-3
201011170NOH,RS,NOH,2318.0,,77,78,-1
201011170NOH,RS,NOH,2332.0,,77,80,-3
201011170NOH,RS,NOH,2361.0,,77,82,-5
201011170NOH,RS,NOH,2422.0,,79,82,-3
201011170NOH,RS,NOH,2442.0,,79,84,-5
201011170NOH,RS,NOH,2462.0,,80,84,-4
201011170NOH,RS,NOH,2509.0,,82,84,-2
201011170NOH,RS,NOH,2528.0,,82,86,-4
201011170NOH,RS,NOH,2555.0,,84,86,-2
201011170NOH,RS,NOH,2578.0,,84,88,-4
201011170NOH,RS,NOH,2589.0,,86,88,-2
201011170NOH,RS,NOH,2621.0,T,88,88,0
201011170NOH,RS,NOH,2651.0,,88,90,-2
201011170NOH,RS,NOH,2662.0,LC,91,90,1
201011170NOH,RS,NOH,2678.0,LC,91,92,-1
201011170NOH,RS,NOH,2704.0,,91,95,-4
201011170NOH,RS,NOH,2746.0,,91,97,-6
201011170NOH,RS,NOH,2796.0,,92,97,-5
201011170NOH,RS,NOH,2796.0,,93,97,-4
201011170NOH,RS,NOH,2817.0,,94,97,-3
201011170NOH,RS,NOH,2817.0,,95,97,-2
201011170NOH,RS,NOH,2866.6,,95,98,-3
201011170NOH,RS,NOH,2871.3,,97,98,-1
201011170NOH,RS,NOH,2878.1,F,97,99,-2
201011170NOH,RS,NOH,2880.0,,97,99,-2
201011190DAL,RS,CHI,0.0,,0,0,0
201011190DAL,RS,CHI,91.0,,0,2,-2
201011190DAL,RS,CHI,106.0,T,2,2,0
201011190DAL,RS,CHI,142.0,LC,4,2,2
201011190DAL,RS,CHI,159.0,T,4,4,0
201011190DAL,RS,CHI,193.0,LC,4,7,-3
201011190DAL,RS,CHI,208.0,,5,7,-2
201011190DAL,RS,CHI,229.0,,5,9,-4
201011190DAL,RS,CHI,252.0,,5,11,-6
201011190DAL,RS,CHI,266.0,,7,11,-4
201011190DAL,RS,CHI,288.0,,7,13,-6
201011190DAL,RS,CHI,332.0,,7,15,-8
201011190DAL,RS,CHI,349.0,,9,15,-6
201011190DAL,RS,CHI,391.0,,10,15,-5
201011190DAL,RS,CHI,391.0,,11,15,-4
201011190DAL,RS,CHI,429.0,,13,15,-2
201011190DAL,RS,CHI,501.0,,13,17,-4
201011190DAL,RS,CHI,684.3,,13,19,-6
201011190DAL,RS,CHI,792.0,,15,19,-4
201011190DAL,RS,CHI,819.0,,15,21,-6
201011190DAL,RS,CHI,839.0,,17,21,-4
201011190DAL,RS,CHI,862.0,,17,23,-6
201011190DAL,RS,CHI,895.0,,17,25,-8
201011190DAL,RS,CHI,936.0,,17,28,-11
201011190DAL,RS,CHI,977.0,,19,28,-9
201011190DAL,RS,CHI,1008.0,,21,28,-7
201011190DAL,RS,CHI,1029.0,,21,29,-8
201011190DAL,RS,CHI,1053.0,,23,29,-6
201011190DAL,RS,CHI,1084.0,,25,29,-4
201011190DAL,RS,CHI,1098.0,,25,31,-6
201011190DAL,RS,CHI,1156.0,,25,33,-8
201011190DAL,RS,CHI,1186.0,,25,35,-10
201011190DAL,RS,CHI,1206.0,,28,35,-7
201011190DAL,RS,CHI,1231.0,,29,35,-6
201011190DAL,RS,CHI,1263.0,,29,37,-8
201011190DAL,RS,CHI,1312.0,,31,37,-6
201011190DAL,RS,CHI,1335.0,,31,39,-8
201011190DAL,RS,CHI,1352.0,,33,39,-6
201011190DAL,RS,CHI,1389.2,,35,39,-4
201011190DAL,RS,CHI,1493.0,,38,39,-1
201011190DAL,RS,CHI,1530.0,T,39,39,0
201011190DAL,RS,CHI,1530.0,LC,40,39,1
201011190DAL,RS,CHI,1551.0,LC,40,41,-1
201011190DAL,RS,CHI,1564.0,LC,42,41,1
201011190DAL,RS,CHI,1683.0,,43,41,2
201011190DAL,RS,CHI,1683.0,,44,41,3
201011190DAL,RS,CHI,1728.0,,46,41,5
201011190DAL,RS,CHI,1742.0,,47,41,6
201011190DAL,RS,CHI,1742.0,,48,41,7
201011190DAL,RS,CHI,1761.0,,50,41,9
201011190DAL,RS,CHI,1786.0,,50,43,7
201011190DAL,RS,CHI,1811.0,,53,43,10
201011190DAL,RS,CHI,1853.0,,55,43,12
201011190DAL,RS,CHI,1894.0,,55,45,10
201011190DAL,RS,CHI,1982.0,,55,47,8
201011190DAL,RS,CHI,2015.0,,55,49,6
201011190DAL,RS,CHI,2043.0,,55,51,4
201011190DAL,RS,CHI,2059.0,,57,51,6
201011190DAL,RS,CHI,2081.0,,57,52,5
201011190DAL,RS,CHI,2088.0,,57,54,3
201011190DAL,RS,CHI,2115.5,,57,56,1
201011190DAL,RS,CHI,2125.1,,59,56,3
201011190DAL,RS,CHI,2203.0,,60,56,4
201011190DAL,RS,CHI,2220.0,,60,58,2
201011190DAL,RS,CHI,2237.0,,62,58,4
201011190DAL,RS,CHI,2262.0,,65,58,7
201011190DAL,RS,CHI,2284.0,,65,59,6
201011190DAL,RS,CHI,2284.0,,65,60,5
201011190DAL,RS,CHI,2308.0,,65,62,3
201011190DAL,RS,CHI,2326.0,,67,62,5
201011190DAL,RS,CHI,2353.0,,67,64,3
201011190DAL,RS,CHI,2353.0,,67,65,2
201011190DAL,RS,CHI,2397.0,,69,65,4
201011190DAL,RS,CHI,2424.0,,69,68,1
201011190DAL,RS,CHI,2507.0,LC,69,71,-2
201011190DAL,RS,CHI,2545.0,,69,72,-3
201011190DAL,RS,CHI,2575.0,,69,74,-5
201011190DAL,RS,CHI,2602.0,,71,74,-3
201011190DAL,RS,CHI,2602.0,,72,74,-2
201011190DAL,RS,CHI,2628.0,T,74,74,0
201011190DAL,RS,CHI,2647.0,,74,75,-1
201011190DAL,RS,CHI,2647.0,,74,76,-2
201011190DAL,RS,CHI,2663.0,,75,76,-1
201011190DAL,RS,CHI,2663.0,T,76,76,0
201011190DAL,RS,CHI,2685.0,LC,77,76,1
201011190DAL,RS,CHI,2711.0,LC,77,79,-2
201011190DAL,RS,CHI,2724.0,,78,79,-1
201011190DAL,RS,CHI,2724.0,T,79,79,0
201011190DAL,RS,CHI,2761.0,,79,81,-2
201011190DAL,RS,CHI,2820.0,,79,82,-3
201011190DAL,RS,CHI,2820.0,,79,83,-4
201011190DAL,RS,CHI,2827.7,,80,83,-3
201011190DAL,RS,CHI,2864.7,,80,84,-4
201011190DAL,RS,CHI,2864.7,,80,85,-5
201011190DAL,RS,CHI,2869.9,,80,86,-6
201011190DAL,RS,CHI,2873.1,,83,86,-3
201011190DAL,RS,CHI,2874.0,,83,87,-4
201011190DAL,RS,CHI,2874.0,F,83,88,-5
201011190DAL,RS,CHI,2880.0,,83,88,-5
201011200ATL,RS,ATL,0.0,,0,0,0
201011200ATL,RS,ATL,13.0,,0,2,-2
201011200ATL,RS,ATL,28.0,T,2,2,0
201011200ATL,RS,ATL,69.0,LC,4,2,2
201011200ATL,RS,ATL,122.0,LC,4,5,-1
201011200ATL,RS,ATL,145.0,,4,7,-3
201011200ATL,RS,ATL,164.0,,6,7,-1
201011200ATL,RS,ATL,173.0,,6,9,-3
201011200ATL,RS,ATL,193.0,,6,11,-5
201011200ATL,RS,ATL,213.0,,8,11,-3
201011200ATL,RS,ATL,213.0,,9,11,-2
201011200ATL,RS,ATL,229.0,,9,13,-4
201011200ATL,RS,ATL,239.0,,12,13,-1
201011200ATL,RS,ATL,294.0,T,13,13,0
201011200ATL,RS,ATL,294.0,LC,14,13,1
201011200ATL,RS,ATL,323.0,,16,13,3
201011200ATL,RS,ATL,336.0,,16,15,1
201011200ATL,RS,ATL,347.0,,18,15,3
201011200ATL,RS,ATL,422.0,,18,17,1
201011200ATL,RS,ATL,459.0,LC,18,19,-1
201011200ATL,RS,ATL,477.0,LC,20,19,1
201011200ATL,RS,ATL,497.0,LC,20,21,-1
201011200ATL,RS,ATL,568.0,LC,22,21,1
201011200ATL,RS,ATL,625.0,,24,21,3
201011200ATL,RS,ATL,651.0,,26,21,5
201011200ATL,RS,ATL,670.2,,26,22,4
201011200ATL,RS,ATL,670.2,,26,23,3
201011200ATL,RS,ATL,683.5,,28,23,5
201011200ATL,RS,ATL,689.8,,28,25,3
201011200ATL,RS,ATL,733.0,,30,25,5
201011200ATL,RS,ATL,818.0,,32,25,7
201011200ATL,RS,ATL,846.0,,35,25,10
201011200ATL,RS,ATL,885.0,,37,25,12
201011200ATL,RS,ATL,907.0,,37,27,10
201011200ATL,RS,ATL,935.0,,37,29,8
201011200ATL,RS,ATL,960.0,,39,29,10
201011200ATL,RS,ATL,984.0,,39,31,8
201011200ATL,RS,ATL,1010.0,,40,31,9
201011200ATL,RS,ATL,1010.0,,41,31,10
201011200ATL,RS,ATL,1026.0,,41,33,8
201011200ATL,RS,ATL,1042.0,,43,33,10
201011200ATL,RS,ATL,1056.0,,43,35,8
201011200ATL,RS,ATL,1092.0,,45,35,10
201011200ATL,RS,ATL,1166.0,,47,35,12
201011200ATL,RS,ATL,1240.0,,49,35,14
201011200ATL,RS,ATL,1255.0,,50,35,15
201011200ATL,RS,ATL,1255.0,,51,35,16
201011200ATL,RS,ATL,1315.0,,53,35,18
201011200ATL,RS,ATL,1348.0,,53,38,15
201011200ATL,RS,ATL,1361.0,,55,38,17
201011200ATL,RS,ATL,1388.4,,55,40,15
201011200ATL,RS,ATL,1440.0,,55,43,12
201011200ATL,RS,ATL,1528.0,,55,45,10
201011200ATL,RS,ATL,1568.0,,55,47,8
201011200ATL,RS,ATL,1588.0,,57,47,10
201011200ATL,RS,ATL,1605.0,,57,49,8
201011200ATL,RS,ATL,1647.0,,60,49,11
201011200ATL,RS,ATL,1679.0,,61,49,12
201011200ATL,RS,ATL,1679.0,,62,49,13
201011200ATL,RS,ATL,1709.0,,64,49,15
201011200ATL,RS,ATL,1730.0,,64,52,12
201011200ATL,RS,ATL,1751.0,,66,52,14
201011200ATL,RS,ATL,1775.0,,66,53,13
201011200ATL,RS,ATL,1791.0,,69,53,16
201011200ATL,RS,ATL,1854.0,,71,53,18
201011200ATL,RS,ATL,1877.0,,71,55,16
201011200ATL,RS,ATL,1925.0,,71,57,14
201011200ATL,RS,ATL,1974.0,,74,57,17
201011200ATL,RS,ATL,1990.0,,74,58,16
201011200ATL,RS,ATL,1990.0,,74,59,15
201011200ATL,RS,ATL,2016.0,,74,61,13
201011200ATL,RS,ATL,2036.0,,74,64,10
201011200ATL,RS,ATL,2060.0,,74,65,9
201011200ATL,RS,ATL,2060.0,,74,66,8
201011200ATL,RS,ATL,2073.0,,75,66,9
201011200ATL,RS,ATL,2093.0,,75,68,7
201011200ATL,RS,ATL,2141.8,,77,68,9
201011200ATL,RS,ATL,2194.0,,79,68,11
201011200ATL,RS,ATL,2211.0,,79,71,8
201011200ATL,RS,ATL,2245.0,,79,73,6
201011200ATL,RS,ATL,2275.0,,79,75,4
201011200ATL,RS,ATL,2290.0,,82,75,7
201011200ATL,RS,ATL,2314.0,,82,77,5
201011200ATL,RS,ATL,2363.0,,84,77,7
201011200ATL,RS,ATL,2458.0,,86,77,9
201011200ATL,RS,ATL,2504.0,,88,77,11
201011200ATL,RS,ATL,2543.0,,90,77,13
201011200ATL,RS,ATL,2566.0,,90,79,11
201011200ATL,RS,ATL,2596.0,,90,81,9
201011200ATL,RS,ATL,2641.0,,92,81,11
201011200ATL,RS,ATL,2677.0,,92,83,9
201011200ATL,RS,ATL,2718.0,,92,85,7
201011200ATL,RS,ATL,2766.0,,94,85,9
201011200ATL,RS,ATL,2784.0,,94,87,7
201011200ATL,RS,ATL,2816.0,,94,88,6
201011200ATL,RS,ATL,2844.0,,94,91,3
201011200ATL,RS,ATL,2864.8,,94,93,1
201011200ATL,RS,ATL,2866.8,,95,93,2
201011200ATL,RS,ATL,2866.8,,96,93,3
201011200ATL,RS,ATL,2877.5,,97,93,4
201011200ATL,RS,ATL,2877.5,F,98,93,5
201011200ATL,RS,ATL,2880.0,,98,93,5
201011230DAL,RS,DET,0.0,,0,0,0
201011230DAL,RS,DET,110.0,,2,0,2
201011230DAL,RS,DET,161.0,,4,0,4
201011230DAL,RS,DET,200.0,,6,0,6
201011230DAL,RS,DET,236.0,,8,0,8
201011230DAL,RS,DET,265.0,,11,0,11
201011230DAL,RS,DET,278.0,,11,1,10
201011230DAL,RS,DET,278.0,,11,2,9
201011230DAL,RS,DET,295.0,,13,2,11
201011230DAL,RS,DET,324.0,,16,2,14
201011230DAL,RS,DET,352.0,,16,4,12
201011230DAL,RS,DET,410.0,,16,5,11
201011230DAL,RS,DET,434.0,,16,7,9
201011230DAL,RS,DET,469.0,,16,9,7
201011230DAL,RS,DET,503.0,,18,9,9
201011230DAL,RS,DET,522.0,,18,11,7
201011230DAL,RS,DET,540.0,,20,11,9
201011230DAL,RS,DET,550.0,,20,13,7
201011230DAL,RS,DET,579.0,,20,15,5
201011230DAL,RS,DET,599.0,,21,15,6
201011230DAL,RS,DET,599.0,,22,15,7
201011230DAL,RS,DET,640.0,,24,15,9
201011230DAL,RS,DET,694.0,,24,16,8
201011230DAL,RS,DET,694.0,,24,17,7
201011230DAL,RS,DET,740.0,,26,17,9
201011230DAL,RS,DET,762.0,,26,19,7
201011230DAL,RS,DET,874.0,,26,21,5
201011230DAL,RS,DET,940.0,,28,21,7
201011230DAL,RS,DET,958.0,,28,23,5
201011230DAL,RS,DET,994.0,,28,25,3
201011230DAL,RS,DET,1048.0,T,28,28,0
201011230DAL,RS,DET,1074.0,,30,28,2
201011230DAL,RS,DET,1090.0,T,30,30,0
201011230DAL,RS,DET,1151.0,LC,30,32,-2
201011230DAL,RS,DET,1171.0,T,32,32,0
201011230DAL,RS,DET,1252.0,,32,34,-2
201011230DAL,RS,DET,1304.0,,33,34,-1
201011230DAL,RS,DET,1304.0,T,34,34,0
201011230DAL,RS,DET,1327.0,,34,36,-2
201011230DAL,RS,DET,1361.0,T,36,36,0
201011230DAL,RS,DET,1385.1,,36,38,-2
201011230DAL,RS,DET,1415.1,,36,40,-4
201011230DAL,RS,DET,1433.6,,37,40,-3
201011230DAL,RS,DET,1433.6,,38,40,-2
201011230DAL,RS,DET,1437.5,,38,41,-3
201011230DAL,RS,DET,1437.5,,38,42,-4
201011230DAL,RS,DET,1506.0,,38,44,-6
201011230DAL,RS,DET,1553.0,,40,44,-4
201011230DAL,RS,DET,1616.0,,40,46,-6
201011230DAL,RS,DET,1638.0,,40,48,-8
201011230DAL,RS,DET,1654.0,,43,48,-5
201011230DAL,RS,DET,1683.0,,43,51,-8
201011230DAL,RS,DET,1703.0,,46,51,-5
201011230DAL,RS,DET,1754.0,,46,53,-7
201011230DAL,RS,DET,1822.0,,46,55,-9
201011230DAL,RS,DET,1843.0,,48,55,-7
201011230DAL,RS,DET,1863.0,,48,57,-9
201011230DAL,RS,DET,1885.0,,48,58,-10
201011230DAL,RS,DET,1937.0,,48,59,-11
201011230DAL,RS,DET,1937.0,,48,60,-12
201011230DAL,RS,DET,1951.0,,50,60,-10
201011230DAL,RS,DET,1993.0,,52,60,-8
201011230DAL,RS,DET,2006.0,,52,61,-9
201011230DAL,RS,DET,2055.0,,53,61,-8
201011230DAL,RS,DET,2055.0,,54,61,-7
201011230DAL,RS,DET,2129.4,,55,61,-6
201011230DAL,RS,DET,2129.4,,56,61,-5
201011230DAL,RS,DET,2175.0,,56,63,-7
201011230DAL,RS,DET,2193.0,,58,63,-5
201011230DAL,RS,DET,2221.0,,58,65,-7
201011230DAL,RS,DET,2275.0,,59,65,-6
201011230DAL,RS,DET,2297.0,,61,65,-4
201011230DAL,RS,DET,2313.0,,61,66,-5
201011230DAL,RS,DET,2313.0,,61,67,-6
201011230DAL,RS,DET,2389.0,,62,67,-5
201011230DAL,RS,DET,2389.0,,63,67,-4
201011230DAL,RS,DET,2420.0,,66,67,-1
201011230DAL,RS,DET,2453.0,T,67,67,0
201011230DAL,RS,DET,2453.0,LC,68,67,1
201011230DAL,RS,DET,2467.0,LC,68,70,-2
201011230DAL,RS,DET,2490.0,,69,70,-1
201011230DAL,RS,DET,2490.0,T,70,70,0
201011230DAL,RS,DET,2511.0,LC,73,70,3
201011230DAL,RS,DET,2551.0,,75,70,5
201011230DAL,RS,DET,2567.0,,75,71,4
201011230DAL,RS,DET,2567.0,,75,72,3
201011230DAL,RS,DET,2585.0,,77,72,5
201011230DAL,RS,DET,2628.0,,77,74,3
201011230DAL,RS,DET,2655.0,,79,74,5
201011230DAL,RS,DET,2704.0,,79,76,3
201011230DAL,RS,DET,2725.0,,81,76,5
201011230DAL,RS,DET,2744.0,,81,78,3
201011230DAL,RS,DET,2771.0,,83,78,5
201011230DAL,RS,DET,2788.0,,83,79,4
201011230DAL,RS,DET,2788.0,,83,80,3
201011230DAL,RS,DET,2805.0,,84,80,4
201011230DAL,RS,DET,2819.0,,84,81,3
201011230DAL,RS,DET,2819.0,,84,82,2
201011230DAL,RS,DET,2861.9,,85,82,3
201011230DAL,RS,DET,2861.9,,86,82,4
201011230DAL,RS,DET,2869.1,,86,84,2
201011230DAL,RS,DET,2870.6,,87,84,3
201011230DAL,RS,DET,2870.6,F,88,84,4
201011230DAL,RS,DET,2880.0,,88,84,4
201011240OKC,RS,OKC,0.0,,0,0,0
201011240OKC,RS,OKC,66.0,,0,2,-2
201011240OKC,RS,OKC,66.0,,0,3,-3
201011240OKC,RS,OKC,87.0,T,3,3,0
201011240OKC,RS,OKC,99.0,,3,5,-2
201011240OKC,RS,OKC,113.0,LC,6,5,1
201011240OKC,RS,OKC,147.0,,8,5,3
201011240OKC,RS,OKC,171.0,,10,5,5
201011240OKC,RS,OKC,185.0,,10,6,4
201011240OKC,RS,OKC,202.0,,12,6,6
201011240OKC,RS,OKC,234.0,,12,9,3
201011240OKC,RS,OKC,275.0,,12,11,1
201011240OKC,RS,OKC,298.0,,13,11,2
201011240OKC,RS,OKC,298.0,,14,11,3
201011240OKC,RS,OKC,308.0,,14,13,1
201011240OKC,RS,OKC,338.0,,16,13,3
201011240OKC,RS,OKC,375.0,,18,13,5
201011240OKC,RS,OKC,403.0,,18,15,3
201011240OKC,RS,OKC,431.0,,18,17,1
201011240OKC,RS,OKC,457.0,,20,17,3
201011240OKC,RS,OKC,474.0,,20,19,1
201011240OKC,RS,OKC,498.0,,21,19,2
201011240OKC,RS,OKC,498.0,,22,19,3
201011240OKC,RS,OKC,506.0,,22,21,1
201011240OKC,RS,OKC,537.0,T,22,22,0
201011240OKC,RS,OKC,537.0,LC,22,23,-1
201011240OKC,RS,OKC,611.0,LC,24,23,1
201011240OKC,RS,OKC,632.0,LC,24,25,-1
201011240OKC,RS,OKC,653.0,,24,26,-2
201011240OKC,RS,OKC,653.0,,24,27,-3
201011240OKC,RS,OKC,746.0,,24,29,-5
201011240OKC,RS,OKC,760.0,,26,29,-3
201011240OKC,RS,OKC,816.0,,27,29,-2
201011240OKC,RS,OKC,816.0,,28,29,-1
201011240OKC,RS,OKC,857.0,T,29,29,0
201011240OKC,RS,OKC,868.0,,29,32,-3
201011240OKC,RS,OKC,883.0,,31,32,-1
201011240OKC,RS,OKC,906.0,,31,33,-2
201011240OKC,RS,OKC,937.0,LC,34,33,1
201011240OKC,RS,OKC,949.0,T,34,34,0
201011240OKC,RS,OKC,958.0,LC,34,36,-2
201011240OKC,RS,OKC,987.0,,34,38,-4
201011240OKC,RS,OKC,1028.0,,34,40,-6
201011240OKC,RS,OKC,1067.0,,34,43,-9
201011240OKC,RS,OKC,1090.0,,35,43,-8
201011240OKC,RS,OKC,1090.0,,36,43,-7
201011240OKC,RS,OKC,1096.0,,36,45,-9
201011240OKC,RS,OKC,1140.0,,37,45,-8
201011240OKC,RS,OKC,1140.0,,38,45,-7
201011240OKC,RS,OKC,1156.0,,39,45,-6
201011240OKC,RS,OKC,1156.0,,40,45,-5
201011240OKC,RS,OKC,1171.0,,40,48,-8
201011240OKC,RS,OKC,1194.0,,42,48,-6
201011240OKC,RS,OKC,1218.0,,42,50,-8
201011240OKC,RS,OKC,1232.0,,43,50,-7
201011240OKC,RS,OKC,1266.0,,45,50,-5
201011240OKC,RS,OKC,1266.0,,46,50,-4
201011240OKC,RS,OKC,1286.0,,49,50,-1
201011240OKC,RS,OKC,1313.0,LC,51,50,1
201011240OKC,RS,OKC,1331.0,T,51,51,0
201011240OKC,RS,OKC,1331.0,LC,51,52,-1
201011240OKC,RS,OKC,1367.0,,51,54,-3
201011240OKC,RS,OKC,1392.1,,52,54,-2
201011240OKC,RS,OKC,1392.1,,53,54,-1
201011240OKC,RS,OKC,1403.7,,53,56,-3
201011240OKC,RS,OKC,1426.6,,55,56,-1
201011240OKC,RS,OKC,1457.0,,55,59,-4
201011240OKC,RS,OKC,1479.0,,56,59,-3
201011240OKC,RS,OKC,1488.0,,56,61,-5
201011240OKC,RS,OKC,1503.0,,56,63,-7
201011240OKC,RS,OKC,1527.0,,58,63,-5
201011240OKC,RS,OKC,1538.0,,58,64,-6
201011240OKC,RS,OKC,1538.0,,58,65,-7
201011240OKC,RS,OKC,1552.0,,59,65,-6
201011240OKC,RS,OKC,1552.0,,60,65,-5
201011240OKC,RS,OKC,1581.0,,62,65,-3
201011240OKC,RS,OKC,1677.0,,62,68,-6
201011240OKC,RS,OKC,1721.0,,63,68,-5
201011240OKC,RS,OKC,1721.0,,64,68,-4
201011240OKC,RS,OKC,1761.0,,64,70,-6
201011240OKC,RS,OKC,1834.0,,64,72,-8
201011240OKC,RS,OKC,1873.0,,64,73,-9
201011240OKC,RS,OKC,1916.0,,64,75,-11
201011240OKC,RS,OKC,1931.0,,66,75,-9
201011240OKC,RS,OKC,1971.0,,69,75,-6
201011240OKC,RS,OKC,2003.0,,71,75,-4
201011240OKC,RS,OKC,2023.0,,71,77,-6
201011240OKC,RS,OKC,2078.0,,72,77,-5
201011240OKC,RS,OKC,2078.0,,73,77,-4
201011240OKC,RS,OKC,2095.0,,75,77,-2
201011240OKC,RS,OKC,2118.4,,75,79,-4
201011240OKC,RS,OKC,2144.8,,75,81,-6
201011240OKC,RS,OKC,2179.0,,77,81,-4
201011240OKC,RS,OKC,2202.0,,77,83,-6
201011240OKC,RS,OKC,2260.0,,79,83,-4
201011240OKC,RS,OKC,2311.0,,81,83,-2
201011240OKC,RS,OKC,2334.0,,81,85,-4
201011240OKC,RS,OKC,2359.0,,82,85,-3
201011240OKC,RS,OKC,2359.0,,83,85,-2
201011240OKC,RS,OKC,2379.0,,83,87,-4
201011240OKC,RS,OKC,2379.0,,83,88,-5
201011240OKC,RS,OKC,2419.0,,83,90,-7
201011240OKC,RS,OKC,2437.0,,86,90,-4
201011240OKC,RS,OKC,2466.0,,89,90,-1
201011240OKC,RS,OKC,2466.0,T,90,90,0
201011240OKC,RS,OKC,2495.0,LC,93,90,3
201011240OKC,RS,OKC,2510.0,,93,92,1
201011240OKC,RS,OKC,2535.0,,95,92,3
201011240OKC,RS,OKC,2598.0,,95,93,2
201011240OKC,RS,OKC,2612.0,,98,93,5
201011240OKC,RS,OKC,2651.0,,100,93,7
201011240OKC,RS,OKC,2707.0,,102,93,9
201011240OKC,RS,OKC,2707.0,,103,93,10
201011240OKC,RS,OKC,2739.0,,104,93,11
201011240OKC,RS,OKC,2739.0,,105,93,12
201011240OKC,RS,OKC,2769.0,,107,93,14
201011240OKC,RS,OKC,2781.0,,107,95,12
201011240OKC,RS,OKC,2809.0,,107,97,10
201011240OKC,RS,OKC,2820.0,,109,97,12
201011240OKC,RS,OKC,2826.4,,109,98,11
201011240OKC,RS,OKC,2826.4,,109,99,10
201011240OKC,RS,OKC,2847.9,,109,101,8
201011240OKC,RS,OKC,2854.0,,111,101,10
201011240OKC,RS,OKC,2860.6,F,111,103,8
201011240OKC,RS,OKC,2880.0,,111,103,8
201011260SAS,RS,SAS,0.0,,0,0,0
201011260SAS,RS,SAS,15.0,,2,0,2
201011260SAS,RS,SAS,53.0,,3,0,3
201011260SAS,RS,SAS,53.0,,4,0,4
201011260SAS,RS,SAS,63.0,,4,2,2
201011260SAS,RS,SAS,108.0,T,4,4,0
201011260SAS,RS,SAS,150.0,,5,4,1
201011260SAS,RS,SAS,182.0,,7,4,3
201011260SAS,RS,SAS,195.0,,7,6,1
201011260SAS,RS,SAS,211.0,,9,6,3
201011260SAS,RS,SAS,246.0,,11,6,5
201011260SAS,RS,SAS,263.0,,11,8,3
201011260SAS,RS,SAS,263.0,,11,9,2
201011260SAS,RS,SAS,289.0,,13,9,4
201011260SAS,RS,SAS,311.0,,13,12,1
201011260SAS,RS,SAS,379.0,,15,12,3
201011260SAS,RS,SAS,414.0,,16,12,4
201011260SAS,RS,SAS,473.0,,18,12,6
201011260SAS,RS,SAS,495.0,,18,14,4
201011260SAS,RS,SAS,508.0,,20,14,6
201011260SAS,RS,SAS,551.0,,20,16,4
201011260SAS,RS,SAS,586.0,,20,19,1
201011260SAS,RS,SAS,605.0,,23,19,4
201011260SAS,RS,SAS,620.0,,23,22,1
201011260SAS,RS,SAS,645.0,LC,23,25,-2
201011260SAS,RS,SAS,675.4,,23,26,-3
201011260SAS,RS,SAS,675.4,,23,27,-4
201011260SAS,RS,SAS,685.1,,25,27,-2
201011260SAS,RS,SAS,698.2,,25,29,-4
201011260SAS,RS,SAS,716.7,,27,29,-2
201011260SAS,RS,SAS,739.0,,27,30,-3
201011260SAS,RS,SAS,739.0,,27,31,-4
201011260SAS,RS,SAS,760.0,,29,31,-2
201011260SAS,RS,SAS,806.0,T,31,31,0
201011260SAS,RS,SAS,826.0,LC,33,31,2
201011260SAS,RS,SAS,843.0,,33,32,1
201011260SAS,RS,SAS,843.0,T,33,33,0
201011260SAS,RS,SAS,890.0,,35,33,2
201011260SAS,RS,SAS,957.0,,35,34,1
201011260SAS,RS,SAS,957.0,T,35,35,0
201011260SAS,RS,SAS,993.0,,36,35,1
201011260SAS,RS,SAS,993.0,,37,35,2
201011260SAS,RS,SAS,1007.0,,37,36,1
201011260SAS,RS,SAS,1007.0,T,37,37,0
201011260SAS,RS,SAS,1037.0,LC,37,39,-2
201011260SAS,RS,SAS,1057.0,,37,41,-4
201011260SAS,RS,SAS,1068.0,,38,41,-3
201011260SAS,RS,SAS,1068.0,,39,41,-2
201011260SAS,RS,SAS,1093.0,,39,43,-4
201011260SAS,RS,SAS,1143.0,,40,43,-3
201011260SAS,RS,SAS,1143.0,,41,43,-2
201011260SAS,RS,SAS,1153.0,,41,44,-3
201011260SAS,RS,SAS,1153.0,,41,45,-4
201011260SAS,RS,SAS,1181.0,,41,47,-6
201011260SAS,RS,SAS,1222.0,,43,47,-4
201011260SAS,RS,SAS,1235.0,,43,49,-6
201011260SAS,RS,SAS,1252.0,,45,49,-4
201011260SAS,RS,SAS,1282.0,,46,49,-3
201011260SAS,RS,SAS,1282.0,,47,49,-2
201011260SAS,RS,SAS,1329.0,,48,49,-1
201011260SAS,RS,SAS,1329.0,T,49,49,0
201011260SAS,RS,SAS,1374.0,,49,50,-1
201011260SAS,RS,SAS,1374.0,,49,51,-2
201011260SAS,RS,SAS,1471.0,T,51,51,0
201011260SAS,RS,SAS,1506.0,LC,54,51,3
201011260SAS,RS,SAS,1523.0,,54,53,1
201011260SAS,RS,SAS,1547.0,,56,53,3
201011260SAS,RS,SAS,1653.0,,56,55,1
201011260SAS,RS,SAS,1683.0,LC,56,57,-1
201011260SAS,RS,SAS,1718.0,,56,58,-2
201011260SAS,RS,SAS,1738.0,T,58,58,0
201011260SAS,RS,SAS,1793.0,LC,61,58,3
201011260SAS,RS,SAS,1804.0,,61,59,2
201011260SAS,RS,SAS,1804.0,,61,60,1
201011260SAS,RS,SAS,1839.0,LC,61,62,-1
201011260SAS,RS,SAS,1879.0,,61,64,-3
201011260SAS,RS,SAS,1904.0,,63,64,-1
201011260SAS,RS,SAS,1951.0,LC,65,64,1
201011260SAS,RS,SAS,1966.0,LC,65,67,-2
201011260SAS,RS,SAS,1991.0,,65,69,-4
201011260SAS,RS,SAS,2026.0,,65,71,-6
201011260SAS,RS,SAS,2043.0,,68,71,-3
201011260SAS,RS,SAS,2082.0,,68,72,-4
201011260SAS,RS,SAS,2082.0,,68,73,-5
201011260SAS,RS,SAS,2123.1,,70,73,-3
201011260SAS,RS,SAS,2159.4,,71,73,-2
201011260SAS,RS,SAS,2192.0,,71,76,-5
201011260SAS,RS,SAS,2215.0,,73,76,-3
201011260SAS,RS,SAS,2253.0,,75,76,-1
201011260SAS,RS,SAS,2288.0,LC,78,76,2
201011260SAS,RS,SAS,2302.0,T,78,78,0
201011260SAS,RS,SAS,2302.0,LC,78,79,-1
201011260SAS,RS,SAS,2322.0,LC,80,79,1
201011260SAS,RS,SAS,2385.0,,82,79,3
201011260SAS,RS,SAS,2456.0,,82,80,2
201011260SAS,RS,SAS,2456.0,,82,81,1
201011260SAS,RS,SAS,2478.0,,84,81,3
201011260SAS,RS,SAS,2497.0,,84,83,1
201011260SAS,RS,SAS,2539.0,,86,83,3
201011260SAS,RS,SAS,2562.0,T,86,86,0
201011260SAS,RS,SAS,2595.0,LC,86,88,-2
201011260SAS,RS,SAS,2598.0,T,88,88,0
201011260SAS,RS,SAS,2598.0,LC,89,88,1
201011260SAS,RS,SAS,2640.0,,91,88,3
201011260SAS,RS,SAS,2717.0,,93,88,5
201011260SAS,RS,SAS,2776.0,,95,88,7
201011260SAS,RS,SAS,2784.0,,95,89,6
201011260SAS,RS,SAS,2784.0,,95,90,5
201011260SAS,RS,SAS,2804.0,,97,90,7
201011260SAS,RS,SAS,2804.0,,98,90,8
201011260SAS,RS,SAS,2828.7,,99,90,9
201011260SAS,RS,SAS,2828.7,,100,90,10
201011260SAS,RS,SAS,2837.4,,100,92,8
201011260SAS,RS,SAS,2843.0,,102,92,10
201011260SAS,RS,SAS,2849.1,,102,94,8
201011260SAS,RS,SAS,2858.7,F,103,94,9
201011260SAS,RS,SAS,2880.0,,103,94,9
201011270DAL,RS,MIA,0.0,,0,0,0
201011270DAL,RS,MIA,15.0,,2,0,2
201011270DAL,RS,MIA,56.0,T,2,2,0
201011270DAL,RS,MIA,85.0,LC,2,3,-1
201011270DAL,RS,MIA,85.0,,2,4,-2
201011270DAL,RS,MIA,101.0,T,4,4,0
201011270DAL,RS,MIA,118.0,,4,6,-2
201011270DAL,RS,MIA,127.0,,5,6,-1
201011270DAL,RS,MIA,190.0,,5,8,-3
201011270DAL,RS,MIA,212.0,,5,9,-4
201011270DAL,RS,MIA,212.0,,5,10,-5
201011270DAL,RS,MIA,247.0,,7,10,-3
201011270DAL,RS,MIA,319.0,,9,10,-1
201011270DAL,RS,MIA,348.0,LC,11,10,1
201011270DAL,RS,MIA,366.0,LC,11,12,-1
201011270DAL,RS,MIA,386.0,LC,13,12,1
201011270DAL,RS,MIA,406.0,LC,13,14,-1
201011270DAL,RS,MIA,419.0,LC,15,14,1
201011270DAL,RS,MIA,494.0,,17,14,3
201011270DAL,RS,MIA,513.0,,17,16,1
201011270DAL,RS,MIA,539.0,LC,17,18,-1
201011270DAL,RS,MIA,559.0,LC,19,18,1
201011270DAL,RS,MIA,592.0,T,19,19,0
201011270DAL,RS,MIA,604.0,LC,19,22,-3
201011270DAL,RS,MIA,620.0,T,22,22,0
201011270DAL,RS,MIA,656.0,LC,24,22,2
201011270DAL,RS,MIA,678.1,T,24,24,0
201011270DAL,RS,MIA,708.1,LC,24,25,-1
201011270DAL,RS,MIA,708.1,,24,26,-2
201011270DAL,RS,MIA,717.6,,25,26,-1
201011270DAL,RS,MIA,717.6,T,26,26,0
201011270DAL,RS,MIA,831.0,LC,28,26,2
201011270DAL,RS,MIA,853.0,T,28,28,0
201011270DAL,RS,MIA,869.0,,30,28,2
201011270DAL,RS,MIA,897.0,,32,28,4
201011270DAL,RS,MIA,914.0,,32,29,3
201011270DAL,RS,MIA,938.0,,32,30,2
201011270DAL,RS,MIA,938.0,,32,31,1
201011270DAL,RS,MIA,970.0,LC,32,33,-1
201011270DAL,RS,MIA,1002.0,,32,36,-4
201011270DAL,RS,MIA,1026.0,,32,38,-6
201011270DAL,RS,MIA,1052.0,,34,38,-4
201011270DAL,RS,MIA,1094.0,,37,38,-1
201011270DAL,RS,MIA,1122.0,,37,40,-3
201011270DAL,RS,MIA,1142.0,,39,40,-1
201011270DAL,RS,MIA,1193.0,LC,41,40,1
201011270DAL,RS,MIA,1219.0,,43,40,3
201011270DAL,RS,MIA,1246.0,,44,40,4
201011270DAL,RS,MIA,1246.0,,45,40,5
201011270DAL,RS,MIA,1267.0,,45,42,3
201011270DAL,RS,MIA,1280.0,,45,44,1
201011270DAL,RS,MIA,1300.0,,47,44,3
201011270DAL,RS,MIA,1317.0,,47,46,1
201011270DAL,RS,MIA,1317.0,T,47,47,0
201011270DAL,RS,MIA,1371.0,,49,47,2
201011270DAL,RS,MIA,1405.1,,51,47,4
201011270DAL,RS,MIA,1424.0,,51,48,3
201011270DAL,RS,MIA,1424.0,,51,49,2
201011270DAL,RS,MIA,1501.0,,53,49,4
201011270DAL,RS,MIA,1570.0,,54,49,5
201011270DAL,RS,MIA,1570.0,,55,49,6
201011270DAL,RS,MIA,1592.0,,57,49,8
201011270DAL,RS,MIA,1627.0,,59,49,10
201011270DAL,RS,MIA,1655.0,,61,49,12
201011270DAL,RS,MIA,1685.0,,64,49,15
201011270DAL,RS,MIA,1700.0,,64,51,13
201011270DAL,RS,MIA,1715.0,,65,51,14
201011270DAL,RS,MIA,1729.0,,65,52,13
201011270DAL,RS,MIA,1729.0,,65,53,12
201011270DAL,RS,MIA,1743.0,,68,53,15
201011270DAL,RS,MIA,1790.0,,68,55,13
201011270DAL,RS,MIA,1802.0,,71,55,16
201011270DAL,RS,MIA,1825.0,,73,55,18
201011270DAL,RS,MIA,1847.0,,73,57,16
201011270DAL,RS,MIA,1939.0,,73,58,15
201011270DAL,RS,MIA,1939.0,,73,59,14
201011270DAL,RS,MIA,1966.0,,74,59,15
201011270DAL,RS,MIA,1997.0,,76,59,17
201011270DAL,RS,MIA,2024.0,,76,60,16
201011270DAL,RS,MIA,2024.0,,76,61,15
201011270DAL,RS,MIA,2100.0,,76,62,14
201011270DAL,RS,MIA,2100.0,,76,63,13
201011270DAL,RS,MIA,2115.1,,78,63,15
201011270DAL,RS,MIA,2129.7,,78,64,14
201011270DAL,RS,MIA,2129.7,,78,65,13
201011270DAL,RS,MIA,2149.7,,79,65,14
201011270DAL,RS,MIA,2149.7,,80,65,15
201011270DAL,RS,MIA,2153.9,,80,66,14
201011270DAL,RS,MIA,2158.1,,82,66,16
201011270DAL,RS,MIA,2194.0,,82,68,14
201011270DAL,RS,MIA,2208.0,,84,68,16
201011270DAL,RS,MIA,2208.0,,85,68,17
201011270DAL,RS,MIA,2224.0,,85,70,15
201011270DAL,RS,MIA,2247.0,,88,70,18
201011270DAL,RS,MIA,2257.0,,88,71,17
201011270DAL,RS,MIA,2293.0,,89,71,18
201011270DAL,RS,MIA,2293.0,,90,71,19
201011270DAL,RS,MIA,2310.0,,90,74,16
201011270DAL,RS,MIA,2368.0,,90,76,14
201011270DAL,RS,MIA,2410.0,,92,76,16
201011270DAL,RS,MIA,2431.0,,92,78,14
201011270DAL,RS,MIA,2503.0,,92,80,12
201011270DAL,RS,MIA,2529.0,,92,81,11
201011270DAL,RS,MIA,2529.0,,92,82,10
201011270DAL,RS,MIA,2536.0,,92,84,8
201011270DAL,RS,MIA,2574.0,,92,86,6
201011270DAL,RS,MIA,2605.0,,94,86,8
201011270DAL,RS,MIA,2621.0,,94,89,5
201011270DAL,RS,MIA,2643.0,,95,89,6
201011270DAL,RS,MIA,2643.0,,96,89,7
201011270DAL,RS,MIA,2670.0,,98,89,9
201011270DAL,RS,MIA,2681.0,,98,90,8
201011270DAL,RS,MIA,2740.0,,98,92,6
201011270DAL,RS,MIA,2820.0,,100,92,8
201011270DAL,RS,MIA,2836.6,,101,92,9
201011270DAL,RS,MIA,2836.6,,102,92,10
201011270DAL,RS,MIA,2850.1,,102,95,7
201011270DAL,RS,MIA,2852.8,,103,95,8
201011270DAL,RS,MIA,2879.8,F,106,95,11
201011270DAL,RS,MIA,2880.0,,106,95,11
201011290DAL,RS,HOU,0.0,,0,0,0
201011290DAL,RS,HOU,123.0,,0,2,-2
201011290DAL,RS,HOU,134.0,T,2,2,0
201011290DAL,RS,HOU,146.0,,2,4,-2
201011290DAL,RS,HOU,168.0,LC,5,4,1
201011290DAL,RS,HOU,180.0,LC,5,7,-2
201011290DAL,RS,HOU,196.0,,6,7,-1
201011290DAL,RS,HOU,196.0,T,7,7,0
201011290DAL,RS,HOU,243.0,LC,9,7,2
201011290DAL,RS,HOU,272.0,,9,8,1
201011290DAL,RS,HOU,288.0,LC,9,10,-1
201011290DAL,RS,HOU,313.0,LC,11,10,1
201011290DAL,RS,HOU,336.0,LC,11,12,-1
201011290DAL,RS,HOU,353.0,LC,13,12,1
201011290DAL,RS,HOU,376.0,,16,12,4
201011290DAL,RS,HOU,403.0,,16,14,2
201011290DAL,RS,HOU,444.0,,17,14,3
201011290DAL,RS,HOU,470.0,T,17,17,0
201011290DAL,RS,HOU,493.0,,19,17,2
201011290DAL,RS,HOU,504.0,LC,19,20,-1
201011290DAL,RS,HOU,579.0,LC,21,20,1
201011290DAL,RS,HOU,591.0,LC,21,22,-1
201011290DAL,RS,HOU,620.0,,21,23,-2
201011290DAL,RS,HOU,620.0,,21,24,-3
201011290DAL,RS,HOU,636.0,,23,24,-1
201011290DAL,RS,HOU,661.7,,23,25,-2
201011290DAL,RS,HOU,661.7,,23,26,-3
201011290DAL,RS,HOU,682.1,,25,26,-1
201011290DAL,RS,HOU,747.0,LC,27,26,1
201011290DAL,RS,HOU,779.0,T,27,27,0
201011290DAL,RS,HOU,779.0,LC,27,28,-1
201011290DAL,RS,HOU,779.0,,27,29,-2
201011290DAL,RS,HOU,817.0,,27,31,-4
201011290DAL,RS,HOU,827.0,,28,31,-3
201011290DAL,RS,HOU,827.0,,29,31,-2
201011290DAL,RS,HOU,845.0,,29,32,-3
201011290DAL,RS,HOU,861.0,,31,32,-1
201011290DAL,RS,HOU,885.0,LC,33,32,1
201011290DAL,RS,HOU,904.0,LC,33,34,-1
201011290DAL,RS,HOU,904.0,,33,35,-2
201011290DAL,RS,HOU,927.0,T,35,35,0
201011290DAL,RS,HOU,971.0,,35,37,-2
201011290DAL,RS,HOU,998.0,T,37,37,0
201011290DAL,RS,HOU,1018.0,LC,39,37,2
201011290DAL,RS,HOU,1018.0,,40,37,3
201011290DAL,RS,HOU,1043.0,T,40,40,0
201011290DAL,RS,HOU,1133.0,,42,40,2
201011290DAL,RS,HOU,1167.0,T,42,42,0
201011290DAL,RS,HOU,1251.0,LC,42,44,-2
201011290DAL,RS,HOU,1277.0,,43,44,-1
201011290DAL,RS,HOU,1277.0,T,44,44,0
201011290DAL,RS,HOU,1314.0,LC,47,44,3
201011290DAL,RS,HOU,1378.0,,48,44,4
201011290DAL,RS,HOU,1378.0,,49,44,5
201011290DAL,RS,HOU,1403.1,,51,44,7
201011290DAL,RS,HOU,1414.1,,51,45,6
201011290DAL,RS,HOU,1436.8,,52,45,7
201011290DAL,RS,HOU,1524.0,,53,45,8
201011290DAL,RS,HOU,1524.0,,54,45,9
201011290DAL,RS,HOU,1542.0,,54,47,7
201011290DAL,RS,HOU,1573.0,,57,47,10
201011290DAL,RS,HOU,1612.0,,57,49,8
201011290DAL,RS,HOU,1631.0,,60,49,11
201011290DAL,RS,HOU,1650.0,,60,51,9
201011290DAL,RS,HOU,1670.0,,60,52,8
201011290DAL,RS,HOU,1670.0,,60,53,7
201011290DAL,RS,HOU,1685.0,,62,53,9
201011290DAL,RS,HOU,1705.0,,64,53,11
201011290DAL,RS,HOU,1750.0,,66,53,13
201011290DAL,RS,HOU,1784.0,,68,53,15
201011290DAL,RS,HOU,1818.0,,70,53,17
201011290DAL,RS,HOU,1836.0,,70,54,16
201011290DAL,RS,HOU,1855.0,,72,54,18
201011290DAL,RS,HOU,1870.0,,72,56,16
201011290DAL,RS,HOU,1883.0,,74,56,18
201011290DAL,RS,HOU,1898.0,,74,59,15
201011290DAL,RS,HOU,1925.0,,77,59,18
201011290DAL,RS,HOU,1987.0,,77,61,16
201011290DAL,RS,HOU,2006.0,,79,61,18
201011290DAL,RS,HOU,2025.0,,79,62,17
201011290DAL,RS,HOU,2025.0,,79,63,16
201011290DAL,RS,HOU,2042.0,,81,63,18
201011290DAL,RS,HOU,2063.0,,81,66,15
201011290DAL,RS,HOU,2087.0,,81,67,14
201011290DAL,RS,HOU,2087.0,,81,68,13
201011290DAL,RS,HOU,2153.1,,83,68,15
201011290DAL,RS,HOU,2159.7,,83,71,12
201011290DAL,RS,HOU,2187.0,,84,71,13
201011290DAL,RS,HOU,2187.0,,85,71,14
201011290DAL,RS,HOU,2247.0,,87,71,16
201011290DAL,RS,HOU,2288.0,,89,71,18
201011290DAL,RS,HOU,2298.0,,89,73,16
201011290DAL,RS,HOU,2322.0,,91,73,18
201011290DAL,RS,HOU,2420.0,,92,73,19
201011290DAL,RS,HOU,2420.0,,93,73,20
201011290DAL,RS,HOU,2448.0,,95,73,22
201011290DAL,RS,HOU,2489.0,,95,76,19
201011290DAL,RS,HOU,2514.0,,97,76,21
201011290DAL,RS,HOU,2528.0,,97,77,20
201011290DAL,RS,HOU,2528.0,,97,78,19
201011290DAL,RS,HOU,2552.0,,99,78,21
201011290DAL,RS,HOU,2577.0,,99,80,19
201011290DAL,RS,HOU,2601.0,,101,80,21
201011290DAL,RS,HOU,2663.0,,101,83,18
201011290DAL,RS,HOU,2704.0,,101,85,16
201011290DAL,RS,HOU,2798.0,,101,87,14
201011290DAL,RS,HOU,2817.0,,101,88,13
201011290DAL,RS,HOU,2817.0,,101,89,12
201011290DAL,RS,HOU,2847.3,,101,90,11
201011290DAL,RS,HOU,2847.3,F,101,91,10
201011290DAL,RS,HOU,2880.0,,101,91,10
201012010DAL,RS,MIN,0.0,,0,0,0
201012010DAL,RS,MIN,31.0,,0,2,-2
201012010DAL,RS,MIN,83.0,,0,4,-4
201012010DAL,RS,MIN,85.0,,1,4,-3
201012010DAL,RS,MIN,85.0,,2,4,-2
201012010DAL,RS,MIN,134.0,,3,4,-1
201012010DAL,RS,MIN,134.0,T,4,4,0
201012010DAL,RS,MIN,195.0,LC,6,4,2
201012010DAL,RS,MIN,207.0,T,6,6,0
201012010DAL,RS,MIN,233.0,LC,6,9,-3
201012010DAL,RS,MIN,270.0,,8,9,-1
201012010DAL,RS,MIN,296.0,LC,11,9,2
201012010DAL,RS,MIN,331.0,,13,9,4
201012010DAL,RS,MIN,391.0,,13,10,3
201012010DAL,RS,MIN,391.0,,13,11,2
201012010DAL,RS,MIN,442.0,,13,12,1
201012010DAL,RS,MIN,442.0,T,13,13,0
201012010DAL,RS,MIN,460.0,,14,13,1
201012010DAL,RS,MIN,460.0,,15,13,2
201012010DAL,RS,MIN,487.0,,17,13,4
201012010DAL,RS,MIN,507.0,,17,15,2
201012010DAL,RS,MIN,528.0,,19,15,4
201012010DAL,RS,MIN,565.0,,22,15,7
201012010DAL,RS,MIN,615.0,,22,17,5
201012010DAL,RS,MIN,653.0,,23,17,6
201012010DAL,RS,MIN,653.0,,24,17,7
201012010DAL,RS,MIN,669.1,,24,19,5
201012010DAL,RS,MIN,688.2,,27,19,8
201012010DAL,RS,MIN,698.5,,27,20,7
201012010DAL,RS,MIN,719.1,,29,20,9
201012010DAL,RS,MIN,732.0,,29,22,7
201012010DAL,RS,MIN,770.0,,31,22,9
201012010DAL,RS,MIN,786.0,,31,24,7
201012010DAL,RS,MIN,811.0,,33,24,9
201012010DAL,RS,MIN,851.0,,35,24,11
201012010DAL,RS,MIN,879.0,,35,26,9
201012010DAL,RS,MIN,896.0,,37,26,11
201012010DAL,RS,MIN,926.0,,37,28,9
201012010DAL,RS,MIN,938.0,,40,28,12
201012010DAL,RS,MIN,962.0,,43,28,15
201012010DAL,RS,MIN,982.0,,43,31,12
201012010DAL,RS,MIN,1063.0,,45,31,14
201012010DAL,RS,MIN,1071.0,,45,33,12
201012010DAL,RS,MIN,1092.0,,47,33,14
201012010DAL,RS,MIN,1111.0,,47,35,12
201012010DAL,RS,MIN,1187.0,,49,35,14
201012010DAL,RS,MIN,1259.0,,51,35,16
201012010DAL,RS,MIN,1275.0,,51,37,14
201012010DAL,RS,MIN,1298.0,,53,37,16
201012010DAL,RS,MIN,1311.0,,53,39,14
201012010DAL,RS,MIN,1330.0,,55,39,16
201012010DAL,RS,MIN,1367.0,,55,41,14
201012010DAL,RS,MIN,1404.1,,55,43,12
201012010DAL,RS,MIN,1520.0,,57,43,14
201012010DAL,RS,MIN,1537.0,,57,44,13
201012010DAL,RS,MIN,1537.0,,57,45,12
201012010DAL,RS,MIN,1553.0,,59,45,14
201012010DAL,RS,MIN,1584.0,,61,45,16
201012010DAL,RS,MIN,1607.0,,61,47,14
201012010DAL,RS,MIN,1666.0,,62,47,15
201012010DAL,RS,MIN,1666.0,,63,47,16
201012010DAL,RS,MIN,1689.0,,63,49,14
201012010DAL,RS,MIN,1718.0,,63,50,13
201012010DAL,RS,MIN,1718.0,,63,51,12
201012010DAL,RS,MIN,1744.0,,65,51,14
201012010DAL,RS,MIN,1753.0,,65,54,11
201012010DAL,RS,MIN,1793.0,,67,54,13
201012010DAL,RS,MIN,1812.0,,67,56,11
201012010DAL,RS,MIN,1825.0,,68,56,12
201012010DAL,RS,MIN,1837.0,,68,58,10
201012010DAL,RS,MIN,1851.0,,71,58,13
201012010DAL,RS,MIN,1878.0,,72,58,14
201012010DAL,RS,MIN,1924.0,,75,58,17
201012010DAL,RS,MIN,1957.0,,75,59,16
201012010DAL,RS,MIN,1957.0,,75,60,15
201012010DAL,RS,MIN,1978.0,,75,62,13
201012010DAL,RS,MIN,2005.0,,77,62,15
201012010DAL,RS,MIN,2029.0,,80,62,18
201012010DAL,RS,MIN,2115.1,,80,64,16
201012010DAL,RS,MIN,2133.1,,83,64,19
201012010DAL,RS,MIN,2183.0,,84,64,20
201012010DAL,RS,MIN,2183.0,,85,64,21
201012010DAL,RS,MIN,2202.0,,86,64,22
201012010DAL,RS,MIN,2241.0,,86,67,19
201012010DAL,RS,MIN,2269.0,,88,67,21
201012010DAL,RS,MIN,2347.0,,88,69,19
201012010DAL,RS,MIN,2367.0,,90,69,21
201012010DAL,RS,MIN,2407.0,,90,71,19
201012010DAL,RS,MIN,2444.0,,92,71,21
201012010DAL,RS,MIN,2479.0,,95,71,24
201012010DAL,RS,MIN,2515.0,,95,73,22
201012010DAL,RS,MIN,2561.0,,95,75,20
201012010DAL,RS,MIN,2574.0,,96,75,21
201012010DAL,RS,MIN,2642.0,,96,77,19
201012010DAL,RS,MIN,2667.0,,97,77,20
201012010DAL,RS,MIN,2667.0,,98,77,21
201012010DAL,RS,MIN,2743.0,,98,78,20
201012010DAL,RS,MIN,2743.0,,98,79,19
201012010DAL,RS,MIN,2755.0,,100,79,21
201012010DAL,RS,MIN,2772.0,,100,81,19
201012010DAL,RS,MIN,2772.0,,100,82,18
201012010DAL,RS,MIN,2800.0,,100,83,17
201012010DAL,RS,MIN,2800.0,,100,84,16
201012010DAL,RS,MIN,2826.5,,100,85,15
201012010DAL,RS,MIN,2826.5,F,100,86,14
201012010DAL,RS,MIN,2880.0,,100,86,14
201012030UTA,RS,UTA,0.0,,0,0,0
201012030UTA,RS,UTA,18.0,,0,1,-1
201012030UTA,RS,UTA,88.0,,0,3,-3
201012030UTA,RS,UTA,104.0,,2,3,-1
201012030UTA,RS,UTA,131.0,LC,4,3,1
201012030UTA,RS,UTA,187.0,LC,4,5,-1
201012030UTA,RS,UTA,246.0,,4,7,-3
201012030UTA,RS,UTA,272.0,,5,7,-2
201012030UTA,RS,UTA,291.0,,5,9,-4
201012030UTA,RS,UTA,325.0,,5,11,-6
201012030UTA,RS,UTA,372.0,,7,11,-4
201012030UTA,RS,UTA,388.0,,7,13,-6
201012030UTA,RS,UTA,401.0,,8,13,-5
201012030UTA,RS,UTA,401.0,,9,13,-4
201012030UTA,RS,UTA,431.0,,11,13,-2
201012030UTA,RS,UTA,449.0,T,13,13,0
201012030UTA,RS,UTA,469.0,,13,15,-2
201012030UTA,RS,UTA,529.0,LC,16,15,1
201012030UTA,RS,UTA,553.0,LC,16,18,-2
201012030UTA,RS,UTA,575.0,,16,20,-4
201012030UTA,RS,UTA,594.0,,19,20,-1
201012030UTA,RS,UTA,634.0,LC,21,20,1
201012030UTA,RS,UTA,676.6,,23,20,3
201012030UTA,RS,UTA,737.0,,25,20,5
201012030UTA,RS,UTA,754.0,,25,21,4
201012030UTA,RS,UTA,814.0,,25,22,3
201012030UTA,RS,UTA,855.0,,25,24,1
201012030UTA,RS,UTA,875.0,,27,24,3
201012030UTA,RS,UTA,897.0,,27,26,1
201012030UTA,RS,UTA,945.0,LC,27,28,-1
201012030UTA,RS,UTA,980.0,,27,30,-3
201012030UTA,RS,UTA,1022.0,,29,30,-1
201012030UTA,RS,UTA,1094.0,LC,31,30,1
201012030UTA,RS,UTA,1138.0,LC,31,32,-1
201012030UTA,RS,UTA,1160.0,,31,34,-3
201012030UTA,RS,UTA,1183.0,,33,34,-1
201012030UTA,RS,UTA,1239.0,,33,35,-2
201012030UTA,RS,UTA,1239.0,,33,36,-3
201012030UTA,RS,UTA,1263.0,,33,39,-6
201012030UTA,RS,UTA,1308.0,,34,39,-5
201012030UTA,RS,UTA,1336.0,,34,40,-6
201012030UTA,RS,UTA,1336.0,,34,41,-7
201012030UTA,RS,UTA,1371.0,,36,41,-5
201012030UTA,RS,UTA,1386.9,,38,41,-3
201012030UTA,RS,UTA,1386.9,,39,41,-2
201012030UTA,RS,UTA,1418.1,,39,43,-4
201012030UTA,RS,UTA,1495.0,,41,43,-2
201012030UTA,RS,UTA,1517.0,,41,45,-4
201012030UTA,RS,UTA,1517.0,,41,46,-5
201012030UTA,RS,UTA,1558.0,,43,46,-3
201012030UTA,RS,UTA,1583.0,T,46,46,0
201012030UTA,RS,UTA,1627.0,,46,48,-2
201012030UTA,RS,UTA,1650.0,T,48,48,0
201012030UTA,RS,UTA,1721.0,LC,50,48,2
201012030UTA,RS,UTA,1745.0,,52,48,4
201012030UTA,RS,UTA,1778.0,,52,49,3
201012030UTA,RS,UTA,1778.0,,52,50,2
201012030UTA,RS,UTA,1794.0,,54,50,4
201012030UTA,RS,UTA,1818.0,,54,51,3
201012030UTA,RS,UTA,1838.0,,56,51,5
201012030UTA,RS,UTA,1858.0,,56,53,3
201012030UTA,RS,UTA,1894.0,,59,53,6
201012030UTA,RS,UTA,1911.0,,59,55,4
201012030UTA,RS,UTA,1932.0,,62,55,7
201012030UTA,RS,UTA,1972.0,,62,57,5
201012030UTA,RS,UTA,2053.0,,64,57,7
201012030UTA,RS,UTA,2078.0,,66,57,9
201012030UTA,RS,UTA,2100.4,,66,60,6
201012030UTA,RS,UTA,2124.4,,66,62,4
201012030UTA,RS,UTA,2195.0,,68,62,6
201012030UTA,RS,UTA,2215.0,,71,62,9
201012030UTA,RS,UTA,2278.0,,73,62,11
201012030UTA,RS,UTA,2303.0,,75,62,13
201012030UTA,RS,UTA,2335.0,,77,62,15
201012030UTA,RS,UTA,2357.0,,77,64,13
201012030UTA,RS,UTA,2429.0,,79,64,15
201012030UTA,RS,UTA,2446.0,,79,65,14
201012030UTA,RS,UTA,2462.0,,80,65,15
201012030UTA,RS,UTA,2462.0,,81,65,16
201012030UTA,RS,UTA,2475.0,,81,66,15
201012030UTA,RS,UTA,2504.0,,83,66,17
201012030UTA,RS,UTA,2550.0,,83,68,15
201012030UTA,RS,UTA,2571.0,,85,68,17
201012030UTA,RS,UTA,2584.0,,85,69,16
201012030UTA,RS,UTA,2604.0,,87,69,18
201012030UTA,RS,UTA,2627.0,,87,71,16
201012030UTA,RS,UTA,2658.0,,87,72,15
201012030UTA,RS,UTA,2671.0,,89,72,17
201012030UTA,RS,UTA,2684.0,,89,74,15
201012030UTA,RS,UTA,2711.0,,91,74,17
201012030UTA,RS,UTA,2724.0,,91,75,16
201012030UTA,RS,UTA,2724.0,,91,76,15
201012030UTA,RS,UTA,2823.4,,91,77,14
201012030UTA,RS,UTA,2823.4,,91,78,13
201012030UTA,RS,UTA,2840.4,,93,78,15
201012030UTA,RS,UTA,2850.4,,93,79,14
201012030UTA,RS,UTA,2869.8,F,93,81,12
201012030UTA,RS,UTA,2880.0,,93,81,12
201012040SAC,RS,SAC,0.0,,0,0,0
201012040SAC,RS,SAC,43.0,,2,0,2
201012040SAC,RS,SAC,66.0,LC,2,3,-1
201012040SAC,RS,SAC,124.0,LC,5,3,2
201012040SAC,RS,SAC,167.0,T,5,5,0
201012040SAC,RS,SAC,190.0,LC,5,7,-2
201012040SAC,RS,SAC,205.0,LC,8,7,1
201012040SAC,RS,SAC,225.0,LC,8,9,-1
201012040SAC,RS,SAC,234.0,LC,10,9,1
201012040SAC,RS,SAC,234.0,,11,9,2
201012040SAC,RS,SAC,251.0,T,11,11,0
201012040SAC,RS,SAC,320.0,LC,11,13,-2
201012040SAC,RS,SAC,320.0,,11,14,-3
201012040SAC,RS,SAC,333.0,,13,14,-1
201012040SAC,RS,SAC,349.0,,13,17,-4
201012040SAC,RS,SAC,378.0,,15,17,-2
201012040SAC,RS,SAC,390.0,,15,19,-4
201012040SAC,RS,SAC,427.0,,15,21,-6
201012040SAC,RS,SAC,446.0,,17,21,-4
201012040SAC,RS,SAC,466.0,,17,23,-6
201012040SAC,RS,SAC,466.0,,17,24,-7
201012040SAC,RS,SAC,477.0,,19,24,-5
201012040SAC,RS,SAC,499.0,,19,26,-7
201012040SAC,RS,SAC,520.0,,20,26,-6
201012040SAC,RS,SAC,546.0,,20,29,-9
201012040SAC,RS,SAC,587.0,,20,31,-11
201012040SAC,RS,SAC,611.0,,22,31,-9
201012040SAC,RS,SAC,668.6,,22,33,-11
201012040SAC,RS,SAC,668.6,,22,34,-12
201012040SAC,RS,SAC,682.5,,25,34,-9
201012040SAC,RS,SAC,692.4,,25,37,-12
201012040SAC,RS,SAC,716.9,,28,37,-9
201012040SAC,RS,SAC,749.0,,28,39,-11
201012040SAC,RS,SAC,766.0,,29,39,-10
201012040SAC,RS,SAC,766.0,,30,39,-9
201012040SAC,RS,SAC,787.0,,30,42,-12
201012040SAC,RS,SAC,809.0,,32,42,-10
201012040SAC,RS,SAC,854.0,,32,44,-12
201012040SAC,RS,SAC,875.0,,34,44,-10
201012040SAC,RS,SAC,891.0,,34,46,-12
201012040SAC,RS,SAC,936.0,,36,46,-10
201012040SAC,RS,SAC,936.0,,37,46,-9
201012040SAC,RS,SAC,1003.0,,37,48,-11
201012040SAC,RS,SAC,1023.0,,39,48,-9
201012040SAC,RS,SAC,1064.0,,41,48,-7
201012040SAC,RS,SAC,1101.0,,43,48,-5
201012040SAC,RS,SAC,1126.0,,43,50,-7
201012040SAC,RS,SAC,1143.0,,45,50,-5
201012040SAC,RS,SAC,1143.0,,46,50,-4
201012040SAC,RS,SAC,1198.0,,48,50,-2
201012040SAC,RS,SAC,1212.0,,48,51,-3
201012040SAC,RS,SAC,1212.0,,48,52,-4
201012040SAC,RS,SAC,1270.0,,50,52,-2
201012040SAC,RS,SAC,1361.0,,50,54,-4
201012040SAC,RS,SAC,1379.0,,52,54,-2
201012040SAC,RS,SAC,1396.9,,52,55,-3
201012040SAC,RS,SAC,1413.5,,54,55,-1
201012040SAC,RS,SAC,1509.0,,54,58,-4
201012040SAC,RS,SAC,1524.0,,56,58,-2
201012040SAC,RS,SAC,1572.0,,56,60,-4
201012040SAC,RS,SAC,1597.0,,58,60,-2
201012040SAC,RS,SAC,1636.0,,58,62,-4
201012040SAC,RS,SAC,1639.0,,58,63,-5
201012040SAC,RS,SAC,1659.0,,59,63,-4
201012040SAC,RS,SAC,1688.0,,61,63,-2
201012040SAC,RS,SAC,1688.0,,62,63,-1
201012040SAC,RS,SAC,1707.0,,62,65,-3
201012040SAC,RS,SAC,1727.0,,62,68,-6
201012040SAC,RS,SAC,1744.0,,65,68,-3
201012040SAC,RS,SAC,1761.0,,65,71,-6
201012040SAC,RS,SAC,1796.0,,65,73,-8
201012040SAC,RS,SAC,1826.0,,66,73,-7
201012040SAC,RS,SAC,1826.0,,67,73,-6
201012040SAC,RS,SAC,1851.0,,67,76,-9
201012040SAC,RS,SAC,1859.0,,68,76,-8
201012040SAC,RS,SAC,1859.0,,69,76,-7
201012040SAC,RS,SAC,1859.0,,70,76,-6
201012040SAC,RS,SAC,1919.0,,72,76,-4
201012040SAC,RS,SAC,1959.0,,73,76,-3
201012040SAC,RS,SAC,1959.0,,74,76,-2
201012040SAC,RS,SAC,1994.0,T,76,76,0
201012040SAC,RS,SAC,2010.0,,76,77,-1
201012040SAC,RS,SAC,2010.0,,76,78,-2
201012040SAC,RS,SAC,2047.0,,77,78,-1
201012040SAC,RS,SAC,2047.0,T,78,78,0
201012040SAC,RS,SAC,2076.0,LC,80,78,2
201012040SAC,RS,SAC,2130.7,T,80,80,0
201012040SAC,RS,SAC,2170.0,LC,80,81,-1
201012040SAC,RS,SAC,2215.0,LC,82,81,1
201012040SAC,RS,SAC,2230.0,T,82,82,0
201012040SAC,RS,SAC,2230.0,LC,82,83,-1
201012040SAC,RS,SAC,2248.0,LC,84,83,1
201012040SAC,RS,SAC,2271.0,LC,84,86,-2
201012040SAC,RS,SAC,2305.0,,84,88,-4
201012040SAC,RS,SAC,2331.0,,84,91,-7
201012040SAC,RS,SAC,2352.0,,86,91,-5
201012040SAC,RS,SAC,2370.0,,86,93,-7
201012040SAC,RS,SAC,2400.0,,88,93,-5
201012040SAC,RS,SAC,2420.0,,88,95,-7
201012040SAC,RS,SAC,2437.0,,90,95,-5
201012040SAC,RS,SAC,2495.0,,90,97,-7
201012040SAC,RS,SAC,2555.0,,90,99,-9
201012040SAC,RS,SAC,2569.0,,92,99,-7
201012040SAC,RS,SAC,2596.0,,93,99,-6
201012040SAC,RS,SAC,2596.0,,94,99,-5
201012040SAC,RS,SAC,2658.0,,96,99,-3
201012040SAC,RS,SAC,2690.0,,96,101,-5
201012040SAC,RS,SAC,2746.0,,98,101,-3
201012040SAC,RS,SAC,2782.0,,99,101,-2
201012040SAC,RS,SAC,2807.0,T,101,101,0
201012040SAC,RS,SAC,2826.5,LC,102,101,1
201012040SAC,RS,SAC,2826.5,,103,101,2
201012040SAC,RS,SAC,2851.3,,104,101,3
201012040SAC,RS,SAC,2851.3,,105,101,4
201012040SAC,RS,SAC,2858.7,F,105,103,2
201012040SAC,RS,SAC,2880.0,,105,103,2
201012070DAL,RS,GSW,0.0,,0,0,0
201012070DAL,RS,GSW,21.0,,2,0,2
201012070DAL,RS,GSW,21.0,,3,0,3
201012070DAL,RS,GSW,60.0,,3,2,1
201012070DAL,RS,GSW,75.0,,5,2,3
201012070DAL,RS,GSW,115.0,,5,4,1
201012070DAL,RS,GSW,115.0,T,5,5,0
201012070DAL,RS,GSW,127.0,,8,5,3
201012070DAL,RS,GSW,142.0,,8,7,1
201012070DAL,RS,GSW,167.0,LC,8,10,-2
201012070DAL,RS,GSW,216.0,LC,11,10,1
201012070DAL,RS,GSW,237.0,LC,11,12,-1
201012070DAL,RS,GSW,244.0,LC,13,12,1
201012070DAL,RS,GSW,294.0,LC,13,14,-1
201012070DAL,RS,GSW,318.0,LC,15,14,1
201012070DAL,RS,GSW,337.0,LC,15,17,-2
201012070DAL,RS,GSW,375.0,T,17,17,0
201012070DAL,RS,GSW,395.0,,17,19,-2
201012070DAL,RS,GSW,417.0,,17,21,-4
201012070DAL,RS,GSW,435.0,,19,21,-2
201012070DAL,RS,GSW,491.0,LC,22,21,1
201012070DAL,RS,GSW,520.0,LC,22,23,-1
201012070DAL,RS,GSW,560.0,LC,24,23,1
201012070DAL,RS,GSW,577.0,,25,23,2
201012070DAL,RS,GSW,577.0,,26,23,3
201012070DAL,RS,GSW,616.0,,26,25,1
201012070DAL,RS,GSW,662.9,T,26,26,0
201012070DAL,RS,GSW,684.4,,27,26,1
201012070DAL,RS,GSW,735.0,T,27,27,0
201012070DAL,RS,GSW,766.0,,29,27,2
201012070DAL,RS,GSW,766.0,,30,27,3
201012070DAL,RS,GSW,782.0,,30,29,1
201012070DAL,RS,GSW,816.0,LC,30,31,-1
201012070DAL,RS,GSW,836.0,LC,32,31,1
201012070DAL,RS,GSW,858.0,,34,31,3
201012070DAL,RS,GSW,911.0,,36,31,5
201012070DAL,RS,GSW,941.0,,36,33,3
201012070DAL,RS,GSW,955.0,,38,33,5
201012070DAL,RS,GSW,998.0,,40,33,7
201012070DAL,RS,GSW,1014.0,,40,35,5
201012070DAL,RS,GSW,1031.0,,42,35,7
201012070DAL,RS,GSW,1075.0,,42,37,5
201012070DAL,RS,GSW,1132.0,,42,39,3
201012070DAL,RS,GSW,1161.0,,42,41,1
201012070DAL,RS,GSW,1176.0,,44,41,3
201012070DAL,RS,GSW,1211.0,,44,43,1
201012070DAL,RS,GSW,1266.0,LC,44,45,-1
201012070DAL,RS,GSW,1343.0,LC,46,45,1
201012070DAL,RS,GSW,1365.0,LC,46,48,-2
201012070DAL,RS,GSW,1389.3,T,48,48,0
201012070DAL,RS,GSW,1416.1,LC,50,48,2
201012070DAL,RS,GSW,1508.0,,52,48,4
201012070DAL,RS,GSW,1545.0,,52,50,2
201012070DAL,RS,GSW,1588.0,T,52,52,0
201012070DAL,RS,GSW,1605.0,,54,52,2
201012070DAL,RS,GSW,1620.0,T,54,54,0
201012070DAL,RS,GSW,1644.0,,57,54,3
201012070DAL,RS,GSW,1665.0,,60,54,6
201012070DAL,RS,GSW,1679.0,,60,56,4
201012070DAL,RS,GSW,1726.0,,60,58,2
201012070DAL,RS,GSW,1774.0,T,60,60,0
201012070DAL,RS,GSW,1791.0,LC,60,62,-2
201012070DAL,RS,GSW,1802.0,,61,62,-1
201012070DAL,RS,GSW,1855.0,LC,63,62,1
201012070DAL,RS,GSW,1876.0,LC,63,64,-1
201012070DAL,RS,GSW,1896.0,LC,65,64,1
201012070DAL,RS,GSW,1949.0,LC,65,66,-1
201012070DAL,RS,GSW,2019.0,,65,69,-4
201012070DAL,RS,GSW,2064.0,,66,69,-3
201012070DAL,RS,GSW,2064.0,,67,69,-2
201012070DAL,RS,GSW,2078.0,,67,72,-5
201012070DAL,RS,GSW,2097.0,,68,72,-4
201012070DAL,RS,GSW,2127.1,,71,72,-1
201012070DAL,RS,GSW,2177.0,T,72,72,0
201012070DAL,RS,GSW,2196.0,,72,74,-2
201012070DAL,RS,GSW,2219.0,,73,74,-1
201012070DAL,RS,GSW,2219.0,T,74,74,0
201012070DAL,RS,GSW,2243.0,LC,75,74,1
201012070DAL,RS,GSW,2243.0,,76,74,2
201012070DAL,RS,GSW,2280.0,T,76,76,0
201012070DAL,RS,GSW,2301.0,,78,76,2
201012070DAL,RS,GSW,2321.0,LC,78,79,-1
201012070DAL,RS,GSW,2345.0,LC,80,79,1
201012070DAL,RS,GSW,2383.0,,82,79,3
201012070DAL,RS,GSW,2423.0,,82,80,2
201012070DAL,RS,GSW,2423.0,,82,81,1
201012070DAL,RS,GSW,2466.0,,84,81,3
201012070DAL,RS,GSW,2509.0,,86,81,5
201012070DAL,RS,GSW,2541.0,,86,84,2
201012070DAL,RS,GSW,2558.0,,87,84,3
201012070DAL,RS,GSW,2558.0,,88,84,4
201012070DAL,RS,GSW,2590.0,,90,84,6
201012070DAL,RS,GSW,2616.0,,92,84,8
201012070DAL,RS,GSW,2647.0,,92,86,6
201012070DAL,RS,GSW,2673.0,,92,87,5
201012070DAL,RS,GSW,2692.0,,92,89,3
201012070DAL,RS,GSW,2715.0,,94,89,5
201012070DAL,RS,GSW,2751.0,,96,89,7
201012070DAL,RS,GSW,2761.0,,96,91,5
201012070DAL,RS,GSW,2779.0,,98,91,7
201012070DAL,RS,GSW,2796.0,,98,94,4
201012070DAL,RS,GSW,2823.0,,99,94,5
201012070DAL,RS,GSW,2848.1,,102,94,8
201012070DAL,RS,GSW,2853.2,,102,97,5
201012070DAL,RS,GSW,2856.2,,103,97,6
201012070DAL,RS,GSW,2856.2,,104,97,7
201012070DAL,RS,GSW,2864.1,,104,100,4
201012070DAL,RS,GSW,2865.7,F,105,100,5
201012070DAL,RS,GSW,2880.0,,105,100,5
201012090DAL,RS,NJN,0.0,,0,0,0
201012090DAL,RS,NJN,37.0,,0,2,-2
201012090DAL,RS,NJN,96.0,T,2,2,0
201012090DAL,RS,NJN,122.0,LC,4,2,2
201012090DAL,RS,NJN,148.0,T,4,4,0
201012090DAL,RS,NJN,164.0,,6,4,2
201012090DAL,RS,NJN,186.0,T,6,6,0
201012090DAL,RS,NJN,207.0,,8,6,2
201012090DAL,RS,NJN,246.0,,10,6,4
201012090DAL,RS,NJN,261.0,,10,8,2
201012090DAL,RS,NJN,301.0,,11,8,3
201012090DAL,RS,NJN,301.0,,12,8,4
201012090DAL,RS,NJN,356.0,,14,8,6
201012090DAL,RS,NJN,380.0,,14,10,4
201012090DAL,RS,NJN,396.0,,17,10,7
201012090DAL,RS,NJN,405.0,,17,12,5
201012090DAL,RS,NJN,454.0,,17,13,4
201012090DAL,RS,NJN,454.0,,17,14,3
201012090DAL,RS,NJN,480.0,,19,14,5
201012090DAL,RS,NJN,496.0,,21,14,7
201012090DAL,RS,NJN,530.0,,23,14,9
201012090DAL,RS,NJN,547.0,,23,16,7
201012090DAL,RS,NJN,589.0,,23,19,4
201012090DAL,RS,NJN,605.0,,25,19,6
201012090DAL,RS,NJN,605.0,,26,19,7
201012090DAL,RS,NJN,676.1,,28,19,9
201012090DAL,RS,NJN,719.7,,30,19,11
201012090DAL,RS,NJN,783.0,,30,20,10
201012090DAL,RS,NJN,823.0,,30,22,8
201012090DAL,RS,NJN,851.0,,31,22,9
201012090DAL,RS,NJN,851.0,,32,22,10
201012090DAL,RS,NJN,872.0,,32,24,8
201012090DAL,RS,NJN,894.0,,34,24,10
201012090DAL,RS,NJN,917.0,,36,24,12
201012090DAL,RS,NJN,985.0,,36,26,10
201012090DAL,RS,NJN,1001.0,,38,26,12
201012090DAL,RS,NJN,1028.0,,40,26,14
201012090DAL,RS,NJN,1079.0,,40,28,12
201012090DAL,RS,NJN,1096.0,,42,28,14
201012090DAL,RS,NJN,1118.0,,42,30,12
201012090DAL,RS,NJN,1144.0,,42,32,10
201012090DAL,RS,NJN,1171.0,,44,32,12
201012090DAL,RS,NJN,1188.0,,44,34,10
201012090DAL,RS,NJN,1196.0,,46,34,12
201012090DAL,RS,NJN,1258.0,,48,34,14
201012090DAL,RS,NJN,1312.0,,50,34,16
201012090DAL,RS,NJN,1333.0,,52,34,18
201012090DAL,RS,NJN,1355.0,,52,37,15
201012090DAL,RS,NJN,1399.0,,52,40,12
201012090DAL,RS,NJN,1439.7,,55,40,15
201012090DAL,RS,NJN,1500.0,,56,40,16
201012090DAL,RS,NJN,1500.0,,57,40,17
201012090DAL,RS,NJN,1528.0,,60,40,20
201012090DAL,RS,NJN,1552.0,,60,41,19
201012090DAL,RS,NJN,1567.0,,62,41,21
201012090DAL,RS,NJN,1585.0,,62,43,19
201012090DAL,RS,NJN,1585.0,,62,44,18
201012090DAL,RS,NJN,1615.0,,62,45,17
201012090DAL,RS,NJN,1615.0,,62,46,16
201012090DAL,RS,NJN,1622.0,,63,46,17
201012090DAL,RS,NJN,1643.0,,63,48,15
201012090DAL,RS,NJN,1654.0,,63,49,14
201012090DAL,RS,NJN,1654.0,,63,50,13
201012090DAL,RS,NJN,1712.0,,65,50,15
201012090DAL,RS,NJN,1749.0,,65,52,13
201012090DAL,RS,NJN,1817.0,,66,52,14
201012090DAL,RS,NJN,1840.0,,66,54,12
201012090DAL,RS,NJN,1864.0,,66,56,10
201012090DAL,RS,NJN,1887.0,,68,56,12
201012090DAL,RS,NJN,1905.0,,68,58,10
201012090DAL,RS,NJN,1937.0,,68,59,9
201012090DAL,RS,NJN,1937.0,,68,60,8
201012090DAL,RS,NJN,1983.0,,70,60,10
201012090DAL,RS,NJN,2002.0,,70,61,9
201012090DAL,RS,NJN,2002.0,,70,62,8
201012090DAL,RS,NJN,2002.0,,70,63,7
201012090DAL,RS,NJN,2027.0,,70,64,6
201012090DAL,RS,NJN,2027.0,,70,65,5
201012090DAL,RS,NJN,2047.0,,72,65,7
201012090DAL,RS,NJN,2081.0,,74,65,9
201012090DAL,RS,NJN,2081.0,,75,65,10
201012090DAL,RS,NJN,2097.0,,75,67,8
201012090DAL,RS,NJN,2117.1,,77,67,10
201012090DAL,RS,NJN,2128.0,,77,68,9
201012090DAL,RS,NJN,2128.0,,77,69,8
201012090DAL,RS,NJN,2141.6,,79,69,10
201012090DAL,RS,NJN,2188.0,,79,71,8
201012090DAL,RS,NJN,2214.0,,80,71,9
201012090DAL,RS,NJN,2214.0,,81,71,10
201012090DAL,RS,NJN,2233.0,,81,73,8
201012090DAL,RS,NJN,2255.0,,82,73,9
201012090DAL,RS,NJN,2255.0,,83,73,10
201012090DAL,RS,NJN,2288.0,,85,73,12
201012090DAL,RS,NJN,2314.0,,87,73,14
201012090DAL,RS,NJN,2332.0,,87,75,12
201012090DAL,RS,NJN,2405.0,,87,78,9
201012090DAL,RS,NJN,2429.0,,90,78,12
201012090DAL,RS,NJN,2458.0,,92,78,14
201012090DAL,RS,NJN,2516.0,,94,78,16
201012090DAL,RS,NJN,2533.0,,94,79,15
201012090DAL,RS,NJN,2533.0,,94,80,14
201012090DAL,RS,NJN,2563.0,,94,82,12
201012090DAL,RS,NJN,2596.0,,95,82,13
201012090DAL,RS,NJN,2596.0,,96,82,14
201012090DAL,RS,NJN,2615.0,,96,84,12
201012090DAL,RS,NJN,2615.0,,96,85,11
201012090DAL,RS,NJN,2625.0,,98,85,13
201012090DAL,RS,NJN,2648.0,,98,87,11
201012090DAL,RS,NJN,2678.0,,100,87,13
201012090DAL,RS,NJN,2756.0,,100,89,11
201012090DAL,RS,NJN,2813.0,F,102,89,13
201012090DAL,RS,NJN,2880.0,,102,89,13
201012110DAL,RS,UTA,0.0,,0,0,0
201012110DAL,RS,UTA,33.0,,2,0,2
201012110DAL,RS,UTA,55.0,,4,0,4
201012110DAL,RS,UTA,77.0,,4,2,2
201012110DAL,RS,UTA,101.0,,7,2,5
201012110DAL,RS,UTA,133.0,,10,2,8
201012110DAL,RS,UTA,155.0,,13,2,11
201012110DAL,RS,UTA,217.0,,16,2,14
201012110DAL,RS,UTA,250.0,,19,2,17
201012110DAL,RS,UTA,302.0,,21,2,19
201012110DAL,RS,UTA,333.0,,21,4,17
201012110DAL,RS,UTA,352.0,,23,4,19
201012110DAL,RS,UTA,382.0,,26,4,22
201012110DAL,RS,UTA,424.0,,29,4,25
201012110DAL,RS,UTA,447.0,,29,5,24
201012110DAL,RS,UTA,465.0,,29,7,22
201012110DAL,RS,UTA,513.0,,29,10,19
201012110DAL,RS,UTA,536.0,,29,12,17
201012110DAL,RS,UTA,603.0,,29,14,15
201012110DAL,RS,UTA,661.1,,31,14,17
201012110DAL,RS,UTA,676.1,,31,16,15
201012110DAL,RS,UTA,708.9,,31,18,13
201012110DAL,RS,UTA,708.9,,31,19,12
201012110DAL,RS,UTA,719.9,,33,19,14
201012110DAL,RS,UTA,719.9,,34,19,15
201012110DAL,RS,UTA,737.0,,36,19,17
201012110DAL,RS,UTA,813.0,,36,21,15
201012110DAL,RS,UTA,813.0,,36,22,14
201012110DAL,RS,UTA,834.0,,38,22,16
201012110DAL,RS,UTA,882.0,,40,22,18
201012110DAL,RS,UTA,903.0,,40,24,16
201012110DAL,RS,UTA,971.0,,40,25,15
201012110DAL,RS,UTA,971.0,,40,26,14
201012110DAL,RS,UTA,1001.0,,41,26,15
201012110DAL,RS,UTA,1001.0,,42,26,16
201012110DAL,RS,UTA,1027.0,,44,26,18
201012110DAL,RS,UTA,1072.0,,44,28,16
201012110DAL,RS,UTA,1107.0,,44,30,14
201012110DAL,RS,UTA,1164.0,,46,30,16
201012110DAL,RS,UTA,1202.0,,46,32,14
201012110DAL,RS,UTA,1226.0,,48,32,16
201012110DAL,RS,UTA,1274.0,,48,34,14
201012110DAL,RS,UTA,1297.0,,49,34,15
201012110DAL,RS,UTA,1297.0,,50,34,16
201012110DAL,RS,UTA,1317.0,,50,36,14
201012110DAL,RS,UTA,1317.0,,50,37,13
201012110DAL,RS,UTA,1362.0,,53,37,16
201012110DAL,RS,UTA,1372.0,,53,38,15
201012110DAL,RS,UTA,1372.0,,53,39,14
201012110DAL,RS,UTA,1425.7,,53,41,12
201012110DAL,RS,UTA,1425.7,,53,42,11
201012110DAL,RS,UTA,1433.9,,54,42,12
201012110DAL,RS,UTA,1476.0,,54,43,11
201012110DAL,RS,UTA,1490.0,,54,45,9
201012110DAL,RS,UTA,1522.0,,54,46,8
201012110DAL,RS,UTA,1522.0,,54,47,7
201012110DAL,RS,UTA,1582.0,,56,47,9
201012110DAL,RS,UTA,1640.0,,59,47,12
201012110DAL,RS,UTA,1663.0,,59,49,10
201012110DAL,RS,UTA,1705.0,,61,49,12
201012110DAL,RS,UTA,1746.0,,64,49,15
201012110DAL,RS,UTA,1766.0,,64,51,13
201012110DAL,RS,UTA,1782.0,,67,51,16
201012110DAL,RS,UTA,1816.0,,68,51,17
201012110DAL,RS,UTA,1816.0,,69,51,18
201012110DAL,RS,UTA,1884.0,,69,53,16
201012110DAL,RS,UTA,1907.0,,69,55,14
201012110DAL,RS,UTA,1930.0,,72,55,17
201012110DAL,RS,UTA,1937.0,,72,57,15
201012110DAL,RS,UTA,1937.0,,72,58,14
201012110DAL,RS,UTA,1950.0,,74,58,16
201012110DAL,RS,UTA,1950.0,,75,58,17
201012110DAL,RS,UTA,1991.0,,75,60,15
201012110DAL,RS,UTA,1991.0,,75,61,14
201012110DAL,RS,UTA,2008.0,,77,61,16
201012110DAL,RS,UTA,2027.0,,77,64,13
201012110DAL,RS,UTA,2060.0,,77,67,10
201012110DAL,RS,UTA,2076.0,,78,67,11
201012110DAL,RS,UTA,2076.0,,79,67,12
201012110DAL,RS,UTA,2091.0,,80,67,13
201012110DAL,RS,UTA,2091.0,,81,67,14
201012110DAL,RS,UTA,2109.2,,81,69,12
201012110DAL,RS,UTA,2152.1,,81,70,11
201012110DAL,RS,UTA,2188.0,,82,70,12
201012110DAL,RS,UTA,2205.0,,82,72,10
201012110DAL,RS,UTA,2242.0,,82,74,8
201012110DAL,RS,UTA,2282.0,,82,76,6
201012110DAL,RS,UTA,2327.0,,82,77,5
201012110DAL,RS,UTA,2327.0,,82,78,4
201012110DAL,RS,UTA,2383.0,,84,78,6
201012110DAL,RS,UTA,2436.0,,84,80,4
201012110DAL,RS,UTA,2490.0,,84,81,3
201012110DAL,RS,UTA,2490.0,,85,81,4
201012110DAL,RS,UTA,2490.0,,86,81,5
201012110DAL,RS,UTA,2506.0,,86,82,4
201012110DAL,RS,UTA,2528.0,,87,82,5
201012110DAL,RS,UTA,2528.0,,88,82,6
201012110DAL,RS,UTA,2541.0,,88,84,4
201012110DAL,RS,UTA,2563.0,,89,84,5
201012110DAL,RS,UTA,2573.0,,89,86,3
201012110DAL,RS,UTA,2609.0,,89,88,1
201012110DAL,RS,UTA,2609.0,T,89,89,0
201012110DAL,RS,UTA,2619.0,,90,89,1
201012110DAL,RS,UTA,2619.0,,91,89,2
201012110DAL,RS,UTA,2650.0,,93,89,4
201012110DAL,RS,UTA,2677.0,,93,92,1
201012110DAL,RS,UTA,2700.0,,96,92,4
201012110DAL,RS,UTA,2720.0,,96,95,1
201012110DAL,RS,UTA,2741.0,,98,95,3
201012110DAL,RS,UTA,2741.0,,99,95,4
201012110DAL,RS,UTA,2850.1,,99,97,2
201012110DAL,RS,UTA,2872.1,,102,97,5
201012110DAL,RS,UTA,2878.1,F,103,97,6
201012110DAL,RS,UTA,2880.0,,103,97,6
201012130DAL,RS,MIL,0.0,,0,0,0
201012130DAL,RS,MIL,36.0,,2,0,2
201012130DAL,RS,MIL,71.0,,4,0,4
201012130DAL,RS,MIL,103.0,,4,2,2
201012130DAL,RS,MIL,153.0,,6,2,4
201012130DAL,RS,MIL,173.0,,6,5,1
201012130DAL,RS,MIL,192.0,,8,5,3
201012130DAL,RS,MIL,214.0,,10,5,5
201012130DAL,RS,MIL,237.0,,10,7,3
201012130DAL,RS,MIL,257.0,,12,7,5
201012130DAL,RS,MIL,317.0,,12,9,3
201012130DAL,RS,MIL,338.0,,14,9,5
201012130DAL,RS,MIL,358.0,,14,11,3
201012130DAL,RS,MIL,414.0,,16,11,5
201012130DAL,RS,MIL,492.0,,16,13,3
201012130DAL,RS,MIL,513.0,,18,13,5
201012130DAL,RS,MIL,541.0,,20,13,7
201012130DAL,RS,MIL,565.0,,21,13,8
201012130DAL,RS,MIL,588.0,,21,15,6
201012130DAL,RS,MIL,639.0,,23,15,8
201012130DAL,RS,MIL,718.1,,25,15,10
201012130DAL,RS,MIL,779.0,,27,15,12
201012130DAL,RS,MIL,798.0,,27,18,9
201012130DAL,RS,MIL,826.0,,27,20,7
201012130DAL,RS,MIL,867.0,,28,20,8
201012130DAL,RS,MIL,867.0,,29,20,9
201012130DAL,RS,MIL,895.0,,31,20,11
201012130DAL,RS,MIL,929.0,,34,20,14
201012130DAL,RS,MIL,950.0,,34,21,13
201012130DAL,RS,MIL,950.0,,34,22,12
201012130DAL,RS,MIL,968.0,,36,22,14
201012130DAL,RS,MIL,1066.0,,38,22,16
201012130DAL,RS,MIL,1097.0,,40,22,18
201012130DAL,RS,MIL,1136.0,,41,22,19
201012130DAL,RS,MIL,1136.0,,42,22,20
201012130DAL,RS,MIL,1145.0,,42,24,18
201012130DAL,RS,MIL,1158.0,,42,26,16
201012130DAL,RS,MIL,1183.0,,42,28,14
201012130DAL,RS,MIL,1225.0,,42,30,12
201012130DAL,RS,MIL,1260.0,,42,33,9
201012130DAL,RS,MIL,1280.0,,43,33,10
201012130DAL,RS,MIL,1280.0,,44,33,11
201012130DAL,RS,MIL,1308.0,,45,33,12
201012130DAL,RS,MIL,1308.0,,46,33,13
201012130DAL,RS,MIL,1323.0,,46,35,11
201012130DAL,RS,MIL,1323.0,,46,36,10
201012130DAL,RS,MIL,1335.0,,48,36,12
201012130DAL,RS,MIL,1370.0,,48,38,10
201012130DAL,RS,MIL,1391.1,,50,38,12
201012130DAL,RS,MIL,1406.1,,50,40,10
201012130DAL,RS,MIL,1419.8,,52,40,12
201012130DAL,RS,MIL,1438.1,,52,43,9
201012130DAL,RS,MIL,1481.0,,52,45,7
201012130DAL,RS,MIL,1481.0,,52,46,6
201012130DAL,RS,MIL,1493.0,,54,46,8
201012130DAL,RS,MIL,1510.0,,54,47,7
201012130DAL,RS,MIL,1510.0,,54,48,6
201012130DAL,RS,MIL,1543.0,,54,50,4
201012130DAL,RS,MIL,1564.0,,56,50,6
201012130DAL,RS,MIL,1589.0,,58,50,8
201012130DAL,RS,MIL,1635.0,,58,53,5
201012130DAL,RS,MIL,1689.0,,58,55,3
201012130DAL,RS,MIL,1707.0,,60,55,5
201012130DAL,RS,MIL,1762.0,,60,57,3
201012130DAL,RS,MIL,1794.0,,60,59,1
201012130DAL,RS,MIL,1795.0,LC,60,61,-1
201012130DAL,RS,MIL,1814.0,T,61,61,0
201012130DAL,RS,MIL,1842.0,LC,63,61,2
201012130DAL,RS,MIL,1856.0,LC,63,64,-1
201012130DAL,RS,MIL,1905.0,LC,65,64,1
201012130DAL,RS,MIL,1931.0,,66,64,2
201012130DAL,RS,MIL,1931.0,,67,64,3
201012130DAL,RS,MIL,1965.0,,67,65,2
201012130DAL,RS,MIL,1998.0,T,67,67,0
201012130DAL,RS,MIL,2029.0,,68,67,1
201012130DAL,RS,MIL,2029.0,,69,67,2
201012130DAL,RS,MIL,2052.0,,72,67,5
201012130DAL,RS,MIL,2072.0,,72,70,2
201012130DAL,RS,MIL,2131.1,T,72,72,0
201012130DAL,RS,MIL,2156.1,,74,72,2
201012130DAL,RS,MIL,2159.1,,74,73,1
201012130DAL,RS,MIL,2159.1,T,74,74,0
201012130DAL,RS,MIL,2159.1,LC,74,75,-1
201012130DAL,RS,MIL,2232.0,LC,76,75,1
201012130DAL,RS,MIL,2259.0,LC,76,77,-1
201012130DAL,RS,MIL,2274.0,LC,78,77,1
201012130DAL,RS,MIL,2274.0,,79,77,2
201012130DAL,RS,MIL,2293.0,T,79,79,0
201012130DAL,RS,MIL,2319.0,,81,79,2
201012130DAL,RS,MIL,2350.0,,84,79,5
201012130DAL,RS,MIL,2391.0,,84,81,3
201012130DAL,RS,MIL,2414.0,,86,81,5
201012130DAL,RS,MIL,2443.0,,86,83,3
201012130DAL,RS,MIL,2473.0,,88,83,5
201012130DAL,RS,MIL,2508.0,,88,84,4
201012130DAL,RS,MIL,2508.0,,88,85,3
201012130DAL,RS,MIL,2534.0,,88,87,1
201012130DAL,RS,MIL,2545.0,LC,88,89,-1
201012130DAL,RS,MIL,2591.0,,88,92,-4
201012130DAL,RS,MIL,2630.0,,88,94,-6
201012130DAL,RS,MIL,2667.0,,88,97,-9
201012130DAL,RS,MIL,2677.0,,89,97,-8
201012130DAL,RS,MIL,2677.0,,90,97,-7
201012130DAL,RS,MIL,2690.0,,90,99,-9
201012130DAL,RS,MIL,2707.0,,93,99,-6
201012130DAL,RS,MIL,2765.0,,96,99,-3
201012130DAL,RS,MIL,2780.0,,96,101,-5
201012130DAL,RS,MIL,2814.0,,97,101,-4
201012130DAL,RS,MIL,2847.2,,98,101,-3
201012130DAL,RS,MIL,2847.2,,99,101,-2
201012130DAL,RS,MIL,2870.1,,99,102,-3
201012130DAL,RS,MIL,2870.1,F,99,103,-4
201012130DAL,RS,MIL,2880.0,,99,103,-4
201012150DAL,RS,POR,0.0,,0,0,0
201012150DAL,RS,POR,22.0,,0,2,-2
201012150DAL,RS,POR,44.0,T,2,2,0
201012150DAL,RS,POR,60.0,,2,4,-2
201012150DAL,RS,POR,81.0,T,4,4,0
201012150DAL,RS,POR,100.0,,4,6,-2
201012150DAL,RS,POR,156.0,T,6,6,0
201012150DAL,RS,POR,184.0,,6,8,-2
201012150DAL,RS,POR,293.0,T,8,8,0
201012150DAL,RS,POR,347.0,,8,10,-2
201012150DAL,RS,POR,429.0,,8,12,-4
201012150DAL,RS,POR,476.0,,10,12,-2
201012150DAL,RS,POR,505.0,,10,14,-4
201012150DAL,RS,POR,517.0,,12,14,-2
201012150DAL,RS,POR,626.0,T,14,14,0
201012150DAL,RS,POR,646.0,LC,15,14,1
201012150DAL,RS,POR,680.1,,17,14,3
201012150DAL,RS,POR,763.0,,17,16,1
201012150DAL,RS,POR,782.0,,19,16,3
201012150DAL,RS,POR,796.0,,19,18,1
201012150DAL,RS,POR,816.0,,21,18,3
201012150DAL,RS,POR,840.0,,21,20,1
201012150DAL,RS,POR,865.0,,22,20,2
201012150DAL,RS,POR,865.0,,23,20,3
201012150DAL,RS,POR,881.0,,23,22,1
201012150DAL,RS,POR,910.0,LC,23,24,-1
201012150DAL,RS,POR,944.0,,23,26,-3
201012150DAL,RS,POR,961.0,,25,26,-1
201012150DAL,RS,POR,978.0,,25,28,-3
201012150DAL,RS,POR,995.0,,26,28,-2
201012150DAL,RS,POR,995.0,,27,28,-1
201012150DAL,RS,POR,995.0,T,28,28,0
201012150DAL,RS,POR,1013.0,,28,30,-2
201012150DAL,RS,POR,1029.0,T,30,30,0
201012150DAL,RS,POR,1071.0,LC,32,30,2
201012150DAL,RS,POR,1094.0,T,32,32,0
201012150DAL,RS,POR,1138.0,,34,32,2
201012150DAL,RS,POR,1156.0,,34,33,1
201012150DAL,RS,POR,1177.0,,36,33,3
201012150DAL,RS,POR,1215.0,,36,35,1
201012150DAL,RS,POR,1232.0,,39,35,4
201012150DAL,RS,POR,1268.0,,41,35,6
201012150DAL,RS,POR,1299.0,,42,35,7
201012150DAL,RS,POR,1299.0,,43,35,8
201012150DAL,RS,POR,1317.0,,45,35,10
201012150DAL,RS,POR,1348.0,,45,37,8
201012150DAL,RS,POR,1374.0,,47,37,10
201012150DAL,RS,POR,1400.6,,48,37,11
201012150DAL,RS,POR,1400.6,,49,37,12
201012150DAL,RS,POR,1435.5,,50,37,13
201012150DAL,RS,POR,1435.5,,51,37,14
201012150DAL,RS,POR,1439.7,,51,39,12
201012150DAL,RS,POR,1458.0,,53,39,14
201012150DAL,RS,POR,1488.0,,55,39,16
201012150DAL,RS,POR,1500.0,,55,41,14
201012150DAL,RS,POR,1543.0,,55,42,13
201012150DAL,RS,POR,1568.0,,57,42,15
201012150DAL,RS,POR,1568.0,,58,42,16
201012150DAL,RS,POR,1596.0,,58,44,14
201012150DAL,RS,POR,1596.0,,58,45,13
201012150DAL,RS,POR,1641.0,,60,45,15
201012150DAL,RS,POR,1682.0,,60,46,14
201012150DAL,RS,POR,1700.0,,63,46,17
201012150DAL,RS,POR,1716.0,,63,48,15
201012150DAL,RS,POR,1740.0,,63,49,14
201012150DAL,RS,POR,1763.0,,63,52,11
201012150DAL,RS,POR,1799.0,,63,53,10
201012150DAL,RS,POR,1821.0,,63,55,8
201012150DAL,RS,POR,1854.0,,63,57,6
201012150DAL,RS,POR,1876.0,,65,57,8
201012150DAL,RS,POR,1920.0,,65,59,6
201012150DAL,RS,POR,1943.0,,67,59,8
201012150DAL,RS,POR,1971.0,,67,62,5
201012150DAL,RS,POR,2027.0,,69,62,7
201012150DAL,RS,POR,2041.0,,69,64,5
201012150DAL,RS,POR,2065.0,,71,64,7
201012150DAL,RS,POR,2065.0,,72,64,8
201012150DAL,RS,POR,2098.0,,74,64,10
201012150DAL,RS,POR,2116.1,,74,66,8
201012150DAL,RS,POR,2130.2,,76,66,10
201012150DAL,RS,POR,2151.1,,76,68,8
201012150DAL,RS,POR,2159.1,,78,68,10
201012150DAL,RS,POR,2238.0,,78,69,9
201012150DAL,RS,POR,2247.0,,78,70,8
201012150DAL,RS,POR,2247.0,,78,71,7
201012150DAL,RS,POR,2276.0,,78,73,5
201012150DAL,RS,POR,2294.0,,80,73,7
201012150DAL,RS,POR,2322.0,,82,73,9
201012150DAL,RS,POR,2339.0,,82,75,7
201012150DAL,RS,POR,2376.0,,82,77,5
201012150DAL,RS,POR,2402.0,,82,79,3
201012150DAL,RS,POR,2422.0,,84,79,5
201012150DAL,RS,POR,2480.0,,86,79,7
201012150DAL,RS,POR,2498.0,,86,80,6
201012150DAL,RS,POR,2498.0,,86,81,5
201012150DAL,RS,POR,2515.0,,87,81,6
201012150DAL,RS,POR,2515.0,,88,81,7
201012150DAL,RS,POR,2534.0,,88,83,5
201012150DAL,RS,POR,2557.0,,91,83,8
201012150DAL,RS,POR,2607.0,,91,85,6
201012150DAL,RS,POR,2636.0,,91,87,4
201012150DAL,RS,POR,2671.0,,91,89,2
201012150DAL,RS,POR,2701.0,T,91,91,0
201012150DAL,RS,POR,2736.0,,93,91,2
201012150DAL,RS,POR,2753.0,T,93,93,0
201012150DAL,RS,POR,2771.0,,95,93,2
201012150DAL,RS,POR,2791.0,,96,93,3
201012150DAL,RS,POR,2791.0,,97,93,4
201012150DAL,RS,POR,2825.2,,99,93,6
201012150DAL,RS,POR,2829.7,,99,95,4
201012150DAL,RS,POR,2850.1,,101,95,6
201012150DAL,RS,POR,2856.0,,101,98,3
201012150DAL,RS,POR,2867.3,,102,98,4
201012150DAL,RS,POR,2867.3,F,103,98,5
201012150DAL,RS,POR,2880.0,,103,98,5
201012170DAL,RS,PHO,0.0,,0,0,0
201012170DAL,RS,PHO,67.0,,2,0,2
201012170DAL,RS,PHO,84.0,,5,0,5
201012170DAL,RS,PHO,110.0,,5,2,3
201012170DAL,RS,PHO,144.0,,5,4,1
201012170DAL,RS,PHO,173.0,,7,4,3
201012170DAL,RS,PHO,179.0,,7,6,1
201012170DAL,RS,PHO,201.0,,9,6,3
201012170DAL,RS,PHO,212.0,,9,8,1
201012170DAL,RS,PHO,232.0,,11,8,3
201012170DAL,RS,PHO,248.0,,11,10,1
201012170DAL,RS,PHO,275.0,,13,10,3
201012170DAL,RS,PHO,299.0,,13,11,2
201012170DAL,RS,PHO,314.0,,15,11,4
201012170DAL,RS,PHO,393.0,,16,11,5
201012170DAL,RS,PHO,429.0,,16,12,4
201012170DAL,RS,PHO,463.0,,18,12,6
201012170DAL,RS,PHO,501.0,,18,14,4
201012170DAL,RS,PHO,519.0,,21,14,7
201012170DAL,RS,PHO,527.0,,21,15,6
201012170DAL,RS,PHO,527.0,,21,16,5
201012170DAL,RS,PHO,565.0,,21,18,3
201012170DAL,RS,PHO,584.0,,22,18,4
201012170DAL,RS,PHO,606.0,,22,20,2
201012170DAL,RS,PHO,646.0,,22,21,1
201012170DAL,RS,PHO,646.0,T,22,22,0
201012170DAL,RS,PHO,683.7,LC,22,24,-2
201012170DAL,RS,PHO,716.8,,22,25,-3
201012170DAL,RS,PHO,744.0,,24,25,-1
201012170DAL,RS,PHO,773.0,LC,26,25,1
201012170DAL,RS,PHO,799.0,,28,25,3
201012170DAL,RS,PHO,823.0,,28,27,1
201012170DAL,RS,PHO,849.0,,30,27,3
201012170DAL,RS,PHO,879.0,,30,29,1
201012170DAL,RS,PHO,879.0,T,30,30,0
201012170DAL,RS,PHO,891.0,,31,30,1
201012170DAL,RS,PHO,891.0,,32,30,2
201012170DAL,RS,PHO,933.0,,34,30,4
201012170DAL,RS,PHO,958.0,,36,30,6
201012170DAL,RS,PHO,1000.0,,38,30,8
201012170DAL,RS,PHO,1018.0,,38,32,6
201012170DAL,RS,PHO,1038.0,,40,32,8
201012170DAL,RS,PHO,1076.0,,40,34,6
201012170DAL,RS,PHO,1096.0,,43,34,9
201012170DAL,RS,PHO,1116.0,,44,34,10
201012170DAL,RS,PHO,1116.0,,45,34,11
201012170DAL,RS,PHO,1164.0,,45,36,9
201012170DAL,RS,PHO,1196.0,,45,39,6
201012170DAL,RS,PHO,1215.0,,48,39,9
201012170DAL,RS,PHO,1310.0,,48,41,7
201012170DAL,RS,PHO,1351.0,,48,42,6
201012170DAL,RS,PHO,1375.0,,50,42,8
201012170DAL,RS,PHO,1407.1,,52,42,10
201012170DAL,RS,PHO,1430.9,,54,42,12
201012170DAL,RS,PHO,1500.0,,56,42,14
201012170DAL,RS,PHO,1543.0,,56,44,12
201012170DAL,RS,PHO,1566.0,,58,44,14
201012170DAL,RS,PHO,1579.0,,58,46,12
201012170DAL,RS,PHO,1599.0,,60,46,14
201012170DAL,RS,PHO,1612.0,,60,48,12
201012170DAL,RS,PHO,1651.0,,63,48,15
201012170DAL,RS,PHO,1684.0,,65,48,17
201012170DAL,RS,PHO,1705.0,,68,48,20
201012170DAL,RS,PHO,1803.0,,70,48,22
201012170DAL,RS,PHO,1843.0,,70,51,19
201012170DAL,RS,PHO,1881.0,,71,51,20
201012170DAL,RS,PHO,1881.0,,72,51,21
201012170DAL,RS,PHO,1890.0,,72,53,19
201012170DAL,RS,PHO,1899.0,,74,53,21
201012170DAL,RS,PHO,1899.0,,75,53,22
201012170DAL,RS,PHO,1941.0,,75,55,20
201012170DAL,RS,PHO,1955.0,,77,55,22
201012170DAL,RS,PHO,1985.0,,79,55,24
201012170DAL,RS,PHO,2079.0,,79,56,23
201012170DAL,RS,PHO,2079.0,,79,57,22
201012170DAL,RS,PHO,2096.0,,80,57,23
201012170DAL,RS,PHO,2159.0,,80,59,21
201012170DAL,RS,PHO,2214.0,,82,59,23
201012170DAL,RS,PHO,2224.0,,82,61,21
201012170DAL,RS,PHO,2224.0,,82,62,20
201012170DAL,RS,PHO,2244.0,,84,62,22
201012170DAL,RS,PHO,2255.0,,84,64,20
201012170DAL,RS,PHO,2291.0,,84,66,18
201012170DAL,RS,PHO,2357.0,,84,69,15
201012170DAL,RS,PHO,2380.0,,86,69,17
201012170DAL,RS,PHO,2419.0,,86,70,16
201012170DAL,RS,PHO,2419.0,,86,71,15
201012170DAL,RS,PHO,2465.0,,89,71,18
201012170DAL,RS,PHO,2490.0,,90,71,19
201012170DAL,RS,PHO,2490.0,,91,71,20
201012170DAL,RS,PHO,2513.0,,91,72,19
201012170DAL,RS,PHO,2540.0,,91,75,16
201012170DAL,RS,PHO,2561.0,,92,75,17
201012170DAL,RS,PHO,2561.0,,93,75,18
201012170DAL,RS,PHO,2583.0,,93,77,16
201012170DAL,RS,PHO,2610.0,,93,79,14
201012170DAL,RS,PHO,2631.0,,95,79,16
201012170DAL,RS,PHO,2631.0,,96,79,17
201012170DAL,RS,PHO,2642.0,,96,82,14
201012170DAL,RS,PHO,2680.0,,96,84,12
201012170DAL,RS,PHO,2684.0,,97,84,13
201012170DAL,RS,PHO,2699.0,,98,84,14
201012170DAL,RS,PHO,2699.0,,99,84,15
201012170DAL,RS,PHO,2711.0,,99,86,13
201012170DAL,RS,PHO,2715.0,,100,86,14
201012170DAL,RS,PHO,2715.0,,101,86,15
201012170DAL,RS,PHO,2759.0,,101,87,14
201012170DAL,RS,PHO,2785.0,,101,89,12
201012170DAL,RS,PHO,2802.0,,103,89,14
201012170DAL,RS,PHO,2810.0,,103,91,12
201012170DAL,RS,PHO,2826.1,F,106,91,15
201012170DAL,RS,PHO,2880.0,,106,91,15
201012200MIA,RS,MIA,0.0,,0,0,0
201012200MIA,RS,MIA,15.0,,2,0,2
201012200MIA,RS,MIA,43.0,,4,0,4
201012200MIA,RS,MIA,83.0,,7,0,7
201012200MIA,RS,MIA,102.0,,7,2,5
201012200MIA,RS,MIA,127.0,,9,2,7
201012200MIA,RS,MIA,190.0,,11,2,9
201012200MIA,RS,MIA,190.0,,12,2,10
201012200MIA,RS,MIA,215.0,,13,2,11
201012200MIA,RS,MIA,215.0,,14,2,12
201012200MIA,RS,MIA,280.0,,14,4,10
201012200MIA,RS,MIA,333.0,,14,6,8
201012200MIA,RS,MIA,357.0,,16,6,10
201012200MIA,RS,MIA,435.0,,16,8,8
201012200MIA,RS,MIA,462.0,,19,8,11
201012200MIA,RS,MIA,481.0,,19,10,9
201012200MIA,RS,MIA,492.0,,21,10,11
201012200MIA,RS,MIA,526.0,,23,10,13
201012200MIA,RS,MIA,590.0,,23,12,11
201012200MIA,RS,MIA,652.0,,23,15,8
201012200MIA,RS,MIA,660.0,,23,17,6
201012200MIA,RS,MIA,687.9,,23,20,3
201012200MIA,RS,MIA,718.1,,23,22,1
201012200MIA,RS,MIA,743.0,LC,23,25,-2
201012200MIA,RS,MIA,778.0,,23,27,-4
201012200MIA,RS,MIA,792.0,,26,27,-1
201012200MIA,RS,MIA,870.0,,26,29,-3
201012200MIA,RS,MIA,893.0,,28,29,-1
201012200MIA,RS,MIA,927.0,T,29,29,0
201012200MIA,RS,MIA,959.0,LC,31,29,2
201012200MIA,RS,MIA,996.0,,33,29,4
201012200MIA,RS,MIA,1029.0,,35,29,6
201012200MIA,RS,MIA,1065.0,,35,32,3
201012200MIA,RS,MIA,1132.0,,36,32,4
201012200MIA,RS,MIA,1132.0,,37,32,5
201012200MIA,RS,MIA,1155.0,,37,34,3
201012200MIA,RS,MIA,1208.0,,38,34,4
201012200MIA,RS,MIA,1226.0,,38,37,1
201012200MIA,RS,MIA,1239.0,,39,37,2
201012200MIA,RS,MIA,1253.0,,39,38,1
201012200MIA,RS,MIA,1253.0,T,39,39,0
201012200MIA,RS,MIA,1327.0,LC,39,42,-3
201012200MIA,RS,MIA,1369.0,,39,44,-5
201012200MIA,RS,MIA,1387.6,,41,44,-3
201012200MIA,RS,MIA,1414.2,,43,44,-1
201012200MIA,RS,MIA,1489.0,,43,46,-3
201012200MIA,RS,MIA,1507.0,,45,46,-1
201012200MIA,RS,MIA,1535.0,,45,48,-3
201012200MIA,RS,MIA,1552.0,T,48,48,0
201012200MIA,RS,MIA,1588.0,LC,51,48,3
201012200MIA,RS,MIA,1644.0,,53,48,5
201012200MIA,RS,MIA,1666.0,,54,48,6
201012200MIA,RS,MIA,1666.0,,55,48,7
201012200MIA,RS,MIA,1690.0,,55,51,4
201012200MIA,RS,MIA,1729.0,,55,53,2
201012200MIA,RS,MIA,1781.0,T,55,55,0
201012200MIA,RS,MIA,1837.0,LC,55,58,-3
201012200MIA,RS,MIA,1900.0,,55,61,-6
201012200MIA,RS,MIA,1939.0,,57,61,-4
201012200MIA,RS,MIA,1972.0,,59,61,-2
201012200MIA,RS,MIA,2001.0,,59,64,-5
201012200MIA,RS,MIA,2044.0,,60,64,-4
201012200MIA,RS,MIA,2044.0,,61,64,-3
201012200MIA,RS,MIA,2052.0,,61,65,-4
201012200MIA,RS,MIA,2076.0,,63,65,-2
201012200MIA,RS,MIA,2098.0,,63,66,-3
201012200MIA,RS,MIA,2146.7,,65,66,-1
201012200MIA,RS,MIA,2160.0,,65,68,-3
201012200MIA,RS,MIA,2194.0,,65,70,-5
201012200MIA,RS,MIA,2238.0,,67,70,-3
201012200MIA,RS,MIA,2273.0,,69,70,-1
201012200MIA,RS,MIA,2394.0,LC,72,70,2
201012200MIA,RS,MIA,2416.0,,72,71,1
201012200MIA,RS,MIA,2416.0,T,72,72,0
201012200MIA,RS,MIA,2428.0,,74,72,2
201012200MIA,RS,MIA,2444.0,,74,73,1
201012200MIA,RS,MIA,2473.0,LC,74,75,-1
201012200MIA,RS,MIA,2493.0,LC,76,75,1
201012200MIA,RS,MIA,2569.0,,77,75,2
201012200MIA,RS,MIA,2598.0,,77,76,1
201012200MIA,RS,MIA,2611.0,,78,76,2
201012200MIA,RS,MIA,2611.0,,79,76,3
201012200MIA,RS,MIA,2626.0,,79,77,2
201012200MIA,RS,MIA,2638.0,,81,77,4
201012200MIA,RS,MIA,2655.0,,81,78,3
201012200MIA,RS,MIA,2655.0,,81,79,2
201012200MIA,RS,MIA,2675.0,,83,79,4
201012200MIA,RS,MIA,2698.0,,83,81,2
201012200MIA,RS,MIA,2733.0,,86,81,5
201012200MIA,RS,MIA,2750.0,,86,83,3
201012200MIA,RS,MIA,2767.0,,86,84,2
201012200MIA,RS,MIA,2767.0,,86,85,1
201012200MIA,RS,MIA,2795.0,,89,85,4
201012200MIA,RS,MIA,2803.0,,89,86,3
201012200MIA,RS,MIA,2803.0,,89,87,2
201012200MIA,RS,MIA,2816.0,,90,87,3
201012200MIA,RS,MIA,2816.0,,91,87,4
201012200MIA,RS,MIA,2823.2,,91,89,2
201012200MIA,RS,MIA,2823.2,,91,90,1
201012200MIA,RS,MIA,2841.4,,92,90,2
201012200MIA,RS,MIA,2841.4,,93,90,3
201012200MIA,RS,MIA,2860.6,,94,90,4
201012200MIA,RS,MIA,2867.1,,95,90,5
201012200MIA,RS,MIA,2867.1,,96,90,6
201012200MIA,RS,MIA,2873.1,,96,92,4
201012200MIA,RS,MIA,2873.1,,96,93,3
201012200MIA,RS,MIA,2873.1,,97,93,4
201012200MIA,RS,MIA,2873.1,,98,93,5
201012200MIA,RS,MIA,2879.2,F,98,96,2
201012200MIA,RS,MIA,2880.0,,98,96,2
201012210ORL,RS,ORL,0.0,,0,0,0
201012210ORL,RS,ORL,17.0,,3,0,3
201012210ORL,RS,ORL,39.0,,3,2,1
201012210ORL,RS,ORL,80.0,,5,2,3
201012210ORL,RS,ORL,118.0,,8,2,6
201012210ORL,RS,ORL,140.0,,9,2,7
201012210ORL,RS,ORL,140.0,,10,2,8
201012210ORL,RS,ORL,152.0,,10,4,6
201012210ORL,RS,ORL,206.0,,10,6,4
201012210ORL,RS,ORL,241.0,,12,6,6
201012210ORL,RS,ORL,268.0,,15,6,9
201012210ORL,RS,ORL,284.0,,15,8,7
201012210ORL,RS,ORL,309.0,,17,8,9
201012210ORL,RS,ORL,325.0,,17,10,7
201012210ORL,RS,ORL,345.0,,19,10,9
201012210ORL,RS,ORL,365.0,,19,12,7
201012210ORL,RS,ORL,379.0,,22,12,10
201012210ORL,RS,ORL,433.0,,23,12,11
201012210ORL,RS,ORL,433.0,,24,12,12
201012210ORL,RS,ORL,510.0,,24,14,10
201012210ORL,RS,ORL,540.0,,24,16,8
201012210ORL,RS,ORL,591.0,,27,16,11
201012210ORL,RS,ORL,607.0,,27,19,8
201012210ORL,RS,ORL,719.3,,27,21,6
201012210ORL,RS,ORL,743.0,,27,23,4
201012210ORL,RS,ORL,769.0,,27,26,1
201012210ORL,RS,ORL,808.0,LC,27,28,-1
201012210ORL,RS,ORL,830.0,LC,29,28,1
201012210ORL,RS,ORL,840.0,LC,29,30,-1
201012210ORL,RS,ORL,879.0,,29,33,-4
201012210ORL,RS,ORL,912.0,,31,33,-2
201012210ORL,RS,ORL,941.0,,31,35,-4
201012210ORL,RS,ORL,962.0,,33,35,-2
201012210ORL,RS,ORL,992.0,T,35,35,0
201012210ORL,RS,ORL,1027.0,,35,37,-2
201012210ORL,RS,ORL,1046.0,LC,38,37,1
201012210ORL,RS,ORL,1076.0,,40,37,3
201012210ORL,RS,ORL,1185.0,,43,37,6
201012210ORL,RS,ORL,1263.0,,45,37,8
201012210ORL,RS,ORL,1290.0,,45,40,5
201012210ORL,RS,ORL,1315.0,,47,40,7
201012210ORL,RS,ORL,1337.0,,47,42,5
201012210ORL,RS,ORL,1375.0,,49,42,7
201012210ORL,RS,ORL,1434.4,,49,45,4
201012210ORL,RS,ORL,1456.0,,49,47,2
201012210ORL,RS,ORL,1480.0,,52,47,5
201012210ORL,RS,ORL,1491.0,,52,48,4
201012210ORL,RS,ORL,1491.0,,52,49,3
201012210ORL,RS,ORL,1506.0,,53,49,4
201012210ORL,RS,ORL,1521.0,,53,51,2
201012210ORL,RS,ORL,1538.0,,56,51,5
201012210ORL,RS,ORL,1594.0,,56,53,3
201012210ORL,RS,ORL,1594.0,,56,54,2
201012210ORL,RS,ORL,1613.0,,59,54,5
201012210ORL,RS,ORL,1636.0,,59,57,2
201012210ORL,RS,ORL,1681.0,,62,57,5
201012210ORL,RS,ORL,1710.0,,62,59,3
201012210ORL,RS,ORL,1726.0,,64,59,5
201012210ORL,RS,ORL,1744.0,,64,61,3
201012210ORL,RS,ORL,1778.0,T,64,64,0
201012210ORL,RS,ORL,1825.0,,66,64,2
201012210ORL,RS,ORL,1844.0,T,66,66,0
201012210ORL,RS,ORL,1883.0,,68,66,2
201012210ORL,RS,ORL,1906.0,T,68,68,0
201012210ORL,RS,ORL,1923.0,,70,68,2
201012210ORL,RS,ORL,2005.0,T,70,70,0
201012210ORL,RS,ORL,2020.0,,72,70,2
201012210ORL,RS,ORL,2020.0,,73,70,3
201012210ORL,RS,ORL,2082.0,,75,70,5
201012210ORL,RS,ORL,2100.0,,75,72,3
201012210ORL,RS,ORL,2135.4,,76,72,4
201012210ORL,RS,ORL,2202.0,,79,72,7
201012210ORL,RS,ORL,2267.0,,79,74,5
201012210ORL,RS,ORL,2317.0,,81,74,7
201012210ORL,RS,ORL,2357.0,,83,74,9
201012210ORL,RS,ORL,2390.0,,83,76,7
201012210ORL,RS,ORL,2415.0,,83,77,6
201012210ORL,RS,ORL,2415.0,,83,78,5
201012210ORL,RS,ORL,2427.0,,85,78,7
201012210ORL,RS,ORL,2465.0,,85,79,6
201012210ORL,RS,ORL,2465.0,,85,80,5
201012210ORL,RS,ORL,2476.0,,87,80,7
201012210ORL,RS,ORL,2501.0,,89,80,9
201012210ORL,RS,ORL,2534.0,,91,80,11
201012210ORL,RS,ORL,2580.0,,91,81,10
201012210ORL,RS,ORL,2606.0,,93,81,12
201012210ORL,RS,ORL,2621.0,,93,84,9
201012210ORL,RS,ORL,2685.0,,93,86,7
201012210ORL,RS,ORL,2705.0,,94,86,8
201012210ORL,RS,ORL,2705.0,,95,86,9
201012210ORL,RS,ORL,2717.0,,95,89,6
201012210ORL,RS,ORL,2779.0,,96,89,7
201012210ORL,RS,ORL,2779.0,,97,89,8
201012210ORL,RS,ORL,2797.0,,97,90,7
201012210ORL,RS,ORL,2797.0,,97,91,6
201012210ORL,RS,ORL,2823.4,,97,94,3
201012210ORL,RS,ORL,2840.9,,99,94,5
201012210ORL,RS,ORL,2852.7,,99,95,4
201012210ORL,RS,ORL,2852.7,,99,96,3
201012210ORL,RS,ORL,2853.5,,100,96,4
201012210ORL,RS,ORL,2853.5,,101,96,5
201012210ORL,RS,ORL,2855.7,,101,99,2
201012210ORL,RS,ORL,2856.0,,102,99,3
201012210ORL,RS,ORL,2856.0,,103,99,4
201012210ORL,RS,ORL,2861.5,,104,99,5
201012210ORL,RS,ORL,2861.5,F,105,99,6
201012210ORL,RS,ORL,2880.0,,105,99,6
201012270OKC,RS,OKC,0.0,,0,0,0
201012270OKC,RS,OKC,42.0,,0,2,-2
201012270OKC,RS,OKC,65.0,LC,3,2,1
201012270OKC,RS,OKC,107.0,T,3,3,0
201012270OKC,RS,OKC,107.0,LC,3,4,-1
201012270OKC,RS,OKC,132.0,,3,6,-3
201012270OKC,RS,OKC,161.0,,3,8,-5
201012270OKC,RS,OKC,179.0,,5,8,-3
201012270OKC,RS,OKC,179.0,,6,8,-2
201012270OKC,RS,OKC,198.0,,6,10,-4
201012270OKC,RS,OKC,214.0,,9,10,-1
201012270OKC,RS,OKC,237.0,LC,11,10,1
201012270OKC,RS,OKC,273.0,,14,10,4
201012270OKC,RS,OKC,287.0,,14,12,2
201012270OKC,RS,OKC,303.0,,17,12,5
201012270OKC,RS,OKC,335.0,,19,12,7
201012270OKC,RS,OKC,361.0,,21,12,9
201012270OKC,RS,OKC,374.0,,21,14,7
201012270OKC,RS,OKC,393.0,,24,14,10
201012270OKC,RS,OKC,415.0,,24,16,8
201012270OKC,RS,OKC,425.0,,26,16,10
201012270OKC,RS,OKC,467.0,,26,18,8
201012270OKC,RS,OKC,508.0,,27,18,9
201012270OKC,RS,OKC,508.0,,28,18,10
201012270OKC,RS,OKC,522.0,,28,21,7
201012270OKC,RS,OKC,522.0,,28,22,6
201012270OKC,RS,OKC,538.0,,30,22,8
201012270OKC,RS,OKC,575.0,,32,22,10
201012270OKC,RS,OKC,614.0,,34,22,12
201012270OKC,RS,OKC,622.0,,34,25,9
201012270OKC,RS,OKC,651.0,,34,26,8
201012270OKC,RS,OKC,679.8,,34,27,7
201012270OKC,RS,OKC,712.0,,34,29,5
201012270OKC,RS,OKC,759.0,,36,29,7
201012270OKC,RS,OKC,814.0,,36,31,5
201012270OKC,RS,OKC,835.0,,39,31,8
201012270OKC,RS,OKC,849.0,,39,32,7
201012270OKC,RS,OKC,849.0,,39,33,6
201012270OKC,RS,OKC,870.0,,39,35,4
201012270OKC,RS,OKC,870.0,,39,36,3
201012270OKC,RS,OKC,890.0,,41,36,5
201012270OKC,RS,OKC,890.0,,42,36,6
201012270OKC,RS,OKC,910.0,,42,38,4
201012270OKC,RS,OKC,927.0,,43,38,5
201012270OKC,RS,OKC,927.0,,44,38,6
201012270OKC,RS,OKC,944.0,,44,40,4
201012270OKC,RS,OKC,969.0,,44,42,2
201012270OKC,RS,OKC,1017.0,,46,42,4
201012270OKC,RS,OKC,1042.0,,46,45,1
201012270OKC,RS,OKC,1100.0,,48,45,3
201012270OKC,RS,OKC,1140.0,,48,46,2
201012270OKC,RS,OKC,1140.0,,48,47,1
201012270OKC,RS,OKC,1172.0,,50,47,3
201012270OKC,RS,OKC,1241.0,,52,47,5
201012270OKC,RS,OKC,1286.0,,52,49,3
201012270OKC,RS,OKC,1314.0,,52,51,1
201012270OKC,RS,OKC,1364.0,,55,51,4
201012270OKC,RS,OKC,1389.4,,55,53,2
201012270OKC,RS,OKC,1410.6,,56,53,3
201012270OKC,RS,OKC,1433.0,T,56,56,0
201012270OKC,RS,OKC,1449.0,LC,56,57,-1
201012270OKC,RS,OKC,1463.0,LC,58,57,1
201012270OKC,RS,OKC,1479.0,LC,58,59,-1
201012270OKC,RS,OKC,1502.0,LC,60,59,1
201012270OKC,RS,OKC,1516.0,LC,60,61,-1
201012270OKC,RS,OKC,1540.0,LC,62,61,1
201012270OKC,RS,OKC,1576.0,LC,62,63,-1
201012270OKC,RS,OKC,1601.0,,62,65,-3
201012270OKC,RS,OKC,1625.0,T,65,65,0
201012270OKC,RS,OKC,1638.0,,65,67,-2
201012270OKC,RS,OKC,1678.0,,65,69,-4
201012270OKC,RS,OKC,1745.0,,66,69,-3
201012270OKC,RS,OKC,1745.0,,67,69,-2
201012270OKC,RS,OKC,1745.0,,68,69,-1
201012270OKC,RS,OKC,1767.0,LC,70,69,1
201012270OKC,RS,OKC,1790.0,,72,69,3
201012270OKC,RS,OKC,1831.0,,72,70,2
201012270OKC,RS,OKC,1831.0,,72,71,1
201012270OKC,RS,OKC,1861.0,T,72,72,0
201012270OKC,RS,OKC,1861.0,LC,72,73,-1
201012270OKC,RS,OKC,1876.0,LC,74,73,1
201012270OKC,RS,OKC,1902.0,,76,73,3
201012270OKC,RS,OKC,1928.0,T,76,76,0
201012270OKC,RS,OKC,2064.0,LC,76,78,-2
201012270OKC,RS,OKC,2094.0,,76,80,-4
201012270OKC,RS,OKC,2113.2,,79,80,-1
201012270OKC,RS,OKC,2128.8,,79,81,-2
201012270OKC,RS,OKC,2176.0,T,81,81,0
201012270OKC,RS,OKC,2241.0,LC,83,81,2
201012270OKC,RS,OKC,2292.0,,83,82,1
201012270OKC,RS,OKC,2340.0,T,83,83,0
201012270OKC,RS,OKC,2340.0,LC,83,84,-1
201012270OKC,RS,OKC,2364.0,LC,86,84,2
201012270OKC,RS,OKC,2503.0,,88,84,4
201012270OKC,RS,OKC,2529.0,,90,84,6
201012270OKC,RS,OKC,2544.0,,90,86,4
201012270OKC,RS,OKC,2568.0,,93,86,7
201012270OKC,RS,OKC,2590.0,,95,86,9
201012270OKC,RS,OKC,2621.0,,95,89,6
201012270OKC,RS,OKC,2642.0,,97,89,8
201012270OKC,RS,OKC,2708.0,,97,91,6
201012270OKC,RS,OKC,2739.0,,99,91,8
201012270OKC,RS,OKC,2784.0,,101,91,10
201012270OKC,RS,OKC,2831.4,,101,93,8
201012270OKC,RS,OKC,2851.1,F,103,93,10
201012270OKC,RS,OKC,2880.0,,103,93,10
201012280DAL,RS,TOR,0.0,,0,0,0
201012280DAL,RS,TOR,51.0,,1,0,1
201012280DAL,RS,TOR,65.0,LC,1,2,-1
201012280DAL,RS,TOR,84.0,,1,4,-3
201012280DAL,RS,TOR,100.0,,3,4,-1
201012280DAL,RS,TOR,116.0,,3,6,-3
201012280DAL,RS,TOR,139.0,,3,8,-5
201012280DAL,RS,TOR,188.0,,4,8,-4
201012280DAL,RS,TOR,188.0,,5,8,-3
201012280DAL,RS,TOR,206.0,,5,10,-5
201012280DAL,RS,TOR,222.0,,7,10,-3
201012280DAL,RS,TOR,244.0,,7,12,-5
201012280DAL,RS,TOR,280.0,,7,14,-7
201012280DAL,RS,TOR,324.0,,9,14,-5
201012280DAL,RS,TOR,462.0,,11,14,-3
201012280DAL,RS,TOR,507.0,,11,16,-5
201012280DAL,RS,TOR,507.0,,11,17,-6
201012280DAL,RS,TOR,656.0,,11,19,-8
201012280DAL,RS,TOR,670.8,,12,19,-7
201012280DAL,RS,TOR,670.8,,13,19,-6
201012280DAL,RS,TOR,680.2,,13,20,-7
201012280DAL,RS,TOR,688.4,,13,21,-8
201012280DAL,RS,TOR,710.2,,13,23,-10
201012280DAL,RS,TOR,737.0,,13,25,-12
201012280DAL,RS,TOR,764.0,,15,25,-10
201012280DAL,RS,TOR,783.0,,18,25,-7
201012280DAL,RS,TOR,825.0,,20,25,-5
201012280DAL,RS,TOR,850.0,,23,25,-2
201012280DAL,RS,TOR,909.0,T,25,25,0
201012280DAL,RS,TOR,962.0,,25,27,-2
201012280DAL,RS,TOR,983.0,T,27,27,0
201012280DAL,RS,TOR,1010.0,,27,29,-2
201012280DAL,RS,TOR,1022.0,T,29,29,0
201012280DAL,RS,TOR,1042.0,,29,30,-1
201012280DAL,RS,TOR,1058.0,,29,32,-3
201012280DAL,RS,TOR,1077.0,,29,34,-5
201012280DAL,RS,TOR,1111.0,,31,34,-3
201012280DAL,RS,TOR,1151.0,,31,36,-5
201012280DAL,RS,TOR,1184.0,,31,38,-7
201012280DAL,RS,TOR,1215.0,,31,40,-9
201012280DAL,RS,TOR,1254.0,,31,43,-12
201012280DAL,RS,TOR,1272.0,,33,43,-10
201012280DAL,RS,TOR,1297.0,,33,46,-13
201012280DAL,RS,TOR,1320.0,,35,46,-11
201012280DAL,RS,TOR,1347.0,,37,46,-9
201012280DAL,RS,TOR,1422.1,,40,46,-6
201012280DAL,RS,TOR,1456.0,,40,47,-7
201012280DAL,RS,TOR,1500.0,,40,49,-9
201012280DAL,RS,TOR,1527.0,,40,51,-11
201012280DAL,RS,TOR,1564.0,,40,53,-13
201012280DAL,RS,TOR,1577.0,,42,53,-11
201012280DAL,RS,TOR,1601.0,,44,53,-9
201012280DAL,RS,TOR,1623.0,,44,55,-11
201012280DAL,RS,TOR,1654.0,,46,55,-9
201012280DAL,RS,TOR,1737.0,,46,56,-10
201012280DAL,RS,TOR,1761.0,,48,56,-8
201012280DAL,RS,TOR,1807.0,,50,56,-6
201012280DAL,RS,TOR,1807.0,,51,56,-5
201012280DAL,RS,TOR,1846.0,,52,56,-4
201012280DAL,RS,TOR,1891.0,,52,57,-5
201012280DAL,RS,TOR,1891.0,,52,58,-6
201012280DAL,RS,TOR,1939.0,,52,59,-7
201012280DAL,RS,TOR,1990.0,,53,59,-6
201012280DAL,RS,TOR,1990.0,,54,59,-5
201012280DAL,RS,TOR,2037.0,,54,61,-7
201012280DAL,RS,TOR,2037.0,,54,62,-8
201012280DAL,RS,TOR,2052.0,,56,62,-6
201012280DAL,RS,TOR,2069.0,,56,63,-7
201012280DAL,RS,TOR,2069.0,,56,64,-8
201012280DAL,RS,TOR,2123.2,,59,64,-5
201012280DAL,RS,TOR,2183.0,,61,64,-3
201012280DAL,RS,TOR,2204.0,,61,65,-4
201012280DAL,RS,TOR,2234.0,,61,67,-6
201012280DAL,RS,TOR,2255.0,,64,67,-3
201012280DAL,RS,TOR,2277.0,,64,69,-5
201012280DAL,RS,TOR,2351.0,,64,70,-6
201012280DAL,RS,TOR,2351.0,,64,71,-7
201012280DAL,RS,TOR,2371.0,,66,71,-5
201012280DAL,RS,TOR,2419.0,,68,71,-3
201012280DAL,RS,TOR,2537.0,,68,73,-5
201012280DAL,RS,TOR,2566.0,,68,75,-7
201012280DAL,RS,TOR,2610.0,,68,77,-9
201012280DAL,RS,TOR,2654.0,,68,79,-11
201012280DAL,RS,TOR,2681.0,,70,79,-9
201012280DAL,RS,TOR,2700.0,,70,81,-11
201012280DAL,RS,TOR,2752.0,,72,81,-9
201012280DAL,RS,TOR,2809.0,,72,83,-11
201012280DAL,RS,TOR,2826.4,,72,84,-12
201012280DAL,RS,TOR,2840.0,,74,84,-10
201012280DAL,RS,TOR,2869.1,F,76,84,-8
201012280DAL,RS,TOR,2880.0,,76,84,-8
201012300DAL,RS,SAS,0.0,,0,0,0
201012300DAL,RS,SAS,19.0,,2,0,2
201012300DAL,RS,SAS,40.0,T,2,2,0
201012300DAL,RS,SAS,55.0,,4,2,2
201012300DAL,RS,SAS,97.0,T,4,4,0
201012300DAL,RS,SAS,156.0,,6,4,2
201012300DAL,RS,SAS,177.0,T,6,6,0
201012300DAL,RS,SAS,189.0,,8,6,2
201012300DAL,RS,SAS,205.0,T,8,8,0
201012300DAL,RS,SAS,228.0,,11,8,3
201012300DAL,RS,SAS,264.0,,13,8,5
201012300DAL,RS,SAS,288.0,,13,10,3
201012300DAL,RS,SAS,359.0,,15,10,5
201012300DAL,RS,SAS,386.0,,15,12,3
201012300DAL,RS,SAS,399.0,,18,12,6
201012300DAL,RS,SAS,436.0,,18,15,3
201012300DAL,RS,SAS,468.0,,18,16,2
201012300DAL,RS,SAS,468.0,,18,17,1
201012300DAL,RS,SAS,507.0,,20,17,3
201012300DAL,RS,SAS,525.0,,22,17,5
201012300DAL,RS,SAS,559.0,,22,19,3
201012300DAL,RS,SAS,581.0,,24,19,5
201012300DAL,RS,SAS,629.0,,24,22,2
201012300DAL,RS,SAS,654.0,T,24,24,0
201012300DAL,RS,SAS,666.5,,26,24,2
201012300DAL,RS,SAS,666.5,,27,24,3
201012300DAL,RS,SAS,684.6,,27,26,1
201012300DAL,RS,SAS,684.6,T,27,27,0
201012300DAL,RS,SAS,717.1,LC,27,29,-2
201012300DAL,RS,SAS,733.0,,27,31,-4
201012300DAL,RS,SAS,756.0,,29,31,-2
201012300DAL,RS,SAS,777.0,,29,34,-5
201012300DAL,RS,SAS,809.0,,29,36,-7
201012300DAL,RS,SAS,839.0,,29,39,-10
201012300DAL,RS,SAS,872.0,,29,42,-13
201012300DAL,RS,SAS,910.0,,29,45,-16
201012300DAL,RS,SAS,957.0,,31,45,-14
201012300DAL,RS,SAS,1049.0,,34,45,-11
201012300DAL,RS,SAS,1073.0,,34,47,-13
201012300DAL,RS,SAS,1073.0,,34,48,-14
201012300DAL,RS,SAS,1114.0,,36,48,-12
201012300DAL,RS,SAS,1130.0,,36,50,-14
201012300DAL,RS,SAS,1147.0,,37,50,-13
201012300DAL,RS,SAS,1147.0,,38,50,-12
201012300DAL,RS,SAS,1185.0,,40,50,-10
201012300DAL,RS,SAS,1265.0,,43,50,-7
201012300DAL,RS,SAS,1336.0,,46,50,-4
201012300DAL,RS,SAS,1414.1,,46,53,-7
201012300DAL,RS,SAS,1498.0,,48,53,-5
201012300DAL,RS,SAS,1535.0,,51,53,-2
201012300DAL,RS,SAS,1551.0,,51,55,-4
201012300DAL,RS,SAS,1585.0,,51,56,-5
201012300DAL,RS,SAS,1585.0,,51,57,-6
201012300DAL,RS,SAS,1602.0,,53,57,-4
201012300DAL,RS,SAS,1623.0,,54,57,-3
201012300DAL,RS,SAS,1623.0,,55,57,-2
201012300DAL,RS,SAS,1681.0,,56,57,-1
201012300DAL,RS,SAS,1725.0,,56,59,-3
201012300DAL,RS,SAS,1751.0,,58,59,-1
201012300DAL,RS,SAS,1774.0,,58,60,-2
201012300DAL,RS,SAS,1774.0,,58,61,-3
201012300DAL,RS,SAS,1807.0,,58,63,-5
201012300DAL,RS,SAS,1874.0,,60,63,-3
201012300DAL,RS,SAS,1956.0,,62,63,-1
201012300DAL,RS,SAS,1975.0,,62,65,-3
201012300DAL,RS,SAS,1998.0,,62,67,-5
201012300DAL,RS,SAS,2022.0,,64,67,-3
201012300DAL,RS,SAS,2084.0,,64,69,-5
201012300DAL,RS,SAS,2157.8,,64,71,-7
201012300DAL,RS,SAS,2202.0,,66,71,-5
201012300DAL,RS,SAS,2218.0,,66,73,-7
201012300DAL,RS,SAS,2285.0,,66,75,-9
201012300DAL,RS,SAS,2310.0,,68,75,-7
201012300DAL,RS,SAS,2346.0,,68,78,-10
201012300DAL,RS,SAS,2399.0,,70,78,-8
201012300DAL,RS,SAS,2399.0,,71,78,-7
201012300DAL,RS,SAS,2416.0,,71,81,-10
201012300DAL,RS,SAS,2434.0,,74,81,-7
201012300DAL,RS,SAS,2449.0,,74,84,-10
201012300DAL,RS,SAS,2477.0,,74,85,-11
201012300DAL,RS,SAS,2608.0,,76,85,-9
201012300DAL,RS,SAS,2666.0,,76,88,-12
201012300DAL,RS,SAS,2684.0,,77,88,-11
201012300DAL,RS,SAS,2684.0,,78,88,-10
201012300DAL,RS,SAS,2712.0,,80,88,-8
201012300DAL,RS,SAS,2736.0,,81,88,-7
201012300DAL,RS,SAS,2736.0,,82,88,-6
201012300DAL,RS,SAS,2763.0,,82,89,-7
201012300DAL,RS,SAS,2763.0,,82,90,-8
201012300DAL,RS,SAS,2799.0,,83,90,-7
201012300DAL,RS,SAS,2799.0,,84,90,-6
201012300DAL,RS,SAS,2820.1,,84,92,-8
201012300DAL,RS,SAS,2829.4,,84,93,-9
201012300DAL,RS,SAS,2829.4,,84,94,-10
201012300DAL,RS,SAS,2839.1,,87,94,-7
201012300DAL,RS,SAS,2839.9,,87,95,-8
201012300DAL,RS,SAS,2857.7,,90,95,-5
201012300DAL,RS,SAS,2858.8,,90,96,-6
201012300DAL,RS,SAS,2858.8,,90,97,-7
201012300DAL,RS,SAS,2869.7,,90,98,-8
201012300DAL,RS,SAS,2869.7,,90,99,-9
201012300DAL,RS,SAS,2877.1,F,93,99,-6
201012300DAL,RS,SAS,2880.0,,93,99,-6
201101010MIL,RS,MIL,0.0,,0,0,0
201101010MIL,RS,MIL,57.0,,3,0,3
201101010MIL,RS,MIL,75.0,,3,2,1
201101010MIL,RS,MIL,91.0,,5,2,3
201101010MIL,RS,MIL,120.0,,7,2,5
201101010MIL,RS,MIL,144.0,,7,4,3
201101010MIL,RS,MIL,176.0,,7,6,1
201101010MIL,RS,MIL,191.0,,10,6,4
201101010MIL,RS,MIL,230.0,,10,8,2
201101010MIL,RS,MIL,270.0,,12,8,4
201101010MIL,RS,MIL,290.0,,12,11,1
201101010MIL,RS,MIL,312.0,,14,11,3
201101010MIL,RS,MIL,335.0,,14,13,1
201101010MIL,RS,MIL,363.0,LC,14,15,-1
201101010MIL,RS,MIL,382.0,,14,17,-3
201101010MIL,RS,MIL,432.0,,15,17,-2
201101010MIL,RS,MIL,432.0,,16,17,-1
201101010MIL,RS,MIL,466.0,,16,18,-2
201101010MIL,RS,MIL,466.0,,16,19,-3
201101010MIL,RS,MIL,520.0,,16,21,-5
201101010MIL,RS,MIL,545.0,,18,21,-3
201101010MIL,RS,MIL,576.0,,18,23,-5
201101010MIL,RS,MIL,627.0,,18,24,-6
201101010MIL,RS,MIL,627.0,,18,25,-7
201101010MIL,RS,MIL,744.0,,18,27,-9
201101010MIL,RS,MIL,767.0,,18,29,-11
201101010MIL,RS,MIL,785.0,,21,29,-8
201101010MIL,RS,MIL,785.0,,22,29,-7
201101010MIL,RS,MIL,800.0,,22,30,-8
201101010MIL,RS,MIL,800.0,,22,31,-9
201101010MIL,RS,MIL,826.0,,22,33,-11
201101010MIL,RS,MIL,870.0,,22,35,-13
201101010MIL,RS,MIL,881.0,,24,35,-11
201101010MIL,RS,MIL,902.0,,24,36,-12
201101010MIL,RS,MIL,945.0,,26,36,-10
201101010MIL,RS,MIL,971.0,,27,36,-9
201101010MIL,RS,MIL,971.0,,28,36,-8
201101010MIL,RS,MIL,985.0,,28,38,-10
201101010MIL,RS,MIL,1001.0,,30,38,-8
201101010MIL,RS,MIL,1024.0,,30,40,-10
201101010MIL,RS,MIL,1048.0,,30,42,-12
201101010MIL,RS,MIL,1048.0,,30,43,-13
201101010MIL,RS,MIL,1065.0,,33,43,-10
201101010MIL,RS,MIL,1091.0,,33,45,-12
201101010MIL,RS,MIL,1102.0,,33,46,-13
201101010MIL,RS,MIL,1150.0,,35,46,-11
201101010MIL,RS,MIL,1180.0,,35,48,-13
201101010MIL,RS,MIL,1194.0,,37,48,-11
201101010MIL,RS,MIL,1194.0,,38,48,-10
201101010MIL,RS,MIL,1208.0,,40,48,-8
201101010MIL,RS,MIL,1229.0,,40,50,-10
201101010MIL,RS,MIL,1244.0,,43,50,-7
201101010MIL,RS,MIL,1287.0,,45,50,-5
201101010MIL,RS,MIL,1331.0,,47,50,-3
201101010MIL,RS,MIL,1346.0,,47,52,-5
201101010MIL,RS,MIL,1390.1,,50,52,-2
201101010MIL,RS,MIL,1490.0,,50,54,-4
201101010MIL,RS,MIL,1558.0,,51,54,-3
201101010MIL,RS,MIL,1558.0,,52,54,-2
201101010MIL,RS,MIL,1623.0,,52,56,-4
201101010MIL,RS,MIL,1659.0,,52,58,-6
201101010MIL,RS,MIL,1738.0,,52,60,-8
201101010MIL,RS,MIL,1755.0,,55,60,-5
201101010MIL,RS,MIL,1789.0,,58,60,-2
201101010MIL,RS,MIL,1822.0,,59,60,-1
201101010MIL,RS,MIL,1888.0,,59,62,-3
201101010MIL,RS,MIL,1907.0,T,62,62,0
201101010MIL,RS,MIL,1955.0,,62,64,-2
201101010MIL,RS,MIL,1972.0,T,64,64,0
201101010MIL,RS,MIL,1972.0,LC,65,64,1
201101010MIL,RS,MIL,1985.0,LC,65,67,-2
201101010MIL,RS,MIL,2008.0,,66,67,-1
201101010MIL,RS,MIL,2008.0,T,67,67,0
201101010MIL,RS,MIL,2057.0,,67,69,-2
201101010MIL,RS,MIL,2092.0,T,69,69,0
201101010MIL,RS,MIL,2126.0,,69,71,-2
201101010MIL,RS,MIL,2142.1,T,71,71,0
201101010MIL,RS,MIL,2156.4,,71,72,-1
201101010MIL,RS,MIL,2156.4,,71,73,-2
201101010MIL,RS,MIL,2194.0,,71,75,-4
201101010MIL,RS,MIL,2212.0,,73,75,-2
201101010MIL,RS,MIL,2257.0,,73,76,-3
201101010MIL,RS,MIL,2295.0,,75,76,-1
201101010MIL,RS,MIL,2319.0,,75,77,-2
201101010MIL,RS,MIL,2319.0,,75,78,-3
201101010MIL,RS,MIL,2336.0,,76,78,-2
201101010MIL,RS,MIL,2336.0,,77,78,-1
201101010MIL,RS,MIL,2354.0,,77,80,-3
201101010MIL,RS,MIL,2377.0,,77,83,-6
201101010MIL,RS,MIL,2422.0,,77,85,-8
201101010MIL,RS,MIL,2508.0,,78,85,-7
201101010MIL,RS,MIL,2508.0,,79,85,-6
201101010MIL,RS,MIL,2525.0,,79,87,-8
201101010MIL,RS,MIL,2551.0,,81,87,-6
201101010MIL,RS,MIL,2572.0,,81,89,-8
201101010MIL,RS,MIL,2584.0,,83,89,-6
201101010MIL,RS,MIL,2676.0,,83,90,-7
201101010MIL,RS,MIL,2687.0,,85,90,-5
201101010MIL,RS,MIL,2704.0,,85,91,-6
201101010MIL,RS,MIL,2704.0,,85,92,-7
201101010MIL,RS,MIL,2735.0,,85,94,-9
201101010MIL,RS,MIL,2748.0,,86,94,-8
201101010MIL,RS,MIL,2748.0,,87,94,-7
201101010MIL,RS,MIL,2787.0,,87,97,-10
201101010MIL,RS,MIL,2824.6,,87,98,-11
201101010MIL,RS,MIL,2824.6,F,87,99,-12
201101010MIL,RS,MIL,2880.0,,87,99,-12
201101020CLE,RS,CLE,0.0,,0,0,0
201101020CLE,RS,CLE,16.0,,2,0,2
201101020CLE,RS,CLE,62.0,,4,0,4
201101020CLE,RS,CLE,100.0,,6,0,6
201101020CLE,RS,CLE,133.0,,8,0,8
201101020CLE,RS,CLE,152.0,,8,2,6
201101020CLE,RS,CLE,170.0,,10,2,8
201101020CLE,RS,CLE,197.0,,12,2,10
201101020CLE,RS,CLE,251.0,,12,4,8
201101020CLE,RS,CLE,276.0,,14,4,10
201101020CLE,RS,CLE,289.0,,14,6,8
201101020CLE,RS,CLE,311.0,,17,6,11
201101020CLE,RS,CLE,326.0,,17,7,10
201101020CLE,RS,CLE,353.0,,19,7,12
201101020CLE,RS,CLE,383.0,,21,7,14
201101020CLE,RS,CLE,434.0,,21,9,12
201101020CLE,RS,CLE,529.0,,21,11,10
201101020CLE,RS,CLE,544.0,,23,11,12
201101020CLE,RS,CLE,554.0,,23,13,10
201101020CLE,RS,CLE,583.0,,23,14,9
201101020CLE,RS,CLE,599.0,,23,16,7
201101020CLE,RS,CLE,620.0,,25,16,9
201101020CLE,RS,CLE,626.0,,25,18,7
201101020CLE,RS,CLE,658.0,,25,21,4
201101020CLE,RS,CLE,680.4,,27,21,6
201101020CLE,RS,CLE,686.1,,27,23,4
201101020CLE,RS,CLE,718.1,,27,25,2
201101020CLE,RS,CLE,734.0,,27,26,1
201101020CLE,RS,CLE,758.0,LC,27,28,-1
201101020CLE,RS,CLE,778.0,LC,29,28,1
201101020CLE,RS,CLE,834.0,,31,28,3
201101020CLE,RS,CLE,834.0,,32,28,4
201101020CLE,RS,CLE,918.0,,35,28,7
201101020CLE,RS,CLE,932.0,,35,30,5
201101020CLE,RS,CLE,949.0,,37,30,7
201101020CLE,RS,CLE,981.0,,40,30,10
201101020CLE,RS,CLE,996.0,,40,32,8
201101020CLE,RS,CLE,1024.0,,43,32,11
201101020CLE,RS,CLE,1058.0,,43,34,9
201101020CLE,RS,CLE,1098.0,,44,34,10
201101020CLE,RS,CLE,1137.0,,45,34,11
201101020CLE,RS,CLE,1137.0,,46,34,12
201101020CLE,RS,CLE,1168.0,,49,34,15
201101020CLE,RS,CLE,1178.0,,49,35,14
201101020CLE,RS,CLE,1178.0,,49,36,13
201101020CLE,RS,CLE,1195.0,,51,36,15
201101020CLE,RS,CLE,1216.0,,51,38,13
201101020CLE,RS,CLE,1233.0,,51,40,11
201101020CLE,RS,CLE,1261.0,,51,42,9
201101020CLE,RS,CLE,1312.0,,52,42,10
201101020CLE,RS,CLE,1312.0,,53,42,11
201101020CLE,RS,CLE,1323.0,,53,43,10
201101020CLE,RS,CLE,1348.0,,53,45,8
201101020CLE,RS,CLE,1378.0,,55,45,10
201101020CLE,RS,CLE,1401.1,,55,47,8
201101020CLE,RS,CLE,1456.0,,55,49,6
201101020CLE,RS,CLE,1530.0,,58,49,9
201101020CLE,RS,CLE,1550.0,,58,51,7
201101020CLE,RS,CLE,1572.0,,61,51,10
201101020CLE,RS,CLE,1599.0,,61,53,8
201101020CLE,RS,CLE,1619.0,,63,53,10
201101020CLE,RS,CLE,1648.0,,65,53,12
201101020CLE,RS,CLE,1675.0,,67,53,14
201101020CLE,RS,CLE,1696.0,,67,56,11
201101020CLE,RS,CLE,1726.0,,67,59,8
201101020CLE,RS,CLE,1777.0,,68,59,9
201101020CLE,RS,CLE,1800.0,,71,59,12
201101020CLE,RS,CLE,1856.0,,73,59,14
201101020CLE,RS,CLE,1873.0,,75,59,16
201101020CLE,RS,CLE,1873.0,,76,59,17
201101020CLE,RS,CLE,1952.0,,76,61,15
201101020CLE,RS,CLE,1952.0,,76,62,14
201101020CLE,RS,CLE,1976.0,,76,64,12
201101020CLE,RS,CLE,2005.0,,76,65,11
201101020CLE,RS,CLE,2019.0,,77,65,12
201101020CLE,RS,CLE,2119.1,,77,67,10
201101020CLE,RS,CLE,2136.1,,79,67,12
201101020CLE,RS,CLE,2159.0,,79,69,10
201101020CLE,RS,CLE,2321.0,,80,69,11
201101020CLE,RS,CLE,2321.0,,81,69,12
201101020CLE,RS,CLE,2349.0,,83,69,14
201101020CLE,RS,CLE,2367.0,,83,71,12
201101020CLE,RS,CLE,2385.0,,86,71,15
201101020CLE,RS,CLE,2408.0,,86,73,13
201101020CLE,RS,CLE,2465.0,,86,75,11
201101020CLE,RS,CLE,2497.0,,86,77,9
201101020CLE,RS,CLE,2518.0,,89,77,12
201101020CLE,RS,CLE,2555.0,,89,79,10
201101020CLE,RS,CLE,2570.0,,91,79,12
201101020CLE,RS,CLE,2611.0,,93,79,14
201101020CLE,RS,CLE,2652.0,,95,79,16
201101020CLE,RS,CLE,2699.0,,95,81,14
201101020CLE,RS,CLE,2713.0,,97,81,16
201101020CLE,RS,CLE,2729.0,,97,84,13
201101020CLE,RS,CLE,2753.0,,97,86,11
201101020CLE,RS,CLE,2774.0,,99,86,13
201101020CLE,RS,CLE,2782.0,,99,89,10
201101020CLE,RS,CLE,2801.0,,100,89,11
201101020CLE,RS,CLE,2814.0,,100,91,9
201101020CLE,RS,CLE,2830.6,,102,91,11
201101020CLE,RS,CLE,2835.2,,102,93,9
201101020CLE,RS,CLE,2842.8,,103,93,10
201101020CLE,RS,CLE,2842.8,,104,93,11
201101020CLE,RS,CLE,2852.0,F,104,95,9
201101020CLE,RS,CLE,2880.0,,104,95,9
201101040DAL,RS,POR,0.0,,0,0,0
201101040DAL,RS,POR,23.0,,0,3,-3
201101040DAL,RS,POR,47.0,,2,3,-1
201101040DAL,RS,POR,74.0,,2,5,-3
201101040DAL,RS,POR,112.0,,2,7,-5
201101040DAL,RS,POR,132.0,,4,7,-3
201101040DAL,RS,POR,157.0,,4,10,-6
201101040DAL,RS,POR,176.0,,6,10,-4
201101040DAL,RS,POR,192.0,,6,12,-6
201101040DAL,RS,POR,296.0,,6,14,-8
201101040DAL,RS,POR,316.0,,8,14,-6
201101040DAL,RS,POR,394.0,,10,14,-4
201101040DAL,RS,POR,419.0,,10,16,-6
201101040DAL,RS,POR,438.0,,12,16,-4
201101040DAL,RS,POR,467.0,,14,16,-2
201101040DAL,RS,POR,484.0,,14,18,-4
201101040DAL,RS,POR,513.0,,14,20,-6
201101040DAL,RS,POR,532.0,,15,20,-5
201101040DAL,RS,POR,538.0,,17,20,-3
201101040DAL,RS,POR,559.0,,17,22,-5
201101040DAL,RS,POR,598.0,,20,22,-2
201101040DAL,RS,POR,623.0,T,22,22,0
201101040DAL,RS,POR,684.3,LC,23,22,1
201101040DAL,RS,POR,684.3,,24,22,2
201101040DAL,RS,POR,695.1,T,24,24,0
201101040DAL,RS,POR,750.0,,26,24,2
201101040DAL,RS,POR,774.0,,28,24,4
201101040DAL,RS,POR,774.0,,29,24,5
201101040DAL,RS,POR,828.0,,29,26,3
201101040DAL,RS,POR,862.0,,29,28,1
201101040DAL,RS,POR,965.0,T,29,29,0
201101040DAL,RS,POR,994.0,,31,29,2
201101040DAL,RS,POR,1043.0,,33,29,4
201101040DAL,RS,POR,1085.0,,33,31,2
201101040DAL,RS,POR,1112.0,,35,31,4
201101040DAL,RS,POR,1130.0,,35,33,2
201101040DAL,RS,POR,1172.0,,38,33,5
201101040DAL,RS,POR,1272.0,,38,34,4
201101040DAL,RS,POR,1311.0,,38,35,3
201101040DAL,RS,POR,1311.0,,38,36,2
201101040DAL,RS,POR,1326.0,,40,36,4
201101040DAL,RS,POR,1350.0,,40,38,2
201101040DAL,RS,POR,1430.1,T,40,40,0
201101040DAL,RS,POR,1439.7,,41,40,1
201101040DAL,RS,POR,1439.7,,42,40,2
201101040DAL,RS,POR,1439.7,,43,40,3
201101040DAL,RS,POR,1495.0,,44,40,4
201101040DAL,RS,POR,1495.0,,45,40,5
201101040DAL,RS,POR,1533.0,,47,40,7
201101040DAL,RS,POR,1549.0,,47,42,5
201101040DAL,RS,POR,1577.0,,47,44,3
201101040DAL,RS,POR,1664.0,,47,46,1
201101040DAL,RS,POR,1682.0,,49,46,3
201101040DAL,RS,POR,1704.0,,49,48,1
201101040DAL,RS,POR,1737.0,,51,48,3
201101040DAL,RS,POR,1763.0,,51,50,1
201101040DAL,RS,POR,1805.0,T,51,51,0
201101040DAL,RS,POR,1805.0,LC,51,52,-1
201101040DAL,RS,POR,1900.0,,51,54,-3
201101040DAL,RS,POR,1920.0,T,54,54,0
201101040DAL,RS,POR,1942.0,,54,56,-2
201101040DAL,RS,POR,1954.0,T,56,56,0
201101040DAL,RS,POR,2030.0,LC,59,56,3
201101040DAL,RS,POR,2042.0,,59,58,1
201101040DAL,RS,POR,2087.0,LC,59,60,-1
201101040DAL,RS,POR,2125.1,LC,61,60,1
201101040DAL,RS,POR,2125.1,,62,60,2
201101040DAL,RS,POR,2184.0,T,62,62,0
201101040DAL,RS,POR,2248.0,,65,62,3
201101040DAL,RS,POR,2278.0,,67,62,5
201101040DAL,RS,POR,2335.0,,67,63,4
201101040DAL,RS,POR,2335.0,,67,64,3
201101040DAL,RS,POR,2370.0,T,67,67,0
201101040DAL,RS,POR,2441.0,LC,67,69,-2
201101040DAL,RS,POR,2468.0,LC,70,69,1
201101040DAL,RS,POR,2494.0,LC,70,71,-1
201101040DAL,RS,POR,2507.0,LC,72,71,1
201101040DAL,RS,POR,2522.0,LC,72,73,-1
201101040DAL,RS,POR,2549.0,,72,75,-3
201101040DAL,RS,POR,2613.0,,72,76,-4
201101040DAL,RS,POR,2613.0,,72,77,-5
201101040DAL,RS,POR,2632.0,,74,77,-3
201101040DAL,RS,POR,2726.0,T,77,77,0
201101040DAL,RS,POR,2788.0,LC,79,77,2
201101040DAL,RS,POR,2807.0,,79,78,1
201101040DAL,RS,POR,2828.1,,82,78,4
201101040DAL,RS,POR,2846.1,,82,81,1
201101040DAL,RS,POR,2867.1,F,84,81,3
201101040DAL,RS,POR,2880.0,,84,81,3
201101060DAL,RS,OKC,0.0,,0,0,0
201101060DAL,RS,OKC,37.0,,2,0,2
201101060DAL,RS,OKC,61.0,,4,0,4
201101060DAL,RS,OKC,81.0,,4,2,2
201101060DAL,RS,OKC,96.0,,6,2,4
201101060DAL,RS,OKC,151.0,,8,2,6
201101060DAL,RS,OKC,169.0,,8,3,5
201101060DAL,RS,OKC,186.0,,10,3,7
201101060DAL,RS,OKC,209.0,,10,5,5
201101060DAL,RS,OKC,247.0,,10,7,3
201101060DAL,RS,OKC,266.0,,12,7,5
201101060DAL,RS,OKC,279.0,,12,9,3
201101060DAL,RS,OKC,299.0,,14,9,5
201101060DAL,RS,OKC,329.0,,14,11,3
201101060DAL,RS,OKC,347.0,,17,11,6
201101060DAL,RS,OKC,364.0,,17,13,4
201101060DAL,RS,OKC,413.0,,17,15,2
201101060DAL,RS,OKC,480.0,,19,15,4
201101060DAL,RS,OKC,515.0,,19,17,2
201101060DAL,RS,OKC,541.0,,21,17,4
201101060DAL,RS,OKC,579.0,,23,17,6
201101060DAL,RS,OKC,595.0,,23,18,5
201101060DAL,RS,OKC,595.0,,23,19,4
201101060DAL,RS,OKC,629.0,,25,19,6
201101060DAL,RS,OKC,649.0,,25,21,4
201101060DAL,RS,OKC,670.6,,26,21,5
201101060DAL,RS,OKC,683.3,,27,21,6
201101060DAL,RS,OKC,683.3,,28,21,7
201101060DAL,RS,OKC,691.1,,28,23,5
201101060DAL,RS,OKC,716.2,,30,23,7
201101060DAL,RS,OKC,739.0,,32,23,9
201101060DAL,RS,OKC,739.0,,33,23,10
201101060DAL,RS,OKC,789.0,,33,26,7
201101060DAL,RS,OKC,820.0,,33,27,6
201101060DAL,RS,OKC,820.0,,33,28,5
201101060DAL,RS,OKC,845.0,,33,30,3
201101060DAL,RS,OKC,882.0,,33,32,1
201101060DAL,RS,OKC,901.0,,35,32,3
201101060DAL,RS,OKC,923.0,,35,33,2
201101060DAL,RS,OKC,947.0,,38,33,5
201101060DAL,RS,OKC,977.0,,40,33,7
201101060DAL,RS,OKC,997.0,,40,36,4
201101060DAL,RS,OKC,1037.0,,40,37,3
201101060DAL,RS,OKC,1057.0,,41,37,4
201101060DAL,RS,OKC,1069.0,,41,39,2
201101060DAL,RS,OKC,1100.0,,43,39,4
201101060DAL,RS,OKC,1151.0,,45,39,6
201101060DAL,RS,OKC,1174.0,,45,41,4
201101060DAL,RS,OKC,1194.0,,47,41,6
201101060DAL,RS,OKC,1223.0,,47,43,4
201101060DAL,RS,OKC,1244.0,,49,43,6
201101060DAL,RS,OKC,1265.0,,49,45,4
201101060DAL,RS,OKC,1285.0,,51,45,6
201101060DAL,RS,OKC,1342.0,,53,45,8
201101060DAL,RS,OKC,1355.0,,53,47,6
201101060DAL,RS,OKC,1378.0,,53,49,4
201101060DAL,RS,OKC,1428.6,,53,50,3
201101060DAL,RS,OKC,1428.6,,53,51,2
201101060DAL,RS,OKC,1436.1,,55,51,4
201101060DAL,RS,OKC,1461.0,,55,53,2
201101060DAL,RS,OKC,1514.0,,56,53,3
201101060DAL,RS,OKC,1514.0,,57,53,4
201101060DAL,RS,OKC,1544.0,,59,53,6
201101060DAL,RS,OKC,1560.0,,59,56,3
201101060DAL,RS,OKC,1588.0,,59,58,1
201101060DAL,RS,OKC,1637.0,LC,59,60,-1
201101060DAL,RS,OKC,1682.0,,59,62,-3
201101060DAL,RS,OKC,1702.0,,60,62,-2
201101060DAL,RS,OKC,1702.0,,61,62,-1
201101060DAL,RS,OKC,1716.0,,61,64,-3
201101060DAL,RS,OKC,1789.0,,61,65,-4
201101060DAL,RS,OKC,1838.0,,61,67,-6
201101060DAL,RS,OKC,1863.0,,63,67,-4
201101060DAL,RS,OKC,1881.0,,63,69,-6
201101060DAL,RS,OKC,1910.0,,63,70,-7
201101060DAL,RS,OKC,1910.0,,63,71,-8
201101060DAL,RS,OKC,1932.0,,66,71,-5
201101060DAL,RS,OKC,1961.0,,68,71,-3
201101060DAL,RS,OKC,2064.0,,68,73,-5
201101060DAL,RS,OKC,2122.2,,70,73,-3
201101060DAL,RS,OKC,2212.0,,71,73,-2
201101060DAL,RS,OKC,2242.0,,71,75,-4
201101060DAL,RS,OKC,2286.0,,71,78,-7
201101060DAL,RS,OKC,2311.0,,73,78,-5
201101060DAL,RS,OKC,2323.0,,73,80,-7
201101060DAL,RS,OKC,2371.0,,73,81,-8
201101060DAL,RS,OKC,2408.0,,73,83,-10
201101060DAL,RS,OKC,2431.0,,75,83,-8
201101060DAL,RS,OKC,2456.0,,75,85,-10
201101060DAL,RS,OKC,2472.0,,76,85,-9
201101060DAL,RS,OKC,2472.0,,77,85,-8
201101060DAL,RS,OKC,2483.0,,77,86,-9
201101060DAL,RS,OKC,2483.0,,77,87,-10
201101060DAL,RS,OKC,2506.0,,78,87,-9
201101060DAL,RS,OKC,2537.0,,78,89,-11
201101060DAL,RS,OKC,2562.0,,80,89,-9
201101060DAL,RS,OKC,2562.0,,81,89,-8
201101060DAL,RS,OKC,2592.0,,83,89,-6
201101060DAL,RS,OKC,2617.0,,83,91,-8
201101060DAL,RS,OKC,2662.0,,83,93,-10
201101060DAL,RS,OKC,2690.0,,85,93,-8
201101060DAL,RS,OKC,2714.0,,86,93,-7
201101060DAL,RS,OKC,2769.0,,86,95,-9
201101060DAL,RS,OKC,2802.0,,86,97,-11
201101060DAL,RS,OKC,2813.0,,89,97,-8
201101060DAL,RS,OKC,2841.1,,92,97,-5
201101060DAL,RS,OKC,2850.6,,92,98,-6
201101060DAL,RS,OKC,2850.6,,92,99,-7
201101060DAL,RS,OKC,2877.2,F,95,99,-4
201101060DAL,RS,OKC,2880.0,,95,99,-4
201101080DAL,RS,ORL,0.0,,0,0,0
201101080DAL,RS,ORL,24.0,,0,2,-2
201101080DAL,RS,ORL,78.0,T,2,2,0
201101080DAL,RS,ORL,105.0,LC,5,2,3
201101080DAL,RS,ORL,120.0,,5,4,1
201101080DAL,RS,ORL,143.0,,7,4,3
201101080DAL,RS,ORL,179.0,T,7,7,0
201101080DAL,RS,ORL,206.0,LC,7,9,-2
201101080DAL,RS,ORL,233.0,,7,11,-4
201101080DAL,RS,ORL,250.0,,8,11,-3
201101080DAL,RS,ORL,250.0,,9,11,-2
201101080DAL,RS,ORL,292.0,,9,13,-4
201101080DAL,RS,ORL,298.0,,11,13,-2
201101080DAL,RS,ORL,323.0,,11,15,-4
201101080DAL,RS,ORL,359.0,,14,15,-1
201101080DAL,RS,ORL,383.0,LC,17,15,2
201101080DAL,RS,ORL,452.0,,18,15,3
201101080DAL,RS,ORL,504.0,,18,16,2
201101080DAL,RS,ORL,528.0,,20,16,4
201101080DAL,RS,ORL,548.0,,20,17,3
201101080DAL,RS,ORL,570.0,,22,17,5
201101080DAL,RS,ORL,601.0,,23,17,6
201101080DAL,RS,ORL,619.0,,23,19,4
201101080DAL,RS,ORL,632.0,,25,19,6
201101080DAL,RS,ORL,698.1,,28,19,9
201101080DAL,RS,ORL,765.0,,31,19,12
201101080DAL,RS,ORL,783.0,,31,21,10
201101080DAL,RS,ORL,812.0,,34,21,13
201101080DAL,RS,ORL,825.0,,34,23,11
201101080DAL,RS,ORL,848.0,,36,23,13
201101080DAL,RS,ORL,857.0,,36,25,11
201101080DAL,RS,ORL,870.0,,38,25,13
201101080DAL,RS,ORL,933.0,,40,25,15
201101080DAL,RS,ORL,955.0,,40,27,13
201101080DAL,RS,ORL,987.0,,40,30,10
201101080DAL,RS,ORL,1023.0,,40,32,8
201101080DAL,RS,ORL,1043.0,,43,32,11
201101080DAL,RS,ORL,1123.0,,45,32,13
201101080DAL,RS,ORL,1190.0,,45,34,11
201101080DAL,RS,ORL,1210.0,,48,34,14
201101080DAL,RS,ORL,1256.0,,49,34,15
201101080DAL,RS,ORL,1256.0,,50,34,16
201101080DAL,RS,ORL,1277.0,,50,36,14
201101080DAL,RS,ORL,1306.0,,50,39,11
201101080DAL,RS,ORL,1317.0,,52,39,13
201101080DAL,RS,ORL,1331.0,,52,42,10
201101080DAL,RS,ORL,1347.0,,53,42,11
201101080DAL,RS,ORL,1363.0,,53,45,8
201101080DAL,RS,ORL,1385.1,,55,45,10
201101080DAL,RS,ORL,1399.1,,55,46,9
201101080DAL,RS,ORL,1399.1,,55,47,8
201101080DAL,RS,ORL,1399.1,,55,48,7
201101080DAL,RS,ORL,1413.5,,56,48,8
201101080DAL,RS,ORL,1413.5,,57,48,9
201101080DAL,RS,ORL,1435.1,,57,51,6
201101080DAL,RS,ORL,1457.0,,59,51,8
201101080DAL,RS,ORL,1477.0,,59,53,6
201101080DAL,RS,ORL,1504.0,,59,55,4
201101080DAL,RS,ORL,1523.0,,62,55,7
201101080DAL,RS,ORL,1559.0,,62,57,5
201101080DAL,RS,ORL,1586.0,,64,57,7
201101080DAL,RS,ORL,1629.0,,64,60,4
201101080DAL,RS,ORL,1675.0,,64,61,3
201101080DAL,RS,ORL,1697.0,,64,63,1
201101080DAL,RS,ORL,1719.0,,66,63,3
201101080DAL,RS,ORL,1768.0,,68,63,5
201101080DAL,RS,ORL,1794.0,,68,64,4
201101080DAL,RS,ORL,1806.0,,70,64,6
201101080DAL,RS,ORL,1821.0,,70,67,3
201101080DAL,RS,ORL,1851.0,,72,67,5
201101080DAL,RS,ORL,1867.0,,72,70,2
201101080DAL,RS,ORL,1884.0,,73,70,3
201101080DAL,RS,ORL,1884.0,,74,70,4
201101080DAL,RS,ORL,1900.0,,74,72,2
201101080DAL,RS,ORL,1923.0,,76,72,4
201101080DAL,RS,ORL,1942.0,,76,74,2
201101080DAL,RS,ORL,2000.0,T,76,76,0
201101080DAL,RS,ORL,2021.0,,79,76,3
201101080DAL,RS,ORL,2037.0,,79,77,2
201101080DAL,RS,ORL,2095.0,LC,79,80,-1
201101080DAL,RS,ORL,2120.1,LC,81,80,1
201101080DAL,RS,ORL,2178.0,LC,81,82,-1
201101080DAL,RS,ORL,2203.0,LC,83,82,1
201101080DAL,RS,ORL,2238.0,,85,82,3
201101080DAL,RS,ORL,2256.0,,85,84,1
201101080DAL,RS,ORL,2256.0,T,85,85,0
201101080DAL,RS,ORL,2285.0,LC,85,88,-3
201101080DAL,RS,ORL,2309.0,,87,88,-1
201101080DAL,RS,ORL,2327.0,,87,91,-4
201101080DAL,RS,ORL,2407.0,,87,93,-6
201101080DAL,RS,ORL,2431.0,,87,96,-9
201101080DAL,RS,ORL,2454.0,,87,98,-11
201101080DAL,RS,ORL,2482.0,,87,100,-13
201101080DAL,RS,ORL,2514.0,,87,101,-14
201101080DAL,RS,ORL,2514.0,,87,102,-15
201101080DAL,RS,ORL,2520.0,,88,102,-14
201101080DAL,RS,ORL,2538.0,,88,103,-15
201101080DAL,RS,ORL,2538.0,,88,104,-16
201101080DAL,RS,ORL,2583.0,,88,106,-18
201101080DAL,RS,ORL,2614.0,,88,108,-20
201101080DAL,RS,ORL,2634.0,,91,108,-17
201101080DAL,RS,ORL,2647.0,,93,108,-15
201101080DAL,RS,ORL,2689.0,,95,108,-13
201101080DAL,RS,ORL,2689.0,,95,109,-14
201101080DAL,RS,ORL,2689.0,,95,110,-15
201101080DAL,RS,ORL,2708.0,,95,111,-16
201101080DAL,RS,ORL,2708.0,,95,112,-17
201101080DAL,RS,ORL,2721.0,,97,112,-15
201101080DAL,RS,ORL,2737.0,,97,115,-18
201101080DAL,RS,ORL,2754.0,,99,115,-16
201101080DAL,RS,ORL,2754.0,,100,115,-15
201101080DAL,RS,ORL,2806.0,,103,115,-12
201101080DAL,RS,ORL,2826.3,,103,116,-13
201101080DAL,RS,ORL,2826.3,,103,117,-14
201101080DAL,RS,ORL,2845.1,,105,117,-12
201101080DAL,RS,ORL,2866.1,F,107,117,-10
201101080DAL,RS,ORL,2880.0,,107,117,-10
201101120IND,RS,IND,0.0,,0,0,0
201101120IND,RS,IND,75.0,,2,0,2
201101120IND,RS,IND,88.0,T,2,2,0
201101120IND,RS,IND,104.0,,4,2,2
201101120IND,RS,IND,104.0,,5,2,3
201101120IND,RS,IND,116.0,,5,4,1
201101120IND,RS,IND,151.0,,8,4,4
201101120IND,RS,IND,260.0,,9,4,5
201101120IND,RS,IND,355.0,,11,4,7
201101120IND,RS,IND,363.0,,11,6,5
201101120IND,RS,IND,386.0,,13,6,7
201101120IND,RS,IND,413.0,,13,8,5
201101120IND,RS,IND,455.0,,15,8,7
201101120IND,RS,IND,503.0,,15,10,5
201101120IND,RS,IND,525.0,,15,13,2
201101120IND,RS,IND,554.0,,15,14,1
201101120IND,RS,IND,554.0,T,15,15,0
201101120IND,RS,IND,564.0,,16,15,1
201101120IND,RS,IND,576.0,LC,16,17,-1
201101120IND,RS,IND,586.0,LC,18,17,1
201101120IND,RS,IND,613.0,LC,18,20,-2
201101120IND,RS,IND,629.0,T,20,20,0
201101120IND,RS,IND,650.0,LC,23,20,3
201101120IND,RS,IND,663.5,,23,21,2
201101120IND,RS,IND,663.5,,23,22,1
201101120IND,RS,IND,682.6,,26,22,4
201101120IND,RS,IND,693.7,,26,25,1
201101120IND,RS,IND,749.0,,28,25,3
201101120IND,RS,IND,776.0,,28,27,1
201101120IND,RS,IND,814.0,,29,27,2
201101120IND,RS,IND,867.0,T,29,29,0
201101120IND,RS,IND,886.0,,31,29,2
201101120IND,RS,IND,898.0,T,31,31,0
201101120IND,RS,IND,917.0,,33,31,2
201101120IND,RS,IND,930.0,T,33,33,0
201101120IND,RS,IND,1024.0,,35,33,2
201101120IND,RS,IND,1029.0,,35,34,1
201101120IND,RS,IND,1029.0,T,35,35,0
201101120IND,RS,IND,1044.0,,37,35,2
201101120IND,RS,IND,1061.0,T,37,37,0
201101120IND,RS,IND,1104.0,LC,37,39,-2
201101120IND,RS,IND,1120.0,T,39,39,0
201101120IND,RS,IND,1139.0,,39,41,-2
201101120IND,RS,IND,1216.0,,39,43,-4
201101120IND,RS,IND,1243.0,,40,43,-3
201101120IND,RS,IND,1272.0,T,43,43,0
201101120IND,RS,IND,1297.0,,43,44,-1
201101120IND,RS,IND,1297.0,,43,45,-2
201101120IND,RS,IND,1314.0,,43,46,-3
201101120IND,RS,IND,1314.0,,43,47,-4
201101120IND,RS,IND,1330.0,,44,47,-3
201101120IND,RS,IND,1330.0,,45,47,-2
201101120IND,RS,IND,1340.0,,45,50,-5
201101120IND,RS,IND,1353.0,,46,50,-4
201101120IND,RS,IND,1353.0,,47,50,-3
201101120IND,RS,IND,1387.1,,47,52,-5
201101120IND,RS,IND,1403.1,,49,52,-3
201101120IND,RS,IND,1433.1,T,52,52,0
201101120IND,RS,IND,1458.0,,52,55,-3
201101120IND,RS,IND,1488.0,T,55,55,0
201101120IND,RS,IND,1516.0,,55,57,-2
201101120IND,RS,IND,1618.0,,55,58,-3
201101120IND,RS,IND,1618.0,,55,59,-4
201101120IND,RS,IND,1644.0,,55,61,-6
201101120IND,RS,IND,1661.0,,57,61,-4
201101120IND,RS,IND,1692.0,,60,61,-1
201101120IND,RS,IND,1711.0,,60,63,-3
201101120IND,RS,IND,1731.0,,62,63,-1
201101120IND,RS,IND,1738.0,,62,65,-3
201101120IND,RS,IND,1776.0,,62,67,-5
201101120IND,RS,IND,1806.0,,62,69,-7
201101120IND,RS,IND,1834.0,,64,69,-5
201101120IND,RS,IND,1855.0,,64,71,-7
201101120IND,RS,IND,1881.0,,66,71,-5
201101120IND,RS,IND,1892.0,,66,74,-8
201101120IND,RS,IND,1980.0,,66,75,-9
201101120IND,RS,IND,2031.0,,68,75,-7
201101120IND,RS,IND,2069.0,,69,75,-6
201101120IND,RS,IND,2084.0,,69,77,-8
201101120IND,RS,IND,2187.0,,71,77,-6
201101120IND,RS,IND,2238.0,,71,80,-9
201101120IND,RS,IND,2279.0,,71,83,-12
201101120IND,RS,IND,2293.0,,73,83,-10
201101120IND,RS,IND,2334.0,,74,83,-9
201101120IND,RS,IND,2334.0,,75,83,-8
201101120IND,RS,IND,2357.0,,75,85,-10
201101120IND,RS,IND,2390.0,,75,86,-11
201101120IND,RS,IND,2390.0,,75,87,-12
201101120IND,RS,IND,2411.0,,77,87,-10
201101120IND,RS,IND,2436.0,,80,87,-7
201101120IND,RS,IND,2450.0,,80,89,-9
201101120IND,RS,IND,2485.0,,80,91,-11
201101120IND,RS,IND,2538.0,,82,91,-9
201101120IND,RS,IND,2614.0,,83,91,-8
201101120IND,RS,IND,2614.0,,84,91,-7
201101120IND,RS,IND,2638.0,,84,93,-9
201101120IND,RS,IND,2656.0,,87,93,-6
201101120IND,RS,IND,2688.0,,87,95,-8
201101120IND,RS,IND,2710.0,,87,96,-9
201101120IND,RS,IND,2754.0,,87,98,-11
201101120IND,RS,IND,2820.0,,87,99,-12
201101120IND,RS,IND,2820.0,,87,100,-13
201101120IND,RS,IND,2837.2,,89,100,-11
201101120IND,RS,IND,2843.9,,89,101,-12
201101120IND,RS,IND,2843.9,F,89,102,-13
201101120IND,RS,IND,2880.0,,89,102,-13
201101140SAS,RS,SAS,0.0,,0,0,0
201101140SAS,RS,SAS,30.0,,0,2,-2
201101140SAS,RS,SAS,48.0,T,2,2,0
201101140SAS,RS,SAS,84.0,,2,4,-2
201101140SAS,RS,SAS,111.0,,2,6,-4
201101140SAS,RS,SAS,136.0,,4,6,-2
201101140SAS,RS,SAS,166.0,LC,7,6,1
201101140SAS,RS,SAS,184.0,LC,7,8,-1
201101140SAS,RS,SAS,228.0,,7,10,-3
201101140SAS,RS,SAS,247.0,,9,10,-1
201101140SAS,RS,SAS,271.0,,9,12,-3
201101140SAS,RS,SAS,313.0,,9,14,-5
201101140SAS,RS,SAS,367.0,,9,16,-7
201101140SAS,RS,SAS,405.0,,9,17,-8
201101140SAS,RS,SAS,405.0,,9,18,-9
201101140SAS,RS,SAS,419.0,,11,18,-7
201101140SAS,RS,SAS,454.0,,11,19,-8
201101140SAS,RS,SAS,454.0,,11,20,-9
201101140SAS,RS,SAS,466.0,,12,20,-8
201101140SAS,RS,SAS,492.0,,14,20,-6
201101140SAS,RS,SAS,509.0,,14,22,-8
201101140SAS,RS,SAS,571.0,,16,22,-6
201101140SAS,RS,SAS,640.0,,16,25,-9
201101140SAS,RS,SAS,655.0,,17,25,-8
201101140SAS,RS,SAS,669.8,,17,27,-10
201101140SAS,RS,SAS,718.6,,19,27,-8
201101140SAS,RS,SAS,729.0,,19,28,-9
201101140SAS,RS,SAS,729.0,,19,29,-10
201101140SAS,RS,SAS,763.0,,19,32,-13
201101140SAS,RS,SAS,778.0,,21,32,-11
201101140SAS,RS,SAS,778.0,,22,32,-10
201101140SAS,RS,SAS,794.0,,22,35,-13
201101140SAS,RS,SAS,826.0,,22,37,-15
201101140SAS,RS,SAS,859.0,,22,39,-17
201101140SAS,RS,SAS,901.0,,22,41,-19
201101140SAS,RS,SAS,932.0,,24,41,-17
201101140SAS,RS,SAS,973.0,,24,43,-19
201101140SAS,RS,SAS,1000.0,,27,43,-16
201101140SAS,RS,SAS,1004.0,,27,44,-17
201101140SAS,RS,SAS,1014.0,,27,47,-20
201101140SAS,RS,SAS,1064.0,,29,47,-18
201101140SAS,RS,SAS,1126.0,,31,47,-16
201101140SAS,RS,SAS,1146.0,,31,50,-19
201101140SAS,RS,SAS,1166.0,,34,50,-16
201101140SAS,RS,SAS,1191.0,,34,52,-18
201101140SAS,RS,SAS,1298.0,,36,52,-16
201101140SAS,RS,SAS,1325.0,,36,53,-17
201101140SAS,RS,SAS,1341.0,,38,53,-15
201101140SAS,RS,SAS,1371.0,,40,53,-13
201101140SAS,RS,SAS,1384.1,,40,55,-15
201101140SAS,RS,SAS,1400.8,,41,55,-14
201101140SAS,RS,SAS,1400.8,,42,55,-13
201101140SAS,RS,SAS,1410.9,,42,57,-15
201101140SAS,RS,SAS,1457.0,,42,59,-17
201101140SAS,RS,SAS,1480.0,,44,59,-15
201101140SAS,RS,SAS,1524.0,,44,60,-16
201101140SAS,RS,SAS,1524.0,,44,61,-17
201101140SAS,RS,SAS,1556.0,,46,61,-15
201101140SAS,RS,SAS,1574.0,,46,63,-17
201101140SAS,RS,SAS,1602.0,,47,63,-16
201101140SAS,RS,SAS,1616.0,,47,65,-18
201101140SAS,RS,SAS,1629.0,,49,65,-16
201101140SAS,RS,SAS,1636.0,,49,67,-18
201101140SAS,RS,SAS,1648.0,,51,67,-16
201101140SAS,RS,SAS,1648.0,,52,67,-15
201101140SAS,RS,SAS,1698.0,,54,67,-13
201101140SAS,RS,SAS,1723.0,,54,69,-15
201101140SAS,RS,SAS,1770.0,,54,70,-16
201101140SAS,RS,SAS,1770.0,,54,71,-17
201101140SAS,RS,SAS,1801.0,,54,73,-19
201101140SAS,RS,SAS,1817.0,,56,73,-17
201101140SAS,RS,SAS,1909.0,,56,75,-19
201101140SAS,RS,SAS,1931.0,,58,75,-17
201101140SAS,RS,SAS,1944.0,,58,76,-18
201101140SAS,RS,SAS,1944.0,,58,77,-19
201101140SAS,RS,SAS,1961.0,,58,79,-21
201101140SAS,RS,SAS,1978.0,,58,80,-22
201101140SAS,RS,SAS,1998.0,,60,80,-20
201101140SAS,RS,SAS,2039.0,,61,80,-19
201101140SAS,RS,SAS,2055.0,,61,83,-22
201101140SAS,RS,SAS,2096.0,,61,85,-24
201101140SAS,RS,SAS,2180.0,,63,85,-22
201101140SAS,RS,SAS,2282.0,,66,85,-19
201101140SAS,RS,SAS,2321.0,,67,85,-18
201101140SAS,RS,SAS,2337.0,,67,87,-20
201101140SAS,RS,SAS,2354.0,,70,87,-17
201101140SAS,RS,SAS,2365.0,,70,89,-19
201101140SAS,RS,SAS,2380.0,,71,89,-18
201101140SAS,RS,SAS,2393.0,,71,91,-20
201101140SAS,RS,SAS,2412.0,,74,91,-17
201101140SAS,RS,SAS,2429.0,,74,92,-18
201101140SAS,RS,SAS,2429.0,,74,93,-19
201101140SAS,RS,SAS,2513.0,,76,93,-17
201101140SAS,RS,SAS,2583.0,,76,94,-18
201101140SAS,RS,SAS,2583.0,,76,95,-19
201101140SAS,RS,SAS,2600.0,,78,95,-17
201101140SAS,RS,SAS,2619.0,,78,96,-18
201101140SAS,RS,SAS,2619.0,,78,97,-19
201101140SAS,RS,SAS,2634.0,,80,97,-17
201101140SAS,RS,SAS,2654.0,,80,99,-19
201101140SAS,RS,SAS,2707.0,,81,99,-18
201101140SAS,RS,SAS,2767.0,,83,99,-16
201101140SAS,RS,SAS,2792.0,,85,99,-14
201101140SAS,RS,SAS,2818.0,,87,99,-12
201101140SAS,RS,SAS,2845.2,,87,100,-13
201101140SAS,RS,SAS,2851.5,,89,100,-11
201101140SAS,RS,SAS,2856.6,F,89,101,-12
201101140SAS,RS,SAS,2880.0,,89,101,-12
201101150MEM,RS,MEM,0.0,,0,0,0
201101150MEM,RS,MEM,43.0,,3,0,3
201101150MEM,RS,MEM,68.0,,3,2,1
201101150MEM,RS,MEM,99.0,LC,3,4,-1
201101150MEM,RS,MEM,133.0,,3,6,-3
201101150MEM,RS,MEM,160.0,,3,8,-5
201101150MEM,RS,MEM,174.0,,4,8,-4
201101150MEM,RS,MEM,207.0,,6,8,-2
201101150MEM,RS,MEM,239.0,,6,10,-4
201101150MEM,RS,MEM,268.0,,6,12,-6
201101150MEM,RS,MEM,318.0,,6,14,-8
201101150MEM,RS,MEM,342.0,,6,16,-10
201101150MEM,RS,MEM,393.0,,6,18,-12
201101150MEM,RS,MEM,417.0,,7,18,-11
201101150MEM,RS,MEM,428.0,,7,20,-13
201101150MEM,RS,MEM,471.0,,7,22,-15
201101150MEM,RS,MEM,494.0,,8,22,-14
201101150MEM,RS,MEM,529.0,,9,22,-13
201101150MEM,RS,MEM,529.0,,10,22,-12
201101150MEM,RS,MEM,549.0,,10,24,-14
201101150MEM,RS,MEM,561.0,,13,24,-11
201101150MEM,RS,MEM,587.0,,15,24,-9
201101150MEM,RS,MEM,605.0,,17,24,-7
201101150MEM,RS,MEM,623.0,,17,25,-8
201101150MEM,RS,MEM,623.0,,17,26,-9
201101150MEM,RS,MEM,638.0,,19,26,-7
201101150MEM,RS,MEM,656.0,,19,28,-9
201101150MEM,RS,MEM,677.2,,19,29,-10
201101150MEM,RS,MEM,709.5,,19,31,-12
201101150MEM,RS,MEM,746.0,,21,31,-10
201101150MEM,RS,MEM,827.0,,22,31,-9
201101150MEM,RS,MEM,827.0,,23,31,-8
201101150MEM,RS,MEM,925.0,,23,32,-9
201101150MEM,RS,MEM,925.0,,23,33,-10
201101150MEM,RS,MEM,945.0,,25,33,-8
201101150MEM,RS,MEM,970.0,,25,35,-10
201101150MEM,RS,MEM,970.0,,25,36,-11
201101150MEM,RS,MEM,990.0,,26,36,-10
201101150MEM,RS,MEM,990.0,,27,36,-9
201101150MEM,RS,MEM,1043.0,,29,36,-7
201101150MEM,RS,MEM,1066.0,,29,38,-9
201101150MEM,RS,MEM,1130.0,,29,39,-10
201101150MEM,RS,MEM,1130.0,,29,40,-11
201101150MEM,RS,MEM,1158.0,,29,41,-12
201101150MEM,RS,MEM,1158.0,,29,42,-13
201101150MEM,RS,MEM,1171.0,,30,42,-12
201101150MEM,RS,MEM,1221.0,,30,44,-14
201101150MEM,RS,MEM,1237.0,,32,44,-12
201101150MEM,RS,MEM,1319.0,,34,44,-10
201101150MEM,RS,MEM,1354.0,,36,44,-8
201101150MEM,RS,MEM,1376.0,,36,46,-10
201101150MEM,RS,MEM,1462.0,,38,46,-8
201101150MEM,RS,MEM,1477.0,,38,48,-10
201101150MEM,RS,MEM,1544.0,,38,50,-12
201101150MEM,RS,MEM,1623.0,,41,50,-9
201101150MEM,RS,MEM,1647.0,,41,53,-12
201101150MEM,RS,MEM,1672.0,,41,54,-13
201101150MEM,RS,MEM,1672.0,,41,55,-14
201101150MEM,RS,MEM,1722.0,,41,57,-16
201101150MEM,RS,MEM,1817.0,,41,59,-18
201101150MEM,RS,MEM,1869.0,,44,59,-15
201101150MEM,RS,MEM,1890.0,,44,61,-17
201101150MEM,RS,MEM,1933.0,,44,63,-19
201101150MEM,RS,MEM,1974.0,,44,65,-21
201101150MEM,RS,MEM,2051.0,,46,65,-19
201101150MEM,RS,MEM,2083.0,,48,65,-17
201101150MEM,RS,MEM,2103.8,,48,67,-19
201101150MEM,RS,MEM,2222.0,,48,70,-22
201101150MEM,RS,MEM,2264.0,,50,70,-20
201101150MEM,RS,MEM,2295.0,,50,72,-22
201101150MEM,RS,MEM,2321.0,,52,72,-20
201101150MEM,RS,MEM,2376.0,,52,74,-22
201101150MEM,RS,MEM,2405.0,,54,74,-20
201101150MEM,RS,MEM,2422.0,,54,76,-22
201101150MEM,RS,MEM,2433.0,,55,76,-21
201101150MEM,RS,MEM,2433.0,,56,76,-20
201101150MEM,RS,MEM,2454.0,,59,76,-17
201101150MEM,RS,MEM,2513.0,,61,76,-15
201101150MEM,RS,MEM,2537.0,,61,78,-17
201101150MEM,RS,MEM,2566.0,,61,80,-19
201101150MEM,RS,MEM,2651.0,,61,82,-21
201101150MEM,RS,MEM,2672.0,,61,83,-22
201101150MEM,RS,MEM,2672.0,,61,84,-23
201101150MEM,RS,MEM,2692.0,,64,84,-20
201101150MEM,RS,MEM,2716.0,,64,86,-22
201101150MEM,RS,MEM,2731.0,,66,86,-20
201101150MEM,RS,MEM,2808.0,,66,89,-23
201101150MEM,RS,MEM,2813.0,,67,89,-22
201101150MEM,RS,MEM,2813.0,,68,89,-21
201101150MEM,RS,MEM,2867.2,,69,89,-20
201101150MEM,RS,MEM,2867.2,F,70,89,-19
201101150MEM,RS,MEM,2880.0,,70,89,-19
201101170DET,RS,DET,0.0,,0,0,0
201101170DET,RS,DET,39.0,,0,2,-2
201101170DET,RS,DET,59.0,,1,2,-1
201101170DET,RS,DET,59.0,T,2,2,0
201101170DET,RS,DET,116.0,,2,4,-2
201101170DET,RS,DET,156.0,,2,6,-4
201101170DET,RS,DET,191.0,,4,6,-2
201101170DET,RS,DET,239.0,T,6,6,0
201101170DET,RS,DET,268.0,LC,8,6,2
201101170DET,RS,DET,288.0,,8,7,1
201101170DET,RS,DET,326.0,LC,8,9,-1
201101170DET,RS,DET,351.0,,8,10,-2
201101170DET,RS,DET,370.0,LC,11,10,1
201101170DET,RS,DET,382.0,T,11,11,0
201101170DET,RS,DET,382.0,LC,11,12,-1
201101170DET,RS,DET,395.0,LC,13,12,1
201101170DET,RS,DET,421.0,LC,13,14,-1
201101170DET,RS,DET,463.0,LC,15,14,1
201101170DET,RS,DET,553.0,,17,14,3
201101170DET,RS,DET,641.0,T,17,17,0
201101170DET,RS,DET,704.8,LC,17,19,-2
201101170DET,RS,DET,718.0,,18,19,-1
201101170DET,RS,DET,718.0,,18,20,-2
201101170DET,RS,DET,718.0,,18,21,-3
201101170DET,RS,DET,754.0,,18,23,-5
201101170DET,RS,DET,783.0,,18,25,-7
201101170DET,RS,DET,844.0,,20,25,-5
201101170DET,RS,DET,861.0,,22,25,-3
201101170DET,RS,DET,885.0,,22,26,-4
201101170DET,RS,DET,901.0,,23,26,-3
201101170DET,RS,DET,901.0,,24,26,-2
201101170DET,RS,DET,953.0,T,26,26,0
201101170DET,RS,DET,1069.0,,26,27,-1
201101170DET,RS,DET,1069.0,,26,28,-2
201101170DET,RS,DET,1081.0,T,28,28,0
201101170DET,RS,DET,1110.0,,28,30,-2
201101170DET,RS,DET,1119.0,,28,32,-4
201101170DET,RS,DET,1193.0,,28,33,-5
201101170DET,RS,DET,1193.0,,28,34,-6
201101170DET,RS,DET,1227.0,,28,36,-8
201101170DET,RS,DET,1264.0,,28,37,-9
201101170DET,RS,DET,1275.0,,28,39,-11
201101170DET,RS,DET,1297.0,,29,39,-10
201101170DET,RS,DET,1297.0,,30,39,-9
201101170DET,RS,DET,1346.0,,30,41,-11
201101170DET,RS,DET,1374.0,,33,41,-8
201101170DET,RS,DET,1400.3,,34,41,-7
201101170DET,RS,DET,1400.3,,35,41,-6
201101170DET,RS,DET,1439.5,,37,41,-4
201101170DET,RS,DET,1457.0,,37,43,-6
201101170DET,RS,DET,1551.0,,39,43,-4
201101170DET,RS,DET,1575.0,,39,45,-6
201101170DET,RS,DET,1609.0,,39,47,-8
201101170DET,RS,DET,1651.0,,39,49,-10
201101170DET,RS,DET,1674.0,,41,49,-8
201101170DET,RS,DET,1674.0,,42,49,-7
201101170DET,RS,DET,1707.0,,42,51,-9
201101170DET,RS,DET,1744.0,,44,51,-7
201101170DET,RS,DET,1764.0,,44,53,-9
201101170DET,RS,DET,1784.0,,47,53,-6
201101170DET,RS,DET,1810.0,,47,55,-8
201101170DET,RS,DET,1827.0,,47,57,-10
201101170DET,RS,DET,1854.0,,49,57,-8
201101170DET,RS,DET,1875.0,,49,59,-10
201101170DET,RS,DET,1898.0,,52,59,-7
201101170DET,RS,DET,1909.0,,52,61,-9
201101170DET,RS,DET,1926.0,,52,63,-11
201101170DET,RS,DET,1958.0,,52,65,-13
201101170DET,RS,DET,1958.0,,52,66,-14
201101170DET,RS,DET,1971.0,,53,66,-13
201101170DET,RS,DET,1971.0,,54,66,-12
201101170DET,RS,DET,1987.0,,54,68,-14
201101170DET,RS,DET,2021.0,,54,70,-16
201101170DET,RS,DET,2039.0,,57,70,-13
201101170DET,RS,DET,2057.0,,57,72,-15
201101170DET,RS,DET,2077.0,,59,72,-13
201101170DET,RS,DET,2099.0,,59,75,-16
201101170DET,RS,DET,2114.9,,62,75,-13
201101170DET,RS,DET,2184.0,,65,75,-10
201101170DET,RS,DET,2203.0,,65,77,-12
201101170DET,RS,DET,2220.0,,65,79,-14
201101170DET,RS,DET,2237.0,,67,79,-12
201101170DET,RS,DET,2260.0,,67,81,-14
201101170DET,RS,DET,2293.0,,67,84,-17
201101170DET,RS,DET,2311.0,,69,84,-15
201101170DET,RS,DET,2355.0,,69,87,-18
201101170DET,RS,DET,2373.0,,71,87,-16
201101170DET,RS,DET,2401.0,,71,89,-18
201101170DET,RS,DET,2411.0,,73,89,-16
201101170DET,RS,DET,2429.0,,73,91,-18
201101170DET,RS,DET,2446.0,,75,91,-16
201101170DET,RS,DET,2470.0,,75,92,-17
201101170DET,RS,DET,2470.0,,75,93,-18
201101170DET,RS,DET,2491.0,,75,95,-20
201101170DET,RS,DET,2515.0,,77,95,-18
201101170DET,RS,DET,2570.0,,79,95,-16
201101170DET,RS,DET,2604.0,,81,95,-14
201101170DET,RS,DET,2632.0,,81,97,-16
201101170DET,RS,DET,2678.0,,81,99,-18
201101170DET,RS,DET,2696.0,,84,99,-15
201101170DET,RS,DET,2718.0,,84,101,-17
201101170DET,RS,DET,2763.0,,87,101,-14
201101170DET,RS,DET,2782.0,,87,103,-16
201101170DET,RS,DET,2797.0,F,89,103,-14
201101170DET,RS,DET,2880.0,,89,103,-14
201101190DAL,RS,LAL,0.0,,0,0,0
201101190DAL,RS,LAL,33.0,,2,0,2
201101190DAL,RS,LAL,80.0,,4,0,4
201101190DAL,RS,LAL,100.0,,4,3,1
201101190DAL,RS,LAL,148.0,LC,4,5,-1
201101190DAL,RS,LAL,217.0,LC,6,5,1
201101190DAL,RS,LAL,233.0,LC,6,7,-1
201101190DAL,RS,LAL,273.0,LC,8,7,1
201101190DAL,RS,LAL,292.0,LC,8,9,-1
201101190DAL,RS,LAL,346.0,,8,11,-3
201101190DAL,RS,LAL,364.0,,8,13,-5
201101190DAL,RS,LAL,418.0,,10,13,-3
201101190DAL,RS,LAL,461.0,,12,13,-1
201101190DAL,RS,LAL,493.0,,12,15,-3
201101190DAL,RS,LAL,509.0,,13,15,-2
201101190DAL,RS,LAL,525.0,,13,16,-3
201101190DAL,RS,LAL,525.0,,13,17,-4
201101190DAL,RS,LAL,540.0,,16,17,-1
201101190DAL,RS,LAL,562.0,,16,19,-3
201101190DAL,RS,LAL,587.0,,16,21,-5
201101190DAL,RS,LAL,619.0,,16,24,-8
201101190DAL,RS,LAL,636.0,,19,24,-5
201101190DAL,RS,LAL,662.1,,19,26,-7
201101190DAL,RS,LAL,675.1,,21,26,-5
201101190DAL,RS,LAL,683.1,,21,28,-7
201101190DAL,RS,LAL,697.9,,23,28,-5
201101190DAL,RS,LAL,716.1,,23,31,-8
201101190DAL,RS,LAL,746.0,,25,31,-6
201101190DAL,RS,LAL,785.0,,26,31,-5
201101190DAL,RS,LAL,803.0,,26,33,-7
201101190DAL,RS,LAL,814.0,,27,33,-6
201101190DAL,RS,LAL,836.0,,30,33,-3
201101190DAL,RS,LAL,898.0,,30,35,-5
201101190DAL,RS,LAL,929.0,,33,35,-2
201101190DAL,RS,LAL,945.0,,33,37,-4
201101190DAL,RS,LAL,993.0,,33,39,-6
201101190DAL,RS,LAL,1029.0,,33,41,-8
201101190DAL,RS,LAL,1052.0,,35,41,-6
201101190DAL,RS,LAL,1069.0,,35,43,-8
201101190DAL,RS,LAL,1098.0,,35,45,-10
201101190DAL,RS,LAL,1110.0,,37,45,-8
201101190DAL,RS,LAL,1132.0,,37,47,-10
201101190DAL,RS,LAL,1156.0,,40,47,-7
201101190DAL,RS,LAL,1182.0,,40,49,-9
201101190DAL,RS,LAL,1203.0,,43,49,-6
201101190DAL,RS,LAL,1243.0,,44,49,-5
201101190DAL,RS,LAL,1243.0,,45,49,-4
201101190DAL,RS,LAL,1265.0,,48,49,-1
201101190DAL,RS,LAL,1292.0,LC,50,49,1
201101190DAL,RS,LAL,1339.0,LC,50,51,-1
201101190DAL,RS,LAL,1380.0,,50,53,-3
201101190DAL,RS,LAL,1402.3,,50,55,-5
201101190DAL,RS,LAL,1402.3,,50,56,-6
201101190DAL,RS,LAL,1411.2,,52,56,-4
201101190DAL,RS,LAL,1456.0,,54,56,-2
201101190DAL,RS,LAL,1520.0,,54,58,-4
201101190DAL,RS,LAL,1581.0,,54,60,-6
201101190DAL,RS,LAL,1625.0,,54,62,-8
201101190DAL,RS,LAL,1700.0,,57,62,-5
201101190DAL,RS,LAL,1713.0,,57,64,-7
201101190DAL,RS,LAL,1736.0,,59,64,-5
201101190DAL,RS,LAL,1809.0,,61,64,-3
201101190DAL,RS,LAL,1833.0,,62,64,-2
201101190DAL,RS,LAL,1833.0,,63,64,-1
201101190DAL,RS,LAL,1847.0,,63,66,-3
201101190DAL,RS,LAL,1861.0,,65,66,-1
201101190DAL,RS,LAL,1887.0,,65,69,-4
201101190DAL,RS,LAL,1902.0,,67,69,-2
201101190DAL,RS,LAL,1927.0,LC,70,69,1
201101190DAL,RS,LAL,1992.0,,72,69,3
201101190DAL,RS,LAL,2014.0,,72,71,1
201101190DAL,RS,LAL,2036.0,,74,71,3
201101190DAL,RS,LAL,2063.0,,76,71,5
201101190DAL,RS,LAL,2098.0,,79,71,8
201101190DAL,RS,LAL,2128.2,,82,71,11
201101190DAL,RS,LAL,2142.2,,82,73,9
201101190DAL,RS,LAL,2217.0,,82,75,7
201101190DAL,RS,LAL,2237.0,,84,75,9
201101190DAL,RS,LAL,2263.0,,84,77,7
201101190DAL,RS,LAL,2278.0,,86,77,9
201101190DAL,RS,LAL,2312.0,,88,77,11
201101190DAL,RS,LAL,2335.0,,90,77,13
201101190DAL,RS,LAL,2357.0,,90,79,11
201101190DAL,RS,LAL,2414.0,,90,81,9
201101190DAL,RS,LAL,2436.0,,92,81,11
201101190DAL,RS,LAL,2472.0,,94,81,13
201101190DAL,RS,LAL,2510.0,,97,81,16
201101190DAL,RS,LAL,2534.0,,97,84,13
201101190DAL,RS,LAL,2534.0,,97,85,12
201101190DAL,RS,LAL,2561.0,,97,87,10
201101190DAL,RS,LAL,2580.0,,99,87,12
201101190DAL,RS,LAL,2597.0,,99,88,11
201101190DAL,RS,LAL,2619.0,,99,90,9
201101190DAL,RS,LAL,2619.0,,99,91,8
201101190DAL,RS,LAL,2641.0,,101,91,10
201101190DAL,RS,LAL,2686.0,,103,91,12
201101190DAL,RS,LAL,2686.0,,104,91,13
201101190DAL,RS,LAL,2776.0,,106,91,15
201101190DAL,RS,LAL,2785.0,,106,93,13
201101190DAL,RS,LAL,2812.0,,106,96,10
201101190DAL,RS,LAL,2835.3,,108,96,12
201101190DAL,RS,LAL,2841.4,,108,98,10
201101190DAL,RS,LAL,2846.4,,109,98,11
201101190DAL,RS,LAL,2863.9,F,109,100,9
201101190DAL,RS,LAL,2880.0,,109,100,9
201101200CHI,RS,CHI,0.0,,0,0,0
201101200CHI,RS,CHI,55.0,,0,2,-2
201101200CHI,RS,CHI,111.0,T,2,2,0
201101200CHI,RS,CHI,157.0,,2,5,-3
201101200CHI,RS,CHI,184.0,,2,7,-5
201101200CHI,RS,CHI,184.0,,2,8,-6
201101200CHI,RS,CHI,241.0,,4,8,-4
201101200CHI,RS,CHI,304.0,,4,10,-6
201101200CHI,RS,CHI,330.0,,5,10,-5
201101200CHI,RS,CHI,330.0,,6,10,-4
201101200CHI,RS,CHI,347.0,,6,12,-6
201101200CHI,RS,CHI,393.0,,8,12,-4
201101200CHI,RS,CHI,419.0,,10,12,-2
201101200CHI,RS,CHI,450.0,T,12,12,0
201101200CHI,RS,CHI,468.0,LC,15,12,3
201101200CHI,RS,CHI,486.0,T,15,15,0
201101200CHI,RS,CHI,518.0,LC,15,17,-2
201101200CHI,RS,CHI,537.0,LC,18,17,1
201101200CHI,RS,CHI,550.0,LC,18,19,-1
201101200CHI,RS,CHI,575.0,T,19,19,0
201101200CHI,RS,CHI,608.0,LC,20,19,1
201101200CHI,RS,CHI,769.0,LC,20,21,-1
201101200CHI,RS,CHI,848.0,T,21,21,0
201101200CHI,RS,CHI,848.0,LC,22,21,1
201101200CHI,RS,CHI,891.0,LC,22,23,-1
201101200CHI,RS,CHI,949.0,,22,24,-2
201101200CHI,RS,CHI,996.0,T,24,24,0
201101200CHI,RS,CHI,1053.0,LC,25,24,1
201101200CHI,RS,CHI,1053.0,,26,24,2
201101200CHI,RS,CHI,1065.0,T,26,26,0
201101200CHI,RS,CHI,1082.0,,28,26,2
201101200CHI,RS,CHI,1101.0,T,28,28,0
201101200CHI,RS,CHI,1124.0,,30,28,2
201101200CHI,RS,CHI,1169.0,T,30,30,0
201101200CHI,RS,CHI,1218.0,LC,30,32,-2
201101200CHI,RS,CHI,1246.0,LC,33,32,1
201101200CHI,RS,CHI,1258.0,T,33,33,0
201101200CHI,RS,CHI,1258.0,LC,33,34,-1
201101200CHI,RS,CHI,1323.0,,33,36,-3
201101200CHI,RS,CHI,1355.0,,33,39,-6
201101200CHI,RS,CHI,1377.0,,34,39,-5
201101200CHI,RS,CHI,1377.0,,35,39,-4
201101200CHI,RS,CHI,1410.5,,35,41,-6
201101200CHI,RS,CHI,1438.7,,35,44,-9
201101200CHI,RS,CHI,1479.0,,37,44,-7
201101200CHI,RS,CHI,1545.0,,39,44,-5
201101200CHI,RS,CHI,1567.0,,39,45,-6
201101200CHI,RS,CHI,1587.0,,42,45,-3
201101200CHI,RS,CHI,1640.0,,42,48,-6
201101200CHI,RS,CHI,1661.0,,45,48,-3
201101200CHI,RS,CHI,1708.0,,47,48,-1
201101200CHI,RS,CHI,1748.0,LC,50,48,2
201101200CHI,RS,CHI,1769.0,T,50,50,0
201101200CHI,RS,CHI,1819.0,,51,50,1
201101200CHI,RS,CHI,1819.0,,52,50,2
201101200CHI,RS,CHI,1819.0,,53,50,3
201101200CHI,RS,CHI,1831.0,,53,51,2
201101200CHI,RS,CHI,1831.0,,53,52,1
201101200CHI,RS,CHI,1844.0,,55,52,3
201101200CHI,RS,CHI,1889.0,,55,53,2
201101200CHI,RS,CHI,1889.0,,55,54,1
201101200CHI,RS,CHI,1960.0,LC,55,56,-1
201101200CHI,RS,CHI,2030.0,LC,58,56,2
201101200CHI,RS,CHI,2136.6,,60,56,4
201101200CHI,RS,CHI,2208.0,,60,58,2
201101200CHI,RS,CHI,2223.0,,62,58,4
201101200CHI,RS,CHI,2240.0,,62,59,3
201101200CHI,RS,CHI,2240.0,,62,60,2
201101200CHI,RS,CHI,2258.0,,63,60,3
201101200CHI,RS,CHI,2276.0,,63,62,1
201101200CHI,RS,CHI,2295.0,,65,62,3
201101200CHI,RS,CHI,2295.0,,66,62,4
201101200CHI,RS,CHI,2316.0,,66,64,2
201101200CHI,RS,CHI,2346.0,T,66,66,0
201101200CHI,RS,CHI,2386.0,LC,66,69,-3
201101200CHI,RS,CHI,2434.0,,68,69,-1
201101200CHI,RS,CHI,2460.0,,68,72,-4
201101200CHI,RS,CHI,2520.0,,70,72,-2
201101200CHI,RS,CHI,2564.0,,70,74,-4
201101200CHI,RS,CHI,2575.0,,71,74,-3
201101200CHI,RS,CHI,2593.0,,71,76,-5
201101200CHI,RS,CHI,2650.0,,73,76,-3
201101200CHI,RS,CHI,2669.0,,73,78,-5
201101200CHI,RS,CHI,2681.0,,74,78,-4
201101200CHI,RS,CHI,2681.0,,75,78,-3
201101200CHI,RS,CHI,2746.0,,77,78,-1
201101200CHI,RS,CHI,2825.0,,77,80,-3
201101200CHI,RS,CHI,2874.5,,77,81,-4
201101200CHI,RS,CHI,2874.5,F,77,82,-5
201101200CHI,RS,CHI,2880.0,,77,82,-5
201101220NJN,RS,NJN,0.0,,0,0,0
201101220NJN,RS,NJN,16.0,,0,2,-2
201101220NJN,RS,NJN,44.0,T,2,2,0
201101220NJN,RS,NJN,80.0,LC,4,2,2
201101220NJN,RS,NJN,112.0,,6,2,4
201101220NJN,RS,NJN,127.0,,6,3,3
201101220NJN,RS,NJN,127.0,,6,4,2
201101220NJN,RS,NJN,162.0,T,6,6,0
201101220NJN,RS,NJN,162.0,LC,6,7,-1
201101220NJN,RS,NJN,176.0,LC,8,7,1
201101220NJN,RS,NJN,211.0,LC,8,9,-1
201101220NJN,RS,NJN,237.0,LC,11,9,2
201101220NJN,RS,NJN,276.0,T,11,11,0
201101220NJN,RS,NJN,289.0,,13,11,2
201101220NJN,RS,NJN,308.0,T,13,13,0
201101220NJN,RS,NJN,342.0,,16,13,3
201101220NJN,RS,NJN,403.0,,16,15,1
201101220NJN,RS,NJN,423.0,,18,15,3
201101220NJN,RS,NJN,447.0,,18,17,1
201101220NJN,RS,NJN,461.0,,20,17,3
201101220NJN,RS,NJN,478.0,,20,19,1
201101220NJN,RS,NJN,513.0,LC,20,22,-2
201101220NJN,RS,NJN,657.0,,20,24,-4
201101220NJN,RS,NJN,710.0,,20,26,-6
201101220NJN,RS,NJN,719.4,,21,26,-5
201101220NJN,RS,NJN,719.4,,22,26,-4
201101220NJN,RS,NJN,774.0,,24,26,-2
201101220NJN,RS,NJN,831.0,,24,28,-4
201101220NJN,RS,NJN,889.0,,24,31,-7
201101220NJN,RS,NJN,917.0,,24,33,-9
201101220NJN,RS,NJN,932.0,,26,33,-7
201101220NJN,RS,NJN,951.0,,26,35,-9
201101220NJN,RS,NJN,964.0,,28,35,-7
201101220NJN,RS,NJN,1021.0,,29,35,-6
201101220NJN,RS,NJN,1021.0,,30,35,-5
201101220NJN,RS,NJN,1041.0,,30,37,-7
201101220NJN,RS,NJN,1061.0,,32,37,-5
201101220NJN,RS,NJN,1075.0,,32,38,-6
201101220NJN,RS,NJN,1075.0,,32,39,-7
201101220NJN,RS,NJN,1096.0,,35,39,-4
201101220NJN,RS,NJN,1178.0,,36,39,-3
201101220NJN,RS,NJN,1178.0,,37,39,-2
201101220NJN,RS,NJN,1201.0,,37,41,-4
201101220NJN,RS,NJN,1231.0,,37,43,-6
201101220NJN,RS,NJN,1268.0,,37,45,-8
201101220NJN,RS,NJN,1285.0,,38,45,-7
201101220NJN,RS,NJN,1285.0,,39,45,-6
201101220NJN,RS,NJN,1307.0,,40,45,-5
201101220NJN,RS,NJN,1307.0,,41,45,-4
201101220NJN,RS,NJN,1358.0,,42,45,-3
201101220NJN,RS,NJN,1358.0,,43,45,-2
201101220NJN,RS,NJN,1394.8,LC,46,45,1
201101220NJN,RS,NJN,1408.7,,47,45,2
201101220NJN,RS,NJN,1408.7,,48,45,3
201101220NJN,RS,NJN,1454.0,,49,45,4
201101220NJN,RS,NJN,1470.0,,49,47,2
201101220NJN,RS,NJN,1597.0,,49,48,1
201101220NJN,RS,NJN,1597.0,T,49,49,0
201101220NJN,RS,NJN,1612.0,,52,49,3
201101220NJN,RS,NJN,1612.0,,53,49,4
201101220NJN,RS,NJN,1664.0,,53,51,2
201101220NJN,RS,NJN,1689.0,,55,51,4
201101220NJN,RS,NJN,1721.0,,58,51,7
201101220NJN,RS,NJN,1771.0,,58,53,5
201101220NJN,RS,NJN,1799.0,,58,55,3
201101220NJN,RS,NJN,1837.0,,58,57,1
201101220NJN,RS,NJN,1857.0,T,58,58,0
201101220NJN,RS,NJN,1857.0,LC,58,59,-1
201101220NJN,RS,NJN,1943.0,T,59,59,0
201101220NJN,RS,NJN,1943.0,LC,60,59,1
201101220NJN,RS,NJN,1959.0,T,60,60,0
201101220NJN,RS,NJN,1959.0,LC,60,61,-1
201101220NJN,RS,NJN,1995.0,T,61,61,0
201101220NJN,RS,NJN,1995.0,LC,62,61,1
201101220NJN,RS,NJN,2013.0,T,62,62,0
201101220NJN,RS,NJN,2055.0,LC,62,65,-3
201101220NJN,RS,NJN,2070.0,,63,65,-2
201101220NJN,RS,NJN,2070.0,,64,65,-1
201101220NJN,RS,NJN,2084.0,,64,67,-3
201101220NJN,RS,NJN,2084.0,,64,68,-4
201101220NJN,RS,NJN,2104.3,,66,68,-2
201101220NJN,RS,NJN,2131.1,T,68,68,0
201101220NJN,RS,NJN,2199.0,LC,69,68,1
201101220NJN,RS,NJN,2199.0,,70,68,2
201101220NJN,RS,NJN,2306.0,,73,68,5
201101220NJN,RS,NJN,2340.0,,74,68,6
201101220NJN,RS,NJN,2340.0,,75,68,7
201101220NJN,RS,NJN,2364.0,,75,71,4
201101220NJN,RS,NJN,2432.0,,78,71,7
201101220NJN,RS,NJN,2452.0,,78,73,5
201101220NJN,RS,NJN,2484.0,,78,75,3
201101220NJN,RS,NJN,2505.0,,80,75,5
201101220NJN,RS,NJN,2596.0,,82,75,7
201101220NJN,RS,NJN,2612.0,,82,77,5
201101220NJN,RS,NJN,2634.0,,82,78,4
201101220NJN,RS,NJN,2681.0,,82,80,2
201101220NJN,RS,NJN,2726.0,LC,82,83,-1
201101220NJN,RS,NJN,2771.0,LC,84,83,1
201101220NJN,RS,NJN,2788.0,T,84,84,0
201101220NJN,RS,NJN,2788.0,LC,84,85,-1
201101220NJN,RS,NJN,2828.1,,84,86,-2
201101220NJN,RS,NJN,2844.8,,85,86,-1
201101220NJN,RS,NJN,2874.0,F,87,86,1
201101220NJN,RS,NJN,2880.0,,87,86,1
201101250DAL,RS,LAC,0.0,,0,0,0
201101250DAL,RS,LAC,35.0,,0,2,-2
201101250DAL,RS,LAC,73.0,,0,5,-5
201101250DAL,RS,LAC,89.0,,1,5,-4
201101250DAL,RS,LAC,89.0,,2,5,-3
201101250DAL,RS,LAC,129.0,,2,6,-4
201101250DAL,RS,LAC,160.0,,2,9,-7
201101250DAL,RS,LAC,174.0,,4,9,-5
201101250DAL,RS,LAC,206.0,,4,11,-7
201101250DAL,RS,LAC,239.0,,4,13,-9
201101250DAL,RS,LAC,256.0,,6,13,-7
201101250DAL,RS,LAC,274.0,,6,15,-9
201101250DAL,RS,LAC,296.0,,7,15,-8
201101250DAL,RS,LAC,296.0,,8,15,-7
201101250DAL,RS,LAC,322.0,,8,17,-9
201101250DAL,RS,LAC,351.0,,8,19,-11
201101250DAL,RS,LAC,372.0,,10,19,-9
201101250DAL,RS,LAC,382.0,,10,20,-10
201101250DAL,RS,LAC,382.0,,10,21,-11
201101250DAL,RS,LAC,395.0,,12,21,-9
201101250DAL,RS,LAC,437.0,,13,21,-8
201101250DAL,RS,LAC,437.0,,14,21,-7
201101250DAL,RS,LAC,463.0,,14,24,-10
201101250DAL,RS,LAC,474.0,,15,24,-9
201101250DAL,RS,LAC,474.0,,16,24,-8
201101250DAL,RS,LAC,489.0,,16,26,-10
201101250DAL,RS,LAC,512.0,,16,27,-11
201101250DAL,RS,LAC,512.0,,16,28,-12
201101250DAL,RS,LAC,526.0,,18,28,-10
201101250DAL,RS,LAC,541.0,,18,30,-12
201101250DAL,RS,LAC,578.0,,20,30,-10
201101250DAL,RS,LAC,603.0,,21,30,-9
201101250DAL,RS,LAC,603.0,,22,30,-8
201101250DAL,RS,LAC,616.0,,23,30,-7
201101250DAL,RS,LAC,636.0,,23,31,-8
201101250DAL,RS,LAC,665.1,,23,33,-10
201101250DAL,RS,LAC,697.2,,25,33,-8
201101250DAL,RS,LAC,733.0,,25,35,-10
201101250DAL,RS,LAC,770.0,,25,38,-13
201101250DAL,RS,LAC,813.0,,25,39,-14
201101250DAL,RS,LAC,813.0,,25,40,-15
201101250DAL,RS,LAC,838.0,,26,40,-14
201101250DAL,RS,LAC,838.0,,27,40,-13
201101250DAL,RS,LAC,853.0,,27,42,-15
201101250DAL,RS,LAC,862.0,,29,42,-13
201101250DAL,RS,LAC,924.0,,30,42,-12
201101250DAL,RS,LAC,924.0,,31,42,-11
201101250DAL,RS,LAC,940.0,,31,45,-14
201101250DAL,RS,LAC,955.0,,34,45,-11
201101250DAL,RS,LAC,982.0,,34,47,-13
201101250DAL,RS,LAC,1013.0,,35,47,-12
201101250DAL,RS,LAC,1013.0,,36,47,-11
201101250DAL,RS,LAC,1026.0,,36,48,-12
201101250DAL,RS,LAC,1036.0,,38,48,-10
201101250DAL,RS,LAC,1044.0,,38,50,-12
201101250DAL,RS,LAC,1133.0,,40,50,-10
201101250DAL,RS,LAC,1204.0,,43,50,-7
201101250DAL,RS,LAC,1216.0,,43,52,-9
201101250DAL,RS,LAC,1246.0,,44,52,-8
201101250DAL,RS,LAC,1272.0,,45,52,-7
201101250DAL,RS,LAC,1272.0,,46,52,-6
201101250DAL,RS,LAC,1282.0,,46,53,-7
201101250DAL,RS,LAC,1293.0,,46,55,-9
201101250DAL,RS,LAC,1311.0,,48,55,-7
201101250DAL,RS,LAC,1336.0,,48,57,-9
201101250DAL,RS,LAC,1352.0,,49,57,-8
201101250DAL,RS,LAC,1352.0,,50,57,-7
201101250DAL,RS,LAC,1364.0,,50,60,-10
201101250DAL,RS,LAC,1380.0,,52,60,-8
201101250DAL,RS,LAC,1427.1,,54,60,-6
201101250DAL,RS,LAC,1439.1,,54,62,-8
201101250DAL,RS,LAC,1462.0,,54,64,-10
201101250DAL,RS,LAC,1506.0,,56,64,-8
201101250DAL,RS,LAC,1529.0,,56,66,-10
201101250DAL,RS,LAC,1546.0,,58,66,-8
201101250DAL,RS,LAC,1570.0,,58,69,-11
201101250DAL,RS,LAC,1621.0,,60,69,-9
201101250DAL,RS,LAC,1668.0,,62,69,-7
201101250DAL,RS,LAC,1668.0,,63,69,-6
201101250DAL,RS,LAC,1721.0,,63,70,-7
201101250DAL,RS,LAC,1762.0,,64,70,-6
201101250DAL,RS,LAC,1762.0,,65,70,-5
201101250DAL,RS,LAC,1783.0,,65,72,-7
201101250DAL,RS,LAC,1800.0,,68,72,-4
201101250DAL,RS,LAC,1827.0,,71,72,-1
201101250DAL,RS,LAC,1855.0,,71,75,-4
201101250DAL,RS,LAC,1958.0,,73,75,-2
201101250DAL,RS,LAC,1989.0,,74,75,-1
201101250DAL,RS,LAC,2061.0,LC,76,75,1
201101250DAL,RS,LAC,2100.1,,79,75,4
201101250DAL,RS,LAC,2117.5,,79,76,3
201101250DAL,RS,LAC,2126.1,,81,76,5
201101250DAL,RS,LAC,2150.2,,81,78,3
201101250DAL,RS,LAC,2190.0,,84,78,6
201101250DAL,RS,LAC,2210.0,,84,80,4
201101250DAL,RS,LAC,2210.0,,84,81,3
201101250DAL,RS,LAC,2233.0,,86,81,5
201101250DAL,RS,LAC,2270.0,,89,81,8
201101250DAL,RS,LAC,2285.0,,89,83,6
201101250DAL,RS,LAC,2317.0,,89,85,4
201101250DAL,RS,LAC,2317.0,,89,86,3
201101250DAL,RS,LAC,2329.0,,90,86,4
201101250DAL,RS,LAC,2329.0,,91,86,5
201101250DAL,RS,LAC,2352.0,,93,86,7
201101250DAL,RS,LAC,2389.0,,95,86,9
201101250DAL,RS,LAC,2435.0,,98,86,12
201101250DAL,RS,LAC,2464.0,,100,86,14
201101250DAL,RS,LAC,2487.0,,103,86,17
201101250DAL,RS,LAC,2511.0,,103,87,16
201101250DAL,RS,LAC,2523.0,,103,89,14
201101250DAL,RS,LAC,2594.0,,105,89,16
201101250DAL,RS,LAC,2609.0,,105,90,15
201101250DAL,RS,LAC,2609.0,,105,91,14
201101250DAL,RS,LAC,2649.0,,105,94,11
201101250DAL,RS,LAC,2671.0,,107,94,13
201101250DAL,RS,LAC,2715.0,,107,97,10
201101250DAL,RS,LAC,2736.0,,109,97,12
201101250DAL,RS,LAC,2760.0,,109,99,10
201101250DAL,RS,LAC,2794.0,,109,101,8
201101250DAL,RS,LAC,2830.1,,109,103,6
201101250DAL,RS,LAC,2849.1,,112,103,9
201101250DAL,RS,LAC,2856.1,F,112,105,7
201101250DAL,RS,LAC,2880.0,,112,105,7
201101270DAL,RS,HOU,0.0,,0,0,0
201101270DAL,RS,HOU,13.0,,2,0,2
201101270DAL,RS,HOU,69.0,,4,0,4
201101270DAL,RS,HOU,93.0,,4,2,2
201101270DAL,RS,HOU,131.0,,4,3,1
201101270DAL,RS,HOU,131.0,T,4,4,0
201101270DAL,RS,HOU,145.0,,7,4,3
201101270DAL,RS,HOU,167.0,,9,4,5
201101270DAL,RS,HOU,208.0,,9,6,3
201101270DAL,RS,HOU,217.0,,10,6,4
201101270DAL,RS,HOU,217.0,,11,6,5
201101270DAL,RS,HOU,273.0,,11,8,3
201101270DAL,RS,HOU,327.0,,13,8,5
201101270DAL,RS,HOU,352.0,,15,8,7
201101270DAL,RS,HOU,409.0,,17,8,9
201101270DAL,RS,HOU,432.0,,19,8,11
201101270DAL,RS,HOU,450.0,,19,10,9
201101270DAL,RS,HOU,467.0,,22,10,12
201101270DAL,RS,HOU,484.0,,23,10,13
201101270DAL,RS,HOU,484.0,,24,10,14
201101270DAL,RS,HOU,503.0,,26,10,16
201101270DAL,RS,HOU,526.0,,28,10,18
201101270DAL,RS,HOU,564.0,,28,12,16
201101270DAL,RS,HOU,609.0,,29,12,17
201101270DAL,RS,HOU,609.0,,30,12,18
201101270DAL,RS,HOU,636.0,,33,12,21
201101270DAL,RS,HOU,684.1,,33,15,18
201101270DAL,RS,HOU,737.0,,33,17,16
201101270DAL,RS,HOU,757.0,,35,17,18
201101270DAL,RS,HOU,796.0,,37,17,20
201101270DAL,RS,HOU,830.0,,39,17,22
201101270DAL,RS,HOU,830.0,,40,17,23
201101270DAL,RS,HOU,869.0,,40,20,20
201101270DAL,RS,HOU,911.0,,43,20,23
201101270DAL,RS,HOU,930.0,,45,20,25
201101270DAL,RS,HOU,1012.0,,45,22,23
201101270DAL,RS,HOU,1065.0,,47,22,25
201101270DAL,RS,HOU,1078.0,,47,23,24
201101270DAL,RS,HOU,1104.0,,47,25,22
201101270DAL,RS,HOU,1116.0,,47,27,20
201101270DAL,RS,HOU,1139.0,,49,27,22
201101270DAL,RS,HOU,1146.0,,49,28,21
201101270DAL,RS,HOU,1146.0,,49,29,20
201101270DAL,RS,HOU,1168.0,,49,32,17
201101270DAL,RS,HOU,1182.0,,51,32,19
201101270DAL,RS,HOU,1200.0,,51,33,18
201101270DAL,RS,HOU,1238.0,,53,33,20
201101270DAL,RS,HOU,1251.0,,53,35,18
201101270DAL,RS,HOU,1265.0,,56,35,21
201101270DAL,RS,HOU,1276.0,,56,36,20
201101270DAL,RS,HOU,1308.0,,56,37,19
201101270DAL,RS,HOU,1308.0,,56,38,18
201101270DAL,RS,HOU,1330.0,,58,38,20
201101270DAL,RS,HOU,1351.0,,58,40,18
201101270DAL,RS,HOU,1370.0,,60,40,20
201101270DAL,RS,HOU,1383.9,,60,41,19
201101270DAL,RS,HOU,1383.9,,60,42,18
201101270DAL,RS,HOU,1406.1,,62,42,20
201101270DAL,RS,HOU,1413.1,,62,44,18
201101270DAL,RS,HOU,1434.1,,64,44,20
201101270DAL,RS,HOU,1439.4,,64,45,19
201101270DAL,RS,HOU,1439.4,,64,46,18
201101270DAL,RS,HOU,1439.4,,64,47,17
201101270DAL,RS,HOU,1454.0,,64,49,15
201101270DAL,RS,HOU,1475.0,,65,49,16
201101270DAL,RS,HOU,1475.0,,66,49,17
201101270DAL,RS,HOU,1518.0,,68,49,19
201101270DAL,RS,HOU,1539.0,,71,49,22
201101270DAL,RS,HOU,1555.0,,71,51,20
201101270DAL,RS,HOU,1594.0,,71,54,17
201101270DAL,RS,HOU,1628.0,,71,56,15
201101270DAL,RS,HOU,1643.0,,73,56,17
201101270DAL,RS,HOU,1658.0,,73,57,16
201101270DAL,RS,HOU,1658.0,,73,58,15
201101270DAL,RS,HOU,1679.0,,73,61,12
201101270DAL,RS,HOU,1695.0,,75,61,14
201101270DAL,RS,HOU,1720.0,,75,63,12
201101270DAL,RS,HOU,1767.0,,75,65,10
201101270DAL,RS,HOU,1803.0,,75,68,7
201101270DAL,RS,HOU,1839.0,,75,70,5
201101270DAL,RS,HOU,1856.0,,76,70,6
201101270DAL,RS,HOU,1856.0,,77,70,7
201101270DAL,RS,HOU,1874.0,,77,72,5
201101270DAL,RS,HOU,1914.0,,77,75,2
201101270DAL,RS,HOU,1928.0,,78,75,3
201101270DAL,RS,HOU,1928.0,,79,75,4
201101270DAL,RS,HOU,1940.0,,79,77,2
201101270DAL,RS,HOU,1978.0,,81,77,4
201101270DAL,RS,HOU,2014.0,,83,77,6
201101270DAL,RS,HOU,2035.0,,83,79,4
201101270DAL,RS,HOU,2081.0,,84,79,5
201101270DAL,RS,HOU,2099.0,,84,80,4
201101270DAL,RS,HOU,2099.0,,84,81,3
201101270DAL,RS,HOU,2119.4,,86,81,5
201101270DAL,RS,HOU,2156.1,,88,81,7
201101270DAL,RS,HOU,2183.0,,90,81,9
201101270DAL,RS,HOU,2214.0,,92,81,11
201101270DAL,RS,HOU,2235.0,,92,83,9
201101270DAL,RS,HOU,2264.0,,92,85,7
201101270DAL,RS,HOU,2307.0,,92,87,5
201101270DAL,RS,HOU,2333.0,,92,89,3
201101270DAL,RS,HOU,2358.0,,94,89,5
201101270DAL,RS,HOU,2393.0,,95,89,6
201101270DAL,RS,HOU,2393.0,,96,89,7
201101270DAL,RS,HOU,2421.0,,98,89,9
201101270DAL,RS,HOU,2486.0,,100,89,11
201101270DAL,RS,HOU,2509.0,,100,91,9
201101270DAL,RS,HOU,2528.0,,102,91,11
201101270DAL,RS,HOU,2577.0,,102,93,9
201101270DAL,RS,HOU,2623.0,,102,95,7
201101270DAL,RS,HOU,2660.0,,102,97,5
201101270DAL,RS,HOU,2713.0,,102,99,3
201101270DAL,RS,HOU,2751.0,,103,99,4
201101270DAL,RS,HOU,2751.0,,104,99,5
201101270DAL,RS,HOU,2780.0,,104,100,4
201101270DAL,RS,HOU,2780.0,,104,101,3
201101270DAL,RS,HOU,2828.2,,104,103,1
201101270DAL,RS,HOU,2847.1,,106,103,3
201101270DAL,RS,HOU,2856.9,,107,103,4
201101270DAL,RS,HOU,2865.7,,108,103,5
201101270DAL,RS,HOU,2865.7,,109,103,6
201101270DAL,RS,HOU,2868.1,,109,106,3
201101270DAL,RS,HOU,2870.2,,110,106,4
201101270DAL,RS,HOU,2870.2,F,111,106,5
201101270DAL,RS,HOU,2880.0,,111,106,5
201101290DAL,RS,ATL,0.0,,0,0,0
201101290DAL,RS,ATL,25.0,,2,0,2
201101290DAL,RS,ATL,45.0,T,2,2,0
201101290DAL,RS,ATL,67.0,,4,2,2
201101290DAL,RS,ATL,123.0,,6,2,4
201101290DAL,RS,ATL,148.0,,6,4,2
201101290DAL,RS,ATL,214.0,,8,4,4
201101290DAL,RS,ATL,247.0,,9,4,5
201101290DAL,RS,ATL,247.0,,10,4,6
201101290DAL,RS,ATL,284.0,,10,6,4
201101290DAL,RS,ATL,308.0,,10,8,2
201101290DAL,RS,ATL,336.0,,12,8,4
201101290DAL,RS,ATL,352.0,,12,10,2
201101290DAL,RS,ATL,385.0,T,12,12,0
201101290DAL,RS,ATL,400.0,,14,12,2
201101290DAL,RS,ATL,450.0,T,14,14,0
201101290DAL,RS,ATL,494.0,LC,14,16,-2
201101290DAL,RS,ATL,509.0,T,16,16,0
201101290DAL,RS,ATL,529.0,,16,18,-2
201101290DAL,RS,ATL,544.0,,17,18,-1
201101290DAL,RS,ATL,544.0,T,18,18,0
201101290DAL,RS,ATL,598.0,,18,20,-2
201101290DAL,RS,ATL,613.0,T,20,20,0
201101290DAL,RS,ATL,658.0,LC,22,20,2
201101290DAL,RS,ATL,658.0,,23,20,3
201101290DAL,RS,ATL,672.1,,23,22,1
201101290DAL,RS,ATL,684.1,,26,22,4
201101290DAL,RS,ATL,700.1,,28,22,6
201101290DAL,RS,ATL,718.1,,28,24,4
201101290DAL,RS,ATL,747.0,,31,24,7
201101290DAL,RS,ATL,775.0,,31,26,5
201101290DAL,RS,ATL,814.0,,31,27,4
201101290DAL,RS,ATL,814.0,,31,28,3
201101290DAL,RS,ATL,837.0,,33,28,5
201101290DAL,RS,ATL,873.0,,35,28,7
201101290DAL,RS,ATL,896.0,,35,29,6
201101290DAL,RS,ATL,906.0,,35,31,4
201101290DAL,RS,ATL,943.0,,36,31,5
201101290DAL,RS,ATL,943.0,,37,31,6
201101290DAL,RS,ATL,956.0,,37,33,4
201101290DAL,RS,ATL,976.0,,39,33,6
201101290DAL,RS,ATL,991.0,,39,35,4
201101290DAL,RS,ATL,1024.0,,40,35,5
201101290DAL,RS,ATL,1024.0,,41,35,6
201101290DAL,RS,ATL,1042.0,,41,38,3
201101290DAL,RS,ATL,1066.0,,43,38,5
201101290DAL,RS,ATL,1091.0,,43,40,3
201101290DAL,RS,ATL,1125.0,,43,42,1
201101290DAL,RS,ATL,1183.0,T,43,43,0
201101290DAL,RS,ATL,1210.0,LC,43,45,-2
201101290DAL,RS,ATL,1228.0,T,45,45,0
201101290DAL,RS,ATL,1246.0,,45,47,-2
201101290DAL,RS,ATL,1270.0,,45,49,-4
201101290DAL,RS,ATL,1285.0,,46,49,-3
201101290DAL,RS,ATL,1285.0,,47,49,-2
201101290DAL,RS,ATL,1374.0,,48,49,-1
201101290DAL,RS,ATL,1374.0,T,49,49,0
201101290DAL,RS,ATL,1387.1,LC,52,49,3
201101290DAL,RS,ATL,1483.0,,54,49,5
201101290DAL,RS,ATL,1506.0,,54,50,4
201101290DAL,RS,ATL,1506.0,,54,51,3
201101290DAL,RS,ATL,1531.0,,57,51,6
201101290DAL,RS,ATL,1553.0,,57,53,4
201101290DAL,RS,ATL,1591.0,,57,55,2
201101290DAL,RS,ATL,1613.0,,59,55,4
201101290DAL,RS,ATL,1641.0,,59,56,3
201101290DAL,RS,ATL,1641.0,,59,57,2
201101290DAL,RS,ATL,1654.0,,61,57,4
201101290DAL,RS,ATL,1677.0,,61,60,1
201101290DAL,RS,ATL,1704.0,T,61,61,0
201101290DAL,RS,ATL,1704.0,LC,61,62,-1
201101290DAL,RS,ATL,1753.0,LC,63,62,1
201101290DAL,RS,ATL,1796.0,LC,63,64,-1
201101290DAL,RS,ATL,1796.0,,63,65,-2
201101290DAL,RS,ATL,1811.0,T,65,65,0
201101290DAL,RS,ATL,1840.0,,65,67,-2
201101290DAL,RS,ATL,1887.0,,66,67,-1
201101290DAL,RS,ATL,1887.0,T,67,67,0
201101290DAL,RS,ATL,1905.0,,67,69,-2
201101290DAL,RS,ATL,1935.0,LC,70,69,1
201101290DAL,RS,ATL,1951.0,T,70,70,0
201101290DAL,RS,ATL,1987.0,,72,70,2
201101290DAL,RS,ATL,2005.0,LC,72,73,-1
201101290DAL,RS,ATL,2005.0,,72,74,-2
201101290DAL,RS,ATL,2038.0,,72,76,-4
201101290DAL,RS,ATL,2062.0,,74,76,-2
201101290DAL,RS,ATL,2100.3,,74,78,-4
201101290DAL,RS,ATL,2121.2,,77,78,-1
201101290DAL,RS,ATL,2184.0,LC,79,78,1
201101290DAL,RS,ATL,2232.0,T,79,79,0
201101290DAL,RS,ATL,2256.0,,80,79,1
201101290DAL,RS,ATL,2256.0,,81,79,2
201101290DAL,RS,ATL,2269.0,,83,79,4
201101290DAL,RS,ATL,2307.0,,84,79,5
201101290DAL,RS,ATL,2340.0,,87,79,8
201101290DAL,RS,ATL,2366.0,,89,79,10
201101290DAL,RS,ATL,2393.0,,91,79,12
201101290DAL,RS,ATL,2485.0,,91,82,9
201101290DAL,RS,ATL,2504.0,,92,82,10
201101290DAL,RS,ATL,2539.0,,93,82,11
201101290DAL,RS,ATL,2556.0,,93,84,9
201101290DAL,RS,ATL,2556.0,,93,85,8
201101290DAL,RS,ATL,2588.0,,93,87,6
201101290DAL,RS,ATL,2607.0,,94,87,7
201101290DAL,RS,ATL,2607.0,,95,87,8
201101290DAL,RS,ATL,2690.0,,95,88,7
201101290DAL,RS,ATL,2743.0,,98,88,10
201101290DAL,RS,ATL,2786.0,,100,88,12
201101290DAL,RS,ATL,2800.0,,100,89,11
201101290DAL,RS,ATL,2824.1,,100,91,9
201101290DAL,RS,ATL,2847.2,F,102,91,11
201101290DAL,RS,ATL,2880.0,,102,91,11
201101310DAL,RS,WAS,0.0,,0,0,0
201101310DAL,RS,WAS,23.0,,2,0,2
201101310DAL,RS,WAS,121.0,T,2,2,0
201101310DAL,RS,WAS,139.0,,3,2,1
201101310DAL,RS,WAS,139.0,,4,2,2
201101310DAL,RS,WAS,162.0,T,4,4,0
201101310DAL,RS,WAS,210.0,,7,4,3
201101310DAL,RS,WAS,228.0,,7,6,1
201101310DAL,RS,WAS,251.0,LC,7,8,-1
201101310DAL,RS,WAS,272.0,LC,9,8,1
201101310DAL,RS,WAS,290.0,LC,9,10,-1
201101310DAL,RS,WAS,309.0,LC,12,10,2
201101310DAL,RS,WAS,337.0,,14,10,4
201101310DAL,RS,WAS,337.0,,15,10,5
201101310DAL,RS,WAS,381.0,,17,10,7
201101310DAL,RS,WAS,402.0,,17,12,5
201101310DAL,RS,WAS,423.0,,17,14,3
201101310DAL,RS,WAS,443.0,,19,14,5
201101310DAL,RS,WAS,490.0,,19,16,3
201101310DAL,RS,WAS,508.0,,21,16,5
201101310DAL,RS,WAS,548.0,,21,19,2
201101310DAL,RS,WAS,639.0,LC,21,22,-1
201101310DAL,RS,WAS,657.0,,21,23,-2
201101310DAL,RS,WAS,712.1,,21,25,-4
201101310DAL,RS,WAS,754.0,,23,25,-2
201101310DAL,RS,WAS,767.0,,23,26,-3
201101310DAL,RS,WAS,767.0,,23,27,-4
201101310DAL,RS,WAS,791.0,,23,29,-6
201101310DAL,RS,WAS,847.0,,23,31,-8
201101310DAL,RS,WAS,847.0,,23,32,-9
201101310DAL,RS,WAS,877.0,,23,35,-12
201101310DAL,RS,WAS,888.0,,25,35,-10
201101310DAL,RS,WAS,909.0,,25,37,-12
201101310DAL,RS,WAS,928.0,,28,37,-9
201101310DAL,RS,WAS,955.0,,29,37,-8
201101310DAL,RS,WAS,955.0,,30,37,-7
201101310DAL,RS,WAS,994.0,,32,37,-5
201101310DAL,RS,WAS,1012.0,,32,39,-7
201101310DAL,RS,WAS,1029.0,,34,39,-5
201101310DAL,RS,WAS,1065.0,,36,39,-3
201101310DAL,RS,WAS,1094.0,,36,41,-5
201101310DAL,RS,WAS,1128.0,,36,43,-7
201101310DAL,RS,WAS,1151.0,,38,43,-5
201101310DAL,RS,WAS,1182.0,,40,43,-3
201101310DAL,RS,WAS,1210.0,,40,44,-4
201101310DAL,RS,WAS,1210.0,,40,45,-5
201101310DAL,RS,WAS,1281.0,,43,45,-2
201101310DAL,RS,WAS,1303.0,,43,47,-4
201101310DAL,RS,WAS,1347.0,,45,47,-2
201101310DAL,RS,WAS,1408.1,LC,48,47,1
201101310DAL,RS,WAS,1426.3,T,48,48,0
201101310DAL,RS,WAS,1426.3,LC,48,49,-1
201101310DAL,RS,WAS,1434.7,T,49,49,0
201101310DAL,RS,WAS,1434.7,LC,50,49,1
201101310DAL,RS,WAS,1457.0,LC,50,51,-1
201101310DAL,RS,WAS,1507.0,T,51,51,0
201101310DAL,RS,WAS,1507.0,LC,52,51,1
201101310DAL,RS,WAS,1536.0,,55,51,4
201101310DAL,RS,WAS,1553.0,,55,52,3
201101310DAL,RS,WAS,1639.0,,58,52,6
201101310DAL,RS,WAS,1658.0,,58,54,4
201101310DAL,RS,WAS,1698.0,,58,56,2
201101310DAL,RS,WAS,1755.0,T,58,58,0
201101310DAL,RS,WAS,1773.0,LC,58,60,-2
201101310DAL,RS,WAS,1790.0,T,60,60,0
201101310DAL,RS,WAS,1818.0,LC,61,60,1
201101310DAL,RS,WAS,1818.0,,62,60,2
201101310DAL,RS,WAS,1863.0,,64,60,4
201101310DAL,RS,WAS,1916.0,,66,60,6
201101310DAL,RS,WAS,1931.0,,66,61,5
201101310DAL,RS,WAS,1931.0,,66,62,4
201101310DAL,RS,WAS,1940.0,,68,62,6
201101310DAL,RS,WAS,1956.0,,69,62,7
201101310DAL,RS,WAS,1997.0,,69,64,5
201101310DAL,RS,WAS,2016.0,,72,64,8
201101310DAL,RS,WAS,2032.0,,72,65,7
201101310DAL,RS,WAS,2060.0,,72,66,6
201101310DAL,RS,WAS,2108.1,,74,66,8
201101310DAL,RS,WAS,2159.7,,74,68,6
201101310DAL,RS,WAS,2194.0,,76,68,8
201101310DAL,RS,WAS,2211.0,,76,70,6
201101310DAL,RS,WAS,2233.0,,77,70,7
201101310DAL,RS,WAS,2233.0,,78,70,8
201101310DAL,RS,WAS,2246.0,,78,72,6
201101310DAL,RS,WAS,2298.0,,80,72,8
201101310DAL,RS,WAS,2316.0,,80,73,7
201101310DAL,RS,WAS,2335.0,,81,73,8
201101310DAL,RS,WAS,2350.0,,81,75,6
201101310DAL,RS,WAS,2364.0,,82,75,7
201101310DAL,RS,WAS,2364.0,,83,75,8
201101310DAL,RS,WAS,2384.0,,83,77,6
201101310DAL,RS,WAS,2405.0,,85,77,8
201101310DAL,RS,WAS,2419.0,,85,79,6
201101310DAL,RS,WAS,2436.0,,86,79,7
201101310DAL,RS,WAS,2436.0,,87,79,8
201101310DAL,RS,WAS,2451.0,,87,80,7
201101310DAL,RS,WAS,2451.0,,87,81,6
201101310DAL,RS,WAS,2469.0,,89,81,8
201101310DAL,RS,WAS,2469.0,,90,81,9
201101310DAL,RS,WAS,2469.0,,91,81,10
201101310DAL,RS,WAS,2505.0,,91,83,8
201101310DAL,RS,WAS,2550.0,,91,86,5
201101310DAL,RS,WAS,2577.0,,93,86,7
201101310DAL,RS,WAS,2610.0,,94,86,8
201101310DAL,RS,WAS,2610.0,,95,86,9
201101310DAL,RS,WAS,2668.0,,95,89,6
201101310DAL,RS,WAS,2687.0,,95,90,5
201101310DAL,RS,WAS,2687.0,,95,91,4
201101310DAL,RS,WAS,2747.0,,97,91,6
201101310DAL,RS,WAS,2761.0,,97,92,5
201101310DAL,RS,WAS,2830.2,,100,92,8
201101310DAL,RS,WAS,2852.1,,101,92,9
201101310DAL,RS,WAS,2852.1,F,102,92,10
201101310DAL,RS,WAS,2880.0,,102,92,10
201102020NYK,RS,NYK,0.0,,0,0,0
201102020NYK,RS,NYK,10.0,,0,2,-2
201102020NYK,RS,NYK,32.0,T,2,2,0
201102020NYK,RS,NYK,45.0,,2,4,-2
201102020NYK,RS,NYK,71.0,,2,6,-4
201102020NYK,RS,NYK,89.0,,4,6,-2
201102020NYK,RS,NYK,108.0,,5,6,-1
201102020NYK,RS,NYK,138.0,LC,7,6,1
201102020NYK,RS,NYK,155.0,,9,6,3
201102020NYK,RS,NYK,186.0,,9,8,1
201102020NYK,RS,NYK,210.0,,12,8,4
201102020NYK,RS,NYK,227.0,,15,8,7
201102020NYK,RS,NYK,268.0,,17,8,9
201102020NYK,RS,NYK,285.0,,17,10,7
201102020NYK,RS,NYK,312.0,,19,10,9
201102020NYK,RS,NYK,321.0,,19,12,7
201102020NYK,RS,NYK,321.0,,19,13,6
201102020NYK,RS,NYK,341.0,,19,15,4
201102020NYK,RS,NYK,362.0,,19,17,2
201102020NYK,RS,NYK,398.0,T,19,19,0
201102020NYK,RS,NYK,441.0,LC,19,20,-1
201102020NYK,RS,NYK,441.0,,19,21,-2
201102020NYK,RS,NYK,455.0,T,21,21,0
201102020NYK,RS,NYK,473.0,,21,23,-2
201102020NYK,RS,NYK,522.0,,22,23,-1
201102020NYK,RS,NYK,553.0,,22,24,-2
201102020NYK,RS,NYK,553.0,,22,25,-3
201102020NYK,RS,NYK,584.0,,22,28,-6
201102020NYK,RS,NYK,622.0,,22,30,-8
201102020NYK,RS,NYK,644.0,,24,30,-6
201102020NYK,RS,NYK,678.4,,24,32,-8
201102020NYK,RS,NYK,694.0,,27,32,-5
201102020NYK,RS,NYK,717.0,,27,34,-7
201102020NYK,RS,NYK,779.0,,28,34,-6
201102020NYK,RS,NYK,779.0,,29,34,-5
201102020NYK,RS,NYK,816.0,,32,34,-2
201102020NYK,RS,NYK,846.0,,33,34,-1
201102020NYK,RS,NYK,846.0,T,34,34,0
201102020NYK,RS,NYK,874.0,LC,37,34,3
201102020NYK,RS,NYK,944.0,T,37,37,0
201102020NYK,RS,NYK,998.0,,39,37,2
201102020NYK,RS,NYK,1029.0,T,39,39,0
201102020NYK,RS,NYK,1059.0,LC,39,40,-1
201102020NYK,RS,NYK,1059.0,,39,41,-2
201102020NYK,RS,NYK,1077.0,,40,41,-1
201102020NYK,RS,NYK,1077.0,T,41,41,0
201102020NYK,RS,NYK,1096.0,,41,43,-2
201102020NYK,RS,NYK,1114.0,T,43,43,0
201102020NYK,RS,NYK,1129.0,,43,45,-2
201102020NYK,RS,NYK,1129.0,,43,46,-3
201102020NYK,RS,NYK,1170.0,,44,46,-2
201102020NYK,RS,NYK,1170.0,,45,46,-1
201102020NYK,RS,NYK,1188.0,LC,47,46,1
201102020NYK,RS,NYK,1242.0,LC,47,48,-1
201102020NYK,RS,NYK,1340.0,LC,49,48,1
201102020NYK,RS,NYK,1356.0,LC,49,50,-1
201102020NYK,RS,NYK,1371.0,LC,52,50,2
201102020NYK,RS,NYK,1394.2,,53,50,3
201102020NYK,RS,NYK,1394.2,,54,50,4
201102020NYK,RS,NYK,1401.0,,54,52,2
201102020NYK,RS,NYK,1416.2,,56,52,4
201102020NYK,RS,NYK,1460.0,,58,52,6
201102020NYK,RS,NYK,1488.0,,60,52,8
201102020NYK,RS,NYK,1509.0,,60,54,6
201102020NYK,RS,NYK,1578.0,,61,54,7
201102020NYK,RS,NYK,1597.0,,61,56,5
201102020NYK,RS,NYK,1617.0,,63,56,7
201102020NYK,RS,NYK,1644.0,,66,56,10
201102020NYK,RS,NYK,1707.0,,67,56,11
201102020NYK,RS,NYK,1707.0,,68,56,12
201102020NYK,RS,NYK,1727.0,,71,56,15
201102020NYK,RS,NYK,1760.0,,71,58,13
201102020NYK,RS,NYK,1814.0,,74,58,16
201102020NYK,RS,NYK,1836.0,,76,58,18
201102020NYK,RS,NYK,1836.0,,77,58,19
201102020NYK,RS,NYK,1869.0,,79,58,21
201102020NYK,RS,NYK,1893.0,,82,58,24
201102020NYK,RS,NYK,1903.0,,82,60,22
201102020NYK,RS,NYK,1965.0,,82,61,21
201102020NYK,RS,NYK,1990.0,,82,64,18
201102020NYK,RS,NYK,2015.0,,82,66,16
201102020NYK,RS,NYK,2056.0,,82,67,15
201102020NYK,RS,NYK,2056.0,,82,68,14
201102020NYK,RS,NYK,2056.0,,82,69,13
201102020NYK,RS,NYK,2086.0,,82,71,11
201102020NYK,RS,NYK,2107.9,,84,71,13
201102020NYK,RS,NYK,2119.9,,84,72,12
201102020NYK,RS,NYK,2119.9,,84,73,11
201102020NYK,RS,NYK,2155.5,,86,73,13
201102020NYK,RS,NYK,2192.0,,88,73,15
201102020NYK,RS,NYK,2222.0,,90,73,17
201102020NYK,RS,NYK,2255.0,,90,75,15
201102020NYK,RS,NYK,2264.0,,92,75,17
201102020NYK,RS,NYK,2289.0,,92,77,15
201102020NYK,RS,NYK,2383.0,,92,79,13
201102020NYK,RS,NYK,2402.0,,94,79,15
201102020NYK,RS,NYK,2418.0,,94,81,13
201102020NYK,RS,NYK,2461.0,,94,83,11
201102020NYK,RS,NYK,2484.0,,95,83,12
201102020NYK,RS,NYK,2484.0,,96,83,13
201102020NYK,RS,NYK,2507.0,,98,83,15
201102020NYK,RS,NYK,2555.0,,100,83,17
201102020NYK,RS,NYK,2597.0,,102,83,19
201102020NYK,RS,NYK,2623.0,,105,83,22
201102020NYK,RS,NYK,2637.0,,105,86,19
201102020NYK,RS,NYK,2661.0,,107,86,21
201102020NYK,RS,NYK,2669.0,,107,87,20
201102020NYK,RS,NYK,2669.0,,107,88,19
201102020NYK,RS,NYK,2686.0,,109,88,21
201102020NYK,RS,NYK,2724.0,,109,89,20
201102020NYK,RS,NYK,2792.0,,111,89,22
201102020NYK,RS,NYK,2799.0,,111,92,19
201102020NYK,RS,NYK,2822.9,,111,94,17
201102020NYK,RS,NYK,2846.0,,113,94,19
201102020NYK,RS,NYK,2858.5,F,113,97,16
201102020NYK,RS,NYK,2880.0,,113,97,16
201102040BOS,RS,BOS,0.0,,0,0,0
201102040BOS,RS,BOS,17.0,,0,2,-2
201102040BOS,RS,BOS,56.0,,0,4,-4
201102040BOS,RS,BOS,80.0,,3,4,-1
201102040BOS,RS,BOS,99.0,,3,6,-3
201102040BOS,RS,BOS,137.0,,5,6,-1
201102040BOS,RS,BOS,172.0,LC,7,6,1
201102040BOS,RS,BOS,187.0,LC,7,8,-1
201102040BOS,RS,BOS,230.0,LC,9,8,1
201102040BOS,RS,BOS,257.0,,12,8,4
201102040BOS,RS,BOS,281.0,,12,10,2
201102040BOS,RS,BOS,301.0,,14,10,4
201102040BOS,RS,BOS,342.0,,14,12,2
201102040BOS,RS,BOS,364.0,T,14,14,0
201102040BOS,RS,BOS,387.0,LC,14,16,-2
201102040BOS,RS,BOS,414.0,LC,17,16,1
201102040BOS,RS,BOS,437.0,,18,16,2
201102040BOS,RS,BOS,460.0,T,18,18,0
201102040BOS,RS,BOS,478.0,,21,18,3
201102040BOS,RS,BOS,536.0,,21,20,1
201102040BOS,RS,BOS,550.0,,23,20,3
201102040BOS,RS,BOS,578.0,,26,20,6
201102040BOS,RS,BOS,603.0,,26,22,4
201102040BOS,RS,BOS,616.0,,28,22,6
201102040BOS,RS,BOS,643.0,,30,22,8
201102040BOS,RS,BOS,663.2,,30,24,6
201102040BOS,RS,BOS,685.2,,32,24,8
201102040BOS,RS,BOS,708.4,,32,27,5
201102040BOS,RS,BOS,719.4,,34,27,7
201102040BOS,RS,BOS,736.0,,34,30,4
201102040BOS,RS,BOS,770.0,,36,30,6
201102040BOS,RS,BOS,795.0,,36,32,4
201102040BOS,RS,BOS,853.0,,36,34,2
201102040BOS,RS,BOS,867.0,,38,34,4
201102040BOS,RS,BOS,867.0,,39,34,5
201102040BOS,RS,BOS,883.0,,39,36,3
201102040BOS,RS,BOS,905.0,,41,36,5
201102040BOS,RS,BOS,952.0,,41,38,3
201102040BOS,RS,BOS,976.0,,43,38,5
201102040BOS,RS,BOS,1003.0,,43,40,3
201102040BOS,RS,BOS,1026.0,,45,40,5
201102040BOS,RS,BOS,1069.0,,45,42,3
201102040BOS,RS,BOS,1115.0,,45,43,2
201102040BOS,RS,BOS,1145.0,,47,43,4
201102040BOS,RS,BOS,1157.0,,47,45,2
201102040BOS,RS,BOS,1195.0,,50,45,5
201102040BOS,RS,BOS,1209.0,,50,47,3
201102040BOS,RS,BOS,1367.0,,52,47,5
201102040BOS,RS,BOS,1388.3,,52,48,4
201102040BOS,RS,BOS,1388.3,,52,49,3
201102040BOS,RS,BOS,1410.5,,53,49,4
201102040BOS,RS,BOS,1410.5,,54,49,5
201102040BOS,RS,BOS,1440.0,,54,51,3
201102040BOS,RS,BOS,1455.0,,56,51,5
201102040BOS,RS,BOS,1479.0,,56,54,2
201102040BOS,RS,BOS,1521.0,,56,55,1
201102040BOS,RS,BOS,1539.0,,58,55,3
201102040BOS,RS,BOS,1575.0,,61,55,6
201102040BOS,RS,BOS,1587.0,,62,55,7
201102040BOS,RS,BOS,1587.0,,63,55,8
201102040BOS,RS,BOS,1596.0,,63,57,6
201102040BOS,RS,BOS,1613.0,,65,57,8
201102040BOS,RS,BOS,1636.0,,65,58,7
201102040BOS,RS,BOS,1667.0,,65,61,4
201102040BOS,RS,BOS,1697.0,,66,61,5
201102040BOS,RS,BOS,1697.0,,66,62,4
201102040BOS,RS,BOS,1697.0,,66,63,3
201102040BOS,RS,BOS,1734.0,,66,65,1
201102040BOS,RS,BOS,1769.0,LC,66,67,-1
201102040BOS,RS,BOS,1790.0,T,67,67,0
201102040BOS,RS,BOS,1806.0,,67,69,-2
201102040BOS,RS,BOS,1824.0,T,69,69,0
201102040BOS,RS,BOS,1849.0,,69,71,-2
201102040BOS,RS,BOS,1891.0,,69,73,-4
201102040BOS,RS,BOS,1945.0,,69,74,-5
201102040BOS,RS,BOS,1945.0,,69,75,-6
201102040BOS,RS,BOS,1965.0,,71,75,-4
201102040BOS,RS,BOS,1996.0,,73,75,-2
201102040BOS,RS,BOS,2035.0,T,75,75,0
201102040BOS,RS,BOS,2055.0,,75,77,-2
201102040BOS,RS,BOS,2135.3,,76,77,-1
201102040BOS,RS,BOS,2135.3,T,77,77,0
201102040BOS,RS,BOS,2181.0,,77,78,-1
201102040BOS,RS,BOS,2223.0,LC,79,78,1
201102040BOS,RS,BOS,2237.0,LC,79,81,-2
201102040BOS,RS,BOS,2263.0,T,81,81,0
201102040BOS,RS,BOS,2295.0,LC,83,81,2
201102040BOS,RS,BOS,2334.0,T,83,83,0
201102040BOS,RS,BOS,2369.0,LC,83,85,-2
201102040BOS,RS,BOS,2369.0,,83,86,-3
201102040BOS,RS,BOS,2404.0,,83,88,-5
201102040BOS,RS,BOS,2427.0,,85,88,-3
201102040BOS,RS,BOS,2454.0,,87,88,-1
201102040BOS,RS,BOS,2479.0,,87,90,-3
201102040BOS,RS,BOS,2499.0,,89,90,-1
201102040BOS,RS,BOS,2602.0,,89,92,-3
201102040BOS,RS,BOS,2680.0,,89,95,-6
201102040BOS,RS,BOS,2699.0,,91,95,-4
201102040BOS,RS,BOS,2717.0,,91,97,-6
201102040BOS,RS,BOS,2739.0,,93,97,-4
201102040BOS,RS,BOS,2739.0,,94,97,-3
201102040BOS,RS,BOS,2823.4,,95,97,-2
201102040BOS,RS,BOS,2823.4,,96,97,-1
201102040BOS,RS,BOS,2877.5,LC,99,97,2
201102040BOS,RS,BOS,2877.8,,100,97,3
201102040BOS,RS,BOS,2877.8,F,101,97,4
201102040BOS,RS,BOS,2880.0,,101,97,4
201102050CHA,RS,CHA,0.0,,0,0,0
201102050CHA,RS,CHA,46.0,,2,0,2
201102050CHA,RS,CHA,131.0,,4,0,4
201102050CHA,RS,CHA,161.0,,6,0,6
201102050CHA,RS,CHA,184.0,,6,2,4
201102050CHA,RS,CHA,195.0,,7,2,5
201102050CHA,RS,CHA,211.0,,9,2,7
201102050CHA,RS,CHA,238.0,,9,4,5
201102050CHA,RS,CHA,262.0,,9,6,3
201102050CHA,RS,CHA,283.0,,11,6,5
201102050CHA,RS,CHA,301.0,,11,8,3
201102050CHA,RS,CHA,320.0,,13,8,5
201102050CHA,RS,CHA,334.0,,13,11,2
201102050CHA,RS,CHA,370.0,T,13,13,0
201102050CHA,RS,CHA,370.0,LC,13,14,-1
201102050CHA,RS,CHA,393.0,LC,15,14,1
201102050CHA,RS,CHA,442.0,,18,14,4
201102050CHA,RS,CHA,461.0,,18,16,2
201102050CHA,RS,CHA,479.0,,19,16,3
201102050CHA,RS,CHA,479.0,,20,16,4
201102050CHA,RS,CHA,500.0,,20,18,2
201102050CHA,RS,CHA,508.0,,22,18,4
201102050CHA,RS,CHA,571.0,,25,18,7
201102050CHA,RS,CHA,593.0,,25,20,5
201102050CHA,RS,CHA,614.0,,27,20,7
201102050CHA,RS,CHA,641.0,,29,20,9
201102050CHA,RS,CHA,680.2,,31,20,11
201102050CHA,RS,CHA,692.1,,31,21,10
201102050CHA,RS,CHA,692.1,,31,22,9
201102050CHA,RS,CHA,739.0,,32,22,10
201102050CHA,RS,CHA,739.0,,33,22,11
201102050CHA,RS,CHA,767.0,,35,22,13
201102050CHA,RS,CHA,822.0,,35,24,11
201102050CHA,RS,CHA,866.0,,35,26,9
201102050CHA,RS,CHA,884.0,,37,26,11
201102050CHA,RS,CHA,908.0,,39,26,13
201102050CHA,RS,CHA,999.0,,41,26,15
201102050CHA,RS,CHA,1017.0,,41,27,14
201102050CHA,RS,CHA,1017.0,,41,28,13
201102050CHA,RS,CHA,1066.0,,41,29,12
201102050CHA,RS,CHA,1066.0,,41,30,11
201102050CHA,RS,CHA,1086.0,,43,30,13
201102050CHA,RS,CHA,1099.0,,43,32,11
201102050CHA,RS,CHA,1105.0,,44,32,12
201102050CHA,RS,CHA,1105.0,,45,32,13
201102050CHA,RS,CHA,1127.0,,45,34,11
201102050CHA,RS,CHA,1150.0,,47,34,13
201102050CHA,RS,CHA,1177.0,,49,34,15
201102050CHA,RS,CHA,1190.0,,49,36,13
201102050CHA,RS,CHA,1203.0,,51,36,15
201102050CHA,RS,CHA,1240.0,,51,39,12
201102050CHA,RS,CHA,1259.0,,53,39,14
201102050CHA,RS,CHA,1274.0,,53,41,12
201102050CHA,RS,CHA,1351.0,,55,41,14
201102050CHA,RS,CHA,1398.8,,55,43,12
201102050CHA,RS,CHA,1432.2,,55,44,11
201102050CHA,RS,CHA,1432.2,,55,45,10
201102050CHA,RS,CHA,1440.0,,55,46,9
201102050CHA,RS,CHA,1460.0,,58,46,12
201102050CHA,RS,CHA,1515.0,,60,46,14
201102050CHA,RS,CHA,1558.0,,60,48,12
201102050CHA,RS,CHA,1558.0,,60,49,11
201102050CHA,RS,CHA,1582.0,,63,49,14
201102050CHA,RS,CHA,1603.0,,63,51,12
201102050CHA,RS,CHA,1624.0,,65,51,14
201102050CHA,RS,CHA,1711.0,,66,51,15
201102050CHA,RS,CHA,1726.0,,69,51,18
201102050CHA,RS,CHA,1766.0,,69,53,16
201102050CHA,RS,CHA,1786.0,,71,53,18
201102050CHA,RS,CHA,1855.0,,71,56,15
201102050CHA,RS,CHA,1880.0,,71,58,13
201102050CHA,RS,CHA,1880.0,,71,59,12
201102050CHA,RS,CHA,1905.0,,73,59,14
201102050CHA,RS,CHA,1920.0,,73,61,12
201102050CHA,RS,CHA,1970.0,,76,61,15
201102050CHA,RS,CHA,1986.0,,76,63,13
201102050CHA,RS,CHA,2004.0,,78,63,15
201102050CHA,RS,CHA,2019.0,,78,65,13
201102050CHA,RS,CHA,2037.0,,79,65,14
201102050CHA,RS,CHA,2069.0,,79,66,13
201102050CHA,RS,CHA,2093.0,,82,66,16
201102050CHA,RS,CHA,2175.0,,82,67,15
201102050CHA,RS,CHA,2175.0,,82,68,14
201102050CHA,RS,CHA,2229.0,,82,70,12
201102050CHA,RS,CHA,2276.0,,84,70,14
201102050CHA,RS,CHA,2328.0,,84,72,12
201102050CHA,RS,CHA,2328.0,,84,73,11
201102050CHA,RS,CHA,2389.0,,84,74,10
201102050CHA,RS,CHA,2389.0,,84,75,9
201102050CHA,RS,CHA,2426.0,,85,75,10
201102050CHA,RS,CHA,2460.0,,85,77,8
201102050CHA,RS,CHA,2487.0,,87,77,10
201102050CHA,RS,CHA,2518.0,,87,79,8
201102050CHA,RS,CHA,2537.0,,89,79,10
201102050CHA,RS,CHA,2537.0,,90,79,11
201102050CHA,RS,CHA,2650.0,,92,79,13
201102050CHA,RS,CHA,2662.0,,92,82,10
201102050CHA,RS,CHA,2680.0,,94,82,12
201102050CHA,RS,CHA,2710.0,,96,82,14
201102050CHA,RS,CHA,2724.0,,96,85,11
201102050CHA,RS,CHA,2754.0,,96,86,10
201102050CHA,RS,CHA,2774.0,,97,86,11
201102050CHA,RS,CHA,2774.0,,98,86,12
201102050CHA,RS,CHA,2783.0,,98,88,10
201102050CHA,RS,CHA,2800.0,,98,90,8
201102050CHA,RS,CHA,2819.0,,98,91,7
201102050CHA,RS,CHA,2819.0,,98,92,6
201102050CHA,RS,CHA,2841.2,,100,92,8
201102050CHA,RS,CHA,2868.1,F,101,92,9
201102050CHA,RS,CHA,2880.0,,101,92,9
201102070DAL,RS,CLE,0.0,,0,0,0
201102070DAL,RS,CLE,52.0,,0,2,-2
201102070DAL,RS,CLE,128.0,,0,4,-4
201102070DAL,RS,CLE,171.0,,1,4,-3
201102070DAL,RS,CLE,223.0,,1,6,-5
201102070DAL,RS,CLE,243.0,,1,8,-7
201102070DAL,RS,CLE,263.0,,3,8,-5
201102070DAL,RS,CLE,282.0,,5,8,-3
201102070DAL,RS,CLE,302.0,,5,11,-6
201102070DAL,RS,CLE,326.0,,7,11,-4
201102070DAL,RS,CLE,339.0,,7,13,-6
201102070DAL,RS,CLE,349.0,,9,13,-4
201102070DAL,RS,CLE,368.0,,9,15,-6
201102070DAL,RS,CLE,386.0,,11,15,-4
201102070DAL,RS,CLE,396.0,,11,17,-6
201102070DAL,RS,CLE,416.0,,13,17,-4
201102070DAL,RS,CLE,432.0,,13,18,-5
201102070DAL,RS,CLE,432.0,,13,19,-6
201102070DAL,RS,CLE,454.0,,15,19,-4
201102070DAL,RS,CLE,471.0,,15,21,-6
201102070DAL,RS,CLE,471.0,,15,22,-7
201102070DAL,RS,CLE,491.0,,17,22,-5
201102070DAL,RS,CLE,515.0,,19,22,-3
201102070DAL,RS,CLE,521.0,,19,24,-5
201102070DAL,RS,CLE,550.0,,19,26,-7
201102070DAL,RS,CLE,574.0,,21,26,-5
201102070DAL,RS,CLE,617.0,,24,26,-2
201102070DAL,RS,CLE,632.0,,24,27,-3
201102070DAL,RS,CLE,643.0,,25,27,-2
201102070DAL,RS,CLE,643.0,,26,27,-1
201102070DAL,RS,CLE,660.6,,26,28,-2
201102070DAL,RS,CLE,708.1,LC,29,28,1
201102070DAL,RS,CLE,744.0,,30,28,2
201102070DAL,RS,CLE,786.0,,32,28,4
201102070DAL,RS,CLE,889.0,,34,28,6
201102070DAL,RS,CLE,937.0,,35,28,7
201102070DAL,RS,CLE,937.0,,36,28,8
201102070DAL,RS,CLE,954.0,,36,30,6
201102070DAL,RS,CLE,979.0,,37,30,7
201102070DAL,RS,CLE,979.0,,38,30,8
201102070DAL,RS,CLE,1001.0,,38,32,6
201102070DAL,RS,CLE,1048.0,,40,32,8
201102070DAL,RS,CLE,1080.0,,43,32,11
201102070DAL,RS,CLE,1099.0,,45,32,13
201102070DAL,RS,CLE,1119.0,,45,33,12
201102070DAL,RS,CLE,1136.0,,47,33,14
201102070DAL,RS,CLE,1195.0,,47,35,12
201102070DAL,RS,CLE,1222.0,,50,35,15
201102070DAL,RS,CLE,1228.0,,50,37,13
201102070DAL,RS,CLE,1228.0,,50,38,12
201102070DAL,RS,CLE,1243.0,,53,38,15
201102070DAL,RS,CLE,1272.0,,53,40,13
201102070DAL,RS,CLE,1287.0,,54,40,14
201102070DAL,RS,CLE,1287.0,,55,40,15
201102070DAL,RS,CLE,1306.0,,55,42,13
201102070DAL,RS,CLE,1335.0,,55,44,11
201102070DAL,RS,CLE,1379.0,,56,44,12
201102070DAL,RS,CLE,1379.0,,57,44,13
201102070DAL,RS,CLE,1388.1,,57,47,10
201102070DAL,RS,CLE,1402.2,,58,47,11
201102070DAL,RS,CLE,1402.2,,59,47,12
201102070DAL,RS,CLE,1420.8,,59,49,10
201102070DAL,RS,CLE,1471.0,,59,51,8
201102070DAL,RS,CLE,1485.0,,62,51,11
201102070DAL,RS,CLE,1526.0,,62,53,9
201102070DAL,RS,CLE,1562.0,,62,55,7
201102070DAL,RS,CLE,1624.0,,62,57,5
201102070DAL,RS,CLE,1624.0,,62,58,4
201102070DAL,RS,CLE,1640.0,,64,58,6
201102070DAL,RS,CLE,1667.0,,66,58,8
201102070DAL,RS,CLE,1714.0,,68,58,10
201102070DAL,RS,CLE,1741.0,,68,60,8
201102070DAL,RS,CLE,1766.0,,68,62,6
201102070DAL,RS,CLE,1818.0,,70,62,8
201102070DAL,RS,CLE,1867.0,,71,62,9
201102070DAL,RS,CLE,1891.0,,71,64,7
201102070DAL,RS,CLE,1921.0,,71,66,5
201102070DAL,RS,CLE,2002.0,,73,66,7
201102070DAL,RS,CLE,2072.0,,73,68,5
201102070DAL,RS,CLE,2096.0,,74,68,6
201102070DAL,RS,CLE,2096.0,,75,68,7
201102070DAL,RS,CLE,2113.0,,75,70,5
201102070DAL,RS,CLE,2113.0,,75,71,4
201102070DAL,RS,CLE,2126.1,,77,71,6
201102070DAL,RS,CLE,2156.2,,77,73,4
201102070DAL,RS,CLE,2221.0,,77,75,2
201102070DAL,RS,CLE,2245.0,T,77,77,0
201102070DAL,RS,CLE,2264.0,,78,77,1
201102070DAL,RS,CLE,2264.0,,79,77,2
201102070DAL,RS,CLE,2281.0,T,79,79,0
201102070DAL,RS,CLE,2333.0,,80,79,1
201102070DAL,RS,CLE,2368.0,,81,79,2
201102070DAL,RS,CLE,2368.0,,82,79,3
201102070DAL,RS,CLE,2421.0,,84,79,5
201102070DAL,RS,CLE,2442.0,,84,81,3
201102070DAL,RS,CLE,2468.0,,86,81,5
201102070DAL,RS,CLE,2506.0,,88,81,7
201102070DAL,RS,CLE,2537.0,,91,81,10
201102070DAL,RS,CLE,2564.0,,91,83,8
201102070DAL,RS,CLE,2585.0,,93,83,10
201102070DAL,RS,CLE,2641.0,,93,85,8
201102070DAL,RS,CLE,2661.0,,93,86,7
201102070DAL,RS,CLE,2661.0,,93,87,6
201102070DAL,RS,CLE,2682.0,,94,87,7
201102070DAL,RS,CLE,2682.0,,95,87,8
201102070DAL,RS,CLE,2718.0,,97,87,10
201102070DAL,RS,CLE,2725.0,,97,88,9
201102070DAL,RS,CLE,2725.0,,97,89,8
201102070DAL,RS,CLE,2748.0,,97,91,6
201102070DAL,RS,CLE,2779.0,,97,94,3
201102070DAL,RS,CLE,2844.1,,99,94,5
201102070DAL,RS,CLE,2849.7,F,99,96,3
201102070DAL,RS,CLE,2880.0,,99,96,3
201102090SAC,RS,SAC,0.0,,0,0,0
201102090SAC,RS,SAC,121.0,,2,0,2
201102090SAC,RS,SAC,152.0,,3,0,3
201102090SAC,RS,SAC,152.0,,4,0,4
201102090SAC,RS,SAC,170.0,,4,2,2
201102090SAC,RS,SAC,187.0,,6,2,4
201102090SAC,RS,SAC,209.0,,6,4,2
201102090SAC,RS,SAC,260.0,T,6,6,0
201102090SAC,RS,SAC,277.0,,7,6,1
201102090SAC,RS,SAC,277.0,,8,6,2
201102090SAC,RS,SAC,289.0,T,8,8,0
201102090SAC,RS,SAC,314.0,LC,8,10,-2
201102090SAC,RS,SAC,334.0,T,10,10,0
201102090SAC,RS,SAC,364.0,LC,12,10,2
201102090SAC,RS,SAC,388.0,T,12,12,0
201102090SAC,RS,SAC,431.0,LC,12,14,-2
201102090SAC,RS,SAC,448.0,LC,15,14,1
201102090SAC,RS,SAC,462.0,T,15,15,0
201102090SAC,RS,SAC,462.0,LC,15,16,-1
201102090SAC,RS,SAC,493.0,LC,17,16,1
201102090SAC,RS,SAC,533.0,LC,17,18,-1
201102090SAC,RS,SAC,537.0,,17,20,-3
201102090SAC,RS,SAC,584.0,,19,20,-1
201102090SAC,RS,SAC,600.0,,19,22,-3
201102090SAC,RS,SAC,651.0,,19,24,-5
201102090SAC,RS,SAC,672.8,,20,24,-4
201102090SAC,RS,SAC,685.0,,20,26,-6
201102090SAC,RS,SAC,719.6,,20,28,-8
201102090SAC,RS,SAC,731.0,,20,30,-10
201102090SAC,RS,SAC,747.0,,22,30,-8
201102090SAC,RS,SAC,796.0,,24,30,-6
201102090SAC,RS,SAC,796.0,,25,30,-5
201102090SAC,RS,SAC,812.0,,25,33,-8
201102090SAC,RS,SAC,827.0,,27,33,-6
201102090SAC,RS,SAC,836.0,,27,35,-8
201102090SAC,RS,SAC,850.0,,27,37,-10
201102090SAC,RS,SAC,876.0,,29,37,-8
201102090SAC,RS,SAC,895.0,,29,39,-10
201102090SAC,RS,SAC,911.0,,31,39,-8
201102090SAC,RS,SAC,954.0,,33,39,-6
201102090SAC,RS,SAC,969.0,,34,39,-5
201102090SAC,RS,SAC,995.0,,36,39,-3
201102090SAC,RS,SAC,1022.0,,36,41,-5
201102090SAC,RS,SAC,1034.0,,37,41,-4
201102090SAC,RS,SAC,1097.0,,37,43,-6
201102090SAC,RS,SAC,1142.0,,39,43,-4
201102090SAC,RS,SAC,1173.0,,41,43,-2
201102090SAC,RS,SAC,1235.0,,42,43,-1
201102090SAC,RS,SAC,1235.0,T,43,43,0
201102090SAC,RS,SAC,1256.0,,43,45,-2
201102090SAC,RS,SAC,1266.0,T,45,45,0
201102090SAC,RS,SAC,1299.0,LC,46,45,1
201102090SAC,RS,SAC,1299.0,,47,45,2
201102090SAC,RS,SAC,1358.0,,50,45,5
201102090SAC,RS,SAC,1397.5,,53,45,8
201102090SAC,RS,SAC,1416.5,,53,46,7
201102090SAC,RS,SAC,1416.5,,53,47,6
201102090SAC,RS,SAC,1440.0,,56,47,9
201102090SAC,RS,SAC,1477.0,,58,47,11
201102090SAC,RS,SAC,1493.0,,58,49,9
201102090SAC,RS,SAC,1548.0,,58,51,7
201102090SAC,RS,SAC,1568.0,,60,51,9
201102090SAC,RS,SAC,1588.0,,60,53,7
201102090SAC,RS,SAC,1634.0,,60,55,5
201102090SAC,RS,SAC,1682.0,,62,55,7
201102090SAC,RS,SAC,1698.0,,62,57,5
201102090SAC,RS,SAC,1713.0,,64,57,7
201102090SAC,RS,SAC,1738.0,,64,59,5
201102090SAC,RS,SAC,1768.0,,66,59,7
201102090SAC,RS,SAC,1782.0,,66,61,5
201102090SAC,RS,SAC,1809.0,,66,64,2
201102090SAC,RS,SAC,1829.0,,67,64,3
201102090SAC,RS,SAC,1857.0,,67,65,2
201102090SAC,RS,SAC,1857.0,,67,66,1
201102090SAC,RS,SAC,1960.0,,70,66,4
201102090SAC,RS,SAC,1984.0,,70,68,2
201102090SAC,RS,SAC,2000.0,,72,68,4
201102090SAC,RS,SAC,2027.0,,72,70,2
201102090SAC,RS,SAC,2117.2,,74,70,4
201102090SAC,RS,SAC,2131.3,,74,73,1
201102090SAC,RS,SAC,2187.0,,76,73,3
201102090SAC,RS,SAC,2196.0,,76,74,2
201102090SAC,RS,SAC,2196.0,,76,75,1
201102090SAC,RS,SAC,2215.0,,78,75,3
201102090SAC,RS,SAC,2290.0,,78,76,2
201102090SAC,RS,SAC,2290.0,,78,77,1
201102090SAC,RS,SAC,2318.0,LC,78,79,-1
201102090SAC,RS,SAC,2331.0,LC,80,79,1
201102090SAC,RS,SAC,2348.0,T,80,80,0
201102090SAC,RS,SAC,2365.0,,82,80,2
201102090SAC,RS,SAC,2385.0,T,82,82,0
201102090SAC,RS,SAC,2407.0,,85,82,3
201102090SAC,RS,SAC,2418.0,,85,83,2
201102090SAC,RS,SAC,2418.0,,85,84,1
201102090SAC,RS,SAC,2444.0,,86,84,2
201102090SAC,RS,SAC,2474.0,,89,84,5
201102090SAC,RS,SAC,2491.0,,89,86,3
201102090SAC,RS,SAC,2491.0,,89,87,2
201102090SAC,RS,SAC,2547.0,,91,87,4
201102090SAC,RS,SAC,2568.0,,91,89,2
201102090SAC,RS,SAC,2581.0,,93,89,4
201102090SAC,RS,SAC,2581.0,,94,89,5
201102090SAC,RS,SAC,2599.0,,94,91,3
201102090SAC,RS,SAC,2630.0,,94,93,1
201102090SAC,RS,SAC,2731.0,T,94,94,0
201102090SAC,RS,SAC,2731.0,LC,94,95,-1
201102090SAC,RS,SAC,2750.0,LC,97,95,2
201102090SAC,RS,SAC,2789.0,,100,95,5
201102090SAC,RS,SAC,2797.0,,100,96,4
201102090SAC,RS,SAC,2832.2,,100,97,3
201102090SAC,RS,SAC,2832.2,,100,98,2
201102090SAC,RS,SAC,2876.0,,101,98,3
201102090SAC,RS,SAC,2876.0,,102,98,4
201102090SAC,RS,SAC,2880.0,,102,100,2
201102090SAC,RS,SAC,2880.0,F,102,100,2
201102100DEN,RS,DEN,0.0,,0,0,0
201102100DEN,RS,DEN,17.0,,0,2,-2
201102100DEN,RS,DEN,42.0,T,2,2,0
201102100DEN,RS,DEN,65.0,,2,5,-3
201102100DEN,RS,DEN,81.0,,4,5,-1
201102100DEN,RS,DEN,97.0,,4,7,-3
201102100DEN,RS,DEN,163.0,,6,7,-1
201102100DEN,RS,DEN,218.0,LC,8,7,1
201102100DEN,RS,DEN,235.0,T,8,8,0
201102100DEN,RS,DEN,235.0,LC,8,9,-1
201102100DEN,RS,DEN,279.0,,8,11,-3
201102100DEN,RS,DEN,299.0,,10,11,-1
201102100DEN,RS,DEN,314.0,,10,14,-4
201102100DEN,RS,DEN,338.0,,10,15,-5
201102100DEN,RS,DEN,338.0,,10,16,-6
201102100DEN,RS,DEN,382.0,,10,18,-8
201102100DEN,RS,DEN,427.0,,12,18,-6
201102100DEN,RS,DEN,449.0,,12,20,-8
201102100DEN,RS,DEN,477.0,,12,23,-11
201102100DEN,RS,DEN,519.0,,12,25,-13
201102100DEN,RS,DEN,582.0,,14,25,-11
201102100DEN,RS,DEN,626.0,,14,28,-14
201102100DEN,RS,DEN,657.0,,16,28,-12
201102100DEN,RS,DEN,669.6,,16,31,-15
201102100DEN,RS,DEN,713.9,,19,31,-12
201102100DEN,RS,DEN,719.5,,19,33,-14
201102100DEN,RS,DEN,746.0,,19,35,-16
201102100DEN,RS,DEN,768.0,,21,35,-14
201102100DEN,RS,DEN,789.0,,21,37,-16
201102100DEN,RS,DEN,827.0,,21,39,-18
201102100DEN,RS,DEN,853.0,,23,39,-16
201102100DEN,RS,DEN,888.0,,25,39,-14
201102100DEN,RS,DEN,924.0,,27,39,-12
201102100DEN,RS,DEN,936.0,,29,39,-10
201102100DEN,RS,DEN,972.0,,32,39,-7
201102100DEN,RS,DEN,998.0,,32,41,-9
201102100DEN,RS,DEN,1049.0,,34,41,-7
201102100DEN,RS,DEN,1060.0,,34,42,-8
201102100DEN,RS,DEN,1060.0,,34,43,-9
201102100DEN,RS,DEN,1081.0,,36,43,-7
201102100DEN,RS,DEN,1117.0,,36,46,-10
201102100DEN,RS,DEN,1145.0,,38,46,-8
201102100DEN,RS,DEN,1156.0,,38,48,-10
201102100DEN,RS,DEN,1164.0,,40,48,-8
201102100DEN,RS,DEN,1164.0,,41,48,-7
201102100DEN,RS,DEN,1181.0,,41,50,-9
201102100DEN,RS,DEN,1198.0,,44,50,-6
201102100DEN,RS,DEN,1229.0,,45,50,-5
201102100DEN,RS,DEN,1229.0,,46,50,-4
201102100DEN,RS,DEN,1251.0,,49,50,-1
201102100DEN,RS,DEN,1275.0,,49,52,-3
201102100DEN,RS,DEN,1301.0,,51,52,-1
201102100DEN,RS,DEN,1336.0,T,52,52,0
201102100DEN,RS,DEN,1355.0,,52,53,-1
201102100DEN,RS,DEN,1355.0,,52,54,-2
201102100DEN,RS,DEN,1371.0,T,54,54,0
201102100DEN,RS,DEN,1371.0,LC,55,54,1
201102100DEN,RS,DEN,1391.7,LC,55,56,-1
201102100DEN,RS,DEN,1406.5,LC,58,56,2
201102100DEN,RS,DEN,1425.8,LC,58,59,-1
201102100DEN,RS,DEN,1465.0,,58,61,-3
201102100DEN,RS,DEN,1490.0,,60,61,-1
201102100DEN,RS,DEN,1523.0,LC,63,61,2
201102100DEN,RS,DEN,1587.0,,65,61,4
201102100DEN,RS,DEN,1618.0,,65,62,3
201102100DEN,RS,DEN,1618.0,,65,63,2
201102100DEN,RS,DEN,1636.0,,67,63,4
201102100DEN,RS,DEN,1658.0,,67,65,2
201102100DEN,RS,DEN,1672.0,,69,65,4
201102100DEN,RS,DEN,1691.0,,69,68,1
201102100DEN,RS,DEN,1715.0,,70,68,2
201102100DEN,RS,DEN,1715.0,,71,68,3
201102100DEN,RS,DEN,1731.0,,71,70,1
201102100DEN,RS,DEN,1740.0,LC,71,73,-2
201102100DEN,RS,DEN,1771.0,,71,75,-4
201102100DEN,RS,DEN,1820.0,,73,75,-2
201102100DEN,RS,DEN,1836.0,,73,77,-4
201102100DEN,RS,DEN,1878.0,,76,77,-1
201102100DEN,RS,DEN,1911.0,LC,78,77,1
201102100DEN,RS,DEN,1951.0,,80,77,3
201102100DEN,RS,DEN,1977.0,,83,77,6
201102100DEN,RS,DEN,2002.0,,84,77,7
201102100DEN,RS,DEN,2020.0,,84,80,4
201102100DEN,RS,DEN,2041.0,,86,80,6
201102100DEN,RS,DEN,2060.0,,86,82,4
201102100DEN,RS,DEN,2089.0,,87,82,5
201102100DEN,RS,DEN,2089.0,,88,82,6
201102100DEN,RS,DEN,2102.3,,88,84,4
201102100DEN,RS,DEN,2102.3,,88,85,3
201102100DEN,RS,DEN,2126.0,,90,85,5
201102100DEN,RS,DEN,2128.5,,90,87,3
201102100DEN,RS,DEN,2128.5,,90,88,2
201102100DEN,RS,DEN,2149.0,,92,88,4
201102100DEN,RS,DEN,2198.0,,95,88,7
201102100DEN,RS,DEN,2245.0,,96,88,8
201102100DEN,RS,DEN,2245.0,,97,88,9
201102100DEN,RS,DEN,2267.0,,98,88,10
201102100DEN,RS,DEN,2267.0,,99,88,11
201102100DEN,RS,DEN,2322.0,,101,88,13
201102100DEN,RS,DEN,2339.0,,101,90,11
201102100DEN,RS,DEN,2356.0,,103,90,13
201102100DEN,RS,DEN,2361.0,,103,91,12
201102100DEN,RS,DEN,2391.0,,103,92,11
201102100DEN,RS,DEN,2391.0,,103,93,10
201102100DEN,RS,DEN,2417.0,,105,93,12
201102100DEN,RS,DEN,2429.0,,105,96,9
201102100DEN,RS,DEN,2454.0,,107,96,11
201102100DEN,RS,DEN,2469.0,,107,97,10
201102100DEN,RS,DEN,2469.0,,107,98,9
201102100DEN,RS,DEN,2530.0,,107,100,7
201102100DEN,RS,DEN,2549.0,,109,100,9
201102100DEN,RS,DEN,2563.0,,110,100,10
201102100DEN,RS,DEN,2578.0,,110,102,8
201102100DEN,RS,DEN,2610.0,,110,104,6
201102100DEN,RS,DEN,2632.0,,113,104,9
201102100DEN,RS,DEN,2649.0,,113,107,6
201102100DEN,RS,DEN,2665.0,,114,107,7
201102100DEN,RS,DEN,2665.0,,115,107,8
201102100DEN,RS,DEN,2676.0,,115,110,5
201102100DEN,RS,DEN,2699.0,,118,110,8
201102100DEN,RS,DEN,2709.0,,119,110,9
201102100DEN,RS,DEN,2752.0,,119,112,7
201102100DEN,RS,DEN,2783.0,,119,115,4
201102100DEN,RS,DEN,2814.0,,119,118,1
201102100DEN,RS,DEN,2846.7,T,119,119,0
201102100DEN,RS,DEN,2860.4,,120,119,1
201102100DEN,RS,DEN,2880.0,,120,121,-1
201102100DEN,RS,DEN,2880.0,F,120,121,-1
201102120HOU,RS,HOU,0.0,,0,0,0
201102120HOU,RS,HOU,91.0,,2,0,2
201102120HOU,RS,HOU,105.0,T,2,2,0
201102120HOU,RS,HOU,129.0,,4,2,2
201102120HOU,RS,HOU,171.0,T,4,4,0
201102120HOU,RS,HOU,221.0,,6,4,2
201102120HOU,RS,HOU,247.0,T,6,6,0
201102120HOU,RS,HOU,269.0,LC,6,8,-2
201102120HOU,RS,HOU,337.0,T,8,8,0
201102120HOU,RS,HOU,355.0,,8,10,-2
201102120HOU,RS,HOU,394.0,T,10,10,0
201102120HOU,RS,HOU,411.0,,10,12,-2
201102120HOU,RS,HOU,466.0,,10,14,-4
201102120HOU,RS,HOU,499.0,,12,14,-2
201102120HOU,RS,HOU,551.0,,12,16,-4
201102120HOU,RS,HOU,568.0,,14,16,-2
201102120HOU,RS,HOU,593.0,,14,17,-3
201102120HOU,RS,HOU,593.0,,14,18,-4
201102120HOU,RS,HOU,613.0,,16,18,-2
201102120HOU,RS,HOU,631.0,,16,20,-4
201102120HOU,RS,HOU,647.0,,18,20,-2
201102120HOU,RS,HOU,664.7,,18,22,-4
201102120HOU,RS,HOU,681.8,,19,22,-3
201102120HOU,RS,HOU,681.8,,20,22,-2
201102120HOU,RS,HOU,689.6,,20,25,-5
201102120HOU,RS,HOU,703.9,,21,25,-4
201102120HOU,RS,HOU,719.9,,23,25,-2
201102120HOU,RS,HOU,750.0,,23,27,-4
201102120HOU,RS,HOU,776.0,,26,27,-1
201102120HOU,RS,HOU,822.0,LC,28,27,1
201102120HOU,RS,HOU,848.0,LC,28,29,-1
201102120HOU,RS,HOU,869.0,LC,30,29,1
201102120HOU,RS,HOU,930.0,,31,29,2
201102120HOU,RS,HOU,941.0,T,31,31,0
201102120HOU,RS,HOU,977.0,LC,31,32,-1
201102120HOU,RS,HOU,994.0,LC,33,32,1
201102120HOU,RS,HOU,1022.0,,35,32,3
201102120HOU,RS,HOU,1056.0,,37,32,5
201102120HOU,RS,HOU,1110.0,,39,32,7
201102120HOU,RS,HOU,1127.0,,39,34,5
201102120HOU,RS,HOU,1160.0,,39,36,3
201102120HOU,RS,HOU,1178.0,,41,36,5
201102120HOU,RS,HOU,1178.0,,42,36,6
201102120HOU,RS,HOU,1199.0,,42,38,4
201102120HOU,RS,HOU,1219.0,,44,38,6
201102120HOU,RS,HOU,1237.0,,46,38,8
201102120HOU,RS,HOU,1263.0,,48,38,10
201102120HOU,RS,HOU,1275.0,,48,39,9
201102120HOU,RS,HOU,1275.0,,48,40,8
201102120HOU,RS,HOU,1287.0,,50,40,10
201102120HOU,RS,HOU,1315.0,,50,42,8
201102120HOU,RS,HOU,1363.0,,52,42,10
201102120HOU,RS,HOU,1385.2,,52,44,8
201102120HOU,RS,HOU,1395.4,,55,44,11
201102120HOU,RS,HOU,1409.9,,57,44,13
201102120HOU,RS,HOU,1493.0,,59,44,15
201102120HOU,RS,HOU,1521.0,,62,44,18
201102120HOU,RS,HOU,1560.0,,62,47,15
201102120HOU,RS,HOU,1604.0,,62,49,13
201102120HOU,RS,HOU,1641.0,,64,49,15
201102120HOU,RS,HOU,1675.0,,66,49,17
201102120HOU,RS,HOU,1706.0,,69,49,20
201102120HOU,RS,HOU,1725.0,,72,49,23
201102120HOU,RS,HOU,1807.0,,72,51,21
201102120HOU,RS,HOU,1843.0,,72,52,20
201102120HOU,RS,HOU,1843.0,,72,53,19
201102120HOU,RS,HOU,1893.0,,72,54,18
201102120HOU,RS,HOU,1907.0,,74,54,20
201102120HOU,RS,HOU,1937.0,,74,56,18
201102120HOU,RS,HOU,1959.0,,77,56,21
201102120HOU,RS,HOU,2028.0,,77,59,18
201102120HOU,RS,HOU,2051.0,,80,59,21
201102120HOU,RS,HOU,2100.0,,80,62,18
201102120HOU,RS,HOU,2112.8,,83,62,21
201102120HOU,RS,HOU,2132.4,,83,65,18
201102120HOU,RS,HOU,2153.5,,83,67,16
201102120HOU,RS,HOU,2204.0,,83,68,15
201102120HOU,RS,HOU,2204.0,,83,69,14
201102120HOU,RS,HOU,2223.0,,85,69,16
201102120HOU,RS,HOU,2301.0,,85,72,13
201102120HOU,RS,HOU,2327.0,,85,75,10
201102120HOU,RS,HOU,2393.0,,87,75,12
201102120HOU,RS,HOU,2433.0,,89,75,14
201102120HOU,RS,HOU,2453.0,,89,77,12
201102120HOU,RS,HOU,2476.0,,89,78,11
201102120HOU,RS,HOU,2499.0,,91,78,13
201102120HOU,RS,HOU,2515.0,,91,80,11
201102120HOU,RS,HOU,2535.0,,93,80,13
201102120HOU,RS,HOU,2561.0,,93,82,11
201102120HOU,RS,HOU,2597.0,,93,85,8
201102120HOU,RS,HOU,2660.0,,95,85,10
201102120HOU,RS,HOU,2675.0,,95,88,7
201102120HOU,RS,HOU,2699.0,,95,90,5
201102120HOU,RS,HOU,2743.0,,95,92,3
201102120HOU,RS,HOU,2766.0,,97,92,5
201102120HOU,RS,HOU,2778.0,,99,92,7
201102120HOU,RS,HOU,2850.4,,100,92,8
201102120HOU,RS,HOU,2858.8,,100,93,7
201102120HOU,RS,HOU,2858.8,,100,94,6
201102120HOU,RS,HOU,2859.4,,101,94,7
201102120HOU,RS,HOU,2859.4,,102,94,8
201102120HOU,RS,HOU,2863.8,,102,97,5
201102120HOU,RS,HOU,2864.3,,103,97,6
201102120HOU,RS,HOU,2864.3,,104,97,7
201102120HOU,RS,HOU,2874.2,,104,100,4
201102120HOU,RS,HOU,2874.4,,105,100,5
201102120HOU,RS,HOU,2874.4,,106,100,6
201102120HOU,RS,HOU,2877.8,F,106,102,4
201102120HOU,RS,HOU,2880.0,,106,102,4
201102160DAL,RS,SAC,0.0,,0,0,0
201102160DAL,RS,SAC,19.0,,0,2,-2
201102160DAL,RS,SAC,46.0,,0,3,-3
201102160DAL,RS,SAC,75.0,,0,5,-5
201102160DAL,RS,SAC,97.0,,2,5,-3
201102160DAL,RS,SAC,141.0,,4,5,-1
201102160DAL,RS,SAC,165.0,LC,6,5,1
201102160DAL,RS,SAC,260.0,,8,5,3
201102160DAL,RS,SAC,277.0,,8,7,1
201102160DAL,RS,SAC,304.0,LC,8,9,-1
201102160DAL,RS,SAC,328.0,LC,10,9,1
201102160DAL,RS,SAC,356.0,LC,10,12,-2
201102160DAL,RS,SAC,389.0,,10,14,-4
201102160DAL,RS,SAC,421.0,,10,16,-6
201102160DAL,RS,SAC,439.0,,13,16,-3
201102160DAL,RS,SAC,461.0,,15,16,-1
201102160DAL,RS,SAC,497.0,,15,18,-3
201102160DAL,RS,SAC,522.0,,15,20,-5
201102160DAL,RS,SAC,549.0,,17,20,-3
201102160DAL,RS,SAC,567.0,,19,20,-1
201102160DAL,RS,SAC,591.0,,19,23,-4
201102160DAL,RS,SAC,618.0,,21,23,-2
201102160DAL,RS,SAC,636.0,,21,25,-4
201102160DAL,RS,SAC,654.0,,23,25,-2
201102160DAL,RS,SAC,689.1,T,25,25,0
201102160DAL,RS,SAC,750.0,LC,27,25,2
201102160DAL,RS,SAC,770.0,,27,26,1
201102160DAL,RS,SAC,781.0,,29,26,3
201102160DAL,RS,SAC,793.0,,29,28,1
201102160DAL,RS,SAC,805.0,,32,28,4
201102160DAL,RS,SAC,826.0,,34,28,6
201102160DAL,RS,SAC,844.0,,34,30,4
201102160DAL,RS,SAC,874.0,,35,30,5
201102160DAL,RS,SAC,884.0,,35,33,2
201102160DAL,RS,SAC,899.0,,37,33,4
201102160DAL,RS,SAC,929.0,,39,33,6
201102160DAL,RS,SAC,951.0,,41,33,8
201102160DAL,RS,SAC,984.0,,41,35,6
201102160DAL,RS,SAC,1001.0,,44,35,9
201102160DAL,RS,SAC,1014.0,,44,37,7
201102160DAL,RS,SAC,1033.0,,46,37,9
201102160DAL,RS,SAC,1058.0,,48,37,11
201102160DAL,RS,SAC,1096.0,,48,39,9
201102160DAL,RS,SAC,1138.0,,50,39,11
201102160DAL,RS,SAC,1154.0,,50,41,9
201102160DAL,RS,SAC,1173.0,,52,41,11
201102160DAL,RS,SAC,1209.0,,52,42,10
201102160DAL,RS,SAC,1228.0,,52,44,8
201102160DAL,RS,SAC,1277.0,,55,44,11
201102160DAL,RS,SAC,1348.0,,55,46,9
201102160DAL,RS,SAC,1348.0,,55,47,8
201102160DAL,RS,SAC,1388.3,,57,47,10
201102160DAL,RS,SAC,1388.3,,58,47,11
201102160DAL,RS,SAC,1402.7,,58,48,10
201102160DAL,RS,SAC,1411.1,,61,48,13
201102160DAL,RS,SAC,1469.0,,61,51,10
201102160DAL,RS,SAC,1485.0,,63,51,12
201102160DAL,RS,SAC,1501.0,,63,52,11
201102160DAL,RS,SAC,1501.0,,63,53,10
201102160DAL,RS,SAC,1520.0,,63,55,8
201102160DAL,RS,SAC,1548.0,,63,57,6
201102160DAL,RS,SAC,1569.0,,65,57,8
201102160DAL,RS,SAC,1599.0,,65,59,6
201102160DAL,RS,SAC,1614.0,,68,59,9
201102160DAL,RS,SAC,1635.0,,68,61,7
201102160DAL,RS,SAC,1659.0,,68,63,5
201102160DAL,RS,SAC,1659.0,,68,64,4
201102160DAL,RS,SAC,1693.0,,68,66,2
201102160DAL,RS,SAC,1717.0,T,68,68,0
201102160DAL,RS,SAC,1759.0,,70,68,2
201102160DAL,RS,SAC,1776.0,T,70,70,0
201102160DAL,RS,SAC,1797.0,,72,70,2
201102160DAL,RS,SAC,1822.0,,75,70,5
201102160DAL,RS,SAC,1855.0,,78,70,8
201102160DAL,RS,SAC,1871.0,,80,70,10
201102160DAL,RS,SAC,1906.0,,83,70,13
201102160DAL,RS,SAC,1933.0,,83,72,11
201102160DAL,RS,SAC,1946.0,,85,72,13
201102160DAL,RS,SAC,1958.0,,85,73,12
201102160DAL,RS,SAC,1958.0,,85,74,11
201102160DAL,RS,SAC,1986.0,,88,74,14
201102160DAL,RS,SAC,2057.0,,91,74,17
201102160DAL,RS,SAC,2089.0,,94,74,20
201102160DAL,RS,SAC,2109.9,,94,75,19
201102160DAL,RS,SAC,2109.9,,94,76,18
201102160DAL,RS,SAC,2154.2,,96,76,20
201102160DAL,RS,SAC,2173.0,,98,76,22
201102160DAL,RS,SAC,2201.0,,100,76,24
201102160DAL,RS,SAC,2229.0,,100,78,22
201102160DAL,RS,SAC,2284.0,,102,78,24
201102160DAL,RS,SAC,2331.0,,104,78,26
201102160DAL,RS,SAC,2387.0,,104,80,24
201102160DAL,RS,SAC,2419.0,,104,81,23
201102160DAL,RS,SAC,2419.0,,104,82,22
201102160DAL,RS,SAC,2435.0,,106,82,24
201102160DAL,RS,SAC,2479.0,,106,84,22
201102160DAL,RS,SAC,2502.0,,107,84,23
201102160DAL,RS,SAC,2515.0,,107,86,21
201102160DAL,RS,SAC,2608.0,,107,87,20
201102160DAL,RS,SAC,2610.0,,107,88,19
201102160DAL,RS,SAC,2610.0,,107,89,18
201102160DAL,RS,SAC,2656.0,,109,89,20
201102160DAL,RS,SAC,2667.0,,109,90,19
201102160DAL,RS,SAC,2667.0,,109,91,18
201102160DAL,RS,SAC,2705.0,,111,91,20
201102160DAL,RS,SAC,2748.0,,113,91,22
201102160DAL,RS,SAC,2758.0,,113,92,21
201102160DAL,RS,SAC,2758.0,,113,93,20
201102160DAL,RS,SAC,2758.0,,113,94,19
201102160DAL,RS,SAC,2781.0,,113,95,18
201102160DAL,RS,SAC,2781.0,,113,96,17
201102160DAL,RS,SAC,2800.0,,113,97,16
201102160DAL,RS,SAC,2800.0,,113,98,15
201102160DAL,RS,SAC,2836.2,,116,98,18
201102160DAL,RS,SAC,2842.1,F,116,100,16
201102160DAL,RS,SAC,2880.0,,116,100,16
201102170PHO,RS,PHO,0.0,,0,0,0
201102170PHO,RS,PHO,40.0,,0,2,-2
201102170PHO,RS,PHO,89.0,T,2,2,0
201102170PHO,RS,PHO,99.0,,2,4,-2
201102170PHO,RS,PHO,138.0,T,4,4,0
201102170PHO,RS,PHO,161.0,LC,6,4,2
201102170PHO,RS,PHO,181.0,T,6,6,0
201102170PHO,RS,PHO,199.0,LC,6,8,-2
201102170PHO,RS,PHO,217.0,,6,10,-4
201102170PHO,RS,PHO,233.0,,8,10,-2
201102170PHO,RS,PHO,259.0,T,10,10,0
201102170PHO,RS,PHO,273.0,,10,12,-2
201102170PHO,RS,PHO,288.0,T,12,12,0
201102170PHO,RS,PHO,343.0,LC,14,12,2
201102170PHO,RS,PHO,367.0,,17,12,5
201102170PHO,RS,PHO,383.0,,17,14,3
201102170PHO,RS,PHO,383.0,,17,15,2
201102170PHO,RS,PHO,399.0,,19,15,4
201102170PHO,RS,PHO,434.0,,21,15,6
201102170PHO,RS,PHO,474.0,,21,17,4
201102170PHO,RS,PHO,496.0,,23,17,6
201102170PHO,RS,PHO,536.0,,23,18,5
201102170PHO,RS,PHO,566.0,,23,20,3
201102170PHO,RS,PHO,616.0,,25,20,5
201102170PHO,RS,PHO,631.0,,25,22,3
201102170PHO,RS,PHO,657.0,,27,22,5
201102170PHO,RS,PHO,668.5,,27,25,2
201102170PHO,RS,PHO,687.3,,28,25,3
201102170PHO,RS,PHO,749.0,,31,25,6
201102170PHO,RS,PHO,762.0,,31,26,5
201102170PHO,RS,PHO,803.0,,31,28,3
201102170PHO,RS,PHO,826.0,,33,28,5
201102170PHO,RS,PHO,840.0,,33,30,3
201102170PHO,RS,PHO,863.0,,35,30,5
201102170PHO,RS,PHO,878.0,,35,32,3
201102170PHO,RS,PHO,913.0,,37,32,5
201102170PHO,RS,PHO,939.0,,39,32,7
201102170PHO,RS,PHO,985.0,,41,32,9
201102170PHO,RS,PHO,1009.0,,41,34,7
201102170PHO,RS,PHO,1033.0,,43,34,9
201102170PHO,RS,PHO,1048.0,,43,36,7
201102170PHO,RS,PHO,1131.0,,46,36,10
201102170PHO,RS,PHO,1149.0,,46,38,8
201102170PHO,RS,PHO,1174.0,,46,40,6
201102170PHO,RS,PHO,1191.0,,47,40,7
201102170PHO,RS,PHO,1191.0,,48,40,8
201102170PHO,RS,PHO,1210.0,,48,42,6
201102170PHO,RS,PHO,1240.0,,48,43,5
201102170PHO,RS,PHO,1240.0,,48,44,4
201102170PHO,RS,PHO,1293.0,,51,44,7
201102170PHO,RS,PHO,1311.0,,51,47,4
201102170PHO,RS,PHO,1348.0,,52,47,5
201102170PHO,RS,PHO,1360.0,,52,49,3
201102170PHO,RS,PHO,1378.0,,53,49,4
201102170PHO,RS,PHO,1378.0,,54,49,5
201102170PHO,RS,PHO,1388.8,,54,51,3
201102170PHO,RS,PHO,1450.0,,54,53,1
201102170PHO,RS,PHO,1467.0,,57,53,4
201102170PHO,RS,PHO,1501.0,,57,55,2
201102170PHO,RS,PHO,1517.0,,59,55,4
201102170PHO,RS,PHO,1533.0,,59,57,2
201102170PHO,RS,PHO,1569.0,T,59,59,0
201102170PHO,RS,PHO,1606.0,LC,59,60,-1
201102170PHO,RS,PHO,1606.0,,59,61,-2
201102170PHO,RS,PHO,1617.0,,60,61,-1
201102170PHO,RS,PHO,1617.0,T,61,61,0
201102170PHO,RS,PHO,1635.0,,61,62,-1
201102170PHO,RS,PHO,1651.0,LC,64,62,2
201102170PHO,RS,PHO,1667.0,T,64,64,0
201102170PHO,RS,PHO,1693.0,LC,64,66,-2
201102170PHO,RS,PHO,1713.0,LC,67,66,1
201102170PHO,RS,PHO,1797.0,T,67,67,0
201102170PHO,RS,PHO,1797.0,LC,67,68,-1
201102170PHO,RS,PHO,1823.0,T,68,68,0
201102170PHO,RS,PHO,1841.0,,68,71,-3
201102170PHO,RS,PHO,1862.0,T,71,71,0
201102170PHO,RS,PHO,1872.0,,71,72,-1
201102170PHO,RS,PHO,1905.0,,71,74,-3
201102170PHO,RS,PHO,1931.0,,73,74,-1
201102170PHO,RS,PHO,1953.0,,73,75,-2
201102170PHO,RS,PHO,1953.0,,73,76,-3
201102170PHO,RS,PHO,1975.0,,75,76,-1
201102170PHO,RS,PHO,1993.0,,75,78,-3
201102170PHO,RS,PHO,2008.0,,76,78,-2
201102170PHO,RS,PHO,2019.0,,76,80,-4
201102170PHO,RS,PHO,2043.0,,78,80,-2
201102170PHO,RS,PHO,2067.0,T,80,80,0
201102170PHO,RS,PHO,2095.0,LC,83,80,3
201102170PHO,RS,PHO,2124.2,,85,80,5
201102170PHO,RS,PHO,2247.0,,87,80,7
201102170PHO,RS,PHO,2270.0,,87,82,5
201102170PHO,RS,PHO,2304.0,,87,83,4
201102170PHO,RS,PHO,2340.0,,90,83,7
201102170PHO,RS,PHO,2405.0,,90,85,5
201102170PHO,RS,PHO,2433.0,,90,86,4
201102170PHO,RS,PHO,2433.0,,90,87,3
201102170PHO,RS,PHO,2443.0,,92,87,5
201102170PHO,RS,PHO,2458.0,,92,89,3
201102170PHO,RS,PHO,2477.0,,92,90,2
201102170PHO,RS,PHO,2499.0,,94,90,4
201102170PHO,RS,PHO,2542.0,,94,92,2
201102170PHO,RS,PHO,2589.0,,95,92,3
201102170PHO,RS,PHO,2589.0,,96,92,4
201102170PHO,RS,PHO,2622.0,,98,92,6
201102170PHO,RS,PHO,2641.0,,98,94,4
201102170PHO,RS,PHO,2666.0,,100,94,6
201102170PHO,RS,PHO,2666.0,,101,94,7
201102170PHO,RS,PHO,2686.0,,103,94,9
201102170PHO,RS,PHO,2692.0,,103,97,6
201102170PHO,RS,PHO,2708.0,,105,97,8
201102170PHO,RS,PHO,2771.0,,105,99,6
201102170PHO,RS,PHO,2787.0,,107,99,8
201102170PHO,RS,PHO,2801.0,,107,101,6
201102170PHO,RS,PHO,2834.5,,107,103,4
201102170PHO,RS,PHO,2859.9,,109,103,6
201102170PHO,RS,PHO,2862.7,,109,106,3
201102170PHO,RS,PHO,2865.9,,110,106,4
201102170PHO,RS,PHO,2865.9,,111,106,5
201102170PHO,RS,PHO,2873.0,F,112,106,6
201102170PHO,RS,PHO,2880.0,,112,106,6
201102230DAL,RS,UTA,0.0,,0,0,0
201102230DAL,RS,UTA,17.0,,3,0,3
201102230DAL,RS,UTA,47.0,,3,2,1
201102230DAL,RS,UTA,95.0,LC,3,4,-1
201102230DAL,RS,UTA,114.0,,3,6,-3
201102230DAL,RS,UTA,132.0,,5,6,-1
201102230DAL,RS,UTA,147.0,LC,7,6,1
201102230DAL,RS,UTA,185.0,,10,6,4
201102230DAL,RS,UTA,234.0,,10,8,2
201102230DAL,RS,UTA,286.0,,12,8,4
201102230DAL,RS,UTA,299.0,,12,10,2
201102230DAL,RS,UTA,355.0,,12,11,1
201102230DAL,RS,UTA,367.0,,14,11,3
201102230DAL,RS,UTA,381.0,,14,13,1
201102230DAL,RS,UTA,425.0,,16,13,3
201102230DAL,RS,UTA,439.0,,16,15,1
201102230DAL,RS,UTA,498.0,,18,15,3
201102230DAL,RS,UTA,502.0,,18,16,2
201102230DAL,RS,UTA,516.0,LC,18,19,-1
201102230DAL,RS,UTA,550.0,,18,21,-3
201102230DAL,RS,UTA,590.0,,18,23,-5
201102230DAL,RS,UTA,590.0,,18,24,-6
201102230DAL,RS,UTA,633.0,,19,24,-5
201102230DAL,RS,UTA,633.0,,20,24,-4
201102230DAL,RS,UTA,651.0,,21,24,-3
201102230DAL,RS,UTA,692.1,,21,26,-5
201102230DAL,RS,UTA,718.1,,23,26,-3
201102230DAL,RS,UTA,749.0,,23,29,-6
201102230DAL,RS,UTA,770.0,,25,29,-4
201102230DAL,RS,UTA,794.0,,25,31,-6
201102230DAL,RS,UTA,807.0,,28,31,-3
201102230DAL,RS,UTA,822.0,,28,32,-4
201102230DAL,RS,UTA,833.0,,28,34,-6
201102230DAL,RS,UTA,847.0,,30,34,-4
201102230DAL,RS,UTA,847.0,,31,34,-3
201102230DAL,RS,UTA,872.0,,31,37,-6
201102230DAL,RS,UTA,872.0,,31,38,-7
201102230DAL,RS,UTA,886.0,,33,38,-5
201102230DAL,RS,UTA,886.0,,34,38,-4
201102230DAL,RS,UTA,916.0,,34,39,-5
201102230DAL,RS,UTA,932.0,,36,39,-3
201102230DAL,RS,UTA,965.0,,38,39,-1
201102230DAL,RS,UTA,978.0,,38,40,-2
201102230DAL,RS,UTA,978.0,,38,41,-3
201102230DAL,RS,UTA,1017.0,,39,41,-2
201102230DAL,RS,UTA,1017.0,,40,41,-1
201102230DAL,RS,UTA,1033.0,,40,44,-4
201102230DAL,RS,UTA,1056.0,,43,44,-1
201102230DAL,RS,UTA,1091.0,LC,45,44,1
201102230DAL,RS,UTA,1137.0,LC,45,46,-1
201102230DAL,RS,UTA,1137.0,,45,47,-2
201102230DAL,RS,UTA,1158.0,LC,48,47,1
201102230DAL,RS,UTA,1176.0,T,48,48,0
201102230DAL,RS,UTA,1176.0,LC,48,49,-1
201102230DAL,RS,UTA,1209.0,,48,51,-3
201102230DAL,RS,UTA,1248.0,,50,51,-1
201102230DAL,RS,UTA,1271.0,LC,52,51,1
201102230DAL,RS,UTA,1314.0,,54,51,3
201102230DAL,RS,UTA,1364.0,,57,51,6
201102230DAL,RS,UTA,1402.1,,57,53,4
201102230DAL,RS,UTA,1418.1,,59,53,6
201102230DAL,RS,UTA,1439.4,,59,54,5
201102230DAL,RS,UTA,1439.4,,59,55,4
201102230DAL,RS,UTA,1512.0,,59,57,2
201102230DAL,RS,UTA,1542.0,T,59,59,0
201102230DAL,RS,UTA,1556.0,,61,59,2
201102230DAL,RS,UTA,1569.0,,61,60,1
201102230DAL,RS,UTA,1569.0,T,61,61,0
201102230DAL,RS,UTA,1651.0,,63,61,2
201102230DAL,RS,UTA,1668.0,T,63,63,0
201102230DAL,RS,UTA,1694.0,,65,63,2
201102230DAL,RS,UTA,1719.0,,67,63,4
201102230DAL,RS,UTA,1749.0,,70,63,7
201102230DAL,RS,UTA,1768.0,,70,65,5
201102230DAL,RS,UTA,1786.0,,71,65,6
201102230DAL,RS,UTA,1816.0,,71,67,4
201102230DAL,RS,UTA,1831.0,,74,67,7
201102230DAL,RS,UTA,1867.0,,77,67,10
201102230DAL,RS,UTA,1896.0,,77,68,9
201102230DAL,RS,UTA,1912.0,,79,68,11
201102230DAL,RS,UTA,1933.0,,79,69,10
201102230DAL,RS,UTA,1933.0,,79,70,9
201102230DAL,RS,UTA,1946.0,,79,71,8
201102230DAL,RS,UTA,1983.0,,80,71,9
201102230DAL,RS,UTA,1983.0,,81,71,10
201102230DAL,RS,UTA,2002.0,,82,71,11
201102230DAL,RS,UTA,2002.0,,83,71,12
201102230DAL,RS,UTA,2014.0,,83,72,11
201102230DAL,RS,UTA,2014.0,,83,73,10
201102230DAL,RS,UTA,2024.0,,85,73,12
201102230DAL,RS,UTA,2065.0,,86,73,13
201102230DAL,RS,UTA,2127.1,,86,75,11
201102230DAL,RS,UTA,2143.4,,87,75,12
201102230DAL,RS,UTA,2143.4,,88,75,13
201102230DAL,RS,UTA,2158.3,,88,76,12
201102230DAL,RS,UTA,2158.3,,88,77,11
201102230DAL,RS,UTA,2182.0,,91,77,14
201102230DAL,RS,UTA,2233.0,,92,77,15
201102230DAL,RS,UTA,2233.0,,93,77,16
201102230DAL,RS,UTA,2252.0,,93,79,14
201102230DAL,RS,UTA,2262.0,,95,79,16
201102230DAL,RS,UTA,2288.0,,97,79,18
201102230DAL,RS,UTA,2326.0,,97,81,16
201102230DAL,RS,UTA,2344.0,,99,81,18
201102230DAL,RS,UTA,2357.0,,99,83,16
201102230DAL,RS,UTA,2382.0,,101,83,18
201102230DAL,RS,UTA,2396.0,,101,85,16
201102230DAL,RS,UTA,2423.0,,102,85,17
201102230DAL,RS,UTA,2423.0,,103,85,18
201102230DAL,RS,UTA,2442.0,,103,87,16
201102230DAL,RS,UTA,2454.0,,105,87,18
201102230DAL,RS,UTA,2499.0,,105,89,16
201102230DAL,RS,UTA,2513.0,,107,89,18
201102230DAL,RS,UTA,2573.0,,107,91,16
201102230DAL,RS,UTA,2594.0,,109,91,18
201102230DAL,RS,UTA,2611.0,,109,93,16
201102230DAL,RS,UTA,2624.0,,111,93,18
201102230DAL,RS,UTA,2656.0,,111,95,16
201102230DAL,RS,UTA,2681.0,,113,95,18
201102230DAL,RS,UTA,2713.0,,115,95,20
201102230DAL,RS,UTA,2767.0,,116,95,21
201102230DAL,RS,UTA,2803.0,,116,96,20
201102230DAL,RS,UTA,2803.0,,116,97,19
201102230DAL,RS,UTA,2835.1,,116,99,17
201102230DAL,RS,UTA,2852.1,F,118,99,19
201102230DAL,RS,UTA,2880.0,,118,99,19
201102260WAS,RS,WAS,0.0,,0,0,0
201102260WAS,RS,WAS,15.0,,0,2,-2
201102260WAS,RS,WAS,57.0,,0,4,-4
201102260WAS,RS,WAS,86.0,,0,6,-6
201102260WAS,RS,WAS,111.0,,2,6,-4
201102260WAS,RS,WAS,142.0,,2,8,-6
201102260WAS,RS,WAS,160.0,,3,8,-5
201102260WAS,RS,WAS,183.0,,5,8,-3
201102260WAS,RS,WAS,198.0,,5,10,-5
201102260WAS,RS,WAS,208.0,,6,10,-4
201102260WAS,RS,WAS,208.0,,7,10,-3
201102260WAS,RS,WAS,229.0,,9,10,-1
201102260WAS,RS,WAS,247.0,,9,12,-3
201102260WAS,RS,WAS,263.0,T,12,12,0
201102260WAS,RS,WAS,325.0,LC,14,12,2
201102260WAS,RS,WAS,371.0,,14,13,1
201102260WAS,RS,WAS,409.0,,16,13,3
201102260WAS,RS,WAS,441.0,,17,13,4
201102260WAS,RS,WAS,456.0,,17,15,2
201102260WAS,RS,WAS,468.0,,18,15,3
201102260WAS,RS,WAS,468.0,,19,15,4
201102260WAS,RS,WAS,493.0,,21,15,6
201102260WAS,RS,WAS,535.0,,21,16,5
201102260WAS,RS,WAS,595.0,,21,18,3
201102260WAS,RS,WAS,624.0,,21,20,1
201102260WAS,RS,WAS,651.0,,23,20,3
201102260WAS,RS,WAS,667.1,,23,22,1
201102260WAS,RS,WAS,734.0,,25,22,3
201102260WAS,RS,WAS,734.0,,26,22,4
201102260WAS,RS,WAS,777.0,,26,24,2
201102260WAS,RS,WAS,800.0,T,26,26,0
201102260WAS,RS,WAS,800.0,LC,26,27,-1
201102260WAS,RS,WAS,824.0,LC,28,27,1
201102260WAS,RS,WAS,859.0,,30,27,3
201102260WAS,RS,WAS,874.0,,30,29,1
201102260WAS,RS,WAS,893.0,LC,30,31,-1
201102260WAS,RS,WAS,917.0,LC,32,31,1
201102260WAS,RS,WAS,966.0,,33,31,2
201102260WAS,RS,WAS,981.0,T,33,33,0
201102260WAS,RS,WAS,1005.0,LC,33,35,-2
201102260WAS,RS,WAS,1027.0,LC,36,35,1
201102260WAS,RS,WAS,1049.0,LC,36,37,-1
201102260WAS,RS,WAS,1069.0,T,37,37,0
201102260WAS,RS,WAS,1069.0,LC,38,37,1
201102260WAS,RS,WAS,1081.0,LC,38,40,-2
201102260WAS,RS,WAS,1124.0,T,40,40,0
201102260WAS,RS,WAS,1175.0,LC,42,40,2
201102260WAS,RS,WAS,1214.0,,43,40,3
201102260WAS,RS,WAS,1214.0,,44,40,4
201102260WAS,RS,WAS,1232.0,,44,42,2
201102260WAS,RS,WAS,1240.0,,46,42,4
201102260WAS,RS,WAS,1262.0,,46,44,2
201102260WAS,RS,WAS,1280.0,,48,44,4
201102260WAS,RS,WAS,1310.0,,50,44,6
201102260WAS,RS,WAS,1338.0,,53,44,9
201102260WAS,RS,WAS,1380.0,,55,44,11
201102260WAS,RS,WAS,1401.5,,57,44,13
201102260WAS,RS,WAS,1416.2,,57,46,11
201102260WAS,RS,WAS,1435.8,,59,46,13
201102260WAS,RS,WAS,1439.7,,59,49,10
201102260WAS,RS,WAS,1493.0,,59,51,8
201102260WAS,RS,WAS,1530.0,,59,52,7
201102260WAS,RS,WAS,1530.0,,59,53,6
201102260WAS,RS,WAS,1557.0,,59,54,5
201102260WAS,RS,WAS,1617.0,,59,56,3
201102260WAS,RS,WAS,1646.0,,59,58,1
201102260WAS,RS,WAS,1661.0,,61,58,3
201102260WAS,RS,WAS,1687.0,,62,58,4
201102260WAS,RS,WAS,1700.0,,64,58,6
201102260WAS,RS,WAS,1735.0,,64,60,4
201102260WAS,RS,WAS,1751.0,,66,60,6
201102260WAS,RS,WAS,1770.0,,69,60,9
201102260WAS,RS,WAS,1856.0,,69,63,6
201102260WAS,RS,WAS,1873.0,,71,63,8
201102260WAS,RS,WAS,1908.0,,73,63,10
201102260WAS,RS,WAS,1934.0,,73,65,8
201102260WAS,RS,WAS,1968.0,,76,65,11
201102260WAS,RS,WAS,2019.0,,76,67,9
201102260WAS,RS,WAS,2087.0,,76,69,7
201102260WAS,RS,WAS,2110.5,,76,72,4
201102260WAS,RS,WAS,2157.0,,77,72,5
201102260WAS,RS,WAS,2157.0,,78,72,6
201102260WAS,RS,WAS,2186.0,,80,72,8
201102260WAS,RS,WAS,2205.0,,80,74,6
201102260WAS,RS,WAS,2245.0,,80,76,4
201102260WAS,RS,WAS,2286.0,,83,76,7
201102260WAS,RS,WAS,2311.0,,85,76,9
201102260WAS,RS,WAS,2381.0,,87,76,11
201102260WAS,RS,WAS,2403.0,,87,78,9
201102260WAS,RS,WAS,2418.0,,89,78,11
201102260WAS,RS,WAS,2437.0,,89,80,9
201102260WAS,RS,WAS,2457.0,,89,82,7
201102260WAS,RS,WAS,2477.0,,91,82,9
201102260WAS,RS,WAS,2494.0,,91,84,7
201102260WAS,RS,WAS,2519.0,,93,84,9
201102260WAS,RS,WAS,2539.0,,93,86,7
201102260WAS,RS,WAS,2640.0,,95,86,9
201102260WAS,RS,WAS,2664.0,,95,89,6
201102260WAS,RS,WAS,2681.0,,97,89,8
201102260WAS,RS,WAS,2695.0,,97,91,6
201102260WAS,RS,WAS,2722.0,,97,93,4
201102260WAS,RS,WAS,2750.0,,97,95,2
201102260WAS,RS,WAS,2784.0,T,97,97,0
201102260WAS,RS,WAS,2803.0,,99,97,2
201102260WAS,RS,WAS,2834.9,,100,97,3
201102260WAS,RS,WAS,2834.9,,101,97,4
201102260WAS,RS,WAS,2842.3,,102,97,5
201102260WAS,RS,WAS,2842.3,,103,97,6
201102260WAS,RS,WAS,2848.1,,103,99,4
201102260WAS,RS,WAS,2849.4,,104,99,5
201102260WAS,RS,WAS,2865.1,F,105,99,6
201102260WAS,RS,WAS,2880.0,,105,99,6
201102270TOR,RS,TOR,0.0,,0,0,0
201102270TOR,RS,TOR,15.0,,2,0,2
201102270TOR,RS,TOR,38.0,T,2,2,0
201102270TOR,RS,TOR,67.0,LC,2,4,-2
201102270TOR,RS,TOR,102.0,,2,6,-4
201102270TOR,RS,TOR,138.0,,2,8,-6
201102270TOR,RS,TOR,164.0,,2,10,-8
201102270TOR,RS,TOR,203.0,,2,12,-10
201102270TOR,RS,TOR,222.0,,2,14,-12
201102270TOR,RS,TOR,246.0,,2,16,-14
201102270TOR,RS,TOR,270.0,,2,18,-16
201102270TOR,RS,TOR,307.0,,3,18,-15
201102270TOR,RS,TOR,326.0,,3,19,-16
201102270TOR,RS,TOR,326.0,,3,20,-17
201102270TOR,RS,TOR,363.0,,3,22,-19
201102270TOR,RS,TOR,386.0,,5,22,-17
201102270TOR,RS,TOR,412.0,,7,22,-15
201102270TOR,RS,TOR,433.0,,9,22,-13
201102270TOR,RS,TOR,452.0,,9,24,-15
201102270TOR,RS,TOR,463.0,,11,24,-13
201102270TOR,RS,TOR,515.0,,13,24,-11
201102270TOR,RS,TOR,532.0,,13,26,-13
201102270TOR,RS,TOR,557.0,,14,26,-12
201102270TOR,RS,TOR,557.0,,15,26,-11
201102270TOR,RS,TOR,607.0,,15,28,-13
201102270TOR,RS,TOR,622.0,,17,28,-11
201102270TOR,RS,TOR,661.1,,19,28,-9
201102270TOR,RS,TOR,687.1,,21,28,-7
201102270TOR,RS,TOR,708.1,,21,30,-9
201102270TOR,RS,TOR,720.0,,24,30,-6
201102270TOR,RS,TOR,758.0,,26,30,-4
201102270TOR,RS,TOR,772.0,,28,30,-2
201102270TOR,RS,TOR,788.0,,28,33,-5
201102270TOR,RS,TOR,834.0,,28,35,-7
201102270TOR,RS,TOR,865.0,,30,35,-5
201102270TOR,RS,TOR,908.0,,32,35,-3
201102270TOR,RS,TOR,922.0,,32,36,-4
201102270TOR,RS,TOR,940.0,,35,36,-1
201102270TOR,RS,TOR,1057.0,,35,39,-4
201102270TOR,RS,TOR,1078.0,,37,39,-2
201102270TOR,RS,TOR,1103.0,,37,42,-5
201102270TOR,RS,TOR,1145.0,,39,42,-3
201102270TOR,RS,TOR,1157.0,,39,44,-5
201102270TOR,RS,TOR,1157.0,,39,45,-6
201102270TOR,RS,TOR,1188.0,,40,45,-5
201102270TOR,RS,TOR,1188.0,,41,45,-4
201102270TOR,RS,TOR,1198.0,,41,47,-6
201102270TOR,RS,TOR,1215.0,,41,48,-7
201102270TOR,RS,TOR,1215.0,,41,49,-8
201102270TOR,RS,TOR,1274.0,,41,52,-11
201102270TOR,RS,TOR,1292.0,,43,52,-9
201102270TOR,RS,TOR,1314.0,,43,54,-11
201102270TOR,RS,TOR,1334.0,,46,54,-8
201102270TOR,RS,TOR,1369.0,,46,55,-9
201102270TOR,RS,TOR,1388.3,,47,55,-8
201102270TOR,RS,TOR,1388.3,,48,55,-7
201102270TOR,RS,TOR,1409.3,,49,55,-6
201102270TOR,RS,TOR,1409.3,,50,55,-5
201102270TOR,RS,TOR,1426.1,,50,57,-7
201102270TOR,RS,TOR,1470.0,,52,57,-5
201102270TOR,RS,TOR,1487.0,,52,59,-7
201102270TOR,RS,TOR,1526.0,,54,59,-5
201102270TOR,RS,TOR,1548.0,,54,61,-7
201102270TOR,RS,TOR,1587.0,,56,61,-5
201102270TOR,RS,TOR,1629.0,,58,61,-3
201102270TOR,RS,TOR,1725.0,,60,61,-1
201102270TOR,RS,TOR,1758.0,LC,62,61,1
201102270TOR,RS,TOR,1818.0,,65,61,4
201102270TOR,RS,TOR,1837.0,,65,63,2
201102270TOR,RS,TOR,1850.0,T,65,65,0
201102270TOR,RS,TOR,1909.0,,68,65,3
201102270TOR,RS,TOR,1927.0,,68,67,1
201102270TOR,RS,TOR,2009.0,,70,67,3
201102270TOR,RS,TOR,2038.0,,72,67,5
201102270TOR,RS,TOR,2087.0,,74,67,7
201102270TOR,RS,TOR,2113.7,,75,67,8
201102270TOR,RS,TOR,2127.2,,75,69,6
201102270TOR,RS,TOR,2158.0,,75,71,4
201102270TOR,RS,TOR,2158.0,,75,72,3
201102270TOR,RS,TOR,2177.0,,77,72,5
201102270TOR,RS,TOR,2194.0,,77,74,3
201102270TOR,RS,TOR,2210.0,,79,74,5
201102270TOR,RS,TOR,2210.0,,80,74,6
201102270TOR,RS,TOR,2238.0,,83,74,9
201102270TOR,RS,TOR,2266.0,,84,74,10
201102270TOR,RS,TOR,2266.0,,85,74,11
201102270TOR,RS,TOR,2287.0,,87,74,13
201102270TOR,RS,TOR,2303.0,,87,76,11
201102270TOR,RS,TOR,2322.0,,89,76,13
201102270TOR,RS,TOR,2337.0,,89,78,11
201102270TOR,RS,TOR,2362.0,,91,78,13
201102270TOR,RS,TOR,2390.0,,93,78,15
201102270TOR,RS,TOR,2431.0,,95,78,17
201102270TOR,RS,TOR,2463.0,,95,80,15
201102270TOR,RS,TOR,2479.0,,97,80,17
201102270TOR,RS,TOR,2503.0,,97,82,15
201102270TOR,RS,TOR,2546.0,,99,82,17
201102270TOR,RS,TOR,2582.0,,101,82,19
201102270TOR,RS,TOR,2593.0,,101,84,17
201102270TOR,RS,TOR,2612.0,,103,84,19
201102270TOR,RS,TOR,2628.0,,103,86,17
201102270TOR,RS,TOR,2650.0,,106,86,20
201102270TOR,RS,TOR,2661.0,,106,87,19
201102270TOR,RS,TOR,2681.0,,109,87,22
201102270TOR,RS,TOR,2706.0,,109,89,20
201102270TOR,RS,TOR,2726.0,,110,89,21
201102270TOR,RS,TOR,2752.0,,111,89,22
201102270TOR,RS,TOR,2752.0,,112,89,23
201102270TOR,RS,TOR,2764.0,,112,91,21
201102270TOR,RS,TOR,2797.0,,112,94,18
201102270TOR,RS,TOR,2827.2,,112,96,16
201102270TOR,RS,TOR,2850.1,F,114,96,18
201102270TOR,RS,TOR,2880.0,,114,96,18
201103010PHI,RS,PHI,0.0,,0,0,0
201103010PHI,RS,PHI,82.0,,2,0,2
201103010PHI,RS,PHI,97.0,LC,2,3,-1
201103010PHI,RS,PHI,136.0,,2,5,-3
201103010PHI,RS,PHI,153.0,,4,5,-1
201103010PHI,RS,PHI,168.0,,4,7,-3
201103010PHI,RS,PHI,189.0,,6,7,-1
201103010PHI,RS,PHI,230.0,,6,9,-3
201103010PHI,RS,PHI,317.0,,8,9,-1
201103010PHI,RS,PHI,339.0,,8,11,-3
201103010PHI,RS,PHI,378.0,,10,11,-1
201103010PHI,RS,PHI,399.0,,10,13,-3
201103010PHI,RS,PHI,417.0,,12,13,-1
201103010PHI,RS,PHI,480.0,LC,14,13,1
201103010PHI,RS,PHI,497.0,LC,14,15,-1
201103010PHI,RS,PHI,512.0,LC,16,15,1
201103010PHI,RS,PHI,512.0,,17,15,2
201103010PHI,RS,PHI,532.0,,19,15,4
201103010PHI,RS,PHI,556.0,,19,18,1
201103010PHI,RS,PHI,616.0,T,19,19,0
201103010PHI,RS,PHI,616.0,LC,19,20,-1
201103010PHI,RS,PHI,629.0,LC,21,20,1
201103010PHI,RS,PHI,661.2,,23,20,3
201103010PHI,RS,PHI,718.7,,23,22,1
201103010PHI,RS,PHI,750.0,LC,23,24,-1
201103010PHI,RS,PHI,763.0,LC,25,24,1
201103010PHI,RS,PHI,780.0,LC,25,27,-2
201103010PHI,RS,PHI,801.0,LC,28,27,1
201103010PHI,RS,PHI,822.0,LC,28,29,-1
201103010PHI,RS,PHI,842.0,LC,30,29,1
201103010PHI,RS,PHI,894.0,LC,30,31,-1
201103010PHI,RS,PHI,894.0,,30,32,-2
201103010PHI,RS,PHI,912.0,T,32,32,0
201103010PHI,RS,PHI,912.0,LC,33,32,1
201103010PHI,RS,PHI,929.0,LC,33,34,-1
201103010PHI,RS,PHI,946.0,LC,35,34,1
201103010PHI,RS,PHI,992.0,LC,35,36,-1
201103010PHI,RS,PHI,1023.0,LC,37,36,1
201103010PHI,RS,PHI,1140.0,,39,36,3
201103010PHI,RS,PHI,1186.0,,39,37,2
201103010PHI,RS,PHI,1186.0,,39,38,1
201103010PHI,RS,PHI,1235.0,,41,38,3
201103010PHI,RS,PHI,1284.0,,44,38,6
201103010PHI,RS,PHI,1310.0,,44,39,5
201103010PHI,RS,PHI,1325.0,,45,39,6
201103010PHI,RS,PHI,1325.0,,46,39,7
201103010PHI,RS,PHI,1353.0,,49,39,10
201103010PHI,RS,PHI,1374.0,,49,40,9
201103010PHI,RS,PHI,1385.1,,51,40,11
201103010PHI,RS,PHI,1404.1,,51,42,9
201103010PHI,RS,PHI,1434.7,,51,43,8
201103010PHI,RS,PHI,1434.7,,51,44,7
201103010PHI,RS,PHI,1456.0,,54,44,10
201103010PHI,RS,PHI,1474.0,,54,46,8
201103010PHI,RS,PHI,1504.0,,54,48,6
201103010PHI,RS,PHI,1526.0,,56,48,8
201103010PHI,RS,PHI,1545.0,,56,51,5
201103010PHI,RS,PHI,1567.0,,56,52,4
201103010PHI,RS,PHI,1567.0,,56,53,3
201103010PHI,RS,PHI,1570.0,,58,53,5
201103010PHI,RS,PHI,1594.0,,60,53,7
201103010PHI,RS,PHI,1636.0,,60,55,5
201103010PHI,RS,PHI,1700.0,,60,58,2
201103010PHI,RS,PHI,1724.0,T,60,60,0
201103010PHI,RS,PHI,1745.0,,62,60,2
201103010PHI,RS,PHI,1781.0,,65,60,5
201103010PHI,RS,PHI,1799.0,,65,62,3
201103010PHI,RS,PHI,1815.0,,67,62,5
201103010PHI,RS,PHI,1848.0,,67,65,2
201103010PHI,RS,PHI,1866.0,,69,65,4
201103010PHI,RS,PHI,1880.0,,69,67,2
201103010PHI,RS,PHI,1903.0,T,69,69,0
201103010PHI,RS,PHI,1939.0,,71,69,2
201103010PHI,RS,PHI,1957.0,,73,69,4
201103010PHI,RS,PHI,1971.0,,73,71,2
201103010PHI,RS,PHI,2031.0,,74,71,3
201103010PHI,RS,PHI,2054.0,,76,71,5
201103010PHI,RS,PHI,2073.0,,76,73,3
201103010PHI,RS,PHI,2088.0,,77,73,4
201103010PHI,RS,PHI,2109.1,,77,75,2
201103010PHI,RS,PHI,2127.0,T,77,77,0
201103010PHI,RS,PHI,2147.3,,79,77,2
201103010PHI,RS,PHI,2176.0,T,79,79,0
201103010PHI,RS,PHI,2196.0,,81,79,2
201103010PHI,RS,PHI,2246.0,,81,80,1
201103010PHI,RS,PHI,2261.0,,83,80,3
201103010PHI,RS,PHI,2280.0,,83,81,2
201103010PHI,RS,PHI,2312.0,,83,82,1
201103010PHI,RS,PHI,2359.0,,84,82,2
201103010PHI,RS,PHI,2382.0,,85,82,3
201103010PHI,RS,PHI,2455.0,,87,82,5
201103010PHI,RS,PHI,2522.0,,87,84,3
201103010PHI,RS,PHI,2641.0,,87,86,1
201103010PHI,RS,PHI,2659.0,,89,86,3
201103010PHI,RS,PHI,2679.0,,89,88,1
201103010PHI,RS,PHI,2701.0,,92,88,4
201103010PHI,RS,PHI,2779.0,,92,91,1
201103010PHI,RS,PHI,2801.0,,94,91,3
201103010PHI,RS,PHI,2827.1,,96,91,5
201103010PHI,RS,PHI,2839.5,,97,91,6
201103010PHI,RS,PHI,2839.5,,98,91,7
201103010PHI,RS,PHI,2845.1,,98,93,5
201103010PHI,RS,PHI,2845.4,,99,93,6
201103010PHI,RS,PHI,2854.4,,100,93,7
201103010PHI,RS,PHI,2854.4,F,101,93,8
201103010PHI,RS,PHI,2880.0,,101,93,8
201103040DAL,RS,IND,0.0,,0,0,0
201103040DAL,RS,IND,16.0,,0,2,-2
201103040DAL,RS,IND,73.0,,0,4,-4
201103040DAL,RS,IND,91.0,,2,4,-2
201103040DAL,RS,IND,124.0,,2,6,-4
201103040DAL,RS,IND,140.0,,5,6,-1
201103040DAL,RS,IND,165.0,LC,7,6,1
201103040DAL,RS,IND,174.0,LC,7,8,-1
201103040DAL,RS,IND,185.0,LC,9,8,1
201103040DAL,RS,IND,195.0,LC,9,10,-1
201103040DAL,RS,IND,195.0,,9,11,-2
201103040DAL,RS,IND,209.0,T,11,11,0
201103040DAL,RS,IND,228.0,,11,14,-3
201103040DAL,RS,IND,243.0,,13,14,-1
201103040DAL,RS,IND,270.0,,13,16,-3
201103040DAL,RS,IND,293.0,,13,17,-4
201103040DAL,RS,IND,313.0,,16,17,-1
201103040DAL,RS,IND,329.0,LC,18,17,1
201103040DAL,RS,IND,346.0,LC,18,19,-1
201103040DAL,RS,IND,365.0,LC,21,19,2
201103040DAL,RS,IND,382.0,,21,20,1
201103040DAL,RS,IND,427.0,,23,20,3
201103040DAL,RS,IND,459.0,,25,20,5
201103040DAL,RS,IND,474.0,,25,22,3
201103040DAL,RS,IND,474.0,,25,23,2
201103040DAL,RS,IND,516.0,,26,23,3
201103040DAL,RS,IND,555.0,,28,23,5
201103040DAL,RS,IND,570.0,,28,24,4
201103040DAL,RS,IND,570.0,,28,25,3
201103040DAL,RS,IND,598.0,,28,27,1
201103040DAL,RS,IND,618.0,,31,27,4
201103040DAL,RS,IND,626.0,,31,29,2
201103040DAL,RS,IND,639.0,,33,29,4
201103040DAL,RS,IND,655.0,,33,31,2
201103040DAL,RS,IND,693.1,T,33,33,0
201103040DAL,RS,IND,718.4,,35,33,2
201103040DAL,RS,IND,742.0,T,35,35,0
201103040DAL,RS,IND,755.0,,37,35,2
201103040DAL,RS,IND,763.0,LC,37,38,-1
201103040DAL,RS,IND,784.0,T,38,38,0
201103040DAL,RS,IND,784.0,LC,39,38,1
201103040DAL,RS,IND,803.0,LC,39,40,-1
201103040DAL,RS,IND,848.0,,39,42,-3
201103040DAL,RS,IND,865.0,,41,42,-1
201103040DAL,RS,IND,905.0,LC,43,42,1
201103040DAL,RS,IND,926.0,T,43,43,0
201103040DAL,RS,IND,944.0,,44,43,1
201103040DAL,RS,IND,944.0,,45,43,2
201103040DAL,RS,IND,957.0,,45,44,1
201103040DAL,RS,IND,975.0,,47,44,3
201103040DAL,RS,IND,1005.0,,49,44,5
201103040DAL,RS,IND,1034.0,,52,44,8
201103040DAL,RS,IND,1070.0,,53,44,9
201103040DAL,RS,IND,1070.0,,54,44,10
201103040DAL,RS,IND,1102.0,,54,45,9
201103040DAL,RS,IND,1102.0,,54,46,8
201103040DAL,RS,IND,1114.0,,57,46,11
201103040DAL,RS,IND,1133.0,,57,48,9
201103040DAL,RS,IND,1151.0,,58,48,10
201103040DAL,RS,IND,1174.0,,58,50,8
201103040DAL,RS,IND,1174.0,,58,51,7
201103040DAL,RS,IND,1218.0,,60,51,9
201103040DAL,RS,IND,1270.0,,60,54,6
201103040DAL,RS,IND,1294.0,,61,54,7
201103040DAL,RS,IND,1294.0,,62,54,8
201103040DAL,RS,IND,1334.0,,64,54,10
201103040DAL,RS,IND,1349.0,,64,55,9
201103040DAL,RS,IND,1349.0,,64,56,8
201103040DAL,RS,IND,1392.1,,66,56,10
201103040DAL,RS,IND,1410.7,,66,57,9
201103040DAL,RS,IND,1437.1,,68,57,11
201103040DAL,RS,IND,1455.0,,70,57,13
201103040DAL,RS,IND,1469.0,,70,60,10
201103040DAL,RS,IND,1502.0,,70,61,9
201103040DAL,RS,IND,1502.0,,70,62,8
201103040DAL,RS,IND,1522.0,,70,64,6
201103040DAL,RS,IND,1561.0,,71,64,7
201103040DAL,RS,IND,1561.0,,72,64,8
201103040DAL,RS,IND,1572.0,,72,66,6
201103040DAL,RS,IND,1595.0,,74,66,8
201103040DAL,RS,IND,1664.0,,76,66,10
201103040DAL,RS,IND,1700.0,,78,66,12
201103040DAL,RS,IND,1721.0,,78,68,10
201103040DAL,RS,IND,1734.0,,80,68,12
201103040DAL,RS,IND,1780.0,,81,68,13
201103040DAL,RS,IND,1780.0,,82,68,14
201103040DAL,RS,IND,1807.0,,82,69,13
201103040DAL,RS,IND,1807.0,,82,70,12
201103040DAL,RS,IND,1824.0,,84,70,14
201103040DAL,RS,IND,1847.0,,84,72,12
201103040DAL,RS,IND,1942.0,,84,74,10
201103040DAL,RS,IND,1956.0,,86,74,12
201103040DAL,RS,IND,1976.0,,86,76,10
201103040DAL,RS,IND,2027.0,,86,79,7
201103040DAL,RS,IND,2048.0,,87,79,8
201103040DAL,RS,IND,2048.0,,88,79,9
201103040DAL,RS,IND,2143.1,,88,81,7
201103040DAL,RS,IND,2159.7,,90,81,9
201103040DAL,RS,IND,2174.0,,90,83,7
201103040DAL,RS,IND,2199.0,,90,85,5
201103040DAL,RS,IND,2221.0,,92,85,7
201103040DAL,RS,IND,2247.0,,92,87,5
201103040DAL,RS,IND,2322.0,,94,87,7
201103040DAL,RS,IND,2372.0,,94,89,5
201103040DAL,RS,IND,2372.0,,94,90,4
201103040DAL,RS,IND,2388.0,,95,90,5
201103040DAL,RS,IND,2388.0,,96,90,6
201103040DAL,RS,IND,2489.0,,98,90,8
201103040DAL,RS,IND,2514.0,,101,90,11
201103040DAL,RS,IND,2529.0,,101,93,8
201103040DAL,RS,IND,2648.0,,101,95,6
201103040DAL,RS,IND,2676.0,,101,98,3
201103040DAL,RS,IND,2694.0,,103,98,5
201103040DAL,RS,IND,2731.0,,105,98,7
201103040DAL,RS,IND,2758.0,,106,98,8
201103040DAL,RS,IND,2758.0,,107,98,9
201103040DAL,RS,IND,2773.0,,107,99,8
201103040DAL,RS,IND,2773.0,,107,100,7
201103040DAL,RS,IND,2789.0,,109,100,9
201103040DAL,RS,IND,2818.0,,110,100,10
201103040DAL,RS,IND,2825.1,,110,103,7
201103040DAL,RS,IND,2832.9,,111,103,8
201103040DAL,RS,IND,2832.9,,112,103,9
201103040DAL,RS,IND,2849.7,,113,103,10
201103040DAL,RS,IND,2849.7,,114,103,11
201103040DAL,RS,IND,2857.0,,114,104,10
201103040DAL,RS,IND,2857.0,,114,105,9
201103040DAL,RS,IND,2860.0,,115,105,10
201103040DAL,RS,IND,2860.0,,116,105,11
201103040DAL,RS,IND,2867.1,F,116,108,8
201103040DAL,RS,IND,2880.0,,116,108,8
201103060DAL,RS,MEM,0.0,,0,0,0
201103060DAL,RS,MEM,24.0,,0,2,-2
201103060DAL,RS,MEM,84.0,LC,3,2,1
201103060DAL,RS,MEM,106.0,,4,2,2
201103060DAL,RS,MEM,106.0,,5,2,3
201103060DAL,RS,MEM,150.0,,5,4,1
201103060DAL,RS,MEM,198.0,,8,4,4
201103060DAL,RS,MEM,235.0,,8,6,2
201103060DAL,RS,MEM,249.0,,10,6,4
201103060DAL,RS,MEM,261.0,,10,8,2
201103060DAL,RS,MEM,290.0,,10,9,1
201103060DAL,RS,MEM,301.0,,13,9,4
201103060DAL,RS,MEM,324.0,,15,9,6
201103060DAL,RS,MEM,349.0,,15,11,4
201103060DAL,RS,MEM,376.0,,17,11,6
201103060DAL,RS,MEM,399.0,,19,11,8
201103060DAL,RS,MEM,415.0,,19,12,7
201103060DAL,RS,MEM,434.0,,22,12,10
201103060DAL,RS,MEM,494.0,,24,12,12
201103060DAL,RS,MEM,525.0,,24,14,10
201103060DAL,RS,MEM,555.0,,24,16,8
201103060DAL,RS,MEM,583.0,,24,18,6
201103060DAL,RS,MEM,638.0,,27,18,9
201103060DAL,RS,MEM,688.1,,27,21,6
201103060DAL,RS,MEM,783.0,,28,21,7
201103060DAL,RS,MEM,783.0,,29,21,8
201103060DAL,RS,MEM,825.0,,29,23,6
201103060DAL,RS,MEM,825.0,,29,24,5
201103060DAL,RS,MEM,843.0,,31,24,7
201103060DAL,RS,MEM,880.0,,33,24,9
201103060DAL,RS,MEM,933.0,,36,24,12
201103060DAL,RS,MEM,992.0,,36,26,10
201103060DAL,RS,MEM,1048.0,,39,26,13
201103060DAL,RS,MEM,1070.0,,39,28,11
201103060DAL,RS,MEM,1088.0,,41,28,13
201103060DAL,RS,MEM,1088.0,,42,28,14
201103060DAL,RS,MEM,1113.0,,44,28,16
201103060DAL,RS,MEM,1125.0,,44,29,15
201103060DAL,RS,MEM,1125.0,,44,30,14
201103060DAL,RS,MEM,1208.0,,46,30,16
201103060DAL,RS,MEM,1221.0,,46,31,15
201103060DAL,RS,MEM,1241.0,,46,33,13
201103060DAL,RS,MEM,1268.0,,48,33,15
201103060DAL,RS,MEM,1293.0,,50,33,17
201103060DAL,RS,MEM,1293.0,,51,33,18
201103060DAL,RS,MEM,1310.0,,51,35,16
201103060DAL,RS,MEM,1348.0,,51,37,14
201103060DAL,RS,MEM,1348.0,,51,38,13
201103060DAL,RS,MEM,1374.0,,53,38,15
201103060DAL,RS,MEM,1411.4,,55,38,17
201103060DAL,RS,MEM,1468.0,,55,40,15
201103060DAL,RS,MEM,1515.0,,55,42,13
201103060DAL,RS,MEM,1528.0,,56,42,14
201103060DAL,RS,MEM,1528.0,,57,42,15
201103060DAL,RS,MEM,1548.0,,57,44,13
201103060DAL,RS,MEM,1574.0,,59,44,15
201103060DAL,RS,MEM,1586.0,,59,46,13
201103060DAL,RS,MEM,1604.0,,59,48,11
201103060DAL,RS,MEM,1646.0,,59,50,9
201103060DAL,RS,MEM,1683.0,,59,52,7
201103060DAL,RS,MEM,1702.0,,61,52,9
201103060DAL,RS,MEM,1735.0,,61,54,7
201103060DAL,RS,MEM,1759.0,,61,56,5
201103060DAL,RS,MEM,1769.0,,62,56,6
201103060DAL,RS,MEM,1769.0,,63,56,7
201103060DAL,RS,MEM,1783.0,,63,58,5
201103060DAL,RS,MEM,1819.0,,63,60,3
201103060DAL,RS,MEM,1843.0,,64,60,4
201103060DAL,RS,MEM,1843.0,,65,60,5
201103060DAL,RS,MEM,1866.0,,65,62,3
201103060DAL,RS,MEM,1884.0,,67,62,5
201103060DAL,RS,MEM,1896.0,,67,64,3
201103060DAL,RS,MEM,1928.0,,67,65,2
201103060DAL,RS,MEM,1928.0,,67,66,1
201103060DAL,RS,MEM,1960.0,,70,66,4
201103060DAL,RS,MEM,1980.0,,70,68,2
201103060DAL,RS,MEM,1992.0,,71,68,3
201103060DAL,RS,MEM,2034.0,,71,70,1
201103060DAL,RS,MEM,2055.0,,74,70,4
201103060DAL,RS,MEM,2075.0,,74,72,2
201103060DAL,RS,MEM,2105.1,T,74,74,0
201103060DAL,RS,MEM,2118.1,,75,74,1
201103060DAL,RS,MEM,2118.1,,76,74,2
201103060DAL,RS,MEM,2129.1,LC,76,77,-1
201103060DAL,RS,MEM,2152.2,LC,78,77,1
201103060DAL,RS,MEM,2156.7,T,78,78,0
201103060DAL,RS,MEM,2156.7,LC,78,79,-1
201103060DAL,RS,MEM,2178.0,,78,80,-2
201103060DAL,RS,MEM,2190.0,T,80,80,0
201103060DAL,RS,MEM,2232.0,LC,83,80,3
201103060DAL,RS,MEM,2278.0,,85,80,5
201103060DAL,RS,MEM,2294.0,,85,81,4
201103060DAL,RS,MEM,2332.0,,85,83,2
201103060DAL,RS,MEM,2353.0,,87,83,4
201103060DAL,RS,MEM,2399.0,,87,85,2
201103060DAL,RS,MEM,2420.0,,89,85,4
201103060DAL,RS,MEM,2439.0,,89,87,2
201103060DAL,RS,MEM,2475.0,,89,88,1
201103060DAL,RS,MEM,2475.0,T,89,89,0
201103060DAL,RS,MEM,2491.0,,91,89,2
201103060DAL,RS,MEM,2514.0,T,91,91,0
201103060DAL,RS,MEM,2584.0,,93,91,2
201103060DAL,RS,MEM,2621.0,,94,91,3
201103060DAL,RS,MEM,2621.0,,95,91,4
201103060DAL,RS,MEM,2639.0,,95,93,2
201103060DAL,RS,MEM,2688.0,LC,95,96,-1
201103060DAL,RS,MEM,2706.0,LC,97,96,1
201103060DAL,RS,MEM,2778.0,,98,96,2
201103060DAL,RS,MEM,2778.0,,99,96,3
201103060DAL,RS,MEM,2790.0,,99,97,2
201103060DAL,RS,MEM,2790.0,,99,98,1
201103060DAL,RS,MEM,2811.0,,101,98,3
201103060DAL,RS,MEM,2822.0,,101,99,2
201103060DAL,RS,MEM,2822.0,,101,100,1
201103060DAL,RS,MEM,2865.7,LC,101,102,-1
201103060DAL,RS,MEM,2876.9,LC,103,102,1
201103060DAL,RS,MEM,2879.7,F,103,104,-1
201103060DAL,RS,MEM,2880.0,,103,104,-1
201103070MIN,RS,MIN,0.0,,0,0,0
201103070MIN,RS,MIN,10.0,,0,2,-2
201103070MIN,RS,MIN,10.0,,0,3,-3
201103070MIN,RS,MIN,48.0,,0,5,-5
201103070MIN,RS,MIN,63.0,,2,5,-3
201103070MIN,RS,MIN,81.0,,2,7,-5
201103070MIN,RS,MIN,117.0,,4,7,-3
201103070MIN,RS,MIN,187.0,,6,7,-1
201103070MIN,RS,MIN,208.0,,6,9,-3
201103070MIN,RS,MIN,220.0,,8,9,-1
201103070MIN,RS,MIN,261.0,LC,10,9,1
201103070MIN,RS,MIN,281.0,LC,10,11,-1
201103070MIN,RS,MIN,297.0,LC,12,11,1
201103070MIN,RS,MIN,321.0,,13,11,2
201103070MIN,RS,MIN,321.0,,14,11,3
201103070MIN,RS,MIN,380.0,,14,13,1
201103070MIN,RS,MIN,422.0,LC,14,15,-1
201103070MIN,RS,MIN,440.0,,14,17,-3
201103070MIN,RS,MIN,469.0,,14,19,-5
201103070MIN,RS,MIN,486.0,,16,19,-3
201103070MIN,RS,MIN,495.0,,16,22,-6
201103070MIN,RS,MIN,515.0,,18,22,-4
201103070MIN,RS,MIN,541.0,,18,24,-6
201103070MIN,RS,MIN,557.0,,20,24,-4
201103070MIN,RS,MIN,615.0,,20,26,-6
201103070MIN,RS,MIN,683.6,,21,26,-5
201103070MIN,RS,MIN,683.6,,22,26,-4
201103070MIN,RS,MIN,692.1,,22,28,-6
201103070MIN,RS,MIN,719.7,,22,30,-8
201103070MIN,RS,MIN,766.0,,24,30,-6
201103070MIN,RS,MIN,831.0,,26,30,-4
201103070MIN,RS,MIN,876.0,,26,31,-5
201103070MIN,RS,MIN,898.0,,26,33,-7
201103070MIN,RS,MIN,898.0,,26,34,-8
201103070MIN,RS,MIN,938.0,,26,36,-10
201103070MIN,RS,MIN,938.0,,26,37,-11
201103070MIN,RS,MIN,966.0,,28,37,-9
201103070MIN,RS,MIN,992.0,,30,37,-7
201103070MIN,RS,MIN,1040.0,,30,39,-9
201103070MIN,RS,MIN,1131.0,,31,39,-8
201103070MIN,RS,MIN,1167.0,,33,39,-6
201103070MIN,RS,MIN,1190.0,,35,39,-4
201103070MIN,RS,MIN,1209.0,,35,42,-7
201103070MIN,RS,MIN,1226.0,,37,42,-5
201103070MIN,RS,MIN,1238.0,,37,43,-6
201103070MIN,RS,MIN,1238.0,,37,44,-7
201103070MIN,RS,MIN,1266.0,,40,44,-4
201103070MIN,RS,MIN,1288.0,,40,46,-6
201103070MIN,RS,MIN,1308.0,,43,46,-3
201103070MIN,RS,MIN,1347.0,,45,46,-1
201103070MIN,RS,MIN,1363.0,,45,49,-4
201103070MIN,RS,MIN,1385.1,,48,49,-1
201103070MIN,RS,MIN,1399.1,,48,50,-2
201103070MIN,RS,MIN,1456.0,T,50,50,0
201103070MIN,RS,MIN,1502.0,LC,52,50,2
201103070MIN,RS,MIN,1540.0,,54,50,4
201103070MIN,RS,MIN,1558.0,,54,52,2
201103070MIN,RS,MIN,1582.0,T,54,54,0
201103070MIN,RS,MIN,1596.0,,57,54,3
201103070MIN,RS,MIN,1676.0,,60,54,6
201103070MIN,RS,MIN,1695.0,,60,57,3
201103070MIN,RS,MIN,1718.0,,60,58,2
201103070MIN,RS,MIN,1718.0,,60,59,1
201103070MIN,RS,MIN,1718.0,T,60,60,0
201103070MIN,RS,MIN,1755.0,,63,60,3
201103070MIN,RS,MIN,1773.0,,63,62,1
201103070MIN,RS,MIN,1795.0,,66,62,4
201103070MIN,RS,MIN,1818.0,,66,65,1
201103070MIN,RS,MIN,1849.0,,68,65,3
201103070MIN,RS,MIN,1871.0,,70,65,5
201103070MIN,RS,MIN,1892.0,,70,66,4
201103070MIN,RS,MIN,1892.0,,70,67,3
201103070MIN,RS,MIN,1936.0,,70,69,1
201103070MIN,RS,MIN,1972.0,LC,70,72,-2
201103070MIN,RS,MIN,2054.0,,70,74,-4
201103070MIN,RS,MIN,2092.0,,70,77,-7
201103070MIN,RS,MIN,2141.3,,70,80,-10
201103070MIN,RS,MIN,2155.5,,73,80,-7
201103070MIN,RS,MIN,2189.0,,76,80,-4
201103070MIN,RS,MIN,2208.0,,77,80,-3
201103070MIN,RS,MIN,2208.0,,78,80,-2
201103070MIN,RS,MIN,2248.0,T,80,80,0
201103070MIN,RS,MIN,2272.0,,80,82,-2
201103070MIN,RS,MIN,2290.0,T,82,82,0
201103070MIN,RS,MIN,2333.0,LC,85,82,3
201103070MIN,RS,MIN,2381.0,,85,84,1
201103070MIN,RS,MIN,2407.0,,87,84,3
201103070MIN,RS,MIN,2439.0,,89,84,5
201103070MIN,RS,MIN,2482.0,,89,87,2
201103070MIN,RS,MIN,2502.0,,92,87,5
201103070MIN,RS,MIN,2541.0,,93,87,6
201103070MIN,RS,MIN,2541.0,,94,87,7
201103070MIN,RS,MIN,2616.0,,94,88,6
201103070MIN,RS,MIN,2647.0,,94,90,4
201103070MIN,RS,MIN,2647.0,,94,91,3
201103070MIN,RS,MIN,2678.0,,94,93,1
201103070MIN,RS,MIN,2715.0,LC,94,95,-1
201103070MIN,RS,MIN,2730.0,T,95,95,0
201103070MIN,RS,MIN,2730.0,LC,96,95,1
201103070MIN,RS,MIN,2745.0,T,96,96,0
201103070MIN,RS,MIN,2745.0,LC,96,97,-1
201103070MIN,RS,MIN,2758.0,T,97,97,0
201103070MIN,RS,MIN,2758.0,LC,98,97,1
201103070MIN,RS,MIN,2783.0,,101,97,4
201103070MIN,RS,MIN,2800.0,,102,97,5
201103070MIN,RS,MIN,2800.0,,103,97,6
201103070MIN,RS,MIN,2843.6,,103,99,4
201103070MIN,RS,MIN,2863.6,,104,99,5
201103070MIN,RS,MIN,2863.6,,105,99,6
201103070MIN,RS,MIN,2869.8,,106,99,7
201103070MIN,RS,MIN,2876.2,,106,102,4
201103070MIN,RS,MIN,2878.5,,107,102,5
201103070MIN,RS,MIN,2878.5,,108,102,6
201103070MIN,RS,MIN,2879.7,F,108,105,3
201103070MIN,RS,MIN,2880.0,,108,105,3
201103090NOH,RS,NOH,0.0,,0,0,0
201103090NOH,RS,NOH,55.0,,0,2,-2
201103090NOH,RS,NOH,80.0,LC,3,2,1
201103090NOH,RS,NOH,106.0,,5,2,3
201103090NOH,RS,NOH,150.0,,5,4,1
201103090NOH,RS,NOH,167.0,,7,4,3
201103090NOH,RS,NOH,205.0,,9,4,5
201103090NOH,RS,NOH,258.0,,11,4,7
201103090NOH,RS,NOH,345.0,,12,4,8
201103090NOH,RS,NOH,447.0,,12,6,6
201103090NOH,RS,NOH,537.0,,12,8,4
201103090NOH,RS,NOH,607.0,,12,10,2
201103090NOH,RS,NOH,631.0,,14,10,4
201103090NOH,RS,NOH,660.0,,14,12,2
201103090NOH,RS,NOH,671.7,,16,12,4
201103090NOH,RS,NOH,685.0,,16,14,2
201103090NOH,RS,NOH,717.2,T,16,16,0
201103090NOH,RS,NOH,746.0,,18,16,2
201103090NOH,RS,NOH,746.0,,19,16,3
201103090NOH,RS,NOH,763.0,,19,18,1
201103090NOH,RS,NOH,781.0,,21,18,3
201103090NOH,RS,NOH,809.0,,21,20,1
201103090NOH,RS,NOH,864.0,LC,21,22,-1
201103090NOH,RS,NOH,922.0,,21,24,-3
201103090NOH,RS,NOH,943.0,,22,24,-2
201103090NOH,RS,NOH,943.0,,23,24,-1
201103090NOH,RS,NOH,961.0,,23,26,-3
201103090NOH,RS,NOH,1001.0,,25,26,-1
201103090NOH,RS,NOH,1001.0,T,26,26,0
201103090NOH,RS,NOH,1015.0,,26,27,-1
201103090NOH,RS,NOH,1015.0,,26,28,-2
201103090NOH,RS,NOH,1032.0,T,28,28,0
201103090NOH,RS,NOH,1060.0,LC,30,28,2
201103090NOH,RS,NOH,1077.0,T,30,30,0
201103090NOH,RS,NOH,1102.0,,32,30,2
201103090NOH,RS,NOH,1206.0,,33,30,3
201103090NOH,RS,NOH,1220.0,,36,30,6
201103090NOH,RS,NOH,1253.0,,39,30,9
201103090NOH,RS,NOH,1280.0,,39,32,7
201103090NOH,RS,NOH,1311.0,,39,34,5
201103090NOH,RS,NOH,1327.0,,41,34,7
201103090NOH,RS,NOH,1351.0,,41,35,6
201103090NOH,RS,NOH,1379.0,,41,37,4
201103090NOH,RS,NOH,1400.4,,43,37,6
201103090NOH,RS,NOH,1419.6,,43,40,3
201103090NOH,RS,NOH,1437.6,,45,40,5
201103090NOH,RS,NOH,1437.6,,46,40,6
201103090NOH,RS,NOH,1439.0,,46,43,3
201103090NOH,RS,NOH,1504.0,,48,43,5
201103090NOH,RS,NOH,1528.0,,48,46,2
201103090NOH,RS,NOH,1539.0,,50,46,4
201103090NOH,RS,NOH,1591.0,,50,47,3
201103090NOH,RS,NOH,1591.0,,50,48,2
201103090NOH,RS,NOH,1622.0,T,50,50,0
201103090NOH,RS,NOH,1639.0,,52,50,2
201103090NOH,RS,NOH,1700.0,,52,51,1
201103090NOH,RS,NOH,1700.0,T,52,52,0
201103090NOH,RS,NOH,1722.0,,54,52,2
201103090NOH,RS,NOH,1753.0,,55,52,3
201103090NOH,RS,NOH,1753.0,,56,52,4
201103090NOH,RS,NOH,1784.0,,58,52,6
201103090NOH,RS,NOH,1807.0,,59,52,7
201103090NOH,RS,NOH,1840.0,,61,52,9
201103090NOH,RS,NOH,1856.0,,61,53,8
201103090NOH,RS,NOH,1856.0,,62,53,9
201103090NOH,RS,NOH,1878.0,,62,54,8
201103090NOH,RS,NOH,1907.0,,63,54,9
201103090NOH,RS,NOH,1907.0,,64,54,10
201103090NOH,RS,NOH,2032.0,,64,56,8
201103090NOH,RS,NOH,2064.0,,64,58,6
201103090NOH,RS,NOH,2103.3,,64,59,5
201103090NOH,RS,NOH,2124.1,,67,59,8
201103090NOH,RS,NOH,2135.1,,67,60,7
201103090NOH,RS,NOH,2156.6,,70,60,10
201103090NOH,RS,NOH,2180.0,,70,61,9
201103090NOH,RS,NOH,2228.0,,70,63,7
201103090NOH,RS,NOH,2248.0,,72,63,9
201103090NOH,RS,NOH,2280.0,,73,63,10
201103090NOH,RS,NOH,2280.0,,74,63,11
201103090NOH,RS,NOH,2293.0,,74,65,9
201103090NOH,RS,NOH,2378.0,,76,65,11
201103090NOH,RS,NOH,2396.0,,76,67,9
201103090NOH,RS,NOH,2416.0,,76,68,8
201103090NOH,RS,NOH,2416.0,,76,69,7
201103090NOH,RS,NOH,2453.0,,76,71,5
201103090NOH,RS,NOH,2476.0,,77,71,6
201103090NOH,RS,NOH,2492.0,,77,73,4
201103090NOH,RS,NOH,2537.0,,78,73,5
201103090NOH,RS,NOH,2537.0,,79,73,6
201103090NOH,RS,NOH,2605.0,,81,73,8
201103090NOH,RS,NOH,2605.0,,82,73,9
201103090NOH,RS,NOH,2616.0,,82,74,8
201103090NOH,RS,NOH,2616.0,,82,75,7
201103090NOH,RS,NOH,2646.0,,82,77,5
201103090NOH,RS,NOH,2662.0,,83,77,6
201103090NOH,RS,NOH,2662.0,,84,77,7
201103090NOH,RS,NOH,2676.0,,84,79,5
201103090NOH,RS,NOH,2695.0,,86,79,7
201103090NOH,RS,NOH,2713.0,,86,81,5
201103090NOH,RS,NOH,2734.0,,89,81,8
201103090NOH,RS,NOH,2744.0,,89,82,7
201103090NOH,RS,NOH,2744.0,,89,83,6
201103090NOH,RS,NOH,2779.0,,89,85,4
201103090NOH,RS,NOH,2789.0,,90,85,5
201103090NOH,RS,NOH,2789.0,,91,85,6
201103090NOH,RS,NOH,2807.0,,92,85,7
201103090NOH,RS,NOH,2829.8,,92,88,4
201103090NOH,RS,NOH,2860.9,,92,90,2
201103090NOH,RS,NOH,2871.6,,92,91,1
201103090NOH,RS,NOH,2871.6,T,92,92,0
201103090NOH,RS,NOH,2871.6,F,92,93,-1
201103090NOH,RS,NOH,2880.0,,92,93,-1
201103100DAL,RS,NYK,0.0,,0,0,0
201103100DAL,RS,NYK,12.0,,0,1,-1
201103100DAL,RS,NYK,12.0,,0,2,-2
201103100DAL,RS,NYK,119.0,,0,3,-3
201103100DAL,RS,NYK,119.0,,0,4,-4
201103100DAL,RS,NYK,178.0,,0,6,-6
201103100DAL,RS,NYK,201.0,,2,6,-4
201103100DAL,RS,NYK,230.0,,4,6,-2
201103100DAL,RS,NYK,266.0,T,6,6,0
201103100DAL,RS,NYK,266.0,LC,7,6,1
201103100DAL,RS,NYK,285.0,LC,7,8,-1
201103100DAL,RS,NYK,319.0,,7,9,-2
201103100DAL,RS,NYK,319.0,,7,10,-3
201103100DAL,RS,NYK,332.0,T,10,10,0
201103100DAL,RS,NYK,343.0,,10,12,-2
201103100DAL,RS,NYK,359.0,T,12,12,0
201103100DAL,RS,NYK,374.0,,12,13,-1
201103100DAL,RS,NYK,374.0,,12,14,-2
201103100DAL,RS,NYK,407.0,T,14,14,0
201103100DAL,RS,NYK,407.0,LC,15,14,1
201103100DAL,RS,NYK,441.0,,17,14,3
201103100DAL,RS,NYK,466.0,,19,14,5
201103100DAL,RS,NYK,466.0,,20,14,6
201103100DAL,RS,NYK,489.0,,22,14,8
201103100DAL,RS,NYK,535.0,,24,14,10
201103100DAL,RS,NYK,539.0,,24,15,9
201103100DAL,RS,NYK,539.0,,24,16,8
201103100DAL,RS,NYK,584.0,,24,18,6
201103100DAL,RS,NYK,615.0,,25,18,7
201103100DAL,RS,NYK,615.0,,26,18,8
201103100DAL,RS,NYK,666.3,,27,18,9
201103100DAL,RS,NYK,666.3,,28,18,10
201103100DAL,RS,NYK,678.4,,28,19,9
201103100DAL,RS,NYK,678.4,,28,20,8
201103100DAL,RS,NYK,678.4,,28,21,7
201103100DAL,RS,NYK,687.2,,31,21,10
201103100DAL,RS,NYK,738.0,,33,21,12
201103100DAL,RS,NYK,758.0,,33,23,10
201103100DAL,RS,NYK,787.0,,35,23,12
201103100DAL,RS,NYK,818.0,,38,23,15
201103100DAL,RS,NYK,862.0,,38,26,12
201103100DAL,RS,NYK,881.0,,40,26,14
201103100DAL,RS,NYK,883.0,,41,26,15
201103100DAL,RS,NYK,910.0,,41,28,13
201103100DAL,RS,NYK,921.0,,42,28,14
201103100DAL,RS,NYK,936.0,,45,28,17
201103100DAL,RS,NYK,997.0,,47,28,19
201103100DAL,RS,NYK,1033.0,,47,30,17
201103100DAL,RS,NYK,1033.0,,47,31,16
201103100DAL,RS,NYK,1044.0,,49,31,18
201103100DAL,RS,NYK,1069.0,,51,31,20
201103100DAL,RS,NYK,1084.0,,51,33,18
201103100DAL,RS,NYK,1107.0,,53,33,20
201103100DAL,RS,NYK,1122.0,,53,35,18
201103100DAL,RS,NYK,1133.0,,55,35,20
201103100DAL,RS,NYK,1145.0,,55,37,18
201103100DAL,RS,NYK,1163.0,,58,37,21
201103100DAL,RS,NYK,1215.0,,58,38,20
201103100DAL,RS,NYK,1215.0,,58,39,19
201103100DAL,RS,NYK,1238.0,,61,39,22
201103100DAL,RS,NYK,1258.0,,61,42,19
201103100DAL,RS,NYK,1290.0,,64,42,22
201103100DAL,RS,NYK,1312.0,,66,42,24
201103100DAL,RS,NYK,1324.0,,66,43,23
201103100DAL,RS,NYK,1324.0,,66,44,22
201103100DAL,RS,NYK,1354.0,,66,47,19
201103100DAL,RS,NYK,1375.0,,68,47,21
201103100DAL,RS,NYK,1388.8,,68,48,20
201103100DAL,RS,NYK,1388.8,,68,49,19
201103100DAL,RS,NYK,1409.3,,70,49,21
201103100DAL,RS,NYK,1422.6,,70,50,20
201103100DAL,RS,NYK,1422.6,,70,51,19
201103100DAL,RS,NYK,1437.4,,72,51,21
201103100DAL,RS,NYK,1459.0,,74,51,23
201103100DAL,RS,NYK,1477.0,,74,52,22
201103100DAL,RS,NYK,1508.0,,76,52,24
201103100DAL,RS,NYK,1544.0,,76,54,22
201103100DAL,RS,NYK,1568.0,,78,54,24
201103100DAL,RS,NYK,1607.0,,78,56,22
201103100DAL,RS,NYK,1613.0,,80,56,24
201103100DAL,RS,NYK,1633.0,,80,58,22
201103100DAL,RS,NYK,1640.0,,80,60,20
201103100DAL,RS,NYK,1674.0,,82,60,22
201103100DAL,RS,NYK,1706.0,,82,62,20
201103100DAL,RS,NYK,1728.0,,85,62,23
201103100DAL,RS,NYK,1765.0,,87,62,25
201103100DAL,RS,NYK,1765.0,,88,62,26
201103100DAL,RS,NYK,1781.0,,88,64,24
201103100DAL,RS,NYK,1795.0,,90,64,26
201103100DAL,RS,NYK,1807.0,,90,67,23
201103100DAL,RS,NYK,1823.0,,90,69,21
201103100DAL,RS,NYK,1845.0,,92,69,23
201103100DAL,RS,NYK,1880.0,,94,69,25
201103100DAL,RS,NYK,1890.0,,94,71,23
201103100DAL,RS,NYK,1890.0,,94,72,22
201103100DAL,RS,NYK,1941.0,,94,74,20
201103100DAL,RS,NYK,1969.0,,94,76,18
201103100DAL,RS,NYK,1996.0,,94,78,16
201103100DAL,RS,NYK,2027.0,,94,81,13
201103100DAL,RS,NYK,2052.0,,96,81,15
201103100DAL,RS,NYK,2071.0,,96,82,14
201103100DAL,RS,NYK,2071.0,,96,83,13
201103100DAL,RS,NYK,2112.6,,97,83,14
201103100DAL,RS,NYK,2125.1,,99,83,16
201103100DAL,RS,NYK,2130.5,,99,84,15
201103100DAL,RS,NYK,2130.5,,99,85,14
201103100DAL,RS,NYK,2215.0,,99,87,12
201103100DAL,RS,NYK,2265.0,,102,87,15
201103100DAL,RS,NYK,2282.0,,102,89,13
201103100DAL,RS,NYK,2295.0,,103,89,14
201103100DAL,RS,NYK,2295.0,,104,89,15
201103100DAL,RS,NYK,2336.0,,105,89,16
201103100DAL,RS,NYK,2403.0,,107,89,18
201103100DAL,RS,NYK,2415.0,,107,90,17
201103100DAL,RS,NYK,2415.0,,107,91,16
201103100DAL,RS,NYK,2450.0,,110,91,19
201103100DAL,RS,NYK,2465.0,,110,94,16
201103100DAL,RS,NYK,2507.0,,110,96,14
201103100DAL,RS,NYK,2539.0,,110,98,12
201103100DAL,RS,NYK,2551.0,,112,98,14
201103100DAL,RS,NYK,2567.0,,112,100,12
201103100DAL,RS,NYK,2585.0,,114,100,14
201103100DAL,RS,NYK,2603.0,,114,101,13
201103100DAL,RS,NYK,2603.0,,114,102,12
201103100DAL,RS,NYK,2625.0,,115,102,13
201103100DAL,RS,NYK,2638.0,,115,104,11
201103100DAL,RS,NYK,2654.0,,116,104,12
201103100DAL,RS,NYK,2654.0,,117,104,13
201103100DAL,RS,NYK,2692.0,,119,104,15
201103100DAL,RS,NYK,2722.0,,121,104,17
201103100DAL,RS,NYK,2752.0,,122,104,18
201103100DAL,RS,NYK,2752.0,,123,104,19
201103100DAL,RS,NYK,2783.0,,124,104,20
201103100DAL,RS,NYK,2794.0,,124,106,18
201103100DAL,RS,NYK,2813.0,,124,107,17
201103100DAL,RS,NYK,2813.0,,124,108,16
201103100DAL,RS,NYK,2836.1,,127,108,19
201103100DAL,RS,NYK,2847.5,F,127,109,18
201103100DAL,RS,NYK,2880.0,,127,109,18
201103120DAL,RS,LAL,0.0,,0,0,0
201103120DAL,RS,LAL,86.0,,0,2,-2
201103120DAL,RS,LAL,103.0,T,2,2,0
201103120DAL,RS,LAL,126.0,,2,4,-2
201103120DAL,RS,LAL,161.0,,2,6,-4
201103120DAL,RS,LAL,265.0,,4,6,-2
201103120DAL,RS,LAL,313.0,,4,8,-4
201103120DAL,RS,LAL,329.0,,6,8,-2
201103120DAL,RS,LAL,372.0,,6,10,-4
201103120DAL,RS,LAL,408.0,,8,10,-2
201103120DAL,RS,LAL,433.0,T,10,10,0
201103120DAL,RS,LAL,433.0,LC,11,10,1
201103120DAL,RS,LAL,447.0,LC,11,12,-1
201103120DAL,RS,LAL,468.0,LC,13,12,1
201103120DAL,RS,LAL,494.0,LC,13,14,-1
201103120DAL,RS,LAL,513.0,LC,15,14,1
201103120DAL,RS,LAL,535.0,LC,15,16,-1
201103120DAL,RS,LAL,588.0,,15,18,-3
201103120DAL,RS,LAL,619.0,,17,18,-1
201103120DAL,RS,LAL,653.0,LC,19,18,1
201103120DAL,RS,LAL,676.9,LC,19,20,-1
201103120DAL,RS,LAL,690.7,LC,21,20,1
201103120DAL,RS,LAL,703.5,LC,21,22,-1
201103120DAL,RS,LAL,770.0,T,22,22,0
201103120DAL,RS,LAL,788.0,,22,23,-1
201103120DAL,RS,LAL,788.0,,22,24,-2
201103120DAL,RS,LAL,812.0,,22,26,-4
201103120DAL,RS,LAL,833.0,,24,26,-2
201103120DAL,RS,LAL,875.0,,24,28,-4
201103120DAL,RS,LAL,890.0,,25,28,-3
201103120DAL,RS,LAL,890.0,,26,28,-2
201103120DAL,RS,LAL,974.0,T,28,28,0
201103120DAL,RS,LAL,992.0,,28,30,-2
201103120DAL,RS,LAL,1014.0,LC,31,30,1
201103120DAL,RS,LAL,1032.0,LC,31,32,-1
201103120DAL,RS,LAL,1048.0,,31,34,-3
201103120DAL,RS,LAL,1066.0,,33,34,-1
201103120DAL,RS,LAL,1088.0,,33,37,-4
201103120DAL,RS,LAL,1107.0,,35,37,-2
201103120DAL,RS,LAL,1146.0,,36,37,-1
201103120DAL,RS,LAL,1146.0,T,37,37,0
201103120DAL,RS,LAL,1166.0,,37,39,-2
201103120DAL,RS,LAL,1194.0,,37,40,-3
201103120DAL,RS,LAL,1194.0,,37,41,-4
201103120DAL,RS,LAL,1237.0,,37,43,-6
201103120DAL,RS,LAL,1276.0,,37,46,-9
201103120DAL,RS,LAL,1337.0,,39,46,-7
201103120DAL,RS,LAL,1344.0,,39,47,-8
201103120DAL,RS,LAL,1344.0,,39,48,-9
201103120DAL,RS,LAL,1373.0,,40,48,-8
201103120DAL,RS,LAL,1373.0,,41,48,-7
201103120DAL,RS,LAL,1386.1,,41,50,-9
201103120DAL,RS,LAL,1399.0,,42,50,-8
201103120DAL,RS,LAL,1435.1,,44,50,-6
201103120DAL,RS,LAL,1470.0,,46,50,-4
201103120DAL,RS,LAL,1492.0,,46,52,-6
201103120DAL,RS,LAL,1530.0,,48,52,-4
201103120DAL,RS,LAL,1578.0,,48,54,-6
201103120DAL,RS,LAL,1633.0,,48,56,-8
201103120DAL,RS,LAL,1651.0,,51,56,-5
201103120DAL,RS,LAL,1690.0,,51,59,-8
201103120DAL,RS,LAL,1705.0,,53,59,-6
201103120DAL,RS,LAL,1751.0,,55,59,-4
201103120DAL,RS,LAL,1773.0,,55,60,-5
201103120DAL,RS,LAL,1773.0,,55,61,-6
201103120DAL,RS,LAL,1827.0,,55,63,-8
201103120DAL,RS,LAL,1885.0,,57,63,-6
201103120DAL,RS,LAL,1906.0,,57,65,-8
201103120DAL,RS,LAL,1936.0,,59,65,-6
201103120DAL,RS,LAL,1966.0,,61,65,-4
201103120DAL,RS,LAL,2042.0,,63,65,-2
201103120DAL,RS,LAL,2062.0,,63,68,-5
201103120DAL,RS,LAL,2108.2,,63,70,-7
201103120DAL,RS,LAL,2152.1,,63,73,-10
201103120DAL,RS,LAL,2159.6,,65,73,-8
201103120DAL,RS,LAL,2225.0,,65,75,-10
201103120DAL,RS,LAL,2242.0,,66,75,-9
201103120DAL,RS,LAL,2242.0,,67,75,-8
201103120DAL,RS,LAL,2292.0,,70,75,-5
201103120DAL,RS,LAL,2322.0,,70,77,-7
201103120DAL,RS,LAL,2352.0,,70,78,-8
201103120DAL,RS,LAL,2367.0,,72,78,-6
201103120DAL,RS,LAL,2388.0,,72,80,-8
201103120DAL,RS,LAL,2426.0,,72,82,-10
201103120DAL,RS,LAL,2470.0,,75,82,-7
201103120DAL,RS,LAL,2489.0,,75,84,-9
201103120DAL,RS,LAL,2503.0,,77,84,-7
201103120DAL,RS,LAL,2560.0,,79,84,-5
201103120DAL,RS,LAL,2578.0,,79,85,-6
201103120DAL,RS,LAL,2671.0,,79,86,-7
201103120DAL,RS,LAL,2671.0,,79,87,-8
201103120DAL,RS,LAL,2690.0,,81,87,-6
201103120DAL,RS,LAL,2716.0,,81,89,-8
201103120DAL,RS,LAL,2741.0,,83,89,-6
201103120DAL,RS,LAL,2760.0,,84,89,-5
201103120DAL,RS,LAL,2760.0,,85,89,-4
201103120DAL,RS,LAL,2825.6,,85,91,-6
201103120DAL,RS,LAL,2832.1,,87,91,-4
201103120DAL,RS,LAL,2855.1,,89,91,-2
201103120DAL,RS,LAL,2855.8,,89,92,-3
201103120DAL,RS,LAL,2869.0,,89,93,-4
201103120DAL,RS,LAL,2869.0,,89,94,-5
201103120DAL,RS,LAL,2876.0,,89,95,-6
201103120DAL,RS,LAL,2876.0,,89,96,-7
201103120DAL,RS,LAL,2879.7,F,91,96,-5
201103120DAL,RS,LAL,2880.0,,91,96,-5
201103150POR,RS,POR,0.0,,0,0,0
201103150POR,RS,POR,17.0,,0,2,-2
201103150POR,RS,POR,46.0,LC,3,2,1
201103150POR,RS,POR,90.0,LC,3,5,-2
201103150POR,RS,POR,103.0,,4,5,-1
201103150POR,RS,POR,109.0,LC,7,5,2
201103150POR,RS,POR,136.0,,9,5,4
201103150POR,RS,POR,170.0,,11,5,6
201103150POR,RS,POR,189.0,,11,7,4
201103150POR,RS,POR,204.0,,13,7,6
201103150POR,RS,POR,215.0,,13,10,3
201103150POR,RS,POR,228.0,,15,10,5
201103150POR,RS,POR,263.0,,18,10,8
201103150POR,RS,POR,278.0,,18,11,7
201103150POR,RS,POR,310.0,,18,14,4
201103150POR,RS,POR,328.0,,20,14,6
201103150POR,RS,POR,352.0,,20,16,4
201103150POR,RS,POR,374.0,,22,16,6
201103150POR,RS,POR,384.0,,22,18,4
201103150POR,RS,POR,412.0,,24,18,6
201103150POR,RS,POR,443.0,,24,19,5
201103150POR,RS,POR,463.0,,24,21,3
201103150POR,RS,POR,480.0,,26,21,5
201103150POR,RS,POR,496.0,,26,23,3
201103150POR,RS,POR,554.0,,26,25,1
201103150POR,RS,POR,611.0,,28,25,3
201103150POR,RS,POR,627.0,,28,27,1
201103150POR,RS,POR,638.0,,30,27,3
201103150POR,RS,POR,666.1,,32,27,5
201103150POR,RS,POR,719.9,,32,29,3
201103150POR,RS,POR,745.0,,35,29,6
201103150POR,RS,POR,804.0,,37,29,8
201103150POR,RS,POR,850.0,,37,32,5
201103150POR,RS,POR,914.0,,38,32,6
201103150POR,RS,POR,914.0,,39,32,7
201103150POR,RS,POR,927.0,,39,34,5
201103150POR,RS,POR,956.0,,39,36,3
201103150POR,RS,POR,974.0,,41,36,5
201103150POR,RS,POR,1030.0,,41,38,3
201103150POR,RS,POR,1111.0,,43,38,5
201103150POR,RS,POR,1124.0,,43,40,3
201103150POR,RS,POR,1161.0,,43,42,1
201103150POR,RS,POR,1194.0,LC,43,45,-2
201103150POR,RS,POR,1212.0,LC,46,45,1
201103150POR,RS,POR,1234.0,T,46,46,0
201103150POR,RS,POR,1234.0,LC,46,47,-1
201103150POR,RS,POR,1248.0,LC,48,47,1
201103150POR,RS,POR,1266.0,,50,47,3
201103150POR,RS,POR,1291.0,,50,49,1
201103150POR,RS,POR,1315.0,,51,49,2
201103150POR,RS,POR,1332.0,T,51,51,0
201103150POR,RS,POR,1348.0,,53,51,2
201103150POR,RS,POR,1355.0,T,53,53,0
201103150POR,RS,POR,1369.0,,56,53,3
201103150POR,RS,POR,1458.0,,58,53,5
201103150POR,RS,POR,1475.0,,58,55,3
201103150POR,RS,POR,1540.0,,60,55,5
201103150POR,RS,POR,1546.0,,60,56,4
201103150POR,RS,POR,1546.0,,60,57,3
201103150POR,RS,POR,1563.0,,63,57,6
201103150POR,RS,POR,1604.0,,63,59,4
201103150POR,RS,POR,1623.0,,65,59,6
201103150POR,RS,POR,1655.0,,65,60,5
201103150POR,RS,POR,1655.0,,65,61,4
201103150POR,RS,POR,1698.0,,65,63,2
201103150POR,RS,POR,1719.0,,67,63,4
201103150POR,RS,POR,1750.0,,69,63,6
201103150POR,RS,POR,1781.0,,71,63,8
201103150POR,RS,POR,1807.0,,71,64,7
201103150POR,RS,POR,1839.0,,71,65,6
201103150POR,RS,POR,1839.0,,71,66,5
201103150POR,RS,POR,1841.0,,71,68,3
201103150POR,RS,POR,1863.0,,73,68,5
201103150POR,RS,POR,1906.0,,73,70,3
201103150POR,RS,POR,1931.0,,76,70,6
201103150POR,RS,POR,1947.0,,76,73,3
201103150POR,RS,POR,1986.0,,76,74,2
201103150POR,RS,POR,2024.0,T,76,76,0
201103150POR,RS,POR,2059.0,LC,76,78,-2
201103150POR,RS,POR,2095.0,,77,78,-1
201103150POR,RS,POR,2095.0,T,78,78,0
201103150POR,RS,POR,2131.2,,78,80,-2
201103150POR,RS,POR,2151.3,,79,80,-1
201103150POR,RS,POR,2151.3,T,80,80,0
201103150POR,RS,POR,2159.9,,80,82,-2
201103150POR,RS,POR,2184.0,,80,84,-4
201103150POR,RS,POR,2225.0,,80,86,-6
201103150POR,RS,POR,2248.0,,82,86,-4
201103150POR,RS,POR,2276.0,,84,86,-2
201103150POR,RS,POR,2292.0,,84,87,-3
201103150POR,RS,POR,2292.0,,84,88,-4
201103150POR,RS,POR,2350.0,,84,90,-6
201103150POR,RS,POR,2375.0,,86,90,-4
201103150POR,RS,POR,2413.0,,87,90,-3
201103150POR,RS,POR,2413.0,,88,90,-2
201103150POR,RS,POR,2437.0,,88,92,-4
201103150POR,RS,POR,2464.0,,90,92,-2
201103150POR,RS,POR,2487.0,,90,93,-3
201103150POR,RS,POR,2487.0,,90,94,-4
201103150POR,RS,POR,2552.0,,92,94,-2
201103150POR,RS,POR,2568.0,,92,96,-4
201103150POR,RS,POR,2606.0,,94,96,-2
201103150POR,RS,POR,2626.0,,94,98,-4
201103150POR,RS,POR,2649.0,,94,100,-6
201103150POR,RS,POR,2668.0,,96,100,-4
201103150POR,RS,POR,2704.0,,99,100,-1
201103150POR,RS,POR,2782.0,,99,101,-2
201103150POR,RS,POR,2782.0,,99,102,-3
201103150POR,RS,POR,2832.2,,99,104,-5
201103150POR,RS,POR,2841.2,,100,104,-4
201103150POR,RS,POR,2841.2,F,101,104,-3
201103150POR,RS,POR,2880.0,,101,104,-3
201103160GSW,RS,GSW,0.0,,0,0,0
201103160GSW,RS,GSW,39.0,,0,2,-2
201103160GSW,RS,GSW,69.0,,0,4,-4
201103160GSW,RS,GSW,101.0,,0,6,-6
201103160GSW,RS,GSW,138.0,,0,8,-8
201103160GSW,RS,GSW,169.0,,0,10,-10
201103160GSW,RS,GSW,193.0,,3,10,-7
201103160GSW,RS,GSW,205.0,,3,12,-9
201103160GSW,RS,GSW,221.0,,5,12,-7
201103160GSW,RS,GSW,249.0,,5,14,-9
201103160GSW,RS,GSW,269.0,,6,14,-8
201103160GSW,RS,GSW,269.0,,7,14,-7
201103160GSW,RS,GSW,299.0,,7,16,-9
201103160GSW,RS,GSW,321.0,,7,19,-12
201103160GSW,RS,GSW,338.0,,10,19,-9
201103160GSW,RS,GSW,354.0,,10,21,-11
201103160GSW,RS,GSW,374.0,,10,23,-13
201103160GSW,RS,GSW,421.0,,10,25,-15
201103160GSW,RS,GSW,466.0,,12,25,-13
201103160GSW,RS,GSW,483.0,,12,27,-15
201103160GSW,RS,GSW,502.0,,14,27,-13
201103160GSW,RS,GSW,515.0,,14,30,-16
201103160GSW,RS,GSW,556.0,,14,32,-18
201103160GSW,RS,GSW,579.0,,17,32,-15
201103160GSW,RS,GSW,599.0,,19,32,-13
201103160GSW,RS,GSW,633.0,,21,32,-11
201103160GSW,RS,GSW,670.3,,23,32,-9
201103160GSW,RS,GSW,689.8,,23,33,-10
201103160GSW,RS,GSW,689.8,,23,34,-11
201103160GSW,RS,GSW,707.6,,25,34,-9
201103160GSW,RS,GSW,737.0,,25,36,-11
201103160GSW,RS,GSW,753.0,,26,36,-10
201103160GSW,RS,GSW,793.0,,26,38,-12
201103160GSW,RS,GSW,824.0,,26,41,-15
201103160GSW,RS,GSW,859.0,,26,43,-17
201103160GSW,RS,GSW,872.0,,27,43,-16
201103160GSW,RS,GSW,872.0,,28,43,-15
201103160GSW,RS,GSW,902.0,,28,45,-17
201103160GSW,RS,GSW,912.0,,29,45,-16
201103160GSW,RS,GSW,912.0,,30,45,-15
201103160GSW,RS,GSW,930.0,,30,47,-17
201103160GSW,RS,GSW,944.0,,30,48,-18
201103160GSW,RS,GSW,965.0,,32,48,-16
201103160GSW,RS,GSW,992.0,,34,48,-14
201103160GSW,RS,GSW,1024.0,,34,50,-16
201103160GSW,RS,GSW,1024.0,,34,51,-17
201103160GSW,RS,GSW,1061.0,,36,51,-15
201103160GSW,RS,GSW,1071.0,,38,51,-13
201103160GSW,RS,GSW,1088.0,,38,53,-15
201103160GSW,RS,GSW,1100.0,,40,53,-13
201103160GSW,RS,GSW,1107.0,,40,55,-15
201103160GSW,RS,GSW,1129.0,,42,55,-13
201103160GSW,RS,GSW,1152.0,,42,57,-15
201103160GSW,RS,GSW,1164.0,,43,57,-14
201103160GSW,RS,GSW,1164.0,,44,57,-13
201103160GSW,RS,GSW,1200.0,,47,57,-10
201103160GSW,RS,GSW,1237.0,,48,57,-9
201103160GSW,RS,GSW,1237.0,,49,57,-8
201103160GSW,RS,GSW,1279.0,,51,57,-6
201103160GSW,RS,GSW,1369.0,,53,57,-4
201103160GSW,RS,GSW,1387.1,,53,58,-5
201103160GSW,RS,GSW,1387.1,,53,59,-6
201103160GSW,RS,GSW,1464.0,,55,59,-4
201103160GSW,RS,GSW,1523.0,,55,61,-6
201103160GSW,RS,GSW,1542.0,,57,61,-4
201103160GSW,RS,GSW,1564.0,,57,62,-5
201103160GSW,RS,GSW,1603.0,,57,64,-7
201103160GSW,RS,GSW,1639.0,,57,66,-9
201103160GSW,RS,GSW,1663.0,,60,66,-6
201103160GSW,RS,GSW,1679.0,,60,68,-8
201103160GSW,RS,GSW,1708.0,,63,68,-5
201103160GSW,RS,GSW,1734.0,,65,68,-3
201103160GSW,RS,GSW,1806.0,,65,69,-4
201103160GSW,RS,GSW,1872.0,,67,69,-2
201103160GSW,RS,GSW,1909.0,T,69,69,0
201103160GSW,RS,GSW,1929.0,,69,72,-3
201103160GSW,RS,GSW,1942.0,,70,72,-2
201103160GSW,RS,GSW,1942.0,,71,72,-1
201103160GSW,RS,GSW,1968.0,T,72,72,0
201103160GSW,RS,GSW,1968.0,LC,73,72,1
201103160GSW,RS,GSW,2008.0,LC,73,75,-2
201103160GSW,RS,GSW,2027.0,LC,76,75,1
201103160GSW,RS,GSW,2043.0,T,76,76,0
201103160GSW,RS,GSW,2043.0,LC,76,77,-1
201103160GSW,RS,GSW,2069.0,,76,78,-2
201103160GSW,RS,GSW,2069.0,,76,79,-3
201103160GSW,RS,GSW,2088.0,,78,79,-1
201103160GSW,RS,GSW,2110.6,LC,80,79,1
201103160GSW,RS,GSW,2110.6,,81,79,2
201103160GSW,RS,GSW,2159.4,T,81,81,0
201103160GSW,RS,GSW,2197.0,LC,81,83,-2
201103160GSW,RS,GSW,2197.0,,81,84,-3
201103160GSW,RS,GSW,2217.0,,83,84,-1
201103160GSW,RS,GSW,2233.0,,83,86,-3
201103160GSW,RS,GSW,2254.0,,83,88,-5
201103160GSW,RS,GSW,2271.0,,85,88,-3
201103160GSW,RS,GSW,2315.0,,87,88,-1
201103160GSW,RS,GSW,2328.0,,87,90,-3
201103160GSW,RS,GSW,2395.0,,87,93,-6
201103160GSW,RS,GSW,2416.0,,89,93,-4
201103160GSW,RS,GSW,2434.0,,89,96,-7
201103160GSW,RS,GSW,2460.0,,91,96,-5
201103160GSW,RS,GSW,2491.0,,92,96,-4
201103160GSW,RS,GSW,2491.0,,93,96,-3
201103160GSW,RS,GSW,2545.0,T,96,96,0
201103160GSW,RS,GSW,2610.0,LC,98,96,2
201103160GSW,RS,GSW,2644.0,,100,96,4
201103160GSW,RS,GSW,2663.0,,101,96,5
201103160GSW,RS,GSW,2663.0,,102,96,6
201103160GSW,RS,GSW,2690.0,,104,96,8
201103160GSW,RS,GSW,2704.0,,104,99,5
201103160GSW,RS,GSW,2726.0,,106,99,7
201103160GSW,RS,GSW,2774.0,,106,101,5
201103160GSW,RS,GSW,2789.0,,108,101,7
201103160GSW,RS,GSW,2796.0,,108,103,5
201103160GSW,RS,GSW,2814.0,,109,103,6
201103160GSW,RS,GSW,2862.9,,110,103,7
201103160GSW,RS,GSW,2862.9,,111,103,8
201103160GSW,RS,GSW,2869.8,,111,106,5
201103160GSW,RS,GSW,2871.7,F,112,106,6
201103160GSW,RS,GSW,2880.0,,112,106,6
201103180DAL,RS,SAS,0.0,,0,0,0
201103180DAL,RS,SAS,40.0,,2,0,2
201103180DAL,RS,SAS,57.0,T,2,2,0
201103180DAL,RS,SAS,105.0,LC,2,3,-1
201103180DAL,RS,SAS,105.0,,2,4,-2
201103180DAL,RS,SAS,133.0,,2,6,-4
201103180DAL,RS,SAS,155.0,,2,7,-5
201103180DAL,RS,SAS,155.0,,2,8,-6
201103180DAL,RS,SAS,217.0,,2,10,-8
201103180DAL,RS,SAS,247.0,,5,10,-5
201103180DAL,RS,SAS,274.0,,7,10,-3
201103180DAL,RS,SAS,291.0,,7,12,-5
201103180DAL,RS,SAS,314.0,,9,12,-3
201103180DAL,RS,SAS,331.0,,9,15,-6
201103180DAL,RS,SAS,400.0,,9,17,-8
201103180DAL,RS,SAS,433.0,,9,19,-10
201103180DAL,RS,SAS,450.0,,9,21,-12
201103180DAL,RS,SAS,517.0,,11,21,-10
201103180DAL,RS,SAS,537.0,,11,23,-12
201103180DAL,RS,SAS,553.0,,12,23,-11
201103180DAL,RS,SAS,566.0,,12,26,-14
201103180DAL,RS,SAS,590.0,,14,26,-12
201103180DAL,RS,SAS,614.0,,14,28,-14
201103180DAL,RS,SAS,629.0,,16,28,-12
201103180DAL,RS,SAS,660.1,,18,28,-10
201103180DAL,RS,SAS,710.7,,19,28,-9
201103180DAL,RS,SAS,710.7,,20,28,-8
201103180DAL,RS,SAS,716.6,,20,29,-9
201103180DAL,RS,SAS,716.6,,20,30,-10
201103180DAL,RS,SAS,771.0,,20,32,-12
201103180DAL,RS,SAS,796.0,,22,32,-10
201103180DAL,RS,SAS,839.0,,22,33,-11
201103180DAL,RS,SAS,845.0,,22,36,-14
201103180DAL,RS,SAS,884.0,,22,38,-16
201103180DAL,RS,SAS,923.0,,22,40,-18
201103180DAL,RS,SAS,948.0,,25,40,-15
201103180DAL,RS,SAS,973.0,,27,40,-13
201103180DAL,RS,SAS,1009.0,,28,40,-12
201103180DAL,RS,SAS,1081.0,,30,40,-10
201103180DAL,RS,SAS,1106.0,,30,42,-12
201103180DAL,RS,SAS,1150.0,,32,42,-10
201103180DAL,RS,SAS,1189.0,,34,42,-8
201103180DAL,RS,SAS,1206.0,,34,44,-10
201103180DAL,RS,SAS,1228.0,,34,46,-12
201103180DAL,RS,SAS,1273.0,,34,48,-14
201103180DAL,RS,SAS,1289.0,,35,48,-13
201103180DAL,RS,SAS,1289.0,,36,48,-12
201103180DAL,RS,SAS,1317.0,,38,48,-10
201103180DAL,RS,SAS,1345.0,,41,48,-7
201103180DAL,RS,SAS,1357.0,,41,50,-9
201103180DAL,RS,SAS,1376.0,,43,50,-7
201103180DAL,RS,SAS,1406.4,,45,50,-5
201103180DAL,RS,SAS,1456.0,,47,50,-3
201103180DAL,RS,SAS,1499.0,,49,50,-1
201103180DAL,RS,SAS,1512.0,,49,52,-3
201103180DAL,RS,SAS,1530.0,,51,52,-1
201103180DAL,RS,SAS,1581.0,,51,53,-2
201103180DAL,RS,SAS,1581.0,,51,54,-3
201103180DAL,RS,SAS,1594.0,,53,54,-1
201103180DAL,RS,SAS,1614.0,,53,56,-3
201103180DAL,RS,SAS,1646.0,,53,58,-5
201103180DAL,RS,SAS,1685.0,,56,58,-2
201103180DAL,RS,SAS,1703.0,,56,59,-3
201103180DAL,RS,SAS,1703.0,,56,60,-4
201103180DAL,RS,SAS,1721.0,,58,60,-2
201103180DAL,RS,SAS,1751.0,T,60,60,0
201103180DAL,RS,SAS,1780.0,,60,61,-1
201103180DAL,RS,SAS,1780.0,,60,62,-2
201103180DAL,RS,SAS,1809.0,,60,64,-4
201103180DAL,RS,SAS,1887.0,,60,67,-7
201103180DAL,RS,SAS,1974.0,,60,69,-9
201103180DAL,RS,SAS,1997.0,,62,69,-7
201103180DAL,RS,SAS,2040.0,,62,71,-9
201103180DAL,RS,SAS,2058.0,,64,71,-7
201103180DAL,RS,SAS,2071.0,,64,73,-9
201103180DAL,RS,SAS,2094.0,,65,73,-8
201103180DAL,RS,SAS,2094.0,,66,73,-7
201103180DAL,RS,SAS,2369.0,,68,73,-5
201103180DAL,RS,SAS,2433.0,,71,73,-2
201103180DAL,RS,SAS,2462.0,,71,76,-5
201103180DAL,RS,SAS,2491.0,,72,76,-4
201103180DAL,RS,SAS,2491.0,,73,76,-3
201103180DAL,RS,SAS,2509.0,,73,78,-5
201103180DAL,RS,SAS,2526.0,,75,78,-3
201103180DAL,RS,SAS,2548.0,,75,81,-6
201103180DAL,RS,SAS,2571.0,,77,81,-4
201103180DAL,RS,SAS,2598.0,,77,84,-7
201103180DAL,RS,SAS,2668.0,,77,86,-9
201103180DAL,RS,SAS,2668.0,,77,87,-10
201103180DAL,RS,SAS,2682.0,,77,89,-12
201103180DAL,RS,SAS,2724.0,,77,91,-14
201103180DAL,RS,SAS,2736.0,,78,91,-13
201103180DAL,RS,SAS,2736.0,,79,91,-12
201103180DAL,RS,SAS,2763.0,,81,91,-10
201103180DAL,RS,SAS,2763.0,,82,91,-9
201103180DAL,RS,SAS,2785.0,,82,93,-11
201103180DAL,RS,SAS,2791.0,,84,93,-9
201103180DAL,RS,SAS,2815.0,,86,93,-7
201103180DAL,RS,SAS,2817.0,,86,94,-8
201103180DAL,RS,SAS,2817.0,,86,95,-9
201103180DAL,RS,SAS,2827.1,,88,95,-7
201103180DAL,RS,SAS,2841.1,,91,95,-4
201103180DAL,RS,SAS,2847.1,,91,96,-5
201103180DAL,RS,SAS,2847.1,F,91,97,-6
201103180DAL,RS,SAS,2880.0,,91,97,-6
201103200DAL,RS,GSW,0.0,,0,0,0
201103200DAL,RS,GSW,64.0,,2,0,2
201103200DAL,RS,GSW,80.0,T,2,2,0
201103200DAL,RS,GSW,91.0,,4,2,2
201103200DAL,RS,GSW,117.0,T,4,4,0
201103200DAL,RS,GSW,127.0,,5,4,1
201103200DAL,RS,GSW,127.0,,6,4,2
201103200DAL,RS,GSW,149.0,T,6,6,0
201103200DAL,RS,GSW,162.0,,9,6,3
201103200DAL,RS,GSW,173.0,,9,8,1
201103200DAL,RS,GSW,205.0,LC,9,10,-1
201103200DAL,RS,GSW,222.0,LC,11,10,1
201103200DAL,RS,GSW,272.0,LC,11,12,-1
201103200DAL,RS,GSW,284.0,LC,13,12,1
201103200DAL,RS,GSW,334.0,LC,13,14,-1
201103200DAL,RS,GSW,362.0,LC,16,14,2
201103200DAL,RS,GSW,389.0,,18,14,4
201103200DAL,RS,GSW,448.0,,20,14,6
201103200DAL,RS,GSW,553.0,,22,14,8
201103200DAL,RS,GSW,569.0,,22,16,6
201103200DAL,RS,GSW,583.0,,23,16,7
201103200DAL,RS,GSW,583.0,,24,16,8
201103200DAL,RS,GSW,600.0,,24,19,5
201103200DAL,RS,GSW,610.0,,25,19,6
201103200DAL,RS,GSW,610.0,,26,19,7
201103200DAL,RS,GSW,634.0,,27,19,8
201103200DAL,RS,GSW,653.0,,27,20,7
201103200DAL,RS,GSW,653.0,,27,21,6
201103200DAL,RS,GSW,675.8,,29,21,8
201103200DAL,RS,GSW,701.1,,29,23,6
201103200DAL,RS,GSW,719.1,,31,23,8
201103200DAL,RS,GSW,748.0,,34,23,11
201103200DAL,RS,GSW,771.0,,37,23,14
201103200DAL,RS,GSW,815.0,,40,23,17
201103200DAL,RS,GSW,862.0,,40,25,15
201103200DAL,RS,GSW,884.0,,42,25,17
201103200DAL,RS,GSW,951.0,,42,27,15
201103200DAL,RS,GSW,986.0,,42,28,14
201103200DAL,RS,GSW,986.0,,42,29,13
201103200DAL,RS,GSW,1022.0,,42,31,11
201103200DAL,RS,GSW,1048.0,,45,31,14
201103200DAL,RS,GSW,1085.0,,46,31,15
201103200DAL,RS,GSW,1085.0,,47,31,16
201103200DAL,RS,GSW,1134.0,,47,33,14
201103200DAL,RS,GSW,1181.0,,49,33,16
201103200DAL,RS,GSW,1200.0,,49,35,14
201103200DAL,RS,GSW,1225.0,,51,35,16
201103200DAL,RS,GSW,1270.0,,51,37,14
201103200DAL,RS,GSW,1296.0,,51,39,12
201103200DAL,RS,GSW,1296.0,,51,40,11
201103200DAL,RS,GSW,1327.0,,51,43,8
201103200DAL,RS,GSW,1476.0,,53,43,10
201103200DAL,RS,GSW,1534.0,,56,43,13
201103200DAL,RS,GSW,1580.0,,56,45,11
201103200DAL,RS,GSW,1609.0,,56,47,9
201103200DAL,RS,GSW,1644.0,,56,48,8
201103200DAL,RS,GSW,1644.0,,56,49,7
201103200DAL,RS,GSW,1658.0,,58,49,9
201103200DAL,RS,GSW,1671.0,,58,51,7
201103200DAL,RS,GSW,1703.0,,58,54,4
201103200DAL,RS,GSW,1728.0,,60,54,6
201103200DAL,RS,GSW,1746.0,,60,56,4
201103200DAL,RS,GSW,1772.0,,61,56,5
201103200DAL,RS,GSW,1772.0,,62,56,6
201103200DAL,RS,GSW,1795.0,,64,56,8
201103200DAL,RS,GSW,1795.0,,65,56,9
201103200DAL,RS,GSW,1817.0,,68,56,12
201103200DAL,RS,GSW,1832.0,,68,59,9
201103200DAL,RS,GSW,1854.0,,69,59,10
201103200DAL,RS,GSW,1866.0,,69,60,9
201103200DAL,RS,GSW,1866.0,,69,61,8
201103200DAL,RS,GSW,1935.0,,69,63,6
201103200DAL,RS,GSW,1974.0,,72,63,9
201103200DAL,RS,GSW,2003.0,,74,63,11
201103200DAL,RS,GSW,2037.0,,75,63,12
201103200DAL,RS,GSW,2116.9,,76,63,13
201103200DAL,RS,GSW,2224.0,,78,63,15
201103200DAL,RS,GSW,2240.0,,78,66,12
201103200DAL,RS,GSW,2289.0,,78,68,10
201103200DAL,RS,GSW,2312.0,,79,68,11
201103200DAL,RS,GSW,2312.0,,80,68,12
201103200DAL,RS,GSW,2343.0,,82,68,14
201103200DAL,RS,GSW,2371.0,,85,68,17
201103200DAL,RS,GSW,2534.0,,87,68,19
201103200DAL,RS,GSW,2575.0,,90,68,22
201103200DAL,RS,GSW,2595.0,,91,68,23
201103200DAL,RS,GSW,2595.0,,92,68,24
201103200DAL,RS,GSW,2631.0,,92,69,23
201103200DAL,RS,GSW,2653.0,,95,69,26
201103200DAL,RS,GSW,2692.0,,95,70,25
201103200DAL,RS,GSW,2738.0,,97,70,27
201103200DAL,RS,GSW,2768.0,,98,70,28
201103200DAL,RS,GSW,2768.0,,99,70,29
201103200DAL,RS,GSW,2781.0,,99,71,28
201103200DAL,RS,GSW,2781.0,,99,72,27
201103200DAL,RS,GSW,2819.0,,101,72,29
201103200DAL,RS,GSW,2859.0,F,101,73,28
201103200DAL,RS,GSW,2880.0,,101,73,28
201103240DAL,RS,MIN,0.0,,0,0,0
201103240DAL,RS,MIN,66.0,,0,2,-2
201103240DAL,RS,MIN,85.0,T,2,2,0
201103240DAL,RS,MIN,118.0,LC,4,2,2
201103240DAL,RS,MIN,182.0,T,4,4,0
201103240DAL,RS,MIN,204.0,,6,4,2
201103240DAL,RS,MIN,224.0,T,6,6,0
201103240DAL,RS,MIN,239.0,,8,6,2
201103240DAL,RS,MIN,337.0,,8,7,1
201103240DAL,RS,MIN,337.0,T,8,8,0
201103240DAL,RS,MIN,366.0,LC,8,9,-1
201103240DAL,RS,MIN,366.0,,8,10,-2
201103240DAL,RS,MIN,376.0,T,10,10,0
201103240DAL,RS,MIN,438.0,,10,12,-2
201103240DAL,RS,MIN,503.0,T,12,12,0
201103240DAL,RS,MIN,533.0,,12,14,-2
201103240DAL,RS,MIN,555.0,,12,15,-3
201103240DAL,RS,MIN,555.0,,12,16,-4
201103240DAL,RS,MIN,589.0,,14,16,-2
201103240DAL,RS,MIN,619.0,,14,18,-4
201103240DAL,RS,MIN,661.0,,14,20,-6
201103240DAL,RS,MIN,684.1,,17,20,-3
201103240DAL,RS,MIN,706.1,,17,23,-6
201103240DAL,RS,MIN,744.0,,19,23,-4
201103240DAL,RS,MIN,768.0,,21,23,-2
201103240DAL,RS,MIN,768.0,,22,23,-1
201103240DAL,RS,MIN,801.0,LC,24,23,1
201103240DAL,RS,MIN,817.0,LC,24,25,-1
201103240DAL,RS,MIN,830.0,,24,27,-3
201103240DAL,RS,MIN,849.0,,25,27,-2
201103240DAL,RS,MIN,849.0,,26,27,-1
201103240DAL,RS,MIN,890.0,,26,29,-3
201103240DAL,RS,MIN,922.0,,26,31,-5
201103240DAL,RS,MIN,943.0,,27,31,-4
201103240DAL,RS,MIN,971.0,,29,31,-2
201103240DAL,RS,MIN,985.0,,29,32,-3
201103240DAL,RS,MIN,985.0,,29,33,-4
201103240DAL,RS,MIN,1000.0,,30,33,-3
201103240DAL,RS,MIN,1026.0,,32,33,-1
201103240DAL,RS,MIN,1049.0,,32,35,-3
201103240DAL,RS,MIN,1056.0,,34,35,-1
201103240DAL,RS,MIN,1078.0,LC,37,35,2
201103240DAL,RS,MIN,1104.0,,39,35,4
201103240DAL,RS,MIN,1151.0,,39,37,2
201103240DAL,RS,MIN,1193.0,,41,37,4
201103240DAL,RS,MIN,1222.0,,43,37,6
201103240DAL,RS,MIN,1236.0,,43,39,4
201103240DAL,RS,MIN,1236.0,,43,40,3
201103240DAL,RS,MIN,1262.0,,45,40,5
201103240DAL,RS,MIN,1277.0,,45,42,3
201103240DAL,RS,MIN,1321.0,T,45,45,0
201103240DAL,RS,MIN,1365.0,,47,45,2
201103240DAL,RS,MIN,1375.0,T,47,47,0
201103240DAL,RS,MIN,1399.1,,49,47,2
201103240DAL,RS,MIN,1476.0,T,49,49,0
201103240DAL,RS,MIN,1487.0,,51,49,2
201103240DAL,RS,MIN,1521.0,T,51,51,0
201103240DAL,RS,MIN,1556.0,,53,51,2
201103240DAL,RS,MIN,1666.0,,56,51,5
201103240DAL,RS,MIN,1700.0,,56,54,2
201103240DAL,RS,MIN,1728.0,,58,54,4
201103240DAL,RS,MIN,1728.0,,59,54,5
201103240DAL,RS,MIN,1756.0,,62,54,8
201103240DAL,RS,MIN,1776.0,,62,57,5
201103240DAL,RS,MIN,1795.0,,62,59,3
201103240DAL,RS,MIN,1831.0,,62,61,1
201103240DAL,RS,MIN,1863.0,,63,61,2
201103240DAL,RS,MIN,1863.0,,64,61,3
201103240DAL,RS,MIN,1912.0,,67,61,6
201103240DAL,RS,MIN,1938.0,,67,63,4
201103240DAL,RS,MIN,1960.0,,69,63,6
201103240DAL,RS,MIN,1978.0,,69,65,4
201103240DAL,RS,MIN,1993.0,,71,65,6
201103240DAL,RS,MIN,2010.0,,71,67,4
201103240DAL,RS,MIN,2055.0,,73,67,6
201103240DAL,RS,MIN,2071.0,,73,69,4
201103240DAL,RS,MIN,2153.1,,76,69,7
201103240DAL,RS,MIN,2159.7,,76,72,4
201103240DAL,RS,MIN,2205.0,,78,72,6
201103240DAL,RS,MIN,2224.0,,78,75,3
201103240DAL,RS,MIN,2258.0,,80,75,5
201103240DAL,RS,MIN,2296.0,,80,78,2
201103240DAL,RS,MIN,2313.0,,82,78,4
201103240DAL,RS,MIN,2349.0,,82,80,2
201103240DAL,RS,MIN,2349.0,,82,81,1
201103240DAL,RS,MIN,2385.0,,85,81,4
201103240DAL,RS,MIN,2405.0,,85,83,2
201103240DAL,RS,MIN,2420.0,,87,83,4
201103240DAL,RS,MIN,2462.0,,87,86,1
201103240DAL,RS,MIN,2490.0,LC,87,88,-1
201103240DAL,RS,MIN,2526.0,LC,89,88,1
201103240DAL,RS,MIN,2578.0,,91,88,3
201103240DAL,RS,MIN,2593.0,,91,90,1
201103240DAL,RS,MIN,2608.0,,93,90,3
201103240DAL,RS,MIN,2641.0,,93,92,1
201103240DAL,RS,MIN,2683.0,LC,93,94,-1
201103240DAL,RS,MIN,2722.0,LC,95,94,1
201103240DAL,RS,MIN,2722.0,,96,94,2
201103240DAL,RS,MIN,2765.0,,98,94,4
201103240DAL,RS,MIN,2803.0,,98,96,2
201103240DAL,RS,MIN,2824.1,,101,96,5
201103240DAL,RS,MIN,2836.5,,102,96,6
201103240DAL,RS,MIN,2836.5,,103,96,7
201103240DAL,RS,MIN,2851.9,F,104,96,8
201103240DAL,RS,MIN,2880.0,,104,96,8
201103260UTA,RS,UTA,0.0,,0,0,0
201103260UTA,RS,UTA,57.0,,2,0,2
201103260UTA,RS,UTA,74.0,T,2,2,0
201103260UTA,RS,UTA,97.0,,4,2,2
201103260UTA,RS,UTA,151.0,T,4,4,0
201103260UTA,RS,UTA,151.0,LC,4,5,-1
201103260UTA,RS,UTA,212.0,,4,7,-3
201103260UTA,RS,UTA,235.0,,6,7,-1
201103260UTA,RS,UTA,254.0,,6,9,-3
201103260UTA,RS,UTA,288.0,,8,9,-1
201103260UTA,RS,UTA,304.0,,8,11,-3
201103260UTA,RS,UTA,316.0,,9,11,-2
201103260UTA,RS,UTA,325.0,,9,13,-4
201103260UTA,RS,UTA,370.0,,9,15,-6
201103260UTA,RS,UTA,403.0,,9,18,-9
201103260UTA,RS,UTA,431.0,,12,18,-6
201103260UTA,RS,UTA,474.0,,14,18,-4
201103260UTA,RS,UTA,538.0,,17,18,-1
201103260UTA,RS,UTA,623.0,LC,19,18,1
201103260UTA,RS,UTA,648.0,LC,19,20,-1
201103260UTA,RS,UTA,675.1,,19,22,-3
201103260UTA,RS,UTA,689.2,,20,22,-2
201103260UTA,RS,UTA,736.0,T,22,22,0
201103260UTA,RS,UTA,780.0,,22,24,-2
201103260UTA,RS,UTA,800.0,T,24,24,0
201103260UTA,RS,UTA,800.0,LC,25,24,1
201103260UTA,RS,UTA,820.0,LC,25,26,-1
201103260UTA,RS,UTA,847.0,T,26,26,0
201103260UTA,RS,UTA,847.0,LC,27,26,1
201103260UTA,RS,UTA,860.0,LC,27,28,-1
201103260UTA,RS,UTA,893.0,,27,30,-3
201103260UTA,RS,UTA,913.0,,29,30,-1
201103260UTA,RS,UTA,945.0,T,30,30,0
201103260UTA,RS,UTA,945.0,LC,31,30,1
201103260UTA,RS,UTA,972.0,,33,30,3
201103260UTA,RS,UTA,1025.0,,35,30,5
201103260UTA,RS,UTA,1048.0,,35,32,3
201103260UTA,RS,UTA,1096.0,,35,34,1
201103260UTA,RS,UTA,1121.0,T,35,35,0
201103260UTA,RS,UTA,1142.0,LC,35,37,-2
201103260UTA,RS,UTA,1193.0,,35,39,-4
201103260UTA,RS,UTA,1228.0,,35,40,-5
201103260UTA,RS,UTA,1228.0,,35,41,-6
201103260UTA,RS,UTA,1244.0,,36,41,-5
201103260UTA,RS,UTA,1244.0,,37,41,-4
201103260UTA,RS,UTA,1267.0,,39,41,-2
201103260UTA,RS,UTA,1286.0,,39,44,-5
201103260UTA,RS,UTA,1338.0,,40,44,-4
201103260UTA,RS,UTA,1365.0,,41,44,-3
201103260UTA,RS,UTA,1383.2,,41,47,-6
201103260UTA,RS,UTA,1405.7,,42,47,-5
201103260UTA,RS,UTA,1405.7,,43,47,-4
201103260UTA,RS,UTA,1540.0,,43,49,-6
201103260UTA,RS,UTA,1588.0,,46,49,-3
201103260UTA,RS,UTA,1624.0,,48,49,-1
201103260UTA,RS,UTA,1698.0,,48,50,-2
201103260UTA,RS,UTA,1742.0,,49,50,-1
201103260UTA,RS,UTA,1761.0,,49,52,-3
201103260UTA,RS,UTA,1872.0,,49,54,-5
201103260UTA,RS,UTA,1922.0,,49,55,-6
201103260UTA,RS,UTA,1922.0,,49,56,-7
201103260UTA,RS,UTA,1939.0,,51,56,-5
201103260UTA,RS,UTA,1952.0,,51,58,-7
201103260UTA,RS,UTA,1963.0,,54,58,-4
201103260UTA,RS,UTA,2000.0,,56,58,-2
201103260UTA,RS,UTA,2061.0,,56,60,-4
201103260UTA,RS,UTA,2092.0,,57,60,-3
201103260UTA,RS,UTA,2111.7,,58,60,-2
201103260UTA,RS,UTA,2219.0,,58,62,-4
201103260UTA,RS,UTA,2232.0,,60,62,-2
201103260UTA,RS,UTA,2283.0,LC,63,62,1
201103260UTA,RS,UTA,2302.0,LC,63,64,-1
201103260UTA,RS,UTA,2389.0,LC,66,64,2
201103260UTA,RS,UTA,2426.0,T,66,66,0
201103260UTA,RS,UTA,2447.0,,68,66,2
201103260UTA,RS,UTA,2462.0,T,68,68,0
201103260UTA,RS,UTA,2498.0,LC,68,70,-2
201103260UTA,RS,UTA,2522.0,LC,71,70,1
201103260UTA,RS,UTA,2558.0,,74,70,4
201103260UTA,RS,UTA,2583.0,,76,70,6
201103260UTA,RS,UTA,2623.0,,77,70,7
201103260UTA,RS,UTA,2623.0,,78,70,8
201103260UTA,RS,UTA,2651.0,,80,70,10
201103260UTA,RS,UTA,2651.0,,81,70,11
201103260UTA,RS,UTA,2661.0,,81,71,10
201103260UTA,RS,UTA,2661.0,,81,72,9
201103260UTA,RS,UTA,2677.0,,83,72,11
201103260UTA,RS,UTA,2692.0,,83,74,9
201103260UTA,RS,UTA,2713.0,,84,74,10
201103260UTA,RS,UTA,2713.0,,85,74,11
201103260UTA,RS,UTA,2736.0,,87,74,13
201103260UTA,RS,UTA,2747.0,,87,76,11
201103260UTA,RS,UTA,2793.0,,89,76,13
201103260UTA,RS,UTA,2831.5,,90,76,14
201103260UTA,RS,UTA,2831.5,,91,76,15
201103260UTA,RS,UTA,2831.5,,92,76,16
201103260UTA,RS,UTA,2838.6,,92,77,15
201103260UTA,RS,UTA,2851.0,,93,77,16
201103260UTA,RS,UTA,2851.0,F,94,77,17
201103260UTA,RS,UTA,2880.0,,94,77,17
201103270PHO,RS,PHO,0.0,,0,0,0
201103270PHO,RS,PHO,27.0,,2,0,2
201103270PHO,RS,PHO,87.0,T,2,2,0
201103270PHO,RS,PHO,107.0,LC,2,4,-2
201103270PHO,RS,PHO,121.0,T,4,4,0
201103270PHO,RS,PHO,149.0,LC,5,4,1
201103270PHO,RS,PHO,149.0,,6,4,2
201103270PHO,RS,PHO,182.0,T,6,6,0
201103270PHO,RS,PHO,234.0,LC,6,8,-2
201103270PHO,RS,PHO,277.0,,6,10,-4
201103270PHO,RS,PHO,295.0,,9,10,-1
201103270PHO,RS,PHO,320.0,,9,12,-3
201103270PHO,RS,PHO,338.0,,9,14,-5
201103270PHO,RS,PHO,417.0,,9,16,-7
201103270PHO,RS,PHO,466.0,,9,18,-9
201103270PHO,RS,PHO,493.0,,10,18,-8
201103270PHO,RS,PHO,506.0,,10,20,-10
201103270PHO,RS,PHO,556.0,,10,22,-12
201103270PHO,RS,PHO,582.0,,13,22,-9
201103270PHO,RS,PHO,628.0,,13,24,-11
201103270PHO,RS,PHO,648.0,,14,24,-10
201103270PHO,RS,PHO,648.0,,15,24,-9
201103270PHO,RS,PHO,689.9,,15,26,-11
201103270PHO,RS,PHO,710.1,,17,26,-9
201103270PHO,RS,PHO,759.0,,20,26,-6
201103270PHO,RS,PHO,833.0,,20,28,-8
201103270PHO,RS,PHO,856.0,,20,30,-10
201103270PHO,RS,PHO,873.0,,22,30,-8
201103270PHO,RS,PHO,918.0,,24,30,-6
201103270PHO,RS,PHO,957.0,,24,31,-7
201103270PHO,RS,PHO,971.0,,24,33,-9
201103270PHO,RS,PHO,997.0,,24,35,-11
201103270PHO,RS,PHO,1031.0,,24,36,-12
201103270PHO,RS,PHO,1073.0,,26,36,-10
201103270PHO,RS,PHO,1108.0,,28,36,-8
201103270PHO,RS,PHO,1136.0,,30,36,-6
201103270PHO,RS,PHO,1141.0,,30,38,-8
201103270PHO,RS,PHO,1161.0,,33,38,-5
201103270PHO,RS,PHO,1205.0,,35,38,-3
201103270PHO,RS,PHO,1228.0,,35,39,-4
201103270PHO,RS,PHO,1228.0,,35,40,-5
201103270PHO,RS,PHO,1293.0,,37,40,-3
201103270PHO,RS,PHO,1311.0,,37,41,-4
201103270PHO,RS,PHO,1311.0,,37,42,-5
201103270PHO,RS,PHO,1324.0,,38,42,-4
201103270PHO,RS,PHO,1324.0,,39,42,-3
201103270PHO,RS,PHO,1337.0,,39,45,-6
201103270PHO,RS,PHO,1364.0,,42,45,-3
201103270PHO,RS,PHO,1384.0,,42,47,-5
201103270PHO,RS,PHO,1394.9,,43,47,-4
201103270PHO,RS,PHO,1394.9,,44,47,-3
201103270PHO,RS,PHO,1418.3,,44,49,-5
201103270PHO,RS,PHO,1521.0,,46,49,-3
201103270PHO,RS,PHO,1540.0,,48,49,-1
201103270PHO,RS,PHO,1558.0,,48,50,-2
201103270PHO,RS,PHO,1558.0,,48,51,-3
201103270PHO,RS,PHO,1583.0,,50,51,-1
201103270PHO,RS,PHO,1619.0,,50,53,-3
201103270PHO,RS,PHO,1670.0,,50,55,-5
201103270PHO,RS,PHO,1712.0,,53,55,-2
201103270PHO,RS,PHO,1730.0,,53,57,-4
201103270PHO,RS,PHO,1790.0,,55,57,-2
201103270PHO,RS,PHO,1790.0,,56,57,-1
201103270PHO,RS,PHO,1804.0,,56,59,-3
201103270PHO,RS,PHO,1917.0,,56,61,-5
201103270PHO,RS,PHO,1941.0,,58,61,-3
201103270PHO,RS,PHO,1986.0,,58,63,-5
201103270PHO,RS,PHO,2040.0,,60,63,-3
201103270PHO,RS,PHO,2062.0,,62,63,-1
201103270PHO,RS,PHO,2062.0,T,63,63,0
201103270PHO,RS,PHO,2098.0,,63,65,-2
201103270PHO,RS,PHO,2134.4,T,65,65,0
201103270PHO,RS,PHO,2155.6,,65,67,-2
201103270PHO,RS,PHO,2225.0,T,67,67,0
201103270PHO,RS,PHO,2242.0,,67,69,-2
201103270PHO,RS,PHO,2268.0,LC,70,69,1
201103270PHO,RS,PHO,2280.0,T,70,70,0
201103270PHO,RS,PHO,2280.0,LC,70,71,-1
201103270PHO,RS,PHO,2289.0,T,71,71,0
201103270PHO,RS,PHO,2289.0,LC,72,71,1
201103270PHO,RS,PHO,2323.0,,75,71,4
201103270PHO,RS,PHO,2351.0,,75,73,2
201103270PHO,RS,PHO,2379.0,T,75,75,0
201103270PHO,RS,PHO,2404.0,LC,75,76,-1
201103270PHO,RS,PHO,2404.0,,75,77,-2
201103270PHO,RS,PHO,2421.0,T,77,77,0
201103270PHO,RS,PHO,2458.0,LC,79,77,2
201103270PHO,RS,PHO,2472.0,T,79,79,0
201103270PHO,RS,PHO,2628.0,,80,79,1
201103270PHO,RS,PHO,2743.0,,81,79,2
201103270PHO,RS,PHO,2749.0,,81,80,1
201103270PHO,RS,PHO,2749.0,T,81,81,0
201103270PHO,RS,PHO,2766.0,,83,81,2
201103270PHO,RS,PHO,2783.0,T,83,83,0
201103270PHO,RS,PHO,2809.0,,86,83,3
201103270PHO,RS,PHO,2835.6,,89,83,6
201103270PHO,RS,PHO,2852.4,,90,83,7
201103270PHO,RS,PHO,2852.4,F,91,83,8
201103270PHO,RS,PHO,2880.0,,91,83,8
201103300LAC,RS,LAC,0.0,,0,0,0
201103300LAC,RS,LAC,31.0,,0,2,-2
201103300LAC,RS,LAC,85.0,T,2,2,0
201103300LAC,RS,LAC,118.0,,2,5,-3
201103300LAC,RS,LAC,141.0,,2,6,-4
201103300LAC,RS,LAC,141.0,,2,7,-5
201103300LAC,RS,LAC,160.0,,4,7,-3
201103300LAC,RS,LAC,193.0,,4,8,-4
201103300LAC,RS,LAC,193.0,,4,9,-5
201103300LAC,RS,LAC,217.0,,4,10,-6
201103300LAC,RS,LAC,217.0,,4,11,-7
201103300LAC,RS,LAC,241.0,,4,13,-9
201103300LAC,RS,LAC,285.0,,6,13,-7
201103300LAC,RS,LAC,403.0,,8,13,-5
201103300LAC,RS,LAC,418.0,,8,14,-6
201103300LAC,RS,LAC,426.0,,8,16,-8
201103300LAC,RS,LAC,460.0,,8,18,-10
201103300LAC,RS,LAC,486.0,,10,18,-8
201103300LAC,RS,LAC,490.0,,10,20,-10
201103300LAC,RS,LAC,490.0,,10,21,-11
201103300LAC,RS,LAC,524.0,,10,23,-13
201103300LAC,RS,LAC,542.0,,12,23,-11
201103300LAC,RS,LAC,572.0,,15,23,-8
201103300LAC,RS,LAC,608.0,,18,23,-5
201103300LAC,RS,LAC,628.0,,18,24,-6
201103300LAC,RS,LAC,647.0,,20,24,-4
201103300LAC,RS,LAC,661.7,,20,26,-6
201103300LAC,RS,LAC,672.7,,23,26,-3
201103300LAC,RS,LAC,701.6,,23,28,-5
201103300LAC,RS,LAC,732.0,,23,29,-6
201103300LAC,RS,LAC,732.0,,23,30,-7
201103300LAC,RS,LAC,779.0,,25,30,-5
201103300LAC,RS,LAC,789.0,,25,33,-8
201103300LAC,RS,LAC,827.0,,27,33,-6
201103300LAC,RS,LAC,871.0,,27,35,-8
201103300LAC,RS,LAC,957.0,,29,35,-6
201103300LAC,RS,LAC,957.0,,30,35,-5
201103300LAC,RS,LAC,975.0,,32,35,-3
201103300LAC,RS,LAC,975.0,,33,35,-2
201103300LAC,RS,LAC,1022.0,,33,37,-4
201103300LAC,RS,LAC,1036.0,,36,37,-1
201103300LAC,RS,LAC,1049.0,,36,38,-2
201103300LAC,RS,LAC,1049.0,,36,39,-3
201103300LAC,RS,LAC,1082.0,,36,41,-5
201103300LAC,RS,LAC,1095.0,,38,41,-3
201103300LAC,RS,LAC,1110.0,,38,44,-6
201103300LAC,RS,LAC,1135.0,,40,44,-4
201103300LAC,RS,LAC,1186.0,,42,44,-2
201103300LAC,RS,LAC,1238.0,T,44,44,0
201103300LAC,RS,LAC,1260.0,,44,46,-2
201103300LAC,RS,LAC,1276.0,T,46,46,0
201103300LAC,RS,LAC,1435.0,LC,48,46,2
201103300LAC,RS,LAC,1453.0,T,48,48,0
201103300LAC,RS,LAC,1472.0,,50,48,2
201103300LAC,RS,LAC,1485.0,T,50,50,0
201103300LAC,RS,LAC,1514.0,,52,50,2
201103300LAC,RS,LAC,1533.0,T,52,52,0
201103300LAC,RS,LAC,1555.0,LC,52,54,-2
201103300LAC,RS,LAC,1594.0,,52,56,-4
201103300LAC,RS,LAC,1611.0,,54,56,-2
201103300LAC,RS,LAC,1633.0,,54,57,-3
201103300LAC,RS,LAC,1645.0,,56,57,-1
201103300LAC,RS,LAC,1659.0,,56,58,-2
201103300LAC,RS,LAC,1659.0,,56,59,-3
201103300LAC,RS,LAC,1674.0,T,59,59,0
201103300LAC,RS,LAC,1700.0,,59,62,-3
201103300LAC,RS,LAC,1786.0,,61,62,-1
201103300LAC,RS,LAC,1834.0,LC,63,62,1
201103300LAC,RS,LAC,1853.0,LC,63,64,-1
201103300LAC,RS,LAC,1889.0,LC,65,64,1
201103300LAC,RS,LAC,1952.0,,68,64,4
201103300LAC,RS,LAC,1986.0,,70,64,6
201103300LAC,RS,LAC,2005.0,,70,66,4
201103300LAC,RS,LAC,2055.0,,72,66,6
201103300LAC,RS,LAC,2082.0,,72,68,4
201103300LAC,RS,LAC,2116.6,,75,68,7
201103300LAC,RS,LAC,2136.8,,75,70,5
201103300LAC,RS,LAC,2198.0,,75,71,4
201103300LAC,RS,LAC,2234.0,,75,72,3
201103300LAC,RS,LAC,2234.0,,75,73,2
201103300LAC,RS,LAC,2259.0,,77,73,4
201103300LAC,RS,LAC,2281.0,,77,75,2
201103300LAC,RS,LAC,2298.0,,79,75,4
201103300LAC,RS,LAC,2332.0,,80,75,5
201103300LAC,RS,LAC,2332.0,,81,75,6
201103300LAC,RS,LAC,2362.0,,81,77,4
201103300LAC,RS,LAC,2384.0,,83,77,6
201103300LAC,RS,LAC,2399.0,,83,78,5
201103300LAC,RS,LAC,2399.0,,83,79,4
201103300LAC,RS,LAC,2426.0,,85,79,6
201103300LAC,RS,LAC,2451.0,,86,79,7
201103300LAC,RS,LAC,2478.0,,88,79,9
201103300LAC,RS,LAC,2478.0,,89,79,10
201103300LAC,RS,LAC,2488.0,,89,80,9
201103300LAC,RS,LAC,2518.0,,90,80,10
201103300LAC,RS,LAC,2518.0,,91,80,11
201103300LAC,RS,LAC,2518.0,,92,80,12
201103300LAC,RS,LAC,2518.0,,93,80,13
201103300LAC,RS,LAC,2553.0,,96,80,16
201103300LAC,RS,LAC,2566.0,,96,81,15
201103300LAC,RS,LAC,2566.0,,96,82,14
201103300LAC,RS,LAC,2599.0,,96,85,11
201103300LAC,RS,LAC,2624.0,,96,87,9
201103300LAC,RS,LAC,2651.0,,96,89,7
201103300LAC,RS,LAC,2681.0,,96,91,5
201103300LAC,RS,LAC,2702.0,,99,91,8
201103300LAC,RS,LAC,2753.0,,101,91,10
201103300LAC,RS,LAC,2766.0,,101,92,9
201103300LAC,RS,LAC,2799.0,,101,94,7
201103300LAC,RS,LAC,2828.2,,102,94,8
201103300LAC,RS,LAC,2828.2,,103,94,9
201103300LAC,RS,LAC,2833.1,,103,96,7
201103300LAC,RS,LAC,2833.1,,104,96,8
201103300LAC,RS,LAC,2848.6,,104,98,6
201103300LAC,RS,LAC,2863.1,,104,100,4
201103300LAC,RS,LAC,2863.3,,105,100,5
201103300LAC,RS,LAC,2863.3,F,106,100,6
201103300LAC,RS,LAC,2880.0,,106,100,6
201103310LAL,RS,LAL,0.0,,0,0,0
201103310LAL,RS,LAL,37.0,,2,0,2
201103310LAL,RS,LAL,53.0,T,2,2,0
201103310LAL,RS,LAL,83.0,LC,2,4,-2
201103310LAL,RS,LAL,95.0,T,4,4,0
201103310LAL,RS,LAL,136.0,LC,7,4,3
201103310LAL,RS,LAL,167.0,,7,6,1
201103310LAL,RS,LAL,207.0,,10,6,4
201103310LAL,RS,LAL,224.0,,10,8,2
201103310LAL,RS,LAL,239.0,,12,8,4
201103310LAL,RS,LAL,253.0,,12,10,2
201103310LAL,RS,LAL,263.0,,14,10,4
201103310LAL,RS,LAL,292.0,,14,12,2
201103310LAL,RS,LAL,326.0,,16,12,4
201103310LAL,RS,LAL,343.0,,16,15,1
201103310LAL,RS,LAL,371.0,LC,16,17,-1
201103310LAL,RS,LAL,398.0,LC,18,17,1
201103310LAL,RS,LAL,418.0,LC,18,19,-1
201103310LAL,RS,LAL,437.0,LC,20,19,1
201103310LAL,RS,LAL,486.0,T,20,20,0
201103310LAL,RS,LAL,509.0,,22,20,2
201103310LAL,RS,LAL,525.0,T,22,22,0
201103310LAL,RS,LAL,555.0,LC,22,24,-2
201103310LAL,RS,LAL,572.0,,23,24,-1
201103310LAL,RS,LAL,572.0,T,24,24,0
201103310LAL,RS,LAL,592.0,,24,26,-2
201103310LAL,RS,LAL,639.0,T,26,26,0
201103310LAL,RS,LAL,666.0,,26,28,-2
201103310LAL,RS,LAL,795.0,,26,30,-4
201103310LAL,RS,LAL,814.0,,28,30,-2
201103310LAL,RS,LAL,839.0,,28,32,-4
201103310LAL,RS,LAL,880.0,,28,34,-6
201103310LAL,RS,LAL,925.0,,30,34,-4
201103310LAL,RS,LAL,951.0,,30,35,-5
201103310LAL,RS,LAL,951.0,,31,35,-4
201103310LAL,RS,LAL,951.0,,32,35,-3
201103310LAL,RS,LAL,972.0,,32,37,-5
201103310LAL,RS,LAL,988.0,,35,37,-2
201103310LAL,RS,LAL,1015.0,T,37,37,0
201103310LAL,RS,LAL,1030.0,,37,38,-1
201103310LAL,RS,LAL,1068.0,LC,40,38,2
201103310LAL,RS,LAL,1093.0,T,40,40,0
201103310LAL,RS,LAL,1137.0,LC,40,42,-2
201103310LAL,RS,LAL,1178.0,T,42,42,0
201103310LAL,RS,LAL,1178.0,LC,43,42,1
201103310LAL,RS,LAL,1201.6,LC,43,44,-1
201103310LAL,RS,LAL,1234.0,,43,46,-3
201103310LAL,RS,LAL,1271.0,,43,48,-5
201103310LAL,RS,LAL,1271.0,,43,49,-6
201103310LAL,RS,LAL,1282.0,,44,49,-5
201103310LAL,RS,LAL,1292.0,,45,49,-4
201103310LAL,RS,LAL,1303.0,,45,52,-7
201103310LAL,RS,LAL,1337.0,,46,52,-6
201103310LAL,RS,LAL,1337.0,,47,52,-5
201103310LAL,RS,LAL,1369.0,,49,52,-3
201103310LAL,RS,LAL,1409.6,,49,53,-4
201103310LAL,RS,LAL,1409.6,,49,54,-5
201103310LAL,RS,LAL,1429.8,,51,54,-3
201103310LAL,RS,LAL,1463.0,,51,55,-4
201103310LAL,RS,LAL,1485.0,,52,55,-3
201103310LAL,RS,LAL,1507.0,,52,58,-6
201103310LAL,RS,LAL,1534.0,,52,59,-7
201103310LAL,RS,LAL,1534.0,,52,60,-8
201103310LAL,RS,LAL,1565.0,,54,60,-6
201103310LAL,RS,LAL,1582.0,,54,61,-7
201103310LAL,RS,LAL,1598.0,,55,61,-6
201103310LAL,RS,LAL,1643.0,,55,62,-7
201103310LAL,RS,LAL,1643.0,,55,63,-8
201103310LAL,RS,LAL,1671.0,,55,65,-10
201103310LAL,RS,LAL,1715.0,,57,65,-8
201103310LAL,RS,LAL,1715.0,,58,65,-7
201103310LAL,RS,LAL,1729.0,,58,67,-9
201103310LAL,RS,LAL,1776.0,,59,67,-8
201103310LAL,RS,LAL,1776.0,,60,67,-7
201103310LAL,RS,LAL,1804.0,,60,69,-9
201103310LAL,RS,LAL,1859.0,,62,69,-7
201103310LAL,RS,LAL,1880.0,,62,71,-9
201103310LAL,RS,LAL,1880.0,,62,72,-10
201103310LAL,RS,LAL,1898.0,,64,72,-8
201103310LAL,RS,LAL,1917.0,,64,74,-10
201103310LAL,RS,LAL,1979.0,,66,74,-8
201103310LAL,RS,LAL,2000.0,,67,74,-7
201103310LAL,RS,LAL,2016.0,,67,75,-8
201103310LAL,RS,LAL,2024.0,,67,77,-10
201103310LAL,RS,LAL,2042.0,,67,78,-11
201103310LAL,RS,LAL,2042.0,,67,79,-12
201103310LAL,RS,LAL,2069.0,,69,79,-10
201103310LAL,RS,LAL,2123.9,,70,79,-9
201103310LAL,RS,LAL,2146.9,,70,82,-12
201103310LAL,RS,LAL,2170.0,,70,85,-15
201103310LAL,RS,LAL,2196.0,,70,88,-18
201103310LAL,RS,LAL,2255.0,,70,90,-20
201103310LAL,RS,LAL,2268.0,,73,90,-17
201103310LAL,RS,LAL,2337.0,,75,90,-15
201103310LAL,RS,LAL,2379.0,,78,90,-12
201103310LAL,RS,LAL,2402.0,,78,91,-13
201103310LAL,RS,LAL,2419.0,,80,91,-11
201103310LAL,RS,LAL,2434.0,,80,92,-12
201103310LAL,RS,LAL,2434.0,,80,93,-13
201103310LAL,RS,LAL,2458.0,,80,95,-15
201103310LAL,RS,LAL,2475.0,,80,96,-16
201103310LAL,RS,LAL,2475.0,,80,97,-17
201103310LAL,RS,LAL,2492.0,,80,98,-18
201103310LAL,RS,LAL,2492.0,,80,99,-19
201103310LAL,RS,LAL,2508.0,,82,99,-17
201103310LAL,RS,LAL,2525.0,,82,101,-19
201103310LAL,RS,LAL,2525.0,,82,102,-20
201103310LAL,RS,LAL,2555.0,,82,103,-21
201103310LAL,RS,LAL,2583.0,,82,105,-23
201103310LAL,RS,LAL,2669.0,,82,107,-25
201103310LAL,RS,LAL,2704.0,,82,108,-26
201103310LAL,RS,LAL,2768.0,,82,109,-27
201103310LAL,RS,LAL,2768.0,F,82,110,-28
201103310LAL,RS,LAL,2880.0,,82,110,-28
201104020GSW,RS,GSW,0.0,,0,0,0
201104020GSW,RS,GSW,23.0,,0,2,-2
201104020GSW,RS,GSW,42.0,,1,2,-1
201104020GSW,RS,GSW,101.0,LC,3,2,1
201104020GSW,RS,GSW,119.0,,5,2,3
201104020GSW,RS,GSW,119.0,,6,2,4
201104020GSW,RS,GSW,164.0,,8,2,6
201104020GSW,RS,GSW,179.0,,8,4,4
201104020GSW,RS,GSW,203.0,,10,4,6
201104020GSW,RS,GSW,212.0,,10,7,3
201104020GSW,RS,GSW,254.0,,12,7,5
201104020GSW,RS,GSW,269.0,,12,9,3
201104020GSW,RS,GSW,288.0,,12,11,1
201104020GSW,RS,GSW,325.0,,14,11,3
201104020GSW,RS,GSW,357.0,,14,13,1
201104020GSW,RS,GSW,396.0,,16,13,3
201104020GSW,RS,GSW,407.0,,16,15,1
201104020GSW,RS,GSW,429.0,LC,16,18,-2
201104020GSW,RS,GSW,452.0,T,18,18,0
201104020GSW,RS,GSW,499.0,,18,20,-2
201104020GSW,RS,GSW,544.0,,18,22,-4
201104020GSW,RS,GSW,559.0,,20,22,-2
201104020GSW,RS,GSW,574.0,,20,24,-4
201104020GSW,RS,GSW,591.0,,22,24,-2
201104020GSW,RS,GSW,604.0,,22,26,-4
201104020GSW,RS,GSW,639.0,,24,26,-2
201104020GSW,RS,GSW,639.0,,25,26,-1
201104020GSW,RS,GSW,657.0,,25,27,-2
201104020GSW,RS,GSW,657.0,,25,28,-3
201104020GSW,RS,GSW,668.7,,26,28,-2
201104020GSW,RS,GSW,703.7,T,28,28,0
201104020GSW,RS,GSW,703.7,LC,29,28,1
201104020GSW,RS,GSW,759.0,,31,28,3
201104020GSW,RS,GSW,794.0,,33,28,5
201104020GSW,RS,GSW,825.0,,35,28,7
201104020GSW,RS,GSW,875.0,,37,28,9
201104020GSW,RS,GSW,896.0,,37,30,7
201104020GSW,RS,GSW,950.0,,40,30,10
201104020GSW,RS,GSW,966.0,,40,32,8
201104020GSW,RS,GSW,1005.0,,40,34,6
201104020GSW,RS,GSW,1069.0,,40,36,4
201104020GSW,RS,GSW,1086.0,,42,36,6
201104020GSW,RS,GSW,1103.0,,42,38,4
201104020GSW,RS,GSW,1137.0,,42,40,2
201104020GSW,RS,GSW,1146.0,,44,40,4
201104020GSW,RS,GSW,1162.0,,44,41,3
201104020GSW,RS,GSW,1162.0,,44,42,2
201104020GSW,RS,GSW,1234.0,LC,44,45,-1
201104020GSW,RS,GSW,1276.0,T,45,45,0
201104020GSW,RS,GSW,1276.0,LC,46,45,1
201104020GSW,RS,GSW,1343.0,LC,46,48,-2
201104020GSW,RS,GSW,1364.0,T,48,48,0
201104020GSW,RS,GSW,1419.9,LC,50,48,2
201104020GSW,RS,GSW,1490.0,,52,48,4
201104020GSW,RS,GSW,1502.0,,52,50,2
201104020GSW,RS,GSW,1518.0,,54,50,4
201104020GSW,RS,GSW,1567.0,,54,51,3
201104020GSW,RS,GSW,1571.0,,54,53,1
201104020GSW,RS,GSW,1641.0,T,54,54,0
201104020GSW,RS,GSW,1641.0,LC,54,55,-1
201104020GSW,RS,GSW,1684.0,LC,57,55,2
201104020GSW,RS,GSW,1761.0,,57,56,1
201104020GSW,RS,GSW,1787.0,T,57,57,0
201104020GSW,RS,GSW,1787.0,LC,57,58,-1
201104020GSW,RS,GSW,1830.0,,57,60,-3
201104020GSW,RS,GSW,1857.0,,57,63,-6
201104020GSW,RS,GSW,1884.0,,57,64,-7
201104020GSW,RS,GSW,1884.0,,57,65,-8
201104020GSW,RS,GSW,1910.0,,57,68,-11
201104020GSW,RS,GSW,1928.0,,59,68,-9
201104020GSW,RS,GSW,1962.0,,60,68,-8
201104020GSW,RS,GSW,2006.0,,60,69,-9
201104020GSW,RS,GSW,2006.0,,60,70,-10
201104020GSW,RS,GSW,2047.0,,62,70,-8
201104020GSW,RS,GSW,2118.4,,62,71,-9
201104020GSW,RS,GSW,2118.4,,62,72,-10
201104020GSW,RS,GSW,2126.7,,65,72,-7
201104020GSW,RS,GSW,2155.8,,67,72,-5
201104020GSW,RS,GSW,2238.0,,67,74,-7
201104020GSW,RS,GSW,2271.0,,69,74,-5
201104020GSW,RS,GSW,2293.0,,69,76,-7
201104020GSW,RS,GSW,2338.0,,69,78,-9
201104020GSW,RS,GSW,2352.0,,69,80,-11
201104020GSW,RS,GSW,2371.0,,71,80,-9
201104020GSW,RS,GSW,2412.0,,73,80,-7
201104020GSW,RS,GSW,2432.0,,73,82,-9
201104020GSW,RS,GSW,2475.0,,73,84,-11
201104020GSW,RS,GSW,2527.0,,75,84,-9
201104020GSW,RS,GSW,2581.0,,75,85,-10
201104020GSW,RS,GSW,2581.0,,75,86,-11
201104020GSW,RS,GSW,2581.0,,75,87,-12
201104020GSW,RS,GSW,2592.0,,78,87,-9
201104020GSW,RS,GSW,2624.0,,79,87,-8
201104020GSW,RS,GSW,2641.0,,79,89,-10
201104020GSW,RS,GSW,2653.0,,81,89,-8
201104020GSW,RS,GSW,2653.0,,82,89,-7
201104020GSW,RS,GSW,2668.0,,82,91,-9
201104020GSW,RS,GSW,2684.0,,83,91,-8
201104020GSW,RS,GSW,2700.0,,86,91,-5
201104020GSW,RS,GSW,2732.0,,88,91,-3
201104020GSW,RS,GSW,2742.0,,88,92,-4
201104020GSW,RS,GSW,2742.0,,88,93,-5
201104020GSW,RS,GSW,2755.0,,89,93,-4
201104020GSW,RS,GSW,2755.0,,90,93,-3
201104020GSW,RS,GSW,2773.0,,90,96,-6
201104020GSW,RS,GSW,2815.0,,92,96,-4
201104020GSW,RS,GSW,2842.8,,92,97,-5
201104020GSW,RS,GSW,2853.9,F,92,99,-7
201104020GSW,RS,GSW,2880.0,,92,99,-7
201104030POR,RS,POR,0.0,,0,0,0
201104030POR,RS,POR,18.0,,0,2,-2
201104030POR,RS,POR,62.0,,0,3,-3
201104030POR,RS,POR,62.0,,0,4,-4
201104030POR,RS,POR,83.0,,2,4,-2
201104030POR,RS,POR,118.0,,2,6,-4
201104030POR,RS,POR,159.0,,4,6,-2
201104030POR,RS,POR,198.0,T,6,6,0
201104030POR,RS,POR,212.0,,6,7,-1
201104030POR,RS,POR,295.0,LC,8,7,1
201104030POR,RS,POR,330.0,LC,8,9,-1
201104030POR,RS,POR,372.0,,8,11,-3
201104030POR,RS,POR,398.0,,8,13,-5
201104030POR,RS,POR,430.0,,9,13,-4
201104030POR,RS,POR,430.0,,10,13,-3
201104030POR,RS,POR,454.0,,10,15,-5
201104030POR,RS,POR,494.0,,12,15,-3
201104030POR,RS,POR,523.0,,12,17,-5
201104030POR,RS,POR,553.0,,12,19,-7
201104030POR,RS,POR,560.0,,13,19,-6
201104030POR,RS,POR,560.0,,14,19,-5
201104030POR,RS,POR,574.0,,14,21,-7
201104030POR,RS,POR,613.0,,17,21,-4
201104030POR,RS,POR,637.0,,17,23,-6
201104030POR,RS,POR,746.0,,20,23,-3
201104030POR,RS,POR,782.0,,22,23,-1
201104030POR,RS,POR,797.0,,22,24,-2
201104030POR,RS,POR,810.0,,22,26,-4
201104030POR,RS,POR,810.0,,22,27,-5
201104030POR,RS,POR,825.0,,23,27,-4
201104030POR,RS,POR,854.0,,23,30,-7
201104030POR,RS,POR,865.0,,23,31,-8
201104030POR,RS,POR,901.0,,25,31,-6
201104030POR,RS,POR,922.0,,25,33,-8
201104030POR,RS,POR,935.0,,28,33,-5
201104030POR,RS,POR,954.0,,28,36,-8
201104030POR,RS,POR,973.0,,30,36,-6
201104030POR,RS,POR,989.0,,30,39,-9
201104030POR,RS,POR,1003.0,,32,39,-7
201104030POR,RS,POR,1019.0,,32,41,-9
201104030POR,RS,POR,1035.0,,33,41,-8
201104030POR,RS,POR,1035.0,,34,41,-7
201104030POR,RS,POR,1055.0,,34,43,-9
201104030POR,RS,POR,1064.0,,37,43,-6
201104030POR,RS,POR,1096.0,,39,43,-4
201104030POR,RS,POR,1118.0,,39,45,-6
201104030POR,RS,POR,1145.0,,39,47,-8
201104030POR,RS,POR,1171.0,,41,47,-6
201104030POR,RS,POR,1175.0,,41,48,-7
201104030POR,RS,POR,1194.0,,42,48,-6
201104030POR,RS,POR,1213.0,,42,49,-7
201104030POR,RS,POR,1213.0,,42,50,-8
201104030POR,RS,POR,1256.0,,42,51,-9
201104030POR,RS,POR,1256.0,,42,52,-10
201104030POR,RS,POR,1256.0,,42,53,-11
201104030POR,RS,POR,1276.0,,44,53,-9
201104030POR,RS,POR,1297.0,,44,55,-11
201104030POR,RS,POR,1359.0,,44,56,-12
201104030POR,RS,POR,1359.0,,44,57,-13
201104030POR,RS,POR,1392.2,,44,59,-15
201104030POR,RS,POR,1404.0,,46,59,-13
201104030POR,RS,POR,1420.1,,46,61,-15
201104030POR,RS,POR,1494.0,,48,61,-13
201104030POR,RS,POR,1572.0,,48,63,-15
201104030POR,RS,POR,1601.0,,48,66,-18
201104030POR,RS,POR,1625.0,,51,66,-15
201104030POR,RS,POR,1644.0,,51,68,-17
201104030POR,RS,POR,1666.0,,51,70,-19
201104030POR,RS,POR,1749.0,,52,70,-18
201104030POR,RS,POR,1763.0,,52,72,-20
201104030POR,RS,POR,1786.0,,54,72,-18
201104030POR,RS,POR,1801.0,,54,74,-20
201104030POR,RS,POR,1825.0,,57,74,-17
201104030POR,RS,POR,1861.0,,58,74,-16
201104030POR,RS,POR,1861.0,,59,74,-15
201104030POR,RS,POR,1916.0,,61,74,-13
201104030POR,RS,POR,1935.0,,61,76,-15
201104030POR,RS,POR,1983.0,,63,76,-13
201104030POR,RS,POR,2020.0,,64,76,-12
201104030POR,RS,POR,2020.0,,65,76,-11
201104030POR,RS,POR,2035.0,,65,79,-14
201104030POR,RS,POR,2074.0,,65,81,-16
201104030POR,RS,POR,2103.0,,65,82,-17
201104030POR,RS,POR,2103.0,,65,83,-18
201104030POR,RS,POR,2139.1,,65,85,-20
201104030POR,RS,POR,2159.8,,67,85,-18
201104030POR,RS,POR,2182.0,,69,85,-16
201104030POR,RS,POR,2200.0,,69,87,-18
201104030POR,RS,POR,2272.0,,70,87,-17
201104030POR,RS,POR,2272.0,,71,87,-16
201104030POR,RS,POR,2292.0,,71,89,-18
201104030POR,RS,POR,2305.0,,74,89,-15
201104030POR,RS,POR,2332.0,,74,91,-17
201104030POR,RS,POR,2350.0,,74,93,-19
201104030POR,RS,POR,2393.0,,74,95,-21
201104030POR,RS,POR,2411.0,,76,95,-19
201104030POR,RS,POR,2445.0,,78,95,-17
201104030POR,RS,POR,2445.0,,79,95,-16
201104030POR,RS,POR,2515.0,,82,95,-13
201104030POR,RS,POR,2555.0,,82,97,-15
201104030POR,RS,POR,2555.0,,82,98,-16
201104030POR,RS,POR,2577.0,,82,100,-18
201104030POR,RS,POR,2627.0,,82,101,-19
201104030POR,RS,POR,2627.0,,82,102,-20
201104030POR,RS,POR,2650.0,,84,102,-18
201104030POR,RS,POR,2664.0,,84,103,-19
201104030POR,RS,POR,2664.0,,84,104,-20
201104030POR,RS,POR,2684.0,,85,104,-19
201104030POR,RS,POR,2701.0,,86,104,-18
201104030POR,RS,POR,2701.0,,87,104,-17
201104030POR,RS,POR,2769.0,,90,104,-14
201104030POR,RS,POR,2791.0,,92,104,-12
201104030POR,RS,POR,2843.2,,94,104,-10
201104030POR,RS,POR,2869.1,F,96,104,-8
201104030POR,RS,POR,2880.0,,96,104,-8
201104060DAL,RS,DEN,0.0,,0,0,0
201104060DAL,RS,DEN,14.0,,0,2,-2
201104060DAL,RS,DEN,47.0,T,2,2,0
201104060DAL,RS,DEN,83.0,LC,4,2,2
201104060DAL,RS,DEN,100.0,T,4,4,0
201104060DAL,RS,DEN,140.0,LC,4,5,-1
201104060DAL,RS,DEN,158.0,LC,6,5,1
201104060DAL,RS,DEN,176.0,LC,6,7,-1
201104060DAL,RS,DEN,208.0,,6,8,-2
201104060DAL,RS,DEN,235.0,T,8,8,0
201104060DAL,RS,DEN,322.0,,8,9,-1
201104060DAL,RS,DEN,354.0,,8,11,-3
201104060DAL,RS,DEN,369.0,,10,11,-1
201104060DAL,RS,DEN,405.0,,10,13,-3
201104060DAL,RS,DEN,473.0,,12,13,-1
201104060DAL,RS,DEN,486.0,,12,15,-3
201104060DAL,RS,DEN,520.0,,12,18,-6
201104060DAL,RS,DEN,531.0,,13,18,-5
201104060DAL,RS,DEN,545.0,,13,19,-6
201104060DAL,RS,DEN,599.0,,13,21,-8
201104060DAL,RS,DEN,651.0,,15,21,-6
201104060DAL,RS,DEN,674.2,,15,23,-8
201104060DAL,RS,DEN,691.1,,17,23,-6
201104060DAL,RS,DEN,770.0,,17,25,-8
201104060DAL,RS,DEN,784.0,,19,25,-6
201104060DAL,RS,DEN,793.0,,19,27,-8
201104060DAL,RS,DEN,793.0,,19,28,-9
201104060DAL,RS,DEN,811.0,,21,28,-7
201104060DAL,RS,DEN,851.0,,21,30,-9
201104060DAL,RS,DEN,863.0,,24,30,-6
201104060DAL,RS,DEN,903.0,,24,32,-8
201104060DAL,RS,DEN,913.0,,26,32,-6
201104060DAL,RS,DEN,933.0,,26,35,-9
201104060DAL,RS,DEN,949.0,,28,35,-7
201104060DAL,RS,DEN,976.0,,29,35,-6
201104060DAL,RS,DEN,990.0,,29,37,-8
201104060DAL,RS,DEN,990.0,,29,38,-9
201104060DAL,RS,DEN,1025.0,,31,38,-7
201104060DAL,RS,DEN,1075.0,,31,40,-9
201104060DAL,RS,DEN,1131.0,,31,42,-11
201104060DAL,RS,DEN,1160.0,,33,42,-9
201104060DAL,RS,DEN,1180.0,,33,44,-11
201104060DAL,RS,DEN,1193.0,,35,44,-9
201104060DAL,RS,DEN,1210.0,,35,46,-11
201104060DAL,RS,DEN,1254.0,,35,48,-13
201104060DAL,RS,DEN,1274.0,,38,48,-10
201104060DAL,RS,DEN,1296.0,,38,51,-13
201104060DAL,RS,DEN,1317.0,,40,51,-11
201104060DAL,RS,DEN,1334.0,,40,53,-13
201104060DAL,RS,DEN,1409.3,,42,53,-11
201104060DAL,RS,DEN,1436.9,,43,53,-10
201104060DAL,RS,DEN,1480.0,,43,55,-12
201104060DAL,RS,DEN,1497.0,,45,55,-10
201104060DAL,RS,DEN,1544.0,,45,57,-12
201104060DAL,RS,DEN,1567.0,,45,59,-14
201104060DAL,RS,DEN,1567.0,,45,60,-15
201104060DAL,RS,DEN,1590.0,,45,61,-16
201104060DAL,RS,DEN,1610.0,,48,61,-13
201104060DAL,RS,DEN,1642.0,,48,63,-15
201104060DAL,RS,DEN,1688.0,,49,63,-14
201104060DAL,RS,DEN,1688.0,,50,63,-13
201104060DAL,RS,DEN,1749.0,,52,63,-11
201104060DAL,RS,DEN,1788.0,,54,63,-9
201104060DAL,RS,DEN,1822.0,,56,63,-7
201104060DAL,RS,DEN,1843.0,,56,65,-9
201104060DAL,RS,DEN,1914.0,,59,65,-6
201104060DAL,RS,DEN,1958.0,,61,65,-4
201104060DAL,RS,DEN,1999.0,,61,67,-6
201104060DAL,RS,DEN,2013.0,,62,67,-5
201104060DAL,RS,DEN,2013.0,,63,67,-4
201104060DAL,RS,DEN,2030.0,,63,68,-5
201104060DAL,RS,DEN,2030.0,,63,69,-6
201104060DAL,RS,DEN,2040.0,,65,69,-4
201104060DAL,RS,DEN,2072.0,,67,69,-2
201104060DAL,RS,DEN,2090.0,,67,72,-5
201104060DAL,RS,DEN,2108.1,,69,72,-3
201104060DAL,RS,DEN,2189.0,,71,72,-1
201104060DAL,RS,DEN,2202.0,,71,74,-3
201104060DAL,RS,DEN,2228.0,,73,74,-1
201104060DAL,RS,DEN,2250.0,,73,76,-3
201104060DAL,RS,DEN,2272.0,,75,76,-1
201104060DAL,RS,DEN,2316.0,LC,77,76,1
201104060DAL,RS,DEN,2342.0,LC,77,79,-2
201104060DAL,RS,DEN,2386.0,,77,81,-4
201104060DAL,RS,DEN,2414.0,,79,81,-2
201104060DAL,RS,DEN,2430.0,,79,83,-4
201104060DAL,RS,DEN,2430.0,,79,84,-5
201104060DAL,RS,DEN,2446.0,,81,84,-3
201104060DAL,RS,DEN,2462.0,,81,86,-5
201104060DAL,RS,DEN,2480.0,,82,86,-4
201104060DAL,RS,DEN,2480.0,,83,86,-3
201104060DAL,RS,DEN,2487.0,,83,87,-4
201104060DAL,RS,DEN,2487.0,,83,88,-5
201104060DAL,RS,DEN,2505.0,,85,88,-3
201104060DAL,RS,DEN,2526.0,,85,91,-6
201104060DAL,RS,DEN,2549.0,,85,94,-9
201104060DAL,RS,DEN,2586.0,,86,94,-8
201104060DAL,RS,DEN,2586.0,,87,94,-7
201104060DAL,RS,DEN,2644.0,,90,94,-4
201104060DAL,RS,DEN,2686.0,,92,94,-2
201104060DAL,RS,DEN,2709.0,,93,94,-1
201104060DAL,RS,DEN,2709.0,T,94,94,0
201104060DAL,RS,DEN,2723.0,,94,96,-2
201104060DAL,RS,DEN,2756.0,,94,98,-4
201104060DAL,RS,DEN,2782.0,,94,100,-6
201104060DAL,RS,DEN,2851.2,,94,103,-9
201104060DAL,RS,DEN,2851.9,,94,104,-10
201104060DAL,RS,DEN,2860.5,F,96,104,-8
201104060DAL,RS,DEN,2880.0,,96,104,-8
201104080DAL,RS,LAC,0.0,,0,0,0
201104080DAL,RS,LAC,11.0,,0,2,-2
201104080DAL,RS,LAC,52.0,,0,4,-4
201104080DAL,RS,LAC,67.0,,1,4,-3
201104080DAL,RS,LAC,67.0,,2,4,-2
201104080DAL,RS,LAC,81.0,,2,6,-4
201104080DAL,RS,LAC,100.0,,4,6,-2
201104080DAL,RS,LAC,140.0,T,6,6,0
201104080DAL,RS,LAC,159.0,,6,8,-2
201104080DAL,RS,LAC,185.0,,6,10,-4
201104080DAL,RS,LAC,211.0,,6,12,-6
201104080DAL,RS,LAC,211.0,,6,13,-7
201104080DAL,RS,LAC,316.0,,8,13,-5
201104080DAL,RS,LAC,333.0,,8,15,-7
201104080DAL,RS,LAC,350.0,,9,15,-6
201104080DAL,RS,LAC,372.0,,9,16,-7
201104080DAL,RS,LAC,399.0,,9,18,-9
201104080DAL,RS,LAC,413.0,,11,18,-7
201104080DAL,RS,LAC,431.0,,13,18,-5
201104080DAL,RS,LAC,449.0,,13,20,-7
201104080DAL,RS,LAC,468.0,,13,22,-9
201104080DAL,RS,LAC,504.0,,13,24,-11
201104080DAL,RS,LAC,510.0,,13,25,-12
201104080DAL,RS,LAC,554.0,,14,25,-11
201104080DAL,RS,LAC,554.0,,15,25,-10
201104080DAL,RS,LAC,586.0,,15,28,-13
201104080DAL,RS,LAC,612.0,,15,30,-15
201104080DAL,RS,LAC,621.0,,16,30,-14
201104080DAL,RS,LAC,621.0,,17,30,-13
201104080DAL,RS,LAC,633.0,,17,33,-16
201104080DAL,RS,LAC,661.1,,19,33,-14
201104080DAL,RS,LAC,701.2,,19,35,-16
201104080DAL,RS,LAC,742.0,,21,35,-14
201104080DAL,RS,LAC,758.0,,21,37,-16
201104080DAL,RS,LAC,781.0,,23,37,-14
201104080DAL,RS,LAC,802.0,,25,37,-12
201104080DAL,RS,LAC,838.0,,25,39,-14
201104080DAL,RS,LAC,882.0,,27,39,-12
201104080DAL,RS,LAC,909.0,,29,39,-10
201104080DAL,RS,LAC,959.0,,31,39,-8
201104080DAL,RS,LAC,974.0,,31,40,-9
201104080DAL,RS,LAC,974.0,,31,41,-10
201104080DAL,RS,LAC,1011.0,,31,43,-12
201104080DAL,RS,LAC,1046.0,,33,43,-10
201104080DAL,RS,LAC,1070.0,,35,43,-8
201104080DAL,RS,LAC,1091.0,,35,44,-9
201104080DAL,RS,LAC,1112.0,,37,44,-7
201104080DAL,RS,LAC,1124.0,,37,45,-8
201104080DAL,RS,LAC,1124.0,,37,46,-9
201104080DAL,RS,LAC,1175.0,,39,46,-7
201104080DAL,RS,LAC,1195.0,,39,48,-9
201104080DAL,RS,LAC,1207.0,,40,48,-8
201104080DAL,RS,LAC,1207.0,,41,48,-7
201104080DAL,RS,LAC,1263.0,,42,48,-6
201104080DAL,RS,LAC,1272.0,,42,49,-7
201104080DAL,RS,LAC,1272.0,,42,50,-8
201104080DAL,RS,LAC,1283.0,,43,50,-7
201104080DAL,RS,LAC,1303.0,,43,52,-9
201104080DAL,RS,LAC,1338.0,,43,53,-10
201104080DAL,RS,LAC,1338.0,,43,54,-11
201104080DAL,RS,LAC,1355.0,,45,54,-9
201104080DAL,RS,LAC,1407.1,,47,54,-7
201104080DAL,RS,LAC,1453.0,,49,54,-5
201104080DAL,RS,LAC,1475.0,,49,56,-7
201104080DAL,RS,LAC,1499.0,,51,56,-5
201104080DAL,RS,LAC,1541.0,,53,56,-3
201104080DAL,RS,LAC,1632.0,,55,56,-1
201104080DAL,RS,LAC,1734.0,LC,57,56,1
201104080DAL,RS,LAC,1749.0,,58,56,2
201104080DAL,RS,LAC,1749.0,,59,56,3
201104080DAL,RS,LAC,1794.0,,61,56,5
201104080DAL,RS,LAC,1806.0,,63,56,7
201104080DAL,RS,LAC,1823.0,,63,58,5
201104080DAL,RS,LAC,1861.0,,65,58,7
201104080DAL,RS,LAC,1891.0,,65,60,5
201104080DAL,RS,LAC,1912.0,,67,60,7
201104080DAL,RS,LAC,1942.0,,69,60,9
201104080DAL,RS,LAC,1973.0,,71,60,11
201104080DAL,RS,LAC,1995.0,,71,62,9
201104080DAL,RS,LAC,2008.0,,73,62,11
201104080DAL,RS,LAC,2008.0,,74,62,12
201104080DAL,RS,LAC,2031.0,,74,65,9
201104080DAL,RS,LAC,2059.0,,74,67,7
201104080DAL,RS,LAC,2086.0,,75,67,8
201104080DAL,RS,LAC,2101.2,,75,69,6
201104080DAL,RS,LAC,2129.1,,75,72,3
201104080DAL,RS,LAC,2153.8,,75,74,1
201104080DAL,RS,LAC,2153.8,T,75,75,0
201104080DAL,RS,LAC,2159.7,,77,75,2
201104080DAL,RS,LAC,2196.0,,78,75,3
201104080DAL,RS,LAC,2196.0,,79,75,4
201104080DAL,RS,LAC,2216.0,,79,77,2
201104080DAL,RS,LAC,2235.0,,82,77,5
201104080DAL,RS,LAC,2260.0,,82,78,4
201104080DAL,RS,LAC,2278.0,,84,78,6
201104080DAL,RS,LAC,2297.0,,84,80,4
201104080DAL,RS,LAC,2318.0,,87,80,7
201104080DAL,RS,LAC,2337.0,,87,83,4
201104080DAL,RS,LAC,2396.0,,87,85,2
201104080DAL,RS,LAC,2422.0,,89,85,4
201104080DAL,RS,LAC,2438.0,,89,88,1
201104080DAL,RS,LAC,2483.0,,92,88,4
201104080DAL,RS,LAC,2581.0,,94,88,6
201104080DAL,RS,LAC,2631.0,,96,88,8
201104080DAL,RS,LAC,2676.0,,98,88,10
201104080DAL,RS,LAC,2704.0,,98,90,8
201104080DAL,RS,LAC,2722.0,,101,90,11
201104080DAL,RS,LAC,2751.0,,103,90,13
201104080DAL,RS,LAC,2773.0,,103,92,11
201104080DAL,RS,LAC,2791.0,,105,92,13
201104080DAL,RS,LAC,2799.0,,105,94,11
201104080DAL,RS,LAC,2811.0,,105,96,9
201104080DAL,RS,LAC,2821.1,F,107,96,11
201104080DAL,RS,LAC,2880.0,,107,96,11
201104100DAL,RS,PHO,0.0,,0,0,0
201104100DAL,RS,PHO,63.0,,2,0,2
201104100DAL,RS,PHO,91.0,,4,0,4
201104100DAL,RS,PHO,102.0,,4,2,2
201104100DAL,RS,PHO,140.0,,6,2,4
201104100DAL,RS,PHO,164.0,,8,2,6
201104100DAL,RS,PHO,173.0,,8,4,4
201104100DAL,RS,PHO,192.0,,9,4,5
201104100DAL,RS,PHO,192.0,,10,4,6
201104100DAL,RS,PHO,228.0,,13,4,9
201104100DAL,RS,PHO,246.0,,15,4,11
201104100DAL,RS,PHO,271.0,,17,4,13
201104100DAL,RS,PHO,280.0,,17,6,11
201104100DAL,RS,PHO,316.0,,17,7,10
201104100DAL,RS,PHO,345.0,,19,7,12
201104100DAL,RS,PHO,360.0,,19,9,10
201104100DAL,RS,PHO,369.0,,21,9,12
201104100DAL,RS,PHO,390.0,,21,11,10
201104100DAL,RS,PHO,406.0,,23,11,12
201104100DAL,RS,PHO,430.0,,25,11,14
201104100DAL,RS,PHO,454.0,,25,13,12
201104100DAL,RS,PHO,481.0,,28,13,15
201104100DAL,RS,PHO,523.0,,28,15,13
201104100DAL,RS,PHO,576.0,,30,15,15
201104100DAL,RS,PHO,597.0,,31,15,16
201104100DAL,RS,PHO,597.0,,32,15,17
201104100DAL,RS,PHO,631.0,,35,15,20
201104100DAL,RS,PHO,675.0,,36,15,21
201104100DAL,RS,PHO,688.1,,36,17,19
201104100DAL,RS,PHO,741.0,,37,17,20
201104100DAL,RS,PHO,762.0,,40,17,23
201104100DAL,RS,PHO,778.0,,40,19,21
201104100DAL,RS,PHO,790.0,,43,19,24
201104100DAL,RS,PHO,804.0,,43,20,23
201104100DAL,RS,PHO,804.0,,43,21,22
201104100DAL,RS,PHO,823.0,,43,23,20
201104100DAL,RS,PHO,856.0,,43,25,18
201104100DAL,RS,PHO,892.0,,43,26,17
201104100DAL,RS,PHO,917.0,,45,26,19
201104100DAL,RS,PHO,948.0,,47,26,21
201104100DAL,RS,PHO,974.0,,49,26,23
201104100DAL,RS,PHO,993.0,,49,27,22
201104100DAL,RS,PHO,993.0,,49,28,21
201104100DAL,RS,PHO,1005.0,,51,28,23
201104100DAL,RS,PHO,1085.0,,52,28,24
201104100DAL,RS,PHO,1100.0,,52,30,22
201104100DAL,RS,PHO,1142.0,,54,30,24
201104100DAL,RS,PHO,1156.0,,54,32,22
201104100DAL,RS,PHO,1181.0,,56,32,24
201104100DAL,RS,PHO,1276.0,,56,34,22
201104100DAL,RS,PHO,1295.0,,58,34,24
201104100DAL,RS,PHO,1315.0,,60,34,26
201104100DAL,RS,PHO,1326.0,,60,36,24
201104100DAL,RS,PHO,1363.0,,61,36,25
201104100DAL,RS,PHO,1363.0,,62,36,26
201104100DAL,RS,PHO,1363.0,,63,36,27
201104100DAL,RS,PHO,1375.0,,63,37,26
201104100DAL,RS,PHO,1392.1,,65,37,28
201104100DAL,RS,PHO,1433.1,,65,39,26
201104100DAL,RS,PHO,1463.0,,65,41,24
201104100DAL,RS,PHO,1504.0,,65,43,22
201104100DAL,RS,PHO,1557.0,,67,43,24
201104100DAL,RS,PHO,1566.0,,67,44,23
201104100DAL,RS,PHO,1589.0,,67,45,22
201104100DAL,RS,PHO,1589.0,,67,46,21
201104100DAL,RS,PHO,1691.0,,67,48,19
201104100DAL,RS,PHO,1761.0,,70,48,22
201104100DAL,RS,PHO,1776.0,,70,50,20
201104100DAL,RS,PHO,1791.0,,72,50,22
201104100DAL,RS,PHO,1802.0,,72,51,21
201104100DAL,RS,PHO,1866.0,,74,51,23
201104100DAL,RS,PHO,1886.0,,76,51,25
201104100DAL,RS,PHO,1907.0,,76,53,23
201104100DAL,RS,PHO,1956.0,,76,55,21
201104100DAL,RS,PHO,1983.0,,78,55,23
201104100DAL,RS,PHO,2007.0,,78,57,21
201104100DAL,RS,PHO,2030.0,,80,57,23
201104100DAL,RS,PHO,2058.0,,80,59,21
201104100DAL,RS,PHO,2097.0,,80,60,20
201104100DAL,RS,PHO,2175.0,,82,60,22
201104100DAL,RS,PHO,2194.0,,82,62,20
201104100DAL,RS,PHO,2230.0,,82,64,18
201104100DAL,RS,PHO,2258.0,,82,65,17
201104100DAL,RS,PHO,2272.0,,84,65,19
201104100DAL,RS,PHO,2272.0,,85,65,20
201104100DAL,RS,PHO,2289.0,,85,67,18
201104100DAL,RS,PHO,2308.0,,87,67,20
201104100DAL,RS,PHO,2330.0,,87,69,18
201104100DAL,RS,PHO,2351.0,,89,69,20
201104100DAL,RS,PHO,2366.0,,89,70,19
201104100DAL,RS,PHO,2366.0,,89,71,18
201104100DAL,RS,PHO,2387.0,,92,71,21
201104100DAL,RS,PHO,2441.0,,92,74,18
201104100DAL,RS,PHO,2462.0,,94,74,20
201104100DAL,RS,PHO,2472.0,,94,75,19
201104100DAL,RS,PHO,2472.0,,94,76,18
201104100DAL,RS,PHO,2472.0,,94,77,17
201104100DAL,RS,PHO,2487.0,,95,77,18
201104100DAL,RS,PHO,2487.0,,96,77,19
201104100DAL,RS,PHO,2497.0,,96,80,16
201104100DAL,RS,PHO,2509.0,,97,80,17
201104100DAL,RS,PHO,2536.0,,100,80,20
201104100DAL,RS,PHO,2573.0,,103,80,23
201104100DAL,RS,PHO,2595.0,,103,82,21
201104100DAL,RS,PHO,2616.0,,105,82,23
201104100DAL,RS,PHO,2643.0,,108,82,26
201104100DAL,RS,PHO,2665.0,,110,82,28
201104100DAL,RS,PHO,2681.0,,110,84,26
201104100DAL,RS,PHO,2713.0,,110,86,24
201104100DAL,RS,PHO,2771.0,,112,86,26
201104100DAL,RS,PHO,2776.0,,112,88,24
201104100DAL,RS,PHO,2822.2,,112,90,22
201104100DAL,RS,PHO,2838.1,F,115,90,25
201104100DAL,RS,PHO,2880.0,,115,90,25
201104110HOU,RS,HOU,0.0,,0,0,0
201104110HOU,RS,HOU,23.0,,2,0,2
201104110HOU,RS,HOU,64.0,LC,2,3,-1
201104110HOU,RS,HOU,87.0,,2,5,-3
201104110HOU,RS,HOU,262.0,,2,7,-5
201104110HOU,RS,HOU,284.0,,3,7,-4
201104110HOU,RS,HOU,284.0,,4,7,-3
201104110HOU,RS,HOU,312.0,,6,7,-1
201104110HOU,RS,HOU,338.0,LC,8,7,1
201104110HOU,RS,HOU,400.0,,10,7,3
201104110HOU,RS,HOU,414.0,,10,9,1
201104110HOU,RS,HOU,429.0,,11,9,2
201104110HOU,RS,HOU,429.0,,12,9,3
201104110HOU,RS,HOU,467.0,,12,11,1
201104110HOU,RS,HOU,483.0,,14,11,3
201104110HOU,RS,HOU,495.0,,14,12,2
201104110HOU,RS,HOU,495.0,,14,13,1
201104110HOU,RS,HOU,508.0,,16,13,3
201104110HOU,RS,HOU,614.0,T,16,16,0
201104110HOU,RS,HOU,631.0,,18,16,2
201104110HOU,RS,HOU,648.0,T,18,18,0
201104110HOU,RS,HOU,667.4,LC,18,21,-3
201104110HOU,RS,HOU,687.7,,18,23,-5
201104110HOU,RS,HOU,691.1,,20,23,-3
201104110HOU,RS,HOU,781.0,T,23,23,0
201104110HOU,RS,HOU,803.0,,23,25,-2
201104110HOU,RS,HOU,832.0,,23,28,-5
201104110HOU,RS,HOU,864.0,,25,28,-3
201104110HOU,RS,HOU,943.0,,27,28,-1
201104110HOU,RS,HOU,970.0,LC,29,28,1
201104110HOU,RS,HOU,1027.0,LC,29,31,-2
201104110HOU,RS,HOU,1050.0,T,31,31,0
201104110HOU,RS,HOU,1081.0,LC,33,31,2
201104110HOU,RS,HOU,1173.0,T,33,33,0
201104110HOU,RS,HOU,1203.0,LC,33,34,-1
201104110HOU,RS,HOU,1203.0,,33,35,-2
201104110HOU,RS,HOU,1221.0,T,35,35,0
201104110HOU,RS,HOU,1257.0,LC,38,35,3
201104110HOU,RS,HOU,1276.0,,38,36,2
201104110HOU,RS,HOU,1276.0,,38,37,1
201104110HOU,RS,HOU,1294.0,,40,37,3
201104110HOU,RS,HOU,1312.0,,40,39,1
201104110HOU,RS,HOU,1325.0,,42,39,3
201104110HOU,RS,HOU,1346.0,,42,41,1
201104110HOU,RS,HOU,1371.0,LC,42,43,-1
201104110HOU,RS,HOU,1399.7,,42,44,-2
201104110HOU,RS,HOU,1399.7,,42,45,-3
201104110HOU,RS,HOU,1410.1,,43,45,-2
201104110HOU,RS,HOU,1433.7,,43,47,-4
201104110HOU,RS,HOU,1478.0,,43,49,-6
201104110HOU,RS,HOU,1503.0,,45,49,-4
201104110HOU,RS,HOU,1521.0,,45,51,-6
201104110HOU,RS,HOU,1542.0,,47,51,-4
201104110HOU,RS,HOU,1598.0,,49,51,-2
201104110HOU,RS,HOU,1650.0,T,51,51,0
201104110HOU,RS,HOU,1664.0,,51,53,-2
201104110HOU,RS,HOU,1691.0,T,53,53,0
201104110HOU,RS,HOU,1710.0,,53,55,-2
201104110HOU,RS,HOU,1722.0,T,55,55,0
201104110HOU,RS,HOU,1738.0,,55,57,-2
201104110HOU,RS,HOU,1767.0,,55,60,-5
201104110HOU,RS,HOU,1795.0,,57,60,-3
201104110HOU,RS,HOU,1828.0,,57,62,-5
201104110HOU,RS,HOU,1855.0,,59,62,-3
201104110HOU,RS,HOU,1936.0,,59,64,-5
201104110HOU,RS,HOU,1958.0,,61,64,-3
201104110HOU,RS,HOU,1992.0,,63,64,-1
201104110HOU,RS,HOU,2064.0,,63,66,-3
201104110HOU,RS,HOU,2073.0,,64,66,-2
201104110HOU,RS,HOU,2073.0,,65,66,-1
201104110HOU,RS,HOU,2119.6,,65,68,-3
201104110HOU,RS,HOU,2138.4,,66,68,-2
201104110HOU,RS,HOU,2138.4,,67,68,-1
201104110HOU,RS,HOU,2156.5,,67,71,-4
201104110HOU,RS,HOU,2219.0,,67,73,-6
201104110HOU,RS,HOU,2308.0,,69,73,-4
201104110HOU,RS,HOU,2347.0,,72,73,-1
201104110HOU,RS,HOU,2366.0,,72,75,-3
201104110HOU,RS,HOU,2406.0,,72,77,-5
201104110HOU,RS,HOU,2433.0,,75,77,-2
201104110HOU,RS,HOU,2454.0,,75,78,-3
201104110HOU,RS,HOU,2473.0,,77,78,-1
201104110HOU,RS,HOU,2473.0,T,78,78,0
201104110HOU,RS,HOU,2663.0,,78,79,-1
201104110HOU,RS,HOU,2663.0,,78,80,-2
201104110HOU,RS,HOU,2682.0,T,80,80,0
201104110HOU,RS,HOU,2694.0,,80,81,-1
201104110HOU,RS,HOU,2761.0,T,81,81,0
201104110HOU,RS,HOU,2761.0,LC,82,81,1
201104110HOU,RS,HOU,2786.0,,84,81,3
201104110HOU,RS,HOU,2786.0,,85,81,4
201104110HOU,RS,HOU,2799.0,,85,83,2
201104110HOU,RS,HOU,2869.2,T,85,85,0
201104110HOU,RS,HOU,2869.2,LC,85,86,-1
201104110HOU,RS,HOU,2878.5,T,86,86,0
201104110HOU,RS,HOU,2930.0,LC,88,86,2
201104110HOU,RS,HOU,2998.0,,90,86,4
201104110HOU,RS,HOU,3047.0,,90,89,1
201104110HOU,RS,HOU,3068.0,,92,89,3
201104110HOU,RS,HOU,3127.5,,94,89,5
201104110HOU,RS,HOU,3158.3,,94,91,3
201104110HOU,RS,HOU,3160.8,,95,91,4
201104110HOU,RS,HOU,3160.8,,96,91,5
201104110HOU,RS,HOU,3172.9,,97,91,6
201104110HOU,RS,HOU,3172.9,F,98,91,7
201104110HOU,RS,HOU,3180.0,,98,91,7
201104130DAL,RS,NOH,0.0,,0,0,0
201104130DAL,RS,NOH,25.0,,0,3,-3
201104130DAL,RS,NOH,59.0,,0,5,-5
201104130DAL,RS,NOH,81.0,,2,5,-3
201104130DAL,RS,NOH,81.0,,3,5,-2
201104130DAL,RS,NOH,113.0,T,5,5,0
201104130DAL,RS,NOH,124.0,,5,7,-2
201104130DAL,RS,NOH,138.0,LC,8,7,1
201104130DAL,RS,NOH,157.0,LC,8,9,-1
201104130DAL,RS,NOH,195.0,,8,12,-4
201104130DAL,RS,NOH,221.0,,10,12,-2
201104130DAL,RS,NOH,240.0,,10,14,-4
201104130DAL,RS,NOH,274.0,,10,15,-5
201104130DAL,RS,NOH,274.0,,10,16,-6
201104130DAL,RS,NOH,296.0,,13,16,-3
201104130DAL,RS,NOH,310.0,,13,18,-5
201104130DAL,RS,NOH,348.0,,15,18,-3
201104130DAL,RS,NOH,384.0,,15,20,-5
201104130DAL,RS,NOH,432.0,,16,20,-4
201104130DAL,RS,NOH,475.0,,18,20,-2
201104130DAL,RS,NOH,498.0,,18,23,-5
201104130DAL,RS,NOH,512.0,,19,23,-4
201104130DAL,RS,NOH,512.0,,20,23,-3
201104130DAL,RS,NOH,579.0,,22,23,-1
201104130DAL,RS,NOH,662.9,,22,24,-2
201104130DAL,RS,NOH,662.9,,22,25,-3
201104130DAL,RS,NOH,675.9,,23,25,-2
201104130DAL,RS,NOH,675.9,,24,25,-1
201104130DAL,RS,NOH,679.5,T,25,25,0
201104130DAL,RS,NOH,712.1,,25,27,-2
201104130DAL,RS,NOH,718.1,LC,28,27,1
201104130DAL,RS,NOH,757.0,LC,28,29,-1
201104130DAL,RS,NOH,786.0,,28,31,-3
201104130DAL,RS,NOH,796.0,,29,31,-2
201104130DAL,RS,NOH,825.0,,29,33,-4
201104130DAL,RS,NOH,865.0,,29,35,-6
201104130DAL,RS,NOH,886.0,,31,35,-4
201104130DAL,RS,NOH,900.0,,31,37,-6
201104130DAL,RS,NOH,936.0,,31,39,-8
201104130DAL,RS,NOH,955.0,,33,39,-6
201104130DAL,RS,NOH,955.0,,34,39,-5
201104130DAL,RS,NOH,1046.0,,36,39,-3
201104130DAL,RS,NOH,1066.0,,36,41,-5
201104130DAL,RS,NOH,1077.0,,38,41,-3
201104130DAL,RS,NOH,1077.0,,39,41,-2
201104130DAL,RS,NOH,1089.0,,39,42,-3
201104130DAL,RS,NOH,1089.0,,39,43,-4
201104130DAL,RS,NOH,1105.0,,40,43,-3
201104130DAL,RS,NOH,1105.0,,41,43,-2
201104130DAL,RS,NOH,1117.0,,41,46,-5
201104130DAL,RS,NOH,1147.0,,43,46,-3
201104130DAL,RS,NOH,1173.0,,43,48,-5
201104130DAL,RS,NOH,1196.0,,43,50,-7
201104130DAL,RS,NOH,1196.0,,43,51,-8
201104130DAL,RS,NOH,1215.0,,45,51,-6
201104130DAL,RS,NOH,1252.0,,47,51,-4
201104130DAL,RS,NOH,1252.0,,48,51,-3
201104130DAL,RS,NOH,1268.0,,48,54,-6
201104130DAL,RS,NOH,1317.0,,50,54,-4
201104130DAL,RS,NOH,1342.0,,50,56,-6
201104130DAL,RS,NOH,1351.0,,52,56,-4
201104130DAL,RS,NOH,1376.0,,55,56,-1
201104130DAL,RS,NOH,1390.6,,55,57,-2
201104130DAL,RS,NOH,1390.6,,55,58,-3
201104130DAL,RS,NOH,1390.6,,55,59,-4
201104130DAL,RS,NOH,1398.2,,56,59,-3
201104130DAL,RS,NOH,1398.2,,57,59,-2
201104130DAL,RS,NOH,1408.7,,57,61,-4
201104130DAL,RS,NOH,1419.2,,58,61,-3
201104130DAL,RS,NOH,1455.0,,60,61,-1
201104130DAL,RS,NOH,1528.0,LC,62,61,1
201104130DAL,RS,NOH,1575.0,,65,61,4
201104130DAL,RS,NOH,1593.0,,65,62,3
201104130DAL,RS,NOH,1593.0,,65,63,2
201104130DAL,RS,NOH,1632.0,,67,63,4
201104130DAL,RS,NOH,1704.0,,69,63,6
201104130DAL,RS,NOH,1704.0,,70,63,7
201104130DAL,RS,NOH,1730.0,,70,65,5
201104130DAL,RS,NOH,1803.0,,71,65,6
201104130DAL,RS,NOH,1803.0,,72,65,7
201104130DAL,RS,NOH,1818.0,,72,68,4
201104130DAL,RS,NOH,1895.0,,75,68,7
201104130DAL,RS,NOH,1921.0,,76,68,8
201104130DAL,RS,NOH,1965.0,,76,70,6
201104130DAL,RS,NOH,1980.0,,79,70,9
201104130DAL,RS,NOH,2014.0,,82,70,12
201104130DAL,RS,NOH,2047.0,,82,71,11
201104130DAL,RS,NOH,2047.0,,82,72,10
201104130DAL,RS,NOH,2101.4,,83,72,11
201104130DAL,RS,NOH,2113.1,,83,74,9
201104130DAL,RS,NOH,2131.8,,86,74,12
201104130DAL,RS,NOH,2173.0,,86,76,10
201104130DAL,RS,NOH,2231.0,,89,76,13
201104130DAL,RS,NOH,2249.0,,89,78,11
201104130DAL,RS,NOH,2270.0,,91,78,13
201104130DAL,RS,NOH,2304.0,,93,78,15
201104130DAL,RS,NOH,2337.0,,96,78,18
201104130DAL,RS,NOH,2350.0,,96,80,16
201104130DAL,RS,NOH,2390.0,,97,80,17
201104130DAL,RS,NOH,2428.0,,98,80,18
201104130DAL,RS,NOH,2428.0,,98,81,17
201104130DAL,RS,NOH,2448.0,,100,81,19
201104130DAL,RS,NOH,2478.0,,102,81,21
201104130DAL,RS,NOH,2505.0,,102,83,19
201104130DAL,RS,NOH,2552.0,,103,83,20
201104130DAL,RS,NOH,2552.0,,104,83,21
201104130DAL,RS,NOH,2561.0,,104,85,19
201104130DAL,RS,NOH,2592.0,,107,85,22
201104130DAL,RS,NOH,2618.0,,109,85,24
201104130DAL,RS,NOH,2632.0,,109,87,22
201104130DAL,RS,NOH,2660.0,,111,87,24
201104130DAL,RS,NOH,2703.0,,112,87,25
201104130DAL,RS,NOH,2703.0,,113,87,26
201104130DAL,RS,NOH,2721.0,,113,89,24
201104130DAL,RS,NOH,2745.0,,116,89,27
201104130DAL,RS,NOH,2818.0,,118,89,29
201104130DAL,RS,NOH,2844.0,,119,89,30
201104130DAL,RS,NOH,2858.1,F,121,89,32
201104130DAL,RS,NOH,2880.0,,121,89,32
201104160DAL,PO,POR,0.0,,0,0,0
201104160DAL,PO,POR,24.0,,0,2,-2
201104160DAL,PO,POR,42.0,T,2,2,0
201104160DAL,PO,POR,120.0,,2,4,-2
201104160DAL,PO,POR,140.0,T,4,4,0
201104160DAL,PO,POR,164.0,,4,5,-1
201104160DAL,PO,POR,179.0,LC,7,5,2
201104160DAL,PO,POR,209.0,,10,5,5
201104160DAL,PO,POR,268.0,,10,7,3
201104160DAL,PO,POR,324.0,,12,7,5
201104160DAL,PO,POR,338.0,,12,9,3
201104160DAL,PO,POR,373.0,,12,11,1
201104160DAL,PO,POR,395.0,,14,11,3
201104160DAL,PO,POR,417.0,,14,13,1
201104160DAL,PO,POR,441.0,LC,14,15,-1
201104160DAL,PO,POR,465.0,LC,17,15,2
201104160DAL,PO,POR,495.0,,17,16,1
201104160DAL,PO,POR,538.0,,19,16,3
201104160DAL,PO,POR,549.0,,19,18,1
201104160DAL,PO,POR,567.0,T,19,19,0
201104160DAL,PO,POR,567.0,LC,19,20,-1
201104160DAL,PO,POR,603.0,,19,22,-3
201104160DAL,PO,POR,657.0,,21,22,-1
201104160DAL,PO,POR,734.0,LC,23,22,1
201104160DAL,PO,POR,757.0,LC,23,25,-2
201104160DAL,PO,POR,774.0,LC,26,25,1
201104160DAL,PO,POR,818.0,,29,25,4
201104160DAL,PO,POR,858.0,,31,25,6
201104160DAL,PO,POR,933.0,,31,26,5
201104160DAL,PO,POR,995.0,,33,26,7
201104160DAL,PO,POR,1014.0,,33,27,6
201104160DAL,PO,POR,1024.0,,33,29,4
201104160DAL,PO,POR,1043.0,,35,29,6
201104160DAL,PO,POR,1062.0,,35,31,4
201104160DAL,PO,POR,1102.0,,35,33,2
201104160DAL,PO,POR,1121.0,,37,33,4
201104160DAL,PO,POR,1150.0,,38,33,5
201104160DAL,PO,POR,1150.0,,39,33,6
201104160DAL,PO,POR,1216.0,,41,33,8
201104160DAL,PO,POR,1246.0,,42,33,9
201104160DAL,PO,POR,1261.0,,42,35,7
201104160DAL,PO,POR,1325.0,,45,35,10
201104160DAL,PO,POR,1356.0,,45,37,8
201104160DAL,PO,POR,1378.0,,46,37,9
201104160DAL,PO,POR,1378.0,,47,37,10
201104160DAL,PO,POR,1504.0,,47,39,8
201104160DAL,PO,POR,1582.0,,47,41,6
201104160DAL,PO,POR,1620.0,,47,43,4
201104160DAL,PO,POR,1641.0,,50,43,7
201104160DAL,PO,POR,1685.0,,53,43,10
201104160DAL,PO,POR,1702.0,,53,44,9
201104160DAL,PO,POR,1702.0,,53,45,8
201104160DAL,PO,POR,1729.0,,55,45,10
201104160DAL,PO,POR,1768.0,,55,47,8
201104160DAL,PO,POR,1787.0,,57,47,10
201104160DAL,PO,POR,1812.0,,57,49,8
201104160DAL,PO,POR,1857.0,,57,51,6
201104160DAL,PO,POR,1882.0,,59,51,8
201104160DAL,PO,POR,1963.0,,59,53,6
201104160DAL,PO,POR,2021.0,,59,55,4
201104160DAL,PO,POR,2053.0,,59,57,2
201104160DAL,PO,POR,2078.0,,60,57,3
201104160DAL,PO,POR,2078.0,,61,57,4
201104160DAL,PO,POR,2182.0,,61,59,2
201104160DAL,PO,POR,2249.0,T,61,61,0
201104160DAL,PO,POR,2272.0,,62,61,1
201104160DAL,PO,POR,2272.0,,63,61,2
201104160DAL,PO,POR,2295.0,T,63,63,0
201104160DAL,PO,POR,2320.0,LC,63,65,-2
201104160DAL,PO,POR,2320.0,,63,66,-3
201104160DAL,PO,POR,2372.0,,63,68,-5
201104160DAL,PO,POR,2427.0,,64,68,-4
201104160DAL,PO,POR,2427.0,,65,68,-3
201104160DAL,PO,POR,2448.0,,65,70,-5
201104160DAL,PO,POR,2464.0,,66,70,-4
201104160DAL,PO,POR,2512.0,,66,72,-6
201104160DAL,PO,POR,2552.0,,68,72,-4
201104160DAL,PO,POR,2591.0,,69,72,-3
201104160DAL,PO,POR,2591.0,,70,72,-2
201104160DAL,PO,POR,2624.0,,71,72,-1
201104160DAL,PO,POR,2624.0,T,72,72,0
201104160DAL,PO,POR,2636.0,,72,74,-2
201104160DAL,PO,POR,2660.0,LC,75,74,1
201104160DAL,PO,POR,2685.0,,76,74,2
201104160DAL,PO,POR,2685.0,,77,74,3
201104160DAL,PO,POR,2705.0,,77,76,1
201104160DAL,PO,POR,2724.0,,79,76,3
201104160DAL,PO,POR,2724.0,,80,76,4
201104160DAL,PO,POR,2770.0,,80,78,2
201104160DAL,PO,POR,2790.0,,81,78,3
201104160DAL,PO,POR,2790.0,,82,78,4
201104160DAL,PO,POR,2854.6,,85,78,7
201104160DAL,PO,POR,2857.1,,85,81,4
201104160DAL,PO,POR,2858.6,,86,81,5
201104160DAL,PO,POR,2858.6,,87,81,6
201104160DAL,PO,POR,2869.0,,88,81,7
201104160DAL,PO,POR,2869.0,F,89,81,8
201104160DAL,PO,POR,2880.0,,89,81,8
201104190DAL,PO,POR,0.0,,0,0,0
201104190DAL,PO,POR,15.0,,0,2,-2
201104190DAL,PO,POR,38.0,T,2,2,0
201104190DAL,PO,POR,98.0,,2,4,-2
201104190DAL,PO,POR,157.0,,2,5,-3
201104190DAL,PO,POR,177.0,,3,5,-2
201104190DAL,PO,POR,197.0,,3,7,-4
201104190DAL,PO,POR,315.0,,5,7,-2
201104190DAL,PO,POR,330.0,,5,9,-4
201104190DAL,PO,POR,356.0,,5,10,-5
201104190DAL,PO,POR,356.0,,5,11,-6
201104190DAL,PO,POR,372.0,,7,11,-4
201104190DAL,PO,POR,396.0,,7,14,-7
201104190DAL,PO,POR,414.0,,9,14,-5
201104190DAL,PO,POR,429.0,,9,15,-6
201104190DAL,PO,POR,464.0,,9,17,-8
201104190DAL,PO,POR,543.0,,12,17,-5
201104190DAL,PO,POR,550.0,,12,19,-7
201104190DAL,PO,POR,564.0,,13,19,-6
201104190DAL,PO,POR,564.0,,14,19,-5
201104190DAL,PO,POR,593.0,,17,19,-2
201104190DAL,PO,POR,616.0,T,19,19,0
201104190DAL,PO,POR,643.0,,19,21,-2
201104190DAL,PO,POR,691.1,,19,24,-5
201104190DAL,PO,POR,714.1,,22,24,-2
201104190DAL,PO,POR,765.0,T,24,24,0
201104190DAL,PO,POR,780.0,,24,26,-2
201104190DAL,PO,POR,822.0,,24,28,-4
201104190DAL,PO,POR,900.0,,26,28,-2
201104190DAL,PO,POR,906.0,,26,29,-3
201104190DAL,PO,POR,925.0,,28,29,-1
201104190DAL,PO,POR,948.0,,28,30,-2
201104190DAL,PO,POR,948.0,,28,31,-3
201104190DAL,PO,POR,966.0,,30,31,-1
201104190DAL,PO,POR,1002.0,,30,33,-3
201104190DAL,PO,POR,1034.0,,30,36,-6
201104190DAL,PO,POR,1045.0,,31,36,-5
201104190DAL,PO,POR,1063.0,,34,36,-2
201104190DAL,PO,POR,1078.0,,34,38,-4
201104190DAL,PO,POR,1096.0,,35,38,-3
201104190DAL,PO,POR,1096.0,,36,38,-2
201104190DAL,PO,POR,1116.0,T,38,38,0
201104190DAL,PO,POR,1139.0,,38,40,-2
201104190DAL,PO,POR,1194.0,T,40,40,0
201104190DAL,PO,POR,1194.0,LC,41,40,1
201104190DAL,PO,POR,1203.0,LC,41,42,-1
201104190DAL,PO,POR,1226.0,LC,43,42,1
201104190DAL,PO,POR,1226.0,,44,42,2
201104190DAL,PO,POR,1235.0,LC,44,45,-1
201104190DAL,PO,POR,1260.0,LC,46,45,1
201104190DAL,PO,POR,1278.0,LC,46,47,-1
201104190DAL,PO,POR,1312.0,,46,49,-3
201104190DAL,PO,POR,1371.0,,46,51,-5
201104190DAL,PO,POR,1372.0,,46,52,-6
201104190DAL,PO,POR,1388.5,,47,52,-5
201104190DAL,PO,POR,1388.5,,48,52,-4
201104190DAL,PO,POR,1412.1,,50,52,-2
201104190DAL,PO,POR,1462.0,LC,53,52,1
201104190DAL,PO,POR,1493.0,T,53,53,0
201104190DAL,PO,POR,1518.0,,55,53,2
201104190DAL,PO,POR,1535.0,T,55,55,0
201104190DAL,PO,POR,1558.0,,57,55,2
201104190DAL,PO,POR,1603.0,,59,55,4
201104190DAL,PO,POR,1622.0,,59,57,2
201104190DAL,PO,POR,1646.0,,61,57,4
201104190DAL,PO,POR,1692.0,,63,57,6
201104190DAL,PO,POR,1692.0,,64,57,7
201104190DAL,PO,POR,1794.0,,64,59,5
201104190DAL,PO,POR,1822.0,,66,59,7
201104190DAL,PO,POR,1880.0,,66,61,5
201104190DAL,PO,POR,1919.0,,66,63,3
201104190DAL,PO,POR,1938.0,,68,63,5
201104190DAL,PO,POR,1956.0,,68,64,4
201104190DAL,PO,POR,1956.0,,68,65,3
201104190DAL,PO,POR,1975.0,,71,65,6
201104190DAL,PO,POR,2035.0,,71,68,3
201104190DAL,PO,POR,2067.0,,71,70,1
201104190DAL,PO,POR,2105.1,,73,70,3
201104190DAL,PO,POR,2125.1,,73,72,1
201104190DAL,PO,POR,2201.0,,74,72,2
201104190DAL,PO,POR,2218.0,,74,73,1
201104190DAL,PO,POR,2240.0,,76,73,3
201104190DAL,PO,POR,2274.0,,77,73,4
201104190DAL,PO,POR,2274.0,,78,73,5
201104190DAL,PO,POR,2300.0,,78,76,2
201104190DAL,PO,POR,2349.0,,80,76,4
201104190DAL,PO,POR,2375.0,,83,76,7
201104190DAL,PO,POR,2399.0,,83,78,5
201104190DAL,PO,POR,2435.0,,85,78,7
201104190DAL,PO,POR,2468.0,,85,79,6
201104190DAL,PO,POR,2468.0,,85,80,5
201104190DAL,PO,POR,2516.0,,88,80,8
201104190DAL,PO,POR,2537.0,,88,81,7
201104190DAL,PO,POR,2569.0,,88,82,6
201104190DAL,PO,POR,2592.0,,90,82,8
201104190DAL,PO,POR,2641.0,,90,84,6
201104190DAL,PO,POR,2663.0,,92,84,8
201104190DAL,PO,POR,2708.0,,94,84,10
201104190DAL,PO,POR,2728.0,,94,85,9
201104190DAL,PO,POR,2728.0,,94,86,8
201104190DAL,PO,POR,2744.0,,95,86,9
201104190DAL,PO,POR,2744.0,,96,86,10
201104190DAL,PO,POR,2765.0,,98,86,12
201104190DAL,PO,POR,2794.0,,99,86,13
201104190DAL,PO,POR,2833.1,,99,89,10
201104190DAL,PO,POR,2851.9,,100,89,11
201104190DAL,PO,POR,2851.9,F,101,89,12
201104190DAL,PO,POR,2880.0,,101,89,12
201104210POR,PO,POR,0.0,,0,0,0
201104210POR,PO,POR,23.0,,2,0,2
201104210POR,PO,POR,47.0,T,2,2,0
201104210POR,PO,POR,76.0,LC,2,4,-2
201104210POR,PO,POR,131.0,,2,7,-5
201104210POR,PO,POR,184.0,,2,10,-8
201104210POR,PO,POR,245.0,,4,10,-6
201104210POR,PO,POR,245.0,,5,10,-5
201104210POR,PO,POR,275.0,,7,10,-3
201104210POR,PO,POR,310.0,,7,13,-6
201104210POR,PO,POR,336.0,,7,16,-9
201104210POR,PO,POR,358.0,,10,16,-6
201104210POR,PO,POR,373.0,,10,18,-8
201104210POR,PO,POR,384.0,,12,18,-6
201104210POR,PO,POR,412.0,,14,18,-4
201104210POR,PO,POR,436.0,,14,20,-6
201104210POR,PO,POR,460.0,,16,20,-4
201104210POR,PO,POR,474.0,,16,22,-6
201104210POR,PO,POR,519.0,,18,22,-4
201104210POR,PO,POR,535.0,,18,24,-6
201104210POR,PO,POR,605.0,,18,26,-8
201104210POR,PO,POR,613.0,,19,26,-7
201104210POR,PO,POR,641.0,,20,26,-6
201104210POR,PO,POR,641.0,,21,26,-5
201104210POR,PO,POR,699.1,,23,26,-3
201104210POR,PO,POR,718.1,,23,28,-5
201104210POR,PO,POR,752.0,,26,28,-2
201104210POR,PO,POR,785.0,,27,28,-1
201104210POR,PO,POR,785.0,T,28,28,0
201104210POR,PO,POR,822.0,LC,31,28,3
201104210POR,PO,POR,835.0,,31,30,1
201104210POR,PO,POR,853.0,,33,30,3
201104210POR,PO,POR,873.0,,33,32,1
201104210POR,PO,POR,889.0,,35,32,3
201104210POR,PO,POR,916.0,,37,32,5
201104210POR,PO,POR,937.0,,37,34,3
201104210POR,PO,POR,957.0,,39,34,5
201104210POR,PO,POR,977.0,,39,36,3
201104210POR,PO,POR,1015.0,,39,38,1
201104210POR,PO,POR,1015.0,T,39,39,0
201104210POR,PO,POR,1037.0,,41,39,2
201104210POR,PO,POR,1058.0,T,41,41,0
201104210POR,PO,POR,1074.0,,43,41,2
201104210POR,PO,POR,1113.0,LC,43,44,-1
201104210POR,PO,POR,1148.0,,43,46,-3
201104210POR,PO,POR,1175.0,,43,47,-4
201104210POR,PO,POR,1175.0,,43,48,-5
201104210POR,PO,POR,1202.0,,45,48,-3
201104210POR,PO,POR,1233.0,,47,48,-1
201104210POR,PO,POR,1285.0,,47,50,-3
201104210POR,PO,POR,1308.0,,49,50,-1
201104210POR,PO,POR,1367.0,,49,52,-3
201104210POR,PO,POR,1389.3,T,52,52,0
201104210POR,PO,POR,1418.2,,52,54,-2
201104210POR,PO,POR,1483.0,T,54,54,0
201104210POR,PO,POR,1568.0,LC,57,54,3
201104210POR,PO,POR,1640.0,,57,56,1
201104210POR,PO,POR,1678.0,,60,56,4
201104210POR,PO,POR,1702.0,,60,59,1
201104210POR,PO,POR,1765.0,,62,59,3
201104210POR,PO,POR,1810.0,,62,60,2
201104210POR,PO,POR,1835.0,,65,60,5
201104210POR,PO,POR,1849.0,,65,62,3
201104210POR,PO,POR,1866.0,,66,62,4
201104210POR,PO,POR,1897.0,,66,63,3
201104210POR,PO,POR,1897.0,,66,64,2
201104210POR,PO,POR,1941.0,T,66,66,0
201104210POR,PO,POR,1955.0,,68,66,2
201104210POR,PO,POR,1955.0,,69,66,3
201104210POR,PO,POR,2036.0,,69,68,1
201104210POR,PO,POR,2077.0,LC,69,70,-1
201104210POR,PO,POR,2077.0,,69,71,-2
201104210POR,PO,POR,2119.1,LC,72,71,1
201104210POR,PO,POR,2127.8,T,72,72,0
201104210POR,PO,POR,2127.8,LC,72,73,-1
201104210POR,PO,POR,2148.1,,72,74,-2
201104210POR,PO,POR,2148.1,,72,75,-3
201104210POR,PO,POR,2198.0,,72,77,-5
201104210POR,PO,POR,2221.0,,74,77,-3
201104210POR,PO,POR,2241.0,,74,79,-5
201104210POR,PO,POR,2281.0,,74,82,-8
201104210POR,PO,POR,2352.0,,74,85,-11
201104210POR,PO,POR,2395.0,,74,86,-12
201104210POR,PO,POR,2395.0,,74,87,-13
201104210POR,PO,POR,2412.0,,77,87,-10
201104210POR,PO,POR,2463.0,,79,87,-8
201104210POR,PO,POR,2493.0,,81,87,-6
201104210POR,PO,POR,2518.0,,81,89,-8
201104210POR,PO,POR,2539.0,,82,89,-7
201104210POR,PO,POR,2558.0,,82,90,-8
201104210POR,PO,POR,2558.0,,82,91,-9
201104210POR,PO,POR,2575.0,,83,91,-8
201104210POR,PO,POR,2575.0,,84,91,-7
201104210POR,PO,POR,2659.0,,85,91,-6
201104210POR,PO,POR,2675.0,,85,93,-8
201104210POR,PO,POR,2720.0,,87,93,-6
201104210POR,PO,POR,2739.0,,87,95,-8
201104210POR,PO,POR,2795.0,,88,95,-7
201104210POR,PO,POR,2837.1,,90,95,-5
201104210POR,PO,POR,2867.1,,92,95,-3
201104210POR,PO,POR,2870.4,,92,96,-4
201104210POR,PO,POR,2870.4,F,92,97,-5
201104210POR,PO,POR,2880.0,,92,97,-5
201104230POR,PO,POR,0.0,,0,0,0
201104230POR,PO,POR,18.0,,2,0,2
201104230POR,PO,POR,184.0,,5,0,5
201104230POR,PO,POR,251.0,,5,2,3
201104230POR,PO,POR,304.0,,5,3,2
201104230POR,PO,POR,304.0,,5,4,1
201104230POR,PO,POR,329.0,,8,4,4
201104230POR,PO,POR,353.0,,8,7,1
201104230POR,PO,POR,388.0,LC,8,9,-1
201104230POR,PO,POR,415.0,LC,11,9,2
201104230POR,PO,POR,461.0,T,11,11,0
201104230POR,PO,POR,490.0,,14,11,3
201104230POR,PO,POR,681.1,,16,11,5
201104230POR,PO,POR,734.0,,16,13,3
201104230POR,PO,POR,756.0,,18,13,5
201104230POR,PO,POR,788.0,,20,13,7
201104230POR,PO,POR,824.0,,22,13,9
201104230POR,PO,POR,923.0,,22,14,8
201104230POR,PO,POR,923.0,,22,15,7
201104230POR,PO,POR,942.0,,22,16,6
201104230POR,PO,POR,942.0,,22,17,5
201104230POR,PO,POR,964.0,,24,17,7
201104230POR,PO,POR,984.0,,24,18,6
201104230POR,PO,POR,984.0,,24,19,5
201104230POR,PO,POR,1018.0,,26,19,7
201104230POR,PO,POR,1036.0,,26,21,5
201104230POR,PO,POR,1049.0,,28,21,7
201104230POR,PO,POR,1069.0,,28,23,5
201104230POR,PO,POR,1089.0,,31,23,8
201104230POR,PO,POR,1123.0,,33,23,10
201104230POR,PO,POR,1163.0,,33,24,9
201104230POR,PO,POR,1163.0,,33,25,8
201104230POR,PO,POR,1185.0,,35,25,10
201104230POR,PO,POR,1200.0,,35,27,8
201104230POR,PO,POR,1238.0,,35,29,6
201104230POR,PO,POR,1257.0,,37,29,8
201104230POR,PO,POR,1310.0,,37,31,6
201104230POR,PO,POR,1343.0,,37,33,4
201104230POR,PO,POR,1378.0,,37,34,3
201104230POR,PO,POR,1378.0,,37,35,2
201104230POR,PO,POR,1533.0,,38,35,3
201104230POR,PO,POR,1533.0,,39,35,4
201104230POR,PO,POR,1552.0,,39,36,3
201104230POR,PO,POR,1552.0,,39,37,2
201104230POR,PO,POR,1577.0,,41,37,4
201104230POR,PO,POR,1617.0,,42,37,5
201104230POR,PO,POR,1617.0,,43,37,6
201104230POR,PO,POR,1650.0,,45,37,8
201104230POR,PO,POR,1684.0,,48,37,11
201104230POR,PO,POR,1715.0,,48,38,10
201104230POR,PO,POR,1715.0,,48,39,9
201104230POR,PO,POR,1733.0,,50,39,11
201104230POR,PO,POR,1766.0,,51,39,12
201104230POR,PO,POR,1766.0,,52,39,13
201104230POR,PO,POR,1801.0,,54,39,15
201104230POR,PO,POR,1817.0,,54,40,14
201104230POR,PO,POR,1817.0,,54,41,13
201104230POR,PO,POR,1840.0,,57,41,16
201104230POR,PO,POR,1922.0,,59,41,18
201104230POR,PO,POR,1953.0,,61,41,20
201104230POR,PO,POR,1993.0,,64,41,23
201104230POR,PO,POR,2011.0,,64,42,22
201104230POR,PO,POR,2069.0,,64,44,20
201104230POR,PO,POR,2084.0,,67,44,23
201104230POR,PO,POR,2126.0,,67,46,21
201104230POR,PO,POR,2158.1,,67,49,18
201104230POR,PO,POR,2182.0,,67,51,16
201104230POR,PO,POR,2221.0,,69,51,18
201104230POR,PO,POR,2241.0,,69,54,15
201104230POR,PO,POR,2261.0,,71,54,17
201104230POR,PO,POR,2271.0,,71,56,15
201104230POR,PO,POR,2291.0,,72,56,16
201104230POR,PO,POR,2291.0,,73,56,17
201104230POR,PO,POR,2307.0,,73,58,15
201104230POR,PO,POR,2331.0,,73,59,14
201104230POR,PO,POR,2331.0,,73,60,13
201104230POR,PO,POR,2373.0,,73,62,11
201104230POR,PO,POR,2436.0,,75,62,13
201104230POR,PO,POR,2454.0,,75,64,11
201104230POR,PO,POR,2540.0,,75,66,9
201104230POR,PO,POR,2559.0,,76,66,10
201104230POR,PO,POR,2559.0,,77,66,11
201104230POR,PO,POR,2604.0,,77,68,9
201104230POR,PO,POR,2639.0,,77,70,7
201104230POR,PO,POR,2667.0,,80,70,10
201104230POR,PO,POR,2689.0,,80,72,8
201104230POR,PO,POR,2728.0,,80,74,6
201104230POR,PO,POR,2756.0,,80,76,4
201104230POR,PO,POR,2784.0,,80,78,2
201104230POR,PO,POR,2801.0,,82,78,4
201104230POR,PO,POR,2814.0,,82,81,1
201104230POR,PO,POR,2814.0,T,82,82,0
201104230POR,PO,POR,2840.8,F,82,84,-2
201104230POR,PO,POR,2880.0,,82,84,-2
201104250DAL,PO,POR,0.0,,0,0,0
201104250DAL,PO,POR,44.0,,0,2,-2
201104250DAL,PO,POR,81.0,T,2,2,0
201104250DAL,PO,POR,199.0,LC,4,2,2
201104250DAL,PO,POR,224.0,T,4,4,0
201104250DAL,PO,POR,239.0,,6,4,2
201104250DAL,PO,POR,262.0,T,6,6,0
201104250DAL,PO,POR,277.0,,7,6,1
201104250DAL,PO,POR,277.0,,8,6,2
201104250DAL,PO,POR,301.0,T,8,8,0
201104250DAL,PO,POR,323.0,,10,8,2
201104250DAL,PO,POR,366.0,T,10,10,0
201104250DAL,PO,POR,413.0,,12,10,2
201104250DAL,PO,POR,429.0,T,12,12,0
201104250DAL,PO,POR,495.0,,13,12,1
201104250DAL,PO,POR,528.0,,15,12,3
201104250DAL,PO,POR,575.0,,15,14,1
201104250DAL,PO,POR,614.0,LC,15,16,-1
201104250DAL,PO,POR,633.0,,15,18,-3
201104250DAL,PO,POR,693.2,,15,20,-5
201104250DAL,PO,POR,760.0,,15,23,-8
201104250DAL,PO,POR,777.0,,16,23,-7
201104250DAL,PO,POR,833.0,,18,23,-5
201104250DAL,PO,POR,870.0,,19,23,-4
201104250DAL,PO,POR,870.0,,20,23,-3
201104250DAL,PO,POR,941.0,,20,25,-5
201104250DAL,PO,POR,956.0,,22,25,-3
201104250DAL,PO,POR,974.0,,22,27,-5
201104250DAL,PO,POR,994.0,,24,27,-3
201104250DAL,PO,POR,994.0,,25,27,-2
201104250DAL,PO,POR,1018.0,T,27,27,0
201104250DAL,PO,POR,1046.0,LC,30,27,3
201104250DAL,PO,POR,1064.0,,30,29,1
201104250DAL,PO,POR,1077.0,,33,29,4
201104250DAL,PO,POR,1109.0,,33,31,2
201104250DAL,PO,POR,1130.0,,35,31,4
201104250DAL,PO,POR,1148.0,,35,34,1
201104250DAL,PO,POR,1185.0,LC,35,36,-1
201104250DAL,PO,POR,1209.0,,35,38,-3
201104250DAL,PO,POR,1234.0,,37,38,-1
201104250DAL,PO,POR,1257.0,,37,41,-4
201104250DAL,PO,POR,1307.0,,37,43,-6
201104250DAL,PO,POR,1349.0,,38,43,-5
201104250DAL,PO,POR,1359.0,,40,43,-3
201104250DAL,PO,POR,1398.1,,42,43,-1
201104250DAL,PO,POR,1414.2,T,43,43,0
201104250DAL,PO,POR,1414.2,LC,44,43,1
201104250DAL,PO,POR,1499.0,,46,43,3
201104250DAL,PO,POR,1510.0,,46,45,1
201104250DAL,PO,POR,1530.0,,48,45,3
201104250DAL,PO,POR,1596.0,,50,45,5
201104250DAL,PO,POR,1618.0,,50,47,3
201104250DAL,PO,POR,1639.0,,50,49,1
201104250DAL,PO,POR,1659.0,,52,49,3
201104250DAL,PO,POR,1675.0,,52,50,2
201104250DAL,PO,POR,1689.0,,54,50,4
201104250DAL,PO,POR,1724.0,,54,52,2
201104250DAL,PO,POR,1735.0,,55,52,3
201104250DAL,PO,POR,1735.0,,56,52,4
201104250DAL,PO,POR,1785.0,,56,54,2
201104250DAL,PO,POR,1817.0,,56,55,1
201104250DAL,PO,POR,1837.0,,57,55,2
201104250DAL,PO,POR,1837.0,,58,55,3
201104250DAL,PO,POR,1853.0,,60,55,5
201104250DAL,PO,POR,1875.0,,61,55,6
201104250DAL,PO,POR,1875.0,,62,55,7
201104250DAL,PO,POR,1891.0,,62,57,5
201104250DAL,PO,POR,1911.0,,63,57,6
201104250DAL,PO,POR,1911.0,,64,57,7
201104250DAL,PO,POR,1919.0,,64,58,6
201104250DAL,PO,POR,1938.0,,65,58,7
201104250DAL,PO,POR,1991.0,,67,58,9
201104250DAL,PO,POR,2012.0,,67,59,8
201104250DAL,PO,POR,2012.0,,67,60,7
201104250DAL,PO,POR,2075.0,,69,60,9
201104250DAL,PO,POR,2091.0,,70,60,10
201104250DAL,PO,POR,2091.0,,71,60,11
201104250DAL,PO,POR,2104.8,,71,61,10
201104250DAL,PO,POR,2124.3,,72,61,11
201104250DAL,PO,POR,2124.3,,73,61,12
201104250DAL,PO,POR,2143.2,,73,63,10
201104250DAL,PO,POR,2156.1,,75,63,12
201104250DAL,PO,POR,2179.0,,75,65,10
201104250DAL,PO,POR,2198.0,,77,65,12
201104250DAL,PO,POR,2219.0,,79,65,14
201104250DAL,PO,POR,2302.0,,80,65,15
201104250DAL,PO,POR,2440.0,,80,66,14
201104250DAL,PO,POR,2440.0,,80,67,13
201104250DAL,PO,POR,2455.0,,82,67,15
201104250DAL,PO,POR,2493.0,,84,67,17
201104250DAL,PO,POR,2550.0,,84,68,16
201104250DAL,PO,POR,2550.0,,84,69,15
201104250DAL,PO,POR,2587.0,,86,69,17
201104250DAL,PO,POR,2616.0,,89,69,20
201104250DAL,PO,POR,2631.0,,89,71,18
201104250DAL,PO,POR,2688.0,,91,71,20
201104250DAL,PO,POR,2713.0,,91,74,17
201104250DAL,PO,POR,2748.0,,91,76,15
201104250DAL,PO,POR,2780.0,,91,77,14
201104250DAL,PO,POR,2780.0,,91,78,13
201104250DAL,PO,POR,2811.0,,91,80,11
201104250DAL,PO,POR,2826.6,,92,80,12
201104250DAL,PO,POR,2826.6,,93,80,13
201104250DAL,PO,POR,2861.9,,93,81,12
201104250DAL,PO,POR,2861.9,F,93,82,11
201104250DAL,PO,POR,2880.0,,93,82,11
201104280POR,PO,POR,0.0,,0,0,0
201104280POR,PO,POR,101.0,,0,2,-2
201104280POR,PO,POR,118.0,T,2,2,0
201104280POR,PO,POR,143.0,,2,4,-2
201104280POR,PO,POR,154.0,LC,5,4,1
201104280POR,PO,POR,170.0,LC,5,7,-2
201104280POR,PO,POR,202.0,,5,9,-4
201104280POR,PO,POR,243.0,,5,12,-7
201104280POR,PO,POR,297.0,,6,12,-6
201104280POR,PO,POR,297.0,,7,12,-5
201104280POR,PO,POR,320.0,,7,14,-7
201104280POR,PO,POR,320.0,,7,15,-8
201104280POR,PO,POR,344.0,,7,16,-9
201104280POR,PO,POR,344.0,,7,17,-10
201104280POR,PO,POR,370.0,,7,19,-12
201104280POR,PO,POR,395.0,,9,19,-10
201104280POR,PO,POR,424.0,,11,19,-8
201104280POR,PO,POR,458.0,,13,19,-6
201104280POR,PO,POR,498.0,,15,19,-4
201104280POR,PO,POR,532.0,,15,21,-6
201104280POR,PO,POR,571.0,,15,23,-8
201104280POR,PO,POR,592.0,,17,23,-6
201104280POR,PO,POR,664.2,,17,25,-8
201104280POR,PO,POR,689.9,,19,25,-6
201104280POR,PO,POR,709.0,,19,27,-8
201104280POR,PO,POR,779.0,,19,29,-10
201104280POR,PO,POR,822.0,,19,31,-12
201104280POR,PO,POR,869.0,,20,31,-11
201104280POR,PO,POR,869.0,,21,31,-10
201104280POR,PO,POR,869.0,,22,31,-9
201104280POR,PO,POR,883.0,,22,33,-11
201104280POR,PO,POR,900.0,,24,33,-9
201104280POR,PO,POR,900.0,,25,33,-8
201104280POR,PO,POR,921.0,,26,33,-7
201104280POR,PO,POR,921.0,,27,33,-6
201104280POR,PO,POR,937.0,,29,33,-4
201104280POR,PO,POR,963.0,,29,35,-6
201104280POR,PO,POR,982.0,,31,35,-4
201104280POR,PO,POR,1020.0,,32,35,-3
201104280POR,PO,POR,1020.0,,33,35,-2
201104280POR,PO,POR,1045.0,T,35,35,0
201104280POR,PO,POR,1062.0,,35,37,-2
201104280POR,PO,POR,1133.0,LC,38,37,1
201104280POR,PO,POR,1159.0,,41,37,4
201104280POR,PO,POR,1220.0,,41,39,2
201104280POR,PO,POR,1238.0,,43,39,4
201104280POR,PO,POR,1268.0,,43,41,2
201104280POR,PO,POR,1345.0,,45,41,4
201104280POR,PO,POR,1370.0,,47,41,6
201104280POR,PO,POR,1393.1,,47,43,4
201104280POR,PO,POR,1398.1,,49,43,6
201104280POR,PO,POR,1439.8,,52,43,9
201104280POR,PO,POR,1460.0,,54,43,11
201104280POR,PO,POR,1544.0,,54,45,9
201104280POR,PO,POR,1566.0,,56,45,11
201104280POR,PO,POR,1612.0,,58,45,13
201104280POR,PO,POR,1640.0,,58,46,12
201104280POR,PO,POR,1640.0,,58,47,11
201104280POR,PO,POR,1680.0,,58,49,9
201104280POR,PO,POR,1703.0,,59,49,10
201104280POR,PO,POR,1762.0,,59,51,8
201104280POR,PO,POR,1782.0,,59,52,7
201104280POR,PO,POR,1833.0,,61,52,9
201104280POR,PO,POR,1868.0,,63,52,11
201104280POR,PO,POR,1916.0,,65,52,13
201104280POR,PO,POR,1944.0,,67,52,15
201104280POR,PO,POR,1962.0,,67,53,14
201104280POR,PO,POR,1989.0,,69,53,16
201104280POR,PO,POR,2015.0,,69,56,13
201104280POR,PO,POR,2040.0,,71,56,15
201104280POR,PO,POR,2075.0,,73,56,17
201104280POR,PO,POR,2100.0,,73,58,15
201104280POR,PO,POR,2115.6,,75,58,17
201104280POR,PO,POR,2132.2,,75,60,15
201104280POR,PO,POR,2159.6,,75,61,14
201104280POR,PO,POR,2159.6,,75,62,13
201104280POR,PO,POR,2177.0,,75,64,11
201104280POR,PO,POR,2198.0,,75,65,10
201104280POR,PO,POR,2198.0,,75,66,9
201104280POR,PO,POR,2220.0,,77,66,11
201104280POR,PO,POR,2244.0,,77,69,8
201104280POR,PO,POR,2290.0,,77,70,7
201104280POR,PO,POR,2290.0,,77,71,6
201104280POR,PO,POR,2310.0,,79,71,8
201104280POR,PO,POR,2320.0,,79,72,7
201104280POR,PO,POR,2320.0,,79,73,6
201104280POR,PO,POR,2344.0,,81,73,8
201104280POR,PO,POR,2363.0,,81,75,6
201104280POR,PO,POR,2379.0,,83,75,8
201104280POR,PO,POR,2395.0,,83,77,6
201104280POR,PO,POR,2414.0,,86,77,9
201104280POR,PO,POR,2432.0,,86,79,7
201104280POR,PO,POR,2489.0,,86,80,6
201104280POR,PO,POR,2489.0,,86,81,5
201104280POR,PO,POR,2526.0,,86,83,3
201104280POR,PO,POR,2556.0,,86,85,1
201104280POR,PO,POR,2574.0,,89,85,4
201104280POR,PO,POR,2636.0,,91,85,6
201104280POR,PO,POR,2693.0,,91,86,5
201104280POR,PO,POR,2693.0,,91,87,4
201104280POR,PO,POR,2747.0,,93,87,6
201104280POR,PO,POR,2759.0,,93,88,5
201104280POR,PO,POR,2759.0,,93,89,4
201104280POR,PO,POR,2778.0,,95,89,6
201104280POR,PO,POR,2849.7,,96,89,7
201104280POR,PO,POR,2849.7,,97,89,8
201104280POR,PO,POR,2854.1,,97,92,5
201104280POR,PO,POR,2855.1,,98,92,6
201104280POR,PO,POR,2855.1,,99,92,7
201104280POR,PO,POR,2862.1,,99,94,5
201104280POR,PO,POR,2863.4,,100,94,6
201104280POR,PO,POR,2863.4,,101,94,7
201104280POR,PO,POR,2869.1,,101,96,5
201104280POR,PO,POR,2870.2,,102,96,6
201104280POR,PO,POR,2870.2,F,103,96,7
201104280POR,PO,POR,2880.0,,103,96,7
201105020LAL,PO,LAL,0.0,,0,0,0
201105020LAL,PO,LAL,65.0,,0,2,-2
201105020LAL,PO,LAL,92.0,T,2,2,0
201105020LAL,PO,LAL,113.0,,2,5,-3
201105020LAL,PO,LAL,151.0,,2,7,-5
201105020LAL,PO,LAL,167.0,,4,7,-3
201105020LAL,PO,LAL,176.0,,4,9,-5
201105020LAL,PO,LAL,251.0,,6,9,-3
201105020LAL,PO,LAL,290.0,,8,9,-1
201105020LAL,PO,LAL,345.0,,8,12,-4
201105020LAL,PO,LAL,372.0,,10,12,-2
201105020LAL,PO,LAL,393.0,,10,14,-4
201105020LAL,PO,LAL,405.0,,12,14,-2
201105020LAL,PO,LAL,423.0,,12,16,-4
201105020LAL,PO,LAL,452.0,,12,18,-6
201105020LAL,PO,LAL,463.0,,15,18,-3
201105020LAL,PO,LAL,491.0,,15,19,-4
201105020LAL,PO,LAL,509.0,,18,19,-1
201105020LAL,PO,LAL,539.0,LC,21,19,2
201105020LAL,PO,LAL,622.0,,23,19,4
201105020LAL,PO,LAL,637.0,,23,20,3
201105020LAL,PO,LAL,637.0,,23,21,2
201105020LAL,PO,LAL,661.5,,25,21,4
201105020LAL,PO,LAL,674.3,,25,23,2
201105020LAL,PO,LAL,758.0,T,25,25,0
201105020LAL,PO,LAL,772.0,,27,25,2
201105020LAL,PO,LAL,810.0,,29,25,4
201105020LAL,PO,LAL,831.0,,29,27,2
201105020LAL,PO,LAL,854.0,,32,27,5
201105020LAL,PO,LAL,920.0,,32,29,3
201105020LAL,PO,LAL,962.0,,32,31,1
201105020LAL,PO,LAL,984.0,,34,31,3
201105020LAL,PO,LAL,1046.0,,35,31,4
201105020LAL,PO,LAL,1046.0,,36,31,5
201105020LAL,PO,LAL,1063.0,,36,33,3
201105020LAL,PO,LAL,1082.0,,37,33,4
201105020LAL,PO,LAL,1082.0,,38,33,5
201105020LAL,PO,LAL,1091.0,,38,35,3
201105020LAL,PO,LAL,1152.0,,38,37,1
201105020LAL,PO,LAL,1213.0,,40,37,3
201105020LAL,PO,LAL,1265.0,,40,39,1
201105020LAL,PO,LAL,1289.0,,42,39,3
201105020LAL,PO,LAL,1313.0,,42,41,1
201105020LAL,PO,LAL,1344.0,LC,42,43,-1
201105020LAL,PO,LAL,1344.0,,42,44,-2
201105020LAL,PO,LAL,1370.0,,42,45,-3
201105020LAL,PO,LAL,1370.0,,42,46,-4
201105020LAL,PO,LAL,1386.8,,42,47,-5
201105020LAL,PO,LAL,1422.3,,42,49,-7
201105020LAL,PO,LAL,1437.0,,44,49,-5
201105020LAL,PO,LAL,1439.3,,44,50,-6
201105020LAL,PO,LAL,1439.3,,44,51,-7
201105020LAL,PO,LAL,1439.3,,44,52,-8
201105020LAL,PO,LAL,1439.3,,44,53,-9
201105020LAL,PO,LAL,1462.0,,44,55,-11
201105020LAL,PO,LAL,1500.0,,44,57,-13
201105020LAL,PO,LAL,1521.0,,44,60,-16
201105020LAL,PO,LAL,1569.0,,46,60,-14
201105020LAL,PO,LAL,1569.0,,47,60,-13
201105020LAL,PO,LAL,1587.0,,47,62,-15
201105020LAL,PO,LAL,1596.0,,49,62,-13
201105020LAL,PO,LAL,1624.0,,51,62,-11
201105020LAL,PO,LAL,1650.0,,54,62,-8
201105020LAL,PO,LAL,1669.0,,54,64,-10
201105020LAL,PO,LAL,1708.0,,56,64,-8
201105020LAL,PO,LAL,1800.0,,58,64,-6
201105020LAL,PO,LAL,1838.0,,61,64,-3
201105020LAL,PO,LAL,1859.0,,61,66,-5
201105020LAL,PO,LAL,1885.0,,63,66,-3
201105020LAL,PO,LAL,1916.0,,64,66,-2
201105020LAL,PO,LAL,1929.0,,64,68,-4
201105020LAL,PO,LAL,1980.0,,64,71,-7
201105020LAL,PO,LAL,2005.0,,66,71,-5
201105020LAL,PO,LAL,2069.0,,68,71,-3
201105020LAL,PO,LAL,2089.0,,68,74,-6
201105020LAL,PO,LAL,2118.9,,68,75,-7
201105020LAL,PO,LAL,2118.9,,68,76,-8
201105020LAL,PO,LAL,2133.8,,71,76,-5
201105020LAL,PO,LAL,2159.3,,71,77,-6
201105020LAL,PO,LAL,2159.3,,71,78,-7
201105020LAL,PO,LAL,2209.0,,73,78,-5
201105020LAL,PO,LAL,2258.0,,76,78,-2
201105020LAL,PO,LAL,2292.0,,76,80,-4
201105020LAL,PO,LAL,2336.0,,79,80,-1
201105020LAL,PO,LAL,2354.0,,79,81,-2
201105020LAL,PO,LAL,2354.0,,79,82,-3
201105020LAL,PO,LAL,2367.0,,81,82,-1
201105020LAL,PO,LAL,2411.0,,81,84,-3
201105020LAL,PO,LAL,2433.0,,83,84,-1
201105020LAL,PO,LAL,2480.0,,83,86,-3
201105020LAL,PO,LAL,2495.0,,85,86,-1
201105020LAL,PO,LAL,2520.0,,85,88,-3
201105020LAL,PO,LAL,2568.0,,85,90,-5
201105020LAL,PO,LAL,2587.0,,87,90,-3
201105020LAL,PO,LAL,2667.0,,87,92,-5
201105020LAL,PO,LAL,2689.0,,89,92,-3
201105020LAL,PO,LAL,2800.0,,91,92,-1
201105020LAL,PO,LAL,2820.0,,91,94,-3
201105020LAL,PO,LAL,2840.0,,93,94,-1
201105020LAL,PO,LAL,2860.5,T,94,94,0
201105020LAL,PO,LAL,2860.5,LC,95,94,1
201105020LAL,PO,LAL,2876.9,F,96,94,2
201105020LAL,PO,LAL,2880.0,,96,94,2
201105040LAL,PO,LAL,0.0,,0,0,0
201105040LAL,PO,LAL,13.0,,0,2,-2
201105040LAL,PO,LAL,38.0,T,2,2,0
201105040LAL,PO,LAL,56.0,,2,3,-1
201105040LAL,PO,LAL,56.0,,2,4,-2
201105040LAL,PO,LAL,94.0,,2,6,-4
201105040LAL,PO,LAL,115.0,,4,6,-2
201105040LAL,PO,LAL,136.0,,4,8,-4
201105040LAL,PO,LAL,145.0,,6,8,-2
201105040LAL,PO,LAL,162.0,,6,10,-4
201105040LAL,PO,LAL,206.0,,9,10,-1
201105040LAL,PO,LAL,223.0,,9,12,-3
201105040LAL,PO,LAL,342.0,,9,13,-4
201105040LAL,PO,LAL,360.0,,12,13,-1
201105040LAL,PO,LAL,397.0,LC,15,13,2
201105040LAL,PO,LAL,414.0,,15,14,1
201105040LAL,PO,LAL,440.0,,17,14,3
201105040LAL,PO,LAL,455.0,,17,16,1
201105040LAL,PO,LAL,473.0,,19,16,3
201105040LAL,PO,LAL,514.0,,19,18,1
201105040LAL,PO,LAL,622.0,,21,18,3
201105040LAL,PO,LAL,636.0,,21,19,2
201105040LAL,PO,LAL,636.0,,21,20,1
201105040LAL,PO,LAL,652.0,,23,20,3
201105040LAL,PO,LAL,686.5,,26,20,6
201105040LAL,PO,LAL,802.0,,28,20,8
201105040LAL,PO,LAL,822.0,,28,22,6
201105040LAL,PO,LAL,847.0,,28,24,4
201105040LAL,PO,LAL,866.0,,30,24,6
201105040LAL,PO,LAL,884.0,,32,24,8
201105040LAL,PO,LAL,910.0,,32,26,6
201105040LAL,PO,LAL,950.0,,32,28,4
201105040LAL,PO,LAL,961.0,,33,28,5
201105040LAL,PO,LAL,968.0,,33,30,3
201105040LAL,PO,LAL,978.0,,35,30,5
201105040LAL,PO,LAL,1001.0,,37,30,7
201105040LAL,PO,LAL,1022.0,,37,32,5
201105040LAL,PO,LAL,1058.0,,37,34,3
201105040LAL,PO,LAL,1093.0,,37,36,1
201105040LAL,PO,LAL,1122.0,LC,37,38,-1
201105040LAL,PO,LAL,1164.0,,37,40,-3
201105040LAL,PO,LAL,1186.0,,39,40,-1
201105040LAL,PO,LAL,1205.0,,39,42,-3
201105040LAL,PO,LAL,1228.0,,40,42,-2
201105040LAL,PO,LAL,1240.0,,41,42,-1
201105040LAL,PO,LAL,1240.0,T,42,42,0
201105040LAL,PO,LAL,1259.0,,42,43,-1
201105040LAL,PO,LAL,1277.0,LC,44,43,1
201105040LAL,PO,LAL,1326.0,LC,44,45,-1
201105040LAL,PO,LAL,1343.0,T,45,45,0
201105040LAL,PO,LAL,1343.0,LC,46,45,1
201105040LAL,PO,LAL,1372.0,LC,46,47,-1
201105040LAL,PO,LAL,1392.4,LC,48,47,1
201105040LAL,PO,LAL,1392.4,,49,47,2
201105040LAL,PO,LAL,1414.8,T,49,49,0
201105040LAL,PO,LAL,1434.1,,51,49,2
201105040LAL,PO,LAL,1494.0,,51,50,1
201105040LAL,PO,LAL,1506.0,,53,50,3
201105040LAL,PO,LAL,1539.0,,56,50,6
201105040LAL,PO,LAL,1624.0,,56,52,4
201105040LAL,PO,LAL,1687.0,,56,54,2
201105040LAL,PO,LAL,1710.0,,57,54,3
201105040LAL,PO,LAL,1740.0,,57,56,1
201105040LAL,PO,LAL,1827.0,,60,56,4
201105040LAL,PO,LAL,1841.0,,60,58,2
201105040LAL,PO,LAL,1862.0,,62,58,4
201105040LAL,PO,LAL,1915.0,,62,60,2
201105040LAL,PO,LAL,1938.0,,64,60,4
201105040LAL,PO,LAL,2096.0,,66,60,6
201105040LAL,PO,LAL,2123.9,,68,60,8
201105040LAL,PO,LAL,2142.1,,68,62,6
201105040LAL,PO,LAL,2219.0,,70,62,8
201105040LAL,PO,LAL,2238.0,,70,64,6
201105040LAL,PO,LAL,2257.0,,73,64,9
201105040LAL,PO,LAL,2279.0,,73,65,8
201105040LAL,PO,LAL,2294.0,,74,65,9
201105040LAL,PO,LAL,2294.0,,75,65,10
201105040LAL,PO,LAL,2310.0,,75,67,8
201105040LAL,PO,LAL,2452.0,,75,69,6
201105040LAL,PO,LAL,2473.0,,77,69,8
201105040LAL,PO,LAL,2514.0,,79,69,10
201105040LAL,PO,LAL,2562.0,,82,69,13
201105040LAL,PO,LAL,2601.0,,84,69,15
201105040LAL,PO,LAL,2663.0,,84,71,13
201105040LAL,PO,LAL,2689.0,,84,72,12
201105040LAL,PO,LAL,2689.0,,84,73,11
201105040LAL,PO,LAL,2709.0,,86,73,13
201105040LAL,PO,LAL,2709.0,,87,73,14
201105040LAL,PO,LAL,2717.0,,87,76,11
201105040LAL,PO,LAL,2767.0,,88,76,12
201105040LAL,PO,LAL,2767.0,,89,76,13
201105040LAL,PO,LAL,2846.2,,90,76,14
201105040LAL,PO,LAL,2853.1,,90,79,11
201105040LAL,PO,LAL,2855.6,,91,79,12
201105040LAL,PO,LAL,2855.6,,92,79,13
201105040LAL,PO,LAL,2855.6,,93,79,14
201105040LAL,PO,LAL,2873.1,F,93,81,12
201105040LAL,PO,LAL,2880.0,,93,81,12
201105060DAL,PO,LAL,0.0,,0,0,0
201105060DAL,PO,LAL,49.0,,0,1,-1
201105060DAL,PO,LAL,49.0,,0,2,-2
201105060DAL,PO,LAL,78.0,,0,4,-4
201105060DAL,PO,LAL,88.0,,2,4,-2
201105060DAL,PO,LAL,114.0,,2,6,-4
201105060DAL,PO,LAL,155.0,,4,6,-2
201105060DAL,PO,LAL,178.0,,4,8,-4
201105060DAL,PO,LAL,252.0,,7,8,-1
201105060DAL,PO,LAL,276.0,,7,10,-3
201105060DAL,PO,LAL,295.0,,7,12,-5
201105060DAL,PO,LAL,320.0,,10,12,-2
201105060DAL,PO,LAL,364.0,,10,14,-4
201105060DAL,PO,LAL,387.0,,12,14,-2
201105060DAL,PO,LAL,387.0,,13,14,-1
201105060DAL,PO,LAL,423.0,LC,16,14,2
201105060DAL,PO,LAL,442.0,T,16,16,0
201105060DAL,PO,LAL,452.0,,19,16,3
201105060DAL,PO,LAL,476.0,,19,18,1
201105060DAL,PO,LAL,487.0,,20,18,2
201105060DAL,PO,LAL,503.0,T,20,20,0
201105060DAL,PO,LAL,511.0,LC,20,21,-1
201105060DAL,PO,LAL,511.0,,20,22,-2
201105060DAL,PO,LAL,544.0,,20,24,-4
201105060DAL,PO,LAL,558.0,,21,24,-3
201105060DAL,PO,LAL,558.0,,22,24,-2
201105060DAL,PO,LAL,618.0,T,24,24,0
201105060DAL,PO,LAL,618.0,LC,25,24,1
201105060DAL,PO,LAL,644.0,,27,24,3
201105060DAL,PO,LAL,666.1,,29,24,5
201105060DAL,PO,LAL,680.1,,29,26,3
201105060DAL,PO,LAL,680.1,,29,27,2
201105060DAL,PO,LAL,737.0,,31,27,4
201105060DAL,PO,LAL,767.0,,33,27,6
201105060DAL,PO,LAL,793.0,,33,29,4
201105060DAL,PO,LAL,808.0,,35,29,6
201105060DAL,PO,LAL,833.0,,35,32,3
201105060DAL,PO,LAL,848.0,,36,32,4
201105060DAL,PO,LAL,859.0,,38,32,6
201105060DAL,PO,LAL,919.0,,38,33,5
201105060DAL,PO,LAL,929.0,,38,35,3
201105060DAL,PO,LAL,945.0,,39,35,4
201105060DAL,PO,LAL,963.0,,39,38,1
201105060DAL,PO,LAL,1074.0,,41,38,3
201105060DAL,PO,LAL,1114.0,,44,38,6
201105060DAL,PO,LAL,1197.0,,44,40,4
201105060DAL,PO,LAL,1209.0,,45,40,5
201105060DAL,PO,LAL,1223.0,,45,42,3
201105060DAL,PO,LAL,1272.0,,45,44,1
201105060DAL,PO,LAL,1308.0,LC,45,46,-1
201105060DAL,PO,LAL,1353.0,,45,48,-3
201105060DAL,PO,LAL,1379.0,,47,48,-1
201105060DAL,PO,LAL,1398.1,,47,50,-3
201105060DAL,PO,LAL,1439.1,,47,51,-4
201105060DAL,PO,LAL,1458.0,,49,51,-2
201105060DAL,PO,LAL,1479.0,,49,53,-4
201105060DAL,PO,LAL,1549.0,,51,53,-2
201105060DAL,PO,LAL,1630.0,,51,55,-4
201105060DAL,PO,LAL,1663.0,,51,58,-7
201105060DAL,PO,LAL,1706.0,,54,58,-4
201105060DAL,PO,LAL,1749.0,,57,58,-1
201105060DAL,PO,LAL,1777.0,,57,60,-3
201105060DAL,PO,LAL,1794.0,,58,60,-2
201105060DAL,PO,LAL,1794.0,,59,60,-1
201105060DAL,PO,LAL,1840.0,,59,62,-3
201105060DAL,PO,LAL,1876.0,,61,62,-1
201105060DAL,PO,LAL,1967.0,T,62,62,0
201105060DAL,PO,LAL,2023.0,,62,64,-2
201105060DAL,PO,LAL,2032.0,,63,64,-1
201105060DAL,PO,LAL,2032.0,T,64,64,0
201105060DAL,PO,LAL,2047.0,,64,66,-2
201105060DAL,PO,LAL,2077.0,,64,68,-4
201105060DAL,PO,LAL,2118.2,,64,70,-6
201105060DAL,PO,LAL,2133.0,,65,70,-5
201105060DAL,PO,LAL,2133.0,,66,70,-4
201105060DAL,PO,LAL,2158.1,,66,72,-6
201105060DAL,PO,LAL,2221.0,,69,72,-3
201105060DAL,PO,LAL,2243.0,,69,73,-4
201105060DAL,PO,LAL,2243.0,,69,74,-5
201105060DAL,PO,LAL,2258.0,,71,74,-3
201105060DAL,PO,LAL,2275.0,,71,76,-5
201105060DAL,PO,LAL,2275.0,,71,77,-6
201105060DAL,PO,LAL,2311.0,,71,79,-8
201105060DAL,PO,LAL,2436.0,,73,79,-6
201105060DAL,PO,LAL,2454.0,,73,81,-8
201105060DAL,PO,LAL,2469.0,,75,81,-6
201105060DAL,PO,LAL,2508.0,,78,81,-3
201105060DAL,PO,LAL,2534.0,,78,83,-5
201105060DAL,PO,LAL,2572.0,,78,85,-7
201105060DAL,PO,LAL,2586.0,,81,85,-4
201105060DAL,PO,LAL,2607.0,,81,87,-6
201105060DAL,PO,LAL,2651.0,,84,87,-3
201105060DAL,PO,LAL,2677.0,,85,87,-2
201105060DAL,PO,LAL,2677.0,,86,87,-1
201105060DAL,PO,LAL,2720.0,T,87,87,0
201105060DAL,PO,LAL,2720.0,LC,88,87,1
201105060DAL,PO,LAL,2733.0,LC,88,89,-1
201105060DAL,PO,LAL,2759.0,LC,91,89,2
201105060DAL,PO,LAL,2781.0,T,91,91,0
201105060DAL,PO,LAL,2797.0,,93,91,2
201105060DAL,PO,LAL,2861.3,,94,91,3
201105060DAL,PO,LAL,2861.3,,95,91,4
201105060DAL,PO,LAL,2863.4,,96,91,5
201105060DAL,PO,LAL,2863.4,,97,91,6
201105060DAL,PO,LAL,2871.0,,97,92,5
201105060DAL,PO,LAL,2871.5,F,98,92,6
201105060DAL,PO,LAL,2880.0,,98,92,6
201105080DAL,PO,LAL,0.0,,0,0,0
201105080DAL,PO,LAL,15.0,,0,1,-1
201105080DAL,PO,LAL,34.0,LC,3,1,2
201105080DAL,PO,LAL,56.0,T,3,3,0
201105080DAL,PO,LAL,146.0,,5,3,2
201105080DAL,PO,LAL,146.0,,6,3,3
201105080DAL,PO,LAL,166.0,,6,4,2
201105080DAL,PO,LAL,166.0,,6,5,1
201105080DAL,PO,LAL,214.0,LC,6,7,-1
201105080DAL,PO,LAL,255.0,,6,9,-3
201105080DAL,PO,LAL,308.0,,8,9,-1
201105080DAL,PO,LAL,322.0,,8,11,-3
201105080DAL,PO,LAL,341.0,,10,11,-1
201105080DAL,PO,LAL,361.0,LC,12,11,1
201105080DAL,PO,LAL,391.0,,14,11,3
201105080DAL,PO,LAL,428.0,,16,11,5
201105080DAL,PO,LAL,453.0,,16,13,3
201105080DAL,PO,LAL,465.0,,19,13,6
201105080DAL,PO,LAL,488.0,,19,15,4
201105080DAL,PO,LAL,544.0,,19,17,2
201105080DAL,PO,LAL,575.0,,19,18,1
201105080DAL,PO,LAL,575.0,T,19,19,0
201105080DAL,PO,LAL,589.0,,22,19,3
201105080DAL,PO,LAL,619.0,,25,19,6
201105080DAL,PO,LAL,660.0,,25,21,4
201105080DAL,PO,LAL,686.2,,25,22,3
201105080DAL,PO,LAL,686.2,,25,23,2
201105080DAL,PO,LAL,703.1,,27,23,4
201105080DAL,PO,LAL,749.0,,30,23,7
201105080DAL,PO,LAL,765.0,,32,23,9
201105080DAL,PO,LAL,786.0,,32,24,8
201105080DAL,PO,LAL,786.0,,32,25,7
201105080DAL,PO,LAL,819.0,,32,27,5
201105080DAL,PO,LAL,833.0,,34,27,7
201105080DAL,PO,LAL,867.0,,37,27,10
201105080DAL,PO,LAL,892.0,,37,30,7
201105080DAL,PO,LAL,910.0,,39,30,9
201105080DAL,PO,LAL,939.0,,42,30,12
201105080DAL,PO,LAL,973.0,,44,30,14
201105080DAL,PO,LAL,988.0,,44,32,12
201105080DAL,PO,LAL,1012.0,,47,32,15
201105080DAL,PO,LAL,1038.0,,50,32,18
201105080DAL,PO,LAL,1062.0,,50,34,16
201105080DAL,PO,LAL,1082.0,,52,34,18
201105080DAL,PO,LAL,1122.0,,52,36,16
201105080DAL,PO,LAL,1173.0,,53,36,17
201105080DAL,PO,LAL,1220.0,,53,38,15
201105080DAL,PO,LAL,1253.0,,56,38,18
201105080DAL,PO,LAL,1355.0,,58,38,20
201105080DAL,PO,LAL,1380.0,,60,38,22
201105080DAL,PO,LAL,1408.2,,63,38,25
201105080DAL,PO,LAL,1436.7,,63,39,24
201105080DAL,PO,LAL,1498.0,,63,42,21
201105080DAL,PO,LAL,1556.0,,65,42,23
201105080DAL,PO,LAL,1589.0,,65,43,22
201105080DAL,PO,LAL,1696.0,,65,45,20
201105080DAL,PO,LAL,1696.0,,65,46,19
201105080DAL,PO,LAL,1748.0,,68,46,22
201105080DAL,PO,LAL,1781.0,,71,46,25
201105080DAL,PO,LAL,1802.0,,71,48,23
201105080DAL,PO,LAL,1817.0,,73,48,25
201105080DAL,PO,LAL,1835.0,,73,50,23
201105080DAL,PO,LAL,1851.0,,74,50,24
201105080DAL,PO,LAL,1898.0,,74,52,22
201105080DAL,PO,LAL,1910.0,,76,52,24
201105080DAL,PO,LAL,1929.0,,76,54,22
201105080DAL,PO,LAL,1949.0,,78,54,24
201105080DAL,PO,LAL,1982.0,,81,54,27
201105080DAL,PO,LAL,2001.0,,81,57,24
201105080DAL,PO,LAL,2026.0,,83,57,26
201105080DAL,PO,LAL,2047.0,,86,57,29
201105080DAL,PO,LAL,2062.0,,86,58,28
201105080DAL,PO,LAL,2099.0,,86,60,26
201105080DAL,PO,LAL,2131.1,,86,62,24
201105080DAL,PO,LAL,2209.0,,87,62,25
201105080DAL,PO,LAL,2209.0,,88,62,26
201105080DAL,PO,LAL,2261.0,,88,64,24
201105080DAL,PO,LAL,2281.0,,91,64,27
201105080DAL,PO,LAL,2303.0,,91,66,25
201105080DAL,PO,LAL,2303.0,,91,67,24
201105080DAL,PO,LAL,2310.0,,94,67,27
201105080DAL,PO,LAL,2327.0,,94,68,26
201105080DAL,PO,LAL,2334.0,,95,68,27
201105080DAL,PO,LAL,2334.0,,96,68,28
201105080DAL,PO,LAL,2350.0,,98,68,30
201105080DAL,PO,LAL,2379.0,,100,68,32
201105080DAL,PO,LAL,2379.0,,101,68,33
201105080DAL,PO,LAL,2406.0,,101,69,32
201105080DAL,PO,LAL,2406.0,,101,70,31
201105080DAL,PO,LAL,2428.0,,103,70,33
201105080DAL,PO,LAL,2454.0,,105,70,35
201105080DAL,PO,LAL,2473.0,,105,73,32
201105080DAL,PO,LAL,2483.0,,106,73,33
201105080DAL,PO,LAL,2483.0,,107,73,34
201105080DAL,PO,LAL,2503.0,,107,75,32
201105080DAL,PO,LAL,2519.0,,108,75,33
201105080DAL,PO,LAL,2519.0,,109,75,34
201105080DAL,PO,LAL,2529.0,,109,78,31
201105080DAL,PO,LAL,2581.0,,112,78,34
201105080DAL,PO,LAL,2595.0,,112,79,33
201105080DAL,PO,LAL,2595.0,,112,80,32
201105080DAL,PO,LAL,2613.0,,114,80,34
201105080DAL,PO,LAL,2647.0,,114,82,32
201105080DAL,PO,LAL,2669.0,,114,84,30
201105080DAL,PO,LAL,2696.0,,117,84,33
201105080DAL,PO,LAL,2720.0,,118,84,34
201105080DAL,PO,LAL,2747.0,,118,86,32
201105080DAL,PO,LAL,2777.0,,119,86,33
201105080DAL,PO,LAL,2835.1,F,122,86,36
201105080DAL,PO,LAL,2880.0,,122,86,36
201105170DAL,PO,OKC,0.0,,0,0,0
201105170DAL,PO,OKC,50.0,,2,0,2
201105170DAL,PO,OKC,67.0,T,2,2,0
201105170DAL,PO,OKC,81.0,,3,2,1
201105170DAL,PO,OKC,81.0,,4,2,2
201105170DAL,PO,OKC,112.0,,6,2,4
201105170DAL,PO,OKC,154.0,,8,2,6
201105170DAL,PO,OKC,166.0,,8,3,5
201105170DAL,PO,OKC,200.0,,10,3,7
201105170DAL,PO,OKC,224.0,,10,6,4
201105170DAL,PO,OKC,239.0,,12,6,6
201105170DAL,PO,OKC,278.0,,12,7,5
201105170DAL,PO,OKC,278.0,,12,8,4
201105170DAL,PO,OKC,305.0,,12,11,1
201105170DAL,PO,OKC,335.0,LC,12,13,-1
201105170DAL,PO,OKC,350.0,LC,14,13,1
201105170DAL,PO,OKC,370.0,LC,14,15,-1
201105170DAL,PO,OKC,393.0,LC,16,15,1
201105170DAL,PO,OKC,414.0,LC,16,17,-1
201105170DAL,PO,OKC,468.0,,16,19,-3
201105170DAL,PO,OKC,549.0,,16,21,-5
201105170DAL,PO,OKC,566.0,,18,21,-3
201105170DAL,PO,OKC,608.0,,18,23,-5
201105170DAL,PO,OKC,671.6,,19,23,-4
201105170DAL,PO,OKC,671.6,,20,23,-3
201105170DAL,PO,OKC,700.1,,20,25,-5
201105170DAL,PO,OKC,719.7,,20,27,-7
201105170DAL,PO,OKC,748.0,,22,27,-5
201105170DAL,PO,OKC,764.0,,22,29,-7
201105170DAL,PO,OKC,781.0,,23,29,-6
201105170DAL,PO,OKC,797.0,,23,32,-9
201105170DAL,PO,OKC,817.0,,25,32,-7
201105170DAL,PO,OKC,865.0,,28,32,-4
201105170DAL,PO,OKC,901.0,,30,32,-2
201105170DAL,PO,OKC,967.0,,31,32,-1
201105170DAL,PO,OKC,967.0,T,32,32,0
201105170DAL,PO,OKC,988.0,,32,35,-3
201105170DAL,PO,OKC,1006.0,,34,35,-1
201105170DAL,PO,OKC,1021.0,,34,36,-2
201105170DAL,PO,OKC,1021.0,,34,37,-3
201105170DAL,PO,OKC,1035.0,T,37,37,0
201105170DAL,PO,OKC,1053.0,,37,39,-2
201105170DAL,PO,OKC,1053.0,,37,40,-3
201105170DAL,PO,OKC,1098.0,,39,40,-1
201105170DAL,PO,OKC,1129.0,,39,42,-3
201105170DAL,PO,OKC,1171.0,,39,44,-5
201105170DAL,PO,OKC,1174.0,,39,45,-6
201105170DAL,PO,OKC,1200.0,,41,45,-4
201105170DAL,PO,OKC,1241.0,,44,45,-1
201105170DAL,PO,OKC,1272.0,LC,46,45,1
201105170DAL,PO,OKC,1300.0,,48,45,3
201105170DAL,PO,OKC,1300.0,,49,45,4
201105170DAL,PO,OKC,1339.0,,51,45,6
201105170DAL,PO,OKC,1373.0,,52,45,7
201105170DAL,PO,OKC,1398.0,,52,46,6
201105170DAL,PO,OKC,1413.1,,55,46,9
201105170DAL,PO,OKC,1435.4,,55,47,8
201105170DAL,PO,OKC,1435.4,,55,48,7
201105170DAL,PO,OKC,1467.0,,56,48,8
201105170DAL,PO,OKC,1467.0,,57,48,9
201105170DAL,PO,OKC,1482.0,,57,49,8
201105170DAL,PO,OKC,1541.0,,60,49,11
201105170DAL,PO,OKC,1559.0,,60,51,9
201105170DAL,PO,OKC,1598.0,,60,53,7
201105170DAL,PO,OKC,1617.0,,61,53,8
201105170DAL,PO,OKC,1638.0,,61,54,7
201105170DAL,PO,OKC,1638.0,,61,55,6
201105170DAL,PO,OKC,1663.0,,61,56,5
201105170DAL,PO,OKC,1663.0,,61,57,4
201105170DAL,PO,OKC,1678.0,,63,57,6
201105170DAL,PO,OKC,1678.0,,64,57,7
201105170DAL,PO,OKC,1695.0,,64,58,6
201105170DAL,PO,OKC,1695.0,,64,59,5
201105170DAL,PO,OKC,1776.0,,65,59,6
201105170DAL,PO,OKC,1776.0,,66,59,7
201105170DAL,PO,OKC,1796.0,,66,61,5
201105170DAL,PO,OKC,1796.0,,66,62,4
201105170DAL,PO,OKC,1811.0,,67,62,5
201105170DAL,PO,OKC,1811.0,,68,62,6
201105170DAL,PO,OKC,1836.0,,69,62,7
201105170DAL,PO,OKC,1846.0,,71,62,9
201105170DAL,PO,OKC,1869.0,,73,62,11
201105170DAL,PO,OKC,1884.0,,73,63,10
201105170DAL,PO,OKC,1884.0,,73,64,9
201105170DAL,PO,OKC,1907.0,,75,64,11
201105170DAL,PO,OKC,1908.0,,76,64,12
201105170DAL,PO,OKC,1919.0,,76,65,11
201105170DAL,PO,OKC,1943.0,,79,65,14
201105170DAL,PO,OKC,1965.0,,79,68,11
201105170DAL,PO,OKC,1984.0,,80,68,12
201105170DAL,PO,OKC,1984.0,,81,68,13
201105170DAL,PO,OKC,2011.0,,82,68,14
201105170DAL,PO,OKC,2011.0,,83,68,15
201105170DAL,PO,OKC,2026.0,,83,70,13
201105170DAL,PO,OKC,2026.0,,83,71,12
201105170DAL,PO,OKC,2049.0,,83,72,11
201105170DAL,PO,OKC,2049.0,,83,73,10
201105170DAL,PO,OKC,2064.0,,85,73,12
201105170DAL,PO,OKC,2084.0,,85,75,10
201105170DAL,PO,OKC,2120.1,,88,75,13
201105170DAL,PO,OKC,2141.2,,88,78,10
201105170DAL,PO,OKC,2158.1,,88,79,9
201105170DAL,PO,OKC,2158.1,,89,79,10
201105170DAL,PO,OKC,2158.1,,90,79,11
201105170DAL,PO,OKC,2205.0,,90,81,9
201105170DAL,PO,OKC,2222.0,,91,81,10
201105170DAL,PO,OKC,2222.0,,92,81,11
201105170DAL,PO,OKC,2231.0,,92,83,9
201105170DAL,PO,OKC,2247.0,,94,83,11
201105170DAL,PO,OKC,2247.0,,95,83,12
201105170DAL,PO,OKC,2286.0,,97,83,14
201105170DAL,PO,OKC,2336.0,,99,83,16
201105170DAL,PO,OKC,2353.0,,99,84,15
201105170DAL,PO,OKC,2353.0,,99,85,14
201105170DAL,PO,OKC,2376.0,,99,87,12
201105170DAL,PO,OKC,2425.0,,102,87,15
201105170DAL,PO,OKC,2444.0,,102,89,13
201105170DAL,PO,OKC,2461.0,,104,89,15
201105170DAL,PO,OKC,2480.0,,104,91,13
201105170DAL,PO,OKC,2501.0,,104,92,12
201105170DAL,PO,OKC,2501.0,,104,93,11
201105170DAL,PO,OKC,2545.0,,104,94,10
201105170DAL,PO,OKC,2545.0,,104,95,9
201105170DAL,PO,OKC,2593.0,,104,97,7
201105170DAL,PO,OKC,2622.0,,104,98,6
201105170DAL,PO,OKC,2622.0,,104,99,5
201105170DAL,PO,OKC,2638.0,,106,99,7
201105170DAL,PO,OKC,2658.0,,106,101,5
201105170DAL,PO,OKC,2684.0,,108,101,7
201105170DAL,PO,OKC,2707.0,,108,102,6
201105170DAL,PO,OKC,2729.0,,109,102,7
201105170DAL,PO,OKC,2729.0,,110,102,8
201105170DAL,PO,OKC,2749.0,,111,102,9
201105170DAL,PO,OKC,2749.0,,112,102,10
201105170DAL,PO,OKC,2758.0,,112,104,8
201105170DAL,PO,OKC,2778.0,,114,104,10
201105170DAL,PO,OKC,2783.0,,114,107,7
201105170DAL,PO,OKC,2802.0,,116,107,9
201105170DAL,PO,OKC,2808.0,,116,108,8
201105170DAL,PO,OKC,2831.5,,116,109,7
201105170DAL,PO,OKC,2831.5,,116,110,6
201105170DAL,PO,OKC,2851.1,,119,110,9
201105170DAL,PO,OKC,2860.1,,119,112,7
201105170DAL,PO,OKC,2861.0,,120,112,8
201105170DAL,PO,OKC,2861.0,F,121,112,9
201105170DAL,PO,OKC,2880.0,,121,112,9
201105190DAL,PO,OKC,0.0,,0,0,0
201105190DAL,PO,OKC,23.0,,2,0,2
201105190DAL,PO,OKC,41.0,T,2,2,0
201105190DAL,PO,OKC,84.0,LC,2,4,-2
201105190DAL,PO,OKC,104.0,LC,5,4,1
201105190DAL,PO,OKC,124.0,LC,5,6,-1
201105190DAL,PO,OKC,142.0,,5,8,-3
201105190DAL,PO,OKC,159.0,T,8,8,0
201105190DAL,PO,OKC,181.0,LC,9,8,1
201105190DAL,PO,OKC,196.0,T,9,9,0
201105190DAL,PO,OKC,214.0,,11,9,2
201105190DAL,PO,OKC,246.0,T,11,11,0
201105190DAL,PO,OKC,273.0,,12,11,1
201105190DAL,PO,OKC,273.0,,13,11,2
201105190DAL,PO,OKC,302.0,,15,11,4
201105190DAL,PO,OKC,344.0,,17,11,6
201105190DAL,PO,OKC,372.0,,19,11,8
201105190DAL,PO,OKC,408.0,,21,11,10
201105190DAL,PO,OKC,423.0,,21,13,8
201105190DAL,PO,OKC,471.0,,22,13,9
201105190DAL,PO,OKC,471.0,,23,13,10
201105190DAL,PO,OKC,483.0,,23,15,8
201105190DAL,PO,OKC,507.0,,23,16,7
201105190DAL,PO,OKC,507.0,,23,17,6
201105190DAL,PO,OKC,560.0,,26,17,9
201105190DAL,PO,OKC,597.0,,28,17,11
201105190DAL,PO,OKC,621.0,,28,19,9
201105190DAL,PO,OKC,645.0,,28,21,7
201105190DAL,PO,OKC,645.0,,29,21,8
201105190DAL,PO,OKC,645.0,,29,22,7
201105190DAL,PO,OKC,670.1,,29,24,5
201105190DAL,PO,OKC,687.1,,31,24,7
201105190DAL,PO,OKC,710.9,,31,25,6
201105190DAL,PO,OKC,710.9,,31,26,5
201105190DAL,PO,OKC,740.0,,31,27,4
201105190DAL,PO,OKC,740.0,,31,28,3
201105190DAL,PO,OKC,754.0,,33,28,5
201105190DAL,PO,OKC,772.0,,33,30,3
201105190DAL,PO,OKC,794.0,,35,30,5
201105190DAL,PO,OKC,809.0,,35,32,3
201105190DAL,PO,OKC,809.0,,35,33,2
201105190DAL,PO,OKC,832.0,,35,34,1
201105190DAL,PO,OKC,832.0,T,35,35,0
201105190DAL,PO,OKC,849.0,LC,35,37,-2
201105190DAL,PO,OKC,894.0,,35,40,-5
201105190DAL,PO,OKC,922.0,,37,40,-3
201105190DAL,PO,OKC,948.0,,39,40,-1
201105190DAL,PO,OKC,963.0,,39,41,-2
201105190DAL,PO,OKC,963.0,,39,42,-3
201105190DAL,PO,OKC,981.0,T,42,42,0
201105190DAL,PO,OKC,1036.0,LC,43,42,1
201105190DAL,PO,OKC,1036.0,,44,42,2
201105190DAL,PO,OKC,1051.0,,44,43,1
201105190DAL,PO,OKC,1070.0,,46,43,3
201105190DAL,PO,OKC,1095.0,,48,43,5
201105190DAL,PO,OKC,1125.0,,48,45,3
201105190DAL,PO,OKC,1200.0,,48,47,1
201105190DAL,PO,OKC,1222.0,,49,47,2
201105190DAL,PO,OKC,1222.0,,50,47,3
201105190DAL,PO,OKC,1233.0,,50,48,2
201105190DAL,PO,OKC,1233.0,,50,49,1
201105190DAL,PO,OKC,1252.0,,52,49,3
201105190DAL,PO,OKC,1277.0,T,52,52,0
201105190DAL,PO,OKC,1284.0,,54,52,2
201105190DAL,PO,OKC,1311.0,T,54,54,0
201105190DAL,PO,OKC,1328.0,,55,54,1
201105190DAL,PO,OKC,1328.0,,56,54,2
201105190DAL,PO,OKC,1347.0,,57,54,3
201105190DAL,PO,OKC,1368.0,,57,56,1
201105190DAL,PO,OKC,1401.1,LC,57,59,-2
201105190DAL,PO,OKC,1495.0,,57,61,-4
201105190DAL,PO,OKC,1566.0,,57,63,-6
201105190DAL,PO,OKC,1628.0,,57,65,-8
201105190DAL,PO,OKC,1655.0,,60,65,-5
201105190DAL,PO,OKC,1740.0,,62,65,-3
201105190DAL,PO,OKC,1842.0,T,65,65,0
201105190DAL,PO,OKC,1871.0,,65,67,-2
201105190DAL,PO,OKC,1903.0,,65,69,-4
201105190DAL,PO,OKC,1940.0,,65,71,-6
201105190DAL,PO,OKC,1962.0,,66,71,-5
201105190DAL,PO,OKC,1962.0,,67,71,-4
201105190DAL,PO,OKC,1984.0,,69,71,-2
201105190DAL,PO,OKC,2047.0,,69,73,-4
201105190DAL,PO,OKC,2069.0,,72,73,-1
201105190DAL,PO,OKC,2111.1,LC,74,73,1
201105190DAL,PO,OKC,2132.0,,75,73,2
201105190DAL,PO,OKC,2132.0,,76,73,3
201105190DAL,PO,OKC,2152.5,T,76,76,0
201105190DAL,PO,OKC,2152.5,LC,76,77,-1
201105190DAL,PO,OKC,2184.0,,76,80,-4
201105190DAL,PO,OKC,2221.0,,78,80,-2
201105190DAL,PO,OKC,2244.0,,78,82,-4
201105190DAL,PO,OKC,2261.0,,81,82,-1
201105190DAL,PO,OKC,2283.0,,81,84,-3
201105190DAL,PO,OKC,2310.0,,83,84,-1
201105190DAL,PO,OKC,2330.0,,83,86,-3
201105190DAL,PO,OKC,2345.0,,85,86,-1
201105190DAL,PO,OKC,2380.0,,85,88,-3
201105190DAL,PO,OKC,2398.0,,87,88,-1
201105190DAL,PO,OKC,2422.0,,87,91,-4
201105190DAL,PO,OKC,2461.0,,90,91,-1
201105190DAL,PO,OKC,2481.0,,90,93,-3
201105190DAL,PO,OKC,2529.0,,90,95,-5
201105190DAL,PO,OKC,2546.0,,92,95,-3
201105190DAL,PO,OKC,2564.0,,92,98,-6
201105190DAL,PO,OKC,2644.0,,92,100,-8
201105190DAL,PO,OKC,2685.0,,92,102,-10
201105190DAL,PO,OKC,2708.0,,94,102,-8
201105190DAL,PO,OKC,2749.0,,96,102,-6
201105190DAL,PO,OKC,2817.0,,97,102,-5
201105190DAL,PO,OKC,2817.0,,98,102,-4
201105190DAL,PO,OKC,2832.2,,98,103,-5
201105190DAL,PO,OKC,2832.2,,98,104,-6
201105190DAL,PO,OKC,2843.3,,99,104,-5
201105190DAL,PO,OKC,2843.3,,100,104,-4
201105190DAL,PO,OKC,2871.6,,100,105,-5
201105190DAL,PO,OKC,2871.6,F,100,106,-6
201105190DAL,PO,OKC,2880.0,,100,106,-6
201105210OKC,PO,OKC,0.0,,0,0,0
201105210OKC,PO,OKC,102.0,,3,0,3
201105210OKC,PO,OKC,180.0,,3,2,1
201105210OKC,PO,OKC,195.0,,5,2,3
201105210OKC,PO,OKC,221.0,,7,2,5
201105210OKC,PO,OKC,241.0,,9,2,7
201105210OKC,PO,OKC,258.0,,9,3,6
201105210OKC,PO,OKC,258.0,,9,4,5
201105210OKC,PO,OKC,303.0,,11,4,7
201105210OKC,PO,OKC,358.0,,13,4,9
201105210OKC,PO,OKC,379.0,,13,5,8
201105210OKC,PO,OKC,379.0,,13,6,7
201105210OKC,PO,OKC,420.0,,15,6,9
201105210OKC,PO,OKC,446.0,,15,8,7
201105210OKC,PO,OKC,461.0,,18,8,10
201105210OKC,PO,OKC,538.0,,21,8,13
201105210OKC,PO,OKC,598.0,,21,10,11
201105210OKC,PO,OKC,624.0,,23,10,13
201105210OKC,PO,OKC,659.0,,25,10,15
201105210OKC,PO,OKC,693.3,,27,10,17
201105210OKC,PO,OKC,717.7,,27,12,15
201105210OKC,PO,OKC,732.0,,28,12,16
201105210OKC,PO,OKC,732.0,,29,12,17
201105210OKC,PO,OKC,762.0,,31,12,19
201105210OKC,PO,OKC,802.0,,32,12,20
201105210OKC,PO,OKC,802.0,,33,12,21
201105210OKC,PO,OKC,832.0,,35,12,23
201105210OKC,PO,OKC,843.0,,35,13,22
201105210OKC,PO,OKC,881.0,,35,15,20
201105210OKC,PO,OKC,901.0,,35,17,18
201105210OKC,PO,OKC,954.0,,37,17,20
201105210OKC,PO,OKC,980.0,,37,19,18
201105210OKC,PO,OKC,998.0,,40,19,21
201105210OKC,PO,OKC,1044.0,,40,20,20
201105210OKC,PO,OKC,1044.0,,40,21,19
201105210OKC,PO,OKC,1091.0,,40,23,17
201105210OKC,PO,OKC,1149.0,,42,23,19
201105210OKC,PO,OKC,1182.0,,42,25,17
201105210OKC,PO,OKC,1203.0,,44,25,19
201105210OKC,PO,OKC,1226.0,,46,25,21
201105210OKC,PO,OKC,1250.0,,46,26,20
201105210OKC,PO,OKC,1250.0,,46,27,19
201105210OKC,PO,OKC,1269.0,,48,27,21
201105210OKC,PO,OKC,1293.0,,48,29,19
201105210OKC,PO,OKC,1313.0,,51,29,22
201105210OKC,PO,OKC,1331.0,,51,30,21
201105210OKC,PO,OKC,1331.0,,51,31,20
201105210OKC,PO,OKC,1351.0,,52,31,21
201105210OKC,PO,OKC,1360.0,,52,32,20
201105210OKC,PO,OKC,1360.0,,52,33,19
201105210OKC,PO,OKC,1426.5,,52,34,18
201105210OKC,PO,OKC,1426.5,,52,35,17
201105210OKC,PO,OKC,1426.5,,52,36,16
201105210OKC,PO,OKC,1461.0,,54,36,18
201105210OKC,PO,OKC,1533.0,,56,36,20
201105210OKC,PO,OKC,1637.0,,58,36,22
201105210OKC,PO,OKC,1653.0,,58,38,20
201105210OKC,PO,OKC,1680.0,,58,39,19
201105210OKC,PO,OKC,1680.0,,58,40,18
201105210OKC,PO,OKC,1713.0,,61,40,21
201105210OKC,PO,OKC,1735.0,,61,42,19
201105210OKC,PO,OKC,1783.0,,62,42,20
201105210OKC,PO,OKC,1805.0,,63,42,21
201105210OKC,PO,OKC,1819.0,,63,43,20
201105210OKC,PO,OKC,1819.0,,63,44,19
201105210OKC,PO,OKC,1830.0,,65,44,21
201105210OKC,PO,OKC,1873.0,,65,46,19
201105210OKC,PO,OKC,1876.0,,65,47,18
201105210OKC,PO,OKC,1907.0,,65,48,17
201105210OKC,PO,OKC,1938.0,,65,50,15
201105210OKC,PO,OKC,1986.0,,65,52,13
201105210OKC,PO,OKC,2007.0,,68,52,16
201105210OKC,PO,OKC,2066.0,,69,52,17
201105210OKC,PO,OKC,2066.0,,70,52,18
201105210OKC,PO,OKC,2085.0,,70,54,16
201105210OKC,PO,OKC,2112.3,,70,56,14
201105210OKC,PO,OKC,2172.0,,70,58,12
201105210OKC,PO,OKC,2196.0,,72,58,14
201105210OKC,PO,OKC,2217.0,,72,60,12
201105210OKC,PO,OKC,2264.0,,74,60,14
201105210OKC,PO,OKC,2279.0,,74,62,12
201105210OKC,PO,OKC,2298.0,,76,62,14
201105210OKC,PO,OKC,2342.0,,76,64,12
201105210OKC,PO,OKC,2360.0,,78,64,14
201105210OKC,PO,OKC,2378.0,,78,65,13
201105210OKC,PO,OKC,2378.0,,78,66,12
201105210OKC,PO,OKC,2413.0,,78,68,10
201105210OKC,PO,OKC,2438.0,,80,68,12
201105210OKC,PO,OKC,2457.0,,80,69,11
201105210OKC,PO,OKC,2457.0,,80,70,10
201105210OKC,PO,OKC,2487.0,,80,72,8
201105210OKC,PO,OKC,2544.0,,80,73,7
201105210OKC,PO,OKC,2544.0,,80,74,6
201105210OKC,PO,OKC,2566.0,,82,74,8
201105210OKC,PO,OKC,2619.0,,82,75,7
201105210OKC,PO,OKC,2643.0,,84,75,9
201105210OKC,PO,OKC,2654.0,,84,76,8
201105210OKC,PO,OKC,2680.0,,84,78,6
201105210OKC,PO,OKC,2778.0,,86,78,8
201105210OKC,PO,OKC,2818.0,,86,79,7
201105210OKC,PO,OKC,2818.0,,86,80,6
201105210OKC,PO,OKC,2837.2,,88,80,8
201105210OKC,PO,OKC,2844.9,,88,83,5
201105210OKC,PO,OKC,2846.4,,89,83,6
201105210OKC,PO,OKC,2856.0,,89,85,4
201105210OKC,PO,OKC,2856.7,,90,85,5
201105210OKC,PO,OKC,2856.7,,91,85,6
201105210OKC,PO,OKC,2862.4,,91,87,4
201105210OKC,PO,OKC,2865.8,,92,87,5
201105210OKC,PO,OKC,2865.8,F,93,87,6
201105210OKC,PO,OKC,2880.0,,93,87,6
201105230OKC,PO,OKC,0.0,,0,0,0
201105230OKC,PO,OKC,19.0,,0,2,-2
201105230OKC,PO,OKC,37.0,T,2,2,0
201105230OKC,PO,OKC,57.0,,2,4,-2
201105230OKC,PO,OKC,80.0,,2,6,-4
201105230OKC,PO,OKC,118.0,,2,8,-6
201105230OKC,PO,OKC,131.0,,2,10,-8
201105230OKC,PO,OKC,149.0,,5,10,-5
201105230OKC,PO,OKC,165.0,,5,12,-7
201105230OKC,PO,OKC,189.0,,8,12,-4
201105230OKC,PO,OKC,215.0,,8,14,-6
201105230OKC,PO,OKC,239.0,,8,16,-8
201105230OKC,PO,OKC,246.0,,8,18,-10
201105230OKC,PO,OKC,343.0,,9,18,-9
201105230OKC,PO,OKC,376.0,,10,18,-8
201105230OKC,PO,OKC,376.0,,11,18,-7
201105230OKC,PO,OKC,386.0,,11,20,-9
201105230OKC,PO,OKC,398.0,,13,20,-7
201105230OKC,PO,OKC,413.0,,13,22,-9
201105230OKC,PO,OKC,428.0,,15,22,-7
201105230OKC,PO,OKC,485.0,,15,24,-9
201105230OKC,PO,OKC,510.0,,15,26,-11
201105230OKC,PO,OKC,529.0,,17,26,-9
201105230OKC,PO,OKC,594.0,,17,27,-10
201105230OKC,PO,OKC,615.0,,17,29,-12
201105230OKC,PO,OKC,632.0,,18,29,-11
201105230OKC,PO,OKC,656.0,,20,29,-9
201105230OKC,PO,OKC,673.5,,20,31,-11
201105230OKC,PO,OKC,684.1,,21,31,-10
201105230OKC,PO,OKC,684.1,,22,31,-9
201105230OKC,PO,OKC,742.0,,23,31,-8
201105230OKC,PO,OKC,742.0,,24,31,-7
201105230OKC,PO,OKC,757.0,,24,33,-9
201105230OKC,PO,OKC,777.0,,25,33,-8
201105230OKC,PO,OKC,791.0,,25,35,-10
201105230OKC,PO,OKC,815.0,,28,35,-7
201105230OKC,PO,OKC,845.0,,28,37,-9
201105230OKC,PO,OKC,862.0,,28,39,-11
201105230OKC,PO,OKC,871.0,,31,39,-8
201105230OKC,PO,OKC,891.0,,31,41,-10
201105230OKC,PO,OKC,907.0,,33,41,-8
201105230OKC,PO,OKC,923.0,,33,43,-10
201105230OKC,PO,OKC,943.0,,35,43,-8
201105230OKC,PO,OKC,987.0,,35,45,-10
201105230OKC,PO,OKC,1002.0,,37,45,-8
201105230OKC,PO,OKC,1024.0,,37,47,-10
201105230OKC,PO,OKC,1045.0,,38,47,-9
201105230OKC,PO,OKC,1061.0,,38,49,-11
201105230OKC,PO,OKC,1076.0,,40,49,-9
201105230OKC,PO,OKC,1129.0,,40,51,-11
201105230OKC,PO,OKC,1184.0,,42,51,-9
201105230OKC,PO,OKC,1196.0,,43,51,-8
201105230OKC,PO,OKC,1196.0,,44,51,-7
201105230OKC,PO,OKC,1235.0,,46,51,-5
201105230OKC,PO,OKC,1267.0,,46,53,-7
201105230OKC,PO,OKC,1311.0,,48,53,-5
201105230OKC,PO,OKC,1346.0,,49,53,-4
201105230OKC,PO,OKC,1346.0,,50,53,-3
201105230OKC,PO,OKC,1370.0,,50,55,-5
201105230OKC,PO,OKC,1396.0,,52,55,-3
201105230OKC,PO,OKC,1418.0,,52,57,-5
201105230OKC,PO,OKC,1427.7,,53,57,-4
201105230OKC,PO,OKC,1427.7,,54,57,-3
201105230OKC,PO,OKC,1437.8,,54,58,-4
201105230OKC,PO,OKC,1437.8,,54,59,-5
201105230OKC,PO,OKC,1531.0,,54,60,-6
201105230OKC,PO,OKC,1531.0,,54,61,-7
201105230OKC,PO,OKC,1577.0,,57,61,-4
201105230OKC,PO,OKC,1627.0,,59,61,-2
201105230OKC,PO,OKC,1674.0,,59,62,-3
201105230OKC,PO,OKC,1674.0,,59,63,-4
201105230OKC,PO,OKC,1716.0,,59,65,-6
201105230OKC,PO,OKC,1733.0,,61,65,-4
201105230OKC,PO,OKC,1788.0,,61,66,-5
201105230OKC,PO,OKC,1793.0,,61,69,-8
201105230OKC,PO,OKC,1793.0,,61,70,-9
201105230OKC,PO,OKC,1817.0,,63,70,-7
201105230OKC,PO,OKC,1840.0,,63,72,-9
201105230OKC,PO,OKC,1871.0,,63,74,-11
201105230OKC,PO,OKC,1890.0,,65,74,-9
201105230OKC,PO,OKC,1928.0,,67,74,-7
201105230OKC,PO,OKC,1928.0,,68,74,-6
201105230OKC,PO,OKC,1939.0,,68,75,-7
201105230OKC,PO,OKC,1971.0,,68,76,-8
201105230OKC,PO,OKC,1971.0,,68,77,-9
201105230OKC,PO,OKC,1991.0,,70,77,-7
201105230OKC,PO,OKC,2057.0,,70,79,-9
201105230OKC,PO,OKC,2091.0,,71,79,-8
201105230OKC,PO,OKC,2091.0,,72,79,-7
201105230OKC,PO,OKC,2116.1,,75,79,-4
201105230OKC,PO,OKC,2153.8,,77,79,-2
201105230OKC,PO,OKC,2157.5,,77,80,-3
201105230OKC,PO,OKC,2157.5,,77,81,-4
201105230OKC,PO,OKC,2177.0,,77,83,-6
201105230OKC,PO,OKC,2194.0,,79,83,-4
201105230OKC,PO,OKC,2209.0,,79,84,-5
201105230OKC,PO,OKC,2233.0,,79,85,-6
201105230OKC,PO,OKC,2233.0,,79,86,-7
201105230OKC,PO,OKC,2256.0,,79,88,-9
201105230OKC,PO,OKC,2297.0,,81,88,-7
201105230OKC,PO,OKC,2363.0,,81,89,-8
201105230OKC,PO,OKC,2363.0,,81,90,-9
201105230OKC,PO,OKC,2411.0,,81,92,-11
201105230OKC,PO,OKC,2429.0,,83,92,-9
201105230OKC,PO,OKC,2429.0,,84,92,-8
201105230OKC,PO,OKC,2439.0,,84,94,-10
201105230OKC,PO,OKC,2511.0,,84,96,-12
201105230OKC,PO,OKC,2574.0,,84,99,-15
201105230OKC,PO,OKC,2591.0,,85,99,-14
201105230OKC,PO,OKC,2591.0,,86,99,-13
201105230OKC,PO,OKC,2606.0,,87,99,-12
201105230OKC,PO,OKC,2651.0,,88,99,-11
201105230OKC,PO,OKC,2651.0,,89,99,-10
201105230OKC,PO,OKC,2685.0,,91,99,-8
201105230OKC,PO,OKC,2727.0,,91,101,-10
201105230OKC,PO,OKC,2738.0,,94,101,-7
201105230OKC,PO,OKC,2759.0,,96,101,-5
201105230OKC,PO,OKC,2794.0,,98,101,-3
201105230OKC,PO,OKC,2840.5,,99,101,-2
201105230OKC,PO,OKC,2873.6,,100,101,-1
201105230OKC,PO,OKC,2873.6,T,101,101,0
201105230OKC,PO,OKC,2896.0,LC,102,101,1
201105230OKC,PO,OKC,2896.0,,103,101,2
201105230OKC,PO,OKC,2946.0,T,103,103,0
201105230OKC,PO,OKC,2984.0,,105,103,2
201105230OKC,PO,OKC,3065.0,T,105,105,0
201105230OKC,PO,OKC,3139.7,,108,105,3
201105230OKC,PO,OKC,3167.0,,109,105,4
201105230OKC,PO,OKC,3167.0,,110,105,5
201105230OKC,PO,OKC,3172.8,,111,105,6
201105230OKC,PO,OKC,3172.8,F,112,105,7
201105230OKC,PO,OKC,3180.0,,112,105,7
201105250DAL,PO,OKC,0.0,,0,0,0
201105250DAL,PO,OKC,24.0,,2,0,2
201105250DAL,PO,OKC,62.0,,4,0,4
201105250DAL,PO,OKC,89.0,,5,0,5
201105250DAL,PO,OKC,89.0,,6,0,6
201105250DAL,PO,OKC,97.0,,6,2,4
201105250DAL,PO,OKC,133.0,,8,2,6
201105250DAL,PO,OKC,147.0,,8,3,5
201105250DAL,PO,OKC,147.0,,8,4,4
201105250DAL,PO,OKC,192.0,,8,6,2
201105250DAL,PO,OKC,233.0,,10,6,4
201105250DAL,PO,OKC,266.0,,12,6,6
201105250DAL,PO,OKC,274.0,,12,7,5
201105250DAL,PO,OKC,284.0,,13,7,6
201105250DAL,PO,OKC,303.0,,13,10,3
201105250DAL,PO,OKC,369.0,,13,12,1
201105250DAL,PO,OKC,419.0,,16,12,4
201105250DAL,PO,OKC,419.0,,17,12,5
201105250DAL,PO,OKC,438.0,,17,14,3
201105250DAL,PO,OKC,488.0,,17,16,1
201105250DAL,PO,OKC,544.0,,19,16,3
201105250DAL,PO,OKC,562.0,,19,18,1
201105250DAL,PO,OKC,591.0,LC,19,20,-1
201105250DAL,PO,OKC,591.0,,19,21,-2
201105250DAL,PO,OKC,612.0,LC,22,21,1
201105250DAL,PO,OKC,619.0,LC,22,23,-1
201105250DAL,PO,OKC,655.0,,22,24,-2
201105250DAL,PO,OKC,655.0,,22,25,-3
201105250DAL,PO,OKC,670.2,,23,25,-2
201105250DAL,PO,OKC,670.2,,24,25,-1
201105250DAL,PO,OKC,697.1,LC,26,25,1
201105250DAL,PO,OKC,717.3,LC,26,27,-1
201105250DAL,PO,OKC,738.0,LC,28,27,1
201105250DAL,PO,OKC,757.0,LC,28,29,-1
201105250DAL,PO,OKC,776.0,,28,30,-2
201105250DAL,PO,OKC,776.0,,28,31,-3
201105250DAL,PO,OKC,827.0,,30,31,-1
201105250DAL,PO,OKC,856.0,,30,33,-3
201105250DAL,PO,OKC,890.0,,30,35,-5
201105250DAL,PO,OKC,932.0,,30,38,-8
201105250DAL,PO,OKC,945.0,,31,38,-7
201105250DAL,PO,OKC,945.0,,32,38,-6
201105250DAL,PO,OKC,965.0,,34,38,-4
201105250DAL,PO,OKC,982.0,,34,39,-5
201105250DAL,PO,OKC,999.0,,36,39,-3
201105250DAL,PO,OKC,1025.0,,36,42,-6
201105250DAL,PO,OKC,1040.0,,38,42,-4
201105250DAL,PO,OKC,1064.0,,38,44,-6
201105250DAL,PO,OKC,1086.0,,40,44,-4
201105250DAL,PO,OKC,1100.0,,40,46,-6
201105250DAL,PO,OKC,1130.0,,41,46,-5
201105250DAL,PO,OKC,1152.0,,43,46,-3
201105250DAL,PO,OKC,1208.0,,43,48,-5
201105250DAL,PO,OKC,1234.0,,43,50,-7
201105250DAL,PO,OKC,1258.0,,44,50,-6
201105250DAL,PO,OKC,1258.0,,45,50,-5
201105250DAL,PO,OKC,1273.0,,45,52,-7
201105250DAL,PO,OKC,1296.0,,47,52,-5
201105250DAL,PO,OKC,1317.0,,47,54,-7
201105250DAL,PO,OKC,1329.0,,49,54,-5
201105250DAL,PO,OKC,1361.0,,52,54,-2
201105250DAL,PO,OKC,1398.8,,52,55,-3
201105250DAL,PO,OKC,1513.0,,54,55,-1
201105250DAL,PO,OKC,1538.0,,54,56,-2
201105250DAL,PO,OKC,1538.0,,54,57,-3
201105250DAL,PO,OKC,1580.0,,56,57,-1
201105250DAL,PO,OKC,1696.0,,56,59,-3
201105250DAL,PO,OKC,1719.0,,58,59,-1
201105250DAL,PO,OKC,1758.0,T,59,59,0
201105250DAL,PO,OKC,1769.0,,59,60,-1
201105250DAL,PO,OKC,1769.0,,59,61,-2
201105250DAL,PO,OKC,1807.0,,60,61,-1
201105250DAL,PO,OKC,1807.0,T,61,61,0
201105250DAL,PO,OKC,1823.0,,61,63,-2
201105250DAL,PO,OKC,1840.0,,62,63,-1
201105250DAL,PO,OKC,1874.0,LC,65,63,2
201105250DAL,PO,OKC,1882.0,,66,63,3
201105250DAL,PO,OKC,1929.0,T,66,66,0
201105250DAL,PO,OKC,1974.0,LC,66,68,-2
201105250DAL,PO,OKC,2003.0,,66,69,-3
201105250DAL,PO,OKC,2003.0,,66,70,-4
201105250DAL,PO,OKC,2029.0,,66,71,-5
201105250DAL,PO,OKC,2029.0,,66,72,-6
201105250DAL,PO,OKC,2044.0,,67,72,-5
201105250DAL,PO,OKC,2044.0,,68,72,-4
201105250DAL,PO,OKC,2054.0,,68,74,-6
201105250DAL,PO,OKC,2069.0,,69,74,-5
201105250DAL,PO,OKC,2069.0,,70,74,-4
201105250DAL,PO,OKC,2081.0,,70,76,-6
201105250DAL,PO,OKC,2153.1,,72,76,-4
201105250DAL,PO,OKC,2185.0,,72,78,-6
201105250DAL,PO,OKC,2228.0,,74,78,-4
201105250DAL,PO,OKC,2260.0,,74,80,-6
201105250DAL,PO,OKC,2275.0,,76,80,-4
201105250DAL,PO,OKC,2293.0,,76,83,-7
201105250DAL,PO,OKC,2313.0,,77,83,-6
201105250DAL,PO,OKC,2326.0,,77,85,-8
201105250DAL,PO,OKC,2355.0,,79,85,-6
201105250DAL,PO,OKC,2396.0,,79,87,-8
201105250DAL,PO,OKC,2413.0,,81,87,-6
201105250DAL,PO,OKC,2439.0,,83,87,-4
201105250DAL,PO,OKC,2490.0,,83,88,-5
201105250DAL,PO,OKC,2531.0,,83,90,-7
201105250DAL,PO,OKC,2552.0,,84,90,-6
201105250DAL,PO,OKC,2552.0,,85,90,-5
201105250DAL,PO,OKC,2594.0,,86,90,-4
201105250DAL,PO,OKC,2613.0,,86,92,-6
201105250DAL,PO,OKC,2621.0,,87,92,-5
201105250DAL,PO,OKC,2621.0,,88,92,-4
201105250DAL,PO,OKC,2642.0,,89,92,-3
201105250DAL,PO,OKC,2642.0,,90,92,-2
201105250DAL,PO,OKC,2662.0,,90,94,-4
201105250DAL,PO,OKC,2748.0,,92,94,-2
201105250DAL,PO,OKC,2806.0,LC,95,94,1
201105250DAL,PO,OKC,2831.1,,97,94,3
201105250DAL,PO,OKC,2831.1,,98,94,4
201105250DAL,PO,OKC,2841.0,,98,95,3
201105250DAL,PO,OKC,2841.0,,98,96,2
201105250DAL,PO,OKC,2866.7,,99,96,3
201105250DAL,PO,OKC,2866.7,F,100,96,4
201105250DAL,PO,OKC,2880.0,,100,96,4
201105310MIA,PO,MIA,0.0,,0,0,0
201105310MIA,PO,MIA,18.0,,0,1,-1
201105310MIA,PO,MIA,18.0,,0,2,-2
201105310MIA,PO,MIA,62.0,,0,4,-4
201105310MIA,PO,MIA,81.0,,2,4,-2
201105310MIA,PO,MIA,164.0,,3,4,-1
201105310MIA,PO,MIA,164.0,T,4,4,0
201105310MIA,PO,MIA,183.0,,4,6,-2
201105310MIA,PO,MIA,271.0,,5,6,-1
201105310MIA,PO,MIA,296.0,,5,8,-3
201105310MIA,PO,MIA,390.0,,5,10,-5
201105310MIA,PO,MIA,390.0,,5,11,-6
201105310MIA,PO,MIA,407.0,,8,11,-3
201105310MIA,PO,MIA,437.0,,8,13,-5
201105310MIA,PO,MIA,467.0,,11,13,-2
201105310MIA,PO,MIA,514.0,,12,13,-1
201105310MIA,PO,MIA,594.0,,12,16,-4
201105310MIA,PO,MIA,609.0,,15,16,-1
201105310MIA,PO,MIA,682.7,T,16,16,0
201105310MIA,PO,MIA,682.7,LC,17,16,1
201105310MIA,PO,MIA,757.0,LC,17,18,-1
201105310MIA,PO,MIA,798.0,LC,20,18,2
201105310MIA,PO,MIA,818.0,LC,20,21,-1
201105310MIA,PO,MIA,894.0,T,21,21,0
201105310MIA,PO,MIA,894.0,LC,22,21,1
201105310MIA,PO,MIA,937.0,T,22,22,0
201105310MIA,PO,MIA,950.0,,24,22,2
201105310MIA,PO,MIA,974.0,T,24,24,0
201105310MIA,PO,MIA,1040.0,LC,24,25,-1
201105310MIA,PO,MIA,1060.0,LC,26,25,1
201105310MIA,PO,MIA,1077.0,LC,26,27,-1
201105310MIA,PO,MIA,1108.0,,26,30,-4
201105310MIA,PO,MIA,1122.0,,27,30,-3
201105310MIA,PO,MIA,1156.0,,28,30,-2
201105310MIA,PO,MIA,1156.0,,29,30,-1
201105310MIA,PO,MIA,1181.0,,29,33,-4
201105310MIA,PO,MIA,1201.0,,31,33,-2
201105310MIA,PO,MIA,1221.0,,31,35,-4
201105310MIA,PO,MIA,1257.0,,34,35,-1
201105310MIA,PO,MIA,1300.0,LC,36,35,1
201105310MIA,PO,MIA,1334.0,,38,35,3
201105310MIA,PO,MIA,1353.0,T,38,38,0
201105310MIA,PO,MIA,1368.0,,40,38,2
201105310MIA,PO,MIA,1368.0,,41,38,3
201105310MIA,PO,MIA,1380.5,,41,39,2
201105310MIA,PO,MIA,1380.5,,41,40,1
201105310MIA,PO,MIA,1401.3,,44,40,4
201105310MIA,PO,MIA,1414.1,,44,43,1
201105310MIA,PO,MIA,1494.0,,46,43,3
201105310MIA,PO,MIA,1531.0,,48,43,5
201105310MIA,PO,MIA,1557.0,,51,43,8
201105310MIA,PO,MIA,1570.0,,51,45,6
201105310MIA,PO,MIA,1586.0,,51,47,4
201105310MIA,PO,MIA,1647.0,,53,47,6
201105310MIA,PO,MIA,1680.0,,53,48,5
201105310MIA,PO,MIA,1720.0,,53,51,2
201105310MIA,PO,MIA,1772.0,,54,51,3
201105310MIA,PO,MIA,1772.0,,55,51,4
201105310MIA,PO,MIA,1790.0,,55,53,2
201105310MIA,PO,MIA,1813.0,,57,53,4
201105310MIA,PO,MIA,1884.0,,57,54,3
201105310MIA,PO,MIA,1884.0,,57,55,2
201105310MIA,PO,MIA,2006.0,T,57,57,0
201105310MIA,PO,MIA,2035.0,,59,57,2
201105310MIA,PO,MIA,2088.0,LC,59,60,-1
201105310MIA,PO,MIA,2127.9,,59,61,-2
201105310MIA,PO,MIA,2127.9,,59,62,-3
201105310MIA,PO,MIA,2143.1,,60,62,-2
201105310MIA,PO,MIA,2143.1,,61,62,-1
201105310MIA,PO,MIA,2160.0,,61,65,-4
201105310MIA,PO,MIA,2197.0,,62,65,-3
201105310MIA,PO,MIA,2197.0,,63,65,-2
201105310MIA,PO,MIA,2218.0,,63,68,-5
201105310MIA,PO,MIA,2239.0,,64,68,-4
201105310MIA,PO,MIA,2283.0,,66,68,-2
201105310MIA,PO,MIA,2339.0,,66,70,-4
201105310MIA,PO,MIA,2374.0,,66,72,-6
201105310MIA,PO,MIA,2397.0,,69,72,-3
201105310MIA,PO,MIA,2484.0,,69,74,-5
201105310MIA,PO,MIA,2484.0,,69,75,-6
201105310MIA,PO,MIA,2605.0,,70,75,-5
201105310MIA,PO,MIA,2625.0,,70,77,-7
201105310MIA,PO,MIA,2642.0,,72,77,-5
201105310MIA,PO,MIA,2642.0,,73,77,-4
201105310MIA,PO,MIA,2656.0,,73,78,-5
201105310MIA,PO,MIA,2656.0,,73,79,-6
201105310MIA,PO,MIA,2694.0,,73,82,-9
201105310MIA,PO,MIA,2704.0,,74,82,-8
201105310MIA,PO,MIA,2704.0,,75,82,-7
201105310MIA,PO,MIA,2712.0,,75,84,-9
201105310MIA,PO,MIA,2712.0,,75,85,-10
201105310MIA,PO,MIA,2724.0,,77,85,-8
201105310MIA,PO,MIA,2784.0,,78,85,-7
201105310MIA,PO,MIA,2784.0,,79,85,-6
201105310MIA,PO,MIA,2798.0,,79,86,-7
201105310MIA,PO,MIA,2798.0,,79,87,-8
201105310MIA,PO,MIA,2812.0,,79,89,-10
201105310MIA,PO,MIA,2839.4,,79,91,-12
201105310MIA,PO,MIA,2845.1,,81,91,-10
201105310MIA,PO,MIA,2869.9,,81,92,-11
201105310MIA,PO,MIA,2877.0,F,84,92,-8
201105310MIA,PO,MIA,2880.0,,84,92,-8
201106020MIA,PO,MIA,0.0,,0,0,0
201106020MIA,PO,MIA,31.0,,0,2,-2
201106020MIA,PO,MIA,67.0,T,2,2,0
201106020MIA,PO,MIA,116.0,,2,4,-2
201106020MIA,PO,MIA,131.0,,3,4,-1
201106020MIA,PO,MIA,131.0,T,4,4,0
201106020MIA,PO,MIA,166.0,LC,6,4,2
201106020MIA,PO,MIA,204.0,,9,4,5
201106020MIA,PO,MIA,230.0,,9,6,3
201106020MIA,PO,MIA,251.0,,12,6,6
201106020MIA,PO,MIA,275.0,,12,9,3
201106020MIA,PO,MIA,309.0,,13,9,4
201106020MIA,PO,MIA,329.0,,13,11,2
201106020MIA,PO,MIA,365.0,LC,13,14,-1
201106020MIA,PO,MIA,397.0,,13,16,-3
201106020MIA,PO,MIA,472.0,,15,16,-1
201106020MIA,PO,MIA,497.0,,15,19,-4
201106020MIA,PO,MIA,512.0,,18,19,-1
201106020MIA,PO,MIA,553.0,LC,20,19,1
201106020MIA,PO,MIA,572.0,LC,20,21,-1
201106020MIA,PO,MIA,604.0,,20,23,-3
201106020MIA,PO,MIA,624.0,,22,23,-1
201106020MIA,PO,MIA,654.0,LC,24,23,1
201106020MIA,PO,MIA,672.0,LC,24,25,-1
201106020MIA,PO,MIA,681.3,T,25,25,0
201106020MIA,PO,MIA,681.3,LC,26,25,1
201106020MIA,PO,MIA,704.2,LC,26,28,-2
201106020MIA,PO,MIA,716.7,T,28,28,0
201106020MIA,PO,MIA,750.0,,28,30,-2
201106020MIA,PO,MIA,761.0,T,30,30,0
201106020MIA,PO,MIA,801.0,LC,32,30,2
201106020MIA,PO,MIA,822.0,T,32,32,0
201106020MIA,PO,MIA,831.0,,33,32,1
201106020MIA,PO,MIA,831.0,,34,32,2
201106020MIA,PO,MIA,864.0,,36,32,4
201106020MIA,PO,MIA,888.0,,38,32,6
201106020MIA,PO,MIA,900.0,,38,34,4
201106020MIA,PO,MIA,907.0,,39,34,5
201106020MIA,PO,MIA,998.0,,40,34,6
201106020MIA,PO,MIA,1017.0,,40,36,4
201106020MIA,PO,MIA,1046.0,,40,38,2
201106020MIA,PO,MIA,1068.0,,42,38,4
201106020MIA,PO,MIA,1085.0,,42,40,2
201106020MIA,PO,MIA,1135.0,,45,40,5
201106020MIA,PO,MIA,1168.0,,46,40,6
201106020MIA,PO,MIA,1168.0,,47,40,7
201106020MIA,PO,MIA,1184.0,,47,42,5
201106020MIA,PO,MIA,1204.0,,49,42,7
201106020MIA,PO,MIA,1259.0,,51,42,9
201106020MIA,PO,MIA,1269.0,,51,43,8
201106020MIA,PO,MIA,1269.0,,51,44,7
201106020MIA,PO,MIA,1285.0,,51,45,6
201106020MIA,PO,MIA,1285.0,,51,46,5
201106020MIA,PO,MIA,1378.0,,51,47,4
201106020MIA,PO,MIA,1378.0,,51,48,3
201106020MIA,PO,MIA,1414.9,T,51,51,0
201106020MIA,PO,MIA,1508.0,LC,51,53,-2
201106020MIA,PO,MIA,1524.0,,52,53,-1
201106020MIA,PO,MIA,1560.0,,52,55,-3
201106020MIA,PO,MIA,1582.0,,52,57,-5
201106020MIA,PO,MIA,1638.0,,54,57,-3
201106020MIA,PO,MIA,1683.0,,56,57,-1
201106020MIA,PO,MIA,1712.0,,56,59,-3
201106020MIA,PO,MIA,1747.0,,57,59,-2
201106020MIA,PO,MIA,1810.0,,57,62,-5
201106020MIA,PO,MIA,1836.0,,59,62,-3
201106020MIA,PO,MIA,1855.0,,59,64,-5
201106020MIA,PO,MIA,1877.0,,61,64,-3
201106020MIA,PO,MIA,1897.0,,61,65,-4
201106020MIA,PO,MIA,1897.0,,61,66,-5
201106020MIA,PO,MIA,1933.0,,61,69,-8
201106020MIA,PO,MIA,1957.0,,61,70,-9
201106020MIA,PO,MIA,1978.0,,61,71,-10
201106020MIA,PO,MIA,1994.0,,63,71,-8
201106020MIA,PO,MIA,2034.0,,64,71,-7
201106020MIA,PO,MIA,2034.0,,65,71,-6
201106020MIA,PO,MIA,2090.0,,67,71,-4
201106020MIA,PO,MIA,2114.2,,67,73,-6
201106020MIA,PO,MIA,2127.7,,69,73,-4
201106020MIA,PO,MIA,2141.1,,69,75,-6
201106020MIA,PO,MIA,2155.7,,71,75,-4
201106020MIA,PO,MIA,2228.0,,73,75,-2
201106020MIA,PO,MIA,2276.0,,73,77,-4
201106020MIA,PO,MIA,2320.0,,73,79,-6
201106020MIA,PO,MIA,2343.0,,73,80,-7
201106020MIA,PO,MIA,2343.0,,73,81,-8
201106020MIA,PO,MIA,2407.0,,73,83,-10
201106020MIA,PO,MIA,2423.0,,73,84,-11
201106020MIA,PO,MIA,2423.0,,73,85,-12
201106020MIA,PO,MIA,2446.0,,73,88,-15
201106020MIA,PO,MIA,2501.0,,75,88,-13
201106020MIA,PO,MIA,2535.0,,77,88,-11
201106020MIA,PO,MIA,2559.0,,78,88,-10
201106020MIA,PO,MIA,2559.0,,79,88,-9
201106020MIA,PO,MIA,2607.0,,81,88,-7
201106020MIA,PO,MIA,2630.0,,81,89,-8
201106020MIA,PO,MIA,2630.0,,81,90,-9
201106020MIA,PO,MIA,2646.0,,84,90,-6
201106020MIA,PO,MIA,2689.0,,86,90,-4
201106020MIA,PO,MIA,2716.0,,88,90,-2
201106020MIA,PO,MIA,2822.4,T,90,90,0
201106020MIA,PO,MIA,2853.3,LC,93,90,3
201106020MIA,PO,MIA,2855.5,T,93,93,0
201106020MIA,PO,MIA,2876.4,F,95,93,2
201106020MIA,PO,MIA,2880.0,,95,93,2
201106050DAL,PO,MIA,0.0,,0,0,0
201106050DAL,PO,MIA,33.0,,0,3,-3
201106050DAL,PO,MIA,51.0,,2,3,-1
201106050DAL,PO,MIA,95.0,,2,5,-3
201106050DAL,PO,MIA,116.0,,4,5,-1
201106050DAL,PO,MIA,153.0,LC,7,5,2
201106050DAL,PO,MIA,179.0,T,7,7,0
201106050DAL,PO,MIA,194.0,,8,7,1
201106050DAL,PO,MIA,194.0,,9,7,2
201106050DAL,PO,MIA,221.0,T,9,9,0
201106050DAL,PO,MIA,237.0,,11,9,2
201106050DAL,PO,MIA,265.0,,14,9,5
201106050DAL,PO,MIA,320.0,,14,11,3
201106050DAL,PO,MIA,373.0,,14,13,1
201106050DAL,PO,MIA,409.0,,16,13,3
201106050DAL,PO,MIA,432.0,,16,15,1
201106050DAL,PO,MIA,459.0,,18,15,3
201106050DAL,PO,MIA,477.0,,18,17,1
201106050DAL,PO,MIA,477.0,T,18,18,0
201106050DAL,PO,MIA,512.0,,19,18,1
201106050DAL,PO,MIA,541.0,LC,19,20,-1
201106050DAL,PO,MIA,573.0,,19,22,-3
201106050DAL,PO,MIA,633.0,,21,22,-1
201106050DAL,PO,MIA,663.4,T,22,22,0
201106050DAL,PO,MIA,684.6,,22,24,-2
201106050DAL,PO,MIA,711.9,,22,25,-3
201106050DAL,PO,MIA,711.9,,22,26,-4
201106050DAL,PO,MIA,719.7,,22,29,-7
201106050DAL,PO,MIA,767.0,,22,32,-10
201106050DAL,PO,MIA,801.0,,22,33,-11
201106050DAL,PO,MIA,801.0,,22,34,-12
201106050DAL,PO,MIA,823.0,,24,34,-10
201106050DAL,PO,MIA,894.0,,26,34,-8
201106050DAL,PO,MIA,1000.0,,28,34,-6
201106050DAL,PO,MIA,1000.0,,29,34,-5
201106050DAL,PO,MIA,1013.0,,29,36,-7
201106050DAL,PO,MIA,1038.0,,29,38,-9
201106050DAL,PO,MIA,1185.0,,31,38,-7
201106050DAL,PO,MIA,1203.0,,31,41,-10
201106050DAL,PO,MIA,1234.0,,31,43,-12
201106050DAL,PO,MIA,1257.0,,31,44,-13
201106050DAL,PO,MIA,1257.0,,31,45,-14
201106050DAL,PO,MIA,1269.0,,32,45,-13
201106050DAL,PO,MIA,1299.0,,35,45,-10
201106050DAL,PO,MIA,1331.0,,36,45,-9
201106050DAL,PO,MIA,1331.0,,37,45,-8
201106050DAL,PO,MIA,1362.0,,38,45,-7
201106050DAL,PO,MIA,1362.0,,39,45,-6
201106050DAL,PO,MIA,1379.0,,39,46,-7
201106050DAL,PO,MIA,1379.0,,39,47,-8
201106050DAL,PO,MIA,1389.5,,41,47,-6
201106050DAL,PO,MIA,1436.6,,42,47,-5
201106050DAL,PO,MIA,1460.0,,42,49,-7
201106050DAL,PO,MIA,1487.0,,42,51,-9
201106050DAL,PO,MIA,1531.0,,42,53,-11
201106050DAL,PO,MIA,1549.0,,42,55,-13
201106050DAL,PO,MIA,1569.0,,44,55,-11
201106050DAL,PO,MIA,1607.0,,45,55,-10
201106050DAL,PO,MIA,1711.0,,48,55,-7
201106050DAL,PO,MIA,1741.0,,51,55,-4
201106050DAL,PO,MIA,1759.0,,51,57,-6
201106050DAL,PO,MIA,1815.0,,52,57,-5
201106050DAL,PO,MIA,1815.0,,53,57,-4
201106050DAL,PO,MIA,1857.0,,55,57,-2
201106050DAL,PO,MIA,1883.0,T,57,57,0
201106050DAL,PO,MIA,1920.0,,57,58,-1
201106050DAL,PO,MIA,1969.0,LC,59,58,1
201106050DAL,PO,MIA,1996.0,LC,59,61,-2
201106050DAL,PO,MIA,2025.0,,59,64,-5
201106050DAL,PO,MIA,2049.0,,62,64,-2
201106050DAL,PO,MIA,2100.0,,62,65,-3
201106050DAL,PO,MIA,2118.8,,63,65,-2
201106050DAL,PO,MIA,2118.8,,64,65,-1
201106050DAL,PO,MIA,2133.3,,64,67,-3
201106050DAL,PO,MIA,2181.0,,64,69,-5
201106050DAL,PO,MIA,2200.0,,67,69,-2
201106050DAL,PO,MIA,2219.0,,67,70,-3
201106050DAL,PO,MIA,2257.0,T,70,70,0
201106050DAL,PO,MIA,2276.0,,70,72,-2
201106050DAL,PO,MIA,2299.0,T,72,72,0
201106050DAL,PO,MIA,2318.0,,72,74,-2
201106050DAL,PO,MIA,2406.0,,72,76,-4
201106050DAL,PO,MIA,2441.0,,72,79,-7
201106050DAL,PO,MIA,2472.0,,74,79,-5
201106050DAL,PO,MIA,2489.0,,74,81,-7
201106050DAL,PO,MIA,2544.0,,76,81,-5
201106050DAL,PO,MIA,2584.0,,77,81,-4
201106050DAL,PO,MIA,2584.0,,78,81,-3
201106050DAL,PO,MIA,2608.0,,78,84,-6
201106050DAL,PO,MIA,2678.0,,79,84,-5
201106050DAL,PO,MIA,2678.0,,80,84,-4
201106050DAL,PO,MIA,2696.0,,81,84,-3
201106050DAL,PO,MIA,2696.0,,82,84,-2
201106050DAL,PO,MIA,2733.0,T,84,84,0
201106050DAL,PO,MIA,2754.0,,84,86,-2
201106050DAL,PO,MIA,2780.0,T,86,86,0
201106050DAL,PO,MIA,2840.4,F,86,88,-2
201106050DAL,PO,MIA,2880.0,,86,88,-2
201106070DAL,PO,MIA,0.0,,0,0,0
201106070DAL,PO,MIA,19.0,,2,0,2
201106070DAL,PO,MIA,49.0,,4,0,4
201106070DAL,PO,MIA,85.0,,6,0,6
201106070DAL,PO,MIA,135.0,,6,2,4
201106070DAL,PO,MIA,226.0,,6,4,2
201106070DAL,PO,MIA,306.0,T,6,6,0
201106070DAL,PO,MIA,324.0,,8,6,2
201106070DAL,PO,MIA,336.0,T,8,8,0
201106070DAL,PO,MIA,390.0,,10,8,2
201106070DAL,PO,MIA,433.0,,12,8,4
201106070DAL,PO,MIA,436.0,,12,9,3
201106070DAL,PO,MIA,436.0,,12,10,2
201106070DAL,PO,MIA,476.0,T,12,12,0
201106070DAL,PO,MIA,507.0,,14,12,2
201106070DAL,PO,MIA,551.0,T,14,14,0
201106070DAL,PO,MIA,567.0,,17,14,3
201106070DAL,PO,MIA,575.0,,17,16,1
201106070DAL,PO,MIA,618.0,,18,16,2
201106070DAL,PO,MIA,618.0,,19,16,3
201106070DAL,PO,MIA,670.9,,19,17,2
201106070DAL,PO,MIA,670.9,,19,18,1
201106070DAL,PO,MIA,701.2,T,19,19,0
201106070DAL,PO,MIA,701.2,LC,19,20,-1
201106070DAL,PO,MIA,701.2,,19,21,-2
201106070DAL,PO,MIA,714.5,,20,21,-1
201106070DAL,PO,MIA,714.5,T,21,21,0
201106070DAL,PO,MIA,732.0,,21,23,-2
201106070DAL,PO,MIA,775.0,,21,25,-4
201106070DAL,PO,MIA,807.0,,21,28,-7
201106070DAL,PO,MIA,847.0,,24,28,-4
201106070DAL,PO,MIA,893.0,,25,28,-3
201106070DAL,PO,MIA,893.0,,26,28,-2
201106070DAL,PO,MIA,907.0,,26,30,-4
201106070DAL,PO,MIA,923.0,,29,30,-1
201106070DAL,PO,MIA,939.0,,29,32,-3
201106070DAL,PO,MIA,966.0,,29,34,-5
201106070DAL,PO,MIA,1062.0,,32,34,-2
201106070DAL,PO,MIA,1115.0,T,34,34,0
201106070DAL,PO,MIA,1172.0,LC,36,34,2
201106070DAL,PO,MIA,1197.0,,38,34,4
201106070DAL,PO,MIA,1217.0,,38,36,2
201106070DAL,PO,MIA,1233.0,,39,36,3
201106070DAL,PO,MIA,1233.0,,40,36,4
201106070DAL,PO,MIA,1248.0,,40,38,2
201106070DAL,PO,MIA,1269.0,,42,38,4
201106070DAL,PO,MIA,1288.0,,42,40,2
201106070DAL,PO,MIA,1316.0,,43,40,3
201106070DAL,PO,MIA,1333.0,,43,42,1
201106070DAL,PO,MIA,1333.0,T,43,43,0
201106070DAL,PO,MIA,1380.8,LC,43,45,-2
201106070DAL,PO,MIA,1390.5,T,45,45,0
201106070DAL,PO,MIA,1410.9,,45,47,-2
201106070DAL,PO,MIA,1505.0,,46,47,-1
201106070DAL,PO,MIA,1505.0,T,47,47,0
201106070DAL,PO,MIA,1556.0,LC,49,47,2
201106070DAL,PO,MIA,1578.0,,49,48,1
201106070DAL,PO,MIA,1578.0,T,49,49,0
201106070DAL,PO,MIA,1596.0,,50,49,1
201106070DAL,PO,MIA,1596.0,,51,49,2
201106070DAL,PO,MIA,1614.0,T,51,51,0
201106070DAL,PO,MIA,1635.0,,53,51,2
201106070DAL,PO,MIA,1660.0,,53,52,1
201106070DAL,PO,MIA,1660.0,T,53,53,0
201106070DAL,PO,MIA,1673.0,,55,53,2
201106070DAL,PO,MIA,1693.0,T,55,55,0
201106070DAL,PO,MIA,1723.0,LC,55,56,-1
201106070DAL,PO,MIA,1743.0,LC,57,56,1
201106070DAL,PO,MIA,1759.0,LC,57,58,-1
201106070DAL,PO,MIA,1775.0,LC,59,58,1
201106070DAL,PO,MIA,1807.0,LC,59,60,-1
201106070DAL,PO,MIA,1838.0,LC,61,60,1
201106070DAL,PO,MIA,1853.0,T,61,61,0
201106070DAL,PO,MIA,1887.0,,63,61,2
201106070DAL,PO,MIA,1928.0,,64,61,3
201106070DAL,PO,MIA,1950.0,,64,63,1
201106070DAL,PO,MIA,1970.0,LC,64,65,-1
201106070DAL,PO,MIA,2039.0,,64,67,-3
201106070DAL,PO,MIA,2082.0,,64,69,-5
201106070DAL,PO,MIA,2098.0,,65,69,-4
201106070DAL,PO,MIA,2232.0,,65,72,-7
201106070DAL,PO,MIA,2268.0,,65,74,-9
201106070DAL,PO,MIA,2282.0,,67,74,-7
201106070DAL,PO,MIA,2317.0,,69,74,-5
201106070DAL,PO,MIA,2340.0,,69,76,-7
201106070DAL,PO,MIA,2358.0,,70,76,-6
201106070DAL,PO,MIA,2358.0,,71,76,-5
201106070DAL,PO,MIA,2394.0,,73,76,-3
201106070DAL,PO,MIA,2436.0,,73,78,-5
201106070DAL,PO,MIA,2490.0,,74,78,-4
201106070DAL,PO,MIA,2490.0,,75,78,-3
201106070DAL,PO,MIA,2537.0,,77,78,-1
201106070DAL,PO,MIA,2568.0,LC,79,78,1
201106070DAL,PO,MIA,2604.0,,80,78,2
201106070DAL,PO,MIA,2744.0,,81,78,3
201106070DAL,PO,MIA,2744.0,,82,78,4
201106070DAL,PO,MIA,2767.0,,82,79,3
201106070DAL,PO,MIA,2767.0,,82,80,2
201106070DAL,PO,MIA,2849.9,,82,81,1
201106070DAL,PO,MIA,2865.1,,84,81,3
201106070DAL,PO,MIA,2871.0,,84,83,1
201106070DAL,PO,MIA,2873.3,,85,83,2
201106070DAL,PO,MIA,2873.3,F,86,83,3
201106070DAL,PO,MIA,2880.0,,86,83,3
201106090DAL,PO,MIA,0.0,,0,0,0
201106090DAL,PO,MIA,64.0,,0,2,-2
201106090DAL,PO,MIA,99.0,T,2,2,0
201106090DAL,PO,MIA,141.0,LC,4,2,2
201106090DAL,PO,MIA,162.0,,4,3,1
201106090DAL,PO,MIA,162.0,T,4,4,0
201106090DAL,PO,MIA,217.0,,7,4,3
201106090DAL,PO,MIA,223.0,,7,6,1
201106090DAL,PO,MIA,235.0,,9,6,3
201106090DAL,PO,MIA,259.0,,11,6,5
201106090DAL,PO,MIA,279.0,,13,6,7
201106090DAL,PO,MIA,363.0,,13,8,5
201106090DAL,PO,MIA,384.0,,14,8,6
201106090DAL,PO,MIA,384.0,,15,8,7
201106090DAL,PO,MIA,417.0,,15,10,5
201106090DAL,PO,MIA,442.0,,17,10,7
201106090DAL,PO,MIA,458.0,,17,11,6
201106090DAL,PO,MIA,458.0,,17,12,5
201106090DAL,PO,MIA,471.0,,18,12,6
201106090DAL,PO,MIA,479.0,,18,13,5
201106090DAL,PO,MIA,479.0,,18,14,4
201106090DAL,PO,MIA,491.0,,21,14,7
201106090DAL,PO,MIA,508.0,,21,17,4
201106090DAL,PO,MIA,525.0,,23,17,6
201106090DAL,PO,MIA,540.0,,23,19,4
201106090DAL,PO,MIA,561.0,,25,19,6
201106090DAL,PO,MIA,586.0,,25,21,4
201106090DAL,PO,MIA,604.0,,26,21,5
201106090DAL,PO,MIA,604.0,,27,21,6
201106090DAL,PO,MIA,655.0,,27,24,3
201106090DAL,PO,MIA,655.0,,28,24,4
201106090DAL,PO,MIA,665.1,,28,26,2
201106090DAL,PO,MIA,682.1,,30,26,4
201106090DAL,PO,MIA,693.1,,30,28,2
201106090DAL,PO,MIA,719.7,LC,30,31,-1
201106090DAL,PO,MIA,741.0,,30,33,-3
201106090DAL,PO,MIA,769.0,T,33,33,0
201106090DAL,PO,MIA,820.0,LC,35,33,2
201106090DAL,PO,MIA,838.0,T,35,35,0
201106090DAL,PO,MIA,838.0,LC,35,36,-1
201106090DAL,PO,MIA,857.0,,35,38,-3
201106090DAL,PO,MIA,880.0,T,38,38,0
201106090DAL,PO,MIA,897.0,,38,40,-2
201106090DAL,PO,MIA,908.0,,39,40,-1
201106090DAL,PO,MIA,930.0,,39,42,-3
201106090DAL,PO,MIA,949.0,,41,42,-1
201106090DAL,PO,MIA,973.0,,41,45,-4
201106090DAL,PO,MIA,983.0,,44,45,-1
201106090DAL,PO,MIA,1037.0,,44,47,-3
201106090DAL,PO,MIA,1063.0,,44,48,-4
201106090DAL,PO,MIA,1095.0,,44,49,-5
201106090DAL,PO,MIA,1095.0,,44,50,-6
201106090DAL,PO,MIA,1158.0,,46,50,-4
201106090DAL,PO,MIA,1175.0,,46,52,-6
201106090DAL,PO,MIA,1201.0,,48,52,-4
201106090DAL,PO,MIA,1242.0,,50,52,-2
201106090DAL,PO,MIA,1283.0,T,52,52,0
201106090DAL,PO,MIA,1303.0,,52,53,-1
201106090DAL,PO,MIA,1303.0,,52,54,-2
201106090DAL,PO,MIA,1315.0,,53,54,-1
201106090DAL,PO,MIA,1315.0,T,54,54,0
201106090DAL,PO,MIA,1333.0,LC,56,54,2
201106090DAL,PO,MIA,1392.4,,58,54,4
201106090DAL,PO,MIA,1413.1,,58,57,1
201106090DAL,PO,MIA,1433.1,,60,57,3
201106090DAL,PO,MIA,1456.0,T,60,60,0
201106090DAL,PO,MIA,1489.0,,62,60,2
201106090DAL,PO,MIA,1528.0,,65,60,5
201106090DAL,PO,MIA,1544.0,,65,63,2
201106090DAL,PO,MIA,1616.0,T,65,65,0
201106090DAL,PO,MIA,1662.0,,67,65,2
201106090DAL,PO,MIA,1736.0,,70,65,5
201106090DAL,PO,MIA,1759.0,,70,67,3
201106090DAL,PO,MIA,1770.0,,73,67,6
201106090DAL,PO,MIA,1792.0,,73,69,4
201106090DAL,PO,MIA,1810.0,,75,69,6
201106090DAL,PO,MIA,1829.0,,75,70,5
201106090DAL,PO,MIA,1829.0,,75,71,4
201106090DAL,PO,MIA,1899.0,,78,71,7
201106090DAL,PO,MIA,1934.0,,80,71,9
201106090DAL,PO,MIA,1954.0,,80,73,7
201106090DAL,PO,MIA,2021.0,,80,75,5
201106090DAL,PO,MIA,2037.0,,82,75,7
201106090DAL,PO,MIA,2054.0,,82,77,5
201106090DAL,PO,MIA,2080.0,,84,77,7
201106090DAL,PO,MIA,2125.6,,84,78,6
201106090DAL,PO,MIA,2125.6,,84,79,5
201106090DAL,PO,MIA,2178.0,,85,79,6
201106090DAL,PO,MIA,2187.0,,85,80,5
201106090DAL,PO,MIA,2187.0,,85,81,4
201106090DAL,PO,MIA,2203.0,,87,81,6
201106090DAL,PO,MIA,2203.0,,88,81,7
201106090DAL,PO,MIA,2245.0,,88,83,5
201106090DAL,PO,MIA,2266.0,,89,83,6
201106090DAL,PO,MIA,2266.0,,90,83,7
201106090DAL,PO,MIA,2278.0,,90,85,5
201106090DAL,PO,MIA,2305.0,,90,86,4
201106090DAL,PO,MIA,2367.0,,90,88,2
201106090DAL,PO,MIA,2391.0,,93,88,5
201106090DAL,PO,MIA,2452.0,,93,90,3
201106090DAL,PO,MIA,2472.0,,94,90,4
201106090DAL,PO,MIA,2472.0,,95,90,5
201106090DAL,PO,MIA,2491.0,,95,92,3
201106090DAL,PO,MIA,2520.0,,95,94,1
201106090DAL,PO,MIA,2564.0,LC,95,96,-1
201106090DAL,PO,MIA,2603.0,,95,99,-4
201106090DAL,PO,MIA,2617.0,,96,99,-3
201106090DAL,PO,MIA,2617.0,,97,99,-2
201106090DAL,PO,MIA,2662.0,,97,100,-3
201106090DAL,PO,MIA,2677.0,T,100,100,0
201106090DAL,PO,MIA,2715.0,LC,102,100,2
201106090DAL,PO,MIA,2794.0,,105,100,5
201106090DAL,PO,MIA,2824.0,,105,101,4
201106090DAL,PO,MIA,2846.2,,108,101,7
201106090DAL,PO,MIA,2850.4,,108,103,5
201106090DAL,PO,MIA,2854.7,,109,103,6
201106090DAL,PO,MIA,2854.7,,110,103,7
201106090DAL,PO,MIA,2859.1,,111,103,8
201106090DAL,PO,MIA,2859.1,F,112,103,9
201106090DAL,PO,MIA,2880.0,,112,103,9
201106120MIA,PO,MIA,0.0,,0,0,0
201106120MIA,PO,MIA,39.0,,0,3,-3
201106120MIA,PO,MIA,59.0,,2,3,-1
201106120MIA,PO,MIA,106.0,,2,5,-3
201106120MIA,PO,MIA,112.0,,4,5,-1
201106120MIA,PO,MIA,130.0,,4,7,-3
201106120MIA,PO,MIA,151.0,,5,7,-2
201106120MIA,PO,MIA,151.0,,6,7,-1
201106120MIA,PO,MIA,162.0,,6,8,-2
201106120MIA,PO,MIA,172.0,T,8,8,0
201106120MIA,PO,MIA,194.0,LC,10,8,2
201106120MIA,PO,MIA,208.0,T,10,10,0
201106120MIA,PO,MIA,230.0,LC,10,12,-2
201106120MIA,PO,MIA,252.0,,10,14,-4
201106120MIA,PO,MIA,284.0,,10,16,-6
201106120MIA,PO,MIA,304.0,,11,16,-5
201106120MIA,PO,MIA,314.0,,11,18,-7
201106120MIA,PO,MIA,341.0,,11,20,-9
201106120MIA,PO,MIA,356.0,,13,20,-7
201106120MIA,PO,MIA,393.0,,15,20,-5
201106120MIA,PO,MIA,409.0,,15,21,-6
201106120MIA,PO,MIA,409.0,,15,22,-7
201106120MIA,PO,MIA,428.0,,17,22,-5
201106120MIA,PO,MIA,463.0,,20,22,-2
201106120MIA,PO,MIA,508.0,LC,23,22,1
201106120MIA,PO,MIA,529.0,LC,23,24,-1
201106120MIA,PO,MIA,571.0,LC,25,24,1
201106120MIA,PO,MIA,603.0,,27,24,3
201106120MIA,PO,MIA,643.0,,29,24,5
201106120MIA,PO,MIA,695.2,,32,24,8
201106120MIA,PO,MIA,716.2,,32,27,5
201106120MIA,PO,MIA,764.0,,34,27,7
201106120MIA,PO,MIA,777.0,,34,28,6
201106120MIA,PO,MIA,834.0,,37,28,9
201106120MIA,PO,MIA,858.0,,40,28,12
201106120MIA,PO,MIA,878.0,,40,31,9
201106120MIA,PO,MIA,902.0,,40,32,8
201106120MIA,PO,MIA,902.0,,40,33,7
201106120MIA,PO,MIA,926.0,,40,35,5
201106120MIA,PO,MIA,994.0,,40,37,3
201106120MIA,PO,MIA,1023.0,,40,39,1
201106120MIA,PO,MIA,1055.0,LC,40,42,-2
201106120MIA,PO,MIA,1055.0,,41,42,-1
201106120MIA,PO,MIA,1116.0,,41,44,-3
201106120MIA,PO,MIA,1141.0,,43,44,-1
201106120MIA,PO,MIA,1183.0,,43,45,-2
201106120MIA,PO,MIA,1204.0,,43,47,-4
201106120MIA,PO,MIA,1217.0,,46,47,-1
201106120MIA,PO,MIA,1235.0,,46,49,-3
201106120MIA,PO,MIA,1248.0,,48,49,-1
201106120MIA,PO,MIA,1294.0,LC,51,49,2
201106120MIA,PO,MIA,1406.6,,53,49,4
201106120MIA,PO,MIA,1419.0,,53,50,3
201106120MIA,PO,MIA,1419.0,,53,51,2
201106120MIA,PO,MIA,1452.0,,55,51,4
201106120MIA,PO,MIA,1474.0,,55,54,1
201106120MIA,PO,MIA,1504.0,LC,55,56,-1
201106120MIA,PO,MIA,1520.0,LC,57,56,1
201106120MIA,PO,MIA,1567.0,,59,56,3
201106120MIA,PO,MIA,1595.0,,61,56,5
201106120MIA,PO,MIA,1625.0,,63,56,7
201106120MIA,PO,MIA,1644.0,,63,58,5
201106120MIA,PO,MIA,1688.0,,63,60,3
201106120MIA,PO,MIA,1702.0,,65,60,5
201106120MIA,PO,MIA,1736.0,,65,62,3
201106120MIA,PO,MIA,1787.0,,68,62,6
201106120MIA,PO,MIA,1801.0,,68,63,5
201106120MIA,PO,MIA,1801.0,,68,64,4
201106120MIA,PO,MIA,1833.0,,68,65,3
201106120MIA,PO,MIA,1852.0,,71,65,6
201106120MIA,PO,MIA,1925.0,,72,65,7
201106120MIA,PO,MIA,1974.0,,72,66,6
201106120MIA,PO,MIA,1974.0,,72,67,5
201106120MIA,PO,MIA,2009.0,,72,69,3
201106120MIA,PO,MIA,2032.0,,74,69,5
201106120MIA,PO,MIA,2051.0,,74,71,3
201106120MIA,PO,MIA,2073.0,,75,71,4
201106120MIA,PO,MIA,2073.0,,76,71,5
201106120MIA,PO,MIA,2112.3,,79,71,8
201106120MIA,PO,MIA,2124.1,,79,72,7
201106120MIA,PO,MIA,2160.0,,81,72,9
201106120MIA,PO,MIA,2177.0,,81,73,8
201106120MIA,PO,MIA,2205.0,,81,75,6
201106120MIA,PO,MIA,2248.0,,81,76,5
201106120MIA,PO,MIA,2248.0,,81,77,4
201106120MIA,PO,MIA,2270.0,,84,77,7
201106120MIA,PO,MIA,2310.0,,85,77,8
201106120MIA,PO,MIA,2343.0,,87,77,10
201106120MIA,PO,MIA,2388.0,,89,77,12
201106120MIA,PO,MIA,2422.0,,89,79,10
201106120MIA,PO,MIA,2422.0,,89,80,9
201106120MIA,PO,MIA,2438.0,,91,80,11
201106120MIA,PO,MIA,2457.0,,91,82,9
201106120MIA,PO,MIA,2474.0,,92,82,10
201106120MIA,PO,MIA,2487.0,,92,84,8
201106120MIA,PO,MIA,2516.0,,94,84,10
201106120MIA,PO,MIA,2528.0,,94,86,8
201106120MIA,PO,MIA,2528.0,,94,87,7
201106120MIA,PO,MIA,2564.0,,95,87,8
201106120MIA,PO,MIA,2661.0,,97,87,10
201106120MIA,PO,MIA,2673.0,,97,89,8
201106120MIA,PO,MIA,2733.0,,99,89,10
201106120MIA,PO,MIA,2765.0,,101,89,12
201106120MIA,PO,MIA,2769.0,,101,92,9
201106120MIA,PO,MIA,2850.5,,103,92,11
201106120MIA,PO,MIA,2861.2,,104,92,12
201106120MIA,PO,MIA,2861.2,,105,92,13
201106120MIA,PO,MIA,2863.9,F,105,95,10
201106120MIA,PO,MIA,2880.0,,105,95,10
