id,type,opponent,elapsedTime,event,teamScore,opponentScore,pointDifference
201310300TOR,RS,BOS,0.0,,0,0,0
201310300TOR,RS,BOS,45.0,,0,2,-2
201310300TOR,RS,BOS,73.0,,0,4,-4
201310300TOR,RS,BOS,106.0,,0,6,-6
201310300TOR,RS,BOS,156.0,,2,6,-4
201310300TOR,RS,BOS,180.0,,2,8,-6
201310300TOR,RS,BOS,196.0,,4,8,-4
201310300TOR,RS,BOS,248.0,,4,9,-5
201310300TOR,RS,BOS,277.0,,6,9,-3
201310300TOR,RS,BOS,308.0,,6,11,-5
201310300TOR,RS,BOS,365.0,,8,11,-3
201310300TOR,RS,BOS,426.0,,8,13,-5
201310300TOR,RS,BOS,440.0,,10,13,-3
201310300TOR,RS,BOS,475.0,,12,13,-1
201310300TOR,RS,BOS,491.0,,12,15,-3
201310300TOR,RS,BOS,514.0,,14,15,-1
201310300TOR,RS,BOS,526.0,,14,16,-2
201310300TOR,RS,BOS,541.0,T,16,16,0
201310300TOR,RS,BOS,547.0,,16,17,-1
201310300TOR,RS,BOS,547.0,,16,18,-2
201310300TOR,RS,BOS,572.0,T,18,18,0
201310300TOR,RS,BOS,599.0,,18,20,-2
201310300TOR,RS,BOS,625.0,T,20,20,0
201310300TOR,RS,BOS,638.0,,20,22,-2
201310300TOR,RS,BOS,661.0,,20,24,-4
201310300TOR,RS,BOS,717.0,,20,26,-6
201310300TOR,RS,BOS,719.0,,21,26,-5
201310300TOR,RS,BOS,722.0,,23,26,-3
201310300TOR,RS,BOS,783.0,T,26,26,0
201310300TOR,RS,BOS,792.0,,26,27,-1
201310300TOR,RS,BOS,792.0,,26,28,-2
201310300TOR,RS,BOS,823.0,T,28,28,0
201310300TOR,RS,BOS,946.0,LC,30,28,2
201310300TOR,RS,BOS,1008.0,T,30,30,0
201310300TOR,RS,BOS,1050.0,,32,30,2
201310300TOR,RS,BOS,1085.0,,34,30,4
201310300TOR,RS,BOS,1109.0,,34,31,3
201310300TOR,RS,BOS,1139.0,,36,31,5
201310300TOR,RS,BOS,1168.0,,38,31,7
201310300TOR,RS,BOS,1192.0,,38,32,6
201310300TOR,RS,BOS,1192.0,,38,33,5
201310300TOR,RS,BOS,1221.0,,38,34,4
201310300TOR,RS,BOS,1230.0,,38,36,2
201310300TOR,RS,BOS,1241.0,,39,36,3
201310300TOR,RS,BOS,1266.0,,40,36,4
201310300TOR,RS,BOS,1266.0,,41,36,5
201310300TOR,RS,BOS,1297.0,,43,36,7
201310300TOR,RS,BOS,1321.0,,44,36,8
201310300TOR,RS,BOS,1333.0,,44,37,7
201310300TOR,RS,BOS,1357.0,,46,37,9
201310300TOR,RS,BOS,1438.0,,49,37,12
201310300TOR,RS,BOS,1469.0,,49,39,10
201310300TOR,RS,BOS,1469.0,,49,40,9
201310300TOR,RS,BOS,1493.0,,52,40,12
201310300TOR,RS,BOS,1540.0,,54,40,14
201310300TOR,RS,BOS,1561.0,,56,40,16
201310300TOR,RS,BOS,1599.0,,56,42,14
201310300TOR,RS,BOS,1631.0,,58,42,16
201310300TOR,RS,BOS,1646.0,,58,44,14
201310300TOR,RS,BOS,1662.0,,60,44,16
201310300TOR,RS,BOS,1675.0,,60,46,14
201310300TOR,RS,BOS,1717.0,,60,47,13
201310300TOR,RS,BOS,1717.0,,60,48,12
201310300TOR,RS,BOS,1739.0,,63,48,15
201310300TOR,RS,BOS,1810.0,,63,49,14
201310300TOR,RS,BOS,1828.0,,63,51,12
201310300TOR,RS,BOS,1860.0,,63,53,10
201310300TOR,RS,BOS,1875.0,,65,53,12
201310300TOR,RS,BOS,1903.0,,65,55,10
201310300TOR,RS,BOS,1929.0,,65,57,8
201310300TOR,RS,BOS,1968.0,,65,58,7
201310300TOR,RS,BOS,2005.0,,65,59,6
201310300TOR,RS,BOS,2017.0,,67,59,8
201310300TOR,RS,BOS,2033.0,,67,61,6
201310300TOR,RS,BOS,2060.0,,69,61,8
201310300TOR,RS,BOS,2074.0,,69,63,6
201310300TOR,RS,BOS,2112.0,,69,66,3
201310300TOR,RS,BOS,2112.0,,70,66,4
201310300TOR,RS,BOS,2127.0,,71,66,5
201310300TOR,RS,BOS,2147.0,,71,69,2
201310300TOR,RS,BOS,2160.0,T,71,71,0
201310300TOR,RS,BOS,2228.0,LC,71,74,-3
201310300TOR,RS,BOS,2257.0,,73,74,-1
201310300TOR,RS,BOS,2287.0,LC,75,74,1
201310300TOR,RS,BOS,2310.0,T,75,75,0
201310300TOR,RS,BOS,2310.0,LC,75,76,-1
201310300TOR,RS,BOS,2361.0,T,76,76,0
201310300TOR,RS,BOS,2406.0,LC,78,76,2
201310300TOR,RS,BOS,2418.0,T,78,78,0
201310300TOR,RS,BOS,2419.0,,79,78,1
201310300TOR,RS,BOS,2499.0,,82,78,4
201310300TOR,RS,BOS,2613.0,,84,78,6
201310300TOR,RS,BOS,2632.0,,84,80,4
201310300TOR,RS,BOS,2667.0,,86,80,6
201310300TOR,RS,BOS,2699.0,,88,80,8
201310300TOR,RS,BOS,2726.0,,90,80,10
201310300TOR,RS,BOS,2742.0,,90,82,8
201310300TOR,RS,BOS,2742.0,,90,83,7
201310300TOR,RS,BOS,2819.0,,90,85,5
201310300TOR,RS,BOS,2851.0,,91,85,6
201310300TOR,RS,BOS,2851.0,,92,85,7
201310300TOR,RS,BOS,2859.0,,93,85,8
201310300TOR,RS,BOS,2872.0,F,93,87,6
201310300TOR,RS,BOS,2880.0,,93,87,6
201311010ATL,RS,ATL,0.0,,0,0,0
201311010ATL,RS,ATL,21.0,,2,0,2
201311010ATL,RS,ATL,35.0,LC,2,3,-1
201311010ATL,RS,ATL,76.0,T,3,3,0
201311010ATL,RS,ATL,76.0,LC,4,3,1
201311010ATL,RS,ATL,87.0,LC,4,6,-2
201311010ATL,RS,ATL,131.0,,5,6,-1
201311010ATL,RS,ATL,157.0,LC,7,6,1
201311010ATL,RS,ATL,193.0,LC,7,9,-2
201311010ATL,RS,ATL,210.0,T,9,9,0
201311010ATL,RS,ATL,221.0,,9,10,-1
201311010ATL,RS,ATL,231.0,LC,11,10,1
201311010ATL,RS,ATL,248.0,LC,11,12,-1
201311010ATL,RS,ATL,318.0,LC,13,12,1
201311010ATL,RS,ATL,338.0,LC,13,14,-1
201311010ATL,RS,ATL,360.0,LC,15,14,1
201311010ATL,RS,ATL,370.0,LC,15,16,-1
201311010ATL,RS,ATL,408.0,LC,18,16,2
201311010ATL,RS,ATL,428.0,,18,17,1
201311010ATL,RS,ATL,463.0,LC,18,19,-1
201311010ATL,RS,ATL,497.0,,18,21,-3
201311010ATL,RS,ATL,522.0,,20,21,-1
201311010ATL,RS,ATL,587.0,LC,22,21,1
201311010ATL,RS,ATL,610.0,LC,22,23,-1
201311010ATL,RS,ATL,691.0,LC,24,23,1
201311010ATL,RS,ATL,712.0,LC,24,25,-1
201311010ATL,RS,ATL,784.0,LC,26,25,1
201311010ATL,RS,ATL,842.0,,29,25,4
201311010ATL,RS,ATL,924.0,,29,27,2
201311010ATL,RS,ATL,949.0,,30,27,3
201311010ATL,RS,ATL,949.0,,31,27,4
201311010ATL,RS,ATL,960.0,,31,29,2
201311010ATL,RS,ATL,1021.0,,33,29,4
201311010ATL,RS,ATL,1044.0,,33,31,2
201311010ATL,RS,ATL,1133.0,,35,31,4
201311010ATL,RS,ATL,1151.0,,35,33,2
201311010ATL,RS,ATL,1198.0,,35,34,1
201311010ATL,RS,ATL,1236.0,LC,35,36,-1
201311010ATL,RS,ATL,1273.0,T,36,36,0
201311010ATL,RS,ATL,1273.0,LC,37,36,1
201311010ATL,RS,ATL,1327.0,LC,37,39,-2
201311010ATL,RS,ATL,1345.0,,37,40,-3
201311010ATL,RS,ATL,1345.0,,37,41,-4
201311010ATL,RS,ATL,1356.0,,39,41,-2
201311010ATL,RS,ATL,1369.0,,39,44,-5
201311010ATL,RS,ATL,1412.0,,39,47,-8
201311010ATL,RS,ATL,1437.0,,39,49,-10
201311010ATL,RS,ATL,1504.0,,39,51,-12
201311010ATL,RS,ATL,1522.0,,41,51,-10
201311010ATL,RS,ATL,1556.0,,44,51,-7
201311010ATL,RS,ATL,1570.0,,44,53,-9
201311010ATL,RS,ATL,1612.0,,44,55,-11
201311010ATL,RS,ATL,1635.0,,44,57,-13
201311010ATL,RS,ATL,1650.0,,46,57,-11
201311010ATL,RS,ATL,1673.0,,46,59,-13
201311010ATL,RS,ATL,1708.0,,48,59,-11
201311010ATL,RS,ATL,1750.0,,48,62,-14
201311010ATL,RS,ATL,1777.0,,48,63,-15
201311010ATL,RS,ATL,1777.0,,48,64,-16
201311010ATL,RS,ATL,1777.0,,48,65,-17
201311010ATL,RS,ATL,1792.0,,50,65,-15
201311010ATL,RS,ATL,1816.0,,52,65,-13
201311010ATL,RS,ATL,1832.0,,52,68,-16
201311010ATL,RS,ATL,1888.0,,52,70,-18
201311010ATL,RS,ATL,1913.0,,54,70,-16
201311010ATL,RS,ATL,1946.0,,56,70,-14
201311010ATL,RS,ATL,1957.0,,56,71,-15
201311010ATL,RS,ATL,1957.0,,56,72,-16
201311010ATL,RS,ATL,1970.0,,59,72,-13
201311010ATL,RS,ATL,2002.0,,62,72,-10
201311010ATL,RS,ATL,2014.0,,62,74,-12
201311010ATL,RS,ATL,2029.0,,62,75,-13
201311010ATL,RS,ATL,2029.0,,62,76,-14
201311010ATL,RS,ATL,2062.0,,62,79,-17
201311010ATL,RS,ATL,2084.0,,64,79,-15
201311010ATL,RS,ATL,2133.0,,66,79,-13
201311010ATL,RS,ATL,2157.0,,68,79,-11
201311010ATL,RS,ATL,2199.0,,70,79,-9
201311010ATL,RS,ATL,2233.0,,70,80,-10
201311010ATL,RS,ATL,2233.0,,70,81,-11
201311010ATL,RS,ATL,2253.0,,73,81,-8
201311010ATL,RS,ATL,2268.0,,73,83,-10
201311010ATL,RS,ATL,2326.0,,75,83,-8
201311010ATL,RS,ATL,2358.0,,75,86,-11
201311010ATL,RS,ATL,2406.0,,77,86,-9
201311010ATL,RS,ATL,2464.0,,79,86,-7
201311010ATL,RS,ATL,2521.0,,79,87,-8
201311010ATL,RS,ATL,2521.0,,79,88,-9
201311010ATL,RS,ATL,2530.0,,81,88,-7
201311010ATL,RS,ATL,2567.0,,83,88,-5
201311010ATL,RS,ATL,2611.0,,83,89,-6
201311010ATL,RS,ATL,2634.0,,84,89,-5
201311010ATL,RS,ATL,2648.0,,84,91,-7
201311010ATL,RS,ATL,2678.0,,84,93,-9
201311010ATL,RS,ATL,2707.0,,87,93,-6
201311010ATL,RS,ATL,2723.0,,87,95,-8
201311010ATL,RS,ATL,2748.0,,89,95,-6
201311010ATL,RS,ATL,2755.0,,89,97,-8
201311010ATL,RS,ATL,2770.0,,91,97,-6
201311010ATL,RS,ATL,2787.0,,91,99,-8
201311010ATL,RS,ATL,2801.0,,93,99,-6
201311010ATL,RS,ATL,2827.0,,93,100,-7
201311010ATL,RS,ATL,2827.0,,93,101,-8
201311010ATL,RS,ATL,2867.0,,95,101,-6
201311010ATL,RS,ATL,2869.0,F,95,102,-7
201311010ATL,RS,ATL,2880.0,,95,102,-7
201311020MIL,RS,MIL,0.0,,0,0,0
201311020MIL,RS,MIL,21.0,,0,2,-2
201311020MIL,RS,MIL,39.0,T,2,2,0
201311020MIL,RS,MIL,85.0,,2,4,-2
201311020MIL,RS,MIL,98.0,T,4,4,0
201311020MIL,RS,MIL,109.0,,4,6,-2
201311020MIL,RS,MIL,127.0,T,6,6,0
201311020MIL,RS,MIL,214.0,,6,9,-3
201311020MIL,RS,MIL,266.0,,6,11,-5
201311020MIL,RS,MIL,314.0,,8,11,-3
201311020MIL,RS,MIL,344.0,T,11,11,0
201311020MIL,RS,MIL,419.0,LC,14,11,3
201311020MIL,RS,MIL,429.0,,14,13,1
201311020MIL,RS,MIL,510.0,LC,14,15,-1
201311020MIL,RS,MIL,537.0,LC,17,15,2
201311020MIL,RS,MIL,567.0,T,17,17,0
201311020MIL,RS,MIL,592.0,,19,17,2
201311020MIL,RS,MIL,607.0,T,19,19,0
201311020MIL,RS,MIL,616.0,,20,19,1
201311020MIL,RS,MIL,652.0,,21,19,2
201311020MIL,RS,MIL,672.0,,23,19,4
201311020MIL,RS,MIL,714.0,,25,19,6
201311020MIL,RS,MIL,729.0,,26,19,7
201311020MIL,RS,MIL,729.0,,27,19,8
201311020MIL,RS,MIL,779.0,,27,21,6
201311020MIL,RS,MIL,809.0,,28,21,7
201311020MIL,RS,MIL,839.0,,28,23,5
201311020MIL,RS,MIL,847.0,,30,23,7
201311020MIL,RS,MIL,852.0,,30,25,5
201311020MIL,RS,MIL,936.0,,32,25,7
201311020MIL,RS,MIL,952.0,,32,28,4
201311020MIL,RS,MIL,970.0,,34,28,6
201311020MIL,RS,MIL,989.0,,34,31,3
201311020MIL,RS,MIL,1082.0,,36,31,5
201311020MIL,RS,MIL,1107.0,,36,33,3
201311020MIL,RS,MIL,1153.0,,38,33,5
201311020MIL,RS,MIL,1167.0,,38,34,4
201311020MIL,RS,MIL,1167.0,,38,35,3
201311020MIL,RS,MIL,1167.0,,38,36,2
201311020MIL,RS,MIL,1205.0,T,38,38,0
201311020MIL,RS,MIL,1229.0,,41,38,3
201311020MIL,RS,MIL,1247.0,,41,39,2
201311020MIL,RS,MIL,1273.0,T,41,41,0
201311020MIL,RS,MIL,1283.0,,42,41,1
201311020MIL,RS,MIL,1315.0,,44,41,3
201311020MIL,RS,MIL,1337.0,T,44,44,0
201311020MIL,RS,MIL,1355.0,,47,44,3
201311020MIL,RS,MIL,1380.0,,48,44,4
201311020MIL,RS,MIL,1380.0,,49,44,5
201311020MIL,RS,MIL,1434.0,,49,46,3
201311020MIL,RS,MIL,1440.0,,51,46,5
201311020MIL,RS,MIL,1523.0,,52,46,6
201311020MIL,RS,MIL,1523.0,,53,46,7
201311020MIL,RS,MIL,1536.0,,53,48,5
201311020MIL,RS,MIL,1562.0,,55,48,7
201311020MIL,RS,MIL,1591.0,,57,48,9
201311020MIL,RS,MIL,1667.0,,57,50,7
201311020MIL,RS,MIL,1696.0,,57,51,6
201311020MIL,RS,MIL,1725.0,,57,53,4
201311020MIL,RS,MIL,1771.0,,57,55,2
201311020MIL,RS,MIL,1787.0,,58,55,3
201311020MIL,RS,MIL,1787.0,,59,55,4
201311020MIL,RS,MIL,1818.0,,60,55,5
201311020MIL,RS,MIL,1818.0,,61,55,6
201311020MIL,RS,MIL,1831.0,,61,57,4
201311020MIL,RS,MIL,1881.0,,63,57,6
201311020MIL,RS,MIL,1894.0,,63,59,4
201311020MIL,RS,MIL,1918.0,,66,59,7
201311020MIL,RS,MIL,1967.0,,69,59,10
201311020MIL,RS,MIL,1986.0,,71,59,12
201311020MIL,RS,MIL,2009.0,,71,60,11
201311020MIL,RS,MIL,2039.0,,72,60,12
201311020MIL,RS,MIL,2039.0,,73,60,13
201311020MIL,RS,MIL,2051.0,,73,61,12
201311020MIL,RS,MIL,2051.0,,73,62,11
201311020MIL,RS,MIL,2071.0,,75,62,13
201311020MIL,RS,MIL,2107.0,,75,64,11
201311020MIL,RS,MIL,2152.0,,76,64,12
201311020MIL,RS,MIL,2152.0,,77,64,13
201311020MIL,RS,MIL,2158.0,,77,65,12
201311020MIL,RS,MIL,2169.0,,77,67,10
201311020MIL,RS,MIL,2180.0,,78,67,11
201311020MIL,RS,MIL,2180.0,,79,67,12
201311020MIL,RS,MIL,2196.0,,79,69,10
201311020MIL,RS,MIL,2290.0,,79,71,8
201311020MIL,RS,MIL,2314.0,,80,71,9
201311020MIL,RS,MIL,2327.0,,80,73,7
201311020MIL,RS,MIL,2346.0,,80,75,5
201311020MIL,RS,MIL,2363.0,,81,75,6
201311020MIL,RS,MIL,2392.0,,81,77,4
201311020MIL,RS,MIL,2415.0,,83,77,6
201311020MIL,RS,MIL,2430.0,,83,79,4
201311020MIL,RS,MIL,2496.0,,83,82,1
201311020MIL,RS,MIL,2516.0,,84,82,2
201311020MIL,RS,MIL,2516.0,,85,82,3
201311020MIL,RS,MIL,2527.0,T,85,85,0
201311020MIL,RS,MIL,2576.0,,87,85,2
201311020MIL,RS,MIL,2634.0,,89,85,4
201311020MIL,RS,MIL,2696.0,,89,86,3
201311020MIL,RS,MIL,2732.0,,90,86,4
201311020MIL,RS,MIL,2732.0,,91,86,5
201311020MIL,RS,MIL,2751.0,,91,88,3
201311020MIL,RS,MIL,2770.0,,93,88,5
201311020MIL,RS,MIL,2840.0,,95,88,7
201311020MIL,RS,MIL,2851.0,,96,88,8
201311020MIL,RS,MIL,2851.0,,97,88,9
201311020MIL,RS,MIL,2857.0,F,97,90,7
201311020MIL,RS,MIL,2880.0,,97,90,7
201311050TOR,RS,MIA,0.0,,0,0,0
201311050TOR,RS,MIA,79.0,,3,0,3
201311050TOR,RS,MIA,142.0,,5,0,5
201311050TOR,RS,MIA,176.0,,7,0,7
201311050TOR,RS,MIA,190.0,,7,2,5
201311050TOR,RS,MIA,210.0,,9,2,7
201311050TOR,RS,MIA,230.0,,9,4,5
201311050TOR,RS,MIA,252.0,,11,4,7
201311050TOR,RS,MIA,271.0,,11,6,5
201311050TOR,RS,MIA,286.0,,12,6,6
201311050TOR,RS,MIA,286.0,,13,6,7
201311050TOR,RS,MIA,316.0,,13,8,5
201311050TOR,RS,MIA,330.0,,15,8,7
201311050TOR,RS,MIA,368.0,,17,8,9
201311050TOR,RS,MIA,389.0,,17,10,7
201311050TOR,RS,MIA,407.0,,19,10,9
201311050TOR,RS,MIA,429.0,,19,12,7
201311050TOR,RS,MIA,525.0,,20,12,8
201311050TOR,RS,MIA,540.0,,20,14,6
201311050TOR,RS,MIA,569.0,,20,16,4
201311050TOR,RS,MIA,622.0,,20,18,2
201311050TOR,RS,MIA,653.0,,20,19,1
201311050TOR,RS,MIA,653.0,T,20,20,0
201311050TOR,RS,MIA,669.0,,23,20,3
201311050TOR,RS,MIA,686.0,T,23,23,0
201311050TOR,RS,MIA,706.0,,25,23,2
201311050TOR,RS,MIA,765.0,,27,23,4
201311050TOR,RS,MIA,782.0,,27,25,2
201311050TOR,RS,MIA,802.0,,29,25,4
201311050TOR,RS,MIA,802.0,,30,25,5
201311050TOR,RS,MIA,889.0,,32,25,7
201311050TOR,RS,MIA,889.0,,33,25,8
201311050TOR,RS,MIA,934.0,,33,26,7
201311050TOR,RS,MIA,952.0,,35,26,9
201311050TOR,RS,MIA,971.0,,35,29,6
201311050TOR,RS,MIA,988.0,,38,29,9
201311050TOR,RS,MIA,1008.0,,38,32,6
201311050TOR,RS,MIA,1035.0,,41,32,9
201311050TOR,RS,MIA,1054.0,,41,34,7
201311050TOR,RS,MIA,1083.0,,42,34,8
201311050TOR,RS,MIA,1083.0,,43,34,9
201311050TOR,RS,MIA,1144.0,,45,34,11
201311050TOR,RS,MIA,1173.0,,45,35,10
201311050TOR,RS,MIA,1173.0,,45,36,9
201311050TOR,RS,MIA,1204.0,,45,39,6
201311050TOR,RS,MIA,1238.0,,47,39,8
201311050TOR,RS,MIA,1266.0,,47,42,5
201311050TOR,RS,MIA,1313.0,,47,44,3
201311050TOR,RS,MIA,1325.0,,49,44,5
201311050TOR,RS,MIA,1369.0,,49,45,4
201311050TOR,RS,MIA,1369.0,,49,46,3
201311050TOR,RS,MIA,1385.0,,50,46,4
201311050TOR,RS,MIA,1408.0,,50,48,2
201311050TOR,RS,MIA,1408.0,,50,49,1
201311050TOR,RS,MIA,1440.0,LC,50,52,-2
201311050TOR,RS,MIA,1460.0,,50,54,-4
201311050TOR,RS,MIA,1493.0,,50,56,-6
201311050TOR,RS,MIA,1519.0,,53,56,-3
201311050TOR,RS,MIA,1529.0,,53,58,-5
201311050TOR,RS,MIA,1561.0,,53,60,-7
201311050TOR,RS,MIA,1611.0,,53,62,-9
201311050TOR,RS,MIA,1632.0,,55,62,-7
201311050TOR,RS,MIA,1666.0,,55,64,-9
201311050TOR,RS,MIA,1689.0,,57,64,-7
201311050TOR,RS,MIA,1734.0,,57,67,-10
201311050TOR,RS,MIA,1758.0,,58,67,-9
201311050TOR,RS,MIA,1758.0,,59,67,-8
201311050TOR,RS,MIA,1787.0,,61,67,-6
201311050TOR,RS,MIA,1825.0,,61,69,-8
201311050TOR,RS,MIA,1841.0,,63,69,-6
201311050TOR,RS,MIA,1919.0,,65,69,-4
201311050TOR,RS,MIA,1919.0,,66,69,-3
201311050TOR,RS,MIA,1940.0,,66,71,-5
201311050TOR,RS,MIA,1955.0,,68,71,-3
201311050TOR,RS,MIA,1955.0,,69,71,-2
201311050TOR,RS,MIA,1980.0,T,71,71,0
201311050TOR,RS,MIA,2009.0,,71,73,-2
201311050TOR,RS,MIA,2085.0,,71,76,-5
201311050TOR,RS,MIA,2110.0,,74,76,-2
201311050TOR,RS,MIA,2160.0,,74,78,-4
201311050TOR,RS,MIA,2205.0,,74,80,-6
201311050TOR,RS,MIA,2230.0,,74,82,-8
201311050TOR,RS,MIA,2262.0,,74,84,-10
201311050TOR,RS,MIA,2283.0,,74,86,-12
201311050TOR,RS,MIA,2382.0,,74,88,-14
201311050TOR,RS,MIA,2413.0,,74,90,-16
201311050TOR,RS,MIA,2428.0,,75,90,-15
201311050TOR,RS,MIA,2428.0,,76,90,-14
201311050TOR,RS,MIA,2453.0,,77,90,-13
201311050TOR,RS,MIA,2474.0,,78,90,-12
201311050TOR,RS,MIA,2528.0,,79,90,-11
201311050TOR,RS,MIA,2528.0,,80,90,-10
201311050TOR,RS,MIA,2547.0,,80,91,-11
201311050TOR,RS,MIA,2549.0,,80,93,-13
201311050TOR,RS,MIA,2568.0,,81,93,-12
201311050TOR,RS,MIA,2568.0,,82,93,-11
201311050TOR,RS,MIA,2586.0,,82,96,-14
201311050TOR,RS,MIA,2642.0,,84,96,-12
201311050TOR,RS,MIA,2642.0,,85,96,-11
201311050TOR,RS,MIA,2712.0,,87,96,-9
201311050TOR,RS,MIA,2744.0,,88,96,-8
201311050TOR,RS,MIA,2744.0,,89,96,-7
201311050TOR,RS,MIA,2744.0,,90,96,-6
201311050TOR,RS,MIA,2776.0,,90,98,-8
201311050TOR,RS,MIA,2776.0,,90,99,-9
201311050TOR,RS,MIA,2808.0,,90,102,-12
201311050TOR,RS,MIA,2818.0,,91,102,-11
201311050TOR,RS,MIA,2818.0,,92,102,-10
201311050TOR,RS,MIA,2847.0,,93,102,-9
201311050TOR,RS,MIA,2864.0,,93,103,-10
201311050TOR,RS,MIA,2864.0,,93,104,-11
201311050TOR,RS,MIA,2874.0,F,95,104,-9
201311050TOR,RS,MIA,2880.0,,95,104,-9
201311060CHA,RS,CHO,0.0,,0,0,0
201311060CHA,RS,CHO,17.0,,0,2,-2
201311060CHA,RS,CHO,59.0,,0,4,-4
201311060CHA,RS,CHO,103.0,,0,6,-6
201311060CHA,RS,CHO,141.0,,2,6,-4
201311060CHA,RS,CHO,145.0,,2,8,-6
201311060CHA,RS,CHO,185.0,,4,8,-4
201311060CHA,RS,CHO,198.0,,4,10,-6
201311060CHA,RS,CHO,217.0,,6,10,-4
201311060CHA,RS,CHO,237.0,,6,12,-6
201311060CHA,RS,CHO,260.0,,8,12,-4
201311060CHA,RS,CHO,274.0,,8,14,-6
201311060CHA,RS,CHO,311.0,,8,16,-8
201311060CHA,RS,CHO,389.0,,10,16,-6
201311060CHA,RS,CHO,418.0,,10,18,-8
201311060CHA,RS,CHO,453.0,,10,21,-11
201311060CHA,RS,CHO,477.0,,12,21,-9
201311060CHA,RS,CHO,503.0,,12,23,-11
201311060CHA,RS,CHO,529.0,,14,23,-9
201311060CHA,RS,CHO,549.0,,14,25,-11
201311060CHA,RS,CHO,587.0,,14,27,-13
201311060CHA,RS,CHO,598.0,,16,27,-11
201311060CHA,RS,CHO,654.0,,16,30,-14
201311060CHA,RS,CHO,681.0,,18,30,-12
201311060CHA,RS,CHO,691.0,,18,32,-14
201311060CHA,RS,CHO,754.0,,20,32,-12
201311060CHA,RS,CHO,763.0,,20,34,-14
201311060CHA,RS,CHO,788.0,,20,36,-16
201311060CHA,RS,CHO,804.0,,22,36,-14
201311060CHA,RS,CHO,836.0,,24,36,-12
201311060CHA,RS,CHO,836.0,,25,36,-11
201311060CHA,RS,CHO,850.0,,25,37,-12
201311060CHA,RS,CHO,850.0,,25,38,-13
201311060CHA,RS,CHO,855.0,,26,38,-12
201311060CHA,RS,CHO,855.0,,27,38,-11
201311060CHA,RS,CHO,855.0,,28,38,-10
201311060CHA,RS,CHO,935.0,,28,40,-12
201311060CHA,RS,CHO,958.0,,30,40,-10
201311060CHA,RS,CHO,995.0,,30,41,-11
201311060CHA,RS,CHO,995.0,,30,42,-12
201311060CHA,RS,CHO,1020.0,,30,44,-14
201311060CHA,RS,CHO,1044.0,,31,44,-13
201311060CHA,RS,CHO,1051.0,,33,44,-11
201311060CHA,RS,CHO,1083.0,,35,44,-9
201311060CHA,RS,CHO,1124.0,,38,44,-6
201311060CHA,RS,CHO,1145.0,,38,45,-7
201311060CHA,RS,CHO,1168.0,,38,47,-9
201311060CHA,RS,CHO,1188.0,,40,47,-7
201311060CHA,RS,CHO,1219.0,,40,49,-9
201311060CHA,RS,CHO,1239.0,,40,50,-10
201311060CHA,RS,CHO,1260.0,,42,50,-8
201311060CHA,RS,CHO,1280.0,,42,51,-9
201311060CHA,RS,CHO,1303.0,,45,51,-6
201311060CHA,RS,CHO,1330.0,,48,51,-3
201311060CHA,RS,CHO,1370.0,T,51,51,0
201311060CHA,RS,CHO,1408.0,,51,53,-2
201311060CHA,RS,CHO,1431.0,T,53,53,0
201311060CHA,RS,CHO,1453.0,LC,55,53,2
201311060CHA,RS,CHO,1468.0,T,55,55,0
201311060CHA,RS,CHO,1510.0,LC,55,57,-2
201311060CHA,RS,CHO,1539.0,LC,58,57,1
201311060CHA,RS,CHO,1577.0,,60,57,3
201311060CHA,RS,CHO,1630.0,,61,57,4
201311060CHA,RS,CHO,1630.0,,62,57,5
201311060CHA,RS,CHO,1646.0,,62,60,2
201311060CHA,RS,CHO,1685.0,T,62,62,0
201311060CHA,RS,CHO,1715.0,LC,62,64,-2
201311060CHA,RS,CHO,1743.0,,62,66,-4
201311060CHA,RS,CHO,1782.0,,62,68,-6
201311060CHA,RS,CHO,1859.0,,63,68,-5
201311060CHA,RS,CHO,1859.0,,64,68,-4
201311060CHA,RS,CHO,1907.0,,64,70,-6
201311060CHA,RS,CHO,1928.0,,65,70,-5
201311060CHA,RS,CHO,1928.0,,66,70,-4
201311060CHA,RS,CHO,1945.0,,66,72,-6
201311060CHA,RS,CHO,2000.0,,66,73,-7
201311060CHA,RS,CHO,2019.0,,68,73,-5
201311060CHA,RS,CHO,2045.0,,68,75,-7
201311060CHA,RS,CHO,2110.0,,70,75,-5
201311060CHA,RS,CHO,2138.0,,70,76,-6
201311060CHA,RS,CHO,2181.0,,70,78,-8
201311060CHA,RS,CHO,2198.0,,73,78,-5
201311060CHA,RS,CHO,2282.0,,76,78,-2
201311060CHA,RS,CHO,2313.0,,76,80,-4
201311060CHA,RS,CHO,2368.0,,78,80,-2
201311060CHA,RS,CHO,2434.0,,78,82,-4
201311060CHA,RS,CHO,2468.0,,78,83,-5
201311060CHA,RS,CHO,2468.0,,78,84,-6
201311060CHA,RS,CHO,2504.0,,78,85,-7
201311060CHA,RS,CHO,2504.0,,78,86,-8
201311060CHA,RS,CHO,2522.0,,80,86,-6
201311060CHA,RS,CHO,2565.0,,80,87,-7
201311060CHA,RS,CHO,2583.0,,80,88,-8
201311060CHA,RS,CHO,2583.0,,80,89,-9
201311060CHA,RS,CHO,2602.0,,82,89,-7
201311060CHA,RS,CHO,2646.0,,82,90,-8
201311060CHA,RS,CHO,2693.0,,84,90,-6
201311060CHA,RS,CHO,2728.0,,86,90,-4
201311060CHA,RS,CHO,2756.0,,88,90,-2
201311060CHA,RS,CHO,2809.0,,88,92,-4
201311060CHA,RS,CHO,2818.0,,89,92,-3
201311060CHA,RS,CHO,2818.0,F,90,92,-2
201311060CHA,RS,CHO,2880.0,,90,92,-2
201311080IND,RS,IND,0.0,,0,0,0
201311080IND,RS,IND,12.0,,2,0,2
201311080IND,RS,IND,30.0,T,2,2,0
201311080IND,RS,IND,80.0,LC,2,5,-3
201311080IND,RS,IND,106.0,T,5,5,0
201311080IND,RS,IND,121.0,,5,7,-2
201311080IND,RS,IND,196.0,,5,9,-4
201311080IND,RS,IND,216.0,,7,9,-2
201311080IND,RS,IND,237.0,T,9,9,0
201311080IND,RS,IND,263.0,LC,10,9,1
201311080IND,RS,IND,263.0,,11,9,2
201311080IND,RS,IND,276.0,T,11,11,0
201311080IND,RS,IND,356.0,LC,11,13,-2
201311080IND,RS,IND,383.0,T,13,13,0
201311080IND,RS,IND,403.0,,13,15,-2
201311080IND,RS,IND,427.0,LC,16,15,1
201311080IND,RS,IND,444.0,T,16,16,0
201311080IND,RS,IND,456.0,,18,16,2
201311080IND,RS,IND,472.0,T,18,18,0
201311080IND,RS,IND,516.0,,20,18,2
201311080IND,RS,IND,543.0,,23,18,5
201311080IND,RS,IND,570.0,,25,18,7
201311080IND,RS,IND,619.0,,27,18,9
201311080IND,RS,IND,662.0,,29,18,11
201311080IND,RS,IND,662.0,,30,18,12
201311080IND,RS,IND,672.0,,30,20,10
201311080IND,RS,IND,702.0,,30,22,8
201311080IND,RS,IND,717.0,,32,22,10
201311080IND,RS,IND,780.0,,33,22,11
201311080IND,RS,IND,780.0,,34,22,12
201311080IND,RS,IND,803.0,,34,24,10
201311080IND,RS,IND,841.0,,34,26,8
201311080IND,RS,IND,933.0,,34,28,6
201311080IND,RS,IND,961.0,,34,31,3
201311080IND,RS,IND,1004.0,T,34,34,0
201311080IND,RS,IND,1027.0,,36,34,2
201311080IND,RS,IND,1039.0,,36,35,1
201311080IND,RS,IND,1039.0,T,36,36,0
201311080IND,RS,IND,1052.0,,38,36,2
201311080IND,RS,IND,1066.0,,38,37,1
201311080IND,RS,IND,1115.0,,39,37,2
201311080IND,RS,IND,1115.0,,40,37,3
201311080IND,RS,IND,1158.0,,42,37,5
201311080IND,RS,IND,1245.0,,42,39,3
201311080IND,RS,IND,1287.0,,44,39,5
201311080IND,RS,IND,1308.0,,44,40,4
201311080IND,RS,IND,1308.0,,44,41,3
201311080IND,RS,IND,1335.0,,46,41,5
201311080IND,RS,IND,1363.0,,46,42,4
201311080IND,RS,IND,1440.0,,46,44,2
201311080IND,RS,IND,1466.0,,46,45,1
201311080IND,RS,IND,1466.0,T,46,46,0
201311080IND,RS,IND,1510.0,LC,46,49,-3
201311080IND,RS,IND,1565.0,,46,51,-5
201311080IND,RS,IND,1605.0,,46,54,-8
201311080IND,RS,IND,1637.0,,47,54,-7
201311080IND,RS,IND,1637.0,,48,54,-6
201311080IND,RS,IND,1679.0,,48,56,-8
201311080IND,RS,IND,1700.0,,50,56,-6
201311080IND,RS,IND,1746.0,,50,58,-8
201311080IND,RS,IND,1768.0,,52,58,-6
201311080IND,RS,IND,1787.0,,52,60,-8
201311080IND,RS,IND,1813.0,,52,62,-10
201311080IND,RS,IND,1887.0,,52,64,-12
201311080IND,RS,IND,1902.0,,54,64,-10
201311080IND,RS,IND,1953.0,,54,66,-12
201311080IND,RS,IND,1953.0,,54,67,-13
201311080IND,RS,IND,1974.0,,57,67,-10
201311080IND,RS,IND,2021.0,,59,67,-8
201311080IND,RS,IND,2042.0,,59,68,-9
201311080IND,RS,IND,2042.0,,59,69,-10
201311080IND,RS,IND,2160.0,,59,72,-13
201311080IND,RS,IND,2175.0,,62,72,-10
201311080IND,RS,IND,2227.0,,62,74,-12
201311080IND,RS,IND,2252.0,,62,76,-14
201311080IND,RS,IND,2285.0,,62,78,-16
201311080IND,RS,IND,2403.0,,63,78,-15
201311080IND,RS,IND,2403.0,,64,78,-14
201311080IND,RS,IND,2450.0,,66,78,-12
201311080IND,RS,IND,2482.0,,66,80,-14
201311080IND,RS,IND,2533.0,,68,80,-12
201311080IND,RS,IND,2583.0,,70,80,-10
201311080IND,RS,IND,2597.0,,70,82,-12
201311080IND,RS,IND,2608.0,,71,82,-11
201311080IND,RS,IND,2608.0,,72,82,-10
201311080IND,RS,IND,2628.0,,72,84,-12
201311080IND,RS,IND,2642.0,,74,84,-10
201311080IND,RS,IND,2661.0,,74,86,-12
201311080IND,RS,IND,2681.0,,76,86,-10
201311080IND,RS,IND,2789.0,,78,86,-8
201311080IND,RS,IND,2789.0,,79,86,-7
201311080IND,RS,IND,2809.0,,79,88,-9
201311080IND,RS,IND,2821.0,,82,88,-6
201311080IND,RS,IND,2836.0,,82,90,-8
201311080IND,RS,IND,2869.0,,82,91,-9
201311080IND,RS,IND,2874.0,F,84,91,-7
201311080IND,RS,IND,2880.0,,84,91,-7
201311090TOR,RS,UTA,0.0,,0,0,0
201311090TOR,RS,UTA,14.0,,2,0,2
201311090TOR,RS,UTA,46.0,,5,0,5
201311090TOR,RS,UTA,67.0,,5,2,3
201311090TOR,RS,UTA,86.0,,7,2,5
201311090TOR,RS,UTA,163.0,,10,2,8
201311090TOR,RS,UTA,177.0,,10,4,6
201311090TOR,RS,UTA,194.0,,12,4,8
201311090TOR,RS,UTA,213.0,,12,5,7
201311090TOR,RS,UTA,213.0,,12,6,6
201311090TOR,RS,UTA,259.0,,14,6,8
201311090TOR,RS,UTA,276.0,,14,8,6
201311090TOR,RS,UTA,314.0,,14,10,4
201311090TOR,RS,UTA,361.0,,14,12,2
201311090TOR,RS,UTA,432.0,,17,12,5
201311090TOR,RS,UTA,468.0,,19,12,7
201311090TOR,RS,UTA,542.0,,20,12,8
201311090TOR,RS,UTA,542.0,,21,12,9
201311090TOR,RS,UTA,556.0,,21,14,7
201311090TOR,RS,UTA,575.0,,22,14,8
201311090TOR,RS,UTA,575.0,,23,14,9
201311090TOR,RS,UTA,614.0,,25,14,11
201311090TOR,RS,UTA,642.0,,25,16,9
201311090TOR,RS,UTA,662.0,,26,16,10
201311090TOR,RS,UTA,662.0,,27,16,11
201311090TOR,RS,UTA,684.0,,30,16,14
201311090TOR,RS,UTA,760.0,,32,16,16
201311090TOR,RS,UTA,787.0,,34,16,18
201311090TOR,RS,UTA,787.0,,35,16,19
201311090TOR,RS,UTA,809.0,,35,18,17
201311090TOR,RS,UTA,856.0,,37,18,19
201311090TOR,RS,UTA,884.0,,39,18,21
201311090TOR,RS,UTA,903.0,,39,20,19
201311090TOR,RS,UTA,927.0,,41,20,21
201311090TOR,RS,UTA,981.0,,43,20,23
201311090TOR,RS,UTA,1020.0,,45,20,25
201311090TOR,RS,UTA,1047.0,,46,20,26
201311090TOR,RS,UTA,1047.0,,47,20,27
201311090TOR,RS,UTA,1064.0,,47,22,25
201311090TOR,RS,UTA,1077.0,,47,24,23
201311090TOR,RS,UTA,1099.0,,49,24,25
201311090TOR,RS,UTA,1117.0,,49,26,23
201311090TOR,RS,UTA,1167.0,,51,26,25
201311090TOR,RS,UTA,1232.0,,53,26,27
201311090TOR,RS,UTA,1299.0,,53,28,25
201311090TOR,RS,UTA,1327.0,,56,28,28
201311090TOR,RS,UTA,1342.0,,56,31,25
201311090TOR,RS,UTA,1361.0,,56,32,24
201311090TOR,RS,UTA,1383.0,,59,32,27
201311090TOR,RS,UTA,1392.0,,59,33,26
201311090TOR,RS,UTA,1392.0,,59,34,25
201311090TOR,RS,UTA,1426.0,,59,35,24
201311090TOR,RS,UTA,1426.0,,59,36,23
201311090TOR,RS,UTA,1439.0,,62,36,26
201311090TOR,RS,UTA,1507.0,,62,38,24
201311090TOR,RS,UTA,1558.0,,63,38,25
201311090TOR,RS,UTA,1558.0,,64,38,26
201311090TOR,RS,UTA,1573.0,,64,40,24
201311090TOR,RS,UTA,1590.0,,66,40,26
201311090TOR,RS,UTA,1601.0,,68,40,28
201311090TOR,RS,UTA,1630.0,,68,41,27
201311090TOR,RS,UTA,1654.0,,70,41,29
201311090TOR,RS,UTA,1675.0,,70,42,28
201311090TOR,RS,UTA,1675.0,,70,43,27
201311090TOR,RS,UTA,1708.0,,71,43,28
201311090TOR,RS,UTA,1719.0,,73,43,30
201311090TOR,RS,UTA,1719.0,,74,43,31
201311090TOR,RS,UTA,1737.0,,74,45,29
201311090TOR,RS,UTA,1765.0,,76,45,31
201311090TOR,RS,UTA,1779.0,,76,46,30
201311090TOR,RS,UTA,1819.0,,76,47,29
201311090TOR,RS,UTA,1819.0,,76,48,28
201311090TOR,RS,UTA,1857.0,,79,48,31
201311090TOR,RS,UTA,1890.0,,81,48,33
201311090TOR,RS,UTA,1909.0,,81,50,31
201311090TOR,RS,UTA,1936.0,,82,50,32
201311090TOR,RS,UTA,1936.0,,83,50,33
201311090TOR,RS,UTA,1948.0,,83,52,31
201311090TOR,RS,UTA,1965.0,,85,52,33
201311090TOR,RS,UTA,2004.0,,85,53,32
201311090TOR,RS,UTA,2033.0,,85,55,30
201311090TOR,RS,UTA,2033.0,,85,56,29
201311090TOR,RS,UTA,2066.0,,85,58,27
201311090TOR,RS,UTA,2080.0,,86,58,28
201311090TOR,RS,UTA,2118.0,,88,58,30
201311090TOR,RS,UTA,2135.0,,88,60,28
201311090TOR,RS,UTA,2159.0,,90,60,30
201311090TOR,RS,UTA,2159.0,,91,60,31
201311090TOR,RS,UTA,2178.0,,93,60,33
201311090TOR,RS,UTA,2205.0,,95,60,35
201311090TOR,RS,UTA,2238.0,,97,60,37
201311090TOR,RS,UTA,2256.0,,97,62,35
201311090TOR,RS,UTA,2273.0,,100,62,38
201311090TOR,RS,UTA,2286.0,,100,64,36
201311090TOR,RS,UTA,2286.0,,100,65,35
201311090TOR,RS,UTA,2354.0,,100,66,34
201311090TOR,RS,UTA,2354.0,,100,67,33
201311090TOR,RS,UTA,2363.0,,101,67,34
201311090TOR,RS,UTA,2363.0,,102,67,35
201311090TOR,RS,UTA,2375.0,,102,69,33
201311090TOR,RS,UTA,2417.0,,105,69,36
201311090TOR,RS,UTA,2457.0,,105,71,34
201311090TOR,RS,UTA,2481.0,,105,72,33
201311090TOR,RS,UTA,2481.0,,105,73,32
201311090TOR,RS,UTA,2590.0,,105,75,30
201311090TOR,RS,UTA,2614.0,,106,75,31
201311090TOR,RS,UTA,2634.0,,106,77,29
201311090TOR,RS,UTA,2647.0,,107,77,30
201311090TOR,RS,UTA,2712.0,,107,79,28
201311090TOR,RS,UTA,2722.0,,108,79,29
201311090TOR,RS,UTA,2722.0,,109,79,30
201311090TOR,RS,UTA,2734.0,,109,81,28
201311090TOR,RS,UTA,2759.0,,111,81,30
201311090TOR,RS,UTA,2778.0,,111,83,28
201311090TOR,RS,UTA,2794.0,,113,83,30
201311090TOR,RS,UTA,2794.0,,114,83,31
201311090TOR,RS,UTA,2816.0,,114,85,29
201311090TOR,RS,UTA,2842.0,,114,88,26
201311090TOR,RS,UTA,2858.0,,115,88,27
201311090TOR,RS,UTA,2868.0,F,115,91,24
201311090TOR,RS,UTA,2880.0,,115,91,24
201311110HOU,RS,HOU,0.0,,0,0,0
201311110HOU,RS,HOU,68.0,,2,0,2
201311110HOU,RS,HOU,80.0,T,2,2,0
201311110HOU,RS,HOU,104.0,,3,2,1
201311110HOU,RS,HOU,104.0,,4,2,2
201311110HOU,RS,HOU,150.0,,5,2,3
201311110HOU,RS,HOU,164.0,,5,4,1
201311110HOU,RS,HOU,194.0,LC,5,6,-1
201311110HOU,RS,HOU,216.0,LC,7,6,1
201311110HOU,RS,HOU,265.0,LC,7,9,-2
201311110HOU,RS,HOU,291.0,T,9,9,0
201311110HOU,RS,HOU,309.0,,9,11,-2
201311110HOU,RS,HOU,325.0,T,11,11,0
201311110HOU,RS,HOU,344.0,LC,12,11,1
201311110HOU,RS,HOU,344.0,,13,11,2
201311110HOU,RS,HOU,355.0,,13,12,1
201311110HOU,RS,HOU,355.0,T,13,13,0
201311110HOU,RS,HOU,403.0,,15,13,2
201311110HOU,RS,HOU,442.0,T,15,15,0
201311110HOU,RS,HOU,467.0,LC,15,16,-1
201311110HOU,RS,HOU,467.0,,15,17,-2
201311110HOU,RS,HOU,523.0,,15,18,-3
201311110HOU,RS,HOU,548.0,,17,18,-1
201311110HOU,RS,HOU,567.0,,17,19,-2
201311110HOU,RS,HOU,567.0,,17,20,-3
201311110HOU,RS,HOU,602.0,T,20,20,0
201311110HOU,RS,HOU,630.0,,20,22,-2
201311110HOU,RS,HOU,649.0,,20,23,-3
201311110HOU,RS,HOU,649.0,,20,24,-4
201311110HOU,RS,HOU,735.0,,20,26,-6
201311110HOU,RS,HOU,763.0,,20,27,-7
201311110HOU,RS,HOU,823.0,,20,29,-9
201311110HOU,RS,HOU,852.0,,20,31,-11
201311110HOU,RS,HOU,897.0,,22,31,-9
201311110HOU,RS,HOU,897.0,,22,32,-10
201311110HOU,RS,HOU,897.0,,23,32,-9
201311110HOU,RS,HOU,936.0,,25,32,-7
201311110HOU,RS,HOU,956.0,,25,33,-8
201311110HOU,RS,HOU,956.0,,25,34,-9
201311110HOU,RS,HOU,976.0,,27,34,-7
201311110HOU,RS,HOU,1082.0,,28,34,-6
201311110HOU,RS,HOU,1082.0,,29,34,-5
201311110HOU,RS,HOU,1100.0,,29,36,-7
201311110HOU,RS,HOU,1113.0,,31,36,-5
201311110HOU,RS,HOU,1113.0,,32,36,-4
201311110HOU,RS,HOU,1157.0,,32,38,-6
201311110HOU,RS,HOU,1240.0,,32,41,-9
201311110HOU,RS,HOU,1329.0,,32,43,-11
201311110HOU,RS,HOU,1373.0,,33,43,-10
201311110HOU,RS,HOU,1394.0,,33,45,-12
201311110HOU,RS,HOU,1417.0,,33,47,-14
201311110HOU,RS,HOU,1485.0,,35,47,-12
201311110HOU,RS,HOU,1598.0,,36,47,-11
201311110HOU,RS,HOU,1598.0,,37,47,-10
201311110HOU,RS,HOU,1612.0,,37,49,-12
201311110HOU,RS,HOU,1643.0,,37,51,-14
201311110HOU,RS,HOU,1665.0,,37,53,-16
201311110HOU,RS,HOU,1665.0,,37,54,-17
201311110HOU,RS,HOU,1684.0,,39,54,-15
201311110HOU,RS,HOU,1734.0,,41,54,-13
201311110HOU,RS,HOU,1758.0,,41,55,-14
201311110HOU,RS,HOU,1774.0,,44,55,-11
201311110HOU,RS,HOU,1825.0,,46,55,-9
201311110HOU,RS,HOU,1861.0,,48,55,-7
201311110HOU,RS,HOU,1862.0,,48,56,-8
201311110HOU,RS,HOU,1862.0,,48,57,-9
201311110HOU,RS,HOU,1913.0,,48,59,-11
201311110HOU,RS,HOU,1931.0,,50,59,-9
201311110HOU,RS,HOU,1962.0,,50,60,-10
201311110HOU,RS,HOU,1962.0,,50,61,-11
201311110HOU,RS,HOU,1988.0,,50,64,-14
201311110HOU,RS,HOU,2006.0,,51,64,-13
201311110HOU,RS,HOU,2021.0,,54,64,-10
201311110HOU,RS,HOU,2051.0,,56,64,-8
201311110HOU,RS,HOU,2062.0,,56,65,-9
201311110HOU,RS,HOU,2082.0,,58,65,-7
201311110HOU,RS,HOU,2104.0,,58,67,-9
201311110HOU,RS,HOU,2116.0,,60,67,-7
201311110HOU,RS,HOU,2132.0,,60,70,-10
201311110HOU,RS,HOU,2132.0,,60,71,-11
201311110HOU,RS,HOU,2156.0,,62,71,-9
201311110HOU,RS,HOU,2194.0,,62,73,-11
201311110HOU,RS,HOU,2208.0,,63,73,-10
201311110HOU,RS,HOU,2208.0,,64,73,-9
201311110HOU,RS,HOU,2248.0,,64,76,-12
201311110HOU,RS,HOU,2313.0,,66,76,-10
201311110HOU,RS,HOU,2328.0,,66,78,-12
201311110HOU,RS,HOU,2368.0,,66,80,-14
201311110HOU,RS,HOU,2406.0,,68,80,-12
201311110HOU,RS,HOU,2433.0,,71,80,-9
201311110HOU,RS,HOU,2487.0,,71,82,-11
201311110HOU,RS,HOU,2512.0,,73,82,-9
201311110HOU,RS,HOU,2534.0,,75,82,-7
201311110HOU,RS,HOU,2570.0,,78,82,-4
201311110HOU,RS,HOU,2613.0,,80,82,-2
201311110HOU,RS,HOU,2661.0,,80,84,-4
201311110HOU,RS,HOU,2704.0,,82,84,-2
201311110HOU,RS,HOU,2736.0,T,84,84,0
201311110HOU,RS,HOU,2784.0,,84,86,-2
201311110HOU,RS,HOU,2799.0,,85,86,-1
201311110HOU,RS,HOU,2840.0,LC,87,86,1
201311110HOU,RS,HOU,2846.0,T,87,87,0
201311110HOU,RS,HOU,2941.0,,88,87,1
201311110HOU,RS,HOU,2960.0,LC,88,90,-2
201311110HOU,RS,HOU,3015.0,,88,91,-3
201311110HOU,RS,HOU,3015.0,,88,92,-4
201311110HOU,RS,HOU,3035.0,,90,92,-2
201311110HOU,RS,HOU,3051.0,,90,93,-3
201311110HOU,RS,HOU,3107.0,,91,93,-2
201311110HOU,RS,HOU,3107.0,,92,93,-1
201311110HOU,RS,HOU,3114.0,,92,95,-3
201311110HOU,RS,HOU,3179.0,T,95,95,0
201311110HOU,RS,HOU,3216.0,,95,97,-2
201311110HOU,RS,HOU,3281.0,,95,100,-5
201311110HOU,RS,HOU,3299.0,,98,100,-2
201311110HOU,RS,HOU,3316.0,,98,102,-4
201311110HOU,RS,HOU,3327.0,,101,102,-1
201311110HOU,RS,HOU,3348.0,,101,103,-2
201311110HOU,RS,HOU,3348.0,,101,104,-3
201311110HOU,RS,HOU,3370.0,,103,104,-1
201311110HOU,RS,HOU,3370.0,T,104,104,0
201311110HOU,RS,HOU,3407.0,,104,106,-2
201311110HOU,RS,HOU,3447.0,,104,108,-4
201311110HOU,RS,HOU,3459.0,,104,109,-5
201311110HOU,RS,HOU,3469.0,F,104,110,-6
201311110HOU,RS,HOU,3480.0,,104,110,-6
201311130MEM,RS,MEM,0.0,,0,0,0
201311130MEM,RS,MEM,26.0,,3,0,3
201311130MEM,RS,MEM,42.0,,3,2,1
201311130MEM,RS,MEM,70.0,LC,3,4,-1
201311130MEM,RS,MEM,91.0,LC,5,4,1
201311130MEM,RS,MEM,134.0,,6,4,2
201311130MEM,RS,MEM,134.0,,7,4,3
201311130MEM,RS,MEM,244.0,,7,6,1
201311130MEM,RS,MEM,257.0,,9,6,3
201311130MEM,RS,MEM,276.0,,9,8,1
201311130MEM,RS,MEM,298.0,,11,8,3
201311130MEM,RS,MEM,344.0,,11,10,1
201311130MEM,RS,MEM,364.0,LC,11,12,-1
201311130MEM,RS,MEM,388.0,LC,14,12,2
201311130MEM,RS,MEM,455.0,,16,12,4
201311130MEM,RS,MEM,472.0,,16,14,2
201311130MEM,RS,MEM,488.0,,18,14,4
201311130MEM,RS,MEM,522.0,,19,14,5
201311130MEM,RS,MEM,522.0,,20,14,6
201311130MEM,RS,MEM,550.0,,22,14,8
201311130MEM,RS,MEM,590.0,,24,14,10
201311130MEM,RS,MEM,599.0,,24,16,8
201311130MEM,RS,MEM,629.0,,24,17,7
201311130MEM,RS,MEM,629.0,,24,18,6
201311130MEM,RS,MEM,660.0,,24,20,4
201311130MEM,RS,MEM,720.0,,25,20,5
201311130MEM,RS,MEM,720.0,,26,20,6
201311130MEM,RS,MEM,804.0,,27,20,7
201311130MEM,RS,MEM,804.0,,28,20,8
201311130MEM,RS,MEM,821.0,,30,20,10
201311130MEM,RS,MEM,837.0,,30,23,7
201311130MEM,RS,MEM,923.0,,31,23,8
201311130MEM,RS,MEM,923.0,,32,23,9
201311130MEM,RS,MEM,946.0,,32,25,7
201311130MEM,RS,MEM,963.0,,32,27,5
201311130MEM,RS,MEM,987.0,,32,29,3
201311130MEM,RS,MEM,1026.0,,32,30,2
201311130MEM,RS,MEM,1043.0,,35,30,5
201311130MEM,RS,MEM,1087.0,,38,30,8
201311130MEM,RS,MEM,1115.0,,38,32,6
201311130MEM,RS,MEM,1139.0,,41,32,9
201311130MEM,RS,MEM,1173.0,,41,33,8
201311130MEM,RS,MEM,1198.0,,44,33,11
201311130MEM,RS,MEM,1213.0,,44,35,9
201311130MEM,RS,MEM,1234.0,,46,35,11
201311130MEM,RS,MEM,1248.0,,46,37,9
201311130MEM,RS,MEM,1266.0,,47,37,10
201311130MEM,RS,MEM,1297.0,,48,37,11
201311130MEM,RS,MEM,1297.0,,49,37,12
201311130MEM,RS,MEM,1319.0,,52,37,15
201311130MEM,RS,MEM,1330.0,,52,39,13
201311130MEM,RS,MEM,1348.0,,53,39,14
201311130MEM,RS,MEM,1360.0,,53,41,12
201311130MEM,RS,MEM,1388.0,,53,43,10
201311130MEM,RS,MEM,1388.0,,53,44,9
201311130MEM,RS,MEM,1409.0,,54,44,10
201311130MEM,RS,MEM,1409.0,,55,44,11
201311130MEM,RS,MEM,1465.0,,55,46,9
201311130MEM,RS,MEM,1482.0,,55,48,7
201311130MEM,RS,MEM,1514.0,,55,50,5
201311130MEM,RS,MEM,1542.0,,57,50,7
201311130MEM,RS,MEM,1562.0,,57,53,4
201311130MEM,RS,MEM,1587.0,,59,53,6
201311130MEM,RS,MEM,1607.0,,59,56,3
201311130MEM,RS,MEM,1627.0,,61,56,5
201311130MEM,RS,MEM,1644.0,,61,58,3
201311130MEM,RS,MEM,1682.0,,64,58,6
201311130MEM,RS,MEM,1726.0,,65,58,7
201311130MEM,RS,MEM,1726.0,,66,58,8
201311130MEM,RS,MEM,1743.0,,66,60,6
201311130MEM,RS,MEM,1778.0,,66,62,4
201311130MEM,RS,MEM,1803.0,,68,62,6
201311130MEM,RS,MEM,1813.0,,68,64,4
201311130MEM,RS,MEM,1842.0,,69,64,5
201311130MEM,RS,MEM,1842.0,,70,64,6
201311130MEM,RS,MEM,1880.0,,70,65,5
201311130MEM,RS,MEM,1880.0,,70,66,4
201311130MEM,RS,MEM,1921.0,,70,68,2
201311130MEM,RS,MEM,1947.0,T,70,70,0
201311130MEM,RS,MEM,2020.0,,71,70,1
201311130MEM,RS,MEM,2020.0,,72,70,2
201311130MEM,RS,MEM,2043.0,,72,71,1
201311130MEM,RS,MEM,2059.0,,74,71,3
201311130MEM,RS,MEM,2093.0,,76,71,5
201311130MEM,RS,MEM,2129.0,,78,71,7
201311130MEM,RS,MEM,2197.0,,79,71,8
201311130MEM,RS,MEM,2197.0,,80,71,9
201311130MEM,RS,MEM,2268.0,,81,71,10
201311130MEM,RS,MEM,2268.0,,82,71,11
201311130MEM,RS,MEM,2310.0,,82,74,8
201311130MEM,RS,MEM,2328.0,,83,74,9
201311130MEM,RS,MEM,2328.0,,84,74,10
201311130MEM,RS,MEM,2357.0,,85,74,11
201311130MEM,RS,MEM,2357.0,,86,74,12
201311130MEM,RS,MEM,2398.0,,88,74,14
201311130MEM,RS,MEM,2432.0,,90,74,16
201311130MEM,RS,MEM,2467.0,,92,74,18
201311130MEM,RS,MEM,2484.0,,92,77,15
201311130MEM,RS,MEM,2503.0,,94,77,17
201311130MEM,RS,MEM,2530.0,,96,77,19
201311130MEM,RS,MEM,2553.0,,96,80,16
201311130MEM,RS,MEM,2620.0,,96,81,15
201311130MEM,RS,MEM,2620.0,,96,82,14
201311130MEM,RS,MEM,2646.0,,96,84,12
201311130MEM,RS,MEM,2692.0,,98,84,14
201311130MEM,RS,MEM,2717.0,,99,84,15
201311130MEM,RS,MEM,2717.0,,100,84,16
201311130MEM,RS,MEM,2738.0,,101,84,17
201311130MEM,RS,MEM,2751.0,,101,86,15
201311130MEM,RS,MEM,2828.0,,101,87,14
201311130MEM,RS,MEM,2861.0,F,103,87,16
201311130MEM,RS,MEM,2880.0,,103,87,16
201311150TOR,RS,CHI,0.0,,0,0,0
201311150TOR,RS,CHI,14.0,,0,2,-2
201311150TOR,RS,CHI,72.0,,0,4,-4
201311150TOR,RS,CHI,123.0,,2,4,-2
201311150TOR,RS,CHI,151.0,T,4,4,0
201311150TOR,RS,CHI,189.0,,4,6,-2
201311150TOR,RS,CHI,189.0,,4,7,-3
201311150TOR,RS,CHI,229.0,,4,9,-5
201311150TOR,RS,CHI,274.0,,4,11,-7
201311150TOR,RS,CHI,357.0,,4,13,-9
201311150TOR,RS,CHI,383.0,,6,13,-7
201311150TOR,RS,CHI,418.0,,6,15,-9
201311150TOR,RS,CHI,453.0,,8,15,-7
201311150TOR,RS,CHI,467.0,,8,17,-9
201311150TOR,RS,CHI,476.0,,9,17,-8
201311150TOR,RS,CHI,476.0,,10,17,-7
201311150TOR,RS,CHI,507.0,,10,19,-9
201311150TOR,RS,CHI,527.0,,12,19,-7
201311150TOR,RS,CHI,546.0,,12,21,-9
201311150TOR,RS,CHI,572.0,,12,23,-11
201311150TOR,RS,CHI,590.0,,14,23,-9
201311150TOR,RS,CHI,609.0,,14,25,-11
201311150TOR,RS,CHI,645.0,,15,25,-10
201311150TOR,RS,CHI,645.0,,16,25,-9
201311150TOR,RS,CHI,654.0,,16,26,-10
201311150TOR,RS,CHI,654.0,,16,27,-11
201311150TOR,RS,CHI,767.0,,16,29,-13
201311150TOR,RS,CHI,799.0,,18,29,-11
201311150TOR,RS,CHI,839.0,,18,31,-13
201311150TOR,RS,CHI,930.0,,18,33,-15
201311150TOR,RS,CHI,1016.0,,18,35,-17
201311150TOR,RS,CHI,1047.0,,18,37,-19
201311150TOR,RS,CHI,1087.0,,19,37,-18
201311150TOR,RS,CHI,1119.0,,21,37,-16
201311150TOR,RS,CHI,1137.0,,21,39,-18
201311150TOR,RS,CHI,1218.0,,22,39,-17
201311150TOR,RS,CHI,1297.0,,24,39,-15
201311150TOR,RS,CHI,1297.0,,25,39,-14
201311150TOR,RS,CHI,1313.0,,25,40,-15
201311150TOR,RS,CHI,1329.0,,25,42,-17
201311150TOR,RS,CHI,1347.0,,27,42,-15
201311150TOR,RS,CHI,1378.0,,29,42,-13
201311150TOR,RS,CHI,1378.0,,30,42,-12
201311150TOR,RS,CHI,1390.0,,30,43,-13
201311150TOR,RS,CHI,1390.0,,30,44,-14
201311150TOR,RS,CHI,1437.0,,31,44,-13
201311150TOR,RS,CHI,1440.0,,31,45,-14
201311150TOR,RS,CHI,1469.0,,31,47,-16
201311150TOR,RS,CHI,1520.0,,31,49,-18
201311150TOR,RS,CHI,1604.0,,33,49,-16
201311150TOR,RS,CHI,1627.0,,33,52,-19
201311150TOR,RS,CHI,1643.0,,35,52,-17
201311150TOR,RS,CHI,1656.0,,35,55,-20
201311150TOR,RS,CHI,1718.0,,35,56,-21
201311150TOR,RS,CHI,1718.0,,35,57,-22
201311150TOR,RS,CHI,1743.0,,35,60,-25
201311150TOR,RS,CHI,1801.0,,35,62,-27
201311150TOR,RS,CHI,1808.0,,36,62,-26
201311150TOR,RS,CHI,1808.0,,37,62,-25
201311150TOR,RS,CHI,1833.0,,39,62,-23
201311150TOR,RS,CHI,1857.0,,39,64,-25
201311150TOR,RS,CHI,1886.0,,39,66,-27
201311150TOR,RS,CHI,1899.0,,41,66,-25
201311150TOR,RS,CHI,1934.0,,43,66,-23
201311150TOR,RS,CHI,1945.0,,43,67,-24
201311150TOR,RS,CHI,1945.0,,43,68,-25
201311150TOR,RS,CHI,1969.0,,43,70,-27
201311150TOR,RS,CHI,1997.0,,44,70,-26
201311150TOR,RS,CHI,1997.0,,45,70,-25
201311150TOR,RS,CHI,2026.0,,46,70,-24
201311150TOR,RS,CHI,2041.0,,46,72,-26
201311150TOR,RS,CHI,2056.0,,48,72,-24
201311150TOR,RS,CHI,2095.0,,51,72,-21
201311150TOR,RS,CHI,2137.0,,54,72,-18
201311150TOR,RS,CHI,2154.0,,54,74,-20
201311150TOR,RS,CHI,2200.0,,56,74,-18
201311150TOR,RS,CHI,2224.0,,56,77,-21
201311150TOR,RS,CHI,2240.0,,59,77,-18
201311150TOR,RS,CHI,2288.0,,62,77,-15
201311150TOR,RS,CHI,2314.0,,62,80,-18
201311150TOR,RS,CHI,2332.0,,62,81,-19
201311150TOR,RS,CHI,2332.0,,62,82,-20
201311150TOR,RS,CHI,2348.0,,64,82,-18
201311150TOR,RS,CHI,2348.0,,65,82,-17
201311150TOR,RS,CHI,2363.0,,65,84,-19
201311150TOR,RS,CHI,2432.0,,67,84,-17
201311150TOR,RS,CHI,2482.0,,67,85,-18
201311150TOR,RS,CHI,2482.0,,67,86,-19
201311150TOR,RS,CHI,2495.0,,69,86,-17
201311150TOR,RS,CHI,2495.0,,70,86,-16
201311150TOR,RS,CHI,2592.0,,72,86,-14
201311150TOR,RS,CHI,2615.0,,72,88,-16
201311150TOR,RS,CHI,2701.0,,74,88,-14
201311150TOR,RS,CHI,2737.0,,74,91,-17
201311150TOR,RS,CHI,2779.0,,74,94,-20
201311150TOR,RS,CHI,2802.0,,75,94,-19
201311150TOR,RS,CHI,2834.0,,77,94,-17
201311150TOR,RS,CHI,2856.0,,77,95,-18
201311150TOR,RS,CHI,2856.0,,77,96,-19
201311150TOR,RS,CHI,2876.0,F,80,96,-16
201311150TOR,RS,CHI,2880.0,,80,96,-16
201311170TOR,RS,POR,0.0,,0,0,0
201311170TOR,RS,POR,14.0,,0,2,-2
201311170TOR,RS,POR,29.0,T,2,2,0
201311170TOR,RS,POR,62.0,LC,4,2,2
201311170TOR,RS,POR,84.0,LC,4,5,-1
201311170TOR,RS,POR,101.0,LC,6,5,1
201311170TOR,RS,POR,101.0,,7,5,2
201311170TOR,RS,POR,114.0,T,7,7,0
201311170TOR,RS,POR,131.0,,9,7,2
201311170TOR,RS,POR,165.0,,11,7,4
201311170TOR,RS,POR,176.0,,11,10,1
201311170TOR,RS,POR,197.0,LC,11,12,-1
201311170TOR,RS,POR,209.0,LC,13,12,1
201311170TOR,RS,POR,228.0,LC,13,14,-1
201311170TOR,RS,POR,249.0,LC,15,14,1
201311170TOR,RS,POR,273.0,T,15,15,0
201311170TOR,RS,POR,273.0,LC,15,16,-1
201311170TOR,RS,POR,273.0,,15,17,-2
201311170TOR,RS,POR,290.0,T,17,17,0
201311170TOR,RS,POR,356.0,,17,19,-2
201311170TOR,RS,POR,408.0,T,19,19,0
201311170TOR,RS,POR,441.0,LC,21,19,2
201311170TOR,RS,POR,480.0,LC,21,22,-1
201311170TOR,RS,POR,503.0,T,22,22,0
201311170TOR,RS,POR,503.0,LC,23,22,1
201311170TOR,RS,POR,538.0,,25,22,3
201311170TOR,RS,POR,563.0,T,25,25,0
201311170TOR,RS,POR,599.0,LC,25,27,-2
201311170TOR,RS,POR,628.0,,25,29,-4
201311170TOR,RS,POR,658.0,,26,29,-3
201311170TOR,RS,POR,658.0,,27,29,-2
201311170TOR,RS,POR,685.0,,27,31,-4
201311170TOR,RS,POR,715.0,,29,31,-2
201311170TOR,RS,POR,736.0,,30,31,-1
201311170TOR,RS,POR,736.0,T,31,31,0
201311170TOR,RS,POR,757.0,LC,33,31,2
201311170TOR,RS,POR,795.0,,34,31,3
201311170TOR,RS,POR,866.0,,34,33,1
201311170TOR,RS,POR,880.0,LC,34,35,-1
201311170TOR,RS,POR,895.0,LC,36,35,1
201311170TOR,RS,POR,928.0,LC,36,37,-1
201311170TOR,RS,POR,948.0,,36,39,-3
201311170TOR,RS,POR,998.0,,37,39,-2
201311170TOR,RS,POR,1043.0,,37,42,-5
201311170TOR,RS,POR,1068.0,,39,42,-3
201311170TOR,RS,POR,1077.0,,39,44,-5
201311170TOR,RS,POR,1098.0,,39,47,-8
201311170TOR,RS,POR,1116.0,,41,47,-6
201311170TOR,RS,POR,1150.0,,43,47,-4
201311170TOR,RS,POR,1188.0,,45,47,-2
201311170TOR,RS,POR,1208.0,,45,50,-5
201311170TOR,RS,POR,1216.0,,45,52,-7
201311170TOR,RS,POR,1245.0,,47,52,-5
201311170TOR,RS,POR,1261.0,,48,52,-4
201311170TOR,RS,POR,1286.0,,50,52,-2
201311170TOR,RS,POR,1304.0,,50,54,-4
201311170TOR,RS,POR,1345.0,,52,54,-2
201311170TOR,RS,POR,1393.0,,53,54,-1
201311170TOR,RS,POR,1393.0,T,54,54,0
201311170TOR,RS,POR,1440.0,,54,56,-2
201311170TOR,RS,POR,1440.0,,54,57,-3
201311170TOR,RS,POR,1490.0,,54,59,-5
201311170TOR,RS,POR,1514.0,,56,59,-3
201311170TOR,RS,POR,1557.0,,56,62,-6
201311170TOR,RS,POR,1580.0,,58,62,-4
201311170TOR,RS,POR,1627.0,,58,64,-6
201311170TOR,RS,POR,1652.0,,60,64,-4
201311170TOR,RS,POR,1741.0,,61,64,-3
201311170TOR,RS,POR,1741.0,,62,64,-2
201311170TOR,RS,POR,1818.0,,62,66,-4
201311170TOR,RS,POR,1829.0,,64,66,-2
201311170TOR,RS,POR,1846.0,,64,68,-4
201311170TOR,RS,POR,1884.0,,64,70,-6
201311170TOR,RS,POR,1904.0,,66,70,-4
201311170TOR,RS,POR,1905.0,,66,71,-5
201311170TOR,RS,POR,1923.0,,66,73,-7
201311170TOR,RS,POR,1999.0,,66,76,-10
201311170TOR,RS,POR,2033.0,,67,76,-9
201311170TOR,RS,POR,2084.0,,69,76,-7
201311170TOR,RS,POR,2127.0,,69,79,-10
201311170TOR,RS,POR,2195.0,,71,79,-8
201311170TOR,RS,POR,2237.0,,71,80,-9
201311170TOR,RS,POR,2237.0,,71,81,-10
201311170TOR,RS,POR,2256.0,,73,81,-8
201311170TOR,RS,POR,2276.0,,73,83,-10
201311170TOR,RS,POR,2328.0,,73,85,-12
201311170TOR,RS,POR,2328.0,,73,86,-13
201311170TOR,RS,POR,2350.0,,73,89,-16
201311170TOR,RS,POR,2364.0,,74,89,-15
201311170TOR,RS,POR,2382.0,,74,91,-17
201311170TOR,RS,POR,2404.0,,77,91,-14
201311170TOR,RS,POR,2441.0,,79,91,-12
201311170TOR,RS,POR,2492.0,,81,91,-10
201311170TOR,RS,POR,2521.0,,81,94,-13
201311170TOR,RS,POR,2539.0,,83,94,-11
201311170TOR,RS,POR,2601.0,,83,95,-12
201311170TOR,RS,POR,2601.0,,83,96,-13
201311170TOR,RS,POR,2638.0,,85,96,-11
201311170TOR,RS,POR,2667.0,,87,96,-9
201311170TOR,RS,POR,2686.0,,87,98,-11
201311170TOR,RS,POR,2703.0,,89,98,-9
201311170TOR,RS,POR,2718.0,,89,100,-11
201311170TOR,RS,POR,2736.0,,91,100,-9
201311170TOR,RS,POR,2768.0,,92,100,-8
201311170TOR,RS,POR,2768.0,,93,100,-7
201311170TOR,RS,POR,2790.0,,95,100,-5
201311170TOR,RS,POR,2820.0,,96,100,-4
201311170TOR,RS,POR,2820.0,,97,100,-3
201311170TOR,RS,POR,2835.0,,97,101,-4
201311170TOR,RS,POR,2835.0,,97,102,-5
201311170TOR,RS,POR,2839.0,,98,102,-4
201311170TOR,RS,POR,2845.0,,100,102,-2
201311170TOR,RS,POR,2880.0,T,102,102,0
201311170TOR,RS,POR,2914.0,,102,104,-2
201311170TOR,RS,POR,2982.0,LC,105,104,1
201311170TOR,RS,POR,3008.0,,106,104,2
201311170TOR,RS,POR,3008.0,,107,104,3
201311170TOR,RS,POR,3030.0,T,107,107,0
201311170TOR,RS,POR,3068.0,LC,107,109,-2
201311170TOR,RS,POR,3091.0,,107,112,-5
201311170TOR,RS,POR,3113.0,,107,115,-8
201311170TOR,RS,POR,3150.0,,110,115,-5
201311170TOR,RS,POR,3160.0,,110,116,-6
201311170TOR,RS,POR,3170.0,,110,117,-7
201311170TOR,RS,POR,3170.0,F,110,118,-8
201311170TOR,RS,POR,3180.0,,110,118,-8
201311200PHI,RS,PHI,0.0,,0,0,0
201311200PHI,RS,PHI,25.0,,2,0,2
201311200PHI,RS,PHI,88.0,,2,1,1
201311200PHI,RS,PHI,88.0,T,2,2,0
201311200PHI,RS,PHI,176.0,,4,2,2
201311200PHI,RS,PHI,200.0,,6,2,4
201311200PHI,RS,PHI,210.0,,6,3,3
201311200PHI,RS,PHI,210.0,,6,4,2
201311200PHI,RS,PHI,239.0,LC,6,7,-1
201311200PHI,RS,PHI,258.0,LC,9,7,2
201311200PHI,RS,PHI,281.0,T,9,9,0
201311200PHI,RS,PHI,326.0,LC,9,11,-2
201311200PHI,RS,PHI,344.0,T,11,11,0
201311200PHI,RS,PHI,349.0,,11,12,-1
201311200PHI,RS,PHI,349.0,,11,13,-2
201311200PHI,RS,PHI,428.0,LC,14,13,1
201311200PHI,RS,PHI,444.0,LC,14,15,-1
201311200PHI,RS,PHI,473.0,,14,17,-3
201311200PHI,RS,PHI,498.0,T,17,17,0
201311200PHI,RS,PHI,535.0,,17,18,-1
201311200PHI,RS,PHI,535.0,,17,19,-2
201311200PHI,RS,PHI,554.0,T,19,19,0
201311200PHI,RS,PHI,580.0,LC,22,19,3
201311200PHI,RS,PHI,621.0,,25,19,6
201311200PHI,RS,PHI,649.0,,25,21,4
201311200PHI,RS,PHI,677.0,,25,23,2
201311200PHI,RS,PHI,693.0,T,25,25,0
201311200PHI,RS,PHI,720.0,,26,25,1
201311200PHI,RS,PHI,757.0,,27,25,2
201311200PHI,RS,PHI,757.0,,28,25,3
201311200PHI,RS,PHI,855.0,,28,27,1
201311200PHI,RS,PHI,871.0,,31,27,4
201311200PHI,RS,PHI,889.0,,31,28,3
201311200PHI,RS,PHI,901.0,,33,28,5
201311200PHI,RS,PHI,901.0,,34,28,6
201311200PHI,RS,PHI,925.0,,36,28,8
201311200PHI,RS,PHI,935.0,,36,31,5
201311200PHI,RS,PHI,978.0,,38,31,7
201311200PHI,RS,PHI,988.0,,38,33,5
201311200PHI,RS,PHI,1003.0,,39,33,6
201311200PHI,RS,PHI,1022.0,,39,34,5
201311200PHI,RS,PHI,1022.0,,39,35,4
201311200PHI,RS,PHI,1057.0,,39,37,2
201311200PHI,RS,PHI,1080.0,,42,37,5
201311200PHI,RS,PHI,1101.0,,42,39,3
201311200PHI,RS,PHI,1122.0,,44,39,5
201311200PHI,RS,PHI,1137.0,,44,40,4
201311200PHI,RS,PHI,1137.0,,44,41,3
201311200PHI,RS,PHI,1175.0,,45,41,4
201311200PHI,RS,PHI,1203.0,,46,41,5
201311200PHI,RS,PHI,1203.0,,47,41,6
201311200PHI,RS,PHI,1215.0,,47,42,5
201311200PHI,RS,PHI,1229.0,,49,42,7
201311200PHI,RS,PHI,1251.0,,49,44,5
201311200PHI,RS,PHI,1295.0,,51,44,7
201311200PHI,RS,PHI,1300.0,,52,44,8
201311200PHI,RS,PHI,1300.0,,53,44,9
201311200PHI,RS,PHI,1317.0,,54,44,10
201311200PHI,RS,PHI,1317.0,,55,44,11
201311200PHI,RS,PHI,1350.0,,55,45,10
201311200PHI,RS,PHI,1350.0,,55,46,9
201311200PHI,RS,PHI,1391.0,,55,48,7
201311200PHI,RS,PHI,1454.0,,58,48,10
201311200PHI,RS,PHI,1478.0,,58,51,7
201311200PHI,RS,PHI,1531.0,,60,51,9
201311200PHI,RS,PHI,1577.0,,62,51,11
201311200PHI,RS,PHI,1595.0,,62,53,9
201311200PHI,RS,PHI,1618.0,,64,53,11
201311200PHI,RS,PHI,1662.0,,66,53,13
201311200PHI,RS,PHI,1684.0,,66,56,10
201311200PHI,RS,PHI,1702.0,,68,56,12
201311200PHI,RS,PHI,1721.0,,68,58,10
201311200PHI,RS,PHI,1721.0,,68,59,9
201311200PHI,RS,PHI,1755.0,,69,59,10
201311200PHI,RS,PHI,1755.0,,70,59,11
201311200PHI,RS,PHI,1767.0,,70,61,9
201311200PHI,RS,PHI,1783.0,,72,61,11
201311200PHI,RS,PHI,1793.0,,72,63,9
201311200PHI,RS,PHI,1819.0,,72,66,6
201311200PHI,RS,PHI,1839.0,,74,66,8
201311200PHI,RS,PHI,1876.0,,76,66,10
201311200PHI,RS,PHI,1983.0,,76,68,8
201311200PHI,RS,PHI,1987.0,,76,70,6
201311200PHI,RS,PHI,1999.0,,77,70,7
201311200PHI,RS,PHI,1999.0,,78,70,8
201311200PHI,RS,PHI,2011.0,,78,72,6
201311200PHI,RS,PHI,2025.0,,81,72,9
201311200PHI,RS,PHI,2052.0,,84,72,12
201311200PHI,RS,PHI,2073.0,,85,72,13
201311200PHI,RS,PHI,2084.0,,85,74,11
201311200PHI,RS,PHI,2092.0,,87,74,13
201311200PHI,RS,PHI,2103.0,,87,76,11
201311200PHI,RS,PHI,2103.0,,87,77,10
201311200PHI,RS,PHI,2119.0,,90,77,13
201311200PHI,RS,PHI,2156.0,,93,77,16
201311200PHI,RS,PHI,2179.0,,93,79,14
201311200PHI,RS,PHI,2235.0,,93,80,13
201311200PHI,RS,PHI,2235.0,,93,81,12
201311200PHI,RS,PHI,2252.0,,95,81,14
201311200PHI,RS,PHI,2275.0,,97,81,16
201311200PHI,RS,PHI,2287.0,,97,83,14
201311200PHI,RS,PHI,2311.0,,97,85,12
201311200PHI,RS,PHI,2333.0,,100,85,15
201311200PHI,RS,PHI,2402.0,,100,86,14
201311200PHI,RS,PHI,2440.0,,100,89,11
201311200PHI,RS,PHI,2493.0,,100,90,10
201311200PHI,RS,PHI,2504.0,,103,90,13
201311200PHI,RS,PHI,2522.0,,103,92,11
201311200PHI,RS,PHI,2624.0,,104,92,12
201311200PHI,RS,PHI,2750.0,,105,92,13
201311200PHI,RS,PHI,2750.0,,106,92,14
201311200PHI,RS,PHI,2750.0,,107,92,15
201311200PHI,RS,PHI,2776.0,,108,92,16
201311200PHI,RS,PHI,2809.0,,108,93,15
201311200PHI,RS,PHI,2842.0,,108,95,13
201311200PHI,RS,PHI,2875.0,F,108,98,10
201311200PHI,RS,PHI,2880.0,,108,98,10
201311220TOR,RS,WAS,0.0,,0,0,0
201311220TOR,RS,WAS,28.0,,2,0,2
201311220TOR,RS,WAS,45.0,T,2,2,0
201311220TOR,RS,WAS,79.0,,4,2,2
201311220TOR,RS,WAS,95.0,T,4,4,0
201311220TOR,RS,WAS,135.0,,7,4,3
201311220TOR,RS,WAS,160.0,,7,6,1
201311220TOR,RS,WAS,175.0,,9,6,3
201311220TOR,RS,WAS,185.0,,9,8,1
201311220TOR,RS,WAS,218.0,,11,8,3
201311220TOR,RS,WAS,238.0,T,11,11,0
201311220TOR,RS,WAS,248.0,,12,11,1
201311220TOR,RS,WAS,248.0,,13,11,2
201311220TOR,RS,WAS,264.0,LC,13,14,-1
201311220TOR,RS,WAS,284.0,LC,15,14,1
201311220TOR,RS,WAS,315.0,,17,14,3
201311220TOR,RS,WAS,327.0,,19,14,5
201311220TOR,RS,WAS,345.0,,19,16,3
201311220TOR,RS,WAS,369.0,,19,18,1
201311220TOR,RS,WAS,396.0,LC,19,20,-1
201311220TOR,RS,WAS,425.0,,19,22,-3
201311220TOR,RS,WAS,445.0,,21,22,-1
201311220TOR,RS,WAS,461.0,,21,24,-3
201311220TOR,RS,WAS,496.0,,23,24,-1
201311220TOR,RS,WAS,521.0,LC,25,24,1
201311220TOR,RS,WAS,580.0,,26,24,2
201311220TOR,RS,WAS,625.0,,28,24,4
201311220TOR,RS,WAS,651.0,,30,24,6
201311220TOR,RS,WAS,689.0,,30,27,3
201311220TOR,RS,WAS,708.0,,32,27,5
201311220TOR,RS,WAS,742.0,,34,27,7
201311220TOR,RS,WAS,791.0,,36,27,9
201311220TOR,RS,WAS,816.0,,37,27,10
201311220TOR,RS,WAS,816.0,,38,27,11
201311220TOR,RS,WAS,1040.0,,38,29,9
201311220TOR,RS,WAS,1054.0,,40,29,11
201311220TOR,RS,WAS,1073.0,,40,31,9
201311220TOR,RS,WAS,1198.0,,42,31,11
201311220TOR,RS,WAS,1223.0,,44,31,13
201311220TOR,RS,WAS,1243.0,,44,33,11
201311220TOR,RS,WAS,1296.0,,47,33,14
201311220TOR,RS,WAS,1367.0,,49,33,16
201311220TOR,RS,WAS,1392.0,,49,36,13
201311220TOR,RS,WAS,1434.0,,51,36,15
201311220TOR,RS,WAS,1439.0,,51,37,14
201311220TOR,RS,WAS,1439.0,,51,38,13
201311220TOR,RS,WAS,1476.0,,51,40,11
201311220TOR,RS,WAS,1588.0,,51,42,9
201311220TOR,RS,WAS,1598.0,,53,42,11
201311220TOR,RS,WAS,1615.0,,53,44,9
201311220TOR,RS,WAS,1650.0,,53,46,7
201311220TOR,RS,WAS,1675.0,,53,48,5
201311220TOR,RS,WAS,1697.0,,53,50,3
201311220TOR,RS,WAS,1711.0,,55,50,5
201311220TOR,RS,WAS,1733.0,,55,52,3
201311220TOR,RS,WAS,1748.0,,57,52,5
201311220TOR,RS,WAS,1767.0,,57,54,3
201311220TOR,RS,WAS,1783.0,,57,55,2
201311220TOR,RS,WAS,1860.0,T,57,57,0
201311220TOR,RS,WAS,1881.0,LC,57,59,-2
201311220TOR,RS,WAS,1881.0,,57,60,-3
201311220TOR,RS,WAS,1893.0,,58,60,-2
201311220TOR,RS,WAS,1920.0,,59,60,-1
201311220TOR,RS,WAS,1920.0,T,60,60,0
201311220TOR,RS,WAS,1929.0,,60,62,-2
201311220TOR,RS,WAS,1946.0,,61,62,-1
201311220TOR,RS,WAS,1946.0,T,62,62,0
201311220TOR,RS,WAS,1982.0,,62,64,-2
201311220TOR,RS,WAS,2010.0,,62,65,-3
201311220TOR,RS,WAS,2010.0,,62,66,-4
201311220TOR,RS,WAS,2028.0,,64,66,-2
201311220TOR,RS,WAS,2047.0,,64,68,-4
201311220TOR,RS,WAS,2106.0,,64,70,-6
201311220TOR,RS,WAS,2123.0,,65,70,-5
201311220TOR,RS,WAS,2123.0,,66,70,-4
201311220TOR,RS,WAS,2248.0,,68,70,-2
201311220TOR,RS,WAS,2266.0,LC,71,70,1
201311220TOR,RS,WAS,2298.0,,73,70,3
201311220TOR,RS,WAS,2346.0,,75,70,5
201311220TOR,RS,WAS,2371.0,,75,73,2
201311220TOR,RS,WAS,2388.0,,77,73,4
201311220TOR,RS,WAS,2446.0,,80,73,7
201311220TOR,RS,WAS,2487.0,,83,73,10
201311220TOR,RS,WAS,2494.0,,83,75,8
201311220TOR,RS,WAS,2539.0,,83,77,6
201311220TOR,RS,WAS,2574.0,,83,78,5
201311220TOR,RS,WAS,2574.0,,83,79,4
201311220TOR,RS,WAS,2589.0,,85,79,6
201311220TOR,RS,WAS,2614.0,,87,79,8
201311220TOR,RS,WAS,2623.0,,87,81,6
201311220TOR,RS,WAS,2677.0,,87,83,4
201311220TOR,RS,WAS,2677.0,,87,84,3
201311220TOR,RS,WAS,2727.0,,89,84,5
201311220TOR,RS,WAS,2770.0,,90,84,6
201311220TOR,RS,WAS,2782.0,,90,85,5
201311220TOR,RS,WAS,2787.0,,90,88,2
201311220TOR,RS,WAS,2801.0,,92,88,4
201311220TOR,RS,WAS,2843.0,,93,88,5
201311220TOR,RS,WAS,2843.0,,94,88,6
201311220TOR,RS,WAS,2862.0,,95,88,7
201311220TOR,RS,WAS,2862.0,F,96,88,8
201311220TOR,RS,WAS,2880.0,,96,88,8
201311260TOR,RS,BRK,0.0,,0,0,0
201311260TOR,RS,BRK,41.0,,0,2,-2
201311260TOR,RS,BRK,65.0,LC,3,2,1
201311260TOR,RS,BRK,87.0,LC,3,4,-1
201311260TOR,RS,BRK,113.0,,3,6,-3
201311260TOR,RS,BRK,133.0,T,6,6,0
201311260TOR,RS,BRK,193.0,,6,7,-1
201311260TOR,RS,BRK,193.0,,6,8,-2
201311260TOR,RS,BRK,228.0,,6,10,-4
201311260TOR,RS,BRK,296.0,,6,12,-6
201311260TOR,RS,BRK,332.0,,6,14,-8
201311260TOR,RS,BRK,384.0,,6,16,-10
201311260TOR,RS,BRK,395.0,,9,16,-7
201311260TOR,RS,BRK,412.0,,9,18,-9
201311260TOR,RS,BRK,430.0,,12,18,-6
201311260TOR,RS,BRK,454.0,,12,20,-8
201311260TOR,RS,BRK,483.0,,12,22,-10
201311260TOR,RS,BRK,500.0,,14,22,-8
201311260TOR,RS,BRK,500.0,,15,22,-7
201311260TOR,RS,BRK,562.0,,17,22,-5
201311260TOR,RS,BRK,574.0,,17,24,-7
201311260TOR,RS,BRK,588.0,,19,24,-5
201311260TOR,RS,BRK,599.0,,19,26,-7
201311260TOR,RS,BRK,614.0,,22,26,-4
201311260TOR,RS,BRK,637.0,,24,26,-2
201311260TOR,RS,BRK,667.0,,25,26,-1
201311260TOR,RS,BRK,691.0,T,26,26,0
201311260TOR,RS,BRK,691.0,LC,27,26,1
201311260TOR,RS,BRK,691.0,,28,26,2
201311260TOR,RS,BRK,739.0,,31,26,5
201311260TOR,RS,BRK,769.0,,31,28,3
201311260TOR,RS,BRK,808.0,,31,30,1
201311260TOR,RS,BRK,831.0,,33,30,3
201311260TOR,RS,BRK,843.0,,33,32,1
201311260TOR,RS,BRK,864.0,,34,32,2
201311260TOR,RS,BRK,864.0,,35,32,3
201311260TOR,RS,BRK,878.0,,35,34,1
201311260TOR,RS,BRK,878.0,,36,34,2
201311260TOR,RS,BRK,911.0,T,36,36,0
201311260TOR,RS,BRK,935.0,,38,36,2
201311260TOR,RS,BRK,999.0,,41,36,5
201311260TOR,RS,BRK,1020.0,,41,38,3
201311260TOR,RS,BRK,1020.0,,41,39,2
201311260TOR,RS,BRK,1075.0,T,41,41,0
201311260TOR,RS,BRK,1097.0,LC,41,43,-2
201311260TOR,RS,BRK,1097.0,,41,44,-3
201311260TOR,RS,BRK,1135.0,,41,45,-4
201311260TOR,RS,BRK,1135.0,,41,46,-5
201311260TOR,RS,BRK,1149.0,,44,46,-2
201311260TOR,RS,BRK,1258.0,T,46,46,0
201311260TOR,RS,BRK,1287.0,LC,49,46,3
201311260TOR,RS,BRK,1305.0,,49,47,2
201311260TOR,RS,BRK,1305.0,,49,48,1
201311260TOR,RS,BRK,1324.0,LC,49,50,-1
201311260TOR,RS,BRK,1349.0,,49,53,-4
201311260TOR,RS,BRK,1370.0,,51,53,-2
201311260TOR,RS,BRK,1387.0,,51,55,-4
201311260TOR,RS,BRK,1470.0,,51,57,-6
201311260TOR,RS,BRK,1516.0,,53,57,-4
201311260TOR,RS,BRK,1560.0,,53,60,-7
201311260TOR,RS,BRK,1578.0,,55,60,-5
201311260TOR,RS,BRK,1591.0,,55,62,-7
201311260TOR,RS,BRK,1611.0,,55,65,-10
201311260TOR,RS,BRK,1620.0,,57,65,-8
201311260TOR,RS,BRK,1654.0,,57,67,-10
201311260TOR,RS,BRK,1665.0,,58,67,-9
201311260TOR,RS,BRK,1665.0,,59,67,-8
201311260TOR,RS,BRK,1665.0,,60,67,-7
201311260TOR,RS,BRK,1702.0,,62,67,-5
201311260TOR,RS,BRK,1810.0,,63,67,-4
201311260TOR,RS,BRK,1810.0,,64,67,-3
201311260TOR,RS,BRK,1829.0,,64,69,-5
201311260TOR,RS,BRK,1857.0,,64,71,-7
201311260TOR,RS,BRK,1857.0,,64,72,-8
201311260TOR,RS,BRK,1894.0,,66,72,-6
201311260TOR,RS,BRK,1932.0,,66,74,-8
201311260TOR,RS,BRK,1932.0,,66,75,-9
201311260TOR,RS,BRK,1950.0,,68,75,-7
201311260TOR,RS,BRK,1987.0,,70,75,-5
201311260TOR,RS,BRK,1987.0,,71,75,-4
201311260TOR,RS,BRK,1997.0,,71,76,-5
201311260TOR,RS,BRK,1997.0,,71,77,-6
201311260TOR,RS,BRK,2063.0,,74,77,-3
201311260TOR,RS,BRK,2096.0,,76,77,-1
201311260TOR,RS,BRK,2117.0,,76,79,-3
201311260TOR,RS,BRK,2157.0,,76,81,-5
201311260TOR,RS,BRK,2173.0,,76,83,-7
201311260TOR,RS,BRK,2229.0,,78,83,-5
201311260TOR,RS,BRK,2254.0,,78,85,-7
201311260TOR,RS,BRK,2291.0,,78,86,-8
201311260TOR,RS,BRK,2291.0,,78,87,-9
201311260TOR,RS,BRK,2302.0,,80,87,-7
201311260TOR,RS,BRK,2319.0,,80,89,-9
201311260TOR,RS,BRK,2358.0,,80,90,-10
201311260TOR,RS,BRK,2358.0,,80,91,-11
201311260TOR,RS,BRK,2369.0,,81,91,-10
201311260TOR,RS,BRK,2369.0,,82,91,-9
201311260TOR,RS,BRK,2385.0,,82,93,-11
201311260TOR,RS,BRK,2398.0,,84,93,-9
201311260TOR,RS,BRK,2416.0,,84,94,-10
201311260TOR,RS,BRK,2437.0,,86,94,-8
201311260TOR,RS,BRK,2452.0,,86,95,-9
201311260TOR,RS,BRK,2452.0,,86,96,-10
201311260TOR,RS,BRK,2485.0,,86,99,-13
201311260TOR,RS,BRK,2558.0,,86,101,-15
201311260TOR,RS,BRK,2687.0,,87,101,-14
201311260TOR,RS,BRK,2687.0,,88,101,-13
201311260TOR,RS,BRK,2687.0,,89,101,-12
201311260TOR,RS,BRK,2711.0,,91,101,-10
201311260TOR,RS,BRK,2745.0,,93,101,-8
201311260TOR,RS,BRK,2795.0,,95,101,-6
201311260TOR,RS,BRK,2819.0,,96,101,-5
201311260TOR,RS,BRK,2819.0,,97,101,-4
201311260TOR,RS,BRK,2856.0,,100,101,-1
201311260TOR,RS,BRK,2869.0,F,100,102,-2
201311260TOR,RS,BRK,2880.0,,100,102,-2
201311290TOR,RS,MIA,0.0,,0,0,0
201311290TOR,RS,MIA,37.0,,0,2,-2
201311290TOR,RS,MIA,73.0,,0,5,-5
201311290TOR,RS,MIA,103.0,,2,5,-3
201311290TOR,RS,MIA,159.0,,4,5,-1
201311290TOR,RS,MIA,174.0,,4,7,-3
201311290TOR,RS,MIA,185.0,,6,7,-1
201311290TOR,RS,MIA,216.0,LC,8,7,1
201311290TOR,RS,MIA,230.0,LC,8,10,-2
201311290TOR,RS,MIA,286.0,,8,12,-4
201311290TOR,RS,MIA,340.0,,8,14,-6
201311290TOR,RS,MIA,356.0,,8,16,-8
201311290TOR,RS,MIA,375.0,,10,16,-6
201311290TOR,RS,MIA,386.0,,10,17,-7
201311290TOR,RS,MIA,386.0,,10,18,-8
201311290TOR,RS,MIA,439.0,,13,18,-5
201311290TOR,RS,MIA,453.0,,13,20,-7
201311290TOR,RS,MIA,489.0,,13,22,-9
201311290TOR,RS,MIA,574.0,,15,22,-7
201311290TOR,RS,MIA,604.0,,17,22,-5
201311290TOR,RS,MIA,604.0,,18,22,-4
201311290TOR,RS,MIA,631.0,,19,22,-3
201311290TOR,RS,MIA,631.0,,20,22,-2
201311290TOR,RS,MIA,646.0,,20,24,-4
201311290TOR,RS,MIA,670.0,,20,27,-7
201311290TOR,RS,MIA,714.0,,21,27,-6
201311290TOR,RS,MIA,714.0,,22,27,-5
201311290TOR,RS,MIA,739.0,,25,27,-2
201311290TOR,RS,MIA,786.0,,25,29,-4
201311290TOR,RS,MIA,854.0,,25,31,-6
201311290TOR,RS,MIA,880.0,,25,34,-9
201311290TOR,RS,MIA,899.0,,26,34,-8
201311290TOR,RS,MIA,899.0,,27,34,-7
201311290TOR,RS,MIA,917.0,,27,36,-9
201311290TOR,RS,MIA,949.0,,27,38,-11
201311290TOR,RS,MIA,986.0,,27,40,-13
201311290TOR,RS,MIA,1001.0,,30,40,-10
201311290TOR,RS,MIA,1032.0,,32,40,-8
201311290TOR,RS,MIA,1046.0,,32,42,-10
201311290TOR,RS,MIA,1096.0,,34,42,-8
201311290TOR,RS,MIA,1116.0,,34,45,-11
201311290TOR,RS,MIA,1133.0,,34,46,-12
201311290TOR,RS,MIA,1242.0,,34,48,-14
201311290TOR,RS,MIA,1260.0,,36,48,-12
201311290TOR,RS,MIA,1308.0,,39,48,-9
201311290TOR,RS,MIA,1328.0,,39,50,-11
201311290TOR,RS,MIA,1334.0,,41,50,-9
201311290TOR,RS,MIA,1347.0,,41,52,-11
201311290TOR,RS,MIA,1377.0,,41,54,-13
201311290TOR,RS,MIA,1413.0,,41,57,-16
201311290TOR,RS,MIA,1435.0,,42,57,-15
201311290TOR,RS,MIA,1435.0,,43,57,-14
201311290TOR,RS,MIA,1498.0,,43,59,-16
201311290TOR,RS,MIA,1513.0,,43,61,-18
201311290TOR,RS,MIA,1554.0,,45,61,-16
201311290TOR,RS,MIA,1581.0,,45,62,-17
201311290TOR,RS,MIA,1581.0,,45,63,-18
201311290TOR,RS,MIA,1613.0,,48,63,-15
201311290TOR,RS,MIA,1628.0,,48,65,-17
201311290TOR,RS,MIA,1655.0,,48,68,-20
201311290TOR,RS,MIA,1673.0,,50,68,-18
201311290TOR,RS,MIA,1710.0,,52,68,-16
201311290TOR,RS,MIA,1794.0,,52,70,-18
201311290TOR,RS,MIA,1802.0,,53,70,-17
201311290TOR,RS,MIA,1802.0,,54,70,-16
201311290TOR,RS,MIA,1823.0,,54,72,-18
201311290TOR,RS,MIA,1847.0,,54,74,-20
201311290TOR,RS,MIA,1862.0,,55,74,-19
201311290TOR,RS,MIA,1892.0,,58,74,-16
201311290TOR,RS,MIA,1958.0,,60,74,-14
201311290TOR,RS,MIA,1999.0,,62,74,-12
201311290TOR,RS,MIA,1999.0,,63,74,-11
201311290TOR,RS,MIA,2033.0,,63,77,-14
201311290TOR,RS,MIA,2048.0,,66,77,-11
201311290TOR,RS,MIA,2101.0,,66,78,-12
201311290TOR,RS,MIA,2113.0,,67,78,-11
201311290TOR,RS,MIA,2113.0,,68,78,-10
201311290TOR,RS,MIA,2160.0,,69,78,-9
201311290TOR,RS,MIA,2160.0,,70,78,-8
201311290TOR,RS,MIA,2206.0,,70,80,-10
201311290TOR,RS,MIA,2311.0,,72,80,-8
201311290TOR,RS,MIA,2397.0,,75,80,-5
201311290TOR,RS,MIA,2447.0,,75,81,-6
201311290TOR,RS,MIA,2481.0,,75,83,-8
201311290TOR,RS,MIA,2518.0,,77,83,-6
201311290TOR,RS,MIA,2556.0,,79,83,-4
201311290TOR,RS,MIA,2600.0,,81,83,-2
201311290TOR,RS,MIA,2618.0,,81,86,-5
201311290TOR,RS,MIA,2798.0,,81,88,-7
201311290TOR,RS,MIA,2800.0,,82,88,-6
201311290TOR,RS,MIA,2834.0,,83,88,-5
201311290TOR,RS,MIA,2860.0,,83,89,-6
201311290TOR,RS,MIA,2860.0,F,83,90,-7
201311290TOR,RS,MIA,2880.0,,83,90,-7
201312010TOR,RS,DEN,0.0,,0,0,0
201312010TOR,RS,DEN,35.0,,0,2,-2
201312010TOR,RS,DEN,67.0,T,2,2,0
201312010TOR,RS,DEN,91.0,,2,5,-3
201312010TOR,RS,DEN,107.0,,4,5,-1
201312010TOR,RS,DEN,126.0,LC,7,5,2
201312010TOR,RS,DEN,172.0,,9,5,4
201312010TOR,RS,DEN,190.0,,10,5,5
201312010TOR,RS,DEN,216.0,,10,6,4
201312010TOR,RS,DEN,230.0,,13,6,7
201312010TOR,RS,DEN,248.0,,13,8,5
201312010TOR,RS,DEN,260.0,,15,8,7
201312010TOR,RS,DEN,289.0,,18,8,10
201312010TOR,RS,DEN,322.0,,20,8,12
201312010TOR,RS,DEN,368.0,,20,10,10
201312010TOR,RS,DEN,408.0,,22,10,12
201312010TOR,RS,DEN,427.0,,23,10,13
201312010TOR,RS,DEN,437.0,,23,12,11
201312010TOR,RS,DEN,459.0,,24,12,12
201312010TOR,RS,DEN,459.0,,25,12,13
201312010TOR,RS,DEN,484.0,,26,12,14
201312010TOR,RS,DEN,484.0,,27,12,15
201312010TOR,RS,DEN,505.0,,27,14,13
201312010TOR,RS,DEN,545.0,,27,16,11
201312010TOR,RS,DEN,603.0,,29,16,13
201312010TOR,RS,DEN,622.0,,29,18,11
201312010TOR,RS,DEN,660.0,,29,21,8
201312010TOR,RS,DEN,680.0,,29,23,6
201312010TOR,RS,DEN,691.0,,31,23,8
201312010TOR,RS,DEN,696.0,,31,25,6
201312010TOR,RS,DEN,736.0,,31,27,4
201312010TOR,RS,DEN,763.0,,34,27,7
201312010TOR,RS,DEN,826.0,,37,27,10
201312010TOR,RS,DEN,851.0,,37,30,7
201312010TOR,RS,DEN,899.0,,37,32,5
201312010TOR,RS,DEN,936.0,,37,34,3
201312010TOR,RS,DEN,977.0,,39,34,5
201312010TOR,RS,DEN,1022.0,,41,34,7
201312010TOR,RS,DEN,1040.0,,41,37,4
201312010TOR,RS,DEN,1068.0,,41,39,2
201312010TOR,RS,DEN,1190.0,,42,39,3
201312010TOR,RS,DEN,1223.0,,42,40,2
201312010TOR,RS,DEN,1223.0,,42,41,1
201312010TOR,RS,DEN,1242.0,,43,41,2
201312010TOR,RS,DEN,1258.0,T,43,43,0
201312010TOR,RS,DEN,1293.0,,45,43,2
201312010TOR,RS,DEN,1318.0,T,45,45,0
201312010TOR,RS,DEN,1395.0,LC,45,47,-2
201312010TOR,RS,DEN,1475.0,T,47,47,0
201312010TOR,RS,DEN,1528.0,,47,49,-2
201312010TOR,RS,DEN,1546.0,T,49,49,0
201312010TOR,RS,DEN,1575.0,LC,51,49,2
201312010TOR,RS,DEN,1592.0,T,51,51,0
201312010TOR,RS,DEN,1631.0,,53,51,2
201312010TOR,RS,DEN,1648.0,T,53,53,0
201312010TOR,RS,DEN,1709.0,,55,53,2
201312010TOR,RS,DEN,1714.0,,55,54,1
201312010TOR,RS,DEN,1714.0,T,55,55,0
201312010TOR,RS,DEN,1738.0,,58,55,3
201312010TOR,RS,DEN,1746.0,T,58,58,0
201312010TOR,RS,DEN,1783.0,,60,58,2
201312010TOR,RS,DEN,1845.0,T,60,60,0
201312010TOR,RS,DEN,1867.0,,62,60,2
201312010TOR,RS,DEN,1889.0,T,62,62,0
201312010TOR,RS,DEN,1900.0,,63,62,1
201312010TOR,RS,DEN,1900.0,,64,62,2
201312010TOR,RS,DEN,1924.0,,66,62,4
201312010TOR,RS,DEN,1969.0,,66,64,2
201312010TOR,RS,DEN,1979.0,,67,64,3
201312010TOR,RS,DEN,1979.0,,68,64,4
201312010TOR,RS,DEN,1999.0,,68,66,2
201312010TOR,RS,DEN,2030.0,,68,67,1
201312010TOR,RS,DEN,2030.0,T,68,68,0
201312010TOR,RS,DEN,2044.0,,69,68,1
201312010TOR,RS,DEN,2062.0,LC,69,71,-2
201312010TOR,RS,DEN,2089.0,LC,72,71,1
201312010TOR,RS,DEN,2103.0,T,72,72,0
201312010TOR,RS,DEN,2122.0,LC,72,74,-2
201312010TOR,RS,DEN,2158.0,,72,76,-4
201312010TOR,RS,DEN,2175.0,,74,76,-2
201312010TOR,RS,DEN,2199.0,,74,79,-5
201312010TOR,RS,DEN,2227.0,,76,79,-3
201312010TOR,RS,DEN,2244.0,,76,81,-5
201312010TOR,RS,DEN,2269.0,,76,84,-8
201312010TOR,RS,DEN,2282.0,,77,84,-7
201312010TOR,RS,DEN,2282.0,,78,84,-6
201312010TOR,RS,DEN,2292.0,,78,85,-7
201312010TOR,RS,DEN,2292.0,,78,86,-8
201312010TOR,RS,DEN,2323.0,,80,86,-6
201312010TOR,RS,DEN,2342.0,,80,88,-8
201312010TOR,RS,DEN,2379.0,,82,88,-6
201312010TOR,RS,DEN,2414.0,,84,88,-4
201312010TOR,RS,DEN,2427.0,,84,90,-6
201312010TOR,RS,DEN,2463.0,,84,92,-8
201312010TOR,RS,DEN,2497.0,,86,92,-6
201312010TOR,RS,DEN,2513.0,,86,94,-8
201312010TOR,RS,DEN,2526.0,,89,94,-5
201312010TOR,RS,DEN,2568.0,,89,96,-7
201312010TOR,RS,DEN,2573.0,,90,96,-6
201312010TOR,RS,DEN,2573.0,,91,96,-5
201312010TOR,RS,DEN,2581.0,,91,98,-7
201312010TOR,RS,DEN,2606.0,,92,98,-6
201312010TOR,RS,DEN,2651.0,,92,100,-8
201312010TOR,RS,DEN,2662.0,,94,100,-6
201312010TOR,RS,DEN,2706.0,,94,101,-7
201312010TOR,RS,DEN,2722.0,,96,101,-5
201312010TOR,RS,DEN,2745.0,,96,104,-8
201312010TOR,RS,DEN,2781.0,,96,107,-11
201312010TOR,RS,DEN,2791.0,,96,108,-12
201312010TOR,RS,DEN,2821.0,,96,109,-13
201312010TOR,RS,DEN,2821.0,,96,110,-14
201312010TOR,RS,DEN,2852.0,,96,112,-16
201312010TOR,RS,DEN,2866.0,,97,112,-15
201312010TOR,RS,DEN,2866.0,F,98,112,-14
201312010TOR,RS,DEN,2880.0,,98,112,-14
201312030GSW,RS,GSW,0.0,,0,0,0
201312030GSW,RS,GSW,12.0,,0,2,-2
201312030GSW,RS,GSW,75.0,T,2,2,0
201312030GSW,RS,GSW,94.0,,2,4,-2
201312030GSW,RS,GSW,113.0,,3,4,-1
201312030GSW,RS,GSW,113.0,T,4,4,0
201312030GSW,RS,GSW,138.0,LC,6,4,2
201312030GSW,RS,GSW,149.0,T,6,6,0
201312030GSW,RS,GSW,172.0,,8,6,2
201312030GSW,RS,GSW,251.0,T,8,8,0
201312030GSW,RS,GSW,302.0,,10,8,2
201312030GSW,RS,GSW,318.0,T,10,10,0
201312030GSW,RS,GSW,335.0,,12,10,2
201312030GSW,RS,GSW,366.0,,14,10,4
201312030GSW,RS,GSW,387.0,,14,12,2
201312030GSW,RS,GSW,403.0,T,14,14,0
201312030GSW,RS,GSW,420.0,,16,14,2
201312030GSW,RS,GSW,455.0,,18,14,4
201312030GSW,RS,GSW,485.0,,21,14,7
201312030GSW,RS,GSW,512.0,,21,16,5
201312030GSW,RS,GSW,512.0,,21,17,4
201312030GSW,RS,GSW,551.0,,23,17,6
201312030GSW,RS,GSW,584.0,,25,17,8
201312030GSW,RS,GSW,595.0,,27,17,10
201312030GSW,RS,GSW,622.0,,29,17,12
201312030GSW,RS,GSW,654.0,,29,19,10
201312030GSW,RS,GSW,679.0,,31,19,12
201312030GSW,RS,GSW,691.0,,33,19,14
201312030GSW,RS,GSW,718.0,,36,19,17
201312030GSW,RS,GSW,750.0,,36,21,15
201312030GSW,RS,GSW,779.0,,36,23,13
201312030GSW,RS,GSW,808.0,,38,23,15
201312030GSW,RS,GSW,834.0,,38,25,13
201312030GSW,RS,GSW,859.0,,39,25,14
201312030GSW,RS,GSW,859.0,,40,25,15
201312030GSW,RS,GSW,878.0,,40,27,13
201312030GSW,RS,GSW,933.0,,40,30,10
201312030GSW,RS,GSW,975.0,,40,31,9
201312030GSW,RS,GSW,975.0,,40,32,8
201312030GSW,RS,GSW,1015.0,,42,32,10
201312030GSW,RS,GSW,1019.0,,44,32,12
201312030GSW,RS,GSW,1037.0,,44,33,11
201312030GSW,RS,GSW,1037.0,,44,34,10
201312030GSW,RS,GSW,1050.0,,45,34,11
201312030GSW,RS,GSW,1050.0,,46,34,12
201312030GSW,RS,GSW,1111.0,,48,34,14
201312030GSW,RS,GSW,1129.0,,48,36,12
201312030GSW,RS,GSW,1173.0,,48,37,11
201312030GSW,RS,GSW,1213.0,,48,38,10
201312030GSW,RS,GSW,1213.0,,48,39,9
201312030GSW,RS,GSW,1227.0,,50,39,11
201312030GSW,RS,GSW,1260.0,,53,39,14
201312030GSW,RS,GSW,1282.0,,56,39,17
201312030GSW,RS,GSW,1290.0,,56,42,14
201312030GSW,RS,GSW,1306.0,,58,42,16
201312030GSW,RS,GSW,1356.0,,61,42,19
201312030GSW,RS,GSW,1365.0,,61,44,17
201312030GSW,RS,GSW,1388.0,,63,44,19
201312030GSW,RS,GSW,1407.0,,63,46,17
201312030GSW,RS,GSW,1429.0,,65,46,19
201312030GSW,RS,GSW,1439.0,,65,48,17
201312030GSW,RS,GSW,1487.0,,68,48,20
201312030GSW,RS,GSW,1534.0,,71,48,23
201312030GSW,RS,GSW,1576.0,,72,48,24
201312030GSW,RS,GSW,1576.0,,73,48,25
201312030GSW,RS,GSW,1600.0,,75,48,27
201312030GSW,RS,GSW,1617.0,,75,50,25
201312030GSW,RS,GSW,1646.0,,75,52,23
201312030GSW,RS,GSW,1676.0,,77,52,25
201312030GSW,RS,GSW,1687.0,,77,55,22
201312030GSW,RS,GSW,1757.0,,79,55,24
201312030GSW,RS,GSW,1768.0,,79,57,22
201312030GSW,RS,GSW,1768.0,,79,58,21
201312030GSW,RS,GSW,1785.0,,80,58,22
201312030GSW,RS,GSW,1785.0,,81,58,23
201312030GSW,RS,GSW,1820.0,,83,58,25
201312030GSW,RS,GSW,1837.0,,83,60,23
201312030GSW,RS,GSW,1866.0,,83,62,21
201312030GSW,RS,GSW,1887.0,,84,62,22
201312030GSW,RS,GSW,1898.0,,84,64,20
201312030GSW,RS,GSW,1962.0,,86,64,22
201312030GSW,RS,GSW,1999.0,,88,64,24
201312030GSW,RS,GSW,2037.0,,88,65,23
201312030GSW,RS,GSW,2037.0,,88,66,22
201312030GSW,RS,GSW,2057.0,,88,67,21
201312030GSW,RS,GSW,2084.0,,88,70,18
201312030GSW,RS,GSW,2183.0,,88,73,15
201312030GSW,RS,GSW,2205.0,,88,74,14
201312030GSW,RS,GSW,2205.0,,88,75,13
201312030GSW,RS,GSW,2218.0,,90,75,15
201312030GSW,RS,GSW,2246.0,,90,77,13
201312030GSW,RS,GSW,2273.0,,92,77,15
201312030GSW,RS,GSW,2297.0,,92,79,13
201312030GSW,RS,GSW,2334.0,,92,81,11
201312030GSW,RS,GSW,2356.0,,94,81,13
201312030GSW,RS,GSW,2368.0,,94,84,10
201312030GSW,RS,GSW,2405.0,,94,86,8
201312030GSW,RS,GSW,2499.0,,94,89,5
201312030GSW,RS,GSW,2522.0,,97,89,8
201312030GSW,RS,GSW,2536.0,,97,91,6
201312030GSW,RS,GSW,2536.0,,97,92,5
201312030GSW,RS,GSW,2570.0,,98,92,6
201312030GSW,RS,GSW,2570.0,,99,92,7
201312030GSW,RS,GSW,2587.0,,99,95,4
201312030GSW,RS,GSW,2652.0,,99,98,1
201312030GSW,RS,GSW,2699.0,LC,99,101,-2
201312030GSW,RS,GSW,2720.0,T,101,101,0
201312030GSW,RS,GSW,2732.0,,101,104,-3
201312030GSW,RS,GSW,2776.0,,101,105,-4
201312030GSW,RS,GSW,2776.0,,101,106,-5
201312030GSW,RS,GSW,2788.0,,102,106,-4
201312030GSW,RS,GSW,2788.0,,103,106,-3
201312030GSW,RS,GSW,2833.0,,103,109,-6
201312030GSW,RS,GSW,2842.0,,103,110,-7
201312030GSW,RS,GSW,2842.0,,103,111,-8
201312030GSW,RS,GSW,2863.0,F,103,112,-9
201312030GSW,RS,GSW,2880.0,,103,112,-9
201312060PHO,RS,PHO,0.0,,0,0,0
201312060PHO,RS,PHO,21.0,,0,2,-2
201312060PHO,RS,PHO,36.0,,0,4,-4
201312060PHO,RS,PHO,56.0,,2,4,-2
201312060PHO,RS,PHO,102.0,,2,6,-4
201312060PHO,RS,PHO,154.0,,2,7,-5
201312060PHO,RS,PHO,154.0,,2,8,-6
201312060PHO,RS,PHO,186.0,,2,9,-7
201312060PHO,RS,PHO,186.0,,2,10,-8
201312060PHO,RS,PHO,220.0,,5,10,-5
201312060PHO,RS,PHO,265.0,,7,10,-3
201312060PHO,RS,PHO,278.0,,7,12,-5
201312060PHO,RS,PHO,299.0,,9,12,-3
201312060PHO,RS,PHO,315.0,,9,14,-5
201312060PHO,RS,PHO,324.0,,11,14,-3
201312060PHO,RS,PHO,364.0,,13,14,-1
201312060PHO,RS,PHO,364.0,T,14,14,0
201312060PHO,RS,PHO,381.0,,14,16,-2
201312060PHO,RS,PHO,391.0,T,16,16,0
201312060PHO,RS,PHO,405.0,,16,18,-2
201312060PHO,RS,PHO,423.0,T,18,18,0
201312060PHO,RS,PHO,447.0,LC,20,18,2
201312060PHO,RS,PHO,463.0,,20,19,1
201312060PHO,RS,PHO,473.0,,22,19,3
201312060PHO,RS,PHO,486.0,,22,21,1
201312060PHO,RS,PHO,505.0,,24,21,3
201312060PHO,RS,PHO,505.0,,25,21,4
201312060PHO,RS,PHO,519.0,,25,23,2
201312060PHO,RS,PHO,625.0,T,25,25,0
201312060PHO,RS,PHO,670.0,LC,25,27,-2
201312060PHO,RS,PHO,683.0,T,27,27,0
201312060PHO,RS,PHO,759.0,,27,30,-3
201312060PHO,RS,PHO,781.0,,29,30,-1
201312060PHO,RS,PHO,791.0,,29,32,-3
201312060PHO,RS,PHO,807.0,,30,32,-2
201312060PHO,RS,PHO,807.0,,31,32,-1
201312060PHO,RS,PHO,879.0,LC,34,32,2
201312060PHO,RS,PHO,914.0,T,34,34,0
201312060PHO,RS,PHO,927.0,,36,34,2
201312060PHO,RS,PHO,939.0,T,36,36,0
201312060PHO,RS,PHO,967.0,,39,36,3
201312060PHO,RS,PHO,1010.0,,41,36,5
201312060PHO,RS,PHO,1110.0,,43,36,7
201312060PHO,RS,PHO,1123.0,,43,38,5
201312060PHO,RS,PHO,1146.0,,43,40,3
201312060PHO,RS,PHO,1176.0,,45,40,5
201312060PHO,RS,PHO,1196.0,,45,42,3
201312060PHO,RS,PHO,1232.0,,45,43,2
201312060PHO,RS,PHO,1249.0,,46,43,3
201312060PHO,RS,PHO,1249.0,,47,43,4
201312060PHO,RS,PHO,1280.0,,47,45,2
201312060PHO,RS,PHO,1315.0,LC,47,48,-1
201312060PHO,RS,PHO,1366.0,,47,49,-2
201312060PHO,RS,PHO,1366.0,,47,50,-3
201312060PHO,RS,PHO,1403.0,,47,52,-5
201312060PHO,RS,PHO,1408.0,,49,52,-3
201312060PHO,RS,PHO,1427.0,,50,52,-2
201312060PHO,RS,PHO,1470.0,,50,53,-3
201312060PHO,RS,PHO,1478.0,,50,56,-6
201312060PHO,RS,PHO,1510.0,,50,57,-7
201312060PHO,RS,PHO,1521.0,,52,57,-5
201312060PHO,RS,PHO,1567.0,,54,57,-3
201312060PHO,RS,PHO,1586.0,,54,60,-6
201312060PHO,RS,PHO,1675.0,,56,60,-4
201312060PHO,RS,PHO,1675.0,,57,60,-3
201312060PHO,RS,PHO,1745.0,,57,62,-5
201312060PHO,RS,PHO,1818.0,,57,63,-6
201312060PHO,RS,PHO,1818.0,,57,64,-7
201312060PHO,RS,PHO,1839.0,,57,66,-9
201312060PHO,RS,PHO,1849.0,,59,66,-7
201312060PHO,RS,PHO,1856.0,,59,68,-9
201312060PHO,RS,PHO,1879.0,,61,68,-7
201312060PHO,RS,PHO,1907.0,,61,70,-9
201312060PHO,RS,PHO,1927.0,,63,70,-7
201312060PHO,RS,PHO,1985.0,,63,73,-10
201312060PHO,RS,PHO,2019.0,,63,75,-12
201312060PHO,RS,PHO,2049.0,,63,76,-13
201312060PHO,RS,PHO,2049.0,,64,76,-12
201312060PHO,RS,PHO,2049.0,,65,76,-11
201312060PHO,RS,PHO,2061.0,,65,77,-12
201312060PHO,RS,PHO,2075.0,,66,77,-11
201312060PHO,RS,PHO,2075.0,,67,77,-10
201312060PHO,RS,PHO,2088.0,,67,79,-12
201312060PHO,RS,PHO,2100.0,,69,79,-10
201312060PHO,RS,PHO,2117.0,,69,81,-12
201312060PHO,RS,PHO,2126.0,,72,81,-9
201312060PHO,RS,PHO,2159.0,,74,81,-7
201312060PHO,RS,PHO,2189.0,,74,83,-9
201312060PHO,RS,PHO,2189.0,,74,84,-10
201312060PHO,RS,PHO,2216.0,,74,85,-11
201312060PHO,RS,PHO,2216.0,,74,86,-12
201312060PHO,RS,PHO,2296.0,,77,86,-9
201312060PHO,RS,PHO,2315.0,,77,89,-12
201312060PHO,RS,PHO,2377.0,,79,89,-10
201312060PHO,RS,PHO,2393.0,,79,91,-12
201312060PHO,RS,PHO,2505.0,,79,94,-15
201312060PHO,RS,PHO,2563.0,,81,94,-13
201312060PHO,RS,PHO,2589.0,,82,94,-12
201312060PHO,RS,PHO,2589.0,,83,94,-11
201312060PHO,RS,PHO,2603.0,,83,97,-14
201312060PHO,RS,PHO,2616.0,,85,97,-12
201312060PHO,RS,PHO,2639.0,,86,97,-11
201312060PHO,RS,PHO,2677.0,,87,97,-10
201312060PHO,RS,PHO,2680.0,,88,97,-9
201312060PHO,RS,PHO,2680.0,,89,97,-8
201312060PHO,RS,PHO,2718.0,,91,97,-6
201312060PHO,RS,PHO,2774.0,,91,100,-9
201312060PHO,RS,PHO,2785.0,,91,101,-10
201312060PHO,RS,PHO,2785.0,,91,102,-11
201312060PHO,RS,PHO,2793.0,,93,102,-9
201312060PHO,RS,PHO,2804.0,,94,102,-8
201312060PHO,RS,PHO,2804.0,,95,102,-7
201312060PHO,RS,PHO,2844.0,,95,103,-8
201312060PHO,RS,PHO,2844.0,,95,104,-9
201312060PHO,RS,PHO,2847.0,,96,104,-8
201312060PHO,RS,PHO,2847.0,,97,104,-7
201312060PHO,RS,PHO,2851.0,,97,105,-8
201312060PHO,RS,PHO,2861.0,F,97,106,-9
201312060PHO,RS,PHO,2880.0,,97,106,-9
201312080LAL,RS,LAL,0.0,,0,0,0
201312080LAL,RS,LAL,22.0,,2,0,2
201312080LAL,RS,LAL,42.0,T,2,2,0
201312080LAL,RS,LAL,117.0,,4,2,2
201312080LAL,RS,LAL,139.0,,5,2,3
201312080LAL,RS,LAL,139.0,,6,2,4
201312080LAL,RS,LAL,193.0,,8,2,6
201312080LAL,RS,LAL,193.0,,9,2,7
201312080LAL,RS,LAL,237.0,,11,2,9
201312080LAL,RS,LAL,253.0,,11,4,7
201312080LAL,RS,LAL,278.0,,13,4,9
201312080LAL,RS,LAL,297.0,,15,4,11
201312080LAL,RS,LAL,337.0,,15,6,9
201312080LAL,RS,LAL,389.0,,15,8,7
201312080LAL,RS,LAL,403.0,,17,8,9
201312080LAL,RS,LAL,451.0,,17,10,7
201312080LAL,RS,LAL,479.0,,19,10,9
201312080LAL,RS,LAL,507.0,,20,10,10
201312080LAL,RS,LAL,507.0,,21,10,11
201312080LAL,RS,LAL,526.0,,21,12,9
201312080LAL,RS,LAL,544.0,,23,12,11
201312080LAL,RS,LAL,567.0,,24,12,12
201312080LAL,RS,LAL,567.0,,25,12,13
201312080LAL,RS,LAL,580.0,,25,14,11
201312080LAL,RS,LAL,598.0,,27,14,13
201312080LAL,RS,LAL,617.0,,27,16,11
201312080LAL,RS,LAL,649.0,,27,18,9
201312080LAL,RS,LAL,718.0,,27,20,7
201312080LAL,RS,LAL,719.0,,30,20,10
201312080LAL,RS,LAL,760.0,,30,23,7
201312080LAL,RS,LAL,769.0,,32,23,9
201312080LAL,RS,LAL,801.0,,32,25,7
201312080LAL,RS,LAL,832.0,,34,25,9
201312080LAL,RS,LAL,839.0,,34,26,8
201312080LAL,RS,LAL,839.0,,34,27,7
201312080LAL,RS,LAL,853.0,,35,27,8
201312080LAL,RS,LAL,853.0,,36,27,9
201312080LAL,RS,LAL,883.0,,36,29,7
201312080LAL,RS,LAL,883.0,,36,30,6
201312080LAL,RS,LAL,896.0,,38,30,8
201312080LAL,RS,LAL,910.0,,38,33,5
201312080LAL,RS,LAL,965.0,,40,33,7
201312080LAL,RS,LAL,1013.0,,41,33,8
201312080LAL,RS,LAL,1013.0,,42,33,9
201312080LAL,RS,LAL,1028.0,,42,35,7
201312080LAL,RS,LAL,1053.0,,42,36,6
201312080LAL,RS,LAL,1084.0,,42,38,4
201312080LAL,RS,LAL,1101.0,,44,38,6
201312080LAL,RS,LAL,1127.0,,44,40,4
201312080LAL,RS,LAL,1140.0,,46,40,6
201312080LAL,RS,LAL,1209.0,,46,43,3
201312080LAL,RS,LAL,1223.0,,48,43,5
201312080LAL,RS,LAL,1270.0,,51,43,8
201312080LAL,RS,LAL,1316.0,,51,45,6
201312080LAL,RS,LAL,1353.0,,51,47,4
201312080LAL,RS,LAL,1536.0,,53,47,6
201312080LAL,RS,LAL,1569.0,,55,47,8
201312080LAL,RS,LAL,1597.0,,57,47,10
201312080LAL,RS,LAL,1642.0,,57,48,9
201312080LAL,RS,LAL,1666.0,,59,48,11
201312080LAL,RS,LAL,1689.0,,59,50,9
201312080LAL,RS,LAL,1710.0,,61,50,11
201312080LAL,RS,LAL,1762.0,,63,50,13
201312080LAL,RS,LAL,1779.0,,63,53,10
201312080LAL,RS,LAL,1854.0,,63,56,7
201312080LAL,RS,LAL,1880.0,,65,56,9
201312080LAL,RS,LAL,1911.0,,67,56,11
201312080LAL,RS,LAL,1911.0,,68,56,12
201312080LAL,RS,LAL,1945.0,,68,58,10
201312080LAL,RS,LAL,1961.0,,70,58,12
201312080LAL,RS,LAL,1983.0,,72,58,14
201312080LAL,RS,LAL,2035.0,,72,60,12
201312080LAL,RS,LAL,2035.0,,72,61,11
201312080LAL,RS,LAL,2063.0,,72,63,9
201312080LAL,RS,LAL,2082.0,,72,66,6
201312080LAL,RS,LAL,2136.0,,72,68,4
201312080LAL,RS,LAL,2154.0,,73,68,5
201312080LAL,RS,LAL,2176.0,,75,68,7
201312080LAL,RS,LAL,2195.0,,75,69,6
201312080LAL,RS,LAL,2195.0,,75,70,5
201312080LAL,RS,LAL,2214.0,,77,70,7
201312080LAL,RS,LAL,2249.0,,79,70,9
201312080LAL,RS,LAL,2264.0,,79,72,7
201312080LAL,RS,LAL,2279.0,,82,72,10
201312080LAL,RS,LAL,2294.0,,82,75,7
201312080LAL,RS,LAL,2334.0,,85,75,10
201312080LAL,RS,LAL,2374.0,,85,77,8
201312080LAL,RS,LAL,2374.0,,85,78,7
201312080LAL,RS,LAL,2410.0,,85,81,4
201312080LAL,RS,LAL,2433.0,,87,81,6
201312080LAL,RS,LAL,2467.0,,88,81,7
201312080LAL,RS,LAL,2467.0,,89,81,8
201312080LAL,RS,LAL,2559.0,,89,83,6
201312080LAL,RS,LAL,2590.0,,89,84,5
201312080LAL,RS,LAL,2590.0,,89,85,4
201312080LAL,RS,LAL,2606.0,,91,85,6
201312080LAL,RS,LAL,2642.0,,92,85,7
201312080LAL,RS,LAL,2642.0,,93,85,8
201312080LAL,RS,LAL,2665.0,,95,85,10
201312080LAL,RS,LAL,2681.0,,95,86,9
201312080LAL,RS,LAL,2681.0,,95,87,8
201312080LAL,RS,LAL,2693.0,,96,87,9
201312080LAL,RS,LAL,2693.0,,97,87,10
201312080LAL,RS,LAL,2723.0,,99,87,12
201312080LAL,RS,LAL,2738.0,,99,88,11
201312080LAL,RS,LAL,2738.0,,99,89,10
201312080LAL,RS,LAL,2765.0,,99,90,9
201312080LAL,RS,LAL,2765.0,,99,91,8
201312080LAL,RS,LAL,2787.0,,101,91,10
201312080LAL,RS,LAL,2809.0,,102,91,11
201312080LAL,RS,LAL,2809.0,,103,91,12
201312080LAL,RS,LAL,2820.0,,103,94,9
201312080LAL,RS,LAL,2844.0,,104,94,10
201312080LAL,RS,LAL,2876.0,F,106,94,12
201312080LAL,RS,LAL,2880.0,,106,94,12
201312100TOR,RS,SAS,0.0,,0,0,0
201312100TOR,RS,SAS,30.0,,2,0,2
201312100TOR,RS,SAS,58.0,,4,0,4
201312100TOR,RS,SAS,72.0,,4,2,2
201312100TOR,RS,SAS,94.0,,6,2,4
201312100TOR,RS,SAS,114.0,,6,4,2
201312100TOR,RS,SAS,132.0,,8,4,4
201312100TOR,RS,SAS,155.0,,8,6,2
201312100TOR,RS,SAS,172.0,,10,6,4
201312100TOR,RS,SAS,197.0,,13,6,7
201312100TOR,RS,SAS,216.0,,13,9,4
201312100TOR,RS,SAS,290.0,,16,9,7
201312100TOR,RS,SAS,302.0,,16,11,5
201312100TOR,RS,SAS,317.0,,18,11,7
201312100TOR,RS,SAS,329.0,,18,13,5
201312100TOR,RS,SAS,350.0,,20,13,7
201312100TOR,RS,SAS,426.0,,20,15,5
201312100TOR,RS,SAS,456.0,,22,15,7
201312100TOR,RS,SAS,478.0,,24,15,9
201312100TOR,RS,SAS,488.0,,24,18,6
201312100TOR,RS,SAS,505.0,,27,18,9
201312100TOR,RS,SAS,576.0,,28,18,10
201312100TOR,RS,SAS,576.0,,29,18,11
201312100TOR,RS,SAS,597.0,,32,18,14
201312100TOR,RS,SAS,610.0,,32,20,12
201312100TOR,RS,SAS,649.0,,34,20,14
201312100TOR,RS,SAS,662.0,,34,22,12
201312100TOR,RS,SAS,672.0,,36,22,14
201312100TOR,RS,SAS,679.0,,36,24,12
201312100TOR,RS,SAS,753.0,,36,25,11
201312100TOR,RS,SAS,753.0,,36,26,10
201312100TOR,RS,SAS,782.0,,36,27,9
201312100TOR,RS,SAS,782.0,,36,28,8
201312100TOR,RS,SAS,833.0,,36,31,5
201312100TOR,RS,SAS,878.0,,38,31,7
201312100TOR,RS,SAS,895.0,,38,34,4
201312100TOR,RS,SAS,928.0,,38,37,1
201312100TOR,RS,SAS,947.0,,40,37,3
201312100TOR,RS,SAS,969.0,,40,39,1
201312100TOR,RS,SAS,989.0,LC,40,41,-1
201312100TOR,RS,SAS,1030.0,,40,43,-3
201312100TOR,RS,SAS,1040.0,,42,43,-1
201312100TOR,RS,SAS,1040.0,T,43,43,0
201312100TOR,RS,SAS,1070.0,LC,45,43,2
201312100TOR,RS,SAS,1085.0,,45,44,1
201312100TOR,RS,SAS,1098.0,,47,44,3
201312100TOR,RS,SAS,1120.0,,47,46,1
201312100TOR,RS,SAS,1134.0,,49,46,3
201312100TOR,RS,SAS,1288.0,,49,47,2
201312100TOR,RS,SAS,1288.0,,49,48,1
201312100TOR,RS,SAS,1306.0,LC,49,51,-2
201312100TOR,RS,SAS,1333.0,T,51,51,0
201312100TOR,RS,SAS,1351.0,,51,53,-2
201312100TOR,RS,SAS,1366.0,,51,55,-4
201312100TOR,RS,SAS,1386.0,,53,55,-2
201312100TOR,RS,SAS,1401.0,,53,57,-4
201312100TOR,RS,SAS,1434.0,,53,59,-6
201312100TOR,RS,SAS,1528.0,,53,61,-8
201312100TOR,RS,SAS,1528.0,,53,62,-9
201312100TOR,RS,SAS,1571.0,,55,62,-7
201312100TOR,RS,SAS,1597.0,,55,65,-10
201312100TOR,RS,SAS,1633.0,,57,65,-8
201312100TOR,RS,SAS,1658.0,,57,67,-10
201312100TOR,RS,SAS,1674.0,,60,67,-7
201312100TOR,RS,SAS,1690.0,,60,69,-9
201312100TOR,RS,SAS,1703.0,,61,69,-8
201312100TOR,RS,SAS,1703.0,,62,69,-7
201312100TOR,RS,SAS,1718.0,,62,71,-9
201312100TOR,RS,SAS,1740.0,,62,72,-10
201312100TOR,RS,SAS,1817.0,,65,72,-7
201312100TOR,RS,SAS,1836.0,,65,75,-10
201312100TOR,RS,SAS,1869.0,,68,75,-7
201312100TOR,RS,SAS,1940.0,,68,78,-10
201312100TOR,RS,SAS,1958.0,,71,78,-7
201312100TOR,RS,SAS,1976.0,,71,80,-9
201312100TOR,RS,SAS,2006.0,,71,81,-10
201312100TOR,RS,SAS,2006.0,,71,82,-11
201312100TOR,RS,SAS,2027.0,,71,84,-13
201312100TOR,RS,SAS,2052.0,,71,87,-16
201312100TOR,RS,SAS,2103.0,,74,87,-13
201312100TOR,RS,SAS,2118.0,,74,89,-15
201312100TOR,RS,SAS,2188.0,,74,92,-18
201312100TOR,RS,SAS,2209.0,,75,92,-17
201312100TOR,RS,SAS,2209.0,,76,92,-16
201312100TOR,RS,SAS,2224.0,,76,95,-19
201312100TOR,RS,SAS,2259.0,,76,98,-22
201312100TOR,RS,SAS,2276.0,,77,98,-21
201312100TOR,RS,SAS,2276.0,,78,98,-20
201312100TOR,RS,SAS,2290.0,,78,100,-22
201312100TOR,RS,SAS,2306.0,,80,100,-20
201312100TOR,RS,SAS,2321.0,,80,102,-22
201312100TOR,RS,SAS,2344.0,,82,102,-20
201312100TOR,RS,SAS,2378.0,,83,102,-19
201312100TOR,RS,SAS,2420.0,,84,102,-18
201312100TOR,RS,SAS,2420.0,,85,102,-17
201312100TOR,RS,SAS,2437.0,,85,104,-19
201312100TOR,RS,SAS,2461.0,,85,105,-20
201312100TOR,RS,SAS,2461.0,,85,106,-21
201312100TOR,RS,SAS,2478.0,,86,106,-20
201312100TOR,RS,SAS,2498.0,,86,108,-22
201312100TOR,RS,SAS,2577.0,,86,110,-24
201312100TOR,RS,SAS,2646.0,,89,110,-21
201312100TOR,RS,SAS,2659.0,,89,112,-23
201312100TOR,RS,SAS,2667.0,,91,112,-21
201312100TOR,RS,SAS,2667.0,,92,112,-20
201312100TOR,RS,SAS,2699.0,,94,112,-18
201312100TOR,RS,SAS,2750.0,,94,114,-20
201312100TOR,RS,SAS,2776.0,,94,116,-22
201312100TOR,RS,SAS,2801.0,,95,116,-21
201312100TOR,RS,SAS,2801.0,,96,116,-20
201312100TOR,RS,SAS,2811.0,,98,116,-18
201312100TOR,RS,SAS,2846.0,,100,116,-16
201312100TOR,RS,SAS,2878.0,,102,116,-14
201312100TOR,RS,SAS,2878.0,F,103,116,-13
201312100TOR,RS,SAS,2880.0,,103,116,-13
201312130TOR,RS,PHI,0.0,,0,0,0
201312130TOR,RS,PHI,23.0,,1,0,1
201312130TOR,RS,PHI,23.0,,2,0,2
201312130TOR,RS,PHI,37.0,T,2,2,0
201312130TOR,RS,PHI,60.0,,3,2,1
201312130TOR,RS,PHI,60.0,,4,2,2
201312130TOR,RS,PHI,84.0,,6,2,4
201312130TOR,RS,PHI,106.0,,8,2,6
201312130TOR,RS,PHI,139.0,,10,2,8
201312130TOR,RS,PHI,167.0,,13,2,11
201312130TOR,RS,PHI,181.0,,13,4,9
201312130TOR,RS,PHI,240.0,,13,7,6
201312130TOR,RS,PHI,275.0,,13,10,3
201312130TOR,RS,PHI,297.0,,15,10,5
201312130TOR,RS,PHI,352.0,,17,10,7
201312130TOR,RS,PHI,369.0,,17,12,5
201312130TOR,RS,PHI,381.0,,20,12,8
201312130TOR,RS,PHI,401.0,,20,14,6
201312130TOR,RS,PHI,426.0,,20,16,4
201312130TOR,RS,PHI,449.0,,22,16,6
201312130TOR,RS,PHI,466.0,,22,18,4
201312130TOR,RS,PHI,493.0,,22,20,2
201312130TOR,RS,PHI,512.0,,24,20,4
201312130TOR,RS,PHI,538.0,,26,20,6
201312130TOR,RS,PHI,543.0,,26,21,5
201312130TOR,RS,PHI,555.0,,28,21,7
201312130TOR,RS,PHI,595.0,,30,21,9
201312130TOR,RS,PHI,648.0,,33,21,12
201312130TOR,RS,PHI,672.0,,36,21,15
201312130TOR,RS,PHI,730.0,,36,23,13
201312130TOR,RS,PHI,794.0,,36,26,10
201312130TOR,RS,PHI,848.0,,36,28,8
201312130TOR,RS,PHI,848.0,,36,29,7
201312130TOR,RS,PHI,887.0,,36,31,5
201312130TOR,RS,PHI,949.0,,36,33,3
201312130TOR,RS,PHI,966.0,,39,33,6
201312130TOR,RS,PHI,1017.0,,41,33,8
201312130TOR,RS,PHI,1033.0,,41,36,5
201312130TOR,RS,PHI,1055.0,,43,36,7
201312130TOR,RS,PHI,1114.0,,43,38,5
201312130TOR,RS,PHI,1149.0,,43,41,2
201312130TOR,RS,PHI,1168.0,,44,41,3
201312130TOR,RS,PHI,1168.0,,45,41,4
201312130TOR,RS,PHI,1178.0,,45,43,2
201312130TOR,RS,PHI,1230.0,,45,44,1
201312130TOR,RS,PHI,1230.0,T,45,45,0
201312130TOR,RS,PHI,1249.0,,47,45,2
201312130TOR,RS,PHI,1273.0,,48,45,3
201312130TOR,RS,PHI,1273.0,,49,45,4
201312130TOR,RS,PHI,1284.0,,49,47,2
201312130TOR,RS,PHI,1318.0,,49,48,1
201312130TOR,RS,PHI,1363.0,,52,48,4
201312130TOR,RS,PHI,1388.0,,53,48,5
201312130TOR,RS,PHI,1413.0,,55,48,7
201312130TOR,RS,PHI,1413.0,,56,48,8
201312130TOR,RS,PHI,1469.0,,58,48,10
201312130TOR,RS,PHI,1499.0,,60,48,12
201312130TOR,RS,PHI,1520.0,,60,50,10
201312130TOR,RS,PHI,1575.0,,62,50,12
201312130TOR,RS,PHI,1598.0,,64,50,14
201312130TOR,RS,PHI,1634.0,,64,51,13
201312130TOR,RS,PHI,1634.0,,64,52,12
201312130TOR,RS,PHI,1656.0,,65,52,13
201312130TOR,RS,PHI,1656.0,,66,52,14
201312130TOR,RS,PHI,1672.0,,66,55,11
201312130TOR,RS,PHI,1690.0,,68,55,13
201312130TOR,RS,PHI,1707.0,,68,57,11
201312130TOR,RS,PHI,1742.0,,68,59,9
201312130TOR,RS,PHI,1761.0,,69,59,10
201312130TOR,RS,PHI,1761.0,,70,59,11
201312130TOR,RS,PHI,1782.0,,72,59,13
201312130TOR,RS,PHI,1817.0,,72,61,11
201312130TOR,RS,PHI,1836.0,,74,61,13
201312130TOR,RS,PHI,1859.0,,74,62,12
201312130TOR,RS,PHI,1859.0,,74,63,11
201312130TOR,RS,PHI,1901.0,,76,63,13
201312130TOR,RS,PHI,1915.0,,76,65,11
201312130TOR,RS,PHI,1982.0,,76,68,8
201312130TOR,RS,PHI,2024.0,,76,70,6
201312130TOR,RS,PHI,2044.0,,76,71,5
201312130TOR,RS,PHI,2044.0,,76,72,4
201312130TOR,RS,PHI,2077.0,,76,74,2
201312130TOR,RS,PHI,2104.0,,78,74,4
201312130TOR,RS,PHI,2104.0,,79,74,5
201312130TOR,RS,PHI,2122.0,,79,75,4
201312130TOR,RS,PHI,2122.0,,79,76,3
201312130TOR,RS,PHI,2143.0,,80,76,4
201312130TOR,RS,PHI,2143.0,,81,76,5
201312130TOR,RS,PHI,2160.0,,83,76,7
201312130TOR,RS,PHI,2265.0,,85,76,9
201312130TOR,RS,PHI,2299.0,,85,77,8
201312130TOR,RS,PHI,2299.0,,85,78,7
201312130TOR,RS,PHI,2317.0,,87,78,9
201312130TOR,RS,PHI,2334.0,,87,80,7
201312130TOR,RS,PHI,2378.0,,87,82,5
201312130TOR,RS,PHI,2399.0,,90,82,8
201312130TOR,RS,PHI,2425.0,,93,82,11
201312130TOR,RS,PHI,2449.0,,96,82,14
201312130TOR,RS,PHI,2460.0,,96,85,11
201312130TOR,RS,PHI,2497.0,,96,87,9
201312130TOR,RS,PHI,2531.0,,96,89,7
201312130TOR,RS,PHI,2544.0,,98,89,9
201312130TOR,RS,PHI,2562.0,,98,91,7
201312130TOR,RS,PHI,2585.0,,100,91,9
201312130TOR,RS,PHI,2603.0,,100,93,7
201312130TOR,RS,PHI,2728.0,,100,96,4
201312130TOR,RS,PHI,2764.0,,100,98,2
201312130TOR,RS,PHI,2782.0,,103,98,5
201312130TOR,RS,PHI,2806.0,,104,98,6
201312130TOR,RS,PHI,2839.0,,106,98,8
201312130TOR,RS,PHI,2849.0,,106,99,7
201312130TOR,RS,PHI,2849.0,,106,100,6
201312130TOR,RS,PHI,2857.0,,107,100,7
201312130TOR,RS,PHI,2857.0,F,108,100,8
201312130TOR,RS,PHI,2880.0,,108,100,8
201312140CHI,RS,CHI,0.0,,0,0,0
201312140CHI,RS,CHI,46.0,,2,0,2
201312140CHI,RS,CHI,64.0,T,2,2,0
201312140CHI,RS,CHI,99.0,,4,2,2
201312140CHI,RS,CHI,133.0,,6,2,4
201312140CHI,RS,CHI,152.0,,6,4,2
201312140CHI,RS,CHI,165.0,,8,4,4
201312140CHI,RS,CHI,202.0,,10,4,6
201312140CHI,RS,CHI,283.0,,10,6,4
201312140CHI,RS,CHI,343.0,,10,8,2
201312140CHI,RS,CHI,372.0,T,10,10,0
201312140CHI,RS,CHI,397.0,,12,10,2
201312140CHI,RS,CHI,442.0,T,12,12,0
201312140CHI,RS,CHI,464.0,,15,12,3
201312140CHI,RS,CHI,494.0,,15,14,1
201312140CHI,RS,CHI,536.0,,17,14,3
201312140CHI,RS,CHI,555.0,,17,16,1
201312140CHI,RS,CHI,578.0,,18,16,2
201312140CHI,RS,CHI,578.0,,19,16,3
201312140CHI,RS,CHI,611.0,T,19,19,0
201312140CHI,RS,CHI,627.0,,21,19,2
201312140CHI,RS,CHI,675.0,T,21,21,0
201312140CHI,RS,CHI,683.0,,24,21,3
201312140CHI,RS,CHI,772.0,,24,23,1
201312140CHI,RS,CHI,791.0,,26,23,3
201312140CHI,RS,CHI,827.0,,27,23,4
201312140CHI,RS,CHI,827.0,,28,23,5
201312140CHI,RS,CHI,853.0,,30,23,7
201312140CHI,RS,CHI,871.0,,30,24,6
201312140CHI,RS,CHI,871.0,,30,25,5
201312140CHI,RS,CHI,914.0,,31,25,6
201312140CHI,RS,CHI,932.0,,33,25,8
201312140CHI,RS,CHI,948.0,,33,27,6
201312140CHI,RS,CHI,960.0,,34,27,7
201312140CHI,RS,CHI,1002.0,,34,29,5
201312140CHI,RS,CHI,1063.0,,34,31,3
201312140CHI,RS,CHI,1106.0,,35,31,4
201312140CHI,RS,CHI,1134.0,,38,31,7
201312140CHI,RS,CHI,1151.0,,38,33,5
201312140CHI,RS,CHI,1219.0,,38,35,3
201312140CHI,RS,CHI,1235.0,,40,35,5
201312140CHI,RS,CHI,1252.0,,43,35,8
201312140CHI,RS,CHI,1273.0,,43,36,7
201312140CHI,RS,CHI,1273.0,,43,37,6
201312140CHI,RS,CHI,1329.0,,43,39,4
201312140CHI,RS,CHI,1378.0,,45,39,6
201312140CHI,RS,CHI,1378.0,,46,39,7
201312140CHI,RS,CHI,1391.0,,46,41,5
201312140CHI,RS,CHI,1407.0,,48,41,7
201312140CHI,RS,CHI,1439.0,,51,41,10
201312140CHI,RS,CHI,1545.0,,53,41,12
201312140CHI,RS,CHI,1580.0,,55,41,14
201312140CHI,RS,CHI,1612.0,,57,41,16
201312140CHI,RS,CHI,1635.0,,57,44,13
201312140CHI,RS,CHI,1662.0,,57,46,11
201312140CHI,RS,CHI,1696.0,,57,48,9
201312140CHI,RS,CHI,1709.0,,59,48,11
201312140CHI,RS,CHI,1746.0,,59,50,9
201312140CHI,RS,CHI,1764.0,,61,50,11
201312140CHI,RS,CHI,1780.0,,61,52,9
201312140CHI,RS,CHI,1797.0,,61,53,8
201312140CHI,RS,CHI,1913.0,,62,53,9
201312140CHI,RS,CHI,1943.0,,64,53,11
201312140CHI,RS,CHI,1943.0,,65,53,12
201312140CHI,RS,CHI,1957.0,,65,55,10
201312140CHI,RS,CHI,1988.0,,67,55,12
201312140CHI,RS,CHI,2009.0,,67,57,10
201312140CHI,RS,CHI,2024.0,,69,57,12
201312140CHI,RS,CHI,2050.0,,69,60,9
201312140CHI,RS,CHI,2074.0,,71,60,11
201312140CHI,RS,CHI,2088.0,,71,61,10
201312140CHI,RS,CHI,2088.0,,71,62,9
201312140CHI,RS,CHI,2088.0,,71,63,8
201312140CHI,RS,CHI,2100.0,,73,63,10
201312140CHI,RS,CHI,2117.0,,73,66,7
201312140CHI,RS,CHI,2196.0,,73,69,4
201312140CHI,RS,CHI,2218.0,,75,69,6
201312140CHI,RS,CHI,2259.0,,77,69,8
201312140CHI,RS,CHI,2285.0,,78,69,9
201312140CHI,RS,CHI,2285.0,,79,69,10
201312140CHI,RS,CHI,2317.0,,79,71,8
201312140CHI,RS,CHI,2341.0,,81,71,10
201312140CHI,RS,CHI,2426.0,,82,71,11
201312140CHI,RS,CHI,2471.0,,84,71,13
201312140CHI,RS,CHI,2485.0,,84,74,10
201312140CHI,RS,CHI,2530.0,,86,74,12
201312140CHI,RS,CHI,2557.0,,86,76,10
201312140CHI,RS,CHI,2577.0,,88,76,12
201312140CHI,RS,CHI,2653.0,,90,76,14
201312140CHI,RS,CHI,2653.0,,91,76,15
201312140CHI,RS,CHI,2681.0,,93,76,17
201312140CHI,RS,CHI,2712.0,,95,76,19
201312140CHI,RS,CHI,2782.0,,97,76,21
201312140CHI,RS,CHI,2819.0,,99,76,23
201312140CHI,RS,CHI,2860.0,F,99,77,22
201312140CHI,RS,CHI,2880.0,,99,77,22
201312180TOR,RS,CHO,0.0,,0,0,0
201312180TOR,RS,CHO,19.0,,2,0,2
201312180TOR,RS,CHO,119.0,T,2,2,0
201312180TOR,RS,CHO,135.0,,4,2,2
201312180TOR,RS,CHO,149.0,T,4,4,0
201312180TOR,RS,CHO,170.0,,6,4,2
201312180TOR,RS,CHO,235.0,LC,6,7,-1
201312180TOR,RS,CHO,327.0,LC,8,7,1
201312180TOR,RS,CHO,345.0,T,8,8,0
201312180TOR,RS,CHO,345.0,LC,8,9,-1
201312180TOR,RS,CHO,374.0,,8,11,-3
201312180TOR,RS,CHO,405.0,,10,11,-1
201312180TOR,RS,CHO,456.0,,10,12,-2
201312180TOR,RS,CHO,492.0,,10,13,-3
201312180TOR,RS,CHO,513.0,,11,13,-2
201312180TOR,RS,CHO,566.0,,11,15,-4
201312180TOR,RS,CHO,636.0,,13,15,-2
201312180TOR,RS,CHO,662.0,T,15,15,0
201312180TOR,RS,CHO,670.0,,15,18,-3
201312180TOR,RS,CHO,788.0,,17,18,-1
201312180TOR,RS,CHO,811.0,LC,20,18,2
201312180TOR,RS,CHO,844.0,,23,18,5
201312180TOR,RS,CHO,896.0,,25,18,7
201312180TOR,RS,CHO,896.0,,26,18,8
201312180TOR,RS,CHO,931.0,,26,20,6
201312180TOR,RS,CHO,963.0,,26,22,4
201312180TOR,RS,CHO,1014.0,,28,22,6
201312180TOR,RS,CHO,1031.0,,28,25,3
201312180TOR,RS,CHO,1049.0,,30,25,5
201312180TOR,RS,CHO,1083.0,,32,25,7
201312180TOR,RS,CHO,1122.0,,34,25,9
201312180TOR,RS,CHO,1144.0,,34,27,7
201312180TOR,RS,CHO,1197.0,,36,27,9
201312180TOR,RS,CHO,1237.0,,36,28,8
201312180TOR,RS,CHO,1237.0,,36,29,7
201312180TOR,RS,CHO,1258.0,,37,29,8
201312180TOR,RS,CHO,1258.0,,38,29,9
201312180TOR,RS,CHO,1273.0,,38,31,7
201312180TOR,RS,CHO,1295.0,,40,31,9
201312180TOR,RS,CHO,1322.0,,40,33,7
201312180TOR,RS,CHO,1352.0,,40,35,5
201312180TOR,RS,CHO,1365.0,,41,35,6
201312180TOR,RS,CHO,1365.0,,42,35,7
201312180TOR,RS,CHO,1378.0,,43,35,8
201312180TOR,RS,CHO,1387.0,,45,35,10
201312180TOR,RS,CHO,1417.0,,47,35,12
201312180TOR,RS,CHO,1440.0,,47,37,10
201312180TOR,RS,CHO,1494.0,,50,37,13
201312180TOR,RS,CHO,1529.0,,50,39,11
201312180TOR,RS,CHO,1548.0,,52,39,13
201312180TOR,RS,CHO,1570.0,,52,41,11
201312180TOR,RS,CHO,1615.0,,54,41,13
201312180TOR,RS,CHO,1615.0,,55,41,14
201312180TOR,RS,CHO,1632.0,,55,43,12
201312180TOR,RS,CHO,1642.0,,57,43,14
201312180TOR,RS,CHO,1662.0,,57,45,12
201312180TOR,RS,CHO,1679.0,,59,45,14
201312180TOR,RS,CHO,1697.0,,60,45,15
201312180TOR,RS,CHO,1697.0,,61,45,16
201312180TOR,RS,CHO,1719.0,,61,47,14
201312180TOR,RS,CHO,1755.0,,61,50,11
201312180TOR,RS,CHO,1773.0,,63,50,13
201312180TOR,RS,CHO,1797.0,,63,53,10
201312180TOR,RS,CHO,1814.0,,65,53,12
201312180TOR,RS,CHO,1828.0,,65,54,11
201312180TOR,RS,CHO,1884.0,,65,57,8
201312180TOR,RS,CHO,1924.0,,65,59,6
201312180TOR,RS,CHO,1936.0,,65,61,4
201312180TOR,RS,CHO,1936.0,,65,62,3
201312180TOR,RS,CHO,2011.0,,65,64,1
201312180TOR,RS,CHO,2026.0,,66,64,2
201312180TOR,RS,CHO,2040.0,T,66,66,0
201312180TOR,RS,CHO,2040.0,LC,66,67,-1
201312180TOR,RS,CHO,2055.0,LC,68,67,1
201312180TOR,RS,CHO,2102.0,,70,67,3
201312180TOR,RS,CHO,2108.0,,70,68,2
201312180TOR,RS,CHO,2108.0,,70,69,1
201312180TOR,RS,CHO,2153.0,T,70,70,0
201312180TOR,RS,CHO,2233.0,LC,70,72,-2
201312180TOR,RS,CHO,2262.0,T,72,72,0
201312180TOR,RS,CHO,2305.0,LC,73,72,1
201312180TOR,RS,CHO,2305.0,,74,72,2
201312180TOR,RS,CHO,2344.0,,77,72,5
201312180TOR,RS,CHO,2359.0,,77,75,2
201312180TOR,RS,CHO,2377.0,,79,75,4
201312180TOR,RS,CHO,2401.0,,79,78,1
201312180TOR,RS,CHO,2425.0,,81,78,3
201312180TOR,RS,CHO,2438.0,,81,80,1
201312180TOR,RS,CHO,2466.0,LC,81,82,-1
201312180TOR,RS,CHO,2484.0,LC,84,82,2
201312180TOR,RS,CHO,2533.0,,86,82,4
201312180TOR,RS,CHO,2590.0,,86,84,2
201312180TOR,RS,CHO,2654.0,T,86,86,0
201312180TOR,RS,CHO,2682.0,LC,86,87,-1
201312180TOR,RS,CHO,2728.0,,86,89,-3
201312180TOR,RS,CHO,2749.0,,88,89,-1
201312180TOR,RS,CHO,2789.0,LC,90,89,1
201312180TOR,RS,CHO,2848.0,LC,90,91,-1
201312180TOR,RS,CHO,2859.0,,90,92,-2
201312180TOR,RS,CHO,2859.0,,90,93,-3
201312180TOR,RS,CHO,2864.0,,92,93,-1
201312180TOR,RS,CHO,2864.0,,92,94,-2
201312180TOR,RS,CHO,2864.0,,92,95,-3
201312180TOR,RS,CHO,2867.0,T,95,95,0
201312180TOR,RS,CHO,2911.0,,95,97,-2
201312180TOR,RS,CHO,3025.0,,95,98,-3
201312180TOR,RS,CHO,3101.0,,97,98,-1
201312180TOR,RS,CHO,3113.0,,97,99,-2
201312180TOR,RS,CHO,3113.0,,97,100,-3
201312180TOR,RS,CHO,3151.0,,99,100,-1
201312180TOR,RS,CHO,3152.0,,99,101,-2
201312180TOR,RS,CHO,3152.0,,99,102,-3
201312180TOR,RS,CHO,3167.0,,101,102,-1
201312180TOR,RS,CHO,3179.0,T,102,102,0
201312180TOR,RS,CHO,3180.0,,102,104,-2
201312180TOR,RS,CHO,3180.0,F,102,104,-2
201312200DAL,RS,DAL,0.0,,0,0,0
201312200DAL,RS,DAL,42.0,,2,0,2
201312200DAL,RS,DAL,59.0,T,2,2,0
201312200DAL,RS,DAL,73.0,,4,2,2
201312200DAL,RS,DAL,117.0,LC,4,5,-1
201312200DAL,RS,DAL,133.0,LC,6,5,1
201312200DAL,RS,DAL,143.0,LC,6,7,-1
201312200DAL,RS,DAL,184.0,,6,9,-3
201312200DAL,RS,DAL,214.0,,6,11,-5
201312200DAL,RS,DAL,241.0,,6,14,-8
201312200DAL,RS,DAL,255.0,,8,14,-6
201312200DAL,RS,DAL,275.0,,8,16,-8
201312200DAL,RS,DAL,294.0,,10,16,-6
201312200DAL,RS,DAL,313.0,,10,18,-8
201312200DAL,RS,DAL,329.0,,12,18,-6
201312200DAL,RS,DAL,348.0,,12,20,-8
201312200DAL,RS,DAL,391.0,,12,22,-10
201312200DAL,RS,DAL,421.0,,14,22,-8
201312200DAL,RS,DAL,440.0,,14,24,-10
201312200DAL,RS,DAL,471.0,,16,24,-8
201312200DAL,RS,DAL,471.0,,17,24,-7
201312200DAL,RS,DAL,515.0,,17,25,-8
201312200DAL,RS,DAL,529.0,,19,25,-6
201312200DAL,RS,DAL,545.0,,19,27,-8
201312200DAL,RS,DAL,578.0,,20,27,-7
201312200DAL,RS,DAL,578.0,,21,27,-6
201312200DAL,RS,DAL,596.0,,21,29,-8
201312200DAL,RS,DAL,652.0,,21,31,-10
201312200DAL,RS,DAL,677.0,,22,31,-9
201312200DAL,RS,DAL,690.0,,22,33,-11
201312200DAL,RS,DAL,742.0,,22,35,-13
201312200DAL,RS,DAL,825.0,,22,37,-15
201312200DAL,RS,DAL,891.0,,22,39,-17
201312200DAL,RS,DAL,926.0,,22,41,-19
201312200DAL,RS,DAL,955.0,,24,41,-17
201312200DAL,RS,DAL,980.0,,26,41,-15
201312200DAL,RS,DAL,1004.0,,28,41,-13
201312200DAL,RS,DAL,1037.0,,30,41,-11
201312200DAL,RS,DAL,1055.0,,31,41,-10
201312200DAL,RS,DAL,1055.0,,32,41,-9
201312200DAL,RS,DAL,1070.0,,32,43,-11
201312200DAL,RS,DAL,1086.0,,34,43,-9
201312200DAL,RS,DAL,1117.0,,34,44,-10
201312200DAL,RS,DAL,1117.0,,34,45,-11
201312200DAL,RS,DAL,1131.0,,36,45,-9
201312200DAL,RS,DAL,1150.0,,36,47,-11
201312200DAL,RS,DAL,1170.0,,39,47,-8
201312200DAL,RS,DAL,1260.0,,41,47,-6
201312200DAL,RS,DAL,1327.0,,43,47,-4
201312200DAL,RS,DAL,1327.0,,44,47,-3
201312200DAL,RS,DAL,1353.0,T,47,47,0
201312200DAL,RS,DAL,1382.0,LC,49,47,2
201312200DAL,RS,DAL,1393.0,T,49,49,0
201312200DAL,RS,DAL,1416.0,LC,49,51,-2
201312200DAL,RS,DAL,1416.0,,49,52,-3
201312200DAL,RS,DAL,1454.0,,49,54,-5
201312200DAL,RS,DAL,1514.0,,52,54,-2
201312200DAL,RS,DAL,1558.0,T,54,54,0
201312200DAL,RS,DAL,1573.0,,54,56,-2
201312200DAL,RS,DAL,1590.0,T,56,56,0
201312200DAL,RS,DAL,1603.0,,56,58,-2
201312200DAL,RS,DAL,1675.0,T,58,58,0
201312200DAL,RS,DAL,1695.0,,58,61,-3
201312200DAL,RS,DAL,1750.0,,59,61,-2
201312200DAL,RS,DAL,1781.0,,59,63,-4
201312200DAL,RS,DAL,1803.0,,62,63,-1
201312200DAL,RS,DAL,1819.0,,62,66,-4
201312200DAL,RS,DAL,1845.0,,63,66,-3
201312200DAL,RS,DAL,1845.0,,64,66,-2
201312200DAL,RS,DAL,1862.0,,64,68,-4
201312200DAL,RS,DAL,1914.0,,67,68,-1
201312200DAL,RS,DAL,1951.0,LC,69,68,1
201312200DAL,RS,DAL,1951.0,,70,68,2
201312200DAL,RS,DAL,1969.0,T,70,70,0
201312200DAL,RS,DAL,1983.0,,73,70,3
201312200DAL,RS,DAL,1998.0,,73,72,1
201312200DAL,RS,DAL,2033.0,T,73,73,0
201312200DAL,RS,DAL,2033.0,LC,73,74,-1
201312200DAL,RS,DAL,2105.0,,73,77,-4
201312200DAL,RS,DAL,2118.0,,74,77,-3
201312200DAL,RS,DAL,2118.0,,75,77,-2
201312200DAL,RS,DAL,2130.0,,75,79,-4
201312200DAL,RS,DAL,2152.0,,78,79,-1
201312200DAL,RS,DAL,2160.0,,78,81,-3
201312200DAL,RS,DAL,2190.0,T,81,81,0
201312200DAL,RS,DAL,2241.0,LC,84,81,3
201312200DAL,RS,DAL,2280.0,,86,81,5
201312200DAL,RS,DAL,2308.0,,89,81,8
201312200DAL,RS,DAL,2348.0,,89,83,6
201312200DAL,RS,DAL,2436.0,,89,86,3
201312200DAL,RS,DAL,2455.0,,91,86,5
201312200DAL,RS,DAL,2521.0,,91,89,2
201312200DAL,RS,DAL,2550.0,,93,89,4
201312200DAL,RS,DAL,2563.0,,93,92,1
201312200DAL,RS,DAL,2672.0,LC,93,95,-2
201312200DAL,RS,DAL,2689.0,LC,96,95,1
201312200DAL,RS,DAL,2733.0,,98,95,3
201312200DAL,RS,DAL,2772.0,,98,97,1
201312200DAL,RS,DAL,2814.0,LC,98,99,-1
201312200DAL,RS,DAL,2828.0,T,99,99,0
201312200DAL,RS,DAL,2859.0,,99,101,-2
201312200DAL,RS,DAL,2863.0,T,101,101,0
201312200DAL,RS,DAL,2922.0,LC,103,101,2
201312200DAL,RS,DAL,2943.0,T,103,103,0
201312200DAL,RS,DAL,2990.0,,105,103,2
201312200DAL,RS,DAL,3026.0,T,105,105,0
201312200DAL,RS,DAL,3079.0,,107,105,2
201312200DAL,RS,DAL,3089.0,LC,107,108,-1
201312200DAL,RS,DAL,3109.0,F,109,108,1
201312200DAL,RS,DAL,3180.0,,109,108,1
201312220OKC,RS,OKC,0.0,,0,0,0
201312220OKC,RS,OKC,17.0,,0,2,-2
201312220OKC,RS,OKC,50.0,,0,4,-4
201312220OKC,RS,OKC,87.0,,3,4,-1
201312220OKC,RS,OKC,158.0,LC,5,4,1
201312220OKC,RS,OKC,158.0,,6,4,2
201312220OKC,RS,OKC,174.0,,8,4,4
201312220OKC,RS,OKC,193.0,,8,7,1
201312220OKC,RS,OKC,230.0,,11,7,4
201312220OKC,RS,OKC,250.0,,11,9,2
201312220OKC,RS,OKC,265.0,,11,10,1
201312220OKC,RS,OKC,265.0,T,11,11,0
201312220OKC,RS,OKC,296.0,LC,11,13,-2
201312220OKC,RS,OKC,325.0,,11,15,-4
201312220OKC,RS,OKC,349.0,,13,15,-2
201312220OKC,RS,OKC,365.0,,13,16,-3
201312220OKC,RS,OKC,365.0,,13,17,-4
201312220OKC,RS,OKC,376.0,,15,17,-2
201312220OKC,RS,OKC,498.0,T,17,17,0
201312220OKC,RS,OKC,562.0,LC,20,17,3
201312220OKC,RS,OKC,608.0,,20,18,2
201312220OKC,RS,OKC,608.0,,20,19,1
201312220OKC,RS,OKC,641.0,,21,19,2
201312220OKC,RS,OKC,682.0,,21,20,1
201312220OKC,RS,OKC,682.0,T,21,21,0
201312220OKC,RS,OKC,691.0,,23,21,2
201312220OKC,RS,OKC,718.0,,24,21,3
201312220OKC,RS,OKC,718.0,,25,21,4
201312220OKC,RS,OKC,736.0,,27,21,6
201312220OKC,RS,OKC,754.0,,27,23,4
201312220OKC,RS,OKC,769.0,,29,23,6
201312220OKC,RS,OKC,781.0,,29,24,5
201312220OKC,RS,OKC,791.0,,30,24,6
201312220OKC,RS,OKC,799.0,,30,26,4
201312220OKC,RS,OKC,842.0,,33,26,7
201312220OKC,RS,OKC,857.0,,33,27,6
201312220OKC,RS,OKC,857.0,,33,28,5
201312220OKC,RS,OKC,869.0,,34,28,6
201312220OKC,RS,OKC,882.0,,34,30,4
201312220OKC,RS,OKC,882.0,,34,31,3
201312220OKC,RS,OKC,908.0,,34,33,1
201312220OKC,RS,OKC,931.0,LC,34,35,-1
201312220OKC,RS,OKC,966.0,LC,36,35,1
201312220OKC,RS,OKC,986.0,LC,36,37,-1
201312220OKC,RS,OKC,1023.0,LC,38,37,1
201312220OKC,RS,OKC,1042.0,LC,38,40,-2
201312220OKC,RS,OKC,1083.0,,38,41,-3
201312220OKC,RS,OKC,1083.0,,38,42,-4
201312220OKC,RS,OKC,1083.0,,38,43,-5
201312220OKC,RS,OKC,1107.0,,40,43,-3
201312220OKC,RS,OKC,1145.0,,40,45,-5
201312220OKC,RS,OKC,1185.0,,42,45,-3
201312220OKC,RS,OKC,1204.0,,44,45,-1
201312220OKC,RS,OKC,1225.0,,44,46,-2
201312220OKC,RS,OKC,1225.0,,44,47,-3
201312220OKC,RS,OKC,1244.0,T,47,47,0
201312220OKC,RS,OKC,1277.0,LC,49,47,2
201312220OKC,RS,OKC,1290.0,,49,48,1
201312220OKC,RS,OKC,1290.0,T,49,49,0
201312220OKC,RS,OKC,1313.0,,52,49,3
201312220OKC,RS,OKC,1336.0,,52,51,1
201312220OKC,RS,OKC,1354.0,,54,51,3
201312220OKC,RS,OKC,1372.0,,54,53,1
201312220OKC,RS,OKC,1397.0,,57,53,4
201312220OKC,RS,OKC,1414.0,,59,53,6
201312220OKC,RS,OKC,1433.0,,59,54,5
201312220OKC,RS,OKC,1433.0,,59,55,4
201312220OKC,RS,OKC,1433.0,,59,56,3
201312220OKC,RS,OKC,1439.0,,60,56,4
201312220OKC,RS,OKC,1439.0,,61,56,5
201312220OKC,RS,OKC,1439.0,,62,56,6
201312220OKC,RS,OKC,1477.0,,63,56,7
201312220OKC,RS,OKC,1505.0,,65,56,9
201312220OKC,RS,OKC,1522.0,,65,58,7
201312220OKC,RS,OKC,1563.0,,67,58,9
201312220OKC,RS,OKC,1574.0,,67,59,8
201312220OKC,RS,OKC,1574.0,,67,60,7
201312220OKC,RS,OKC,1647.0,,67,61,6
201312220OKC,RS,OKC,1647.0,,67,62,5
201312220OKC,RS,OKC,1669.0,,67,65,2
201312220OKC,RS,OKC,1690.0,,67,66,1
201312220OKC,RS,OKC,1718.0,T,67,67,0
201312220OKC,RS,OKC,1718.0,LC,67,68,-1
201312220OKC,RS,OKC,1735.0,LC,69,68,1
201312220OKC,RS,OKC,1807.0,,71,68,3
201312220OKC,RS,OKC,1823.0,,71,70,1
201312220OKC,RS,OKC,1854.0,T,71,71,0
201312220OKC,RS,OKC,1854.0,LC,71,72,-1
201312220OKC,RS,OKC,1879.0,,71,74,-3
201312220OKC,RS,OKC,1904.0,,71,77,-6
201312220OKC,RS,OKC,1946.0,,71,80,-9
201312220OKC,RS,OKC,1966.0,,71,81,-10
201312220OKC,RS,OKC,1966.0,,71,82,-11
201312220OKC,RS,OKC,1979.0,,72,82,-10
201312220OKC,RS,OKC,1979.0,,73,82,-9
201312220OKC,RS,OKC,2091.0,,74,82,-8
201312220OKC,RS,OKC,2091.0,,75,82,-7
201312220OKC,RS,OKC,2110.0,,75,84,-9
201312220OKC,RS,OKC,2238.0,,77,84,-7
201312220OKC,RS,OKC,2253.0,,77,87,-10
201312220OKC,RS,OKC,2267.0,,79,87,-8
201312220OKC,RS,OKC,2294.0,,80,87,-7
201312220OKC,RS,OKC,2330.0,,82,87,-5
201312220OKC,RS,OKC,2368.0,,82,89,-7
201312220OKC,RS,OKC,2421.0,,84,89,-5
201312220OKC,RS,OKC,2450.0,,86,89,-3
201312220OKC,RS,OKC,2450.0,,87,89,-2
201312220OKC,RS,OKC,2464.0,,87,91,-4
201312220OKC,RS,OKC,2507.0,,88,91,-3
201312220OKC,RS,OKC,2520.0,,88,93,-5
201312220OKC,RS,OKC,2535.0,,89,93,-4
201312220OKC,RS,OKC,2570.0,,91,93,-2
201312220OKC,RS,OKC,2604.0,T,93,93,0
201312220OKC,RS,OKC,2638.0,LC,95,93,2
201312220OKC,RS,OKC,2685.0,,98,93,5
201312220OKC,RS,OKC,2751.0,,98,94,4
201312220OKC,RS,OKC,2751.0,,98,95,3
201312220OKC,RS,OKC,2781.0,T,98,98,0
201312220OKC,RS,OKC,2795.0,,99,98,1
201312220OKC,RS,OKC,2795.0,,100,98,2
201312220OKC,RS,OKC,2865.0,,101,98,3
201312220OKC,RS,OKC,2865.0,,102,98,4
201312220OKC,RS,OKC,2870.0,,103,98,5
201312220OKC,RS,OKC,2870.0,F,104,98,6
201312220OKC,RS,OKC,2880.0,,104,98,6
201312230SAS,RS,SAS,0.0,,0,0,0
201312230SAS,RS,SAS,10.0,,1,0,1
201312230SAS,RS,SAS,10.0,,2,0,2
201312230SAS,RS,SAS,38.0,T,2,2,0
201312230SAS,RS,SAS,69.0,LC,2,4,-2
201312230SAS,RS,SAS,102.0,,2,6,-4
201312230SAS,RS,SAS,153.0,,4,6,-2
201312230SAS,RS,SAS,201.0,,4,8,-4
201312230SAS,RS,SAS,215.0,,6,8,-2
201312230SAS,RS,SAS,242.0,,6,9,-3
201312230SAS,RS,SAS,267.0,,6,11,-5
201312230SAS,RS,SAS,343.0,,8,11,-3
201312230SAS,RS,SAS,374.0,,10,11,-1
201312230SAS,RS,SAS,390.0,,10,13,-3
201312230SAS,RS,SAS,405.0,,11,13,-2
201312230SAS,RS,SAS,405.0,,12,13,-1
201312230SAS,RS,SAS,423.0,,12,15,-3
201312230SAS,RS,SAS,447.0,,12,17,-5
201312230SAS,RS,SAS,447.0,,12,18,-6
201312230SAS,RS,SAS,447.0,,12,19,-7
201312230SAS,RS,SAS,467.0,,15,19,-4
201312230SAS,RS,SAS,511.0,,16,19,-3
201312230SAS,RS,SAS,563.0,,16,21,-5
201312230SAS,RS,SAS,583.0,,17,21,-4
201312230SAS,RS,SAS,583.0,,18,21,-3
201312230SAS,RS,SAS,595.0,,18,22,-4
201312230SAS,RS,SAS,638.0,,19,22,-3
201312230SAS,RS,SAS,650.0,,19,23,-4
201312230SAS,RS,SAS,665.0,,21,23,-2
201312230SAS,RS,SAS,675.0,,21,25,-4
201312230SAS,RS,SAS,687.0,,23,25,-2
201312230SAS,RS,SAS,703.0,LC,26,25,1
201312230SAS,RS,SAS,737.0,LC,26,27,-1
201312230SAS,RS,SAS,766.0,,26,29,-3
201312230SAS,RS,SAS,790.0,,28,29,-1
201312230SAS,RS,SAS,851.0,,28,31,-3
201312230SAS,RS,SAS,878.0,,28,33,-5
201312230SAS,RS,SAS,899.0,,31,33,-2
201312230SAS,RS,SAS,914.0,,31,35,-4
201312230SAS,RS,SAS,952.0,,31,37,-6
201312230SAS,RS,SAS,964.0,,33,37,-4
201312230SAS,RS,SAS,982.0,,33,40,-7
201312230SAS,RS,SAS,1000.0,,35,40,-5
201312230SAS,RS,SAS,1017.0,,35,42,-7
201312230SAS,RS,SAS,1083.0,,37,42,-5
201312230SAS,RS,SAS,1145.0,,37,44,-7
201312230SAS,RS,SAS,1166.0,,39,44,-5
201312230SAS,RS,SAS,1187.0,,39,47,-8
201312230SAS,RS,SAS,1204.0,,41,47,-6
201312230SAS,RS,SAS,1243.0,,41,49,-8
201312230SAS,RS,SAS,1269.0,,43,49,-6
201312230SAS,RS,SAS,1300.0,,43,52,-9
201312230SAS,RS,SAS,1311.0,,44,52,-8
201312230SAS,RS,SAS,1311.0,,45,52,-7
201312230SAS,RS,SAS,1332.0,,45,54,-9
201312230SAS,RS,SAS,1345.0,,47,54,-7
201312230SAS,RS,SAS,1387.0,,47,55,-8
201312230SAS,RS,SAS,1410.0,,49,55,-6
201312230SAS,RS,SAS,1471.0,,51,55,-4
201312230SAS,RS,SAS,1494.0,,53,55,-2
201312230SAS,RS,SAS,1567.0,,53,57,-4
201312230SAS,RS,SAS,1598.0,,56,57,-1
201312230SAS,RS,SAS,1643.0,,56,59,-3
201312230SAS,RS,SAS,1691.0,,56,61,-5
201312230SAS,RS,SAS,1705.0,,58,61,-3
201312230SAS,RS,SAS,1721.0,,58,63,-5
201312230SAS,RS,SAS,1731.0,,59,63,-4
201312230SAS,RS,SAS,1754.0,,59,65,-6
201312230SAS,RS,SAS,1793.0,,59,66,-7
201312230SAS,RS,SAS,1793.0,,59,67,-8
201312230SAS,RS,SAS,1859.0,,62,67,-5
201312230SAS,RS,SAS,1890.0,,64,67,-3
201312230SAS,RS,SAS,1923.0,,64,69,-5
201312230SAS,RS,SAS,1941.0,,66,69,-3
201312230SAS,RS,SAS,1956.0,,66,71,-5
201312230SAS,RS,SAS,1979.0,,67,71,-4
201312230SAS,RS,SAS,2027.0,,67,73,-6
201312230SAS,RS,SAS,2047.0,,69,73,-4
201312230SAS,RS,SAS,2068.0,,69,75,-6
201312230SAS,RS,SAS,2068.0,,69,76,-7
201312230SAS,RS,SAS,2083.0,,69,77,-8
201312230SAS,RS,SAS,2083.0,,69,78,-9
201312230SAS,RS,SAS,2108.0,,70,78,-8
201312230SAS,RS,SAS,2137.0,,71,78,-7
201312230SAS,RS,SAS,2137.0,,72,78,-6
201312230SAS,RS,SAS,2219.0,,72,79,-7
201312230SAS,RS,SAS,2219.0,,72,80,-8
201312230SAS,RS,SAS,2279.0,,72,81,-9
201312230SAS,RS,SAS,2279.0,,72,82,-10
201312230SAS,RS,SAS,2300.0,,75,82,-7
201312230SAS,RS,SAS,2308.0,,77,82,-5
201312230SAS,RS,SAS,2320.0,,77,85,-8
201312230SAS,RS,SAS,2357.0,,77,87,-10
201312230SAS,RS,SAS,2373.0,,79,87,-8
201312230SAS,RS,SAS,2373.0,,80,87,-7
201312230SAS,RS,SAS,2400.0,,80,90,-10
201312230SAS,RS,SAS,2433.0,,80,92,-12
201312230SAS,RS,SAS,2452.0,,82,92,-10
201312230SAS,RS,SAS,2480.0,,84,92,-8
201312230SAS,RS,SAS,2500.0,,84,93,-9
201312230SAS,RS,SAS,2530.0,,84,94,-10
201312230SAS,RS,SAS,2568.0,,86,94,-8
201312230SAS,RS,SAS,2588.0,,86,96,-10
201312230SAS,RS,SAS,2617.0,,88,96,-8
201312230SAS,RS,SAS,2636.0,,90,96,-6
201312230SAS,RS,SAS,2652.0,,90,99,-9
201312230SAS,RS,SAS,2682.0,,90,100,-10
201312230SAS,RS,SAS,2712.0,,93,100,-7
201312230SAS,RS,SAS,2742.0,,95,100,-5
201312230SAS,RS,SAS,2759.0,,95,103,-8
201312230SAS,RS,SAS,2787.0,,95,104,-9
201312230SAS,RS,SAS,2787.0,,95,105,-10
201312230SAS,RS,SAS,2817.0,,95,108,-13
201312230SAS,RS,SAS,2826.0,,97,108,-11
201312230SAS,RS,SAS,2841.0,,97,109,-12
201312230SAS,RS,SAS,2850.0,,98,109,-11
201312230SAS,RS,SAS,2850.0,,99,109,-10
201312230SAS,RS,SAS,2873.0,F,99,112,-13
201312230SAS,RS,SAS,2880.0,,99,112,-13
201312270NYK,RS,NYK,0.0,,0,0,0
201312270NYK,RS,NYK,33.0,,2,0,2
201312270NYK,RS,NYK,121.0,T,2,2,0
201312270NYK,RS,NYK,189.0,,4,2,2
201312270NYK,RS,NYK,206.0,T,4,4,0
201312270NYK,RS,NYK,240.0,LC,4,6,-2
201312270NYK,RS,NYK,290.0,,4,9,-5
201312270NYK,RS,NYK,311.0,,5,9,-4
201312270NYK,RS,NYK,351.0,,7,9,-2
201312270NYK,RS,NYK,385.0,T,9,9,0
201312270NYK,RS,NYK,407.0,,9,12,-3
201312270NYK,RS,NYK,432.0,,9,13,-4
201312270NYK,RS,NYK,432.0,,9,14,-5
201312270NYK,RS,NYK,442.0,,11,14,-3
201312270NYK,RS,NYK,442.0,,12,14,-2
201312270NYK,RS,NYK,463.0,,12,16,-4
201312270NYK,RS,NYK,463.0,,12,17,-5
201312270NYK,RS,NYK,549.0,,12,20,-8
201312270NYK,RS,NYK,585.0,,15,20,-5
201312270NYK,RS,NYK,612.0,,16,20,-4
201312270NYK,RS,NYK,629.0,,16,22,-6
201312270NYK,RS,NYK,685.0,,17,22,-5
201312270NYK,RS,NYK,685.0,,18,22,-4
201312270NYK,RS,NYK,694.0,,18,24,-6
201312270NYK,RS,NYK,720.0,,18,25,-7
201312270NYK,RS,NYK,743.0,,19,25,-6
201312270NYK,RS,NYK,743.0,,20,25,-5
201312270NYK,RS,NYK,781.0,,20,26,-6
201312270NYK,RS,NYK,781.0,,20,27,-7
201312270NYK,RS,NYK,849.0,,20,30,-10
201312270NYK,RS,NYK,909.0,,23,30,-7
201312270NYK,RS,NYK,956.0,,25,30,-5
201312270NYK,RS,NYK,978.0,,25,33,-8
201312270NYK,RS,NYK,999.0,,27,33,-6
201312270NYK,RS,NYK,1044.0,,30,33,-3
201312270NYK,RS,NYK,1093.0,,30,34,-4
201312270NYK,RS,NYK,1156.0,,32,34,-2
201312270NYK,RS,NYK,1186.0,T,34,34,0
201312270NYK,RS,NYK,1216.0,,34,36,-2
201312270NYK,RS,NYK,1243.0,LC,37,36,1
201312270NYK,RS,NYK,1256.0,LC,37,38,-1
201312270NYK,RS,NYK,1277.0,,37,41,-4
201312270NYK,RS,NYK,1328.0,,37,43,-6
201312270NYK,RS,NYK,1328.0,,37,44,-7
201312270NYK,RS,NYK,1351.0,,39,44,-5
201312270NYK,RS,NYK,1363.0,,39,46,-7
201312270NYK,RS,NYK,1412.0,,40,46,-6
201312270NYK,RS,NYK,1435.0,,40,49,-9
201312270NYK,RS,NYK,1453.0,,40,50,-10
201312270NYK,RS,NYK,1453.0,,40,51,-11
201312270NYK,RS,NYK,1463.0,,42,51,-9
201312270NYK,RS,NYK,1491.0,,45,51,-6
201312270NYK,RS,NYK,1526.0,,47,51,-4
201312270NYK,RS,NYK,1544.0,,47,54,-7
201312270NYK,RS,NYK,1616.0,,47,56,-9
201312270NYK,RS,NYK,1677.0,,47,58,-11
201312270NYK,RS,NYK,1694.0,,48,58,-10
201312270NYK,RS,NYK,1694.0,,49,58,-9
201312270NYK,RS,NYK,1723.0,,49,61,-12
201312270NYK,RS,NYK,1758.0,,52,61,-9
201312270NYK,RS,NYK,1824.0,,54,61,-7
201312270NYK,RS,NYK,1849.0,,54,64,-10
201312270NYK,RS,NYK,1868.0,,57,64,-7
201312270NYK,RS,NYK,1905.0,,59,64,-5
201312270NYK,RS,NYK,1917.0,,59,66,-7
201312270NYK,RS,NYK,1917.0,,59,67,-8
201312270NYK,RS,NYK,1938.0,,60,67,-7
201312270NYK,RS,NYK,1938.0,,61,67,-6
201312270NYK,RS,NYK,2013.0,,61,69,-8
201312270NYK,RS,NYK,2051.0,,62,69,-7
201312270NYK,RS,NYK,2051.0,,63,69,-6
201312270NYK,RS,NYK,2080.0,,66,69,-3
201312270NYK,RS,NYK,2142.0,,66,71,-5
201312270NYK,RS,NYK,2186.0,,67,71,-4
201312270NYK,RS,NYK,2262.0,,69,71,-2
201312270NYK,RS,NYK,2332.0,,69,73,-4
201312270NYK,RS,NYK,2359.0,,70,73,-3
201312270NYK,RS,NYK,2359.0,,71,73,-2
201312270NYK,RS,NYK,2393.0,LC,74,73,1
201312270NYK,RS,NYK,2426.0,,76,73,3
201312270NYK,RS,NYK,2443.0,,76,75,1
201312270NYK,RS,NYK,2464.0,,79,75,4
201312270NYK,RS,NYK,2496.0,,81,75,6
201312270NYK,RS,NYK,2521.0,,81,77,4
201312270NYK,RS,NYK,2545.0,,83,77,6
201312270NYK,RS,NYK,2555.0,,83,78,5
201312270NYK,RS,NYK,2555.0,,83,79,4
201312270NYK,RS,NYK,2602.0,,85,79,6
201312270NYK,RS,NYK,2720.0,,87,79,8
201312270NYK,RS,NYK,2720.0,,88,79,9
201312270NYK,RS,NYK,2733.0,,88,81,7
201312270NYK,RS,NYK,2756.0,,90,81,9
201312270NYK,RS,NYK,2756.0,,91,81,10
201312270NYK,RS,NYK,2768.0,,91,83,8
201312270NYK,RS,NYK,2804.0,,92,83,9
201312270NYK,RS,NYK,2823.0,,93,83,10
201312270NYK,RS,NYK,2823.0,,94,83,11
201312270NYK,RS,NYK,2842.0,F,95,83,12
201312270NYK,RS,NYK,2880.0,,95,83,12
201312280TOR,RS,NYK,0.0,,0,0,0
201312280TOR,RS,NYK,25.0,,0,2,-2
201312280TOR,RS,NYK,73.0,T,2,2,0
201312280TOR,RS,NYK,120.0,LC,3,2,1
201312280TOR,RS,NYK,149.0,LC,3,4,-1
201312280TOR,RS,NYK,163.0,LC,6,4,2
201312280TOR,RS,NYK,173.0,T,6,6,0
201312280TOR,RS,NYK,173.0,LC,6,7,-1
201312280TOR,RS,NYK,217.0,LC,8,7,1
201312280TOR,RS,NYK,233.0,LC,8,9,-1
201312280TOR,RS,NYK,280.0,T,9,9,0
201312280TOR,RS,NYK,305.0,LC,11,9,2
201312280TOR,RS,NYK,323.0,T,11,11,0
201312280TOR,RS,NYK,356.0,LC,11,13,-2
201312280TOR,RS,NYK,376.0,T,13,13,0
201312280TOR,RS,NYK,409.0,LC,16,13,3
201312280TOR,RS,NYK,431.0,T,16,16,0
201312280TOR,RS,NYK,519.0,,18,16,2
201312280TOR,RS,NYK,536.0,,20,16,4
201312280TOR,RS,NYK,553.0,,20,18,2
201312280TOR,RS,NYK,572.0,,21,18,3
201312280TOR,RS,NYK,572.0,,22,18,4
201312280TOR,RS,NYK,605.0,,24,18,6
201312280TOR,RS,NYK,618.0,,24,19,5
201312280TOR,RS,NYK,618.0,,24,20,4
201312280TOR,RS,NYK,681.0,,25,20,5
201312280TOR,RS,NYK,681.0,,26,20,6
201312280TOR,RS,NYK,689.0,,26,22,4
201312280TOR,RS,NYK,825.0,,29,22,7
201312280TOR,RS,NYK,841.0,,29,25,4
201312280TOR,RS,NYK,861.0,,32,25,7
201312280TOR,RS,NYK,879.0,,32,27,5
201312280TOR,RS,NYK,949.0,,32,29,3
201312280TOR,RS,NYK,1012.0,,32,31,1
201312280TOR,RS,NYK,1012.0,T,32,32,0
201312280TOR,RS,NYK,1048.0,LC,32,34,-2
201312280TOR,RS,NYK,1074.0,T,34,34,0
201312280TOR,RS,NYK,1082.0,LC,36,34,2
201312280TOR,RS,NYK,1082.0,,37,34,3
201312280TOR,RS,NYK,1111.0,,39,34,5
201312280TOR,RS,NYK,1154.0,,41,34,7
201312280TOR,RS,NYK,1188.0,,43,34,9
201312280TOR,RS,NYK,1188.0,,44,34,10
201312280TOR,RS,NYK,1205.0,,44,36,8
201312280TOR,RS,NYK,1214.0,,47,36,11
201312280TOR,RS,NYK,1231.0,,47,37,10
201312280TOR,RS,NYK,1259.0,,47,38,9
201312280TOR,RS,NYK,1259.0,,47,39,8
201312280TOR,RS,NYK,1283.0,,48,39,9
201312280TOR,RS,NYK,1283.0,,49,39,10
201312280TOR,RS,NYK,1306.0,,52,39,13
201312280TOR,RS,NYK,1336.0,,52,41,11
201312280TOR,RS,NYK,1373.0,,53,41,12
201312280TOR,RS,NYK,1373.0,,54,41,13
201312280TOR,RS,NYK,1384.0,,54,42,12
201312280TOR,RS,NYK,1392.0,,56,42,14
201312280TOR,RS,NYK,1418.0,,56,44,12
201312280TOR,RS,NYK,1423.0,,57,44,13
201312280TOR,RS,NYK,1481.0,,57,46,11
201312280TOR,RS,NYK,1513.0,,57,49,8
201312280TOR,RS,NYK,1559.0,,59,49,10
201312280TOR,RS,NYK,1583.0,,59,50,9
201312280TOR,RS,NYK,1583.0,,59,51,8
201312280TOR,RS,NYK,1597.0,,62,51,11
201312280TOR,RS,NYK,1613.0,,62,53,9
201312280TOR,RS,NYK,1626.0,,64,53,11
201312280TOR,RS,NYK,1655.0,,67,53,14
201312280TOR,RS,NYK,1696.0,,68,53,15
201312280TOR,RS,NYK,1696.0,,69,53,16
201312280TOR,RS,NYK,1712.0,,69,55,14
201312280TOR,RS,NYK,1732.0,,71,55,16
201312280TOR,RS,NYK,1747.0,,71,57,14
201312280TOR,RS,NYK,1769.0,,74,57,17
201312280TOR,RS,NYK,1809.0,,76,57,19
201312280TOR,RS,NYK,1833.0,,78,57,21
201312280TOR,RS,NYK,1854.0,,78,60,18
201312280TOR,RS,NYK,1887.0,,78,61,17
201312280TOR,RS,NYK,1906.0,,81,61,20
201312280TOR,RS,NYK,1923.0,,81,64,17
201312280TOR,RS,NYK,1978.0,,83,64,19
201312280TOR,RS,NYK,2060.0,,83,65,18
201312280TOR,RS,NYK,2063.0,,83,67,16
201312280TOR,RS,NYK,2100.0,,83,69,14
201312280TOR,RS,NYK,2117.0,,84,69,15
201312280TOR,RS,NYK,2127.0,,84,70,14
201312280TOR,RS,NYK,2127.0,,84,71,13
201312280TOR,RS,NYK,2148.0,,85,71,14
201312280TOR,RS,NYK,2181.0,,85,73,12
201312280TOR,RS,NYK,2207.0,,88,73,15
201312280TOR,RS,NYK,2228.0,,88,75,13
201312280TOR,RS,NYK,2283.0,,91,75,16
201312280TOR,RS,NYK,2333.0,,91,77,14
201312280TOR,RS,NYK,2349.0,,94,77,17
201312280TOR,RS,NYK,2389.0,,94,80,14
201312280TOR,RS,NYK,2451.0,,94,82,12
201312280TOR,RS,NYK,2470.0,,95,82,13
201312280TOR,RS,NYK,2470.0,,96,82,14
201312280TOR,RS,NYK,2484.0,,96,84,12
201312280TOR,RS,NYK,2504.0,,98,84,14
201312280TOR,RS,NYK,2516.0,,98,86,12
201312280TOR,RS,NYK,2531.0,,99,86,13
201312280TOR,RS,NYK,2531.0,,100,86,14
201312280TOR,RS,NYK,2547.0,,100,88,12
201312280TOR,RS,NYK,2562.0,,101,88,13
201312280TOR,RS,NYK,2592.0,,101,91,10
201312280TOR,RS,NYK,2629.0,,101,93,8
201312280TOR,RS,NYK,2665.0,,101,95,6
201312280TOR,RS,NYK,2675.0,,102,95,7
201312280TOR,RS,NYK,2675.0,,103,95,8
201312280TOR,RS,NYK,2686.0,,106,95,11
201312280TOR,RS,NYK,2765.0,,106,96,10
201312280TOR,RS,NYK,2788.0,,108,96,12
201312280TOR,RS,NYK,2788.0,,109,96,13
201312280TOR,RS,NYK,2799.0,,109,98,11
201312280TOR,RS,NYK,2844.0,,110,98,12
201312280TOR,RS,NYK,2844.0,,111,98,13
201312280TOR,RS,NYK,2844.0,,112,98,14
201312280TOR,RS,NYK,2850.0,,112,100,12
201312280TOR,RS,NYK,2874.0,F,115,100,15
201312280TOR,RS,NYK,2880.0,,115,100,15
201312310CHI,RS,CHI,0.0,,0,0,0
201312310CHI,RS,CHI,25.0,,2,0,2
201312310CHI,RS,CHI,39.0,,2,1,1
201312310CHI,RS,CHI,87.0,,3,1,2
201312310CHI,RS,CHI,122.0,T,3,3,0
201312310CHI,RS,CHI,142.0,,5,3,2
201312310CHI,RS,CHI,160.0,,5,4,1
201312310CHI,RS,CHI,160.0,T,5,5,0
201312310CHI,RS,CHI,234.0,,6,5,1
201312310CHI,RS,CHI,234.0,,7,5,2
201312310CHI,RS,CHI,341.0,,9,5,4
201312310CHI,RS,CHI,381.0,,9,7,2
201312310CHI,RS,CHI,433.0,,10,7,3
201312310CHI,RS,CHI,433.0,,11,7,4
201312310CHI,RS,CHI,486.0,,11,10,1
201312310CHI,RS,CHI,499.0,,13,10,3
201312310CHI,RS,CHI,533.0,,15,10,5
201312310CHI,RS,CHI,578.0,,17,10,7
201312310CHI,RS,CHI,606.0,,17,12,5
201312310CHI,RS,CHI,636.0,,17,14,3
201312310CHI,RS,CHI,686.0,,19,14,5
201312310CHI,RS,CHI,700.0,,19,16,3
201312310CHI,RS,CHI,719.0,,20,16,4
201312310CHI,RS,CHI,719.0,,21,16,5
201312310CHI,RS,CHI,775.0,,21,18,3
201312310CHI,RS,CHI,812.0,,21,20,1
201312310CHI,RS,CHI,840.0,LC,21,22,-1
201312310CHI,RS,CHI,906.0,,21,24,-3
201312310CHI,RS,CHI,945.0,,21,26,-5
201312310CHI,RS,CHI,964.0,,23,26,-3
201312310CHI,RS,CHI,1029.0,,23,28,-5
201312310CHI,RS,CHI,1053.0,,23,30,-7
201312310CHI,RS,CHI,1086.0,,23,32,-9
201312310CHI,RS,CHI,1105.0,,26,32,-6
201312310CHI,RS,CHI,1120.0,,26,34,-8
201312310CHI,RS,CHI,1131.0,,28,34,-6
201312310CHI,RS,CHI,1161.0,,31,34,-3
201312310CHI,RS,CHI,1181.0,,31,36,-5
201312310CHI,RS,CHI,1207.0,,31,38,-7
201312310CHI,RS,CHI,1296.0,,33,38,-5
201312310CHI,RS,CHI,1332.0,,34,38,-4
201312310CHI,RS,CHI,1332.0,,35,38,-3
201312310CHI,RS,CHI,1353.0,,35,40,-5
201312310CHI,RS,CHI,1370.0,,36,40,-4
201312310CHI,RS,CHI,1418.0,,36,41,-5
201312310CHI,RS,CHI,1418.0,,36,42,-6
201312310CHI,RS,CHI,1482.0,,36,44,-8
201312310CHI,RS,CHI,1482.0,,36,45,-9
201312310CHI,RS,CHI,1533.0,,38,45,-7
201312310CHI,RS,CHI,1564.0,,40,45,-5
201312310CHI,RS,CHI,1628.0,,42,45,-3
201312310CHI,RS,CHI,1671.0,,42,47,-5
201312310CHI,RS,CHI,1689.0,,43,47,-4
201312310CHI,RS,CHI,1743.0,,43,49,-6
201312310CHI,RS,CHI,1759.0,,45,49,-4
201312310CHI,RS,CHI,1779.0,,45,51,-6
201312310CHI,RS,CHI,1810.0,,45,54,-9
201312310CHI,RS,CHI,1847.0,,47,54,-7
201312310CHI,RS,CHI,1867.0,,47,56,-9
201312310CHI,RS,CHI,1911.0,,48,56,-8
201312310CHI,RS,CHI,1911.0,,49,56,-7
201312310CHI,RS,CHI,1936.0,,50,56,-6
201312310CHI,RS,CHI,1936.0,,51,56,-5
201312310CHI,RS,CHI,1993.0,,51,58,-7
201312310CHI,RS,CHI,2011.0,,52,58,-6
201312310CHI,RS,CHI,2024.0,,52,59,-7
201312310CHI,RS,CHI,2024.0,,52,60,-8
201312310CHI,RS,CHI,2077.0,,55,60,-5
201312310CHI,RS,CHI,2111.0,,57,60,-3
201312310CHI,RS,CHI,2133.0,,57,62,-5
201312310CHI,RS,CHI,2180.0,,59,62,-3
201312310CHI,RS,CHI,2214.0,,60,62,-2
201312310CHI,RS,CHI,2214.0,,61,62,-1
201312310CHI,RS,CHI,2239.0,,61,64,-3
201312310CHI,RS,CHI,2253.0,,63,64,-1
201312310CHI,RS,CHI,2284.0,LC,66,64,2
201312310CHI,RS,CHI,2327.0,,68,64,4
201312310CHI,RS,CHI,2355.0,,68,66,2
201312310CHI,RS,CHI,2371.0,,70,66,4
201312310CHI,RS,CHI,2401.0,,72,66,6
201312310CHI,RS,CHI,2504.0,,74,66,8
201312310CHI,RS,CHI,2571.0,,76,66,10
201312310CHI,RS,CHI,2593.0,,78,66,12
201312310CHI,RS,CHI,2614.0,,78,67,11
201312310CHI,RS,CHI,2614.0,,78,68,10
201312310CHI,RS,CHI,2659.0,,78,70,8
201312310CHI,RS,CHI,2678.0,,80,70,10
201312310CHI,RS,CHI,2743.0,,80,71,9
201312310CHI,RS,CHI,2743.0,,80,72,8
201312310CHI,RS,CHI,2759.0,,80,74,6
201312310CHI,RS,CHI,2759.0,,80,75,5
201312310CHI,RS,CHI,2796.0,,80,76,4
201312310CHI,RS,CHI,2796.0,,80,77,3
201312310CHI,RS,CHI,2816.0,,81,77,4
201312310CHI,RS,CHI,2853.0,,82,77,5
201312310CHI,RS,CHI,2853.0,,83,77,6
201312310CHI,RS,CHI,2860.0,,84,77,7
201312310CHI,RS,CHI,2866.0,,84,78,6
201312310CHI,RS,CHI,2866.0,,84,79,5
201312310CHI,RS,CHI,2867.0,F,85,79,6
201312310CHI,RS,CHI,2880.0,,85,79,6
201401010TOR,RS,IND,0.0,,0,0,0
201401010TOR,RS,IND,32.0,,0,2,-2
201401010TOR,RS,IND,73.0,,0,4,-4
201401010TOR,RS,IND,91.0,,0,6,-6
201401010TOR,RS,IND,112.0,,2,6,-4
201401010TOR,RS,IND,129.0,,2,8,-6
201401010TOR,RS,IND,180.0,,4,8,-4
201401010TOR,RS,IND,217.0,,6,8,-2
201401010TOR,RS,IND,249.0,LC,9,8,1
201401010TOR,RS,IND,269.0,T,9,9,0
201401010TOR,RS,IND,269.0,LC,9,10,-1
201401010TOR,RS,IND,301.0,LC,12,10,2
201401010TOR,RS,IND,342.0,T,12,12,0
201401010TOR,RS,IND,351.0,,13,12,1
201401010TOR,RS,IND,387.0,,15,12,3
201401010TOR,RS,IND,408.0,,15,14,1
201401010TOR,RS,IND,427.0,,17,14,3
201401010TOR,RS,IND,453.0,,19,14,5
201401010TOR,RS,IND,498.0,,19,16,3
201401010TOR,RS,IND,532.0,,21,16,5
201401010TOR,RS,IND,569.0,,23,16,7
201401010TOR,RS,IND,580.0,,23,17,6
201401010TOR,RS,IND,580.0,,23,18,5
201401010TOR,RS,IND,636.0,,26,18,8
201401010TOR,RS,IND,733.0,,26,19,7
201401010TOR,RS,IND,809.0,,26,21,5
201401010TOR,RS,IND,828.0,,28,21,7
201401010TOR,RS,IND,828.0,,29,21,8
201401010TOR,RS,IND,860.0,,29,23,6
201401010TOR,RS,IND,965.0,,32,23,9
201401010TOR,RS,IND,986.0,,32,26,6
201401010TOR,RS,IND,1009.0,,32,28,4
201401010TOR,RS,IND,1035.0,,32,30,2
201401010TOR,RS,IND,1156.0,LC,32,33,-1
201401010TOR,RS,IND,1179.0,LC,34,33,1
201401010TOR,RS,IND,1212.0,LC,34,36,-2
201401010TOR,RS,IND,1247.0,,34,38,-4
201401010TOR,RS,IND,1271.0,,36,38,-2
201401010TOR,RS,IND,1314.0,T,38,38,0
201401010TOR,RS,IND,1329.0,,38,40,-2
201401010TOR,RS,IND,1365.0,T,40,40,0
201401010TOR,RS,IND,1381.0,,40,41,-1
201401010TOR,RS,IND,1381.0,,40,42,-2
201401010TOR,RS,IND,1436.0,,40,44,-4
201401010TOR,RS,IND,1456.0,,40,46,-6
201401010TOR,RS,IND,1495.0,,42,46,-4
201401010TOR,RS,IND,1518.0,,42,48,-6
201401010TOR,RS,IND,1556.0,,42,50,-8
201401010TOR,RS,IND,1573.0,,44,50,-6
201401010TOR,RS,IND,1586.0,,44,52,-8
201401010TOR,RS,IND,1627.0,,46,52,-6
201401010TOR,RS,IND,1646.0,,46,54,-8
201401010TOR,RS,IND,1662.0,,48,54,-6
201401010TOR,RS,IND,1679.0,,50,54,-4
201401010TOR,RS,IND,1698.0,,50,55,-5
201401010TOR,RS,IND,1698.0,,50,56,-6
201401010TOR,RS,IND,1733.0,,50,58,-8
201401010TOR,RS,IND,1768.0,,52,58,-6
201401010TOR,RS,IND,1804.0,,55,58,-3
201401010TOR,RS,IND,1827.0,,55,60,-5
201401010TOR,RS,IND,1864.0,,56,60,-4
201401010TOR,RS,IND,1864.0,,57,60,-3
201401010TOR,RS,IND,1877.0,,57,63,-6
201401010TOR,RS,IND,1962.0,,58,63,-5
201401010TOR,RS,IND,1962.0,,59,63,-4
201401010TOR,RS,IND,2014.0,,61,63,-2
201401010TOR,RS,IND,2092.0,T,63,63,0
201401010TOR,RS,IND,2121.0,LC,66,63,3
201401010TOR,RS,IND,2189.0,,66,65,1
201401010TOR,RS,IND,2215.0,LC,66,67,-1
201401010TOR,RS,IND,2271.0,LC,69,67,2
201401010TOR,RS,IND,2287.0,LC,69,70,-1
201401010TOR,RS,IND,2329.0,T,70,70,0
201401010TOR,RS,IND,2329.0,LC,71,70,1
201401010TOR,RS,IND,2412.0,,72,70,2
201401010TOR,RS,IND,2424.0,T,72,72,0
201401010TOR,RS,IND,2441.0,,74,72,2
201401010TOR,RS,IND,2462.0,T,74,74,0
201401010TOR,RS,IND,2481.0,,75,74,1
201401010TOR,RS,IND,2481.0,,76,74,2
201401010TOR,RS,IND,2515.0,,78,74,4
201401010TOR,RS,IND,2557.0,,79,74,5
201401010TOR,RS,IND,2557.0,,80,74,6
201401010TOR,RS,IND,2574.0,,80,75,5
201401010TOR,RS,IND,2588.0,,81,75,6
201401010TOR,RS,IND,2588.0,,82,75,7
201401010TOR,RS,IND,2617.0,,84,75,9
201401010TOR,RS,IND,2634.0,,84,76,8
201401010TOR,RS,IND,2634.0,,84,77,7
201401010TOR,RS,IND,2656.0,,86,77,9
201401010TOR,RS,IND,2706.0,,88,77,11
201401010TOR,RS,IND,2723.0,,88,79,9
201401010TOR,RS,IND,2745.0,,89,79,10
201401010TOR,RS,IND,2745.0,,90,79,11
201401010TOR,RS,IND,2760.0,,91,79,12
201401010TOR,RS,IND,2804.0,,92,79,13
201401010TOR,RS,IND,2804.0,,93,79,14
201401010TOR,RS,IND,2846.0,,93,81,12
201401010TOR,RS,IND,2846.0,,93,82,11
201401010TOR,RS,IND,2865.0,F,95,82,13
201401010TOR,RS,IND,2880.0,,95,82,13
201401030WAS,RS,WAS,0.0,,0,0,0
201401030WAS,RS,WAS,81.0,,3,0,3
201401030WAS,RS,WAS,100.0,T,3,3,0
201401030WAS,RS,WAS,114.0,,5,3,2
201401030WAS,RS,WAS,143.0,,7,3,4
201401030WAS,RS,WAS,160.0,,7,5,2
201401030WAS,RS,WAS,173.0,,9,5,4
201401030WAS,RS,WAS,185.0,,10,5,5
201401030WAS,RS,WAS,185.0,,11,5,6
201401030WAS,RS,WAS,202.0,,14,5,9
201401030WAS,RS,WAS,234.0,,14,7,7
201401030WAS,RS,WAS,268.0,,14,9,5
201401030WAS,RS,WAS,341.0,,16,9,7
201401030WAS,RS,WAS,375.0,,18,9,9
201401030WAS,RS,WAS,389.0,,18,11,7
201401030WAS,RS,WAS,402.0,,20,11,9
201401030WAS,RS,WAS,418.0,,20,13,7
201401030WAS,RS,WAS,455.0,,20,15,5
201401030WAS,RS,WAS,478.0,,22,15,7
201401030WAS,RS,WAS,528.0,,24,15,9
201401030WAS,RS,WAS,602.0,,24,17,7
201401030WAS,RS,WAS,696.0,,26,17,9
201401030WAS,RS,WAS,765.0,,26,18,8
201401030WAS,RS,WAS,765.0,,26,19,7
201401030WAS,RS,WAS,790.0,,29,19,10
201401030WAS,RS,WAS,804.0,,29,21,8
201401030WAS,RS,WAS,832.0,,29,23,6
201401030WAS,RS,WAS,881.0,,29,25,4
201401030WAS,RS,WAS,904.0,,31,25,6
201401030WAS,RS,WAS,992.0,,33,25,8
201401030WAS,RS,WAS,1017.0,,35,25,10
201401030WAS,RS,WAS,1025.0,,35,28,7
201401030WAS,RS,WAS,1048.0,,37,28,9
201401030WAS,RS,WAS,1090.0,,37,30,7
201401030WAS,RS,WAS,1110.0,,39,30,9
201401030WAS,RS,WAS,1138.0,,39,32,7
201401030WAS,RS,WAS,1180.0,,39,34,5
201401030WAS,RS,WAS,1217.0,,40,34,6
201401030WAS,RS,WAS,1217.0,,41,34,7
201401030WAS,RS,WAS,1267.0,,41,35,6
201401030WAS,RS,WAS,1288.0,,43,35,8
201401030WAS,RS,WAS,1310.0,,43,37,6
201401030WAS,RS,WAS,1342.0,,43,39,4
201401030WAS,RS,WAS,1342.0,,43,40,3
201401030WAS,RS,WAS,1353.0,,45,40,5
201401030WAS,RS,WAS,1375.0,,45,42,3
201401030WAS,RS,WAS,1399.0,T,45,45,0
201401030WAS,RS,WAS,1409.0,,48,45,3
201401030WAS,RS,WAS,1484.0,,51,45,6
201401030WAS,RS,WAS,1498.0,,51,47,4
201401030WAS,RS,WAS,1509.0,,53,47,6
201401030WAS,RS,WAS,1509.0,,54,47,7
201401030WAS,RS,WAS,1522.0,,54,49,5
201401030WAS,RS,WAS,1542.0,,57,49,8
201401030WAS,RS,WAS,1584.0,,60,49,11
201401030WAS,RS,WAS,1632.0,,62,49,13
201401030WAS,RS,WAS,1686.0,,64,49,15
201401030WAS,RS,WAS,1699.0,,64,51,13
201401030WAS,RS,WAS,1716.0,,66,51,15
201401030WAS,RS,WAS,1749.0,,66,52,14
201401030WAS,RS,WAS,1749.0,,66,53,13
201401030WAS,RS,WAS,1792.0,,67,53,14
201401030WAS,RS,WAS,1802.0,,70,53,17
201401030WAS,RS,WAS,1839.0,,73,53,20
201401030WAS,RS,WAS,1853.0,,73,54,19
201401030WAS,RS,WAS,1873.0,,73,55,18
201401030WAS,RS,WAS,1873.0,,73,56,17
201401030WAS,RS,WAS,1933.0,,73,57,16
201401030WAS,RS,WAS,1933.0,,73,58,15
201401030WAS,RS,WAS,1952.0,,75,58,17
201401030WAS,RS,WAS,1965.0,,75,59,16
201401030WAS,RS,WAS,1965.0,,75,60,15
201401030WAS,RS,WAS,1985.0,,77,60,17
201401030WAS,RS,WAS,2026.0,,79,60,19
201401030WAS,RS,WAS,2076.0,,82,60,22
201401030WAS,RS,WAS,2093.0,,82,61,21
201401030WAS,RS,WAS,2145.0,,84,61,23
201401030WAS,RS,WAS,2212.0,,85,61,24
201401030WAS,RS,WAS,2230.0,,85,64,21
201401030WAS,RS,WAS,2254.0,,88,64,24
201401030WAS,RS,WAS,2272.0,,88,66,22
201401030WAS,RS,WAS,2319.0,,90,66,24
201401030WAS,RS,WAS,2353.0,,92,66,26
201401030WAS,RS,WAS,2374.0,,92,67,25
201401030WAS,RS,WAS,2374.0,,92,68,24
201401030WAS,RS,WAS,2422.0,,92,70,22
201401030WAS,RS,WAS,2455.0,,92,72,20
201401030WAS,RS,WAS,2500.0,,92,74,18
201401030WAS,RS,WAS,2519.0,,93,74,19
201401030WAS,RS,WAS,2519.0,,94,74,20
201401030WAS,RS,WAS,2531.0,,94,76,18
201401030WAS,RS,WAS,2574.0,,94,78,16
201401030WAS,RS,WAS,2637.0,,95,78,17
201401030WAS,RS,WAS,2654.0,,95,80,15
201401030WAS,RS,WAS,2703.0,,97,80,17
201401030WAS,RS,WAS,2723.0,,97,82,15
201401030WAS,RS,WAS,2758.0,,97,84,13
201401030WAS,RS,WAS,2778.0,,99,84,15
201401030WAS,RS,WAS,2826.0,,99,86,13
201401030WAS,RS,WAS,2847.0,,101,86,15
201401030WAS,RS,WAS,2857.0,F,101,88,13
201401030WAS,RS,WAS,2880.0,,101,88,13
201401050MIA,RS,MIA,0.0,,0,0,0
201401050MIA,RS,MIA,14.0,,0,2,-2
201401050MIA,RS,MIA,41.0,,0,4,-4
201401050MIA,RS,MIA,41.0,,0,5,-5
201401050MIA,RS,MIA,58.0,,2,5,-3
201401050MIA,RS,MIA,91.0,T,5,5,0
201401050MIA,RS,MIA,106.0,,5,8,-3
201401050MIA,RS,MIA,130.0,,5,10,-5
201401050MIA,RS,MIA,173.0,,7,10,-3
201401050MIA,RS,MIA,187.0,,7,12,-5
201401050MIA,RS,MIA,265.0,,8,12,-4
201401050MIA,RS,MIA,272.0,,8,13,-5
201401050MIA,RS,MIA,285.0,,9,13,-4
201401050MIA,RS,MIA,301.0,,11,13,-2
201401050MIA,RS,MIA,322.0,,11,15,-4
201401050MIA,RS,MIA,335.0,,12,15,-3
201401050MIA,RS,MIA,350.0,,12,16,-4
201401050MIA,RS,MIA,350.0,,12,17,-5
201401050MIA,RS,MIA,362.0,,14,17,-3
201401050MIA,RS,MIA,389.0,,14,19,-5
201401050MIA,RS,MIA,442.0,,14,21,-7
201401050MIA,RS,MIA,458.0,,15,21,-6
201401050MIA,RS,MIA,458.0,,16,21,-5
201401050MIA,RS,MIA,489.0,,19,21,-2
201401050MIA,RS,MIA,544.0,,19,23,-4
201401050MIA,RS,MIA,563.0,,21,23,-2
201401050MIA,RS,MIA,580.0,,21,25,-4
201401050MIA,RS,MIA,601.0,,22,25,-3
201401050MIA,RS,MIA,612.0,,22,27,-5
201401050MIA,RS,MIA,632.0,,24,27,-3
201401050MIA,RS,MIA,658.0,,26,27,-1
201401050MIA,RS,MIA,689.0,T,27,27,0
201401050MIA,RS,MIA,704.0,,27,29,-2
201401050MIA,RS,MIA,720.0,T,29,29,0
201401050MIA,RS,MIA,738.0,LC,31,29,2
201401050MIA,RS,MIA,763.0,T,31,31,0
201401050MIA,RS,MIA,817.0,,33,31,2
201401050MIA,RS,MIA,847.0,,35,31,4
201401050MIA,RS,MIA,871.0,,35,32,3
201401050MIA,RS,MIA,871.0,,35,33,2
201401050MIA,RS,MIA,920.0,T,35,35,0
201401050MIA,RS,MIA,937.0,,38,35,3
201401050MIA,RS,MIA,958.0,,38,37,1
201401050MIA,RS,MIA,993.0,LC,38,39,-1
201401050MIA,RS,MIA,1022.0,LC,40,39,1
201401050MIA,RS,MIA,1049.0,LC,40,41,-1
201401050MIA,RS,MIA,1078.0,LC,42,41,1
201401050MIA,RS,MIA,1125.0,LC,42,43,-1
201401050MIA,RS,MIA,1125.0,,42,44,-2
201401050MIA,RS,MIA,1179.0,T,44,44,0
201401050MIA,RS,MIA,1185.0,,44,46,-2
201401050MIA,RS,MIA,1202.0,T,46,46,0
201401050MIA,RS,MIA,1311.0,,46,48,-2
201401050MIA,RS,MIA,1331.0,,47,48,-1
201401050MIA,RS,MIA,1354.0,LC,49,48,1
201401050MIA,RS,MIA,1389.0,LC,49,50,-1
201401050MIA,RS,MIA,1404.0,LC,51,50,1
201401050MIA,RS,MIA,1428.0,LC,51,52,-1
201401050MIA,RS,MIA,1478.0,,51,54,-3
201401050MIA,RS,MIA,1489.0,,52,54,-2
201401050MIA,RS,MIA,1489.0,,53,54,-1
201401050MIA,RS,MIA,1521.0,LC,55,54,1
201401050MIA,RS,MIA,1544.0,,58,54,4
201401050MIA,RS,MIA,1561.0,,58,56,2
201401050MIA,RS,MIA,1581.0,,60,56,4
201401050MIA,RS,MIA,1624.0,,63,56,7
201401050MIA,RS,MIA,1639.0,,63,57,6
201401050MIA,RS,MIA,1639.0,,63,58,5
201401050MIA,RS,MIA,1659.0,,64,58,6
201401050MIA,RS,MIA,1670.0,,64,59,5
201401050MIA,RS,MIA,1685.0,,66,59,7
201401050MIA,RS,MIA,1703.0,,66,61,5
201401050MIA,RS,MIA,1718.0,,69,61,8
201401050MIA,RS,MIA,1731.0,,69,63,6
201401050MIA,RS,MIA,1760.0,,71,63,8
201401050MIA,RS,MIA,1782.0,,71,65,6
201401050MIA,RS,MIA,1796.0,,73,65,8
201401050MIA,RS,MIA,1821.0,,73,67,6
201401050MIA,RS,MIA,1830.0,,75,67,8
201401050MIA,RS,MIA,1848.0,,75,68,7
201401050MIA,RS,MIA,1864.0,,77,68,9
201401050MIA,RS,MIA,1882.0,,77,71,6
201401050MIA,RS,MIA,1910.0,,77,73,4
201401050MIA,RS,MIA,1955.0,,77,75,2
201401050MIA,RS,MIA,1997.0,,77,76,1
201401050MIA,RS,MIA,1997.0,T,77,77,0
201401050MIA,RS,MIA,2091.0,,80,77,3
201401050MIA,RS,MIA,2104.0,,80,78,2
201401050MIA,RS,MIA,2104.0,,80,79,1
201401050MIA,RS,MIA,2129.0,,82,79,3
201401050MIA,RS,MIA,2160.0,,84,79,5
201401050MIA,RS,MIA,2206.0,,84,82,2
201401050MIA,RS,MIA,2243.0,T,84,84,0
201401050MIA,RS,MIA,2344.0,LC,84,86,-2
201401050MIA,RS,MIA,2431.0,T,86,86,0
201401050MIA,RS,MIA,2458.0,,86,88,-2
201401050MIA,RS,MIA,2496.0,,86,90,-4
201401050MIA,RS,MIA,2593.0,,86,92,-6
201401050MIA,RS,MIA,2609.0,,88,92,-4
201401050MIA,RS,MIA,2609.0,,89,92,-3
201401050MIA,RS,MIA,2639.0,,91,92,-1
201401050MIA,RS,MIA,2730.0,,91,94,-3
201401050MIA,RS,MIA,2784.0,,93,94,-1
201401050MIA,RS,MIA,2798.0,,93,95,-2
201401050MIA,RS,MIA,2798.0,,93,96,-3
201401050MIA,RS,MIA,2816.0,,95,96,-1
201401050MIA,RS,MIA,2857.0,,95,97,-2
201401050MIA,RS,MIA,2857.0,,95,98,-3
201401050MIA,RS,MIA,2863.0,,97,98,-1
201401050MIA,RS,MIA,2864.0,,97,99,-2
201401050MIA,RS,MIA,2864.0,,97,100,-3
201401050MIA,RS,MIA,2876.0,,97,101,-4
201401050MIA,RS,MIA,2876.0,F,97,102,-5
201401050MIA,RS,MIA,2880.0,,97,102,-5
201401070IND,RS,IND,0.0,,0,0,0
201401070IND,RS,IND,56.0,,2,0,2
201401070IND,RS,IND,132.0,,5,0,5
201401070IND,RS,IND,164.0,,7,0,7
201401070IND,RS,IND,191.0,,7,2,5
201401070IND,RS,IND,215.0,,7,4,3
201401070IND,RS,IND,260.0,,8,4,4
201401070IND,RS,IND,260.0,,9,4,5
201401070IND,RS,IND,353.0,,11,4,7
201401070IND,RS,IND,365.0,,11,6,5
201401070IND,RS,IND,399.0,,11,8,3
201401070IND,RS,IND,442.0,,13,8,5
201401070IND,RS,IND,496.0,,13,10,3
201401070IND,RS,IND,529.0,,13,12,1
201401070IND,RS,IND,529.0,T,13,13,0
201401070IND,RS,IND,564.0,LC,13,16,-3
201401070IND,RS,IND,590.0,,13,18,-5
201401070IND,RS,IND,625.0,,13,20,-7
201401070IND,RS,IND,660.0,,15,20,-5
201401070IND,RS,IND,697.0,,15,22,-7
201401070IND,RS,IND,746.0,,15,24,-9
201401070IND,RS,IND,799.0,,18,24,-6
201401070IND,RS,IND,841.0,,18,26,-8
201401070IND,RS,IND,891.0,,18,28,-10
201401070IND,RS,IND,910.0,,20,28,-8
201401070IND,RS,IND,951.0,,20,30,-10
201401070IND,RS,IND,973.0,,22,30,-8
201401070IND,RS,IND,1001.0,,24,30,-6
201401070IND,RS,IND,1014.0,,24,32,-8
201401070IND,RS,IND,1034.0,,26,32,-6
201401070IND,RS,IND,1087.0,,27,32,-5
201401070IND,RS,IND,1128.0,,29,32,-3
201401070IND,RS,IND,1152.0,,31,32,-1
201401070IND,RS,IND,1165.0,,31,34,-3
201401070IND,RS,IND,1195.0,,31,36,-5
201401070IND,RS,IND,1212.0,,32,36,-4
201401070IND,RS,IND,1212.0,,33,36,-3
201401070IND,RS,IND,1261.0,,33,37,-4
201401070IND,RS,IND,1301.0,,33,38,-5
201401070IND,RS,IND,1301.0,,33,39,-6
201401070IND,RS,IND,1323.0,,36,39,-3
201401070IND,RS,IND,1338.0,,36,41,-5
201401070IND,RS,IND,1403.0,,36,42,-6
201401070IND,RS,IND,1434.0,,36,44,-8
201401070IND,RS,IND,1451.0,,36,46,-10
201401070IND,RS,IND,1488.0,,36,48,-12
201401070IND,RS,IND,1514.0,,38,48,-10
201401070IND,RS,IND,1538.0,,41,48,-7
201401070IND,RS,IND,1554.0,,41,50,-9
201401070IND,RS,IND,1576.0,,43,50,-7
201401070IND,RS,IND,1595.0,,43,51,-8
201401070IND,RS,IND,1595.0,,43,52,-9
201401070IND,RS,IND,1625.0,,43,53,-10
201401070IND,RS,IND,1625.0,,43,54,-11
201401070IND,RS,IND,1659.0,,43,56,-13
201401070IND,RS,IND,1726.0,,43,58,-15
201401070IND,RS,IND,1773.0,,44,58,-14
201401070IND,RS,IND,1773.0,,45,58,-13
201401070IND,RS,IND,1783.0,,45,59,-14
201401070IND,RS,IND,1783.0,,45,60,-15
201401070IND,RS,IND,1794.0,,47,60,-13
201401070IND,RS,IND,1880.0,,47,62,-15
201401070IND,RS,IND,1897.0,,48,62,-14
201401070IND,RS,IND,1897.0,,49,62,-13
201401070IND,RS,IND,1932.0,,51,62,-11
201401070IND,RS,IND,1932.0,,52,62,-10
201401070IND,RS,IND,1950.0,,52,64,-12
201401070IND,RS,IND,1981.0,,52,66,-14
201401070IND,RS,IND,1981.0,,52,67,-15
201401070IND,RS,IND,2050.0,,54,67,-13
201401070IND,RS,IND,2076.0,,54,69,-15
201401070IND,RS,IND,2109.0,,54,70,-16
201401070IND,RS,IND,2109.0,,54,71,-17
201401070IND,RS,IND,2124.0,,56,71,-15
201401070IND,RS,IND,2153.0,,58,71,-13
201401070IND,RS,IND,2174.0,,60,71,-11
201401070IND,RS,IND,2298.0,,60,73,-13
201401070IND,RS,IND,2318.0,,62,73,-11
201401070IND,RS,IND,2408.0,,63,73,-10
201401070IND,RS,IND,2408.0,,64,73,-9
201401070IND,RS,IND,2430.0,,64,75,-11
201401070IND,RS,IND,2488.0,,66,75,-9
201401070IND,RS,IND,2549.0,,66,76,-10
201401070IND,RS,IND,2549.0,,66,77,-11
201401070IND,RS,IND,2567.0,,68,77,-9
201401070IND,RS,IND,2626.0,,70,77,-7
201401070IND,RS,IND,2645.0,,70,78,-8
201401070IND,RS,IND,2645.0,,70,79,-9
201401070IND,RS,IND,2665.0,,72,79,-7
201401070IND,RS,IND,2685.0,,72,81,-9
201401070IND,RS,IND,2708.0,,75,81,-6
201401070IND,RS,IND,2728.0,,75,82,-7
201401070IND,RS,IND,2728.0,,75,83,-8
201401070IND,RS,IND,2745.0,,77,83,-6
201401070IND,RS,IND,2768.0,,77,85,-8
201401070IND,RS,IND,2787.0,,78,85,-7
201401070IND,RS,IND,2787.0,,79,85,-6
201401070IND,RS,IND,2859.0,F,79,86,-7
201401070IND,RS,IND,2880.0,,79,86,-7
201401080TOR,RS,DET,0.0,,0,0,0
201401080TOR,RS,DET,14.0,,0,2,-2
201401080TOR,RS,DET,36.0,,0,4,-4
201401080TOR,RS,DET,159.0,,2,4,-2
201401080TOR,RS,DET,172.0,,2,6,-4
201401080TOR,RS,DET,183.0,,4,6,-2
201401080TOR,RS,DET,227.0,LC,7,6,1
201401080TOR,RS,DET,244.0,LC,7,8,-1
201401080TOR,RS,DET,258.0,LC,10,8,2
201401080TOR,RS,DET,291.0,T,10,10,0
201401080TOR,RS,DET,311.0,,12,10,2
201401080TOR,RS,DET,360.0,T,12,12,0
201401080TOR,RS,DET,371.0,LC,12,15,-3
201401080TOR,RS,DET,400.0,,12,17,-5
201401080TOR,RS,DET,434.0,,12,19,-7
201401080TOR,RS,DET,470.0,,15,19,-4
201401080TOR,RS,DET,509.0,,16,19,-3
201401080TOR,RS,DET,509.0,,17,19,-2
201401080TOR,RS,DET,549.0,,17,21,-4
201401080TOR,RS,DET,570.0,,19,21,-2
201401080TOR,RS,DET,583.0,,19,23,-4
201401080TOR,RS,DET,600.0,,21,23,-2
201401080TOR,RS,DET,631.0,LC,24,23,1
201401080TOR,RS,DET,646.0,T,24,24,0
201401080TOR,RS,DET,646.0,LC,24,25,-1
201401080TOR,RS,DET,660.0,LC,26,25,1
201401080TOR,RS,DET,788.0,T,26,26,0
201401080TOR,RS,DET,822.0,,29,26,3
201401080TOR,RS,DET,848.0,,32,26,6
201401080TOR,RS,DET,861.0,,32,28,4
201401080TOR,RS,DET,881.0,,34,28,6
201401080TOR,RS,DET,903.0,,35,28,7
201401080TOR,RS,DET,903.0,,36,28,8
201401080TOR,RS,DET,924.0,,38,28,10
201401080TOR,RS,DET,924.0,,39,28,11
201401080TOR,RS,DET,933.0,,39,31,8
201401080TOR,RS,DET,958.0,,39,33,6
201401080TOR,RS,DET,989.0,,39,34,5
201401080TOR,RS,DET,989.0,,39,35,4
201401080TOR,RS,DET,1081.0,,39,38,1
201401080TOR,RS,DET,1125.0,LC,39,40,-1
201401080TOR,RS,DET,1149.0,,39,42,-3
201401080TOR,RS,DET,1209.0,,40,42,-2
201401080TOR,RS,DET,1209.0,,41,42,-1
201401080TOR,RS,DET,1222.0,,41,44,-3
201401080TOR,RS,DET,1245.0,,43,44,-1
201401080TOR,RS,DET,1252.0,,43,45,-2
201401080TOR,RS,DET,1271.0,,43,46,-3
201401080TOR,RS,DET,1271.0,,43,47,-4
201401080TOR,RS,DET,1287.0,,44,47,-3
201401080TOR,RS,DET,1287.0,,45,47,-2
201401080TOR,RS,DET,1287.0,,46,47,-1
201401080TOR,RS,DET,1313.0,,46,48,-2
201401080TOR,RS,DET,1343.0,,47,48,-1
201401080TOR,RS,DET,1343.0,T,48,48,0
201401080TOR,RS,DET,1357.0,,48,50,-2
201401080TOR,RS,DET,1357.0,,48,51,-3
201401080TOR,RS,DET,1376.0,,48,53,-5
201401080TOR,RS,DET,1395.0,,50,53,-3
201401080TOR,RS,DET,1402.0,,50,54,-4
201401080TOR,RS,DET,1453.0,,53,54,-1
201401080TOR,RS,DET,1480.0,LC,55,54,1
201401080TOR,RS,DET,1514.0,,58,54,4
201401080TOR,RS,DET,1569.0,,58,56,2
201401080TOR,RS,DET,1589.0,,60,56,4
201401080TOR,RS,DET,1610.0,,60,58,2
201401080TOR,RS,DET,1638.0,,62,58,4
201401080TOR,RS,DET,1682.0,,63,58,5
201401080TOR,RS,DET,1682.0,,64,58,6
201401080TOR,RS,DET,1738.0,,67,58,9
201401080TOR,RS,DET,1750.0,,67,59,8
201401080TOR,RS,DET,1750.0,,67,60,7
201401080TOR,RS,DET,1771.0,,67,62,5
201401080TOR,RS,DET,1786.0,,69,62,7
201401080TOR,RS,DET,1815.0,,71,62,9
201401080TOR,RS,DET,1815.0,,72,62,10
201401080TOR,RS,DET,1830.0,,72,64,8
201401080TOR,RS,DET,1848.0,,74,64,10
201401080TOR,RS,DET,1860.0,,74,66,8
201401080TOR,RS,DET,1887.0,,75,66,9
201401080TOR,RS,DET,1887.0,,76,66,10
201401080TOR,RS,DET,1887.0,,77,66,11
201401080TOR,RS,DET,1964.0,,78,66,12
201401080TOR,RS,DET,1964.0,,79,66,13
201401080TOR,RS,DET,2021.0,,79,68,11
201401080TOR,RS,DET,2057.0,,79,70,9
201401080TOR,RS,DET,2057.0,,79,71,8
201401080TOR,RS,DET,2070.0,,82,71,11
201401080TOR,RS,DET,2102.0,,84,71,13
201401080TOR,RS,DET,2135.0,,84,72,12
201401080TOR,RS,DET,2145.0,,84,73,11
201401080TOR,RS,DET,2145.0,,84,74,10
201401080TOR,RS,DET,2204.0,,86,74,12
201401080TOR,RS,DET,2234.0,,88,74,14
201401080TOR,RS,DET,2247.0,,88,76,12
201401080TOR,RS,DET,2260.0,,90,76,14
201401080TOR,RS,DET,2269.0,,90,78,12
201401080TOR,RS,DET,2288.0,,91,78,13
201401080TOR,RS,DET,2288.0,,92,78,14
201401080TOR,RS,DET,2322.0,,92,80,12
201401080TOR,RS,DET,2340.0,,93,80,13
201401080TOR,RS,DET,2359.0,,94,80,14
201401080TOR,RS,DET,2401.0,,94,82,12
201401080TOR,RS,DET,2460.0,,94,84,10
201401080TOR,RS,DET,2478.0,,96,84,12
201401080TOR,RS,DET,2504.0,,97,84,13
201401080TOR,RS,DET,2504.0,,98,84,14
201401080TOR,RS,DET,2528.0,,99,84,15
201401080TOR,RS,DET,2528.0,,100,84,16
201401080TOR,RS,DET,2560.0,,101,84,17
201401080TOR,RS,DET,2560.0,,102,84,18
201401080TOR,RS,DET,2572.0,,102,87,15
201401080TOR,RS,DET,2601.0,,105,87,18
201401080TOR,RS,DET,2643.0,,105,88,17
201401080TOR,RS,DET,2675.0,,105,89,16
201401080TOR,RS,DET,2699.0,,107,89,18
201401080TOR,RS,DET,2727.0,,108,89,19
201401080TOR,RS,DET,2752.0,,110,89,21
201401080TOR,RS,DET,2812.0,,110,91,19
201401080TOR,RS,DET,2844.0,F,112,91,21
201401080TOR,RS,DET,2880.0,,112,91,21
201401110TOR,RS,BRK,0.0,,0,0,0
201401110TOR,RS,BRK,22.0,,0,2,-2
201401110TOR,RS,BRK,39.0,,1,2,-1
201401110TOR,RS,BRK,80.0,LC,4,2,2
201401110TOR,RS,BRK,138.0,T,4,4,0
201401110TOR,RS,BRK,205.0,,6,4,2
201401110TOR,RS,BRK,219.0,T,6,6,0
201401110TOR,RS,BRK,241.0,LC,6,8,-2
201401110TOR,RS,BRK,271.0,,6,10,-4
201401110TOR,RS,BRK,309.0,,7,10,-3
201401110TOR,RS,BRK,309.0,,8,10,-2
201401110TOR,RS,BRK,356.0,LC,11,10,1
201401110TOR,RS,BRK,379.0,LC,11,12,-1
201401110TOR,RS,BRK,430.0,,11,14,-3
201401110TOR,RS,BRK,451.0,,13,14,-1
201401110TOR,RS,BRK,480.0,,13,15,-2
201401110TOR,RS,BRK,497.0,T,15,15,0
201401110TOR,RS,BRK,544.0,LC,17,15,2
201401110TOR,RS,BRK,562.0,,17,16,1
201401110TOR,RS,BRK,613.0,,18,16,2
201401110TOR,RS,BRK,613.0,,19,16,3
201401110TOR,RS,BRK,687.0,,21,16,5
201401110TOR,RS,BRK,698.0,,21,18,3
201401110TOR,RS,BRK,718.0,,24,18,6
201401110TOR,RS,BRK,750.0,,26,18,8
201401110TOR,RS,BRK,802.0,,26,21,5
201401110TOR,RS,BRK,828.0,,26,23,3
201401110TOR,RS,BRK,852.0,,28,23,5
201401110TOR,RS,BRK,903.0,,29,23,6
201401110TOR,RS,BRK,903.0,,30,23,7
201401110TOR,RS,BRK,950.0,,32,23,9
201401110TOR,RS,BRK,975.0,,34,23,11
201401110TOR,RS,BRK,1009.0,,34,25,9
201401110TOR,RS,BRK,1030.0,,37,25,12
201401110TOR,RS,BRK,1048.0,,37,27,10
201401110TOR,RS,BRK,1063.0,,40,27,13
201401110TOR,RS,BRK,1084.0,,40,29,11
201401110TOR,RS,BRK,1121.0,,40,31,9
201401110TOR,RS,BRK,1162.0,,42,31,11
201401110TOR,RS,BRK,1196.0,,42,33,9
201401110TOR,RS,BRK,1247.0,,44,33,11
201401110TOR,RS,BRK,1311.0,,44,34,10
201401110TOR,RS,BRK,1338.0,,44,37,7
201401110TOR,RS,BRK,1375.0,,44,40,4
201401110TOR,RS,BRK,1421.0,,47,40,7
201401110TOR,RS,BRK,1439.0,,47,41,6
201401110TOR,RS,BRK,1439.0,,47,42,5
201401110TOR,RS,BRK,1481.0,,47,43,4
201401110TOR,RS,BRK,1481.0,,47,44,3
201401110TOR,RS,BRK,1522.0,T,47,47,0
201401110TOR,RS,BRK,1564.0,LC,47,50,-3
201401110TOR,RS,BRK,1583.0,,48,50,-2
201401110TOR,RS,BRK,1604.0,,48,53,-5
201401110TOR,RS,BRK,1735.0,,48,56,-8
201401110TOR,RS,BRK,1757.0,,50,56,-6
201401110TOR,RS,BRK,1782.0,,50,57,-7
201401110TOR,RS,BRK,1782.0,,50,58,-8
201401110TOR,RS,BRK,1806.0,,50,60,-10
201401110TOR,RS,BRK,1866.0,,52,60,-8
201401110TOR,RS,BRK,1878.0,,52,62,-10
201401110TOR,RS,BRK,1911.0,,53,62,-9
201401110TOR,RS,BRK,1911.0,,54,62,-8
201401110TOR,RS,BRK,1934.0,,55,62,-7
201401110TOR,RS,BRK,1950.0,,56,62,-6
201401110TOR,RS,BRK,1969.0,,56,64,-8
201401110TOR,RS,BRK,2001.0,,57,64,-7
201401110TOR,RS,BRK,2001.0,,58,64,-6
201401110TOR,RS,BRK,2038.0,,61,64,-3
201401110TOR,RS,BRK,2087.0,,63,64,-1
201401110TOR,RS,BRK,2119.0,LC,65,64,1
201401110TOR,RS,BRK,2158.0,,68,64,4
201401110TOR,RS,BRK,2192.0,,70,64,6
201401110TOR,RS,BRK,2314.0,,72,64,8
201401110TOR,RS,BRK,2322.0,,73,64,9
201401110TOR,RS,BRK,2340.0,,74,64,10
201401110TOR,RS,BRK,2390.0,,74,65,9
201401110TOR,RS,BRK,2411.0,,76,65,11
201401110TOR,RS,BRK,2437.0,,78,65,13
201401110TOR,RS,BRK,2510.0,,78,67,11
201401110TOR,RS,BRK,2526.0,,78,69,9
201401110TOR,RS,BRK,2565.0,,78,70,8
201401110TOR,RS,BRK,2565.0,,78,71,7
201401110TOR,RS,BRK,2588.0,,81,71,10
201401110TOR,RS,BRK,2620.0,,83,71,12
201401110TOR,RS,BRK,2655.0,,85,71,14
201401110TOR,RS,BRK,2679.0,,85,73,12
201401110TOR,RS,BRK,2705.0,,88,73,15
201401110TOR,RS,BRK,2724.0,,88,75,13
201401110TOR,RS,BRK,2727.0,,89,75,14
201401110TOR,RS,BRK,2727.0,,90,75,15
201401110TOR,RS,BRK,2749.0,,90,78,12
201401110TOR,RS,BRK,2775.0,,93,78,15
201401110TOR,RS,BRK,2811.0,,94,78,16
201401110TOR,RS,BRK,2821.0,,95,78,17
201401110TOR,RS,BRK,2821.0,,96,78,18
201401110TOR,RS,BRK,2834.0,F,96,80,16
201401110TOR,RS,BRK,2880.0,,96,80,16
201401130TOR,RS,MIL,0.0,,0,0,0
201401130TOR,RS,MIL,12.0,,0,1,-1
201401130TOR,RS,MIL,88.0,LC,2,1,1
201401130TOR,RS,MIL,98.0,LC,2,3,-1
201401130TOR,RS,MIL,128.0,,2,5,-3
201401130TOR,RS,MIL,153.0,T,5,5,0
201401130TOR,RS,MIL,171.0,,5,7,-2
201401130TOR,RS,MIL,192.0,T,7,7,0
201401130TOR,RS,MIL,229.0,LC,10,7,3
201401130TOR,RS,MIL,282.0,,10,8,2
201401130TOR,RS,MIL,282.0,,10,9,1
201401130TOR,RS,MIL,298.0,,12,9,3
201401130TOR,RS,MIL,344.0,,14,9,5
201401130TOR,RS,MIL,374.0,,15,9,6
201401130TOR,RS,MIL,374.0,,16,9,7
201401130TOR,RS,MIL,374.0,,17,9,8
201401130TOR,RS,MIL,386.0,,17,11,6
201401130TOR,RS,MIL,417.0,,17,13,4
201401130TOR,RS,MIL,448.0,,17,16,1
201401130TOR,RS,MIL,468.0,,18,16,2
201401130TOR,RS,MIL,468.0,,19,16,3
201401130TOR,RS,MIL,480.0,T,19,19,0
201401130TOR,RS,MIL,495.0,,20,19,1
201401130TOR,RS,MIL,495.0,,21,19,2
201401130TOR,RS,MIL,514.0,,24,19,5
201401130TOR,RS,MIL,543.0,,26,19,7
201401130TOR,RS,MIL,560.0,,26,21,5
201401130TOR,RS,MIL,590.0,,27,21,6
201401130TOR,RS,MIL,590.0,,28,21,7
201401130TOR,RS,MIL,612.0,,30,21,9
201401130TOR,RS,MIL,635.0,,30,24,6
201401130TOR,RS,MIL,650.0,,32,24,8
201401130TOR,RS,MIL,675.0,,33,24,9
201401130TOR,RS,MIL,675.0,,34,24,10
201401130TOR,RS,MIL,690.0,,35,24,11
201401130TOR,RS,MIL,690.0,,36,24,12
201401130TOR,RS,MIL,708.0,,37,24,13
201401130TOR,RS,MIL,708.0,,38,24,14
201401130TOR,RS,MIL,741.0,,41,24,17
201401130TOR,RS,MIL,778.0,,43,24,19
201401130TOR,RS,MIL,803.0,,43,27,16
201401130TOR,RS,MIL,839.0,,46,27,19
201401130TOR,RS,MIL,905.0,,46,29,17
201401130TOR,RS,MIL,953.0,,46,32,14
201401130TOR,RS,MIL,978.0,,48,32,16
201401130TOR,RS,MIL,1029.0,,50,32,18
201401130TOR,RS,MIL,1046.0,,50,33,17
201401130TOR,RS,MIL,1046.0,,50,34,16
201401130TOR,RS,MIL,1068.0,,50,36,14
201401130TOR,RS,MIL,1088.0,,52,36,16
201401130TOR,RS,MIL,1118.0,,54,36,18
201401130TOR,RS,MIL,1139.0,,54,38,16
201401130TOR,RS,MIL,1180.0,,54,41,13
201401130TOR,RS,MIL,1241.0,,54,42,12
201401130TOR,RS,MIL,1264.0,,56,42,14
201401130TOR,RS,MIL,1305.0,,56,45,11
201401130TOR,RS,MIL,1348.0,,56,47,9
201401130TOR,RS,MIL,1369.0,,58,47,11
201401130TOR,RS,MIL,1392.0,,58,49,9
201401130TOR,RS,MIL,1424.0,,58,50,8
201401130TOR,RS,MIL,1454.0,,61,50,11
201401130TOR,RS,MIL,1493.0,,61,52,9
201401130TOR,RS,MIL,1522.0,,63,52,11
201401130TOR,RS,MIL,1544.0,,63,54,9
201401130TOR,RS,MIL,1561.0,,63,55,8
201401130TOR,RS,MIL,1561.0,,63,56,7
201401130TOR,RS,MIL,1568.0,,65,56,9
201401130TOR,RS,MIL,1628.0,,68,56,12
201401130TOR,RS,MIL,1673.0,,69,56,13
201401130TOR,RS,MIL,1685.0,,71,56,15
201401130TOR,RS,MIL,1739.0,,71,58,13
201401130TOR,RS,MIL,1757.0,,73,58,15
201401130TOR,RS,MIL,1778.0,,73,60,13
201401130TOR,RS,MIL,1793.0,,75,60,15
201401130TOR,RS,MIL,1849.0,,75,61,14
201401130TOR,RS,MIL,1849.0,,75,62,13
201401130TOR,RS,MIL,1884.0,,75,64,11
201401130TOR,RS,MIL,1907.0,,78,64,14
201401130TOR,RS,MIL,1931.0,,78,66,12
201401130TOR,RS,MIL,1952.0,,80,66,14
201401130TOR,RS,MIL,1998.0,,80,68,12
201401130TOR,RS,MIL,2016.0,,82,68,14
201401130TOR,RS,MIL,2041.0,,82,70,12
201401130TOR,RS,MIL,2067.0,,83,70,13
201401130TOR,RS,MIL,2100.0,,83,72,11
201401130TOR,RS,MIL,2109.0,,86,72,14
201401130TOR,RS,MIL,2121.0,,88,72,16
201401130TOR,RS,MIL,2122.0,,88,73,15
201401130TOR,RS,MIL,2186.0,,90,73,17
201401130TOR,RS,MIL,2238.0,,91,73,18
201401130TOR,RS,MIL,2281.0,,91,75,16
201401130TOR,RS,MIL,2309.0,,94,75,19
201401130TOR,RS,MIL,2331.0,,96,75,21
201401130TOR,RS,MIL,2380.0,,99,75,24
201401130TOR,RS,MIL,2408.0,,100,75,25
201401130TOR,RS,MIL,2408.0,,101,75,26
201401130TOR,RS,MIL,2432.0,,101,77,24
201401130TOR,RS,MIL,2462.0,,101,80,21
201401130TOR,RS,MIL,2490.0,,103,80,23
201401130TOR,RS,MIL,2521.0,,105,80,25
201401130TOR,RS,MIL,2554.0,,106,80,26
201401130TOR,RS,MIL,2594.0,,108,80,28
201401130TOR,RS,MIL,2626.0,,109,80,29
201401130TOR,RS,MIL,2646.0,,109,82,27
201401130TOR,RS,MIL,2658.0,,110,82,28
201401130TOR,RS,MIL,2678.0,,110,83,27
201401130TOR,RS,MIL,2701.0,,111,83,28
201401130TOR,RS,MIL,2723.0,,114,83,31
201401130TOR,RS,MIL,2756.0,,114,85,29
201401130TOR,RS,MIL,2776.0,,114,87,27
201401130TOR,RS,MIL,2793.0,,114,89,25
201401130TOR,RS,MIL,2806.0,,116,89,27
201401130TOR,RS,MIL,2837.0,,116,92,24
201401130TOR,RS,MIL,2856.0,,116,93,23
201401130TOR,RS,MIL,2856.0,F,116,94,22
201401130TOR,RS,MIL,2880.0,,116,94,22
201401150BOS,RS,BOS,0.0,,0,0,0
201401150BOS,RS,BOS,84.0,,2,0,2
201401150BOS,RS,BOS,96.0,,2,1,1
201401150BOS,RS,BOS,138.0,LC,2,3,-1
201401150BOS,RS,BOS,176.0,LC,4,3,1
201401150BOS,RS,BOS,240.0,LC,4,5,-1
201401150BOS,RS,BOS,259.0,LC,7,5,2
201401150BOS,RS,BOS,279.0,,7,6,1
201401150BOS,RS,BOS,279.0,T,7,7,0
201401150BOS,RS,BOS,297.0,,10,7,3
201401150BOS,RS,BOS,318.0,,10,8,2
201401150BOS,RS,BOS,318.0,,10,9,1
201401150BOS,RS,BOS,350.0,LC,10,11,-1
201401150BOS,RS,BOS,366.0,LC,12,11,1
201401150BOS,RS,BOS,393.0,,14,11,3
201401150BOS,RS,BOS,438.0,,14,13,1
201401150BOS,RS,BOS,487.0,LC,14,15,-1
201401150BOS,RS,BOS,504.0,LC,16,15,1
201401150BOS,RS,BOS,520.0,T,16,16,0
201401150BOS,RS,BOS,520.0,LC,16,17,-1
201401150BOS,RS,BOS,550.0,LC,19,17,2
201401150BOS,RS,BOS,576.0,,22,17,5
201401150BOS,RS,BOS,609.0,,22,20,2
201401150BOS,RS,BOS,633.0,LC,22,23,-1
201401150BOS,RS,BOS,720.0,LC,25,23,2
201401150BOS,RS,BOS,775.0,,27,23,4
201401150BOS,RS,BOS,804.0,,27,25,2
201401150BOS,RS,BOS,824.0,,29,25,4
201401150BOS,RS,BOS,974.0,,29,26,3
201401150BOS,RS,BOS,991.0,,31,26,5
201401150BOS,RS,BOS,1007.0,,31,28,3
201401150BOS,RS,BOS,1038.0,,31,30,1
201401150BOS,RS,BOS,1063.0,LC,31,32,-1
201401150BOS,RS,BOS,1092.0,LC,33,32,1
201401150BOS,RS,BOS,1147.0,LC,33,34,-1
201401150BOS,RS,BOS,1161.0,T,34,34,0
201401150BOS,RS,BOS,1161.0,LC,35,34,1
201401150BOS,RS,BOS,1198.0,LC,35,36,-1
201401150BOS,RS,BOS,1221.0,LC,37,36,1
201401150BOS,RS,BOS,1263.0,LC,37,38,-1
201401150BOS,RS,BOS,1284.0,LC,39,38,1
201401150BOS,RS,BOS,1284.0,,40,38,2
201401150BOS,RS,BOS,1313.0,,41,38,3
201401150BOS,RS,BOS,1330.0,,41,39,2
201401150BOS,RS,BOS,1383.0,T,41,41,0
201401150BOS,RS,BOS,1395.0,LC,41,43,-2
201401150BOS,RS,BOS,1416.0,,41,44,-3
201401150BOS,RS,BOS,1416.0,,41,45,-4
201401150BOS,RS,BOS,1515.0,,41,47,-6
201401150BOS,RS,BOS,1604.0,,41,49,-8
201401150BOS,RS,BOS,1620.0,,44,49,-5
201401150BOS,RS,BOS,1680.0,,44,51,-7
201401150BOS,RS,BOS,1738.0,,44,53,-9
201401150BOS,RS,BOS,1759.0,,45,53,-8
201401150BOS,RS,BOS,1759.0,,46,53,-7
201401150BOS,RS,BOS,1785.0,,48,53,-5
201401150BOS,RS,BOS,1809.0,,48,55,-7
201401150BOS,RS,BOS,1837.0,,48,57,-9
201401150BOS,RS,BOS,1857.0,,50,57,-7
201401150BOS,RS,BOS,1891.0,,50,58,-8
201401150BOS,RS,BOS,1891.0,,50,59,-9
201401150BOS,RS,BOS,1969.0,,50,60,-10
201401150BOS,RS,BOS,1994.0,,50,63,-13
201401150BOS,RS,BOS,2017.0,,53,63,-10
201401150BOS,RS,BOS,2036.0,,53,64,-11
201401150BOS,RS,BOS,2036.0,,53,65,-12
201401150BOS,RS,BOS,2100.0,,53,68,-15
201401150BOS,RS,BOS,2134.0,,53,69,-16
201401150BOS,RS,BOS,2136.0,,53,71,-18
201401150BOS,RS,BOS,2158.0,,55,71,-16
201401150BOS,RS,BOS,2158.0,,56,71,-15
201401150BOS,RS,BOS,2160.0,,56,73,-17
201401150BOS,RS,BOS,2194.0,,58,73,-15
201401150BOS,RS,BOS,2211.0,,58,75,-17
201401150BOS,RS,BOS,2232.0,,61,75,-14
201401150BOS,RS,BOS,2259.0,,64,75,-11
201401150BOS,RS,BOS,2471.0,,66,75,-9
201401150BOS,RS,BOS,2471.0,,67,75,-8
201401150BOS,RS,BOS,2532.0,,69,75,-6
201401150BOS,RS,BOS,2559.0,,69,77,-8
201401150BOS,RS,BOS,2566.0,,71,77,-6
201401150BOS,RS,BOS,2606.0,,74,77,-3
201401150BOS,RS,BOS,2657.0,,74,79,-5
201401150BOS,RS,BOS,2676.0,,74,80,-6
201401150BOS,RS,BOS,2715.0,,74,81,-7
201401150BOS,RS,BOS,2726.0,,75,81,-6
201401150BOS,RS,BOS,2726.0,,76,81,-5
201401150BOS,RS,BOS,2791.0,,77,81,-4
201401150BOS,RS,BOS,2835.0,,78,81,-3
201401150BOS,RS,BOS,2851.0,,78,82,-4
201401150BOS,RS,BOS,2851.0,,78,83,-5
201401150BOS,RS,BOS,2859.0,,78,84,-6
201401150BOS,RS,BOS,2865.0,,81,84,-3
201401150BOS,RS,BOS,2866.0,,81,85,-4
201401150BOS,RS,BOS,2866.0,,81,86,-5
201401150BOS,RS,BOS,2873.0,,83,86,-3
201401150BOS,RS,BOS,2878.0,,83,87,-4
201401150BOS,RS,BOS,2878.0,F,83,88,-5
201401150BOS,RS,BOS,2880.0,,83,88,-5
201401170TOR,RS,MIN,0.0,,0,0,0
201401170TOR,RS,MIN,12.0,,2,0,2
201401170TOR,RS,MIN,106.0,T,2,2,0
201401170TOR,RS,MIN,114.0,,4,2,2
201401170TOR,RS,MIN,173.0,,6,2,4
201401170TOR,RS,MIN,219.0,,8,2,6
201401170TOR,RS,MIN,254.0,,10,2,8
201401170TOR,RS,MIN,317.0,,12,2,10
201401170TOR,RS,MIN,353.0,,12,4,8
201401170TOR,RS,MIN,372.0,,12,6,6
201401170TOR,RS,MIN,409.0,,12,8,4
201401170TOR,RS,MIN,420.0,,13,8,5
201401170TOR,RS,MIN,474.0,,13,9,4
201401170TOR,RS,MIN,474.0,,13,10,3
201401170TOR,RS,MIN,487.0,,15,10,5
201401170TOR,RS,MIN,509.0,,15,12,3
201401170TOR,RS,MIN,545.0,,17,12,5
201401170TOR,RS,MIN,584.0,,17,13,4
201401170TOR,RS,MIN,606.0,,17,15,2
201401170TOR,RS,MIN,653.0,,20,15,5
201401170TOR,RS,MIN,685.0,,22,15,7
201401170TOR,RS,MIN,736.0,,22,17,5
201401170TOR,RS,MIN,779.0,,22,18,4
201401170TOR,RS,MIN,779.0,,22,19,3
201401170TOR,RS,MIN,794.0,,24,19,5
201401170TOR,RS,MIN,846.0,,26,19,7
201401170TOR,RS,MIN,863.0,,26,21,5
201401170TOR,RS,MIN,898.0,,26,23,3
201401170TOR,RS,MIN,916.0,,29,23,6
201401170TOR,RS,MIN,948.0,,29,25,4
201401170TOR,RS,MIN,964.0,,31,25,6
201401170TOR,RS,MIN,1006.0,,34,25,9
201401170TOR,RS,MIN,1097.0,,34,26,8
201401170TOR,RS,MIN,1097.0,,34,27,7
201401170TOR,RS,MIN,1118.0,,35,27,8
201401170TOR,RS,MIN,1118.0,,36,27,9
201401170TOR,RS,MIN,1150.0,,38,27,11
201401170TOR,RS,MIN,1163.0,,38,29,9
201401170TOR,RS,MIN,1179.0,,41,29,12
201401170TOR,RS,MIN,1203.0,,41,31,10
201401170TOR,RS,MIN,1218.0,,44,31,13
201401170TOR,RS,MIN,1241.0,,44,33,11
201401170TOR,RS,MIN,1279.0,,44,35,9
201401170TOR,RS,MIN,1315.0,,44,37,7
201401170TOR,RS,MIN,1397.0,,44,38,6
201401170TOR,RS,MIN,1438.0,,44,40,4
201401170TOR,RS,MIN,1453.0,,44,43,1
201401170TOR,RS,MIN,1530.0,,47,43,4
201401170TOR,RS,MIN,1586.0,,49,43,6
201401170TOR,RS,MIN,1596.0,,49,45,4
201401170TOR,RS,MIN,1639.0,,49,47,2
201401170TOR,RS,MIN,1659.0,,52,47,5
201401170TOR,RS,MIN,1737.0,,52,49,3
201401170TOR,RS,MIN,1759.0,,54,49,5
201401170TOR,RS,MIN,1786.0,,54,51,3
201401170TOR,RS,MIN,1848.0,,55,51,4
201401170TOR,RS,MIN,1848.0,,56,51,5
201401170TOR,RS,MIN,1880.0,,58,51,7
201401170TOR,RS,MIN,1903.0,,58,53,5
201401170TOR,RS,MIN,1915.0,,59,53,6
201401170TOR,RS,MIN,1930.0,,62,53,9
201401170TOR,RS,MIN,1957.0,,63,53,10
201401170TOR,RS,MIN,1957.0,,64,53,11
201401170TOR,RS,MIN,1974.0,,67,53,14
201401170TOR,RS,MIN,1986.0,,67,55,12
201401170TOR,RS,MIN,2008.0,,67,57,10
201401170TOR,RS,MIN,2085.0,,67,59,8
201401170TOR,RS,MIN,2105.0,,69,59,10
201401170TOR,RS,MIN,2133.0,,69,60,9
201401170TOR,RS,MIN,2133.0,,69,61,8
201401170TOR,RS,MIN,2295.0,,69,63,6
201401170TOR,RS,MIN,2335.0,,70,63,7
201401170TOR,RS,MIN,2356.0,,73,63,10
201401170TOR,RS,MIN,2378.0,,73,64,9
201401170TOR,RS,MIN,2378.0,,73,65,8
201401170TOR,RS,MIN,2427.0,,73,67,6
201401170TOR,RS,MIN,2446.0,,75,67,8
201401170TOR,RS,MIN,2459.0,,75,70,5
201401170TOR,RS,MIN,2486.0,,75,72,3
201401170TOR,RS,MIN,2508.0,,77,72,5
201401170TOR,RS,MIN,2540.0,,77,74,3
201401170TOR,RS,MIN,2558.0,,79,74,5
201401170TOR,RS,MIN,2579.0,,79,76,3
201401170TOR,RS,MIN,2631.0,,80,76,4
201401170TOR,RS,MIN,2631.0,,81,76,5
201401170TOR,RS,MIN,2666.0,,83,76,7
201401170TOR,RS,MIN,2694.0,,83,78,5
201401170TOR,RS,MIN,2711.0,,85,78,7
201401170TOR,RS,MIN,2761.0,,85,79,6
201401170TOR,RS,MIN,2761.0,,85,80,5
201401170TOR,RS,MIN,2793.0,,85,83,2
201401170TOR,RS,MIN,2809.0,,87,83,4
201401170TOR,RS,MIN,2865.0,,90,83,7
201401170TOR,RS,MIN,2871.0,,90,85,5
201401170TOR,RS,MIN,2873.0,,91,85,6
201401170TOR,RS,MIN,2873.0,,92,85,7
201401170TOR,RS,MIN,2875.0,,92,87,5
201401170TOR,RS,MIN,2876.0,,93,87,6
201401170TOR,RS,MIN,2876.0,,94,87,7
201401170TOR,RS,MIN,2880.0,,94,89,5
201401170TOR,RS,MIN,2880.0,F,94,89,5
201401190TOR,RS,LAL,0.0,,0,0,0
201401190TOR,RS,LAL,22.0,,0,2,-2
201401190TOR,RS,LAL,43.0,T,2,2,0
201401190TOR,RS,LAL,77.0,LC,4,2,2
201401190TOR,RS,LAL,87.0,LC,4,5,-1
201401190TOR,RS,LAL,107.0,LC,6,5,1
201401190TOR,RS,LAL,125.0,LC,6,7,-1
201401190TOR,RS,LAL,145.0,LC,9,7,2
201401190TOR,RS,LAL,165.0,T,9,9,0
201401190TOR,RS,LAL,181.0,LC,9,11,-2
201401190TOR,RS,LAL,270.0,,10,11,-1
201401190TOR,RS,LAL,270.0,T,11,11,0
201401190TOR,RS,LAL,299.0,LC,13,11,2
201401190TOR,RS,LAL,366.0,T,13,13,0
201401190TOR,RS,LAL,382.0,,15,13,2
201401190TOR,RS,LAL,393.0,LC,15,16,-1
201401190TOR,RS,LAL,429.0,,15,18,-3
201401190TOR,RS,LAL,451.0,T,18,18,0
201401190TOR,RS,LAL,466.0,,18,20,-2
201401190TOR,RS,LAL,493.0,T,20,20,0
201401190TOR,RS,LAL,500.0,,20,22,-2
201401190TOR,RS,LAL,536.0,,20,23,-3
201401190TOR,RS,LAL,536.0,,20,24,-4
201401190TOR,RS,LAL,558.0,,23,24,-1
201401190TOR,RS,LAL,596.0,LC,26,24,2
201401190TOR,RS,LAL,605.0,T,26,26,0
201401190TOR,RS,LAL,622.0,,28,26,2
201401190TOR,RS,LAL,645.0,,30,26,4
201401190TOR,RS,LAL,661.0,,30,29,1
201401190TOR,RS,LAL,673.0,,32,29,3
201401190TOR,RS,LAL,673.0,,33,29,4
201401190TOR,RS,LAL,694.0,,36,29,7
201401190TOR,RS,LAL,761.0,,38,29,9
201401190TOR,RS,LAL,801.0,,40,29,11
201401190TOR,RS,LAL,812.0,,40,31,9
201401190TOR,RS,LAL,828.0,,42,31,11
201401190TOR,RS,LAL,862.0,,44,31,13
201401190TOR,RS,LAL,892.0,,46,31,15
201401190TOR,RS,LAL,948.0,,48,31,17
201401190TOR,RS,LAL,986.0,,50,31,19
201401190TOR,RS,LAL,1018.0,,50,33,17
201401190TOR,RS,LAL,1110.0,,50,35,15
201401190TOR,RS,LAL,1134.0,,50,38,12
201401190TOR,RS,LAL,1161.0,,50,39,11
201401190TOR,RS,LAL,1161.0,,50,40,10
201401190TOR,RS,LAL,1176.0,,52,40,12
201401190TOR,RS,LAL,1187.0,,52,42,10
201401190TOR,RS,LAL,1220.0,,52,45,7
201401190TOR,RS,LAL,1236.0,,54,45,9
201401190TOR,RS,LAL,1252.0,,54,48,6
201401190TOR,RS,LAL,1267.0,,56,48,8
201401190TOR,RS,LAL,1373.0,,56,49,7
201401190TOR,RS,LAL,1373.0,,56,50,6
201401190TOR,RS,LAL,1397.0,,58,50,8
201401190TOR,RS,LAL,1414.0,,58,52,6
201401190TOR,RS,LAL,1437.0,,58,53,5
201401190TOR,RS,LAL,1437.0,,58,54,4
201401190TOR,RS,LAL,1516.0,,60,54,6
201401190TOR,RS,LAL,1569.0,,63,54,9
201401190TOR,RS,LAL,1604.0,,65,54,11
201401190TOR,RS,LAL,1657.0,,68,54,14
201401190TOR,RS,LAL,1691.0,,69,54,15
201401190TOR,RS,LAL,1691.0,,70,54,16
201401190TOR,RS,LAL,1706.0,,70,56,14
201401190TOR,RS,LAL,1721.0,,73,56,17
201401190TOR,RS,LAL,1739.0,,73,58,15
201401190TOR,RS,LAL,1771.0,,73,59,14
201401190TOR,RS,LAL,1771.0,,73,60,13
201401190TOR,RS,LAL,1780.0,,73,62,11
201401190TOR,RS,LAL,1796.0,,75,62,13
201401190TOR,RS,LAL,1808.0,,75,63,12
201401190TOR,RS,LAL,1808.0,,75,64,11
201401190TOR,RS,LAL,1808.0,,75,65,10
201401190TOR,RS,LAL,1842.0,,75,67,8
201401190TOR,RS,LAL,1865.0,,77,67,10
201401190TOR,RS,LAL,1879.0,,77,69,8
201401190TOR,RS,LAL,1879.0,,77,70,7
201401190TOR,RS,LAL,1916.0,,79,70,9
201401190TOR,RS,LAL,1932.0,,79,73,6
201401190TOR,RS,LAL,1949.0,,79,76,3
201401190TOR,RS,LAL,1985.0,T,79,79,0
201401190TOR,RS,LAL,2123.0,,81,79,2
201401190TOR,RS,LAL,2133.0,,81,80,1
201401190TOR,RS,LAL,2133.0,T,81,81,0
201401190TOR,RS,LAL,2133.0,LC,81,82,-1
201401190TOR,RS,LAL,2198.0,T,82,82,0
201401190TOR,RS,LAL,2218.0,,82,84,-2
201401190TOR,RS,LAL,2239.0,T,84,84,0
201401190TOR,RS,LAL,2274.0,LC,85,84,1
201401190TOR,RS,LAL,2274.0,,86,84,2
201401190TOR,RS,LAL,2316.0,LC,86,87,-1
201401190TOR,RS,LAL,2340.0,LC,88,87,1
201401190TOR,RS,LAL,2358.0,LC,88,89,-1
201401190TOR,RS,LAL,2369.0,LC,90,89,1
201401190TOR,RS,LAL,2433.0,LC,90,91,-1
201401190TOR,RS,LAL,2463.0,LC,92,91,1
201401190TOR,RS,LAL,2479.0,,94,91,3
201401190TOR,RS,LAL,2499.0,,94,93,1
201401190TOR,RS,LAL,2579.0,,96,93,3
201401190TOR,RS,LAL,2594.0,,96,95,1
201401190TOR,RS,LAL,2633.0,T,96,96,0
201401190TOR,RS,LAL,2633.0,LC,96,97,-1
201401190TOR,RS,LAL,2660.0,,96,100,-4
201401190TOR,RS,LAL,2703.0,,98,100,-2
201401190TOR,RS,LAL,2728.0,,98,102,-4
201401190TOR,RS,LAL,2747.0,,101,102,-1
201401190TOR,RS,LAL,2762.0,,101,103,-2
201401190TOR,RS,LAL,2762.0,,101,104,-3
201401190TOR,RS,LAL,2762.0,,101,105,-4
201401190TOR,RS,LAL,2777.0,,103,105,-2
201401190TOR,RS,LAL,2799.0,,103,108,-5
201401190TOR,RS,LAL,2805.0,,104,108,-4
201401190TOR,RS,LAL,2859.0,,104,109,-5
201401190TOR,RS,LAL,2859.0,,104,110,-6
201401190TOR,RS,LAL,2862.0,,106,110,-4
201401190TOR,RS,LAL,2866.0,,106,111,-5
201401190TOR,RS,LAL,2866.0,F,106,112,-6
201401190TOR,RS,LAL,2880.0,,106,112,-6
201401200CHA,RS,CHO,0.0,,0,0,0
201401200CHA,RS,CHO,30.0,,0,1,-1
201401200CHA,RS,CHO,48.0,LC,3,1,2
201401200CHA,RS,CHO,66.0,T,3,3,0
201401200CHA,RS,CHO,99.0,LC,3,5,-2
201401200CHA,RS,CHO,117.0,T,5,5,0
201401200CHA,RS,CHO,141.0,,5,7,-2
201401200CHA,RS,CHO,168.0,,5,9,-4
201401200CHA,RS,CHO,283.0,,5,11,-6
201401200CHA,RS,CHO,352.0,,5,13,-8
201401200CHA,RS,CHO,364.0,,7,13,-6
201401200CHA,RS,CHO,382.0,,7,15,-8
201401200CHA,RS,CHO,413.0,,7,17,-10
201401200CHA,RS,CHO,434.0,,9,17,-8
201401200CHA,RS,CHO,449.0,,9,20,-11
201401200CHA,RS,CHO,503.0,,11,20,-9
201401200CHA,RS,CHO,525.0,,11,22,-11
201401200CHA,RS,CHO,571.0,,11,24,-13
201401200CHA,RS,CHO,642.0,,11,26,-15
201401200CHA,RS,CHO,787.0,,11,29,-18
201401200CHA,RS,CHO,811.0,,14,29,-15
201401200CHA,RS,CHO,843.0,,15,29,-14
201401200CHA,RS,CHO,843.0,,16,29,-13
201401200CHA,RS,CHO,864.0,,16,31,-15
201401200CHA,RS,CHO,884.0,,18,31,-13
201401200CHA,RS,CHO,901.0,,18,34,-16
201401200CHA,RS,CHO,931.0,,18,37,-19
201401200CHA,RS,CHO,993.0,,19,37,-18
201401200CHA,RS,CHO,993.0,,20,37,-17
201401200CHA,RS,CHO,1039.0,,22,37,-15
201401200CHA,RS,CHO,1055.0,,22,39,-17
201401200CHA,RS,CHO,1084.0,,23,39,-16
201401200CHA,RS,CHO,1106.0,,23,41,-18
201401200CHA,RS,CHO,1125.0,,25,41,-16
201401200CHA,RS,CHO,1140.0,,25,43,-18
201401200CHA,RS,CHO,1173.0,,27,43,-16
201401200CHA,RS,CHO,1192.0,,27,44,-17
201401200CHA,RS,CHO,1192.0,,27,45,-18
201401200CHA,RS,CHO,1220.0,,27,47,-20
201401200CHA,RS,CHO,1323.0,,27,48,-21
201401200CHA,RS,CHO,1323.0,,27,49,-22
201401200CHA,RS,CHO,1335.0,,29,49,-20
201401200CHA,RS,CHO,1342.0,,29,50,-21
201401200CHA,RS,CHO,1342.0,,29,51,-22
201401200CHA,RS,CHO,1355.0,,32,51,-19
201401200CHA,RS,CHO,1361.0,,32,52,-20
201401200CHA,RS,CHO,1361.0,,32,53,-21
201401200CHA,RS,CHO,1386.0,,34,53,-19
201401200CHA,RS,CHO,1414.0,,36,53,-17
201401200CHA,RS,CHO,1434.0,,36,54,-18
201401200CHA,RS,CHO,1434.0,,36,55,-19
201401200CHA,RS,CHO,1464.0,,36,57,-21
201401200CHA,RS,CHO,1500.0,,37,57,-20
201401200CHA,RS,CHO,1538.0,,39,57,-18
201401200CHA,RS,CHO,1558.0,,39,59,-20
201401200CHA,RS,CHO,1595.0,,41,59,-18
201401200CHA,RS,CHO,1644.0,,41,62,-21
201401200CHA,RS,CHO,1686.0,,41,64,-23
201401200CHA,RS,CHO,1712.0,,41,66,-25
201401200CHA,RS,CHO,1800.0,,41,67,-26
201401200CHA,RS,CHO,1832.0,,41,69,-28
201401200CHA,RS,CHO,1883.0,,41,70,-29
201401200CHA,RS,CHO,1883.0,,41,71,-30
201401200CHA,RS,CHO,1895.0,,43,71,-28
201401200CHA,RS,CHO,1895.0,,44,71,-27
201401200CHA,RS,CHO,1930.0,,47,71,-24
201401200CHA,RS,CHO,1944.0,,47,72,-25
201401200CHA,RS,CHO,1944.0,,47,73,-26
201401200CHA,RS,CHO,1957.0,,49,73,-24
201401200CHA,RS,CHO,1974.0,,49,74,-25
201401200CHA,RS,CHO,1974.0,,49,75,-26
201401200CHA,RS,CHO,1987.0,,51,75,-24
201401200CHA,RS,CHO,2015.0,,54,75,-21
201401200CHA,RS,CHO,2029.0,,54,78,-24
201401200CHA,RS,CHO,2099.0,,56,78,-22
201401200CHA,RS,CHO,2127.0,,58,78,-20
201401200CHA,RS,CHO,2160.0,,60,78,-18
201401200CHA,RS,CHO,2173.0,,62,78,-16
201401200CHA,RS,CHO,2195.0,,62,81,-19
201401200CHA,RS,CHO,2256.0,,64,81,-17
201401200CHA,RS,CHO,2287.0,,66,81,-15
201401200CHA,RS,CHO,2333.0,,66,84,-18
201401200CHA,RS,CHO,2350.0,,69,84,-15
201401200CHA,RS,CHO,2394.0,,71,84,-13
201401200CHA,RS,CHO,2420.0,,74,84,-10
201401200CHA,RS,CHO,2481.0,,74,87,-13
201401200CHA,RS,CHO,2501.0,,76,87,-11
201401200CHA,RS,CHO,2531.0,,76,89,-13
201401200CHA,RS,CHO,2567.0,,79,89,-10
201401200CHA,RS,CHO,2589.0,,82,89,-7
201401200CHA,RS,CHO,2629.0,,84,89,-5
201401200CHA,RS,CHO,2648.0,,84,90,-6
201401200CHA,RS,CHO,2648.0,,84,91,-7
201401200CHA,RS,CHO,2668.0,,86,91,-5
201401200CHA,RS,CHO,2727.0,,88,91,-3
201401200CHA,RS,CHO,2783.0,,88,93,-5
201401200CHA,RS,CHO,2799.0,,90,93,-3
201401200CHA,RS,CHO,2854.0,,92,93,-1
201401200CHA,RS,CHO,2856.0,,92,94,-2
201401200CHA,RS,CHO,2856.0,,92,95,-3
201401200CHA,RS,CHO,2865.0,,92,96,-4
201401200CHA,RS,CHO,2870.0,,92,97,-5
201401200CHA,RS,CHO,2870.0,,92,98,-6
201401200CHA,RS,CHO,2877.0,,95,98,-3
201401200CHA,RS,CHO,2878.0,,95,99,-4
201401200CHA,RS,CHO,2878.0,F,95,100,-5
201401200CHA,RS,CHO,2880.0,,95,100,-5
201401220TOR,RS,DAL,0.0,,0,0,0
201401220TOR,RS,DAL,35.0,,2,0,2
201401220TOR,RS,DAL,55.0,T,2,2,0
201401220TOR,RS,DAL,105.0,,3,2,1
201401220TOR,RS,DAL,122.0,LC,3,4,-1
201401220TOR,RS,DAL,147.0,LC,5,4,1
201401220TOR,RS,DAL,166.0,LC,5,6,-1
201401220TOR,RS,DAL,174.0,T,6,6,0
201401220TOR,RS,DAL,187.0,,6,8,-2
201401220TOR,RS,DAL,207.0,T,8,8,0
201401220TOR,RS,DAL,217.0,,8,11,-3
201401220TOR,RS,DAL,314.0,,8,13,-5
201401220TOR,RS,DAL,349.0,,8,14,-6
201401220TOR,RS,DAL,349.0,,8,15,-7
201401220TOR,RS,DAL,436.0,,8,18,-10
201401220TOR,RS,DAL,473.0,,8,21,-13
201401220TOR,RS,DAL,488.0,,10,21,-11
201401220TOR,RS,DAL,508.0,,10,23,-13
201401220TOR,RS,DAL,508.0,,10,24,-14
201401220TOR,RS,DAL,525.0,,12,24,-12
201401220TOR,RS,DAL,541.0,,12,26,-14
201401220TOR,RS,DAL,551.0,,13,26,-13
201401220TOR,RS,DAL,566.0,,13,28,-15
201401220TOR,RS,DAL,583.0,,13,30,-17
201401220TOR,RS,DAL,611.0,,13,32,-19
201401220TOR,RS,DAL,684.0,,13,34,-21
201401220TOR,RS,DAL,702.0,,14,34,-20
201401220TOR,RS,DAL,702.0,,15,34,-19
201401220TOR,RS,DAL,761.0,,18,34,-16
201401220TOR,RS,DAL,790.0,,20,34,-14
201401220TOR,RS,DAL,818.0,,20,36,-16
201401220TOR,RS,DAL,833.0,,21,36,-15
201401220TOR,RS,DAL,881.0,,23,36,-13
201401220TOR,RS,DAL,914.0,,25,36,-11
201401220TOR,RS,DAL,929.0,,25,37,-12
201401220TOR,RS,DAL,929.0,,25,38,-13
201401220TOR,RS,DAL,947.0,,27,38,-11
201401220TOR,RS,DAL,989.0,,29,38,-9
201401220TOR,RS,DAL,1022.0,,32,38,-6
201401220TOR,RS,DAL,1106.0,,32,40,-8
201401220TOR,RS,DAL,1158.0,,32,42,-10
201401220TOR,RS,DAL,1227.0,,32,45,-13
201401220TOR,RS,DAL,1240.0,,33,45,-12
201401220TOR,RS,DAL,1240.0,,34,45,-11
201401220TOR,RS,DAL,1265.0,,37,45,-8
201401220TOR,RS,DAL,1283.0,,39,45,-6
201401220TOR,RS,DAL,1293.0,,39,47,-8
201401220TOR,RS,DAL,1328.0,,42,47,-5
201401220TOR,RS,DAL,1360.0,,42,49,-7
201401220TOR,RS,DAL,1376.0,,43,49,-6
201401220TOR,RS,DAL,1376.0,,44,49,-5
201401220TOR,RS,DAL,1403.0,,46,49,-3
201401220TOR,RS,DAL,1419.0,,46,51,-5
201401220TOR,RS,DAL,1453.0,,48,51,-3
201401220TOR,RS,DAL,1548.0,,48,53,-5
201401220TOR,RS,DAL,1586.0,,48,55,-7
201401220TOR,RS,DAL,1612.0,,50,55,-5
201401220TOR,RS,DAL,1636.0,,50,58,-8
201401220TOR,RS,DAL,1656.0,,52,58,-6
201401220TOR,RS,DAL,1795.0,,52,61,-9
201401220TOR,RS,DAL,1813.0,,53,61,-8
201401220TOR,RS,DAL,1813.0,,54,61,-7
201401220TOR,RS,DAL,1831.0,,54,63,-9
201401220TOR,RS,DAL,1880.0,,55,63,-8
201401220TOR,RS,DAL,1920.0,,58,63,-5
201401220TOR,RS,DAL,1950.0,,58,64,-6
201401220TOR,RS,DAL,1950.0,,58,65,-7
201401220TOR,RS,DAL,1962.0,,60,65,-5
201401220TOR,RS,DAL,1962.0,,61,65,-4
201401220TOR,RS,DAL,1977.0,,61,67,-6
201401220TOR,RS,DAL,1989.0,,63,67,-4
201401220TOR,RS,DAL,2016.0,,63,69,-6
201401220TOR,RS,DAL,2060.0,,65,69,-4
201401220TOR,RS,DAL,2083.0,,65,71,-6
201401220TOR,RS,DAL,2100.0,,68,71,-3
201401220TOR,RS,DAL,2113.0,,68,73,-5
201401220TOR,RS,DAL,2175.0,,68,76,-8
201401220TOR,RS,DAL,2272.0,,69,76,-7
201401220TOR,RS,DAL,2295.0,,70,76,-6
201401220TOR,RS,DAL,2295.0,,71,76,-5
201401220TOR,RS,DAL,2328.0,,72,76,-4
201401220TOR,RS,DAL,2328.0,,73,76,-3
201401220TOR,RS,DAL,2342.0,,73,78,-5
201401220TOR,RS,DAL,2416.0,,75,78,-3
201401220TOR,RS,DAL,2435.0,,75,80,-5
201401220TOR,RS,DAL,2452.0,,77,80,-3
201401220TOR,RS,DAL,2524.0,,79,80,-1
201401220TOR,RS,DAL,2567.0,T,80,80,0
201401220TOR,RS,DAL,2580.0,,80,81,-1
201401220TOR,RS,DAL,2605.0,LC,82,81,1
201401220TOR,RS,DAL,2619.0,T,82,82,0
201401220TOR,RS,DAL,2662.0,,84,82,2
201401220TOR,RS,DAL,2662.0,,85,82,3
201401220TOR,RS,DAL,2676.0,,85,84,1
201401220TOR,RS,DAL,2700.0,,88,84,4
201401220TOR,RS,DAL,2719.0,,88,85,3
201401220TOR,RS,DAL,2747.0,,90,85,5
201401220TOR,RS,DAL,2772.0,,92,85,7
201401220TOR,RS,DAL,2836.0,F,93,85,8
201401220TOR,RS,DAL,2880.0,,93,85,8
201401240PHI,RS,PHI,0.0,,0,0,0
201401240PHI,RS,PHI,22.0,,2,0,2
201401240PHI,RS,PHI,48.0,,4,0,4
201401240PHI,RS,PHI,75.0,,6,0,6
201401240PHI,RS,PHI,82.0,,6,2,4
201401240PHI,RS,PHI,106.0,,8,2,6
201401240PHI,RS,PHI,152.0,,10,2,8
201401240PHI,RS,PHI,180.0,,13,2,11
201401240PHI,RS,PHI,228.0,,15,2,13
201401240PHI,RS,PHI,246.0,,15,5,10
201401240PHI,RS,PHI,272.0,,17,5,12
201401240PHI,RS,PHI,286.0,,17,6,11
201401240PHI,RS,PHI,296.0,,17,8,9
201401240PHI,RS,PHI,319.0,,17,10,7
201401240PHI,RS,PHI,340.0,,17,11,6
201401240PHI,RS,PHI,340.0,,17,12,5
201401240PHI,RS,PHI,379.0,,20,12,8
201401240PHI,RS,PHI,387.0,,20,14,6
201401240PHI,RS,PHI,404.0,,20,16,4
201401240PHI,RS,PHI,502.0,,20,18,2
201401240PHI,RS,PHI,520.0,T,20,20,0
201401240PHI,RS,PHI,526.0,LC,20,22,-2
201401240PHI,RS,PHI,603.0,LC,23,22,1
201401240PHI,RS,PHI,621.0,LC,23,24,-1
201401240PHI,RS,PHI,644.0,,23,26,-3
201401240PHI,RS,PHI,661.0,,25,26,-1
201401240PHI,RS,PHI,683.0,,25,27,-2
201401240PHI,RS,PHI,683.0,,25,28,-3
201401240PHI,RS,PHI,695.0,,27,28,-1
201401240PHI,RS,PHI,738.0,,27,30,-3
201401240PHI,RS,PHI,813.0,,27,32,-5
201401240PHI,RS,PHI,866.0,,27,34,-7
201401240PHI,RS,PHI,888.0,,29,34,-5
201401240PHI,RS,PHI,908.0,,31,34,-3
201401240PHI,RS,PHI,948.0,,31,36,-5
201401240PHI,RS,PHI,963.0,,32,36,-4
201401240PHI,RS,PHI,963.0,,33,36,-3
201401240PHI,RS,PHI,1027.0,,35,36,-1
201401240PHI,RS,PHI,1049.0,LC,38,36,2
201401240PHI,RS,PHI,1070.0,T,38,38,0
201401240PHI,RS,PHI,1093.0,,40,38,2
201401240PHI,RS,PHI,1116.0,T,40,40,0
201401240PHI,RS,PHI,1140.0,,42,40,2
201401240PHI,RS,PHI,1156.0,T,42,42,0
201401240PHI,RS,PHI,1187.0,LC,42,44,-2
201401240PHI,RS,PHI,1207.0,T,44,44,0
201401240PHI,RS,PHI,1207.0,LC,45,44,1
201401240PHI,RS,PHI,1220.0,LC,45,46,-1
201401240PHI,RS,PHI,1302.0,T,46,46,0
201401240PHI,RS,PHI,1312.0,,46,49,-3
201401240PHI,RS,PHI,1332.0,,47,49,-2
201401240PHI,RS,PHI,1345.0,,48,49,-1
201401240PHI,RS,PHI,1345.0,T,49,49,0
201401240PHI,RS,PHI,1380.0,,49,51,-2
201401240PHI,RS,PHI,1405.0,,49,52,-3
201401240PHI,RS,PHI,1405.0,,49,53,-4
201401240PHI,RS,PHI,1428.0,,52,53,-1
201401240PHI,RS,PHI,1454.0,,52,55,-3
201401240PHI,RS,PHI,1497.0,,53,55,-2
201401240PHI,RS,PHI,1497.0,,54,55,-1
201401240PHI,RS,PHI,1520.0,LC,57,55,2
201401240PHI,RS,PHI,1561.0,T,57,57,0
201401240PHI,RS,PHI,1586.0,,59,57,2
201401240PHI,RS,PHI,1631.0,T,59,59,0
201401240PHI,RS,PHI,1654.0,LC,59,61,-2
201401240PHI,RS,PHI,1671.0,T,61,61,0
201401240PHI,RS,PHI,1682.0,,61,63,-2
201401240PHI,RS,PHI,1698.0,T,63,63,0
201401240PHI,RS,PHI,1732.0,LC,66,63,3
201401240PHI,RS,PHI,1783.0,T,66,66,0
201401240PHI,RS,PHI,1808.0,,68,66,2
201401240PHI,RS,PHI,1825.0,T,68,68,0
201401240PHI,RS,PHI,1840.0,,70,68,2
201401240PHI,RS,PHI,1865.0,T,70,70,0
201401240PHI,RS,PHI,1878.0,,72,70,2
201401240PHI,RS,PHI,1954.0,,74,70,4
201401240PHI,RS,PHI,1964.0,,74,73,1
201401240PHI,RS,PHI,1984.0,,76,73,3
201401240PHI,RS,PHI,2025.0,,76,75,1
201401240PHI,RS,PHI,2025.0,T,76,76,0
201401240PHI,RS,PHI,2060.0,LC,76,77,-1
201401240PHI,RS,PHI,2092.0,LC,78,77,1
201401240PHI,RS,PHI,2159.0,,80,77,3
201401240PHI,RS,PHI,2159.0,,80,78,2
201401240PHI,RS,PHI,2180.0,,82,78,4
201401240PHI,RS,PHI,2237.0,,84,78,6
201401240PHI,RS,PHI,2266.0,,84,80,4
201401240PHI,RS,PHI,2289.0,,87,80,7
201401240PHI,RS,PHI,2316.0,,87,83,4
201401240PHI,RS,PHI,2367.0,,89,83,6
201401240PHI,RS,PHI,2394.0,,90,83,7
201401240PHI,RS,PHI,2445.0,,92,83,9
201401240PHI,RS,PHI,2478.0,,94,83,11
201401240PHI,RS,PHI,2593.0,,96,83,13
201401240PHI,RS,PHI,2609.0,,96,86,10
201401240PHI,RS,PHI,2706.0,,96,87,9
201401240PHI,RS,PHI,2725.0,,98,87,11
201401240PHI,RS,PHI,2750.0,,98,88,10
201401240PHI,RS,PHI,2750.0,,98,89,9
201401240PHI,RS,PHI,2814.0,,98,91,7
201401240PHI,RS,PHI,2832.0,,99,91,8
201401240PHI,RS,PHI,2840.0,,99,93,6
201401240PHI,RS,PHI,2855.0,,100,93,7
201401240PHI,RS,PHI,2859.0,,101,93,8
201401240PHI,RS,PHI,2859.0,,102,93,9
201401240PHI,RS,PHI,2865.0,,102,95,7
201401240PHI,RS,PHI,2868.0,,103,95,8
201401240PHI,RS,PHI,2868.0,F,104,95,9
201401240PHI,RS,PHI,2880.0,,104,95,9
201401250TOR,RS,LAC,0.0,,0,0,0
201401250TOR,RS,LAC,18.0,,0,2,-2
201401250TOR,RS,LAC,34.0,T,2,2,0
201401250TOR,RS,LAC,69.0,LC,5,2,3
201401250TOR,RS,LAC,84.0,,5,4,1
201401250TOR,RS,LAC,170.0,,8,4,4
201401250TOR,RS,LAC,197.0,,8,6,2
201401250TOR,RS,LAC,215.0,,11,6,5
201401250TOR,RS,LAC,236.0,,11,7,4
201401250TOR,RS,LAC,254.0,,12,7,5
201401250TOR,RS,LAC,254.0,,13,7,6
201401250TOR,RS,LAC,269.0,,15,7,8
201401250TOR,RS,LAC,303.0,,17,7,10
201401250TOR,RS,LAC,322.0,,17,10,7
201401250TOR,RS,LAC,352.0,,20,10,10
201401250TOR,RS,LAC,366.0,,20,12,8
201401250TOR,RS,LAC,377.0,,21,12,9
201401250TOR,RS,LAC,377.0,,22,12,10
201401250TOR,RS,LAC,398.0,,22,14,8
201401250TOR,RS,LAC,427.0,,24,14,10
201401250TOR,RS,LAC,435.0,,24,17,7
201401250TOR,RS,LAC,454.0,,26,17,9
201401250TOR,RS,LAC,470.0,,26,19,7
201401250TOR,RS,LAC,470.0,,26,20,6
201401250TOR,RS,LAC,496.0,,29,20,9
201401250TOR,RS,LAC,508.0,,29,22,7
201401250TOR,RS,LAC,534.0,,29,25,4
201401250TOR,RS,LAC,556.0,,32,25,7
201401250TOR,RS,LAC,568.0,,32,27,5
201401250TOR,RS,LAC,568.0,,32,28,4
201401250TOR,RS,LAC,611.0,,32,31,1
201401250TOR,RS,LAC,635.0,,34,31,3
201401250TOR,RS,LAC,672.0,,34,33,1
201401250TOR,RS,LAC,672.0,T,34,34,0
201401250TOR,RS,LAC,711.0,LC,34,36,-2
201401250TOR,RS,LAC,719.0,LC,37,36,1
201401250TOR,RS,LAC,758.0,LC,37,38,-1
201401250TOR,RS,LAC,788.0,,37,40,-3
201401250TOR,RS,LAC,788.0,,37,41,-4
201401250TOR,RS,LAC,803.0,,38,41,-3
201401250TOR,RS,LAC,803.0,,39,41,-2
201401250TOR,RS,LAC,840.0,,39,43,-4
201401250TOR,RS,LAC,858.0,,41,43,-2
201401250TOR,RS,LAC,858.0,,42,43,-1
201401250TOR,RS,LAC,875.0,,42,45,-3
201401250TOR,RS,LAC,947.0,,42,47,-5
201401250TOR,RS,LAC,967.0,,43,47,-4
201401250TOR,RS,LAC,967.0,,44,47,-3
201401250TOR,RS,LAC,977.0,,44,48,-4
201401250TOR,RS,LAC,977.0,,44,49,-5
201401250TOR,RS,LAC,1034.0,,44,52,-8
201401250TOR,RS,LAC,1050.0,,47,52,-5
201401250TOR,RS,LAC,1110.0,,49,52,-3
201401250TOR,RS,LAC,1125.0,,49,53,-4
201401250TOR,RS,LAC,1125.0,,49,54,-5
201401250TOR,RS,LAC,1141.0,,50,54,-4
201401250TOR,RS,LAC,1141.0,,51,54,-3
201401250TOR,RS,LAC,1163.0,,51,56,-5
201401250TOR,RS,LAC,1176.0,,51,58,-7
201401250TOR,RS,LAC,1193.0,,54,58,-4
201401250TOR,RS,LAC,1207.0,,54,59,-5
201401250TOR,RS,LAC,1217.0,,55,59,-4
201401250TOR,RS,LAC,1217.0,,56,59,-3
201401250TOR,RS,LAC,1236.0,,56,62,-6
201401250TOR,RS,LAC,1256.0,,57,62,-5
201401250TOR,RS,LAC,1256.0,,58,62,-4
201401250TOR,RS,LAC,1272.0,,58,65,-7
201401250TOR,RS,LAC,1272.0,,58,66,-8
201401250TOR,RS,LAC,1304.0,,58,67,-9
201401250TOR,RS,LAC,1304.0,,58,68,-10
201401250TOR,RS,LAC,1318.0,,61,68,-7
201401250TOR,RS,LAC,1346.0,,62,68,-6
201401250TOR,RS,LAC,1346.0,,63,68,-5
201401250TOR,RS,LAC,1360.0,,65,68,-3
201401250TOR,RS,LAC,1392.0,,65,69,-4
201401250TOR,RS,LAC,1392.0,,65,70,-5
201401250TOR,RS,LAC,1433.0,,65,71,-6
201401250TOR,RS,LAC,1476.0,,65,74,-9
201401250TOR,RS,LAC,1553.0,,65,77,-12
201401250TOR,RS,LAC,1567.0,,66,77,-11
201401250TOR,RS,LAC,1571.0,,68,77,-9
201401250TOR,RS,LAC,1670.0,,70,77,-7
201401250TOR,RS,LAC,1699.0,,71,77,-6
201401250TOR,RS,LAC,1751.0,,74,77,-3
201401250TOR,RS,LAC,1790.0,,76,77,-1
201401250TOR,RS,LAC,1805.0,LC,78,77,1
201401250TOR,RS,LAC,1823.0,T,78,78,0
201401250TOR,RS,LAC,1823.0,LC,78,79,-1
201401250TOR,RS,LAC,1846.0,LC,80,79,1
201401250TOR,RS,LAC,1862.0,LC,80,81,-1
201401250TOR,RS,LAC,1892.0,,80,83,-3
201401250TOR,RS,LAC,1913.0,,82,83,-1
201401250TOR,RS,LAC,1928.0,,82,84,-2
201401250TOR,RS,LAC,1928.0,,82,85,-3
201401250TOR,RS,LAC,1957.0,,82,87,-5
201401250TOR,RS,LAC,1973.0,,83,87,-4
201401250TOR,RS,LAC,1973.0,,84,87,-3
201401250TOR,RS,LAC,2019.0,,86,87,-1
201401250TOR,RS,LAC,2060.0,,86,89,-3
201401250TOR,RS,LAC,2079.0,,88,89,-1
201401250TOR,RS,LAC,2122.0,,88,91,-3
201401250TOR,RS,LAC,2129.0,,90,91,-1
201401250TOR,RS,LAC,2150.0,,90,93,-3
201401250TOR,RS,LAC,2160.0,T,93,93,0
201401250TOR,RS,LAC,2173.0,,93,95,-2
201401250TOR,RS,LAC,2225.0,,93,97,-4
201401250TOR,RS,LAC,2242.0,,94,97,-3
201401250TOR,RS,LAC,2242.0,,95,97,-2
201401250TOR,RS,LAC,2264.0,T,97,97,0
201401250TOR,RS,LAC,2276.0,,97,100,-3
201401250TOR,RS,LAC,2290.0,T,100,100,0
201401250TOR,RS,LAC,2305.0,,100,102,-2
201401250TOR,RS,LAC,2332.0,T,102,102,0
201401250TOR,RS,LAC,2390.0,LC,105,102,3
201401250TOR,RS,LAC,2402.0,,105,104,1
201401250TOR,RS,LAC,2434.0,LC,105,106,-1
201401250TOR,RS,LAC,2485.0,LC,107,106,1
201401250TOR,RS,LAC,2498.0,LC,107,109,-2
201401250TOR,RS,LAC,2539.0,,107,111,-4
201401250TOR,RS,LAC,2571.0,,107,113,-6
201401250TOR,RS,LAC,2588.0,,108,113,-5
201401250TOR,RS,LAC,2606.0,,108,115,-7
201401250TOR,RS,LAC,2645.0,,108,117,-9
201401250TOR,RS,LAC,2708.0,,110,117,-7
201401250TOR,RS,LAC,2722.0,,110,119,-9
201401250TOR,RS,LAC,2737.0,,111,119,-8
201401250TOR,RS,LAC,2737.0,,112,119,-7
201401250TOR,RS,LAC,2760.0,,112,121,-9
201401250TOR,RS,LAC,2770.0,,113,121,-8
201401250TOR,RS,LAC,2823.0,,113,124,-11
201401250TOR,RS,LAC,2831.0,,114,124,-10
201401250TOR,RS,LAC,2831.0,,115,124,-9
201401250TOR,RS,LAC,2838.0,,115,125,-10
201401250TOR,RS,LAC,2838.0,,115,126,-11
201401250TOR,RS,LAC,2847.0,,116,126,-10
201401250TOR,RS,LAC,2847.0,,117,126,-9
201401250TOR,RS,LAC,2876.0,F,118,126,-8
201401250TOR,RS,LAC,2880.0,,118,126,-8
201401270BRK,RS,BRK,0.0,,0,0,0
201401270BRK,RS,BRK,31.0,,3,0,3
201401270BRK,RS,BRK,67.0,,6,0,6
201401270BRK,RS,BRK,87.0,,6,3,3
201401270BRK,RS,BRK,177.0,,8,3,5
201401270BRK,RS,BRK,199.0,,8,4,4
201401270BRK,RS,BRK,199.0,,8,5,3
201401270BRK,RS,BRK,229.0,,8,6,2
201401270BRK,RS,BRK,229.0,,8,7,1
201401270BRK,RS,BRK,262.0,,10,7,3
201401270BRK,RS,BRK,287.0,,12,7,5
201401270BRK,RS,BRK,304.0,,12,8,4
201401270BRK,RS,BRK,304.0,,12,9,3
201401270BRK,RS,BRK,318.0,,14,9,5
201401270BRK,RS,BRK,330.0,,14,11,3
201401270BRK,RS,BRK,339.0,,16,11,5
201401270BRK,RS,BRK,362.0,,18,11,7
201401270BRK,RS,BRK,401.0,,18,13,5
201401270BRK,RS,BRK,411.0,,21,13,8
201401270BRK,RS,BRK,428.0,,23,13,10
201401270BRK,RS,BRK,455.0,,23,15,8
201401270BRK,RS,BRK,477.0,,23,18,5
201401270BRK,RS,BRK,504.0,,25,18,7
201401270BRK,RS,BRK,516.0,,25,20,5
201401270BRK,RS,BRK,590.0,,25,22,3
201401270BRK,RS,BRK,622.0,,25,24,1
201401270BRK,RS,BRK,655.0,LC,25,26,-1
201401270BRK,RS,BRK,757.0,LC,28,26,2
201401270BRK,RS,BRK,771.0,T,28,28,0
201401270BRK,RS,BRK,789.0,,31,28,3
201401270BRK,RS,BRK,802.0,,31,30,1
201401270BRK,RS,BRK,880.0,LC,31,32,-1
201401270BRK,RS,BRK,896.0,,31,34,-3
201401270BRK,RS,BRK,917.0,,32,34,-2
201401270BRK,RS,BRK,917.0,,33,34,-1
201401270BRK,RS,BRK,979.0,LC,35,34,1
201401270BRK,RS,BRK,1007.0,,37,34,3
201401270BRK,RS,BRK,1030.0,,37,36,1
201401270BRK,RS,BRK,1047.0,,39,36,3
201401270BRK,RS,BRK,1065.0,,39,38,1
201401270BRK,RS,BRK,1094.0,LC,39,41,-2
201401270BRK,RS,BRK,1152.0,T,41,41,0
201401270BRK,RS,BRK,1170.0,,41,43,-2
201401270BRK,RS,BRK,1170.0,,41,44,-3
201401270BRK,RS,BRK,1192.0,T,44,44,0
201401270BRK,RS,BRK,1208.0,,44,46,-2
201401270BRK,RS,BRK,1248.0,LC,47,46,1
201401270BRK,RS,BRK,1265.0,LC,47,48,-1
201401270BRK,RS,BRK,1283.0,LC,49,48,1
201401270BRK,RS,BRK,1364.0,,52,48,4
201401270BRK,RS,BRK,1386.0,,52,51,1
201401270BRK,RS,BRK,1395.0,,53,51,2
201401270BRK,RS,BRK,1395.0,,54,51,3
201401270BRK,RS,BRK,1410.0,,54,53,1
201401270BRK,RS,BRK,1439.0,LC,54,56,-2
201401270BRK,RS,BRK,1440.0,LC,57,56,1
201401270BRK,RS,BRK,1500.0,LC,57,59,-2
201401270BRK,RS,BRK,1533.0,,58,59,-1
201401270BRK,RS,BRK,1533.0,T,59,59,0
201401270BRK,RS,BRK,1560.0,LC,61,59,2
201401270BRK,RS,BRK,1560.0,,62,59,3
201401270BRK,RS,BRK,1560.0,,63,59,4
201401270BRK,RS,BRK,1575.0,,63,61,2
201401270BRK,RS,BRK,1585.0,,65,61,4
201401270BRK,RS,BRK,1598.0,,65,62,3
201401270BRK,RS,BRK,1615.0,,66,62,4
201401270BRK,RS,BRK,1637.0,,67,62,5
201401270BRK,RS,BRK,1650.0,,69,62,7
201401270BRK,RS,BRK,1684.0,,69,65,4
201401270BRK,RS,BRK,1721.0,,69,66,3
201401270BRK,RS,BRK,1730.0,T,69,69,0
201401270BRK,RS,BRK,1753.0,LC,69,71,-2
201401270BRK,RS,BRK,1768.0,,70,71,-1
201401270BRK,RS,BRK,1768.0,T,71,71,0
201401270BRK,RS,BRK,1839.0,,71,73,-2
201401270BRK,RS,BRK,1852.0,T,73,73,0
201401270BRK,RS,BRK,1896.0,LC,75,73,2
201401270BRK,RS,BRK,1925.0,,76,73,3
201401270BRK,RS,BRK,1925.0,,77,73,4
201401270BRK,RS,BRK,1940.0,,77,74,3
201401270BRK,RS,BRK,1940.0,,77,75,2
201401270BRK,RS,BRK,1958.0,,78,75,3
201401270BRK,RS,BRK,2011.0,,78,77,1
201401270BRK,RS,BRK,2055.0,T,78,78,0
201401270BRK,RS,BRK,2055.0,LC,78,79,-1
201401270BRK,RS,BRK,2098.0,,78,80,-2
201401270BRK,RS,BRK,2098.0,,78,81,-3
201401270BRK,RS,BRK,2112.0,,80,81,-1
201401270BRK,RS,BRK,2146.0,LC,82,81,1
201401270BRK,RS,BRK,2175.0,,84,81,3
201401270BRK,RS,BRK,2214.0,,84,83,1
201401270BRK,RS,BRK,2235.0,,85,83,2
201401270BRK,RS,BRK,2235.0,,86,83,3
201401270BRK,RS,BRK,2255.0,,86,85,1
201401270BRK,RS,BRK,2309.0,,88,85,3
201401270BRK,RS,BRK,2347.0,,90,85,5
201401270BRK,RS,BRK,2347.0,,91,85,6
201401270BRK,RS,BRK,2371.0,,92,85,7
201401270BRK,RS,BRK,2397.0,,93,85,8
201401270BRK,RS,BRK,2397.0,,94,85,9
201401270BRK,RS,BRK,2448.0,,94,87,7
201401270BRK,RS,BRK,2513.0,,94,89,5
201401270BRK,RS,BRK,2603.0,,94,92,2
201401270BRK,RS,BRK,2652.0,T,94,94,0
201401270BRK,RS,BRK,2674.0,,96,94,2
201401270BRK,RS,BRK,2691.0,LC,96,97,-1
201401270BRK,RS,BRK,2728.0,,96,100,-4
201401270BRK,RS,BRK,2747.0,,98,100,-2
201401270BRK,RS,BRK,2764.0,,98,101,-3
201401270BRK,RS,BRK,2805.0,,100,101,-1
201401270BRK,RS,BRK,2863.0,,100,102,-2
201401270BRK,RS,BRK,2863.0,,100,103,-3
201401270BRK,RS,BRK,2868.0,,102,103,-1
201401270BRK,RS,BRK,2874.0,F,104,103,1
201401270BRK,RS,BRK,2880.0,,104,103,1
201401290TOR,RS,ORL,0.0,,0,0,0
201401290TOR,RS,ORL,58.0,,3,0,3
201401290TOR,RS,ORL,81.0,,3,2,1
201401290TOR,RS,ORL,96.0,,5,2,3
201401290TOR,RS,ORL,114.0,T,5,5,0
201401290TOR,RS,ORL,125.0,,8,5,3
201401290TOR,RS,ORL,166.0,,10,5,5
201401290TOR,RS,ORL,228.0,,13,5,8
201401290TOR,RS,ORL,281.0,,13,7,6
201401290TOR,RS,ORL,316.0,,13,9,4
201401290TOR,RS,ORL,337.0,,16,9,7
201401290TOR,RS,ORL,363.0,,19,9,10
201401290TOR,RS,ORL,377.0,,19,10,9
201401290TOR,RS,ORL,377.0,,19,11,8
201401290TOR,RS,ORL,394.0,,21,11,10
201401290TOR,RS,ORL,401.0,,21,13,8
201401290TOR,RS,ORL,418.0,,22,13,9
201401290TOR,RS,ORL,443.0,,25,13,12
201401290TOR,RS,ORL,463.0,,25,15,10
201401290TOR,RS,ORL,486.0,,25,17,8
201401290TOR,RS,ORL,566.0,,27,17,10
201401290TOR,RS,ORL,598.0,,30,17,13
201401290TOR,RS,ORL,618.0,,30,19,11
201401290TOR,RS,ORL,680.0,,33,19,14
201401290TOR,RS,ORL,694.0,,33,20,13
201401290TOR,RS,ORL,830.0,,33,22,11
201401290TOR,RS,ORL,830.0,,33,23,10
201401290TOR,RS,ORL,849.0,,36,23,13
201401290TOR,RS,ORL,899.0,,36,26,10
201401290TOR,RS,ORL,923.0,,38,26,12
201401290TOR,RS,ORL,954.0,,38,29,9
201401290TOR,RS,ORL,971.0,,41,29,12
201401290TOR,RS,ORL,1043.0,,44,29,15
201401290TOR,RS,ORL,1078.0,,44,30,14
201401290TOR,RS,ORL,1118.0,,44,32,12
201401290TOR,RS,ORL,1133.0,,46,32,14
201401290TOR,RS,ORL,1187.0,,46,34,12
201401290TOR,RS,ORL,1210.0,,47,34,13
201401290TOR,RS,ORL,1257.0,,47,36,11
201401290TOR,RS,ORL,1275.0,,49,36,13
201401290TOR,RS,ORL,1304.0,,51,36,15
201401290TOR,RS,ORL,1343.0,,53,36,17
201401290TOR,RS,ORL,1368.0,,53,38,15
201401290TOR,RS,ORL,1382.0,,55,38,17
201401290TOR,RS,ORL,1433.0,,55,39,16
201401290TOR,RS,ORL,1433.0,,55,40,15
201401290TOR,RS,ORL,1487.0,,55,41,14
201401290TOR,RS,ORL,1528.0,,57,41,16
201401290TOR,RS,ORL,1543.0,,57,43,14
201401290TOR,RS,ORL,1583.0,,57,44,13
201401290TOR,RS,ORL,1583.0,,57,45,12
201401290TOR,RS,ORL,1596.0,,59,45,14
201401290TOR,RS,ORL,1610.0,,59,47,12
201401290TOR,RS,ORL,1628.0,,61,47,14
201401290TOR,RS,ORL,1641.0,,61,50,11
201401290TOR,RS,ORL,1720.0,,61,53,8
201401290TOR,RS,ORL,1741.0,,62,53,9
201401290TOR,RS,ORL,1741.0,,63,53,10
201401290TOR,RS,ORL,1772.0,,66,53,13
201401290TOR,RS,ORL,1822.0,,66,54,12
201401290TOR,RS,ORL,1822.0,,66,55,11
201401290TOR,RS,ORL,1872.0,,68,55,13
201401290TOR,RS,ORL,1901.0,,70,55,15
201401290TOR,RS,ORL,1919.0,,70,57,13
201401290TOR,RS,ORL,1934.0,,72,57,15
201401290TOR,RS,ORL,1947.0,,72,58,14
201401290TOR,RS,ORL,1947.0,,72,59,13
201401290TOR,RS,ORL,1963.0,,73,59,14
201401290TOR,RS,ORL,1963.0,,74,59,15
201401290TOR,RS,ORL,2007.0,,76,59,17
201401290TOR,RS,ORL,2048.0,,78,59,19
201401290TOR,RS,ORL,2068.0,,78,61,17
201401290TOR,RS,ORL,2089.0,,79,61,18
201401290TOR,RS,ORL,2089.0,,80,61,19
201401290TOR,RS,ORL,2130.0,,80,62,18
201401290TOR,RS,ORL,2130.0,,80,63,17
201401290TOR,RS,ORL,2154.0,,80,65,15
201401290TOR,RS,ORL,2226.0,,80,67,13
201401290TOR,RS,ORL,2271.0,,80,69,11
201401290TOR,RS,ORL,2289.0,,81,69,12
201401290TOR,RS,ORL,2289.0,,82,69,13
201401290TOR,RS,ORL,2307.0,,82,71,11
201401290TOR,RS,ORL,2380.0,,85,71,14
201401290TOR,RS,ORL,2415.0,,87,71,16
201401290TOR,RS,ORL,2429.0,,87,72,15
201401290TOR,RS,ORL,2429.0,,87,73,14
201401290TOR,RS,ORL,2468.0,,90,73,17
201401290TOR,RS,ORL,2506.0,,90,74,16
201401290TOR,RS,ORL,2506.0,,90,75,15
201401290TOR,RS,ORL,2526.0,,92,75,17
201401290TOR,RS,ORL,2571.0,,92,77,15
201401290TOR,RS,ORL,2622.0,,94,77,17
201401290TOR,RS,ORL,2636.0,,94,80,14
201401290TOR,RS,ORL,2654.0,,96,80,16
201401290TOR,RS,ORL,2726.0,,98,80,18
201401290TOR,RS,ORL,2742.0,,98,81,17
201401290TOR,RS,ORL,2814.0,F,98,83,15
201401290TOR,RS,ORL,2880.0,,98,83,15
201401310DEN,RS,DEN,0.0,,0,0,0
201401310DEN,RS,DEN,51.0,,2,0,2
201401310DEN,RS,DEN,127.0,T,2,2,0
201401310DEN,RS,DEN,144.0,,4,2,2
201401310DEN,RS,DEN,157.0,T,4,4,0
201401310DEN,RS,DEN,185.0,LC,4,6,-2
201401310DEN,RS,DEN,201.0,T,6,6,0
201401310DEN,RS,DEN,223.0,,6,9,-3
201401310DEN,RS,DEN,232.0,,7,9,-2
201401310DEN,RS,DEN,253.0,T,9,9,0
201401310DEN,RS,DEN,355.0,LC,11,9,2
201401310DEN,RS,DEN,376.0,LC,11,12,-1
201401310DEN,RS,DEN,421.0,LC,14,12,2
201401310DEN,RS,DEN,438.0,T,14,14,0
201401310DEN,RS,DEN,459.0,,16,14,2
201401310DEN,RS,DEN,481.0,,18,14,4
201401310DEN,RS,DEN,531.0,,20,14,6
201401310DEN,RS,DEN,531.0,,21,14,7
201401310DEN,RS,DEN,544.0,,21,16,5
201401310DEN,RS,DEN,560.0,,24,16,8
201401310DEN,RS,DEN,578.0,,24,17,7
201401310DEN,RS,DEN,578.0,,24,18,6
201401310DEN,RS,DEN,591.0,,26,18,8
201401310DEN,RS,DEN,604.0,,26,20,6
201401310DEN,RS,DEN,634.0,,26,22,4
201401310DEN,RS,DEN,664.0,,26,25,1
201401310DEN,RS,DEN,720.0,,29,25,4
201401310DEN,RS,DEN,743.0,,32,25,7
201401310DEN,RS,DEN,771.0,,32,26,6
201401310DEN,RS,DEN,771.0,,32,27,5
201401310DEN,RS,DEN,807.0,,33,27,6
201401310DEN,RS,DEN,807.0,,34,27,7
201401310DEN,RS,DEN,828.0,,34,29,5
201401310DEN,RS,DEN,842.0,,36,29,7
201401310DEN,RS,DEN,870.0,,37,29,8
201401310DEN,RS,DEN,870.0,,38,29,9
201401310DEN,RS,DEN,913.0,,41,29,12
201401310DEN,RS,DEN,928.0,,41,31,10
201401310DEN,RS,DEN,963.0,,41,33,8
201401310DEN,RS,DEN,985.0,,43,33,10
201401310DEN,RS,DEN,985.0,,44,33,11
201401310DEN,RS,DEN,1009.0,,44,36,8
201401310DEN,RS,DEN,1042.0,,44,38,6
201401310DEN,RS,DEN,1068.0,,45,38,7
201401310DEN,RS,DEN,1068.0,,46,38,8
201401310DEN,RS,DEN,1081.0,,46,40,6
201401310DEN,RS,DEN,1097.0,,48,40,8
201401310DEN,RS,DEN,1110.0,,48,42,6
201401310DEN,RS,DEN,1122.0,,50,42,8
201401310DEN,RS,DEN,1139.0,,50,44,6
201401310DEN,RS,DEN,1162.0,,52,44,8
201401310DEN,RS,DEN,1197.0,,52,46,6
201401310DEN,RS,DEN,1243.0,,52,48,4
201401310DEN,RS,DEN,1258.0,,53,48,5
201401310DEN,RS,DEN,1258.0,,54,48,6
201401310DEN,RS,DEN,1289.0,,54,50,4
201401310DEN,RS,DEN,1338.0,,56,50,6
201401310DEN,RS,DEN,1399.0,,58,50,8
201401310DEN,RS,DEN,1401.0,,58,52,6
201401310DEN,RS,DEN,1401.0,,58,53,5
201401310DEN,RS,DEN,1434.0,,60,53,7
201401310DEN,RS,DEN,1557.0,,61,53,8
201401310DEN,RS,DEN,1557.0,,62,53,9
201401310DEN,RS,DEN,1571.0,,62,55,7
201401310DEN,RS,DEN,1604.0,,62,57,5
201401310DEN,RS,DEN,1634.0,,62,60,2
201401310DEN,RS,DEN,1654.0,,65,60,5
201401310DEN,RS,DEN,1715.0,,67,60,7
201401310DEN,RS,DEN,1726.0,,67,61,6
201401310DEN,RS,DEN,1741.0,,68,61,7
201401310DEN,RS,DEN,1741.0,,69,61,8
201401310DEN,RS,DEN,1752.0,,69,63,6
201401310DEN,RS,DEN,1761.0,,71,63,8
201401310DEN,RS,DEN,1807.0,,72,63,9
201401310DEN,RS,DEN,1807.0,,73,63,10
201401310DEN,RS,DEN,1849.0,,73,65,8
201401310DEN,RS,DEN,1849.0,,73,66,7
201401310DEN,RS,DEN,1867.0,,75,66,9
201401310DEN,RS,DEN,1888.0,,77,66,11
201401310DEN,RS,DEN,1909.0,,79,66,13
201401310DEN,RS,DEN,1925.0,,79,68,11
201401310DEN,RS,DEN,1959.0,,81,68,13
201401310DEN,RS,DEN,1994.0,,84,68,16
201401310DEN,RS,DEN,2091.0,,84,70,14
201401310DEN,RS,DEN,2107.0,,86,70,16
201401310DEN,RS,DEN,2182.0,,88,70,18
201401310DEN,RS,DEN,2210.0,,90,70,20
201401310DEN,RS,DEN,2274.0,,90,72,18
201401310DEN,RS,DEN,2300.0,,92,72,20
201401310DEN,RS,DEN,2335.0,,94,72,22
201401310DEN,RS,DEN,2353.0,,97,72,25
201401310DEN,RS,DEN,2369.0,,97,75,22
201401310DEN,RS,DEN,2416.0,,99,75,24
201401310DEN,RS,DEN,2427.0,,99,77,22
201401310DEN,RS,DEN,2480.0,,99,78,21
201401310DEN,RS,DEN,2480.0,,99,79,20
201401310DEN,RS,DEN,2555.0,,99,82,17
201401310DEN,RS,DEN,2634.0,,99,84,15
201401310DEN,RS,DEN,2668.0,,99,86,13
201401310DEN,RS,DEN,2780.0,,100,86,14
201401310DEN,RS,DEN,2842.0,,100,89,11
201401310DEN,RS,DEN,2866.0,F,100,90,10
201401310DEN,RS,DEN,2880.0,,100,90,10
201402010POR,RS,POR,0.0,,0,0,0
201402010POR,RS,POR,16.0,,0,2,-2
201402010POR,RS,POR,40.0,,0,3,-3
201402010POR,RS,POR,40.0,,0,4,-4
201402010POR,RS,POR,88.0,,0,7,-7
201402010POR,RS,POR,148.0,,2,7,-5
201402010POR,RS,POR,167.0,,2,9,-7
201402010POR,RS,POR,187.0,,4,9,-5
201402010POR,RS,POR,207.0,,4,11,-7
201402010POR,RS,POR,220.0,,6,11,-5
201402010POR,RS,POR,259.0,,6,13,-7
201402010POR,RS,POR,362.0,,6,14,-8
201402010POR,RS,POR,362.0,,6,15,-9
201402010POR,RS,POR,377.0,,7,15,-8
201402010POR,RS,POR,386.0,,7,16,-9
201402010POR,RS,POR,386.0,,7,17,-10
201402010POR,RS,POR,419.0,,9,17,-8
201402010POR,RS,POR,419.0,,10,17,-7
201402010POR,RS,POR,459.0,,12,17,-5
201402010POR,RS,POR,484.0,,12,19,-7
201402010POR,RS,POR,502.0,,12,21,-9
201402010POR,RS,POR,524.0,,12,23,-11
201402010POR,RS,POR,564.0,,14,23,-9
201402010POR,RS,POR,573.0,,14,24,-10
201402010POR,RS,POR,573.0,,14,25,-11
201402010POR,RS,POR,585.0,,16,25,-9
201402010POR,RS,POR,622.0,,16,26,-10
201402010POR,RS,POR,622.0,,16,27,-11
201402010POR,RS,POR,641.0,,17,27,-10
201402010POR,RS,POR,682.0,,17,30,-13
201402010POR,RS,POR,686.0,,18,30,-12
201402010POR,RS,POR,686.0,,19,30,-11
201402010POR,RS,POR,692.0,,19,31,-12
201402010POR,RS,POR,786.0,,19,33,-14
201402010POR,RS,POR,826.0,,19,35,-16
201402010POR,RS,POR,833.0,,20,35,-15
201402010POR,RS,POR,866.0,,22,35,-13
201402010POR,RS,POR,889.0,,24,35,-11
201402010POR,RS,POR,921.0,,24,37,-13
201402010POR,RS,POR,978.0,,24,39,-15
201402010POR,RS,POR,1003.0,,24,41,-17
201402010POR,RS,POR,1017.0,,26,41,-15
201402010POR,RS,POR,1040.0,,28,41,-13
201402010POR,RS,POR,1040.0,,29,41,-12
201402010POR,RS,POR,1122.0,,29,43,-14
201402010POR,RS,POR,1138.0,,31,43,-12
201402010POR,RS,POR,1168.0,,33,43,-10
201402010POR,RS,POR,1171.0,,34,43,-9
201402010POR,RS,POR,1179.0,,34,45,-11
201402010POR,RS,POR,1198.0,,36,45,-9
201402010POR,RS,POR,1209.0,,36,47,-11
201402010POR,RS,POR,1233.0,,36,48,-12
201402010POR,RS,POR,1250.0,,36,50,-14
201402010POR,RS,POR,1341.0,,36,51,-15
201402010POR,RS,POR,1355.0,,37,51,-14
201402010POR,RS,POR,1355.0,,38,51,-13
201402010POR,RS,POR,1374.0,,38,53,-15
201402010POR,RS,POR,1389.0,,38,54,-16
201402010POR,RS,POR,1389.0,,38,55,-17
201402010POR,RS,POR,1421.0,,38,57,-19
201402010POR,RS,POR,1437.0,,39,57,-18
201402010POR,RS,POR,1437.0,,40,57,-17
201402010POR,RS,POR,1482.0,,42,57,-15
201402010POR,RS,POR,1501.0,,42,59,-17
201402010POR,RS,POR,1514.0,,44,59,-15
201402010POR,RS,POR,1527.0,,44,61,-17
201402010POR,RS,POR,1551.0,,46,61,-15
201402010POR,RS,POR,1610.0,,48,61,-13
201402010POR,RS,POR,1634.0,,48,63,-15
201402010POR,RS,POR,1667.0,,48,66,-18
201402010POR,RS,POR,1684.0,,50,66,-16
201402010POR,RS,POR,1693.0,,50,67,-17
201402010POR,RS,POR,1714.0,,50,68,-18
201402010POR,RS,POR,1714.0,,50,69,-19
201402010POR,RS,POR,1734.0,,53,69,-16
201402010POR,RS,POR,1749.0,,53,70,-17
201402010POR,RS,POR,1777.0,,55,70,-15
201402010POR,RS,POR,1806.0,,58,70,-12
201402010POR,RS,POR,1883.0,,58,71,-13
201402010POR,RS,POR,1899.0,,60,71,-11
201402010POR,RS,POR,1909.0,,60,72,-12
201402010POR,RS,POR,1909.0,,60,73,-13
201402010POR,RS,POR,1919.0,,62,73,-11
201402010POR,RS,POR,1919.0,,63,73,-10
201402010POR,RS,POR,2012.0,,65,73,-8
201402010POR,RS,POR,2049.0,,67,73,-6
201402010POR,RS,POR,2064.0,,67,74,-7
201402010POR,RS,POR,2064.0,,67,75,-8
201402010POR,RS,POR,2073.0,,69,75,-6
201402010POR,RS,POR,2073.0,,70,75,-5
201402010POR,RS,POR,2088.0,,70,76,-6
201402010POR,RS,POR,2088.0,,70,77,-7
201402010POR,RS,POR,2102.0,,72,77,-5
201402010POR,RS,POR,2126.0,,72,80,-8
201402010POR,RS,POR,2137.0,,74,80,-6
201402010POR,RS,POR,2158.0,,74,83,-9
201402010POR,RS,POR,2173.0,,74,86,-12
201402010POR,RS,POR,2207.0,,74,88,-14
201402010POR,RS,POR,2230.0,,76,88,-12
201402010POR,RS,POR,2258.0,,77,88,-11
201402010POR,RS,POR,2271.0,,77,90,-13
201402010POR,RS,POR,2318.0,,77,93,-16
201402010POR,RS,POR,2359.0,,79,93,-14
201402010POR,RS,POR,2377.0,,79,95,-16
201402010POR,RS,POR,2396.0,,82,95,-13
201402010POR,RS,POR,2418.0,,82,98,-16
201402010POR,RS,POR,2441.0,,84,98,-14
201402010POR,RS,POR,2487.0,,87,98,-11
201402010POR,RS,POR,2512.0,,87,100,-13
201402010POR,RS,POR,2531.0,,89,100,-11
201402010POR,RS,POR,2562.0,,92,100,-8
201402010POR,RS,POR,2579.0,,92,102,-10
201402010POR,RS,POR,2618.0,,94,102,-8
201402010POR,RS,POR,2646.0,,96,102,-6
201402010POR,RS,POR,2682.0,,98,102,-4
201402010POR,RS,POR,2707.0,,101,102,-1
201402010POR,RS,POR,2855.0,T,102,102,0
201402010POR,RS,POR,2855.0,LC,103,102,1
201402010POR,RS,POR,2868.0,LC,103,104,-1
201402010POR,RS,POR,2880.0,,103,106,-3
201402010POR,RS,POR,2880.0,,103,105,-2
201402010POR,RS,POR,2880.0,F,103,106,-3
201402030UTA,RS,UTA,0.0,,0,0,0
201402030UTA,RS,UTA,20.0,,2,0,2
201402030UTA,RS,UTA,97.0,,4,0,4
201402030UTA,RS,UTA,122.0,,4,2,2
201402030UTA,RS,UTA,139.0,,6,2,4
201402030UTA,RS,UTA,168.0,,8,2,6
201402030UTA,RS,UTA,188.0,,8,3,5
201402030UTA,RS,UTA,188.0,,8,4,4
201402030UTA,RS,UTA,216.0,,10,4,6
201402030UTA,RS,UTA,233.0,,10,6,4
201402030UTA,RS,UTA,274.0,,10,8,2
201402030UTA,RS,UTA,302.0,,12,8,4
201402030UTA,RS,UTA,364.0,,15,8,7
201402030UTA,RS,UTA,393.0,,17,8,9
201402030UTA,RS,UTA,412.0,,17,11,6
201402030UTA,RS,UTA,456.0,,17,13,4
201402030UTA,RS,UTA,479.0,,17,15,2
201402030UTA,RS,UTA,493.0,,20,15,5
201402030UTA,RS,UTA,510.0,,20,17,3
201402030UTA,RS,UTA,526.0,,22,17,5
201402030UTA,RS,UTA,557.0,,22,19,3
201402030UTA,RS,UTA,601.0,,22,21,1
201402030UTA,RS,UTA,628.0,LC,22,23,-1
201402030UTA,RS,UTA,645.0,,22,24,-2
201402030UTA,RS,UTA,645.0,,22,25,-3
201402030UTA,RS,UTA,687.0,,24,25,-1
201402030UTA,RS,UTA,705.0,,24,27,-3
201402030UTA,RS,UTA,752.0,,26,27,-1
201402030UTA,RS,UTA,799.0,LC,29,27,2
201402030UTA,RS,UTA,824.0,T,29,29,0
201402030UTA,RS,UTA,876.0,,31,29,2
201402030UTA,RS,UTA,904.0,T,31,31,0
201402030UTA,RS,UTA,915.0,,33,31,2
201402030UTA,RS,UTA,915.0,,34,31,3
201402030UTA,RS,UTA,956.0,,36,31,5
201402030UTA,RS,UTA,984.0,,38,31,7
201402030UTA,RS,UTA,1009.0,,38,33,5
201402030UTA,RS,UTA,1059.0,,38,35,3
201402030UTA,RS,UTA,1070.0,,40,35,5
201402030UTA,RS,UTA,1099.0,,42,35,7
201402030UTA,RS,UTA,1175.0,,45,35,10
201402030UTA,RS,UTA,1198.0,,45,37,8
201402030UTA,RS,UTA,1263.0,,46,37,9
201402030UTA,RS,UTA,1263.0,,47,37,10
201402030UTA,RS,UTA,1282.0,,47,39,8
201402030UTA,RS,UTA,1282.0,,47,40,7
201402030UTA,RS,UTA,1321.0,,48,40,8
201402030UTA,RS,UTA,1321.0,,49,40,9
201402030UTA,RS,UTA,1341.0,,49,42,7
201402030UTA,RS,UTA,1352.0,,51,42,9
201402030UTA,RS,UTA,1399.0,,52,42,10
201402030UTA,RS,UTA,1399.0,,53,42,11
201402030UTA,RS,UTA,1406.0,,53,44,9
201402030UTA,RS,UTA,1410.0,,55,44,11
201402030UTA,RS,UTA,1498.0,,57,44,13
201402030UTA,RS,UTA,1521.0,,57,46,11
201402030UTA,RS,UTA,1580.0,,59,46,13
201402030UTA,RS,UTA,1606.0,,59,48,11
201402030UTA,RS,UTA,1631.0,,59,50,9
201402030UTA,RS,UTA,1660.0,,61,50,11
201402030UTA,RS,UTA,1683.0,,62,50,12
201402030UTA,RS,UTA,1714.0,,62,52,10
201402030UTA,RS,UTA,1808.0,,64,52,12
201402030UTA,RS,UTA,1853.0,,64,54,10
201402030UTA,RS,UTA,1853.0,,64,55,9
201402030UTA,RS,UTA,1941.0,,66,55,11
201402030UTA,RS,UTA,1959.0,,66,57,9
201402030UTA,RS,UTA,2011.0,,66,58,8
201402030UTA,RS,UTA,2011.0,,66,59,7
201402030UTA,RS,UTA,2030.0,,68,59,9
201402030UTA,RS,UTA,2100.0,,71,59,12
201402030UTA,RS,UTA,2113.0,,71,62,9
201402030UTA,RS,UTA,2176.0,,73,62,11
201402030UTA,RS,UTA,2206.0,,73,65,8
201402030UTA,RS,UTA,2265.0,,73,67,6
201402030UTA,RS,UTA,2302.0,,73,69,4
201402030UTA,RS,UTA,2302.0,,73,70,3
201402030UTA,RS,UTA,2325.0,,74,70,4
201402030UTA,RS,UTA,2325.0,,75,70,5
201402030UTA,RS,UTA,2358.0,,77,70,7
201402030UTA,RS,UTA,2459.0,,77,71,6
201402030UTA,RS,UTA,2459.0,,77,72,5
201402030UTA,RS,UTA,2501.0,,79,72,7
201402030UTA,RS,UTA,2577.0,,79,74,5
201402030UTA,RS,UTA,2603.0,,81,74,7
201402030UTA,RS,UTA,2626.0,,81,76,5
201402030UTA,RS,UTA,2642.0,,83,76,7
201402030UTA,RS,UTA,2696.0,,86,76,10
201402030UTA,RS,UTA,2719.0,,86,78,8
201402030UTA,RS,UTA,2735.0,,87,78,9
201402030UTA,RS,UTA,2735.0,,88,78,10
201402030UTA,RS,UTA,2800.0,,90,78,12
201402030UTA,RS,UTA,2825.0,,91,78,13
201402030UTA,RS,UTA,2825.0,,92,78,14
201402030UTA,RS,UTA,2833.0,,92,79,13
201402030UTA,RS,UTA,2852.0,F,94,79,15
201402030UTA,RS,UTA,2880.0,,94,79,15
201402050SAC,RS,SAC,0.0,,0,0,0
201402050SAC,RS,SAC,20.0,,0,2,-2
201402050SAC,RS,SAC,84.0,T,2,2,0
201402050SAC,RS,SAC,113.0,,2,3,-1
201402050SAC,RS,SAC,133.0,T,3,3,0
201402050SAC,RS,SAC,149.0,,3,6,-3
201402050SAC,RS,SAC,169.0,T,6,6,0
201402050SAC,RS,SAC,192.0,,6,8,-2
201402050SAC,RS,SAC,192.0,,6,9,-3
201402050SAC,RS,SAC,292.0,,6,11,-5
201402050SAC,RS,SAC,317.0,,6,12,-6
201402050SAC,RS,SAC,317.0,,6,13,-7
201402050SAC,RS,SAC,356.0,,6,15,-9
201402050SAC,RS,SAC,369.0,,8,15,-7
201402050SAC,RS,SAC,383.0,,8,16,-8
201402050SAC,RS,SAC,383.0,,8,17,-9
201402050SAC,RS,SAC,421.0,,11,17,-6
201402050SAC,RS,SAC,446.0,,11,20,-9
201402050SAC,RS,SAC,460.0,,13,20,-7
201402050SAC,RS,SAC,477.0,,13,21,-8
201402050SAC,RS,SAC,479.0,,13,23,-10
201402050SAC,RS,SAC,511.0,,13,25,-12
201402050SAC,RS,SAC,543.0,,14,25,-11
201402050SAC,RS,SAC,543.0,,15,25,-10
201402050SAC,RS,SAC,575.0,,17,25,-8
201402050SAC,RS,SAC,644.0,,19,25,-6
201402050SAC,RS,SAC,663.0,,19,26,-7
201402050SAC,RS,SAC,663.0,,19,27,-8
201402050SAC,RS,SAC,677.0,,21,27,-6
201402050SAC,RS,SAC,696.0,,23,27,-4
201402050SAC,RS,SAC,716.0,,23,29,-6
201402050SAC,RS,SAC,716.0,,23,30,-7
201402050SAC,RS,SAC,736.0,,25,30,-5
201402050SAC,RS,SAC,755.0,,25,31,-6
201402050SAC,RS,SAC,755.0,,25,32,-7
201402050SAC,RS,SAC,792.0,,25,34,-9
201402050SAC,RS,SAC,821.0,,25,37,-12
201402050SAC,RS,SAC,857.0,,25,40,-15
201402050SAC,RS,SAC,875.0,,27,40,-13
201402050SAC,RS,SAC,933.0,,27,42,-15
201402050SAC,RS,SAC,967.0,,30,42,-12
201402050SAC,RS,SAC,980.0,,30,44,-14
201402050SAC,RS,SAC,1017.0,,30,46,-16
201402050SAC,RS,SAC,1059.0,,30,48,-18
201402050SAC,RS,SAC,1080.0,,30,49,-19
201402050SAC,RS,SAC,1097.0,,32,49,-17
201402050SAC,RS,SAC,1097.0,,33,49,-16
201402050SAC,RS,SAC,1106.0,,33,50,-17
201402050SAC,RS,SAC,1106.0,,33,51,-18
201402050SAC,RS,SAC,1130.0,,33,53,-20
201402050SAC,RS,SAC,1141.0,,34,53,-19
201402050SAC,RS,SAC,1141.0,,35,53,-18
201402050SAC,RS,SAC,1155.0,,35,54,-19
201402050SAC,RS,SAC,1155.0,,35,55,-20
201402050SAC,RS,SAC,1169.0,,36,55,-19
201402050SAC,RS,SAC,1188.0,,36,56,-20
201402050SAC,RS,SAC,1207.0,,39,56,-17
201402050SAC,RS,SAC,1250.0,,41,56,-15
201402050SAC,RS,SAC,1250.0,,42,56,-14
201402050SAC,RS,SAC,1250.0,,43,56,-13
201402050SAC,RS,SAC,1267.0,,43,57,-14
201402050SAC,RS,SAC,1267.0,,43,58,-15
201402050SAC,RS,SAC,1307.0,,43,60,-17
201402050SAC,RS,SAC,1325.0,,45,60,-15
201402050SAC,RS,SAC,1336.0,,45,61,-16
201402050SAC,RS,SAC,1336.0,,45,62,-17
201402050SAC,RS,SAC,1356.0,,47,62,-15
201402050SAC,RS,SAC,1373.0,,47,64,-17
201402050SAC,RS,SAC,1373.0,,47,65,-18
201402050SAC,RS,SAC,1382.0,,48,65,-17
201402050SAC,RS,SAC,1382.0,,49,65,-16
201402050SAC,RS,SAC,1412.0,,49,67,-18
201402050SAC,RS,SAC,1416.0,,52,67,-15
201402050SAC,RS,SAC,1466.0,,52,69,-17
201402050SAC,RS,SAC,1473.0,,54,69,-15
201402050SAC,RS,SAC,1505.0,,54,71,-17
201402050SAC,RS,SAC,1554.0,,54,73,-19
201402050SAC,RS,SAC,1596.0,,54,74,-20
201402050SAC,RS,SAC,1596.0,,54,75,-21
201402050SAC,RS,SAC,1654.0,,56,75,-19
201402050SAC,RS,SAC,1667.0,,56,77,-21
201402050SAC,RS,SAC,1712.0,,57,77,-20
201402050SAC,RS,SAC,1712.0,,58,77,-19
201402050SAC,RS,SAC,1726.0,,58,79,-21
201402050SAC,RS,SAC,1750.0,,60,79,-19
201402050SAC,RS,SAC,1780.0,,63,79,-16
201402050SAC,RS,SAC,1805.0,,63,81,-18
201402050SAC,RS,SAC,1823.0,,63,82,-19
201402050SAC,RS,SAC,1823.0,,63,83,-20
201402050SAC,RS,SAC,1833.0,,65,83,-18
201402050SAC,RS,SAC,1853.0,,67,83,-16
201402050SAC,RS,SAC,1883.0,,67,85,-18
201402050SAC,RS,SAC,1916.0,,68,85,-17
201402050SAC,RS,SAC,1962.0,,70,85,-15
201402050SAC,RS,SAC,1969.0,,70,86,-16
201402050SAC,RS,SAC,1969.0,,70,87,-17
201402050SAC,RS,SAC,2006.0,,72,87,-15
201402050SAC,RS,SAC,2122.0,,72,89,-17
201402050SAC,RS,SAC,2126.0,,72,90,-18
201402050SAC,RS,SAC,2138.0,,72,92,-20
201402050SAC,RS,SAC,2199.0,,72,94,-22
201402050SAC,RS,SAC,2221.0,,74,94,-20
201402050SAC,RS,SAC,2302.0,,74,95,-21
201402050SAC,RS,SAC,2302.0,,74,96,-22
201402050SAC,RS,SAC,2317.0,,76,96,-20
201402050SAC,RS,SAC,2358.0,,77,96,-19
201402050SAC,RS,SAC,2407.0,,79,96,-17
201402050SAC,RS,SAC,2479.0,,82,96,-14
201402050SAC,RS,SAC,2518.0,,85,96,-11
201402050SAC,RS,SAC,2529.0,,85,98,-13
201402050SAC,RS,SAC,2589.0,,87,98,-11
201402050SAC,RS,SAC,2621.0,,90,98,-8
201402050SAC,RS,SAC,2684.0,,93,98,-5
201402050SAC,RS,SAC,2714.0,,93,100,-7
201402050SAC,RS,SAC,2748.0,,93,101,-8
201402050SAC,RS,SAC,2748.0,,93,102,-9
201402050SAC,RS,SAC,2759.0,,95,102,-7
201402050SAC,RS,SAC,2793.0,,96,102,-6
201402050SAC,RS,SAC,2807.0,,96,103,-7
201402050SAC,RS,SAC,2821.0,,97,103,-6
201402050SAC,RS,SAC,2821.0,,98,103,-5
201402050SAC,RS,SAC,2851.0,,98,104,-6
201402050SAC,RS,SAC,2851.0,,98,105,-7
201402050SAC,RS,SAC,2851.0,,99,105,-6
201402050SAC,RS,SAC,2857.0,,99,106,-7
201402050SAC,RS,SAC,2857.0,,99,107,-8
201402050SAC,RS,SAC,2862.0,,99,108,-9
201402050SAC,RS,SAC,2862.0,,99,109,-10
201402050SAC,RS,SAC,2868.0,F,101,109,-8
201402050SAC,RS,SAC,2880.0,,101,109,-8
201402070LAC,RS,LAC,0.0,,0,0,0
201402070LAC,RS,LAC,10.0,,0,1,-1
201402070LAC,RS,LAC,45.0,,0,3,-3
201402070LAC,RS,LAC,64.0,,1,3,-2
201402070LAC,RS,LAC,80.0,,1,5,-4
201402070LAC,RS,LAC,94.0,,3,5,-2
201402070LAC,RS,LAC,117.0,T,5,5,0
201402070LAC,RS,LAC,229.0,,5,7,-2
201402070LAC,RS,LAC,253.0,,6,7,-1
201402070LAC,RS,LAC,273.0,LC,8,7,1
201402070LAC,RS,LAC,288.0,LC,8,9,-1
201402070LAC,RS,LAC,319.0,,8,11,-3
201402070LAC,RS,LAC,341.0,,10,11,-1
201402070LAC,RS,LAC,372.0,,10,13,-3
201402070LAC,RS,LAC,422.0,,10,16,-6
201402070LAC,RS,LAC,440.0,,12,16,-4
201402070LAC,RS,LAC,457.0,,12,17,-5
201402070LAC,RS,LAC,457.0,,12,18,-6
201402070LAC,RS,LAC,457.0,,12,19,-7
201402070LAC,RS,LAC,472.0,,14,19,-5
201402070LAC,RS,LAC,499.0,,16,19,-3
201402070LAC,RS,LAC,518.0,,16,21,-5
201402070LAC,RS,LAC,536.0,,18,21,-3
201402070LAC,RS,LAC,556.0,,18,23,-5
201402070LAC,RS,LAC,556.0,,18,24,-6
201402070LAC,RS,LAC,569.0,,20,24,-4
201402070LAC,RS,LAC,585.0,,20,25,-5
201402070LAC,RS,LAC,607.0,,22,25,-3
201402070LAC,RS,LAC,627.0,,22,27,-5
201402070LAC,RS,LAC,718.0,,22,29,-7
201402070LAC,RS,LAC,804.0,,24,29,-5
201402070LAC,RS,LAC,825.0,,24,31,-7
201402070LAC,RS,LAC,843.0,,27,31,-4
201402070LAC,RS,LAC,876.0,,29,31,-2
201402070LAC,RS,LAC,900.0,,29,32,-3
201402070LAC,RS,LAC,917.0,,31,32,-1
201402070LAC,RS,LAC,932.0,,31,35,-4
201402070LAC,RS,LAC,945.0,,32,35,-3
201402070LAC,RS,LAC,945.0,,33,35,-2
201402070LAC,RS,LAC,957.0,,33,37,-4
201402070LAC,RS,LAC,981.0,,33,38,-5
201402070LAC,RS,LAC,1005.0,,35,38,-3
201402070LAC,RS,LAC,1020.0,,35,40,-5
201402070LAC,RS,LAC,1051.0,,35,42,-7
201402070LAC,RS,LAC,1051.0,,35,43,-8
201402070LAC,RS,LAC,1081.0,,35,45,-10
201402070LAC,RS,LAC,1099.0,,37,45,-8
201402070LAC,RS,LAC,1129.0,,38,45,-7
201402070LAC,RS,LAC,1129.0,,39,45,-6
201402070LAC,RS,LAC,1138.0,,39,48,-9
201402070LAC,RS,LAC,1150.0,,40,48,-8
201402070LAC,RS,LAC,1150.0,,41,48,-7
201402070LAC,RS,LAC,1181.0,,43,48,-5
201402070LAC,RS,LAC,1190.0,,43,49,-6
201402070LAC,RS,LAC,1190.0,,43,50,-7
201402070LAC,RS,LAC,1208.0,,43,51,-8
201402070LAC,RS,LAC,1230.0,,43,53,-10
201402070LAC,RS,LAC,1240.0,,44,53,-9
201402070LAC,RS,LAC,1254.0,,44,55,-11
201402070LAC,RS,LAC,1274.0,,47,55,-8
201402070LAC,RS,LAC,1280.0,,47,58,-11
201402070LAC,RS,LAC,1317.0,,47,59,-12
201402070LAC,RS,LAC,1317.0,,47,60,-13
201402070LAC,RS,LAC,1345.0,,47,62,-15
201402070LAC,RS,LAC,1394.0,,47,65,-18
201402070LAC,RS,LAC,1407.0,,49,65,-16
201402070LAC,RS,LAC,1419.0,,49,67,-18
201402070LAC,RS,LAC,1435.0,,50,67,-17
201402070LAC,RS,LAC,1435.0,,51,67,-16
201402070LAC,RS,LAC,1454.0,,51,69,-18
201402070LAC,RS,LAC,1511.0,,51,70,-19
201402070LAC,RS,LAC,1511.0,,51,71,-20
201402070LAC,RS,LAC,1525.0,,54,71,-17
201402070LAC,RS,LAC,1553.0,,54,73,-19
201402070LAC,RS,LAC,1570.0,,54,74,-20
201402070LAC,RS,LAC,1570.0,,54,75,-21
201402070LAC,RS,LAC,1600.0,,56,75,-19
201402070LAC,RS,LAC,1650.0,,58,75,-17
201402070LAC,RS,LAC,1664.0,,58,77,-19
201402070LAC,RS,LAC,1686.0,,60,77,-17
201402070LAC,RS,LAC,1699.0,,60,78,-18
201402070LAC,RS,LAC,1699.0,,60,79,-19
201402070LAC,RS,LAC,1737.0,,60,82,-22
201402070LAC,RS,LAC,1765.0,,62,82,-20
201402070LAC,RS,LAC,1769.0,,62,83,-21
201402070LAC,RS,LAC,1805.0,,63,83,-20
201402070LAC,RS,LAC,1805.0,,64,83,-19
201402070LAC,RS,LAC,1826.0,,64,84,-20
201402070LAC,RS,LAC,1844.0,,66,84,-18
201402070LAC,RS,LAC,1845.0,,66,85,-19
201402070LAC,RS,LAC,1869.0,,68,85,-17
201402070LAC,RS,LAC,1878.0,,68,86,-18
201402070LAC,RS,LAC,1891.0,,69,86,-17
201402070LAC,RS,LAC,1891.0,,70,86,-16
201402070LAC,RS,LAC,1893.0,,70,87,-17
201402070LAC,RS,LAC,1893.0,,70,88,-18
201402070LAC,RS,LAC,1910.0,,73,88,-15
201402070LAC,RS,LAC,1916.0,,73,89,-16
201402070LAC,RS,LAC,1932.0,,73,90,-17
201402070LAC,RS,LAC,1932.0,,73,91,-18
201402070LAC,RS,LAC,1978.0,,74,91,-17
201402070LAC,RS,LAC,1978.0,,75,91,-16
201402070LAC,RS,LAC,2001.0,,76,91,-15
201402070LAC,RS,LAC,2001.0,,77,91,-14
201402070LAC,RS,LAC,2028.0,,77,92,-15
201402070LAC,RS,LAC,2052.0,,79,92,-13
201402070LAC,RS,LAC,2083.0,,80,92,-12
201402070LAC,RS,LAC,2083.0,,81,92,-11
201402070LAC,RS,LAC,2110.0,,83,92,-9
201402070LAC,RS,LAC,2169.0,,83,94,-11
201402070LAC,RS,LAC,2188.0,,85,94,-9
201402070LAC,RS,LAC,2201.0,,85,95,-10
201402070LAC,RS,LAC,2201.0,,85,96,-11
201402070LAC,RS,LAC,2215.0,,86,96,-10
201402070LAC,RS,LAC,2215.0,,87,96,-9
201402070LAC,RS,LAC,2335.0,,87,99,-12
201402070LAC,RS,LAC,2373.0,,88,99,-11
201402070LAC,RS,LAC,2373.0,,89,99,-10
201402070LAC,RS,LAC,2382.0,,89,100,-11
201402070LAC,RS,LAC,2382.0,,89,101,-12
201402070LAC,RS,LAC,2418.0,,89,104,-15
201402070LAC,RS,LAC,2433.0,,92,104,-12
201402070LAC,RS,LAC,2450.0,,92,107,-15
201402070LAC,RS,LAC,2466.0,,93,107,-14
201402070LAC,RS,LAC,2502.0,,96,107,-11
201402070LAC,RS,LAC,2518.0,,96,109,-13
201402070LAC,RS,LAC,2553.0,,97,109,-12
201402070LAC,RS,LAC,2563.0,,97,110,-13
201402070LAC,RS,LAC,2563.0,,97,111,-14
201402070LAC,RS,LAC,2575.0,,99,111,-12
201402070LAC,RS,LAC,2649.0,,99,113,-14
201402070LAC,RS,LAC,2683.0,,100,113,-13
201402070LAC,RS,LAC,2683.0,,101,113,-12
201402070LAC,RS,LAC,2753.0,,101,115,-14
201402070LAC,RS,LAC,2753.0,,101,116,-15
201402070LAC,RS,LAC,2782.0,,101,118,-17
201402070LAC,RS,LAC,2789.0,,102,118,-16
201402070LAC,RS,LAC,2794.0,F,105,118,-13
201402070LAC,RS,LAC,2880.0,,105,118,-13
201402100TOR,RS,NOP,0.0,,0,0,0
201402100TOR,RS,NOP,42.0,,0,2,-2
201402100TOR,RS,NOP,78.0,T,2,2,0
201402100TOR,RS,NOP,99.0,,2,4,-2
201402100TOR,RS,NOP,117.0,T,4,4,0
201402100TOR,RS,NOP,134.0,,4,5,-1
201402100TOR,RS,NOP,146.0,T,5,5,0
201402100TOR,RS,NOP,146.0,LC,6,5,1
201402100TOR,RS,NOP,164.0,LC,6,7,-1
201402100TOR,RS,NOP,197.0,LC,9,7,2
201402100TOR,RS,NOP,243.0,,11,7,4
201402100TOR,RS,NOP,307.0,,11,9,2
201402100TOR,RS,NOP,321.0,,12,9,3
201402100TOR,RS,NOP,339.0,,12,11,1
201402100TOR,RS,NOP,355.0,,15,11,4
201402100TOR,RS,NOP,384.0,,17,11,6
201402100TOR,RS,NOP,409.0,,20,11,9
201402100TOR,RS,NOP,429.0,,20,13,7
201402100TOR,RS,NOP,443.0,,23,13,10
201402100TOR,RS,NOP,461.0,,23,15,8
201402100TOR,RS,NOP,501.0,,23,16,7
201402100TOR,RS,NOP,527.0,,25,16,9
201402100TOR,RS,NOP,564.0,,25,18,7
201402100TOR,RS,NOP,585.0,,27,18,9
201402100TOR,RS,NOP,643.0,,29,18,11
201402100TOR,RS,NOP,659.0,,29,19,10
201402100TOR,RS,NOP,659.0,,29,20,9
201402100TOR,RS,NOP,675.0,,31,20,11
201402100TOR,RS,NOP,738.0,,31,22,9
201402100TOR,RS,NOP,761.0,,33,22,11
201402100TOR,RS,NOP,822.0,,34,22,12
201402100TOR,RS,NOP,822.0,,35,22,13
201402100TOR,RS,NOP,851.0,,35,23,12
201402100TOR,RS,NOP,867.0,,38,23,15
201402100TOR,RS,NOP,882.0,,38,25,13
201402100TOR,RS,NOP,882.0,,38,26,12
201402100TOR,RS,NOP,895.0,,38,28,10
201402100TOR,RS,NOP,929.0,,38,31,7
201402100TOR,RS,NOP,947.0,,39,31,8
201402100TOR,RS,NOP,947.0,,40,31,9
201402100TOR,RS,NOP,980.0,,41,31,10
201402100TOR,RS,NOP,980.0,,42,31,11
201402100TOR,RS,NOP,1021.0,,42,33,9
201402100TOR,RS,NOP,1059.0,,42,36,6
201402100TOR,RS,NOP,1102.0,,42,38,4
201402100TOR,RS,NOP,1149.0,,43,38,5
201402100TOR,RS,NOP,1162.0,,43,40,3
201402100TOR,RS,NOP,1187.0,T,43,43,0
201402100TOR,RS,NOP,1220.0,LC,43,44,-1
201402100TOR,RS,NOP,1220.0,,43,45,-2
201402100TOR,RS,NOP,1258.0,,43,47,-4
201402100TOR,RS,NOP,1282.0,,45,47,-2
201402100TOR,RS,NOP,1295.0,,45,49,-4
201402100TOR,RS,NOP,1401.0,,47,49,-2
201402100TOR,RS,NOP,1437.0,T,49,49,0
201402100TOR,RS,NOP,1464.0,,49,51,-2
201402100TOR,RS,NOP,1489.0,T,51,51,0
201402100TOR,RS,NOP,1516.0,LC,53,51,2
201402100TOR,RS,NOP,1533.0,T,53,53,0
201402100TOR,RS,NOP,1545.0,,54,53,1
201402100TOR,RS,NOP,1568.0,,56,53,3
201402100TOR,RS,NOP,1594.0,,57,53,4
201402100TOR,RS,NOP,1594.0,,58,53,5
201402100TOR,RS,NOP,1608.0,,58,55,3
201402100TOR,RS,NOP,1626.0,,61,55,6
201402100TOR,RS,NOP,1642.0,,61,56,5
201402100TOR,RS,NOP,1663.0,,63,56,7
201402100TOR,RS,NOP,1684.0,,66,56,10
201402100TOR,RS,NOP,1719.0,,66,58,8
201402100TOR,RS,NOP,1742.0,,68,58,10
201402100TOR,RS,NOP,1803.0,,69,58,11
201402100TOR,RS,NOP,1803.0,,70,58,12
201402100TOR,RS,NOP,1843.0,,73,58,15
201402100TOR,RS,NOP,1863.0,,73,60,13
201402100TOR,RS,NOP,1920.0,,73,61,12
201402100TOR,RS,NOP,1920.0,,74,61,13
201402100TOR,RS,NOP,1920.0,,75,61,14
201402100TOR,RS,NOP,1932.0,,75,63,12
201402100TOR,RS,NOP,1948.0,,77,63,14
201402100TOR,RS,NOP,1966.0,,80,63,17
201402100TOR,RS,NOP,1984.0,,80,64,16
201402100TOR,RS,NOP,1996.0,,82,64,18
201402100TOR,RS,NOP,2018.0,,82,66,16
201402100TOR,RS,NOP,2046.0,,82,68,14
201402100TOR,RS,NOP,2107.0,,82,69,13
201402100TOR,RS,NOP,2139.0,,82,70,12
201402100TOR,RS,NOP,2170.0,,84,70,14
201402100TOR,RS,NOP,2170.0,,85,70,15
201402100TOR,RS,NOP,2196.0,,85,72,13
201402100TOR,RS,NOP,2236.0,,85,73,12
201402100TOR,RS,NOP,2236.0,,85,74,11
201402100TOR,RS,NOP,2287.0,,85,76,9
201402100TOR,RS,NOP,2315.0,,85,78,7
201402100TOR,RS,NOP,2341.0,,85,80,5
201402100TOR,RS,NOP,2406.0,,87,80,7
201402100TOR,RS,NOP,2433.0,,87,82,5
201402100TOR,RS,NOP,2433.0,,87,83,4
201402100TOR,RS,NOP,2469.0,,87,86,1
201402100TOR,RS,NOP,2485.0,,88,86,2
201402100TOR,RS,NOP,2485.0,,89,86,3
201402100TOR,RS,NOP,2505.0,,90,86,4
201402100TOR,RS,NOP,2505.0,,91,86,5
201402100TOR,RS,NOP,2518.0,,91,87,4
201402100TOR,RS,NOP,2562.0,,93,87,6
201402100TOR,RS,NOP,2573.0,,93,89,4
201402100TOR,RS,NOP,2594.0,,95,89,6
201402100TOR,RS,NOP,2619.0,,98,89,9
201402100TOR,RS,NOP,2649.0,,99,89,10
201402100TOR,RS,NOP,2678.0,,100,89,11
201402100TOR,RS,NOP,2703.0,,102,89,13
201402100TOR,RS,NOP,2716.0,,102,92,10
201402100TOR,RS,NOP,2736.0,,102,94,8
201402100TOR,RS,NOP,2780.0,,104,94,10
201402100TOR,RS,NOP,2784.0,,104,96,8
201402100TOR,RS,NOP,2804.0,,106,96,10
201402100TOR,RS,NOP,2840.0,,106,99,7
201402100TOR,RS,NOP,2863.0,,106,101,5
201402100TOR,RS,NOP,2867.0,,107,101,6
201402100TOR,RS,NOP,2867.0,F,108,101,7
201402100TOR,RS,NOP,2880.0,,108,101,7
201402120TOR,RS,ATL,0.0,,0,0,0
201402120TOR,RS,ATL,101.0,,0,2,-2
201402120TOR,RS,ATL,124.0,T,2,2,0
201402120TOR,RS,ATL,134.0,,2,4,-2
201402120TOR,RS,ATL,212.0,,2,6,-4
201402120TOR,RS,ATL,244.0,,2,8,-6
201402120TOR,RS,ATL,325.0,,4,8,-4
201402120TOR,RS,ATL,360.0,,4,10,-6
201402120TOR,RS,ATL,389.0,,4,12,-8
201402120TOR,RS,ATL,407.0,,6,12,-6
201402120TOR,RS,ATL,447.0,,7,12,-5
201402120TOR,RS,ATL,447.0,,8,12,-4
201402120TOR,RS,ATL,507.0,,10,12,-2
201402120TOR,RS,ATL,525.0,,10,15,-5
201402120TOR,RS,ATL,548.0,,10,17,-7
201402120TOR,RS,ATL,548.0,,10,18,-8
201402120TOR,RS,ATL,559.0,,12,18,-6
201402120TOR,RS,ATL,616.0,,15,18,-3
201402120TOR,RS,ATL,630.0,,15,20,-5
201402120TOR,RS,ATL,630.0,,15,21,-6
201402120TOR,RS,ATL,676.0,,15,22,-7
201402120TOR,RS,ATL,686.0,,16,22,-6
201402120TOR,RS,ATL,686.0,,17,22,-5
201402120TOR,RS,ATL,718.0,,19,22,-3
201402120TOR,RS,ATL,718.0,,19,23,-4
201402120TOR,RS,ATL,718.0,,19,24,-5
201402120TOR,RS,ATL,790.0,,21,24,-3
201402120TOR,RS,ATL,822.0,,23,24,-1
201402120TOR,RS,ATL,909.0,,23,26,-3
201402120TOR,RS,ATL,968.0,,25,26,-1
201402120TOR,RS,ATL,1018.0,,25,28,-3
201402120TOR,RS,ATL,1093.0,,27,28,-1
201402120TOR,RS,ATL,1114.0,T,28,28,0
201402120TOR,RS,ATL,1114.0,LC,29,28,1
201402120TOR,RS,ATL,1139.0,,31,28,3
201402120TOR,RS,ATL,1149.0,,31,30,1
201402120TOR,RS,ATL,1178.0,LC,31,32,-1
201402120TOR,RS,ATL,1205.0,,31,34,-3
201402120TOR,RS,ATL,1224.0,,33,34,-1
201402120TOR,RS,ATL,1224.0,T,34,34,0
201402120TOR,RS,ATL,1274.0,,34,36,-2
201402120TOR,RS,ATL,1289.0,LC,37,36,1
201402120TOR,RS,ATL,1305.0,LC,37,38,-1
201402120TOR,RS,ATL,1324.0,LC,40,38,2
201402120TOR,RS,ATL,1344.0,T,40,40,0
201402120TOR,RS,ATL,1379.0,LC,40,41,-1
201402120TOR,RS,ATL,1379.0,,40,42,-2
201402120TOR,RS,ATL,1393.0,T,42,42,0
201402120TOR,RS,ATL,1414.0,LC,45,42,3
201402120TOR,RS,ATL,1434.0,,45,44,1
201402120TOR,RS,ATL,1472.0,,47,44,3
201402120TOR,RS,ATL,1507.0,,50,44,6
201402120TOR,RS,ATL,1531.0,,52,44,8
201402120TOR,RS,ATL,1558.0,,52,47,5
201402120TOR,RS,ATL,1600.0,,54,47,7
201402120TOR,RS,ATL,1621.0,,54,48,6
201402120TOR,RS,ATL,1653.0,,54,49,5
201402120TOR,RS,ATL,1674.0,,57,49,8
201402120TOR,RS,ATL,1690.0,,57,50,7
201402120TOR,RS,ATL,1690.0,,57,51,6
201402120TOR,RS,ATL,1703.0,,58,51,7
201402120TOR,RS,ATL,1710.0,,60,51,9
201402120TOR,RS,ATL,1716.0,,60,53,7
201402120TOR,RS,ATL,1730.0,,62,53,9
201402120TOR,RS,ATL,1779.0,,63,53,10
201402120TOR,RS,ATL,1811.0,,63,55,8
201402120TOR,RS,ATL,1828.0,,65,55,10
201402120TOR,RS,ATL,1828.0,,66,55,11
201402120TOR,RS,ATL,1838.0,,66,58,8
201402120TOR,RS,ATL,1854.0,,68,58,10
201402120TOR,RS,ATL,1860.0,,68,59,9
201402120TOR,RS,ATL,1860.0,,68,60,8
201402120TOR,RS,ATL,1876.0,,71,60,11
201402120TOR,RS,ATL,1897.0,,71,61,10
201402120TOR,RS,ATL,1951.0,,71,63,8
201402120TOR,RS,ATL,1964.0,,72,63,9
201402120TOR,RS,ATL,1976.0,,73,63,10
201402120TOR,RS,ATL,2008.0,,73,64,9
201402120TOR,RS,ATL,2008.0,,73,65,8
201402120TOR,RS,ATL,2033.0,,75,65,10
201402120TOR,RS,ATL,2097.0,,76,65,11
201402120TOR,RS,ATL,2097.0,,77,65,12
201402120TOR,RS,ATL,2158.0,,78,65,13
201402120TOR,RS,ATL,2282.0,,80,65,15
201402120TOR,RS,ATL,2308.0,,83,65,18
201402120TOR,RS,ATL,2363.0,,83,67,16
201402120TOR,RS,ATL,2402.0,,85,67,18
201402120TOR,RS,ATL,2445.0,,88,67,21
201402120TOR,RS,ATL,2498.0,,88,68,20
201402120TOR,RS,ATL,2506.0,,88,69,19
201402120TOR,RS,ATL,2506.0,,88,70,18
201402120TOR,RS,ATL,2521.0,,90,70,20
201402120TOR,RS,ATL,2544.0,,91,70,21
201402120TOR,RS,ATL,2544.0,,92,70,22
201402120TOR,RS,ATL,2582.0,,95,70,25
201402120TOR,RS,ATL,2608.0,,95,72,23
201402120TOR,RS,ATL,2632.0,,97,72,25
201402120TOR,RS,ATL,2694.0,,97,75,22
201402120TOR,RS,ATL,2713.0,,99,75,24
201402120TOR,RS,ATL,2760.0,,99,77,22
201402120TOR,RS,ATL,2794.0,,101,77,24
201402120TOR,RS,ATL,2808.0,,101,79,22
201402120TOR,RS,ATL,2832.0,,101,81,20
201402120TOR,RS,ATL,2850.0,,104,81,23
201402120TOR,RS,ATL,2874.0,F,104,83,21
201402120TOR,RS,ATL,2880.0,,104,83,21
201402180WAS,RS,WAS,0.0,,0,0,0
201402180WAS,RS,WAS,21.0,,0,2,-2
201402180WAS,RS,WAS,42.0,T,2,2,0
201402180WAS,RS,WAS,156.0,LC,3,2,1
201402180WAS,RS,WAS,156.0,,4,2,2
201402180WAS,RS,WAS,166.0,T,4,4,0
201402180WAS,RS,WAS,194.0,,6,4,2
201402180WAS,RS,WAS,205.0,T,6,6,0
201402180WAS,RS,WAS,217.0,,8,6,2
201402180WAS,RS,WAS,227.0,T,8,8,0
201402180WAS,RS,WAS,244.0,,11,8,3
201402180WAS,RS,WAS,271.0,,13,8,5
201402180WAS,RS,WAS,290.0,,13,10,3
201402180WAS,RS,WAS,325.0,,13,11,2
201402180WAS,RS,WAS,325.0,,13,12,1
201402180WAS,RS,WAS,365.0,LC,13,15,-2
201402180WAS,RS,WAS,431.0,,13,17,-4
201402180WAS,RS,WAS,477.0,,13,19,-6
201402180WAS,RS,WAS,489.0,,16,19,-3
201402180WAS,RS,WAS,516.0,,18,19,-1
201402180WAS,RS,WAS,531.0,,18,21,-3
201402180WAS,RS,WAS,553.0,,20,21,-1
201402180WAS,RS,WAS,571.0,,20,23,-3
201402180WAS,RS,WAS,609.0,,22,23,-1
201402180WAS,RS,WAS,609.0,T,23,23,0
201402180WAS,RS,WAS,623.0,,23,25,-2
201402180WAS,RS,WAS,639.0,T,25,25,0
201402180WAS,RS,WAS,660.0,,25,27,-2
201402180WAS,RS,WAS,700.0,T,27,27,0
201402180WAS,RS,WAS,737.0,LC,29,27,2
201402180WAS,RS,WAS,737.0,,30,27,3
201402180WAS,RS,WAS,753.0,,30,29,1
201402180WAS,RS,WAS,773.0,,32,29,3
201402180WAS,RS,WAS,845.0,,34,29,5
201402180WAS,RS,WAS,913.0,,34,31,3
201402180WAS,RS,WAS,953.0,,36,31,5
201402180WAS,RS,WAS,993.0,,38,31,7
201402180WAS,RS,WAS,1021.0,,38,33,5
201402180WAS,RS,WAS,1039.0,,40,33,7
201402180WAS,RS,WAS,1059.0,,40,35,5
201402180WAS,RS,WAS,1081.0,,40,37,3
201402180WAS,RS,WAS,1105.0,,42,37,5
201402180WAS,RS,WAS,1153.0,,44,37,7
201402180WAS,RS,WAS,1175.0,,44,39,5
201402180WAS,RS,WAS,1192.0,,46,39,7
201402180WAS,RS,WAS,1192.0,,47,39,8
201402180WAS,RS,WAS,1208.0,,47,41,6
201402180WAS,RS,WAS,1228.0,,49,41,8
201402180WAS,RS,WAS,1262.0,,49,43,6
201402180WAS,RS,WAS,1334.0,,51,43,8
201402180WAS,RS,WAS,1351.0,,51,44,7
201402180WAS,RS,WAS,1351.0,,51,45,6
201402180WAS,RS,WAS,1363.0,,53,45,8
201402180WAS,RS,WAS,1380.0,,53,47,6
201402180WAS,RS,WAS,1407.0,,53,49,4
201402180WAS,RS,WAS,1421.0,,55,49,6
201402180WAS,RS,WAS,1463.0,,55,51,4
201402180WAS,RS,WAS,1508.0,,55,53,2
201402180WAS,RS,WAS,1528.0,,57,53,4
201402180WAS,RS,WAS,1574.0,,57,55,2
201402180WAS,RS,WAS,1598.0,,59,55,4
201402180WAS,RS,WAS,1636.0,,62,55,7
201402180WAS,RS,WAS,1649.0,,62,57,5
201402180WAS,RS,WAS,1688.0,,63,57,6
201402180WAS,RS,WAS,1710.0,,63,59,4
201402180WAS,RS,WAS,1727.0,,65,59,6
201402180WAS,RS,WAS,1793.0,,67,59,8
201402180WAS,RS,WAS,1822.0,,69,59,10
201402180WAS,RS,WAS,1869.0,,71,59,12
201402180WAS,RS,WAS,1910.0,,71,60,11
201402180WAS,RS,WAS,1910.0,,71,61,10
201402180WAS,RS,WAS,1932.0,,73,61,12
201402180WAS,RS,WAS,1962.0,,75,61,14
201402180WAS,RS,WAS,1999.0,,78,61,17
201402180WAS,RS,WAS,2022.0,,78,63,15
201402180WAS,RS,WAS,2041.0,,78,65,13
201402180WAS,RS,WAS,2057.0,,80,65,15
201402180WAS,RS,WAS,2082.0,,80,66,14
201402180WAS,RS,WAS,2100.0,,82,66,16
201402180WAS,RS,WAS,2111.0,,82,67,15
201402180WAS,RS,WAS,2111.0,,82,68,14
201402180WAS,RS,WAS,2130.0,,84,68,16
201402180WAS,RS,WAS,2153.0,,84,70,14
201402180WAS,RS,WAS,2215.0,,87,70,17
201402180WAS,RS,WAS,2239.0,,87,72,15
201402180WAS,RS,WAS,2259.0,,90,72,18
201402180WAS,RS,WAS,2280.0,,90,73,17
201402180WAS,RS,WAS,2280.0,,90,74,16
201402180WAS,RS,WAS,2302.0,,93,74,19
201402180WAS,RS,WAS,2317.0,,93,77,16
201402180WAS,RS,WAS,2317.0,,93,78,15
201402180WAS,RS,WAS,2395.0,,95,78,17
201402180WAS,RS,WAS,2395.0,,96,78,18
201402180WAS,RS,WAS,2424.0,,98,78,20
201402180WAS,RS,WAS,2506.0,,98,80,18
201402180WAS,RS,WAS,2542.0,,98,82,16
201402180WAS,RS,WAS,2601.0,,99,82,17
201402180WAS,RS,WAS,2627.0,,99,85,14
201402180WAS,RS,WAS,2654.0,,99,87,12
201402180WAS,RS,WAS,2747.0,,99,90,9
201402180WAS,RS,WAS,2772.0,,99,92,7
201402180WAS,RS,WAS,2788.0,,99,93,6
201402180WAS,RS,WAS,2814.0,,100,93,7
201402180WAS,RS,WAS,2814.0,,101,93,8
201402180WAS,RS,WAS,2831.0,,102,93,9
201402180WAS,RS,WAS,2831.0,F,103,93,10
201402180WAS,RS,WAS,2880.0,,103,93,10
201402190TOR,RS,CHI,0.0,,0,0,0
201402190TOR,RS,CHI,17.0,,0,1,-1
201402190TOR,RS,CHI,36.0,LC,2,1,1
201402190TOR,RS,CHI,63.0,LC,2,4,-2
201402190TOR,RS,CHI,81.0,T,4,4,0
201402190TOR,RS,CHI,110.0,,4,6,-2
201402190TOR,RS,CHI,146.0,,4,8,-4
201402190TOR,RS,CHI,163.0,,6,8,-2
201402190TOR,RS,CHI,182.0,,6,10,-4
201402190TOR,RS,CHI,215.0,,6,12,-6
201402190TOR,RS,CHI,247.0,,6,14,-8
201402190TOR,RS,CHI,272.0,,8,14,-6
201402190TOR,RS,CHI,290.0,,8,16,-8
201402190TOR,RS,CHI,299.0,,10,16,-6
201402190TOR,RS,CHI,314.0,,10,18,-8
201402190TOR,RS,CHI,368.0,,12,18,-6
201402190TOR,RS,CHI,386.0,,12,20,-8
201402190TOR,RS,CHI,439.0,,14,20,-6
201402190TOR,RS,CHI,492.0,,14,22,-8
201402190TOR,RS,CHI,529.0,,14,24,-10
201402190TOR,RS,CHI,602.0,,16,24,-8
201402190TOR,RS,CHI,611.0,,17,24,-7
201402190TOR,RS,CHI,627.0,,17,26,-9
201402190TOR,RS,CHI,638.0,,19,26,-7
201402190TOR,RS,CHI,667.0,,19,27,-8
201402190TOR,RS,CHI,667.0,,19,28,-9
201402190TOR,RS,CHI,683.0,,21,28,-7
201402190TOR,RS,CHI,715.0,,21,29,-8
201402190TOR,RS,CHI,718.0,,21,30,-9
201402190TOR,RS,CHI,718.0,,21,31,-10
201402190TOR,RS,CHI,745.0,,23,31,-8
201402190TOR,RS,CHI,848.0,,23,33,-10
201402190TOR,RS,CHI,867.0,,25,33,-8
201402190TOR,RS,CHI,886.0,,25,35,-10
201402190TOR,RS,CHI,1000.0,,25,37,-12
201402190TOR,RS,CHI,1025.0,,25,40,-15
201402190TOR,RS,CHI,1047.0,,27,40,-13
201402190TOR,RS,CHI,1074.0,,29,40,-11
201402190TOR,RS,CHI,1091.0,,30,40,-10
201402190TOR,RS,CHI,1091.0,,31,40,-9
201402190TOR,RS,CHI,1187.0,,33,40,-7
201402190TOR,RS,CHI,1214.0,,35,40,-5
201402190TOR,RS,CHI,1214.0,,36,40,-4
201402190TOR,RS,CHI,1226.0,,36,42,-6
201402190TOR,RS,CHI,1248.0,,39,42,-3
201402190TOR,RS,CHI,1294.0,,39,43,-4
201402190TOR,RS,CHI,1321.0,,39,46,-7
201402190TOR,RS,CHI,1341.0,,41,46,-5
201402190TOR,RS,CHI,1414.0,,41,48,-7
201402190TOR,RS,CHI,1471.0,,41,50,-9
201402190TOR,RS,CHI,1505.0,,41,52,-11
201402190TOR,RS,CHI,1528.0,,43,52,-9
201402190TOR,RS,CHI,1572.0,,43,54,-11
201402190TOR,RS,CHI,1609.0,,45,54,-9
201402190TOR,RS,CHI,1643.0,,47,54,-7
201402190TOR,RS,CHI,1665.0,,47,56,-9
201402190TOR,RS,CHI,1665.0,,47,57,-10
201402190TOR,RS,CHI,1700.0,,47,59,-12
201402190TOR,RS,CHI,1726.0,,47,60,-13
201402190TOR,RS,CHI,1726.0,,47,61,-14
201402190TOR,RS,CHI,1742.0,,48,61,-13
201402190TOR,RS,CHI,1742.0,,49,61,-12
201402190TOR,RS,CHI,1783.0,,51,61,-10
201402190TOR,RS,CHI,1820.0,,51,62,-11
201402190TOR,RS,CHI,1820.0,,51,63,-12
201402190TOR,RS,CHI,1849.0,,51,66,-15
201402190TOR,RS,CHI,1916.0,,53,66,-13
201402190TOR,RS,CHI,1973.0,,53,68,-15
201402190TOR,RS,CHI,2021.0,,55,68,-13
201402190TOR,RS,CHI,2051.0,,56,68,-12
201402190TOR,RS,CHI,2051.0,,57,68,-11
201402190TOR,RS,CHI,2079.0,,59,68,-9
201402190TOR,RS,CHI,2110.0,,60,68,-8
201402190TOR,RS,CHI,2123.0,,60,70,-10
201402190TOR,RS,CHI,2159.0,,61,70,-9
201402190TOR,RS,CHI,2159.0,,62,70,-8
201402190TOR,RS,CHI,2192.0,,62,73,-11
201402190TOR,RS,CHI,2209.0,,64,73,-9
201402190TOR,RS,CHI,2245.0,,66,73,-7
201402190TOR,RS,CHI,2306.0,,66,76,-10
201402190TOR,RS,CHI,2335.0,,69,76,-7
201402190TOR,RS,CHI,2358.0,,69,78,-9
201402190TOR,RS,CHI,2377.0,,71,78,-7
201402190TOR,RS,CHI,2402.0,,71,80,-9
201402190TOR,RS,CHI,2426.0,,73,80,-7
201402190TOR,RS,CHI,2530.0,,73,81,-8
201402190TOR,RS,CHI,2530.0,,73,82,-9
201402190TOR,RS,CHI,2541.0,,74,82,-8
201402190TOR,RS,CHI,2541.0,,75,82,-7
201402190TOR,RS,CHI,2596.0,,77,82,-5
201402190TOR,RS,CHI,2617.0,,77,84,-7
201402190TOR,RS,CHI,2635.0,,79,84,-5
201402190TOR,RS,CHI,2656.0,,79,86,-7
201402190TOR,RS,CHI,2656.0,,80,86,-6
201402190TOR,RS,CHI,2677.0,,82,86,-4
201402190TOR,RS,CHI,2717.0,,82,89,-7
201402190TOR,RS,CHI,2731.0,,83,89,-6
201402190TOR,RS,CHI,2731.0,,84,89,-5
201402190TOR,RS,CHI,2750.0,,84,91,-7
201402190TOR,RS,CHI,2761.0,,85,91,-6
201402190TOR,RS,CHI,2761.0,,86,91,-5
201402190TOR,RS,CHI,2790.0,,89,91,-2
201402190TOR,RS,CHI,2838.0,,89,93,-4
201402190TOR,RS,CHI,2845.0,,91,93,-2
201402190TOR,RS,CHI,2845.0,,92,93,-1
201402190TOR,RS,CHI,2878.0,F,92,94,-2
201402190TOR,RS,CHI,2880.0,,92,94,-2
201402210TOR,RS,CLE,0.0,,0,0,0
201402210TOR,RS,CLE,64.0,,3,0,3
201402210TOR,RS,CLE,158.0,,3,2,1
201402210TOR,RS,CLE,185.0,,4,2,2
201402210TOR,RS,CLE,185.0,,5,2,3
201402210TOR,RS,CLE,276.0,,5,4,1
201402210TOR,RS,CLE,304.0,LC,5,7,-2
201402210TOR,RS,CLE,318.0,LC,8,7,1
201402210TOR,RS,CLE,374.0,LC,8,10,-2
201402210TOR,RS,CLE,427.0,T,10,10,0
201402210TOR,RS,CLE,442.0,,10,12,-2
201402210TOR,RS,CLE,473.0,,10,14,-4
201402210TOR,RS,CLE,522.0,,12,14,-2
201402210TOR,RS,CLE,534.0,,12,15,-3
201402210TOR,RS,CLE,575.0,,12,17,-5
201402210TOR,RS,CLE,613.0,,12,20,-8
201402210TOR,RS,CLE,675.0,,14,20,-6
201402210TOR,RS,CLE,685.0,,14,22,-8
201402210TOR,RS,CLE,697.0,,15,22,-7
201402210TOR,RS,CLE,697.0,,16,22,-6
201402210TOR,RS,CLE,758.0,,18,22,-4
201402210TOR,RS,CLE,779.0,,18,24,-6
201402210TOR,RS,CLE,799.0,,20,24,-4
201402210TOR,RS,CLE,901.0,,20,26,-6
201402210TOR,RS,CLE,942.0,,20,28,-8
201402210TOR,RS,CLE,956.0,,22,28,-6
201402210TOR,RS,CLE,1008.0,,24,28,-4
201402210TOR,RS,CLE,1024.0,,24,29,-5
201402210TOR,RS,CLE,1095.0,,26,29,-3
201402210TOR,RS,CLE,1116.0,,26,31,-5
201402210TOR,RS,CLE,1155.0,,26,33,-7
201402210TOR,RS,CLE,1192.0,,26,34,-8
201402210TOR,RS,CLE,1192.0,,26,35,-9
201402210TOR,RS,CLE,1211.0,,28,35,-7
201402210TOR,RS,CLE,1230.0,,30,35,-5
201402210TOR,RS,CLE,1254.0,,30,36,-6
201402210TOR,RS,CLE,1261.0,,30,38,-8
201402210TOR,RS,CLE,1304.0,,33,38,-5
201402210TOR,RS,CLE,1337.0,,33,40,-7
201402210TOR,RS,CLE,1353.0,,35,40,-5
201402210TOR,RS,CLE,1367.0,,35,41,-6
201402210TOR,RS,CLE,1367.0,,35,42,-7
201402210TOR,RS,CLE,1385.0,,37,42,-5
201402210TOR,RS,CLE,1401.0,,37,43,-6
201402210TOR,RS,CLE,1401.0,,37,44,-7
201402210TOR,RS,CLE,1422.0,,39,44,-5
201402210TOR,RS,CLE,1461.0,,39,46,-7
201402210TOR,RS,CLE,1473.0,,41,46,-5
201402210TOR,RS,CLE,1485.0,,41,48,-7
201402210TOR,RS,CLE,1507.0,,43,48,-5
201402210TOR,RS,CLE,1540.0,,44,48,-4
201402210TOR,RS,CLE,1540.0,,45,48,-3
201402210TOR,RS,CLE,1562.0,,47,48,-1
201402210TOR,RS,CLE,1617.0,,47,50,-3
201402210TOR,RS,CLE,1637.0,,49,50,-1
201402210TOR,RS,CLE,1662.0,LC,51,50,1
201402210TOR,RS,CLE,1678.0,LC,51,52,-1
201402210TOR,RS,CLE,1717.0,LC,53,52,1
201402210TOR,RS,CLE,1754.0,,55,52,3
201402210TOR,RS,CLE,1754.0,,56,52,4
201402210TOR,RS,CLE,1786.0,,58,52,6
201402210TOR,RS,CLE,1799.0,,58,53,5
201402210TOR,RS,CLE,1799.0,,58,54,4
201402210TOR,RS,CLE,1817.0,,60,54,6
201402210TOR,RS,CLE,1844.0,,60,56,4
201402210TOR,RS,CLE,1871.0,,62,56,6
201402210TOR,RS,CLE,1916.0,,64,56,8
201402210TOR,RS,CLE,1929.0,,64,57,7
201402210TOR,RS,CLE,1929.0,,64,58,6
201402210TOR,RS,CLE,1943.0,,66,58,8
201402210TOR,RS,CLE,1965.0,,68,58,10
201402210TOR,RS,CLE,1983.0,,71,58,13
201402210TOR,RS,CLE,2019.0,,71,60,11
201402210TOR,RS,CLE,2039.0,,72,60,12
201402210TOR,RS,CLE,2051.0,,72,61,11
201402210TOR,RS,CLE,2092.0,,74,61,13
201402210TOR,RS,CLE,2122.0,,74,62,12
201402210TOR,RS,CLE,2131.0,,76,62,14
201402210TOR,RS,CLE,2148.0,,76,65,11
201402210TOR,RS,CLE,2193.0,,76,67,9
201402210TOR,RS,CLE,2237.0,,78,67,11
201402210TOR,RS,CLE,2301.0,,81,67,14
201402210TOR,RS,CLE,2330.0,,81,69,12
201402210TOR,RS,CLE,2352.0,,84,69,15
201402210TOR,RS,CLE,2437.0,,84,71,13
201402210TOR,RS,CLE,2463.0,,84,72,12
201402210TOR,RS,CLE,2463.0,,84,73,11
201402210TOR,RS,CLE,2483.0,,86,73,13
201402210TOR,RS,CLE,2552.0,,88,73,15
201402210TOR,RS,CLE,2565.0,,88,76,12
201402210TOR,RS,CLE,2687.0,,88,77,11
201402210TOR,RS,CLE,2687.0,,88,78,10
201402210TOR,RS,CLE,2702.0,,91,78,13
201402210TOR,RS,CLE,2757.0,,91,80,11
201402210TOR,RS,CLE,2773.0,,93,80,13
201402210TOR,RS,CLE,2786.0,,93,82,11
201402210TOR,RS,CLE,2799.0,,93,84,9
201402210TOR,RS,CLE,2834.0,,93,87,6
201402210TOR,RS,CLE,2851.0,,95,87,8
201402210TOR,RS,CLE,2867.0,,95,89,6
201402210TOR,RS,CLE,2870.0,,96,89,7
201402210TOR,RS,CLE,2875.0,,96,90,6
201402210TOR,RS,CLE,2875.0,,96,91,5
201402210TOR,RS,CLE,2876.0,,97,91,6
201402210TOR,RS,CLE,2876.0,F,98,91,7
201402210TOR,RS,CLE,2880.0,,98,91,7
201402230TOR,RS,ORL,0.0,,0,0,0
201402230TOR,RS,ORL,66.0,,1,0,1
201402230TOR,RS,ORL,89.0,LC,1,2,-1
201402230TOR,RS,ORL,132.0,LC,3,2,1
201402230TOR,RS,ORL,164.0,,6,2,4
201402230TOR,RS,ORL,187.0,,7,2,5
201402230TOR,RS,ORL,187.0,,8,2,6
201402230TOR,RS,ORL,233.0,,8,4,4
201402230TOR,RS,ORL,257.0,,8,6,2
201402230TOR,RS,ORL,286.0,T,8,8,0
201402230TOR,RS,ORL,319.0,LC,8,10,-2
201402230TOR,RS,ORL,369.0,,8,12,-4
201402230TOR,RS,ORL,390.0,,10,12,-2
201402230TOR,RS,ORL,430.0,T,12,12,0
201402230TOR,RS,ORL,466.0,LC,14,12,2
201402230TOR,RS,ORL,548.0,T,14,14,0
201402230TOR,RS,ORL,664.0,,16,14,2
201402230TOR,RS,ORL,664.0,,17,14,3
201402230TOR,RS,ORL,718.0,,19,14,5
201402230TOR,RS,ORL,763.0,,19,16,3
201402230TOR,RS,ORL,807.0,,20,16,4
201402230TOR,RS,ORL,837.0,,21,16,5
201402230TOR,RS,ORL,863.0,,21,18,3
201402230TOR,RS,ORL,903.0,,21,20,1
201402230TOR,RS,ORL,918.0,,24,20,4
201402230TOR,RS,ORL,935.0,,24,22,2
201402230TOR,RS,ORL,964.0,T,24,24,0
201402230TOR,RS,ORL,986.0,LC,24,26,-2
201402230TOR,RS,ORL,998.0,LC,27,26,1
201402230TOR,RS,ORL,1026.0,LC,27,28,-1
201402230TOR,RS,ORL,1041.0,LC,29,28,1
201402230TOR,RS,ORL,1059.0,LC,29,30,-1
201402230TOR,RS,ORL,1109.0,LC,31,30,1
201402230TOR,RS,ORL,1124.0,LC,31,32,-1
201402230TOR,RS,ORL,1138.0,LC,34,32,2
201402230TOR,RS,ORL,1188.0,T,34,34,0
201402230TOR,RS,ORL,1218.0,LC,34,36,-2
201402230TOR,RS,ORL,1258.0,T,36,36,0
201402230TOR,RS,ORL,1264.0,LC,37,36,1
201402230TOR,RS,ORL,1264.0,,38,36,2
201402230TOR,RS,ORL,1322.0,,40,36,4
201402230TOR,RS,ORL,1347.0,,40,37,3
201402230TOR,RS,ORL,1361.0,,42,37,5
201402230TOR,RS,ORL,1384.0,,42,39,3
201402230TOR,RS,ORL,1394.0,,43,39,4
201402230TOR,RS,ORL,1394.0,,44,39,5
201402230TOR,RS,ORL,1412.0,,44,41,3
201402230TOR,RS,ORL,1471.0,,46,41,5
201402230TOR,RS,ORL,1524.0,,46,43,3
201402230TOR,RS,ORL,1558.0,,48,43,5
201402230TOR,RS,ORL,1579.0,,50,43,7
201402230TOR,RS,ORL,1596.0,,50,46,4
201402230TOR,RS,ORL,1612.0,,52,46,6
201402230TOR,RS,ORL,1612.0,,53,46,7
201402230TOR,RS,ORL,1635.0,,56,46,10
201402230TOR,RS,ORL,1648.0,,56,47,9
201402230TOR,RS,ORL,1653.0,,56,49,7
201402230TOR,RS,ORL,1672.0,,58,49,9
201402230TOR,RS,ORL,1686.0,,58,50,8
201402230TOR,RS,ORL,1686.0,,58,51,7
201402230TOR,RS,ORL,1697.0,,60,51,9
201402230TOR,RS,ORL,1697.0,,61,51,10
201402230TOR,RS,ORL,1766.0,,64,51,13
201402230TOR,RS,ORL,1788.0,,65,51,14
201402230TOR,RS,ORL,1788.0,,66,51,15
201402230TOR,RS,ORL,1802.0,,66,53,13
201402230TOR,RS,ORL,1834.0,,66,55,11
201402230TOR,RS,ORL,1870.0,,66,58,8
201402230TOR,RS,ORL,1893.0,,68,58,10
201402230TOR,RS,ORL,1913.0,,68,59,9
201402230TOR,RS,ORL,1922.0,,69,59,10
201402230TOR,RS,ORL,1922.0,,70,59,11
201402230TOR,RS,ORL,1922.0,,71,59,12
201402230TOR,RS,ORL,1938.0,,71,61,10
201402230TOR,RS,ORL,1985.0,,74,61,13
201402230TOR,RS,ORL,2033.0,,74,63,11
201402230TOR,RS,ORL,2095.0,,77,63,14
201402230TOR,RS,ORL,2114.0,,77,65,12
201402230TOR,RS,ORL,2160.0,,80,65,15
201402230TOR,RS,ORL,2173.0,,82,65,17
201402230TOR,RS,ORL,2210.0,,83,65,18
201402230TOR,RS,ORL,2221.0,,83,66,17
201402230TOR,RS,ORL,2221.0,,83,67,16
201402230TOR,RS,ORL,2235.0,,85,67,18
201402230TOR,RS,ORL,2261.0,,85,68,17
201402230TOR,RS,ORL,2261.0,,85,69,16
201402230TOR,RS,ORL,2275.0,,86,69,17
201402230TOR,RS,ORL,2275.0,,87,69,18
201402230TOR,RS,ORL,2300.0,,87,72,15
201402230TOR,RS,ORL,2320.0,,89,72,17
201402230TOR,RS,ORL,2344.0,,89,75,14
201402230TOR,RS,ORL,2383.0,,89,77,12
201402230TOR,RS,ORL,2420.0,,91,77,14
201402230TOR,RS,ORL,2499.0,,92,77,15
201402230TOR,RS,ORL,2499.0,,93,77,16
201402230TOR,RS,ORL,2510.0,,93,79,14
201402230TOR,RS,ORL,2525.0,,94,79,15
201402230TOR,RS,ORL,2525.0,,95,79,16
201402230TOR,RS,ORL,2553.0,,97,79,18
201402230TOR,RS,ORL,2601.0,,97,80,17
201402230TOR,RS,ORL,2624.0,,97,81,16
201402230TOR,RS,ORL,2624.0,,97,82,15
201402230TOR,RS,ORL,2643.0,,98,82,16
201402230TOR,RS,ORL,2643.0,,99,82,17
201402230TOR,RS,ORL,2643.0,,100,82,18
201402230TOR,RS,ORL,2661.0,,100,83,17
201402230TOR,RS,ORL,2728.0,,100,86,14
201402230TOR,RS,ORL,2743.0,,102,86,16
201402230TOR,RS,ORL,2781.0,,102,88,14
201402230TOR,RS,ORL,2799.0,,103,88,15
201402230TOR,RS,ORL,2824.0,,105,88,17
201402230TOR,RS,ORL,2842.0,F,105,90,15
201402230TOR,RS,ORL,2880.0,,105,90,15
201402250CLE,RS,CLE,0.0,,0,0,0
201402250CLE,RS,CLE,56.0,,0,2,-2
201402250CLE,RS,CLE,75.0,T,2,2,0
201402250CLE,RS,CLE,111.0,,2,3,-1
201402250CLE,RS,CLE,147.0,,2,5,-3
201402250CLE,RS,CLE,225.0,,2,7,-5
201402250CLE,RS,CLE,243.0,,5,7,-2
201402250CLE,RS,CLE,261.0,,5,10,-5
201402250CLE,RS,CLE,286.0,,7,10,-3
201402250CLE,RS,CLE,301.0,,7,12,-5
201402250CLE,RS,CLE,337.0,,10,12,-2
201402250CLE,RS,CLE,370.0,,10,14,-4
201402250CLE,RS,CLE,425.0,,12,14,-2
201402250CLE,RS,CLE,443.0,,12,15,-3
201402250CLE,RS,CLE,473.0,,14,15,-1
201402250CLE,RS,CLE,498.0,,14,17,-3
201402250CLE,RS,CLE,553.0,,16,17,-1
201402250CLE,RS,CLE,553.0,T,17,17,0
201402250CLE,RS,CLE,581.0,LC,20,17,3
201402250CLE,RS,CLE,616.0,,23,17,6
201402250CLE,RS,CLE,766.0,,24,17,7
201402250CLE,RS,CLE,798.0,,26,17,9
201402250CLE,RS,CLE,889.0,,29,17,12
201402250CLE,RS,CLE,905.0,,29,18,11
201402250CLE,RS,CLE,920.0,,29,20,9
201402250CLE,RS,CLE,943.0,,32,20,12
201402250CLE,RS,CLE,943.0,,33,20,13
201402250CLE,RS,CLE,943.0,,34,20,14
201402250CLE,RS,CLE,955.0,,34,22,12
201402250CLE,RS,CLE,990.0,,36,22,14
201402250CLE,RS,CLE,1001.0,,36,25,11
201402250CLE,RS,CLE,1021.0,,36,27,9
201402250CLE,RS,CLE,1101.0,,38,27,11
201402250CLE,RS,CLE,1128.0,,38,29,9
201402250CLE,RS,CLE,1150.0,,40,29,11
201402250CLE,RS,CLE,1162.0,,40,31,9
201402250CLE,RS,CLE,1195.0,,42,31,11
201402250CLE,RS,CLE,1207.0,,42,33,9
201402250CLE,RS,CLE,1220.0,,44,33,11
201402250CLE,RS,CLE,1232.0,,45,33,12
201402250CLE,RS,CLE,1232.0,,45,34,11
201402250CLE,RS,CLE,1250.0,,47,34,13
201402250CLE,RS,CLE,1296.0,,47,36,11
201402250CLE,RS,CLE,1386.0,,47,39,8
201402250CLE,RS,CLE,1409.0,,47,40,7
201402250CLE,RS,CLE,1409.0,,47,41,6
201402250CLE,RS,CLE,1513.0,,47,44,3
201402250CLE,RS,CLE,1552.0,,47,46,1
201402250CLE,RS,CLE,1575.0,LC,47,48,-1
201402250CLE,RS,CLE,1586.0,LC,49,48,1
201402250CLE,RS,CLE,1614.0,,52,48,4
201402250CLE,RS,CLE,1661.0,,52,50,2
201402250CLE,RS,CLE,1707.0,T,52,52,0
201402250CLE,RS,CLE,1743.0,,54,52,2
201402250CLE,RS,CLE,1759.0,T,54,54,0
201402250CLE,RS,CLE,1783.0,,56,54,2
201402250CLE,RS,CLE,1794.0,T,56,56,0
201402250CLE,RS,CLE,1794.0,LC,56,57,-1
201402250CLE,RS,CLE,1831.0,LC,58,57,1
201402250CLE,RS,CLE,1854.0,,60,57,3
201402250CLE,RS,CLE,1878.0,,61,57,4
201402250CLE,RS,CLE,1878.0,,62,57,5
201402250CLE,RS,CLE,1887.0,,62,59,3
201402250CLE,RS,CLE,1902.0,,64,59,5
201402250CLE,RS,CLE,1915.0,,64,60,4
201402250CLE,RS,CLE,1915.0,,64,61,3
201402250CLE,RS,CLE,1994.0,T,64,64,0
201402250CLE,RS,CLE,2046.0,,65,64,1
201402250CLE,RS,CLE,2046.0,,66,64,2
201402250CLE,RS,CLE,2061.0,,66,65,1
201402250CLE,RS,CLE,2107.0,LC,66,67,-1
201402250CLE,RS,CLE,2127.0,LC,68,67,1
201402250CLE,RS,CLE,2136.0,T,68,68,0
201402250CLE,RS,CLE,2136.0,LC,68,69,-1
201402250CLE,RS,CLE,2175.0,,68,71,-3
201402250CLE,RS,CLE,2200.0,,70,71,-1
201402250CLE,RS,CLE,2212.0,T,71,71,0
201402250CLE,RS,CLE,2225.0,LC,73,71,2
201402250CLE,RS,CLE,2244.0,T,73,73,0
201402250CLE,RS,CLE,2269.0,LC,73,74,-1
201402250CLE,RS,CLE,2269.0,,73,75,-2
201402250CLE,RS,CLE,2326.0,,73,77,-4
201402250CLE,RS,CLE,2343.0,,75,77,-2
201402250CLE,RS,CLE,2384.0,LC,78,77,1
201402250CLE,RS,CLE,2399.0,LC,78,79,-1
201402250CLE,RS,CLE,2416.0,LC,80,79,1
201402250CLE,RS,CLE,2464.0,LC,80,81,-1
201402250CLE,RS,CLE,2536.0,,80,83,-3
201402250CLE,RS,CLE,2556.0,T,83,83,0
201402250CLE,RS,CLE,2578.0,,83,84,-1
201402250CLE,RS,CLE,2578.0,,83,85,-2
201402250CLE,RS,CLE,2591.0,,84,85,-1
201402250CLE,RS,CLE,2591.0,T,85,85,0
201402250CLE,RS,CLE,2607.0,,85,87,-2
201402250CLE,RS,CLE,2668.0,T,87,87,0
201402250CLE,RS,CLE,2689.0,,87,88,-1
201402250CLE,RS,CLE,2689.0,,87,89,-2
201402250CLE,RS,CLE,2698.0,LC,90,89,1
201402250CLE,RS,CLE,2730.0,,92,89,3
201402250CLE,RS,CLE,2750.0,,92,90,2
201402250CLE,RS,CLE,2750.0,,92,91,1
201402250CLE,RS,CLE,2797.0,,93,91,2
201402250CLE,RS,CLE,2797.0,,94,91,3
201402250CLE,RS,CLE,2853.0,,95,91,4
201402250CLE,RS,CLE,2853.0,,96,91,5
201402250CLE,RS,CLE,2859.0,,97,91,6
201402250CLE,RS,CLE,2859.0,,98,91,7
201402250CLE,RS,CLE,2869.0,,98,93,5
201402250CLE,RS,CLE,2870.0,F,99,93,6
201402250CLE,RS,CLE,2880.0,,99,93,6
201402270TOR,RS,WAS,0.0,,0,0,0
201402270TOR,RS,WAS,15.0,,2,0,2
201402270TOR,RS,WAS,81.0,,4,0,4
201402270TOR,RS,WAS,117.0,,7,0,7
201402270TOR,RS,WAS,140.0,,7,1,6
201402270TOR,RS,WAS,168.0,,7,3,4
201402270TOR,RS,WAS,231.0,,7,6,1
201402270TOR,RS,WAS,254.0,,9,6,3
201402270TOR,RS,WAS,273.0,,9,8,1
201402270TOR,RS,WAS,324.0,LC,9,11,-2
201402270TOR,RS,WAS,350.0,,10,11,-1
201402270TOR,RS,WAS,350.0,T,11,11,0
201402270TOR,RS,WAS,387.0,LC,13,11,2
201402270TOR,RS,WAS,423.0,,16,11,5
201402270TOR,RS,WAS,463.0,,16,13,3
201402270TOR,RS,WAS,486.0,,19,13,6
201402270TOR,RS,WAS,552.0,,19,15,4
201402270TOR,RS,WAS,575.0,,22,15,7
201402270TOR,RS,WAS,588.0,,22,16,6
201402270TOR,RS,WAS,666.0,,22,18,4
201402270TOR,RS,WAS,666.0,,22,19,3
201402270TOR,RS,WAS,694.0,,25,19,6
201402270TOR,RS,WAS,706.0,,25,21,4
201402270TOR,RS,WAS,716.0,,27,21,6
201402270TOR,RS,WAS,740.0,,27,23,4
201402270TOR,RS,WAS,740.0,,27,24,3
201402270TOR,RS,WAS,759.0,,29,24,5
201402270TOR,RS,WAS,812.0,,29,25,4
201402270TOR,RS,WAS,812.0,,29,26,3
201402270TOR,RS,WAS,849.0,,29,28,1
201402270TOR,RS,WAS,875.0,LC,29,30,-1
201402270TOR,RS,WAS,901.0,LC,32,30,2
201402270TOR,RS,WAS,930.0,,33,30,3
201402270TOR,RS,WAS,946.0,,33,32,1
201402270TOR,RS,WAS,987.0,,34,32,2
201402270TOR,RS,WAS,987.0,,35,32,3
201402270TOR,RS,WAS,1005.0,,35,34,1
201402270TOR,RS,WAS,1039.0,,38,34,4
201402270TOR,RS,WAS,1066.0,,38,36,2
201402270TOR,RS,WAS,1066.0,,38,37,1
201402270TOR,RS,WAS,1078.0,LC,38,39,-1
201402270TOR,RS,WAS,1100.0,LC,40,39,1
201402270TOR,RS,WAS,1113.0,,42,39,3
201402270TOR,RS,WAS,1137.0,T,42,42,0
201402270TOR,RS,WAS,1159.0,,43,42,1
201402270TOR,RS,WAS,1159.0,,44,42,2
201402270TOR,RS,WAS,1175.0,T,44,44,0
201402270TOR,RS,WAS,1184.0,,46,44,2
201402270TOR,RS,WAS,1217.0,T,46,46,0
201402270TOR,RS,WAS,1242.0,LC,46,48,-2
201402270TOR,RS,WAS,1258.0,T,48,48,0
201402270TOR,RS,WAS,1304.0,LC,49,48,1
201402270TOR,RS,WAS,1304.0,,50,48,2
201402270TOR,RS,WAS,1357.0,T,50,50,0
201402270TOR,RS,WAS,1384.0,,52,50,2
201402270TOR,RS,WAS,1384.0,,53,50,3
201402270TOR,RS,WAS,1396.0,,53,52,1
201402270TOR,RS,WAS,1406.0,,54,52,2
201402270TOR,RS,WAS,1410.0,,54,53,1
201402270TOR,RS,WAS,1410.0,T,54,54,0
201402270TOR,RS,WAS,1427.0,LC,54,55,-1
201402270TOR,RS,WAS,1439.0,,54,57,-3
201402270TOR,RS,WAS,1455.0,,54,59,-5
201402270TOR,RS,WAS,1498.0,,54,61,-7
201402270TOR,RS,WAS,1514.0,,56,61,-5
201402270TOR,RS,WAS,1563.0,,56,63,-7
201402270TOR,RS,WAS,1607.0,,58,63,-5
201402270TOR,RS,WAS,1661.0,,58,66,-8
201402270TOR,RS,WAS,1686.0,,60,66,-6
201402270TOR,RS,WAS,1701.0,,60,67,-7
201402270TOR,RS,WAS,1735.0,,61,67,-6
201402270TOR,RS,WAS,1735.0,,62,67,-5
201402270TOR,RS,WAS,1747.0,,62,70,-8
201402270TOR,RS,WAS,1863.0,,62,72,-10
201402270TOR,RS,WAS,1891.0,,65,72,-7
201402270TOR,RS,WAS,1898.0,,65,73,-8
201402270TOR,RS,WAS,1945.0,,65,75,-10
201402270TOR,RS,WAS,1979.0,,65,77,-12
201402270TOR,RS,WAS,1991.0,,67,77,-10
201402270TOR,RS,WAS,2014.0,,69,77,-8
201402270TOR,RS,WAS,2014.0,,70,77,-7
201402270TOR,RS,WAS,2037.0,,71,77,-6
201402270TOR,RS,WAS,2065.0,,73,77,-4
201402270TOR,RS,WAS,2085.0,,75,77,-2
201402270TOR,RS,WAS,2085.0,,76,77,-1
201402270TOR,RS,WAS,2117.0,,76,78,-2
201402270TOR,RS,WAS,2117.0,,76,79,-3
201402270TOR,RS,WAS,2129.0,,78,79,-1
201402270TOR,RS,WAS,2155.0,,78,81,-3
201402270TOR,RS,WAS,2155.0,,78,82,-4
201402270TOR,RS,WAS,2155.0,,78,83,-5
201402270TOR,RS,WAS,2186.0,,80,83,-3
201402270TOR,RS,WAS,2221.0,,82,83,-1
201402270TOR,RS,WAS,2246.0,,82,85,-3
201402270TOR,RS,WAS,2269.0,T,85,85,0
201402270TOR,RS,WAS,2287.0,,85,87,-2
201402270TOR,RS,WAS,2314.0,,85,88,-3
201402270TOR,RS,WAS,2314.0,,85,89,-4
201402270TOR,RS,WAS,2331.0,,85,91,-6
201402270TOR,RS,WAS,2377.0,,87,91,-4
201402270TOR,RS,WAS,2395.0,,87,93,-6
201402270TOR,RS,WAS,2414.0,,89,93,-4
201402270TOR,RS,WAS,2450.0,,90,93,-3
201402270TOR,RS,WAS,2450.0,,91,93,-2
201402270TOR,RS,WAS,2463.0,,91,95,-4
201402270TOR,RS,WAS,2490.0,,94,95,-1
201402270TOR,RS,WAS,2523.0,T,95,95,0
201402270TOR,RS,WAS,2565.0,LC,97,95,2
201402270TOR,RS,WAS,2581.0,T,97,97,0
201402270TOR,RS,WAS,2631.0,LC,97,99,-2
201402270TOR,RS,WAS,2654.0,,97,100,-3
201402270TOR,RS,WAS,2694.0,,99,100,-1
201402270TOR,RS,WAS,2763.0,,99,102,-3
201402270TOR,RS,WAS,2781.0,T,102,102,0
201402270TOR,RS,WAS,2804.0,,102,104,-2
201402270TOR,RS,WAS,2819.0,T,104,104,0
201402270TOR,RS,WAS,2847.0,LC,106,104,2
201402270TOR,RS,WAS,2875.0,T,106,106,0
201402270TOR,RS,WAS,2924.0,,108,106,2
201402270TOR,RS,WAS,2966.0,,109,106,3
201402270TOR,RS,WAS,2966.0,,110,106,4
201402270TOR,RS,WAS,3029.0,,110,107,3
201402270TOR,RS,WAS,3029.0,,110,108,2
201402270TOR,RS,WAS,3046.0,,112,108,4
201402270TOR,RS,WAS,3060.0,,112,110,2
201402270TOR,RS,WAS,3060.0,,112,111,1
201402270TOR,RS,WAS,3124.0,,114,111,3
201402270TOR,RS,WAS,3132.0,,114,112,2
201402270TOR,RS,WAS,3157.0,T,114,114,0
201402270TOR,RS,WAS,3211.0,,116,114,2
201402270TOR,RS,WAS,3303.0,T,116,116,0
201402270TOR,RS,WAS,3437.0,LC,116,117,-1
201402270TOR,RS,WAS,3437.0,,116,118,-2
201402270TOR,RS,WAS,3477.0,T,118,118,0
201402270TOR,RS,WAS,3511.0,LC,120,118,2
201402270TOR,RS,WAS,3527.0,T,120,120,0
201402270TOR,RS,WAS,3547.0,,121,120,1
201402270TOR,RS,WAS,3547.0,,122,120,2
201402270TOR,RS,WAS,3591.0,T,122,122,0
201402270TOR,RS,WAS,3625.0,,125,122,3
201402270TOR,RS,WAS,3644.0,,125,124,1
201402270TOR,RS,WAS,3664.0,,126,124,2
201402270TOR,RS,WAS,3664.0,,127,124,3
201402270TOR,RS,WAS,3675.0,,127,126,1
201402270TOR,RS,WAS,3675.0,T,127,127,0
201402270TOR,RS,WAS,3700.0,LC,127,129,-2
201402270TOR,RS,WAS,3720.0,,127,131,-4
201402270TOR,RS,WAS,3728.0,,128,131,-3
201402270TOR,RS,WAS,3728.0,,129,131,-2
201402270TOR,RS,WAS,3750.0,,129,133,-4
201402270TOR,RS,WAS,3759.0,F,129,134,-5
201402270TOR,RS,WAS,3780.0,,129,134,-5
201403020TOR,RS,GSW,0.0,,0,0,0
201403020TOR,RS,GSW,16.0,,0,2,-2
201403020TOR,RS,GSW,90.0,,0,4,-4
201403020TOR,RS,GSW,134.0,,2,4,-2
201403020TOR,RS,GSW,172.0,,2,6,-4
201403020TOR,RS,GSW,198.0,,4,6,-2
201403020TOR,RS,GSW,218.0,,4,8,-4
201403020TOR,RS,GSW,233.0,,7,8,-1
201403020TOR,RS,GSW,281.0,,7,9,-2
201403020TOR,RS,GSW,281.0,,7,10,-3
201403020TOR,RS,GSW,294.0,,9,10,-1
201403020TOR,RS,GSW,308.0,,9,12,-3
201403020TOR,RS,GSW,340.0,,11,12,-1
201403020TOR,RS,GSW,365.0,LC,13,12,1
201403020TOR,RS,GSW,378.0,LC,13,14,-1
201403020TOR,RS,GSW,390.0,LC,15,14,1
201403020TOR,RS,GSW,404.0,LC,15,16,-1
201403020TOR,RS,GSW,404.0,,15,17,-2
201403020TOR,RS,GSW,424.0,T,17,17,0
201403020TOR,RS,GSW,440.0,,17,19,-2
201403020TOR,RS,GSW,501.0,,17,22,-5
201403020TOR,RS,GSW,526.0,,19,22,-3
201403020TOR,RS,GSW,550.0,,21,22,-1
201403020TOR,RS,GSW,587.0,LC,23,22,1
201403020TOR,RS,GSW,622.0,LC,23,24,-1
201403020TOR,RS,GSW,643.0,LC,25,24,1
201403020TOR,RS,GSW,655.0,LC,25,26,-1
201403020TOR,RS,GSW,683.0,,25,28,-3
201403020TOR,RS,GSW,735.0,,26,28,-2
201403020TOR,RS,GSW,748.0,,26,30,-4
201403020TOR,RS,GSW,784.0,,26,32,-6
201403020TOR,RS,GSW,821.0,,26,34,-8
201403020TOR,RS,GSW,839.0,,28,34,-6
201403020TOR,RS,GSW,866.0,,30,34,-4
201403020TOR,RS,GSW,896.0,,33,34,-1
201403020TOR,RS,GSW,958.0,LC,36,34,2
201403020TOR,RS,GSW,1032.0,LC,36,37,-1
201403020TOR,RS,GSW,1050.0,T,37,37,0
201403020TOR,RS,GSW,1050.0,LC,38,37,1
201403020TOR,RS,GSW,1077.0,,39,37,2
201403020TOR,RS,GSW,1077.0,,40,37,3
201403020TOR,RS,GSW,1136.0,,40,38,2
201403020TOR,RS,GSW,1136.0,,40,39,1
201403020TOR,RS,GSW,1149.0,,42,39,3
201403020TOR,RS,GSW,1163.0,T,42,42,0
201403020TOR,RS,GSW,1176.0,,43,42,1
201403020TOR,RS,GSW,1176.0,,44,42,2
201403020TOR,RS,GSW,1188.0,T,44,44,0
201403020TOR,RS,GSW,1236.0,LC,44,46,-2
201403020TOR,RS,GSW,1246.0,T,46,46,0
201403020TOR,RS,GSW,1269.0,LC,48,46,2
201403020TOR,RS,GSW,1311.0,,49,46,3
201403020TOR,RS,GSW,1311.0,,50,46,4
201403020TOR,RS,GSW,1328.0,,50,47,3
201403020TOR,RS,GSW,1328.0,,50,48,2
201403020TOR,RS,GSW,1347.0,,53,48,5
201403020TOR,RS,GSW,1375.0,,53,49,4
201403020TOR,RS,GSW,1375.0,,53,50,3
201403020TOR,RS,GSW,1427.0,,55,50,5
201403020TOR,RS,GSW,1457.0,,55,52,3
201403020TOR,RS,GSW,1475.0,,57,52,5
201403020TOR,RS,GSW,1507.0,,58,52,6
201403020TOR,RS,GSW,1507.0,,59,52,7
201403020TOR,RS,GSW,1518.0,,59,55,4
201403020TOR,RS,GSW,1549.0,,59,57,2
201403020TOR,RS,GSW,1598.0,T,59,59,0
201403020TOR,RS,GSW,1738.0,LC,59,62,-3
201403020TOR,RS,GSW,1754.0,,61,62,-1
201403020TOR,RS,GSW,1787.0,T,62,62,0
201403020TOR,RS,GSW,1787.0,LC,63,62,1
201403020TOR,RS,GSW,1801.0,LC,63,64,-1
201403020TOR,RS,GSW,1821.0,LC,65,64,1
201403020TOR,RS,GSW,1829.0,T,65,65,0
201403020TOR,RS,GSW,1903.0,,68,65,3
201403020TOR,RS,GSW,1954.0,,68,66,2
201403020TOR,RS,GSW,1954.0,,68,67,1
201403020TOR,RS,GSW,1971.0,LC,68,69,-1
201403020TOR,RS,GSW,1985.0,T,69,69,0
201403020TOR,RS,GSW,1985.0,LC,70,69,1
201403020TOR,RS,GSW,2006.0,T,70,70,0
201403020TOR,RS,GSW,2006.0,LC,70,71,-1
201403020TOR,RS,GSW,2029.0,,70,72,-2
201403020TOR,RS,GSW,2029.0,,70,73,-3
201403020TOR,RS,GSW,2073.0,,71,73,-2
201403020TOR,RS,GSW,2073.0,,72,73,-1
201403020TOR,RS,GSW,2083.0,,72,75,-3
201403020TOR,RS,GSW,2134.0,,74,75,-1
201403020TOR,RS,GSW,2134.0,T,75,75,0
201403020TOR,RS,GSW,2156.0,,75,78,-3
201403020TOR,RS,GSW,2179.0,,75,80,-5
201403020TOR,RS,GSW,2198.0,,76,80,-4
201403020TOR,RS,GSW,2250.0,,78,80,-2
201403020TOR,RS,GSW,2272.0,,78,82,-4
201403020TOR,RS,GSW,2310.0,,78,84,-6
201403020TOR,RS,GSW,2337.0,,81,84,-3
201403020TOR,RS,GSW,2350.0,,81,86,-5
201403020TOR,RS,GSW,2366.0,,83,86,-3
201403020TOR,RS,GSW,2420.0,,85,86,-1
201403020TOR,RS,GSW,2444.0,LC,88,86,2
201403020TOR,RS,GSW,2486.0,,90,86,4
201403020TOR,RS,GSW,2522.0,,92,86,6
201403020TOR,RS,GSW,2542.0,,92,88,4
201403020TOR,RS,GSW,2559.0,,95,88,7
201403020TOR,RS,GSW,2583.0,,95,90,5
201403020TOR,RS,GSW,2611.0,,95,92,3
201403020TOR,RS,GSW,2639.0,,97,92,5
201403020TOR,RS,GSW,2665.0,,97,95,2
201403020TOR,RS,GSW,2728.0,,99,95,4
201403020TOR,RS,GSW,2765.0,,101,95,6
201403020TOR,RS,GSW,2830.0,,103,95,8
201403020TOR,RS,GSW,2836.0,,103,98,5
201403020TOR,RS,GSW,2864.0,F,104,98,6
201403020TOR,RS,GSW,2880.0,,104,98,6
201403070TOR,RS,SAC,0.0,,0,0,0
201403070TOR,RS,SAC,51.0,,3,0,3
201403070TOR,RS,SAC,71.0,,3,2,1
201403070TOR,RS,SAC,101.0,T,3,3,0
201403070TOR,RS,SAC,101.0,LC,3,4,-1
201403070TOR,RS,SAC,116.0,LC,5,4,1
201403070TOR,RS,SAC,167.0,,7,4,3
201403070TOR,RS,SAC,235.0,,9,4,5
201403070TOR,RS,SAC,251.0,,9,6,3
201403070TOR,RS,SAC,284.0,,11,6,5
201403070TOR,RS,SAC,294.0,,11,8,3
201403070TOR,RS,SAC,306.0,,12,8,4
201403070TOR,RS,SAC,325.0,,12,10,2
201403070TOR,RS,SAC,340.0,,14,10,4
201403070TOR,RS,SAC,373.0,,15,10,5
201403070TOR,RS,SAC,373.0,,16,10,6
201403070TOR,RS,SAC,388.0,,16,13,3
201403070TOR,RS,SAC,403.0,,18,13,5
201403070TOR,RS,SAC,438.0,,19,13,6
201403070TOR,RS,SAC,453.0,,19,15,4
201403070TOR,RS,SAC,470.0,,22,15,7
201403070TOR,RS,SAC,485.0,,22,16,6
201403070TOR,RS,SAC,498.0,,23,16,7
201403070TOR,RS,SAC,514.0,,23,17,6
201403070TOR,RS,SAC,563.0,,25,17,8
201403070TOR,RS,SAC,618.0,,27,17,10
201403070TOR,RS,SAC,678.0,,27,19,8
201403070TOR,RS,SAC,681.0,,28,19,9
201403070TOR,RS,SAC,681.0,,29,19,10
201403070TOR,RS,SAC,745.0,,29,21,8
201403070TOR,RS,SAC,762.0,,32,21,11
201403070TOR,RS,SAC,864.0,,34,21,13
201403070TOR,RS,SAC,878.0,,34,23,11
201403070TOR,RS,SAC,885.0,,34,25,9
201403070TOR,RS,SAC,902.0,,36,25,11
201403070TOR,RS,SAC,961.0,,36,27,9
201403070TOR,RS,SAC,995.0,,36,29,7
201403070TOR,RS,SAC,1045.0,,36,31,5
201403070TOR,RS,SAC,1070.0,,37,31,6
201403070TOR,RS,SAC,1089.0,,37,33,4
201403070TOR,RS,SAC,1112.0,,37,34,3
201403070TOR,RS,SAC,1112.0,,37,35,2
201403070TOR,RS,SAC,1130.0,,39,35,4
201403070TOR,RS,SAC,1160.0,,42,35,7
201403070TOR,RS,SAC,1176.0,,42,37,5
201403070TOR,RS,SAC,1194.0,,45,37,8
201403070TOR,RS,SAC,1207.0,,45,38,7
201403070TOR,RS,SAC,1207.0,,45,39,6
201403070TOR,RS,SAC,1213.0,,46,39,7
201403070TOR,RS,SAC,1213.0,,47,39,8
201403070TOR,RS,SAC,1299.0,,47,41,6
201403070TOR,RS,SAC,1315.0,,47,42,5
201403070TOR,RS,SAC,1315.0,,47,43,4
201403070TOR,RS,SAC,1324.0,,48,43,5
201403070TOR,RS,SAC,1324.0,,49,43,6
201403070TOR,RS,SAC,1413.0,,49,44,5
201403070TOR,RS,SAC,1434.0,,51,44,7
201403070TOR,RS,SAC,1471.0,,54,44,10
201403070TOR,RS,SAC,1556.0,,56,44,12
201403070TOR,RS,SAC,1578.0,,56,46,10
201403070TOR,RS,SAC,1597.0,,58,46,12
201403070TOR,RS,SAC,1612.0,,58,47,11
201403070TOR,RS,SAC,1680.0,,58,49,9
201403070TOR,RS,SAC,1698.0,,61,49,12
201403070TOR,RS,SAC,1721.0,,61,51,10
201403070TOR,RS,SAC,1746.0,,62,51,11
201403070TOR,RS,SAC,1797.0,,62,52,10
201403070TOR,RS,SAC,1797.0,,62,53,9
201403070TOR,RS,SAC,1821.0,,65,53,12
201403070TOR,RS,SAC,1857.0,,65,54,11
201403070TOR,RS,SAC,1857.0,,65,55,10
201403070TOR,RS,SAC,1891.0,,67,55,12
201403070TOR,RS,SAC,1919.0,,68,55,13
201403070TOR,RS,SAC,1919.0,,69,55,14
201403070TOR,RS,SAC,1948.0,,69,57,12
201403070TOR,RS,SAC,1967.0,,72,57,15
201403070TOR,RS,SAC,1997.0,,72,60,12
201403070TOR,RS,SAC,2070.0,,73,60,13
201403070TOR,RS,SAC,2070.0,,74,60,14
201403070TOR,RS,SAC,2084.0,,74,62,12
201403070TOR,RS,SAC,2100.0,,76,62,14
201403070TOR,RS,SAC,2128.0,,78,62,16
201403070TOR,RS,SAC,2143.0,,78,63,15
201403070TOR,RS,SAC,2157.0,,80,63,17
201403070TOR,RS,SAC,2270.0,,82,63,19
201403070TOR,RS,SAC,2300.0,,84,63,21
201403070TOR,RS,SAC,2362.0,,86,63,23
201403070TOR,RS,SAC,2459.0,,86,65,21
201403070TOR,RS,SAC,2505.0,,86,67,19
201403070TOR,RS,SAC,2559.0,,86,70,16
201403070TOR,RS,SAC,2587.0,,86,71,15
201403070TOR,RS,SAC,2587.0,,86,72,14
201403070TOR,RS,SAC,2606.0,,88,72,16
201403070TOR,RS,SAC,2640.0,,90,72,18
201403070TOR,RS,SAC,2695.0,,90,74,16
201403070TOR,RS,SAC,2724.0,,92,74,18
201403070TOR,RS,SAC,2740.0,,92,75,17
201403070TOR,RS,SAC,2740.0,,92,76,16
201403070TOR,RS,SAC,2762.0,,92,79,13
201403070TOR,RS,SAC,2783.0,,95,79,16
201403070TOR,RS,SAC,2792.0,,95,81,14
201403070TOR,RS,SAC,2792.0,,95,82,13
201403070TOR,RS,SAC,2821.0,,95,85,10
201403070TOR,RS,SAC,2836.0,,96,85,11
201403070TOR,RS,SAC,2836.0,,97,85,12
201403070TOR,RS,SAC,2850.0,,97,87,10
201403070TOR,RS,SAC,2851.0,,98,87,11
201403070TOR,RS,SAC,2851.0,F,99,87,12
201403070TOR,RS,SAC,2880.0,,99,87,12
201403090MIN,RS,MIN,0.0,,0,0,0
201403090MIN,RS,MIN,39.0,,1,0,1
201403090MIN,RS,MIN,39.0,,2,0,2
201403090MIN,RS,MIN,56.0,T,2,2,0
201403090MIN,RS,MIN,78.0,,4,2,2
201403090MIN,RS,MIN,87.0,LC,4,5,-1
201403090MIN,RS,MIN,102.0,LC,6,5,1
201403090MIN,RS,MIN,157.0,,8,5,3
201403090MIN,RS,MIN,180.0,,10,5,5
201403090MIN,RS,MIN,214.0,,10,7,3
201403090MIN,RS,MIN,259.0,,10,9,1
201403090MIN,RS,MIN,281.0,T,10,10,0
201403090MIN,RS,MIN,301.0,,13,10,3
201403090MIN,RS,MIN,347.0,,15,10,5
201403090MIN,RS,MIN,366.0,,15,12,3
201403090MIN,RS,MIN,385.0,,15,14,1
201403090MIN,RS,MIN,385.0,T,15,15,0
201403090MIN,RS,MIN,399.0,,17,15,2
201403090MIN,RS,MIN,427.0,,18,15,3
201403090MIN,RS,MIN,427.0,,19,15,4
201403090MIN,RS,MIN,439.0,,19,17,2
201403090MIN,RS,MIN,459.0,T,19,19,0
201403090MIN,RS,MIN,479.0,LC,19,21,-2
201403090MIN,RS,MIN,496.0,T,21,21,0
201403090MIN,RS,MIN,514.0,,21,23,-2
201403090MIN,RS,MIN,534.0,LC,24,23,1
201403090MIN,RS,MIN,552.0,,26,23,3
201403090MIN,RS,MIN,573.0,T,26,26,0
201403090MIN,RS,MIN,603.0,LC,26,28,-2
201403090MIN,RS,MIN,603.0,,26,29,-3
201403090MIN,RS,MIN,636.0,,28,29,-1
201403090MIN,RS,MIN,654.0,,28,31,-3
201403090MIN,RS,MIN,673.0,,28,33,-5
201403090MIN,RS,MIN,687.0,,30,33,-3
201403090MIN,RS,MIN,720.0,T,33,33,0
201403090MIN,RS,MIN,731.0,LC,35,33,2
201403090MIN,RS,MIN,768.0,,38,33,5
201403090MIN,RS,MIN,809.0,,41,33,8
201403090MIN,RS,MIN,828.0,,43,33,10
201403090MIN,RS,MIN,903.0,,46,33,13
201403090MIN,RS,MIN,924.0,,46,35,11
201403090MIN,RS,MIN,950.0,,46,38,8
201403090MIN,RS,MIN,1003.0,,46,40,6
201403090MIN,RS,MIN,1112.0,,46,42,4
201403090MIN,RS,MIN,1144.0,,46,44,2
201403090MIN,RS,MIN,1186.0,,48,44,4
201403090MIN,RS,MIN,1235.0,,48,46,2
201403090MIN,RS,MIN,1280.0,T,48,48,0
201403090MIN,RS,MIN,1306.0,LC,48,50,-2
201403090MIN,RS,MIN,1326.0,,49,50,-1
201403090MIN,RS,MIN,1326.0,T,50,50,0
201403090MIN,RS,MIN,1365.0,LC,53,50,3
201403090MIN,RS,MIN,1396.0,,53,52,1
201403090MIN,RS,MIN,1454.0,,55,52,3
201403090MIN,RS,MIN,1506.0,,58,52,6
201403090MIN,RS,MIN,1534.0,,60,52,8
201403090MIN,RS,MIN,1553.0,,60,54,6
201403090MIN,RS,MIN,1574.0,,61,54,7
201403090MIN,RS,MIN,1574.0,,62,54,8
201403090MIN,RS,MIN,1583.0,,62,56,6
201403090MIN,RS,MIN,1638.0,,64,56,8
201403090MIN,RS,MIN,1662.0,,64,59,5
201403090MIN,RS,MIN,1730.0,,64,60,4
201403090MIN,RS,MIN,1766.0,,64,62,2
201403090MIN,RS,MIN,1809.0,,64,63,1
201403090MIN,RS,MIN,1809.0,T,64,64,0
201403090MIN,RS,MIN,1825.0,,66,64,2
201403090MIN,RS,MIN,1854.0,,67,64,3
201403090MIN,RS,MIN,1854.0,,68,64,4
201403090MIN,RS,MIN,1870.0,,68,66,2
201403090MIN,RS,MIN,1884.0,,70,66,4
201403090MIN,RS,MIN,1907.0,,70,68,2
201403090MIN,RS,MIN,1925.0,,72,68,4
201403090MIN,RS,MIN,1954.0,,75,68,7
201403090MIN,RS,MIN,1970.0,,75,71,4
201403090MIN,RS,MIN,1982.0,,75,72,3
201403090MIN,RS,MIN,2009.0,,76,72,4
201403090MIN,RS,MIN,2009.0,,77,72,5
201403090MIN,RS,MIN,2053.0,,80,72,8
201403090MIN,RS,MIN,2090.0,,81,72,9
201403090MIN,RS,MIN,2112.0,,81,73,8
201403090MIN,RS,MIN,2112.0,,81,74,7
201403090MIN,RS,MIN,2129.0,,81,76,5
201403090MIN,RS,MIN,2155.0,,82,76,6
201403090MIN,RS,MIN,2155.0,,83,76,7
201403090MIN,RS,MIN,2237.0,,83,78,5
201403090MIN,RS,MIN,2260.0,,85,78,7
201403090MIN,RS,MIN,2287.0,,88,78,10
201403090MIN,RS,MIN,2304.0,,88,80,8
201403090MIN,RS,MIN,2339.0,,90,80,10
201403090MIN,RS,MIN,2357.0,,90,83,7
201403090MIN,RS,MIN,2384.0,,90,85,5
201403090MIN,RS,MIN,2432.0,,93,85,8
201403090MIN,RS,MIN,2460.0,,93,86,7
201403090MIN,RS,MIN,2460.0,,93,87,6
201403090MIN,RS,MIN,2524.0,,93,89,4
201403090MIN,RS,MIN,2573.0,,93,91,2
201403090MIN,RS,MIN,2593.0,,96,91,5
201403090MIN,RS,MIN,2621.0,,96,93,3
201403090MIN,RS,MIN,2639.0,,98,93,5
201403090MIN,RS,MIN,2726.0,,100,93,7
201403090MIN,RS,MIN,2757.0,,101,93,8
201403090MIN,RS,MIN,2761.0,,101,94,7
201403090MIN,RS,MIN,2811.0,,104,94,10
201403090MIN,RS,MIN,2819.0,,104,97,7
201403090MIN,RS,MIN,2838.0,,105,97,8
201403090MIN,RS,MIN,2849.0,,106,97,9
201403090MIN,RS,MIN,2849.0,,107,97,10
201403090MIN,RS,MIN,2854.0,,107,99,8
201403090MIN,RS,MIN,2854.0,,108,99,9
201403090MIN,RS,MIN,2854.0,,109,99,10
201403090MIN,RS,MIN,2858.0,,109,100,9
201403090MIN,RS,MIN,2859.0,,109,102,7
201403090MIN,RS,MIN,2859.0,,109,103,6
201403090MIN,RS,MIN,2862.0,,110,103,7
201403090MIN,RS,MIN,2862.0,,111,103,8
201403090MIN,RS,MIN,2867.0,F,111,104,7
201403090MIN,RS,MIN,2880.0,,111,104,7
201403100BRK,RS,BRK,0.0,,0,0,0
201403100BRK,RS,BRK,43.0,,0,2,-2
201403100BRK,RS,BRK,92.0,LC,3,2,1
201403100BRK,RS,BRK,120.0,LC,3,4,-1
201403100BRK,RS,BRK,140.0,LC,6,4,2
201403100BRK,RS,BRK,184.0,,8,4,4
201403100BRK,RS,BRK,227.0,,10,4,6
201403100BRK,RS,BRK,255.0,,12,4,8
201403100BRK,RS,BRK,264.0,,12,5,7
201403100BRK,RS,BRK,264.0,,12,6,6
201403100BRK,RS,BRK,285.0,,14,6,8
201403100BRK,RS,BRK,313.0,,15,6,9
201403100BRK,RS,BRK,313.0,,16,6,10
201403100BRK,RS,BRK,412.0,,18,6,12
201403100BRK,RS,BRK,432.0,,18,8,10
201403100BRK,RS,BRK,452.0,,18,10,8
201403100BRK,RS,BRK,470.0,,20,10,10
201403100BRK,RS,BRK,491.0,,20,12,8
201403100BRK,RS,BRK,510.0,,22,12,10
201403100BRK,RS,BRK,525.0,,22,15,7
201403100BRK,RS,BRK,549.0,,24,15,9
201403100BRK,RS,BRK,641.0,,25,15,10
201403100BRK,RS,BRK,641.0,,26,15,11
201403100BRK,RS,BRK,656.0,,26,17,9
201403100BRK,RS,BRK,672.0,,28,17,11
201403100BRK,RS,BRK,687.0,,28,19,9
201403100BRK,RS,BRK,706.0,,30,19,11
201403100BRK,RS,BRK,739.0,,30,21,9
201403100BRK,RS,BRK,768.0,,32,21,11
201403100BRK,RS,BRK,808.0,,32,23,9
201403100BRK,RS,BRK,833.0,,34,23,11
201403100BRK,RS,BRK,846.0,,34,24,10
201403100BRK,RS,BRK,888.0,,34,25,9
201403100BRK,RS,BRK,888.0,,34,26,8
201403100BRK,RS,BRK,904.0,,36,26,10
201403100BRK,RS,BRK,922.0,,36,28,8
201403100BRK,RS,BRK,960.0,,38,28,10
201403100BRK,RS,BRK,1018.0,,38,30,8
201403100BRK,RS,BRK,1045.0,,40,30,10
201403100BRK,RS,BRK,1054.0,,40,32,8
201403100BRK,RS,BRK,1100.0,,40,33,7
201403100BRK,RS,BRK,1100.0,,40,34,6
201403100BRK,RS,BRK,1115.0,,43,34,9
201403100BRK,RS,BRK,1130.0,,43,36,7
201403100BRK,RS,BRK,1141.0,,44,36,8
201403100BRK,RS,BRK,1141.0,,45,36,9
201403100BRK,RS,BRK,1158.0,,45,38,7
201403100BRK,RS,BRK,1207.0,,45,39,6
201403100BRK,RS,BRK,1207.0,,45,40,5
201403100BRK,RS,BRK,1226.0,,46,40,6
201403100BRK,RS,BRK,1226.0,,47,40,7
201403100BRK,RS,BRK,1240.0,,47,41,6
201403100BRK,RS,BRK,1240.0,,47,42,5
201403100BRK,RS,BRK,1255.0,,49,42,7
201403100BRK,RS,BRK,1271.0,,49,44,5
201403100BRK,RS,BRK,1313.0,,49,46,3
201403100BRK,RS,BRK,1363.0,,51,46,5
201403100BRK,RS,BRK,1382.0,,51,47,4
201403100BRK,RS,BRK,1418.0,,51,50,1
201403100BRK,RS,BRK,1459.0,LC,51,52,-1
201403100BRK,RS,BRK,1518.0,,51,53,-2
201403100BRK,RS,BRK,1518.0,,51,54,-3
201403100BRK,RS,BRK,1544.0,,53,54,-1
201403100BRK,RS,BRK,1608.0,LC,55,54,1
201403100BRK,RS,BRK,1628.0,LC,55,57,-2
201403100BRK,RS,BRK,1650.0,LC,58,57,1
201403100BRK,RS,BRK,1684.0,LC,58,59,-1
201403100BRK,RS,BRK,1700.0,LC,60,59,1
201403100BRK,RS,BRK,1749.0,LC,60,61,-1
201403100BRK,RS,BRK,1785.0,,60,64,-4
201403100BRK,RS,BRK,1833.0,,60,67,-7
201403100BRK,RS,BRK,1861.0,,60,70,-10
201403100BRK,RS,BRK,1892.0,,60,73,-13
201403100BRK,RS,BRK,1907.0,,62,73,-11
201403100BRK,RS,BRK,1938.0,,65,73,-8
201403100BRK,RS,BRK,2001.0,,67,73,-6
201403100BRK,RS,BRK,2068.0,,68,73,-5
201403100BRK,RS,BRK,2068.0,,69,73,-4
201403100BRK,RS,BRK,2083.0,,70,73,-3
201403100BRK,RS,BRK,2083.0,,71,73,-2
201403100BRK,RS,BRK,2132.0,,71,76,-5
201403100BRK,RS,BRK,2151.0,,73,76,-3
201403100BRK,RS,BRK,2159.0,,73,78,-5
201403100BRK,RS,BRK,2233.0,,75,78,-3
201403100BRK,RS,BRK,2258.0,,76,78,-2
201403100BRK,RS,BRK,2258.0,,77,78,-1
201403100BRK,RS,BRK,2278.0,,77,79,-2
201403100BRK,RS,BRK,2278.0,,77,80,-3
201403100BRK,RS,BRK,2292.0,,79,80,-1
201403100BRK,RS,BRK,2307.0,,79,83,-4
201403100BRK,RS,BRK,2328.0,,81,83,-2
201403100BRK,RS,BRK,2344.0,,81,84,-3
201403100BRK,RS,BRK,2383.0,,81,86,-5
201403100BRK,RS,BRK,2405.0,,83,86,-3
201403100BRK,RS,BRK,2511.0,,84,86,-2
201403100BRK,RS,BRK,2511.0,,85,86,-1
201403100BRK,RS,BRK,2574.0,,85,89,-4
201403100BRK,RS,BRK,2587.0,,85,90,-5
201403100BRK,RS,BRK,2609.0,,88,90,-2
201403100BRK,RS,BRK,2674.0,T,90,90,0
201403100BRK,RS,BRK,2706.0,LC,91,90,1
201403100BRK,RS,BRK,2706.0,,92,90,2
201403100BRK,RS,BRK,2720.0,T,92,92,0
201403100BRK,RS,BRK,2745.0,,94,92,2
201403100BRK,RS,BRK,2763.0,T,94,94,0
201403100BRK,RS,BRK,2806.0,LC,94,97,-3
201403100BRK,RS,BRK,2817.0,,95,97,-2
201403100BRK,RS,BRK,2817.0,,96,97,-1
201403100BRK,RS,BRK,2857.0,,96,98,-2
201403100BRK,RS,BRK,2857.0,,96,99,-3
201403100BRK,RS,BRK,2873.0,,96,100,-4
201403100BRK,RS,BRK,2875.0,,97,100,-3
201403100BRK,RS,BRK,2875.0,F,97,101,-4
201403100BRK,RS,BRK,2880.0,,97,101,-4
201403120TOR,RS,DET,0.0,,0,0,0
201403120TOR,RS,DET,19.0,,0,2,-2
201403120TOR,RS,DET,38.0,LC,3,2,1
201403120TOR,RS,DET,82.0,LC,3,4,-1
201403120TOR,RS,DET,101.0,LC,5,4,1
201403120TOR,RS,DET,148.0,,8,4,4
201403120TOR,RS,DET,169.0,,10,4,6
201403120TOR,RS,DET,188.0,,10,5,5
201403120TOR,RS,DET,206.0,,12,5,7
201403120TOR,RS,DET,231.0,,13,5,8
201403120TOR,RS,DET,231.0,,14,5,9
201403120TOR,RS,DET,274.0,,14,7,7
201403120TOR,RS,DET,331.0,,16,7,9
201403120TOR,RS,DET,385.0,,16,8,8
201403120TOR,RS,DET,409.0,,17,8,9
201403120TOR,RS,DET,409.0,,18,8,10
201403120TOR,RS,DET,428.0,,18,10,8
201403120TOR,RS,DET,440.0,,20,10,10
201403120TOR,RS,DET,486.0,,22,10,12
201403120TOR,RS,DET,503.0,,22,13,9
201403120TOR,RS,DET,524.0,,25,13,12
201403120TOR,RS,DET,540.0,,25,15,10
201403120TOR,RS,DET,566.0,,27,15,12
201403120TOR,RS,DET,606.0,,29,15,14
201403120TOR,RS,DET,643.0,,29,17,12
201403120TOR,RS,DET,683.0,,29,19,10
201403120TOR,RS,DET,697.0,,29,21,8
201403120TOR,RS,DET,783.0,,29,23,6
201403120TOR,RS,DET,856.0,,29,26,3
201403120TOR,RS,DET,923.0,T,29,29,0
201403120TOR,RS,DET,943.0,,31,29,2
201403120TOR,RS,DET,988.0,,32,29,3
201403120TOR,RS,DET,997.0,,34,29,5
201403120TOR,RS,DET,1038.0,,36,29,7
201403120TOR,RS,DET,1056.0,,36,31,5
201403120TOR,RS,DET,1072.0,,39,31,8
201403120TOR,RS,DET,1103.0,,39,33,6
201403120TOR,RS,DET,1129.0,,39,35,4
201403120TOR,RS,DET,1142.0,,40,35,5
201403120TOR,RS,DET,1199.0,,42,35,7
201403120TOR,RS,DET,1221.0,,42,37,5
201403120TOR,RS,DET,1279.0,,44,37,7
201403120TOR,RS,DET,1279.0,,45,37,8
201403120TOR,RS,DET,1292.0,,45,39,6
201403120TOR,RS,DET,1316.0,,47,39,8
201403120TOR,RS,DET,1350.0,,48,39,9
201403120TOR,RS,DET,1350.0,,49,39,10
201403120TOR,RS,DET,1364.0,,49,42,7
201403120TOR,RS,DET,1389.0,,49,45,4
201403120TOR,RS,DET,1406.0,,52,45,7
201403120TOR,RS,DET,1492.0,,54,45,9
201403120TOR,RS,DET,1515.0,,54,47,7
201403120TOR,RS,DET,1552.0,,56,47,9
201403120TOR,RS,DET,1581.0,,58,47,11
201403120TOR,RS,DET,1612.0,,60,47,13
201403120TOR,RS,DET,1642.0,,62,47,15
201403120TOR,RS,DET,1700.0,,65,47,18
201403120TOR,RS,DET,1709.0,,65,49,16
201403120TOR,RS,DET,1761.0,,65,51,14
201403120TOR,RS,DET,1843.0,,67,51,16
201403120TOR,RS,DET,1858.0,,67,52,15
201403120TOR,RS,DET,1876.0,,69,52,17
201403120TOR,RS,DET,1888.0,,69,55,14
201403120TOR,RS,DET,1897.0,,70,55,15
201403120TOR,RS,DET,1897.0,,71,55,16
201403120TOR,RS,DET,1902.0,,72,55,17
201403120TOR,RS,DET,1932.0,,72,57,15
201403120TOR,RS,DET,1988.0,,72,59,13
201403120TOR,RS,DET,2024.0,,72,60,12
201403120TOR,RS,DET,2024.0,,72,61,11
201403120TOR,RS,DET,2068.0,,74,61,13
201403120TOR,RS,DET,2079.0,,74,63,11
201403120TOR,RS,DET,2111.0,,74,66,8
201403120TOR,RS,DET,2158.0,,74,69,5
201403120TOR,RS,DET,2198.0,,76,69,7
201403120TOR,RS,DET,2269.0,,77,69,8
201403120TOR,RS,DET,2301.0,,79,69,10
201403120TOR,RS,DET,2301.0,,80,69,11
201403120TOR,RS,DET,2320.0,,83,69,14
201403120TOR,RS,DET,2341.0,,83,71,12
201403120TOR,RS,DET,2377.0,,83,74,9
201403120TOR,RS,DET,2420.0,,85,74,11
201403120TOR,RS,DET,2466.0,,86,74,12
201403120TOR,RS,DET,2466.0,,87,74,13
201403120TOR,RS,DET,2488.0,,87,75,12
201403120TOR,RS,DET,2554.0,,89,75,14
201403120TOR,RS,DET,2576.0,,90,75,15
201403120TOR,RS,DET,2593.0,,90,77,13
201403120TOR,RS,DET,2634.0,,91,77,14
201403120TOR,RS,DET,2719.0,,91,79,12
201403120TOR,RS,DET,2738.0,,93,79,14
201403120TOR,RS,DET,2764.0,,96,79,17
201403120TOR,RS,DET,2786.0,,96,81,15
201403120TOR,RS,DET,2816.0,,98,81,17
201403120TOR,RS,DET,2827.0,,98,82,16
201403120TOR,RS,DET,2827.0,,98,83,15
201403120TOR,RS,DET,2851.0,,100,83,17
201403120TOR,RS,DET,2853.0,,100,84,16
201403120TOR,RS,DET,2872.0,,101,84,17
201403120TOR,RS,DET,2877.0,,101,86,15
201403120TOR,RS,DET,2877.0,F,101,87,14
201403120TOR,RS,DET,2880.0,,101,87,14
201403140TOR,RS,MEM,0.0,,0,0,0
201403140TOR,RS,MEM,15.0,,3,0,3
201403140TOR,RS,MEM,38.0,,3,2,1
201403140TOR,RS,MEM,63.0,,4,2,2
201403140TOR,RS,MEM,63.0,,5,2,3
201403140TOR,RS,MEM,63.0,,6,2,4
201403140TOR,RS,MEM,77.0,,6,4,2
201403140TOR,RS,MEM,90.0,,8,4,4
201403140TOR,RS,MEM,250.0,,8,6,2
201403140TOR,RS,MEM,274.0,T,8,8,0
201403140TOR,RS,MEM,329.0,,10,8,2
201403140TOR,RS,MEM,350.0,T,10,10,0
201403140TOR,RS,MEM,398.0,,12,10,2
201403140TOR,RS,MEM,455.0,T,12,12,0
201403140TOR,RS,MEM,488.0,LC,12,13,-1
201403140TOR,RS,MEM,488.0,,12,14,-2
201403140TOR,RS,MEM,488.0,T,14,14,0
201403140TOR,RS,MEM,518.0,,14,16,-2
201403140TOR,RS,MEM,566.0,,14,18,-4
201403140TOR,RS,MEM,566.0,,14,19,-5
201403140TOR,RS,MEM,606.0,,16,19,-3
201403140TOR,RS,MEM,628.0,,16,20,-4
201403140TOR,RS,MEM,628.0,,16,22,-6
201403140TOR,RS,MEM,664.0,,16,23,-7
201403140TOR,RS,MEM,664.0,,16,24,-8
201403140TOR,RS,MEM,670.0,,17,24,-7
201403140TOR,RS,MEM,713.0,,19,24,-5
201403140TOR,RS,MEM,736.0,,19,26,-7
201403140TOR,RS,MEM,783.0,,19,28,-9
201403140TOR,RS,MEM,800.0,,21,28,-7
201403140TOR,RS,MEM,819.0,,21,29,-8
201403140TOR,RS,MEM,841.0,,22,29,-7
201403140TOR,RS,MEM,841.0,,23,29,-6
201403140TOR,RS,MEM,859.0,,23,31,-8
201403140TOR,RS,MEM,948.0,,26,31,-5
201403140TOR,RS,MEM,967.0,,28,31,-3
201403140TOR,RS,MEM,1003.0,,28,34,-6
201403140TOR,RS,MEM,1027.0,,29,34,-5
201403140TOR,RS,MEM,1027.0,,30,34,-4
201403140TOR,RS,MEM,1060.0,,30,36,-6
201403140TOR,RS,MEM,1099.0,,30,38,-8
201403140TOR,RS,MEM,1158.0,,32,38,-6
201403140TOR,RS,MEM,1192.0,,35,38,-3
201403140TOR,RS,MEM,1243.0,,35,40,-5
201403140TOR,RS,MEM,1250.0,,36,40,-4
201403140TOR,RS,MEM,1257.0,,38,40,-2
201403140TOR,RS,MEM,1307.0,,38,42,-4
201403140TOR,RS,MEM,1333.0,,40,42,-2
201403140TOR,RS,MEM,1359.0,T,42,42,0
201403140TOR,RS,MEM,1383.0,,42,44,-2
201403140TOR,RS,MEM,1391.0,T,44,44,0
201403140TOR,RS,MEM,1407.0,LC,45,44,1
201403140TOR,RS,MEM,1440.0,,47,44,3
201403140TOR,RS,MEM,1456.0,,47,46,1
201403140TOR,RS,MEM,1510.0,LC,47,48,-1
201403140TOR,RS,MEM,1568.0,,47,51,-4
201403140TOR,RS,MEM,1590.0,,50,51,-1
201403140TOR,RS,MEM,1628.0,LC,52,51,1
201403140TOR,RS,MEM,1647.0,LC,52,53,-1
201403140TOR,RS,MEM,1679.0,,52,55,-3
201403140TOR,RS,MEM,1713.0,,54,55,-1
201403140TOR,RS,MEM,1729.0,,54,57,-3
201403140TOR,RS,MEM,1764.0,T,57,57,0
201403140TOR,RS,MEM,1828.0,LC,60,57,3
201403140TOR,RS,MEM,1862.0,,61,57,4
201403140TOR,RS,MEM,1897.0,,61,59,2
201403140TOR,RS,MEM,1914.0,,63,59,4
201403140TOR,RS,MEM,1948.0,,65,59,6
201403140TOR,RS,MEM,2002.0,,65,61,4
201403140TOR,RS,MEM,2002.0,,65,62,3
201403140TOR,RS,MEM,2025.0,,67,62,5
201403140TOR,RS,MEM,2041.0,,67,64,3
201403140TOR,RS,MEM,2093.0,,69,64,5
201403140TOR,RS,MEM,2109.0,,70,64,6
201403140TOR,RS,MEM,2109.0,,71,64,7
201403140TOR,RS,MEM,2118.0,,71,65,6
201403140TOR,RS,MEM,2159.0,,71,67,4
201403140TOR,RS,MEM,2186.0,,71,68,3
201403140TOR,RS,MEM,2186.0,,71,69,2
201403140TOR,RS,MEM,2238.0,T,71,71,0
201403140TOR,RS,MEM,2261.0,,72,71,1
201403140TOR,RS,MEM,2261.0,,73,71,2
201403140TOR,RS,MEM,2261.0,,74,71,3
201403140TOR,RS,MEM,2279.0,,74,73,1
201403140TOR,RS,MEM,2300.0,,76,73,3
201403140TOR,RS,MEM,2339.0,,76,75,1
201403140TOR,RS,MEM,2361.0,,78,75,3
201403140TOR,RS,MEM,2383.0,,78,77,1
201403140TOR,RS,MEM,2435.0,T,78,78,0
201403140TOR,RS,MEM,2435.0,LC,78,79,-1
201403140TOR,RS,MEM,2482.0,LC,80,79,1
201403140TOR,RS,MEM,2496.0,T,80,80,0
201403140TOR,RS,MEM,2515.0,,83,80,3
201403140TOR,RS,MEM,2535.0,,85,80,5
201403140TOR,RS,MEM,2573.0,,87,80,7
201403140TOR,RS,MEM,2687.0,,90,80,10
201403140TOR,RS,MEM,2726.0,,92,80,12
201403140TOR,RS,MEM,2775.0,,92,82,10
201403140TOR,RS,MEM,2784.0,,93,82,11
201403140TOR,RS,MEM,2784.0,,94,82,12
201403140TOR,RS,MEM,2820.0,,96,82,14
201403140TOR,RS,MEM,2829.0,,96,83,13
201403140TOR,RS,MEM,2829.0,,96,84,12
201403140TOR,RS,MEM,2848.0,,99,84,15
201403140TOR,RS,MEM,2870.0,,99,85,14
201403140TOR,RS,MEM,2870.0,F,99,86,13
201403140TOR,RS,MEM,2880.0,,99,86,13
201403160TOR,RS,PHO,0.0,,0,0,0
201403160TOR,RS,PHO,17.0,,2,0,2
201403160TOR,RS,PHO,82.0,,4,0,4
201403160TOR,RS,PHO,99.0,,4,2,2
201403160TOR,RS,PHO,135.0,T,4,4,0
201403160TOR,RS,PHO,161.0,,7,4,3
201403160TOR,RS,PHO,217.0,,10,4,6
201403160TOR,RS,PHO,229.0,,10,6,4
201403160TOR,RS,PHO,260.0,,10,8,2
201403160TOR,RS,PHO,272.0,,12,8,4
201403160TOR,RS,PHO,272.0,,13,8,5
201403160TOR,RS,PHO,317.0,,13,11,2
201403160TOR,RS,PHO,340.0,,15,11,4
201403160TOR,RS,PHO,364.0,,17,11,6
201403160TOR,RS,PHO,377.0,,17,12,5
201403160TOR,RS,PHO,377.0,,17,13,4
201403160TOR,RS,PHO,413.0,,18,13,5
201403160TOR,RS,PHO,413.0,,19,13,6
201403160TOR,RS,PHO,445.0,,21,13,8
201403160TOR,RS,PHO,459.0,,21,16,5
201403160TOR,RS,PHO,480.0,,23,16,7
201403160TOR,RS,PHO,480.0,,24,16,8
201403160TOR,RS,PHO,495.0,,24,18,6
201403160TOR,RS,PHO,514.0,,27,18,9
201403160TOR,RS,PHO,526.0,,27,21,6
201403160TOR,RS,PHO,555.0,,27,23,4
201403160TOR,RS,PHO,585.0,,27,26,1
201403160TOR,RS,PHO,606.0,,29,26,3
201403160TOR,RS,PHO,625.0,T,29,29,0
201403160TOR,RS,PHO,639.0,,31,29,2
201403160TOR,RS,PHO,659.0,T,31,31,0
201403160TOR,RS,PHO,667.0,,32,31,1
201403160TOR,RS,PHO,667.0,,33,31,2
201403160TOR,RS,PHO,686.0,LC,33,34,-1
201403160TOR,RS,PHO,700.0,LC,35,34,1
201403160TOR,RS,PHO,719.0,LC,35,37,-2
201403160TOR,RS,PHO,830.0,,36,37,-1
201403160TOR,RS,PHO,830.0,T,37,37,0
201403160TOR,RS,PHO,876.0,,37,39,-2
201403160TOR,RS,PHO,903.0,,37,41,-4
201403160TOR,RS,PHO,903.0,,37,42,-5
201403160TOR,RS,PHO,941.0,,37,44,-7
201403160TOR,RS,PHO,988.0,,37,46,-9
201403160TOR,RS,PHO,1031.0,,39,46,-7
201403160TOR,RS,PHO,1057.0,,39,47,-8
201403160TOR,RS,PHO,1057.0,,39,48,-9
201403160TOR,RS,PHO,1074.0,,41,48,-7
201403160TOR,RS,PHO,1093.0,,41,50,-9
201403160TOR,RS,PHO,1102.0,,43,50,-7
201403160TOR,RS,PHO,1108.0,,43,52,-9
201403160TOR,RS,PHO,1184.0,,44,52,-8
201403160TOR,RS,PHO,1184.0,,45,52,-7
201403160TOR,RS,PHO,1201.0,,45,53,-8
201403160TOR,RS,PHO,1201.0,,45,54,-9
201403160TOR,RS,PHO,1212.0,,47,54,-7
201403160TOR,RS,PHO,1233.0,,47,55,-8
201403160TOR,RS,PHO,1233.0,,47,56,-9
201403160TOR,RS,PHO,1256.0,,49,56,-7
201403160TOR,RS,PHO,1276.0,,49,59,-10
201403160TOR,RS,PHO,1340.0,,50,59,-9
201403160TOR,RS,PHO,1340.0,,51,59,-8
201403160TOR,RS,PHO,1357.0,,53,59,-6
201403160TOR,RS,PHO,1372.0,,53,61,-8
201403160TOR,RS,PHO,1392.0,,56,61,-5
201403160TOR,RS,PHO,1413.0,,59,61,-2
201403160TOR,RS,PHO,1454.0,T,61,61,0
201403160TOR,RS,PHO,1479.0,,61,64,-3
201403160TOR,RS,PHO,1492.0,,62,64,-2
201403160TOR,RS,PHO,1492.0,,63,64,-1
201403160TOR,RS,PHO,1532.0,,63,65,-2
201403160TOR,RS,PHO,1532.0,,63,66,-3
201403160TOR,RS,PHO,1559.0,,63,68,-5
201403160TOR,RS,PHO,1585.0,,63,70,-7
201403160TOR,RS,PHO,1598.0,,66,70,-4
201403160TOR,RS,PHO,1621.0,,66,72,-6
201403160TOR,RS,PHO,1635.0,,67,72,-5
201403160TOR,RS,PHO,1635.0,,68,72,-4
201403160TOR,RS,PHO,1657.0,,68,73,-5
201403160TOR,RS,PHO,1657.0,,68,74,-6
201403160TOR,RS,PHO,1672.0,,69,74,-5
201403160TOR,RS,PHO,1672.0,,70,74,-4
201403160TOR,RS,PHO,1714.0,,70,76,-6
201403160TOR,RS,PHO,1737.0,,70,77,-7
201403160TOR,RS,PHO,1737.0,,70,78,-8
201403160TOR,RS,PHO,1755.0,,70,79,-9
201403160TOR,RS,PHO,1755.0,,70,80,-10
201403160TOR,RS,PHO,1787.0,,70,81,-11
201403160TOR,RS,PHO,1787.0,,70,82,-12
201403160TOR,RS,PHO,1814.0,,70,84,-14
201403160TOR,RS,PHO,1834.0,,72,84,-12
201403160TOR,RS,PHO,1860.0,,72,85,-13
201403160TOR,RS,PHO,1873.0,,74,85,-11
201403160TOR,RS,PHO,1904.0,,76,85,-9
201403160TOR,RS,PHO,1942.0,,78,85,-7
201403160TOR,RS,PHO,1954.0,,78,86,-8
201403160TOR,RS,PHO,1970.0,,80,86,-6
201403160TOR,RS,PHO,1992.0,,80,87,-7
201403160TOR,RS,PHO,1992.0,,80,88,-8
201403160TOR,RS,PHO,2012.0,,82,88,-6
201403160TOR,RS,PHO,2012.0,,83,88,-5
201403160TOR,RS,PHO,2044.0,,86,88,-2
201403160TOR,RS,PHO,2063.0,,86,89,-3
201403160TOR,RS,PHO,2063.0,,86,90,-4
201403160TOR,RS,PHO,2091.0,,86,91,-5
201403160TOR,RS,PHO,2091.0,,86,92,-6
201403160TOR,RS,PHO,2102.0,,88,92,-4
201403160TOR,RS,PHO,2115.0,,88,93,-5
201403160TOR,RS,PHO,2115.0,,88,94,-6
201403160TOR,RS,PHO,2137.0,,88,96,-8
201403160TOR,RS,PHO,2156.0,,90,96,-6
201403160TOR,RS,PHO,2179.0,,90,98,-8
201403160TOR,RS,PHO,2203.0,,90,100,-10
201403160TOR,RS,PHO,2248.0,,90,101,-11
201403160TOR,RS,PHO,2248.0,,90,102,-12
201403160TOR,RS,PHO,2392.0,,90,104,-14
201403160TOR,RS,PHO,2409.0,,92,104,-12
201403160TOR,RS,PHO,2434.0,,92,107,-15
201403160TOR,RS,PHO,2445.0,,94,107,-13
201403160TOR,RS,PHO,2464.0,,94,109,-15
201403160TOR,RS,PHO,2465.0,,95,109,-14
201403160TOR,RS,PHO,2478.0,,97,109,-12
201403160TOR,RS,PHO,2494.0,,97,112,-15
201403160TOR,RS,PHO,2506.0,,99,112,-13
201403160TOR,RS,PHO,2548.0,,101,112,-11
201403160TOR,RS,PHO,2589.0,,101,114,-13
201403160TOR,RS,PHO,2604.0,,103,114,-11
201403160TOR,RS,PHO,2604.0,,104,114,-10
201403160TOR,RS,PHO,2632.0,,106,114,-8
201403160TOR,RS,PHO,2632.0,,107,114,-7
201403160TOR,RS,PHO,2665.0,,107,116,-9
201403160TOR,RS,PHO,2712.0,,109,116,-7
201403160TOR,RS,PHO,2783.0,,109,118,-9
201403160TOR,RS,PHO,2846.0,,111,118,-7
201403160TOR,RS,PHO,2850.0,,111,119,-8
201403160TOR,RS,PHO,2850.0,,111,120,-9
201403160TOR,RS,PHO,2856.0,,113,120,-7
201403160TOR,RS,PHO,2858.0,F,113,121,-8
201403160TOR,RS,PHO,2880.0,,113,121,-8
201403180ATL,RS,ATL,0.0,,0,0,0
201403180ATL,RS,ATL,15.0,,2,0,2
201403180ATL,RS,ATL,51.0,,4,0,4
201403180ATL,RS,ATL,99.0,,4,3,1
201403180ATL,RS,ATL,123.0,,5,3,2
201403180ATL,RS,ATL,125.0,,6,3,3
201403180ATL,RS,ATL,125.0,,7,3,4
201403180ATL,RS,ATL,142.0,,7,5,2
201403180ATL,RS,ATL,142.0,,7,6,1
201403180ATL,RS,ATL,182.0,,10,6,4
201403180ATL,RS,ATL,237.0,,12,6,6
201403180ATL,RS,ATL,359.0,,13,6,7
201403180ATL,RS,ATL,382.0,,13,8,5
201403180ATL,RS,ATL,391.0,,15,8,7
201403180ATL,RS,ATL,413.0,,15,9,6
201403180ATL,RS,ATL,429.0,,17,9,8
201403180ATL,RS,ATL,452.0,,19,9,10
201403180ATL,RS,ATL,452.0,,20,9,11
201403180ATL,RS,ATL,482.0,,21,9,12
201403180ATL,RS,ATL,482.0,,22,9,13
201403180ATL,RS,ATL,510.0,,22,11,11
201403180ATL,RS,ATL,533.0,,22,12,10
201403180ATL,RS,ATL,636.0,,22,14,8
201403180ATL,RS,ATL,650.0,,24,14,10
201403180ATL,RS,ATL,681.0,,26,14,12
201403180ATL,RS,ATL,718.0,,26,17,9
201403180ATL,RS,ATL,737.0,,26,20,6
201403180ATL,RS,ATL,779.0,,26,22,4
201403180ATL,RS,ATL,810.0,,26,25,1
201403180ATL,RS,ATL,829.0,,28,25,3
201403180ATL,RS,ATL,864.0,,30,25,5
201403180ATL,RS,ATL,885.0,,32,25,7
201403180ATL,RS,ATL,903.0,,32,28,4
201403180ATL,RS,ATL,1000.0,,33,28,5
201403180ATL,RS,ATL,1000.0,,34,28,6
201403180ATL,RS,ATL,1040.0,,36,28,8
201403180ATL,RS,ATL,1062.0,,36,30,6
201403180ATL,RS,ATL,1088.0,,36,32,4
201403180ATL,RS,ATL,1145.0,,36,35,1
201403180ATL,RS,ATL,1173.0,,38,35,3
201403180ATL,RS,ATL,1218.0,,38,37,1
201403180ATL,RS,ATL,1225.0,,40,37,3
201403180ATL,RS,ATL,1236.0,,40,39,1
201403180ATL,RS,ATL,1251.0,,42,39,3
201403180ATL,RS,ATL,1278.0,,42,41,1
201403180ATL,RS,ATL,1296.0,,43,41,2
201403180ATL,RS,ATL,1296.0,,44,41,3
201403180ATL,RS,ATL,1310.0,,44,43,1
201403180ATL,RS,ATL,1345.0,T,44,44,0
201403180ATL,RS,ATL,1345.0,LC,44,45,-1
201403180ATL,RS,ATL,1367.0,,44,47,-3
201403180ATL,RS,ATL,1391.0,,44,48,-4
201403180ATL,RS,ATL,1391.0,,44,49,-5
201403180ATL,RS,ATL,1406.0,,45,49,-4
201403180ATL,RS,ATL,1406.0,,46,49,-3
201403180ATL,RS,ATL,1435.0,T,49,49,0
201403180ATL,RS,ATL,1479.0,LC,51,49,2
201403180ATL,RS,ATL,1515.0,,53,49,4
201403180ATL,RS,ATL,1525.0,,53,51,2
201403180ATL,RS,ATL,1555.0,LC,53,54,-1
201403180ATL,RS,ATL,1577.0,LC,55,54,1
201403180ATL,RS,ATL,1587.0,LC,55,57,-2
201403180ATL,RS,ATL,1611.0,LC,58,57,1
201403180ATL,RS,ATL,1628.0,T,58,58,0
201403180ATL,RS,ATL,1628.0,LC,58,59,-1
201403180ATL,RS,ATL,1644.0,LC,60,59,1
201403180ATL,RS,ATL,1682.0,LC,60,61,-1
201403180ATL,RS,ATL,1712.0,,60,63,-3
201403180ATL,RS,ATL,1774.0,,62,63,-1
201403180ATL,RS,ATL,1774.0,T,63,63,0
201403180ATL,RS,ATL,1783.0,,63,65,-2
201403180ATL,RS,ATL,1808.0,T,65,65,0
201403180ATL,RS,ATL,1841.0,LC,68,65,3
201403180ATL,RS,ATL,1859.0,,68,67,1
201403180ATL,RS,ATL,1870.0,,70,67,3
201403180ATL,RS,ATL,1886.0,,70,69,1
201403180ATL,RS,ATL,1982.0,LC,70,71,-1
201403180ATL,RS,ATL,2018.0,T,71,71,0
201403180ATL,RS,ATL,2018.0,LC,72,71,1
201403180ATL,RS,ATL,2070.0,,73,71,2
201403180ATL,RS,ATL,2070.0,,74,71,3
201403180ATL,RS,ATL,2086.0,,74,73,1
201403180ATL,RS,ATL,2102.0,,76,73,3
201403180ATL,RS,ATL,2113.0,,76,74,2
201403180ATL,RS,ATL,2113.0,,76,75,1
201403180ATL,RS,ATL,2132.0,,78,75,3
201403180ATL,RS,ATL,2135.0,,78,77,1
201403180ATL,RS,ATL,2159.0,LC,78,80,-2
201403180ATL,RS,ATL,2207.0,,78,82,-4
201403180ATL,RS,ATL,2230.0,,81,82,-1
201403180ATL,RS,ATL,2270.0,T,82,82,0
201403180ATL,RS,ATL,2275.0,LC,85,82,3
201403180ATL,RS,ATL,2325.0,,85,84,1
201403180ATL,RS,ATL,2399.0,LC,85,86,-1
201403180ATL,RS,ATL,2426.0,,85,88,-3
201403180ATL,RS,ATL,2490.0,,87,88,-1
201403180ATL,RS,ATL,2500.0,,87,89,-2
201403180ATL,RS,ATL,2500.0,,87,90,-3
201403180ATL,RS,ATL,2510.0,,89,90,-1
201403180ATL,RS,ATL,2564.0,LC,91,90,1
201403180ATL,RS,ATL,2571.0,LC,91,92,-1
201403180ATL,RS,ATL,2589.0,T,92,92,0
201403180ATL,RS,ATL,2589.0,LC,93,92,1
201403180ATL,RS,ATL,2589.0,,94,92,2
201403180ATL,RS,ATL,2598.0,,94,93,1
201403180ATL,RS,ATL,2598.0,T,94,94,0
201403180ATL,RS,ATL,2612.0,LC,94,96,-2
201403180ATL,RS,ATL,2612.0,,94,97,-3
201403180ATL,RS,ATL,2645.0,,96,97,-1
201403180ATL,RS,ATL,2666.0,LC,98,97,1
201403180ATL,RS,ATL,2693.0,LC,98,99,-1
201403180ATL,RS,ATL,2705.0,,98,100,-2
201403180ATL,RS,ATL,2705.0,,98,101,-3
201403180ATL,RS,ATL,2718.0,,100,101,-1
201403180ATL,RS,ATL,2736.0,,100,102,-2
201403180ATL,RS,ATL,2736.0,,100,103,-3
201403180ATL,RS,ATL,2750.0,,101,103,-2
201403180ATL,RS,ATL,2750.0,,102,103,-1
201403180ATL,RS,ATL,2781.0,T,103,103,0
201403180ATL,RS,ATL,2781.0,LC,104,103,1
201403180ATL,RS,ATL,2800.0,LC,104,106,-2
201403180ATL,RS,ATL,2872.0,T,106,106,0
201403180ATL,RS,ATL,2907.0,,106,109,-3
201403180ATL,RS,ATL,2948.0,T,109,109,0
201403180ATL,RS,ATL,3022.0,,109,111,-2
201403180ATL,RS,ATL,3165.0,,109,112,-3
201403180ATL,RS,ATL,3166.0,,109,113,-4
201403180ATL,RS,ATL,3166.0,,109,114,-5
201403180ATL,RS,ATL,3168.0,,111,114,-3
201403180ATL,RS,ATL,3171.0,,111,115,-4
201403180ATL,RS,ATL,3171.0,,111,116,-5
201403180ATL,RS,ATL,3177.0,,113,116,-3
201403180ATL,RS,ATL,3178.0,,113,117,-4
201403180ATL,RS,ATL,3178.0,F,113,118,-5
201403180ATL,RS,ATL,3180.0,,113,118,-5
201403190NOP,RS,NOP,0.0,,0,0,0
201403190NOP,RS,NOP,61.0,,0,3,-3
201403190NOP,RS,NOP,84.0,,2,3,-1
201403190NOP,RS,NOP,147.0,,2,5,-3
201403190NOP,RS,NOP,171.0,T,5,5,0
201403190NOP,RS,NOP,181.0,,5,8,-3
201403190NOP,RS,NOP,192.0,,7,8,-1
201403190NOP,RS,NOP,192.0,T,8,8,0
201403190NOP,RS,NOP,226.0,LC,10,8,2
201403190NOP,RS,NOP,235.0,T,10,10,0
201403190NOP,RS,NOP,248.0,,12,10,2
201403190NOP,RS,NOP,271.0,T,12,12,0
201403190NOP,RS,NOP,298.0,LC,12,14,-2
201403190NOP,RS,NOP,325.0,T,14,14,0
201403190NOP,RS,NOP,345.0,,14,16,-2
201403190NOP,RS,NOP,415.0,,15,16,-1
201403190NOP,RS,NOP,415.0,T,16,16,0
201403190NOP,RS,NOP,430.0,,16,18,-2
201403190NOP,RS,NOP,463.0,,16,20,-4
201403190NOP,RS,NOP,495.0,,16,22,-6
201403190NOP,RS,NOP,508.0,,16,23,-7
201403190NOP,RS,NOP,508.0,,16,24,-8
201403190NOP,RS,NOP,524.0,,17,24,-7
201403190NOP,RS,NOP,524.0,,18,24,-6
201403190NOP,RS,NOP,538.0,,18,26,-8
201403190NOP,RS,NOP,581.0,,18,28,-10
201403190NOP,RS,NOP,603.0,,18,29,-11
201403190NOP,RS,NOP,631.0,,18,31,-13
201403190NOP,RS,NOP,653.0,,21,31,-10
201403190NOP,RS,NOP,675.0,,24,31,-7
201403190NOP,RS,NOP,703.0,,24,32,-8
201403190NOP,RS,NOP,743.0,,24,34,-10
201403190NOP,RS,NOP,743.0,,24,35,-11
201403190NOP,RS,NOP,759.0,,25,35,-10
201403190NOP,RS,NOP,759.0,,26,35,-9
201403190NOP,RS,NOP,775.0,,26,37,-11
201403190NOP,RS,NOP,828.0,,28,37,-9
201403190NOP,RS,NOP,828.0,,29,37,-8
201403190NOP,RS,NOP,850.0,,29,39,-10
201403190NOP,RS,NOP,879.0,,31,39,-8
201403190NOP,RS,NOP,901.0,,31,41,-10
201403190NOP,RS,NOP,974.0,,31,43,-12
201403190NOP,RS,NOP,986.0,,33,43,-10
201403190NOP,RS,NOP,1003.0,,33,44,-11
201403190NOP,RS,NOP,1003.0,,33,45,-12
201403190NOP,RS,NOP,1027.0,,33,46,-13
201403190NOP,RS,NOP,1027.0,,33,47,-14
201403190NOP,RS,NOP,1067.0,,34,47,-13
201403190NOP,RS,NOP,1086.0,,34,48,-14
201403190NOP,RS,NOP,1101.0,,36,48,-12
201403190NOP,RS,NOP,1120.0,,36,50,-14
201403190NOP,RS,NOP,1135.0,,37,50,-13
201403190NOP,RS,NOP,1135.0,,38,50,-12
201403190NOP,RS,NOP,1178.0,,40,50,-10
201403190NOP,RS,NOP,1209.0,,42,50,-8
201403190NOP,RS,NOP,1258.0,,42,52,-10
201403190NOP,RS,NOP,1277.0,,44,52,-8
201403190NOP,RS,NOP,1283.0,,44,53,-9
201403190NOP,RS,NOP,1283.0,,44,54,-10
201403190NOP,RS,NOP,1310.0,,46,54,-8
201403190NOP,RS,NOP,1329.0,,48,54,-6
201403190NOP,RS,NOP,1347.0,,48,56,-8
201403190NOP,RS,NOP,1379.0,,50,56,-6
201403190NOP,RS,NOP,1379.0,,51,56,-5
201403190NOP,RS,NOP,1386.0,,51,57,-6
201403190NOP,RS,NOP,1407.0,,54,57,-3
201403190NOP,RS,NOP,1440.0,,56,57,-1
201403190NOP,RS,NOP,1458.0,LC,58,57,1
201403190NOP,RS,NOP,1477.0,T,58,58,0
201403190NOP,RS,NOP,1504.0,LC,58,61,-3
201403190NOP,RS,NOP,1530.0,T,61,61,0
201403190NOP,RS,NOP,1546.0,,61,63,-2
201403190NOP,RS,NOP,1590.0,,61,64,-3
201403190NOP,RS,NOP,1590.0,,61,65,-4
201403190NOP,RS,NOP,1655.0,,61,67,-6
201403190NOP,RS,NOP,1670.0,,63,67,-4
201403190NOP,RS,NOP,1681.0,,63,68,-5
201403190NOP,RS,NOP,1711.0,,63,70,-7
201403190NOP,RS,NOP,1726.0,,65,70,-5
201403190NOP,RS,NOP,1758.0,,68,70,-2
201403190NOP,RS,NOP,1784.0,T,70,70,0
201403190NOP,RS,NOP,1802.0,,70,72,-2
201403190NOP,RS,NOP,1831.0,,70,74,-4
201403190NOP,RS,NOP,1831.0,,70,75,-5
201403190NOP,RS,NOP,1900.0,,70,76,-6
201403190NOP,RS,NOP,1900.0,,70,77,-7
201403190NOP,RS,NOP,1909.0,,71,77,-6
201403190NOP,RS,NOP,1909.0,,72,77,-5
201403190NOP,RS,NOP,1943.0,,75,77,-2
201403190NOP,RS,NOP,1968.0,,75,79,-4
201403190NOP,RS,NOP,1993.0,,75,81,-6
201403190NOP,RS,NOP,2051.0,,76,81,-5
201403190NOP,RS,NOP,2051.0,,77,81,-4
201403190NOP,RS,NOP,2077.0,,78,81,-3
201403190NOP,RS,NOP,2105.0,T,81,81,0
201403190NOP,RS,NOP,2118.0,,81,83,-2
201403190NOP,RS,NOP,2143.0,,81,85,-4
201403190NOP,RS,NOP,2186.0,,83,85,-2
201403190NOP,RS,NOP,2227.0,,83,87,-4
201403190NOP,RS,NOP,2270.0,,86,87,-1
201403190NOP,RS,NOP,2291.0,,86,89,-3
201403190NOP,RS,NOP,2392.0,,87,89,-2
201403190NOP,RS,NOP,2392.0,,88,89,-1
201403190NOP,RS,NOP,2405.0,,88,90,-2
201403190NOP,RS,NOP,2405.0,,88,91,-3
201403190NOP,RS,NOP,2466.0,,90,91,-1
201403190NOP,RS,NOP,2486.0,,90,93,-3
201403190NOP,RS,NOP,2614.0,,90,94,-4
201403190NOP,RS,NOP,2626.0,,92,94,-2
201403190NOP,RS,NOP,2665.0,T,94,94,0
201403190NOP,RS,NOP,2763.0,LC,96,94,2
201403190NOP,RS,NOP,2799.0,,98,94,4
201403190NOP,RS,NOP,2799.0,,99,94,5
201403190NOP,RS,NOP,2812.0,,99,95,4
201403190NOP,RS,NOP,2834.0,,100,95,5
201403190NOP,RS,NOP,2835.0,,102,95,7
201403190NOP,RS,NOP,2840.0,,102,98,4
201403190NOP,RS,NOP,2841.0,,103,98,5
201403190NOP,RS,NOP,2851.0,,104,98,6
201403190NOP,RS,NOP,2851.0,,105,98,7
201403190NOP,RS,NOP,2858.0,,105,100,5
201403190NOP,RS,NOP,2859.0,,106,100,6
201403190NOP,RS,NOP,2859.0,F,107,100,7
201403190NOP,RS,NOP,2880.0,,107,100,7
201403210TOR,RS,OKC,0.0,,0,0,0
201403210TOR,RS,OKC,15.0,,2,0,2
201403210TOR,RS,OKC,47.0,,4,0,4
201403210TOR,RS,OKC,109.0,,4,2,2
201403210TOR,RS,OKC,140.0,T,4,4,0
201403210TOR,RS,OKC,210.0,,6,4,2
201403210TOR,RS,OKC,231.0,,8,4,4
201403210TOR,RS,OKC,231.0,,9,4,5
201403210TOR,RS,OKC,244.0,,9,6,3
201403210TOR,RS,OKC,272.0,,9,8,1
201403210TOR,RS,OKC,299.0,,11,8,3
201403210TOR,RS,OKC,341.0,,11,10,1
201403210TOR,RS,OKC,365.0,LC,11,12,-1
201403210TOR,RS,OKC,404.0,LC,13,12,1
201403210TOR,RS,OKC,454.0,,15,12,3
201403210TOR,RS,OKC,471.0,,15,14,1
201403210TOR,RS,OKC,491.0,,17,14,3
201403210TOR,RS,OKC,556.0,,17,15,2
201403210TOR,RS,OKC,596.0,T,17,17,0
201403210TOR,RS,OKC,607.0,,20,17,3
201403210TOR,RS,OKC,651.0,,20,18,2
201403210TOR,RS,OKC,651.0,,20,19,1
201403210TOR,RS,OKC,692.0,T,20,20,0
201403210TOR,RS,OKC,720.0,LC,20,22,-2
201403210TOR,RS,OKC,763.0,LC,23,22,1
201403210TOR,RS,OKC,856.0,,25,22,3
201403210TOR,RS,OKC,886.0,,26,22,4
201403210TOR,RS,OKC,898.0,,28,22,6
201403210TOR,RS,OKC,944.0,,30,22,8
201403210TOR,RS,OKC,961.0,,30,24,6
201403210TOR,RS,OKC,991.0,,30,26,4
201403210TOR,RS,OKC,1040.0,,30,29,1
201403210TOR,RS,OKC,1064.0,,31,29,2
201403210TOR,RS,OKC,1064.0,,32,29,3
201403210TOR,RS,OKC,1077.0,,32,30,2
201403210TOR,RS,OKC,1126.0,,33,30,3
201403210TOR,RS,OKC,1126.0,,34,30,4
201403210TOR,RS,OKC,1141.0,,34,32,2
201403210TOR,RS,OKC,1165.0,,36,32,4
201403210TOR,RS,OKC,1226.0,,36,33,3
201403210TOR,RS,OKC,1226.0,,36,34,2
201403210TOR,RS,OKC,1246.0,,38,34,4
201403210TOR,RS,OKC,1283.0,,38,37,1
201403210TOR,RS,OKC,1300.0,,41,37,4
201403210TOR,RS,OKC,1369.0,,42,37,5
201403210TOR,RS,OKC,1369.0,,43,37,6
201403210TOR,RS,OKC,1413.0,,43,38,5
201403210TOR,RS,OKC,1413.0,,43,39,4
201403210TOR,RS,OKC,1413.0,,44,39,5
201403210TOR,RS,OKC,1432.0,,46,39,7
201403210TOR,RS,OKC,1438.0,,46,42,4
201403210TOR,RS,OKC,1462.0,,46,43,3
201403210TOR,RS,OKC,1474.0,,47,43,4
201403210TOR,RS,OKC,1474.0,,48,43,5
201403210TOR,RS,OKC,1515.0,,48,44,4
201403210TOR,RS,OKC,1526.0,,49,44,5
201403210TOR,RS,OKC,1526.0,,50,44,6
201403210TOR,RS,OKC,1571.0,,50,46,4
201403210TOR,RS,OKC,1602.0,,50,48,2
201403210TOR,RS,OKC,1628.0,LC,50,51,-1
201403210TOR,RS,OKC,1628.0,,50,52,-2
201403210TOR,RS,OKC,1651.0,,50,53,-3
201403210TOR,RS,OKC,1651.0,,50,54,-4
201403210TOR,RS,OKC,1736.0,,52,54,-2
201403210TOR,RS,OKC,1744.0,,52,55,-3
201403210TOR,RS,OKC,1744.0,,52,56,-4
201403210TOR,RS,OKC,1760.0,,54,56,-2
201403210TOR,RS,OKC,1760.0,,55,56,-1
201403210TOR,RS,OKC,1788.0,T,56,56,0
201403210TOR,RS,OKC,1836.0,,56,58,-2
201403210TOR,RS,OKC,1860.0,LC,59,58,1
201403210TOR,RS,OKC,1871.0,T,59,59,0
201403210TOR,RS,OKC,1871.0,LC,59,60,-1
201403210TOR,RS,OKC,1885.0,LC,61,60,1
201403210TOR,RS,OKC,1914.0,,64,60,4
201403210TOR,RS,OKC,1938.0,,64,63,1
201403210TOR,RS,OKC,1970.0,LC,64,65,-1
201403210TOR,RS,OKC,2002.0,,64,66,-2
201403210TOR,RS,OKC,2002.0,,64,67,-3
201403210TOR,RS,OKC,2017.0,,66,67,-1
201403210TOR,RS,OKC,2042.0,LC,69,67,2
201403210TOR,RS,OKC,2060.0,LC,69,70,-1
201403210TOR,RS,OKC,2098.0,LC,71,70,1
201403210TOR,RS,OKC,2111.0,LC,71,72,-1
201403210TOR,RS,OKC,2174.0,LC,73,72,1
201403210TOR,RS,OKC,2200.0,LC,73,74,-1
201403210TOR,RS,OKC,2216.0,LC,75,74,1
201403210TOR,RS,OKC,2230.0,T,75,75,0
201403210TOR,RS,OKC,2230.0,LC,75,76,-1
201403210TOR,RS,OKC,2261.0,,75,78,-3
201403210TOR,RS,OKC,2290.0,,75,80,-5
201403210TOR,RS,OKC,2326.0,,75,82,-7
201403210TOR,RS,OKC,2446.0,,77,82,-5
201403210TOR,RS,OKC,2501.0,,79,82,-3
201403210TOR,RS,OKC,2520.0,,79,84,-5
201403210TOR,RS,OKC,2520.0,,79,85,-6
201403210TOR,RS,OKC,2536.0,,81,85,-4
201403210TOR,RS,OKC,2558.0,,81,86,-5
201403210TOR,RS,OKC,2581.0,,83,86,-3
201403210TOR,RS,OKC,2604.0,,83,89,-6
201403210TOR,RS,OKC,2658.0,,85,89,-4
201403210TOR,RS,OKC,2658.0,,86,89,-3
201403210TOR,RS,OKC,2676.0,,87,89,-2
201403210TOR,RS,OKC,2676.0,,88,89,-1
201403210TOR,RS,OKC,2692.0,LC,90,89,1
201403210TOR,RS,OKC,2738.0,T,90,90,0
201403210TOR,RS,OKC,2738.0,LC,90,91,-1
201403210TOR,RS,OKC,2756.0,LC,93,91,2
201403210TOR,RS,OKC,2779.0,T,93,93,0
201403210TOR,RS,OKC,2822.0,LC,93,96,-3
201403210TOR,RS,OKC,2830.0,,94,96,-2
201403210TOR,RS,OKC,2863.0,T,96,96,0
201403210TOR,RS,OKC,2931.0,,96,98,-2
201403210TOR,RS,OKC,2961.0,T,98,98,0
201403210TOR,RS,OKC,3020.0,,98,100,-2
201403210TOR,RS,OKC,3066.0,,99,100,-1
201403210TOR,RS,OKC,3066.0,T,100,100,0
201403210TOR,RS,OKC,3086.0,,100,103,-3
201403210TOR,RS,OKC,3159.0,,101,103,-2
201403210TOR,RS,OKC,3159.0,,102,103,-1
201403210TOR,RS,OKC,3161.0,,102,104,-2
201403210TOR,RS,OKC,3161.0,,102,105,-3
201403210TOR,RS,OKC,3164.0,,104,105,-1
201403210TOR,RS,OKC,3169.0,,104,106,-2
201403210TOR,RS,OKC,3169.0,,104,107,-3
201403210TOR,RS,OKC,3173.0,T,107,107,0
201403210TOR,RS,OKC,3208.0,LC,109,107,2
201403210TOR,RS,OKC,3233.0,,110,107,3
201403210TOR,RS,OKC,3257.0,,110,109,1
201403210TOR,RS,OKC,3280.0,,112,109,3
201403210TOR,RS,OKC,3323.0,,114,109,5
201403210TOR,RS,OKC,3404.0,,115,109,6
201403210TOR,RS,OKC,3404.0,,116,109,7
201403210TOR,RS,OKC,3410.0,,116,110,6
201403210TOR,RS,OKC,3431.0,,117,110,7
201403210TOR,RS,OKC,3431.0,,118,110,8
201403210TOR,RS,OKC,3433.0,,118,113,5
201403210TOR,RS,OKC,3464.0,,118,116,2
201403210TOR,RS,OKC,3478.0,F,118,119,-1
201403210TOR,RS,OKC,3480.0,,118,119,-1
201403230TOR,RS,ATL,0.0,,0,0,0
201403230TOR,RS,ATL,52.0,,1,0,1
201403230TOR,RS,ATL,52.0,,2,0,2
201403230TOR,RS,ATL,62.0,LC,2,3,-1
201403230TOR,RS,ATL,121.0,,2,5,-3
201403230TOR,RS,ATL,156.0,T,5,5,0
201403230TOR,RS,ATL,173.0,,5,8,-3
201403230TOR,RS,ATL,173.0,,5,9,-4
201403230TOR,RS,ATL,238.0,,5,11,-6
201403230TOR,RS,ATL,287.0,,5,12,-7
201403230TOR,RS,ATL,287.0,,5,13,-8
201403230TOR,RS,ATL,301.0,,7,13,-6
201403230TOR,RS,ATL,340.0,,10,13,-3
201403230TOR,RS,ATL,398.0,,10,14,-4
201403230TOR,RS,ATL,398.0,,10,15,-5
201403230TOR,RS,ATL,476.0,,10,17,-7
201403230TOR,RS,ATL,572.0,,12,17,-5
201403230TOR,RS,ATL,597.0,,12,19,-7
201403230TOR,RS,ATL,624.0,,12,21,-9
201403230TOR,RS,ATL,655.0,,12,23,-11
201403230TOR,RS,ATL,674.0,,14,23,-9
201403230TOR,RS,ATL,684.0,,14,25,-11
201403230TOR,RS,ATL,696.0,,15,25,-10
201403230TOR,RS,ATL,696.0,,16,25,-9
201403230TOR,RS,ATL,761.0,,16,27,-11
201403230TOR,RS,ATL,785.0,,18,27,-9
201403230TOR,RS,ATL,802.0,,18,29,-11
201403230TOR,RS,ATL,835.0,,20,29,-9
201403230TOR,RS,ATL,866.0,,22,29,-7
201403230TOR,RS,ATL,881.0,,22,31,-9
201403230TOR,RS,ATL,927.0,,22,33,-11
201403230TOR,RS,ATL,940.0,,24,33,-9
201403230TOR,RS,ATL,989.0,,26,33,-7
201403230TOR,RS,ATL,1034.0,,26,35,-9
201403230TOR,RS,ATL,1067.0,,26,37,-11
201403230TOR,RS,ATL,1110.0,,26,40,-14
201403230TOR,RS,ATL,1187.0,,28,40,-12
201403230TOR,RS,ATL,1206.0,,30,40,-10
201403230TOR,RS,ATL,1212.0,,32,40,-8
201403230TOR,RS,ATL,1224.0,,32,42,-10
201403230TOR,RS,ATL,1245.0,,33,42,-9
201403230TOR,RS,ATL,1245.0,,34,42,-8
201403230TOR,RS,ATL,1265.0,,34,44,-10
201403230TOR,RS,ATL,1281.0,,36,44,-8
201403230TOR,RS,ATL,1301.0,,37,44,-7
201403230TOR,RS,ATL,1301.0,,38,44,-6
201403230TOR,RS,ATL,1314.0,,38,46,-8
201403230TOR,RS,ATL,1346.0,,38,47,-9
201403230TOR,RS,ATL,1406.0,,40,47,-7
201403230TOR,RS,ATL,1426.0,,40,49,-9
201403230TOR,RS,ATL,1436.0,,42,49,-7
201403230TOR,RS,ATL,1469.0,,45,49,-4
201403230TOR,RS,ATL,1496.0,,45,51,-6
201403230TOR,RS,ATL,1508.0,,46,51,-5
201403230TOR,RS,ATL,1537.0,,46,52,-6
201403230TOR,RS,ATL,1554.0,,48,52,-4
201403230TOR,RS,ATL,1577.0,,50,52,-2
201403230TOR,RS,ATL,1637.0,,50,53,-3
201403230TOR,RS,ATL,1637.0,,50,54,-4
201403230TOR,RS,ATL,1711.0,,50,56,-6
201403230TOR,RS,ATL,1780.0,,51,56,-5
201403230TOR,RS,ATL,1804.0,,51,58,-7
201403230TOR,RS,ATL,1804.0,,51,59,-8
201403230TOR,RS,ATL,1861.0,,51,61,-10
201403230TOR,RS,ATL,1890.0,,53,61,-8
201403230TOR,RS,ATL,1928.0,,55,61,-6
201403230TOR,RS,ATL,1947.0,,55,62,-7
201403230TOR,RS,ATL,2034.0,,56,62,-6
201403230TOR,RS,ATL,2034.0,,57,62,-5
201403230TOR,RS,ATL,2047.0,,57,63,-6
201403230TOR,RS,ATL,2047.0,,57,64,-7
201403230TOR,RS,ATL,2088.0,,57,67,-10
201403230TOR,RS,ATL,2101.0,,60,67,-7
201403230TOR,RS,ATL,2105.0,,60,69,-9
201403230TOR,RS,ATL,2125.0,,60,71,-11
201403230TOR,RS,ATL,2192.0,,60,73,-13
201403230TOR,RS,ATL,2192.0,,60,74,-14
201403230TOR,RS,ATL,2211.0,,63,74,-11
201403230TOR,RS,ATL,2228.0,,64,74,-10
201403230TOR,RS,ATL,2228.0,,65,74,-9
201403230TOR,RS,ATL,2272.0,,66,74,-8
201403230TOR,RS,ATL,2367.0,,69,74,-5
201403230TOR,RS,ATL,2397.0,,70,74,-4
201403230TOR,RS,ATL,2429.0,,73,74,-1
201403230TOR,RS,ATL,2434.0,,73,76,-3
201403230TOR,RS,ATL,2434.0,,73,77,-4
201403230TOR,RS,ATL,2508.0,,75,77,-2
201403230TOR,RS,ATL,2528.0,,75,79,-4
201403230TOR,RS,ATL,2556.0,,77,79,-2
201403230TOR,RS,ATL,2562.0,T,79,79,0
201403230TOR,RS,ATL,2609.0,,79,81,-2
201403230TOR,RS,ATL,2625.0,T,81,81,0
201403230TOR,RS,ATL,2648.0,,81,84,-3
201403230TOR,RS,ATL,2688.0,,83,84,-1
201403230TOR,RS,ATL,2728.0,LC,85,84,1
201403230TOR,RS,ATL,2760.0,,86,84,2
201403230TOR,RS,ATL,2760.0,,87,84,3
201403230TOR,RS,ATL,2803.0,,88,84,4
201403230TOR,RS,ATL,2803.0,,89,84,5
201403230TOR,RS,ATL,2818.0,,89,86,3
201403230TOR,RS,ATL,2836.0,,91,86,5
201403230TOR,RS,ATL,2841.0,,93,86,7
201403230TOR,RS,ATL,2868.0,F,96,86,10
201403230TOR,RS,ATL,2880.0,,96,86,10
201403250CLE,RS,CLE,0.0,,0,0,0
201403250CLE,RS,CLE,98.0,,0,2,-2
201403250CLE,RS,CLE,122.0,LC,3,2,1
201403250CLE,RS,CLE,160.0,LC,3,4,-1
201403250CLE,RS,CLE,178.0,LC,5,4,1
201403250CLE,RS,CLE,189.0,LC,5,6,-1
201403250CLE,RS,CLE,217.0,,5,8,-3
201403250CLE,RS,CLE,302.0,,5,10,-5
201403250CLE,RS,CLE,321.0,,7,10,-3
201403250CLE,RS,CLE,335.0,,7,12,-5
201403250CLE,RS,CLE,372.0,,7,14,-7
201403250CLE,RS,CLE,400.0,,7,16,-9
201403250CLE,RS,CLE,420.0,,9,16,-7
201403250CLE,RS,CLE,455.0,,9,18,-9
201403250CLE,RS,CLE,512.0,,9,20,-11
201403250CLE,RS,CLE,546.0,,12,20,-8
201403250CLE,RS,CLE,568.0,,12,23,-11
201403250CLE,RS,CLE,619.0,,12,25,-13
201403250CLE,RS,CLE,632.0,,12,26,-14
201403250CLE,RS,CLE,667.0,,14,26,-12
201403250CLE,RS,CLE,716.0,,17,26,-9
201403250CLE,RS,CLE,737.0,,17,28,-11
201403250CLE,RS,CLE,772.0,,17,29,-12
201403250CLE,RS,CLE,772.0,,17,30,-13
201403250CLE,RS,CLE,789.0,,18,30,-12
201403250CLE,RS,CLE,789.0,,19,30,-11
201403250CLE,RS,CLE,799.0,,19,32,-13
201403250CLE,RS,CLE,831.0,,19,33,-14
201403250CLE,RS,CLE,831.0,,19,34,-15
201403250CLE,RS,CLE,863.0,,22,34,-12
201403250CLE,RS,CLE,873.0,,22,36,-14
201403250CLE,RS,CLE,925.0,,22,37,-15
201403250CLE,RS,CLE,925.0,,22,38,-16
201403250CLE,RS,CLE,945.0,,24,38,-14
201403250CLE,RS,CLE,975.0,,25,38,-13
201403250CLE,RS,CLE,989.0,,25,40,-15
201403250CLE,RS,CLE,1021.0,,25,42,-17
201403250CLE,RS,CLE,1047.0,,25,43,-18
201403250CLE,RS,CLE,1063.0,,27,43,-16
201403250CLE,RS,CLE,1087.0,,27,45,-18
201403250CLE,RS,CLE,1113.0,,30,45,-15
201403250CLE,RS,CLE,1155.0,,33,45,-12
201403250CLE,RS,CLE,1169.0,,33,47,-14
201403250CLE,RS,CLE,1201.0,,36,47,-11
201403250CLE,RS,CLE,1217.0,,36,48,-12
201403250CLE,RS,CLE,1217.0,,36,49,-13
201403250CLE,RS,CLE,1237.0,,38,49,-11
201403250CLE,RS,CLE,1256.0,,40,49,-9
201403250CLE,RS,CLE,1274.0,,40,51,-11
201403250CLE,RS,CLE,1296.0,,41,51,-10
201403250CLE,RS,CLE,1296.0,,42,51,-9
201403250CLE,RS,CLE,1314.0,,42,53,-11
201403250CLE,RS,CLE,1346.0,,42,55,-13
201403250CLE,RS,CLE,1378.0,,42,56,-14
201403250CLE,RS,CLE,1378.0,,42,57,-15
201403250CLE,RS,CLE,1401.0,,42,58,-16
201403250CLE,RS,CLE,1415.0,,45,58,-13
201403250CLE,RS,CLE,1434.0,,45,59,-14
201403250CLE,RS,CLE,1459.0,,45,61,-16
201403250CLE,RS,CLE,1497.0,,45,63,-18
201403250CLE,RS,CLE,1513.0,,47,63,-16
201403250CLE,RS,CLE,1527.0,,47,66,-19
201403250CLE,RS,CLE,1541.0,,49,66,-17
201403250CLE,RS,CLE,1552.0,,51,66,-15
201403250CLE,RS,CLE,1570.0,,51,67,-16
201403250CLE,RS,CLE,1570.0,,51,68,-17
201403250CLE,RS,CLE,1596.0,,53,68,-15
201403250CLE,RS,CLE,1609.0,,53,70,-17
201403250CLE,RS,CLE,1634.0,,53,71,-18
201403250CLE,RS,CLE,1634.0,,53,72,-19
201403250CLE,RS,CLE,1669.0,,53,74,-21
201403250CLE,RS,CLE,1680.0,,55,74,-19
201403250CLE,RS,CLE,1771.0,,58,74,-16
201403250CLE,RS,CLE,1799.0,,58,76,-18
201403250CLE,RS,CLE,1811.0,,60,76,-16
201403250CLE,RS,CLE,1838.0,,60,79,-19
201403250CLE,RS,CLE,1863.0,,63,79,-16
201403250CLE,RS,CLE,1883.0,,63,81,-18
201403250CLE,RS,CLE,1904.0,,65,81,-16
201403250CLE,RS,CLE,1934.0,,67,81,-14
201403250CLE,RS,CLE,1956.0,,70,81,-11
201403250CLE,RS,CLE,1995.0,,72,81,-9
201403250CLE,RS,CLE,2058.0,,73,81,-8
201403250CLE,RS,CLE,2058.0,,74,81,-7
201403250CLE,RS,CLE,2075.0,,74,83,-9
201403250CLE,RS,CLE,2080.0,,75,83,-8
201403250CLE,RS,CLE,2080.0,,76,83,-7
201403250CLE,RS,CLE,2111.0,,78,83,-5
201403250CLE,RS,CLE,2127.0,,78,84,-6
201403250CLE,RS,CLE,2127.0,,78,85,-7
201403250CLE,RS,CLE,2142.0,,81,85,-4
201403250CLE,RS,CLE,2158.0,,81,88,-7
201403250CLE,RS,CLE,2226.0,,83,88,-5
201403250CLE,RS,CLE,2298.0,,83,90,-7
201403250CLE,RS,CLE,2315.0,,86,90,-4
201403250CLE,RS,CLE,2336.0,,86,92,-6
201403250CLE,RS,CLE,2358.0,,87,92,-5
201403250CLE,RS,CLE,2358.0,,88,92,-4
201403250CLE,RS,CLE,2380.0,,88,93,-5
201403250CLE,RS,CLE,2380.0,,88,94,-6
201403250CLE,RS,CLE,2401.0,,89,94,-5
201403250CLE,RS,CLE,2401.0,,90,94,-4
201403250CLE,RS,CLE,2432.0,,92,94,-2
201403250CLE,RS,CLE,2475.0,LC,95,94,1
201403250CLE,RS,CLE,2521.0,LC,95,96,-1
201403250CLE,RS,CLE,2552.0,,95,97,-2
201403250CLE,RS,CLE,2614.0,,96,97,-1
201403250CLE,RS,CLE,2637.0,,96,99,-3
201403250CLE,RS,CLE,2679.0,,96,100,-4
201403250CLE,RS,CLE,2679.0,,96,101,-5
201403250CLE,RS,CLE,2750.0,,97,101,-4
201403250CLE,RS,CLE,2839.0,,97,102,-5
201403250CLE,RS,CLE,2846.0,,99,102,-3
201403250CLE,RS,CLE,2872.0,F,100,102,-2
201403250CLE,RS,CLE,2880.0,,100,102,-2
201403260BOS,RS,BOS,0.0,,0,0,0
201403260BOS,RS,BOS,26.0,,0,2,-2
201403260BOS,RS,BOS,64.0,,0,5,-5
201403260BOS,RS,BOS,142.0,,3,5,-2
201403260BOS,RS,BOS,203.0,LC,6,5,1
201403260BOS,RS,BOS,225.0,,8,5,3
201403260BOS,RS,BOS,242.0,,8,7,1
201403260BOS,RS,BOS,262.0,,10,7,3
201403260BOS,RS,BOS,277.0,,10,9,1
201403260BOS,RS,BOS,314.0,LC,10,11,-1
201403260BOS,RS,BOS,355.0,,10,13,-3
201403260BOS,RS,BOS,381.0,,11,13,-2
201403260BOS,RS,BOS,381.0,,12,13,-1
201403260BOS,RS,BOS,404.0,T,13,13,0
201403260BOS,RS,BOS,404.0,LC,14,13,1
201403260BOS,RS,BOS,443.0,,16,13,3
201403260BOS,RS,BOS,443.0,,17,13,4
201403260BOS,RS,BOS,475.0,,17,15,2
201403260BOS,RS,BOS,495.0,,18,15,3
201403260BOS,RS,BOS,495.0,,19,15,4
201403260BOS,RS,BOS,535.0,,21,15,6
201403260BOS,RS,BOS,552.0,,21,18,3
201403260BOS,RS,BOS,578.0,,23,18,5
201403260BOS,RS,BOS,624.0,,23,20,3
201403260BOS,RS,BOS,645.0,,26,20,6
201403260BOS,RS,BOS,651.0,,26,22,4
201403260BOS,RS,BOS,665.0,,28,22,6
201403260BOS,RS,BOS,665.0,,29,22,7
201403260BOS,RS,BOS,715.0,,31,22,9
201403260BOS,RS,BOS,751.0,,33,22,11
201403260BOS,RS,BOS,771.0,,33,24,9
201403260BOS,RS,BOS,798.0,,33,27,6
201403260BOS,RS,BOS,827.0,,33,30,3
201403260BOS,RS,BOS,851.0,,33,32,1
201403260BOS,RS,BOS,866.0,LC,33,35,-2
201403260BOS,RS,BOS,922.0,T,35,35,0
201403260BOS,RS,BOS,934.0,,35,36,-1
201403260BOS,RS,BOS,934.0,,35,37,-2
201403260BOS,RS,BOS,955.0,,35,39,-4
201403260BOS,RS,BOS,972.0,,36,39,-3
201403260BOS,RS,BOS,972.0,,37,39,-2
201403260BOS,RS,BOS,1057.0,T,39,39,0
201403260BOS,RS,BOS,1057.0,LC,40,39,1
201403260BOS,RS,BOS,1139.0,LC,40,41,-1
201403260BOS,RS,BOS,1160.0,LC,42,41,1
201403260BOS,RS,BOS,1200.0,,45,41,4
201403260BOS,RS,BOS,1272.0,,45,42,3
201403260BOS,RS,BOS,1272.0,,45,43,2
201403260BOS,RS,BOS,1296.0,,47,43,4
201403260BOS,RS,BOS,1318.0,,47,45,2
201403260BOS,RS,BOS,1330.0,,49,45,4
201403260BOS,RS,BOS,1375.0,,52,45,7
201403260BOS,RS,BOS,1395.0,,52,46,6
201403260BOS,RS,BOS,1423.0,,54,46,8
201403260BOS,RS,BOS,1423.0,,55,46,9
201403260BOS,RS,BOS,1451.0,,58,46,12
201403260BOS,RS,BOS,1479.0,,61,46,15
201403260BOS,RS,BOS,1491.0,,61,48,13
201403260BOS,RS,BOS,1539.0,,61,49,12
201403260BOS,RS,BOS,1539.0,,61,50,11
201403260BOS,RS,BOS,1572.0,,61,52,9
201403260BOS,RS,BOS,1597.0,,64,52,12
201403260BOS,RS,BOS,1628.0,,64,54,10
201403260BOS,RS,BOS,1731.0,,66,54,12
201403260BOS,RS,BOS,1770.0,,68,54,14
201403260BOS,RS,BOS,1841.0,,68,55,13
201403260BOS,RS,BOS,1841.0,,68,56,12
201403260BOS,RS,BOS,1938.0,,68,58,10
201403260BOS,RS,BOS,1967.0,,68,60,8
201403260BOS,RS,BOS,2001.0,,70,60,10
201403260BOS,RS,BOS,2046.0,,72,60,12
201403260BOS,RS,BOS,2064.0,,72,62,10
201403260BOS,RS,BOS,2106.0,,74,62,12
201403260BOS,RS,BOS,2160.0,,77,62,15
201403260BOS,RS,BOS,2218.0,,77,64,13
201403260BOS,RS,BOS,2244.0,,79,64,15
201403260BOS,RS,BOS,2253.0,,79,67,12
201403260BOS,RS,BOS,2253.0,,79,68,11
201403260BOS,RS,BOS,2301.0,,79,70,9
201403260BOS,RS,BOS,2301.0,,79,71,8
201403260BOS,RS,BOS,2348.0,,79,73,6
201403260BOS,RS,BOS,2382.0,,80,73,7
201403260BOS,RS,BOS,2382.0,,81,73,8
201403260BOS,RS,BOS,2395.0,,81,74,7
201403260BOS,RS,BOS,2435.0,,83,74,9
201403260BOS,RS,BOS,2447.0,,83,75,8
201403260BOS,RS,BOS,2483.0,,84,75,9
201403260BOS,RS,BOS,2496.0,,84,78,6
201403260BOS,RS,BOS,2526.0,,84,81,3
201403260BOS,RS,BOS,2549.0,,86,81,5
201403260BOS,RS,BOS,2578.0,,88,81,7
201403260BOS,RS,BOS,2593.0,,88,84,4
201403260BOS,RS,BOS,2614.0,,90,84,6
201403260BOS,RS,BOS,2626.0,,90,85,5
201403260BOS,RS,BOS,2648.0,,92,85,7
201403260BOS,RS,BOS,2659.0,,92,86,6
201403260BOS,RS,BOS,2659.0,,92,87,5
201403260BOS,RS,BOS,2741.0,,92,88,4
201403260BOS,RS,BOS,2764.0,,93,88,5
201403260BOS,RS,BOS,2771.0,,93,90,3
201403260BOS,RS,BOS,2782.0,,96,90,6
201403260BOS,RS,BOS,2817.0,F,99,90,9
201403260BOS,RS,BOS,2880.0,,99,90,9
201403280TOR,RS,BOS,0.0,,0,0,0
201403280TOR,RS,BOS,26.0,,0,3,-3
201403280TOR,RS,BOS,46.0,,1,3,-2
201403280TOR,RS,BOS,46.0,,2,3,-1
201403280TOR,RS,BOS,68.0,,2,5,-3
201403280TOR,RS,BOS,121.0,,2,7,-5
201403280TOR,RS,BOS,161.0,,4,7,-3
201403280TOR,RS,BOS,183.0,,4,8,-4
201403280TOR,RS,BOS,183.0,,4,9,-5
201403280TOR,RS,BOS,246.0,,4,11,-7
201403280TOR,RS,BOS,266.0,,6,11,-5
201403280TOR,RS,BOS,287.0,,8,11,-3
201403280TOR,RS,BOS,321.0,,9,11,-2
201403280TOR,RS,BOS,321.0,,10,11,-1
201403280TOR,RS,BOS,341.0,,10,13,-3
201403280TOR,RS,BOS,362.0,,12,13,-1
201403280TOR,RS,BOS,373.0,,12,14,-2
201403280TOR,RS,BOS,385.0,T,14,14,0
201403280TOR,RS,BOS,395.0,,14,16,-2
201403280TOR,RS,BOS,470.0,,14,18,-4
201403280TOR,RS,BOS,493.0,,16,18,-2
201403280TOR,RS,BOS,513.0,T,18,18,0
201403280TOR,RS,BOS,524.0,,18,20,-2
201403280TOR,RS,BOS,543.0,T,20,20,0
201403280TOR,RS,BOS,592.0,LC,21,20,1
201403280TOR,RS,BOS,592.0,,22,20,2
201403280TOR,RS,BOS,619.0,,22,21,1
201403280TOR,RS,BOS,619.0,T,22,22,0
201403280TOR,RS,BOS,633.0,,24,22,2
201403280TOR,RS,BOS,646.0,T,24,24,0
201403280TOR,RS,BOS,662.0,,25,24,1
201403280TOR,RS,BOS,662.0,,26,24,2
201403280TOR,RS,BOS,688.0,,29,24,5
201403280TOR,RS,BOS,701.0,,31,24,7
201403280TOR,RS,BOS,701.0,,32,24,8
201403280TOR,RS,BOS,717.0,,32,26,6
201403280TOR,RS,BOS,734.0,,34,26,8
201403280TOR,RS,BOS,759.0,,34,29,5
201403280TOR,RS,BOS,780.0,,36,29,7
201403280TOR,RS,BOS,825.0,,36,31,5
201403280TOR,RS,BOS,840.0,,36,33,3
201403280TOR,RS,BOS,857.0,,39,33,6
201403280TOR,RS,BOS,927.0,,41,33,8
201403280TOR,RS,BOS,941.0,,41,36,5
201403280TOR,RS,BOS,970.0,,43,36,7
201403280TOR,RS,BOS,1002.0,,45,36,9
201403280TOR,RS,BOS,1027.0,,45,38,7
201403280TOR,RS,BOS,1081.0,,47,38,9
201403280TOR,RS,BOS,1101.0,,47,41,6
201403280TOR,RS,BOS,1128.0,,47,43,4
201403280TOR,RS,BOS,1168.0,,47,44,3
201403280TOR,RS,BOS,1184.0,,50,44,6
201403280TOR,RS,BOS,1198.0,,50,45,5
201403280TOR,RS,BOS,1205.0,,50,46,4
201403280TOR,RS,BOS,1205.0,,50,47,3
201403280TOR,RS,BOS,1230.0,,50,49,1
201403280TOR,RS,BOS,1300.0,LC,50,51,-1
201403280TOR,RS,BOS,1384.0,LC,52,51,1
201403280TOR,RS,BOS,1390.0,LC,52,53,-1
201403280TOR,RS,BOS,1411.0,T,53,53,0
201403280TOR,RS,BOS,1411.0,LC,54,53,1
201403280TOR,RS,BOS,1440.0,,56,53,3
201403280TOR,RS,BOS,1477.0,,56,55,1
201403280TOR,RS,BOS,1497.0,,59,55,4
201403280TOR,RS,BOS,1534.0,,61,55,6
201403280TOR,RS,BOS,1581.0,,61,58,3
201403280TOR,RS,BOS,1612.0,,61,60,1
201403280TOR,RS,BOS,1637.0,,63,60,3
201403280TOR,RS,BOS,1641.0,,63,61,2
201403280TOR,RS,BOS,1641.0,,63,62,1
201403280TOR,RS,BOS,1685.0,,65,62,3
201403280TOR,RS,BOS,1685.0,,66,62,4
201403280TOR,RS,BOS,1710.0,,68,62,6
201403280TOR,RS,BOS,1710.0,,69,62,7
201403280TOR,RS,BOS,1747.0,,69,64,5
201403280TOR,RS,BOS,1773.0,,69,66,3
201403280TOR,RS,BOS,1788.0,,71,66,5
201403280TOR,RS,BOS,1829.0,,73,66,7
201403280TOR,RS,BOS,1861.0,,73,68,5
201403280TOR,RS,BOS,1906.0,,74,68,6
201403280TOR,RS,BOS,1935.0,,75,68,7
201403280TOR,RS,BOS,1975.0,,77,68,9
201403280TOR,RS,BOS,1975.0,,78,68,10
201403280TOR,RS,BOS,1997.0,,78,69,9
201403280TOR,RS,BOS,2012.0,,80,69,11
201403280TOR,RS,BOS,2037.0,,80,70,10
201403280TOR,RS,BOS,2037.0,,80,71,9
201403280TOR,RS,BOS,2052.0,,83,71,12
201403280TOR,RS,BOS,2144.0,,85,71,14
201403280TOR,RS,BOS,2159.0,,85,73,12
201403280TOR,RS,BOS,2186.0,,85,75,10
201403280TOR,RS,BOS,2202.0,,86,75,11
201403280TOR,RS,BOS,2202.0,,87,75,12
201403280TOR,RS,BOS,2223.0,,87,77,10
201403280TOR,RS,BOS,2244.0,,87,79,8
201403280TOR,RS,BOS,2244.0,,87,80,7
201403280TOR,RS,BOS,2282.0,,87,82,5
201403280TOR,RS,BOS,2297.0,,89,82,7
201403280TOR,RS,BOS,2314.0,,89,84,5
201403280TOR,RS,BOS,2332.0,,91,84,7
201403280TOR,RS,BOS,2345.0,,91,86,5
201403280TOR,RS,BOS,2365.0,,93,86,7
201403280TOR,RS,BOS,2397.0,,95,86,9
201403280TOR,RS,BOS,2410.0,,95,87,8
201403280TOR,RS,BOS,2410.0,,95,88,7
201403280TOR,RS,BOS,2433.0,,95,90,5
201403280TOR,RS,BOS,2458.0,,95,92,3
201403280TOR,RS,BOS,2470.0,,95,94,1
201403280TOR,RS,BOS,2588.0,LC,95,96,-1
201403280TOR,RS,BOS,2630.0,LC,97,96,1
201403280TOR,RS,BOS,2644.0,LC,97,99,-2
201403280TOR,RS,BOS,2693.0,,97,101,-4
201403280TOR,RS,BOS,2746.0,,99,101,-2
201403280TOR,RS,BOS,2806.0,,100,101,-1
201403280TOR,RS,BOS,2806.0,T,101,101,0
201403280TOR,RS,BOS,2846.0,LC,103,101,2
201403280TOR,RS,BOS,2851.0,T,103,103,0
201403280TOR,RS,BOS,2873.0,F,105,103,2
201403280TOR,RS,BOS,2880.0,,105,103,2
201403300ORL,RS,ORL,0.0,,0,0,0
201403300ORL,RS,ORL,42.0,,2,0,2
201403300ORL,RS,ORL,42.0,,3,0,3
201403300ORL,RS,ORL,60.0,,3,2,1
201403300ORL,RS,ORL,88.0,LC,3,4,-1
201403300ORL,RS,ORL,122.0,,3,6,-3
201403300ORL,RS,ORL,144.0,,5,6,-1
201403300ORL,RS,ORL,169.0,LC,8,6,2
201403300ORL,RS,ORL,194.0,T,8,8,0
201403300ORL,RS,ORL,208.0,,10,8,2
201403300ORL,RS,ORL,233.0,T,10,10,0
201403300ORL,RS,ORL,281.0,,12,10,2
201403300ORL,RS,ORL,311.0,,13,10,3
201403300ORL,RS,ORL,317.0,,15,10,5
201403300ORL,RS,ORL,332.0,,15,12,3
201403300ORL,RS,ORL,404.0,,15,14,1
201403300ORL,RS,ORL,428.0,LC,15,16,-1
201403300ORL,RS,ORL,449.0,LC,17,16,1
201403300ORL,RS,ORL,449.0,,18,16,2
201403300ORL,RS,ORL,470.0,T,18,18,0
201403300ORL,RS,ORL,486.0,LC,18,20,-2
201403300ORL,RS,ORL,512.0,LC,21,20,1
201403300ORL,RS,ORL,560.0,LC,21,22,-1
201403300ORL,RS,ORL,602.0,LC,23,22,1
201403300ORL,RS,ORL,659.0,,24,22,2
201403300ORL,RS,ORL,659.0,,25,22,3
201403300ORL,RS,ORL,718.0,,27,22,5
201403300ORL,RS,ORL,732.0,,28,22,6
201403300ORL,RS,ORL,732.0,,29,22,7
201403300ORL,RS,ORL,758.0,,31,22,9
201403300ORL,RS,ORL,804.0,,31,23,8
201403300ORL,RS,ORL,838.0,,32,23,9
201403300ORL,RS,ORL,838.0,,33,23,10
201403300ORL,RS,ORL,875.0,,33,24,9
201403300ORL,RS,ORL,875.0,,33,25,8
201403300ORL,RS,ORL,886.0,,35,25,10
201403300ORL,RS,ORL,941.0,,35,26,9
201403300ORL,RS,ORL,991.0,,37,26,11
201403300ORL,RS,ORL,1019.0,,40,26,14
201403300ORL,RS,ORL,1062.0,,42,26,16
201403300ORL,RS,ORL,1087.0,,44,26,18
201403300ORL,RS,ORL,1103.0,,44,28,16
201403300ORL,RS,ORL,1118.0,,46,28,18
201403300ORL,RS,ORL,1164.0,,46,30,16
201403300ORL,RS,ORL,1187.0,,48,30,18
201403300ORL,RS,ORL,1187.0,,49,30,19
201403300ORL,RS,ORL,1200.0,,49,32,17
201403300ORL,RS,ORL,1223.0,,49,34,15
201403300ORL,RS,ORL,1269.0,,51,34,17
201403300ORL,RS,ORL,1291.0,,51,36,15
201403300ORL,RS,ORL,1312.0,,53,36,17
201403300ORL,RS,ORL,1381.0,,54,36,18
201403300ORL,RS,ORL,1381.0,,55,36,19
201403300ORL,RS,ORL,1394.0,,55,37,18
201403300ORL,RS,ORL,1394.0,,55,38,17
201403300ORL,RS,ORL,1408.0,,56,38,18
201403300ORL,RS,ORL,1408.0,,57,38,19
201403300ORL,RS,ORL,1492.0,,58,38,20
201403300ORL,RS,ORL,1492.0,,59,38,21
201403300ORL,RS,ORL,1513.0,,59,40,19
201403300ORL,RS,ORL,1556.0,,59,42,17
201403300ORL,RS,ORL,1578.0,,61,42,19
201403300ORL,RS,ORL,1628.0,,61,45,16
201403300ORL,RS,ORL,1680.0,,63,45,18
201403300ORL,RS,ORL,1702.0,,63,47,16
201403300ORL,RS,ORL,1729.0,,64,47,17
201403300ORL,RS,ORL,1760.0,,64,49,15
201403300ORL,RS,ORL,1811.0,,64,51,13
201403300ORL,RS,ORL,1872.0,,64,54,10
201403300ORL,RS,ORL,1899.0,,66,54,12
201403300ORL,RS,ORL,1914.0,,66,56,10
201403300ORL,RS,ORL,1929.0,,67,56,11
201403300ORL,RS,ORL,1929.0,,68,56,12
201403300ORL,RS,ORL,1976.0,,68,59,9
201403300ORL,RS,ORL,2047.0,,68,60,8
201403300ORL,RS,ORL,2047.0,,68,61,7
201403300ORL,RS,ORL,2088.0,,70,61,9
201403300ORL,RS,ORL,2110.0,,71,61,10
201403300ORL,RS,ORL,2113.0,,71,63,8
201403300ORL,RS,ORL,2126.0,,73,63,10
201403300ORL,RS,ORL,2147.0,,73,64,9
201403300ORL,RS,ORL,2171.0,,73,67,6
201403300ORL,RS,ORL,2203.0,,76,67,9
201403300ORL,RS,ORL,2228.0,,76,70,6
201403300ORL,RS,ORL,2258.0,,76,71,5
201403300ORL,RS,ORL,2281.0,,76,73,3
201403300ORL,RS,ORL,2320.0,T,76,76,0
201403300ORL,RS,ORL,2335.0,,78,76,2
201403300ORL,RS,ORL,2346.0,T,78,78,0
201403300ORL,RS,ORL,2395.0,,80,78,2
201403300ORL,RS,ORL,2410.0,T,80,80,0
201403300ORL,RS,ORL,2434.0,,82,80,2
201403300ORL,RS,ORL,2537.0,,85,80,5
201403300ORL,RS,ORL,2564.0,,86,80,6
201403300ORL,RS,ORL,2564.0,,87,80,7
201403300ORL,RS,ORL,2589.0,,87,82,5
201403300ORL,RS,ORL,2609.0,,88,82,6
201403300ORL,RS,ORL,2609.0,,89,82,7
201403300ORL,RS,ORL,2655.0,,91,82,9
201403300ORL,RS,ORL,2668.0,,91,84,7
201403300ORL,RS,ORL,2740.0,,93,84,9
201403300ORL,RS,ORL,2762.0,,93,86,7
201403300ORL,RS,ORL,2799.0,,93,88,5
201403300ORL,RS,ORL,2817.0,,96,88,8
201403300ORL,RS,ORL,2820.0,,96,90,6
201403300ORL,RS,ORL,2846.0,,96,93,3
201403300ORL,RS,ORL,2876.0,,97,93,4
201403300ORL,RS,ORL,2876.0,F,98,93,5
201403300ORL,RS,ORL,2880.0,,98,93,5
201403310MIA,RS,MIA,0.0,,0,0,0
201403310MIA,RS,MIA,45.0,,2,0,2
201403310MIA,RS,MIA,102.0,,3,0,3
201403310MIA,RS,MIA,102.0,,4,0,4
201403310MIA,RS,MIA,142.0,,6,0,6
201403310MIA,RS,MIA,164.0,,6,3,3
201403310MIA,RS,MIA,210.0,,6,5,1
201403310MIA,RS,MIA,241.0,T,6,6,0
201403310MIA,RS,MIA,254.0,LC,6,8,-2
201403310MIA,RS,MIA,274.0,T,8,8,0
201403310MIA,RS,MIA,299.0,LC,10,8,2
201403310MIA,RS,MIA,320.0,T,10,10,0
201403310MIA,RS,MIA,373.0,,12,10,2
201403310MIA,RS,MIA,411.0,,14,10,4
201403310MIA,RS,MIA,454.0,,14,12,2
201403310MIA,RS,MIA,472.0,,16,12,4
201403310MIA,RS,MIA,497.0,,16,15,1
201403310MIA,RS,MIA,529.0,LC,16,17,-1
201403310MIA,RS,MIA,554.0,LC,18,17,1
201403310MIA,RS,MIA,569.0,LC,18,19,-1
201403310MIA,RS,MIA,569.0,,18,20,-2
201403310MIA,RS,MIA,610.0,,18,22,-4
201403310MIA,RS,MIA,651.0,,20,22,-2
201403310MIA,RS,MIA,674.0,LC,23,22,1
201403310MIA,RS,MIA,691.0,LC,23,24,-1
201403310MIA,RS,MIA,773.0,,23,25,-2
201403310MIA,RS,MIA,806.0,,23,26,-3
201403310MIA,RS,MIA,806.0,,23,27,-4
201403310MIA,RS,MIA,829.0,,25,27,-2
201403310MIA,RS,MIA,866.0,LC,28,27,1
201403310MIA,RS,MIA,903.0,,30,27,3
201403310MIA,RS,MIA,938.0,,32,27,5
201403310MIA,RS,MIA,959.0,,32,29,3
201403310MIA,RS,MIA,977.0,,34,29,5
201403310MIA,RS,MIA,1010.0,,37,29,8
201403310MIA,RS,MIA,1034.0,,37,32,5
201403310MIA,RS,MIA,1050.0,,40,32,8
201403310MIA,RS,MIA,1083.0,,42,32,10
201403310MIA,RS,MIA,1114.0,,42,35,7
201403310MIA,RS,MIA,1114.0,,42,36,6
201403310MIA,RS,MIA,1141.0,,42,37,5
201403310MIA,RS,MIA,1141.0,,42,38,4
201403310MIA,RS,MIA,1162.0,,45,38,7
201403310MIA,RS,MIA,1178.0,,45,40,5
201403310MIA,RS,MIA,1178.0,,45,41,4
201403310MIA,RS,MIA,1226.0,,45,42,3
201403310MIA,RS,MIA,1226.0,,45,43,2
201403310MIA,RS,MIA,1271.0,,47,43,4
201403310MIA,RS,MIA,1291.0,,47,45,2
201403310MIA,RS,MIA,1311.0,,49,45,4
201403310MIA,RS,MIA,1337.0,,49,47,2
201403310MIA,RS,MIA,1365.0,T,49,49,0
201403310MIA,RS,MIA,1386.0,,51,49,2
201403310MIA,RS,MIA,1403.0,LC,51,52,-1
201403310MIA,RS,MIA,1416.0,,51,53,-2
201403310MIA,RS,MIA,1416.0,,51,54,-3
201403310MIA,RS,MIA,1567.0,,51,56,-5
201403310MIA,RS,MIA,1599.0,,51,59,-8
201403310MIA,RS,MIA,1625.0,,51,61,-10
201403310MIA,RS,MIA,1641.0,,53,61,-8
201403310MIA,RS,MIA,1723.0,,53,63,-10
201403310MIA,RS,MIA,1749.0,,55,63,-8
201403310MIA,RS,MIA,1780.0,,55,64,-9
201403310MIA,RS,MIA,1811.0,,57,64,-7
201403310MIA,RS,MIA,1828.0,,57,66,-9
201403310MIA,RS,MIA,1895.0,,57,68,-11
201403310MIA,RS,MIA,1895.0,,57,69,-12
201403310MIA,RS,MIA,1924.0,,57,71,-14
201403310MIA,RS,MIA,1968.0,,59,71,-12
201403310MIA,RS,MIA,2006.0,,61,71,-10
201403310MIA,RS,MIA,2006.0,,62,71,-9
201403310MIA,RS,MIA,2034.0,,65,71,-6
201403310MIA,RS,MIA,2049.0,,65,73,-8
201403310MIA,RS,MIA,2098.0,,65,74,-9
201403310MIA,RS,MIA,2178.0,,65,76,-11
201403310MIA,RS,MIA,2260.0,,67,76,-9
201403310MIA,RS,MIA,2277.0,,67,78,-11
201403310MIA,RS,MIA,2299.0,,69,78,-9
201403310MIA,RS,MIA,2334.0,,72,78,-6
201403310MIA,RS,MIA,2343.0,,73,78,-5
201403310MIA,RS,MIA,2395.0,,75,78,-3
201403310MIA,RS,MIA,2410.0,,75,80,-5
201403310MIA,RS,MIA,2410.0,,75,81,-6
201403310MIA,RS,MIA,2434.0,,76,81,-5
201403310MIA,RS,MIA,2507.0,,78,81,-3
201403310MIA,RS,MIA,2529.0,,78,83,-5
201403310MIA,RS,MIA,2632.0,,78,85,-7
201403310MIA,RS,MIA,2689.0,,78,87,-9
201403310MIA,RS,MIA,2710.0,,81,87,-6
201403310MIA,RS,MIA,2741.0,,81,90,-9
201403310MIA,RS,MIA,2776.0,,81,92,-11
201403310MIA,RS,MIA,2776.0,,81,93,-12
201403310MIA,RS,MIA,2827.0,F,83,93,-10
201403310MIA,RS,MIA,2880.0,,83,93,-10
201404020TOR,RS,HOU,0.0,,0,0,0
201404020TOR,RS,HOU,33.0,,2,0,2
201404020TOR,RS,HOU,39.0,T,2,2,0
201404020TOR,RS,HOU,124.0,LC,2,4,-2
201404020TOR,RS,HOU,169.0,,2,6,-4
201404020TOR,RS,HOU,192.0,,5,6,-1
201404020TOR,RS,HOU,205.0,,5,8,-3
201404020TOR,RS,HOU,214.0,,7,8,-1
201404020TOR,RS,HOU,250.0,,7,10,-3
201404020TOR,RS,HOU,306.0,,7,12,-5
201404020TOR,RS,HOU,306.0,,7,13,-6
201404020TOR,RS,HOU,336.0,,7,15,-8
201404020TOR,RS,HOU,380.0,,7,17,-10
201404020TOR,RS,HOU,439.0,,10,17,-7
201404020TOR,RS,HOU,477.0,,10,19,-9
201404020TOR,RS,HOU,507.0,,10,21,-11
201404020TOR,RS,HOU,523.0,,11,21,-10
201404020TOR,RS,HOU,538.0,,11,23,-12
201404020TOR,RS,HOU,556.0,,14,23,-9
201404020TOR,RS,HOU,580.0,,14,25,-11
201404020TOR,RS,HOU,597.0,,17,25,-8
201404020TOR,RS,HOU,631.0,,19,25,-6
201404020TOR,RS,HOU,631.0,,20,25,-5
201404020TOR,RS,HOU,696.0,,23,25,-2
201404020TOR,RS,HOU,749.0,,24,25,-1
201404020TOR,RS,HOU,749.0,T,25,25,0
201404020TOR,RS,HOU,777.0,LC,27,25,2
201404020TOR,RS,HOU,817.0,LC,27,28,-1
201404020TOR,RS,HOU,836.0,T,28,28,0
201404020TOR,RS,HOU,846.0,,28,30,-2
201404020TOR,RS,HOU,881.0,,28,33,-5
201404020TOR,RS,HOU,898.0,,31,33,-2
201404020TOR,RS,HOU,909.0,,31,34,-3
201404020TOR,RS,HOU,928.0,,33,34,-1
201404020TOR,RS,HOU,940.0,,33,35,-2
201404020TOR,RS,HOU,940.0,,33,36,-3
201404020TOR,RS,HOU,1002.0,,33,38,-5
201404020TOR,RS,HOU,1024.0,,34,38,-4
201404020TOR,RS,HOU,1024.0,,35,38,-3
201404020TOR,RS,HOU,1060.0,T,38,38,0
201404020TOR,RS,HOU,1090.0,,38,41,-3
201404020TOR,RS,HOU,1131.0,,40,41,-1
201404020TOR,RS,HOU,1168.0,LC,42,41,1
201404020TOR,RS,HOU,1176.0,LC,42,43,-1
201404020TOR,RS,HOU,1176.0,,42,44,-2
201404020TOR,RS,HOU,1202.0,,42,46,-4
201404020TOR,RS,HOU,1222.0,,44,46,-2
201404020TOR,RS,HOU,1242.0,,45,46,-1
201404020TOR,RS,HOU,1242.0,T,46,46,0
201404020TOR,RS,HOU,1285.0,LC,48,46,2
201404020TOR,RS,HOU,1311.0,,50,46,4
201404020TOR,RS,HOU,1339.0,,50,48,2
201404020TOR,RS,HOU,1361.0,,52,48,4
201404020TOR,RS,HOU,1386.0,,52,49,3
201404020TOR,RS,HOU,1386.0,,52,50,2
201404020TOR,RS,HOU,1440.0,,55,50,5
201404020TOR,RS,HOU,1493.0,,57,50,7
201404020TOR,RS,HOU,1530.0,,57,51,6
201404020TOR,RS,HOU,1530.0,,57,52,5
201404020TOR,RS,HOU,1550.0,,59,52,7
201404020TOR,RS,HOU,1588.0,,60,52,8
201404020TOR,RS,HOU,1588.0,,61,52,9
201404020TOR,RS,HOU,1631.0,,61,55,6
201404020TOR,RS,HOU,1647.0,,64,55,9
201404020TOR,RS,HOU,1665.0,,66,55,11
201404020TOR,RS,HOU,1681.0,,66,57,9
201404020TOR,RS,HOU,1731.0,,68,57,11
201404020TOR,RS,HOU,1731.0,,69,57,12
201404020TOR,RS,HOU,1762.0,,69,59,10
201404020TOR,RS,HOU,1781.0,,70,59,11
201404020TOR,RS,HOU,1781.0,,71,59,12
201404020TOR,RS,HOU,1825.0,,73,59,14
201404020TOR,RS,HOU,1839.0,,73,61,12
201404020TOR,RS,HOU,1839.0,,73,62,11
201404020TOR,RS,HOU,1851.0,,74,62,12
201404020TOR,RS,HOU,1851.0,,75,62,13
201404020TOR,RS,HOU,1873.0,,76,62,14
201404020TOR,RS,HOU,1896.0,,77,62,15
201404020TOR,RS,HOU,1896.0,,78,62,16
201404020TOR,RS,HOU,1926.0,,80,62,18
201404020TOR,RS,HOU,1934.0,,81,62,19
201404020TOR,RS,HOU,1934.0,,82,62,20
201404020TOR,RS,HOU,1951.0,,82,64,18
201404020TOR,RS,HOU,1999.0,,82,66,16
201404020TOR,RS,HOU,2015.0,,84,66,18
201404020TOR,RS,HOU,2027.0,,84,68,16
201404020TOR,RS,HOU,2045.0,,84,70,14
201404020TOR,RS,HOU,2055.0,,84,71,13
201404020TOR,RS,HOU,2067.0,,86,71,15
201404020TOR,RS,HOU,2082.0,,86,74,12
201404020TOR,RS,HOU,2105.0,,86,77,9
201404020TOR,RS,HOU,2125.0,,87,77,10
201404020TOR,RS,HOU,2125.0,,88,77,11
201404020TOR,RS,HOU,2130.0,,88,80,8
201404020TOR,RS,HOU,2153.0,,89,80,9
201404020TOR,RS,HOU,2153.0,,90,80,10
201404020TOR,RS,HOU,2230.0,,90,83,7
201404020TOR,RS,HOU,2263.0,,90,84,6
201404020TOR,RS,HOU,2263.0,,90,85,5
201404020TOR,RS,HOU,2284.0,,92,85,7
201404020TOR,RS,HOU,2330.0,,92,87,5
201404020TOR,RS,HOU,2355.0,,92,89,3
201404020TOR,RS,HOU,2355.0,,92,90,2
201404020TOR,RS,HOU,2416.0,,92,91,1
201404020TOR,RS,HOU,2430.0,,94,91,3
201404020TOR,RS,HOU,2454.0,,94,92,2
201404020TOR,RS,HOU,2498.0,,96,92,4
201404020TOR,RS,HOU,2560.0,,98,92,6
201404020TOR,RS,HOU,2577.0,,98,94,4
201404020TOR,RS,HOU,2616.0,,98,95,3
201404020TOR,RS,HOU,2634.0,,101,95,6
201404020TOR,RS,HOU,2643.0,,101,96,5
201404020TOR,RS,HOU,2686.0,,102,96,6
201404020TOR,RS,HOU,2686.0,,103,96,7
201404020TOR,RS,HOU,2699.0,,103,97,6
201404020TOR,RS,HOU,2758.0,,105,97,8
201404020TOR,RS,HOU,2862.0,,105,98,7
201404020TOR,RS,HOU,2862.0,,105,99,6
201404020TOR,RS,HOU,2862.0,,105,100,5
201404020TOR,RS,HOU,2867.0,,106,100,6
201404020TOR,RS,HOU,2871.0,,106,103,3
201404020TOR,RS,HOU,2875.0,F,107,103,4
201404020TOR,RS,HOU,2880.0,,107,103,4
201404040TOR,RS,IND,0.0,,0,0,0
201404040TOR,RS,IND,22.0,,0,3,-3
201404040TOR,RS,IND,63.0,,2,3,-1
201404040TOR,RS,IND,130.0,LC,4,3,1
201404040TOR,RS,IND,183.0,LC,4,6,-2
201404040TOR,RS,IND,211.0,,4,8,-4
201404040TOR,RS,IND,228.0,,7,8,-1
201404040TOR,RS,IND,247.0,,7,10,-3
201404040TOR,RS,IND,262.0,,9,10,-1
201404040TOR,RS,IND,296.0,LC,11,10,1
201404040TOR,RS,IND,317.0,LC,11,12,-1
201404040TOR,RS,IND,370.0,LC,13,12,1
201404040TOR,RS,IND,408.0,LC,13,14,-1
201404040TOR,RS,IND,438.0,,13,16,-3
201404040TOR,RS,IND,454.0,,15,16,-1
201404040TOR,RS,IND,454.0,T,16,16,0
201404040TOR,RS,IND,473.0,,16,18,-2
201404040TOR,RS,IND,489.0,T,18,18,0
201404040TOR,RS,IND,489.0,LC,19,18,1
201404040TOR,RS,IND,536.0,LC,19,20,-1
201404040TOR,RS,IND,567.0,,19,22,-3
201404040TOR,RS,IND,586.0,T,22,22,0
201404040TOR,RS,IND,603.0,,22,23,-1
201404040TOR,RS,IND,603.0,,22,24,-2
201404040TOR,RS,IND,619.0,LC,25,24,1
201404040TOR,RS,IND,642.0,LC,25,26,-1
201404040TOR,RS,IND,672.0,,25,27,-2
201404040TOR,RS,IND,672.0,,25,28,-3
201404040TOR,RS,IND,692.0,,27,28,-1
201404040TOR,RS,IND,776.0,LC,29,28,1
201404040TOR,RS,IND,804.0,,31,28,3
201404040TOR,RS,IND,830.0,,33,28,5
201404040TOR,RS,IND,846.0,,33,31,2
201404040TOR,RS,IND,896.0,,35,31,4
201404040TOR,RS,IND,916.0,,35,33,2
201404040TOR,RS,IND,943.0,,37,33,4
201404040TOR,RS,IND,1005.0,,37,35,2
201404040TOR,RS,IND,1045.0,T,37,37,0
201404040TOR,RS,IND,1070.0,LC,37,38,-1
201404040TOR,RS,IND,1070.0,,37,39,-2
201404040TOR,RS,IND,1083.0,T,39,39,0
201404040TOR,RS,IND,1105.0,,39,41,-2
201404040TOR,RS,IND,1156.0,T,41,41,0
201404040TOR,RS,IND,1184.0,LC,44,41,3
201404040TOR,RS,IND,1213.0,,44,42,2
201404040TOR,RS,IND,1224.0,,47,42,5
201404040TOR,RS,IND,1240.0,,47,44,3
201404040TOR,RS,IND,1259.0,,49,44,5
201404040TOR,RS,IND,1321.0,,51,44,7
201404040TOR,RS,IND,1321.0,,52,44,8
201404040TOR,RS,IND,1335.0,,52,46,6
201404040TOR,RS,IND,1352.0,,54,46,8
201404040TOR,RS,IND,1468.0,,54,47,7
201404040TOR,RS,IND,1468.0,,54,48,6
201404040TOR,RS,IND,1488.0,,56,48,8
201404040TOR,RS,IND,1512.0,,59,48,11
201404040TOR,RS,IND,1528.0,,59,51,8
201404040TOR,RS,IND,1551.0,,61,51,10
201404040TOR,RS,IND,1640.0,,61,52,9
201404040TOR,RS,IND,1640.0,,61,53,8
201404040TOR,RS,IND,1658.0,,63,53,10
201404040TOR,RS,IND,1658.0,,64,53,11
201404040TOR,RS,IND,1697.0,,64,55,9
201404040TOR,RS,IND,1697.0,,64,56,8
201404040TOR,RS,IND,1715.0,,64,57,7
201404040TOR,RS,IND,1740.0,,64,59,5
201404040TOR,RS,IND,1740.0,,64,60,4
201404040TOR,RS,IND,1755.0,,67,60,7
201404040TOR,RS,IND,1768.0,,67,61,6
201404040TOR,RS,IND,1768.0,,67,62,5
201404040TOR,RS,IND,1793.0,,67,63,4
201404040TOR,RS,IND,1854.0,,67,65,2
201404040TOR,RS,IND,1878.0,,69,65,4
201404040TOR,RS,IND,1941.0,,70,65,5
201404040TOR,RS,IND,1964.0,,70,67,3
201404040TOR,RS,IND,1981.0,,71,67,4
201404040TOR,RS,IND,2029.0,,72,67,5
201404040TOR,RS,IND,2029.0,,73,67,6
201404040TOR,RS,IND,2055.0,,73,68,5
201404040TOR,RS,IND,2055.0,,73,69,4
201404040TOR,RS,IND,2100.0,,73,70,3
201404040TOR,RS,IND,2119.0,T,73,73,0
201404040TOR,RS,IND,2132.0,,75,73,2
201404040TOR,RS,IND,2155.0,T,75,75,0
201404040TOR,RS,IND,2189.0,LC,75,77,-2
201404040TOR,RS,IND,2240.0,T,77,77,0
201404040TOR,RS,IND,2260.0,,77,80,-3
201404040TOR,RS,IND,2283.0,T,80,80,0
201404040TOR,RS,IND,2301.0,,80,82,-2
201404040TOR,RS,IND,2315.0,T,82,82,0
201404040TOR,RS,IND,2395.0,LC,85,82,3
201404040TOR,RS,IND,2417.0,,85,84,1
201404040TOR,RS,IND,2462.0,,88,84,4
201404040TOR,RS,IND,2488.0,,88,86,2
201404040TOR,RS,IND,2515.0,T,88,88,0
201404040TOR,RS,IND,2515.0,LC,88,89,-1
201404040TOR,RS,IND,2548.0,,88,91,-3
201404040TOR,RS,IND,2566.0,,90,91,-1
201404040TOR,RS,IND,2582.0,,90,92,-2
201404040TOR,RS,IND,2598.0,T,92,92,0
201404040TOR,RS,IND,2616.0,,92,94,-2
201404040TOR,RS,IND,2658.0,T,94,94,0
201404040TOR,RS,IND,2699.0,LC,96,94,2
201404040TOR,RS,IND,2750.0,,98,94,4
201404040TOR,RS,IND,2851.0,,99,94,5
201404040TOR,RS,IND,2851.0,,100,94,6
201404040TOR,RS,IND,2867.0,,101,94,7
201404040TOR,RS,IND,2867.0,F,102,94,8
201404040TOR,RS,IND,2880.0,,102,94,8
201404050MIL,RS,MIL,0.0,,0,0,0
201404050MIL,RS,MIL,20.0,,3,0,3
201404050MIL,RS,MIL,51.0,,5,0,5
201404050MIL,RS,MIL,64.0,,5,2,3
201404050MIL,RS,MIL,87.0,,7,2,5
201404050MIL,RS,MIL,105.0,,7,4,3
201404050MIL,RS,MIL,178.0,,7,6,1
201404050MIL,RS,MIL,194.0,,10,6,4
201404050MIL,RS,MIL,206.0,,10,8,2
201404050MIL,RS,MIL,276.0,,10,9,1
201404050MIL,RS,MIL,276.0,T,10,10,0
201404050MIL,RS,MIL,328.0,,12,10,2
201404050MIL,RS,MIL,383.0,T,12,12,0
201404050MIL,RS,MIL,456.0,LC,12,14,-2
201404050MIL,RS,MIL,477.0,T,14,14,0
201404050MIL,RS,MIL,520.0,LC,17,14,3
201404050MIL,RS,MIL,536.0,,17,16,1
201404050MIL,RS,MIL,554.0,,18,16,2
201404050MIL,RS,MIL,574.0,,21,16,5
201404050MIL,RS,MIL,591.0,,21,18,3
201404050MIL,RS,MIL,614.0,,24,18,6
201404050MIL,RS,MIL,659.0,,24,20,4
201404050MIL,RS,MIL,672.0,,26,20,6
201404050MIL,RS,MIL,701.0,,26,21,5
201404050MIL,RS,MIL,701.0,,26,22,4
201404050MIL,RS,MIL,720.0,,28,22,6
201404050MIL,RS,MIL,734.0,,28,24,4
201404050MIL,RS,MIL,784.0,,28,27,1
201404050MIL,RS,MIL,802.0,,30,27,3
201404050MIL,RS,MIL,828.0,,30,29,1
201404050MIL,RS,MIL,843.0,,32,29,3
201404050MIL,RS,MIL,860.0,,32,31,1
201404050MIL,RS,MIL,860.0,T,32,32,0
201404050MIL,RS,MIL,881.0,LC,32,34,-2
201404050MIL,RS,MIL,928.0,,32,36,-4
201404050MIL,RS,MIL,963.0,,32,38,-6
201404050MIL,RS,MIL,995.0,,32,40,-8
201404050MIL,RS,MIL,1018.0,,34,40,-6
201404050MIL,RS,MIL,1040.0,,36,40,-4
201404050MIL,RS,MIL,1071.0,,38,40,-2
201404050MIL,RS,MIL,1084.0,,38,42,-4
201404050MIL,RS,MIL,1099.0,,41,42,-1
201404050MIL,RS,MIL,1122.0,,41,44,-3
201404050MIL,RS,MIL,1150.0,,41,45,-4
201404050MIL,RS,MIL,1150.0,,41,46,-5
201404050MIL,RS,MIL,1165.0,,44,46,-2
201404050MIL,RS,MIL,1200.0,LC,47,46,1
201404050MIL,RS,MIL,1224.0,LC,47,48,-1
201404050MIL,RS,MIL,1254.0,,47,50,-3
201404050MIL,RS,MIL,1376.0,,47,52,-5
201404050MIL,RS,MIL,1397.0,,47,54,-7
201404050MIL,RS,MIL,1436.0,,47,56,-9
201404050MIL,RS,MIL,1482.0,,50,56,-6
201404050MIL,RS,MIL,1517.0,,53,56,-3
201404050MIL,RS,MIL,1548.0,,55,56,-1
201404050MIL,RS,MIL,1566.0,,55,58,-3
201404050MIL,RS,MIL,1581.0,T,58,58,0
201404050MIL,RS,MIL,1617.0,LC,60,58,2
201404050MIL,RS,MIL,1653.0,T,60,60,0
201404050MIL,RS,MIL,1678.0,,61,60,1
201404050MIL,RS,MIL,1678.0,,62,60,2
201404050MIL,RS,MIL,1706.0,,64,60,4
201404050MIL,RS,MIL,1746.0,,64,61,3
201404050MIL,RS,MIL,1746.0,,64,62,2
201404050MIL,RS,MIL,1762.0,,66,62,4
201404050MIL,RS,MIL,1780.0,,66,64,2
201404050MIL,RS,MIL,1819.0,T,66,66,0
201404050MIL,RS,MIL,1848.0,,67,66,1
201404050MIL,RS,MIL,1848.0,,68,66,2
201404050MIL,RS,MIL,1863.0,T,68,68,0
201404050MIL,RS,MIL,1892.0,LC,68,70,-2
201404050MIL,RS,MIL,1952.0,,68,72,-4
201404050MIL,RS,MIL,1975.0,,70,72,-2
201404050MIL,RS,MIL,1989.0,T,72,72,0
201404050MIL,RS,MIL,1989.0,LC,73,72,1
201404050MIL,RS,MIL,2010.0,,75,72,3
201404050MIL,RS,MIL,2061.0,,75,73,2
201404050MIL,RS,MIL,2061.0,,75,74,1
201404050MIL,RS,MIL,2087.0,T,75,75,0
201404050MIL,RS,MIL,2147.0,LC,75,76,-1
201404050MIL,RS,MIL,2171.0,LC,77,76,1
201404050MIL,RS,MIL,2271.0,LC,77,78,-1
201404050MIL,RS,MIL,2317.0,T,78,78,0
201404050MIL,RS,MIL,2317.0,LC,79,78,1
201404050MIL,RS,MIL,2397.0,LC,79,80,-1
201404050MIL,RS,MIL,2477.0,LC,81,80,1
201404050MIL,RS,MIL,2498.0,LC,81,82,-1
201404050MIL,RS,MIL,2521.0,LC,83,82,1
201404050MIL,RS,MIL,2536.0,LC,83,84,-1
201404050MIL,RS,MIL,2556.0,LC,86,84,2
201404050MIL,RS,MIL,2612.0,,87,84,3
201404050MIL,RS,MIL,2643.0,,89,84,5
201404050MIL,RS,MIL,2661.0,,89,85,4
201404050MIL,RS,MIL,2661.0,,89,86,3
201404050MIL,RS,MIL,2700.0,,89,88,1
201404050MIL,RS,MIL,2720.0,,91,88,3
201404050MIL,RS,MIL,2777.0,,93,88,5
201404050MIL,RS,MIL,2777.0,,94,88,6
201404050MIL,RS,MIL,2797.0,,94,90,4
201404050MIL,RS,MIL,2817.0,,94,91,3
201404050MIL,RS,MIL,2817.0,,94,92,2
201404050MIL,RS,MIL,2834.0,,95,92,3
201404050MIL,RS,MIL,2834.0,,96,92,4
201404050MIL,RS,MIL,2842.0,,96,93,3
201404050MIL,RS,MIL,2842.0,,96,94,2
201404050MIL,RS,MIL,2855.0,,97,94,3
201404050MIL,RS,MIL,2855.0,,98,94,4
201404050MIL,RS,MIL,2860.0,,98,95,3
201404050MIL,RS,MIL,2860.0,,98,96,2
201404050MIL,RS,MIL,2861.0,,99,96,3
201404050MIL,RS,MIL,2861.0,,100,96,4
201404050MIL,RS,MIL,2869.0,,100,98,2
201404050MIL,RS,MIL,2870.0,,101,98,3
201404050MIL,RS,MIL,2870.0,F,102,98,4
201404050MIL,RS,MIL,2880.0,,102,98,4
201404090TOR,RS,PHI,0.0,,0,0,0
201404090TOR,RS,PHI,25.0,,2,0,2
201404090TOR,RS,PHI,71.0,,4,0,4
201404090TOR,RS,PHI,108.0,,4,3,1
201404090TOR,RS,PHI,128.0,,7,3,4
201404090TOR,RS,PHI,146.0,,7,6,1
201404090TOR,RS,PHI,180.0,LC,7,9,-2
201404090TOR,RS,PHI,207.0,,7,11,-4
201404090TOR,RS,PHI,224.0,,10,11,-1
201404090TOR,RS,PHI,278.0,LC,12,11,1
201404090TOR,RS,PHI,318.0,,14,11,3
201404090TOR,RS,PHI,345.0,,14,13,1
201404090TOR,RS,PHI,430.0,,15,13,2
201404090TOR,RS,PHI,430.0,,16,13,3
201404090TOR,RS,PHI,441.0,,16,15,1
201404090TOR,RS,PHI,494.0,,17,15,2
201404090TOR,RS,PHI,494.0,,18,15,3
201404090TOR,RS,PHI,505.0,,18,17,1
201404090TOR,RS,PHI,516.0,,19,17,2
201404090TOR,RS,PHI,516.0,,20,17,3
201404090TOR,RS,PHI,527.0,,20,19,1
201404090TOR,RS,PHI,546.0,,22,19,3
201404090TOR,RS,PHI,574.0,,24,19,5
201404090TOR,RS,PHI,587.0,,24,21,3
201404090TOR,RS,PHI,599.0,,26,21,5
201404090TOR,RS,PHI,612.0,,26,23,3
201404090TOR,RS,PHI,632.0,,28,23,5
201404090TOR,RS,PHI,662.0,,30,23,7
201404090TOR,RS,PHI,678.0,,30,24,6
201404090TOR,RS,PHI,678.0,,30,25,5
201404090TOR,RS,PHI,697.0,,33,25,8
201404090TOR,RS,PHI,697.0,,34,25,9
201404090TOR,RS,PHI,717.0,,34,28,6
201404090TOR,RS,PHI,755.0,,35,28,7
201404090TOR,RS,PHI,790.0,,35,30,5
201404090TOR,RS,PHI,790.0,,35,31,4
201404090TOR,RS,PHI,817.0,,35,33,2
201404090TOR,RS,PHI,843.0,T,35,35,0
201404090TOR,RS,PHI,869.0,,36,35,1
201404090TOR,RS,PHI,869.0,,37,35,2
201404090TOR,RS,PHI,879.0,T,37,37,0
201404090TOR,RS,PHI,897.0,,38,37,1
201404090TOR,RS,PHI,897.0,,39,37,2
201404090TOR,RS,PHI,928.0,,39,38,1
201404090TOR,RS,PHI,928.0,T,39,39,0
201404090TOR,RS,PHI,942.0,,40,39,1
201404090TOR,RS,PHI,942.0,,41,39,2
201404090TOR,RS,PHI,957.0,T,41,41,0
201404090TOR,RS,PHI,975.0,,44,41,3
201404090TOR,RS,PHI,987.0,,44,42,2
201404090TOR,RS,PHI,987.0,,44,43,1
201404090TOR,RS,PHI,999.0,,47,43,4
201404090TOR,RS,PHI,1028.0,,48,43,5
201404090TOR,RS,PHI,1028.0,,49,43,6
201404090TOR,RS,PHI,1038.0,,49,45,4
201404090TOR,RS,PHI,1061.0,,50,45,5
201404090TOR,RS,PHI,1113.0,,53,45,8
201404090TOR,RS,PHI,1140.0,,53,47,6
201404090TOR,RS,PHI,1154.0,,54,47,7
201404090TOR,RS,PHI,1154.0,,55,47,8
201404090TOR,RS,PHI,1163.0,,55,49,6
201404090TOR,RS,PHI,1206.0,,56,49,7
201404090TOR,RS,PHI,1206.0,,57,49,8
201404090TOR,RS,PHI,1235.0,,59,49,10
201404090TOR,RS,PHI,1266.0,,62,49,13
201404090TOR,RS,PHI,1281.0,,62,50,12
201404090TOR,RS,PHI,1281.0,,62,51,11
201404090TOR,RS,PHI,1307.0,,62,53,9
201404090TOR,RS,PHI,1307.0,,62,54,8
201404090TOR,RS,PHI,1324.0,,64,54,10
201404090TOR,RS,PHI,1343.0,,66,54,12
201404090TOR,RS,PHI,1363.0,,66,56,10
201404090TOR,RS,PHI,1380.0,,66,58,8
201404090TOR,RS,PHI,1395.0,,68,58,10
201404090TOR,RS,PHI,1404.0,,68,59,9
201404090TOR,RS,PHI,1404.0,,68,60,8
201404090TOR,RS,PHI,1458.0,,68,62,6
201404090TOR,RS,PHI,1498.0,,71,62,9
201404090TOR,RS,PHI,1515.0,,71,64,7
201404090TOR,RS,PHI,1549.0,,71,66,5
201404090TOR,RS,PHI,1569.0,,74,66,8
201404090TOR,RS,PHI,1624.0,,76,66,10
201404090TOR,RS,PHI,1639.0,,76,68,8
201404090TOR,RS,PHI,1691.0,,76,70,6
201404090TOR,RS,PHI,1718.0,,78,70,8
201404090TOR,RS,PHI,1731.0,,78,72,6
201404090TOR,RS,PHI,1751.0,,78,74,4
201404090TOR,RS,PHI,1777.0,,78,77,1
201404090TOR,RS,PHI,1802.0,,80,77,3
201404090TOR,RS,PHI,1835.0,,81,77,4
201404090TOR,RS,PHI,1835.0,,82,77,5
201404090TOR,RS,PHI,1847.0,,82,78,4
201404090TOR,RS,PHI,1868.0,,84,78,6
201404090TOR,RS,PHI,1889.0,,86,78,8
201404090TOR,RS,PHI,1910.0,,86,80,6
201404090TOR,RS,PHI,1929.0,,88,80,8
201404090TOR,RS,PHI,1951.0,,88,83,5
201404090TOR,RS,PHI,1982.0,,91,83,8
201404090TOR,RS,PHI,1999.0,,91,85,6
201404090TOR,RS,PHI,2073.0,,91,87,4
201404090TOR,RS,PHI,2097.0,,93,87,6
201404090TOR,RS,PHI,2133.0,,96,87,9
201404090TOR,RS,PHI,2154.0,,96,89,7
201404090TOR,RS,PHI,2160.0,,98,89,9
201404090TOR,RS,PHI,2191.0,,98,90,8
201404090TOR,RS,PHI,2191.0,,98,91,7
201404090TOR,RS,PHI,2218.0,,100,91,9
201404090TOR,RS,PHI,2239.0,,100,92,8
201404090TOR,RS,PHI,2259.0,,102,92,10
201404090TOR,RS,PHI,2341.0,,103,92,11
201404090TOR,RS,PHI,2341.0,,104,92,12
201404090TOR,RS,PHI,2354.0,,104,95,9
201404090TOR,RS,PHI,2394.0,,104,97,7
201404090TOR,RS,PHI,2394.0,,104,98,6
201404090TOR,RS,PHI,2409.0,,107,98,9
201404090TOR,RS,PHI,2491.0,,108,98,10
201404090TOR,RS,PHI,2505.0,,108,100,8
201404090TOR,RS,PHI,2529.0,,110,100,10
201404090TOR,RS,PHI,2569.0,,110,103,7
201404090TOR,RS,PHI,2590.0,,110,104,6
201404090TOR,RS,PHI,2605.0,,112,104,8
201404090TOR,RS,PHI,2630.0,,112,106,6
201404090TOR,RS,PHI,2654.0,,114,106,8
201404090TOR,RS,PHI,2681.0,,114,108,6
201404090TOR,RS,PHI,2699.0,,116,108,8
201404090TOR,RS,PHI,2716.0,,116,110,6
201404090TOR,RS,PHI,2734.0,,118,110,8
201404090TOR,RS,PHI,2768.0,,120,110,10
201404090TOR,RS,PHI,2785.0,,121,110,11
201404090TOR,RS,PHI,2822.0,,121,112,9
201404090TOR,RS,PHI,2834.0,,122,112,10
201404090TOR,RS,PHI,2834.0,,123,112,11
201404090TOR,RS,PHI,2857.0,,123,114,9
201404090TOR,RS,PHI,2861.0,,124,114,10
201404090TOR,RS,PHI,2861.0,F,125,114,11
201404090TOR,RS,PHI,2880.0,,125,114,11
201404110TOR,RS,NYK,0.0,,0,0,0
201404110TOR,RS,NYK,128.0,,0,1,-1
201404110TOR,RS,NYK,169.0,LC,3,1,2
201404110TOR,RS,NYK,190.0,T,3,3,0
201404110TOR,RS,NYK,221.0,LC,3,5,-2
201404110TOR,RS,NYK,282.0,T,5,5,0
201404110TOR,RS,NYK,304.0,LC,8,5,3
201404110TOR,RS,NYK,332.0,,8,7,1
201404110TOR,RS,NYK,343.0,,11,7,4
201404110TOR,RS,NYK,356.0,,11,10,1
201404110TOR,RS,NYK,389.0,LC,11,12,-1
201404110TOR,RS,NYK,398.0,T,12,12,0
201404110TOR,RS,NYK,398.0,LC,13,12,1
201404110TOR,RS,NYK,398.0,,14,12,2
201404110TOR,RS,NYK,433.0,T,14,14,0
201404110TOR,RS,NYK,459.0,LC,14,16,-2
201404110TOR,RS,NYK,476.0,,14,18,-4
201404110TOR,RS,NYK,519.0,,17,18,-1
201404110TOR,RS,NYK,542.0,,17,20,-3
201404110TOR,RS,NYK,542.0,,17,21,-4
201404110TOR,RS,NYK,564.0,,20,21,-1
201404110TOR,RS,NYK,612.0,LC,22,21,1
201404110TOR,RS,NYK,621.0,LC,22,24,-2
201404110TOR,RS,NYK,662.0,,23,24,-1
201404110TOR,RS,NYK,686.0,LC,26,24,2
201404110TOR,RS,NYK,744.0,,28,24,4
201404110TOR,RS,NYK,772.0,,28,27,1
201404110TOR,RS,NYK,903.0,LC,28,29,-1
201404110TOR,RS,NYK,925.0,LC,30,29,1
201404110TOR,RS,NYK,954.0,,33,29,4
201404110TOR,RS,NYK,979.0,,33,30,3
201404110TOR,RS,NYK,1001.0,,33,32,1
201404110TOR,RS,NYK,1043.0,,35,32,3
201404110TOR,RS,NYK,1102.0,,37,32,5
201404110TOR,RS,NYK,1131.0,,37,34,3
201404110TOR,RS,NYK,1170.0,,37,35,2
201404110TOR,RS,NYK,1170.0,,37,36,1
201404110TOR,RS,NYK,1206.0,,39,36,3
201404110TOR,RS,NYK,1223.0,,39,38,1
201404110TOR,RS,NYK,1246.0,,41,38,3
201404110TOR,RS,NYK,1264.0,,41,39,2
201404110TOR,RS,NYK,1282.0,,43,39,4
201404110TOR,RS,NYK,1294.0,,43,40,3
201404110TOR,RS,NYK,1294.0,,43,41,2
201404110TOR,RS,NYK,1313.0,,44,41,3
201404110TOR,RS,NYK,1341.0,,46,41,5
201404110TOR,RS,NYK,1361.0,,46,42,4
201404110TOR,RS,NYK,1361.0,,46,43,3
201404110TOR,RS,NYK,1376.0,,47,43,4
201404110TOR,RS,NYK,1401.0,,47,45,2
201404110TOR,RS,NYK,1453.0,,50,45,5
201404110TOR,RS,NYK,1498.0,,53,45,8
201404110TOR,RS,NYK,1517.0,,53,48,5
201404110TOR,RS,NYK,1533.0,,53,49,4
201404110TOR,RS,NYK,1533.0,,53,50,3
201404110TOR,RS,NYK,1544.0,,54,50,4
201404110TOR,RS,NYK,1544.0,,55,50,5
201404110TOR,RS,NYK,1574.0,,56,50,6
201404110TOR,RS,NYK,1586.0,,56,51,5
201404110TOR,RS,NYK,1586.0,,56,52,4
201404110TOR,RS,NYK,1604.0,,59,52,7
201404110TOR,RS,NYK,1623.0,,59,54,5
201404110TOR,RS,NYK,1665.0,,59,56,3
201404110TOR,RS,NYK,1696.0,,60,56,4
201404110TOR,RS,NYK,1696.0,,61,56,5
201404110TOR,RS,NYK,1709.0,,61,58,3
201404110TOR,RS,NYK,1742.0,T,61,61,0
201404110TOR,RS,NYK,1796.0,,64,61,3
201404110TOR,RS,NYK,1818.0,,64,63,1
201404110TOR,RS,NYK,1854.0,,66,63,3
201404110TOR,RS,NYK,1871.0,,66,65,1
201404110TOR,RS,NYK,1889.0,,67,65,2
201404110TOR,RS,NYK,1889.0,,68,65,3
201404110TOR,RS,NYK,1917.0,,68,67,1
201404110TOR,RS,NYK,1949.0,LC,68,69,-1
201404110TOR,RS,NYK,1997.0,LC,71,69,2
201404110TOR,RS,NYK,2015.0,T,71,71,0
201404110TOR,RS,NYK,2031.0,LC,71,73,-2
201404110TOR,RS,NYK,2031.0,,71,74,-3
201404110TOR,RS,NYK,2066.0,,71,75,-4
201404110TOR,RS,NYK,2066.0,,71,76,-5
201404110TOR,RS,NYK,2078.0,,74,76,-2
201404110TOR,RS,NYK,2121.0,LC,77,76,1
201404110TOR,RS,NYK,2142.0,LC,77,78,-1
201404110TOR,RS,NYK,2217.0,,77,80,-3
201404110TOR,RS,NYK,2244.0,,77,82,-5
201404110TOR,RS,NYK,2266.0,,80,82,-2
201404110TOR,RS,NYK,2310.0,,80,83,-3
201404110TOR,RS,NYK,2310.0,,80,84,-4
201404110TOR,RS,NYK,2324.0,,82,84,-2
201404110TOR,RS,NYK,2378.0,,82,87,-5
201404110TOR,RS,NYK,2412.0,,82,88,-6
201404110TOR,RS,NYK,2412.0,,82,89,-7
201404110TOR,RS,NYK,2420.0,,83,89,-6
201404110TOR,RS,NYK,2420.0,,84,89,-5
201404110TOR,RS,NYK,2438.0,,84,91,-7
201404110TOR,RS,NYK,2486.0,,84,92,-8
201404110TOR,RS,NYK,2499.0,,85,92,-7
201404110TOR,RS,NYK,2499.0,,86,92,-6
201404110TOR,RS,NYK,2522.0,,86,94,-8
201404110TOR,RS,NYK,2564.0,,87,94,-7
201404110TOR,RS,NYK,2564.0,,88,94,-6
201404110TOR,RS,NYK,2588.0,,88,95,-7
201404110TOR,RS,NYK,2588.0,,88,96,-8
201404110TOR,RS,NYK,2589.0,,89,96,-7
201404110TOR,RS,NYK,2607.0,,89,98,-9
201404110TOR,RS,NYK,2637.0,,89,100,-11
201404110TOR,RS,NYK,2728.0,,91,100,-9
201404110TOR,RS,NYK,2757.0,,93,100,-7
201404110TOR,RS,NYK,2843.0,,94,100,-6
201404110TOR,RS,NYK,2843.0,,95,100,-5
201404110TOR,RS,NYK,2844.0,,95,101,-6
201404110TOR,RS,NYK,2844.0,,95,102,-7
201404110TOR,RS,NYK,2848.0,,97,102,-5
201404110TOR,RS,NYK,2848.0,,98,102,-4
201404110TOR,RS,NYK,2850.0,,98,103,-5
201404110TOR,RS,NYK,2850.0,,98,104,-6
201404110TOR,RS,NYK,2857.0,,99,104,-5
201404110TOR,RS,NYK,2857.0,,100,104,-4
201404110TOR,RS,NYK,2860.0,,100,105,-5
201404110TOR,RS,NYK,2860.0,,100,106,-6
201404110TOR,RS,NYK,2873.0,,100,107,-7
201404110TOR,RS,NYK,2873.0,F,100,108,-8
201404110TOR,RS,NYK,2880.0,,100,108,-8
201404130DET,RS,DET,0.0,,0,0,0
201404130DET,RS,DET,28.0,,2,0,2
201404130DET,RS,DET,53.0,LC,2,3,-1
201404130DET,RS,DET,67.0,T,3,3,0
201404130DET,RS,DET,92.0,,3,5,-2
201404130DET,RS,DET,139.0,T,5,5,0
201404130DET,RS,DET,139.0,LC,6,5,1
201404130DET,RS,DET,196.0,,9,5,4
201404130DET,RS,DET,216.0,,11,5,6
201404130DET,RS,DET,216.0,,12,5,7
201404130DET,RS,DET,250.0,,14,5,9
201404130DET,RS,DET,260.0,,15,5,10
201404130DET,RS,DET,308.0,,17,5,12
201404130DET,RS,DET,329.0,,19,5,14
201404130DET,RS,DET,329.0,,20,5,15
201404130DET,RS,DET,352.0,,20,7,13
201404130DET,RS,DET,366.0,,21,7,14
201404130DET,RS,DET,366.0,,22,7,15
201404130DET,RS,DET,399.0,,24,7,17
201404130DET,RS,DET,420.0,,24,9,15
201404130DET,RS,DET,435.0,,26,9,17
201404130DET,RS,DET,444.0,,26,11,15
201404130DET,RS,DET,444.0,,26,12,14
201404130DET,RS,DET,454.0,,28,12,16
201404130DET,RS,DET,467.0,,28,14,14
201404130DET,RS,DET,486.0,,28,16,12
201404130DET,RS,DET,506.0,,30,16,14
201404130DET,RS,DET,522.0,,30,19,11
201404130DET,RS,DET,522.0,,30,20,10
201404130DET,RS,DET,540.0,,31,20,11
201404130DET,RS,DET,540.0,,32,20,12
201404130DET,RS,DET,558.0,,32,21,11
201404130DET,RS,DET,606.0,,32,22,10
201404130DET,RS,DET,606.0,,32,23,9
201404130DET,RS,DET,630.0,,34,23,11
201404130DET,RS,DET,636.0,,35,23,12
201404130DET,RS,DET,636.0,,36,23,13
201404130DET,RS,DET,658.0,,39,23,16
201404130DET,RS,DET,668.0,,39,25,14
201404130DET,RS,DET,680.0,,42,25,17
201404130DET,RS,DET,693.0,,42,26,16
201404130DET,RS,DET,832.0,,42,28,14
201404130DET,RS,DET,857.0,,45,28,17
201404130DET,RS,DET,857.0,,46,28,18
201404130DET,RS,DET,908.0,,46,30,16
201404130DET,RS,DET,928.0,,47,30,17
201404130DET,RS,DET,943.0,,47,32,15
201404130DET,RS,DET,958.0,,47,33,14
201404130DET,RS,DET,958.0,,47,34,13
201404130DET,RS,DET,994.0,,47,35,12
201404130DET,RS,DET,1006.0,,49,35,14
201404130DET,RS,DET,1017.0,,49,36,13
201404130DET,RS,DET,1017.0,,49,37,12
201404130DET,RS,DET,1047.0,,49,39,10
201404130DET,RS,DET,1076.0,,51,39,12
201404130DET,RS,DET,1097.0,,53,39,14
201404130DET,RS,DET,1115.0,,53,41,12
201404130DET,RS,DET,1168.0,,53,42,11
201404130DET,RS,DET,1195.0,,55,42,13
201404130DET,RS,DET,1219.0,,55,43,12
201404130DET,RS,DET,1219.0,,55,44,11
201404130DET,RS,DET,1301.0,,57,44,13
201404130DET,RS,DET,1348.0,,57,47,10
201404130DET,RS,DET,1410.0,,60,47,13
201404130DET,RS,DET,1425.0,,60,49,11
201404130DET,RS,DET,1437.0,,63,49,14
201404130DET,RS,DET,1454.0,,66,49,17
201404130DET,RS,DET,1483.0,,66,51,15
201404130DET,RS,DET,1498.0,,68,51,17
201404130DET,RS,DET,1515.0,,68,53,15
201404130DET,RS,DET,1540.0,,68,55,13
201404130DET,RS,DET,1540.0,,68,56,12
201404130DET,RS,DET,1573.0,,68,59,9
201404130DET,RS,DET,1600.0,,68,60,8
201404130DET,RS,DET,1652.0,,68,63,5
201404130DET,RS,DET,1663.0,,69,63,6
201404130DET,RS,DET,1663.0,,70,63,7
201404130DET,RS,DET,1694.0,,72,63,9
201404130DET,RS,DET,1717.0,,72,65,7
201404130DET,RS,DET,1749.0,,73,65,8
201404130DET,RS,DET,1749.0,,74,65,9
201404130DET,RS,DET,1758.0,,74,66,8
201404130DET,RS,DET,1777.0,,76,66,10
201404130DET,RS,DET,1794.0,,76,67,9
201404130DET,RS,DET,1794.0,,76,68,8
201404130DET,RS,DET,1836.0,,76,70,6
201404130DET,RS,DET,1862.0,,78,70,8
201404130DET,RS,DET,1885.0,,78,72,6
201404130DET,RS,DET,1921.0,,78,74,4
201404130DET,RS,DET,1945.0,,80,74,6
201404130DET,RS,DET,1966.0,,80,76,4
201404130DET,RS,DET,1981.0,,81,76,5
201404130DET,RS,DET,1981.0,,82,76,6
201404130DET,RS,DET,2008.0,,82,78,4
201404130DET,RS,DET,2008.0,,82,79,3
201404130DET,RS,DET,2027.0,,83,79,4
201404130DET,RS,DET,2027.0,,84,79,5
201404130DET,RS,DET,2039.0,,84,80,4
201404130DET,RS,DET,2057.0,,84,81,3
201404130DET,RS,DET,2057.0,,84,82,2
201404130DET,RS,DET,2076.0,,85,82,3
201404130DET,RS,DET,2090.0,,85,83,2
201404130DET,RS,DET,2090.0,,85,84,1
201404130DET,RS,DET,2119.0,LC,85,86,-1
201404130DET,RS,DET,2130.0,LC,87,86,1
201404130DET,RS,DET,2207.0,,88,86,2
201404130DET,RS,DET,2207.0,,89,86,3
201404130DET,RS,DET,2226.0,,89,88,1
201404130DET,RS,DET,2226.0,T,89,89,0
201404130DET,RS,DET,2249.0,,92,89,3
201404130DET,RS,DET,2265.0,,92,91,1
201404130DET,RS,DET,2280.0,,94,91,3
201404130DET,RS,DET,2301.0,,94,93,1
201404130DET,RS,DET,2428.0,LC,94,95,-1
201404130DET,RS,DET,2448.0,LC,96,95,1
201404130DET,RS,DET,2448.0,,97,95,2
201404130DET,RS,DET,2495.0,,99,95,4
201404130DET,RS,DET,2509.0,,99,96,3
201404130DET,RS,DET,2529.0,,99,97,2
201404130DET,RS,DET,2549.0,,100,97,3
201404130DET,RS,DET,2583.0,,103,97,6
201404130DET,RS,DET,2608.0,,105,97,8
201404130DET,RS,DET,2623.0,,105,99,6
201404130DET,RS,DET,2680.0,,107,99,8
201404130DET,RS,DET,2698.0,,108,99,9
201404130DET,RS,DET,2698.0,,109,99,10
201404130DET,RS,DET,2709.0,,109,100,9
201404130DET,RS,DET,2709.0,,109,101,8
201404130DET,RS,DET,2728.0,,109,103,6
201404130DET,RS,DET,2782.0,,111,103,8
201404130DET,RS,DET,2819.0,,113,103,10
201404130DET,RS,DET,2827.0,,113,105,8
201404130DET,RS,DET,2845.0,,115,105,10
201404130DET,RS,DET,2845.0,,116,105,11
201404130DET,RS,DET,2855.0,,116,106,10
201404130DET,RS,DET,2855.0,F,116,107,9
201404130DET,RS,DET,2880.0,,116,107,9
201404140TOR,RS,MIL,0.0,,0,0,0
201404140TOR,RS,MIL,49.0,,2,0,2
201404140TOR,RS,MIL,85.0,,4,0,4
201404140TOR,RS,MIL,110.0,,7,0,7
201404140TOR,RS,MIL,131.0,,7,2,5
201404140TOR,RS,MIL,170.0,,7,4,3
201404140TOR,RS,MIL,212.0,,9,4,5
201404140TOR,RS,MIL,228.0,,9,6,3
201404140TOR,RS,MIL,278.0,,9,8,1
201404140TOR,RS,MIL,296.0,,11,8,3
201404140TOR,RS,MIL,337.0,,14,8,6
201404140TOR,RS,MIL,373.0,,16,8,8
201404140TOR,RS,MIL,416.0,,16,10,6
201404140TOR,RS,MIL,432.0,,19,10,9
201404140TOR,RS,MIL,444.0,,19,12,7
201404140TOR,RS,MIL,479.0,,22,12,10
201404140TOR,RS,MIL,521.0,,22,14,8
201404140TOR,RS,MIL,540.0,,25,14,11
201404140TOR,RS,MIL,586.0,,25,17,8
201404140TOR,RS,MIL,607.0,,28,17,11
201404140TOR,RS,MIL,647.0,,30,17,13
201404140TOR,RS,MIL,662.0,,30,19,11
201404140TOR,RS,MIL,683.0,,31,19,12
201404140TOR,RS,MIL,683.0,,32,19,13
201404140TOR,RS,MIL,737.0,,35,19,16
201404140TOR,RS,MIL,737.0,,36,19,17
201404140TOR,RS,MIL,756.0,,36,21,15
201404140TOR,RS,MIL,770.0,,38,21,17
201404140TOR,RS,MIL,793.0,,38,22,16
201404140TOR,RS,MIL,793.0,,38,23,15
201404140TOR,RS,MIL,809.0,,40,23,17
201404140TOR,RS,MIL,826.0,,40,25,15
201404140TOR,RS,MIL,837.0,,42,25,17
201404140TOR,RS,MIL,863.0,,45,25,20
201404140TOR,RS,MIL,882.0,,45,27,18
201404140TOR,RS,MIL,901.0,,46,27,19
201404140TOR,RS,MIL,901.0,,47,27,20
201404140TOR,RS,MIL,943.0,,47,29,18
201404140TOR,RS,MIL,958.0,,50,29,21
201404140TOR,RS,MIL,1015.0,,50,31,19
201404140TOR,RS,MIL,1035.0,,53,31,22
201404140TOR,RS,MIL,1082.0,,53,33,20
201404140TOR,RS,MIL,1112.0,,53,35,18
201404140TOR,RS,MIL,1183.0,,53,36,17
201404140TOR,RS,MIL,1183.0,,53,37,16
201404140TOR,RS,MIL,1200.0,,54,37,17
201404140TOR,RS,MIL,1200.0,,55,37,18
201404140TOR,RS,MIL,1252.0,,57,37,20
201404140TOR,RS,MIL,1292.0,,57,38,19
201404140TOR,RS,MIL,1312.0,,59,38,21
201404140TOR,RS,MIL,1324.0,,59,39,20
201404140TOR,RS,MIL,1340.0,,59,40,19
201404140TOR,RS,MIL,1362.0,,59,41,18
201404140TOR,RS,MIL,1362.0,,59,42,17
201404140TOR,RS,MIL,1378.0,,59,44,15
201404140TOR,RS,MIL,1407.0,,59,46,13
201404140TOR,RS,MIL,1504.0,,61,46,15
201404140TOR,RS,MIL,1525.0,,61,49,12
201404140TOR,RS,MIL,1552.0,,64,49,15
201404140TOR,RS,MIL,1568.0,,64,51,13
201404140TOR,RS,MIL,1591.0,,66,51,15
201404140TOR,RS,MIL,1614.0,,66,53,13
201404140TOR,RS,MIL,1653.0,,68,53,15
201404140TOR,RS,MIL,1723.0,,68,55,13
201404140TOR,RS,MIL,1755.0,,68,56,12
201404140TOR,RS,MIL,1755.0,,68,57,11
201404140TOR,RS,MIL,1773.0,,70,57,13
201404140TOR,RS,MIL,1819.0,,72,57,15
201404140TOR,RS,MIL,1846.0,,73,57,16
201404140TOR,RS,MIL,1863.0,,73,59,14
201404140TOR,RS,MIL,1887.0,,75,59,16
201404140TOR,RS,MIL,1887.0,,76,59,17
201404140TOR,RS,MIL,1908.0,,79,59,20
201404140TOR,RS,MIL,1954.0,,79,61,18
201404140TOR,RS,MIL,2000.0,,79,62,17
201404140TOR,RS,MIL,2000.0,,79,63,16
201404140TOR,RS,MIL,2044.0,,79,65,14
201404140TOR,RS,MIL,2084.0,,79,67,12
201404140TOR,RS,MIL,2100.0,,81,67,14
201404140TOR,RS,MIL,2117.0,,84,67,17
201404140TOR,RS,MIL,2135.0,,84,69,15
201404140TOR,RS,MIL,2180.0,,84,72,12
201404140TOR,RS,MIL,2198.0,,85,72,13
201404140TOR,RS,MIL,2198.0,,86,72,14
201404140TOR,RS,MIL,2223.0,,87,72,15
201404140TOR,RS,MIL,2245.0,,87,74,13
201404140TOR,RS,MIL,2269.0,,89,74,15
201404140TOR,RS,MIL,2296.0,,91,74,17
201404140TOR,RS,MIL,2345.0,,91,77,14
201404140TOR,RS,MIL,2375.0,,91,80,11
201404140TOR,RS,MIL,2397.0,,91,82,9
201404140TOR,RS,MIL,2433.0,,91,84,7
201404140TOR,RS,MIL,2449.0,,92,84,8
201404140TOR,RS,MIL,2467.0,,92,86,6
201404140TOR,RS,MIL,2485.0,,94,86,8
201404140TOR,RS,MIL,2506.0,,94,88,6
201404140TOR,RS,MIL,2507.0,,95,88,7
201404140TOR,RS,MIL,2517.0,,97,88,9
201404140TOR,RS,MIL,2529.0,,98,88,10
201404140TOR,RS,MIL,2529.0,,99,88,11
201404140TOR,RS,MIL,2610.0,,99,89,10
201404140TOR,RS,MIL,2648.0,,99,91,8
201404140TOR,RS,MIL,2666.0,,101,91,10
201404140TOR,RS,MIL,2704.0,,103,91,12
201404140TOR,RS,MIL,2747.0,,106,91,15
201404140TOR,RS,MIL,2800.0,,106,93,13
201404140TOR,RS,MIL,2813.0,,107,93,14
201404140TOR,RS,MIL,2813.0,,108,93,15
201404140TOR,RS,MIL,2822.0,,108,94,14
201404140TOR,RS,MIL,2822.0,,108,95,13
201404140TOR,RS,MIL,2836.0,,109,95,14
201404140TOR,RS,MIL,2836.0,,110,95,15
201404140TOR,RS,MIL,2845.0,,110,96,14
201404140TOR,RS,MIL,2845.0,,110,97,13
201404140TOR,RS,MIL,2867.0,F,110,100,10
201404140TOR,RS,MIL,2880.0,,110,100,10
201404160NYK,RS,NYK,0.0,,0,0,0
201404160NYK,RS,NYK,44.0,,2,0,2
201404160NYK,RS,NYK,57.0,,2,1,1
201404160NYK,RS,NYK,81.0,,5,1,4
201404160NYK,RS,NYK,95.0,,5,2,3
201404160NYK,RS,NYK,95.0,,5,3,2
201404160NYK,RS,NYK,109.0,,6,3,3
201404160NYK,RS,NYK,127.0,,6,5,1
201404160NYK,RS,NYK,161.0,LC,6,7,-1
201404160NYK,RS,NYK,327.0,,6,8,-2
201404160NYK,RS,NYK,327.0,,6,9,-3
201404160NYK,RS,NYK,344.0,,8,9,-1
201404160NYK,RS,NYK,379.0,LC,10,9,1
201404160NYK,RS,NYK,403.0,LC,10,11,-1
201404160NYK,RS,NYK,420.0,LC,12,11,1
201404160NYK,RS,NYK,476.0,,14,11,3
201404160NYK,RS,NYK,495.0,,14,12,2
201404160NYK,RS,NYK,525.0,,14,13,1
201404160NYK,RS,NYK,525.0,T,14,14,0
201404160NYK,RS,NYK,547.0,,16,14,2
201404160NYK,RS,NYK,571.0,,19,14,5
201404160NYK,RS,NYK,595.0,,19,16,3
201404160NYK,RS,NYK,607.0,,22,16,6
201404160NYK,RS,NYK,628.0,,22,18,4
201404160NYK,RS,NYK,669.0,,24,18,6
201404160NYK,RS,NYK,669.0,,25,18,7
201404160NYK,RS,NYK,683.0,,25,21,4
201404160NYK,RS,NYK,714.0,,27,21,6
201404160NYK,RS,NYK,714.0,,28,21,7
201404160NYK,RS,NYK,733.0,,30,21,9
201404160NYK,RS,NYK,765.0,,32,21,11
201404160NYK,RS,NYK,796.0,,34,21,13
201404160NYK,RS,NYK,816.0,,34,23,11
201404160NYK,RS,NYK,831.0,,37,23,14
201404160NYK,RS,NYK,888.0,,39,23,16
201404160NYK,RS,NYK,928.0,,39,25,14
201404160NYK,RS,NYK,945.0,,42,25,17
201404160NYK,RS,NYK,969.0,,44,25,19
201404160NYK,RS,NYK,980.0,,44,27,17
201404160NYK,RS,NYK,1003.0,,46,27,19
201404160NYK,RS,NYK,1023.0,,46,30,16
201404160NYK,RS,NYK,1099.0,,46,33,13
201404160NYK,RS,NYK,1139.0,,48,33,15
201404160NYK,RS,NYK,1167.0,,51,33,18
201404160NYK,RS,NYK,1227.0,,53,33,20
201404160NYK,RS,NYK,1244.0,,53,36,17
201404160NYK,RS,NYK,1259.0,,55,36,19
201404160NYK,RS,NYK,1293.0,,56,36,20
201404160NYK,RS,NYK,1293.0,,57,36,21
201404160NYK,RS,NYK,1316.0,,57,38,19
201404160NYK,RS,NYK,1347.0,,57,40,17
201404160NYK,RS,NYK,1407.0,,57,42,15
201404160NYK,RS,NYK,1432.0,,57,44,13
201404160NYK,RS,NYK,1484.0,,57,46,11
201404160NYK,RS,NYK,1527.0,,57,48,9
201404160NYK,RS,NYK,1539.0,,59,48,11
201404160NYK,RS,NYK,1551.0,,59,50,9
201404160NYK,RS,NYK,1583.0,,59,52,7
201404160NYK,RS,NYK,1644.0,,59,54,5
201404160NYK,RS,NYK,1692.0,,59,56,3
201404160NYK,RS,NYK,1730.0,,59,58,1
201404160NYK,RS,NYK,1772.0,,61,58,3
201404160NYK,RS,NYK,1841.0,,62,58,4
201404160NYK,RS,NYK,1841.0,,63,58,5
201404160NYK,RS,NYK,1853.0,,63,60,3
201404160NYK,RS,NYK,1916.0,,65,60,5
201404160NYK,RS,NYK,1939.0,,65,63,2
201404160NYK,RS,NYK,1954.0,,67,63,4
201404160NYK,RS,NYK,2001.0,,67,66,1
201404160NYK,RS,NYK,2022.0,,69,66,3
201404160NYK,RS,NYK,2022.0,,70,66,4
201404160NYK,RS,NYK,2043.0,,70,69,1
201404160NYK,RS,NYK,2077.0,LC,70,71,-1
201404160NYK,RS,NYK,2093.0,LC,73,71,2
201404160NYK,RS,NYK,2115.0,T,73,73,0
201404160NYK,RS,NYK,2140.0,LC,73,74,-1
201404160NYK,RS,NYK,2159.0,T,74,74,0
201404160NYK,RS,NYK,2247.0,,74,75,-1
201404160NYK,RS,NYK,2247.0,,74,76,-2
201404160NYK,RS,NYK,2299.0,LC,77,76,1
201404160NYK,RS,NYK,2320.0,LC,77,78,-1
201404160NYK,RS,NYK,2381.0,LC,79,78,1
201404160NYK,RS,NYK,2417.0,,81,78,3
201404160NYK,RS,NYK,2463.0,T,81,81,0
201404160NYK,RS,NYK,2479.0,,82,81,1
201404160NYK,RS,NYK,2479.0,,83,81,2
201404160NYK,RS,NYK,2502.0,,85,81,4
201404160NYK,RS,NYK,2538.0,,85,83,2
201404160NYK,RS,NYK,2588.0,,87,83,4
201404160NYK,RS,NYK,2602.0,,87,85,2
201404160NYK,RS,NYK,2602.0,,87,86,1
201404160NYK,RS,NYK,2680.0,LC,87,88,-1
201404160NYK,RS,NYK,2705.0,LC,90,88,2
201404160NYK,RS,NYK,2746.0,T,90,90,0
201404160NYK,RS,NYK,2797.0,LC,90,92,-2
201404160NYK,RS,NYK,2858.0,,90,94,-4
201404160NYK,RS,NYK,2866.0,,92,94,-2
201404160NYK,RS,NYK,2875.0,F,92,95,-3
201404160NYK,RS,NYK,2880.0,,92,95,-3
201404190TOR,PO,BRK,0.0,,0,0,0
201404190TOR,PO,BRK,24.0,,0,3,-3
201404190TOR,PO,BRK,96.0,,0,5,-5
201404190TOR,PO,BRK,137.0,,2,5,-3
201404190TOR,PO,BRK,179.0,,4,5,-1
201404190TOR,PO,BRK,258.0,,4,6,-2
201404190TOR,PO,BRK,258.0,,4,7,-3
201404190TOR,PO,BRK,278.0,,5,7,-2
201404190TOR,PO,BRK,278.0,,6,7,-1
201404190TOR,PO,BRK,308.0,LC,8,7,1
201404190TOR,PO,BRK,335.0,,11,7,4
201404190TOR,PO,BRK,352.0,,11,9,2
201404190TOR,PO,BRK,382.0,T,11,11,0
201404190TOR,PO,BRK,414.0,LC,11,13,-2
201404190TOR,PO,BRK,414.0,,11,14,-3
201404190TOR,PO,BRK,453.0,,11,16,-5
201404190TOR,PO,BRK,490.0,,11,19,-8
201404190TOR,PO,BRK,507.0,,13,19,-6
201404190TOR,PO,BRK,518.0,,13,21,-8
201404190TOR,PO,BRK,518.0,,13,22,-9
201404190TOR,PO,BRK,541.0,,13,25,-12
201404190TOR,PO,BRK,556.0,,14,25,-11
201404190TOR,PO,BRK,582.0,,16,25,-9
201404190TOR,PO,BRK,589.0,,18,25,-7
201404190TOR,PO,BRK,622.0,,18,27,-9
201404190TOR,PO,BRK,653.0,,18,28,-10
201404190TOR,PO,BRK,653.0,,18,29,-11
201404190TOR,PO,BRK,682.0,,21,29,-8
201404190TOR,PO,BRK,735.0,,22,29,-7
201404190TOR,PO,BRK,735.0,,23,29,-6
201404190TOR,PO,BRK,747.0,,23,31,-8
201404190TOR,PO,BRK,796.0,,24,31,-7
201404190TOR,PO,BRK,796.0,,25,31,-6
201404190TOR,PO,BRK,805.0,,25,32,-7
201404190TOR,PO,BRK,817.0,,28,32,-4
201404190TOR,PO,BRK,863.0,,28,34,-6
201404190TOR,PO,BRK,877.0,,29,34,-5
201404190TOR,PO,BRK,877.0,,30,34,-4
201404190TOR,PO,BRK,889.0,,30,35,-5
201404190TOR,PO,BRK,898.0,,32,35,-3
201404190TOR,PO,BRK,937.0,,33,35,-2
201404190TOR,PO,BRK,937.0,,34,35,-1
201404190TOR,PO,BRK,937.0,T,35,35,0
201404190TOR,PO,BRK,958.0,,35,37,-2
201404190TOR,PO,BRK,958.0,,35,38,-3
201404190TOR,PO,BRK,973.0,,37,38,-1
201404190TOR,PO,BRK,989.0,,37,40,-3
201404190TOR,PO,BRK,1019.0,,37,42,-5
201404190TOR,PO,BRK,1066.0,,38,42,-4
201404190TOR,PO,BRK,1066.0,,39,42,-3
201404190TOR,PO,BRK,1098.0,,41,42,-1
201404190TOR,PO,BRK,1139.0,T,42,42,0
201404190TOR,PO,BRK,1154.0,,42,44,-2
201404190TOR,PO,BRK,1171.0,,42,46,-4
201404190TOR,PO,BRK,1283.0,,43,46,-3
201404190TOR,PO,BRK,1295.0,,43,48,-5
201404190TOR,PO,BRK,1366.0,,44,48,-4
201404190TOR,PO,BRK,1366.0,,45,48,-3
201404190TOR,PO,BRK,1380.0,,45,50,-5
201404190TOR,PO,BRK,1420.0,,46,50,-4
201404190TOR,PO,BRK,1459.0,,48,50,-2
201404190TOR,PO,BRK,1549.0,LC,51,50,1
201404190TOR,PO,BRK,1618.0,T,51,51,0
201404190TOR,PO,BRK,1656.0,LC,51,53,-2
201404190TOR,PO,BRK,1699.0,,51,54,-3
201404190TOR,PO,BRK,1699.0,,51,55,-4
201404190TOR,PO,BRK,1714.0,,52,55,-3
201404190TOR,PO,BRK,1714.0,,53,55,-2
201404190TOR,PO,BRK,1764.0,,53,57,-4
201404190TOR,PO,BRK,1853.0,,53,59,-6
201404190TOR,PO,BRK,1928.0,,53,61,-8
201404190TOR,PO,BRK,1946.0,,54,61,-7
201404190TOR,PO,BRK,1946.0,,55,61,-6
201404190TOR,PO,BRK,1975.0,,57,61,-4
201404190TOR,PO,BRK,1991.0,,57,63,-6
201404190TOR,PO,BRK,2006.0,,59,63,-4
201404190TOR,PO,BRK,2017.0,,59,64,-5
201404190TOR,PO,BRK,2017.0,,59,65,-6
201404190TOR,PO,BRK,2078.0,,59,67,-8
201404190TOR,PO,BRK,2160.0,,62,67,-5
201404190TOR,PO,BRK,2264.0,,65,67,-2
201404190TOR,PO,BRK,2290.0,T,67,67,0
201404190TOR,PO,BRK,2307.0,,67,68,-1
201404190TOR,PO,BRK,2307.0,,67,69,-2
201404190TOR,PO,BRK,2353.0,,67,71,-4
201404190TOR,PO,BRK,2405.0,,69,71,-2
201404190TOR,PO,BRK,2427.0,,69,73,-4
201404190TOR,PO,BRK,2466.0,,71,73,-2
201404190TOR,PO,BRK,2495.0,T,73,73,0
201404190TOR,PO,BRK,2514.0,,73,75,-2
201404190TOR,PO,BRK,2567.0,LC,76,75,1
201404190TOR,PO,BRK,2587.0,LC,76,77,-1
201404190TOR,PO,BRK,2659.0,,76,79,-3
201404190TOR,PO,BRK,2702.0,,76,82,-6
201404190TOR,PO,BRK,2717.0,,78,82,-4
201404190TOR,PO,BRK,2738.0,,78,84,-6
201404190TOR,PO,BRK,2788.0,,78,86,-8
201404190TOR,PO,BRK,2810.0,,81,86,-5
201404190TOR,PO,BRK,2828.0,,81,88,-7
201404190TOR,PO,BRK,2845.0,,83,88,-5
201404190TOR,PO,BRK,2857.0,,83,89,-6
201404190TOR,PO,BRK,2857.0,,83,90,-7
201404190TOR,PO,BRK,2865.0,,85,90,-5
201404190TOR,PO,BRK,2866.0,,85,91,-6
201404190TOR,PO,BRK,2866.0,,85,92,-7
201404190TOR,PO,BRK,2869.0,,87,92,-5
201404190TOR,PO,BRK,2874.0,,87,93,-6
201404190TOR,PO,BRK,2874.0,F,87,94,-7
201404190TOR,PO,BRK,2880.0,,87,94,-7
201404220TOR,PO,BRK,0.0,,0,0,0
201404220TOR,PO,BRK,16.0,,0,2,-2
201404220TOR,PO,BRK,125.0,,0,4,-4
201404220TOR,PO,BRK,147.0,,1,4,-3
201404220TOR,PO,BRK,172.0,,1,6,-5
201404220TOR,PO,BRK,197.0,,1,8,-7
201404220TOR,PO,BRK,214.0,,3,8,-5
201404220TOR,PO,BRK,214.0,,4,8,-4
201404220TOR,PO,BRK,228.0,,4,9,-5
201404220TOR,PO,BRK,275.0,,6,9,-3
201404220TOR,PO,BRK,290.0,,6,11,-5
201404220TOR,PO,BRK,308.0,,8,11,-3
201404220TOR,PO,BRK,352.0,,10,11,-1
201404220TOR,PO,BRK,382.0,LC,12,11,1
201404220TOR,PO,BRK,409.0,,13,11,2
201404220TOR,PO,BRK,409.0,,14,11,3
201404220TOR,PO,BRK,523.0,,16,11,5
201404220TOR,PO,BRK,566.0,,16,13,3
201404220TOR,PO,BRK,589.0,,18,13,5
201404220TOR,PO,BRK,604.0,,18,14,4
201404220TOR,PO,BRK,620.0,,21,14,7
201404220TOR,PO,BRK,632.0,,21,15,6
201404220TOR,PO,BRK,632.0,,21,16,5
201404220TOR,PO,BRK,673.0,,21,19,2
201404220TOR,PO,BRK,733.0,,23,19,4
201404220TOR,PO,BRK,781.0,,23,20,3
201404220TOR,PO,BRK,846.0,,26,20,6
201404220TOR,PO,BRK,868.0,,26,22,4
201404220TOR,PO,BRK,888.0,,28,22,6
201404220TOR,PO,BRK,924.0,,29,22,7
201404220TOR,PO,BRK,924.0,,30,22,8
201404220TOR,PO,BRK,950.0,,32,22,10
201404220TOR,PO,BRK,972.0,,32,24,8
201404220TOR,PO,BRK,992.0,,34,24,10
201404220TOR,PO,BRK,1029.0,,35,24,11
201404220TOR,PO,BRK,1134.0,,35,26,9
201404220TOR,PO,BRK,1160.0,,37,26,11
201404220TOR,PO,BRK,1173.0,,37,29,8
201404220TOR,PO,BRK,1267.0,,39,29,10
201404220TOR,PO,BRK,1284.0,,39,32,7
201404220TOR,PO,BRK,1300.0,,40,32,8
201404220TOR,PO,BRK,1317.0,,41,32,9
201404220TOR,PO,BRK,1366.0,,41,34,7
201404220TOR,PO,BRK,1381.0,,43,34,9
201404220TOR,PO,BRK,1391.0,,43,36,7
201404220TOR,PO,BRK,1403.0,,45,36,9
201404220TOR,PO,BRK,1420.0,,45,37,8
201404220TOR,PO,BRK,1430.0,,45,39,6
201404220TOR,PO,BRK,1472.0,,47,39,8
201404220TOR,PO,BRK,1486.0,,47,40,7
201404220TOR,PO,BRK,1525.0,,47,43,4
201404220TOR,PO,BRK,1547.0,,47,45,2
201404220TOR,PO,BRK,1588.0,T,47,47,0
201404220TOR,PO,BRK,1599.0,,49,47,2
201404220TOR,PO,BRK,1611.0,T,49,49,0
201404220TOR,PO,BRK,1648.0,,51,49,2
201404220TOR,PO,BRK,1698.0,,51,50,1
201404220TOR,PO,BRK,1698.0,T,51,51,0
201404220TOR,PO,BRK,1712.0,,53,51,2
201404220TOR,PO,BRK,1733.0,,53,52,1
201404220TOR,PO,BRK,1733.0,T,53,53,0
201404220TOR,PO,BRK,1789.0,LC,53,56,-3
201404220TOR,PO,BRK,1833.0,,54,56,-2
201404220TOR,PO,BRK,1867.0,T,56,56,0
201404220TOR,PO,BRK,1880.0,,56,58,-2
201404220TOR,PO,BRK,1905.0,,56,60,-4
201404220TOR,PO,BRK,1935.0,,56,61,-5
201404220TOR,PO,BRK,1944.0,,57,61,-4
201404220TOR,PO,BRK,1944.0,,58,61,-3
201404220TOR,PO,BRK,1964.0,,58,63,-5
201404220TOR,PO,BRK,1988.0,,60,63,-3
201404220TOR,PO,BRK,2000.0,,60,65,-5
201404220TOR,PO,BRK,2052.0,,62,65,-3
201404220TOR,PO,BRK,2071.0,,62,66,-4
201404220TOR,PO,BRK,2084.0,,64,66,-2
201404220TOR,PO,BRK,2200.0,,64,69,-5
201404220TOR,PO,BRK,2219.0,,66,69,-3
201404220TOR,PO,BRK,2244.0,,68,69,-1
201404220TOR,PO,BRK,2288.0,LC,70,69,1
201404220TOR,PO,BRK,2309.0,LC,70,71,-1
201404220TOR,PO,BRK,2324.0,LC,72,71,1
201404220TOR,PO,BRK,2362.0,T,72,72,0
201404220TOR,PO,BRK,2362.0,LC,72,73,-1
201404220TOR,PO,BRK,2380.0,,72,75,-3
201404220TOR,PO,BRK,2397.0,,73,75,-2
201404220TOR,PO,BRK,2408.0,,74,75,-1
201404220TOR,PO,BRK,2408.0,T,75,75,0
201404220TOR,PO,BRK,2429.0,,75,76,-1
201404220TOR,PO,BRK,2441.0,LC,77,76,1
201404220TOR,PO,BRK,2467.0,LC,77,78,-1
201404220TOR,PO,BRK,2486.0,LC,79,78,1
201404220TOR,PO,BRK,2518.0,,80,78,2
201404220TOR,PO,BRK,2518.0,,81,78,3
201404220TOR,PO,BRK,2594.0,,83,78,5
201404220TOR,PO,BRK,2609.0,,83,80,3
201404220TOR,PO,BRK,2652.0,,83,82,1
201404220TOR,PO,BRK,2652.0,T,83,83,0
201404220TOR,PO,BRK,2674.0,,85,83,2
201404220TOR,PO,BRK,2691.0,T,85,85,0
201404220TOR,PO,BRK,2715.0,,87,85,2
201404220TOR,PO,BRK,2750.0,,89,85,4
201404220TOR,PO,BRK,2770.0,,89,86,3
201404220TOR,PO,BRK,2770.0,,89,87,2
201404220TOR,PO,BRK,2794.0,,91,87,4
201404220TOR,PO,BRK,2810.0,,92,87,5
201404220TOR,PO,BRK,2820.0,,92,89,3
201404220TOR,PO,BRK,2820.0,,92,90,2
201404220TOR,PO,BRK,2859.0,,93,90,3
201404220TOR,PO,BRK,2859.0,,94,90,4
201404220TOR,PO,BRK,2861.0,,94,92,2
201404220TOR,PO,BRK,2863.0,,96,92,4
201404220TOR,PO,BRK,2868.0,,97,92,5
201404220TOR,PO,BRK,2868.0,,98,92,6
201404220TOR,PO,BRK,2872.0,,98,95,3
201404220TOR,PO,BRK,2873.0,,99,95,4
201404220TOR,PO,BRK,2873.0,F,100,95,5
201404220TOR,PO,BRK,2880.0,,100,95,5
201404250BRK,PO,BRK,0.0,,0,0,0
201404250BRK,PO,BRK,20.0,,2,0,2
201404250BRK,PO,BRK,37.0,T,2,2,0
201404250BRK,PO,BRK,64.0,,4,2,2
201404250BRK,PO,BRK,81.0,T,4,4,0
201404250BRK,PO,BRK,143.0,LC,4,7,-3
201404250BRK,PO,BRK,176.0,,6,7,-1
201404250BRK,PO,BRK,197.0,,6,10,-4
201404250BRK,PO,BRK,285.0,,6,12,-6
201404250BRK,PO,BRK,335.0,,8,12,-4
201404250BRK,PO,BRK,359.0,,8,14,-6
201404250BRK,PO,BRK,379.0,,9,14,-5
201404250BRK,PO,BRK,379.0,,10,14,-4
201404250BRK,PO,BRK,406.0,,12,14,-2
201404250BRK,PO,BRK,417.0,,12,16,-4
201404250BRK,PO,BRK,443.0,,14,16,-2
201404250BRK,PO,BRK,498.0,,15,16,-1
201404250BRK,PO,BRK,498.0,T,16,16,0
201404250BRK,PO,BRK,523.0,LC,19,16,3
201404250BRK,PO,BRK,539.0,,19,18,1
201404250BRK,PO,BRK,581.0,,21,18,3
201404250BRK,PO,BRK,597.0,,21,19,2
201404250BRK,PO,BRK,649.0,,22,19,3
201404250BRK,PO,BRK,649.0,,23,19,4
201404250BRK,PO,BRK,740.0,,23,21,2
201404250BRK,PO,BRK,752.0,,25,21,4
201404250BRK,PO,BRK,772.0,,25,23,2
201404250BRK,PO,BRK,790.0,,28,23,5
201404250BRK,PO,BRK,811.0,,28,24,4
201404250BRK,PO,BRK,830.0,,28,25,3
201404250BRK,PO,BRK,830.0,,28,26,2
201404250BRK,PO,BRK,845.0,,30,26,4
201404250BRK,PO,BRK,874.0,,30,28,2
201404250BRK,PO,BRK,884.0,,32,28,4
201404250BRK,PO,BRK,935.0,,32,30,2
201404250BRK,PO,BRK,1013.0,T,32,32,0
201404250BRK,PO,BRK,1013.0,LC,32,33,-1
201404250BRK,PO,BRK,1047.0,LC,35,33,2
201404250BRK,PO,BRK,1095.0,T,35,35,0
201404250BRK,PO,BRK,1156.0,LC,35,36,-1
201404250BRK,PO,BRK,1156.0,,35,37,-2
201404250BRK,PO,BRK,1182.0,LC,38,37,1
201404250BRK,PO,BRK,1242.0,,39,37,2
201404250BRK,PO,BRK,1242.0,,40,37,3
201404250BRK,PO,BRK,1261.0,,40,39,1
201404250BRK,PO,BRK,1277.0,,41,39,2
201404250BRK,PO,BRK,1295.0,T,41,41,0
201404250BRK,PO,BRK,1311.0,LC,41,42,-1
201404250BRK,PO,BRK,1311.0,,41,43,-2
201404250BRK,PO,BRK,1351.0,,41,45,-4
201404250BRK,PO,BRK,1371.0,,41,46,-5
201404250BRK,PO,BRK,1371.0,,41,47,-6
201404250BRK,PO,BRK,1401.0,,41,49,-8
201404250BRK,PO,BRK,1407.0,,42,49,-7
201404250BRK,PO,BRK,1407.0,,43,49,-6
201404250BRK,PO,BRK,1439.0,,45,49,-4
201404250BRK,PO,BRK,1452.0,,45,51,-6
201404250BRK,PO,BRK,1558.0,,46,51,-5
201404250BRK,PO,BRK,1574.0,,46,53,-7
201404250BRK,PO,BRK,1609.0,,48,53,-5
201404250BRK,PO,BRK,1632.0,,48,55,-7
201404250BRK,PO,BRK,1653.0,,50,55,-5
201404250BRK,PO,BRK,1693.0,,51,55,-4
201404250BRK,PO,BRK,1693.0,,52,55,-3
201404250BRK,PO,BRK,1706.0,,52,58,-6
201404250BRK,PO,BRK,1734.0,,52,61,-9
201404250BRK,PO,BRK,1778.0,,52,63,-11
201404250BRK,PO,BRK,1794.0,,54,63,-9
201404250BRK,PO,BRK,1816.0,,54,65,-11
201404250BRK,PO,BRK,1866.0,,55,65,-10
201404250BRK,PO,BRK,1896.0,,57,65,-8
201404250BRK,PO,BRK,1965.0,,58,65,-7
201404250BRK,PO,BRK,1965.0,,59,65,-6
201404250BRK,PO,BRK,1982.0,,59,67,-8
201404250BRK,PO,BRK,1982.0,,59,68,-9
201404250BRK,PO,BRK,2029.0,,60,68,-8
201404250BRK,PO,BRK,2029.0,,61,68,-7
201404250BRK,PO,BRK,2061.0,,64,68,-4
201404250BRK,PO,BRK,2082.0,,64,71,-7
201404250BRK,PO,BRK,2093.0,,65,71,-6
201404250BRK,PO,BRK,2093.0,,66,71,-5
201404250BRK,PO,BRK,2107.0,,66,73,-7
201404250BRK,PO,BRK,2122.0,,66,74,-8
201404250BRK,PO,BRK,2122.0,,66,75,-9
201404250BRK,PO,BRK,2157.0,,66,77,-11
201404250BRK,PO,BRK,2202.0,,66,80,-14
201404250BRK,PO,BRK,2251.0,,67,80,-13
201404250BRK,PO,BRK,2276.0,,69,80,-11
201404250BRK,PO,BRK,2301.0,,69,82,-13
201404250BRK,PO,BRK,2319.0,,71,82,-11
201404250BRK,PO,BRK,2338.0,,71,83,-12
201404250BRK,PO,BRK,2338.0,,71,84,-13
201404250BRK,PO,BRK,2359.0,,73,84,-11
201404250BRK,PO,BRK,2474.0,,73,85,-12
201404250BRK,PO,BRK,2474.0,,73,86,-13
201404250BRK,PO,BRK,2495.0,,75,86,-11
201404250BRK,PO,BRK,2508.0,,75,87,-12
201404250BRK,PO,BRK,2508.0,,75,88,-13
201404250BRK,PO,BRK,2536.0,,75,89,-14
201404250BRK,PO,BRK,2536.0,,75,90,-15
201404250BRK,PO,BRK,2554.0,,77,90,-13
201404250BRK,PO,BRK,2554.0,,78,90,-12
201404250BRK,PO,BRK,2578.0,,78,93,-15
201404250BRK,PO,BRK,2639.0,,81,93,-12
201404250BRK,PO,BRK,2692.0,,83,93,-10
201404250BRK,PO,BRK,2729.0,,85,93,-8
201404250BRK,PO,BRK,2729.0,,86,93,-7
201404250BRK,PO,BRK,2746.0,,86,95,-9
201404250BRK,PO,BRK,2793.0,,89,95,-6
201404250BRK,PO,BRK,2813.0,,90,95,-5
201404250BRK,PO,BRK,2813.0,,91,95,-4
201404250BRK,PO,BRK,2833.0,,91,96,-5
201404250BRK,PO,BRK,2833.0,,91,97,-6
201404250BRK,PO,BRK,2836.0,,92,97,-5
201404250BRK,PO,BRK,2836.0,,93,97,-4
201404250BRK,PO,BRK,2846.0,,95,97,-2
201404250BRK,PO,BRK,2846.0,,96,97,-1
201404250BRK,PO,BRK,2860.0,,96,98,-2
201404250BRK,PO,BRK,2865.0,,96,99,-3
201404250BRK,PO,BRK,2865.0,,96,100,-4
201404250BRK,PO,BRK,2876.0,,98,100,-2
201404250BRK,PO,BRK,2877.0,,98,101,-3
201404250BRK,PO,BRK,2877.0,F,98,102,-4
201404250BRK,PO,BRK,2880.0,,98,102,-4
201404270BRK,PO,BRK,0.0,,0,0,0
201404270BRK,PO,BRK,22.0,,2,0,2
201404270BRK,PO,BRK,54.0,,3,0,3
201404270BRK,PO,BRK,54.0,,4,0,4
201404270BRK,PO,BRK,96.0,,6,0,6
201404270BRK,PO,BRK,109.0,,6,2,4
201404270BRK,PO,BRK,123.0,,8,2,6
201404270BRK,PO,BRK,155.0,,10,2,8
201404270BRK,PO,BRK,185.0,,13,2,11
201404270BRK,PO,BRK,210.0,,13,4,9
201404270BRK,PO,BRK,237.0,,13,6,7
201404270BRK,PO,BRK,264.0,,13,9,4
201404270BRK,PO,BRK,279.0,,15,9,6
201404270BRK,PO,BRK,353.0,,18,9,9
201404270BRK,PO,BRK,374.0,,18,12,6
201404270BRK,PO,BRK,394.0,,20,12,8
201404270BRK,PO,BRK,394.0,,21,12,9
201404270BRK,PO,BRK,411.0,,21,14,7
201404270BRK,PO,BRK,428.0,,22,14,8
201404270BRK,PO,BRK,428.0,,23,14,9
201404270BRK,PO,BRK,472.0,,26,14,12
201404270BRK,PO,BRK,518.0,,28,14,14
201404270BRK,PO,BRK,524.0,,28,15,13
201404270BRK,PO,BRK,556.0,,28,17,11
201404270BRK,PO,BRK,556.0,,28,18,10
201404270BRK,PO,BRK,569.0,,30,18,12
201404270BRK,PO,BRK,569.0,,31,18,13
201404270BRK,PO,BRK,605.0,,33,18,15
201404270BRK,PO,BRK,618.0,,33,20,13
201404270BRK,PO,BRK,633.0,,35,20,15
201404270BRK,PO,BRK,675.0,,35,21,14
201404270BRK,PO,BRK,675.0,,35,22,13
201404270BRK,PO,BRK,775.0,,37,22,15
201404270BRK,PO,BRK,831.0,,37,24,13
201404270BRK,PO,BRK,849.0,,39,24,15
201404270BRK,PO,BRK,901.0,,39,26,13
201404270BRK,PO,BRK,921.0,,41,26,15
201404270BRK,PO,BRK,935.0,,41,28,13
201404270BRK,PO,BRK,954.0,,43,28,15
201404270BRK,PO,BRK,973.0,,43,29,14
201404270BRK,PO,BRK,1075.0,,45,29,16
201404270BRK,PO,BRK,1083.0,,45,30,15
201404270BRK,PO,BRK,1100.0,,47,30,17
201404270BRK,PO,BRK,1127.0,,47,32,15
201404270BRK,PO,BRK,1159.0,,47,34,13
201404270BRK,PO,BRK,1172.0,,47,35,12
201404270BRK,PO,BRK,1193.0,,48,35,13
201404270BRK,PO,BRK,1193.0,,49,35,14
201404270BRK,PO,BRK,1214.0,,49,37,12
201404270BRK,PO,BRK,1248.0,,49,39,10
201404270BRK,PO,BRK,1335.0,,49,42,7
201404270BRK,PO,BRK,1391.0,,49,44,5
201404270BRK,PO,BRK,1405.0,,51,44,7
201404270BRK,PO,BRK,1496.0,,51,47,4
201404270BRK,PO,BRK,1526.0,,51,49,2
201404270BRK,PO,BRK,1569.0,,51,50,1
201404270BRK,PO,BRK,1594.0,LC,51,52,-1
201404270BRK,PO,BRK,1636.0,T,52,52,0
201404270BRK,PO,BRK,1636.0,LC,53,52,1
201404270BRK,PO,BRK,1657.0,LC,53,54,-1
201404270BRK,PO,BRK,1695.0,,53,55,-2
201404270BRK,PO,BRK,1767.0,,53,56,-3
201404270BRK,PO,BRK,1791.0,,53,58,-5
201404270BRK,PO,BRK,1806.0,,55,58,-3
201404270BRK,PO,BRK,1844.0,,55,60,-5
201404270BRK,PO,BRK,1857.0,,56,60,-4
201404270BRK,PO,BRK,1857.0,,57,60,-3
201404270BRK,PO,BRK,1886.0,,58,60,-2
201404270BRK,PO,BRK,1886.0,,59,60,-1
201404270BRK,PO,BRK,1891.0,,59,61,-2
201404270BRK,PO,BRK,1944.0,,59,63,-4
201404270BRK,PO,BRK,2017.0,,59,64,-5
201404270BRK,PO,BRK,2032.0,,61,64,-3
201404270BRK,PO,BRK,2032.0,,62,64,-2
201404270BRK,PO,BRK,2085.0,T,64,64,0
201404270BRK,PO,BRK,2112.0,LC,67,64,3
201404270BRK,PO,BRK,2156.0,,67,65,2
201404270BRK,PO,BRK,2158.0,T,67,67,0
201404270BRK,PO,BRK,2214.0,,69,67,2
201404270BRK,PO,BRK,2233.0,T,69,69,0
201404270BRK,PO,BRK,2291.0,LC,69,71,-2
201404270BRK,PO,BRK,2413.0,T,71,71,0
201404270BRK,PO,BRK,2438.0,,71,72,-1
201404270BRK,PO,BRK,2438.0,,71,73,-2
201404270BRK,PO,BRK,2464.0,T,73,73,0
201404270BRK,PO,BRK,2483.0,,73,74,-1
201404270BRK,PO,BRK,2483.0,,73,75,-2
201404270BRK,PO,BRK,2508.0,,73,77,-4
201404270BRK,PO,BRK,2524.0,,76,77,-1
201404270BRK,PO,BRK,2563.0,LC,78,77,1
201404270BRK,PO,BRK,2582.0,T,78,78,0
201404270BRK,PO,BRK,2582.0,LC,78,79,-1
201404270BRK,PO,BRK,2597.0,T,79,79,0
201404270BRK,PO,BRK,2597.0,LC,80,79,1
201404270BRK,PO,BRK,2633.0,,83,79,4
201404270BRK,PO,BRK,2807.0,,85,79,6
201404270BRK,PO,BRK,2849.0,,86,79,7
201404270BRK,PO,BRK,2849.0,F,87,79,8
201404270BRK,PO,BRK,2880.0,,87,79,8
201404300TOR,PO,BRK,0.0,,0,0,0
201404300TOR,PO,BRK,59.0,,2,0,2
201404300TOR,PO,BRK,82.0,T,2,2,0
201404300TOR,PO,BRK,95.0,,3,2,1
201404300TOR,PO,BRK,95.0,,4,2,2
201404300TOR,PO,BRK,188.0,T,4,4,0
201404300TOR,PO,BRK,205.0,,6,4,2
201404300TOR,PO,BRK,217.0,T,6,6,0
201404300TOR,PO,BRK,228.0,,8,6,2
201404300TOR,PO,BRK,241.0,,8,7,1
201404300TOR,PO,BRK,241.0,T,8,8,0
201404300TOR,PO,BRK,257.0,,10,8,2
201404300TOR,PO,BRK,257.0,,11,8,3
201404300TOR,PO,BRK,280.0,,11,10,1
201404300TOR,PO,BRK,297.0,LC,11,13,-2
201404300TOR,PO,BRK,340.0,,11,14,-3
201404300TOR,PO,BRK,340.0,,11,15,-4
201404300TOR,PO,BRK,378.0,,11,17,-6
201404300TOR,PO,BRK,386.0,,12,17,-5
201404300TOR,PO,BRK,429.0,,14,17,-3
201404300TOR,PO,BRK,445.0,,16,17,-1
201404300TOR,PO,BRK,479.0,,16,19,-3
201404300TOR,PO,BRK,496.0,,18,19,-1
201404300TOR,PO,BRK,509.0,,18,20,-2
201404300TOR,PO,BRK,574.0,,18,23,-5
201404300TOR,PO,BRK,588.0,,19,23,-4
201404300TOR,PO,BRK,588.0,,20,23,-3
201404300TOR,PO,BRK,616.0,,22,23,-1
201404300TOR,PO,BRK,646.0,LC,25,23,2
201404300TOR,PO,BRK,674.0,T,25,25,0
201404300TOR,PO,BRK,703.0,,28,25,3
201404300TOR,PO,BRK,761.0,T,28,28,0
201404300TOR,PO,BRK,809.0,LC,28,31,-3
201404300TOR,PO,BRK,847.0,T,31,31,0
201404300TOR,PO,BRK,863.0,,31,33,-2
201404300TOR,PO,BRK,890.0,T,33,33,0
201404300TOR,PO,BRK,978.0,,33,35,-2
201404300TOR,PO,BRK,994.0,,34,35,-1
201404300TOR,PO,BRK,1022.0,LC,36,35,1
201404300TOR,PO,BRK,1053.0,LC,36,37,-1
201404300TOR,PO,BRK,1114.0,,36,39,-3
201404300TOR,PO,BRK,1114.0,,36,40,-4
201404300TOR,PO,BRK,1127.0,,37,40,-3
201404300TOR,PO,BRK,1139.0,,39,40,-1
201404300TOR,PO,BRK,1139.0,T,40,40,0
201404300TOR,PO,BRK,1173.0,LC,42,40,2
201404300TOR,PO,BRK,1205.0,,43,40,3
201404300TOR,PO,BRK,1205.0,,44,40,4
201404300TOR,PO,BRK,1242.0,,45,40,5
201404300TOR,PO,BRK,1242.0,,46,40,6
201404300TOR,PO,BRK,1262.0,,49,40,9
201404300TOR,PO,BRK,1280.0,,49,42,7
201404300TOR,PO,BRK,1298.0,,51,42,9
201404300TOR,PO,BRK,1307.0,,51,43,8
201404300TOR,PO,BRK,1321.0,,52,43,9
201404300TOR,PO,BRK,1321.0,,53,43,10
201404300TOR,PO,BRK,1321.0,,54,43,11
201404300TOR,PO,BRK,1337.0,,54,44,10
201404300TOR,PO,BRK,1393.0,,57,44,13
201404300TOR,PO,BRK,1429.0,,59,44,15
201404300TOR,PO,BRK,1440.0,,62,44,18
201404300TOR,PO,BRK,1456.0,,64,44,20
201404300TOR,PO,BRK,1472.0,,64,46,18
201404300TOR,PO,BRK,1499.0,,65,46,19
201404300TOR,PO,BRK,1499.0,,66,46,20
201404300TOR,PO,BRK,1588.0,,68,46,22
201404300TOR,PO,BRK,1609.0,,68,48,20
201404300TOR,PO,BRK,1684.0,,68,50,18
201404300TOR,PO,BRK,1705.0,,71,50,21
201404300TOR,PO,BRK,1741.0,,73,50,23
201404300TOR,PO,BRK,1763.0,,73,53,20
201404300TOR,PO,BRK,1809.0,,75,53,22
201404300TOR,PO,BRK,1835.0,,77,53,24
201404300TOR,PO,BRK,1864.0,,77,55,22
201404300TOR,PO,BRK,1885.0,,80,55,25
201404300TOR,PO,BRK,1905.0,,80,57,23
201404300TOR,PO,BRK,1920.0,,83,57,26
201404300TOR,PO,BRK,1933.0,,83,59,24
201404300TOR,PO,BRK,1951.0,,84,59,25
201404300TOR,PO,BRK,1951.0,,85,59,26
201404300TOR,PO,BRK,1960.0,,85,62,23
201404300TOR,PO,BRK,1982.0,,85,64,21
201404300TOR,PO,BRK,1998.0,,87,64,23
201404300TOR,PO,BRK,2032.0,,87,66,21
201404300TOR,PO,BRK,2067.0,,87,67,20
201404300TOR,PO,BRK,2102.0,,89,67,22
201404300TOR,PO,BRK,2118.0,,89,69,20
201404300TOR,PO,BRK,2135.0,,91,69,22
201404300TOR,PO,BRK,2183.0,,91,72,19
201404300TOR,PO,BRK,2197.0,,94,72,22
201404300TOR,PO,BRK,2235.0,,94,74,20
201404300TOR,PO,BRK,2235.0,,94,75,19
201404300TOR,PO,BRK,2267.0,,94,77,17
201404300TOR,PO,BRK,2284.0,,94,79,15
201404300TOR,PO,BRK,2335.0,,96,79,17
201404300TOR,PO,BRK,2352.0,,96,82,14
201404300TOR,PO,BRK,2352.0,,96,83,13
201404300TOR,PO,BRK,2405.0,,96,85,11
201404300TOR,PO,BRK,2436.0,,97,85,12
201404300TOR,PO,BRK,2445.0,,97,86,11
201404300TOR,PO,BRK,2445.0,,97,87,10
201404300TOR,PO,BRK,2517.0,,97,88,9
201404300TOR,PO,BRK,2517.0,,97,89,8
201404300TOR,PO,BRK,2553.0,,97,91,6
201404300TOR,PO,BRK,2570.0,,99,91,8
201404300TOR,PO,BRK,2585.0,,99,92,7
201404300TOR,PO,BRK,2585.0,,99,93,6
201404300TOR,PO,BRK,2605.0,,100,93,7
201404300TOR,PO,BRK,2605.0,,101,93,8
201404300TOR,PO,BRK,2615.0,,101,95,6
201404300TOR,PO,BRK,2615.0,,101,96,5
201404300TOR,PO,BRK,2654.0,,101,98,3
201404300TOR,PO,BRK,2681.0,T,101,101,0
201404300TOR,PO,BRK,2687.0,,102,101,1
201404300TOR,PO,BRK,2687.0,,103,101,2
201404300TOR,PO,BRK,2714.0,,106,101,5
201404300TOR,PO,BRK,2730.0,,106,102,4
201404300TOR,PO,BRK,2730.0,,106,103,3
201404300TOR,PO,BRK,2797.0,T,106,106,0
201404300TOR,PO,BRK,2816.0,,109,106,3
201404300TOR,PO,BRK,2834.0,,109,108,1
201404300TOR,PO,BRK,2853.0,,111,108,3
201404300TOR,PO,BRK,2862.0,,112,108,4
201404300TOR,PO,BRK,2862.0,,113,108,5
201404300TOR,PO,BRK,2870.0,,113,111,2
201404300TOR,PO,BRK,2870.0,,113,112,1
201404300TOR,PO,BRK,2873.0,,114,112,2
201404300TOR,PO,BRK,2873.0,,115,112,3
201404300TOR,PO,BRK,2875.0,F,115,113,2
201404300TOR,PO,BRK,2880.0,,115,113,2
201405020BRK,PO,BRK,0.0,,0,0,0
201405020BRK,PO,BRK,14.0,,0,2,-2
201405020BRK,PO,BRK,32.0,T,2,2,0
201405020BRK,PO,BRK,51.0,,2,3,-1
201405020BRK,PO,BRK,91.0,,2,5,-3
201405020BRK,PO,BRK,114.0,,4,5,-1
201405020BRK,PO,BRK,187.0,,4,7,-3
201405020BRK,PO,BRK,214.0,,6,7,-1
201405020BRK,PO,BRK,235.0,,6,9,-3
201405020BRK,PO,BRK,290.0,,8,9,-1
201405020BRK,PO,BRK,302.0,,8,11,-3
201405020BRK,PO,BRK,331.0,,8,14,-6
201405020BRK,PO,BRK,354.0,,11,14,-3
201405020BRK,PO,BRK,377.0,,11,16,-5
201405020BRK,PO,BRK,413.0,,11,18,-7
201405020BRK,PO,BRK,413.0,,11,19,-8
201405020BRK,PO,BRK,441.0,,11,21,-10
201405020BRK,PO,BRK,461.0,,14,21,-7
201405020BRK,PO,BRK,475.0,,14,23,-9
201405020BRK,PO,BRK,519.0,,14,25,-11
201405020BRK,PO,BRK,533.0,,14,26,-12
201405020BRK,PO,BRK,533.0,,14,27,-13
201405020BRK,PO,BRK,567.0,,16,27,-11
201405020BRK,PO,BRK,599.0,,16,30,-14
201405020BRK,PO,BRK,633.0,,16,31,-15
201405020BRK,PO,BRK,633.0,,16,32,-16
201405020BRK,PO,BRK,649.0,,17,32,-15
201405020BRK,PO,BRK,676.0,,19,32,-13
201405020BRK,PO,BRK,689.0,,19,34,-15
201405020BRK,PO,BRK,741.0,,20,34,-14
201405020BRK,PO,BRK,753.0,,20,36,-16
201405020BRK,PO,BRK,771.0,,21,36,-15
201405020BRK,PO,BRK,771.0,,22,36,-14
201405020BRK,PO,BRK,790.0,,22,38,-16
201405020BRK,PO,BRK,833.0,,22,40,-18
201405020BRK,PO,BRK,844.0,,24,40,-16
201405020BRK,PO,BRK,871.0,,26,40,-14
201405020BRK,PO,BRK,910.0,,27,40,-13
201405020BRK,PO,BRK,933.0,,27,42,-15
201405020BRK,PO,BRK,983.0,,30,42,-12
201405020BRK,PO,BRK,997.0,,30,43,-13
201405020BRK,PO,BRK,997.0,,30,44,-14
201405020BRK,PO,BRK,1069.0,,30,46,-16
201405020BRK,PO,BRK,1129.0,,30,49,-19
201405020BRK,PO,BRK,1174.0,,30,51,-21
201405020BRK,PO,BRK,1190.0,,33,51,-18
201405020BRK,PO,BRK,1214.0,,33,52,-19
201405020BRK,PO,BRK,1230.0,,36,52,-16
201405020BRK,PO,BRK,1254.0,,36,54,-18
201405020BRK,PO,BRK,1282.0,,38,54,-16
201405020BRK,PO,BRK,1282.0,,39,54,-15
201405020BRK,PO,BRK,1355.0,,39,55,-16
201405020BRK,PO,BRK,1355.0,,39,56,-17
201405020BRK,PO,BRK,1387.0,,40,56,-16
201405020BRK,PO,BRK,1387.0,,41,56,-15
201405020BRK,PO,BRK,1409.0,,41,58,-17
201405020BRK,PO,BRK,1439.0,,41,60,-19
201405020BRK,PO,BRK,1455.0,,42,60,-18
201405020BRK,PO,BRK,1455.0,,43,60,-17
201405020BRK,PO,BRK,1494.0,,43,62,-19
201405020BRK,PO,BRK,1565.0,,43,63,-20
201405020BRK,PO,BRK,1630.0,,43,66,-23
201405020BRK,PO,BRK,1654.0,,43,68,-25
201405020BRK,PO,BRK,1670.0,,44,68,-24
201405020BRK,PO,BRK,1670.0,,45,68,-23
201405020BRK,PO,BRK,1701.0,,45,71,-26
201405020BRK,PO,BRK,1715.0,,47,71,-24
201405020BRK,PO,BRK,1747.0,,49,71,-22
201405020BRK,PO,BRK,1787.0,,51,71,-20
201405020BRK,PO,BRK,1803.0,,51,73,-22
201405020BRK,PO,BRK,1817.0,,53,73,-20
201405020BRK,PO,BRK,1887.0,,55,73,-18
201405020BRK,PO,BRK,1919.0,,57,73,-16
201405020BRK,PO,BRK,1959.0,,57,75,-18
201405020BRK,PO,BRK,2060.0,,57,77,-20
201405020BRK,PO,BRK,2115.0,,57,79,-22
201405020BRK,PO,BRK,2135.0,,59,79,-20
201405020BRK,PO,BRK,2178.0,,59,81,-22
201405020BRK,PO,BRK,2196.0,,62,81,-19
201405020BRK,PO,BRK,2226.0,,62,83,-21
201405020BRK,PO,BRK,2247.0,,62,84,-22
201405020BRK,PO,BRK,2267.0,,64,84,-20
201405020BRK,PO,BRK,2303.0,,66,84,-18
201405020BRK,PO,BRK,2303.0,,67,84,-17
201405020BRK,PO,BRK,2320.0,,69,84,-15
201405020BRK,PO,BRK,2397.0,,71,84,-13
201405020BRK,PO,BRK,2420.0,,72,84,-12
201405020BRK,PO,BRK,2420.0,,73,84,-11
201405020BRK,PO,BRK,2506.0,,73,86,-13
201405020BRK,PO,BRK,2578.0,,76,86,-10
201405020BRK,PO,BRK,2602.0,,76,88,-12
201405020BRK,PO,BRK,2620.0,,77,88,-11
201405020BRK,PO,BRK,2651.0,,77,89,-12
201405020BRK,PO,BRK,2711.0,,79,89,-10
201405020BRK,PO,BRK,2807.0,,79,92,-13
201405020BRK,PO,BRK,2823.0,,81,92,-11
201405020BRK,PO,BRK,2828.0,,81,93,-12
201405020BRK,PO,BRK,2828.0,,81,94,-13
201405020BRK,PO,BRK,2841.0,,81,95,-14
201405020BRK,PO,BRK,2841.0,,81,96,-15
201405020BRK,PO,BRK,2853.0,,83,96,-13
201405020BRK,PO,BRK,2863.0,F,83,97,-14
201405020BRK,PO,BRK,2880.0,,83,97,-14
201405040TOR,PO,BRK,0.0,,0,0,0
201405040TOR,PO,BRK,24.0,,0,3,-3
201405040TOR,PO,BRK,71.0,,0,6,-6
201405040TOR,PO,BRK,89.0,,2,6,-4
201405040TOR,PO,BRK,138.0,,4,6,-2
201405040TOR,PO,BRK,148.0,,4,8,-4
201405040TOR,PO,BRK,163.0,,6,8,-2
201405040TOR,PO,BRK,183.0,T,8,8,0
201405040TOR,PO,BRK,205.0,,8,10,-2
201405040TOR,PO,BRK,237.0,,8,12,-4
201405040TOR,PO,BRK,253.0,,10,12,-2
201405040TOR,PO,BRK,273.0,,11,12,-1
201405040TOR,PO,BRK,273.0,T,12,12,0
201405040TOR,PO,BRK,293.0,,12,14,-2
201405040TOR,PO,BRK,327.0,,12,16,-4
201405040TOR,PO,BRK,353.0,,14,16,-2
201405040TOR,PO,BRK,375.0,T,16,16,0
201405040TOR,PO,BRK,397.0,,16,18,-2
201405040TOR,PO,BRK,436.0,T,18,18,0
201405040TOR,PO,BRK,460.0,LC,20,18,2
201405040TOR,PO,BRK,501.0,,20,19,1
201405040TOR,PO,BRK,520.0,,22,19,3
201405040TOR,PO,BRK,545.0,,23,19,4
201405040TOR,PO,BRK,545.0,,24,19,5
201405040TOR,PO,BRK,561.0,,24,20,4
201405040TOR,PO,BRK,585.0,,26,20,6
201405040TOR,PO,BRK,608.0,,26,23,3
201405040TOR,PO,BRK,651.0,,27,23,4
201405040TOR,PO,BRK,651.0,,28,23,5
201405040TOR,PO,BRK,710.0,,28,26,2
201405040TOR,PO,BRK,736.0,,30,26,4
201405040TOR,PO,BRK,756.0,,30,28,2
201405040TOR,PO,BRK,805.0,,32,28,4
201405040TOR,PO,BRK,821.0,,32,30,2
201405040TOR,PO,BRK,856.0,,34,30,4
201405040TOR,PO,BRK,871.0,,34,32,2
201405040TOR,PO,BRK,908.0,T,34,34,0
201405040TOR,PO,BRK,908.0,LC,34,35,-1
201405040TOR,PO,BRK,975.0,,34,37,-3
201405040TOR,PO,BRK,1004.0,,34,38,-4
201405040TOR,PO,BRK,1004.0,,34,39,-5
201405040TOR,PO,BRK,1063.0,,34,40,-6
201405040TOR,PO,BRK,1063.0,,34,41,-7
201405040TOR,PO,BRK,1078.0,,37,41,-4
201405040TOR,PO,BRK,1096.0,,37,44,-7
201405040TOR,PO,BRK,1119.0,,39,44,-5
201405040TOR,PO,BRK,1138.0,,39,46,-7
201405040TOR,PO,BRK,1161.0,,41,46,-5
201405040TOR,PO,BRK,1182.0,,41,47,-6
201405040TOR,PO,BRK,1202.0,,44,47,-3
201405040TOR,PO,BRK,1229.0,,44,48,-4
201405040TOR,PO,BRK,1229.0,,44,49,-5
201405040TOR,PO,BRK,1247.0,,45,49,-4
201405040TOR,PO,BRK,1247.0,,46,49,-3
201405040TOR,PO,BRK,1272.0,,46,51,-5
201405040TOR,PO,BRK,1283.0,,47,51,-4
201405040TOR,PO,BRK,1283.0,,48,51,-3
201405040TOR,PO,BRK,1305.0,,48,53,-5
201405040TOR,PO,BRK,1322.0,,50,53,-3
201405040TOR,PO,BRK,1340.0,,50,54,-4
201405040TOR,PO,BRK,1357.0,,50,56,-6
201405040TOR,PO,BRK,1390.0,,50,59,-9
201405040TOR,PO,BRK,1402.0,,51,59,-8
201405040TOR,PO,BRK,1411.0,,51,61,-10
201405040TOR,PO,BRK,1429.0,,52,61,-9
201405040TOR,PO,BRK,1429.0,,53,61,-8
201405040TOR,PO,BRK,1460.0,,55,61,-6
201405040TOR,PO,BRK,1523.0,,55,63,-8
201405040TOR,PO,BRK,1591.0,,55,65,-10
201405040TOR,PO,BRK,1615.0,,55,66,-11
201405040TOR,PO,BRK,1615.0,,55,67,-12
201405040TOR,PO,BRK,1629.0,,56,67,-11
201405040TOR,PO,BRK,1658.0,,58,67,-9
201405040TOR,PO,BRK,1658.0,,59,67,-8
201405040TOR,PO,BRK,1740.0,,59,68,-9
201405040TOR,PO,BRK,1740.0,,59,69,-10
201405040TOR,PO,BRK,1755.0,,61,69,-8
201405040TOR,PO,BRK,1790.0,,63,69,-6
201405040TOR,PO,BRK,1846.0,,63,71,-8
201405040TOR,PO,BRK,1899.0,,63,73,-10
201405040TOR,PO,BRK,1948.0,,63,75,-12
201405040TOR,PO,BRK,1974.0,,65,75,-10
201405040TOR,PO,BRK,1993.0,,65,76,-11
201405040TOR,PO,BRK,1993.0,,65,77,-12
201405040TOR,PO,BRK,2017.0,,67,77,-10
201405040TOR,PO,BRK,2061.0,,67,79,-12
201405040TOR,PO,BRK,2070.0,,68,79,-11
201405040TOR,PO,BRK,2098.0,,69,79,-10
201405040TOR,PO,BRK,2098.0,,70,79,-9
201405040TOR,PO,BRK,2150.0,,70,81,-11
201405040TOR,PO,BRK,2160.0,,73,81,-8
201405040TOR,PO,BRK,2172.0,,73,83,-10
201405040TOR,PO,BRK,2192.0,,75,83,-8
201405040TOR,PO,BRK,2235.0,,75,86,-11
201405040TOR,PO,BRK,2254.0,,76,86,-10
201405040TOR,PO,BRK,2254.0,,77,86,-9
201405040TOR,PO,BRK,2312.0,,77,88,-11
201405040TOR,PO,BRK,2334.0,,79,88,-9
201405040TOR,PO,BRK,2357.0,,79,90,-11
201405040TOR,PO,BRK,2377.0,,82,90,-8
201405040TOR,PO,BRK,2407.0,,83,90,-7
201405040TOR,PO,BRK,2440.0,,85,90,-5
201405040TOR,PO,BRK,2461.0,,85,92,-7
201405040TOR,PO,BRK,2503.0,,85,95,-10
201405040TOR,PO,BRK,2522.0,,86,95,-9
201405040TOR,PO,BRK,2522.0,,87,95,-8
201405040TOR,PO,BRK,2542.0,,87,97,-10
201405040TOR,PO,BRK,2587.0,,89,97,-8
201405040TOR,PO,BRK,2628.0,,89,98,-9
201405040TOR,PO,BRK,2684.0,,90,98,-8
201405040TOR,PO,BRK,2684.0,,91,98,-7
201405040TOR,PO,BRK,2731.0,,93,98,-5
201405040TOR,PO,BRK,2756.0,,93,100,-7
201405040TOR,PO,BRK,2774.0,,95,100,-5
201405040TOR,PO,BRK,2779.0,,95,101,-6
201405040TOR,PO,BRK,2823.0,,96,101,-5
201405040TOR,PO,BRK,2823.0,,97,101,-4
201405040TOR,PO,BRK,2855.0,,98,101,-3
201405040TOR,PO,BRK,2855.0,,99,101,-2
201405040TOR,PO,BRK,2857.0,,99,102,-3
201405040TOR,PO,BRK,2863.0,,101,102,-1
201405040TOR,PO,BRK,2867.0,,101,103,-2
201405040TOR,PO,BRK,2867.0,,101,104,-3
201405040TOR,PO,BRK,2871.0,F,103,104,-1
201405040TOR,PO,BRK,2880.0,,103,104,-1
