id,type,opponent,elapsedTime,event,teamScore,opponentScore,pointDifference
200711010MIA,RS,DET,0.0,,0,0,0
200711010MIA,RS,DET,13.0,,1,0,1
200711010MIA,RS,DET,24.0,LC,1,2,-1
200711010MIA,RS,DET,104.0,LC,3,2,1
200711010MIA,RS,DET,125.0,LC,3,4,-1
200711010MIA,RS,DET,140.0,LC,5,4,1
200711010MIA,RS,DET,169.0,,7,4,3
200711010MIA,RS,DET,218.0,,10,4,6
200711010MIA,RS,DET,234.0,,10,6,4
200711010MIA,RS,DET,251.0,,12,6,6
200711010MIA,RS,DET,287.0,,12,8,4
200711010MIA,RS,DET,314.0,,14,8,6
200711010MIA,RS,DET,345.0,,16,8,8
200711010MIA,RS,DET,358.0,,16,9,7
200711010MIA,RS,DET,358.0,,16,10,6
200711010MIA,RS,DET,386.0,,16,12,4
200711010MIA,RS,DET,434.0,,16,14,2
200711010MIA,RS,DET,469.0,,16,15,1
200711010MIA,RS,DET,499.0,LC,16,17,-1
200711010MIA,RS,DET,558.0,,16,19,-3
200711010MIA,RS,DET,558.0,,16,20,-4
200711010MIA,RS,DET,570.0,,18,20,-2
200711010MIA,RS,DET,587.0,,18,21,-3
200711010MIA,RS,DET,606.0,,19,21,-2
200711010MIA,RS,DET,620.0,,19,22,-3
200711010MIA,RS,DET,620.0,,19,23,-4
200711010MIA,RS,DET,634.0,,22,23,-1
200711010MIA,RS,DET,646.0,,22,24,-2
200711010MIA,RS,DET,646.0,,22,25,-3
200711010MIA,RS,DET,664.8,,22,26,-4
200711010MIA,RS,DET,772.0,,22,28,-6
200711010MIA,RS,DET,835.0,,22,30,-8
200711010MIA,RS,DET,860.0,,24,30,-6
200711010MIA,RS,DET,880.0,,24,31,-7
200711010MIA,RS,DET,897.0,,26,31,-5
200711010MIA,RS,DET,922.0,,27,31,-4
200711010MIA,RS,DET,934.0,,27,32,-5
200711010MIA,RS,DET,980.0,,29,32,-3
200711010MIA,RS,DET,1031.0,,29,35,-6
200711010MIA,RS,DET,1070.0,,29,37,-8
200711010MIA,RS,DET,1119.0,,32,37,-5
200711010MIA,RS,DET,1139.0,,32,38,-6
200711010MIA,RS,DET,1139.0,,32,39,-7
200711010MIA,RS,DET,1195.0,,32,41,-9
200711010MIA,RS,DET,1213.0,,32,43,-11
200711010MIA,RS,DET,1232.0,,34,43,-9
200711010MIA,RS,DET,1271.0,,36,43,-7
200711010MIA,RS,DET,1286.0,,36,46,-10
200711010MIA,RS,DET,1326.0,,38,46,-8
200711010MIA,RS,DET,1372.0,,40,46,-6
200711010MIA,RS,DET,1396.5,,40,48,-8
200711010MIA,RS,DET,1411.9,,42,48,-6
200711010MIA,RS,DET,1467.0,,42,50,-8
200711010MIA,RS,DET,1490.0,,43,50,-7
200711010MIA,RS,DET,1518.0,,45,50,-5
200711010MIA,RS,DET,1536.0,,45,53,-8
200711010MIA,RS,DET,1555.0,,48,53,-5
200711010MIA,RS,DET,1579.0,,48,55,-7
200711010MIA,RS,DET,1617.0,,50,55,-5
200711010MIA,RS,DET,1657.0,,52,55,-3
200711010MIA,RS,DET,1689.0,,52,57,-5
200711010MIA,RS,DET,1712.0,,52,59,-7
200711010MIA,RS,DET,1789.0,,54,59,-5
200711010MIA,RS,DET,1846.0,,56,59,-3
200711010MIA,RS,DET,1861.0,,56,61,-5
200711010MIA,RS,DET,1901.0,,58,61,-3
200711010MIA,RS,DET,1927.0,,60,61,-1
200711010MIA,RS,DET,2013.0,,60,62,-2
200711010MIA,RS,DET,2087.0,T,62,62,0
200711010MIA,RS,DET,2108.6,,62,64,-2
200711010MIA,RS,DET,2129.8,,62,65,-3
200711010MIA,RS,DET,2129.8,,62,66,-4
200711010MIA,RS,DET,2192.0,,62,67,-5
200711010MIA,RS,DET,2215.0,,62,70,-8
200711010MIA,RS,DET,2299.0,,62,72,-10
200711010MIA,RS,DET,2421.0,,62,74,-12
200711010MIA,RS,DET,2467.0,,64,74,-10
200711010MIA,RS,DET,2517.0,,64,75,-11
200711010MIA,RS,DET,2517.0,,64,76,-12
200711010MIA,RS,DET,2526.0,,65,76,-11
200711010MIA,RS,DET,2526.0,,66,76,-10
200711010MIA,RS,DET,2584.0,,66,78,-12
200711010MIA,RS,DET,2611.0,,66,79,-13
200711010MIA,RS,DET,2611.0,,66,80,-14
200711010MIA,RS,DET,2618.0,,68,80,-12
200711010MIA,RS,DET,2618.0,,69,80,-11
200711010MIA,RS,DET,2645.0,,69,81,-12
200711010MIA,RS,DET,2656.0,,72,81,-9
200711010MIA,RS,DET,2669.0,,72,83,-11
200711010MIA,RS,DET,2682.0,,73,83,-10
200711010MIA,RS,DET,2682.0,,74,83,-9
200711010MIA,RS,DET,2691.0,,74,85,-11
200711010MIA,RS,DET,2729.0,,74,88,-14
200711010MIA,RS,DET,2768.0,,76,88,-12
200711010MIA,RS,DET,2815.0,,76,91,-15
200711010MIA,RS,DET,2829.7,,78,91,-13
200711010MIA,RS,DET,2878.3,F,80,91,-11
200711010MIA,RS,DET,2880.0,,80,91,-11
200711020IND,RS,IND,0.0,,0,0,0
200711020IND,RS,IND,20.0,,2,0,2
200711020IND,RS,IND,31.0,T,2,2,0
200711020IND,RS,IND,61.0,LC,2,4,-2
200711020IND,RS,IND,80.0,T,4,4,0
200711020IND,RS,IND,194.0,,4,6,-2
200711020IND,RS,IND,220.0,,4,8,-4
200711020IND,RS,IND,254.0,,4,10,-6
200711020IND,RS,IND,284.0,,4,12,-8
200711020IND,RS,IND,310.0,,6,12,-6
200711020IND,RS,IND,321.0,,6,13,-7
200711020IND,RS,IND,321.0,,6,14,-8
200711020IND,RS,IND,347.0,,8,14,-6
200711020IND,RS,IND,409.0,,10,14,-4
200711020IND,RS,IND,428.0,,13,14,-1
200711020IND,RS,IND,439.0,,13,16,-3
200711020IND,RS,IND,470.0,,15,16,-1
200711020IND,RS,IND,485.0,,15,18,-3
200711020IND,RS,IND,504.0,,17,18,-1
200711020IND,RS,IND,556.0,,17,20,-3
200711020IND,RS,IND,589.0,,17,22,-5
200711020IND,RS,IND,632.0,,19,22,-3
200711020IND,RS,IND,632.0,,20,22,-2
200711020IND,RS,IND,664.3,T,22,22,0
200711020IND,RS,IND,680.2,,22,24,-2
200711020IND,RS,IND,777.0,T,24,24,0
200711020IND,RS,IND,797.0,,24,26,-2
200711020IND,RS,IND,820.0,T,26,26,0
200711020IND,RS,IND,846.0,LC,28,26,2
200711020IND,RS,IND,874.0,,30,26,4
200711020IND,RS,IND,891.0,,30,28,2
200711020IND,RS,IND,922.0,,32,28,4
200711020IND,RS,IND,956.0,,32,29,3
200711020IND,RS,IND,956.0,,32,30,2
200711020IND,RS,IND,969.0,,34,30,4
200711020IND,RS,IND,1020.0,,34,31,3
200711020IND,RS,IND,1084.0,,34,33,1
200711020IND,RS,IND,1107.0,,37,33,4
200711020IND,RS,IND,1147.0,,40,33,7
200711020IND,RS,IND,1166.0,,40,34,6
200711020IND,RS,IND,1215.0,,40,36,4
200711020IND,RS,IND,1260.0,,43,36,7
200711020IND,RS,IND,1297.0,,43,38,5
200711020IND,RS,IND,1321.0,,43,40,3
200711020IND,RS,IND,1363.0,,45,40,5
200711020IND,RS,IND,1377.0,,45,42,3
200711020IND,RS,IND,1399.4,,47,42,5
200711020IND,RS,IND,1414.0,,47,45,2
200711020IND,RS,IND,1440.0,LC,47,48,-1
200711020IND,RS,IND,1477.0,LC,49,48,1
200711020IND,RS,IND,1488.0,LC,49,50,-1
200711020IND,RS,IND,1515.0,LC,52,50,2
200711020IND,RS,IND,1543.0,,54,50,4
200711020IND,RS,IND,1602.0,,54,52,2
200711020IND,RS,IND,1697.0,,54,53,1
200711020IND,RS,IND,1739.0,,56,53,3
200711020IND,RS,IND,1747.0,T,56,56,0
200711020IND,RS,IND,1771.0,LC,56,59,-3
200711020IND,RS,IND,1787.0,,58,59,-1
200711020IND,RS,IND,1829.0,,58,60,-2
200711020IND,RS,IND,1829.0,,58,61,-3
200711020IND,RS,IND,1890.0,,58,64,-6
200711020IND,RS,IND,1905.0,,59,64,-5
200711020IND,RS,IND,1934.0,,60,64,-4
200711020IND,RS,IND,1974.0,,61,64,-3
200711020IND,RS,IND,2049.0,,63,64,-1
200711020IND,RS,IND,2125.8,,63,66,-3
200711020IND,RS,IND,2144.5,,65,66,-1
200711020IND,RS,IND,2158.5,,65,67,-2
200711020IND,RS,IND,2158.5,,65,68,-3
200711020IND,RS,IND,2178.0,,67,68,-1
200711020IND,RS,IND,2332.0,LC,69,68,1
200711020IND,RS,IND,2344.0,LC,69,70,-1
200711020IND,RS,IND,2376.0,,69,72,-3
200711020IND,RS,IND,2401.0,T,72,72,0
200711020IND,RS,IND,2449.0,,72,73,-1
200711020IND,RS,IND,2516.0,LC,74,73,1
200711020IND,RS,IND,2528.0,T,74,74,0
200711020IND,RS,IND,2554.0,,76,74,2
200711020IND,RS,IND,2573.0,,76,75,1
200711020IND,RS,IND,2598.0,,79,75,4
200711020IND,RS,IND,2635.0,,82,75,7
200711020IND,RS,IND,2683.0,,82,77,5
200711020IND,RS,IND,2749.0,,82,79,3
200711020IND,RS,IND,2778.0,T,82,82,0
200711020IND,RS,IND,2814.0,LC,82,85,-3
200711020IND,RS,IND,2839.4,,82,87,-5
200711020IND,RS,IND,2880.0,,85,87,-2
200711020IND,RS,IND,2880.0,F,85,87,-2
200711040MIA,RS,CHA,0.0,,0,0,0
200711040MIA,RS,CHA,23.0,,2,0,2
200711040MIA,RS,CHA,41.0,T,2,2,0
200711040MIA,RS,CHA,59.0,,4,2,2
200711040MIA,RS,CHA,83.0,LC,4,5,-1
200711040MIA,RS,CHA,102.0,LC,6,5,1
200711040MIA,RS,CHA,118.0,LC,6,7,-1
200711040MIA,RS,CHA,136.0,LC,8,7,1
200711040MIA,RS,CHA,222.0,,10,7,3
200711040MIA,RS,CHA,234.0,,12,7,5
200711040MIA,RS,CHA,234.0,,13,7,6
200711040MIA,RS,CHA,255.0,,13,10,3
200711040MIA,RS,CHA,281.0,,15,10,5
200711040MIA,RS,CHA,301.0,,15,11,4
200711040MIA,RS,CHA,301.0,,15,12,3
200711040MIA,RS,CHA,335.0,,17,12,5
200711040MIA,RS,CHA,361.0,,17,14,3
200711040MIA,RS,CHA,385.0,,19,14,5
200711040MIA,RS,CHA,456.0,,19,16,3
200711040MIA,RS,CHA,489.0,,19,18,1
200711040MIA,RS,CHA,508.0,,21,18,3
200711040MIA,RS,CHA,579.0,,23,18,5
200711040MIA,RS,CHA,599.0,,23,20,3
200711040MIA,RS,CHA,625.0,,25,20,5
200711040MIA,RS,CHA,638.0,,25,23,2
200711040MIA,RS,CHA,672.4,T,25,25,0
200711040MIA,RS,CHA,697.0,LC,25,27,-2
200711040MIA,RS,CHA,717.2,T,27,27,0
200711040MIA,RS,CHA,737.0,,27,28,-1
200711040MIA,RS,CHA,737.0,,27,29,-2
200711040MIA,RS,CHA,754.0,,28,29,-1
200711040MIA,RS,CHA,754.0,T,29,29,0
200711040MIA,RS,CHA,806.0,,29,31,-2
200711040MIA,RS,CHA,954.0,,29,34,-5
200711040MIA,RS,CHA,967.0,,30,34,-4
200711040MIA,RS,CHA,967.0,,31,34,-3
200711040MIA,RS,CHA,983.0,,32,34,-2
200711040MIA,RS,CHA,983.0,,33,34,-1
200711040MIA,RS,CHA,998.0,,33,36,-3
200711040MIA,RS,CHA,1019.0,,35,36,-1
200711040MIA,RS,CHA,1043.0,,35,38,-3
200711040MIA,RS,CHA,1074.0,,35,41,-6
200711040MIA,RS,CHA,1124.0,,37,41,-4
200711040MIA,RS,CHA,1164.0,,39,41,-2
200711040MIA,RS,CHA,1198.0,,39,42,-3
200711040MIA,RS,CHA,1217.0,,39,43,-4
200711040MIA,RS,CHA,1217.0,,39,44,-5
200711040MIA,RS,CHA,1234.0,,41,44,-3
200711040MIA,RS,CHA,1255.0,,43,44,-1
200711040MIA,RS,CHA,1270.0,,43,46,-3
200711040MIA,RS,CHA,1284.0,,44,46,-2
200711040MIA,RS,CHA,1295.0,,44,48,-4
200711040MIA,RS,CHA,1295.0,,44,49,-5
200711040MIA,RS,CHA,1309.0,,46,49,-3
200711040MIA,RS,CHA,1346.0,,46,51,-5
200711040MIA,RS,CHA,1380.6,,46,52,-6
200711040MIA,RS,CHA,1380.6,,46,53,-7
200711040MIA,RS,CHA,1402.6,,46,55,-9
200711040MIA,RS,CHA,1421.8,,47,55,-8
200711040MIA,RS,CHA,1421.8,,48,55,-7
200711040MIA,RS,CHA,1462.0,,48,57,-9
200711040MIA,RS,CHA,1495.0,,51,57,-6
200711040MIA,RS,CHA,1536.0,,53,57,-4
200711040MIA,RS,CHA,1549.0,,53,59,-6
200711040MIA,RS,CHA,1649.0,,55,59,-4
200711040MIA,RS,CHA,1661.0,,55,61,-6
200711040MIA,RS,CHA,1709.0,,57,61,-4
200711040MIA,RS,CHA,1737.0,,57,63,-6
200711040MIA,RS,CHA,1787.0,,57,66,-9
200711040MIA,RS,CHA,1811.0,,59,66,-7
200711040MIA,RS,CHA,1843.0,,59,68,-9
200711040MIA,RS,CHA,1896.0,,59,70,-11
200711040MIA,RS,CHA,1911.0,,59,73,-14
200711040MIA,RS,CHA,1963.0,,61,73,-12
200711040MIA,RS,CHA,2025.0,,61,75,-14
200711040MIA,RS,CHA,2047.0,,63,75,-12
200711040MIA,RS,CHA,2175.0,,64,75,-11
200711040MIA,RS,CHA,2175.0,,65,75,-10
200711040MIA,RS,CHA,2195.0,,65,78,-13
200711040MIA,RS,CHA,2228.0,,65,80,-15
200711040MIA,RS,CHA,2228.0,,65,81,-16
200711040MIA,RS,CHA,2348.0,,67,81,-14
200711040MIA,RS,CHA,2382.0,,68,81,-13
200711040MIA,RS,CHA,2382.0,,69,81,-12
200711040MIA,RS,CHA,2398.0,,69,82,-13
200711040MIA,RS,CHA,2398.0,,69,83,-14
200711040MIA,RS,CHA,2412.0,,71,83,-12
200711040MIA,RS,CHA,2430.0,,72,83,-11
200711040MIA,RS,CHA,2494.0,,74,83,-9
200711040MIA,RS,CHA,2530.0,,75,83,-8
200711040MIA,RS,CHA,2549.0,,75,85,-10
200711040MIA,RS,CHA,2557.0,,76,85,-9
200711040MIA,RS,CHA,2557.0,,77,85,-8
200711040MIA,RS,CHA,2671.0,,79,85,-6
200711040MIA,RS,CHA,2691.0,,80,85,-5
200711040MIA,RS,CHA,2691.0,,81,85,-4
200711040MIA,RS,CHA,2713.0,,81,86,-5
200711040MIA,RS,CHA,2776.0,,83,86,-3
200711040MIA,RS,CHA,2816.0,T,86,86,0
200711040MIA,RS,CHA,2829.1,,86,87,-1
200711040MIA,RS,CHA,2829.1,,86,88,-2
200711040MIA,RS,CHA,2878.2,,86,89,-3
200711040MIA,RS,CHA,2878.2,,86,90,-4
200711040MIA,RS,CHA,2879.8,F,88,90,-2
200711040MIA,RS,CHA,2880.0,,88,90,-2
200711070SAS,RS,SAS,0.0,,0,0,0
200711070SAS,RS,SAS,18.0,,3,0,3
200711070SAS,RS,SAS,40.0,,3,2,1
200711070SAS,RS,SAS,87.0,,5,2,3
200711070SAS,RS,SAS,139.0,,7,2,5
200711070SAS,RS,SAS,202.0,,7,4,3
200711070SAS,RS,SAS,218.0,,8,4,4
200711070SAS,RS,SAS,218.0,,9,4,5
200711070SAS,RS,SAS,229.0,,9,6,3
200711070SAS,RS,SAS,243.0,,10,6,4
200711070SAS,RS,SAS,277.0,,10,8,2
200711070SAS,RS,SAS,297.0,,11,8,3
200711070SAS,RS,SAS,339.0,,11,10,1
200711070SAS,RS,SAS,361.0,LC,11,12,-1
200711070SAS,RS,SAS,377.0,LC,13,12,1
200711070SAS,RS,SAS,402.0,LC,13,15,-2
200711070SAS,RS,SAS,482.0,,13,17,-4
200711070SAS,RS,SAS,520.0,,13,20,-7
200711070SAS,RS,SAS,556.0,,15,20,-5
200711070SAS,RS,SAS,629.0,,17,20,-3
200711070SAS,RS,SAS,653.0,,17,23,-6
200711070SAS,RS,SAS,668.4,,19,23,-4
200711070SAS,RS,SAS,716.8,,21,23,-2
200711070SAS,RS,SAS,765.0,,21,24,-3
200711070SAS,RS,SAS,781.0,,23,24,-1
200711070SAS,RS,SAS,804.0,,23,27,-4
200711070SAS,RS,SAS,914.0,,25,27,-2
200711070SAS,RS,SAS,927.0,,25,28,-3
200711070SAS,RS,SAS,927.0,,25,29,-4
200711070SAS,RS,SAS,942.0,,27,29,-2
200711070SAS,RS,SAS,970.0,,27,31,-4
200711070SAS,RS,SAS,989.0,,28,31,-3
200711070SAS,RS,SAS,1076.0,,30,31,-1
200711070SAS,RS,SAS,1143.0,LC,32,31,1
200711070SAS,RS,SAS,1208.0,T,32,32,0
200711070SAS,RS,SAS,1227.0,LC,32,34,-2
200711070SAS,RS,SAS,1252.0,T,34,34,0
200711070SAS,RS,SAS,1271.0,,34,36,-2
200711070SAS,RS,SAS,1334.0,T,36,36,0
200711070SAS,RS,SAS,1344.0,,36,37,-1
200711070SAS,RS,SAS,1355.0,LC,38,37,1
200711070SAS,RS,SAS,1401.1,LC,38,39,-1
200711070SAS,RS,SAS,1454.0,LC,40,39,1
200711070SAS,RS,SAS,1472.0,LC,40,41,-1
200711070SAS,RS,SAS,1492.0,,40,42,-2
200711070SAS,RS,SAS,1525.0,,40,44,-4
200711070SAS,RS,SAS,1544.0,,42,44,-2
200711070SAS,RS,SAS,1564.0,,42,47,-5
200711070SAS,RS,SAS,1678.0,,42,49,-7
200711070SAS,RS,SAS,1700.0,,44,49,-5
200711070SAS,RS,SAS,1725.0,,44,51,-7
200711070SAS,RS,SAS,1767.0,,44,53,-9
200711070SAS,RS,SAS,1797.0,,44,56,-12
200711070SAS,RS,SAS,1822.0,,46,56,-10
200711070SAS,RS,SAS,1844.0,,46,59,-13
200711070SAS,RS,SAS,1869.0,,48,59,-11
200711070SAS,RS,SAS,1883.0,,48,60,-12
200711070SAS,RS,SAS,1883.0,,48,61,-13
200711070SAS,RS,SAS,1989.0,,48,63,-15
200711070SAS,RS,SAS,2005.0,,50,63,-13
200711070SAS,RS,SAS,2030.0,,52,63,-11
200711070SAS,RS,SAS,2057.0,,53,63,-10
200711070SAS,RS,SAS,2095.0,,55,63,-8
200711070SAS,RS,SAS,2116.4,,58,63,-5
200711070SAS,RS,SAS,2157.4,,58,65,-7
200711070SAS,RS,SAS,2176.0,,60,65,-5
200711070SAS,RS,SAS,2195.0,,60,67,-7
200711070SAS,RS,SAS,2235.0,,60,69,-9
200711070SAS,RS,SAS,2271.0,,60,71,-11
200711070SAS,RS,SAS,2315.0,,60,73,-13
200711070SAS,RS,SAS,2416.0,,60,75,-15
200711070SAS,RS,SAS,2487.0,,60,77,-17
200711070SAS,RS,SAS,2514.0,,63,77,-14
200711070SAS,RS,SAS,2532.0,,63,79,-16
200711070SAS,RS,SAS,2547.0,,64,79,-15
200711070SAS,RS,SAS,2581.0,,66,79,-13
200711070SAS,RS,SAS,2614.0,,68,79,-11
200711070SAS,RS,SAS,2632.0,,68,81,-13
200711070SAS,RS,SAS,2693.0,,69,81,-12
200711070SAS,RS,SAS,2710.0,,70,81,-11
200711070SAS,RS,SAS,2766.0,,73,81,-8
200711070SAS,RS,SAS,2795.0,,73,82,-9
200711070SAS,RS,SAS,2795.0,,73,83,-10
200711070SAS,RS,SAS,2811.0,,75,83,-8
200711070SAS,RS,SAS,2827.0,,75,84,-9
200711070SAS,RS,SAS,2851.3,,75,86,-11
200711070SAS,RS,SAS,2869.9,,76,86,-10
200711070SAS,RS,SAS,2869.9,,77,86,-9
200711070SAS,RS,SAS,2869.9,,78,86,-8
200711070SAS,RS,SAS,2877.0,,78,87,-9
200711070SAS,RS,SAS,2877.0,F,78,88,-10
200711070SAS,RS,SAS,2880.0,,78,88,-10
200711090MIA,RS,PHO,0.0,,0,0,0
200711090MIA,RS,PHO,13.0,,0,2,-2
200711090MIA,RS,PHO,53.0,,0,4,-4
200711090MIA,RS,PHO,73.0,,2,4,-2
200711090MIA,RS,PHO,87.0,,2,6,-4
200711090MIA,RS,PHO,113.0,,2,7,-5
200711090MIA,RS,PHO,113.0,,2,8,-6
200711090MIA,RS,PHO,135.0,,2,10,-8
200711090MIA,RS,PHO,163.0,,4,10,-6
200711090MIA,RS,PHO,184.0,,6,10,-4
200711090MIA,RS,PHO,202.0,,8,10,-2
200711090MIA,RS,PHO,202.0,,9,10,-1
200711090MIA,RS,PHO,214.0,,9,11,-2
200711090MIA,RS,PHO,229.0,T,11,11,0
200711090MIA,RS,PHO,237.0,,11,13,-2
200711090MIA,RS,PHO,246.0,T,13,13,0
200711090MIA,RS,PHO,256.0,,13,15,-2
200711090MIA,RS,PHO,266.0,T,15,15,0
200711090MIA,RS,PHO,286.0,,15,16,-1
200711090MIA,RS,PHO,286.0,,15,17,-2
200711090MIA,RS,PHO,303.0,T,17,17,0
200711090MIA,RS,PHO,347.0,LC,19,17,2
200711090MIA,RS,PHO,397.0,,21,17,4
200711090MIA,RS,PHO,420.0,,21,18,3
200711090MIA,RS,PHO,441.0,,23,18,5
200711090MIA,RS,PHO,493.0,,23,21,2
200711090MIA,RS,PHO,516.0,,25,21,4
200711090MIA,RS,PHO,555.0,,27,21,6
200711090MIA,RS,PHO,573.0,,29,21,8
200711090MIA,RS,PHO,596.0,,31,21,10
200711090MIA,RS,PHO,610.0,,31,23,8
200711090MIA,RS,PHO,633.0,,33,23,10
200711090MIA,RS,PHO,665.9,,36,23,13
200711090MIA,RS,PHO,667.3,,36,25,11
200711090MIA,RS,PHO,688.4,,36,27,9
200711090MIA,RS,PHO,708.1,,37,27,10
200711090MIA,RS,PHO,715.6,,37,29,8
200711090MIA,RS,PHO,762.0,,37,31,6
200711090MIA,RS,PHO,775.0,,39,31,8
200711090MIA,RS,PHO,818.0,,41,31,10
200711090MIA,RS,PHO,855.0,,41,34,7
200711090MIA,RS,PHO,894.0,,44,34,10
200711090MIA,RS,PHO,907.0,,44,36,8
200711090MIA,RS,PHO,935.0,,44,38,6
200711090MIA,RS,PHO,1013.0,,46,38,8
200711090MIA,RS,PHO,1047.0,,48,38,10
200711090MIA,RS,PHO,1075.0,,50,38,12
200711090MIA,RS,PHO,1091.0,,50,41,9
200711090MIA,RS,PHO,1128.0,,51,41,10
200711090MIA,RS,PHO,1128.0,,52,41,11
200711090MIA,RS,PHO,1137.0,,52,44,8
200711090MIA,RS,PHO,1168.0,,52,46,6
200711090MIA,RS,PHO,1202.0,,52,49,3
200711090MIA,RS,PHO,1219.0,,54,49,5
200711090MIA,RS,PHO,1258.0,,54,51,3
200711090MIA,RS,PHO,1301.0,,56,51,5
200711090MIA,RS,PHO,1315.0,,56,54,2
200711090MIA,RS,PHO,1334.0,,58,54,4
200711090MIA,RS,PHO,1367.0,,59,54,5
200711090MIA,RS,PHO,1367.0,,60,54,6
200711090MIA,RS,PHO,1377.0,,60,55,5
200711090MIA,RS,PHO,1472.0,,60,58,2
200711090MIA,RS,PHO,1503.0,T,60,60,0
200711090MIA,RS,PHO,1529.0,LC,60,62,-2
200711090MIA,RS,PHO,1529.0,,60,63,-3
200711090MIA,RS,PHO,1575.0,,62,63,-1
200711090MIA,RS,PHO,1600.0,LC,64,63,1
200711090MIA,RS,PHO,1600.0,,65,63,2
200711090MIA,RS,PHO,1600.0,,66,63,3
200711090MIA,RS,PHO,1620.0,,66,65,1
200711090MIA,RS,PHO,1638.0,,68,65,3
200711090MIA,RS,PHO,1695.0,,68,67,1
200711090MIA,RS,PHO,1712.0,,70,67,3
200711090MIA,RS,PHO,1729.0,,72,67,5
200711090MIA,RS,PHO,1756.0,,74,67,7
200711090MIA,RS,PHO,1763.0,,74,70,4
200711090MIA,RS,PHO,1838.0,,74,72,2
200711090MIA,RS,PHO,1875.0,,74,73,1
200711090MIA,RS,PHO,1923.0,,76,73,3
200711090MIA,RS,PHO,1951.0,,78,73,5
200711090MIA,RS,PHO,1962.0,,79,73,6
200711090MIA,RS,PHO,1962.0,,80,73,7
200711090MIA,RS,PHO,2094.0,,82,73,9
200711090MIA,RS,PHO,2105.4,,82,76,6
200711090MIA,RS,PHO,2120.8,,84,76,8
200711090MIA,RS,PHO,2131.4,,84,79,5
200711090MIA,RS,PHO,2209.0,,84,80,4
200711090MIA,RS,PHO,2209.0,,84,81,3
200711090MIA,RS,PHO,2270.0,,86,81,5
200711090MIA,RS,PHO,2355.0,,86,84,2
200711090MIA,RS,PHO,2371.0,,88,84,4
200711090MIA,RS,PHO,2389.0,,88,86,2
200711090MIA,RS,PHO,2415.0,LC,88,89,-1
200711090MIA,RS,PHO,2435.0,LC,90,89,1
200711090MIA,RS,PHO,2465.0,,92,89,3
200711090MIA,RS,PHO,2465.0,,93,89,4
200711090MIA,RS,PHO,2487.0,,93,91,2
200711090MIA,RS,PHO,2534.0,T,93,93,0
200711090MIA,RS,PHO,2552.0,,96,93,3
200711090MIA,RS,PHO,2589.0,,98,93,5
200711090MIA,RS,PHO,2610.0,,98,96,2
200711090MIA,RS,PHO,2727.0,LC,98,99,-1
200711090MIA,RS,PHO,2758.0,,98,101,-3
200711090MIA,RS,PHO,2799.0,,98,104,-6
200711090MIA,RS,PHO,2840.4,,101,104,-3
200711090MIA,RS,PHO,2873.1,,101,105,-4
200711090MIA,RS,PHO,2873.1,F,101,106,-5
200711090MIA,RS,PHO,2880.0,,101,106,-5
200711110NYK,RS,NYK,0.0,,0,0,0
200711110NYK,RS,NYK,18.0,,0,2,-2
200711110NYK,RS,NYK,45.0,,0,4,-4
200711110NYK,RS,NYK,80.0,,0,6,-6
200711110NYK,RS,NYK,121.0,,2,6,-4
200711110NYK,RS,NYK,146.0,,2,8,-6
200711110NYK,RS,NYK,192.0,,5,8,-3
200711110NYK,RS,NYK,223.0,,6,8,-2
200711110NYK,RS,NYK,255.0,T,8,8,0
200711110NYK,RS,NYK,286.0,,8,10,-2
200711110NYK,RS,NYK,299.0,T,10,10,0
200711110NYK,RS,NYK,315.0,,10,12,-2
200711110NYK,RS,NYK,339.0,T,12,12,0
200711110NYK,RS,NYK,380.0,LC,14,12,2
200711110NYK,RS,NYK,412.0,,16,12,4
200711110NYK,RS,NYK,427.0,,16,14,2
200711110NYK,RS,NYK,499.0,,18,14,4
200711110NYK,RS,NYK,519.0,,18,16,2
200711110NYK,RS,NYK,594.0,,20,16,4
200711110NYK,RS,NYK,609.0,,20,18,2
200711110NYK,RS,NYK,634.0,,23,18,5
200711110NYK,RS,NYK,651.0,,25,18,7
200711110NYK,RS,NYK,683.2,,25,20,5
200711110NYK,RS,NYK,744.0,,27,20,7
200711110NYK,RS,NYK,809.0,,29,20,9
200711110NYK,RS,NYK,879.0,,31,20,11
200711110NYK,RS,NYK,894.0,,31,22,9
200711110NYK,RS,NYK,950.0,,33,22,11
200711110NYK,RS,NYK,1044.0,,33,24,9
200711110NYK,RS,NYK,1134.0,,35,24,11
200711110NYK,RS,NYK,1155.0,,35,27,8
200711110NYK,RS,NYK,1221.0,,35,29,6
200711110NYK,RS,NYK,1293.0,,35,30,5
200711110NYK,RS,NYK,1293.0,,35,31,4
200711110NYK,RS,NYK,1293.0,,35,32,3
200711110NYK,RS,NYK,1321.0,,35,33,2
200711110NYK,RS,NYK,1321.0,,35,34,1
200711110NYK,RS,NYK,1339.0,,37,34,3
200711110NYK,RS,NYK,1381.9,,37,36,1
200711110NYK,RS,NYK,1402.8,LC,37,39,-2
200711110NYK,RS,NYK,1462.0,T,39,39,0
200711110NYK,RS,NYK,1506.0,LC,41,39,2
200711110NYK,RS,NYK,1596.0,T,41,41,0
200711110NYK,RS,NYK,1683.0,,43,41,2
200711110NYK,RS,NYK,1725.0,,45,41,4
200711110NYK,RS,NYK,1743.0,,45,42,3
200711110NYK,RS,NYK,1743.0,,45,43,2
200711110NYK,RS,NYK,1766.0,,47,43,4
200711110NYK,RS,NYK,1805.0,,47,45,2
200711110NYK,RS,NYK,1843.0,,49,45,4
200711110NYK,RS,NYK,1901.0,,49,46,3
200711110NYK,RS,NYK,1938.0,,49,48,1
200711110NYK,RS,NYK,1957.0,LC,49,50,-1
200711110NYK,RS,NYK,1991.0,,49,52,-3
200711110NYK,RS,NYK,2036.0,,49,53,-4
200711110NYK,RS,NYK,2110.0,,52,53,-1
200711110NYK,RS,NYK,2128.1,,52,55,-3
200711110NYK,RS,NYK,2159.1,,52,58,-6
200711110NYK,RS,NYK,2175.0,,52,59,-7
200711110NYK,RS,NYK,2175.0,,52,60,-8
200711110NYK,RS,NYK,2191.0,,54,60,-6
200711110NYK,RS,NYK,2210.0,,54,62,-8
200711110NYK,RS,NYK,2227.0,,57,62,-5
200711110NYK,RS,NYK,2296.0,,57,64,-7
200711110NYK,RS,NYK,2323.0,,59,64,-5
200711110NYK,RS,NYK,2431.0,,59,66,-7
200711110NYK,RS,NYK,2450.0,,62,66,-4
200711110NYK,RS,NYK,2472.0,,62,68,-6
200711110NYK,RS,NYK,2541.0,,63,68,-5
200711110NYK,RS,NYK,2541.0,,64,68,-4
200711110NYK,RS,NYK,2577.0,,67,68,-1
200711110NYK,RS,NYK,2675.0,,67,70,-3
200711110NYK,RS,NYK,2730.0,,67,71,-4
200711110NYK,RS,NYK,2730.0,,67,72,-5
200711110NYK,RS,NYK,2752.0,,69,72,-3
200711110NYK,RS,NYK,2832.4,,71,72,-1
200711110NYK,RS,NYK,2860.1,LC,73,72,1
200711110NYK,RS,NYK,2870.6,,74,72,2
200711110NYK,RS,NYK,2870.6,F,75,72,3
200711110NYK,RS,NYK,2880.0,,75,72,3
200711130CHA,RS,CHA,0.0,,0,0,0
200711130CHA,RS,CHA,94.0,,2,0,2
200711130CHA,RS,CHA,119.0,,4,0,4
200711130CHA,RS,CHA,171.0,,6,0,6
200711130CHA,RS,CHA,200.0,,6,2,4
200711130CHA,RS,CHA,282.0,,8,2,6
200711130CHA,RS,CHA,305.0,,8,4,4
200711130CHA,RS,CHA,330.0,,8,5,3
200711130CHA,RS,CHA,330.0,,8,6,2
200711130CHA,RS,CHA,419.0,LC,8,9,-1
200711130CHA,RS,CHA,443.0,,8,10,-2
200711130CHA,RS,CHA,443.0,,8,11,-3
200711130CHA,RS,CHA,488.0,,10,11,-1
200711130CHA,RS,CHA,509.0,,10,13,-3
200711130CHA,RS,CHA,527.0,,12,13,-1
200711130CHA,RS,CHA,541.0,,12,15,-3
200711130CHA,RS,CHA,668.4,,12,17,-5
200711130CHA,RS,CHA,742.0,,12,19,-7
200711130CHA,RS,CHA,766.0,,14,19,-5
200711130CHA,RS,CHA,782.0,,14,21,-7
200711130CHA,RS,CHA,876.0,,14,23,-9
200711130CHA,RS,CHA,896.0,,16,23,-7
200711130CHA,RS,CHA,896.0,,17,23,-6
200711130CHA,RS,CHA,915.0,,19,23,-4
200711130CHA,RS,CHA,939.0,,19,25,-6
200711130CHA,RS,CHA,1009.0,,19,27,-8
200711130CHA,RS,CHA,1031.0,,21,27,-6
200711130CHA,RS,CHA,1060.0,,21,29,-8
200711130CHA,RS,CHA,1106.0,,23,29,-6
200711130CHA,RS,CHA,1157.0,,23,30,-7
200711130CHA,RS,CHA,1157.0,,23,31,-8
200711130CHA,RS,CHA,1235.0,,23,34,-11
200711130CHA,RS,CHA,1247.0,,24,34,-10
200711130CHA,RS,CHA,1247.0,,25,34,-9
200711130CHA,RS,CHA,1296.0,,25,36,-11
200711130CHA,RS,CHA,1320.0,,25,37,-12
200711130CHA,RS,CHA,1320.0,,25,38,-13
200711130CHA,RS,CHA,1327.0,,26,38,-12
200711130CHA,RS,CHA,1327.0,,27,38,-11
200711130CHA,RS,CHA,1341.0,,27,39,-12
200711130CHA,RS,CHA,1355.0,,28,39,-11
200711130CHA,RS,CHA,1355.0,,29,39,-10
200711130CHA,RS,CHA,1385.4,,31,39,-8
200711130CHA,RS,CHA,1417.8,,33,39,-6
200711130CHA,RS,CHA,1435.0,,33,40,-7
200711130CHA,RS,CHA,1439.7,,35,40,-5
200711130CHA,RS,CHA,1496.0,,35,41,-6
200711130CHA,RS,CHA,1518.0,,35,43,-8
200711130CHA,RS,CHA,1562.0,,35,46,-11
200711130CHA,RS,CHA,1577.0,,37,46,-9
200711130CHA,RS,CHA,1577.0,,38,46,-8
200711130CHA,RS,CHA,1602.0,,38,48,-10
200711130CHA,RS,CHA,1650.0,,38,50,-12
200711130CHA,RS,CHA,1691.0,,38,52,-14
200711130CHA,RS,CHA,1723.0,,38,54,-16
200711130CHA,RS,CHA,1723.0,,38,55,-17
200711130CHA,RS,CHA,1757.0,,38,58,-20
200711130CHA,RS,CHA,1791.0,,40,58,-18
200711130CHA,RS,CHA,1810.0,,40,60,-20
200711130CHA,RS,CHA,1832.0,,42,60,-18
200711130CHA,RS,CHA,1926.0,,42,62,-20
200711130CHA,RS,CHA,1964.0,,42,64,-22
200711130CHA,RS,CHA,1989.0,,42,67,-25
200711130CHA,RS,CHA,2007.0,,44,67,-23
200711130CHA,RS,CHA,2041.0,,46,67,-21
200711130CHA,RS,CHA,2083.0,,46,69,-23
200711130CHA,RS,CHA,2105.0,,46,71,-25
200711130CHA,RS,CHA,2159.1,,47,71,-24
200711130CHA,RS,CHA,2178.0,,48,71,-23
200711130CHA,RS,CHA,2199.0,,48,73,-25
200711130CHA,RS,CHA,2199.0,,48,74,-26
200711130CHA,RS,CHA,2257.0,,49,74,-25
200711130CHA,RS,CHA,2257.0,,50,74,-24
200711130CHA,RS,CHA,2274.0,,50,75,-25
200711130CHA,RS,CHA,2286.0,,52,75,-23
200711130CHA,RS,CHA,2306.0,,52,78,-26
200711130CHA,RS,CHA,2355.0,,52,80,-28
200711130CHA,RS,CHA,2425.0,,54,80,-26
200711130CHA,RS,CHA,2447.0,,54,81,-27
200711130CHA,RS,CHA,2489.0,,54,84,-30
200711130CHA,RS,CHA,2510.0,,56,84,-28
200711130CHA,RS,CHA,2532.0,,56,86,-30
200711130CHA,RS,CHA,2541.0,,58,86,-28
200711130CHA,RS,CHA,2541.0,,59,86,-27
200711130CHA,RS,CHA,2574.0,,61,86,-25
200711130CHA,RS,CHA,2607.0,,62,86,-24
200711130CHA,RS,CHA,2607.0,,63,86,-23
200711130CHA,RS,CHA,2652.0,,65,86,-21
200711130CHA,RS,CHA,2667.0,,65,88,-23
200711130CHA,RS,CHA,2683.0,,68,88,-20
200711130CHA,RS,CHA,2725.0,,70,88,-18
200711130CHA,RS,CHA,2755.0,,72,88,-16
200711130CHA,RS,CHA,2782.0,,74,88,-14
200711130CHA,RS,CHA,2794.0,,76,88,-12
200711130CHA,RS,CHA,2817.0,,76,90,-14
200711130CHA,RS,CHA,2845.8,F,76,91,-15
200711130CHA,RS,CHA,2880.0,,76,91,-15
200711140MIA,RS,SEA,0.0,,0,0,0
200711140MIA,RS,SEA,65.0,,0,2,-2
200711140MIA,RS,SEA,92.0,,0,3,-3
200711140MIA,RS,SEA,92.0,,0,4,-4
200711140MIA,RS,SEA,115.0,,0,6,-6
200711140MIA,RS,SEA,133.0,,0,7,-7
200711140MIA,RS,SEA,133.0,,0,8,-8
200711140MIA,RS,SEA,148.0,,2,8,-6
200711140MIA,RS,SEA,157.0,,2,11,-9
200711140MIA,RS,SEA,168.0,,4,11,-7
200711140MIA,RS,SEA,226.0,,4,14,-10
200711140MIA,RS,SEA,247.0,,6,14,-8
200711140MIA,RS,SEA,283.0,,6,16,-10
200711140MIA,RS,SEA,283.0,,6,17,-11
200711140MIA,RS,SEA,311.0,,8,17,-9
200711140MIA,RS,SEA,334.0,,10,17,-7
200711140MIA,RS,SEA,358.0,,12,17,-5
200711140MIA,RS,SEA,375.0,,12,20,-8
200711140MIA,RS,SEA,413.0,,12,22,-10
200711140MIA,RS,SEA,431.0,,13,22,-9
200711140MIA,RS,SEA,431.0,,14,22,-8
200711140MIA,RS,SEA,452.0,,14,24,-10
200711140MIA,RS,SEA,487.0,,17,24,-7
200711140MIA,RS,SEA,516.0,,17,26,-9
200711140MIA,RS,SEA,537.0,,19,26,-7
200711140MIA,RS,SEA,569.0,,19,28,-9
200711140MIA,RS,SEA,626.0,,20,28,-8
200711140MIA,RS,SEA,626.0,,21,28,-7
200711140MIA,RS,SEA,643.0,,22,28,-6
200711140MIA,RS,SEA,643.0,,23,28,-5
200711140MIA,RS,SEA,677.9,,25,28,-3
200711140MIA,RS,SEA,691.1,,25,30,-5
200711140MIA,RS,SEA,757.0,,26,30,-4
200711140MIA,RS,SEA,793.0,,26,31,-5
200711140MIA,RS,SEA,793.0,,26,32,-6
200711140MIA,RS,SEA,809.0,,28,32,-4
200711140MIA,RS,SEA,824.0,,28,34,-6
200711140MIA,RS,SEA,842.0,,30,34,-4
200711140MIA,RS,SEA,874.0,,30,36,-6
200711140MIA,RS,SEA,895.0,,32,36,-4
200711140MIA,RS,SEA,922.0,,32,39,-7
200711140MIA,RS,SEA,955.0,,32,41,-9
200711140MIA,RS,SEA,995.0,,32,43,-11
200711140MIA,RS,SEA,1033.0,,32,45,-13
200711140MIA,RS,SEA,1088.0,,34,45,-11
200711140MIA,RS,SEA,1099.0,,34,47,-13
200711140MIA,RS,SEA,1121.0,,34,50,-16
200711140MIA,RS,SEA,1156.0,,34,52,-18
200711140MIA,RS,SEA,1191.0,,34,55,-21
200711140MIA,RS,SEA,1232.0,,36,55,-19
200711140MIA,RS,SEA,1301.0,,39,55,-16
200711140MIA,RS,SEA,1395.1,,41,55,-14
200711140MIA,RS,SEA,1405.6,,41,58,-17
200711140MIA,RS,SEA,1420.9,,41,59,-18
200711140MIA,RS,SEA,1435.1,,41,60,-19
200711140MIA,RS,SEA,1435.1,,41,61,-20
200711140MIA,RS,SEA,1468.0,,41,63,-22
200711140MIA,RS,SEA,1494.0,,43,63,-20
200711140MIA,RS,SEA,1518.0,,43,65,-22
200711140MIA,RS,SEA,1563.0,,44,65,-21
200711140MIA,RS,SEA,1563.0,,45,65,-20
200711140MIA,RS,SEA,1586.0,,46,65,-19
200711140MIA,RS,SEA,1586.0,,47,65,-18
200711140MIA,RS,SEA,1601.0,,47,68,-21
200711140MIA,RS,SEA,1631.0,,49,68,-19
200711140MIA,RS,SEA,1702.0,,49,70,-21
200711140MIA,RS,SEA,1723.0,,52,70,-18
200711140MIA,RS,SEA,1769.0,,52,72,-20
200711140MIA,RS,SEA,1790.0,,54,72,-18
200711140MIA,RS,SEA,1866.0,,54,75,-21
200711140MIA,RS,SEA,1886.0,,55,75,-20
200711140MIA,RS,SEA,1924.0,,56,75,-19
200711140MIA,RS,SEA,1950.0,,57,75,-18
200711140MIA,RS,SEA,1950.0,,58,75,-17
200711140MIA,RS,SEA,1964.0,,58,77,-19
200711140MIA,RS,SEA,1978.0,,60,77,-17
200711140MIA,RS,SEA,1978.0,,61,77,-16
200711140MIA,RS,SEA,1991.0,,61,78,-17
200711140MIA,RS,SEA,2020.0,,63,78,-15
200711140MIA,RS,SEA,2050.0,,64,78,-14
200711140MIA,RS,SEA,2050.0,,65,78,-13
200711140MIA,RS,SEA,2087.0,,65,80,-15
200711140MIA,RS,SEA,2107.5,,66,80,-14
200711140MIA,RS,SEA,2107.5,,67,80,-13
200711140MIA,RS,SEA,2130.0,,68,80,-12
200711140MIA,RS,SEA,2183.0,,68,81,-13
200711140MIA,RS,SEA,2183.0,,68,82,-14
200711140MIA,RS,SEA,2207.0,,68,84,-16
200711140MIA,RS,SEA,2254.0,,68,86,-18
200711140MIA,RS,SEA,2273.0,,68,87,-19
200711140MIA,RS,SEA,2309.0,,68,89,-21
200711140MIA,RS,SEA,2356.0,,68,90,-22
200711140MIA,RS,SEA,2356.0,,68,91,-23
200711140MIA,RS,SEA,2366.0,,70,91,-21
200711140MIA,RS,SEA,2400.0,,73,91,-18
200711140MIA,RS,SEA,2437.0,,76,91,-15
200711140MIA,RS,SEA,2459.0,,78,91,-13
200711140MIA,RS,SEA,2494.0,,78,92,-14
200711140MIA,RS,SEA,2534.0,,78,94,-16
200711140MIA,RS,SEA,2555.0,,80,94,-14
200711140MIA,RS,SEA,2590.0,,83,94,-11
200711140MIA,RS,SEA,2618.0,,85,94,-9
200711140MIA,RS,SEA,2618.0,,86,94,-8
200711140MIA,RS,SEA,2639.0,,86,97,-11
200711140MIA,RS,SEA,2660.0,,86,99,-13
200711140MIA,RS,SEA,2698.0,,86,101,-15
200711140MIA,RS,SEA,2767.0,,88,101,-13
200711140MIA,RS,SEA,2806.0,,89,101,-12
200711140MIA,RS,SEA,2806.0,,90,101,-11
200711140MIA,RS,SEA,2832.0,,93,101,-8
200711140MIA,RS,SEA,2853.7,,93,102,-9
200711140MIA,RS,SEA,2859.2,,95,102,-7
200711140MIA,RS,SEA,2866.8,,95,103,-8
200711140MIA,RS,SEA,2866.8,F,95,104,-9
200711140MIA,RS,SEA,2880.0,,95,104,-9
200711160BOS,RS,BOS,0.0,,0,0,0
200711160BOS,RS,BOS,38.0,,2,0,2
200711160BOS,RS,BOS,82.0,,4,0,4
200711160BOS,RS,BOS,98.0,,4,2,2
200711160BOS,RS,BOS,117.0,,6,2,4
200711160BOS,RS,BOS,167.0,,7,2,5
200711160BOS,RS,BOS,167.0,,8,2,6
200711160BOS,RS,BOS,190.0,,8,3,5
200711160BOS,RS,BOS,190.0,,8,4,4
200711160BOS,RS,BOS,242.0,,10,4,6
200711160BOS,RS,BOS,255.0,,10,6,4
200711160BOS,RS,BOS,271.0,,12,6,6
200711160BOS,RS,BOS,281.0,,12,7,5
200711160BOS,RS,BOS,281.0,,12,8,4
200711160BOS,RS,BOS,300.0,,14,8,6
200711160BOS,RS,BOS,320.0,,14,11,3
200711160BOS,RS,BOS,345.0,,14,13,1
200711160BOS,RS,BOS,359.0,,16,13,3
200711160BOS,RS,BOS,371.0,,16,14,2
200711160BOS,RS,BOS,371.0,,16,15,1
200711160BOS,RS,BOS,392.0,LC,16,17,-1
200711160BOS,RS,BOS,410.0,LC,18,17,1
200711160BOS,RS,BOS,426.0,LC,18,19,-1
200711160BOS,RS,BOS,513.0,,18,21,-3
200711160BOS,RS,BOS,578.0,,18,23,-5
200711160BOS,RS,BOS,603.0,,18,24,-6
200711160BOS,RS,BOS,640.0,,19,24,-5
200711160BOS,RS,BOS,640.0,,20,24,-4
200711160BOS,RS,BOS,669.2,,22,24,-2
200711160BOS,RS,BOS,669.2,,23,24,-1
200711160BOS,RS,BOS,719.2,T,24,24,0
200711160BOS,RS,BOS,765.0,LC,26,24,2
200711160BOS,RS,BOS,818.0,T,26,26,0
200711160BOS,RS,BOS,818.0,LC,26,27,-1
200711160BOS,RS,BOS,921.0,LC,28,27,1
200711160BOS,RS,BOS,930.0,LC,28,29,-1
200711160BOS,RS,BOS,947.0,LC,31,29,2
200711160BOS,RS,BOS,965.0,LC,31,32,-1
200711160BOS,RS,BOS,1036.0,LC,33,32,1
200711160BOS,RS,BOS,1055.0,T,33,33,0
200711160BOS,RS,BOS,1073.0,,34,33,1
200711160BOS,RS,BOS,1073.0,,35,33,2
200711160BOS,RS,BOS,1082.0,,35,34,1
200711160BOS,RS,BOS,1082.0,T,35,35,0
200711160BOS,RS,BOS,1109.0,LC,35,37,-2
200711160BOS,RS,BOS,1144.0,,35,39,-4
200711160BOS,RS,BOS,1201.0,,37,39,-2
200711160BOS,RS,BOS,1218.0,,37,41,-4
200711160BOS,RS,BOS,1218.0,,37,42,-5
200711160BOS,RS,BOS,1236.0,,40,42,-2
200711160BOS,RS,BOS,1273.0,,40,45,-5
200711160BOS,RS,BOS,1286.0,,41,45,-4
200711160BOS,RS,BOS,1302.0,,41,47,-6
200711160BOS,RS,BOS,1329.0,,41,49,-8
200711160BOS,RS,BOS,1373.0,,44,49,-5
200711160BOS,RS,BOS,1390.7,,44,50,-6
200711160BOS,RS,BOS,1399.7,,44,52,-8
200711160BOS,RS,BOS,1413.5,,46,52,-6
200711160BOS,RS,BOS,1465.0,,48,52,-4
200711160BOS,RS,BOS,1494.0,,50,52,-2
200711160BOS,RS,BOS,1508.0,,50,54,-4
200711160BOS,RS,BOS,1538.0,,50,56,-6
200711160BOS,RS,BOS,1605.0,,50,58,-8
200711160BOS,RS,BOS,1647.0,,52,58,-6
200711160BOS,RS,BOS,1681.0,,53,58,-5
200711160BOS,RS,BOS,1681.0,,54,58,-4
200711160BOS,RS,BOS,1730.0,,54,60,-6
200711160BOS,RS,BOS,1753.0,,56,60,-4
200711160BOS,RS,BOS,1777.0,,56,62,-6
200711160BOS,RS,BOS,1859.0,,56,64,-8
200711160BOS,RS,BOS,1859.0,,56,65,-9
200711160BOS,RS,BOS,1870.0,,56,67,-11
200711160BOS,RS,BOS,1904.0,,59,67,-8
200711160BOS,RS,BOS,1930.0,,59,70,-11
200711160BOS,RS,BOS,1987.0,,59,72,-13
200711160BOS,RS,BOS,2028.0,,59,74,-15
200711160BOS,RS,BOS,2082.0,,61,74,-13
200711160BOS,RS,BOS,2100.0,,61,76,-15
200711160BOS,RS,BOS,2115.1,,63,76,-13
200711160BOS,RS,BOS,2138.1,,65,76,-11
200711160BOS,RS,BOS,2172.0,,66,76,-10
200711160BOS,RS,BOS,2172.0,,67,76,-9
200711160BOS,RS,BOS,2183.0,,67,78,-11
200711160BOS,RS,BOS,2219.0,,67,81,-14
200711160BOS,RS,BOS,2236.0,,69,81,-12
200711160BOS,RS,BOS,2280.0,,69,82,-13
200711160BOS,RS,BOS,2308.0,,69,84,-15
200711160BOS,RS,BOS,2369.0,,71,84,-13
200711160BOS,RS,BOS,2388.0,,71,86,-15
200711160BOS,RS,BOS,2405.0,,72,86,-14
200711160BOS,RS,BOS,2431.0,,74,86,-12
200711160BOS,RS,BOS,2465.0,,76,86,-10
200711160BOS,RS,BOS,2494.0,,78,86,-8
200711160BOS,RS,BOS,2604.0,,80,86,-6
200711160BOS,RS,BOS,2632.0,,82,86,-4
200711160BOS,RS,BOS,2662.0,,85,86,-1
200711160BOS,RS,BOS,2736.0,T,86,86,0
200711160BOS,RS,BOS,2752.0,,86,87,-1
200711160BOS,RS,BOS,2752.0,,86,88,-2
200711160BOS,RS,BOS,2785.0,,86,90,-4
200711160BOS,RS,BOS,2812.0,,88,90,-2
200711160BOS,RS,BOS,2826.9,T,90,90,0
200711160BOS,RS,BOS,2846.5,LC,91,90,1
200711160BOS,RS,BOS,2855.0,F,91,92,-1
200711160BOS,RS,BOS,2880.0,,91,92,-1
200711170NJN,RS,NJN,0.0,,0,0,0
200711170NJN,RS,NJN,28.0,,0,2,-2
200711170NJN,RS,NJN,78.0,,0,4,-4
200711170NJN,RS,NJN,97.0,,2,4,-2
200711170NJN,RS,NJN,119.0,,2,6,-4
200711170NJN,RS,NJN,141.0,,4,6,-2
200711170NJN,RS,NJN,171.0,,4,9,-5
200711170NJN,RS,NJN,197.0,,4,10,-6
200711170NJN,RS,NJN,234.0,,6,10,-4
200711170NJN,RS,NJN,262.0,,6,12,-6
200711170NJN,RS,NJN,296.0,,6,14,-8
200711170NJN,RS,NJN,324.0,,7,14,-7
200711170NJN,RS,NJN,324.0,,8,14,-6
200711170NJN,RS,NJN,335.0,,8,16,-8
200711170NJN,RS,NJN,351.0,,10,16,-6
200711170NJN,RS,NJN,365.0,,10,17,-7
200711170NJN,RS,NJN,365.0,,10,18,-8
200711170NJN,RS,NJN,433.0,,10,19,-9
200711170NJN,RS,NJN,433.0,,10,20,-10
200711170NJN,RS,NJN,456.0,,12,20,-8
200711170NJN,RS,NJN,563.0,,14,20,-6
200711170NJN,RS,NJN,581.0,,14,21,-7
200711170NJN,RS,NJN,581.0,,14,22,-8
200711170NJN,RS,NJN,609.0,,14,23,-9
200711170NJN,RS,NJN,651.0,,15,23,-8
200711170NJN,RS,NJN,719.2,,18,23,-5
200711170NJN,RS,NJN,765.0,,21,23,-2
200711170NJN,RS,NJN,800.0,T,23,23,0
200711170NJN,RS,NJN,819.0,,23,25,-2
200711170NJN,RS,NJN,886.0,T,25,25,0
200711170NJN,RS,NJN,1032.0,,25,26,-1
200711170NJN,RS,NJN,1055.0,LC,27,26,1
200711170NJN,RS,NJN,1065.0,T,27,27,0
200711170NJN,RS,NJN,1078.0,LC,27,29,-2
200711170NJN,RS,NJN,1101.0,LC,30,29,1
200711170NJN,RS,NJN,1131.0,,32,29,3
200711170NJN,RS,NJN,1131.0,,33,29,4
200711170NJN,RS,NJN,1190.0,,33,31,2
200711170NJN,RS,NJN,1206.0,,34,31,3
200711170NJN,RS,NJN,1206.0,,35,31,4
200711170NJN,RS,NJN,1265.0,,37,31,6
200711170NJN,RS,NJN,1279.0,,37,32,5
200711170NJN,RS,NJN,1279.0,,37,33,4
200711170NJN,RS,NJN,1295.0,,39,33,6
200711170NJN,RS,NJN,1340.0,,39,34,5
200711170NJN,RS,NJN,1340.0,,39,35,4
200711170NJN,RS,NJN,1357.0,,41,35,6
200711170NJN,RS,NJN,1397.8,,42,35,7
200711170NJN,RS,NJN,1397.8,,43,35,8
200711170NJN,RS,NJN,1439.7,,45,35,10
200711170NJN,RS,NJN,1473.0,,47,35,12
200711170NJN,RS,NJN,1532.0,,47,37,10
200711170NJN,RS,NJN,1569.0,,48,37,11
200711170NJN,RS,NJN,1569.0,,49,37,12
200711170NJN,RS,NJN,1587.0,,49,39,10
200711170NJN,RS,NJN,1626.0,,49,41,8
200711170NJN,RS,NJN,1680.0,,49,43,6
200711170NJN,RS,NJN,1701.0,,49,44,5
200711170NJN,RS,NJN,1701.0,,49,45,4
200711170NJN,RS,NJN,1712.0,,51,45,6
200711170NJN,RS,NJN,1712.0,,52,45,7
200711170NJN,RS,NJN,1769.0,,52,47,5
200711170NJN,RS,NJN,1812.0,,54,47,7
200711170NJN,RS,NJN,1869.0,,54,49,5
200711170NJN,RS,NJN,1909.0,,54,51,3
200711170NJN,RS,NJN,1925.0,,55,51,4
200711170NJN,RS,NJN,1925.0,,56,51,5
200711170NJN,RS,NJN,1934.0,,56,53,3
200711170NJN,RS,NJN,1993.0,,58,53,5
200711170NJN,RS,NJN,2002.0,,58,54,4
200711170NJN,RS,NJN,2002.0,,58,55,3
200711170NJN,RS,NJN,2020.0,,60,55,5
200711170NJN,RS,NJN,2066.0,,60,56,4
200711170NJN,RS,NJN,2066.0,,60,57,3
200711170NJN,RS,NJN,2100.0,,60,59,1
200711170NJN,RS,NJN,2113.4,,61,59,2
200711170NJN,RS,NJN,2155.2,,63,59,4
200711170NJN,RS,NJN,2159.5,,63,61,2
200711170NJN,RS,NJN,2175.0,,65,61,4
200711170NJN,RS,NJN,2213.0,,67,61,6
200711170NJN,RS,NJN,2245.0,,69,61,8
200711170NJN,RS,NJN,2330.0,,69,64,5
200711170NJN,RS,NJN,2346.0,,72,64,8
200711170NJN,RS,NJN,2390.0,,72,65,7
200711170NJN,RS,NJN,2390.0,,72,66,6
200711170NJN,RS,NJN,2440.0,,75,66,9
200711170NJN,RS,NJN,2466.0,,75,67,8
200711170NJN,RS,NJN,2490.0,,75,69,6
200711170NJN,RS,NJN,2506.0,,76,69,7
200711170NJN,RS,NJN,2506.0,,77,69,8
200711170NJN,RS,NJN,2542.0,,79,69,10
200711170NJN,RS,NJN,2553.0,,79,70,9
200711170NJN,RS,NJN,2553.0,,79,71,8
200711170NJN,RS,NJN,2567.0,,80,71,9
200711170NJN,RS,NJN,2577.0,,80,72,8
200711170NJN,RS,NJN,2577.0,,80,73,7
200711170NJN,RS,NJN,2601.0,,80,74,6
200711170NJN,RS,NJN,2610.0,,80,76,4
200711170NJN,RS,NJN,2632.0,,83,76,7
200711170NJN,RS,NJN,2645.0,,83,77,6
200711170NJN,RS,NJN,2645.0,,83,78,5
200711170NJN,RS,NJN,2668.0,,83,81,2
200711170NJN,RS,NJN,2736.0,,84,81,3
200711170NJN,RS,NJN,2736.0,,85,81,4
200711170NJN,RS,NJN,2750.0,,85,83,2
200711170NJN,RS,NJN,2766.0,,86,83,3
200711170NJN,RS,NJN,2766.0,,87,83,4
200711170NJN,RS,NJN,2820.0,,87,85,2
200711170NJN,RS,NJN,2865.5,,88,85,3
200711170NJN,RS,NJN,2865.5,,89,85,4
200711170NJN,RS,NJN,2868.6,,89,87,2
200711170NJN,RS,NJN,2879.5,F,91,87,4
200711170NJN,RS,NJN,2880.0,,91,87,4
200711210MIA,RS,ATL,0.0,,0,0,0
200711210MIA,RS,ATL,116.0,,2,0,2
200711210MIA,RS,ATL,178.0,T,2,2,0
200711210MIA,RS,ATL,178.0,LC,2,3,-1
200711210MIA,RS,ATL,205.0,LC,4,3,1
200711210MIA,RS,ATL,230.0,,7,3,4
200711210MIA,RS,ATL,259.0,,7,5,2
200711210MIA,RS,ATL,295.0,,9,5,4
200711210MIA,RS,ATL,321.0,,9,7,2
200711210MIA,RS,ATL,357.0,,10,7,3
200711210MIA,RS,ATL,357.0,,11,7,4
200711210MIA,RS,ATL,374.0,,11,9,2
200711210MIA,RS,ATL,416.0,,11,10,1
200711210MIA,RS,ATL,416.0,T,11,11,0
200711210MIA,RS,ATL,432.0,,14,11,3
200711210MIA,RS,ATL,448.0,,14,12,2
200711210MIA,RS,ATL,461.0,,16,12,4
200711210MIA,RS,ATL,461.0,,17,12,5
200711210MIA,RS,ATL,489.0,,20,12,8
200711210MIA,RS,ATL,503.0,,20,13,7
200711210MIA,RS,ATL,503.0,,20,14,6
200711210MIA,RS,ATL,525.0,,20,16,4
200711210MIA,RS,ATL,565.0,,22,16,6
200711210MIA,RS,ATL,641.0,,22,18,4
200711210MIA,RS,ATL,661.2,,22,21,1
200711210MIA,RS,ATL,678.6,,24,21,3
200711210MIA,RS,ATL,752.0,,26,21,5
200711210MIA,RS,ATL,778.0,,27,21,6
200711210MIA,RS,ATL,778.0,,28,21,7
200711210MIA,RS,ATL,801.0,,29,21,8
200711210MIA,RS,ATL,801.0,,30,21,9
200711210MIA,RS,ATL,834.0,,30,22,8
200711210MIA,RS,ATL,882.0,,30,23,7
200711210MIA,RS,ATL,905.0,,31,23,8
200711210MIA,RS,ATL,905.0,,32,23,9
200711210MIA,RS,ATL,958.0,,32,25,7
200711210MIA,RS,ATL,1021.0,,34,25,9
200711210MIA,RS,ATL,1054.0,,36,25,11
200711210MIA,RS,ATL,1112.0,,36,27,9
200711210MIA,RS,ATL,1199.0,,38,27,11
200711210MIA,RS,ATL,1208.0,,38,30,8
200711210MIA,RS,ATL,1221.0,,39,30,9
200711210MIA,RS,ATL,1230.0,,41,30,11
200711210MIA,RS,ATL,1282.0,,41,31,10
200711210MIA,RS,ATL,1282.0,,41,32,9
200711210MIA,RS,ATL,1306.0,,43,32,11
200711210MIA,RS,ATL,1332.0,,43,34,9
200711210MIA,RS,ATL,1364.0,,43,35,8
200711210MIA,RS,ATL,1376.0,,43,37,6
200711210MIA,RS,ATL,1457.0,,45,37,8
200711210MIA,RS,ATL,1475.0,,45,39,6
200711210MIA,RS,ATL,1489.0,,47,39,8
200711210MIA,RS,ATL,1531.0,,47,41,6
200711210MIA,RS,ATL,1549.0,,48,41,7
200711210MIA,RS,ATL,1549.0,,49,41,8
200711210MIA,RS,ATL,1594.0,,49,43,6
200711210MIA,RS,ATL,1677.0,,51,43,8
200711210MIA,RS,ATL,1694.0,,51,45,6
200711210MIA,RS,ATL,1709.0,,53,45,8
200711210MIA,RS,ATL,1741.0,,53,47,6
200711210MIA,RS,ATL,1757.0,,55,47,8
200711210MIA,RS,ATL,1790.0,,55,49,6
200711210MIA,RS,ATL,1807.0,,57,49,8
200711210MIA,RS,ATL,1829.0,,57,52,5
200711210MIA,RS,ATL,1849.0,,58,52,6
200711210MIA,RS,ATL,1871.0,,58,54,4
200711210MIA,RS,ATL,1996.0,,60,54,6
200711210MIA,RS,ATL,2016.0,,61,54,7
200711210MIA,RS,ATL,2016.0,,62,54,8
200711210MIA,RS,ATL,2068.0,,63,54,9
200711210MIA,RS,ATL,2068.0,,64,54,10
200711210MIA,RS,ATL,2092.0,,64,55,9
200711210MIA,RS,ATL,2092.0,,64,56,8
200711210MIA,RS,ATL,2109.0,,65,56,9
200711210MIA,RS,ATL,2109.0,,66,56,10
200711210MIA,RS,ATL,2180.0,,66,58,8
200711210MIA,RS,ATL,2201.0,,67,58,9
200711210MIA,RS,ATL,2229.0,,67,59,8
200711210MIA,RS,ATL,2229.0,,67,60,7
200711210MIA,RS,ATL,2246.0,,68,60,8
200711210MIA,RS,ATL,2246.0,,69,60,9
200711210MIA,RS,ATL,2296.0,,69,62,7
200711210MIA,RS,ATL,2330.0,,69,64,5
200711210MIA,RS,ATL,2371.0,,69,67,2
200711210MIA,RS,ATL,2417.0,T,69,69,0
200711210MIA,RS,ATL,2477.0,LC,69,70,-1
200711210MIA,RS,ATL,2477.0,,69,71,-2
200711210MIA,RS,ATL,2517.0,T,71,71,0
200711210MIA,RS,ATL,2542.0,LC,73,71,2
200711210MIA,RS,ATL,2669.0,LC,73,74,-1
200711210MIA,RS,ATL,2711.0,,73,75,-2
200711210MIA,RS,ATL,2711.0,,73,76,-3
200711210MIA,RS,ATL,2738.0,,74,76,-2
200711210MIA,RS,ATL,2762.0,,74,79,-5
200711210MIA,RS,ATL,2771.0,,75,79,-4
200711210MIA,RS,ATL,2771.0,,76,79,-3
200711210MIA,RS,ATL,2802.0,,78,79,-1
200711210MIA,RS,ATL,2809.0,,78,80,-2
200711210MIA,RS,ATL,2809.0,,78,81,-3
200711210MIA,RS,ATL,2819.0,,79,81,-2
200711210MIA,RS,ATL,2878.4,F,79,82,-3
200711210MIA,RS,ATL,2880.0,,79,82,-3
200711230MIA,RS,HOU,0.0,,0,0,0
200711230MIA,RS,HOU,20.0,,2,0,2
200711230MIA,RS,HOU,68.0,,4,0,4
200711230MIA,RS,HOU,95.0,,6,0,6
200711230MIA,RS,HOU,115.0,,6,2,4
200711230MIA,RS,HOU,172.0,,9,2,7
200711230MIA,RS,HOU,196.0,,9,4,5
200711230MIA,RS,HOU,224.0,,11,4,7
200711230MIA,RS,HOU,224.0,,12,4,8
200711230MIA,RS,HOU,253.0,,14,4,10
200711230MIA,RS,HOU,292.0,,15,4,11
200711230MIA,RS,HOU,317.0,,15,7,8
200711230MIA,RS,HOU,349.0,,15,9,6
200711230MIA,RS,HOU,363.0,,17,9,8
200711230MIA,RS,HOU,387.0,,17,11,6
200711230MIA,RS,HOU,413.0,,17,12,5
200711230MIA,RS,HOU,420.0,,17,14,3
200711230MIA,RS,HOU,431.0,,19,14,5
200711230MIA,RS,HOU,456.0,,19,16,3
200711230MIA,RS,HOU,518.0,,19,18,1
200711230MIA,RS,HOU,581.0,LC,19,20,-1
200711230MIA,RS,HOU,602.0,LC,21,20,1
200711230MIA,RS,HOU,618.0,T,21,21,0
200711230MIA,RS,HOU,618.0,LC,21,22,-1
200711230MIA,RS,HOU,631.0,LC,23,22,1
200711230MIA,RS,HOU,648.0,LC,23,24,-1
200711230MIA,RS,HOU,670.3,LC,25,24,1
200711230MIA,RS,HOU,708.4,,26,24,2
200711230MIA,RS,HOU,758.0,,28,24,4
200711230MIA,RS,HOU,774.0,,28,26,2
200711230MIA,RS,HOU,800.0,,30,26,4
200711230MIA,RS,HOU,830.0,,33,26,7
200711230MIA,RS,HOU,858.0,,33,28,5
200711230MIA,RS,HOU,877.0,,35,28,7
200711230MIA,RS,HOU,919.0,,35,30,5
200711230MIA,RS,HOU,949.0,,35,33,2
200711230MIA,RS,HOU,1021.0,,35,34,1
200711230MIA,RS,HOU,1021.0,T,35,35,0
200711230MIA,RS,HOU,1054.0,LC,35,37,-2
200711230MIA,RS,HOU,1077.0,T,37,37,0
200711230MIA,RS,HOU,1093.0,,37,39,-2
200711230MIA,RS,HOU,1111.0,T,39,39,0
200711230MIA,RS,HOU,1127.0,,39,40,-1
200711230MIA,RS,HOU,1147.0,LC,41,40,1
200711230MIA,RS,HOU,1165.0,LC,41,42,-1
200711230MIA,RS,HOU,1256.0,,41,43,-2
200711230MIA,RS,HOU,1256.0,,41,44,-3
200711230MIA,RS,HOU,1271.0,,43,44,-1
200711230MIA,RS,HOU,1271.0,T,44,44,0
200711230MIA,RS,HOU,1287.0,,44,46,-2
200711230MIA,RS,HOU,1311.0,T,46,46,0
200711230MIA,RS,HOU,1367.0,LC,47,46,1
200711230MIA,RS,HOU,1382.1,LC,47,48,-1
200711230MIA,RS,HOU,1418.4,LC,49,48,1
200711230MIA,RS,HOU,1418.4,,50,48,2
200711230MIA,RS,HOU,1435.7,,50,49,1
200711230MIA,RS,HOU,1465.0,,52,49,3
200711230MIA,RS,HOU,1483.0,,52,51,1
200711230MIA,RS,HOU,1498.0,,54,51,3
200711230MIA,RS,HOU,1520.0,,54,53,1
200711230MIA,RS,HOU,1537.0,,55,53,2
200711230MIA,RS,HOU,1537.0,,56,53,3
200711230MIA,RS,HOU,1553.0,T,56,56,0
200711230MIA,RS,HOU,1583.0,,58,56,2
200711230MIA,RS,HOU,1611.0,T,58,58,0
200711230MIA,RS,HOU,1637.0,,61,58,3
200711230MIA,RS,HOU,1649.0,,61,60,1
200711230MIA,RS,HOU,1692.0,,62,60,2
200711230MIA,RS,HOU,1692.0,,63,60,3
200711230MIA,RS,HOU,1707.0,,63,62,1
200711230MIA,RS,HOU,1723.0,,64,62,2
200711230MIA,RS,HOU,1747.0,,66,62,4
200711230MIA,RS,HOU,1768.0,,66,65,1
200711230MIA,RS,HOU,1891.0,,67,65,2
200711230MIA,RS,HOU,1915.0,,68,65,3
200711230MIA,RS,HOU,1936.0,,68,66,2
200711230MIA,RS,HOU,1957.0,,69,66,3
200711230MIA,RS,HOU,1957.0,,70,66,4
200711230MIA,RS,HOU,2037.0,,70,67,3
200711230MIA,RS,HOU,2117.9,,72,67,5
200711230MIA,RS,HOU,2159.4,,74,67,7
200711230MIA,RS,HOU,2174.0,,76,67,9
200711230MIA,RS,HOU,2221.0,,76,70,6
200711230MIA,RS,HOU,2247.0,,78,70,8
200711230MIA,RS,HOU,2282.0,,78,72,6
200711230MIA,RS,HOU,2311.0,,78,73,5
200711230MIA,RS,HOU,2324.0,,79,73,6
200711230MIA,RS,HOU,2324.0,,80,73,7
200711230MIA,RS,HOU,2354.0,,80,75,5
200711230MIA,RS,HOU,2385.0,,80,77,3
200711230MIA,RS,HOU,2440.0,,82,77,5
200711230MIA,RS,HOU,2465.0,,82,79,3
200711230MIA,RS,HOU,2475.0,,84,79,5
200711230MIA,RS,HOU,2475.0,,85,79,6
200711230MIA,RS,HOU,2521.0,,85,81,4
200711230MIA,RS,HOU,2542.0,,87,81,6
200711230MIA,RS,HOU,2556.0,,87,82,5
200711230MIA,RS,HOU,2584.0,,87,84,3
200711230MIA,RS,HOU,2600.0,,88,84,4
200711230MIA,RS,HOU,2691.0,,88,86,2
200711230MIA,RS,HOU,2707.0,,90,86,4
200711230MIA,RS,HOU,2719.0,,90,87,3
200711230MIA,RS,HOU,2734.0,,92,87,5
200711230MIA,RS,HOU,2734.0,,93,87,6
200711230MIA,RS,HOU,2808.0,,95,87,8
200711230MIA,RS,HOU,2815.0,,96,87,9
200711230MIA,RS,HOU,2833.2,,97,87,10
200711230MIA,RS,HOU,2845.9,,97,89,8
200711230MIA,RS,HOU,2851.0,,98,89,9
200711230MIA,RS,HOU,2857.9,F,98,91,7
200711230MIA,RS,HOU,2880.0,,98,91,7
200711240ORL,RS,ORL,0.0,,0,0,0
200711240ORL,RS,ORL,16.0,,2,0,2
200711240ORL,RS,ORL,59.0,,5,0,5
200711240ORL,RS,ORL,78.0,,5,1,4
200711240ORL,RS,ORL,109.0,,5,4,1
200711240ORL,RS,ORL,121.0,,6,4,2
200711240ORL,RS,ORL,141.0,LC,6,7,-1
200711240ORL,RS,ORL,174.0,,6,9,-3
200711240ORL,RS,ORL,184.0,,8,9,-1
200711240ORL,RS,ORL,217.0,LC,10,9,1
200711240ORL,RS,ORL,240.0,LC,10,11,-1
200711240ORL,RS,ORL,260.0,LC,12,11,1
200711240ORL,RS,ORL,288.0,,14,11,3
200711240ORL,RS,ORL,288.0,,15,11,4
200711240ORL,RS,ORL,300.0,,15,13,2
200711240ORL,RS,ORL,323.0,,17,13,4
200711240ORL,RS,ORL,337.0,,17,15,2
200711240ORL,RS,ORL,370.0,LC,17,18,-1
200711240ORL,RS,ORL,399.0,,17,20,-3
200711240ORL,RS,ORL,434.0,,17,22,-5
200711240ORL,RS,ORL,480.0,,19,22,-3
200711240ORL,RS,ORL,486.0,,19,23,-4
200711240ORL,RS,ORL,486.0,,19,24,-5
200711240ORL,RS,ORL,507.0,,19,26,-7
200711240ORL,RS,ORL,526.0,,22,26,-4
200711240ORL,RS,ORL,545.0,,22,28,-6
200711240ORL,RS,ORL,583.0,,22,30,-8
200711240ORL,RS,ORL,600.0,,24,30,-6
200711240ORL,RS,ORL,620.0,,24,32,-8
200711240ORL,RS,ORL,637.0,,26,32,-6
200711240ORL,RS,ORL,665.3,,28,32,-4
200711240ORL,RS,ORL,718.4,,28,34,-6
200711240ORL,RS,ORL,783.0,,28,37,-9
200711240ORL,RS,ORL,798.0,,29,37,-8
200711240ORL,RS,ORL,798.0,,30,37,-7
200711240ORL,RS,ORL,838.0,,31,37,-6
200711240ORL,RS,ORL,838.0,,32,37,-5
200711240ORL,RS,ORL,862.0,,32,39,-7
200711240ORL,RS,ORL,912.0,,32,41,-9
200711240ORL,RS,ORL,929.0,,35,41,-6
200711240ORL,RS,ORL,956.0,,35,43,-8
200711240ORL,RS,ORL,1009.0,,37,43,-6
200711240ORL,RS,ORL,1022.0,,37,45,-8
200711240ORL,RS,ORL,1084.0,,39,45,-6
200711240ORL,RS,ORL,1100.0,,41,45,-4
200711240ORL,RS,ORL,1127.0,,43,45,-2
200711240ORL,RS,ORL,1127.0,,44,45,-1
200711240ORL,RS,ORL,1141.0,,44,46,-2
200711240ORL,RS,ORL,1178.0,,45,46,-1
200711240ORL,RS,ORL,1193.0,,45,48,-3
200711240ORL,RS,ORL,1222.0,,45,50,-5
200711240ORL,RS,ORL,1251.0,,47,50,-3
200711240ORL,RS,ORL,1310.0,,47,52,-5
200711240ORL,RS,ORL,1353.0,,47,53,-6
200711240ORL,RS,ORL,1372.0,,47,55,-8
200711240ORL,RS,ORL,1410.0,,47,57,-10
200711240ORL,RS,ORL,1432.2,,49,57,-8
200711240ORL,RS,ORL,1439.4,,49,58,-9
200711240ORL,RS,ORL,1439.4,,49,59,-10
200711240ORL,RS,ORL,1459.0,,49,61,-12
200711240ORL,RS,ORL,1492.0,,51,61,-10
200711240ORL,RS,ORL,1510.0,,53,61,-8
200711240ORL,RS,ORL,1527.0,,53,63,-10
200711240ORL,RS,ORL,1527.0,,53,64,-11
200711240ORL,RS,ORL,1543.0,,55,64,-9
200711240ORL,RS,ORL,1586.0,,55,65,-10
200711240ORL,RS,ORL,1607.0,,58,65,-7
200711240ORL,RS,ORL,1619.0,,58,67,-9
200711240ORL,RS,ORL,1647.0,,58,69,-11
200711240ORL,RS,ORL,1692.0,,58,71,-13
200711240ORL,RS,ORL,1727.0,,58,73,-15
200711240ORL,RS,ORL,1773.0,,58,76,-18
200711240ORL,RS,ORL,1799.0,,59,76,-17
200711240ORL,RS,ORL,1799.0,,60,76,-16
200711240ORL,RS,ORL,1843.0,,62,76,-14
200711240ORL,RS,ORL,1864.0,,62,78,-16
200711240ORL,RS,ORL,1888.0,,62,79,-17
200711240ORL,RS,ORL,1888.0,,62,80,-18
200711240ORL,RS,ORL,1910.0,,64,80,-16
200711240ORL,RS,ORL,1976.0,,64,82,-18
200711240ORL,RS,ORL,1976.0,,64,83,-19
200711240ORL,RS,ORL,1990.0,,66,83,-17
200711240ORL,RS,ORL,1995.0,,66,84,-18
200711240ORL,RS,ORL,2012.0,,66,85,-19
200711240ORL,RS,ORL,2012.0,,66,86,-20
200711240ORL,RS,ORL,2030.0,,68,86,-18
200711240ORL,RS,ORL,2064.0,,69,86,-17
200711240ORL,RS,ORL,2089.0,,70,86,-16
200711240ORL,RS,ORL,2089.0,,71,86,-15
200711240ORL,RS,ORL,2107.0,,71,88,-17
200711240ORL,RS,ORL,2115.1,,73,88,-15
200711240ORL,RS,ORL,2119.0,,73,89,-16
200711240ORL,RS,ORL,2119.0,,73,90,-17
200711240ORL,RS,ORL,2119.0,,73,91,-18
200711240ORL,RS,ORL,2134.2,,76,91,-15
200711240ORL,RS,ORL,2173.0,,78,91,-13
200711240ORL,RS,ORL,2195.0,,78,92,-14
200711240ORL,RS,ORL,2207.0,,78,95,-17
200711240ORL,RS,ORL,2228.0,,80,95,-15
200711240ORL,RS,ORL,2228.0,,81,95,-14
200711240ORL,RS,ORL,2244.0,,81,97,-16
200711240ORL,RS,ORL,2270.0,,82,97,-15
200711240ORL,RS,ORL,2270.0,,83,97,-14
200711240ORL,RS,ORL,2295.0,,83,100,-17
200711240ORL,RS,ORL,2316.0,,85,100,-15
200711240ORL,RS,ORL,2316.0,,86,100,-14
200711240ORL,RS,ORL,2343.0,,88,100,-12
200711240ORL,RS,ORL,2379.0,,88,102,-14
200711240ORL,RS,ORL,2459.0,,88,103,-15
200711240ORL,RS,ORL,2459.0,,88,104,-16
200711240ORL,RS,ORL,2494.0,,90,104,-14
200711240ORL,RS,ORL,2516.0,,90,106,-16
200711240ORL,RS,ORL,2525.0,,91,106,-15
200711240ORL,RS,ORL,2525.0,,92,106,-14
200711240ORL,RS,ORL,2553.0,,93,106,-13
200711240ORL,RS,ORL,2567.0,,93,108,-15
200711240ORL,RS,ORL,2583.0,,95,108,-13
200711240ORL,RS,ORL,2603.0,,95,111,-16
200711240ORL,RS,ORL,2618.0,,97,111,-14
200711240ORL,RS,ORL,2680.0,,97,113,-16
200711240ORL,RS,ORL,2680.0,,97,114,-17
200711240ORL,RS,ORL,2732.0,,97,115,-18
200711240ORL,RS,ORL,2732.0,,97,116,-19
200711240ORL,RS,ORL,2780.0,,99,116,-17
200711240ORL,RS,ORL,2804.0,,99,117,-18
200711240ORL,RS,ORL,2804.0,,99,118,-19
200711240ORL,RS,ORL,2831.5,,99,119,-20
200711240ORL,RS,ORL,2831.5,F,99,120,-21
200711240ORL,RS,ORL,2880.0,,99,120,-21
200711270MIA,RS,CHA,0.0,,0,0,0
200711270MIA,RS,CHA,14.0,,1,0,1
200711270MIA,RS,CHA,14.0,,2,0,2
200711270MIA,RS,CHA,28.0,,2,1,1
200711270MIA,RS,CHA,61.0,,4,1,3
200711270MIA,RS,CHA,79.0,T,4,4,0
200711270MIA,RS,CHA,102.0,LC,4,6,-2
200711270MIA,RS,CHA,197.0,T,6,6,0
200711270MIA,RS,CHA,206.0,,6,8,-2
200711270MIA,RS,CHA,223.0,T,8,8,0
200711270MIA,RS,CHA,276.0,LC,10,8,2
200711270MIA,RS,CHA,330.0,,13,8,5
200711270MIA,RS,CHA,373.0,,14,8,6
200711270MIA,RS,CHA,424.0,,16,8,8
200711270MIA,RS,CHA,480.0,,16,10,6
200711270MIA,RS,CHA,509.0,,16,12,4
200711270MIA,RS,CHA,532.0,,16,14,2
200711270MIA,RS,CHA,532.0,,16,15,1
200711270MIA,RS,CHA,578.0,,18,15,3
200711270MIA,RS,CHA,618.0,,20,15,5
200711270MIA,RS,CHA,669.1,,21,15,6
200711270MIA,RS,CHA,691.4,,23,15,8
200711270MIA,RS,CHA,732.0,,23,16,7
200711270MIA,RS,CHA,754.0,,25,16,9
200711270MIA,RS,CHA,779.0,,25,18,7
200711270MIA,RS,CHA,794.0,,27,18,9
200711270MIA,RS,CHA,849.0,,30,18,12
200711270MIA,RS,CHA,862.0,,30,20,10
200711270MIA,RS,CHA,878.0,,32,20,12
200711270MIA,RS,CHA,914.0,,32,22,10
200711270MIA,RS,CHA,942.0,,32,24,8
200711270MIA,RS,CHA,969.0,,32,25,7
200711270MIA,RS,CHA,992.0,,33,25,8
200711270MIA,RS,CHA,992.0,,34,25,9
200711270MIA,RS,CHA,992.0,,35,25,10
200711270MIA,RS,CHA,1046.0,,35,27,8
200711270MIA,RS,CHA,1073.0,,36,27,9
200711270MIA,RS,CHA,1083.0,,38,27,11
200711270MIA,RS,CHA,1084.0,,38,28,10
200711270MIA,RS,CHA,1103.0,,38,30,8
200711270MIA,RS,CHA,1125.0,,40,30,10
200711270MIA,RS,CHA,1152.0,,42,30,12
200711270MIA,RS,CHA,1157.0,,42,31,11
200711270MIA,RS,CHA,1157.0,,42,32,10
200711270MIA,RS,CHA,1186.0,,42,34,8
200711270MIA,RS,CHA,1211.0,,42,36,6
200711270MIA,RS,CHA,1226.0,,44,36,8
200711270MIA,RS,CHA,1226.0,,45,36,9
200711270MIA,RS,CHA,1268.0,,47,36,11
200711270MIA,RS,CHA,1283.0,,47,38,9
200711270MIA,RS,CHA,1306.0,,49,38,11
200711270MIA,RS,CHA,1355.0,,50,38,12
200711270MIA,RS,CHA,1380.0,,50,41,9
200711270MIA,RS,CHA,1395.3,,53,41,12
200711270MIA,RS,CHA,1414.4,,55,41,14
200711270MIA,RS,CHA,1438.1,,55,43,12
200711270MIA,RS,CHA,1456.0,,55,45,10
200711270MIA,RS,CHA,1471.0,,56,45,11
200711270MIA,RS,CHA,1471.0,,57,45,12
200711270MIA,RS,CHA,1534.0,,59,45,14
200711270MIA,RS,CHA,1554.0,,59,46,13
200711270MIA,RS,CHA,1554.0,,59,47,12
200711270MIA,RS,CHA,1571.0,,61,47,14
200711270MIA,RS,CHA,1591.0,,61,50,11
200711270MIA,RS,CHA,1620.0,,61,52,9
200711270MIA,RS,CHA,1669.0,,62,52,10
200711270MIA,RS,CHA,1669.0,,63,52,11
200711270MIA,RS,CHA,1707.0,,63,54,9
200711270MIA,RS,CHA,1725.0,,65,54,11
200711270MIA,RS,CHA,1758.0,,67,54,13
200711270MIA,RS,CHA,1794.0,,69,54,15
200711270MIA,RS,CHA,1826.0,,69,56,13
200711270MIA,RS,CHA,1848.0,,69,58,11
200711270MIA,RS,CHA,1848.0,,69,59,10
200711270MIA,RS,CHA,1912.0,,71,59,12
200711270MIA,RS,CHA,1991.0,,73,59,14
200711270MIA,RS,CHA,2005.0,,73,60,13
200711270MIA,RS,CHA,2018.0,,75,60,15
200711270MIA,RS,CHA,2041.0,,75,62,13
200711270MIA,RS,CHA,2061.0,,78,62,16
200711270MIA,RS,CHA,2088.0,,80,62,18
200711270MIA,RS,CHA,2112.8,,81,62,19
200711270MIA,RS,CHA,2112.8,,82,62,20
200711270MIA,RS,CHA,2131.1,,83,62,21
200711270MIA,RS,CHA,2131.1,,84,62,22
200711270MIA,RS,CHA,2158.0,,86,62,24
200711270MIA,RS,CHA,2174.0,,88,62,26
200711270MIA,RS,CHA,2206.0,,90,62,28
200711270MIA,RS,CHA,2219.0,,90,64,26
200711270MIA,RS,CHA,2238.0,,93,64,29
200711270MIA,RS,CHA,2263.0,,93,66,27
200711270MIA,RS,CHA,2263.0,,93,67,26
200711270MIA,RS,CHA,2263.0,,93,68,25
200711270MIA,RS,CHA,2286.0,,94,68,26
200711270MIA,RS,CHA,2318.0,,94,70,24
200711270MIA,RS,CHA,2360.0,,94,71,23
200711270MIA,RS,CHA,2360.0,,94,72,22
200711270MIA,RS,CHA,2398.0,,95,72,23
200711270MIA,RS,CHA,2398.0,,96,72,24
200711270MIA,RS,CHA,2419.0,,96,74,22
200711270MIA,RS,CHA,2463.0,,96,76,20
200711270MIA,RS,CHA,2475.0,,97,76,21
200711270MIA,RS,CHA,2475.0,,98,76,22
200711270MIA,RS,CHA,2511.0,,100,76,24
200711270MIA,RS,CHA,2522.0,,100,77,23
200711270MIA,RS,CHA,2554.0,,102,77,25
200711270MIA,RS,CHA,2587.0,,104,77,27
200711270MIA,RS,CHA,2612.0,,104,79,25
200711270MIA,RS,CHA,2630.0,,105,79,26
200711270MIA,RS,CHA,2630.0,,106,79,27
200711270MIA,RS,CHA,2653.0,,106,81,25
200711270MIA,RS,CHA,2705.0,,108,81,27
200711270MIA,RS,CHA,2737.0,,108,84,24
200711270MIA,RS,CHA,2761.0,,108,85,23
200711270MIA,RS,CHA,2780.0,,110,85,25
200711270MIA,RS,CHA,2796.0,,110,86,24
200711270MIA,RS,CHA,2821.5,,110,88,22
200711270MIA,RS,CHA,2847.1,F,110,90,20
200711270MIA,RS,CHA,2880.0,,110,90,20
200711300MIA,RS,BOS,0.0,,0,0,0
200711300MIA,RS,BOS,25.0,,2,0,2
200711300MIA,RS,BOS,37.0,LC,2,3,-1
200711300MIA,RS,BOS,90.0,LC,4,3,1
200711300MIA,RS,BOS,139.0,,6,3,3
200711300MIA,RS,BOS,181.0,,6,4,2
200711300MIA,RS,BOS,195.0,LC,6,7,-1
200711300MIA,RS,BOS,216.0,LC,8,7,1
200711300MIA,RS,BOS,255.0,LC,8,10,-2
200711300MIA,RS,BOS,268.0,T,10,10,0
200711300MIA,RS,BOS,283.0,,10,12,-2
200711300MIA,RS,BOS,345.0,T,12,12,0
200711300MIA,RS,BOS,372.0,LC,14,12,2
200711300MIA,RS,BOS,391.0,T,14,14,0
200711300MIA,RS,BOS,451.0,LC,14,16,-2
200711300MIA,RS,BOS,481.0,T,16,16,0
200711300MIA,RS,BOS,493.0,,16,17,-1
200711300MIA,RS,BOS,493.0,,16,18,-2
200711300MIA,RS,BOS,524.0,,17,18,-1
200711300MIA,RS,BOS,551.0,,17,20,-3
200711300MIA,RS,BOS,551.0,,17,21,-4
200711300MIA,RS,BOS,570.0,,19,21,-2
200711300MIA,RS,BOS,584.0,,19,24,-5
200711300MIA,RS,BOS,635.0,,21,24,-3
200711300MIA,RS,BOS,650.0,,21,25,-4
200711300MIA,RS,BOS,650.0,,21,26,-5
200711300MIA,RS,BOS,669.1,,24,26,-2
200711300MIA,RS,BOS,689.9,,24,29,-5
200711300MIA,RS,BOS,703.6,,25,29,-4
200711300MIA,RS,BOS,717.4,,25,30,-5
200711300MIA,RS,BOS,717.4,,25,31,-6
200711300MIA,RS,BOS,732.0,,25,33,-8
200711300MIA,RS,BOS,841.0,,26,33,-7
200711300MIA,RS,BOS,856.0,,26,35,-9
200711300MIA,RS,BOS,896.0,,26,38,-12
200711300MIA,RS,BOS,924.0,,26,39,-13
200711300MIA,RS,BOS,924.0,,26,40,-14
200711300MIA,RS,BOS,997.0,,28,40,-12
200711300MIA,RS,BOS,1015.0,,28,42,-14
200711300MIA,RS,BOS,1026.0,,30,42,-12
200711300MIA,RS,BOS,1043.0,,33,42,-9
200711300MIA,RS,BOS,1063.0,,33,45,-12
200711300MIA,RS,BOS,1117.0,,36,45,-9
200711300MIA,RS,BOS,1141.0,,36,48,-12
200711300MIA,RS,BOS,1192.0,,36,50,-14
200711300MIA,RS,BOS,1221.0,,36,51,-15
200711300MIA,RS,BOS,1221.0,,36,52,-16
200711300MIA,RS,BOS,1279.0,,36,54,-18
200711300MIA,RS,BOS,1316.0,,36,55,-19
200711300MIA,RS,BOS,1316.0,,36,56,-20
200711300MIA,RS,BOS,1346.0,,36,57,-21
200711300MIA,RS,BOS,1355.0,,37,57,-20
200711300MIA,RS,BOS,1394.3,,38,57,-19
200711300MIA,RS,BOS,1394.3,,39,57,-18
200711300MIA,RS,BOS,1400.9,,39,58,-19
200711300MIA,RS,BOS,1400.9,,39,59,-20
200711300MIA,RS,BOS,1410.8,,40,59,-19
200711300MIA,RS,BOS,1410.8,,41,59,-18
200711300MIA,RS,BOS,1456.0,,41,61,-20
200711300MIA,RS,BOS,1503.0,,41,63,-22
200711300MIA,RS,BOS,1524.0,,44,63,-19
200711300MIA,RS,BOS,1548.0,,44,65,-21
200711300MIA,RS,BOS,1569.0,,46,65,-19
200711300MIA,RS,BOS,1605.0,,46,68,-22
200711300MIA,RS,BOS,1631.0,,46,71,-25
200711300MIA,RS,BOS,1651.0,,48,71,-23
200711300MIA,RS,BOS,1807.0,,51,71,-20
200711300MIA,RS,BOS,1841.0,,51,73,-22
200711300MIA,RS,BOS,1933.0,,51,74,-23
200711300MIA,RS,BOS,1981.0,,51,76,-25
200711300MIA,RS,BOS,2003.0,,52,76,-24
200711300MIA,RS,BOS,2003.0,,53,76,-23
200711300MIA,RS,BOS,2017.0,,53,78,-25
200711300MIA,RS,BOS,2052.0,,53,80,-27
200711300MIA,RS,BOS,2092.0,,53,81,-28
200711300MIA,RS,BOS,2102.6,,55,81,-26
200711300MIA,RS,BOS,2113.5,,55,82,-27
200711300MIA,RS,BOS,2113.5,,55,83,-28
200711300MIA,RS,BOS,2121.5,,58,83,-25
200711300MIA,RS,BOS,2139.2,,61,83,-22
200711300MIA,RS,BOS,2171.0,,64,83,-19
200711300MIA,RS,BOS,2206.0,,67,83,-16
200711300MIA,RS,BOS,2259.0,,69,83,-14
200711300MIA,RS,BOS,2289.0,,70,83,-13
200711300MIA,RS,BOS,2300.0,,70,84,-14
200711300MIA,RS,BOS,2340.0,,72,84,-12
200711300MIA,RS,BOS,2501.0,,72,86,-14
200711300MIA,RS,BOS,2514.0,,74,86,-12
200711300MIA,RS,BOS,2607.0,,76,86,-10
200711300MIA,RS,BOS,2646.0,,79,86,-7
200711300MIA,RS,BOS,2667.0,,79,88,-9
200711300MIA,RS,BOS,2725.0,,81,88,-7
200711300MIA,RS,BOS,2746.0,,81,89,-8
200711300MIA,RS,BOS,2746.0,,81,90,-9
200711300MIA,RS,BOS,2766.0,,83,90,-7
200711300MIA,RS,BOS,2779.0,,83,91,-8
200711300MIA,RS,BOS,2828.6,,83,92,-9
200711300MIA,RS,BOS,2828.6,,83,93,-10
200711300MIA,RS,BOS,2857.5,,83,95,-12
200711300MIA,RS,BOS,2872.1,F,85,95,-10
200711300MIA,RS,BOS,2880.0,,85,95,-10
200712020DEN,RS,DEN,0.0,,0,0,0
200712020DEN,RS,DEN,29.0,,0,2,-2
200712020DEN,RS,DEN,67.0,,0,4,-4
200712020DEN,RS,DEN,89.0,,2,4,-2
200712020DEN,RS,DEN,96.0,,2,6,-4
200712020DEN,RS,DEN,112.0,,2,8,-6
200712020DEN,RS,DEN,125.0,,2,10,-8
200712020DEN,RS,DEN,140.0,,3,10,-7
200712020DEN,RS,DEN,154.0,,3,12,-9
200712020DEN,RS,DEN,189.0,,4,12,-8
200712020DEN,RS,DEN,203.0,,4,14,-10
200712020DEN,RS,DEN,227.0,,4,16,-12
200712020DEN,RS,DEN,244.0,,6,16,-10
200712020DEN,RS,DEN,279.0,,8,16,-8
200712020DEN,RS,DEN,310.0,,8,18,-10
200712020DEN,RS,DEN,358.0,,8,19,-11
200712020DEN,RS,DEN,378.0,,8,21,-13
200712020DEN,RS,DEN,400.0,,8,23,-15
200712020DEN,RS,DEN,438.0,,10,23,-13
200712020DEN,RS,DEN,461.0,,10,24,-14
200712020DEN,RS,DEN,461.0,,10,25,-15
200712020DEN,RS,DEN,477.0,,12,25,-13
200712020DEN,RS,DEN,521.0,,12,27,-15
200712020DEN,RS,DEN,522.0,,13,27,-14
200712020DEN,RS,DEN,534.0,,15,27,-12
200712020DEN,RS,DEN,545.0,,15,29,-14
200712020DEN,RS,DEN,545.0,,15,30,-15
200712020DEN,RS,DEN,569.0,,17,30,-13
200712020DEN,RS,DEN,587.0,,17,33,-16
200712020DEN,RS,DEN,618.0,,17,35,-18
200712020DEN,RS,DEN,649.0,,17,36,-19
200712020DEN,RS,DEN,649.0,,17,37,-20
200712020DEN,RS,DEN,738.0,,17,40,-23
200712020DEN,RS,DEN,767.0,,19,40,-21
200712020DEN,RS,DEN,781.0,,19,42,-23
200712020DEN,RS,DEN,811.0,,21,42,-21
200712020DEN,RS,DEN,839.0,,23,42,-19
200712020DEN,RS,DEN,846.0,,23,44,-21
200712020DEN,RS,DEN,876.0,,24,44,-20
200712020DEN,RS,DEN,876.0,,25,44,-19
200712020DEN,RS,DEN,898.0,,27,44,-17
200712020DEN,RS,DEN,962.0,,27,46,-19
200712020DEN,RS,DEN,976.0,,27,48,-21
200712020DEN,RS,DEN,994.0,,30,48,-18
200712020DEN,RS,DEN,1049.0,,30,50,-20
200712020DEN,RS,DEN,1049.0,,30,51,-21
200712020DEN,RS,DEN,1084.0,,30,53,-23
200712020DEN,RS,DEN,1103.0,,30,55,-25
200712020DEN,RS,DEN,1161.0,,31,55,-24
200712020DEN,RS,DEN,1161.0,,32,55,-23
200712020DEN,RS,DEN,1184.0,,33,55,-22
200712020DEN,RS,DEN,1184.0,,34,55,-21
200712020DEN,RS,DEN,1209.0,,34,57,-23
200712020DEN,RS,DEN,1217.0,,36,57,-21
200712020DEN,RS,DEN,1252.0,,38,57,-19
200712020DEN,RS,DEN,1308.0,,40,57,-17
200712020DEN,RS,DEN,1349.0,,42,57,-15
200712020DEN,RS,DEN,1366.0,,42,59,-17
200712020DEN,RS,DEN,1474.0,,44,59,-15
200712020DEN,RS,DEN,1522.0,,44,61,-17
200712020DEN,RS,DEN,1533.0,,47,61,-14
200712020DEN,RS,DEN,1563.0,,49,61,-12
200712020DEN,RS,DEN,1581.0,,49,63,-14
200712020DEN,RS,DEN,1608.0,,49,65,-16
200712020DEN,RS,DEN,1625.0,,51,65,-14
200712020DEN,RS,DEN,1635.0,,51,66,-15
200712020DEN,RS,DEN,1671.0,,51,68,-17
200712020DEN,RS,DEN,1688.0,,51,70,-19
200712020DEN,RS,DEN,1688.0,,51,71,-20
200712020DEN,RS,DEN,1700.0,,53,71,-18
200712020DEN,RS,DEN,1708.0,,53,73,-20
200712020DEN,RS,DEN,1747.0,,53,76,-23
200712020DEN,RS,DEN,1760.0,,53,78,-25
200712020DEN,RS,DEN,1760.0,,53,79,-26
200712020DEN,RS,DEN,1774.0,,54,79,-25
200712020DEN,RS,DEN,1774.0,,55,79,-24
200712020DEN,RS,DEN,1816.0,,57,79,-22
200712020DEN,RS,DEN,1826.0,,57,81,-24
200712020DEN,RS,DEN,1841.0,,58,81,-23
200712020DEN,RS,DEN,1895.0,,59,81,-22
200712020DEN,RS,DEN,1902.0,,59,82,-23
200712020DEN,RS,DEN,1939.0,,59,85,-26
200712020DEN,RS,DEN,1956.0,,61,85,-24
200712020DEN,RS,DEN,1988.0,,61,86,-25
200712020DEN,RS,DEN,1988.0,,61,87,-26
200712020DEN,RS,DEN,2051.0,,61,88,-27
200712020DEN,RS,DEN,2051.0,,61,89,-28
200712020DEN,RS,DEN,2064.0,,63,89,-26
200712020DEN,RS,DEN,2064.0,,64,89,-25
200712020DEN,RS,DEN,2159.4,,64,92,-28
200712020DEN,RS,DEN,2193.0,,64,94,-30
200712020DEN,RS,DEN,2209.0,,67,94,-27
200712020DEN,RS,DEN,2246.0,,67,96,-29
200712020DEN,RS,DEN,2265.0,,68,96,-28
200712020DEN,RS,DEN,2265.0,,69,96,-27
200712020DEN,RS,DEN,2281.0,,69,98,-29
200712020DEN,RS,DEN,2316.0,,69,101,-32
200712020DEN,RS,DEN,2341.0,,70,101,-31
200712020DEN,RS,DEN,2358.0,,70,103,-33
200712020DEN,RS,DEN,2380.0,,72,103,-31
200712020DEN,RS,DEN,2441.0,,72,105,-33
200712020DEN,RS,DEN,2453.0,,75,105,-30
200712020DEN,RS,DEN,2470.0,,75,106,-31
200712020DEN,RS,DEN,2489.0,,77,106,-29
200712020DEN,RS,DEN,2506.0,,79,106,-27
200712020DEN,RS,DEN,2516.0,,79,108,-29
200712020DEN,RS,DEN,2538.0,,81,108,-27
200712020DEN,RS,DEN,2550.0,,81,110,-29
200712020DEN,RS,DEN,2574.0,,81,111,-30
200712020DEN,RS,DEN,2574.0,,81,112,-31
200712020DEN,RS,DEN,2589.0,,82,112,-30
200712020DEN,RS,DEN,2603.0,,82,114,-32
200712020DEN,RS,DEN,2685.0,,83,114,-31
200712020DEN,RS,DEN,2685.0,,84,114,-30
200712020DEN,RS,DEN,2706.0,,85,114,-29
200712020DEN,RS,DEN,2802.0,,85,115,-30
200712020DEN,RS,DEN,2819.0,,86,115,-29
200712020DEN,RS,DEN,2819.0,,87,115,-28
200712020DEN,RS,DEN,2845.8,,88,115,-27
200712020DEN,RS,DEN,2845.8,F,89,115,-26
200712020DEN,RS,DEN,2880.0,,89,115,-26
200712030UTA,RS,UTA,0.0,,0,0,0
200712030UTA,RS,UTA,15.0,,1,0,1
200712030UTA,RS,UTA,33.0,LC,1,3,-2
200712030UTA,RS,UTA,54.0,T,3,3,0
200712030UTA,RS,UTA,60.0,,3,5,-2
200712030UTA,RS,UTA,90.0,LC,6,5,1
200712030UTA,RS,UTA,113.0,LC,6,7,-1
200712030UTA,RS,UTA,130.0,LC,8,7,1
200712030UTA,RS,UTA,159.0,,10,7,3
200712030UTA,RS,UTA,183.0,,12,7,5
200712030UTA,RS,UTA,203.0,,12,8,4
200712030UTA,RS,UTA,224.0,,14,8,6
200712030UTA,RS,UTA,236.0,,14,10,4
200712030UTA,RS,UTA,246.0,,15,10,5
200712030UTA,RS,UTA,302.0,,15,12,3
200712030UTA,RS,UTA,320.0,,17,12,5
200712030UTA,RS,UTA,335.0,,17,14,3
200712030UTA,RS,UTA,350.0,,19,14,5
200712030UTA,RS,UTA,358.0,,19,16,3
200712030UTA,RS,UTA,378.0,,22,16,6
200712030UTA,RS,UTA,405.0,,24,16,8
200712030UTA,RS,UTA,419.0,,24,17,7
200712030UTA,RS,UTA,438.0,,24,19,5
200712030UTA,RS,UTA,456.0,,26,19,7
200712030UTA,RS,UTA,477.0,,26,21,5
200712030UTA,RS,UTA,477.0,,26,22,4
200712030UTA,RS,UTA,499.0,,26,24,2
200712030UTA,RS,UTA,529.0,LC,26,27,-1
200712030UTA,RS,UTA,549.0,LC,28,27,1
200712030UTA,RS,UTA,604.0,LC,28,29,-1
200712030UTA,RS,UTA,678.4,T,29,29,0
200712030UTA,RS,UTA,690.5,,29,31,-2
200712030UTA,RS,UTA,711.1,LC,32,31,1
200712030UTA,RS,UTA,745.0,LC,32,33,-1
200712030UTA,RS,UTA,763.0,LC,34,33,1
200712030UTA,RS,UTA,807.0,,36,33,3
200712030UTA,RS,UTA,866.0,,38,33,5
200712030UTA,RS,UTA,879.0,,38,35,3
200712030UTA,RS,UTA,921.0,,40,35,5
200712030UTA,RS,UTA,979.0,,40,38,2
200712030UTA,RS,UTA,1008.0,T,40,40,0
200712030UTA,RS,UTA,1025.0,,42,40,2
200712030UTA,RS,UTA,1075.0,,45,40,5
200712030UTA,RS,UTA,1093.0,,45,42,3
200712030UTA,RS,UTA,1181.0,,46,42,4
200712030UTA,RS,UTA,1181.0,,47,42,5
200712030UTA,RS,UTA,1215.0,,47,43,4
200712030UTA,RS,UTA,1215.0,,47,44,3
200712030UTA,RS,UTA,1227.0,,49,44,5
200712030UTA,RS,UTA,1245.0,,49,46,3
200712030UTA,RS,UTA,1285.0,,49,48,1
200712030UTA,RS,UTA,1304.0,LC,49,50,-1
200712030UTA,RS,UTA,1324.0,,49,52,-3
200712030UTA,RS,UTA,1361.0,,51,52,-1
200712030UTA,RS,UTA,1418.1,LC,53,52,1
200712030UTA,RS,UTA,1473.0,,54,52,2
200712030UTA,RS,UTA,1526.0,,56,52,4
200712030UTA,RS,UTA,1535.0,,56,54,2
200712030UTA,RS,UTA,1564.0,T,56,56,0
200712030UTA,RS,UTA,1584.0,,58,56,2
200712030UTA,RS,UTA,1599.0,,58,57,1
200712030UTA,RS,UTA,1599.0,T,58,58,0
200712030UTA,RS,UTA,1612.0,,60,58,2
200712030UTA,RS,UTA,1633.0,LC,60,61,-1
200712030UTA,RS,UTA,1658.0,LC,63,61,2
200712030UTA,RS,UTA,1684.0,T,63,63,0
200712030UTA,RS,UTA,1776.0,LC,63,65,-2
200712030UTA,RS,UTA,1776.0,,63,66,-3
200712030UTA,RS,UTA,1811.0,,63,67,-4
200712030UTA,RS,UTA,1866.0,,63,69,-6
200712030UTA,RS,UTA,1906.0,,63,72,-9
200712030UTA,RS,UTA,1943.0,,63,73,-10
200712030UTA,RS,UTA,1943.0,,63,74,-11
200712030UTA,RS,UTA,1954.0,,64,74,-10
200712030UTA,RS,UTA,1954.0,,65,74,-9
200712030UTA,RS,UTA,1983.0,,67,74,-7
200712030UTA,RS,UTA,2037.0,,69,74,-5
200712030UTA,RS,UTA,2113.1,,71,74,-3
200712030UTA,RS,UTA,2191.0,,71,76,-5
200712030UTA,RS,UTA,2191.0,,71,77,-6
200712030UTA,RS,UTA,2221.0,,72,77,-5
200712030UTA,RS,UTA,2221.0,,73,77,-4
200712030UTA,RS,UTA,2234.0,,73,79,-6
200712030UTA,RS,UTA,2259.0,,75,79,-4
200712030UTA,RS,UTA,2301.0,,75,81,-6
200712030UTA,RS,UTA,2319.0,,77,81,-4
200712030UTA,RS,UTA,2374.0,,79,81,-2
200712030UTA,RS,UTA,2374.0,,80,81,-1
200712030UTA,RS,UTA,2396.0,,80,83,-3
200712030UTA,RS,UTA,2421.0,,82,83,-1
200712030UTA,RS,UTA,2463.0,,82,85,-3
200712030UTA,RS,UTA,2486.0,,84,85,-1
200712030UTA,RS,UTA,2506.0,LC,86,85,1
200712030UTA,RS,UTA,2506.0,,87,85,2
200712030UTA,RS,UTA,2516.0,T,87,87,0
200712030UTA,RS,UTA,2529.0,,89,87,2
200712030UTA,RS,UTA,2543.0,T,89,89,0
200712030UTA,RS,UTA,2568.0,LC,89,91,-2
200712030UTA,RS,UTA,2592.0,,90,91,-1
200712030UTA,RS,UTA,2608.0,,90,93,-3
200712030UTA,RS,UTA,2638.0,,90,94,-4
200712030UTA,RS,UTA,2656.0,,91,94,-3
200712030UTA,RS,UTA,2656.0,,92,94,-2
200712030UTA,RS,UTA,2667.0,,92,96,-4
200712030UTA,RS,UTA,2710.0,,92,97,-5
200712030UTA,RS,UTA,2710.0,,92,98,-6
200712030UTA,RS,UTA,2757.0,,92,100,-8
200712030UTA,RS,UTA,2781.0,,94,100,-6
200712030UTA,RS,UTA,2801.0,,94,103,-9
200712030UTA,RS,UTA,2811.0,,96,103,-7
200712030UTA,RS,UTA,2819.0,,96,105,-9
200712030UTA,RS,UTA,2822.5,,97,105,-8
200712030UTA,RS,UTA,2823.4,,97,106,-9
200712030UTA,RS,UTA,2823.4,,97,107,-10
200712030UTA,RS,UTA,2831.4,,99,107,-8
200712030UTA,RS,UTA,2841.4,,99,108,-9
200712030UTA,RS,UTA,2851.3,,99,109,-10
200712030UTA,RS,UTA,2851.3,,99,110,-11
200712030UTA,RS,UTA,2859.7,F,101,110,-9
200712030UTA,RS,UTA,2880.0,,101,110,-9
200712060POR,RS,POR,0.0,,0,0,0
200712060POR,RS,POR,67.0,,0,2,-2
200712060POR,RS,POR,92.0,T,2,2,0
200712060POR,RS,POR,111.0,,2,4,-2
200712060POR,RS,POR,122.0,,3,4,-1
200712060POR,RS,POR,150.0,LC,5,4,1
200712060POR,RS,POR,185.0,,7,4,3
200712060POR,RS,POR,199.0,,8,4,4
200712060POR,RS,POR,223.0,,8,6,2
200712060POR,RS,POR,248.0,,10,6,4
200712060POR,RS,POR,267.0,,10,8,2
200712060POR,RS,POR,284.0,,12,8,4
200712060POR,RS,POR,284.0,,13,8,5
200712060POR,RS,POR,297.0,,13,10,3
200712060POR,RS,POR,341.0,T,13,13,0
200712060POR,RS,POR,370.0,LC,13,15,-2
200712060POR,RS,POR,388.0,LC,16,15,1
200712060POR,RS,POR,422.0,LC,16,17,-1
200712060POR,RS,POR,455.0,,16,18,-2
200712060POR,RS,POR,479.0,,16,20,-4
200712060POR,RS,POR,496.0,,18,20,-2
200712060POR,RS,POR,521.0,,18,22,-4
200712060POR,RS,POR,583.0,,18,24,-6
200712060POR,RS,POR,606.0,,19,24,-5
200712060POR,RS,POR,606.0,,20,24,-4
200712060POR,RS,POR,616.0,,20,25,-5
200712060POR,RS,POR,616.0,,20,26,-6
200712060POR,RS,POR,630.0,,22,26,-4
200712060POR,RS,POR,645.0,,23,26,-3
200712060POR,RS,POR,659.0,,23,28,-5
200712060POR,RS,POR,669.9,,24,28,-4
200712060POR,RS,POR,669.9,,25,28,-3
200712060POR,RS,POR,714.1,,25,30,-5
200712060POR,RS,POR,738.0,,25,32,-7
200712060POR,RS,POR,764.0,,27,32,-5
200712060POR,RS,POR,809.0,,27,34,-7
200712060POR,RS,POR,828.0,,29,34,-5
200712060POR,RS,POR,849.0,,29,37,-8
200712060POR,RS,POR,881.0,,29,39,-10
200712060POR,RS,POR,901.0,,32,39,-7
200712060POR,RS,POR,941.0,,32,41,-9
200712060POR,RS,POR,983.0,,34,41,-7
200712060POR,RS,POR,1019.0,,34,43,-9
200712060POR,RS,POR,1039.0,,36,43,-7
200712060POR,RS,POR,1084.0,,36,44,-8
200712060POR,RS,POR,1084.0,,36,45,-9
200712060POR,RS,POR,1117.0,,38,45,-7
200712060POR,RS,POR,1181.0,,38,48,-10
200712060POR,RS,POR,1241.0,,38,51,-13
200712060POR,RS,POR,1264.0,,38,53,-15
200712060POR,RS,POR,1279.0,,40,53,-13
200712060POR,RS,POR,1343.0,,42,53,-11
200712060POR,RS,POR,1411.2,,42,56,-14
200712060POR,RS,POR,1476.0,,44,56,-12
200712060POR,RS,POR,1495.0,,44,58,-14
200712060POR,RS,POR,1549.0,,44,60,-16
200712060POR,RS,POR,1571.0,,46,60,-14
200712060POR,RS,POR,1596.0,,48,60,-12
200712060POR,RS,POR,1653.0,,50,60,-10
200712060POR,RS,POR,1672.0,,50,62,-12
200712060POR,RS,POR,1672.0,,50,63,-13
200712060POR,RS,POR,1688.0,,52,63,-11
200712060POR,RS,POR,1713.0,,54,63,-9
200712060POR,RS,POR,1758.0,,54,65,-11
200712060POR,RS,POR,1785.0,,54,67,-13
200712060POR,RS,POR,1801.0,,56,67,-11
200712060POR,RS,POR,1827.0,,58,67,-9
200712060POR,RS,POR,1858.0,,60,67,-7
200712060POR,RS,POR,1886.0,,60,69,-9
200712060POR,RS,POR,1906.0,,62,69,-7
200712060POR,RS,POR,1926.0,,62,71,-9
200712060POR,RS,POR,1947.0,,64,71,-7
200712060POR,RS,POR,1947.0,,65,71,-6
200712060POR,RS,POR,1966.0,,65,73,-8
200712060POR,RS,POR,2048.0,,67,73,-6
200712060POR,RS,POR,2071.0,,67,74,-7
200712060POR,RS,POR,2071.0,,67,75,-8
200712060POR,RS,POR,2087.0,,69,75,-6
200712060POR,RS,POR,2132.1,,71,75,-4
200712060POR,RS,POR,2152.4,,71,76,-5
200712060POR,RS,POR,2152.4,,71,77,-6
200712060POR,RS,POR,2159.1,,73,77,-4
200712060POR,RS,POR,2169.0,,74,77,-3
200712060POR,RS,POR,2183.0,,74,79,-5
200712060POR,RS,POR,2199.0,,77,79,-2
200712060POR,RS,POR,2214.0,,77,81,-4
200712060POR,RS,POR,2240.0,,77,84,-7
200712060POR,RS,POR,2263.0,,79,84,-5
200712060POR,RS,POR,2279.0,,79,86,-7
200712060POR,RS,POR,2295.0,,81,86,-5
200712060POR,RS,POR,2395.0,,81,88,-7
200712060POR,RS,POR,2414.0,,83,88,-5
200712060POR,RS,POR,2486.0,,85,88,-3
200712060POR,RS,POR,2520.0,,87,88,-1
200712060POR,RS,POR,2540.0,,87,91,-4
200712060POR,RS,POR,2574.0,,87,93,-6
200712060POR,RS,POR,2595.0,,89,93,-4
200712060POR,RS,POR,2628.0,,90,93,-3
200712060POR,RS,POR,2653.0,,90,95,-5
200712060POR,RS,POR,2724.0,,90,97,-7
200712060POR,RS,POR,2764.0,,90,99,-9
200712060POR,RS,POR,2764.0,,90,100,-10
200712060POR,RS,POR,2777.0,,92,100,-8
200712060POR,RS,POR,2787.0,,92,101,-9
200712060POR,RS,POR,2787.0,,92,102,-10
200712060POR,RS,POR,2803.0,,93,102,-9
200712060POR,RS,POR,2803.0,,94,102,-8
200712060POR,RS,POR,2825.1,,94,104,-10
200712060POR,RS,POR,2832.1,,97,104,-7
200712060POR,RS,POR,2835.2,,97,105,-8
200712060POR,RS,POR,2835.2,,97,106,-9
200712060POR,RS,POR,2849.5,,97,107,-10
200712060POR,RS,POR,2855.2,,100,107,-7
200712060POR,RS,POR,2856.9,,100,108,-8
200712060POR,RS,POR,2862.1,,102,108,-6
200712060POR,RS,POR,2863.4,,102,109,-7
200712060POR,RS,POR,2863.4,,102,110,-8
200712060POR,RS,POR,2868.1,,104,110,-6
200712060POR,RS,POR,2869.9,,104,111,-7
200712060POR,RS,POR,2869.9,,104,112,-8
200712060POR,RS,POR,2874.1,F,106,112,-6
200712060POR,RS,POR,2880.0,,106,112,-6
200712070GSW,RS,GSW,0.0,,0,0,0
200712070GSW,RS,GSW,16.0,,2,0,2
200712070GSW,RS,GSW,55.0,,4,0,4
200712070GSW,RS,GSW,80.0,,6,0,6
200712070GSW,RS,GSW,100.0,,8,0,8
200712070GSW,RS,GSW,130.0,,10,0,10
200712070GSW,RS,GSW,150.0,,10,2,8
200712070GSW,RS,GSW,169.0,,12,2,10
200712070GSW,RS,GSW,185.0,,12,4,8
200712070GSW,RS,GSW,229.0,,12,5,7
200712070GSW,RS,GSW,229.0,,12,6,6
200712070GSW,RS,GSW,253.0,,12,8,4
200712070GSW,RS,GSW,289.0,,13,8,5
200712070GSW,RS,GSW,289.0,,14,8,6
200712070GSW,RS,GSW,295.0,,14,11,3
200712070GSW,RS,GSW,319.0,,14,12,2
200712070GSW,RS,GSW,319.0,,14,13,1
200712070GSW,RS,GSW,338.0,,16,13,3
200712070GSW,RS,GSW,361.0,,18,13,5
200712070GSW,RS,GSW,386.0,,21,13,8
200712070GSW,RS,GSW,413.0,,23,13,10
200712070GSW,RS,GSW,424.0,,23,14,9
200712070GSW,RS,GSW,424.0,,23,15,8
200712070GSW,RS,GSW,434.0,,24,15,9
200712070GSW,RS,GSW,439.0,,25,15,10
200712070GSW,RS,GSW,439.0,,26,15,11
200712070GSW,RS,GSW,453.0,,26,18,8
200712070GSW,RS,GSW,485.0,,28,18,10
200712070GSW,RS,GSW,490.0,,28,20,8
200712070GSW,RS,GSW,510.0,,29,20,9
200712070GSW,RS,GSW,510.0,,30,20,10
200712070GSW,RS,GSW,519.0,,30,21,9
200712070GSW,RS,GSW,519.0,,30,22,8
200712070GSW,RS,GSW,544.0,,32,22,10
200712070GSW,RS,GSW,561.0,,32,24,8
200712070GSW,RS,GSW,592.0,,32,26,6
200712070GSW,RS,GSW,622.0,,33,26,7
200712070GSW,RS,GSW,642.0,,34,26,8
200712070GSW,RS,GSW,642.0,,35,26,9
200712070GSW,RS,GSW,660.0,,35,27,8
200712070GSW,RS,GSW,660.0,,35,28,7
200712070GSW,RS,GSW,671.1,,37,28,9
200712070GSW,RS,GSW,681.2,,37,30,7
200712070GSW,RS,GSW,696.4,,39,30,9
200712070GSW,RS,GSW,753.0,,41,30,11
200712070GSW,RS,GSW,760.0,,41,32,9
200712070GSW,RS,GSW,782.0,,43,32,11
200712070GSW,RS,GSW,800.0,,44,32,12
200712070GSW,RS,GSW,824.0,,46,32,14
200712070GSW,RS,GSW,839.0,,48,32,16
200712070GSW,RS,GSW,858.0,,48,33,15
200712070GSW,RS,GSW,900.0,,48,35,13
200712070GSW,RS,GSW,931.0,,49,35,14
200712070GSW,RS,GSW,956.0,,49,37,12
200712070GSW,RS,GSW,981.0,,50,37,13
200712070GSW,RS,GSW,1004.0,,52,37,15
200712070GSW,RS,GSW,1038.0,,54,37,17
200712070GSW,RS,GSW,1048.0,,54,39,15
200712070GSW,RS,GSW,1093.0,,57,39,18
200712070GSW,RS,GSW,1135.0,,57,41,16
200712070GSW,RS,GSW,1161.0,,57,43,14
200712070GSW,RS,GSW,1201.0,,57,45,12
200712070GSW,RS,GSW,1221.0,,57,47,10
200712070GSW,RS,GSW,1268.0,,59,47,12
200712070GSW,RS,GSW,1294.0,,59,48,11
200712070GSW,RS,GSW,1294.0,,59,49,10
200712070GSW,RS,GSW,1313.0,,62,49,13
200712070GSW,RS,GSW,1346.0,,63,49,14
200712070GSW,RS,GSW,1346.0,,64,49,15
200712070GSW,RS,GSW,1364.0,,64,52,12
200712070GSW,RS,GSW,1400.3,,66,52,14
200712070GSW,RS,GSW,1410.8,,66,54,12
200712070GSW,RS,GSW,1439.8,,66,56,10
200712070GSW,RS,GSW,1487.0,,68,56,12
200712070GSW,RS,GSW,1512.0,,68,59,9
200712070GSW,RS,GSW,1545.0,,68,62,6
200712070GSW,RS,GSW,1575.0,,70,62,8
200712070GSW,RS,GSW,1605.0,,72,62,10
200712070GSW,RS,GSW,1640.0,,74,62,12
200712070GSW,RS,GSW,1665.0,,74,63,11
200712070GSW,RS,GSW,1665.0,,74,64,10
200712070GSW,RS,GSW,1678.0,,75,64,11
200712070GSW,RS,GSW,1696.0,,75,65,10
200712070GSW,RS,GSW,1709.0,,77,65,12
200712070GSW,RS,GSW,1720.0,,77,67,10
200712070GSW,RS,GSW,1733.0,,78,67,11
200712070GSW,RS,GSW,1733.0,,79,67,12
200712070GSW,RS,GSW,1744.0,,79,69,10
200712070GSW,RS,GSW,1845.0,,81,69,12
200712070GSW,RS,GSW,1910.0,,81,72,9
200712070GSW,RS,GSW,1939.0,,83,72,11
200712070GSW,RS,GSW,1975.0,,84,72,12
200712070GSW,RS,GSW,1998.0,,87,72,15
200712070GSW,RS,GSW,2015.0,,87,75,12
200712070GSW,RS,GSW,2031.0,,89,75,14
200712070GSW,RS,GSW,2044.0,,89,77,12
200712070GSW,RS,GSW,2100.5,,89,79,10
200712070GSW,RS,GSW,2139.5,,89,80,9
200712070GSW,RS,GSW,2141.4,,89,81,8
200712070GSW,RS,GSW,2141.4,,89,82,7
200712070GSW,RS,GSW,2157.9,,91,82,9
200712070GSW,RS,GSW,2174.0,,93,82,11
200712070GSW,RS,GSW,2191.0,,93,85,8
200712070GSW,RS,GSW,2208.0,,95,85,10
200712070GSW,RS,GSW,2217.0,,95,86,9
200712070GSW,RS,GSW,2217.0,,95,87,8
200712070GSW,RS,GSW,2264.0,,98,87,11
200712070GSW,RS,GSW,2282.0,,98,89,9
200712070GSW,RS,GSW,2330.0,,100,89,11
200712070GSW,RS,GSW,2342.0,,100,90,10
200712070GSW,RS,GSW,2352.0,,100,92,8
200712070GSW,RS,GSW,2414.0,,102,92,10
200712070GSW,RS,GSW,2434.0,,102,94,8
200712070GSW,RS,GSW,2502.0,,103,94,9
200712070GSW,RS,GSW,2502.0,,104,94,10
200712070GSW,RS,GSW,2526.0,,104,96,8
200712070GSW,RS,GSW,2545.0,,104,97,7
200712070GSW,RS,GSW,2589.0,,104,98,6
200712070GSW,RS,GSW,2589.0,,104,99,5
200712070GSW,RS,GSW,2610.0,,104,102,2
200712070GSW,RS,GSW,2632.0,,106,102,4
200712070GSW,RS,GSW,2642.0,,106,105,1
200712070GSW,RS,GSW,2676.0,,107,105,2
200712070GSW,RS,GSW,2684.0,LC,107,108,-1
200712070GSW,RS,GSW,2703.0,T,108,108,0
200712070GSW,RS,GSW,2712.0,,108,109,-1
200712070GSW,RS,GSW,2712.0,,108,110,-2
200712070GSW,RS,GSW,2734.0,,108,112,-4
200712070GSW,RS,GSW,2734.0,,108,113,-5
200712070GSW,RS,GSW,2770.0,,108,115,-7
200712070GSW,RS,GSW,2773.0,,111,115,-4
200712070GSW,RS,GSW,2794.0,,111,118,-7
200712070GSW,RS,GSW,2804.0,,111,119,-8
200712070GSW,RS,GSW,2804.0,,111,120,-9
200712070GSW,RS,GSW,2824.1,,112,120,-8
200712070GSW,RS,GSW,2824.1,F,113,120,-7
200712070GSW,RS,GSW,2880.0,,113,120,-7
200712090LAC,RS,LAC,0.0,,0,0,0
200712090LAC,RS,LAC,21.0,,2,0,2
200712090LAC,RS,LAC,40.0,LC,2,3,-1
200712090LAC,RS,LAC,84.0,LC,4,3,1
200712090LAC,RS,LAC,136.0,,6,3,3
200712090LAC,RS,LAC,155.0,,6,5,1
200712090LAC,RS,LAC,172.0,,8,5,3
200712090LAC,RS,LAC,185.0,,8,6,2
200712090LAC,RS,LAC,192.0,T,8,8,0
200712090LAC,RS,LAC,205.0,,9,8,1
200712090LAC,RS,LAC,235.0,,11,8,3
200712090LAC,RS,LAC,259.0,,13,8,5
200712090LAC,RS,LAC,291.0,,15,8,7
200712090LAC,RS,LAC,305.0,,15,10,5
200712090LAC,RS,LAC,366.0,,18,10,8
200712090LAC,RS,LAC,378.0,,18,12,6
200712090LAC,RS,LAC,397.0,,20,12,8
200712090LAC,RS,LAC,406.0,,20,14,6
200712090LAC,RS,LAC,471.0,,20,16,4
200712090LAC,RS,LAC,517.0,,20,18,2
200712090LAC,RS,LAC,538.0,,22,18,4
200712090LAC,RS,LAC,556.0,,22,20,2
200712090LAC,RS,LAC,566.0,,23,20,3
200712090LAC,RS,LAC,566.0,,24,20,4
200712090LAC,RS,LAC,584.0,,24,22,2
200712090LAC,RS,LAC,599.0,,26,22,4
200712090LAC,RS,LAC,647.0,,26,24,2
200712090LAC,RS,LAC,673.9,,28,24,4
200712090LAC,RS,LAC,690.6,,28,26,2
200712090LAC,RS,LAC,704.1,,30,26,4
200712090LAC,RS,LAC,766.0,,30,28,2
200712090LAC,RS,LAC,798.0,T,30,30,0
200712090LAC,RS,LAC,856.0,LC,30,32,-2
200712090LAC,RS,LAC,856.0,,30,33,-3
200712090LAC,RS,LAC,897.0,T,33,33,0
200712090LAC,RS,LAC,952.0,LC,35,33,2
200712090LAC,RS,LAC,967.0,,37,33,4
200712090LAC,RS,LAC,1007.0,,37,35,2
200712090LAC,RS,LAC,1033.0,T,37,37,0
200712090LAC,RS,LAC,1072.0,,39,37,2
200712090LAC,RS,LAC,1087.0,T,39,39,0
200712090LAC,RS,LAC,1122.0,LC,39,41,-2
200712090LAC,RS,LAC,1143.0,T,41,41,0
200712090LAC,RS,LAC,1143.0,LC,42,41,1
200712090LAC,RS,LAC,1164.0,LC,42,43,-1
200712090LAC,RS,LAC,1179.0,LC,44,43,1
200712090LAC,RS,LAC,1194.0,LC,44,45,-1
200712090LAC,RS,LAC,1230.0,,44,47,-3
200712090LAC,RS,LAC,1260.0,,44,49,-5
200712090LAC,RS,LAC,1274.0,,46,49,-3
200712090LAC,RS,LAC,1274.0,,47,49,-2
200712090LAC,RS,LAC,1301.0,,48,49,-1
200712090LAC,RS,LAC,1301.0,T,49,49,0
200712090LAC,RS,LAC,1418.0,,49,51,-2
200712090LAC,RS,LAC,1420.5,T,51,51,0
200712090LAC,RS,LAC,1462.0,LC,53,51,2
200712090LAC,RS,LAC,1509.0,,55,51,4
200712090LAC,RS,LAC,1551.0,,57,51,6
200712090LAC,RS,LAC,1586.0,,59,51,8
200712090LAC,RS,LAC,1640.0,,61,51,10
200712090LAC,RS,LAC,1674.0,,63,51,12
200712090LAC,RS,LAC,1723.0,,65,51,14
200712090LAC,RS,LAC,1760.0,,65,52,13
200712090LAC,RS,LAC,1760.0,,65,53,12
200712090LAC,RS,LAC,1781.0,,68,53,15
200712090LAC,RS,LAC,1816.0,,68,56,12
200712090LAC,RS,LAC,1831.0,,69,56,13
200712090LAC,RS,LAC,1831.0,,70,56,14
200712090LAC,RS,LAC,1831.0,,71,56,15
200712090LAC,RS,LAC,1847.0,,71,57,14
200712090LAC,RS,LAC,1871.0,,73,57,16
200712090LAC,RS,LAC,1909.0,,73,59,14
200712090LAC,RS,LAC,1974.0,,73,60,13
200712090LAC,RS,LAC,1974.0,,73,61,12
200712090LAC,RS,LAC,2002.0,,73,62,11
200712090LAC,RS,LAC,2002.0,,73,63,10
200712090LAC,RS,LAC,2018.0,,75,63,12
200712090LAC,RS,LAC,2027.0,,75,65,10
200712090LAC,RS,LAC,2053.0,,75,67,8
200712090LAC,RS,LAC,2066.0,,77,67,10
200712090LAC,RS,LAC,2101.5,,77,68,9
200712090LAC,RS,LAC,2101.5,,77,69,8
200712090LAC,RS,LAC,2125.1,,77,70,7
200712090LAC,RS,LAC,2125.1,,77,71,6
200712090LAC,RS,LAC,2208.0,,77,73,4
200712090LAC,RS,LAC,2234.0,,79,73,6
200712090LAC,RS,LAC,2329.0,,79,76,3
200712090LAC,RS,LAC,2344.0,,80,76,4
200712090LAC,RS,LAC,2344.0,,81,76,5
200712090LAC,RS,LAC,2392.0,,83,76,7
200712090LAC,RS,LAC,2424.0,,85,76,9
200712090LAC,RS,LAC,2443.0,,85,78,7
200712090LAC,RS,LAC,2457.0,,87,78,9
200712090LAC,RS,LAC,2471.0,,87,80,7
200712090LAC,RS,LAC,2491.0,,89,80,9
200712090LAC,RS,LAC,2491.0,,90,80,10
200712090LAC,RS,LAC,2527.0,,90,82,8
200712090LAC,RS,LAC,2610.0,,90,84,6
200712090LAC,RS,LAC,2641.0,,90,87,3
200712090LAC,RS,LAC,2671.0,T,90,90,0
200712090LAC,RS,LAC,2694.0,,92,90,2
200712090LAC,RS,LAC,2746.0,T,92,92,0
200712090LAC,RS,LAC,2763.0,,94,92,2
200712090LAC,RS,LAC,2822.9,,95,92,3
200712090LAC,RS,LAC,2822.9,,96,92,4
200712090LAC,RS,LAC,2852.2,,97,92,5
200712090LAC,RS,LAC,2864.1,,98,92,6
200712090LAC,RS,LAC,2872.4,,98,93,5
200712090LAC,RS,LAC,2872.4,,98,94,4
200712090LAC,RS,LAC,2874.1,,99,94,5
200712090LAC,RS,LAC,2874.1,F,100,94,6
200712090LAC,RS,LAC,2880.0,,100,94,6
200712100PHO,RS,PHO,0.0,,0,0,0
200712100PHO,RS,PHO,27.0,,2,0,2
200712100PHO,RS,PHO,41.0,T,2,2,0
200712100PHO,RS,PHO,66.0,LC,2,5,-3
200712100PHO,RS,PHO,81.0,,4,5,-1
200712100PHO,RS,PHO,99.0,,4,8,-4
200712100PHO,RS,PHO,116.0,,6,8,-2
200712100PHO,RS,PHO,140.0,T,8,8,0
200712100PHO,RS,PHO,151.0,,8,10,-2
200712100PHO,RS,PHO,184.0,T,10,10,0
200712100PHO,RS,PHO,218.0,,10,12,-2
200712100PHO,RS,PHO,245.0,T,12,12,0
200712100PHO,RS,PHO,251.0,,12,14,-2
200712100PHO,RS,PHO,272.0,T,14,14,0
200712100PHO,RS,PHO,279.0,,14,15,-1
200712100PHO,RS,PHO,298.0,,14,17,-3
200712100PHO,RS,PHO,320.0,,16,17,-1
200712100PHO,RS,PHO,344.0,LC,18,17,1
200712100PHO,RS,PHO,376.0,,20,17,3
200712100PHO,RS,PHO,397.0,,22,17,5
200712100PHO,RS,PHO,419.0,,24,17,7
200712100PHO,RS,PHO,458.0,,26,17,9
200712100PHO,RS,PHO,470.0,,26,20,6
200712100PHO,RS,PHO,528.0,,28,20,8
200712100PHO,RS,PHO,561.0,,28,22,6
200712100PHO,RS,PHO,580.0,,29,22,7
200712100PHO,RS,PHO,580.0,,30,22,8
200712100PHO,RS,PHO,605.0,,32,22,10
200712100PHO,RS,PHO,620.0,,32,24,8
200712100PHO,RS,PHO,640.0,,34,24,10
200712100PHO,RS,PHO,656.0,,34,27,7
200712100PHO,RS,PHO,673.6,,36,27,9
200712100PHO,RS,PHO,679.8,,36,29,7
200712100PHO,RS,PHO,697.2,,38,29,9
200712100PHO,RS,PHO,719.5,,40,29,11
200712100PHO,RS,PHO,778.0,,40,31,9
200712100PHO,RS,PHO,817.0,,40,34,6
200712100PHO,RS,PHO,835.0,,42,34,8
200712100PHO,RS,PHO,846.0,,42,36,6
200712100PHO,RS,PHO,870.0,,44,36,8
200712100PHO,RS,PHO,900.0,,46,36,10
200712100PHO,RS,PHO,928.0,,48,36,12
200712100PHO,RS,PHO,954.0,,50,36,14
200712100PHO,RS,PHO,970.0,,50,38,12
200712100PHO,RS,PHO,986.0,,52,38,14
200712100PHO,RS,PHO,995.0,,52,40,12
200712100PHO,RS,PHO,995.0,,52,41,11
200712100PHO,RS,PHO,1038.0,,52,42,10
200712100PHO,RS,PHO,1043.0,,52,44,8
200712100PHO,RS,PHO,1068.0,,54,44,10
200712100PHO,RS,PHO,1072.0,,54,46,8
200712100PHO,RS,PHO,1094.0,,56,46,10
200712100PHO,RS,PHO,1130.0,,58,46,12
200712100PHO,RS,PHO,1147.0,,58,48,10
200712100PHO,RS,PHO,1171.0,,58,51,7
200712100PHO,RS,PHO,1194.0,,60,51,9
200712100PHO,RS,PHO,1233.0,,60,53,7
200712100PHO,RS,PHO,1297.0,,60,55,5
200712100PHO,RS,PHO,1318.0,,60,56,4
200712100PHO,RS,PHO,1318.0,,60,57,3
200712100PHO,RS,PHO,1335.0,,63,57,6
200712100PHO,RS,PHO,1344.0,,63,59,4
200712100PHO,RS,PHO,1377.0,,63,61,2
200712100PHO,RS,PHO,1391.9,,65,61,4
200712100PHO,RS,PHO,1407.0,,65,63,2
200712100PHO,RS,PHO,1419.2,,67,63,4
200712100PHO,RS,PHO,1507.0,,69,63,6
200712100PHO,RS,PHO,1533.0,,70,63,7
200712100PHO,RS,PHO,1533.0,,71,63,8
200712100PHO,RS,PHO,1544.0,,71,65,6
200712100PHO,RS,PHO,1563.0,,74,65,9
200712100PHO,RS,PHO,1611.0,,76,65,11
200712100PHO,RS,PHO,1619.0,,76,67,9
200712100PHO,RS,PHO,1651.0,,78,67,11
200712100PHO,RS,PHO,1699.0,,78,69,9
200712100PHO,RS,PHO,1726.0,,78,71,7
200712100PHO,RS,PHO,1793.0,,78,73,5
200712100PHO,RS,PHO,1820.0,,78,74,4
200712100PHO,RS,PHO,1842.0,,80,74,6
200712100PHO,RS,PHO,1874.0,,80,77,3
200712100PHO,RS,PHO,1943.0,,80,79,1
200712100PHO,RS,PHO,1971.0,T,80,80,0
200712100PHO,RS,PHO,1995.0,,82,80,2
200712100PHO,RS,PHO,2020.0,,84,80,4
200712100PHO,RS,PHO,2020.0,,85,80,5
200712100PHO,RS,PHO,2061.0,,86,80,6
200712100PHO,RS,PHO,2061.0,,87,80,7
200712100PHO,RS,PHO,2105.3,,88,80,8
200712100PHO,RS,PHO,2136.5,,89,80,9
200712100PHO,RS,PHO,2173.0,,91,80,11
200712100PHO,RS,PHO,2185.0,,91,82,9
200712100PHO,RS,PHO,2210.0,,91,84,7
200712100PHO,RS,PHO,2350.0,,91,85,6
200712100PHO,RS,PHO,2436.0,,94,85,9
200712100PHO,RS,PHO,2464.0,,96,85,11
200712100PHO,RS,PHO,2509.0,,96,87,9
200712100PHO,RS,PHO,2522.0,,97,87,10
200712100PHO,RS,PHO,2522.0,,98,87,11
200712100PHO,RS,PHO,2538.0,,98,90,8
200712100PHO,RS,PHO,2557.0,,100,90,10
200712100PHO,RS,PHO,2602.0,,100,92,8
200712100PHO,RS,PHO,2644.0,,102,92,10
200712100PHO,RS,PHO,2656.0,,102,94,8
200712100PHO,RS,PHO,2677.0,,104,94,10
200712100PHO,RS,PHO,2688.0,,104,96,8
200712100PHO,RS,PHO,2746.0,,106,96,10
200712100PHO,RS,PHO,2773.0,,106,99,7
200712100PHO,RS,PHO,2794.0,,107,99,8
200712100PHO,RS,PHO,2794.0,,108,99,9
200712100PHO,RS,PHO,2810.0,,108,102,6
200712100PHO,RS,PHO,2818.0,,109,102,7
200712100PHO,RS,PHO,2818.0,,110,102,8
200712100PHO,RS,PHO,2824.7,,110,105,5
200712100PHO,RS,PHO,2843.6,,111,105,6
200712100PHO,RS,PHO,2847.9,,111,108,3
200712100PHO,RS,PHO,2854.1,,112,108,4
200712100PHO,RS,PHO,2854.1,,113,108,5
200712100PHO,RS,PHO,2869.3,,115,108,7
200712100PHO,RS,PHO,2874.9,,115,111,4
200712100PHO,RS,PHO,2875.9,,116,111,5
200712100PHO,RS,PHO,2875.9,,117,111,6
200712100PHO,RS,PHO,2879.9,F,117,113,4
200712100PHO,RS,PHO,2880.0,,117,113,4
200712130MIA,RS,WAS,0.0,,0,0,0
200712130MIA,RS,WAS,20.0,,2,0,2
200712130MIA,RS,WAS,38.0,T,2,2,0
200712130MIA,RS,WAS,104.0,LC,2,4,-2
200712130MIA,RS,WAS,124.0,T,4,4,0
200712130MIA,RS,WAS,158.0,LC,5,4,1
200712130MIA,RS,WAS,176.0,LC,5,6,-1
200712130MIA,RS,WAS,236.0,,5,7,-2
200712130MIA,RS,WAS,236.0,,5,8,-3
200712130MIA,RS,WAS,259.0,,5,10,-5
200712130MIA,RS,WAS,279.0,,7,10,-3
200712130MIA,RS,WAS,289.0,,7,12,-5
200712130MIA,RS,WAS,375.0,,9,12,-3
200712130MIA,RS,WAS,425.0,,9,14,-5
200712130MIA,RS,WAS,441.0,,11,14,-3
200712130MIA,RS,WAS,457.0,,11,15,-4
200712130MIA,RS,WAS,457.0,,11,16,-5
200712130MIA,RS,WAS,480.0,,11,19,-8
200712130MIA,RS,WAS,505.0,,11,20,-9
200712130MIA,RS,WAS,505.0,,11,21,-10
200712130MIA,RS,WAS,531.0,,11,24,-13
200712130MIA,RS,WAS,592.0,,11,26,-15
200712130MIA,RS,WAS,603.0,,13,26,-13
200712130MIA,RS,WAS,639.0,,13,27,-14
200712130MIA,RS,WAS,639.0,,13,28,-15
200712130MIA,RS,WAS,660.0,,16,28,-12
200712130MIA,RS,WAS,741.0,,16,30,-14
200712130MIA,RS,WAS,755.0,,18,30,-12
200712130MIA,RS,WAS,785.0,,18,32,-14
200712130MIA,RS,WAS,803.0,,18,35,-17
200712130MIA,RS,WAS,823.0,,20,35,-15
200712130MIA,RS,WAS,878.0,,22,35,-13
200712130MIA,RS,WAS,915.0,,25,35,-10
200712130MIA,RS,WAS,930.0,,25,37,-12
200712130MIA,RS,WAS,952.0,,27,37,-10
200712130MIA,RS,WAS,974.0,,27,40,-13
200712130MIA,RS,WAS,1009.0,,30,40,-10
200712130MIA,RS,WAS,1028.0,,30,42,-12
200712130MIA,RS,WAS,1028.0,,30,43,-13
200712130MIA,RS,WAS,1059.0,,30,45,-15
200712130MIA,RS,WAS,1122.0,,32,45,-13
200712130MIA,RS,WAS,1141.0,,32,46,-14
200712130MIA,RS,WAS,1141.0,,32,47,-15
200712130MIA,RS,WAS,1157.0,,35,47,-12
200712130MIA,RS,WAS,1189.0,,37,47,-10
200712130MIA,RS,WAS,1222.0,,39,47,-8
200712130MIA,RS,WAS,1245.0,,39,50,-11
200712130MIA,RS,WAS,1259.0,,40,50,-10
200712130MIA,RS,WAS,1259.0,,41,50,-9
200712130MIA,RS,WAS,1277.0,,42,50,-8
200712130MIA,RS,WAS,1277.0,,43,50,-7
200712130MIA,RS,WAS,1310.0,,43,52,-9
200712130MIA,RS,WAS,1339.0,,43,53,-10
200712130MIA,RS,WAS,1350.0,,45,53,-8
200712130MIA,RS,WAS,1368.0,,45,56,-11
200712130MIA,RS,WAS,1383.7,,45,57,-12
200712130MIA,RS,WAS,1392.4,,47,57,-10
200712130MIA,RS,WAS,1414.7,,49,57,-8
200712130MIA,RS,WAS,1437.9,,49,59,-10
200712130MIA,RS,WAS,1492.0,,50,59,-9
200712130MIA,RS,WAS,1492.0,,51,59,-8
200712130MIA,RS,WAS,1594.0,,54,59,-5
200712130MIA,RS,WAS,1611.0,,54,61,-7
200712130MIA,RS,WAS,1633.0,,56,61,-5
200712130MIA,RS,WAS,1687.0,,56,63,-7
200712130MIA,RS,WAS,1714.0,,56,65,-9
200712130MIA,RS,WAS,1788.0,,56,67,-11
200712130MIA,RS,WAS,1830.0,,56,69,-13
200712130MIA,RS,WAS,1840.0,,56,71,-15
200712130MIA,RS,WAS,1887.0,,56,73,-17
200712130MIA,RS,WAS,1908.0,,56,75,-19
200712130MIA,RS,WAS,1920.0,,58,75,-17
200712130MIA,RS,WAS,1939.0,,58,77,-19
200712130MIA,RS,WAS,1963.0,,60,77,-17
200712130MIA,RS,WAS,1991.0,,60,79,-19
200712130MIA,RS,WAS,2004.0,,63,79,-16
200712130MIA,RS,WAS,2027.0,,63,82,-19
200712130MIA,RS,WAS,2045.0,,65,82,-17
200712130MIA,RS,WAS,2095.0,,68,82,-14
200712130MIA,RS,WAS,2158.3,,70,82,-12
200712130MIA,RS,WAS,2181.0,,71,82,-11
200712130MIA,RS,WAS,2200.0,,73,82,-9
200712130MIA,RS,WAS,2226.0,,73,85,-12
200712130MIA,RS,WAS,2241.0,,75,85,-10
200712130MIA,RS,WAS,2263.0,,77,85,-8
200712130MIA,RS,WAS,2263.0,,78,85,-7
200712130MIA,RS,WAS,2381.0,,78,87,-9
200712130MIA,RS,WAS,2389.0,,79,87,-8
200712130MIA,RS,WAS,2389.0,,80,87,-7
200712130MIA,RS,WAS,2420.0,,80,89,-9
200712130MIA,RS,WAS,2448.0,,80,91,-11
200712130MIA,RS,WAS,2456.0,,81,91,-10
200712130MIA,RS,WAS,2456.0,,82,91,-9
200712130MIA,RS,WAS,2498.0,,84,91,-7
200712130MIA,RS,WAS,2519.0,,84,93,-9
200712130MIA,RS,WAS,2599.0,,84,96,-12
200712130MIA,RS,WAS,2656.0,,87,96,-9
200712130MIA,RS,WAS,2729.0,,87,98,-11
200712130MIA,RS,WAS,2761.0,,87,100,-13
200712130MIA,RS,WAS,2770.0,,88,100,-12
200712130MIA,RS,WAS,2770.0,,89,100,-11
200712130MIA,RS,WAS,2801.0,,91,100,-9
200712130MIA,RS,WAS,2821.5,,91,102,-11
200712130MIA,RS,WAS,2853.2,F,91,104,-13
200712130MIA,RS,WAS,2880.0,,91,104,-13
200712150MIA,RS,IND,0.0,,0,0,0
200712150MIA,RS,IND,16.0,,2,0,2
200712150MIA,RS,IND,26.0,T,2,2,0
200712150MIA,RS,IND,43.0,,4,2,2
200712150MIA,RS,IND,66.0,,6,2,4
200712150MIA,RS,IND,84.0,,8,2,6
200712150MIA,RS,IND,109.0,,9,2,7
200712150MIA,RS,IND,120.0,,9,4,5
200712150MIA,RS,IND,134.0,,11,4,7
200712150MIA,RS,IND,147.0,,11,6,5
200712150MIA,RS,IND,175.0,,11,8,3
200712150MIA,RS,IND,219.0,,13,8,5
200712150MIA,RS,IND,275.0,,14,8,6
200712150MIA,RS,IND,305.0,,16,8,8
200712150MIA,RS,IND,320.0,,18,8,10
200712150MIA,RS,IND,343.0,,18,10,8
200712150MIA,RS,IND,374.0,,18,11,7
200712150MIA,RS,IND,418.0,,18,13,5
200712150MIA,RS,IND,427.0,,19,13,6
200712150MIA,RS,IND,444.0,,19,15,4
200712150MIA,RS,IND,462.0,,21,15,6
200712150MIA,RS,IND,469.0,,21,18,3
200712150MIA,RS,IND,518.0,,21,20,1
200712150MIA,RS,IND,542.0,LC,21,22,-1
200712150MIA,RS,IND,554.0,LC,23,22,1
200712150MIA,RS,IND,580.0,,25,22,3
200712150MIA,RS,IND,589.0,,25,23,2
200712150MIA,RS,IND,607.0,,27,23,4
200712150MIA,RS,IND,716.8,,27,25,2
200712150MIA,RS,IND,742.0,T,27,27,0
200712150MIA,RS,IND,774.0,LC,27,28,-1
200712150MIA,RS,IND,828.0,,27,30,-3
200712150MIA,RS,IND,844.0,,28,30,-2
200712150MIA,RS,IND,844.0,,29,30,-1
200712150MIA,RS,IND,859.0,,29,31,-2
200712150MIA,RS,IND,859.0,,29,32,-3
200712150MIA,RS,IND,897.0,T,32,32,0
200712150MIA,RS,IND,947.0,LC,34,32,2
200712150MIA,RS,IND,966.0,LC,34,35,-1
200712150MIA,RS,IND,990.0,LC,36,35,1
200712150MIA,RS,IND,1023.0,T,36,36,0
200712150MIA,RS,IND,1023.0,LC,36,37,-1
200712150MIA,RS,IND,1037.0,LC,38,37,1
200712150MIA,RS,IND,1070.0,LC,38,39,-1
200712150MIA,RS,IND,1083.0,T,39,39,0
200712150MIA,RS,IND,1083.0,LC,40,39,1
200712150MIA,RS,IND,1140.0,T,40,40,0
200712150MIA,RS,IND,1140.0,LC,40,41,-1
200712150MIA,RS,IND,1172.0,,40,44,-4
200712150MIA,RS,IND,1189.0,,42,44,-2
200712150MIA,RS,IND,1238.0,,42,45,-3
200712150MIA,RS,IND,1258.0,,44,45,-1
200712150MIA,RS,IND,1281.0,LC,46,45,1
200712150MIA,RS,IND,1294.0,LC,46,47,-1
200712150MIA,RS,IND,1294.0,,46,48,-2
200712150MIA,RS,IND,1316.0,T,48,48,0
200712150MIA,RS,IND,1331.0,,48,50,-2
200712150MIA,RS,IND,1364.0,LC,51,50,1
200712150MIA,RS,IND,1394.8,LC,51,52,-1
200712150MIA,RS,IND,1407.6,LC,53,52,1
200712150MIA,RS,IND,1435.4,,54,52,2
200712150MIA,RS,IND,1435.4,,55,52,3
200712150MIA,RS,IND,1455.0,,55,54,1
200712150MIA,RS,IND,1486.0,,57,54,3
200712150MIA,RS,IND,1501.0,,57,55,2
200712150MIA,RS,IND,1522.0,T,57,57,0
200712150MIA,RS,IND,1561.0,,59,57,2
200712150MIA,RS,IND,1598.0,LC,59,60,-1
200712150MIA,RS,IND,1624.0,LC,61,60,1
200712150MIA,RS,IND,1638.0,LC,61,63,-2
200712150MIA,RS,IND,1667.0,,61,65,-4
200712150MIA,RS,IND,1678.0,,62,65,-3
200712150MIA,RS,IND,1678.0,,63,65,-2
200712150MIA,RS,IND,1692.0,,63,67,-4
200712150MIA,RS,IND,1733.0,,65,67,-2
200712150MIA,RS,IND,1753.0,T,67,67,0
200712150MIA,RS,IND,1777.0,LC,68,67,1
200712150MIA,RS,IND,1777.0,,69,67,2
200712150MIA,RS,IND,1817.0,T,69,69,0
200712150MIA,RS,IND,1817.0,LC,69,70,-1
200712150MIA,RS,IND,1861.0,,69,72,-3
200712150MIA,RS,IND,1861.0,,69,73,-4
200712150MIA,RS,IND,1875.0,,71,73,-2
200712150MIA,RS,IND,1906.0,T,73,73,0
200712150MIA,RS,IND,1929.0,,73,74,-1
200712150MIA,RS,IND,1944.0,T,74,74,0
200712150MIA,RS,IND,1944.0,LC,75,74,1
200712150MIA,RS,IND,1990.0,LC,75,76,-1
200712150MIA,RS,IND,2050.0,T,76,76,0
200712150MIA,RS,IND,2050.0,LC,77,76,1
200712150MIA,RS,IND,2072.0,LC,77,78,-1
200712150MIA,RS,IND,2158.1,LC,79,78,1
200712150MIA,RS,IND,2199.0,LC,79,80,-1
200712150MIA,RS,IND,2234.0,,79,82,-3
200712150MIA,RS,IND,2299.0,,79,84,-5
200712150MIA,RS,IND,2336.0,,81,84,-3
200712150MIA,RS,IND,2349.0,,81,87,-6
200712150MIA,RS,IND,2380.0,,82,87,-5
200712150MIA,RS,IND,2380.0,,83,87,-4
200712150MIA,RS,IND,2392.0,,83,90,-7
200712150MIA,RS,IND,2426.0,,83,92,-9
200712150MIA,RS,IND,2445.0,,84,92,-8
200712150MIA,RS,IND,2445.0,,85,92,-7
200712150MIA,RS,IND,2465.0,,85,95,-10
200712150MIA,RS,IND,2485.0,,87,95,-8
200712150MIA,RS,IND,2485.0,,88,95,-7
200712150MIA,RS,IND,2498.0,,88,97,-9
200712150MIA,RS,IND,2522.0,,88,98,-10
200712150MIA,RS,IND,2522.0,,88,99,-11
200712150MIA,RS,IND,2558.0,,89,99,-10
200712150MIA,RS,IND,2558.0,,90,99,-9
200712150MIA,RS,IND,2601.0,,91,99,-8
200712150MIA,RS,IND,2601.0,,92,99,-7
200712150MIA,RS,IND,2634.0,,92,100,-8
200712150MIA,RS,IND,2634.0,,92,101,-9
200712150MIA,RS,IND,2649.0,,94,101,-7
200712150MIA,RS,IND,2673.0,,95,101,-6
200712150MIA,RS,IND,2712.0,,97,101,-4
200712150MIA,RS,IND,2746.0,,97,102,-5
200712150MIA,RS,IND,2746.0,,97,103,-6
200712150MIA,RS,IND,2815.0,,98,103,-5
200712150MIA,RS,IND,2815.0,,99,103,-4
200712150MIA,RS,IND,2840.5,,100,103,-3
200712150MIA,RS,IND,2874.2,,100,105,-5
200712150MIA,RS,IND,2876.3,,103,105,-2
200712150MIA,RS,IND,2876.8,F,103,106,-3
200712150MIA,RS,IND,2880.0,,103,106,-3
200712170MIA,RS,MIN,0.0,,0,0,0
200712170MIA,RS,MIN,20.0,,2,0,2
200712170MIA,RS,MIN,55.0,,3,0,3
200712170MIA,RS,MIN,71.0,,3,2,1
200712170MIA,RS,MIN,71.0,T,3,3,0
200712170MIA,RS,MIN,143.0,,5,3,2
200712170MIA,RS,MIN,184.0,T,5,5,0
200712170MIA,RS,MIN,197.0,,8,5,3
200712170MIA,RS,MIN,236.0,,8,6,2
200712170MIA,RS,MIN,273.0,T,8,8,0
200712170MIA,RS,MIN,292.0,LC,8,10,-2
200712170MIA,RS,MIN,344.0,,9,10,-1
200712170MIA,RS,MIN,344.0,T,10,10,0
200712170MIA,RS,MIN,360.0,LC,12,10,2
200712170MIA,RS,MIN,384.0,,14,10,4
200712170MIA,RS,MIN,427.0,,15,10,5
200712170MIA,RS,MIN,427.0,,16,10,6
200712170MIA,RS,MIN,444.0,,16,12,4
200712170MIA,RS,MIN,456.0,,19,12,7
200712170MIA,RS,MIN,492.0,,20,12,8
200712170MIA,RS,MIN,545.0,,20,14,6
200712170MIA,RS,MIN,564.0,,22,14,8
200712170MIA,RS,MIN,584.0,,22,17,5
200712170MIA,RS,MIN,595.0,,23,17,6
200712170MIA,RS,MIN,623.0,,23,19,4
200712170MIA,RS,MIN,642.0,,23,22,1
200712170MIA,RS,MIN,660.0,,25,22,3
200712170MIA,RS,MIN,685.6,,27,22,5
200712170MIA,RS,MIN,693.5,,27,24,3
200712170MIA,RS,MIN,739.0,,27,26,1
200712170MIA,RS,MIN,758.0,,29,26,3
200712170MIA,RS,MIN,836.0,,29,27,2
200712170MIA,RS,MIN,836.0,,29,28,1
200712170MIA,RS,MIN,881.0,,31,28,3
200712170MIA,RS,MIN,898.0,,31,30,1
200712170MIA,RS,MIN,1016.0,LC,31,32,-1
200712170MIA,RS,MIN,1032.0,LC,33,32,1
200712170MIA,RS,MIN,1046.0,LC,33,34,-1
200712170MIA,RS,MIN,1130.0,,33,37,-4
200712170MIA,RS,MIN,1173.0,,35,37,-2
200712170MIA,RS,MIN,1198.0,,35,39,-4
200712170MIA,RS,MIN,1216.0,,37,39,-2
200712170MIA,RS,MIN,1231.0,,37,41,-4
200712170MIA,RS,MIN,1305.0,,37,43,-6
200712170MIA,RS,MIN,1324.0,,39,43,-4
200712170MIA,RS,MIN,1338.0,,39,45,-6
200712170MIA,RS,MIN,1338.0,,39,46,-7
200712170MIA,RS,MIN,1355.0,,41,46,-5
200712170MIA,RS,MIN,1366.0,,41,47,-6
200712170MIA,RS,MIN,1482.0,,42,47,-5
200712170MIA,RS,MIN,1482.0,,43,47,-4
200712170MIA,RS,MIN,1537.0,,45,47,-2
200712170MIA,RS,MIN,1549.0,,45,49,-4
200712170MIA,RS,MIN,1589.0,,46,49,-3
200712170MIA,RS,MIN,1607.0,,46,51,-5
200712170MIA,RS,MIN,1627.0,,48,51,-3
200712170MIA,RS,MIN,1756.0,,48,53,-5
200712170MIA,RS,MIN,1776.0,,50,53,-3
200712170MIA,RS,MIN,1810.0,,52,53,-1
200712170MIA,RS,MIN,1895.0,,52,55,-3
200712170MIA,RS,MIN,1895.0,,52,56,-4
200712170MIA,RS,MIN,1954.0,,52,57,-5
200712170MIA,RS,MIN,1954.0,,52,58,-6
200712170MIA,RS,MIN,1987.0,,53,58,-5
200712170MIA,RS,MIN,1987.0,,54,58,-4
200712170MIA,RS,MIN,2025.0,,54,59,-5
200712170MIA,RS,MIN,2042.0,,55,59,-4
200712170MIA,RS,MIN,2042.0,,56,59,-3
200712170MIA,RS,MIN,2056.0,,56,61,-5
200712170MIA,RS,MIN,2056.0,,56,62,-6
200712170MIA,RS,MIN,2108.8,,57,62,-5
200712170MIA,RS,MIN,2108.8,,58,62,-4
200712170MIA,RS,MIN,2120.3,,58,64,-6
200712170MIA,RS,MIN,2134.6,,60,64,-4
200712170MIA,RS,MIN,2173.0,,62,64,-2
200712170MIA,RS,MIN,2196.0,T,64,64,0
200712170MIA,RS,MIN,2307.0,LC,65,64,1
200712170MIA,RS,MIN,2321.0,T,65,65,0
200712170MIA,RS,MIN,2321.0,LC,65,66,-1
200712170MIA,RS,MIN,2341.0,T,66,66,0
200712170MIA,RS,MIN,2356.0,,66,68,-2
200712170MIA,RS,MIN,2371.0,T,68,68,0
200712170MIA,RS,MIN,2384.0,,68,70,-2
200712170MIA,RS,MIN,2451.0,,68,72,-4
200712170MIA,RS,MIN,2507.0,,70,72,-2
200712170MIA,RS,MIN,2526.0,,71,72,-1
200712170MIA,RS,MIN,2526.0,T,72,72,0
200712170MIA,RS,MIN,2540.0,,72,73,-1
200712170MIA,RS,MIN,2554.0,LC,74,73,1
200712170MIA,RS,MIN,2577.0,,75,73,2
200712170MIA,RS,MIN,2577.0,,76,73,3
200712170MIA,RS,MIN,2606.0,,77,73,4
200712170MIA,RS,MIN,2624.0,,77,75,2
200712170MIA,RS,MIN,2624.0,,77,76,1
200712170MIA,RS,MIN,2643.0,,79,76,3
200712170MIA,RS,MIN,2677.0,,81,76,5
200712170MIA,RS,MIN,2693.0,,81,77,4
200712170MIA,RS,MIN,2693.0,,81,78,3
200712170MIA,RS,MIN,2731.0,,82,78,4
200712170MIA,RS,MIN,2731.0,,83,78,5
200712170MIA,RS,MIN,2743.0,,83,80,3
200712170MIA,RS,MIN,2763.0,,83,82,1
200712170MIA,RS,MIN,2771.0,,84,82,2
200712170MIA,RS,MIN,2771.0,,85,82,3
200712170MIA,RS,MIN,2785.0,,86,82,4
200712170MIA,RS,MIN,2804.0,,86,85,1
200712170MIA,RS,MIN,2820.3,,88,85,3
200712170MIA,RS,MIN,2865.6,,89,85,4
200712170MIA,RS,MIN,2869.5,,89,87,2
200712170MIA,RS,MIN,2869.7,,90,87,3
200712170MIA,RS,MIN,2869.7,F,91,87,4
200712170MIA,RS,MIN,2880.0,,91,87,4
200712190ATL,RS,ATL,0.0,,0,0,0
200712190ATL,RS,ATL,103.0,,0,2,-2
200712190ATL,RS,ATL,120.0,,1,2,-1
200712190ATL,RS,ATL,120.0,T,2,2,0
200712190ATL,RS,ATL,129.0,,2,3,-1
200712190ATL,RS,ATL,129.0,,2,4,-2
200712190ATL,RS,ATL,155.0,,2,6,-4
200712190ATL,RS,ATL,187.0,,2,7,-5
200712190ATL,RS,ATL,197.0,,2,8,-6
200712190ATL,RS,ATL,197.0,,2,9,-7
200712190ATL,RS,ATL,232.0,,2,11,-9
200712190ATL,RS,ATL,249.0,,4,11,-7
200712190ATL,RS,ATL,277.0,,6,11,-5
200712190ATL,RS,ATL,288.0,,6,13,-7
200712190ATL,RS,ATL,288.0,,6,14,-8
200712190ATL,RS,ATL,303.0,,7,14,-7
200712190ATL,RS,ATL,303.0,,8,14,-6
200712190ATL,RS,ATL,342.0,,9,14,-5
200712190ATL,RS,ATL,386.0,,11,14,-3
200712190ATL,RS,ATL,417.0,,13,14,-1
200712190ATL,RS,ATL,458.0,,13,16,-3
200712190ATL,RS,ATL,499.0,,14,16,-2
200712190ATL,RS,ATL,512.0,,14,18,-4
200712190ATL,RS,ATL,533.0,,16,18,-2
200712190ATL,RS,ATL,549.0,,16,20,-4
200712190ATL,RS,ATL,563.0,,17,20,-3
200712190ATL,RS,ATL,563.0,,18,20,-2
200712190ATL,RS,ATL,594.0,T,20,20,0
200712190ATL,RS,ATL,623.0,LC,21,20,1
200712190ATL,RS,ATL,623.0,,22,20,2
200712190ATL,RS,ATL,638.0,T,22,22,0
200712190ATL,RS,ATL,667.1,LC,22,23,-1
200712190ATL,RS,ATL,692.1,,22,24,-2
200712190ATL,RS,ATL,692.1,,22,25,-3
200712190ATL,RS,ATL,752.0,,24,25,-1
200712190ATL,RS,ATL,777.0,,24,27,-3
200712190ATL,RS,ATL,800.0,,24,29,-5
200712190ATL,RS,ATL,818.0,,25,29,-4
200712190ATL,RS,ATL,818.0,,26,29,-3
200712190ATL,RS,ATL,867.0,,28,29,-1
200712190ATL,RS,ATL,902.0,,28,31,-3
200712190ATL,RS,ATL,916.0,,29,31,-2
200712190ATL,RS,ATL,931.0,,29,33,-4
200712190ATL,RS,ATL,956.0,,30,33,-3
200712190ATL,RS,ATL,992.0,,30,35,-5
200712190ATL,RS,ATL,1028.0,,33,35,-2
200712190ATL,RS,ATL,1043.0,,33,37,-4
200712190ATL,RS,ATL,1057.0,,35,37,-2
200712190ATL,RS,ATL,1065.0,,35,39,-4
200712190ATL,RS,ATL,1088.0,,36,39,-3
200712190ATL,RS,ATL,1088.0,,37,39,-2
200712190ATL,RS,ATL,1123.0,,38,39,-1
200712190ATL,RS,ATL,1123.0,T,39,39,0
200712190ATL,RS,ATL,1144.0,,39,41,-2
200712190ATL,RS,ATL,1155.0,,40,41,-1
200712190ATL,RS,ATL,1155.0,T,41,41,0
200712190ATL,RS,ATL,1190.0,,41,43,-2
200712190ATL,RS,ATL,1217.0,,41,45,-4
200712190ATL,RS,ATL,1238.0,,43,45,-2
200712190ATL,RS,ATL,1283.0,,43,47,-4
200712190ATL,RS,ATL,1302.0,,45,47,-2
200712190ATL,RS,ATL,1338.0,T,47,47,0
200712190ATL,RS,ATL,1380.0,,47,49,-2
200712190ATL,RS,ATL,1416.1,,47,51,-4
200712190ATL,RS,ATL,1452.0,,47,53,-6
200712190ATL,RS,ATL,1475.0,,48,53,-5
200712190ATL,RS,ATL,1475.0,,49,53,-4
200712190ATL,RS,ATL,1494.0,,49,55,-6
200712190ATL,RS,ATL,1511.0,,52,55,-3
200712190ATL,RS,ATL,1533.0,,52,57,-5
200712190ATL,RS,ATL,1556.0,,54,57,-3
200712190ATL,RS,ATL,1596.0,,54,59,-5
200712190ATL,RS,ATL,1630.0,,54,61,-7
200712190ATL,RS,ATL,1644.0,,56,61,-5
200712190ATL,RS,ATL,1644.0,,57,61,-4
200712190ATL,RS,ATL,1676.0,,58,61,-3
200712190ATL,RS,ATL,1679.0,,58,62,-4
200712190ATL,RS,ATL,1679.0,,58,63,-5
200712190ATL,RS,ATL,1700.0,,59,63,-4
200712190ATL,RS,ATL,1714.0,,59,65,-6
200712190ATL,RS,ATL,1739.0,,60,65,-5
200712190ATL,RS,ATL,1755.0,,60,66,-6
200712190ATL,RS,ATL,1755.0,,60,67,-7
200712190ATL,RS,ATL,1772.0,,61,67,-6
200712190ATL,RS,ATL,1772.0,,62,67,-5
200712190ATL,RS,ATL,1785.0,,62,70,-8
200712190ATL,RS,ATL,1825.0,,64,70,-6
200712190ATL,RS,ATL,1837.0,,64,71,-7
200712190ATL,RS,ATL,1837.0,,64,72,-8
200712190ATL,RS,ATL,1857.0,,66,72,-6
200712190ATL,RS,ATL,1892.0,,68,72,-4
200712190ATL,RS,ATL,1928.0,,68,74,-6
200712190ATL,RS,ATL,1946.0,,70,74,-4
200712190ATL,RS,ATL,1970.0,,71,74,-3
200712190ATL,RS,ATL,1970.0,,72,74,-2
200712190ATL,RS,ATL,1992.0,,72,76,-4
200712190ATL,RS,ATL,2009.0,,74,76,-2
200712190ATL,RS,ATL,2048.0,,74,77,-3
200712190ATL,RS,ATL,2048.0,,74,78,-4
200712190ATL,RS,ATL,2105.1,,75,78,-3
200712190ATL,RS,ATL,2120.1,,75,79,-4
200712190ATL,RS,ATL,2120.1,,75,80,-5
200712190ATL,RS,ATL,2133.1,,77,80,-3
200712190ATL,RS,ATL,2155.1,,77,81,-4
200712190ATL,RS,ATL,2155.1,,77,82,-5
200712190ATL,RS,ATL,2172.0,,79,82,-3
200712190ATL,RS,ATL,2172.0,,80,82,-2
200712190ATL,RS,ATL,2196.0,,80,84,-4
200712190ATL,RS,ATL,2240.0,,80,85,-5
200712190ATL,RS,ATL,2240.0,,80,86,-6
200712190ATL,RS,ATL,2262.0,,82,86,-4
200712190ATL,RS,ATL,2274.0,,82,88,-6
200712190ATL,RS,ATL,2307.0,,82,90,-8
200712190ATL,RS,ATL,2335.0,,85,90,-5
200712190ATL,RS,ATL,2366.0,,86,90,-4
200712190ATL,RS,ATL,2366.0,,87,90,-3
200712190ATL,RS,ATL,2381.0,,87,92,-5
200712190ATL,RS,ATL,2428.0,,89,92,-3
200712190ATL,RS,ATL,2436.0,,89,93,-4
200712190ATL,RS,ATL,2436.0,,89,94,-5
200712190ATL,RS,ATL,2459.0,,89,95,-6
200712190ATL,RS,ATL,2536.0,,89,97,-8
200712190ATL,RS,ATL,2559.0,,91,97,-6
200712190ATL,RS,ATL,2559.0,,92,97,-5
200712190ATL,RS,ATL,2575.0,,92,99,-7
200712190ATL,RS,ATL,2596.0,,94,99,-5
200712190ATL,RS,ATL,2631.0,,96,99,-3
200712190ATL,RS,ATL,2659.0,,97,99,-2
200712190ATL,RS,ATL,2659.0,,98,99,-1
200712190ATL,RS,ATL,2676.0,,98,100,-2
200712190ATL,RS,ATL,2722.0,T,100,100,0
200712190ATL,RS,ATL,2749.0,,100,102,-2
200712190ATL,RS,ATL,2777.0,,101,102,-1
200712190ATL,RS,ATL,2777.0,T,102,102,0
200712190ATL,RS,ATL,2811.0,LC,104,102,2
200712190ATL,RS,ATL,2822.1,T,104,104,0
200712190ATL,RS,ATL,2917.0,,106,104,2
200712190ATL,RS,ATL,2999.0,T,106,106,0
200712190ATL,RS,ATL,3043.0,,107,106,1
200712190ATL,RS,ATL,3043.0,,108,106,2
200712190ATL,RS,ATL,3055.0,T,108,108,0
200712190ATL,RS,ATL,3074.0,,110,108,2
200712190ATL,RS,ATL,3074.0,,111,108,3
200712190ATL,RS,ATL,3088.0,,111,109,2
200712190ATL,RS,ATL,3115.0,T,111,111,0
200712190ATL,RS,ATL,3115.0,LC,111,112,-1
200712190ATL,RS,ATL,3128.1,,111,113,-2
200712190ATL,RS,ATL,3128.1,F,111,114,-3
200712190ATL,RS,ATL,3180.0,,111,114,-3
200712200MIA,RS,NJN,0.0,,0,0,0
200712200MIA,RS,NJN,69.0,,2,0,2
200712200MIA,RS,NJN,99.0,T,2,2,0
200712200MIA,RS,NJN,99.0,LC,2,3,-1
200712200MIA,RS,NJN,113.0,LC,4,3,1
200712200MIA,RS,NJN,169.0,LC,4,5,-1
200712200MIA,RS,NJN,213.0,T,5,5,0
200712200MIA,RS,NJN,213.0,LC,6,5,1
200712200MIA,RS,NJN,243.0,,8,5,3
200712200MIA,RS,NJN,264.0,,10,5,5
200712200MIA,RS,NJN,281.0,,10,7,3
200712200MIA,RS,NJN,300.0,,11,7,4
200712200MIA,RS,NJN,321.0,,11,8,3
200712200MIA,RS,NJN,321.0,,11,9,2
200712200MIA,RS,NJN,359.0,,13,9,4
200712200MIA,RS,NJN,378.0,,13,11,2
200712200MIA,RS,NJN,391.0,,15,11,4
200712200MIA,RS,NJN,391.0,,16,11,5
200712200MIA,RS,NJN,427.0,,16,13,3
200712200MIA,RS,NJN,479.0,,18,13,5
200712200MIA,RS,NJN,512.0,,19,13,6
200712200MIA,RS,NJN,525.0,,19,15,4
200712200MIA,RS,NJN,554.0,,21,15,6
200712200MIA,RS,NJN,575.0,,21,16,5
200712200MIA,RS,NJN,575.0,,21,17,4
200712200MIA,RS,NJN,670.7,,21,19,2
200712200MIA,RS,NJN,709.7,T,21,21,0
200712200MIA,RS,NJN,763.0,,23,21,2
200712200MIA,RS,NJN,783.0,T,23,23,0
200712200MIA,RS,NJN,803.0,,25,23,2
200712200MIA,RS,NJN,822.0,T,25,25,0
200712200MIA,RS,NJN,872.0,,27,25,2
200712200MIA,RS,NJN,872.0,,28,25,3
200712200MIA,RS,NJN,891.0,,28,27,1
200712200MIA,RS,NJN,919.0,,30,27,3
200712200MIA,RS,NJN,1069.0,,30,29,1
200712200MIA,RS,NJN,1099.0,,32,29,3
200712200MIA,RS,NJN,1132.0,,32,31,1
200712200MIA,RS,NJN,1132.0,T,32,32,0
200712200MIA,RS,NJN,1148.0,,34,32,2
200712200MIA,RS,NJN,1167.0,LC,34,35,-1
200712200MIA,RS,NJN,1187.0,LC,36,35,1
200712200MIA,RS,NJN,1222.0,,37,35,2
200712200MIA,RS,NJN,1222.0,,38,35,3
200712200MIA,RS,NJN,1271.0,,40,35,5
200712200MIA,RS,NJN,1317.0,,42,35,7
200712200MIA,RS,NJN,1349.0,,44,35,9
200712200MIA,RS,NJN,1364.0,,44,37,7
200712200MIA,RS,NJN,1402.9,,44,39,5
200712200MIA,RS,NJN,1439.9,,44,41,3
200712200MIA,RS,NJN,1460.0,,44,43,1
200712200MIA,RS,NJN,1483.0,T,44,44,0
200712200MIA,RS,NJN,1517.0,,46,44,2
200712200MIA,RS,NJN,1548.0,T,46,46,0
200712200MIA,RS,NJN,1568.0,,47,46,1
200712200MIA,RS,NJN,1593.0,LC,47,48,-1
200712200MIA,RS,NJN,1645.0,LC,49,48,1
200712200MIA,RS,NJN,1656.0,LC,49,50,-1
200712200MIA,RS,NJN,1701.0,LC,51,50,1
200712200MIA,RS,NJN,1715.0,T,51,51,0
200712200MIA,RS,NJN,1729.0,,53,51,2
200712200MIA,RS,NJN,1729.0,,54,51,3
200712200MIA,RS,NJN,1773.0,,56,51,5
200712200MIA,RS,NJN,1790.0,,56,53,3
200712200MIA,RS,NJN,1790.0,,56,54,2
200712200MIA,RS,NJN,1810.0,,58,54,4
200712200MIA,RS,NJN,1838.0,,60,54,6
200712200MIA,RS,NJN,1859.0,,60,55,5
200712200MIA,RS,NJN,1873.0,,62,55,7
200712200MIA,RS,NJN,1900.0,,64,55,9
200712200MIA,RS,NJN,1914.0,,64,57,7
200712200MIA,RS,NJN,1983.0,,64,59,5
200712200MIA,RS,NJN,2006.0,,64,60,4
200712200MIA,RS,NJN,2033.0,,64,62,2
200712200MIA,RS,NJN,2067.0,,66,62,4
200712200MIA,RS,NJN,2088.0,,68,62,6
200712200MIA,RS,NJN,2111.7,,69,62,7
200712200MIA,RS,NJN,2111.7,,70,62,8
200712200MIA,RS,NJN,2118.5,,70,63,7
200712200MIA,RS,NJN,2118.5,,70,64,6
200712200MIA,RS,NJN,2159.7,,70,66,4
200712200MIA,RS,NJN,2172.0,,71,66,5
200712200MIA,RS,NJN,2191.0,,71,68,3
200712200MIA,RS,NJN,2243.0,,73,68,5
200712200MIA,RS,NJN,2271.0,,73,71,2
200712200MIA,RS,NJN,2285.0,,75,71,4
200712200MIA,RS,NJN,2296.0,,75,72,3
200712200MIA,RS,NJN,2296.0,,75,73,2
200712200MIA,RS,NJN,2318.0,,77,73,4
200712200MIA,RS,NJN,2403.0,,77,75,2
200712200MIA,RS,NJN,2445.0,T,77,77,0
200712200MIA,RS,NJN,2464.0,,80,77,3
200712200MIA,RS,NJN,2489.0,,83,77,6
200712200MIA,RS,NJN,2563.0,,83,79,4
200712200MIA,RS,NJN,2588.0,,86,79,7
200712200MIA,RS,NJN,2627.0,,86,81,5
200712200MIA,RS,NJN,2669.0,,86,84,2
200712200MIA,RS,NJN,2685.0,,88,84,4
200712200MIA,RS,NJN,2701.0,,88,86,2
200712200MIA,RS,NJN,2701.0,,88,87,1
200712200MIA,RS,NJN,2742.0,LC,88,89,-1
200712200MIA,RS,NJN,2760.0,T,89,89,0
200712200MIA,RS,NJN,2789.0,LC,90,89,1
200712200MIA,RS,NJN,2803.0,T,90,90,0
200712200MIA,RS,NJN,2803.0,LC,90,91,-1
200712200MIA,RS,NJN,2819.0,T,91,91,0
200712200MIA,RS,NJN,2819.0,LC,92,91,1
200712200MIA,RS,NJN,2870.0,LC,92,94,-2
200712200MIA,RS,NJN,2879.6,T,94,94,0
200712200MIA,RS,NJN,2926.0,LC,96,94,2
200712200MIA,RS,NJN,2943.0,T,96,96,0
200712200MIA,RS,NJN,2979.0,LC,96,98,-2
200712200MIA,RS,NJN,2997.0,T,98,98,0
200712200MIA,RS,NJN,3015.0,,98,100,-2
200712200MIA,RS,NJN,3043.0,,98,102,-4
200712200MIA,RS,NJN,3060.0,,99,102,-3
200712200MIA,RS,NJN,3083.0,,99,103,-4
200712200MIA,RS,NJN,3132.4,,100,103,-3
200712200MIA,RS,NJN,3132.4,,101,103,-2
200712200MIA,RS,NJN,3163.2,,101,104,-3
200712200MIA,RS,NJN,3163.2,,101,105,-4
200712200MIA,RS,NJN,3168.3,,103,105,-2
200712200MIA,RS,NJN,3169.5,,103,106,-3
200712200MIA,RS,NJN,3169.5,F,103,107,-4
200712200MIA,RS,NJN,3180.0,,103,107,-4
200712220MIA,RS,UTA,0.0,,0,0,0
200712220MIA,RS,UTA,48.0,,2,0,2
200712220MIA,RS,UTA,68.0,T,2,2,0
200712220MIA,RS,UTA,85.0,LC,2,4,-2
200712220MIA,RS,UTA,150.0,,2,6,-4
200712220MIA,RS,UTA,167.0,,4,6,-2
200712220MIA,RS,UTA,215.0,T,6,6,0
200712220MIA,RS,UTA,228.0,,6,8,-2
200712220MIA,RS,UTA,299.0,,6,10,-4
200712220MIA,RS,UTA,347.0,,8,10,-2
200712220MIA,RS,UTA,364.0,,8,13,-5
200712220MIA,RS,UTA,410.0,,9,13,-4
200712220MIA,RS,UTA,438.0,,11,13,-2
200712220MIA,RS,UTA,458.0,,11,15,-4
200712220MIA,RS,UTA,479.0,,13,15,-2
200712220MIA,RS,UTA,502.0,,13,17,-4
200712220MIA,RS,UTA,518.0,,15,17,-2
200712220MIA,RS,UTA,537.0,,15,19,-4
200712220MIA,RS,UTA,558.0,,17,19,-2
200712220MIA,RS,UTA,621.0,T,19,19,0
200712220MIA,RS,UTA,636.0,,19,21,-2
200712220MIA,RS,UTA,652.0,T,21,21,0
200712220MIA,RS,UTA,683.4,,21,22,-1
200712220MIA,RS,UTA,683.4,,21,23,-2
200712220MIA,RS,UTA,734.0,T,23,23,0
200712220MIA,RS,UTA,794.0,LC,25,23,2
200712220MIA,RS,UTA,848.0,,26,23,3
200712220MIA,RS,UTA,848.0,,27,23,4
200712220MIA,RS,UTA,884.0,,29,23,6
200712220MIA,RS,UTA,903.0,,29,24,5
200712220MIA,RS,UTA,918.0,,30,24,6
200712220MIA,RS,UTA,918.0,,31,24,7
200712220MIA,RS,UTA,933.0,,31,26,5
200712220MIA,RS,UTA,957.0,,31,28,3
200712220MIA,RS,UTA,973.0,,33,28,5
200712220MIA,RS,UTA,992.0,,33,30,3
200712220MIA,RS,UTA,1018.0,,35,30,5
200712220MIA,RS,UTA,1068.0,,35,32,3
200712220MIA,RS,UTA,1108.0,,37,32,5
200712220MIA,RS,UTA,1108.0,,38,32,6
200712220MIA,RS,UTA,1125.0,,38,34,4
200712220MIA,RS,UTA,1146.0,,40,34,6
200712220MIA,RS,UTA,1187.0,,42,34,8
200712220MIA,RS,UTA,1204.0,,42,36,6
200712220MIA,RS,UTA,1222.0,,44,36,8
200712220MIA,RS,UTA,1228.0,,44,37,7
200712220MIA,RS,UTA,1247.0,,46,37,9
200712220MIA,RS,UTA,1256.0,,46,38,8
200712220MIA,RS,UTA,1280.0,,48,38,10
200712220MIA,RS,UTA,1305.0,,48,40,8
200712220MIA,RS,UTA,1349.0,,48,42,6
200712220MIA,RS,UTA,1383.9,,50,42,8
200712220MIA,RS,UTA,1454.0,,52,42,10
200712220MIA,RS,UTA,1489.0,,54,42,12
200712220MIA,RS,UTA,1521.0,,56,42,14
200712220MIA,RS,UTA,1541.0,,56,43,13
200712220MIA,RS,UTA,1552.0,,59,43,16
200712220MIA,RS,UTA,1579.0,,59,44,15
200712220MIA,RS,UTA,1579.0,,59,45,14
200712220MIA,RS,UTA,1622.0,,59,46,13
200712220MIA,RS,UTA,1663.0,,59,48,11
200712220MIA,RS,UTA,1685.0,,59,49,10
200712220MIA,RS,UTA,1685.0,,59,50,9
200712220MIA,RS,UTA,1724.0,,61,50,11
200712220MIA,RS,UTA,1761.0,,61,52,9
200712220MIA,RS,UTA,1779.0,,63,52,11
200712220MIA,RS,UTA,1791.0,,63,53,10
200712220MIA,RS,UTA,1806.0,,65,53,12
200712220MIA,RS,UTA,1821.0,,65,55,10
200712220MIA,RS,UTA,1837.0,,66,55,11
200712220MIA,RS,UTA,1930.0,,67,55,12
200712220MIA,RS,UTA,1930.0,,68,55,13
200712220MIA,RS,UTA,1953.0,,70,55,15
200712220MIA,RS,UTA,1959.0,,70,56,14
200712220MIA,RS,UTA,1959.0,,70,57,13
200712220MIA,RS,UTA,2005.0,,70,59,11
200712220MIA,RS,UTA,2035.0,,70,60,10
200712220MIA,RS,UTA,2035.0,,70,61,9
200712220MIA,RS,UTA,2053.0,,72,61,11
200712220MIA,RS,UTA,2114.5,,74,61,13
200712220MIA,RS,UTA,2132.3,,74,63,11
200712220MIA,RS,UTA,2183.0,,74,66,8
200712220MIA,RS,UTA,2218.0,,76,66,10
200712220MIA,RS,UTA,2261.0,,76,69,7
200712220MIA,RS,UTA,2288.0,,78,69,9
200712220MIA,RS,UTA,2302.0,,78,72,6
200712220MIA,RS,UTA,2319.0,,80,72,8
200712220MIA,RS,UTA,2370.0,,80,74,6
200712220MIA,RS,UTA,2387.0,,81,74,7
200712220MIA,RS,UTA,2387.0,,82,74,8
200712220MIA,RS,UTA,2412.0,,82,76,6
200712220MIA,RS,UTA,2412.0,,82,77,5
200712220MIA,RS,UTA,2431.0,,83,77,6
200712220MIA,RS,UTA,2431.0,,84,77,7
200712220MIA,RS,UTA,2450.0,,86,77,9
200712220MIA,RS,UTA,2473.0,,86,78,8
200712220MIA,RS,UTA,2473.0,,86,79,7
200712220MIA,RS,UTA,2485.0,,88,79,9
200712220MIA,RS,UTA,2508.0,,88,81,7
200712220MIA,RS,UTA,2560.0,,88,82,6
200712220MIA,RS,UTA,2560.0,,88,83,5
200712220MIA,RS,UTA,2575.0,,90,83,7
200712220MIA,RS,UTA,2599.0,,91,83,8
200712220MIA,RS,UTA,2599.0,,92,83,9
200712220MIA,RS,UTA,2626.0,,94,83,11
200712220MIA,RS,UTA,2647.0,,94,85,9
200712220MIA,RS,UTA,2647.0,,94,86,8
200712220MIA,RS,UTA,2662.0,,95,86,9
200712220MIA,RS,UTA,2662.0,,96,86,10
200712220MIA,RS,UTA,2674.0,,96,88,8
200712220MIA,RS,UTA,2698.0,,96,90,6
200712220MIA,RS,UTA,2698.0,,96,91,5
200712220MIA,RS,UTA,2728.0,,97,91,6
200712220MIA,RS,UTA,2746.0,,97,92,5
200712220MIA,RS,UTA,2746.0,,97,93,4
200712220MIA,RS,UTA,2768.0,,97,94,3
200712220MIA,RS,UTA,2768.0,,97,95,2
200712220MIA,RS,UTA,2784.0,,98,95,3
200712220MIA,RS,UTA,2784.0,,99,95,4
200712220MIA,RS,UTA,2802.0,,99,98,1
200712220MIA,RS,UTA,2833.7,T,99,99,0
200712220MIA,RS,UTA,2833.7,LC,99,100,-1
200712220MIA,RS,UTA,2851.8,LC,102,100,2
200712220MIA,RS,UTA,2861.5,T,102,102,0
200712220MIA,RS,UTA,2879.9,F,104,102,2
200712220MIA,RS,UTA,2880.0,,104,102,2
200712250CLE,RS,CLE,0.0,,0,0,0
200712250CLE,RS,CLE,16.0,,0,2,-2
200712250CLE,RS,CLE,43.0,T,2,2,0
200712250CLE,RS,CLE,63.0,,2,4,-2
200712250CLE,RS,CLE,89.0,,2,6,-4
200712250CLE,RS,CLE,89.0,,2,7,-5
200712250CLE,RS,CLE,114.0,,2,9,-7
200712250CLE,RS,CLE,132.0,,4,9,-5
200712250CLE,RS,CLE,152.0,,4,11,-7
200712250CLE,RS,CLE,183.0,,4,13,-9
200712250CLE,RS,CLE,202.0,,6,13,-7
200712250CLE,RS,CLE,261.0,,8,13,-5
200712250CLE,RS,CLE,264.0,,8,14,-6
200712250CLE,RS,CLE,264.0,,8,15,-7
200712250CLE,RS,CLE,302.0,,9,15,-6
200712250CLE,RS,CLE,390.0,,10,15,-5
200712250CLE,RS,CLE,405.0,,10,17,-7
200712250CLE,RS,CLE,424.0,,12,17,-5
200712250CLE,RS,CLE,436.0,,12,20,-8
200712250CLE,RS,CLE,471.0,,12,21,-9
200712250CLE,RS,CLE,490.0,,13,21,-8
200712250CLE,RS,CLE,540.0,,13,23,-10
200712250CLE,RS,CLE,560.0,,15,23,-8
200712250CLE,RS,CLE,622.0,,17,23,-6
200712250CLE,RS,CLE,658.0,,17,25,-8
200712250CLE,RS,CLE,737.0,,19,25,-6
200712250CLE,RS,CLE,772.0,,19,27,-8
200712250CLE,RS,CLE,820.0,,19,29,-10
200712250CLE,RS,CLE,837.0,,20,29,-9
200712250CLE,RS,CLE,864.0,,20,30,-10
200712250CLE,RS,CLE,903.0,,22,30,-8
200712250CLE,RS,CLE,928.0,,22,31,-9
200712250CLE,RS,CLE,951.0,,23,31,-8
200712250CLE,RS,CLE,998.0,,24,31,-7
200712250CLE,RS,CLE,1015.0,,24,32,-8
200712250CLE,RS,CLE,1032.0,,27,32,-5
200712250CLE,RS,CLE,1081.0,,29,32,-3
200712250CLE,RS,CLE,1081.0,,30,32,-2
200712250CLE,RS,CLE,1097.0,,30,33,-3
200712250CLE,RS,CLE,1097.0,,30,34,-4
200712250CLE,RS,CLE,1140.0,,32,34,-2
200712250CLE,RS,CLE,1170.0,,33,34,-1
200712250CLE,RS,CLE,1190.0,,33,36,-3
200712250CLE,RS,CLE,1210.0,,35,36,-1
200712250CLE,RS,CLE,1266.0,,35,38,-3
200712250CLE,RS,CLE,1281.0,,37,38,-1
200712250CLE,RS,CLE,1281.0,T,38,38,0
200712250CLE,RS,CLE,1299.0,,38,39,-1
200712250CLE,RS,CLE,1300.0,T,39,39,0
200712250CLE,RS,CLE,1300.0,LC,40,39,1
200712250CLE,RS,CLE,1336.0,,41,39,2
200712250CLE,RS,CLE,1364.0,,41,40,1
200712250CLE,RS,CLE,1364.0,T,41,41,0
200712250CLE,RS,CLE,1378.0,,43,41,2
200712250CLE,RS,CLE,1404.8,,45,41,4
200712250CLE,RS,CLE,1419.9,,45,42,3
200712250CLE,RS,CLE,1419.9,,45,43,2
200712250CLE,RS,CLE,1440.0,,47,43,4
200712250CLE,RS,CLE,1476.0,,49,43,6
200712250CLE,RS,CLE,1509.0,,51,43,8
200712250CLE,RS,CLE,1560.0,,53,43,10
200712250CLE,RS,CLE,1573.0,,53,45,8
200712250CLE,RS,CLE,1605.0,,53,47,6
200712250CLE,RS,CLE,1639.0,,55,47,8
200712250CLE,RS,CLE,1677.0,,55,49,6
200712250CLE,RS,CLE,1677.0,,55,50,5
200712250CLE,RS,CLE,1701.0,,55,52,3
200712250CLE,RS,CLE,1750.0,,57,52,5
200712250CLE,RS,CLE,1787.0,,59,52,7
200712250CLE,RS,CLE,1842.0,,59,54,5
200712250CLE,RS,CLE,1876.0,,59,55,4
200712250CLE,RS,CLE,1876.0,,59,56,3
200712250CLE,RS,CLE,1909.0,,59,58,1
200712250CLE,RS,CLE,1983.0,LC,59,60,-1
200712250CLE,RS,CLE,2001.0,,59,62,-3
200712250CLE,RS,CLE,2030.0,,59,65,-6
200712250CLE,RS,CLE,2052.0,,59,67,-8
200712250CLE,RS,CLE,2121.6,,61,67,-6
200712250CLE,RS,CLE,2212.0,,63,67,-4
200712250CLE,RS,CLE,2248.0,,63,68,-5
200712250CLE,RS,CLE,2248.0,,63,69,-6
200712250CLE,RS,CLE,2282.0,,63,71,-8
200712250CLE,RS,CLE,2306.0,,65,71,-6
200712250CLE,RS,CLE,2329.0,,65,73,-8
200712250CLE,RS,CLE,2345.0,,66,73,-7
200712250CLE,RS,CLE,2345.0,,67,73,-6
200712250CLE,RS,CLE,2365.0,,67,76,-9
200712250CLE,RS,CLE,2385.0,,69,76,-7
200712250CLE,RS,CLE,2406.0,,69,79,-10
200712250CLE,RS,CLE,2422.0,,70,79,-9
200712250CLE,RS,CLE,2444.0,,70,80,-10
200712250CLE,RS,CLE,2444.0,,70,81,-11
200712250CLE,RS,CLE,2463.0,,70,83,-13
200712250CLE,RS,CLE,2463.0,,70,84,-14
200712250CLE,RS,CLE,2490.0,,71,84,-13
200712250CLE,RS,CLE,2490.0,,72,84,-12
200712250CLE,RS,CLE,2507.0,,72,86,-14
200712250CLE,RS,CLE,2545.0,,73,86,-13
200712250CLE,RS,CLE,2545.0,,74,86,-12
200712250CLE,RS,CLE,2621.0,,74,88,-14
200712250CLE,RS,CLE,2639.0,,76,88,-12
200712250CLE,RS,CLE,2664.0,,76,89,-13
200712250CLE,RS,CLE,2664.0,,76,90,-14
200712250CLE,RS,CLE,2696.0,,76,92,-16
200712250CLE,RS,CLE,2707.0,,78,92,-14
200712250CLE,RS,CLE,2763.0,,78,94,-16
200712250CLE,RS,CLE,2806.0,,80,94,-14
200712250CLE,RS,CLE,2819.0,,80,96,-16
200712250CLE,RS,CLE,2863.8,F,82,96,-14
200712250CLE,RS,CLE,2880.0,,82,96,-14
200712260PHI,RS,PHI,0.0,,0,0,0
200712260PHI,RS,PHI,57.0,,2,0,2
200712260PHI,RS,PHI,70.0,T,2,2,0
200712260PHI,RS,PHI,108.0,LC,2,4,-2
200712260PHI,RS,PHI,123.0,T,4,4,0
200712260PHI,RS,PHI,177.0,LC,5,4,1
200712260PHI,RS,PHI,236.0,T,5,5,0
200712260PHI,RS,PHI,252.0,,7,5,2
200712260PHI,RS,PHI,313.0,,9,5,4
200712260PHI,RS,PHI,334.0,,9,7,2
200712260PHI,RS,PHI,383.0,T,9,9,0
200712260PHI,RS,PHI,418.0,LC,9,11,-2
200712260PHI,RS,PHI,438.0,T,11,11,0
200712260PHI,RS,PHI,454.0,,11,13,-2
200712260PHI,RS,PHI,504.0,,11,15,-4
200712260PHI,RS,PHI,543.0,,11,17,-6
200712260PHI,RS,PHI,558.0,,13,17,-4
200712260PHI,RS,PHI,571.0,,13,19,-6
200712260PHI,RS,PHI,602.0,,13,21,-8
200712260PHI,RS,PHI,641.0,,13,23,-10
200712260PHI,RS,PHI,659.0,,15,23,-8
200712260PHI,RS,PHI,691.1,,17,23,-6
200712260PHI,RS,PHI,712.1,,17,25,-8
200712260PHI,RS,PHI,732.0,,18,25,-7
200712260PHI,RS,PHI,755.0,,18,27,-9
200712260PHI,RS,PHI,809.0,,18,28,-10
200712260PHI,RS,PHI,809.0,,18,29,-11
200712260PHI,RS,PHI,831.0,,20,29,-9
200712260PHI,RS,PHI,838.0,,20,32,-12
200712260PHI,RS,PHI,887.0,,20,33,-13
200712260PHI,RS,PHI,887.0,,20,34,-14
200712260PHI,RS,PHI,941.0,,22,34,-12
200712260PHI,RS,PHI,1016.0,,22,36,-14
200712260PHI,RS,PHI,1037.0,,24,36,-12
200712260PHI,RS,PHI,1091.0,,24,38,-14
200712260PHI,RS,PHI,1116.0,,24,39,-15
200712260PHI,RS,PHI,1116.0,,24,40,-16
200712260PHI,RS,PHI,1148.0,,24,42,-18
200712260PHI,RS,PHI,1148.0,,24,43,-19
200712260PHI,RS,PHI,1161.0,,26,43,-17
200712260PHI,RS,PHI,1184.0,,26,44,-18
200712260PHI,RS,PHI,1184.0,,26,45,-19
200712260PHI,RS,PHI,1203.0,,26,46,-20
200712260PHI,RS,PHI,1203.0,,26,47,-21
200712260PHI,RS,PHI,1218.0,,28,47,-19
200712260PHI,RS,PHI,1236.0,,30,47,-17
200712260PHI,RS,PHI,1285.0,,30,49,-19
200712260PHI,RS,PHI,1301.0,,32,49,-17
200712260PHI,RS,PHI,1313.0,,32,50,-18
200712260PHI,RS,PHI,1326.0,,34,50,-16
200712260PHI,RS,PHI,1359.0,,34,53,-19
200712260PHI,RS,PHI,1418.3,,35,53,-18
200712260PHI,RS,PHI,1418.3,,36,53,-17
200712260PHI,RS,PHI,1438.0,,37,53,-16
200712260PHI,RS,PHI,1438.0,,38,53,-15
200712260PHI,RS,PHI,1439.8,,38,55,-17
200712260PHI,RS,PHI,1466.0,,38,57,-19
200712260PHI,RS,PHI,1484.0,,40,57,-17
200712260PHI,RS,PHI,1499.0,,40,59,-19
200712260PHI,RS,PHI,1530.0,,42,59,-17
200712260PHI,RS,PHI,1545.0,,42,61,-19
200712260PHI,RS,PHI,1584.0,,44,61,-17
200712260PHI,RS,PHI,1644.0,,46,61,-15
200712260PHI,RS,PHI,1661.0,,46,63,-17
200712260PHI,RS,PHI,1684.0,,47,63,-16
200712260PHI,RS,PHI,1684.0,,48,63,-15
200712260PHI,RS,PHI,1697.0,,48,64,-16
200712260PHI,RS,PHI,1697.0,,48,65,-17
200712260PHI,RS,PHI,1714.0,,50,65,-15
200712260PHI,RS,PHI,1728.0,,50,67,-17
200712260PHI,RS,PHI,1757.0,,52,67,-15
200712260PHI,RS,PHI,1815.0,,54,67,-13
200712260PHI,RS,PHI,1851.0,,54,68,-14
200712260PHI,RS,PHI,1879.0,,54,70,-16
200712260PHI,RS,PHI,1900.0,,55,70,-15
200712260PHI,RS,PHI,1900.0,,56,70,-14
200712260PHI,RS,PHI,1927.0,,58,70,-12
200712260PHI,RS,PHI,1992.0,,60,70,-10
200712260PHI,RS,PHI,2048.0,,62,70,-8
200712260PHI,RS,PHI,2068.0,,62,72,-10
200712260PHI,RS,PHI,2086.0,,62,74,-12
200712260PHI,RS,PHI,2159.1,,64,74,-10
200712260PHI,RS,PHI,2174.0,,64,77,-13
200712260PHI,RS,PHI,2202.0,,64,80,-16
200712260PHI,RS,PHI,2241.0,,66,80,-14
200712260PHI,RS,PHI,2277.0,,68,80,-12
200712260PHI,RS,PHI,2296.0,,68,81,-13
200712260PHI,RS,PHI,2296.0,,68,82,-14
200712260PHI,RS,PHI,2319.0,,70,82,-12
200712260PHI,RS,PHI,2386.0,,71,82,-11
200712260PHI,RS,PHI,2386.0,,72,82,-10
200712260PHI,RS,PHI,2418.0,,75,82,-7
200712260PHI,RS,PHI,2493.0,,77,82,-5
200712260PHI,RS,PHI,2514.0,,77,84,-7
200712260PHI,RS,PHI,2531.0,,78,84,-6
200712260PHI,RS,PHI,2531.0,,79,84,-5
200712260PHI,RS,PHI,2570.0,,81,84,-3
200712260PHI,RS,PHI,2590.0,,81,86,-5
200712260PHI,RS,PHI,2648.0,,81,88,-7
200712260PHI,RS,PHI,2671.0,,81,90,-9
200712260PHI,RS,PHI,2713.0,,81,91,-10
200712260PHI,RS,PHI,2771.0,,81,93,-12
200712260PHI,RS,PHI,2784.0,,83,93,-10
200712260PHI,RS,PHI,2800.0,,83,96,-13
200712260PHI,RS,PHI,2807.0,,84,96,-12
200712260PHI,RS,PHI,2807.0,F,85,96,-11
200712260PHI,RS,PHI,2880.0,,85,96,-11
200712280MIA,RS,ORL,0.0,,0,0,0
200712280MIA,RS,ORL,49.0,,0,2,-2
200712280MIA,RS,ORL,62.0,T,2,2,0
200712280MIA,RS,ORL,71.0,,2,4,-2
200712280MIA,RS,ORL,81.0,T,4,4,0
200712280MIA,RS,ORL,103.0,,4,6,-2
200712280MIA,RS,ORL,138.0,T,6,6,0
200712280MIA,RS,ORL,164.0,,6,8,-2
200712280MIA,RS,ORL,219.0,T,8,8,0
200712280MIA,RS,ORL,232.0,LC,10,8,2
200712280MIA,RS,ORL,309.0,,12,8,4
200712280MIA,RS,ORL,322.0,,14,8,6
200712280MIA,RS,ORL,361.0,,14,10,4
200712280MIA,RS,ORL,379.0,,16,10,6
200712280MIA,RS,ORL,401.0,,16,12,4
200712280MIA,RS,ORL,426.0,,18,12,6
200712280MIA,RS,ORL,438.0,,18,14,4
200712280MIA,RS,ORL,460.0,,19,14,5
200712280MIA,RS,ORL,460.0,,20,14,6
200712280MIA,RS,ORL,500.0,,20,16,4
200712280MIA,RS,ORL,516.0,,21,16,5
200712280MIA,RS,ORL,531.0,,21,18,3
200712280MIA,RS,ORL,582.0,,21,20,1
200712280MIA,RS,ORL,599.0,,23,20,3
200712280MIA,RS,ORL,612.0,,23,21,2
200712280MIA,RS,ORL,632.0,,24,21,3
200712280MIA,RS,ORL,654.0,,24,23,1
200712280MIA,RS,ORL,674.0,LC,24,25,-1
200712280MIA,RS,ORL,674.0,,24,26,-2
200712280MIA,RS,ORL,685.5,T,26,26,0
200712280MIA,RS,ORL,697.2,,26,28,-2
200712280MIA,RS,ORL,732.0,,27,28,-1
200712280MIA,RS,ORL,732.0,T,28,28,0
200712280MIA,RS,ORL,780.0,LC,30,28,2
200712280MIA,RS,ORL,815.0,,33,28,5
200712280MIA,RS,ORL,855.0,,35,28,7
200712280MIA,RS,ORL,895.0,,35,31,4
200712280MIA,RS,ORL,932.0,,35,33,2
200712280MIA,RS,ORL,967.0,,37,33,4
200712280MIA,RS,ORL,997.0,,39,33,6
200712280MIA,RS,ORL,1089.0,,41,33,8
200712280MIA,RS,ORL,1112.0,,42,33,9
200712280MIA,RS,ORL,1144.0,,42,35,7
200712280MIA,RS,ORL,1176.0,,44,35,9
200712280MIA,RS,ORL,1188.0,,44,37,7
200712280MIA,RS,ORL,1209.0,,46,37,9
200712280MIA,RS,ORL,1229.0,,46,40,6
200712280MIA,RS,ORL,1247.0,,48,40,8
200712280MIA,RS,ORL,1263.0,,48,43,5
200712280MIA,RS,ORL,1306.0,,48,45,3
200712280MIA,RS,ORL,1359.0,,50,45,5
200712280MIA,RS,ORL,1386.3,,50,47,3
200712280MIA,RS,ORL,1399.2,,52,47,5
200712280MIA,RS,ORL,1410.3,,52,50,2
200712280MIA,RS,ORL,1417.5,,53,50,3
200712280MIA,RS,ORL,1417.5,,54,50,4
200712280MIA,RS,ORL,1459.0,,56,50,6
200712280MIA,RS,ORL,1475.0,,56,52,4
200712280MIA,RS,ORL,1490.0,,58,52,6
200712280MIA,RS,ORL,1490.0,,59,52,7
200712280MIA,RS,ORL,1511.0,,60,52,8
200712280MIA,RS,ORL,1582.0,,61,52,9
200712280MIA,RS,ORL,1582.0,,62,52,10
200712280MIA,RS,ORL,1637.0,,62,54,8
200712280MIA,RS,ORL,1657.0,,62,56,6
200712280MIA,RS,ORL,1688.0,,62,58,4
200712280MIA,RS,ORL,1705.0,,65,58,7
200712280MIA,RS,ORL,1746.0,,65,59,6
200712280MIA,RS,ORL,1822.0,,67,59,8
200712280MIA,RS,ORL,1846.0,,67,62,5
200712280MIA,RS,ORL,1881.0,,67,65,2
200712280MIA,RS,ORL,1894.0,,68,65,3
200712280MIA,RS,ORL,1894.0,,69,65,4
200712280MIA,RS,ORL,1910.0,,69,66,3
200712280MIA,RS,ORL,1910.0,,69,67,2
200712280MIA,RS,ORL,1925.0,,71,67,4
200712280MIA,RS,ORL,1931.0,,71,68,3
200712280MIA,RS,ORL,1931.0,,71,69,2
200712280MIA,RS,ORL,1951.0,,73,69,4
200712280MIA,RS,ORL,1964.0,,73,71,2
200712280MIA,RS,ORL,2047.0,T,73,73,0
200712280MIA,RS,ORL,2075.0,LC,73,74,-1
200712280MIA,RS,ORL,2075.0,,73,75,-2
200712280MIA,RS,ORL,2140.7,,73,78,-5
200712280MIA,RS,ORL,2158.7,,75,78,-3
200712280MIA,RS,ORL,2191.0,,76,78,-2
200712280MIA,RS,ORL,2191.0,,77,78,-1
200712280MIA,RS,ORL,2225.0,LC,79,78,1
200712280MIA,RS,ORL,2244.0,LC,79,80,-1
200712280MIA,RS,ORL,2267.0,,79,81,-2
200712280MIA,RS,ORL,2288.0,,79,83,-4
200712280MIA,RS,ORL,2288.0,,79,84,-5
200712280MIA,RS,ORL,2301.0,,80,84,-4
200712280MIA,RS,ORL,2301.0,,81,84,-3
200712280MIA,RS,ORL,2326.0,,83,84,-1
200712280MIA,RS,ORL,2369.0,LC,85,84,1
200712280MIA,RS,ORL,2411.0,,87,84,3
200712280MIA,RS,ORL,2446.0,,87,85,2
200712280MIA,RS,ORL,2457.0,,89,85,4
200712280MIA,RS,ORL,2500.0,,92,85,7
200712280MIA,RS,ORL,2527.0,,92,88,4
200712280MIA,RS,ORL,2567.0,,92,90,2
200712280MIA,RS,ORL,2567.0,,92,91,1
200712280MIA,RS,ORL,2584.0,,94,91,3
200712280MIA,RS,ORL,2633.0,,96,91,5
200712280MIA,RS,ORL,2633.0,,97,91,6
200712280MIA,RS,ORL,2663.0,,99,91,8
200712280MIA,RS,ORL,2667.0,,99,92,7
200712280MIA,RS,ORL,2727.0,,99,94,5
200712280MIA,RS,ORL,2749.0,,101,94,7
200712280MIA,RS,ORL,2763.0,,101,96,5
200712280MIA,RS,ORL,2797.0,,101,99,2
200712280MIA,RS,ORL,2826.7,,102,99,3
200712280MIA,RS,ORL,2838.2,,102,100,2
200712280MIA,RS,ORL,2848.5,LC,102,103,-1
200712280MIA,RS,ORL,2858.6,T,103,103,0
200712280MIA,RS,ORL,2858.6,LC,104,103,1
200712280MIA,RS,ORL,2867.4,T,104,104,0
200712280MIA,RS,ORL,2867.4,LC,104,105,-1
200712280MIA,RS,ORL,2875.5,,104,106,-2
200712280MIA,RS,ORL,2875.5,,104,107,-3
200712280MIA,RS,ORL,2878.1,T,107,107,0
200712280MIA,RS,ORL,2947.0,,107,109,-2
200712280MIA,RS,ORL,2971.0,,107,112,-5
200712280MIA,RS,ORL,3035.0,,109,112,-3
200712280MIA,RS,ORL,3054.0,,109,114,-5
200712280MIA,RS,ORL,3072.0,,111,114,-3
200712280MIA,RS,ORL,3102.0,T,114,114,0
200712280MIA,RS,ORL,3128.0,,114,115,-1
200712280MIA,RS,ORL,3128.0,,114,116,-2
200712280MIA,RS,ORL,3168.3,,114,119,-5
200712280MIA,RS,ORL,3175.1,,114,120,-6
200712280MIA,RS,ORL,3175.1,F,114,121,-7
200712280MIA,RS,ORL,3180.0,,114,121,-7
200712290WAS,RS,WAS,0.0,,0,0,0
200712290WAS,RS,WAS,82.0,,0,2,-2
200712290WAS,RS,WAS,107.0,T,2,2,0
200712290WAS,RS,WAS,132.0,,2,4,-2
200712290WAS,RS,WAS,159.0,,2,6,-4
200712290WAS,RS,WAS,180.0,,4,6,-2
200712290WAS,RS,WAS,194.0,,4,8,-4
200712290WAS,RS,WAS,288.0,,6,8,-2
200712290WAS,RS,WAS,305.0,,6,11,-5
200712290WAS,RS,WAS,325.0,,8,11,-3
200712290WAS,RS,WAS,345.0,,8,14,-6
200712290WAS,RS,WAS,390.0,,8,16,-8
200712290WAS,RS,WAS,416.0,,10,16,-6
200712290WAS,RS,WAS,455.0,,11,16,-5
200712290WAS,RS,WAS,473.0,,11,18,-7
200712290WAS,RS,WAS,513.0,,14,18,-4
200712290WAS,RS,WAS,531.0,,14,20,-6
200712290WAS,RS,WAS,579.0,,16,20,-4
200712290WAS,RS,WAS,601.0,,16,22,-6
200712290WAS,RS,WAS,633.0,,16,25,-9
200712290WAS,RS,WAS,666.7,,16,26,-10
200712290WAS,RS,WAS,685.1,,18,26,-8
200712290WAS,RS,WAS,811.0,,20,26,-6
200712290WAS,RS,WAS,823.0,,20,27,-7
200712290WAS,RS,WAS,823.0,,20,28,-8
200712290WAS,RS,WAS,841.0,,20,31,-11
200712290WAS,RS,WAS,863.0,,20,32,-12
200712290WAS,RS,WAS,891.0,,22,32,-10
200712290WAS,RS,WAS,914.0,,23,32,-9
200712290WAS,RS,WAS,931.0,,23,35,-12
200712290WAS,RS,WAS,944.0,,25,35,-10
200712290WAS,RS,WAS,957.0,,25,36,-11
200712290WAS,RS,WAS,972.0,,27,36,-9
200712290WAS,RS,WAS,981.0,,27,38,-11
200712290WAS,RS,WAS,1058.0,,27,40,-13
200712290WAS,RS,WAS,1075.0,,29,40,-11
200712290WAS,RS,WAS,1092.0,,29,42,-13
200712290WAS,RS,WAS,1110.0,,32,42,-10
200712290WAS,RS,WAS,1116.0,,32,43,-11
200712290WAS,RS,WAS,1116.0,,32,44,-12
200712290WAS,RS,WAS,1137.0,,34,44,-10
200712290WAS,RS,WAS,1198.0,,34,46,-12
200712290WAS,RS,WAS,1221.0,,34,48,-14
200712290WAS,RS,WAS,1243.0,,35,48,-13
200712290WAS,RS,WAS,1243.0,,36,48,-12
200712290WAS,RS,WAS,1261.0,,36,49,-13
200712290WAS,RS,WAS,1261.0,,36,50,-14
200712290WAS,RS,WAS,1284.0,,39,50,-11
200712290WAS,RS,WAS,1301.0,,39,51,-12
200712290WAS,RS,WAS,1301.0,,39,52,-13
200712290WAS,RS,WAS,1386.1,,39,54,-15
200712290WAS,RS,WAS,1408.8,,39,56,-17
200712290WAS,RS,WAS,1439.3,,39,58,-19
200712290WAS,RS,WAS,1520.0,,39,60,-21
200712290WAS,RS,WAS,1608.0,,39,61,-22
200712290WAS,RS,WAS,1608.0,,39,62,-23
200712290WAS,RS,WAS,1633.0,,40,62,-22
200712290WAS,RS,WAS,1680.0,,40,64,-24
200712290WAS,RS,WAS,1722.0,,40,66,-26
200712290WAS,RS,WAS,1776.0,,40,68,-28
200712290WAS,RS,WAS,1793.0,,42,68,-26
200712290WAS,RS,WAS,1804.0,,42,71,-29
200712290WAS,RS,WAS,1825.0,,43,71,-28
200712290WAS,RS,WAS,1835.0,,46,71,-25
200712290WAS,RS,WAS,1860.0,,47,71,-24
200712290WAS,RS,WAS,1920.0,,49,71,-22
200712290WAS,RS,WAS,1940.0,,51,71,-20
200712290WAS,RS,WAS,1964.0,,51,73,-22
200712290WAS,RS,WAS,2021.0,,51,75,-24
200712290WAS,RS,WAS,2076.0,,51,76,-25
200712290WAS,RS,WAS,2076.0,,51,77,-26
200712290WAS,RS,WAS,2096.0,,52,77,-25
200712290WAS,RS,WAS,2096.0,,53,77,-24
200712290WAS,RS,WAS,2110.8,,53,79,-26
200712290WAS,RS,WAS,2155.2,,55,79,-24
200712290WAS,RS,WAS,2159.0,,55,82,-27
200712290WAS,RS,WAS,2262.0,,55,84,-29
200712290WAS,RS,WAS,2305.0,,56,84,-28
200712290WAS,RS,WAS,2314.0,,56,86,-30
200712290WAS,RS,WAS,2357.0,,58,86,-28
200712290WAS,RS,WAS,2390.0,,60,86,-26
200712290WAS,RS,WAS,2414.0,,63,86,-23
200712290WAS,RS,WAS,2452.0,,65,86,-21
200712290WAS,RS,WAS,2512.0,,68,86,-18
200712290WAS,RS,WAS,2570.0,,70,86,-16
200712290WAS,RS,WAS,2570.0,,71,86,-15
200712290WAS,RS,WAS,2587.0,,71,88,-17
200712290WAS,RS,WAS,2587.0,,71,89,-18
200712290WAS,RS,WAS,2631.0,,71,92,-21
200712290WAS,RS,WAS,2683.0,,71,94,-23
200712290WAS,RS,WAS,2759.0,,73,94,-21
200712290WAS,RS,WAS,2812.0,,74,94,-20
200712290WAS,RS,WAS,2858.2,F,74,96,-22
200712290WAS,RS,WAS,2880.0,,74,96,-22
200801020MIA,RS,MIL,0.0,,0,0,0
200801020MIA,RS,MIL,15.0,,0,2,-2
200801020MIA,RS,MIL,36.0,T,2,2,0
200801020MIA,RS,MIL,77.0,LC,5,2,3
200801020MIA,RS,MIL,94.0,,5,4,1
200801020MIA,RS,MIL,126.0,LC,5,6,-1
200801020MIA,RS,MIL,153.0,,5,8,-3
200801020MIA,RS,MIL,240.0,,5,10,-5
200801020MIA,RS,MIL,256.0,,7,10,-3
200801020MIA,RS,MIL,282.0,,8,10,-2
200801020MIA,RS,MIL,282.0,,9,10,-1
200801020MIA,RS,MIL,324.0,LC,11,10,1
200801020MIA,RS,MIL,387.0,,14,10,4
200801020MIA,RS,MIL,414.0,,14,13,1
200801020MIA,RS,MIL,430.0,,16,13,3
200801020MIA,RS,MIL,461.0,T,16,16,0
200801020MIA,RS,MIL,472.0,,17,16,1
200801020MIA,RS,MIL,496.0,LC,17,19,-2
200801020MIA,RS,MIL,512.0,T,19,19,0
200801020MIA,RS,MIL,559.0,LC,21,19,2
200801020MIA,RS,MIL,596.0,,24,19,5
200801020MIA,RS,MIL,676.5,,26,19,7
200801020MIA,RS,MIL,688.6,,26,22,4
200801020MIA,RS,MIL,741.0,,26,24,2
200801020MIA,RS,MIL,765.0,T,26,26,0
200801020MIA,RS,MIL,828.0,LC,26,28,-2
200801020MIA,RS,MIL,842.0,T,28,28,0
200801020MIA,RS,MIL,868.0,LC,29,28,1
200801020MIA,RS,MIL,868.0,,30,28,2
200801020MIA,RS,MIL,897.0,,32,28,4
200801020MIA,RS,MIL,921.0,,35,28,7
200801020MIA,RS,MIL,1011.0,,37,28,9
200801020MIA,RS,MIL,1041.0,,37,30,7
200801020MIA,RS,MIL,1071.0,,37,31,6
200801020MIA,RS,MIL,1112.0,,37,33,4
200801020MIA,RS,MIL,1149.0,,39,33,6
200801020MIA,RS,MIL,1182.0,,42,33,9
200801020MIA,RS,MIL,1201.0,,42,35,7
200801020MIA,RS,MIL,1252.0,,42,37,5
200801020MIA,RS,MIL,1271.0,,43,37,6
200801020MIA,RS,MIL,1279.0,,43,39,4
200801020MIA,RS,MIL,1321.0,,45,39,6
200801020MIA,RS,MIL,1344.0,,45,40,5
200801020MIA,RS,MIL,1344.0,,45,41,4
200801020MIA,RS,MIL,1385.4,,47,41,6
200801020MIA,RS,MIL,1406.1,,47,43,4
200801020MIA,RS,MIL,1438.8,,47,45,2
200801020MIA,RS,MIL,1483.0,,49,45,4
200801020MIA,RS,MIL,1508.0,,49,47,2
200801020MIA,RS,MIL,1546.0,T,49,49,0
200801020MIA,RS,MIL,1563.0,,51,49,2
200801020MIA,RS,MIL,1607.0,,51,50,1
200801020MIA,RS,MIL,1607.0,T,51,51,0
200801020MIA,RS,MIL,1625.0,,53,51,2
200801020MIA,RS,MIL,1640.0,T,53,53,0
200801020MIA,RS,MIL,1655.0,,55,53,2
200801020MIA,RS,MIL,1669.0,,55,54,1
200801020MIA,RS,MIL,1669.0,T,55,55,0
200801020MIA,RS,MIL,1702.0,LC,55,58,-3
200801020MIA,RS,MIL,1729.0,,57,58,-1
200801020MIA,RS,MIL,1748.0,,57,60,-3
200801020MIA,RS,MIL,1828.0,,59,60,-1
200801020MIA,RS,MIL,1860.0,LC,61,60,1
200801020MIA,RS,MIL,1886.0,LC,61,62,-1
200801020MIA,RS,MIL,1905.0,,61,63,-2
200801020MIA,RS,MIL,1920.0,T,63,63,0
200801020MIA,RS,MIL,1933.0,,63,64,-1
200801020MIA,RS,MIL,1933.0,,63,65,-2
200801020MIA,RS,MIL,1949.0,T,65,65,0
200801020MIA,RS,MIL,1979.0,,65,68,-3
200801020MIA,RS,MIL,2077.0,,66,68,-2
200801020MIA,RS,MIL,2077.0,,67,68,-1
200801020MIA,RS,MIL,2109.5,,67,69,-2
200801020MIA,RS,MIL,2130.1,,67,70,-3
200801020MIA,RS,MIL,2130.1,,67,71,-4
200801020MIA,RS,MIL,2179.0,,67,73,-6
200801020MIA,RS,MIL,2232.0,,67,75,-8
200801020MIA,RS,MIL,2303.0,,67,77,-10
200801020MIA,RS,MIL,2342.0,,67,80,-13
200801020MIA,RS,MIL,2361.0,,68,80,-12
200801020MIA,RS,MIL,2386.0,,71,80,-9
200801020MIA,RS,MIL,2414.0,,71,83,-12
200801020MIA,RS,MIL,2438.0,,73,83,-10
200801020MIA,RS,MIL,2478.0,,73,85,-12
200801020MIA,RS,MIL,2499.0,,73,87,-14
200801020MIA,RS,MIL,2522.0,,75,87,-12
200801020MIA,RS,MIL,2522.0,,76,87,-11
200801020MIA,RS,MIL,2578.0,,76,89,-13
200801020MIA,RS,MIL,2596.0,,78,89,-11
200801020MIA,RS,MIL,2613.0,,78,91,-13
200801020MIA,RS,MIL,2624.0,,80,91,-11
200801020MIA,RS,MIL,2624.0,,81,91,-10
200801020MIA,RS,MIL,2670.0,,81,93,-12
200801020MIA,RS,MIL,2711.0,,81,95,-14
200801020MIA,RS,MIL,2741.0,,84,95,-11
200801020MIA,RS,MIL,2760.0,,86,95,-9
200801020MIA,RS,MIL,2774.0,,86,96,-10
200801020MIA,RS,MIL,2774.0,,86,97,-11
200801020MIA,RS,MIL,2782.0,,89,97,-8
200801020MIA,RS,MIL,2816.0,,91,97,-6
200801020MIA,RS,MIL,2829.9,,91,99,-8
200801020MIA,RS,MIL,2836.7,,92,99,-7
200801020MIA,RS,MIL,2836.7,,93,99,-6
200801020MIA,RS,MIL,2847.5,,93,100,-7
200801020MIA,RS,MIL,2847.5,,93,101,-8
200801020MIA,RS,MIL,2855.8,,96,101,-5
200801020MIA,RS,MIL,2856.9,,96,102,-6
200801020MIA,RS,MIL,2869.7,,96,103,-7
200801020MIA,RS,MIL,2877.1,F,98,103,-5
200801020MIA,RS,MIL,2880.0,,98,103,-5
200801040DAL,RS,DAL,0.0,,0,0,0
200801040DAL,RS,DAL,47.0,,2,0,2
200801040DAL,RS,DAL,60.0,T,2,2,0
200801040DAL,RS,DAL,94.0,LC,2,4,-2
200801040DAL,RS,DAL,114.0,T,4,4,0
200801040DAL,RS,DAL,124.0,,4,7,-3
200801040DAL,RS,DAL,154.0,,4,10,-6
200801040DAL,RS,DAL,183.0,,7,10,-3
200801040DAL,RS,DAL,205.0,,7,12,-5
200801040DAL,RS,DAL,205.0,,7,13,-6
200801040DAL,RS,DAL,250.0,,10,13,-3
200801040DAL,RS,DAL,266.0,,10,14,-4
200801040DAL,RS,DAL,297.0,,12,14,-2
200801040DAL,RS,DAL,362.0,,12,16,-4
200801040DAL,RS,DAL,395.0,,14,16,-2
200801040DAL,RS,DAL,409.0,,14,18,-4
200801040DAL,RS,DAL,453.0,,14,20,-6
200801040DAL,RS,DAL,476.0,,15,20,-5
200801040DAL,RS,DAL,476.0,,16,20,-4
200801040DAL,RS,DAL,518.0,,18,20,-2
200801040DAL,RS,DAL,560.0,,18,22,-4
200801040DAL,RS,DAL,577.0,,20,22,-2
200801040DAL,RS,DAL,615.0,T,22,22,0
200801040DAL,RS,DAL,686.8,,22,24,-2
200801040DAL,RS,DAL,702.4,T,24,24,0
200801040DAL,RS,DAL,736.0,LC,26,24,2
200801040DAL,RS,DAL,780.0,LC,26,27,-1
200801040DAL,RS,DAL,799.0,LC,28,27,1
200801040DAL,RS,DAL,799.0,,29,27,2
200801040DAL,RS,DAL,819.0,,29,28,1
200801040DAL,RS,DAL,819.0,T,29,29,0
200801040DAL,RS,DAL,833.0,,31,29,2
200801040DAL,RS,DAL,868.0,,33,29,4
200801040DAL,RS,DAL,903.0,,34,29,5
200801040DAL,RS,DAL,903.0,,35,29,6
200801040DAL,RS,DAL,920.0,,35,32,3
200801040DAL,RS,DAL,945.0,,36,32,4
200801040DAL,RS,DAL,1015.0,,38,32,6
200801040DAL,RS,DAL,1032.0,,38,34,4
200801040DAL,RS,DAL,1075.0,,39,34,5
200801040DAL,RS,DAL,1092.0,,39,37,2
200801040DAL,RS,DAL,1111.0,,41,37,4
200801040DAL,RS,DAL,1140.0,,42,37,5
200801040DAL,RS,DAL,1156.0,,42,39,3
200801040DAL,RS,DAL,1185.0,,44,39,5
200801040DAL,RS,DAL,1211.0,,44,41,3
200801040DAL,RS,DAL,1211.0,,44,42,2
200801040DAL,RS,DAL,1257.0,,44,43,1
200801040DAL,RS,DAL,1277.0,,46,43,3
200801040DAL,RS,DAL,1303.0,,48,43,5
200801040DAL,RS,DAL,1318.0,,48,44,4
200801040DAL,RS,DAL,1330.0,,48,45,3
200801040DAL,RS,DAL,1330.0,,48,46,2
200801040DAL,RS,DAL,1357.0,,50,46,4
200801040DAL,RS,DAL,1378.0,,52,46,6
200801040DAL,RS,DAL,1397.6,,52,48,4
200801040DAL,RS,DAL,1411.8,,53,48,5
200801040DAL,RS,DAL,1433.7,,55,48,7
200801040DAL,RS,DAL,1433.7,,56,48,8
200801040DAL,RS,DAL,1462.0,,57,48,9
200801040DAL,RS,DAL,1462.0,,58,48,10
200801040DAL,RS,DAL,1535.0,,58,50,8
200801040DAL,RS,DAL,1556.0,,58,51,7
200801040DAL,RS,DAL,1556.0,,58,52,6
200801040DAL,RS,DAL,1571.0,,60,52,8
200801040DAL,RS,DAL,1585.0,,60,54,6
200801040DAL,RS,DAL,1653.0,,60,57,3
200801040DAL,RS,DAL,1677.0,,60,58,2
200801040DAL,RS,DAL,1677.0,,60,59,1
200801040DAL,RS,DAL,1711.0,,62,59,3
200801040DAL,RS,DAL,1730.0,,62,61,1
200801040DAL,RS,DAL,1775.0,LC,62,64,-2
200801040DAL,RS,DAL,1819.0,,62,66,-4
200801040DAL,RS,DAL,1839.0,,64,66,-2
200801040DAL,RS,DAL,1874.0,T,66,66,0
200801040DAL,RS,DAL,1897.0,,66,68,-2
200801040DAL,RS,DAL,1911.0,,67,68,-1
200801040DAL,RS,DAL,1911.0,T,68,68,0
200801040DAL,RS,DAL,2017.0,LC,70,68,2
200801040DAL,RS,DAL,2036.0,T,70,70,0
200801040DAL,RS,DAL,2064.0,,72,70,2
200801040DAL,RS,DAL,2114.2,,72,71,1
200801040DAL,RS,DAL,2157.2,,74,71,3
200801040DAL,RS,DAL,2201.0,,74,73,1
200801040DAL,RS,DAL,2201.0,T,74,74,0
200801040DAL,RS,DAL,2222.0,LC,74,75,-1
200801040DAL,RS,DAL,2222.0,,74,76,-2
200801040DAL,RS,DAL,2239.0,LC,77,76,1
200801040DAL,RS,DAL,2320.0,,79,76,3
200801040DAL,RS,DAL,2341.0,,79,78,1
200801040DAL,RS,DAL,2476.0,LC,79,80,-1
200801040DAL,RS,DAL,2492.0,LC,82,80,2
200801040DAL,RS,DAL,2525.0,T,82,82,0
200801040DAL,RS,DAL,2552.0,LC,82,85,-3
200801040DAL,RS,DAL,2653.0,,84,85,-1
200801040DAL,RS,DAL,2771.0,,84,87,-3
200801040DAL,RS,DAL,2805.0,,84,89,-5
200801040DAL,RS,DAL,2815.0,,85,89,-4
200801040DAL,RS,DAL,2817.0,,85,90,-5
200801040DAL,RS,DAL,2826.4,,86,90,-4
200801040DAL,RS,DAL,2826.4,,87,90,-3
200801040DAL,RS,DAL,2865.5,,89,90,-1
200801040DAL,RS,DAL,2873.3,,89,91,-2
200801040DAL,RS,DAL,2873.3,,89,92,-3
200801040DAL,RS,DAL,2878.0,F,89,94,-5
200801040DAL,RS,DAL,2880.0,,89,94,-5
200801060MEM,RS,MEM,0.0,,0,0,0
200801060MEM,RS,MEM,31.0,,2,0,2
200801060MEM,RS,MEM,47.0,T,2,2,0
200801060MEM,RS,MEM,94.0,,5,2,3
200801060MEM,RS,MEM,109.0,,5,4,1
200801060MEM,RS,MEM,145.0,,7,4,3
200801060MEM,RS,MEM,187.0,,7,6,1
200801060MEM,RS,MEM,223.0,T,7,7,0
200801060MEM,RS,MEM,223.0,LC,7,8,-1
200801060MEM,RS,MEM,280.0,,7,9,-2
200801060MEM,RS,MEM,297.0,T,9,9,0
200801060MEM,RS,MEM,322.0,,9,11,-2
200801060MEM,RS,MEM,345.0,,9,12,-3
200801060MEM,RS,MEM,345.0,,9,13,-4
200801060MEM,RS,MEM,365.0,,11,13,-2
200801060MEM,RS,MEM,376.0,,11,15,-4
200801060MEM,RS,MEM,422.0,,11,17,-6
200801060MEM,RS,MEM,434.0,,13,17,-4
200801060MEM,RS,MEM,446.0,,13,19,-6
200801060MEM,RS,MEM,465.0,,15,19,-4
200801060MEM,RS,MEM,481.0,,15,20,-5
200801060MEM,RS,MEM,481.0,,15,21,-6
200801060MEM,RS,MEM,554.0,,17,21,-4
200801060MEM,RS,MEM,585.0,,19,21,-2
200801060MEM,RS,MEM,612.0,,19,24,-5
200801060MEM,RS,MEM,633.0,,22,24,-2
200801060MEM,RS,MEM,650.0,,22,26,-4
200801060MEM,RS,MEM,673.6,,22,27,-5
200801060MEM,RS,MEM,673.6,,22,28,-6
200801060MEM,RS,MEM,740.0,,24,28,-4
200801060MEM,RS,MEM,740.0,,25,28,-3
200801060MEM,RS,MEM,752.0,,25,30,-5
200801060MEM,RS,MEM,772.0,,25,32,-7
200801060MEM,RS,MEM,882.0,,27,32,-5
200801060MEM,RS,MEM,899.0,,29,32,-3
200801060MEM,RS,MEM,996.0,,29,34,-5
200801060MEM,RS,MEM,996.0,,29,35,-6
200801060MEM,RS,MEM,1034.0,,29,37,-8
200801060MEM,RS,MEM,1070.0,,32,37,-5
200801060MEM,RS,MEM,1134.0,,34,37,-3
200801060MEM,RS,MEM,1142.0,,34,38,-4
200801060MEM,RS,MEM,1142.0,,34,39,-5
200801060MEM,RS,MEM,1156.0,,37,39,-2
200801060MEM,RS,MEM,1245.0,,38,39,-1
200801060MEM,RS,MEM,1270.0,LC,40,39,1
200801060MEM,RS,MEM,1296.0,,42,39,3
200801060MEM,RS,MEM,1316.0,,42,41,1
200801060MEM,RS,MEM,1337.0,,44,41,3
200801060MEM,RS,MEM,1363.0,,46,41,5
200801060MEM,RS,MEM,1404.3,,46,43,3
200801060MEM,RS,MEM,1497.0,,46,45,1
200801060MEM,RS,MEM,1569.0,LC,46,48,-2
200801060MEM,RS,MEM,1612.0,,46,50,-4
200801060MEM,RS,MEM,1632.0,,49,50,-1
200801060MEM,RS,MEM,1647.0,,49,53,-4
200801060MEM,RS,MEM,1662.0,,51,53,-2
200801060MEM,RS,MEM,1684.0,,51,56,-5
200801060MEM,RS,MEM,1704.0,,53,56,-3
200801060MEM,RS,MEM,1720.0,,53,58,-5
200801060MEM,RS,MEM,1761.0,,53,60,-7
200801060MEM,RS,MEM,1802.0,,53,61,-8
200801060MEM,RS,MEM,1802.0,,53,62,-9
200801060MEM,RS,MEM,1817.0,,55,62,-7
200801060MEM,RS,MEM,1846.0,,57,62,-5
200801060MEM,RS,MEM,1884.0,,58,62,-4
200801060MEM,RS,MEM,1901.0,,58,65,-7
200801060MEM,RS,MEM,1933.0,,58,66,-8
200801060MEM,RS,MEM,1958.0,,60,66,-6
200801060MEM,RS,MEM,1971.0,,60,68,-8
200801060MEM,RS,MEM,1993.0,,62,68,-6
200801060MEM,RS,MEM,2015.0,,64,68,-4
200801060MEM,RS,MEM,2040.0,,64,70,-6
200801060MEM,RS,MEM,2156.4,,66,70,-4
200801060MEM,RS,MEM,2177.0,,66,72,-6
200801060MEM,RS,MEM,2196.0,,68,72,-4
200801060MEM,RS,MEM,2196.0,,69,72,-3
200801060MEM,RS,MEM,2218.0,,69,73,-4
200801060MEM,RS,MEM,2218.0,,69,74,-5
200801060MEM,RS,MEM,2233.0,,72,74,-2
200801060MEM,RS,MEM,2254.0,,72,76,-4
200801060MEM,RS,MEM,2271.0,,74,76,-2
200801060MEM,RS,MEM,2283.0,,74,78,-4
200801060MEM,RS,MEM,2316.0,,74,80,-6
200801060MEM,RS,MEM,2372.0,,76,80,-4
200801060MEM,RS,MEM,2393.0,,76,82,-6
200801060MEM,RS,MEM,2413.0,,76,83,-7
200801060MEM,RS,MEM,2413.0,,76,84,-8
200801060MEM,RS,MEM,2425.0,,78,84,-6
200801060MEM,RS,MEM,2459.0,,79,84,-5
200801060MEM,RS,MEM,2459.0,,80,84,-4
200801060MEM,RS,MEM,2483.0,,83,84,-1
200801060MEM,RS,MEM,2511.0,,83,85,-2
200801060MEM,RS,MEM,2511.0,,83,86,-3
200801060MEM,RS,MEM,2525.0,,85,86,-1
200801060MEM,RS,MEM,2549.0,,85,88,-3
200801060MEM,RS,MEM,2576.0,,87,88,-1
200801060MEM,RS,MEM,2620.0,LC,90,88,2
200801060MEM,RS,MEM,2657.0,T,90,90,0
200801060MEM,RS,MEM,2677.0,,92,90,2
200801060MEM,RS,MEM,2708.0,T,92,92,0
200801060MEM,RS,MEM,2763.0,LC,92,94,-2
200801060MEM,RS,MEM,2836.9,,92,96,-4
200801060MEM,RS,MEM,2852.2,,92,97,-5
200801060MEM,RS,MEM,2852.2,,92,98,-6
200801060MEM,RS,MEM,2860.8,,92,99,-7
200801060MEM,RS,MEM,2864.3,,92,100,-8
200801060MEM,RS,MEM,2864.3,,92,101,-9
200801060MEM,RS,MEM,2871.0,F,94,101,-7
200801060MEM,RS,MEM,2880.0,,94,101,-7
200801080MIN,RS,MIN,0.0,,0,0,0
200801080MIN,RS,MIN,26.0,,0,2,-2
200801080MIN,RS,MIN,44.0,,1,2,-1
200801080MIN,RS,MIN,70.0,LC,3,2,1
200801080MIN,RS,MIN,87.0,LC,3,4,-1
200801080MIN,RS,MIN,107.0,LC,5,4,1
200801080MIN,RS,MIN,165.0,,7,4,3
200801080MIN,RS,MIN,191.0,,7,6,1
200801080MIN,RS,MIN,243.0,LC,7,8,-1
200801080MIN,RS,MIN,309.0,,7,10,-3
200801080MIN,RS,MIN,330.0,,9,10,-1
200801080MIN,RS,MIN,348.0,,9,12,-3
200801080MIN,RS,MIN,350.0,,9,14,-5
200801080MIN,RS,MIN,381.0,,9,17,-8
200801080MIN,RS,MIN,393.0,,11,17,-6
200801080MIN,RS,MIN,421.0,,13,17,-4
200801080MIN,RS,MIN,444.0,,13,18,-5
200801080MIN,RS,MIN,444.0,,13,19,-6
200801080MIN,RS,MIN,511.0,,13,21,-8
200801080MIN,RS,MIN,532.0,,13,23,-10
200801080MIN,RS,MIN,554.0,,16,23,-7
200801080MIN,RS,MIN,605.0,,16,25,-9
200801080MIN,RS,MIN,648.0,,18,25,-7
200801080MIN,RS,MIN,665.8,,18,27,-9
200801080MIN,RS,MIN,691.2,,18,29,-11
200801080MIN,RS,MIN,736.0,,18,31,-13
200801080MIN,RS,MIN,736.0,,18,32,-14
200801080MIN,RS,MIN,782.0,,21,32,-11
200801080MIN,RS,MIN,829.0,,23,32,-9
200801080MIN,RS,MIN,851.0,,23,35,-12
200801080MIN,RS,MIN,871.0,,23,37,-14
200801080MIN,RS,MIN,886.0,,25,37,-12
200801080MIN,RS,MIN,923.0,,27,37,-10
200801080MIN,RS,MIN,937.0,,27,39,-12
200801080MIN,RS,MIN,976.0,,27,41,-14
200801080MIN,RS,MIN,1045.0,,29,41,-12
200801080MIN,RS,MIN,1061.0,,29,43,-14
200801080MIN,RS,MIN,1072.0,,30,43,-13
200801080MIN,RS,MIN,1072.0,,31,43,-12
200801080MIN,RS,MIN,1098.0,,33,43,-10
200801080MIN,RS,MIN,1141.0,,35,43,-8
200801080MIN,RS,MIN,1156.0,,35,45,-10
200801080MIN,RS,MIN,1179.0,,36,45,-9
200801080MIN,RS,MIN,1196.0,,36,47,-11
200801080MIN,RS,MIN,1213.0,,36,49,-13
200801080MIN,RS,MIN,1231.0,,37,49,-12
200801080MIN,RS,MIN,1231.0,,38,49,-11
200801080MIN,RS,MIN,1255.0,,38,51,-13
200801080MIN,RS,MIN,1274.0,,38,53,-15
200801080MIN,RS,MIN,1293.0,,39,53,-14
200801080MIN,RS,MIN,1293.0,,40,53,-13
200801080MIN,RS,MIN,1325.0,,40,55,-15
200801080MIN,RS,MIN,1340.0,,42,55,-13
200801080MIN,RS,MIN,1340.0,,43,55,-12
200801080MIN,RS,MIN,1353.0,,43,57,-14
200801080MIN,RS,MIN,1390.1,,45,57,-12
200801080MIN,RS,MIN,1402.1,,45,59,-14
200801080MIN,RS,MIN,1416.7,,46,59,-13
200801080MIN,RS,MIN,1416.7,,47,59,-12
200801080MIN,RS,MIN,1455.0,,47,61,-14
200801080MIN,RS,MIN,1469.0,,49,61,-12
200801080MIN,RS,MIN,1508.0,,51,61,-10
200801080MIN,RS,MIN,1563.0,,51,63,-12
200801080MIN,RS,MIN,1636.0,,51,66,-15
200801080MIN,RS,MIN,1657.0,,53,66,-13
200801080MIN,RS,MIN,1663.0,,53,67,-14
200801080MIN,RS,MIN,1663.0,,53,68,-15
200801080MIN,RS,MIN,1663.0,,53,69,-16
200801080MIN,RS,MIN,1683.0,,53,72,-19
200801080MIN,RS,MIN,1706.0,,55,72,-17
200801080MIN,RS,MIN,1737.0,,55,74,-19
200801080MIN,RS,MIN,1752.0,,58,74,-16
200801080MIN,RS,MIN,1773.0,,58,77,-19
200801080MIN,RS,MIN,1796.0,,60,77,-17
200801080MIN,RS,MIN,1821.0,,62,77,-15
200801080MIN,RS,MIN,1843.0,,64,77,-13
200801080MIN,RS,MIN,1935.0,,64,79,-15
200801080MIN,RS,MIN,1949.0,,66,79,-13
200801080MIN,RS,MIN,1991.0,,69,79,-10
200801080MIN,RS,MIN,2063.0,,69,80,-11
200801080MIN,RS,MIN,2094.0,,71,80,-9
200801080MIN,RS,MIN,2155.5,,71,81,-10
200801080MIN,RS,MIN,2155.5,,71,82,-11
200801080MIN,RS,MIN,2171.0,,72,82,-10
200801080MIN,RS,MIN,2198.0,,73,82,-9
200801080MIN,RS,MIN,2198.0,,74,82,-8
200801080MIN,RS,MIN,2212.0,,74,84,-10
200801080MIN,RS,MIN,2242.0,,74,86,-12
200801080MIN,RS,MIN,2266.0,,76,86,-10
200801080MIN,RS,MIN,2297.0,,77,86,-9
200801080MIN,RS,MIN,2297.0,,78,86,-8
200801080MIN,RS,MIN,2334.0,,78,88,-10
200801080MIN,RS,MIN,2349.0,,79,88,-9
200801080MIN,RS,MIN,2349.0,,80,88,-8
200801080MIN,RS,MIN,2368.0,,80,89,-9
200801080MIN,RS,MIN,2398.0,,80,92,-12
200801080MIN,RS,MIN,2411.0,,82,92,-10
200801080MIN,RS,MIN,2458.0,,82,94,-12
200801080MIN,RS,MIN,2479.0,,83,94,-11
200801080MIN,RS,MIN,2479.0,,84,94,-10
200801080MIN,RS,MIN,2555.0,,84,97,-13
200801080MIN,RS,MIN,2599.0,,87,97,-10
200801080MIN,RS,MIN,2640.0,,89,97,-8
200801080MIN,RS,MIN,2724.0,,91,97,-6
200801080MIN,RS,MIN,2802.0,,91,99,-8
200801080MIN,RS,MIN,2853.6,F,91,101,-10
200801080MIN,RS,MIN,2880.0,,91,101,-10
200801090MIL,RS,MIL,0.0,,0,0,0
200801090MIL,RS,MIL,45.0,,2,0,2
200801090MIL,RS,MIL,79.0,,4,0,4
200801090MIL,RS,MIL,102.0,,4,2,2
200801090MIL,RS,MIL,119.0,,5,2,3
200801090MIL,RS,MIL,140.0,T,5,5,0
200801090MIL,RS,MIL,172.0,LC,5,7,-2
200801090MIL,RS,MIL,198.0,,5,9,-4
200801090MIL,RS,MIL,235.0,,7,9,-2
200801090MIL,RS,MIL,253.0,,7,11,-4
200801090MIL,RS,MIL,275.0,,7,13,-6
200801090MIL,RS,MIL,275.0,,7,14,-7
200801090MIL,RS,MIL,300.0,,7,16,-9
200801090MIL,RS,MIL,337.0,,7,18,-11
200801090MIL,RS,MIL,357.0,,9,18,-9
200801090MIL,RS,MIL,373.0,,9,20,-11
200801090MIL,RS,MIL,390.0,,11,20,-9
200801090MIL,RS,MIL,409.0,,11,22,-11
200801090MIL,RS,MIL,457.0,,12,22,-10
200801090MIL,RS,MIL,457.0,,13,22,-9
200801090MIL,RS,MIL,499.0,,13,23,-10
200801090MIL,RS,MIL,517.0,,15,23,-8
200801090MIL,RS,MIL,556.0,,17,23,-6
200801090MIL,RS,MIL,588.0,,19,23,-4
200801090MIL,RS,MIL,606.0,,19,25,-6
200801090MIL,RS,MIL,665.6,,20,25,-5
200801090MIL,RS,MIL,665.6,,21,25,-4
200801090MIL,RS,MIL,693.7,,23,25,-2
200801090MIL,RS,MIL,781.0,,23,27,-4
200801090MIL,RS,MIL,824.0,,23,29,-6
200801090MIL,RS,MIL,903.0,,23,31,-8
200801090MIL,RS,MIL,943.0,,24,31,-7
200801090MIL,RS,MIL,943.0,,25,31,-6
200801090MIL,RS,MIL,955.0,,25,32,-7
200801090MIL,RS,MIL,955.0,,25,33,-8
200801090MIL,RS,MIL,986.0,,25,34,-9
200801090MIL,RS,MIL,986.0,,25,35,-10
200801090MIL,RS,MIL,1015.0,,25,38,-13
200801090MIL,RS,MIL,1050.0,,26,38,-12
200801090MIL,RS,MIL,1080.0,,27,38,-11
200801090MIL,RS,MIL,1080.0,,28,38,-10
200801090MIL,RS,MIL,1096.0,,30,38,-8
200801090MIL,RS,MIL,1118.0,,30,41,-11
200801090MIL,RS,MIL,1146.0,,30,43,-13
200801090MIL,RS,MIL,1146.0,,30,44,-14
200801090MIL,RS,MIL,1163.0,,32,44,-12
200801090MIL,RS,MIL,1179.0,,32,47,-15
200801090MIL,RS,MIL,1189.0,,34,47,-13
200801090MIL,RS,MIL,1222.0,,34,49,-15
200801090MIL,RS,MIL,1243.0,,37,49,-12
200801090MIL,RS,MIL,1263.0,,38,49,-11
200801090MIL,RS,MIL,1263.0,,39,49,-10
200801090MIL,RS,MIL,1284.0,,39,51,-12
200801090MIL,RS,MIL,1313.0,,42,51,-9
200801090MIL,RS,MIL,1339.0,,42,53,-11
200801090MIL,RS,MIL,1354.0,,44,53,-9
200801090MIL,RS,MIL,1377.0,,45,53,-8
200801090MIL,RS,MIL,1377.0,,46,53,-7
200801090MIL,RS,MIL,1390.1,,46,55,-9
200801090MIL,RS,MIL,1405.7,,48,55,-7
200801090MIL,RS,MIL,1434.9,,50,55,-5
200801090MIL,RS,MIL,1476.0,,50,57,-7
200801090MIL,RS,MIL,1538.0,,50,58,-8
200801090MIL,RS,MIL,1580.0,,50,60,-10
200801090MIL,RS,MIL,1666.0,,50,62,-12
200801090MIL,RS,MIL,1749.0,,51,62,-11
200801090MIL,RS,MIL,1749.0,,52,62,-10
200801090MIL,RS,MIL,1785.0,,54,62,-8
200801090MIL,RS,MIL,1819.0,,55,62,-7
200801090MIL,RS,MIL,1829.0,,57,62,-5
200801090MIL,RS,MIL,1885.0,,59,62,-3
200801090MIL,RS,MIL,1922.0,,61,62,-1
200801090MIL,RS,MIL,1943.0,,61,64,-3
200801090MIL,RS,MIL,1990.0,,63,64,-1
200801090MIL,RS,MIL,2049.0,LC,66,64,2
200801090MIL,RS,MIL,2121.4,T,66,66,0
200801090MIL,RS,MIL,2151.5,LC,66,67,-1
200801090MIL,RS,MIL,2151.5,,66,68,-2
200801090MIL,RS,MIL,2179.0,,66,70,-4
200801090MIL,RS,MIL,2221.0,,68,70,-2
200801090MIL,RS,MIL,2237.0,,68,71,-3
200801090MIL,RS,MIL,2258.0,,68,72,-4
200801090MIL,RS,MIL,2258.0,,68,73,-5
200801090MIL,RS,MIL,2273.0,,70,73,-3
200801090MIL,RS,MIL,2289.0,,70,75,-5
200801090MIL,RS,MIL,2347.0,,70,76,-6
200801090MIL,RS,MIL,2347.0,,70,77,-7
200801090MIL,RS,MIL,2368.0,,70,78,-8
200801090MIL,RS,MIL,2414.0,,70,80,-10
200801090MIL,RS,MIL,2441.0,,71,80,-9
200801090MIL,RS,MIL,2457.0,,71,83,-12
200801090MIL,RS,MIL,2507.0,,71,85,-14
200801090MIL,RS,MIL,2525.0,,72,85,-13
200801090MIL,RS,MIL,2525.0,,73,85,-12
200801090MIL,RS,MIL,2564.0,,74,85,-11
200801090MIL,RS,MIL,2564.0,,75,85,-10
200801090MIL,RS,MIL,2593.0,,77,85,-8
200801090MIL,RS,MIL,2628.0,,80,85,-5
200801090MIL,RS,MIL,2649.0,,80,86,-6
200801090MIL,RS,MIL,2666.0,,81,86,-5
200801090MIL,RS,MIL,2689.0,,82,86,-4
200801090MIL,RS,MIL,2689.0,,83,86,-3
200801090MIL,RS,MIL,2709.0,,83,89,-6
200801090MIL,RS,MIL,2726.0,,84,89,-5
200801090MIL,RS,MIL,2726.0,,85,89,-4
200801090MIL,RS,MIL,2749.0,,85,90,-5
200801090MIL,RS,MIL,2749.0,,85,91,-6
200801090MIL,RS,MIL,2763.0,,87,91,-4
200801090MIL,RS,MIL,2784.0,,87,93,-6
200801090MIL,RS,MIL,2828.5,,89,93,-4
200801090MIL,RS,MIL,2828.5,,90,93,-3
200801090MIL,RS,MIL,2869.7,,90,94,-4
200801090MIL,RS,MIL,2869.7,,90,95,-5
200801090MIL,RS,MIL,2872.6,,92,95,-3
200801090MIL,RS,MIL,2873.8,,92,96,-4
200801090MIL,RS,MIL,2873.8,,92,97,-5
200801090MIL,RS,MIL,2878.2,F,92,98,-6
200801090MIL,RS,MIL,2880.0,,92,98,-6
200801110NOH,RS,NOH,0.0,,0,0,0
200801110NOH,RS,NOH,102.0,,0,3,-3
200801110NOH,RS,NOH,137.0,,0,6,-6
200801110NOH,RS,NOH,154.0,,3,6,-3
200801110NOH,RS,NOH,186.0,,5,6,-1
200801110NOH,RS,NOH,222.0,LC,8,6,2
200801110NOH,RS,NOH,263.0,T,8,8,0
200801110NOH,RS,NOH,279.0,,10,8,2
200801110NOH,RS,NOH,313.0,,12,8,4
200801110NOH,RS,NOH,332.0,,12,10,2
200801110NOH,RS,NOH,346.0,,13,10,3
200801110NOH,RS,NOH,360.0,,13,11,2
200801110NOH,RS,NOH,376.0,,14,11,3
200801110NOH,RS,NOH,391.0,,14,12,2
200801110NOH,RS,NOH,432.0,T,14,14,0
200801110NOH,RS,NOH,452.0,LC,14,16,-2
200801110NOH,RS,NOH,492.0,T,16,16,0
200801110NOH,RS,NOH,501.0,,16,18,-2
200801110NOH,RS,NOH,529.0,,16,21,-5
200801110NOH,RS,NOH,565.0,,18,21,-3
200801110NOH,RS,NOH,585.0,,18,24,-6
200801110NOH,RS,NOH,608.0,,20,24,-4
200801110NOH,RS,NOH,622.0,,20,27,-7
200801110NOH,RS,NOH,643.0,,22,27,-5
200801110NOH,RS,NOH,660.0,,22,30,-8
200801110NOH,RS,NOH,675.8,,24,30,-6
200801110NOH,RS,NOH,689.0,,24,32,-8
200801110NOH,RS,NOH,735.0,,26,32,-6
200801110NOH,RS,NOH,750.0,,26,34,-8
200801110NOH,RS,NOH,767.0,,28,34,-6
200801110NOH,RS,NOH,807.0,,28,36,-8
200801110NOH,RS,NOH,849.0,,28,38,-10
200801110NOH,RS,NOH,874.0,,30,38,-8
200801110NOH,RS,NOH,899.0,,30,40,-10
200801110NOH,RS,NOH,980.0,,30,42,-12
200801110NOH,RS,NOH,1001.0,,30,44,-14
200801110NOH,RS,NOH,1023.0,,31,44,-13
200801110NOH,RS,NOH,1082.0,,31,47,-16
200801110NOH,RS,NOH,1119.0,,31,49,-18
200801110NOH,RS,NOH,1137.0,,33,49,-16
200801110NOH,RS,NOH,1185.0,,35,49,-14
200801110NOH,RS,NOH,1210.0,,35,51,-16
200801110NOH,RS,NOH,1231.0,,37,51,-14
200801110NOH,RS,NOH,1272.0,,39,51,-12
200801110NOH,RS,NOH,1310.0,,39,53,-14
200801110NOH,RS,NOH,1376.0,,39,55,-16
200801110NOH,RS,NOH,1427.0,,41,55,-14
200801110NOH,RS,NOH,1466.0,,43,55,-12
200801110NOH,RS,NOH,1485.0,,43,57,-14
200801110NOH,RS,NOH,1515.0,,45,57,-12
200801110NOH,RS,NOH,1557.0,,47,57,-10
200801110NOH,RS,NOH,1592.0,,50,57,-7
200801110NOH,RS,NOH,1605.0,,50,59,-9
200801110NOH,RS,NOH,1646.0,,50,61,-11
200801110NOH,RS,NOH,1665.0,,52,61,-9
200801110NOH,RS,NOH,1698.0,,54,61,-7
200801110NOH,RS,NOH,1734.0,,56,61,-5
200801110NOH,RS,NOH,1749.0,,56,62,-6
200801110NOH,RS,NOH,1749.0,,56,63,-7
200801110NOH,RS,NOH,1781.0,,56,65,-9
200801110NOH,RS,NOH,1813.0,,58,65,-7
200801110NOH,RS,NOH,1873.0,,58,67,-9
200801110NOH,RS,NOH,1916.0,,58,70,-12
200801110NOH,RS,NOH,1958.0,,58,73,-15
200801110NOH,RS,NOH,1976.0,,60,73,-13
200801110NOH,RS,NOH,2043.0,,60,75,-15
200801110NOH,RS,NOH,2064.0,,62,75,-13
200801110NOH,RS,NOH,2085.0,,62,78,-16
200801110NOH,RS,NOH,2098.0,,64,78,-14
200801110NOH,RS,NOH,2111.9,,64,80,-16
200801110NOH,RS,NOH,2111.9,,64,81,-17
200801110NOH,RS,NOH,2119.2,,65,81,-16
200801110NOH,RS,NOH,2119.2,,66,81,-15
200801110NOH,RS,NOH,2132.9,,66,84,-18
200801110NOH,RS,NOH,2160.0,,66,86,-20
200801110NOH,RS,NOH,2178.0,,66,89,-23
200801110NOH,RS,NOH,2217.0,,66,91,-25
200801110NOH,RS,NOH,2231.0,,68,91,-23
200801110NOH,RS,NOH,2252.0,,68,93,-25
200801110NOH,RS,NOH,2270.0,,71,93,-22
200801110NOH,RS,NOH,2292.0,,71,95,-24
200801110NOH,RS,NOH,2317.0,,71,97,-26
200801110NOH,RS,NOH,2414.0,,71,100,-29
200801110NOH,RS,NOH,2446.0,,73,100,-27
200801110NOH,RS,NOH,2469.0,,73,102,-29
200801110NOH,RS,NOH,2493.0,,73,104,-31
200801110NOH,RS,NOH,2518.0,,76,104,-28
200801110NOH,RS,NOH,2537.0,,76,106,-30
200801110NOH,RS,NOH,2566.0,,77,106,-29
200801110NOH,RS,NOH,2566.0,,78,106,-28
200801110NOH,RS,NOH,2580.0,,78,108,-30
200801110NOH,RS,NOH,2593.0,,80,108,-28
200801110NOH,RS,NOH,2609.0,,80,109,-29
200801110NOH,RS,NOH,2621.0,,83,109,-26
200801110NOH,RS,NOH,2673.0,,83,110,-27
200801110NOH,RS,NOH,2707.0,,83,112,-29
200801110NOH,RS,NOH,2736.0,,83,114,-31
200801110NOH,RS,NOH,2757.0,,85,114,-29
200801110NOH,RS,NOH,2860.2,F,88,114,-26
200801110NOH,RS,NOH,2880.0,,88,114,-26
200801160MIA,RS,CHI,0.0,,0,0,0
200801160MIA,RS,CHI,62.0,,0,2,-2
200801160MIA,RS,CHI,81.0,T,2,2,0
200801160MIA,RS,CHI,108.0,LC,4,2,2
200801160MIA,RS,CHI,132.0,T,4,4,0
200801160MIA,RS,CHI,159.0,LC,4,6,-2
200801160MIA,RS,CHI,193.0,,4,9,-5
200801160MIA,RS,CHI,224.0,,4,10,-6
200801160MIA,RS,CHI,245.0,,6,10,-4
200801160MIA,RS,CHI,257.0,,6,12,-6
200801160MIA,RS,CHI,284.0,,8,12,-4
200801160MIA,RS,CHI,305.0,,8,14,-6
200801160MIA,RS,CHI,331.0,,8,16,-8
200801160MIA,RS,CHI,363.0,,10,16,-6
200801160MIA,RS,CHI,398.0,,12,16,-4
200801160MIA,RS,CHI,415.0,,12,18,-6
200801160MIA,RS,CHI,434.0,,14,18,-4
200801160MIA,RS,CHI,456.0,,15,18,-3
200801160MIA,RS,CHI,456.0,,16,18,-2
200801160MIA,RS,CHI,480.0,,16,20,-4
200801160MIA,RS,CHI,489.0,,18,20,-2
200801160MIA,RS,CHI,502.0,,18,22,-4
200801160MIA,RS,CHI,534.0,,18,24,-6
200801160MIA,RS,CHI,599.0,,20,24,-4
200801160MIA,RS,CHI,613.0,,20,27,-7
200801160MIA,RS,CHI,630.0,,21,27,-6
200801160MIA,RS,CHI,675.5,,21,28,-7
200801160MIA,RS,CHI,675.5,,21,29,-8
200801160MIA,RS,CHI,690.9,,21,31,-10
200801160MIA,RS,CHI,713.1,,21,34,-13
200801160MIA,RS,CHI,719.2,,22,34,-12
200801160MIA,RS,CHI,719.2,,23,34,-11
200801160MIA,RS,CHI,748.0,,25,34,-9
200801160MIA,RS,CHI,765.0,,25,37,-12
200801160MIA,RS,CHI,784.0,,26,37,-11
200801160MIA,RS,CHI,807.0,,27,37,-10
200801160MIA,RS,CHI,828.0,,29,37,-8
200801160MIA,RS,CHI,828.0,,30,37,-7
200801160MIA,RS,CHI,842.0,,30,39,-9
200801160MIA,RS,CHI,872.0,,30,40,-10
200801160MIA,RS,CHI,872.0,,30,41,-11
200801160MIA,RS,CHI,894.0,,31,41,-10
200801160MIA,RS,CHI,894.0,,32,41,-9
200801160MIA,RS,CHI,926.0,,33,41,-8
200801160MIA,RS,CHI,956.0,,35,41,-6
200801160MIA,RS,CHI,975.0,,35,43,-8
200801160MIA,RS,CHI,1002.0,,35,44,-9
200801160MIA,RS,CHI,1002.0,,35,45,-10
200801160MIA,RS,CHI,1029.0,,37,45,-8
200801160MIA,RS,CHI,1048.0,,40,45,-5
200801160MIA,RS,CHI,1085.0,,41,45,-4
200801160MIA,RS,CHI,1085.0,,42,45,-3
200801160MIA,RS,CHI,1129.0,,42,47,-5
200801160MIA,RS,CHI,1129.0,,42,48,-6
200801160MIA,RS,CHI,1187.0,,42,50,-8
200801160MIA,RS,CHI,1206.0,,44,50,-6
200801160MIA,RS,CHI,1234.0,,44,51,-7
200801160MIA,RS,CHI,1234.0,,44,52,-8
200801160MIA,RS,CHI,1267.0,,46,52,-6
200801160MIA,RS,CHI,1283.0,,46,54,-8
200801160MIA,RS,CHI,1319.0,,46,55,-9
200801160MIA,RS,CHI,1319.0,,46,56,-10
200801160MIA,RS,CHI,1341.0,,48,56,-8
200801160MIA,RS,CHI,1371.0,,50,56,-6
200801160MIA,RS,CHI,1410.7,,50,58,-8
200801160MIA,RS,CHI,1431.5,,53,58,-5
200801160MIA,RS,CHI,1463.0,,56,58,-2
200801160MIA,RS,CHI,1487.0,,56,60,-4
200801160MIA,RS,CHI,1500.0,,58,60,-2
200801160MIA,RS,CHI,1603.0,,58,62,-4
200801160MIA,RS,CHI,1617.0,,60,62,-2
200801160MIA,RS,CHI,1637.0,,60,63,-3
200801160MIA,RS,CHI,1637.0,,60,64,-4
200801160MIA,RS,CHI,1671.0,,60,66,-6
200801160MIA,RS,CHI,1671.0,,60,67,-7
200801160MIA,RS,CHI,1694.0,,60,69,-9
200801160MIA,RS,CHI,1694.0,,60,70,-10
200801160MIA,RS,CHI,1700.0,,61,70,-9
200801160MIA,RS,CHI,1700.0,,62,70,-8
200801160MIA,RS,CHI,1716.0,,62,72,-10
200801160MIA,RS,CHI,1738.0,,64,72,-8
200801160MIA,RS,CHI,1756.0,,64,74,-10
200801160MIA,RS,CHI,1804.0,,66,74,-8
200801160MIA,RS,CHI,1815.0,,66,75,-9
200801160MIA,RS,CHI,1815.0,,66,76,-10
200801160MIA,RS,CHI,1835.0,,68,76,-8
200801160MIA,RS,CHI,1878.0,,68,78,-10
200801160MIA,RS,CHI,1898.0,,70,78,-8
200801160MIA,RS,CHI,1914.0,,70,79,-9
200801160MIA,RS,CHI,1935.0,,72,79,-7
200801160MIA,RS,CHI,1946.0,,72,81,-9
200801160MIA,RS,CHI,1968.0,,74,81,-7
200801160MIA,RS,CHI,1984.0,,74,83,-9
200801160MIA,RS,CHI,2000.0,,75,83,-8
200801160MIA,RS,CHI,2000.0,,76,83,-7
200801160MIA,RS,CHI,2015.0,,76,85,-9
200801160MIA,RS,CHI,2029.0,,77,85,-8
200801160MIA,RS,CHI,2042.0,,77,87,-10
200801160MIA,RS,CHI,2070.0,,79,87,-8
200801160MIA,RS,CHI,2083.0,,79,89,-10
200801160MIA,RS,CHI,2105.0,,79,92,-13
200801160MIA,RS,CHI,2156.7,,79,93,-14
200801160MIA,RS,CHI,2197.0,,81,93,-12
200801160MIA,RS,CHI,2197.0,,82,93,-11
200801160MIA,RS,CHI,2212.0,,82,95,-13
200801160MIA,RS,CHI,2245.0,,82,98,-16
200801160MIA,RS,CHI,2274.0,,82,101,-19
200801160MIA,RS,CHI,2311.0,,82,103,-21
200801160MIA,RS,CHI,2320.0,,85,103,-18
200801160MIA,RS,CHI,2370.0,,87,103,-16
200801160MIA,RS,CHI,2401.0,,87,105,-18
200801160MIA,RS,CHI,2435.0,,87,106,-19
200801160MIA,RS,CHI,2435.0,,87,107,-20
200801160MIA,RS,CHI,2496.0,,87,110,-23
200801160MIA,RS,CHI,2528.0,,87,112,-25
200801160MIA,RS,CHI,2550.0,,89,112,-23
200801160MIA,RS,CHI,2598.0,,89,114,-25
200801160MIA,RS,CHI,2610.0,,91,114,-23
200801160MIA,RS,CHI,2610.0,,92,114,-22
200801160MIA,RS,CHI,2668.0,,92,115,-23
200801160MIA,RS,CHI,2682.0,,94,115,-21
200801160MIA,RS,CHI,2700.0,,94,117,-23
200801160MIA,RS,CHI,2745.0,,94,120,-26
200801160MIA,RS,CHI,2758.0,,96,120,-24
200801160MIA,RS,CHI,2781.0,,96,122,-26
200801160MIA,RS,CHI,2822.5,,96,124,-28
200801160MIA,RS,CHI,2864.8,F,96,126,-30
200801160MIA,RS,CHI,2880.0,,96,126,-30
200801180MIA,RS,POR,0.0,,0,0,0
200801180MIA,RS,POR,56.0,,0,2,-2
200801180MIA,RS,POR,77.0,T,2,2,0
200801180MIA,RS,POR,140.0,LC,4,2,2
200801180MIA,RS,POR,189.0,T,4,4,0
200801180MIA,RS,POR,204.0,,6,4,2
200801180MIA,RS,POR,238.0,,8,4,4
200801180MIA,RS,POR,271.0,,8,6,2
200801180MIA,RS,POR,284.0,,10,6,4
200801180MIA,RS,POR,310.0,,12,6,6
200801180MIA,RS,POR,387.0,,14,6,8
200801180MIA,RS,POR,409.0,,14,8,6
200801180MIA,RS,POR,451.0,,14,11,3
200801180MIA,RS,POR,463.0,,16,11,5
200801180MIA,RS,POR,473.0,,16,12,4
200801180MIA,RS,POR,484.0,,16,14,2
200801180MIA,RS,POR,528.0,T,16,16,0
200801180MIA,RS,POR,622.0,LC,16,18,-2
200801180MIA,RS,POR,657.0,,16,19,-3
200801180MIA,RS,POR,688.3,,16,21,-5
200801180MIA,RS,POR,717.9,,16,22,-6
200801180MIA,RS,POR,755.0,,17,22,-5
200801180MIA,RS,POR,755.0,,18,22,-4
200801180MIA,RS,POR,801.0,,18,23,-5
200801180MIA,RS,POR,819.0,,18,25,-7
200801180MIA,RS,POR,861.0,,20,25,-5
200801180MIA,RS,POR,916.0,,20,27,-7
200801180MIA,RS,POR,975.0,,20,29,-9
200801180MIA,RS,POR,991.0,,22,29,-7
200801180MIA,RS,POR,1040.0,,24,29,-5
200801180MIA,RS,POR,1078.0,,26,29,-3
200801180MIA,RS,POR,1114.0,,26,31,-5
200801180MIA,RS,POR,1114.0,,26,32,-6
200801180MIA,RS,POR,1152.0,,26,35,-9
200801180MIA,RS,POR,1166.0,,29,35,-6
200801180MIA,RS,POR,1177.0,,29,36,-7
200801180MIA,RS,POR,1177.0,,29,37,-8
200801180MIA,RS,POR,1216.0,,29,39,-10
200801180MIA,RS,POR,1238.0,,32,39,-7
200801180MIA,RS,POR,1260.0,,34,39,-5
200801180MIA,RS,POR,1283.0,,34,41,-7
200801180MIA,RS,POR,1318.0,,34,43,-9
200801180MIA,RS,POR,1338.0,,35,43,-8
200801180MIA,RS,POR,1338.0,,36,43,-7
200801180MIA,RS,POR,1363.0,,36,46,-10
200801180MIA,RS,POR,1382.5,,37,46,-9
200801180MIA,RS,POR,1382.5,,38,46,-8
200801180MIA,RS,POR,1398.8,,38,48,-10
200801180MIA,RS,POR,1415.5,,41,48,-7
200801180MIA,RS,POR,1425.0,,41,50,-9
200801180MIA,RS,POR,1459.0,,41,52,-11
200801180MIA,RS,POR,1491.0,,43,52,-9
200801180MIA,RS,POR,1572.0,,45,52,-7
200801180MIA,RS,POR,1590.0,,45,53,-8
200801180MIA,RS,POR,1590.0,,45,54,-9
200801180MIA,RS,POR,1602.0,,47,54,-7
200801180MIA,RS,POR,1602.0,,48,54,-6
200801180MIA,RS,POR,1627.0,,50,54,-4
200801180MIA,RS,POR,1649.0,,50,55,-5
200801180MIA,RS,POR,1649.0,,50,56,-6
200801180MIA,RS,POR,1678.0,,52,56,-4
200801180MIA,RS,POR,1695.0,,52,58,-6
200801180MIA,RS,POR,1706.0,,55,58,-3
200801180MIA,RS,POR,1722.0,,55,59,-4
200801180MIA,RS,POR,1722.0,,55,60,-5
200801180MIA,RS,POR,1736.0,,58,60,-2
200801180MIA,RS,POR,1742.0,,58,63,-5
200801180MIA,RS,POR,1793.0,,58,65,-7
200801180MIA,RS,POR,1848.0,,59,65,-6
200801180MIA,RS,POR,1848.0,,60,65,-5
200801180MIA,RS,POR,1914.0,,62,65,-3
200801180MIA,RS,POR,1931.0,,62,66,-4
200801180MIA,RS,POR,1931.0,,62,67,-5
200801180MIA,RS,POR,1958.0,,62,68,-6
200801180MIA,RS,POR,1958.0,,62,69,-7
200801180MIA,RS,POR,1982.0,,63,69,-6
200801180MIA,RS,POR,1982.0,,64,69,-5
200801180MIA,RS,POR,2011.0,,66,69,-3
200801180MIA,RS,POR,2026.0,,68,69,-1
200801180MIA,RS,POR,2026.0,T,69,69,0
200801180MIA,RS,POR,2065.0,LC,71,69,2
200801180MIA,RS,POR,2098.0,,73,69,4
200801180MIA,RS,POR,2098.0,,74,69,5
200801180MIA,RS,POR,2159.2,,76,69,7
200801180MIA,RS,POR,2199.0,,76,71,5
200801180MIA,RS,POR,2199.0,,76,72,4
200801180MIA,RS,POR,2237.0,,76,74,2
200801180MIA,RS,POR,2250.0,,77,74,3
200801180MIA,RS,POR,2250.0,,78,74,4
200801180MIA,RS,POR,2302.0,,78,77,1
200801180MIA,RS,POR,2345.0,T,78,78,0
200801180MIA,RS,POR,2345.0,LC,78,79,-1
200801180MIA,RS,POR,2414.0,,78,82,-4
200801180MIA,RS,POR,2449.0,,78,84,-6
200801180MIA,RS,POR,2480.0,,78,86,-8
200801180MIA,RS,POR,2579.0,,78,88,-10
200801180MIA,RS,POR,2604.0,,80,88,-8
200801180MIA,RS,POR,2648.0,,82,88,-6
200801180MIA,RS,POR,2661.0,,82,89,-7
200801180MIA,RS,POR,2661.0,,82,90,-8
200801180MIA,RS,POR,2731.0,,85,90,-5
200801180MIA,RS,POR,2760.0,,88,90,-2
200801180MIA,RS,POR,2821.7,,88,92,-4
200801180MIA,RS,POR,2842.2,,88,95,-7
200801180MIA,RS,POR,2851.7,,91,95,-4
200801180MIA,RS,POR,2855.8,,91,96,-5
200801180MIA,RS,POR,2862.7,,91,97,-6
200801180MIA,RS,POR,2862.7,F,91,98,-7
200801180MIA,RS,POR,2880.0,,91,98,-7
200801190MIA,RS,NYK,0.0,,0,0,0
200801190MIA,RS,NYK,69.0,,0,2,-2
200801190MIA,RS,NYK,90.0,T,2,2,0
200801190MIA,RS,NYK,111.0,LC,4,2,2
200801190MIA,RS,NYK,197.0,,5,2,3
200801190MIA,RS,NYK,197.0,,6,2,4
200801190MIA,RS,NYK,224.0,,8,2,6
200801190MIA,RS,NYK,257.0,,10,2,8
200801190MIA,RS,NYK,270.0,,10,3,7
200801190MIA,RS,NYK,270.0,,10,4,6
200801190MIA,RS,NYK,289.0,,13,4,9
200801190MIA,RS,NYK,303.0,,13,6,7
200801190MIA,RS,NYK,323.0,,13,8,5
200801190MIA,RS,NYK,356.0,,15,8,7
200801190MIA,RS,NYK,356.0,,16,8,8
200801190MIA,RS,NYK,399.0,,16,10,6
200801190MIA,RS,NYK,420.0,,18,10,8
200801190MIA,RS,NYK,420.0,,19,10,9
200801190MIA,RS,NYK,434.0,,19,12,7
200801190MIA,RS,NYK,471.0,,19,14,5
200801190MIA,RS,NYK,489.0,,21,14,7
200801190MIA,RS,NYK,533.0,,21,16,5
200801190MIA,RS,NYK,579.0,,22,16,6
200801190MIA,RS,NYK,579.0,,23,16,7
200801190MIA,RS,NYK,616.0,,24,16,8
200801190MIA,RS,NYK,634.0,,24,18,6
200801190MIA,RS,NYK,653.0,,27,18,9
200801190MIA,RS,NYK,666.4,,27,21,6
200801190MIA,RS,NYK,715.7,,30,21,9
200801190MIA,RS,NYK,740.0,,30,22,8
200801190MIA,RS,NYK,740.0,,30,23,7
200801190MIA,RS,NYK,762.0,,31,23,8
200801190MIA,RS,NYK,779.0,,31,25,6
200801190MIA,RS,NYK,795.0,,33,25,8
200801190MIA,RS,NYK,819.0,,33,27,6
200801190MIA,RS,NYK,832.0,,35,27,8
200801190MIA,RS,NYK,876.0,,35,29,6
200801190MIA,RS,NYK,944.0,,35,31,4
200801190MIA,RS,NYK,991.0,,35,33,2
200801190MIA,RS,NYK,1032.0,,37,33,4
200801190MIA,RS,NYK,1111.0,,39,33,6
200801190MIA,RS,NYK,1151.0,,39,34,5
200801190MIA,RS,NYK,1175.0,,41,34,7
200801190MIA,RS,NYK,1194.0,,41,35,6
200801190MIA,RS,NYK,1220.0,,43,35,8
200801190MIA,RS,NYK,1247.0,,44,35,9
200801190MIA,RS,NYK,1247.0,,45,35,10
200801190MIA,RS,NYK,1266.0,,45,36,9
200801190MIA,RS,NYK,1266.0,,45,37,8
200801190MIA,RS,NYK,1279.0,,45,38,7
200801190MIA,RS,NYK,1345.0,,45,40,5
200801190MIA,RS,NYK,1363.0,,48,40,8
200801190MIA,RS,NYK,1377.0,,48,41,7
200801190MIA,RS,NYK,1409.3,,48,43,5
200801190MIA,RS,NYK,1479.0,,49,43,6
200801190MIA,RS,NYK,1479.0,,50,43,7
200801190MIA,RS,NYK,1494.0,,50,45,5
200801190MIA,RS,NYK,1520.0,,52,45,7
200801190MIA,RS,NYK,1543.0,,52,47,5
200801190MIA,RS,NYK,1553.0,,54,47,7
200801190MIA,RS,NYK,1582.0,,56,47,9
200801190MIA,RS,NYK,1599.0,,56,48,8
200801190MIA,RS,NYK,1599.0,,56,49,7
200801190MIA,RS,NYK,1653.0,,56,51,5
200801190MIA,RS,NYK,1675.0,,58,51,7
200801190MIA,RS,NYK,1697.0,,59,51,8
200801190MIA,RS,NYK,1717.0,,59,53,6
200801190MIA,RS,NYK,1742.0,,59,54,5
200801190MIA,RS,NYK,1742.0,,59,55,4
200801190MIA,RS,NYK,1757.0,,61,55,6
200801190MIA,RS,NYK,1792.0,,61,57,4
200801190MIA,RS,NYK,1841.0,,63,57,6
200801190MIA,RS,NYK,1878.0,,65,57,8
200801190MIA,RS,NYK,1947.0,,66,57,9
200801190MIA,RS,NYK,1947.0,,67,57,10
200801190MIA,RS,NYK,1974.0,,67,59,8
200801190MIA,RS,NYK,2021.0,,67,61,6
200801190MIA,RS,NYK,2050.0,,67,63,4
200801190MIA,RS,NYK,2081.0,,67,65,2
200801190MIA,RS,NYK,2133.8,,69,65,4
200801190MIA,RS,NYK,2172.0,,69,68,1
200801190MIA,RS,NYK,2194.0,,71,68,3
200801190MIA,RS,NYK,2222.0,,71,70,1
200801190MIA,RS,NYK,2292.0,LC,71,72,-1
200801190MIA,RS,NYK,2358.0,LC,73,72,1
200801190MIA,RS,NYK,2393.0,,75,72,3
200801190MIA,RS,NYK,2430.0,,76,72,4
200801190MIA,RS,NYK,2459.0,,76,74,2
200801190MIA,RS,NYK,2608.0,LC,76,77,-1
200801190MIA,RS,NYK,2636.0,LC,79,77,2
200801190MIA,RS,NYK,2675.0,T,79,79,0
200801190MIA,RS,NYK,2741.0,LC,79,81,-2
200801190MIA,RS,NYK,2819.0,,79,83,-4
200801190MIA,RS,NYK,2831.1,,81,83,-2
200801190MIA,RS,NYK,2860.7,,81,84,-3
200801190MIA,RS,NYK,2860.7,,81,85,-4
200801190MIA,RS,NYK,2865.7,,84,85,-1
200801190MIA,RS,NYK,2867.2,,84,86,-2
200801190MIA,RS,NYK,2867.2,,84,87,-3
200801190MIA,RS,NYK,2879.6,F,84,88,-4
200801190MIA,RS,NYK,2880.0,,84,88,-4
200801210MIA,RS,CLE,0.0,,0,0,0
200801210MIA,RS,CLE,17.0,,2,0,2
200801210MIA,RS,CLE,31.0,T,2,2,0
200801210MIA,RS,CLE,67.0,LC,2,4,-2
200801210MIA,RS,CLE,90.0,T,4,4,0
200801210MIA,RS,CLE,128.0,,4,6,-2
200801210MIA,RS,CLE,143.0,,5,6,-1
200801210MIA,RS,CLE,155.0,,5,8,-3
200801210MIA,RS,CLE,183.0,,5,10,-5
200801210MIA,RS,CLE,201.0,,5,12,-7
200801210MIA,RS,CLE,229.0,,7,12,-5
200801210MIA,RS,CLE,269.0,,7,14,-7
200801210MIA,RS,CLE,289.0,,9,14,-5
200801210MIA,RS,CLE,289.0,,10,14,-4
200801210MIA,RS,CLE,306.0,,10,16,-6
200801210MIA,RS,CLE,323.0,,12,16,-4
200801210MIA,RS,CLE,334.0,,12,17,-5
200801210MIA,RS,CLE,334.0,,12,18,-6
200801210MIA,RS,CLE,351.0,,14,18,-4
200801210MIA,RS,CLE,356.0,,14,20,-6
200801210MIA,RS,CLE,395.0,,16,20,-4
200801210MIA,RS,CLE,415.0,,17,20,-3
200801210MIA,RS,CLE,415.0,,18,20,-2
200801210MIA,RS,CLE,465.0,,19,20,-1
200801210MIA,RS,CLE,465.0,T,20,20,0
200801210MIA,RS,CLE,482.0,,20,22,-2
200801210MIA,RS,CLE,527.0,T,22,22,0
200801210MIA,RS,CLE,549.0,LC,24,22,2
200801210MIA,RS,CLE,617.0,,26,22,4
200801210MIA,RS,CLE,630.0,,26,25,1
200801210MIA,RS,CLE,651.0,,28,25,3
200801210MIA,RS,CLE,678.6,,28,27,1
200801210MIA,RS,CLE,746.0,LC,28,29,-1
200801210MIA,RS,CLE,812.0,,28,31,-3
200801210MIA,RS,CLE,828.0,,30,31,-1
200801210MIA,RS,CLE,847.0,,30,33,-3
200801210MIA,RS,CLE,864.0,,32,33,-1
200801210MIA,RS,CLE,864.0,T,33,33,0
200801210MIA,RS,CLE,881.0,,33,35,-2
200801210MIA,RS,CLE,922.0,T,35,35,0
200801210MIA,RS,CLE,953.0,LC,37,35,2
200801210MIA,RS,CLE,1067.0,T,37,37,0
200801210MIA,RS,CLE,1081.0,,38,37,1
200801210MIA,RS,CLE,1108.0,,40,37,3
200801210MIA,RS,CLE,1132.0,,42,37,5
200801210MIA,RS,CLE,1158.0,,42,38,4
200801210MIA,RS,CLE,1165.0,,42,40,2
200801210MIA,RS,CLE,1199.0,,42,41,1
200801210MIA,RS,CLE,1259.0,LC,42,43,-1
200801210MIA,RS,CLE,1285.0,LC,44,43,1
200801210MIA,RS,CLE,1297.0,LC,44,45,-1
200801210MIA,RS,CLE,1318.0,,44,47,-3
200801210MIA,RS,CLE,1335.0,,46,47,-1
200801210MIA,RS,CLE,1369.0,LC,48,47,1
200801210MIA,RS,CLE,1382.3,LC,48,49,-1
200801210MIA,RS,CLE,1395.0,T,49,49,0
200801210MIA,RS,CLE,1395.0,LC,50,49,1
200801210MIA,RS,CLE,1420.2,,52,49,3
200801210MIA,RS,CLE,1456.0,T,52,52,0
200801210MIA,RS,CLE,1496.0,LC,52,54,-2
200801210MIA,RS,CLE,1527.0,,52,56,-4
200801210MIA,RS,CLE,1565.0,,54,56,-2
200801210MIA,RS,CLE,1565.0,,55,56,-1
200801210MIA,RS,CLE,1576.0,,55,58,-3
200801210MIA,RS,CLE,1631.0,,57,58,-1
200801210MIA,RS,CLE,1657.0,,57,60,-3
200801210MIA,RS,CLE,1694.0,,57,62,-5
200801210MIA,RS,CLE,1715.0,,59,62,-3
200801210MIA,RS,CLE,1715.0,,60,62,-2
200801210MIA,RS,CLE,1760.0,,60,65,-5
200801210MIA,RS,CLE,1810.0,,60,66,-6
200801210MIA,RS,CLE,1810.0,,60,67,-7
200801210MIA,RS,CLE,1862.0,,62,67,-5
200801210MIA,RS,CLE,1889.0,,64,67,-3
200801210MIA,RS,CLE,1915.0,,64,69,-5
200801210MIA,RS,CLE,1970.0,,64,71,-7
200801210MIA,RS,CLE,2048.0,,66,71,-5
200801210MIA,RS,CLE,2062.0,,66,72,-6
200801210MIA,RS,CLE,2087.0,,68,72,-4
200801210MIA,RS,CLE,2123.3,,70,72,-2
200801210MIA,RS,CLE,2219.0,T,72,72,0
200801210MIA,RS,CLE,2311.0,,72,74,-2
200801210MIA,RS,CLE,2343.0,,72,75,-3
200801210MIA,RS,CLE,2360.0,,73,75,-2
200801210MIA,RS,CLE,2421.0,,73,77,-4
200801210MIA,RS,CLE,2449.0,,73,79,-6
200801210MIA,RS,CLE,2468.0,,75,79,-4
200801210MIA,RS,CLE,2491.0,,75,82,-7
200801210MIA,RS,CLE,2506.0,,77,82,-5
200801210MIA,RS,CLE,2560.0,,77,84,-7
200801210MIA,RS,CLE,2581.0,,79,84,-5
200801210MIA,RS,CLE,2599.0,,79,86,-7
200801210MIA,RS,CLE,2721.0,,79,88,-9
200801210MIA,RS,CLE,2738.0,,81,88,-7
200801210MIA,RS,CLE,2800.0,,82,88,-6
200801210MIA,RS,CLE,2800.0,,83,88,-5
200801210MIA,RS,CLE,2805.0,,83,90,-7
200801210MIA,RS,CLE,2811.0,,85,90,-5
200801210MIA,RS,CLE,2831.6,,85,92,-7
200801210MIA,RS,CLE,2849.3,,88,92,-4
200801210MIA,RS,CLE,2854.0,,88,93,-5
200801210MIA,RS,CLE,2854.0,,88,94,-6
200801210MIA,RS,CLE,2861.0,,90,94,-4
200801210MIA,RS,CLE,2861.9,,90,95,-5
200801210MIA,RS,CLE,2872.5,,90,96,-6
200801210MIA,RS,CLE,2872.5,F,90,97,-7
200801210MIA,RS,CLE,2880.0,,90,97,-7
200801240MIA,RS,SAS,0.0,,0,0,0
200801240MIA,RS,SAS,36.0,,2,0,2
200801240MIA,RS,SAS,57.0,T,2,2,0
200801240MIA,RS,SAS,105.0,,4,2,2
200801240MIA,RS,SAS,105.0,,5,2,3
200801240MIA,RS,SAS,121.0,,5,4,1
200801240MIA,RS,SAS,141.0,,8,4,4
200801240MIA,RS,SAS,157.0,,8,6,2
200801240MIA,RS,SAS,187.0,T,8,8,0
200801240MIA,RS,SAS,204.0,,11,8,3
200801240MIA,RS,SAS,290.0,,11,9,2
200801240MIA,RS,SAS,290.0,,11,10,1
200801240MIA,RS,SAS,305.0,,13,10,3
200801240MIA,RS,SAS,324.0,,13,12,1
200801240MIA,RS,SAS,342.0,,15,12,3
200801240MIA,RS,SAS,352.0,,15,14,1
200801240MIA,RS,SAS,376.0,,17,14,3
200801240MIA,RS,SAS,391.0,,18,14,4
200801240MIA,RS,SAS,425.0,,18,16,2
200801240MIA,RS,SAS,451.0,T,18,18,0
200801240MIA,RS,SAS,466.0,,19,18,1
200801240MIA,RS,SAS,499.0,,21,18,3
200801240MIA,RS,SAS,534.0,,23,18,5
200801240MIA,RS,SAS,566.0,,23,20,3
200801240MIA,RS,SAS,600.0,,23,22,1
200801240MIA,RS,SAS,615.0,,24,22,2
200801240MIA,RS,SAS,628.0,T,24,24,0
200801240MIA,RS,SAS,650.0,,26,24,2
200801240MIA,RS,SAS,712.9,,28,24,4
200801240MIA,RS,SAS,742.0,,30,24,6
200801240MIA,RS,SAS,767.0,,30,26,4
200801240MIA,RS,SAS,810.0,,30,28,2
200801240MIA,RS,SAS,836.0,,32,28,4
200801240MIA,RS,SAS,848.0,,32,30,2
200801240MIA,RS,SAS,878.0,,34,30,4
200801240MIA,RS,SAS,904.0,,34,31,3
200801240MIA,RS,SAS,904.0,,34,32,2
200801240MIA,RS,SAS,965.0,,36,32,4
200801240MIA,RS,SAS,1039.0,,36,33,3
200801240MIA,RS,SAS,1039.0,,36,34,2
200801240MIA,RS,SAS,1096.0,,38,34,4
200801240MIA,RS,SAS,1135.0,,38,36,2
200801240MIA,RS,SAS,1154.0,,39,36,3
200801240MIA,RS,SAS,1190.0,,39,37,2
200801240MIA,RS,SAS,1190.0,,39,38,1
200801240MIA,RS,SAS,1206.0,,41,38,3
200801240MIA,RS,SAS,1227.0,,41,39,2
200801240MIA,RS,SAS,1227.0,,41,40,1
200801240MIA,RS,SAS,1273.0,,43,40,3
200801240MIA,RS,SAS,1298.0,T,43,43,0
200801240MIA,RS,SAS,1314.0,,45,43,2
200801240MIA,RS,SAS,1314.0,,46,43,3
200801240MIA,RS,SAS,1374.0,,46,45,1
200801240MIA,RS,SAS,1523.0,,48,45,3
200801240MIA,RS,SAS,1537.0,,48,47,1
200801240MIA,RS,SAS,1590.0,,49,47,2
200801240MIA,RS,SAS,1590.0,,50,47,3
200801240MIA,RS,SAS,1605.0,T,50,50,0
200801240MIA,RS,SAS,1621.0,,52,50,2
200801240MIA,RS,SAS,1641.0,LC,52,53,-1
200801240MIA,RS,SAS,1667.0,LC,55,53,2
200801240MIA,RS,SAS,1691.0,T,55,55,0
200801240MIA,RS,SAS,1725.0,,57,55,2
200801240MIA,RS,SAS,1778.0,T,57,57,0
200801240MIA,RS,SAS,1822.0,,59,57,2
200801240MIA,RS,SAS,1913.0,,61,57,4
200801240MIA,RS,SAS,1962.0,,61,60,1
200801240MIA,RS,SAS,1981.0,,63,60,3
200801240MIA,RS,SAS,2014.0,,65,60,5
200801240MIA,RS,SAS,2053.0,,67,60,7
200801240MIA,RS,SAS,2053.0,,68,60,8
200801240MIA,RS,SAS,2069.0,,69,60,9
200801240MIA,RS,SAS,2069.0,,70,60,10
200801240MIA,RS,SAS,2091.0,,70,63,7
200801240MIA,RS,SAS,2105.6,,71,63,8
200801240MIA,RS,SAS,2105.6,,72,63,9
200801240MIA,RS,SAS,2120.8,,72,64,8
200801240MIA,RS,SAS,2120.8,,72,65,7
200801240MIA,RS,SAS,2172.0,,72,67,5
200801240MIA,RS,SAS,2198.0,,72,69,3
200801240MIA,RS,SAS,2212.0,,75,69,6
200801240MIA,RS,SAS,2234.0,,75,71,4
200801240MIA,RS,SAS,2256.0,,77,71,6
200801240MIA,RS,SAS,2267.0,,77,73,4
200801240MIA,RS,SAS,2323.0,,79,73,6
200801240MIA,RS,SAS,2350.0,,81,73,8
200801240MIA,RS,SAS,2374.0,,81,75,6
200801240MIA,RS,SAS,2425.0,,81,77,4
200801240MIA,RS,SAS,2443.0,,83,77,6
200801240MIA,RS,SAS,2474.0,,83,79,4
200801240MIA,RS,SAS,2506.0,,83,81,2
200801240MIA,RS,SAS,2520.0,,85,81,4
200801240MIA,RS,SAS,2532.0,,85,82,3
200801240MIA,RS,SAS,2630.0,,85,84,1
200801240MIA,RS,SAS,2653.0,,87,84,3
200801240MIA,RS,SAS,2671.0,,87,86,1
200801240MIA,RS,SAS,2737.0,T,87,87,0
200801240MIA,RS,SAS,2737.0,LC,87,88,-1
200801240MIA,RS,SAS,2750.0,LC,89,88,1
200801240MIA,RS,SAS,2843.5,F,89,90,-1
200801240MIA,RS,SAS,2880.0,,89,90,-1
200801260MIA,RS,IND,0.0,,0,0,0
200801260MIA,RS,IND,32.0,,2,0,2
200801260MIA,RS,IND,95.0,T,2,2,0
200801260MIA,RS,IND,162.0,LC,2,5,-3
200801260MIA,RS,IND,200.0,,4,5,-1
200801260MIA,RS,IND,200.0,T,5,5,0
200801260MIA,RS,IND,214.0,,5,7,-2
200801260MIA,RS,IND,227.0,T,7,7,0
200801260MIA,RS,IND,255.0,,7,9,-2
200801260MIA,RS,IND,285.0,,7,10,-3
200801260MIA,RS,IND,285.0,,7,11,-4
200801260MIA,RS,IND,296.0,,8,11,-3
200801260MIA,RS,IND,323.0,,10,11,-1
200801260MIA,RS,IND,336.0,LC,12,11,1
200801260MIA,RS,IND,388.0,,14,11,3
200801260MIA,RS,IND,410.0,,14,12,2
200801260MIA,RS,IND,410.0,,14,13,1
200801260MIA,RS,IND,425.0,T,14,14,0
200801260MIA,RS,IND,425.0,LC,14,15,-1
200801260MIA,RS,IND,447.0,LC,16,15,1
200801260MIA,RS,IND,475.0,LC,16,17,-1
200801260MIA,RS,IND,532.0,,16,19,-3
200801260MIA,RS,IND,555.0,,17,19,-2
200801260MIA,RS,IND,579.0,,17,22,-5
200801260MIA,RS,IND,609.0,,17,24,-7
200801260MIA,RS,IND,647.0,,18,24,-6
200801260MIA,RS,IND,647.0,,19,24,-5
200801260MIA,RS,IND,659.0,,19,25,-6
200801260MIA,RS,IND,659.0,,19,26,-7
200801260MIA,RS,IND,675.4,,20,26,-6
200801260MIA,RS,IND,675.4,,21,26,-5
200801260MIA,RS,IND,684.3,,21,28,-7
200801260MIA,RS,IND,705.4,,23,28,-5
200801260MIA,RS,IND,738.0,,23,30,-7
200801260MIA,RS,IND,754.0,,25,30,-5
200801260MIA,RS,IND,765.0,,25,33,-8
200801260MIA,RS,IND,785.0,,27,33,-6
200801260MIA,RS,IND,797.0,,27,35,-8
200801260MIA,RS,IND,884.0,,27,38,-11
200801260MIA,RS,IND,938.0,,29,38,-9
200801260MIA,RS,IND,970.0,,31,38,-7
200801260MIA,RS,IND,981.0,,31,40,-9
200801260MIA,RS,IND,1002.0,,33,40,-7
200801260MIA,RS,IND,1097.0,,35,40,-5
200801260MIA,RS,IND,1109.0,,35,43,-8
200801260MIA,RS,IND,1137.0,,35,44,-9
200801260MIA,RS,IND,1190.0,,37,44,-7
200801260MIA,RS,IND,1195.0,,37,46,-9
200801260MIA,RS,IND,1213.0,,39,46,-7
200801260MIA,RS,IND,1225.0,,39,48,-9
200801260MIA,RS,IND,1308.0,,41,48,-7
200801260MIA,RS,IND,1314.0,,41,51,-10
200801260MIA,RS,IND,1335.0,,44,51,-7
200801260MIA,RS,IND,1358.0,,44,53,-9
200801260MIA,RS,IND,1380.0,,46,53,-7
200801260MIA,RS,IND,1393.3,,46,55,-9
200801260MIA,RS,IND,1410.7,,46,56,-10
200801260MIA,RS,IND,1410.7,,46,57,-11
200801260MIA,RS,IND,1432.2,,48,57,-9
200801260MIA,RS,IND,1567.0,,50,57,-7
200801260MIA,RS,IND,1638.0,,50,59,-9
200801260MIA,RS,IND,1659.0,,52,59,-7
200801260MIA,RS,IND,1681.0,,52,61,-9
200801260MIA,RS,IND,1693.0,,54,61,-7
200801260MIA,RS,IND,1723.0,,56,61,-5
200801260MIA,RS,IND,1735.0,,56,63,-7
200801260MIA,RS,IND,1753.0,,58,63,-5
200801260MIA,RS,IND,1781.0,,60,63,-3
200801260MIA,RS,IND,1799.0,,60,66,-6
200801260MIA,RS,IND,1837.0,,60,69,-9
200801260MIA,RS,IND,1907.0,,62,69,-7
200801260MIA,RS,IND,1916.0,,62,71,-9
200801260MIA,RS,IND,1939.0,,64,71,-7
200801260MIA,RS,IND,1965.0,,66,71,-5
200801260MIA,RS,IND,1999.0,,68,71,-3
200801260MIA,RS,IND,2014.0,,70,71,-1
200801260MIA,RS,IND,2033.0,LC,72,71,1
200801260MIA,RS,IND,2033.0,,73,71,2
200801260MIA,RS,IND,2055.0,T,73,73,0
200801260MIA,RS,IND,2073.0,,75,73,2
200801260MIA,RS,IND,2084.0,T,75,75,0
200801260MIA,RS,IND,2101.3,,77,75,2
200801260MIA,RS,IND,2157.0,,77,76,1
200801260MIA,RS,IND,2157.0,T,77,77,0
200801260MIA,RS,IND,2210.0,,79,77,2
200801260MIA,RS,IND,2249.0,,81,77,4
200801260MIA,RS,IND,2289.0,,83,77,6
200801260MIA,RS,IND,2299.0,,83,79,4
200801260MIA,RS,IND,2329.0,,84,79,5
200801260MIA,RS,IND,2329.0,,85,79,6
200801260MIA,RS,IND,2340.0,,85,80,5
200801260MIA,RS,IND,2340.0,,85,81,4
200801260MIA,RS,IND,2424.0,,85,83,2
200801260MIA,RS,IND,2445.0,,87,83,4
200801260MIA,RS,IND,2456.0,,87,85,2
200801260MIA,RS,IND,2512.0,,89,85,4
200801260MIA,RS,IND,2530.0,,90,85,5
200801260MIA,RS,IND,2530.0,,91,85,6
200801260MIA,RS,IND,2606.0,,94,85,9
200801260MIA,RS,IND,2714.0,,94,87,7
200801260MIA,RS,IND,2745.0,,94,89,5
200801260MIA,RS,IND,2759.0,,95,89,6
200801260MIA,RS,IND,2759.0,,96,89,7
200801260MIA,RS,IND,2780.0,,96,91,5
200801260MIA,RS,IND,2813.0,,96,94,2
200801260MIA,RS,IND,2831.6,,98,94,4
200801260MIA,RS,IND,2840.2,,98,95,3
200801260MIA,RS,IND,2840.2,F,98,96,2
200801260MIA,RS,IND,2880.0,,98,96,2
200801290MIA,RS,BOS,0.0,,0,0,0
200801290MIA,RS,BOS,73.0,,2,0,2
200801290MIA,RS,BOS,86.0,T,2,2,0
200801290MIA,RS,BOS,117.0,LC,2,4,-2
200801290MIA,RS,BOS,145.0,,2,6,-4
200801290MIA,RS,BOS,184.0,,2,9,-7
200801290MIA,RS,BOS,196.0,,3,9,-6
200801290MIA,RS,BOS,206.0,,3,10,-7
200801290MIA,RS,BOS,206.0,,3,11,-8
200801290MIA,RS,BOS,238.0,,5,11,-6
200801290MIA,RS,BOS,238.0,,6,11,-5
200801290MIA,RS,BOS,246.0,,6,13,-7
200801290MIA,RS,BOS,265.0,,7,13,-6
200801290MIA,RS,BOS,265.0,,8,13,-5
200801290MIA,RS,BOS,298.0,,8,14,-6
200801290MIA,RS,BOS,346.0,,9,14,-5
200801290MIA,RS,BOS,370.0,,10,14,-4
200801290MIA,RS,BOS,370.0,,11,14,-3
200801290MIA,RS,BOS,405.0,,11,16,-5
200801290MIA,RS,BOS,429.0,,11,18,-7
200801290MIA,RS,BOS,446.0,,13,18,-5
200801290MIA,RS,BOS,446.0,,14,18,-4
200801290MIA,RS,BOS,464.0,,14,20,-6
200801290MIA,RS,BOS,537.0,,14,22,-8
200801290MIA,RS,BOS,574.0,,14,23,-9
200801290MIA,RS,BOS,574.0,,14,24,-10
200801290MIA,RS,BOS,618.0,,14,26,-12
200801290MIA,RS,BOS,651.0,,14,29,-15
200801290MIA,RS,BOS,695.1,,14,31,-17
200801290MIA,RS,BOS,741.0,,14,32,-18
200801290MIA,RS,BOS,757.0,,14,33,-19
200801290MIA,RS,BOS,757.0,,15,33,-18
200801290MIA,RS,BOS,757.0,,16,33,-17
200801290MIA,RS,BOS,778.0,,16,35,-19
200801290MIA,RS,BOS,792.0,,18,35,-17
200801290MIA,RS,BOS,814.0,,20,35,-15
200801290MIA,RS,BOS,830.0,,20,38,-18
200801290MIA,RS,BOS,845.0,,23,38,-15
200801290MIA,RS,BOS,895.0,,23,40,-17
200801290MIA,RS,BOS,923.0,,23,42,-19
200801290MIA,RS,BOS,949.0,,23,44,-21
200801290MIA,RS,BOS,966.0,,25,44,-19
200801290MIA,RS,BOS,982.0,,25,46,-21
200801290MIA,RS,BOS,1016.0,,25,49,-24
200801290MIA,RS,BOS,1083.0,,25,52,-27
200801290MIA,RS,BOS,1111.0,,25,54,-29
200801290MIA,RS,BOS,1163.0,,27,54,-27
200801290MIA,RS,BOS,1185.0,,27,56,-29
200801290MIA,RS,BOS,1201.0,,27,57,-30
200801290MIA,RS,BOS,1201.0,,27,58,-31
200801290MIA,RS,BOS,1218.0,,29,58,-29
200801290MIA,RS,BOS,1218.0,,30,58,-28
200801290MIA,RS,BOS,1290.0,,31,58,-27
200801290MIA,RS,BOS,1290.0,,32,58,-26
200801290MIA,RS,BOS,1298.0,,32,60,-28
200801290MIA,RS,BOS,1317.0,,34,60,-26
200801290MIA,RS,BOS,1334.0,,34,62,-28
200801290MIA,RS,BOS,1351.0,,36,62,-26
200801290MIA,RS,BOS,1382.8,,38,62,-24
200801290MIA,RS,BOS,1405.4,,40,62,-22
200801290MIA,RS,BOS,1416.0,,40,63,-23
200801290MIA,RS,BOS,1416.0,,40,64,-24
200801290MIA,RS,BOS,1440.0,,42,64,-22
200801290MIA,RS,BOS,1473.0,,42,65,-23
200801290MIA,RS,BOS,1473.0,,42,66,-24
200801290MIA,RS,BOS,1490.0,,44,66,-22
200801290MIA,RS,BOS,1517.0,,46,66,-20
200801290MIA,RS,BOS,1546.0,,46,68,-22
200801290MIA,RS,BOS,1546.0,,46,69,-23
200801290MIA,RS,BOS,1558.0,,46,71,-25
200801290MIA,RS,BOS,1580.0,,46,72,-26
200801290MIA,RS,BOS,1613.0,,46,73,-27
200801290MIA,RS,BOS,1613.0,,46,74,-28
200801290MIA,RS,BOS,1638.0,,46,75,-29
200801290MIA,RS,BOS,1638.0,,46,76,-30
200801290MIA,RS,BOS,1660.0,,46,78,-32
200801290MIA,RS,BOS,1704.0,,46,80,-34
200801290MIA,RS,BOS,1768.0,,48,80,-32
200801290MIA,RS,BOS,1783.0,,48,83,-35
200801290MIA,RS,BOS,1822.0,,50,83,-33
200801290MIA,RS,BOS,1845.0,,50,85,-35
200801290MIA,RS,BOS,1863.0,,53,85,-32
200801290MIA,RS,BOS,1879.0,,53,87,-34
200801290MIA,RS,BOS,1879.0,,53,88,-35
200801290MIA,RS,BOS,1892.0,,54,88,-34
200801290MIA,RS,BOS,1905.0,,54,89,-35
200801290MIA,RS,BOS,1939.0,,55,89,-34
200801290MIA,RS,BOS,1987.0,,55,91,-36
200801290MIA,RS,BOS,2005.0,,57,91,-34
200801290MIA,RS,BOS,2100.3,,58,91,-33
200801290MIA,RS,BOS,2100.3,,59,91,-32
200801290MIA,RS,BOS,2120.3,,59,92,-33
200801290MIA,RS,BOS,2120.3,,59,93,-34
200801290MIA,RS,BOS,2133.0,,61,93,-32
200801290MIA,RS,BOS,2154.6,,61,94,-33
200801290MIA,RS,BOS,2177.0,,62,94,-32
200801290MIA,RS,BOS,2229.0,,62,97,-35
200801290MIA,RS,BOS,2245.0,,62,100,-38
200801290MIA,RS,BOS,2268.0,,62,101,-39
200801290MIA,RS,BOS,2284.0,,64,101,-37
200801290MIA,RS,BOS,2300.0,,64,103,-39
200801290MIA,RS,BOS,2315.0,,65,103,-38
200801290MIA,RS,BOS,2315.0,,66,103,-37
200801290MIA,RS,BOS,2380.0,,68,103,-35
200801290MIA,RS,BOS,2472.0,,71,103,-32
200801290MIA,RS,BOS,2496.0,,71,104,-33
200801290MIA,RS,BOS,2496.0,,71,105,-34
200801290MIA,RS,BOS,2509.0,,72,105,-33
200801290MIA,RS,BOS,2509.0,,73,105,-32
200801290MIA,RS,BOS,2556.0,,73,108,-35
200801290MIA,RS,BOS,2571.0,,75,108,-33
200801290MIA,RS,BOS,2669.0,,76,108,-32
200801290MIA,RS,BOS,2669.0,,77,108,-31
200801290MIA,RS,BOS,2686.0,,77,110,-33
200801290MIA,RS,BOS,2696.0,,78,110,-32
200801290MIA,RS,BOS,2696.0,,79,110,-31
200801290MIA,RS,BOS,2719.0,,82,110,-28
200801290MIA,RS,BOS,2738.0,,82,113,-31
200801290MIA,RS,BOS,2810.0,,85,113,-28
200801290MIA,RS,BOS,2832.8,,85,115,-30
200801290MIA,RS,BOS,2867.0,,85,117,-32
200801290MIA,RS,BOS,2876.2,F,87,117,-30
200801290MIA,RS,BOS,2880.0,,87,117,-30
200801300ORL,RS,ORL,0.0,,0,0,0
200801300ORL,RS,ORL,18.0,,0,2,-2
200801300ORL,RS,ORL,82.0,,0,4,-4
200801300ORL,RS,ORL,101.0,,2,4,-2
200801300ORL,RS,ORL,126.0,,3,4,-1
200801300ORL,RS,ORL,126.0,T,4,4,0
200801300ORL,RS,ORL,148.0,,4,5,-1
200801300ORL,RS,ORL,148.0,,4,6,-2
200801300ORL,RS,ORL,226.0,,4,8,-4
200801300ORL,RS,ORL,239.0,,5,8,-3
200801300ORL,RS,ORL,309.0,,5,9,-4
200801300ORL,RS,ORL,309.0,,5,10,-5
200801300ORL,RS,ORL,322.0,,8,10,-2
200801300ORL,RS,ORL,354.0,,8,13,-5
200801300ORL,RS,ORL,373.0,,10,13,-3
200801300ORL,RS,ORL,388.0,,10,16,-6
200801300ORL,RS,ORL,404.0,,12,16,-4
200801300ORL,RS,ORL,440.0,,15,16,-1
200801300ORL,RS,ORL,514.0,,15,18,-3
200801300ORL,RS,ORL,539.0,,15,20,-5
200801300ORL,RS,ORL,556.0,,17,20,-3
200801300ORL,RS,ORL,582.0,T,20,20,0
200801300ORL,RS,ORL,608.0,LC,21,20,1
200801300ORL,RS,ORL,608.0,,22,20,2
200801300ORL,RS,ORL,621.0,LC,22,23,-1
200801300ORL,RS,ORL,638.0,LC,24,23,1
200801300ORL,RS,ORL,660.0,T,24,24,0
200801300ORL,RS,ORL,660.0,LC,24,25,-1
200801300ORL,RS,ORL,680.4,,24,27,-3
200801300ORL,RS,ORL,696.6,,25,27,-2
200801300ORL,RS,ORL,717.7,,25,28,-3
200801300ORL,RS,ORL,717.7,,25,29,-4
200801300ORL,RS,ORL,717.7,,25,30,-5
200801300ORL,RS,ORL,759.0,,25,32,-7
200801300ORL,RS,ORL,783.0,,27,32,-5
200801300ORL,RS,ORL,795.0,,27,34,-7
200801300ORL,RS,ORL,825.0,,27,36,-9
200801300ORL,RS,ORL,848.0,,30,36,-6
200801300ORL,RS,ORL,867.0,,30,38,-8
200801300ORL,RS,ORL,886.0,,32,38,-6
200801300ORL,RS,ORL,944.0,,32,39,-7
200801300ORL,RS,ORL,982.0,,34,39,-5
200801300ORL,RS,ORL,1003.0,,34,41,-7
200801300ORL,RS,ORL,1003.0,,34,42,-8
200801300ORL,RS,ORL,1031.0,,34,44,-10
200801300ORL,RS,ORL,1059.0,,34,45,-11
200801300ORL,RS,ORL,1076.0,,36,45,-9
200801300ORL,RS,ORL,1100.0,,39,45,-6
200801300ORL,RS,ORL,1126.0,,39,48,-9
200801300ORL,RS,ORL,1151.0,,42,48,-6
200801300ORL,RS,ORL,1162.0,,42,50,-8
200801300ORL,RS,ORL,1162.0,,42,51,-9
200801300ORL,RS,ORL,1208.0,,42,54,-12
200801300ORL,RS,ORL,1239.0,,42,55,-13
200801300ORL,RS,ORL,1255.0,,44,55,-11
200801300ORL,RS,ORL,1281.0,,46,55,-9
200801300ORL,RS,ORL,1318.0,,46,57,-11
200801300ORL,RS,ORL,1336.0,,48,57,-9
200801300ORL,RS,ORL,1352.0,,48,58,-10
200801300ORL,RS,ORL,1352.0,,48,59,-11
200801300ORL,RS,ORL,1382.7,,50,59,-9
200801300ORL,RS,ORL,1396.6,,50,60,-10
200801300ORL,RS,ORL,1396.6,,50,61,-11
200801300ORL,RS,ORL,1417.5,,52,61,-9
200801300ORL,RS,ORL,1436.7,,52,63,-11
200801300ORL,RS,ORL,1499.0,,54,63,-9
200801300ORL,RS,ORL,1499.0,,55,63,-8
200801300ORL,RS,ORL,1518.0,,55,65,-10
200801300ORL,RS,ORL,1563.0,,57,65,-8
200801300ORL,RS,ORL,1617.0,,57,67,-10
200801300ORL,RS,ORL,1617.0,,57,68,-11
200801300ORL,RS,ORL,1631.0,,59,68,-9
200801300ORL,RS,ORL,1659.0,,61,68,-7
200801300ORL,RS,ORL,1676.0,,61,71,-10
200801300ORL,RS,ORL,1701.0,,62,71,-9
200801300ORL,RS,ORL,1733.0,,65,71,-6
200801300ORL,RS,ORL,1756.0,,65,73,-8
200801300ORL,RS,ORL,1771.0,,67,73,-6
200801300ORL,RS,ORL,1789.0,,67,75,-8
200801300ORL,RS,ORL,1804.0,,69,75,-6
200801300ORL,RS,ORL,1848.0,,69,76,-7
200801300ORL,RS,ORL,1900.0,,71,76,-5
200801300ORL,RS,ORL,1917.0,,71,78,-7
200801300ORL,RS,ORL,1917.0,,71,79,-8
200801300ORL,RS,ORL,2020.0,,71,80,-9
200801300ORL,RS,ORL,2051.0,,72,80,-8
200801300ORL,RS,ORL,2078.0,,72,82,-10
200801300ORL,RS,ORL,2093.0,,73,82,-9
200801300ORL,RS,ORL,2093.0,,74,82,-8
200801300ORL,RS,ORL,2102.7,,74,83,-9
200801300ORL,RS,ORL,2147.7,,75,83,-8
200801300ORL,RS,ORL,2147.7,,76,83,-7
200801300ORL,RS,ORL,2195.0,,78,83,-5
200801300ORL,RS,ORL,2220.0,,80,83,-3
200801300ORL,RS,ORL,2239.0,,80,85,-5
200801300ORL,RS,ORL,2282.0,,80,86,-6
200801300ORL,RS,ORL,2282.0,,80,87,-7
200801300ORL,RS,ORL,2323.0,,80,89,-9
200801300ORL,RS,ORL,2367.0,,80,91,-11
200801300ORL,RS,ORL,2410.0,,80,93,-13
200801300ORL,RS,ORL,2430.0,,80,94,-14
200801300ORL,RS,ORL,2430.0,,80,95,-15
200801300ORL,RS,ORL,2448.0,,81,95,-14
200801300ORL,RS,ORL,2469.0,,81,96,-15
200801300ORL,RS,ORL,2469.0,,81,97,-16
200801300ORL,RS,ORL,2494.0,,81,99,-18
200801300ORL,RS,ORL,2516.0,,81,100,-19
200801300ORL,RS,ORL,2516.0,,81,101,-20
200801300ORL,RS,ORL,2541.0,,83,101,-18
200801300ORL,RS,ORL,2590.0,,83,102,-19
200801300ORL,RS,ORL,2590.0,,83,103,-20
200801300ORL,RS,ORL,2629.0,,85,103,-18
200801300ORL,RS,ORL,2649.0,,85,105,-20
200801300ORL,RS,ORL,2701.0,,87,105,-18
200801300ORL,RS,ORL,2762.0,,88,105,-17
200801300ORL,RS,ORL,2762.0,,89,105,-16
200801300ORL,RS,ORL,2800.0,,90,105,-15
200801300ORL,RS,ORL,2820.9,,90,107,-17
200801300ORL,RS,ORL,2840.0,F,91,107,-16
200801300ORL,RS,ORL,2880.0,,91,107,-16
200802010MIA,RS,NJN,0.0,,0,0,0
200802010MIA,RS,NJN,55.0,,2,0,2
200802010MIA,RS,NJN,55.0,,3,0,3
200802010MIA,RS,NJN,71.0,,3,2,1
200802010MIA,RS,NJN,111.0,LC,3,5,-2
200802010MIA,RS,NJN,130.0,T,5,5,0
200802010MIA,RS,NJN,149.0,,5,6,-1
200802010MIA,RS,NJN,163.0,LC,7,6,1
200802010MIA,RS,NJN,175.0,LC,7,8,-1
200802010MIA,RS,NJN,193.0,,7,10,-3
200802010MIA,RS,NJN,225.0,T,10,10,0
200802010MIA,RS,NJN,237.0,,10,12,-2
200802010MIA,RS,NJN,282.0,,10,14,-4
200802010MIA,RS,NJN,303.0,,12,14,-2
200802010MIA,RS,NJN,317.0,,12,16,-4
200802010MIA,RS,NJN,357.0,,14,16,-2
200802010MIA,RS,NJN,379.0,,14,18,-4
200802010MIA,RS,NJN,428.0,,14,20,-6
200802010MIA,RS,NJN,483.0,,14,21,-7
200802010MIA,RS,NJN,507.0,,14,23,-9
200802010MIA,RS,NJN,565.0,,16,23,-7
200802010MIA,RS,NJN,593.0,,18,23,-5
200802010MIA,RS,NJN,593.0,,19,23,-4
200802010MIA,RS,NJN,693.9,,20,23,-3
200802010MIA,RS,NJN,693.9,,21,23,-2
200802010MIA,RS,NJN,780.0,,21,25,-4
200802010MIA,RS,NJN,825.0,,23,25,-2
200802010MIA,RS,NJN,843.0,,23,26,-3
200802010MIA,RS,NJN,843.0,,23,27,-4
200802010MIA,RS,NJN,858.0,,25,27,-2
200802010MIA,RS,NJN,887.0,,25,30,-5
200802010MIA,RS,NJN,948.0,,25,32,-7
200802010MIA,RS,NJN,1106.0,,25,34,-9
200802010MIA,RS,NJN,1129.0,,27,34,-7
200802010MIA,RS,NJN,1145.0,,27,36,-9
200802010MIA,RS,NJN,1275.0,,27,38,-11
200802010MIA,RS,NJN,1308.0,,29,38,-9
200802010MIA,RS,NJN,1327.0,,29,40,-11
200802010MIA,RS,NJN,1344.0,,31,40,-9
200802010MIA,RS,NJN,1361.0,,31,41,-10
200802010MIA,RS,NJN,1386.9,,31,43,-12
200802010MIA,RS,NJN,1472.0,,33,43,-10
200802010MIA,RS,NJN,1495.0,,33,44,-11
200802010MIA,RS,NJN,1528.0,,35,44,-9
200802010MIA,RS,NJN,1546.0,,35,45,-10
200802010MIA,RS,NJN,1546.0,,35,46,-11
200802010MIA,RS,NJN,1576.0,,35,49,-14
200802010MIA,RS,NJN,1592.0,,37,49,-12
200802010MIA,RS,NJN,1632.0,,40,49,-9
200802010MIA,RS,NJN,1646.0,,40,51,-11
200802010MIA,RS,NJN,1675.0,,42,51,-9
200802010MIA,RS,NJN,1692.0,,44,51,-7
200802010MIA,RS,NJN,1692.0,,45,51,-6
200802010MIA,RS,NJN,1711.0,,46,51,-5
200802010MIA,RS,NJN,1711.0,,47,51,-4
200802010MIA,RS,NJN,1738.0,,47,53,-6
200802010MIA,RS,NJN,1761.0,,48,53,-5
200802010MIA,RS,NJN,1761.0,,49,53,-4
200802010MIA,RS,NJN,1774.0,,49,55,-6
200802010MIA,RS,NJN,1774.0,,49,56,-7
200802010MIA,RS,NJN,1793.0,,51,56,-5
200802010MIA,RS,NJN,1805.0,,51,57,-6
200802010MIA,RS,NJN,1820.0,,52,57,-5
200802010MIA,RS,NJN,1834.0,,52,59,-7
200802010MIA,RS,NJN,1848.0,,52,61,-9
200802010MIA,RS,NJN,1871.0,,54,61,-7
200802010MIA,RS,NJN,1980.0,,54,62,-8
200802010MIA,RS,NJN,2003.0,,56,62,-6
200802010MIA,RS,NJN,2027.0,,56,64,-8
200802010MIA,RS,NJN,2049.0,,58,64,-6
200802010MIA,RS,NJN,2093.0,,58,65,-7
200802010MIA,RS,NJN,2093.0,,58,66,-8
200802010MIA,RS,NJN,2103.9,,59,66,-7
200802010MIA,RS,NJN,2103.9,,60,66,-6
200802010MIA,RS,NJN,2120.9,,60,68,-8
200802010MIA,RS,NJN,2158.9,,60,69,-9
200802010MIA,RS,NJN,2158.9,,60,70,-10
200802010MIA,RS,NJN,2176.0,,61,70,-9
200802010MIA,RS,NJN,2233.0,,63,70,-7
200802010MIA,RS,NJN,2256.0,,63,72,-9
200802010MIA,RS,NJN,2277.0,,65,72,-7
200802010MIA,RS,NJN,2300.0,,65,75,-10
200802010MIA,RS,NJN,2343.0,,67,75,-8
200802010MIA,RS,NJN,2358.0,,67,77,-10
200802010MIA,RS,NJN,2453.0,,67,79,-12
200802010MIA,RS,NJN,2466.0,,68,79,-11
200802010MIA,RS,NJN,2466.0,,69,79,-10
200802010MIA,RS,NJN,2484.0,,69,80,-11
200802010MIA,RS,NJN,2484.0,,69,81,-12
200802010MIA,RS,NJN,2500.0,,71,81,-10
200802010MIA,RS,NJN,2547.0,,71,83,-12
200802010MIA,RS,NJN,2569.0,,73,83,-10
200802010MIA,RS,NJN,2588.0,,73,85,-12
200802010MIA,RS,NJN,2605.0,,75,85,-10
200802010MIA,RS,NJN,2605.0,,76,85,-9
200802010MIA,RS,NJN,2634.0,,76,87,-11
200802010MIA,RS,NJN,2634.0,,76,88,-12
200802010MIA,RS,NJN,2655.0,,79,88,-9
200802010MIA,RS,NJN,2676.0,,79,90,-11
200802010MIA,RS,NJN,2694.0,,80,90,-10
200802010MIA,RS,NJN,2694.0,,81,90,-9
200802010MIA,RS,NJN,2749.0,,81,92,-11
200802010MIA,RS,NJN,2788.0,,81,94,-13
200802010MIA,RS,NJN,2796.0,,82,94,-12
200802010MIA,RS,NJN,2796.0,,83,94,-11
200802010MIA,RS,NJN,2823.1,F,85,94,-9
200802010MIA,RS,NJN,2880.0,,85,94,-9
200802040MIA,RS,TOR,0.0,,0,0,0
200802040MIA,RS,TOR,28.0,,0,2,-2
200802040MIA,RS,TOR,67.0,,0,4,-4
200802040MIA,RS,TOR,109.0,,0,6,-6
200802040MIA,RS,TOR,136.0,,0,8,-8
200802040MIA,RS,TOR,152.0,,2,8,-6
200802040MIA,RS,TOR,214.0,,2,11,-9
200802040MIA,RS,TOR,228.0,,4,11,-7
200802040MIA,RS,TOR,241.0,,4,13,-9
200802040MIA,RS,TOR,277.0,,4,15,-11
200802040MIA,RS,TOR,277.0,,4,16,-12
200802040MIA,RS,TOR,302.0,,6,16,-10
200802040MIA,RS,TOR,315.0,,6,17,-11
200802040MIA,RS,TOR,354.0,,6,19,-13
200802040MIA,RS,TOR,378.0,,6,21,-15
200802040MIA,RS,TOR,411.0,,6,24,-18
200802040MIA,RS,TOR,436.0,,6,25,-19
200802040MIA,RS,TOR,436.0,,6,26,-20
200802040MIA,RS,TOR,499.0,,6,28,-22
200802040MIA,RS,TOR,548.0,,8,28,-20
200802040MIA,RS,TOR,570.0,,8,30,-22
200802040MIA,RS,TOR,597.0,,10,30,-20
200802040MIA,RS,TOR,637.0,,10,33,-23
200802040MIA,RS,TOR,661.0,,12,33,-21
200802040MIA,RS,TOR,741.0,,14,33,-19
200802040MIA,RS,TOR,763.0,,14,35,-21
200802040MIA,RS,TOR,783.0,,16,35,-19
200802040MIA,RS,TOR,803.0,,16,37,-21
200802040MIA,RS,TOR,820.0,,16,39,-23
200802040MIA,RS,TOR,845.0,,18,39,-21
200802040MIA,RS,TOR,845.0,,19,39,-20
200802040MIA,RS,TOR,860.0,,19,41,-22
200802040MIA,RS,TOR,881.0,,22,41,-19
200802040MIA,RS,TOR,899.0,,23,41,-18
200802040MIA,RS,TOR,899.0,,24,41,-17
200802040MIA,RS,TOR,938.0,,27,41,-14
200802040MIA,RS,TOR,952.0,,27,42,-15
200802040MIA,RS,TOR,952.0,,27,43,-16
200802040MIA,RS,TOR,975.0,,27,45,-18
200802040MIA,RS,TOR,989.0,,28,45,-17
200802040MIA,RS,TOR,989.0,,29,45,-16
200802040MIA,RS,TOR,999.0,,29,47,-18
200802040MIA,RS,TOR,1024.0,,31,47,-16
200802040MIA,RS,TOR,1062.0,,31,49,-18
200802040MIA,RS,TOR,1075.0,,33,49,-16
200802040MIA,RS,TOR,1145.0,,33,51,-18
200802040MIA,RS,TOR,1196.0,,34,51,-17
200802040MIA,RS,TOR,1196.0,,35,51,-16
200802040MIA,RS,TOR,1222.0,,37,51,-14
200802040MIA,RS,TOR,1238.0,,37,53,-16
200802040MIA,RS,TOR,1257.0,,39,53,-14
200802040MIA,RS,TOR,1294.0,,41,53,-12
200802040MIA,RS,TOR,1317.0,,41,55,-14
200802040MIA,RS,TOR,1346.0,,41,56,-15
200802040MIA,RS,TOR,1346.0,,41,57,-16
200802040MIA,RS,TOR,1387.7,,41,59,-18
200802040MIA,RS,TOR,1489.0,,42,59,-17
200802040MIA,RS,TOR,1489.0,,43,59,-16
200802040MIA,RS,TOR,1506.0,,45,59,-14
200802040MIA,RS,TOR,1525.0,,45,61,-16
200802040MIA,RS,TOR,1555.0,,45,62,-17
200802040MIA,RS,TOR,1555.0,,45,63,-18
200802040MIA,RS,TOR,1574.0,,47,63,-16
200802040MIA,RS,TOR,1591.0,,47,65,-18
200802040MIA,RS,TOR,1609.0,,50,65,-15
200802040MIA,RS,TOR,1627.0,,50,68,-18
200802040MIA,RS,TOR,1641.0,,52,68,-16
200802040MIA,RS,TOR,1660.0,,54,68,-14
200802040MIA,RS,TOR,1684.0,,54,70,-16
200802040MIA,RS,TOR,1746.0,,54,72,-18
200802040MIA,RS,TOR,1785.0,,56,72,-16
200802040MIA,RS,TOR,1805.0,,56,75,-19
200802040MIA,RS,TOR,1823.0,,58,75,-17
200802040MIA,RS,TOR,1841.0,,58,77,-19
200802040MIA,RS,TOR,1870.0,,58,79,-21
200802040MIA,RS,TOR,1905.0,,58,82,-24
200802040MIA,RS,TOR,1962.0,,59,82,-23
200802040MIA,RS,TOR,1962.0,,60,82,-22
200802040MIA,RS,TOR,1977.0,,60,84,-24
200802040MIA,RS,TOR,1988.0,,62,84,-22
200802040MIA,RS,TOR,2115.9,,62,87,-25
200802040MIA,RS,TOR,2155.5,,62,88,-26
200802040MIA,RS,TOR,2155.5,,62,89,-27
200802040MIA,RS,TOR,2171.0,,62,91,-29
200802040MIA,RS,TOR,2206.0,,62,93,-31
200802040MIA,RS,TOR,2231.0,,63,93,-30
200802040MIA,RS,TOR,2231.0,,64,93,-29
200802040MIA,RS,TOR,2250.0,,64,96,-32
200802040MIA,RS,TOR,2267.0,,66,96,-30
200802040MIA,RS,TOR,2302.0,,66,97,-31
200802040MIA,RS,TOR,2302.0,,66,98,-32
200802040MIA,RS,TOR,2327.0,,66,100,-34
200802040MIA,RS,TOR,2395.0,,66,103,-37
200802040MIA,RS,TOR,2413.0,,68,103,-35
200802040MIA,RS,TOR,2472.0,,68,104,-36
200802040MIA,RS,TOR,2472.0,,68,105,-37
200802040MIA,RS,TOR,2491.0,,68,107,-39
200802040MIA,RS,TOR,2560.0,,70,107,-37
200802040MIA,RS,TOR,2586.0,,72,107,-35
200802040MIA,RS,TOR,2610.0,,73,107,-34
200802040MIA,RS,TOR,2610.0,,74,107,-33
200802040MIA,RS,TOR,2641.0,,74,110,-36
200802040MIA,RS,TOR,2688.0,,74,112,-38
200802040MIA,RS,TOR,2761.0,,76,112,-36
200802040MIA,RS,TOR,2796.0,,78,112,-34
200802040MIA,RS,TOR,2823.0,,79,112,-33
200802040MIA,RS,TOR,2823.0,,80,112,-32
200802040MIA,RS,TOR,2841.9,,80,114,-34
200802040MIA,RS,TOR,2853.1,F,82,114,-32
200802040MIA,RS,TOR,2880.0,,82,114,-32
200802060DET,RS,DET,0.0,,0,0,0
200802060DET,RS,DET,25.0,,0,3,-3
200802060DET,RS,DET,44.0,,2,3,-1
200802060DET,RS,DET,85.0,LC,4,3,1
200802060DET,RS,DET,125.0,LC,4,5,-1
200802060DET,RS,DET,157.0,,4,8,-4
200802060DET,RS,DET,176.0,,6,8,-2
200802060DET,RS,DET,204.0,T,8,8,0
200802060DET,RS,DET,250.0,LC,10,8,2
200802060DET,RS,DET,288.0,T,10,10,0
200802060DET,RS,DET,320.0,,12,10,2
200802060DET,RS,DET,337.0,T,12,12,0
200802060DET,RS,DET,398.0,,14,12,2
200802060DET,RS,DET,424.0,T,14,14,0
200802060DET,RS,DET,441.0,,15,14,1
200802060DET,RS,DET,441.0,,16,14,2
200802060DET,RS,DET,515.0,,18,14,4
200802060DET,RS,DET,597.0,,18,16,2
200802060DET,RS,DET,624.0,,20,16,4
200802060DET,RS,DET,636.0,,20,18,2
200802060DET,RS,DET,655.0,,22,18,4
200802060DET,RS,DET,747.0,,22,20,2
200802060DET,RS,DET,747.0,,22,21,1
200802060DET,RS,DET,758.0,,24,21,3
200802060DET,RS,DET,793.0,,27,21,6
200802060DET,RS,DET,825.0,,27,23,4
200802060DET,RS,DET,860.0,,27,25,2
200802060DET,RS,DET,896.0,T,27,27,0
200802060DET,RS,DET,919.0,LC,27,29,-2
200802060DET,RS,DET,945.0,LC,30,29,1
200802060DET,RS,DET,982.0,,32,29,3
200802060DET,RS,DET,1004.0,,32,31,1
200802060DET,RS,DET,1017.0,,34,31,3
200802060DET,RS,DET,1024.0,,34,33,1
200802060DET,RS,DET,1057.0,,37,33,4
200802060DET,RS,DET,1081.0,,38,33,5
200802060DET,RS,DET,1140.0,,38,35,3
200802060DET,RS,DET,1150.0,,40,35,5
200802060DET,RS,DET,1175.0,,42,35,7
200802060DET,RS,DET,1196.0,,43,35,8
200802060DET,RS,DET,1196.0,,44,35,9
200802060DET,RS,DET,1216.0,,44,38,6
200802060DET,RS,DET,1239.0,,46,38,8
200802060DET,RS,DET,1258.0,,46,39,7
200802060DET,RS,DET,1258.0,,46,40,6
200802060DET,RS,DET,1284.0,,46,42,4
200802060DET,RS,DET,1297.0,,48,42,6
200802060DET,RS,DET,1347.0,,48,43,5
200802060DET,RS,DET,1347.0,,48,44,4
200802060DET,RS,DET,1396.2,,48,46,2
200802060DET,RS,DET,1435.7,T,48,48,0
200802060DET,RS,DET,1496.0,,50,48,2
200802060DET,RS,DET,1523.0,T,50,50,0
200802060DET,RS,DET,1542.0,,52,50,2
200802060DET,RS,DET,1594.0,LC,52,53,-1
200802060DET,RS,DET,1617.0,LC,54,53,1
200802060DET,RS,DET,1633.0,LC,54,55,-1
200802060DET,RS,DET,1648.0,LC,56,55,1
200802060DET,RS,DET,1665.0,LC,56,57,-1
200802060DET,RS,DET,1720.0,,56,59,-3
200802060DET,RS,DET,1761.0,,56,61,-5
200802060DET,RS,DET,1853.0,,58,61,-3
200802060DET,RS,DET,1926.0,,58,63,-5
200802060DET,RS,DET,1946.0,,60,63,-3
200802060DET,RS,DET,1966.0,,60,65,-5
200802060DET,RS,DET,2003.0,,60,67,-7
200802060DET,RS,DET,2039.0,,60,68,-8
200802060DET,RS,DET,2039.0,,60,69,-9
200802060DET,RS,DET,2052.0,,62,69,-7
200802060DET,RS,DET,2069.0,,62,71,-9
200802060DET,RS,DET,2080.0,,63,71,-8
200802060DET,RS,DET,2080.0,,64,71,-7
200802060DET,RS,DET,2102.5,,64,72,-8
200802060DET,RS,DET,2102.5,,64,73,-9
200802060DET,RS,DET,2124.5,,64,74,-10
200802060DET,RS,DET,2124.5,,64,75,-11
200802060DET,RS,DET,2194.0,,66,75,-9
200802060DET,RS,DET,2194.0,,67,75,-8
200802060DET,RS,DET,2215.0,,69,75,-6
200802060DET,RS,DET,2247.0,,70,75,-5
200802060DET,RS,DET,2247.0,,71,75,-4
200802060DET,RS,DET,2315.0,,73,75,-2
200802060DET,RS,DET,2333.0,,73,77,-4
200802060DET,RS,DET,2351.0,,75,77,-2
200802060DET,RS,DET,2383.0,,75,78,-3
200802060DET,RS,DET,2383.0,,75,79,-4
200802060DET,RS,DET,2407.0,,77,79,-2
200802060DET,RS,DET,2424.0,,77,81,-4
200802060DET,RS,DET,2448.0,,78,81,-3
200802060DET,RS,DET,2448.0,,79,81,-2
200802060DET,RS,DET,2467.0,,79,82,-3
200802060DET,RS,DET,2483.0,,80,82,-2
200802060DET,RS,DET,2483.0,,81,82,-1
200802060DET,RS,DET,2523.0,,81,83,-2
200802060DET,RS,DET,2541.0,T,83,83,0
200802060DET,RS,DET,2565.0,,83,86,-3
200802060DET,RS,DET,2589.0,,85,86,-1
200802060DET,RS,DET,2633.0,,85,88,-3
200802060DET,RS,DET,2707.0,,87,88,-1
200802060DET,RS,DET,2715.0,,87,89,-2
200802060DET,RS,DET,2715.0,,87,90,-3
200802060DET,RS,DET,2750.0,,87,92,-5
200802060DET,RS,DET,2764.0,,88,92,-4
200802060DET,RS,DET,2764.0,,89,92,-3
200802060DET,RS,DET,2855.2,,89,94,-5
200802060DET,RS,DET,2858.5,,92,94,-2
200802060DET,RS,DET,2859.8,,92,95,-3
200802060DET,RS,DET,2859.8,,92,96,-4
200802060DET,RS,DET,2862.4,,93,96,-3
200802060DET,RS,DET,2868.5,,93,97,-4
200802060DET,RS,DET,2868.5,,93,98,-5
200802060DET,RS,DET,2873.8,,95,98,-3
200802060DET,RS,DET,2874.5,,95,99,-4
200802060DET,RS,DET,2874.5,F,95,100,-5
200802060DET,RS,DET,2880.0,,95,100,-5
200802070PHI,RS,PHI,0.0,,0,0,0
200802070PHI,RS,PHI,22.0,,0,2,-2
200802070PHI,RS,PHI,42.0,T,2,2,0
200802070PHI,RS,PHI,79.0,,2,4,-2
200802070PHI,RS,PHI,107.0,,2,6,-4
200802070PHI,RS,PHI,135.0,,5,6,-1
200802070PHI,RS,PHI,162.0,,5,8,-3
200802070PHI,RS,PHI,176.0,,7,8,-1
200802070PHI,RS,PHI,191.0,,7,10,-3
200802070PHI,RS,PHI,208.0,,8,10,-2
200802070PHI,RS,PHI,208.0,,9,10,-1
200802070PHI,RS,PHI,217.0,,9,12,-3
200802070PHI,RS,PHI,249.0,,11,12,-1
200802070PHI,RS,PHI,293.0,,11,14,-3
200802070PHI,RS,PHI,305.0,,13,14,-1
200802070PHI,RS,PHI,323.0,LC,15,14,1
200802070PHI,RS,PHI,341.0,T,15,15,0
200802070PHI,RS,PHI,357.0,,17,15,2
200802070PHI,RS,PHI,371.0,,19,15,4
200802070PHI,RS,PHI,467.0,,21,15,6
200802070PHI,RS,PHI,481.0,,21,17,4
200802070PHI,RS,PHI,571.0,,21,19,2
200802070PHI,RS,PHI,630.0,T,21,21,0
200802070PHI,RS,PHI,630.0,LC,21,22,-1
200802070PHI,RS,PHI,638.0,T,22,22,0
200802070PHI,RS,PHI,646.0,,22,23,-1
200802070PHI,RS,PHI,646.0,,22,24,-2
200802070PHI,RS,PHI,657.0,,22,26,-4
200802070PHI,RS,PHI,668.3,,24,26,-2
200802070PHI,RS,PHI,673.1,,24,28,-4
200802070PHI,RS,PHI,711.1,,24,30,-6
200802070PHI,RS,PHI,740.0,,24,32,-8
200802070PHI,RS,PHI,753.0,,26,32,-6
200802070PHI,RS,PHI,801.0,,26,34,-8
200802070PHI,RS,PHI,811.0,,28,34,-6
200802070PHI,RS,PHI,854.0,,30,34,-4
200802070PHI,RS,PHI,880.0,,30,35,-5
200802070PHI,RS,PHI,918.0,,30,36,-6
200802070PHI,RS,PHI,933.0,,32,36,-4
200802070PHI,RS,PHI,933.0,,33,36,-3
200802070PHI,RS,PHI,956.0,,33,37,-4
200802070PHI,RS,PHI,975.0,,34,37,-3
200802070PHI,RS,PHI,985.0,,34,38,-4
200802070PHI,RS,PHI,1074.0,,34,40,-6
200802070PHI,RS,PHI,1089.0,,35,40,-5
200802070PHI,RS,PHI,1089.0,,36,40,-4
200802070PHI,RS,PHI,1106.0,,36,42,-6
200802070PHI,RS,PHI,1125.0,,37,42,-5
200802070PHI,RS,PHI,1125.0,,38,42,-4
200802070PHI,RS,PHI,1146.0,,38,44,-6
200802070PHI,RS,PHI,1158.0,,40,44,-4
200802070PHI,RS,PHI,1175.0,,40,45,-5
200802070PHI,RS,PHI,1175.0,,40,46,-6
200802070PHI,RS,PHI,1194.0,,40,47,-7
200802070PHI,RS,PHI,1194.0,,40,48,-8
200802070PHI,RS,PHI,1223.0,,40,49,-9
200802070PHI,RS,PHI,1223.0,,40,50,-10
200802070PHI,RS,PHI,1238.0,,42,50,-8
200802070PHI,RS,PHI,1247.0,,42,52,-10
200802070PHI,RS,PHI,1272.0,,44,52,-8
200802070PHI,RS,PHI,1322.0,,46,52,-6
200802070PHI,RS,PHI,1361.0,,46,54,-8
200802070PHI,RS,PHI,1396.1,,48,54,-6
200802070PHI,RS,PHI,1438.1,,50,54,-4
200802070PHI,RS,PHI,1498.0,,50,56,-6
200802070PHI,RS,PHI,1519.0,,51,56,-5
200802070PHI,RS,PHI,1519.0,,52,56,-4
200802070PHI,RS,PHI,1536.0,,52,59,-7
200802070PHI,RS,PHI,1555.0,,52,61,-9
200802070PHI,RS,PHI,1576.0,,53,61,-8
200802070PHI,RS,PHI,1576.0,,54,61,-7
200802070PHI,RS,PHI,1599.0,,54,63,-9
200802070PHI,RS,PHI,1618.0,,56,63,-7
200802070PHI,RS,PHI,1638.0,,56,64,-8
200802070PHI,RS,PHI,1667.0,,57,64,-7
200802070PHI,RS,PHI,1667.0,,58,64,-6
200802070PHI,RS,PHI,1699.0,,58,65,-7
200802070PHI,RS,PHI,1709.0,,60,65,-5
200802070PHI,RS,PHI,1726.0,,61,65,-4
200802070PHI,RS,PHI,1755.0,,64,65,-1
200802070PHI,RS,PHI,1792.0,,64,67,-3
200802070PHI,RS,PHI,1846.0,,65,67,-2
200802070PHI,RS,PHI,1870.0,T,67,67,0
200802070PHI,RS,PHI,1870.0,LC,68,67,1
200802070PHI,RS,PHI,1935.0,,70,67,3
200802070PHI,RS,PHI,1957.0,,70,69,1
200802070PHI,RS,PHI,2037.0,,71,69,2
200802070PHI,RS,PHI,2037.0,,72,69,3
200802070PHI,RS,PHI,2087.0,,72,71,1
200802070PHI,RS,PHI,2130.1,LC,72,73,-1
200802070PHI,RS,PHI,2153.1,,72,75,-3
200802070PHI,RS,PHI,2170.0,,72,76,-4
200802070PHI,RS,PHI,2170.0,,72,77,-5
200802070PHI,RS,PHI,2231.0,,72,79,-7
200802070PHI,RS,PHI,2321.0,,74,79,-5
200802070PHI,RS,PHI,2321.0,,74,80,-6
200802070PHI,RS,PHI,2321.0,,75,80,-5
200802070PHI,RS,PHI,2338.0,,75,82,-7
200802070PHI,RS,PHI,2398.0,,75,84,-9
200802070PHI,RS,PHI,2398.0,,75,85,-10
200802070PHI,RS,PHI,2444.0,,75,86,-11
200802070PHI,RS,PHI,2444.0,,75,87,-12
200802070PHI,RS,PHI,2487.0,,77,87,-10
200802070PHI,RS,PHI,2537.0,,77,89,-12
200802070PHI,RS,PHI,2556.0,,78,89,-11
200802070PHI,RS,PHI,2556.0,,79,89,-10
200802070PHI,RS,PHI,2577.0,,79,91,-12
200802070PHI,RS,PHI,2599.0,,79,92,-13
200802070PHI,RS,PHI,2599.0,,79,93,-14
200802070PHI,RS,PHI,2620.0,,81,93,-12
200802070PHI,RS,PHI,2641.0,,81,95,-14
200802070PHI,RS,PHI,2662.0,,83,95,-12
200802070PHI,RS,PHI,2662.0,,84,95,-11
200802070PHI,RS,PHI,2688.0,,84,96,-12
200802070PHI,RS,PHI,2730.0,,84,98,-14
200802070PHI,RS,PHI,2868.1,F,84,101,-17
200802070PHI,RS,PHI,2880.0,,84,101,-17
200802100MIA,RS,LAL,0.0,,0,0,0
200802100MIA,RS,LAL,35.0,,0,3,-3
200802100MIA,RS,LAL,62.0,,0,5,-5
200802100MIA,RS,LAL,92.0,,0,6,-6
200802100MIA,RS,LAL,122.0,,0,8,-8
200802100MIA,RS,LAL,158.0,,2,8,-6
200802100MIA,RS,LAL,197.0,,4,8,-4
200802100MIA,RS,LAL,238.0,,4,10,-6
200802100MIA,RS,LAL,271.0,,5,10,-5
200802100MIA,RS,LAL,271.0,,6,10,-4
200802100MIA,RS,LAL,310.0,,8,10,-2
200802100MIA,RS,LAL,334.0,T,10,10,0
200802100MIA,RS,LAL,345.0,,10,12,-2
200802100MIA,RS,LAL,383.0,,10,14,-4
200802100MIA,RS,LAL,419.0,,12,14,-2
200802100MIA,RS,LAL,439.0,T,14,14,0
200802100MIA,RS,LAL,516.0,LC,16,14,2
200802100MIA,RS,LAL,529.0,,18,14,4
200802100MIA,RS,LAL,543.0,,18,15,3
200802100MIA,RS,LAL,558.0,,20,15,5
200802100MIA,RS,LAL,568.0,,20,16,4
200802100MIA,RS,LAL,593.0,,22,16,6
200802100MIA,RS,LAL,624.0,,22,18,4
200802100MIA,RS,LAL,659.0,,22,20,2
200802100MIA,RS,LAL,683.0,T,22,22,0
200802100MIA,RS,LAL,696.5,,24,22,2
200802100MIA,RS,LAL,720.0,LC,24,25,-1
200802100MIA,RS,LAL,751.0,,24,28,-4
200802100MIA,RS,LAL,789.0,,24,30,-6
200802100MIA,RS,LAL,798.0,,26,30,-4
200802100MIA,RS,LAL,808.0,,26,32,-6
200802100MIA,RS,LAL,829.0,,28,32,-4
200802100MIA,RS,LAL,851.0,,28,35,-7
200802100MIA,RS,LAL,870.0,,30,35,-5
200802100MIA,RS,LAL,870.0,,31,35,-4
200802100MIA,RS,LAL,922.0,,33,35,-2
200802100MIA,RS,LAL,945.0,,33,37,-4
200802100MIA,RS,LAL,964.0,,35,37,-2
200802100MIA,RS,LAL,979.0,,35,39,-4
200802100MIA,RS,LAL,1002.0,,36,39,-3
200802100MIA,RS,LAL,1002.0,,37,39,-2
200802100MIA,RS,LAL,1016.0,,37,40,-3
200802100MIA,RS,LAL,1036.0,,37,41,-4
200802100MIA,RS,LAL,1048.0,,39,41,-2
200802100MIA,RS,LAL,1078.0,T,41,41,0
200802100MIA,RS,LAL,1094.0,,41,43,-2
200802100MIA,RS,LAL,1168.0,T,43,43,0
200802100MIA,RS,LAL,1192.0,,43,45,-2
200802100MIA,RS,LAL,1216.0,,43,46,-3
200802100MIA,RS,LAL,1216.0,,43,47,-4
200802100MIA,RS,LAL,1246.0,,43,48,-5
200802100MIA,RS,LAL,1246.0,,43,49,-6
200802100MIA,RS,LAL,1329.0,,45,49,-4
200802100MIA,RS,LAL,1373.0,,45,50,-5
200802100MIA,RS,LAL,1373.0,,45,51,-6
200802100MIA,RS,LAL,1405.8,,47,51,-4
200802100MIA,RS,LAL,1457.0,,47,53,-6
200802100MIA,RS,LAL,1482.0,,49,53,-4
200802100MIA,RS,LAL,1499.0,,49,55,-6
200802100MIA,RS,LAL,1541.0,,51,55,-4
200802100MIA,RS,LAL,1591.0,,51,57,-6
200802100MIA,RS,LAL,1626.0,,51,60,-9
200802100MIA,RS,LAL,1644.0,,52,60,-8
200802100MIA,RS,LAL,1658.0,,52,62,-10
200802100MIA,RS,LAL,1658.0,,52,63,-11
200802100MIA,RS,LAL,1674.0,,54,63,-9
200802100MIA,RS,LAL,1719.0,,56,63,-7
200802100MIA,RS,LAL,1734.0,,56,65,-9
200802100MIA,RS,LAL,1753.0,,58,65,-7
200802100MIA,RS,LAL,1768.0,,58,67,-9
200802100MIA,RS,LAL,1797.0,,58,70,-12
200802100MIA,RS,LAL,1822.0,,58,71,-13
200802100MIA,RS,LAL,1838.0,,60,71,-11
200802100MIA,RS,LAL,1851.0,,60,72,-12
200802100MIA,RS,LAL,1882.0,,60,74,-14
200802100MIA,RS,LAL,1902.0,,63,74,-11
200802100MIA,RS,LAL,1930.0,,65,74,-9
200802100MIA,RS,LAL,1930.0,,66,74,-8
200802100MIA,RS,LAL,1957.0,,67,74,-7
200802100MIA,RS,LAL,1957.0,,68,74,-6
200802100MIA,RS,LAL,1972.0,,68,76,-8
200802100MIA,RS,LAL,1997.0,,70,76,-6
200802100MIA,RS,LAL,2029.0,,73,76,-3
200802100MIA,RS,LAL,2048.0,,73,78,-5
200802100MIA,RS,LAL,2071.0,,73,79,-6
200802100MIA,RS,LAL,2071.0,,73,80,-7
200802100MIA,RS,LAL,2133.5,,73,81,-8
200802100MIA,RS,LAL,2133.5,,73,82,-9
200802100MIA,RS,LAL,2219.0,,73,84,-11
200802100MIA,RS,LAL,2237.0,,75,84,-9
200802100MIA,RS,LAL,2263.0,,75,87,-12
200802100MIA,RS,LAL,2395.0,,75,89,-14
200802100MIA,RS,LAL,2417.0,,75,92,-17
200802100MIA,RS,LAL,2431.0,,77,92,-15
200802100MIA,RS,LAL,2459.0,,77,94,-17
200802100MIA,RS,LAL,2500.0,,79,94,-15
200802100MIA,RS,LAL,2528.0,,79,96,-17
200802100MIA,RS,LAL,2546.0,,82,96,-14
200802100MIA,RS,LAL,2595.0,,84,96,-12
200802100MIA,RS,LAL,2717.0,,87,96,-9
200802100MIA,RS,LAL,2740.0,,88,96,-8
200802100MIA,RS,LAL,2749.0,,89,96,-7
200802100MIA,RS,LAL,2749.0,,90,96,-6
200802100MIA,RS,LAL,2763.0,,90,98,-8
200802100MIA,RS,LAL,2781.0,,91,98,-7
200802100MIA,RS,LAL,2781.0,,92,98,-6
200802100MIA,RS,LAL,2794.0,,94,98,-4
200802100MIA,RS,LAL,2816.0,,94,100,-6
200802100MIA,RS,LAL,2843.8,,94,101,-7
200802100MIA,RS,LAL,2843.8,,94,102,-8
200802100MIA,RS,LAL,2849.4,,94,103,-9
200802100MIA,RS,LAL,2849.4,F,94,104,-10
200802100MIA,RS,LAL,2880.0,,94,104,-10
200802120MIA,RS,DEN,0.0,,0,0,0
200802120MIA,RS,DEN,17.0,,0,2,-2
200802120MIA,RS,DEN,65.0,T,2,2,0
200802120MIA,RS,DEN,91.0,,2,4,-2
200802120MIA,RS,DEN,91.0,,2,5,-3
200802120MIA,RS,DEN,109.0,,4,5,-1
200802120MIA,RS,DEN,119.0,,4,7,-3
200802120MIA,RS,DEN,143.0,,6,7,-1
200802120MIA,RS,DEN,157.0,,6,9,-3
200802120MIA,RS,DEN,169.0,,8,9,-1
200802120MIA,RS,DEN,185.0,,8,11,-3
200802120MIA,RS,DEN,203.0,,10,11,-1
200802120MIA,RS,DEN,232.0,LC,12,11,1
200802120MIA,RS,DEN,259.0,,13,11,2
200802120MIA,RS,DEN,259.0,,14,11,3
200802120MIA,RS,DEN,285.0,,16,11,5
200802120MIA,RS,DEN,295.0,,16,12,4
200802120MIA,RS,DEN,295.0,,16,13,3
200802120MIA,RS,DEN,327.0,,16,15,1
200802120MIA,RS,DEN,348.0,,19,15,4
200802120MIA,RS,DEN,365.0,,19,17,2
200802120MIA,RS,DEN,473.0,T,19,19,0
200802120MIA,RS,DEN,514.0,,21,19,2
200802120MIA,RS,DEN,542.0,,23,19,4
200802120MIA,RS,DEN,552.0,,23,21,2
200802120MIA,RS,DEN,573.0,,25,21,4
200802120MIA,RS,DEN,620.0,,27,21,6
200802120MIA,RS,DEN,660.0,,29,21,8
200802120MIA,RS,DEN,674.8,,29,23,6
200802120MIA,RS,DEN,696.0,,32,23,9
200802120MIA,RS,DEN,765.0,,34,23,11
200802120MIA,RS,DEN,771.0,,34,24,10
200802120MIA,RS,DEN,790.0,,35,24,11
200802120MIA,RS,DEN,790.0,,36,24,12
200802120MIA,RS,DEN,804.0,,36,26,10
200802120MIA,RS,DEN,814.0,,38,26,12
200802120MIA,RS,DEN,830.0,,38,28,10
200802120MIA,RS,DEN,853.0,,40,28,12
200802120MIA,RS,DEN,944.0,,42,28,14
200802120MIA,RS,DEN,955.0,,42,31,11
200802120MIA,RS,DEN,983.0,,42,33,9
200802120MIA,RS,DEN,1010.0,,42,35,7
200802120MIA,RS,DEN,1038.0,,42,36,6
200802120MIA,RS,DEN,1079.0,,42,37,5
200802120MIA,RS,DEN,1079.0,,42,38,4
200802120MIA,RS,DEN,1104.0,,43,38,5
200802120MIA,RS,DEN,1112.0,,45,38,7
200802120MIA,RS,DEN,1112.0,,46,38,8
200802120MIA,RS,DEN,1128.0,,46,41,5
200802120MIA,RS,DEN,1145.0,,48,41,7
200802120MIA,RS,DEN,1181.0,,50,41,9
200802120MIA,RS,DEN,1194.0,,50,44,6
200802120MIA,RS,DEN,1194.0,,50,45,5
200802120MIA,RS,DEN,1246.0,,50,47,3
200802120MIA,RS,DEN,1263.0,,52,47,5
200802120MIA,RS,DEN,1287.0,,54,47,7
200802120MIA,RS,DEN,1308.0,,54,49,5
200802120MIA,RS,DEN,1341.0,,54,50,4
200802120MIA,RS,DEN,1341.0,,54,51,3
200802120MIA,RS,DEN,1355.0,,56,51,5
200802120MIA,RS,DEN,1366.0,,56,53,3
200802120MIA,RS,DEN,1380.0,,58,53,5
200802120MIA,RS,DEN,1387.6,,58,55,3
200802120MIA,RS,DEN,1399.4,,60,55,5
200802120MIA,RS,DEN,1399.4,,61,55,6
200802120MIA,RS,DEN,1410.6,,61,57,4
200802120MIA,RS,DEN,1428.5,,63,57,6
200802120MIA,RS,DEN,1487.0,,63,59,4
200802120MIA,RS,DEN,1505.0,,65,59,6
200802120MIA,RS,DEN,1519.0,,65,61,4
200802120MIA,RS,DEN,1537.0,,67,61,6
200802120MIA,RS,DEN,1564.0,,67,63,4
200802120MIA,RS,DEN,1733.0,,69,63,6
200802120MIA,RS,DEN,1788.0,,69,65,4
200802120MIA,RS,DEN,1810.0,,71,65,6
200802120MIA,RS,DEN,1832.0,,71,67,4
200802120MIA,RS,DEN,1890.0,,73,67,6
200802120MIA,RS,DEN,1924.0,,76,67,9
200802120MIA,RS,DEN,1933.0,,76,69,7
200802120MIA,RS,DEN,1959.0,,76,71,5
200802120MIA,RS,DEN,1959.0,,76,72,4
200802120MIA,RS,DEN,1991.0,,76,73,3
200802120MIA,RS,DEN,2024.0,,76,75,1
200802120MIA,RS,DEN,2049.0,LC,76,77,-1
200802120MIA,RS,DEN,2077.0,,76,79,-3
200802120MIA,RS,DEN,2099.0,,78,79,-1
200802120MIA,RS,DEN,2114.3,,78,81,-3
200802120MIA,RS,DEN,2143.2,,78,84,-6
200802120MIA,RS,DEN,2202.0,,81,84,-3
200802120MIA,RS,DEN,2226.0,,82,84,-2
200802120MIA,RS,DEN,2226.0,,83,84,-1
200802120MIA,RS,DEN,2269.0,LC,85,84,1
200802120MIA,RS,DEN,2288.0,LC,85,87,-2
200802120MIA,RS,DEN,2302.0,LC,88,87,1
200802120MIA,RS,DEN,2334.0,,91,87,4
200802120MIA,RS,DEN,2345.0,,91,90,1
200802120MIA,RS,DEN,2380.0,LC,91,93,-2
200802120MIA,RS,DEN,2448.0,T,93,93,0
200802120MIA,RS,DEN,2468.0,,93,96,-3
200802120MIA,RS,DEN,2507.0,,95,96,-1
200802120MIA,RS,DEN,2534.0,,95,98,-3
200802120MIA,RS,DEN,2611.0,,96,98,-2
200802120MIA,RS,DEN,2632.0,,96,100,-4
200802120MIA,RS,DEN,2651.0,,98,100,-2
200802120MIA,RS,DEN,2779.0,,98,102,-4
200802120MIA,RS,DEN,2785.0,,100,102,-2
200802120MIA,RS,DEN,2862.5,T,102,102,0
200802120MIA,RS,DEN,2901.0,,102,104,-2
200802120MIA,RS,DEN,2920.0,T,104,104,0
200802120MIA,RS,DEN,2935.0,,104,106,-2
200802120MIA,RS,DEN,2979.0,,104,108,-4
200802120MIA,RS,DEN,2997.0,,106,108,-2
200802120MIA,RS,DEN,2997.0,,107,108,-1
200802120MIA,RS,DEN,3013.0,,107,110,-3
200802120MIA,RS,DEN,3026.0,T,110,110,0
200802120MIA,RS,DEN,3094.0,,110,111,-1
200802120MIA,RS,DEN,3094.0,,110,112,-2
200802120MIA,RS,DEN,3125.9,,110,113,-3
200802120MIA,RS,DEN,3125.9,,110,114,-4
200802120MIA,RS,DEN,3146.5,F,113,114,-1
200802120MIA,RS,DEN,3180.0,,113,114,-1
200802140CHI,RS,CHI,0.0,,0,0,0
200802140CHI,RS,CHI,35.0,,2,0,2
200802140CHI,RS,CHI,97.0,T,2,2,0
200802140CHI,RS,CHI,97.0,LC,2,3,-1
200802140CHI,RS,CHI,117.0,,2,5,-3
200802140CHI,RS,CHI,146.0,,2,7,-5
200802140CHI,RS,CHI,171.0,,2,9,-7
200802140CHI,RS,CHI,189.0,,4,9,-5
200802140CHI,RS,CHI,217.0,,6,9,-3
200802140CHI,RS,CHI,228.0,,6,12,-6
200802140CHI,RS,CHI,251.0,,8,12,-4
200802140CHI,RS,CHI,278.0,,9,12,-3
200802140CHI,RS,CHI,278.0,,10,12,-2
200802140CHI,RS,CHI,293.0,,10,14,-4
200802140CHI,RS,CHI,332.0,,12,14,-2
200802140CHI,RS,CHI,344.0,,12,16,-4
200802140CHI,RS,CHI,369.0,,12,18,-6
200802140CHI,RS,CHI,391.0,,15,18,-3
200802140CHI,RS,CHI,412.0,,15,20,-5
200802140CHI,RS,CHI,473.0,,15,22,-7
200802140CHI,RS,CHI,505.0,,15,24,-9
200802140CHI,RS,CHI,520.0,,17,24,-7
200802140CHI,RS,CHI,560.0,,19,24,-5
200802140CHI,RS,CHI,589.0,,19,26,-7
200802140CHI,RS,CHI,607.0,,22,26,-4
200802140CHI,RS,CHI,633.0,,25,26,-1
200802140CHI,RS,CHI,647.0,,25,28,-3
200802140CHI,RS,CHI,714.3,T,28,28,0
200802140CHI,RS,CHI,737.0,LC,30,28,2
200802140CHI,RS,CHI,752.0,T,30,30,0
200802140CHI,RS,CHI,855.0,LC,30,32,-2
200802140CHI,RS,CHI,926.0,,30,34,-4
200802140CHI,RS,CHI,946.0,,30,35,-5
200802140CHI,RS,CHI,946.0,,30,36,-6
200802140CHI,RS,CHI,977.0,,30,38,-8
200802140CHI,RS,CHI,1054.0,,30,39,-9
200802140CHI,RS,CHI,1054.0,,30,40,-10
200802140CHI,RS,CHI,1072.0,,32,40,-8
200802140CHI,RS,CHI,1092.0,,32,42,-10
200802140CHI,RS,CHI,1137.0,,33,42,-9
200802140CHI,RS,CHI,1137.0,,34,42,-8
200802140CHI,RS,CHI,1176.0,,37,42,-5
200802140CHI,RS,CHI,1228.0,,37,44,-7
200802140CHI,RS,CHI,1287.0,,37,46,-9
200802140CHI,RS,CHI,1305.0,,39,46,-7
200802140CHI,RS,CHI,1332.0,,41,46,-5
200802140CHI,RS,CHI,1379.0,,41,47,-6
200802140CHI,RS,CHI,1379.0,,41,48,-7
200802140CHI,RS,CHI,1415.7,,43,48,-5
200802140CHI,RS,CHI,1471.0,,43,50,-7
200802140CHI,RS,CHI,1488.0,,45,50,-5
200802140CHI,RS,CHI,1506.0,,45,52,-7
200802140CHI,RS,CHI,1542.0,,47,52,-5
200802140CHI,RS,CHI,1592.0,,48,52,-4
200802140CHI,RS,CHI,1592.0,,49,52,-3
200802140CHI,RS,CHI,1633.0,,49,54,-5
200802140CHI,RS,CHI,1649.0,,51,54,-3
200802140CHI,RS,CHI,1678.0,,52,54,-2
200802140CHI,RS,CHI,1721.0,T,54,54,0
200802140CHI,RS,CHI,1759.0,LC,57,54,3
200802140CHI,RS,CHI,1774.0,,57,56,1
200802140CHI,RS,CHI,1794.0,,59,56,3
200802140CHI,RS,CHI,1812.0,T,59,59,0
200802140CHI,RS,CHI,1883.0,,61,59,2
200802140CHI,RS,CHI,1935.0,T,61,61,0
200802140CHI,RS,CHI,1979.0,LC,61,63,-2
200802140CHI,RS,CHI,2011.0,,61,65,-4
200802140CHI,RS,CHI,2028.0,,62,65,-3
200802140CHI,RS,CHI,2028.0,,63,65,-2
200802140CHI,RS,CHI,2046.0,,63,68,-5
200802140CHI,RS,CHI,2159.3,,63,69,-6
200802140CHI,RS,CHI,2159.3,,63,70,-7
200802140CHI,RS,CHI,2175.0,,63,72,-9
200802140CHI,RS,CHI,2191.0,,64,72,-8
200802140CHI,RS,CHI,2191.0,,65,72,-7
200802140CHI,RS,CHI,2214.0,,65,74,-9
200802140CHI,RS,CHI,2229.0,,67,74,-7
200802140CHI,RS,CHI,2275.0,,70,74,-4
200802140CHI,RS,CHI,2322.0,,70,76,-6
200802140CHI,RS,CHI,2339.0,,72,76,-4
200802140CHI,RS,CHI,2358.0,,72,78,-6
200802140CHI,RS,CHI,2453.0,,72,79,-7
200802140CHI,RS,CHI,2484.0,,72,81,-9
200802140CHI,RS,CHI,2500.0,,74,81,-7
200802140CHI,RS,CHI,2524.0,,75,81,-6
200802140CHI,RS,CHI,2524.0,,76,81,-5
200802140CHI,RS,CHI,2555.0,,79,81,-2
200802140CHI,RS,CHI,2563.0,,79,82,-3
200802140CHI,RS,CHI,2585.0,,81,82,-1
200802140CHI,RS,CHI,2598.0,,81,84,-3
200802140CHI,RS,CHI,2627.0,,81,86,-5
200802140CHI,RS,CHI,2652.0,,83,86,-3
200802140CHI,RS,CHI,2666.0,,83,88,-5
200802140CHI,RS,CHI,2703.0,,84,88,-4
200802140CHI,RS,CHI,2715.0,,84,89,-5
200802140CHI,RS,CHI,2730.0,,87,89,-2
200802140CHI,RS,CHI,2742.0,,87,91,-4
200802140CHI,RS,CHI,2764.0,,87,92,-5
200802140CHI,RS,CHI,2764.0,,87,93,-6
200802140CHI,RS,CHI,2777.0,,87,94,-7
200802140CHI,RS,CHI,2803.0,,87,95,-8
200802140CHI,RS,CHI,2803.0,,87,96,-9
200802140CHI,RS,CHI,2859.6,,89,96,-7
200802140CHI,RS,CHI,2860.1,,89,97,-8
200802140CHI,RS,CHI,2860.1,,89,98,-9
200802140CHI,RS,CHI,2867.5,,92,98,-6
200802140CHI,RS,CHI,2868.0,F,92,99,-7
200802140CHI,RS,CHI,2880.0,,92,99,-7
200802210HOU,RS,HOU,0.0,,0,0,0
200802210HOU,RS,HOU,60.0,,0,2,-2
200802210HOU,RS,HOU,74.0,T,2,2,0
200802210HOU,RS,HOU,85.0,,2,4,-2
200802210HOU,RS,HOU,85.0,,2,5,-3
200802210HOU,RS,HOU,108.0,,4,5,-1
200802210HOU,RS,HOU,123.0,,4,7,-3
200802210HOU,RS,HOU,139.0,,4,9,-5
200802210HOU,RS,HOU,163.0,,4,11,-7
200802210HOU,RS,HOU,184.0,,6,11,-5
200802210HOU,RS,HOU,198.0,,6,13,-7
200802210HOU,RS,HOU,215.0,,8,13,-5
200802210HOU,RS,HOU,228.0,,8,16,-8
200802210HOU,RS,HOU,244.0,,10,16,-6
200802210HOU,RS,HOU,259.0,,10,18,-8
200802210HOU,RS,HOU,266.0,,12,18,-6
200802210HOU,RS,HOU,301.0,,12,20,-8
200802210HOU,RS,HOU,316.0,,15,20,-5
200802210HOU,RS,HOU,343.0,,15,21,-6
200802210HOU,RS,HOU,343.0,,15,22,-7
200802210HOU,RS,HOU,415.0,,16,22,-6
200802210HOU,RS,HOU,415.0,,17,22,-5
200802210HOU,RS,HOU,427.0,,17,24,-7
200802210HOU,RS,HOU,463.0,,17,26,-9
200802210HOU,RS,HOU,496.0,,19,26,-7
200802210HOU,RS,HOU,511.0,,19,28,-9
200802210HOU,RS,HOU,558.0,,19,30,-11
200802210HOU,RS,HOU,582.0,,21,30,-9
200802210HOU,RS,HOU,605.0,,21,32,-11
200802210HOU,RS,HOU,629.0,,21,35,-14
200802210HOU,RS,HOU,652.0,,24,35,-11
200802210HOU,RS,HOU,693.4,,24,38,-14
200802210HOU,RS,HOU,713.6,,26,38,-12
200802210HOU,RS,HOU,718.3,,26,41,-15
200802210HOU,RS,HOU,785.0,,26,44,-18
200802210HOU,RS,HOU,823.0,,27,44,-17
200802210HOU,RS,HOU,925.0,,29,44,-15
200802210HOU,RS,HOU,943.0,,29,46,-17
200802210HOU,RS,HOU,959.0,,29,48,-19
200802210HOU,RS,HOU,1039.0,,31,48,-17
200802210HOU,RS,HOU,1133.0,,31,50,-19
200802210HOU,RS,HOU,1148.0,,32,50,-18
200802210HOU,RS,HOU,1148.0,,33,50,-17
200802210HOU,RS,HOU,1170.0,,33,52,-19
200802210HOU,RS,HOU,1186.0,,35,52,-17
200802210HOU,RS,HOU,1206.0,,35,55,-20
200802210HOU,RS,HOU,1226.0,,37,55,-18
200802210HOU,RS,HOU,1251.0,,38,55,-17
200802210HOU,RS,HOU,1251.0,,39,55,-16
200802210HOU,RS,HOU,1269.0,,39,57,-18
200802210HOU,RS,HOU,1288.0,,41,57,-16
200802210HOU,RS,HOU,1305.0,,41,59,-18
200802210HOU,RS,HOU,1315.0,,43,59,-16
200802210HOU,RS,HOU,1338.0,,44,59,-15
200802210HOU,RS,HOU,1357.0,,46,59,-13
200802210HOU,RS,HOU,1377.0,,46,62,-16
200802210HOU,RS,HOU,1436.0,,48,62,-14
200802210HOU,RS,HOU,1456.0,,50,62,-12
200802210HOU,RS,HOU,1481.0,,50,64,-14
200802210HOU,RS,HOU,1549.0,,50,66,-16
200802210HOU,RS,HOU,1613.0,,52,66,-14
200802210HOU,RS,HOU,1642.0,,54,66,-12
200802210HOU,RS,HOU,1642.0,,55,66,-11
200802210HOU,RS,HOU,1686.0,,58,66,-8
200802210HOU,RS,HOU,1702.0,,58,67,-9
200802210HOU,RS,HOU,1718.0,,58,69,-11
200802210HOU,RS,HOU,1746.0,,58,70,-12
200802210HOU,RS,HOU,1746.0,,58,71,-13
200802210HOU,RS,HOU,1773.0,,60,71,-11
200802210HOU,RS,HOU,1795.0,,60,72,-12
200802210HOU,RS,HOU,1809.0,,62,72,-10
200802210HOU,RS,HOU,1809.0,,63,72,-9
200802210HOU,RS,HOU,1835.0,,63,73,-10
200802210HOU,RS,HOU,1835.0,,63,74,-11
200802210HOU,RS,HOU,1868.0,,66,74,-8
200802210HOU,RS,HOU,1896.0,,66,76,-10
200802210HOU,RS,HOU,1916.0,,67,76,-9
200802210HOU,RS,HOU,1916.0,,68,76,-8
200802210HOU,RS,HOU,1928.0,,68,77,-9
200802210HOU,RS,HOU,1928.0,,68,78,-10
200802210HOU,RS,HOU,1959.0,,68,80,-12
200802210HOU,RS,HOU,1979.0,,69,80,-11
200802210HOU,RS,HOU,1989.0,,69,81,-12
200802210HOU,RS,HOU,1999.0,,71,81,-10
200802210HOU,RS,HOU,2050.0,,71,83,-12
200802210HOU,RS,HOU,2072.0,,73,83,-10
200802210HOU,RS,HOU,2088.0,,74,83,-9
200802210HOU,RS,HOU,2111.6,,74,85,-11
200802210HOU,RS,HOU,2151.5,,74,86,-12
200802210HOU,RS,HOU,2151.5,,74,87,-13
200802210HOU,RS,HOU,2159.8,,75,87,-12
200802210HOU,RS,HOU,2183.0,,75,89,-14
200802210HOU,RS,HOU,2202.0,,77,89,-12
200802210HOU,RS,HOU,2221.0,,77,90,-13
200802210HOU,RS,HOU,2238.0,,79,90,-11
200802210HOU,RS,HOU,2258.0,,79,91,-12
200802210HOU,RS,HOU,2272.0,,81,91,-10
200802210HOU,RS,HOU,2325.0,,83,91,-8
200802210HOU,RS,HOU,2364.0,,83,93,-10
200802210HOU,RS,HOU,2418.0,,85,93,-8
200802210HOU,RS,HOU,2435.0,,85,95,-10
200802210HOU,RS,HOU,2456.0,,85,96,-11
200802210HOU,RS,HOU,2468.0,,85,98,-13
200802210HOU,RS,HOU,2485.0,,88,98,-10
200802210HOU,RS,HOU,2511.0,,88,101,-13
200802210HOU,RS,HOU,2538.0,,90,101,-11
200802210HOU,RS,HOU,2591.0,,90,104,-14
200802210HOU,RS,HOU,2645.0,,93,104,-11
200802210HOU,RS,HOU,2668.0,,93,106,-13
200802210HOU,RS,HOU,2694.0,,94,106,-12
200802210HOU,RS,HOU,2714.0,,94,108,-14
200802210HOU,RS,HOU,2751.0,,94,110,-16
200802210HOU,RS,HOU,2777.0,,96,110,-14
200802210HOU,RS,HOU,2792.0,,96,111,-15
200802210HOU,RS,HOU,2792.0,,96,112,-16
200802210HOU,RS,HOU,2839.5,,97,112,-15
200802210HOU,RS,HOU,2870.4,F,100,112,-12
200802210HOU,RS,HOU,2880.0,,100,112,-12
200802230MIA,RS,PHI,0.0,,0,0,0
200802230MIA,RS,PHI,41.0,,0,1,-1
200802230MIA,RS,PHI,41.0,,0,2,-2
200802230MIA,RS,PHI,98.0,T,2,2,0
200802230MIA,RS,PHI,130.0,,2,4,-2
200802230MIA,RS,PHI,208.0,T,4,4,0
200802230MIA,RS,PHI,229.0,,4,6,-2
200802230MIA,RS,PHI,251.0,T,6,6,0
200802230MIA,RS,PHI,274.0,,6,8,-2
200802230MIA,RS,PHI,297.0,T,8,8,0
200802230MIA,RS,PHI,306.0,,8,9,-1
200802230MIA,RS,PHI,320.0,LC,10,9,1
200802230MIA,RS,PHI,359.0,T,10,10,0
200802230MIA,RS,PHI,359.0,LC,10,11,-1
200802230MIA,RS,PHI,409.0,,10,13,-3
200802230MIA,RS,PHI,426.0,T,13,13,0
200802230MIA,RS,PHI,438.0,,13,15,-2
200802230MIA,RS,PHI,489.0,T,15,15,0
200802230MIA,RS,PHI,512.0,,15,18,-3
200802230MIA,RS,PHI,535.0,,15,20,-5
200802230MIA,RS,PHI,535.0,,15,21,-6
200802230MIA,RS,PHI,559.0,,15,23,-8
200802230MIA,RS,PHI,651.0,,16,23,-7
200802230MIA,RS,PHI,651.0,,17,23,-6
200802230MIA,RS,PHI,691.0,,17,24,-7
200802230MIA,RS,PHI,699.6,,19,24,-5
200802230MIA,RS,PHI,785.0,,19,26,-7
200802230MIA,RS,PHI,801.0,,20,26,-6
200802230MIA,RS,PHI,801.0,,21,26,-5
200802230MIA,RS,PHI,828.0,,23,26,-3
200802230MIA,RS,PHI,856.0,,24,26,-2
200802230MIA,RS,PHI,875.0,,24,28,-4
200802230MIA,RS,PHI,887.0,,26,28,-2
200802230MIA,RS,PHI,932.0,,27,28,-1
200802230MIA,RS,PHI,932.0,T,28,28,0
200802230MIA,RS,PHI,951.0,,28,30,-2
200802230MIA,RS,PHI,963.0,T,30,30,0
200802230MIA,RS,PHI,980.0,,30,32,-2
200802230MIA,RS,PHI,1024.0,,30,33,-3
200802230MIA,RS,PHI,1024.0,,30,34,-4
200802230MIA,RS,PHI,1038.0,,32,34,-2
200802230MIA,RS,PHI,1084.0,,33,34,-1
200802230MIA,RS,PHI,1084.0,T,34,34,0
200802230MIA,RS,PHI,1106.0,,34,36,-2
200802230MIA,RS,PHI,1142.0,,34,38,-4
200802230MIA,RS,PHI,1151.0,,36,38,-2
200802230MIA,RS,PHI,1163.0,,36,40,-4
200802230MIA,RS,PHI,1182.0,,39,40,-1
200802230MIA,RS,PHI,1207.0,,39,42,-3
200802230MIA,RS,PHI,1236.0,,39,44,-5
200802230MIA,RS,PHI,1267.0,,41,44,-3
200802230MIA,RS,PHI,1283.0,,41,46,-5
200802230MIA,RS,PHI,1323.0,,41,49,-8
200802230MIA,RS,PHI,1340.0,,43,49,-6
200802230MIA,RS,PHI,1360.0,,44,49,-5
200802230MIA,RS,PHI,1360.0,,45,49,-4
200802230MIA,RS,PHI,1383.1,,47,49,-2
200802230MIA,RS,PHI,1392.8,,47,51,-4
200802230MIA,RS,PHI,1410.3,,49,51,-2
200802230MIA,RS,PHI,1453.0,T,51,51,0
200802230MIA,RS,PHI,1486.0,LC,53,51,2
200802230MIA,RS,PHI,1515.0,,55,51,4
200802230MIA,RS,PHI,1532.0,,55,53,2
200802230MIA,RS,PHI,1559.0,,58,53,5
200802230MIA,RS,PHI,1577.0,,58,55,3
200802230MIA,RS,PHI,1595.0,,58,57,1
200802230MIA,RS,PHI,1622.0,,61,57,4
200802230MIA,RS,PHI,1634.0,,61,58,3
200802230MIA,RS,PHI,1684.0,,61,60,1
200802230MIA,RS,PHI,1731.0,,63,60,3
200802230MIA,RS,PHI,1758.0,,63,62,1
200802230MIA,RS,PHI,1772.0,,65,62,3
200802230MIA,RS,PHI,1788.0,,65,64,1
200802230MIA,RS,PHI,1847.0,T,65,65,0
200802230MIA,RS,PHI,1903.0,LC,65,67,-2
200802230MIA,RS,PHI,1937.0,,65,69,-4
200802230MIA,RS,PHI,1953.0,,67,69,-2
200802230MIA,RS,PHI,2037.0,T,69,69,0
200802230MIA,RS,PHI,2058.0,LC,71,69,2
200802230MIA,RS,PHI,2079.0,T,71,71,0
200802230MIA,RS,PHI,2118.9,,73,71,2
200802230MIA,RS,PHI,2137.2,T,73,73,0
200802230MIA,RS,PHI,2187.0,,75,73,2
200802230MIA,RS,PHI,2235.0,,78,73,5
200802230MIA,RS,PHI,2311.0,,78,75,3
200802230MIA,RS,PHI,2331.0,,79,75,4
200802230MIA,RS,PHI,2331.0,,80,75,5
200802230MIA,RS,PHI,2379.0,,80,77,3
200802230MIA,RS,PHI,2404.0,,80,79,1
200802230MIA,RS,PHI,2436.0,,83,79,4
200802230MIA,RS,PHI,2455.0,,83,81,2
200802230MIA,RS,PHI,2488.0,T,83,83,0
200802230MIA,RS,PHI,2523.0,LC,83,85,-2
200802230MIA,RS,PHI,2578.0,T,85,85,0
200802230MIA,RS,PHI,2632.0,,85,87,-2
200802230MIA,RS,PHI,2658.0,,85,88,-3
200802230MIA,RS,PHI,2658.0,,85,89,-4
200802230MIA,RS,PHI,2707.0,,86,89,-3
200802230MIA,RS,PHI,2707.0,,87,89,-2
200802230MIA,RS,PHI,2781.0,T,89,89,0
200802230MIA,RS,PHI,2806.0,LC,91,89,2
200802230MIA,RS,PHI,2816.0,,91,90,1
200802230MIA,RS,PHI,2816.0,T,91,91,0
200802230MIA,RS,PHI,3006.0,,93,91,2
200802230MIA,RS,PHI,3036.0,,96,91,5
200802230MIA,RS,PHI,3074.0,,96,92,4
200802230MIA,RS,PHI,3074.0,,96,93,3
200802230MIA,RS,PHI,3094.0,,96,95,1
200802230MIA,RS,PHI,3112.0,LC,96,97,-1
200802230MIA,RS,PHI,3112.0,,96,98,-2
200802230MIA,RS,PHI,3142.4,,96,100,-4
200802230MIA,RS,PHI,3164.3,F,96,101,-5
200802230MIA,RS,PHI,3180.0,,96,101,-5
200802260MIA,RS,SAC,0.0,,0,0,0
200802260MIA,RS,SAC,20.0,,0,2,-2
200802260MIA,RS,SAC,65.0,,0,4,-4
200802260MIA,RS,SAC,75.0,,2,4,-2
200802260MIA,RS,SAC,103.0,,2,6,-4
200802260MIA,RS,SAC,142.0,,4,6,-2
200802260MIA,RS,SAC,156.0,,4,8,-4
200802260MIA,RS,SAC,156.0,,4,9,-5
200802260MIA,RS,SAC,212.0,,6,9,-3
200802260MIA,RS,SAC,248.0,,7,9,-2
200802260MIA,RS,SAC,248.0,,8,9,-1
200802260MIA,RS,SAC,265.0,,8,11,-3
200802260MIA,RS,SAC,277.0,,9,11,-2
200802260MIA,RS,SAC,311.0,,9,13,-4
200802260MIA,RS,SAC,351.0,,11,13,-2
200802260MIA,RS,SAC,375.0,T,13,13,0
200802260MIA,RS,SAC,388.0,,13,15,-2
200802260MIA,RS,SAC,396.0,T,15,15,0
200802260MIA,RS,SAC,402.0,,15,17,-2
200802260MIA,RS,SAC,427.0,,15,18,-3
200802260MIA,RS,SAC,427.0,,15,19,-4
200802260MIA,RS,SAC,445.0,,17,19,-2
200802260MIA,RS,SAC,474.0,,17,22,-5
200802260MIA,RS,SAC,489.0,,19,22,-3
200802260MIA,RS,SAC,500.0,,19,23,-4
200802260MIA,RS,SAC,500.0,,19,24,-5
200802260MIA,RS,SAC,561.0,,21,24,-3
200802260MIA,RS,SAC,592.0,,21,25,-4
200802260MIA,RS,SAC,592.0,,21,26,-5
200802260MIA,RS,SAC,611.0,,21,28,-7
200802260MIA,RS,SAC,629.0,,23,28,-5
200802260MIA,RS,SAC,656.0,,26,28,-2
200802260MIA,RS,SAC,675.1,,26,30,-4
200802260MIA,RS,SAC,690.6,,28,30,-2
200802260MIA,RS,SAC,708.5,,28,32,-4
200802260MIA,RS,SAC,716.7,,30,32,-2
200802260MIA,RS,SAC,747.0,,30,34,-4
200802260MIA,RS,SAC,787.0,,31,34,-3
200802260MIA,RS,SAC,837.0,,32,34,-2
200802260MIA,RS,SAC,884.0,,33,34,-1
200802260MIA,RS,SAC,884.0,T,34,34,0
200802260MIA,RS,SAC,898.0,LC,35,34,1
200802260MIA,RS,SAC,898.0,,36,34,2
200802260MIA,RS,SAC,910.0,T,36,36,0
200802260MIA,RS,SAC,1024.0,,37,36,1
200802260MIA,RS,SAC,1024.0,,38,36,2
200802260MIA,RS,SAC,1037.0,T,38,38,0
200802260MIA,RS,SAC,1071.0,LC,38,40,-2
200802260MIA,RS,SAC,1071.0,,38,41,-3
200802260MIA,RS,SAC,1092.0,,40,41,-1
200802260MIA,RS,SAC,1092.0,T,41,41,0
200802260MIA,RS,SAC,1109.0,,41,43,-2
200802260MIA,RS,SAC,1135.0,T,43,43,0
200802260MIA,RS,SAC,1148.0,,43,44,-1
200802260MIA,RS,SAC,1164.0,LC,45,44,1
200802260MIA,RS,SAC,1184.0,T,45,45,0
200802260MIA,RS,SAC,1184.0,LC,45,46,-1
200802260MIA,RS,SAC,1202.0,LC,47,46,1
200802260MIA,RS,SAC,1227.0,,48,46,2
200802260MIA,RS,SAC,1227.0,,49,46,3
200802260MIA,RS,SAC,1264.0,,49,48,1
200802260MIA,RS,SAC,1284.0,,51,48,3
200802260MIA,RS,SAC,1310.0,,53,48,5
200802260MIA,RS,SAC,1344.0,,56,48,8
200802260MIA,RS,SAC,1362.0,,56,50,6
200802260MIA,RS,SAC,1400.5,,58,50,8
200802260MIA,RS,SAC,1417.6,,58,52,6
200802260MIA,RS,SAC,1465.0,,60,52,8
200802260MIA,RS,SAC,1500.0,,62,52,10
200802260MIA,RS,SAC,1522.0,,64,52,12
200802260MIA,RS,SAC,1535.0,,64,53,11
200802260MIA,RS,SAC,1535.0,,64,54,10
200802260MIA,RS,SAC,1552.0,,66,54,12
200802260MIA,RS,SAC,1588.0,,66,55,11
200802260MIA,RS,SAC,1588.0,,66,56,10
200802260MIA,RS,SAC,1647.0,,68,56,12
200802260MIA,RS,SAC,1672.0,,70,56,14
200802260MIA,RS,SAC,1723.0,,73,56,17
200802260MIA,RS,SAC,1740.0,,75,56,19
200802260MIA,RS,SAC,1924.0,,77,56,21
200802260MIA,RS,SAC,1924.0,,78,56,22
200802260MIA,RS,SAC,1958.0,,80,56,24
200802260MIA,RS,SAC,1988.0,,82,56,26
200802260MIA,RS,SAC,1988.0,,83,56,27
200802260MIA,RS,SAC,2003.0,,83,58,25
200802260MIA,RS,SAC,2027.0,,83,59,24
200802260MIA,RS,SAC,2045.0,,85,59,26
200802260MIA,RS,SAC,2059.0,,85,61,24
200802260MIA,RS,SAC,2114.1,,87,61,26
200802260MIA,RS,SAC,2154.0,,88,61,27
200802260MIA,RS,SAC,2154.0,,89,61,28
200802260MIA,RS,SAC,2159.0,,89,62,27
200802260MIA,RS,SAC,2159.0,,89,63,26
200802260MIA,RS,SAC,2181.0,,89,65,24
200802260MIA,RS,SAC,2218.0,,89,67,22
200802260MIA,RS,SAC,2265.0,,89,69,20
200802260MIA,RS,SAC,2286.0,,90,69,21
200802260MIA,RS,SAC,2325.0,,91,69,22
200802260MIA,RS,SAC,2325.0,,92,69,23
200802260MIA,RS,SAC,2363.0,,95,69,26
200802260MIA,RS,SAC,2415.0,,95,71,24
200802260MIA,RS,SAC,2494.0,,98,71,27
200802260MIA,RS,SAC,2540.0,,98,73,25
200802260MIA,RS,SAC,2577.0,,98,75,23
200802260MIA,RS,SAC,2601.0,,98,78,20
200802260MIA,RS,SAC,2636.0,,98,79,19
200802260MIA,RS,SAC,2715.0,,100,79,21
200802260MIA,RS,SAC,2728.0,,100,80,20
200802260MIA,RS,SAC,2744.0,,101,80,21
200802260MIA,RS,SAC,2762.0,,101,82,19
200802260MIA,RS,SAC,2791.0,,101,84,17
200802260MIA,RS,SAC,2811.0,,103,84,19
200802260MIA,RS,SAC,2829.7,,103,86,17
200802260MIA,RS,SAC,2839.4,,104,86,18
200802260MIA,RS,SAC,2839.4,,105,86,19
200802260MIA,RS,SAC,2852.1,F,107,86,21
200802260MIA,RS,SAC,2880.0,,107,86,21
200802280LAL,RS,LAL,0.0,,0,0,0
200802280LAL,RS,LAL,18.0,,0,2,-2
200802280LAL,RS,LAL,37.0,T,2,2,0
200802280LAL,RS,LAL,82.0,,2,4,-2
200802280LAL,RS,LAL,117.0,,2,6,-4
200802280LAL,RS,LAL,196.0,,2,8,-6
200802280LAL,RS,LAL,215.0,,4,8,-4
200802280LAL,RS,LAL,231.0,,4,10,-6
200802280LAL,RS,LAL,247.0,,4,12,-8
200802280LAL,RS,LAL,313.0,,4,14,-10
200802280LAL,RS,LAL,337.0,,4,16,-12
200802280LAL,RS,LAL,376.0,,4,18,-14
200802280LAL,RS,LAL,394.0,,6,18,-12
200802280LAL,RS,LAL,452.0,,6,20,-14
200802280LAL,RS,LAL,483.0,,6,21,-15
200802280LAL,RS,LAL,483.0,,6,22,-16
200802280LAL,RS,LAL,515.0,,8,22,-14
200802280LAL,RS,LAL,562.0,,10,22,-12
200802280LAL,RS,LAL,575.0,,10,24,-14
200802280LAL,RS,LAL,590.0,,12,24,-12
200802280LAL,RS,LAL,612.0,,14,24,-10
200802280LAL,RS,LAL,642.0,,16,24,-8
200802280LAL,RS,LAL,704.0,,16,26,-10
200802280LAL,RS,LAL,719.2,,19,26,-7
200802280LAL,RS,LAL,807.0,,19,28,-9
200802280LAL,RS,LAL,850.0,,19,30,-11
200802280LAL,RS,LAL,878.0,,19,33,-14
200802280LAL,RS,LAL,897.0,,20,33,-13
200802280LAL,RS,LAL,897.0,,21,33,-12
200802280LAL,RS,LAL,906.0,,21,35,-14
200802280LAL,RS,LAL,906.0,,21,36,-15
200802280LAL,RS,LAL,958.0,,23,36,-13
200802280LAL,RS,LAL,969.0,,23,37,-14
200802280LAL,RS,LAL,969.0,,23,38,-15
200802280LAL,RS,LAL,980.0,,24,38,-14
200802280LAL,RS,LAL,980.0,,25,38,-13
200802280LAL,RS,LAL,993.0,,25,41,-16
200802280LAL,RS,LAL,1068.0,,25,42,-17
200802280LAL,RS,LAL,1068.0,,25,43,-18
200802280LAL,RS,LAL,1092.0,,27,43,-16
200802280LAL,RS,LAL,1145.0,,27,45,-18
200802280LAL,RS,LAL,1171.0,,29,45,-16
200802280LAL,RS,LAL,1185.0,,29,47,-18
200802280LAL,RS,LAL,1206.0,,32,47,-15
200802280LAL,RS,LAL,1219.0,,32,48,-16
200802280LAL,RS,LAL,1219.0,,32,49,-17
200802280LAL,RS,LAL,1235.0,,35,49,-14
200802280LAL,RS,LAL,1263.0,,37,49,-12
200802280LAL,RS,LAL,1315.0,,39,49,-10
200802280LAL,RS,LAL,1351.0,,41,49,-8
200802280LAL,RS,LAL,1364.0,,41,50,-9
200802280LAL,RS,LAL,1364.0,,41,51,-10
200802280LAL,RS,LAL,1392.9,,41,53,-12
200802280LAL,RS,LAL,1468.0,,43,53,-10
200802280LAL,RS,LAL,1516.0,,43,55,-12
200802280LAL,RS,LAL,1565.0,,45,55,-10
200802280LAL,RS,LAL,1581.0,,45,56,-11
200802280LAL,RS,LAL,1619.0,,45,57,-12
200802280LAL,RS,LAL,1636.0,,48,57,-9
200802280LAL,RS,LAL,1653.0,,48,59,-11
200802280LAL,RS,LAL,1665.0,,50,59,-9
200802280LAL,RS,LAL,1694.0,,52,59,-7
200802280LAL,RS,LAL,1746.0,,52,62,-10
200802280LAL,RS,LAL,1768.0,,52,64,-12
200802280LAL,RS,LAL,1794.0,,52,65,-13
200802280LAL,RS,LAL,1816.0,,52,67,-15
200802280LAL,RS,LAL,1880.0,,52,69,-17
200802280LAL,RS,LAL,1902.0,,54,69,-15
200802280LAL,RS,LAL,1938.0,,56,69,-13
200802280LAL,RS,LAL,1953.0,,56,71,-15
200802280LAL,RS,LAL,2115.1,,56,73,-17
200802280LAL,RS,LAL,2131.0,,58,73,-15
200802280LAL,RS,LAL,2183.0,,59,73,-14
200802280LAL,RS,LAL,2183.0,,60,73,-13
200802280LAL,RS,LAL,2230.0,,60,76,-16
200802280LAL,RS,LAL,2248.0,,62,76,-14
200802280LAL,RS,LAL,2303.0,,63,76,-13
200802280LAL,RS,LAL,2303.0,,64,76,-12
200802280LAL,RS,LAL,2315.0,,64,78,-14
200802280LAL,RS,LAL,2334.0,,64,81,-17
200802280LAL,RS,LAL,2351.0,,66,81,-15
200802280LAL,RS,LAL,2378.0,,66,83,-17
200802280LAL,RS,LAL,2395.0,,68,83,-15
200802280LAL,RS,LAL,2417.0,,70,83,-13
200802280LAL,RS,LAL,2438.0,,71,83,-12
200802280LAL,RS,LAL,2451.0,,71,85,-14
200802280LAL,RS,LAL,2470.0,,74,85,-11
200802280LAL,RS,LAL,2487.0,,74,86,-12
200802280LAL,RS,LAL,2532.0,,74,87,-13
200802280LAL,RS,LAL,2532.0,,74,88,-14
200802280LAL,RS,LAL,2546.0,,75,88,-13
200802280LAL,RS,LAL,2564.0,,75,91,-16
200802280LAL,RS,LAL,2586.0,,76,91,-15
200802280LAL,RS,LAL,2586.0,,77,91,-14
200802280LAL,RS,LAL,2601.0,,77,93,-16
200802280LAL,RS,LAL,2634.0,,78,93,-15
200802280LAL,RS,LAL,2634.0,,79,93,-14
200802280LAL,RS,LAL,2644.0,,79,95,-16
200802280LAL,RS,LAL,2695.0,,82,95,-13
200802280LAL,RS,LAL,2721.0,,85,95,-10
200802280LAL,RS,LAL,2721.0,,86,95,-9
200802280LAL,RS,LAL,2742.0,,86,97,-11
200802280LAL,RS,LAL,2742.0,,86,98,-12
200802280LAL,RS,LAL,2775.0,,86,100,-14
200802280LAL,RS,LAL,2814.0,,86,103,-17
200802280LAL,RS,LAL,2847.2,,86,106,-20
200802280LAL,RS,LAL,2859.7,F,88,106,-18
200802280LAL,RS,LAL,2880.0,,88,106,-18
200802290SEA,RS,SEA,0.0,,0,0,0
200802290SEA,RS,SEA,26.0,,2,0,2
200802290SEA,RS,SEA,67.0,T,2,2,0
200802290SEA,RS,SEA,87.0,,5,2,3
200802290SEA,RS,SEA,106.0,,5,4,1
200802290SEA,RS,SEA,131.0,LC,5,6,-1
200802290SEA,RS,SEA,226.0,,5,8,-3
200802290SEA,RS,SEA,244.0,,7,8,-1
200802290SEA,RS,SEA,269.0,,7,10,-3
200802290SEA,RS,SEA,304.0,,7,11,-4
200802290SEA,RS,SEA,304.0,,7,12,-5
200802290SEA,RS,SEA,317.0,,9,12,-3
200802290SEA,RS,SEA,352.0,,11,12,-1
200802290SEA,RS,SEA,371.0,,11,14,-3
200802290SEA,RS,SEA,387.0,,12,14,-2
200802290SEA,RS,SEA,387.0,,13,14,-1
200802290SEA,RS,SEA,402.0,,13,16,-3
200802290SEA,RS,SEA,426.0,,15,16,-1
200802290SEA,RS,SEA,439.0,,15,18,-3
200802290SEA,RS,SEA,480.0,,15,20,-5
200802290SEA,RS,SEA,499.0,,18,20,-2
200802290SEA,RS,SEA,522.0,T,20,20,0
200802290SEA,RS,SEA,560.0,,20,22,-2
200802290SEA,RS,SEA,580.0,T,22,22,0
200802290SEA,RS,SEA,678.5,LC,23,22,1
200802290SEA,RS,SEA,685.4,T,23,23,0
200802290SEA,RS,SEA,685.4,LC,23,24,-1
200802290SEA,RS,SEA,695.7,LC,25,24,1
200802290SEA,RS,SEA,715.0,T,25,25,0
200802290SEA,RS,SEA,715.0,LC,25,26,-1
200802290SEA,RS,SEA,752.0,T,26,26,0
200802290SEA,RS,SEA,823.0,,26,28,-2
200802290SEA,RS,SEA,879.0,,26,29,-3
200802290SEA,RS,SEA,912.0,,26,31,-5
200802290SEA,RS,SEA,933.0,,28,31,-3
200802290SEA,RS,SEA,953.0,,28,33,-5
200802290SEA,RS,SEA,980.0,,28,35,-7
200802290SEA,RS,SEA,1075.0,,28,37,-9
200802290SEA,RS,SEA,1089.0,,30,37,-7
200802290SEA,RS,SEA,1099.0,,30,40,-10
200802290SEA,RS,SEA,1113.0,,32,40,-8
200802290SEA,RS,SEA,1184.0,,34,40,-6
200802290SEA,RS,SEA,1207.0,,36,40,-4
200802290SEA,RS,SEA,1256.0,,36,43,-7
200802290SEA,RS,SEA,1290.0,,36,44,-8
200802290SEA,RS,SEA,1290.0,,36,45,-9
200802290SEA,RS,SEA,1311.0,,38,45,-7
200802290SEA,RS,SEA,1327.0,,38,47,-9
200802290SEA,RS,SEA,1342.0,,39,47,-8
200802290SEA,RS,SEA,1342.0,,40,47,-7
200802290SEA,RS,SEA,1377.0,,42,47,-5
200802290SEA,RS,SEA,1398.4,,44,47,-3
200802290SEA,RS,SEA,1460.0,,44,49,-5
200802290SEA,RS,SEA,1477.0,,46,49,-3
200802290SEA,RS,SEA,1504.0,,46,51,-5
200802290SEA,RS,SEA,1528.0,,47,51,-4
200802290SEA,RS,SEA,1528.0,,48,51,-3
200802290SEA,RS,SEA,1553.0,,50,51,-1
200802290SEA,RS,SEA,1572.0,,50,53,-3
200802290SEA,RS,SEA,1603.0,,50,54,-4
200802290SEA,RS,SEA,1621.0,,50,56,-6
200802290SEA,RS,SEA,1658.0,,50,58,-8
200802290SEA,RS,SEA,1676.0,,52,58,-6
200802290SEA,RS,SEA,1690.0,,52,59,-7
200802290SEA,RS,SEA,1705.0,,54,59,-5
200802290SEA,RS,SEA,1783.0,,56,59,-3
200802290SEA,RS,SEA,1797.0,,56,61,-5
200802290SEA,RS,SEA,1816.0,,56,63,-7
200802290SEA,RS,SEA,1851.0,,56,64,-8
200802290SEA,RS,SEA,1851.0,,56,65,-9
200802290SEA,RS,SEA,1879.0,,58,65,-7
200802290SEA,RS,SEA,1893.0,,58,66,-8
200802290SEA,RS,SEA,1893.0,,58,67,-9
200802290SEA,RS,SEA,1934.0,,59,67,-8
200802290SEA,RS,SEA,1934.0,,60,67,-7
200802290SEA,RS,SEA,1955.0,,60,68,-8
200802290SEA,RS,SEA,1955.0,,60,69,-9
200802290SEA,RS,SEA,1968.0,,62,69,-7
200802290SEA,RS,SEA,1974.0,,62,71,-9
200802290SEA,RS,SEA,1974.0,,62,72,-10
200802290SEA,RS,SEA,1989.0,,65,72,-7
200802290SEA,RS,SEA,2019.0,,68,72,-4
200802290SEA,RS,SEA,2051.0,,70,72,-2
200802290SEA,RS,SEA,2068.0,,70,74,-4
200802290SEA,RS,SEA,2091.0,,72,74,-2
200802290SEA,RS,SEA,2102.3,,72,76,-4
200802290SEA,RS,SEA,2120.8,,74,76,-2
200802290SEA,RS,SEA,2153.0,T,76,76,0
200802290SEA,RS,SEA,2153.0,LC,77,76,1
200802290SEA,RS,SEA,2180.0,,80,76,4
200802290SEA,RS,SEA,2227.0,,82,76,6
200802290SEA,RS,SEA,2245.0,,82,77,5
200802290SEA,RS,SEA,2245.0,,82,78,4
200802290SEA,RS,SEA,2293.0,,83,78,5
200802290SEA,RS,SEA,2293.0,,84,78,6
200802290SEA,RS,SEA,2351.0,,84,80,4
200802290SEA,RS,SEA,2406.0,,84,82,2
200802290SEA,RS,SEA,2478.0,,86,82,4
200802290SEA,RS,SEA,2514.0,,88,82,6
200802290SEA,RS,SEA,2532.0,,88,84,4
200802290SEA,RS,SEA,2561.0,,90,84,6
200802290SEA,RS,SEA,2598.0,,92,84,8
200802290SEA,RS,SEA,2652.0,,94,84,10
200802290SEA,RS,SEA,2682.0,,94,85,9
200802290SEA,RS,SEA,2682.0,,94,86,8
200802290SEA,RS,SEA,2711.0,,96,86,10
200802290SEA,RS,SEA,2730.0,,96,88,8
200802290SEA,RS,SEA,2766.0,,96,90,6
200802290SEA,RS,SEA,2786.0,,98,90,8
200802290SEA,RS,SEA,2801.0,,98,91,7
200802290SEA,RS,SEA,2819.0,,100,91,9
200802290SEA,RS,SEA,2854.9,,100,93,7
200802290SEA,RS,SEA,2878.4,,102,93,9
200802290SEA,RS,SEA,2878.4,F,103,93,10
200802290SEA,RS,SEA,2880.0,,103,93,10
200803020SAC,RS,SAC,0.0,,0,0,0
200803020SAC,RS,SAC,11.0,,0,2,-2
200803020SAC,RS,SAC,30.0,LC,3,2,1
200803020SAC,RS,SAC,69.0,,6,2,4
200803020SAC,RS,SAC,102.0,,6,4,2
200803020SAC,RS,SAC,150.0,,9,4,5
200803020SAC,RS,SAC,208.0,,9,5,4
200803020SAC,RS,SAC,208.0,,9,6,3
200803020SAC,RS,SAC,221.0,,11,6,5
200803020SAC,RS,SAC,237.0,,11,8,3
200803020SAC,RS,SAC,249.0,,13,8,5
200803020SAC,RS,SAC,271.0,,13,10,3
200803020SAC,RS,SAC,295.0,,15,10,5
200803020SAC,RS,SAC,329.0,,18,10,8
200803020SAC,RS,SAC,356.0,,20,10,10
200803020SAC,RS,SAC,368.0,,20,13,7
200803020SAC,RS,SAC,422.0,,20,15,5
200803020SAC,RS,SAC,452.0,,20,17,3
200803020SAC,RS,SAC,477.0,,20,19,1
200803020SAC,RS,SAC,518.0,LC,20,21,-1
200803020SAC,RS,SAC,532.0,LC,23,21,2
200803020SAC,RS,SAC,558.0,,26,21,5
200803020SAC,RS,SAC,573.0,,26,23,3
200803020SAC,RS,SAC,585.0,,28,23,5
200803020SAC,RS,SAC,601.0,,28,25,3
200803020SAC,RS,SAC,624.0,,30,25,5
200803020SAC,RS,SAC,650.0,,32,25,7
200803020SAC,RS,SAC,650.0,,33,25,8
200803020SAC,RS,SAC,691.8,,33,27,6
200803020SAC,RS,SAC,699.1,,34,27,7
200803020SAC,RS,SAC,738.0,,36,27,9
200803020SAC,RS,SAC,761.0,,38,27,11
200803020SAC,RS,SAC,761.0,,39,27,12
200803020SAC,RS,SAC,793.0,,41,27,14
200803020SAC,RS,SAC,822.0,,41,29,12
200803020SAC,RS,SAC,851.0,,41,31,10
200803020SAC,RS,SAC,870.0,,43,31,12
200803020SAC,RS,SAC,893.0,,43,33,10
200803020SAC,RS,SAC,913.0,,46,33,13
200803020SAC,RS,SAC,992.0,,46,36,10
200803020SAC,RS,SAC,1012.0,,48,36,12
200803020SAC,RS,SAC,1034.0,,49,36,13
200803020SAC,RS,SAC,1034.0,,50,36,14
200803020SAC,RS,SAC,1053.0,,50,38,12
200803020SAC,RS,SAC,1084.0,,52,38,14
200803020SAC,RS,SAC,1107.0,,55,38,17
200803020SAC,RS,SAC,1125.0,,55,39,16
200803020SAC,RS,SAC,1141.0,,57,39,18
200803020SAC,RS,SAC,1203.0,,59,39,20
200803020SAC,RS,SAC,1228.0,,62,39,23
200803020SAC,RS,SAC,1246.0,,62,41,21
200803020SAC,RS,SAC,1272.0,,62,42,20
200803020SAC,RS,SAC,1304.0,,62,44,18
200803020SAC,RS,SAC,1346.0,,64,44,20
200803020SAC,RS,SAC,1346.0,,65,44,21
200803020SAC,RS,SAC,1356.0,,65,47,18
200803020SAC,RS,SAC,1373.0,,67,47,20
200803020SAC,RS,SAC,1427.8,,68,47,21
200803020SAC,RS,SAC,1427.8,,69,47,22
200803020SAC,RS,SAC,1439.9,,69,49,20
200803020SAC,RS,SAC,1454.0,,70,49,21
200803020SAC,RS,SAC,1454.0,,71,49,22
200803020SAC,RS,SAC,1465.0,,71,50,21
200803020SAC,RS,SAC,1465.0,,71,51,20
200803020SAC,RS,SAC,1484.0,,73,51,22
200803020SAC,RS,SAC,1500.0,,73,52,21
200803020SAC,RS,SAC,1520.0,,74,52,22
200803020SAC,RS,SAC,1520.0,,75,52,23
200803020SAC,RS,SAC,1550.0,,75,53,22
200803020SAC,RS,SAC,1550.0,,75,54,21
200803020SAC,RS,SAC,1572.0,,75,56,19
200803020SAC,RS,SAC,1585.0,,76,56,20
200803020SAC,RS,SAC,1585.0,,77,56,21
200803020SAC,RS,SAC,1603.0,,77,57,20
200803020SAC,RS,SAC,1603.0,,77,58,19
200803020SAC,RS,SAC,1630.0,,77,60,17
200803020SAC,RS,SAC,1630.0,,77,61,16
200803020SAC,RS,SAC,1640.0,,79,61,18
200803020SAC,RS,SAC,1660.0,,79,63,16
200803020SAC,RS,SAC,1679.0,,81,63,18
200803020SAC,RS,SAC,1726.0,,81,66,15
200803020SAC,RS,SAC,1749.0,,81,67,14
200803020SAC,RS,SAC,1749.0,,81,68,13
200803020SAC,RS,SAC,1785.0,,81,71,10
200803020SAC,RS,SAC,1850.0,,82,71,11
200803020SAC,RS,SAC,1850.0,,83,71,12
200803020SAC,RS,SAC,1869.0,,83,72,11
200803020SAC,RS,SAC,1869.0,,83,73,10
200803020SAC,RS,SAC,1889.0,,83,74,9
200803020SAC,RS,SAC,1889.0,,83,75,8
200803020SAC,RS,SAC,1907.0,,85,75,10
200803020SAC,RS,SAC,1943.0,,86,75,11
200803020SAC,RS,SAC,1961.0,,86,76,10
200803020SAC,RS,SAC,1961.0,,86,77,9
200803020SAC,RS,SAC,1987.0,,86,80,6
200803020SAC,RS,SAC,2018.0,,86,81,5
200803020SAC,RS,SAC,2018.0,,86,82,4
200803020SAC,RS,SAC,2029.0,,87,82,5
200803020SAC,RS,SAC,2045.0,,87,84,3
200803020SAC,RS,SAC,2077.0,T,87,87,0
200803020SAC,RS,SAC,2119.2,LC,87,90,-3
200803020SAC,RS,SAC,2140.9,,89,90,-1
200803020SAC,RS,SAC,2225.0,,89,92,-3
200803020SAC,RS,SAC,2301.0,,89,95,-6
200803020SAC,RS,SAC,2335.0,,89,97,-8
200803020SAC,RS,SAC,2364.0,,91,97,-6
200803020SAC,RS,SAC,2382.0,,91,99,-8
200803020SAC,RS,SAC,2405.0,,91,100,-9
200803020SAC,RS,SAC,2405.0,,91,101,-10
200803020SAC,RS,SAC,2424.0,,93,101,-8
200803020SAC,RS,SAC,2445.0,,93,103,-10
200803020SAC,RS,SAC,2489.0,,93,105,-12
200803020SAC,RS,SAC,2506.0,,95,105,-10
200803020SAC,RS,SAC,2554.0,,97,105,-8
200803020SAC,RS,SAC,2609.0,,97,108,-11
200803020SAC,RS,SAC,2629.0,,100,108,-8
200803020SAC,RS,SAC,2652.0,,100,111,-11
200803020SAC,RS,SAC,2677.0,,102,111,-9
200803020SAC,RS,SAC,2709.0,,104,111,-7
200803020SAC,RS,SAC,2736.0,,104,113,-9
200803020SAC,RS,SAC,2765.0,,104,115,-11
200803020SAC,RS,SAC,2786.0,,107,115,-8
200803020SAC,RS,SAC,2799.0,,107,116,-9
200803020SAC,RS,SAC,2799.0,,107,117,-10
200803020SAC,RS,SAC,2833.4,,107,120,-13
200803020SAC,RS,SAC,2878.3,F,109,120,-11
200803020SAC,RS,SAC,2880.0,,109,120,-11
200803050MIA,RS,TOR,0.0,,0,0,0
200803050MIA,RS,TOR,16.0,,1,0,1
200803050MIA,RS,TOR,66.0,,3,0,3
200803050MIA,RS,TOR,105.0,,5,0,5
200803050MIA,RS,TOR,119.0,,5,2,3
200803050MIA,RS,TOR,147.0,T,5,5,0
200803050MIA,RS,TOR,191.0,LC,5,7,-2
200803050MIA,RS,TOR,215.0,LC,8,7,1
200803050MIA,RS,TOR,256.0,LC,8,10,-2
200803050MIA,RS,TOR,283.0,,8,13,-5
200803050MIA,RS,TOR,313.0,,8,15,-7
200803050MIA,RS,TOR,342.0,,8,17,-9
200803050MIA,RS,TOR,398.0,,8,19,-11
200803050MIA,RS,TOR,431.0,,8,21,-13
200803050MIA,RS,TOR,477.0,,8,23,-15
200803050MIA,RS,TOR,504.0,,10,23,-13
200803050MIA,RS,TOR,542.0,,10,25,-15
200803050MIA,RS,TOR,556.0,,12,25,-13
200803050MIA,RS,TOR,574.0,,12,27,-15
200803050MIA,RS,TOR,591.0,,14,27,-13
200803050MIA,RS,TOR,610.0,,14,29,-15
200803050MIA,RS,TOR,658.0,,17,29,-12
200803050MIA,RS,TOR,735.0,,19,29,-10
200803050MIA,RS,TOR,763.0,,19,31,-12
200803050MIA,RS,TOR,862.0,,21,31,-10
200803050MIA,RS,TOR,889.0,,21,33,-12
200803050MIA,RS,TOR,910.0,,24,33,-9
200803050MIA,RS,TOR,935.0,,27,33,-6
200803050MIA,RS,TOR,955.0,,27,35,-8
200803050MIA,RS,TOR,965.0,,27,36,-9
200803050MIA,RS,TOR,975.0,,29,36,-7
200803050MIA,RS,TOR,999.0,,29,38,-9
200803050MIA,RS,TOR,1023.0,,29,39,-10
200803050MIA,RS,TOR,1023.0,,29,40,-11
200803050MIA,RS,TOR,1042.0,,30,40,-10
200803050MIA,RS,TOR,1042.0,,31,40,-9
200803050MIA,RS,TOR,1054.0,,31,42,-11
200803050MIA,RS,TOR,1075.0,,34,42,-8
200803050MIA,RS,TOR,1127.0,,34,44,-10
200803050MIA,RS,TOR,1158.0,,34,46,-12
200803050MIA,RS,TOR,1204.0,,34,49,-15
200803050MIA,RS,TOR,1227.0,,36,49,-13
200803050MIA,RS,TOR,1248.0,,36,51,-15
200803050MIA,RS,TOR,1266.0,,38,51,-13
200803050MIA,RS,TOR,1355.0,,40,51,-11
200803050MIA,RS,TOR,1380.7,,42,51,-9
200803050MIA,RS,TOR,1438.1,,42,53,-11
200803050MIA,RS,TOR,1458.0,,42,55,-13
200803050MIA,RS,TOR,1505.0,,44,55,-11
200803050MIA,RS,TOR,1563.0,,44,56,-12
200803050MIA,RS,TOR,1563.0,,44,57,-13
200803050MIA,RS,TOR,1588.0,,45,57,-12
200803050MIA,RS,TOR,1602.0,,45,59,-14
200803050MIA,RS,TOR,1620.0,,45,61,-16
200803050MIA,RS,TOR,1664.0,,45,63,-18
200803050MIA,RS,TOR,1702.0,,45,65,-20
200803050MIA,RS,TOR,1767.0,,45,67,-22
200803050MIA,RS,TOR,1818.0,,45,69,-24
200803050MIA,RS,TOR,1848.0,,45,72,-27
200803050MIA,RS,TOR,1864.0,,47,72,-25
200803050MIA,RS,TOR,1864.0,,48,72,-24
200803050MIA,RS,TOR,1899.0,,50,72,-22
200803050MIA,RS,TOR,1918.0,,50,74,-24
200803050MIA,RS,TOR,1936.0,,52,74,-22
200803050MIA,RS,TOR,1954.0,,52,76,-24
200803050MIA,RS,TOR,1974.0,,52,78,-26
200803050MIA,RS,TOR,1991.0,,55,78,-23
200803050MIA,RS,TOR,2054.0,,56,78,-22
200803050MIA,RS,TOR,2054.0,,57,78,-21
200803050MIA,RS,TOR,2072.0,,57,80,-23
200803050MIA,RS,TOR,2150.0,,58,80,-22
200803050MIA,RS,TOR,2197.0,,58,82,-24
200803050MIA,RS,TOR,2233.0,,58,84,-26
200803050MIA,RS,TOR,2254.0,,60,84,-24
200803050MIA,RS,TOR,2282.0,,60,86,-26
200803050MIA,RS,TOR,2325.0,,60,88,-28
200803050MIA,RS,TOR,2343.0,,63,88,-25
200803050MIA,RS,TOR,2386.0,,63,89,-26
200803050MIA,RS,TOR,2415.0,,64,89,-25
200803050MIA,RS,TOR,2415.0,,65,89,-24
200803050MIA,RS,TOR,2430.0,,65,90,-25
200803050MIA,RS,TOR,2430.0,,65,91,-26
200803050MIA,RS,TOR,2445.0,,67,91,-24
200803050MIA,RS,TOR,2463.0,,67,92,-25
200803050MIA,RS,TOR,2474.0,,69,92,-23
200803050MIA,RS,TOR,2483.0,,69,93,-24
200803050MIA,RS,TOR,2504.0,,69,95,-26
200803050MIA,RS,TOR,2536.0,,69,96,-27
200803050MIA,RS,TOR,2536.0,,69,97,-28
200803050MIA,RS,TOR,2547.0,,70,97,-27
200803050MIA,RS,TOR,2547.0,,71,97,-26
200803050MIA,RS,TOR,2586.0,,71,99,-28
200803050MIA,RS,TOR,2612.0,,72,99,-27
200803050MIA,RS,TOR,2612.0,,73,99,-26
200803050MIA,RS,TOR,2629.0,,74,99,-25
200803050MIA,RS,TOR,2636.0,,74,101,-27
200803050MIA,RS,TOR,2673.0,,74,103,-29
200803050MIA,RS,TOR,2707.0,,74,105,-31
200803050MIA,RS,TOR,2724.0,,76,105,-29
200803050MIA,RS,TOR,2738.0,,76,106,-30
200803050MIA,RS,TOR,2782.0,,76,108,-32
200803050MIA,RS,TOR,2795.0,,78,108,-30
200803050MIA,RS,TOR,2849.2,,80,108,-28
200803050MIA,RS,TOR,2871.1,F,83,108,-25
200803050MIA,RS,TOR,2880.0,,83,108,-25
200803070MIA,RS,GSW,0.0,,0,0,0
200803070MIA,RS,GSW,33.0,,0,2,-2
200803070MIA,RS,GSW,42.0,T,2,2,0
200803070MIA,RS,GSW,55.0,,2,5,-3
200803070MIA,RS,GSW,81.0,,3,5,-2
200803070MIA,RS,GSW,81.0,,4,5,-1
200803070MIA,RS,GSW,146.0,LC,6,5,1
200803070MIA,RS,GSW,165.0,LC,6,7,-1
200803070MIA,RS,GSW,198.0,,6,9,-3
200803070MIA,RS,GSW,208.0,,7,9,-2
200803070MIA,RS,GSW,236.0,T,9,9,0
200803070MIA,RS,GSW,261.0,LC,11,9,2
200803070MIA,RS,GSW,289.0,T,11,11,0
200803070MIA,RS,GSW,365.0,,13,11,2
200803070MIA,RS,GSW,382.0,T,13,13,0
200803070MIA,RS,GSW,391.0,,15,13,2
200803070MIA,RS,GSW,407.0,LC,15,16,-1
200803070MIA,RS,GSW,429.0,LC,17,16,1
200803070MIA,RS,GSW,447.0,LC,17,19,-2
200803070MIA,RS,GSW,466.0,,18,19,-1
200803070MIA,RS,GSW,483.0,LC,20,19,1
200803070MIA,RS,GSW,496.0,LC,20,22,-2
200803070MIA,RS,GSW,562.0,,20,25,-5
200803070MIA,RS,GSW,572.0,,23,25,-2
200803070MIA,RS,GSW,591.0,,23,26,-3
200803070MIA,RS,GSW,591.0,,23,27,-4
200803070MIA,RS,GSW,613.0,,25,27,-2
200803070MIA,RS,GSW,626.0,,25,30,-5
200803070MIA,RS,GSW,692.5,,28,30,-2
200803070MIA,RS,GSW,715.7,,28,32,-4
200803070MIA,RS,GSW,719.0,,31,32,-1
200803070MIA,RS,GSW,733.0,,31,35,-4
200803070MIA,RS,GSW,770.0,,31,37,-6
200803070MIA,RS,GSW,798.0,,31,39,-8
200803070MIA,RS,GSW,838.0,,31,42,-11
200803070MIA,RS,GSW,932.0,,33,42,-9
200803070MIA,RS,GSW,944.0,,33,43,-10
200803070MIA,RS,GSW,960.0,,35,43,-8
200803070MIA,RS,GSW,981.0,,37,43,-6
200803070MIA,RS,GSW,1005.0,,37,45,-8
200803070MIA,RS,GSW,1005.0,,37,46,-9
200803070MIA,RS,GSW,1069.0,,40,46,-6
200803070MIA,RS,GSW,1084.0,,40,48,-8
200803070MIA,RS,GSW,1100.0,,40,50,-10
200803070MIA,RS,GSW,1127.0,,42,50,-8
200803070MIA,RS,GSW,1141.0,,42,52,-10
200803070MIA,RS,GSW,1160.0,,44,52,-8
200803070MIA,RS,GSW,1166.0,,44,53,-9
200803070MIA,RS,GSW,1186.0,,44,55,-11
200803070MIA,RS,GSW,1215.0,,44,56,-12
200803070MIA,RS,GSW,1254.0,,44,58,-14
200803070MIA,RS,GSW,1283.0,,45,58,-13
200803070MIA,RS,GSW,1283.0,,46,58,-12
200803070MIA,RS,GSW,1300.0,,48,58,-10
200803070MIA,RS,GSW,1300.0,,49,58,-9
200803070MIA,RS,GSW,1313.0,,49,61,-12
200803070MIA,RS,GSW,1344.0,,51,61,-10
200803070MIA,RS,GSW,1372.0,,51,63,-12
200803070MIA,RS,GSW,1454.0,,51,65,-14
200803070MIA,RS,GSW,1474.0,,53,65,-12
200803070MIA,RS,GSW,1503.0,,53,67,-14
200803070MIA,RS,GSW,1527.0,,55,67,-12
200803070MIA,RS,GSW,1551.0,,55,69,-14
200803070MIA,RS,GSW,1569.0,,55,71,-16
200803070MIA,RS,GSW,1587.0,,57,71,-14
200803070MIA,RS,GSW,1642.0,,58,71,-13
200803070MIA,RS,GSW,1642.0,,59,71,-12
200803070MIA,RS,GSW,1655.0,,59,73,-14
200803070MIA,RS,GSW,1685.0,,59,75,-16
200803070MIA,RS,GSW,1718.0,,59,77,-18
200803070MIA,RS,GSW,1741.0,,61,77,-16
200803070MIA,RS,GSW,1791.0,,61,78,-17
200803070MIA,RS,GSW,1793.0,,61,80,-19
200803070MIA,RS,GSW,1832.0,,61,81,-20
200803070MIA,RS,GSW,1832.0,,61,82,-21
200803070MIA,RS,GSW,1880.0,,64,82,-18
200803070MIA,RS,GSW,1894.0,,64,85,-21
200803070MIA,RS,GSW,1914.0,,66,85,-19
200803070MIA,RS,GSW,1921.0,,66,87,-21
200803070MIA,RS,GSW,1941.0,,68,87,-19
200803070MIA,RS,GSW,1953.0,,68,90,-22
200803070MIA,RS,GSW,1985.0,,69,90,-21
200803070MIA,RS,GSW,1985.0,,70,90,-20
200803070MIA,RS,GSW,2002.0,,70,92,-22
200803070MIA,RS,GSW,2054.0,,70,94,-24
200803070MIA,RS,GSW,2091.0,,70,96,-26
200803070MIA,RS,GSW,2119.1,,70,98,-28
200803070MIA,RS,GSW,2132.9,,73,98,-25
200803070MIA,RS,GSW,2155.5,,73,100,-27
200803070MIA,RS,GSW,2179.0,,75,100,-25
200803070MIA,RS,GSW,2191.0,,75,102,-27
200803070MIA,RS,GSW,2211.0,,77,102,-25
200803070MIA,RS,GSW,2282.0,,77,105,-28
200803070MIA,RS,GSW,2302.0,,77,107,-30
200803070MIA,RS,GSW,2314.0,,79,107,-28
200803070MIA,RS,GSW,2327.0,,79,109,-30
200803070MIA,RS,GSW,2353.0,,82,109,-27
200803070MIA,RS,GSW,2369.0,,82,111,-29
200803070MIA,RS,GSW,2379.0,,83,111,-28
200803070MIA,RS,GSW,2395.0,,83,113,-30
200803070MIA,RS,GSW,2406.0,,85,113,-28
200803070MIA,RS,GSW,2445.0,,85,115,-30
200803070MIA,RS,GSW,2483.0,,86,115,-29
200803070MIA,RS,GSW,2483.0,,87,115,-28
200803070MIA,RS,GSW,2497.0,,87,116,-29
200803070MIA,RS,GSW,2497.0,,87,117,-30
200803070MIA,RS,GSW,2525.0,,87,119,-32
200803070MIA,RS,GSW,2549.0,,87,121,-34
200803070MIA,RS,GSW,2597.0,,88,121,-33
200803070MIA,RS,GSW,2597.0,,89,121,-32
200803070MIA,RS,GSW,2626.0,,90,121,-31
200803070MIA,RS,GSW,2665.0,,90,122,-32
200803070MIA,RS,GSW,2665.0,,90,123,-33
200803070MIA,RS,GSW,2678.0,,92,123,-31
200803070MIA,RS,GSW,2691.0,,92,126,-34
200803070MIA,RS,GSW,2732.0,,92,128,-36
200803070MIA,RS,GSW,2739.0,,92,129,-37
200803070MIA,RS,GSW,2739.0,,92,130,-38
200803070MIA,RS,GSW,2777.0,,94,130,-36
200803070MIA,RS,GSW,2794.0,,94,132,-38
200803070MIA,RS,GSW,2807.0,,94,134,-40
200803070MIA,RS,GSW,2819.0,,96,134,-38
200803070MIA,RS,GSW,2838.2,,97,134,-37
200803070MIA,RS,GSW,2858.7,F,99,134,-35
200803070MIA,RS,GSW,2880.0,,99,134,-35
200803080ATL,RS,ATL,0.0,,0,0,0
200803080ATL,RS,ATL,10.0,,2,0,2
200803080ATL,RS,ATL,33.0,,2,1,1
200803080ATL,RS,ATL,64.0,,4,1,3
200803080ATL,RS,ATL,95.0,,6,1,5
200803080ATL,RS,ATL,147.0,,8,1,7
200803080ATL,RS,ATL,163.0,,8,3,5
200803080ATL,RS,ATL,247.0,,10,3,7
200803080ATL,RS,ATL,284.0,,12,3,9
200803080ATL,RS,ATL,300.0,,12,5,7
200803080ATL,RS,ATL,323.0,,12,6,6
200803080ATL,RS,ATL,335.0,,14,6,8
200803080ATL,RS,ATL,347.0,,14,7,7
200803080ATL,RS,ATL,352.0,,14,9,5
200803080ATL,RS,ATL,363.0,,14,11,3
200803080ATL,RS,ATL,379.0,,16,11,5
200803080ATL,RS,ATL,387.0,,16,14,2
200803080ATL,RS,ATL,445.0,T,16,16,0
200803080ATL,RS,ATL,465.0,,18,16,2
200803080ATL,RS,ATL,485.0,,20,16,4
200803080ATL,RS,ATL,495.0,,20,18,2
200803080ATL,RS,ATL,538.0,,22,18,4
200803080ATL,RS,ATL,560.0,,22,20,2
200803080ATL,RS,ATL,578.0,,24,20,4
200803080ATL,RS,ATL,595.0,,24,22,2
200803080ATL,RS,ATL,614.0,,26,22,4
200803080ATL,RS,ATL,624.0,,26,24,2
200803080ATL,RS,ATL,652.0,,28,24,4
200803080ATL,RS,ATL,682.0,,29,24,5
200803080ATL,RS,ATL,682.0,,30,24,6
200803080ATL,RS,ATL,695.8,,30,26,4
200803080ATL,RS,ATL,720.0,,33,26,7
200803080ATL,RS,ATL,746.0,,33,28,5
200803080ATL,RS,ATL,818.0,,33,31,2
200803080ATL,RS,ATL,850.0,,34,31,3
200803080ATL,RS,ATL,886.0,,34,33,1
200803080ATL,RS,ATL,910.0,,36,33,3
200803080ATL,RS,ATL,939.0,,36,34,2
200803080ATL,RS,ATL,939.0,,36,35,1
200803080ATL,RS,ATL,958.0,,37,35,2
200803080ATL,RS,ATL,958.0,,38,35,3
200803080ATL,RS,ATL,979.0,,40,35,5
200803080ATL,RS,ATL,996.0,,40,37,3
200803080ATL,RS,ATL,1031.0,,40,39,1
200803080ATL,RS,ATL,1053.0,,43,39,4
200803080ATL,RS,ATL,1095.0,,43,40,3
200803080ATL,RS,ATL,1120.0,,43,42,1
200803080ATL,RS,ATL,1129.0,,45,42,3
200803080ATL,RS,ATL,1148.0,,45,44,1
200803080ATL,RS,ATL,1172.0,LC,45,46,-1
200803080ATL,RS,ATL,1217.0,,45,48,-3
200803080ATL,RS,ATL,1262.0,,47,48,-1
200803080ATL,RS,ATL,1288.0,LC,49,48,1
200803080ATL,RS,ATL,1320.0,,51,48,3
200803080ATL,RS,ATL,1333.0,T,51,51,0
200803080ATL,RS,ATL,1348.0,,53,51,2
200803080ATL,RS,ATL,1405.7,T,53,53,0
200803080ATL,RS,ATL,1408.7,,56,53,3
200803080ATL,RS,ATL,1419.3,T,56,56,0
200803080ATL,RS,ATL,1434.9,,59,56,3
200803080ATL,RS,ATL,1509.0,,61,56,5
200803080ATL,RS,ATL,1528.0,,61,57,4
200803080ATL,RS,ATL,1528.0,,61,58,3
200803080ATL,RS,ATL,1560.0,,61,59,2
200803080ATL,RS,ATL,1560.0,,61,60,1
200803080ATL,RS,ATL,1592.0,LC,61,62,-1
200803080ATL,RS,ATL,1611.0,T,62,62,0
200803080ATL,RS,ATL,1611.0,LC,63,62,1
200803080ATL,RS,ATL,1667.0,LC,63,64,-1
200803080ATL,RS,ATL,1762.0,,63,66,-3
200803080ATL,RS,ATL,1808.0,,63,68,-5
200803080ATL,RS,ATL,1828.0,,65,68,-3
200803080ATL,RS,ATL,1876.0,,65,69,-4
200803080ATL,RS,ATL,1876.0,,65,70,-5
200803080ATL,RS,ATL,1957.0,,67,70,-3
200803080ATL,RS,ATL,1980.0,,67,72,-5
200803080ATL,RS,ATL,2016.0,,67,74,-7
200803080ATL,RS,ATL,2062.0,,67,76,-9
200803080ATL,RS,ATL,2082.0,,69,76,-7
200803080ATL,RS,ATL,2132.5,,70,76,-6
200803080ATL,RS,ATL,2155.1,,70,77,-7
200803080ATL,RS,ATL,2178.0,,72,77,-5
200803080ATL,RS,ATL,2293.0,,74,77,-3
200803080ATL,RS,ATL,2299.0,,74,78,-4
200803080ATL,RS,ATL,2299.0,,74,79,-5
200803080ATL,RS,ATL,2358.0,,75,79,-4
200803080ATL,RS,ATL,2375.0,,75,81,-6
200803080ATL,RS,ATL,2423.0,,75,83,-8
200803080ATL,RS,ATL,2441.0,,76,83,-7
200803080ATL,RS,ATL,2441.0,,77,83,-6
200803080ATL,RS,ATL,2471.0,,78,83,-5
200803080ATL,RS,ATL,2550.0,,78,85,-7
200803080ATL,RS,ATL,2565.0,,80,85,-5
200803080ATL,RS,ATL,2585.0,,80,86,-6
200803080ATL,RS,ATL,2585.0,,80,87,-7
200803080ATL,RS,ATL,2603.0,,83,87,-4
200803080ATL,RS,ATL,2626.0,,83,90,-7
200803080ATL,RS,ATL,2643.0,,84,90,-6
200803080ATL,RS,ATL,2643.0,,85,90,-5
200803080ATL,RS,ATL,2672.0,,88,90,-2
200803080ATL,RS,ATL,2695.0,,88,91,-3
200803080ATL,RS,ATL,2695.0,,88,92,-4
200803080ATL,RS,ATL,2710.0,,90,92,-2
200803080ATL,RS,ATL,2747.0,,90,94,-4
200803080ATL,RS,ATL,2765.0,,92,94,-2
200803080ATL,RS,ATL,2861.6,,92,95,-3
200803080ATL,RS,ATL,2870.1,,92,96,-4
200803080ATL,RS,ATL,2875.5,,94,96,-2
200803080ATL,RS,ATL,2876.1,F,94,97,-3
200803080ATL,RS,ATL,2880.0,,94,97,-3
200803100MIA,RS,LAC,0.0,,0,0,0
200803100MIA,RS,LAC,23.0,,0,3,-3
200803100MIA,RS,LAC,96.0,,2,3,-1
200803100MIA,RS,LAC,110.0,,2,5,-3
200803100MIA,RS,LAC,141.0,,4,5,-1
200803100MIA,RS,LAC,153.0,,4,7,-3
200803100MIA,RS,LAC,170.0,,4,8,-4
200803100MIA,RS,LAC,170.0,,4,9,-5
200803100MIA,RS,LAC,221.0,,4,11,-7
200803100MIA,RS,LAC,221.0,,4,12,-8
200803100MIA,RS,LAC,263.0,,7,12,-5
200803100MIA,RS,LAC,283.0,,7,14,-7
200803100MIA,RS,LAC,304.0,,7,16,-9
200803100MIA,RS,LAC,329.0,,7,18,-11
200803100MIA,RS,LAC,351.0,,9,18,-9
200803100MIA,RS,LAC,361.0,,9,21,-12
200803100MIA,RS,LAC,379.0,,12,21,-9
200803100MIA,RS,LAC,401.0,,12,23,-11
200803100MIA,RS,LAC,497.0,,13,23,-10
200803100MIA,RS,LAC,497.0,,14,23,-9
200803100MIA,RS,LAC,509.0,,14,25,-11
200803100MIA,RS,LAC,555.0,,15,25,-10
200803100MIA,RS,LAC,555.0,,16,25,-9
200803100MIA,RS,LAC,578.0,,18,25,-7
200803100MIA,RS,LAC,596.0,,20,25,-5
200803100MIA,RS,LAC,618.0,,20,26,-6
200803100MIA,RS,LAC,618.0,,20,27,-7
200803100MIA,RS,LAC,632.0,,22,27,-5
200803100MIA,RS,LAC,666.8,,23,27,-4
200803100MIA,RS,LAC,685.6,,23,29,-6
200803100MIA,RS,LAC,748.0,,23,31,-8
200803100MIA,RS,LAC,794.0,,23,33,-10
200803100MIA,RS,LAC,844.0,,25,33,-8
200803100MIA,RS,LAC,863.0,,25,35,-10
200803100MIA,RS,LAC,877.0,,27,35,-8
200803100MIA,RS,LAC,893.0,,27,37,-10
200803100MIA,RS,LAC,907.0,,29,37,-8
200803100MIA,RS,LAC,929.0,,29,39,-10
200803100MIA,RS,LAC,945.0,,30,39,-9
200803100MIA,RS,LAC,945.0,,31,39,-8
200803100MIA,RS,LAC,991.0,,31,42,-11
200803100MIA,RS,LAC,1018.0,,31,44,-13
200803100MIA,RS,LAC,1053.0,,31,47,-16
200803100MIA,RS,LAC,1071.0,,34,47,-13
200803100MIA,RS,LAC,1082.0,,34,48,-14
200803100MIA,RS,LAC,1101.0,,36,48,-12
200803100MIA,RS,LAC,1119.0,,36,50,-14
200803100MIA,RS,LAC,1134.0,,38,50,-12
200803100MIA,RS,LAC,1149.0,,38,52,-14
200803100MIA,RS,LAC,1188.0,,40,52,-12
200803100MIA,RS,LAC,1238.0,,40,54,-14
200803100MIA,RS,LAC,1318.0,,40,56,-16
200803100MIA,RS,LAC,1338.0,,43,56,-13
200803100MIA,RS,LAC,1346.0,,43,58,-15
200803100MIA,RS,LAC,1377.0,,46,58,-12
200803100MIA,RS,LAC,1409.0,,47,58,-11
200803100MIA,RS,LAC,1455.0,,49,58,-9
200803100MIA,RS,LAC,1487.0,,52,58,-6
200803100MIA,RS,LAC,1512.0,,52,61,-9
200803100MIA,RS,LAC,1531.0,,54,61,-7
200803100MIA,RS,LAC,1548.0,,54,63,-9
200803100MIA,RS,LAC,1595.0,,57,63,-6
200803100MIA,RS,LAC,1638.0,,60,63,-3
200803100MIA,RS,LAC,1704.0,,62,63,-1
200803100MIA,RS,LAC,1741.0,LC,64,63,1
200803100MIA,RS,LAC,1785.0,,67,63,4
200803100MIA,RS,LAC,1863.0,,67,65,2
200803100MIA,RS,LAC,1877.0,,69,65,4
200803100MIA,RS,LAC,1944.0,,72,65,7
200803100MIA,RS,LAC,1988.0,,74,65,9
200803100MIA,RS,LAC,2009.0,,74,67,7
200803100MIA,RS,LAC,2028.0,,75,67,8
200803100MIA,RS,LAC,2044.0,,77,67,10
200803100MIA,RS,LAC,2061.0,,77,68,9
200803100MIA,RS,LAC,2061.0,,77,69,8
200803100MIA,RS,LAC,2089.0,,77,71,6
200803100MIA,RS,LAC,2105.8,,79,71,8
200803100MIA,RS,LAC,2105.8,,80,71,9
200803100MIA,RS,LAC,2127.6,,80,73,7
200803100MIA,RS,LAC,2186.0,,82,73,9
200803100MIA,RS,LAC,2212.0,,82,76,6
200803100MIA,RS,LAC,2251.0,,82,78,4
200803100MIA,RS,LAC,2278.0,,82,79,3
200803100MIA,RS,LAC,2278.0,,82,80,2
200803100MIA,RS,LAC,2318.0,T,82,82,0
200803100MIA,RS,LAC,2334.0,,84,82,2
200803100MIA,RS,LAC,2346.0,T,84,84,0
200803100MIA,RS,LAC,2397.0,LC,84,85,-1
200803100MIA,RS,LAC,2427.0,LC,86,85,1
200803100MIA,RS,LAC,2451.0,LC,86,87,-1
200803100MIA,RS,LAC,2568.0,LC,88,87,1
200803100MIA,RS,LAC,2598.0,,90,87,3
200803100MIA,RS,LAC,2617.0,,90,89,1
200803100MIA,RS,LAC,2640.0,T,90,90,0
200803100MIA,RS,LAC,2691.0,LC,90,91,-1
200803100MIA,RS,LAC,2691.0,,90,92,-2
200803100MIA,RS,LAC,2704.0,,91,92,-1
200803100MIA,RS,LAC,2790.0,,91,93,-2
200803100MIA,RS,LAC,2790.0,,91,94,-3
200803100MIA,RS,LAC,2807.0,T,94,94,0
200803100MIA,RS,LAC,2826.1,,94,95,-1
200803100MIA,RS,LAC,2826.1,,94,96,-2
200803100MIA,RS,LAC,2846.9,LC,97,96,1
200803100MIA,RS,LAC,2853.1,T,97,97,0
200803100MIA,RS,LAC,2875.0,,98,97,1
200803100MIA,RS,LAC,2877.4,T,98,98,0
200803100MIA,RS,LAC,2877.4,F,98,99,-1
200803100MIA,RS,LAC,2880.0,,98,99,-1
200803120MIA,RS,NYK,0.0,,0,0,0
200803120MIA,RS,NYK,71.0,,2,0,2
200803120MIA,RS,NYK,105.0,,4,0,4
200803120MIA,RS,NYK,184.0,,4,2,2
200803120MIA,RS,NYK,205.0,,7,2,5
200803120MIA,RS,NYK,249.0,,10,2,8
200803120MIA,RS,NYK,282.0,,12,2,10
200803120MIA,RS,NYK,300.0,,14,2,12
200803120MIA,RS,NYK,345.0,,14,4,10
200803120MIA,RS,NYK,370.0,,14,5,9
200803120MIA,RS,NYK,370.0,,14,6,8
200803120MIA,RS,NYK,384.0,,16,6,10
200803120MIA,RS,NYK,429.0,,16,8,8
200803120MIA,RS,NYK,478.0,,16,9,7
200803120MIA,RS,NYK,495.0,,17,9,8
200803120MIA,RS,NYK,506.0,,17,11,6
200803120MIA,RS,NYK,543.0,,20,11,9
200803120MIA,RS,NYK,564.0,,20,13,7
200803120MIA,RS,NYK,580.0,,21,13,8
200803120MIA,RS,NYK,580.0,,22,13,9
200803120MIA,RS,NYK,600.0,,22,15,7
200803120MIA,RS,NYK,618.0,,24,15,9
200803120MIA,RS,NYK,631.0,,24,17,7
200803120MIA,RS,NYK,656.0,,24,19,5
200803120MIA,RS,NYK,685.8,,24,21,3
200803120MIA,RS,NYK,685.8,,24,22,2
200803120MIA,RS,NYK,716.8,T,24,24,0
200803120MIA,RS,NYK,770.0,LC,24,26,-2
200803120MIA,RS,NYK,791.0,LC,27,26,1
200803120MIA,RS,NYK,832.0,LC,27,28,-1
200803120MIA,RS,NYK,866.0,LC,30,28,2
200803120MIA,RS,NYK,885.0,T,30,30,0
200803120MIA,RS,NYK,905.0,,32,30,2
200803120MIA,RS,NYK,919.0,LC,32,33,-1
200803120MIA,RS,NYK,974.0,LC,34,33,1
200803120MIA,RS,NYK,1005.0,LC,34,36,-2
200803120MIA,RS,NYK,1111.0,T,36,36,0
200803120MIA,RS,NYK,1159.0,,36,38,-2
200803120MIA,RS,NYK,1227.0,T,38,38,0
200803120MIA,RS,NYK,1247.0,,38,40,-2
200803120MIA,RS,NYK,1262.0,T,40,40,0
200803120MIA,RS,NYK,1291.0,LC,42,40,2
200803120MIA,RS,NYK,1328.0,,44,40,4
200803120MIA,RS,NYK,1346.0,,45,40,5
200803120MIA,RS,NYK,1369.0,,45,42,3
200803120MIA,RS,NYK,1434.8,,45,44,1
200803120MIA,RS,NYK,1452.0,LC,45,47,-2
200803120MIA,RS,NYK,1521.0,T,47,47,0
200803120MIA,RS,NYK,1545.0,,47,49,-2
200803120MIA,RS,NYK,1579.0,,47,51,-4
200803120MIA,RS,NYK,1648.0,,47,53,-6
200803120MIA,RS,NYK,1662.0,,48,53,-5
200803120MIA,RS,NYK,1671.0,,48,55,-7
200803120MIA,RS,NYK,1701.0,,50,55,-5
200803120MIA,RS,NYK,1726.0,,52,55,-3
200803120MIA,RS,NYK,1734.0,,52,56,-4
200803120MIA,RS,NYK,1734.0,,52,57,-5
200803120MIA,RS,NYK,1798.0,,54,57,-3
200803120MIA,RS,NYK,1818.0,,54,59,-5
200803120MIA,RS,NYK,1861.0,,54,61,-7
200803120MIA,RS,NYK,1880.0,,56,61,-5
200803120MIA,RS,NYK,1930.0,,58,61,-3
200803120MIA,RS,NYK,1957.0,,58,62,-4
200803120MIA,RS,NYK,1981.0,,58,64,-6
200803120MIA,RS,NYK,2016.0,,58,66,-8
200803120MIA,RS,NYK,2042.0,,60,66,-6
200803120MIA,RS,NYK,2094.0,,60,69,-9
200803120MIA,RS,NYK,2116.6,,62,69,-7
200803120MIA,RS,NYK,2122.7,,62,70,-8
200803120MIA,RS,NYK,2137.8,,65,70,-5
200803120MIA,RS,NYK,2159.3,,65,72,-7
200803120MIA,RS,NYK,2210.0,,65,74,-9
200803120MIA,RS,NYK,2238.0,,65,76,-11
200803120MIA,RS,NYK,2282.0,,65,79,-14
200803120MIA,RS,NYK,2323.0,,67,79,-12
200803120MIA,RS,NYK,2323.0,,68,79,-11
200803120MIA,RS,NYK,2358.0,,68,81,-13
200803120MIA,RS,NYK,2379.0,,71,81,-10
200803120MIA,RS,NYK,2421.0,,73,81,-8
200803120MIA,RS,NYK,2452.0,,75,81,-6
200803120MIA,RS,NYK,2530.0,,77,81,-4
200803120MIA,RS,NYK,2606.0,,79,81,-2
200803120MIA,RS,NYK,2632.0,,79,84,-5
200803120MIA,RS,NYK,2685.0,,81,84,-3
200803120MIA,RS,NYK,2853.1,,81,85,-4
200803120MIA,RS,NYK,2853.1,,81,86,-5
200803120MIA,RS,NYK,2854.8,,81,87,-6
200803120MIA,RS,NYK,2854.8,,81,88,-7
200803120MIA,RS,NYK,2859.2,,83,88,-5
200803120MIA,RS,NYK,2860.4,,83,89,-6
200803120MIA,RS,NYK,2860.4,,83,90,-7
200803120MIA,RS,NYK,2865.9,,86,90,-4
200803120MIA,RS,NYK,2870.5,,87,90,-3
200803120MIA,RS,NYK,2870.5,,88,90,-2
200803120MIA,RS,NYK,2873.2,F,88,91,-3
200803120MIA,RS,NYK,2880.0,,88,91,-3
200803140MIA,RS,ORL,0.0,,0,0,0
200803140MIA,RS,ORL,62.0,,0,3,-3
200803140MIA,RS,ORL,84.0,,0,5,-5
200803140MIA,RS,ORL,109.0,,0,7,-7
200803140MIA,RS,ORL,157.0,,3,7,-4
200803140MIA,RS,ORL,188.0,,5,7,-2
200803140MIA,RS,ORL,212.0,,5,10,-5
200803140MIA,RS,ORL,227.0,,8,10,-2
200803140MIA,RS,ORL,278.0,,8,12,-4
200803140MIA,RS,ORL,349.0,,8,15,-7
200803140MIA,RS,ORL,362.0,,10,15,-5
200803140MIA,RS,ORL,369.0,,10,17,-7
200803140MIA,RS,ORL,399.0,,10,19,-9
200803140MIA,RS,ORL,416.0,,13,19,-6
200803140MIA,RS,ORL,427.0,,13,20,-7
200803140MIA,RS,ORL,427.0,,13,21,-8
200803140MIA,RS,ORL,443.0,,15,21,-6
200803140MIA,RS,ORL,458.0,,15,23,-8
200803140MIA,RS,ORL,501.0,,15,24,-9
200803140MIA,RS,ORL,517.0,,17,24,-7
200803140MIA,RS,ORL,545.0,,20,24,-4
200803140MIA,RS,ORL,603.0,,21,24,-3
200803140MIA,RS,ORL,623.0,,23,24,-1
200803140MIA,RS,ORL,663.0,LC,25,24,1
200803140MIA,RS,ORL,675.4,T,25,25,0
200803140MIA,RS,ORL,786.0,LC,25,28,-3
200803140MIA,RS,ORL,808.0,,27,28,-1
200803140MIA,RS,ORL,836.0,,27,30,-3
200803140MIA,RS,ORL,851.0,T,30,30,0
200803140MIA,RS,ORL,877.0,LC,32,30,2
200803140MIA,RS,ORL,890.0,T,32,32,0
200803140MIA,RS,ORL,910.0,,34,32,2
200803140MIA,RS,ORL,953.0,T,34,34,0
200803140MIA,RS,ORL,973.0,,36,34,2
200803140MIA,RS,ORL,989.0,,38,34,4
200803140MIA,RS,ORL,1066.0,,38,36,2
200803140MIA,RS,ORL,1079.0,,40,36,4
200803140MIA,RS,ORL,1118.0,,42,36,6
200803140MIA,RS,ORL,1159.0,,42,38,4
200803140MIA,RS,ORL,1192.0,,42,40,2
200803140MIA,RS,ORL,1223.0,,44,40,4
200803140MIA,RS,ORL,1252.0,,44,42,2
200803140MIA,RS,ORL,1267.0,,45,42,3
200803140MIA,RS,ORL,1310.0,,48,42,6
200803140MIA,RS,ORL,1340.0,,51,42,9
200803140MIA,RS,ORL,1368.0,,51,45,6
200803140MIA,RS,ORL,1400.2,,51,46,5
200803140MIA,RS,ORL,1400.2,,51,47,4
200803140MIA,RS,ORL,1439.4,,51,50,1
200803140MIA,RS,ORL,1456.0,,53,50,3
200803140MIA,RS,ORL,1478.0,,53,52,1
200803140MIA,RS,ORL,1497.0,,55,52,3
200803140MIA,RS,ORL,1512.0,,55,54,1
200803140MIA,RS,ORL,1537.0,LC,55,56,-1
200803140MIA,RS,ORL,1616.0,,55,58,-3
200803140MIA,RS,ORL,1699.0,,55,61,-6
200803140MIA,RS,ORL,1718.0,,57,61,-4
200803140MIA,RS,ORL,1774.0,,59,61,-2
200803140MIA,RS,ORL,1787.0,,59,63,-4
200803140MIA,RS,ORL,1815.0,,61,63,-2
200803140MIA,RS,ORL,1815.0,,62,63,-1
200803140MIA,RS,ORL,1836.0,,62,65,-3
200803140MIA,RS,ORL,1848.0,,64,65,-1
200803140MIA,RS,ORL,1859.0,,64,66,-2
200803140MIA,RS,ORL,1876.0,T,66,66,0
200803140MIA,RS,ORL,1899.0,,66,68,-2
200803140MIA,RS,ORL,1922.0,,66,69,-3
200803140MIA,RS,ORL,1922.0,,66,70,-4
200803140MIA,RS,ORL,1947.0,,69,70,-1
200803140MIA,RS,ORL,1966.0,,69,72,-3
200803140MIA,RS,ORL,1992.0,T,72,72,0
200803140MIA,RS,ORL,2003.0,,72,73,-1
200803140MIA,RS,ORL,2003.0,,72,74,-2
200803140MIA,RS,ORL,2031.0,T,74,74,0
200803140MIA,RS,ORL,2057.0,,74,77,-3
200803140MIA,RS,ORL,2180.0,,74,78,-4
200803140MIA,RS,ORL,2180.0,,74,79,-5
200803140MIA,RS,ORL,2197.0,,76,79,-3
200803140MIA,RS,ORL,2228.0,T,79,79,0
200803140MIA,RS,ORL,2287.0,LC,81,79,2
200803140MIA,RS,ORL,2303.0,T,81,81,0
200803140MIA,RS,ORL,2359.0,LC,81,82,-1
200803140MIA,RS,ORL,2359.0,,81,83,-2
200803140MIA,RS,ORL,2394.0,T,83,83,0
200803140MIA,RS,ORL,2414.0,,83,86,-3
200803140MIA,RS,ORL,2444.0,,83,87,-4
200803140MIA,RS,ORL,2444.0,,83,88,-5
200803140MIA,RS,ORL,2502.0,,85,88,-3
200803140MIA,RS,ORL,2516.0,,85,90,-5
200803140MIA,RS,ORL,2554.0,,87,90,-3
200803140MIA,RS,ORL,2554.0,,88,90,-2
200803140MIA,RS,ORL,2600.0,T,90,90,0
200803140MIA,RS,ORL,2651.0,,90,91,-1
200803140MIA,RS,ORL,2688.0,,90,92,-2
200803140MIA,RS,ORL,2751.0,,90,94,-4
200803140MIA,RS,ORL,2769.0,,91,94,-3
200803140MIA,RS,ORL,2769.0,,92,94,-2
200803140MIA,RS,ORL,2820.0,,92,96,-4
200803140MIA,RS,ORL,2837.1,,92,99,-7
200803140MIA,RS,ORL,2848.2,,92,100,-8
200803140MIA,RS,ORL,2848.2,,92,101,-9
200803140MIA,RS,ORL,2862.1,,94,101,-7
200803140MIA,RS,ORL,2866.6,,94,102,-8
200803140MIA,RS,ORL,2866.6,F,94,103,-9
200803140MIA,RS,ORL,2880.0,,94,103,-9
200803160MIA,RS,DAL,0.0,,0,0,0
200803160MIA,RS,DAL,13.0,,0,2,-2
200803160MIA,RS,DAL,53.0,,0,4,-4
200803160MIA,RS,DAL,87.0,,0,6,-6
200803160MIA,RS,DAL,132.0,,0,9,-9
200803160MIA,RS,DAL,148.0,,2,9,-7
200803160MIA,RS,DAL,198.0,,2,10,-8
200803160MIA,RS,DAL,198.0,,2,11,-9
200803160MIA,RS,DAL,252.0,,2,13,-11
200803160MIA,RS,DAL,295.0,,2,16,-14
200803160MIA,RS,DAL,315.0,,2,18,-16
200803160MIA,RS,DAL,315.0,,2,19,-17
200803160MIA,RS,DAL,328.0,,4,19,-15
200803160MIA,RS,DAL,349.0,,4,21,-17
200803160MIA,RS,DAL,385.0,,4,23,-19
200803160MIA,RS,DAL,385.0,,4,24,-20
200803160MIA,RS,DAL,399.0,,4,25,-21
200803160MIA,RS,DAL,399.0,,4,26,-22
200803160MIA,RS,DAL,420.0,,6,26,-20
200803160MIA,RS,DAL,532.0,,6,28,-22
200803160MIA,RS,DAL,558.0,,6,29,-23
200803160MIA,RS,DAL,578.0,,8,29,-21
200803160MIA,RS,DAL,606.0,,8,31,-23
200803160MIA,RS,DAL,636.0,,8,32,-24
200803160MIA,RS,DAL,636.0,,8,33,-25
200803160MIA,RS,DAL,692.0,,10,33,-23
200803160MIA,RS,DAL,711.6,,10,35,-25
200803160MIA,RS,DAL,718.7,,11,35,-24
200803160MIA,RS,DAL,718.7,,12,35,-23
200803160MIA,RS,DAL,735.0,,13,35,-22
200803160MIA,RS,DAL,751.0,,13,37,-24
200803160MIA,RS,DAL,792.0,,15,37,-22
200803160MIA,RS,DAL,792.0,,16,37,-21
200803160MIA,RS,DAL,815.0,,16,39,-23
200803160MIA,RS,DAL,834.0,,18,39,-21
200803160MIA,RS,DAL,897.0,,18,40,-22
200803160MIA,RS,DAL,943.0,,18,42,-24
200803160MIA,RS,DAL,956.0,,20,42,-22
200803160MIA,RS,DAL,1027.0,,23,42,-19
200803160MIA,RS,DAL,1101.0,,25,42,-17
200803160MIA,RS,DAL,1139.0,,25,44,-19
200803160MIA,RS,DAL,1207.0,,25,47,-22
200803160MIA,RS,DAL,1283.0,,25,49,-24
200803160MIA,RS,DAL,1302.0,,27,49,-22
200803160MIA,RS,DAL,1344.0,,29,49,-20
200803160MIA,RS,DAL,1361.0,,30,49,-19
200803160MIA,RS,DAL,1404.0,,30,51,-21
200803160MIA,RS,DAL,1420.6,,30,52,-22
200803160MIA,RS,DAL,1457.0,,33,52,-19
200803160MIA,RS,DAL,1476.0,,33,54,-21
200803160MIA,RS,DAL,1491.0,,35,54,-19
200803160MIA,RS,DAL,1576.0,,35,56,-21
200803160MIA,RS,DAL,1599.0,,36,56,-20
200803160MIA,RS,DAL,1599.0,,37,56,-19
200803160MIA,RS,DAL,1628.0,,39,56,-17
200803160MIA,RS,DAL,1653.0,,39,59,-20
200803160MIA,RS,DAL,1699.0,,41,59,-18
200803160MIA,RS,DAL,1712.0,,41,61,-20
200803160MIA,RS,DAL,1728.0,,41,63,-22
200803160MIA,RS,DAL,1754.0,,41,64,-23
200803160MIA,RS,DAL,1754.0,,41,65,-24
200803160MIA,RS,DAL,1783.0,,41,67,-26
200803160MIA,RS,DAL,1836.0,,43,67,-24
200803160MIA,RS,DAL,1853.0,,43,69,-26
200803160MIA,RS,DAL,1879.0,,45,69,-24
200803160MIA,RS,DAL,1908.0,,46,69,-23
200803160MIA,RS,DAL,1908.0,,47,69,-22
200803160MIA,RS,DAL,1929.0,,47,71,-24
200803160MIA,RS,DAL,2016.0,,47,72,-25
200803160MIA,RS,DAL,2016.0,,47,73,-26
200803160MIA,RS,DAL,2046.0,,47,75,-28
200803160MIA,RS,DAL,2076.0,,49,75,-26
200803160MIA,RS,DAL,2088.0,,49,77,-28
200803160MIA,RS,DAL,2099.0,,51,77,-26
200803160MIA,RS,DAL,2109.2,,51,79,-28
200803160MIA,RS,DAL,2124.4,,51,81,-30
200803160MIA,RS,DAL,2154.0,,51,84,-33
200803160MIA,RS,DAL,2157.3,,52,84,-32
200803160MIA,RS,DAL,2157.3,,53,84,-31
200803160MIA,RS,DAL,2233.0,,55,84,-29
200803160MIA,RS,DAL,2247.0,,55,86,-31
200803160MIA,RS,DAL,2263.0,,57,86,-29
200803160MIA,RS,DAL,2323.0,,59,86,-27
200803160MIA,RS,DAL,2358.0,,61,86,-25
200803160MIA,RS,DAL,2379.0,,61,88,-27
200803160MIA,RS,DAL,2418.0,,61,90,-29
200803160MIA,RS,DAL,2515.0,,63,90,-27
200803160MIA,RS,DAL,2587.0,,63,91,-28
200803160MIA,RS,DAL,2626.0,,63,93,-30
200803160MIA,RS,DAL,2643.0,,65,93,-28
200803160MIA,RS,DAL,2702.0,,66,93,-27
200803160MIA,RS,DAL,2702.0,,67,93,-26
200803160MIA,RS,DAL,2733.0,,69,93,-24
200803160MIA,RS,DAL,2762.0,,71,93,-22
200803160MIA,RS,DAL,2794.0,,71,95,-24
200803160MIA,RS,DAL,2811.0,,73,95,-22
200803160MIA,RS,DAL,2824.7,F,73,98,-25
200803160MIA,RS,DAL,2880.0,,73,98,-25
200803180MIL,RS,MIL,0.0,,0,0,0
200803180MIL,RS,MIL,28.0,,0,2,-2
200803180MIL,RS,MIL,111.0,LC,3,2,1
200803180MIL,RS,MIL,125.0,LC,3,4,-1
200803180MIL,RS,MIL,152.0,,3,6,-3
200803180MIL,RS,MIL,172.0,,5,6,-1
200803180MIL,RS,MIL,183.0,,5,9,-4
200803180MIL,RS,MIL,212.0,,5,12,-7
200803180MIL,RS,MIL,252.0,,7,12,-5
200803180MIL,RS,MIL,278.0,,10,12,-2
200803180MIL,RS,MIL,300.0,,10,14,-4
200803180MIL,RS,MIL,316.0,,13,14,-1
200803180MIL,RS,MIL,358.0,,13,16,-3
200803180MIL,RS,MIL,376.0,,15,16,-1
200803180MIL,RS,MIL,432.0,LC,17,16,1
200803180MIL,RS,MIL,450.0,T,17,17,0
200803180MIL,RS,MIL,467.0,LC,17,19,-2
200803180MIL,RS,MIL,529.0,,17,21,-4
200803180MIL,RS,MIL,555.0,,20,21,-1
200803180MIL,RS,MIL,576.0,,20,22,-2
200803180MIL,RS,MIL,584.0,,20,24,-4
200803180MIL,RS,MIL,669.3,,20,25,-5
200803180MIL,RS,MIL,669.3,,20,26,-6
200803180MIL,RS,MIL,680.5,,21,26,-5
200803180MIL,RS,MIL,680.5,,22,26,-4
200803180MIL,RS,MIL,714.3,,24,26,-2
200803180MIL,RS,MIL,820.0,T,26,26,0
200803180MIL,RS,MIL,841.0,,26,28,-2
200803180MIL,RS,MIL,889.0,,26,29,-3
200803180MIL,RS,MIL,889.0,,26,30,-4
200803180MIL,RS,MIL,934.0,,28,30,-2
200803180MIL,RS,MIL,950.0,,28,31,-3
200803180MIL,RS,MIL,969.0,,30,31,-1
200803180MIL,RS,MIL,984.0,,30,34,-4
200803180MIL,RS,MIL,1011.0,,32,34,-2
200803180MIL,RS,MIL,1033.0,,32,36,-4
200803180MIL,RS,MIL,1063.0,,34,36,-2
200803180MIL,RS,MIL,1085.0,,34,39,-5
200803180MIL,RS,MIL,1101.0,,36,39,-3
200803180MIL,RS,MIL,1121.0,,36,41,-5
200803180MIL,RS,MIL,1202.0,,36,44,-8
200803180MIL,RS,MIL,1234.0,,38,44,-6
200803180MIL,RS,MIL,1275.0,,40,44,-4
200803180MIL,RS,MIL,1299.0,,40,47,-7
200803180MIL,RS,MIL,1331.0,,40,48,-8
200803180MIL,RS,MIL,1350.0,,42,48,-6
200803180MIL,RS,MIL,1390.4,,42,49,-7
200803180MIL,RS,MIL,1390.4,,42,50,-8
200803180MIL,RS,MIL,1409.9,,43,50,-7
200803180MIL,RS,MIL,1409.9,,44,50,-6
200803180MIL,RS,MIL,1488.0,,44,52,-8
200803180MIL,RS,MIL,1533.0,,44,54,-10
200803180MIL,RS,MIL,1559.0,,44,56,-12
200803180MIL,RS,MIL,1610.0,,44,58,-14
200803180MIL,RS,MIL,1632.0,,47,58,-11
200803180MIL,RS,MIL,1657.0,,47,59,-12
200803180MIL,RS,MIL,1657.0,,47,60,-13
200803180MIL,RS,MIL,1721.0,,48,60,-12
200803180MIL,RS,MIL,1721.0,,49,60,-11
200803180MIL,RS,MIL,1733.0,,49,62,-13
200803180MIL,RS,MIL,1754.0,,52,62,-10
200803180MIL,RS,MIL,1780.0,,52,64,-12
200803180MIL,RS,MIL,1804.0,,55,64,-9
200803180MIL,RS,MIL,1840.0,,57,64,-7
200803180MIL,RS,MIL,1854.0,,57,65,-8
200803180MIL,RS,MIL,1854.0,,57,66,-9
200803180MIL,RS,MIL,1892.0,,59,66,-7
200803180MIL,RS,MIL,1903.0,,59,68,-9
200803180MIL,RS,MIL,1933.0,,61,68,-7
200803180MIL,RS,MIL,1946.0,,61,70,-9
200803180MIL,RS,MIL,1976.0,,61,72,-11
200803180MIL,RS,MIL,1993.0,,63,72,-9
200803180MIL,RS,MIL,2002.0,,63,73,-10
200803180MIL,RS,MIL,2002.0,,63,74,-11
200803180MIL,RS,MIL,2037.0,,65,74,-9
200803180MIL,RS,MIL,2047.0,,68,74,-6
200803180MIL,RS,MIL,2069.0,,68,76,-8
200803180MIL,RS,MIL,2104.7,,68,77,-9
200803180MIL,RS,MIL,2124.7,,70,77,-7
200803180MIL,RS,MIL,2139.7,,72,77,-5
200803180MIL,RS,MIL,2178.0,,74,77,-3
200803180MIL,RS,MIL,2215.0,,76,77,-1
200803180MIL,RS,MIL,2270.0,LC,79,77,2
200803180MIL,RS,MIL,2344.0,,82,77,5
200803180MIL,RS,MIL,2375.0,,84,77,7
200803180MIL,RS,MIL,2375.0,,85,77,8
200803180MIL,RS,MIL,2393.0,,85,78,7
200803180MIL,RS,MIL,2393.0,,85,79,6
200803180MIL,RS,MIL,2393.0,,85,80,5
200803180MIL,RS,MIL,2406.0,,88,80,8
200803180MIL,RS,MIL,2438.0,,91,80,11
200803180MIL,RS,MIL,2457.0,,91,83,8
200803180MIL,RS,MIL,2493.0,,92,83,9
200803180MIL,RS,MIL,2525.0,,92,84,8
200803180MIL,RS,MIL,2550.0,,94,84,10
200803180MIL,RS,MIL,2590.0,,97,84,13
200803180MIL,RS,MIL,2602.0,,97,86,11
200803180MIL,RS,MIL,2621.0,,100,86,14
200803180MIL,RS,MIL,2676.0,,101,86,15
200803180MIL,RS,MIL,2684.0,,101,88,13
200803180MIL,RS,MIL,2705.0,,101,89,12
200803180MIL,RS,MIL,2718.0,,102,89,13
200803180MIL,RS,MIL,2718.0,,103,89,14
200803180MIL,RS,MIL,2726.0,,103,91,12
200803180MIL,RS,MIL,2761.0,,103,94,9
200803180MIL,RS,MIL,2785.0,,103,95,8
200803180MIL,RS,MIL,2785.0,,103,96,7
200803180MIL,RS,MIL,2786.0,,104,96,8
200803180MIL,RS,MIL,2798.0,,104,98,6
200803180MIL,RS,MIL,2806.0,,105,98,7
200803180MIL,RS,MIL,2806.0,,106,98,8
200803180MIL,RS,MIL,2813.0,,106,100,6
200803180MIL,RS,MIL,2813.0,,106,101,5
200803180MIL,RS,MIL,2854.0,,108,101,7
200803180MIL,RS,MIL,2863.6,,108,103,5
200803180MIL,RS,MIL,2863.6,,108,104,4
200803180MIL,RS,MIL,2864.9,,109,104,5
200803180MIL,RS,MIL,2864.9,,110,104,6
200803180MIL,RS,MIL,2871.0,,110,106,4
200803180MIL,RS,MIL,2872.5,,111,106,5
200803180MIL,RS,MIL,2872.5,F,112,106,6
200803180MIL,RS,MIL,2880.0,,112,106,6
200803190TOR,RS,TOR,0.0,,0,0,0
200803190TOR,RS,TOR,71.0,,2,0,2
200803190TOR,RS,TOR,84.0,T,2,2,0
200803190TOR,RS,TOR,101.0,,4,2,2
200803190TOR,RS,TOR,123.0,LC,4,5,-1
200803190TOR,RS,TOR,174.0,,4,7,-3
200803190TOR,RS,TOR,244.0,,4,9,-5
200803190TOR,RS,TOR,282.0,,4,11,-7
200803190TOR,RS,TOR,298.0,,6,11,-5
200803190TOR,RS,TOR,313.0,,6,13,-7
200803190TOR,RS,TOR,348.0,,6,15,-9
200803190TOR,RS,TOR,364.0,,8,15,-7
200803190TOR,RS,TOR,379.0,,8,17,-9
200803190TOR,RS,TOR,379.0,,8,18,-10
200803190TOR,RS,TOR,414.0,,11,18,-7
200803190TOR,RS,TOR,440.0,,11,20,-9
200803190TOR,RS,TOR,481.0,,11,22,-11
200803190TOR,RS,TOR,542.0,,11,25,-14
200803190TOR,RS,TOR,603.0,,11,27,-16
200803190TOR,RS,TOR,620.0,,13,27,-14
200803190TOR,RS,TOR,715.7,,13,29,-16
200803190TOR,RS,TOR,720.0,,16,29,-13
200803190TOR,RS,TOR,750.0,,16,30,-14
200803190TOR,RS,TOR,750.0,,16,31,-15
200803190TOR,RS,TOR,775.0,,18,31,-13
200803190TOR,RS,TOR,798.0,,18,33,-15
200803190TOR,RS,TOR,848.0,,18,35,-17
200803190TOR,RS,TOR,910.0,,18,36,-18
200803190TOR,RS,TOR,923.0,,20,36,-16
200803190TOR,RS,TOR,974.0,,20,37,-17
200803190TOR,RS,TOR,974.0,,20,38,-18
200803190TOR,RS,TOR,1035.0,,20,41,-21
200803190TOR,RS,TOR,1114.0,,20,43,-23
200803190TOR,RS,TOR,1150.0,,20,45,-25
200803190TOR,RS,TOR,1229.0,,20,47,-27
200803190TOR,RS,TOR,1267.0,,20,49,-29
200803190TOR,RS,TOR,1327.0,,20,52,-32
200803190TOR,RS,TOR,1338.0,,20,54,-34
200803190TOR,RS,TOR,1358.0,,23,54,-31
200803190TOR,RS,TOR,1376.0,,23,56,-33
200803190TOR,RS,TOR,1391.2,,26,56,-30
200803190TOR,RS,TOR,1412.9,,26,58,-32
200803190TOR,RS,TOR,1464.0,,28,58,-30
200803190TOR,RS,TOR,1518.0,,28,61,-33
200803190TOR,RS,TOR,1547.0,,30,61,-31
200803190TOR,RS,TOR,1606.0,,30,63,-33
200803190TOR,RS,TOR,1686.0,,32,63,-31
200803190TOR,RS,TOR,1710.0,,32,64,-32
200803190TOR,RS,TOR,1710.0,,32,65,-33
200803190TOR,RS,TOR,1743.0,,32,66,-34
200803190TOR,RS,TOR,1768.0,,32,68,-36
200803190TOR,RS,TOR,1781.0,,33,68,-35
200803190TOR,RS,TOR,1781.0,,34,68,-34
200803190TOR,RS,TOR,1810.0,,37,68,-31
200803190TOR,RS,TOR,1832.0,,37,70,-33
200803190TOR,RS,TOR,1865.0,,39,70,-31
200803190TOR,RS,TOR,1895.0,,39,71,-32
200803190TOR,RS,TOR,1944.0,,40,71,-31
200803190TOR,RS,TOR,1944.0,,41,71,-30
200803190TOR,RS,TOR,2011.0,,41,73,-32
200803190TOR,RS,TOR,2039.0,,41,75,-34
200803190TOR,RS,TOR,2080.0,,41,76,-35
200803190TOR,RS,TOR,2097.0,,42,76,-34
200803190TOR,RS,TOR,2097.0,,43,76,-33
200803190TOR,RS,TOR,2135.4,,43,78,-35
200803190TOR,RS,TOR,2159.4,,44,78,-34
200803190TOR,RS,TOR,2159.4,,45,78,-33
200803190TOR,RS,TOR,2203.0,,47,78,-31
200803190TOR,RS,TOR,2253.0,,47,80,-33
200803190TOR,RS,TOR,2286.0,,47,83,-36
200803190TOR,RS,TOR,2323.0,,47,86,-39
200803190TOR,RS,TOR,2476.0,,47,88,-41
200803190TOR,RS,TOR,2493.0,,49,88,-39
200803190TOR,RS,TOR,2530.0,,49,90,-41
200803190TOR,RS,TOR,2558.0,,51,90,-39
200803190TOR,RS,TOR,2569.0,,51,92,-41
200803190TOR,RS,TOR,2592.0,,53,92,-39
200803190TOR,RS,TOR,2622.0,,53,94,-41
200803190TOR,RS,TOR,2819.0,,53,96,-43
200803190TOR,RS,TOR,2872.1,F,54,96,-42
200803190TOR,RS,TOR,2880.0,,54,96,-42
200803210MIA,RS,WAS,0.0,,0,0,0
200803210MIA,RS,WAS,12.0,,0,2,-2
200803210MIA,RS,WAS,46.0,,0,4,-4
200803210MIA,RS,WAS,76.0,,0,6,-6
200803210MIA,RS,WAS,103.0,,3,6,-3
200803210MIA,RS,WAS,130.0,,3,9,-6
200803210MIA,RS,WAS,148.0,,5,9,-4
200803210MIA,RS,WAS,177.0,,7,9,-2
200803210MIA,RS,WAS,215.0,,7,11,-4
200803210MIA,RS,WAS,235.0,,9,11,-2
200803210MIA,RS,WAS,251.0,,9,13,-4
200803210MIA,RS,WAS,280.0,,9,16,-7
200803210MIA,RS,WAS,304.0,,12,16,-4
200803210MIA,RS,WAS,316.0,,12,17,-5
200803210MIA,RS,WAS,368.0,,12,19,-7
200803210MIA,RS,WAS,398.0,,14,19,-5
200803210MIA,RS,WAS,461.0,,14,21,-7
200803210MIA,RS,WAS,483.0,,16,21,-5
200803210MIA,RS,WAS,531.0,,16,23,-7
200803210MIA,RS,WAS,553.0,,18,23,-5
200803210MIA,RS,WAS,625.0,,19,23,-4
200803210MIA,RS,WAS,625.0,,20,23,-3
200803210MIA,RS,WAS,664.4,,20,25,-5
200803210MIA,RS,WAS,694.0,,20,26,-6
200803210MIA,RS,WAS,737.0,,20,28,-8
200803210MIA,RS,WAS,792.0,,22,28,-6
200803210MIA,RS,WAS,808.0,,22,31,-9
200803210MIA,RS,WAS,840.0,,22,33,-11
200803210MIA,RS,WAS,862.0,,24,33,-9
200803210MIA,RS,WAS,876.0,,24,35,-11
200803210MIA,RS,WAS,959.0,,26,35,-9
200803210MIA,RS,WAS,977.0,,26,38,-12
200803210MIA,RS,WAS,1056.0,,27,38,-11
200803210MIA,RS,WAS,1071.0,,27,40,-13
200803210MIA,RS,WAS,1103.0,,27,42,-15
200803210MIA,RS,WAS,1154.0,,30,42,-12
200803210MIA,RS,WAS,1184.0,,32,42,-10
200803210MIA,RS,WAS,1226.0,,32,44,-12
200803210MIA,RS,WAS,1226.0,,32,45,-13
200803210MIA,RS,WAS,1232.0,,33,45,-12
200803210MIA,RS,WAS,1232.0,,34,45,-11
200803210MIA,RS,WAS,1270.0,,37,45,-8
200803210MIA,RS,WAS,1288.0,,37,47,-10
200803210MIA,RS,WAS,1305.0,,37,49,-12
200803210MIA,RS,WAS,1326.0,,39,49,-10
200803210MIA,RS,WAS,1386.9,,39,50,-11
200803210MIA,RS,WAS,1386.9,,39,51,-12
200803210MIA,RS,WAS,1436.4,,39,52,-13
200803210MIA,RS,WAS,1461.0,,42,52,-10
200803210MIA,RS,WAS,1534.0,,42,55,-13
200803210MIA,RS,WAS,1557.0,,42,57,-15
200803210MIA,RS,WAS,1629.0,,44,57,-13
200803210MIA,RS,WAS,1654.0,,44,59,-15
200803210MIA,RS,WAS,1654.0,,44,60,-16
200803210MIA,RS,WAS,1666.0,,44,61,-17
200803210MIA,RS,WAS,1691.0,,46,61,-15
200803210MIA,RS,WAS,1702.0,,46,63,-17
200803210MIA,RS,WAS,1719.0,,48,63,-15
200803210MIA,RS,WAS,1739.0,,48,65,-17
200803210MIA,RS,WAS,1771.0,,48,68,-20
200803210MIA,RS,WAS,1802.0,,49,68,-19
200803210MIA,RS,WAS,1834.0,,51,68,-17
200803210MIA,RS,WAS,1854.0,,51,71,-20
200803210MIA,RS,WAS,1868.0,,51,73,-22
200803210MIA,RS,WAS,1889.0,,54,73,-19
200803210MIA,RS,WAS,1907.0,,54,76,-22
200803210MIA,RS,WAS,1940.0,,56,76,-20
200803210MIA,RS,WAS,1956.0,,56,78,-22
200803210MIA,RS,WAS,1977.0,,58,78,-20
200803210MIA,RS,WAS,1994.0,,58,81,-23
200803210MIA,RS,WAS,2074.0,,60,81,-21
200803210MIA,RS,WAS,2099.0,,60,84,-24
200803210MIA,RS,WAS,2110.2,,61,84,-23
200803210MIA,RS,WAS,2110.2,,62,84,-22
200803210MIA,RS,WAS,2118.9,,62,86,-24
200803210MIA,RS,WAS,2118.9,,62,87,-25
200803210MIA,RS,WAS,2240.0,,63,87,-24
200803210MIA,RS,WAS,2297.0,,64,87,-23
200803210MIA,RS,WAS,2297.0,,65,87,-22
200803210MIA,RS,WAS,2312.0,,65,89,-24
200803210MIA,RS,WAS,2330.0,,68,89,-21
200803210MIA,RS,WAS,2345.0,,68,91,-23
200803210MIA,RS,WAS,2345.0,,68,92,-24
200803210MIA,RS,WAS,2415.0,,68,94,-26
200803210MIA,RS,WAS,2435.0,,70,94,-24
200803210MIA,RS,WAS,2435.0,,71,94,-23
200803210MIA,RS,WAS,2501.0,,74,94,-20
200803210MIA,RS,WAS,2533.0,,75,94,-19
200803210MIA,RS,WAS,2533.0,,76,94,-18
200803210MIA,RS,WAS,2606.0,,76,96,-20
200803210MIA,RS,WAS,2638.0,,76,98,-22
200803210MIA,RS,WAS,2670.0,,76,100,-24
200803210MIA,RS,WAS,2692.0,,79,100,-21
200803210MIA,RS,WAS,2714.0,,81,100,-19
200803210MIA,RS,WAS,2762.0,,83,100,-17
200803210MIA,RS,WAS,2801.0,,84,100,-16
200803210MIA,RS,WAS,2834.3,,86,100,-14
200803210MIA,RS,WAS,2854.9,F,86,103,-17
200803210MIA,RS,WAS,2880.0,,86,103,-17
200803220CHA,RS,CHA,0.0,,0,0,0
200803220CHA,RS,CHA,43.0,,0,2,-2
200803220CHA,RS,CHA,139.0,,0,4,-4
200803220CHA,RS,CHA,167.0,,3,4,-1
200803220CHA,RS,CHA,186.0,LC,5,4,1
200803220CHA,RS,CHA,217.0,,7,4,3
200803220CHA,RS,CHA,257.0,,9,4,5
200803220CHA,RS,CHA,312.0,,11,4,7
200803220CHA,RS,CHA,405.0,,11,6,5
200803220CHA,RS,CHA,431.0,,13,6,7
200803220CHA,RS,CHA,444.0,,13,7,6
200803220CHA,RS,CHA,503.0,,13,9,4
200803220CHA,RS,CHA,521.0,,15,9,6
200803220CHA,RS,CHA,542.0,,17,9,8
200803220CHA,RS,CHA,599.0,,17,10,7
200803220CHA,RS,CHA,599.0,,17,11,6
200803220CHA,RS,CHA,634.0,,17,12,5
200803220CHA,RS,CHA,661.4,,17,13,4
200803220CHA,RS,CHA,661.4,,17,14,3
200803220CHA,RS,CHA,683.8,,17,15,2
200803220CHA,RS,CHA,683.8,,17,16,1
200803220CHA,RS,CHA,736.0,LC,17,19,-2
200803220CHA,RS,CHA,781.0,T,19,19,0
200803220CHA,RS,CHA,789.0,,19,21,-2
200803220CHA,RS,CHA,806.0,,20,21,-1
200803220CHA,RS,CHA,806.0,T,21,21,0
200803220CHA,RS,CHA,859.0,,21,23,-2
200803220CHA,RS,CHA,879.0,T,23,23,0
200803220CHA,RS,CHA,908.0,LC,25,23,2
200803220CHA,RS,CHA,934.0,T,25,25,0
200803220CHA,RS,CHA,952.0,,27,25,2
200803220CHA,RS,CHA,965.0,T,27,27,0
200803220CHA,RS,CHA,983.0,,30,27,3
200803220CHA,RS,CHA,1003.0,,30,29,1
200803220CHA,RS,CHA,1124.0,LC,30,31,-1
200803220CHA,RS,CHA,1145.0,,30,33,-3
200803220CHA,RS,CHA,1172.0,,32,33,-1
200803220CHA,RS,CHA,1190.0,,32,35,-3
200803220CHA,RS,CHA,1217.0,,32,37,-5
200803220CHA,RS,CHA,1249.0,,35,37,-2
200803220CHA,RS,CHA,1314.0,T,37,37,0
200803220CHA,RS,CHA,1331.0,,37,38,-1
200803220CHA,RS,CHA,1331.0,,37,39,-2
200803220CHA,RS,CHA,1352.0,T,39,39,0
200803220CHA,RS,CHA,1364.0,,39,41,-2
200803220CHA,RS,CHA,1364.0,,39,42,-3
200803220CHA,RS,CHA,1382.0,,39,43,-4
200803220CHA,RS,CHA,1382.0,,39,44,-5
200803220CHA,RS,CHA,1409.5,,39,46,-7
200803220CHA,RS,CHA,1457.0,,39,48,-9
200803220CHA,RS,CHA,1473.0,,41,48,-7
200803220CHA,RS,CHA,1491.0,,41,50,-9
200803220CHA,RS,CHA,1510.0,,41,51,-10
200803220CHA,RS,CHA,1510.0,,41,52,-11
200803220CHA,RS,CHA,1640.0,,42,52,-10
200803220CHA,RS,CHA,1664.0,,42,54,-12
200803220CHA,RS,CHA,1698.0,,42,56,-14
200803220CHA,RS,CHA,1724.0,,45,56,-11
200803220CHA,RS,CHA,1770.0,,46,56,-10
200803220CHA,RS,CHA,1770.0,,47,56,-9
200803220CHA,RS,CHA,1808.0,,49,56,-7
200803220CHA,RS,CHA,1832.0,,49,58,-9
200803220CHA,RS,CHA,1854.0,,51,58,-7
200803220CHA,RS,CHA,1907.0,,51,59,-8
200803220CHA,RS,CHA,1927.0,,53,59,-6
200803220CHA,RS,CHA,1941.0,,53,61,-8
200803220CHA,RS,CHA,1966.0,,55,61,-6
200803220CHA,RS,CHA,1988.0,,55,63,-8
200803220CHA,RS,CHA,2008.0,,57,63,-6
200803220CHA,RS,CHA,2024.0,,57,65,-8
200803220CHA,RS,CHA,2040.0,,60,65,-5
200803220CHA,RS,CHA,2061.0,,60,66,-6
200803220CHA,RS,CHA,2071.0,,60,68,-8
200803220CHA,RS,CHA,2071.0,,60,69,-9
200803220CHA,RS,CHA,2097.0,,62,69,-7
200803220CHA,RS,CHA,2105.0,,62,71,-9
200803220CHA,RS,CHA,2118.1,,63,71,-8
200803220CHA,RS,CHA,2118.1,,64,71,-7
200803220CHA,RS,CHA,2159.4,,64,73,-9
200803220CHA,RS,CHA,2174.0,,66,73,-7
200803220CHA,RS,CHA,2264.0,,68,73,-5
200803220CHA,RS,CHA,2292.0,,70,73,-3
200803220CHA,RS,CHA,2312.0,,70,75,-5
200803220CHA,RS,CHA,2341.0,,70,77,-7
200803220CHA,RS,CHA,2358.0,,71,77,-6
200803220CHA,RS,CHA,2358.0,,72,77,-5
200803220CHA,RS,CHA,2370.0,,72,79,-7
200803220CHA,RS,CHA,2370.0,,72,80,-8
200803220CHA,RS,CHA,2432.0,,72,83,-11
200803220CHA,RS,CHA,2444.0,,73,83,-10
200803220CHA,RS,CHA,2444.0,,74,83,-9
200803220CHA,RS,CHA,2482.0,,74,86,-12
200803220CHA,RS,CHA,2513.0,,74,88,-14
200803220CHA,RS,CHA,2528.0,,76,88,-12
200803220CHA,RS,CHA,2551.0,,76,90,-14
200803220CHA,RS,CHA,2568.0,,78,90,-12
200803220CHA,RS,CHA,2580.0,,78,92,-14
200803220CHA,RS,CHA,2610.0,,78,94,-16
200803220CHA,RS,CHA,2700.0,,79,94,-15
200803220CHA,RS,CHA,2848.1,,81,94,-13
200803220CHA,RS,CHA,2848.1,F,82,94,-12
200803220CHA,RS,CHA,2880.0,,82,94,-12
200803240MIA,RS,MIL,0.0,,0,0,0
200803240MIA,RS,MIL,39.0,,0,2,-2
200803240MIA,RS,MIL,113.0,,0,4,-4
200803240MIA,RS,MIL,140.0,,0,6,-6
200803240MIA,RS,MIL,158.0,,1,6,-5
200803240MIA,RS,MIL,158.0,,2,6,-4
200803240MIA,RS,MIL,183.0,,4,6,-2
200803240MIA,RS,MIL,197.0,,4,7,-3
200803240MIA,RS,MIL,219.0,,6,7,-1
200803240MIA,RS,MIL,244.0,,6,9,-3
200803240MIA,RS,MIL,299.0,T,9,9,0
200803240MIA,RS,MIL,315.0,,9,10,-1
200803240MIA,RS,MIL,315.0,,9,11,-2
200803240MIA,RS,MIL,329.0,T,11,11,0
200803240MIA,RS,MIL,394.0,LC,13,11,2
200803240MIA,RS,MIL,419.0,T,13,13,0
200803240MIA,RS,MIL,475.0,LC,13,15,-2
200803240MIA,RS,MIL,497.0,T,15,15,0
200803240MIA,RS,MIL,510.0,,15,17,-2
200803240MIA,RS,MIL,570.0,,15,20,-5
200803240MIA,RS,MIL,606.0,,16,20,-4
200803240MIA,RS,MIL,606.0,,17,20,-3
200803240MIA,RS,MIL,625.0,,17,22,-5
200803240MIA,RS,MIL,656.0,,17,25,-8
200803240MIA,RS,MIL,782.0,,19,25,-6
200803240MIA,RS,MIL,848.0,,19,26,-7
200803240MIA,RS,MIL,848.0,,19,27,-8
200803240MIA,RS,MIL,862.0,,21,27,-6
200803240MIA,RS,MIL,940.0,,21,29,-8
200803240MIA,RS,MIL,1019.0,,23,29,-6
200803240MIA,RS,MIL,1137.0,,23,31,-8
200803240MIA,RS,MIL,1205.0,,23,33,-10
200803240MIA,RS,MIL,1225.0,,24,33,-9
200803240MIA,RS,MIL,1283.0,,27,33,-6
200803240MIA,RS,MIL,1329.0,,27,35,-8
200803240MIA,RS,MIL,1345.0,,28,35,-7
200803240MIA,RS,MIL,1357.0,,28,37,-9
200803240MIA,RS,MIL,1399.5,,29,37,-8
200803240MIA,RS,MIL,1399.5,,30,37,-7
200803240MIA,RS,MIL,1414.1,,32,37,-5
200803240MIA,RS,MIL,1473.0,,34,37,-3
200803240MIA,RS,MIL,1515.0,,36,37,-1
200803240MIA,RS,MIL,1569.0,LC,38,37,1
200803240MIA,RS,MIL,1596.0,LC,38,39,-1
200803240MIA,RS,MIL,1613.0,LC,40,39,1
200803240MIA,RS,MIL,1680.0,,42,39,3
200803240MIA,RS,MIL,1725.0,,42,40,2
200803240MIA,RS,MIL,1811.0,,44,40,4
200803240MIA,RS,MIL,1836.0,,45,40,5
200803240MIA,RS,MIL,1870.0,,47,40,7
200803240MIA,RS,MIL,1885.0,,47,41,6
200803240MIA,RS,MIL,1935.0,,47,43,4
200803240MIA,RS,MIL,1981.0,,47,46,1
200803240MIA,RS,MIL,2002.0,,50,46,4
200803240MIA,RS,MIL,2029.0,,50,48,2
200803240MIA,RS,MIL,2044.0,,52,48,4
200803240MIA,RS,MIL,2087.0,,52,50,2
200803240MIA,RS,MIL,2106.5,,53,50,3
200803240MIA,RS,MIL,2106.5,,54,50,4
200803240MIA,RS,MIL,2178.0,,56,50,6
200803240MIA,RS,MIL,2197.0,,56,52,4
200803240MIA,RS,MIL,2248.0,,56,55,1
200803240MIA,RS,MIL,2308.0,,58,55,3
200803240MIA,RS,MIL,2471.0,,60,55,5
200803240MIA,RS,MIL,2496.0,,60,57,3
200803240MIA,RS,MIL,2504.0,,61,57,4
200803240MIA,RS,MIL,2504.0,,62,57,5
200803240MIA,RS,MIL,2517.0,,62,59,3
200803240MIA,RS,MIL,2527.0,,65,59,6
200803240MIA,RS,MIL,2545.0,,65,61,4
200803240MIA,RS,MIL,2560.0,,67,61,6
200803240MIA,RS,MIL,2579.0,,67,63,4
200803240MIA,RS,MIL,2616.0,,67,64,3
200803240MIA,RS,MIL,2658.0,,69,64,5
200803240MIA,RS,MIL,2658.0,,70,64,6
200803240MIA,RS,MIL,2670.0,,70,65,5
200803240MIA,RS,MIL,2670.0,,70,66,4
200803240MIA,RS,MIL,2686.0,,71,66,5
200803240MIA,RS,MIL,2686.0,,72,66,6
200803240MIA,RS,MIL,2696.0,,72,68,4
200803240MIA,RS,MIL,2696.0,,72,69,3
200803240MIA,RS,MIL,2727.0,,72,70,2
200803240MIA,RS,MIL,2727.0,,72,71,1
200803240MIA,RS,MIL,2834.8,,73,71,2
200803240MIA,RS,MIL,2834.8,,74,71,3
200803240MIA,RS,MIL,2874.1,,75,71,4
200803240MIA,RS,MIL,2874.1,,76,71,5
200803240MIA,RS,MIL,2876.3,,76,72,4
200803240MIA,RS,MIL,2876.3,,76,73,3
200803240MIA,RS,MIL,2877.5,,77,73,4
200803240MIA,RS,MIL,2877.5,F,78,73,5
200803240MIA,RS,MIL,2880.0,,78,73,5
200803260NYK,RS,NYK,0.0,,0,0,0
200803260NYK,RS,NYK,51.0,,0,2,-2
200803260NYK,RS,NYK,80.0,,0,4,-4
200803260NYK,RS,NYK,136.0,,0,6,-6
200803260NYK,RS,NYK,161.0,,2,6,-4
200803260NYK,RS,NYK,173.0,,2,8,-6
200803260NYK,RS,NYK,189.0,,5,8,-3
200803260NYK,RS,NYK,230.0,,5,10,-5
200803260NYK,RS,NYK,295.0,,8,10,-2
200803260NYK,RS,NYK,320.0,T,10,10,0
200803260NYK,RS,NYK,360.0,,10,12,-2
200803260NYK,RS,NYK,382.0,,11,12,-1
200803260NYK,RS,NYK,382.0,T,12,12,0
200803260NYK,RS,NYK,401.0,,12,14,-2
200803260NYK,RS,NYK,416.0,T,14,14,0
200803260NYK,RS,NYK,436.0,,14,16,-2
200803260NYK,RS,NYK,494.0,,14,18,-4
200803260NYK,RS,NYK,523.0,,14,20,-6
200803260NYK,RS,NYK,550.0,,14,22,-8
200803260NYK,RS,NYK,572.0,,17,22,-5
200803260NYK,RS,NYK,587.0,,17,24,-7
200803260NYK,RS,NYK,656.0,,18,24,-6
200803260NYK,RS,NYK,681.9,,18,26,-8
200803260NYK,RS,NYK,692.5,,20,26,-6
200803260NYK,RS,NYK,727.0,,21,26,-5
200803260NYK,RS,NYK,727.0,,22,26,-4
200803260NYK,RS,NYK,746.0,,22,28,-6
200803260NYK,RS,NYK,783.0,,23,28,-5
200803260NYK,RS,NYK,783.0,,24,28,-4
200803260NYK,RS,NYK,802.0,,24,29,-5
200803260NYK,RS,NYK,853.0,,26,29,-3
200803260NYK,RS,NYK,877.0,,26,31,-5
200803260NYK,RS,NYK,963.0,,26,33,-7
200803260NYK,RS,NYK,1005.0,,26,35,-9
200803260NYK,RS,NYK,1051.0,,26,37,-11
200803260NYK,RS,NYK,1116.0,,26,39,-13
200803260NYK,RS,NYK,1147.0,,27,39,-12
200803260NYK,RS,NYK,1188.0,,30,39,-9
200803260NYK,RS,NYK,1224.0,,30,40,-10
200803260NYK,RS,NYK,1266.0,,33,40,-7
200803260NYK,RS,NYK,1319.0,,36,40,-4
200803260NYK,RS,NYK,1348.0,,38,40,-2
200803260NYK,RS,NYK,1361.0,,38,43,-5
200803260NYK,RS,NYK,1379.0,,39,43,-4
200803260NYK,RS,NYK,1379.0,,40,43,-3
200803260NYK,RS,NYK,1399.5,,40,44,-4
200803260NYK,RS,NYK,1399.5,,40,45,-5
200803260NYK,RS,NYK,1437.0,,40,48,-8
200803260NYK,RS,NYK,1467.0,,42,48,-6
200803260NYK,RS,NYK,1549.0,,43,48,-5
200803260NYK,RS,NYK,1607.0,,45,48,-3
200803260NYK,RS,NYK,1617.0,,45,51,-6
200803260NYK,RS,NYK,1640.0,,47,51,-4
200803260NYK,RS,NYK,1666.0,,50,51,-1
200803260NYK,RS,NYK,1747.0,,50,53,-3
200803260NYK,RS,NYK,1814.0,,52,53,-1
200803260NYK,RS,NYK,1854.0,,52,55,-3
200803260NYK,RS,NYK,1887.0,T,55,55,0
200803260NYK,RS,NYK,1895.0,,55,56,-1
200803260NYK,RS,NYK,1907.0,LC,58,56,2
200803260NYK,RS,NYK,1937.0,T,58,58,0
200803260NYK,RS,NYK,1976.0,LC,58,60,-2
200803260NYK,RS,NYK,1990.0,T,60,60,0
200803260NYK,RS,NYK,2048.0,LC,62,60,2
200803260NYK,RS,NYK,2099.0,LC,62,63,-1
200803260NYK,RS,NYK,2113.3,LC,65,63,2
200803260NYK,RS,NYK,2171.0,T,65,65,0
200803260NYK,RS,NYK,2188.0,,68,65,3
200803260NYK,RS,NYK,2203.0,,68,66,2
200803260NYK,RS,NYK,2203.0,,68,67,1
200803260NYK,RS,NYK,2233.0,LC,68,69,-1
200803260NYK,RS,NYK,2235.0,,68,71,-3
200803260NYK,RS,NYK,2261.0,,70,71,-1
200803260NYK,RS,NYK,2315.0,,70,72,-2
200803260NYK,RS,NYK,2339.0,,71,72,-1
200803260NYK,RS,NYK,2339.0,T,72,72,0
200803260NYK,RS,NYK,2356.0,,72,75,-3
200803260NYK,RS,NYK,2413.0,,72,77,-5
200803260NYK,RS,NYK,2435.0,,74,77,-3
200803260NYK,RS,NYK,2458.0,,74,80,-6
200803260NYK,RS,NYK,2497.0,,74,82,-8
200803260NYK,RS,NYK,2521.0,,76,82,-6
200803260NYK,RS,NYK,2534.0,,76,83,-7
200803260NYK,RS,NYK,2575.0,,78,83,-5
200803260NYK,RS,NYK,2675.0,,78,84,-6
200803260NYK,RS,NYK,2711.0,,78,86,-8
200803260NYK,RS,NYK,2731.0,,80,86,-6
200803260NYK,RS,NYK,2751.0,,80,89,-9
200803260NYK,RS,NYK,2770.0,,81,89,-8
200803260NYK,RS,NYK,2790.0,,82,89,-7
200803260NYK,RS,NYK,2790.0,,83,89,-6
200803260NYK,RS,NYK,2852.3,,86,89,-3
200803260NYK,RS,NYK,2857.6,,86,90,-4
200803260NYK,RS,NYK,2861.8,,89,90,-1
200803260NYK,RS,NYK,2865.3,,89,91,-2
200803260NYK,RS,NYK,2865.3,,89,92,-3
200803260NYK,RS,NYK,2873.6,T,92,92,0
200803260NYK,RS,NYK,2939.0,LC,95,92,3
200803260NYK,RS,NYK,2969.0,,95,93,2
200803260NYK,RS,NYK,3012.0,T,95,95,0
200803260NYK,RS,NYK,3032.0,LC,95,97,-2
200803260NYK,RS,NYK,3066.0,,95,99,-4
200803260NYK,RS,NYK,3108.0,,96,99,-3
200803260NYK,RS,NYK,3161.2,,96,101,-5
200803260NYK,RS,NYK,3168.6,,96,102,-6
200803260NYK,RS,NYK,3168.6,F,96,103,-7
200803260NYK,RS,NYK,3180.0,,96,103,-7
200803270DET,RS,DET,0.0,,0,0,0
200803270DET,RS,DET,21.0,,3,0,3
200803270DET,RS,DET,35.0,,3,2,1
200803270DET,RS,DET,54.0,,5,2,3
200803270DET,RS,DET,81.0,,5,4,1
200803270DET,RS,DET,110.0,LC,5,6,-1
200803270DET,RS,DET,149.0,,5,8,-3
200803270DET,RS,DET,175.0,,7,8,-1
200803270DET,RS,DET,191.0,,7,10,-3
200803270DET,RS,DET,206.0,,9,10,-1
200803270DET,RS,DET,266.0,LC,11,10,1
200803270DET,RS,DET,301.0,,13,10,3
200803270DET,RS,DET,329.0,,13,12,1
200803270DET,RS,DET,346.0,,15,12,3
200803270DET,RS,DET,375.0,,17,12,5
200803270DET,RS,DET,389.0,,17,14,3
200803270DET,RS,DET,414.0,,19,14,5
200803270DET,RS,DET,435.0,,19,16,3
200803270DET,RS,DET,448.0,,21,16,5
200803270DET,RS,DET,625.0,,23,16,7
200803270DET,RS,DET,651.0,,23,18,5
200803270DET,RS,DET,747.0,,25,18,7
200803270DET,RS,DET,747.0,,26,18,8
200803270DET,RS,DET,762.0,,26,20,6
200803270DET,RS,DET,796.0,,26,21,5
200803270DET,RS,DET,796.0,,26,22,4
200803270DET,RS,DET,829.0,,28,22,6
200803270DET,RS,DET,829.0,,29,22,7
200803270DET,RS,DET,851.0,,29,24,5
200803270DET,RS,DET,872.0,,30,24,6
200803270DET,RS,DET,872.0,,31,24,7
200803270DET,RS,DET,898.0,,31,26,5
200803270DET,RS,DET,1001.0,,33,26,7
200803270DET,RS,DET,1013.0,,33,28,5
200803270DET,RS,DET,1013.0,,33,29,4
200803270DET,RS,DET,1022.0,,34,29,5
200803270DET,RS,DET,1022.0,,35,29,6
200803270DET,RS,DET,1080.0,,38,29,9
200803270DET,RS,DET,1094.0,,38,30,8
200803270DET,RS,DET,1094.0,,38,31,7
200803270DET,RS,DET,1126.0,,38,33,5
200803270DET,RS,DET,1162.0,,39,33,6
200803270DET,RS,DET,1162.0,,40,33,7
200803270DET,RS,DET,1214.0,,40,35,5
200803270DET,RS,DET,1226.0,,41,35,6
200803270DET,RS,DET,1253.0,,43,35,8
200803270DET,RS,DET,1265.0,,43,37,6
200803270DET,RS,DET,1293.0,,43,38,5
200803270DET,RS,DET,1322.0,,43,39,4
200803270DET,RS,DET,1327.0,,43,41,2
200803270DET,RS,DET,1416.1,,45,41,4
200803270DET,RS,DET,1438.0,,45,43,2
200803270DET,RS,DET,1458.0,T,45,45,0
200803270DET,RS,DET,1528.0,LC,45,47,-2
200803270DET,RS,DET,1589.0,T,47,47,0
200803270DET,RS,DET,1612.0,,47,48,-1
200803270DET,RS,DET,1612.0,,47,49,-2
200803270DET,RS,DET,1668.0,T,49,49,0
200803270DET,RS,DET,1729.0,,49,51,-2
200803270DET,RS,DET,1771.0,,49,53,-4
200803270DET,RS,DET,1810.0,,49,55,-6
200803270DET,RS,DET,1833.0,,50,55,-5
200803270DET,RS,DET,1874.0,,52,55,-3
200803270DET,RS,DET,1909.0,,52,56,-4
200803270DET,RS,DET,1923.0,,52,57,-5
200803270DET,RS,DET,1941.0,,53,57,-4
200803270DET,RS,DET,1941.0,,54,57,-3
200803270DET,RS,DET,1961.0,,54,58,-4
200803270DET,RS,DET,2008.0,,54,60,-6
200803270DET,RS,DET,2008.0,,54,61,-7
200803270DET,RS,DET,2022.0,,55,61,-6
200803270DET,RS,DET,2033.0,,55,62,-7
200803270DET,RS,DET,2073.0,,55,64,-9
200803270DET,RS,DET,2106.1,,55,65,-10
200803270DET,RS,DET,2106.1,,55,66,-11
200803270DET,RS,DET,2220.0,,55,68,-13
200803270DET,RS,DET,2241.0,,57,68,-11
200803270DET,RS,DET,2278.0,,59,68,-9
200803270DET,RS,DET,2299.0,,60,68,-8
200803270DET,RS,DET,2299.0,,61,68,-7
200803270DET,RS,DET,2338.0,,62,68,-6
200803270DET,RS,DET,2338.0,,63,68,-5
200803270DET,RS,DET,2350.0,,63,70,-7
200803270DET,RS,DET,2373.0,,65,70,-5
200803270DET,RS,DET,2430.0,,65,73,-8
200803270DET,RS,DET,2461.0,,66,73,-7
200803270DET,RS,DET,2461.0,,67,73,-6
200803270DET,RS,DET,2584.0,,69,73,-4
200803270DET,RS,DET,2636.0,,69,75,-6
200803270DET,RS,DET,2668.0,,69,76,-7
200803270DET,RS,DET,2668.0,,69,77,-8
200803270DET,RS,DET,2721.0,,69,79,-10
200803270DET,RS,DET,2721.0,,69,80,-11
200803270DET,RS,DET,2750.0,,69,83,-14
200803270DET,RS,DET,2840.4,F,69,85,-16
200803270DET,RS,DET,2880.0,,69,85,-16
200803300BOS,RS,BOS,0.0,,0,0,0
200803300BOS,RS,BOS,50.0,,0,2,-2
200803300BOS,RS,BOS,108.0,,0,4,-4
200803300BOS,RS,BOS,123.0,,1,4,-3
200803300BOS,RS,BOS,123.0,,2,4,-2
200803300BOS,RS,BOS,150.0,,2,7,-5
200803300BOS,RS,BOS,182.0,,2,9,-7
200803300BOS,RS,BOS,236.0,,2,11,-9
200803300BOS,RS,BOS,281.0,,2,13,-11
200803300BOS,RS,BOS,328.0,,4,13,-9
200803300BOS,RS,BOS,347.0,,4,15,-11
200803300BOS,RS,BOS,381.0,,4,18,-14
200803300BOS,RS,BOS,450.0,,4,20,-16
200803300BOS,RS,BOS,497.0,,4,22,-18
200803300BOS,RS,BOS,545.0,,4,23,-19
200803300BOS,RS,BOS,582.0,,4,25,-21
200803300BOS,RS,BOS,616.0,,4,27,-23
200803300BOS,RS,BOS,629.0,,6,27,-21
200803300BOS,RS,BOS,629.0,,7,27,-20
200803300BOS,RS,BOS,656.0,,10,27,-17
200803300BOS,RS,BOS,677.0,,10,30,-20
200803300BOS,RS,BOS,688.4,,11,30,-19
200803300BOS,RS,BOS,697.2,,11,32,-21
200803300BOS,RS,BOS,719.1,,12,32,-20
200803300BOS,RS,BOS,719.1,,13,32,-19
200803300BOS,RS,BOS,790.0,,14,32,-18
200803300BOS,RS,BOS,790.0,,15,32,-17
200803300BOS,RS,BOS,903.0,,16,32,-16
200803300BOS,RS,BOS,903.0,,17,32,-15
200803300BOS,RS,BOS,944.0,,18,32,-14
200803300BOS,RS,BOS,944.0,,19,32,-13
200803300BOS,RS,BOS,983.0,,19,34,-15
200803300BOS,RS,BOS,1010.0,,19,35,-16
200803300BOS,RS,BOS,1032.0,,19,37,-18
200803300BOS,RS,BOS,1051.0,,21,37,-16
200803300BOS,RS,BOS,1081.0,,21,40,-19
200803300BOS,RS,BOS,1098.0,,22,40,-18
200803300BOS,RS,BOS,1147.0,,22,41,-19
200803300BOS,RS,BOS,1147.0,,22,42,-20
200803300BOS,RS,BOS,1192.0,,23,42,-19
200803300BOS,RS,BOS,1201.0,,23,43,-20
200803300BOS,RS,BOS,1201.0,,23,44,-21
200803300BOS,RS,BOS,1220.0,,25,44,-19
200803300BOS,RS,BOS,1231.0,,25,45,-20
200803300BOS,RS,BOS,1231.0,,25,46,-21
200803300BOS,RS,BOS,1264.0,,25,48,-23
200803300BOS,RS,BOS,1309.0,,28,48,-20
200803300BOS,RS,BOS,1352.0,,30,48,-18
200803300BOS,RS,BOS,1391.1,,30,49,-19
200803300BOS,RS,BOS,1391.1,,30,50,-20
200803300BOS,RS,BOS,1504.0,,32,50,-18
200803300BOS,RS,BOS,1566.0,,34,50,-16
200803300BOS,RS,BOS,1582.0,,34,53,-19
200803300BOS,RS,BOS,1609.0,,36,53,-17
200803300BOS,RS,BOS,1621.0,,36,55,-19
200803300BOS,RS,BOS,1676.0,,36,57,-21
200803300BOS,RS,BOS,1697.0,,38,57,-19
200803300BOS,RS,BOS,1727.0,,39,57,-18
200803300BOS,RS,BOS,1727.0,,40,57,-17
200803300BOS,RS,BOS,1781.0,,40,59,-19
200803300BOS,RS,BOS,1826.0,,40,60,-20
200803300BOS,RS,BOS,1826.0,,40,61,-21
200803300BOS,RS,BOS,1884.0,,40,64,-24
200803300BOS,RS,BOS,1932.0,,41,64,-23
200803300BOS,RS,BOS,1932.0,,42,64,-22
200803300BOS,RS,BOS,1980.0,,42,66,-24
200803300BOS,RS,BOS,1993.0,,43,66,-23
200803300BOS,RS,BOS,1993.0,,44,66,-22
200803300BOS,RS,BOS,2077.0,,45,66,-21
200803300BOS,RS,BOS,2077.0,,46,66,-20
200803300BOS,RS,BOS,2102.1,,47,66,-19
200803300BOS,RS,BOS,2102.1,,48,66,-18
200803300BOS,RS,BOS,2134.3,,48,68,-20
200803300BOS,RS,BOS,2193.0,,48,69,-21
200803300BOS,RS,BOS,2193.0,,48,70,-22
200803300BOS,RS,BOS,2231.0,,48,72,-24
200803300BOS,RS,BOS,2231.0,,48,73,-25
200803300BOS,RS,BOS,2262.0,,48,75,-27
200803300BOS,RS,BOS,2283.0,,51,75,-24
200803300BOS,RS,BOS,2301.0,,51,77,-26
200803300BOS,RS,BOS,2387.0,,53,77,-24
200803300BOS,RS,BOS,2458.0,,53,78,-25
200803300BOS,RS,BOS,2458.0,,53,79,-26
200803300BOS,RS,BOS,2470.0,,55,79,-24
200803300BOS,RS,BOS,2686.0,,55,81,-26
200803300BOS,RS,BOS,2715.0,,55,83,-28
200803300BOS,RS,BOS,2739.0,,57,83,-26
200803300BOS,RS,BOS,2771.0,,57,86,-29
200803300BOS,RS,BOS,2814.0,,57,88,-31
200803300BOS,RS,BOS,2833.8,,60,88,-28
200803300BOS,RS,BOS,2863.3,F,62,88,-26
200803300BOS,RS,BOS,2880.0,,62,88,-26
200803310IND,RS,IND,0.0,,0,0,0
200803310IND,RS,IND,19.0,,0,2,-2
200803310IND,RS,IND,80.0,,0,5,-5
200803310IND,RS,IND,122.0,,2,5,-3
200803310IND,RS,IND,154.0,,4,5,-1
200803310IND,RS,IND,172.0,,4,7,-3
200803310IND,RS,IND,204.0,,5,7,-2
200803310IND,RS,IND,214.0,,5,9,-4
200803310IND,RS,IND,230.0,,7,9,-2
200803310IND,RS,IND,285.0,LC,10,9,1
200803310IND,RS,IND,303.0,LC,10,11,-1
200803310IND,RS,IND,327.0,LC,13,11,2
200803310IND,RS,IND,368.0,LC,13,14,-1
200803310IND,RS,IND,398.0,LC,16,14,2
200803310IND,RS,IND,418.0,,16,15,1
200803310IND,RS,IND,418.0,T,16,16,0
200803310IND,RS,IND,431.0,,18,16,2
200803310IND,RS,IND,431.0,,19,16,3
200803310IND,RS,IND,447.0,,19,18,1
200803310IND,RS,IND,463.0,,21,18,3
200803310IND,RS,IND,549.0,,22,18,4
200803310IND,RS,IND,549.0,,23,18,5
200803310IND,RS,IND,561.0,,23,19,4
200803310IND,RS,IND,561.0,,23,20,3
200803310IND,RS,IND,585.0,,23,21,2
200803310IND,RS,IND,585.0,,23,22,1
200803310IND,RS,IND,667.1,LC,23,25,-2
200803310IND,RS,IND,676.1,,24,25,-1
200803310IND,RS,IND,676.1,T,25,25,0
200803310IND,RS,IND,684.0,,25,26,-1
200803310IND,RS,IND,684.0,,25,27,-2
200803310IND,RS,IND,734.0,T,27,27,0
200803310IND,RS,IND,746.0,,27,29,-2
200803310IND,RS,IND,780.0,,27,31,-4
200803310IND,RS,IND,819.0,,27,33,-6
200803310IND,RS,IND,891.0,,27,34,-7
200803310IND,RS,IND,891.0,,27,35,-8
200803310IND,RS,IND,920.0,,27,36,-9
200803310IND,RS,IND,943.0,,29,36,-7
200803310IND,RS,IND,1053.0,,29,37,-8
200803310IND,RS,IND,1053.0,,29,38,-9
200803310IND,RS,IND,1069.0,,31,38,-7
200803310IND,RS,IND,1083.0,,31,40,-9
200803310IND,RS,IND,1100.0,,32,40,-8
200803310IND,RS,IND,1100.0,,33,40,-7
200803310IND,RS,IND,1109.0,,33,41,-8
200803310IND,RS,IND,1109.0,,33,42,-9
200803310IND,RS,IND,1140.0,,33,44,-11
200803310IND,RS,IND,1238.0,,36,44,-8
200803310IND,RS,IND,1252.0,,36,47,-11
200803310IND,RS,IND,1309.0,,37,47,-10
200803310IND,RS,IND,1309.0,,38,47,-9
200803310IND,RS,IND,1358.0,,38,49,-11
200803310IND,RS,IND,1381.3,,39,49,-10
200803310IND,RS,IND,1381.3,,40,49,-9
200803310IND,RS,IND,1399.4,,40,51,-11
200803310IND,RS,IND,1418.0,,43,51,-8
200803310IND,RS,IND,1475.0,,46,51,-5
200803310IND,RS,IND,1495.0,,46,54,-8
200803310IND,RS,IND,1549.0,,47,54,-7
200803310IND,RS,IND,1549.0,,48,54,-6
200803310IND,RS,IND,1561.0,,48,56,-8
200803310IND,RS,IND,1623.0,,50,56,-6
200803310IND,RS,IND,1656.0,,50,58,-8
200803310IND,RS,IND,1656.0,,50,59,-9
200803310IND,RS,IND,1674.0,,52,59,-7
200803310IND,RS,IND,1688.0,,52,62,-10
200803310IND,RS,IND,1740.0,,52,64,-12
200803310IND,RS,IND,1768.0,,54,64,-10
200803310IND,RS,IND,1823.0,,54,66,-12
200803310IND,RS,IND,1862.0,,54,68,-14
200803310IND,RS,IND,1952.0,,55,68,-13
200803310IND,RS,IND,1962.0,,55,70,-15
200803310IND,RS,IND,1989.0,,57,70,-13
200803310IND,RS,IND,2002.0,,57,72,-15
200803310IND,RS,IND,2022.0,,59,72,-13
200803310IND,RS,IND,2022.0,,60,72,-12
200803310IND,RS,IND,2042.0,,60,75,-15
200803310IND,RS,IND,2057.0,,63,75,-12
200803310IND,RS,IND,2111.1,,65,75,-10
200803310IND,RS,IND,2129.6,,65,78,-13
200803310IND,RS,IND,2183.0,,67,78,-11
200803310IND,RS,IND,2262.0,,67,80,-13
200803310IND,RS,IND,2284.0,,67,82,-15
200803310IND,RS,IND,2328.0,,67,84,-17
200803310IND,RS,IND,2360.0,,67,86,-19
200803310IND,RS,IND,2382.0,,70,86,-16
200803310IND,RS,IND,2430.0,,72,86,-14
200803310IND,RS,IND,2435.0,,72,88,-16
200803310IND,RS,IND,2445.0,,74,88,-14
200803310IND,RS,IND,2457.0,,74,89,-15
200803310IND,RS,IND,2457.0,,74,90,-16
200803310IND,RS,IND,2472.0,,77,90,-13
200803310IND,RS,IND,2492.0,,77,93,-16
200803310IND,RS,IND,2603.0,,77,94,-17
200803310IND,RS,IND,2603.0,,77,95,-18
200803310IND,RS,IND,2660.0,,78,95,-17
200803310IND,RS,IND,2683.0,,80,95,-15
200803310IND,RS,IND,2710.0,,80,96,-16
200803310IND,RS,IND,2728.0,,80,97,-17
200803310IND,RS,IND,2728.0,,80,98,-18
200803310IND,RS,IND,2738.0,,82,98,-16
200803310IND,RS,IND,2738.0,,83,98,-15
200803310IND,RS,IND,2748.0,,83,101,-18
200803310IND,RS,IND,2775.0,,83,103,-20
200803310IND,RS,IND,2789.0,,83,105,-22
200803310IND,RS,IND,2811.0,,84,105,-21
200803310IND,RS,IND,2864.2,F,85,105,-20
200803310IND,RS,IND,2880.0,,85,105,-20
200804020MIA,RS,NOH,0.0,,0,0,0
200804020MIA,RS,NOH,20.0,,0,2,-2
200804020MIA,RS,NOH,48.0,,0,3,-3
200804020MIA,RS,NOH,48.0,,0,4,-4
200804020MIA,RS,NOH,82.0,,0,6,-6
200804020MIA,RS,NOH,103.0,,2,6,-4
200804020MIA,RS,NOH,114.0,,2,8,-6
200804020MIA,RS,NOH,142.0,,2,10,-8
200804020MIA,RS,NOH,184.0,,2,12,-10
200804020MIA,RS,NOH,242.0,,2,14,-12
200804020MIA,RS,NOH,255.0,,4,14,-10
200804020MIA,RS,NOH,358.0,,4,17,-13
200804020MIA,RS,NOH,379.0,,7,17,-10
200804020MIA,RS,NOH,407.0,,7,19,-12
200804020MIA,RS,NOH,430.0,,9,19,-10
200804020MIA,RS,NOH,456.0,,9,21,-12
200804020MIA,RS,NOH,522.0,,11,21,-10
200804020MIA,RS,NOH,596.0,,11,23,-12
200804020MIA,RS,NOH,596.0,,11,24,-13
200804020MIA,RS,NOH,612.0,,12,24,-12
200804020MIA,RS,NOH,633.0,,12,26,-14
200804020MIA,RS,NOH,715.8,,14,26,-12
200804020MIA,RS,NOH,748.0,,17,26,-9
200804020MIA,RS,NOH,763.0,,17,28,-11
200804020MIA,RS,NOH,814.0,,17,30,-13
200804020MIA,RS,NOH,849.0,,17,31,-14
200804020MIA,RS,NOH,849.0,,17,32,-15
200804020MIA,RS,NOH,864.0,,19,32,-13
200804020MIA,RS,NOH,896.0,,19,34,-15
200804020MIA,RS,NOH,957.0,,20,34,-14
200804020MIA,RS,NOH,957.0,,21,34,-13
200804020MIA,RS,NOH,1000.0,,21,36,-15
200804020MIA,RS,NOH,1021.0,,22,36,-14
200804020MIA,RS,NOH,1021.0,,23,36,-13
200804020MIA,RS,NOH,1032.0,,23,38,-15
200804020MIA,RS,NOH,1053.0,,25,38,-13
200804020MIA,RS,NOH,1070.0,,26,38,-12
200804020MIA,RS,NOH,1070.0,,27,38,-11
200804020MIA,RS,NOH,1094.0,,27,41,-14
200804020MIA,RS,NOH,1119.0,,29,41,-12
200804020MIA,RS,NOH,1166.0,,30,41,-11
200804020MIA,RS,NOH,1181.0,,30,44,-14
200804020MIA,RS,NOH,1204.0,,32,44,-12
200804020MIA,RS,NOH,1219.0,,32,46,-14
200804020MIA,RS,NOH,1244.0,,32,48,-16
200804020MIA,RS,NOH,1278.0,,35,48,-13
200804020MIA,RS,NOH,1299.0,,35,50,-15
200804020MIA,RS,NOH,1325.0,,38,50,-12
200804020MIA,RS,NOH,1355.0,,39,50,-11
200804020MIA,RS,NOH,1391.4,,39,52,-13
200804020MIA,RS,NOH,1433.7,,41,52,-11
200804020MIA,RS,NOH,1438.5,,41,54,-13
200804020MIA,RS,NOH,1465.0,,41,56,-15
200804020MIA,RS,NOH,1501.0,,41,58,-17
200804020MIA,RS,NOH,1544.0,,41,60,-19
200804020MIA,RS,NOH,1559.0,,43,60,-17
200804020MIA,RS,NOH,1571.0,,43,63,-20
200804020MIA,RS,NOH,1620.0,,45,63,-18
200804020MIA,RS,NOH,1655.0,,47,63,-16
200804020MIA,RS,NOH,1713.0,,47,65,-18
200804020MIA,RS,NOH,1744.0,,50,65,-15
200804020MIA,RS,NOH,1786.0,,50,67,-17
200804020MIA,RS,NOH,1829.0,,53,67,-14
200804020MIA,RS,NOH,1841.0,,53,68,-15
200804020MIA,RS,NOH,1863.0,,56,68,-12
200804020MIA,RS,NOH,1960.0,,58,68,-10
200804020MIA,RS,NOH,1995.0,,61,68,-7
200804020MIA,RS,NOH,2014.0,,61,70,-9
200804020MIA,RS,NOH,2031.0,,63,70,-7
200804020MIA,RS,NOH,2057.0,,66,70,-4
200804020MIA,RS,NOH,2075.0,,66,72,-6
200804020MIA,RS,NOH,2156.3,,66,74,-8
200804020MIA,RS,NOH,2195.0,,67,74,-7
200804020MIA,RS,NOH,2282.0,,67,75,-8
200804020MIA,RS,NOH,2282.0,,67,76,-9
200804020MIA,RS,NOH,2308.0,,67,77,-10
200804020MIA,RS,NOH,2336.0,,67,78,-11
200804020MIA,RS,NOH,2368.0,,67,80,-13
200804020MIA,RS,NOH,2396.0,,67,81,-14
200804020MIA,RS,NOH,2396.0,,67,82,-15
200804020MIA,RS,NOH,2472.0,,67,83,-16
200804020MIA,RS,NOH,2501.0,,67,86,-19
200804020MIA,RS,NOH,2520.0,,70,86,-16
200804020MIA,RS,NOH,2539.0,,70,89,-19
200804020MIA,RS,NOH,2560.0,,70,90,-20
200804020MIA,RS,NOH,2560.0,,70,91,-21
200804020MIA,RS,NOH,2595.0,,70,93,-23
200804020MIA,RS,NOH,2613.0,,72,93,-21
200804020MIA,RS,NOH,2613.0,,73,93,-20
200804020MIA,RS,NOH,2637.0,,73,95,-22
200804020MIA,RS,NOH,2757.0,,73,98,-25
200804020MIA,RS,NOH,2801.0,,73,100,-27
200804020MIA,RS,NOH,2801.0,,73,101,-28
200804020MIA,RS,NOH,2808.0,,74,101,-27
200804020MIA,RS,NOH,2826.3,,74,102,-28
200804020MIA,RS,NOH,2847.3,,74,104,-30
200804020MIA,RS,NOH,2855.8,,77,104,-27
200804020MIA,RS,NOH,2877.0,F,77,106,-29
200804020MIA,RS,NOH,2880.0,,77,106,-29
200804040WAS,RS,WAS,0.0,,0,0,0
200804040WAS,RS,WAS,63.0,,0,2,-2
200804040WAS,RS,WAS,128.0,T,2,2,0
200804040WAS,RS,WAS,149.0,,2,4,-2
200804040WAS,RS,WAS,175.0,T,4,4,0
200804040WAS,RS,WAS,200.0,,4,5,-1
200804040WAS,RS,WAS,221.0,LC,6,5,1
200804040WAS,RS,WAS,310.0,,9,5,4
200804040WAS,RS,WAS,338.0,,9,8,1
200804040WAS,RS,WAS,363.0,,11,8,3
200804040WAS,RS,WAS,382.0,,11,10,1
200804040WAS,RS,WAS,407.0,,14,10,4
200804040WAS,RS,WAS,431.0,,14,13,1
200804040WAS,RS,WAS,450.0,,17,13,4
200804040WAS,RS,WAS,476.0,,17,14,3
200804040WAS,RS,WAS,476.0,,17,15,2
200804040WAS,RS,WAS,505.0,T,17,17,0
200804040WAS,RS,WAS,557.0,,19,17,2
200804040WAS,RS,WAS,581.0,LC,19,20,-1
200804040WAS,RS,WAS,609.0,,19,22,-3
200804040WAS,RS,WAS,639.0,,19,24,-5
200804040WAS,RS,WAS,672.7,,20,24,-4
200804040WAS,RS,WAS,672.7,,21,24,-3
200804040WAS,RS,WAS,677.7,,21,25,-4
200804040WAS,RS,WAS,677.7,,21,26,-5
200804040WAS,RS,WAS,699.5,,22,26,-4
200804040WAS,RS,WAS,699.5,,23,26,-3
200804040WAS,RS,WAS,716.2,,23,29,-6
200804040WAS,RS,WAS,734.0,,23,31,-8
200804040WAS,RS,WAS,750.0,,25,31,-6
200804040WAS,RS,WAS,775.0,,25,34,-9
200804040WAS,RS,WAS,809.0,,25,36,-11
200804040WAS,RS,WAS,831.0,,28,36,-8
200804040WAS,RS,WAS,854.0,,28,38,-10
200804040WAS,RS,WAS,874.0,,30,38,-8
200804040WAS,RS,WAS,935.0,,30,40,-10
200804040WAS,RS,WAS,959.0,,31,40,-9
200804040WAS,RS,WAS,959.0,,32,40,-8
200804040WAS,RS,WAS,971.0,,32,43,-11
200804040WAS,RS,WAS,996.0,,35,43,-8
200804040WAS,RS,WAS,1037.0,,37,43,-6
200804040WAS,RS,WAS,1064.0,,37,45,-8
200804040WAS,RS,WAS,1122.0,,37,46,-9
200804040WAS,RS,WAS,1122.0,,37,47,-10
200804040WAS,RS,WAS,1149.0,,37,49,-12
200804040WAS,RS,WAS,1261.0,,37,51,-14
200804040WAS,RS,WAS,1290.0,,37,53,-16
200804040WAS,RS,WAS,1319.0,,37,55,-18
200804040WAS,RS,WAS,1341.0,,40,55,-15
200804040WAS,RS,WAS,1367.0,,40,58,-18
200804040WAS,RS,WAS,1375.0,,41,58,-17
200804040WAS,RS,WAS,1375.0,,42,58,-16
200804040WAS,RS,WAS,1404.6,,42,59,-17
200804040WAS,RS,WAS,1404.6,,42,60,-18
200804040WAS,RS,WAS,1419.2,,44,60,-16
200804040WAS,RS,WAS,1458.0,,44,62,-18
200804040WAS,RS,WAS,1510.0,,46,62,-16
200804040WAS,RS,WAS,1525.0,,46,64,-18
200804040WAS,RS,WAS,1543.0,,48,64,-16
200804040WAS,RS,WAS,1569.0,,48,66,-18
200804040WAS,RS,WAS,1588.0,,51,66,-15
200804040WAS,RS,WAS,1614.0,,51,67,-16
200804040WAS,RS,WAS,1614.0,,51,68,-17
200804040WAS,RS,WAS,1665.0,,51,70,-19
200804040WAS,RS,WAS,1691.0,,53,70,-17
200804040WAS,RS,WAS,1725.0,,56,70,-14
200804040WAS,RS,WAS,1768.0,,56,72,-16
200804040WAS,RS,WAS,1790.0,,58,72,-14
200804040WAS,RS,WAS,1824.0,,58,74,-16
200804040WAS,RS,WAS,1896.0,,58,77,-19
200804040WAS,RS,WAS,1912.0,,60,77,-17
200804040WAS,RS,WAS,1934.0,,60,80,-20
200804040WAS,RS,WAS,2005.0,,63,80,-17
200804040WAS,RS,WAS,2028.0,,63,82,-19
200804040WAS,RS,WAS,2061.0,,63,83,-20
200804040WAS,RS,WAS,2061.0,,63,84,-21
200804040WAS,RS,WAS,2080.0,,66,84,-18
200804040WAS,RS,WAS,2110.1,,69,84,-15
200804040WAS,RS,WAS,2115.9,,69,85,-16
200804040WAS,RS,WAS,2140.1,,69,88,-19
200804040WAS,RS,WAS,2159.6,,72,88,-16
200804040WAS,RS,WAS,2177.0,,75,88,-13
200804040WAS,RS,WAS,2213.0,,78,88,-10
200804040WAS,RS,WAS,2261.0,,78,90,-12
200804040WAS,RS,WAS,2283.0,,79,90,-11
200804040WAS,RS,WAS,2298.0,,79,92,-13
200804040WAS,RS,WAS,2319.0,,79,93,-14
200804040WAS,RS,WAS,2319.0,,79,94,-15
200804040WAS,RS,WAS,2326.0,,82,94,-12
200804040WAS,RS,WAS,2357.0,,85,94,-9
200804040WAS,RS,WAS,2414.0,,85,97,-12
200804040WAS,RS,WAS,2461.0,,85,98,-13
200804040WAS,RS,WAS,2461.0,,85,99,-14
200804040WAS,RS,WAS,2473.0,,88,99,-11
200804040WAS,RS,WAS,2509.0,,88,100,-12
200804040WAS,RS,WAS,2509.0,,88,101,-13
200804040WAS,RS,WAS,2580.0,,88,103,-15
200804040WAS,RS,WAS,2694.0,,91,103,-12
200804040WAS,RS,WAS,2756.0,,91,106,-15
200804040WAS,RS,WAS,2775.0,,94,106,-12
200804040WAS,RS,WAS,2790.0,,94,107,-13
200804040WAS,RS,WAS,2823.6,,94,109,-15
200804040WAS,RS,WAS,2832.7,F,95,109,-14
200804040WAS,RS,WAS,2880.0,,95,109,-14
200804060MIA,RS,DET,0.0,,0,0,0
200804060MIA,RS,DET,41.0,,2,0,2
200804060MIA,RS,DET,72.0,,4,0,4
200804060MIA,RS,DET,90.0,,4,2,2
200804060MIA,RS,DET,108.0,,6,2,4
200804060MIA,RS,DET,108.0,,7,2,5
200804060MIA,RS,DET,181.0,,9,2,7
200804060MIA,RS,DET,190.0,,9,4,5
200804060MIA,RS,DET,190.0,,9,5,4
200804060MIA,RS,DET,200.0,,11,5,6
200804060MIA,RS,DET,251.0,,11,7,4
200804060MIA,RS,DET,312.0,,11,9,2
200804060MIA,RS,DET,324.0,,13,9,4
200804060MIA,RS,DET,342.0,,13,10,3
200804060MIA,RS,DET,386.0,,13,12,1
200804060MIA,RS,DET,565.0,LC,13,14,-1
200804060MIA,RS,DET,585.0,T,14,14,0
200804060MIA,RS,DET,602.0,,14,16,-2
200804060MIA,RS,DET,643.0,,14,17,-3
200804060MIA,RS,DET,643.0,,14,18,-4
200804060MIA,RS,DET,695.0,,16,18,-2
200804060MIA,RS,DET,717.1,,16,19,-3
200804060MIA,RS,DET,835.0,,16,20,-4
200804060MIA,RS,DET,867.0,,16,22,-6
200804060MIA,RS,DET,911.0,,16,24,-8
200804060MIA,RS,DET,1017.0,,16,26,-10
200804060MIA,RS,DET,1036.0,,18,26,-8
200804060MIA,RS,DET,1072.0,,20,26,-6
200804060MIA,RS,DET,1085.0,,20,29,-9
200804060MIA,RS,DET,1147.0,,23,29,-6
200804060MIA,RS,DET,1172.0,,23,32,-9
200804060MIA,RS,DET,1192.0,,25,32,-7
200804060MIA,RS,DET,1239.0,,25,34,-9
200804060MIA,RS,DET,1291.0,,25,36,-11
200804060MIA,RS,DET,1303.0,,26,36,-10
200804060MIA,RS,DET,1303.0,,27,36,-9
200804060MIA,RS,DET,1382.8,,27,37,-10
200804060MIA,RS,DET,1382.8,,27,38,-11
200804060MIA,RS,DET,1382.8,,27,39,-12
200804060MIA,RS,DET,1464.0,,28,39,-11
200804060MIA,RS,DET,1464.0,,29,39,-10
200804060MIA,RS,DET,1549.0,,29,41,-12
200804060MIA,RS,DET,1584.0,,29,44,-15
200804060MIA,RS,DET,1603.0,,32,44,-12
200804060MIA,RS,DET,1631.0,,32,46,-14
200804060MIA,RS,DET,1661.0,,32,49,-17
200804060MIA,RS,DET,1698.0,,32,51,-19
200804060MIA,RS,DET,1775.0,,32,53,-21
200804060MIA,RS,DET,1795.0,,35,53,-18
200804060MIA,RS,DET,1812.0,,35,54,-19
200804060MIA,RS,DET,1812.0,,35,55,-20
200804060MIA,RS,DET,1831.0,,37,55,-18
200804060MIA,RS,DET,1855.0,,37,57,-20
200804060MIA,RS,DET,1876.0,,40,57,-17
200804060MIA,RS,DET,1914.0,,42,57,-15
200804060MIA,RS,DET,1931.0,,42,59,-17
200804060MIA,RS,DET,1956.0,,45,59,-14
200804060MIA,RS,DET,1980.0,,45,61,-16
200804060MIA,RS,DET,1980.0,,45,62,-17
200804060MIA,RS,DET,1998.0,,46,62,-16
200804060MIA,RS,DET,1998.0,,47,62,-15
200804060MIA,RS,DET,2035.0,,47,64,-17
200804060MIA,RS,DET,2054.0,,50,64,-14
200804060MIA,RS,DET,2080.0,,50,65,-15
200804060MIA,RS,DET,2080.0,,50,66,-16
200804060MIA,RS,DET,2094.0,,52,66,-14
200804060MIA,RS,DET,2132.4,,53,66,-13
200804060MIA,RS,DET,2132.4,,54,66,-12
200804060MIA,RS,DET,2154.8,,54,68,-14
200804060MIA,RS,DET,2194.0,,56,68,-12
200804060MIA,RS,DET,2252.0,,56,70,-14
200804060MIA,RS,DET,2267.0,,57,70,-13
200804060MIA,RS,DET,2267.0,,58,70,-12
200804060MIA,RS,DET,2372.0,,61,70,-9
200804060MIA,RS,DET,2400.0,,61,72,-11
200804060MIA,RS,DET,2425.0,,61,74,-13
200804060MIA,RS,DET,2455.0,,61,76,-15
200804060MIA,RS,DET,2475.0,,61,78,-17
200804060MIA,RS,DET,2520.0,,61,79,-18
200804060MIA,RS,DET,2520.0,,61,80,-19
200804060MIA,RS,DET,2540.0,,62,80,-18
200804060MIA,RS,DET,2557.0,,62,82,-20
200804060MIA,RS,DET,2584.0,,64,82,-18
200804060MIA,RS,DET,2625.0,,66,82,-16
200804060MIA,RS,DET,2660.0,,67,82,-15
200804060MIA,RS,DET,2660.0,,68,82,-14
200804060MIA,RS,DET,2674.0,,68,84,-16
200804060MIA,RS,DET,2708.0,,68,87,-19
200804060MIA,RS,DET,2728.0,,70,87,-17
200804060MIA,RS,DET,2752.0,,70,89,-19
200804060MIA,RS,DET,2767.0,,72,89,-17
200804060MIA,RS,DET,2767.0,,73,89,-16
200804060MIA,RS,DET,2793.0,,74,89,-15
200804060MIA,RS,DET,2793.0,,75,89,-14
200804060MIA,RS,DET,2806.0,F,75,91,-16
200804060MIA,RS,DET,2880.0,,75,91,-16
200804080MIA,RS,CHI,0.0,,0,0,0
200804080MIA,RS,CHI,42.0,,0,2,-2
200804080MIA,RS,CHI,57.0,T,2,2,0
200804080MIA,RS,CHI,91.0,LC,4,2,2
200804080MIA,RS,CHI,103.0,LC,4,5,-1
200804080MIA,RS,CHI,168.0,,4,7,-3
200804080MIA,RS,CHI,196.0,,4,9,-5
200804080MIA,RS,CHI,231.0,,4,11,-7
200804080MIA,RS,CHI,255.0,,6,11,-5
200804080MIA,RS,CHI,297.0,,8,11,-3
200804080MIA,RS,CHI,330.0,,10,11,-1
200804080MIA,RS,CHI,345.0,,10,13,-3
200804080MIA,RS,CHI,370.0,,12,13,-1
200804080MIA,RS,CHI,405.0,,12,14,-2
200804080MIA,RS,CHI,405.0,,12,15,-3
200804080MIA,RS,CHI,438.0,,12,17,-5
200804080MIA,RS,CHI,603.0,,14,17,-3
200804080MIA,RS,CHI,625.0,,14,19,-5
200804080MIA,RS,CHI,641.0,,16,19,-3
200804080MIA,RS,CHI,679.1,,16,21,-5
200804080MIA,RS,CHI,696.1,,18,21,-3
200804080MIA,RS,CHI,763.0,,19,21,-2
200804080MIA,RS,CHI,794.0,,19,23,-4
200804080MIA,RS,CHI,813.0,,20,23,-3
200804080MIA,RS,CHI,831.0,,22,23,-1
200804080MIA,RS,CHI,846.0,,22,25,-3
200804080MIA,RS,CHI,860.0,,24,25,-1
200804080MIA,RS,CHI,878.0,,24,27,-3
200804080MIA,RS,CHI,889.0,,25,27,-2
200804080MIA,RS,CHI,901.0,,25,29,-4
200804080MIA,RS,CHI,924.0,,27,29,-2
200804080MIA,RS,CHI,946.0,,28,29,-1
200804080MIA,RS,CHI,946.0,T,29,29,0
200804080MIA,RS,CHI,963.0,,29,31,-2
200804080MIA,RS,CHI,1010.0,T,31,31,0
200804080MIA,RS,CHI,1079.0,,31,33,-2
200804080MIA,RS,CHI,1128.0,,31,36,-5
200804080MIA,RS,CHI,1178.0,,32,36,-4
200804080MIA,RS,CHI,1178.0,,33,36,-3
200804080MIA,RS,CHI,1233.0,,35,36,-1
200804080MIA,RS,CHI,1273.0,,35,38,-3
200804080MIA,RS,CHI,1273.0,,35,39,-4
200804080MIA,RS,CHI,1297.0,,35,40,-5
200804080MIA,RS,CHI,1297.0,,35,41,-6
200804080MIA,RS,CHI,1320.0,,37,41,-4
200804080MIA,RS,CHI,1337.0,,37,43,-6
200804080MIA,RS,CHI,1372.0,,37,44,-7
200804080MIA,RS,CHI,1372.0,,37,45,-8
200804080MIA,RS,CHI,1395.5,,39,45,-6
200804080MIA,RS,CHI,1395.5,,40,45,-5
200804080MIA,RS,CHI,1409.1,,40,47,-7
200804080MIA,RS,CHI,1431.7,,43,47,-4
200804080MIA,RS,CHI,1436.2,,43,49,-6
200804080MIA,RS,CHI,1451.0,,43,51,-8
200804080MIA,RS,CHI,1487.0,,43,53,-10
200804080MIA,RS,CHI,1531.0,,46,53,-7
200804080MIA,RS,CHI,1578.0,,46,55,-9
200804080MIA,RS,CHI,1603.0,,48,55,-7
200804080MIA,RS,CHI,1620.0,,48,57,-9
200804080MIA,RS,CHI,1647.0,,48,58,-10
200804080MIA,RS,CHI,1647.0,,48,59,-11
200804080MIA,RS,CHI,1674.0,,50,59,-9
200804080MIA,RS,CHI,1724.0,,51,59,-8
200804080MIA,RS,CHI,1724.0,,52,59,-7
200804080MIA,RS,CHI,1759.0,,54,59,-5
200804080MIA,RS,CHI,1790.0,,57,59,-2
200804080MIA,RS,CHI,1829.0,LC,60,59,1
200804080MIA,RS,CHI,1850.0,LC,60,61,-1
200804080MIA,RS,CHI,1872.0,LC,62,61,1
200804080MIA,RS,CHI,1954.0,,63,61,2
200804080MIA,RS,CHI,1954.0,,64,61,3
200804080MIA,RS,CHI,1988.0,T,64,64,0
200804080MIA,RS,CHI,2071.0,LC,64,67,-3
200804080MIA,RS,CHI,2087.0,T,67,67,0
200804080MIA,RS,CHI,2159.5,LC,69,67,2
200804080MIA,RS,CHI,2183.0,,72,67,5
200804080MIA,RS,CHI,2195.0,,72,68,4
200804080MIA,RS,CHI,2265.0,,72,70,2
200804080MIA,RS,CHI,2287.0,,74,70,4
200804080MIA,RS,CHI,2330.0,,76,70,6
200804080MIA,RS,CHI,2347.0,,76,73,3
200804080MIA,RS,CHI,2363.0,,78,73,5
200804080MIA,RS,CHI,2383.0,,79,73,6
200804080MIA,RS,CHI,2383.0,,80,73,7
200804080MIA,RS,CHI,2456.0,,82,73,9
200804080MIA,RS,CHI,2536.0,,84,73,11
200804080MIA,RS,CHI,2549.0,,84,74,10
200804080MIA,RS,CHI,2549.0,,84,75,9
200804080MIA,RS,CHI,2571.0,,87,75,12
200804080MIA,RS,CHI,2594.0,,88,75,13
200804080MIA,RS,CHI,2604.0,,88,76,12
200804080MIA,RS,CHI,2604.0,,88,77,11
200804080MIA,RS,CHI,2611.0,,90,77,13
200804080MIA,RS,CHI,2627.0,,90,79,11
200804080MIA,RS,CHI,2653.0,,92,79,13
200804080MIA,RS,CHI,2657.0,,92,80,12
200804080MIA,RS,CHI,2657.0,,92,81,11
200804080MIA,RS,CHI,2703.0,,95,81,14
200804080MIA,RS,CHI,2757.0,,95,83,12
200804080MIA,RS,CHI,2786.0,,95,86,9
200804080MIA,RS,CHI,2869.1,F,95,88,7
200804080MIA,RS,CHI,2880.0,,95,88,7
200804110MIA,RS,MEM,0.0,,0,0,0
200804110MIA,RS,MEM,18.0,,0,2,-2
200804110MIA,RS,MEM,85.0,,0,3,-3
200804110MIA,RS,MEM,103.0,,1,3,-2
200804110MIA,RS,MEM,142.0,T,3,3,0
200804110MIA,RS,MEM,150.0,,3,5,-2
200804110MIA,RS,MEM,168.0,T,5,5,0
200804110MIA,RS,MEM,228.0,LC,7,5,2
200804110MIA,RS,MEM,295.0,LC,7,8,-1
200804110MIA,RS,MEM,310.0,LC,9,8,1
200804110MIA,RS,MEM,343.0,,11,8,3
200804110MIA,RS,MEM,356.0,,11,9,2
200804110MIA,RS,MEM,356.0,,11,10,1
200804110MIA,RS,MEM,363.0,LC,11,13,-2
200804110MIA,RS,MEM,445.0,,11,15,-4
200804110MIA,RS,MEM,529.0,,11,17,-6
200804110MIA,RS,MEM,546.0,,13,17,-4
200804110MIA,RS,MEM,557.0,,15,17,-2
200804110MIA,RS,MEM,576.0,,15,20,-5
200804110MIA,RS,MEM,598.0,,15,21,-6
200804110MIA,RS,MEM,598.0,,15,22,-7
200804110MIA,RS,MEM,617.0,,16,22,-6
200804110MIA,RS,MEM,617.0,,17,22,-5
200804110MIA,RS,MEM,638.0,,17,24,-7
200804110MIA,RS,MEM,651.0,,19,24,-5
200804110MIA,RS,MEM,661.2,,19,26,-7
200804110MIA,RS,MEM,671.7,,21,26,-5
200804110MIA,RS,MEM,681.5,,21,28,-7
200804110MIA,RS,MEM,695.5,,23,28,-5
200804110MIA,RS,MEM,718.8,,23,31,-8
200804110MIA,RS,MEM,774.0,,25,31,-6
200804110MIA,RS,MEM,791.0,,25,34,-9
200804110MIA,RS,MEM,809.0,,25,35,-10
200804110MIA,RS,MEM,830.0,,27,35,-8
200804110MIA,RS,MEM,839.0,,27,37,-10
200804110MIA,RS,MEM,855.0,,27,39,-12
200804110MIA,RS,MEM,855.0,,27,40,-13
200804110MIA,RS,MEM,882.0,,27,42,-15
200804110MIA,RS,MEM,908.0,,29,42,-13
200804110MIA,RS,MEM,931.0,,31,42,-11
200804110MIA,RS,MEM,945.0,,31,45,-14
200804110MIA,RS,MEM,969.0,,31,46,-15
200804110MIA,RS,MEM,1007.0,,31,48,-17
200804110MIA,RS,MEM,1081.0,,31,50,-19
200804110MIA,RS,MEM,1103.0,,32,50,-18
200804110MIA,RS,MEM,1103.0,,33,50,-17
200804110MIA,RS,MEM,1128.0,,36,50,-14
200804110MIA,RS,MEM,1237.0,,36,52,-16
200804110MIA,RS,MEM,1257.0,,37,52,-15
200804110MIA,RS,MEM,1269.0,,37,53,-16
200804110MIA,RS,MEM,1269.0,,37,54,-17
200804110MIA,RS,MEM,1320.0,,40,54,-14
200804110MIA,RS,MEM,1342.0,,40,56,-16
200804110MIA,RS,MEM,1380.0,,40,58,-18
200804110MIA,RS,MEM,1438.3,,43,58,-15
200804110MIA,RS,MEM,1453.0,,46,58,-12
200804110MIA,RS,MEM,1485.0,,47,58,-11
200804110MIA,RS,MEM,1485.0,,48,58,-10
200804110MIA,RS,MEM,1542.0,,48,60,-12
200804110MIA,RS,MEM,1560.0,,50,60,-10
200804110MIA,RS,MEM,1560.0,,51,60,-9
200804110MIA,RS,MEM,1598.0,,53,60,-7
200804110MIA,RS,MEM,1639.0,,53,62,-9
200804110MIA,RS,MEM,1676.0,,53,64,-11
200804110MIA,RS,MEM,1676.0,,53,65,-12
200804110MIA,RS,MEM,1728.0,,54,65,-11
200804110MIA,RS,MEM,1728.0,,55,65,-10
200804110MIA,RS,MEM,1761.0,,57,65,-8
200804110MIA,RS,MEM,1822.0,,60,65,-5
200804110MIA,RS,MEM,1886.0,,60,67,-7
200804110MIA,RS,MEM,1938.0,,60,69,-9
200804110MIA,RS,MEM,1962.0,,62,69,-7
200804110MIA,RS,MEM,1983.0,,62,72,-10
200804110MIA,RS,MEM,2068.0,,65,72,-7
200804110MIA,RS,MEM,2096.0,,65,73,-8
200804110MIA,RS,MEM,2096.0,,65,74,-9
200804110MIA,RS,MEM,2117.8,,66,74,-8
200804110MIA,RS,MEM,2117.8,,67,74,-7
200804110MIA,RS,MEM,2138.2,,68,74,-6
200804110MIA,RS,MEM,2138.2,,69,74,-5
200804110MIA,RS,MEM,2174.0,,69,75,-6
200804110MIA,RS,MEM,2174.0,,69,76,-7
200804110MIA,RS,MEM,2223.0,,69,78,-9
200804110MIA,RS,MEM,2324.0,,69,79,-10
200804110MIA,RS,MEM,2330.0,,69,80,-11
200804110MIA,RS,MEM,2330.0,,69,81,-12
200804110MIA,RS,MEM,2349.0,,69,83,-14
200804110MIA,RS,MEM,2369.0,,71,83,-12
200804110MIA,RS,MEM,2383.0,,73,83,-10
200804110MIA,RS,MEM,2424.0,,73,84,-11
200804110MIA,RS,MEM,2424.0,,73,85,-12
200804110MIA,RS,MEM,2483.0,,75,85,-10
200804110MIA,RS,MEM,2500.0,,75,88,-13
200804110MIA,RS,MEM,2554.0,,78,88,-10
200804110MIA,RS,MEM,2602.0,,81,88,-7
200804110MIA,RS,MEM,2623.0,,81,90,-9
200804110MIA,RS,MEM,2643.0,,84,90,-6
200804110MIA,RS,MEM,2651.0,,84,91,-7
200804110MIA,RS,MEM,2667.0,,86,91,-5
200804110MIA,RS,MEM,2682.0,,86,92,-6
200804110MIA,RS,MEM,2735.0,,88,92,-4
200804110MIA,RS,MEM,2752.0,,88,94,-6
200804110MIA,RS,MEM,2768.0,,91,94,-3
200804110MIA,RS,MEM,2821.0,F,91,96,-5
200804110MIA,RS,MEM,2880.0,,91,96,-5
200804130CLE,RS,CLE,0.0,,0,0,0
200804130CLE,RS,CLE,94.0,,0,3,-3
200804130CLE,RS,CLE,143.0,,0,5,-5
200804130CLE,RS,CLE,172.0,,3,5,-2
200804130CLE,RS,CLE,208.0,,3,7,-4
200804130CLE,RS,CLE,225.0,,5,7,-2
200804130CLE,RS,CLE,264.0,T,7,7,0
200804130CLE,RS,CLE,334.0,,7,9,-2
200804130CLE,RS,CLE,334.0,,7,10,-3
200804130CLE,RS,CLE,352.0,T,10,10,0
200804130CLE,RS,CLE,439.0,,10,13,-3
200804130CLE,RS,CLE,465.0,,10,14,-4
200804130CLE,RS,CLE,465.0,,10,15,-5
200804130CLE,RS,CLE,482.0,,12,15,-3
200804130CLE,RS,CLE,525.0,,12,17,-5
200804130CLE,RS,CLE,542.0,,13,17,-4
200804130CLE,RS,CLE,542.0,,14,17,-3
200804130CLE,RS,CLE,581.0,,14,19,-5
200804130CLE,RS,CLE,600.0,,15,19,-4
200804130CLE,RS,CLE,600.0,,16,19,-3
200804130CLE,RS,CLE,630.0,T,19,19,0
200804130CLE,RS,CLE,716.1,LC,21,19,2
200804130CLE,RS,CLE,785.0,T,21,21,0
200804130CLE,RS,CLE,865.0,,22,21,1
200804130CLE,RS,CLE,879.0,LC,22,23,-1
200804130CLE,RS,CLE,879.0,,22,24,-2
200804130CLE,RS,CLE,938.0,T,24,24,0
200804130CLE,RS,CLE,970.0,LC,26,24,2
200804130CLE,RS,CLE,1000.0,LC,26,27,-1
200804130CLE,RS,CLE,1076.0,LC,28,27,1
200804130CLE,RS,CLE,1102.0,LC,28,29,-1
200804130CLE,RS,CLE,1140.0,,28,32,-4
200804130CLE,RS,CLE,1161.0,,28,34,-6
200804130CLE,RS,CLE,1185.0,,28,35,-7
200804130CLE,RS,CLE,1213.0,,30,35,-5
200804130CLE,RS,CLE,1256.0,,33,35,-2
200804130CLE,RS,CLE,1282.0,,33,36,-3
200804130CLE,RS,CLE,1282.0,,33,37,-4
200804130CLE,RS,CLE,1310.0,,33,38,-5
200804130CLE,RS,CLE,1352.0,,33,40,-7
200804130CLE,RS,CLE,1397.4,,34,40,-6
200804130CLE,RS,CLE,1408.2,,36,40,-4
200804130CLE,RS,CLE,1435.6,,37,40,-3
200804130CLE,RS,CLE,1435.6,,38,40,-2
200804130CLE,RS,CLE,1458.0,,39,40,-1
200804130CLE,RS,CLE,1458.0,T,40,40,0
200804130CLE,RS,CLE,1478.0,,40,43,-3
200804130CLE,RS,CLE,1492.0,,42,43,-1
200804130CLE,RS,CLE,1556.0,LC,45,43,2
200804130CLE,RS,CLE,1674.0,,45,44,1
200804130CLE,RS,CLE,1674.0,T,45,45,0
200804130CLE,RS,CLE,1737.0,,47,45,2
200804130CLE,RS,CLE,1759.0,T,47,47,0
200804130CLE,RS,CLE,1775.0,,50,47,3
200804130CLE,RS,CLE,1790.0,,50,49,1
200804130CLE,RS,CLE,1851.0,LC,50,51,-1
200804130CLE,RS,CLE,1875.0,LC,52,51,1
200804130CLE,RS,CLE,1909.0,,53,51,2
200804130CLE,RS,CLE,1930.0,T,53,53,0
200804130CLE,RS,CLE,1949.0,,55,53,2
200804130CLE,RS,CLE,2059.0,,56,53,3
200804130CLE,RS,CLE,2059.0,,57,53,4
200804130CLE,RS,CLE,2098.0,,57,55,2
200804130CLE,RS,CLE,2125.7,T,57,57,0
200804130CLE,RS,CLE,2149.5,,59,57,2
200804130CLE,RS,CLE,2226.0,,60,57,3
200804130CLE,RS,CLE,2248.0,,60,59,1
200804130CLE,RS,CLE,2333.0,LC,60,62,-2
200804130CLE,RS,CLE,2361.0,,60,63,-3
200804130CLE,RS,CLE,2361.0,,60,64,-4
200804130CLE,RS,CLE,2361.0,,60,65,-5
200804130CLE,RS,CLE,2385.0,,60,67,-7
200804130CLE,RS,CLE,2398.0,,61,67,-6
200804130CLE,RS,CLE,2445.0,,61,69,-8
200804130CLE,RS,CLE,2463.0,,63,69,-6
200804130CLE,RS,CLE,2520.0,,63,71,-8
200804130CLE,RS,CLE,2582.0,,63,72,-9
200804130CLE,RS,CLE,2582.0,,63,73,-10
200804130CLE,RS,CLE,2604.0,,63,74,-11
200804130CLE,RS,CLE,2604.0,,63,75,-12
200804130CLE,RS,CLE,2622.0,,65,75,-10
200804130CLE,RS,CLE,2644.0,,65,76,-11
200804130CLE,RS,CLE,2696.0,,67,76,-9
200804130CLE,RS,CLE,2723.0,,70,76,-6
200804130CLE,RS,CLE,2744.0,,70,78,-8
200804130CLE,RS,CLE,2779.0,,72,78,-6
200804130CLE,RS,CLE,2815.0,,73,78,-5
200804130CLE,RS,CLE,2838.3,,73,80,-7
200804130CLE,RS,CLE,2857.8,,73,81,-8
200804130CLE,RS,CLE,2857.8,,73,82,-9
200804130CLE,RS,CLE,2864.1,,76,82,-6
200804130CLE,RS,CLE,2865.6,,76,83,-7
200804130CLE,RS,CLE,2865.6,F,76,84,-8
200804130CLE,RS,CLE,2880.0,,76,84,-8
200804140TOR,RS,TOR,0.0,,0,0,0
200804140TOR,RS,TOR,18.0,,0,2,-2
200804140TOR,RS,TOR,35.0,T,2,2,0
200804140TOR,RS,TOR,56.0,LC,4,2,2
200804140TOR,RS,TOR,104.0,,7,2,5
200804140TOR,RS,TOR,121.0,,7,4,3
200804140TOR,RS,TOR,165.0,,10,4,6
200804140TOR,RS,TOR,213.0,,10,5,5
200804140TOR,RS,TOR,213.0,,10,6,4
200804140TOR,RS,TOR,241.0,,10,8,2
200804140TOR,RS,TOR,278.0,T,10,10,0
200804140TOR,RS,TOR,305.0,LC,10,12,-2
200804140TOR,RS,TOR,355.0,LC,13,12,1
200804140TOR,RS,TOR,369.0,LC,13,14,-1
200804140TOR,RS,TOR,396.0,LC,16,14,2
200804140TOR,RS,TOR,419.0,,19,14,5
200804140TOR,RS,TOR,439.0,,19,16,3
200804140TOR,RS,TOR,462.0,,19,18,1
200804140TOR,RS,TOR,487.0,,21,18,3
200804140TOR,RS,TOR,501.0,,21,19,2
200804140TOR,RS,TOR,548.0,,21,20,1
200804140TOR,RS,TOR,583.0,T,21,21,0
200804140TOR,RS,TOR,583.0,LC,21,22,-1
200804140TOR,RS,TOR,594.0,T,22,22,0
200804140TOR,RS,TOR,594.0,LC,23,22,1
200804140TOR,RS,TOR,662.7,LC,23,25,-2
200804140TOR,RS,TOR,681.9,T,25,25,0
200804140TOR,RS,TOR,714.9,LC,27,25,2
200804140TOR,RS,TOR,714.9,,28,25,3
200804140TOR,RS,TOR,743.0,,30,25,5
200804140TOR,RS,TOR,757.0,,30,28,2
200804140TOR,RS,TOR,777.0,,32,28,4
200804140TOR,RS,TOR,868.0,,34,28,6
200804140TOR,RS,TOR,882.0,,34,30,4
200804140TOR,RS,TOR,951.0,,34,32,2
200804140TOR,RS,TOR,995.0,,36,32,4
200804140TOR,RS,TOR,1040.0,,38,32,6
200804140TOR,RS,TOR,1078.0,,38,34,4
200804140TOR,RS,TOR,1147.0,,38,36,2
200804140TOR,RS,TOR,1183.0,,40,36,4
200804140TOR,RS,TOR,1212.0,,40,38,2
200804140TOR,RS,TOR,1234.0,,43,38,5
200804140TOR,RS,TOR,1264.0,,43,39,4
200804140TOR,RS,TOR,1264.0,,43,40,3
200804140TOR,RS,TOR,1279.0,,44,40,4
200804140TOR,RS,TOR,1279.0,,45,40,5
200804140TOR,RS,TOR,1322.0,,47,40,7
200804140TOR,RS,TOR,1353.0,,47,43,4
200804140TOR,RS,TOR,1466.0,,49,43,6
200804140TOR,RS,TOR,1486.0,,51,43,8
200804140TOR,RS,TOR,1507.0,,51,46,5
200804140TOR,RS,TOR,1569.0,,51,48,3
200804140TOR,RS,TOR,1643.0,,53,48,5
200804140TOR,RS,TOR,1669.0,,53,51,2
200804140TOR,RS,TOR,1726.0,T,53,53,0
200804140TOR,RS,TOR,1750.0,,55,53,2
200804140TOR,RS,TOR,1779.0,T,55,55,0
200804140TOR,RS,TOR,1793.0,,57,55,2
200804140TOR,RS,TOR,1841.0,T,57,57,0
200804140TOR,RS,TOR,1867.0,,59,57,2
200804140TOR,RS,TOR,1893.0,LC,59,60,-1
200804140TOR,RS,TOR,1922.0,,59,61,-2
200804140TOR,RS,TOR,1922.0,,59,62,-3
200804140TOR,RS,TOR,1949.0,T,62,62,0
200804140TOR,RS,TOR,1976.0,,62,64,-2
200804140TOR,RS,TOR,2026.0,T,64,64,0
200804140TOR,RS,TOR,2039.0,,64,65,-1
200804140TOR,RS,TOR,2039.0,,64,66,-2
200804140TOR,RS,TOR,2061.0,,64,68,-4
200804140TOR,RS,TOR,2061.0,,64,69,-5
200804140TOR,RS,TOR,2078.0,,64,70,-6
200804140TOR,RS,TOR,2182.0,,64,72,-8
200804140TOR,RS,TOR,2301.0,,64,74,-10
200804140TOR,RS,TOR,2345.0,,66,74,-8
200804140TOR,RS,TOR,2391.0,,69,74,-5
200804140TOR,RS,TOR,2448.0,,69,76,-7
200804140TOR,RS,TOR,2485.0,,69,79,-10
200804140TOR,RS,TOR,2509.0,,69,81,-12
200804140TOR,RS,TOR,2567.0,,69,83,-14
200804140TOR,RS,TOR,2646.0,,69,85,-16
200804140TOR,RS,TOR,2723.0,,71,85,-14
200804140TOR,RS,TOR,2736.0,,71,87,-16
200804140TOR,RS,TOR,2779.0,,71,89,-18
200804140TOR,RS,TOR,2798.0,,74,89,-15
200804140TOR,RS,TOR,2832.2,,75,89,-14
200804140TOR,RS,TOR,2862.3,F,75,91,-16
200804140TOR,RS,TOR,2880.0,,75,91,-16
200804160MIA,RS,ATL,0.0,,0,0,0
200804160MIA,RS,ATL,6.0,,0,2,-2
200804160MIA,RS,ATL,31.0,T,2,2,0
200804160MIA,RS,ATL,71.0,,2,5,-3
200804160MIA,RS,ATL,94.0,,4,5,-1
200804160MIA,RS,ATL,121.0,,4,7,-3
200804160MIA,RS,ATL,137.0,,6,7,-1
200804160MIA,RS,ATL,147.0,,6,9,-3
200804160MIA,RS,ATL,175.0,,6,10,-4
200804160MIA,RS,ATL,175.0,,6,11,-5
200804160MIA,RS,ATL,226.0,,8,11,-3
200804160MIA,RS,ATL,250.0,,8,13,-5
200804160MIA,RS,ATL,277.0,,8,16,-8
200804160MIA,RS,ATL,294.0,,11,16,-5
200804160MIA,RS,ATL,338.0,,11,18,-7
200804160MIA,RS,ATL,387.0,,14,18,-4
200804160MIA,RS,ATL,418.0,,16,18,-2
200804160MIA,RS,ATL,473.0,,16,20,-4
200804160MIA,RS,ATL,497.0,,16,21,-5
200804160MIA,RS,ATL,497.0,,16,22,-6
200804160MIA,RS,ATL,534.0,,16,24,-8
200804160MIA,RS,ATL,602.0,,19,24,-5
200804160MIA,RS,ATL,625.0,,19,26,-7
200804160MIA,RS,ATL,649.0,,21,26,-5
200804160MIA,RS,ATL,658.0,,21,28,-7
200804160MIA,RS,ATL,670.0,,22,28,-6
200804160MIA,RS,ATL,678.6,,22,30,-8
200804160MIA,RS,ATL,719.9,,24,30,-6
200804160MIA,RS,ATL,737.0,,26,30,-4
200804160MIA,RS,ATL,759.0,,26,32,-6
200804160MIA,RS,ATL,778.0,,28,32,-4
200804160MIA,RS,ATL,805.0,,30,32,-2
200804160MIA,RS,ATL,824.0,,30,34,-4
200804160MIA,RS,ATL,842.0,,30,36,-6
200804160MIA,RS,ATL,865.0,,32,36,-4
200804160MIA,RS,ATL,906.0,,32,38,-6
200804160MIA,RS,ATL,906.0,,32,39,-7
200804160MIA,RS,ATL,986.0,,34,39,-5
200804160MIA,RS,ATL,1021.0,,36,39,-3
200804160MIA,RS,ATL,1038.0,,36,41,-5
200804160MIA,RS,ATL,1038.0,,36,42,-6
200804160MIA,RS,ATL,1066.0,,38,42,-4
200804160MIA,RS,ATL,1085.0,,38,44,-6
200804160MIA,RS,ATL,1093.0,,41,44,-3
200804160MIA,RS,ATL,1113.0,,41,46,-5
200804160MIA,RS,ATL,1135.0,,44,46,-2
200804160MIA,RS,ATL,1162.0,,44,48,-4
200804160MIA,RS,ATL,1210.0,,45,48,-3
200804160MIA,RS,ATL,1210.0,,46,48,-2
200804160MIA,RS,ATL,1224.0,,46,50,-4
200804160MIA,RS,ATL,1242.0,,48,50,-2
200804160MIA,RS,ATL,1274.0,T,50,50,0
200804160MIA,RS,ATL,1288.0,,50,51,-1
200804160MIA,RS,ATL,1288.0,,50,52,-2
200804160MIA,RS,ATL,1304.0,T,52,52,0
200804160MIA,RS,ATL,1318.0,,52,54,-2
200804160MIA,RS,ATL,1360.0,,52,55,-3
200804160MIA,RS,ATL,1372.0,T,55,55,0
200804160MIA,RS,ATL,1383.4,,55,57,-2
200804160MIA,RS,ATL,1435.9,,55,59,-4
200804160MIA,RS,ATL,1438.3,,55,61,-6
200804160MIA,RS,ATL,1497.0,,58,61,-3
200804160MIA,RS,ATL,1522.0,,58,63,-5
200804160MIA,RS,ATL,1565.0,,60,63,-3
200804160MIA,RS,ATL,1621.0,T,63,63,0
200804160MIA,RS,ATL,1694.0,LC,66,63,3
200804160MIA,RS,ATL,1713.0,,66,65,1
200804160MIA,RS,ATL,1745.0,,68,65,3
200804160MIA,RS,ATL,1764.0,,68,67,1
200804160MIA,RS,ATL,1792.0,T,68,68,0
200804160MIA,RS,ATL,1792.0,LC,68,69,-1
200804160MIA,RS,ATL,1816.0,LC,71,69,2
200804160MIA,RS,ATL,1836.0,,73,69,4
200804160MIA,RS,ATL,1890.0,,75,69,6
200804160MIA,RS,ATL,1910.0,,75,71,4
200804160MIA,RS,ATL,1924.0,,76,71,5
200804160MIA,RS,ATL,1942.0,,77,71,6
200804160MIA,RS,ATL,1942.0,,78,71,7
200804160MIA,RS,ATL,1951.0,,78,72,6
200804160MIA,RS,ATL,1951.0,,78,73,5
200804160MIA,RS,ATL,1968.0,,80,73,7
200804160MIA,RS,ATL,2020.0,,80,74,6
200804160MIA,RS,ATL,2020.0,,80,75,5
200804160MIA,RS,ATL,2035.0,,82,75,7
200804160MIA,RS,ATL,2072.0,,82,77,5
200804160MIA,RS,ATL,2072.0,,82,78,4
200804160MIA,RS,ATL,2077.0,,83,78,5
200804160MIA,RS,ATL,2077.0,,84,78,6
200804160MIA,RS,ATL,2094.0,,84,80,4
200804160MIA,RS,ATL,2104.5,,86,80,6
200804160MIA,RS,ATL,2104.5,,87,80,7
200804160MIA,RS,ATL,2114.9,,87,81,6
200804160MIA,RS,ATL,2133.4,,89,81,8
200804160MIA,RS,ATL,2155.6,,89,82,7
200804160MIA,RS,ATL,2155.6,,89,83,6
200804160MIA,RS,ATL,2174.0,,89,85,4
200804160MIA,RS,ATL,2189.0,,90,85,5
200804160MIA,RS,ATL,2189.0,,91,85,6
200804160MIA,RS,ATL,2291.0,,91,87,4
200804160MIA,RS,ATL,2365.0,,93,87,6
200804160MIA,RS,ATL,2383.0,,93,89,4
200804160MIA,RS,ATL,2423.0,,93,91,2
200804160MIA,RS,ATL,2438.0,,95,91,4
200804160MIA,RS,ATL,2465.0,,98,91,7
200804160MIA,RS,ATL,2485.0,,98,92,6
200804160MIA,RS,ATL,2502.0,,100,92,8
200804160MIA,RS,ATL,2516.0,,100,94,6
200804160MIA,RS,ATL,2555.0,,103,94,9
200804160MIA,RS,ATL,2597.0,,106,94,12
200804160MIA,RS,ATL,2700.0,,108,94,14
200804160MIA,RS,ATL,2737.0,,110,94,16
200804160MIA,RS,ATL,2808.0,,110,97,13
200804160MIA,RS,ATL,2853.4,,113,97,16
200804160MIA,RS,ATL,2861.4,,113,98,15
200804160MIA,RS,ATL,2861.4,F,113,99,14
200804160MIA,RS,ATL,2880.0,,113,99,14
