id,type,opponent,elapsedTime,event,teamScore,opponentScore,pointDifference
200710310IND,RS,IND,0.0,,0,0,0
200710310IND,RS,IND,47.0,,2,0,2
200710310IND,RS,IND,72.0,,4,0,4
200710310IND,RS,IND,120.0,,5,0,5
200710310IND,RS,IND,120.0,,6,0,6
200710310IND,RS,IND,126.0,,6,1,5
200710310IND,RS,IND,170.0,,6,3,3
200710310IND,RS,IND,209.0,,6,5,1
200710310IND,RS,IND,254.0,LC,6,7,-1
200710310IND,RS,IND,278.0,LC,8,7,1
200710310IND,RS,IND,319.0,LC,8,10,-2
200710310IND,RS,IND,343.0,,8,13,-5
200710310IND,RS,IND,357.0,,10,13,-3
200710310IND,RS,IND,413.0,,10,15,-5
200710310IND,RS,IND,427.0,,12,15,-3
200710310IND,RS,IND,443.0,,14,15,-1
200710310IND,RS,IND,482.0,,14,16,-2
200710310IND,RS,IND,482.0,,14,17,-3
200710310IND,RS,IND,560.0,,14,20,-6
200710310IND,RS,IND,581.0,,16,20,-4
200710310IND,RS,IND,599.0,,16,22,-6
200710310IND,RS,IND,627.0,,17,22,-5
200710310IND,RS,IND,645.0,,19,22,-3
200710310IND,RS,IND,645.0,,20,22,-2
200710310IND,RS,IND,658.0,,20,23,-3
200710310IND,RS,IND,658.0,,20,24,-4
200710310IND,RS,IND,674.1,,21,24,-3
200710310IND,RS,IND,674.1,,22,24,-2
200710310IND,RS,IND,688.5,,22,26,-4
200710310IND,RS,IND,709.5,,22,27,-5
200710310IND,RS,IND,709.5,,22,28,-6
200710310IND,RS,IND,719.3,,23,28,-5
200710310IND,RS,IND,783.0,,25,28,-3
200710310IND,RS,IND,783.0,,26,28,-2
200710310IND,RS,IND,812.0,T,28,28,0
200710310IND,RS,IND,831.0,LC,30,28,2
200710310IND,RS,IND,864.0,,32,28,4
200710310IND,RS,IND,913.0,,32,30,2
200710310IND,RS,IND,928.0,,34,30,4
200710310IND,RS,IND,938.0,,34,31,3
200710310IND,RS,IND,938.0,,34,32,2
200710310IND,RS,IND,970.0,,34,33,1
200710310IND,RS,IND,970.0,T,34,34,0
200710310IND,RS,IND,1019.0,LC,34,36,-2
200710310IND,RS,IND,1085.0,,35,36,-1
200710310IND,RS,IND,1085.0,T,36,36,0
200710310IND,RS,IND,1099.0,,36,38,-2
200710310IND,RS,IND,1144.0,,37,38,-1
200710310IND,RS,IND,1184.0,LC,40,38,2
200710310IND,RS,IND,1248.0,T,40,40,0
200710310IND,RS,IND,1281.0,,42,40,2
200710310IND,RS,IND,1304.0,T,42,42,0
200710310IND,RS,IND,1323.0,,43,42,1
200710310IND,RS,IND,1376.0,T,43,43,0
200710310IND,RS,IND,1398.2,LC,43,46,-3
200710310IND,RS,IND,1412.1,,45,46,-1
200710310IND,RS,IND,1433.4,,45,48,-3
200710310IND,RS,IND,1452.0,,46,48,-2
200710310IND,RS,IND,1452.0,,47,48,-1
200710310IND,RS,IND,1470.0,T,48,48,0
200710310IND,RS,IND,1484.0,LC,50,48,2
200710310IND,RS,IND,1522.0,,52,48,4
200710310IND,RS,IND,1534.0,,52,50,2
200710310IND,RS,IND,1554.0,,54,50,4
200710310IND,RS,IND,1597.0,,55,50,5
200710310IND,RS,IND,1597.0,,56,50,6
200710310IND,RS,IND,1612.0,,58,50,8
200710310IND,RS,IND,1644.0,,58,52,6
200710310IND,RS,IND,1705.0,,58,54,4
200710310IND,RS,IND,1705.0,,58,55,3
200710310IND,RS,IND,1722.0,T,58,58,0
200710310IND,RS,IND,1775.0,,60,58,2
200710310IND,RS,IND,1775.0,,61,58,3
200710310IND,RS,IND,1865.0,,63,58,5
200710310IND,RS,IND,1884.0,,63,60,3
200710310IND,RS,IND,1941.0,,63,61,2
200710310IND,RS,IND,1941.0,,63,62,1
200710310IND,RS,IND,1974.0,LC,63,65,-2
200710310IND,RS,IND,1988.0,T,65,65,0
200710310IND,RS,IND,1988.0,LC,66,65,1
200710310IND,RS,IND,2027.0,,68,65,3
200710310IND,RS,IND,2048.0,,68,66,2
200710310IND,RS,IND,2115.3,,68,67,1
200710310IND,RS,IND,2115.3,T,68,68,0
200710310IND,RS,IND,2124.1,,70,68,2
200710310IND,RS,IND,2131.5,T,70,70,0
200710310IND,RS,IND,2219.0,,73,70,3
200710310IND,RS,IND,2247.0,,73,72,1
200710310IND,RS,IND,2271.0,LC,73,74,-1
200710310IND,RS,IND,2292.0,LC,75,74,1
200710310IND,RS,IND,2355.0,T,75,75,0
200710310IND,RS,IND,2355.0,LC,75,76,-1
200710310IND,RS,IND,2383.0,LC,77,76,1
200710310IND,RS,IND,2394.0,LC,77,78,-1
200710310IND,RS,IND,2406.0,LC,79,78,1
200710310IND,RS,IND,2443.0,,80,78,2
200710310IND,RS,IND,2458.0,LC,80,81,-1
200710310IND,RS,IND,2473.0,LC,83,81,2
200710310IND,RS,IND,2499.0,LC,83,84,-1
200710310IND,RS,IND,2515.0,T,84,84,0
200710310IND,RS,IND,2515.0,LC,85,84,1
200710310IND,RS,IND,2529.0,LC,85,86,-1
200710310IND,RS,IND,2529.0,,85,87,-2
200710310IND,RS,IND,2542.0,T,87,87,0
200710310IND,RS,IND,2556.0,,87,89,-2
200710310IND,RS,IND,2570.0,,88,89,-1
200710310IND,RS,IND,2600.0,T,89,89,0
200710310IND,RS,IND,2600.0,LC,90,89,1
200710310IND,RS,IND,2611.0,LC,90,92,-2
200710310IND,RS,IND,2635.0,,90,94,-4
200710310IND,RS,IND,2657.0,,93,94,-1
200710310IND,RS,IND,2701.0,,93,96,-3
200710310IND,RS,IND,2715.0,,94,96,-2
200710310IND,RS,IND,2738.0,T,96,96,0
200710310IND,RS,IND,2747.0,,96,97,-1
200710310IND,RS,IND,2747.0,,96,98,-2
200710310IND,RS,IND,2810.0,,96,101,-5
200710310IND,RS,IND,2824.7,,99,101,-2
200710310IND,RS,IND,2871.1,,100,101,-1
200710310IND,RS,IND,2873.2,,100,102,-2
200710310IND,RS,IND,2873.2,,100,103,-3
200710310IND,RS,IND,2880.0,T,103,103,0
200710310IND,RS,IND,2883.0,LC,104,103,1
200710310IND,RS,IND,2883.0,,105,103,2
200710310IND,RS,IND,2914.0,LC,105,106,-1
200710310IND,RS,IND,2949.0,T,106,106,0
200710310IND,RS,IND,2961.0,,106,108,-2
200710310IND,RS,IND,3018.0,,106,111,-5
200710310IND,RS,IND,3083.0,,107,111,-4
200710310IND,RS,IND,3083.0,,108,111,-3
200710310IND,RS,IND,3098.0,,108,112,-4
200710310IND,RS,IND,3098.0,,108,113,-5
200710310IND,RS,IND,3137.2,,108,116,-8
200710310IND,RS,IND,3148.1,,108,117,-9
200710310IND,RS,IND,3148.1,,108,118,-10
200710310IND,RS,IND,3160.2,,108,119,-11
200710310IND,RS,IND,3170.9,F,110,119,-9
200710310IND,RS,IND,3180.0,,110,119,-9
200711020BOS,RS,BOS,0.0,,0,0,0
200711020BOS,RS,BOS,107.0,,0,1,-1
200711020BOS,RS,BOS,107.0,,0,2,-2
200711020BOS,RS,BOS,170.0,,0,4,-4
200711020BOS,RS,BOS,186.0,,1,4,-3
200711020BOS,RS,BOS,209.0,,1,6,-5
200711020BOS,RS,BOS,228.0,,3,6,-3
200711020BOS,RS,BOS,253.0,,3,8,-5
200711020BOS,RS,BOS,269.0,,5,8,-3
200711020BOS,RS,BOS,320.0,,7,8,-1
200711020BOS,RS,BOS,354.0,LC,9,8,1
200711020BOS,RS,BOS,456.0,LC,9,10,-1
200711020BOS,RS,BOS,477.0,LC,11,10,1
200711020BOS,RS,BOS,521.0,LC,11,12,-1
200711020BOS,RS,BOS,539.0,T,12,12,0
200711020BOS,RS,BOS,550.0,LC,14,12,2
200711020BOS,RS,BOS,579.0,,16,12,4
200711020BOS,RS,BOS,597.0,,16,14,2
200711020BOS,RS,BOS,626.0,T,16,16,0
200711020BOS,RS,BOS,646.0,,18,16,2
200711020BOS,RS,BOS,664.0,LC,18,19,-1
200711020BOS,RS,BOS,696.8,,18,21,-3
200711020BOS,RS,BOS,735.0,,18,24,-6
200711020BOS,RS,BOS,753.0,,19,24,-5
200711020BOS,RS,BOS,753.0,,20,24,-4
200711020BOS,RS,BOS,786.0,,22,24,-2
200711020BOS,RS,BOS,800.0,,22,26,-4
200711020BOS,RS,BOS,800.0,,22,27,-5
200711020BOS,RS,BOS,810.0,,23,27,-4
200711020BOS,RS,BOS,810.0,,24,27,-3
200711020BOS,RS,BOS,819.0,,24,29,-5
200711020BOS,RS,BOS,852.0,,24,32,-8
200711020BOS,RS,BOS,899.0,,24,35,-11
200711020BOS,RS,BOS,921.0,,24,36,-12
200711020BOS,RS,BOS,981.0,,26,36,-10
200711020BOS,RS,BOS,1039.0,,26,38,-12
200711020BOS,RS,BOS,1066.0,,26,39,-13
200711020BOS,RS,BOS,1071.0,,26,41,-15
200711020BOS,RS,BOS,1099.0,,26,43,-17
200711020BOS,RS,BOS,1142.0,,28,43,-15
200711020BOS,RS,BOS,1163.0,,28,45,-17
200711020BOS,RS,BOS,1179.0,,29,45,-16
200711020BOS,RS,BOS,1179.0,,30,45,-15
200711020BOS,RS,BOS,1211.0,,30,48,-18
200711020BOS,RS,BOS,1229.0,,32,48,-16
200711020BOS,RS,BOS,1247.0,,32,50,-18
200711020BOS,RS,BOS,1265.0,,34,50,-16
200711020BOS,RS,BOS,1317.0,,34,52,-18
200711020BOS,RS,BOS,1359.0,,34,54,-20
200711020BOS,RS,BOS,1405.7,,34,55,-21
200711020BOS,RS,BOS,1405.7,,34,56,-22
200711020BOS,RS,BOS,1418.1,,36,56,-20
200711020BOS,RS,BOS,1436.6,,36,58,-22
200711020BOS,RS,BOS,1501.0,,36,61,-25
200711020BOS,RS,BOS,1556.0,,36,62,-26
200711020BOS,RS,BOS,1588.0,,36,63,-27
200711020BOS,RS,BOS,1601.0,,38,63,-25
200711020BOS,RS,BOS,1643.0,,40,63,-23
200711020BOS,RS,BOS,1678.0,,42,63,-21
200711020BOS,RS,BOS,1711.0,,42,65,-23
200711020BOS,RS,BOS,1744.0,,42,67,-25
200711020BOS,RS,BOS,1776.0,,42,69,-27
200711020BOS,RS,BOS,1804.0,,44,69,-25
200711020BOS,RS,BOS,1824.0,,44,71,-27
200711020BOS,RS,BOS,1836.0,,46,71,-25
200711020BOS,RS,BOS,1836.0,,47,71,-24
200711020BOS,RS,BOS,1870.0,,48,71,-23
200711020BOS,RS,BOS,1870.0,,49,71,-22
200711020BOS,RS,BOS,1917.0,,49,72,-23
200711020BOS,RS,BOS,1930.0,,51,72,-21
200711020BOS,RS,BOS,1974.0,,51,73,-22
200711020BOS,RS,BOS,1974.0,,51,74,-23
200711020BOS,RS,BOS,1991.0,,52,74,-22
200711020BOS,RS,BOS,1991.0,,53,74,-21
200711020BOS,RS,BOS,2010.0,,53,76,-23
200711020BOS,RS,BOS,2024.0,,54,76,-22
200711020BOS,RS,BOS,2052.0,,54,78,-24
200711020BOS,RS,BOS,2147.0,,55,78,-23
200711020BOS,RS,BOS,2155.1,,55,79,-24
200711020BOS,RS,BOS,2157.2,,56,79,-23
200711020BOS,RS,BOS,2157.2,,57,79,-22
200711020BOS,RS,BOS,2171.0,,59,79,-20
200711020BOS,RS,BOS,2195.0,,61,79,-18
200711020BOS,RS,BOS,2240.0,,62,79,-17
200711020BOS,RS,BOS,2240.0,,63,79,-16
200711020BOS,RS,BOS,2258.0,,63,81,-18
200711020BOS,RS,BOS,2285.0,,65,81,-16
200711020BOS,RS,BOS,2285.0,,66,81,-15
200711020BOS,RS,BOS,2305.0,,66,82,-16
200711020BOS,RS,BOS,2305.0,,66,83,-17
200711020BOS,RS,BOS,2313.0,,68,83,-15
200711020BOS,RS,BOS,2375.0,,68,85,-17
200711020BOS,RS,BOS,2375.0,,68,86,-18
200711020BOS,RS,BOS,2419.0,,70,86,-16
200711020BOS,RS,BOS,2442.0,,70,87,-17
200711020BOS,RS,BOS,2442.0,,70,88,-18
200711020BOS,RS,BOS,2468.0,,72,88,-16
200711020BOS,RS,BOS,2490.0,,72,90,-18
200711020BOS,RS,BOS,2548.0,,72,92,-20
200711020BOS,RS,BOS,2562.0,,73,92,-19
200711020BOS,RS,BOS,2562.0,,74,92,-18
200711020BOS,RS,BOS,2562.0,,75,92,-17
200711020BOS,RS,BOS,2599.0,,75,94,-19
200711020BOS,RS,BOS,2691.0,,75,96,-21
200711020BOS,RS,BOS,2722.0,,75,98,-23
200711020BOS,RS,BOS,2730.0,,76,98,-22
200711020BOS,RS,BOS,2730.0,,77,98,-21
200711020BOS,RS,BOS,2763.0,,79,98,-19
200711020BOS,RS,BOS,2775.0,,79,100,-21
200711020BOS,RS,BOS,2786.0,,80,100,-20
200711020BOS,RS,BOS,2786.0,,81,100,-19
200711020BOS,RS,BOS,2797.0,,81,103,-22
200711020BOS,RS,BOS,2827.4,F,83,103,-20
200711020BOS,RS,BOS,2880.0,,83,103,-20
200711030WAS,RS,ORL,0.0,,0,0,0
200711030WAS,RS,ORL,62.0,,2,0,2
200711030WAS,RS,ORL,83.0,LC,2,3,-1
200711030WAS,RS,ORL,103.0,,2,5,-3
200711030WAS,RS,ORL,168.0,,2,7,-5
200711030WAS,RS,ORL,223.0,,4,7,-3
200711030WAS,RS,ORL,234.0,,4,9,-5
200711030WAS,RS,ORL,286.0,,6,9,-3
200711030WAS,RS,ORL,340.0,,6,11,-5
200711030WAS,RS,ORL,360.0,,6,13,-7
200711030WAS,RS,ORL,393.0,,6,15,-9
200711030WAS,RS,ORL,424.0,,8,15,-7
200711030WAS,RS,ORL,478.0,,8,17,-9
200711030WAS,RS,ORL,500.0,,9,17,-8
200711030WAS,RS,ORL,541.0,,11,17,-6
200711030WAS,RS,ORL,578.0,,13,17,-4
200711030WAS,RS,ORL,636.0,,15,17,-2
200711030WAS,RS,ORL,660.8,,15,19,-4
200711030WAS,RS,ORL,712.4,,18,19,-1
200711030WAS,RS,ORL,743.0,LC,21,19,2
200711030WAS,RS,ORL,835.0,,24,19,5
200711030WAS,RS,ORL,860.0,,24,21,3
200711030WAS,RS,ORL,878.0,,26,21,5
200711030WAS,RS,ORL,904.0,,26,24,2
200711030WAS,RS,ORL,921.0,,29,24,5
200711030WAS,RS,ORL,960.0,,29,26,3
200711030WAS,RS,ORL,974.0,,30,26,4
200711030WAS,RS,ORL,974.0,,31,26,5
200711030WAS,RS,ORL,1021.0,,31,29,2
200711030WAS,RS,ORL,1049.0,T,31,31,0
200711030WAS,RS,ORL,1066.0,,33,31,2
200711030WAS,RS,ORL,1066.0,,34,31,3
200711030WAS,RS,ORL,1085.0,,34,33,1
200711030WAS,RS,ORL,1092.0,LC,34,36,-2
200711030WAS,RS,ORL,1133.0,T,36,36,0
200711030WAS,RS,ORL,1151.0,,36,37,-1
200711030WAS,RS,ORL,1151.0,,36,38,-2
200711030WAS,RS,ORL,1185.0,T,38,38,0
200711030WAS,RS,ORL,1221.0,,38,40,-2
200711030WAS,RS,ORL,1236.0,T,40,40,0
200711030WAS,RS,ORL,1249.0,,40,42,-2
200711030WAS,RS,ORL,1274.0,,40,45,-5
200711030WAS,RS,ORL,1296.0,,40,47,-7
200711030WAS,RS,ORL,1404.1,,42,47,-5
200711030WAS,RS,ORL,1412.7,,42,50,-8
200711030WAS,RS,ORL,1464.0,,44,50,-6
200711030WAS,RS,ORL,1476.0,,44,51,-7
200711030WAS,RS,ORL,1508.0,,44,53,-9
200711030WAS,RS,ORL,1556.0,,45,53,-8
200711030WAS,RS,ORL,1574.0,,48,53,-5
200711030WAS,RS,ORL,1600.0,,50,53,-3
200711030WAS,RS,ORL,1708.0,,52,53,-1
200711030WAS,RS,ORL,1747.0,,52,56,-4
200711030WAS,RS,ORL,1784.0,,52,58,-6
200711030WAS,RS,ORL,1793.0,,55,58,-3
200711030WAS,RS,ORL,1815.0,,55,60,-5
200711030WAS,RS,ORL,1846.0,,57,60,-3
200711030WAS,RS,ORL,1868.0,,58,60,-2
200711030WAS,RS,ORL,1868.0,,59,60,-1
200711030WAS,RS,ORL,1868.0,,59,62,-3
200711030WAS,RS,ORL,1915.0,,60,62,-2
200711030WAS,RS,ORL,1915.0,,61,62,-1
200711030WAS,RS,ORL,1915.0,,61,64,-3
200711030WAS,RS,ORL,1957.0,,63,64,-1
200711030WAS,RS,ORL,2110.5,LC,65,64,1
200711030WAS,RS,ORL,2143.9,,67,64,3
200711030WAS,RS,ORL,2240.0,,67,66,1
200711030WAS,RS,ORL,2259.0,,69,66,3
200711030WAS,RS,ORL,2316.0,,69,67,2
200711030WAS,RS,ORL,2316.0,,69,68,1
200711030WAS,RS,ORL,2362.0,LC,69,70,-1
200711030WAS,RS,ORL,2384.0,LC,71,70,1
200711030WAS,RS,ORL,2404.0,LC,71,73,-2
200711030WAS,RS,ORL,2440.0,,71,76,-5
200711030WAS,RS,ORL,2489.0,,73,76,-3
200711030WAS,RS,ORL,2528.0,,74,76,-2
200711030WAS,RS,ORL,2528.0,,75,76,-1
200711030WAS,RS,ORL,2546.0,,75,77,-2
200711030WAS,RS,ORL,2585.0,,75,78,-3
200711030WAS,RS,ORL,2585.0,,75,79,-4
200711030WAS,RS,ORL,2654.0,,75,80,-5
200711030WAS,RS,ORL,2654.0,,75,81,-6
200711030WAS,RS,ORL,2688.0,,75,82,-7
200711030WAS,RS,ORL,2688.0,,75,83,-8
200711030WAS,RS,ORL,2699.0,,77,83,-6
200711030WAS,RS,ORL,2715.0,,77,86,-9
200711030WAS,RS,ORL,2767.0,,78,86,-8
200711030WAS,RS,ORL,2778.0,,78,88,-10
200711030WAS,RS,ORL,2783.0,,80,88,-8
200711030WAS,RS,ORL,2783.0,,81,88,-7
200711030WAS,RS,ORL,2784.0,,81,89,-8
200711030WAS,RS,ORL,2784.0,,81,90,-9
200711030WAS,RS,ORL,2790.0,,81,91,-10
200711030WAS,RS,ORL,2790.0,,81,92,-11
200711030WAS,RS,ORL,2813.0,,81,93,-12
200711030WAS,RS,ORL,2813.0,,81,94,-13
200711030WAS,RS,ORL,2857.4,F,82,94,-12
200711030WAS,RS,ORL,2880.0,,82,94,-12
200711080NJN,RS,NJN,0.0,,0,0,0
200711080NJN,RS,NJN,53.0,,0,2,-2
200711080NJN,RS,NJN,80.0,T,2,2,0
200711080NJN,RS,NJN,137.0,LC,4,2,2
200711080NJN,RS,NJN,202.0,,7,2,5
200711080NJN,RS,NJN,294.0,,10,2,8
200711080NJN,RS,NJN,319.0,,12,2,10
200711080NJN,RS,NJN,342.0,,14,2,12
200711080NJN,RS,NJN,388.0,,16,2,14
200711080NJN,RS,NJN,409.0,,16,4,12
200711080NJN,RS,NJN,416.0,,17,4,13
200711080NJN,RS,NJN,416.0,,18,4,14
200711080NJN,RS,NJN,432.0,,18,7,11
200711080NJN,RS,NJN,471.0,,20,7,13
200711080NJN,RS,NJN,499.0,,20,9,11
200711080NJN,RS,NJN,567.0,,22,9,13
200711080NJN,RS,NJN,602.0,,22,11,11
200711080NJN,RS,NJN,635.0,,22,12,10
200711080NJN,RS,NJN,635.0,,22,13,9
200711080NJN,RS,NJN,674.5,,22,15,7
200711080NJN,RS,NJN,689.3,,25,15,10
200711080NJN,RS,NJN,718.7,,27,15,12
200711080NJN,RS,NJN,753.0,,28,15,13
200711080NJN,RS,NJN,767.0,,28,17,11
200711080NJN,RS,NJN,783.0,,30,17,13
200711080NJN,RS,NJN,783.0,,31,17,14
200711080NJN,RS,NJN,884.0,,33,17,16
200711080NJN,RS,NJN,982.0,,35,17,18
200711080NJN,RS,NJN,1013.0,,37,17,20
200711080NJN,RS,NJN,1024.0,,37,18,19
200711080NJN,RS,NJN,1052.0,,37,19,18
200711080NJN,RS,NJN,1052.0,,37,20,17
200711080NJN,RS,NJN,1084.0,,37,22,15
200711080NJN,RS,NJN,1122.0,,37,24,13
200711080NJN,RS,NJN,1146.0,,39,24,15
200711080NJN,RS,NJN,1192.0,,39,25,14
200711080NJN,RS,NJN,1205.0,,39,27,12
200711080NJN,RS,NJN,1242.0,,39,29,10
200711080NJN,RS,NJN,1270.0,,39,31,8
200711080NJN,RS,NJN,1326.0,,39,32,7
200711080NJN,RS,NJN,1326.0,,39,33,6
200711080NJN,RS,NJN,1363.0,,39,34,5
200711080NJN,RS,NJN,1363.0,,39,35,4
200711080NJN,RS,NJN,1423.6,,39,36,3
200711080NJN,RS,NJN,1438.6,,41,36,5
200711080NJN,RS,NJN,1481.0,,43,36,7
200711080NJN,RS,NJN,1522.0,,43,38,5
200711080NJN,RS,NJN,1565.0,,44,38,6
200711080NJN,RS,NJN,1565.0,,45,38,7
200711080NJN,RS,NJN,1625.0,,45,40,5
200711080NJN,RS,NJN,1670.0,,48,40,8
200711080NJN,RS,NJN,1693.0,,48,42,6
200711080NJN,RS,NJN,1712.0,,48,44,4
200711080NJN,RS,NJN,1727.0,,49,44,5
200711080NJN,RS,NJN,1813.0,,49,45,4
200711080NJN,RS,NJN,1813.0,,49,46,3
200711080NJN,RS,NJN,1874.0,,51,46,5
200711080NJN,RS,NJN,1916.0,,51,47,4
200711080NJN,RS,NJN,1916.0,,51,48,3
200711080NJN,RS,NJN,1962.0,,53,48,5
200711080NJN,RS,NJN,1962.0,,54,48,6
200711080NJN,RS,NJN,1970.0,,54,49,5
200711080NJN,RS,NJN,1970.0,,54,50,4
200711080NJN,RS,NJN,1993.0,,54,51,3
200711080NJN,RS,NJN,1993.0,,54,52,2
200711080NJN,RS,NJN,2051.0,,56,52,4
200711080NJN,RS,NJN,2076.0,,56,54,2
200711080NJN,RS,NJN,2103.6,,56,55,1
200711080NJN,RS,NJN,2103.6,T,56,56,0
200711080NJN,RS,NJN,2152.1,LC,56,57,-1
200711080NJN,RS,NJN,2159.2,T,57,57,0
200711080NJN,RS,NJN,2159.2,LC,58,57,1
200711080NJN,RS,NJN,2176.0,,61,57,4
200711080NJN,RS,NJN,2227.0,,61,59,2
200711080NJN,RS,NJN,2249.0,,63,59,4
200711080NJN,RS,NJN,2266.0,,63,62,1
200711080NJN,RS,NJN,2296.0,LC,63,65,-2
200711080NJN,RS,NJN,2320.0,T,65,65,0
200711080NJN,RS,NJN,2344.0,,65,67,-2
200711080NJN,RS,NJN,2360.0,,66,67,-1
200711080NJN,RS,NJN,2360.0,T,67,67,0
200711080NJN,RS,NJN,2374.0,,67,69,-2
200711080NJN,RS,NJN,2397.0,,68,69,-1
200711080NJN,RS,NJN,2412.0,,68,71,-3
200711080NJN,RS,NJN,2447.0,,70,71,-1
200711080NJN,RS,NJN,2447.0,T,71,71,0
200711080NJN,RS,NJN,2466.0,,71,72,-1
200711080NJN,RS,NJN,2466.0,,71,73,-2
200711080NJN,RS,NJN,2501.0,,71,75,-4
200711080NJN,RS,NJN,2520.0,,73,75,-2
200711080NJN,RS,NJN,2604.0,,74,75,-1
200711080NJN,RS,NJN,2604.0,T,75,75,0
200711080NJN,RS,NJN,2630.0,LC,77,75,2
200711080NJN,RS,NJN,2654.0,T,77,77,0
200711080NJN,RS,NJN,2679.0,,79,77,2
200711080NJN,RS,NJN,2707.0,LC,79,80,-1
200711080NJN,RS,NJN,2735.0,,79,82,-3
200711080NJN,RS,NJN,2767.0,,79,84,-5
200711080NJN,RS,NJN,2767.0,,79,85,-6
200711080NJN,RS,NJN,2785.0,,80,85,-5
200711080NJN,RS,NJN,2785.0,,81,85,-4
200711080NJN,RS,NJN,2809.0,,82,85,-3
200711080NJN,RS,NJN,2809.0,,83,85,-2
200711080NJN,RS,NJN,2841.0,,84,85,-1
200711080NJN,RS,NJN,2841.0,T,85,85,0
200711080NJN,RS,NJN,2855.7,,85,86,-1
200711080NJN,RS,NJN,2855.7,F,85,87,-2
200711080NJN,RS,NJN,2880.0,,85,87,-2
200711090WAS,RS,DEN,0.0,,0,0,0
200711090WAS,RS,DEN,25.0,,2,0,2
200711090WAS,RS,DEN,85.0,,4,0,4
200711090WAS,RS,DEN,97.0,,4,3,1
200711090WAS,RS,DEN,124.0,,6,3,3
200711090WAS,RS,DEN,179.0,,8,3,5
200711090WAS,RS,DEN,198.0,,8,5,3
200711090WAS,RS,DEN,205.0,,10,5,5
200711090WAS,RS,DEN,217.0,,10,7,3
200711090WAS,RS,DEN,276.0,T,10,10,0
200711090WAS,RS,DEN,296.0,,12,10,2
200711090WAS,RS,DEN,363.0,T,12,12,0
200711090WAS,RS,DEN,390.0,LC,12,14,-2
200711090WAS,RS,DEN,420.0,,12,16,-4
200711090WAS,RS,DEN,442.0,,13,16,-3
200711090WAS,RS,DEN,465.0,,14,16,-2
200711090WAS,RS,DEN,465.0,,15,16,-1
200711090WAS,RS,DEN,485.0,LC,17,16,1
200711090WAS,RS,DEN,495.0,LC,17,18,-1
200711090WAS,RS,DEN,509.0,T,18,18,0
200711090WAS,RS,DEN,580.0,LC,19,18,1
200711090WAS,RS,DEN,580.0,,20,18,2
200711090WAS,RS,DEN,604.0,,22,18,4
200711090WAS,RS,DEN,622.0,,22,19,3
200711090WAS,RS,DEN,622.0,,22,20,2
200711090WAS,RS,DEN,638.0,T,22,22,0
200711090WAS,RS,DEN,668.8,LC,22,24,-2
200711090WAS,RS,DEN,674.5,T,24,24,0
200711090WAS,RS,DEN,681.6,,24,26,-2
200711090WAS,RS,DEN,693.5,,25,26,-1
200711090WAS,RS,DEN,693.5,T,26,26,0
200711090WAS,RS,DEN,711.8,,26,28,-2
200711090WAS,RS,DEN,745.0,,26,31,-5
200711090WAS,RS,DEN,763.0,,29,31,-2
200711090WAS,RS,DEN,769.0,,29,33,-4
200711090WAS,RS,DEN,769.0,,29,34,-5
200711090WAS,RS,DEN,888.0,,31,34,-3
200711090WAS,RS,DEN,925.0,,33,34,-1
200711090WAS,RS,DEN,946.0,LC,36,34,2
200711090WAS,RS,DEN,974.0,T,36,36,0
200711090WAS,RS,DEN,1021.0,LC,36,38,-2
200711090WAS,RS,DEN,1064.0,,36,39,-3
200711090WAS,RS,DEN,1064.0,,36,40,-4
200711090WAS,RS,DEN,1082.0,,38,40,-2
200711090WAS,RS,DEN,1127.0,,38,42,-4
200711090WAS,RS,DEN,1151.0,,40,42,-2
200711090WAS,RS,DEN,1162.0,,40,43,-3
200711090WAS,RS,DEN,1162.0,,40,44,-4
200711090WAS,RS,DEN,1166.0,,42,44,-2
200711090WAS,RS,DEN,1166.0,,43,44,-1
200711090WAS,RS,DEN,1186.0,,43,46,-3
200711090WAS,RS,DEN,1198.0,T,46,46,0
200711090WAS,RS,DEN,1210.0,,46,47,-1
200711090WAS,RS,DEN,1210.0,,46,48,-2
200711090WAS,RS,DEN,1242.0,,46,50,-4
200711090WAS,RS,DEN,1282.0,,46,53,-7
200711090WAS,RS,DEN,1310.0,,48,53,-5
200711090WAS,RS,DEN,1323.0,,48,55,-7
200711090WAS,RS,DEN,1345.0,,48,58,-10
200711090WAS,RS,DEN,1411.5,,51,58,-7
200711090WAS,RS,DEN,1439.1,,51,60,-9
200711090WAS,RS,DEN,1459.0,,51,62,-11
200711090WAS,RS,DEN,1494.0,,51,64,-13
200711090WAS,RS,DEN,1507.0,,52,64,-12
200711090WAS,RS,DEN,1522.0,,52,66,-14
200711090WAS,RS,DEN,1581.0,,54,66,-12
200711090WAS,RS,DEN,1596.0,,54,68,-14
200711090WAS,RS,DEN,1629.0,,54,71,-17
200711090WAS,RS,DEN,1656.0,,55,71,-16
200711090WAS,RS,DEN,1656.0,,56,71,-15
200711090WAS,RS,DEN,1727.0,,56,73,-17
200711090WAS,RS,DEN,1778.0,,56,75,-19
200711090WAS,RS,DEN,1818.0,,58,75,-17
200711090WAS,RS,DEN,1841.0,,58,77,-19
200711090WAS,RS,DEN,1906.0,,58,80,-22
200711090WAS,RS,DEN,1936.0,,60,80,-20
200711090WAS,RS,DEN,1966.0,,60,83,-23
200711090WAS,RS,DEN,2021.0,,60,86,-26
200711090WAS,RS,DEN,2074.0,,60,88,-28
200711090WAS,RS,DEN,2110.2,,61,88,-27
200711090WAS,RS,DEN,2110.2,,62,88,-26
200711090WAS,RS,DEN,2128.7,,62,90,-28
200711090WAS,RS,DEN,2159.7,,62,93,-31
200711090WAS,RS,DEN,2214.0,,64,93,-29
200711090WAS,RS,DEN,2231.0,,66,93,-27
200711090WAS,RS,DEN,2285.0,,66,95,-29
200711090WAS,RS,DEN,2347.0,,66,97,-31
200711090WAS,RS,DEN,2355.0,,67,97,-30
200711090WAS,RS,DEN,2355.0,,68,97,-29
200711090WAS,RS,DEN,2387.0,,71,97,-26
200711090WAS,RS,DEN,2404.0,,71,98,-27
200711090WAS,RS,DEN,2404.0,,71,99,-28
200711090WAS,RS,DEN,2419.0,,71,101,-30
200711090WAS,RS,DEN,2437.0,,73,101,-28
200711090WAS,RS,DEN,2459.0,,73,102,-29
200711090WAS,RS,DEN,2472.0,,76,102,-26
200711090WAS,RS,DEN,2488.0,,77,102,-25
200711090WAS,RS,DEN,2488.0,,78,102,-24
200711090WAS,RS,DEN,2513.0,,81,102,-21
200711090WAS,RS,DEN,2528.0,,81,105,-24
200711090WAS,RS,DEN,2564.0,,81,107,-26
200711090WAS,RS,DEN,2584.0,,82,107,-25
200711090WAS,RS,DEN,2584.0,,83,107,-24
200711090WAS,RS,DEN,2624.0,,84,107,-23
200711090WAS,RS,DEN,2652.0,,86,107,-21
200711090WAS,RS,DEN,2656.0,,86,108,-22
200711090WAS,RS,DEN,2674.0,,86,110,-24
200711090WAS,RS,DEN,2686.0,,87,110,-23
200711090WAS,RS,DEN,2696.0,,87,111,-24
200711090WAS,RS,DEN,2719.0,,87,112,-25
200711090WAS,RS,DEN,2719.0,,87,113,-26
200711090WAS,RS,DEN,2757.0,,89,113,-24
200711090WAS,RS,DEN,2774.0,,89,116,-27
200711090WAS,RS,DEN,2797.0,,89,118,-29
200711090WAS,RS,DEN,2816.0,,90,118,-28
200711090WAS,RS,DEN,2841.1,F,92,118,-26
200711090WAS,RS,DEN,2880.0,,92,118,-26
200711110ATL,RS,ATL,0.0,,0,0,0
200711110ATL,RS,ATL,37.0,,2,0,2
200711110ATL,RS,ATL,56.0,T,2,2,0
200711110ATL,RS,ATL,66.0,,4,2,2
200711110ATL,RS,ATL,66.0,,5,2,3
200711110ATL,RS,ATL,83.0,,5,4,1
200711110ATL,RS,ATL,95.0,,6,4,2
200711110ATL,RS,ATL,95.0,,7,4,3
200711110ATL,RS,ATL,121.0,,10,4,6
200711110ATL,RS,ATL,161.0,,10,6,4
200711110ATL,RS,ATL,191.0,,10,9,1
200711110ATL,RS,ATL,292.0,,12,9,3
200711110ATL,RS,ATL,301.0,,12,11,1
200711110ATL,RS,ATL,320.0,,14,11,3
200711110ATL,RS,ATL,352.0,,16,11,5
200711110ATL,RS,ATL,394.0,,17,11,6
200711110ATL,RS,ATL,394.0,,18,11,7
200711110ATL,RS,ATL,432.0,,18,13,5
200711110ATL,RS,ATL,455.0,,20,13,7
200711110ATL,RS,ATL,486.0,,20,14,6
200711110ATL,RS,ATL,500.0,,22,14,8
200711110ATL,RS,ATL,528.0,,22,16,6
200711110ATL,RS,ATL,539.0,,24,16,8
200711110ATL,RS,ATL,563.0,,24,18,6
200711110ATL,RS,ATL,586.0,,24,21,3
200711110ATL,RS,ATL,649.0,,26,21,5
200711110ATL,RS,ATL,712.3,,26,22,4
200711110ATL,RS,ATL,712.3,,26,23,3
200711110ATL,RS,ATL,781.0,,28,23,5
200711110ATL,RS,ATL,872.0,,28,25,3
200711110ATL,RS,ATL,887.0,,30,25,5
200711110ATL,RS,ATL,914.0,,32,25,7
200711110ATL,RS,ATL,966.0,,32,27,5
200711110ATL,RS,ATL,983.0,,34,27,7
200711110ATL,RS,ATL,1024.0,,36,27,9
200711110ATL,RS,ATL,1043.0,,36,29,7
200711110ATL,RS,ATL,1068.0,,36,30,6
200711110ATL,RS,ATL,1116.0,,36,32,4
200711110ATL,RS,ATL,1137.0,,37,32,5
200711110ATL,RS,ATL,1162.0,,40,32,8
200711110ATL,RS,ATL,1228.0,,40,34,6
200711110ATL,RS,ATL,1289.0,,42,34,8
200711110ATL,RS,ATL,1322.0,,43,34,9
200711110ATL,RS,ATL,1322.0,,44,34,10
200711110ATL,RS,ATL,1338.0,,44,37,7
200711110ATL,RS,ATL,1366.0,,44,38,6
200711110ATL,RS,ATL,1373.0,,45,38,7
200711110ATL,RS,ATL,1373.0,,46,38,8
200711110ATL,RS,ATL,1388.0,,48,38,10
200711110ATL,RS,ATL,1398.4,,48,40,8
200711110ATL,RS,ATL,1402.1,,49,40,9
200711110ATL,RS,ATL,1402.1,,50,40,10
200711110ATL,RS,ATL,1438.2,,51,40,11
200711110ATL,RS,ATL,1471.0,,51,41,10
200711110ATL,RS,ATL,1518.0,,53,41,12
200711110ATL,RS,ATL,1544.0,,56,41,15
200711110ATL,RS,ATL,1577.0,,56,43,13
200711110ATL,RS,ATL,1607.0,,58,43,15
200711110ATL,RS,ATL,1625.0,,60,43,17
200711110ATL,RS,ATL,1631.0,,60,45,15
200711110ATL,RS,ATL,1657.0,,62,45,17
200711110ATL,RS,ATL,1676.0,,62,47,15
200711110ATL,RS,ATL,1705.0,,63,47,16
200711110ATL,RS,ATL,1769.0,,65,47,18
200711110ATL,RS,ATL,1787.0,,65,49,16
200711110ATL,RS,ATL,1818.0,,65,50,15
200711110ATL,RS,ATL,1818.0,,65,51,14
200711110ATL,RS,ATL,1838.0,,67,51,16
200711110ATL,RS,ATL,1850.0,,67,52,15
200711110ATL,RS,ATL,1860.0,,69,52,17
200711110ATL,RS,ATL,1885.0,,71,52,19
200711110ATL,RS,ATL,1905.0,,71,54,17
200711110ATL,RS,ATL,1927.0,,71,56,15
200711110ATL,RS,ATL,1977.0,,73,56,17
200711110ATL,RS,ATL,1989.0,,73,57,16
200711110ATL,RS,ATL,1989.0,,73,58,15
200711110ATL,RS,ATL,2018.0,,73,59,14
200711110ATL,RS,ATL,2049.0,,75,59,16
200711110ATL,RS,ATL,2070.0,,75,60,15
200711110ATL,RS,ATL,2070.0,,75,61,14
200711110ATL,RS,ATL,2091.0,,75,62,13
200711110ATL,RS,ATL,2091.0,,75,63,12
200711110ATL,RS,ATL,2112.1,,78,63,15
200711110ATL,RS,ATL,2118.8,,78,64,14
200711110ATL,RS,ATL,2118.8,,78,65,13
200711110ATL,RS,ATL,2173.0,,78,67,11
200711110ATL,RS,ATL,2216.0,,80,67,13
200711110ATL,RS,ATL,2234.0,,80,69,11
200711110ATL,RS,ATL,2260.0,,82,69,13
200711110ATL,RS,ATL,2273.0,,82,70,12
200711110ATL,RS,ATL,2273.0,,82,71,11
200711110ATL,RS,ATL,2317.0,,82,73,9
200711110ATL,RS,ATL,2353.0,,82,75,7
200711110ATL,RS,ATL,2372.0,,85,75,10
200711110ATL,RS,ATL,2387.0,,85,76,9
200711110ATL,RS,ATL,2387.0,,85,77,8
200711110ATL,RS,ATL,2403.0,,87,77,10
200711110ATL,RS,ATL,2491.0,,87,79,8
200711110ATL,RS,ATL,2508.0,,88,79,9
200711110ATL,RS,ATL,2508.0,,89,79,10
200711110ATL,RS,ATL,2562.0,,89,81,8
200711110ATL,RS,ATL,2606.0,,90,81,9
200711110ATL,RS,ATL,2626.0,,90,82,8
200711110ATL,RS,ATL,2626.0,,90,83,7
200711110ATL,RS,ATL,2643.0,,90,84,6
200711110ATL,RS,ATL,2643.0,,90,85,5
200711110ATL,RS,ATL,2669.0,,91,85,6
200711110ATL,RS,ATL,2669.0,,92,85,7
200711110ATL,RS,ATL,2699.0,,94,85,9
200711110ATL,RS,ATL,2719.0,,94,87,7
200711110ATL,RS,ATL,2746.0,,96,87,9
200711110ATL,RS,ATL,2760.0,,96,88,8
200711110ATL,RS,ATL,2796.0,,98,88,10
200711110ATL,RS,ATL,2819.0,,100,88,12
200711110ATL,RS,ATL,2850.6,,100,90,10
200711110ATL,RS,ATL,2850.6,F,101,90,11
200711110ATL,RS,ATL,2880.0,,101,90,11
200711140WAS,RS,IND,0.0,,0,0,0
200711140WAS,RS,IND,35.0,,0,2,-2
200711140WAS,RS,IND,47.0,T,2,2,0
200711140WAS,RS,IND,94.0,LC,3,2,1
200711140WAS,RS,IND,94.0,,4,2,2
200711140WAS,RS,IND,110.0,T,4,4,0
200711140WAS,RS,IND,132.0,,6,4,2
200711140WAS,RS,IND,180.0,,8,4,4
200711140WAS,RS,IND,220.0,,10,4,6
200711140WAS,RS,IND,264.0,,12,4,8
200711140WAS,RS,IND,324.0,,12,6,6
200711140WAS,RS,IND,343.0,,14,6,8
200711140WAS,RS,IND,366.0,,14,7,7
200711140WAS,RS,IND,406.0,,16,7,9
200711140WAS,RS,IND,454.0,,18,7,11
200711140WAS,RS,IND,461.0,,18,9,9
200711140WAS,RS,IND,476.0,,20,9,11
200711140WAS,RS,IND,525.0,,20,12,8
200711140WAS,RS,IND,589.0,,20,14,6
200711140WAS,RS,IND,602.0,,21,14,7
200711140WAS,RS,IND,610.0,,22,14,8
200711140WAS,RS,IND,610.0,,23,14,9
200711140WAS,RS,IND,615.0,,25,14,11
200711140WAS,RS,IND,615.0,,26,14,12
200711140WAS,RS,IND,619.0,,26,15,11
200711140WAS,RS,IND,665.1,,27,15,12
200711140WAS,RS,IND,665.1,,28,15,13
200711140WAS,RS,IND,747.0,,30,15,15
200711140WAS,RS,IND,761.0,,30,18,12
200711140WAS,RS,IND,806.0,,32,18,14
200711140WAS,RS,IND,841.0,,34,18,16
200711140WAS,RS,IND,888.0,,34,21,13
200711140WAS,RS,IND,927.0,,34,22,12
200711140WAS,RS,IND,927.0,,34,23,11
200711140WAS,RS,IND,939.0,,36,23,13
200711140WAS,RS,IND,961.0,,36,25,11
200711140WAS,RS,IND,981.0,,37,25,12
200711140WAS,RS,IND,994.0,,38,25,13
200711140WAS,RS,IND,994.0,,39,25,14
200711140WAS,RS,IND,1049.0,,39,27,12
200711140WAS,RS,IND,1080.0,,39,28,11
200711140WAS,RS,IND,1094.0,,39,30,9
200711140WAS,RS,IND,1112.0,,41,30,11
200711140WAS,RS,IND,1135.0,,41,32,9
200711140WAS,RS,IND,1175.0,,44,32,12
200711140WAS,RS,IND,1198.0,,44,34,10
200711140WAS,RS,IND,1214.0,,44,36,8
200711140WAS,RS,IND,1214.0,,44,37,7
200711140WAS,RS,IND,1231.0,,46,37,9
200711140WAS,RS,IND,1314.0,,49,37,12
200711140WAS,RS,IND,1354.0,,51,37,14
200711140WAS,RS,IND,1370.0,,51,39,12
200711140WAS,RS,IND,1388.6,,54,39,15
200711140WAS,RS,IND,1400.8,,54,41,13
200711140WAS,RS,IND,1439.1,,55,41,14
200711140WAS,RS,IND,1439.1,,56,41,15
200711140WAS,RS,IND,1471.0,,56,43,13
200711140WAS,RS,IND,1479.0,,59,43,16
200711140WAS,RS,IND,1517.0,,59,44,15
200711140WAS,RS,IND,1517.0,,59,45,14
200711140WAS,RS,IND,1533.0,,61,45,16
200711140WAS,RS,IND,1550.0,,62,45,17
200711140WAS,RS,IND,1550.0,,63,45,18
200711140WAS,RS,IND,1567.0,,63,47,16
200711140WAS,RS,IND,1594.0,,65,47,18
200711140WAS,RS,IND,1635.0,,65,49,16
200711140WAS,RS,IND,1665.0,,65,51,14
200711140WAS,RS,IND,1715.0,,67,51,16
200711140WAS,RS,IND,1730.0,,67,53,14
200711140WAS,RS,IND,1752.0,,69,53,16
200711140WAS,RS,IND,1765.0,,71,53,18
200711140WAS,RS,IND,1812.0,,71,55,16
200711140WAS,RS,IND,1838.0,,73,55,18
200711140WAS,RS,IND,1876.0,,75,55,20
200711140WAS,RS,IND,1889.0,,75,58,17
200711140WAS,RS,IND,1955.0,,75,59,16
200711140WAS,RS,IND,1955.0,,75,60,15
200711140WAS,RS,IND,1979.0,,75,62,13
200711140WAS,RS,IND,2002.0,,77,62,15
200711140WAS,RS,IND,2025.0,,78,62,16
200711140WAS,RS,IND,2025.0,,79,62,17
200711140WAS,RS,IND,2038.0,,79,63,16
200711140WAS,RS,IND,2038.0,,79,64,15
200711140WAS,RS,IND,2059.0,,80,64,16
200711140WAS,RS,IND,2059.0,,81,64,17
200711140WAS,RS,IND,2079.0,,83,64,19
200711140WAS,RS,IND,2125.5,,83,65,18
200711140WAS,RS,IND,2125.5,,83,66,17
200711140WAS,RS,IND,2250.0,,85,66,19
200711140WAS,RS,IND,2262.0,,85,69,16
200711140WAS,RS,IND,2276.0,,86,69,17
200711140WAS,RS,IND,2276.0,,87,69,18
200711140WAS,RS,IND,2367.0,,87,72,15
200711140WAS,RS,IND,2402.0,,87,74,13
200711140WAS,RS,IND,2419.0,,89,74,15
200711140WAS,RS,IND,2493.0,,91,74,17
200711140WAS,RS,IND,2510.0,,91,77,14
200711140WAS,RS,IND,2528.0,,93,77,16
200711140WAS,RS,IND,2556.0,,93,79,14
200711140WAS,RS,IND,2583.0,,93,81,12
200711140WAS,RS,IND,2627.0,,93,84,9
200711140WAS,RS,IND,2656.0,,95,84,11
200711140WAS,RS,IND,2671.0,,95,86,9
200711140WAS,RS,IND,2687.0,,96,86,10
200711140WAS,RS,IND,2687.0,,97,86,11
200711140WAS,RS,IND,2711.0,,98,86,12
200711140WAS,RS,IND,2726.0,,101,86,15
200711140WAS,RS,IND,2740.0,,101,88,13
200711140WAS,RS,IND,2778.0,,101,89,12
200711140WAS,RS,IND,2778.0,,101,90,11
200711140WAS,RS,IND,2796.0,,102,90,12
200711140WAS,RS,IND,2796.0,F,103,90,13
200711140WAS,RS,IND,2880.0,,103,90,13
200711160MIN,RS,MIN,0.0,,0,0,0
200711160MIN,RS,MIN,21.0,,2,0,2
200711160MIN,RS,MIN,63.0,,4,0,4
200711160MIN,RS,MIN,77.0,,4,2,2
200711160MIN,RS,MIN,94.0,,6,2,4
200711160MIN,RS,MIN,128.0,,8,2,6
200711160MIN,RS,MIN,150.0,,10,2,8
200711160MIN,RS,MIN,197.0,,10,4,6
200711160MIN,RS,MIN,211.0,,12,4,8
200711160MIN,RS,MIN,225.0,,12,7,5
200711160MIN,RS,MIN,280.0,,12,9,3
200711160MIN,RS,MIN,304.0,,12,11,1
200711160MIN,RS,MIN,321.0,,14,11,3
200711160MIN,RS,MIN,340.0,,14,13,1
200711160MIN,RS,MIN,349.0,,16,13,3
200711160MIN,RS,MIN,374.0,,16,15,1
200711160MIN,RS,MIN,420.0,,18,15,3
200711160MIN,RS,MIN,454.0,,20,15,5
200711160MIN,RS,MIN,481.0,,21,15,6
200711160MIN,RS,MIN,550.0,,23,15,8
200711160MIN,RS,MIN,581.0,,26,15,11
200711160MIN,RS,MIN,598.0,,26,17,9
200711160MIN,RS,MIN,623.0,,26,19,7
200711160MIN,RS,MIN,649.0,,26,20,6
200711160MIN,RS,MIN,649.0,,26,21,5
200711160MIN,RS,MIN,660.4,,26,22,4
200711160MIN,RS,MIN,670.6,,27,22,5
200711160MIN,RS,MIN,677.4,,30,22,8
200711160MIN,RS,MIN,692.2,,30,24,6
200711160MIN,RS,MIN,719.5,,32,24,8
200711160MIN,RS,MIN,789.0,,32,27,5
200711160MIN,RS,MIN,897.0,,32,30,2
200711160MIN,RS,MIN,937.0,,34,30,4
200711160MIN,RS,MIN,978.0,,34,32,2
200711160MIN,RS,MIN,1004.0,LC,34,35,-1
200711160MIN,RS,MIN,1063.0,,34,36,-2
200711160MIN,RS,MIN,1063.0,,34,37,-3
200711160MIN,RS,MIN,1090.0,,34,40,-6
200711160MIN,RS,MIN,1148.0,,34,42,-8
200711160MIN,RS,MIN,1174.0,,36,42,-6
200711160MIN,RS,MIN,1186.0,,36,43,-7
200711160MIN,RS,MIN,1200.0,,36,45,-9
200711160MIN,RS,MIN,1245.0,,38,45,-7
200711160MIN,RS,MIN,1245.0,,39,45,-6
200711160MIN,RS,MIN,1275.0,,41,45,-4
200711160MIN,RS,MIN,1295.0,,41,47,-6
200711160MIN,RS,MIN,1337.0,,42,47,-5
200711160MIN,RS,MIN,1337.0,,43,47,-4
200711160MIN,RS,MIN,1379.0,,43,49,-6
200711160MIN,RS,MIN,1401.3,,44,49,-5
200711160MIN,RS,MIN,1401.3,,45,49,-4
200711160MIN,RS,MIN,1417.0,,45,51,-6
200711160MIN,RS,MIN,1436.7,,46,51,-5
200711160MIN,RS,MIN,1436.7,,47,51,-4
200711160MIN,RS,MIN,1480.0,,47,53,-6
200711160MIN,RS,MIN,1486.0,,48,53,-5
200711160MIN,RS,MIN,1486.0,,49,53,-4
200711160MIN,RS,MIN,1506.0,,49,55,-6
200711160MIN,RS,MIN,1523.0,,52,55,-3
200711160MIN,RS,MIN,1578.0,,52,56,-4
200711160MIN,RS,MIN,1612.0,,54,56,-2
200711160MIN,RS,MIN,1633.0,,54,58,-4
200711160MIN,RS,MIN,1662.0,,54,61,-7
200711160MIN,RS,MIN,1683.0,,56,61,-5
200711160MIN,RS,MIN,1696.0,,56,63,-7
200711160MIN,RS,MIN,1736.0,,56,64,-8
200711160MIN,RS,MIN,1736.0,,56,65,-9
200711160MIN,RS,MIN,1773.0,,56,68,-12
200711160MIN,RS,MIN,1790.0,,59,68,-9
200711160MIN,RS,MIN,1815.0,,60,68,-8
200711160MIN,RS,MIN,1815.0,,61,68,-7
200711160MIN,RS,MIN,1897.0,,63,68,-5
200711160MIN,RS,MIN,1921.0,,65,68,-3
200711160MIN,RS,MIN,1942.0,,65,70,-5
200711160MIN,RS,MIN,1942.0,,65,71,-6
200711160MIN,RS,MIN,1955.0,,67,71,-4
200711160MIN,RS,MIN,1976.0,,69,71,-2
200711160MIN,RS,MIN,2015.0,T,71,71,0
200711160MIN,RS,MIN,2078.0,,71,73,-2
200711160MIN,RS,MIN,2101.8,,71,74,-3
200711160MIN,RS,MIN,2199.0,,73,74,-1
200711160MIN,RS,MIN,2218.0,,73,76,-3
200711160MIN,RS,MIN,2303.0,,73,78,-5
200711160MIN,RS,MIN,2362.0,,75,78,-3
200711160MIN,RS,MIN,2404.0,,77,78,-1
200711160MIN,RS,MIN,2448.0,,77,79,-2
200711160MIN,RS,MIN,2448.0,,77,80,-3
200711160MIN,RS,MIN,2465.0,,79,80,-1
200711160MIN,RS,MIN,2481.0,,79,81,-2
200711160MIN,RS,MIN,2501.0,T,81,81,0
200711160MIN,RS,MIN,2545.0,LC,83,81,2
200711160MIN,RS,MIN,2558.0,T,83,83,0
200711160MIN,RS,MIN,2567.0,,85,83,2
200711160MIN,RS,MIN,2600.0,,86,83,3
200711160MIN,RS,MIN,2600.0,,87,83,4
200711160MIN,RS,MIN,2621.0,,88,83,5
200711160MIN,RS,MIN,2621.0,,89,83,6
200711160MIN,RS,MIN,2634.0,,91,83,8
200711160MIN,RS,MIN,2648.0,,91,84,7
200711160MIN,RS,MIN,2666.0,,94,84,10
200711160MIN,RS,MIN,2687.0,,96,84,12
200711160MIN,RS,MIN,2687.0,,97,84,13
200711160MIN,RS,MIN,2698.0,,99,84,15
200711160MIN,RS,MIN,2712.0,,99,85,14
200711160MIN,RS,MIN,2712.0,,99,86,13
200711160MIN,RS,MIN,2727.0,,99,87,12
200711160MIN,RS,MIN,2727.0,,99,88,11
200711160MIN,RS,MIN,2729.0,,100,88,12
200711160MIN,RS,MIN,2739.0,,100,89,11
200711160MIN,RS,MIN,2764.0,,103,89,14
200711160MIN,RS,MIN,2834.3,F,105,89,16
200711160MIN,RS,MIN,2880.0,,105,89,16
200711170WAS,RS,POR,0.0,,0,0,0
200711170WAS,RS,POR,105.0,,0,2,-2
200711170WAS,RS,POR,132.0,LC,3,2,1
200711170WAS,RS,POR,174.0,,4,2,2
200711170WAS,RS,POR,174.0,,5,2,3
200711170WAS,RS,POR,203.0,,7,2,5
200711170WAS,RS,POR,252.0,,9,2,7
200711170WAS,RS,POR,287.0,,11,2,9
200711170WAS,RS,POR,384.0,,11,4,7
200711170WAS,RS,POR,447.0,,11,5,6
200711170WAS,RS,POR,497.0,,11,7,4
200711170WAS,RS,POR,551.0,,11,9,2
200711170WAS,RS,POR,599.0,,14,9,5
200711170WAS,RS,POR,637.0,,14,11,3
200711170WAS,RS,POR,657.0,,17,11,6
200711170WAS,RS,POR,669.8,,17,12,5
200711170WAS,RS,POR,669.8,,17,13,4
200711170WAS,RS,POR,684.1,,19,13,6
200711170WAS,RS,POR,694.1,,19,15,4
200711170WAS,RS,POR,718.0,,20,15,5
200711170WAS,RS,POR,718.0,,21,15,6
200711170WAS,RS,POR,718.0,,22,15,7
200711170WAS,RS,POR,738.0,,24,15,9
200711170WAS,RS,POR,764.0,,24,18,6
200711170WAS,RS,POR,787.0,,25,18,7
200711170WAS,RS,POR,831.0,,28,18,10
200711170WAS,RS,POR,853.0,,28,19,9
200711170WAS,RS,POR,879.0,,30,19,11
200711170WAS,RS,POR,903.0,,32,19,13
200711170WAS,RS,POR,963.0,,32,20,12
200711170WAS,RS,POR,992.0,,32,21,11
200711170WAS,RS,POR,992.0,,32,22,10
200711170WAS,RS,POR,1026.0,,34,22,12
200711170WAS,RS,POR,1066.0,,34,24,10
200711170WAS,RS,POR,1091.0,,35,24,11
200711170WAS,RS,POR,1091.0,,36,24,12
200711170WAS,RS,POR,1105.0,,36,26,10
200711170WAS,RS,POR,1124.0,,38,26,12
200711170WAS,RS,POR,1145.0,,38,29,9
200711170WAS,RS,POR,1172.0,,38,31,7
200711170WAS,RS,POR,1197.0,,40,31,9
200711170WAS,RS,POR,1198.0,,40,32,8
200711170WAS,RS,POR,1256.0,,43,32,11
200711170WAS,RS,POR,1275.0,,43,34,9
200711170WAS,RS,POR,1327.0,,43,35,8
200711170WAS,RS,POR,1327.0,,43,36,7
200711170WAS,RS,POR,1341.0,,44,36,8
200711170WAS,RS,POR,1341.0,,45,36,9
200711170WAS,RS,POR,1361.0,,45,37,8
200711170WAS,RS,POR,1396.1,,47,37,10
200711170WAS,RS,POR,1418.0,,47,38,9
200711170WAS,RS,POR,1460.0,,49,38,11
200711170WAS,RS,POR,1460.0,,50,38,12
200711170WAS,RS,POR,1488.0,,52,38,14
200711170WAS,RS,POR,1576.0,,54,38,16
200711170WAS,RS,POR,1594.0,,54,40,14
200711170WAS,RS,POR,1631.0,,56,40,16
200711170WAS,RS,POR,1647.0,,56,42,14
200711170WAS,RS,POR,1676.0,,57,42,15
200711170WAS,RS,POR,1676.0,,58,42,16
200711170WAS,RS,POR,1693.0,,58,44,14
200711170WAS,RS,POR,1716.0,,60,44,16
200711170WAS,RS,POR,1752.0,,63,44,19
200711170WAS,RS,POR,1790.0,,66,44,22
200711170WAS,RS,POR,1814.0,,66,47,19
200711170WAS,RS,POR,1850.0,,66,48,18
200711170WAS,RS,POR,1882.0,,66,49,17
200711170WAS,RS,POR,1929.0,,66,52,14
200711170WAS,RS,POR,1951.0,,67,52,15
200711170WAS,RS,POR,1999.0,,69,52,17
200711170WAS,RS,POR,2003.0,,69,54,15
200711170WAS,RS,POR,2003.0,,69,55,14
200711170WAS,RS,POR,2025.0,,71,55,16
200711170WAS,RS,POR,2051.0,,71,57,14
200711170WAS,RS,POR,2062.0,,71,59,12
200711170WAS,RS,POR,2101.1,,73,59,14
200711170WAS,RS,POR,2113.2,,73,61,12
200711170WAS,RS,POR,2138.3,,75,61,14
200711170WAS,RS,POR,2155.9,,75,62,13
200711170WAS,RS,POR,2155.9,,75,63,12
200711170WAS,RS,POR,2159.8,,77,63,14
200711170WAS,RS,POR,2159.8,,78,63,15
200711170WAS,RS,POR,2178.0,,80,63,17
200711170WAS,RS,POR,2191.0,,82,63,19
200711170WAS,RS,POR,2240.0,,82,65,17
200711170WAS,RS,POR,2240.0,,82,66,16
200711170WAS,RS,POR,2255.0,,84,66,18
200711170WAS,RS,POR,2270.0,,84,68,16
200711170WAS,RS,POR,2298.0,,84,69,15
200711170WAS,RS,POR,2298.0,,84,70,14
200711170WAS,RS,POR,2320.0,,86,70,16
200711170WAS,RS,POR,2357.0,,88,70,18
200711170WAS,RS,POR,2389.0,,88,73,15
200711170WAS,RS,POR,2444.0,,88,75,13
200711170WAS,RS,POR,2458.0,,89,75,14
200711170WAS,RS,POR,2458.0,,90,75,15
200711170WAS,RS,POR,2496.0,,92,75,17
200711170WAS,RS,POR,2517.0,,93,75,18
200711170WAS,RS,POR,2517.0,,94,75,19
200711170WAS,RS,POR,2531.0,,94,77,17
200711170WAS,RS,POR,2557.0,,96,77,19
200711170WAS,RS,POR,2575.0,,96,79,17
200711170WAS,RS,POR,2593.0,,98,79,19
200711170WAS,RS,POR,2634.0,,100,79,21
200711170WAS,RS,POR,2646.0,,102,79,23
200711170WAS,RS,POR,2708.0,,102,80,22
200711170WAS,RS,POR,2748.0,,102,83,19
200711170WAS,RS,POR,2766.0,,103,83,20
200711170WAS,RS,POR,2766.0,,104,83,21
200711170WAS,RS,POR,2788.0,,104,85,19
200711170WAS,RS,POR,2803.0,,107,85,22
200711170WAS,RS,POR,2814.0,,107,87,20
200711170WAS,RS,POR,2830.6,,109,87,22
200711170WAS,RS,POR,2844.7,,109,89,20
200711170WAS,RS,POR,2877.8,F,109,90,19
200711170WAS,RS,POR,2880.0,,109,90,19
200711200WAS,RS,PHI,0.0,,0,0,0
200711200WAS,RS,PHI,29.0,,2,0,2
200711200WAS,RS,PHI,126.0,T,2,2,0
200711200WAS,RS,PHI,151.0,LC,2,4,-2
200711200WAS,RS,PHI,198.0,T,4,4,0
200711200WAS,RS,PHI,213.0,,4,6,-2
200711200WAS,RS,PHI,213.0,,4,7,-3
200711200WAS,RS,PHI,252.0,,4,9,-5
200711200WAS,RS,PHI,260.0,,6,9,-3
200711200WAS,RS,PHI,260.0,,7,9,-2
200711200WAS,RS,PHI,280.0,,7,11,-4
200711200WAS,RS,PHI,340.0,,7,13,-6
200711200WAS,RS,PHI,394.0,,9,13,-4
200711200WAS,RS,PHI,478.0,,9,15,-6
200711200WAS,RS,PHI,487.0,,11,15,-4
200711200WAS,RS,PHI,487.0,,12,15,-3
200711200WAS,RS,PHI,509.0,,14,15,-1
200711200WAS,RS,PHI,524.0,,14,18,-4
200711200WAS,RS,PHI,547.0,,16,18,-2
200711200WAS,RS,PHI,564.0,,16,20,-4
200711200WAS,RS,PHI,591.0,,18,20,-2
200711200WAS,RS,PHI,619.0,,18,22,-4
200711200WAS,RS,PHI,619.0,,18,23,-5
200711200WAS,RS,PHI,641.0,,19,23,-4
200711200WAS,RS,PHI,641.0,,20,23,-3
200711200WAS,RS,PHI,667.1,,22,23,-1
200711200WAS,RS,PHI,684.1,,22,26,-4
200711200WAS,RS,PHI,700.4,,24,26,-2
200711200WAS,RS,PHI,753.0,T,26,26,0
200711200WAS,RS,PHI,790.0,LC,28,26,2
200711200WAS,RS,PHI,808.0,,28,27,1
200711200WAS,RS,PHI,820.0,,29,27,2
200711200WAS,RS,PHI,825.0,,31,27,4
200711200WAS,RS,PHI,854.0,,31,29,2
200711200WAS,RS,PHI,871.0,,33,29,4
200711200WAS,RS,PHI,896.0,,33,32,1
200711200WAS,RS,PHI,938.0,,35,32,3
200711200WAS,RS,PHI,966.0,,37,32,5
200711200WAS,RS,PHI,985.0,,37,34,3
200711200WAS,RS,PHI,1004.0,,39,34,5
200711200WAS,RS,PHI,1046.0,,41,34,7
200711200WAS,RS,PHI,1062.0,,41,36,5
200711200WAS,RS,PHI,1078.0,,43,36,7
200711200WAS,RS,PHI,1092.0,,43,38,5
200711200WAS,RS,PHI,1162.0,,43,40,3
200711200WAS,RS,PHI,1184.0,,45,40,5
200711200WAS,RS,PHI,1184.0,,46,40,6
200711200WAS,RS,PHI,1199.0,,46,42,4
200711200WAS,RS,PHI,1224.0,,47,42,5
200711200WAS,RS,PHI,1271.0,,49,42,7
200711200WAS,RS,PHI,1316.0,,51,42,9
200711200WAS,RS,PHI,1349.0,,54,42,12
200711200WAS,RS,PHI,1373.0,,57,42,15
200711200WAS,RS,PHI,1428.9,,57,44,13
200711200WAS,RS,PHI,1439.5,,60,44,16
200711200WAS,RS,PHI,1455.0,,61,44,17
200711200WAS,RS,PHI,1494.0,,63,44,19
200711200WAS,RS,PHI,1554.0,,63,46,17
200711200WAS,RS,PHI,1576.0,,65,46,19
200711200WAS,RS,PHI,1593.0,,65,49,16
200711200WAS,RS,PHI,1634.0,,67,49,18
200711200WAS,RS,PHI,1668.0,,70,49,21
200711200WAS,RS,PHI,1698.0,,72,49,23
200711200WAS,RS,PHI,1720.0,,72,50,22
200711200WAS,RS,PHI,1720.0,,72,51,21
200711200WAS,RS,PHI,1743.0,,75,51,24
200711200WAS,RS,PHI,1772.0,,77,51,26
200711200WAS,RS,PHI,1802.0,,80,51,29
200711200WAS,RS,PHI,1837.0,,82,51,31
200711200WAS,RS,PHI,1854.0,,83,51,32
200711200WAS,RS,PHI,1854.0,,84,51,33
200711200WAS,RS,PHI,1880.0,,84,53,31
200711200WAS,RS,PHI,1902.0,,84,55,29
200711200WAS,RS,PHI,1927.0,,87,55,32
200711200WAS,RS,PHI,1958.0,,89,55,34
200711200WAS,RS,PHI,1975.0,,91,55,36
200711200WAS,RS,PHI,1975.0,,92,55,37
200711200WAS,RS,PHI,2013.0,,92,57,35
200711200WAS,RS,PHI,2013.0,,92,58,34
200711200WAS,RS,PHI,2029.0,,94,58,36
200711200WAS,RS,PHI,2041.0,,94,60,34
200711200WAS,RS,PHI,2058.0,,96,60,36
200711200WAS,RS,PHI,2073.0,,96,63,33
200711200WAS,RS,PHI,2109.4,,97,63,34
200711200WAS,RS,PHI,2109.4,,98,63,35
200711200WAS,RS,PHI,2128.1,,98,65,33
200711200WAS,RS,PHI,2157.1,,98,68,30
200711200WAS,RS,PHI,2169.0,,98,70,28
200711200WAS,RS,PHI,2231.0,,100,70,30
200711200WAS,RS,PHI,2253.0,,102,70,32
200711200WAS,RS,PHI,2277.0,,102,72,30
200711200WAS,RS,PHI,2317.0,,102,74,28
200711200WAS,RS,PHI,2339.0,,104,74,30
200711200WAS,RS,PHI,2365.0,,104,76,28
200711200WAS,RS,PHI,2372.0,,105,76,29
200711200WAS,RS,PHI,2372.0,,106,76,30
200711200WAS,RS,PHI,2392.0,,106,78,28
200711200WAS,RS,PHI,2431.0,,106,81,25
200711200WAS,RS,PHI,2454.0,,108,81,27
200711200WAS,RS,PHI,2535.0,,110,81,29
200711200WAS,RS,PHI,2583.0,,110,83,27
200711200WAS,RS,PHI,2613.0,,110,85,25
200711200WAS,RS,PHI,2649.0,,110,87,23
200711200WAS,RS,PHI,2676.0,,110,89,21
200711200WAS,RS,PHI,2676.0,,110,90,20
200711200WAS,RS,PHI,2688.0,,110,92,18
200711200WAS,RS,PHI,2704.0,,112,92,20
200711200WAS,RS,PHI,2751.0,,114,92,22
200711200WAS,RS,PHI,2767.0,,114,95,19
200711200WAS,RS,PHI,2787.0,,116,95,21
200711200WAS,RS,PHI,2804.0,,116,97,19
200711200WAS,RS,PHI,2834.1,,116,99,17
200711200WAS,RS,PHI,2869.5,F,116,101,15
200711200WAS,RS,PHI,2880.0,,116,101,15
200711210CHA,RS,CHA,0.0,,0,0,0
200711210CHA,RS,CHA,15.0,,0,2,-2
200711210CHA,RS,CHA,72.0,T,2,2,0
200711210CHA,RS,CHA,89.0,,2,4,-2
200711210CHA,RS,CHA,140.0,T,4,4,0
200711210CHA,RS,CHA,162.0,LC,5,4,1
200711210CHA,RS,CHA,162.0,,6,4,2
200711210CHA,RS,CHA,213.0,,8,4,4
200711210CHA,RS,CHA,236.0,,8,7,1
200711210CHA,RS,CHA,257.0,,10,7,3
200711210CHA,RS,CHA,297.0,,10,9,1
200711210CHA,RS,CHA,336.0,,12,9,3
200711210CHA,RS,CHA,336.0,,13,9,4
200711210CHA,RS,CHA,369.0,,13,12,1
200711210CHA,RS,CHA,391.0,,15,12,3
200711210CHA,RS,CHA,427.0,,17,12,5
200711210CHA,RS,CHA,483.0,,17,14,3
200711210CHA,RS,CHA,540.0,,19,14,5
200711210CHA,RS,CHA,548.0,,19,16,3
200711210CHA,RS,CHA,548.0,,19,17,2
200711210CHA,RS,CHA,565.0,,21,17,4
200711210CHA,RS,CHA,602.0,,22,17,5
200711210CHA,RS,CHA,656.0,,24,17,7
200711210CHA,RS,CHA,680.3,,24,20,4
200711210CHA,RS,CHA,702.3,,25,20,5
200711210CHA,RS,CHA,702.3,,26,20,6
200711210CHA,RS,CHA,775.0,,28,20,8
200711210CHA,RS,CHA,861.0,,28,22,6
200711210CHA,RS,CHA,901.0,,28,24,4
200711210CHA,RS,CHA,937.0,,28,27,1
200711210CHA,RS,CHA,980.0,LC,28,30,-2
200711210CHA,RS,CHA,1003.0,,29,30,-1
200711210CHA,RS,CHA,1003.0,T,30,30,0
200711210CHA,RS,CHA,1041.0,LC,31,30,1
200711210CHA,RS,CHA,1055.0,LC,31,32,-1
200711210CHA,RS,CHA,1097.0,,31,34,-3
200711210CHA,RS,CHA,1115.0,,32,34,-2
200711210CHA,RS,CHA,1153.0,,32,36,-4
200711210CHA,RS,CHA,1198.0,,34,36,-2
200711210CHA,RS,CHA,1222.0,,34,37,-3
200711210CHA,RS,CHA,1222.0,,34,38,-4
200711210CHA,RS,CHA,1299.0,,35,38,-3
200711210CHA,RS,CHA,1299.0,,36,38,-2
200711210CHA,RS,CHA,1335.0,T,38,38,0
200711210CHA,RS,CHA,1353.0,,38,40,-2
200711210CHA,RS,CHA,1353.0,,38,41,-3
200711210CHA,RS,CHA,1371.0,,40,41,-1
200711210CHA,RS,CHA,1397.0,,40,43,-3
200711210CHA,RS,CHA,1401.3,,41,43,-2
200711210CHA,RS,CHA,1401.3,,42,43,-1
200711210CHA,RS,CHA,1418.8,T,43,43,0
200711210CHA,RS,CHA,1418.8,LC,44,43,1
200711210CHA,RS,CHA,1438.0,LC,44,46,-2
200711210CHA,RS,CHA,1456.0,,44,48,-4
200711210CHA,RS,CHA,1482.0,,46,48,-2
200711210CHA,RS,CHA,1517.0,T,48,48,0
200711210CHA,RS,CHA,1553.0,,48,50,-2
200711210CHA,RS,CHA,1553.0,,48,51,-3
200711210CHA,RS,CHA,1563.0,,50,51,-1
200711210CHA,RS,CHA,1593.0,LC,52,51,1
200711210CHA,RS,CHA,1646.0,,53,51,2
200711210CHA,RS,CHA,1667.0,,55,51,4
200711210CHA,RS,CHA,1667.0,,56,51,5
200711210CHA,RS,CHA,1688.0,,58,51,7
200711210CHA,RS,CHA,1700.0,,58,53,5
200711210CHA,RS,CHA,1723.0,,60,53,7
200711210CHA,RS,CHA,1744.0,,60,54,6
200711210CHA,RS,CHA,1744.0,,60,55,5
200711210CHA,RS,CHA,1781.0,,62,55,7
200711210CHA,RS,CHA,1793.0,,62,57,5
200711210CHA,RS,CHA,1812.0,,62,59,3
200711210CHA,RS,CHA,1825.0,,64,59,5
200711210CHA,RS,CHA,1830.0,,64,60,4
200711210CHA,RS,CHA,1830.0,,64,61,3
200711210CHA,RS,CHA,1844.0,,66,61,5
200711210CHA,RS,CHA,1854.0,,66,63,3
200711210CHA,RS,CHA,1879.0,,66,65,1
200711210CHA,RS,CHA,1888.0,LC,66,68,-2
200711210CHA,RS,CHA,1904.0,,67,68,-1
200711210CHA,RS,CHA,1946.0,T,68,68,0
200711210CHA,RS,CHA,1946.0,LC,69,68,1
200711210CHA,RS,CHA,1961.0,LC,69,70,-1
200711210CHA,RS,CHA,1976.0,T,70,70,0
200711210CHA,RS,CHA,1976.0,LC,71,70,1
200711210CHA,RS,CHA,2001.0,,73,70,3
200711210CHA,RS,CHA,2031.0,T,73,73,0
200711210CHA,RS,CHA,2050.0,,75,73,2
200711210CHA,RS,CHA,2088.0,LC,75,76,-1
200711210CHA,RS,CHA,2105.1,LC,77,76,1
200711210CHA,RS,CHA,2116.9,LC,77,78,-1
200711210CHA,RS,CHA,2130.0,LC,79,78,1
200711210CHA,RS,CHA,2207.0,,81,78,3
200711210CHA,RS,CHA,2232.0,,82,78,4
200711210CHA,RS,CHA,2232.0,,83,78,5
200711210CHA,RS,CHA,2283.0,,83,80,3
200711210CHA,RS,CHA,2308.0,,86,80,6
200711210CHA,RS,CHA,2357.0,,86,82,4
200711210CHA,RS,CHA,2378.0,,87,82,5
200711210CHA,RS,CHA,2378.0,,88,82,6
200711210CHA,RS,CHA,2400.0,,88,84,4
200711210CHA,RS,CHA,2425.0,,88,85,3
200711210CHA,RS,CHA,2425.0,,88,86,2
200711210CHA,RS,CHA,2439.0,,90,86,4
200711210CHA,RS,CHA,2469.0,,93,86,7
200711210CHA,RS,CHA,2493.0,,93,87,6
200711210CHA,RS,CHA,2493.0,,93,88,5
200711210CHA,RS,CHA,2527.0,,95,88,7
200711210CHA,RS,CHA,2575.0,,95,90,5
200711210CHA,RS,CHA,2596.0,,96,90,6
200711210CHA,RS,CHA,2596.0,,97,90,7
200711210CHA,RS,CHA,2641.0,,99,90,9
200711210CHA,RS,CHA,2660.0,,99,93,6
200711210CHA,RS,CHA,2714.0,,99,95,4
200711210CHA,RS,CHA,2767.0,,101,95,6
200711210CHA,RS,CHA,2774.0,,101,96,5
200711210CHA,RS,CHA,2785.0,,101,99,2
200711210CHA,RS,CHA,2819.0,T,101,101,0
200711210CHA,RS,CHA,2836.4,,104,101,3
200711210CHA,RS,CHA,2844.4,,104,102,2
200711210CHA,RS,CHA,2857.5,,104,103,1
200711210CHA,RS,CHA,2857.5,T,104,104,0
200711210CHA,RS,CHA,2938.0,,106,104,2
200711210CHA,RS,CHA,2980.0,,108,104,4
200711210CHA,RS,CHA,3030.0,,108,105,3
200711210CHA,RS,CHA,3055.0,,111,105,6
200711210CHA,RS,CHA,3109.0,,111,106,5
200711210CHA,RS,CHA,3109.0,,111,107,4
200711210CHA,RS,CHA,3141.3,,111,109,2
200711210CHA,RS,CHA,3147.9,,112,109,3
200711210CHA,RS,CHA,3162.2,,112,111,1
200711210CHA,RS,CHA,3164.5,,113,111,2
200711210CHA,RS,CHA,3164.5,F,114,111,3
200711210CHA,RS,CHA,3180.0,,114,111,3
200711230WAS,RS,GSW,0.0,,0,0,0
200711230WAS,RS,GSW,30.0,,2,0,2
200711230WAS,RS,GSW,63.0,,5,0,5
200711230WAS,RS,GSW,129.0,,7,0,7
200711230WAS,RS,GSW,146.0,,7,2,5
200711230WAS,RS,GSW,174.0,,7,4,3
200711230WAS,RS,GSW,195.0,,9,4,5
200711230WAS,RS,GSW,208.0,,9,7,2
200711230WAS,RS,GSW,233.0,,10,7,3
200711230WAS,RS,GSW,233.0,,11,7,4
200711230WAS,RS,GSW,243.0,,11,10,1
200711230WAS,RS,GSW,268.0,,13,10,3
200711230WAS,RS,GSW,271.0,,15,10,5
200711230WAS,RS,GSW,296.0,,17,10,7
200711230WAS,RS,GSW,303.0,,17,12,5
200711230WAS,RS,GSW,338.0,,19,12,7
200711230WAS,RS,GSW,338.0,,20,12,8
200711230WAS,RS,GSW,389.0,,20,14,6
200711230WAS,RS,GSW,417.0,,20,16,4
200711230WAS,RS,GSW,442.0,,20,19,1
200711230WAS,RS,GSW,461.0,LC,20,21,-1
200711230WAS,RS,GSW,473.0,LC,23,21,2
200711230WAS,RS,GSW,488.0,LC,23,24,-1
200711230WAS,RS,GSW,503.0,LC,25,24,1
200711230WAS,RS,GSW,519.0,LC,25,27,-2
200711230WAS,RS,GSW,565.0,,25,29,-4
200711230WAS,RS,GSW,584.0,,27,29,-2
200711230WAS,RS,GSW,619.0,T,29,29,0
200711230WAS,RS,GSW,640.0,LC,31,29,2
200711230WAS,RS,GSW,687.7,,33,29,4
200711230WAS,RS,GSW,715.5,,33,30,3
200711230WAS,RS,GSW,740.0,,35,30,5
200711230WAS,RS,GSW,788.0,,37,30,7
200711230WAS,RS,GSW,804.0,,37,31,6
200711230WAS,RS,GSW,820.0,,39,31,8
200711230WAS,RS,GSW,857.0,,41,31,10
200711230WAS,RS,GSW,870.0,,41,33,8
200711230WAS,RS,GSW,894.0,,43,33,10
200711230WAS,RS,GSW,894.0,,44,33,11
200711230WAS,RS,GSW,944.0,,44,35,9
200711230WAS,RS,GSW,962.0,,46,35,11
200711230WAS,RS,GSW,978.0,,46,37,9
200711230WAS,RS,GSW,991.0,,48,37,11
200711230WAS,RS,GSW,1028.0,,48,40,8
200711230WAS,RS,GSW,1050.0,,48,42,6
200711230WAS,RS,GSW,1076.0,,48,45,3
200711230WAS,RS,GSW,1102.0,,50,45,5
200711230WAS,RS,GSW,1128.0,,50,47,3
200711230WAS,RS,GSW,1153.0,,52,47,5
200711230WAS,RS,GSW,1182.0,,54,47,7
200711230WAS,RS,GSW,1192.0,,54,50,4
200711230WAS,RS,GSW,1216.0,,56,50,6
200711230WAS,RS,GSW,1241.0,,56,53,3
200711230WAS,RS,GSW,1258.0,,56,54,2
200711230WAS,RS,GSW,1314.0,T,56,56,0
200711230WAS,RS,GSW,1350.0,LC,56,58,-2
200711230WAS,RS,GSW,1407.5,LC,59,58,1
200711230WAS,RS,GSW,1428.3,T,59,59,0
200711230WAS,RS,GSW,1428.3,LC,59,60,-1
200711230WAS,RS,GSW,1437.6,T,60,60,0
200711230WAS,RS,GSW,1437.6,LC,61,60,1
200711230WAS,RS,GSW,1461.0,,63,60,3
200711230WAS,RS,GSW,1516.0,,63,61,2
200711230WAS,RS,GSW,1516.0,,63,62,1
200711230WAS,RS,GSW,1535.0,LC,63,64,-1
200711230WAS,RS,GSW,1556.0,LC,66,64,2
200711230WAS,RS,GSW,1571.0,T,66,66,0
200711230WAS,RS,GSW,1591.0,,67,66,1
200711230WAS,RS,GSW,1591.0,,68,66,2
200711230WAS,RS,GSW,1606.0,T,68,68,0
200711230WAS,RS,GSW,1644.0,LC,68,70,-2
200711230WAS,RS,GSW,1666.0,T,70,70,0
200711230WAS,RS,GSW,1688.0,,70,73,-3
200711230WAS,RS,GSW,1701.0,,72,73,-1
200711230WAS,RS,GSW,1714.0,,72,76,-4
200711230WAS,RS,GSW,1751.0,,72,78,-6
200711230WAS,RS,GSW,1788.0,,72,81,-9
200711230WAS,RS,GSW,1847.0,,74,81,-7
200711230WAS,RS,GSW,1851.0,,74,83,-9
200711230WAS,RS,GSW,1870.0,,75,83,-8
200711230WAS,RS,GSW,1873.0,,77,83,-6
200711230WAS,RS,GSW,1885.0,,77,85,-8
200711230WAS,RS,GSW,1908.0,,78,85,-7
200711230WAS,RS,GSW,1908.0,,79,85,-6
200711230WAS,RS,GSW,1937.0,,79,88,-9
200711230WAS,RS,GSW,1984.0,,81,88,-7
200711230WAS,RS,GSW,2010.0,,82,88,-6
200711230WAS,RS,GSW,2010.0,,83,88,-5
200711230WAS,RS,GSW,2052.0,,85,88,-3
200711230WAS,RS,GSW,2078.0,,85,89,-4
200711230WAS,RS,GSW,2078.0,,85,90,-5
200711230WAS,RS,GSW,2095.0,,86,90,-4
200711230WAS,RS,GSW,2095.0,,87,90,-3
200711230WAS,RS,GSW,2119.2,,89,90,-1
200711230WAS,RS,GSW,2181.0,,89,92,-3
200711230WAS,RS,GSW,2203.0,,90,92,-2
200711230WAS,RS,GSW,2286.0,,91,92,-1
200711230WAS,RS,GSW,2286.0,T,92,92,0
200711230WAS,RS,GSW,2303.0,,92,94,-2
200711230WAS,RS,GSW,2314.0,,93,94,-1
200711230WAS,RS,GSW,2340.0,,93,97,-4
200711230WAS,RS,GSW,2361.0,,95,97,-2
200711230WAS,RS,GSW,2366.0,,95,98,-3
200711230WAS,RS,GSW,2366.0,,95,99,-4
200711230WAS,RS,GSW,2378.0,,97,99,-2
200711230WAS,RS,GSW,2392.0,,97,100,-3
200711230WAS,RS,GSW,2461.0,,99,100,-1
200711230WAS,RS,GSW,2475.0,,99,102,-3
200711230WAS,RS,GSW,2529.0,,101,102,-1
200711230WAS,RS,GSW,2551.0,,101,105,-4
200711230WAS,RS,GSW,2570.0,,104,105,-1
200711230WAS,RS,GSW,2591.0,,104,106,-2
200711230WAS,RS,GSW,2624.0,,105,106,-1
200711230WAS,RS,GSW,2647.0,,105,108,-3
200711230WAS,RS,GSW,2675.0,T,108,108,0
200711230WAS,RS,GSW,2693.0,,108,111,-3
200711230WAS,RS,GSW,2715.0,,110,111,-1
200711230WAS,RS,GSW,2736.0,,110,113,-3
200711230WAS,RS,GSW,2758.0,,111,113,-2
200711230WAS,RS,GSW,2758.0,,112,113,-1
200711230WAS,RS,GSW,2772.0,,112,115,-3
200711230WAS,RS,GSW,2812.0,,112,117,-5
200711230WAS,RS,GSW,2821.3,,113,117,-4
200711230WAS,RS,GSW,2841.4,,113,119,-6
200711230WAS,RS,GSW,2841.4,,113,120,-7
200711230WAS,RS,GSW,2848.2,,113,121,-8
200711230WAS,RS,GSW,2865.1,,113,123,-10
200711230WAS,RS,GSW,2871.7,F,115,123,-8
200711230WAS,RS,GSW,2880.0,,115,123,-8
200711240MEM,RS,MEM,0.0,,0,0,0
200711240MEM,RS,MEM,33.0,,2,0,2
200711240MEM,RS,MEM,42.0,T,2,2,0
200711240MEM,RS,MEM,62.0,,4,2,2
200711240MEM,RS,MEM,188.0,,6,2,4
200711240MEM,RS,MEM,207.0,,6,5,1
200711240MEM,RS,MEM,225.0,,8,5,3
200711240MEM,RS,MEM,267.0,,8,7,1
200711240MEM,RS,MEM,289.0,,10,7,3
200711240MEM,RS,MEM,312.0,,10,9,1
200711240MEM,RS,MEM,328.0,,12,9,3
200711240MEM,RS,MEM,364.0,,12,11,1
200711240MEM,RS,MEM,378.0,,13,11,2
200711240MEM,RS,MEM,400.0,T,13,13,0
200711240MEM,RS,MEM,417.0,,16,13,3
200711240MEM,RS,MEM,454.0,T,16,16,0
200711240MEM,RS,MEM,510.0,LC,16,18,-2
200711240MEM,RS,MEM,530.0,T,18,18,0
200711240MEM,RS,MEM,571.0,LC,20,18,2
200711240MEM,RS,MEM,592.0,T,20,20,0
200711240MEM,RS,MEM,634.0,LC,20,23,-3
200711240MEM,RS,MEM,655.0,,22,23,-1
200711240MEM,RS,MEM,672.7,LC,24,23,1
200711240MEM,RS,MEM,686.4,LC,24,25,-1
200711240MEM,RS,MEM,701.2,LC,26,25,1
200711240MEM,RS,MEM,718.7,T,26,26,0
200711240MEM,RS,MEM,760.0,,28,26,2
200711240MEM,RS,MEM,796.0,,30,26,4
200711240MEM,RS,MEM,837.0,,30,28,2
200711240MEM,RS,MEM,855.0,,33,28,5
200711240MEM,RS,MEM,915.0,,35,28,7
200711240MEM,RS,MEM,940.0,,36,28,8
200711240MEM,RS,MEM,940.0,,37,28,9
200711240MEM,RS,MEM,1016.0,,37,31,6
200711240MEM,RS,MEM,1083.0,,37,33,4
200711240MEM,RS,MEM,1101.0,,39,33,6
200711240MEM,RS,MEM,1114.0,,39,35,4
200711240MEM,RS,MEM,1127.0,,41,35,6
200711240MEM,RS,MEM,1138.0,,41,38,3
200711240MEM,RS,MEM,1204.0,,41,40,1
200711240MEM,RS,MEM,1204.0,T,41,41,0
200711240MEM,RS,MEM,1231.0,LC,41,43,-2
200711240MEM,RS,MEM,1248.0,T,43,43,0
200711240MEM,RS,MEM,1257.0,,43,45,-2
200711240MEM,RS,MEM,1275.0,,43,48,-5
200711240MEM,RS,MEM,1289.0,,45,48,-3
200711240MEM,RS,MEM,1309.0,,45,50,-5
200711240MEM,RS,MEM,1331.0,,47,50,-3
200711240MEM,RS,MEM,1349.0,T,50,50,0
200711240MEM,RS,MEM,1387.5,LC,51,50,1
200711240MEM,RS,MEM,1433.9,,53,50,3
200711240MEM,RS,MEM,1485.0,,53,52,1
200711240MEM,RS,MEM,1499.0,,55,52,3
200711240MEM,RS,MEM,1499.0,,56,52,4
200711240MEM,RS,MEM,1536.0,,58,52,6
200711240MEM,RS,MEM,1545.0,,58,54,4
200711240MEM,RS,MEM,1571.0,,60,54,6
200711240MEM,RS,MEM,1586.0,,60,57,3
200711240MEM,RS,MEM,1618.0,T,60,60,0
200711240MEM,RS,MEM,1656.0,LC,60,62,-2
200711240MEM,RS,MEM,1697.0,T,62,62,0
200711240MEM,RS,MEM,1733.0,,62,64,-2
200711240MEM,RS,MEM,1790.0,T,64,64,0
200711240MEM,RS,MEM,1804.0,,64,67,-3
200711240MEM,RS,MEM,1822.0,,66,67,-1
200711240MEM,RS,MEM,1838.0,,66,68,-2
200711240MEM,RS,MEM,1838.0,,66,69,-3
200711240MEM,RS,MEM,1874.0,,67,69,-2
200711240MEM,RS,MEM,1874.0,,68,69,-1
200711240MEM,RS,MEM,1886.0,LC,70,69,1
200711240MEM,RS,MEM,1912.0,,72,69,3
200711240MEM,RS,MEM,1921.0,,74,69,5
200711240MEM,RS,MEM,1944.0,,74,71,3
200711240MEM,RS,MEM,1966.0,,74,73,1
200711240MEM,RS,MEM,1966.0,T,74,74,0
200711240MEM,RS,MEM,2014.0,LC,74,75,-1
200711240MEM,RS,MEM,2014.0,,74,76,-2
200711240MEM,RS,MEM,2053.0,,74,79,-5
200711240MEM,RS,MEM,2075.0,,74,80,-6
200711240MEM,RS,MEM,2098.0,,76,80,-4
200711240MEM,RS,MEM,2138.5,,78,80,-2
200711240MEM,RS,MEM,2159.2,,78,81,-3
200711240MEM,RS,MEM,2159.2,,78,82,-4
200711240MEM,RS,MEM,2176.0,,78,84,-6
200711240MEM,RS,MEM,2196.0,,80,84,-4
200711240MEM,RS,MEM,2220.0,,80,86,-6
200711240MEM,RS,MEM,2220.0,,80,87,-7
200711240MEM,RS,MEM,2274.0,,80,88,-8
200711240MEM,RS,MEM,2274.0,,80,89,-9
200711240MEM,RS,MEM,2298.0,,82,89,-7
200711240MEM,RS,MEM,2322.0,,82,91,-9
200711240MEM,RS,MEM,2336.0,,85,91,-6
200711240MEM,RS,MEM,2362.0,,85,92,-7
200711240MEM,RS,MEM,2362.0,,85,93,-8
200711240MEM,RS,MEM,2396.0,,85,95,-10
200711240MEM,RS,MEM,2438.0,,85,96,-11
200711240MEM,RS,MEM,2447.0,,86,96,-10
200711240MEM,RS,MEM,2447.0,,87,96,-9
200711240MEM,RS,MEM,2492.0,,87,99,-12
200711240MEM,RS,MEM,2510.0,,87,100,-13
200711240MEM,RS,MEM,2510.0,,87,101,-14
200711240MEM,RS,MEM,2524.0,,90,101,-11
200711240MEM,RS,MEM,2544.0,,90,103,-13
200711240MEM,RS,MEM,2563.0,,92,103,-11
200711240MEM,RS,MEM,2563.0,,93,103,-10
200711240MEM,RS,MEM,2578.0,,93,104,-11
200711240MEM,RS,MEM,2578.0,,93,105,-12
200711240MEM,RS,MEM,2592.0,,96,105,-9
200711240MEM,RS,MEM,2626.0,,97,105,-8
200711240MEM,RS,MEM,2648.0,,97,108,-11
200711240MEM,RS,MEM,2682.0,,98,108,-10
200711240MEM,RS,MEM,2704.0,,98,111,-13
200711240MEM,RS,MEM,2715.0,,99,111,-12
200711240MEM,RS,MEM,2724.0,,102,111,-9
200711240MEM,RS,MEM,2742.0,,102,112,-10
200711240MEM,RS,MEM,2742.0,,102,113,-11
200711240MEM,RS,MEM,2749.0,,104,113,-9
200711240MEM,RS,MEM,2749.0,,105,113,-8
200711240MEM,RS,MEM,2772.0,,105,115,-10
200711240MEM,RS,MEM,2814.0,,107,115,-8
200711240MEM,RS,MEM,2818.0,,110,115,-5
200711240MEM,RS,MEM,2839.3,,110,117,-7
200711240MEM,RS,MEM,2851.2,,110,118,-8
200711240MEM,RS,MEM,2851.2,,110,119,-9
200711240MEM,RS,MEM,2854.2,,113,119,-6
200711240MEM,RS,MEM,2855.2,,113,120,-7
200711240MEM,RS,MEM,2855.2,,113,121,-8
200711240MEM,RS,MEM,2858.1,,116,121,-5
200711240MEM,RS,MEM,2858.9,,116,122,-6
200711240MEM,RS,MEM,2866.6,,118,122,-4
200711240MEM,RS,MEM,2877.1,,118,123,-5
200711240MEM,RS,MEM,2877.1,F,118,124,-6
200711240MEM,RS,MEM,2880.0,,118,124,-6
200711260DAL,RS,DAL,0.0,,0,0,0
200711260DAL,RS,DAL,37.0,,2,0,2
200711260DAL,RS,DAL,46.0,T,2,2,0
200711260DAL,RS,DAL,60.0,,5,2,3
200711260DAL,RS,DAL,83.0,,5,4,1
200711260DAL,RS,DAL,129.0,LC,5,6,-1
200711260DAL,RS,DAL,129.0,,5,7,-2
200711260DAL,RS,DAL,147.0,T,7,7,0
200711260DAL,RS,DAL,170.0,,7,9,-2
200711260DAL,RS,DAL,218.0,T,9,9,0
200711260DAL,RS,DAL,247.0,,9,11,-2
200711260DAL,RS,DAL,270.0,,9,12,-3
200711260DAL,RS,DAL,278.0,,9,14,-5
200711260DAL,RS,DAL,303.0,,9,16,-7
200711260DAL,RS,DAL,321.0,,11,16,-5
200711260DAL,RS,DAL,337.0,,11,18,-7
200711260DAL,RS,DAL,362.0,,11,20,-9
200711260DAL,RS,DAL,381.0,,12,20,-8
200711260DAL,RS,DAL,381.0,,13,20,-7
200711260DAL,RS,DAL,412.0,,15,20,-5
200711260DAL,RS,DAL,456.0,,15,22,-7
200711260DAL,RS,DAL,473.0,,16,22,-6
200711260DAL,RS,DAL,473.0,,17,22,-5
200711260DAL,RS,DAL,509.0,,19,22,-3
200711260DAL,RS,DAL,535.0,,19,24,-5
200711260DAL,RS,DAL,595.0,,20,24,-4
200711260DAL,RS,DAL,595.0,,21,24,-3
200711260DAL,RS,DAL,624.0,,21,25,-4
200711260DAL,RS,DAL,624.0,,21,26,-5
200711260DAL,RS,DAL,653.0,,22,26,-4
200711260DAL,RS,DAL,662.6,,24,26,-2
200711260DAL,RS,DAL,687.7,T,26,26,0
200711260DAL,RS,DAL,710.8,,26,27,-1
200711260DAL,RS,DAL,710.8,,26,28,-2
200711260DAL,RS,DAL,781.0,T,28,28,0
200711260DAL,RS,DAL,821.0,LC,30,28,2
200711260DAL,RS,DAL,852.0,,32,28,4
200711260DAL,RS,DAL,900.0,,32,30,2
200711260DAL,RS,DAL,942.0,,35,30,5
200711260DAL,RS,DAL,965.0,,35,33,2
200711260DAL,RS,DAL,965.0,,35,34,1
200711260DAL,RS,DAL,984.0,,37,34,3
200711260DAL,RS,DAL,984.0,,38,34,4
200711260DAL,RS,DAL,1049.0,,38,36,2
200711260DAL,RS,DAL,1092.0,,39,36,3
200711260DAL,RS,DAL,1269.0,,39,38,1
200711260DAL,RS,DAL,1269.0,T,39,39,0
200711260DAL,RS,DAL,1282.0,,40,39,1
200711260DAL,RS,DAL,1282.0,,41,39,2
200711260DAL,RS,DAL,1292.0,T,41,41,0
200711260DAL,RS,DAL,1325.0,LC,41,43,-2
200711260DAL,RS,DAL,1354.0,,41,44,-3
200711260DAL,RS,DAL,1354.0,,41,45,-4
200711260DAL,RS,DAL,1364.0,,42,45,-3
200711260DAL,RS,DAL,1364.0,,43,45,-2
200711260DAL,RS,DAL,1404.5,T,45,45,0
200711260DAL,RS,DAL,1436.4,LC,47,45,2
200711260DAL,RS,DAL,1440.0,,48,45,3
200711260DAL,RS,DAL,1469.0,,50,45,5
200711260DAL,RS,DAL,1573.0,,50,47,3
200711260DAL,RS,DAL,1593.0,,51,47,4
200711260DAL,RS,DAL,1593.0,,52,47,5
200711260DAL,RS,DAL,1601.0,,52,48,4
200711260DAL,RS,DAL,1601.0,,52,49,3
200711260DAL,RS,DAL,1616.0,,54,49,5
200711260DAL,RS,DAL,1636.0,,54,51,3
200711260DAL,RS,DAL,1675.0,,54,53,1
200711260DAL,RS,DAL,1675.0,T,54,54,0
200711260DAL,RS,DAL,1687.0,,56,54,2
200711260DAL,RS,DAL,1687.0,,57,54,3
200711260DAL,RS,DAL,1739.0,,59,54,5
200711260DAL,RS,DAL,1750.0,,60,54,6
200711260DAL,RS,DAL,1782.0,,61,54,7
200711260DAL,RS,DAL,1782.0,,62,54,8
200711260DAL,RS,DAL,1812.0,,63,54,9
200711260DAL,RS,DAL,1812.0,,64,54,10
200711260DAL,RS,DAL,1817.0,,64,56,8
200711260DAL,RS,DAL,1817.0,,64,57,7
200711260DAL,RS,DAL,1832.0,,67,57,10
200711260DAL,RS,DAL,1848.0,,67,59,8
200711260DAL,RS,DAL,1871.0,,70,59,11
200711260DAL,RS,DAL,1889.0,,70,61,9
200711260DAL,RS,DAL,1909.0,,72,61,11
200711260DAL,RS,DAL,1945.0,,72,64,8
200711260DAL,RS,DAL,1978.0,,74,64,10
200711260DAL,RS,DAL,1991.0,,74,66,8
200711260DAL,RS,DAL,2009.0,,76,66,10
200711260DAL,RS,DAL,2030.0,,76,68,8
200711260DAL,RS,DAL,2047.0,,78,68,10
200711260DAL,RS,DAL,2075.0,,80,68,12
200711260DAL,RS,DAL,2095.0,,80,70,10
200711260DAL,RS,DAL,2112.3,,82,70,12
200711260DAL,RS,DAL,2130.6,,82,71,11
200711260DAL,RS,DAL,2130.6,,82,72,10
200711260DAL,RS,DAL,2152.2,,85,72,13
200711260DAL,RS,DAL,2172.0,,85,74,11
200711260DAL,RS,DAL,2215.0,,85,77,8
200711260DAL,RS,DAL,2253.0,,87,77,10
200711260DAL,RS,DAL,2284.0,,89,77,12
200711260DAL,RS,DAL,2306.0,,91,77,14
200711260DAL,RS,DAL,2321.0,,91,78,13
200711260DAL,RS,DAL,2321.0,,91,79,12
200711260DAL,RS,DAL,2377.0,,91,81,10
200711260DAL,RS,DAL,2377.0,,91,82,9
200711260DAL,RS,DAL,2396.0,,93,82,11
200711260DAL,RS,DAL,2444.0,,94,82,12
200711260DAL,RS,DAL,2466.0,,94,83,11
200711260DAL,RS,DAL,2466.0,,94,84,10
200711260DAL,RS,DAL,2477.0,,96,84,12
200711260DAL,RS,DAL,2485.0,,96,86,10
200711260DAL,RS,DAL,2501.0,,98,86,12
200711260DAL,RS,DAL,2501.0,,99,86,13
200711260DAL,RS,DAL,2520.0,,99,87,12
200711260DAL,RS,DAL,2520.0,,99,88,11
200711260DAL,RS,DAL,2536.0,,102,88,14
200711260DAL,RS,DAL,2564.0,,103,88,15
200711260DAL,RS,DAL,2564.0,,104,88,16
200711260DAL,RS,DAL,2636.0,,105,88,17
200711260DAL,RS,DAL,2639.0,,107,88,19
200711260DAL,RS,DAL,2663.0,,107,89,18
200711260DAL,RS,DAL,2663.0,,107,90,17
200711260DAL,RS,DAL,2691.0,,107,92,15
200711260DAL,RS,DAL,2726.0,,107,93,14
200711260DAL,RS,DAL,2726.0,,107,94,13
200711260DAL,RS,DAL,2759.0,,107,95,12
200711260DAL,RS,DAL,2759.0,,107,96,11
200711260DAL,RS,DAL,2790.0,,107,98,9
200711260DAL,RS,DAL,2875.9,F,110,98,12
200711260DAL,RS,DAL,2880.0,,110,98,12
200711280SAS,RS,SAS,0.0,,0,0,0
200711280SAS,RS,SAS,78.0,,0,2,-2
200711280SAS,RS,SAS,98.0,T,2,2,0
200711280SAS,RS,SAS,119.0,,2,4,-2
200711280SAS,RS,SAS,174.0,,2,6,-4
200711280SAS,RS,SAS,195.0,,5,6,-1
200711280SAS,RS,SAS,219.0,,5,9,-4
200711280SAS,RS,SAS,234.0,,7,9,-2
200711280SAS,RS,SAS,262.0,,7,11,-4
200711280SAS,RS,SAS,280.0,,9,11,-2
200711280SAS,RS,SAS,298.0,,9,12,-3
200711280SAS,RS,SAS,340.0,,9,14,-5
200711280SAS,RS,SAS,365.0,,11,14,-3
200711280SAS,RS,SAS,398.0,,13,14,-1
200711280SAS,RS,SAS,414.0,,13,16,-3
200711280SAS,RS,SAS,463.0,T,16,16,0
200711280SAS,RS,SAS,483.0,,16,19,-3
200711280SAS,RS,SAS,542.0,,16,21,-5
200711280SAS,RS,SAS,604.0,,18,21,-3
200711280SAS,RS,SAS,616.0,,18,23,-5
200711280SAS,RS,SAS,637.0,,21,23,-2
200711280SAS,RS,SAS,672.8,T,23,23,0
200711280SAS,RS,SAS,716.9,,23,24,-1
200711280SAS,RS,SAS,762.0,,23,27,-4
200711280SAS,RS,SAS,784.0,,26,27,-1
200711280SAS,RS,SAS,821.0,LC,28,27,1
200711280SAS,RS,SAS,842.0,LC,28,29,-1
200711280SAS,RS,SAS,861.0,T,29,29,0
200711280SAS,RS,SAS,883.0,,29,31,-2
200711280SAS,RS,SAS,899.0,T,31,31,0
200711280SAS,RS,SAS,917.0,,31,34,-3
200711280SAS,RS,SAS,936.0,T,34,34,0
200711280SAS,RS,SAS,948.0,,34,36,-2
200711280SAS,RS,SAS,957.0,T,36,36,0
200711280SAS,RS,SAS,976.0,,36,38,-2
200711280SAS,RS,SAS,1039.0,,36,39,-3
200711280SAS,RS,SAS,1039.0,,36,40,-4
200711280SAS,RS,SAS,1110.0,,38,40,-2
200711280SAS,RS,SAS,1148.0,,38,41,-3
200711280SAS,RS,SAS,1191.0,,40,41,-1
200711280SAS,RS,SAS,1241.0,,40,43,-3
200711280SAS,RS,SAS,1299.0,,40,45,-5
200711280SAS,RS,SAS,1322.0,,42,45,-3
200711280SAS,RS,SAS,1348.0,,42,47,-5
200711280SAS,RS,SAS,1399.4,,44,47,-3
200711280SAS,RS,SAS,1410.0,,44,48,-4
200711280SAS,RS,SAS,1410.0,,44,49,-5
200711280SAS,RS,SAS,1433.5,,46,49,-3
200711280SAS,RS,SAS,1480.0,,46,51,-5
200711280SAS,RS,SAS,1493.0,,48,51,-3
200711280SAS,RS,SAS,1542.0,,48,53,-5
200711280SAS,RS,SAS,1581.0,,48,56,-8
200711280SAS,RS,SAS,1595.0,,49,56,-7
200711280SAS,RS,SAS,1595.0,,50,56,-6
200711280SAS,RS,SAS,1595.0,,51,56,-5
200711280SAS,RS,SAS,1623.0,,51,58,-7
200711280SAS,RS,SAS,1685.0,,51,61,-10
200711280SAS,RS,SAS,1701.0,,53,61,-8
200711280SAS,RS,SAS,1722.0,,53,63,-10
200711280SAS,RS,SAS,1745.0,,55,63,-8
200711280SAS,RS,SAS,1790.0,,56,63,-7
200711280SAS,RS,SAS,1790.0,,57,63,-6
200711280SAS,RS,SAS,1804.0,,57,65,-8
200711280SAS,RS,SAS,1830.0,,57,68,-11
200711280SAS,RS,SAS,1855.0,,57,70,-13
200711280SAS,RS,SAS,1873.0,,58,70,-12
200711280SAS,RS,SAS,1883.0,,58,72,-14
200711280SAS,RS,SAS,1900.0,,60,72,-12
200711280SAS,RS,SAS,1943.0,,60,74,-14
200711280SAS,RS,SAS,1953.0,,61,74,-13
200711280SAS,RS,SAS,1953.0,,62,74,-12
200711280SAS,RS,SAS,1953.0,,63,74,-11
200711280SAS,RS,SAS,1998.0,,63,76,-13
200711280SAS,RS,SAS,2029.0,,66,76,-10
200711280SAS,RS,SAS,2067.0,,66,77,-11
200711280SAS,RS,SAS,2087.0,,68,77,-9
200711280SAS,RS,SAS,2133.9,,68,79,-11
200711280SAS,RS,SAS,2156.0,,69,79,-10
200711280SAS,RS,SAS,2156.0,,70,79,-9
200711280SAS,RS,SAS,2175.0,,70,81,-11
200711280SAS,RS,SAS,2190.0,,72,81,-9
200711280SAS,RS,SAS,2221.0,,74,81,-7
200711280SAS,RS,SAS,2237.0,,74,83,-9
200711280SAS,RS,SAS,2260.0,,76,83,-7
200711280SAS,RS,SAS,2284.0,,76,86,-10
200711280SAS,RS,SAS,2324.0,,77,86,-9
200711280SAS,RS,SAS,2324.0,,78,86,-8
200711280SAS,RS,SAS,2367.0,,80,86,-6
200711280SAS,RS,SAS,2382.0,,80,87,-7
200711280SAS,RS,SAS,2382.0,,80,88,-8
200711280SAS,RS,SAS,2490.0,,80,90,-10
200711280SAS,RS,SAS,2518.0,,80,93,-13
200711280SAS,RS,SAS,2542.0,,80,95,-15
200711280SAS,RS,SAS,2542.0,,80,96,-16
200711280SAS,RS,SAS,2556.0,,83,96,-13
200711280SAS,RS,SAS,2611.0,,83,97,-14
200711280SAS,RS,SAS,2611.0,,83,98,-15
200711280SAS,RS,SAS,2631.0,,83,100,-17
200711280SAS,RS,SAS,2656.0,,84,100,-16
200711280SAS,RS,SAS,2656.0,,85,100,-15
200711280SAS,RS,SAS,2664.0,,85,102,-17
200711280SAS,RS,SAS,2676.0,,87,102,-15
200711280SAS,RS,SAS,2697.0,,87,104,-17
200711280SAS,RS,SAS,2705.0,,89,104,-15
200711280SAS,RS,SAS,2725.0,,89,106,-17
200711280SAS,RS,SAS,2766.0,,91,106,-15
200711280SAS,RS,SAS,2791.0,,91,109,-18
200711280SAS,RS,SAS,2806.0,F,94,109,-15
200711280SAS,RS,SAS,2880.0,,94,109,-15
200711300PHI,RS,PHI,0.0,,0,0,0
200711300PHI,RS,PHI,22.0,,0,2,-2
200711300PHI,RS,PHI,84.0,,0,4,-4
200711300PHI,RS,PHI,144.0,,3,4,-1
200711300PHI,RS,PHI,157.0,,3,6,-3
200711300PHI,RS,PHI,228.0,,5,6,-1
200711300PHI,RS,PHI,250.0,,5,8,-3
200711300PHI,RS,PHI,266.0,,7,8,-1
200711300PHI,RS,PHI,279.0,,7,10,-3
200711300PHI,RS,PHI,327.0,,7,12,-5
200711300PHI,RS,PHI,359.0,,7,13,-6
200711300PHI,RS,PHI,390.0,,8,13,-5
200711300PHI,RS,PHI,435.0,,8,15,-7
200711300PHI,RS,PHI,470.0,,10,15,-5
200711300PHI,RS,PHI,488.0,,10,17,-7
200711300PHI,RS,PHI,515.0,,10,19,-9
200711300PHI,RS,PHI,543.0,,10,21,-11
200711300PHI,RS,PHI,566.0,,11,21,-10
200711300PHI,RS,PHI,566.0,,12,21,-9
200711300PHI,RS,PHI,593.0,,12,23,-11
200711300PHI,RS,PHI,609.0,,14,23,-9
200711300PHI,RS,PHI,645.0,,16,23,-7
200711300PHI,RS,PHI,671.1,,18,23,-5
200711300PHI,RS,PHI,696.1,,18,25,-7
200711300PHI,RS,PHI,716.1,,20,25,-5
200711300PHI,RS,PHI,758.0,,22,25,-3
200711300PHI,RS,PHI,795.0,,23,25,-2
200711300PHI,RS,PHI,795.0,,24,25,-1
200711300PHI,RS,PHI,818.0,,24,26,-2
200711300PHI,RS,PHI,866.0,T,26,26,0
200711300PHI,RS,PHI,916.0,,26,28,-2
200711300PHI,RS,PHI,916.0,,26,29,-3
200711300PHI,RS,PHI,960.0,,26,31,-5
200711300PHI,RS,PHI,976.0,,28,31,-3
200711300PHI,RS,PHI,992.0,,30,31,-1
200711300PHI,RS,PHI,1061.0,LC,32,31,1
200711300PHI,RS,PHI,1080.0,T,32,32,0
200711300PHI,RS,PHI,1080.0,LC,32,33,-1
200711300PHI,RS,PHI,1103.0,,32,35,-3
200711300PHI,RS,PHI,1164.0,,32,37,-5
200711300PHI,RS,PHI,1181.0,,34,37,-3
200711300PHI,RS,PHI,1240.0,,34,38,-4
200711300PHI,RS,PHI,1260.0,,37,38,-1
200711300PHI,RS,PHI,1318.0,LC,39,38,1
200711300PHI,RS,PHI,1342.0,LC,39,40,-1
200711300PHI,RS,PHI,1365.0,T,40,40,0
200711300PHI,RS,PHI,1365.0,LC,41,40,1
200711300PHI,RS,PHI,1381.5,,42,40,2
200711300PHI,RS,PHI,1381.5,,43,40,3
200711300PHI,RS,PHI,1394.1,,43,42,1
200711300PHI,RS,PHI,1480.0,LC,43,44,-1
200711300PHI,RS,PHI,1505.0,LC,45,44,1
200711300PHI,RS,PHI,1536.0,LC,45,46,-1
200711300PHI,RS,PHI,1556.0,LC,47,46,1
200711300PHI,RS,PHI,1572.0,,49,46,3
200711300PHI,RS,PHI,1602.0,,51,46,5
200711300PHI,RS,PHI,1666.0,,51,48,3
200711300PHI,RS,PHI,1696.0,,53,48,5
200711300PHI,RS,PHI,1719.0,,53,50,3
200711300PHI,RS,PHI,1740.0,,55,50,5
200711300PHI,RS,PHI,1750.0,,55,52,3
200711300PHI,RS,PHI,1780.0,,55,54,1
200711300PHI,RS,PHI,1809.0,LC,55,56,-1
200711300PHI,RS,PHI,1841.0,LC,57,56,1
200711300PHI,RS,PHI,1858.0,LC,57,58,-1
200711300PHI,RS,PHI,1875.0,LC,59,58,1
200711300PHI,RS,PHI,1900.0,,62,58,4
200711300PHI,RS,PHI,1940.0,,62,60,2
200711300PHI,RS,PHI,1947.0,,63,60,3
200711300PHI,RS,PHI,1947.0,,64,60,4
200711300PHI,RS,PHI,1961.0,,64,62,2
200711300PHI,RS,PHI,1994.0,,67,62,5
200711300PHI,RS,PHI,2061.0,,67,64,3
200711300PHI,RS,PHI,2105.4,,68,64,4
200711300PHI,RS,PHI,2110.1,,68,66,2
200711300PHI,RS,PHI,2131.3,T,68,68,0
200711300PHI,RS,PHI,2173.0,LC,68,69,-1
200711300PHI,RS,PHI,2173.0,,68,70,-2
200711300PHI,RS,PHI,2199.0,T,70,70,0
200711300PHI,RS,PHI,2230.0,LC,72,70,2
200711300PHI,RS,PHI,2289.0,,74,70,4
200711300PHI,RS,PHI,2304.0,,74,71,3
200711300PHI,RS,PHI,2334.0,,74,72,2
200711300PHI,RS,PHI,2334.0,,74,73,1
200711300PHI,RS,PHI,2390.0,T,74,74,0
200711300PHI,RS,PHI,2418.0,,76,74,2
200711300PHI,RS,PHI,2469.0,T,76,76,0
200711300PHI,RS,PHI,2517.0,,78,76,2
200711300PHI,RS,PHI,2574.0,,78,77,1
200711300PHI,RS,PHI,2574.0,T,78,78,0
200711300PHI,RS,PHI,2664.0,LC,78,79,-1
200711300PHI,RS,PHI,2664.0,,78,80,-2
200711300PHI,RS,PHI,2706.0,,78,82,-4
200711300PHI,RS,PHI,2814.0,,78,83,-5
200711300PHI,RS,PHI,2814.0,,78,84,-6
200711300PHI,RS,PHI,2817.0,,81,84,-3
200711300PHI,RS,PHI,2834.8,,81,85,-4
200711300PHI,RS,PHI,2848.1,F,84,85,-1
200711300PHI,RS,PHI,2880.0,,84,85,-1
200712010WAS,RS,TOR,0.0,,0,0,0
200712010WAS,RS,TOR,17.0,,3,0,3
200712010WAS,RS,TOR,33.0,,3,2,1
200712010WAS,RS,TOR,97.0,,6,2,4
200712010WAS,RS,TOR,119.0,,6,3,3
200712010WAS,RS,TOR,138.0,,9,3,6
200712010WAS,RS,TOR,238.0,,9,5,4
200712010WAS,RS,TOR,295.0,,9,7,2
200712010WAS,RS,TOR,325.0,T,9,9,0
200712010WAS,RS,TOR,356.0,LC,9,11,-2
200712010WAS,RS,TOR,368.0,T,11,11,0
200712010WAS,RS,TOR,386.0,,11,14,-3
200712010WAS,RS,TOR,421.0,,13,14,-1
200712010WAS,RS,TOR,449.0,T,14,14,0
200712010WAS,RS,TOR,495.0,,14,17,-3
200712010WAS,RS,TOR,511.0,T,17,17,0
200712010WAS,RS,TOR,533.0,LC,19,17,2
200712010WAS,RS,TOR,560.0,T,19,19,0
200712010WAS,RS,TOR,572.0,,20,19,1
200712010WAS,RS,TOR,572.0,,21,19,2
200712010WAS,RS,TOR,617.0,T,21,21,0
200712010WAS,RS,TOR,650.0,,23,21,2
200712010WAS,RS,TOR,673.2,T,23,23,0
200712010WAS,RS,TOR,746.0,,25,23,2
200712010WAS,RS,TOR,770.0,,25,24,1
200712010WAS,RS,TOR,770.0,T,25,25,0
200712010WAS,RS,TOR,818.0,LC,25,27,-2
200712010WAS,RS,TOR,858.0,,25,29,-4
200712010WAS,RS,TOR,880.0,,27,29,-2
200712010WAS,RS,TOR,956.0,,27,32,-5
200712010WAS,RS,TOR,997.0,,27,35,-8
200712010WAS,RS,TOR,1015.0,,30,35,-5
200712010WAS,RS,TOR,1037.0,,30,37,-7
200712010WAS,RS,TOR,1053.0,,32,37,-5
200712010WAS,RS,TOR,1067.0,,32,39,-7
200712010WAS,RS,TOR,1090.0,,34,39,-5
200712010WAS,RS,TOR,1104.0,,34,40,-6
200712010WAS,RS,TOR,1104.0,,34,41,-7
200712010WAS,RS,TOR,1115.0,,35,41,-6
200712010WAS,RS,TOR,1149.0,,37,41,-4
200712010WAS,RS,TOR,1163.0,,37,43,-6
200712010WAS,RS,TOR,1181.0,,39,43,-4
200712010WAS,RS,TOR,1203.0,,41,43,-2
200712010WAS,RS,TOR,1233.0,,42,43,-1
200712010WAS,RS,TOR,1233.0,T,43,43,0
200712010WAS,RS,TOR,1262.0,LC,46,43,3
200712010WAS,RS,TOR,1314.0,,48,43,5
200712010WAS,RS,TOR,1340.0,,48,45,3
200712010WAS,RS,TOR,1385.7,,50,45,5
200712010WAS,RS,TOR,1422.2,,53,45,8
200712010WAS,RS,TOR,1458.0,,53,47,6
200712010WAS,RS,TOR,1512.0,,55,47,8
200712010WAS,RS,TOR,1538.0,,57,47,10
200712010WAS,RS,TOR,1551.0,,57,49,8
200712010WAS,RS,TOR,1622.0,,60,49,11
200712010WAS,RS,TOR,1645.0,,60,51,9
200712010WAS,RS,TOR,1666.0,,62,51,11
200712010WAS,RS,TOR,1716.0,,62,53,9
200712010WAS,RS,TOR,1756.0,,62,56,6
200712010WAS,RS,TOR,1769.0,,64,56,8
200712010WAS,RS,TOR,1798.0,,64,57,7
200712010WAS,RS,TOR,1808.0,,64,60,4
200712010WAS,RS,TOR,1847.0,,64,63,1
200712010WAS,RS,TOR,1858.0,,66,63,3
200712010WAS,RS,TOR,1904.0,,66,65,1
200712010WAS,RS,TOR,1922.0,,68,65,3
200712010WAS,RS,TOR,1981.0,,70,65,5
200712010WAS,RS,TOR,1991.0,,70,67,3
200712010WAS,RS,TOR,2010.0,,72,67,5
200712010WAS,RS,TOR,2045.0,,74,67,7
200712010WAS,RS,TOR,2072.0,,74,69,5
200712010WAS,RS,TOR,2102.1,,74,72,2
200712010WAS,RS,TOR,2111.8,,75,72,3
200712010WAS,RS,TOR,2132.0,T,75,75,0
200712010WAS,RS,TOR,2156.4,,78,75,3
200712010WAS,RS,TOR,2207.0,,80,75,5
200712010WAS,RS,TOR,2220.0,,80,76,4
200712010WAS,RS,TOR,2220.0,,80,77,3
200712010WAS,RS,TOR,2233.0,,82,77,5
200712010WAS,RS,TOR,2233.0,,83,77,6
200712010WAS,RS,TOR,2252.0,,83,79,4
200712010WAS,RS,TOR,2270.0,,86,79,7
200712010WAS,RS,TOR,2318.0,,88,79,9
200712010WAS,RS,TOR,2372.0,,88,81,7
200712010WAS,RS,TOR,2485.0,,88,83,5
200712010WAS,RS,TOR,2544.0,,88,85,3
200712010WAS,RS,TOR,2557.0,,90,85,5
200712010WAS,RS,TOR,2587.0,,91,85,6
200712010WAS,RS,TOR,2587.0,,92,85,7
200712010WAS,RS,TOR,2620.0,,92,86,6
200712010WAS,RS,TOR,2620.0,,92,87,5
200712010WAS,RS,TOR,2644.0,,94,87,7
200712010WAS,RS,TOR,2710.0,,96,87,9
200712010WAS,RS,TOR,2735.0,,96,89,7
200712010WAS,RS,TOR,2767.0,,96,91,5
200712010WAS,RS,TOR,2793.0,,98,91,7
200712010WAS,RS,TOR,2835.7,,98,94,4
200712010WAS,RS,TOR,2863.7,,99,94,5
200712010WAS,RS,TOR,2871.1,,100,94,6
200712010WAS,RS,TOR,2871.1,,101,94,7
200712010WAS,RS,TOR,2877.1,F,101,97,4
200712010WAS,RS,TOR,2880.0,,101,97,4
200712050WAS,RS,CLE,0.0,,0,0,0
200712050WAS,RS,CLE,54.0,,0,2,-2
200712050WAS,RS,CLE,77.0,,0,4,-4
200712050WAS,RS,CLE,99.0,,0,6,-6
200712050WAS,RS,CLE,118.0,,2,6,-4
200712050WAS,RS,CLE,131.0,,2,8,-6
200712050WAS,RS,CLE,145.0,,4,8,-4
200712050WAS,RS,CLE,156.0,,4,9,-5
200712050WAS,RS,CLE,192.0,,6,9,-3
200712050WAS,RS,CLE,238.0,,8,9,-1
200712050WAS,RS,CLE,267.0,,8,11,-3
200712050WAS,RS,CLE,289.0,,9,11,-2
200712050WAS,RS,CLE,289.0,,10,11,-1
200712050WAS,RS,CLE,331.0,,10,13,-3
200712050WAS,RS,CLE,381.0,,12,13,-1
200712050WAS,RS,CLE,439.0,LC,14,13,1
200712050WAS,RS,CLE,523.0,,16,13,3
200712050WAS,RS,CLE,569.0,,18,13,5
200712050WAS,RS,CLE,606.0,,20,13,7
200712050WAS,RS,CLE,638.0,,20,16,4
200712050WAS,RS,CLE,662.9,,20,17,3
200712050WAS,RS,CLE,662.9,,20,18,2
200712050WAS,RS,CLE,696.1,LC,20,21,-1
200712050WAS,RS,CLE,719.7,LC,22,21,1
200712050WAS,RS,CLE,738.0,,23,21,2
200712050WAS,RS,CLE,738.0,,24,21,3
200712050WAS,RS,CLE,773.0,,26,21,5
200712050WAS,RS,CLE,797.0,,26,23,3
200712050WAS,RS,CLE,818.0,,29,23,6
200712050WAS,RS,CLE,863.0,,31,23,8
200712050WAS,RS,CLE,919.0,,33,23,10
200712050WAS,RS,CLE,954.0,,35,23,12
200712050WAS,RS,CLE,1002.0,,35,25,10
200712050WAS,RS,CLE,1029.0,,36,25,11
200712050WAS,RS,CLE,1029.0,,37,25,12
200712050WAS,RS,CLE,1108.0,,39,25,14
200712050WAS,RS,CLE,1149.0,,41,25,16
200712050WAS,RS,CLE,1212.0,,41,27,14
200712050WAS,RS,CLE,1233.0,,43,27,16
200712050WAS,RS,CLE,1252.0,,43,28,15
200712050WAS,RS,CLE,1269.0,,45,28,17
200712050WAS,RS,CLE,1285.0,,45,31,14
200712050WAS,RS,CLE,1304.0,,47,31,16
200712050WAS,RS,CLE,1329.0,,48,31,17
200712050WAS,RS,CLE,1329.0,,49,31,18
200712050WAS,RS,CLE,1372.0,,51,31,20
200712050WAS,RS,CLE,1401.2,,52,31,21
200712050WAS,RS,CLE,1401.2,,53,31,22
200712050WAS,RS,CLE,1416.1,,53,34,19
200712050WAS,RS,CLE,1492.0,,55,34,21
200712050WAS,RS,CLE,1540.0,,57,34,23
200712050WAS,RS,CLE,1540.0,,58,34,24
200712050WAS,RS,CLE,1570.0,,60,34,26
200712050WAS,RS,CLE,1577.0,,60,36,24
200712050WAS,RS,CLE,1601.0,,62,36,26
200712050WAS,RS,CLE,1638.0,,64,36,28
200712050WAS,RS,CLE,1657.0,,64,38,26
200712050WAS,RS,CLE,1677.0,,64,40,24
200712050WAS,RS,CLE,1711.0,,64,43,21
200712050WAS,RS,CLE,1739.0,,66,43,23
200712050WAS,RS,CLE,1767.0,,66,45,21
200712050WAS,RS,CLE,1868.0,,66,47,19
200712050WAS,RS,CLE,1896.0,,69,47,22
200712050WAS,RS,CLE,1915.0,,71,47,24
200712050WAS,RS,CLE,1939.0,,71,50,21
200712050WAS,RS,CLE,1965.0,,74,50,24
200712050WAS,RS,CLE,1986.0,,74,52,22
200712050WAS,RS,CLE,2019.0,,74,53,21
200712050WAS,RS,CLE,2019.0,,74,54,20
200712050WAS,RS,CLE,2040.0,,76,54,22
200712050WAS,RS,CLE,2055.0,,76,56,20
200712050WAS,RS,CLE,2070.0,,79,56,23
200712050WAS,RS,CLE,2096.0,,79,59,20
200712050WAS,RS,CLE,2159.5,,79,62,17
200712050WAS,RS,CLE,2178.0,,79,64,15
200712050WAS,RS,CLE,2178.0,,79,65,14
200712050WAS,RS,CLE,2194.0,,81,65,16
200712050WAS,RS,CLE,2194.0,,82,65,17
200712050WAS,RS,CLE,2222.0,,82,67,15
200712050WAS,RS,CLE,2253.0,,82,69,13
200712050WAS,RS,CLE,2271.0,,84,69,15
200712050WAS,RS,CLE,2290.0,,84,71,13
200712050WAS,RS,CLE,2328.0,,84,73,11
200712050WAS,RS,CLE,2328.0,,84,74,10
200712050WAS,RS,CLE,2401.0,,86,74,12
200712050WAS,RS,CLE,2429.0,,86,77,9
200712050WAS,RS,CLE,2447.0,,88,77,11
200712050WAS,RS,CLE,2538.0,,88,78,10
200712050WAS,RS,CLE,2538.0,,88,79,9
200712050WAS,RS,CLE,2559.0,,90,79,11
200712050WAS,RS,CLE,2590.0,,92,79,13
200712050WAS,RS,CLE,2609.0,,92,81,11
200712050WAS,RS,CLE,2631.0,,94,81,13
200712050WAS,RS,CLE,2644.0,,94,82,12
200712050WAS,RS,CLE,2644.0,,94,83,11
200712050WAS,RS,CLE,2670.0,,96,83,13
200712050WAS,RS,CLE,2715.0,,98,83,15
200712050WAS,RS,CLE,2775.0,,100,83,17
200712050WAS,RS,CLE,2808.0,,102,83,19
200712050WAS,RS,CLE,2819.0,,102,86,16
200712050WAS,RS,CLE,2836.3,,103,86,17
200712050WAS,RS,CLE,2870.1,F,105,86,19
200712050WAS,RS,CLE,2880.0,,105,86,19
200712070WAS,RS,PHO,0.0,,0,0,0
200712070WAS,RS,PHO,43.0,,0,3,-3
200712070WAS,RS,PHO,73.0,,0,5,-5
200712070WAS,RS,PHO,99.0,,0,7,-7
200712070WAS,RS,PHO,114.0,,2,7,-5
200712070WAS,RS,PHO,172.0,,4,7,-3
200712070WAS,RS,PHO,213.0,,4,9,-5
200712070WAS,RS,PHO,231.0,,6,9,-3
200712070WAS,RS,PHO,255.0,,6,12,-6
200712070WAS,RS,PHO,327.0,,6,14,-8
200712070WAS,RS,PHO,339.0,,8,14,-6
200712070WAS,RS,PHO,377.0,,10,14,-4
200712070WAS,RS,PHO,403.0,,10,17,-7
200712070WAS,RS,PHO,425.0,,12,17,-5
200712070WAS,RS,PHO,441.0,,12,19,-7
200712070WAS,RS,PHO,457.0,,14,19,-5
200712070WAS,RS,PHO,471.0,,14,21,-7
200712070WAS,RS,PHO,486.0,,15,21,-6
200712070WAS,RS,PHO,486.0,,16,21,-5
200712070WAS,RS,PHO,497.0,,16,23,-7
200712070WAS,RS,PHO,514.0,,18,23,-5
200712070WAS,RS,PHO,522.0,,18,25,-7
200712070WAS,RS,PHO,590.0,,20,25,-5
200712070WAS,RS,PHO,598.0,,20,26,-6
200712070WAS,RS,PHO,613.0,,22,26,-4
200712070WAS,RS,PHO,623.0,,22,28,-6
200712070WAS,RS,PHO,633.0,,24,28,-4
200712070WAS,RS,PHO,652.0,,24,30,-6
200712070WAS,RS,PHO,690.1,,26,30,-4
200712070WAS,RS,PHO,753.0,,28,30,-2
200712070WAS,RS,PHO,798.0,,28,32,-4
200712070WAS,RS,PHO,824.0,,28,33,-5
200712070WAS,RS,PHO,824.0,,28,34,-6
200712070WAS,RS,PHO,842.0,,30,34,-4
200712070WAS,RS,PHO,921.0,,30,36,-6
200712070WAS,RS,PHO,934.0,,33,36,-3
200712070WAS,RS,PHO,967.0,,35,36,-1
200712070WAS,RS,PHO,995.0,,35,38,-3
200712070WAS,RS,PHO,1017.0,,35,40,-5
200712070WAS,RS,PHO,1017.0,,35,41,-6
200712070WAS,RS,PHO,1068.0,,35,43,-8
200712070WAS,RS,PHO,1089.0,,37,43,-6
200712070WAS,RS,PHO,1096.0,,37,44,-7
200712070WAS,RS,PHO,1096.0,,37,45,-8
200712070WAS,RS,PHO,1118.0,,39,45,-6
200712070WAS,RS,PHO,1148.0,,41,45,-4
200712070WAS,RS,PHO,1158.0,,41,47,-6
200712070WAS,RS,PHO,1158.0,,41,48,-7
200712070WAS,RS,PHO,1172.0,,42,48,-6
200712070WAS,RS,PHO,1172.0,,43,48,-5
200712070WAS,RS,PHO,1190.0,,44,48,-4
200712070WAS,RS,PHO,1190.0,,45,48,-3
200712070WAS,RS,PHO,1211.0,,47,48,-1
200712070WAS,RS,PHO,1217.0,,47,50,-3
200712070WAS,RS,PHO,1278.0,,49,50,-1
200712070WAS,RS,PHO,1280.0,,49,52,-3
200712070WAS,RS,PHO,1303.0,,51,52,-1
200712070WAS,RS,PHO,1319.0,,51,55,-4
200712070WAS,RS,PHO,1345.0,,51,56,-5
200712070WAS,RS,PHO,1367.0,,53,56,-3
200712070WAS,RS,PHO,1380.0,,53,58,-5
200712070WAS,RS,PHO,1394.1,,55,58,-3
200712070WAS,RS,PHO,1403.7,,55,60,-5
200712070WAS,RS,PHO,1472.0,,57,60,-3
200712070WAS,RS,PHO,1487.0,,57,62,-5
200712070WAS,RS,PHO,1523.0,,57,64,-7
200712070WAS,RS,PHO,1543.0,,59,64,-5
200712070WAS,RS,PHO,1558.0,,59,66,-7
200712070WAS,RS,PHO,1614.0,,61,66,-5
200712070WAS,RS,PHO,1620.0,,61,68,-7
200712070WAS,RS,PHO,1647.0,,61,70,-9
200712070WAS,RS,PHO,1673.0,,61,73,-12
200712070WAS,RS,PHO,1735.0,,61,75,-14
200712070WAS,RS,PHO,1754.0,,63,75,-12
200712070WAS,RS,PHO,1764.0,,63,77,-14
200712070WAS,RS,PHO,1786.0,,65,77,-12
200712070WAS,RS,PHO,1794.0,,65,80,-15
200712070WAS,RS,PHO,1883.0,,67,80,-13
200712070WAS,RS,PHO,1892.0,,67,83,-16
200712070WAS,RS,PHO,1920.0,,67,86,-19
200712070WAS,RS,PHO,1930.0,,68,86,-18
200712070WAS,RS,PHO,1930.0,,69,86,-17
200712070WAS,RS,PHO,1942.0,,69,88,-19
200712070WAS,RS,PHO,1957.0,,72,88,-16
200712070WAS,RS,PHO,1970.0,,72,90,-18
200712070WAS,RS,PHO,2029.0,,74,90,-16
200712070WAS,RS,PHO,2047.0,,74,92,-18
200712070WAS,RS,PHO,2047.0,,74,93,-19
200712070WAS,RS,PHO,2074.0,,74,96,-22
200712070WAS,RS,PHO,2102.1,,74,98,-24
200712070WAS,RS,PHO,2118.7,,75,98,-23
200712070WAS,RS,PHO,2118.7,,76,98,-22
200712070WAS,RS,PHO,2134.9,,76,100,-24
200712070WAS,RS,PHO,2184.0,,78,100,-22
200712070WAS,RS,PHO,2215.0,,80,100,-20
200712070WAS,RS,PHO,2233.0,,83,100,-17
200712070WAS,RS,PHO,2250.0,,83,101,-18
200712070WAS,RS,PHO,2283.0,,85,101,-16
200712070WAS,RS,PHO,2324.0,,85,104,-19
200712070WAS,RS,PHO,2347.0,,87,104,-17
200712070WAS,RS,PHO,2361.0,,87,106,-19
200712070WAS,RS,PHO,2379.0,,88,106,-18
200712070WAS,RS,PHO,2389.0,,88,107,-19
200712070WAS,RS,PHO,2419.0,,88,109,-21
200712070WAS,RS,PHO,2438.0,,90,109,-19
200712070WAS,RS,PHO,2477.0,,90,111,-21
200712070WAS,RS,PHO,2492.0,,92,111,-19
200712070WAS,RS,PHO,2492.0,,93,111,-18
200712070WAS,RS,PHO,2512.0,,93,113,-20
200712070WAS,RS,PHO,2529.0,,95,113,-18
200712070WAS,RS,PHO,2559.0,,97,113,-16
200712070WAS,RS,PHO,2574.0,,97,115,-18
200712070WAS,RS,PHO,2613.0,,99,115,-16
200712070WAS,RS,PHO,2633.0,,101,115,-14
200712070WAS,RS,PHO,2652.0,,101,117,-16
200712070WAS,RS,PHO,2688.0,,101,119,-18
200712070WAS,RS,PHO,2744.0,,103,119,-16
200712070WAS,RS,PHO,2760.0,,103,122,-19
200712070WAS,RS,PHO,2793.0,,105,122,-17
200712070WAS,RS,PHO,2867.1,F,107,122,-15
200712070WAS,RS,PHO,2880.0,,107,122,-15
200712090WAS,RS,NJN,0.0,,0,0,0
200712090WAS,RS,NJN,21.0,,2,0,2
200712090WAS,RS,NJN,40.0,LC,2,3,-1
200712090WAS,RS,NJN,55.0,LC,4,3,1
200712090WAS,RS,NJN,93.0,T,4,4,0
200712090WAS,RS,NJN,93.0,LC,4,5,-1
200712090WAS,RS,NJN,115.0,LC,6,5,1
200712090WAS,RS,NJN,145.0,,8,5,3
200712090WAS,RS,NJN,213.0,,8,7,1
200712090WAS,RS,NJN,238.0,LC,8,9,-1
200712090WAS,RS,NJN,264.0,LC,10,9,1
200712090WAS,RS,NJN,296.0,,12,9,3
200712090WAS,RS,NJN,330.0,,14,9,5
200712090WAS,RS,NJN,368.0,,16,9,7
200712090WAS,RS,NJN,368.0,,17,9,8
200712090WAS,RS,NJN,386.0,,17,11,6
200712090WAS,RS,NJN,403.0,,18,11,7
200712090WAS,RS,NJN,403.0,,19,11,8
200712090WAS,RS,NJN,422.0,,19,13,6
200712090WAS,RS,NJN,509.0,,21,13,8
200712090WAS,RS,NJN,531.0,,22,13,9
200712090WAS,RS,NJN,531.0,,23,13,10
200712090WAS,RS,NJN,540.0,,23,16,7
200712090WAS,RS,NJN,563.0,,23,18,5
200712090WAS,RS,NJN,578.0,,24,18,6
200712090WAS,RS,NJN,578.0,,25,18,7
200712090WAS,RS,NJN,598.0,,25,19,6
200712090WAS,RS,NJN,630.0,,25,20,5
200712090WAS,RS,NJN,651.0,,27,20,7
200712090WAS,RS,NJN,712.6,,27,23,4
200712090WAS,RS,NJN,766.0,,27,25,2
200712090WAS,RS,NJN,776.0,,30,25,5
200712090WAS,RS,NJN,813.0,,30,27,3
200712090WAS,RS,NJN,858.0,T,30,30,0
200712090WAS,RS,NJN,898.0,LC,30,32,-2
200712090WAS,RS,NJN,961.0,,30,34,-4
200712090WAS,RS,NJN,993.0,,30,36,-6
200712090WAS,RS,NJN,993.0,,30,37,-7
200712090WAS,RS,NJN,1030.0,,30,39,-9
200712090WAS,RS,NJN,1043.0,,31,39,-8
200712090WAS,RS,NJN,1043.0,,32,39,-7
200712090WAS,RS,NJN,1063.0,,32,41,-9
200712090WAS,RS,NJN,1105.0,,32,43,-11
200712090WAS,RS,NJN,1170.0,,35,43,-8
200712090WAS,RS,NJN,1170.0,,36,43,-7
200712090WAS,RS,NJN,1243.0,,37,43,-6
200712090WAS,RS,NJN,1243.0,,38,43,-5
200712090WAS,RS,NJN,1286.0,,40,43,-3
200712090WAS,RS,NJN,1380.1,,40,45,-5
200712090WAS,RS,NJN,1398.0,,40,47,-7
200712090WAS,RS,NJN,1407.9,,41,47,-6
200712090WAS,RS,NJN,1407.9,,42,47,-5
200712090WAS,RS,NJN,1422.5,,42,48,-6
200712090WAS,RS,NJN,1481.0,,44,48,-4
200712090WAS,RS,NJN,1531.0,,44,49,-5
200712090WAS,RS,NJN,1564.0,,44,51,-7
200712090WAS,RS,NJN,1586.0,,46,51,-5
200712090WAS,RS,NJN,1612.0,,46,54,-8
200712090WAS,RS,NJN,1639.0,,48,54,-6
200712090WAS,RS,NJN,1652.0,,48,56,-8
200712090WAS,RS,NJN,1657.0,,49,56,-7
200712090WAS,RS,NJN,1657.0,,50,56,-6
200712090WAS,RS,NJN,1672.0,,50,59,-9
200712090WAS,RS,NJN,1715.0,,52,59,-7
200712090WAS,RS,NJN,1765.0,,54,59,-5
200712090WAS,RS,NJN,1765.0,,55,59,-4
200712090WAS,RS,NJN,1781.0,,55,60,-5
200712090WAS,RS,NJN,1781.0,,55,61,-6
200712090WAS,RS,NJN,1805.0,,56,61,-5
200712090WAS,RS,NJN,1817.0,,56,63,-7
200712090WAS,RS,NJN,1841.0,,58,63,-5
200712090WAS,RS,NJN,1869.0,,59,63,-4
200712090WAS,RS,NJN,1869.0,,60,63,-3
200712090WAS,RS,NJN,1885.0,,61,63,-2
200712090WAS,RS,NJN,1885.0,,62,63,-1
200712090WAS,RS,NJN,1922.0,LC,64,63,1
200712090WAS,RS,NJN,1922.0,T,64,64,0
200712090WAS,RS,NJN,1938.0,LC,64,66,-2
200712090WAS,RS,NJN,1961.0,LC,67,66,1
200712090WAS,RS,NJN,1985.0,LC,67,68,-1
200712090WAS,RS,NJN,2003.0,T,68,68,0
200712090WAS,RS,NJN,2003.0,LC,69,68,1
200712090WAS,RS,NJN,2045.0,LC,69,70,-1
200712090WAS,RS,NJN,2066.0,T,70,70,0
200712090WAS,RS,NJN,2066.0,LC,71,70,1
200712090WAS,RS,NJN,2084.0,LC,71,72,-1
200712090WAS,RS,NJN,2097.0,T,72,72,0
200712090WAS,RS,NJN,2097.0,LC,73,72,1
200712090WAS,RS,NJN,2097.0,,74,72,2
200712090WAS,RS,NJN,2112.3,,75,72,3
200712090WAS,RS,NJN,2112.3,,76,72,4
200712090WAS,RS,NJN,2157.4,,78,72,6
200712090WAS,RS,NJN,2198.0,,78,74,4
200712090WAS,RS,NJN,2218.0,,80,74,6
200712090WAS,RS,NJN,2236.0,,80,76,4
200712090WAS,RS,NJN,2271.0,,82,76,6
200712090WAS,RS,NJN,2310.0,,84,76,8
200712090WAS,RS,NJN,2327.0,,84,77,7
200712090WAS,RS,NJN,2394.0,,86,77,9
200712090WAS,RS,NJN,2417.0,,88,77,11
200712090WAS,RS,NJN,2444.0,,89,77,12
200712090WAS,RS,NJN,2444.0,,90,77,13
200712090WAS,RS,NJN,2479.0,,92,77,15
200712090WAS,RS,NJN,2503.0,,92,79,13
200712090WAS,RS,NJN,2523.0,,94,79,15
200712090WAS,RS,NJN,2569.0,,94,81,13
200712090WAS,RS,NJN,2592.0,,96,81,15
200712090WAS,RS,NJN,2633.0,,96,84,12
200712090WAS,RS,NJN,2658.0,,98,84,14
200712090WAS,RS,NJN,2710.0,,98,86,12
200712090WAS,RS,NJN,2722.0,,100,86,14
200712090WAS,RS,NJN,2722.0,,101,86,15
200712090WAS,RS,NJN,2754.0,,104,86,18
200712090WAS,RS,NJN,2807.0,F,104,89,15
200712090WAS,RS,NJN,2880.0,,104,89,15
200712110WAS,RS,MIN,0.0,,0,0,0
200712110WAS,RS,MIN,46.0,,2,0,2
200712110WAS,RS,MIN,71.0,T,2,2,0
200712110WAS,RS,MIN,103.0,,4,2,2
200712110WAS,RS,MIN,118.0,T,4,4,0
200712110WAS,RS,MIN,151.0,LC,4,5,-1
200712110WAS,RS,MIN,151.0,,4,6,-2
200712110WAS,RS,MIN,209.0,LC,7,6,1
200712110WAS,RS,MIN,241.0,,9,6,3
200712110WAS,RS,MIN,284.0,T,9,9,0
200712110WAS,RS,MIN,338.0,,10,9,1
200712110WAS,RS,MIN,338.0,,11,9,2
200712110WAS,RS,MIN,366.0,,13,9,4
200712110WAS,RS,MIN,387.0,,13,11,2
200712110WAS,RS,MIN,405.0,,16,11,5
200712110WAS,RS,MIN,419.0,,18,11,7
200712110WAS,RS,MIN,434.0,,18,13,5
200712110WAS,RS,MIN,460.0,,21,13,8
200712110WAS,RS,MIN,477.0,,21,15,6
200712110WAS,RS,MIN,515.0,,21,17,4
200712110WAS,RS,MIN,576.0,,21,19,2
200712110WAS,RS,MIN,576.0,,21,20,1
200712110WAS,RS,MIN,590.0,,23,20,3
200712110WAS,RS,MIN,603.0,,23,22,1
200712110WAS,RS,MIN,624.0,,25,22,3
200712110WAS,RS,MIN,649.0,,26,22,4
200712110WAS,RS,MIN,665.1,,26,24,2
200712110WAS,RS,MIN,694.0,T,26,26,0
200712110WAS,RS,MIN,840.0,LC,26,28,-2
200712110WAS,RS,MIN,856.0,LC,29,28,1
200712110WAS,RS,MIN,894.0,,31,28,3
200712110WAS,RS,MIN,929.0,,31,29,2
200712110WAS,RS,MIN,948.0,,34,29,5
200712110WAS,RS,MIN,995.0,,34,30,4
200712110WAS,RS,MIN,995.0,,34,31,3
200712110WAS,RS,MIN,1006.0,,35,31,4
200712110WAS,RS,MIN,1006.0,,36,31,5
200712110WAS,RS,MIN,1024.0,,36,33,3
200712110WAS,RS,MIN,1060.0,,38,33,5
200712110WAS,RS,MIN,1060.0,,39,33,6
200712110WAS,RS,MIN,1093.0,,41,33,8
200712110WAS,RS,MIN,1107.0,,41,36,5
200712110WAS,RS,MIN,1154.0,,44,36,8
200712110WAS,RS,MIN,1177.0,,44,38,6
200712110WAS,RS,MIN,1200.0,,46,38,8
200712110WAS,RS,MIN,1242.0,,46,39,7
200712110WAS,RS,MIN,1242.0,,46,40,6
200712110WAS,RS,MIN,1270.0,,48,40,8
200712110WAS,RS,MIN,1305.0,,48,42,6
200712110WAS,RS,MIN,1322.0,,50,42,8
200712110WAS,RS,MIN,1341.0,,50,44,6
200712110WAS,RS,MIN,1361.0,,52,44,8
200712110WAS,RS,MIN,1374.0,,52,46,6
200712110WAS,RS,MIN,1393.5,,54,46,8
200712110WAS,RS,MIN,1408.2,,56,46,10
200712110WAS,RS,MIN,1517.0,,57,46,11
200712110WAS,RS,MIN,1526.0,,59,46,13
200712110WAS,RS,MIN,1571.0,,62,46,16
200712110WAS,RS,MIN,1604.0,,63,46,17
200712110WAS,RS,MIN,1604.0,,64,46,18
200712110WAS,RS,MIN,1645.0,,66,46,20
200712110WAS,RS,MIN,1723.0,,66,48,18
200712110WAS,RS,MIN,1723.0,,66,49,17
200712110WAS,RS,MIN,1752.0,,66,51,15
200712110WAS,RS,MIN,1795.0,,66,53,13
200712110WAS,RS,MIN,1819.0,,69,53,16
200712110WAS,RS,MIN,1850.0,,69,55,14
200712110WAS,RS,MIN,1868.0,,71,55,16
200712110WAS,RS,MIN,1886.0,,71,58,13
200712110WAS,RS,MIN,1898.0,,73,58,15
200712110WAS,RS,MIN,1934.0,,73,60,13
200712110WAS,RS,MIN,1957.0,,75,60,15
200712110WAS,RS,MIN,1980.0,,75,62,13
200712110WAS,RS,MIN,1980.0,,75,63,12
200712110WAS,RS,MIN,1997.0,,77,63,14
200712110WAS,RS,MIN,2023.0,,79,63,16
200712110WAS,RS,MIN,2036.0,,80,63,17
200712110WAS,RS,MIN,2036.0,,81,63,18
200712110WAS,RS,MIN,2056.0,,81,65,16
200712110WAS,RS,MIN,2056.0,,81,66,15
200712110WAS,RS,MIN,2081.0,,81,69,12
200712110WAS,RS,MIN,2146.5,,83,69,14
200712110WAS,RS,MIN,2176.0,,83,71,12
200712110WAS,RS,MIN,2215.0,,83,73,10
200712110WAS,RS,MIN,2296.0,,85,73,12
200712110WAS,RS,MIN,2317.0,,85,75,10
200712110WAS,RS,MIN,2348.0,,85,77,8
200712110WAS,RS,MIN,2374.0,,85,78,7
200712110WAS,RS,MIN,2374.0,,85,79,6
200712110WAS,RS,MIN,2433.0,,87,79,8
200712110WAS,RS,MIN,2465.0,,89,79,10
200712110WAS,RS,MIN,2465.0,,90,79,11
200712110WAS,RS,MIN,2529.0,,92,79,13
200712110WAS,RS,MIN,2556.0,,92,80,12
200712110WAS,RS,MIN,2556.0,,92,81,11
200712110WAS,RS,MIN,2591.0,,92,83,9
200712110WAS,RS,MIN,2613.0,,93,83,10
200712110WAS,RS,MIN,2657.0,,95,83,12
200712110WAS,RS,MIN,2668.0,,95,84,11
200712110WAS,RS,MIN,2690.0,,98,84,14
200712110WAS,RS,MIN,2716.0,,98,86,12
200712110WAS,RS,MIN,2810.0,,98,87,11
200712110WAS,RS,MIN,2810.0,,98,88,10
200712110WAS,RS,MIN,2832.1,,100,88,12
200712110WAS,RS,MIN,2867.7,,101,88,13
200712110WAS,RS,MIN,2867.7,F,102,88,14
200712110WAS,RS,MIN,2880.0,,102,88,14
200712130MIA,RS,MIA,0.0,,0,0,0
200712130MIA,RS,MIA,20.0,,0,2,-2
200712130MIA,RS,MIA,38.0,T,2,2,0
200712130MIA,RS,MIA,104.0,LC,4,2,2
200712130MIA,RS,MIA,124.0,T,4,4,0
200712130MIA,RS,MIA,158.0,LC,4,5,-1
200712130MIA,RS,MIA,176.0,LC,6,5,1
200712130MIA,RS,MIA,236.0,,7,5,2
200712130MIA,RS,MIA,236.0,,8,5,3
200712130MIA,RS,MIA,259.0,,10,5,5
200712130MIA,RS,MIA,279.0,,10,7,3
200712130MIA,RS,MIA,289.0,,12,7,5
200712130MIA,RS,MIA,375.0,,12,9,3
200712130MIA,RS,MIA,425.0,,14,9,5
200712130MIA,RS,MIA,441.0,,14,11,3
200712130MIA,RS,MIA,457.0,,15,11,4
200712130MIA,RS,MIA,457.0,,16,11,5
200712130MIA,RS,MIA,480.0,,19,11,8
200712130MIA,RS,MIA,505.0,,20,11,9
200712130MIA,RS,MIA,505.0,,21,11,10
200712130MIA,RS,MIA,531.0,,24,11,13
200712130MIA,RS,MIA,592.0,,26,11,15
200712130MIA,RS,MIA,603.0,,26,13,13
200712130MIA,RS,MIA,639.0,,27,13,14
200712130MIA,RS,MIA,639.0,,28,13,15
200712130MIA,RS,MIA,660.0,,28,16,12
200712130MIA,RS,MIA,741.0,,30,16,14
200712130MIA,RS,MIA,755.0,,30,18,12
200712130MIA,RS,MIA,785.0,,32,18,14
200712130MIA,RS,MIA,803.0,,35,18,17
200712130MIA,RS,MIA,823.0,,35,20,15
200712130MIA,RS,MIA,878.0,,35,22,13
200712130MIA,RS,MIA,915.0,,35,25,10
200712130MIA,RS,MIA,930.0,,37,25,12
200712130MIA,RS,MIA,952.0,,37,27,10
200712130MIA,RS,MIA,974.0,,40,27,13
200712130MIA,RS,MIA,1009.0,,40,30,10
200712130MIA,RS,MIA,1028.0,,42,30,12
200712130MIA,RS,MIA,1028.0,,43,30,13
200712130MIA,RS,MIA,1059.0,,45,30,15
200712130MIA,RS,MIA,1122.0,,45,32,13
200712130MIA,RS,MIA,1141.0,,46,32,14
200712130MIA,RS,MIA,1141.0,,47,32,15
200712130MIA,RS,MIA,1157.0,,47,35,12
200712130MIA,RS,MIA,1189.0,,47,37,10
200712130MIA,RS,MIA,1222.0,,47,39,8
200712130MIA,RS,MIA,1245.0,,50,39,11
200712130MIA,RS,MIA,1259.0,,50,40,10
200712130MIA,RS,MIA,1259.0,,50,41,9
200712130MIA,RS,MIA,1277.0,,50,42,8
200712130MIA,RS,MIA,1277.0,,50,43,7
200712130MIA,RS,MIA,1310.0,,52,43,9
200712130MIA,RS,MIA,1339.0,,53,43,10
200712130MIA,RS,MIA,1350.0,,53,45,8
200712130MIA,RS,MIA,1368.0,,56,45,11
200712130MIA,RS,MIA,1383.7,,57,45,12
200712130MIA,RS,MIA,1392.4,,57,47,10
200712130MIA,RS,MIA,1414.7,,57,49,8
200712130MIA,RS,MIA,1437.9,,59,49,10
200712130MIA,RS,MIA,1492.0,,59,50,9
200712130MIA,RS,MIA,1492.0,,59,51,8
200712130MIA,RS,MIA,1594.0,,59,54,5
200712130MIA,RS,MIA,1611.0,,61,54,7
200712130MIA,RS,MIA,1633.0,,61,56,5
200712130MIA,RS,MIA,1687.0,,63,56,7
200712130MIA,RS,MIA,1714.0,,65,56,9
200712130MIA,RS,MIA,1788.0,,67,56,11
200712130MIA,RS,MIA,1830.0,,69,56,13
200712130MIA,RS,MIA,1840.0,,71,56,15
200712130MIA,RS,MIA,1887.0,,73,56,17
200712130MIA,RS,MIA,1908.0,,75,56,19
200712130MIA,RS,MIA,1920.0,,75,58,17
200712130MIA,RS,MIA,1939.0,,77,58,19
200712130MIA,RS,MIA,1963.0,,77,60,17
200712130MIA,RS,MIA,1991.0,,79,60,19
200712130MIA,RS,MIA,2004.0,,79,63,16
200712130MIA,RS,MIA,2027.0,,82,63,19
200712130MIA,RS,MIA,2045.0,,82,65,17
200712130MIA,RS,MIA,2095.0,,82,68,14
200712130MIA,RS,MIA,2158.3,,82,70,12
200712130MIA,RS,MIA,2181.0,,82,71,11
200712130MIA,RS,MIA,2200.0,,82,73,9
200712130MIA,RS,MIA,2226.0,,85,73,12
200712130MIA,RS,MIA,2241.0,,85,75,10
200712130MIA,RS,MIA,2263.0,,85,77,8
200712130MIA,RS,MIA,2263.0,,85,78,7
200712130MIA,RS,MIA,2381.0,,87,78,9
200712130MIA,RS,MIA,2389.0,,87,79,8
200712130MIA,RS,MIA,2389.0,,87,80,7
200712130MIA,RS,MIA,2420.0,,89,80,9
200712130MIA,RS,MIA,2448.0,,91,80,11
200712130MIA,RS,MIA,2456.0,,91,81,10
200712130MIA,RS,MIA,2456.0,,91,82,9
200712130MIA,RS,MIA,2498.0,,91,84,7
200712130MIA,RS,MIA,2519.0,,93,84,9
200712130MIA,RS,MIA,2599.0,,96,84,12
200712130MIA,RS,MIA,2656.0,,96,87,9
200712130MIA,RS,MIA,2729.0,,98,87,11
200712130MIA,RS,MIA,2761.0,,100,87,13
200712130MIA,RS,MIA,2770.0,,100,88,12
200712130MIA,RS,MIA,2770.0,,100,89,11
200712130MIA,RS,MIA,2801.0,,100,91,9
200712130MIA,RS,MIA,2821.5,,102,91,11
200712130MIA,RS,MIA,2853.2,F,104,91,13
200712130MIA,RS,MIA,2880.0,,104,91,13
200712150WAS,RS,SAC,0.0,,0,0,0
200712150WAS,RS,SAC,45.0,,3,0,3
200712150WAS,RS,SAC,53.0,,3,1,2
200712150WAS,RS,SAC,53.0,,3,2,1
200712150WAS,RS,SAC,70.0,,5,2,3
200712150WAS,RS,SAC,88.0,,7,2,5
200712150WAS,RS,SAC,147.0,,10,2,8
200712150WAS,RS,SAC,162.0,,10,5,5
200712150WAS,RS,SAC,196.0,,10,7,3
200712150WAS,RS,SAC,227.0,,10,9,1
200712150WAS,RS,SAC,279.0,,12,9,3
200712150WAS,RS,SAC,294.0,,14,9,5
200712150WAS,RS,SAC,294.0,,15,9,6
200712150WAS,RS,SAC,308.0,,15,11,4
200712150WAS,RS,SAC,328.0,,17,11,6
200712150WAS,RS,SAC,342.0,,17,13,4
200712150WAS,RS,SAC,358.0,,19,13,6
200712150WAS,RS,SAC,401.0,,20,13,7
200712150WAS,RS,SAC,401.0,,21,13,8
200712150WAS,RS,SAC,466.0,,23,13,10
200712150WAS,RS,SAC,490.0,,23,15,8
200712150WAS,RS,SAC,518.0,,23,17,6
200712150WAS,RS,SAC,543.0,,25,17,8
200712150WAS,RS,SAC,569.0,,27,17,10
200712150WAS,RS,SAC,569.0,,28,17,11
200712150WAS,RS,SAC,585.0,,28,19,9
200712150WAS,RS,SAC,598.0,,30,19,11
200712150WAS,RS,SAC,615.0,,30,22,8
200712150WAS,RS,SAC,663.1,,33,22,11
200712150WAS,RS,SAC,686.5,,33,24,9
200712150WAS,RS,SAC,737.0,,35,24,11
200712150WAS,RS,SAC,780.0,,35,26,9
200712150WAS,RS,SAC,780.0,,35,27,8
200712150WAS,RS,SAC,793.0,,37,27,10
200712150WAS,RS,SAC,877.0,,37,29,8
200712150WAS,RS,SAC,893.0,,39,29,10
200712150WAS,RS,SAC,921.0,,39,32,7
200712150WAS,RS,SAC,945.0,,39,35,4
200712150WAS,RS,SAC,964.0,,41,35,6
200712150WAS,RS,SAC,995.0,,43,35,8
200712150WAS,RS,SAC,1013.0,,43,37,6
200712150WAS,RS,SAC,1047.0,,43,39,4
200712150WAS,RS,SAC,1082.0,,46,39,7
200712150WAS,RS,SAC,1101.0,,46,41,5
200712150WAS,RS,SAC,1128.0,,46,42,4
200712150WAS,RS,SAC,1176.0,,46,44,2
200712150WAS,RS,SAC,1204.0,,48,44,4
200712150WAS,RS,SAC,1263.0,,48,47,1
200712150WAS,RS,SAC,1292.0,,49,47,2
200712150WAS,RS,SAC,1292.0,,50,47,3
200712150WAS,RS,SAC,1332.0,,50,49,1
200712150WAS,RS,SAC,1346.0,,51,49,2
200712150WAS,RS,SAC,1346.0,,52,49,3
200712150WAS,RS,SAC,1397.5,,52,51,1
200712150WAS,RS,SAC,1466.0,,54,51,3
200712150WAS,RS,SAC,1547.0,,54,53,1
200712150WAS,RS,SAC,1568.0,,56,53,3
200712150WAS,RS,SAC,1583.0,,56,55,1
200712150WAS,RS,SAC,1601.0,,58,55,3
200712150WAS,RS,SAC,1653.0,,58,56,2
200712150WAS,RS,SAC,1670.0,,59,56,3
200712150WAS,RS,SAC,1670.0,,60,56,4
200712150WAS,RS,SAC,1711.0,,61,56,5
200712150WAS,RS,SAC,1711.0,,62,56,6
200712150WAS,RS,SAC,1770.0,,65,56,9
200712150WAS,RS,SAC,1787.0,,65,58,7
200712150WAS,RS,SAC,1805.0,,67,58,9
200712150WAS,RS,SAC,1829.0,,67,60,7
200712150WAS,RS,SAC,1837.0,,70,60,10
200712150WAS,RS,SAC,1864.0,,71,60,11
200712150WAS,RS,SAC,1889.0,,71,63,8
200712150WAS,RS,SAC,1912.0,,74,63,11
200712150WAS,RS,SAC,1934.0,,75,63,12
200712150WAS,RS,SAC,1959.0,,77,63,14
200712150WAS,RS,SAC,2020.0,,77,65,12
200712150WAS,RS,SAC,2061.0,,78,65,13
200712150WAS,RS,SAC,2087.0,,78,66,12
200712150WAS,RS,SAC,2109.7,,78,67,11
200712150WAS,RS,SAC,2124.0,,80,67,13
200712150WAS,RS,SAC,2255.0,,83,67,16
200712150WAS,RS,SAC,2294.0,,83,68,15
200712150WAS,RS,SAC,2307.0,,85,68,17
200712150WAS,RS,SAC,2354.0,,88,68,20
200712150WAS,RS,SAC,2446.0,,88,69,19
200712150WAS,RS,SAC,2446.0,,88,70,18
200712150WAS,RS,SAC,2528.0,,90,70,20
200712150WAS,RS,SAC,2590.0,,90,72,18
200712150WAS,RS,SAC,2620.0,,90,73,17
200712150WAS,RS,SAC,2636.0,,92,73,19
200712150WAS,RS,SAC,2650.0,,92,76,16
200712150WAS,RS,SAC,2679.0,,92,77,15
200712150WAS,RS,SAC,2710.0,,92,78,14
200712150WAS,RS,SAC,2850.7,F,92,79,13
200712150WAS,RS,SAC,2880.0,,92,79,13
200712190WAS,RS,CHI,0.0,,0,0,0
200712190WAS,RS,CHI,64.0,,2,0,2
200712190WAS,RS,CHI,92.0,,4,0,4
200712190WAS,RS,CHI,117.0,,6,0,6
200712190WAS,RS,CHI,168.0,,8,0,8
200712190WAS,RS,CHI,188.0,,8,2,6
200712190WAS,RS,CHI,203.0,,11,2,9
200712190WAS,RS,CHI,266.0,,11,4,7
200712190WAS,RS,CHI,287.0,,13,4,9
200712190WAS,RS,CHI,310.0,,13,6,7
200712190WAS,RS,CHI,337.0,,13,8,5
200712190WAS,RS,CHI,360.0,,14,8,6
200712190WAS,RS,CHI,380.0,,16,8,8
200712190WAS,RS,CHI,430.0,,16,9,7
200712190WAS,RS,CHI,430.0,,16,10,6
200712190WAS,RS,CHI,443.0,,17,10,7
200712190WAS,RS,CHI,454.0,,19,10,9
200712190WAS,RS,CHI,469.0,,19,12,7
200712190WAS,RS,CHI,486.0,,21,12,9
200712190WAS,RS,CHI,535.0,,23,12,11
200712190WAS,RS,CHI,595.0,,25,12,13
200712190WAS,RS,CHI,611.0,,25,14,11
200712190WAS,RS,CHI,624.0,,27,14,13
200712190WAS,RS,CHI,638.0,,27,16,11
200712190WAS,RS,CHI,674.6,,27,18,9
200712190WAS,RS,CHI,691.9,,27,20,7
200712190WAS,RS,CHI,730.0,,27,22,5
200712190WAS,RS,CHI,817.0,,30,22,8
200712190WAS,RS,CHI,836.0,,30,24,6
200712190WAS,RS,CHI,913.0,,31,24,7
200712190WAS,RS,CHI,913.0,,32,24,8
200712190WAS,RS,CHI,924.0,,32,26,6
200712190WAS,RS,CHI,985.0,,33,26,7
200712190WAS,RS,CHI,1016.0,,33,28,5
200712190WAS,RS,CHI,1047.0,,33,30,3
200712190WAS,RS,CHI,1067.0,,35,30,5
200712190WAS,RS,CHI,1190.0,,35,32,3
200712190WAS,RS,CHI,1215.0,,36,32,4
200712190WAS,RS,CHI,1215.0,,37,32,5
200712190WAS,RS,CHI,1228.0,,37,35,2
200712190WAS,RS,CHI,1267.0,,39,35,4
200712190WAS,RS,CHI,1267.0,,40,35,5
200712190WAS,RS,CHI,1279.0,,40,38,2
200712190WAS,RS,CHI,1313.0,LC,40,41,-1
200712190WAS,RS,CHI,1374.0,,40,43,-3
200712190WAS,RS,CHI,1394.5,,40,44,-4
200712190WAS,RS,CHI,1418.4,,40,45,-5
200712190WAS,RS,CHI,1454.0,,40,47,-7
200712190WAS,RS,CHI,1549.0,,40,49,-9
200712190WAS,RS,CHI,1598.0,,42,49,-7
200712190WAS,RS,CHI,1632.0,,42,51,-9
200712190WAS,RS,CHI,1666.0,,42,53,-11
200712190WAS,RS,CHI,1695.0,,42,54,-12
200712190WAS,RS,CHI,1695.0,,42,55,-13
200712190WAS,RS,CHI,1736.0,,44,55,-11
200712190WAS,RS,CHI,1765.0,,46,55,-9
200712190WAS,RS,CHI,1783.0,,46,57,-11
200712190WAS,RS,CHI,1801.0,,49,57,-8
200712190WAS,RS,CHI,1821.0,,52,57,-5
200712190WAS,RS,CHI,1852.0,,54,57,-3
200712190WAS,RS,CHI,1852.0,,55,57,-2
200712190WAS,RS,CHI,1871.0,,55,59,-4
200712190WAS,RS,CHI,1898.0,,55,60,-5
200712190WAS,RS,CHI,1924.0,,57,60,-3
200712190WAS,RS,CHI,1955.0,,57,63,-6
200712190WAS,RS,CHI,2050.0,,59,63,-4
200712190WAS,RS,CHI,2069.0,,59,65,-6
200712190WAS,RS,CHI,2097.0,,61,65,-4
200712190WAS,RS,CHI,2126.7,,63,65,-2
200712190WAS,RS,CHI,2209.0,T,65,65,0
200712190WAS,RS,CHI,2241.0,,65,67,-2
200712190WAS,RS,CHI,2286.0,,65,69,-4
200712190WAS,RS,CHI,2316.0,,65,72,-7
200712190WAS,RS,CHI,2342.0,,68,72,-4
200712190WAS,RS,CHI,2359.0,,68,74,-6
200712190WAS,RS,CHI,2385.0,,68,75,-7
200712190WAS,RS,CHI,2438.0,,70,75,-5
200712190WAS,RS,CHI,2456.0,,70,77,-7
200712190WAS,RS,CHI,2478.0,,73,77,-4
200712190WAS,RS,CHI,2522.0,,73,79,-6
200712190WAS,RS,CHI,2539.0,,75,79,-4
200712190WAS,RS,CHI,2594.0,,78,79,-1
200712190WAS,RS,CHI,2629.0,LC,80,79,1
200712190WAS,RS,CHI,2646.0,LC,80,81,-1
200712190WAS,RS,CHI,2688.0,,80,83,-3
200712190WAS,RS,CHI,2729.0,,80,84,-4
200712190WAS,RS,CHI,2741.0,,80,85,-5
200712190WAS,RS,CHI,2741.0,,80,86,-6
200712190WAS,RS,CHI,2793.0,,80,88,-8
200712190WAS,RS,CHI,2793.0,,80,89,-9
200712190WAS,RS,CHI,2816.0,,80,91,-11
200712190WAS,RS,CHI,2827.3,,82,91,-9
200712190WAS,RS,CHI,2856.0,,82,92,-10
200712190WAS,RS,CHI,2856.0,,82,93,-11
200712190WAS,RS,CHI,2862.1,,84,93,-9
200712190WAS,RS,CHI,2863.6,,84,94,-10
200712190WAS,RS,CHI,2863.6,F,84,95,-11
200712190WAS,RS,CHI,2880.0,,84,95,-11
200712210WAS,RS,ATL,0.0,,0,0,0
200712210WAS,RS,ATL,31.0,,0,2,-2
200712210WAS,RS,ATL,57.0,LC,3,2,1
200712210WAS,RS,ATL,81.0,LC,3,4,-1
200712210WAS,RS,ATL,103.0,,3,7,-4
200712210WAS,RS,ATL,172.0,,3,9,-6
200712210WAS,RS,ATL,186.0,,5,9,-4
200712210WAS,RS,ATL,197.0,,5,10,-5
200712210WAS,RS,ATL,197.0,,5,11,-6
200712210WAS,RS,ATL,212.0,,7,11,-4
200712210WAS,RS,ATL,230.0,,7,13,-6
200712210WAS,RS,ATL,258.0,,7,15,-8
200712210WAS,RS,ATL,284.0,,7,17,-10
200712210WAS,RS,ATL,330.0,,10,17,-7
200712210WAS,RS,ATL,388.0,,10,19,-9
200712210WAS,RS,ATL,429.0,,12,19,-7
200712210WAS,RS,ATL,452.0,,12,21,-9
200712210WAS,RS,ATL,464.0,,13,21,-8
200712210WAS,RS,ATL,515.0,,13,24,-11
200712210WAS,RS,ATL,581.0,,13,25,-12
200712210WAS,RS,ATL,596.0,,16,25,-9
200712210WAS,RS,ATL,631.0,,18,25,-7
200712210WAS,RS,ATL,681.1,,21,25,-4
200712210WAS,RS,ATL,735.0,,23,25,-2
200712210WAS,RS,ATL,781.0,,23,27,-4
200712210WAS,RS,ATL,793.0,,24,27,-3
200712210WAS,RS,ATL,816.0,,24,29,-5
200712210WAS,RS,ATL,877.0,,27,29,-2
200712210WAS,RS,ATL,889.0,,27,31,-4
200712210WAS,RS,ATL,938.0,,27,33,-6
200712210WAS,RS,ATL,990.0,,30,33,-3
200712210WAS,RS,ATL,1019.0,,31,33,-2
200712210WAS,RS,ATL,1039.0,T,33,33,0
200712210WAS,RS,ATL,1088.0,LC,35,33,2
200712210WAS,RS,ATL,1121.0,,37,33,4
200712210WAS,RS,ATL,1150.0,,39,33,6
200712210WAS,RS,ATL,1175.0,,39,36,3
200712210WAS,RS,ATL,1198.0,,41,36,5
200712210WAS,RS,ATL,1217.0,,41,38,3
200712210WAS,RS,ATL,1274.0,,43,38,5
200712210WAS,RS,ATL,1274.0,,44,38,6
200712210WAS,RS,ATL,1301.0,,44,40,4
200712210WAS,RS,ATL,1392.5,,44,43,1
200712210WAS,RS,ATL,1410.1,,47,43,4
200712210WAS,RS,ATL,1434.1,,47,45,2
200712210WAS,RS,ATL,1454.0,,49,45,4
200712210WAS,RS,ATL,1574.0,,49,47,2
200712210WAS,RS,ATL,1593.0,,52,47,5
200712210WAS,RS,ATL,1617.0,,54,47,7
200712210WAS,RS,ATL,1666.0,,56,47,9
200712210WAS,RS,ATL,1700.0,,56,48,8
200712210WAS,RS,ATL,1738.0,,56,49,7
200712210WAS,RS,ATL,1752.0,,58,49,9
200712210WAS,RS,ATL,1774.0,,58,51,7
200712210WAS,RS,ATL,1800.0,,58,54,4
200712210WAS,RS,ATL,1816.0,,58,56,2
200712210WAS,RS,ATL,1894.0,,60,56,4
200712210WAS,RS,ATL,1932.0,,60,58,2
200712210WAS,RS,ATL,1958.0,,61,58,3
200712210WAS,RS,ATL,1977.0,,61,60,1
200712210WAS,RS,ATL,1977.0,T,61,61,0
200712210WAS,RS,ATL,1994.0,,63,61,2
200712210WAS,RS,ATL,2003.0,T,63,63,0
200712210WAS,RS,ATL,2003.0,LC,63,64,-1
200712210WAS,RS,ATL,2040.0,,63,65,-2
200712210WAS,RS,ATL,2040.0,,63,66,-3
200712210WAS,RS,ATL,2093.0,,65,66,-1
200712210WAS,RS,ATL,2121.8,,65,67,-2
200712210WAS,RS,ATL,2121.8,,65,68,-3
200712210WAS,RS,ATL,2137.0,,66,68,-2
200712210WAS,RS,ATL,2137.0,,67,68,-1
200712210WAS,RS,ATL,2210.0,LC,69,68,1
200712210WAS,RS,ATL,2257.0,T,69,69,0
200712210WAS,RS,ATL,2298.0,LC,69,71,-2
200712210WAS,RS,ATL,2336.0,,69,73,-4
200712210WAS,RS,ATL,2401.0,,71,73,-2
200712210WAS,RS,ATL,2436.0,,71,75,-4
200712210WAS,RS,ATL,2436.0,,71,76,-5
200712210WAS,RS,ATL,2457.0,,72,76,-4
200712210WAS,RS,ATL,2457.0,,73,76,-3
200712210WAS,RS,ATL,2489.0,T,76,76,0
200712210WAS,RS,ATL,2555.0,,76,79,-3
200712210WAS,RS,ATL,2573.0,,76,80,-4
200712210WAS,RS,ATL,2573.0,,76,81,-5
200712210WAS,RS,ATL,2593.0,,78,81,-3
200712210WAS,RS,ATL,2612.0,,79,81,-2
200712210WAS,RS,ATL,2612.0,,80,81,-1
200712210WAS,RS,ATL,2670.0,,80,82,-2
200712210WAS,RS,ATL,2681.0,,81,82,-1
200712210WAS,RS,ATL,2681.0,T,82,82,0
200712210WAS,RS,ATL,2742.0,LC,83,82,1
200712210WAS,RS,ATL,2742.0,,84,82,2
200712210WAS,RS,ATL,2758.0,,84,83,1
200712210WAS,RS,ATL,2758.0,T,84,84,0
200712210WAS,RS,ATL,2784.0,LC,84,86,-2
200712210WAS,RS,ATL,2800.0,T,86,86,0
200712210WAS,RS,ATL,2818.0,,86,89,-3
200712210WAS,RS,ATL,2831.2,,87,89,-2
200712210WAS,RS,ATL,2831.2,,88,89,-1
200712210WAS,RS,ATL,2854.2,,88,91,-3
200712210WAS,RS,ATL,2861.7,,90,91,-1
200712210WAS,RS,ATL,2863.8,,90,92,-2
200712210WAS,RS,ATL,2863.8,,90,93,-3
200712210WAS,RS,ATL,2870.2,,90,94,-4
200712210WAS,RS,ATL,2870.2,,90,95,-5
200712210WAS,RS,ATL,2876.0,,92,95,-3
200712210WAS,RS,ATL,2877.6,,92,96,-4
200712210WAS,RS,ATL,2877.6,F,92,97,-5
200712210WAS,RS,ATL,2880.0,,92,97,-5
200712220IND,RS,IND,0.0,,0,0,0
200712220IND,RS,IND,44.0,,2,0,2
200712220IND,RS,IND,71.0,,4,0,4
200712220IND,RS,IND,112.0,,4,2,2
200712220IND,RS,IND,132.0,,5,2,3
200712220IND,RS,IND,171.0,,5,4,1
200712220IND,RS,IND,227.0,LC,5,6,-1
200712220IND,RS,IND,247.0,LC,7,6,1
200712220IND,RS,IND,259.0,LC,7,9,-2
200712220IND,RS,IND,284.0,T,9,9,0
200712220IND,RS,IND,386.0,LC,12,9,3
200712220IND,RS,IND,394.0,,12,11,1
200712220IND,RS,IND,462.0,LC,12,14,-2
200712220IND,RS,IND,535.0,,13,14,-1
200712220IND,RS,IND,586.0,,13,16,-3
200712220IND,RS,IND,618.0,,13,19,-6
200712220IND,RS,IND,640.0,,14,19,-5
200712220IND,RS,IND,654.0,,16,19,-3
200712220IND,RS,IND,705.0,,16,22,-6
200712220IND,RS,IND,717.4,,17,22,-5
200712220IND,RS,IND,717.4,,18,22,-4
200712220IND,RS,IND,753.0,,20,22,-2
200712220IND,RS,IND,808.0,,20,23,-3
200712220IND,RS,IND,811.0,,20,24,-4
200712220IND,RS,IND,811.0,,20,25,-5
200712220IND,RS,IND,842.0,,20,27,-7
200712220IND,RS,IND,871.0,,20,29,-9
200712220IND,RS,IND,925.0,,21,29,-8
200712220IND,RS,IND,1001.0,,21,31,-10
200712220IND,RS,IND,1016.0,,23,31,-8
200712220IND,RS,IND,1057.0,,23,33,-10
200712220IND,RS,IND,1057.0,,23,34,-11
200712220IND,RS,IND,1071.0,,24,34,-10
200712220IND,RS,IND,1105.0,,26,34,-8
200712220IND,RS,IND,1134.0,,28,34,-6
200712220IND,RS,IND,1169.0,,30,34,-4
200712220IND,RS,IND,1215.0,,30,36,-6
200712220IND,RS,IND,1273.0,,30,39,-9
200712220IND,RS,IND,1293.0,,32,39,-7
200712220IND,RS,IND,1345.0,,32,41,-9
200712220IND,RS,IND,1373.0,,32,43,-11
200712220IND,RS,IND,1390.1,,34,43,-9
200712220IND,RS,IND,1412.2,,34,45,-11
200712220IND,RS,IND,1453.0,,36,45,-9
200712220IND,RS,IND,1475.0,,36,47,-11
200712220IND,RS,IND,1556.0,,36,49,-13
200712220IND,RS,IND,1610.0,,38,49,-11
200712220IND,RS,IND,1636.0,,41,49,-8
200712220IND,RS,IND,1676.0,,42,49,-7
200712220IND,RS,IND,1676.0,,43,49,-6
200712220IND,RS,IND,1713.0,,46,49,-3
200712220IND,RS,IND,1731.0,,46,51,-5
200712220IND,RS,IND,1747.0,,48,51,-3
200712220IND,RS,IND,1758.0,,48,52,-4
200712220IND,RS,IND,1831.0,,49,52,-3
200712220IND,RS,IND,1856.0,,49,55,-6
200712220IND,RS,IND,1886.0,,49,57,-8
200712220IND,RS,IND,1905.0,,50,57,-7
200712220IND,RS,IND,1905.0,,51,57,-6
200712220IND,RS,IND,1972.0,,54,57,-3
200712220IND,RS,IND,1989.0,,54,59,-5
200712220IND,RS,IND,2003.0,,55,59,-4
200712220IND,RS,IND,2003.0,,56,59,-3
200712220IND,RS,IND,2034.0,,56,61,-5
200712220IND,RS,IND,2048.0,,58,61,-3
200712220IND,RS,IND,2073.0,,60,61,-1
200712220IND,RS,IND,2083.0,,60,63,-3
200712220IND,RS,IND,2083.0,,60,64,-4
200712220IND,RS,IND,2105.0,,60,66,-6
200712220IND,RS,IND,2128.2,,60,67,-7
200712220IND,RS,IND,2128.2,,60,68,-8
200712220IND,RS,IND,2143.4,,61,68,-7
200712220IND,RS,IND,2185.0,,61,70,-9
200712220IND,RS,IND,2206.0,,63,70,-7
200712220IND,RS,IND,2246.0,,65,70,-5
200712220IND,RS,IND,2308.0,,67,70,-3
200712220IND,RS,IND,2387.0,T,70,70,0
200712220IND,RS,IND,2404.0,,70,72,-2
200712220IND,RS,IND,2426.0,,70,73,-3
200712220IND,RS,IND,2426.0,,70,74,-4
200712220IND,RS,IND,2456.0,,70,77,-7
200712220IND,RS,IND,2473.0,,72,77,-5
200712220IND,RS,IND,2493.0,,72,79,-7
200712220IND,RS,IND,2511.0,,74,79,-5
200712220IND,RS,IND,2543.0,,75,79,-4
200712220IND,RS,IND,2543.0,,76,79,-3
200712220IND,RS,IND,2557.0,,76,81,-5
200712220IND,RS,IND,2577.0,,76,83,-7
200712220IND,RS,IND,2577.0,,76,84,-8
200712220IND,RS,IND,2614.0,,77,84,-7
200712220IND,RS,IND,2630.0,,79,84,-5
200712220IND,RS,IND,2658.0,,79,87,-8
200712220IND,RS,IND,2691.0,,79,89,-10
200712220IND,RS,IND,2762.0,,81,89,-8
200712220IND,RS,IND,2813.0,,83,89,-6
200712220IND,RS,IND,2828.0,,83,90,-7
200712220IND,RS,IND,2853.1,,83,91,-8
200712220IND,RS,IND,2860.4,,83,92,-9
200712220IND,RS,IND,2860.4,,83,93,-10
200712220IND,RS,IND,2872.4,F,85,93,-8
200712220IND,RS,IND,2880.0,,85,93,-8
200712260CHA,RS,CHA,0.0,,0,0,0
200712260CHA,RS,CHA,37.0,,0,2,-2
200712260CHA,RS,CHA,56.0,T,2,2,0
200712260CHA,RS,CHA,71.0,,2,3,-1
200712260CHA,RS,CHA,78.0,,2,6,-4
200712260CHA,RS,CHA,95.0,,4,6,-2
200712260CHA,RS,CHA,108.0,,4,8,-4
200712260CHA,RS,CHA,124.0,,6,8,-2
200712260CHA,RS,CHA,157.0,T,8,8,0
200712260CHA,RS,CHA,171.0,,8,10,-2
200712260CHA,RS,CHA,189.0,,9,10,-1
200712260CHA,RS,CHA,189.0,T,10,10,0
200712260CHA,RS,CHA,217.0,LC,13,10,3
200712260CHA,RS,CHA,237.0,T,13,13,0
200712260CHA,RS,CHA,254.0,,16,13,3
200712260CHA,RS,CHA,263.0,,16,15,1
200712260CHA,RS,CHA,281.0,,18,15,3
200712260CHA,RS,CHA,320.0,,21,15,6
200712260CHA,RS,CHA,346.0,,24,15,9
200712260CHA,RS,CHA,353.0,,24,17,7
200712260CHA,RS,CHA,392.0,,24,19,5
200712260CHA,RS,CHA,411.0,,25,19,6
200712260CHA,RS,CHA,411.0,,26,19,7
200712260CHA,RS,CHA,422.0,,26,22,4
200712260CHA,RS,CHA,440.0,,29,22,7
200712260CHA,RS,CHA,462.0,,32,22,10
200712260CHA,RS,CHA,498.0,,34,22,12
200712260CHA,RS,CHA,512.0,,34,24,10
200712260CHA,RS,CHA,553.0,,34,27,7
200712260CHA,RS,CHA,589.0,,34,30,4
200712260CHA,RS,CHA,625.0,,36,30,6
200712260CHA,RS,CHA,648.0,,39,30,9
200712260CHA,RS,CHA,717.2,,41,30,11
200712260CHA,RS,CHA,787.0,,41,32,9
200712260CHA,RS,CHA,831.0,,41,34,7
200712260CHA,RS,CHA,904.0,,43,34,9
200712260CHA,RS,CHA,925.0,,43,36,7
200712260CHA,RS,CHA,971.0,,43,38,5
200712260CHA,RS,CHA,1062.0,,43,39,4
200712260CHA,RS,CHA,1062.0,,43,40,3
200712260CHA,RS,CHA,1079.0,,45,40,5
200712260CHA,RS,CHA,1134.0,,45,41,4
200712260CHA,RS,CHA,1154.0,,47,41,6
200712260CHA,RS,CHA,1180.0,,47,43,4
200712260CHA,RS,CHA,1198.0,,49,43,6
200712260CHA,RS,CHA,1219.0,,51,43,8
200712260CHA,RS,CHA,1237.0,,51,46,5
200712260CHA,RS,CHA,1303.0,,51,47,4
200712260CHA,RS,CHA,1303.0,,51,48,3
200712260CHA,RS,CHA,1321.0,,54,48,6
200712260CHA,RS,CHA,1362.0,,56,48,8
200712260CHA,RS,CHA,1383.6,,56,50,6
200712260CHA,RS,CHA,1400.2,,57,50,7
200712260CHA,RS,CHA,1400.2,,58,50,8
200712260CHA,RS,CHA,1407.9,,58,52,6
200712260CHA,RS,CHA,1407.9,,58,53,5
200712260CHA,RS,CHA,1438.7,,58,55,3
200712260CHA,RS,CHA,1544.0,,58,56,2
200712260CHA,RS,CHA,1544.0,,58,57,1
200712260CHA,RS,CHA,1565.0,,60,57,3
200712260CHA,RS,CHA,1574.0,,60,59,1
200712260CHA,RS,CHA,1627.0,LC,60,61,-1
200712260CHA,RS,CHA,1671.0,T,61,61,0
200712260CHA,RS,CHA,1684.0,LC,63,61,2
200712260CHA,RS,CHA,1694.0,T,63,63,0
200712260CHA,RS,CHA,1721.0,LC,63,66,-3
200712260CHA,RS,CHA,1769.0,,63,68,-5
200712260CHA,RS,CHA,1789.0,,66,68,-2
200712260CHA,RS,CHA,1815.0,,66,70,-4
200712260CHA,RS,CHA,1859.0,,68,70,-2
200712260CHA,RS,CHA,1906.0,T,70,70,0
200712260CHA,RS,CHA,1906.0,LC,71,70,1
200712260CHA,RS,CHA,1953.0,,74,70,4
200712260CHA,RS,CHA,2010.0,,74,71,3
200712260CHA,RS,CHA,2010.0,,74,72,2
200712260CHA,RS,CHA,2047.0,,77,72,5
200712260CHA,RS,CHA,2086.0,,78,72,6
200712260CHA,RS,CHA,2086.0,,79,72,7
200712260CHA,RS,CHA,2112.9,,81,72,9
200712260CHA,RS,CHA,2133.7,,81,74,7
200712260CHA,RS,CHA,2224.0,,81,77,4
200712260CHA,RS,CHA,2244.0,,82,77,5
200712260CHA,RS,CHA,2244.0,,83,77,6
200712260CHA,RS,CHA,2268.0,,84,77,7
200712260CHA,RS,CHA,2268.0,,85,77,8
200712260CHA,RS,CHA,2287.0,,87,77,10
200712260CHA,RS,CHA,2335.0,,87,78,9
200712260CHA,RS,CHA,2356.0,,89,78,11
200712260CHA,RS,CHA,2391.0,,89,79,10
200712260CHA,RS,CHA,2416.0,,89,81,8
200712260CHA,RS,CHA,2440.0,,91,81,10
200712260CHA,RS,CHA,2449.0,,91,83,8
200712260CHA,RS,CHA,2480.0,,91,85,6
200712260CHA,RS,CHA,2544.0,,93,85,8
200712260CHA,RS,CHA,2559.0,,93,87,6
200712260CHA,RS,CHA,2572.0,,95,87,8
200712260CHA,RS,CHA,2590.0,,95,90,5
200712260CHA,RS,CHA,2597.0,,97,90,7
200712260CHA,RS,CHA,2618.0,,99,90,9
200712260CHA,RS,CHA,2635.0,,101,90,11
200712260CHA,RS,CHA,2660.0,,101,93,8
200712260CHA,RS,CHA,2734.0,,103,93,10
200712260CHA,RS,CHA,2758.0,,103,94,9
200712260CHA,RS,CHA,2794.0,,103,95,8
200712260CHA,RS,CHA,2797.0,,103,97,6
200712260CHA,RS,CHA,2797.0,,103,98,5
200712260CHA,RS,CHA,2825.0,,104,98,6
200712260CHA,RS,CHA,2853.1,,104,100,4
200712260CHA,RS,CHA,2853.1,,104,101,3
200712260CHA,RS,CHA,2858.0,,106,101,5
200712260CHA,RS,CHA,2867.1,,107,101,6
200712260CHA,RS,CHA,2867.1,,108,101,7
200712260CHA,RS,CHA,2872.0,,108,103,5
200712260CHA,RS,CHA,2872.0,F,108,104,4
200712260CHA,RS,CHA,2880.0,,108,104,4
200712280NJN,RS,NJN,0.0,,0,0,0
200712280NJN,RS,NJN,32.0,,2,0,2
200712280NJN,RS,NJN,89.0,LC,2,3,-1
200712280NJN,RS,NJN,123.0,,2,5,-3
200712280NJN,RS,NJN,151.0,T,5,5,0
200712280NJN,RS,NJN,173.0,,5,7,-2
200712280NJN,RS,NJN,194.0,T,7,7,0
200712280NJN,RS,NJN,217.0,,7,10,-3
200712280NJN,RS,NJN,263.0,,7,12,-5
200712280NJN,RS,NJN,281.0,,10,12,-2
200712280NJN,RS,NJN,295.0,,10,14,-4
200712280NJN,RS,NJN,308.0,,11,14,-3
200712280NJN,RS,NJN,308.0,,12,14,-2
200712280NJN,RS,NJN,320.0,,12,16,-4
200712280NJN,RS,NJN,347.0,,14,16,-2
200712280NJN,RS,NJN,359.0,,14,19,-5
200712280NJN,RS,NJN,375.0,,15,19,-4
200712280NJN,RS,NJN,375.0,,16,19,-3
200712280NJN,RS,NJN,419.0,T,19,19,0
200712280NJN,RS,NJN,462.0,,19,22,-3
200712280NJN,RS,NJN,504.0,,20,22,-2
200712280NJN,RS,NJN,538.0,,20,24,-4
200712280NJN,RS,NJN,560.0,,20,26,-6
200712280NJN,RS,NJN,577.0,,23,26,-3
200712280NJN,RS,NJN,626.0,,23,28,-5
200712280NJN,RS,NJN,667.4,,25,28,-3
200712280NJN,RS,NJN,688.0,,27,28,-1
200712280NJN,RS,NJN,695.1,,27,29,-2
200712280NJN,RS,NJN,695.1,,27,30,-3
200712280NJN,RS,NJN,738.0,,29,30,-1
200712280NJN,RS,NJN,759.0,,29,31,-2
200712280NJN,RS,NJN,759.0,,29,32,-3
200712280NJN,RS,NJN,772.0,,31,32,-1
200712280NJN,RS,NJN,791.0,,31,34,-3
200712280NJN,RS,NJN,838.0,T,34,34,0
200712280NJN,RS,NJN,851.0,,34,36,-2
200712280NJN,RS,NJN,877.0,T,36,36,0
200712280NJN,RS,NJN,896.0,LC,37,36,1
200712280NJN,RS,NJN,896.0,,38,36,2
200712280NJN,RS,NJN,919.0,T,38,38,0
200712280NJN,RS,NJN,949.0,LC,38,39,-1
200712280NJN,RS,NJN,960.0,LC,40,39,1
200712280NJN,RS,NJN,992.0,LC,40,41,-1
200712280NJN,RS,NJN,1008.0,,40,42,-2
200712280NJN,RS,NJN,1008.0,,40,43,-3
200712280NJN,RS,NJN,1024.0,,42,43,-1
200712280NJN,RS,NJN,1060.0,LC,44,43,1
200712280NJN,RS,NJN,1138.0,LC,44,45,-1
200712280NJN,RS,NJN,1158.0,LC,46,45,1
200712280NJN,RS,NJN,1192.0,,48,45,3
200712280NJN,RS,NJN,1254.0,,50,45,5
200712280NJN,RS,NJN,1274.0,,50,47,3
200712280NJN,RS,NJN,1292.0,,52,47,5
200712280NJN,RS,NJN,1307.0,,52,48,4
200712280NJN,RS,NJN,1307.0,,52,49,3
200712280NJN,RS,NJN,1339.0,,52,50,2
200712280NJN,RS,NJN,1339.0,,52,51,1
200712280NJN,RS,NJN,1363.0,,54,51,3
200712280NJN,RS,NJN,1382.1,,56,51,5
200712280NJN,RS,NJN,1419.6,,59,51,8
200712280NJN,RS,NJN,1436.5,,59,53,6
200712280NJN,RS,NJN,1463.0,,61,53,8
200712280NJN,RS,NJN,1485.0,,61,55,6
200712280NJN,RS,NJN,1503.0,,63,55,8
200712280NJN,RS,NJN,1538.0,,63,57,6
200712280NJN,RS,NJN,1556.0,,66,57,9
200712280NJN,RS,NJN,1602.0,,66,59,7
200712280NJN,RS,NJN,1616.0,,68,59,9
200712280NJN,RS,NJN,1630.0,,68,61,7
200712280NJN,RS,NJN,1630.0,,68,62,6
200712280NJN,RS,NJN,1652.0,,70,62,8
200712280NJN,RS,NJN,1683.0,,70,64,6
200712280NJN,RS,NJN,1706.0,,70,66,4
200712280NJN,RS,NJN,1749.0,,70,67,3
200712280NJN,RS,NJN,1749.0,,70,68,2
200712280NJN,RS,NJN,1778.0,,71,68,3
200712280NJN,RS,NJN,1803.0,,71,70,1
200712280NJN,RS,NJN,1859.0,LC,71,72,-1
200712280NJN,RS,NJN,1880.0,LC,73,72,1
200712280NJN,RS,NJN,1880.0,,74,72,2
200712280NJN,RS,NJN,1880.0,,75,72,3
200712280NJN,RS,NJN,1893.0,,75,73,2
200712280NJN,RS,NJN,1893.0,,75,74,1
200712280NJN,RS,NJN,1911.0,,77,74,3
200712280NJN,RS,NJN,1942.0,,79,74,5
200712280NJN,RS,NJN,1959.0,,79,76,3
200712280NJN,RS,NJN,1959.0,,79,77,2
200712280NJN,RS,NJN,1980.0,,81,77,4
200712280NJN,RS,NJN,2002.0,,81,79,2
200712280NJN,RS,NJN,2002.0,,81,80,1
200712280NJN,RS,NJN,2037.0,T,81,81,0
200712280NJN,RS,NJN,2037.0,LC,81,82,-1
200712280NJN,RS,NJN,2082.0,T,82,82,0
200712280NJN,RS,NJN,2082.0,LC,83,82,1
200712280NJN,RS,NJN,2098.0,T,83,83,0
200712280NJN,RS,NJN,2098.0,LC,83,84,-1
200712280NJN,RS,NJN,2109.5,T,84,84,0
200712280NJN,RS,NJN,2109.5,LC,85,84,1
200712280NJN,RS,NJN,2126.1,LC,85,87,-2
200712280NJN,RS,NJN,2138.6,,86,87,-1
200712280NJN,RS,NJN,2172.0,,86,89,-3
200712280NJN,RS,NJN,2197.0,,88,89,-1
200712280NJN,RS,NJN,2254.0,,88,92,-4
200712280NJN,RS,NJN,2307.0,,90,92,-2
200712280NJN,RS,NJN,2387.0,T,92,92,0
200712280NJN,RS,NJN,2401.0,,92,93,-1
200712280NJN,RS,NJN,2416.0,T,93,93,0
200712280NJN,RS,NJN,2416.0,LC,94,93,1
200712280NJN,RS,NJN,2428.0,T,94,94,0
200712280NJN,RS,NJN,2428.0,LC,94,95,-1
200712280NJN,RS,NJN,2469.0,T,95,95,0
200712280NJN,RS,NJN,2486.0,,95,98,-3
200712280NJN,RS,NJN,2505.0,,96,98,-2
200712280NJN,RS,NJN,2505.0,,97,98,-1
200712280NJN,RS,NJN,2520.0,,97,101,-4
200712280NJN,RS,NJN,2538.0,,100,101,-1
200712280NJN,RS,NJN,2614.0,,100,103,-3
200712280NJN,RS,NJN,2653.0,,100,105,-5
200712280NJN,RS,NJN,2675.0,,100,106,-6
200712280NJN,RS,NJN,2675.0,,100,107,-7
200712280NJN,RS,NJN,2691.0,,102,107,-5
200712280NJN,RS,NJN,2742.0,,102,108,-6
200712280NJN,RS,NJN,2742.0,,102,109,-7
200712280NJN,RS,NJN,2760.0,,104,109,-5
200712280NJN,RS,NJN,2779.0,,105,109,-4
200712280NJN,RS,NJN,2779.0,F,106,109,-3
200712280NJN,RS,NJN,2880.0,,106,109,-3
200712290WAS,RS,MIA,0.0,,0,0,0
200712290WAS,RS,MIA,82.0,,2,0,2
200712290WAS,RS,MIA,107.0,T,2,2,0
200712290WAS,RS,MIA,132.0,,4,2,2
200712290WAS,RS,MIA,159.0,,6,2,4
200712290WAS,RS,MIA,180.0,,6,4,2
200712290WAS,RS,MIA,194.0,,8,4,4
200712290WAS,RS,MIA,288.0,,8,6,2
200712290WAS,RS,MIA,305.0,,11,6,5
200712290WAS,RS,MIA,325.0,,11,8,3
200712290WAS,RS,MIA,345.0,,14,8,6
200712290WAS,RS,MIA,390.0,,16,8,8
200712290WAS,RS,MIA,416.0,,16,10,6
200712290WAS,RS,MIA,455.0,,16,11,5
200712290WAS,RS,MIA,473.0,,18,11,7
200712290WAS,RS,MIA,513.0,,18,14,4
200712290WAS,RS,MIA,531.0,,20,14,6
200712290WAS,RS,MIA,579.0,,20,16,4
200712290WAS,RS,MIA,601.0,,22,16,6
200712290WAS,RS,MIA,633.0,,25,16,9
200712290WAS,RS,MIA,666.7,,26,16,10
200712290WAS,RS,MIA,685.1,,26,18,8
200712290WAS,RS,MIA,811.0,,26,20,6
200712290WAS,RS,MIA,823.0,,27,20,7
200712290WAS,RS,MIA,823.0,,28,20,8
200712290WAS,RS,MIA,841.0,,31,20,11
200712290WAS,RS,MIA,863.0,,32,20,12
200712290WAS,RS,MIA,891.0,,32,22,10
200712290WAS,RS,MIA,914.0,,32,23,9
200712290WAS,RS,MIA,931.0,,35,23,12
200712290WAS,RS,MIA,944.0,,35,25,10
200712290WAS,RS,MIA,957.0,,36,25,11
200712290WAS,RS,MIA,972.0,,36,27,9
200712290WAS,RS,MIA,981.0,,38,27,11
200712290WAS,RS,MIA,1058.0,,40,27,13
200712290WAS,RS,MIA,1075.0,,40,29,11
200712290WAS,RS,MIA,1092.0,,42,29,13
200712290WAS,RS,MIA,1110.0,,42,32,10
200712290WAS,RS,MIA,1116.0,,43,32,11
200712290WAS,RS,MIA,1116.0,,44,32,12
200712290WAS,RS,MIA,1137.0,,44,34,10
200712290WAS,RS,MIA,1198.0,,46,34,12
200712290WAS,RS,MIA,1221.0,,48,34,14
200712290WAS,RS,MIA,1243.0,,48,35,13
200712290WAS,RS,MIA,1243.0,,48,36,12
200712290WAS,RS,MIA,1261.0,,49,36,13
200712290WAS,RS,MIA,1261.0,,50,36,14
200712290WAS,RS,MIA,1284.0,,50,39,11
200712290WAS,RS,MIA,1301.0,,51,39,12
200712290WAS,RS,MIA,1301.0,,52,39,13
200712290WAS,RS,MIA,1386.1,,54,39,15
200712290WAS,RS,MIA,1408.8,,56,39,17
200712290WAS,RS,MIA,1439.3,,58,39,19
200712290WAS,RS,MIA,1520.0,,60,39,21
200712290WAS,RS,MIA,1608.0,,61,39,22
200712290WAS,RS,MIA,1608.0,,62,39,23
200712290WAS,RS,MIA,1633.0,,62,40,22
200712290WAS,RS,MIA,1680.0,,64,40,24
200712290WAS,RS,MIA,1722.0,,66,40,26
200712290WAS,RS,MIA,1776.0,,68,40,28
200712290WAS,RS,MIA,1793.0,,68,42,26
200712290WAS,RS,MIA,1804.0,,71,42,29
200712290WAS,RS,MIA,1825.0,,71,43,28
200712290WAS,RS,MIA,1835.0,,71,46,25
200712290WAS,RS,MIA,1860.0,,71,47,24
200712290WAS,RS,MIA,1920.0,,71,49,22
200712290WAS,RS,MIA,1940.0,,71,51,20
200712290WAS,RS,MIA,1964.0,,73,51,22
200712290WAS,RS,MIA,2021.0,,75,51,24
200712290WAS,RS,MIA,2076.0,,76,51,25
200712290WAS,RS,MIA,2076.0,,77,51,26
200712290WAS,RS,MIA,2096.0,,77,52,25
200712290WAS,RS,MIA,2096.0,,77,53,24
200712290WAS,RS,MIA,2110.8,,79,53,26
200712290WAS,RS,MIA,2155.2,,79,55,24
200712290WAS,RS,MIA,2159.0,,82,55,27
200712290WAS,RS,MIA,2262.0,,84,55,29
200712290WAS,RS,MIA,2305.0,,84,56,28
200712290WAS,RS,MIA,2314.0,,86,56,30
200712290WAS,RS,MIA,2357.0,,86,58,28
200712290WAS,RS,MIA,2390.0,,86,60,26
200712290WAS,RS,MIA,2414.0,,86,63,23
200712290WAS,RS,MIA,2452.0,,86,65,21
200712290WAS,RS,MIA,2512.0,,86,68,18
200712290WAS,RS,MIA,2570.0,,86,70,16
200712290WAS,RS,MIA,2570.0,,86,71,15
200712290WAS,RS,MIA,2587.0,,88,71,17
200712290WAS,RS,MIA,2587.0,,89,71,18
200712290WAS,RS,MIA,2631.0,,92,71,21
200712290WAS,RS,MIA,2683.0,,94,71,23
200712290WAS,RS,MIA,2759.0,,94,73,21
200712290WAS,RS,MIA,2812.0,,94,74,20
200712290WAS,RS,MIA,2858.2,F,96,74,22
200712290WAS,RS,MIA,2880.0,,96,74,22
200801020WAS,RS,DET,0.0,,0,0,0
200801020WAS,RS,DET,54.0,,2,0,2
200801020WAS,RS,DET,74.0,T,2,2,0
200801020WAS,RS,DET,148.0,LC,2,4,-2
200801020WAS,RS,DET,185.0,,2,6,-4
200801020WAS,RS,DET,206.0,,3,6,-3
200801020WAS,RS,DET,206.0,,4,6,-2
200801020WAS,RS,DET,239.0,T,6,6,0
200801020WAS,RS,DET,260.0,,6,9,-3
200801020WAS,RS,DET,292.0,,6,11,-5
200801020WAS,RS,DET,309.0,,9,11,-2
200801020WAS,RS,DET,345.0,T,11,11,0
200801020WAS,RS,DET,374.0,,11,13,-2
200801020WAS,RS,DET,406.0,,11,15,-4
200801020WAS,RS,DET,424.0,,12,15,-3
200801020WAS,RS,DET,424.0,,13,15,-2
200801020WAS,RS,DET,442.0,T,15,15,0
200801020WAS,RS,DET,492.0,LC,17,15,2
200801020WAS,RS,DET,520.0,T,17,17,0
200801020WAS,RS,DET,535.0,,19,17,2
200801020WAS,RS,DET,549.0,T,19,19,0
200801020WAS,RS,DET,549.0,LC,19,20,-1
200801020WAS,RS,DET,566.0,T,20,20,0
200801020WAS,RS,DET,566.0,LC,21,20,1
200801020WAS,RS,DET,581.0,LC,21,23,-2
200801020WAS,RS,DET,617.0,T,23,23,0
200801020WAS,RS,DET,643.0,LC,24,23,1
200801020WAS,RS,DET,643.0,,25,23,2
200801020WAS,RS,DET,664.4,,25,24,1
200801020WAS,RS,DET,664.4,T,25,25,0
200801020WAS,RS,DET,664.4,LC,25,26,-1
200801020WAS,RS,DET,677.1,LC,27,26,1
200801020WAS,RS,DET,749.0,LC,27,28,-1
200801020WAS,RS,DET,780.0,,27,30,-3
200801020WAS,RS,DET,814.0,,27,33,-6
200801020WAS,RS,DET,880.0,,27,34,-7
200801020WAS,RS,DET,908.0,,27,36,-9
200801020WAS,RS,DET,931.0,,30,36,-6
200801020WAS,RS,DET,952.0,,30,37,-7
200801020WAS,RS,DET,952.0,,30,38,-8
200801020WAS,RS,DET,973.0,,32,38,-6
200801020WAS,RS,DET,988.0,,32,39,-7
200801020WAS,RS,DET,1013.0,,34,39,-5
200801020WAS,RS,DET,1052.0,,35,39,-4
200801020WAS,RS,DET,1052.0,,36,39,-3
200801020WAS,RS,DET,1069.0,,36,42,-6
200801020WAS,RS,DET,1109.0,,37,42,-5
200801020WAS,RS,DET,1135.0,,37,44,-7
200801020WAS,RS,DET,1188.0,,40,44,-4
200801020WAS,RS,DET,1210.0,,40,45,-5
200801020WAS,RS,DET,1230.0,,40,46,-6
200801020WAS,RS,DET,1230.0,,40,47,-7
200801020WAS,RS,DET,1235.0,,41,47,-6
200801020WAS,RS,DET,1261.0,,41,49,-8
200801020WAS,RS,DET,1302.0,,41,50,-9
200801020WAS,RS,DET,1302.0,,41,51,-10
200801020WAS,RS,DET,1316.0,,43,51,-8
200801020WAS,RS,DET,1334.0,,43,53,-10
200801020WAS,RS,DET,1342.0,,44,53,-9
200801020WAS,RS,DET,1342.0,,45,53,-8
200801020WAS,RS,DET,1381.6,,47,53,-6
200801020WAS,RS,DET,1401.6,,47,55,-8
200801020WAS,RS,DET,1439.1,,47,57,-10
200801020WAS,RS,DET,1505.0,,47,60,-13
200801020WAS,RS,DET,1549.0,,47,63,-16
200801020WAS,RS,DET,1579.0,,49,63,-14
200801020WAS,RS,DET,1614.0,,50,63,-13
200801020WAS,RS,DET,1658.0,,53,63,-10
200801020WAS,RS,DET,1675.0,,53,65,-12
200801020WAS,RS,DET,1695.0,,55,65,-10
200801020WAS,RS,DET,1713.0,,55,67,-12
200801020WAS,RS,DET,1729.0,,57,67,-10
200801020WAS,RS,DET,1750.0,,57,69,-12
200801020WAS,RS,DET,1789.0,,57,71,-14
200801020WAS,RS,DET,1826.0,,57,72,-15
200801020WAS,RS,DET,1826.0,,57,73,-16
200801020WAS,RS,DET,1855.0,,57,76,-19
200801020WAS,RS,DET,1879.0,,59,76,-17
200801020WAS,RS,DET,1910.0,,61,76,-15
200801020WAS,RS,DET,1946.0,,63,76,-13
200801020WAS,RS,DET,2006.0,,63,79,-16
200801020WAS,RS,DET,2023.0,,64,79,-15
200801020WAS,RS,DET,2023.0,,65,79,-14
200801020WAS,RS,DET,2046.0,,66,79,-13
200801020WAS,RS,DET,2046.0,,67,79,-12
200801020WAS,RS,DET,2081.0,,69,79,-10
200801020WAS,RS,DET,2093.0,,69,80,-11
200801020WAS,RS,DET,2110.3,,70,80,-10
200801020WAS,RS,DET,2128.9,,70,81,-11
200801020WAS,RS,DET,2128.9,,70,82,-12
200801020WAS,RS,DET,2141.9,,72,82,-10
200801020WAS,RS,DET,2159.7,,72,84,-12
200801020WAS,RS,DET,2177.0,,72,85,-13
200801020WAS,RS,DET,2177.0,,72,86,-14
200801020WAS,RS,DET,2194.0,,74,86,-12
200801020WAS,RS,DET,2238.0,,74,88,-14
200801020WAS,RS,DET,2238.0,,74,89,-15
200801020WAS,RS,DET,2264.0,,74,91,-17
200801020WAS,RS,DET,2321.0,,74,94,-20
200801020WAS,RS,DET,2338.0,,76,94,-18
200801020WAS,RS,DET,2365.0,,78,94,-16
200801020WAS,RS,DET,2365.0,,79,94,-15
200801020WAS,RS,DET,2419.0,,79,96,-17
200801020WAS,RS,DET,2483.0,,81,96,-15
200801020WAS,RS,DET,2483.0,,82,96,-14
200801020WAS,RS,DET,2507.0,,82,99,-17
200801020WAS,RS,DET,2524.0,,83,99,-16
200801020WAS,RS,DET,2543.0,,83,101,-18
200801020WAS,RS,DET,2633.0,,85,101,-16
200801020WAS,RS,DET,2633.0,,86,101,-15
200801020WAS,RS,DET,2690.0,,87,101,-14
200801020WAS,RS,DET,2690.0,,88,101,-13
200801020WAS,RS,DET,2702.0,,88,104,-16
200801020WAS,RS,DET,2827.8,,89,104,-15
200801020WAS,RS,DET,2827.8,,90,104,-14
200801020WAS,RS,DET,2860.5,,90,106,-16
200801020WAS,RS,DET,2867.1,F,93,106,-13
200801020WAS,RS,DET,2880.0,,93,106,-13
200801040MIL,RS,MIL,0.0,,0,0,0
200801040MIL,RS,MIL,42.0,,2,0,2
200801040MIL,RS,MIL,83.0,T,2,2,0
200801040MIL,RS,MIL,121.0,,5,2,3
200801040MIL,RS,MIL,154.0,,7,2,5
200801040MIL,RS,MIL,173.0,,7,4,3
200801040MIL,RS,MIL,188.0,,9,4,5
200801040MIL,RS,MIL,278.0,,11,4,7
200801040MIL,RS,MIL,342.0,,12,4,8
200801040MIL,RS,MIL,356.0,,12,6,6
200801040MIL,RS,MIL,405.0,,12,8,4
200801040MIL,RS,MIL,458.0,,14,8,6
200801040MIL,RS,MIL,522.0,,16,8,8
200801040MIL,RS,MIL,543.0,,17,8,9
200801040MIL,RS,MIL,543.0,,18,8,10
200801040MIL,RS,MIL,571.0,,21,8,13
200801040MIL,RS,MIL,609.0,,21,9,12
200801040MIL,RS,MIL,609.0,,21,10,11
200801040MIL,RS,MIL,660.0,,23,10,13
200801040MIL,RS,MIL,743.0,,25,10,15
200801040MIL,RS,MIL,761.0,,25,12,13
200801040MIL,RS,MIL,783.0,,27,12,15
200801040MIL,RS,MIL,841.0,,29,12,17
200801040MIL,RS,MIL,875.0,,31,12,19
200801040MIL,RS,MIL,891.0,,31,14,17
200801040MIL,RS,MIL,969.0,,31,17,14
200801040MIL,RS,MIL,1029.0,,33,17,16
200801040MIL,RS,MIL,1044.0,,33,19,14
200801040MIL,RS,MIL,1077.0,,33,20,13
200801040MIL,RS,MIL,1077.0,,33,21,12
200801040MIL,RS,MIL,1097.0,,33,22,11
200801040MIL,RS,MIL,1097.0,,33,23,10
200801040MIL,RS,MIL,1125.0,,36,23,13
200801040MIL,RS,MIL,1154.0,,38,23,15
200801040MIL,RS,MIL,1192.0,,40,23,17
200801040MIL,RS,MIL,1208.0,,40,25,15
200801040MIL,RS,MIL,1224.0,,43,25,18
200801040MIL,RS,MIL,1253.0,,43,27,16
200801040MIL,RS,MIL,1281.0,,43,29,14
200801040MIL,RS,MIL,1341.0,,46,29,17
200801040MIL,RS,MIL,1361.0,,46,31,15
200801040MIL,RS,MIL,1380.0,,48,31,17
200801040MIL,RS,MIL,1405.1,,50,31,19
200801040MIL,RS,MIL,1435.9,,51,31,20
200801040MIL,RS,MIL,1435.9,,52,31,21
200801040MIL,RS,MIL,1525.0,,52,33,19
200801040MIL,RS,MIL,1541.0,,54,33,21
200801040MIL,RS,MIL,1567.0,,56,33,23
200801040MIL,RS,MIL,1603.0,,58,33,25
200801040MIL,RS,MIL,1630.0,,59,33,26
200801040MIL,RS,MIL,1664.0,,61,33,28
200801040MIL,RS,MIL,1664.0,,62,33,29
200801040MIL,RS,MIL,1688.0,,64,33,31
200801040MIL,RS,MIL,1746.0,,66,33,33
200801040MIL,RS,MIL,1805.0,,66,35,31
200801040MIL,RS,MIL,1817.0,,68,35,33
200801040MIL,RS,MIL,1825.0,,68,37,31
200801040MIL,RS,MIL,1834.0,,70,37,33
200801040MIL,RS,MIL,1843.0,,70,39,31
200801040MIL,RS,MIL,1881.0,,71,39,32
200801040MIL,RS,MIL,1922.0,,71,41,30
200801040MIL,RS,MIL,1940.0,,73,41,32
200801040MIL,RS,MIL,1969.0,,73,43,30
200801040MIL,RS,MIL,2051.0,,73,45,28
200801040MIL,RS,MIL,2070.0,,75,45,30
200801040MIL,RS,MIL,2100.0,,77,45,32
200801040MIL,RS,MIL,2117.6,,79,45,34
200801040MIL,RS,MIL,2131.9,,79,47,32
200801040MIL,RS,MIL,2159.8,,79,49,30
200801040MIL,RS,MIL,2181.0,,79,51,28
200801040MIL,RS,MIL,2235.0,,81,51,30
200801040MIL,RS,MIL,2271.0,,81,54,27
200801040MIL,RS,MIL,2375.0,,81,55,26
200801040MIL,RS,MIL,2388.0,,83,55,28
200801040MIL,RS,MIL,2413.0,,83,57,26
200801040MIL,RS,MIL,2456.0,,85,57,28
200801040MIL,RS,MIL,2511.0,,85,58,27
200801040MIL,RS,MIL,2524.0,,87,58,29
200801040MIL,RS,MIL,2555.0,,89,58,31
200801040MIL,RS,MIL,2555.0,,90,58,32
200801040MIL,RS,MIL,2572.0,,90,60,30
200801040MIL,RS,MIL,2586.0,,91,60,31
200801040MIL,RS,MIL,2586.0,,92,60,32
200801040MIL,RS,MIL,2606.0,,92,62,30
200801040MIL,RS,MIL,2631.0,,92,63,29
200801040MIL,RS,MIL,2631.0,,92,64,28
200801040MIL,RS,MIL,2653.0,,95,64,31
200801040MIL,RS,MIL,2666.0,,95,66,29
200801040MIL,RS,MIL,2688.0,,95,68,27
200801040MIL,RS,MIL,2707.0,,97,68,29
200801040MIL,RS,MIL,2715.0,,97,71,26
200801040MIL,RS,MIL,2753.0,,97,73,24
200801040MIL,RS,MIL,2766.0,,98,73,25
200801040MIL,RS,MIL,2766.0,,99,73,26
200801040MIL,RS,MIL,2777.0,,99,74,25
200801040MIL,RS,MIL,2777.0,,99,75,24
200801040MIL,RS,MIL,2824.3,,99,76,23
200801040MIL,RS,MIL,2854.9,,101,76,25
200801040MIL,RS,MIL,2871.3,F,101,77,24
200801040MIL,RS,MIL,2880.0,,101,77,24
200801060WAS,RS,SEA,0.0,,0,0,0
200801060WAS,RS,SEA,52.0,,2,0,2
200801060WAS,RS,SEA,62.0,,2,1,1
200801060WAS,RS,SEA,70.0,LC,2,3,-1
200801060WAS,RS,SEA,125.0,LC,4,3,1
200801060WAS,RS,SEA,163.0,LC,4,5,-1
200801060WAS,RS,SEA,180.0,T,5,5,0
200801060WAS,RS,SEA,199.0,LC,7,5,2
200801060WAS,RS,SEA,226.0,,9,5,4
200801060WAS,RS,SEA,266.0,,9,7,2
200801060WAS,RS,SEA,283.0,,11,7,4
200801060WAS,RS,SEA,314.0,,12,7,5
200801060WAS,RS,SEA,314.0,,13,7,6
200801060WAS,RS,SEA,367.0,,15,7,8
200801060WAS,RS,SEA,367.0,,16,7,9
200801060WAS,RS,SEA,377.0,,16,9,7
200801060WAS,RS,SEA,416.0,,16,10,6
200801060WAS,RS,SEA,416.0,,16,11,5
200801060WAS,RS,SEA,442.0,,18,11,7
200801060WAS,RS,SEA,466.0,,18,13,5
200801060WAS,RS,SEA,483.0,,19,13,6
200801060WAS,RS,SEA,483.0,,20,13,7
200801060WAS,RS,SEA,497.0,,20,15,5
200801060WAS,RS,SEA,520.0,,22,15,7
200801060WAS,RS,SEA,539.0,,24,15,9
200801060WAS,RS,SEA,605.0,,27,15,12
200801060WAS,RS,SEA,654.0,,27,17,10
200801060WAS,RS,SEA,690.6,,28,17,11
200801060WAS,RS,SEA,690.6,,29,17,12
200801060WAS,RS,SEA,719.0,,31,17,14
200801060WAS,RS,SEA,741.0,,31,19,12
200801060WAS,RS,SEA,769.0,,31,20,11
200801060WAS,RS,SEA,805.0,,31,21,10
200801060WAS,RS,SEA,820.0,,33,21,12
200801060WAS,RS,SEA,836.0,,33,23,10
200801060WAS,RS,SEA,860.0,,35,23,12
200801060WAS,RS,SEA,902.0,,37,23,14
200801060WAS,RS,SEA,925.0,,37,24,13
200801060WAS,RS,SEA,925.0,,37,25,12
200801060WAS,RS,SEA,976.0,,37,28,9
200801060WAS,RS,SEA,993.0,,39,28,11
200801060WAS,RS,SEA,1010.0,,39,30,9
200801060WAS,RS,SEA,1029.0,,41,30,11
200801060WAS,RS,SEA,1046.0,,41,33,8
200801060WAS,RS,SEA,1116.0,,41,35,6
200801060WAS,RS,SEA,1178.0,,41,37,4
200801060WAS,RS,SEA,1194.0,,43,37,6
200801060WAS,RS,SEA,1213.0,,43,40,3
200801060WAS,RS,SEA,1251.0,,43,41,2
200801060WAS,RS,SEA,1251.0,,43,42,1
200801060WAS,RS,SEA,1266.0,,45,42,3
200801060WAS,RS,SEA,1300.0,,47,42,5
200801060WAS,RS,SEA,1339.0,,47,44,3
200801060WAS,RS,SEA,1359.0,,48,44,4
200801060WAS,RS,SEA,1384.9,,50,44,6
200801060WAS,RS,SEA,1395.6,,50,46,4
200801060WAS,RS,SEA,1410.1,,51,46,5
200801060WAS,RS,SEA,1410.1,,52,46,6
200801060WAS,RS,SEA,1495.0,,52,48,4
200801060WAS,RS,SEA,1542.0,,53,48,5
200801060WAS,RS,SEA,1542.0,,54,48,6
200801060WAS,RS,SEA,1553.0,,54,50,4
200801060WAS,RS,SEA,1563.0,,56,50,6
200801060WAS,RS,SEA,1582.0,,56,52,4
200801060WAS,RS,SEA,1594.0,,57,52,5
200801060WAS,RS,SEA,1594.0,,58,52,6
200801060WAS,RS,SEA,1650.0,,60,52,8
200801060WAS,RS,SEA,1666.0,,60,54,6
200801060WAS,RS,SEA,1711.0,,61,54,7
200801060WAS,RS,SEA,1711.0,,62,54,8
200801060WAS,RS,SEA,1727.0,,62,56,6
200801060WAS,RS,SEA,1772.0,,65,56,9
200801060WAS,RS,SEA,1788.0,,65,58,7
200801060WAS,RS,SEA,1842.0,,67,58,9
200801060WAS,RS,SEA,1851.0,,67,61,6
200801060WAS,RS,SEA,1869.0,,67,62,5
200801060WAS,RS,SEA,1929.0,,70,62,8
200801060WAS,RS,SEA,1946.0,,70,64,6
200801060WAS,RS,SEA,1967.0,,72,64,8
200801060WAS,RS,SEA,1992.0,,72,67,5
200801060WAS,RS,SEA,2028.0,,74,67,7
200801060WAS,RS,SEA,2043.0,,74,69,5
200801060WAS,RS,SEA,2086.0,,76,69,7
200801060WAS,RS,SEA,2120.1,,78,69,9
200801060WAS,RS,SEA,2181.0,,80,69,11
200801060WAS,RS,SEA,2199.0,,80,71,9
200801060WAS,RS,SEA,2213.0,,82,71,11
200801060WAS,RS,SEA,2245.0,,84,71,13
200801060WAS,RS,SEA,2324.0,,85,71,14
200801060WAS,RS,SEA,2343.0,,87,71,16
200801060WAS,RS,SEA,2364.0,,89,71,18
200801060WAS,RS,SEA,2382.0,,90,71,19
200801060WAS,RS,SEA,2419.0,,92,71,21
200801060WAS,RS,SEA,2431.0,,92,73,19
200801060WAS,RS,SEA,2445.0,,95,73,22
200801060WAS,RS,SEA,2490.0,,95,75,20
200801060WAS,RS,SEA,2507.0,,98,75,23
200801060WAS,RS,SEA,2517.0,,98,76,22
200801060WAS,RS,SEA,2565.0,,100,76,24
200801060WAS,RS,SEA,2592.0,,102,76,26
200801060WAS,RS,SEA,2638.0,,102,78,24
200801060WAS,RS,SEA,2658.0,,104,78,26
200801060WAS,RS,SEA,2702.0,,106,78,28
200801060WAS,RS,SEA,2731.0,,106,79,27
200801060WAS,RS,SEA,2731.0,,106,80,26
200801060WAS,RS,SEA,2782.0,,106,83,23
200801060WAS,RS,SEA,2814.0,,106,84,22
200801060WAS,RS,SEA,2814.0,,106,85,21
200801060WAS,RS,SEA,2857.1,,108,85,23
200801060WAS,RS,SEA,2871.3,F,108,86,22
200801060WAS,RS,SEA,2880.0,,108,86,22
200801080WAS,RS,HOU,0.0,,0,0,0
200801080WAS,RS,HOU,17.0,,0,2,-2
200801080WAS,RS,HOU,38.0,T,2,2,0
200801080WAS,RS,HOU,54.0,,2,4,-2
200801080WAS,RS,HOU,78.0,T,4,4,0
200801080WAS,RS,HOU,127.0,,4,6,-2
200801080WAS,RS,HOU,164.0,,4,8,-4
200801080WAS,RS,HOU,178.0,,6,8,-2
200801080WAS,RS,HOU,194.0,,6,10,-4
200801080WAS,RS,HOU,216.0,,6,11,-5
200801080WAS,RS,HOU,216.0,,6,12,-6
200801080WAS,RS,HOU,232.0,,9,12,-3
200801080WAS,RS,HOU,256.0,,10,12,-2
200801080WAS,RS,HOU,256.0,,11,12,-1
200801080WAS,RS,HOU,275.0,LC,13,12,1
200801080WAS,RS,HOU,321.0,LC,13,14,-1
200801080WAS,RS,HOU,353.0,,13,16,-3
200801080WAS,RS,HOU,376.0,,14,16,-2
200801080WAS,RS,HOU,394.0,,14,17,-3
200801080WAS,RS,HOU,394.0,,14,18,-4
200801080WAS,RS,HOU,414.0,,14,19,-5
200801080WAS,RS,HOU,414.0,,14,20,-6
200801080WAS,RS,HOU,456.0,,14,23,-9
200801080WAS,RS,HOU,478.0,,14,25,-11
200801080WAS,RS,HOU,491.0,,15,25,-10
200801080WAS,RS,HOU,511.0,,15,27,-12
200801080WAS,RS,HOU,534.0,,17,27,-10
200801080WAS,RS,HOU,534.0,,18,27,-9
200801080WAS,RS,HOU,548.0,,18,28,-10
200801080WAS,RS,HOU,548.0,,18,29,-11
200801080WAS,RS,HOU,586.0,,20,29,-9
200801080WAS,RS,HOU,599.0,,20,31,-11
200801080WAS,RS,HOU,620.0,,22,31,-9
200801080WAS,RS,HOU,650.0,,24,31,-7
200801080WAS,RS,HOU,784.0,,24,34,-10
200801080WAS,RS,HOU,812.0,,24,36,-12
200801080WAS,RS,HOU,827.0,,25,36,-11
200801080WAS,RS,HOU,827.0,,26,36,-10
200801080WAS,RS,HOU,842.0,,26,38,-12
200801080WAS,RS,HOU,895.0,,27,38,-11
200801080WAS,RS,HOU,895.0,,28,38,-10
200801080WAS,RS,HOU,937.0,,31,38,-7
200801080WAS,RS,HOU,960.0,,31,40,-9
200801080WAS,RS,HOU,1002.0,,33,40,-7
200801080WAS,RS,HOU,1033.0,,35,40,-5
200801080WAS,RS,HOU,1100.0,,38,40,-2
200801080WAS,RS,HOU,1121.0,,38,42,-4
200801080WAS,RS,HOU,1222.0,,38,43,-5
200801080WAS,RS,HOU,1244.0,,38,45,-7
200801080WAS,RS,HOU,1264.0,,41,45,-4
200801080WAS,RS,HOU,1303.0,,42,45,-3
200801080WAS,RS,HOU,1303.0,,43,45,-2
200801080WAS,RS,HOU,1313.0,,43,47,-4
200801080WAS,RS,HOU,1348.0,,43,50,-7
200801080WAS,RS,HOU,1381.8,,43,52,-9
200801080WAS,RS,HOU,1492.0,,43,55,-12
200801080WAS,RS,HOU,1549.0,,46,55,-9
200801080WAS,RS,HOU,1568.0,,46,57,-11
200801080WAS,RS,HOU,1630.0,,47,57,-10
200801080WAS,RS,HOU,1665.0,,49,57,-8
200801080WAS,RS,HOU,1675.0,,49,59,-10
200801080WAS,RS,HOU,1690.0,,51,59,-8
200801080WAS,RS,HOU,1746.0,,53,59,-6
200801080WAS,RS,HOU,1793.0,,53,61,-8
200801080WAS,RS,HOU,1805.0,,54,61,-7
200801080WAS,RS,HOU,1805.0,,55,61,-6
200801080WAS,RS,HOU,1824.0,,55,63,-8
200801080WAS,RS,HOU,1839.0,,57,63,-6
200801080WAS,RS,HOU,1891.0,,57,65,-8
200801080WAS,RS,HOU,1911.0,,58,65,-7
200801080WAS,RS,HOU,1911.0,,59,65,-6
200801080WAS,RS,HOU,1965.0,,59,68,-9
200801080WAS,RS,HOU,2001.0,,59,70,-11
200801080WAS,RS,HOU,2041.0,,59,72,-13
200801080WAS,RS,HOU,2085.0,,61,72,-11
200801080WAS,RS,HOU,2136.1,,63,72,-9
200801080WAS,RS,HOU,2156.8,,63,74,-11
200801080WAS,RS,HOU,2207.0,,63,75,-12
200801080WAS,RS,HOU,2207.0,,63,76,-13
200801080WAS,RS,HOU,2223.0,,65,76,-11
200801080WAS,RS,HOU,2299.0,,67,76,-9
200801080WAS,RS,HOU,2312.0,,67,77,-10
200801080WAS,RS,HOU,2312.0,,67,78,-11
200801080WAS,RS,HOU,2331.0,,69,78,-9
200801080WAS,RS,HOU,2352.0,,69,79,-10
200801080WAS,RS,HOU,2352.0,,69,80,-11
200801080WAS,RS,HOU,2396.0,,71,80,-9
200801080WAS,RS,HOU,2440.0,,73,80,-7
200801080WAS,RS,HOU,2520.0,,73,83,-10
200801080WAS,RS,HOU,2553.0,,73,86,-13
200801080WAS,RS,HOU,2554.0,,73,87,-14
200801080WAS,RS,HOU,2566.0,,76,87,-11
200801080WAS,RS,HOU,2647.0,,76,88,-12
200801080WAS,RS,HOU,2647.0,,76,89,-13
200801080WAS,RS,HOU,2672.0,,78,89,-11
200801080WAS,RS,HOU,2690.0,,78,91,-13
200801080WAS,RS,HOU,2716.0,,78,92,-14
200801080WAS,RS,HOU,2728.0,,80,92,-12
200801080WAS,RS,HOU,2758.0,,81,92,-11
200801080WAS,RS,HOU,2758.0,,82,92,-10
200801080WAS,RS,HOU,2862.1,F,84,92,-8
200801080WAS,RS,HOU,2880.0,,84,92,-8
200801110ATL,RS,ATL,0.0,,0,0,0
200801110ATL,RS,ATL,22.0,,2,0,2
200801110ATL,RS,ATL,69.0,T,2,2,0
200801110ATL,RS,ATL,86.0,,4,2,2
200801110ATL,RS,ATL,153.0,,6,2,4
200801110ATL,RS,ATL,183.0,,6,4,2
200801110ATL,RS,ATL,244.0,T,6,6,0
200801110ATL,RS,ATL,266.0,,8,6,2
200801110ATL,RS,ATL,295.0,,11,6,5
200801110ATL,RS,ATL,314.0,,11,8,3
200801110ATL,RS,ATL,341.0,,13,8,5
200801110ATL,RS,ATL,376.0,,13,10,3
200801110ATL,RS,ATL,433.0,,15,10,5
200801110ATL,RS,ATL,454.0,,15,12,3
200801110ATL,RS,ATL,481.0,,15,14,1
200801110ATL,RS,ATL,481.0,T,15,15,0
200801110ATL,RS,ATL,549.0,LC,15,17,-2
200801110ATL,RS,ATL,572.0,T,17,17,0
200801110ATL,RS,ATL,631.0,LC,18,17,1
200801110ATL,RS,ATL,631.0,,19,17,2
200801110ATL,RS,ATL,689.9,,21,17,4
200801110ATL,RS,ATL,719.8,,23,17,6
200801110ATL,RS,ATL,773.0,,23,19,4
200801110ATL,RS,ATL,847.0,,26,19,7
200801110ATL,RS,ATL,901.0,,26,21,5
200801110ATL,RS,ATL,925.0,,27,21,6
200801110ATL,RS,ATL,962.0,,29,21,8
200801110ATL,RS,ATL,980.0,,29,22,7
200801110ATL,RS,ATL,1002.0,,31,22,9
200801110ATL,RS,ATL,1024.0,,31,24,7
200801110ATL,RS,ATL,1066.0,,31,27,4
200801110ATL,RS,ATL,1119.0,,31,29,2
200801110ATL,RS,ATL,1208.0,,34,29,5
200801110ATL,RS,ATL,1229.0,,34,31,3
200801110ATL,RS,ATL,1272.0,,37,31,6
200801110ATL,RS,ATL,1327.0,,37,32,5
200801110ATL,RS,ATL,1327.0,,37,33,4
200801110ATL,RS,ATL,1426.4,,38,33,5
200801110ATL,RS,ATL,1426.4,,39,33,6
200801110ATL,RS,ATL,1457.0,,39,35,4
200801110ATL,RS,ATL,1481.0,,41,35,6
200801110ATL,RS,ATL,1511.0,,41,37,4
200801110ATL,RS,ATL,1535.0,,42,37,5
200801110ATL,RS,ATL,1535.0,,43,37,6
200801110ATL,RS,ATL,1551.0,,43,39,4
200801110ATL,RS,ATL,1568.0,,45,39,6
200801110ATL,RS,ATL,1577.0,,45,41,4
200801110ATL,RS,ATL,1603.0,,48,41,7
200801110ATL,RS,ATL,1654.0,,48,43,5
200801110ATL,RS,ATL,1679.0,,50,43,7
200801110ATL,RS,ATL,1701.0,,50,45,5
200801110ATL,RS,ATL,1727.0,,50,47,3
200801110ATL,RS,ATL,1750.0,,52,47,5
200801110ATL,RS,ATL,1795.0,,52,49,3
200801110ATL,RS,ATL,1795.0,,52,50,2
200801110ATL,RS,ATL,1819.0,,54,50,4
200801110ATL,RS,ATL,1841.0,,55,50,5
200801110ATL,RS,ATL,1841.0,,56,50,6
200801110ATL,RS,ATL,1861.0,,58,50,8
200801110ATL,RS,ATL,1886.0,,58,52,6
200801110ATL,RS,ATL,1922.0,,58,54,4
200801110ATL,RS,ATL,1942.0,,60,54,6
200801110ATL,RS,ATL,1966.0,,60,56,4
200801110ATL,RS,ATL,2006.0,,60,57,3
200801110ATL,RS,ATL,2034.0,,60,59,1
200801110ATL,RS,ATL,2065.0,LC,60,61,-1
200801110ATL,RS,ATL,2083.0,LC,62,61,1
200801110ATL,RS,ATL,2098.0,LC,62,63,-1
200801110ATL,RS,ATL,2118.9,,62,65,-3
200801110ATL,RS,ATL,2143.4,,62,68,-6
200801110ATL,RS,ATL,2176.0,,64,68,-4
200801110ATL,RS,ATL,2201.0,,64,70,-6
200801110ATL,RS,ATL,2227.0,,66,70,-4
200801110ATL,RS,ATL,2287.0,,68,70,-2
200801110ATL,RS,ATL,2313.0,T,70,70,0
200801110ATL,RS,ATL,2336.0,,70,71,-1
200801110ATL,RS,ATL,2350.0,,70,72,-2
200801110ATL,RS,ATL,2383.0,,70,74,-4
200801110ATL,RS,ATL,2406.0,,70,76,-6
200801110ATL,RS,ATL,2436.0,,72,76,-4
200801110ATL,RS,ATL,2453.0,,72,78,-6
200801110ATL,RS,ATL,2474.0,,74,78,-4
200801110ATL,RS,ATL,2494.0,,74,80,-6
200801110ATL,RS,ATL,2515.0,,76,80,-4
200801110ATL,RS,ATL,2537.0,,76,82,-6
200801110ATL,RS,ATL,2558.0,,77,82,-5
200801110ATL,RS,ATL,2558.0,,78,82,-4
200801110ATL,RS,ATL,2631.0,,80,82,-2
200801110ATL,RS,ATL,2666.0,T,82,82,0
200801110ATL,RS,ATL,2702.0,LC,85,82,3
200801110ATL,RS,ATL,2725.0,T,85,85,0
200801110ATL,RS,ATL,2753.0,LC,85,86,-1
200801110ATL,RS,ATL,2790.0,,85,87,-2
200801110ATL,RS,ATL,2836.5,,86,87,-1
200801110ATL,RS,ATL,2836.5,T,87,87,0
200801110ATL,RS,ATL,2896.0,,87,89,-2
200801110ATL,RS,ATL,2951.0,,88,89,-1
200801110ATL,RS,ATL,2951.0,T,89,89,0
200801110ATL,RS,ATL,2972.0,,89,92,-3
200801110ATL,RS,ATL,2993.0,,90,92,-2
200801110ATL,RS,ATL,3025.0,T,92,92,0
200801110ATL,RS,ATL,3054.0,,92,93,-1
200801110ATL,RS,ATL,3076.0,LC,94,93,1
200801110ATL,RS,ATL,3120.1,T,94,94,0
200801110ATL,RS,ATL,3142.5,,96,94,2
200801110ATL,RS,ATL,3164.3,,97,94,3
200801110ATL,RS,ATL,3164.3,,98,94,4
200801110ATL,RS,ATL,3172.7,,98,96,2
200801110ATL,RS,ATL,3173.3,,99,96,3
200801110ATL,RS,ATL,3173.3,,100,96,4
200801110ATL,RS,ATL,3174.6,,100,98,2
200801110ATL,RS,ATL,3175.6,,101,98,3
200801110ATL,RS,ATL,3175.6,F,102,98,4
200801110ATL,RS,ATL,3180.0,,102,98,4
200801120WAS,RS,BOS,0.0,,0,0,0
200801120WAS,RS,BOS,3.0,,2,0,2
200801120WAS,RS,BOS,3.0,,3,0,3
200801120WAS,RS,BOS,51.0,,3,2,1
200801120WAS,RS,BOS,120.0,LC,3,4,-1
200801120WAS,RS,BOS,162.0,T,4,4,0
200801120WAS,RS,BOS,170.0,,4,5,-1
200801120WAS,RS,BOS,212.0,LC,6,5,1
200801120WAS,RS,BOS,261.0,LC,6,8,-2
200801120WAS,RS,BOS,315.0,T,8,8,0
200801120WAS,RS,BOS,324.0,,8,10,-2
200801120WAS,RS,BOS,377.0,T,10,10,0
200801120WAS,RS,BOS,401.0,LC,12,10,2
200801120WAS,RS,BOS,436.0,,14,10,4
200801120WAS,RS,BOS,467.0,,14,12,2
200801120WAS,RS,BOS,534.0,,17,12,5
200801120WAS,RS,BOS,627.0,,17,14,3
200801120WAS,RS,BOS,650.0,,19,14,5
200801120WAS,RS,BOS,666.1,,19,17,2
200801120WAS,RS,BOS,678.4,,20,17,3
200801120WAS,RS,BOS,678.4,,21,17,4
200801120WAS,RS,BOS,704.0,,21,19,2
200801120WAS,RS,BOS,716.1,,23,19,4
200801120WAS,RS,BOS,766.0,,25,19,6
200801120WAS,RS,BOS,766.0,,26,19,7
200801120WAS,RS,BOS,849.0,,26,22,4
200801120WAS,RS,BOS,892.0,,26,24,2
200801120WAS,RS,BOS,910.0,,27,24,3
200801120WAS,RS,BOS,952.0,T,27,27,0
200801120WAS,RS,BOS,972.0,,29,27,2
200801120WAS,RS,BOS,1010.0,,31,27,4
200801120WAS,RS,BOS,1081.0,,33,27,6
200801120WAS,RS,BOS,1117.0,,35,27,8
200801120WAS,RS,BOS,1177.0,,35,28,7
200801120WAS,RS,BOS,1200.0,,35,30,5
200801120WAS,RS,BOS,1223.0,,37,30,7
200801120WAS,RS,BOS,1254.0,,37,31,6
200801120WAS,RS,BOS,1254.0,,37,32,5
200801120WAS,RS,BOS,1271.0,,37,34,3
200801120WAS,RS,BOS,1363.0,,37,35,2
200801120WAS,RS,BOS,1363.0,,37,36,1
200801120WAS,RS,BOS,1376.0,,38,36,2
200801120WAS,RS,BOS,1376.0,,39,36,3
200801120WAS,RS,BOS,1393.6,,39,38,1
200801120WAS,RS,BOS,1413.8,,40,38,2
200801120WAS,RS,BOS,1413.8,,41,38,3
200801120WAS,RS,BOS,1438.1,,41,40,1
200801120WAS,RS,BOS,1457.0,T,41,41,0
200801120WAS,RS,BOS,1457.0,LC,41,42,-1
200801120WAS,RS,BOS,1493.0,,41,44,-3
200801120WAS,RS,BOS,1582.0,,41,46,-5
200801120WAS,RS,BOS,1603.0,,41,47,-6
200801120WAS,RS,BOS,1648.0,,43,47,-4
200801120WAS,RS,BOS,1690.0,,45,47,-2
200801120WAS,RS,BOS,1711.0,,45,50,-5
200801120WAS,RS,BOS,1743.0,,45,51,-6
200801120WAS,RS,BOS,1763.0,,47,51,-4
200801120WAS,RS,BOS,1779.0,,47,52,-5
200801120WAS,RS,BOS,1804.0,,49,52,-3
200801120WAS,RS,BOS,1824.0,,49,54,-5
200801120WAS,RS,BOS,1864.0,,50,54,-4
200801120WAS,RS,BOS,1886.0,,50,55,-5
200801120WAS,RS,BOS,1886.0,,50,56,-6
200801120WAS,RS,BOS,1914.0,,50,58,-8
200801120WAS,RS,BOS,1937.0,,52,58,-6
200801120WAS,RS,BOS,1962.0,,52,61,-9
200801120WAS,RS,BOS,1981.0,,53,61,-8
200801120WAS,RS,BOS,1981.0,,54,61,-7
200801120WAS,RS,BOS,2020.0,,54,62,-8
200801120WAS,RS,BOS,2020.0,,54,63,-9
200801120WAS,RS,BOS,2033.0,,56,63,-7
200801120WAS,RS,BOS,2086.0,,57,63,-6
200801120WAS,RS,BOS,2086.0,,58,63,-5
200801120WAS,RS,BOS,2125.9,,60,63,-3
200801120WAS,RS,BOS,2138.7,,60,65,-5
200801120WAS,RS,BOS,2189.0,,60,67,-7
200801120WAS,RS,BOS,2249.0,,62,67,-5
200801120WAS,RS,BOS,2335.0,,64,67,-3
200801120WAS,RS,BOS,2383.0,,64,68,-4
200801120WAS,RS,BOS,2458.0,,66,68,-2
200801120WAS,RS,BOS,2493.0,,67,68,-1
200801120WAS,RS,BOS,2493.0,T,68,68,0
200801120WAS,RS,BOS,2563.0,,68,71,-3
200801120WAS,RS,BOS,2627.0,,70,71,-1
200801120WAS,RS,BOS,2644.0,,70,74,-4
200801120WAS,RS,BOS,2726.0,,71,74,-3
200801120WAS,RS,BOS,2726.0,,72,74,-2
200801120WAS,RS,BOS,2769.0,LC,75,74,1
200801120WAS,RS,BOS,2806.0,,76,74,2
200801120WAS,RS,BOS,2806.0,,77,74,3
200801120WAS,RS,BOS,2806.0,,78,74,4
200801120WAS,RS,BOS,2845.8,,79,74,5
200801120WAS,RS,BOS,2852.5,,79,75,4
200801120WAS,RS,BOS,2857.9,,80,75,5
200801120WAS,RS,BOS,2857.9,,81,75,6
200801120WAS,RS,BOS,2864.2,,81,78,3
200801120WAS,RS,BOS,2865.0,,82,78,4
200801120WAS,RS,BOS,2865.0,,83,78,5
200801120WAS,RS,BOS,2876.8,F,85,78,7
200801120WAS,RS,BOS,2880.0,,85,78,7
200801140BOS,RS,BOS,0.0,,0,0,0
200801140BOS,RS,BOS,45.0,,0,3,-3
200801140BOS,RS,BOS,69.0,,2,3,-1
200801140BOS,RS,BOS,82.0,,2,5,-3
200801140BOS,RS,BOS,141.0,,3,5,-2
200801140BOS,RS,BOS,141.0,,4,5,-1
200801140BOS,RS,BOS,201.0,,4,7,-3
200801140BOS,RS,BOS,229.0,T,7,7,0
200801140BOS,RS,BOS,281.0,LC,9,7,2
200801140BOS,RS,BOS,297.0,T,9,9,0
200801140BOS,RS,BOS,344.0,LC,9,11,-2
200801140BOS,RS,BOS,373.0,,9,13,-4
200801140BOS,RS,BOS,398.0,,11,13,-2
200801140BOS,RS,BOS,499.0,,11,16,-5
200801140BOS,RS,BOS,525.0,,13,16,-3
200801140BOS,RS,BOS,575.0,,13,18,-5
200801140BOS,RS,BOS,598.0,,16,18,-2
200801140BOS,RS,BOS,669.1,,17,18,-1
200801140BOS,RS,BOS,669.1,T,18,18,0
200801140BOS,RS,BOS,746.0,,18,20,-2
200801140BOS,RS,BOS,786.0,,18,22,-4
200801140BOS,RS,BOS,803.0,,21,22,-1
200801140BOS,RS,BOS,836.0,LC,23,22,1
200801140BOS,RS,BOS,880.0,T,23,23,0
200801140BOS,RS,BOS,955.0,LC,23,25,-2
200801140BOS,RS,BOS,1026.0,T,25,25,0
200801140BOS,RS,BOS,1070.0,,25,27,-2
200801140BOS,RS,BOS,1110.0,,25,29,-4
200801140BOS,RS,BOS,1129.0,,27,29,-2
200801140BOS,RS,BOS,1141.0,,27,30,-3
200801140BOS,RS,BOS,1141.0,,27,31,-4
200801140BOS,RS,BOS,1169.0,,27,33,-6
200801140BOS,RS,BOS,1212.0,,27,34,-7
200801140BOS,RS,BOS,1228.0,,28,34,-6
200801140BOS,RS,BOS,1228.0,,29,34,-5
200801140BOS,RS,BOS,1343.0,,30,34,-4
200801140BOS,RS,BOS,1386.7,,32,34,-2
200801140BOS,RS,BOS,1399.7,,32,35,-3
200801140BOS,RS,BOS,1418.2,T,35,35,0
200801140BOS,RS,BOS,1440.0,,35,37,-2
200801140BOS,RS,BOS,1499.0,,35,39,-4
200801140BOS,RS,BOS,1564.0,,36,39,-3
200801140BOS,RS,BOS,1564.0,,37,39,-2
200801140BOS,RS,BOS,1575.0,,37,40,-3
200801140BOS,RS,BOS,1611.0,,39,40,-1
200801140BOS,RS,BOS,1621.0,,39,43,-4
200801140BOS,RS,BOS,1635.0,,40,43,-3
200801140BOS,RS,BOS,1635.0,,41,43,-2
200801140BOS,RS,BOS,1652.0,T,43,43,0
200801140BOS,RS,BOS,1677.0,,43,45,-2
200801140BOS,RS,BOS,1721.0,T,45,45,0
200801140BOS,RS,BOS,1745.0,,45,47,-2
200801140BOS,RS,BOS,1767.0,T,47,47,0
200801140BOS,RS,BOS,1788.0,,47,49,-2
200801140BOS,RS,BOS,1812.0,,47,51,-4
200801140BOS,RS,BOS,1871.0,,48,51,-3
200801140BOS,RS,BOS,1871.0,,49,51,-2
200801140BOS,RS,BOS,1889.0,,49,52,-3
200801140BOS,RS,BOS,1889.0,,49,53,-4
200801140BOS,RS,BOS,1912.0,,49,54,-5
200801140BOS,RS,BOS,1912.0,,49,55,-6
200801140BOS,RS,BOS,1912.0,,49,56,-7
200801140BOS,RS,BOS,1950.0,,50,56,-6
200801140BOS,RS,BOS,1965.0,,50,58,-8
200801140BOS,RS,BOS,1983.0,,52,58,-6
200801140BOS,RS,BOS,2023.0,,54,58,-4
200801140BOS,RS,BOS,2055.0,,54,60,-6
200801140BOS,RS,BOS,2075.0,,55,60,-5
200801140BOS,RS,BOS,2075.0,,56,60,-4
200801140BOS,RS,BOS,2133.8,,56,63,-7
200801140BOS,RS,BOS,2153.2,,59,63,-4
200801140BOS,RS,BOS,2229.0,,59,65,-6
200801140BOS,RS,BOS,2294.0,,59,66,-7
200801140BOS,RS,BOS,2329.0,,59,68,-9
200801140BOS,RS,BOS,2343.0,,60,68,-8
200801140BOS,RS,BOS,2343.0,,61,68,-7
200801140BOS,RS,BOS,2367.0,,61,70,-9
200801140BOS,RS,BOS,2379.0,,62,70,-8
200801140BOS,RS,BOS,2379.0,,63,70,-7
200801140BOS,RS,BOS,2406.0,,63,72,-9
200801140BOS,RS,BOS,2447.0,,63,75,-12
200801140BOS,RS,BOS,2498.0,,63,77,-14
200801140BOS,RS,BOS,2523.0,,65,77,-12
200801140BOS,RS,BOS,2563.0,,68,77,-9
200801140BOS,RS,BOS,2624.0,,69,77,-8
200801140BOS,RS,BOS,2624.0,,70,77,-7
200801140BOS,RS,BOS,2671.0,,70,78,-8
200801140BOS,RS,BOS,2671.0,,70,79,-9
200801140BOS,RS,BOS,2690.0,,72,79,-7
200801140BOS,RS,BOS,2740.0,,74,79,-5
200801140BOS,RS,BOS,2773.0,,76,79,-3
200801140BOS,RS,BOS,2812.0,T,79,79,0
200801140BOS,RS,BOS,2828.5,,79,81,-2
200801140BOS,RS,BOS,2839.9,T,81,81,0
200801140BOS,RS,BOS,2839.9,LC,82,81,1
200801140BOS,RS,BOS,2854.1,T,82,82,0
200801140BOS,RS,BOS,2854.1,LC,82,83,-1
200801140BOS,RS,BOS,2860.4,LC,84,83,1
200801140BOS,RS,BOS,2871.7,,85,83,2
200801140BOS,RS,BOS,2871.7,,86,83,3
200801140BOS,RS,BOS,2879.5,,87,83,4
200801140BOS,RS,BOS,2879.5,F,88,83,5
200801140BOS,RS,BOS,2880.0,,88,83,5
200801150NYK,RS,NYK,0.0,,0,0,0
200801150NYK,RS,NYK,8.0,,2,0,2
200801150NYK,RS,NYK,33.0,LC,2,3,-1
200801150NYK,RS,NYK,147.0,,2,5,-3
200801150NYK,RS,NYK,163.0,,4,5,-1
200801150NYK,RS,NYK,177.0,,4,7,-3
200801150NYK,RS,NYK,229.0,,4,9,-5
200801150NYK,RS,NYK,263.0,,4,12,-8
200801150NYK,RS,NYK,289.0,,4,15,-11
200801150NYK,RS,NYK,312.0,,5,15,-10
200801150NYK,RS,NYK,351.0,,5,17,-12
200801150NYK,RS,NYK,367.0,,8,17,-9
200801150NYK,RS,NYK,403.0,,10,17,-7
200801150NYK,RS,NYK,433.0,,10,20,-10
200801150NYK,RS,NYK,479.0,,10,22,-12
200801150NYK,RS,NYK,491.0,,12,22,-10
200801150NYK,RS,NYK,545.0,,12,24,-12
200801150NYK,RS,NYK,580.0,,12,26,-14
200801150NYK,RS,NYK,631.0,,12,27,-15
200801150NYK,RS,NYK,631.0,,12,28,-16
200801150NYK,RS,NYK,682.0,,12,30,-18
200801150NYK,RS,NYK,701.3,,14,30,-16
200801150NYK,RS,NYK,741.0,,14,32,-18
200801150NYK,RS,NYK,760.0,,16,32,-16
200801150NYK,RS,NYK,794.0,,18,32,-14
200801150NYK,RS,NYK,821.0,,18,34,-16
200801150NYK,RS,NYK,880.0,,18,36,-18
200801150NYK,RS,NYK,930.0,,18,38,-20
200801150NYK,RS,NYK,1029.0,,19,38,-19
200801150NYK,RS,NYK,1068.0,,19,41,-22
200801150NYK,RS,NYK,1107.0,,22,41,-19
200801150NYK,RS,NYK,1150.0,,25,41,-16
200801150NYK,RS,NYK,1172.0,,25,42,-17
200801150NYK,RS,NYK,1172.0,,25,43,-18
200801150NYK,RS,NYK,1189.0,,26,43,-17
200801150NYK,RS,NYK,1189.0,,27,43,-16
200801150NYK,RS,NYK,1205.0,,27,45,-18
200801150NYK,RS,NYK,1237.0,,29,45,-16
200801150NYK,RS,NYK,1266.0,,29,47,-18
200801150NYK,RS,NYK,1292.0,,31,47,-16
200801150NYK,RS,NYK,1356.0,,33,47,-14
200801150NYK,RS,NYK,1380.4,,33,49,-16
200801150NYK,RS,NYK,1392.1,,36,49,-13
200801150NYK,RS,NYK,1406.5,,38,49,-11
200801150NYK,RS,NYK,1426.4,,38,51,-13
200801150NYK,RS,NYK,1439.6,,41,51,-10
200801150NYK,RS,NYK,1480.0,,43,51,-8
200801150NYK,RS,NYK,1537.0,,44,51,-7
200801150NYK,RS,NYK,1537.0,,45,51,-6
200801150NYK,RS,NYK,1568.0,,45,53,-8
200801150NYK,RS,NYK,1603.0,,47,53,-6
200801150NYK,RS,NYK,1626.0,,47,56,-9
200801150NYK,RS,NYK,1675.0,,47,59,-12
200801150NYK,RS,NYK,1725.0,,47,61,-14
200801150NYK,RS,NYK,1741.0,,49,61,-12
200801150NYK,RS,NYK,1773.0,,52,61,-9
200801150NYK,RS,NYK,1798.0,,52,63,-11
200801150NYK,RS,NYK,1823.0,,55,63,-8
200801150NYK,RS,NYK,1852.0,,55,65,-10
200801150NYK,RS,NYK,1869.0,,58,65,-7
200801150NYK,RS,NYK,1885.0,,58,67,-9
200801150NYK,RS,NYK,1946.0,,60,67,-7
200801150NYK,RS,NYK,1966.0,,60,70,-10
200801150NYK,RS,NYK,1981.0,,61,70,-9
200801150NYK,RS,NYK,1981.0,,62,70,-8
200801150NYK,RS,NYK,2011.0,,62,72,-10
200801150NYK,RS,NYK,2029.0,,65,72,-7
200801150NYK,RS,NYK,2041.0,,65,74,-9
200801150NYK,RS,NYK,2041.0,,65,75,-10
200801150NYK,RS,NYK,2053.0,,66,75,-9
200801150NYK,RS,NYK,2078.0,,67,75,-8
200801150NYK,RS,NYK,2078.0,,68,75,-7
200801150NYK,RS,NYK,2090.0,,68,77,-9
200801150NYK,RS,NYK,2109.4,,70,77,-7
200801150NYK,RS,NYK,2123.0,,71,77,-6
200801150NYK,RS,NYK,2123.0,,72,77,-5
200801150NYK,RS,NYK,2180.0,,73,77,-4
200801150NYK,RS,NYK,2216.0,,73,78,-5
200801150NYK,RS,NYK,2216.0,,73,79,-6
200801150NYK,RS,NYK,2251.0,,73,81,-8
200801150NYK,RS,NYK,2310.0,,73,84,-11
200801150NYK,RS,NYK,2331.0,,75,84,-9
200801150NYK,RS,NYK,2348.0,,75,87,-12
200801150NYK,RS,NYK,2379.0,,75,88,-13
200801150NYK,RS,NYK,2404.0,,76,88,-12
200801150NYK,RS,NYK,2404.0,,77,88,-11
200801150NYK,RS,NYK,2436.0,,77,90,-13
200801150NYK,RS,NYK,2436.0,,77,91,-14
200801150NYK,RS,NYK,2454.0,,79,91,-12
200801150NYK,RS,NYK,2475.0,,79,93,-14
200801150NYK,RS,NYK,2489.0,,80,93,-13
200801150NYK,RS,NYK,2509.0,,82,93,-11
200801150NYK,RS,NYK,2549.0,,84,93,-9
200801150NYK,RS,NYK,2549.0,,85,93,-8
200801150NYK,RS,NYK,2572.0,,85,96,-11
200801150NYK,RS,NYK,2607.0,,87,96,-9
200801150NYK,RS,NYK,2621.0,,87,98,-11
200801150NYK,RS,NYK,2651.0,,87,100,-13
200801150NYK,RS,NYK,2711.0,,89,100,-11
200801150NYK,RS,NYK,2731.0,,89,102,-13
200801150NYK,RS,NYK,2753.0,,90,102,-12
200801150NYK,RS,NYK,2753.0,,91,102,-11
200801150NYK,RS,NYK,2858.5,,91,104,-13
200801150NYK,RS,NYK,2858.5,,91,105,-14
200801150NYK,RS,NYK,2866.3,F,93,105,-12
200801150NYK,RS,NYK,2880.0,,93,105,-12
200801180WAS,RS,NYK,0.0,,0,0,0
200801180WAS,RS,NYK,34.0,,0,2,-2
200801180WAS,RS,NYK,52.0,T,2,2,0
200801180WAS,RS,NYK,76.0,LC,4,2,2
200801180WAS,RS,NYK,100.0,LC,4,5,-1
200801180WAS,RS,NYK,117.0,T,5,5,0
200801180WAS,RS,NYK,117.0,LC,6,5,1
200801180WAS,RS,NYK,126.0,LC,6,7,-1
200801180WAS,RS,NYK,142.0,LC,9,7,2
200801180WAS,RS,NYK,161.0,,9,8,1
200801180WAS,RS,NYK,161.0,T,9,9,0
200801180WAS,RS,NYK,217.0,,10,9,1
200801180WAS,RS,NYK,249.0,,12,9,3
200801180WAS,RS,NYK,267.0,,12,11,1
200801180WAS,RS,NYK,297.0,,14,11,3
200801180WAS,RS,NYK,317.0,,14,13,1
200801180WAS,RS,NYK,332.0,,16,13,3
200801180WAS,RS,NYK,376.0,,16,15,1
200801180WAS,RS,NYK,392.0,,18,15,3
200801180WAS,RS,NYK,404.0,,18,17,1
200801180WAS,RS,NYK,420.0,T,18,18,0
200801180WAS,RS,NYK,420.0,LC,18,19,-1
200801180WAS,RS,NYK,433.0,LC,20,19,1
200801180WAS,RS,NYK,462.0,,22,19,3
200801180WAS,RS,NYK,492.0,,24,19,5
200801180WAS,RS,NYK,541.0,,24,20,4
200801180WAS,RS,NYK,567.0,,24,23,1
200801180WAS,RS,NYK,596.0,LC,24,25,-1
200801180WAS,RS,NYK,606.0,LC,26,25,1
200801180WAS,RS,NYK,616.0,LC,26,27,-1
200801180WAS,RS,NYK,639.0,LC,28,27,1
200801180WAS,RS,NYK,660.1,LC,28,30,-2
200801180WAS,RS,NYK,718.1,,28,32,-4
200801180WAS,RS,NYK,744.0,,30,32,-2
200801180WAS,RS,NYK,767.0,,30,35,-5
200801180WAS,RS,NYK,833.0,,30,36,-6
200801180WAS,RS,NYK,922.0,,32,36,-4
200801180WAS,RS,NYK,946.0,,35,36,-1
200801180WAS,RS,NYK,965.0,,35,39,-4
200801180WAS,RS,NYK,979.0,,37,39,-2
200801180WAS,RS,NYK,979.0,,38,39,-1
200801180WAS,RS,NYK,997.0,,38,40,-2
200801180WAS,RS,NYK,997.0,,38,41,-3
200801180WAS,RS,NYK,1011.0,,40,41,-1
200801180WAS,RS,NYK,1041.0,LC,42,41,1
200801180WAS,RS,NYK,1058.0,LC,42,44,-2
200801180WAS,RS,NYK,1093.0,T,44,44,0
200801180WAS,RS,NYK,1114.0,,44,47,-3
200801180WAS,RS,NYK,1130.0,T,47,47,0
200801180WAS,RS,NYK,1203.0,,47,50,-3
200801180WAS,RS,NYK,1219.0,T,50,50,0
200801180WAS,RS,NYK,1277.0,LC,52,50,2
200801180WAS,RS,NYK,1291.0,,52,51,1
200801180WAS,RS,NYK,1291.0,T,52,52,0
200801180WAS,RS,NYK,1308.0,,53,52,1
200801180WAS,RS,NYK,1318.0,,55,52,3
200801180WAS,RS,NYK,1330.0,,55,53,2
200801180WAS,RS,NYK,1330.0,,55,54,1
200801180WAS,RS,NYK,1346.0,,57,54,3
200801180WAS,RS,NYK,1388.1,,59,54,5
200801180WAS,RS,NYK,1420.9,,61,54,7
200801180WAS,RS,NYK,1432.1,,61,56,5
200801180WAS,RS,NYK,1432.1,,61,57,4
200801180WAS,RS,NYK,1509.0,,63,57,6
200801180WAS,RS,NYK,1522.0,,63,59,4
200801180WAS,RS,NYK,1547.0,,63,61,2
200801180WAS,RS,NYK,1600.0,T,63,63,0
200801180WAS,RS,NYK,1618.0,,65,63,2
200801180WAS,RS,NYK,1664.0,,67,63,4
200801180WAS,RS,NYK,1682.0,,67,65,2
200801180WAS,RS,NYK,1724.0,,69,65,4
200801180WAS,RS,NYK,1757.0,,71,65,6
200801180WAS,RS,NYK,1778.0,,71,67,4
200801180WAS,RS,NYK,1805.0,,73,67,6
200801180WAS,RS,NYK,1831.0,,73,69,4
200801180WAS,RS,NYK,1846.0,,75,69,6
200801180WAS,RS,NYK,1848.0,,75,70,5
200801180WAS,RS,NYK,1848.0,,75,71,4
200801180WAS,RS,NYK,1859.0,,77,71,6
200801180WAS,RS,NYK,1859.0,,78,71,7
200801180WAS,RS,NYK,1872.0,,79,71,8
200801180WAS,RS,NYK,1872.0,,80,71,9
200801180WAS,RS,NYK,1885.0,,80,72,8
200801180WAS,RS,NYK,1898.0,,82,72,10
200801180WAS,RS,NYK,1916.0,,82,74,8
200801180WAS,RS,NYK,1935.0,,84,74,10
200801180WAS,RS,NYK,1988.0,,85,74,11
200801180WAS,RS,NYK,1988.0,,86,74,12
200801180WAS,RS,NYK,2002.0,,87,74,13
200801180WAS,RS,NYK,2002.0,,88,74,14
200801180WAS,RS,NYK,2025.0,,90,74,16
200801180WAS,RS,NYK,2054.0,,90,76,14
200801180WAS,RS,NYK,2075.0,,92,76,16
200801180WAS,RS,NYK,2091.0,,92,78,14
200801180WAS,RS,NYK,2137.5,,92,80,12
200801180WAS,RS,NYK,2176.0,,92,81,11
200801180WAS,RS,NYK,2176.0,,92,82,10
200801180WAS,RS,NYK,2226.0,,92,84,8
200801180WAS,RS,NYK,2226.0,,92,85,7
200801180WAS,RS,NYK,2252.0,,92,86,6
200801180WAS,RS,NYK,2284.0,,92,88,4
200801180WAS,RS,NYK,2301.0,,94,88,6
200801180WAS,RS,NYK,2328.0,,96,88,8
200801180WAS,RS,NYK,2346.0,,96,90,6
200801180WAS,RS,NYK,2403.0,,99,90,9
200801180WAS,RS,NYK,2444.0,,101,90,11
200801180WAS,RS,NYK,2483.0,,102,90,12
200801180WAS,RS,NYK,2483.0,,103,90,13
200801180WAS,RS,NYK,2509.0,,103,92,11
200801180WAS,RS,NYK,2560.0,,105,92,13
200801180WAS,RS,NYK,2626.0,,105,94,11
200801180WAS,RS,NYK,2641.0,,107,94,13
200801180WAS,RS,NYK,2669.0,,109,94,15
200801180WAS,RS,NYK,2799.0,,111,94,17
200801180WAS,RS,NYK,2810.0,,111,95,16
200801180WAS,RS,NYK,2810.0,,111,96,15
200801180WAS,RS,NYK,2854.1,F,111,98,13
200801180WAS,RS,NYK,2880.0,,111,98,13
200801210WAS,RS,DAL,0.0,,0,0,0
200801210WAS,RS,DAL,38.0,,2,0,2
200801210WAS,RS,DAL,38.0,,3,0,3
200801210WAS,RS,DAL,50.0,,3,2,1
200801210WAS,RS,DAL,66.0,,5,2,3
200801210WAS,RS,DAL,92.0,,5,4,1
200801210WAS,RS,DAL,123.0,LC,5,6,-1
200801210WAS,RS,DAL,172.0,LC,8,6,2
200801210WAS,RS,DAL,196.0,,10,6,4
200801210WAS,RS,DAL,220.0,,10,8,2
200801210WAS,RS,DAL,252.0,T,10,10,0
200801210WAS,RS,DAL,275.0,,13,10,3
200801210WAS,RS,DAL,325.0,,15,10,5
200801210WAS,RS,DAL,344.0,,15,11,4
200801210WAS,RS,DAL,360.0,,15,13,2
200801210WAS,RS,DAL,360.0,,15,14,1
200801210WAS,RS,DAL,401.0,,17,14,3
200801210WAS,RS,DAL,456.0,,17,16,1
200801210WAS,RS,DAL,473.0,,19,16,3
200801210WAS,RS,DAL,520.0,,19,18,1
200801210WAS,RS,DAL,573.0,,21,18,3
200801210WAS,RS,DAL,603.0,T,21,21,0
200801210WAS,RS,DAL,621.0,,23,21,2
200801210WAS,RS,DAL,783.0,,25,21,4
200801210WAS,RS,DAL,803.0,,25,23,2
200801210WAS,RS,DAL,821.0,,27,23,4
200801210WAS,RS,DAL,874.0,,27,25,2
200801210WAS,RS,DAL,937.0,,29,25,4
200801210WAS,RS,DAL,959.0,,29,27,2
200801210WAS,RS,DAL,973.0,T,29,29,0
200801210WAS,RS,DAL,1018.0,,31,29,2
200801210WAS,RS,DAL,1059.0,,34,29,5
200801210WAS,RS,DAL,1077.0,,34,31,3
200801210WAS,RS,DAL,1165.0,,36,31,5
200801210WAS,RS,DAL,1185.0,,36,33,3
200801210WAS,RS,DAL,1224.0,,36,34,2
200801210WAS,RS,DAL,1224.0,,36,35,1
200801210WAS,RS,DAL,1244.0,,37,35,2
200801210WAS,RS,DAL,1284.0,,39,35,4
200801210WAS,RS,DAL,1303.0,,39,38,1
200801210WAS,RS,DAL,1330.0,,41,38,3
200801210WAS,RS,DAL,1355.0,T,41,41,0
200801210WAS,RS,DAL,1393.1,,43,41,2
200801210WAS,RS,DAL,1437.1,,46,41,5
200801210WAS,RS,DAL,1494.0,,46,43,3
200801210WAS,RS,DAL,1517.0,,46,45,1
200801210WAS,RS,DAL,1597.0,,48,45,3
200801210WAS,RS,DAL,1613.0,,48,46,2
200801210WAS,RS,DAL,1613.0,,48,47,1
200801210WAS,RS,DAL,1630.0,,50,47,3
200801210WAS,RS,DAL,1650.0,,50,48,2
200801210WAS,RS,DAL,1650.0,,50,49,1
200801210WAS,RS,DAL,1668.0,,53,49,4
200801210WAS,RS,DAL,1705.0,,53,52,1
200801210WAS,RS,DAL,1772.0,,55,52,3
200801210WAS,RS,DAL,1785.0,,55,54,1
200801210WAS,RS,DAL,1801.0,,57,54,3
200801210WAS,RS,DAL,1823.0,,57,55,2
200801210WAS,RS,DAL,1823.0,,57,56,1
200801210WAS,RS,DAL,1865.0,,59,56,3
200801210WAS,RS,DAL,1889.0,,60,56,4
200801210WAS,RS,DAL,1949.0,,61,56,5
200801210WAS,RS,DAL,1949.0,,62,56,6
200801210WAS,RS,DAL,1972.0,,62,58,4
200801210WAS,RS,DAL,1994.0,,64,58,6
200801210WAS,RS,DAL,2025.0,,67,58,9
200801210WAS,RS,DAL,2053.0,,68,58,10
200801210WAS,RS,DAL,2053.0,,69,58,11
200801210WAS,RS,DAL,2100.0,,69,60,9
200801210WAS,RS,DAL,2119.1,,71,60,11
200801210WAS,RS,DAL,2136.4,,72,60,12
200801210WAS,RS,DAL,2136.4,,73,60,13
200801210WAS,RS,DAL,2219.0,,75,60,15
200801210WAS,RS,DAL,2303.0,,75,62,13
200801210WAS,RS,DAL,2328.0,,77,62,15
200801210WAS,RS,DAL,2348.0,,77,64,13
200801210WAS,RS,DAL,2378.0,,77,66,11
200801210WAS,RS,DAL,2410.0,,77,68,9
200801210WAS,RS,DAL,2423.0,,78,68,10
200801210WAS,RS,DAL,2423.0,,79,68,11
200801210WAS,RS,DAL,2437.0,,79,70,9
200801210WAS,RS,DAL,2453.0,,81,70,11
200801210WAS,RS,DAL,2489.0,,84,70,14
200801210WAS,RS,DAL,2512.0,,84,72,12
200801210WAS,RS,DAL,2544.0,,84,74,10
200801210WAS,RS,DAL,2567.0,,86,74,12
200801210WAS,RS,DAL,2609.0,,86,75,11
200801210WAS,RS,DAL,2609.0,,86,76,10
200801210WAS,RS,DAL,2630.0,,89,76,13
200801210WAS,RS,DAL,2661.0,,89,79,10
200801210WAS,RS,DAL,2680.0,,92,79,13
200801210WAS,RS,DAL,2688.0,,92,80,12
200801210WAS,RS,DAL,2688.0,,92,81,11
200801210WAS,RS,DAL,2711.0,,95,81,14
200801210WAS,RS,DAL,2725.0,,95,82,13
200801210WAS,RS,DAL,2743.0,,96,82,14
200801210WAS,RS,DAL,2743.0,,97,82,15
200801210WAS,RS,DAL,2752.0,,97,83,14
200801210WAS,RS,DAL,2752.0,,97,84,13
200801210WAS,RS,DAL,2766.0,,99,84,15
200801210WAS,RS,DAL,2863.1,F,102,84,18
200801210WAS,RS,DAL,2880.0,,102,84,18
200801230CLE,RS,CLE,0.0,,0,0,0
200801230CLE,RS,CLE,46.0,,2,0,2
200801230CLE,RS,CLE,81.0,,4,0,4
200801230CLE,RS,CLE,97.0,,4,2,2
200801230CLE,RS,CLE,120.0,,6,2,4
200801230CLE,RS,CLE,130.0,,6,4,2
200801230CLE,RS,CLE,158.0,T,6,6,0
200801230CLE,RS,CLE,177.0,,8,6,2
200801230CLE,RS,CLE,201.0,T,8,8,0
200801230CLE,RS,CLE,223.0,,11,8,3
200801230CLE,RS,CLE,234.0,,11,10,1
200801230CLE,RS,CLE,259.0,LC,11,12,-1
200801230CLE,RS,CLE,325.0,,11,13,-2
200801230CLE,RS,CLE,344.0,T,13,13,0
200801230CLE,RS,CLE,365.0,,13,14,-1
200801230CLE,RS,CLE,365.0,,13,15,-2
200801230CLE,RS,CLE,400.0,,13,17,-4
200801230CLE,RS,CLE,424.0,,16,17,-1
200801230CLE,RS,CLE,436.0,,16,19,-3
200801230CLE,RS,CLE,477.0,,16,21,-5
200801230CLE,RS,CLE,497.0,,19,21,-2
200801230CLE,RS,CLE,520.0,,19,24,-5
200801230CLE,RS,CLE,567.0,,19,26,-7
200801230CLE,RS,CLE,604.0,,19,28,-9
200801230CLE,RS,CLE,639.0,,19,30,-11
200801230CLE,RS,CLE,660.1,,21,30,-9
200801230CLE,RS,CLE,675.1,,21,32,-11
200801230CLE,RS,CLE,682.1,,23,32,-9
200801230CLE,RS,CLE,682.1,,24,32,-8
200801230CLE,RS,CLE,706.5,,26,32,-6
200801230CLE,RS,CLE,713.2,,26,33,-7
200801230CLE,RS,CLE,713.2,,26,34,-8
200801230CLE,RS,CLE,739.0,,26,36,-10
200801230CLE,RS,CLE,847.0,,27,36,-9
200801230CLE,RS,CLE,847.0,,28,36,-8
200801230CLE,RS,CLE,873.0,,30,36,-6
200801230CLE,RS,CLE,893.0,,30,38,-8
200801230CLE,RS,CLE,914.0,,32,38,-6
200801230CLE,RS,CLE,931.0,,32,40,-8
200801230CLE,RS,CLE,1000.0,,32,42,-10
200801230CLE,RS,CLE,1017.0,,35,42,-7
200801230CLE,RS,CLE,1074.0,,35,45,-10
200801230CLE,RS,CLE,1098.0,,37,45,-8
200801230CLE,RS,CLE,1098.0,,38,45,-7
200801230CLE,RS,CLE,1229.0,,40,45,-5
200801230CLE,RS,CLE,1243.0,,40,47,-7
200801230CLE,RS,CLE,1300.0,,42,47,-5
200801230CLE,RS,CLE,1329.0,,44,47,-3
200801230CLE,RS,CLE,1360.0,,44,49,-5
200801230CLE,RS,CLE,1380.0,,46,49,-3
200801230CLE,RS,CLE,1395.3,,46,51,-5
200801230CLE,RS,CLE,1410.8,,46,52,-6
200801230CLE,RS,CLE,1458.0,,46,54,-8
200801230CLE,RS,CLE,1477.0,,47,54,-7
200801230CLE,RS,CLE,1494.0,,47,56,-9
200801230CLE,RS,CLE,1534.0,,47,58,-11
200801230CLE,RS,CLE,1555.0,,47,60,-13
200801230CLE,RS,CLE,1582.0,,47,62,-15
200801230CLE,RS,CLE,1582.0,,47,63,-16
200801230CLE,RS,CLE,1607.0,,48,63,-15
200801230CLE,RS,CLE,1607.0,,49,63,-14
200801230CLE,RS,CLE,1619.0,,49,65,-16
200801230CLE,RS,CLE,1636.0,,49,66,-17
200801230CLE,RS,CLE,1636.0,,49,67,-18
200801230CLE,RS,CLE,1651.0,,50,67,-17
200801230CLE,RS,CLE,1651.0,,51,67,-16
200801230CLE,RS,CLE,1668.0,,51,69,-18
200801230CLE,RS,CLE,1748.0,,51,70,-19
200801230CLE,RS,CLE,1748.0,,51,71,-20
200801230CLE,RS,CLE,1762.0,,53,71,-18
200801230CLE,RS,CLE,1762.0,,54,71,-17
200801230CLE,RS,CLE,1782.0,,54,74,-20
200801230CLE,RS,CLE,1821.0,,54,76,-22
200801230CLE,RS,CLE,1844.0,,56,76,-20
200801230CLE,RS,CLE,1860.0,,56,78,-22
200801230CLE,RS,CLE,1869.0,,57,78,-21
200801230CLE,RS,CLE,1869.0,,58,78,-20
200801230CLE,RS,CLE,1886.0,,58,80,-22
200801230CLE,RS,CLE,1912.0,,58,82,-24
200801230CLE,RS,CLE,1912.0,,58,83,-25
200801230CLE,RS,CLE,1956.0,,58,84,-26
200801230CLE,RS,CLE,1956.0,,58,85,-27
200801230CLE,RS,CLE,1984.0,,58,87,-29
200801230CLE,RS,CLE,2021.0,,58,88,-30
200801230CLE,RS,CLE,2021.0,,58,89,-31
200801230CLE,RS,CLE,2039.0,,61,89,-28
200801230CLE,RS,CLE,2062.0,,61,91,-30
200801230CLE,RS,CLE,2077.0,,62,91,-29
200801230CLE,RS,CLE,2077.0,,63,91,-28
200801230CLE,RS,CLE,2097.0,,63,93,-30
200801230CLE,RS,CLE,2127.6,,63,95,-32
200801230CLE,RS,CLE,2200.0,,63,97,-34
200801230CLE,RS,CLE,2216.0,,65,97,-32
200801230CLE,RS,CLE,2263.0,,65,100,-35
200801230CLE,RS,CLE,2302.0,,65,101,-36
200801230CLE,RS,CLE,2330.0,,68,101,-33
200801230CLE,RS,CLE,2360.0,,70,101,-31
200801230CLE,RS,CLE,2385.0,,70,103,-33
200801230CLE,RS,CLE,2445.0,,70,106,-36
200801230CLE,RS,CLE,2483.0,,70,107,-37
200801230CLE,RS,CLE,2483.0,,70,108,-38
200801230CLE,RS,CLE,2506.0,,72,108,-36
200801230CLE,RS,CLE,2523.0,,72,111,-39
200801230CLE,RS,CLE,2550.0,,72,113,-41
200801230CLE,RS,CLE,2566.0,,74,113,-39
200801230CLE,RS,CLE,2583.0,,74,116,-42
200801230CLE,RS,CLE,2604.0,,76,116,-40
200801230CLE,RS,CLE,2632.0,,76,118,-42
200801230CLE,RS,CLE,2658.0,,76,120,-44
200801230CLE,RS,CLE,2680.0,,76,121,-45
200801230CLE,RS,CLE,2766.0,,79,121,-42
200801230CLE,RS,CLE,2789.0,,81,121,-40
200801230CLE,RS,CLE,2820.0,,83,121,-38
200801230CLE,RS,CLE,2874.0,F,85,121,-36
200801230CLE,RS,CLE,2880.0,,85,121,-36
200801250WAS,RS,MEM,0.0,,0,0,0
200801250WAS,RS,MEM,17.0,,1,0,1
200801250WAS,RS,MEM,54.0,,3,0,3
200801250WAS,RS,MEM,64.0,,5,0,5
200801250WAS,RS,MEM,122.0,,7,0,7
200801250WAS,RS,MEM,190.0,,7,2,5
200801250WAS,RS,MEM,302.0,,7,4,3
200801250WAS,RS,MEM,324.0,,9,4,5
200801250WAS,RS,MEM,343.0,,11,4,7
200801250WAS,RS,MEM,388.0,,13,4,9
200801250WAS,RS,MEM,388.0,,14,4,10
200801250WAS,RS,MEM,423.0,,16,4,12
200801250WAS,RS,MEM,458.0,,18,4,14
200801250WAS,RS,MEM,548.0,,18,6,12
200801250WAS,RS,MEM,568.0,,20,6,14
200801250WAS,RS,MEM,574.0,,20,8,12
200801250WAS,RS,MEM,589.0,,23,8,15
200801250WAS,RS,MEM,597.0,,23,9,14
200801250WAS,RS,MEM,620.0,,25,9,16
200801250WAS,RS,MEM,650.0,,27,9,18
200801250WAS,RS,MEM,719.4,,28,9,19
200801250WAS,RS,MEM,719.4,,29,9,20
200801250WAS,RS,MEM,719.4,,30,9,21
200801250WAS,RS,MEM,787.0,,30,11,19
200801250WAS,RS,MEM,817.0,,30,12,18
200801250WAS,RS,MEM,817.0,,30,13,17
200801250WAS,RS,MEM,847.0,,30,15,15
200801250WAS,RS,MEM,902.0,,32,15,17
200801250WAS,RS,MEM,945.0,,32,16,16
200801250WAS,RS,MEM,945.0,,32,17,15
200801250WAS,RS,MEM,960.0,,34,17,17
200801250WAS,RS,MEM,960.0,,35,17,18
200801250WAS,RS,MEM,972.0,,35,19,16
200801250WAS,RS,MEM,987.0,,38,19,19
200801250WAS,RS,MEM,994.0,,38,21,17
200801250WAS,RS,MEM,1020.0,,40,21,19
200801250WAS,RS,MEM,1029.0,,40,24,16
200801250WAS,RS,MEM,1054.0,,42,24,18
200801250WAS,RS,MEM,1079.0,,44,24,20
200801250WAS,RS,MEM,1096.0,,44,25,19
200801250WAS,RS,MEM,1096.0,,44,26,18
200801250WAS,RS,MEM,1158.0,,46,26,20
200801250WAS,RS,MEM,1165.0,,46,27,19
200801250WAS,RS,MEM,1165.0,,46,28,18
200801250WAS,RS,MEM,1182.0,,48,28,20
200801250WAS,RS,MEM,1193.0,,48,31,17
200801250WAS,RS,MEM,1235.0,,50,31,19
200801250WAS,RS,MEM,1266.0,,52,31,21
200801250WAS,RS,MEM,1283.0,,52,33,19
200801250WAS,RS,MEM,1298.0,,54,33,21
200801250WAS,RS,MEM,1313.0,,54,35,19
200801250WAS,RS,MEM,1337.0,,56,35,21
200801250WAS,RS,MEM,1359.0,,56,37,19
200801250WAS,RS,MEM,1377.0,,57,37,20
200801250WAS,RS,MEM,1411.6,,59,37,22
200801250WAS,RS,MEM,1428.3,,59,38,21
200801250WAS,RS,MEM,1463.0,,59,40,19
200801250WAS,RS,MEM,1484.0,,61,40,21
200801250WAS,RS,MEM,1496.0,,61,43,18
200801250WAS,RS,MEM,1523.0,,63,43,20
200801250WAS,RS,MEM,1532.0,,63,46,17
200801250WAS,RS,MEM,1540.0,,63,48,15
200801250WAS,RS,MEM,1555.0,,65,48,17
200801250WAS,RS,MEM,1592.0,,67,48,19
200801250WAS,RS,MEM,1605.0,,67,50,17
200801250WAS,RS,MEM,1630.0,,69,50,19
200801250WAS,RS,MEM,1683.0,,69,52,17
200801250WAS,RS,MEM,1718.0,,70,52,18
200801250WAS,RS,MEM,1733.0,,70,54,16
200801250WAS,RS,MEM,1749.0,,72,54,18
200801250WAS,RS,MEM,1761.0,,72,56,16
200801250WAS,RS,MEM,1773.0,,74,56,18
200801250WAS,RS,MEM,1786.0,,74,58,16
200801250WAS,RS,MEM,1798.0,,74,61,13
200801250WAS,RS,MEM,1851.0,,76,61,15
200801250WAS,RS,MEM,1908.0,,79,61,18
200801250WAS,RS,MEM,1948.0,,79,63,16
200801250WAS,RS,MEM,1948.0,,79,64,15
200801250WAS,RS,MEM,1975.0,,79,66,13
200801250WAS,RS,MEM,2011.0,,81,66,15
200801250WAS,RS,MEM,2050.0,,81,68,13
200801250WAS,RS,MEM,2062.0,,84,68,16
200801250WAS,RS,MEM,2097.0,,84,71,13
200801250WAS,RS,MEM,2191.0,,84,72,12
200801250WAS,RS,MEM,2191.0,,84,73,11
200801250WAS,RS,MEM,2216.0,,84,76,8
200801250WAS,RS,MEM,2247.0,,86,76,10
200801250WAS,RS,MEM,2255.0,,86,79,7
200801250WAS,RS,MEM,2289.0,,86,80,6
200801250WAS,RS,MEM,2309.0,,88,80,8
200801250WAS,RS,MEM,2356.0,,91,80,11
200801250WAS,RS,MEM,2388.0,,91,81,10
200801250WAS,RS,MEM,2420.0,,92,81,11
200801250WAS,RS,MEM,2463.0,,93,81,12
200801250WAS,RS,MEM,2463.0,,94,81,13
200801250WAS,RS,MEM,2515.0,,96,81,15
200801250WAS,RS,MEM,2547.0,,97,81,16
200801250WAS,RS,MEM,2548.0,,98,81,17
200801250WAS,RS,MEM,2548.0,,99,81,18
200801250WAS,RS,MEM,2548.0,,100,81,19
200801250WAS,RS,MEM,2622.0,,102,81,21
200801250WAS,RS,MEM,2647.0,,102,84,18
200801250WAS,RS,MEM,2675.0,,102,87,15
200801250WAS,RS,MEM,2744.0,,102,88,14
200801250WAS,RS,MEM,2744.0,,102,89,13
200801250WAS,RS,MEM,2761.0,,103,89,14
200801250WAS,RS,MEM,2761.0,,104,89,15
200801250WAS,RS,MEM,2805.0,,104,91,13
200801250WAS,RS,MEM,2833.9,F,104,93,11
200801250WAS,RS,MEM,2880.0,,104,93,11
200801270MIL,RS,MIL,0.0,,0,0,0
200801270MIL,RS,MIL,46.0,,2,0,2
200801270MIL,RS,MIL,93.0,,4,0,4
200801270MIL,RS,MIL,176.0,,4,2,2
200801270MIL,RS,MIL,286.0,,6,2,4
200801270MIL,RS,MIL,367.0,,9,2,7
200801270MIL,RS,MIL,411.0,,9,4,5
200801270MIL,RS,MIL,463.0,,11,4,7
200801270MIL,RS,MIL,463.0,,12,4,8
200801270MIL,RS,MIL,521.0,,12,6,6
200801270MIL,RS,MIL,556.0,,12,8,4
200801270MIL,RS,MIL,588.0,,14,8,6
200801270MIL,RS,MIL,608.0,,16,8,8
200801270MIL,RS,MIL,619.0,,16,9,7
200801270MIL,RS,MIL,619.0,,16,10,6
200801270MIL,RS,MIL,633.0,,17,10,7
200801270MIL,RS,MIL,657.0,,17,13,4
200801270MIL,RS,MIL,681.2,,17,15,2
200801270MIL,RS,MIL,766.0,,19,15,4
200801270MIL,RS,MIL,821.0,,22,15,7
200801270MIL,RS,MIL,925.0,,24,15,9
200801270MIL,RS,MIL,960.0,,26,15,11
200801270MIL,RS,MIL,977.0,,26,18,8
200801270MIL,RS,MIL,1014.0,,26,20,6
200801270MIL,RS,MIL,1029.0,,29,20,9
200801270MIL,RS,MIL,1059.0,,29,22,7
200801270MIL,RS,MIL,1082.0,,29,23,6
200801270MIL,RS,MIL,1103.0,,30,23,7
200801270MIL,RS,MIL,1103.0,,31,23,8
200801270MIL,RS,MIL,1163.0,,31,24,7
200801270MIL,RS,MIL,1163.0,,31,25,6
200801270MIL,RS,MIL,1210.0,,31,26,5
200801270MIL,RS,MIL,1210.0,,31,27,4
200801270MIL,RS,MIL,1244.0,,31,29,2
200801270MIL,RS,MIL,1268.0,T,31,31,0
200801270MIL,RS,MIL,1304.0,,33,31,2
200801270MIL,RS,MIL,1329.0,T,33,33,0
200801270MIL,RS,MIL,1352.0,,35,33,2
200801270MIL,RS,MIL,1377.0,T,35,35,0
200801270MIL,RS,MIL,1406.2,LC,35,38,-3
200801270MIL,RS,MIL,1420.4,,36,38,-2
200801270MIL,RS,MIL,1420.4,,37,38,-1
200801270MIL,RS,MIL,1437.4,,37,40,-3
200801270MIL,RS,MIL,1468.0,,37,42,-5
200801270MIL,RS,MIL,1489.0,,40,42,-2
200801270MIL,RS,MIL,1512.0,,40,45,-5
200801270MIL,RS,MIL,1548.0,,41,45,-4
200801270MIL,RS,MIL,1569.0,,41,47,-6
200801270MIL,RS,MIL,1582.0,,44,47,-3
200801270MIL,RS,MIL,1607.0,,44,49,-5
200801270MIL,RS,MIL,1643.0,,46,49,-3
200801270MIL,RS,MIL,1664.0,,46,51,-5
200801270MIL,RS,MIL,1727.0,,48,51,-3
200801270MIL,RS,MIL,1746.0,,48,53,-5
200801270MIL,RS,MIL,1746.0,,48,54,-6
200801270MIL,RS,MIL,1762.0,,50,54,-4
200801270MIL,RS,MIL,1797.0,,51,54,-3
200801270MIL,RS,MIL,1797.0,,52,54,-2
200801270MIL,RS,MIL,1829.0,T,54,54,0
200801270MIL,RS,MIL,1851.0,LC,55,54,1
200801270MIL,RS,MIL,1851.0,,56,54,2
200801270MIL,RS,MIL,1890.0,,58,54,4
200801270MIL,RS,MIL,1913.0,,58,56,2
200801270MIL,RS,MIL,1941.0,LC,58,59,-1
200801270MIL,RS,MIL,1973.0,,58,61,-3
200801270MIL,RS,MIL,1993.0,,60,61,-1
200801270MIL,RS,MIL,2014.0,,60,64,-4
200801270MIL,RS,MIL,2029.0,,61,64,-3
200801270MIL,RS,MIL,2029.0,,62,64,-2
200801270MIL,RS,MIL,2057.0,T,64,64,0
200801270MIL,RS,MIL,2078.0,,64,66,-2
200801270MIL,RS,MIL,2153.8,,65,66,-1
200801270MIL,RS,MIL,2153.8,T,66,66,0
200801270MIL,RS,MIL,2198.0,LC,69,66,3
200801270MIL,RS,MIL,2218.0,,69,68,1
200801270MIL,RS,MIL,2296.0,T,69,69,0
200801270MIL,RS,MIL,2325.0,LC,69,71,-2
200801270MIL,RS,MIL,2365.0,,70,71,-1
200801270MIL,RS,MIL,2373.0,,70,72,-2
200801270MIL,RS,MIL,2373.0,,70,73,-3
200801270MIL,RS,MIL,2405.0,,70,75,-5
200801270MIL,RS,MIL,2424.0,,72,75,-3
200801270MIL,RS,MIL,2461.0,,74,75,-1
200801270MIL,RS,MIL,2511.0,,74,77,-3
200801270MIL,RS,MIL,2540.0,,75,77,-2
200801270MIL,RS,MIL,2540.0,,76,77,-1
200801270MIL,RS,MIL,2626.0,,76,80,-4
200801270MIL,RS,MIL,2655.0,,76,81,-5
200801270MIL,RS,MIL,2676.0,,79,81,-2
200801270MIL,RS,MIL,2701.0,,79,84,-5
200801270MIL,RS,MIL,2717.0,,79,85,-6
200801270MIL,RS,MIL,2717.0,,79,86,-7
200801270MIL,RS,MIL,2760.0,,79,88,-9
200801270MIL,RS,MIL,2780.0,,79,90,-11
200801270MIL,RS,MIL,2786.0,,82,90,-8
200801270MIL,RS,MIL,2794.0,,85,90,-5
200801270MIL,RS,MIL,2855.3,,86,90,-4
200801270MIL,RS,MIL,2857.1,,88,90,-2
200801270MIL,RS,MIL,2859.8,T,90,90,0
200801270MIL,RS,MIL,2948.0,,90,92,-2
200801270MIL,RS,MIL,2970.0,LC,93,92,1
200801270MIL,RS,MIL,2992.0,T,93,93,0
200801270MIL,RS,MIL,2995.0,LC,93,95,-2
200801270MIL,RS,MIL,3018.0,LC,96,95,1
200801270MIL,RS,MIL,3042.0,,98,95,3
200801270MIL,RS,MIL,3042.0,,99,95,4
200801270MIL,RS,MIL,3101.0,,99,98,1
200801270MIL,RS,MIL,3132.4,LC,99,101,-2
200801270MIL,RS,MIL,3174.0,,99,103,-4
200801270MIL,RS,MIL,3177.3,,102,103,-1
200801270MIL,RS,MIL,3177.7,,102,104,-2
200801270MIL,RS,MIL,3177.7,F,102,105,-3
200801270MIL,RS,MIL,3180.0,,102,105,-3
200801290WAS,RS,TOR,0.0,,0,0,0
200801290WAS,RS,TOR,24.0,,2,0,2
200801290WAS,RS,TOR,76.0,T,2,2,0
200801290WAS,RS,TOR,105.0,LC,2,3,-1
200801290WAS,RS,TOR,137.0,LC,5,3,2
200801290WAS,RS,TOR,174.0,T,5,5,0
200801290WAS,RS,TOR,224.0,,7,5,2
200801290WAS,RS,TOR,237.0,,7,6,1
200801290WAS,RS,TOR,270.0,LC,7,8,-1
200801290WAS,RS,TOR,304.0,,7,10,-3
200801290WAS,RS,TOR,369.0,,7,12,-5
200801290WAS,RS,TOR,385.0,,10,12,-2
200801290WAS,RS,TOR,436.0,,10,13,-3
200801290WAS,RS,TOR,436.0,,10,14,-4
200801290WAS,RS,TOR,452.0,,12,14,-2
200801290WAS,RS,TOR,485.0,,12,16,-4
200801290WAS,RS,TOR,536.0,,15,16,-1
200801290WAS,RS,TOR,597.0,LC,17,16,1
200801290WAS,RS,TOR,629.0,,19,16,3
200801290WAS,RS,TOR,648.0,T,19,19,0
200801290WAS,RS,TOR,662.1,,21,19,2
200801290WAS,RS,TOR,682.6,,21,20,1
200801290WAS,RS,TOR,703.1,,23,20,3
200801290WAS,RS,TOR,731.0,,23,22,1
200801290WAS,RS,TOR,754.0,,26,22,4
200801290WAS,RS,TOR,775.0,,26,24,2
200801290WAS,RS,TOR,797.0,,28,24,4
200801290WAS,RS,TOR,843.0,,28,26,2
200801290WAS,RS,TOR,882.0,T,28,28,0
200801290WAS,RS,TOR,927.0,LC,28,29,-1
200801290WAS,RS,TOR,950.0,,28,32,-4
200801290WAS,RS,TOR,964.0,,29,32,-3
200801290WAS,RS,TOR,1016.0,,30,32,-2
200801290WAS,RS,TOR,1031.0,,30,34,-4
200801290WAS,RS,TOR,1054.0,,32,34,-2
200801290WAS,RS,TOR,1075.0,,32,36,-4
200801290WAS,RS,TOR,1111.0,,34,36,-2
200801290WAS,RS,TOR,1122.0,,34,38,-4
200801290WAS,RS,TOR,1122.0,,34,39,-5
200801290WAS,RS,TOR,1145.0,,34,40,-6
200801290WAS,RS,TOR,1176.0,,34,42,-8
200801290WAS,RS,TOR,1208.0,,34,44,-10
200801290WAS,RS,TOR,1233.0,,36,44,-8
200801290WAS,RS,TOR,1250.0,,36,46,-10
200801290WAS,RS,TOR,1279.0,,38,46,-8
200801290WAS,RS,TOR,1279.0,,39,46,-7
200801290WAS,RS,TOR,1320.0,,41,46,-5
200801290WAS,RS,TOR,1364.0,,43,46,-3
200801290WAS,RS,TOR,1398.1,,43,48,-5
200801290WAS,RS,TOR,1417.0,,43,50,-7
200801290WAS,RS,TOR,1437.1,,46,50,-4
200801290WAS,RS,TOR,1464.0,,48,50,-2
200801290WAS,RS,TOR,1464.0,,49,50,-1
200801290WAS,RS,TOR,1527.0,LC,51,50,1
200801290WAS,RS,TOR,1560.0,,53,50,3
200801290WAS,RS,TOR,1610.0,,56,50,6
200801290WAS,RS,TOR,1646.0,,58,50,8
200801290WAS,RS,TOR,1684.0,,60,50,10
200801290WAS,RS,TOR,1710.0,,60,53,7
200801290WAS,RS,TOR,1808.0,,62,53,9
200801290WAS,RS,TOR,1819.0,,62,54,8
200801290WAS,RS,TOR,1819.0,,62,55,7
200801290WAS,RS,TOR,1865.0,,64,55,9
200801290WAS,RS,TOR,1891.0,,64,58,6
200801290WAS,RS,TOR,1950.0,,65,58,7
200801290WAS,RS,TOR,1950.0,,66,58,8
200801290WAS,RS,TOR,2009.0,,69,58,11
200801290WAS,RS,TOR,2059.0,,69,61,8
200801290WAS,RS,TOR,2132.6,,69,62,7
200801290WAS,RS,TOR,2132.6,,69,63,6
200801290WAS,RS,TOR,2150.2,,70,63,7
200801290WAS,RS,TOR,2150.2,,71,63,8
200801290WAS,RS,TOR,2157.7,,71,65,6
200801290WAS,RS,TOR,2211.0,,73,65,8
200801290WAS,RS,TOR,2211.0,,74,65,9
200801290WAS,RS,TOR,2231.0,,74,66,8
200801290WAS,RS,TOR,2264.0,,76,66,10
200801290WAS,RS,TOR,2331.0,,78,66,12
200801290WAS,RS,TOR,2344.0,,78,68,10
200801290WAS,RS,TOR,2374.0,,78,70,8
200801290WAS,RS,TOR,2397.0,,81,70,11
200801290WAS,RS,TOR,2414.0,,81,72,9
200801290WAS,RS,TOR,2459.0,,83,72,11
200801290WAS,RS,TOR,2459.0,,84,72,12
200801290WAS,RS,TOR,2490.0,,84,75,9
200801290WAS,RS,TOR,2518.0,,86,75,11
200801290WAS,RS,TOR,2596.0,,86,77,9
200801290WAS,RS,TOR,2630.0,,88,77,11
200801290WAS,RS,TOR,2649.0,,88,79,9
200801290WAS,RS,TOR,2677.0,,88,81,7
200801290WAS,RS,TOR,2677.0,,88,82,6
200801290WAS,RS,TOR,2733.0,,88,83,5
200801290WAS,RS,TOR,2764.0,,88,84,4
200801290WAS,RS,TOR,2764.0,,88,85,3
200801290WAS,RS,TOR,2803.0,,90,85,5
200801290WAS,RS,TOR,2810.0,,90,86,4
200801290WAS,RS,TOR,2810.0,,90,87,3
200801290WAS,RS,TOR,2833.0,,90,89,1
200801290WAS,RS,TOR,2846.4,,92,89,3
200801290WAS,RS,TOR,2868.9,,93,89,4
200801290WAS,RS,TOR,2877.2,,93,92,1
200801290WAS,RS,TOR,2878.8,,94,92,2
200801290WAS,RS,TOR,2878.8,,95,92,3
200801290WAS,RS,TOR,2879.2,T,95,95,0
200801290WAS,RS,TOR,2942.0,,96,95,1
200801290WAS,RS,TOR,2942.0,,97,95,2
200801290WAS,RS,TOR,2942.0,,98,95,3
200801290WAS,RS,TOR,2954.0,,98,97,1
200801290WAS,RS,TOR,3104.0,,101,97,4
200801290WAS,RS,TOR,3111.0,,101,98,3
200801290WAS,RS,TOR,3133.1,,104,98,6
200801290WAS,RS,TOR,3141.1,,104,101,3
200801290WAS,RS,TOR,3170.1,,106,101,5
200801290WAS,RS,TOR,3174.8,,106,104,2
200801290WAS,RS,TOR,3175.1,,107,104,3
200801290WAS,RS,TOR,3175.1,F,108,104,4
200801290WAS,RS,TOR,3180.0,,108,104,4
200801300TOR,RS,TOR,0.0,,0,0,0
200801300TOR,RS,TOR,15.0,,0,2,-2
200801300TOR,RS,TOR,50.0,,0,4,-4
200801300TOR,RS,TOR,82.0,,0,6,-6
200801300TOR,RS,TOR,115.0,,0,8,-8
200801300TOR,RS,TOR,144.0,,0,10,-10
200801300TOR,RS,TOR,181.0,,0,12,-12
200801300TOR,RS,TOR,200.0,,3,12,-9
200801300TOR,RS,TOR,247.0,,5,12,-7
200801300TOR,RS,TOR,260.0,,5,14,-9
200801300TOR,RS,TOR,304.0,,7,14,-7
200801300TOR,RS,TOR,325.0,,9,14,-5
200801300TOR,RS,TOR,344.0,,9,17,-8
200801300TOR,RS,TOR,361.0,,10,17,-7
200801300TOR,RS,TOR,361.0,,11,17,-6
200801300TOR,RS,TOR,371.0,,11,20,-9
200801300TOR,RS,TOR,403.0,,13,20,-7
200801300TOR,RS,TOR,467.0,,14,20,-6
200801300TOR,RS,TOR,532.0,,14,23,-9
200801300TOR,RS,TOR,554.0,,16,23,-7
200801300TOR,RS,TOR,570.0,,16,24,-8
200801300TOR,RS,TOR,618.0,,16,26,-10
200801300TOR,RS,TOR,641.0,,19,26,-7
200801300TOR,RS,TOR,667.8,,20,26,-6
200801300TOR,RS,TOR,667.8,,21,26,-5
200801300TOR,RS,TOR,689.1,,21,28,-7
200801300TOR,RS,TOR,705.6,,23,28,-5
200801300TOR,RS,TOR,751.0,,23,29,-6
200801300TOR,RS,TOR,751.0,,23,30,-7
200801300TOR,RS,TOR,792.0,,26,30,-4
200801300TOR,RS,TOR,834.0,,26,32,-6
200801300TOR,RS,TOR,851.0,,29,32,-3
200801300TOR,RS,TOR,866.0,,29,34,-5
200801300TOR,RS,TOR,938.0,,29,36,-7
200801300TOR,RS,TOR,964.0,,32,36,-4
200801300TOR,RS,TOR,984.0,,32,38,-6
200801300TOR,RS,TOR,1014.0,,32,40,-8
200801300TOR,RS,TOR,1034.0,,32,42,-10
200801300TOR,RS,TOR,1114.0,,32,45,-13
200801300TOR,RS,TOR,1133.0,,34,45,-11
200801300TOR,RS,TOR,1155.0,,34,48,-14
200801300TOR,RS,TOR,1188.0,,34,50,-16
200801300TOR,RS,TOR,1216.0,,34,53,-19
200801300TOR,RS,TOR,1234.0,,37,53,-16
200801300TOR,RS,TOR,1246.0,,37,55,-18
200801300TOR,RS,TOR,1283.0,,39,55,-16
200801300TOR,RS,TOR,1348.0,,39,56,-17
200801300TOR,RS,TOR,1348.0,,39,57,-18
200801300TOR,RS,TOR,1375.0,,39,58,-19
200801300TOR,RS,TOR,1375.0,,39,59,-20
200801300TOR,RS,TOR,1410.4,,40,59,-19
200801300TOR,RS,TOR,1410.4,,41,59,-18
200801300TOR,RS,TOR,1429.1,,41,61,-20
200801300TOR,RS,TOR,1467.0,,43,61,-18
200801300TOR,RS,TOR,1481.0,,43,63,-20
200801300TOR,RS,TOR,1497.0,,45,63,-18
200801300TOR,RS,TOR,1524.0,,45,65,-20
200801300TOR,RS,TOR,1540.0,,47,65,-18
200801300TOR,RS,TOR,1600.0,,47,66,-19
200801300TOR,RS,TOR,1600.0,,47,67,-20
200801300TOR,RS,TOR,1638.0,,47,69,-22
200801300TOR,RS,TOR,1662.0,,49,69,-20
200801300TOR,RS,TOR,1723.0,,49,71,-22
200801300TOR,RS,TOR,1755.0,,49,72,-23
200801300TOR,RS,TOR,1755.0,,49,73,-24
200801300TOR,RS,TOR,1798.0,,50,73,-23
200801300TOR,RS,TOR,1798.0,,51,73,-22
200801300TOR,RS,TOR,1828.0,,51,74,-23
200801300TOR,RS,TOR,1828.0,,51,75,-24
200801300TOR,RS,TOR,1863.0,,51,77,-26
200801300TOR,RS,TOR,1882.0,,53,77,-24
200801300TOR,RS,TOR,1901.0,,53,80,-27
200801300TOR,RS,TOR,1911.0,,54,80,-26
200801300TOR,RS,TOR,1911.0,,55,80,-25
200801300TOR,RS,TOR,1928.0,,55,83,-28
200801300TOR,RS,TOR,1944.0,,57,83,-26
200801300TOR,RS,TOR,1957.0,,57,86,-29
200801300TOR,RS,TOR,1996.0,,59,86,-27
200801300TOR,RS,TOR,2016.0,,60,86,-26
200801300TOR,RS,TOR,2016.0,,61,86,-25
200801300TOR,RS,TOR,2037.0,,61,89,-28
200801300TOR,RS,TOR,2054.0,,64,89,-25
200801300TOR,RS,TOR,2107.3,,64,91,-27
200801300TOR,RS,TOR,2130.1,,64,93,-29
200801300TOR,RS,TOR,2154.6,,64,95,-31
200801300TOR,RS,TOR,2192.0,,65,95,-30
200801300TOR,RS,TOR,2192.0,,66,95,-29
200801300TOR,RS,TOR,2205.0,,66,96,-30
200801300TOR,RS,TOR,2232.0,,68,96,-28
200801300TOR,RS,TOR,2253.0,,70,96,-26
200801300TOR,RS,TOR,2282.0,,70,98,-28
200801300TOR,RS,TOR,2301.0,,73,98,-25
200801300TOR,RS,TOR,2321.0,,73,101,-28
200801300TOR,RS,TOR,2378.0,,73,104,-31
200801300TOR,RS,TOR,2428.0,,73,106,-33
200801300TOR,RS,TOR,2492.0,,73,108,-35
200801300TOR,RS,TOR,2515.0,,74,108,-34
200801300TOR,RS,TOR,2515.0,,75,108,-33
200801300TOR,RS,TOR,2541.0,,75,110,-35
200801300TOR,RS,TOR,2633.0,,75,112,-37
200801300TOR,RS,TOR,2667.0,,76,112,-36
200801300TOR,RS,TOR,2667.0,,77,112,-35
200801300TOR,RS,TOR,2696.0,,79,112,-33
200801300TOR,RS,TOR,2720.0,,79,115,-36
200801300TOR,RS,TOR,2746.0,,80,115,-35
200801300TOR,RS,TOR,2746.0,,81,115,-34
200801300TOR,RS,TOR,2794.0,,81,117,-36
200801300TOR,RS,TOR,2803.0,,81,119,-38
200801300TOR,RS,TOR,2815.0,,82,119,-37
200801300TOR,RS,TOR,2815.0,,83,119,-36
200801300TOR,RS,TOR,2828.3,,83,121,-38
200801300TOR,RS,TOR,2855.3,F,83,122,-39
200801300TOR,RS,TOR,2880.0,,83,122,-39
200802010WAS,RS,UTA,0.0,,0,0,0
200802010WAS,RS,UTA,68.0,,2,0,2
200802010WAS,RS,UTA,153.0,T,2,2,0
200802010WAS,RS,UTA,174.0,,4,2,2
200802010WAS,RS,UTA,214.0,T,4,4,0
200802010WAS,RS,UTA,230.0,,6,4,2
200802010WAS,RS,UTA,251.0,,7,4,3
200802010WAS,RS,UTA,251.0,,8,4,4
200802010WAS,RS,UTA,323.0,,10,4,6
200802010WAS,RS,UTA,323.0,,11,4,7
200802010WAS,RS,UTA,335.0,,11,7,4
200802010WAS,RS,UTA,383.0,,13,7,6
200802010WAS,RS,UTA,424.0,,13,9,4
200802010WAS,RS,UTA,448.0,,15,9,6
200802010WAS,RS,UTA,507.0,,18,9,9
200802010WAS,RS,UTA,617.0,,21,9,12
200802010WAS,RS,UTA,644.0,,21,11,10
200802010WAS,RS,UTA,759.0,,21,13,8
200802010WAS,RS,UTA,792.0,,21,15,6
200802010WAS,RS,UTA,831.0,,22,15,7
200802010WAS,RS,UTA,831.0,,23,15,8
200802010WAS,RS,UTA,863.0,,23,17,6
200802010WAS,RS,UTA,909.0,,23,19,4
200802010WAS,RS,UTA,930.0,,24,19,5
200802010WAS,RS,UTA,961.0,,26,19,7
200802010WAS,RS,UTA,961.0,,27,19,8
200802010WAS,RS,UTA,983.0,,27,21,6
200802010WAS,RS,UTA,1073.0,,27,22,5
200802010WAS,RS,UTA,1116.0,,27,24,3
200802010WAS,RS,UTA,1159.0,,27,25,2
200802010WAS,RS,UTA,1159.0,,27,26,1
200802010WAS,RS,UTA,1186.0,LC,27,28,-1
200802010WAS,RS,UTA,1210.0,,27,31,-4
200802010WAS,RS,UTA,1229.0,,29,31,-2
200802010WAS,RS,UTA,1252.0,,29,34,-5
200802010WAS,RS,UTA,1269.0,,31,34,-3
200802010WAS,RS,UTA,1311.0,,33,34,-1
200802010WAS,RS,UTA,1345.0,LC,35,34,1
200802010WAS,RS,UTA,1366.0,T,35,35,0
200802010WAS,RS,UTA,1366.0,LC,35,36,-1
200802010WAS,RS,UTA,1381.0,LC,37,36,1
200802010WAS,RS,UTA,1433.1,LC,37,38,-1
200802010WAS,RS,UTA,1438.8,LC,39,38,1
200802010WAS,RS,UTA,1468.0,,41,38,3
200802010WAS,RS,UTA,1485.0,,41,40,1
200802010WAS,RS,UTA,1503.0,,43,40,3
200802010WAS,RS,UTA,1539.0,,44,40,4
200802010WAS,RS,UTA,1539.0,,45,40,5
200802010WAS,RS,UTA,1539.0,,45,42,3
200802010WAS,RS,UTA,1635.0,,45,44,1
200802010WAS,RS,UTA,1654.0,,46,44,2
200802010WAS,RS,UTA,1654.0,,47,44,3
200802010WAS,RS,UTA,1654.0,,47,46,1
200802010WAS,RS,UTA,1689.0,,49,46,3
200802010WAS,RS,UTA,1729.0,T,49,49,0
200802010WAS,RS,UTA,1770.0,,51,49,2
200802010WAS,RS,UTA,1785.0,T,51,51,0
200802010WAS,RS,UTA,1802.0,,52,51,1
200802010WAS,RS,UTA,1802.0,,53,51,2
200802010WAS,RS,UTA,1817.0,,53,52,1
200802010WAS,RS,UTA,1817.0,T,53,53,0
200802010WAS,RS,UTA,1817.0,,56,53,3
200802010WAS,RS,UTA,1841.0,,56,55,1
200802010WAS,RS,UTA,1841.0,T,56,56,0
200802010WAS,RS,UTA,1855.0,LC,56,59,-3
200802010WAS,RS,UTA,1919.0,,57,59,-2
200802010WAS,RS,UTA,1919.0,,58,59,-1
200802010WAS,RS,UTA,1934.0,,58,61,-3
200802010WAS,RS,UTA,1955.0,,59,61,-2
200802010WAS,RS,UTA,1955.0,,60,61,-1
200802010WAS,RS,UTA,2028.0,,60,63,-3
200802010WAS,RS,UTA,2053.0,,61,63,-2
200802010WAS,RS,UTA,2053.0,,62,63,-1
200802010WAS,RS,UTA,2061.0,,62,64,-2
200802010WAS,RS,UTA,2068.0,,63,64,-1
200802010WAS,RS,UTA,2068.0,T,64,64,0
200802010WAS,RS,UTA,2080.0,,64,65,-1
200802010WAS,RS,UTA,2116.2,LC,66,65,1
200802010WAS,RS,UTA,2125.9,LC,66,67,-1
200802010WAS,RS,UTA,2196.0,,66,70,-4
200802010WAS,RS,UTA,2216.0,,68,70,-2
200802010WAS,RS,UTA,2259.0,,68,72,-4
200802010WAS,RS,UTA,2387.0,,69,72,-3
200802010WAS,RS,UTA,2409.0,,69,74,-5
200802010WAS,RS,UTA,2429.0,,71,74,-3
200802010WAS,RS,UTA,2437.0,,71,76,-5
200802010WAS,RS,UTA,2437.0,,71,77,-6
200802010WAS,RS,UTA,2507.0,,71,79,-8
200802010WAS,RS,UTA,2548.0,,71,81,-10
200802010WAS,RS,UTA,2571.0,,72,81,-9
200802010WAS,RS,UTA,2589.0,,72,83,-11
200802010WAS,RS,UTA,2599.0,,73,83,-10
200802010WAS,RS,UTA,2599.0,,74,83,-9
200802010WAS,RS,UTA,2611.0,,74,84,-10
200802010WAS,RS,UTA,2611.0,,74,85,-11
200802010WAS,RS,UTA,2622.0,,75,85,-10
200802010WAS,RS,UTA,2655.0,,77,85,-8
200802010WAS,RS,UTA,2702.0,,77,87,-10
200802010WAS,RS,UTA,2733.0,,77,89,-12
200802010WAS,RS,UTA,2746.0,,78,89,-11
200802010WAS,RS,UTA,2746.0,,79,89,-10
200802010WAS,RS,UTA,2765.0,,79,92,-13
200802010WAS,RS,UTA,2774.0,,81,92,-11
200802010WAS,RS,UTA,2789.0,,81,93,-12
200802010WAS,RS,UTA,2827.4,,83,93,-10
200802010WAS,RS,UTA,2858.8,,85,93,-8
200802010WAS,RS,UTA,2860.9,,85,94,-9
200802010WAS,RS,UTA,2860.9,,85,95,-10
200802010WAS,RS,UTA,2864.3,,87,95,-8
200802010WAS,RS,UTA,2868.2,F,87,96,-9
200802010WAS,RS,UTA,2880.0,,87,96,-9
200802030WAS,RS,LAL,0.0,,0,0,0
200802030WAS,RS,LAL,49.0,,0,1,-1
200802030WAS,RS,LAL,49.0,,0,2,-2
200802030WAS,RS,LAL,85.0,,0,4,-4
200802030WAS,RS,LAL,128.0,,2,4,-2
200802030WAS,RS,LAL,139.0,,2,6,-4
200802030WAS,RS,LAL,177.0,,2,8,-6
200802030WAS,RS,LAL,221.0,,4,8,-4
200802030WAS,RS,LAL,233.0,,4,10,-6
200802030WAS,RS,LAL,246.0,,5,10,-5
200802030WAS,RS,LAL,263.0,,5,12,-7
200802030WAS,RS,LAL,304.0,,5,13,-8
200802030WAS,RS,LAL,304.0,,5,14,-9
200802030WAS,RS,LAL,323.0,,7,14,-7
200802030WAS,RS,LAL,342.0,,7,15,-8
200802030WAS,RS,LAL,353.0,,7,17,-10
200802030WAS,RS,LAL,365.0,,9,17,-8
200802030WAS,RS,LAL,400.0,,9,19,-10
200802030WAS,RS,LAL,435.0,,9,20,-11
200802030WAS,RS,LAL,435.0,,9,21,-12
200802030WAS,RS,LAL,466.0,,10,21,-11
200802030WAS,RS,LAL,466.0,,11,21,-10
200802030WAS,RS,LAL,484.0,,11,23,-12
200802030WAS,RS,LAL,571.0,,11,25,-14
200802030WAS,RS,LAL,589.0,,12,25,-13
200802030WAS,RS,LAL,589.0,,13,25,-12
200802030WAS,RS,LAL,613.0,,13,28,-15
200802030WAS,RS,LAL,633.0,,15,28,-13
200802030WAS,RS,LAL,659.0,,15,30,-15
200802030WAS,RS,LAL,782.0,,17,30,-13
200802030WAS,RS,LAL,810.0,,17,32,-15
200802030WAS,RS,LAL,834.0,,19,32,-13
200802030WAS,RS,LAL,851.0,,19,34,-15
200802030WAS,RS,LAL,869.0,,22,34,-12
200802030WAS,RS,LAL,887.0,,22,36,-14
200802030WAS,RS,LAL,902.0,,24,36,-12
200802030WAS,RS,LAL,930.0,,26,36,-10
200802030WAS,RS,LAL,948.0,,26,38,-12
200802030WAS,RS,LAL,963.0,,29,38,-9
200802030WAS,RS,LAL,987.0,,29,40,-11
200802030WAS,RS,LAL,1035.0,,29,42,-13
200802030WAS,RS,LAL,1108.0,,29,45,-16
200802030WAS,RS,LAL,1137.0,,29,47,-18
200802030WAS,RS,LAL,1156.0,,31,47,-16
200802030WAS,RS,LAL,1172.0,,32,47,-15
200802030WAS,RS,LAL,1185.0,,34,47,-13
200802030WAS,RS,LAL,1208.0,,34,49,-15
200802030WAS,RS,LAL,1247.0,,37,49,-12
200802030WAS,RS,LAL,1265.0,,37,51,-14
200802030WAS,RS,LAL,1293.0,,37,53,-16
200802030WAS,RS,LAL,1331.0,,37,54,-17
200802030WAS,RS,LAL,1331.0,,37,55,-18
200802030WAS,RS,LAL,1348.0,,39,55,-16
200802030WAS,RS,LAL,1361.0,,39,58,-19
200802030WAS,RS,LAL,1389.1,,39,60,-21
200802030WAS,RS,LAL,1429.0,,39,63,-24
200802030WAS,RS,LAL,1437.7,,40,63,-23
200802030WAS,RS,LAL,1437.7,,41,63,-22
200802030WAS,RS,LAL,1519.0,,41,65,-24
200802030WAS,RS,LAL,1535.0,,44,65,-21
200802030WAS,RS,LAL,1587.0,,44,68,-24
200802030WAS,RS,LAL,1607.0,,45,68,-23
200802030WAS,RS,LAL,1607.0,,46,68,-22
200802030WAS,RS,LAL,1624.0,,46,69,-23
200802030WAS,RS,LAL,1624.0,,46,70,-24
200802030WAS,RS,LAL,1642.0,,49,70,-21
200802030WAS,RS,LAL,1675.0,,49,72,-23
200802030WAS,RS,LAL,1697.0,,52,72,-20
200802030WAS,RS,LAL,1715.0,,52,74,-22
200802030WAS,RS,LAL,1818.0,,52,76,-24
200802030WAS,RS,LAL,1837.0,,54,76,-22
200802030WAS,RS,LAL,1863.0,,54,79,-25
200802030WAS,RS,LAL,1911.0,,56,79,-23
200802030WAS,RS,LAL,1993.0,,57,79,-22
200802030WAS,RS,LAL,2015.0,,57,81,-24
200802030WAS,RS,LAL,2060.0,,57,83,-26
200802030WAS,RS,LAL,2092.0,,60,83,-23
200802030WAS,RS,LAL,2120.0,,61,83,-22
200802030WAS,RS,LAL,2142.5,,62,83,-21
200802030WAS,RS,LAL,2157.3,,62,86,-24
200802030WAS,RS,LAL,2180.0,,62,88,-26
200802030WAS,RS,LAL,2197.0,,64,88,-24
200802030WAS,RS,LAL,2197.0,,65,88,-23
200802030WAS,RS,LAL,2218.0,,65,90,-25
200802030WAS,RS,LAL,2241.0,,67,90,-23
200802030WAS,RS,LAL,2247.0,,67,92,-25
200802030WAS,RS,LAL,2266.0,,69,92,-23
200802030WAS,RS,LAL,2332.0,,69,93,-24
200802030WAS,RS,LAL,2332.0,,69,94,-25
200802030WAS,RS,LAL,2356.0,,71,94,-23
200802030WAS,RS,LAL,2393.0,,74,94,-20
200802030WAS,RS,LAL,2419.0,,76,94,-18
200802030WAS,RS,LAL,2445.0,,76,97,-21
200802030WAS,RS,LAL,2461.0,,78,97,-19
200802030WAS,RS,LAL,2493.0,,79,97,-18
200802030WAS,RS,LAL,2573.0,,79,99,-20
200802030WAS,RS,LAL,2612.0,,81,99,-18
200802030WAS,RS,LAL,2691.0,,83,99,-16
200802030WAS,RS,LAL,2735.0,,83,101,-18
200802030WAS,RS,LAL,2757.0,,85,101,-16
200802030WAS,RS,LAL,2788.0,,87,101,-14
200802030WAS,RS,LAL,2819.0,,89,101,-12
200802030WAS,RS,LAL,2836.2,,89,103,-14
200802030WAS,RS,LAL,2851.5,F,91,103,-12
200802030WAS,RS,LAL,2880.0,,91,103,-12
200802050PHI,RS,PHI,0.0,,0,0,0
200802050PHI,RS,PHI,39.0,,0,2,-2
200802050PHI,RS,PHI,88.0,T,2,2,0
200802050PHI,RS,PHI,127.0,,2,3,-1
200802050PHI,RS,PHI,152.0,,2,5,-3
200802050PHI,RS,PHI,177.0,,4,5,-1
200802050PHI,RS,PHI,192.0,,4,7,-3
200802050PHI,RS,PHI,256.0,,4,9,-5
200802050PHI,RS,PHI,273.0,,7,9,-2
200802050PHI,RS,PHI,310.0,,8,9,-1
200802050PHI,RS,PHI,310.0,T,9,9,0
200802050PHI,RS,PHI,328.0,,9,10,-1
200802050PHI,RS,PHI,328.0,,9,11,-2
200802050PHI,RS,PHI,345.0,T,11,11,0
200802050PHI,RS,PHI,404.0,LC,14,11,3
200802050PHI,RS,PHI,445.0,,14,13,1
200802050PHI,RS,PHI,469.0,LC,14,15,-1
200802050PHI,RS,PHI,501.0,LC,16,15,1
200802050PHI,RS,PHI,539.0,LC,16,17,-1
200802050PHI,RS,PHI,590.0,LC,18,17,1
200802050PHI,RS,PHI,605.0,T,18,18,0
200802050PHI,RS,PHI,615.0,LC,18,19,-1
200802050PHI,RS,PHI,659.0,LC,20,19,1
200802050PHI,RS,PHI,664.1,LC,20,21,-1
200802050PHI,RS,PHI,679.1,LC,23,21,2
200802050PHI,RS,PHI,684.4,,23,22,1
200802050PHI,RS,PHI,684.4,T,23,23,0
200802050PHI,RS,PHI,718.1,,25,23,2
200802050PHI,RS,PHI,742.0,,28,23,5
200802050PHI,RS,PHI,761.0,,28,25,3
200802050PHI,RS,PHI,786.0,,28,27,1
200802050PHI,RS,PHI,858.0,LC,28,29,-1
200802050PHI,RS,PHI,870.0,,28,31,-3
200802050PHI,RS,PHI,870.0,,28,32,-4
200802050PHI,RS,PHI,890.0,,29,32,-3
200802050PHI,RS,PHI,890.0,,30,32,-2
200802050PHI,RS,PHI,907.0,,30,34,-4
200802050PHI,RS,PHI,927.0,,32,34,-2
200802050PHI,RS,PHI,966.0,T,34,34,0
200802050PHI,RS,PHI,994.0,LC,36,34,2
200802050PHI,RS,PHI,1019.0,T,36,36,0
200802050PHI,RS,PHI,1035.0,,38,36,2
200802050PHI,RS,PHI,1071.0,,40,36,4
200802050PHI,RS,PHI,1103.0,,43,36,7
200802050PHI,RS,PHI,1124.0,,43,38,5
200802050PHI,RS,PHI,1149.0,,43,39,4
200802050PHI,RS,PHI,1167.0,,45,39,6
200802050PHI,RS,PHI,1197.0,,47,39,8
200802050PHI,RS,PHI,1209.0,,47,41,6
200802050PHI,RS,PHI,1257.0,,47,43,4
200802050PHI,RS,PHI,1270.0,,48,43,5
200802050PHI,RS,PHI,1304.0,,48,44,4
200802050PHI,RS,PHI,1304.0,,48,45,3
200802050PHI,RS,PHI,1322.0,,50,45,5
200802050PHI,RS,PHI,1340.0,,50,47,3
200802050PHI,RS,PHI,1355.0,,52,47,5
200802050PHI,RS,PHI,1381.1,,54,47,7
200802050PHI,RS,PHI,1396.1,,54,49,5
200802050PHI,RS,PHI,1415.3,,55,49,6
200802050PHI,RS,PHI,1415.3,,56,49,7
200802050PHI,RS,PHI,1479.0,,56,51,5
200802050PHI,RS,PHI,1504.0,,58,51,7
200802050PHI,RS,PHI,1552.0,,59,51,8
200802050PHI,RS,PHI,1552.0,,60,51,9
200802050PHI,RS,PHI,1565.0,,60,53,7
200802050PHI,RS,PHI,1635.0,,60,55,5
200802050PHI,RS,PHI,1677.0,,63,55,8
200802050PHI,RS,PHI,1682.0,,63,56,7
200802050PHI,RS,PHI,1682.0,,63,57,6
200802050PHI,RS,PHI,1731.0,,63,59,4
200802050PHI,RS,PHI,1780.0,,63,61,2
200802050PHI,RS,PHI,1798.0,,66,61,5
200802050PHI,RS,PHI,1808.0,,66,63,3
200802050PHI,RS,PHI,1823.0,,69,63,6
200802050PHI,RS,PHI,1884.0,,69,65,4
200802050PHI,RS,PHI,1914.0,,69,67,2
200802050PHI,RS,PHI,1925.0,,71,67,4
200802050PHI,RS,PHI,1925.0,,72,67,5
200802050PHI,RS,PHI,1961.0,,74,67,7
200802050PHI,RS,PHI,1999.0,,74,69,5
200802050PHI,RS,PHI,2019.0,,76,69,7
200802050PHI,RS,PHI,2019.0,,77,69,8
200802050PHI,RS,PHI,2045.0,,77,71,6
200802050PHI,RS,PHI,2062.0,,78,71,7
200802050PHI,RS,PHI,2082.0,,78,73,5
200802050PHI,RS,PHI,2092.0,,79,73,6
200802050PHI,RS,PHI,2124.2,,80,73,7
200802050PHI,RS,PHI,2124.2,,81,73,8
200802050PHI,RS,PHI,2156.1,,83,73,10
200802050PHI,RS,PHI,2174.0,,83,76,7
200802050PHI,RS,PHI,2223.0,,85,76,9
200802050PHI,RS,PHI,2272.0,,87,76,11
200802050PHI,RS,PHI,2295.0,,87,78,9
200802050PHI,RS,PHI,2349.0,,89,78,11
200802050PHI,RS,PHI,2349.0,,90,78,12
200802050PHI,RS,PHI,2394.0,,90,80,10
200802050PHI,RS,PHI,2437.0,,90,82,8
200802050PHI,RS,PHI,2465.0,,90,84,6
200802050PHI,RS,PHI,2522.0,,90,86,4
200802050PHI,RS,PHI,2571.0,,90,88,2
200802050PHI,RS,PHI,2599.0,T,90,90,0
200802050PHI,RS,PHI,2632.0,LC,90,92,-2
200802050PHI,RS,PHI,2686.0,,90,94,-4
200802050PHI,RS,PHI,2716.0,,90,95,-5
200802050PHI,RS,PHI,2743.0,,92,95,-3
200802050PHI,RS,PHI,2760.0,,92,97,-5
200802050PHI,RS,PHI,2845.2,,92,98,-6
200802050PHI,RS,PHI,2850.8,,93,98,-5
200802050PHI,RS,PHI,2850.8,,94,98,-4
200802050PHI,RS,PHI,2865.5,,94,99,-5
200802050PHI,RS,PHI,2874.5,,94,100,-6
200802050PHI,RS,PHI,2874.5,,94,101,-7
200802050PHI,RS,PHI,2879.1,F,96,101,-5
200802050PHI,RS,PHI,2880.0,,96,101,-5
200802060WAS,RS,SAS,0.0,,0,0,0
200802060WAS,RS,SAS,30.0,,2,0,2
200802060WAS,RS,SAS,64.0,,4,0,4
200802060WAS,RS,SAS,76.0,,4,2,2
200802060WAS,RS,SAS,138.0,LC,4,5,-1
200802060WAS,RS,SAS,176.0,,4,6,-2
200802060WAS,RS,SAS,201.0,T,6,6,0
200802060WAS,RS,SAS,220.0,,6,9,-3
200802060WAS,RS,SAS,271.0,,6,11,-5
200802060WAS,RS,SAS,299.0,,8,11,-3
200802060WAS,RS,SAS,314.0,,8,14,-6
200802060WAS,RS,SAS,365.0,,9,14,-5
200802060WAS,RS,SAS,449.0,,11,14,-3
200802060WAS,RS,SAS,491.0,,13,14,-1
200802060WAS,RS,SAS,553.0,LC,15,14,1
200802060WAS,RS,SAS,581.0,LC,15,16,-1
200802060WAS,RS,SAS,605.0,,15,18,-3
200802060WAS,RS,SAS,660.0,,15,20,-5
200802060WAS,RS,SAS,729.0,,15,22,-7
200802060WAS,RS,SAS,812.0,,17,22,-5
200802060WAS,RS,SAS,884.0,,19,22,-3
200802060WAS,RS,SAS,884.0,,20,22,-2
200802060WAS,RS,SAS,897.0,,20,24,-4
200802060WAS,RS,SAS,918.0,,22,24,-2
200802060WAS,RS,SAS,955.0,,22,26,-4
200802060WAS,RS,SAS,983.0,,24,26,-2
200802060WAS,RS,SAS,1049.0,T,26,26,0
200802060WAS,RS,SAS,1107.0,,26,28,-2
200802060WAS,RS,SAS,1127.0,LC,29,28,1
200802060WAS,RS,SAS,1157.0,LC,29,30,-1
200802060WAS,RS,SAS,1244.0,,29,31,-2
200802060WAS,RS,SAS,1244.0,,29,32,-3
200802060WAS,RS,SAS,1262.0,T,32,32,0
200802060WAS,RS,SAS,1321.0,,32,34,-2
200802060WAS,RS,SAS,1335.0,,33,34,-1
200802060WAS,RS,SAS,1335.0,T,34,34,0
200802060WAS,RS,SAS,1399.7,,34,36,-2
200802060WAS,RS,SAS,1419.1,LC,37,36,1
200802060WAS,RS,SAS,1437.8,LC,37,38,-1
200802060WAS,RS,SAS,1532.0,LC,39,38,1
200802060WAS,RS,SAS,1548.0,LC,39,40,-1
200802060WAS,RS,SAS,1575.0,,39,41,-2
200802060WAS,RS,SAS,1666.0,T,41,41,0
200802060WAS,RS,SAS,1681.0,,41,42,-1
200802060WAS,RS,SAS,1681.0,,41,43,-2
200802060WAS,RS,SAS,1702.0,T,43,43,0
200802060WAS,RS,SAS,1714.0,,43,45,-2
200802060WAS,RS,SAS,1767.0,T,45,45,0
200802060WAS,RS,SAS,1803.0,LC,47,45,2
200802060WAS,RS,SAS,1868.0,,49,45,4
200802060WAS,RS,SAS,1885.0,,49,47,2
200802060WAS,RS,SAS,1919.0,,49,48,1
200802060WAS,RS,SAS,1919.0,T,49,49,0
200802060WAS,RS,SAS,1927.0,,51,49,2
200802060WAS,RS,SAS,1927.0,,52,49,3
200802060WAS,RS,SAS,1947.0,,52,51,1
200802060WAS,RS,SAS,1961.0,,53,51,2
200802060WAS,RS,SAS,1961.0,,54,51,3
200802060WAS,RS,SAS,2043.0,,56,51,5
200802060WAS,RS,SAS,2063.0,,56,53,3
200802060WAS,RS,SAS,2082.0,,57,53,4
200802060WAS,RS,SAS,2082.0,,58,53,5
200802060WAS,RS,SAS,2098.0,,58,55,3
200802060WAS,RS,SAS,2115.8,,58,56,2
200802060WAS,RS,SAS,2115.8,,58,57,1
200802060WAS,RS,SAS,2175.0,LC,58,59,-1
200802060WAS,RS,SAS,2222.0,,58,61,-3
200802060WAS,RS,SAS,2246.0,,59,61,-2
200802060WAS,RS,SAS,2246.0,,60,61,-1
200802060WAS,RS,SAS,2260.0,,60,64,-4
200802060WAS,RS,SAS,2295.0,,60,66,-6
200802060WAS,RS,SAS,2295.0,,60,67,-7
200802060WAS,RS,SAS,2321.0,,62,67,-5
200802060WAS,RS,SAS,2373.0,,62,70,-8
200802060WAS,RS,SAS,2392.0,,65,70,-5
200802060WAS,RS,SAS,2413.0,,65,72,-7
200802060WAS,RS,SAS,2477.0,,67,72,-5
200802060WAS,RS,SAS,2500.0,,67,74,-7
200802060WAS,RS,SAS,2597.0,,69,74,-5
200802060WAS,RS,SAS,2620.0,,69,77,-8
200802060WAS,RS,SAS,2669.0,,70,77,-7
200802060WAS,RS,SAS,2669.0,,71,77,-6
200802060WAS,RS,SAS,2706.0,,72,77,-5
200802060WAS,RS,SAS,2706.0,,73,77,-4
200802060WAS,RS,SAS,2769.0,,73,79,-6
200802060WAS,RS,SAS,2769.0,,73,80,-7
200802060WAS,RS,SAS,2822.1,,74,80,-6
200802060WAS,RS,SAS,2845.1,,74,82,-8
200802060WAS,RS,SAS,2848.9,,74,83,-9
200802060WAS,RS,SAS,2858.1,,77,83,-6
200802060WAS,RS,SAS,2859.6,,77,84,-7
200802060WAS,RS,SAS,2859.6,F,77,85,-8
200802060WAS,RS,SAS,2880.0,,77,85,-8
200802080DEN,RS,DEN,0.0,,0,0,0
200802080DEN,RS,DEN,36.0,,0,2,-2
200802080DEN,RS,DEN,81.0,T,2,2,0
200802080DEN,RS,DEN,157.0,,2,4,-2
200802080DEN,RS,DEN,177.0,,2,6,-4
200802080DEN,RS,DEN,204.0,,5,6,-1
200802080DEN,RS,DEN,235.0,,5,8,-3
200802080DEN,RS,DEN,235.0,,5,9,-4
200802080DEN,RS,DEN,264.0,,5,11,-6
200802080DEN,RS,DEN,293.0,,5,13,-8
200802080DEN,RS,DEN,315.0,,7,13,-6
200802080DEN,RS,DEN,340.0,,7,15,-8
200802080DEN,RS,DEN,416.0,,8,15,-7
200802080DEN,RS,DEN,426.0,,8,17,-9
200802080DEN,RS,DEN,492.0,,8,19,-11
200802080DEN,RS,DEN,519.0,,10,19,-9
200802080DEN,RS,DEN,535.0,,10,20,-10
200802080DEN,RS,DEN,535.0,,10,21,-11
200802080DEN,RS,DEN,551.0,,12,21,-9
200802080DEN,RS,DEN,573.0,,12,24,-12
200802080DEN,RS,DEN,596.0,,12,25,-13
200802080DEN,RS,DEN,596.0,,12,26,-14
200802080DEN,RS,DEN,612.0,,14,26,-12
200802080DEN,RS,DEN,651.0,,14,28,-14
200802080DEN,RS,DEN,665.0,,16,28,-12
200802080DEN,RS,DEN,677.8,,16,30,-14
200802080DEN,RS,DEN,740.0,,16,32,-16
200802080DEN,RS,DEN,773.0,,16,34,-18
200802080DEN,RS,DEN,800.0,,18,34,-16
200802080DEN,RS,DEN,816.0,,18,35,-17
200802080DEN,RS,DEN,835.0,,20,35,-15
200802080DEN,RS,DEN,844.0,,20,37,-17
200802080DEN,RS,DEN,862.0,,22,37,-15
200802080DEN,RS,DEN,894.0,,22,39,-17
200802080DEN,RS,DEN,948.0,,22,41,-19
200802080DEN,RS,DEN,993.0,,24,41,-17
200802080DEN,RS,DEN,993.0,,25,41,-16
200802080DEN,RS,DEN,1025.0,,25,43,-18
200802080DEN,RS,DEN,1045.0,,25,45,-20
200802080DEN,RS,DEN,1045.0,,25,46,-21
200802080DEN,RS,DEN,1059.0,,28,46,-18
200802080DEN,RS,DEN,1135.0,,30,46,-16
200802080DEN,RS,DEN,1169.0,,32,46,-14
200802080DEN,RS,DEN,1209.0,,34,46,-12
200802080DEN,RS,DEN,1242.0,,36,46,-10
200802080DEN,RS,DEN,1254.0,,36,48,-12
200802080DEN,RS,DEN,1254.0,,36,49,-13
200802080DEN,RS,DEN,1267.0,,38,49,-11
200802080DEN,RS,DEN,1273.0,,38,51,-13
200802080DEN,RS,DEN,1307.0,,38,53,-15
200802080DEN,RS,DEN,1323.0,,40,53,-13
200802080DEN,RS,DEN,1332.0,,40,55,-15
200802080DEN,RS,DEN,1349.0,,42,55,-13
200802080DEN,RS,DEN,1349.0,,43,55,-12
200802080DEN,RS,DEN,1359.0,,43,56,-13
200802080DEN,RS,DEN,1390.4,,45,56,-11
200802080DEN,RS,DEN,1414.5,,46,56,-10
200802080DEN,RS,DEN,1438.4,,47,56,-9
200802080DEN,RS,DEN,1489.0,,49,56,-7
200802080DEN,RS,DEN,1498.0,,49,58,-9
200802080DEN,RS,DEN,1516.0,,52,58,-6
200802080DEN,RS,DEN,1563.0,,54,58,-4
200802080DEN,RS,DEN,1576.0,,54,60,-6
200802080DEN,RS,DEN,1593.0,,56,60,-4
200802080DEN,RS,DEN,1609.0,,56,62,-6
200802080DEN,RS,DEN,1640.0,,56,64,-8
200802080DEN,RS,DEN,1670.0,,56,66,-10
200802080DEN,RS,DEN,1691.0,,58,66,-8
200802080DEN,RS,DEN,1722.0,,58,68,-10
200802080DEN,RS,DEN,1744.0,,58,70,-12
200802080DEN,RS,DEN,1744.0,,58,71,-13
200802080DEN,RS,DEN,1789.0,,58,73,-15
200802080DEN,RS,DEN,1804.0,,60,73,-13
200802080DEN,RS,DEN,1829.0,,61,73,-12
200802080DEN,RS,DEN,1829.0,,62,73,-11
200802080DEN,RS,DEN,1841.0,,62,75,-13
200802080DEN,RS,DEN,1871.0,,62,77,-15
200802080DEN,RS,DEN,1921.0,,62,79,-17
200802080DEN,RS,DEN,1963.0,,62,81,-19
200802080DEN,RS,DEN,1979.0,,64,81,-17
200802080DEN,RS,DEN,2022.0,,64,82,-18
200802080DEN,RS,DEN,2022.0,,64,83,-19
200802080DEN,RS,DEN,2045.0,,65,83,-18
200802080DEN,RS,DEN,2045.0,,66,83,-17
200802080DEN,RS,DEN,2056.0,,66,85,-19
200802080DEN,RS,DEN,2075.0,,67,85,-18
200802080DEN,RS,DEN,2075.0,,68,85,-17
200802080DEN,RS,DEN,2101.4,,70,85,-15
200802080DEN,RS,DEN,2112.1,,70,88,-18
200802080DEN,RS,DEN,2118.6,,72,88,-16
200802080DEN,RS,DEN,2180.0,,73,88,-15
200802080DEN,RS,DEN,2180.0,,74,88,-14
200802080DEN,RS,DEN,2231.0,,76,88,-12
200802080DEN,RS,DEN,2310.0,,76,90,-14
200802080DEN,RS,DEN,2322.0,,76,91,-15
200802080DEN,RS,DEN,2322.0,,76,92,-16
200802080DEN,RS,DEN,2339.0,,79,92,-13
200802080DEN,RS,DEN,2395.0,,79,94,-15
200802080DEN,RS,DEN,2411.0,,81,94,-13
200802080DEN,RS,DEN,2497.0,,82,94,-12
200802080DEN,RS,DEN,2520.0,,84,94,-10
200802080DEN,RS,DEN,2539.0,,84,95,-11
200802080DEN,RS,DEN,2539.0,,84,96,-12
200802080DEN,RS,DEN,2574.0,,84,98,-14
200802080DEN,RS,DEN,2598.0,,86,98,-12
200802080DEN,RS,DEN,2622.0,,86,99,-13
200802080DEN,RS,DEN,2622.0,,86,100,-14
200802080DEN,RS,DEN,2639.0,,86,102,-16
200802080DEN,RS,DEN,2655.0,,88,102,-14
200802080DEN,RS,DEN,2685.0,,90,102,-12
200802080DEN,RS,DEN,2735.0,,90,104,-14
200802080DEN,RS,DEN,2755.0,,92,104,-12
200802080DEN,RS,DEN,2767.0,,92,106,-14
200802080DEN,RS,DEN,2777.0,,94,106,-12
200802080DEN,RS,DEN,2796.0,,94,109,-15
200802080DEN,RS,DEN,2805.0,,96,109,-13
200802080DEN,RS,DEN,2816.0,,96,110,-14
200802080DEN,RS,DEN,2816.0,,96,111,-15
200802080DEN,RS,DEN,2834.5,,97,111,-14
200802080DEN,RS,DEN,2834.5,,98,111,-13
200802080DEN,RS,DEN,2868.8,F,100,111,-11
200802080DEN,RS,DEN,2880.0,,100,111,-11
200802100PHO,RS,PHO,0.0,,0,0,0
200802100PHO,RS,PHO,22.0,,2,0,2
200802100PHO,RS,PHO,39.0,T,2,2,0
200802100PHO,RS,PHO,61.0,,4,2,2
200802100PHO,RS,PHO,115.0,T,4,4,0
200802100PHO,RS,PHO,143.0,LC,4,6,-2
200802100PHO,RS,PHO,174.0,,4,8,-4
200802100PHO,RS,PHO,195.0,,6,8,-2
200802100PHO,RS,PHO,219.0,,6,10,-4
200802100PHO,RS,PHO,244.0,,6,12,-6
200802100PHO,RS,PHO,262.0,,8,12,-4
200802100PHO,RS,PHO,283.0,,8,15,-7
200802100PHO,RS,PHO,312.0,,8,16,-8
200802100PHO,RS,PHO,312.0,,8,17,-9
200802100PHO,RS,PHO,352.0,,10,17,-7
200802100PHO,RS,PHO,493.0,,12,17,-5
200802100PHO,RS,PHO,507.0,,13,17,-4
200802100PHO,RS,PHO,507.0,,14,17,-3
200802100PHO,RS,PHO,523.0,,14,19,-5
200802100PHO,RS,PHO,541.0,,16,19,-3
200802100PHO,RS,PHO,560.0,,16,21,-5
200802100PHO,RS,PHO,581.0,,19,21,-2
200802100PHO,RS,PHO,614.0,T,21,21,0
200802100PHO,RS,PHO,628.0,,21,23,-2
200802100PHO,RS,PHO,668.0,,21,25,-4
200802100PHO,RS,PHO,716.6,,21,27,-6
200802100PHO,RS,PHO,750.0,,24,27,-3
200802100PHO,RS,PHO,789.0,,24,30,-6
200802100PHO,RS,PHO,804.0,,25,30,-5
200802100PHO,RS,PHO,804.0,,26,30,-4
200802100PHO,RS,PHO,836.0,,26,32,-6
200802100PHO,RS,PHO,855.0,,28,32,-4
200802100PHO,RS,PHO,878.0,,28,34,-6
200802100PHO,RS,PHO,908.0,,28,36,-8
200802100PHO,RS,PHO,954.0,,30,36,-6
200802100PHO,RS,PHO,1036.0,,32,36,-4
200802100PHO,RS,PHO,1128.0,,32,39,-7
200802100PHO,RS,PHO,1154.0,,32,40,-8
200802100PHO,RS,PHO,1154.0,,32,41,-9
200802100PHO,RS,PHO,1168.0,,33,41,-8
200802100PHO,RS,PHO,1168.0,,34,41,-7
200802100PHO,RS,PHO,1178.0,,34,43,-9
200802100PHO,RS,PHO,1178.0,,34,44,-10
200802100PHO,RS,PHO,1189.0,,37,44,-7
200802100PHO,RS,PHO,1218.0,,37,46,-9
200802100PHO,RS,PHO,1235.0,,39,46,-7
200802100PHO,RS,PHO,1253.0,,39,48,-9
200802100PHO,RS,PHO,1286.0,,40,48,-8
200802100PHO,RS,PHO,1286.0,,41,48,-7
200802100PHO,RS,PHO,1304.0,,41,51,-10
200802100PHO,RS,PHO,1379.0,,42,51,-9
200802100PHO,RS,PHO,1379.0,,43,51,-8
200802100PHO,RS,PHO,1434.4,,45,51,-6
200802100PHO,RS,PHO,1434.4,,46,51,-5
200802100PHO,RS,PHO,1458.0,,46,53,-7
200802100PHO,RS,PHO,1482.0,,48,53,-5
200802100PHO,RS,PHO,1491.0,,48,54,-6
200802100PHO,RS,PHO,1491.0,,48,55,-7
200802100PHO,RS,PHO,1505.0,,50,55,-5
200802100PHO,RS,PHO,1549.0,,50,57,-7
200802100PHO,RS,PHO,1574.0,,51,57,-6
200802100PHO,RS,PHO,1581.0,,54,57,-3
200802100PHO,RS,PHO,1612.0,,56,57,-1
200802100PHO,RS,PHO,1622.0,,56,59,-3
200802100PHO,RS,PHO,1645.0,,56,61,-5
200802100PHO,RS,PHO,1662.0,,58,61,-3
200802100PHO,RS,PHO,1689.0,,58,63,-5
200802100PHO,RS,PHO,1714.0,,60,63,-3
200802100PHO,RS,PHO,1752.0,,60,65,-5
200802100PHO,RS,PHO,1773.0,,62,65,-3
200802100PHO,RS,PHO,1792.0,,63,65,-2
200802100PHO,RS,PHO,1792.0,,64,65,-1
200802100PHO,RS,PHO,1807.0,,64,66,-2
200802100PHO,RS,PHO,1822.0,,65,66,-1
200802100PHO,RS,PHO,1822.0,T,66,66,0
200802100PHO,RS,PHO,1837.0,,66,68,-2
200802100PHO,RS,PHO,1866.0,T,68,68,0
200802100PHO,RS,PHO,1879.0,,68,70,-2
200802100PHO,RS,PHO,1879.0,,68,71,-3
200802100PHO,RS,PHO,1894.0,T,71,71,0
200802100PHO,RS,PHO,1900.0,,71,73,-2
200802100PHO,RS,PHO,1930.0,,71,75,-4
200802100PHO,RS,PHO,1962.0,,71,76,-5
200802100PHO,RS,PHO,1962.0,,71,77,-6
200802100PHO,RS,PHO,1978.0,,73,77,-4
200802100PHO,RS,PHO,1991.0,,73,80,-7
200802100PHO,RS,PHO,2014.0,,75,80,-5
200802100PHO,RS,PHO,2073.0,,78,80,-2
200802100PHO,RS,PHO,2106.7,LC,81,80,1
200802100PHO,RS,PHO,2116.2,LC,81,83,-2
200802100PHO,RS,PHO,2156.7,,81,84,-3
200802100PHO,RS,PHO,2156.7,,81,85,-4
200802100PHO,RS,PHO,2171.0,,83,85,-2
200802100PHO,RS,PHO,2280.0,,83,87,-4
200802100PHO,RS,PHO,2293.0,,85,87,-2
200802100PHO,RS,PHO,2309.0,,85,89,-4
200802100PHO,RS,PHO,2342.0,,87,89,-2
200802100PHO,RS,PHO,2363.0,,87,91,-4
200802100PHO,RS,PHO,2405.0,,87,93,-6
200802100PHO,RS,PHO,2430.0,,87,95,-8
200802100PHO,RS,PHO,2515.0,,88,95,-7
200802100PHO,RS,PHO,2594.0,,88,98,-10
200802100PHO,RS,PHO,2609.0,,89,98,-9
200802100PHO,RS,PHO,2609.0,,90,98,-8
200802100PHO,RS,PHO,2626.0,,90,100,-10
200802100PHO,RS,PHO,2640.0,,92,100,-8
200802100PHO,RS,PHO,2667.0,,94,100,-6
200802100PHO,RS,PHO,2667.0,,95,100,-5
200802100PHO,RS,PHO,2723.0,,97,100,-3
200802100PHO,RS,PHO,2778.0,,97,103,-6
200802100PHO,RS,PHO,2816.0,,99,103,-4
200802100PHO,RS,PHO,2849.3,,99,104,-5
200802100PHO,RS,PHO,2849.3,,99,105,-6
200802100PHO,RS,PHO,2858.5,,102,105,-3
200802100PHO,RS,PHO,2863.8,,102,106,-4
200802100PHO,RS,PHO,2871.2,,103,106,-3
200802100PHO,RS,PHO,2871.2,,104,106,-2
200802100PHO,RS,PHO,2872.5,,104,107,-3
200802100PHO,RS,PHO,2872.5,,104,108,-4
200802100PHO,RS,PHO,2879.9,F,107,108,-1
200802100PHO,RS,PHO,2880.0,,107,108,-1
200802110GSW,RS,GSW,0.0,,0,0,0
200802110GSW,RS,GSW,14.0,,2,0,2
200802110GSW,RS,GSW,40.0,LC,2,3,-1
200802110GSW,RS,GSW,52.0,LC,4,3,1
200802110GSW,RS,GSW,117.0,,6,3,3
200802110GSW,RS,GSW,129.0,T,6,6,0
200802110GSW,RS,GSW,148.0,,8,6,2
200802110GSW,RS,GSW,162.0,T,8,8,0
200802110GSW,RS,GSW,201.0,,9,8,1
200802110GSW,RS,GSW,201.0,,10,8,2
200802110GSW,RS,GSW,229.0,,13,8,5
200802110GSW,RS,GSW,267.0,,14,8,6
200802110GSW,RS,GSW,267.0,,15,8,7
200802110GSW,RS,GSW,278.0,,15,10,5
200802110GSW,RS,GSW,312.0,,17,10,7
200802110GSW,RS,GSW,335.0,,19,10,9
200802110GSW,RS,GSW,353.0,,22,10,12
200802110GSW,RS,GSW,390.0,,25,10,15
200802110GSW,RS,GSW,390.0,,26,10,16
200802110GSW,RS,GSW,407.0,,26,11,15
200802110GSW,RS,GSW,407.0,,26,12,14
200802110GSW,RS,GSW,423.0,,28,12,16
200802110GSW,RS,GSW,469.0,,30,12,18
200802110GSW,RS,GSW,525.0,,30,13,17
200802110GSW,RS,GSW,546.0,,32,13,19
200802110GSW,RS,GSW,618.0,,32,15,17
200802110GSW,RS,GSW,651.0,,32,17,15
200802110GSW,RS,GSW,660.7,,33,17,16
200802110GSW,RS,GSW,660.7,,34,17,17
200802110GSW,RS,GSW,674.1,,34,19,15
200802110GSW,RS,GSW,688.6,,37,19,18
200802110GSW,RS,GSW,696.8,,37,22,15
200802110GSW,RS,GSW,759.0,,37,24,13
200802110GSW,RS,GSW,813.0,,37,26,11
200802110GSW,RS,GSW,840.0,,40,26,14
200802110GSW,RS,GSW,852.0,,40,28,12
200802110GSW,RS,GSW,871.0,,42,28,14
200802110GSW,RS,GSW,878.0,,42,31,11
200802110GSW,RS,GSW,896.0,,45,31,14
200802110GSW,RS,GSW,947.0,,46,31,15
200802110GSW,RS,GSW,947.0,,47,31,16
200802110GSW,RS,GSW,968.0,,48,31,17
200802110GSW,RS,GSW,968.0,,49,31,18
200802110GSW,RS,GSW,985.0,,49,34,15
200802110GSW,RS,GSW,1003.0,,51,34,17
200802110GSW,RS,GSW,1040.0,,51,37,14
200802110GSW,RS,GSW,1065.0,,54,37,17
200802110GSW,RS,GSW,1095.0,,56,37,19
200802110GSW,RS,GSW,1095.0,,57,37,20
200802110GSW,RS,GSW,1107.0,,57,39,18
200802110GSW,RS,GSW,1128.0,,58,39,19
200802110GSW,RS,GSW,1128.0,,59,39,20
200802110GSW,RS,GSW,1141.0,,59,40,19
200802110GSW,RS,GSW,1141.0,,59,41,18
200802110GSW,RS,GSW,1157.0,,61,41,20
200802110GSW,RS,GSW,1180.0,,64,41,23
200802110GSW,RS,GSW,1224.0,,64,43,21
200802110GSW,RS,GSW,1242.0,,66,43,23
200802110GSW,RS,GSW,1255.0,,66,46,20
200802110GSW,RS,GSW,1311.0,,66,48,18
200802110GSW,RS,GSW,1326.0,,67,48,19
200802110GSW,RS,GSW,1326.0,,68,48,20
200802110GSW,RS,GSW,1342.0,,68,50,18
200802110GSW,RS,GSW,1355.0,,69,50,19
200802110GSW,RS,GSW,1372.0,,69,52,17
200802110GSW,RS,GSW,1389.5,,69,53,16
200802110GSW,RS,GSW,1405.8,,69,55,14
200802110GSW,RS,GSW,1420.6,,72,55,17
200802110GSW,RS,GSW,1478.0,,72,57,15
200802110GSW,RS,GSW,1544.0,,72,59,13
200802110GSW,RS,GSW,1574.0,,72,62,10
200802110GSW,RS,GSW,1593.0,,74,62,12
200802110GSW,RS,GSW,1612.0,,76,62,14
200802110GSW,RS,GSW,1649.0,,76,64,12
200802110GSW,RS,GSW,1669.0,,77,64,13
200802110GSW,RS,GSW,1669.0,,78,64,14
200802110GSW,RS,GSW,1684.0,,78,66,12
200802110GSW,RS,GSW,1709.0,,78,67,11
200802110GSW,RS,GSW,1709.0,,78,68,10
200802110GSW,RS,GSW,1734.0,,80,68,12
200802110GSW,RS,GSW,1759.0,,82,68,14
200802110GSW,RS,GSW,1805.0,,82,70,12
200802110GSW,RS,GSW,1833.0,,82,71,11
200802110GSW,RS,GSW,1833.0,,82,72,10
200802110GSW,RS,GSW,1845.0,,84,72,12
200802110GSW,RS,GSW,1867.0,,84,74,10
200802110GSW,RS,GSW,1892.0,,86,74,12
200802110GSW,RS,GSW,1967.0,,88,74,14
200802110GSW,RS,GSW,1982.0,,88,75,13
200802110GSW,RS,GSW,1982.0,,88,76,12
200802110GSW,RS,GSW,2011.0,,88,78,10
200802110GSW,RS,GSW,2053.0,,88,79,9
200802110GSW,RS,GSW,2053.0,,88,80,8
200802110GSW,RS,GSW,2073.0,,90,80,10
200802110GSW,RS,GSW,2090.0,,90,82,8
200802110GSW,RS,GSW,2115.7,,92,82,10
200802110GSW,RS,GSW,2122.0,,92,84,8
200802110GSW,RS,GSW,2159.7,,95,84,11
200802110GSW,RS,GSW,2174.0,,95,86,9
200802110GSW,RS,GSW,2204.0,,95,88,7
200802110GSW,RS,GSW,2219.0,,97,88,9
200802110GSW,RS,GSW,2230.0,,97,90,7
200802110GSW,RS,GSW,2273.0,,97,92,5
200802110GSW,RS,GSW,2292.0,,99,92,7
200802110GSW,RS,GSW,2306.0,,99,94,5
200802110GSW,RS,GSW,2338.0,,100,94,6
200802110GSW,RS,GSW,2385.0,,102,94,8
200802110GSW,RS,GSW,2385.0,,103,94,9
200802110GSW,RS,GSW,2463.0,,105,94,11
200802110GSW,RS,GSW,2475.0,,105,97,8
200802110GSW,RS,GSW,2492.0,,107,97,10
200802110GSW,RS,GSW,2508.0,,107,99,8
200802110GSW,RS,GSW,2540.0,,107,100,7
200802110GSW,RS,GSW,2540.0,,107,101,6
200802110GSW,RS,GSW,2554.0,,108,101,7
200802110GSW,RS,GSW,2554.0,,109,101,8
200802110GSW,RS,GSW,2638.0,,109,103,6
200802110GSW,RS,GSW,2666.0,,111,103,8
200802110GSW,RS,GSW,2672.0,,111,105,6
200802110GSW,RS,GSW,2691.0,,113,105,8
200802110GSW,RS,GSW,2702.0,,113,107,6
200802110GSW,RS,GSW,2732.0,,113,109,4
200802110GSW,RS,GSW,2757.0,,113,110,3
200802110GSW,RS,GSW,2757.0,,113,111,2
200802110GSW,RS,GSW,2820.0,,113,112,1
200802110GSW,RS,GSW,2824.4,LC,113,115,-2
200802110GSW,RS,GSW,2857.4,,113,116,-3
200802110GSW,RS,GSW,2857.4,,113,117,-4
200802110GSW,RS,GSW,2861.6,,115,117,-2
200802110GSW,RS,GSW,2862.5,,115,118,-3
200802110GSW,RS,GSW,2862.5,,115,119,-4
200802110GSW,RS,GSW,2869.4,,117,119,-2
200802110GSW,RS,GSW,2871.5,F,117,120,-3
200802110GSW,RS,GSW,2880.0,,117,120,-3
200802130LAC,RS,LAC,0.0,,0,0,0
200802130LAC,RS,LAC,7.0,,0,2,-2
200802130LAC,RS,LAC,36.0,,0,4,-4
200802130LAC,RS,LAC,75.0,,0,6,-6
200802130LAC,RS,LAC,109.0,,2,6,-4
200802130LAC,RS,LAC,192.0,,4,6,-2
200802130LAC,RS,LAC,201.0,,4,8,-4
200802130LAC,RS,LAC,238.0,,4,11,-7
200802130LAC,RS,LAC,258.0,,6,11,-5
200802130LAC,RS,LAC,297.0,,8,11,-3
200802130LAC,RS,LAC,323.0,,10,11,-1
200802130LAC,RS,LAC,368.0,LC,12,11,1
200802130LAC,RS,LAC,416.0,,14,11,3
200802130LAC,RS,LAC,450.0,,16,11,5
200802130LAC,RS,LAC,513.0,,18,11,7
200802130LAC,RS,LAC,556.0,,18,13,5
200802130LAC,RS,LAC,578.0,,19,13,6
200802130LAC,RS,LAC,612.0,,21,13,8
200802130LAC,RS,LAC,635.0,,21,15,6
200802130LAC,RS,LAC,660.9,,23,15,8
200802130LAC,RS,LAC,692.3,,25,15,10
200802130LAC,RS,LAC,715.0,,25,16,9
200802130LAC,RS,LAC,715.0,,25,17,8
200802130LAC,RS,LAC,871.0,,25,19,6
200802130LAC,RS,LAC,941.0,,27,19,8
200802130LAC,RS,LAC,980.0,,30,19,11
200802130LAC,RS,LAC,1000.0,,32,19,13
200802130LAC,RS,LAC,1000.0,,33,19,14
200802130LAC,RS,LAC,1046.0,,33,20,13
200802130LAC,RS,LAC,1046.0,,33,21,12
200802130LAC,RS,LAC,1073.0,,33,23,10
200802130LAC,RS,LAC,1131.0,,34,23,11
200802130LAC,RS,LAC,1131.0,,35,23,12
200802130LAC,RS,LAC,1150.0,,35,25,10
200802130LAC,RS,LAC,1167.0,,37,25,12
200802130LAC,RS,LAC,1216.0,,38,25,13
200802130LAC,RS,LAC,1237.0,,38,27,11
200802130LAC,RS,LAC,1287.0,,38,30,8
200802130LAC,RS,LAC,1314.0,,40,30,10
200802130LAC,RS,LAC,1341.0,,42,30,12
200802130LAC,RS,LAC,1341.0,,43,30,13
200802130LAC,RS,LAC,1381.4,,43,32,11
200802130LAC,RS,LAC,1397.3,,45,32,13
200802130LAC,RS,LAC,1463.0,,45,33,12
200802130LAC,RS,LAC,1465.0,,45,34,11
200802130LAC,RS,LAC,1465.0,,45,35,10
200802130LAC,RS,LAC,1485.0,,46,35,11
200802130LAC,RS,LAC,1541.0,,47,35,12
200802130LAC,RS,LAC,1541.0,,48,35,13
200802130LAC,RS,LAC,1562.0,,48,37,11
200802130LAC,RS,LAC,1584.0,,50,37,13
200802130LAC,RS,LAC,1606.0,,50,40,10
200802130LAC,RS,LAC,1657.0,,50,42,8
200802130LAC,RS,LAC,1677.0,,52,42,10
200802130LAC,RS,LAC,1695.0,,52,44,8
200802130LAC,RS,LAC,1725.0,,52,46,6
200802130LAC,RS,LAC,1828.0,,54,46,8
200802130LAC,RS,LAC,1844.0,,54,48,6
200802130LAC,RS,LAC,1881.0,,56,48,8
200802130LAC,RS,LAC,1901.0,,56,50,6
200802130LAC,RS,LAC,1949.0,,56,52,4
200802130LAC,RS,LAC,1968.0,,58,52,6
200802130LAC,RS,LAC,2002.0,,58,54,4
200802130LAC,RS,LAC,2002.0,,58,55,3
200802130LAC,RS,LAC,2039.0,,58,57,1
200802130LAC,RS,LAC,2069.0,T,58,58,0
200802130LAC,RS,LAC,2101.3,,59,58,1
200802130LAC,RS,LAC,2119.5,LC,59,60,-1
200802130LAC,RS,LAC,2136.5,LC,61,60,1
200802130LAC,RS,LAC,2194.0,T,61,61,0
200802130LAC,RS,LAC,2194.0,LC,61,62,-1
200802130LAC,RS,LAC,2207.0,T,62,62,0
200802130LAC,RS,LAC,2249.0,LC,64,62,2
200802130LAC,RS,LAC,2272.0,T,64,64,0
200802130LAC,RS,LAC,2327.0,,66,64,2
200802130LAC,RS,LAC,2338.0,,66,65,1
200802130LAC,RS,LAC,2369.0,,68,65,3
200802130LAC,RS,LAC,2369.0,,69,65,4
200802130LAC,RS,LAC,2388.0,,69,67,2
200802130LAC,RS,LAC,2388.0,,69,68,1
200802130LAC,RS,LAC,2428.0,,71,68,3
200802130LAC,RS,LAC,2446.0,,71,70,1
200802130LAC,RS,LAC,2480.0,,73,70,3
200802130LAC,RS,LAC,2480.0,,74,70,4
200802130LAC,RS,LAC,2496.0,,74,71,3
200802130LAC,RS,LAC,2525.0,,76,71,5
200802130LAC,RS,LAC,2603.0,,78,71,7
200802130LAC,RS,LAC,2621.0,,78,73,5
200802130LAC,RS,LAC,2639.0,,80,73,7
200802130LAC,RS,LAC,2662.0,,80,75,5
200802130LAC,RS,LAC,2686.0,,80,77,3
200802130LAC,RS,LAC,2686.0,,80,78,2
200802130LAC,RS,LAC,2721.0,LC,80,81,-1
200802130LAC,RS,LAC,2744.0,T,81,81,0
200802130LAC,RS,LAC,2744.0,LC,82,81,1
200802130LAC,RS,LAC,2763.0,LC,82,83,-1
200802130LAC,RS,LAC,2782.0,LC,85,83,2
200802130LAC,RS,LAC,2791.0,,85,84,1
200802130LAC,RS,LAC,2791.0,T,85,85,0
200802130LAC,RS,LAC,2812.0,,87,85,2
200802130LAC,RS,LAC,2821.7,T,87,87,0
200802130LAC,RS,LAC,2841.4,,89,87,2
200802130LAC,RS,LAC,2854.0,,89,88,1
200802130LAC,RS,LAC,2854.0,T,89,89,0
200802130LAC,RS,LAC,2879.5,F,91,89,2
200802130LAC,RS,LAC,2880.0,,91,89,2
200802190WAS,RS,NYK,0.0,,0,0,0
200802190WAS,RS,NYK,76.0,,0,2,-2
200802190WAS,RS,NYK,131.0,T,2,2,0
200802190WAS,RS,NYK,148.0,,2,4,-2
200802190WAS,RS,NYK,235.0,,2,5,-3
200802190WAS,RS,NYK,235.0,,2,6,-4
200802190WAS,RS,NYK,265.0,,4,6,-2
200802190WAS,RS,NYK,300.0,LC,7,6,1
200802190WAS,RS,NYK,317.0,LC,7,8,-1
200802190WAS,RS,NYK,334.0,LC,9,8,1
200802190WAS,RS,NYK,384.0,,12,8,4
200802190WAS,RS,NYK,426.0,,12,11,1
200802190WAS,RS,NYK,442.0,,14,11,3
200802190WAS,RS,NYK,468.0,,14,13,1
200802190WAS,RS,NYK,489.0,T,14,14,0
200802190WAS,RS,NYK,489.0,LC,14,15,-1
200802190WAS,RS,NYK,510.0,LC,16,15,1
200802190WAS,RS,NYK,545.0,,18,15,3
200802190WAS,RS,NYK,579.0,T,18,18,0
200802190WAS,RS,NYK,646.0,LC,18,20,-2
200802190WAS,RS,NYK,682.4,,18,23,-5
200802190WAS,RS,NYK,717.5,,19,23,-4
200802190WAS,RS,NYK,717.5,,20,23,-3
200802190WAS,RS,NYK,762.0,,21,23,-2
200802190WAS,RS,NYK,797.0,,21,24,-3
200802190WAS,RS,NYK,797.0,,21,25,-4
200802190WAS,RS,NYK,819.0,,24,25,-1
200802190WAS,RS,NYK,840.0,,24,27,-3
200802190WAS,RS,NYK,886.0,,26,27,-1
200802190WAS,RS,NYK,905.0,,26,29,-3
200802190WAS,RS,NYK,925.0,,28,29,-1
200802190WAS,RS,NYK,941.0,,28,31,-3
200802190WAS,RS,NYK,957.0,,30,31,-1
200802190WAS,RS,NYK,1032.0,LC,32,31,1
200802190WAS,RS,NYK,1055.0,LC,32,33,-1
200802190WAS,RS,NYK,1134.0,,32,35,-3
200802190WAS,RS,NYK,1134.0,,32,36,-4
200802190WAS,RS,NYK,1157.0,,33,36,-3
200802190WAS,RS,NYK,1157.0,,34,36,-2
200802190WAS,RS,NYK,1177.0,,34,38,-4
200802190WAS,RS,NYK,1177.0,,34,39,-5
200802190WAS,RS,NYK,1198.0,,37,39,-2
200802190WAS,RS,NYK,1231.0,LC,40,39,1
200802190WAS,RS,NYK,1270.0,,42,39,3
200802190WAS,RS,NYK,1317.0,,42,40,2
200802190WAS,RS,NYK,1327.0,,44,40,4
200802190WAS,RS,NYK,1339.0,,44,42,2
200802190WAS,RS,NYK,1377.0,,45,42,3
200802190WAS,RS,NYK,1377.0,,46,42,4
200802190WAS,RS,NYK,1384.1,,46,44,2
200802190WAS,RS,NYK,1404.1,,48,44,4
200802190WAS,RS,NYK,1427.1,,49,44,5
200802190WAS,RS,NYK,1427.1,,50,44,6
200802190WAS,RS,NYK,1439.4,,50,46,4
200802190WAS,RS,NYK,1488.0,,50,48,2
200802190WAS,RS,NYK,1504.0,,51,48,3
200802190WAS,RS,NYK,1504.0,,52,48,4
200802190WAS,RS,NYK,1521.0,,52,50,2
200802190WAS,RS,NYK,1535.0,,54,50,4
200802190WAS,RS,NYK,1535.0,,55,50,5
200802190WAS,RS,NYK,1545.0,,55,53,2
200802190WAS,RS,NYK,1567.0,,56,53,3
200802190WAS,RS,NYK,1583.0,,56,55,1
200802190WAS,RS,NYK,1653.0,T,56,56,0
200802190WAS,RS,NYK,1653.0,LC,56,57,-1
200802190WAS,RS,NYK,1669.0,LC,58,57,1
200802190WAS,RS,NYK,1718.0,,60,57,3
200802190WAS,RS,NYK,1751.0,,62,57,5
200802190WAS,RS,NYK,1790.0,,64,57,7
200802190WAS,RS,NYK,1829.0,,64,58,6
200802190WAS,RS,NYK,1852.0,,66,58,8
200802190WAS,RS,NYK,1875.0,,66,61,5
200802190WAS,RS,NYK,1918.0,,68,61,7
200802190WAS,RS,NYK,1993.0,,69,61,8
200802190WAS,RS,NYK,1993.0,,70,61,9
200802190WAS,RS,NYK,2006.0,,70,62,8
200802190WAS,RS,NYK,2036.0,,70,63,7
200802190WAS,RS,NYK,2070.0,,70,65,5
200802190WAS,RS,NYK,2158.3,,70,67,3
200802190WAS,RS,NYK,2216.0,,70,68,2
200802190WAS,RS,NYK,2234.0,,72,68,4
200802190WAS,RS,NYK,2282.0,,73,68,5
200802190WAS,RS,NYK,2296.0,,75,68,7
200802190WAS,RS,NYK,2312.0,,75,70,5
200802190WAS,RS,NYK,2329.0,,77,70,7
200802190WAS,RS,NYK,2378.0,,79,70,9
200802190WAS,RS,NYK,2403.0,,79,72,7
200802190WAS,RS,NYK,2429.0,,81,72,9
200802190WAS,RS,NYK,2452.0,,81,74,7
200802190WAS,RS,NYK,2520.0,,81,75,6
200802190WAS,RS,NYK,2520.0,,81,76,5
200802190WAS,RS,NYK,2542.0,,81,77,4
200802190WAS,RS,NYK,2542.0,,81,78,3
200802190WAS,RS,NYK,2579.0,,81,79,2
200802190WAS,RS,NYK,2579.0,,81,80,1
200802190WAS,RS,NYK,2592.0,,83,80,3
200802190WAS,RS,NYK,2624.0,,84,80,4
200802190WAS,RS,NYK,2624.0,,85,80,5
200802190WAS,RS,NYK,2638.0,,85,82,3
200802190WAS,RS,NYK,2659.0,,87,82,5
200802190WAS,RS,NYK,2682.0,,88,82,6
200802190WAS,RS,NYK,2682.0,,89,82,7
200802190WAS,RS,NYK,2705.0,,89,85,4
200802190WAS,RS,NYK,2768.0,,89,86,3
200802190WAS,RS,NYK,2783.0,,90,86,4
200802190WAS,RS,NYK,2797.0,,90,89,1
200802190WAS,RS,NYK,2860.5,T,90,90,0
200802190WAS,RS,NYK,2925.0,LC,90,93,-3
200802190WAS,RS,NYK,2967.0,,90,95,-5
200802190WAS,RS,NYK,2967.0,,90,96,-6
200802190WAS,RS,NYK,2997.0,,90,98,-8
200802190WAS,RS,NYK,3039.0,,90,101,-11
200802190WAS,RS,NYK,3052.0,,93,101,-8
200802190WAS,RS,NYK,3071.0,,93,103,-10
200802190WAS,RS,NYK,3080.0,,95,103,-8
200802190WAS,RS,NYK,3097.0,,95,106,-11
200802190WAS,RS,NYK,3111.0,,97,106,-9
200802190WAS,RS,NYK,3126.2,,97,107,-10
200802190WAS,RS,NYK,3135.6,,97,108,-11
200802190WAS,RS,NYK,3135.6,,97,109,-12
200802190WAS,RS,NYK,3144.6,,97,110,-13
200802190WAS,RS,NYK,3144.6,,97,111,-14
200802190WAS,RS,NYK,3155.4,,100,111,-11
200802190WAS,RS,NYK,3163.2,,100,112,-12
200802190WAS,RS,NYK,3163.2,F,100,113,-13
200802190WAS,RS,NYK,3180.0,,100,113,-13
200802220CLE,RS,CLE,0.0,,0,0,0
200802220CLE,RS,CLE,17.0,,2,0,2
200802220CLE,RS,CLE,36.0,T,2,2,0
200802220CLE,RS,CLE,81.0,,4,2,2
200802220CLE,RS,CLE,117.0,,6,2,4
200802220CLE,RS,CLE,214.0,,9,2,7
200802220CLE,RS,CLE,249.0,,9,4,5
200802220CLE,RS,CLE,287.0,,9,7,2
200802220CLE,RS,CLE,335.0,,11,7,4
200802220CLE,RS,CLE,356.0,,11,10,1
200802220CLE,RS,CLE,374.0,,13,10,3
200802220CLE,RS,CLE,401.0,,15,10,5
200802220CLE,RS,CLE,428.0,,15,12,3
200802220CLE,RS,CLE,516.0,,17,12,5
200802220CLE,RS,CLE,540.0,,17,15,2
200802220CLE,RS,CLE,579.0,,19,15,4
200802220CLE,RS,CLE,593.0,,19,18,1
200802220CLE,RS,CLE,634.0,,20,18,2
200802220CLE,RS,CLE,634.0,,21,18,3
200802220CLE,RS,CLE,674.1,T,21,21,0
200802220CLE,RS,CLE,697.4,,24,21,3
200802220CLE,RS,CLE,717.5,,24,23,1
200802220CLE,RS,CLE,774.0,,25,23,2
200802220CLE,RS,CLE,774.0,,26,23,3
200802220CLE,RS,CLE,814.0,,26,24,2
200802220CLE,RS,CLE,814.0,,26,25,1
200802220CLE,RS,CLE,859.0,LC,26,27,-1
200802220CLE,RS,CLE,887.0,LC,28,27,1
200802220CLE,RS,CLE,932.0,T,28,28,0
200802220CLE,RS,CLE,959.0,LC,28,30,-2
200802220CLE,RS,CLE,1016.0,T,30,30,0
200802220CLE,RS,CLE,1046.0,LC,32,30,2
200802220CLE,RS,CLE,1113.0,,34,30,4
200802220CLE,RS,CLE,1155.0,,34,32,2
200802220CLE,RS,CLE,1192.0,T,34,34,0
200802220CLE,RS,CLE,1255.0,,35,34,1
200802220CLE,RS,CLE,1255.0,,36,34,2
200802220CLE,RS,CLE,1268.0,T,36,36,0
200802220CLE,RS,CLE,1291.0,,38,36,2
200802220CLE,RS,CLE,1300.0,T,38,38,0
200802220CLE,RS,CLE,1323.0,,40,38,2
200802220CLE,RS,CLE,1404.5,LC,40,41,-1
200802220CLE,RS,CLE,1425.0,LC,42,41,1
200802220CLE,RS,CLE,1438.8,LC,42,43,-1
200802220CLE,RS,CLE,1457.0,,42,46,-4
200802220CLE,RS,CLE,1568.0,,44,46,-2
200802220CLE,RS,CLE,1589.0,,44,48,-4
200802220CLE,RS,CLE,1613.0,,46,48,-2
200802220CLE,RS,CLE,1667.0,,46,51,-5
200802220CLE,RS,CLE,1703.0,,46,53,-7
200802220CLE,RS,CLE,1734.0,,46,54,-8
200802220CLE,RS,CLE,1734.0,,46,55,-9
200802220CLE,RS,CLE,1744.0,,48,55,-7
200802220CLE,RS,CLE,1744.0,,49,55,-6
200802220CLE,RS,CLE,1772.0,,49,58,-9
200802220CLE,RS,CLE,1793.0,,51,58,-7
200802220CLE,RS,CLE,1831.0,,53,58,-5
200802220CLE,RS,CLE,1873.0,,53,60,-7
200802220CLE,RS,CLE,1893.0,,55,60,-5
200802220CLE,RS,CLE,1917.0,,55,61,-6
200802220CLE,RS,CLE,1935.0,,58,61,-3
200802220CLE,RS,CLE,1974.0,T,61,61,0
200802220CLE,RS,CLE,2026.0,LC,63,61,2
200802220CLE,RS,CLE,2052.0,T,63,63,0
200802220CLE,RS,CLE,2099.0,LC,63,65,-2
200802220CLE,RS,CLE,2117.3,T,65,65,0
200802220CLE,RS,CLE,2128.9,,65,66,-1
200802220CLE,RS,CLE,2128.9,,65,67,-2
200802220CLE,RS,CLE,2206.0,T,67,67,0
200802220CLE,RS,CLE,2233.0,,67,70,-3
200802220CLE,RS,CLE,2256.0,,69,70,-1
200802220CLE,RS,CLE,2295.0,,69,72,-3
200802220CLE,RS,CLE,2319.0,,71,72,-1
200802220CLE,RS,CLE,2350.0,T,72,72,0
200802220CLE,RS,CLE,2368.0,,72,75,-3
200802220CLE,RS,CLE,2395.0,,73,75,-2
200802220CLE,RS,CLE,2424.0,T,75,75,0
200802220CLE,RS,CLE,2424.0,LC,76,75,1
200802220CLE,RS,CLE,2458.0,,77,75,2
200802220CLE,RS,CLE,2458.0,,78,75,3
200802220CLE,RS,CLE,2511.0,T,78,78,0
200802220CLE,RS,CLE,2564.0,,79,78,1
200802220CLE,RS,CLE,2611.0,LC,79,80,-1
200802220CLE,RS,CLE,2642.0,,79,82,-3
200802220CLE,RS,CLE,2654.0,,80,82,-2
200802220CLE,RS,CLE,2654.0,,81,82,-1
200802220CLE,RS,CLE,2666.0,,81,84,-3
200802220CLE,RS,CLE,2678.0,,82,84,-2
200802220CLE,RS,CLE,2678.0,,83,84,-1
200802220CLE,RS,CLE,2720.0,LC,85,84,1
200802220CLE,RS,CLE,2750.0,LC,85,86,-1
200802220CLE,RS,CLE,2778.0,,85,88,-3
200802220CLE,RS,CLE,2797.0,,86,88,-2
200802220CLE,RS,CLE,2797.0,,87,88,-1
200802220CLE,RS,CLE,2819.0,T,88,88,0
200802220CLE,RS,CLE,2819.0,LC,89,88,1
200802220CLE,RS,CLE,2872.2,T,89,89,0
200802220CLE,RS,CLE,2872.2,F,89,90,-1
200802220CLE,RS,CLE,2880.0,,89,90,-1
200802230WAS,RS,CHA,0.0,,0,0,0
200802230WAS,RS,CHA,39.0,,1,0,1
200802230WAS,RS,CHA,39.0,,2,0,2
200802230WAS,RS,CHA,55.0,,2,1,1
200802230WAS,RS,CHA,55.0,T,2,2,0
200802230WAS,RS,CHA,67.0,,4,2,2
200802230WAS,RS,CHA,88.0,T,4,4,0
200802230WAS,RS,CHA,110.0,,6,4,2
200802230WAS,RS,CHA,136.0,T,6,6,0
200802230WAS,RS,CHA,168.0,LC,6,9,-3
200802230WAS,RS,CHA,191.0,,8,9,-1
200802230WAS,RS,CHA,219.0,,8,11,-3
200802230WAS,RS,CHA,240.0,,10,11,-1
200802230WAS,RS,CHA,260.0,LC,12,11,1
200802230WAS,RS,CHA,260.0,,13,11,2
200802230WAS,RS,CHA,279.0,T,13,13,0
200802230WAS,RS,CHA,287.0,,15,13,2
200802230WAS,RS,CHA,332.0,,17,13,4
200802230WAS,RS,CHA,366.0,,17,15,2
200802230WAS,RS,CHA,412.0,T,17,17,0
200802230WAS,RS,CHA,428.0,,19,17,2
200802230WAS,RS,CHA,486.0,,21,17,4
200802230WAS,RS,CHA,504.0,,21,19,2
200802230WAS,RS,CHA,535.0,,22,19,3
200802230WAS,RS,CHA,535.0,,23,19,4
200802230WAS,RS,CHA,552.0,,23,21,2
200802230WAS,RS,CHA,552.0,,23,22,1
200802230WAS,RS,CHA,577.0,,25,22,3
200802230WAS,RS,CHA,596.0,T,25,25,0
200802230WAS,RS,CHA,617.0,,27,25,2
200802230WAS,RS,CHA,642.0,T,27,27,0
200802230WAS,RS,CHA,684.4,,28,27,1
200802230WAS,RS,CHA,744.0,,30,27,3
200802230WAS,RS,CHA,770.0,,32,27,5
200802230WAS,RS,CHA,805.0,,34,27,7
200802230WAS,RS,CHA,827.0,,34,30,4
200802230WAS,RS,CHA,856.0,,36,30,6
200802230WAS,RS,CHA,871.0,,38,30,8
200802230WAS,RS,CHA,888.0,,38,31,7
200802230WAS,RS,CHA,888.0,,38,32,6
200802230WAS,RS,CHA,910.0,,38,34,4
200802230WAS,RS,CHA,929.0,,40,34,6
200802230WAS,RS,CHA,1009.0,,42,34,8
200802230WAS,RS,CHA,1031.0,,42,36,6
200802230WAS,RS,CHA,1064.0,,42,37,5
200802230WAS,RS,CHA,1064.0,,42,38,4
200802230WAS,RS,CHA,1084.0,,42,41,1
200802230WAS,RS,CHA,1142.0,LC,42,43,-1
200802230WAS,RS,CHA,1185.0,LC,44,43,1
200802230WAS,RS,CHA,1204.0,LC,44,45,-1
200802230WAS,RS,CHA,1248.0,,44,47,-3
200802230WAS,RS,CHA,1269.0,,45,47,-2
200802230WAS,RS,CHA,1269.0,,46,47,-1
200802230WAS,RS,CHA,1282.0,,46,48,-2
200802230WAS,RS,CHA,1289.0,,46,50,-4
200802230WAS,RS,CHA,1321.0,,46,52,-6
200802230WAS,RS,CHA,1322.0,,47,52,-5
200802230WAS,RS,CHA,1341.0,,49,52,-3
200802230WAS,RS,CHA,1379.0,,51,52,-1
200802230WAS,RS,CHA,1459.0,LC,53,52,1
200802230WAS,RS,CHA,1488.0,,55,52,3
200802230WAS,RS,CHA,1509.0,,55,54,1
200802230WAS,RS,CHA,1526.0,,57,54,3
200802230WAS,RS,CHA,1548.0,,57,56,1
200802230WAS,RS,CHA,1566.0,,59,56,3
200802230WAS,RS,CHA,1587.0,,59,58,1
200802230WAS,RS,CHA,1623.0,LC,59,60,-1
200802230WAS,RS,CHA,1672.0,,59,62,-3
200802230WAS,RS,CHA,1733.0,,61,62,-1
200802230WAS,RS,CHA,1774.0,LC,63,62,1
200802230WAS,RS,CHA,1774.0,,64,62,2
200802230WAS,RS,CHA,1800.0,T,64,64,0
200802230WAS,RS,CHA,1818.0,,65,64,1
200802230WAS,RS,CHA,1818.0,,66,64,2
200802230WAS,RS,CHA,1847.0,,66,65,1
200802230WAS,RS,CHA,1867.0,,68,65,3
200802230WAS,RS,CHA,1883.0,,68,66,2
200802230WAS,RS,CHA,1883.0,,68,67,1
200802230WAS,RS,CHA,1906.0,,70,67,3
200802230WAS,RS,CHA,1948.0,,70,69,1
200802230WAS,RS,CHA,1969.0,,72,69,3
200802230WAS,RS,CHA,2037.0,,75,69,6
200802230WAS,RS,CHA,2066.0,,76,69,7
200802230WAS,RS,CHA,2084.0,,76,71,5
200802230WAS,RS,CHA,2124.6,,78,71,7
200802230WAS,RS,CHA,2191.0,,81,71,10
200802230WAS,RS,CHA,2228.0,,84,71,13
200802230WAS,RS,CHA,2262.0,,84,72,12
200802230WAS,RS,CHA,2262.0,,84,73,11
200802230WAS,RS,CHA,2309.0,,84,75,9
200802230WAS,RS,CHA,2327.0,,86,75,11
200802230WAS,RS,CHA,2341.0,,86,76,10
200802230WAS,RS,CHA,2341.0,,86,77,9
200802230WAS,RS,CHA,2371.0,,86,79,7
200802230WAS,RS,CHA,2392.0,,88,79,9
200802230WAS,RS,CHA,2422.0,,91,79,12
200802230WAS,RS,CHA,2433.0,,91,81,10
200802230WAS,RS,CHA,2462.0,,91,83,8
200802230WAS,RS,CHA,2510.0,,91,84,7
200802230WAS,RS,CHA,2546.0,,93,84,9
200802230WAS,RS,CHA,2559.0,,93,85,8
200802230WAS,RS,CHA,2580.0,,95,85,10
200802230WAS,RS,CHA,2599.0,,95,87,8
200802230WAS,RS,CHA,2622.0,,98,87,11
200802230WAS,RS,CHA,2650.0,,101,87,14
200802230WAS,RS,CHA,2671.0,,101,89,12
200802230WAS,RS,CHA,2698.0,,101,91,10
200802230WAS,RS,CHA,2723.0,,103,91,12
200802230WAS,RS,CHA,2763.0,,105,91,14
200802230WAS,RS,CHA,2774.0,,105,93,12
200802230WAS,RS,CHA,2793.0,,106,93,13
200802230WAS,RS,CHA,2806.0,,108,93,15
200802230WAS,RS,CHA,2821.0,,108,95,13
200802230WAS,RS,CHA,2836.7,F,110,95,15
200802230WAS,RS,CHA,2880.0,,110,95,15
200802250NOH,RS,NOH,0.0,,0,0,0
200802250NOH,RS,NOH,56.0,,2,0,2
200802250NOH,RS,NOH,71.0,LC,2,3,-1
200802250NOH,RS,NOH,152.0,,2,5,-3
200802250NOH,RS,NOH,211.0,,4,5,-1
200802250NOH,RS,NOH,237.0,,4,7,-3
200802250NOH,RS,NOH,300.0,,4,9,-5
200802250NOH,RS,NOH,356.0,,7,9,-2
200802250NOH,RS,NOH,391.0,T,9,9,0
200802250NOH,RS,NOH,407.0,,9,11,-2
200802250NOH,RS,NOH,430.0,T,11,11,0
200802250NOH,RS,NOH,444.0,,11,14,-3
200802250NOH,RS,NOH,466.0,,13,14,-1
200802250NOH,RS,NOH,486.0,,13,17,-4
200802250NOH,RS,NOH,500.0,,15,17,-2
200802250NOH,RS,NOH,519.0,,15,19,-4
200802250NOH,RS,NOH,540.0,,15,21,-6
200802250NOH,RS,NOH,581.0,,15,24,-9
200802250NOH,RS,NOH,607.0,,17,24,-7
200802250NOH,RS,NOH,607.0,,18,24,-6
200802250NOH,RS,NOH,675.1,,18,26,-8
200802250NOH,RS,NOH,697.2,,18,28,-10
200802250NOH,RS,NOH,718.0,,20,28,-8
200802250NOH,RS,NOH,753.0,,23,28,-5
200802250NOH,RS,NOH,788.0,,23,30,-7
200802250NOH,RS,NOH,863.0,,26,30,-4
200802250NOH,RS,NOH,890.0,,27,30,-3
200802250NOH,RS,NOH,902.0,,27,32,-5
200802250NOH,RS,NOH,913.0,,29,32,-3
200802250NOH,RS,NOH,945.0,,30,32,-2
200802250NOH,RS,NOH,945.0,,31,32,-1
200802250NOH,RS,NOH,962.0,,31,34,-3
200802250NOH,RS,NOH,962.0,,31,35,-4
200802250NOH,RS,NOH,1034.0,,31,37,-6
200802250NOH,RS,NOH,1073.0,,31,39,-8
200802250NOH,RS,NOH,1088.0,,33,39,-6
200802250NOH,RS,NOH,1138.0,,33,42,-9
200802250NOH,RS,NOH,1160.0,,35,42,-7
200802250NOH,RS,NOH,1211.0,,35,44,-9
200802250NOH,RS,NOH,1253.0,,35,47,-12
200802250NOH,RS,NOH,1285.0,,35,50,-15
200802250NOH,RS,NOH,1298.0,,37,50,-13
200802250NOH,RS,NOH,1331.0,,39,50,-11
200802250NOH,RS,NOH,1375.0,,41,50,-9
200802250NOH,RS,NOH,1424.3,,41,51,-10
200802250NOH,RS,NOH,1424.3,,41,52,-11
200802250NOH,RS,NOH,1485.0,,43,52,-9
200802250NOH,RS,NOH,1502.0,,43,53,-10
200802250NOH,RS,NOH,1551.0,,45,53,-8
200802250NOH,RS,NOH,1578.0,,48,53,-5
200802250NOH,RS,NOH,1636.0,,49,53,-4
200802250NOH,RS,NOH,1636.0,,50,53,-3
200802250NOH,RS,NOH,1654.0,,50,56,-6
200802250NOH,RS,NOH,1673.0,,52,56,-4
200802250NOH,RS,NOH,1702.0,,55,56,-1
200802250NOH,RS,NOH,1720.0,,55,58,-3
200802250NOH,RS,NOH,1720.0,,55,59,-4
200802250NOH,RS,NOH,1744.0,,55,61,-6
200802250NOH,RS,NOH,1768.0,,56,61,-5
200802250NOH,RS,NOH,1857.0,,56,62,-6
200802250NOH,RS,NOH,1857.0,,56,63,-7
200802250NOH,RS,NOH,1894.0,,56,65,-9
200802250NOH,RS,NOH,1921.0,,58,65,-7
200802250NOH,RS,NOH,1955.0,,59,65,-6
200802250NOH,RS,NOH,1955.0,,60,65,-5
200802250NOH,RS,NOH,1987.0,,60,67,-7
200802250NOH,RS,NOH,2005.0,,62,67,-5
200802250NOH,RS,NOH,2029.0,,64,67,-3
200802250NOH,RS,NOH,2055.0,,64,68,-4
200802250NOH,RS,NOH,2055.0,,64,69,-5
200802250NOH,RS,NOH,2094.0,,66,69,-3
200802250NOH,RS,NOH,2110.9,,66,71,-5
200802250NOH,RS,NOH,2156.5,,68,71,-3
200802250NOH,RS,NOH,2160.0,,68,74,-6
200802250NOH,RS,NOH,2185.0,,69,74,-5
200802250NOH,RS,NOH,2185.0,,70,74,-4
200802250NOH,RS,NOH,2205.0,,70,75,-5
200802250NOH,RS,NOH,2292.0,,70,77,-7
200802250NOH,RS,NOH,2311.0,,72,77,-5
200802250NOH,RS,NOH,2311.0,,73,77,-4
200802250NOH,RS,NOH,2437.0,,73,79,-6
200802250NOH,RS,NOH,2455.0,,75,79,-4
200802250NOH,RS,NOH,2455.0,,76,79,-3
200802250NOH,RS,NOH,2478.0,,77,79,-2
200802250NOH,RS,NOH,2478.0,,78,79,-1
200802250NOH,RS,NOH,2490.0,,78,81,-3
200802250NOH,RS,NOH,2490.0,,78,82,-4
200802250NOH,RS,NOH,2503.0,,80,82,-2
200802250NOH,RS,NOH,2521.0,,80,84,-4
200802250NOH,RS,NOH,2558.0,,81,84,-3
200802250NOH,RS,NOH,2558.0,,82,84,-2
200802250NOH,RS,NOH,2605.0,T,84,84,0
200802250NOH,RS,NOH,2626.0,,84,86,-2
200802250NOH,RS,NOH,2672.0,,85,86,-1
200802250NOH,RS,NOH,2672.0,T,86,86,0
200802250NOH,RS,NOH,2687.0,,86,88,-2
200802250NOH,RS,NOH,2744.0,T,88,88,0
200802250NOH,RS,NOH,2813.0,,88,91,-3
200802250NOH,RS,NOH,2828.2,,90,91,-1
200802250NOH,RS,NOH,2865.6,T,91,91,0
200802250NOH,RS,NOH,2865.6,LC,92,91,1
200802250NOH,RS,NOH,2872.7,T,92,92,0
200802250NOH,RS,NOH,2880.0,,95,92,3
200802250NOH,RS,NOH,2880.0,F,95,92,3
200802260HOU,RS,HOU,0.0,,0,0,0
200802260HOU,RS,HOU,22.0,,0,2,-2
200802260HOU,RS,HOU,66.0,,0,5,-5
200802260HOU,RS,HOU,89.0,,0,7,-7
200802260HOU,RS,HOU,117.0,,2,7,-5
200802260HOU,RS,HOU,188.0,,2,9,-7
200802260HOU,RS,HOU,311.0,,3,9,-6
200802260HOU,RS,HOU,334.0,,3,11,-8
200802260HOU,RS,HOU,352.0,,5,11,-6
200802260HOU,RS,HOU,406.0,,5,13,-8
200802260HOU,RS,HOU,480.0,,5,15,-10
200802260HOU,RS,HOU,522.0,,7,15,-8
200802260HOU,RS,HOU,543.0,,7,18,-11
200802260HOU,RS,HOU,582.0,,7,20,-13
200802260HOU,RS,HOU,612.0,,7,22,-15
200802260HOU,RS,HOU,631.0,,9,22,-13
200802260HOU,RS,HOU,663.7,,10,22,-12
200802260HOU,RS,HOU,697.5,,12,22,-10
200802260HOU,RS,HOU,714.2,,12,24,-12
200802260HOU,RS,HOU,791.0,,14,24,-10
200802260HOU,RS,HOU,853.0,,14,25,-11
200802260HOU,RS,HOU,888.0,,14,27,-13
200802260HOU,RS,HOU,926.0,,16,27,-11
200802260HOU,RS,HOU,941.0,,16,30,-14
200802260HOU,RS,HOU,970.0,,16,33,-17
200802260HOU,RS,HOU,1046.0,,16,35,-19
200802260HOU,RS,HOU,1130.0,,16,37,-21
200802260HOU,RS,HOU,1194.0,,18,37,-19
200802260HOU,RS,HOU,1207.0,,18,39,-21
200802260HOU,RS,HOU,1257.0,,18,41,-23
200802260HOU,RS,HOU,1303.0,,18,43,-25
200802260HOU,RS,HOU,1332.0,,18,45,-27
200802260HOU,RS,HOU,1367.0,,18,46,-28
200802260HOU,RS,HOU,1372.0,,18,49,-31
200802260HOU,RS,HOU,1390.1,,20,49,-29
200802260HOU,RS,HOU,1390.1,,21,49,-28
200802260HOU,RS,HOU,1410.7,,23,49,-26
200802260HOU,RS,HOU,1433.1,,23,51,-28
200802260HOU,RS,HOU,1474.0,,26,51,-25
200802260HOU,RS,HOU,1513.0,,28,51,-23
200802260HOU,RS,HOU,1525.0,,28,53,-25
200802260HOU,RS,HOU,1582.0,,28,55,-27
200802260HOU,RS,HOU,1605.0,,30,55,-25
200802260HOU,RS,HOU,1639.0,,32,55,-23
200802260HOU,RS,HOU,1658.0,,32,57,-25
200802260HOU,RS,HOU,1676.0,,34,57,-23
200802260HOU,RS,HOU,1697.0,,34,59,-25
200802260HOU,RS,HOU,1724.0,,34,61,-27
200802260HOU,RS,HOU,1754.0,,37,61,-24
200802260HOU,RS,HOU,1787.0,,39,61,-22
200802260HOU,RS,HOU,1809.0,,39,63,-24
200802260HOU,RS,HOU,1862.0,,41,63,-22
200802260HOU,RS,HOU,1914.0,,44,63,-19
200802260HOU,RS,HOU,1939.0,,44,64,-20
200802260HOU,RS,HOU,1952.0,,46,64,-18
200802260HOU,RS,HOU,1990.0,,46,65,-19
200802260HOU,RS,HOU,1990.0,,46,66,-20
200802260HOU,RS,HOU,2009.0,,49,66,-17
200802260HOU,RS,HOU,2087.0,,49,68,-19
200802260HOU,RS,HOU,2180.0,,49,70,-21
200802260HOU,RS,HOU,2197.0,,51,70,-19
200802260HOU,RS,HOU,2247.0,,51,71,-20
200802260HOU,RS,HOU,2298.0,,51,73,-22
200802260HOU,RS,HOU,2335.0,,51,75,-24
200802260HOU,RS,HOU,2385.0,,53,75,-22
200802260HOU,RS,HOU,2398.0,,53,77,-24
200802260HOU,RS,HOU,2460.0,,54,77,-23
200802260HOU,RS,HOU,2460.0,,55,77,-22
200802260HOU,RS,HOU,2470.0,,55,79,-24
200802260HOU,RS,HOU,2492.0,,56,79,-23
200802260HOU,RS,HOU,2517.0,,56,80,-24
200802260HOU,RS,HOU,2557.0,,56,82,-26
200802260HOU,RS,HOU,2564.0,,58,82,-24
200802260HOU,RS,HOU,2564.0,,59,82,-23
200802260HOU,RS,HOU,2619.0,,61,82,-21
200802260HOU,RS,HOU,2643.0,,61,85,-24
200802260HOU,RS,HOU,2666.0,,62,85,-23
200802260HOU,RS,HOU,2666.0,,63,85,-22
200802260HOU,RS,HOU,2699.0,,63,87,-24
200802260HOU,RS,HOU,2763.0,,64,87,-23
200802260HOU,RS,HOU,2763.0,,65,87,-22
200802260HOU,RS,HOU,2786.0,,65,89,-24
200802260HOU,RS,HOU,2820.0,,65,92,-27
200802260HOU,RS,HOU,2833.2,,67,92,-25
200802260HOU,RS,HOU,2833.2,,68,92,-24
200802260HOU,RS,HOU,2841.8,,68,94,-26
200802260HOU,RS,HOU,2852.3,F,69,94,-25
200802260HOU,RS,HOU,2880.0,,69,94,-25
200802290CHI,RS,CHI,0.0,,0,0,0
200802290CHI,RS,CHI,24.0,,0,2,-2
200802290CHI,RS,CHI,100.0,,0,4,-4
200802290CHI,RS,CHI,128.0,,0,6,-6
200802290CHI,RS,CHI,162.0,,2,6,-4
200802290CHI,RS,CHI,189.0,,2,8,-6
200802290CHI,RS,CHI,208.0,,3,8,-5
200802290CHI,RS,CHI,219.0,,3,11,-8
200802290CHI,RS,CHI,234.0,,4,11,-7
200802290CHI,RS,CHI,234.0,,5,11,-6
200802290CHI,RS,CHI,258.0,,7,11,-4
200802290CHI,RS,CHI,301.0,,9,11,-2
200802290CHI,RS,CHI,372.0,,9,13,-4
200802290CHI,RS,CHI,394.0,,11,13,-2
200802290CHI,RS,CHI,416.0,T,13,13,0
200802290CHI,RS,CHI,449.0,,13,15,-2
200802290CHI,RS,CHI,467.0,,14,15,-1
200802290CHI,RS,CHI,480.0,,14,17,-3
200802290CHI,RS,CHI,480.0,,14,18,-4
200802290CHI,RS,CHI,492.0,,16,18,-2
200802290CHI,RS,CHI,507.0,T,18,18,0
200802290CHI,RS,CHI,525.0,,18,20,-2
200802290CHI,RS,CHI,550.0,,18,22,-4
200802290CHI,RS,CHI,581.0,,18,24,-6
200802290CHI,RS,CHI,616.0,,18,26,-8
200802290CHI,RS,CHI,635.0,,20,26,-6
200802290CHI,RS,CHI,663.5,,21,26,-5
200802290CHI,RS,CHI,663.5,,22,26,-4
200802290CHI,RS,CHI,691.9,,22,27,-5
200802290CHI,RS,CHI,691.9,,22,28,-6
200802290CHI,RS,CHI,715.0,,23,28,-5
200802290CHI,RS,CHI,717.0,,23,29,-6
200802290CHI,RS,CHI,717.0,,23,30,-7
200802290CHI,RS,CHI,816.0,,23,31,-8
200802290CHI,RS,CHI,816.0,,23,32,-9
200802290CHI,RS,CHI,846.0,,23,34,-11
200802290CHI,RS,CHI,877.0,,24,34,-10
200802290CHI,RS,CHI,889.0,,24,36,-12
200802290CHI,RS,CHI,920.0,,24,38,-14
200802290CHI,RS,CHI,945.0,,26,38,-12
200802290CHI,RS,CHI,988.0,,28,38,-10
200802290CHI,RS,CHI,1013.0,,28,40,-12
200802290CHI,RS,CHI,1099.0,,30,40,-10
200802290CHI,RS,CHI,1154.0,,30,42,-12
200802290CHI,RS,CHI,1229.0,,30,44,-14
200802290CHI,RS,CHI,1258.0,,30,46,-16
200802290CHI,RS,CHI,1363.0,,30,48,-18
200802290CHI,RS,CHI,1380.9,,30,49,-19
200802290CHI,RS,CHI,1380.9,,31,49,-18
200802290CHI,RS,CHI,1380.9,,32,49,-17
200802290CHI,RS,CHI,1388.5,,32,52,-20
200802290CHI,RS,CHI,1399.2,,34,52,-18
200802290CHI,RS,CHI,1479.0,,36,52,-16
200802290CHI,RS,CHI,1512.0,,39,52,-13
200802290CHI,RS,CHI,1538.0,,41,52,-11
200802290CHI,RS,CHI,1570.0,,43,52,-9
200802290CHI,RS,CHI,1570.0,,44,52,-8
200802290CHI,RS,CHI,1623.0,,44,53,-9
200802290CHI,RS,CHI,1664.0,,46,53,-7
200802290CHI,RS,CHI,1734.0,,48,53,-5
200802290CHI,RS,CHI,1763.0,,50,53,-3
200802290CHI,RS,CHI,1785.0,,52,53,-1
200802290CHI,RS,CHI,1825.0,LC,54,53,1
200802290CHI,RS,CHI,1849.0,,56,53,3
200802290CHI,RS,CHI,1870.0,,56,55,1
200802290CHI,RS,CHI,1884.0,LC,56,57,-1
200802290CHI,RS,CHI,1929.0,LC,58,57,1
200802290CHI,RS,CHI,1956.0,T,58,58,0
200802290CHI,RS,CHI,1956.0,LC,58,59,-1
200802290CHI,RS,CHI,1973.0,T,59,59,0
200802290CHI,RS,CHI,1973.0,LC,60,59,1
200802290CHI,RS,CHI,1990.0,LC,60,62,-2
200802290CHI,RS,CHI,2008.0,,60,64,-4
200802290CHI,RS,CHI,2024.0,,62,64,-2
200802290CHI,RS,CHI,2024.0,,63,64,-1
200802290CHI,RS,CHI,2062.0,LC,65,64,1
200802290CHI,RS,CHI,2082.0,,67,64,3
200802290CHI,RS,CHI,2111.8,,69,64,5
200802290CHI,RS,CHI,2152.5,,69,65,4
200802290CHI,RS,CHI,2152.5,,69,66,3
200802290CHI,RS,CHI,2203.0,,70,66,4
200802290CHI,RS,CHI,2203.0,,71,66,5
200802290CHI,RS,CHI,2220.0,,71,68,3
200802290CHI,RS,CHI,2242.0,,73,68,5
200802290CHI,RS,CHI,2296.0,,75,68,7
200802290CHI,RS,CHI,2333.0,,75,70,5
200802290CHI,RS,CHI,2355.0,,75,72,3
200802290CHI,RS,CHI,2399.0,,77,72,5
200802290CHI,RS,CHI,2445.0,,77,74,3
200802290CHI,RS,CHI,2463.0,,79,74,5
200802290CHI,RS,CHI,2494.0,,79,77,2
200802290CHI,RS,CHI,2546.0,,81,77,4
200802290CHI,RS,CHI,2566.0,,81,80,1
200802290CHI,RS,CHI,2584.0,,82,80,2
200802290CHI,RS,CHI,2584.0,,83,80,3
200802290CHI,RS,CHI,2622.0,,83,82,1
200802290CHI,RS,CHI,2665.0,T,83,83,0
200802290CHI,RS,CHI,2665.0,LC,83,84,-1
200802290CHI,RS,CHI,2676.0,T,84,84,0
200802290CHI,RS,CHI,2713.0,LC,85,84,1
200802290CHI,RS,CHI,2715.0,,87,84,3
200802290CHI,RS,CHI,2754.0,,89,84,5
200802290CHI,RS,CHI,2771.0,,89,87,2
200802290CHI,RS,CHI,2780.0,,90,87,3
200802290CHI,RS,CHI,2780.0,,91,87,4
200802290CHI,RS,CHI,2806.0,,93,87,6
200802290CHI,RS,CHI,2819.0,,93,88,5
200802290CHI,RS,CHI,2840.1,,93,91,2
200802290CHI,RS,CHI,2853.0,,95,91,4
200802290CHI,RS,CHI,2853.0,,96,91,5
200802290CHI,RS,CHI,2865.4,F,97,91,6
200802290CHI,RS,CHI,2880.0,,97,91,6
200803020WAS,RS,NOH,0.0,,0,0,0
200803020WAS,RS,NOH,59.0,,0,2,-2
200803020WAS,RS,NOH,74.0,T,2,2,0
200803020WAS,RS,NOH,95.0,,2,4,-2
200803020WAS,RS,NOH,112.0,T,4,4,0
200803020WAS,RS,NOH,147.0,,4,7,-3
200803020WAS,RS,NOH,176.0,,6,7,-1
200803020WAS,RS,NOH,194.0,,6,9,-3
200803020WAS,RS,NOH,225.0,,6,11,-5
200803020WAS,RS,NOH,239.0,,8,11,-3
200803020WAS,RS,NOH,305.0,,10,11,-1
200803020WAS,RS,NOH,375.0,LC,12,11,1
200803020WAS,RS,NOH,405.0,,14,11,3
200803020WAS,RS,NOH,446.0,,14,12,2
200803020WAS,RS,NOH,507.0,,16,12,4
200803020WAS,RS,NOH,525.0,,16,14,2
200803020WAS,RS,NOH,557.0,T,16,16,0
200803020WAS,RS,NOH,583.0,,18,16,2
200803020WAS,RS,NOH,631.0,T,18,18,0
200803020WAS,RS,NOH,660.0,LC,18,20,-2
200803020WAS,RS,NOH,733.0,,19,20,-1
200803020WAS,RS,NOH,733.0,T,20,20,0
200803020WAS,RS,NOH,762.0,,20,22,-2
200803020WAS,RS,NOH,787.0,T,22,22,0
200803020WAS,RS,NOH,816.0,LC,24,22,2
200803020WAS,RS,NOH,868.0,T,24,24,0
200803020WAS,RS,NOH,883.0,,26,24,2
200803020WAS,RS,NOH,946.0,,27,24,3
200803020WAS,RS,NOH,946.0,,28,24,4
200803020WAS,RS,NOH,964.0,,28,26,2
200803020WAS,RS,NOH,981.0,,30,26,4
200803020WAS,RS,NOH,1003.0,,32,26,6
200803020WAS,RS,NOH,1018.0,,32,27,5
200803020WAS,RS,NOH,1018.0,,32,28,4
200803020WAS,RS,NOH,1087.0,,34,28,6
200803020WAS,RS,NOH,1139.0,,36,28,8
200803020WAS,RS,NOH,1208.0,,38,28,10
200803020WAS,RS,NOH,1208.0,,39,28,11
200803020WAS,RS,NOH,1220.0,,39,30,9
200803020WAS,RS,NOH,1253.0,,41,30,11
200803020WAS,RS,NOH,1269.0,,41,33,8
200803020WAS,RS,NOH,1297.0,,42,33,9
200803020WAS,RS,NOH,1313.0,,43,33,10
200803020WAS,RS,NOH,1320.0,,43,34,9
200803020WAS,RS,NOH,1320.0,,43,35,8
200803020WAS,RS,NOH,1334.0,,46,35,11
200803020WAS,RS,NOH,1361.0,,49,35,14
200803020WAS,RS,NOH,1382.7,,49,37,12
200803020WAS,RS,NOH,1403.2,,51,37,14
200803020WAS,RS,NOH,1407.1,,51,39,12
200803020WAS,RS,NOH,1423.2,,53,39,14
200803020WAS,RS,NOH,1436.1,,53,40,13
200803020WAS,RS,NOH,1463.0,,55,40,15
200803020WAS,RS,NOH,1479.0,,55,42,13
200803020WAS,RS,NOH,1514.0,,58,42,16
200803020WAS,RS,NOH,1561.0,,58,44,14
200803020WAS,RS,NOH,1600.0,,58,47,11
200803020WAS,RS,NOH,1640.0,,58,50,8
200803020WAS,RS,NOH,1656.0,,60,50,10
200803020WAS,RS,NOH,1686.0,,60,52,8
200803020WAS,RS,NOH,1722.0,,60,54,6
200803020WAS,RS,NOH,1757.0,,60,56,4
200803020WAS,RS,NOH,1757.0,,60,57,3
200803020WAS,RS,NOH,1800.0,,62,57,5
200803020WAS,RS,NOH,1821.0,,62,59,3
200803020WAS,RS,NOH,1842.0,,64,59,5
200803020WAS,RS,NOH,1890.0,,66,59,7
200803020WAS,RS,NOH,1900.0,,66,60,6
200803020WAS,RS,NOH,1927.0,,67,60,7
200803020WAS,RS,NOH,1927.0,,68,60,8
200803020WAS,RS,NOH,1927.0,,69,60,9
200803020WAS,RS,NOH,1952.0,,71,60,11
200803020WAS,RS,NOH,1994.0,,71,61,10
200803020WAS,RS,NOH,2013.0,,72,61,11
200803020WAS,RS,NOH,2038.0,,72,63,9
200803020WAS,RS,NOH,2073.0,,72,64,8
200803020WAS,RS,NOH,2073.0,,72,65,7
200803020WAS,RS,NOH,2114.8,,72,66,6
200803020WAS,RS,NOH,2114.8,,72,67,5
200803020WAS,RS,NOH,2126.1,,74,67,7
200803020WAS,RS,NOH,2143.6,,74,69,5
200803020WAS,RS,NOH,2225.0,,74,71,3
200803020WAS,RS,NOH,2265.0,,75,71,4
200803020WAS,RS,NOH,2265.0,,76,71,5
200803020WAS,RS,NOH,2332.0,,76,74,2
200803020WAS,RS,NOH,2356.0,,77,74,3
200803020WAS,RS,NOH,2356.0,,78,74,4
200803020WAS,RS,NOH,2373.0,,78,76,2
200803020WAS,RS,NOH,2393.0,,80,76,4
200803020WAS,RS,NOH,2480.0,,80,78,2
200803020WAS,RS,NOH,2480.0,,80,79,1
200803020WAS,RS,NOH,2493.0,,81,79,2
200803020WAS,RS,NOH,2493.0,,82,79,3
200803020WAS,RS,NOH,2528.0,,85,79,6
200803020WAS,RS,NOH,2549.0,,88,79,9
200803020WAS,RS,NOH,2586.0,,89,79,10
200803020WAS,RS,NOH,2586.0,,90,79,11
200803020WAS,RS,NOH,2612.0,,91,79,12
200803020WAS,RS,NOH,2612.0,,92,79,13
200803020WAS,RS,NOH,2679.0,,93,79,14
200803020WAS,RS,NOH,2704.0,,94,79,15
200803020WAS,RS,NOH,2725.0,,95,79,16
200803020WAS,RS,NOH,2725.0,,96,79,17
200803020WAS,RS,NOH,2768.0,,99,79,20
200803020WAS,RS,NOH,2823.1,,99,82,17
200803020WAS,RS,NOH,2842.6,,101,82,19
200803020WAS,RS,NOH,2857.7,F,101,84,17
200803020WAS,RS,NOH,2880.0,,101,84,17
200803050WAS,RS,ORL,0.0,,0,0,0
200803050WAS,RS,ORL,22.0,,0,2,-2
200803050WAS,RS,ORL,36.0,T,2,2,0
200803050WAS,RS,ORL,62.0,,2,4,-2
200803050WAS,RS,ORL,145.0,,2,6,-4
200803050WAS,RS,ORL,186.0,,2,8,-6
200803050WAS,RS,ORL,219.0,,2,10,-8
200803050WAS,RS,ORL,239.0,,4,10,-6
200803050WAS,RS,ORL,252.0,,4,12,-8
200803050WAS,RS,ORL,303.0,,6,12,-6
200803050WAS,RS,ORL,303.0,,7,12,-5
200803050WAS,RS,ORL,329.0,,7,15,-8
200803050WAS,RS,ORL,343.0,,9,15,-6
200803050WAS,RS,ORL,343.0,,10,15,-5
200803050WAS,RS,ORL,384.0,,12,15,-3
200803050WAS,RS,ORL,400.0,,12,18,-6
200803050WAS,RS,ORL,436.0,,12,20,-8
200803050WAS,RS,ORL,455.0,,14,20,-6
200803050WAS,RS,ORL,475.0,,16,20,-4
200803050WAS,RS,ORL,488.0,,16,21,-5
200803050WAS,RS,ORL,523.0,,16,22,-6
200803050WAS,RS,ORL,523.0,,16,23,-7
200803050WAS,RS,ORL,543.0,,16,25,-9
200803050WAS,RS,ORL,565.0,,17,25,-8
200803050WAS,RS,ORL,565.0,,18,25,-7
200803050WAS,RS,ORL,578.0,,18,26,-8
200803050WAS,RS,ORL,578.0,,18,27,-9
200803050WAS,RS,ORL,599.0,,18,29,-11
200803050WAS,RS,ORL,633.0,,20,29,-9
200803050WAS,RS,ORL,683.1,,20,31,-11
200803050WAS,RS,ORL,719.1,,20,34,-14
200803050WAS,RS,ORL,752.0,,20,36,-16
200803050WAS,RS,ORL,767.0,,22,36,-14
200803050WAS,RS,ORL,801.0,,25,36,-11
200803050WAS,RS,ORL,876.0,,27,36,-9
200803050WAS,RS,ORL,911.0,,29,36,-7
200803050WAS,RS,ORL,994.0,,29,38,-9
200803050WAS,RS,ORL,1020.0,,29,41,-12
200803050WAS,RS,ORL,1039.0,,29,43,-14
200803050WAS,RS,ORL,1058.0,,31,43,-12
200803050WAS,RS,ORL,1087.0,,32,43,-11
200803050WAS,RS,ORL,1114.0,,32,46,-14
200803050WAS,RS,ORL,1132.0,,34,46,-12
200803050WAS,RS,ORL,1147.0,,34,48,-14
200803050WAS,RS,ORL,1163.0,,35,48,-13
200803050WAS,RS,ORL,1163.0,,36,48,-12
200803050WAS,RS,ORL,1176.0,,36,50,-14
200803050WAS,RS,ORL,1193.0,,39,50,-11
200803050WAS,RS,ORL,1224.0,,39,52,-13
200803050WAS,RS,ORL,1243.0,,41,52,-11
200803050WAS,RS,ORL,1253.0,,41,55,-14
200803050WAS,RS,ORL,1333.0,,41,56,-15
200803050WAS,RS,ORL,1333.0,,41,57,-16
200803050WAS,RS,ORL,1392.1,,44,57,-13
200803050WAS,RS,ORL,1412.6,,44,59,-15
200803050WAS,RS,ORL,1494.0,,46,59,-13
200803050WAS,RS,ORL,1542.0,,46,61,-15
200803050WAS,RS,ORL,1564.0,,47,61,-14
200803050WAS,RS,ORL,1578.0,,47,62,-15
200803050WAS,RS,ORL,1578.0,,47,63,-16
200803050WAS,RS,ORL,1608.0,,47,65,-18
200803050WAS,RS,ORL,1630.0,,50,65,-15
200803050WAS,RS,ORL,1699.0,,50,67,-17
200803050WAS,RS,ORL,1727.0,,50,69,-19
200803050WAS,RS,ORL,1752.0,,50,71,-21
200803050WAS,RS,ORL,1779.0,,52,71,-19
200803050WAS,RS,ORL,1820.0,,52,74,-22
200803050WAS,RS,ORL,1838.0,,53,74,-21
200803050WAS,RS,ORL,1907.0,,55,74,-19
200803050WAS,RS,ORL,1927.0,,55,76,-21
200803050WAS,RS,ORL,1939.0,,56,76,-20
200803050WAS,RS,ORL,1939.0,,57,76,-19
200803050WAS,RS,ORL,1960.0,,57,79,-22
200803050WAS,RS,ORL,1977.0,,60,79,-19
200803050WAS,RS,ORL,1990.0,,60,81,-21
200803050WAS,RS,ORL,2008.0,,60,82,-22
200803050WAS,RS,ORL,2024.0,,63,82,-19
200803050WAS,RS,ORL,2089.0,,63,83,-20
200803050WAS,RS,ORL,2089.0,,63,84,-21
200803050WAS,RS,ORL,2111.4,,64,84,-20
200803050WAS,RS,ORL,2111.4,,65,84,-19
200803050WAS,RS,ORL,2132.7,,65,86,-21
200803050WAS,RS,ORL,2150.5,,67,86,-19
200803050WAS,RS,ORL,2158.1,,67,89,-22
200803050WAS,RS,ORL,2203.0,,70,89,-19
200803050WAS,RS,ORL,2256.0,,70,92,-22
200803050WAS,RS,ORL,2286.0,,70,94,-24
200803050WAS,RS,ORL,2300.0,,72,94,-22
200803050WAS,RS,ORL,2311.0,,72,96,-24
200803050WAS,RS,ORL,2311.0,,72,97,-25
200803050WAS,RS,ORL,2326.0,,72,99,-27
200803050WAS,RS,ORL,2382.0,,72,101,-29
200803050WAS,RS,ORL,2382.0,,72,102,-30
200803050WAS,RS,ORL,2402.0,,74,102,-28
200803050WAS,RS,ORL,2420.0,,74,103,-29
200803050WAS,RS,ORL,2420.0,,74,104,-30
200803050WAS,RS,ORL,2452.0,,74,106,-32
200803050WAS,RS,ORL,2471.0,,74,108,-34
200803050WAS,RS,ORL,2494.0,,76,108,-32
200803050WAS,RS,ORL,2509.0,,76,110,-34
200803050WAS,RS,ORL,2528.0,,79,110,-31
200803050WAS,RS,ORL,2561.0,,81,110,-29
200803050WAS,RS,ORL,2613.0,,81,112,-31
200803050WAS,RS,ORL,2625.0,,84,112,-28
200803050WAS,RS,ORL,2666.0,,86,112,-26
200803050WAS,RS,ORL,2686.0,,86,115,-29
200803050WAS,RS,ORL,2709.0,,86,116,-30
200803050WAS,RS,ORL,2752.0,,88,116,-28
200803050WAS,RS,ORL,2776.0,,88,117,-29
200803050WAS,RS,ORL,2796.0,,90,117,-27
200803050WAS,RS,ORL,2814.0,,90,120,-30
200803050WAS,RS,ORL,2864.9,,90,122,-32
200803050WAS,RS,ORL,2878.6,F,92,122,-30
200803050WAS,RS,ORL,2880.0,,92,122,-30
200803070TOR,RS,TOR,0.0,,0,0,0
200803070TOR,RS,TOR,89.0,,2,0,2
200803070TOR,RS,TOR,122.0,,4,0,4
200803070TOR,RS,TOR,138.0,,4,2,2
200803070TOR,RS,TOR,153.0,,6,2,4
200803070TOR,RS,TOR,163.0,,8,2,6
200803070TOR,RS,TOR,195.0,,10,2,8
200803070TOR,RS,TOR,210.0,,10,5,5
200803070TOR,RS,TOR,326.0,,10,8,2
200803070TOR,RS,TOR,349.0,,12,8,4
200803070TOR,RS,TOR,403.0,,12,10,2
200803070TOR,RS,TOR,418.0,,14,10,4
200803070TOR,RS,TOR,470.0,,14,12,2
200803070TOR,RS,TOR,491.0,,16,12,4
200803070TOR,RS,TOR,532.0,,18,12,6
200803070TOR,RS,TOR,576.0,,20,12,8
200803070TOR,RS,TOR,606.0,,22,12,10
200803070TOR,RS,TOR,623.0,,22,14,8
200803070TOR,RS,TOR,637.0,,23,14,9
200803070TOR,RS,TOR,637.0,,24,14,10
200803070TOR,RS,TOR,661.0,,24,16,8
200803070TOR,RS,TOR,677.4,,25,16,9
200803070TOR,RS,TOR,677.4,,26,16,10
200803070TOR,RS,TOR,689.6,,26,18,8
200803070TOR,RS,TOR,703.0,,29,18,11
200803070TOR,RS,TOR,716.4,,29,19,10
200803070TOR,RS,TOR,716.4,,29,20,9
200803070TOR,RS,TOR,779.0,,31,20,11
200803070TOR,RS,TOR,796.0,,31,23,8
200803070TOR,RS,TOR,860.0,,31,25,6
200803070TOR,RS,TOR,888.0,,31,27,4
200803070TOR,RS,TOR,906.0,,33,27,6
200803070TOR,RS,TOR,924.0,,33,29,4
200803070TOR,RS,TOR,939.0,,33,31,2
200803070TOR,RS,TOR,961.0,,35,31,4
200803070TOR,RS,TOR,973.0,,35,33,2
200803070TOR,RS,TOR,985.0,T,35,35,0
200803070TOR,RS,TOR,1003.0,,37,35,2
200803070TOR,RS,TOR,1051.0,,39,35,4
200803070TOR,RS,TOR,1090.0,,41,35,6
200803070TOR,RS,TOR,1124.0,,42,35,7
200803070TOR,RS,TOR,1124.0,,43,35,8
200803070TOR,RS,TOR,1135.0,,43,37,6
200803070TOR,RS,TOR,1148.0,,46,37,9
200803070TOR,RS,TOR,1195.0,,46,40,6
200803070TOR,RS,TOR,1267.0,,46,43,3
200803070TOR,RS,TOR,1285.0,,49,43,6
200803070TOR,RS,TOR,1387.6,,49,45,4
200803070TOR,RS,TOR,1404.5,,51,45,6
200803070TOR,RS,TOR,1438.7,,53,45,8
200803070TOR,RS,TOR,1481.0,,56,45,11
200803070TOR,RS,TOR,1494.0,,56,47,9
200803070TOR,RS,TOR,1522.0,,57,47,10
200803070TOR,RS,TOR,1522.0,,58,47,11
200803070TOR,RS,TOR,1579.0,,58,49,9
200803070TOR,RS,TOR,1601.0,,58,51,7
200803070TOR,RS,TOR,1657.0,,60,51,9
200803070TOR,RS,TOR,1677.0,,60,52,8
200803070TOR,RS,TOR,1677.0,,60,53,7
200803070TOR,RS,TOR,1707.0,,61,53,8
200803070TOR,RS,TOR,1707.0,,62,53,9
200803070TOR,RS,TOR,1725.0,,62,55,7
200803070TOR,RS,TOR,1743.0,,62,57,5
200803070TOR,RS,TOR,1813.0,,62,60,2
200803070TOR,RS,TOR,1836.0,T,62,62,0
200803070TOR,RS,TOR,1836.0,LC,62,63,-1
200803070TOR,RS,TOR,1879.0,,62,65,-3
200803070TOR,RS,TOR,1936.0,,62,67,-5
200803070TOR,RS,TOR,1966.0,,62,68,-6
200803070TOR,RS,TOR,1966.0,,62,69,-7
200803070TOR,RS,TOR,2020.0,,64,69,-5
200803070TOR,RS,TOR,2039.0,,64,71,-7
200803070TOR,RS,TOR,2066.0,,64,72,-8
200803070TOR,RS,TOR,2083.0,,66,72,-6
200803070TOR,RS,TOR,2122.0,,68,72,-4
200803070TOR,RS,TOR,2140.7,,68,73,-5
200803070TOR,RS,TOR,2140.7,,68,74,-6
200803070TOR,RS,TOR,2206.0,,70,74,-4
200803070TOR,RS,TOR,2225.0,,71,74,-3
200803070TOR,RS,TOR,2225.0,,72,74,-2
200803070TOR,RS,TOR,2249.0,T,74,74,0
200803070TOR,RS,TOR,2288.0,LC,77,74,3
200803070TOR,RS,TOR,2369.0,,77,75,2
200803070TOR,RS,TOR,2369.0,,77,76,1
200803070TOR,RS,TOR,2386.0,,80,76,4
200803070TOR,RS,TOR,2420.0,,82,76,6
200803070TOR,RS,TOR,2438.0,,82,78,4
200803070TOR,RS,TOR,2451.0,,84,78,6
200803070TOR,RS,TOR,2520.0,,84,81,3
200803070TOR,RS,TOR,2594.0,T,84,84,0
200803070TOR,RS,TOR,2616.0,LC,84,86,-2
200803070TOR,RS,TOR,2636.0,T,86,86,0
200803070TOR,RS,TOR,2653.0,,86,88,-2
200803070TOR,RS,TOR,2653.0,,86,89,-3
200803070TOR,RS,TOR,2688.0,,88,89,-1
200803070TOR,RS,TOR,2719.0,LC,91,89,2
200803070TOR,RS,TOR,2798.0,,93,89,4
200803070TOR,RS,TOR,2806.0,,93,90,3
200803070TOR,RS,TOR,2806.0,,93,91,2
200803070TOR,RS,TOR,2821.1,,96,91,5
200803070TOR,RS,TOR,2836.6,,96,94,2
200803070TOR,RS,TOR,2838.6,,96,95,1
200803070TOR,RS,TOR,2838.6,T,96,96,0
200803070TOR,RS,TOR,2859.9,,98,96,2
200803070TOR,RS,TOR,2866.1,,98,97,1
200803070TOR,RS,TOR,2866.1,T,98,98,0
200803070TOR,RS,TOR,2906.0,LC,98,100,-2
200803070TOR,RS,TOR,2924.0,T,100,100,0
200803070TOR,RS,TOR,2941.0,,100,102,-2
200803070TOR,RS,TOR,2972.0,,101,102,-1
200803070TOR,RS,TOR,2972.0,T,102,102,0
200803070TOR,RS,TOR,3006.0,,102,104,-2
200803070TOR,RS,TOR,3077.0,T,104,104,0
200803070TOR,RS,TOR,3108.0,LC,105,104,1
200803070TOR,RS,TOR,3108.0,,106,104,2
200803070TOR,RS,TOR,3121.5,T,106,106,0
200803070TOR,RS,TOR,3140.0,,107,106,1
200803070TOR,RS,TOR,3140.0,,108,106,2
200803070TOR,RS,TOR,3149.7,,109,106,3
200803070TOR,RS,TOR,3149.7,F,110,106,4
200803070TOR,RS,TOR,3180.0,,110,106,4
200803080WAS,RS,CHA,0.0,,0,0,0
200803080WAS,RS,CHA,17.0,,0,3,-3
200803080WAS,RS,CHA,39.0,,2,3,-1
200803080WAS,RS,CHA,73.0,LC,4,3,1
200803080WAS,RS,CHA,87.0,LC,4,6,-2
200803080WAS,RS,CHA,168.0,T,6,6,0
200803080WAS,RS,CHA,179.0,,6,8,-2
200803080WAS,RS,CHA,229.0,T,8,8,0
200803080WAS,RS,CHA,238.0,,8,10,-2
200803080WAS,RS,CHA,264.0,,8,13,-5
200803080WAS,RS,CHA,313.0,,10,13,-3
200803080WAS,RS,CHA,341.0,,11,13,-2
200803080WAS,RS,CHA,341.0,,12,13,-1
200803080WAS,RS,CHA,350.0,,12,15,-3
200803080WAS,RS,CHA,394.0,,12,17,-5
200803080WAS,RS,CHA,409.0,,15,17,-2
200803080WAS,RS,CHA,438.0,,15,20,-5
200803080WAS,RS,CHA,470.0,,15,22,-7
200803080WAS,RS,CHA,529.0,,17,22,-5
200803080WAS,RS,CHA,543.0,,17,25,-8
200803080WAS,RS,CHA,563.0,,19,25,-6
200803080WAS,RS,CHA,573.0,,19,27,-8
200803080WAS,RS,CHA,607.0,,19,30,-11
200803080WAS,RS,CHA,652.0,,19,32,-13
200803080WAS,RS,CHA,696.9,,21,32,-11
200803080WAS,RS,CHA,719.4,,21,35,-14
200803080WAS,RS,CHA,778.0,,23,35,-12
200803080WAS,RS,CHA,806.0,,23,38,-15
200803080WAS,RS,CHA,874.0,,23,40,-17
200803080WAS,RS,CHA,916.0,,23,42,-19
200803080WAS,RS,CHA,930.0,,26,42,-16
200803080WAS,RS,CHA,948.0,,29,42,-13
200803080WAS,RS,CHA,999.0,,29,43,-14
200803080WAS,RS,CHA,999.0,,29,44,-15
200803080WAS,RS,CHA,1016.0,,31,44,-13
200803080WAS,RS,CHA,1054.0,,34,44,-10
200803080WAS,RS,CHA,1124.0,,35,44,-9
200803080WAS,RS,CHA,1158.0,,38,44,-6
200803080WAS,RS,CHA,1178.0,,39,44,-5
200803080WAS,RS,CHA,1178.0,,40,44,-4
200803080WAS,RS,CHA,1196.0,,40,46,-6
200803080WAS,RS,CHA,1221.0,,42,46,-4
200803080WAS,RS,CHA,1240.0,,42,48,-6
200803080WAS,RS,CHA,1301.0,,43,48,-5
200803080WAS,RS,CHA,1301.0,,44,48,-4
200803080WAS,RS,CHA,1343.0,,44,50,-6
200803080WAS,RS,CHA,1391.6,,44,52,-8
200803080WAS,RS,CHA,1409.6,,45,52,-7
200803080WAS,RS,CHA,1428.6,,45,54,-9
200803080WAS,RS,CHA,1438.5,,47,54,-7
200803080WAS,RS,CHA,1539.0,,47,57,-10
200803080WAS,RS,CHA,1568.0,,47,59,-12
200803080WAS,RS,CHA,1587.0,,50,59,-9
200803080WAS,RS,CHA,1672.0,,50,61,-11
200803080WAS,RS,CHA,1689.0,,52,61,-9
200803080WAS,RS,CHA,1726.0,,52,64,-12
200803080WAS,RS,CHA,1742.0,,53,64,-11
200803080WAS,RS,CHA,1742.0,,54,64,-10
200803080WAS,RS,CHA,1763.0,,55,64,-9
200803080WAS,RS,CHA,1763.0,,56,64,-8
200803080WAS,RS,CHA,1802.0,,56,67,-11
200803080WAS,RS,CHA,1822.0,,58,67,-9
200803080WAS,RS,CHA,1841.0,,58,68,-10
200803080WAS,RS,CHA,1860.0,,60,68,-8
200803080WAS,RS,CHA,1876.0,,60,70,-10
200803080WAS,RS,CHA,1938.0,,60,71,-11
200803080WAS,RS,CHA,1962.0,,62,71,-9
200803080WAS,RS,CHA,1983.0,,62,73,-11
200803080WAS,RS,CHA,2000.0,,63,73,-10
200803080WAS,RS,CHA,2000.0,,64,73,-9
200803080WAS,RS,CHA,2005.0,,64,74,-10
200803080WAS,RS,CHA,2005.0,,64,75,-11
200803080WAS,RS,CHA,2017.0,,67,75,-8
200803080WAS,RS,CHA,2035.0,,67,77,-10
200803080WAS,RS,CHA,2055.0,,69,77,-8
200803080WAS,RS,CHA,2067.0,,69,78,-9
200803080WAS,RS,CHA,2086.0,,70,78,-8
200803080WAS,RS,CHA,2141.6,,70,80,-10
200803080WAS,RS,CHA,2262.0,,70,82,-12
200803080WAS,RS,CHA,2322.0,,71,82,-11
200803080WAS,RS,CHA,2348.0,,71,83,-12
200803080WAS,RS,CHA,2367.0,,74,83,-9
200803080WAS,RS,CHA,2434.0,,74,85,-11
200803080WAS,RS,CHA,2434.0,,74,86,-12
200803080WAS,RS,CHA,2515.0,,76,86,-10
200803080WAS,RS,CHA,2602.0,,77,86,-9
200803080WAS,RS,CHA,2651.0,,77,87,-10
200803080WAS,RS,CHA,2651.0,,77,88,-11
200803080WAS,RS,CHA,2666.0,,77,89,-12
200803080WAS,RS,CHA,2679.0,,79,89,-10
200803080WAS,RS,CHA,2732.0,,82,89,-7
200803080WAS,RS,CHA,2780.0,,84,89,-5
200803080WAS,RS,CHA,2824.6,,84,90,-6
200803080WAS,RS,CHA,2844.7,,84,91,-7
200803080WAS,RS,CHA,2844.7,,84,92,-8
200803080WAS,RS,CHA,2844.7,,85,92,-7
200803080WAS,RS,CHA,2844.7,,86,92,-6
200803080WAS,RS,CHA,2851.1,,89,92,-3
200803080WAS,RS,CHA,2855.6,,89,93,-4
200803080WAS,RS,CHA,2855.6,,89,94,-5
200803080WAS,RS,CHA,2861.2,,91,94,-3
200803080WAS,RS,CHA,2862.4,,91,95,-4
200803080WAS,RS,CHA,2862.4,,91,96,-5
200803080WAS,RS,CHA,2865.2,,94,96,-2
200803080WAS,RS,CHA,2865.9,,94,97,-3
200803080WAS,RS,CHA,2870.0,,95,97,-2
200803080WAS,RS,CHA,2870.0,,96,97,-1
200803080WAS,RS,CHA,2870.7,,96,98,-2
200803080WAS,RS,CHA,2870.7,,96,99,-3
200803080WAS,RS,CHA,2874.4,,97,99,-2
200803080WAS,RS,CHA,2876.4,F,97,100,-3
200803080WAS,RS,CHA,2880.0,,97,100,-3
200803110WAS,RS,MIL,0.0,,0,0,0
200803110WAS,RS,MIL,46.0,,0,2,-2
200803110WAS,RS,MIL,86.0,T,2,2,0
200803110WAS,RS,MIL,108.0,,2,4,-2
200803110WAS,RS,MIL,125.0,T,4,4,0
200803110WAS,RS,MIL,179.0,LC,6,4,2
200803110WAS,RS,MIL,216.0,T,6,6,0
200803110WAS,RS,MIL,228.0,,8,6,2
200803110WAS,RS,MIL,274.0,,10,6,4
200803110WAS,RS,MIL,288.0,,10,8,2
200803110WAS,RS,MIL,321.0,T,10,10,0
200803110WAS,RS,MIL,347.0,,12,10,2
200803110WAS,RS,MIL,363.0,,12,11,1
200803110WAS,RS,MIL,363.0,T,12,12,0
200803110WAS,RS,MIL,386.0,LC,12,14,-2
200803110WAS,RS,MIL,426.0,T,14,14,0
200803110WAS,RS,MIL,449.0,,14,16,-2
200803110WAS,RS,MIL,485.0,T,16,16,0
200803110WAS,RS,MIL,518.0,LC,18,16,2
200803110WAS,RS,MIL,544.0,,19,16,3
200803110WAS,RS,MIL,572.0,,19,18,1
200803110WAS,RS,MIL,602.0,LC,19,20,-1
200803110WAS,RS,MIL,620.0,LC,21,20,1
200803110WAS,RS,MIL,651.0,,23,20,3
200803110WAS,RS,MIL,666.3,,23,22,1
200803110WAS,RS,MIL,684.9,,25,22,3
200803110WAS,RS,MIL,684.9,,26,22,4
200803110WAS,RS,MIL,773.0,,26,24,2
200803110WAS,RS,MIL,794.0,,28,24,4
200803110WAS,RS,MIL,850.0,,28,26,2
200803110WAS,RS,MIL,866.0,,30,26,4
200803110WAS,RS,MIL,883.0,,32,26,6
200803110WAS,RS,MIL,909.0,,32,28,4
200803110WAS,RS,MIL,965.0,,34,28,6
200803110WAS,RS,MIL,966.0,,34,29,5
200803110WAS,RS,MIL,1001.0,,36,29,7
200803110WAS,RS,MIL,1056.0,,36,31,5
200803110WAS,RS,MIL,1065.0,,38,31,7
200803110WAS,RS,MIL,1087.0,,39,31,8
200803110WAS,RS,MIL,1121.0,,39,33,6
200803110WAS,RS,MIL,1129.0,,41,33,8
200803110WAS,RS,MIL,1180.0,,41,35,6
200803110WAS,RS,MIL,1218.0,,44,35,9
200803110WAS,RS,MIL,1238.0,,46,35,11
200803110WAS,RS,MIL,1257.0,,46,36,10
200803110WAS,RS,MIL,1257.0,,46,37,9
200803110WAS,RS,MIL,1280.0,,48,37,11
200803110WAS,RS,MIL,1296.0,,48,40,8
200803110WAS,RS,MIL,1321.0,,50,40,10
200803110WAS,RS,MIL,1367.0,,53,40,13
200803110WAS,RS,MIL,1394.6,,55,40,15
200803110WAS,RS,MIL,1403.1,,55,43,12
200803110WAS,RS,MIL,1426.0,,57,43,14
200803110WAS,RS,MIL,1438.4,,57,44,13
200803110WAS,RS,MIL,1490.0,,57,47,10
200803110WAS,RS,MIL,1515.0,,57,49,8
200803110WAS,RS,MIL,1531.0,,58,49,9
200803110WAS,RS,MIL,1553.0,,58,51,7
200803110WAS,RS,MIL,1574.0,,58,52,6
200803110WAS,RS,MIL,1574.0,,58,53,5
200803110WAS,RS,MIL,1590.0,,60,53,7
200803110WAS,RS,MIL,1606.0,,60,55,5
200803110WAS,RS,MIL,1606.0,,60,56,4
200803110WAS,RS,MIL,1619.0,,61,56,5
200803110WAS,RS,MIL,1647.0,,63,56,7
200803110WAS,RS,MIL,1660.0,,63,59,4
200803110WAS,RS,MIL,1686.0,,63,61,2
200803110WAS,RS,MIL,1714.0,T,63,63,0
200803110WAS,RS,MIL,1735.0,,65,63,2
200803110WAS,RS,MIL,1796.0,T,65,65,0
200803110WAS,RS,MIL,1809.0,,66,65,1
200803110WAS,RS,MIL,1821.0,LC,66,67,-1
200803110WAS,RS,MIL,1864.0,LC,68,67,1
200803110WAS,RS,MIL,1887.0,LC,68,69,-1
200803110WAS,RS,MIL,1941.0,T,69,69,0
200803110WAS,RS,MIL,1941.0,LC,70,69,1
200803110WAS,RS,MIL,1976.0,,72,69,3
200803110WAS,RS,MIL,1999.0,,72,71,1
200803110WAS,RS,MIL,2018.0,,75,71,4
200803110WAS,RS,MIL,2033.0,,75,72,3
200803110WAS,RS,MIL,2033.0,,75,73,2
200803110WAS,RS,MIL,2055.0,,76,73,3
200803110WAS,RS,MIL,2072.0,,76,74,2
200803110WAS,RS,MIL,2072.0,,76,75,1
200803110WAS,RS,MIL,2090.0,,77,75,2
200803110WAS,RS,MIL,2139.5,T,77,77,0
200803110WAS,RS,MIL,2158.3,,79,77,2
200803110WAS,RS,MIL,2198.0,,81,77,4
200803110WAS,RS,MIL,2241.0,,81,79,2
200803110WAS,RS,MIL,2306.0,T,81,81,0
200803110WAS,RS,MIL,2324.0,,83,81,2
200803110WAS,RS,MIL,2336.0,T,83,83,0
200803110WAS,RS,MIL,2350.0,,85,83,2
200803110WAS,RS,MIL,2350.0,,86,83,3
200803110WAS,RS,MIL,2365.0,,86,85,1
200803110WAS,RS,MIL,2399.0,,88,85,3
200803110WAS,RS,MIL,2399.0,,89,85,4
200803110WAS,RS,MIL,2429.0,,91,85,6
200803110WAS,RS,MIL,2453.0,,92,85,7
200803110WAS,RS,MIL,2453.0,,93,85,8
200803110WAS,RS,MIL,2477.0,,95,85,10
200803110WAS,RS,MIL,2539.0,,95,87,8
200803110WAS,RS,MIL,2555.0,,98,87,11
200803110WAS,RS,MIL,2626.0,,98,88,10
200803110WAS,RS,MIL,2661.0,,98,90,8
200803110WAS,RS,MIL,2733.0,,98,91,7
200803110WAS,RS,MIL,2758.0,,99,91,8
200803110WAS,RS,MIL,2758.0,,100,91,9
200803110WAS,RS,MIL,2785.0,,102,91,11
200803110WAS,RS,MIL,2785.0,,103,91,12
200803110WAS,RS,MIL,2822.8,,103,93,10
200803110WAS,RS,MIL,2822.8,,105,93,12
200803110WAS,RS,MIL,2839.3,,105,94,11
200803110WAS,RS,MIL,2839.3,,105,95,10
200803110WAS,RS,MIL,2870.1,F,105,97,8
200803110WAS,RS,MIL,2880.0,,105,97,8
200803130WAS,RS,CLE,0.0,,0,0,0
200803130WAS,RS,CLE,16.0,,2,0,2
200803130WAS,RS,CLE,29.0,T,2,2,0
200803130WAS,RS,CLE,49.0,,4,2,2
200803130WAS,RS,CLE,68.0,T,4,4,0
200803130WAS,RS,CLE,202.0,LC,4,6,-2
200803130WAS,RS,CLE,225.0,T,6,6,0
200803130WAS,RS,CLE,249.0,LC,8,6,2
200803130WAS,RS,CLE,292.0,T,8,8,0
200803130WAS,RS,CLE,317.0,LC,8,10,-2
200803130WAS,RS,CLE,351.0,T,10,10,0
200803130WAS,RS,CLE,366.0,LC,12,10,2
200803130WAS,RS,CLE,366.0,,13,10,3
200803130WAS,RS,CLE,409.0,,16,10,6
200803130WAS,RS,CLE,424.0,,16,13,3
200803130WAS,RS,CLE,447.0,,18,13,5
200803130WAS,RS,CLE,464.0,,18,16,2
200803130WAS,RS,CLE,498.0,T,18,18,0
200803130WAS,RS,CLE,517.0,,19,18,1
200803130WAS,RS,CLE,517.0,,20,18,2
200803130WAS,RS,CLE,566.0,T,20,20,0
200803130WAS,RS,CLE,587.0,,22,20,2
200803130WAS,RS,CLE,619.0,,24,20,4
200803130WAS,RS,CLE,646.0,,26,20,6
200803130WAS,RS,CLE,666.1,,26,22,4
200803130WAS,RS,CLE,681.8,,27,22,5
200803130WAS,RS,CLE,691.0,,27,23,4
200803130WAS,RS,CLE,691.0,,27,24,3
200803130WAS,RS,CLE,746.0,,29,24,5
200803130WAS,RS,CLE,759.0,,29,27,2
200803130WAS,RS,CLE,813.0,,31,27,4
200803130WAS,RS,CLE,837.0,,33,27,6
200803130WAS,RS,CLE,876.0,,33,30,3
200803130WAS,RS,CLE,896.0,,35,30,5
200803130WAS,RS,CLE,924.0,,37,30,7
200803130WAS,RS,CLE,951.0,,38,30,8
200803130WAS,RS,CLE,970.0,,38,33,5
200803130WAS,RS,CLE,1004.0,,38,34,4
200803130WAS,RS,CLE,1053.0,,38,35,3
200803130WAS,RS,CLE,1074.0,,40,35,5
200803130WAS,RS,CLE,1100.0,,41,35,6
200803130WAS,RS,CLE,1100.0,,42,35,7
200803130WAS,RS,CLE,1131.0,,42,37,5
200803130WAS,RS,CLE,1183.0,,42,40,2
200803130WAS,RS,CLE,1214.0,T,42,42,0
200803130WAS,RS,CLE,1243.0,LC,42,43,-1
200803130WAS,RS,CLE,1243.0,,42,44,-2
200803130WAS,RS,CLE,1266.0,T,44,44,0
200803130WAS,RS,CLE,1291.0,,44,47,-3
200803130WAS,RS,CLE,1326.0,,44,50,-6
200803130WAS,RS,CLE,1361.0,,44,52,-8
200803130WAS,RS,CLE,1380.0,,46,52,-6
200803130WAS,RS,CLE,1411.7,,46,54,-8
200803130WAS,RS,CLE,1486.0,,48,54,-6
200803130WAS,RS,CLE,1505.0,,48,57,-9
200803130WAS,RS,CLE,1528.0,,51,57,-6
200803130WAS,RS,CLE,1587.0,,54,57,-3
200803130WAS,RS,CLE,1617.0,T,57,57,0
200803130WAS,RS,CLE,1638.0,,57,60,-3
200803130WAS,RS,CLE,1660.0,,59,60,-1
200803130WAS,RS,CLE,1680.0,LC,62,60,2
200803130WAS,RS,CLE,1696.0,,63,60,3
200803130WAS,RS,CLE,1715.0,,63,62,1
200803130WAS,RS,CLE,1736.0,,64,62,2
200803130WAS,RS,CLE,1765.0,,66,62,4
200803130WAS,RS,CLE,1794.0,,66,64,2
200803130WAS,RS,CLE,1815.0,,68,64,4
200803130WAS,RS,CLE,1869.0,,68,66,2
200803130WAS,RS,CLE,1911.0,,68,67,1
200803130WAS,RS,CLE,1911.0,T,68,68,0
200803130WAS,RS,CLE,1926.0,,70,68,2
200803130WAS,RS,CLE,1947.0,T,70,70,0
200803130WAS,RS,CLE,1964.0,,72,70,2
200803130WAS,RS,CLE,1987.0,,74,70,4
200803130WAS,RS,CLE,2002.0,,74,72,2
200803130WAS,RS,CLE,2019.0,,75,72,3
200803130WAS,RS,CLE,2019.0,,76,72,4
200803130WAS,RS,CLE,2041.0,,76,75,1
200803130WAS,RS,CLE,2055.0,,79,75,4
200803130WAS,RS,CLE,2081.0,,79,76,3
200803130WAS,RS,CLE,2098.0,,80,76,4
200803130WAS,RS,CLE,2157.1,,80,79,1
200803130WAS,RS,CLE,2194.0,,82,79,3
200803130WAS,RS,CLE,2273.0,,84,79,5
200803130WAS,RS,CLE,2366.0,,84,81,3
200803130WAS,RS,CLE,2381.0,,86,81,5
200803130WAS,RS,CLE,2477.0,,88,81,7
200803130WAS,RS,CLE,2477.0,,89,81,8
200803130WAS,RS,CLE,2491.0,,89,83,6
200803130WAS,RS,CLE,2619.0,,92,83,9
200803130WAS,RS,CLE,2651.0,,92,84,8
200803130WAS,RS,CLE,2651.0,,92,85,7
200803130WAS,RS,CLE,2674.0,,92,86,6
200803130WAS,RS,CLE,2674.0,,92,87,5
200803130WAS,RS,CLE,2692.0,,93,87,6
200803130WAS,RS,CLE,2715.0,,93,89,4
200803130WAS,RS,CLE,2728.0,,94,89,5
200803130WAS,RS,CLE,2728.0,,95,89,6
200803130WAS,RS,CLE,2743.0,,95,90,5
200803130WAS,RS,CLE,2743.0,,95,91,4
200803130WAS,RS,CLE,2787.0,,95,93,2
200803130WAS,RS,CLE,2801.0,,96,93,3
200803130WAS,RS,CLE,2829.2,,96,94,2
200803130WAS,RS,CLE,2861.0,,97,94,3
200803130WAS,RS,CLE,2861.2,,98,94,4
200803130WAS,RS,CLE,2861.2,,99,94,5
200803130WAS,RS,CLE,2864.5,,99,95,4
200803130WAS,RS,CLE,2864.5,,99,96,3
200803130WAS,RS,CLE,2866.8,,100,96,4
200803130WAS,RS,CLE,2871.2,,100,99,1
200803130WAS,RS,CLE,2872.8,F,101,99,2
200803130WAS,RS,CLE,2880.0,,101,99,2
200803150WAS,RS,LAC,0.0,,0,0,0
200803150WAS,RS,LAC,22.0,,0,2,-2
200803150WAS,RS,LAC,70.0,T,2,2,0
200803150WAS,RS,LAC,87.0,,2,4,-2
200803150WAS,RS,LAC,186.0,T,4,4,0
200803150WAS,RS,LAC,198.0,,4,7,-3
200803150WAS,RS,LAC,213.0,T,7,7,0
200803150WAS,RS,LAC,234.0,,7,10,-3
200803150WAS,RS,LAC,250.0,,9,10,-1
200803150WAS,RS,LAC,271.0,,9,12,-3
200803150WAS,RS,LAC,287.0,,10,12,-2
200803150WAS,RS,LAC,287.0,,11,12,-1
200803150WAS,RS,LAC,319.0,,11,14,-3
200803150WAS,RS,LAC,429.0,,11,16,-5
200803150WAS,RS,LAC,456.0,,13,16,-3
200803150WAS,RS,LAC,470.0,,14,16,-2
200803150WAS,RS,LAC,470.0,,15,16,-1
200803150WAS,RS,LAC,491.0,,15,18,-3
200803150WAS,RS,LAC,526.0,,15,20,-5
200803150WAS,RS,LAC,544.0,,18,20,-2
200803150WAS,RS,LAC,569.0,,18,21,-3
200803150WAS,RS,LAC,586.0,,19,21,-2
200803150WAS,RS,LAC,586.0,,20,21,-1
200803150WAS,RS,LAC,675.1,LC,22,21,1
200803150WAS,RS,LAC,689.1,LC,22,23,-1
200803150WAS,RS,LAC,711.1,LC,25,23,2
200803150WAS,RS,LAC,719.8,T,25,25,0
200803150WAS,RS,LAC,793.0,LC,25,27,-2
200803150WAS,RS,LAC,806.0,T,27,27,0
200803150WAS,RS,LAC,815.0,,27,29,-2
200803150WAS,RS,LAC,829.0,T,29,29,0
200803150WAS,RS,LAC,846.0,,29,31,-2
200803150WAS,RS,LAC,864.0,LC,32,31,1
200803150WAS,RS,LAC,878.0,LC,32,33,-1
200803150WAS,RS,LAC,878.0,,32,34,-2
200803150WAS,RS,LAC,905.0,T,34,34,0
200803150WAS,RS,LAC,920.0,,34,36,-2
200803150WAS,RS,LAC,953.0,T,36,36,0
200803150WAS,RS,LAC,1084.0,LC,38,36,2
200803150WAS,RS,LAC,1116.0,,39,36,3
200803150WAS,RS,LAC,1116.0,,40,36,4
200803150WAS,RS,LAC,1128.0,,40,39,1
200803150WAS,RS,LAC,1148.0,,42,39,3
200803150WAS,RS,LAC,1165.0,,42,41,1
200803150WAS,RS,LAC,1197.0,,44,41,3
200803150WAS,RS,LAC,1211.0,,44,43,1
200803150WAS,RS,LAC,1235.0,,47,43,4
200803150WAS,RS,LAC,1272.0,,47,46,1
200803150WAS,RS,LAC,1296.0,LC,47,48,-1
200803150WAS,RS,LAC,1310.0,LC,49,48,1
200803150WAS,RS,LAC,1310.0,,50,48,2
200803150WAS,RS,LAC,1326.0,T,50,50,0
200803150WAS,RS,LAC,1360.0,LC,50,51,-1
200803150WAS,RS,LAC,1360.0,,50,52,-2
200803150WAS,RS,LAC,1380.0,T,52,52,0
200803150WAS,RS,LAC,1403.6,LC,54,52,2
200803150WAS,RS,LAC,1403.6,,55,52,3
200803150WAS,RS,LAC,1418.1,T,55,55,0
200803150WAS,RS,LAC,1469.0,,57,55,2
200803150WAS,RS,LAC,1488.0,T,57,57,0
200803150WAS,RS,LAC,1550.0,,58,57,1
200803150WAS,RS,LAC,1550.0,,59,57,2
200803150WAS,RS,LAC,1567.0,T,59,59,0
200803150WAS,RS,LAC,1582.0,,62,59,3
200803150WAS,RS,LAC,1611.0,,64,59,5
200803150WAS,RS,LAC,1671.0,,66,59,7
200803150WAS,RS,LAC,1725.0,,66,61,5
200803150WAS,RS,LAC,1739.0,,67,61,6
200803150WAS,RS,LAC,1755.0,,67,62,5
200803150WAS,RS,LAC,1768.0,,67,65,2
200803150WAS,RS,LAC,1802.0,,68,65,3
200803150WAS,RS,LAC,1821.0,T,68,68,0
200803150WAS,RS,LAC,1841.0,,71,68,3
200803150WAS,RS,LAC,1860.0,,71,69,2
200803150WAS,RS,LAC,1924.0,,71,70,1
200803150WAS,RS,LAC,1924.0,T,71,71,0
200803150WAS,RS,LAC,1953.0,LC,71,72,-1
200803150WAS,RS,LAC,1973.0,,71,73,-2
200803150WAS,RS,LAC,1973.0,,71,74,-3
200803150WAS,RS,LAC,2008.0,,71,76,-5
200803150WAS,RS,LAC,2029.0,,72,76,-4
200803150WAS,RS,LAC,2029.0,,73,76,-3
200803150WAS,RS,LAC,2115.8,,74,76,-2
200803150WAS,RS,LAC,2115.8,,75,76,-1
200803150WAS,RS,LAC,2132.1,,75,78,-3
200803150WAS,RS,LAC,2192.0,,75,80,-5
200803150WAS,RS,LAC,2221.0,,77,80,-3
200803150WAS,RS,LAC,2253.0,,79,80,-1
200803150WAS,RS,LAC,2265.0,,79,83,-4
200803150WAS,RS,LAC,2319.0,,79,85,-6
200803150WAS,RS,LAC,2335.0,,80,85,-5
200803150WAS,RS,LAC,2335.0,,81,85,-4
200803150WAS,RS,LAC,2335.0,,82,85,-3
200803150WAS,RS,LAC,2370.0,,84,85,-1
200803150WAS,RS,LAC,2600.0,,84,86,-2
200803150WAS,RS,LAC,2600.0,,84,87,-3
200803150WAS,RS,LAC,2619.0,,85,87,-2
200803150WAS,RS,LAC,2662.0,,85,89,-4
200803150WAS,RS,LAC,2700.0,,85,90,-5
200803150WAS,RS,LAC,2714.0,,87,90,-3
200803150WAS,RS,LAC,2729.0,,87,92,-5
200803150WAS,RS,LAC,2752.0,,89,92,-3
200803150WAS,RS,LAC,2789.0,,90,92,-2
200803150WAS,RS,LAC,2789.0,,91,92,-1
200803150WAS,RS,LAC,2804.0,,91,93,-2
200803150WAS,RS,LAC,2804.0,,91,94,-3
200803150WAS,RS,LAC,2814.0,,92,94,-2
200803150WAS,RS,LAC,2814.0,,93,94,-1
200803150WAS,RS,LAC,2833.2,,93,96,-3
200803150WAS,RS,LAC,2870.3,,94,96,-2
200803150WAS,RS,LAC,2873.0,,94,97,-3
200803150WAS,RS,LAC,2873.0,,94,98,-4
200803150WAS,RS,LAC,2875.1,,97,98,-1
200803150WAS,RS,LAC,2876.6,,97,99,-2
200803150WAS,RS,LAC,2876.6,,97,100,-3
200803150WAS,RS,LAC,2877.8,,98,100,-2
200803150WAS,RS,LAC,2877.8,,99,100,-1
200803150WAS,RS,LAC,2877.8,T,100,100,0
200803150WAS,RS,LAC,2895.0,,100,102,-2
200803150WAS,RS,LAC,2913.0,T,102,102,0
200803150WAS,RS,LAC,2951.0,LC,105,102,3
200803150WAS,RS,LAC,2979.0,,105,104,1
200803150WAS,RS,LAC,2996.0,,108,104,4
200803150WAS,RS,LAC,3018.0,,110,104,6
200803150WAS,RS,LAC,3034.0,,110,106,4
200803150WAS,RS,LAC,3071.0,,112,106,6
200803150WAS,RS,LAC,3082.0,,113,106,7
200803150WAS,RS,LAC,3082.0,,114,106,8
200803150WAS,RS,LAC,3108.0,,114,108,6
200803150WAS,RS,LAC,3141.9,,114,109,5
200803150WAS,RS,LAC,3165.1,,117,109,8
200803150WAS,RS,LAC,3174.5,,118,109,9
200803150WAS,RS,LAC,3174.5,F,119,109,10
200803150WAS,RS,LAC,3180.0,,119,109,10
200803170WAS,RS,ATL,0.0,,0,0,0
200803170WAS,RS,ATL,21.0,,0,2,-2
200803170WAS,RS,ATL,72.0,T,2,2,0
200803170WAS,RS,ATL,104.0,,2,4,-2
200803170WAS,RS,ATL,163.0,,2,6,-4
200803170WAS,RS,ATL,181.0,,4,6,-2
200803170WAS,RS,ATL,203.0,,4,8,-4
200803170WAS,RS,ATL,225.0,,6,8,-2
200803170WAS,RS,ATL,249.0,T,8,8,0
200803170WAS,RS,ATL,273.0,,8,11,-3
200803170WAS,RS,ATL,304.0,,8,13,-5
200803170WAS,RS,ATL,317.0,,9,13,-4
200803170WAS,RS,ATL,317.0,,10,13,-3
200803170WAS,RS,ATL,334.0,,10,15,-5
200803170WAS,RS,ATL,380.0,,12,15,-3
200803170WAS,RS,ATL,393.0,,12,16,-4
200803170WAS,RS,ATL,422.0,,14,16,-2
200803170WAS,RS,ATL,439.0,,14,18,-4
200803170WAS,RS,ATL,460.0,,16,18,-2
200803170WAS,RS,ATL,474.0,,16,19,-3
200803170WAS,RS,ATL,474.0,,16,20,-4
200803170WAS,RS,ATL,514.0,,16,22,-6
200803170WAS,RS,ATL,539.0,,18,22,-4
200803170WAS,RS,ATL,596.0,,18,24,-6
200803170WAS,RS,ATL,612.0,,18,25,-7
200803170WAS,RS,ATL,637.0,,20,25,-5
200803170WAS,RS,ATL,660.0,,20,26,-6
200803170WAS,RS,ATL,660.0,,20,27,-7
200803170WAS,RS,ATL,677.7,,21,27,-6
200803170WAS,RS,ATL,677.7,,22,27,-5
200803170WAS,RS,ATL,715.1,,22,29,-7
200803170WAS,RS,ATL,719.6,,24,29,-5
200803170WAS,RS,ATL,767.0,,24,31,-7
200803170WAS,RS,ATL,786.0,,26,31,-5
200803170WAS,RS,ATL,824.0,,26,33,-7
200803170WAS,RS,ATL,857.0,,26,35,-9
200803170WAS,RS,ATL,872.0,,29,35,-6
200803170WAS,RS,ATL,892.0,,29,36,-7
200803170WAS,RS,ATL,909.0,,32,36,-4
200803170WAS,RS,ATL,932.0,,32,38,-6
200803170WAS,RS,ATL,953.0,,34,38,-4
200803170WAS,RS,ATL,972.0,,36,38,-2
200803170WAS,RS,ATL,1035.0,,36,41,-5
200803170WAS,RS,ATL,1085.0,,39,41,-2
200803170WAS,RS,ATL,1118.0,T,41,41,0
200803170WAS,RS,ATL,1134.0,,41,43,-2
200803170WAS,RS,ATL,1186.0,,41,44,-3
200803170WAS,RS,ATL,1186.0,,41,45,-4
200803170WAS,RS,ATL,1219.0,,43,45,-2
200803170WAS,RS,ATL,1250.0,T,45,45,0
200803170WAS,RS,ATL,1274.0,,45,47,-2
200803170WAS,RS,ATL,1309.0,,46,47,-1
200803170WAS,RS,ATL,1309.0,T,47,47,0
200803170WAS,RS,ATL,1328.0,,47,49,-2
200803170WAS,RS,ATL,1345.0,T,49,49,0
200803170WAS,RS,ATL,1365.0,,49,51,-2
200803170WAS,RS,ATL,1379.0,T,51,51,0
200803170WAS,RS,ATL,1392.8,,51,53,-2
200803170WAS,RS,ATL,1407.7,T,53,53,0
200803170WAS,RS,ATL,1421.4,,53,54,-1
200803170WAS,RS,ATL,1460.0,T,54,54,0
200803170WAS,RS,ATL,1460.0,LC,55,54,1
200803170WAS,RS,ATL,1479.0,LC,55,56,-1
200803170WAS,RS,ATL,1497.0,T,56,56,0
200803170WAS,RS,ATL,1497.0,LC,57,56,1
200803170WAS,RS,ATL,1530.0,LC,57,58,-1
200803170WAS,RS,ATL,1576.0,,57,61,-4
200803170WAS,RS,ATL,1603.0,,59,61,-2
200803170WAS,RS,ATL,1615.0,,59,63,-4
200803170WAS,RS,ATL,1645.0,,59,65,-6
200803170WAS,RS,ATL,1660.0,,61,65,-4
200803170WAS,RS,ATL,1676.0,,61,68,-7
200803170WAS,RS,ATL,1698.0,,64,68,-4
200803170WAS,RS,ATL,1750.0,,66,68,-2
200803170WAS,RS,ATL,1770.0,,66,70,-4
200803170WAS,RS,ATL,1797.0,,66,73,-7
200803170WAS,RS,ATL,1827.0,,68,73,-5
200803170WAS,RS,ATL,1832.0,,68,74,-6
200803170WAS,RS,ATL,1910.0,,71,74,-3
200803170WAS,RS,ATL,1929.0,,73,74,-1
200803170WAS,RS,ATL,1956.0,,73,76,-3
200803170WAS,RS,ATL,1980.0,,75,76,-1
200803170WAS,RS,ATL,2001.0,,75,78,-3
200803170WAS,RS,ATL,2042.0,,77,78,-1
200803170WAS,RS,ATL,2069.0,,77,80,-3
200803170WAS,RS,ATL,2099.0,,77,83,-6
200803170WAS,RS,ATL,2129.1,,77,84,-7
200803170WAS,RS,ATL,2271.0,,77,87,-10
200803170WAS,RS,ATL,2301.0,,79,87,-8
200803170WAS,RS,ATL,2319.0,,79,89,-10
200803170WAS,RS,ATL,2341.0,,81,89,-8
200803170WAS,RS,ATL,2362.0,,81,91,-10
200803170WAS,RS,ATL,2372.0,,82,91,-9
200803170WAS,RS,ATL,2372.0,,83,91,-8
200803170WAS,RS,ATL,2390.0,,83,93,-10
200803170WAS,RS,ATL,2410.0,,85,93,-8
200803170WAS,RS,ATL,2446.0,,88,93,-5
200803170WAS,RS,ATL,2501.0,,88,96,-8
200803170WAS,RS,ATL,2521.0,,90,96,-6
200803170WAS,RS,ATL,2600.0,,91,96,-5
200803170WAS,RS,ATL,2600.0,,92,96,-4
200803170WAS,RS,ATL,2671.0,,92,98,-6
200803170WAS,RS,ATL,2722.0,,92,100,-8
200803170WAS,RS,ATL,2841.9,,93,100,-7
200803170WAS,RS,ATL,2841.9,,94,100,-6
200803170WAS,RS,ATL,2848.7,,94,102,-8
200803170WAS,RS,ATL,2848.7,,94,103,-9
200803170WAS,RS,ATL,2854.1,,96,103,-7
200803170WAS,RS,ATL,2855.1,,96,104,-8
200803170WAS,RS,ATL,2855.1,F,96,105,-9
200803170WAS,RS,ATL,2880.0,,96,105,-9
200803190ORL,RS,ORL,0.0,,0,0,0
200803190ORL,RS,ORL,62.0,,3,0,3
200803190ORL,RS,ORL,144.0,,3,2,1
200803190ORL,RS,ORL,169.0,LC,3,4,-1
200803190ORL,RS,ORL,192.0,LC,6,4,2
200803190ORL,RS,ORL,205.0,LC,6,7,-1
200803190ORL,RS,ORL,251.0,,6,8,-2
200803190ORL,RS,ORL,275.0,,6,11,-5
200803190ORL,RS,ORL,295.0,,8,11,-3
200803190ORL,RS,ORL,295.0,,9,11,-2
200803190ORL,RS,ORL,335.0,,9,12,-3
200803190ORL,RS,ORL,335.0,,9,13,-4
200803190ORL,RS,ORL,372.0,,9,15,-6
200803190ORL,RS,ORL,391.0,,12,15,-3
200803190ORL,RS,ORL,430.0,,12,17,-5
200803190ORL,RS,ORL,472.0,,12,19,-7
200803190ORL,RS,ORL,491.0,,13,19,-6
200803190ORL,RS,ORL,526.0,,13,22,-9
200803190ORL,RS,ORL,563.0,,14,22,-8
200803190ORL,RS,ORL,592.0,,14,23,-9
200803190ORL,RS,ORL,592.0,,14,24,-10
200803190ORL,RS,ORL,616.0,,16,24,-8
200803190ORL,RS,ORL,637.0,,16,25,-9
200803190ORL,RS,ORL,637.0,,16,26,-10
200803190ORL,RS,ORL,655.0,,18,26,-8
200803190ORL,RS,ORL,677.8,,20,26,-6
200803190ORL,RS,ORL,868.0,,22,26,-4
200803190ORL,RS,ORL,909.0,,22,28,-6
200803190ORL,RS,ORL,986.0,,24,28,-4
200803190ORL,RS,ORL,1004.0,,24,30,-6
200803190ORL,RS,ORL,1004.0,,24,31,-7
200803190ORL,RS,ORL,1032.0,,24,34,-10
200803190ORL,RS,ORL,1104.0,,26,34,-8
200803190ORL,RS,ORL,1225.0,,28,34,-6
200803190ORL,RS,ORL,1255.0,,30,34,-4
200803190ORL,RS,ORL,1272.0,,30,37,-7
200803190ORL,RS,ORL,1290.0,,30,40,-10
200803190ORL,RS,ORL,1312.0,,32,40,-8
200803190ORL,RS,ORL,1345.0,,34,40,-6
200803190ORL,RS,ORL,1367.0,,34,43,-9
200803190ORL,RS,ORL,1386.3,,36,43,-7
200803190ORL,RS,ORL,1467.0,,39,43,-4
200803190ORL,RS,ORL,1498.0,,41,43,-2
200803190ORL,RS,ORL,1536.0,T,43,43,0
200803190ORL,RS,ORL,1552.0,,43,45,-2
200803190ORL,RS,ORL,1587.0,,43,48,-5
200803190ORL,RS,ORL,1607.0,,45,48,-3
200803190ORL,RS,ORL,1623.0,,47,48,-1
200803190ORL,RS,ORL,1656.0,,47,50,-3
200803190ORL,RS,ORL,1684.0,,49,50,-1
200803190ORL,RS,ORL,1707.0,LC,51,50,1
200803190ORL,RS,ORL,1731.0,T,51,51,0
200803190ORL,RS,ORL,1731.0,LC,51,52,-1
200803190ORL,RS,ORL,1765.0,LC,53,52,1
200803190ORL,RS,ORL,1805.0,,55,52,3
200803190ORL,RS,ORL,1839.0,,57,52,5
200803190ORL,RS,ORL,1853.0,,57,55,2
200803190ORL,RS,ORL,1904.0,,58,55,3
200803190ORL,RS,ORL,1904.0,,59,55,4
200803190ORL,RS,ORL,1962.0,,59,57,2
200803190ORL,RS,ORL,2010.0,LC,59,60,-1
200803190ORL,RS,ORL,2030.0,LC,61,60,1
200803190ORL,RS,ORL,2094.0,,63,60,3
200803190ORL,RS,ORL,2112.1,T,63,63,0
200803190ORL,RS,ORL,2126.5,,66,63,3
200803190ORL,RS,ORL,2145.5,,66,64,2
200803190ORL,RS,ORL,2145.5,,66,65,1
200803190ORL,RS,ORL,2155.1,,67,65,2
200803190ORL,RS,ORL,2218.0,,69,65,4
200803190ORL,RS,ORL,2239.0,,69,67,2
200803190ORL,RS,ORL,2298.0,,70,67,3
200803190ORL,RS,ORL,2298.0,,71,67,4
200803190ORL,RS,ORL,2330.0,,73,67,6
200803190ORL,RS,ORL,2420.0,,73,70,3
200803190ORL,RS,ORL,2451.0,,73,72,1
200803190ORL,RS,ORL,2469.0,,76,72,4
200803190ORL,RS,ORL,2492.0,,76,75,1
200803190ORL,RS,ORL,2530.0,,77,75,2
200803190ORL,RS,ORL,2530.0,,78,75,3
200803190ORL,RS,ORL,2592.0,,78,76,2
200803190ORL,RS,ORL,2592.0,,78,77,1
200803190ORL,RS,ORL,2643.0,T,78,78,0
200803190ORL,RS,ORL,2673.0,,80,78,2
200803190ORL,RS,ORL,2693.0,LC,80,81,-1
200803190ORL,RS,ORL,2709.0,LC,82,81,1
200803190ORL,RS,ORL,2709.0,,83,81,2
200803190ORL,RS,ORL,2749.0,,83,82,1
200803190ORL,RS,ORL,2769.0,,85,82,3
200803190ORL,RS,ORL,2799.0,,85,83,2
200803190ORL,RS,ORL,2799.0,,85,84,1
200803190ORL,RS,ORL,2821.4,T,85,85,0
200803190ORL,RS,ORL,2838.8,,87,85,2
200803190ORL,RS,ORL,2846.6,F,87,86,1
200803190ORL,RS,ORL,2880.0,,87,86,1
200803210MIA,RS,MIA,0.0,,0,0,0
200803210MIA,RS,MIA,12.0,,2,0,2
200803210MIA,RS,MIA,46.0,,4,0,4
200803210MIA,RS,MIA,76.0,,6,0,6
200803210MIA,RS,MIA,103.0,,6,3,3
200803210MIA,RS,MIA,130.0,,9,3,6
200803210MIA,RS,MIA,148.0,,9,5,4
200803210MIA,RS,MIA,177.0,,9,7,2
200803210MIA,RS,MIA,215.0,,11,7,4
200803210MIA,RS,MIA,235.0,,11,9,2
200803210MIA,RS,MIA,251.0,,13,9,4
200803210MIA,RS,MIA,280.0,,16,9,7
200803210MIA,RS,MIA,304.0,,16,12,4
200803210MIA,RS,MIA,316.0,,17,12,5
200803210MIA,RS,MIA,368.0,,19,12,7
200803210MIA,RS,MIA,398.0,,19,14,5
200803210MIA,RS,MIA,461.0,,21,14,7
200803210MIA,RS,MIA,483.0,,21,16,5
200803210MIA,RS,MIA,531.0,,23,16,7
200803210MIA,RS,MIA,553.0,,23,18,5
200803210MIA,RS,MIA,625.0,,23,19,4
200803210MIA,RS,MIA,625.0,,23,20,3
200803210MIA,RS,MIA,664.4,,25,20,5
200803210MIA,RS,MIA,694.0,,26,20,6
200803210MIA,RS,MIA,737.0,,28,20,8
200803210MIA,RS,MIA,792.0,,28,22,6
200803210MIA,RS,MIA,808.0,,31,22,9
200803210MIA,RS,MIA,840.0,,33,22,11
200803210MIA,RS,MIA,862.0,,33,24,9
200803210MIA,RS,MIA,876.0,,35,24,11
200803210MIA,RS,MIA,959.0,,35,26,9
200803210MIA,RS,MIA,977.0,,38,26,12
200803210MIA,RS,MIA,1056.0,,38,27,11
200803210MIA,RS,MIA,1071.0,,40,27,13
200803210MIA,RS,MIA,1103.0,,42,27,15
200803210MIA,RS,MIA,1154.0,,42,30,12
200803210MIA,RS,MIA,1184.0,,42,32,10
200803210MIA,RS,MIA,1226.0,,44,32,12
200803210MIA,RS,MIA,1226.0,,45,32,13
200803210MIA,RS,MIA,1232.0,,45,33,12
200803210MIA,RS,MIA,1232.0,,45,34,11
200803210MIA,RS,MIA,1270.0,,45,37,8
200803210MIA,RS,MIA,1288.0,,47,37,10
200803210MIA,RS,MIA,1305.0,,49,37,12
200803210MIA,RS,MIA,1326.0,,49,39,10
200803210MIA,RS,MIA,1386.9,,50,39,11
200803210MIA,RS,MIA,1386.9,,51,39,12
200803210MIA,RS,MIA,1436.4,,52,39,13
200803210MIA,RS,MIA,1461.0,,52,42,10
200803210MIA,RS,MIA,1534.0,,55,42,13
200803210MIA,RS,MIA,1557.0,,57,42,15
200803210MIA,RS,MIA,1629.0,,57,44,13
200803210MIA,RS,MIA,1654.0,,59,44,15
200803210MIA,RS,MIA,1654.0,,60,44,16
200803210MIA,RS,MIA,1666.0,,61,44,17
200803210MIA,RS,MIA,1691.0,,61,46,15
200803210MIA,RS,MIA,1702.0,,63,46,17
200803210MIA,RS,MIA,1719.0,,63,48,15
200803210MIA,RS,MIA,1739.0,,65,48,17
200803210MIA,RS,MIA,1771.0,,68,48,20
200803210MIA,RS,MIA,1802.0,,68,49,19
200803210MIA,RS,MIA,1834.0,,68,51,17
200803210MIA,RS,MIA,1854.0,,71,51,20
200803210MIA,RS,MIA,1868.0,,73,51,22
200803210MIA,RS,MIA,1889.0,,73,54,19
200803210MIA,RS,MIA,1907.0,,76,54,22
200803210MIA,RS,MIA,1940.0,,76,56,20
200803210MIA,RS,MIA,1956.0,,78,56,22
200803210MIA,RS,MIA,1977.0,,78,58,20
200803210MIA,RS,MIA,1994.0,,81,58,23
200803210MIA,RS,MIA,2074.0,,81,60,21
200803210MIA,RS,MIA,2099.0,,84,60,24
200803210MIA,RS,MIA,2110.2,,84,61,23
200803210MIA,RS,MIA,2110.2,,84,62,22
200803210MIA,RS,MIA,2118.9,,86,62,24
200803210MIA,RS,MIA,2118.9,,87,62,25
200803210MIA,RS,MIA,2240.0,,87,63,24
200803210MIA,RS,MIA,2297.0,,87,64,23
200803210MIA,RS,MIA,2297.0,,87,65,22
200803210MIA,RS,MIA,2312.0,,89,65,24
200803210MIA,RS,MIA,2330.0,,89,68,21
200803210MIA,RS,MIA,2345.0,,91,68,23
200803210MIA,RS,MIA,2345.0,,92,68,24
200803210MIA,RS,MIA,2415.0,,94,68,26
200803210MIA,RS,MIA,2435.0,,94,70,24
200803210MIA,RS,MIA,2435.0,,94,71,23
200803210MIA,RS,MIA,2501.0,,94,74,20
200803210MIA,RS,MIA,2533.0,,94,75,19
200803210MIA,RS,MIA,2533.0,,94,76,18
200803210MIA,RS,MIA,2606.0,,96,76,20
200803210MIA,RS,MIA,2638.0,,98,76,22
200803210MIA,RS,MIA,2670.0,,100,76,24
200803210MIA,RS,MIA,2692.0,,100,79,21
200803210MIA,RS,MIA,2714.0,,100,81,19
200803210MIA,RS,MIA,2762.0,,100,83,17
200803210MIA,RS,MIA,2801.0,,100,84,16
200803210MIA,RS,MIA,2834.3,,100,86,14
200803210MIA,RS,MIA,2854.9,F,103,86,17
200803210MIA,RS,MIA,2880.0,,103,86,17
200803230WAS,RS,DET,0.0,,0,0,0
200803230WAS,RS,DET,12.0,,0,2,-2
200803230WAS,RS,DET,55.0,,0,4,-4
200803230WAS,RS,DET,76.0,,2,4,-2
200803230WAS,RS,DET,102.0,,3,4,-1
200803230WAS,RS,DET,102.0,T,4,4,0
200803230WAS,RS,DET,186.0,,4,6,-2
200803230WAS,RS,DET,206.0,T,6,6,0
200803230WAS,RS,DET,257.0,LC,8,6,2
200803230WAS,RS,DET,316.0,T,8,8,0
200803230WAS,RS,DET,359.0,LC,8,11,-3
200803230WAS,RS,DET,378.0,,10,11,-1
200803230WAS,RS,DET,398.0,,10,13,-3
200803230WAS,RS,DET,419.0,,12,13,-1
200803230WAS,RS,DET,451.0,,12,15,-3
200803230WAS,RS,DET,472.0,T,15,15,0
200803230WAS,RS,DET,497.0,,15,17,-2
200803230WAS,RS,DET,513.0,T,17,17,0
200803230WAS,RS,DET,513.0,LC,18,17,1
200803230WAS,RS,DET,531.0,T,18,18,0
200803230WAS,RS,DET,553.0,,21,18,3
200803230WAS,RS,DET,591.0,,23,18,5
200803230WAS,RS,DET,630.0,,23,20,3
200803230WAS,RS,DET,647.0,,25,20,5
200803230WAS,RS,DET,682.8,,26,20,6
200803230WAS,RS,DET,717.2,,28,20,8
200803230WAS,RS,DET,763.0,,30,20,10
200803230WAS,RS,DET,791.0,,32,20,12
200803230WAS,RS,DET,857.0,,32,23,9
200803230WAS,RS,DET,887.0,,32,25,7
200803230WAS,RS,DET,916.0,,32,27,5
200803230WAS,RS,DET,985.0,,32,29,3
200803230WAS,RS,DET,1005.0,,33,29,4
200803230WAS,RS,DET,1005.0,,34,29,5
200803230WAS,RS,DET,1026.0,,34,31,3
200803230WAS,RS,DET,1047.0,,36,31,5
200803230WAS,RS,DET,1061.0,,36,32,4
200803230WAS,RS,DET,1061.0,,36,33,3
200803230WAS,RS,DET,1112.0,,38,33,5
200803230WAS,RS,DET,1150.0,,40,33,7
200803230WAS,RS,DET,1229.0,,40,34,6
200803230WAS,RS,DET,1248.0,,42,34,8
200803230WAS,RS,DET,1323.0,,42,36,6
200803230WAS,RS,DET,1366.0,,42,38,4
200803230WAS,RS,DET,1391.1,,44,38,6
200803230WAS,RS,DET,1412.1,,44,40,4
200803230WAS,RS,DET,1435.1,,47,40,7
200803230WAS,RS,DET,1457.0,,49,40,9
200803230WAS,RS,DET,1474.0,,49,43,6
200803230WAS,RS,DET,1487.0,,51,43,8
200803230WAS,RS,DET,1511.0,,51,45,6
200803230WAS,RS,DET,1526.0,,53,45,8
200803230WAS,RS,DET,1544.0,,53,47,6
200803230WAS,RS,DET,1582.0,,53,49,4
200803230WAS,RS,DET,1604.0,,55,49,6
200803230WAS,RS,DET,1648.0,,57,49,8
200803230WAS,RS,DET,1672.0,,57,51,6
200803230WAS,RS,DET,1686.0,,59,51,8
200803230WAS,RS,DET,1713.0,,59,54,5
200803230WAS,RS,DET,1743.0,,61,54,7
200803230WAS,RS,DET,1743.0,,62,54,8
200803230WAS,RS,DET,1780.0,,62,57,5
200803230WAS,RS,DET,1801.0,,62,59,3
200803230WAS,RS,DET,1876.0,,62,61,1
200803230WAS,RS,DET,1895.0,,64,61,3
200803230WAS,RS,DET,1971.0,,65,61,4
200803230WAS,RS,DET,1971.0,,66,61,5
200803230WAS,RS,DET,2057.0,,66,62,4
200803230WAS,RS,DET,2057.0,,66,63,3
200803230WAS,RS,DET,2076.0,,68,63,5
200803230WAS,RS,DET,2132.1,,71,63,8
200803230WAS,RS,DET,2156.2,,71,65,6
200803230WAS,RS,DET,2180.0,,71,67,4
200803230WAS,RS,DET,2245.0,,73,67,6
200803230WAS,RS,DET,2319.0,,73,69,4
200803230WAS,RS,DET,2334.0,,75,69,6
200803230WAS,RS,DET,2347.0,,76,69,7
200803230WAS,RS,DET,2354.0,,76,70,6
200803230WAS,RS,DET,2354.0,,76,71,5
200803230WAS,RS,DET,2376.0,,78,71,7
200803230WAS,RS,DET,2435.0,,81,71,10
200803230WAS,RS,DET,2457.0,,81,73,8
200803230WAS,RS,DET,2592.0,,83,73,10
200803230WAS,RS,DET,2671.0,,85,73,12
200803230WAS,RS,DET,2697.0,,85,75,10
200803230WAS,RS,DET,2733.0,,85,78,7
200803230WAS,RS,DET,2746.0,,87,78,9
200803230WAS,RS,DET,2779.0,,89,78,11
200803230WAS,RS,DET,2779.0,,90,78,12
200803230WAS,RS,DET,2787.0,,90,80,10
200803230WAS,RS,DET,2821.1,,90,82,8
200803230WAS,RS,DET,2824.3,,91,82,9
200803230WAS,RS,DET,2824.3,,92,82,10
200803230WAS,RS,DET,2831.1,,92,83,9
200803230WAS,RS,DET,2854.1,F,95,83,12
200803230WAS,RS,DET,2880.0,,95,83,12
200803250POR,RS,POR,0.0,,0,0,0
200803250POR,RS,POR,26.0,,0,2,-2
200803250POR,RS,POR,50.0,,0,4,-4
200803250POR,RS,POR,68.0,,2,4,-2
200803250POR,RS,POR,80.0,,2,6,-4
200803250POR,RS,POR,110.0,,2,8,-6
200803250POR,RS,POR,142.0,,2,10,-8
200803250POR,RS,POR,168.0,,4,10,-6
200803250POR,RS,POR,210.0,,4,12,-8
200803250POR,RS,POR,250.0,,5,12,-7
200803250POR,RS,POR,250.0,,6,12,-6
200803250POR,RS,POR,280.0,,7,12,-5
200803250POR,RS,POR,280.0,,8,12,-4
200803250POR,RS,POR,299.0,,8,14,-6
200803250POR,RS,POR,333.0,,8,15,-7
200803250POR,RS,POR,357.0,,8,17,-9
200803250POR,RS,POR,375.0,,9,17,-8
200803250POR,RS,POR,375.0,,10,17,-7
200803250POR,RS,POR,391.0,,10,19,-9
200803250POR,RS,POR,391.0,,10,20,-10
200803250POR,RS,POR,470.0,,12,20,-8
200803250POR,RS,POR,511.0,,14,20,-6
200803250POR,RS,POR,534.0,,14,23,-9
200803250POR,RS,POR,552.0,,16,23,-7
200803250POR,RS,POR,594.0,,16,25,-9
200803250POR,RS,POR,625.0,,16,26,-10
200803250POR,RS,POR,625.0,,16,27,-11
200803250POR,RS,POR,641.0,,19,27,-8
200803250POR,RS,POR,663.1,,19,29,-10
200803250POR,RS,POR,687.1,,22,29,-7
200803250POR,RS,POR,703.9,,22,31,-9
200803250POR,RS,POR,744.0,,25,31,-6
200803250POR,RS,POR,785.0,,27,31,-4
200803250POR,RS,POR,802.0,,27,32,-5
200803250POR,RS,POR,802.0,,27,33,-6
200803250POR,RS,POR,873.0,,29,33,-4
200803250POR,RS,POR,991.0,,32,33,-1
200803250POR,RS,POR,1030.0,,32,35,-3
200803250POR,RS,POR,1073.0,,32,37,-5
200803250POR,RS,POR,1107.0,,34,37,-3
200803250POR,RS,POR,1119.0,,34,40,-6
200803250POR,RS,POR,1137.0,,37,40,-3
200803250POR,RS,POR,1152.0,,37,42,-5
200803250POR,RS,POR,1169.0,,39,42,-3
200803250POR,RS,POR,1187.0,,39,44,-5
200803250POR,RS,POR,1219.0,,39,45,-6
200803250POR,RS,POR,1219.0,,39,46,-7
200803250POR,RS,POR,1240.0,,39,49,-10
200803250POR,RS,POR,1292.0,,41,49,-8
200803250POR,RS,POR,1313.0,,41,52,-11
200803250POR,RS,POR,1350.0,,41,54,-13
200803250POR,RS,POR,1367.0,,43,54,-11
200803250POR,RS,POR,1387.1,,43,57,-14
200803250POR,RS,POR,1422.2,,43,59,-16
200803250POR,RS,POR,1455.0,,45,59,-14
200803250POR,RS,POR,1479.0,,45,61,-16
200803250POR,RS,POR,1509.0,,45,62,-17
200803250POR,RS,POR,1509.0,,45,63,-18
200803250POR,RS,POR,1570.0,,45,65,-20
200803250POR,RS,POR,1585.0,,46,65,-19
200803250POR,RS,POR,1612.0,,47,65,-18
200803250POR,RS,POR,1633.0,,48,65,-17
200803250POR,RS,POR,1642.0,,48,68,-20
200803250POR,RS,POR,1704.0,,48,70,-22
200803250POR,RS,POR,1730.0,,50,70,-20
200803250POR,RS,POR,1760.0,,53,70,-17
200803250POR,RS,POR,1779.0,,53,71,-18
200803250POR,RS,POR,1811.0,,53,73,-20
200803250POR,RS,POR,1883.0,,55,73,-18
200803250POR,RS,POR,1908.0,,55,75,-20
200803250POR,RS,POR,1926.0,,57,75,-18
200803250POR,RS,POR,1948.0,,57,77,-20
200803250POR,RS,POR,1976.0,,57,80,-23
200803250POR,RS,POR,2002.0,,59,80,-21
200803250POR,RS,POR,2042.0,,61,80,-19
200803250POR,RS,POR,2075.0,,64,80,-16
200803250POR,RS,POR,2100.6,,65,80,-15
200803250POR,RS,POR,2100.6,,66,80,-14
200803250POR,RS,POR,2126.6,,66,82,-16
200803250POR,RS,POR,2294.0,,68,82,-14
200803250POR,RS,POR,2353.0,,68,83,-15
200803250POR,RS,POR,2393.0,,69,83,-14
200803250POR,RS,POR,2413.0,,69,85,-16
200803250POR,RS,POR,2445.0,,69,86,-17
200803250POR,RS,POR,2445.0,,69,87,-18
200803250POR,RS,POR,2465.0,,71,87,-16
200803250POR,RS,POR,2502.0,,71,89,-18
200803250POR,RS,POR,2539.0,,71,92,-21
200803250POR,RS,POR,2573.0,,71,95,-24
200803250POR,RS,POR,2629.0,,73,95,-22
200803250POR,RS,POR,2722.0,,73,97,-24
200803250POR,RS,POR,2737.0,,74,97,-23
200803250POR,RS,POR,2737.0,,75,97,-22
200803250POR,RS,POR,2756.0,,75,99,-24
200803250POR,RS,POR,2770.0,,76,99,-23
200803250POR,RS,POR,2770.0,,77,99,-22
200803250POR,RS,POR,2808.0,,80,99,-19
200803250POR,RS,POR,2821.1,,80,102,-22
200803250POR,RS,POR,2863.1,F,82,102,-20
200803250POR,RS,POR,2880.0,,82,102,-20
200803260SEA,RS,SEA,0.0,,0,0,0
200803260SEA,RS,SEA,33.0,,2,0,2
200803260SEA,RS,SEA,33.0,,3,0,3
200803260SEA,RS,SEA,58.0,,5,0,5
200803260SEA,RS,SEA,90.0,,5,1,4
200803260SEA,RS,SEA,90.0,,5,2,3
200803260SEA,RS,SEA,104.0,,7,2,5
200803260SEA,RS,SEA,113.0,,7,4,3
200803260SEA,RS,SEA,131.0,,9,4,5
200803260SEA,RS,SEA,150.0,,11,4,7
200803260SEA,RS,SEA,159.0,,11,6,5
200803260SEA,RS,SEA,196.0,,11,8,3
200803260SEA,RS,SEA,209.0,,14,8,6
200803260SEA,RS,SEA,253.0,,16,8,8
200803260SEA,RS,SEA,262.0,,16,10,6
200803260SEA,RS,SEA,300.0,,16,12,4
200803260SEA,RS,SEA,332.0,,16,14,2
200803260SEA,RS,SEA,356.0,,19,14,5
200803260SEA,RS,SEA,421.0,,20,14,6
200803260SEA,RS,SEA,421.0,,21,14,7
200803260SEA,RS,SEA,467.0,,21,16,5
200803260SEA,RS,SEA,534.0,,21,18,3
200803260SEA,RS,SEA,558.0,,22,18,4
200803260SEA,RS,SEA,558.0,,23,18,5
200803260SEA,RS,SEA,558.0,,24,18,6
200803260SEA,RS,SEA,582.0,,24,20,4
200803260SEA,RS,SEA,642.0,,24,22,2
200803260SEA,RS,SEA,660.0,,26,22,4
200803260SEA,RS,SEA,660.0,,27,22,5
200803260SEA,RS,SEA,684.8,,29,22,7
200803260SEA,RS,SEA,717.5,,29,23,6
200803260SEA,RS,SEA,754.0,,29,25,4
200803260SEA,RS,SEA,776.0,,29,27,2
200803260SEA,RS,SEA,802.0,T,29,29,0
200803260SEA,RS,SEA,823.0,,30,29,1
200803260SEA,RS,SEA,823.0,,31,29,2
200803260SEA,RS,SEA,835.0,,31,30,1
200803260SEA,RS,SEA,835.0,T,31,31,0
200803260SEA,RS,SEA,858.0,LC,31,32,-1
200803260SEA,RS,SEA,858.0,,31,33,-2
200803260SEA,RS,SEA,874.0,T,33,33,0
200803260SEA,RS,SEA,949.0,,33,35,-2
200803260SEA,RS,SEA,968.0,LC,36,35,1
200803260SEA,RS,SEA,983.0,LC,36,37,-1
200803260SEA,RS,SEA,1007.0,T,37,37,0
200803260SEA,RS,SEA,1029.0,,37,39,-2
200803260SEA,RS,SEA,1065.0,,37,41,-4
200803260SEA,RS,SEA,1080.0,,38,41,-3
200803260SEA,RS,SEA,1080.0,,39,41,-2
200803260SEA,RS,SEA,1091.0,,39,43,-4
200803260SEA,RS,SEA,1091.0,,39,44,-5
200803260SEA,RS,SEA,1124.0,,41,44,-3
200803260SEA,RS,SEA,1152.0,,43,44,-1
200803260SEA,RS,SEA,1189.0,LC,46,44,2
200803260SEA,RS,SEA,1208.0,T,46,46,0
200803260SEA,RS,SEA,1232.0,,48,46,2
200803260SEA,RS,SEA,1253.0,T,48,48,0
200803260SEA,RS,SEA,1268.0,,50,48,2
200803260SEA,RS,SEA,1293.0,T,50,50,0
200803260SEA,RS,SEA,1343.0,LC,50,52,-2
200803260SEA,RS,SEA,1384.1,,50,54,-4
200803260SEA,RS,SEA,1424.4,,50,56,-6
200803260SEA,RS,SEA,1523.0,,52,56,-4
200803260SEA,RS,SEA,1585.0,,52,57,-5
200803260SEA,RS,SEA,1585.0,,52,58,-6
200803260SEA,RS,SEA,1604.0,,54,58,-4
200803260SEA,RS,SEA,1643.0,,54,59,-5
200803260SEA,RS,SEA,1656.0,,54,61,-7
200803260SEA,RS,SEA,1674.0,,54,62,-8
200803260SEA,RS,SEA,1674.0,,54,63,-9
200803260SEA,RS,SEA,1692.0,,56,63,-7
200803260SEA,RS,SEA,1702.0,,56,65,-9
200803260SEA,RS,SEA,1737.0,,56,67,-11
200803260SEA,RS,SEA,1769.0,,56,69,-13
200803260SEA,RS,SEA,1860.0,,56,71,-15
200803260SEA,RS,SEA,1903.0,,56,73,-17
200803260SEA,RS,SEA,1928.0,,58,73,-15
200803260SEA,RS,SEA,1958.0,,60,73,-13
200803260SEA,RS,SEA,1958.0,,61,73,-12
200803260SEA,RS,SEA,1990.0,,64,73,-9
200803260SEA,RS,SEA,2012.0,,66,73,-7
200803260SEA,RS,SEA,2065.0,,66,75,-9
200803260SEA,RS,SEA,2107.9,,67,75,-8
200803260SEA,RS,SEA,2107.9,,68,75,-7
200803260SEA,RS,SEA,2177.0,,68,77,-9
200803260SEA,RS,SEA,2193.0,,71,77,-6
200803260SEA,RS,SEA,2219.0,,71,79,-8
200803260SEA,RS,SEA,2239.0,,73,79,-6
200803260SEA,RS,SEA,2270.0,,75,79,-4
200803260SEA,RS,SEA,2290.0,,75,81,-6
200803260SEA,RS,SEA,2309.0,,75,82,-7
200803260SEA,RS,SEA,2324.0,,78,82,-4
200803260SEA,RS,SEA,2342.0,,80,82,-2
200803260SEA,RS,SEA,2361.0,,80,83,-3
200803260SEA,RS,SEA,2361.0,,80,84,-4
200803260SEA,RS,SEA,2375.0,,83,84,-1
200803260SEA,RS,SEA,2412.0,LC,85,84,1
200803260SEA,RS,SEA,2442.0,,87,84,3
200803260SEA,RS,SEA,2501.0,,90,84,6
200803260SEA,RS,SEA,2515.0,,90,86,4
200803260SEA,RS,SEA,2535.0,,92,86,6
200803260SEA,RS,SEA,2544.0,,92,89,3
200803260SEA,RS,SEA,2608.0,,95,89,6
200803260SEA,RS,SEA,2622.0,,95,90,5
200803260SEA,RS,SEA,2622.0,,95,91,4
200803260SEA,RS,SEA,2664.0,,97,91,6
200803260SEA,RS,SEA,2699.0,,99,91,8
200803260SEA,RS,SEA,2716.0,,99,92,7
200803260SEA,RS,SEA,2733.0,,101,92,9
200803260SEA,RS,SEA,2750.0,,101,93,8
200803260SEA,RS,SEA,2789.0,,102,93,9
200803260SEA,RS,SEA,2789.0,,103,93,10
200803260SEA,RS,SEA,2803.0,,103,95,8
200803260SEA,RS,SEA,2830.1,,103,97,6
200803260SEA,RS,SEA,2862.4,,104,97,7
200803260SEA,RS,SEA,2876.5,F,104,99,5
200803260SEA,RS,SEA,2880.0,,104,99,5
200803280SAC,RS,SAC,0.0,,0,0,0
200803280SAC,RS,SAC,5.0,,2,0,2
200803280SAC,RS,SAC,19.0,T,2,2,0
200803280SAC,RS,SAC,53.0,LC,2,4,-2
200803280SAC,RS,SAC,63.0,T,4,4,0
200803280SAC,RS,SAC,71.0,,4,6,-2
200803280SAC,RS,SAC,126.0,T,6,6,0
200803280SAC,RS,SAC,145.0,LC,7,6,1
200803280SAC,RS,SAC,186.0,LC,7,8,-1
200803280SAC,RS,SAC,228.0,,7,11,-4
200803280SAC,RS,SAC,246.0,,8,11,-3
200803280SAC,RS,SAC,269.0,,8,13,-5
200803280SAC,RS,SAC,295.0,,11,13,-2
200803280SAC,RS,SAC,320.0,T,13,13,0
200803280SAC,RS,SAC,379.0,LC,15,13,2
200803280SAC,RS,SAC,407.0,,16,13,3
200803280SAC,RS,SAC,417.0,,19,13,6
200803280SAC,RS,SAC,447.0,,19,15,4
200803280SAC,RS,SAC,463.0,,19,16,3
200803280SAC,RS,SAC,463.0,,19,17,2
200803280SAC,RS,SAC,476.0,T,19,19,0
200803280SAC,RS,SAC,501.0,,21,19,2
200803280SAC,RS,SAC,527.0,T,21,21,0
200803280SAC,RS,SAC,542.0,,22,21,1
200803280SAC,RS,SAC,567.0,LC,22,24,-2
200803280SAC,RS,SAC,605.0,,22,26,-4
200803280SAC,RS,SAC,635.0,,24,26,-2
200803280SAC,RS,SAC,656.0,,24,28,-4
200803280SAC,RS,SAC,687.3,,24,31,-7
200803280SAC,RS,SAC,700.4,,27,31,-4
200803280SAC,RS,SAC,732.0,,27,32,-5
200803280SAC,RS,SAC,732.0,,27,33,-6
200803280SAC,RS,SAC,749.0,,29,33,-4
200803280SAC,RS,SAC,773.0,,29,34,-5
200803280SAC,RS,SAC,797.0,,29,36,-7
200803280SAC,RS,SAC,845.0,,30,36,-6
200803280SAC,RS,SAC,862.0,,30,38,-8
200803280SAC,RS,SAC,878.0,,32,38,-6
200803280SAC,RS,SAC,899.0,,32,41,-9
200803280SAC,RS,SAC,916.0,,34,41,-7
200803280SAC,RS,SAC,933.0,,34,43,-9
200803280SAC,RS,SAC,964.0,,36,43,-7
200803280SAC,RS,SAC,1057.0,,36,44,-8
200803280SAC,RS,SAC,1057.0,,36,45,-9
200803280SAC,RS,SAC,1081.0,,36,48,-12
200803280SAC,RS,SAC,1121.0,,38,48,-10
200803280SAC,RS,SAC,1155.0,,40,48,-8
200803280SAC,RS,SAC,1173.0,,40,51,-11
200803280SAC,RS,SAC,1212.0,,43,51,-8
200803280SAC,RS,SAC,1271.0,,43,53,-10
200803280SAC,RS,SAC,1352.0,,43,55,-12
200803280SAC,RS,SAC,1367.0,,45,55,-10
200803280SAC,RS,SAC,1396.6,,47,55,-8
200803280SAC,RS,SAC,1407.9,,47,56,-9
200803280SAC,RS,SAC,1437.1,,47,58,-11
200803280SAC,RS,SAC,1462.0,,47,59,-12
200803280SAC,RS,SAC,1462.0,,47,60,-13
200803280SAC,RS,SAC,1485.0,,49,60,-11
200803280SAC,RS,SAC,1485.0,,50,60,-10
200803280SAC,RS,SAC,1529.0,,50,62,-12
200803280SAC,RS,SAC,1566.0,,50,64,-14
200803280SAC,RS,SAC,1597.0,,50,66,-16
200803280SAC,RS,SAC,1633.0,,52,66,-14
200803280SAC,RS,SAC,1670.0,,53,66,-13
200803280SAC,RS,SAC,1687.0,,53,67,-14
200803280SAC,RS,SAC,1687.0,,53,68,-15
200803280SAC,RS,SAC,1703.0,,55,68,-13
200803280SAC,RS,SAC,1703.0,,56,68,-12
200803280SAC,RS,SAC,1713.0,,57,68,-11
200803280SAC,RS,SAC,1713.0,,58,68,-10
200803280SAC,RS,SAC,1746.0,,58,70,-12
200803280SAC,RS,SAC,1769.0,,60,70,-10
200803280SAC,RS,SAC,1798.0,,62,70,-8
200803280SAC,RS,SAC,1798.0,,63,70,-7
200803280SAC,RS,SAC,1815.0,,63,72,-9
200803280SAC,RS,SAC,1841.0,,65,72,-7
200803280SAC,RS,SAC,1860.0,,65,74,-9
200803280SAC,RS,SAC,1881.0,,67,74,-7
200803280SAC,RS,SAC,1921.0,,68,74,-6
200803280SAC,RS,SAC,1921.0,,69,74,-5
200803280SAC,RS,SAC,1945.0,,71,74,-3
200803280SAC,RS,SAC,1957.0,,71,75,-4
200803280SAC,RS,SAC,1982.0,,73,75,-2
200803280SAC,RS,SAC,1998.0,,73,77,-4
200803280SAC,RS,SAC,2009.0,,74,77,-3
200803280SAC,RS,SAC,2009.0,,75,77,-2
200803280SAC,RS,SAC,2024.0,,75,78,-3
200803280SAC,RS,SAC,2024.0,,75,79,-4
200803280SAC,RS,SAC,2031.0,,76,79,-3
200803280SAC,RS,SAC,2031.0,,77,79,-2
200803280SAC,RS,SAC,2045.0,T,79,79,0
200803280SAC,RS,SAC,2077.0,LC,81,79,2
200803280SAC,RS,SAC,2077.0,,82,79,3
200803280SAC,RS,SAC,2178.0,,84,79,5
200803280SAC,RS,SAC,2234.0,,87,79,8
200803280SAC,RS,SAC,2252.0,,87,80,7
200803280SAC,RS,SAC,2252.0,,87,81,6
200803280SAC,RS,SAC,2270.0,,90,81,9
200803280SAC,RS,SAC,2299.0,,92,81,11
200803280SAC,RS,SAC,2323.0,,92,83,9
200803280SAC,RS,SAC,2381.0,,92,85,7
200803280SAC,RS,SAC,2406.0,,92,86,6
200803280SAC,RS,SAC,2406.0,,92,87,5
200803280SAC,RS,SAC,2432.0,,94,87,7
200803280SAC,RS,SAC,2445.0,,94,90,4
200803280SAC,RS,SAC,2460.0,,96,90,6
200803280SAC,RS,SAC,2473.0,,96,91,5
200803280SAC,RS,SAC,2473.0,,96,92,4
200803280SAC,RS,SAC,2513.0,,96,93,3
200803280SAC,RS,SAC,2513.0,,96,94,2
200803280SAC,RS,SAC,2559.0,,97,94,3
200803280SAC,RS,SAC,2559.0,,98,94,4
200803280SAC,RS,SAC,2595.0,,101,94,7
200803280SAC,RS,SAC,2608.0,,101,97,4
200803280SAC,RS,SAC,2628.0,,104,97,7
200803280SAC,RS,SAC,2697.0,,106,97,9
200803280SAC,RS,SAC,2714.0,,106,98,8
200803280SAC,RS,SAC,2714.0,,106,99,7
200803280SAC,RS,SAC,2740.0,,106,101,5
200803280SAC,RS,SAC,2800.0,,106,102,4
200803280SAC,RS,SAC,2800.0,,106,103,3
200803280SAC,RS,SAC,2821.1,,108,103,5
200803280SAC,RS,SAC,2828.6,,108,105,3
200803280SAC,RS,SAC,2843.4,,110,105,5
200803280SAC,RS,SAC,2869.6,,111,105,6
200803280SAC,RS,SAC,2869.6,,112,105,7
200803280SAC,RS,SAC,2875.0,,112,107,5
200803280SAC,RS,SAC,2875.0,,112,108,4
200803280SAC,RS,SAC,2875.4,,113,108,5
200803280SAC,RS,SAC,2875.4,F,114,108,6
200803280SAC,RS,SAC,2880.0,,114,108,6
200803300LAL,RS,LAL,0.0,,0,0,0
200803300LAL,RS,LAL,46.0,,0,3,-3
200803300LAL,RS,LAL,69.0,,2,3,-1
200803300LAL,RS,LAL,90.0,,2,5,-3
200803300LAL,RS,LAL,127.0,,2,7,-5
200803300LAL,RS,LAL,152.0,,5,7,-2
200803300LAL,RS,LAL,178.0,,5,10,-5
200803300LAL,RS,LAL,199.0,,7,10,-3
200803300LAL,RS,LAL,245.0,,7,12,-5
200803300LAL,RS,LAL,267.0,,8,12,-4
200803300LAL,RS,LAL,322.0,,8,15,-7
200803300LAL,RS,LAL,336.0,,11,15,-4
200803300LAL,RS,LAL,367.0,,14,15,-1
200803300LAL,RS,LAL,375.0,,14,16,-2
200803300LAL,RS,LAL,397.0,LC,17,16,1
200803300LAL,RS,LAL,432.0,,20,16,4
200803300LAL,RS,LAL,461.0,,22,16,6
200803300LAL,RS,LAL,512.0,,22,18,4
200803300LAL,RS,LAL,535.0,,23,18,5
200803300LAL,RS,LAL,556.0,,23,21,2
200803300LAL,RS,LAL,587.0,T,23,23,0
200803300LAL,RS,LAL,626.0,LC,23,24,-1
200803300LAL,RS,LAL,694.7,,23,27,-4
200803300LAL,RS,LAL,719.7,,25,27,-2
200803300LAL,RS,LAL,739.0,,25,30,-5
200803300LAL,RS,LAL,763.0,,26,30,-4
200803300LAL,RS,LAL,763.0,,27,30,-3
200803300LAL,RS,LAL,828.0,,29,30,-1
200803300LAL,RS,LAL,867.0,,29,33,-4
200803300LAL,RS,LAL,907.0,,29,35,-6
200803300LAL,RS,LAL,927.0,,30,35,-5
200803300LAL,RS,LAL,927.0,,31,35,-4
200803300LAL,RS,LAL,946.0,,31,38,-7
200803300LAL,RS,LAL,966.0,,33,38,-5
200803300LAL,RS,LAL,984.0,,33,41,-8
200803300LAL,RS,LAL,1000.0,,34,41,-7
200803300LAL,RS,LAL,1000.0,,35,41,-6
200803300LAL,RS,LAL,1016.0,,35,42,-7
200803300LAL,RS,LAL,1016.0,,35,43,-8
200803300LAL,RS,LAL,1031.0,,37,43,-6
200803300LAL,RS,LAL,1071.0,,37,45,-8
200803300LAL,RS,LAL,1102.0,,37,47,-10
200803300LAL,RS,LAL,1121.0,,39,47,-8
200803300LAL,RS,LAL,1195.0,,41,47,-6
200803300LAL,RS,LAL,1230.0,,43,47,-4
200803300LAL,RS,LAL,1273.0,,44,47,-3
200803300LAL,RS,LAL,1273.0,,45,47,-2
200803300LAL,RS,LAL,1321.0,,45,50,-5
200803300LAL,RS,LAL,1359.0,,45,53,-8
200803300LAL,RS,LAL,1407.3,,46,53,-7
200803300LAL,RS,LAL,1417.7,,46,54,-8
200803300LAL,RS,LAL,1417.7,,46,55,-9
200803300LAL,RS,LAL,1430.6,,47,55,-8
200803300LAL,RS,LAL,1437.3,,47,57,-10
200803300LAL,RS,LAL,1437.3,,47,58,-11
200803300LAL,RS,LAL,1478.0,,47,59,-12
200803300LAL,RS,LAL,1478.0,,47,60,-13
200803300LAL,RS,LAL,1501.0,,47,62,-15
200803300LAL,RS,LAL,1545.0,,47,64,-17
200803300LAL,RS,LAL,1562.0,,50,64,-14
200803300LAL,RS,LAL,1583.0,,53,64,-11
200803300LAL,RS,LAL,1595.0,,53,66,-13
200803300LAL,RS,LAL,1614.0,,56,66,-10
200803300LAL,RS,LAL,1643.0,,59,66,-7
200803300LAL,RS,LAL,1662.0,,59,68,-9
200803300LAL,RS,LAL,1682.0,,60,68,-8
200803300LAL,RS,LAL,1682.0,,61,68,-7
200803300LAL,RS,LAL,1703.0,,61,70,-9
200803300LAL,RS,LAL,1717.0,,63,70,-7
200803300LAL,RS,LAL,1734.0,,63,72,-9
200803300LAL,RS,LAL,1754.0,,65,72,-7
200803300LAL,RS,LAL,1777.0,,65,74,-9
200803300LAL,RS,LAL,1791.0,,67,74,-7
200803300LAL,RS,LAL,1807.0,,67,75,-8
200803300LAL,RS,LAL,1807.0,,67,76,-9
200803300LAL,RS,LAL,1862.0,,70,76,-6
200803300LAL,RS,LAL,1877.0,,70,77,-7
200803300LAL,RS,LAL,1877.0,,70,78,-8
200803300LAL,RS,LAL,1889.0,,73,78,-5
200803300LAL,RS,LAL,1916.0,,75,78,-3
200803300LAL,RS,LAL,1961.0,,77,78,-1
200803300LAL,RS,LAL,1978.0,,77,80,-3
200803300LAL,RS,LAL,2011.0,,77,81,-4
200803300LAL,RS,LAL,2027.0,,80,81,-1
200803300LAL,RS,LAL,2067.0,,80,83,-3
200803300LAL,RS,LAL,2086.0,,81,83,-2
200803300LAL,RS,LAL,2086.0,,82,83,-1
200803300LAL,RS,LAL,2101.6,,82,84,-2
200803300LAL,RS,LAL,2117.7,,83,84,-1
200803300LAL,RS,LAL,2117.7,T,84,84,0
200803300LAL,RS,LAL,2138.1,,84,86,-2
200803300LAL,RS,LAL,2153.8,,85,86,-1
200803300LAL,RS,LAL,2153.8,T,86,86,0
200803300LAL,RS,LAL,2175.0,LC,88,86,2
200803300LAL,RS,LAL,2201.0,T,88,88,0
200803300LAL,RS,LAL,2221.0,LC,88,90,-2
200803300LAL,RS,LAL,2221.0,,88,91,-3
200803300LAL,RS,LAL,2262.0,,88,93,-5
200803300LAL,RS,LAL,2307.0,,90,93,-3
200803300LAL,RS,LAL,2338.0,,92,93,-1
200803300LAL,RS,LAL,2376.0,,92,96,-4
200803300LAL,RS,LAL,2432.0,,92,99,-7
200803300LAL,RS,LAL,2494.0,,92,101,-9
200803300LAL,RS,LAL,2508.0,,94,101,-7
200803300LAL,RS,LAL,2553.0,,94,103,-9
200803300LAL,RS,LAL,2584.0,,96,103,-7
200803300LAL,RS,LAL,2626.0,,99,103,-4
200803300LAL,RS,LAL,2644.0,,99,104,-5
200803300LAL,RS,LAL,2644.0,,99,105,-6
200803300LAL,RS,LAL,2667.0,,102,105,-3
200803300LAL,RS,LAL,2713.0,T,105,105,0
200803300LAL,RS,LAL,2768.0,,105,107,-2
200803300LAL,RS,LAL,2803.0,,105,109,-4
200803300LAL,RS,LAL,2829.3,,108,109,-1
200803300LAL,RS,LAL,2847.0,,108,110,-2
200803300LAL,RS,LAL,2847.0,,108,111,-3
200803300LAL,RS,LAL,2869.9,T,111,111,0
200803300LAL,RS,LAL,2897.0,,111,112,-1
200803300LAL,RS,LAL,2915.0,T,112,112,0
200803300LAL,RS,LAL,2963.0,LC,114,112,2
200803300LAL,RS,LAL,2978.0,T,114,114,0
200803300LAL,RS,LAL,3026.0,,116,114,2
200803300LAL,RS,LAL,3059.0,,118,114,4
200803300LAL,RS,LAL,3080.0,,118,117,1
200803300LAL,RS,LAL,3102.0,,120,117,3
200803300LAL,RS,LAL,3118.0,,120,119,1
200803300LAL,RS,LAL,3142.2,T,120,120,0
200803300LAL,RS,LAL,3142.2,LC,120,121,-1
200803300LAL,RS,LAL,3166.7,,120,122,-2
200803300LAL,RS,LAL,3169.8,,120,123,-3
200803300LAL,RS,LAL,3169.8,,120,124,-4
200803300LAL,RS,LAL,3178.4,F,120,126,-6
200803300LAL,RS,LAL,3180.0,,120,126,-6
200803310UTA,RS,UTA,0.0,,0,0,0
200803310UTA,RS,UTA,20.0,,2,0,2
200803310UTA,RS,UTA,32.0,T,2,2,0
200803310UTA,RS,UTA,69.0,LC,2,4,-2
200803310UTA,RS,UTA,89.0,T,4,4,0
200803310UTA,RS,UTA,135.0,,4,5,-1
200803310UTA,RS,UTA,152.0,LC,6,5,1
200803310UTA,RS,UTA,185.0,,8,5,3
200803310UTA,RS,UTA,196.0,,8,7,1
200803310UTA,RS,UTA,226.0,LC,8,9,-1
200803310UTA,RS,UTA,245.0,LC,10,9,1
200803310UTA,RS,UTA,266.0,LC,10,11,-1
200803310UTA,RS,UTA,297.0,,10,13,-3
200803310UTA,RS,UTA,311.0,T,13,13,0
200803310UTA,RS,UTA,326.0,,13,15,-2
200803310UTA,RS,UTA,360.0,,13,18,-5
200803310UTA,RS,UTA,394.0,,13,20,-7
200803310UTA,RS,UTA,440.0,,13,23,-10
200803310UTA,RS,UTA,505.0,,15,23,-8
200803310UTA,RS,UTA,518.0,,15,24,-9
200803310UTA,RS,UTA,518.0,,15,25,-10
200803310UTA,RS,UTA,558.0,,17,25,-8
200803310UTA,RS,UTA,587.0,,17,27,-10
200803310UTA,RS,UTA,625.0,,17,29,-12
200803310UTA,RS,UTA,648.0,,20,29,-9
200803310UTA,RS,UTA,684.9,,20,31,-11
200803310UTA,RS,UTA,698.0,,22,31,-9
200803310UTA,RS,UTA,756.0,,24,31,-7
200803310UTA,RS,UTA,773.0,,24,33,-9
200803310UTA,RS,UTA,810.0,,24,35,-11
200803310UTA,RS,UTA,832.0,,24,36,-12
200803310UTA,RS,UTA,836.0,,24,38,-14
200803310UTA,RS,UTA,879.0,,24,41,-17
200803310UTA,RS,UTA,894.0,,24,42,-18
200803310UTA,RS,UTA,894.0,,24,43,-19
200803310UTA,RS,UTA,983.0,,24,46,-22
200803310UTA,RS,UTA,1015.0,,24,48,-24
200803310UTA,RS,UTA,1034.0,,26,48,-22
200803310UTA,RS,UTA,1055.0,,26,50,-24
200803310UTA,RS,UTA,1070.0,,28,50,-22
200803310UTA,RS,UTA,1070.0,,29,50,-21
200803310UTA,RS,UTA,1114.0,,29,52,-23
200803310UTA,RS,UTA,1151.0,,29,54,-25
200803310UTA,RS,UTA,1191.0,,30,54,-24
200803310UTA,RS,UTA,1191.0,,31,54,-23
200803310UTA,RS,UTA,1210.0,,31,56,-25
200803310UTA,RS,UTA,1225.0,,33,56,-23
200803310UTA,RS,UTA,1233.0,,33,59,-26
200803310UTA,RS,UTA,1246.0,,35,59,-24
200803310UTA,RS,UTA,1260.0,,35,61,-26
200803310UTA,RS,UTA,1271.0,,36,61,-25
200803310UTA,RS,UTA,1271.0,,37,61,-24
200803310UTA,RS,UTA,1293.0,,37,64,-27
200803310UTA,RS,UTA,1344.0,,38,64,-26
200803310UTA,RS,UTA,1344.0,,39,64,-25
200803310UTA,RS,UTA,1363.0,,39,67,-28
200803310UTA,RS,UTA,1400.0,,40,67,-27
200803310UTA,RS,UTA,1400.0,,41,67,-26
200803310UTA,RS,UTA,1408.7,,41,70,-29
200803310UTA,RS,UTA,1436.5,,41,73,-32
200803310UTA,RS,UTA,1466.0,,41,75,-34
200803310UTA,RS,UTA,1486.0,,43,75,-32
200803310UTA,RS,UTA,1502.0,,43,78,-35
200803310UTA,RS,UTA,1539.0,,46,78,-32
200803310UTA,RS,UTA,1604.0,,48,78,-30
200803310UTA,RS,UTA,1629.0,,48,80,-32
200803310UTA,RS,UTA,1659.0,,48,82,-34
200803310UTA,RS,UTA,1676.0,,50,82,-32
200803310UTA,RS,UTA,1736.0,,53,82,-29
200803310UTA,RS,UTA,1770.0,,54,82,-28
200803310UTA,RS,UTA,1770.0,,55,82,-27
200803310UTA,RS,UTA,1789.0,,55,85,-30
200803310UTA,RS,UTA,1806.0,,55,87,-32
200803310UTA,RS,UTA,1806.0,,55,88,-33
200803310UTA,RS,UTA,1815.0,,56,88,-32
200803310UTA,RS,UTA,1850.0,,56,90,-34
200803310UTA,RS,UTA,1891.0,,57,90,-33
200803310UTA,RS,UTA,1909.0,,57,92,-35
200803310UTA,RS,UTA,1947.0,,57,94,-37
200803310UTA,RS,UTA,1965.0,,59,94,-35
200803310UTA,RS,UTA,2005.0,,59,96,-37
200803310UTA,RS,UTA,2019.0,,60,96,-36
200803310UTA,RS,UTA,2019.0,,61,96,-35
200803310UTA,RS,UTA,2045.0,,64,96,-32
200803310UTA,RS,UTA,2063.0,,64,99,-35
200803310UTA,RS,UTA,2090.0,,64,100,-36
200803310UTA,RS,UTA,2090.0,,64,101,-37
200803310UTA,RS,UTA,2126.7,,64,103,-39
200803310UTA,RS,UTA,2137.7,,66,103,-37
200803310UTA,RS,UTA,2159.4,,66,105,-39
200803310UTA,RS,UTA,2179.0,,67,105,-38
200803310UTA,RS,UTA,2179.0,,68,105,-37
200803310UTA,RS,UTA,2189.0,,68,107,-39
200803310UTA,RS,UTA,2224.0,,68,109,-41
200803310UTA,RS,UTA,2277.0,,70,109,-39
200803310UTA,RS,UTA,2377.0,,70,112,-42
200803310UTA,RS,UTA,2391.0,,71,112,-41
200803310UTA,RS,UTA,2391.0,,72,112,-40
200803310UTA,RS,UTA,2437.0,,72,113,-41
200803310UTA,RS,UTA,2460.0,,74,113,-39
200803310UTA,RS,UTA,2484.0,,74,116,-42
200803310UTA,RS,UTA,2499.0,,76,116,-40
200803310UTA,RS,UTA,2514.0,,76,119,-43
200803310UTA,RS,UTA,2563.0,,76,121,-45
200803310UTA,RS,UTA,2602.0,,76,123,-47
200803310UTA,RS,UTA,2617.0,,78,123,-45
200803310UTA,RS,UTA,2695.0,,79,123,-44
200803310UTA,RS,UTA,2695.0,,80,123,-43
200803310UTA,RS,UTA,2707.0,,81,123,-42
200803310UTA,RS,UTA,2714.0,,81,124,-43
200803310UTA,RS,UTA,2714.0,,81,125,-44
200803310UTA,RS,UTA,2731.0,,83,125,-42
200803310UTA,RS,UTA,2760.0,,85,125,-40
200803310UTA,RS,UTA,2800.0,,85,126,-41
200803310UTA,RS,UTA,2800.0,,85,127,-42
200803310UTA,RS,UTA,2844.6,,87,127,-40
200803310UTA,RS,UTA,2861.0,F,87,129,-42
200803310UTA,RS,UTA,2880.0,,87,129,-42
200804020WAS,RS,MIL,0.0,,0,0,0
200804020WAS,RS,MIL,14.0,,2,0,2
200804020WAS,RS,MIL,44.0,,4,0,4
200804020WAS,RS,MIL,58.0,,4,1,3
200804020WAS,RS,MIL,58.0,,4,2,2
200804020WAS,RS,MIL,77.0,,6,2,4
200804020WAS,RS,MIL,86.0,,6,4,2
200804020WAS,RS,MIL,108.0,,8,4,4
200804020WAS,RS,MIL,134.0,,10,4,6
200804020WAS,RS,MIL,163.0,,13,4,9
200804020WAS,RS,MIL,191.0,,13,6,7
200804020WAS,RS,MIL,228.0,,13,8,5
200804020WAS,RS,MIL,284.0,,13,10,3
200804020WAS,RS,MIL,334.0,,14,10,4
200804020WAS,RS,MIL,346.0,,16,10,6
200804020WAS,RS,MIL,369.0,,16,12,4
200804020WAS,RS,MIL,417.0,,16,14,2
200804020WAS,RS,MIL,431.0,,18,14,4
200804020WAS,RS,MIL,446.0,,18,17,1
200804020WAS,RS,MIL,453.0,,19,17,2
200804020WAS,RS,MIL,470.0,T,19,19,0
200804020WAS,RS,MIL,478.0,,21,19,2
200804020WAS,RS,MIL,497.0,T,21,21,0
200804020WAS,RS,MIL,506.0,,24,21,3
200804020WAS,RS,MIL,525.0,,24,23,1
200804020WAS,RS,MIL,553.0,LC,24,25,-1
200804020WAS,RS,MIL,577.0,LC,27,25,2
200804020WAS,RS,MIL,591.0,T,27,27,0
200804020WAS,RS,MIL,605.0,,29,27,2
200804020WAS,RS,MIL,662.1,,31,27,4
200804020WAS,RS,MIL,681.3,,33,27,6
200804020WAS,RS,MIL,695.7,,33,30,3
200804020WAS,RS,MIL,757.0,,35,30,5
200804020WAS,RS,MIL,788.0,,37,30,7
200804020WAS,RS,MIL,805.0,,37,32,5
200804020WAS,RS,MIL,846.0,,39,32,7
200804020WAS,RS,MIL,846.0,,40,32,8
200804020WAS,RS,MIL,890.0,,40,34,6
200804020WAS,RS,MIL,922.0,,42,34,8
200804020WAS,RS,MIL,945.0,,42,36,6
200804020WAS,RS,MIL,1004.0,,42,38,4
200804020WAS,RS,MIL,1030.0,,44,38,6
200804020WAS,RS,MIL,1057.0,,46,38,8
200804020WAS,RS,MIL,1078.0,,48,38,10
200804020WAS,RS,MIL,1100.0,,48,40,8
200804020WAS,RS,MIL,1144.0,,48,43,5
200804020WAS,RS,MIL,1168.0,,50,43,7
200804020WAS,RS,MIL,1187.0,,50,45,5
200804020WAS,RS,MIL,1217.0,,51,45,6
200804020WAS,RS,MIL,1250.0,,53,45,8
200804020WAS,RS,MIL,1258.0,,53,47,6
200804020WAS,RS,MIL,1266.0,,53,50,3
200804020WAS,RS,MIL,1284.0,,55,50,5
200804020WAS,RS,MIL,1299.0,,57,50,7
200804020WAS,RS,MIL,1326.0,,59,50,9
200804020WAS,RS,MIL,1354.0,,61,50,11
200804020WAS,RS,MIL,1398.5,,61,52,9
200804020WAS,RS,MIL,1408.1,,61,54,7
200804020WAS,RS,MIL,1458.0,,61,55,6
200804020WAS,RS,MIL,1458.0,,61,56,5
200804020WAS,RS,MIL,1488.0,,61,58,3
200804020WAS,RS,MIL,1501.0,,63,58,5
200804020WAS,RS,MIL,1527.0,,66,58,8
200804020WAS,RS,MIL,1577.0,,66,60,6
200804020WAS,RS,MIL,1602.0,,68,60,8
200804020WAS,RS,MIL,1666.0,,68,62,6
200804020WAS,RS,MIL,1680.0,,71,62,9
200804020WAS,RS,MIL,1706.0,,72,62,10
200804020WAS,RS,MIL,1724.0,,72,64,8
200804020WAS,RS,MIL,1724.0,,72,65,7
200804020WAS,RS,MIL,1746.0,,74,65,9
200804020WAS,RS,MIL,1764.0,,74,68,6
200804020WAS,RS,MIL,1789.0,,76,68,8
200804020WAS,RS,MIL,1818.0,,76,70,6
200804020WAS,RS,MIL,1832.0,,77,70,7
200804020WAS,RS,MIL,1832.0,,78,70,8
200804020WAS,RS,MIL,1877.0,,80,70,10
200804020WAS,RS,MIL,1895.0,,80,72,8
200804020WAS,RS,MIL,1910.0,,81,72,9
200804020WAS,RS,MIL,1910.0,,82,72,10
200804020WAS,RS,MIL,1947.0,,82,73,9
200804020WAS,RS,MIL,1984.0,,83,73,10
200804020WAS,RS,MIL,1984.0,,84,73,11
200804020WAS,RS,MIL,2004.0,,84,75,9
200804020WAS,RS,MIL,2090.0,,84,77,7
200804020WAS,RS,MIL,2105.4,,86,77,9
200804020WAS,RS,MIL,2116.4,,86,78,8
200804020WAS,RS,MIL,2190.0,,86,80,6
200804020WAS,RS,MIL,2209.0,,88,80,8
200804020WAS,RS,MIL,2234.0,,90,80,10
200804020WAS,RS,MIL,2252.0,,90,83,7
200804020WAS,RS,MIL,2273.0,,92,83,9
200804020WAS,RS,MIL,2309.0,,92,85,7
200804020WAS,RS,MIL,2327.0,,95,85,10
200804020WAS,RS,MIL,2350.0,,95,86,9
200804020WAS,RS,MIL,2437.0,,95,87,8
200804020WAS,RS,MIL,2437.0,,95,88,7
200804020WAS,RS,MIL,2456.0,,98,88,10
200804020WAS,RS,MIL,2484.0,,98,90,8
200804020WAS,RS,MIL,2510.0,,98,93,5
200804020WAS,RS,MIL,2527.0,,100,93,7
200804020WAS,RS,MIL,2551.0,,100,95,5
200804020WAS,RS,MIL,2564.0,,101,95,6
200804020WAS,RS,MIL,2564.0,,102,95,7
200804020WAS,RS,MIL,2576.0,,102,97,5
200804020WAS,RS,MIL,2597.0,,104,97,7
200804020WAS,RS,MIL,2625.0,,104,99,5
200804020WAS,RS,MIL,2639.0,,106,99,7
200804020WAS,RS,MIL,2662.0,,106,101,5
200804020WAS,RS,MIL,2698.0,,107,101,6
200804020WAS,RS,MIL,2718.0,,107,103,4
200804020WAS,RS,MIL,2740.0,,107,105,2
200804020WAS,RS,MIL,2740.0,,107,106,1
200804020WAS,RS,MIL,2781.0,LC,107,108,-1
200804020WAS,RS,MIL,2864.9,T,108,108,0
200804020WAS,RS,MIL,2864.9,LC,109,108,1
200804020WAS,RS,MIL,2879.7,F,109,110,-1
200804020WAS,RS,MIL,2880.0,,109,110,-1
200804040WAS,RS,MIA,0.0,,0,0,0
200804040WAS,RS,MIA,63.0,,2,0,2
200804040WAS,RS,MIA,128.0,T,2,2,0
200804040WAS,RS,MIA,149.0,,4,2,2
200804040WAS,RS,MIA,175.0,T,4,4,0
200804040WAS,RS,MIA,200.0,,5,4,1
200804040WAS,RS,MIA,221.0,LC,5,6,-1
200804040WAS,RS,MIA,310.0,,5,9,-4
200804040WAS,RS,MIA,338.0,,8,9,-1
200804040WAS,RS,MIA,363.0,,8,11,-3
200804040WAS,RS,MIA,382.0,,10,11,-1
200804040WAS,RS,MIA,407.0,,10,14,-4
200804040WAS,RS,MIA,431.0,,13,14,-1
200804040WAS,RS,MIA,450.0,,13,17,-4
200804040WAS,RS,MIA,476.0,,14,17,-3
200804040WAS,RS,MIA,476.0,,15,17,-2
200804040WAS,RS,MIA,505.0,T,17,17,0
200804040WAS,RS,MIA,557.0,,17,19,-2
200804040WAS,RS,MIA,581.0,LC,20,19,1
200804040WAS,RS,MIA,609.0,,22,19,3
200804040WAS,RS,MIA,639.0,,24,19,5
200804040WAS,RS,MIA,672.7,,24,20,4
200804040WAS,RS,MIA,672.7,,24,21,3
200804040WAS,RS,MIA,677.7,,25,21,4
200804040WAS,RS,MIA,677.7,,26,21,5
200804040WAS,RS,MIA,699.5,,26,22,4
200804040WAS,RS,MIA,699.5,,26,23,3
200804040WAS,RS,MIA,716.2,,29,23,6
200804040WAS,RS,MIA,734.0,,31,23,8
200804040WAS,RS,MIA,750.0,,31,25,6
200804040WAS,RS,MIA,775.0,,34,25,9
200804040WAS,RS,MIA,809.0,,36,25,11
200804040WAS,RS,MIA,831.0,,36,28,8
200804040WAS,RS,MIA,854.0,,38,28,10
200804040WAS,RS,MIA,874.0,,38,30,8
200804040WAS,RS,MIA,935.0,,40,30,10
200804040WAS,RS,MIA,959.0,,40,31,9
200804040WAS,RS,MIA,959.0,,40,32,8
200804040WAS,RS,MIA,971.0,,43,32,11
200804040WAS,RS,MIA,996.0,,43,35,8
200804040WAS,RS,MIA,1037.0,,43,37,6
200804040WAS,RS,MIA,1064.0,,45,37,8
200804040WAS,RS,MIA,1122.0,,46,37,9
200804040WAS,RS,MIA,1122.0,,47,37,10
200804040WAS,RS,MIA,1149.0,,49,37,12
200804040WAS,RS,MIA,1261.0,,51,37,14
200804040WAS,RS,MIA,1290.0,,53,37,16
200804040WAS,RS,MIA,1319.0,,55,37,18
200804040WAS,RS,MIA,1341.0,,55,40,15
200804040WAS,RS,MIA,1367.0,,58,40,18
200804040WAS,RS,MIA,1375.0,,58,41,17
200804040WAS,RS,MIA,1375.0,,58,42,16
200804040WAS,RS,MIA,1404.6,,59,42,17
200804040WAS,RS,MIA,1404.6,,60,42,18
200804040WAS,RS,MIA,1419.2,,60,44,16
200804040WAS,RS,MIA,1458.0,,62,44,18
200804040WAS,RS,MIA,1510.0,,62,46,16
200804040WAS,RS,MIA,1525.0,,64,46,18
200804040WAS,RS,MIA,1543.0,,64,48,16
200804040WAS,RS,MIA,1569.0,,66,48,18
200804040WAS,RS,MIA,1588.0,,66,51,15
200804040WAS,RS,MIA,1614.0,,67,51,16
200804040WAS,RS,MIA,1614.0,,68,51,17
200804040WAS,RS,MIA,1665.0,,70,51,19
200804040WAS,RS,MIA,1691.0,,70,53,17
200804040WAS,RS,MIA,1725.0,,70,56,14
200804040WAS,RS,MIA,1768.0,,72,56,16
200804040WAS,RS,MIA,1790.0,,72,58,14
200804040WAS,RS,MIA,1824.0,,74,58,16
200804040WAS,RS,MIA,1896.0,,77,58,19
200804040WAS,RS,MIA,1912.0,,77,60,17
200804040WAS,RS,MIA,1934.0,,80,60,20
200804040WAS,RS,MIA,2005.0,,80,63,17
200804040WAS,RS,MIA,2028.0,,82,63,19
200804040WAS,RS,MIA,2061.0,,83,63,20
200804040WAS,RS,MIA,2061.0,,84,63,21
200804040WAS,RS,MIA,2080.0,,84,66,18
200804040WAS,RS,MIA,2110.1,,84,69,15
200804040WAS,RS,MIA,2115.9,,85,69,16
200804040WAS,RS,MIA,2140.1,,88,69,19
200804040WAS,RS,MIA,2159.6,,88,72,16
200804040WAS,RS,MIA,2177.0,,88,75,13
200804040WAS,RS,MIA,2213.0,,88,78,10
200804040WAS,RS,MIA,2261.0,,90,78,12
200804040WAS,RS,MIA,2283.0,,90,79,11
200804040WAS,RS,MIA,2298.0,,92,79,13
200804040WAS,RS,MIA,2319.0,,93,79,14
200804040WAS,RS,MIA,2319.0,,94,79,15
200804040WAS,RS,MIA,2326.0,,94,82,12
200804040WAS,RS,MIA,2357.0,,94,85,9
200804040WAS,RS,MIA,2414.0,,97,85,12
200804040WAS,RS,MIA,2461.0,,98,85,13
200804040WAS,RS,MIA,2461.0,,99,85,14
200804040WAS,RS,MIA,2473.0,,99,88,11
200804040WAS,RS,MIA,2509.0,,100,88,12
200804040WAS,RS,MIA,2509.0,,101,88,13
200804040WAS,RS,MIA,2580.0,,103,88,15
200804040WAS,RS,MIA,2694.0,,103,91,12
200804040WAS,RS,MIA,2756.0,,106,91,15
200804040WAS,RS,MIA,2775.0,,106,94,12
200804040WAS,RS,MIA,2790.0,,107,94,13
200804040WAS,RS,MIA,2823.6,,109,94,15
200804040WAS,RS,MIA,2832.7,F,109,95,14
200804040WAS,RS,MIA,2880.0,,109,95,14
200804050CHI,RS,CHI,0.0,,0,0,0
200804050CHI,RS,CHI,19.0,,3,0,3
200804050CHI,RS,CHI,88.0,,3,2,1
200804050CHI,RS,CHI,115.0,LC,3,4,-1
200804050CHI,RS,CHI,144.0,,3,6,-3
200804050CHI,RS,CHI,199.0,T,6,6,0
200804050CHI,RS,CHI,212.0,,6,8,-2
200804050CHI,RS,CHI,241.0,T,8,8,0
200804050CHI,RS,CHI,277.0,LC,10,8,2
200804050CHI,RS,CHI,310.0,,12,8,4
200804050CHI,RS,CHI,350.0,,14,8,6
200804050CHI,RS,CHI,361.0,,14,10,4
200804050CHI,RS,CHI,453.0,,14,11,3
200804050CHI,RS,CHI,453.0,,14,12,2
200804050CHI,RS,CHI,488.0,,14,13,1
200804050CHI,RS,CHI,488.0,T,14,14,0
200804050CHI,RS,CHI,496.0,LC,14,16,-2
200804050CHI,RS,CHI,519.0,T,16,16,0
200804050CHI,RS,CHI,529.0,,16,17,-1
200804050CHI,RS,CHI,529.0,,16,18,-2
200804050CHI,RS,CHI,556.0,,16,20,-4
200804050CHI,RS,CHI,580.0,,19,20,-1
200804050CHI,RS,CHI,594.0,,19,22,-3
200804050CHI,RS,CHI,615.0,,21,22,-1
200804050CHI,RS,CHI,665.9,LC,23,22,1
200804050CHI,RS,CHI,685.1,,25,22,3
200804050CHI,RS,CHI,743.0,T,25,25,0
200804050CHI,RS,CHI,770.0,LC,25,26,-1
200804050CHI,RS,CHI,822.0,LC,27,26,1
200804050CHI,RS,CHI,837.0,LC,27,28,-1
200804050CHI,RS,CHI,856.0,LC,29,28,1
200804050CHI,RS,CHI,895.0,,31,28,3
200804050CHI,RS,CHI,910.0,,31,30,1
200804050CHI,RS,CHI,1008.0,LC,31,32,-1
200804050CHI,RS,CHI,1072.0,,31,34,-3
200804050CHI,RS,CHI,1125.0,,31,35,-4
200804050CHI,RS,CHI,1172.0,,33,35,-2
200804050CHI,RS,CHI,1217.0,T,35,35,0
200804050CHI,RS,CHI,1234.0,,35,37,-2
200804050CHI,RS,CHI,1264.0,LC,38,37,1
200804050CHI,RS,CHI,1346.0,,39,37,2
200804050CHI,RS,CHI,1346.0,,40,37,3
200804050CHI,RS,CHI,1363.0,,40,39,1
200804050CHI,RS,CHI,1387.2,LC,40,41,-1
200804050CHI,RS,CHI,1402.6,T,41,41,0
200804050CHI,RS,CHI,1402.6,LC,42,41,1
200804050CHI,RS,CHI,1412.6,LC,42,43,-1
200804050CHI,RS,CHI,1456.0,,42,44,-2
200804050CHI,RS,CHI,1490.0,,42,47,-5
200804050CHI,RS,CHI,1506.0,,44,47,-3
200804050CHI,RS,CHI,1522.0,,44,49,-5
200804050CHI,RS,CHI,1540.0,,44,51,-7
200804050CHI,RS,CHI,1565.0,,45,51,-6
200804050CHI,RS,CHI,1565.0,,46,51,-5
200804050CHI,RS,CHI,1601.0,,48,51,-3
200804050CHI,RS,CHI,1601.0,,49,51,-2
200804050CHI,RS,CHI,1641.0,T,51,51,0
200804050CHI,RS,CHI,1666.0,,51,53,-2
200804050CHI,RS,CHI,1688.0,,52,53,-1
200804050CHI,RS,CHI,1688.0,T,53,53,0
200804050CHI,RS,CHI,1699.0,,53,54,-1
200804050CHI,RS,CHI,1715.0,LC,55,54,1
200804050CHI,RS,CHI,1741.0,,57,54,3
200804050CHI,RS,CHI,1753.0,,57,56,1
200804050CHI,RS,CHI,1785.0,,59,56,3
200804050CHI,RS,CHI,1803.0,,61,56,5
200804050CHI,RS,CHI,1822.0,,61,58,3
200804050CHI,RS,CHI,1892.0,,63,58,5
200804050CHI,RS,CHI,1917.0,,63,61,2
200804050CHI,RS,CHI,1932.0,,65,61,4
200804050CHI,RS,CHI,1958.0,,66,61,5
200804050CHI,RS,CHI,1970.0,,66,63,3
200804050CHI,RS,CHI,1986.0,,68,63,5
200804050CHI,RS,CHI,2021.0,,70,63,7
200804050CHI,RS,CHI,2045.0,,72,63,9
200804050CHI,RS,CHI,2087.0,,74,63,11
200804050CHI,RS,CHI,2118.8,,75,63,12
200804050CHI,RS,CHI,2118.8,,76,63,13
200804050CHI,RS,CHI,2135.3,,76,64,12
200804050CHI,RS,CHI,2246.0,,76,65,11
200804050CHI,RS,CHI,2296.0,,78,65,13
200804050CHI,RS,CHI,2318.0,,81,65,16
200804050CHI,RS,CHI,2369.0,,83,65,18
200804050CHI,RS,CHI,2450.0,,83,67,16
200804050CHI,RS,CHI,2474.0,,83,69,14
200804050CHI,RS,CHI,2511.0,,85,69,16
200804050CHI,RS,CHI,2538.0,,86,69,17
200804050CHI,RS,CHI,2538.0,,87,69,18
200804050CHI,RS,CHI,2545.0,,87,70,17
200804050CHI,RS,CHI,2545.0,,87,71,16
200804050CHI,RS,CHI,2567.0,,89,71,18
200804050CHI,RS,CHI,2580.0,,89,74,15
200804050CHI,RS,CHI,2604.0,,91,74,17
200804050CHI,RS,CHI,2641.0,,93,74,19
200804050CHI,RS,CHI,2652.0,,94,74,20
200804050CHI,RS,CHI,2652.0,,95,74,21
200804050CHI,RS,CHI,2658.0,,95,77,18
200804050CHI,RS,CHI,2681.0,,97,77,20
200804050CHI,RS,CHI,2693.0,,97,80,17
200804050CHI,RS,CHI,2724.0,,97,83,14
200804050CHI,RS,CHI,2745.0,,97,85,12
200804050CHI,RS,CHI,2860.8,,99,85,14
200804050CHI,RS,CHI,2867.0,F,99,87,12
200804050CHI,RS,CHI,2880.0,,99,87,12
200804090WAS,RS,BOS,0.0,,0,0,0
200804090WAS,RS,BOS,13.0,,2,0,2
200804090WAS,RS,BOS,13.0,,3,0,3
200804090WAS,RS,BOS,26.0,T,3,3,0
200804090WAS,RS,BOS,126.0,,5,3,2
200804090WAS,RS,BOS,142.0,T,5,5,0
200804090WAS,RS,BOS,157.0,,6,5,1
200804090WAS,RS,BOS,166.0,,8,5,3
200804090WAS,RS,BOS,211.0,T,8,8,0
200804090WAS,RS,BOS,250.0,LC,8,10,-2
200804090WAS,RS,BOS,292.0,,8,13,-5
200804090WAS,RS,BOS,312.0,,9,13,-4
200804090WAS,RS,BOS,327.0,,9,15,-6
200804090WAS,RS,BOS,337.0,,11,15,-4
200804090WAS,RS,BOS,352.0,,11,18,-7
200804090WAS,RS,BOS,370.0,,13,18,-5
200804090WAS,RS,BOS,443.0,,15,18,-3
200804090WAS,RS,BOS,480.0,T,18,18,0
200804090WAS,RS,BOS,506.0,LC,19,18,1
200804090WAS,RS,BOS,516.0,,21,18,3
200804090WAS,RS,BOS,552.0,,21,20,1
200804090WAS,RS,BOS,594.0,,23,20,3
200804090WAS,RS,BOS,612.0,,25,20,5
200804090WAS,RS,BOS,632.0,,25,22,3
200804090WAS,RS,BOS,646.0,,27,22,5
200804090WAS,RS,BOS,662.8,,27,24,3
200804090WAS,RS,BOS,670.2,,28,24,4
200804090WAS,RS,BOS,685.6,,28,25,3
200804090WAS,RS,BOS,694.5,,30,25,5
200804090WAS,RS,BOS,757.0,,32,25,7
200804090WAS,RS,BOS,785.0,,32,27,5
200804090WAS,RS,BOS,851.0,,34,27,7
200804090WAS,RS,BOS,873.0,,36,27,9
200804090WAS,RS,BOS,873.0,,37,27,10
200804090WAS,RS,BOS,972.0,,40,27,13
200804090WAS,RS,BOS,1003.0,,42,27,15
200804090WAS,RS,BOS,1023.0,,43,27,16
200804090WAS,RS,BOS,1023.0,,44,27,17
200804090WAS,RS,BOS,1048.0,,44,29,15
200804090WAS,RS,BOS,1076.0,,44,31,13
200804090WAS,RS,BOS,1076.0,,44,32,12
200804090WAS,RS,BOS,1112.0,,44,34,10
200804090WAS,RS,BOS,1152.0,,44,35,9
200804090WAS,RS,BOS,1152.0,,44,36,8
200804090WAS,RS,BOS,1174.0,,47,36,11
200804090WAS,RS,BOS,1191.0,,47,38,9
200804090WAS,RS,BOS,1195.0,,49,38,11
200804090WAS,RS,BOS,1195.0,,50,38,12
200804090WAS,RS,BOS,1211.0,,50,40,10
200804090WAS,RS,BOS,1236.0,,50,41,9
200804090WAS,RS,BOS,1236.0,,50,42,8
200804090WAS,RS,BOS,1292.0,,50,45,5
200804090WAS,RS,BOS,1326.0,,50,48,2
200804090WAS,RS,BOS,1360.0,LC,50,51,-1
200804090WAS,RS,BOS,1377.0,T,51,51,0
200804090WAS,RS,BOS,1396.1,LC,52,51,1
200804090WAS,RS,BOS,1423.1,,55,51,4
200804090WAS,RS,BOS,1439.8,,55,53,2
200804090WAS,RS,BOS,1497.0,T,55,55,0
200804090WAS,RS,BOS,1528.0,,57,55,2
200804090WAS,RS,BOS,1552.0,LC,57,58,-1
200804090WAS,RS,BOS,1602.0,LC,59,58,1
200804090WAS,RS,BOS,1644.0,,61,58,3
200804090WAS,RS,BOS,1678.0,,63,58,5
200804090WAS,RS,BOS,1711.0,,65,58,7
200804090WAS,RS,BOS,1745.0,,67,58,9
200804090WAS,RS,BOS,1778.0,,67,60,7
200804090WAS,RS,BOS,1801.0,,67,62,5
200804090WAS,RS,BOS,1817.0,,69,62,7
200804090WAS,RS,BOS,1844.0,,72,62,10
200804090WAS,RS,BOS,1874.0,,72,63,9
200804090WAS,RS,BOS,1889.0,,74,63,11
200804090WAS,RS,BOS,1914.0,,74,65,9
200804090WAS,RS,BOS,1948.0,,76,65,11
200804090WAS,RS,BOS,1970.0,,78,65,13
200804090WAS,RS,BOS,1989.0,,78,67,11
200804090WAS,RS,BOS,2019.0,,79,67,12
200804090WAS,RS,BOS,2019.0,,80,67,13
200804090WAS,RS,BOS,2047.0,,82,67,15
200804090WAS,RS,BOS,2069.0,,82,68,14
200804090WAS,RS,BOS,2069.0,,82,69,13
200804090WAS,RS,BOS,2131.2,,82,70,12
200804090WAS,RS,BOS,2131.2,,82,71,11
200804090WAS,RS,BOS,2208.0,,82,72,10
200804090WAS,RS,BOS,2249.0,,82,75,7
200804090WAS,RS,BOS,2264.0,,85,75,10
200804090WAS,RS,BOS,2282.0,,85,77,8
200804090WAS,RS,BOS,2302.0,,87,77,10
200804090WAS,RS,BOS,2330.0,,89,77,12
200804090WAS,RS,BOS,2355.0,,89,78,11
200804090WAS,RS,BOS,2355.0,,89,79,10
200804090WAS,RS,BOS,2374.0,,90,79,11
200804090WAS,RS,BOS,2374.0,,91,79,12
200804090WAS,RS,BOS,2387.0,,91,82,9
200804090WAS,RS,BOS,2418.0,,91,85,6
200804090WAS,RS,BOS,2463.0,,93,85,8
200804090WAS,RS,BOS,2496.0,,96,85,11
200804090WAS,RS,BOS,2511.0,,96,88,8
200804090WAS,RS,BOS,2547.0,,96,90,6
200804090WAS,RS,BOS,2565.0,,98,90,8
200804090WAS,RS,BOS,2657.0,,98,92,6
200804090WAS,RS,BOS,2674.0,,101,92,9
200804090WAS,RS,BOS,2733.0,,101,95,6
200804090WAS,RS,BOS,2755.0,,102,95,7
200804090WAS,RS,BOS,2755.0,,103,95,8
200804090WAS,RS,BOS,2769.0,,104,95,9
200804090WAS,RS,BOS,2791.0,,107,95,12
200804090WAS,RS,BOS,2809.0,,108,95,13
200804090WAS,RS,BOS,2809.0,F,109,95,14
200804090WAS,RS,BOS,2880.0,,109,95,14
200804110DET,RS,DET,0.0,,0,0,0
200804110DET,RS,DET,4.0,,2,0,2
200804110DET,RS,DET,28.0,,4,0,4
200804110DET,RS,DET,44.0,,4,2,2
200804110DET,RS,DET,90.0,T,4,4,0
200804110DET,RS,DET,162.0,LC,4,5,-1
200804110DET,RS,DET,162.0,,4,6,-2
200804110DET,RS,DET,193.0,LC,7,6,1
200804110DET,RS,DET,237.0,,9,6,3
200804110DET,RS,DET,250.0,T,9,9,0
200804110DET,RS,DET,300.0,,10,9,1
200804110DET,RS,DET,315.0,,12,9,3
200804110DET,RS,DET,400.0,T,12,12,0
200804110DET,RS,DET,448.0,LC,12,14,-2
200804110DET,RS,DET,482.0,,12,16,-4
200804110DET,RS,DET,518.0,,12,18,-6
200804110DET,RS,DET,539.0,,14,18,-4
200804110DET,RS,DET,553.0,,14,19,-5
200804110DET,RS,DET,553.0,,14,20,-6
200804110DET,RS,DET,582.0,,14,23,-9
200804110DET,RS,DET,606.0,,16,23,-7
200804110DET,RS,DET,634.0,,17,23,-6
200804110DET,RS,DET,696.8,,19,23,-4
200804110DET,RS,DET,776.0,,21,23,-2
200804110DET,RS,DET,790.0,,21,25,-4
200804110DET,RS,DET,804.0,,23,25,-2
200804110DET,RS,DET,814.0,,23,27,-4
200804110DET,RS,DET,853.0,,23,29,-6
200804110DET,RS,DET,883.0,,23,30,-7
200804110DET,RS,DET,924.0,,23,32,-9
200804110DET,RS,DET,956.0,,25,32,-7
200804110DET,RS,DET,1008.0,,25,34,-9
200804110DET,RS,DET,1029.0,,26,34,-8
200804110DET,RS,DET,1041.0,,26,36,-10
200804110DET,RS,DET,1054.0,,28,36,-8
200804110DET,RS,DET,1075.0,,28,38,-10
200804110DET,RS,DET,1090.0,,29,38,-9
200804110DET,RS,DET,1090.0,,30,38,-8
200804110DET,RS,DET,1101.0,,30,40,-10
200804110DET,RS,DET,1101.0,,30,41,-11
200804110DET,RS,DET,1134.0,,30,43,-13
200804110DET,RS,DET,1147.0,,31,43,-12
200804110DET,RS,DET,1147.0,,32,43,-11
200804110DET,RS,DET,1184.0,,33,43,-10
200804110DET,RS,DET,1184.0,,34,43,-9
200804110DET,RS,DET,1223.0,,36,43,-7
200804110DET,RS,DET,1246.0,,36,45,-9
200804110DET,RS,DET,1263.0,,39,45,-6
200804110DET,RS,DET,1354.0,,42,45,-3
200804110DET,RS,DET,1413.2,,42,47,-5
200804110DET,RS,DET,1508.0,,42,49,-7
200804110DET,RS,DET,1525.0,,44,49,-5
200804110DET,RS,DET,1577.0,,44,51,-7
200804110DET,RS,DET,1603.0,,44,53,-9
200804110DET,RS,DET,1662.0,,44,56,-12
200804110DET,RS,DET,1722.0,,44,59,-15
200804110DET,RS,DET,1738.0,,47,59,-12
200804110DET,RS,DET,1764.0,,47,61,-14
200804110DET,RS,DET,1817.0,,47,63,-16
200804110DET,RS,DET,1817.0,,47,64,-17
200804110DET,RS,DET,1846.0,,47,66,-19
200804110DET,RS,DET,1865.0,,49,66,-17
200804110DET,RS,DET,1885.0,,50,66,-16
200804110DET,RS,DET,1905.0,,50,67,-17
200804110DET,RS,DET,1905.0,,50,68,-18
200804110DET,RS,DET,1928.0,,50,71,-21
200804110DET,RS,DET,1959.0,,51,71,-20
200804110DET,RS,DET,1959.0,,52,71,-19
200804110DET,RS,DET,1976.0,,52,73,-21
200804110DET,RS,DET,2009.0,,52,75,-23
200804110DET,RS,DET,2033.0,,52,77,-25
200804110DET,RS,DET,2089.0,,52,79,-27
200804110DET,RS,DET,2109.1,,52,81,-29
200804110DET,RS,DET,2154.0,,55,81,-26
200804110DET,RS,DET,2180.0,,56,81,-25
200804110DET,RS,DET,2180.0,,57,81,-24
200804110DET,RS,DET,2224.0,,58,81,-23
200804110DET,RS,DET,2224.0,,59,81,-22
200804110DET,RS,DET,2238.0,,59,83,-24
200804110DET,RS,DET,2262.0,,62,83,-21
200804110DET,RS,DET,2303.0,,62,85,-23
200804110DET,RS,DET,2323.0,,63,85,-22
200804110DET,RS,DET,2349.0,,63,87,-24
200804110DET,RS,DET,2414.0,,63,89,-26
200804110DET,RS,DET,2432.0,,66,89,-23
200804110DET,RS,DET,2555.0,,66,90,-24
200804110DET,RS,DET,2555.0,,66,91,-25
200804110DET,RS,DET,2585.0,,66,93,-27
200804110DET,RS,DET,2628.0,,68,93,-25
200804110DET,RS,DET,2663.0,,70,93,-23
200804110DET,RS,DET,2713.0,,70,94,-24
200804110DET,RS,DET,2729.0,,71,94,-23
200804110DET,RS,DET,2729.0,,72,94,-22
200804110DET,RS,DET,2744.0,,72,96,-24
200804110DET,RS,DET,2763.0,,73,96,-23
200804110DET,RS,DET,2763.0,,74,96,-22
200804110DET,RS,DET,2780.0,,74,98,-24
200804110DET,RS,DET,2827.1,,74,100,-26
200804110DET,RS,DET,2849.9,F,74,102,-28
200804110DET,RS,DET,2880.0,,74,102,-28
200804120WAS,RS,PHI,0.0,,0,0,0
200804120WAS,RS,PHI,17.0,,2,0,2
200804120WAS,RS,PHI,58.0,,4,0,4
200804120WAS,RS,PHI,101.0,,6,0,6
200804120WAS,RS,PHI,126.0,,6,2,4
200804120WAS,RS,PHI,153.0,,6,4,2
200804120WAS,RS,PHI,153.0,,6,5,1
200804120WAS,RS,PHI,171.0,LC,6,7,-1
200804120WAS,RS,PHI,191.0,,6,9,-3
200804120WAS,RS,PHI,217.0,,6,11,-5
200804120WAS,RS,PHI,281.0,,6,13,-7
200804120WAS,RS,PHI,308.0,,6,15,-9
200804120WAS,RS,PHI,326.0,,8,15,-7
200804120WAS,RS,PHI,368.0,,10,15,-5
200804120WAS,RS,PHI,391.0,,10,17,-7
200804120WAS,RS,PHI,404.0,,12,17,-5
200804120WAS,RS,PHI,416.0,,12,19,-7
200804120WAS,RS,PHI,476.0,,12,20,-8
200804120WAS,RS,PHI,476.0,,12,21,-9
200804120WAS,RS,PHI,497.0,,15,21,-6
200804120WAS,RS,PHI,520.0,,15,23,-8
200804120WAS,RS,PHI,534.0,,17,23,-6
200804120WAS,RS,PHI,565.0,,20,23,-3
200804120WAS,RS,PHI,616.0,,20,25,-5
200804120WAS,RS,PHI,639.0,,20,28,-8
200804120WAS,RS,PHI,687.6,,20,30,-10
200804120WAS,RS,PHI,711.1,,23,30,-7
200804120WAS,RS,PHI,749.0,,26,30,-4
200804120WAS,RS,PHI,784.0,,26,32,-6
200804120WAS,RS,PHI,791.0,,27,32,-5
200804120WAS,RS,PHI,791.0,,28,32,-4
200804120WAS,RS,PHI,810.0,,28,35,-7
200804120WAS,RS,PHI,853.0,,30,35,-5
200804120WAS,RS,PHI,900.0,,32,35,-3
200804120WAS,RS,PHI,954.0,,32,37,-5
200804120WAS,RS,PHI,1001.0,,33,37,-4
200804120WAS,RS,PHI,1001.0,,34,37,-3
200804120WAS,RS,PHI,1022.0,,34,39,-5
200804120WAS,RS,PHI,1039.0,,37,39,-2
200804120WAS,RS,PHI,1061.0,,37,41,-4
200804120WAS,RS,PHI,1077.0,,39,41,-2
200804120WAS,RS,PHI,1101.0,,39,43,-4
200804120WAS,RS,PHI,1136.0,,40,43,-3
200804120WAS,RS,PHI,1136.0,,41,43,-2
200804120WAS,RS,PHI,1150.0,,41,44,-3
200804120WAS,RS,PHI,1150.0,,41,45,-4
200804120WAS,RS,PHI,1182.0,,41,47,-6
200804120WAS,RS,PHI,1218.0,,43,47,-4
200804120WAS,RS,PHI,1234.0,,45,47,-2
200804120WAS,RS,PHI,1253.0,,45,50,-5
200804120WAS,RS,PHI,1275.0,,47,50,-3
200804120WAS,RS,PHI,1302.0,T,50,50,0
200804120WAS,RS,PHI,1341.0,LC,51,50,1
200804120WAS,RS,PHI,1341.0,,52,50,2
200804120WAS,RS,PHI,1378.0,,54,50,4
200804120WAS,RS,PHI,1397.1,,54,53,1
200804120WAS,RS,PHI,1421.3,,57,53,4
200804120WAS,RS,PHI,1456.0,,57,55,2
200804120WAS,RS,PHI,1484.0,T,57,57,0
200804120WAS,RS,PHI,1502.0,,59,57,2
200804120WAS,RS,PHI,1621.0,,62,57,5
200804120WAS,RS,PHI,1643.0,,62,59,3
200804120WAS,RS,PHI,1674.0,,62,61,1
200804120WAS,RS,PHI,1695.0,LC,62,63,-1
200804120WAS,RS,PHI,1718.0,LC,64,63,1
200804120WAS,RS,PHI,1731.0,LC,64,65,-1
200804120WAS,RS,PHI,1753.0,,64,67,-3
200804120WAS,RS,PHI,1770.0,,66,67,-1
200804120WAS,RS,PHI,1788.0,,66,69,-3
200804120WAS,RS,PHI,1817.0,,67,69,-2
200804120WAS,RS,PHI,1838.0,,68,69,-1
200804120WAS,RS,PHI,1838.0,T,69,69,0
200804120WAS,RS,PHI,1857.0,,69,72,-3
200804120WAS,RS,PHI,1876.0,,70,72,-2
200804120WAS,RS,PHI,1892.0,,70,73,-3
200804120WAS,RS,PHI,1892.0,,70,74,-4
200804120WAS,RS,PHI,1900.0,,71,74,-3
200804120WAS,RS,PHI,1900.0,,72,74,-2
200804120WAS,RS,PHI,1926.0,,72,75,-3
200804120WAS,RS,PHI,1934.0,,73,75,-2
200804120WAS,RS,PHI,1934.0,,74,75,-1
200804120WAS,RS,PHI,1993.0,,74,78,-4
200804120WAS,RS,PHI,2021.0,,74,80,-6
200804120WAS,RS,PHI,2044.0,,75,80,-5
200804120WAS,RS,PHI,2102.8,,75,82,-7
200804120WAS,RS,PHI,2102.8,,78,82,-4
200804120WAS,RS,PHI,2132.1,,78,84,-6
200804120WAS,RS,PHI,2180.0,,81,84,-3
200804120WAS,RS,PHI,2207.0,,83,84,-1
200804120WAS,RS,PHI,2253.0,LC,85,84,1
200804120WAS,RS,PHI,2329.0,T,85,85,0
200804120WAS,RS,PHI,2349.0,,87,85,2
200804120WAS,RS,PHI,2371.0,LC,87,88,-1
200804120WAS,RS,PHI,2387.0,LC,89,88,1
200804120WAS,RS,PHI,2406.0,T,89,89,0
200804120WAS,RS,PHI,2406.0,LC,89,90,-1
200804120WAS,RS,PHI,2424.0,LC,91,90,1
200804120WAS,RS,PHI,2443.0,T,91,91,0
200804120WAS,RS,PHI,2457.0,,93,91,2
200804120WAS,RS,PHI,2500.0,,95,91,4
200804120WAS,RS,PHI,2532.0,,97,91,6
200804120WAS,RS,PHI,2570.0,,99,91,8
200804120WAS,RS,PHI,2603.0,,101,91,10
200804120WAS,RS,PHI,2624.0,,101,92,9
200804120WAS,RS,PHI,2649.0,,104,92,12
200804120WAS,RS,PHI,2731.0,,107,92,15
200804120WAS,RS,PHI,2747.0,,107,93,14
200804120WAS,RS,PHI,2790.0,F,109,93,16
200804120WAS,RS,PHI,2880.0,,109,93,16
200804140WAS,RS,IND,0.0,,0,0,0
200804140WAS,RS,IND,48.0,,2,0,2
200804140WAS,RS,IND,64.0,T,2,2,0
200804140WAS,RS,IND,85.0,,4,2,2
200804140WAS,RS,IND,87.0,,4,3,1
200804140WAS,RS,IND,87.0,T,4,4,0
200804140WAS,RS,IND,97.0,,6,4,2
200804140WAS,RS,IND,131.0,,8,4,4
200804140WAS,RS,IND,178.0,,9,4,5
200804140WAS,RS,IND,178.0,,10,4,6
200804140WAS,RS,IND,189.0,,10,7,3
200804140WAS,RS,IND,271.0,,13,7,6
200804140WAS,RS,IND,293.0,,16,7,9
200804140WAS,RS,IND,314.0,,16,9,7
200804140WAS,RS,IND,349.0,,18,9,9
200804140WAS,RS,IND,357.0,,18,11,7
200804140WAS,RS,IND,395.0,,20,11,9
200804140WAS,RS,IND,404.0,,20,14,6
200804140WAS,RS,IND,424.0,,20,16,4
200804140WAS,RS,IND,449.0,,23,16,7
200804140WAS,RS,IND,461.0,,23,17,6
200804140WAS,RS,IND,479.0,,25,17,8
200804140WAS,RS,IND,484.0,,25,18,7
200804140WAS,RS,IND,484.0,,25,19,6
200804140WAS,RS,IND,501.0,,27,19,8
200804140WAS,RS,IND,519.0,,27,21,6
200804140WAS,RS,IND,548.0,,29,21,8
200804140WAS,RS,IND,566.0,,29,22,7
200804140WAS,RS,IND,633.0,,29,25,4
200804140WAS,RS,IND,653.0,,31,25,6
200804140WAS,RS,IND,662.4,,31,26,5
200804140WAS,RS,IND,675.1,,34,26,8
200804140WAS,RS,IND,695.1,,34,28,6
200804140WAS,RS,IND,717.2,,35,28,7
200804140WAS,RS,IND,771.0,,38,28,10
200804140WAS,RS,IND,781.0,,38,30,8
200804140WAS,RS,IND,804.0,,39,30,9
200804140WAS,RS,IND,804.0,,40,30,10
200804140WAS,RS,IND,807.0,,40,32,8
200804140WAS,RS,IND,807.0,,40,33,7
200804140WAS,RS,IND,832.0,,42,33,9
200804140WAS,RS,IND,898.0,,45,33,12
200804140WAS,RS,IND,927.0,,47,33,14
200804140WAS,RS,IND,927.0,,48,33,15
200804140WAS,RS,IND,941.0,,48,35,13
200804140WAS,RS,IND,970.0,,48,37,11
200804140WAS,RS,IND,988.0,,50,37,13
200804140WAS,RS,IND,1043.0,,52,37,15
200804140WAS,RS,IND,1055.0,,52,39,13
200804140WAS,RS,IND,1091.0,,54,39,15
200804140WAS,RS,IND,1121.0,,54,41,13
200804140WAS,RS,IND,1145.0,,57,41,16
200804140WAS,RS,IND,1169.0,,57,42,15
200804140WAS,RS,IND,1169.0,,57,43,14
200804140WAS,RS,IND,1189.0,,59,43,16
200804140WAS,RS,IND,1202.0,,59,46,13
200804140WAS,RS,IND,1214.0,,61,46,15
200804140WAS,RS,IND,1269.0,,61,47,14
200804140WAS,RS,IND,1311.0,,62,47,15
200804140WAS,RS,IND,1337.0,,63,47,16
200804140WAS,RS,IND,1358.0,,64,47,17
200804140WAS,RS,IND,1364.0,,64,48,16
200804140WAS,RS,IND,1364.0,,64,49,15
200804140WAS,RS,IND,1383.1,,64,51,13
200804140WAS,RS,IND,1397.9,,66,51,15
200804140WAS,RS,IND,1404.1,,66,54,12
200804140WAS,RS,IND,1480.0,,68,54,14
200804140WAS,RS,IND,1491.0,,68,57,11
200804140WAS,RS,IND,1512.0,,70,57,13
200804140WAS,RS,IND,1529.0,,70,60,10
200804140WAS,RS,IND,1580.0,,72,60,12
200804140WAS,RS,IND,1620.0,,72,62,10
200804140WAS,RS,IND,1636.0,,75,62,13
200804140WAS,RS,IND,1645.0,,75,65,10
200804140WAS,RS,IND,1675.0,,77,65,12
200804140WAS,RS,IND,1683.0,,77,67,10
200804140WAS,RS,IND,1712.0,,78,67,11
200804140WAS,RS,IND,1738.0,,80,67,13
200804140WAS,RS,IND,1760.0,,82,67,15
200804140WAS,RS,IND,1776.0,,82,68,14
200804140WAS,RS,IND,1776.0,,82,69,13
200804140WAS,RS,IND,1793.0,,83,69,14
200804140WAS,RS,IND,1821.0,,83,70,13
200804140WAS,RS,IND,1834.0,,86,70,16
200804140WAS,RS,IND,1899.0,,87,70,17
200804140WAS,RS,IND,1899.0,,88,70,18
200804140WAS,RS,IND,1942.0,,91,70,21
200804140WAS,RS,IND,1958.0,,91,72,19
200804140WAS,RS,IND,1978.0,,94,72,22
200804140WAS,RS,IND,1989.0,,94,75,19
200804140WAS,RS,IND,2023.0,,94,78,16
200804140WAS,RS,IND,2051.0,,96,78,18
200804140WAS,RS,IND,2093.0,,98,78,20
200804140WAS,RS,IND,2101.8,,98,80,18
200804140WAS,RS,IND,2145.3,,98,81,17
200804140WAS,RS,IND,2195.0,,98,83,15
200804140WAS,RS,IND,2216.0,,101,83,18
200804140WAS,RS,IND,2255.0,,101,85,16
200804140WAS,RS,IND,2275.0,,101,88,13
200804140WAS,RS,IND,2297.0,,103,88,15
200804140WAS,RS,IND,2304.0,,103,89,14
200804140WAS,RS,IND,2521.0,,103,92,11
200804140WAS,RS,IND,2534.0,,106,92,14
200804140WAS,RS,IND,2569.0,,106,94,12
200804140WAS,RS,IND,2592.0,,108,94,14
200804140WAS,RS,IND,2607.0,,108,96,12
200804140WAS,RS,IND,2626.0,,110,96,14
200804140WAS,RS,IND,2666.0,,110,98,12
200804140WAS,RS,IND,2743.0,,110,99,11
200804140WAS,RS,IND,2743.0,,110,100,10
200804140WAS,RS,IND,2782.0,,112,100,12
200804140WAS,RS,IND,2787.0,,112,101,11
200804140WAS,RS,IND,2787.0,,112,102,10
200804140WAS,RS,IND,2809.0,,112,105,7
200804140WAS,RS,IND,2838.8,,113,105,8
200804140WAS,RS,IND,2848.0,,113,107,6
200804140WAS,RS,IND,2862.4,,113,110,3
200804140WAS,RS,IND,2863.7,,114,110,4
200804140WAS,RS,IND,2863.7,,115,110,5
200804140WAS,RS,IND,2871.9,,116,110,6
200804140WAS,RS,IND,2871.9,F,117,110,7
200804140WAS,RS,IND,2880.0,,117,110,7
200804160ORL,RS,ORL,0.0,,0,0,0
200804160ORL,RS,ORL,40.0,,0,2,-2
200804160ORL,RS,ORL,113.0,,0,4,-4
200804160ORL,RS,ORL,169.0,,2,4,-2
200804160ORL,RS,ORL,193.0,,2,6,-4
200804160ORL,RS,ORL,216.0,,2,8,-6
200804160ORL,RS,ORL,283.0,,4,8,-4
200804160ORL,RS,ORL,333.0,,6,8,-2
200804160ORL,RS,ORL,368.0,T,8,8,0
200804160ORL,RS,ORL,388.0,,8,11,-3
200804160ORL,RS,ORL,415.0,,8,13,-5
200804160ORL,RS,ORL,451.0,,8,15,-7
200804160ORL,RS,ORL,521.0,,10,15,-5
200804160ORL,RS,ORL,553.0,,10,17,-7
200804160ORL,RS,ORL,567.0,,12,17,-5
200804160ORL,RS,ORL,595.0,,14,17,-3
200804160ORL,RS,ORL,613.0,,14,20,-6
200804160ORL,RS,ORL,632.0,,16,20,-4
200804160ORL,RS,ORL,645.0,,16,21,-5
200804160ORL,RS,ORL,657.0,,16,24,-8
200804160ORL,RS,ORL,670.8,,18,24,-6
200804160ORL,RS,ORL,712.8,,19,24,-5
200804160ORL,RS,ORL,737.0,,21,24,-3
200804160ORL,RS,ORL,754.0,,21,27,-6
200804160ORL,RS,ORL,841.0,,23,27,-4
200804160ORL,RS,ORL,862.0,,23,28,-5
200804160ORL,RS,ORL,878.0,,25,28,-3
200804160ORL,RS,ORL,893.0,,25,30,-5
200804160ORL,RS,ORL,924.0,,25,32,-7
200804160ORL,RS,ORL,946.0,,27,32,-5
200804160ORL,RS,ORL,973.0,,29,32,-3
200804160ORL,RS,ORL,991.0,,29,34,-5
200804160ORL,RS,ORL,1034.0,,29,36,-7
200804160ORL,RS,ORL,1064.0,,29,39,-10
200804160ORL,RS,ORL,1085.0,,31,39,-8
200804160ORL,RS,ORL,1103.0,,31,42,-11
200804160ORL,RS,ORL,1123.0,,33,42,-9
200804160ORL,RS,ORL,1169.0,,35,42,-7
200804160ORL,RS,ORL,1209.0,,35,43,-8
200804160ORL,RS,ORL,1209.0,,35,44,-9
200804160ORL,RS,ORL,1260.0,,37,44,-7
200804160ORL,RS,ORL,1410.2,,39,44,-5
200804160ORL,RS,ORL,1429.4,,39,46,-7
200804160ORL,RS,ORL,1429.4,,39,47,-8
200804160ORL,RS,ORL,1436.1,,41,47,-6
200804160ORL,RS,ORL,1491.0,,44,47,-3
200804160ORL,RS,ORL,1524.0,,46,47,-1
200804160ORL,RS,ORL,1547.0,,46,49,-3
200804160ORL,RS,ORL,1584.0,,48,49,-1
200804160ORL,RS,ORL,1598.0,,48,51,-3
200804160ORL,RS,ORL,1649.0,T,51,51,0
200804160ORL,RS,ORL,1700.0,,51,53,-2
200804160ORL,RS,ORL,1736.0,T,53,53,0
200804160ORL,RS,ORL,1736.0,LC,54,53,1
200804160ORL,RS,ORL,1756.0,LC,54,56,-2
200804160ORL,RS,ORL,1798.0,,54,58,-4
200804160ORL,RS,ORL,1835.0,,54,59,-5
200804160ORL,RS,ORL,1913.0,,55,59,-4
200804160ORL,RS,ORL,1913.0,,56,59,-3
200804160ORL,RS,ORL,1952.0,,56,62,-6
200804160ORL,RS,ORL,1975.0,,59,62,-3
200804160ORL,RS,ORL,1994.0,,59,64,-5
200804160ORL,RS,ORL,2008.0,,60,64,-4
200804160ORL,RS,ORL,2024.0,,60,67,-7
200804160ORL,RS,ORL,2110.6,,60,69,-9
200804160ORL,RS,ORL,2110.6,,60,70,-10
200804160ORL,RS,ORL,2231.0,,60,72,-12
200804160ORL,RS,ORL,2264.0,,60,74,-14
200804160ORL,RS,ORL,2301.0,,60,76,-16
200804160ORL,RS,ORL,2319.0,,62,76,-14
200804160ORL,RS,ORL,2342.0,,62,78,-16
200804160ORL,RS,ORL,2362.0,,62,79,-17
200804160ORL,RS,ORL,2362.0,,62,80,-18
200804160ORL,RS,ORL,2380.0,,64,80,-16
200804160ORL,RS,ORL,2411.0,,67,80,-13
200804160ORL,RS,ORL,2428.0,,67,82,-15
200804160ORL,RS,ORL,2472.0,,67,85,-18
200804160ORL,RS,ORL,2514.0,,69,85,-16
200804160ORL,RS,ORL,2531.0,,69,87,-18
200804160ORL,RS,ORL,2548.0,,71,87,-16
200804160ORL,RS,ORL,2569.0,,71,89,-18
200804160ORL,RS,ORL,2641.0,,71,91,-20
200804160ORL,RS,ORL,2665.0,,73,91,-18
200804160ORL,RS,ORL,2671.0,,73,93,-20
200804160ORL,RS,ORL,2690.0,,74,93,-19
200804160ORL,RS,ORL,2690.0,,75,93,-18
200804160ORL,RS,ORL,2706.0,,77,93,-16
200804160ORL,RS,ORL,2743.0,,79,93,-14
200804160ORL,RS,ORL,2767.0,,79,95,-16
200804160ORL,RS,ORL,2796.0,,79,98,-19
200804160ORL,RS,ORL,2840.8,,79,100,-21
200804160ORL,RS,ORL,2848.7,,81,100,-19
200804160ORL,RS,ORL,2868.8,,81,103,-22
200804160ORL,RS,ORL,2875.7,F,83,103,-20
200804160ORL,RS,ORL,2880.0,,83,103,-20
200804190CLE,PO,CLE,0.0,,0,0,0
200804190CLE,PO,CLE,15.0,,0,2,-2
200804190CLE,PO,CLE,41.0,,0,3,-3
200804190CLE,PO,CLE,41.0,,0,4,-4
200804190CLE,PO,CLE,132.0,,2,4,-2
200804190CLE,PO,CLE,197.0,,2,6,-4
200804190CLE,PO,CLE,232.0,,2,9,-7
200804190CLE,PO,CLE,254.0,,4,9,-5
200804190CLE,PO,CLE,262.0,,4,10,-6
200804190CLE,PO,CLE,262.0,,4,11,-7
200804190CLE,PO,CLE,283.0,,6,11,-5
200804190CLE,PO,CLE,320.0,,6,13,-7
200804190CLE,PO,CLE,340.0,,8,13,-5
200804190CLE,PO,CLE,375.0,,10,13,-3
200804190CLE,PO,CLE,428.0,,10,15,-5
200804190CLE,PO,CLE,482.0,,12,15,-3
200804190CLE,PO,CLE,498.0,,12,16,-4
200804190CLE,PO,CLE,498.0,,12,17,-5
200804190CLE,PO,CLE,586.0,,15,17,-2
200804190CLE,PO,CLE,620.0,,16,17,-1
200804190CLE,PO,CLE,620.0,T,17,17,0
200804190CLE,PO,CLE,645.0,LC,19,17,2
200804190CLE,PO,CLE,667.1,,21,17,4
200804190CLE,PO,CLE,683.3,,21,18,3
200804190CLE,PO,CLE,708.5,,21,19,2
200804190CLE,PO,CLE,719.1,,24,19,5
200804190CLE,PO,CLE,771.0,,27,19,8
200804190CLE,PO,CLE,812.0,,30,19,11
200804190CLE,PO,CLE,834.0,,30,21,9
200804190CLE,PO,CLE,858.0,,32,21,11
200804190CLE,PO,CLE,880.0,,32,22,10
200804190CLE,PO,CLE,880.0,,32,23,9
200804190CLE,PO,CLE,920.0,,32,26,6
200804190CLE,PO,CLE,965.0,,34,26,8
200804190CLE,PO,CLE,978.0,,34,28,6
200804190CLE,PO,CLE,1013.0,,36,28,8
200804190CLE,PO,CLE,1056.0,,36,30,6
200804190CLE,PO,CLE,1080.0,,36,31,5
200804190CLE,PO,CLE,1080.0,,36,32,4
200804190CLE,PO,CLE,1104.0,,36,34,2
200804190CLE,PO,CLE,1139.0,,38,34,4
200804190CLE,PO,CLE,1178.0,,40,34,6
200804190CLE,PO,CLE,1191.0,,40,36,4
200804190CLE,PO,CLE,1205.0,,40,38,2
200804190CLE,PO,CLE,1286.0,,42,38,4
200804190CLE,PO,CLE,1309.0,,42,40,2
200804190CLE,PO,CLE,1388.3,,44,40,4
200804190CLE,PO,CLE,1408.1,,44,42,2
200804190CLE,PO,CLE,1424.8,,46,42,4
200804190CLE,PO,CLE,1435.6,,46,45,1
200804190CLE,PO,CLE,1438.7,T,46,46,0
200804190CLE,PO,CLE,1459.0,,47,46,1
200804190CLE,PO,CLE,1459.0,,48,46,2
200804190CLE,PO,CLE,1477.0,T,48,48,0
200804190CLE,PO,CLE,1506.0,LC,48,49,-1
200804190CLE,PO,CLE,1537.0,,48,51,-3
200804190CLE,PO,CLE,1560.0,,50,51,-1
200804190CLE,PO,CLE,1609.0,,50,53,-3
200804190CLE,PO,CLE,1645.0,,51,53,-2
200804190CLE,PO,CLE,1645.0,,52,53,-1
200804190CLE,PO,CLE,1662.0,LC,54,53,1
200804190CLE,PO,CLE,1684.0,LC,54,55,-1
200804190CLE,PO,CLE,1706.0,,54,56,-2
200804190CLE,PO,CLE,1706.0,,54,57,-3
200804190CLE,PO,CLE,1752.0,,54,59,-5
200804190CLE,PO,CLE,1764.0,,56,59,-3
200804190CLE,PO,CLE,1790.0,,56,60,-4
200804190CLE,PO,CLE,1790.0,,56,61,-5
200804190CLE,PO,CLE,1812.0,,58,61,-3
200804190CLE,PO,CLE,1911.0,,60,61,-1
200804190CLE,PO,CLE,1929.0,LC,63,61,2
200804190CLE,PO,CLE,1957.0,,65,61,4
200804190CLE,PO,CLE,1995.0,,67,61,6
200804190CLE,PO,CLE,2022.0,,67,64,3
200804190CLE,PO,CLE,2038.0,,69,64,5
200804190CLE,PO,CLE,2055.0,,69,65,4
200804190CLE,PO,CLE,2184.0,,69,67,2
200804190CLE,PO,CLE,2205.0,,70,67,3
200804190CLE,PO,CLE,2224.0,,70,68,2
200804190CLE,PO,CLE,2224.0,,70,69,1
200804190CLE,PO,CLE,2253.0,LC,70,71,-1
200804190CLE,PO,CLE,2296.0,,70,73,-3
200804190CLE,PO,CLE,2312.0,,71,73,-2
200804190CLE,PO,CLE,2336.0,,72,73,-1
200804190CLE,PO,CLE,2336.0,T,73,73,0
200804190CLE,PO,CLE,2362.0,,73,75,-2
200804190CLE,PO,CLE,2396.0,,73,77,-4
200804190CLE,PO,CLE,2436.0,,74,77,-3
200804190CLE,PO,CLE,2436.0,,75,77,-2
200804190CLE,PO,CLE,2450.0,,75,80,-5
200804190CLE,PO,CLE,2506.0,,76,80,-4
200804190CLE,PO,CLE,2506.0,,77,80,-3
200804190CLE,PO,CLE,2524.0,,77,82,-5
200804190CLE,PO,CLE,2541.0,,79,82,-3
200804190CLE,PO,CLE,2570.0,T,82,82,0
200804190CLE,PO,CLE,2602.0,LC,84,82,2
200804190CLE,PO,CLE,2722.0,,84,83,1
200804190CLE,PO,CLE,2722.0,T,84,84,0
200804190CLE,PO,CLE,2783.0,LC,84,86,-2
200804190CLE,PO,CLE,2824.7,,84,88,-4
200804190CLE,PO,CLE,2847.1,,84,89,-5
200804190CLE,PO,CLE,2864.9,,84,90,-6
200804190CLE,PO,CLE,2864.9,,84,91,-7
200804190CLE,PO,CLE,2867.0,,84,92,-8
200804190CLE,PO,CLE,2867.0,,84,93,-9
200804190CLE,PO,CLE,2876.1,F,86,93,-7
200804190CLE,PO,CLE,2880.0,,86,93,-7
200804210CLE,PO,CLE,0.0,,0,0,0
200804210CLE,PO,CLE,8.0,,2,0,2
200804210CLE,PO,CLE,107.0,,2,1,1
200804210CLE,PO,CLE,123.0,,4,1,3
200804210CLE,PO,CLE,157.0,,6,1,5
200804210CLE,PO,CLE,179.0,,6,3,3
200804210CLE,PO,CLE,196.0,,7,3,4
200804210CLE,PO,CLE,196.0,,8,3,5
200804210CLE,PO,CLE,219.0,,8,5,3
200804210CLE,PO,CLE,261.0,,10,5,5
200804210CLE,PO,CLE,284.0,,10,7,3
200804210CLE,PO,CLE,298.0,,13,7,6
200804210CLE,PO,CLE,345.0,,15,7,8
200804210CLE,PO,CLE,364.0,,15,9,6
200804210CLE,PO,CLE,422.0,,15,10,5
200804210CLE,PO,CLE,422.0,,15,11,4
200804210CLE,PO,CLE,458.0,,15,12,3
200804210CLE,PO,CLE,464.0,,15,13,2
200804210CLE,PO,CLE,484.0,,17,13,4
200804210CLE,PO,CLE,524.0,,17,15,2
200804210CLE,PO,CLE,563.0,,19,15,4
200804210CLE,PO,CLE,577.0,,19,18,1
200804210CLE,PO,CLE,625.0,T,19,19,0
200804210CLE,PO,CLE,640.0,LC,19,21,-2
200804210CLE,PO,CLE,640.0,,19,22,-3
200804210CLE,PO,CLE,667.7,,20,22,-2
200804210CLE,PO,CLE,667.7,,21,22,-1
200804210CLE,PO,CLE,688.2,,21,25,-4
200804210CLE,PO,CLE,696.2,,22,25,-3
200804210CLE,PO,CLE,717.6,,22,27,-5
200804210CLE,PO,CLE,762.0,,24,27,-3
200804210CLE,PO,CLE,797.0,,26,27,-1
200804210CLE,PO,CLE,797.0,T,27,27,0
200804210CLE,PO,CLE,843.0,LC,29,27,2
200804210CLE,PO,CLE,875.0,,30,27,3
200804210CLE,PO,CLE,895.0,,30,29,1
200804210CLE,PO,CLE,956.0,LC,30,31,-1
200804210CLE,PO,CLE,974.0,LC,32,31,1
200804210CLE,PO,CLE,997.0,LC,32,33,-1
200804210CLE,PO,CLE,997.0,,32,34,-2
200804210CLE,PO,CLE,1018.0,T,34,34,0
200804210CLE,PO,CLE,1032.0,,34,36,-2
200804210CLE,PO,CLE,1058.0,T,36,36,0
200804210CLE,PO,CLE,1075.0,,36,38,-2
200804210CLE,PO,CLE,1106.0,,36,41,-5
200804210CLE,PO,CLE,1186.0,,36,43,-7
200804210CLE,PO,CLE,1239.0,,38,43,-5
200804210CLE,PO,CLE,1298.0,,38,44,-6
200804210CLE,PO,CLE,1298.0,,38,45,-7
200804210CLE,PO,CLE,1298.0,,38,46,-8
200804210CLE,PO,CLE,1329.0,,38,48,-10
200804210CLE,PO,CLE,1362.0,,38,50,-12
200804210CLE,PO,CLE,1391.2,,38,52,-14
200804210CLE,PO,CLE,1409.5,,39,52,-13
200804210CLE,PO,CLE,1409.5,,40,52,-12
200804210CLE,PO,CLE,1432.1,,40,53,-13
200804210CLE,PO,CLE,1462.0,,40,55,-15
200804210CLE,PO,CLE,1509.0,,40,58,-18
200804210CLE,PO,CLE,1523.0,,41,58,-17
200804210CLE,PO,CLE,1535.0,,41,60,-19
200804210CLE,PO,CLE,1580.0,,44,60,-16
200804210CLE,PO,CLE,1602.0,,44,63,-19
200804210CLE,PO,CLE,1618.0,,45,63,-18
200804210CLE,PO,CLE,1618.0,,46,63,-17
200804210CLE,PO,CLE,1702.0,,47,63,-16
200804210CLE,PO,CLE,1702.0,,48,63,-15
200804210CLE,PO,CLE,1715.0,,48,65,-17
200804210CLE,PO,CLE,1725.0,,50,65,-15
200804210CLE,PO,CLE,1741.0,,50,66,-16
200804210CLE,PO,CLE,1741.0,,50,67,-17
200804210CLE,PO,CLE,1755.0,,50,70,-20
200804210CLE,PO,CLE,1764.0,,51,70,-19
200804210CLE,PO,CLE,1764.0,,52,70,-18
200804210CLE,PO,CLE,1779.0,,52,72,-20
200804210CLE,PO,CLE,1793.0,,53,72,-19
200804210CLE,PO,CLE,1793.0,,54,72,-18
200804210CLE,PO,CLE,1816.0,,54,74,-20
200804210CLE,PO,CLE,1868.0,,54,76,-22
200804210CLE,PO,CLE,1868.0,,54,77,-23
200804210CLE,PO,CLE,1878.0,,54,78,-24
200804210CLE,PO,CLE,1899.0,,54,79,-25
200804210CLE,PO,CLE,1904.0,,55,79,-24
200804210CLE,PO,CLE,1931.0,,57,79,-22
200804210CLE,PO,CLE,1949.0,,57,80,-23
200804210CLE,PO,CLE,1960.0,,59,80,-21
200804210CLE,PO,CLE,1981.0,,59,81,-22
200804210CLE,PO,CLE,2004.0,,61,81,-20
200804210CLE,PO,CLE,2028.0,,61,84,-23
200804210CLE,PO,CLE,2039.0,,63,84,-21
200804210CLE,PO,CLE,2136.2,,63,86,-23
200804210CLE,PO,CLE,2196.0,,64,86,-22
200804210CLE,PO,CLE,2219.0,,64,89,-25
200804210CLE,PO,CLE,2239.0,,66,89,-23
200804210CLE,PO,CLE,2258.0,,66,90,-24
200804210CLE,PO,CLE,2285.0,,66,92,-26
200804210CLE,PO,CLE,2300.0,,69,92,-23
200804210CLE,PO,CLE,2321.0,,69,94,-25
200804210CLE,PO,CLE,2346.0,,69,96,-27
200804210CLE,PO,CLE,2364.0,,71,96,-25
200804210CLE,PO,CLE,2401.0,,73,96,-23
200804210CLE,PO,CLE,2429.0,,73,98,-25
200804210CLE,PO,CLE,2446.0,,75,98,-23
200804210CLE,PO,CLE,2446.0,,76,98,-22
200804210CLE,PO,CLE,2501.0,,76,100,-24
200804210CLE,PO,CLE,2534.0,,76,102,-26
200804210CLE,PO,CLE,2559.0,,76,103,-27
200804210CLE,PO,CLE,2559.0,,76,104,-28
200804210CLE,PO,CLE,2569.0,,78,104,-26
200804210CLE,PO,CLE,2609.0,,79,104,-25
200804210CLE,PO,CLE,2609.0,,80,104,-24
200804210CLE,PO,CLE,2623.0,,80,106,-26
200804210CLE,PO,CLE,2687.0,,81,106,-25
200804210CLE,PO,CLE,2687.0,,82,106,-24
200804210CLE,PO,CLE,2707.0,,82,108,-26
200804210CLE,PO,CLE,2723.0,,83,108,-25
200804210CLE,PO,CLE,2775.0,,83,111,-28
200804210CLE,PO,CLE,2786.0,,84,111,-27
200804210CLE,PO,CLE,2786.0,,85,111,-26
200804210CLE,PO,CLE,2813.0,,86,111,-25
200804210CLE,PO,CLE,2822.1,,86,113,-27
200804210CLE,PO,CLE,2843.1,F,86,116,-30
200804210CLE,PO,CLE,2880.0,,86,116,-30
200804240WAS,PO,CLE,0.0,,0,0,0
200804240WAS,PO,CLE,40.0,,0,2,-2
200804240WAS,PO,CLE,82.0,T,2,2,0
200804240WAS,PO,CLE,99.0,,2,4,-2
200804240WAS,PO,CLE,114.0,T,4,4,0
200804240WAS,PO,CLE,152.0,LC,5,4,1
200804240WAS,PO,CLE,152.0,,6,4,2
200804240WAS,PO,CLE,166.0,T,6,6,0
200804240WAS,PO,CLE,218.0,LC,6,8,-2
200804240WAS,PO,CLE,260.0,T,8,8,0
200804240WAS,PO,CLE,309.0,LC,10,8,2
200804240WAS,PO,CLE,330.0,T,10,10,0
200804240WAS,PO,CLE,403.0,LC,10,12,-2
200804240WAS,PO,CLE,439.0,T,12,12,0
200804240WAS,PO,CLE,470.0,LC,14,12,2
200804240WAS,PO,CLE,496.0,,15,12,3
200804240WAS,PO,CLE,496.0,,16,12,4
200804240WAS,PO,CLE,601.0,,18,12,6
200804240WAS,PO,CLE,621.0,,20,12,8
200804240WAS,PO,CLE,621.0,,21,12,9
200804240WAS,PO,CLE,659.0,,21,14,7
200804240WAS,PO,CLE,710.6,,21,16,5
200804240WAS,PO,CLE,710.6,,21,17,4
200804240WAS,PO,CLE,802.0,,24,17,7
200804240WAS,PO,CLE,834.0,,26,17,9
200804240WAS,PO,CLE,871.0,,28,17,11
200804240WAS,PO,CLE,896.0,,28,18,10
200804240WAS,PO,CLE,896.0,,28,19,9
200804240WAS,PO,CLE,925.0,,30,19,11
200804240WAS,PO,CLE,946.0,,30,20,10
200804240WAS,PO,CLE,1003.0,,30,22,8
200804240WAS,PO,CLE,1041.0,,32,22,10
200804240WAS,PO,CLE,1079.0,,34,22,12
200804240WAS,PO,CLE,1115.0,,34,24,10
200804240WAS,PO,CLE,1132.0,,35,24,11
200804240WAS,PO,CLE,1132.0,,36,24,12
200804240WAS,PO,CLE,1150.0,,36,25,11
200804240WAS,PO,CLE,1191.0,,36,27,9
200804240WAS,PO,CLE,1209.0,,38,27,11
200804240WAS,PO,CLE,1223.0,,38,29,9
200804240WAS,PO,CLE,1246.0,,40,29,11
200804240WAS,PO,CLE,1275.0,,43,29,14
200804240WAS,PO,CLE,1292.0,,45,29,16
200804240WAS,PO,CLE,1327.0,,47,29,18
200804240WAS,PO,CLE,1362.0,,47,31,16
200804240WAS,PO,CLE,1384.3,,49,31,18
200804240WAS,PO,CLE,1402.1,,49,33,16
200804240WAS,PO,CLE,1495.0,,49,34,15
200804240WAS,PO,CLE,1520.0,,51,34,17
200804240WAS,PO,CLE,1559.0,,52,34,18
200804240WAS,PO,CLE,1559.0,,53,34,19
200804240WAS,PO,CLE,1601.0,,53,36,17
200804240WAS,PO,CLE,1629.0,,56,36,20
200804240WAS,PO,CLE,1640.0,,56,38,18
200804240WAS,PO,CLE,1653.0,,58,38,20
200804240WAS,PO,CLE,1710.0,,59,38,21
200804240WAS,PO,CLE,1710.0,,60,38,22
200804240WAS,PO,CLE,1742.0,,63,38,25
200804240WAS,PO,CLE,1761.0,,63,40,23
200804240WAS,PO,CLE,1779.0,,66,40,26
200804240WAS,PO,CLE,1816.0,,66,42,24
200804240WAS,PO,CLE,1838.0,,68,42,26
200804240WAS,PO,CLE,1883.0,,68,43,25
200804240WAS,PO,CLE,1921.0,,70,43,27
200804240WAS,PO,CLE,1957.0,,72,43,29
200804240WAS,PO,CLE,2005.0,,72,45,27
200804240WAS,PO,CLE,2057.0,,72,47,25
200804240WAS,PO,CLE,2082.0,,73,47,26
200804240WAS,PO,CLE,2082.0,,74,47,27
200804240WAS,PO,CLE,2099.0,,74,48,26
200804240WAS,PO,CLE,2107.9,,75,48,27
200804240WAS,PO,CLE,2119.3,,77,48,29
200804240WAS,PO,CLE,2129.5,,77,49,28
200804240WAS,PO,CLE,2144.8,,77,51,26
200804240WAS,PO,CLE,2170.0,,77,53,24
200804240WAS,PO,CLE,2200.0,,79,53,26
200804240WAS,PO,CLE,2212.0,,79,55,24
200804240WAS,PO,CLE,2246.0,,79,57,22
200804240WAS,PO,CLE,2283.0,,79,59,20
200804240WAS,PO,CLE,2304.0,,81,59,22
200804240WAS,PO,CLE,2339.0,,82,59,23
200804240WAS,PO,CLE,2339.0,,83,59,24
200804240WAS,PO,CLE,2362.0,,83,61,22
200804240WAS,PO,CLE,2385.0,,86,61,25
200804240WAS,PO,CLE,2421.0,,89,61,28
200804240WAS,PO,CLE,2470.0,,91,61,30
200804240WAS,PO,CLE,2470.0,,92,61,31
200804240WAS,PO,CLE,2495.0,,92,63,29
200804240WAS,PO,CLE,2503.0,,93,63,30
200804240WAS,PO,CLE,2503.0,,94,63,31
200804240WAS,PO,CLE,2513.0,,94,64,30
200804240WAS,PO,CLE,2513.0,,94,65,29
200804240WAS,PO,CLE,2526.0,,95,65,30
200804240WAS,PO,CLE,2565.0,,97,65,32
200804240WAS,PO,CLE,2601.0,,100,65,35
200804240WAS,PO,CLE,2620.0,,101,65,36
200804240WAS,PO,CLE,2623.0,,102,65,37
200804240WAS,PO,CLE,2641.0,,104,65,39
200804240WAS,PO,CLE,2662.0,,104,68,36
200804240WAS,PO,CLE,2725.0,,104,69,35
200804240WAS,PO,CLE,2801.0,,106,69,37
200804240WAS,PO,CLE,2816.0,,107,69,38
200804240WAS,PO,CLE,2816.0,,108,69,39
200804240WAS,PO,CLE,2866.1,F,108,72,36
200804240WAS,PO,CLE,2880.0,,108,72,36
200804270WAS,PO,CLE,0.0,,0,0,0
200804270WAS,PO,CLE,48.0,,2,0,2
200804270WAS,PO,CLE,79.0,T,2,2,0
200804270WAS,PO,CLE,104.0,,4,2,2
200804270WAS,PO,CLE,104.0,,5,2,3
200804270WAS,PO,CLE,132.0,,7,2,5
200804270WAS,PO,CLE,154.0,,7,4,3
200804270WAS,PO,CLE,170.0,,9,4,5
200804270WAS,PO,CLE,215.0,,9,6,3
200804270WAS,PO,CLE,239.0,,11,6,5
200804270WAS,PO,CLE,253.0,,11,8,3
200804270WAS,PO,CLE,280.0,,13,8,5
200804270WAS,PO,CLE,303.0,,13,10,3
200804270WAS,PO,CLE,357.0,,13,11,2
200804270WAS,PO,CLE,357.0,,13,12,1
200804270WAS,PO,CLE,401.0,,15,12,3
200804270WAS,PO,CLE,423.0,,15,14,1
200804270WAS,PO,CLE,462.0,LC,15,16,-1
200804270WAS,PO,CLE,487.0,,15,18,-3
200804270WAS,PO,CLE,501.0,,16,18,-2
200804270WAS,PO,CLE,522.0,,16,19,-3
200804270WAS,PO,CLE,522.0,,16,20,-4
200804270WAS,PO,CLE,539.0,,17,20,-3
200804270WAS,PO,CLE,539.0,,18,20,-2
200804270WAS,PO,CLE,557.0,,18,21,-3
200804270WAS,PO,CLE,557.0,,18,22,-4
200804270WAS,PO,CLE,576.0,,20,22,-2
200804270WAS,PO,CLE,638.0,LC,23,22,1
200804270WAS,PO,CLE,661.5,,25,22,3
200804270WAS,PO,CLE,689.1,,25,24,1
200804270WAS,PO,CLE,703.1,,28,24,4
200804270WAS,PO,CLE,770.0,,28,27,1
200804270WAS,PO,CLE,787.0,T,28,28,0
200804270WAS,PO,CLE,787.0,LC,28,29,-1
200804270WAS,PO,CLE,831.0,T,29,29,0
200804270WAS,PO,CLE,831.0,LC,30,29,1
200804270WAS,PO,CLE,885.0,,33,29,4
200804270WAS,PO,CLE,948.0,,35,29,6
200804270WAS,PO,CLE,986.0,,37,29,8
200804270WAS,PO,CLE,1030.0,,37,31,6
200804270WAS,PO,CLE,1052.0,,38,31,7
200804270WAS,PO,CLE,1052.0,,39,31,8
200804270WAS,PO,CLE,1085.0,,39,33,6
200804270WAS,PO,CLE,1123.0,,39,35,4
200804270WAS,PO,CLE,1180.0,,39,38,1
200804270WAS,PO,CLE,1235.0,T,39,39,0
200804270WAS,PO,CLE,1252.0,LC,39,42,-3
200804270WAS,PO,CLE,1277.0,,39,43,-4
200804270WAS,PO,CLE,1277.0,,39,44,-5
200804270WAS,PO,CLE,1295.0,,40,44,-4
200804270WAS,PO,CLE,1295.0,,41,44,-3
200804270WAS,PO,CLE,1314.0,,41,47,-6
200804270WAS,PO,CLE,1333.0,,41,48,-7
200804270WAS,PO,CLE,1333.0,,41,49,-8
200804270WAS,PO,CLE,1363.0,,41,51,-10
200804270WAS,PO,CLE,1378.0,,43,51,-8
200804270WAS,PO,CLE,1384.1,,43,54,-11
200804270WAS,PO,CLE,1401.3,,44,54,-10
200804270WAS,PO,CLE,1472.0,,44,56,-12
200804270WAS,PO,CLE,1490.0,,46,56,-10
200804270WAS,PO,CLE,1501.0,,46,57,-11
200804270WAS,PO,CLE,1501.0,,46,58,-12
200804270WAS,PO,CLE,1556.0,,46,60,-14
200804270WAS,PO,CLE,1578.0,,47,60,-13
200804270WAS,PO,CLE,1578.0,,48,60,-12
200804270WAS,PO,CLE,1598.0,,48,61,-13
200804270WAS,PO,CLE,1615.0,,51,61,-10
200804270WAS,PO,CLE,1645.0,,51,64,-13
200804270WAS,PO,CLE,1664.0,,52,64,-12
200804270WAS,PO,CLE,1687.0,,52,67,-15
200804270WAS,PO,CLE,1732.0,,54,67,-13
200804270WAS,PO,CLE,1764.0,,55,67,-12
200804270WAS,PO,CLE,1764.0,,56,67,-11
200804270WAS,PO,CLE,1795.0,,57,67,-10
200804270WAS,PO,CLE,1795.0,,58,67,-9
200804270WAS,PO,CLE,1838.0,,61,67,-6
200804270WAS,PO,CLE,1865.0,,63,67,-4
200804270WAS,PO,CLE,1896.0,,64,67,-3
200804270WAS,PO,CLE,1946.0,,64,70,-6
200804270WAS,PO,CLE,1967.0,,66,70,-4
200804270WAS,PO,CLE,1968.0,,67,70,-3
200804270WAS,PO,CLE,1989.0,,67,72,-5
200804270WAS,PO,CLE,2009.0,,70,72,-2
200804270WAS,PO,CLE,2058.0,,70,74,-4
200804270WAS,PO,CLE,2058.0,,70,75,-5
200804270WAS,PO,CLE,2076.0,,72,75,-3
200804270WAS,PO,CLE,2076.0,,73,75,-2
200804270WAS,PO,CLE,2102.0,,73,76,-3
200804270WAS,PO,CLE,2102.0,,73,77,-4
200804270WAS,PO,CLE,2159.7,,73,79,-6
200804270WAS,PO,CLE,2159.7,,73,80,-7
200804270WAS,PO,CLE,2172.0,,74,80,-6
200804270WAS,PO,CLE,2172.0,,75,80,-5
200804270WAS,PO,CLE,2256.0,,76,80,-4
200804270WAS,PO,CLE,2287.0,,78,80,-2
200804270WAS,PO,CLE,2306.0,,78,83,-5
200804270WAS,PO,CLE,2321.0,,80,83,-3
200804270WAS,PO,CLE,2341.0,,80,85,-5
200804270WAS,PO,CLE,2370.0,,82,85,-3
200804270WAS,PO,CLE,2386.0,,82,88,-6
200804270WAS,PO,CLE,2418.0,,85,88,-3
200804270WAS,PO,CLE,2442.0,,85,89,-4
200804270WAS,PO,CLE,2442.0,,85,90,-5
200804270WAS,PO,CLE,2466.0,,87,90,-3
200804270WAS,PO,CLE,2570.0,,87,93,-6
200804270WAS,PO,CLE,2619.0,,87,94,-7
200804270WAS,PO,CLE,2635.0,,89,94,-5
200804270WAS,PO,CLE,2656.0,,91,94,-3
200804270WAS,PO,CLE,2687.0,,91,97,-6
200804270WAS,PO,CLE,2750.0,,93,97,-4
200804270WAS,PO,CLE,2822.9,,94,97,-3
200804270WAS,PO,CLE,2822.9,,95,97,-2
200804270WAS,PO,CLE,2852.0,T,97,97,0
200804270WAS,PO,CLE,2874.6,F,97,100,-3
200804270WAS,PO,CLE,2880.0,,97,100,-3
200804300CLE,PO,CLE,0.0,,0,0,0
200804300CLE,PO,CLE,62.0,,2,0,2
200804300CLE,PO,CLE,97.0,,5,0,5
200804300CLE,PO,CLE,118.0,,5,2,3
200804300CLE,PO,CLE,181.0,,5,4,1
200804300CLE,PO,CLE,226.0,LC,5,6,-1
200804300CLE,PO,CLE,251.0,LC,7,6,1
200804300CLE,PO,CLE,294.0,T,7,7,0
200804300CLE,PO,CLE,294.0,LC,7,8,-1
200804300CLE,PO,CLE,311.0,LC,10,8,2
200804300CLE,PO,CLE,356.0,,12,8,4
200804300CLE,PO,CLE,375.0,,12,11,1
200804300CLE,PO,CLE,392.0,,13,11,2
200804300CLE,PO,CLE,472.0,,15,11,4
200804300CLE,PO,CLE,472.0,,16,11,5
200804300CLE,PO,CLE,486.0,,16,12,4
200804300CLE,PO,CLE,501.0,,18,12,6
200804300CLE,PO,CLE,520.0,,18,13,5
200804300CLE,PO,CLE,520.0,,18,14,4
200804300CLE,PO,CLE,555.0,,20,14,6
200804300CLE,PO,CLE,578.0,,20,16,4
200804300CLE,PO,CLE,719.5,,23,16,7
200804300CLE,PO,CLE,749.0,,23,19,4
200804300CLE,PO,CLE,782.0,,23,21,2
200804300CLE,PO,CLE,812.0,,25,21,4
200804300CLE,PO,CLE,835.0,,25,23,2
200804300CLE,PO,CLE,857.0,,27,23,4
200804300CLE,PO,CLE,877.0,,27,25,2
200804300CLE,PO,CLE,888.0,,28,25,3
200804300CLE,PO,CLE,955.0,,30,25,5
200804300CLE,PO,CLE,968.0,,30,26,4
200804300CLE,PO,CLE,992.0,,32,26,6
200804300CLE,PO,CLE,1003.0,,32,29,3
200804300CLE,PO,CLE,1037.0,T,32,32,0
200804300CLE,PO,CLE,1050.0,,34,32,2
200804300CLE,PO,CLE,1118.0,,37,32,5
200804300CLE,PO,CLE,1130.0,,37,33,4
200804300CLE,PO,CLE,1130.0,,37,34,3
200804300CLE,PO,CLE,1179.0,,40,34,6
200804300CLE,PO,CLE,1203.0,,40,37,3
200804300CLE,PO,CLE,1256.0,,41,37,4
200804300CLE,PO,CLE,1256.0,,42,37,5
200804300CLE,PO,CLE,1270.0,,42,38,4
200804300CLE,PO,CLE,1270.0,,42,39,3
200804300CLE,PO,CLE,1355.0,,44,39,5
200804300CLE,PO,CLE,1390.1,,44,41,3
200804300CLE,PO,CLE,1407.3,,45,41,4
200804300CLE,PO,CLE,1424.7,,45,43,2
200804300CLE,PO,CLE,1474.0,LC,45,46,-1
200804300CLE,PO,CLE,1502.0,LC,47,46,1
200804300CLE,PO,CLE,1537.0,,49,46,3
200804300CLE,PO,CLE,1555.0,,49,48,1
200804300CLE,PO,CLE,1580.0,,51,48,3
200804300CLE,PO,CLE,1611.0,,53,48,5
200804300CLE,PO,CLE,1630.0,,53,50,3
200804300CLE,PO,CLE,1659.0,,53,51,2
200804300CLE,PO,CLE,1659.0,,53,52,1
200804300CLE,PO,CLE,1741.0,LC,53,55,-2
200804300CLE,PO,CLE,1821.0,,53,56,-3
200804300CLE,PO,CLE,1821.0,,53,57,-4
200804300CLE,PO,CLE,1846.0,,53,59,-6
200804300CLE,PO,CLE,1889.0,,55,59,-4
200804300CLE,PO,CLE,1927.0,,57,59,-2
200804300CLE,PO,CLE,1965.0,,57,62,-5
200804300CLE,PO,CLE,1978.0,,60,62,-2
200804300CLE,PO,CLE,2035.0,,60,63,-3
200804300CLE,PO,CLE,2051.0,T,63,63,0
200804300CLE,PO,CLE,2092.0,LC,65,63,2
200804300CLE,PO,CLE,2110.9,,66,63,3
200804300CLE,PO,CLE,2110.9,,67,63,4
200804300CLE,PO,CLE,2132.4,,67,65,2
200804300CLE,PO,CLE,2155.7,,69,65,4
200804300CLE,PO,CLE,2188.0,,70,65,5
200804300CLE,PO,CLE,2188.0,,71,65,6
200804300CLE,PO,CLE,2314.0,,71,68,3
200804300CLE,PO,CLE,2335.0,,73,68,5
200804300CLE,PO,CLE,2353.0,,73,70,3
200804300CLE,PO,CLE,2400.0,,73,72,1
200804300CLE,PO,CLE,2423.0,LC,73,74,-1
200804300CLE,PO,CLE,2469.0,,73,75,-2
200804300CLE,PO,CLE,2469.0,,73,76,-3
200804300CLE,PO,CLE,2492.0,,74,76,-2
200804300CLE,PO,CLE,2492.0,,75,76,-1
200804300CLE,PO,CLE,2530.0,,75,78,-3
200804300CLE,PO,CLE,2578.0,,76,78,-2
200804300CLE,PO,CLE,2578.0,,77,78,-1
200804300CLE,PO,CLE,2589.0,,77,79,-2
200804300CLE,PO,CLE,2589.0,,77,80,-3
200804300CLE,PO,CLE,2602.0,,78,80,-2
200804300CLE,PO,CLE,2602.0,,79,80,-1
200804300CLE,PO,CLE,2605.0,T,80,80,0
200804300CLE,PO,CLE,2616.0,,80,81,-1
200804300CLE,PO,CLE,2635.0,LC,82,81,1
200804300CLE,PO,CLE,2658.0,T,82,82,0
200804300CLE,PO,CLE,2749.0,LC,82,83,-1
200804300CLE,PO,CLE,2749.0,,82,84,-2
200804300CLE,PO,CLE,2773.0,,82,86,-4
200804300CLE,PO,CLE,2773.0,,82,87,-5
200804300CLE,PO,CLE,2815.0,,84,87,-3
200804300CLE,PO,CLE,2836.8,,85,87,-2
200804300CLE,PO,CLE,2836.8,,86,87,-1
200804300CLE,PO,CLE,2876.1,F,88,87,1
200804300CLE,PO,CLE,2880.0,,88,87,1
200805020WAS,PO,CLE,0.0,,0,0,0
200805020WAS,PO,CLE,19.0,,2,0,2
200805020WAS,PO,CLE,46.0,,4,0,4
200805020WAS,PO,CLE,65.0,,4,2,2
200805020WAS,PO,CLE,96.0,LC,4,5,-1
200805020WAS,PO,CLE,124.0,LC,6,5,1
200805020WAS,PO,CLE,138.0,LC,6,8,-2
200805020WAS,PO,CLE,170.0,,6,10,-4
200805020WAS,PO,CLE,200.0,,6,12,-6
200805020WAS,PO,CLE,219.0,,8,12,-4
200805020WAS,PO,CLE,254.0,,10,12,-2
200805020WAS,PO,CLE,271.0,,10,14,-4
200805020WAS,PO,CLE,298.0,,12,14,-2
200805020WAS,PO,CLE,319.0,LC,15,14,1
200805020WAS,PO,CLE,336.0,LC,15,16,-1
200805020WAS,PO,CLE,353.0,LC,17,16,1
200805020WAS,PO,CLE,417.0,,18,16,2
200805020WAS,PO,CLE,417.0,,19,16,3
200805020WAS,PO,CLE,417.0,,20,16,4
200805020WAS,PO,CLE,465.0,,20,18,2
200805020WAS,PO,CLE,508.0,LC,20,21,-1
200805020WAS,PO,CLE,522.0,LC,23,21,2
200805020WAS,PO,CLE,549.0,T,23,23,0
200805020WAS,PO,CLE,559.0,,25,23,2
200805020WAS,PO,CLE,596.0,,27,23,4
200805020WAS,PO,CLE,647.0,,29,23,6
200805020WAS,PO,CLE,669.9,,30,23,7
200805020WAS,PO,CLE,669.9,,31,23,8
200805020WAS,PO,CLE,693.5,,31,25,6
200805020WAS,PO,CLE,719.6,,31,27,4
200805020WAS,PO,CLE,764.0,,33,27,6
200805020WAS,PO,CLE,787.0,,33,29,4
200805020WAS,PO,CLE,872.0,,35,29,6
200805020WAS,PO,CLE,888.0,,35,30,5
200805020WAS,PO,CLE,888.0,,35,31,4
200805020WAS,PO,CLE,907.0,,37,31,6
200805020WAS,PO,CLE,924.0,,37,33,4
200805020WAS,PO,CLE,956.0,,37,35,2
200805020WAS,PO,CLE,977.0,,39,35,4
200805020WAS,PO,CLE,997.0,,40,35,5
200805020WAS,PO,CLE,997.0,,41,35,6
200805020WAS,PO,CLE,1018.0,,41,37,4
200805020WAS,PO,CLE,1056.0,,41,40,1
200805020WAS,PO,CLE,1104.0,LC,41,43,-2
200805020WAS,PO,CLE,1140.0,,41,46,-5
200805020WAS,PO,CLE,1204.0,,41,48,-7
200805020WAS,PO,CLE,1275.0,,41,50,-9
200805020WAS,PO,CLE,1296.0,,43,50,-7
200805020WAS,PO,CLE,1325.0,,43,53,-10
200805020WAS,PO,CLE,1373.0,,43,55,-12
200805020WAS,PO,CLE,1373.0,,43,56,-13
200805020WAS,PO,CLE,1389.5,,45,56,-11
200805020WAS,PO,CLE,1435.2,,48,56,-8
200805020WAS,PO,CLE,1472.0,,48,58,-10
200805020WAS,PO,CLE,1571.0,,48,61,-13
200805020WAS,PO,CLE,1602.0,,50,61,-11
200805020WAS,PO,CLE,1602.0,,51,61,-10
200805020WAS,PO,CLE,1661.0,,51,63,-12
200805020WAS,PO,CLE,1684.0,,54,63,-9
200805020WAS,PO,CLE,1716.0,,55,63,-8
200805020WAS,PO,CLE,1716.0,,56,63,-7
200805020WAS,PO,CLE,1745.0,,56,65,-9
200805020WAS,PO,CLE,1827.0,,56,66,-10
200805020WAS,PO,CLE,1827.0,,56,67,-11
200805020WAS,PO,CLE,1836.0,,57,67,-10
200805020WAS,PO,CLE,1836.0,,58,67,-9
200805020WAS,PO,CLE,1861.0,,58,69,-11
200805020WAS,PO,CLE,1892.0,,58,71,-13
200805020WAS,PO,CLE,1911.0,,60,71,-11
200805020WAS,PO,CLE,1953.0,,60,73,-13
200805020WAS,PO,CLE,2032.0,,60,75,-15
200805020WAS,PO,CLE,2059.0,,62,75,-13
200805020WAS,PO,CLE,2093.0,,62,76,-14
200805020WAS,PO,CLE,2093.0,,62,77,-15
200805020WAS,PO,CLE,2133.1,,62,78,-16
200805020WAS,PO,CLE,2133.1,,62,79,-17
200805020WAS,PO,CLE,2152.9,,64,79,-15
200805020WAS,PO,CLE,2266.0,,64,82,-18
200805020WAS,PO,CLE,2287.0,,65,82,-17
200805020WAS,PO,CLE,2287.0,,66,82,-16
200805020WAS,PO,CLE,2309.0,,66,84,-18
200805020WAS,PO,CLE,2338.0,,66,86,-20
200805020WAS,PO,CLE,2363.0,,67,86,-19
200805020WAS,PO,CLE,2371.0,,69,86,-17
200805020WAS,PO,CLE,2394.0,,69,88,-19
200805020WAS,PO,CLE,2401.0,,71,88,-17
200805020WAS,PO,CLE,2401.0,,72,88,-16
200805020WAS,PO,CLE,2446.0,,72,91,-19
200805020WAS,PO,CLE,2498.0,,73,91,-18
200805020WAS,PO,CLE,2522.0,,75,91,-16
200805020WAS,PO,CLE,2542.0,,75,94,-19
200805020WAS,PO,CLE,2563.0,,78,94,-16
200805020WAS,PO,CLE,2586.0,,78,95,-17
200805020WAS,PO,CLE,2586.0,,78,96,-18
200805020WAS,PO,CLE,2598.0,,79,96,-17
200805020WAS,PO,CLE,2617.0,,79,97,-18
200805020WAS,PO,CLE,2617.0,,79,98,-19
200805020WAS,PO,CLE,2641.0,,79,100,-21
200805020WAS,PO,CLE,2685.0,,79,102,-23
200805020WAS,PO,CLE,2733.0,,79,104,-25
200805020WAS,PO,CLE,2743.0,,81,104,-23
200805020WAS,PO,CLE,2761.0,,81,105,-24
200805020WAS,PO,CLE,2781.0,,82,105,-23
200805020WAS,PO,CLE,2781.0,,83,105,-22
200805020WAS,PO,CLE,2790.0,,85,105,-20
200805020WAS,PO,CLE,2841.0,,86,105,-19
200805020WAS,PO,CLE,2870.1,F,88,105,-17
200805020WAS,PO,CLE,2880.0,,88,105,-17
