id,type,opponent,elapsedTime,event,teamScore,opponentScore,pointDifference
200511020GSW,RS,ATL,0.0,,0,0,0
200511020GSW,RS,ATL,17.0,,0,2,-2
200511020GSW,RS,ATL,31.0,T,2,2,0
200511020GSW,RS,ATL,72.0,,2,4,-2
200511020GSW,RS,ATL,89.0,,2,6,-4
200511020GSW,RS,ATL,100.0,,4,6,-2
200511020GSW,RS,ATL,127.0,T,6,6,0
200511020GSW,RS,ATL,149.0,LC,7,6,1
200511020GSW,RS,ATL,194.0,T,7,7,0
200511020GSW,RS,ATL,194.0,LC,7,8,-1
200511020GSW,RS,ATL,233.0,LC,9,8,1
200511020GSW,RS,ATL,250.0,LC,9,10,-1
200511020GSW,RS,ATL,287.0,LC,11,10,1
200511020GSW,RS,ATL,306.0,LC,11,13,-2
200511020GSW,RS,ATL,322.0,,11,15,-4
200511020GSW,RS,ATL,355.0,,13,15,-2
200511020GSW,RS,ATL,386.0,,13,17,-4
200511020GSW,RS,ATL,401.0,,15,17,-2
200511020GSW,RS,ATL,433.0,,16,17,-1
200511020GSW,RS,ATL,462.0,,16,19,-3
200511020GSW,RS,ATL,495.0,,16,21,-5
200511020GSW,RS,ATL,550.0,,16,23,-7
200511020GSW,RS,ATL,550.0,,16,24,-8
200511020GSW,RS,ATL,560.0,,18,24,-6
200511020GSW,RS,ATL,583.0,,18,25,-7
200511020GSW,RS,ATL,583.0,,18,26,-8
200511020GSW,RS,ATL,590.0,,20,26,-6
200511020GSW,RS,ATL,609.0,,21,26,-5
200511020GSW,RS,ATL,649.0,,22,26,-4
200511020GSW,RS,ATL,663.7,,23,26,-3
200511020GSW,RS,ATL,696.5,,25,26,-1
200511020GSW,RS,ATL,731.0,LC,27,26,1
200511020GSW,RS,ATL,758.0,T,27,27,0
200511020GSW,RS,ATL,758.0,LC,27,28,-1
200511020GSW,RS,ATL,780.0,,27,30,-3
200511020GSW,RS,ATL,805.0,,27,32,-5
200511020GSW,RS,ATL,831.0,,27,34,-7
200511020GSW,RS,ATL,856.0,,27,36,-9
200511020GSW,RS,ATL,868.0,,28,36,-8
200511020GSW,RS,ATL,868.0,,29,36,-7
200511020GSW,RS,ATL,886.0,,29,38,-9
200511020GSW,RS,ATL,906.0,,31,38,-7
200511020GSW,RS,ATL,924.0,,31,39,-8
200511020GSW,RS,ATL,944.0,,33,39,-6
200511020GSW,RS,ATL,963.0,,33,41,-8
200511020GSW,RS,ATL,971.0,,36,41,-5
200511020GSW,RS,ATL,994.0,,36,43,-7
200511020GSW,RS,ATL,994.0,,36,44,-8
200511020GSW,RS,ATL,1009.0,,38,44,-6
200511020GSW,RS,ATL,1059.0,,38,46,-8
200511020GSW,RS,ATL,1094.0,,40,46,-6
200511020GSW,RS,ATL,1161.0,,41,46,-5
200511020GSW,RS,ATL,1161.0,,42,46,-4
200511020GSW,RS,ATL,1184.0,,42,47,-5
200511020GSW,RS,ATL,1184.0,,42,48,-6
200511020GSW,RS,ATL,1195.0,,44,48,-4
200511020GSW,RS,ATL,1232.0,,44,50,-6
200511020GSW,RS,ATL,1267.0,,44,52,-8
200511020GSW,RS,ATL,1289.0,,45,52,-7
200511020GSW,RS,ATL,1289.0,,46,52,-6
200511020GSW,RS,ATL,1349.0,,47,52,-5
200511020GSW,RS,ATL,1376.0,,47,55,-8
200511020GSW,RS,ATL,1405.0,,47,56,-9
200511020GSW,RS,ATL,1405.0,,47,57,-10
200511020GSW,RS,ATL,1493.0,,47,59,-12
200511020GSW,RS,ATL,1512.0,,50,59,-9
200511020GSW,RS,ATL,1552.0,,53,59,-6
200511020GSW,RS,ATL,1573.0,,53,61,-8
200511020GSW,RS,ATL,1582.0,,55,61,-6
200511020GSW,RS,ATL,1592.0,,55,63,-8
200511020GSW,RS,ATL,1647.0,,55,65,-10
200511020GSW,RS,ATL,1662.0,,56,65,-9
200511020GSW,RS,ATL,1662.0,,57,65,-8
200511020GSW,RS,ATL,1694.0,,60,65,-5
200511020GSW,RS,ATL,1711.0,,63,65,-2
200511020GSW,RS,ATL,1742.0,T,65,65,0
200511020GSW,RS,ATL,1742.0,LC,66,65,1
200511020GSW,RS,ATL,1793.0,,68,65,3
200511020GSW,RS,ATL,1844.0,,68,67,1
200511020GSW,RS,ATL,1861.0,,70,67,3
200511020GSW,RS,ATL,1881.0,,72,67,5
200511020GSW,RS,ATL,1943.0,,73,67,6
200511020GSW,RS,ATL,1943.0,,74,67,7
200511020GSW,RS,ATL,1970.0,,75,67,8
200511020GSW,RS,ATL,1970.0,,76,67,9
200511020GSW,RS,ATL,2002.0,,78,67,11
200511020GSW,RS,ATL,2002.0,,79,67,12
200511020GSW,RS,ATL,2056.0,,82,67,15
200511020GSW,RS,ATL,2078.0,,82,69,13
200511020GSW,RS,ATL,2096.0,,83,69,14
200511020GSW,RS,ATL,2096.0,,84,69,15
200511020GSW,RS,ATL,2114.0,,84,71,13
200511020GSW,RS,ATL,2128.1,,86,71,15
200511020GSW,RS,ATL,2151.1,,86,73,13
200511020GSW,RS,ATL,2178.0,,86,75,11
200511020GSW,RS,ATL,2208.0,,88,75,13
200511020GSW,RS,ATL,2234.0,,90,75,15
200511020GSW,RS,ATL,2254.0,,90,77,13
200511020GSW,RS,ATL,2296.0,,92,77,15
200511020GSW,RS,ATL,2308.0,,92,78,14
200511020GSW,RS,ATL,2308.0,,92,79,13
200511020GSW,RS,ATL,2326.0,,94,79,15
200511020GSW,RS,ATL,2356.0,,97,79,18
200511020GSW,RS,ATL,2383.0,,99,79,20
200511020GSW,RS,ATL,2404.0,,99,81,18
200511020GSW,RS,ATL,2451.0,,99,83,16
200511020GSW,RS,ATL,2486.0,,99,85,14
200511020GSW,RS,ATL,2499.0,,100,85,15
200511020GSW,RS,ATL,2499.0,,101,85,16
200511020GSW,RS,ATL,2514.0,,101,87,14
200511020GSW,RS,ATL,2538.0,,103,87,16
200511020GSW,RS,ATL,2563.0,,105,87,18
200511020GSW,RS,ATL,2583.0,,105,89,16
200511020GSW,RS,ATL,2597.0,,107,89,18
200511020GSW,RS,ATL,2638.0,,109,89,20
200511020GSW,RS,ATL,2652.0,,110,89,21
200511020GSW,RS,ATL,2667.0,,110,90,20
200511020GSW,RS,ATL,2731.0,,112,90,22
200511020GSW,RS,ATL,2748.0,,112,92,20
200511020GSW,RS,ATL,2754.0,,114,92,22
200511020GSW,RS,ATL,2801.0,,114,95,19
200511020GSW,RS,ATL,2815.0,,115,95,20
200511020GSW,RS,ATL,2815.0,,116,95,21
200511020GSW,RS,ATL,2831.0,,117,95,22
200511020GSW,RS,ATL,2831.0,,118,95,23
200511020GSW,RS,ATL,2835.1,,120,95,25
200511020GSW,RS,ATL,2853.0,,120,97,23
200511020GSW,RS,ATL,2868.5,F,122,97,25
200511020GSW,RS,ATL,2880.0,,122,97,25
200511040GSW,RS,UTA,0.0,,0,0,0
200511040GSW,RS,UTA,36.0,,0,2,-2
200511040GSW,RS,UTA,105.0,,0,4,-4
200511040GSW,RS,UTA,124.0,,2,4,-2
200511040GSW,RS,UTA,186.0,,2,6,-4
200511040GSW,RS,UTA,200.0,,3,6,-3
200511040GSW,RS,UTA,228.0,,5,6,-1
200511040GSW,RS,UTA,333.0,,5,8,-3
200511040GSW,RS,UTA,376.0,,7,8,-1
200511040GSW,RS,UTA,392.0,,7,10,-3
200511040GSW,RS,UTA,440.0,T,10,10,0
200511040GSW,RS,UTA,487.0,LC,12,10,2
200511040GSW,RS,UTA,530.0,T,12,12,0
200511040GSW,RS,UTA,553.0,,14,12,2
200511040GSW,RS,UTA,566.0,T,14,14,0
200511040GSW,RS,UTA,603.0,LC,14,16,-2
200511040GSW,RS,UTA,617.0,,15,16,-1
200511040GSW,RS,UTA,617.0,T,16,16,0
200511040GSW,RS,UTA,641.0,,16,17,-1
200511040GSW,RS,UTA,643.0,,16,19,-3
200511040GSW,RS,UTA,738.0,,18,19,-1
200511040GSW,RS,UTA,760.0,,18,21,-3
200511040GSW,RS,UTA,772.0,,20,21,-1
200511040GSW,RS,UTA,823.0,,20,23,-3
200511040GSW,RS,UTA,823.0,,20,24,-4
200511040GSW,RS,UTA,844.0,,21,24,-3
200511040GSW,RS,UTA,844.0,,22,24,-2
200511040GSW,RS,UTA,895.0,,22,26,-4
200511040GSW,RS,UTA,910.0,,24,26,-2
200511040GSW,RS,UTA,964.0,,24,28,-4
200511040GSW,RS,UTA,975.0,,25,28,-3
200511040GSW,RS,UTA,1019.0,,25,30,-5
200511040GSW,RS,UTA,1042.0,,25,31,-6
200511040GSW,RS,UTA,1042.0,,25,32,-7
200511040GSW,RS,UTA,1108.0,,28,32,-4
200511040GSW,RS,UTA,1127.0,,28,34,-6
200511040GSW,RS,UTA,1146.0,,28,35,-7
200511040GSW,RS,UTA,1220.0,,28,36,-8
200511040GSW,RS,UTA,1237.0,,29,36,-7
200511040GSW,RS,UTA,1255.0,,30,36,-6
200511040GSW,RS,UTA,1267.0,,31,36,-5
200511040GSW,RS,UTA,1267.0,,32,36,-4
200511040GSW,RS,UTA,1279.0,,32,38,-6
200511040GSW,RS,UTA,1315.0,,32,40,-8
200511040GSW,RS,UTA,1347.0,,34,40,-6
200511040GSW,RS,UTA,1377.0,,36,40,-4
200511040GSW,RS,UTA,1390.6,,38,40,-2
200511040GSW,RS,UTA,1402.1,,38,41,-3
200511040GSW,RS,UTA,1402.1,,38,42,-4
200511040GSW,RS,UTA,1426.5,,40,42,-2
200511040GSW,RS,UTA,1480.0,,40,43,-3
200511040GSW,RS,UTA,1486.0,,41,43,-2
200511040GSW,RS,UTA,1486.0,,42,43,-1
200511040GSW,RS,UTA,1521.0,LC,44,43,1
200511040GSW,RS,UTA,1587.0,T,44,44,0
200511040GSW,RS,UTA,1621.0,,45,44,1
200511040GSW,RS,UTA,1636.0,LC,45,46,-1
200511040GSW,RS,UTA,1694.0,LC,48,46,2
200511040GSW,RS,UTA,1713.0,T,48,48,0
200511040GSW,RS,UTA,1743.0,LC,48,50,-2
200511040GSW,RS,UTA,1777.0,,48,51,-3
200511040GSW,RS,UTA,1777.0,,48,52,-4
200511040GSW,RS,UTA,1791.0,,50,52,-2
200511040GSW,RS,UTA,1812.0,,50,54,-4
200511040GSW,RS,UTA,1868.0,,50,56,-6
200511040GSW,RS,UTA,1942.0,,50,58,-8
200511040GSW,RS,UTA,1955.0,,50,59,-9
200511040GSW,RS,UTA,1955.0,,50,60,-10
200511040GSW,RS,UTA,1970.0,,52,60,-8
200511040GSW,RS,UTA,1982.0,,52,62,-10
200511040GSW,RS,UTA,1994.0,,53,62,-9
200511040GSW,RS,UTA,1994.0,,54,62,-8
200511040GSW,RS,UTA,2037.0,,56,62,-6
200511040GSW,RS,UTA,2053.0,,56,64,-8
200511040GSW,RS,UTA,2053.0,,56,65,-9
200511040GSW,RS,UTA,2099.0,,58,65,-7
200511040GSW,RS,UTA,2111.3,,58,66,-8
200511040GSW,RS,UTA,2111.3,,58,67,-9
200511040GSW,RS,UTA,2151.1,,58,70,-12
200511040GSW,RS,UTA,2182.0,,58,72,-14
200511040GSW,RS,UTA,2226.0,,60,72,-12
200511040GSW,RS,UTA,2264.0,,61,72,-11
200511040GSW,RS,UTA,2264.0,,62,72,-10
200511040GSW,RS,UTA,2293.0,,63,72,-9
200511040GSW,RS,UTA,2297.0,,65,72,-7
200511040GSW,RS,UTA,2361.0,,65,74,-9
200511040GSW,RS,UTA,2388.0,,65,77,-12
200511040GSW,RS,UTA,2416.0,,67,77,-10
200511040GSW,RS,UTA,2459.0,,69,77,-8
200511040GSW,RS,UTA,2466.0,,69,79,-10
200511040GSW,RS,UTA,2481.0,,70,79,-9
200511040GSW,RS,UTA,2489.0,,72,79,-7
200511040GSW,RS,UTA,2546.0,,75,79,-4
200511040GSW,RS,UTA,2562.0,,75,80,-5
200511040GSW,RS,UTA,2562.0,,75,81,-6
200511040GSW,RS,UTA,2596.0,,75,83,-8
200511040GSW,RS,UTA,2614.0,,76,83,-7
200511040GSW,RS,UTA,2622.0,,76,84,-8
200511040GSW,RS,UTA,2622.0,,76,85,-9
200511040GSW,RS,UTA,2633.0,,78,85,-7
200511040GSW,RS,UTA,2673.0,,78,86,-8
200511040GSW,RS,UTA,2673.0,,78,87,-9
200511040GSW,RS,UTA,2735.0,,78,88,-10
200511040GSW,RS,UTA,2735.0,,78,89,-11
200511040GSW,RS,UTA,2753.0,,78,90,-12
200511040GSW,RS,UTA,2753.0,,78,91,-13
200511040GSW,RS,UTA,2761.0,,79,91,-12
200511040GSW,RS,UTA,2761.0,,80,91,-11
200511040GSW,RS,UTA,2794.0,,83,91,-8
200511040GSW,RS,UTA,2878.7,F,85,91,-6
200511040GSW,RS,UTA,2880.0,,85,91,-6
200511060NYK,RS,NYK,0.0,,0,0,0
200511060NYK,RS,NYK,18.0,,0,2,-2
200511060NYK,RS,NYK,39.0,T,2,2,0
200511060NYK,RS,NYK,157.0,LC,4,2,2
200511060NYK,RS,NYK,157.0,,5,2,3
200511060NYK,RS,NYK,188.0,,8,2,6
200511060NYK,RS,NYK,203.0,,10,2,8
200511060NYK,RS,NYK,298.0,,10,4,6
200511060NYK,RS,NYK,329.0,,10,6,4
200511060NYK,RS,NYK,355.0,,10,7,3
200511060NYK,RS,NYK,355.0,,10,8,2
200511060NYK,RS,NYK,373.0,T,10,10,0
200511060NYK,RS,NYK,382.0,,12,10,2
200511060NYK,RS,NYK,382.0,,13,10,3
200511060NYK,RS,NYK,419.0,,15,10,5
200511060NYK,RS,NYK,436.0,,15,12,3
200511060NYK,RS,NYK,477.0,,16,12,4
200511060NYK,RS,NYK,477.0,,17,12,5
200511060NYK,RS,NYK,491.0,,17,13,4
200511060NYK,RS,NYK,506.0,,20,13,7
200511060NYK,RS,NYK,519.0,,20,15,5
200511060NYK,RS,NYK,549.0,,20,17,3
200511060NYK,RS,NYK,616.0,,20,19,1
200511060NYK,RS,NYK,653.0,,22,19,3
200511060NYK,RS,NYK,674.4,,22,20,2
200511060NYK,RS,NYK,697.6,,24,20,4
200511060NYK,RS,NYK,758.0,,26,20,6
200511060NYK,RS,NYK,779.0,,28,20,8
200511060NYK,RS,NYK,831.0,,28,22,6
200511060NYK,RS,NYK,839.0,,31,22,9
200511060NYK,RS,NYK,853.0,,31,24,7
200511060NYK,RS,NYK,907.0,,31,26,5
200511060NYK,RS,NYK,997.0,,31,28,3
200511060NYK,RS,NYK,1054.0,,34,28,6
200511060NYK,RS,NYK,1091.0,,34,30,4
200511060NYK,RS,NYK,1185.0,,34,31,3
200511060NYK,RS,NYK,1203.0,,37,31,6
200511060NYK,RS,NYK,1211.0,,37,33,4
200511060NYK,RS,NYK,1229.0,,40,33,7
200511060NYK,RS,NYK,1249.0,,40,35,5
200511060NYK,RS,NYK,1307.0,,41,35,6
200511060NYK,RS,NYK,1329.0,,41,37,4
200511060NYK,RS,NYK,1350.0,,42,37,5
200511060NYK,RS,NYK,1350.0,,43,37,6
200511060NYK,RS,NYK,1374.0,,43,38,5
200511060NYK,RS,NYK,1412.6,,43,39,4
200511060NYK,RS,NYK,1437.2,,46,39,7
200511060NYK,RS,NYK,1513.0,,47,39,8
200511060NYK,RS,NYK,1537.0,,49,39,10
200511060NYK,RS,NYK,1589.0,,49,40,9
200511060NYK,RS,NYK,1601.0,,51,40,11
200511060NYK,RS,NYK,1649.0,,51,42,9
200511060NYK,RS,NYK,1680.0,,51,44,7
200511060NYK,RS,NYK,1693.0,,53,44,9
200511060NYK,RS,NYK,1715.0,,53,46,7
200511060NYK,RS,NYK,1737.0,,53,48,5
200511060NYK,RS,NYK,1774.0,,53,49,4
200511060NYK,RS,NYK,1848.0,,53,51,2
200511060NYK,RS,NYK,1848.0,,53,52,1
200511060NYK,RS,NYK,1867.0,,55,52,3
200511060NYK,RS,NYK,1876.0,,55,54,1
200511060NYK,RS,NYK,1928.0,,58,54,4
200511060NYK,RS,NYK,1949.0,,58,56,2
200511060NYK,RS,NYK,1964.0,,60,56,4
200511060NYK,RS,NYK,1964.0,,61,56,5
200511060NYK,RS,NYK,1980.0,,61,58,3
200511060NYK,RS,NYK,2034.0,,61,59,2
200511060NYK,RS,NYK,2058.0,,63,59,4
200511060NYK,RS,NYK,2092.0,,63,61,2
200511060NYK,RS,NYK,2107.4,,66,61,5
200511060NYK,RS,NYK,2119.0,,66,63,3
200511060NYK,RS,NYK,2132.3,,67,63,4
200511060NYK,RS,NYK,2159.4,,67,65,2
200511060NYK,RS,NYK,2171.0,T,67,67,0
200511060NYK,RS,NYK,2284.0,LC,67,69,-2
200511060NYK,RS,NYK,2347.0,,67,71,-4
200511060NYK,RS,NYK,2371.0,,67,72,-5
200511060NYK,RS,NYK,2386.0,,69,72,-3
200511060NYK,RS,NYK,2439.0,,71,72,-1
200511060NYK,RS,NYK,2499.0,,71,74,-3
200511060NYK,RS,NYK,2605.0,,73,74,-1
200511060NYK,RS,NYK,2682.0,LC,76,74,2
200511060NYK,RS,NYK,2717.0,,78,74,4
200511060NYK,RS,NYK,2789.0,,78,75,3
200511060NYK,RS,NYK,2827.1,,79,75,4
200511060NYK,RS,NYK,2827.1,,80,75,5
200511060NYK,RS,NYK,2850.2,,81,75,6
200511060NYK,RS,NYK,2863.9,,82,75,7
200511060NYK,RS,NYK,2863.9,,83,75,8
200511060NYK,RS,NYK,2869.5,,83,77,6
200511060NYK,RS,NYK,2873.9,,83,79,4
200511060NYK,RS,NYK,2879.6,F,83,81,2
200511060NYK,RS,NYK,2880.0,,83,81,2
200511080MIL,RS,MIL,0.0,,0,0,0
200511080MIL,RS,MIL,11.0,,1,0,1
200511080MIL,RS,MIL,19.0,,3,0,3
200511080MIL,RS,MIL,36.0,,3,2,1
200511080MIL,RS,MIL,62.0,LC,3,5,-2
200511080MIL,RS,MIL,146.0,,3,7,-4
200511080MIL,RS,MIL,159.0,,5,7,-2
200511080MIL,RS,MIL,191.0,,6,7,-1
200511080MIL,RS,MIL,191.0,T,7,7,0
200511080MIL,RS,MIL,218.0,LC,9,7,2
200511080MIL,RS,MIL,238.0,LC,9,10,-1
200511080MIL,RS,MIL,275.0,LC,11,10,1
200511080MIL,RS,MIL,290.0,LC,11,12,-1
200511080MIL,RS,MIL,323.0,,11,13,-2
200511080MIL,RS,MIL,335.0,T,13,13,0
200511080MIL,RS,MIL,347.0,,13,15,-2
200511080MIL,RS,MIL,373.0,,13,17,-4
200511080MIL,RS,MIL,391.0,,15,17,-2
200511080MIL,RS,MIL,428.0,LC,18,17,1
200511080MIL,RS,MIL,483.0,,20,17,3
200511080MIL,RS,MIL,519.0,,22,17,5
200511080MIL,RS,MIL,551.0,,23,17,6
200511080MIL,RS,MIL,559.0,,25,17,8
200511080MIL,RS,MIL,583.0,,27,17,10
200511080MIL,RS,MIL,651.0,,27,19,8
200511080MIL,RS,MIL,683.5,,27,20,7
200511080MIL,RS,MIL,683.5,,27,21,6
200511080MIL,RS,MIL,698.8,,27,23,4
200511080MIL,RS,MIL,786.0,,29,23,6
200511080MIL,RS,MIL,801.0,,29,25,4
200511080MIL,RS,MIL,836.0,,31,25,6
200511080MIL,RS,MIL,860.0,,31,27,4
200511080MIL,RS,MIL,886.0,,31,29,2
200511080MIL,RS,MIL,902.0,,32,29,3
200511080MIL,RS,MIL,902.0,,33,29,4
200511080MIL,RS,MIL,912.0,,33,31,2
200511080MIL,RS,MIL,935.0,LC,33,34,-1
200511080MIL,RS,MIL,958.0,LC,35,34,1
200511080MIL,RS,MIL,983.0,LC,35,36,-1
200511080MIL,RS,MIL,999.0,T,36,36,0
200511080MIL,RS,MIL,1043.0,,36,38,-2
200511080MIL,RS,MIL,1066.0,,36,40,-4
200511080MIL,RS,MIL,1083.0,,38,40,-2
200511080MIL,RS,MIL,1125.0,LC,41,40,1
200511080MIL,RS,MIL,1180.0,,43,40,3
200511080MIL,RS,MIL,1207.0,,43,42,1
200511080MIL,RS,MIL,1221.0,LC,43,44,-1
200511080MIL,RS,MIL,1233.0,LC,46,44,2
200511080MIL,RS,MIL,1255.0,,48,44,4
200511080MIL,RS,MIL,1280.0,,48,46,2
200511080MIL,RS,MIL,1301.0,T,48,48,0
200511080MIL,RS,MIL,1318.0,,50,48,2
200511080MIL,RS,MIL,1333.0,T,50,50,0
200511080MIL,RS,MIL,1366.0,LC,50,52,-2
200511080MIL,RS,MIL,1366.0,,50,53,-3
200511080MIL,RS,MIL,1415.9,T,53,53,0
200511080MIL,RS,MIL,1456.0,,53,55,-2
200511080MIL,RS,MIL,1505.0,,54,55,-1
200511080MIL,RS,MIL,1527.0,LC,57,55,2
200511080MIL,RS,MIL,1546.0,T,57,57,0
200511080MIL,RS,MIL,1555.0,,59,57,2
200511080MIL,RS,MIL,1611.0,,60,57,3
200511080MIL,RS,MIL,1633.0,,60,59,1
200511080MIL,RS,MIL,1650.0,,62,59,3
200511080MIL,RS,MIL,1711.0,,65,59,6
200511080MIL,RS,MIL,1791.0,,68,59,9
200511080MIL,RS,MIL,1838.0,,71,59,12
200511080MIL,RS,MIL,1872.0,,72,59,13
200511080MIL,RS,MIL,1889.0,,72,61,11
200511080MIL,RS,MIL,1905.0,,74,61,13
200511080MIL,RS,MIL,1931.0,,74,63,11
200511080MIL,RS,MIL,1953.0,,76,63,13
200511080MIL,RS,MIL,1993.0,,76,65,11
200511080MIL,RS,MIL,2026.0,,76,67,9
200511080MIL,RS,MIL,2046.0,,77,67,10
200511080MIL,RS,MIL,2063.0,,77,69,8
200511080MIL,RS,MIL,2080.0,,80,69,11
200511080MIL,RS,MIL,2107.3,,80,72,8
200511080MIL,RS,MIL,2151.9,,82,72,10
200511080MIL,RS,MIL,2157.8,,82,74,8
200511080MIL,RS,MIL,2188.0,,82,76,6
200511080MIL,RS,MIL,2210.0,,84,76,8
200511080MIL,RS,MIL,2241.0,,84,78,6
200511080MIL,RS,MIL,2270.0,,84,80,4
200511080MIL,RS,MIL,2333.0,,87,80,7
200511080MIL,RS,MIL,2349.0,,87,82,5
200511080MIL,RS,MIL,2424.0,,88,82,6
200511080MIL,RS,MIL,2424.0,,89,82,7
200511080MIL,RS,MIL,2440.0,,89,84,5
200511080MIL,RS,MIL,2440.0,,89,85,4
200511080MIL,RS,MIL,2451.0,,90,85,5
200511080MIL,RS,MIL,2517.0,,90,87,3
200511080MIL,RS,MIL,2542.0,,93,87,6
200511080MIL,RS,MIL,2566.0,,95,87,8
200511080MIL,RS,MIL,2566.0,,96,87,9
200511080MIL,RS,MIL,2592.0,,96,89,7
200511080MIL,RS,MIL,2629.0,,96,92,4
200511080MIL,RS,MIL,2651.0,,96,94,2
200511080MIL,RS,MIL,2669.0,,99,94,5
200511080MIL,RS,MIL,2730.0,,102,94,8
200511080MIL,RS,MIL,2770.0,,102,97,5
200511080MIL,RS,MIL,2800.0,,103,97,6
200511080MIL,RS,MIL,2800.0,,104,97,7
200511080MIL,RS,MIL,2806.0,,104,98,6
200511080MIL,RS,MIL,2806.0,,104,99,5
200511080MIL,RS,MIL,2826.3,,106,99,7
200511080MIL,RS,MIL,2831.5,,106,101,5
200511080MIL,RS,MIL,2853.0,,108,101,7
200511080MIL,RS,MIL,2864.2,,108,103,5
200511080MIL,RS,MIL,2864.9,,109,103,6
200511080MIL,RS,MIL,2864.9,F,110,103,7
200511080MIL,RS,MIL,2880.0,,110,103,7
200511090CHI,RS,CHI,0.0,,0,0,0
200511090CHI,RS,CHI,53.0,,2,0,2
200511090CHI,RS,CHI,78.0,,4,0,4
200511090CHI,RS,CHI,181.0,,4,2,2
200511090CHI,RS,CHI,197.0,,6,2,4
200511090CHI,RS,CHI,208.0,,6,5,1
200511090CHI,RS,CHI,244.0,,8,5,3
200511090CHI,RS,CHI,256.0,,8,6,2
200511090CHI,RS,CHI,314.0,,10,6,4
200511090CHI,RS,CHI,342.0,,10,8,2
200511090CHI,RS,CHI,369.0,T,10,10,0
200511090CHI,RS,CHI,391.0,,11,10,1
200511090CHI,RS,CHI,391.0,,12,10,2
200511090CHI,RS,CHI,406.0,,12,11,1
200511090CHI,RS,CHI,420.0,,15,11,4
200511090CHI,RS,CHI,434.0,,15,14,1
200511090CHI,RS,CHI,549.0,,18,14,4
200511090CHI,RS,CHI,568.0,,21,14,7
200511090CHI,RS,CHI,606.0,,21,16,5
200511090CHI,RS,CHI,641.0,,23,16,7
200511090CHI,RS,CHI,660.0,,23,18,5
200511090CHI,RS,CHI,677.6,,25,18,7
200511090CHI,RS,CHI,701.1,,25,20,5
200511090CHI,RS,CHI,718.8,,28,20,8
200511090CHI,RS,CHI,832.0,,29,20,9
200511090CHI,RS,CHI,852.0,,31,20,11
200511090CHI,RS,CHI,864.0,,31,22,9
200511090CHI,RS,CHI,891.0,,31,24,7
200511090CHI,RS,CHI,912.0,,33,24,9
200511090CHI,RS,CHI,994.0,,33,26,7
200511090CHI,RS,CHI,1026.0,,35,26,9
200511090CHI,RS,CHI,1026.0,,36,26,10
200511090CHI,RS,CHI,1040.0,,36,27,9
200511090CHI,RS,CHI,1040.0,,36,28,8
200511090CHI,RS,CHI,1064.0,,38,28,10
200511090CHI,RS,CHI,1133.0,,38,29,9
200511090CHI,RS,CHI,1133.0,,38,30,8
200511090CHI,RS,CHI,1146.0,,40,30,10
200511090CHI,RS,CHI,1171.0,,40,32,8
200511090CHI,RS,CHI,1182.0,,41,32,9
200511090CHI,RS,CHI,1182.0,,42,32,10
200511090CHI,RS,CHI,1221.0,,42,34,8
200511090CHI,RS,CHI,1241.0,,43,34,9
200511090CHI,RS,CHI,1241.0,,44,34,10
200511090CHI,RS,CHI,1256.0,,44,36,8
200511090CHI,RS,CHI,1272.0,,46,36,10
200511090CHI,RS,CHI,1379.0,,46,39,7
200511090CHI,RS,CHI,1402.8,,47,39,8
200511090CHI,RS,CHI,1413.0,,49,39,10
200511090CHI,RS,CHI,1500.0,,49,41,8
200511090CHI,RS,CHI,1535.0,,50,41,9
200511090CHI,RS,CHI,1535.0,,51,41,10
200511090CHI,RS,CHI,1545.0,,51,43,8
200511090CHI,RS,CHI,1580.0,,51,45,6
200511090CHI,RS,CHI,1629.0,,54,45,9
200511090CHI,RS,CHI,1665.0,,54,47,7
200511090CHI,RS,CHI,1685.0,,54,50,4
200511090CHI,RS,CHI,1709.0,,56,50,6
200511090CHI,RS,CHI,1756.0,,56,52,4
200511090CHI,RS,CHI,1784.0,,56,54,2
200511090CHI,RS,CHI,1813.0,,56,55,1
200511090CHI,RS,CHI,1813.0,T,56,56,0
200511090CHI,RS,CHI,1849.0,,59,56,3
200511090CHI,RS,CHI,1863.0,,59,58,1
200511090CHI,RS,CHI,1863.0,T,59,59,0
200511090CHI,RS,CHI,1884.0,,61,59,2
200511090CHI,RS,CHI,1896.0,T,61,61,0
200511090CHI,RS,CHI,1936.0,,62,61,1
200511090CHI,RS,CHI,1936.0,,63,61,2
200511090CHI,RS,CHI,1969.0,,65,61,4
200511090CHI,RS,CHI,1992.0,,67,61,6
200511090CHI,RS,CHI,2052.0,,67,64,3
200511090CHI,RS,CHI,2097.0,,67,65,2
200511090CHI,RS,CHI,2108.4,,68,65,3
200511090CHI,RS,CHI,2143.4,,68,67,1
200511090CHI,RS,CHI,2195.0,LC,68,69,-1
200511090CHI,RS,CHI,2233.0,,68,71,-3
200511090CHI,RS,CHI,2344.0,,70,71,-1
200511090CHI,RS,CHI,2344.0,T,71,71,0
200511090CHI,RS,CHI,2420.0,,71,73,-2
200511090CHI,RS,CHI,2443.0,LC,74,73,1
200511090CHI,RS,CHI,2480.0,,76,73,3
200511090CHI,RS,CHI,2490.0,,76,74,2
200511090CHI,RS,CHI,2613.0,T,76,76,0
200511090CHI,RS,CHI,2676.0,LC,76,77,-1
200511090CHI,RS,CHI,2752.0,LC,78,77,1
200511090CHI,RS,CHI,2777.0,T,78,78,0
200511090CHI,RS,CHI,2777.0,LC,78,79,-1
200511090CHI,RS,CHI,2777.0,,78,80,-2
200511090CHI,RS,CHI,2799.0,LC,81,80,1
200511090CHI,RS,CHI,2812.0,LC,81,83,-2
200511090CHI,RS,CHI,2868.7,LC,84,83,1
200511090CHI,RS,CHI,2873.7,T,84,84,0
200511090CHI,RS,CHI,2873.7,F,84,85,-1
200511090CHI,RS,CHI,2880.0,,84,85,-1
200511110GSW,RS,NYK,0.0,,0,0,0
200511110GSW,RS,NYK,49.0,,0,2,-2
200511110GSW,RS,NYK,74.0,,0,4,-4
200511110GSW,RS,NYK,85.0,,1,4,-3
200511110GSW,RS,NYK,85.0,,2,4,-2
200511110GSW,RS,NYK,124.0,,2,6,-4
200511110GSW,RS,NYK,145.0,,2,7,-5
200511110GSW,RS,NYK,145.0,,2,8,-6
200511110GSW,RS,NYK,157.0,,5,8,-3
200511110GSW,RS,NYK,199.0,,5,9,-4
200511110GSW,RS,NYK,228.0,,5,11,-6
200511110GSW,RS,NYK,249.0,,7,11,-4
200511110GSW,RS,NYK,272.0,,7,13,-6
200511110GSW,RS,NYK,325.0,,7,15,-8
200511110GSW,RS,NYK,325.0,,7,16,-9
200511110GSW,RS,NYK,336.0,,9,16,-7
200511110GSW,RS,NYK,360.0,,11,16,-5
200511110GSW,RS,NYK,388.0,,11,17,-6
200511110GSW,RS,NYK,467.0,,11,19,-8
200511110GSW,RS,NYK,496.0,,11,21,-10
200511110GSW,RS,NYK,534.0,,14,21,-7
200511110GSW,RS,NYK,549.0,,14,23,-9
200511110GSW,RS,NYK,602.0,,16,23,-7
200511110GSW,RS,NYK,623.0,,16,25,-9
200511110GSW,RS,NYK,658.0,,16,27,-11
200511110GSW,RS,NYK,718.6,,17,27,-10
200511110GSW,RS,NYK,757.0,,18,27,-9
200511110GSW,RS,NYK,757.0,,19,27,-8
200511110GSW,RS,NYK,795.0,,19,29,-10
200511110GSW,RS,NYK,830.0,,19,31,-12
200511110GSW,RS,NYK,842.0,,20,31,-11
200511110GSW,RS,NYK,860.0,,20,33,-13
200511110GSW,RS,NYK,911.0,,21,33,-12
200511110GSW,RS,NYK,911.0,,22,33,-11
200511110GSW,RS,NYK,941.0,,22,35,-13
200511110GSW,RS,NYK,982.0,,24,35,-11
200511110GSW,RS,NYK,1012.0,,26,35,-9
200511110GSW,RS,NYK,1029.0,,26,37,-11
200511110GSW,RS,NYK,1041.0,,28,37,-9
200511110GSW,RS,NYK,1056.0,,28,39,-11
200511110GSW,RS,NYK,1110.0,,30,39,-9
200511110GSW,RS,NYK,1173.0,,30,41,-11
200511110GSW,RS,NYK,1188.0,,32,41,-9
200511110GSW,RS,NYK,1206.0,,32,43,-11
200511110GSW,RS,NYK,1217.0,,34,43,-9
200511110GSW,RS,NYK,1311.0,,34,45,-11
200511110GSW,RS,NYK,1358.0,,35,45,-10
200511110GSW,RS,NYK,1380.0,,37,45,-8
200511110GSW,RS,NYK,1434.6,,37,46,-9
200511110GSW,RS,NYK,1466.0,,37,48,-11
200511110GSW,RS,NYK,1483.0,,39,48,-9
200511110GSW,RS,NYK,1551.0,,41,48,-7
200511110GSW,RS,NYK,1620.0,,42,48,-6
200511110GSW,RS,NYK,1620.0,,43,48,-5
200511110GSW,RS,NYK,1658.0,,45,48,-3
200511110GSW,RS,NYK,1703.0,,45,50,-5
200511110GSW,RS,NYK,1745.0,,47,50,-3
200511110GSW,RS,NYK,1765.0,,47,52,-5
200511110GSW,RS,NYK,1782.0,,48,52,-4
200511110GSW,RS,NYK,1795.0,,48,54,-6
200511110GSW,RS,NYK,1818.0,,51,54,-3
200511110GSW,RS,NYK,1848.0,T,54,54,0
200511110GSW,RS,NYK,1870.0,,54,57,-3
200511110GSW,RS,NYK,1934.0,,56,57,-1
200511110GSW,RS,NYK,1978.0,T,57,57,0
200511110GSW,RS,NYK,1978.0,LC,58,57,1
200511110GSW,RS,NYK,2034.0,LC,58,59,-1
200511110GSW,RS,NYK,2079.0,LC,61,59,2
200511110GSW,RS,NYK,2110.1,LC,61,62,-1
200511110GSW,RS,NYK,2178.0,LC,63,62,1
200511110GSW,RS,NYK,2214.0,,66,62,4
200511110GSW,RS,NYK,2237.0,,66,63,3
200511110GSW,RS,NYK,2267.0,,66,64,2
200511110GSW,RS,NYK,2267.0,,66,65,1
200511110GSW,RS,NYK,2356.0,,67,65,2
200511110GSW,RS,NYK,2356.0,,68,65,3
200511110GSW,RS,NYK,2381.0,,68,67,1
200511110GSW,RS,NYK,2425.0,LC,68,69,-1
200511110GSW,RS,NYK,2464.0,LC,71,69,2
200511110GSW,RS,NYK,2486.0,T,71,71,0
200511110GSW,RS,NYK,2532.0,,73,71,2
200511110GSW,RS,NYK,2532.0,,74,71,3
200511110GSW,RS,NYK,2546.0,T,74,74,0
200511110GSW,RS,NYK,2589.0,LC,74,75,-1
200511110GSW,RS,NYK,2589.0,,74,76,-2
200511110GSW,RS,NYK,2640.0,T,76,76,0
200511110GSW,RS,NYK,2690.0,LC,77,76,1
200511110GSW,RS,NYK,2690.0,T,77,77,0
200511110GSW,RS,NYK,2690.0,LC,77,78,-1
200511110GSW,RS,NYK,2702.0,LC,80,78,2
200511110GSW,RS,NYK,2720.0,,80,79,1
200511110GSW,RS,NYK,2720.0,T,80,80,0
200511110GSW,RS,NYK,2786.0,LC,80,82,-2
200511110GSW,RS,NYK,2800.0,LC,83,82,1
200511110GSW,RS,NYK,2814.0,LC,83,84,-1
200511110GSW,RS,NYK,2831.1,LC,85,84,1
200511110GSW,RS,NYK,2868.4,F,86,84,2
200511110GSW,RS,NYK,2880.0,,86,84,2
200511120PHO,RS,PHO,0.0,,0,0,0
200511120PHO,RS,PHO,26.0,,2,0,2
200511120PHO,RS,PHO,42.0,T,2,2,0
200511120PHO,RS,PHO,95.0,LC,2,4,-2
200511120PHO,RS,PHO,133.0,,2,7,-5
200511120PHO,RS,PHO,167.0,,2,10,-8
200511120PHO,RS,PHO,194.0,,2,12,-10
200511120PHO,RS,PHO,240.0,,3,12,-9
200511120PHO,RS,PHO,248.0,,3,14,-11
200511120PHO,RS,PHO,269.0,,5,14,-9
200511120PHO,RS,PHO,290.0,,5,17,-12
200511120PHO,RS,PHO,306.0,,8,17,-9
200511120PHO,RS,PHO,315.0,,8,19,-11
200511120PHO,RS,PHO,345.0,,8,21,-13
200511120PHO,RS,PHO,362.0,,9,21,-12
200511120PHO,RS,PHO,375.0,,9,23,-14
200511120PHO,RS,PHO,479.0,,11,23,-12
200511120PHO,RS,PHO,488.0,,11,25,-14
200511120PHO,RS,PHO,521.0,,11,27,-16
200511120PHO,RS,PHO,541.0,,12,27,-15
200511120PHO,RS,PHO,541.0,,13,27,-14
200511120PHO,RS,PHO,561.0,,13,29,-16
200511120PHO,RS,PHO,590.0,,15,29,-14
200511120PHO,RS,PHO,641.0,,15,31,-16
200511120PHO,RS,PHO,655.0,,16,31,-15
200511120PHO,RS,PHO,676.2,,18,31,-13
200511120PHO,RS,PHO,688.4,,18,32,-14
200511120PHO,RS,PHO,688.4,,18,33,-15
200511120PHO,RS,PHO,719.4,,18,35,-17
200511120PHO,RS,PHO,744.0,,18,38,-20
200511120PHO,RS,PHO,807.0,,20,38,-18
200511120PHO,RS,PHO,828.0,,20,40,-20
200511120PHO,RS,PHO,853.0,,22,40,-18
200511120PHO,RS,PHO,872.0,,22,42,-20
200511120PHO,RS,PHO,892.0,,23,42,-19
200511120PHO,RS,PHO,892.0,,24,42,-18
200511120PHO,RS,PHO,910.0,,24,44,-20
200511120PHO,RS,PHO,959.0,,26,44,-18
200511120PHO,RS,PHO,980.0,,27,44,-17
200511120PHO,RS,PHO,1018.0,,29,44,-15
200511120PHO,RS,PHO,1046.0,,29,46,-17
200511120PHO,RS,PHO,1059.0,,30,46,-16
200511120PHO,RS,PHO,1059.0,,31,46,-15
200511120PHO,RS,PHO,1096.0,,33,46,-13
200511120PHO,RS,PHO,1157.0,,36,46,-10
200511120PHO,RS,PHO,1182.0,,39,46,-7
200511120PHO,RS,PHO,1230.0,,39,47,-8
200511120PHO,RS,PHO,1262.0,,39,49,-10
200511120PHO,RS,PHO,1304.0,,41,49,-8
200511120PHO,RS,PHO,1318.0,,41,51,-10
200511120PHO,RS,PHO,1330.0,,43,51,-8
200511120PHO,RS,PHO,1355.0,,45,51,-6
200511120PHO,RS,PHO,1396.9,,45,53,-8
200511120PHO,RS,PHO,1411.3,,47,53,-6
200511120PHO,RS,PHO,1467.0,,48,53,-5
200511120PHO,RS,PHO,1480.0,,48,55,-7
200511120PHO,RS,PHO,1504.0,,48,56,-8
200511120PHO,RS,PHO,1504.0,,48,57,-9
200511120PHO,RS,PHO,1541.0,,48,59,-11
200511120PHO,RS,PHO,1589.0,,50,59,-9
200511120PHO,RS,PHO,1613.0,,51,59,-8
200511120PHO,RS,PHO,1613.0,,52,59,-7
200511120PHO,RS,PHO,1627.0,,52,61,-9
200511120PHO,RS,PHO,1675.0,,53,61,-8
200511120PHO,RS,PHO,1675.0,,54,61,-7
200511120PHO,RS,PHO,1720.0,,54,63,-9
200511120PHO,RS,PHO,1748.0,,54,66,-12
200511120PHO,RS,PHO,1779.0,,54,67,-13
200511120PHO,RS,PHO,1779.0,,54,68,-14
200511120PHO,RS,PHO,1798.0,,57,68,-11
200511120PHO,RS,PHO,1822.0,,59,68,-9
200511120PHO,RS,PHO,1859.0,,60,68,-8
200511120PHO,RS,PHO,1892.0,,60,70,-10
200511120PHO,RS,PHO,1933.0,,60,72,-12
200511120PHO,RS,PHO,1958.0,,60,74,-14
200511120PHO,RS,PHO,1986.0,,62,74,-12
200511120PHO,RS,PHO,2019.0,,64,74,-10
200511120PHO,RS,PHO,2026.0,,64,75,-11
200511120PHO,RS,PHO,2026.0,,64,76,-12
200511120PHO,RS,PHO,2043.0,,67,76,-9
200511120PHO,RS,PHO,2092.0,,67,78,-11
200511120PHO,RS,PHO,2116.9,,67,81,-14
200511120PHO,RS,PHO,2128.9,,70,81,-11
200511120PHO,RS,PHO,2207.0,,72,81,-9
200511120PHO,RS,PHO,2267.0,,72,83,-11
200511120PHO,RS,PHO,2313.0,,74,83,-9
200511120PHO,RS,PHO,2336.0,,74,84,-10
200511120PHO,RS,PHO,2370.0,,76,84,-8
200511120PHO,RS,PHO,2394.0,,76,86,-10
200511120PHO,RS,PHO,2419.0,,76,87,-11
200511120PHO,RS,PHO,2438.0,,78,87,-9
200511120PHO,RS,PHO,2462.0,,78,89,-11
200511120PHO,RS,PHO,2463.0,,79,89,-10
200511120PHO,RS,PHO,2485.0,,81,89,-8
200511120PHO,RS,PHO,2568.0,,83,89,-6
200511120PHO,RS,PHO,2603.0,,83,91,-8
200511120PHO,RS,PHO,2635.0,,83,92,-9
200511120PHO,RS,PHO,2635.0,,83,93,-10
200511120PHO,RS,PHO,2649.0,,84,93,-9
200511120PHO,RS,PHO,2721.0,,84,95,-11
200511120PHO,RS,PHO,2752.0,,84,96,-12
200511120PHO,RS,PHO,2752.0,,84,97,-13
200511120PHO,RS,PHO,2814.0,,84,98,-14
200511120PHO,RS,PHO,2814.0,,84,99,-15
200511120PHO,RS,PHO,2825.8,,86,99,-13
200511120PHO,RS,PHO,2860.0,F,86,101,-15
200511120PHO,RS,PHO,2880.0,,86,101,-15
200511140GSW,RS,CHI,0.0,,0,0,0
200511140GSW,RS,CHI,37.0,,2,0,2
200511140GSW,RS,CHI,47.0,T,2,2,0
200511140GSW,RS,CHI,62.0,,4,2,2
200511140GSW,RS,CHI,82.0,T,4,4,0
200511140GSW,RS,CHI,95.0,,5,4,1
200511140GSW,RS,CHI,95.0,,6,4,2
200511140GSW,RS,CHI,110.0,T,6,6,0
200511140GSW,RS,CHI,151.0,,8,6,2
200511140GSW,RS,CHI,214.0,T,8,8,0
200511140GSW,RS,CHI,234.0,LC,8,9,-1
200511140GSW,RS,CHI,315.0,,8,11,-3
200511140GSW,RS,CHI,353.0,T,11,11,0
200511140GSW,RS,CHI,410.0,LC,13,11,2
200511140GSW,RS,CHI,412.0,,13,12,1
200511140GSW,RS,CHI,430.0,LC,13,14,-1
200511140GSW,RS,CHI,452.0,LC,16,14,2
200511140GSW,RS,CHI,514.0,T,16,16,0
200511140GSW,RS,CHI,530.0,,17,16,1
200511140GSW,RS,CHI,558.0,,19,16,3
200511140GSW,RS,CHI,600.0,,19,18,1
200511140GSW,RS,CHI,619.0,,20,18,2
200511140GSW,RS,CHI,619.0,,21,18,3
200511140GSW,RS,CHI,636.0,,22,18,4
200511140GSW,RS,CHI,636.0,,23,18,5
200511140GSW,RS,CHI,737.0,,26,18,8
200511140GSW,RS,CHI,756.0,,26,20,6
200511140GSW,RS,CHI,811.0,,26,22,4
200511140GSW,RS,CHI,811.0,,26,23,3
200511140GSW,RS,CHI,829.0,,26,25,1
200511140GSW,RS,CHI,842.0,,28,25,3
200511140GSW,RS,CHI,921.0,,30,25,5
200511140GSW,RS,CHI,946.0,,30,28,2
200511140GSW,RS,CHI,1043.0,,31,28,3
200511140GSW,RS,CHI,1082.0,,33,28,5
200511140GSW,RS,CHI,1098.0,,33,30,3
200511140GSW,RS,CHI,1098.0,,33,31,2
200511140GSW,RS,CHI,1146.0,,35,31,4
200511140GSW,RS,CHI,1205.0,,36,31,5
200511140GSW,RS,CHI,1222.0,,36,33,3
200511140GSW,RS,CHI,1292.0,,38,33,5
200511140GSW,RS,CHI,1292.0,,39,33,6
200511140GSW,RS,CHI,1337.0,,41,33,8
200511140GSW,RS,CHI,1337.0,,42,33,9
200511140GSW,RS,CHI,1351.0,,42,36,6
200511140GSW,RS,CHI,1379.0,,45,36,9
200511140GSW,RS,CHI,1400.6,,46,36,10
200511140GSW,RS,CHI,1400.6,,47,36,11
200511140GSW,RS,CHI,1435.6,,49,36,13
200511140GSW,RS,CHI,1453.0,,51,36,15
200511140GSW,RS,CHI,1600.0,,53,36,17
200511140GSW,RS,CHI,1618.0,,53,39,14
200511140GSW,RS,CHI,1635.0,,56,39,17
200511140GSW,RS,CHI,1690.0,,58,39,19
200511140GSW,RS,CHI,1707.0,,60,39,21
200511140GSW,RS,CHI,1723.0,,60,42,18
200511140GSW,RS,CHI,1746.0,,61,42,19
200511140GSW,RS,CHI,1746.0,,62,42,20
200511140GSW,RS,CHI,1763.0,,64,42,22
200511140GSW,RS,CHI,1777.0,,64,45,19
200511140GSW,RS,CHI,1789.0,,66,45,21
200511140GSW,RS,CHI,1806.0,,66,47,19
200511140GSW,RS,CHI,1855.0,,66,49,17
200511140GSW,RS,CHI,1964.0,,67,49,18
200511140GSW,RS,CHI,1979.0,,67,51,16
200511140GSW,RS,CHI,2001.0,,69,51,18
200511140GSW,RS,CHI,2020.0,,69,54,15
200511140GSW,RS,CHI,2050.0,,71,54,17
200511140GSW,RS,CHI,2095.0,,73,54,19
200511140GSW,RS,CHI,2130.9,,75,54,21
200511140GSW,RS,CHI,2150.7,,75,55,20
200511140GSW,RS,CHI,2150.7,,75,56,19
200511140GSW,RS,CHI,2186.0,,78,56,22
200511140GSW,RS,CHI,2205.0,,78,57,21
200511140GSW,RS,CHI,2232.0,,78,59,19
200511140GSW,RS,CHI,2248.0,,79,59,20
200511140GSW,RS,CHI,2248.0,,80,59,21
200511140GSW,RS,CHI,2258.0,,80,62,18
200511140GSW,RS,CHI,2274.0,,82,62,20
200511140GSW,RS,CHI,2289.0,,82,64,18
200511140GSW,RS,CHI,2308.0,,82,67,15
200511140GSW,RS,CHI,2334.0,,84,67,17
200511140GSW,RS,CHI,2356.0,,85,67,18
200511140GSW,RS,CHI,2356.0,,86,67,19
200511140GSW,RS,CHI,2444.0,,86,69,17
200511140GSW,RS,CHI,2486.0,,86,71,15
200511140GSW,RS,CHI,2500.0,,89,71,18
200511140GSW,RS,CHI,2530.0,,91,71,20
200511140GSW,RS,CHI,2601.0,,94,71,23
200511140GSW,RS,CHI,2621.0,,94,73,21
200511140GSW,RS,CHI,2669.0,,94,74,20
200511140GSW,RS,CHI,2678.0,,94,76,18
200511140GSW,RS,CHI,2717.0,,94,78,16
200511140GSW,RS,CHI,2736.0,,96,78,18
200511140GSW,RS,CHI,2808.0,,96,79,17
200511140GSW,RS,CHI,2808.0,,96,80,16
200511140GSW,RS,CHI,2838.0,,98,80,18
200511140GSW,RS,CHI,2848.2,,98,82,16
200511140GSW,RS,CHI,2855.4,,99,82,17
200511140GSW,RS,CHI,2855.4,F,100,82,18
200511140GSW,RS,CHI,2880.0,,100,82,18
200511160GSW,RS,MIL,0.0,,0,0,0
200511160GSW,RS,MIL,15.0,,0,2,-2
200511160GSW,RS,MIL,36.0,,0,3,-3
200511160GSW,RS,MIL,36.0,,0,4,-4
200511160GSW,RS,MIL,100.0,,2,4,-2
200511160GSW,RS,MIL,113.0,,2,7,-5
200511160GSW,RS,MIL,126.0,,4,7,-3
200511160GSW,RS,MIL,126.0,,5,7,-2
200511160GSW,RS,MIL,152.0,T,7,7,0
200511160GSW,RS,MIL,173.0,,7,9,-2
200511160GSW,RS,MIL,239.0,T,9,9,0
200511160GSW,RS,MIL,271.0,LC,12,9,3
200511160GSW,RS,MIL,295.0,,12,11,1
200511160GSW,RS,MIL,327.0,LC,12,13,-1
200511160GSW,RS,MIL,363.0,,12,15,-3
200511160GSW,RS,MIL,394.0,,12,17,-5
200511160GSW,RS,MIL,493.0,,12,19,-7
200511160GSW,RS,MIL,523.0,,12,20,-8
200511160GSW,RS,MIL,523.0,,12,21,-9
200511160GSW,RS,MIL,540.0,,13,21,-8
200511160GSW,RS,MIL,540.0,,14,21,-7
200511160GSW,RS,MIL,558.0,,16,21,-5
200511160GSW,RS,MIL,641.0,,18,21,-3
200511160GSW,RS,MIL,663.0,,18,23,-5
200511160GSW,RS,MIL,671.1,,21,23,-2
200511160GSW,RS,MIL,687.1,,21,26,-5
200511160GSW,RS,MIL,788.0,,21,28,-7
200511160GSW,RS,MIL,805.0,,23,28,-5
200511160GSW,RS,MIL,835.0,,25,28,-3
200511160GSW,RS,MIL,888.0,,27,28,-1
200511160GSW,RS,MIL,912.0,T,28,28,0
200511160GSW,RS,MIL,912.0,LC,29,28,1
200511160GSW,RS,MIL,932.0,T,29,29,0
200511160GSW,RS,MIL,932.0,LC,29,30,-1
200511160GSW,RS,MIL,961.0,T,30,30,0
200511160GSW,RS,MIL,961.0,LC,31,30,1
200511160GSW,RS,MIL,976.0,LC,31,32,-1
200511160GSW,RS,MIL,996.0,LC,34,32,2
200511160GSW,RS,MIL,1020.0,,36,32,4
200511160GSW,RS,MIL,1054.0,,36,34,2
200511160GSW,RS,MIL,1076.0,,37,34,3
200511160GSW,RS,MIL,1076.0,,38,34,4
200511160GSW,RS,MIL,1098.0,,38,36,2
200511160GSW,RS,MIL,1137.0,,38,37,1
200511160GSW,RS,MIL,1137.0,T,38,38,0
200511160GSW,RS,MIL,1169.0,LC,38,40,-2
200511160GSW,RS,MIL,1169.0,,38,41,-3
200511160GSW,RS,MIL,1185.0,,40,41,-1
200511160GSW,RS,MIL,1222.0,T,41,41,0
200511160GSW,RS,MIL,1222.0,LC,42,41,1
200511160GSW,RS,MIL,1231.0,LC,42,43,-1
200511160GSW,RS,MIL,1251.0,,42,44,-2
200511160GSW,RS,MIL,1251.0,,42,45,-3
200511160GSW,RS,MIL,1306.0,,43,45,-2
200511160GSW,RS,MIL,1319.0,,43,46,-3
200511160GSW,RS,MIL,1396.3,,43,47,-4
200511160GSW,RS,MIL,1396.3,,43,48,-5
200511160GSW,RS,MIL,1414.1,,45,48,-3
200511160GSW,RS,MIL,1489.0,,45,51,-6
200511160GSW,RS,MIL,1551.0,,47,51,-4
200511160GSW,RS,MIL,1615.0,,47,53,-6
200511160GSW,RS,MIL,1637.0,,48,53,-5
200511160GSW,RS,MIL,1685.0,,50,53,-3
200511160GSW,RS,MIL,1702.0,,50,55,-5
200511160GSW,RS,MIL,1778.0,,50,57,-7
200511160GSW,RS,MIL,1803.0,,50,60,-10
200511160GSW,RS,MIL,1866.0,,50,62,-12
200511160GSW,RS,MIL,1907.0,,50,65,-15
200511160GSW,RS,MIL,1907.0,,50,66,-16
200511160GSW,RS,MIL,1923.0,,52,66,-14
200511160GSW,RS,MIL,1943.0,,52,67,-15
200511160GSW,RS,MIL,1943.0,,52,68,-16
200511160GSW,RS,MIL,1962.0,,53,68,-15
200511160GSW,RS,MIL,1962.0,,54,68,-14
200511160GSW,RS,MIL,1972.0,,54,70,-16
200511160GSW,RS,MIL,2005.0,,54,72,-18
200511160GSW,RS,MIL,2019.0,,57,72,-15
200511160GSW,RS,MIL,2053.0,,58,72,-14
200511160GSW,RS,MIL,2053.0,,59,72,-13
200511160GSW,RS,MIL,2068.0,,59,74,-15
200511160GSW,RS,MIL,2085.0,,60,74,-14
200511160GSW,RS,MIL,2157.4,,60,75,-15
200511160GSW,RS,MIL,2175.0,,60,77,-17
200511160GSW,RS,MIL,2194.0,,63,77,-14
200511160GSW,RS,MIL,2284.0,,63,79,-16
200511160GSW,RS,MIL,2360.0,,66,79,-13
200511160GSW,RS,MIL,2381.0,,66,81,-15
200511160GSW,RS,MIL,2396.0,,68,81,-13
200511160GSW,RS,MIL,2418.0,,68,83,-15
200511160GSW,RS,MIL,2442.0,,71,83,-12
200511160GSW,RS,MIL,2467.0,,74,83,-9
200511160GSW,RS,MIL,2498.0,,74,85,-11
200511160GSW,RS,MIL,2506.0,,76,85,-9
200511160GSW,RS,MIL,2599.0,,78,85,-7
200511160GSW,RS,MIL,2664.0,,80,85,-5
200511160GSW,RS,MIL,2709.0,,80,87,-7
200511160GSW,RS,MIL,2738.0,,81,87,-6
200511160GSW,RS,MIL,2738.0,,82,87,-5
200511160GSW,RS,MIL,2820.1,,85,87,-2
200511160GSW,RS,MIL,2850.2,,85,89,-4
200511160GSW,RS,MIL,2861.2,,87,89,-2
200511160GSW,RS,MIL,2865.8,F,87,90,-3
200511160GSW,RS,MIL,2880.0,,87,90,-3
200511180POR,RS,POR,0.0,,0,0,0
200511180POR,RS,POR,20.0,,1,0,1
200511180POR,RS,POR,20.0,,2,0,2
200511180POR,RS,POR,46.0,,4,0,4
200511180POR,RS,POR,73.0,,6,0,6
200511180POR,RS,POR,141.0,,6,2,4
200511180POR,RS,POR,154.0,,8,2,6
200511180POR,RS,POR,173.0,,11,2,9
200511180POR,RS,POR,194.0,,11,4,7
200511180POR,RS,POR,211.0,,13,4,9
200511180POR,RS,POR,222.0,,13,5,8
200511180POR,RS,POR,233.0,,13,8,5
200511180POR,RS,POR,249.0,,15,8,7
200511180POR,RS,POR,249.0,,16,8,8
200511180POR,RS,POR,297.0,,16,10,6
200511180POR,RS,POR,320.0,,19,10,9
200511180POR,RS,POR,384.0,,19,13,6
200511180POR,RS,POR,417.0,,22,13,9
200511180POR,RS,POR,430.0,,24,13,11
200511180POR,RS,POR,459.0,,27,13,14
200511180POR,RS,POR,498.0,,27,15,12
200511180POR,RS,POR,527.0,,27,17,10
200511180POR,RS,POR,596.0,,27,18,9
200511180POR,RS,POR,609.0,,27,20,7
200511180POR,RS,POR,623.0,,29,20,9
200511180POR,RS,POR,645.0,,29,22,7
200511180POR,RS,POR,669.1,,32,22,10
200511180POR,RS,POR,707.1,,34,22,12
200511180POR,RS,POR,784.0,,36,22,14
200511180POR,RS,POR,800.0,,36,23,13
200511180POR,RS,POR,800.0,,36,24,12
200511180POR,RS,POR,829.0,,38,24,14
200511180POR,RS,POR,852.0,,41,24,17
200511180POR,RS,POR,930.0,,41,26,15
200511180POR,RS,POR,930.0,,41,27,14
200511180POR,RS,POR,946.0,,43,27,16
200511180POR,RS,POR,985.0,,43,29,14
200511180POR,RS,POR,1043.0,,43,32,11
200511180POR,RS,POR,1079.0,,43,33,10
200511180POR,RS,POR,1079.0,,43,34,9
200511180POR,RS,POR,1095.0,,45,34,11
200511180POR,RS,POR,1250.0,,45,36,9
200511180POR,RS,POR,1347.0,,47,36,11
200511180POR,RS,POR,1423.1,,47,38,9
200511180POR,RS,POR,1436.1,,48,38,10
200511180POR,RS,POR,1436.1,,49,38,11
200511180POR,RS,POR,1488.0,,52,38,14
200511180POR,RS,POR,1521.0,,54,38,16
200511180POR,RS,POR,1625.0,,54,40,14
200511180POR,RS,POR,1658.0,,54,42,12
200511180POR,RS,POR,1696.0,,54,44,10
200511180POR,RS,POR,1803.0,,55,44,11
200511180POR,RS,POR,1850.0,,57,44,13
200511180POR,RS,POR,1878.0,,57,46,11
200511180POR,RS,POR,1878.0,,57,47,10
200511180POR,RS,POR,1889.0,,59,47,12
200511180POR,RS,POR,1923.0,,59,49,10
200511180POR,RS,POR,1971.0,,59,52,7
200511180POR,RS,POR,2046.0,,61,52,9
200511180POR,RS,POR,2072.0,,61,55,6
200511180POR,RS,POR,2093.0,,63,55,8
200511180POR,RS,POR,2181.0,,65,55,10
200511180POR,RS,POR,2276.0,,65,56,9
200511180POR,RS,POR,2276.0,,65,57,8
200511180POR,RS,POR,2286.0,,68,57,11
200511180POR,RS,POR,2307.0,,68,58,10
200511180POR,RS,POR,2355.0,,70,58,12
200511180POR,RS,POR,2371.0,,70,59,11
200511180POR,RS,POR,2371.0,,70,60,10
200511180POR,RS,POR,2417.0,,72,60,12
200511180POR,RS,POR,2425.0,,72,61,11
200511180POR,RS,POR,2425.0,,72,62,10
200511180POR,RS,POR,2444.0,,74,62,12
200511180POR,RS,POR,2521.0,,77,62,15
200511180POR,RS,POR,2539.0,,77,64,13
200511180POR,RS,POR,2551.0,,79,64,15
200511180POR,RS,POR,2593.0,,79,66,13
200511180POR,RS,POR,2615.0,,80,66,14
200511180POR,RS,POR,2615.0,,81,66,15
200511180POR,RS,POR,2626.0,,81,68,13
200511180POR,RS,POR,2645.0,,81,70,11
200511180POR,RS,POR,2662.0,,83,70,13
200511180POR,RS,POR,2678.0,,83,72,11
200511180POR,RS,POR,2708.0,,83,73,10
200511180POR,RS,POR,2741.0,,84,73,11
200511180POR,RS,POR,2750.0,,84,74,10
200511180POR,RS,POR,2771.0,,86,74,12
200511180POR,RS,POR,2777.0,,86,76,10
200511180POR,RS,POR,2795.0,,88,76,12
200511180POR,RS,POR,2808.0,,88,77,11
200511180POR,RS,POR,2808.0,,88,78,10
200511180POR,RS,POR,2842.1,,90,78,12
200511180POR,RS,POR,2853.1,,91,78,13
200511180POR,RS,POR,2859.1,F,91,80,11
200511180POR,RS,POR,2880.0,,91,80,11
200511200LAC,RS,LAC,0.0,,0,0,0
200511200LAC,RS,LAC,42.0,,0,2,-2
200511200LAC,RS,LAC,56.0,,1,2,-1
200511200LAC,RS,LAC,56.0,T,2,2,0
200511200LAC,RS,LAC,76.0,,2,4,-2
200511200LAC,RS,LAC,118.0,,3,4,-1
200511200LAC,RS,LAC,127.0,,3,5,-2
200511200LAC,RS,LAC,127.0,,3,6,-3
200511200LAC,RS,LAC,142.0,T,6,6,0
200511200LAC,RS,LAC,157.0,,6,9,-3
200511200LAC,RS,LAC,184.0,,6,11,-5
200511200LAC,RS,LAC,202.0,,8,11,-3
200511200LAC,RS,LAC,222.0,,8,13,-5
200511200LAC,RS,LAC,245.0,,10,13,-3
200511200LAC,RS,LAC,253.0,,10,16,-6
200511200LAC,RS,LAC,264.0,,12,16,-4
200511200LAC,RS,LAC,283.0,,14,16,-2
200511200LAC,RS,LAC,295.0,T,16,16,0
200511200LAC,RS,LAC,325.0,LC,18,16,2
200511200LAC,RS,LAC,352.0,,20,16,4
200511200LAC,RS,LAC,424.0,,22,16,6
200511200LAC,RS,LAC,436.0,,22,18,4
200511200LAC,RS,LAC,472.0,,24,18,6
200511200LAC,RS,LAC,486.0,,24,20,4
200511200LAC,RS,LAC,516.0,,26,20,6
200511200LAC,RS,LAC,545.0,,28,20,8
200511200LAC,RS,LAC,599.0,,28,22,6
200511200LAC,RS,LAC,621.0,,28,24,4
200511200LAC,RS,LAC,650.0,,28,26,2
200511200LAC,RS,LAC,664.3,,31,26,5
200511200LAC,RS,LAC,675.7,,31,28,3
200511200LAC,RS,LAC,686.2,,33,28,5
200511200LAC,RS,LAC,690.8,,33,30,3
200511200LAC,RS,LAC,750.0,,36,30,6
200511200LAC,RS,LAC,770.0,,36,32,4
200511200LAC,RS,LAC,770.0,,36,33,3
200511200LAC,RS,LAC,807.0,,38,33,5
200511200LAC,RS,LAC,830.0,,38,34,4
200511200LAC,RS,LAC,830.0,,38,35,3
200511200LAC,RS,LAC,856.0,,38,37,1
200511200LAC,RS,LAC,871.0,,40,37,3
200511200LAC,RS,LAC,892.0,,40,39,1
200511200LAC,RS,LAC,912.0,LC,40,41,-1
200511200LAC,RS,LAC,912.0,,40,42,-2
200511200LAC,RS,LAC,982.0,,41,42,-1
200511200LAC,RS,LAC,982.0,T,42,42,0
200511200LAC,RS,LAC,1004.0,,42,44,-2
200511200LAC,RS,LAC,1089.0,,43,44,-1
200511200LAC,RS,LAC,1089.0,T,44,44,0
200511200LAC,RS,LAC,1110.0,,44,46,-2
200511200LAC,RS,LAC,1126.0,T,46,46,0
200511200LAC,RS,LAC,1169.0,,46,48,-2
200511200LAC,RS,LAC,1193.0,,46,49,-3
200511200LAC,RS,LAC,1193.0,,46,50,-4
200511200LAC,RS,LAC,1239.0,,47,50,-3
200511200LAC,RS,LAC,1239.0,,48,50,-2
200511200LAC,RS,LAC,1251.0,,48,51,-3
200511200LAC,RS,LAC,1251.0,,48,52,-4
200511200LAC,RS,LAC,1258.0,,50,52,-2
200511200LAC,RS,LAC,1277.0,,50,54,-4
200511200LAC,RS,LAC,1288.0,,52,54,-2
200511200LAC,RS,LAC,1339.0,T,54,54,0
200511200LAC,RS,LAC,1339.0,LC,55,54,1
200511200LAC,RS,LAC,1353.0,LC,55,56,-1
200511200LAC,RS,LAC,1369.0,LC,57,56,1
200511200LAC,RS,LAC,1377.0,LC,57,58,-1
200511200LAC,RS,LAC,1377.0,,57,59,-2
200511200LAC,RS,LAC,1394.2,,57,61,-4
200511200LAC,RS,LAC,1495.0,,58,61,-3
200511200LAC,RS,LAC,1495.0,,59,61,-2
200511200LAC,RS,LAC,1534.0,,59,63,-4
200511200LAC,RS,LAC,1549.0,,62,63,-1
200511200LAC,RS,LAC,1565.0,,62,65,-3
200511200LAC,RS,LAC,1589.0,,62,67,-5
200511200LAC,RS,LAC,1627.0,,64,67,-3
200511200LAC,RS,LAC,1643.0,,64,69,-5
200511200LAC,RS,LAC,1670.0,,64,70,-6
200511200LAC,RS,LAC,1670.0,,64,71,-7
200511200LAC,RS,LAC,1681.0,,66,71,-5
200511200LAC,RS,LAC,1699.0,,66,74,-8
200511200LAC,RS,LAC,1721.0,,66,76,-10
200511200LAC,RS,LAC,1741.0,,66,77,-11
200511200LAC,RS,LAC,1741.0,,66,78,-12
200511200LAC,RS,LAC,1782.0,,66,80,-14
200511200LAC,RS,LAC,1810.0,,66,82,-16
200511200LAC,RS,LAC,1829.0,,67,82,-15
200511200LAC,RS,LAC,1829.0,,68,82,-14
200511200LAC,RS,LAC,1924.0,,68,85,-17
200511200LAC,RS,LAC,1932.0,,70,85,-15
200511200LAC,RS,LAC,1945.0,,70,87,-17
200511200LAC,RS,LAC,1985.0,,72,87,-15
200511200LAC,RS,LAC,2012.0,,73,87,-14
200511200LAC,RS,LAC,2012.0,,74,87,-13
200511200LAC,RS,LAC,2037.0,,74,89,-15
200511200LAC,RS,LAC,2057.0,,77,89,-12
200511200LAC,RS,LAC,2077.0,,77,90,-13
200511200LAC,RS,LAC,2077.0,,77,91,-14
200511200LAC,RS,LAC,2130.9,,77,93,-16
200511200LAC,RS,LAC,2130.9,,77,94,-17
200511200LAC,RS,LAC,2159.6,,79,94,-15
200511200LAC,RS,LAC,2206.0,,81,94,-13
200511200LAC,RS,LAC,2238.0,,84,94,-10
200511200LAC,RS,LAC,2273.0,,86,94,-8
200511200LAC,RS,LAC,2290.0,,86,97,-11
200511200LAC,RS,LAC,2367.0,,88,97,-9
200511200LAC,RS,LAC,2395.0,,89,97,-8
200511200LAC,RS,LAC,2395.0,,90,97,-7
200511200LAC,RS,LAC,2407.0,,90,98,-8
200511200LAC,RS,LAC,2419.0,,91,98,-7
200511200LAC,RS,LAC,2419.0,,92,98,-6
200511200LAC,RS,LAC,2498.0,,92,99,-7
200511200LAC,RS,LAC,2498.0,,92,100,-8
200511200LAC,RS,LAC,2557.0,,92,101,-9
200511200LAC,RS,LAC,2557.0,,92,102,-10
200511200LAC,RS,LAC,2591.0,,92,104,-12
200511200LAC,RS,LAC,2665.0,,92,105,-13
200511200LAC,RS,LAC,2695.0,,94,105,-11
200511200LAC,RS,LAC,2719.0,,94,106,-12
200511200LAC,RS,LAC,2719.0,,94,107,-13
200511200LAC,RS,LAC,2759.0,,94,109,-15
200511200LAC,RS,LAC,2777.0,,94,110,-16
200511200LAC,RS,LAC,2777.0,,94,111,-17
200511200LAC,RS,LAC,2785.0,,97,111,-14
200511200LAC,RS,LAC,2808.0,,99,111,-12
200511200LAC,RS,LAC,2850.3,,99,112,-13
200511200LAC,RS,LAC,2850.3,,99,113,-14
200511200LAC,RS,LAC,2859.0,F,101,113,-12
200511200LAC,RS,LAC,2880.0,,101,113,-12
200511210GSW,RS,NJN,0.0,,0,0,0
200511210GSW,RS,NJN,96.0,,2,0,2
200511210GSW,RS,NJN,116.0,,2,1,1
200511210GSW,RS,NJN,161.0,,5,1,4
200511210GSW,RS,NJN,180.0,,5,3,2
200511210GSW,RS,NJN,194.0,,7,3,4
200511210GSW,RS,NJN,216.0,,7,5,2
200511210GSW,RS,NJN,235.0,T,7,7,0
200511210GSW,RS,NJN,280.0,LC,7,9,-2
200511210GSW,RS,NJN,320.0,,8,9,-1
200511210GSW,RS,NJN,356.0,LC,10,9,1
200511210GSW,RS,NJN,388.0,,12,9,3
200511210GSW,RS,NJN,410.0,,14,9,5
200511210GSW,RS,NJN,471.0,,17,9,8
200511210GSW,RS,NJN,508.0,,17,10,7
200511210GSW,RS,NJN,508.0,,17,11,6
200511210GSW,RS,NJN,580.0,,17,12,5
200511210GSW,RS,NJN,580.0,,17,13,4
200511210GSW,RS,NJN,599.0,,17,14,3
200511210GSW,RS,NJN,614.0,,17,16,1
200511210GSW,RS,NJN,614.0,T,17,17,0
200511210GSW,RS,NJN,631.0,,19,17,2
200511210GSW,RS,NJN,655.0,T,19,19,0
200511210GSW,RS,NJN,677.1,,22,19,3
200511210GSW,RS,NJN,700.2,,22,21,1
200511210GSW,RS,NJN,764.0,LC,22,23,-1
200511210GSW,RS,NJN,798.0,,22,25,-3
200511210GSW,RS,NJN,817.0,T,25,25,0
200511210GSW,RS,NJN,839.0,,25,27,-2
200511210GSW,RS,NJN,860.0,T,27,27,0
200511210GSW,RS,NJN,887.0,,27,29,-2
200511210GSW,RS,NJN,916.0,LC,30,29,1
200511210GSW,RS,NJN,934.0,LC,30,31,-1
200511210GSW,RS,NJN,958.0,,30,32,-2
200511210GSW,RS,NJN,1027.0,,30,33,-3
200511210GSW,RS,NJN,1027.0,,30,34,-4
200511210GSW,RS,NJN,1085.0,,33,34,-1
200511210GSW,RS,NJN,1108.0,LC,35,34,1
200511210GSW,RS,NJN,1135.0,,36,34,2
200511210GSW,RS,NJN,1135.0,,37,34,3
200511210GSW,RS,NJN,1157.0,,37,36,1
200511210GSW,RS,NJN,1178.0,,39,36,3
200511210GSW,RS,NJN,1225.0,,39,37,2
200511210GSW,RS,NJN,1248.0,,42,37,5
200511210GSW,RS,NJN,1266.0,,42,39,3
200511210GSW,RS,NJN,1272.0,,43,39,4
200511210GSW,RS,NJN,1296.0,,43,42,1
200511210GSW,RS,NJN,1374.0,,45,42,3
200511210GSW,RS,NJN,1397.8,,45,44,1
200511210GSW,RS,NJN,1421.0,,46,44,2
200511210GSW,RS,NJN,1421.0,,47,44,3
200511210GSW,RS,NJN,1458.0,,47,46,1
200511210GSW,RS,NJN,1470.0,,49,46,3
200511210GSW,RS,NJN,1489.0,,51,46,5
200511210GSW,RS,NJN,1527.0,,52,46,6
200511210GSW,RS,NJN,1552.0,,54,46,8
200511210GSW,RS,NJN,1598.0,,54,48,6
200511210GSW,RS,NJN,1624.0,,54,50,4
200511210GSW,RS,NJN,1640.0,,55,50,5
200511210GSW,RS,NJN,1640.0,,56,50,6
200511210GSW,RS,NJN,1651.0,,56,52,4
200511210GSW,RS,NJN,1707.0,,56,55,1
200511210GSW,RS,NJN,1720.0,,59,55,4
200511210GSW,RS,NJN,1743.0,,59,57,2
200511210GSW,RS,NJN,1749.0,,60,57,3
200511210GSW,RS,NJN,1749.0,,61,57,4
200511210GSW,RS,NJN,1763.0,,61,60,1
200511210GSW,RS,NJN,1784.0,,64,60,4
200511210GSW,RS,NJN,1813.0,,64,61,3
200511210GSW,RS,NJN,1867.0,,64,62,2
200511210GSW,RS,NJN,1867.0,,64,63,1
200511210GSW,RS,NJN,1880.0,,65,63,2
200511210GSW,RS,NJN,1880.0,,66,63,3
200511210GSW,RS,NJN,1918.0,,67,63,4
200511210GSW,RS,NJN,1937.0,,67,66,1
200511210GSW,RS,NJN,1959.0,,69,66,3
200511210GSW,RS,NJN,1973.0,,69,68,1
200511210GSW,RS,NJN,1985.0,,71,68,3
200511210GSW,RS,NJN,2012.0,,73,68,5
200511210GSW,RS,NJN,2050.0,,74,68,6
200511210GSW,RS,NJN,2050.0,,75,68,7
200511210GSW,RS,NJN,2065.0,,75,69,6
200511210GSW,RS,NJN,2087.0,,76,69,7
200511210GSW,RS,NJN,2087.0,,77,69,8
200511210GSW,RS,NJN,2103.3,,77,71,6
200511210GSW,RS,NJN,2126.1,,80,71,9
200511210GSW,RS,NJN,2146.1,,80,74,6
200511210GSW,RS,NJN,2157.1,,82,74,8
200511210GSW,RS,NJN,2206.0,,84,74,10
200511210GSW,RS,NJN,2243.0,,86,74,12
200511210GSW,RS,NJN,2265.0,,86,75,11
200511210GSW,RS,NJN,2265.0,,86,76,10
200511210GSW,RS,NJN,2360.0,,88,76,12
200511210GSW,RS,NJN,2405.0,,88,77,11
200511210GSW,RS,NJN,2435.0,,88,80,8
200511210GSW,RS,NJN,2459.0,,91,80,11
200511210GSW,RS,NJN,2489.0,,92,80,12
200511210GSW,RS,NJN,2489.0,,93,80,13
200511210GSW,RS,NJN,2501.0,,93,82,11
200511210GSW,RS,NJN,2557.0,,93,83,10
200511210GSW,RS,NJN,2588.0,,93,85,8
200511210GSW,RS,NJN,2610.0,,95,85,10
200511210GSW,RS,NJN,2628.0,,95,86,9
200511210GSW,RS,NJN,2628.0,,95,87,8
200511210GSW,RS,NJN,2660.0,,95,88,7
200511210GSW,RS,NJN,2703.0,,95,90,5
200511210GSW,RS,NJN,2746.0,,95,92,3
200511210GSW,RS,NJN,2762.0,,98,92,6
200511210GSW,RS,NJN,2817.0,,98,93,5
200511210GSW,RS,NJN,2835.2,,98,94,4
200511210GSW,RS,NJN,2835.2,,98,95,3
200511210GSW,RS,NJN,2870.8,,98,96,2
200511210GSW,RS,NJN,2870.8,,98,97,1
200511210GSW,RS,NJN,2871.7,,99,97,2
200511210GSW,RS,NJN,2871.7,F,100,97,3
200511210GSW,RS,NJN,2880.0,,100,97,3
200511230GSW,RS,SAS,0.0,,0,0,0
200511230GSW,RS,SAS,25.0,,0,2,-2
200511230GSW,RS,SAS,51.0,,0,4,-4
200511230GSW,RS,SAS,71.0,,2,4,-2
200511230GSW,RS,SAS,83.0,,2,6,-4
200511230GSW,RS,SAS,112.0,,2,8,-6
200511230GSW,RS,SAS,128.0,,4,8,-4
200511230GSW,RS,SAS,162.0,,7,8,-1
200511230GSW,RS,SAS,175.0,,7,10,-3
200511230GSW,RS,SAS,187.0,,9,10,-1
200511230GSW,RS,SAS,206.0,,9,12,-3
200511230GSW,RS,SAS,230.0,,9,14,-5
200511230GSW,RS,SAS,252.0,,11,14,-3
200511230GSW,RS,SAS,285.0,,13,14,-1
200511230GSW,RS,SAS,285.0,T,14,14,0
200511230GSW,RS,SAS,309.0,,14,16,-2
200511230GSW,RS,SAS,342.0,,14,18,-4
200511230GSW,RS,SAS,361.0,,14,20,-6
200511230GSW,RS,SAS,396.0,,14,23,-9
200511230GSW,RS,SAS,435.0,,14,25,-11
200511230GSW,RS,SAS,451.0,,17,25,-8
200511230GSW,RS,SAS,486.0,,19,25,-6
200511230GSW,RS,SAS,503.0,,19,27,-8
200511230GSW,RS,SAS,542.0,,19,29,-10
200511230GSW,RS,SAS,553.0,,21,29,-8
200511230GSW,RS,SAS,572.0,,21,32,-11
200511230GSW,RS,SAS,606.0,,21,34,-13
200511230GSW,RS,SAS,628.0,,22,34,-12
200511230GSW,RS,SAS,628.0,,23,34,-11
200511230GSW,RS,SAS,646.0,,23,36,-13
200511230GSW,RS,SAS,668.0,,24,36,-12
200511230GSW,RS,SAS,735.0,,24,38,-14
200511230GSW,RS,SAS,764.0,,24,41,-17
200511230GSW,RS,SAS,780.0,,26,41,-15
200511230GSW,RS,SAS,824.0,,28,41,-13
200511230GSW,RS,SAS,937.0,,28,43,-15
200511230GSW,RS,SAS,998.0,,28,45,-17
200511230GSW,RS,SAS,1031.0,,28,47,-19
200511230GSW,RS,SAS,1065.0,,28,49,-21
200511230GSW,RS,SAS,1090.0,,29,49,-20
200511230GSW,RS,SAS,1090.0,,30,49,-19
200511230GSW,RS,SAS,1113.0,,30,51,-21
200511230GSW,RS,SAS,1203.0,,30,52,-22
200511230GSW,RS,SAS,1203.0,,30,53,-23
200511230GSW,RS,SAS,1214.0,,32,53,-21
200511230GSW,RS,SAS,1253.0,,32,55,-23
200511230GSW,RS,SAS,1296.0,,32,56,-24
200511230GSW,RS,SAS,1327.0,,32,58,-26
200511230GSW,RS,SAS,1343.0,,33,58,-25
200511230GSW,RS,SAS,1343.0,,34,58,-24
200511230GSW,RS,SAS,1376.0,,34,59,-25
200511230GSW,RS,SAS,1376.0,,34,60,-26
200511230GSW,RS,SAS,1395.3,,34,63,-29
200511230GSW,RS,SAS,1409.8,,36,63,-27
200511230GSW,RS,SAS,1416.0,,36,64,-28
200511230GSW,RS,SAS,1432.1,,36,65,-29
200511230GSW,RS,SAS,1432.1,,36,66,-30
200511230GSW,RS,SAS,1479.0,,37,66,-29
200511230GSW,RS,SAS,1501.0,,37,68,-31
200511230GSW,RS,SAS,1518.0,,39,68,-29
200511230GSW,RS,SAS,1563.0,,39,70,-31
200511230GSW,RS,SAS,1578.0,,41,70,-29
200511230GSW,RS,SAS,1578.0,,42,70,-28
200511230GSW,RS,SAS,1594.0,,42,72,-30
200511230GSW,RS,SAS,1640.0,,42,73,-31
200511230GSW,RS,SAS,1684.0,,42,75,-33
200511230GSW,RS,SAS,1706.0,,42,76,-34
200511230GSW,RS,SAS,1706.0,,42,77,-35
200511230GSW,RS,SAS,1724.0,,44,77,-33
200511230GSW,RS,SAS,1736.0,,44,79,-35
200511230GSW,RS,SAS,1747.0,,45,79,-34
200511230GSW,RS,SAS,1747.0,,46,79,-33
200511230GSW,RS,SAS,1761.0,,46,80,-34
200511230GSW,RS,SAS,1793.0,,48,80,-32
200511230GSW,RS,SAS,1809.0,,48,83,-35
200511230GSW,RS,SAS,1831.0,,50,83,-33
200511230GSW,RS,SAS,1858.0,,51,83,-32
200511230GSW,RS,SAS,1858.0,,52,83,-31
200511230GSW,RS,SAS,1872.0,,52,85,-33
200511230GSW,RS,SAS,1920.0,,53,85,-32
200511230GSW,RS,SAS,1920.0,,54,85,-31
200511230GSW,RS,SAS,1962.0,,54,87,-33
200511230GSW,RS,SAS,1984.0,,56,87,-31
200511230GSW,RS,SAS,2027.0,,56,89,-33
200511230GSW,RS,SAS,2041.0,,58,89,-31
200511230GSW,RS,SAS,2058.0,,58,90,-32
200511230GSW,RS,SAS,2058.0,,58,91,-33
200511230GSW,RS,SAS,2107.9,,58,92,-34
200511230GSW,RS,SAS,2107.9,,58,93,-35
200511230GSW,RS,SAS,2124.5,,59,93,-34
200511230GSW,RS,SAS,2124.5,,60,93,-33
200511230GSW,RS,SAS,2135.7,,60,95,-35
200511230GSW,RS,SAS,2159.8,,62,95,-33
200511230GSW,RS,SAS,2171.0,,64,95,-31
200511230GSW,RS,SAS,2189.0,,64,98,-34
200511230GSW,RS,SAS,2208.0,,65,98,-33
200511230GSW,RS,SAS,2208.0,,66,98,-32
200511230GSW,RS,SAS,2244.0,,66,100,-34
200511230GSW,RS,SAS,2315.0,,68,100,-32
200511230GSW,RS,SAS,2346.0,,70,100,-30
200511230GSW,RS,SAS,2346.0,,71,100,-29
200511230GSW,RS,SAS,2361.0,,71,102,-31
200511230GSW,RS,SAS,2372.0,,72,102,-30
200511230GSW,RS,SAS,2372.0,,73,102,-29
200511230GSW,RS,SAS,2385.0,,73,104,-31
200511230GSW,RS,SAS,2385.0,,73,105,-32
200511230GSW,RS,SAS,2421.0,,73,107,-34
200511230GSW,RS,SAS,2458.0,,73,109,-36
200511230GSW,RS,SAS,2471.0,,75,109,-34
200511230GSW,RS,SAS,2486.0,,75,111,-36
200511230GSW,RS,SAS,2503.0,,76,111,-35
200511230GSW,RS,SAS,2503.0,,77,111,-34
200511230GSW,RS,SAS,2527.0,,79,111,-32
200511230GSW,RS,SAS,2558.0,,81,111,-30
200511230GSW,RS,SAS,2650.0,,83,111,-28
200511230GSW,RS,SAS,2713.0,,84,111,-27
200511230GSW,RS,SAS,2713.0,,85,111,-26
200511230GSW,RS,SAS,2730.0,,85,113,-28
200511230GSW,RS,SAS,2739.0,,86,113,-27
200511230GSW,RS,SAS,2739.0,,87,113,-26
200511230GSW,RS,SAS,2798.0,F,89,113,-24
200511230GSW,RS,SAS,2880.0,,89,113,-24
200511250UTA,RS,UTA,0.0,,0,0,0
200511250UTA,RS,UTA,48.0,,0,3,-3
200511250UTA,RS,UTA,97.0,,2,3,-1
200511250UTA,RS,UTA,128.0,LC,4,3,1
200511250UTA,RS,UTA,154.0,LC,4,5,-1
200511250UTA,RS,UTA,180.0,T,5,5,0
200511250UTA,RS,UTA,180.0,LC,6,5,1
200511250UTA,RS,UTA,195.0,LC,6,7,-1
200511250UTA,RS,UTA,208.0,LC,8,7,1
200511250UTA,RS,UTA,221.0,T,8,8,0
200511250UTA,RS,UTA,221.0,LC,8,9,-1
200511250UTA,RS,UTA,271.0,,8,11,-3
200511250UTA,RS,UTA,301.0,,8,13,-5
200511250UTA,RS,UTA,317.0,,8,15,-7
200511250UTA,RS,UTA,336.0,,8,17,-9
200511250UTA,RS,UTA,363.0,,8,19,-11
200511250UTA,RS,UTA,391.0,,8,20,-12
200511250UTA,RS,UTA,391.0,,8,21,-13
200511250UTA,RS,UTA,438.0,,8,23,-15
200511250UTA,RS,UTA,450.0,,11,23,-12
200511250UTA,RS,UTA,470.0,,11,25,-14
200511250UTA,RS,UTA,481.0,,11,27,-16
200511250UTA,RS,UTA,534.0,,13,27,-14
200511250UTA,RS,UTA,566.0,,15,27,-12
200511250UTA,RS,UTA,566.0,,16,27,-11
200511250UTA,RS,UTA,630.0,,16,29,-13
200511250UTA,RS,UTA,651.0,,17,29,-12
200511250UTA,RS,UTA,651.0,,18,29,-11
200511250UTA,RS,UTA,670.1,,20,29,-9
200511250UTA,RS,UTA,830.0,,20,31,-11
200511250UTA,RS,UTA,860.0,,20,32,-12
200511250UTA,RS,UTA,860.0,,20,33,-13
200511250UTA,RS,UTA,891.0,,21,33,-12
200511250UTA,RS,UTA,891.0,,22,33,-11
200511250UTA,RS,UTA,906.0,,22,36,-14
200511250UTA,RS,UTA,981.0,,22,38,-16
200511250UTA,RS,UTA,1009.0,,22,40,-18
200511250UTA,RS,UTA,1024.0,,24,40,-16
200511250UTA,RS,UTA,1053.0,,26,40,-14
200511250UTA,RS,UTA,1090.0,,28,40,-12
200511250UTA,RS,UTA,1107.0,,28,42,-14
200511250UTA,RS,UTA,1128.0,,29,42,-13
200511250UTA,RS,UTA,1150.0,,30,42,-12
200511250UTA,RS,UTA,1150.0,,31,42,-11
200511250UTA,RS,UTA,1165.0,,31,44,-13
200511250UTA,RS,UTA,1178.0,,33,44,-11
200511250UTA,RS,UTA,1210.0,,33,45,-12
200511250UTA,RS,UTA,1219.0,,34,45,-11
200511250UTA,RS,UTA,1247.0,,36,45,-9
200511250UTA,RS,UTA,1247.0,,37,45,-8
200511250UTA,RS,UTA,1266.0,,37,46,-9
200511250UTA,RS,UTA,1266.0,,37,47,-10
200511250UTA,RS,UTA,1313.0,,37,49,-12
200511250UTA,RS,UTA,1361.0,,39,49,-10
200511250UTA,RS,UTA,1384.5,,39,50,-11
200511250UTA,RS,UTA,1384.5,,39,51,-12
200511250UTA,RS,UTA,1401.4,,40,51,-11
200511250UTA,RS,UTA,1472.0,,40,53,-13
200511250UTA,RS,UTA,1487.0,,42,53,-11
200511250UTA,RS,UTA,1497.0,,42,55,-13
200511250UTA,RS,UTA,1546.0,,44,55,-11
200511250UTA,RS,UTA,1556.0,,44,56,-12
200511250UTA,RS,UTA,1556.0,,44,57,-13
200511250UTA,RS,UTA,1576.0,,44,59,-15
200511250UTA,RS,UTA,1672.0,,47,59,-12
200511250UTA,RS,UTA,1703.0,,49,59,-10
200511250UTA,RS,UTA,1743.0,,51,59,-8
200511250UTA,RS,UTA,1759.0,,51,61,-10
200511250UTA,RS,UTA,1819.0,,51,63,-12
200511250UTA,RS,UTA,1835.0,,54,63,-9
200511250UTA,RS,UTA,1844.0,,55,63,-8
200511250UTA,RS,UTA,1873.0,,57,63,-6
200511250UTA,RS,UTA,1892.0,,57,64,-7
200511250UTA,RS,UTA,1892.0,,57,65,-8
200511250UTA,RS,UTA,1909.0,,59,65,-6
200511250UTA,RS,UTA,1942.0,,61,65,-4
200511250UTA,RS,UTA,2009.0,,61,67,-6
200511250UTA,RS,UTA,2070.0,,63,67,-4
200511250UTA,RS,UTA,2131.0,,64,67,-3
200511250UTA,RS,UTA,2174.0,,64,69,-5
200511250UTA,RS,UTA,2256.0,,64,71,-7
200511250UTA,RS,UTA,2276.0,,65,71,-6
200511250UTA,RS,UTA,2276.0,,66,71,-5
200511250UTA,RS,UTA,2286.0,,66,72,-6
200511250UTA,RS,UTA,2327.0,,66,74,-8
200511250UTA,RS,UTA,2374.0,,69,74,-5
200511250UTA,RS,UTA,2396.0,,69,76,-7
200511250UTA,RS,UTA,2437.0,,69,78,-9
200511250UTA,RS,UTA,2476.0,,69,80,-11
200511250UTA,RS,UTA,2491.0,,71,80,-9
200511250UTA,RS,UTA,2531.0,,74,80,-6
200511250UTA,RS,UTA,2549.0,,74,82,-8
200511250UTA,RS,UTA,2612.0,,75,82,-7
200511250UTA,RS,UTA,2612.0,,76,82,-6
200511250UTA,RS,UTA,2667.0,,76,84,-8
200511250UTA,RS,UTA,2710.0,,79,84,-5
200511250UTA,RS,UTA,2729.0,,79,86,-7
200511250UTA,RS,UTA,2785.0,,80,86,-6
200511250UTA,RS,UTA,2785.0,,81,86,-5
200511250UTA,RS,UTA,2789.0,,83,86,-3
200511250UTA,RS,UTA,2813.0,T,86,86,0
200511250UTA,RS,UTA,2827.3,,86,88,-2
200511250UTA,RS,UTA,2833.7,LC,89,88,1
200511250UTA,RS,UTA,2844.1,T,89,89,0
200511250UTA,RS,UTA,2844.1,LC,89,90,-1
200511250UTA,RS,UTA,2855.1,LC,92,90,2
200511250UTA,RS,UTA,2876.2,,93,90,3
200511250UTA,RS,UTA,2876.2,F,94,90,4
200511250UTA,RS,UTA,2880.0,,94,90,4
200511260GSW,RS,TOR,0.0,,0,0,0
200511260GSW,RS,TOR,17.0,,0,2,-2
200511260GSW,RS,TOR,32.0,T,2,2,0
200511260GSW,RS,TOR,69.0,LC,4,2,2
200511260GSW,RS,TOR,84.0,T,4,4,0
200511260GSW,RS,TOR,106.0,LC,4,6,-2
200511260GSW,RS,TOR,138.0,T,6,6,0
200511260GSW,RS,TOR,162.0,,6,8,-2
200511260GSW,RS,TOR,207.0,T,8,8,0
200511260GSW,RS,TOR,228.0,LC,10,8,2
200511260GSW,RS,TOR,258.0,,12,8,4
200511260GSW,RS,TOR,283.0,,12,10,2
200511260GSW,RS,TOR,283.0,,12,11,1
200511260GSW,RS,TOR,293.0,,14,11,3
200511260GSW,RS,TOR,337.0,,16,11,5
200511260GSW,RS,TOR,352.0,,16,14,2
200511260GSW,RS,TOR,370.0,,16,15,1
200511260GSW,RS,TOR,382.0,,18,15,3
200511260GSW,RS,TOR,402.0,,18,17,1
200511260GSW,RS,TOR,419.0,LC,18,19,-1
200511260GSW,RS,TOR,454.0,LC,20,19,1
200511260GSW,RS,TOR,454.0,,21,19,2
200511260GSW,RS,TOR,484.0,,23,19,4
200511260GSW,RS,TOR,529.0,,23,21,2
200511260GSW,RS,TOR,542.0,,24,21,3
200511260GSW,RS,TOR,562.0,,24,23,1
200511260GSW,RS,TOR,579.0,,25,23,2
200511260GSW,RS,TOR,579.0,,26,23,3
200511260GSW,RS,TOR,594.0,,26,25,1
200511260GSW,RS,TOR,616.0,,28,25,3
200511260GSW,RS,TOR,647.0,,31,25,6
200511260GSW,RS,TOR,739.0,,33,25,8
200511260GSW,RS,TOR,770.0,,35,25,10
200511260GSW,RS,TOR,781.0,,36,25,11
200511260GSW,RS,TOR,781.0,,37,25,12
200511260GSW,RS,TOR,790.0,,37,27,10
200511260GSW,RS,TOR,808.0,,39,27,12
200511260GSW,RS,TOR,834.0,,41,27,14
200511260GSW,RS,TOR,886.0,,41,28,13
200511260GSW,RS,TOR,907.0,,41,30,11
200511260GSW,RS,TOR,958.0,,43,30,13
200511260GSW,RS,TOR,980.0,,43,31,12
200511260GSW,RS,TOR,980.0,,43,32,11
200511260GSW,RS,TOR,1001.0,,45,32,13
200511260GSW,RS,TOR,1019.0,,45,34,11
200511260GSW,RS,TOR,1033.0,,47,34,13
200511260GSW,RS,TOR,1055.0,,47,36,11
200511260GSW,RS,TOR,1080.0,,49,36,13
200511260GSW,RS,TOR,1099.0,,49,38,11
200511260GSW,RS,TOR,1151.0,,49,40,9
200511260GSW,RS,TOR,1167.0,,52,40,12
200511260GSW,RS,TOR,1205.0,,54,40,14
200511260GSW,RS,TOR,1225.0,,54,41,13
200511260GSW,RS,TOR,1225.0,,54,42,12
200511260GSW,RS,TOR,1245.0,,56,42,14
200511260GSW,RS,TOR,1264.0,,56,43,13
200511260GSW,RS,TOR,1284.0,,59,43,16
200511260GSW,RS,TOR,1320.0,,60,43,17
200511260GSW,RS,TOR,1334.0,,60,45,15
200511260GSW,RS,TOR,1347.0,,62,45,17
200511260GSW,RS,TOR,1374.5,,62,47,15
200511260GSW,RS,TOR,1381.5,,63,47,16
200511260GSW,RS,TOR,1404.2,,63,48,15
200511260GSW,RS,TOR,1485.0,,65,48,17
200511260GSW,RS,TOR,1507.0,,67,48,19
200511260GSW,RS,TOR,1544.0,,69,48,21
200511260GSW,RS,TOR,1570.0,,69,50,19
200511260GSW,RS,TOR,1578.0,,71,50,21
200511260GSW,RS,TOR,1608.0,,73,50,23
200511260GSW,RS,TOR,1639.0,,75,50,25
200511260GSW,RS,TOR,1639.0,,76,50,26
200511260GSW,RS,TOR,1671.0,,76,52,24
200511260GSW,RS,TOR,1692.0,,78,52,26
200511260GSW,RS,TOR,1726.0,,78,54,24
200511260GSW,RS,TOR,1726.0,,78,55,23
200511260GSW,RS,TOR,1774.0,,79,55,24
200511260GSW,RS,TOR,1774.0,,80,55,25
200511260GSW,RS,TOR,1813.0,,80,57,23
200511260GSW,RS,TOR,1877.0,,82,57,25
200511260GSW,RS,TOR,1892.0,,82,59,23
200511260GSW,RS,TOR,1904.0,,85,59,26
200511260GSW,RS,TOR,1924.0,,85,60,25
200511260GSW,RS,TOR,1924.0,,85,61,24
200511260GSW,RS,TOR,1962.0,,88,61,27
200511260GSW,RS,TOR,2060.0,,88,63,25
200511260GSW,RS,TOR,2078.0,,89,63,26
200511260GSW,RS,TOR,2078.0,,90,63,27
200511260GSW,RS,TOR,2135.1,,90,65,25
200511260GSW,RS,TOR,2218.0,,90,66,24
200511260GSW,RS,TOR,2245.0,,90,67,23
200511260GSW,RS,TOR,2245.0,,90,68,22
200511260GSW,RS,TOR,2252.0,,90,69,21
200511260GSW,RS,TOR,2252.0,,90,70,20
200511260GSW,RS,TOR,2261.0,,92,70,22
200511260GSW,RS,TOR,2321.0,,92,72,20
200511260GSW,RS,TOR,2354.0,,92,74,18
200511260GSW,RS,TOR,2433.0,,93,74,19
200511260GSW,RS,TOR,2433.0,,94,74,20
200511260GSW,RS,TOR,2467.0,,96,74,22
200511260GSW,RS,TOR,2483.0,,96,76,20
200511260GSW,RS,TOR,2502.0,,98,76,22
200511260GSW,RS,TOR,2522.0,,100,76,24
200511260GSW,RS,TOR,2539.0,,100,77,23
200511260GSW,RS,TOR,2558.0,,100,79,21
200511260GSW,RS,TOR,2577.0,,102,79,23
200511260GSW,RS,TOR,2622.0,,102,81,21
200511260GSW,RS,TOR,2649.0,,104,81,23
200511260GSW,RS,TOR,2658.0,,104,83,21
200511260GSW,RS,TOR,2686.0,,104,84,20
200511260GSW,RS,TOR,2686.0,,104,85,19
200511260GSW,RS,TOR,2705.0,,106,85,21
200511260GSW,RS,TOR,2722.0,,106,87,19
200511260GSW,RS,TOR,2738.0,,108,87,21
200511260GSW,RS,TOR,2759.0,,110,87,23
200511260GSW,RS,TOR,2785.0,,112,87,25
200511260GSW,RS,TOR,2816.0,,112,88,24
200511260GSW,RS,TOR,2816.0,,112,89,23
200511260GSW,RS,TOR,2847.1,,113,89,24
200511260GSW,RS,TOR,2847.1,,114,89,25
200511260GSW,RS,TOR,2864.0,,116,89,27
200511260GSW,RS,TOR,2864.0,,117,89,28
200511260GSW,RS,TOR,2876.1,F,117,91,26
200511260GSW,RS,TOR,2880.0,,117,91,26
200511280GSW,RS,NOK,0.0,,0,0,0
200511280GSW,RS,NOK,37.0,,2,0,2
200511280GSW,RS,NOK,89.0,,4,0,4
200511280GSW,RS,NOK,130.0,,4,2,2
200511280GSW,RS,NOK,195.0,,6,2,4
200511280GSW,RS,NOK,221.0,,6,3,3
200511280GSW,RS,NOK,254.0,,8,3,5
200511280GSW,RS,NOK,286.0,,8,4,4
200511280GSW,RS,NOK,286.0,,8,5,3
200511280GSW,RS,NOK,314.0,,8,7,1
200511280GSW,RS,NOK,357.0,LC,8,9,-1
200511280GSW,RS,NOK,374.0,T,9,9,0
200511280GSW,RS,NOK,397.0,,9,11,-2
200511280GSW,RS,NOK,433.0,,9,13,-4
200511280GSW,RS,NOK,490.0,,11,13,-2
200511280GSW,RS,NOK,554.0,T,13,13,0
200511280GSW,RS,NOK,570.0,,13,14,-1
200511280GSW,RS,NOK,581.0,,13,16,-3
200511280GSW,RS,NOK,607.0,,13,18,-5
200511280GSW,RS,NOK,621.0,,15,18,-3
200511280GSW,RS,NOK,621.0,,16,18,-2
200511280GSW,RS,NOK,677.4,,16,19,-3
200511280GSW,RS,NOK,688.6,,18,19,-1
200511280GSW,RS,NOK,704.2,,18,20,-2
200511280GSW,RS,NOK,736.0,,19,20,-1
200511280GSW,RS,NOK,736.0,T,20,20,0
200511280GSW,RS,NOK,757.0,,20,22,-2
200511280GSW,RS,NOK,809.0,,20,24,-4
200511280GSW,RS,NOK,816.0,,22,24,-2
200511280GSW,RS,NOK,850.0,T,24,24,0
200511280GSW,RS,NOK,891.0,LC,26,24,2
200511280GSW,RS,NOK,936.0,,28,24,4
200511280GSW,RS,NOK,960.0,,30,24,6
200511280GSW,RS,NOK,981.0,,30,25,5
200511280GSW,RS,NOK,981.0,,30,26,4
200511280GSW,RS,NOK,1054.0,,30,28,2
200511280GSW,RS,NOK,1081.0,,32,28,4
200511280GSW,RS,NOK,1099.0,,32,30,2
200511280GSW,RS,NOK,1154.0,LC,32,33,-1
200511280GSW,RS,NOK,1170.0,T,33,33,0
200511280GSW,RS,NOK,1170.0,LC,34,33,1
200511280GSW,RS,NOK,1185.0,LC,34,35,-1
200511280GSW,RS,NOK,1208.0,LC,36,35,1
200511280GSW,RS,NOK,1259.0,,38,35,3
200511280GSW,RS,NOK,1259.0,,39,35,4
200511280GSW,RS,NOK,1270.0,,39,36,3
200511280GSW,RS,NOK,1308.0,,39,37,2
200511280GSW,RS,NOK,1308.0,,39,38,1
200511280GSW,RS,NOK,1329.0,,41,38,3
200511280GSW,RS,NOK,1354.0,,41,40,1
200511280GSW,RS,NOK,1354.0,T,41,41,0
200511280GSW,RS,NOK,1389.2,,43,41,2
200511280GSW,RS,NOK,1397.8,,43,42,1
200511280GSW,RS,NOK,1397.8,T,43,43,0
200511280GSW,RS,NOK,1405.1,,46,43,3
200511280GSW,RS,NOK,1517.0,,46,45,1
200511280GSW,RS,NOK,1535.0,,48,45,3
200511280GSW,RS,NOK,1559.0,,49,45,4
200511280GSW,RS,NOK,1559.0,,50,45,5
200511280GSW,RS,NOK,1580.0,,50,47,3
200511280GSW,RS,NOK,1637.0,,52,47,5
200511280GSW,RS,NOK,1675.0,,55,47,8
200511280GSW,RS,NOK,1705.0,,55,49,6
200511280GSW,RS,NOK,1710.0,,58,49,9
200511280GSW,RS,NOK,1739.0,,60,49,11
200511280GSW,RS,NOK,1776.0,,60,51,9
200511280GSW,RS,NOK,1795.0,,62,51,11
200511280GSW,RS,NOK,1812.0,,62,53,9
200511280GSW,RS,NOK,1850.0,,62,56,6
200511280GSW,RS,NOK,1866.0,,64,56,8
200511280GSW,RS,NOK,1881.0,,64,58,6
200511280GSW,RS,NOK,1942.0,,67,58,9
200511280GSW,RS,NOK,1968.0,,67,59,8
200511280GSW,RS,NOK,1981.0,,69,59,10
200511280GSW,RS,NOK,1981.0,,70,59,11
200511280GSW,RS,NOK,2006.0,,70,61,9
200511280GSW,RS,NOK,2016.0,,73,61,12
200511280GSW,RS,NOK,2054.0,,76,61,15
200511280GSW,RS,NOK,2123.5,,77,61,16
200511280GSW,RS,NOK,2123.5,,78,61,17
200511280GSW,RS,NOK,2142.6,,78,62,16
200511280GSW,RS,NOK,2142.6,,78,63,15
200511280GSW,RS,NOK,2194.0,,78,65,13
200511280GSW,RS,NOK,2211.0,,81,65,16
200511280GSW,RS,NOK,2250.0,,81,67,14
200511280GSW,RS,NOK,2287.0,,82,67,15
200511280GSW,RS,NOK,2334.0,,84,67,17
200511280GSW,RS,NOK,2382.0,,84,69,15
200511280GSW,RS,NOK,2434.0,,86,69,17
200511280GSW,RS,NOK,2588.0,,88,69,19
200511280GSW,RS,NOK,2646.0,,88,71,17
200511280GSW,RS,NOK,2668.0,,90,71,19
200511280GSW,RS,NOK,2695.0,,92,71,21
200511280GSW,RS,NOK,2695.0,,93,71,22
200511280GSW,RS,NOK,2714.0,,93,73,20
200511280GSW,RS,NOK,2732.0,,95,73,22
200511280GSW,RS,NOK,2750.0,,95,75,20
200511280GSW,RS,NOK,2772.0,,95,77,18
200511280GSW,RS,NOK,2787.0,,97,77,20
200511280GSW,RS,NOK,2798.0,,97,78,19
200511280GSW,RS,NOK,2798.0,,97,79,18
200511280GSW,RS,NOK,2826.3,,97,81,16
200511280GSW,RS,NOK,2826.8,,97,83,14
200511280GSW,RS,NOK,2845.3,F,99,83,16
200511280GSW,RS,NOK,2880.0,,99,83,16
200511300GSW,RS,SAC,0.0,,0,0,0
200511300GSW,RS,SAC,13.0,,2,0,2
200511300GSW,RS,SAC,30.0,T,2,2,0
200511300GSW,RS,SAC,56.0,,3,2,1
200511300GSW,RS,SAC,56.0,,4,2,2
200511300GSW,RS,SAC,70.0,T,4,4,0
200511300GSW,RS,SAC,100.0,,7,4,3
200511300GSW,RS,SAC,120.0,,7,6,1
200511300GSW,RS,SAC,126.0,,9,6,3
200511300GSW,RS,SAC,179.0,,11,6,5
200511300GSW,RS,SAC,214.0,,11,8,3
200511300GSW,RS,SAC,240.0,,13,8,5
200511300GSW,RS,SAC,255.0,,13,11,2
200511300GSW,RS,SAC,280.0,T,13,13,0
200511300GSW,RS,SAC,303.0,LC,13,14,-1
200511300GSW,RS,SAC,303.0,,13,15,-2
200511300GSW,RS,SAC,314.0,LC,16,15,1
200511300GSW,RS,SAC,344.0,,18,15,3
200511300GSW,RS,SAC,367.0,,18,17,1
200511300GSW,RS,SAC,411.0,,21,17,4
200511300GSW,RS,SAC,425.0,,21,20,1
200511300GSW,RS,SAC,443.0,,23,20,3
200511300GSW,RS,SAC,460.0,,23,22,1
200511300GSW,RS,SAC,493.0,,25,22,3
200511300GSW,RS,SAC,516.0,,25,24,1
200511300GSW,RS,SAC,540.0,,28,24,4
200511300GSW,RS,SAC,561.0,,28,26,2
200511300GSW,RS,SAC,600.0,T,28,28,0
200511300GSW,RS,SAC,651.0,LC,28,30,-2
200511300GSW,RS,SAC,692.1,LC,31,30,1
200511300GSW,RS,SAC,714.3,T,31,31,0
200511300GSW,RS,SAC,774.0,,33,31,2
200511300GSW,RS,SAC,870.0,,35,31,4
200511300GSW,RS,SAC,923.0,,35,33,2
200511300GSW,RS,SAC,937.0,,36,33,3
200511300GSW,RS,SAC,946.0,,38,33,5
200511300GSW,RS,SAC,995.0,,40,33,7
200511300GSW,RS,SAC,1035.0,,40,35,5
200511300GSW,RS,SAC,1053.0,,42,35,7
200511300GSW,RS,SAC,1071.0,,42,37,5
200511300GSW,RS,SAC,1107.0,,42,39,3
200511300GSW,RS,SAC,1153.0,,43,39,4
200511300GSW,RS,SAC,1153.0,,44,39,5
200511300GSW,RS,SAC,1168.0,,44,41,3
200511300GSW,RS,SAC,1198.0,,46,41,5
200511300GSW,RS,SAC,1214.0,,46,44,2
200511300GSW,RS,SAC,1230.0,,49,44,5
200511300GSW,RS,SAC,1247.0,,49,47,2
200511300GSW,RS,SAC,1265.0,,51,47,4
200511300GSW,RS,SAC,1276.0,,51,48,3
200511300GSW,RS,SAC,1301.0,,53,48,5
200511300GSW,RS,SAC,1343.0,,55,48,7
200511300GSW,RS,SAC,1374.0,,57,48,9
200511300GSW,RS,SAC,1399.7,,57,50,7
200511300GSW,RS,SAC,1522.0,,59,50,9
200511300GSW,RS,SAC,1542.0,,59,52,7
200511300GSW,RS,SAC,1576.0,,59,54,5
200511300GSW,RS,SAC,1576.0,,59,55,4
200511300GSW,RS,SAC,1588.0,,61,55,6
200511300GSW,RS,SAC,1621.0,,61,57,4
200511300GSW,RS,SAC,1647.0,,63,57,6
200511300GSW,RS,SAC,1661.0,,63,60,3
200511300GSW,RS,SAC,1675.0,,65,60,5
200511300GSW,RS,SAC,1697.0,,65,63,2
200511300GSW,RS,SAC,1758.0,,67,63,4
200511300GSW,RS,SAC,1803.0,,70,63,7
200511300GSW,RS,SAC,1850.0,,72,63,9
200511300GSW,RS,SAC,1874.0,,75,63,12
200511300GSW,RS,SAC,1895.0,,75,64,11
200511300GSW,RS,SAC,1910.0,,76,64,12
200511300GSW,RS,SAC,1945.0,,78,64,14
200511300GSW,RS,SAC,1971.0,,78,65,13
200511300GSW,RS,SAC,1991.0,,78,66,12
200511300GSW,RS,SAC,2033.0,,78,68,10
200511300GSW,RS,SAC,2049.0,,78,70,8
200511300GSW,RS,SAC,2111.2,,78,72,6
200511300GSW,RS,SAC,2118.9,,79,72,7
200511300GSW,RS,SAC,2154.2,,82,72,10
200511300GSW,RS,SAC,2172.0,,84,72,12
200511300GSW,RS,SAC,2195.0,,84,73,11
200511300GSW,RS,SAC,2208.0,,85,73,12
200511300GSW,RS,SAC,2252.0,,85,75,10
200511300GSW,RS,SAC,2277.0,,87,75,12
200511300GSW,RS,SAC,2306.0,,87,76,11
200511300GSW,RS,SAC,2306.0,,87,77,10
200511300GSW,RS,SAC,2335.0,,87,79,8
200511300GSW,RS,SAC,2373.0,,88,79,9
200511300GSW,RS,SAC,2412.0,,90,79,11
200511300GSW,RS,SAC,2441.0,,90,80,10
200511300GSW,RS,SAC,2460.0,,92,80,12
200511300GSW,RS,SAC,2473.0,,92,82,10
200511300GSW,RS,SAC,2473.0,,92,83,9
200511300GSW,RS,SAC,2489.0,,94,83,11
200511300GSW,RS,SAC,2499.0,,94,84,10
200511300GSW,RS,SAC,2499.0,,94,85,9
200511300GSW,RS,SAC,2523.0,,95,85,10
200511300GSW,RS,SAC,2523.0,,96,85,11
200511300GSW,RS,SAC,2536.0,,96,87,9
200511300GSW,RS,SAC,2571.0,,97,87,10
200511300GSW,RS,SAC,2593.0,,97,89,8
200511300GSW,RS,SAC,2645.0,,100,89,11
200511300GSW,RS,SAC,2659.0,,100,91,9
200511300GSW,RS,SAC,2682.0,,100,94,6
200511300GSW,RS,SAC,2731.0,,101,94,7
200511300GSW,RS,SAC,2731.0,,102,94,8
200511300GSW,RS,SAC,2779.0,,102,96,6
200511300GSW,RS,SAC,2792.0,,103,96,7
200511300GSW,RS,SAC,2803.0,,103,98,5
200511300GSW,RS,SAC,2803.0,,103,99,4
200511300GSW,RS,SAC,2823.5,,106,99,7
200511300GSW,RS,SAC,2831.0,,107,99,8
200511300GSW,RS,SAC,2831.0,,108,99,9
200511300GSW,RS,SAC,2835.4,,108,100,8
200511300GSW,RS,SAC,2835.4,,108,101,7
200511300GSW,RS,SAC,2835.4,,108,102,6
200511300GSW,RS,SAC,2858.2,,111,102,9
200511300GSW,RS,SAC,2861.1,,111,105,6
200511300GSW,RS,SAC,2862.8,,112,105,7
200511300GSW,RS,SAC,2862.8,,113,105,8
200511300GSW,RS,SAC,2868.3,F,113,106,7
200511300GSW,RS,SAC,2880.0,,113,106,7
200512020GSW,RS,CHA,0.0,,0,0,0
200512020GSW,RS,CHA,31.0,,2,0,2
200512020GSW,RS,CHA,47.0,T,2,2,0
200512020GSW,RS,CHA,77.0,,4,2,2
200512020GSW,RS,CHA,167.0,T,4,4,0
200512020GSW,RS,CHA,186.0,LC,4,5,-1
200512020GSW,RS,CHA,186.0,,4,6,-2
200512020GSW,RS,CHA,199.0,T,6,6,0
200512020GSW,RS,CHA,216.0,,6,8,-2
200512020GSW,RS,CHA,230.0,LC,9,8,1
200512020GSW,RS,CHA,275.0,,11,8,3
200512020GSW,RS,CHA,287.0,,11,10,1
200512020GSW,RS,CHA,287.0,T,11,11,0
200512020GSW,RS,CHA,302.0,,13,11,2
200512020GSW,RS,CHA,313.0,T,13,13,0
200512020GSW,RS,CHA,326.0,,16,13,3
200512020GSW,RS,CHA,360.0,,16,15,1
200512020GSW,RS,CHA,385.0,,18,15,3
200512020GSW,RS,CHA,427.0,,18,16,2
200512020GSW,RS,CHA,501.0,,18,17,1
200512020GSW,RS,CHA,501.0,T,18,18,0
200512020GSW,RS,CHA,533.0,LC,18,21,-3
200512020GSW,RS,CHA,574.0,,20,21,-1
200512020GSW,RS,CHA,578.0,,20,22,-2
200512020GSW,RS,CHA,578.0,,20,23,-3
200512020GSW,RS,CHA,634.0,,22,23,-1
200512020GSW,RS,CHA,649.0,,22,26,-4
200512020GSW,RS,CHA,675.1,,22,27,-5
200512020GSW,RS,CHA,675.1,,22,28,-6
200512020GSW,RS,CHA,695.1,,22,29,-7
200512020GSW,RS,CHA,695.1,,22,30,-8
200512020GSW,RS,CHA,719.5,,24,30,-6
200512020GSW,RS,CHA,758.0,,26,30,-4
200512020GSW,RS,CHA,786.0,,26,31,-5
200512020GSW,RS,CHA,786.0,,26,32,-6
200512020GSW,RS,CHA,870.0,,27,32,-5
200512020GSW,RS,CHA,900.0,,28,32,-4
200512020GSW,RS,CHA,900.0,,29,32,-3
200512020GSW,RS,CHA,910.0,,29,33,-4
200512020GSW,RS,CHA,910.0,,29,34,-5
200512020GSW,RS,CHA,926.0,,30,34,-4
200512020GSW,RS,CHA,946.0,,30,36,-6
200512020GSW,RS,CHA,946.0,,30,37,-7
200512020GSW,RS,CHA,1016.0,,31,37,-6
200512020GSW,RS,CHA,1016.0,,32,37,-5
200512020GSW,RS,CHA,1023.0,,32,39,-7
200512020GSW,RS,CHA,1044.0,,32,40,-8
200512020GSW,RS,CHA,1044.0,,32,41,-9
200512020GSW,RS,CHA,1059.0,,32,43,-11
200512020GSW,RS,CHA,1072.0,,34,43,-9
200512020GSW,RS,CHA,1102.0,,35,43,-8
200512020GSW,RS,CHA,1102.0,,36,43,-7
200512020GSW,RS,CHA,1111.0,,36,45,-9
200512020GSW,RS,CHA,1125.0,,37,45,-8
200512020GSW,RS,CHA,1125.0,,38,45,-7
200512020GSW,RS,CHA,1152.0,,38,47,-9
200512020GSW,RS,CHA,1166.0,,40,47,-7
200512020GSW,RS,CHA,1182.0,,42,47,-5
200512020GSW,RS,CHA,1208.0,,44,47,-3
200512020GSW,RS,CHA,1227.0,,44,48,-4
200512020GSW,RS,CHA,1236.0,,47,48,-1
200512020GSW,RS,CHA,1257.0,,47,49,-2
200512020GSW,RS,CHA,1257.0,,47,50,-3
200512020GSW,RS,CHA,1276.0,,49,50,-1
200512020GSW,RS,CHA,1282.0,LC,51,50,1
200512020GSW,RS,CHA,1335.0,LC,51,52,-1
200512020GSW,RS,CHA,1370.0,LC,53,52,1
200512020GSW,RS,CHA,1386.1,LC,53,54,-1
200512020GSW,RS,CHA,1392.3,T,54,54,0
200512020GSW,RS,CHA,1400.8,,54,55,-1
200512020GSW,RS,CHA,1438.3,,54,57,-3
200512020GSW,RS,CHA,1453.0,,56,57,-1
200512020GSW,RS,CHA,1486.0,LC,58,57,1
200512020GSW,RS,CHA,1525.0,T,58,58,0
200512020GSW,RS,CHA,1544.0,,60,58,2
200512020GSW,RS,CHA,1580.0,,62,58,4
200512020GSW,RS,CHA,1668.0,,62,60,2
200512020GSW,RS,CHA,1716.0,,63,60,3
200512020GSW,RS,CHA,1716.0,,64,60,4
200512020GSW,RS,CHA,1751.0,,67,60,7
200512020GSW,RS,CHA,1764.0,,67,62,5
200512020GSW,RS,CHA,1833.0,,68,62,6
200512020GSW,RS,CHA,1857.0,,68,63,5
200512020GSW,RS,CHA,1884.0,,68,65,3
200512020GSW,RS,CHA,1931.0,,71,65,6
200512020GSW,RS,CHA,1947.0,,71,67,4
200512020GSW,RS,CHA,2012.0,,71,68,3
200512020GSW,RS,CHA,2012.0,,71,69,2
200512020GSW,RS,CHA,2039.0,,71,70,1
200512020GSW,RS,CHA,2039.0,T,71,71,0
200512020GSW,RS,CHA,2069.0,LC,71,72,-1
200512020GSW,RS,CHA,2069.0,,71,73,-2
200512020GSW,RS,CHA,2088.0,,71,74,-3
200512020GSW,RS,CHA,2088.0,,71,75,-4
200512020GSW,RS,CHA,2111.7,,72,75,-3
200512020GSW,RS,CHA,2134.1,T,75,75,0
200512020GSW,RS,CHA,2159.1,,75,77,-2
200512020GSW,RS,CHA,2198.0,T,77,77,0
200512020GSW,RS,CHA,2226.0,LC,79,77,2
200512020GSW,RS,CHA,2248.0,T,79,79,0
200512020GSW,RS,CHA,2267.0,,81,79,2
200512020GSW,RS,CHA,2298.0,,83,79,4
200512020GSW,RS,CHA,2325.0,,85,79,6
200512020GSW,RS,CHA,2343.0,,85,81,4
200512020GSW,RS,CHA,2376.0,,87,81,6
200512020GSW,RS,CHA,2464.0,,87,83,4
200512020GSW,RS,CHA,2493.0,,87,85,2
200512020GSW,RS,CHA,2511.0,,88,85,3
200512020GSW,RS,CHA,2511.0,,89,85,4
200512020GSW,RS,CHA,2529.0,,89,86,3
200512020GSW,RS,CHA,2529.0,,89,87,2
200512020GSW,RS,CHA,2543.0,,92,87,5
200512020GSW,RS,CHA,2583.0,,95,87,8
200512020GSW,RS,CHA,2601.0,,95,88,7
200512020GSW,RS,CHA,2601.0,,95,89,6
200512020GSW,RS,CHA,2617.0,,95,90,5
200512020GSW,RS,CHA,2630.0,,95,91,4
200512020GSW,RS,CHA,2630.0,,95,92,3
200512020GSW,RS,CHA,2695.0,,97,92,5
200512020GSW,RS,CHA,2722.0,,99,92,7
200512020GSW,RS,CHA,2747.0,,100,92,8
200512020GSW,RS,CHA,2747.0,,101,92,9
200512020GSW,RS,CHA,2848.0,,101,93,8
200512020GSW,RS,CHA,2850.7,,101,94,7
200512020GSW,RS,CHA,2850.7,,101,95,6
200512020GSW,RS,CHA,2851.5,,102,95,7
200512020GSW,RS,CHA,2851.5,,103,95,8
200512020GSW,RS,CHA,2853.1,,103,98,5
200512020GSW,RS,CHA,2855.8,,104,98,6
200512020GSW,RS,CHA,2855.8,,105,98,7
200512020GSW,RS,CHA,2861.5,,105,100,5
200512020GSW,RS,CHA,2862.9,,106,100,6
200512020GSW,RS,CHA,2862.9,F,107,100,7
200512020GSW,RS,CHA,2880.0,,107,100,7
200512070GSW,RS,PHO,0.0,,0,0,0
200512070GSW,RS,PHO,23.0,,2,0,2
200512070GSW,RS,PHO,46.0,LC,2,3,-1
200512070GSW,RS,PHO,74.0,LC,4,3,1
200512070GSW,RS,PHO,138.0,,6,3,3
200512070GSW,RS,PHO,138.0,,7,3,4
200512070GSW,RS,PHO,159.0,,7,5,2
200512070GSW,RS,PHO,176.0,T,7,7,0
200512070GSW,RS,PHO,223.0,,9,7,2
200512070GSW,RS,PHO,253.0,,9,8,1
200512070GSW,RS,PHO,263.0,,12,8,4
200512070GSW,RS,PHO,277.0,,12,10,2
200512070GSW,RS,PHO,287.0,,14,10,4
200512070GSW,RS,PHO,324.0,,14,12,2
200512070GSW,RS,PHO,342.0,,15,12,3
200512070GSW,RS,PHO,354.0,,15,14,1
200512070GSW,RS,PHO,382.0,LC,15,17,-2
200512070GSW,RS,PHO,458.0,,16,17,-1
200512070GSW,RS,PHO,481.0,LC,18,17,1
200512070GSW,RS,PHO,481.0,,19,17,2
200512070GSW,RS,PHO,513.0,,21,17,4
200512070GSW,RS,PHO,524.0,,21,20,1
200512070GSW,RS,PHO,554.0,T,21,21,0
200512070GSW,RS,PHO,569.0,,23,21,2
200512070GSW,RS,PHO,588.0,T,23,23,0
200512070GSW,RS,PHO,611.0,LC,23,25,-2
200512070GSW,RS,PHO,629.0,,23,27,-4
200512070GSW,RS,PHO,644.0,,26,27,-1
200512070GSW,RS,PHO,654.0,,26,30,-4
200512070GSW,RS,PHO,668.6,,28,30,-2
200512070GSW,RS,PHO,677.1,,28,32,-4
200512070GSW,RS,PHO,677.1,,28,33,-5
200512070GSW,RS,PHO,731.0,,30,33,-3
200512070GSW,RS,PHO,752.0,,32,33,-1
200512070GSW,RS,PHO,780.0,LC,34,33,1
200512070GSW,RS,PHO,841.0,,35,33,2
200512070GSW,RS,PHO,841.0,,36,33,3
200512070GSW,RS,PHO,851.0,,36,34,2
200512070GSW,RS,PHO,851.0,,36,35,1
200512070GSW,RS,PHO,864.0,,38,35,3
200512070GSW,RS,PHO,876.0,,38,37,1
200512070GSW,RS,PHO,876.0,T,38,38,0
200512070GSW,RS,PHO,896.0,LC,38,40,-2
200512070GSW,RS,PHO,913.0,T,40,40,0
200512070GSW,RS,PHO,925.0,,40,43,-3
200512070GSW,RS,PHO,942.0,,42,43,-1
200512070GSW,RS,PHO,961.0,LC,44,43,1
200512070GSW,RS,PHO,961.0,,45,43,2
200512070GSW,RS,PHO,980.0,T,45,45,0
200512070GSW,RS,PHO,997.0,,47,45,2
200512070GSW,RS,PHO,1021.0,,50,45,5
200512070GSW,RS,PHO,1050.0,,50,47,3
200512070GSW,RS,PHO,1097.0,,52,47,5
200512070GSW,RS,PHO,1125.0,,54,47,7
200512070GSW,RS,PHO,1144.0,,54,49,5
200512070GSW,RS,PHO,1173.0,,54,51,3
200512070GSW,RS,PHO,1204.0,,54,53,1
200512070GSW,RS,PHO,1255.0,,57,53,4
200512070GSW,RS,PHO,1266.0,,57,55,2
200512070GSW,RS,PHO,1277.0,,60,55,5
200512070GSW,RS,PHO,1287.0,,60,57,3
200512070GSW,RS,PHO,1287.0,,60,58,2
200512070GSW,RS,PHO,1304.0,,62,58,4
200512070GSW,RS,PHO,1304.0,,63,58,5
200512070GSW,RS,PHO,1341.0,,65,58,7
200512070GSW,RS,PHO,1353.0,,65,59,6
200512070GSW,RS,PHO,1353.0,,65,60,5
200512070GSW,RS,PHO,1398.5,,65,61,4
200512070GSW,RS,PHO,1436.9,,65,63,2
200512070GSW,RS,PHO,1496.0,T,65,65,0
200512070GSW,RS,PHO,1525.0,LC,65,67,-2
200512070GSW,RS,PHO,1550.0,,65,70,-5
200512070GSW,RS,PHO,1568.0,,67,70,-3
200512070GSW,RS,PHO,1599.0,,67,71,-4
200512070GSW,RS,PHO,1613.0,,69,71,-2
200512070GSW,RS,PHO,1627.0,,69,74,-5
200512070GSW,RS,PHO,1676.0,,69,77,-8
200512070GSW,RS,PHO,1705.0,,69,79,-10
200512070GSW,RS,PHO,1721.0,,71,79,-8
200512070GSW,RS,PHO,1729.0,,71,81,-10
200512070GSW,RS,PHO,1751.0,,72,81,-9
200512070GSW,RS,PHO,1751.0,,73,81,-8
200512070GSW,RS,PHO,1770.0,,75,81,-6
200512070GSW,RS,PHO,1805.0,,76,81,-5
200512070GSW,RS,PHO,1805.0,,77,81,-4
200512070GSW,RS,PHO,1819.0,,77,82,-5
200512070GSW,RS,PHO,1838.0,,79,82,-3
200512070GSW,RS,PHO,1853.0,,79,84,-5
200512070GSW,RS,PHO,1899.0,,81,84,-3
200512070GSW,RS,PHO,1985.0,,83,84,-1
200512070GSW,RS,PHO,2002.0,LC,85,84,1
200512070GSW,RS,PHO,2062.0,LC,85,86,-1
200512070GSW,RS,PHO,2076.0,LC,87,86,1
200512070GSW,RS,PHO,2092.0,LC,87,89,-2
200512070GSW,RS,PHO,2117.9,,88,89,-1
200512070GSW,RS,PHO,2117.9,T,89,89,0
200512070GSW,RS,PHO,2155.2,,89,91,-2
200512070GSW,RS,PHO,2170.0,,89,93,-4
200512070GSW,RS,PHO,2225.0,,91,93,-2
200512070GSW,RS,PHO,2243.0,,91,95,-4
200512070GSW,RS,PHO,2293.0,,91,97,-6
200512070GSW,RS,PHO,2313.0,,93,97,-4
200512070GSW,RS,PHO,2335.0,,95,97,-2
200512070GSW,RS,PHO,2361.0,,95,99,-4
200512070GSW,RS,PHO,2474.0,,95,101,-6
200512070GSW,RS,PHO,2474.0,,95,102,-7
200512070GSW,RS,PHO,2503.0,,95,103,-8
200512070GSW,RS,PHO,2580.0,,98,103,-5
200512070GSW,RS,PHO,2602.0,,100,103,-3
200512070GSW,RS,PHO,2633.0,,102,103,-1
200512070GSW,RS,PHO,2688.0,LC,104,103,1
200512070GSW,RS,PHO,2703.0,T,104,104,0
200512070GSW,RS,PHO,2703.0,LC,104,105,-1
200512070GSW,RS,PHO,2734.0,,104,107,-3
200512070GSW,RS,PHO,2758.0,,104,108,-4
200512070GSW,RS,PHO,2758.0,,104,109,-5
200512070GSW,RS,PHO,2796.0,,104,110,-6
200512070GSW,RS,PHO,2804.0,,105,110,-5
200512070GSW,RS,PHO,2804.0,,105,111,-6
200512070GSW,RS,PHO,2835.5,,105,114,-9
200512070GSW,RS,PHO,2837.9,,108,114,-6
200512070GSW,RS,PHO,2846.0,,108,116,-8
200512070GSW,RS,PHO,2849.9,,109,116,-7
200512070GSW,RS,PHO,2849.9,,110,116,-6
200512070GSW,RS,PHO,2852.2,,110,117,-7
200512070GSW,RS,PHO,2852.2,F,110,118,-8
200512070GSW,RS,PHO,2880.0,,110,118,-8
200512090GSW,RS,DET,0.0,,0,0,0
200512090GSW,RS,DET,30.0,,2,0,2
200512090GSW,RS,DET,58.0,T,2,2,0
200512090GSW,RS,DET,113.0,LC,2,4,-2
200512090GSW,RS,DET,150.0,,2,6,-4
200512090GSW,RS,DET,169.0,,4,6,-2
200512090GSW,RS,DET,201.0,,4,8,-4
200512090GSW,RS,DET,215.0,,6,8,-2
200512090GSW,RS,DET,215.0,,7,8,-1
200512090GSW,RS,DET,236.0,,7,10,-3
200512090GSW,RS,DET,251.0,,9,10,-1
200512090GSW,RS,DET,274.0,LC,11,10,1
200512090GSW,RS,DET,291.0,T,11,11,0
200512090GSW,RS,DET,291.0,LC,11,12,-1
200512090GSW,RS,DET,306.0,LC,13,12,1
200512090GSW,RS,DET,320.0,LC,13,14,-1
200512090GSW,RS,DET,341.0,LC,15,14,1
200512090GSW,RS,DET,365.0,LC,15,16,-1
200512090GSW,RS,DET,380.0,LC,17,16,1
200512090GSW,RS,DET,417.0,,19,16,3
200512090GSW,RS,DET,440.0,,19,18,1
200512090GSW,RS,DET,476.0,LC,19,20,-1
200512090GSW,RS,DET,516.0,,19,23,-4
200512090GSW,RS,DET,534.0,,21,23,-2
200512090GSW,RS,DET,587.0,T,23,23,0
200512090GSW,RS,DET,659.0,LC,25,23,2
200512090GSW,RS,DET,697.1,T,25,25,0
200512090GSW,RS,DET,719.7,,27,25,2
200512090GSW,RS,DET,732.0,,28,25,3
200512090GSW,RS,DET,732.0,,29,25,4
200512090GSW,RS,DET,747.0,,29,27,2
200512090GSW,RS,DET,765.0,,31,27,4
200512090GSW,RS,DET,777.0,,31,29,2
200512090GSW,RS,DET,829.0,T,31,31,0
200512090GSW,RS,DET,863.0,,32,31,1
200512090GSW,RS,DET,884.0,LC,32,33,-1
200512090GSW,RS,DET,903.0,T,33,33,0
200512090GSW,RS,DET,903.0,LC,34,33,1
200512090GSW,RS,DET,947.0,LC,34,35,-1
200512090GSW,RS,DET,947.0,,34,36,-2
200512090GSW,RS,DET,994.0,,35,36,-1
200512090GSW,RS,DET,994.0,T,36,36,0
200512090GSW,RS,DET,1016.0,,36,38,-2
200512090GSW,RS,DET,1046.0,T,38,38,0
200512090GSW,RS,DET,1066.0,,38,40,-2
200512090GSW,RS,DET,1090.0,T,40,40,0
200512090GSW,RS,DET,1107.0,,40,41,-1
200512090GSW,RS,DET,1107.0,,40,42,-2
200512090GSW,RS,DET,1189.0,T,42,42,0
200512090GSW,RS,DET,1214.0,LC,44,42,2
200512090GSW,RS,DET,1240.0,T,44,44,0
200512090GSW,RS,DET,1295.0,,46,44,2
200512090GSW,RS,DET,1359.0,,47,44,3
200512090GSW,RS,DET,1359.0,,48,44,4
200512090GSW,RS,DET,1393.9,,48,45,3
200512090GSW,RS,DET,1399.1,,48,47,1
200512090GSW,RS,DET,1404.5,,49,47,2
200512090GSW,RS,DET,1455.0,,51,47,4
200512090GSW,RS,DET,1501.0,,51,49,2
200512090GSW,RS,DET,1520.0,,53,49,4
200512090GSW,RS,DET,1520.0,,54,49,5
200512090GSW,RS,DET,1537.0,,54,51,3
200512090GSW,RS,DET,1546.0,,57,51,6
200512090GSW,RS,DET,1572.0,,57,53,4
200512090GSW,RS,DET,1596.0,,57,54,3
200512090GSW,RS,DET,1596.0,,57,55,2
200512090GSW,RS,DET,1613.0,,59,55,4
200512090GSW,RS,DET,1630.0,,59,56,3
200512090GSW,RS,DET,1630.0,,59,57,2
200512090GSW,RS,DET,1672.0,LC,59,60,-1
200512090GSW,RS,DET,1694.0,LC,61,60,1
200512090GSW,RS,DET,1767.0,,63,60,3
200512090GSW,RS,DET,1767.0,,64,60,4
200512090GSW,RS,DET,1856.0,,64,61,3
200512090GSW,RS,DET,1886.0,,64,63,1
200512090GSW,RS,DET,1932.0,,66,63,3
200512090GSW,RS,DET,1974.0,,68,63,5
200512090GSW,RS,DET,2010.0,,68,66,2
200512090GSW,RS,DET,2030.0,,70,66,4
200512090GSW,RS,DET,2065.0,,72,66,6
200512090GSW,RS,DET,2085.0,,72,69,3
200512090GSW,RS,DET,2102.2,,75,69,6
200512090GSW,RS,DET,2118.7,,75,72,3
200512090GSW,RS,DET,2127.1,,78,72,6
200512090GSW,RS,DET,2147.0,,78,73,5
200512090GSW,RS,DET,2147.0,,78,74,4
200512090GSW,RS,DET,2172.0,,78,76,2
200512090GSW,RS,DET,2186.0,,79,76,3
200512090GSW,RS,DET,2186.0,,80,76,4
200512090GSW,RS,DET,2249.0,,80,78,2
200512090GSW,RS,DET,2320.0,T,80,80,0
200512090GSW,RS,DET,2387.0,LC,80,82,-2
200512090GSW,RS,DET,2424.0,,81,82,-1
200512090GSW,RS,DET,2424.0,T,82,82,0
200512090GSW,RS,DET,2446.0,,82,83,-1
200512090GSW,RS,DET,2485.0,LC,84,83,1
200512090GSW,RS,DET,2506.0,T,84,84,0
200512090GSW,RS,DET,2524.0,,86,84,2
200512090GSW,RS,DET,2544.0,T,86,86,0
200512090GSW,RS,DET,2555.0,,87,86,1
200512090GSW,RS,DET,2555.0,,88,86,2
200512090GSW,RS,DET,2586.0,T,88,88,0
200512090GSW,RS,DET,2617.0,LC,88,90,-2
200512090GSW,RS,DET,2637.0,,89,90,-1
200512090GSW,RS,DET,2637.0,T,90,90,0
200512090GSW,RS,DET,2660.0,LC,92,90,2
200512090GSW,RS,DET,2684.0,T,92,92,0
200512090GSW,RS,DET,2705.0,,94,92,2
200512090GSW,RS,DET,2727.0,,94,93,1
200512090GSW,RS,DET,2727.0,T,94,94,0
200512090GSW,RS,DET,2749.0,LC,94,96,-2
200512090GSW,RS,DET,2832.7,,94,98,-4
200512090GSW,RS,DET,2837.8,,96,98,-2
200512090GSW,RS,DET,2860.5,,96,100,-4
200512090GSW,RS,DET,2866.2,,97,100,-3
200512090GSW,RS,DET,2866.2,,98,100,-2
200512090GSW,RS,DET,2867.7,,98,101,-3
200512090GSW,RS,DET,2867.7,,98,102,-4
200512090GSW,RS,DET,2870.1,,101,102,-1
200512090GSW,RS,DET,2871.0,,101,103,-2
200512090GSW,RS,DET,2871.0,,101,104,-3
200512090GSW,RS,DET,2873.1,,102,104,-2
200512090GSW,RS,DET,2873.1,,103,104,-1
200512090GSW,RS,DET,2874.6,F,103,106,-3
200512090GSW,RS,DET,2880.0,,103,106,-3
200512130SEA,RS,SEA,0.0,,0,0,0
200512130SEA,RS,SEA,66.0,,0,2,-2
200512130SEA,RS,SEA,156.0,,0,4,-4
200512130SEA,RS,SEA,193.0,,0,6,-6
200512130SEA,RS,SEA,209.0,,2,6,-4
200512130SEA,RS,SEA,272.0,,2,8,-6
200512130SEA,RS,SEA,297.0,,2,9,-7
200512130SEA,RS,SEA,297.0,,2,10,-8
200512130SEA,RS,SEA,342.0,,2,12,-10
200512130SEA,RS,SEA,379.0,,2,14,-12
200512130SEA,RS,SEA,393.0,,4,14,-10
200512130SEA,RS,SEA,393.0,,5,14,-9
200512130SEA,RS,SEA,419.0,,7,14,-7
200512130SEA,RS,SEA,446.0,,7,17,-10
200512130SEA,RS,SEA,454.0,,10,17,-7
200512130SEA,RS,SEA,478.0,,10,18,-8
200512130SEA,RS,SEA,478.0,,10,19,-9
200512130SEA,RS,SEA,501.0,,13,19,-6
200512130SEA,RS,SEA,546.0,,13,20,-7
200512130SEA,RS,SEA,561.0,,15,20,-5
200512130SEA,RS,SEA,576.0,,15,22,-7
200512130SEA,RS,SEA,613.0,,17,22,-5
200512130SEA,RS,SEA,646.0,,17,25,-8
200512130SEA,RS,SEA,667.9,,17,26,-9
200512130SEA,RS,SEA,691.1,,20,26,-6
200512130SEA,RS,SEA,734.0,,20,27,-7
200512130SEA,RS,SEA,734.0,,20,28,-8
200512130SEA,RS,SEA,777.0,,20,29,-9
200512130SEA,RS,SEA,777.0,,20,30,-10
200512130SEA,RS,SEA,806.0,,21,30,-9
200512130SEA,RS,SEA,821.0,,23,30,-7
200512130SEA,RS,SEA,864.0,,23,31,-8
200512130SEA,RS,SEA,864.0,,23,32,-9
200512130SEA,RS,SEA,945.0,,25,32,-7
200512130SEA,RS,SEA,945.0,,26,32,-6
200512130SEA,RS,SEA,988.0,,29,32,-3
200512130SEA,RS,SEA,1009.0,,29,34,-5
200512130SEA,RS,SEA,1030.0,,31,34,-3
200512130SEA,RS,SEA,1045.0,,31,37,-6
200512130SEA,RS,SEA,1058.0,,33,37,-4
200512130SEA,RS,SEA,1075.0,,33,39,-6
200512130SEA,RS,SEA,1111.0,,33,41,-8
200512130SEA,RS,SEA,1124.0,,35,41,-6
200512130SEA,RS,SEA,1124.0,,36,41,-5
200512130SEA,RS,SEA,1153.0,,38,41,-3
200512130SEA,RS,SEA,1184.0,,39,41,-2
200512130SEA,RS,SEA,1184.0,,40,41,-1
200512130SEA,RS,SEA,1256.0,T,41,41,0
200512130SEA,RS,SEA,1256.0,LC,42,41,1
200512130SEA,RS,SEA,1297.0,,44,41,3
200512130SEA,RS,SEA,1319.0,,44,43,1
200512130SEA,RS,SEA,1355.0,T,44,44,0
200512130SEA,RS,SEA,1355.0,LC,44,45,-1
200512130SEA,RS,SEA,1365.0,T,45,45,0
200512130SEA,RS,SEA,1365.0,LC,46,45,1
200512130SEA,RS,SEA,1382.1,,47,45,2
200512130SEA,RS,SEA,1382.1,,48,45,3
200512130SEA,RS,SEA,1407.6,T,48,48,0
200512130SEA,RS,SEA,1438.1,LC,48,49,-1
200512130SEA,RS,SEA,1438.1,,48,50,-2
200512130SEA,RS,SEA,1506.0,T,50,50,0
200512130SEA,RS,SEA,1506.0,LC,51,50,1
200512130SEA,RS,SEA,1535.0,,53,50,3
200512130SEA,RS,SEA,1551.0,,53,52,1
200512130SEA,RS,SEA,1571.0,,55,52,3
200512130SEA,RS,SEA,1597.0,T,55,55,0
200512130SEA,RS,SEA,1612.0,,57,55,2
200512130SEA,RS,SEA,1630.0,T,57,57,0
200512130SEA,RS,SEA,1647.0,,59,57,2
200512130SEA,RS,SEA,1696.0,T,59,59,0
200512130SEA,RS,SEA,1712.0,,61,59,2
200512130SEA,RS,SEA,1735.0,,61,60,1
200512130SEA,RS,SEA,1735.0,T,61,61,0
200512130SEA,RS,SEA,1767.0,LC,61,63,-2
200512130SEA,RS,SEA,1783.0,T,63,63,0
200512130SEA,RS,SEA,1792.0,,63,66,-3
200512130SEA,RS,SEA,1805.0,,65,66,-1
200512130SEA,RS,SEA,1932.0,LC,67,66,1
200512130SEA,RS,SEA,1964.0,,68,66,2
200512130SEA,RS,SEA,1964.0,,69,66,3
200512130SEA,RS,SEA,1999.0,,69,68,1
200512130SEA,RS,SEA,2015.0,,71,68,3
200512130SEA,RS,SEA,2026.0,,71,70,1
200512130SEA,RS,SEA,2068.0,LC,71,72,-1
200512130SEA,RS,SEA,2122.1,LC,74,72,2
200512130SEA,RS,SEA,2148.6,,76,72,4
200512130SEA,RS,SEA,2210.0,,77,72,5
200512130SEA,RS,SEA,2222.0,,78,72,6
200512130SEA,RS,SEA,2222.0,,79,72,7
200512130SEA,RS,SEA,2222.0,,80,72,8
200512130SEA,RS,SEA,2232.0,,80,74,6
200512130SEA,RS,SEA,2269.0,,80,76,4
200512130SEA,RS,SEA,2322.0,,80,79,1
200512130SEA,RS,SEA,2364.0,LC,80,82,-2
200512130SEA,RS,SEA,2379.0,LC,83,82,1
200512130SEA,RS,SEA,2419.0,LC,83,84,-1
200512130SEA,RS,SEA,2436.0,LC,85,84,1
200512130SEA,RS,SEA,2470.0,,86,84,2
200512130SEA,RS,SEA,2480.0,,86,85,1
200512130SEA,RS,SEA,2480.0,T,86,86,0
200512130SEA,RS,SEA,2499.0,,88,86,2
200512130SEA,RS,SEA,2528.0,T,88,88,0
200512130SEA,RS,SEA,2548.0,,89,88,1
200512130SEA,RS,SEA,2548.0,,90,88,2
200512130SEA,RS,SEA,2561.0,T,90,90,0
200512130SEA,RS,SEA,2667.0,,92,90,2
200512130SEA,RS,SEA,2730.0,T,92,92,0
200512130SEA,RS,SEA,2756.0,,94,92,2
200512130SEA,RS,SEA,2779.0,,94,93,1
200512130SEA,RS,SEA,2826.0,,96,93,3
200512130SEA,RS,SEA,2839.1,T,96,96,0
200512130SEA,RS,SEA,2854.7,,97,96,1
200512130SEA,RS,SEA,2854.7,,98,96,2
200512130SEA,RS,SEA,2875.8,,98,97,1
200512130SEA,RS,SEA,2875.8,T,98,98,0
200512130SEA,RS,SEA,2932.0,,101,98,3
200512130SEA,RS,SEA,2974.0,,101,100,1
200512130SEA,RS,SEA,2996.0,,102,100,2
200512130SEA,RS,SEA,2996.0,,103,100,3
200512130SEA,RS,SEA,3007.0,T,103,103,0
200512130SEA,RS,SEA,3051.0,,105,103,2
200512130SEA,RS,SEA,3070.0,T,105,105,0
200512130SEA,RS,SEA,3115.0,LC,105,107,-2
200512130SEA,RS,SEA,3122.2,T,107,107,0
200512130SEA,RS,SEA,3179.6,F,110,107,3
200512130SEA,RS,SEA,3180.0,,110,107,3
200512140GSW,RS,HOU,0.0,,0,0,0
200512140GSW,RS,HOU,37.0,,3,0,3
200512140GSW,RS,HOU,57.0,,3,2,1
200512140GSW,RS,HOU,57.0,T,3,3,0
200512140GSW,RS,HOU,70.0,,5,3,2
200512140GSW,RS,HOU,87.0,,7,3,4
200512140GSW,RS,HOU,162.0,,7,5,2
200512140GSW,RS,HOU,172.0,,8,5,3
200512140GSW,RS,HOU,172.0,,9,5,4
200512140GSW,RS,HOU,190.0,,9,7,2
200512140GSW,RS,HOU,202.0,,10,7,3
200512140GSW,RS,HOU,245.0,,10,9,1
200512140GSW,RS,HOU,256.0,,12,9,3
200512140GSW,RS,HOU,277.0,,12,11,1
200512140GSW,RS,HOU,331.0,T,12,12,0
200512140GSW,RS,HOU,331.0,LC,12,13,-1
200512140GSW,RS,HOU,342.0,LC,14,13,1
200512140GSW,RS,HOU,412.0,LC,14,16,-2
200512140GSW,RS,HOU,425.0,T,16,16,0
200512140GSW,RS,HOU,475.0,,16,19,-3
200512140GSW,RS,HOU,505.0,,16,20,-4
200512140GSW,RS,HOU,561.0,,16,22,-6
200512140GSW,RS,HOU,575.0,,18,22,-4
200512140GSW,RS,HOU,677.3,,18,24,-6
200512140GSW,RS,HOU,757.0,,20,24,-4
200512140GSW,RS,HOU,782.0,,20,26,-6
200512140GSW,RS,HOU,815.0,,20,29,-9
200512140GSW,RS,HOU,838.0,,22,29,-7
200512140GSW,RS,HOU,860.0,,22,30,-8
200512140GSW,RS,HOU,860.0,,22,31,-9
200512140GSW,RS,HOU,879.0,,24,31,-7
200512140GSW,RS,HOU,906.0,,24,33,-9
200512140GSW,RS,HOU,915.0,,27,33,-6
200512140GSW,RS,HOU,939.0,,27,34,-7
200512140GSW,RS,HOU,939.0,,27,35,-8
200512140GSW,RS,HOU,949.0,,28,35,-7
200512140GSW,RS,HOU,967.0,,28,37,-9
200512140GSW,RS,HOU,986.0,,31,37,-6
200512140GSW,RS,HOU,1005.0,,31,38,-7
200512140GSW,RS,HOU,1005.0,,31,39,-8
200512140GSW,RS,HOU,1044.0,,33,39,-6
200512140GSW,RS,HOU,1115.0,,33,41,-8
200512140GSW,RS,HOU,1135.0,,35,41,-6
200512140GSW,RS,HOU,1150.0,,35,43,-8
200512140GSW,RS,HOU,1209.0,,35,45,-10
200512140GSW,RS,HOU,1222.0,,38,45,-7
200512140GSW,RS,HOU,1260.0,,39,45,-6
200512140GSW,RS,HOU,1264.0,,40,45,-5
200512140GSW,RS,HOU,1264.0,,41,45,-4
200512140GSW,RS,HOU,1276.0,,41,47,-6
200512140GSW,RS,HOU,1301.0,,41,48,-7
200512140GSW,RS,HOU,1312.0,,42,48,-6
200512140GSW,RS,HOU,1312.0,,43,48,-5
200512140GSW,RS,HOU,1328.0,,43,50,-7
200512140GSW,RS,HOU,1328.0,,43,51,-8
200512140GSW,RS,HOU,1348.0,,46,51,-5
200512140GSW,RS,HOU,1394.3,,46,52,-6
200512140GSW,RS,HOU,1394.3,,46,53,-7
200512140GSW,RS,HOU,1403.5,,47,53,-6
200512140GSW,RS,HOU,1416.8,,47,55,-8
200512140GSW,RS,HOU,1458.0,,50,55,-5
200512140GSW,RS,HOU,1504.0,,53,55,-2
200512140GSW,RS,HOU,1560.0,T,55,55,0
200512140GSW,RS,HOU,1585.0,,55,58,-3
200512140GSW,RS,HOU,1606.0,,57,58,-1
200512140GSW,RS,HOU,1637.0,,57,60,-3
200512140GSW,RS,HOU,1692.0,,57,61,-4
200512140GSW,RS,HOU,1712.0,,60,61,-1
200512140GSW,RS,HOU,1727.0,,60,63,-3
200512140GSW,RS,HOU,1743.0,,60,66,-6
200512140GSW,RS,HOU,1803.0,,63,66,-3
200512140GSW,RS,HOU,1831.0,,65,66,-1
200512140GSW,RS,HOU,1880.0,LC,68,66,2
200512140GSW,RS,HOU,1911.0,,70,66,4
200512140GSW,RS,HOU,1984.0,,72,66,6
200512140GSW,RS,HOU,2013.0,,75,66,9
200512140GSW,RS,HOU,2039.0,,75,68,7
200512140GSW,RS,HOU,2075.0,,75,69,6
200512140GSW,RS,HOU,2108.9,,77,69,8
200512140GSW,RS,HOU,2139.3,,77,71,6
200512140GSW,RS,HOU,2250.0,,80,71,9
200512140GSW,RS,HOU,2271.0,,80,73,7
200512140GSW,RS,HOU,2271.0,,80,74,6
200512140GSW,RS,HOU,2304.0,,80,76,4
200512140GSW,RS,HOU,2333.0,,83,76,7
200512140GSW,RS,HOU,2412.0,,83,78,5
200512140GSW,RS,HOU,2445.0,,86,78,8
200512140GSW,RS,HOU,2471.0,,88,78,10
200512140GSW,RS,HOU,2495.0,,88,80,8
200512140GSW,RS,HOU,2520.0,,90,80,10
200512140GSW,RS,HOU,2575.0,,90,82,8
200512140GSW,RS,HOU,2598.0,,93,82,11
200512140GSW,RS,HOU,2642.0,,93,84,9
200512140GSW,RS,HOU,2642.0,,93,85,8
200512140GSW,RS,HOU,2668.0,,93,87,6
200512140GSW,RS,HOU,2714.0,,93,88,5
200512140GSW,RS,HOU,2714.0,,93,89,4
200512140GSW,RS,HOU,2736.0,,95,89,6
200512140GSW,RS,HOU,2774.0,,95,92,3
200512140GSW,RS,HOU,2796.0,,96,92,4
200512140GSW,RS,HOU,2847.1,,96,95,1
200512140GSW,RS,HOU,2874.4,,97,95,2
200512140GSW,RS,HOU,2874.4,,98,95,3
200512140GSW,RS,HOU,2877.3,T,98,98,0
200512140GSW,RS,HOU,2913.0,,99,98,1
200512140GSW,RS,HOU,2932.0,LC,99,100,-1
200512140GSW,RS,HOU,2953.0,LC,101,100,1
200512140GSW,RS,HOU,2978.0,LC,101,102,-1
200512140GSW,RS,HOU,2989.0,LC,103,102,1
200512140GSW,RS,HOU,3019.0,LC,103,104,-1
200512140GSW,RS,HOU,3075.0,,103,106,-3
200512140GSW,RS,HOU,3125.6,,103,107,-4
200512140GSW,RS,HOU,3125.6,,103,108,-5
200512140GSW,RS,HOU,3133.0,,104,108,-4
200512140GSW,RS,HOU,3133.0,,105,108,-3
200512140GSW,RS,HOU,3155.9,,105,109,-4
200512140GSW,RS,HOU,3155.9,,105,110,-5
200512140GSW,RS,HOU,3165.6,F,105,111,-6
200512140GSW,RS,HOU,3180.0,,105,111,-6
200512160TOR,RS,TOR,0.0,,0,0,0
200512160TOR,RS,TOR,11.0,,0,1,-1
200512160TOR,RS,TOR,11.0,,0,2,-2
200512160TOR,RS,TOR,34.0,T,2,2,0
200512160TOR,RS,TOR,83.0,LC,5,2,3
200512160TOR,RS,TOR,132.0,,5,4,1
200512160TOR,RS,TOR,167.0,LC,5,7,-2
200512160TOR,RS,TOR,185.0,T,7,7,0
200512160TOR,RS,TOR,201.0,,7,9,-2
200512160TOR,RS,TOR,218.0,T,9,9,0
200512160TOR,RS,TOR,243.0,,9,12,-3
200512160TOR,RS,TOR,269.0,,9,14,-5
200512160TOR,RS,TOR,303.0,,9,16,-7
200512160TOR,RS,TOR,385.0,,10,16,-6
200512160TOR,RS,TOR,385.0,,11,16,-5
200512160TOR,RS,TOR,404.0,,11,18,-7
200512160TOR,RS,TOR,432.0,,11,21,-10
200512160TOR,RS,TOR,492.0,,14,21,-7
200512160TOR,RS,TOR,518.0,,16,21,-5
200512160TOR,RS,TOR,544.0,,16,22,-6
200512160TOR,RS,TOR,544.0,,16,23,-7
200512160TOR,RS,TOR,558.0,,18,23,-5
200512160TOR,RS,TOR,582.0,,19,23,-4
200512160TOR,RS,TOR,631.0,,19,25,-6
200512160TOR,RS,TOR,644.0,,22,25,-3
200512160TOR,RS,TOR,666.9,,22,28,-6
200512160TOR,RS,TOR,714.4,,23,28,-5
200512160TOR,RS,TOR,737.0,,25,28,-3
200512160TOR,RS,TOR,770.0,T,28,28,0
200512160TOR,RS,TOR,799.0,,28,30,-2
200512160TOR,RS,TOR,851.0,,29,30,-1
200512160TOR,RS,TOR,851.0,T,30,30,0
200512160TOR,RS,TOR,912.0,LC,33,30,3
200512160TOR,RS,TOR,1034.0,,36,30,6
200512160TOR,RS,TOR,1075.0,,38,30,8
200512160TOR,RS,TOR,1128.0,,38,31,7
200512160TOR,RS,TOR,1199.0,,38,32,6
200512160TOR,RS,TOR,1199.0,,38,33,5
200512160TOR,RS,TOR,1211.0,,38,35,3
200512160TOR,RS,TOR,1236.0,,38,36,2
200512160TOR,RS,TOR,1289.0,,41,36,5
200512160TOR,RS,TOR,1313.0,,41,38,3
200512160TOR,RS,TOR,1349.0,,43,38,5
200512160TOR,RS,TOR,1371.0,,45,38,7
200512160TOR,RS,TOR,1394.8,,45,40,5
200512160TOR,RS,TOR,1432.0,,45,42,3
200512160TOR,RS,TOR,1438.6,,47,42,5
200512160TOR,RS,TOR,1439.9,,47,44,3
200512160TOR,RS,TOR,1463.0,,47,46,1
200512160TOR,RS,TOR,1498.0,LC,47,48,-1
200512160TOR,RS,TOR,1539.0,LC,50,48,2
200512160TOR,RS,TOR,1563.0,T,50,50,0
200512160TOR,RS,TOR,1579.0,,52,50,2
200512160TOR,RS,TOR,1599.0,,52,51,1
200512160TOR,RS,TOR,1599.0,T,52,52,0
200512160TOR,RS,TOR,1619.0,,54,52,2
200512160TOR,RS,TOR,1642.0,T,54,54,0
200512160TOR,RS,TOR,1662.0,,56,54,2
200512160TOR,RS,TOR,1730.0,,57,54,3
200512160TOR,RS,TOR,1730.0,,58,54,4
200512160TOR,RS,TOR,1763.0,,60,54,6
200512160TOR,RS,TOR,1786.0,,60,56,4
200512160TOR,RS,TOR,1800.0,,63,56,7
200512160TOR,RS,TOR,1819.0,,63,58,5
200512160TOR,RS,TOR,1867.0,,64,58,6
200512160TOR,RS,TOR,1885.0,,64,60,4
200512160TOR,RS,TOR,1910.0,,64,62,2
200512160TOR,RS,TOR,1931.0,,66,62,4
200512160TOR,RS,TOR,2013.0,,68,62,6
200512160TOR,RS,TOR,2013.0,,69,62,7
200512160TOR,RS,TOR,2033.0,,71,62,9
200512160TOR,RS,TOR,2044.0,,72,62,10
200512160TOR,RS,TOR,2077.0,,73,62,11
200512160TOR,RS,TOR,2094.0,,73,64,9
200512160TOR,RS,TOR,2104.7,,75,64,11
200512160TOR,RS,TOR,2151.9,,78,64,14
200512160TOR,RS,TOR,2158.7,,78,65,13
200512160TOR,RS,TOR,2158.7,,78,66,12
200512160TOR,RS,TOR,2179.0,,78,68,10
200512160TOR,RS,TOR,2202.0,,80,68,12
200512160TOR,RS,TOR,2257.0,,80,69,11
200512160TOR,RS,TOR,2281.0,,80,71,9
200512160TOR,RS,TOR,2305.0,,83,71,12
200512160TOR,RS,TOR,2339.0,,83,73,10
200512160TOR,RS,TOR,2399.0,,83,75,8
200512160TOR,RS,TOR,2412.0,,85,75,10
200512160TOR,RS,TOR,2452.0,,85,77,8
200512160TOR,RS,TOR,2470.0,,86,77,9
200512160TOR,RS,TOR,2470.0,,87,77,10
200512160TOR,RS,TOR,2499.0,,87,80,7
200512160TOR,RS,TOR,2521.0,,90,80,10
200512160TOR,RS,TOR,2553.0,,90,81,9
200512160TOR,RS,TOR,2553.0,,90,82,8
200512160TOR,RS,TOR,2571.0,,93,82,11
200512160TOR,RS,TOR,2585.0,,93,85,8
200512160TOR,RS,TOR,2600.0,,96,85,11
200512160TOR,RS,TOR,2648.0,,98,85,13
200512160TOR,RS,TOR,2669.0,,98,86,12
200512160TOR,RS,TOR,2669.0,,98,87,11
200512160TOR,RS,TOR,2692.0,,101,87,14
200512160TOR,RS,TOR,2740.0,,101,89,12
200512160TOR,RS,TOR,2763.0,,104,89,15
200512160TOR,RS,TOR,2771.0,,104,90,14
200512160TOR,RS,TOR,2800.0,,104,93,11
200512160TOR,RS,TOR,2820.0,,105,93,12
200512160TOR,RS,TOR,2825.8,,105,96,9
200512160TOR,RS,TOR,2849.3,,108,96,12
200512160TOR,RS,TOR,2855.1,,108,97,11
200512160TOR,RS,TOR,2855.1,F,108,98,10
200512160TOR,RS,TOR,2880.0,,108,98,10
200512180NJN,RS,NJN,0.0,,0,0,0
200512180NJN,RS,NJN,39.0,,0,2,-2
200512180NJN,RS,NJN,72.0,,0,4,-4
200512180NJN,RS,NJN,87.0,,2,4,-2
200512180NJN,RS,NJN,104.0,,2,6,-4
200512180NJN,RS,NJN,125.0,,2,8,-6
200512180NJN,RS,NJN,143.0,,2,10,-8
200512180NJN,RS,NJN,160.0,,4,10,-6
200512180NJN,RS,NJN,183.0,,4,12,-8
200512180NJN,RS,NJN,208.0,,4,15,-11
200512180NJN,RS,NJN,237.0,,5,15,-10
200512180NJN,RS,NJN,237.0,,6,15,-9
200512180NJN,RS,NJN,275.0,,9,15,-6
200512180NJN,RS,NJN,286.0,,12,15,-3
200512180NJN,RS,NJN,305.0,,12,17,-5
200512180NJN,RS,NJN,325.0,,15,17,-2
200512180NJN,RS,NJN,341.0,,15,19,-4
200512180NJN,RS,NJN,393.0,,17,19,-2
200512180NJN,RS,NJN,428.0,,18,19,-1
200512180NJN,RS,NJN,428.0,T,19,19,0
200512180NJN,RS,NJN,446.0,,19,21,-2
200512180NJN,RS,NJN,472.0,,19,24,-5
200512180NJN,RS,NJN,489.0,,22,24,-2
200512180NJN,RS,NJN,507.0,,22,26,-4
200512180NJN,RS,NJN,524.0,,22,28,-6
200512180NJN,RS,NJN,552.0,,22,31,-9
200512180NJN,RS,NJN,572.0,,22,34,-12
200512180NJN,RS,NJN,609.0,,22,37,-15
200512180NJN,RS,NJN,667.2,,24,37,-13
200512180NJN,RS,NJN,734.0,,24,39,-15
200512180NJN,RS,NJN,765.0,,24,42,-18
200512180NJN,RS,NJN,784.0,,25,42,-17
200512180NJN,RS,NJN,824.0,,27,42,-15
200512180NJN,RS,NJN,953.0,,27,44,-17
200512180NJN,RS,NJN,978.0,,29,44,-15
200512180NJN,RS,NJN,1005.0,,29,45,-16
200512180NJN,RS,NJN,1005.0,,29,46,-17
200512180NJN,RS,NJN,1042.0,,29,48,-19
200512180NJN,RS,NJN,1057.0,,31,48,-17
200512180NJN,RS,NJN,1073.0,,31,51,-20
200512180NJN,RS,NJN,1097.0,,31,53,-22
200512180NJN,RS,NJN,1148.0,,31,55,-24
200512180NJN,RS,NJN,1164.0,,31,56,-25
200512180NJN,RS,NJN,1164.0,,31,57,-26
200512180NJN,RS,NJN,1179.0,,33,57,-24
200512180NJN,RS,NJN,1207.0,,33,59,-26
200512180NJN,RS,NJN,1238.0,,35,59,-24
200512180NJN,RS,NJN,1263.0,,36,59,-23
200512180NJN,RS,NJN,1263.0,,37,59,-22
200512180NJN,RS,NJN,1341.0,,37,61,-24
200512180NJN,RS,NJN,1358.0,,37,62,-25
200512180NJN,RS,NJN,1392.3,,38,62,-24
200512180NJN,RS,NJN,1392.3,,39,62,-23
200512180NJN,RS,NJN,1403.1,,39,64,-25
200512180NJN,RS,NJN,1420.3,,39,66,-27
200512180NJN,RS,NJN,1458.0,,39,68,-29
200512180NJN,RS,NJN,1476.0,,40,68,-28
200512180NJN,RS,NJN,1500.0,,41,68,-27
200512180NJN,RS,NJN,1500.0,,42,68,-26
200512180NJN,RS,NJN,1509.0,,42,69,-27
200512180NJN,RS,NJN,1547.0,,42,71,-29
200512180NJN,RS,NJN,1561.0,,45,71,-26
200512180NJN,RS,NJN,1591.0,,45,73,-28
200512180NJN,RS,NJN,1591.0,,45,74,-29
200512180NJN,RS,NJN,1606.0,,46,74,-28
200512180NJN,RS,NJN,1606.0,,47,74,-27
200512180NJN,RS,NJN,1619.0,,47,76,-29
200512180NJN,RS,NJN,1665.0,,50,76,-26
200512180NJN,RS,NJN,1687.0,,50,79,-29
200512180NJN,RS,NJN,1725.0,,50,81,-31
200512180NJN,RS,NJN,1761.0,,50,83,-33
200512180NJN,RS,NJN,1776.0,,51,83,-32
200512180NJN,RS,NJN,1806.0,,53,83,-30
200512180NJN,RS,NJN,1838.0,,54,83,-29
200512180NJN,RS,NJN,1838.0,,55,83,-28
200512180NJN,RS,NJN,1862.0,,56,83,-27
200512180NJN,RS,NJN,1862.0,,57,83,-26
200512180NJN,RS,NJN,1879.0,,57,85,-28
200512180NJN,RS,NJN,1928.0,,57,87,-30
200512180NJN,RS,NJN,1944.0,,59,87,-28
200512180NJN,RS,NJN,1962.0,,59,88,-29
200512180NJN,RS,NJN,1970.0,,62,88,-26
200512180NJN,RS,NJN,2017.0,,63,88,-25
200512180NJN,RS,NJN,2044.0,,63,90,-27
200512180NJN,RS,NJN,2067.0,,63,91,-28
200512180NJN,RS,NJN,2067.0,,63,92,-29
200512180NJN,RS,NJN,2097.0,,63,94,-31
200512180NJN,RS,NJN,2175.0,,65,94,-29
200512180NJN,RS,NJN,2226.0,,65,96,-31
200512180NJN,RS,NJN,2263.0,,67,96,-29
200512180NJN,RS,NJN,2281.0,,67,98,-31
200512180NJN,RS,NJN,2298.0,,69,98,-29
200512180NJN,RS,NJN,2369.0,,69,101,-32
200512180NJN,RS,NJN,2421.0,,71,101,-30
200512180NJN,RS,NJN,2453.0,,74,101,-27
200512180NJN,RS,NJN,2475.0,,74,103,-29
200512180NJN,RS,NJN,2499.0,,77,103,-26
200512180NJN,RS,NJN,2513.0,,77,105,-28
200512180NJN,RS,NJN,2559.0,,77,106,-29
200512180NJN,RS,NJN,2559.0,,77,107,-30
200512180NJN,RS,NJN,2586.0,,78,107,-29
200512180NJN,RS,NJN,2586.0,,79,107,-28
200512180NJN,RS,NJN,2618.0,,81,107,-26
200512180NJN,RS,NJN,2637.0,,81,109,-28
200512180NJN,RS,NJN,2658.0,,83,109,-26
200512180NJN,RS,NJN,2681.0,,83,112,-29
200512180NJN,RS,NJN,2709.0,,83,113,-30
200512180NJN,RS,NJN,2709.0,,83,114,-31
200512180NJN,RS,NJN,2732.0,,85,114,-29
200512180NJN,RS,NJN,2754.0,,85,115,-30
200512180NJN,RS,NJN,2754.0,,85,116,-31
200512180NJN,RS,NJN,2814.0,,87,116,-29
200512180NJN,RS,NJN,2840.1,,89,116,-27
200512180NJN,RS,NJN,2852.0,,89,118,-29
200512180NJN,RS,NJN,2869.7,F,90,118,-28
200512180NJN,RS,NJN,2880.0,,90,118,-28
200512190BOS,RS,BOS,0.0,,0,0,0
200512190BOS,RS,BOS,31.0,,2,0,2
200512190BOS,RS,BOS,50.0,T,2,2,0
200512190BOS,RS,BOS,105.0,,4,2,2
200512190BOS,RS,BOS,114.0,T,4,4,0
200512190BOS,RS,BOS,178.0,,6,4,2
200512190BOS,RS,BOS,198.0,T,6,6,0
200512190BOS,RS,BOS,220.0,LC,6,7,-1
200512190BOS,RS,BOS,220.0,,6,8,-2
200512190BOS,RS,BOS,292.0,T,8,8,0
200512190BOS,RS,BOS,310.0,,8,10,-2
200512190BOS,RS,BOS,357.0,T,10,10,0
200512190BOS,RS,BOS,382.0,LC,12,10,2
200512190BOS,RS,BOS,389.0,T,12,12,0
200512190BOS,RS,BOS,402.0,,14,12,2
200512190BOS,RS,BOS,402.0,,15,12,3
200512190BOS,RS,BOS,426.0,,15,13,2
200512190BOS,RS,BOS,426.0,,15,14,1
200512190BOS,RS,BOS,453.0,,17,14,3
200512190BOS,RS,BOS,471.0,,17,16,1
200512190BOS,RS,BOS,497.0,LC,17,18,-1
200512190BOS,RS,BOS,505.0,LC,20,18,2
200512190BOS,RS,BOS,536.0,,22,18,4
200512190BOS,RS,BOS,536.0,,23,18,5
200512190BOS,RS,BOS,551.0,,23,20,3
200512190BOS,RS,BOS,601.0,,23,22,1
200512190BOS,RS,BOS,629.0,,25,22,3
200512190BOS,RS,BOS,650.0,,25,23,2
200512190BOS,RS,BOS,650.0,,25,24,1
200512190BOS,RS,BOS,697.8,LC,25,26,-1
200512190BOS,RS,BOS,718.5,LC,27,26,1
200512190BOS,RS,BOS,750.0,LC,27,28,-1
200512190BOS,RS,BOS,806.0,,27,30,-3
200512190BOS,RS,BOS,806.0,,27,31,-4
200512190BOS,RS,BOS,818.0,,29,31,-2
200512190BOS,RS,BOS,828.0,,29,33,-4
200512190BOS,RS,BOS,837.0,,32,33,-1
200512190BOS,RS,BOS,855.0,,32,35,-3
200512190BOS,RS,BOS,888.0,,32,37,-5
200512190BOS,RS,BOS,910.0,,32,39,-7
200512190BOS,RS,BOS,980.0,,33,39,-6
200512190BOS,RS,BOS,980.0,,34,39,-5
200512190BOS,RS,BOS,1000.0,,34,41,-7
200512190BOS,RS,BOS,1023.0,,34,42,-8
200512190BOS,RS,BOS,1035.0,,36,42,-6
200512190BOS,RS,BOS,1071.0,,36,44,-8
200512190BOS,RS,BOS,1114.0,,36,45,-9
200512190BOS,RS,BOS,1125.0,,38,45,-7
200512190BOS,RS,BOS,1152.0,,40,45,-5
200512190BOS,RS,BOS,1168.0,,42,45,-3
200512190BOS,RS,BOS,1198.0,,43,45,-2
200512190BOS,RS,BOS,1198.0,,44,45,-1
200512190BOS,RS,BOS,1238.0,,44,46,-2
200512190BOS,RS,BOS,1238.0,,44,47,-3
200512190BOS,RS,BOS,1255.0,,44,49,-5
200512190BOS,RS,BOS,1267.0,,46,49,-3
200512190BOS,RS,BOS,1280.0,,46,51,-5
200512190BOS,RS,BOS,1304.0,,48,51,-3
200512190BOS,RS,BOS,1326.0,,48,54,-6
200512190BOS,RS,BOS,1351.0,,48,56,-8
200512190BOS,RS,BOS,1357.0,,50,56,-6
200512190BOS,RS,BOS,1382.2,,50,59,-9
200512190BOS,RS,BOS,1398.1,,50,60,-10
200512190BOS,RS,BOS,1410.3,,51,60,-9
200512190BOS,RS,BOS,1438.3,,51,62,-11
200512190BOS,RS,BOS,1456.0,,53,62,-9
200512190BOS,RS,BOS,1475.0,,55,62,-7
200512190BOS,RS,BOS,1492.0,,55,63,-8
200512190BOS,RS,BOS,1492.0,,55,64,-9
200512190BOS,RS,BOS,1527.0,,55,66,-11
200512190BOS,RS,BOS,1544.0,,57,66,-9
200512190BOS,RS,BOS,1555.0,,57,67,-10
200512190BOS,RS,BOS,1555.0,,57,68,-11
200512190BOS,RS,BOS,1588.0,,58,68,-10
200512190BOS,RS,BOS,1588.0,,59,68,-9
200512190BOS,RS,BOS,1596.0,,62,68,-6
200512190BOS,RS,BOS,1637.0,,62,71,-9
200512190BOS,RS,BOS,1675.0,,65,71,-6
200512190BOS,RS,BOS,1703.0,,67,71,-4
200512190BOS,RS,BOS,1770.0,,67,73,-6
200512190BOS,RS,BOS,1792.0,,68,73,-5
200512190BOS,RS,BOS,1806.0,,68,75,-7
200512190BOS,RS,BOS,1850.0,,70,75,-5
200512190BOS,RS,BOS,1850.0,,71,75,-4
200512190BOS,RS,BOS,1869.0,,72,75,-3
200512190BOS,RS,BOS,1919.0,,72,76,-4
200512190BOS,RS,BOS,1951.0,,73,76,-3
200512190BOS,RS,BOS,1951.0,,74,76,-2
200512190BOS,RS,BOS,2013.0,LC,77,76,1
200512190BOS,RS,BOS,2033.0,T,77,77,0
200512190BOS,RS,BOS,2033.0,LC,77,78,-1
200512190BOS,RS,BOS,2058.0,T,78,78,0
200512190BOS,RS,BOS,2072.0,,78,80,-2
200512190BOS,RS,BOS,2100.4,,78,83,-5
200512190BOS,RS,BOS,2117.3,,80,83,-3
200512190BOS,RS,BOS,2130.9,,80,85,-5
200512190BOS,RS,BOS,2228.0,,80,87,-7
200512190BOS,RS,BOS,2253.0,,80,89,-9
200512190BOS,RS,BOS,2270.0,,82,89,-7
200512190BOS,RS,BOS,2288.0,,82,91,-9
200512190BOS,RS,BOS,2334.0,,84,91,-7
200512190BOS,RS,BOS,2351.0,,84,92,-8
200512190BOS,RS,BOS,2351.0,,84,93,-9
200512190BOS,RS,BOS,2391.0,,85,93,-8
200512190BOS,RS,BOS,2401.0,,87,93,-6
200512190BOS,RS,BOS,2401.0,,88,93,-5
200512190BOS,RS,BOS,2420.0,,88,95,-7
200512190BOS,RS,BOS,2438.0,,88,97,-9
200512190BOS,RS,BOS,2469.0,,88,99,-11
200512190BOS,RS,BOS,2519.0,,90,99,-9
200512190BOS,RS,BOS,2609.0,,90,101,-11
200512190BOS,RS,BOS,2664.0,,90,103,-13
200512190BOS,RS,BOS,2687.0,,92,103,-11
200512190BOS,RS,BOS,2725.0,,92,104,-12
200512190BOS,RS,BOS,2741.0,,94,104,-10
200512190BOS,RS,BOS,2764.0,,94,105,-11
200512190BOS,RS,BOS,2787.0,,94,106,-12
200512190BOS,RS,BOS,2787.0,,94,107,-13
200512190BOS,RS,BOS,2826.0,,95,107,-12
200512190BOS,RS,BOS,2826.0,,96,107,-11
200512190BOS,RS,BOS,2848.4,,96,109,-13
200512190BOS,RS,BOS,2869.0,F,98,109,-11
200512190BOS,RS,BOS,2880.0,,98,109,-11
200512210PHI,RS,PHI,0.0,,0,0,0
200512210PHI,RS,PHI,14.0,,0,2,-2
200512210PHI,RS,PHI,33.0,T,2,2,0
200512210PHI,RS,PHI,56.0,,2,4,-2
200512210PHI,RS,PHI,71.0,,3,4,-1
200512210PHI,RS,PHI,71.0,T,4,4,0
200512210PHI,RS,PHI,88.0,,4,6,-2
200512210PHI,RS,PHI,119.0,T,6,6,0
200512210PHI,RS,PHI,138.0,,6,8,-2
200512210PHI,RS,PHI,188.0,,6,10,-4
200512210PHI,RS,PHI,210.0,,6,12,-6
200512210PHI,RS,PHI,231.0,,7,12,-5
200512210PHI,RS,PHI,242.0,,7,14,-7
200512210PHI,RS,PHI,253.0,,9,14,-5
200512210PHI,RS,PHI,272.0,,9,16,-7
200512210PHI,RS,PHI,283.0,,11,16,-5
200512210PHI,RS,PHI,291.0,,11,18,-7
200512210PHI,RS,PHI,321.0,,13,18,-5
200512210PHI,RS,PHI,339.0,,15,18,-3
200512210PHI,RS,PHI,381.0,,15,19,-4
200512210PHI,RS,PHI,421.0,,15,21,-6
200512210PHI,RS,PHI,445.0,,15,23,-8
200512210PHI,RS,PHI,478.0,,15,24,-9
200512210PHI,RS,PHI,497.0,,17,24,-7
200512210PHI,RS,PHI,514.0,,17,26,-9
200512210PHI,RS,PHI,551.0,,17,29,-12
200512210PHI,RS,PHI,570.0,,18,29,-11
200512210PHI,RS,PHI,585.0,,18,30,-12
200512210PHI,RS,PHI,614.0,,18,32,-14
200512210PHI,RS,PHI,640.0,,18,33,-15
200512210PHI,RS,PHI,665.0,,18,35,-17
200512210PHI,RS,PHI,678.9,,19,35,-16
200512210PHI,RS,PHI,678.9,,20,35,-15
200512210PHI,RS,PHI,719.0,,22,35,-13
200512210PHI,RS,PHI,744.0,,24,35,-11
200512210PHI,RS,PHI,768.0,,24,37,-13
200512210PHI,RS,PHI,815.0,,26,37,-11
200512210PHI,RS,PHI,844.0,,27,37,-10
200512210PHI,RS,PHI,844.0,,28,37,-9
200512210PHI,RS,PHI,852.0,,28,39,-11
200512210PHI,RS,PHI,879.0,,30,39,-9
200512210PHI,RS,PHI,895.0,,30,42,-12
200512210PHI,RS,PHI,911.0,,32,42,-10
200512210PHI,RS,PHI,927.0,,32,44,-12
200512210PHI,RS,PHI,985.0,,35,44,-9
200512210PHI,RS,PHI,1016.0,,37,44,-7
200512210PHI,RS,PHI,1034.0,,37,46,-9
200512210PHI,RS,PHI,1094.0,,39,46,-7
200512210PHI,RS,PHI,1125.0,,41,46,-5
200512210PHI,RS,PHI,1150.0,,41,48,-7
200512210PHI,RS,PHI,1174.0,,44,48,-4
200512210PHI,RS,PHI,1200.0,,46,48,-2
200512210PHI,RS,PHI,1247.0,,46,50,-4
200512210PHI,RS,PHI,1273.0,,46,52,-6
200512210PHI,RS,PHI,1307.0,,46,54,-8
200512210PHI,RS,PHI,1336.0,,46,55,-9
200512210PHI,RS,PHI,1370.0,,46,57,-11
200512210PHI,RS,PHI,1380.4,,47,57,-10
200512210PHI,RS,PHI,1380.4,,48,57,-9
200512210PHI,RS,PHI,1397.5,,48,59,-11
200512210PHI,RS,PHI,1417.1,,48,60,-12
200512210PHI,RS,PHI,1417.1,,48,61,-13
200512210PHI,RS,PHI,1435.8,,49,61,-12
200512210PHI,RS,PHI,1435.8,,50,61,-11
200512210PHI,RS,PHI,1459.0,,52,61,-9
200512210PHI,RS,PHI,1494.0,,54,61,-7
200512210PHI,RS,PHI,1538.0,,56,61,-5
200512210PHI,RS,PHI,1551.0,,56,63,-7
200512210PHI,RS,PHI,1569.0,,56,64,-8
200512210PHI,RS,PHI,1589.0,,59,64,-5
200512210PHI,RS,PHI,1625.0,,59,66,-7
200512210PHI,RS,PHI,1644.0,,61,66,-5
200512210PHI,RS,PHI,1671.0,,61,68,-7
200512210PHI,RS,PHI,1737.0,,63,68,-5
200512210PHI,RS,PHI,1737.0,,64,68,-4
200512210PHI,RS,PHI,1753.0,,64,70,-6
200512210PHI,RS,PHI,1776.0,,64,73,-9
200512210PHI,RS,PHI,1822.0,,67,73,-6
200512210PHI,RS,PHI,1847.0,,67,75,-8
200512210PHI,RS,PHI,1873.0,,70,75,-5
200512210PHI,RS,PHI,1887.0,,70,78,-8
200512210PHI,RS,PHI,1901.0,,72,78,-6
200512210PHI,RS,PHI,1917.0,,72,81,-9
200512210PHI,RS,PHI,1961.0,,74,81,-7
200512210PHI,RS,PHI,1979.0,,74,82,-8
200512210PHI,RS,PHI,2021.0,,76,82,-6
200512210PHI,RS,PHI,2042.0,,77,82,-5
200512210PHI,RS,PHI,2042.0,,78,82,-4
200512210PHI,RS,PHI,2061.0,,78,83,-5
200512210PHI,RS,PHI,2077.0,,80,83,-3
200512210PHI,RS,PHI,2106.5,,80,84,-4
200512210PHI,RS,PHI,2106.5,,80,85,-5
200512210PHI,RS,PHI,2123.6,,83,85,-2
200512210PHI,RS,PHI,2135.2,,83,86,-3
200512210PHI,RS,PHI,2135.2,,83,87,-4
200512210PHI,RS,PHI,2239.0,,83,89,-6
200512210PHI,RS,PHI,2268.0,,84,89,-5
200512210PHI,RS,PHI,2268.0,,85,89,-4
200512210PHI,RS,PHI,2285.0,,85,91,-6
200512210PHI,RS,PHI,2309.0,,85,92,-7
200512210PHI,RS,PHI,2309.0,,85,93,-8
200512210PHI,RS,PHI,2341.0,,85,96,-11
200512210PHI,RS,PHI,2373.0,,85,98,-13
200512210PHI,RS,PHI,2391.0,,88,98,-10
200512210PHI,RS,PHI,2409.0,,88,99,-11
200512210PHI,RS,PHI,2409.0,,88,100,-12
200512210PHI,RS,PHI,2443.0,,91,100,-9
200512210PHI,RS,PHI,2459.0,,91,102,-11
200512210PHI,RS,PHI,2569.0,,91,103,-12
200512210PHI,RS,PHI,2569.0,,91,104,-13
200512210PHI,RS,PHI,2588.0,,93,104,-11
200512210PHI,RS,PHI,2610.0,,93,106,-13
200512210PHI,RS,PHI,2638.0,,95,106,-11
200512210PHI,RS,PHI,2638.0,,96,106,-10
200512210PHI,RS,PHI,2715.0,,96,107,-11
200512210PHI,RS,PHI,2730.0,,98,107,-9
200512210PHI,RS,PHI,2753.0,,98,109,-11
200512210PHI,RS,PHI,2785.0,,98,111,-13
200512210PHI,RS,PHI,2837.7,F,100,111,-11
200512210PHI,RS,PHI,2880.0,,100,111,-11
200512230DET,RS,DET,0.0,,0,0,0
200512230DET,RS,DET,17.0,,0,2,-2
200512230DET,RS,DET,79.0,,0,3,-3
200512230DET,RS,DET,92.0,,1,3,-2
200512230DET,RS,DET,104.0,,1,5,-4
200512230DET,RS,DET,149.0,,1,6,-5
200512230DET,RS,DET,149.0,,1,7,-6
200512230DET,RS,DET,169.0,,4,7,-3
200512230DET,RS,DET,209.0,,4,9,-5
200512230DET,RS,DET,244.0,,7,9,-2
200512230DET,RS,DET,266.0,,7,11,-4
200512230DET,RS,DET,299.0,,10,11,-1
200512230DET,RS,DET,320.0,,10,13,-3
200512230DET,RS,DET,333.0,,11,13,-2
200512230DET,RS,DET,333.0,,12,13,-1
200512230DET,RS,DET,357.0,,12,15,-3
200512230DET,RS,DET,374.0,,14,15,-1
200512230DET,RS,DET,391.0,,14,18,-4
200512230DET,RS,DET,422.0,,14,21,-7
200512230DET,RS,DET,460.0,,14,23,-9
200512230DET,RS,DET,480.0,,16,23,-7
200512230DET,RS,DET,505.0,,16,25,-9
200512230DET,RS,DET,522.0,,18,25,-7
200512230DET,RS,DET,587.0,,20,25,-5
200512230DET,RS,DET,624.0,,22,25,-3
200512230DET,RS,DET,645.0,,22,27,-5
200512230DET,RS,DET,752.0,,24,27,-3
200512230DET,RS,DET,774.0,,24,29,-5
200512230DET,RS,DET,791.0,,26,29,-3
200512230DET,RS,DET,831.0,,28,29,-1
200512230DET,RS,DET,865.0,,28,31,-3
200512230DET,RS,DET,890.0,,30,31,-1
200512230DET,RS,DET,914.0,,30,33,-3
200512230DET,RS,DET,935.0,,32,33,-1
200512230DET,RS,DET,962.0,,32,35,-3
200512230DET,RS,DET,990.0,,32,37,-5
200512230DET,RS,DET,1022.0,,34,37,-3
200512230DET,RS,DET,1052.0,,34,39,-5
200512230DET,RS,DET,1131.0,,34,42,-8
200512230DET,RS,DET,1153.0,,34,44,-10
200512230DET,RS,DET,1263.0,,34,46,-12
200512230DET,RS,DET,1294.0,,34,48,-14
200512230DET,RS,DET,1316.0,,36,48,-12
200512230DET,RS,DET,1346.0,,38,48,-10
200512230DET,RS,DET,1376.0,,40,48,-8
200512230DET,RS,DET,1403.4,,42,48,-6
200512230DET,RS,DET,1413.1,,42,50,-8
200512230DET,RS,DET,1456.0,,42,53,-11
200512230DET,RS,DET,1479.0,,44,53,-9
200512230DET,RS,DET,1502.0,,44,55,-11
200512230DET,RS,DET,1529.0,,44,57,-13
200512230DET,RS,DET,1570.0,,44,58,-14
200512230DET,RS,DET,1570.0,,44,59,-15
200512230DET,RS,DET,1582.0,,47,59,-12
200512230DET,RS,DET,1626.0,,47,61,-14
200512230DET,RS,DET,1705.0,,47,63,-16
200512230DET,RS,DET,1720.0,,49,63,-14
200512230DET,RS,DET,1748.0,,51,63,-12
200512230DET,RS,DET,1763.0,,51,64,-13
200512230DET,RS,DET,1782.0,,51,65,-14
200512230DET,RS,DET,1782.0,,51,66,-15
200512230DET,RS,DET,1855.0,,51,68,-17
200512230DET,RS,DET,1876.0,,53,68,-15
200512230DET,RS,DET,1897.0,,53,69,-16
200512230DET,RS,DET,1909.0,,55,69,-14
200512230DET,RS,DET,1931.0,,55,71,-16
200512230DET,RS,DET,1946.0,,57,71,-14
200512230DET,RS,DET,1974.0,,57,73,-16
200512230DET,RS,DET,2001.0,,59,73,-14
200512230DET,RS,DET,2017.0,,59,74,-15
200512230DET,RS,DET,2017.0,,59,75,-16
200512230DET,RS,DET,2017.0,,59,76,-17
200512230DET,RS,DET,2031.0,,61,76,-15
200512230DET,RS,DET,2049.0,,61,78,-17
200512230DET,RS,DET,2061.0,,63,78,-15
200512230DET,RS,DET,2131.4,,63,79,-16
200512230DET,RS,DET,2131.4,,63,80,-17
200512230DET,RS,DET,2173.0,,65,80,-15
200512230DET,RS,DET,2242.0,,65,82,-17
200512230DET,RS,DET,2269.0,,65,83,-18
200512230DET,RS,DET,2334.0,,67,83,-16
200512230DET,RS,DET,2364.0,,70,83,-13
200512230DET,RS,DET,2386.0,,70,86,-16
200512230DET,RS,DET,2406.0,,72,86,-14
200512230DET,RS,DET,2424.0,,72,88,-16
200512230DET,RS,DET,2442.0,,74,88,-14
200512230DET,RS,DET,2521.0,,76,88,-12
200512230DET,RS,DET,2554.0,,77,88,-11
200512230DET,RS,DET,2602.0,,79,88,-9
200512230DET,RS,DET,2634.0,,81,88,-7
200512230DET,RS,DET,2656.0,,81,89,-8
200512230DET,RS,DET,2666.0,,81,91,-10
200512230DET,RS,DET,2688.0,,83,91,-8
200512230DET,RS,DET,2708.0,,83,93,-10
200512230DET,RS,DET,2734.0,,83,95,-12
200512230DET,RS,DET,2819.0,,83,97,-14
200512230DET,RS,DET,2836.5,F,85,97,-12
200512230DET,RS,DET,2880.0,,85,97,-12
200512260GSW,RS,DEN,0.0,,0,0,0
200512260GSW,RS,DEN,23.0,,0,2,-2
200512260GSW,RS,DEN,52.0,T,2,2,0
200512260GSW,RS,DEN,68.0,,2,4,-2
200512260GSW,RS,DEN,88.0,T,4,4,0
200512260GSW,RS,DEN,102.0,,4,6,-2
200512260GSW,RS,DEN,140.0,,5,6,-1
200512260GSW,RS,DEN,140.0,T,6,6,0
200512260GSW,RS,DEN,149.0,,6,8,-2
200512260GSW,RS,DEN,165.0,,6,10,-4
200512260GSW,RS,DEN,181.0,,6,12,-6
200512260GSW,RS,DEN,181.0,,6,13,-7
200512260GSW,RS,DEN,195.0,,7,13,-6
200512260GSW,RS,DEN,213.0,,7,15,-8
200512260GSW,RS,DEN,223.0,,9,15,-6
200512260GSW,RS,DEN,270.0,,9,17,-8
200512260GSW,RS,DEN,284.0,,11,17,-6
200512260GSW,RS,DEN,304.0,,11,19,-8
200512260GSW,RS,DEN,338.0,,11,20,-9
200512260GSW,RS,DEN,338.0,,11,21,-10
200512260GSW,RS,DEN,365.0,,11,23,-12
200512260GSW,RS,DEN,373.0,,14,23,-9
200512260GSW,RS,DEN,407.0,,17,23,-6
200512260GSW,RS,DEN,429.0,,17,26,-9
200512260GSW,RS,DEN,453.0,,20,26,-6
200512260GSW,RS,DEN,466.0,,20,27,-7
200512260GSW,RS,DEN,466.0,,20,28,-8
200512260GSW,RS,DEN,480.0,,22,28,-6
200512260GSW,RS,DEN,498.0,,22,30,-8
200512260GSW,RS,DEN,506.0,,23,30,-7
200512260GSW,RS,DEN,523.0,,23,32,-9
200512260GSW,RS,DEN,551.0,,23,33,-10
200512260GSW,RS,DEN,571.0,,25,33,-8
200512260GSW,RS,DEN,591.0,,25,35,-10
200512260GSW,RS,DEN,615.0,,27,35,-8
200512260GSW,RS,DEN,630.0,,27,37,-10
200512260GSW,RS,DEN,651.0,,28,37,-9
200512260GSW,RS,DEN,658.0,,28,38,-10
200512260GSW,RS,DEN,658.0,,28,39,-11
200512260GSW,RS,DEN,669.1,,31,39,-8
200512260GSW,RS,DEN,674.5,,31,41,-10
200512260GSW,RS,DEN,684.7,,33,41,-8
200512260GSW,RS,DEN,684.7,,34,41,-7
200512260GSW,RS,DEN,714.1,,37,41,-4
200512260GSW,RS,DEN,719.0,,37,44,-7
200512260GSW,RS,DEN,777.0,,40,44,-4
200512260GSW,RS,DEN,798.0,,40,46,-6
200512260GSW,RS,DEN,821.0,,42,46,-4
200512260GSW,RS,DEN,873.0,,45,46,-1
200512260GSW,RS,DEN,916.0,LC,48,46,2
200512260GSW,RS,DEN,946.0,T,48,48,0
200512260GSW,RS,DEN,995.0,,50,48,2
200512260GSW,RS,DEN,1026.0,T,50,50,0
200512260GSW,RS,DEN,1053.0,,52,50,2
200512260GSW,RS,DEN,1070.0,T,52,52,0
200512260GSW,RS,DEN,1081.0,,53,52,1
200512260GSW,RS,DEN,1081.0,,54,52,2
200512260GSW,RS,DEN,1097.0,T,54,54,0
200512260GSW,RS,DEN,1112.0,LC,54,55,-1
200512260GSW,RS,DEN,1133.0,LC,56,55,1
200512260GSW,RS,DEN,1150.0,,58,55,3
200512260GSW,RS,DEN,1182.0,,61,55,6
200512260GSW,RS,DEN,1209.0,,61,57,4
200512260GSW,RS,DEN,1218.0,,62,57,5
200512260GSW,RS,DEN,1258.0,,62,59,3
200512260GSW,RS,DEN,1320.0,,62,61,1
200512260GSW,RS,DEN,1354.0,LC,62,63,-1
200512260GSW,RS,DEN,1403.8,LC,64,63,1
200512260GSW,RS,DEN,1409.6,LC,64,65,-1
200512260GSW,RS,DEN,1438.6,LC,66,65,1
200512260GSW,RS,DEN,1510.0,T,66,66,0
200512260GSW,RS,DEN,1535.0,LC,66,68,-2
200512260GSW,RS,DEN,1587.0,,66,70,-4
200512260GSW,RS,DEN,1617.0,,68,70,-2
200512260GSW,RS,DEN,1635.0,,68,71,-3
200512260GSW,RS,DEN,1647.0,,70,71,-1
200512260GSW,RS,DEN,1647.0,T,71,71,0
200512260GSW,RS,DEN,1675.0,LC,73,71,2
200512260GSW,RS,DEN,1736.0,T,73,73,0
200512260GSW,RS,DEN,1780.0,LC,73,74,-1
200512260GSW,RS,DEN,1780.0,,73,75,-2
200512260GSW,RS,DEN,1831.0,,73,77,-4
200512260GSW,RS,DEN,1869.0,,75,77,-2
200512260GSW,RS,DEN,1869.0,,76,77,-1
200512260GSW,RS,DEN,1889.0,,76,79,-3
200512260GSW,RS,DEN,1911.0,,78,79,-1
200512260GSW,RS,DEN,1933.0,T,79,79,0
200512260GSW,RS,DEN,2028.0,LC,81,79,2
200512260GSW,RS,DEN,2068.0,,83,79,4
200512260GSW,RS,DEN,2089.0,,83,82,1
200512260GSW,RS,DEN,2151.1,LC,83,84,-1
200512260GSW,RS,DEN,2181.0,,83,87,-4
200512260GSW,RS,DEN,2225.0,,85,87,-2
200512260GSW,RS,DEN,2225.0,,86,87,-1
200512260GSW,RS,DEN,2239.0,,86,89,-3
200512260GSW,RS,DEN,2283.0,,86,92,-6
200512260GSW,RS,DEN,2333.0,,86,94,-8
200512260GSW,RS,DEN,2357.0,,86,96,-10
200512260GSW,RS,DEN,2371.0,,88,96,-8
200512260GSW,RS,DEN,2404.0,,90,96,-6
200512260GSW,RS,DEN,2452.0,,90,98,-8
200512260GSW,RS,DEN,2489.0,,90,101,-11
200512260GSW,RS,DEN,2499.0,,91,101,-10
200512260GSW,RS,DEN,2510.0,,91,103,-12
200512260GSW,RS,DEN,2514.0,,91,105,-14
200512260GSW,RS,DEN,2514.0,,91,106,-15
200512260GSW,RS,DEN,2517.0,,92,106,-14
200512260GSW,RS,DEN,2517.0,,93,106,-13
200512260GSW,RS,DEN,2539.0,,93,109,-16
200512260GSW,RS,DEN,2554.0,,96,109,-13
200512260GSW,RS,DEN,2588.0,,98,109,-11
200512260GSW,RS,DEN,2609.0,,100,109,-9
200512260GSW,RS,DEN,2636.0,,100,111,-11
200512260GSW,RS,DEN,2646.0,,101,111,-10
200512260GSW,RS,DEN,2646.0,,102,111,-9
200512260GSW,RS,DEN,2698.0,,102,112,-10
200512260GSW,RS,DEN,2698.0,,102,113,-11
200512260GSW,RS,DEN,2716.0,,104,113,-9
200512260GSW,RS,DEN,2738.0,,104,115,-11
200512260GSW,RS,DEN,2750.0,,107,115,-8
200512260GSW,RS,DEN,2800.0,,109,115,-6
200512260GSW,RS,DEN,2843.2,,110,115,-5
200512260GSW,RS,DEN,2851.6,,110,116,-6
200512260GSW,RS,DEN,2860.5,,112,116,-4
200512260GSW,RS,DEN,2862.2,F,112,118,-6
200512260GSW,RS,DEN,2880.0,,112,118,-6
200512280GSW,RS,BOS,0.0,,0,0,0
200512280GSW,RS,BOS,13.0,,0,2,-2
200512280GSW,RS,BOS,32.0,T,2,2,0
200512280GSW,RS,BOS,55.0,,2,4,-2
200512280GSW,RS,BOS,84.0,,2,6,-4
200512280GSW,RS,BOS,98.0,,4,6,-2
200512280GSW,RS,BOS,126.0,T,6,6,0
200512280GSW,RS,BOS,153.0,LC,8,6,2
200512280GSW,RS,BOS,165.0,T,8,8,0
200512280GSW,RS,BOS,175.0,,9,8,1
200512280GSW,RS,BOS,184.0,LC,9,10,-1
200512280GSW,RS,BOS,195.0,LC,12,10,2
200512280GSW,RS,BOS,208.0,T,12,12,0
200512280GSW,RS,BOS,223.0,,14,12,2
200512280GSW,RS,BOS,223.0,,15,12,3
200512280GSW,RS,BOS,233.0,,15,14,1
200512280GSW,RS,BOS,249.0,,17,14,3
200512280GSW,RS,BOS,264.0,,17,16,1
200512280GSW,RS,BOS,288.0,LC,17,18,-1
200512280GSW,RS,BOS,303.0,LC,19,18,1
200512280GSW,RS,BOS,314.0,LC,19,20,-1
200512280GSW,RS,BOS,326.0,LC,21,20,1
200512280GSW,RS,BOS,332.0,LC,21,22,-1
200512280GSW,RS,BOS,355.0,LC,23,22,1
200512280GSW,RS,BOS,370.0,LC,23,24,-1
200512280GSW,RS,BOS,376.0,LC,25,24,1
200512280GSW,RS,BOS,386.0,LC,25,26,-1
200512280GSW,RS,BOS,424.0,,25,28,-3
200512280GSW,RS,BOS,424.0,,25,29,-4
200512280GSW,RS,BOS,435.0,,27,29,-2
200512280GSW,RS,BOS,491.0,,27,31,-4
200512280GSW,RS,BOS,522.0,,29,31,-2
200512280GSW,RS,BOS,553.0,,29,33,-4
200512280GSW,RS,BOS,583.0,,29,35,-6
200512280GSW,RS,BOS,590.0,,31,35,-4
200512280GSW,RS,BOS,590.0,,32,35,-3
200512280GSW,RS,BOS,604.0,,34,35,-1
200512280GSW,RS,BOS,703.1,,34,38,-4
200512280GSW,RS,BOS,719.8,,37,38,-1
200512280GSW,RS,BOS,736.0,LC,39,38,1
200512280GSW,RS,BOS,770.0,,41,38,3
200512280GSW,RS,BOS,795.0,,41,40,1
200512280GSW,RS,BOS,827.0,LC,41,42,-1
200512280GSW,RS,BOS,907.0,LC,44,42,2
200512280GSW,RS,BOS,952.0,T,44,44,0
200512280GSW,RS,BOS,990.0,,46,44,2
200512280GSW,RS,BOS,1030.0,,48,44,4
200512280GSW,RS,BOS,1056.0,,48,45,3
200512280GSW,RS,BOS,1056.0,,48,46,2
200512280GSW,RS,BOS,1076.0,,49,46,3
200512280GSW,RS,BOS,1124.0,,49,48,1
200512280GSW,RS,BOS,1158.0,T,49,49,0
200512280GSW,RS,BOS,1214.0,LC,49,51,-2
200512280GSW,RS,BOS,1242.0,,50,51,-1
200512280GSW,RS,BOS,1242.0,T,51,51,0
200512280GSW,RS,BOS,1278.0,,51,53,-2
200512280GSW,RS,BOS,1285.0,,52,53,-1
200512280GSW,RS,BOS,1285.0,T,53,53,0
200512280GSW,RS,BOS,1314.0,LC,55,53,2
200512280GSW,RS,BOS,1383.3,,56,53,3
200512280GSW,RS,BOS,1385.2,,56,54,2
200512280GSW,RS,BOS,1385.2,,56,55,1
200512280GSW,RS,BOS,1400.5,,58,55,3
200512280GSW,RS,BOS,1411.2,,58,57,1
200512280GSW,RS,BOS,1455.0,,60,57,3
200512280GSW,RS,BOS,1493.0,,60,59,1
200512280GSW,RS,BOS,1514.0,,62,59,3
200512280GSW,RS,BOS,1543.0,,64,59,5
200512280GSW,RS,BOS,1563.0,,64,61,3
200512280GSW,RS,BOS,1587.0,,64,63,1
200512280GSW,RS,BOS,1587.0,T,64,64,0
200512280GSW,RS,BOS,1602.0,,67,64,3
200512280GSW,RS,BOS,1613.0,T,67,67,0
200512280GSW,RS,BOS,1628.0,,70,67,3
200512280GSW,RS,BOS,1645.0,,70,69,1
200512280GSW,RS,BOS,1663.0,,72,69,3
200512280GSW,RS,BOS,1676.0,,72,70,2
200512280GSW,RS,BOS,1690.0,,74,70,4
200512280GSW,RS,BOS,1760.0,,74,71,3
200512280GSW,RS,BOS,1791.0,,75,71,4
200512280GSW,RS,BOS,1815.0,,77,71,6
200512280GSW,RS,BOS,1860.0,,79,71,8
200512280GSW,RS,BOS,1875.0,,79,72,7
200512280GSW,RS,BOS,1875.0,,79,73,6
200512280GSW,RS,BOS,1889.0,,81,73,8
200512280GSW,RS,BOS,1925.0,,82,73,9
200512280GSW,RS,BOS,1938.0,,82,76,6
200512280GSW,RS,BOS,1975.0,,82,78,4
200512280GSW,RS,BOS,1997.0,,84,78,6
200512280GSW,RS,BOS,2014.0,,84,81,3
200512280GSW,RS,BOS,2037.0,,86,81,5
200512280GSW,RS,BOS,2089.0,,88,81,7
200512280GSW,RS,BOS,2103.5,,88,83,5
200512280GSW,RS,BOS,2123.1,,90,83,7
200512280GSW,RS,BOS,2140.2,,90,84,6
200512280GSW,RS,BOS,2140.2,,90,85,5
200512280GSW,RS,BOS,2170.0,,90,86,4
200512280GSW,RS,BOS,2170.0,,90,87,3
200512280GSW,RS,BOS,2289.0,,90,89,1
200512280GSW,RS,BOS,2315.0,,93,89,4
200512280GSW,RS,BOS,2347.0,,94,89,5
200512280GSW,RS,BOS,2347.0,,95,89,6
200512280GSW,RS,BOS,2379.0,,96,89,7
200512280GSW,RS,BOS,2379.0,,97,89,8
200512280GSW,RS,BOS,2402.0,,97,91,6
200512280GSW,RS,BOS,2431.0,,97,92,5
200512280GSW,RS,BOS,2431.0,,97,93,4
200512280GSW,RS,BOS,2452.0,,99,93,6
200512280GSW,RS,BOS,2490.0,,99,94,5
200512280GSW,RS,BOS,2490.0,,99,95,4
200512280GSW,RS,BOS,2512.0,,100,95,5
200512280GSW,RS,BOS,2512.0,,101,95,6
200512280GSW,RS,BOS,2528.0,,101,97,4
200512280GSW,RS,BOS,2605.0,,101,99,2
200512280GSW,RS,BOS,2605.0,,101,100,1
200512280GSW,RS,BOS,2626.0,,103,100,3
200512280GSW,RS,BOS,2644.0,,103,102,1
200512280GSW,RS,BOS,2663.0,,105,102,3
200512280GSW,RS,BOS,2731.0,,105,104,1
200512280GSW,RS,BOS,2749.0,,107,104,3
200512280GSW,RS,BOS,2764.0,,107,105,2
200512280GSW,RS,BOS,2765.0,,107,106,1
200512280GSW,RS,BOS,2765.0,T,107,107,0
200512280GSW,RS,BOS,2786.0,,109,107,2
200512280GSW,RS,BOS,2807.0,T,109,109,0
200512280GSW,RS,BOS,2873.8,F,111,109,2
200512280GSW,RS,BOS,2880.0,,111,109,2
200512300DAL,RS,DAL,0.0,,0,0,0
200512300DAL,RS,DAL,32.0,,1,0,1
200512300DAL,RS,DAL,45.0,,3,0,3
200512300DAL,RS,DAL,61.0,,3,2,1
200512300DAL,RS,DAL,87.0,,5,2,3
200512300DAL,RS,DAL,103.0,,5,4,1
200512300DAL,RS,DAL,141.0,,7,4,3
200512300DAL,RS,DAL,148.0,,7,6,1
200512300DAL,RS,DAL,162.0,,9,6,3
200512300DAL,RS,DAL,192.0,,9,8,1
200512300DAL,RS,DAL,205.0,T,9,9,0
200512300DAL,RS,DAL,205.0,LC,9,10,-1
200512300DAL,RS,DAL,237.0,LC,11,10,1
200512300DAL,RS,DAL,285.0,LC,11,13,-2
200512300DAL,RS,DAL,300.0,LC,14,13,1
200512300DAL,RS,DAL,314.0,LC,14,16,-2
200512300DAL,RS,DAL,348.0,,14,18,-4
200512300DAL,RS,DAL,377.0,,14,20,-6
200512300DAL,RS,DAL,394.0,,16,20,-4
200512300DAL,RS,DAL,436.0,,17,20,-3
200512300DAL,RS,DAL,463.0,,19,20,-1
200512300DAL,RS,DAL,466.0,,19,22,-3
200512300DAL,RS,DAL,475.0,,20,22,-2
200512300DAL,RS,DAL,475.0,,21,22,-1
200512300DAL,RS,DAL,491.0,,21,24,-3
200512300DAL,RS,DAL,522.0,,21,26,-5
200512300DAL,RS,DAL,540.0,,23,26,-3
200512300DAL,RS,DAL,568.0,T,26,26,0
200512300DAL,RS,DAL,592.0,,26,27,-1
200512300DAL,RS,DAL,592.0,,26,28,-2
200512300DAL,RS,DAL,630.0,,27,28,-1
200512300DAL,RS,DAL,654.0,LC,29,28,1
200512300DAL,RS,DAL,678.3,LC,29,30,-1
200512300DAL,RS,DAL,688.6,LC,31,30,1
200512300DAL,RS,DAL,704.7,LC,31,32,-1
200512300DAL,RS,DAL,807.0,,31,34,-3
200512300DAL,RS,DAL,828.0,,31,35,-4
200512300DAL,RS,DAL,828.0,,31,36,-5
200512300DAL,RS,DAL,842.0,,33,36,-3
200512300DAL,RS,DAL,872.0,,34,36,-2
200512300DAL,RS,DAL,872.0,,35,36,-1
200512300DAL,RS,DAL,887.0,,35,38,-3
200512300DAL,RS,DAL,915.0,,35,40,-5
200512300DAL,RS,DAL,941.0,,37,40,-3
200512300DAL,RS,DAL,973.0,,37,42,-5
200512300DAL,RS,DAL,1041.0,,37,44,-7
200512300DAL,RS,DAL,1075.0,,37,47,-10
200512300DAL,RS,DAL,1095.0,,39,47,-8
200512300DAL,RS,DAL,1108.0,,39,48,-9
200512300DAL,RS,DAL,1108.0,,39,49,-10
200512300DAL,RS,DAL,1128.0,,39,51,-12
200512300DAL,RS,DAL,1150.0,,39,52,-13
200512300DAL,RS,DAL,1150.0,,39,53,-14
200512300DAL,RS,DAL,1167.0,,41,53,-12
200512300DAL,RS,DAL,1200.0,,41,55,-14
200512300DAL,RS,DAL,1220.0,,44,55,-11
200512300DAL,RS,DAL,1244.0,,46,55,-9
200512300DAL,RS,DAL,1284.0,,47,55,-8
200512300DAL,RS,DAL,1284.0,,48,55,-7
200512300DAL,RS,DAL,1348.0,,48,57,-9
200512300DAL,RS,DAL,1348.0,,48,58,-10
200512300DAL,RS,DAL,1364.0,,50,58,-8
200512300DAL,RS,DAL,1387.8,,50,60,-10
200512300DAL,RS,DAL,1404.7,,50,61,-11
200512300DAL,RS,DAL,1404.7,,50,62,-12
200512300DAL,RS,DAL,1409.5,,51,62,-11
200512300DAL,RS,DAL,1409.5,,52,62,-10
200512300DAL,RS,DAL,1481.0,,52,65,-13
200512300DAL,RS,DAL,1504.0,,54,65,-11
200512300DAL,RS,DAL,1558.0,,56,65,-9
200512300DAL,RS,DAL,1603.0,,58,65,-7
200512300DAL,RS,DAL,1603.0,,59,65,-6
200512300DAL,RS,DAL,1622.0,,59,67,-8
200512300DAL,RS,DAL,1643.0,,61,67,-6
200512300DAL,RS,DAL,1658.0,,62,67,-5
200512300DAL,RS,DAL,1658.0,,63,67,-4
200512300DAL,RS,DAL,1729.0,,63,69,-6
200512300DAL,RS,DAL,1749.0,,63,71,-8
200512300DAL,RS,DAL,1787.0,,63,72,-9
200512300DAL,RS,DAL,1802.0,,64,72,-8
200512300DAL,RS,DAL,1853.0,,64,74,-10
200512300DAL,RS,DAL,1867.0,,66,74,-8
200512300DAL,RS,DAL,1887.0,,68,74,-6
200512300DAL,RS,DAL,1887.0,,69,74,-5
200512300DAL,RS,DAL,1907.0,,70,74,-4
200512300DAL,RS,DAL,1907.0,,71,74,-3
200512300DAL,RS,DAL,1962.0,,71,76,-5
200512300DAL,RS,DAL,1981.0,,73,76,-3
200512300DAL,RS,DAL,2041.0,,73,77,-4
200512300DAL,RS,DAL,2041.0,,73,78,-5
200512300DAL,RS,DAL,2059.0,,76,78,-2
200512300DAL,RS,DAL,2091.0,T,78,78,0
200512300DAL,RS,DAL,2114.7,,78,79,-1
200512300DAL,RS,DAL,2114.7,,78,80,-2
200512300DAL,RS,DAL,2130.9,LC,81,80,1
200512300DAL,RS,DAL,2146.5,T,81,81,0
200512300DAL,RS,DAL,2146.5,LC,81,82,-1
200512300DAL,RS,DAL,2159.0,,81,83,-2
200512300DAL,RS,DAL,2206.0,,81,85,-4
200512300DAL,RS,DAL,2230.0,,83,85,-2
200512300DAL,RS,DAL,2285.0,,83,87,-4
200512300DAL,RS,DAL,2327.0,,83,89,-6
200512300DAL,RS,DAL,2343.0,,85,89,-4
200512300DAL,RS,DAL,2343.0,,86,89,-3
200512300DAL,RS,DAL,2358.0,,86,91,-5
200512300DAL,RS,DAL,2389.0,,86,94,-8
200512300DAL,RS,DAL,2407.0,,87,94,-7
200512300DAL,RS,DAL,2407.0,,88,94,-6
200512300DAL,RS,DAL,2426.0,,88,96,-8
200512300DAL,RS,DAL,2468.0,,88,98,-10
200512300DAL,RS,DAL,2495.0,,90,98,-8
200512300DAL,RS,DAL,2495.0,,91,98,-7
200512300DAL,RS,DAL,2508.0,,91,99,-8
200512300DAL,RS,DAL,2508.0,,91,100,-9
200512300DAL,RS,DAL,2526.0,,93,100,-7
200512300DAL,RS,DAL,2544.0,,93,103,-10
200512300DAL,RS,DAL,2565.0,,96,103,-7
200512300DAL,RS,DAL,2607.0,,99,103,-4
200512300DAL,RS,DAL,2628.0,,99,105,-6
200512300DAL,RS,DAL,2643.0,,102,105,-3
200512300DAL,RS,DAL,2694.0,,102,107,-5
200512300DAL,RS,DAL,2711.0,,104,107,-3
200512300DAL,RS,DAL,2797.0,,104,109,-5
200512300DAL,RS,DAL,2814.0,,106,109,-3
200512300DAL,RS,DAL,2839.8,T,109,109,0
200512300DAL,RS,DAL,2879.5,F,111,109,2
200512300DAL,RS,DAL,2880.0,,111,109,2
200512310HOU,RS,HOU,0.0,,0,0,0
200512310HOU,RS,HOU,42.0,,2,0,2
200512310HOU,RS,HOU,75.0,,4,0,4
200512310HOU,RS,HOU,92.0,,4,1,3
200512310HOU,RS,HOU,265.0,,4,3,1
200512310HOU,RS,HOU,277.0,,6,3,3
200512310HOU,RS,HOU,291.0,,6,5,1
200512310HOU,RS,HOU,305.0,,7,5,2
200512310HOU,RS,HOU,305.0,,8,5,3
200512310HOU,RS,HOU,326.0,,8,6,2
200512310HOU,RS,HOU,326.0,,8,7,1
200512310HOU,RS,HOU,393.0,,10,7,3
200512310HOU,RS,HOU,393.0,,11,7,4
200512310HOU,RS,HOU,406.0,,11,8,3
200512310HOU,RS,HOU,406.0,,11,9,2
200512310HOU,RS,HOU,445.0,,13,9,4
200512310HOU,RS,HOU,513.0,,13,11,2
200512310HOU,RS,HOU,539.0,,15,11,4
200512310HOU,RS,HOU,563.0,,16,11,5
200512310HOU,RS,HOU,597.0,,16,12,4
200512310HOU,RS,HOU,597.0,,16,13,3
200512310HOU,RS,HOU,615.0,,18,13,5
200512310HOU,RS,HOU,631.0,,18,15,3
200512310HOU,RS,HOU,631.0,,18,16,2
200512310HOU,RS,HOU,652.0,,21,16,5
200512310HOU,RS,HOU,684.4,,22,16,6
200512310HOU,RS,HOU,684.4,,23,16,7
200512310HOU,RS,HOU,702.2,,23,18,5
200512310HOU,RS,HOU,742.0,,25,18,7
200512310HOU,RS,HOU,760.0,,25,19,6
200512310HOU,RS,HOU,796.0,,25,22,3
200512310HOU,RS,HOU,816.0,,28,22,6
200512310HOU,RS,HOU,860.0,,31,22,9
200512310HOU,RS,HOU,886.0,,31,24,7
200512310HOU,RS,HOU,911.0,,33,24,9
200512310HOU,RS,HOU,955.0,,35,24,11
200512310HOU,RS,HOU,962.0,,35,26,9
200512310HOU,RS,HOU,1032.0,,35,28,7
200512310HOU,RS,HOU,1048.0,,36,28,8
200512310HOU,RS,HOU,1048.0,,37,28,9
200512310HOU,RS,HOU,1070.0,,37,31,6
200512310HOU,RS,HOU,1118.0,,38,31,7
200512310HOU,RS,HOU,1118.0,,39,31,8
200512310HOU,RS,HOU,1130.0,,39,33,6
200512310HOU,RS,HOU,1159.0,,39,35,4
200512310HOU,RS,HOU,1184.0,,41,35,6
200512310HOU,RS,HOU,1208.0,,43,35,8
200512310HOU,RS,HOU,1226.0,,43,37,6
200512310HOU,RS,HOU,1226.0,,43,38,5
200512310HOU,RS,HOU,1259.0,,45,38,7
200512310HOU,RS,HOU,1284.0,,45,40,5
200512310HOU,RS,HOU,1311.0,,45,42,3
200512310HOU,RS,HOU,1369.0,,45,44,1
200512310HOU,RS,HOU,1385.5,,47,44,3
200512310HOU,RS,HOU,1439.9,,49,44,5
200512310HOU,RS,HOU,1465.0,,51,44,7
200512310HOU,RS,HOU,1500.0,,54,44,10
200512310HOU,RS,HOU,1571.0,,55,44,11
200512310HOU,RS,HOU,1571.0,,56,44,12
200512310HOU,RS,HOU,1593.0,,56,46,10
200512310HOU,RS,HOU,1645.0,,59,46,13
200512310HOU,RS,HOU,1669.0,,59,48,11
200512310HOU,RS,HOU,1692.0,,62,48,14
200512310HOU,RS,HOU,1723.0,,64,48,16
200512310HOU,RS,HOU,1741.0,,64,50,14
200512310HOU,RS,HOU,1786.0,,64,52,12
200512310HOU,RS,HOU,1832.0,,66,52,14
200512310HOU,RS,HOU,1860.0,,67,52,15
200512310HOU,RS,HOU,1881.0,,67,54,13
200512310HOU,RS,HOU,1881.0,,67,55,12
200512310HOU,RS,HOU,1889.0,,68,55,13
200512310HOU,RS,HOU,1916.0,,69,55,14
200512310HOU,RS,HOU,1916.0,,70,55,15
200512310HOU,RS,HOU,1927.0,,70,57,13
200512310HOU,RS,HOU,1966.0,,70,59,11
200512310HOU,RS,HOU,1990.0,,71,59,12
200512310HOU,RS,HOU,2002.0,,72,59,13
200512310HOU,RS,HOU,2021.0,,72,61,11
200512310HOU,RS,HOU,2048.0,,72,63,9
200512310HOU,RS,HOU,2082.0,,72,66,6
200512310HOU,RS,HOU,2124.0,,74,66,8
200512310HOU,RS,HOU,2173.0,,74,67,7
200512310HOU,RS,HOU,2204.0,,74,68,6
200512310HOU,RS,HOU,2204.0,,74,69,5
200512310HOU,RS,HOU,2253.0,,74,71,3
200512310HOU,RS,HOU,2453.0,,76,71,5
200512310HOU,RS,HOU,2521.0,,76,73,3
200512310HOU,RS,HOU,2535.0,,77,73,4
200512310HOU,RS,HOU,2551.0,,78,73,5
200512310HOU,RS,HOU,2551.0,,79,73,6
200512310HOU,RS,HOU,2564.0,,81,73,8
200512310HOU,RS,HOU,2598.0,,83,73,10
200512310HOU,RS,HOU,2611.0,,83,74,9
200512310HOU,RS,HOU,2633.0,,85,74,11
200512310HOU,RS,HOU,2685.0,,87,74,13
200512310HOU,RS,HOU,2699.0,,87,76,11
200512310HOU,RS,HOU,2717.0,,88,76,12
200512310HOU,RS,HOU,2726.0,,88,77,11
200512310HOU,RS,HOU,2726.0,,88,78,10
200512310HOU,RS,HOU,2759.0,,88,80,8
200512310HOU,RS,HOU,2783.0,,90,80,10
200512310HOU,RS,HOU,2794.0,,90,83,7
200512310HOU,RS,HOU,2828.5,,90,86,4
200512310HOU,RS,HOU,2861.6,,90,87,3
200512310HOU,RS,HOU,2861.6,,90,88,2
200512310HOU,RS,HOU,2861.6,,90,89,1
200512310HOU,RS,HOU,2865.6,,91,89,2
200512310HOU,RS,HOU,2865.6,,92,89,3
200512310HOU,RS,HOU,2878.7,,93,89,4
200512310HOU,RS,HOU,2878.7,F,94,89,5
200512310HOU,RS,HOU,2880.0,,94,89,5
200601030MEM,RS,MEM,0.0,,0,0,0
200601030MEM,RS,MEM,79.0,,0,2,-2
200601030MEM,RS,MEM,138.0,,0,4,-4
200601030MEM,RS,MEM,170.0,,0,6,-6
200601030MEM,RS,MEM,194.0,,2,6,-4
200601030MEM,RS,MEM,214.0,,2,7,-5
200601030MEM,RS,MEM,219.0,,2,8,-6
200601030MEM,RS,MEM,219.0,,2,9,-7
200601030MEM,RS,MEM,231.0,,4,9,-5
200601030MEM,RS,MEM,264.0,,4,11,-7
200601030MEM,RS,MEM,283.0,,6,11,-5
200601030MEM,RS,MEM,283.0,,7,11,-4
200601030MEM,RS,MEM,300.0,,7,12,-5
200601030MEM,RS,MEM,300.0,,7,13,-6
200601030MEM,RS,MEM,326.0,,7,15,-8
200601030MEM,RS,MEM,342.0,,7,17,-10
200601030MEM,RS,MEM,398.0,,9,17,-8
200601030MEM,RS,MEM,440.0,,11,17,-6
200601030MEM,RS,MEM,456.0,,11,20,-9
200601030MEM,RS,MEM,502.0,,13,20,-7
200601030MEM,RS,MEM,524.0,,13,21,-8
200601030MEM,RS,MEM,572.0,,13,23,-10
200601030MEM,RS,MEM,644.0,,13,25,-12
200601030MEM,RS,MEM,662.9,,15,25,-10
200601030MEM,RS,MEM,719.9,,17,25,-8
200601030MEM,RS,MEM,773.0,,17,27,-10
200601030MEM,RS,MEM,787.0,,18,27,-9
200601030MEM,RS,MEM,787.0,,19,27,-8
200601030MEM,RS,MEM,795.0,,19,29,-10
200601030MEM,RS,MEM,795.0,,19,30,-11
200601030MEM,RS,MEM,821.0,,19,32,-13
200601030MEM,RS,MEM,841.0,,21,32,-11
200601030MEM,RS,MEM,866.0,,24,32,-8
200601030MEM,RS,MEM,919.0,,26,32,-6
200601030MEM,RS,MEM,947.0,,28,32,-4
200601030MEM,RS,MEM,947.0,,29,32,-3
200601030MEM,RS,MEM,965.0,,29,34,-5
200601030MEM,RS,MEM,992.0,,29,36,-7
200601030MEM,RS,MEM,1017.0,,31,36,-5
200601030MEM,RS,MEM,1040.0,,31,38,-7
200601030MEM,RS,MEM,1040.0,,31,39,-8
200601030MEM,RS,MEM,1072.0,,31,42,-11
200601030MEM,RS,MEM,1089.0,,33,42,-9
200601030MEM,RS,MEM,1106.0,,33,43,-10
200601030MEM,RS,MEM,1106.0,,33,44,-11
200601030MEM,RS,MEM,1134.0,,33,46,-13
200601030MEM,RS,MEM,1177.0,,35,46,-11
200601030MEM,RS,MEM,1197.0,,35,48,-13
200601030MEM,RS,MEM,1197.0,,35,49,-14
200601030MEM,RS,MEM,1271.0,,35,52,-17
200601030MEM,RS,MEM,1285.0,,37,52,-15
200601030MEM,RS,MEM,1307.0,,37,54,-17
200601030MEM,RS,MEM,1322.0,,40,54,-14
200601030MEM,RS,MEM,1339.0,,40,57,-17
200601030MEM,RS,MEM,1354.0,,40,58,-18
200601030MEM,RS,MEM,1354.0,,40,59,-19
200601030MEM,RS,MEM,1381.4,,42,59,-17
200601030MEM,RS,MEM,1438.3,,42,62,-20
200601030MEM,RS,MEM,1451.0,,43,62,-19
200601030MEM,RS,MEM,1472.0,,43,64,-21
200601030MEM,RS,MEM,1505.0,,43,66,-23
200601030MEM,RS,MEM,1517.0,,45,66,-21
200601030MEM,RS,MEM,1542.0,,45,68,-23
200601030MEM,RS,MEM,1599.0,,47,68,-21
200601030MEM,RS,MEM,1626.0,,47,70,-23
200601030MEM,RS,MEM,1646.0,,49,70,-21
200601030MEM,RS,MEM,1736.0,,49,73,-24
200601030MEM,RS,MEM,1795.0,,51,73,-22
200601030MEM,RS,MEM,1843.0,,51,75,-24
200601030MEM,RS,MEM,1895.0,,53,75,-22
200601030MEM,RS,MEM,1919.0,,53,78,-25
200601030MEM,RS,MEM,1972.0,,55,78,-23
200601030MEM,RS,MEM,2008.0,,57,78,-21
200601030MEM,RS,MEM,2032.0,,59,78,-19
200601030MEM,RS,MEM,2066.0,,61,78,-17
200601030MEM,RS,MEM,2100.0,,64,78,-14
200601030MEM,RS,MEM,2118.6,,64,79,-15
200601030MEM,RS,MEM,2118.6,,64,80,-16
200601030MEM,RS,MEM,2140.4,,66,80,-14
200601030MEM,RS,MEM,2157.7,,66,81,-15
200601030MEM,RS,MEM,2158.9,,66,82,-16
200601030MEM,RS,MEM,2175.0,,66,83,-17
200601030MEM,RS,MEM,2175.0,,66,84,-18
200601030MEM,RS,MEM,2231.0,,66,86,-20
200601030MEM,RS,MEM,2278.0,,69,86,-17
200601030MEM,RS,MEM,2294.0,,69,88,-19
200601030MEM,RS,MEM,2319.0,,71,88,-17
200601030MEM,RS,MEM,2336.0,,71,89,-18
200601030MEM,RS,MEM,2346.0,,73,89,-16
200601030MEM,RS,MEM,2366.0,,73,91,-18
200601030MEM,RS,MEM,2409.0,,73,92,-19
200601030MEM,RS,MEM,2409.0,,73,93,-20
200601030MEM,RS,MEM,2422.0,,75,93,-18
200601030MEM,RS,MEM,2446.0,,75,95,-20
200601030MEM,RS,MEM,2484.0,,76,95,-19
200601030MEM,RS,MEM,2525.0,,76,96,-20
200601030MEM,RS,MEM,2538.0,,79,96,-17
200601030MEM,RS,MEM,2566.0,,82,96,-14
200601030MEM,RS,MEM,2637.0,,84,96,-12
200601030MEM,RS,MEM,2661.0,,84,98,-14
200601030MEM,RS,MEM,2674.0,,85,98,-13
200601030MEM,RS,MEM,2674.0,,86,98,-12
200601030MEM,RS,MEM,2739.0,,87,98,-11
200601030MEM,RS,MEM,2739.0,,88,98,-10
200601030MEM,RS,MEM,2790.0,,88,100,-12
200601030MEM,RS,MEM,2797.0,,91,100,-9
200601030MEM,RS,MEM,2835.2,,91,101,-10
200601030MEM,RS,MEM,2835.2,,91,102,-11
200601030MEM,RS,MEM,2841.3,,91,103,-12
200601030MEM,RS,MEM,2841.3,,91,104,-13
200601030MEM,RS,MEM,2878.7,F,94,104,-10
200601030MEM,RS,MEM,2880.0,,94,104,-10
200601050GSW,RS,IND,0.0,,0,0,0
200601050GSW,RS,IND,13.0,,1,0,1
200601050GSW,RS,IND,27.0,LC,1,2,-1
200601050GSW,RS,IND,66.0,,1,4,-3
200601050GSW,RS,IND,76.0,,3,4,-1
200601050GSW,RS,IND,97.0,,3,6,-3
200601050GSW,RS,IND,109.0,,5,6,-1
200601050GSW,RS,IND,122.0,,5,7,-2
200601050GSW,RS,IND,178.0,,5,9,-4
200601050GSW,RS,IND,214.0,,5,11,-6
200601050GSW,RS,IND,250.0,,5,13,-8
200601050GSW,RS,IND,256.0,,7,13,-6
200601050GSW,RS,IND,315.0,,7,16,-9
200601050GSW,RS,IND,398.0,,7,18,-11
200601050GSW,RS,IND,459.0,,9,18,-9
200601050GSW,RS,IND,470.0,,9,20,-11
200601050GSW,RS,IND,508.0,,11,20,-9
200601050GSW,RS,IND,524.0,,11,21,-10
200601050GSW,RS,IND,540.0,,11,24,-13
200601050GSW,RS,IND,556.0,,12,24,-12
200601050GSW,RS,IND,605.0,,12,26,-14
200601050GSW,RS,IND,650.0,,12,29,-17
200601050GSW,RS,IND,679.5,,12,30,-18
200601050GSW,RS,IND,679.5,,12,31,-19
200601050GSW,RS,IND,686.8,,14,31,-17
200601050GSW,RS,IND,698.8,,14,34,-20
200601050GSW,RS,IND,854.0,,16,34,-18
200601050GSW,RS,IND,902.0,,16,35,-19
200601050GSW,RS,IND,902.0,,16,36,-20
200601050GSW,RS,IND,936.0,,16,38,-22
200601050GSW,RS,IND,943.0,,17,38,-21
200601050GSW,RS,IND,943.0,,18,38,-20
200601050GSW,RS,IND,969.0,,20,38,-18
200601050GSW,RS,IND,985.0,,20,40,-20
200601050GSW,RS,IND,1013.0,,22,40,-18
200601050GSW,RS,IND,1039.0,,24,40,-16
200601050GSW,RS,IND,1039.0,,25,40,-15
200601050GSW,RS,IND,1086.0,,28,40,-12
200601050GSW,RS,IND,1112.0,,28,43,-15
200601050GSW,RS,IND,1148.0,,28,45,-17
200601050GSW,RS,IND,1164.0,,30,45,-15
200601050GSW,RS,IND,1202.0,,30,47,-17
200601050GSW,RS,IND,1237.0,,30,48,-18
200601050GSW,RS,IND,1237.0,,30,49,-19
200601050GSW,RS,IND,1251.0,,32,49,-17
200601050GSW,RS,IND,1268.0,,32,50,-18
200601050GSW,RS,IND,1268.0,,32,51,-19
200601050GSW,RS,IND,1326.0,,32,53,-21
200601050GSW,RS,IND,1345.0,,34,53,-19
200601050GSW,RS,IND,1364.0,,34,54,-20
200601050GSW,RS,IND,1364.0,,34,55,-21
200601050GSW,RS,IND,1375.0,,35,55,-20
200601050GSW,RS,IND,1375.0,,36,55,-19
200601050GSW,RS,IND,1388.0,,37,55,-18
200601050GSW,RS,IND,1410.1,,38,55,-17
200601050GSW,RS,IND,1410.1,,39,55,-16
200601050GSW,RS,IND,1419.6,,39,56,-17
200601050GSW,RS,IND,1438.9,,41,56,-15
200601050GSW,RS,IND,1475.0,,43,56,-13
200601050GSW,RS,IND,1503.0,,43,58,-15
200601050GSW,RS,IND,1523.0,,45,58,-13
200601050GSW,RS,IND,1601.0,,47,58,-11
200601050GSW,RS,IND,1640.0,,47,60,-13
200601050GSW,RS,IND,1665.0,,47,62,-15
200601050GSW,RS,IND,1685.0,,49,62,-13
200601050GSW,RS,IND,1733.0,,50,62,-12
200601050GSW,RS,IND,1735.0,,52,62,-10
200601050GSW,RS,IND,1784.0,,52,64,-12
200601050GSW,RS,IND,1797.0,,54,64,-10
200601050GSW,RS,IND,1863.0,,54,66,-12
200601050GSW,RS,IND,1895.0,,57,66,-9
200601050GSW,RS,IND,1909.0,,57,67,-10
200601050GSW,RS,IND,1909.0,,57,68,-11
200601050GSW,RS,IND,1924.0,,58,68,-10
200601050GSW,RS,IND,1951.0,,60,68,-8
200601050GSW,RS,IND,1973.0,,60,69,-9
200601050GSW,RS,IND,1973.0,,60,70,-10
200601050GSW,RS,IND,2014.0,,60,73,-13
200601050GSW,RS,IND,2077.0,,62,73,-11
200601050GSW,RS,IND,2159.1,,64,73,-9
200601050GSW,RS,IND,2181.0,,66,73,-7
200601050GSW,RS,IND,2208.0,,66,75,-9
200601050GSW,RS,IND,2260.0,,68,75,-7
200601050GSW,RS,IND,2284.0,,68,78,-10
200601050GSW,RS,IND,2335.0,,70,78,-8
200601050GSW,RS,IND,2358.0,,70,81,-11
200601050GSW,RS,IND,2377.0,,71,81,-10
200601050GSW,RS,IND,2377.0,,72,81,-9
200601050GSW,RS,IND,2441.0,,75,81,-6
200601050GSW,RS,IND,2465.0,,75,83,-8
200601050GSW,RS,IND,2517.0,,77,83,-6
200601050GSW,RS,IND,2543.0,,77,85,-8
200601050GSW,RS,IND,2558.0,,79,85,-6
200601050GSW,RS,IND,2581.0,,79,87,-8
200601050GSW,RS,IND,2598.0,,81,87,-6
200601050GSW,RS,IND,2611.0,,81,88,-7
200601050GSW,RS,IND,2611.0,,81,89,-8
200601050GSW,RS,IND,2629.0,,82,89,-7
200601050GSW,RS,IND,2629.0,,83,89,-6
200601050GSW,RS,IND,2682.0,,83,91,-8
200601050GSW,RS,IND,2702.0,,85,91,-6
200601050GSW,RS,IND,2739.0,,86,91,-5
200601050GSW,RS,IND,2739.0,,87,91,-4
200601050GSW,RS,IND,2774.0,,88,91,-3
200601050GSW,RS,IND,2774.0,,89,91,-2
200601050GSW,RS,IND,2814.0,,89,93,-4
200601050GSW,RS,IND,2831.3,,89,94,-5
200601050GSW,RS,IND,2831.3,,89,95,-6
200601050GSW,RS,IND,2847.7,,89,97,-8
200601050GSW,RS,IND,2855.4,,89,98,-9
200601050GSW,RS,IND,2855.4,F,89,99,-10
200601050GSW,RS,IND,2880.0,,89,99,-10
200601110GSW,RS,MIA,0.0,,0,0,0
200601110GSW,RS,MIA,33.0,,0,2,-2
200601110GSW,RS,MIA,65.0,,0,5,-5
200601110GSW,RS,MIA,89.0,,2,5,-3
200601110GSW,RS,MIA,110.0,,2,7,-5
200601110GSW,RS,MIA,139.0,,5,7,-2
200601110GSW,RS,MIA,157.0,,5,8,-3
200601110GSW,RS,MIA,173.0,,6,8,-2
200601110GSW,RS,MIA,173.0,,7,8,-1
200601110GSW,RS,MIA,212.0,,7,10,-3
200601110GSW,RS,MIA,237.0,,9,10,-1
200601110GSW,RS,MIA,316.0,,9,12,-3
200601110GSW,RS,MIA,328.0,T,12,12,0
200601110GSW,RS,MIA,345.0,LC,14,12,2
200601110GSW,RS,MIA,374.0,,16,12,4
200601110GSW,RS,MIA,388.0,,16,14,2
200601110GSW,RS,MIA,415.0,T,16,16,0
200601110GSW,RS,MIA,434.0,,17,16,1
200601110GSW,RS,MIA,458.0,LC,17,18,-1
200601110GSW,RS,MIA,470.0,LC,19,18,1
200601110GSW,RS,MIA,489.0,LC,19,20,-1
200601110GSW,RS,MIA,500.0,LC,21,20,1
200601110GSW,RS,MIA,582.0,,23,20,3
200601110GSW,RS,MIA,582.0,,24,20,4
200601110GSW,RS,MIA,626.0,,24,22,2
200601110GSW,RS,MIA,657.0,T,24,24,0
200601110GSW,RS,MIA,675.6,,26,24,2
200601110GSW,RS,MIA,719.1,T,26,26,0
200601110GSW,RS,MIA,751.0,,29,26,3
200601110GSW,RS,MIA,774.0,,29,28,1
200601110GSW,RS,MIA,805.0,LC,29,30,-1
200601110GSW,RS,MIA,871.0,,29,32,-3
200601110GSW,RS,MIA,886.0,,30,32,-2
200601110GSW,RS,MIA,939.0,,30,34,-4
200601110GSW,RS,MIA,967.0,,32,34,-2
200601110GSW,RS,MIA,993.0,,32,36,-4
200601110GSW,RS,MIA,1015.0,,32,39,-7
200601110GSW,RS,MIA,1065.0,,32,42,-10
200601110GSW,RS,MIA,1084.0,,34,42,-8
200601110GSW,RS,MIA,1106.0,,34,44,-10
200601110GSW,RS,MIA,1133.0,,37,44,-7
200601110GSW,RS,MIA,1167.0,,39,44,-5
200601110GSW,RS,MIA,1232.0,,39,46,-7
200601110GSW,RS,MIA,1248.0,,41,46,-5
200601110GSW,RS,MIA,1261.0,,41,49,-8
200601110GSW,RS,MIA,1317.0,,41,51,-10
200601110GSW,RS,MIA,1351.0,,41,53,-12
200601110GSW,RS,MIA,1432.4,,42,53,-11
200601110GSW,RS,MIA,1432.4,,43,53,-10
200601110GSW,RS,MIA,1478.0,,43,55,-12
200601110GSW,RS,MIA,1516.0,,43,56,-13
200601110GSW,RS,MIA,1516.0,,43,57,-14
200601110GSW,RS,MIA,1537.0,,46,57,-11
200601110GSW,RS,MIA,1583.0,,48,57,-9
200601110GSW,RS,MIA,1606.0,,48,59,-11
200601110GSW,RS,MIA,1639.0,,50,59,-9
200601110GSW,RS,MIA,1663.0,,50,61,-11
200601110GSW,RS,MIA,1682.0,,53,61,-8
200601110GSW,RS,MIA,1696.0,,53,63,-10
200601110GSW,RS,MIA,1721.0,,55,63,-8
200601110GSW,RS,MIA,1780.0,,57,63,-6
200601110GSW,RS,MIA,1780.0,,58,63,-5
200601110GSW,RS,MIA,1797.0,,58,64,-6
200601110GSW,RS,MIA,1797.0,,58,65,-7
200601110GSW,RS,MIA,1810.0,,59,65,-6
200601110GSW,RS,MIA,1810.0,,60,65,-5
200601110GSW,RS,MIA,1829.0,,60,67,-7
200601110GSW,RS,MIA,1855.0,,60,69,-9
200601110GSW,RS,MIA,1901.0,,60,72,-12
200601110GSW,RS,MIA,1920.0,,60,73,-13
200601110GSW,RS,MIA,1941.0,,61,73,-12
200601110GSW,RS,MIA,1941.0,,62,73,-11
200601110GSW,RS,MIA,1956.0,,62,75,-13
200601110GSW,RS,MIA,1989.0,,62,76,-14
200601110GSW,RS,MIA,1989.0,,62,77,-15
200601110GSW,RS,MIA,2046.0,,62,79,-17
200601110GSW,RS,MIA,2064.0,,63,79,-16
200601110GSW,RS,MIA,2080.0,,63,82,-19
200601110GSW,RS,MIA,2094.0,,65,82,-17
200601110GSW,RS,MIA,2129.1,,67,82,-15
200601110GSW,RS,MIA,2224.0,,69,82,-13
200601110GSW,RS,MIA,2280.0,,69,84,-15
200601110GSW,RS,MIA,2313.0,,69,87,-18
200601110GSW,RS,MIA,2330.0,,72,87,-15
200601110GSW,RS,MIA,2382.0,,72,89,-17
200601110GSW,RS,MIA,2409.0,,72,91,-19
200601110GSW,RS,MIA,2423.0,,74,91,-17
200601110GSW,RS,MIA,2443.0,,74,93,-19
200601110GSW,RS,MIA,2465.0,,76,93,-17
200601110GSW,RS,MIA,2482.0,,78,93,-15
200601110GSW,RS,MIA,2482.0,,79,93,-14
200601110GSW,RS,MIA,2504.0,,79,95,-16
200601110GSW,RS,MIA,2528.0,,82,95,-13
200601110GSW,RS,MIA,2551.0,,82,98,-16
200601110GSW,RS,MIA,2570.0,,83,98,-15
200601110GSW,RS,MIA,2570.0,,84,98,-14
200601110GSW,RS,MIA,2599.0,,84,100,-16
200601110GSW,RS,MIA,2637.0,,86,100,-14
200601110GSW,RS,MIA,2684.0,,86,103,-17
200601110GSW,RS,MIA,2700.0,,87,103,-16
200601110GSW,RS,MIA,2700.0,,88,103,-15
200601110GSW,RS,MIA,2700.0,,89,103,-14
200601110GSW,RS,MIA,2745.0,,91,103,-12
200601110GSW,RS,MIA,2763.0,,91,105,-14
200601110GSW,RS,MIA,2786.0,,92,105,-13
200601110GSW,RS,MIA,2786.0,,93,105,-12
200601110GSW,RS,MIA,2802.0,,93,107,-14
200601110GSW,RS,MIA,2808.0,,96,107,-11
200601110GSW,RS,MIA,2822.2,F,96,110,-14
200601110GSW,RS,MIA,2880.0,,96,110,-14
200601120PHO,RS,PHO,0.0,,0,0,0
200601120PHO,RS,PHO,38.0,,0,2,-2
200601120PHO,RS,PHO,69.0,,0,4,-4
200601120PHO,RS,PHO,103.0,,0,5,-5
200601120PHO,RS,PHO,103.0,,0,6,-6
200601120PHO,RS,PHO,129.0,,0,9,-9
200601120PHO,RS,PHO,160.0,,2,9,-7
200601120PHO,RS,PHO,177.0,,2,11,-9
200601120PHO,RS,PHO,191.0,,4,11,-7
200601120PHO,RS,PHO,198.0,,4,13,-9
200601120PHO,RS,PHO,210.0,,6,13,-7
200601120PHO,RS,PHO,232.0,,7,13,-6
200601120PHO,RS,PHO,232.0,,8,13,-5
200601120PHO,RS,PHO,273.0,,8,15,-7
200601120PHO,RS,PHO,289.0,,8,17,-9
200601120PHO,RS,PHO,324.0,,8,20,-12
200601120PHO,RS,PHO,358.0,,10,20,-10
200601120PHO,RS,PHO,408.0,,10,22,-12
200601120PHO,RS,PHO,447.0,,12,22,-10
200601120PHO,RS,PHO,458.0,,12,25,-13
200601120PHO,RS,PHO,503.0,,12,27,-15
200601120PHO,RS,PHO,534.0,,14,27,-13
200601120PHO,RS,PHO,553.0,,15,27,-12
200601120PHO,RS,PHO,592.0,,17,27,-10
200601120PHO,RS,PHO,614.0,,18,27,-9
200601120PHO,RS,PHO,669.0,,18,29,-11
200601120PHO,RS,PHO,697.6,,20,29,-9
200601120PHO,RS,PHO,719.9,,22,29,-7
200601120PHO,RS,PHO,734.0,,24,29,-5
200601120PHO,RS,PHO,747.0,,24,31,-7
200601120PHO,RS,PHO,774.0,,24,33,-9
200601120PHO,RS,PHO,798.0,,24,35,-11
200601120PHO,RS,PHO,805.0,,25,35,-10
200601120PHO,RS,PHO,805.0,,26,35,-9
200601120PHO,RS,PHO,817.0,,26,38,-12
200601120PHO,RS,PHO,829.0,,28,38,-10
200601120PHO,RS,PHO,840.0,,28,40,-12
200601120PHO,RS,PHO,862.0,,30,40,-10
200601120PHO,RS,PHO,876.0,,30,41,-11
200601120PHO,RS,PHO,876.0,,30,42,-12
200601120PHO,RS,PHO,893.0,,31,42,-11
200601120PHO,RS,PHO,893.0,,32,42,-10
200601120PHO,RS,PHO,920.0,,32,44,-12
200601120PHO,RS,PHO,933.0,,34,44,-10
200601120PHO,RS,PHO,942.0,,34,47,-13
200601120PHO,RS,PHO,961.0,,36,47,-11
200601120PHO,RS,PHO,975.0,,36,49,-13
200601120PHO,RS,PHO,1007.0,,37,49,-12
200601120PHO,RS,PHO,1007.0,,38,49,-11
200601120PHO,RS,PHO,1039.0,,38,51,-13
200601120PHO,RS,PHO,1057.0,,41,51,-10
200601120PHO,RS,PHO,1081.0,,43,51,-8
200601120PHO,RS,PHO,1092.0,,43,53,-10
200601120PHO,RS,PHO,1101.0,,45,53,-8
200601120PHO,RS,PHO,1110.0,,45,56,-11
200601120PHO,RS,PHO,1135.0,,45,57,-12
200601120PHO,RS,PHO,1151.0,,48,57,-9
200601120PHO,RS,PHO,1166.0,,48,59,-11
200601120PHO,RS,PHO,1206.0,,50,59,-9
200601120PHO,RS,PHO,1217.0,,50,62,-12
200601120PHO,RS,PHO,1249.0,,52,62,-10
200601120PHO,RS,PHO,1373.0,,52,63,-11
200601120PHO,RS,PHO,1373.0,,52,64,-12
200601120PHO,RS,PHO,1402.3,,54,64,-10
200601120PHO,RS,PHO,1476.0,,57,64,-7
200601120PHO,RS,PHO,1490.0,,57,67,-10
200601120PHO,RS,PHO,1521.0,,57,69,-12
200601120PHO,RS,PHO,1586.0,,57,71,-14
200601120PHO,RS,PHO,1611.0,,57,74,-17
200601120PHO,RS,PHO,1656.0,,59,74,-15
200601120PHO,RS,PHO,1668.0,,59,76,-17
200601120PHO,RS,PHO,1751.0,,59,78,-19
200601120PHO,RS,PHO,1784.0,,60,78,-18
200601120PHO,RS,PHO,1814.0,,62,78,-16
200601120PHO,RS,PHO,1839.0,,62,79,-17
200601120PHO,RS,PHO,1839.0,,62,80,-18
200601120PHO,RS,PHO,1851.0,,65,80,-15
200601120PHO,RS,PHO,1867.0,,65,83,-18
200601120PHO,RS,PHO,1881.0,,67,83,-16
200601120PHO,RS,PHO,1907.0,,67,85,-18
200601120PHO,RS,PHO,1981.0,,70,85,-15
200601120PHO,RS,PHO,2004.0,,70,88,-18
200601120PHO,RS,PHO,2073.0,,70,90,-20
200601120PHO,RS,PHO,2103.1,,70,92,-22
200601120PHO,RS,PHO,2118.3,,72,92,-20
200601120PHO,RS,PHO,2159.7,,73,92,-19
200601120PHO,RS,PHO,2191.0,,75,92,-17
200601120PHO,RS,PHO,2205.0,,75,95,-20
200601120PHO,RS,PHO,2234.0,,75,97,-22
200601120PHO,RS,PHO,2289.0,,77,97,-20
200601120PHO,RS,PHO,2389.0,,77,98,-21
200601120PHO,RS,PHO,2389.0,,77,99,-22
200601120PHO,RS,PHO,2443.0,,80,99,-19
200601120PHO,RS,PHO,2491.0,,82,99,-17
200601120PHO,RS,PHO,2519.0,,85,99,-14
200601120PHO,RS,PHO,2533.0,,85,101,-16
200601120PHO,RS,PHO,2546.0,,87,101,-14
200601120PHO,RS,PHO,2567.0,,87,103,-16
200601120PHO,RS,PHO,2613.0,,87,105,-18
200601120PHO,RS,PHO,2634.0,,89,105,-16
200601120PHO,RS,PHO,2634.0,,90,105,-15
200601120PHO,RS,PHO,2648.0,,90,107,-17
200601120PHO,RS,PHO,2674.0,,92,107,-15
200601120PHO,RS,PHO,2697.0,,92,109,-17
200601120PHO,RS,PHO,2769.0,,95,109,-14
200601120PHO,RS,PHO,2788.0,,97,109,-12
200601120PHO,RS,PHO,2824.6,,99,109,-10
200601120PHO,RS,PHO,2874.7,F,99,112,-13
200601120PHO,RS,PHO,2880.0,,99,112,-13
200601140GSW,RS,LAL,0.0,,0,0,0
200601140GSW,RS,LAL,31.0,,0,2,-2
200601140GSW,RS,LAL,44.0,,1,2,-1
200601140GSW,RS,LAL,58.0,,1,4,-3
200601140GSW,RS,LAL,111.0,,1,6,-5
200601140GSW,RS,LAL,121.0,,3,6,-3
200601140GSW,RS,LAL,199.0,,3,8,-5
200601140GSW,RS,LAL,215.0,,5,8,-3
200601140GSW,RS,LAL,235.0,,5,10,-5
200601140GSW,RS,LAL,252.0,,8,10,-2
200601140GSW,RS,LAL,277.0,,8,12,-4
200601140GSW,RS,LAL,290.0,,11,12,-1
200601140GSW,RS,LAL,302.0,,11,14,-3
200601140GSW,RS,LAL,338.0,,11,16,-5
200601140GSW,RS,LAL,372.0,,14,16,-2
200601140GSW,RS,LAL,408.0,T,16,16,0
200601140GSW,RS,LAL,429.0,,16,18,-2
200601140GSW,RS,LAL,463.0,,16,20,-4
200601140GSW,RS,LAL,488.0,,16,22,-6
200601140GSW,RS,LAL,500.0,,19,22,-3
200601140GSW,RS,LAL,520.0,,19,25,-6
200601140GSW,RS,LAL,553.0,,21,25,-4
200601140GSW,RS,LAL,569.0,,21,28,-7
200601140GSW,RS,LAL,590.0,,23,28,-5
200601140GSW,RS,LAL,601.0,,23,29,-6
200601140GSW,RS,LAL,601.0,,23,30,-7
200601140GSW,RS,LAL,622.0,,25,30,-5
200601140GSW,RS,LAL,643.0,,25,32,-7
200601140GSW,RS,LAL,688.0,,25,33,-8
200601140GSW,RS,LAL,688.0,,25,34,-9
200601140GSW,RS,LAL,718.1,,28,34,-6
200601140GSW,RS,LAL,775.0,,31,34,-3
200601140GSW,RS,LAL,844.0,,31,35,-4
200601140GSW,RS,LAL,844.0,,31,36,-5
200601140GSW,RS,LAL,864.0,,33,36,-3
200601140GSW,RS,LAL,883.0,,33,38,-5
200601140GSW,RS,LAL,890.0,,33,40,-7
200601140GSW,RS,LAL,915.0,,35,40,-5
200601140GSW,RS,LAL,962.0,,35,42,-7
200601140GSW,RS,LAL,978.0,,36,42,-6
200601140GSW,RS,LAL,978.0,,37,42,-5
200601140GSW,RS,LAL,1008.0,,39,42,-3
200601140GSW,RS,LAL,1026.0,,39,44,-5
200601140GSW,RS,LAL,1037.0,,41,44,-3
200601140GSW,RS,LAL,1055.0,,42,44,-2
200601140GSW,RS,LAL,1055.0,,43,44,-1
200601140GSW,RS,LAL,1157.0,LC,45,44,1
200601140GSW,RS,LAL,1183.0,,46,44,2
200601140GSW,RS,LAL,1183.0,,47,44,3
200601140GSW,RS,LAL,1196.0,,47,46,1
200601140GSW,RS,LAL,1218.0,,49,46,3
200601140GSW,RS,LAL,1239.0,,49,48,1
200601140GSW,RS,LAL,1262.0,,51,48,3
200601140GSW,RS,LAL,1277.0,,53,48,5
200601140GSW,RS,LAL,1299.0,,53,50,3
200601140GSW,RS,LAL,1299.0,,53,51,2
200601140GSW,RS,LAL,1336.0,,55,51,4
200601140GSW,RS,LAL,1359.0,,55,54,1
200601140GSW,RS,LAL,1380.0,,57,54,3
200601140GSW,RS,LAL,1388.9,,57,56,1
200601140GSW,RS,LAL,1411.1,LC,57,59,-2
200601140GSW,RS,LAL,1432.7,LC,60,59,1
200601140GSW,RS,LAL,1486.0,,62,59,3
200601140GSW,RS,LAL,1509.0,,62,61,1
200601140GSW,RS,LAL,1521.0,,64,61,3
200601140GSW,RS,LAL,1628.0,,64,63,1
200601140GSW,RS,LAL,1672.0,,66,63,3
200601140GSW,RS,LAL,1700.0,,66,65,1
200601140GSW,RS,LAL,1715.0,,68,65,3
200601140GSW,RS,LAL,1747.0,,68,67,1
200601140GSW,RS,LAL,1769.0,T,68,68,0
200601140GSW,RS,LAL,1769.0,LC,68,69,-1
200601140GSW,RS,LAL,1808.0,T,69,69,0
200601140GSW,RS,LAL,1822.0,,69,71,-2
200601140GSW,RS,LAL,1838.0,,69,73,-4
200601140GSW,RS,LAL,1869.0,,71,73,-2
200601140GSW,RS,LAL,1885.0,,71,74,-3
200601140GSW,RS,LAL,1885.0,,71,75,-4
200601140GSW,RS,LAL,1903.0,,73,75,-2
200601140GSW,RS,LAL,1944.0,,73,76,-3
200601140GSW,RS,LAL,1944.0,,73,77,-4
200601140GSW,RS,LAL,1971.0,,73,78,-5
200601140GSW,RS,LAL,1971.0,,73,79,-6
200601140GSW,RS,LAL,1982.0,,75,79,-4
200601140GSW,RS,LAL,2003.0,,77,79,-2
200601140GSW,RS,LAL,2032.0,LC,80,79,1
200601140GSW,RS,LAL,2058.0,LC,80,81,-1
200601140GSW,RS,LAL,2067.0,T,81,81,0
200601140GSW,RS,LAL,2091.0,LC,83,81,2
200601140GSW,RS,LAL,2138.9,LC,83,84,-1
200601140GSW,RS,LAL,2156.1,LC,85,84,1
200601140GSW,RS,LAL,2233.0,LC,85,86,-1
200601140GSW,RS,LAL,2281.0,,85,88,-3
200601140GSW,RS,LAL,2312.0,,87,88,-1
200601140GSW,RS,LAL,2373.0,,87,90,-3
200601140GSW,RS,LAL,2418.0,T,90,90,0
200601140GSW,RS,LAL,2446.0,,90,91,-1
200601140GSW,RS,LAL,2446.0,,90,92,-2
200601140GSW,RS,LAL,2456.0,,91,92,-1
200601140GSW,RS,LAL,2456.0,T,92,92,0
200601140GSW,RS,LAL,2467.0,,92,94,-2
200601140GSW,RS,LAL,2487.0,,92,97,-5
200601140GSW,RS,LAL,2511.0,,94,97,-3
200601140GSW,RS,LAL,2561.0,,96,97,-1
200601140GSW,RS,LAL,2574.0,,96,99,-3
200601140GSW,RS,LAL,2574.0,,96,100,-4
200601140GSW,RS,LAL,2614.0,,96,102,-6
200601140GSW,RS,LAL,2636.0,,97,102,-5
200601140GSW,RS,LAL,2654.0,,97,104,-7
200601140GSW,RS,LAL,2711.0,,100,104,-4
200601140GSW,RS,LAL,2737.0,,100,106,-6
200601140GSW,RS,LAL,2803.0,,100,108,-8
200601140GSW,RS,LAL,2815.0,,102,108,-6
200601140GSW,RS,LAL,2847.5,,104,108,-4
200601140GSW,RS,LAL,2877.0,,104,109,-5
200601140GSW,RS,LAL,2877.0,F,104,110,-6
200601140GSW,RS,LAL,2880.0,,104,110,-6
200601160GSW,RS,SEA,0.0,,0,0,0
200601160GSW,RS,SEA,35.0,,2,0,2
200601160GSW,RS,SEA,62.0,,3,0,3
200601160GSW,RS,SEA,97.0,,5,0,5
200601160GSW,RS,SEA,123.0,,7,0,7
200601160GSW,RS,SEA,156.0,,7,2,5
200601160GSW,RS,SEA,194.0,,7,4,3
200601160GSW,RS,SEA,230.0,T,7,7,0
200601160GSW,RS,SEA,247.0,,9,7,2
200601160GSW,RS,SEA,299.0,,11,7,4
200601160GSW,RS,SEA,315.0,,11,9,2
200601160GSW,RS,SEA,332.0,,14,9,5
200601160GSW,RS,SEA,358.0,,16,9,7
200601160GSW,RS,SEA,378.0,,18,9,9
200601160GSW,RS,SEA,403.0,,20,9,11
200601160GSW,RS,SEA,466.0,,20,11,9
200601160GSW,RS,SEA,485.0,,22,11,11
200601160GSW,RS,SEA,530.0,,22,13,9
200601160GSW,RS,SEA,546.0,,23,13,10
200601160GSW,RS,SEA,546.0,,24,13,11
200601160GSW,RS,SEA,556.0,,24,15,9
200601160GSW,RS,SEA,577.0,,27,15,12
200601160GSW,RS,SEA,645.0,,27,17,10
200601160GSW,RS,SEA,676.5,,27,18,9
200601160GSW,RS,SEA,676.5,,27,19,8
200601160GSW,RS,SEA,716.2,,27,21,6
200601160GSW,RS,SEA,741.0,,29,21,8
200601160GSW,RS,SEA,794.0,,29,22,7
200601160GSW,RS,SEA,831.0,,29,23,6
200601160GSW,RS,SEA,831.0,,29,24,5
200601160GSW,RS,SEA,871.0,,31,24,7
200601160GSW,RS,SEA,947.0,,33,24,9
200601160GSW,RS,SEA,976.0,,35,24,11
200601160GSW,RS,SEA,1008.0,,35,26,9
200601160GSW,RS,SEA,1053.0,,37,26,11
200601160GSW,RS,SEA,1073.0,,37,28,9
200601160GSW,RS,SEA,1089.0,,40,28,12
200601160GSW,RS,SEA,1114.0,,42,28,14
200601160GSW,RS,SEA,1134.0,,42,30,12
200601160GSW,RS,SEA,1165.0,,42,32,10
200601160GSW,RS,SEA,1197.0,,42,34,8
200601160GSW,RS,SEA,1224.0,,42,36,6
200601160GSW,RS,SEA,1277.0,,44,36,8
200601160GSW,RS,SEA,1288.0,,44,38,6
200601160GSW,RS,SEA,1320.0,,46,38,8
200601160GSW,RS,SEA,1320.0,,47,38,9
200601160GSW,RS,SEA,1347.0,,48,38,10
200601160GSW,RS,SEA,1369.0,,48,40,8
200601160GSW,RS,SEA,1383.1,,51,40,11
200601160GSW,RS,SEA,1404.6,,51,43,8
200601160GSW,RS,SEA,1414.4,,54,43,11
200601160GSW,RS,SEA,1428.3,,54,44,10
200601160GSW,RS,SEA,1428.3,,54,45,9
200601160GSW,RS,SEA,1428.3,,54,46,8
200601160GSW,RS,SEA,1438.5,,55,46,9
200601160GSW,RS,SEA,1484.0,,56,46,10
200601160GSW,RS,SEA,1498.0,,56,48,8
200601160GSW,RS,SEA,1516.0,,58,48,10
200601160GSW,RS,SEA,1539.0,,58,51,7
200601160GSW,RS,SEA,1554.0,,60,51,9
200601160GSW,RS,SEA,1570.0,,60,53,7
200601160GSW,RS,SEA,1605.0,,60,55,5
200601160GSW,RS,SEA,1622.0,,62,55,7
200601160GSW,RS,SEA,1679.0,,62,57,5
200601160GSW,RS,SEA,1692.0,,63,57,6
200601160GSW,RS,SEA,1692.0,,64,57,7
200601160GSW,RS,SEA,1725.0,,66,57,9
200601160GSW,RS,SEA,1725.0,,66,58,8
200601160GSW,RS,SEA,1738.0,,66,61,5
200601160GSW,RS,SEA,1750.0,,68,61,7
200601160GSW,RS,SEA,1750.0,,69,61,8
200601160GSW,RS,SEA,1783.0,,70,61,9
200601160GSW,RS,SEA,1819.0,,72,61,11
200601160GSW,RS,SEA,1836.0,,72,64,8
200601160GSW,RS,SEA,1866.0,,72,65,7
200601160GSW,RS,SEA,1879.0,,74,65,9
200601160GSW,RS,SEA,1906.0,,77,65,12
200601160GSW,RS,SEA,1931.0,,79,65,14
200601160GSW,RS,SEA,1953.0,,79,67,12
200601160GSW,RS,SEA,1978.0,,81,67,14
200601160GSW,RS,SEA,2019.0,,82,67,15
200601160GSW,RS,SEA,2019.0,,83,67,16
200601160GSW,RS,SEA,2105.3,,85,67,18
200601160GSW,RS,SEA,2122.5,,85,69,16
200601160GSW,RS,SEA,2175.0,,85,71,14
200601160GSW,RS,SEA,2244.0,,87,71,16
200601160GSW,RS,SEA,2265.0,,87,73,14
200601160GSW,RS,SEA,2313.0,,90,73,17
200601160GSW,RS,SEA,2333.0,,90,75,15
200601160GSW,RS,SEA,2375.0,,90,77,13
200601160GSW,RS,SEA,2414.0,,90,79,11
200601160GSW,RS,SEA,2466.0,,92,79,13
200601160GSW,RS,SEA,2515.0,,94,79,15
200601160GSW,RS,SEA,2542.0,,96,79,17
200601160GSW,RS,SEA,2568.0,,98,79,19
200601160GSW,RS,SEA,2596.0,,98,81,17
200601160GSW,RS,SEA,2604.0,,99,81,18
200601160GSW,RS,SEA,2604.0,,100,81,19
200601160GSW,RS,SEA,2617.0,,100,83,17
200601160GSW,RS,SEA,2683.0,,102,83,19
200601160GSW,RS,SEA,2691.0,,105,83,22
200601160GSW,RS,SEA,2714.0,,105,85,20
200601160GSW,RS,SEA,2757.0,,106,85,21
200601160GSW,RS,SEA,2798.0,,106,86,20
200601160GSW,RS,SEA,2798.0,,106,88,18
200601160GSW,RS,SEA,2816.0,,106,90,16
200601160GSW,RS,SEA,2831.1,,109,90,19
200601160GSW,RS,SEA,2844.1,,109,91,18
200601160GSW,RS,SEA,2860.5,F,109,93,16
200601160GSW,RS,SEA,2880.0,,109,93,16
200601200GSW,RS,CLE,0.0,,0,0,0
200601200GSW,RS,CLE,21.0,,0,2,-2
200601200GSW,RS,CLE,35.0,T,2,2,0
200601200GSW,RS,CLE,64.0,,2,4,-2
200601200GSW,RS,CLE,90.0,,2,6,-4
200601200GSW,RS,CLE,116.0,,2,8,-6
200601200GSW,RS,CLE,130.0,,3,8,-5
200601200GSW,RS,CLE,130.0,,4,8,-4
200601200GSW,RS,CLE,151.0,,6,8,-2
200601200GSW,RS,CLE,193.0,,7,8,-1
200601200GSW,RS,CLE,214.0,,7,10,-3
200601200GSW,RS,CLE,237.0,T,10,10,0
200601200GSW,RS,CLE,267.0,LC,13,10,3
200601200GSW,RS,CLE,316.0,,13,12,1
200601200GSW,RS,CLE,325.0,,15,12,3
200601200GSW,RS,CLE,325.0,,16,12,4
200601200GSW,RS,CLE,342.0,,16,14,2
200601200GSW,RS,CLE,409.0,,16,15,1
200601200GSW,RS,CLE,425.0,,18,15,3
200601200GSW,RS,CLE,440.0,,18,17,1
200601200GSW,RS,CLE,461.0,,20,17,3
200601200GSW,RS,CLE,479.0,,20,18,2
200601200GSW,RS,CLE,505.0,T,20,20,0
200601200GSW,RS,CLE,552.0,,21,20,1
200601200GSW,RS,CLE,552.0,,22,20,2
200601200GSW,RS,CLE,562.0,,22,21,1
200601200GSW,RS,CLE,562.0,T,22,22,0
200601200GSW,RS,CLE,580.0,,24,22,2
200601200GSW,RS,CLE,596.0,T,24,24,0
200601200GSW,RS,CLE,639.0,,26,24,2
200601200GSW,RS,CLE,690.4,T,26,26,0
200601200GSW,RS,CLE,744.0,,28,26,2
200601200GSW,RS,CLE,776.0,,30,26,4
200601200GSW,RS,CLE,803.0,,32,26,6
200601200GSW,RS,CLE,820.0,,33,26,7
200601200GSW,RS,CLE,854.0,,35,26,9
200601200GSW,RS,CLE,874.0,,35,28,7
200601200GSW,RS,CLE,934.0,,38,28,10
200601200GSW,RS,CLE,989.0,,38,30,8
200601200GSW,RS,CLE,1019.0,,40,30,10
200601200GSW,RS,CLE,1049.0,,40,32,8
200601200GSW,RS,CLE,1060.0,,41,32,9
200601200GSW,RS,CLE,1079.0,,41,34,7
200601200GSW,RS,CLE,1079.0,,41,35,6
200601200GSW,RS,CLE,1093.0,,44,35,9
200601200GSW,RS,CLE,1171.0,,46,35,11
200601200GSW,RS,CLE,1188.0,,48,35,13
200601200GSW,RS,CLE,1203.0,,48,36,12
200601200GSW,RS,CLE,1203.0,,48,37,11
200601200GSW,RS,CLE,1257.0,,48,39,9
200601200GSW,RS,CLE,1274.0,,50,39,11
200601200GSW,RS,CLE,1324.0,,50,41,9
200601200GSW,RS,CLE,1352.0,,53,41,12
200601200GSW,RS,CLE,1385.6,,53,43,10
200601200GSW,RS,CLE,1414.2,,54,43,11
200601200GSW,RS,CLE,1461.0,,56,43,13
200601200GSW,RS,CLE,1550.0,,57,43,14
200601200GSW,RS,CLE,1550.0,,58,43,15
200601200GSW,RS,CLE,1576.0,,60,43,17
200601200GSW,RS,CLE,1602.0,,62,43,19
200601200GSW,RS,CLE,1683.0,,64,43,21
200601200GSW,RS,CLE,1702.0,,64,45,19
200601200GSW,RS,CLE,1736.0,,64,47,17
200601200GSW,RS,CLE,1767.0,,64,49,15
200601200GSW,RS,CLE,1799.0,,65,49,16
200601200GSW,RS,CLE,1831.0,,66,49,17
200601200GSW,RS,CLE,1831.0,,67,49,18
200601200GSW,RS,CLE,1879.0,,67,50,17
200601200GSW,RS,CLE,1897.0,,68,50,18
200601200GSW,RS,CLE,1969.0,,70,50,20
200601200GSW,RS,CLE,2021.0,,70,52,18
200601200GSW,RS,CLE,2050.0,,70,55,15
200601200GSW,RS,CLE,2095.0,,72,55,17
200601200GSW,RS,CLE,2159.8,,75,55,20
200601200GSW,RS,CLE,2175.0,,75,57,18
200601200GSW,RS,CLE,2197.0,,77,57,20
200601200GSW,RS,CLE,2226.0,,79,57,22
200601200GSW,RS,CLE,2251.0,,79,60,19
200601200GSW,RS,CLE,2286.0,,79,62,17
200601200GSW,RS,CLE,2334.0,,80,62,18
200601200GSW,RS,CLE,2334.0,,81,62,19
200601200GSW,RS,CLE,2361.0,,81,64,17
200601200GSW,RS,CLE,2384.0,,84,64,20
200601200GSW,RS,CLE,2403.0,,84,66,18
200601200GSW,RS,CLE,2429.0,,84,68,16
200601200GSW,RS,CLE,2451.0,,86,68,18
200601200GSW,RS,CLE,2474.0,,86,70,16
200601200GSW,RS,CLE,2494.0,,88,70,18
200601200GSW,RS,CLE,2511.0,,88,72,16
200601200GSW,RS,CLE,2549.0,,90,72,18
200601200GSW,RS,CLE,2634.0,,90,74,16
200601200GSW,RS,CLE,2663.0,,90,76,14
200601200GSW,RS,CLE,2712.0,,92,76,16
200601200GSW,RS,CLE,2733.0,,94,76,18
200601200GSW,RS,CLE,2777.0,,94,77,17
200601200GSW,RS,CLE,2800.0,,96,77,19
200601200GSW,RS,CLE,2837.0,,99,77,22
200601200GSW,RS,CLE,2855.9,,99,78,21
200601200GSW,RS,CLE,2855.9,F,99,79,20
200601200GSW,RS,CLE,2880.0,,99,79,20
200601220LAC,RS,LAC,0.0,,0,0,0
200601220LAC,RS,LAC,17.0,,0,2,-2
200601220LAC,RS,LAC,80.0,,0,4,-4
200601220LAC,RS,LAC,93.0,,2,4,-2
200601220LAC,RS,LAC,114.0,,3,4,-1
200601220LAC,RS,LAC,114.0,T,4,4,0
200601220LAC,RS,LAC,129.0,,4,6,-2
200601220LAC,RS,LAC,151.0,,4,8,-4
200601220LAC,RS,LAC,151.0,,4,9,-5
200601220LAC,RS,LAC,163.0,,6,9,-3
200601220LAC,RS,LAC,177.0,,6,11,-5
200601220LAC,RS,LAC,188.0,,8,11,-3
200601220LAC,RS,LAC,206.0,,8,12,-4
200601220LAC,RS,LAC,221.0,,9,12,-3
200601220LAC,RS,LAC,221.0,,10,12,-2
200601220LAC,RS,LAC,253.0,T,12,12,0
200601220LAC,RS,LAC,264.0,,12,14,-2
200601220LAC,RS,LAC,264.0,,12,15,-3
200601220LAC,RS,LAC,311.0,,14,15,-1
200601220LAC,RS,LAC,349.0,LC,16,15,1
200601220LAC,RS,LAC,349.0,,17,15,2
200601220LAC,RS,LAC,371.0,T,17,17,0
200601220LAC,RS,LAC,394.0,LC,17,18,-1
200601220LAC,RS,LAC,394.0,,17,19,-2
200601220LAC,RS,LAC,406.0,LC,20,19,1
200601220LAC,RS,LAC,422.0,T,20,20,0
200601220LAC,RS,LAC,422.0,LC,20,21,-1
200601220LAC,RS,LAC,430.0,LC,23,21,2
200601220LAC,RS,LAC,454.0,T,23,23,0
200601220LAC,RS,LAC,471.0,LC,23,24,-1
200601220LAC,RS,LAC,471.0,,23,25,-2
200601220LAC,RS,LAC,501.0,,23,27,-4
200601220LAC,RS,LAC,516.0,,25,27,-2
200601220LAC,RS,LAC,536.0,,25,29,-4
200601220LAC,RS,LAC,579.0,,25,31,-6
200601220LAC,RS,LAC,625.0,,26,31,-5
200601220LAC,RS,LAC,625.0,,27,31,-4
200601220LAC,RS,LAC,652.0,,27,33,-6
200601220LAC,RS,LAC,670.4,,27,35,-8
200601220LAC,RS,LAC,714.7,,27,37,-10
200601220LAC,RS,LAC,734.0,,29,37,-8
200601220LAC,RS,LAC,734.0,,30,37,-7
200601220LAC,RS,LAC,777.0,,32,37,-5
200601220LAC,RS,LAC,791.0,,32,39,-7
200601220LAC,RS,LAC,814.0,,32,41,-9
200601220LAC,RS,LAC,861.0,,32,43,-11
200601220LAC,RS,LAC,893.0,,32,45,-13
200601220LAC,RS,LAC,925.0,,32,46,-14
200601220LAC,RS,LAC,991.0,,32,48,-16
200601220LAC,RS,LAC,1011.0,,34,48,-14
200601220LAC,RS,LAC,1022.0,,34,50,-16
200601220LAC,RS,LAC,1039.0,,37,50,-13
200601220LAC,RS,LAC,1064.0,,37,52,-15
200601220LAC,RS,LAC,1075.0,,39,52,-13
200601220LAC,RS,LAC,1102.0,,41,52,-11
200601220LAC,RS,LAC,1147.0,,41,54,-13
200601220LAC,RS,LAC,1166.0,,42,54,-12
200601220LAC,RS,LAC,1211.0,,45,54,-9
200601220LAC,RS,LAC,1232.0,,45,56,-11
200601220LAC,RS,LAC,1248.0,,46,56,-10
200601220LAC,RS,LAC,1248.0,,47,56,-9
200601220LAC,RS,LAC,1262.0,,47,58,-11
200601220LAC,RS,LAC,1294.0,,47,61,-14
200601220LAC,RS,LAC,1324.0,,47,63,-16
200601220LAC,RS,LAC,1339.0,,49,63,-14
200601220LAC,RS,LAC,1370.0,,51,63,-12
200601220LAC,RS,LAC,1407.4,,52,63,-11
200601220LAC,RS,LAC,1455.0,,54,63,-9
200601220LAC,RS,LAC,1496.0,,54,65,-11
200601220LAC,RS,LAC,1515.0,,55,65,-10
200601220LAC,RS,LAC,1515.0,,56,65,-9
200601220LAC,RS,LAC,1608.0,,56,67,-11
200601220LAC,RS,LAC,1689.0,,56,69,-13
200601220LAC,RS,LAC,1717.0,,56,70,-14
200601220LAC,RS,LAC,1717.0,,56,71,-15
200601220LAC,RS,LAC,1741.0,,56,73,-17
200601220LAC,RS,LAC,1761.0,,57,73,-16
200601220LAC,RS,LAC,1761.0,,58,73,-15
200601220LAC,RS,LAC,1819.0,,58,75,-17
200601220LAC,RS,LAC,1819.0,,58,76,-18
200601220LAC,RS,LAC,1833.0,,61,76,-15
200601220LAC,RS,LAC,1877.0,,62,76,-14
200601220LAC,RS,LAC,1877.0,,63,76,-13
200601220LAC,RS,LAC,1889.0,,63,78,-15
200601220LAC,RS,LAC,1904.0,,66,78,-12
200601220LAC,RS,LAC,1950.0,,66,81,-15
200601220LAC,RS,LAC,2055.0,,66,83,-17
200601220LAC,RS,LAC,2090.0,,67,83,-16
200601220LAC,RS,LAC,2090.0,,68,83,-15
200601220LAC,RS,LAC,2115.2,,70,83,-13
200601220LAC,RS,LAC,2115.2,,71,83,-12
200601220LAC,RS,LAC,2228.0,,71,85,-14
200601220LAC,RS,LAC,2254.0,,71,88,-17
200601220LAC,RS,LAC,2289.0,,71,90,-19
200601220LAC,RS,LAC,2315.0,,71,91,-20
200601220LAC,RS,LAC,2315.0,,71,92,-21
200601220LAC,RS,LAC,2315.0,,71,93,-22
200601220LAC,RS,LAC,2341.0,,71,95,-24
200601220LAC,RS,LAC,2364.0,,72,95,-23
200601220LAC,RS,LAC,2364.0,,73,95,-22
200601220LAC,RS,LAC,2386.0,,75,95,-20
200601220LAC,RS,LAC,2413.0,,77,95,-18
200601220LAC,RS,LAC,2429.0,,77,97,-20
200601220LAC,RS,LAC,2437.0,,80,97,-17
200601220LAC,RS,LAC,2478.0,,83,97,-14
200601220LAC,RS,LAC,2509.0,,84,97,-13
200601220LAC,RS,LAC,2509.0,,85,97,-12
200601220LAC,RS,LAC,2629.0,,87,97,-10
200601220LAC,RS,LAC,2664.0,,87,98,-11
200601220LAC,RS,LAC,2664.0,,87,99,-12
200601220LAC,RS,LAC,2683.0,,89,99,-10
200601220LAC,RS,LAC,2731.0,,89,101,-12
200601220LAC,RS,LAC,2777.0,,91,101,-10
200601220LAC,RS,LAC,2795.0,,91,103,-12
200601220LAC,RS,LAC,2838.9,,92,103,-11
200601220LAC,RS,LAC,2879.7,F,92,105,-13
200601220LAC,RS,LAC,2880.0,,92,105,-13
200601230GSW,RS,LAC,0.0,,0,0,0
200601230GSW,RS,LAC,38.0,,0,2,-2
200601230GSW,RS,LAC,115.0,,0,4,-4
200601230GSW,RS,LAC,135.0,,2,4,-2
200601230GSW,RS,LAC,159.0,T,4,4,0
200601230GSW,RS,LAC,185.0,LC,6,4,2
200601230GSW,RS,LAC,197.0,T,6,6,0
200601230GSW,RS,LAC,215.0,,8,6,2
200601230GSW,RS,LAC,223.0,T,8,8,0
200601230GSW,RS,LAC,235.0,,10,8,2
200601230GSW,RS,LAC,255.0,,12,8,4
200601230GSW,RS,LAC,279.0,,12,10,2
200601230GSW,RS,LAC,354.0,T,12,12,0
200601230GSW,RS,LAC,373.0,LC,12,13,-1
200601230GSW,RS,LAC,373.0,,12,14,-2
200601230GSW,RS,LAC,373.0,,12,15,-3
200601230GSW,RS,LAC,393.0,,14,15,-1
200601230GSW,RS,LAC,436.0,LC,16,15,1
200601230GSW,RS,LAC,473.0,,18,15,3
200601230GSW,RS,LAC,486.0,,18,17,1
200601230GSW,RS,LAC,507.0,,21,17,4
200601230GSW,RS,LAC,545.0,,23,17,6
200601230GSW,RS,LAC,558.0,,23,19,4
200601230GSW,RS,LAC,607.0,,23,21,2
200601230GSW,RS,LAC,624.0,,23,22,1
200601230GSW,RS,LAC,624.0,T,23,23,0
200601230GSW,RS,LAC,644.0,,25,23,2
200601230GSW,RS,LAC,667.6,T,25,25,0
200601230GSW,RS,LAC,680.1,,27,25,2
200601230GSW,RS,LAC,716.5,,29,25,4
200601230GSW,RS,LAC,763.0,,30,25,5
200601230GSW,RS,LAC,763.0,,31,25,6
200601230GSW,RS,LAC,784.0,,31,27,4
200601230GSW,RS,LAC,800.0,,33,27,6
200601230GSW,RS,LAC,852.0,,33,28,5
200601230GSW,RS,LAC,875.0,,36,28,8
200601230GSW,RS,LAC,925.0,,36,30,6
200601230GSW,RS,LAC,945.0,,36,32,4
200601230GSW,RS,LAC,959.0,,38,32,6
200601230GSW,RS,LAC,977.0,,38,34,4
200601230GSW,RS,LAC,1003.0,,38,36,2
200601230GSW,RS,LAC,1003.0,,38,37,1
200601230GSW,RS,LAC,1066.0,,40,37,3
200601230GSW,RS,LAC,1144.0,,40,39,1
200601230GSW,RS,LAC,1161.0,,43,39,4
200601230GSW,RS,LAC,1181.0,,43,42,1
200601230GSW,RS,LAC,1190.0,,44,42,2
200601230GSW,RS,LAC,1218.0,,47,42,5
200601230GSW,RS,LAC,1236.0,,47,43,4
200601230GSW,RS,LAC,1236.0,,47,44,3
200601230GSW,RS,LAC,1247.0,,49,44,5
200601230GSW,RS,LAC,1336.0,,51,44,7
200601230GSW,RS,LAC,1361.0,,51,46,5
200601230GSW,RS,LAC,1380.0,,52,46,6
200601230GSW,RS,LAC,1380.0,,53,46,7
200601230GSW,RS,LAC,1403.0,,54,46,8
200601230GSW,RS,LAC,1481.0,,56,46,10
200601230GSW,RS,LAC,1513.0,,58,46,12
200601230GSW,RS,LAC,1552.0,,60,46,14
200601230GSW,RS,LAC,1608.0,,62,46,16
200601230GSW,RS,LAC,1646.0,,64,46,18
200601230GSW,RS,LAC,1707.0,,64,48,16
200601230GSW,RS,LAC,1707.0,,64,49,15
200601230GSW,RS,LAC,1725.0,,66,49,17
200601230GSW,RS,LAC,1743.0,,66,51,15
200601230GSW,RS,LAC,1769.0,,69,51,18
200601230GSW,RS,LAC,1824.0,,69,52,17
200601230GSW,RS,LAC,1824.0,,69,53,16
200601230GSW,RS,LAC,1837.0,,71,53,18
200601230GSW,RS,LAC,1854.0,,71,55,16
200601230GSW,RS,LAC,1930.0,,74,55,19
200601230GSW,RS,LAC,1958.0,,74,57,17
200601230GSW,RS,LAC,1992.0,,74,58,16
200601230GSW,RS,LAC,2034.0,,74,60,14
200601230GSW,RS,LAC,2051.0,,76,60,16
200601230GSW,RS,LAC,2086.0,,76,61,15
200601230GSW,RS,LAC,2086.0,,76,62,14
200601230GSW,RS,LAC,2109.7,,76,63,13
200601230GSW,RS,LAC,2109.7,,76,64,12
200601230GSW,RS,LAC,2148.1,,76,66,10
200601230GSW,RS,LAC,2182.0,,76,68,8
200601230GSW,RS,LAC,2238.0,,78,68,10
200601230GSW,RS,LAC,2262.0,,78,71,7
200601230GSW,RS,LAC,2275.0,,79,71,8
200601230GSW,RS,LAC,2354.0,,81,71,10
200601230GSW,RS,LAC,2377.0,,81,72,9
200601230GSW,RS,LAC,2377.0,,81,73,8
200601230GSW,RS,LAC,2430.0,,81,74,7
200601230GSW,RS,LAC,2430.0,,81,75,6
200601230GSW,RS,LAC,2449.0,,83,75,8
200601230GSW,RS,LAC,2475.0,,83,77,6
200601230GSW,RS,LAC,2496.0,,85,77,8
200601230GSW,RS,LAC,2511.0,,85,80,5
200601230GSW,RS,LAC,2574.0,,85,83,2
200601230GSW,RS,LAC,2612.0,,86,83,3
200601230GSW,RS,LAC,2612.0,,87,83,4
200601230GSW,RS,LAC,2623.0,,87,85,2
200601230GSW,RS,LAC,2661.0,T,87,87,0
200601230GSW,RS,LAC,2684.0,LC,87,88,-1
200601230GSW,RS,LAC,2684.0,,87,89,-2
200601230GSW,RS,LAC,2702.0,T,89,89,0
200601230GSW,RS,LAC,2715.0,,89,90,-1
200601230GSW,RS,LAC,2727.0,,89,92,-3
200601230GSW,RS,LAC,2774.0,,90,92,-2
200601230GSW,RS,LAC,2795.0,T,92,92,0
200601230GSW,RS,LAC,2795.0,LC,93,92,1
200601230GSW,RS,LAC,2810.0,T,93,93,0
200601230GSW,RS,LAC,2810.0,LC,93,94,-1
200601230GSW,RS,LAC,2879.1,,93,95,-2
200601230GSW,RS,LAC,2879.1,F,93,96,-3
200601230GSW,RS,LAC,2880.0,,93,96,-3
200601250GSW,RS,DAL,0.0,,0,0,0
200601250GSW,RS,DAL,83.0,,0,2,-2
200601250GSW,RS,DAL,125.0,,0,4,-4
200601250GSW,RS,DAL,139.0,,1,4,-3
200601250GSW,RS,DAL,139.0,,2,4,-2
200601250GSW,RS,DAL,178.0,LC,5,4,1
200601250GSW,RS,DAL,219.0,LC,5,6,-1
200601250GSW,RS,DAL,224.0,T,6,6,0
200601250GSW,RS,DAL,224.0,LC,7,6,1
200601250GSW,RS,DAL,263.0,,9,6,3
200601250GSW,RS,DAL,302.0,,11,6,5
200601250GSW,RS,DAL,315.0,,11,8,3
200601250GSW,RS,DAL,335.0,,13,8,5
200601250GSW,RS,DAL,366.0,,15,8,7
200601250GSW,RS,DAL,389.0,,15,10,5
200601250GSW,RS,DAL,404.0,,17,10,7
200601250GSW,RS,DAL,425.0,,17,11,6
200601250GSW,RS,DAL,478.0,,19,11,8
200601250GSW,RS,DAL,499.0,,20,11,9
200601250GSW,RS,DAL,543.0,,22,11,11
200601250GSW,RS,DAL,560.0,,22,13,9
200601250GSW,RS,DAL,580.0,,24,13,11
200601250GSW,RS,DAL,615.0,,24,15,9
200601250GSW,RS,DAL,647.0,,25,15,10
200601250GSW,RS,DAL,675.4,,25,17,8
200601250GSW,RS,DAL,694.2,,27,17,10
200601250GSW,RS,DAL,716.4,,27,18,9
200601250GSW,RS,DAL,756.0,,27,20,7
200601250GSW,RS,DAL,756.0,,27,21,6
200601250GSW,RS,DAL,783.0,,28,21,7
200601250GSW,RS,DAL,821.0,,28,22,6
200601250GSW,RS,DAL,839.0,,30,22,8
200601250GSW,RS,DAL,858.0,,30,24,6
200601250GSW,RS,DAL,882.0,,32,24,8
200601250GSW,RS,DAL,919.0,,32,26,6
200601250GSW,RS,DAL,945.0,,32,28,4
200601250GSW,RS,DAL,982.0,,32,30,2
200601250GSW,RS,DAL,1011.0,,34,30,4
200601250GSW,RS,DAL,1029.0,,34,32,2
200601250GSW,RS,DAL,1053.0,,36,32,4
200601250GSW,RS,DAL,1097.0,,36,34,2
200601250GSW,RS,DAL,1111.0,,37,34,3
200601250GSW,RS,DAL,1138.0,,39,34,5
200601250GSW,RS,DAL,1162.0,,39,35,4
200601250GSW,RS,DAL,1176.0,,41,35,6
200601250GSW,RS,DAL,1193.0,,41,37,4
200601250GSW,RS,DAL,1219.0,,41,38,3
200601250GSW,RS,DAL,1219.0,,41,39,2
200601250GSW,RS,DAL,1236.0,,43,39,4
200601250GSW,RS,DAL,1265.0,,46,39,7
200601250GSW,RS,DAL,1297.0,,47,39,8
200601250GSW,RS,DAL,1297.0,,48,39,9
200601250GSW,RS,DAL,1346.0,,50,39,11
200601250GSW,RS,DAL,1387.2,,50,40,10
200601250GSW,RS,DAL,1387.2,,50,41,9
200601250GSW,RS,DAL,1400.1,,52,41,11
200601250GSW,RS,DAL,1407.3,,52,42,10
200601250GSW,RS,DAL,1407.3,,52,43,9
200601250GSW,RS,DAL,1429.3,,54,43,11
200601250GSW,RS,DAL,1429.3,,55,43,12
200601250GSW,RS,DAL,1434.3,,55,46,9
200601250GSW,RS,DAL,1439.8,,55,49,6
200601250GSW,RS,DAL,1455.0,,55,51,4
200601250GSW,RS,DAL,1477.0,,57,51,6
200601250GSW,RS,DAL,1497.0,,57,52,5
200601250GSW,RS,DAL,1497.0,,57,53,4
200601250GSW,RS,DAL,1548.0,,58,53,5
200601250GSW,RS,DAL,1548.0,,59,53,6
200601250GSW,RS,DAL,1566.0,,61,53,8
200601250GSW,RS,DAL,1584.0,,61,55,6
200601250GSW,RS,DAL,1612.0,,61,57,4
200601250GSW,RS,DAL,1644.0,,61,60,1
200601250GSW,RS,DAL,1672.0,,64,60,4
200601250GSW,RS,DAL,1695.0,,64,62,2
200601250GSW,RS,DAL,1765.0,T,64,64,0
200601250GSW,RS,DAL,1785.0,,66,64,2
200601250GSW,RS,DAL,1839.0,T,66,66,0
200601250GSW,RS,DAL,1897.0,,69,66,3
200601250GSW,RS,DAL,1952.0,,70,66,4
200601250GSW,RS,DAL,1952.0,,71,66,5
200601250GSW,RS,DAL,1987.0,,71,68,3
200601250GSW,RS,DAL,1996.0,,72,68,4
200601250GSW,RS,DAL,1996.0,,73,68,5
200601250GSW,RS,DAL,1998.0,,74,68,6
200601250GSW,RS,DAL,2021.0,,74,71,3
200601250GSW,RS,DAL,2054.0,,74,72,2
200601250GSW,RS,DAL,2099.0,,76,72,4
200601250GSW,RS,DAL,2130.3,,78,72,6
200601250GSW,RS,DAL,2150.2,,78,74,4
200601250GSW,RS,DAL,2194.0,,78,76,2
200601250GSW,RS,DAL,2232.0,LC,78,79,-1
200601250GSW,RS,DAL,2272.0,,78,81,-3
200601250GSW,RS,DAL,2341.0,,78,82,-4
200601250GSW,RS,DAL,2341.0,,78,83,-5
200601250GSW,RS,DAL,2382.0,,78,85,-7
200601250GSW,RS,DAL,2469.0,,78,87,-9
200601250GSW,RS,DAL,2486.0,,79,87,-8
200601250GSW,RS,DAL,2521.0,,79,89,-10
200601250GSW,RS,DAL,2556.0,,79,91,-12
200601250GSW,RS,DAL,2634.0,,80,91,-11
200601250GSW,RS,DAL,2634.0,,81,91,-10
200601250GSW,RS,DAL,2634.0,,82,91,-9
200601250GSW,RS,DAL,2665.0,,82,94,-12
200601250GSW,RS,DAL,2761.0,,82,96,-14
200601250GSW,RS,DAL,2773.0,,84,96,-12
200601250GSW,RS,DAL,2776.0,,84,97,-13
200601250GSW,RS,DAL,2776.0,,84,98,-14
200601250GSW,RS,DAL,2785.0,,86,98,-12
200601250GSW,RS,DAL,2798.0,,86,99,-13
200601250GSW,RS,DAL,2798.0,,86,100,-14
200601250GSW,RS,DAL,2807.0,,89,100,-11
200601250GSW,RS,DAL,2809.0,,89,101,-12
200601250GSW,RS,DAL,2809.0,,89,102,-13
200601250GSW,RS,DAL,2816.0,,90,102,-12
200601250GSW,RS,DAL,2859.6,F,93,102,-9
200601250GSW,RS,DAL,2880.0,,93,102,-9
200601270LAL,RS,LAL,0.0,,0,0,0
200601270LAL,RS,LAL,23.0,,0,2,-2
200601270LAL,RS,LAL,67.0,T,2,2,0
200601270LAL,RS,LAL,79.0,LC,4,2,2
200601270LAL,RS,LAL,99.0,T,4,4,0
200601270LAL,RS,LAL,166.0,LC,4,6,-2
200601270LAL,RS,LAL,166.0,,4,7,-3
200601270LAL,RS,LAL,182.0,,6,7,-1
200601270LAL,RS,LAL,219.0,,6,9,-3
200601270LAL,RS,LAL,229.0,T,9,9,0
200601270LAL,RS,LAL,278.0,,9,11,-2
200601270LAL,RS,LAL,317.0,,9,14,-5
200601270LAL,RS,LAL,328.0,,12,14,-2
200601270LAL,RS,LAL,358.0,T,14,14,0
200601270LAL,RS,LAL,388.0,,14,16,-2
200601270LAL,RS,LAL,426.0,T,16,16,0
200601270LAL,RS,LAL,434.0,,16,18,-2
200601270LAL,RS,LAL,457.0,,17,18,-1
200601270LAL,RS,LAL,478.0,,17,19,-2
200601270LAL,RS,LAL,478.0,,17,20,-3
200601270LAL,RS,LAL,507.0,,18,20,-2
200601270LAL,RS,LAL,507.0,,19,20,-1
200601270LAL,RS,LAL,536.0,LC,22,20,2
200601270LAL,RS,LAL,548.0,T,22,22,0
200601270LAL,RS,LAL,608.0,,24,22,2
200601270LAL,RS,LAL,619.0,,24,23,1
200601270LAL,RS,LAL,625.0,LC,24,25,-1
200601270LAL,RS,LAL,625.0,,24,26,-2
200601270LAL,RS,LAL,643.0,,25,26,-1
200601270LAL,RS,LAL,643.0,T,26,26,0
200601270LAL,RS,LAL,653.0,,26,27,-1
200601270LAL,RS,LAL,653.0,,26,28,-2
200601270LAL,RS,LAL,691.9,T,28,28,0
200601270LAL,RS,LAL,715.2,,28,31,-3
200601270LAL,RS,LAL,747.0,,30,31,-1
200601270LAL,RS,LAL,844.0,LC,32,31,1
200601270LAL,RS,LAL,858.0,LC,32,34,-2
200601270LAL,RS,LAL,883.0,LC,35,34,1
200601270LAL,RS,LAL,898.0,,36,34,2
200601270LAL,RS,LAL,904.0,T,36,36,0
200601270LAL,RS,LAL,929.0,LC,36,38,-2
200601270LAL,RS,LAL,929.0,,36,39,-3
200601270LAL,RS,LAL,949.0,,36,40,-4
200601270LAL,RS,LAL,968.0,,38,40,-2
200601270LAL,RS,LAL,987.0,,38,42,-4
200601270LAL,RS,LAL,1049.0,,38,44,-6
200601270LAL,RS,LAL,1083.0,,38,45,-7
200601270LAL,RS,LAL,1106.0,,39,45,-6
200601270LAL,RS,LAL,1106.0,,40,45,-5
200601270LAL,RS,LAL,1136.0,,42,45,-3
200601270LAL,RS,LAL,1161.0,,42,47,-5
200601270LAL,RS,LAL,1206.0,,42,50,-8
200601270LAL,RS,LAL,1237.0,,43,50,-7
200601270LAL,RS,LAL,1258.0,,43,52,-9
200601270LAL,RS,LAL,1351.0,,44,52,-8
200601270LAL,RS,LAL,1351.0,,45,52,-7
200601270LAL,RS,LAL,1366.0,,45,55,-10
200601270LAL,RS,LAL,1398.9,,46,55,-9
200601270LAL,RS,LAL,1429.9,,47,55,-8
200601270LAL,RS,LAL,1461.0,,49,55,-6
200601270LAL,RS,LAL,1529.0,,51,55,-4
200601270LAL,RS,LAL,1566.0,,53,55,-2
200601270LAL,RS,LAL,1597.0,T,55,55,0
200601270LAL,RS,LAL,1635.0,LC,57,55,2
200601270LAL,RS,LAL,1688.0,,60,55,5
200601270LAL,RS,LAL,1704.0,,60,56,4
200601270LAL,RS,LAL,1759.0,,62,56,6
200601270LAL,RS,LAL,1808.0,,62,57,5
200601270LAL,RS,LAL,1867.0,,62,60,2
200601270LAL,RS,LAL,1916.0,,63,60,3
200601270LAL,RS,LAL,1916.0,,64,60,4
200601270LAL,RS,LAL,1959.0,,66,60,6
200601270LAL,RS,LAL,1977.0,,66,62,4
200601270LAL,RS,LAL,1998.0,,67,62,5
200601270LAL,RS,LAL,2010.0,,67,63,4
200601270LAL,RS,LAL,2010.0,,67,64,3
200601270LAL,RS,LAL,2027.0,,69,64,5
200601270LAL,RS,LAL,2104.5,,69,66,3
200601270LAL,RS,LAL,2127.3,,70,66,4
200601270LAL,RS,LAL,2127.3,,71,66,5
200601270LAL,RS,LAL,2156.7,,72,66,6
200601270LAL,RS,LAL,2156.7,,73,66,7
200601270LAL,RS,LAL,2237.0,,73,68,5
200601270LAL,RS,LAL,2273.0,,73,70,3
200601270LAL,RS,LAL,2321.0,,75,70,5
200601270LAL,RS,LAL,2321.0,,76,70,6
200601270LAL,RS,LAL,2332.0,,76,72,4
200601270LAL,RS,LAL,2369.0,,76,73,3
200601270LAL,RS,LAL,2369.0,,76,74,2
200601270LAL,RS,LAL,2381.0,,78,74,4
200601270LAL,RS,LAL,2397.0,,78,76,2
200601270LAL,RS,LAL,2411.0,,81,76,5
200601270LAL,RS,LAL,2420.0,,81,77,4
200601270LAL,RS,LAL,2447.0,,83,77,6
200601270LAL,RS,LAL,2463.0,,83,78,5
200601270LAL,RS,LAL,2482.0,,85,78,7
200601270LAL,RS,LAL,2514.0,,87,78,9
200601270LAL,RS,LAL,2535.0,,87,80,7
200601270LAL,RS,LAL,2556.0,,89,80,9
200601270LAL,RS,LAL,2579.0,,89,83,6
200601270LAL,RS,LAL,2604.0,,89,84,5
200601270LAL,RS,LAL,2604.0,,89,85,4
200601270LAL,RS,LAL,2623.0,,91,85,6
200601270LAL,RS,LAL,2648.0,,91,87,4
200601270LAL,RS,LAL,2702.0,,91,88,3
200601270LAL,RS,LAL,2732.0,,94,88,6
200601270LAL,RS,LAL,2747.0,,94,89,5
200601270LAL,RS,LAL,2747.0,,94,90,4
200601270LAL,RS,LAL,2790.0,,94,91,3
200601270LAL,RS,LAL,2790.0,,94,92,2
200601270LAL,RS,LAL,2872.9,,94,93,1
200601270LAL,RS,LAL,2872.9,T,94,94,0
200601270LAL,RS,LAL,2920.0,LC,94,96,-2
200601270LAL,RS,LAL,3048.0,,94,99,-5
200601270LAL,RS,LAL,3065.0,,96,99,-3
200601270LAL,RS,LAL,3079.0,,96,101,-5
200601270LAL,RS,LAL,3128.2,,98,101,-3
200601270LAL,RS,LAL,3166.9,,98,102,-4
200601270LAL,RS,LAL,3172.6,,100,102,-2
200601270LAL,RS,LAL,3173.3,,100,103,-3
200601270LAL,RS,LAL,3173.3,,100,104,-4
200601270LAL,RS,LAL,3175.6,,102,104,-2
200601270LAL,RS,LAL,3176.8,,102,105,-3
200601270LAL,RS,LAL,3176.8,,102,106,-4
200601270LAL,RS,LAL,3179.8,F,105,106,-1
200601270LAL,RS,LAL,3180.0,,105,106,-1
200601280GSW,RS,POR,0.0,,0,0,0
200601280GSW,RS,POR,60.0,,2,0,2
200601280GSW,RS,POR,110.0,,2,1,1
200601280GSW,RS,POR,198.0,,5,1,4
200601280GSW,RS,POR,228.0,,7,1,6
200601280GSW,RS,POR,277.0,,9,1,8
200601280GSW,RS,POR,316.0,,11,1,10
200601280GSW,RS,POR,350.0,,13,1,12
200601280GSW,RS,POR,390.0,,13,3,10
200601280GSW,RS,POR,423.0,,13,4,9
200601280GSW,RS,POR,435.0,,14,4,10
200601280GSW,RS,POR,458.0,,16,4,12
200601280GSW,RS,POR,492.0,,17,4,13
200601280GSW,RS,POR,520.0,,17,5,12
200601280GSW,RS,POR,536.0,,19,5,14
200601280GSW,RS,POR,562.0,,19,7,12
200601280GSW,RS,POR,581.0,,21,7,14
200601280GSW,RS,POR,600.0,,23,7,16
200601280GSW,RS,POR,617.0,,23,9,14
200601280GSW,RS,POR,660.6,,23,11,12
200601280GSW,RS,POR,666.6,,24,11,13
200601280GSW,RS,POR,666.6,,25,11,14
200601280GSW,RS,POR,674.0,,25,12,13
200601280GSW,RS,POR,714.1,,26,12,14
200601280GSW,RS,POR,739.0,,28,12,16
200601280GSW,RS,POR,766.0,,30,12,18
200601280GSW,RS,POR,800.0,,30,14,16
200601280GSW,RS,POR,818.0,,31,14,17
200601280GSW,RS,POR,818.0,,32,14,18
200601280GSW,RS,POR,828.0,,32,17,15
200601280GSW,RS,POR,865.0,,32,19,13
200601280GSW,RS,POR,865.0,,32,20,12
200601280GSW,RS,POR,883.0,,34,20,14
200601280GSW,RS,POR,892.0,,34,21,13
200601280GSW,RS,POR,925.0,,34,22,12
200601280GSW,RS,POR,925.0,,34,23,11
200601280GSW,RS,POR,955.0,,36,23,13
200601280GSW,RS,POR,979.0,,36,25,11
200601280GSW,RS,POR,1001.0,,38,25,13
200601280GSW,RS,POR,1026.0,,38,27,11
200601280GSW,RS,POR,1048.0,,38,28,10
200601280GSW,RS,POR,1059.0,,39,28,11
200601280GSW,RS,POR,1059.0,,40,28,12
200601280GSW,RS,POR,1080.0,,40,30,10
200601280GSW,RS,POR,1089.0,,40,32,8
200601280GSW,RS,POR,1111.0,,42,32,10
200601280GSW,RS,POR,1123.0,,42,34,8
200601280GSW,RS,POR,1137.0,,43,34,9
200601280GSW,RS,POR,1146.0,,43,36,7
200601280GSW,RS,POR,1165.0,,45,36,9
200601280GSW,RS,POR,1206.0,,48,36,12
200601280GSW,RS,POR,1222.0,,48,38,10
200601280GSW,RS,POR,1222.0,,48,39,9
200601280GSW,RS,POR,1233.0,,50,39,11
200601280GSW,RS,POR,1246.0,,50,40,10
200601280GSW,RS,POR,1282.0,,52,40,12
200601280GSW,RS,POR,1299.0,,52,42,10
200601280GSW,RS,POR,1350.0,,52,44,8
200601280GSW,RS,POR,1367.0,,54,44,10
200601280GSW,RS,POR,1367.0,,55,44,11
200601280GSW,RS,POR,1455.0,,57,44,13
200601280GSW,RS,POR,1477.0,,57,46,11
200601280GSW,RS,POR,1553.0,,59,46,13
200601280GSW,RS,POR,1568.0,,59,47,12
200601280GSW,RS,POR,1585.0,,61,47,14
200601280GSW,RS,POR,1624.0,,61,49,12
200601280GSW,RS,POR,1662.0,,61,51,10
200601280GSW,RS,POR,1711.0,,61,52,9
200601280GSW,RS,POR,1711.0,,61,53,8
200601280GSW,RS,POR,1757.0,,61,56,5
200601280GSW,RS,POR,1774.0,,63,56,7
200601280GSW,RS,POR,1878.0,,64,56,8
200601280GSW,RS,POR,1878.0,,65,56,9
200601280GSW,RS,POR,1894.0,,65,58,7
200601280GSW,RS,POR,1914.0,,67,58,9
200601280GSW,RS,POR,1957.0,,68,58,10
200601280GSW,RS,POR,1990.0,,71,58,13
200601280GSW,RS,POR,2020.0,,71,60,11
200601280GSW,RS,POR,2036.0,,71,62,9
200601280GSW,RS,POR,2057.0,,73,62,11
200601280GSW,RS,POR,2073.0,,73,65,8
200601280GSW,RS,POR,2085.0,,74,65,9
200601280GSW,RS,POR,2085.0,,75,65,10
200601280GSW,RS,POR,2101.0,,75,66,9
200601280GSW,RS,POR,2101.0,,75,67,8
200601280GSW,RS,POR,2158.3,,78,67,11
200601280GSW,RS,POR,2182.0,,78,69,9
200601280GSW,RS,POR,2197.0,,80,69,11
200601280GSW,RS,POR,2216.0,,82,69,13
200601280GSW,RS,POR,2259.0,,84,69,15
200601280GSW,RS,POR,2284.0,,86,69,17
200601280GSW,RS,POR,2325.0,,86,71,15
200601280GSW,RS,POR,2344.0,,88,71,17
200601280GSW,RS,POR,2359.0,,88,73,15
200601280GSW,RS,POR,2389.0,,89,73,16
200601280GSW,RS,POR,2408.0,,89,75,14
200601280GSW,RS,POR,2429.0,,91,75,16
200601280GSW,RS,POR,2637.0,,93,75,18
200601280GSW,RS,POR,2655.0,,93,77,16
200601280GSW,RS,POR,2707.0,,93,79,14
200601280GSW,RS,POR,2774.0,,95,79,16
200601280GSW,RS,POR,2774.0,,96,79,17
200601280GSW,RS,POR,2799.0,,96,80,16
200601280GSW,RS,POR,2814.0,,98,80,18
200601280GSW,RS,POR,2828.7,F,98,83,15
200601280GSW,RS,POR,2880.0,,98,83,15
200602010SEA,RS,SEA,0.0,,0,0,0
200602010SEA,RS,SEA,9.0,,0,2,-2
200602010SEA,RS,SEA,19.0,T,2,2,0
200602010SEA,RS,SEA,36.0,,2,4,-2
200602010SEA,RS,SEA,49.0,,3,4,-1
200602010SEA,RS,SEA,49.0,T,4,4,0
200602010SEA,RS,SEA,64.0,,4,6,-2
200602010SEA,RS,SEA,80.0,T,6,6,0
200602010SEA,RS,SEA,92.0,,6,8,-2
200602010SEA,RS,SEA,104.0,T,8,8,0
200602010SEA,RS,SEA,140.0,LC,10,8,2
200602010SEA,RS,SEA,162.0,T,10,10,0
200602010SEA,RS,SEA,162.0,LC,10,11,-1
200602010SEA,RS,SEA,213.0,LC,12,11,1
200602010SEA,RS,SEA,243.0,,15,11,4
200602010SEA,RS,SEA,272.0,,17,11,6
200602010SEA,RS,SEA,330.0,,18,11,7
200602010SEA,RS,SEA,330.0,,19,11,8
200602010SEA,RS,SEA,362.0,,19,13,6
200602010SEA,RS,SEA,402.0,,19,15,4
200602010SEA,RS,SEA,415.0,,21,15,6
200602010SEA,RS,SEA,462.0,,24,15,9
200602010SEA,RS,SEA,480.0,,24,17,7
200602010SEA,RS,SEA,527.0,,24,19,5
200602010SEA,RS,SEA,527.0,,24,20,4
200602010SEA,RS,SEA,536.0,,26,20,6
200602010SEA,RS,SEA,536.0,,27,20,7
200602010SEA,RS,SEA,554.0,,27,22,5
200602010SEA,RS,SEA,578.0,,29,22,7
200602010SEA,RS,SEA,605.0,,30,22,8
200602010SEA,RS,SEA,605.0,,31,22,9
200602010SEA,RS,SEA,633.0,,33,22,11
200602010SEA,RS,SEA,642.0,,33,24,9
200602010SEA,RS,SEA,683.1,,33,26,7
200602010SEA,RS,SEA,683.1,,33,27,6
200602010SEA,RS,SEA,689.1,,35,27,8
200602010SEA,RS,SEA,712.5,,35,28,7
200602010SEA,RS,SEA,719.8,,38,28,10
200602010SEA,RS,SEA,743.0,,39,28,11
200602010SEA,RS,SEA,743.0,,40,28,12
200602010SEA,RS,SEA,759.0,,40,30,10
200602010SEA,RS,SEA,796.0,,40,32,8
200602010SEA,RS,SEA,821.0,,43,32,11
200602010SEA,RS,SEA,889.0,,43,35,8
200602010SEA,RS,SEA,932.0,,45,35,10
200602010SEA,RS,SEA,976.0,,45,37,8
200602010SEA,RS,SEA,997.0,,47,37,10
200602010SEA,RS,SEA,1053.0,,47,40,7
200602010SEA,RS,SEA,1111.0,,49,40,9
200602010SEA,RS,SEA,1111.0,,50,40,10
200602010SEA,RS,SEA,1137.0,,52,40,12
200602010SEA,RS,SEA,1160.0,,52,42,10
200602010SEA,RS,SEA,1213.0,,52,45,7
200602010SEA,RS,SEA,1244.0,,52,47,5
200602010SEA,RS,SEA,1260.0,,54,47,7
200602010SEA,RS,SEA,1260.0,,55,47,8
200602010SEA,RS,SEA,1302.0,,57,47,10
200602010SEA,RS,SEA,1375.0,,57,48,9
200602010SEA,RS,SEA,1375.0,,57,49,8
200602010SEA,RS,SEA,1375.0,,57,50,7
200602010SEA,RS,SEA,1389.9,,59,50,9
200602010SEA,RS,SEA,1394.6,,59,52,7
200602010SEA,RS,SEA,1407.2,,61,52,9
200602010SEA,RS,SEA,1407.2,,62,52,10
200602010SEA,RS,SEA,1414.0,,62,54,8
200602010SEA,RS,SEA,1439.9,,62,56,6
200602010SEA,RS,SEA,1482.0,,63,56,7
200602010SEA,RS,SEA,1504.0,,63,58,5
200602010SEA,RS,SEA,1610.0,,63,60,3
200602010SEA,RS,SEA,1658.0,,63,62,1
200602010SEA,RS,SEA,1691.0,LC,63,64,-1
200602010SEA,RS,SEA,1740.0,,63,66,-3
200602010SEA,RS,SEA,1764.0,,65,66,-1
200602010SEA,RS,SEA,1801.0,,65,68,-3
200602010SEA,RS,SEA,1839.0,,65,70,-5
200602010SEA,RS,SEA,1908.0,,67,70,-3
200602010SEA,RS,SEA,1937.0,,67,72,-5
200602010SEA,RS,SEA,1980.0,,67,75,-8
200602010SEA,RS,SEA,1999.0,,67,77,-10
200602010SEA,RS,SEA,2029.0,,67,78,-11
200602010SEA,RS,SEA,2029.0,,67,79,-12
200602010SEA,RS,SEA,2046.0,,67,82,-15
200602010SEA,RS,SEA,2105.3,,68,82,-14
200602010SEA,RS,SEA,2105.3,,69,82,-13
200602010SEA,RS,SEA,2137.6,,70,82,-12
200602010SEA,RS,SEA,2137.6,,71,82,-11
200602010SEA,RS,SEA,2155.1,,71,84,-13
200602010SEA,RS,SEA,2155.1,,71,85,-14
200602010SEA,RS,SEA,2181.0,,71,87,-16
200602010SEA,RS,SEA,2200.0,,73,87,-14
200602010SEA,RS,SEA,2217.0,,73,89,-16
200602010SEA,RS,SEA,2247.0,,73,90,-17
200602010SEA,RS,SEA,2247.0,,73,91,-18
200602010SEA,RS,SEA,2269.0,,75,91,-16
200602010SEA,RS,SEA,2269.0,,76,91,-15
200602010SEA,RS,SEA,2316.0,,77,91,-14
200602010SEA,RS,SEA,2352.0,,80,91,-11
200602010SEA,RS,SEA,2373.0,,80,92,-12
200602010SEA,RS,SEA,2373.0,,80,93,-13
200602010SEA,RS,SEA,2408.0,,80,94,-14
200602010SEA,RS,SEA,2446.0,,81,94,-13
200602010SEA,RS,SEA,2465.0,,81,96,-15
200602010SEA,RS,SEA,2479.0,,84,96,-12
200602010SEA,RS,SEA,2509.0,,86,96,-10
200602010SEA,RS,SEA,2545.0,,88,96,-8
200602010SEA,RS,SEA,2586.0,,88,98,-10
200602010SEA,RS,SEA,2602.0,,91,98,-7
200602010SEA,RS,SEA,2618.0,,91,99,-8
200602010SEA,RS,SEA,2618.0,,91,100,-9
200602010SEA,RS,SEA,2645.0,,91,101,-10
200602010SEA,RS,SEA,2645.0,,91,102,-11
200602010SEA,RS,SEA,2670.0,,91,104,-13
200602010SEA,RS,SEA,2690.0,,94,104,-10
200602010SEA,RS,SEA,2722.0,,94,105,-11
200602010SEA,RS,SEA,2736.0,,97,105,-8
200602010SEA,RS,SEA,2757.0,,99,105,-6
200602010SEA,RS,SEA,2791.0,,100,105,-5
200602010SEA,RS,SEA,2791.0,,101,105,-4
200602010SEA,RS,SEA,2856.5,,101,106,-5
200602010SEA,RS,SEA,2856.5,,101,107,-6
200602010SEA,RS,SEA,2856.5,,101,108,-7
200602010SEA,RS,SEA,2862.6,,104,108,-4
200602010SEA,RS,SEA,2864.9,,104,109,-5
200602010SEA,RS,SEA,2864.9,,104,110,-6
200602010SEA,RS,SEA,2867.7,,107,110,-3
200602010SEA,RS,SEA,2873.1,F,107,111,-4
200602010SEA,RS,SEA,2880.0,,107,111,-4
200602020GSW,RS,SAS,0.0,,0,0,0
200602020GSW,RS,SAS,26.0,,1,0,1
200602020GSW,RS,SAS,87.0,T,1,1,0
200602020GSW,RS,SAS,87.0,LC,1,2,-1
200602020GSW,RS,SAS,132.0,,1,4,-3
200602020GSW,RS,SAS,211.0,,3,4,-1
200602020GSW,RS,SAS,229.0,,3,6,-3
200602020GSW,RS,SAS,245.0,,3,8,-5
200602020GSW,RS,SAS,268.0,,5,8,-3
200602020GSW,RS,SAS,300.0,,6,8,-2
200602020GSW,RS,SAS,313.0,,6,10,-4
200602020GSW,RS,SAS,343.0,,6,12,-6
200602020GSW,RS,SAS,366.0,,9,12,-3
200602020GSW,RS,SAS,393.0,,9,14,-5
200602020GSW,RS,SAS,405.0,,11,14,-3
200602020GSW,RS,SAS,405.0,,12,14,-2
200602020GSW,RS,SAS,420.0,,12,16,-4
200602020GSW,RS,SAS,441.0,,15,16,-1
200602020GSW,RS,SAS,464.0,T,16,16,0
200602020GSW,RS,SAS,498.0,LC,18,16,2
200602020GSW,RS,SAS,518.0,T,18,18,0
200602020GSW,RS,SAS,570.0,,20,18,2
200602020GSW,RS,SAS,598.0,,22,18,4
200602020GSW,RS,SAS,637.0,,22,19,3
200602020GSW,RS,SAS,660.0,,24,19,5
200602020GSW,RS,SAS,671.9,,24,20,4
200602020GSW,RS,SAS,671.9,,24,21,3
200602020GSW,RS,SAS,689.1,,26,21,5
200602020GSW,RS,SAS,703.1,,28,21,7
200602020GSW,RS,SAS,773.0,,28,23,5
200602020GSW,RS,SAS,811.0,,30,23,7
200602020GSW,RS,SAS,827.0,,30,25,5
200602020GSW,RS,SAS,844.0,,33,25,8
200602020GSW,RS,SAS,877.0,,33,27,6
200602020GSW,RS,SAS,911.0,,33,29,4
200602020GSW,RS,SAS,937.0,,33,31,2
200602020GSW,RS,SAS,974.0,T,33,33,0
200602020GSW,RS,SAS,1045.0,,34,33,1
200602020GSW,RS,SAS,1095.0,,35,33,2
200602020GSW,RS,SAS,1095.0,,36,33,3
200602020GSW,RS,SAS,1131.0,,38,33,5
200602020GSW,RS,SAS,1188.0,,40,33,7
200602020GSW,RS,SAS,1267.0,,40,35,5
200602020GSW,RS,SAS,1267.0,,40,36,4
200602020GSW,RS,SAS,1284.0,,41,36,5
200602020GSW,RS,SAS,1284.0,,42,36,6
200602020GSW,RS,SAS,1330.0,,44,36,8
200602020GSW,RS,SAS,1351.0,,44,37,7
200602020GSW,RS,SAS,1351.0,,44,38,6
200602020GSW,RS,SAS,1372.0,,44,40,4
200602020GSW,RS,SAS,1372.0,,44,41,3
200602020GSW,RS,SAS,1408.3,,46,41,5
200602020GSW,RS,SAS,1431.0,,46,44,2
200602020GSW,RS,SAS,1468.0,T,46,46,0
200602020GSW,RS,SAS,1491.0,LC,46,48,-2
200602020GSW,RS,SAS,1514.0,T,48,48,0
200602020GSW,RS,SAS,1584.0,,48,50,-2
200602020GSW,RS,SAS,1602.0,,48,52,-4
200602020GSW,RS,SAS,1624.0,,49,52,-3
200602020GSW,RS,SAS,1624.0,,50,52,-2
200602020GSW,RS,SAS,1649.0,T,52,52,0
200602020GSW,RS,SAS,1690.0,LC,54,52,2
200602020GSW,RS,SAS,1701.0,,54,53,1
200602020GSW,RS,SAS,1701.0,T,54,54,0
200602020GSW,RS,SAS,1716.0,,56,54,2
200602020GSW,RS,SAS,1730.0,T,56,56,0
200602020GSW,RS,SAS,1744.0,,59,56,3
200602020GSW,RS,SAS,1802.0,,59,58,1
200602020GSW,RS,SAS,1815.0,,61,58,3
200602020GSW,RS,SAS,1850.0,,63,58,5
200602020GSW,RS,SAS,1870.0,,63,60,3
200602020GSW,RS,SAS,1895.0,,63,61,2
200602020GSW,RS,SAS,1958.0,T,63,63,0
200602020GSW,RS,SAS,1979.0,,65,63,2
200602020GSW,RS,SAS,1979.0,,66,63,3
200602020GSW,RS,SAS,1993.0,,66,65,1
200602020GSW,RS,SAS,2014.0,,67,65,2
200602020GSW,RS,SAS,2014.0,,68,65,3
200602020GSW,RS,SAS,2029.0,,68,67,1
200602020GSW,RS,SAS,2059.0,T,68,68,0
200602020GSW,RS,SAS,2059.0,LC,68,69,-1
200602020GSW,RS,SAS,2078.0,T,69,69,0
200602020GSW,RS,SAS,2078.0,LC,70,69,1
200602020GSW,RS,SAS,2091.0,LC,70,71,-1
200602020GSW,RS,SAS,2142.4,LC,72,71,1
200602020GSW,RS,SAS,2252.0,LC,72,73,-1
200602020GSW,RS,SAS,2252.0,,72,74,-2
200602020GSW,RS,SAS,2271.0,T,74,74,0
200602020GSW,RS,SAS,2331.0,,74,76,-2
200602020GSW,RS,SAS,2431.0,,74,79,-5
200602020GSW,RS,SAS,2465.0,,76,79,-3
200602020GSW,RS,SAS,2509.0,,76,81,-5
200602020GSW,RS,SAS,2541.0,,78,81,-3
200602020GSW,RS,SAS,2585.0,,79,81,-2
200602020GSW,RS,SAS,2626.0,,79,82,-3
200602020GSW,RS,SAS,2642.0,,81,82,-1
200602020GSW,RS,SAS,2642.0,T,82,82,0
200602020GSW,RS,SAS,2660.0,,82,84,-2
200602020GSW,RS,SAS,2679.0,T,84,84,0
200602020GSW,RS,SAS,2733.0,,84,85,-1
200602020GSW,RS,SAS,2776.0,,84,87,-3
200602020GSW,RS,SAS,2845.8,,86,87,-1
200602020GSW,RS,SAS,2869.8,,86,88,-2
200602020GSW,RS,SAS,2869.8,F,86,89,-3
200602020GSW,RS,SAS,2880.0,,86,89,-3
200602040GSW,RS,MIN,0.0,,0,0,0
200602040GSW,RS,MIN,29.0,,2,0,2
200602040GSW,RS,MIN,67.0,T,2,2,0
200602040GSW,RS,MIN,95.0,LC,2,4,-2
200602040GSW,RS,MIN,119.0,,2,6,-4
200602040GSW,RS,MIN,130.0,,3,6,-3
200602040GSW,RS,MIN,130.0,,4,6,-2
200602040GSW,RS,MIN,147.0,T,6,6,0
200602040GSW,RS,MIN,169.0,LC,8,6,2
200602040GSW,RS,MIN,208.0,,10,6,4
200602040GSW,RS,MIN,221.0,,10,8,2
200602040GSW,RS,MIN,241.0,,12,8,4
200602040GSW,RS,MIN,251.0,,12,10,2
200602040GSW,RS,MIN,272.0,,15,10,5
200602040GSW,RS,MIN,312.0,,15,12,3
200602040GSW,RS,MIN,323.0,,15,14,1
200602040GSW,RS,MIN,391.0,,16,14,2
200602040GSW,RS,MIN,391.0,,17,14,3
200602040GSW,RS,MIN,406.0,,17,15,2
200602040GSW,RS,MIN,429.0,,19,15,4
200602040GSW,RS,MIN,447.0,,19,17,2
200602040GSW,RS,MIN,471.0,,21,17,4
200602040GSW,RS,MIN,510.0,,21,19,2
200602040GSW,RS,MIN,537.0,T,21,21,0
200602040GSW,RS,MIN,564.0,,22,21,1
200602040GSW,RS,MIN,564.0,,23,21,2
200602040GSW,RS,MIN,610.0,,24,21,3
200602040GSW,RS,MIN,610.0,,25,21,4
200602040GSW,RS,MIN,642.0,,27,21,6
200602040GSW,RS,MIN,658.0,,27,22,5
200602040GSW,RS,MIN,659.0,,27,23,4
200602040GSW,RS,MIN,659.0,,27,24,3
200602040GSW,RS,MIN,694.8,,29,24,5
200602040GSW,RS,MIN,742.0,,31,24,7
200602040GSW,RS,MIN,777.0,,31,26,5
200602040GSW,RS,MIN,791.0,,32,26,6
200602040GSW,RS,MIN,791.0,,33,26,7
200602040GSW,RS,MIN,830.0,,35,26,9
200602040GSW,RS,MIN,853.0,,37,26,11
200602040GSW,RS,MIN,877.0,,37,28,9
200602040GSW,RS,MIN,944.0,,37,30,7
200602040GSW,RS,MIN,987.0,,40,30,10
200602040GSW,RS,MIN,1009.0,,42,30,12
200602040GSW,RS,MIN,1048.0,,42,32,10
200602040GSW,RS,MIN,1082.0,,43,32,11
200602040GSW,RS,MIN,1082.0,,44,32,12
200602040GSW,RS,MIN,1095.0,,44,33,11
200602040GSW,RS,MIN,1111.0,,47,33,14
200602040GSW,RS,MIN,1144.0,,47,35,12
200602040GSW,RS,MIN,1179.0,,47,37,10
200602040GSW,RS,MIN,1195.0,,49,37,12
200602040GSW,RS,MIN,1195.0,,50,37,13
200602040GSW,RS,MIN,1346.0,,52,37,15
200602040GSW,RS,MIN,1383.1,,54,37,17
200602040GSW,RS,MIN,1412.1,,56,37,19
200602040GSW,RS,MIN,1463.0,,58,37,21
200602040GSW,RS,MIN,1503.0,,58,39,19
200602040GSW,RS,MIN,1525.0,,59,39,20
200602040GSW,RS,MIN,1525.0,,60,39,21
200602040GSW,RS,MIN,1540.0,,60,41,19
200602040GSW,RS,MIN,1555.0,,62,41,21
200602040GSW,RS,MIN,1619.0,,62,43,19
200602040GSW,RS,MIN,1635.0,,63,43,20
200602040GSW,RS,MIN,1646.0,,63,44,19
200602040GSW,RS,MIN,1681.0,,66,44,22
200602040GSW,RS,MIN,1718.0,,68,44,24
200602040GSW,RS,MIN,1728.0,,68,46,22
200602040GSW,RS,MIN,1795.0,,70,46,24
200602040GSW,RS,MIN,1845.0,,70,47,23
200602040GSW,RS,MIN,1845.0,,70,48,22
200602040GSW,RS,MIN,1848.0,,71,48,23
200602040GSW,RS,MIN,1848.0,,72,48,24
200602040GSW,RS,MIN,1859.0,,72,49,23
200602040GSW,RS,MIN,1859.0,,72,50,22
200602040GSW,RS,MIN,1890.0,,72,52,20
200602040GSW,RS,MIN,1903.0,,74,52,22
200602040GSW,RS,MIN,1903.0,,75,52,23
200602040GSW,RS,MIN,1933.0,,78,52,26
200602040GSW,RS,MIN,1956.0,,78,53,25
200602040GSW,RS,MIN,1956.0,,78,54,24
200602040GSW,RS,MIN,2023.0,,80,54,26
200602040GSW,RS,MIN,2047.0,,80,56,24
200602040GSW,RS,MIN,2063.0,,81,56,25
200602040GSW,RS,MIN,2063.0,,82,56,26
200602040GSW,RS,MIN,2073.0,,83,56,27
200602040GSW,RS,MIN,2120.4,,83,57,26
200602040GSW,RS,MIN,2126.8,,83,59,24
200602040GSW,RS,MIN,2150.3,,85,59,26
200602040GSW,RS,MIN,2218.0,,85,61,24
200602040GSW,RS,MIN,2239.0,,87,61,26
200602040GSW,RS,MIN,2274.0,,89,61,28
200602040GSW,RS,MIN,2300.0,,91,61,30
200602040GSW,RS,MIN,2335.0,,93,61,32
200602040GSW,RS,MIN,2357.0,,95,61,34
200602040GSW,RS,MIN,2373.0,,95,63,32
200602040GSW,RS,MIN,2389.0,,97,63,34
200602040GSW,RS,MIN,2461.0,,99,63,36
200602040GSW,RS,MIN,2522.0,,99,65,34
200602040GSW,RS,MIN,2569.0,,100,65,35
200602040GSW,RS,MIN,2569.0,,101,65,36
200602040GSW,RS,MIN,2586.0,,101,67,34
200602040GSW,RS,MIN,2652.0,,101,69,32
200602040GSW,RS,MIN,2682.0,,101,71,30
200602040GSW,RS,MIN,2706.0,,102,71,31
200602040GSW,RS,MIN,2765.0,,102,73,29
200602040GSW,RS,MIN,2778.0,,103,73,30
200602040GSW,RS,MIN,2778.0,,104,73,31
200602040GSW,RS,MIN,2795.0,,104,75,29
200602040GSW,RS,MIN,2817.0,,106,75,31
200602040GSW,RS,MIN,2827.4,,106,77,29
200602040GSW,RS,MIN,2845.7,F,109,77,32
200602040GSW,RS,MIN,2880.0,,109,77,32
200602060GSW,RS,DEN,0.0,,0,0,0
200602060GSW,RS,DEN,27.0,,0,2,-2
200602060GSW,RS,DEN,76.0,LC,3,2,1
200602060GSW,RS,DEN,106.0,LC,3,4,-1
200602060GSW,RS,DEN,115.0,LC,6,4,2
200602060GSW,RS,DEN,148.0,,8,4,4
200602060GSW,RS,DEN,190.0,,8,6,2
200602060GSW,RS,DEN,230.0,,10,6,4
200602060GSW,RS,DEN,245.0,,10,7,3
200602060GSW,RS,DEN,245.0,,10,8,2
200602060GSW,RS,DEN,289.0,,12,8,4
200602060GSW,RS,DEN,326.0,,12,10,2
200602060GSW,RS,DEN,333.0,,13,10,3
200602060GSW,RS,DEN,333.0,,14,10,4
200602060GSW,RS,DEN,341.0,,14,12,2
200602060GSW,RS,DEN,386.0,,15,12,3
200602060GSW,RS,DEN,418.0,T,15,15,0
200602060GSW,RS,DEN,451.0,LC,15,17,-2
200602060GSW,RS,DEN,462.0,,16,17,-1
200602060GSW,RS,DEN,462.0,T,17,17,0
200602060GSW,RS,DEN,501.0,LC,19,17,2
200602060GSW,RS,DEN,514.0,T,19,19,0
200602060GSW,RS,DEN,569.0,,21,19,2
200602060GSW,RS,DEN,579.0,,21,20,1
200602060GSW,RS,DEN,605.0,LC,21,22,-1
200602060GSW,RS,DEN,605.0,,21,23,-2
200602060GSW,RS,DEN,620.0,T,23,23,0
200602060GSW,RS,DEN,634.0,,23,25,-2
200602060GSW,RS,DEN,641.0,,24,25,-1
200602060GSW,RS,DEN,692.9,T,25,25,0
200602060GSW,RS,DEN,692.9,LC,26,25,1
200602060GSW,RS,DEN,717.3,,28,25,3
200602060GSW,RS,DEN,750.0,,30,25,5
200602060GSW,RS,DEN,772.0,,30,28,2
200602060GSW,RS,DEN,828.0,LC,30,31,-1
200602060GSW,RS,DEN,848.0,LC,33,31,2
200602060GSW,RS,DEN,871.0,T,33,33,0
200602060GSW,RS,DEN,883.0,,34,33,1
200602060GSW,RS,DEN,883.0,,35,33,2
200602060GSW,RS,DEN,913.0,,35,34,1
200602060GSW,RS,DEN,913.0,T,35,35,0
200602060GSW,RS,DEN,936.0,LC,35,37,-2
200602060GSW,RS,DEN,956.0,T,37,37,0
200602060GSW,RS,DEN,970.0,,37,39,-2
200602060GSW,RS,DEN,995.0,,38,39,-1
200602060GSW,RS,DEN,1023.0,LC,40,39,1
200602060GSW,RS,DEN,1023.0,,41,39,2
200602060GSW,RS,DEN,1047.0,T,41,41,0
200602060GSW,RS,DEN,1098.0,LC,41,43,-2
200602060GSW,RS,DEN,1117.0,LC,44,43,1
200602060GSW,RS,DEN,1132.0,LC,44,45,-1
200602060GSW,RS,DEN,1176.0,,44,46,-2
200602060GSW,RS,DEN,1241.0,T,46,46,0
200602060GSW,RS,DEN,1262.0,,46,48,-2
200602060GSW,RS,DEN,1312.0,,46,50,-4
200602060GSW,RS,DEN,1329.0,,48,50,-2
200602060GSW,RS,DEN,1380.0,,48,52,-4
200602060GSW,RS,DEN,1384.9,,49,52,-3
200602060GSW,RS,DEN,1396.0,,49,53,-4
200602060GSW,RS,DEN,1396.0,,49,54,-5
200602060GSW,RS,DEN,1413.4,,49,55,-6
200602060GSW,RS,DEN,1413.4,,49,56,-7
200602060GSW,RS,DEN,1423.5,,49,57,-8
200602060GSW,RS,DEN,1423.5,,49,58,-9
200602060GSW,RS,DEN,1438.3,,51,58,-7
200602060GSW,RS,DEN,1438.3,,52,58,-6
200602060GSW,RS,DEN,1473.0,,54,58,-4
200602060GSW,RS,DEN,1484.0,,54,59,-5
200602060GSW,RS,DEN,1494.0,,56,59,-3
200602060GSW,RS,DEN,1539.0,,56,61,-5
200602060GSW,RS,DEN,1571.0,,56,63,-7
200602060GSW,RS,DEN,1585.0,,58,63,-5
200602060GSW,RS,DEN,1627.0,,58,65,-7
200602060GSW,RS,DEN,1642.0,,60,65,-5
200602060GSW,RS,DEN,1652.0,,60,68,-8
200602060GSW,RS,DEN,1675.0,,63,68,-5
200602060GSW,RS,DEN,1728.0,,65,68,-3
200602060GSW,RS,DEN,1762.0,T,68,68,0
200602060GSW,RS,DEN,1834.0,LC,69,68,1
200602060GSW,RS,DEN,1834.0,,70,68,2
200602060GSW,RS,DEN,1843.0,,70,69,1
200602060GSW,RS,DEN,1876.0,,72,69,3
200602060GSW,RS,DEN,1907.0,,75,69,6
200602060GSW,RS,DEN,1970.0,,77,69,8
200602060GSW,RS,DEN,2015.0,,79,69,10
200602060GSW,RS,DEN,2037.0,,81,69,12
200602060GSW,RS,DEN,2082.0,,83,69,14
200602060GSW,RS,DEN,2082.0,,84,69,15
200602060GSW,RS,DEN,2099.0,,84,71,13
200602060GSW,RS,DEN,2127.2,,84,73,11
200602060GSW,RS,DEN,2148.5,,87,73,14
200602060GSW,RS,DEN,2176.0,,87,74,13
200602060GSW,RS,DEN,2176.0,,87,75,12
200602060GSW,RS,DEN,2193.0,,89,75,14
200602060GSW,RS,DEN,2240.0,,91,75,16
200602060GSW,RS,DEN,2270.0,,94,75,19
200602060GSW,RS,DEN,2291.0,,94,77,17
200602060GSW,RS,DEN,2322.0,,94,78,16
200602060GSW,RS,DEN,2322.0,,94,79,15
200602060GSW,RS,DEN,2344.0,,96,79,17
200602060GSW,RS,DEN,2344.0,,97,79,18
200602060GSW,RS,DEN,2356.0,,97,80,17
200602060GSW,RS,DEN,2356.0,,97,81,16
200602060GSW,RS,DEN,2383.0,,97,83,14
200602060GSW,RS,DEN,2443.0,,97,84,13
200602060GSW,RS,DEN,2466.0,,100,84,16
200602060GSW,RS,DEN,2495.0,,102,84,18
200602060GSW,RS,DEN,2507.0,,102,85,17
200602060GSW,RS,DEN,2507.0,,102,86,16
200602060GSW,RS,DEN,2535.0,,104,86,18
200602060GSW,RS,DEN,2550.0,,104,88,16
200602060GSW,RS,DEN,2578.0,,104,89,15
200602060GSW,RS,DEN,2578.0,,104,90,14
200602060GSW,RS,DEN,2597.0,,105,90,15
200602060GSW,RS,DEN,2597.0,,106,90,16
200602060GSW,RS,DEN,2603.0,,106,91,15
200602060GSW,RS,DEN,2603.0,,106,92,14
200602060GSW,RS,DEN,2616.0,,107,92,15
200602060GSW,RS,DEN,2626.0,,107,94,13
200602060GSW,RS,DEN,2626.0,,107,95,12
200602060GSW,RS,DEN,2635.0,,108,95,13
200602060GSW,RS,DEN,2635.0,,109,95,14
200602060GSW,RS,DEN,2651.0,,109,97,12
200602060GSW,RS,DEN,2675.0,,111,97,14
200602060GSW,RS,DEN,2685.0,,111,99,12
200602060GSW,RS,DEN,2717.0,,111,101,10
200602060GSW,RS,DEN,2735.0,,111,103,8
200602060GSW,RS,DEN,2759.0,,111,104,7
200602060GSW,RS,DEN,2759.0,,111,105,6
200602060GSW,RS,DEN,2768.0,,112,105,7
200602060GSW,RS,DEN,2768.0,,113,105,8
200602060GSW,RS,DEN,2784.0,,113,107,6
200602060GSW,RS,DEN,2805.0,,115,107,8
200602060GSW,RS,DEN,2813.0,,115,109,6
200602060GSW,RS,DEN,2832.5,,117,109,8
200602060GSW,RS,DEN,2845.1,,119,109,10
200602060GSW,RS,DEN,2851.6,,119,112,7
200602060GSW,RS,DEN,2856.2,,119,114,5
200602060GSW,RS,DEN,2858.6,,120,114,6
200602060GSW,RS,DEN,2872.9,F,122,114,8
200602060GSW,RS,DEN,2880.0,,122,114,8
200602080WAS,RS,WAS,0.0,,0,0,0
200602080WAS,RS,WAS,50.0,,2,0,2
200602080WAS,RS,WAS,66.0,T,2,2,0
200602080WAS,RS,WAS,76.0,,4,2,2
200602080WAS,RS,WAS,98.0,T,4,4,0
200602080WAS,RS,WAS,109.0,,6,4,2
200602080WAS,RS,WAS,109.0,,7,4,3
200602080WAS,RS,WAS,171.0,,7,6,1
200602080WAS,RS,WAS,189.0,,9,6,3
200602080WAS,RS,WAS,211.0,,9,8,1
200602080WAS,RS,WAS,234.0,LC,9,10,-1
200602080WAS,RS,WAS,259.0,LC,11,10,1
200602080WAS,RS,WAS,267.0,LC,11,13,-2
200602080WAS,RS,WAS,312.0,T,13,13,0
200602080WAS,RS,WAS,338.0,LC,15,13,2
200602080WAS,RS,WAS,355.0,T,15,15,0
200602080WAS,RS,WAS,369.0,,16,15,1
200602080WAS,RS,WAS,369.0,,17,15,2
200602080WAS,RS,WAS,398.0,,19,15,4
200602080WAS,RS,WAS,419.0,,21,15,6
200602080WAS,RS,WAS,447.0,,22,15,7
200602080WAS,RS,WAS,447.0,,23,15,8
200602080WAS,RS,WAS,468.0,,24,15,9
200602080WAS,RS,WAS,491.0,,26,15,11
200602080WAS,RS,WAS,512.0,,26,17,9
200602080WAS,RS,WAS,522.0,,28,17,11
200602080WAS,RS,WAS,538.0,,28,19,9
200602080WAS,RS,WAS,548.0,,31,19,12
200602080WAS,RS,WAS,559.0,,31,20,11
200602080WAS,RS,WAS,559.0,,31,21,10
200602080WAS,RS,WAS,575.0,,34,21,13
200602080WAS,RS,WAS,596.0,,34,22,12
200602080WAS,RS,WAS,596.0,,34,23,11
200602080WAS,RS,WAS,616.0,,35,23,12
200602080WAS,RS,WAS,619.0,,35,24,11
200602080WAS,RS,WAS,619.0,,35,25,10
200602080WAS,RS,WAS,640.0,,35,26,9
200602080WAS,RS,WAS,640.0,,35,27,8
200602080WAS,RS,WAS,676.5,,35,29,6
200602080WAS,RS,WAS,693.3,,35,31,4
200602080WAS,RS,WAS,720.0,,35,32,3
200602080WAS,RS,WAS,743.0,T,35,35,0
200602080WAS,RS,WAS,769.0,,37,35,2
200602080WAS,RS,WAS,795.0,T,37,37,0
200602080WAS,RS,WAS,867.0,,38,37,1
200602080WAS,RS,WAS,867.0,,39,37,2
200602080WAS,RS,WAS,894.0,T,39,39,0
200602080WAS,RS,WAS,894.0,LC,39,40,-1
200602080WAS,RS,WAS,901.0,LC,41,40,1
200602080WAS,RS,WAS,919.0,LC,41,42,-1
200602080WAS,RS,WAS,941.0,,41,44,-3
200602080WAS,RS,WAS,983.0,,43,44,-1
200602080WAS,RS,WAS,1010.0,LC,45,44,1
200602080WAS,RS,WAS,1032.0,,47,44,3
200602080WAS,RS,WAS,1055.0,,49,44,5
200602080WAS,RS,WAS,1072.0,,49,46,3
200602080WAS,RS,WAS,1091.0,,49,48,1
200602080WAS,RS,WAS,1110.0,,50,48,2
200602080WAS,RS,WAS,1110.0,,51,48,3
200602080WAS,RS,WAS,1127.0,,51,50,1
200602080WAS,RS,WAS,1146.0,,53,50,3
200602080WAS,RS,WAS,1171.0,,55,50,5
200602080WAS,RS,WAS,1231.0,,57,50,7
200602080WAS,RS,WAS,1275.0,,57,52,5
200602080WAS,RS,WAS,1293.0,,59,52,7
200602080WAS,RS,WAS,1327.0,,59,54,5
200602080WAS,RS,WAS,1327.0,,59,55,4
200602080WAS,RS,WAS,1352.0,,62,55,7
200602080WAS,RS,WAS,1373.0,,62,56,6
200602080WAS,RS,WAS,1373.0,,62,57,5
200602080WAS,RS,WAS,1410.5,,62,59,3
200602080WAS,RS,WAS,1439.8,T,62,62,0
200602080WAS,RS,WAS,1491.0,,64,62,2
200602080WAS,RS,WAS,1507.0,T,64,64,0
200602080WAS,RS,WAS,1539.0,LC,64,66,-2
200602080WAS,RS,WAS,1567.0,,64,68,-4
200602080WAS,RS,WAS,1635.0,,66,68,-2
200602080WAS,RS,WAS,1660.0,,66,70,-4
200602080WAS,RS,WAS,1683.0,,67,70,-3
200602080WAS,RS,WAS,1698.0,,67,71,-4
200602080WAS,RS,WAS,1709.0,,69,71,-2
200602080WAS,RS,WAS,1738.0,,70,71,-1
200602080WAS,RS,WAS,1738.0,T,71,71,0
200602080WAS,RS,WAS,1753.0,,71,73,-2
200602080WAS,RS,WAS,1785.0,LC,74,73,1
200602080WAS,RS,WAS,1808.0,,75,73,2
200602080WAS,RS,WAS,1808.0,,76,73,3
200602080WAS,RS,WAS,1833.0,,76,75,1
200602080WAS,RS,WAS,1833.0,T,76,76,0
200602080WAS,RS,WAS,1847.0,,78,76,2
200602080WAS,RS,WAS,1888.0,,80,76,4
200602080WAS,RS,WAS,1908.0,,80,77,3
200602080WAS,RS,WAS,1908.0,,80,78,2
200602080WAS,RS,WAS,1924.0,T,80,80,0
200602080WAS,RS,WAS,1950.0,LC,80,82,-2
200602080WAS,RS,WAS,1970.0,,81,82,-1
200602080WAS,RS,WAS,1970.0,T,82,82,0
200602080WAS,RS,WAS,1984.0,,82,84,-2
200602080WAS,RS,WAS,1984.0,,82,85,-3
200602080WAS,RS,WAS,1997.0,,84,85,-1
200602080WAS,RS,WAS,2034.0,,84,87,-3
200602080WAS,RS,WAS,2066.0,,85,87,-2
200602080WAS,RS,WAS,2081.0,,85,88,-3
200602080WAS,RS,WAS,2094.0,,86,88,-2
200602080WAS,RS,WAS,2094.0,,87,88,-1
200602080WAS,RS,WAS,2127.2,,87,89,-2
200602080WAS,RS,WAS,2141.2,,88,89,-1
200602080WAS,RS,WAS,2155.7,,88,90,-2
200602080WAS,RS,WAS,2155.7,,88,91,-3
200602080WAS,RS,WAS,2215.0,,90,91,-1
200602080WAS,RS,WAS,2231.0,,90,93,-3
200602080WAS,RS,WAS,2269.0,,90,95,-5
200602080WAS,RS,WAS,2295.0,,90,96,-6
200602080WAS,RS,WAS,2329.0,,90,98,-8
200602080WAS,RS,WAS,2362.0,,92,98,-6
200602080WAS,RS,WAS,2386.0,,92,99,-7
200602080WAS,RS,WAS,2386.0,,92,100,-8
200602080WAS,RS,WAS,2400.0,,94,100,-6
200602080WAS,RS,WAS,2420.0,,94,102,-8
200602080WAS,RS,WAS,2440.0,,94,103,-9
200602080WAS,RS,WAS,2450.0,,94,105,-11
200602080WAS,RS,WAS,2529.0,,94,106,-12
200602080WAS,RS,WAS,2529.0,,94,107,-13
200602080WAS,RS,WAS,2571.0,,96,107,-11
200602080WAS,RS,WAS,2571.0,,97,107,-10
200602080WAS,RS,WAS,2597.0,,99,107,-8
200602080WAS,RS,WAS,2611.0,,99,108,-9
200602080WAS,RS,WAS,2611.0,,99,109,-10
200602080WAS,RS,WAS,2632.0,,101,109,-8
200602080WAS,RS,WAS,2659.0,,103,109,-6
200602080WAS,RS,WAS,2673.0,,103,110,-7
200602080WAS,RS,WAS,2693.0,,105,110,-5
200602080WAS,RS,WAS,2724.0,,105,112,-7
200602080WAS,RS,WAS,2747.0,,105,113,-8
200602080WAS,RS,WAS,2759.0,,108,113,-5
200602080WAS,RS,WAS,2781.0,,108,114,-6
200602080WAS,RS,WAS,2781.0,,108,115,-7
200602080WAS,RS,WAS,2794.0,,111,115,-4
200602080WAS,RS,WAS,2842.4,,111,116,-5
200602080WAS,RS,WAS,2842.4,,111,117,-6
200602080WAS,RS,WAS,2853.4,,111,118,-7
200602080WAS,RS,WAS,2853.4,,111,119,-8
200602080WAS,RS,WAS,2859.2,,113,119,-6
200602080WAS,RS,WAS,2860.7,,113,120,-7
200602080WAS,RS,WAS,2860.7,,113,121,-8
200602080WAS,RS,WAS,2864.1,,116,121,-5
200602080WAS,RS,WAS,2864.4,,116,122,-6
200602080WAS,RS,WAS,2864.4,,116,123,-7
200602080WAS,RS,WAS,2868.4,,118,123,-5
200602080WAS,RS,WAS,2868.4,,119,123,-4
200602080WAS,RS,WAS,2868.4,,119,124,-5
200602080WAS,RS,WAS,2868.4,,119,125,-6
200602080WAS,RS,WAS,2873.0,,121,125,-4
200602080WAS,RS,WAS,2873.6,,121,126,-5
200602080WAS,RS,WAS,2873.6,,121,127,-6
200602080WAS,RS,WAS,2879.0,,124,127,-3
200602080WAS,RS,WAS,2879.7,,124,128,-4
200602080WAS,RS,WAS,2879.7,F,124,129,-5
200602080WAS,RS,WAS,2880.0,,124,129,-5
200602100IND,RS,IND,0.0,,0,0,0
200602100IND,RS,IND,6.0,,1,0,1
200602100IND,RS,IND,25.0,LC,1,2,-1
200602100IND,RS,IND,25.0,,1,3,-2
200602100IND,RS,IND,45.0,T,3,3,0
200602100IND,RS,IND,84.0,,3,5,-2
200602100IND,RS,IND,96.0,T,5,5,0
200602100IND,RS,IND,114.0,,5,8,-3
200602100IND,RS,IND,126.0,,7,8,-1
200602100IND,RS,IND,139.0,,7,10,-3
200602100IND,RS,IND,159.0,,8,10,-2
200602100IND,RS,IND,185.0,,8,13,-5
200602100IND,RS,IND,220.0,,8,15,-7
200602100IND,RS,IND,269.0,,8,16,-8
200602100IND,RS,IND,288.0,,11,16,-5
200602100IND,RS,IND,321.0,,11,18,-7
200602100IND,RS,IND,358.0,,11,20,-9
200602100IND,RS,IND,361.0,,11,21,-10
200602100IND,RS,IND,361.0,,11,22,-11
200602100IND,RS,IND,399.0,,11,24,-13
200602100IND,RS,IND,427.0,,11,26,-15
200602100IND,RS,IND,448.0,,13,26,-13
200602100IND,RS,IND,467.0,,16,26,-10
200602100IND,RS,IND,485.0,,16,28,-12
200602100IND,RS,IND,495.0,,18,28,-10
200602100IND,RS,IND,510.0,,18,29,-11
200602100IND,RS,IND,510.0,,18,30,-12
200602100IND,RS,IND,550.0,,19,30,-11
200602100IND,RS,IND,599.0,,19,32,-13
200602100IND,RS,IND,615.0,,20,32,-12
200602100IND,RS,IND,643.0,,21,32,-11
200602100IND,RS,IND,643.0,,22,32,-10
200602100IND,RS,IND,677.2,,24,32,-8
200602100IND,RS,IND,815.0,,24,35,-11
200602100IND,RS,IND,849.0,,26,35,-9
200602100IND,RS,IND,917.0,,28,35,-7
200602100IND,RS,IND,950.0,,28,37,-9
200602100IND,RS,IND,1006.0,,30,37,-7
200602100IND,RS,IND,1036.0,,32,37,-5
200602100IND,RS,IND,1061.0,,32,40,-8
200602100IND,RS,IND,1123.0,,32,41,-9
200602100IND,RS,IND,1123.0,,32,42,-10
200602100IND,RS,IND,1155.0,,32,44,-12
200602100IND,RS,IND,1219.0,,32,46,-14
200602100IND,RS,IND,1281.0,,32,48,-16
200602100IND,RS,IND,1302.0,,33,48,-15
200602100IND,RS,IND,1356.0,,33,50,-17
200602100IND,RS,IND,1373.0,,34,50,-16
200602100IND,RS,IND,1401.4,,35,50,-15
200602100IND,RS,IND,1401.4,,36,50,-14
200602100IND,RS,IND,1488.0,,36,51,-15
200602100IND,RS,IND,1499.0,,36,52,-16
200602100IND,RS,IND,1499.0,,36,53,-17
200602100IND,RS,IND,1519.0,,38,53,-15
200602100IND,RS,IND,1531.0,,38,55,-17
200602100IND,RS,IND,1547.0,,40,55,-15
200602100IND,RS,IND,1561.0,,40,57,-17
200602100IND,RS,IND,1572.0,,42,57,-15
200602100IND,RS,IND,1580.0,,42,59,-17
200602100IND,RS,IND,1614.0,,42,60,-18
200602100IND,RS,IND,1635.0,,44,60,-16
200602100IND,RS,IND,1645.0,,44,63,-19
200602100IND,RS,IND,1661.0,,45,63,-18
200602100IND,RS,IND,1661.0,,46,63,-17
200602100IND,RS,IND,1677.0,,46,65,-19
200602100IND,RS,IND,1691.0,,49,65,-16
200602100IND,RS,IND,1708.0,,49,68,-19
200602100IND,RS,IND,1724.0,,51,68,-17
200602100IND,RS,IND,1747.0,,53,68,-15
200602100IND,RS,IND,1761.0,,53,69,-16
200602100IND,RS,IND,1761.0,,53,70,-17
200602100IND,RS,IND,1787.0,,55,70,-15
200602100IND,RS,IND,1811.0,,55,72,-17
200602100IND,RS,IND,1821.0,,56,72,-16
200602100IND,RS,IND,1821.0,,57,72,-15
200602100IND,RS,IND,1856.0,,60,72,-12
200602100IND,RS,IND,1875.0,,60,73,-13
200602100IND,RS,IND,1888.0,,62,73,-11
200602100IND,RS,IND,1909.0,,62,75,-13
200602100IND,RS,IND,1928.0,,63,75,-12
200602100IND,RS,IND,1928.0,,64,75,-11
200602100IND,RS,IND,1943.0,,64,77,-13
200602100IND,RS,IND,1972.0,,64,78,-14
200602100IND,RS,IND,2015.0,,66,78,-12
200602100IND,RS,IND,2015.0,,67,78,-11
200602100IND,RS,IND,2038.0,,68,78,-10
200602100IND,RS,IND,2038.0,,69,78,-9
200602100IND,RS,IND,2089.0,,70,78,-8
200602100IND,RS,IND,2089.0,,71,78,-7
200602100IND,RS,IND,2101.9,,71,79,-8
200602100IND,RS,IND,2101.9,,71,80,-9
200602100IND,RS,IND,2113.0,,73,80,-7
200602100IND,RS,IND,2130.6,,73,82,-9
200602100IND,RS,IND,2150.6,,75,82,-7
200602100IND,RS,IND,2246.0,,77,82,-5
200602100IND,RS,IND,2272.0,,77,83,-6
200602100IND,RS,IND,2341.0,,80,83,-3
200602100IND,RS,IND,2379.0,,80,86,-6
200602100IND,RS,IND,2414.0,,80,88,-8
200602100IND,RS,IND,2414.0,,80,89,-9
200602100IND,RS,IND,2426.0,,82,89,-7
200602100IND,RS,IND,2453.0,,83,89,-6
200602100IND,RS,IND,2453.0,,84,89,-5
200602100IND,RS,IND,2491.0,,84,91,-7
200602100IND,RS,IND,2493.0,,85,91,-6
200602100IND,RS,IND,2510.0,,87,91,-4
200602100IND,RS,IND,2560.0,,90,91,-1
200602100IND,RS,IND,2580.0,,90,92,-2
200602100IND,RS,IND,2580.0,,90,93,-3
200602100IND,RS,IND,2624.0,,90,94,-4
200602100IND,RS,IND,2655.0,,90,97,-7
200602100IND,RS,IND,2674.0,,92,97,-5
200602100IND,RS,IND,2693.0,,92,98,-6
200602100IND,RS,IND,2693.0,,92,99,-7
200602100IND,RS,IND,2737.0,,92,102,-10
200602100IND,RS,IND,2777.0,,92,103,-11
200602100IND,RS,IND,2807.0,,92,105,-13
200602100IND,RS,IND,2860.7,,95,105,-10
200602100IND,RS,IND,2868.9,,95,106,-11
200602100IND,RS,IND,2868.9,F,95,107,-12
200602100IND,RS,IND,2880.0,,95,107,-12
200602110CLE,RS,CLE,0.0,,0,0,0
200602110CLE,RS,CLE,44.0,,0,2,-2
200602110CLE,RS,CLE,44.0,,0,3,-3
200602110CLE,RS,CLE,80.0,,2,3,-1
200602110CLE,RS,CLE,117.0,LC,4,3,1
200602110CLE,RS,CLE,140.0,T,4,4,0
200602110CLE,RS,CLE,153.0,,7,4,3
200602110CLE,RS,CLE,179.0,,9,4,5
200602110CLE,RS,CLE,250.0,,9,6,3
200602110CLE,RS,CLE,250.0,,9,7,2
200602110CLE,RS,CLE,343.0,,9,8,1
200602110CLE,RS,CLE,343.0,T,9,9,0
200602110CLE,RS,CLE,358.0,,11,9,2
200602110CLE,RS,CLE,377.0,,11,10,1
200602110CLE,RS,CLE,377.0,T,11,11,0
200602110CLE,RS,CLE,389.0,,13,11,2
200602110CLE,RS,CLE,409.0,LC,13,14,-1
200602110CLE,RS,CLE,423.0,LC,16,14,2
200602110CLE,RS,CLE,469.0,LC,16,17,-1
200602110CLE,RS,CLE,487.0,LC,18,17,1
200602110CLE,RS,CLE,535.0,LC,18,19,-1
200602110CLE,RS,CLE,546.0,LC,20,19,1
200602110CLE,RS,CLE,573.0,,22,19,3
200602110CLE,RS,CLE,573.0,,23,19,4
200602110CLE,RS,CLE,595.0,,23,22,1
200602110CLE,RS,CLE,617.0,,25,22,3
200602110CLE,RS,CLE,659.0,,27,22,5
200602110CLE,RS,CLE,678.6,,27,23,4
200602110CLE,RS,CLE,688.1,,29,23,6
200602110CLE,RS,CLE,780.0,,29,26,3
200602110CLE,RS,CLE,797.0,,31,26,5
200602110CLE,RS,CLE,822.0,,31,28,3
200602110CLE,RS,CLE,845.0,,33,28,5
200602110CLE,RS,CLE,870.0,,34,28,6
200602110CLE,RS,CLE,937.0,,34,30,4
200602110CLE,RS,CLE,965.0,,34,32,2
200602110CLE,RS,CLE,995.0,LC,34,35,-1
200602110CLE,RS,CLE,1020.0,,34,37,-3
200602110CLE,RS,CLE,1078.0,,36,37,-1
200602110CLE,RS,CLE,1107.0,LC,38,37,1
200602110CLE,RS,CLE,1107.0,,39,37,2
200602110CLE,RS,CLE,1148.0,,40,37,3
200602110CLE,RS,CLE,1170.0,,40,39,1
200602110CLE,RS,CLE,1194.0,,42,39,3
200602110CLE,RS,CLE,1218.0,,42,40,2
200602110CLE,RS,CLE,1260.0,,43,40,3
200602110CLE,RS,CLE,1260.0,,44,40,4
200602110CLE,RS,CLE,1285.0,,44,42,2
200602110CLE,RS,CLE,1336.0,,44,43,1
200602110CLE,RS,CLE,1336.0,T,44,44,0
200602110CLE,RS,CLE,1349.0,,46,44,2
200602110CLE,RS,CLE,1381.1,,48,44,4
200602110CLE,RS,CLE,1420.9,,48,46,2
200602110CLE,RS,CLE,1420.9,,48,47,1
200602110CLE,RS,CLE,1472.0,T,48,48,0
200602110CLE,RS,CLE,1483.0,,50,48,2
200602110CLE,RS,CLE,1535.0,,52,48,4
200602110CLE,RS,CLE,1593.0,,52,51,1
200602110CLE,RS,CLE,1624.0,,53,51,2
200602110CLE,RS,CLE,1649.0,T,53,53,0
200602110CLE,RS,CLE,1661.0,,56,53,3
200602110CLE,RS,CLE,1679.0,T,56,56,0
200602110CLE,RS,CLE,1690.0,,58,56,2
200602110CLE,RS,CLE,1690.0,,59,56,3
200602110CLE,RS,CLE,1712.0,,59,58,1
200602110CLE,RS,CLE,1742.0,LC,59,60,-1
200602110CLE,RS,CLE,1763.0,,59,62,-3
200602110CLE,RS,CLE,1786.0,T,62,62,0
200602110CLE,RS,CLE,1810.0,,62,65,-3
200602110CLE,RS,CLE,1870.0,T,65,65,0
200602110CLE,RS,CLE,1902.0,LC,67,65,2
200602110CLE,RS,CLE,1938.0,,69,65,4
200602110CLE,RS,CLE,2012.0,,70,65,5
200602110CLE,RS,CLE,2012.0,,71,65,6
200602110CLE,RS,CLE,2030.0,,72,65,7
200602110CLE,RS,CLE,2054.0,,72,67,5
200602110CLE,RS,CLE,2072.0,,73,67,6
200602110CLE,RS,CLE,2090.0,,73,68,5
200602110CLE,RS,CLE,2090.0,,73,69,4
200602110CLE,RS,CLE,2104.1,,75,69,6
200602110CLE,RS,CLE,2138.1,,75,71,4
200602110CLE,RS,CLE,2236.0,,75,73,2
200602110CLE,RS,CLE,2256.0,,78,73,5
200602110CLE,RS,CLE,2317.0,,78,75,3
200602110CLE,RS,CLE,2345.0,,78,77,1
200602110CLE,RS,CLE,2371.0,,80,77,3
200602110CLE,RS,CLE,2395.0,,80,79,1
200602110CLE,RS,CLE,2418.0,,82,79,3
200602110CLE,RS,CLE,2472.0,,82,81,1
200602110CLE,RS,CLE,2492.0,,84,81,3
200602110CLE,RS,CLE,2513.0,T,84,84,0
200602110CLE,RS,CLE,2535.0,,86,84,2
200602110CLE,RS,CLE,2576.0,,88,84,4
200602110CLE,RS,CLE,2594.0,,88,86,2
200602110CLE,RS,CLE,2646.0,,90,86,4
200602110CLE,RS,CLE,2698.0,,91,86,5
200602110CLE,RS,CLE,2712.0,,91,89,2
200602110CLE,RS,CLE,2738.0,,94,89,5
200602110CLE,RS,CLE,2774.0,,96,89,7
200602110CLE,RS,CLE,2794.0,,96,91,5
200602110CLE,RS,CLE,2809.0,,97,91,6
200602110CLE,RS,CLE,2859.0,,98,91,7
200602110CLE,RS,CLE,2869.3,F,99,91,8
200602110CLE,RS,CLE,2880.0,,99,91,8
200602130GSW,RS,MEM,0.0,,0,0,0
200602130GSW,RS,MEM,20.0,,0,2,-2
200602130GSW,RS,MEM,164.0,T,2,2,0
200602130GSW,RS,MEM,178.0,,2,4,-2
200602130GSW,RS,MEM,230.0,,2,6,-4
200602130GSW,RS,MEM,264.0,,2,8,-6
200602130GSW,RS,MEM,326.0,,2,9,-7
200602130GSW,RS,MEM,327.0,,2,11,-9
200602130GSW,RS,MEM,363.0,,4,11,-7
200602130GSW,RS,MEM,396.0,,4,13,-9
200602130GSW,RS,MEM,402.0,,6,13,-7
200602130GSW,RS,MEM,402.0,,7,13,-6
200602130GSW,RS,MEM,428.0,,10,13,-3
200602130GSW,RS,MEM,454.0,,10,15,-5
200602130GSW,RS,MEM,476.0,,12,15,-3
200602130GSW,RS,MEM,505.0,,12,18,-6
200602130GSW,RS,MEM,530.0,,14,18,-4
200602130GSW,RS,MEM,550.0,,14,20,-6
200602130GSW,RS,MEM,570.0,,15,20,-5
200602130GSW,RS,MEM,570.0,,16,20,-4
200602130GSW,RS,MEM,620.0,,18,20,-2
200602130GSW,RS,MEM,655.0,,19,20,-1
200602130GSW,RS,MEM,655.0,T,20,20,0
200602130GSW,RS,MEM,665.5,,20,22,-2
200602130GSW,RS,MEM,681.8,T,22,22,0
200602130GSW,RS,MEM,694.1,,22,23,-1
200602130GSW,RS,MEM,737.0,LC,24,23,1
200602130GSW,RS,MEM,806.0,LC,24,25,-1
200602130GSW,RS,MEM,833.0,,24,27,-3
200602130GSW,RS,MEM,870.0,,26,27,-1
200602130GSW,RS,MEM,889.0,,26,30,-4
200602130GSW,RS,MEM,913.0,,26,32,-6
200602130GSW,RS,MEM,934.0,,28,32,-4
200602130GSW,RS,MEM,970.0,,28,34,-6
200602130GSW,RS,MEM,1003.0,,28,36,-8
200602130GSW,RS,MEM,1025.0,,30,36,-6
200602130GSW,RS,MEM,1051.0,,30,38,-8
200602130GSW,RS,MEM,1074.0,,30,40,-10
200602130GSW,RS,MEM,1099.0,,31,40,-9
200602130GSW,RS,MEM,1099.0,,32,40,-8
200602130GSW,RS,MEM,1134.0,,34,40,-6
200602130GSW,RS,MEM,1152.0,,34,42,-8
200602130GSW,RS,MEM,1229.0,,34,44,-10
200602130GSW,RS,MEM,1313.0,,35,44,-9
200602130GSW,RS,MEM,1313.0,,36,44,-8
200602130GSW,RS,MEM,1362.0,,37,44,-7
200602130GSW,RS,MEM,1362.0,,38,44,-6
200602130GSW,RS,MEM,1390.1,,40,44,-4
200602130GSW,RS,MEM,1427.4,,40,46,-6
200602130GSW,RS,MEM,1427.4,,40,47,-7
200602130GSW,RS,MEM,1490.0,,41,47,-6
200602130GSW,RS,MEM,1490.0,,42,47,-5
200602130GSW,RS,MEM,1518.0,,44,47,-3
200602130GSW,RS,MEM,1544.0,,46,47,-1
200602130GSW,RS,MEM,1568.0,,46,50,-4
200602130GSW,RS,MEM,1584.0,,49,50,-1
200602130GSW,RS,MEM,1623.0,LC,51,50,1
200602130GSW,RS,MEM,1641.0,LC,51,52,-1
200602130GSW,RS,MEM,1713.0,LC,53,52,1
200602130GSW,RS,MEM,1830.0,LC,53,54,-1
200602130GSW,RS,MEM,1919.0,LC,55,54,1
200602130GSW,RS,MEM,1939.0,LC,55,56,-1
200602130GSW,RS,MEM,1956.0,T,56,56,0
200602130GSW,RS,MEM,1956.0,LC,57,56,1
200602130GSW,RS,MEM,2006.0,,58,56,2
200602130GSW,RS,MEM,2006.0,,59,56,3
200602130GSW,RS,MEM,2043.0,,60,56,4
200602130GSW,RS,MEM,2043.0,,61,56,5
200602130GSW,RS,MEM,2061.0,,63,56,7
200602130GSW,RS,MEM,2091.0,,65,56,9
200602130GSW,RS,MEM,2113.0,,65,58,7
200602130GSW,RS,MEM,2174.0,,65,60,5
200602130GSW,RS,MEM,2209.0,,65,63,2
200602130GSW,RS,MEM,2297.0,T,65,65,0
200602130GSW,RS,MEM,2313.0,,67,65,2
200602130GSW,RS,MEM,2340.0,T,67,67,0
200602130GSW,RS,MEM,2353.0,,70,67,3
200602130GSW,RS,MEM,2415.0,,72,67,5
200602130GSW,RS,MEM,2621.0,,72,68,4
200602130GSW,RS,MEM,2621.0,,72,69,3
200602130GSW,RS,MEM,2633.0,,73,69,4
200602130GSW,RS,MEM,2664.0,,73,70,3
200602130GSW,RS,MEM,2732.0,,73,71,2
200602130GSW,RS,MEM,2761.0,LC,73,74,-1
200602130GSW,RS,MEM,2784.0,LC,75,74,1
200602130GSW,RS,MEM,2802.0,LC,75,77,-2
200602130GSW,RS,MEM,2822.9,T,77,77,0
200602130GSW,RS,MEM,2872.5,,77,78,-1
200602130GSW,RS,MEM,2872.5,,77,79,-2
200602130GSW,RS,MEM,2876.1,T,79,79,0
200602130GSW,RS,MEM,2879.8,F,79,81,-2
200602130GSW,RS,MEM,2880.0,,79,81,-2
200602150GSW,RS,LAC,0.0,,0,0,0
200602150GSW,RS,LAC,36.0,,2,0,2
200602150GSW,RS,LAC,52.0,,4,0,4
200602150GSW,RS,LAC,86.0,,6,0,6
200602150GSW,RS,LAC,115.0,,6,1,5
200602150GSW,RS,LAC,115.0,,6,2,4
200602150GSW,RS,LAC,126.0,,7,2,5
200602150GSW,RS,LAC,156.0,,9,2,7
200602150GSW,RS,LAC,164.0,,9,4,5
200602150GSW,RS,LAC,192.0,,9,7,2
200602150GSW,RS,LAC,213.0,,11,7,4
200602150GSW,RS,LAC,228.0,,11,9,2
200602150GSW,RS,LAC,296.0,,13,9,4
200602150GSW,RS,LAC,328.0,,15,9,6
200602150GSW,RS,LAC,369.0,,15,11,4
200602150GSW,RS,LAC,386.0,,17,11,6
200602150GSW,RS,LAC,410.0,,19,11,8
200602150GSW,RS,LAC,435.0,,19,13,6
200602150GSW,RS,LAC,446.0,,21,13,8
200602150GSW,RS,LAC,465.0,,21,15,6
200602150GSW,RS,LAC,486.0,,24,15,9
200602150GSW,RS,LAC,501.0,,24,17,7
200602150GSW,RS,LAC,581.0,,26,17,9
200602150GSW,RS,LAC,628.0,,26,19,7
200602150GSW,RS,LAC,645.0,,27,19,8
200602150GSW,RS,LAC,674.4,,28,19,9
200602150GSW,RS,LAC,674.4,,29,19,10
200602150GSW,RS,LAC,761.0,,29,21,8
200602150GSW,RS,LAC,780.0,,29,23,6
200602150GSW,RS,LAC,809.0,,29,25,4
200602150GSW,RS,LAC,834.0,,30,25,5
200602150GSW,RS,LAC,834.0,,31,25,6
200602150GSW,RS,LAC,871.0,,33,25,8
200602150GSW,RS,LAC,888.0,,33,27,6
200602150GSW,RS,LAC,912.0,,33,29,4
200602150GSW,RS,LAC,980.0,,33,31,2
200602150GSW,RS,LAC,1000.0,,34,31,3
200602150GSW,RS,LAC,1000.0,,35,31,4
200602150GSW,RS,LAC,1000.0,,36,31,5
200602150GSW,RS,LAC,1019.0,,36,33,3
200602150GSW,RS,LAC,1050.0,,36,35,1
200602150GSW,RS,LAC,1070.0,,38,35,3
200602150GSW,RS,LAC,1135.0,,40,35,5
200602150GSW,RS,LAC,1175.0,,40,37,3
200602150GSW,RS,LAC,1238.0,,43,37,6
200602150GSW,RS,LAC,1275.0,,45,37,8
200602150GSW,RS,LAC,1320.0,,47,37,10
200602150GSW,RS,LAC,1355.0,,47,39,8
200602150GSW,RS,LAC,1377.0,,49,39,10
200602150GSW,RS,LAC,1393.0,,49,40,9
200602150GSW,RS,LAC,1413.9,,52,40,12
200602150GSW,RS,LAC,1469.0,,54,40,14
200602150GSW,RS,LAC,1511.0,,56,40,16
200602150GSW,RS,LAC,1563.0,,56,42,14
200602150GSW,RS,LAC,1586.0,,58,42,16
200602150GSW,RS,LAC,1604.0,,60,42,18
200602150GSW,RS,LAC,1648.0,,60,44,16
200602150GSW,RS,LAC,1730.0,,62,44,18
200602150GSW,RS,LAC,1758.0,,62,46,16
200602150GSW,RS,LAC,1782.0,,63,46,17
200602150GSW,RS,LAC,1782.0,,64,46,18
200602150GSW,RS,LAC,1829.0,,66,46,20
200602150GSW,RS,LAC,1871.0,,67,46,21
200602150GSW,RS,LAC,1886.0,,69,46,23
200602150GSW,RS,LAC,1886.0,,70,46,24
200602150GSW,RS,LAC,1941.0,,70,47,23
200602150GSW,RS,LAC,1977.0,,70,49,21
200602150GSW,RS,LAC,2026.0,,70,50,20
200602150GSW,RS,LAC,2026.0,,70,51,19
200602150GSW,RS,LAC,2042.0,,72,51,21
200602150GSW,RS,LAC,2057.0,,72,53,19
200602150GSW,RS,LAC,2086.0,,72,55,17
200602150GSW,RS,LAC,2152.6,,72,56,16
200602150GSW,RS,LAC,2206.0,,74,56,18
200602150GSW,RS,LAC,2238.0,,75,56,19
200602150GSW,RS,LAC,2238.0,,76,56,20
200602150GSW,RS,LAC,2254.0,,76,58,18
200602150GSW,RS,LAC,2288.0,,76,60,16
200602150GSW,RS,LAC,2364.0,,77,60,17
200602150GSW,RS,LAC,2434.0,,77,62,15
200602150GSW,RS,LAC,2472.0,,79,62,17
200602150GSW,RS,LAC,2557.0,,79,63,16
200602150GSW,RS,LAC,2557.0,,79,64,15
200602150GSW,RS,LAC,2589.0,,79,66,13
200602150GSW,RS,LAC,2609.0,,80,66,14
200602150GSW,RS,LAC,2609.0,,81,66,15
200602150GSW,RS,LAC,2627.0,,81,68,13
200602150GSW,RS,LAC,2714.0,,81,70,11
200602150GSW,RS,LAC,2735.0,,82,70,12
200602150GSW,RS,LAC,2757.0,,82,71,11
200602150GSW,RS,LAC,2775.0,,83,71,12
200602150GSW,RS,LAC,2785.0,,83,73,10
200602150GSW,RS,LAC,2820.0,,83,74,9
200602150GSW,RS,LAC,2820.0,,83,75,8
200602150GSW,RS,LAC,2823.2,,84,75,9
200602150GSW,RS,LAC,2834.4,,84,76,8
200602150GSW,RS,LAC,2837.5,,85,76,9
200602150GSW,RS,LAC,2841.6,,85,79,6
200602150GSW,RS,LAC,2852.5,,86,79,7
200602150GSW,RS,LAC,2852.5,,87,79,8
200602150GSW,RS,LAC,2856.4,,87,81,6
200602150GSW,RS,LAC,2858.9,F,88,81,7
200602150GSW,RS,LAC,2880.0,,88,81,7
200602210SAC,RS,SAC,0.0,,0,0,0
200602210SAC,RS,SAC,88.0,,0,2,-2
200602210SAC,RS,SAC,103.0,T,2,2,0
200602210SAC,RS,SAC,145.0,LC,4,2,2
200602210SAC,RS,SAC,159.0,LC,4,5,-1
200602210SAC,RS,SAC,176.0,T,5,5,0
200602210SAC,RS,SAC,176.0,LC,6,5,1
200602210SAC,RS,SAC,186.0,LC,6,7,-1
200602210SAC,RS,SAC,227.0,,6,9,-3
200602210SAC,RS,SAC,293.0,,6,11,-5
200602210SAC,RS,SAC,310.0,,8,11,-3
200602210SAC,RS,SAC,346.0,,8,13,-5
200602210SAC,RS,SAC,410.0,,8,15,-7
200602210SAC,RS,SAC,497.0,,8,17,-9
200602210SAC,RS,SAC,601.0,,8,18,-10
200602210SAC,RS,SAC,601.0,,8,19,-11
200602210SAC,RS,SAC,612.0,,9,19,-10
200602210SAC,RS,SAC,652.0,,9,21,-12
200602210SAC,RS,SAC,652.0,,9,22,-13
200602210SAC,RS,SAC,661.3,,10,22,-12
200602210SAC,RS,SAC,661.3,,11,22,-11
200602210SAC,RS,SAC,665.3,,12,22,-10
200602210SAC,RS,SAC,683.7,,14,22,-8
200602210SAC,RS,SAC,698.7,,14,24,-10
200602210SAC,RS,SAC,718.7,,17,24,-7
200602210SAC,RS,SAC,781.0,,17,26,-9
200602210SAC,RS,SAC,805.0,,19,26,-7
200602210SAC,RS,SAC,825.0,,19,28,-9
200602210SAC,RS,SAC,883.0,,21,28,-7
200602210SAC,RS,SAC,907.0,,21,30,-9
200602210SAC,RS,SAC,937.0,,21,33,-12
200602210SAC,RS,SAC,975.0,,21,35,-14
200602210SAC,RS,SAC,993.0,,23,35,-12
200602210SAC,RS,SAC,1010.0,,23,36,-13
200602210SAC,RS,SAC,1031.0,,25,36,-11
200602210SAC,RS,SAC,1054.0,,25,39,-14
200602210SAC,RS,SAC,1064.0,,27,39,-12
200602210SAC,RS,SAC,1085.0,,27,42,-15
200602210SAC,RS,SAC,1108.0,,27,44,-17
200602210SAC,RS,SAC,1133.0,,27,45,-18
200602210SAC,RS,SAC,1133.0,,27,46,-19
200602210SAC,RS,SAC,1184.0,,29,46,-17
200602210SAC,RS,SAC,1207.0,,29,48,-19
200602210SAC,RS,SAC,1219.0,,30,48,-18
200602210SAC,RS,SAC,1245.0,,32,48,-16
200602210SAC,RS,SAC,1261.0,,32,51,-19
200602210SAC,RS,SAC,1277.0,,34,51,-17
200602210SAC,RS,SAC,1301.0,,36,51,-15
200602210SAC,RS,SAC,1359.0,,36,53,-17
200602210SAC,RS,SAC,1359.0,,36,54,-18
200602210SAC,RS,SAC,1374.0,,38,54,-16
200602210SAC,RS,SAC,1498.0,,38,56,-18
200602210SAC,RS,SAC,1586.0,,38,58,-20
200602210SAC,RS,SAC,1631.0,,40,58,-18
200602210SAC,RS,SAC,1642.0,,40,59,-19
200602210SAC,RS,SAC,1642.0,,40,60,-20
200602210SAC,RS,SAC,1654.0,,41,60,-19
200602210SAC,RS,SAC,1672.0,,41,62,-21
200602210SAC,RS,SAC,1694.0,,43,62,-19
200602210SAC,RS,SAC,1719.0,,43,64,-21
200602210SAC,RS,SAC,1760.0,,45,64,-19
200602210SAC,RS,SAC,1798.0,,47,64,-17
200602210SAC,RS,SAC,1818.0,,47,67,-20
200602210SAC,RS,SAC,1837.0,,50,67,-17
200602210SAC,RS,SAC,1850.0,,50,68,-18
200602210SAC,RS,SAC,1850.0,,50,69,-19
200602210SAC,RS,SAC,1869.0,,50,71,-21
200602210SAC,RS,SAC,1903.0,,50,73,-23
200602210SAC,RS,SAC,2037.0,,50,75,-25
200602210SAC,RS,SAC,2060.0,,52,75,-23
200602210SAC,RS,SAC,2100.0,,52,77,-25
200602210SAC,RS,SAC,2110.1,,53,77,-24
200602210SAC,RS,SAC,2121.6,,53,79,-26
200602210SAC,RS,SAC,2152.5,,53,80,-27
200602210SAC,RS,SAC,2152.5,,53,81,-28
200602210SAC,RS,SAC,2174.0,,53,84,-31
200602210SAC,RS,SAC,2200.0,,55,84,-29
200602210SAC,RS,SAC,2238.0,,55,86,-31
200602210SAC,RS,SAC,2238.0,,55,87,-32
200602210SAC,RS,SAC,2259.0,,56,87,-31
200602210SAC,RS,SAC,2279.0,,56,89,-33
200602210SAC,RS,SAC,2327.0,,56,91,-35
200602210SAC,RS,SAC,2348.0,,58,91,-33
200602210SAC,RS,SAC,2382.0,,60,91,-31
200602210SAC,RS,SAC,2402.0,,60,93,-33
200602210SAC,RS,SAC,2434.0,,60,95,-35
200602210SAC,RS,SAC,2456.0,,61,95,-34
200602210SAC,RS,SAC,2480.0,,63,95,-32
200602210SAC,RS,SAC,2480.0,,64,95,-31
200602210SAC,RS,SAC,2512.0,,66,95,-29
200602210SAC,RS,SAC,2551.0,,69,95,-26
200602210SAC,RS,SAC,2575.0,,70,95,-25
200602210SAC,RS,SAC,2575.0,,71,95,-24
200602210SAC,RS,SAC,2598.0,,73,95,-22
200602210SAC,RS,SAC,2655.0,,75,95,-20
200602210SAC,RS,SAC,2684.0,,75,97,-22
200602210SAC,RS,SAC,2758.0,,75,99,-24
200602210SAC,RS,SAC,2775.0,,76,99,-23
200602210SAC,RS,SAC,2775.0,,77,99,-22
200602210SAC,RS,SAC,2832.2,,77,101,-24
200602210SAC,RS,SAC,2832.2,F,77,102,-25
200602210SAC,RS,SAC,2880.0,,77,102,-25
200602240HOU,RS,HOU,0.0,,0,0,0
200602240HOU,RS,HOU,46.0,,0,2,-2
200602240HOU,RS,HOU,62.0,,1,2,-1
200602240HOU,RS,HOU,76.0,,1,4,-3
200602240HOU,RS,HOU,93.0,T,4,4,0
200602240HOU,RS,HOU,140.0,,4,5,-1
200602240HOU,RS,HOU,140.0,,4,6,-2
200602240HOU,RS,HOU,207.0,T,6,6,0
200602240HOU,RS,HOU,224.0,,6,8,-2
200602240HOU,RS,HOU,280.0,,6,10,-4
200602240HOU,RS,HOU,280.0,,6,11,-5
200602240HOU,RS,HOU,327.0,,6,14,-8
200602240HOU,RS,HOU,347.0,,8,14,-6
200602240HOU,RS,HOU,388.0,,8,16,-8
200602240HOU,RS,HOU,415.0,,8,18,-10
200602240HOU,RS,HOU,434.0,,10,18,-8
200602240HOU,RS,HOU,467.0,,12,18,-6
200602240HOU,RS,HOU,491.0,,15,18,-3
200602240HOU,RS,HOU,533.0,,16,18,-2
200602240HOU,RS,HOU,572.0,,16,20,-4
200602240HOU,RS,HOU,572.0,,16,21,-5
200602240HOU,RS,HOU,586.0,,19,21,-2
200602240HOU,RS,HOU,651.0,T,21,21,0
200602240HOU,RS,HOU,670.4,,21,22,-1
200602240HOU,RS,HOU,670.4,,21,23,-2
200602240HOU,RS,HOU,741.0,,21,26,-5
200602240HOU,RS,HOU,784.0,,21,29,-8
200602240HOU,RS,HOU,803.0,,23,29,-6
200602240HOU,RS,HOU,850.0,,23,31,-8
200602240HOU,RS,HOU,850.0,,23,32,-9
200602240HOU,RS,HOU,890.0,,23,34,-11
200602240HOU,RS,HOU,947.0,,24,34,-10
200602240HOU,RS,HOU,989.0,,24,36,-12
200602240HOU,RS,HOU,1042.0,,24,38,-14
200602240HOU,RS,HOU,1056.0,,25,38,-13
200602240HOU,RS,HOU,1068.0,,25,40,-15
200602240HOU,RS,HOU,1082.0,,28,40,-12
200602240HOU,RS,HOU,1104.0,,30,40,-10
200602240HOU,RS,HOU,1141.0,,30,42,-12
200602240HOU,RS,HOU,1152.0,,33,42,-9
200602240HOU,RS,HOU,1168.0,,33,44,-11
200602240HOU,RS,HOU,1168.0,,33,45,-12
200602240HOU,RS,HOU,1191.0,,36,45,-9
200602240HOU,RS,HOU,1211.0,,36,47,-11
200602240HOU,RS,HOU,1235.0,,38,47,-9
200602240HOU,RS,HOU,1262.0,,39,47,-8
200602240HOU,RS,HOU,1296.0,,40,47,-7
200602240HOU,RS,HOU,1376.0,,40,50,-10
200602240HOU,RS,HOU,1391.7,,43,50,-7
200602240HOU,RS,HOU,1414.1,,43,52,-9
200602240HOU,RS,HOU,1439.2,,45,52,-7
200602240HOU,RS,HOU,1508.0,,46,52,-6
200602240HOU,RS,HOU,1508.0,,47,52,-5
200602240HOU,RS,HOU,1524.0,,47,54,-7
200602240HOU,RS,HOU,1536.0,,47,55,-8
200602240HOU,RS,HOU,1547.0,,47,57,-10
200602240HOU,RS,HOU,1563.0,,48,57,-9
200602240HOU,RS,HOU,1563.0,,49,57,-8
200602240HOU,RS,HOU,1586.0,,51,57,-6
200602240HOU,RS,HOU,1617.0,,53,57,-4
200602240HOU,RS,HOU,1683.0,,55,57,-2
200602240HOU,RS,HOU,1708.0,,55,60,-5
200602240HOU,RS,HOU,1749.0,,55,62,-7
200602240HOU,RS,HOU,1795.0,,57,62,-5
200602240HOU,RS,HOU,1850.0,,57,64,-7
200602240HOU,RS,HOU,1868.0,,59,64,-5
200602240HOU,RS,HOU,1902.0,,62,64,-2
200602240HOU,RS,HOU,1921.0,,62,66,-4
200602240HOU,RS,HOU,1966.0,,65,66,-1
200602240HOU,RS,HOU,1978.0,,65,68,-3
200602240HOU,RS,HOU,2030.0,,65,71,-6
200602240HOU,RS,HOU,2090.0,,65,74,-9
200602240HOU,RS,HOU,2106.7,,66,74,-8
200602240HOU,RS,HOU,2138.7,,66,75,-9
200602240HOU,RS,HOU,2138.7,,66,76,-10
200602240HOU,RS,HOU,2157.6,,68,76,-8
200602240HOU,RS,HOU,2178.0,,71,76,-5
200602240HOU,RS,HOU,2203.0,,73,76,-3
200602240HOU,RS,HOU,2232.0,T,76,76,0
200602240HOU,RS,HOU,2251.0,LC,78,76,2
200602240HOU,RS,HOU,2417.0,,80,76,4
200602240HOU,RS,HOU,2438.0,,82,76,6
200602240HOU,RS,HOU,2525.0,,82,78,4
200602240HOU,RS,HOU,2550.0,,82,79,3
200602240HOU,RS,HOU,2618.0,T,82,82,0
200602240HOU,RS,HOU,2653.0,LC,82,83,-1
200602240HOU,RS,HOU,2653.0,,82,84,-2
200602240HOU,RS,HOU,2685.0,,82,86,-4
200602240HOU,RS,HOU,2704.0,,84,86,-2
200602240HOU,RS,HOU,2725.0,,84,88,-4
200602240HOU,RS,HOU,2749.0,,86,88,-2
200602240HOU,RS,HOU,2842.0,,86,90,-4
200602240HOU,RS,HOU,2848.3,,88,90,-2
200602240HOU,RS,HOU,2879.4,F,88,91,-3
200602240HOU,RS,HOU,2880.0,,88,91,-3
200602250SAS,RS,SAS,0.0,,0,0,0
200602250SAS,RS,SAS,49.0,,0,2,-2
200602250SAS,RS,SAS,88.0,T,2,2,0
200602250SAS,RS,SAS,111.0,,2,4,-2
200602250SAS,RS,SAS,126.0,LC,5,4,1
200602250SAS,RS,SAS,172.0,,7,4,3
200602250SAS,RS,SAS,186.0,,7,6,1
200602250SAS,RS,SAS,186.0,T,7,7,0
200602250SAS,RS,SAS,214.0,,9,7,2
200602250SAS,RS,SAS,214.0,,10,7,3
200602250SAS,RS,SAS,225.0,,10,9,1
200602250SAS,RS,SAS,271.0,LC,10,11,-1
200602250SAS,RS,SAS,293.0,,10,13,-3
200602250SAS,RS,SAS,340.0,,10,15,-5
200602250SAS,RS,SAS,469.0,,10,17,-7
200602250SAS,RS,SAS,508.0,,10,19,-9
200602250SAS,RS,SAS,535.0,,12,19,-7
200602250SAS,RS,SAS,550.0,,12,21,-9
200602250SAS,RS,SAS,570.0,,14,21,-7
200602250SAS,RS,SAS,645.0,,14,23,-9
200602250SAS,RS,SAS,650.0,,14,25,-11
200602250SAS,RS,SAS,681.1,,14,28,-14
200602250SAS,RS,SAS,753.0,,16,28,-12
200602250SAS,RS,SAS,797.0,,18,28,-10
200602250SAS,RS,SAS,829.0,,20,28,-8
200602250SAS,RS,SAS,854.0,,20,31,-11
200602250SAS,RS,SAS,876.0,,22,31,-9
200602250SAS,RS,SAS,898.0,,22,33,-11
200602250SAS,RS,SAS,898.0,,22,34,-12
200602250SAS,RS,SAS,908.0,,24,34,-10
200602250SAS,RS,SAS,943.0,,26,34,-8
200602250SAS,RS,SAS,963.0,,26,36,-10
200602250SAS,RS,SAS,997.0,,26,38,-12
200602250SAS,RS,SAS,1029.0,,26,41,-15
200602250SAS,RS,SAS,1048.0,,28,41,-13
200602250SAS,RS,SAS,1048.0,,29,41,-12
200602250SAS,RS,SAS,1079.0,,29,43,-14
200602250SAS,RS,SAS,1098.0,,31,43,-12
200602250SAS,RS,SAS,1098.0,,32,43,-11
200602250SAS,RS,SAS,1166.0,,32,45,-13
200602250SAS,RS,SAS,1195.0,,32,46,-14
200602250SAS,RS,SAS,1202.0,,32,48,-16
200602250SAS,RS,SAS,1304.0,,33,48,-15
200602250SAS,RS,SAS,1313.0,,33,49,-16
200602250SAS,RS,SAS,1313.0,,33,50,-17
200602250SAS,RS,SAS,1368.0,,33,52,-19
200602250SAS,RS,SAS,1377.0,,35,52,-17
200602250SAS,RS,SAS,1397.1,,35,54,-19
200602250SAS,RS,SAS,1461.0,,37,54,-17
200602250SAS,RS,SAS,1495.0,,37,56,-19
200602250SAS,RS,SAS,1495.0,,37,57,-20
200602250SAS,RS,SAS,1527.0,,37,59,-22
200602250SAS,RS,SAS,1540.0,,39,59,-20
200602250SAS,RS,SAS,1561.0,,39,61,-22
200602250SAS,RS,SAS,1575.0,,41,61,-20
200602250SAS,RS,SAS,1703.0,,44,61,-17
200602250SAS,RS,SAS,1743.0,,46,61,-15
200602250SAS,RS,SAS,1768.0,,48,61,-13
200602250SAS,RS,SAS,1781.0,,48,63,-15
200602250SAS,RS,SAS,1803.0,,48,64,-16
200602250SAS,RS,SAS,1803.0,,48,65,-17
200602250SAS,RS,SAS,1815.0,,50,65,-15
200602250SAS,RS,SAS,1841.0,,50,67,-17
200602250SAS,RS,SAS,1858.0,,53,67,-14
200602250SAS,RS,SAS,1898.0,,53,70,-17
200602250SAS,RS,SAS,1943.0,,53,72,-19
200602250SAS,RS,SAS,2059.0,,55,72,-17
200602250SAS,RS,SAS,2109.1,,57,72,-15
200602250SAS,RS,SAS,2124.9,,57,74,-17
200602250SAS,RS,SAS,2180.0,,59,74,-15
200602250SAS,RS,SAS,2217.0,,61,74,-13
200602250SAS,RS,SAS,2245.0,,61,76,-15
200602250SAS,RS,SAS,2270.0,,61,79,-18
200602250SAS,RS,SAS,2318.0,,62,79,-17
200602250SAS,RS,SAS,2334.0,,62,81,-19
200602250SAS,RS,SAS,2364.0,,62,82,-20
200602250SAS,RS,SAS,2364.0,,62,83,-21
200602250SAS,RS,SAS,2427.0,,65,83,-18
200602250SAS,RS,SAS,2454.0,,65,84,-19
200602250SAS,RS,SAS,2521.0,,67,84,-17
200602250SAS,RS,SAS,2542.0,,68,84,-16
200602250SAS,RS,SAS,2542.0,,69,84,-15
200602250SAS,RS,SAS,2565.0,,69,87,-18
200602250SAS,RS,SAS,2626.0,,71,87,-16
200602250SAS,RS,SAS,2635.0,,72,87,-15
200602250SAS,RS,SAS,2696.0,,73,87,-14
200602250SAS,RS,SAS,2696.0,,74,87,-13
200602250SAS,RS,SAS,2714.0,,74,90,-16
200602250SAS,RS,SAS,2800.0,,75,90,-15
200602250SAS,RS,SAS,2818.0,F,75,92,-17
200602250SAS,RS,SAS,2880.0,,75,92,-17
200602270GSW,RS,UTA,0.0,,0,0,0
200602270GSW,RS,UTA,54.0,,0,2,-2
200602270GSW,RS,UTA,94.0,,0,3,-3
200602270GSW,RS,UTA,94.0,,0,4,-4
200602270GSW,RS,UTA,115.0,,0,6,-6
200602270GSW,RS,UTA,162.0,,0,8,-8
200602270GSW,RS,UTA,188.0,,3,8,-5
200602270GSW,RS,UTA,226.0,,5,8,-3
200602270GSW,RS,UTA,275.0,,5,11,-6
200602270GSW,RS,UTA,283.0,,6,11,-5
200602270GSW,RS,UTA,283.0,,7,11,-4
200602270GSW,RS,UTA,304.0,,7,13,-6
200602270GSW,RS,UTA,322.0,,7,14,-7
200602270GSW,RS,UTA,348.0,,9,14,-5
200602270GSW,RS,UTA,414.0,,9,16,-7
200602270GSW,RS,UTA,427.0,,11,16,-5
200602270GSW,RS,UTA,458.0,,13,16,-3
200602270GSW,RS,UTA,536.0,,15,16,-1
200602270GSW,RS,UTA,563.0,LC,17,16,1
200602270GSW,RS,UTA,580.0,LC,17,18,-1
200602270GSW,RS,UTA,636.0,LC,19,18,1
200602270GSW,RS,UTA,683.0,,20,18,2
200602270GSW,RS,UTA,707.1,T,20,20,0
200602270GSW,RS,UTA,797.0,LC,20,22,-2
200602270GSW,RS,UTA,811.0,,20,24,-4
200602270GSW,RS,UTA,828.0,,20,26,-6
200602270GSW,RS,UTA,856.0,,22,26,-4
200602270GSW,RS,UTA,872.0,,22,27,-5
200602270GSW,RS,UTA,911.0,,22,29,-7
200602270GSW,RS,UTA,955.0,,24,29,-5
200602270GSW,RS,UTA,978.0,,24,30,-6
200602270GSW,RS,UTA,1006.0,,26,30,-4
200602270GSW,RS,UTA,1025.0,,26,32,-6
200602270GSW,RS,UTA,1059.0,,28,32,-4
200602270GSW,RS,UTA,1078.0,,28,34,-6
200602270GSW,RS,UTA,1090.0,,29,34,-5
200602270GSW,RS,UTA,1090.0,,30,34,-4
200602270GSW,RS,UTA,1118.0,,30,35,-5
200602270GSW,RS,UTA,1143.0,,30,37,-7
200602270GSW,RS,UTA,1161.0,,32,37,-5
200602270GSW,RS,UTA,1207.0,,34,37,-3
200602270GSW,RS,UTA,1232.0,,34,39,-5
200602270GSW,RS,UTA,1269.0,,34,40,-6
200602270GSW,RS,UTA,1269.0,,34,41,-7
200602270GSW,RS,UTA,1299.0,,34,43,-9
200602270GSW,RS,UTA,1317.0,,36,43,-7
200602270GSW,RS,UTA,1338.0,,36,45,-9
200602270GSW,RS,UTA,1376.0,,36,48,-12
200602270GSW,RS,UTA,1388.4,,38,48,-10
200602270GSW,RS,UTA,1388.4,,39,48,-9
200602270GSW,RS,UTA,1406.2,,39,49,-10
200602270GSW,RS,UTA,1474.0,,39,52,-13
200602270GSW,RS,UTA,1488.0,,39,54,-15
200602270GSW,RS,UTA,1526.0,,39,56,-17
200602270GSW,RS,UTA,1539.0,,41,56,-15
200602270GSW,RS,UTA,1566.0,,43,56,-13
200602270GSW,RS,UTA,1593.0,,43,59,-16
200602270GSW,RS,UTA,1626.0,,43,61,-18
200602270GSW,RS,UTA,1633.0,,44,61,-17
200602270GSW,RS,UTA,1633.0,,45,61,-16
200602270GSW,RS,UTA,1674.0,,45,64,-19
200602270GSW,RS,UTA,1707.0,,45,65,-20
200602270GSW,RS,UTA,1719.0,,47,65,-18
200602270GSW,RS,UTA,1751.0,,49,65,-16
200602270GSW,RS,UTA,1775.0,,49,66,-17
200602270GSW,RS,UTA,1787.0,,50,66,-16
200602270GSW,RS,UTA,1808.0,,50,68,-18
200602270GSW,RS,UTA,1853.0,,51,68,-17
200602270GSW,RS,UTA,1853.0,,52,68,-16
200602270GSW,RS,UTA,1918.0,,52,70,-18
200602270GSW,RS,UTA,1935.0,,54,70,-16
200602270GSW,RS,UTA,1952.0,,56,70,-14
200602270GSW,RS,UTA,1974.0,,56,72,-16
200602270GSW,RS,UTA,1982.0,,57,72,-15
200602270GSW,RS,UTA,1982.0,,58,72,-14
200602270GSW,RS,UTA,1993.0,,58,74,-16
200602270GSW,RS,UTA,2007.0,,60,74,-14
200602270GSW,RS,UTA,2025.0,,60,76,-16
200602270GSW,RS,UTA,2094.0,,62,76,-14
200602270GSW,RS,UTA,2116.5,,63,76,-13
200602270GSW,RS,UTA,2116.5,,64,76,-12
200602270GSW,RS,UTA,2145.5,,66,76,-10
200602270GSW,RS,UTA,2145.5,,67,76,-9
200602270GSW,RS,UTA,2160.0,,70,76,-6
200602270GSW,RS,UTA,2198.0,,72,76,-4
200602270GSW,RS,UTA,2225.0,,75,76,-1
200602270GSW,RS,UTA,2249.0,T,76,76,0
200602270GSW,RS,UTA,2269.0,,76,78,-2
200602270GSW,RS,UTA,2288.0,LC,79,78,1
200602270GSW,RS,UTA,2300.0,LC,79,80,-1
200602270GSW,RS,UTA,2334.0,,79,81,-2
200602270GSW,RS,UTA,2334.0,,79,82,-3
200602270GSW,RS,UTA,2375.0,,79,83,-4
200602270GSW,RS,UTA,2394.0,,81,83,-2
200602270GSW,RS,UTA,2426.0,T,83,83,0
200602270GSW,RS,UTA,2449.0,,83,86,-3
200602270GSW,RS,UTA,2460.0,,85,86,-1
200602270GSW,RS,UTA,2460.0,T,86,86,0
200602270GSW,RS,UTA,2487.0,LC,88,86,2
200602270GSW,RS,UTA,2516.0,,90,86,4
200602270GSW,RS,UTA,2551.0,,92,86,6
200602270GSW,RS,UTA,2578.0,,92,88,4
200602270GSW,RS,UTA,2585.0,,93,88,5
200602270GSW,RS,UTA,2602.0,,93,89,4
200602270GSW,RS,UTA,2622.0,,93,91,2
200602270GSW,RS,UTA,2637.0,,96,91,5
200602270GSW,RS,UTA,2652.0,,96,93,3
200602270GSW,RS,UTA,2683.0,,96,94,2
200602270GSW,RS,UTA,2683.0,,96,95,1
200602270GSW,RS,UTA,2710.0,T,96,96,0
200602270GSW,RS,UTA,2710.0,LC,96,97,-1
200602270GSW,RS,UTA,2732.0,LC,98,97,1
200602270GSW,RS,UTA,2749.0,LC,98,99,-1
200602270GSW,RS,UTA,2799.0,LC,100,99,1
200602270GSW,RS,UTA,2854.4,,101,99,2
200602270GSW,RS,UTA,2854.4,,102,99,3
200602270GSW,RS,UTA,2861.1,,103,99,4
200602270GSW,RS,UTA,2868.2,,103,102,1
200602270GSW,RS,UTA,2868.7,,104,102,2
200602270GSW,RS,UTA,2875.9,,105,102,3
200602270GSW,RS,UTA,2878.8,T,105,105,0
200602270GSW,RS,UTA,2895.0,LC,105,107,-2
200602270GSW,RS,UTA,2983.0,,105,108,-3
200602270GSW,RS,UTA,2983.0,,105,109,-4
200602270GSW,RS,UTA,3085.0,,106,109,-3
200602270GSW,RS,UTA,3107.0,,106,110,-4
200602270GSW,RS,UTA,3107.0,,106,111,-5
200602270GSW,RS,UTA,3141.9,,106,114,-8
200602270GSW,RS,UTA,3154.8,,106,115,-9
200602270GSW,RS,UTA,3154.8,,106,116,-10
200602270GSW,RS,UTA,3164.7,,108,116,-8
200602270GSW,RS,UTA,3165.6,F,108,117,-9
200602270GSW,RS,UTA,3180.0,,108,117,-9
200603010GSW,RS,ORL,0.0,,0,0,0
200603010GSW,RS,ORL,100.0,,0,2,-2
200603010GSW,RS,ORL,128.0,,1,2,-1
200603010GSW,RS,ORL,128.0,T,2,2,0
200603010GSW,RS,ORL,139.0,,2,4,-2
200603010GSW,RS,ORL,151.0,T,4,4,0
200603010GSW,RS,ORL,172.0,LC,6,4,2
200603010GSW,RS,ORL,206.0,,8,4,4
200603010GSW,RS,ORL,238.0,,11,4,7
200603010GSW,RS,ORL,266.0,,11,6,5
200603010GSW,RS,ORL,266.0,,11,7,4
200603010GSW,RS,ORL,276.0,,13,7,6
200603010GSW,RS,ORL,295.0,,13,9,4
200603010GSW,RS,ORL,314.0,,15,9,6
200603010GSW,RS,ORL,329.0,,15,11,4
200603010GSW,RS,ORL,354.0,,15,13,2
200603010GSW,RS,ORL,456.0,T,15,15,0
200603010GSW,RS,ORL,470.0,,17,15,2
200603010GSW,RS,ORL,494.0,T,17,17,0
200603010GSW,RS,ORL,540.0,,19,17,2
200603010GSW,RS,ORL,551.0,T,19,19,0
200603010GSW,RS,ORL,561.0,,21,19,2
200603010GSW,RS,ORL,579.0,T,21,21,0
200603010GSW,RS,ORL,597.0,,23,21,2
200603010GSW,RS,ORL,615.0,LC,23,24,-1
200603010GSW,RS,ORL,662.5,LC,26,24,2
200603010GSW,RS,ORL,769.0,T,26,26,0
200603010GSW,RS,ORL,769.0,LC,26,27,-1
200603010GSW,RS,ORL,799.0,,26,29,-3
200603010GSW,RS,ORL,809.0,,27,29,-2
200603010GSW,RS,ORL,824.0,,27,31,-4
200603010GSW,RS,ORL,858.0,,29,31,-2
200603010GSW,RS,ORL,874.0,,29,32,-3
200603010GSW,RS,ORL,918.0,,31,32,-1
200603010GSW,RS,ORL,934.0,,31,34,-3
200603010GSW,RS,ORL,952.0,,33,34,-1
200603010GSW,RS,ORL,977.0,,33,36,-3
200603010GSW,RS,ORL,990.0,,35,36,-1
200603010GSW,RS,ORL,1047.0,,35,38,-3
200603010GSW,RS,ORL,1077.0,,35,39,-4
200603010GSW,RS,ORL,1077.0,,35,40,-5
200603010GSW,RS,ORL,1101.0,,35,42,-7
200603010GSW,RS,ORL,1173.0,,35,44,-9
200603010GSW,RS,ORL,1182.0,,37,44,-7
200603010GSW,RS,ORL,1182.0,,38,44,-6
200603010GSW,RS,ORL,1238.0,,40,44,-4
200603010GSW,RS,ORL,1238.0,,41,44,-3
200603010GSW,RS,ORL,1254.0,,41,46,-5
200603010GSW,RS,ORL,1264.0,,42,46,-4
200603010GSW,RS,ORL,1281.0,,42,48,-6
200603010GSW,RS,ORL,1292.0,,44,48,-4
200603010GSW,RS,ORL,1330.0,,45,48,-3
200603010GSW,RS,ORL,1330.0,,46,48,-2
200603010GSW,RS,ORL,1364.0,,46,50,-4
200603010GSW,RS,ORL,1432.3,,47,50,-3
200603010GSW,RS,ORL,1432.3,,48,50,-2
200603010GSW,RS,ORL,1505.0,LC,51,50,1
200603010GSW,RS,ORL,1557.0,,53,50,3
200603010GSW,RS,ORL,1620.0,,54,50,4
200603010GSW,RS,ORL,1636.0,,54,52,2
200603010GSW,RS,ORL,1687.0,T,54,54,0
200603010GSW,RS,ORL,1709.0,,56,54,2
200603010GSW,RS,ORL,1766.0,T,56,56,0
200603010GSW,RS,ORL,1805.0,LC,56,58,-2
200603010GSW,RS,ORL,1840.0,,56,60,-4
200603010GSW,RS,ORL,1864.0,,58,60,-2
200603010GSW,RS,ORL,1889.0,,59,60,-1
200603010GSW,RS,ORL,1917.0,T,60,60,0
200603010GSW,RS,ORL,1917.0,LC,61,60,1
200603010GSW,RS,ORL,1934.0,LC,61,62,-1
200603010GSW,RS,ORL,1953.0,T,62,62,0
200603010GSW,RS,ORL,1976.0,,62,64,-2
200603010GSW,RS,ORL,1993.0,T,64,64,0
200603010GSW,RS,ORL,2046.0,,64,66,-2
200603010GSW,RS,ORL,2084.0,,64,67,-3
200603010GSW,RS,ORL,2084.0,,64,68,-4
200603010GSW,RS,ORL,2123.7,,64,70,-6
200603010GSW,RS,ORL,2177.0,,67,70,-3
200603010GSW,RS,ORL,2200.0,,67,72,-5
200603010GSW,RS,ORL,2221.0,,70,72,-2
200603010GSW,RS,ORL,2268.0,,70,74,-4
200603010GSW,RS,ORL,2281.0,,73,74,-1
200603010GSW,RS,ORL,2308.0,,73,76,-3
200603010GSW,RS,ORL,2317.0,,74,76,-2
200603010GSW,RS,ORL,2317.0,,75,76,-1
200603010GSW,RS,ORL,2380.0,LC,77,76,1
200603010GSW,RS,ORL,2412.0,LC,77,78,-1
200603010GSW,RS,ORL,2447.0,,77,80,-3
200603010GSW,RS,ORL,2481.0,,78,80,-2
200603010GSW,RS,ORL,2481.0,,79,80,-1
200603010GSW,RS,ORL,2515.0,LC,81,80,1
200603010GSW,RS,ORL,2629.0,LC,81,82,-1
200603010GSW,RS,ORL,2685.0,,81,84,-3
200603010GSW,RS,ORL,2709.0,T,84,84,0
200603010GSW,RS,ORL,2771.0,LC,86,84,2
200603010GSW,RS,ORL,2805.0,,88,84,4
200603010GSW,RS,ORL,2813.0,,88,85,3
200603010GSW,RS,ORL,2813.0,,88,86,2
200603010GSW,RS,ORL,2837.1,,90,86,4
200603010GSW,RS,ORL,2841.6,,91,86,5
200603010GSW,RS,ORL,2841.6,,92,86,6
200603010GSW,RS,ORL,2851.4,,92,88,4
200603010GSW,RS,ORL,2851.8,,93,88,5
200603010GSW,RS,ORL,2858.8,,93,90,3
200603010GSW,RS,ORL,2859.9,,94,90,4
200603010GSW,RS,ORL,2859.9,,95,90,5
200603010GSW,RS,ORL,2871.6,,95,92,3
200603010GSW,RS,ORL,2872.3,,96,92,4
200603010GSW,RS,ORL,2877.6,,96,94,2
200603010GSW,RS,ORL,2878.3,,97,94,3
200603010GSW,RS,ORL,2878.3,F,98,94,4
200603010GSW,RS,ORL,2880.0,,98,94,4
200603030GSW,RS,LAL,0.0,,0,0,0
200603030GSW,RS,LAL,53.0,,0,2,-2
200603030GSW,RS,LAL,70.0,T,2,2,0
200603030GSW,RS,LAL,108.0,,2,3,-1
200603030GSW,RS,LAL,108.0,,2,4,-2
200603030GSW,RS,LAL,117.0,,3,4,-1
200603030GSW,RS,LAL,117.0,T,4,4,0
200603030GSW,RS,LAL,133.0,LC,6,4,2
200603030GSW,RS,LAL,146.0,T,6,6,0
200603030GSW,RS,LAL,181.0,,8,6,2
200603030GSW,RS,LAL,196.0,T,8,8,0
200603030GSW,RS,LAL,211.0,,11,8,3
200603030GSW,RS,LAL,252.0,,11,9,2
200603030GSW,RS,LAL,252.0,,11,10,1
200603030GSW,RS,LAL,282.0,LC,11,12,-1
200603030GSW,RS,LAL,305.0,,11,14,-3
200603030GSW,RS,LAL,305.0,,11,15,-4
200603030GSW,RS,LAL,331.0,,14,15,-1
200603030GSW,RS,LAL,348.0,,14,17,-3
200603030GSW,RS,LAL,370.0,,16,17,-1
200603030GSW,RS,LAL,418.0,LC,18,17,1
200603030GSW,RS,LAL,418.0,,19,17,2
200603030GSW,RS,LAL,447.0,LC,19,20,-1
200603030GSW,RS,LAL,472.0,,19,23,-4
200603030GSW,RS,LAL,485.0,,21,23,-2
200603030GSW,RS,LAL,499.0,,21,25,-4
200603030GSW,RS,LAL,545.0,,22,25,-3
200603030GSW,RS,LAL,572.0,,24,25,-1
200603030GSW,RS,LAL,603.0,LC,27,25,2
200603030GSW,RS,LAL,636.0,,29,25,4
200603030GSW,RS,LAL,657.0,,29,27,2
200603030GSW,RS,LAL,664.8,,31,27,4
200603030GSW,RS,LAL,675.3,,31,28,3
200603030GSW,RS,LAL,717.1,,31,30,1
200603030GSW,RS,LAL,810.0,LC,31,32,-1
200603030GSW,RS,LAL,845.0,,31,33,-2
200603030GSW,RS,LAL,845.0,,31,34,-3
200603030GSW,RS,LAL,845.0,,31,35,-4
200603030GSW,RS,LAL,850.0,,31,36,-5
200603030GSW,RS,LAL,878.0,,31,38,-7
200603030GSW,RS,LAL,914.0,,31,40,-9
200603030GSW,RS,LAL,965.0,,33,40,-7
200603030GSW,RS,LAL,981.0,,35,40,-5
200603030GSW,RS,LAL,1010.0,,35,42,-7
200603030GSW,RS,LAL,1057.0,,35,43,-8
200603030GSW,RS,LAL,1068.0,,35,45,-10
200603030GSW,RS,LAL,1089.0,,35,46,-11
200603030GSW,RS,LAL,1116.0,,37,46,-9
200603030GSW,RS,LAL,1158.0,,37,47,-10
200603030GSW,RS,LAL,1172.0,,40,47,-7
200603030GSW,RS,LAL,1193.0,,42,47,-5
200603030GSW,RS,LAL,1210.0,,42,50,-8
200603030GSW,RS,LAL,1224.0,,44,50,-6
200603030GSW,RS,LAL,1244.0,,44,52,-8
200603030GSW,RS,LAL,1252.0,,46,52,-6
200603030GSW,RS,LAL,1311.0,,46,53,-7
200603030GSW,RS,LAL,1311.0,,46,54,-8
200603030GSW,RS,LAL,1330.0,,49,54,-5
200603030GSW,RS,LAL,1350.0,,49,55,-6
200603030GSW,RS,LAL,1350.0,,49,56,-7
200603030GSW,RS,LAL,1380.0,,49,58,-9
200603030GSW,RS,LAL,1422.3,,49,59,-10
200603030GSW,RS,LAL,1485.0,,49,62,-13
200603030GSW,RS,LAL,1505.0,,49,64,-15
200603030GSW,RS,LAL,1635.0,,52,64,-12
200603030GSW,RS,LAL,1645.0,,52,66,-14
200603030GSW,RS,LAL,1684.0,,52,69,-17
200603030GSW,RS,LAL,1732.0,,52,71,-19
200603030GSW,RS,LAL,1749.0,,55,71,-16
200603030GSW,RS,LAL,1810.0,,55,72,-17
200603030GSW,RS,LAL,1810.0,,55,73,-18
200603030GSW,RS,LAL,1810.0,,55,74,-19
200603030GSW,RS,LAL,1857.0,,57,74,-17
200603030GSW,RS,LAL,1869.0,,57,75,-18
200603030GSW,RS,LAL,1887.0,,59,75,-16
200603030GSW,RS,LAL,1906.0,,59,77,-18
200603030GSW,RS,LAL,1922.0,,61,77,-16
200603030GSW,RS,LAL,1940.0,,61,78,-17
200603030GSW,RS,LAL,1940.0,,61,79,-18
200603030GSW,RS,LAL,1950.0,,62,79,-17
200603030GSW,RS,LAL,1950.0,,63,79,-16
200603030GSW,RS,LAL,1966.0,,63,80,-17
200603030GSW,RS,LAL,1991.0,,63,82,-19
200603030GSW,RS,LAL,2027.0,,63,83,-20
200603030GSW,RS,LAL,2038.0,,64,83,-19
200603030GSW,RS,LAL,2038.0,,65,83,-18
200603030GSW,RS,LAL,2069.0,,65,85,-20
200603030GSW,RS,LAL,2077.0,,66,85,-19
200603030GSW,RS,LAL,2077.0,,67,85,-18
200603030GSW,RS,LAL,2100.5,,67,88,-21
200603030GSW,RS,LAL,2159.8,,70,88,-18
200603030GSW,RS,LAL,2191.0,,73,88,-15
200603030GSW,RS,LAL,2217.0,,73,91,-18
200603030GSW,RS,LAL,2284.0,,74,91,-17
200603030GSW,RS,LAL,2284.0,,75,91,-16
200603030GSW,RS,LAL,2296.0,,76,91,-15
200603030GSW,RS,LAL,2296.0,,77,91,-14
200603030GSW,RS,LAL,2296.0,,78,91,-13
200603030GSW,RS,LAL,2296.0,,79,91,-12
200603030GSW,RS,LAL,2363.0,,79,93,-14
200603030GSW,RS,LAL,2436.0,,81,93,-12
200603030GSW,RS,LAL,2456.0,,81,95,-14
200603030GSW,RS,LAL,2507.0,,83,95,-12
200603030GSW,RS,LAL,2555.0,,85,95,-10
200603030GSW,RS,LAL,2578.0,,85,97,-12
200603030GSW,RS,LAL,2692.0,,88,97,-9
200603030GSW,RS,LAL,2734.0,,88,98,-10
200603030GSW,RS,LAL,2734.0,,88,99,-11
200603030GSW,RS,LAL,2745.0,,89,99,-10
200603030GSW,RS,LAL,2745.0,,90,99,-9
200603030GSW,RS,LAL,2764.0,,90,101,-11
200603030GSW,RS,LAL,2773.0,,92,101,-9
200603030GSW,RS,LAL,2833.6,,92,102,-10
200603030GSW,RS,LAL,2833.6,,92,103,-11
200603030GSW,RS,LAL,2833.6,,92,104,-12
200603030GSW,RS,LAL,2873.0,,92,105,-13
200603030GSW,RS,LAL,2873.0,,92,106,-14
200603030GSW,RS,LAL,2877.9,,93,106,-13
200603030GSW,RS,LAL,2877.9,F,94,106,-12
200603030GSW,RS,LAL,2880.0,,94,106,-12
200603050MIN,RS,MIN,0.0,,0,0,0
200603050MIN,RS,MIN,63.0,,0,2,-2
200603050MIN,RS,MIN,126.0,,1,2,-1
200603050MIN,RS,MIN,126.0,T,2,2,0
200603050MIN,RS,MIN,170.0,LC,4,2,2
200603050MIN,RS,MIN,227.0,,7,2,5
200603050MIN,RS,MIN,244.0,,7,4,3
200603050MIN,RS,MIN,256.0,,9,4,5
200603050MIN,RS,MIN,270.0,,9,6,3
200603050MIN,RS,MIN,291.0,,9,8,1
200603050MIN,RS,MIN,325.0,LC,9,10,-1
200603050MIN,RS,MIN,348.0,LC,12,10,2
200603050MIN,RS,MIN,390.0,,14,10,4
200603050MIN,RS,MIN,408.0,,14,12,2
200603050MIN,RS,MIN,462.0,T,14,14,0
200603050MIN,RS,MIN,474.0,,16,14,2
200603050MIN,RS,MIN,489.0,T,16,16,0
200603050MIN,RS,MIN,548.0,LC,16,18,-2
200603050MIN,RS,MIN,582.0,T,18,18,0
200603050MIN,RS,MIN,625.0,,18,21,-3
200603050MIN,RS,MIN,654.0,,18,23,-5
200603050MIN,RS,MIN,654.0,,18,24,-6
200603050MIN,RS,MIN,665.6,,20,24,-4
200603050MIN,RS,MIN,710.3,,20,26,-6
200603050MIN,RS,MIN,836.0,,20,28,-8
200603050MIN,RS,MIN,851.0,,20,30,-10
200603050MIN,RS,MIN,866.0,,22,30,-8
200603050MIN,RS,MIN,898.0,,22,32,-10
200603050MIN,RS,MIN,1016.0,,22,34,-12
200603050MIN,RS,MIN,1034.0,,25,34,-9
200603050MIN,RS,MIN,1056.0,,25,36,-11
200603050MIN,RS,MIN,1064.0,,27,36,-9
200603050MIN,RS,MIN,1079.0,,27,38,-11
200603050MIN,RS,MIN,1092.0,,29,38,-9
200603050MIN,RS,MIN,1134.0,,29,40,-11
200603050MIN,RS,MIN,1151.0,,31,40,-9
200603050MIN,RS,MIN,1196.0,,31,42,-11
200603050MIN,RS,MIN,1208.0,,32,42,-10
200603050MIN,RS,MIN,1208.0,,33,42,-9
200603050MIN,RS,MIN,1219.0,,33,43,-10
200603050MIN,RS,MIN,1222.0,,33,45,-12
200603050MIN,RS,MIN,1238.0,,36,45,-9
200603050MIN,RS,MIN,1277.0,,36,48,-12
200603050MIN,RS,MIN,1289.0,,39,48,-9
200603050MIN,RS,MIN,1332.0,,41,48,-7
200603050MIN,RS,MIN,1355.0,,41,50,-9
200603050MIN,RS,MIN,1366.0,,43,50,-7
200603050MIN,RS,MIN,1454.0,,45,50,-5
200603050MIN,RS,MIN,1516.0,,47,50,-3
200603050MIN,RS,MIN,1547.0,,47,52,-5
200603050MIN,RS,MIN,1567.0,,47,54,-7
200603050MIN,RS,MIN,1567.0,,47,55,-8
200603050MIN,RS,MIN,1618.0,,50,55,-5
200603050MIN,RS,MIN,1628.0,,50,57,-7
200603050MIN,RS,MIN,1646.0,,52,57,-5
200603050MIN,RS,MIN,1666.0,,52,59,-7
200603050MIN,RS,MIN,1689.0,,55,59,-4
200603050MIN,RS,MIN,1733.0,,55,61,-6
200603050MIN,RS,MIN,1771.0,,55,63,-8
200603050MIN,RS,MIN,1800.0,,55,65,-10
200603050MIN,RS,MIN,1818.0,,57,65,-8
200603050MIN,RS,MIN,1837.0,,57,67,-10
200603050MIN,RS,MIN,1862.0,,59,67,-8
200603050MIN,RS,MIN,1882.0,,60,67,-7
200603050MIN,RS,MIN,1907.0,,61,67,-6
200603050MIN,RS,MIN,1940.0,,62,67,-5
200603050MIN,RS,MIN,1940.0,,63,67,-4
200603050MIN,RS,MIN,1962.0,,66,67,-1
200603050MIN,RS,MIN,1991.0,LC,69,67,2
200603050MIN,RS,MIN,2017.0,,71,67,4
200603050MIN,RS,MIN,2061.0,,71,69,2
200603050MIN,RS,MIN,2086.0,,73,69,4
200603050MIN,RS,MIN,2106.7,,73,70,3
200603050MIN,RS,MIN,2106.7,,73,71,2
200603050MIN,RS,MIN,2144.4,,74,71,3
200603050MIN,RS,MIN,2144.4,,75,71,4
200603050MIN,RS,MIN,2158.1,,75,73,2
200603050MIN,RS,MIN,2202.0,T,75,75,0
200603050MIN,RS,MIN,2235.0,LC,75,77,-2
200603050MIN,RS,MIN,2259.0,,75,78,-3
200603050MIN,RS,MIN,2309.0,,77,78,-1
200603050MIN,RS,MIN,2344.0,LC,79,78,1
200603050MIN,RS,MIN,2401.0,,81,78,3
200603050MIN,RS,MIN,2427.0,,81,80,1
200603050MIN,RS,MIN,2460.0,,83,80,3
200603050MIN,RS,MIN,2483.0,,83,82,1
200603050MIN,RS,MIN,2551.0,LC,83,84,-1
200603050MIN,RS,MIN,2599.0,,83,85,-2
200603050MIN,RS,MIN,2619.0,T,85,85,0
200603050MIN,RS,MIN,2638.0,,85,87,-2
200603050MIN,RS,MIN,2638.0,,85,88,-3
200603050MIN,RS,MIN,2660.0,,85,90,-5
200603050MIN,RS,MIN,2692.0,,85,92,-7
200603050MIN,RS,MIN,2692.0,,85,93,-8
200603050MIN,RS,MIN,2736.0,,85,95,-10
200603050MIN,RS,MIN,2744.0,,86,95,-9
200603050MIN,RS,MIN,2789.0,,86,97,-11
200603050MIN,RS,MIN,2801.0,,86,98,-12
200603050MIN,RS,MIN,2801.0,,86,99,-13
200603050MIN,RS,MIN,2815.0,,88,99,-11
200603050MIN,RS,MIN,2839.3,,90,99,-9
200603050MIN,RS,MIN,2846.0,,90,100,-10
200603050MIN,RS,MIN,2846.0,,90,101,-11
200603050MIN,RS,MIN,2871.8,F,90,103,-13
200603050MIN,RS,MIN,2880.0,,90,103,-13
200603070ATL,RS,ATL,0.0,,0,0,0
200603070ATL,RS,ATL,90.0,,0,3,-3
200603070ATL,RS,ATL,104.0,T,3,3,0
200603070ATL,RS,ATL,128.0,LC,5,3,2
200603070ATL,RS,ATL,143.0,T,5,5,0
200603070ATL,RS,ATL,158.0,,6,5,1
200603070ATL,RS,ATL,180.0,,8,5,3
200603070ATL,RS,ATL,199.0,,8,7,1
200603070ATL,RS,ATL,238.0,LC,8,10,-2
200603070ATL,RS,ATL,265.0,,8,12,-4
200603070ATL,RS,ATL,290.0,,10,12,-2
200603070ATL,RS,ATL,316.0,,10,14,-4
200603070ATL,RS,ATL,332.0,,12,14,-2
200603070ATL,RS,ATL,350.0,,12,16,-4
200603070ATL,RS,ATL,358.0,,14,16,-2
200603070ATL,RS,ATL,397.0,T,16,16,0
200603070ATL,RS,ATL,428.0,LC,18,16,2
200603070ATL,RS,ATL,473.0,,21,16,5
200603070ATL,RS,ATL,494.0,,23,16,7
200603070ATL,RS,ATL,523.0,,25,16,9
200603070ATL,RS,ATL,546.0,,28,16,12
200603070ATL,RS,ATL,570.0,,28,18,10
200603070ATL,RS,ATL,576.0,,30,18,12
200603070ATL,RS,ATL,592.0,,30,20,10
200603070ATL,RS,ATL,606.0,,30,23,7
200603070ATL,RS,ATL,635.0,,32,23,9
200603070ATL,RS,ATL,643.0,,32,24,8
200603070ATL,RS,ATL,745.0,,32,25,7
200603070ATL,RS,ATL,766.0,,33,25,8
200603070ATL,RS,ATL,766.0,,34,25,9
200603070ATL,RS,ATL,781.0,,34,27,7
200603070ATL,RS,ATL,793.0,,35,27,8
200603070ATL,RS,ATL,793.0,,36,27,9
200603070ATL,RS,ATL,846.0,,38,27,11
200603070ATL,RS,ATL,864.0,,38,29,9
200603070ATL,RS,ATL,890.0,,38,30,8
200603070ATL,RS,ATL,890.0,,38,31,7
200603070ATL,RS,ATL,917.0,,38,32,6
200603070ATL,RS,ATL,937.0,,40,32,8
200603070ATL,RS,ATL,964.0,,40,34,6
200603070ATL,RS,ATL,976.0,,43,34,9
200603070ATL,RS,ATL,1045.0,,45,34,11
200603070ATL,RS,ATL,1068.0,,47,34,13
200603070ATL,RS,ATL,1110.0,,47,36,11
200603070ATL,RS,ATL,1156.0,,47,38,9
200603070ATL,RS,ATL,1183.0,,47,39,8
200603070ATL,RS,ATL,1183.0,,47,40,7
200603070ATL,RS,ATL,1222.0,,50,40,10
200603070ATL,RS,ATL,1247.0,,52,40,12
200603070ATL,RS,ATL,1272.0,,52,43,9
200603070ATL,RS,ATL,1326.0,,52,45,7
200603070ATL,RS,ATL,1346.0,,52,47,5
200603070ATL,RS,ATL,1389.1,,54,47,7
200603070ATL,RS,ATL,1437.2,,54,49,5
200603070ATL,RS,ATL,1439.7,,54,52,2
200603070ATL,RS,ATL,1459.0,T,54,54,0
200603070ATL,RS,ATL,1476.0,,56,54,2
200603070ATL,RS,ATL,1517.0,LC,56,57,-1
200603070ATL,RS,ATL,1541.0,T,57,57,0
200603070ATL,RS,ATL,1541.0,LC,58,57,1
200603070ATL,RS,ATL,1602.0,,60,57,3
200603070ATL,RS,ATL,1622.0,,60,59,1
200603070ATL,RS,ATL,1641.0,,63,59,4
200603070ATL,RS,ATL,1655.0,,63,60,3
200603070ATL,RS,ATL,1667.0,,64,60,4
200603070ATL,RS,ATL,1722.0,,64,62,2
200603070ATL,RS,ATL,1729.0,,65,62,3
200603070ATL,RS,ATL,1729.0,,66,62,4
200603070ATL,RS,ATL,1753.0,,66,63,3
200603070ATL,RS,ATL,1753.0,,66,64,2
200603070ATL,RS,ATL,1787.0,T,66,66,0
200603070ATL,RS,ATL,1853.0,LC,66,68,-2
200603070ATL,RS,ATL,1865.0,,67,68,-1
200603070ATL,RS,ATL,1880.0,,67,69,-2
200603070ATL,RS,ATL,1880.0,,67,70,-3
200603070ATL,RS,ATL,1932.0,T,70,70,0
200603070ATL,RS,ATL,1974.0,,70,72,-2
200603070ATL,RS,ATL,1979.0,,71,72,-1
200603070ATL,RS,ATL,1979.0,T,72,72,0
200603070ATL,RS,ATL,2035.0,,72,73,-1
200603070ATL,RS,ATL,2035.0,,72,74,-2
200603070ATL,RS,ATL,2048.0,T,74,74,0
200603070ATL,RS,ATL,2068.0,,74,76,-2
200603070ATL,RS,ATL,2108.7,LC,77,76,1
200603070ATL,RS,ATL,2117.1,LC,77,79,-2
200603070ATL,RS,ATL,2124.6,T,79,79,0
200603070ATL,RS,ATL,2124.6,LC,80,79,1
200603070ATL,RS,ATL,2182.0,,82,79,3
200603070ATL,RS,ATL,2202.0,T,82,82,0
200603070ATL,RS,ATL,2402.0,LC,82,83,-1
200603070ATL,RS,ATL,2447.0,,82,85,-3
200603070ATL,RS,ATL,2490.0,,82,87,-5
200603070ATL,RS,ATL,2490.0,,82,88,-6
200603070ATL,RS,ATL,2524.0,,83,88,-5
200603070ATL,RS,ATL,2563.0,,85,88,-3
200603070ATL,RS,ATL,2588.0,,85,91,-6
200603070ATL,RS,ATL,2607.0,,87,91,-4
200603070ATL,RS,ATL,2655.0,,87,93,-6
200603070ATL,RS,ATL,2689.0,,87,94,-7
200603070ATL,RS,ATL,2689.0,,87,95,-8
200603070ATL,RS,ATL,2700.0,,88,95,-7
200603070ATL,RS,ATL,2720.0,,88,97,-9
200603070ATL,RS,ATL,2729.0,,91,97,-6
200603070ATL,RS,ATL,2758.0,,91,99,-8
200603070ATL,RS,ATL,2758.0,,91,100,-9
200603070ATL,RS,ATL,2771.0,,94,100,-6
200603070ATL,RS,ATL,2788.0,,94,103,-9
200603070ATL,RS,ATL,2827.1,,94,104,-10
200603070ATL,RS,ATL,2833.8,,96,104,-8
200603070ATL,RS,ATL,2833.8,,97,104,-7
200603070ATL,RS,ATL,2842.5,,97,105,-8
200603070ATL,RS,ATL,2842.5,,97,106,-9
200603070ATL,RS,ATL,2851.9,,98,106,-8
200603070ATL,RS,ATL,2851.9,,99,106,-7
200603070ATL,RS,ATL,2853.3,,99,107,-8
200603070ATL,RS,ATL,2857.0,,101,107,-6
200603070ATL,RS,ATL,2858.5,,101,108,-7
200603070ATL,RS,ATL,2863.8,,101,109,-8
200603070ATL,RS,ATL,2868.6,,103,109,-6
200603070ATL,RS,ATL,2870.6,,103,110,-7
200603070ATL,RS,ATL,2870.6,,103,111,-8
200603070ATL,RS,ATL,2874.6,,106,111,-5
200603070ATL,RS,ATL,2879.6,,106,112,-6
200603070ATL,RS,ATL,2879.6,F,106,113,-7
200603070ATL,RS,ATL,2880.0,,106,113,-7
200603080CHA,RS,CHA,0.0,,0,0,0
200603080CHA,RS,CHA,17.0,,2,0,2
200603080CHA,RS,CHA,51.0,,4,0,4
200603080CHA,RS,CHA,91.0,,4,3,1
200603080CHA,RS,CHA,119.0,LC,4,5,-1
200603080CHA,RS,CHA,135.0,LC,6,5,1
200603080CHA,RS,CHA,148.0,LC,6,7,-1
200603080CHA,RS,CHA,166.0,T,7,7,0
200603080CHA,RS,CHA,166.0,LC,8,7,1
200603080CHA,RS,CHA,233.0,LC,8,10,-2
200603080CHA,RS,CHA,260.0,T,10,10,0
200603080CHA,RS,CHA,279.0,,10,11,-1
200603080CHA,RS,CHA,279.0,,10,12,-2
200603080CHA,RS,CHA,288.0,T,12,12,0
200603080CHA,RS,CHA,305.0,,12,14,-2
200603080CHA,RS,CHA,332.0,,12,16,-4
200603080CHA,RS,CHA,341.0,,14,16,-2
200603080CHA,RS,CHA,368.0,,14,18,-4
200603080CHA,RS,CHA,416.0,,14,20,-6
200603080CHA,RS,CHA,434.0,,16,20,-4
200603080CHA,RS,CHA,450.0,,16,22,-6
200603080CHA,RS,CHA,476.0,,16,23,-7
200603080CHA,RS,CHA,497.0,,18,23,-5
200603080CHA,RS,CHA,515.0,,18,24,-6
200603080CHA,RS,CHA,515.0,,18,25,-7
200603080CHA,RS,CHA,524.0,,21,25,-4
200603080CHA,RS,CHA,534.0,,21,28,-7
200603080CHA,RS,CHA,541.0,,23,28,-5
200603080CHA,RS,CHA,636.0,,23,29,-6
200603080CHA,RS,CHA,636.0,,23,30,-7
200603080CHA,RS,CHA,658.0,,25,30,-5
200603080CHA,RS,CHA,665.8,,25,32,-7
200603080CHA,RS,CHA,675.9,,26,32,-6
200603080CHA,RS,CHA,675.9,,27,32,-5
200603080CHA,RS,CHA,710.4,,27,33,-6
200603080CHA,RS,CHA,710.4,,27,34,-7
200603080CHA,RS,CHA,719.7,,30,34,-4
200603080CHA,RS,CHA,756.0,,31,34,-3
200603080CHA,RS,CHA,756.0,,32,34,-2
200603080CHA,RS,CHA,770.0,,32,36,-4
200603080CHA,RS,CHA,790.0,,35,36,-1
200603080CHA,RS,CHA,810.0,LC,37,36,1
200603080CHA,RS,CHA,831.0,,39,36,3
200603080CHA,RS,CHA,831.0,,40,36,4
200603080CHA,RS,CHA,852.0,,42,36,6
200603080CHA,RS,CHA,874.0,,42,38,4
200603080CHA,RS,CHA,925.0,,45,38,7
200603080CHA,RS,CHA,953.0,,47,38,9
200603080CHA,RS,CHA,976.0,,47,40,7
200603080CHA,RS,CHA,999.0,,49,40,9
200603080CHA,RS,CHA,1027.0,,49,42,7
200603080CHA,RS,CHA,1042.0,,51,42,9
200603080CHA,RS,CHA,1060.0,,51,43,8
200603080CHA,RS,CHA,1078.0,,51,44,7
200603080CHA,RS,CHA,1078.0,,51,45,6
200603080CHA,RS,CHA,1105.0,,53,45,8
200603080CHA,RS,CHA,1126.0,,53,48,5
200603080CHA,RS,CHA,1149.0,,55,48,7
200603080CHA,RS,CHA,1179.0,,57,48,9
200603080CHA,RS,CHA,1208.0,,59,48,11
200603080CHA,RS,CHA,1228.0,,59,50,9
200603080CHA,RS,CHA,1250.0,,59,51,8
200603080CHA,RS,CHA,1336.0,,59,53,6
200603080CHA,RS,CHA,1358.0,,61,53,8
200603080CHA,RS,CHA,1389.1,,63,53,10
200603080CHA,RS,CHA,1401.3,,63,54,9
200603080CHA,RS,CHA,1401.3,,63,55,8
200603080CHA,RS,CHA,1438.4,,64,55,9
200603080CHA,RS,CHA,1467.0,,64,57,7
200603080CHA,RS,CHA,1490.0,,66,57,9
200603080CHA,RS,CHA,1506.0,,66,59,7
200603080CHA,RS,CHA,1520.0,,68,59,9
200603080CHA,RS,CHA,1535.0,,68,62,6
200603080CHA,RS,CHA,1559.0,,70,62,8
200603080CHA,RS,CHA,1743.0,,70,65,5
200603080CHA,RS,CHA,1765.0,,72,65,7
200603080CHA,RS,CHA,1797.0,,72,68,4
200603080CHA,RS,CHA,1810.0,,74,68,6
200603080CHA,RS,CHA,1839.0,,76,68,8
200603080CHA,RS,CHA,1870.0,,79,68,11
200603080CHA,RS,CHA,1893.0,,79,70,9
200603080CHA,RS,CHA,1893.0,,79,71,8
200603080CHA,RS,CHA,1957.0,,79,73,6
200603080CHA,RS,CHA,1998.0,,81,73,8
200603080CHA,RS,CHA,2025.0,,81,75,6
200603080CHA,RS,CHA,2144.3,,81,76,5
200603080CHA,RS,CHA,2171.0,,82,76,6
200603080CHA,RS,CHA,2194.0,,83,76,7
200603080CHA,RS,CHA,2291.0,,84,76,8
200603080CHA,RS,CHA,2305.0,,84,78,6
200603080CHA,RS,CHA,2366.0,,84,80,4
200603080CHA,RS,CHA,2396.0,,84,83,1
200603080CHA,RS,CHA,2421.0,LC,84,85,-1
200603080CHA,RS,CHA,2442.0,LC,86,85,1
200603080CHA,RS,CHA,2454.0,LC,86,87,-1
200603080CHA,RS,CHA,2454.0,,86,88,-2
200603080CHA,RS,CHA,2473.0,,87,88,-1
200603080CHA,RS,CHA,2493.0,T,88,88,0
200603080CHA,RS,CHA,2519.0,LC,89,88,1
200603080CHA,RS,CHA,2519.0,,90,88,2
200603080CHA,RS,CHA,2538.0,T,90,90,0
200603080CHA,RS,CHA,2556.0,,92,90,2
200603080CHA,RS,CHA,2577.0,LC,92,93,-1
200603080CHA,RS,CHA,2602.0,LC,95,93,2
200603080CHA,RS,CHA,2641.0,,97,93,4
200603080CHA,RS,CHA,2692.0,,97,95,2
200603080CHA,RS,CHA,2692.0,,97,96,1
200603080CHA,RS,CHA,2748.0,LC,97,98,-1
200603080CHA,RS,CHA,2764.0,LC,99,98,1
200603080CHA,RS,CHA,2827.3,,100,98,2
200603080CHA,RS,CHA,2827.3,,101,98,3
200603080CHA,RS,CHA,2838.7,,101,100,1
200603080CHA,RS,CHA,2872.3,LC,101,102,-1
200603080CHA,RS,CHA,2878.6,,101,103,-2
200603080CHA,RS,CHA,2878.6,F,101,104,-3
200603080CHA,RS,CHA,2880.0,,101,104,-3
200603100MIA,RS,MIA,0.0,,0,0,0
200603100MIA,RS,MIA,44.0,,3,0,3
200603100MIA,RS,MIA,58.0,,3,2,1
200603100MIA,RS,MIA,92.0,LC,3,4,-1
200603100MIA,RS,MIA,151.0,,3,6,-3
200603100MIA,RS,MIA,213.0,,3,8,-5
200603100MIA,RS,MIA,230.0,,6,8,-2
200603100MIA,RS,MIA,258.0,T,8,8,0
200603100MIA,RS,MIA,281.0,LC,10,8,2
200603100MIA,RS,MIA,295.0,,10,9,1
200603100MIA,RS,MIA,295.0,,11,9,2
200603100MIA,RS,MIA,295.0,,11,10,1
200603100MIA,RS,MIA,354.0,LC,11,12,-1
200603100MIA,RS,MIA,414.0,LC,14,12,2
200603100MIA,RS,MIA,427.0,,14,13,1
200603100MIA,RS,MIA,441.0,LC,14,15,-1
200603100MIA,RS,MIA,455.0,LC,16,15,1
200603100MIA,RS,MIA,471.0,T,16,16,0
200603100MIA,RS,MIA,471.0,LC,16,17,-1
200603100MIA,RS,MIA,496.0,LC,18,17,1
200603100MIA,RS,MIA,514.0,LC,18,19,-1
200603100MIA,RS,MIA,536.0,LC,20,19,1
200603100MIA,RS,MIA,588.0,,22,19,3
200603100MIA,RS,MIA,607.0,,24,19,5
200603100MIA,RS,MIA,660.0,,27,19,8
200603100MIA,RS,MIA,675.2,,27,21,6
200603100MIA,RS,MIA,689.7,,29,21,8
200603100MIA,RS,MIA,752.0,,31,21,10
200603100MIA,RS,MIA,792.0,,31,23,8
200603100MIA,RS,MIA,805.0,,34,23,11
200603100MIA,RS,MIA,818.0,,34,25,9
200603100MIA,RS,MIA,831.0,,35,25,10
200603100MIA,RS,MIA,831.0,,36,25,11
200603100MIA,RS,MIA,841.0,,36,27,9
200603100MIA,RS,MIA,889.0,,36,29,7
200603100MIA,RS,MIA,923.0,,36,31,5
200603100MIA,RS,MIA,939.0,,37,31,6
200603100MIA,RS,MIA,953.0,,37,33,4
200603100MIA,RS,MIA,959.0,,38,33,5
200603100MIA,RS,MIA,989.0,,39,33,6
200603100MIA,RS,MIA,989.0,,40,33,7
200603100MIA,RS,MIA,1015.0,,42,33,9
200603100MIA,RS,MIA,1038.0,,42,36,6
200603100MIA,RS,MIA,1057.0,,44,36,8
200603100MIA,RS,MIA,1077.0,,44,38,6
200603100MIA,RS,MIA,1098.0,,46,38,8
200603100MIA,RS,MIA,1132.0,,48,38,10
200603100MIA,RS,MIA,1142.0,,48,39,9
200603100MIA,RS,MIA,1158.0,,50,39,11
200603100MIA,RS,MIA,1197.0,,50,41,9
200603100MIA,RS,MIA,1217.0,,51,41,10
200603100MIA,RS,MIA,1233.0,,51,44,7
200603100MIA,RS,MIA,1256.0,,51,46,5
200603100MIA,RS,MIA,1284.0,,51,47,4
200603100MIA,RS,MIA,1320.0,,51,49,2
200603100MIA,RS,MIA,1339.0,,54,49,5
200603100MIA,RS,MIA,1356.0,,54,51,3
200603100MIA,RS,MIA,1380.2,,54,53,1
200603100MIA,RS,MIA,1435.5,,55,53,2
200603100MIA,RS,MIA,1469.0,LC,55,56,-1
200603100MIA,RS,MIA,1493.0,LC,57,56,1
200603100MIA,RS,MIA,1535.0,,60,56,4
200603100MIA,RS,MIA,1552.0,,60,57,3
200603100MIA,RS,MIA,1552.0,,60,58,2
200603100MIA,RS,MIA,1585.0,T,60,60,0
200603100MIA,RS,MIA,1603.0,,62,60,2
200603100MIA,RS,MIA,1620.0,,62,61,1
200603100MIA,RS,MIA,1633.0,,64,61,3
200603100MIA,RS,MIA,1657.0,,66,61,5
200603100MIA,RS,MIA,1673.0,,66,62,4
200603100MIA,RS,MIA,1694.0,,68,62,6
200603100MIA,RS,MIA,1707.0,,68,64,4
200603100MIA,RS,MIA,1746.0,,70,64,6
200603100MIA,RS,MIA,1788.0,,70,66,4
200603100MIA,RS,MIA,1808.0,,70,68,2
200603100MIA,RS,MIA,1836.0,,72,68,4
200603100MIA,RS,MIA,1900.0,,74,68,6
200603100MIA,RS,MIA,1908.0,,74,71,3
200603100MIA,RS,MIA,1926.0,,75,71,4
200603100MIA,RS,MIA,1926.0,,76,71,5
200603100MIA,RS,MIA,1940.0,,76,73,3
200603100MIA,RS,MIA,1960.0,,77,73,4
200603100MIA,RS,MIA,2013.0,,77,75,2
200603100MIA,RS,MIA,2030.0,,79,75,4
200603100MIA,RS,MIA,2081.0,,79,76,3
200603100MIA,RS,MIA,2099.0,,81,76,5
200603100MIA,RS,MIA,2127.6,,81,77,4
200603100MIA,RS,MIA,2127.6,,81,78,3
200603100MIA,RS,MIA,2155.8,T,81,81,0
200603100MIA,RS,MIA,2159.8,,84,81,3
200603100MIA,RS,MIA,2175.0,,84,83,1
200603100MIA,RS,MIA,2253.0,,86,83,3
200603100MIA,RS,MIA,2296.0,,88,83,5
200603100MIA,RS,MIA,2321.0,,91,83,8
200603100MIA,RS,MIA,2375.0,,92,83,9
200603100MIA,RS,MIA,2375.0,,93,83,10
200603100MIA,RS,MIA,2402.0,,95,83,12
200603100MIA,RS,MIA,2449.0,,97,83,14
200603100MIA,RS,MIA,2472.0,,97,85,12
200603100MIA,RS,MIA,2493.0,,99,85,14
200603100MIA,RS,MIA,2532.0,,99,87,12
200603100MIA,RS,MIA,2532.0,,99,88,11
200603100MIA,RS,MIA,2553.0,,99,89,10
200603100MIA,RS,MIA,2576.0,,99,92,7
200603100MIA,RS,MIA,2660.0,,102,92,10
200603100MIA,RS,MIA,2708.0,,102,94,8
200603100MIA,RS,MIA,2708.0,,102,95,7
200603100MIA,RS,MIA,2720.0,,103,95,8
200603100MIA,RS,MIA,2720.0,,104,95,9
200603100MIA,RS,MIA,2834.7,,106,95,11
200603100MIA,RS,MIA,2838.8,,106,98,8
200603100MIA,RS,MIA,2851.9,,106,100,6
200603100MIA,RS,MIA,2852.5,,107,100,7
200603100MIA,RS,MIA,2861.1,,107,102,5
200603100MIA,RS,MIA,2861.1,,107,103,4
200603100MIA,RS,MIA,2861.9,,108,103,5
200603100MIA,RS,MIA,2871.4,,109,103,6
200603100MIA,RS,MIA,2871.4,,110,103,7
200603100MIA,RS,MIA,2877.5,,110,106,4
200603100MIA,RS,MIA,2878.5,F,111,106,5
200603100MIA,RS,MIA,2880.0,,111,106,5
200603110ORL,RS,ORL,0.0,,0,0,0
200603110ORL,RS,ORL,41.0,,2,0,2
200603110ORL,RS,ORL,54.0,T,2,2,0
200603110ORL,RS,ORL,78.0,LC,2,4,-2
200603110ORL,RS,ORL,176.0,,2,7,-5
200603110ORL,RS,ORL,217.0,,4,7,-3
200603110ORL,RS,ORL,249.0,T,7,7,0
200603110ORL,RS,ORL,269.0,,7,9,-2
200603110ORL,RS,ORL,290.0,T,9,9,0
200603110ORL,RS,ORL,305.0,,9,11,-2
200603110ORL,RS,ORL,322.0,T,11,11,0
200603110ORL,RS,ORL,339.0,,11,13,-2
200603110ORL,RS,ORL,368.0,,11,15,-4
200603110ORL,RS,ORL,389.0,,11,17,-6
200603110ORL,RS,ORL,401.0,,14,17,-3
200603110ORL,RS,ORL,424.0,,16,17,-1
200603110ORL,RS,ORL,440.0,,16,19,-3
200603110ORL,RS,ORL,452.0,,18,19,-1
200603110ORL,RS,ORL,467.0,,18,20,-2
200603110ORL,RS,ORL,467.0,,18,21,-3
200603110ORL,RS,ORL,487.0,T,21,21,0
200603110ORL,RS,ORL,527.0,,21,22,-1
200603110ORL,RS,ORL,532.0,,21,24,-3
200603110ORL,RS,ORL,558.0,,23,24,-1
200603110ORL,RS,ORL,584.0,,23,26,-3
200603110ORL,RS,ORL,602.0,,24,26,-2
200603110ORL,RS,ORL,613.0,T,26,26,0
200603110ORL,RS,ORL,629.0,,26,28,-2
200603110ORL,RS,ORL,657.0,,26,30,-4
200603110ORL,RS,ORL,700.0,,28,30,-2
200603110ORL,RS,ORL,745.0,T,30,30,0
200603110ORL,RS,ORL,763.0,,30,32,-2
200603110ORL,RS,ORL,782.0,T,32,32,0
200603110ORL,RS,ORL,805.0,,32,34,-2
200603110ORL,RS,ORL,842.0,LC,35,34,1
200603110ORL,RS,ORL,864.0,LC,35,36,-1
200603110ORL,RS,ORL,943.0,LC,37,36,1
200603110ORL,RS,ORL,958.0,T,37,37,0
200603110ORL,RS,ORL,958.0,LC,37,38,-1
200603110ORL,RS,ORL,979.0,,37,39,-2
200603110ORL,RS,ORL,985.0,T,39,39,0
200603110ORL,RS,ORL,1004.0,,39,41,-2
200603110ORL,RS,ORL,1040.0,,39,43,-4
200603110ORL,RS,ORL,1099.0,,41,43,-2
200603110ORL,RS,ORL,1120.0,,41,45,-4
200603110ORL,RS,ORL,1210.0,,41,47,-6
200603110ORL,RS,ORL,1210.0,,41,48,-7
200603110ORL,RS,ORL,1251.0,,41,50,-9
200603110ORL,RS,ORL,1264.0,,43,50,-7
200603110ORL,RS,ORL,1317.0,,43,51,-8
200603110ORL,RS,ORL,1317.0,,43,52,-9
200603110ORL,RS,ORL,1334.0,,45,52,-7
200603110ORL,RS,ORL,1348.0,,45,54,-9
200603110ORL,RS,ORL,1406.0,,45,56,-11
200603110ORL,RS,ORL,1439.1,,47,56,-9
200603110ORL,RS,ORL,1504.0,,47,58,-11
200603110ORL,RS,ORL,1525.0,,49,58,-9
200603110ORL,RS,ORL,1543.0,,49,60,-11
200603110ORL,RS,ORL,1570.0,,52,60,-8
200603110ORL,RS,ORL,1593.0,,52,62,-10
200603110ORL,RS,ORL,1615.0,,53,62,-9
200603110ORL,RS,ORL,1615.0,,54,62,-8
200603110ORL,RS,ORL,1656.0,,54,64,-10
200603110ORL,RS,ORL,1667.0,,57,64,-7
200603110ORL,RS,ORL,1695.0,,60,64,-4
200603110ORL,RS,ORL,1715.0,,60,66,-6
200603110ORL,RS,ORL,1772.0,,60,69,-9
200603110ORL,RS,ORL,1799.0,,60,71,-11
200603110ORL,RS,ORL,1852.0,,63,71,-8
200603110ORL,RS,ORL,1922.0,,63,73,-10
200603110ORL,RS,ORL,1945.0,,63,75,-12
200603110ORL,RS,ORL,2028.0,,63,76,-13
200603110ORL,RS,ORL,2028.0,,63,77,-14
200603110ORL,RS,ORL,2045.0,,65,77,-12
200603110ORL,RS,ORL,2063.0,,65,78,-13
200603110ORL,RS,ORL,2083.0,,67,78,-11
200603110ORL,RS,ORL,2112.6,,67,80,-13
200603110ORL,RS,ORL,2153.0,,67,82,-15
200603110ORL,RS,ORL,2181.0,,67,84,-17
200603110ORL,RS,ORL,2204.0,,67,86,-19
200603110ORL,RS,ORL,2250.0,,69,86,-17
200603110ORL,RS,ORL,2287.0,,71,86,-15
200603110ORL,RS,ORL,2331.0,,71,88,-17
200603110ORL,RS,ORL,2381.0,,74,88,-14
200603110ORL,RS,ORL,2409.0,,76,88,-12
200603110ORL,RS,ORL,2459.0,,76,90,-14
200603110ORL,RS,ORL,2485.0,,77,90,-13
200603110ORL,RS,ORL,2485.0,,78,90,-12
200603110ORL,RS,ORL,2508.0,,78,92,-14
200603110ORL,RS,ORL,2557.0,,78,93,-15
200603110ORL,RS,ORL,2609.0,,80,93,-13
200603110ORL,RS,ORL,2634.0,,81,93,-12
200603110ORL,RS,ORL,2634.0,,82,93,-11
200603110ORL,RS,ORL,2659.0,,84,93,-9
200603110ORL,RS,ORL,2696.0,,86,93,-7
200603110ORL,RS,ORL,2729.0,,86,94,-8
200603110ORL,RS,ORL,2748.0,,86,95,-9
200603110ORL,RS,ORL,2759.0,,89,95,-6
200603110ORL,RS,ORL,2791.0,,91,95,-4
200603110ORL,RS,ORL,2811.0,,91,98,-7
200603110ORL,RS,ORL,2821.2,,92,98,-6
200603110ORL,RS,ORL,2832.2,,92,99,-7
200603110ORL,RS,ORL,2843.2,,92,101,-9
200603110ORL,RS,ORL,2851.4,,92,102,-10
200603110ORL,RS,ORL,2851.4,F,92,103,-11
200603110ORL,RS,ORL,2880.0,,92,103,-11
200603160GSW,RS,MIN,0.0,,0,0,0
200603160GSW,RS,MIN,13.0,,0,2,-2
200603160GSW,RS,MIN,76.0,,0,4,-4
200603160GSW,RS,MIN,85.0,,2,4,-2
200603160GSW,RS,MIN,148.0,T,4,4,0
200603160GSW,RS,MIN,174.0,,4,5,-1
200603160GSW,RS,MIN,174.0,,4,6,-2
200603160GSW,RS,MIN,218.0,T,6,6,0
200603160GSW,RS,MIN,254.0,,6,7,-1
200603160GSW,RS,MIN,285.0,,6,9,-3
200603160GSW,RS,MIN,302.0,,8,9,-1
200603160GSW,RS,MIN,320.0,LC,10,9,1
200603160GSW,RS,MIN,330.0,T,10,10,0
200603160GSW,RS,MIN,330.0,LC,10,11,-1
200603160GSW,RS,MIN,370.0,LC,12,11,1
200603160GSW,RS,MIN,370.0,,13,11,2
200603160GSW,RS,MIN,406.0,T,13,13,0
200603160GSW,RS,MIN,436.0,LC,13,15,-2
200603160GSW,RS,MIN,449.0,T,15,15,0
200603160GSW,RS,MIN,465.0,,15,17,-2
200603160GSW,RS,MIN,479.0,T,17,17,0
200603160GSW,RS,MIN,495.0,LC,19,17,2
200603160GSW,RS,MIN,526.0,T,19,19,0
200603160GSW,RS,MIN,540.0,LC,19,21,-2
200603160GSW,RS,MIN,570.0,,19,23,-4
200603160GSW,RS,MIN,603.0,,19,25,-6
200603160GSW,RS,MIN,617.0,,21,25,-4
200603160GSW,RS,MIN,663.2,,21,27,-6
200603160GSW,RS,MIN,669.1,,23,27,-4
200603160GSW,RS,MIN,685.6,,23,29,-6
200603160GSW,RS,MIN,685.6,,23,30,-7
200603160GSW,RS,MIN,704.5,,25,30,-5
200603160GSW,RS,MIN,717.4,,25,32,-7
200603160GSW,RS,MIN,735.0,,25,34,-9
200603160GSW,RS,MIN,761.0,,27,34,-7
200603160GSW,RS,MIN,789.0,,29,34,-5
200603160GSW,RS,MIN,821.0,,31,34,-3
200603160GSW,RS,MIN,862.0,,31,36,-5
200603160GSW,RS,MIN,913.0,,33,36,-3
200603160GSW,RS,MIN,913.0,,34,36,-2
200603160GSW,RS,MIN,957.0,T,36,36,0
200603160GSW,RS,MIN,977.0,,36,38,-2
200603160GSW,RS,MIN,1050.0,T,38,38,0
200603160GSW,RS,MIN,1088.0,LC,40,38,2
200603160GSW,RS,MIN,1107.0,T,40,40,0
200603160GSW,RS,MIN,1118.0,,41,40,1
200603160GSW,RS,MIN,1118.0,,42,40,2
200603160GSW,RS,MIN,1140.0,T,42,42,0
200603160GSW,RS,MIN,1191.0,,44,42,2
200603160GSW,RS,MIN,1211.0,T,44,44,0
200603160GSW,RS,MIN,1211.0,LC,44,45,-1
200603160GSW,RS,MIN,1228.0,,44,46,-2
200603160GSW,RS,MIN,1228.0,,44,47,-3
200603160GSW,RS,MIN,1278.0,,44,50,-6
200603160GSW,RS,MIN,1301.0,,46,50,-4
200603160GSW,RS,MIN,1317.0,,46,51,-5
200603160GSW,RS,MIN,1340.0,,48,51,-3
200603160GSW,RS,MIN,1384.6,,48,53,-5
200603160GSW,RS,MIN,1397.6,,49,53,-4
200603160GSW,RS,MIN,1408.7,,49,55,-6
200603160GSW,RS,MIN,1416.6,,52,55,-3
200603160GSW,RS,MIN,1506.0,,52,57,-5
200603160GSW,RS,MIN,1558.0,,54,57,-3
200603160GSW,RS,MIN,1608.0,,54,59,-5
200603160GSW,RS,MIN,1632.0,,54,61,-7
200603160GSW,RS,MIN,1658.0,,56,61,-5
200603160GSW,RS,MIN,1696.0,,57,61,-4
200603160GSW,RS,MIN,1696.0,,58,61,-3
200603160GSW,RS,MIN,1743.0,,59,61,-2
200603160GSW,RS,MIN,1798.0,T,61,61,0
200603160GSW,RS,MIN,1846.0,,61,63,-2
200603160GSW,RS,MIN,1864.0,LC,64,63,1
200603160GSW,RS,MIN,1890.0,,66,63,3
200603160GSW,RS,MIN,1923.0,,67,63,4
200603160GSW,RS,MIN,1923.0,,68,63,5
200603160GSW,RS,MIN,1936.0,,68,65,3
200603160GSW,RS,MIN,1945.0,,70,65,5
200603160GSW,RS,MIN,1997.0,,72,65,7
200603160GSW,RS,MIN,2020.0,,72,67,5
200603160GSW,RS,MIN,2031.0,,75,67,8
200603160GSW,RS,MIN,2126.3,,75,69,6
200603160GSW,RS,MIN,2250.0,,77,69,8
200603160GSW,RS,MIN,2294.0,,79,69,10
200603160GSW,RS,MIN,2294.0,,80,69,11
200603160GSW,RS,MIN,2331.0,,82,69,13
200603160GSW,RS,MIN,2349.0,,82,72,10
200603160GSW,RS,MIN,2363.0,,85,72,13
200603160GSW,RS,MIN,2379.0,,86,72,14
200603160GSW,RS,MIN,2379.0,,87,72,15
200603160GSW,RS,MIN,2428.0,,87,73,14
200603160GSW,RS,MIN,2428.0,,87,74,13
200603160GSW,RS,MIN,2458.0,,90,74,16
200603160GSW,RS,MIN,2480.0,,90,76,14
200603160GSW,RS,MIN,2480.0,,90,77,13
200603160GSW,RS,MIN,2492.0,,91,77,14
200603160GSW,RS,MIN,2492.0,,92,77,15
200603160GSW,RS,MIN,2506.0,,92,78,14
200603160GSW,RS,MIN,2506.0,,92,79,13
200603160GSW,RS,MIN,2537.0,,92,82,10
200603160GSW,RS,MIN,2583.0,,92,83,9
200603160GSW,RS,MIN,2603.0,,95,83,12
200603160GSW,RS,MIN,2638.0,,95,85,10
200603160GSW,RS,MIN,2661.0,,95,86,9
200603160GSW,RS,MIN,2661.0,,95,87,8
200603160GSW,RS,MIN,2725.0,,96,87,9
200603160GSW,RS,MIN,2725.0,,97,87,10
200603160GSW,RS,MIN,2747.0,,97,89,8
200603160GSW,RS,MIN,2755.0,,98,89,9
200603160GSW,RS,MIN,2755.0,,99,89,10
200603160GSW,RS,MIN,2768.0,,99,90,9
200603160GSW,RS,MIN,2768.0,,99,91,8
200603160GSW,RS,MIN,2793.0,,99,93,6
200603160GSW,RS,MIN,2834.4,,100,93,7
200603160GSW,RS,MIN,2834.4,,101,93,8
200603160GSW,RS,MIN,2842.1,,101,95,6
200603160GSW,RS,MIN,2846.7,,102,95,7
200603160GSW,RS,MIN,2847.4,,102,97,5
200603160GSW,RS,MIN,2854.7,,103,97,6
200603160GSW,RS,MIN,2862.0,,104,97,7
200603160GSW,RS,MIN,2862.0,F,105,97,8
200603160GSW,RS,MIN,2880.0,,105,97,8
200603190GSW,RS,PHI,0.0,,0,0,0
200603190GSW,RS,PHI,22.0,,0,2,-2
200603190GSW,RS,PHI,36.0,T,2,2,0
200603190GSW,RS,PHI,58.0,,2,4,-2
200603190GSW,RS,PHI,73.0,T,4,4,0
200603190GSW,RS,PHI,123.0,LC,6,4,2
200603190GSW,RS,PHI,177.0,,8,4,4
200603190GSW,RS,PHI,197.0,,8,6,2
200603190GSW,RS,PHI,205.0,,11,6,5
200603190GSW,RS,PHI,234.0,,13,6,7
200603190GSW,RS,PHI,249.0,,13,8,5
200603190GSW,RS,PHI,304.0,,15,8,7
200603190GSW,RS,PHI,331.0,,15,10,5
200603190GSW,RS,PHI,366.0,,15,12,3
200603190GSW,RS,PHI,425.0,,15,14,1
200603190GSW,RS,PHI,452.0,,17,14,3
200603190GSW,RS,PHI,471.0,,17,16,1
200603190GSW,RS,PHI,480.0,,18,16,2
200603190GSW,RS,PHI,489.0,,21,16,5
200603190GSW,RS,PHI,514.0,,21,18,3
200603190GSW,RS,PHI,553.0,,22,18,4
200603190GSW,RS,PHI,567.0,,22,19,3
200603190GSW,RS,PHI,596.0,,22,21,1
200603190GSW,RS,PHI,627.0,,25,21,4
200603190GSW,RS,PHI,645.0,,25,23,2
200603190GSW,RS,PHI,671.0,,27,23,4
200603190GSW,RS,PHI,709.5,,27,24,3
200603190GSW,RS,PHI,709.5,,27,25,2
200603190GSW,RS,PHI,735.0,,29,25,4
200603190GSW,RS,PHI,758.0,,29,27,2
200603190GSW,RS,PHI,903.0,,31,27,4
200603190GSW,RS,PHI,948.0,,31,29,2
200603190GSW,RS,PHI,952.0,,32,29,3
200603190GSW,RS,PHI,983.0,,34,29,5
200603190GSW,RS,PHI,1031.0,,34,31,3
200603190GSW,RS,PHI,1041.0,,35,31,4
200603190GSW,RS,PHI,1055.0,,35,33,2
200603190GSW,RS,PHI,1086.0,T,35,35,0
200603190GSW,RS,PHI,1131.0,LC,35,37,-2
200603190GSW,RS,PHI,1156.0,T,37,37,0
200603190GSW,RS,PHI,1172.0,,37,38,-1
200603190GSW,RS,PHI,1180.0,T,38,38,0
200603190GSW,RS,PHI,1211.0,LC,40,38,2
200603190GSW,RS,PHI,1249.0,,43,38,5
200603190GSW,RS,PHI,1276.0,,43,40,3
200603190GSW,RS,PHI,1309.0,,43,42,1
200603190GSW,RS,PHI,1318.0,,44,42,2
200603190GSW,RS,PHI,1318.0,,45,42,3
200603190GSW,RS,PHI,1351.0,,45,44,1
200603190GSW,RS,PHI,1357.0,,47,44,3
200603190GSW,RS,PHI,1380.8,,49,44,5
200603190GSW,RS,PHI,1394.4,,49,45,4
200603190GSW,RS,PHI,1394.4,,49,46,3
200603190GSW,RS,PHI,1456.0,,51,46,5
200603190GSW,RS,PHI,1482.0,,51,49,2
200603190GSW,RS,PHI,1508.0,T,51,51,0
200603190GSW,RS,PHI,1532.0,,53,51,2
200603190GSW,RS,PHI,1584.0,T,53,53,0
200603190GSW,RS,PHI,1597.0,,55,53,2
200603190GSW,RS,PHI,1624.0,,56,53,3
200603190GSW,RS,PHI,1624.0,,57,53,4
200603190GSW,RS,PHI,1648.0,,59,53,6
200603190GSW,RS,PHI,1668.0,,59,54,5
200603190GSW,RS,PHI,1693.0,,59,57,2
200603190GSW,RS,PHI,1736.0,,61,57,4
200603190GSW,RS,PHI,1810.0,,63,57,6
200603190GSW,RS,PHI,1855.0,,63,60,3
200603190GSW,RS,PHI,1871.0,,65,60,5
200603190GSW,RS,PHI,1973.0,,65,62,3
200603190GSW,RS,PHI,1994.0,,67,62,5
200603190GSW,RS,PHI,1994.0,,68,62,6
200603190GSW,RS,PHI,2009.0,,68,64,4
200603190GSW,RS,PHI,2152.0,,68,66,2
200603190GSW,RS,PHI,2152.0,,68,67,1
200603190GSW,RS,PHI,2157.9,,69,67,2
200603190GSW,RS,PHI,2157.9,,70,67,3
200603190GSW,RS,PHI,2157.9,,71,67,4
200603190GSW,RS,PHI,2173.0,,71,68,3
200603190GSW,RS,PHI,2173.0,,71,69,2
200603190GSW,RS,PHI,2252.0,,71,70,1
200603190GSW,RS,PHI,2268.0,,73,70,3
200603190GSW,RS,PHI,2318.0,,75,70,5
200603190GSW,RS,PHI,2350.0,,77,70,7
200603190GSW,RS,PHI,2374.0,,77,72,5
200603190GSW,RS,PHI,2402.0,,79,72,7
200603190GSW,RS,PHI,2441.0,,79,75,4
200603190GSW,RS,PHI,2474.0,,79,77,2
200603190GSW,RS,PHI,2518.0,T,79,79,0
200603190GSW,RS,PHI,2539.0,,81,79,2
200603190GSW,RS,PHI,2574.0,T,81,81,0
200603190GSW,RS,PHI,2599.0,,83,81,2
200603190GSW,RS,PHI,2612.0,,85,81,4
200603190GSW,RS,PHI,2691.0,,85,82,3
200603190GSW,RS,PHI,2707.0,,88,82,6
200603190GSW,RS,PHI,2759.0,,88,83,5
200603190GSW,RS,PHI,2759.0,,88,84,4
200603190GSW,RS,PHI,2775.0,,91,84,7
200603190GSW,RS,PHI,2784.0,,91,85,6
200603190GSW,RS,PHI,2816.0,,91,86,5
200603190GSW,RS,PHI,2844.6,,93,86,7
200603190GSW,RS,PHI,2857.0,,93,89,4
200603190GSW,RS,PHI,2858.1,,94,89,5
200603190GSW,RS,PHI,2863.5,,95,89,6
200603190GSW,RS,PHI,2863.5,,96,89,7
200603190GSW,RS,PHI,2873.5,,97,89,8
200603190GSW,RS,PHI,2873.5,F,98,89,9
200603190GSW,RS,PHI,2880.0,,98,89,9
200603210SAS,RS,SAS,0.0,,0,0,0
200603210SAS,RS,SAS,49.0,,0,2,-2
200603210SAS,RS,SAS,60.0,T,2,2,0
200603210SAS,RS,SAS,76.0,,2,3,-1
200603210SAS,RS,SAS,76.0,,2,4,-2
200603210SAS,RS,SAS,114.0,T,4,4,0
200603210SAS,RS,SAS,134.0,,4,6,-2
200603210SAS,RS,SAS,150.0,,4,8,-4
200603210SAS,RS,SAS,150.0,,4,9,-5
200603210SAS,RS,SAS,176.0,,6,9,-3
200603210SAS,RS,SAS,201.0,,6,11,-5
200603210SAS,RS,SAS,214.0,,9,11,-2
200603210SAS,RS,SAS,247.0,T,11,11,0
200603210SAS,RS,SAS,269.0,LC,13,11,2
200603210SAS,RS,SAS,281.0,T,13,13,0
200603210SAS,RS,SAS,301.0,,15,13,2
200603210SAS,RS,SAS,331.0,T,15,15,0
200603210SAS,RS,SAS,372.0,LC,15,17,-2
200603210SAS,RS,SAS,477.0,,15,19,-4
200603210SAS,RS,SAS,490.0,,16,19,-3
200603210SAS,RS,SAS,490.0,,17,19,-2
200603210SAS,RS,SAS,511.0,,17,21,-4
200603210SAS,RS,SAS,529.0,,19,21,-2
200603210SAS,RS,SAS,562.0,T,21,21,0
200603210SAS,RS,SAS,582.0,,21,22,-1
200603210SAS,RS,SAS,624.0,,21,25,-4
200603210SAS,RS,SAS,647.0,,23,25,-2
200603210SAS,RS,SAS,753.0,,23,27,-4
200603210SAS,RS,SAS,774.0,,25,27,-2
200603210SAS,RS,SAS,804.0,,25,29,-4
200603210SAS,RS,SAS,856.0,,25,30,-5
200603210SAS,RS,SAS,856.0,,25,31,-6
200603210SAS,RS,SAS,903.0,,25,33,-8
200603210SAS,RS,SAS,960.0,,27,33,-6
200603210SAS,RS,SAS,968.0,,27,35,-8
200603210SAS,RS,SAS,994.0,,29,35,-6
200603210SAS,RS,SAS,994.0,,30,35,-5
200603210SAS,RS,SAS,1026.0,,32,35,-3
200603210SAS,RS,SAS,1051.0,,32,37,-5
200603210SAS,RS,SAS,1069.0,,34,37,-3
200603210SAS,RS,SAS,1091.0,,34,40,-6
200603210SAS,RS,SAS,1134.0,,36,40,-4
200603210SAS,RS,SAS,1147.0,,36,42,-6
200603210SAS,RS,SAS,1211.0,,38,42,-4
200603210SAS,RS,SAS,1211.0,,39,42,-3
200603210SAS,RS,SAS,1240.0,,39,43,-4
200603210SAS,RS,SAS,1247.0,,41,43,-2
200603210SAS,RS,SAS,1270.0,,41,45,-4
200603210SAS,RS,SAS,1320.0,,41,47,-6
200603210SAS,RS,SAS,1336.0,,43,47,-4
200603210SAS,RS,SAS,1352.0,,43,48,-5
200603210SAS,RS,SAS,1352.0,,43,49,-6
200603210SAS,RS,SAS,1398.4,,45,49,-4
200603210SAS,RS,SAS,1407.9,,45,50,-5
200603210SAS,RS,SAS,1407.9,,45,51,-6
200603210SAS,RS,SAS,1417.2,,47,51,-4
200603210SAS,RS,SAS,1483.0,,48,51,-3
200603210SAS,RS,SAS,1514.0,,48,53,-5
200603210SAS,RS,SAS,1537.0,,50,53,-3
200603210SAS,RS,SAS,1568.0,,52,53,-1
200603210SAS,RS,SAS,1617.0,,52,55,-3
200603210SAS,RS,SAS,1661.0,,52,57,-5
200603210SAS,RS,SAS,1675.0,,53,57,-4
200603210SAS,RS,SAS,1675.0,,54,57,-3
200603210SAS,RS,SAS,1700.0,,56,57,-1
200603210SAS,RS,SAS,1734.0,T,57,57,0
200603210SAS,RS,SAS,1734.0,LC,58,57,1
200603210SAS,RS,SAS,1734.0,,59,57,2
200603210SAS,RS,SAS,1757.0,,61,57,4
200603210SAS,RS,SAS,1780.0,,61,58,3
200603210SAS,RS,SAS,1801.0,,63,58,5
200603210SAS,RS,SAS,1820.0,,63,60,3
200603210SAS,RS,SAS,1891.0,,63,62,1
200603210SAS,RS,SAS,1891.0,T,63,63,0
200603210SAS,RS,SAS,1905.0,,64,63,1
200603210SAS,RS,SAS,1924.0,LC,64,65,-1
200603210SAS,RS,SAS,1969.0,LC,66,65,1
200603210SAS,RS,SAS,1979.0,T,66,66,0
200603210SAS,RS,SAS,1979.0,LC,66,67,-1
200603210SAS,RS,SAS,2047.0,T,67,67,0
200603210SAS,RS,SAS,2047.0,LC,68,67,1
200603210SAS,RS,SAS,2064.0,,69,67,2
200603210SAS,RS,SAS,2064.0,,70,67,3
200603210SAS,RS,SAS,2083.0,,70,69,1
200603210SAS,RS,SAS,2102.7,T,70,70,0
200603210SAS,RS,SAS,2120.1,LC,70,71,-1
200603210SAS,RS,SAS,2120.1,,70,72,-2
200603210SAS,RS,SAS,2198.0,,70,74,-4
200603210SAS,RS,SAS,2229.0,,72,74,-2
200603210SAS,RS,SAS,2243.0,,72,76,-4
200603210SAS,RS,SAS,2243.0,,72,77,-5
200603210SAS,RS,SAS,2272.0,,72,79,-7
200603210SAS,RS,SAS,2290.0,,74,79,-5
200603210SAS,RS,SAS,2305.0,,74,82,-8
200603210SAS,RS,SAS,2331.0,,76,82,-6
200603210SAS,RS,SAS,2387.0,,78,82,-4
200603210SAS,RS,SAS,2407.0,,78,84,-6
200603210SAS,RS,SAS,2433.0,,81,84,-3
200603210SAS,RS,SAS,2490.0,,81,86,-5
200603210SAS,RS,SAS,2508.0,,82,86,-4
200603210SAS,RS,SAS,2508.0,,83,86,-3
200603210SAS,RS,SAS,2560.0,,83,88,-5
200603210SAS,RS,SAS,2581.0,,84,88,-4
200603210SAS,RS,SAS,2581.0,,85,88,-3
200603210SAS,RS,SAS,2627.0,,85,90,-5
200603210SAS,RS,SAS,2667.0,,85,92,-7
200603210SAS,RS,SAS,2718.0,,85,94,-9
200603210SAS,RS,SAS,2740.0,,86,94,-8
200603210SAS,RS,SAS,2740.0,,87,94,-7
200603210SAS,RS,SAS,2757.0,,87,96,-9
200603210SAS,RS,SAS,2772.0,,89,96,-7
200603210SAS,RS,SAS,2789.0,,89,98,-9
200603210SAS,RS,SAS,2798.0,,91,98,-7
200603210SAS,RS,SAS,2815.0,,91,100,-9
200603210SAS,RS,SAS,2815.0,,91,101,-10
200603210SAS,RS,SAS,2820.9,,92,101,-9
200603210SAS,RS,SAS,2825.2,,92,102,-10
200603210SAS,RS,SAS,2825.2,,92,103,-11
200603210SAS,RS,SAS,2836.9,,92,104,-12
200603210SAS,RS,SAS,2836.9,,92,105,-13
200603210SAS,RS,SAS,2848.1,,94,105,-11
200603210SAS,RS,SAS,2855.8,,96,105,-9
200603210SAS,RS,SAS,2859.2,,96,106,-10
200603210SAS,RS,SAS,2859.2,F,96,107,-11
200603210SAS,RS,SAS,2880.0,,96,107,-11
200603230DAL,RS,DAL,0.0,,0,0,0
200603230DAL,RS,DAL,21.0,,0,2,-2
200603230DAL,RS,DAL,102.0,,0,4,-4
200603230DAL,RS,DAL,137.0,,0,6,-6
200603230DAL,RS,DAL,166.0,,1,6,-5
200603230DAL,RS,DAL,166.0,,2,6,-4
200603230DAL,RS,DAL,179.0,,3,6,-3
200603230DAL,RS,DAL,196.0,,3,8,-5
200603230DAL,RS,DAL,217.0,,3,10,-7
200603230DAL,RS,DAL,231.0,,4,10,-6
200603230DAL,RS,DAL,231.0,,5,10,-5
200603230DAL,RS,DAL,248.0,,5,12,-7
200603230DAL,RS,DAL,271.0,,7,12,-5
200603230DAL,RS,DAL,289.0,,7,14,-7
200603230DAL,RS,DAL,313.0,,9,14,-5
200603230DAL,RS,DAL,338.0,,9,16,-7
200603230DAL,RS,DAL,366.0,,9,18,-9
200603230DAL,RS,DAL,385.0,,11,18,-7
200603230DAL,RS,DAL,395.0,,11,19,-8
200603230DAL,RS,DAL,395.0,,11,20,-9
200603230DAL,RS,DAL,425.0,,13,20,-7
200603230DAL,RS,DAL,477.0,,13,21,-8
200603230DAL,RS,DAL,477.0,,13,22,-9
200603230DAL,RS,DAL,498.0,,16,22,-6
200603230DAL,RS,DAL,566.0,,16,24,-8
200603230DAL,RS,DAL,599.0,,18,24,-6
200603230DAL,RS,DAL,614.0,,18,26,-8
200603230DAL,RS,DAL,627.0,,20,26,-6
200603230DAL,RS,DAL,645.0,,20,27,-7
200603230DAL,RS,DAL,645.0,,20,28,-8
200603230DAL,RS,DAL,664.1,,22,28,-6
200603230DAL,RS,DAL,686.5,,23,28,-5
200603230DAL,RS,DAL,686.5,,24,28,-4
200603230DAL,RS,DAL,706.4,,26,28,-2
200603230DAL,RS,DAL,734.0,T,28,28,0
200603230DAL,RS,DAL,759.0,LC,31,28,3
200603230DAL,RS,DAL,788.0,,31,30,1
200603230DAL,RS,DAL,800.0,,33,30,3
200603230DAL,RS,DAL,832.0,,33,31,2
200603230DAL,RS,DAL,832.0,,33,32,1
200603230DAL,RS,DAL,861.0,,35,32,3
200603230DAL,RS,DAL,882.0,,35,33,2
200603230DAL,RS,DAL,882.0,,35,34,1
200603230DAL,RS,DAL,894.0,,37,34,3
200603230DAL,RS,DAL,925.0,,39,34,5
200603230DAL,RS,DAL,949.0,,39,35,4
200603230DAL,RS,DAL,949.0,,39,36,3
200603230DAL,RS,DAL,962.0,,41,36,5
200603230DAL,RS,DAL,1004.0,,41,38,3
200603230DAL,RS,DAL,1035.0,,41,40,1
200603230DAL,RS,DAL,1053.0,,43,40,3
200603230DAL,RS,DAL,1074.0,,46,40,6
200603230DAL,RS,DAL,1093.0,,46,42,4
200603230DAL,RS,DAL,1119.0,,46,44,2
200603230DAL,RS,DAL,1141.0,,48,44,4
200603230DAL,RS,DAL,1163.0,,48,46,2
200603230DAL,RS,DAL,1186.0,,51,46,5
200603230DAL,RS,DAL,1210.0,,51,47,4
200603230DAL,RS,DAL,1210.0,,51,48,3
200603230DAL,RS,DAL,1284.0,,51,49,2
200603230DAL,RS,DAL,1284.0,,51,50,1
200603230DAL,RS,DAL,1299.0,,52,50,2
200603230DAL,RS,DAL,1299.0,,53,50,3
200603230DAL,RS,DAL,1328.0,,53,52,1
200603230DAL,RS,DAL,1345.0,,54,52,2
200603230DAL,RS,DAL,1354.0,,57,52,5
200603230DAL,RS,DAL,1400.8,,57,54,3
200603230DAL,RS,DAL,1467.0,,57,56,1
200603230DAL,RS,DAL,1505.0,LC,57,58,-1
200603230DAL,RS,DAL,1526.0,LC,59,58,1
200603230DAL,RS,DAL,1575.0,LC,59,60,-1
200603230DAL,RS,DAL,1596.0,,59,62,-3
200603230DAL,RS,DAL,1613.0,,61,62,-1
200603230DAL,RS,DAL,1632.0,,61,65,-4
200603230DAL,RS,DAL,1650.0,,63,65,-2
200603230DAL,RS,DAL,1667.0,,63,68,-5
200603230DAL,RS,DAL,1680.0,,65,68,-3
200603230DAL,RS,DAL,1737.0,,65,70,-5
200603230DAL,RS,DAL,1757.0,,66,70,-4
200603230DAL,RS,DAL,1757.0,,67,70,-3
200603230DAL,RS,DAL,1774.0,,67,72,-5
200603230DAL,RS,DAL,1774.0,,67,73,-6
200603230DAL,RS,DAL,1819.0,,70,73,-3
200603230DAL,RS,DAL,1867.0,,72,73,-1
200603230DAL,RS,DAL,1923.0,LC,75,73,2
200603230DAL,RS,DAL,1952.0,,78,73,5
200603230DAL,RS,DAL,1969.0,,78,76,2
200603230DAL,RS,DAL,1989.0,,80,76,4
200603230DAL,RS,DAL,2012.0,,80,78,2
200603230DAL,RS,DAL,2026.0,,83,78,5
200603230DAL,RS,DAL,2053.0,,85,78,7
200603230DAL,RS,DAL,2053.0,,86,78,8
200603230DAL,RS,DAL,2068.0,,86,79,7
200603230DAL,RS,DAL,2068.0,,86,80,6
200603230DAL,RS,DAL,2079.0,,87,80,7
200603230DAL,RS,DAL,2079.0,,88,80,8
200603230DAL,RS,DAL,2092.0,,88,81,7
200603230DAL,RS,DAL,2092.0,,88,82,6
200603230DAL,RS,DAL,2123.8,,90,82,8
200603230DAL,RS,DAL,2145.1,,90,84,6
200603230DAL,RS,DAL,2145.1,,90,85,5
200603230DAL,RS,DAL,2158.0,,91,85,6
200603230DAL,RS,DAL,2158.0,,92,85,7
200603230DAL,RS,DAL,2180.0,,92,87,5
200603230DAL,RS,DAL,2206.0,,92,89,3
200603230DAL,RS,DAL,2282.0,,93,89,4
200603230DAL,RS,DAL,2282.0,,94,89,5
200603230DAL,RS,DAL,2300.0,,94,90,4
200603230DAL,RS,DAL,2300.0,,94,91,3
200603230DAL,RS,DAL,2309.0,,94,92,2
200603230DAL,RS,DAL,2309.0,,94,93,1
200603230DAL,RS,DAL,2341.0,,96,93,3
200603230DAL,RS,DAL,2341.0,,97,93,4
200603230DAL,RS,DAL,2361.0,,97,95,2
200603230DAL,RS,DAL,2382.0,LC,97,98,-1
200603230DAL,RS,DAL,2450.0,LC,99,98,1
200603230DAL,RS,DAL,2464.0,LC,99,100,-1
200603230DAL,RS,DAL,2493.0,LC,101,100,1
200603230DAL,RS,DAL,2526.0,,103,100,3
200603230DAL,RS,DAL,2545.0,T,103,103,0
200603230DAL,RS,DAL,2581.0,LC,103,106,-3
200603230DAL,RS,DAL,2618.0,,105,106,-1
200603230DAL,RS,DAL,2657.0,LC,107,106,1
200603230DAL,RS,DAL,2676.0,T,107,107,0
200603230DAL,RS,DAL,2676.0,LC,107,108,-1
200603230DAL,RS,DAL,2732.0,,107,110,-3
200603230DAL,RS,DAL,2802.0,,107,112,-5
200603230DAL,RS,DAL,2811.0,,110,112,-2
200603230DAL,RS,DAL,2826.3,,110,114,-4
200603230DAL,RS,DAL,2844.9,,110,115,-5
200603230DAL,RS,DAL,2844.9,,110,116,-6
200603230DAL,RS,DAL,2849.6,,112,116,-4
200603230DAL,RS,DAL,2851.6,,112,117,-5
200603230DAL,RS,DAL,2861.4,,114,117,-3
200603230DAL,RS,DAL,2861.4,,115,117,-2
200603230DAL,RS,DAL,2863.5,,115,118,-3
200603230DAL,RS,DAL,2870.7,,116,118,-2
200603230DAL,RS,DAL,2870.7,,117,118,-1
200603230DAL,RS,DAL,2872.2,,117,119,-2
200603230DAL,RS,DAL,2872.2,,117,120,-3
200603230DAL,RS,DAL,2874.9,,118,120,-2
200603230DAL,RS,DAL,2874.9,,119,120,-1
200603230DAL,RS,DAL,2875.3,,119,121,-2
200603230DAL,RS,DAL,2879.8,F,122,121,1
200603230DAL,RS,DAL,2880.0,,122,121,1
200603260SAC,RS,SAC,0.0,,0,0,0
200603260SAC,RS,SAC,67.0,,2,0,2
200603260SAC,RS,SAC,175.0,T,2,2,0
200603260SAC,RS,SAC,229.0,,4,2,2
200603260SAC,RS,SAC,254.0,,6,2,4
200603260SAC,RS,SAC,293.0,,8,2,6
200603260SAC,RS,SAC,308.0,,8,4,4
200603260SAC,RS,SAC,339.0,,8,7,1
200603260SAC,RS,SAC,388.0,,10,7,3
200603260SAC,RS,SAC,441.0,,10,9,1
200603260SAC,RS,SAC,456.0,,12,9,3
200603260SAC,RS,SAC,489.0,,13,9,4
200603260SAC,RS,SAC,540.0,,15,9,6
200603260SAC,RS,SAC,572.0,,17,9,8
200603260SAC,RS,SAC,604.0,,19,9,10
200603260SAC,RS,SAC,638.0,,21,9,12
200603260SAC,RS,SAC,656.0,,21,11,10
200603260SAC,RS,SAC,691.7,,21,14,7
200603260SAC,RS,SAC,703.3,,23,14,9
200603260SAC,RS,SAC,755.0,,23,16,7
200603260SAC,RS,SAC,789.0,,23,17,6
200603260SAC,RS,SAC,789.0,,23,18,5
200603260SAC,RS,SAC,803.0,,26,18,8
200603260SAC,RS,SAC,860.0,,26,20,6
200603260SAC,RS,SAC,894.0,,26,22,4
200603260SAC,RS,SAC,901.0,,27,22,5
200603260SAC,RS,SAC,901.0,,28,22,6
200603260SAC,RS,SAC,925.0,,28,24,4
200603260SAC,RS,SAC,967.0,,28,26,2
200603260SAC,RS,SAC,983.0,,29,26,3
200603260SAC,RS,SAC,983.0,,30,26,4
200603260SAC,RS,SAC,1003.0,,30,28,2
200603260SAC,RS,SAC,1017.0,,32,28,4
200603260SAC,RS,SAC,1049.0,,32,29,3
200603260SAC,RS,SAC,1078.0,,32,31,1
200603260SAC,RS,SAC,1126.0,,34,31,3
200603260SAC,RS,SAC,1192.0,T,34,34,0
200603260SAC,RS,SAC,1230.0,,36,34,2
200603260SAC,RS,SAC,1255.0,,36,35,1
200603260SAC,RS,SAC,1275.0,,38,35,3
200603260SAC,RS,SAC,1292.0,T,38,38,0
200603260SAC,RS,SAC,1303.0,,40,38,2
200603260SAC,RS,SAC,1340.0,,41,38,3
200603260SAC,RS,SAC,1340.0,,42,38,4
200603260SAC,RS,SAC,1396.4,,42,39,3
200603260SAC,RS,SAC,1396.4,,42,40,2
200603260SAC,RS,SAC,1406.9,,45,40,5
200603260SAC,RS,SAC,1457.0,,48,40,8
200603260SAC,RS,SAC,1479.0,,48,42,6
200603260SAC,RS,SAC,1557.0,,48,44,4
200603260SAC,RS,SAC,1557.0,,48,45,3
200603260SAC,RS,SAC,1610.0,,50,45,5
200603260SAC,RS,SAC,1641.0,,53,45,8
200603260SAC,RS,SAC,1678.0,,55,45,10
200603260SAC,RS,SAC,1693.0,,57,45,12
200603260SAC,RS,SAC,1740.0,,60,45,15
200603260SAC,RS,SAC,1802.0,,61,45,16
200603260SAC,RS,SAC,1855.0,,61,47,14
200603260SAC,RS,SAC,1873.0,,61,49,12
200603260SAC,RS,SAC,1888.0,,64,49,15
200603260SAC,RS,SAC,1949.0,,64,51,13
200603260SAC,RS,SAC,1974.0,,66,51,15
200603260SAC,RS,SAC,2053.0,,66,53,13
200603260SAC,RS,SAC,2130.1,,69,53,16
200603260SAC,RS,SAC,2158.9,,69,54,15
200603260SAC,RS,SAC,2197.0,,69,56,13
200603260SAC,RS,SAC,2216.0,,71,56,15
200603260SAC,RS,SAC,2288.0,,71,58,13
200603260SAC,RS,SAC,2337.0,,71,59,12
200603260SAC,RS,SAC,2337.0,,71,60,11
200603260SAC,RS,SAC,2375.0,,73,60,13
200603260SAC,RS,SAC,2375.0,,74,60,14
200603260SAC,RS,SAC,2435.0,,74,62,12
200603260SAC,RS,SAC,2465.0,,74,63,11
200603260SAC,RS,SAC,2465.0,,74,64,10
200603260SAC,RS,SAC,2490.0,,74,67,7
200603260SAC,RS,SAC,2534.0,,77,67,10
200603260SAC,RS,SAC,2555.0,,77,69,8
200603260SAC,RS,SAC,2555.0,,77,70,7
200603260SAC,RS,SAC,2587.0,,77,72,5
200603260SAC,RS,SAC,2613.0,,78,72,6
200603260SAC,RS,SAC,2644.0,,78,74,4
200603260SAC,RS,SAC,2663.0,,80,74,6
200603260SAC,RS,SAC,2680.0,,80,77,3
200603260SAC,RS,SAC,2782.0,T,80,80,0
200603260SAC,RS,SAC,2805.0,,81,80,1
200603260SAC,RS,SAC,2812.0,,84,80,4
200603260SAC,RS,SAC,2821.7,,84,81,3
200603260SAC,RS,SAC,2835.9,,86,81,5
200603260SAC,RS,SAC,2846.9,,87,81,6
200603260SAC,RS,SAC,2846.9,,88,81,7
200603260SAC,RS,SAC,2863.9,,88,82,6
200603260SAC,RS,SAC,2863.9,,88,83,5
200603260SAC,RS,SAC,2865.4,,89,83,6
200603260SAC,RS,SAC,2865.4,F,90,83,7
200603260SAC,RS,SAC,2880.0,,90,83,7
200603270GSW,RS,WAS,0.0,,0,0,0
200603270GSW,RS,WAS,76.0,,0,2,-2
200603270GSW,RS,WAS,100.0,,0,4,-4
200603270GSW,RS,WAS,126.0,,3,4,-1
200603270GSW,RS,WAS,157.0,,3,6,-3
200603270GSW,RS,WAS,205.0,,3,8,-5
200603270GSW,RS,WAS,244.0,,5,8,-3
200603270GSW,RS,WAS,262.0,,5,11,-6
200603270GSW,RS,WAS,338.0,,5,13,-8
200603270GSW,RS,WAS,358.0,,7,13,-6
200603270GSW,RS,WAS,426.0,,7,15,-8
200603270GSW,RS,WAS,440.0,,9,15,-6
200603270GSW,RS,WAS,478.0,,9,18,-9
200603270GSW,RS,WAS,505.0,,12,18,-6
200603270GSW,RS,WAS,541.0,,12,19,-7
200603270GSW,RS,WAS,541.0,,12,20,-8
200603270GSW,RS,WAS,552.0,,14,20,-6
200603270GSW,RS,WAS,588.0,,16,20,-4
200603270GSW,RS,WAS,624.0,,18,20,-2
200603270GSW,RS,WAS,650.0,,18,23,-5
200603270GSW,RS,WAS,689.4,,18,25,-7
200603270GSW,RS,WAS,705.1,,20,25,-5
200603270GSW,RS,WAS,718.6,,20,26,-6
200603270GSW,RS,WAS,718.6,,20,27,-7
200603270GSW,RS,WAS,742.0,,20,29,-9
200603270GSW,RS,WAS,764.0,,23,29,-6
200603270GSW,RS,WAS,778.0,,23,31,-8
200603270GSW,RS,WAS,796.0,,24,31,-7
200603270GSW,RS,WAS,884.0,,24,33,-9
200603270GSW,RS,WAS,970.0,,26,33,-7
200603270GSW,RS,WAS,1019.0,,29,33,-4
200603270GSW,RS,WAS,1039.0,,29,35,-6
200603270GSW,RS,WAS,1050.0,,32,35,-3
200603270GSW,RS,WAS,1062.0,,32,38,-6
200603270GSW,RS,WAS,1075.0,,34,38,-4
200603270GSW,RS,WAS,1106.0,,34,40,-6
200603270GSW,RS,WAS,1137.0,,34,42,-8
200603270GSW,RS,WAS,1177.0,,34,45,-11
200603270GSW,RS,WAS,1194.0,,34,48,-14
200603270GSW,RS,WAS,1228.0,,34,50,-16
200603270GSW,RS,WAS,1257.0,,34,52,-18
200603270GSW,RS,WAS,1257.0,,34,53,-19
200603270GSW,RS,WAS,1277.0,,36,53,-17
200603270GSW,RS,WAS,1357.0,,39,53,-14
200603270GSW,RS,WAS,1410.7,,39,55,-16
200603270GSW,RS,WAS,1462.0,,39,57,-18
200603270GSW,RS,WAS,1484.0,,40,57,-17
200603270GSW,RS,WAS,1515.0,,43,57,-14
200603270GSW,RS,WAS,1532.0,,43,59,-16
200603270GSW,RS,WAS,1577.0,,43,62,-19
200603270GSW,RS,WAS,1630.0,,45,62,-17
200603270GSW,RS,WAS,1650.0,,47,62,-15
200603270GSW,RS,WAS,1672.0,,47,64,-17
200603270GSW,RS,WAS,1686.0,,50,64,-14
200603270GSW,RS,WAS,1715.0,,53,64,-11
200603270GSW,RS,WAS,1762.0,,56,64,-8
200603270GSW,RS,WAS,1808.0,,56,65,-9
200603270GSW,RS,WAS,1808.0,,56,66,-10
200603270GSW,RS,WAS,1831.0,,58,66,-8
200603270GSW,RS,WAS,1871.0,,58,67,-9
200603270GSW,RS,WAS,1871.0,,58,68,-10
200603270GSW,RS,WAS,1953.0,,60,68,-8
200603270GSW,RS,WAS,1973.0,,60,70,-10
200603270GSW,RS,WAS,1996.0,,62,70,-8
200603270GSW,RS,WAS,2015.0,,62,73,-11
200603270GSW,RS,WAS,2037.0,,64,73,-9
200603270GSW,RS,WAS,2080.0,,66,73,-7
200603270GSW,RS,WAS,2107.9,,66,74,-8
200603270GSW,RS,WAS,2107.9,,66,75,-9
200603270GSW,RS,WAS,2127.4,,66,77,-11
200603270GSW,RS,WAS,2149.4,,69,77,-8
200603270GSW,RS,WAS,2159.1,,69,80,-11
200603270GSW,RS,WAS,2173.0,,71,80,-9
200603270GSW,RS,WAS,2197.0,,71,82,-11
200603270GSW,RS,WAS,2234.0,,71,85,-14
200603270GSW,RS,WAS,2254.0,,73,85,-12
200603270GSW,RS,WAS,2299.0,,73,86,-13
200603270GSW,RS,WAS,2299.0,,73,87,-14
200603270GSW,RS,WAS,2314.0,,75,87,-12
200603270GSW,RS,WAS,2333.0,,75,89,-14
200603270GSW,RS,WAS,2349.0,,77,89,-12
200603270GSW,RS,WAS,2369.0,,77,91,-14
200603270GSW,RS,WAS,2376.0,,79,91,-12
200603270GSW,RS,WAS,2378.0,,81,91,-10
200603270GSW,RS,WAS,2413.0,,83,91,-8
200603270GSW,RS,WAS,2444.0,,84,91,-7
200603270GSW,RS,WAS,2444.0,,85,91,-6
200603270GSW,RS,WAS,2463.0,,85,94,-9
200603270GSW,RS,WAS,2480.0,,88,94,-6
200603270GSW,RS,WAS,2492.0,,88,95,-7
200603270GSW,RS,WAS,2492.0,,88,96,-8
200603270GSW,RS,WAS,2533.0,,89,96,-7
200603270GSW,RS,WAS,2533.0,,90,96,-6
200603270GSW,RS,WAS,2571.0,,92,96,-4
200603270GSW,RS,WAS,2617.0,,92,99,-7
200603270GSW,RS,WAS,2652.0,,92,101,-9
200603270GSW,RS,WAS,2671.0,,93,101,-8
200603270GSW,RS,WAS,2671.0,,94,101,-7
200603270GSW,RS,WAS,2714.0,,94,103,-9
200603270GSW,RS,WAS,2750.0,,94,105,-11
200603270GSW,RS,WAS,2750.0,,94,106,-12
200603270GSW,RS,WAS,2773.0,,94,108,-14
200603270GSW,RS,WAS,2788.0,,94,109,-15
200603270GSW,RS,WAS,2788.0,,94,110,-16
200603270GSW,RS,WAS,2807.0,,94,112,-18
200603270GSW,RS,WAS,2817.0,,96,112,-16
200603270GSW,RS,WAS,2822.4,,96,113,-17
200603270GSW,RS,WAS,2822.4,,96,114,-18
200603270GSW,RS,WAS,2832.4,,98,114,-16
200603270GSW,RS,WAS,2852.1,F,98,116,-18
200603270GSW,RS,WAS,2880.0,,98,116,-18
200603290GSW,RS,NOK,0.0,,0,0,0
200603290GSW,RS,NOK,14.0,,2,0,2
200603290GSW,RS,NOK,31.0,T,2,2,0
200603290GSW,RS,NOK,74.0,,3,2,1
200603290GSW,RS,NOK,99.0,T,3,3,0
200603290GSW,RS,NOK,99.0,LC,3,4,-1
200603290GSW,RS,NOK,111.0,LC,5,4,1
200603290GSW,RS,NOK,164.0,,8,4,4
200603290GSW,RS,NOK,205.0,,10,4,6
200603290GSW,RS,NOK,248.0,,13,4,9
200603290GSW,RS,NOK,268.0,,13,6,7
200603290GSW,RS,NOK,315.0,,16,6,10
200603290GSW,RS,NOK,352.0,,16,8,8
200603290GSW,RS,NOK,369.0,,18,8,10
200603290GSW,RS,NOK,389.0,,18,10,8
200603290GSW,RS,NOK,397.0,,20,10,10
200603290GSW,RS,NOK,397.0,,21,10,11
200603290GSW,RS,NOK,442.0,,24,10,14
200603290GSW,RS,NOK,493.0,,24,12,12
200603290GSW,RS,NOK,531.0,,27,12,15
200603290GSW,RS,NOK,544.0,,27,14,13
200603290GSW,RS,NOK,578.0,,27,16,11
200603290GSW,RS,NOK,642.0,,27,18,9
200603290GSW,RS,NOK,666.6,,29,18,11
200603290GSW,RS,NOK,687.9,,29,19,10
200603290GSW,RS,NOK,687.9,,29,20,9
200603290GSW,RS,NOK,719.1,,29,22,7
200603290GSW,RS,NOK,821.0,,29,23,6
200603290GSW,RS,NOK,821.0,,29,24,5
200603290GSW,RS,NOK,862.0,,29,26,3
200603290GSW,RS,NOK,914.0,,29,28,1
200603290GSW,RS,NOK,949.0,LC,29,30,-1
200603290GSW,RS,NOK,965.0,LC,31,30,1
200603290GSW,RS,NOK,990.0,,33,30,3
200603290GSW,RS,NOK,1021.0,,36,30,6
200603290GSW,RS,NOK,1086.0,,36,32,4
200603290GSW,RS,NOK,1099.0,,39,32,7
200603290GSW,RS,NOK,1129.0,,41,32,9
200603290GSW,RS,NOK,1135.0,,41,33,8
200603290GSW,RS,NOK,1135.0,,41,34,7
200603290GSW,RS,NOK,1167.0,,41,36,5
200603290GSW,RS,NOK,1200.0,,41,38,3
200603290GSW,RS,NOK,1231.0,,43,38,5
200603290GSW,RS,NOK,1245.0,,43,39,4
200603290GSW,RS,NOK,1245.0,,43,40,3
200603290GSW,RS,NOK,1266.0,,43,42,1
200603290GSW,RS,NOK,1357.0,LC,43,44,-1
200603290GSW,RS,NOK,1405.7,T,44,44,0
200603290GSW,RS,NOK,1405.7,LC,45,44,1
200603290GSW,RS,NOK,1457.0,LC,45,46,-1
200603290GSW,RS,NOK,1492.0,,45,48,-3
200603290GSW,RS,NOK,1506.0,,47,48,-1
200603290GSW,RS,NOK,1557.0,LC,49,48,1
200603290GSW,RS,NOK,1567.0,LC,49,50,-1
200603290GSW,RS,NOK,1612.0,LC,51,50,1
200603290GSW,RS,NOK,1657.0,,53,50,3
200603290GSW,RS,NOK,1700.0,,55,50,5
200603290GSW,RS,NOK,1740.0,,55,52,3
200603290GSW,RS,NOK,1763.0,,57,52,5
200603290GSW,RS,NOK,1763.0,,58,52,6
200603290GSW,RS,NOK,1776.0,,59,52,7
200603290GSW,RS,NOK,1825.0,,59,54,5
200603290GSW,RS,NOK,1857.0,,61,54,7
200603290GSW,RS,NOK,1880.0,,61,57,4
200603290GSW,RS,NOK,1908.0,,61,59,2
200603290GSW,RS,NOK,2064.0,T,61,61,0
200603290GSW,RS,NOK,2087.0,,62,61,1
200603290GSW,RS,NOK,2087.0,,63,61,2
200603290GSW,RS,NOK,2095.0,T,63,63,0
200603290GSW,RS,NOK,2095.0,LC,63,64,-1
200603290GSW,RS,NOK,2121.8,T,64,64,0
200603290GSW,RS,NOK,2121.8,LC,65,64,1
200603290GSW,RS,NOK,2147.9,LC,65,66,-1
200603290GSW,RS,NOK,2159.8,LC,67,66,1
200603290GSW,RS,NOK,2211.0,,69,66,3
200603290GSW,RS,NOK,2293.0,,69,68,1
200603290GSW,RS,NOK,2368.0,T,69,69,0
200603290GSW,RS,NOK,2416.0,,72,69,3
200603290GSW,RS,NOK,2434.0,,72,71,1
200603290GSW,RS,NOK,2467.0,LC,72,73,-1
200603290GSW,RS,NOK,2467.0,,72,74,-2
200603290GSW,RS,NOK,2489.0,,73,74,-1
200603290GSW,RS,NOK,2489.0,T,74,74,0
200603290GSW,RS,NOK,2506.0,LC,75,74,1
200603290GSW,RS,NOK,2506.0,,76,74,2
200603290GSW,RS,NOK,2528.0,T,76,76,0
200603290GSW,RS,NOK,2554.0,,78,76,2
200603290GSW,RS,NOK,2610.0,LC,78,79,-1
200603290GSW,RS,NOK,2692.0,LC,80,79,1
200603290GSW,RS,NOK,2716.0,T,80,80,0
200603290GSW,RS,NOK,2750.0,LC,80,83,-3
200603290GSW,RS,NOK,2771.0,,81,83,-2
200603290GSW,RS,NOK,2793.0,,81,86,-5
200603290GSW,RS,NOK,2797.0,,82,86,-4
200603290GSW,RS,NOK,2797.0,,83,86,-3
200603290GSW,RS,NOK,2844.0,F,85,86,-1
200603290GSW,RS,NOK,2880.0,,85,86,-1
200603310GSW,RS,SAC,0.0,,0,0,0
200603310GSW,RS,SAC,24.0,,0,3,-3
200603310GSW,RS,SAC,63.0,,2,3,-1
200603310GSW,RS,SAC,156.0,,2,5,-3
200603310GSW,RS,SAC,177.0,,2,7,-5
200603310GSW,RS,SAC,204.0,,5,7,-2
200603310GSW,RS,SAC,227.0,LC,8,7,1
200603310GSW,RS,SAC,247.0,LC,8,10,-2
200603310GSW,RS,SAC,323.0,,8,12,-4
200603310GSW,RS,SAC,341.0,,10,12,-2
200603310GSW,RS,SAC,357.0,,10,14,-4
200603310GSW,RS,SAC,378.0,,12,14,-2
200603310GSW,RS,SAC,402.0,T,14,14,0
200603310GSW,RS,SAC,421.0,,14,16,-2
200603310GSW,RS,SAC,455.0,,15,16,-1
200603310GSW,RS,SAC,455.0,T,16,16,0
200603310GSW,RS,SAC,478.0,,16,19,-3
200603310GSW,RS,SAC,488.0,,18,19,-1
200603310GSW,RS,SAC,504.0,,18,21,-3
200603310GSW,RS,SAC,523.0,,18,23,-5
200603310GSW,RS,SAC,538.0,,21,23,-2
200603310GSW,RS,SAC,559.0,,21,25,-4
200603310GSW,RS,SAC,572.0,,23,25,-2
200603310GSW,RS,SAC,572.0,,24,25,-1
200603310GSW,RS,SAC,596.0,LC,26,25,1
200603310GSW,RS,SAC,635.0,,29,25,4
200603310GSW,RS,SAC,718.4,,32,25,7
200603310GSW,RS,SAC,736.0,,34,25,9
200603310GSW,RS,SAC,753.0,,34,26,8
200603310GSW,RS,SAC,801.0,,34,27,7
200603310GSW,RS,SAC,801.0,,34,28,6
200603310GSW,RS,SAC,820.0,,36,28,8
200603310GSW,RS,SAC,892.0,,36,30,6
200603310GSW,RS,SAC,905.0,,36,31,5
200603310GSW,RS,SAC,971.0,,36,33,3
200603310GSW,RS,SAC,990.0,,38,33,5
200603310GSW,RS,SAC,1014.0,,38,35,3
200603310GSW,RS,SAC,1051.0,,38,37,1
200603310GSW,RS,SAC,1068.0,,40,37,3
200603310GSW,RS,SAC,1089.0,,40,38,2
200603310GSW,RS,SAC,1144.0,T,40,40,0
200603310GSW,RS,SAC,1181.0,LC,40,41,-1
200603310GSW,RS,SAC,1216.0,,40,43,-3
200603310GSW,RS,SAC,1236.0,,40,46,-6
200603310GSW,RS,SAC,1249.0,,42,46,-4
200603310GSW,RS,SAC,1298.0,,42,48,-6
200603310GSW,RS,SAC,1333.0,,42,51,-9
200603310GSW,RS,SAC,1354.0,,45,51,-6
200603310GSW,RS,SAC,1377.0,,45,54,-9
200603310GSW,RS,SAC,1457.0,,47,54,-7
200603310GSW,RS,SAC,1482.0,,47,55,-8
200603310GSW,RS,SAC,1482.0,,47,56,-9
200603310GSW,RS,SAC,1504.0,,49,56,-7
200603310GSW,RS,SAC,1522.0,,49,58,-9
200603310GSW,RS,SAC,1543.0,,50,58,-8
200603310GSW,RS,SAC,1543.0,,51,58,-7
200603310GSW,RS,SAC,1557.0,,51,60,-9
200603310GSW,RS,SAC,1593.0,,51,62,-11
200603310GSW,RS,SAC,1655.0,,51,64,-13
200603310GSW,RS,SAC,1713.0,,53,64,-11
200603310GSW,RS,SAC,1787.0,,55,64,-9
200603310GSW,RS,SAC,1806.0,,55,66,-11
200603310GSW,RS,SAC,1991.0,,58,66,-8
200603310GSW,RS,SAC,2037.0,,58,68,-10
200603310GSW,RS,SAC,2056.0,,58,69,-11
200603310GSW,RS,SAC,2056.0,,58,70,-12
200603310GSW,RS,SAC,2084.0,,60,70,-10
200603310GSW,RS,SAC,2103.1,,62,70,-8
200603310GSW,RS,SAC,2159.8,,64,70,-6
200603310GSW,RS,SAC,2181.0,,66,70,-4
200603310GSW,RS,SAC,2222.0,,66,72,-6
200603310GSW,RS,SAC,2222.0,,66,73,-7
200603310GSW,RS,SAC,2237.0,,69,73,-4
200603310GSW,RS,SAC,2279.0,,71,73,-2
200603310GSW,RS,SAC,2307.0,T,73,73,0
200603310GSW,RS,SAC,2326.0,,73,75,-2
200603310GSW,RS,SAC,2406.0,,73,77,-4
200603310GSW,RS,SAC,2433.0,,73,78,-5
200603310GSW,RS,SAC,2483.0,,75,78,-3
200603310GSW,RS,SAC,2524.0,,76,78,-2
200603310GSW,RS,SAC,2544.0,,76,80,-4
200603310GSW,RS,SAC,2585.0,,76,81,-5
200603310GSW,RS,SAC,2585.0,,76,82,-6
200603310GSW,RS,SAC,2602.0,,78,82,-4
200603310GSW,RS,SAC,2635.0,,78,84,-6
200603310GSW,RS,SAC,2660.0,,78,86,-8
200603310GSW,RS,SAC,2691.0,,78,88,-10
200603310GSW,RS,SAC,2712.0,,81,88,-7
200603310GSW,RS,SAC,2727.0,,81,89,-8
200603310GSW,RS,SAC,2727.0,,81,90,-9
200603310GSW,RS,SAC,2737.0,,83,90,-7
200603310GSW,RS,SAC,2758.0,,83,92,-9
200603310GSW,RS,SAC,2797.0,,85,92,-7
200603310GSW,RS,SAC,2813.0,,87,92,-5
200603310GSW,RS,SAC,2834.4,,89,92,-3
200603310GSW,RS,SAC,2867.1,,91,92,-1
200603310GSW,RS,SAC,2870.1,,91,93,-2
200603310GSW,RS,SAC,2870.1,,91,94,-3
200603310GSW,RS,SAC,2875.1,,93,94,-1
200603310GSW,RS,SAC,2875.5,,93,95,-2
200603310GSW,RS,SAC,2875.5,F,93,96,-3
200603310GSW,RS,SAC,2880.0,,93,96,-3
200604020MIN,RS,MIN,0.0,,0,0,0
200604020MIN,RS,MIN,52.0,,0,2,-2
200604020MIN,RS,MIN,89.0,T,2,2,0
200604020MIN,RS,MIN,89.0,LC,3,2,1
200604020MIN,RS,MIN,127.0,T,3,3,0
200604020MIN,RS,MIN,148.0,,5,3,2
200604020MIN,RS,MIN,167.0,,8,3,5
200604020MIN,RS,MIN,196.0,,10,3,7
200604020MIN,RS,MIN,211.0,,10,5,5
200604020MIN,RS,MIN,222.0,,12,5,7
200604020MIN,RS,MIN,241.0,,12,7,5
200604020MIN,RS,MIN,277.0,,14,7,7
200604020MIN,RS,MIN,283.0,,14,8,6
200604020MIN,RS,MIN,283.0,,14,9,5
200604020MIN,RS,MIN,387.0,,14,11,3
200604020MIN,RS,MIN,417.0,,14,13,1
200604020MIN,RS,MIN,433.0,,15,13,2
200604020MIN,RS,MIN,433.0,,16,13,3
200604020MIN,RS,MIN,477.0,,18,13,5
200604020MIN,RS,MIN,512.0,,18,15,3
200604020MIN,RS,MIN,522.0,,19,15,4
200604020MIN,RS,MIN,522.0,,20,15,5
200604020MIN,RS,MIN,549.0,,21,15,6
200604020MIN,RS,MIN,549.0,,22,15,7
200604020MIN,RS,MIN,591.0,,22,16,6
200604020MIN,RS,MIN,591.0,,22,17,5
200604020MIN,RS,MIN,606.0,,25,17,8
200604020MIN,RS,MIN,638.0,,27,17,10
200604020MIN,RS,MIN,638.0,,28,17,11
200604020MIN,RS,MIN,657.0,,28,19,9
200604020MIN,RS,MIN,683.5,,28,21,7
200604020MIN,RS,MIN,693.7,,30,21,9
200604020MIN,RS,MIN,718.5,,32,21,11
200604020MIN,RS,MIN,739.0,,32,23,9
200604020MIN,RS,MIN,774.0,,35,23,12
200604020MIN,RS,MIN,783.0,,35,25,10
200604020MIN,RS,MIN,783.0,,35,26,9
200604020MIN,RS,MIN,801.0,,37,26,11
200604020MIN,RS,MIN,808.0,,37,28,9
200604020MIN,RS,MIN,838.0,,37,30,7
200604020MIN,RS,MIN,864.0,,37,31,6
200604020MIN,RS,MIN,882.0,,40,31,9
200604020MIN,RS,MIN,909.0,,42,31,11
200604020MIN,RS,MIN,951.0,,42,33,9
200604020MIN,RS,MIN,974.0,,42,35,7
200604020MIN,RS,MIN,992.0,,45,35,10
200604020MIN,RS,MIN,1006.0,,45,37,8
200604020MIN,RS,MIN,1073.0,,45,39,6
200604020MIN,RS,MIN,1088.0,,47,39,8
200604020MIN,RS,MIN,1142.0,,47,41,6
200604020MIN,RS,MIN,1204.0,,47,43,4
200604020MIN,RS,MIN,1204.0,,47,44,3
200604020MIN,RS,MIN,1219.0,,49,44,5
200604020MIN,RS,MIN,1265.0,,49,46,3
200604020MIN,RS,MIN,1331.0,,49,48,1
200604020MIN,RS,MIN,1362.0,LC,49,50,-1
200604020MIN,RS,MIN,1394.8,,49,52,-3
200604020MIN,RS,MIN,1420.0,,49,54,-5
200604020MIN,RS,MIN,1436.1,,51,54,-3
200604020MIN,RS,MIN,1471.0,T,54,54,0
200604020MIN,RS,MIN,1527.0,LC,57,54,3
200604020MIN,RS,MIN,1552.0,,60,54,6
200604020MIN,RS,MIN,1589.0,,62,54,8
200604020MIN,RS,MIN,1600.0,,62,55,7
200604020MIN,RS,MIN,1646.0,,62,57,5
200604020MIN,RS,MIN,1673.0,,62,58,4
200604020MIN,RS,MIN,1673.0,,62,59,3
200604020MIN,RS,MIN,1757.0,,64,59,5
200604020MIN,RS,MIN,1782.0,,64,60,4
200604020MIN,RS,MIN,1782.0,,64,61,3
200604020MIN,RS,MIN,1862.0,,66,61,5
200604020MIN,RS,MIN,1955.0,,66,63,3
200604020MIN,RS,MIN,1987.0,,66,65,1
200604020MIN,RS,MIN,2018.0,LC,66,67,-1
200604020MIN,RS,MIN,2050.0,,66,70,-4
200604020MIN,RS,MIN,2069.0,,67,70,-3
200604020MIN,RS,MIN,2084.0,,67,72,-5
200604020MIN,RS,MIN,2130.8,,69,72,-3
200604020MIN,RS,MIN,2173.0,,71,72,-1
200604020MIN,RS,MIN,2192.0,,71,74,-3
200604020MIN,RS,MIN,2222.0,,71,76,-5
200604020MIN,RS,MIN,2243.0,,73,76,-3
200604020MIN,RS,MIN,2282.0,T,76,76,0
200604020MIN,RS,MIN,2321.0,LC,78,76,2
200604020MIN,RS,MIN,2321.0,,79,76,3
200604020MIN,RS,MIN,2340.0,,79,77,2
200604020MIN,RS,MIN,2377.0,T,79,79,0
200604020MIN,RS,MIN,2393.0,,81,79,2
200604020MIN,RS,MIN,2456.0,,84,79,5
200604020MIN,RS,MIN,2508.0,,84,81,3
200604020MIN,RS,MIN,2594.0,,84,83,1
200604020MIN,RS,MIN,2631.0,T,84,84,0
200604020MIN,RS,MIN,2631.0,LC,84,85,-1
200604020MIN,RS,MIN,2681.0,LC,86,85,1
200604020MIN,RS,MIN,2708.0,LC,86,87,-1
200604020MIN,RS,MIN,2708.0,,86,88,-2
200604020MIN,RS,MIN,2721.0,,87,88,-1
200604020MIN,RS,MIN,2721.0,T,88,88,0
200604020MIN,RS,MIN,2771.0,,88,90,-2
200604020MIN,RS,MIN,2793.0,,88,92,-4
200604020MIN,RS,MIN,2806.0,,89,92,-3
200604020MIN,RS,MIN,2835.4,T,92,92,0
200604020MIN,RS,MIN,2904.0,,92,94,-2
200604020MIN,RS,MIN,2933.0,T,94,94,0
200604020MIN,RS,MIN,2972.0,,94,96,-2
200604020MIN,RS,MIN,2997.0,,94,97,-3
200604020MIN,RS,MIN,3017.0,,96,97,-1
200604020MIN,RS,MIN,3030.0,,96,99,-3
200604020MIN,RS,MIN,3059.0,,98,99,-1
200604020MIN,RS,MIN,3103.0,,98,100,-2
200604020MIN,RS,MIN,3103.0,,98,101,-3
200604020MIN,RS,MIN,3120.8,,100,101,-1
200604020MIN,RS,MIN,3126.5,,100,102,-2
200604020MIN,RS,MIN,3126.5,,100,103,-3
200604020MIN,RS,MIN,3167.5,,102,103,-1
200604020MIN,RS,MIN,3168.0,,102,104,-2
200604020MIN,RS,MIN,3168.0,,102,105,-3
200604020MIN,RS,MIN,3172.2,,103,105,-2
200604020MIN,RS,MIN,3172.2,,104,105,-1
200604020MIN,RS,MIN,3174.4,F,104,106,-2
200604020MIN,RS,MIN,3180.0,,104,106,-2
200604040MEM,RS,MEM,0.0,,0,0,0
200604040MEM,RS,MEM,52.0,,3,0,3
200604040MEM,RS,MEM,74.0,,3,2,1
200604040MEM,RS,MEM,91.0,,5,2,3
200604040MEM,RS,MEM,119.0,,6,2,4
200604040MEM,RS,MEM,166.0,,6,5,1
200604040MEM,RS,MEM,247.0,LC,6,7,-1
200604040MEM,RS,MEM,282.0,T,7,7,0
200604040MEM,RS,MEM,282.0,LC,8,7,1
200604040MEM,RS,MEM,301.0,LC,8,9,-1
200604040MEM,RS,MEM,326.0,LC,11,9,2
200604040MEM,RS,MEM,347.0,LC,11,12,-1
200604040MEM,RS,MEM,412.0,,11,14,-3
200604040MEM,RS,MEM,466.0,,11,16,-5
200604040MEM,RS,MEM,499.0,,13,16,-3
200604040MEM,RS,MEM,519.0,,15,16,-1
200604040MEM,RS,MEM,555.0,,15,17,-2
200604040MEM,RS,MEM,568.0,T,17,17,0
200604040MEM,RS,MEM,607.0,,17,19,-2
200604040MEM,RS,MEM,619.0,LC,20,19,1
200604040MEM,RS,MEM,716.0,LC,20,21,-1
200604040MEM,RS,MEM,716.0,,20,22,-2
200604040MEM,RS,MEM,803.0,,21,22,-1
200604040MEM,RS,MEM,803.0,T,22,22,0
200604040MEM,RS,MEM,819.0,,22,24,-2
200604040MEM,RS,MEM,841.0,,22,26,-4
200604040MEM,RS,MEM,857.0,,23,26,-3
200604040MEM,RS,MEM,857.0,,24,26,-2
200604040MEM,RS,MEM,869.0,,24,29,-5
200604040MEM,RS,MEM,928.0,,24,32,-8
200604040MEM,RS,MEM,967.0,,24,33,-9
200604040MEM,RS,MEM,1015.0,,25,33,-8
200604040MEM,RS,MEM,1051.0,,27,33,-6
200604040MEM,RS,MEM,1097.0,,27,35,-8
200604040MEM,RS,MEM,1130.0,,27,37,-10
200604040MEM,RS,MEM,1149.0,,27,38,-11
200604040MEM,RS,MEM,1149.0,,27,39,-12
200604040MEM,RS,MEM,1162.0,,29,39,-10
200604040MEM,RS,MEM,1270.0,,29,40,-11
200604040MEM,RS,MEM,1270.0,,29,41,-12
200604040MEM,RS,MEM,1303.0,,29,43,-14
200604040MEM,RS,MEM,1383.7,,29,45,-16
200604040MEM,RS,MEM,1406.1,,29,46,-17
200604040MEM,RS,MEM,1439.6,,29,48,-19
200604040MEM,RS,MEM,1439.6,,29,49,-20
200604040MEM,RS,MEM,1464.0,,31,49,-18
200604040MEM,RS,MEM,1494.0,,33,49,-16
200604040MEM,RS,MEM,1508.0,,33,51,-18
200604040MEM,RS,MEM,1525.0,,35,51,-16
200604040MEM,RS,MEM,1543.0,,35,53,-18
200604040MEM,RS,MEM,1573.0,,35,55,-20
200604040MEM,RS,MEM,1581.0,,37,55,-18
200604040MEM,RS,MEM,1617.0,,38,55,-17
200604040MEM,RS,MEM,1617.0,,39,55,-16
200604040MEM,RS,MEM,1638.0,,39,58,-19
200604040MEM,RS,MEM,1678.0,,41,58,-17
200604040MEM,RS,MEM,1697.0,,41,61,-20
200604040MEM,RS,MEM,1768.0,,43,61,-18
200604040MEM,RS,MEM,1781.0,,43,62,-19
200604040MEM,RS,MEM,1807.0,,45,62,-17
200604040MEM,RS,MEM,1869.0,,47,62,-15
200604040MEM,RS,MEM,1891.0,,47,63,-16
200604040MEM,RS,MEM,1891.0,,47,64,-17
200604040MEM,RS,MEM,1929.0,,47,66,-19
200604040MEM,RS,MEM,1954.0,,47,67,-20
200604040MEM,RS,MEM,1954.0,,47,68,-21
200604040MEM,RS,MEM,2001.0,,50,68,-18
200604040MEM,RS,MEM,2027.0,,50,71,-21
200604040MEM,RS,MEM,2037.0,,53,71,-18
200604040MEM,RS,MEM,2050.0,,53,72,-19
200604040MEM,RS,MEM,2097.0,,54,72,-18
200604040MEM,RS,MEM,2097.0,,55,72,-17
200604040MEM,RS,MEM,2116.1,,55,74,-19
200604040MEM,RS,MEM,2142.6,,55,75,-20
200604040MEM,RS,MEM,2177.0,,57,75,-18
200604040MEM,RS,MEM,2227.0,,57,77,-20
200604040MEM,RS,MEM,2262.0,,57,79,-22
200604040MEM,RS,MEM,2297.0,,59,79,-20
200604040MEM,RS,MEM,2372.0,,59,81,-22
200604040MEM,RS,MEM,2383.0,,61,81,-20
200604040MEM,RS,MEM,2400.0,,61,82,-21
200604040MEM,RS,MEM,2450.0,,61,84,-23
200604040MEM,RS,MEM,2472.0,,62,84,-22
200604040MEM,RS,MEM,2472.0,,63,84,-21
200604040MEM,RS,MEM,2512.0,,64,84,-20
200604040MEM,RS,MEM,2534.0,,64,87,-23
200604040MEM,RS,MEM,2565.0,,65,87,-22
200604040MEM,RS,MEM,2565.0,,66,87,-21
200604040MEM,RS,MEM,2576.0,,66,89,-23
200604040MEM,RS,MEM,2592.0,,68,89,-21
200604040MEM,RS,MEM,2648.0,,70,89,-19
200604040MEM,RS,MEM,2648.0,,71,89,-18
200604040MEM,RS,MEM,2716.0,,71,91,-20
200604040MEM,RS,MEM,2744.0,,71,92,-21
200604040MEM,RS,MEM,2744.0,,71,93,-22
200604040MEM,RS,MEM,2768.0,,71,94,-23
200604040MEM,RS,MEM,2768.0,,71,95,-24
200604040MEM,RS,MEM,2779.0,,73,95,-22
200604040MEM,RS,MEM,2795.0,,73,97,-24
200604040MEM,RS,MEM,2832.8,,75,97,-22
200604040MEM,RS,MEM,2842.9,F,75,100,-25
200604040MEM,RS,MEM,2880.0,,75,100,-25
200604050NOK,RS,NOK,0.0,,0,0,0
200604050NOK,RS,NOK,52.0,,0,2,-2
200604050NOK,RS,NOK,68.0,T,2,2,0
200604050NOK,RS,NOK,107.0,,2,4,-2
200604050NOK,RS,NOK,124.0,,3,4,-1
200604050NOK,RS,NOK,142.0,,3,5,-2
200604050NOK,RS,NOK,142.0,,3,6,-3
200604050NOK,RS,NOK,158.0,,5,6,-1
200604050NOK,RS,NOK,172.0,,5,8,-3
200604050NOK,RS,NOK,189.0,,7,8,-1
200604050NOK,RS,NOK,201.0,T,8,8,0
200604050NOK,RS,NOK,201.0,LC,9,8,1
200604050NOK,RS,NOK,222.0,LC,9,10,-1
200604050NOK,RS,NOK,291.0,LC,12,10,2
200604050NOK,RS,NOK,311.0,T,12,12,0
200604050NOK,RS,NOK,378.0,LC,12,13,-1
200604050NOK,RS,NOK,403.0,,12,15,-3
200604050NOK,RS,NOK,443.0,,13,15,-2
200604050NOK,RS,NOK,443.0,,14,15,-1
200604050NOK,RS,NOK,481.0,T,15,15,0
200604050NOK,RS,NOK,499.0,,15,17,-2
200604050NOK,RS,NOK,513.0,T,17,17,0
200604050NOK,RS,NOK,527.0,,17,19,-2
200604050NOK,RS,NOK,567.0,,17,21,-4
200604050NOK,RS,NOK,586.0,,19,21,-2
200604050NOK,RS,NOK,634.0,,19,23,-4
200604050NOK,RS,NOK,666.9,,19,25,-6
200604050NOK,RS,NOK,681.9,,22,25,-3
200604050NOK,RS,NOK,695.5,,22,26,-4
200604050NOK,RS,NOK,695.5,,22,27,-5
200604050NOK,RS,NOK,719.4,,24,27,-3
200604050NOK,RS,NOK,740.0,,25,27,-2
200604050NOK,RS,NOK,774.0,,25,30,-5
200604050NOK,RS,NOK,797.0,,26,30,-4
200604050NOK,RS,NOK,797.0,,27,30,-3
200604050NOK,RS,NOK,841.0,,28,30,-2
200604050NOK,RS,NOK,857.0,,28,32,-4
200604050NOK,RS,NOK,902.0,,30,32,-2
200604050NOK,RS,NOK,957.0,,30,34,-4
200604050NOK,RS,NOK,985.0,,30,35,-5
200604050NOK,RS,NOK,985.0,,30,36,-6
200604050NOK,RS,NOK,1005.0,,30,38,-8
200604050NOK,RS,NOK,1038.0,,32,38,-6
200604050NOK,RS,NOK,1045.0,,32,39,-7
200604050NOK,RS,NOK,1059.0,,34,39,-5
200604050NOK,RS,NOK,1074.0,,34,41,-7
200604050NOK,RS,NOK,1100.0,,34,43,-9
200604050NOK,RS,NOK,1124.0,,36,43,-7
200604050NOK,RS,NOK,1148.0,,38,43,-5
200604050NOK,RS,NOK,1184.0,,41,43,-2
200604050NOK,RS,NOK,1200.0,,41,46,-5
200604050NOK,RS,NOK,1206.0,,43,46,-3
200604050NOK,RS,NOK,1245.0,,43,48,-5
200604050NOK,RS,NOK,1299.0,,43,50,-7
200604050NOK,RS,NOK,1320.0,,45,50,-5
200604050NOK,RS,NOK,1351.0,,46,50,-4
200604050NOK,RS,NOK,1351.0,,47,50,-3
200604050NOK,RS,NOK,1396.5,,47,52,-5
200604050NOK,RS,NOK,1434.9,,47,55,-8
200604050NOK,RS,NOK,1439.8,,50,55,-5
200604050NOK,RS,NOK,1458.0,,52,55,-3
200604050NOK,RS,NOK,1476.0,,52,57,-5
200604050NOK,RS,NOK,1500.0,,54,57,-3
200604050NOK,RS,NOK,1524.0,,56,57,-1
200604050NOK,RS,NOK,1524.0,T,57,57,0
200604050NOK,RS,NOK,1566.0,LC,59,57,2
200604050NOK,RS,NOK,1595.0,,61,57,4
200604050NOK,RS,NOK,1611.0,,61,59,2
200604050NOK,RS,NOK,1640.0,T,61,61,0
200604050NOK,RS,NOK,1680.0,,63,61,2
200604050NOK,RS,NOK,1706.0,T,63,63,0
200604050NOK,RS,NOK,1728.0,,64,63,1
200604050NOK,RS,NOK,1728.0,T,64,64,0
200604050NOK,RS,NOK,1728.0,LC,64,65,-1
200604050NOK,RS,NOK,1753.0,LC,66,65,1
200604050NOK,RS,NOK,1779.0,LC,66,67,-1
200604050NOK,RS,NOK,1793.0,T,67,67,0
200604050NOK,RS,NOK,1798.0,LC,69,67,2
200604050NOK,RS,NOK,1815.0,LC,69,70,-1
200604050NOK,RS,NOK,1829.0,LC,71,70,1
200604050NOK,RS,NOK,1881.0,LC,71,72,-1
200604050NOK,RS,NOK,1919.0,,71,74,-3
200604050NOK,RS,NOK,1954.0,,71,75,-4
200604050NOK,RS,NOK,1954.0,,71,76,-5
200604050NOK,RS,NOK,1971.0,,72,76,-4
200604050NOK,RS,NOK,1971.0,,73,76,-3
200604050NOK,RS,NOK,1980.0,,73,78,-5
200604050NOK,RS,NOK,2038.0,,73,79,-6
200604050NOK,RS,NOK,2038.0,,73,80,-7
200604050NOK,RS,NOK,2063.0,,73,82,-9
200604050NOK,RS,NOK,2079.0,,74,82,-8
200604050NOK,RS,NOK,2079.0,,75,82,-7
200604050NOK,RS,NOK,2099.0,,77,82,-5
200604050NOK,RS,NOK,2099.0,,78,82,-4
200604050NOK,RS,NOK,2136.0,,80,82,-2
200604050NOK,RS,NOK,2159.8,T,82,82,0
200604050NOK,RS,NOK,2182.0,,82,84,-2
200604050NOK,RS,NOK,2213.0,,82,86,-4
200604050NOK,RS,NOK,2290.0,,85,86,-1
200604050NOK,RS,NOK,2316.0,,85,89,-4
200604050NOK,RS,NOK,2338.0,,87,89,-2
200604050NOK,RS,NOK,2404.0,T,89,89,0
200604050NOK,RS,NOK,2433.0,,89,91,-2
200604050NOK,RS,NOK,2452.0,LC,92,91,1
200604050NOK,RS,NOK,2476.0,,93,91,2
200604050NOK,RS,NOK,2476.0,,94,91,3
200604050NOK,RS,NOK,2554.0,,96,91,5
200604050NOK,RS,NOK,2579.0,,96,93,3
200604050NOK,RS,NOK,2622.0,,98,93,5
200604050NOK,RS,NOK,2643.0,,98,95,3
200604050NOK,RS,NOK,2703.0,,98,97,1
200604050NOK,RS,NOK,2738.0,LC,98,99,-1
200604050NOK,RS,NOK,2738.0,,98,100,-2
200604050NOK,RS,NOK,2768.0,,98,102,-4
200604050NOK,RS,NOK,2777.0,,101,102,-1
200604050NOK,RS,NOK,2871.0,,101,103,-2
200604050NOK,RS,NOK,2877.9,T,103,103,0
200604050NOK,RS,NOK,2893.0,,103,104,-1
200604050NOK,RS,NOK,2907.0,LC,105,104,1
200604050NOK,RS,NOK,2972.0,LC,105,106,-1
200604050NOK,RS,NOK,3060.0,T,106,106,0
200604050NOK,RS,NOK,3060.0,LC,107,106,1
200604050NOK,RS,NOK,3082.0,LC,107,108,-1
200604050NOK,RS,NOK,3097.0,LC,109,108,1
200604050NOK,RS,NOK,3138.4,LC,109,110,-1
200604050NOK,RS,NOK,3158.3,,109,111,-2
200604050NOK,RS,NOK,3158.3,,109,112,-3
200604050NOK,RS,NOK,3169.3,,109,113,-4
200604050NOK,RS,NOK,3169.3,F,109,114,-5
200604050NOK,RS,NOK,3180.0,,109,114,-5
200604070GSW,RS,HOU,0.0,,0,0,0
200604070GSW,RS,HOU,14.0,,0,2,-2
200604070GSW,RS,HOU,52.0,T,2,2,0
200604070GSW,RS,HOU,66.0,,2,4,-2
200604070GSW,RS,HOU,81.0,T,4,4,0
200604070GSW,RS,HOU,161.0,LC,6,4,2
200604070GSW,RS,HOU,183.0,T,6,6,0
200604070GSW,RS,HOU,183.0,LC,6,7,-1
200604070GSW,RS,HOU,212.0,LC,8,7,1
200604070GSW,RS,HOU,242.0,LC,8,10,-2
200604070GSW,RS,HOU,281.0,,8,12,-4
200604070GSW,RS,HOU,321.0,,10,12,-2
200604070GSW,RS,HOU,347.0,,11,12,-1
200604070GSW,RS,HOU,350.0,LC,14,12,2
200604070GSW,RS,HOU,368.0,T,14,14,0
200604070GSW,RS,HOU,450.0,LC,14,16,-2
200604070GSW,RS,HOU,503.0,,14,17,-3
200604070GSW,RS,HOU,503.0,,14,18,-4
200604070GSW,RS,HOU,516.0,,16,18,-2
200604070GSW,RS,HOU,556.0,,16,21,-5
200604070GSW,RS,HOU,593.0,,16,23,-7
200604070GSW,RS,HOU,629.0,,19,23,-4
200604070GSW,RS,HOU,644.0,,19,25,-6
200604070GSW,RS,HOU,784.0,,21,25,-4
200604070GSW,RS,HOU,819.0,,22,25,-3
200604070GSW,RS,HOU,832.0,,22,26,-4
200604070GSW,RS,HOU,868.0,,22,27,-5
200604070GSW,RS,HOU,882.0,,24,27,-3
200604070GSW,RS,HOU,899.0,,24,30,-6
200604070GSW,RS,HOU,946.0,,26,30,-4
200604070GSW,RS,HOU,991.0,,27,30,-3
200604070GSW,RS,HOU,1019.0,,27,31,-4
200604070GSW,RS,HOU,1019.0,,27,32,-5
200604070GSW,RS,HOU,1032.0,,29,32,-3
200604070GSW,RS,HOU,1059.0,T,32,32,0
200604070GSW,RS,HOU,1081.0,,32,34,-2
200604070GSW,RS,HOU,1099.0,,33,34,-1
200604070GSW,RS,HOU,1099.0,T,34,34,0
200604070GSW,RS,HOU,1118.0,,34,36,-2
200604070GSW,RS,HOU,1154.0,,34,37,-3
200604070GSW,RS,HOU,1154.0,,34,38,-4
200604070GSW,RS,HOU,1165.0,,35,38,-3
200604070GSW,RS,HOU,1165.0,,36,38,-2
200604070GSW,RS,HOU,1181.0,,36,41,-5
200604070GSW,RS,HOU,1210.0,,38,41,-3
200604070GSW,RS,HOU,1226.0,,38,42,-4
200604070GSW,RS,HOU,1243.0,,41,42,-1
200604070GSW,RS,HOU,1252.0,,41,43,-2
200604070GSW,RS,HOU,1252.0,,41,44,-3
200604070GSW,RS,HOU,1263.0,,42,44,-2
200604070GSW,RS,HOU,1263.0,,43,44,-1
200604070GSW,RS,HOU,1284.0,,43,46,-3
200604070GSW,RS,HOU,1323.0,,43,48,-5
200604070GSW,RS,HOU,1323.0,,43,49,-6
200604070GSW,RS,HOU,1356.0,,43,51,-8
200604070GSW,RS,HOU,1387.6,,43,53,-10
200604070GSW,RS,HOU,1396.3,,44,53,-9
200604070GSW,RS,HOU,1396.3,,45,53,-8
200604070GSW,RS,HOU,1409.8,,45,55,-10
200604070GSW,RS,HOU,1460.0,,48,55,-7
200604070GSW,RS,HOU,1484.0,,50,55,-5
200604070GSW,RS,HOU,1507.0,,51,55,-4
200604070GSW,RS,HOU,1579.0,,51,58,-7
200604070GSW,RS,HOU,1595.0,,52,58,-6
200604070GSW,RS,HOU,1595.0,,53,58,-5
200604070GSW,RS,HOU,1623.0,,56,58,-2
200604070GSW,RS,HOU,1651.0,,56,60,-4
200604070GSW,RS,HOU,1667.0,,58,60,-2
200604070GSW,RS,HOU,1676.0,,58,62,-4
200604070GSW,RS,HOU,1689.0,,61,62,-1
200604070GSW,RS,HOU,1778.0,LC,63,62,1
200604070GSW,RS,HOU,1794.0,,65,62,3
200604070GSW,RS,HOU,1830.0,,65,64,1
200604070GSW,RS,HOU,1845.0,,67,64,3
200604070GSW,RS,HOU,1874.0,,69,64,5
200604070GSW,RS,HOU,1874.0,,70,64,6
200604070GSW,RS,HOU,1898.0,,70,66,4
200604070GSW,RS,HOU,1935.0,,71,66,5
200604070GSW,RS,HOU,1935.0,,72,66,6
200604070GSW,RS,HOU,1947.0,,72,69,3
200604070GSW,RS,HOU,1967.0,,75,69,6
200604070GSW,RS,HOU,2010.0,,75,71,4
200604070GSW,RS,HOU,2046.0,,75,73,2
200604070GSW,RS,HOU,2115.6,,76,73,3
200604070GSW,RS,HOU,2169.0,,76,75,1
200604070GSW,RS,HOU,2188.0,,78,75,3
200604070GSW,RS,HOU,2226.0,,78,77,1
200604070GSW,RS,HOU,2264.0,LC,78,79,-1
200604070GSW,RS,HOU,2397.0,,78,81,-3
200604070GSW,RS,HOU,2422.0,T,81,81,0
200604070GSW,RS,HOU,2445.0,LC,82,81,1
200604070GSW,RS,HOU,2448.0,,83,81,2
200604070GSW,RS,HOU,2448.0,,84,81,3
200604070GSW,RS,HOU,2481.0,,86,81,5
200604070GSW,RS,HOU,2512.0,,86,83,3
200604070GSW,RS,HOU,2598.0,,88,83,5
200604070GSW,RS,HOU,2616.0,,88,85,3
200604070GSW,RS,HOU,2616.0,,88,86,2
200604070GSW,RS,HOU,2636.0,,91,86,5
200604070GSW,RS,HOU,2652.0,,91,88,3
200604070GSW,RS,HOU,2652.0,,91,89,2
200604070GSW,RS,HOU,2681.0,,91,90,1
200604070GSW,RS,HOU,2730.0,LC,91,93,-2
200604070GSW,RS,HOU,2771.0,,91,96,-5
200604070GSW,RS,HOU,2808.0,,93,96,-3
200604070GSW,RS,HOU,2820.7,,93,98,-5
200604070GSW,RS,HOU,2875.4,,93,99,-6
200604070GSW,RS,HOU,2875.4,F,93,100,-7
200604070GSW,RS,HOU,2880.0,,93,100,-7
200604080DEN,RS,DEN,0.0,,0,0,0
200604080DEN,RS,DEN,12.0,,0,1,-1
200604080DEN,RS,DEN,12.0,,0,2,-2
200604080DEN,RS,DEN,124.0,LC,3,2,1
200604080DEN,RS,DEN,144.0,LC,3,4,-1
200604080DEN,RS,DEN,162.0,T,4,4,0
200604080DEN,RS,DEN,162.0,LC,5,4,1
200604080DEN,RS,DEN,228.0,LC,5,6,-1
200604080DEN,RS,DEN,271.0,LC,7,6,1
200604080DEN,RS,DEN,287.0,LC,7,9,-2
200604080DEN,RS,DEN,301.0,T,9,9,0
200604080DEN,RS,DEN,318.0,,9,11,-2
200604080DEN,RS,DEN,336.0,T,11,11,0
200604080DEN,RS,DEN,387.0,,11,13,-2
200604080DEN,RS,DEN,402.0,T,13,13,0
200604080DEN,RS,DEN,417.0,,13,14,-1
200604080DEN,RS,DEN,459.0,,13,17,-4
200604080DEN,RS,DEN,496.0,,13,20,-7
200604080DEN,RS,DEN,550.0,,15,20,-5
200604080DEN,RS,DEN,574.0,,15,21,-6
200604080DEN,RS,DEN,597.0,,17,21,-4
200604080DEN,RS,DEN,634.0,,17,22,-5
200604080DEN,RS,DEN,653.0,,17,24,-7
200604080DEN,RS,DEN,690.3,,17,26,-9
200604080DEN,RS,DEN,714.2,,20,26,-6
200604080DEN,RS,DEN,755.0,,20,28,-8
200604080DEN,RS,DEN,770.0,,22,28,-6
200604080DEN,RS,DEN,788.0,,22,30,-8
200604080DEN,RS,DEN,802.0,,24,30,-6
200604080DEN,RS,DEN,851.0,,24,31,-7
200604080DEN,RS,DEN,851.0,,24,32,-8
200604080DEN,RS,DEN,876.0,,26,32,-6
200604080DEN,RS,DEN,914.0,,26,33,-7
200604080DEN,RS,DEN,937.0,,26,35,-9
200604080DEN,RS,DEN,1013.0,,27,35,-8
200604080DEN,RS,DEN,1013.0,,28,35,-7
200604080DEN,RS,DEN,1044.0,,28,37,-9
200604080DEN,RS,DEN,1063.0,,30,37,-7
200604080DEN,RS,DEN,1107.0,,30,39,-9
200604080DEN,RS,DEN,1122.0,,32,39,-7
200604080DEN,RS,DEN,1142.0,,32,41,-9
200604080DEN,RS,DEN,1169.0,,32,43,-11
200604080DEN,RS,DEN,1169.0,,32,44,-12
200604080DEN,RS,DEN,1199.0,,34,44,-10
200604080DEN,RS,DEN,1212.0,,34,46,-12
200604080DEN,RS,DEN,1232.0,,34,48,-14
200604080DEN,RS,DEN,1339.0,,34,50,-16
200604080DEN,RS,DEN,1356.0,,35,50,-15
200604080DEN,RS,DEN,1356.0,,36,50,-14
200604080DEN,RS,DEN,1385.1,,38,50,-12
200604080DEN,RS,DEN,1435.8,,38,52,-14
200604080DEN,RS,DEN,1440.0,,40,52,-12
200604080DEN,RS,DEN,1459.0,,41,52,-11
200604080DEN,RS,DEN,1506.0,,43,52,-9
200604080DEN,RS,DEN,1542.0,,43,53,-10
200604080DEN,RS,DEN,1553.0,,45,53,-8
200604080DEN,RS,DEN,1566.0,,45,54,-9
200604080DEN,RS,DEN,1597.0,,45,56,-11
200604080DEN,RS,DEN,1673.0,,45,58,-13
200604080DEN,RS,DEN,1719.0,,47,58,-11
200604080DEN,RS,DEN,1742.0,,47,60,-13
200604080DEN,RS,DEN,1760.0,,50,60,-10
200604080DEN,RS,DEN,1789.0,,51,60,-9
200604080DEN,RS,DEN,1789.0,,52,60,-8
200604080DEN,RS,DEN,1810.0,,52,62,-10
200604080DEN,RS,DEN,1891.0,,54,62,-8
200604080DEN,RS,DEN,1912.0,,54,64,-10
200604080DEN,RS,DEN,1950.0,,57,64,-7
200604080DEN,RS,DEN,1963.0,,57,66,-9
200604080DEN,RS,DEN,1985.0,,58,66,-8
200604080DEN,RS,DEN,1985.0,,59,66,-7
200604080DEN,RS,DEN,2017.0,,61,66,-5
200604080DEN,RS,DEN,2036.0,,61,67,-6
200604080DEN,RS,DEN,2054.0,,63,67,-4
200604080DEN,RS,DEN,2072.0,,63,68,-5
200604080DEN,RS,DEN,2072.0,,63,69,-6
200604080DEN,RS,DEN,2106.0,,63,71,-8
200604080DEN,RS,DEN,2125.9,,65,71,-6
200604080DEN,RS,DEN,2125.9,,66,71,-5
200604080DEN,RS,DEN,2153.1,,68,71,-3
200604080DEN,RS,DEN,2181.0,,69,71,-2
200604080DEN,RS,DEN,2243.0,,70,71,-1
200604080DEN,RS,DEN,2243.0,T,71,71,0
200604080DEN,RS,DEN,2254.0,,71,72,-1
200604080DEN,RS,DEN,2262.0,T,72,72,0
200604080DEN,RS,DEN,2286.0,,72,75,-3
200604080DEN,RS,DEN,2311.0,,72,77,-5
200604080DEN,RS,DEN,2333.0,,74,77,-3
200604080DEN,RS,DEN,2354.0,,74,80,-6
200604080DEN,RS,DEN,2376.0,,76,80,-4
200604080DEN,RS,DEN,2417.0,,78,80,-2
200604080DEN,RS,DEN,2444.0,,78,82,-4
200604080DEN,RS,DEN,2469.0,,78,84,-6
200604080DEN,RS,DEN,2486.0,,80,84,-4
200604080DEN,RS,DEN,2538.0,,82,84,-2
200604080DEN,RS,DEN,2562.0,,83,84,-1
200604080DEN,RS,DEN,2562.0,T,84,84,0
200604080DEN,RS,DEN,2632.0,LC,87,84,3
200604080DEN,RS,DEN,2651.0,T,87,87,0
200604080DEN,RS,DEN,2688.0,LC,87,88,-1
200604080DEN,RS,DEN,2688.0,,87,89,-2
200604080DEN,RS,DEN,2751.0,T,89,89,0
200604080DEN,RS,DEN,2788.0,,89,91,-2
200604080DEN,RS,DEN,2807.0,,90,91,-1
200604080DEN,RS,DEN,2815.0,,90,92,-2
200604080DEN,RS,DEN,2815.0,,90,93,-3
200604080DEN,RS,DEN,2871.9,,90,94,-4
200604080DEN,RS,DEN,2872.6,,91,94,-3
200604080DEN,RS,DEN,2872.6,,92,94,-2
200604080DEN,RS,DEN,2873.7,F,92,95,-3
200604080DEN,RS,DEN,2880.0,,92,95,-3
200604110LAL,RS,LAL,0.0,,0,0,0
200604110LAL,RS,LAL,55.0,,2,0,2
200604110LAL,RS,LAL,75.0,T,2,2,0
200604110LAL,RS,LAL,101.0,,3,2,1
200604110LAL,RS,LAL,109.0,,5,2,3
200604110LAL,RS,LAL,135.0,,5,4,1
200604110LAL,RS,LAL,147.0,,8,4,4
200604110LAL,RS,LAL,166.0,,8,5,3
200604110LAL,RS,LAL,179.0,,10,5,5
200604110LAL,RS,LAL,194.0,,10,7,3
200604110LAL,RS,LAL,217.0,,13,7,6
200604110LAL,RS,LAL,265.0,,13,9,4
200604110LAL,RS,LAL,287.0,,16,9,7
200604110LAL,RS,LAL,343.0,,16,11,5
200604110LAL,RS,LAL,363.0,,17,11,6
200604110LAL,RS,LAL,363.0,,18,11,7
200604110LAL,RS,LAL,396.0,,21,11,10
200604110LAL,RS,LAL,429.0,,22,11,11
200604110LAL,RS,LAL,438.0,,22,12,10
200604110LAL,RS,LAL,441.0,,22,14,8
200604110LAL,RS,LAL,479.0,,22,16,6
200604110LAL,RS,LAL,510.0,,22,18,4
200604110LAL,RS,LAL,597.0,,25,18,7
200604110LAL,RS,LAL,615.0,,25,21,4
200604110LAL,RS,LAL,630.0,,27,21,6
200604110LAL,RS,LAL,666.0,,29,21,8
200604110LAL,RS,LAL,674.3,,29,22,7
200604110LAL,RS,LAL,674.3,,29,23,6
200604110LAL,RS,LAL,692.0,,30,23,7
200604110LAL,RS,LAL,692.0,,31,23,8
200604110LAL,RS,LAL,717.3,,33,23,10
200604110LAL,RS,LAL,735.0,,33,25,8
200604110LAL,RS,LAL,758.0,,33,28,5
200604110LAL,RS,LAL,779.0,,35,28,7
200604110LAL,RS,LAL,800.0,,35,29,6
200604110LAL,RS,LAL,800.0,,35,30,5
200604110LAL,RS,LAL,837.0,,37,30,7
200604110LAL,RS,LAL,856.0,,37,32,5
200604110LAL,RS,LAL,864.0,,38,32,6
200604110LAL,RS,LAL,882.0,,38,34,4
200604110LAL,RS,LAL,912.0,,38,37,1
200604110LAL,RS,LAL,931.0,,40,37,3
200604110LAL,RS,LAL,958.0,,40,38,2
200604110LAL,RS,LAL,958.0,,40,39,1
200604110LAL,RS,LAL,997.0,,43,39,4
200604110LAL,RS,LAL,1021.0,,43,41,2
200604110LAL,RS,LAL,1079.0,T,43,43,0
200604110LAL,RS,LAL,1093.0,,45,43,2
200604110LAL,RS,LAL,1110.0,,45,44,1
200604110LAL,RS,LAL,1123.0,,47,44,3
200604110LAL,RS,LAL,1144.0,,47,46,1
200604110LAL,RS,LAL,1165.0,,49,46,3
200604110LAL,RS,LAL,1218.0,,52,46,6
200604110LAL,RS,LAL,1228.0,,52,48,4
200604110LAL,RS,LAL,1262.0,,52,50,2
200604110LAL,RS,LAL,1279.0,,54,50,4
200604110LAL,RS,LAL,1291.0,,54,51,3
200604110LAL,RS,LAL,1314.0,,55,51,4
200604110LAL,RS,LAL,1336.0,,55,53,2
200604110LAL,RS,LAL,1370.0,T,55,55,0
200604110LAL,RS,LAL,1395.1,LC,55,56,-1
200604110LAL,RS,LAL,1395.1,,55,57,-2
200604110LAL,RS,LAL,1409.5,,55,60,-5
200604110LAL,RS,LAL,1430.0,,56,60,-4
200604110LAL,RS,LAL,1439.8,,56,62,-6
200604110LAL,RS,LAL,1464.0,,58,62,-4
200604110LAL,RS,LAL,1474.0,,58,63,-5
200604110LAL,RS,LAL,1474.0,,58,64,-6
200604110LAL,RS,LAL,1496.0,,58,67,-9
200604110LAL,RS,LAL,1508.0,,59,67,-8
200604110LAL,RS,LAL,1536.0,,59,70,-11
200604110LAL,RS,LAL,1613.0,,59,72,-13
200604110LAL,RS,LAL,1626.0,,59,75,-16
200604110LAL,RS,LAL,1683.0,,59,76,-17
200604110LAL,RS,LAL,1683.0,,59,77,-18
200604110LAL,RS,LAL,1695.0,,60,77,-17
200604110LAL,RS,LAL,1714.0,,60,79,-19
200604110LAL,RS,LAL,1734.0,,62,79,-17
200604110LAL,RS,LAL,1747.0,,62,81,-19
200604110LAL,RS,LAL,1806.0,,62,82,-20
200604110LAL,RS,LAL,1854.0,,64,82,-18
200604110LAL,RS,LAL,1854.0,,65,82,-17
200604110LAL,RS,LAL,1895.0,,65,83,-18
200604110LAL,RS,LAL,1912.0,,65,86,-21
200604110LAL,RS,LAL,1933.0,,68,86,-18
200604110LAL,RS,LAL,1963.0,,69,86,-17
200604110LAL,RS,LAL,1979.0,,69,88,-19
200604110LAL,RS,LAL,1995.0,,70,88,-18
200604110LAL,RS,LAL,1995.0,,71,88,-17
200604110LAL,RS,LAL,2013.0,,72,88,-16
200604110LAL,RS,LAL,2042.0,,75,88,-13
200604110LAL,RS,LAL,2057.0,,75,91,-16
200604110LAL,RS,LAL,2104.4,,75,93,-18
200604110LAL,RS,LAL,2120.5,,75,94,-19
200604110LAL,RS,LAL,2120.5,,75,95,-20
200604110LAL,RS,LAL,2128.9,,76,95,-19
200604110LAL,RS,LAL,2128.9,,77,95,-18
200604110LAL,RS,LAL,2215.0,,77,97,-20
200604110LAL,RS,LAL,2261.0,,79,97,-18
200604110LAL,RS,LAL,2329.0,,79,99,-20
200604110LAL,RS,LAL,2349.0,,79,101,-22
200604110LAL,RS,LAL,2379.0,,79,103,-24
200604110LAL,RS,LAL,2397.0,,80,103,-23
200604110LAL,RS,LAL,2397.0,,81,103,-22
200604110LAL,RS,LAL,2469.0,,81,105,-24
200604110LAL,RS,LAL,2481.0,,83,105,-22
200604110LAL,RS,LAL,2512.0,,85,105,-20
200604110LAL,RS,LAL,2607.0,,87,105,-18
200604110LAL,RS,LAL,2632.0,,89,105,-16
200604110LAL,RS,LAL,2663.0,,90,105,-15
200604110LAL,RS,LAL,2663.0,,91,105,-14
200604110LAL,RS,LAL,2681.0,,91,107,-16
200604110LAL,RS,LAL,2726.0,,93,107,-14
200604110LAL,RS,LAL,2760.0,,93,109,-16
200604110LAL,RS,LAL,2786.0,,93,111,-18
200604110LAL,RS,LAL,2800.0,,94,111,-17
200604110LAL,RS,LAL,2818.0,,96,111,-15
200604110LAL,RS,LAL,2841.2,,98,111,-13
200604110LAL,RS,LAL,2874.9,F,100,111,-11
200604110LAL,RS,LAL,2880.0,,100,111,-11
200604120GSW,RS,DAL,0.0,,0,0,0
200604120GSW,RS,DAL,33.0,,1,0,1
200604120GSW,RS,DAL,141.0,,3,0,3
200604120GSW,RS,DAL,156.0,,3,2,1
200604120GSW,RS,DAL,175.0,,5,2,3
200604120GSW,RS,DAL,206.0,,7,2,5
200604120GSW,RS,DAL,224.0,,8,2,6
200604120GSW,RS,DAL,224.0,,9,2,7
200604120GSW,RS,DAL,254.0,,11,2,9
200604120GSW,RS,DAL,265.0,,11,4,7
200604120GSW,RS,DAL,332.0,,11,6,5
200604120GSW,RS,DAL,367.0,,11,7,4
200604120GSW,RS,DAL,367.0,,11,8,3
200604120GSW,RS,DAL,391.0,,13,8,5
200604120GSW,RS,DAL,411.0,,15,8,7
200604120GSW,RS,DAL,433.0,,15,10,5
200604120GSW,RS,DAL,433.0,,15,11,4
200604120GSW,RS,DAL,455.0,,15,13,2
200604120GSW,RS,DAL,487.0,T,15,15,0
200604120GSW,RS,DAL,518.0,LC,15,17,-2
200604120GSW,RS,DAL,564.0,,15,18,-3
200604120GSW,RS,DAL,564.0,,15,19,-4
200604120GSW,RS,DAL,625.0,,18,19,-1
200604120GSW,RS,DAL,648.0,,18,20,-2
200604120GSW,RS,DAL,654.0,,18,22,-4
200604120GSW,RS,DAL,665.7,,19,22,-3
200604120GSW,RS,DAL,686.0,,19,24,-5
200604120GSW,RS,DAL,718.7,,19,27,-8
200604120GSW,RS,DAL,746.0,,19,28,-9
200604120GSW,RS,DAL,746.0,,19,29,-10
200604120GSW,RS,DAL,762.0,,22,29,-7
200604120GSW,RS,DAL,788.0,,22,31,-9
200604120GSW,RS,DAL,831.0,,24,31,-7
200604120GSW,RS,DAL,851.0,,24,33,-9
200604120GSW,RS,DAL,859.0,,25,33,-8
200604120GSW,RS,DAL,859.0,,26,33,-7
200604120GSW,RS,DAL,902.0,,28,33,-5
200604120GSW,RS,DAL,926.0,,28,35,-7
200604120GSW,RS,DAL,941.0,,29,35,-6
200604120GSW,RS,DAL,941.0,,30,35,-5
200604120GSW,RS,DAL,959.0,,30,36,-6
200604120GSW,RS,DAL,959.0,,30,37,-7
200604120GSW,RS,DAL,972.0,,32,37,-5
200604120GSW,RS,DAL,972.0,,33,37,-4
200604120GSW,RS,DAL,996.0,,33,39,-6
200604120GSW,RS,DAL,1004.0,,34,39,-5
200604120GSW,RS,DAL,1048.0,,36,39,-3
200604120GSW,RS,DAL,1048.0,,37,39,-2
200604120GSW,RS,DAL,1091.0,,37,41,-4
200604120GSW,RS,DAL,1129.0,,38,41,-3
200604120GSW,RS,DAL,1129.0,,39,41,-2
200604120GSW,RS,DAL,1225.0,,39,42,-3
200604120GSW,RS,DAL,1227.0,,40,42,-2
200604120GSW,RS,DAL,1227.0,,41,42,-1
200604120GSW,RS,DAL,1274.0,LC,43,42,1
200604120GSW,RS,DAL,1344.0,T,43,43,0
200604120GSW,RS,DAL,1380.2,LC,43,46,-3
200604120GSW,RS,DAL,1380.2,,43,47,-4
200604120GSW,RS,DAL,1393.5,,45,47,-2
200604120GSW,RS,DAL,1405.1,,46,47,-1
200604120GSW,RS,DAL,1421.9,,46,48,-2
200604120GSW,RS,DAL,1421.9,,46,49,-3
200604120GSW,RS,DAL,1437.1,,48,49,-1
200604120GSW,RS,DAL,1481.0,LC,50,49,1
200604120GSW,RS,DAL,1491.0,LC,50,51,-1
200604120GSW,RS,DAL,1526.0,LC,53,51,2
200604120GSW,RS,DAL,1591.0,,55,51,4
200604120GSW,RS,DAL,1615.0,,55,53,2
200604120GSW,RS,DAL,1631.0,LC,55,56,-1
200604120GSW,RS,DAL,1659.0,,55,58,-3
200604120GSW,RS,DAL,1690.0,,55,60,-5
200604120GSW,RS,DAL,1713.0,,57,60,-3
200604120GSW,RS,DAL,1730.0,,57,62,-5
200604120GSW,RS,DAL,1746.0,,59,62,-3
200604120GSW,RS,DAL,1770.0,,59,64,-5
200604120GSW,RS,DAL,1785.0,,60,64,-4
200604120GSW,RS,DAL,1785.0,,61,64,-3
200604120GSW,RS,DAL,1800.0,,61,66,-5
200604120GSW,RS,DAL,1830.0,,63,66,-3
200604120GSW,RS,DAL,1842.0,,63,68,-5
200604120GSW,RS,DAL,1851.0,,65,68,-3
200604120GSW,RS,DAL,1861.0,,65,70,-5
200604120GSW,RS,DAL,1875.0,,67,70,-3
200604120GSW,RS,DAL,1888.0,,67,73,-6
200604120GSW,RS,DAL,1914.0,,69,73,-4
200604120GSW,RS,DAL,1914.0,,70,73,-3
200604120GSW,RS,DAL,1940.0,,72,73,-1
200604120GSW,RS,DAL,1971.0,LC,74,73,1
200604120GSW,RS,DAL,1991.0,T,74,74,0
200604120GSW,RS,DAL,2028.0,,77,74,3
200604120GSW,RS,DAL,2047.0,,77,76,1
200604120GSW,RS,DAL,2091.0,,79,76,3
200604120GSW,RS,DAL,2126.7,,79,77,2
200604120GSW,RS,DAL,2126.7,,79,78,1
200604120GSW,RS,DAL,2139.7,,81,78,3
200604120GSW,RS,DAL,2139.7,,82,78,4
200604120GSW,RS,DAL,2231.0,,84,78,6
200604120GSW,RS,DAL,2251.0,,84,79,5
200604120GSW,RS,DAL,2251.0,,84,80,4
200604120GSW,RS,DAL,2277.0,,86,80,6
200604120GSW,RS,DAL,2328.0,,86,82,4
200604120GSW,RS,DAL,2357.0,,89,82,7
200604120GSW,RS,DAL,2387.0,,90,82,8
200604120GSW,RS,DAL,2387.0,,91,82,9
200604120GSW,RS,DAL,2400.0,,91,84,7
200604120GSW,RS,DAL,2431.0,,93,84,9
200604120GSW,RS,DAL,2431.0,,94,84,10
200604120GSW,RS,DAL,2455.0,,96,84,12
200604120GSW,RS,DAL,2529.0,,97,84,13
200604120GSW,RS,DAL,2564.0,,97,86,11
200604120GSW,RS,DAL,2611.0,,98,86,12
200604120GSW,RS,DAL,2611.0,,99,86,13
200604120GSW,RS,DAL,2632.0,,101,86,15
200604120GSW,RS,DAL,2642.0,,101,89,12
200604120GSW,RS,DAL,2664.0,,103,89,14
200604120GSW,RS,DAL,2693.0,,105,89,16
200604120GSW,RS,DAL,2718.0,,106,89,17
200604120GSW,RS,DAL,2731.0,,106,91,15
200604120GSW,RS,DAL,2745.0,,107,91,16
200604120GSW,RS,DAL,2745.0,,108,91,17
200604120GSW,RS,DAL,2770.0,,108,93,15
200604120GSW,RS,DAL,2801.0,,108,94,14
200604120GSW,RS,DAL,2810.0,,108,96,12
200604120GSW,RS,DAL,2818.0,,109,96,13
200604120GSW,RS,DAL,2818.0,,110,96,14
200604120GSW,RS,DAL,2826.0,,110,98,12
200604120GSW,RS,DAL,2843.5,,111,98,13
200604120GSW,RS,DAL,2849.7,,111,100,11
200604120GSW,RS,DAL,2873.2,,112,100,12
200604120GSW,RS,DAL,2873.2,,113,100,13
200604120GSW,RS,DAL,2873.2,,114,100,14
200604120GSW,RS,DAL,2878.1,F,114,102,12
200604120GSW,RS,DAL,2880.0,,114,102,12
200604140GSW,RS,PHO,0.0,,0,0,0
200604140GSW,RS,PHO,79.0,,2,0,2
200604140GSW,RS,PHO,114.0,,5,0,5
200604140GSW,RS,PHO,126.0,,5,2,3
200604140GSW,RS,PHO,141.0,,7,2,5
200604140GSW,RS,PHO,187.0,,7,4,3
200604140GSW,RS,PHO,205.0,,9,4,5
200604140GSW,RS,PHO,267.0,,10,4,6
200604140GSW,RS,PHO,267.0,,11,4,7
200604140GSW,RS,PHO,286.0,,13,4,9
200604140GSW,RS,PHO,301.0,,13,6,7
200604140GSW,RS,PHO,321.0,,13,7,6
200604140GSW,RS,PHO,345.0,,13,9,4
200604140GSW,RS,PHO,362.0,,16,9,7
200604140GSW,RS,PHO,379.0,,16,11,5
200604140GSW,RS,PHO,426.0,,18,11,7
200604140GSW,RS,PHO,506.0,,18,13,5
200604140GSW,RS,PHO,539.0,,20,13,7
200604140GSW,RS,PHO,569.0,,20,16,4
200604140GSW,RS,PHO,595.0,,20,18,2
200604140GSW,RS,PHO,631.0,T,20,20,0
200604140GSW,RS,PHO,644.0,,22,20,2
200604140GSW,RS,PHO,662.7,,24,20,4
200604140GSW,RS,PHO,662.7,,25,20,5
200604140GSW,RS,PHO,682.5,,25,23,2
200604140GSW,RS,PHO,719.5,,26,23,3
200604140GSW,RS,PHO,736.0,,27,23,4
200604140GSW,RS,PHO,751.0,,27,25,2
200604140GSW,RS,PHO,763.0,,29,25,4
200604140GSW,RS,PHO,781.0,,31,25,6
200604140GSW,RS,PHO,800.0,,31,27,4
200604140GSW,RS,PHO,800.0,,31,28,3
200604140GSW,RS,PHO,817.0,,33,28,5
200604140GSW,RS,PHO,854.0,,33,30,3
200604140GSW,RS,PHO,876.0,,35,30,5
200604140GSW,RS,PHO,892.0,,35,33,2
200604140GSW,RS,PHO,903.0,,36,33,3
200604140GSW,RS,PHO,917.0,,36,35,1
200604140GSW,RS,PHO,977.0,LC,36,37,-1
200604140GSW,RS,PHO,1024.0,,36,39,-3
200604140GSW,RS,PHO,1047.0,T,39,39,0
200604140GSW,RS,PHO,1074.0,,39,41,-2
200604140GSW,RS,PHO,1096.0,,39,43,-4
200604140GSW,RS,PHO,1126.0,,39,46,-7
200604140GSW,RS,PHO,1193.0,,41,46,-5
200604140GSW,RS,PHO,1211.0,,41,48,-7
200604140GSW,RS,PHO,1231.0,,43,48,-5
200604140GSW,RS,PHO,1269.0,,43,50,-7
200604140GSW,RS,PHO,1327.0,,43,53,-10
200604140GSW,RS,PHO,1353.0,,43,55,-12
200604140GSW,RS,PHO,1410.0,,45,55,-10
200604140GSW,RS,PHO,1437.3,,47,55,-8
200604140GSW,RS,PHO,1461.0,,49,55,-6
200604140GSW,RS,PHO,1511.0,,49,58,-9
200604140GSW,RS,PHO,1529.0,,51,58,-7
200604140GSW,RS,PHO,1535.0,,51,60,-9
200604140GSW,RS,PHO,1535.0,,51,61,-10
200604140GSW,RS,PHO,1547.0,,53,61,-8
200604140GSW,RS,PHO,1564.0,,53,63,-10
200604140GSW,RS,PHO,1595.0,,53,65,-12
200604140GSW,RS,PHO,1607.0,,56,65,-9
200604140GSW,RS,PHO,1633.0,,59,65,-6
200604140GSW,RS,PHO,1663.0,,60,65,-5
200604140GSW,RS,PHO,1663.0,,61,65,-4
200604140GSW,RS,PHO,1678.0,,61,68,-7
200604140GSW,RS,PHO,1701.0,,63,68,-5
200604140GSW,RS,PHO,1701.0,,64,68,-4
200604140GSW,RS,PHO,1760.0,,66,68,-2
200604140GSW,RS,PHO,1790.0,T,68,68,0
200604140GSW,RS,PHO,1823.0,LC,70,68,2
200604140GSW,RS,PHO,1874.0,,72,68,4
200604140GSW,RS,PHO,1891.0,,72,71,1
200604140GSW,RS,PHO,1916.0,,75,71,4
200604140GSW,RS,PHO,1962.0,,75,73,2
200604140GSW,RS,PHO,1975.0,,77,73,4
200604140GSW,RS,PHO,2000.0,,79,73,6
200604140GSW,RS,PHO,2000.0,,80,73,7
200604140GSW,RS,PHO,2028.0,,80,75,5
200604140GSW,RS,PHO,2091.0,,81,75,6
200604140GSW,RS,PHO,2091.0,,82,75,7
200604140GSW,RS,PHO,2104.0,,82,77,5
200604140GSW,RS,PHO,2120.8,,84,77,7
200604140GSW,RS,PHO,2218.0,,86,77,9
200604140GSW,RS,PHO,2261.0,,88,77,11
200604140GSW,RS,PHO,2289.0,,88,79,9
200604140GSW,RS,PHO,2311.0,,90,79,11
200604140GSW,RS,PHO,2324.0,,90,82,8
200604140GSW,RS,PHO,2349.0,,92,82,10
200604140GSW,RS,PHO,2402.0,,92,84,8
200604140GSW,RS,PHO,2437.0,,92,85,7
200604140GSW,RS,PHO,2456.0,,94,85,9
200604140GSW,RS,PHO,2513.0,,95,85,10
200604140GSW,RS,PHO,2513.0,,96,85,11
200604140GSW,RS,PHO,2526.0,,96,87,9
200604140GSW,RS,PHO,2552.0,,98,87,11
200604140GSW,RS,PHO,2586.0,,100,87,13
200604140GSW,RS,PHO,2605.0,,100,89,11
200604140GSW,RS,PHO,2625.0,,103,89,14
200604140GSW,RS,PHO,2641.0,,103,91,12
200604140GSW,RS,PHO,2674.0,,103,92,11
200604140GSW,RS,PHO,2674.0,,103,93,10
200604140GSW,RS,PHO,2741.0,,103,95,8
200604140GSW,RS,PHO,2741.0,,103,96,7
200604140GSW,RS,PHO,2757.0,,105,96,9
200604140GSW,RS,PHO,2793.0,,105,97,8
200604140GSW,RS,PHO,2793.0,,105,98,7
200604140GSW,RS,PHO,2819.0,,105,99,6
200604140GSW,RS,PHO,2819.0,,105,100,5
200604140GSW,RS,PHO,2840.7,,108,100,8
200604140GSW,RS,PHO,2849.9,,108,101,7
200604140GSW,RS,PHO,2849.9,,108,102,6
200604140GSW,RS,PHO,2855.4,,109,102,7
200604140GSW,RS,PHO,2855.4,F,110,102,8
200604140GSW,RS,PHO,2880.0,,110,102,8
200604150POR,RS,POR,0.0,,0,0,0
200604150POR,RS,POR,19.0,,2,0,2
200604150POR,RS,POR,84.0,,4,0,4
200604150POR,RS,POR,141.0,,6,0,6
200604150POR,RS,POR,167.0,,6,2,4
200604150POR,RS,POR,205.0,,6,4,2
200604150POR,RS,POR,224.0,,8,4,4
200604150POR,RS,POR,251.0,,8,6,2
200604150POR,RS,POR,317.0,,9,6,3
200604150POR,RS,POR,317.0,,10,6,4
200604150POR,RS,POR,332.0,,10,9,1
200604150POR,RS,POR,420.0,,12,9,3
200604150POR,RS,POR,493.0,,14,9,5
200604150POR,RS,POR,537.0,,16,9,7
200604150POR,RS,POR,556.0,,16,11,5
200604150POR,RS,POR,565.0,,18,11,7
200604150POR,RS,POR,581.0,,18,13,5
200604150POR,RS,POR,592.0,,19,13,6
200604150POR,RS,POR,592.0,,20,13,7
200604150POR,RS,POR,662.6,,21,13,8
200604150POR,RS,POR,662.6,,22,13,9
200604150POR,RS,POR,693.0,,24,13,11
200604150POR,RS,POR,714.3,,24,15,9
200604150POR,RS,POR,766.0,,26,15,11
200604150POR,RS,POR,855.0,,28,15,13
200604150POR,RS,POR,877.0,,28,18,10
200604150POR,RS,POR,902.0,,28,21,7
200604150POR,RS,POR,932.0,,28,23,5
200604150POR,RS,POR,958.0,,30,23,7
200604150POR,RS,POR,1009.0,,30,25,5
200604150POR,RS,POR,1106.0,,30,27,3
200604150POR,RS,POR,1125.0,,31,27,4
200604150POR,RS,POR,1125.0,,32,27,5
200604150POR,RS,POR,1136.0,,32,29,3
200604150POR,RS,POR,1165.0,,34,29,5
200604150POR,RS,POR,1206.0,,34,31,3
200604150POR,RS,POR,1334.0,,34,33,1
200604150POR,RS,POR,1353.0,,37,33,4
200604150POR,RS,POR,1383.6,,38,33,5
200604150POR,RS,POR,1395.7,,38,35,3
200604150POR,RS,POR,1427.9,,38,37,1
200604150POR,RS,POR,1439.8,,40,37,3
200604150POR,RS,POR,1455.0,,40,38,2
200604150POR,RS,POR,1485.0,LC,40,41,-1
200604150POR,RS,POR,1507.0,LC,42,41,1
200604150POR,RS,POR,1568.0,,44,41,3
200604150POR,RS,POR,1587.0,,44,43,1
200604150POR,RS,POR,1606.0,,47,43,4
200604150POR,RS,POR,1750.0,,48,43,5
200604150POR,RS,POR,1750.0,,49,43,6
200604150POR,RS,POR,1815.0,,49,45,4
200604150POR,RS,POR,1855.0,,49,47,2
200604150POR,RS,POR,1874.0,,50,47,3
200604150POR,RS,POR,1874.0,,51,47,4
200604150POR,RS,POR,1903.0,,53,47,6
200604150POR,RS,POR,1919.0,,55,47,8
200604150POR,RS,POR,1934.0,,55,48,7
200604150POR,RS,POR,1934.0,,55,49,6
200604150POR,RS,POR,1948.0,,57,49,8
200604150POR,RS,POR,1990.0,,57,50,7
200604150POR,RS,POR,2010.0,,60,50,10
200604150POR,RS,POR,2033.0,,60,52,8
200604150POR,RS,POR,2033.0,,60,53,7
200604150POR,RS,POR,2052.0,,62,53,9
200604150POR,RS,POR,2069.0,,62,55,7
200604150POR,RS,POR,2102.9,,62,57,5
200604150POR,RS,POR,2159.6,,63,57,6
200604150POR,RS,POR,2182.0,,65,57,8
200604150POR,RS,POR,2260.0,,67,57,10
200604150POR,RS,POR,2281.0,,67,59,8
200604150POR,RS,POR,2305.0,,69,59,10
200604150POR,RS,POR,2344.0,,70,59,11
200604150POR,RS,POR,2344.0,,71,59,12
200604150POR,RS,POR,2368.0,,71,61,10
200604150POR,RS,POR,2408.0,,71,63,8
200604150POR,RS,POR,2427.0,,73,63,10
200604150POR,RS,POR,2442.0,,73,65,8
200604150POR,RS,POR,2460.0,,75,65,10
200604150POR,RS,POR,2501.0,,75,67,8
200604150POR,RS,POR,2541.0,,75,69,6
200604150POR,RS,POR,2583.0,,77,69,8
200604150POR,RS,POR,2597.0,,77,72,5
200604150POR,RS,POR,2725.0,,77,73,4
200604150POR,RS,POR,2738.0,,79,73,6
200604150POR,RS,POR,2835.4,,79,75,4
200604150POR,RS,POR,2857.2,,80,75,5
200604150POR,RS,POR,2857.2,,81,75,6
200604150POR,RS,POR,2861.4,,81,76,5
200604150POR,RS,POR,2861.4,,81,77,4
200604150POR,RS,POR,2865.4,,82,77,5
200604150POR,RS,POR,2868.9,,83,77,6
200604150POR,RS,POR,2872.5,,83,79,4
200604150POR,RS,POR,2873.2,,84,79,5
200604150POR,RS,POR,2873.2,,85,79,6
200604150POR,RS,POR,2877.3,,85,81,4
200604150POR,RS,POR,2878.0,F,86,81,5
200604150POR,RS,POR,2880.0,,86,81,5
200604170GSW,RS,POR,0.0,,0,0,0
200604170GSW,RS,POR,18.0,,2,0,2
200604170GSW,RS,POR,37.0,T,2,2,0
200604170GSW,RS,POR,80.0,,4,2,2
200604170GSW,RS,POR,111.0,,6,2,4
200604170GSW,RS,POR,160.0,,6,4,2
200604170GSW,RS,POR,173.0,,8,4,4
200604170GSW,RS,POR,197.0,,8,6,2
200604170GSW,RS,POR,245.0,LC,8,9,-1
200604170GSW,RS,POR,264.0,LC,10,9,1
200604170GSW,RS,POR,316.0,,12,9,3
200604170GSW,RS,POR,343.0,,14,9,5
200604170GSW,RS,POR,368.0,,14,12,2
200604170GSW,RS,POR,425.0,T,14,14,0
200604170GSW,RS,POR,441.0,,16,14,2
200604170GSW,RS,POR,457.0,T,16,16,0
200604170GSW,RS,POR,520.0,LC,16,18,-2
200604170GSW,RS,POR,530.0,LC,19,18,1
200604170GSW,RS,POR,563.0,,21,18,3
200604170GSW,RS,POR,607.0,,23,18,5
200604170GSW,RS,POR,659.0,,23,20,3
200604170GSW,RS,POR,668.7,,25,20,5
200604170GSW,RS,POR,714.6,,27,20,7
200604170GSW,RS,POR,749.0,,29,20,9
200604170GSW,RS,POR,768.0,,29,22,7
200604170GSW,RS,POR,790.0,,30,22,8
200604170GSW,RS,POR,832.0,,30,24,6
200604170GSW,RS,POR,832.0,,30,25,5
200604170GSW,RS,POR,850.0,,33,25,8
200604170GSW,RS,POR,881.0,,34,25,9
200604170GSW,RS,POR,899.0,,34,28,6
200604170GSW,RS,POR,924.0,,36,28,8
200604170GSW,RS,POR,940.0,,36,30,6
200604170GSW,RS,POR,962.0,,38,30,8
200604170GSW,RS,POR,994.0,,40,30,10
200604170GSW,RS,POR,1025.0,,42,30,12
200604170GSW,RS,POR,1065.0,,44,30,14
200604170GSW,RS,POR,1139.0,,44,32,12
200604170GSW,RS,POR,1245.0,,44,34,10
200604170GSW,RS,POR,1288.0,,45,34,11
200604170GSW,RS,POR,1296.0,,47,34,13
200604170GSW,RS,POR,1321.0,,48,34,14
200604170GSW,RS,POR,1321.0,,49,34,15
200604170GSW,RS,POR,1341.0,,49,36,13
200604170GSW,RS,POR,1362.0,,49,38,11
200604170GSW,RS,POR,1380.1,,49,40,9
200604170GSW,RS,POR,1476.0,,52,40,12
200604170GSW,RS,POR,1529.0,,52,41,11
200604170GSW,RS,POR,1529.0,,52,42,10
200604170GSW,RS,POR,1559.0,,53,42,11
200604170GSW,RS,POR,1591.0,,55,42,13
200604170GSW,RS,POR,1614.0,,55,43,12
200604170GSW,RS,POR,1628.0,,57,43,14
200604170GSW,RS,POR,1658.0,,59,43,16
200604170GSW,RS,POR,1694.0,,61,43,18
200604170GSW,RS,POR,1778.0,,64,43,21
200604170GSW,RS,POR,1798.0,,64,44,20
200604170GSW,RS,POR,1798.0,,64,45,19
200604170GSW,RS,POR,1811.0,,66,45,21
200604170GSW,RS,POR,1891.0,,67,45,22
200604170GSW,RS,POR,1891.0,,68,45,23
200604170GSW,RS,POR,1924.0,,70,45,25
200604170GSW,RS,POR,1945.0,,70,47,23
200604170GSW,RS,POR,1967.0,,72,47,25
200604170GSW,RS,POR,1986.0,,72,50,22
200604170GSW,RS,POR,2014.0,,72,53,19
200604170GSW,RS,POR,2047.0,,72,55,17
200604170GSW,RS,POR,2074.0,,74,55,19
200604170GSW,RS,POR,2118.8,,75,55,20
200604170GSW,RS,POR,2187.0,,75,57,18
200604170GSW,RS,POR,2210.0,,77,57,20
200604170GSW,RS,POR,2281.0,,77,59,18
200604170GSW,RS,POR,2301.0,,78,59,19
200604170GSW,RS,POR,2312.0,,80,59,21
200604170GSW,RS,POR,2396.0,,81,59,22
200604170GSW,RS,POR,2396.0,,82,59,23
200604170GSW,RS,POR,2456.0,,84,59,25
200604170GSW,RS,POR,2490.0,,84,61,23
200604170GSW,RS,POR,2517.0,,84,63,21
200604170GSW,RS,POR,2570.0,,85,63,22
200604170GSW,RS,POR,2570.0,,86,63,23
200604170GSW,RS,POR,2594.0,,86,65,21
200604170GSW,RS,POR,2629.0,,86,67,19
200604170GSW,RS,POR,2651.0,,88,67,21
200604170GSW,RS,POR,2706.0,,88,70,18
200604170GSW,RS,POR,2733.0,,88,72,16
200604170GSW,RS,POR,2759.0,,88,74,14
200604170GSW,RS,POR,2770.0,,90,74,16
200604170GSW,RS,POR,2803.0,,92,74,18
200604170GSW,RS,POR,2819.0,,92,76,16
200604170GSW,RS,POR,2819.0,,92,77,15
200604170GSW,RS,POR,2830.5,,93,77,16
200604170GSW,RS,POR,2859.7,F,93,79,14
200604170GSW,RS,POR,2880.0,,93,79,14
200604190UTA,RS,UTA,0.0,,0,0,0
200604190UTA,RS,UTA,35.0,,0,2,-2
200604190UTA,RS,UTA,55.0,T,2,2,0
200604190UTA,RS,UTA,88.0,,2,4,-2
200604190UTA,RS,UTA,141.0,T,4,4,0
200604190UTA,RS,UTA,158.0,,4,6,-2
200604190UTA,RS,UTA,195.0,T,6,6,0
200604190UTA,RS,UTA,245.0,LC,8,6,2
200604190UTA,RS,UTA,245.0,,9,6,3
200604190UTA,RS,UTA,261.0,,9,8,1
200604190UTA,RS,UTA,279.0,,11,8,3
200604190UTA,RS,UTA,307.0,,11,10,1
200604190UTA,RS,UTA,346.0,,13,10,3
200604190UTA,RS,UTA,356.0,,13,12,1
200604190UTA,RS,UTA,375.0,,14,12,2
200604190UTA,RS,UTA,388.0,T,14,14,0
200604190UTA,RS,UTA,410.0,LC,14,16,-2
200604190UTA,RS,UTA,441.0,,14,18,-4
200604190UTA,RS,UTA,463.0,,16,18,-2
200604190UTA,RS,UTA,478.0,,16,20,-4
200604190UTA,RS,UTA,495.0,,19,20,-1
200604190UTA,RS,UTA,521.0,LC,21,20,1
200604190UTA,RS,UTA,521.0,,22,20,2
200604190UTA,RS,UTA,545.0,,24,20,4
200604190UTA,RS,UTA,569.0,,26,20,6
200604190UTA,RS,UTA,581.0,,26,21,5
200604190UTA,RS,UTA,581.0,,26,22,4
200604190UTA,RS,UTA,602.0,,28,22,6
200604190UTA,RS,UTA,641.0,,31,22,9
200604190UTA,RS,UTA,660.7,,31,24,7
200604190UTA,RS,UTA,671.6,,33,24,9
200604190UTA,RS,UTA,684.3,,33,27,6
200604190UTA,RS,UTA,692.6,,35,27,8
200604190UTA,RS,UTA,692.6,,36,27,9
200604190UTA,RS,UTA,746.0,,36,29,7
200604190UTA,RS,UTA,785.0,,36,31,5
200604190UTA,RS,UTA,820.0,,36,33,3
200604190UTA,RS,UTA,840.0,,36,35,1
200604190UTA,RS,UTA,880.0,LC,36,37,-1
200604190UTA,RS,UTA,901.0,LC,38,37,1
200604190UTA,RS,UTA,927.0,LC,38,39,-1
200604190UTA,RS,UTA,982.0,,38,41,-3
200604190UTA,RS,UTA,1011.0,,40,41,-1
200604190UTA,RS,UTA,1065.0,LC,42,41,1
200604190UTA,RS,UTA,1096.0,T,42,42,0
200604190UTA,RS,UTA,1174.0,LC,42,44,-2
200604190UTA,RS,UTA,1230.0,LC,45,44,1
200604190UTA,RS,UTA,1252.0,LC,45,46,-1
200604190UTA,RS,UTA,1297.0,T,46,46,0
200604190UTA,RS,UTA,1297.0,LC,47,46,1
200604190UTA,RS,UTA,1321.0,,48,46,2
200604190UTA,RS,UTA,1321.0,,49,46,3
200604190UTA,RS,UTA,1337.0,,49,48,1
200604190UTA,RS,UTA,1356.0,,50,48,2
200604190UTA,RS,UTA,1403.9,,51,48,3
200604190UTA,RS,UTA,1403.9,,52,48,4
200604190UTA,RS,UTA,1439.3,,54,48,6
200604190UTA,RS,UTA,1464.0,,54,50,4
200604190UTA,RS,UTA,1523.0,,56,50,6
200604190UTA,RS,UTA,1544.0,,56,52,4
200604190UTA,RS,UTA,1569.0,,58,52,6
200604190UTA,RS,UTA,1579.0,,59,52,7
200604190UTA,RS,UTA,1579.0,,60,52,8
200604190UTA,RS,UTA,1589.0,,60,54,6
200604190UTA,RS,UTA,1616.0,,62,54,8
200604190UTA,RS,UTA,1658.0,,62,57,5
200604190UTA,RS,UTA,1675.0,,64,57,7
200604190UTA,RS,UTA,1718.0,,66,57,9
200604190UTA,RS,UTA,1734.0,,66,59,7
200604190UTA,RS,UTA,1754.0,,66,61,5
200604190UTA,RS,UTA,1773.0,,69,61,8
200604190UTA,RS,UTA,1808.0,,70,61,9
200604190UTA,RS,UTA,1808.0,,71,61,10
200604190UTA,RS,UTA,1853.0,,71,63,8
200604190UTA,RS,UTA,1877.0,,72,63,9
200604190UTA,RS,UTA,1877.0,,73,63,10
200604190UTA,RS,UTA,1930.0,,73,65,8
200604190UTA,RS,UTA,1992.0,,73,67,6
200604190UTA,RS,UTA,2011.0,,75,67,8
200604190UTA,RS,UTA,2055.0,,75,69,6
200604190UTA,RS,UTA,2078.0,,77,69,8
200604190UTA,RS,UTA,2084.0,,77,72,5
200604190UTA,RS,UTA,2108.6,,77,75,2
200604190UTA,RS,UTA,2152.4,,77,76,1
200604190UTA,RS,UTA,2152.4,T,77,77,0
200604190UTA,RS,UTA,2230.0,LC,77,78,-1
200604190UTA,RS,UTA,2278.0,LC,79,78,1
200604190UTA,RS,UTA,2344.0,LC,79,80,-1
200604190UTA,RS,UTA,2390.0,,79,81,-2
200604190UTA,RS,UTA,2407.0,T,81,81,0
200604190UTA,RS,UTA,2488.0,LC,82,81,1
200604190UTA,RS,UTA,2488.0,,83,81,2
200604190UTA,RS,UTA,2578.0,T,83,83,0
200604190UTA,RS,UTA,2596.0,,85,83,2
200604190UTA,RS,UTA,2596.0,,86,83,3
200604190UTA,RS,UTA,2608.0,,86,85,1
200604190UTA,RS,UTA,2625.0,,88,85,3
200604190UTA,RS,UTA,2651.0,T,88,88,0
200604190UTA,RS,UTA,2667.0,,91,88,3
200604190UTA,RS,UTA,2685.0,,91,89,2
200604190UTA,RS,UTA,2685.0,,91,90,1
200604190UTA,RS,UTA,2710.0,,93,90,3
200604190UTA,RS,UTA,2756.0,,93,92,1
200604190UTA,RS,UTA,2796.0,LC,93,94,-1
200604190UTA,RS,UTA,2807.0,LC,95,94,1
200604190UTA,RS,UTA,2820.0,LC,95,96,-1
200604190UTA,RS,UTA,2833.7,T,96,96,0
200604190UTA,RS,UTA,2833.7,LC,97,96,1
200604190UTA,RS,UTA,2841.1,LC,97,99,-2
200604190UTA,RS,UTA,2856.9,,97,100,-3
200604190UTA,RS,UTA,2856.9,,97,101,-4
200604190UTA,RS,UTA,2860.7,,98,101,-3
200604190UTA,RS,UTA,2860.7,,99,101,-2
200604190UTA,RS,UTA,2861.8,,99,102,-3
200604190UTA,RS,UTA,2861.8,,99,103,-4
200604190UTA,RS,UTA,2867.7,,102,103,-1
200604190UTA,RS,UTA,2871.8,,102,104,-2
200604190UTA,RS,UTA,2871.8,F,102,105,-3
200604190UTA,RS,UTA,2880.0,,102,105,-3
