id,type,opponent,elapsedTime,event,teamScore,opponentScore,pointDifference
199611010GSW,RS,LAC,0.0,,0,0,0
199611010GSW,RS,LAC,32.0,,2,0,2
199611010GSW,RS,LAC,79.0,,4,0,4
199611010GSW,RS,LAC,121.0,,4,2,2
199611010GSW,RS,LAC,180.0,T,4,4,0
199611010GSW,RS,LAC,199.0,,6,4,2
199611010GSW,RS,LAC,199.0,,7,4,3
199611010GSW,RS,LAC,233.0,,7,6,1
199611010GSW,RS,LAC,281.0,LC,7,8,-1
199611010GSW,RS,LAC,304.0,,7,10,-3
199611010GSW,RS,LAC,360.0,,9,10,-1
199611010GSW,RS,LAC,378.0,,9,12,-3
199611010GSW,RS,LAC,407.0,,9,14,-5
199611010GSW,RS,LAC,417.0,,10,14,-4
199611010GSW,RS,LAC,417.0,,11,14,-3
199611010GSW,RS,LAC,447.0,T,14,14,0
199611010GSW,RS,LAC,478.0,LC,16,14,2
199611010GSW,RS,LAC,513.0,,17,14,3
199611010GSW,RS,LAC,513.0,,18,14,4
199611010GSW,RS,LAC,523.0,,18,16,2
199611010GSW,RS,LAC,541.0,,20,16,4
199611010GSW,RS,LAC,572.0,,22,16,6
199611010GSW,RS,LAC,585.0,,22,17,5
199611010GSW,RS,LAC,585.0,,22,18,4
199611010GSW,RS,LAC,604.0,,22,20,2
199611010GSW,RS,LAC,625.0,,24,20,4
199611010GSW,RS,LAC,641.0,,24,22,2
199611010GSW,RS,LAC,654.0,,26,22,4
199611010GSW,RS,LAC,676.0,,26,24,2
199611010GSW,RS,LAC,680.0,,27,24,3
199611010GSW,RS,LAC,717.0,,29,24,5
199611010GSW,RS,LAC,720.0,,29,27,2
199611010GSW,RS,LAC,777.0,,29,28,1
199611010GSW,RS,LAC,777.0,T,29,29,0
199611010GSW,RS,LAC,902.0,LC,29,31,-2
199611010GSW,RS,LAC,918.0,T,31,31,0
199611010GSW,RS,LAC,918.0,LC,32,31,1
199611010GSW,RS,LAC,927.0,LC,32,33,-1
199611010GSW,RS,LAC,989.0,,32,35,-3
199611010GSW,RS,LAC,989.0,,32,36,-4
199611010GSW,RS,LAC,1043.0,,32,38,-6
199611010GSW,RS,LAC,1075.0,,32,40,-8
199611010GSW,RS,LAC,1098.0,,34,40,-6
199611010GSW,RS,LAC,1119.0,,34,42,-8
199611010GSW,RS,LAC,1207.0,,34,45,-11
199611010GSW,RS,LAC,1234.0,,35,45,-10
199611010GSW,RS,LAC,1276.0,,36,45,-9
199611010GSW,RS,LAC,1329.0,,37,45,-8
199611010GSW,RS,LAC,1369.0,,40,45,-5
199611010GSW,RS,LAC,1432.0,,42,45,-3
199611010GSW,RS,LAC,1484.0,,42,47,-5
199611010GSW,RS,LAC,1493.0,,44,47,-3
199611010GSW,RS,LAC,1517.0,,44,50,-6
199611010GSW,RS,LAC,1527.0,,46,50,-4
199611010GSW,RS,LAC,1583.0,,49,50,-1
199611010GSW,RS,LAC,1610.0,,49,52,-3
199611010GSW,RS,LAC,1641.0,,49,54,-5
199611010GSW,RS,LAC,1660.0,,50,54,-4
199611010GSW,RS,LAC,1660.0,,51,54,-3
199611010GSW,RS,LAC,1722.0,,51,56,-5
199611010GSW,RS,LAC,1750.0,,53,56,-3
199611010GSW,RS,LAC,1779.0,,53,57,-4
199611010GSW,RS,LAC,1808.0,,53,59,-6
199611010GSW,RS,LAC,1819.0,,55,59,-4
199611010GSW,RS,LAC,1819.0,,56,59,-3
199611010GSW,RS,LAC,1840.0,,57,59,-2
199611010GSW,RS,LAC,1840.0,,58,59,-1
199611010GSW,RS,LAC,1878.0,,58,61,-3
199611010GSW,RS,LAC,1916.0,,58,63,-5
199611010GSW,RS,LAC,1931.0,,60,63,-3
199611010GSW,RS,LAC,1955.0,,60,65,-5
199611010GSW,RS,LAC,1968.0,,60,67,-7
199611010GSW,RS,LAC,2001.0,,60,68,-8
199611010GSW,RS,LAC,2001.0,,60,69,-9
199611010GSW,RS,LAC,2043.0,,60,70,-10
199611010GSW,RS,LAC,2080.0,,62,70,-8
199611010GSW,RS,LAC,2124.0,,62,72,-10
199611010GSW,RS,LAC,2142.0,,65,72,-7
199611010GSW,RS,LAC,2156.0,,65,75,-10
199611010GSW,RS,LAC,2245.0,,67,75,-8
199611010GSW,RS,LAC,2264.0,,67,77,-10
199611010GSW,RS,LAC,2314.0,,67,79,-12
199611010GSW,RS,LAC,2335.0,,68,79,-11
199611010GSW,RS,LAC,2335.0,,69,79,-10
199611010GSW,RS,LAC,2358.0,,69,81,-12
199611010GSW,RS,LAC,2442.0,,72,81,-9
199611010GSW,RS,LAC,2478.0,,75,81,-6
199611010GSW,RS,LAC,2510.0,,75,83,-8
199611010GSW,RS,LAC,2541.0,,75,85,-10
199611010GSW,RS,LAC,2559.0,,76,85,-9
199611010GSW,RS,LAC,2578.0,,76,87,-11
199611010GSW,RS,LAC,2593.0,,79,87,-8
199611010GSW,RS,LAC,2614.0,,79,89,-10
199611010GSW,RS,LAC,2659.0,,79,91,-12
199611010GSW,RS,LAC,2750.0,,80,91,-11
199611010GSW,RS,LAC,2750.0,,81,91,-10
199611010GSW,RS,LAC,2798.0,,81,93,-12
199611010GSW,RS,LAC,2805.0,,82,93,-11
199611010GSW,RS,LAC,2805.0,,83,93,-10
199611010GSW,RS,LAC,2820.0,,83,94,-11
199611010GSW,RS,LAC,2820.0,,83,95,-12
199611010GSW,RS,LAC,2824.0,,84,95,-11
199611010GSW,RS,LAC,2824.0,,85,95,-10
199611010GSW,RS,LAC,2854.0,F,85,97,-12
199611010GSW,RS,LAC,2880.0,,85,97,-12
199611030VAN,RS,VAN,0.0,,0,0,0
199611030VAN,RS,VAN,40.0,,0,2,-2
199611030VAN,RS,VAN,54.0,T,2,2,0
199611030VAN,RS,VAN,96.0,LC,5,2,3
199611030VAN,RS,VAN,112.0,,5,4,1
199611030VAN,RS,VAN,146.0,,7,4,3
199611030VAN,RS,VAN,162.0,T,7,7,0
199611030VAN,RS,VAN,189.0,LC,7,9,-2
199611030VAN,RS,VAN,198.0,LC,10,9,1
199611030VAN,RS,VAN,250.0,,12,9,3
199611030VAN,RS,VAN,284.0,,13,9,4
199611030VAN,RS,VAN,333.0,,13,11,2
199611030VAN,RS,VAN,357.0,,15,11,4
199611030VAN,RS,VAN,378.0,,15,13,2
199611030VAN,RS,VAN,390.0,,17,13,4
199611030VAN,RS,VAN,420.0,,19,13,6
199611030VAN,RS,VAN,478.0,,19,14,5
199611030VAN,RS,VAN,492.0,,20,14,6
199611030VAN,RS,VAN,492.0,,21,14,7
199611030VAN,RS,VAN,570.0,,23,14,9
199611030VAN,RS,VAN,608.0,,25,14,11
199611030VAN,RS,VAN,627.0,,27,14,13
199611030VAN,RS,VAN,636.0,,28,14,14
199611030VAN,RS,VAN,645.0,,28,17,11
199611030VAN,RS,VAN,660.0,,30,17,13
199611030VAN,RS,VAN,675.0,,30,20,10
199611030VAN,RS,VAN,691.0,,31,20,11
199611030VAN,RS,VAN,720.0,,33,20,13
199611030VAN,RS,VAN,789.0,,33,22,11
199611030VAN,RS,VAN,802.0,,35,22,13
199611030VAN,RS,VAN,843.0,,36,22,14
199611030VAN,RS,VAN,843.0,,37,22,15
199611030VAN,RS,VAN,860.0,,37,25,12
199611030VAN,RS,VAN,860.0,,37,26,11
199611030VAN,RS,VAN,880.0,,39,26,13
199611030VAN,RS,VAN,916.0,,39,28,11
199611030VAN,RS,VAN,934.0,,39,30,9
199611030VAN,RS,VAN,983.0,,39,33,6
199611030VAN,RS,VAN,1010.0,,42,33,9
199611030VAN,RS,VAN,1027.0,,42,35,7
199611030VAN,RS,VAN,1039.0,,44,35,9
199611030VAN,RS,VAN,1056.0,,44,37,7
199611030VAN,RS,VAN,1066.0,,45,37,8
199611030VAN,RS,VAN,1066.0,,46,37,9
199611030VAN,RS,VAN,1097.0,,49,37,12
199611030VAN,RS,VAN,1180.0,,49,39,10
199611030VAN,RS,VAN,1202.0,,50,39,11
199611030VAN,RS,VAN,1225.0,,50,41,9
199611030VAN,RS,VAN,1246.0,,50,43,7
199611030VAN,RS,VAN,1277.0,,50,45,5
199611030VAN,RS,VAN,1357.0,,52,45,7
199611030VAN,RS,VAN,1419.0,,52,46,6
199611030VAN,RS,VAN,1461.0,,55,46,9
199611030VAN,RS,VAN,1507.0,,55,48,7
199611030VAN,RS,VAN,1527.0,,55,50,5
199611030VAN,RS,VAN,1547.0,,57,50,7
199611030VAN,RS,VAN,1559.0,,57,52,5
199611030VAN,RS,VAN,1574.0,,59,52,7
199611030VAN,RS,VAN,1642.0,,59,54,5
199611030VAN,RS,VAN,1674.0,,61,54,7
199611030VAN,RS,VAN,1693.0,,64,54,10
199611030VAN,RS,VAN,1731.0,,64,56,8
199611030VAN,RS,VAN,1811.0,,64,58,6
199611030VAN,RS,VAN,1837.0,,64,60,4
199611030VAN,RS,VAN,1854.0,,64,62,2
199611030VAN,RS,VAN,1874.0,,67,62,5
199611030VAN,RS,VAN,1902.0,,69,62,7
199611030VAN,RS,VAN,1947.0,,69,63,6
199611030VAN,RS,VAN,1972.0,,69,65,4
199611030VAN,RS,VAN,2027.0,,69,67,2
199611030VAN,RS,VAN,2057.0,,71,67,4
199611030VAN,RS,VAN,2071.0,,72,67,5
199611030VAN,RS,VAN,2071.0,,73,67,6
199611030VAN,RS,VAN,2090.0,,73,68,5
199611030VAN,RS,VAN,2090.0,,73,69,4
199611030VAN,RS,VAN,2107.0,,73,70,3
199611030VAN,RS,VAN,2107.0,,73,71,2
199611030VAN,RS,VAN,2150.0,,75,71,4
199611030VAN,RS,VAN,2181.0,,75,72,3
199611030VAN,RS,VAN,2181.0,,75,73,2
199611030VAN,RS,VAN,2202.0,,77,73,4
199611030VAN,RS,VAN,2220.0,,77,75,2
199611030VAN,RS,VAN,2330.0,LC,77,78,-1
199611030VAN,RS,VAN,2353.0,LC,79,78,1
199611030VAN,RS,VAN,2392.0,,81,78,3
199611030VAN,RS,VAN,2406.0,,81,80,1
199611030VAN,RS,VAN,2429.0,,83,80,3
199611030VAN,RS,VAN,2429.0,,84,80,4
199611030VAN,RS,VAN,2445.0,,84,83,1
199611030VAN,RS,VAN,2459.0,,85,83,2
199611030VAN,RS,VAN,2459.0,,86,83,3
199611030VAN,RS,VAN,2475.0,T,86,86,0
199611030VAN,RS,VAN,2497.0,,88,86,2
199611030VAN,RS,VAN,2545.0,T,88,88,0
199611030VAN,RS,VAN,2573.0,,90,88,2
199611030VAN,RS,VAN,2639.0,,92,88,4
199611030VAN,RS,VAN,2704.0,,95,88,7
199611030VAN,RS,VAN,2728.0,,95,90,5
199611030VAN,RS,VAN,2750.0,,96,90,6
199611030VAN,RS,VAN,2750.0,,97,90,7
199611030VAN,RS,VAN,2764.0,,97,92,5
199611030VAN,RS,VAN,2764.0,,97,93,4
199611030VAN,RS,VAN,2783.0,,99,93,6
199611030VAN,RS,VAN,2795.0,,100,93,7
199611030VAN,RS,VAN,2795.0,,101,93,8
199611030VAN,RS,VAN,2807.0,,101,95,6
199611030VAN,RS,VAN,2828.0,,103,95,8
199611030VAN,RS,VAN,2828.0,,104,95,9
199611030VAN,RS,VAN,2852.0,F,105,95,10
199611030VAN,RS,VAN,2880.0,,105,95,10
199611050GSW,RS,POR,0.0,,0,0,0
199611050GSW,RS,POR,35.0,,0,2,-2
199611050GSW,RS,POR,62.0,,0,4,-4
199611050GSW,RS,POR,88.0,,0,6,-6
199611050GSW,RS,POR,131.0,,0,8,-8
199611050GSW,RS,POR,153.0,,0,10,-10
199611050GSW,RS,POR,171.0,,2,10,-8
199611050GSW,RS,POR,185.0,,2,12,-10
199611050GSW,RS,POR,196.0,,4,12,-8
199611050GSW,RS,POR,238.0,,6,12,-6
199611050GSW,RS,POR,257.0,,6,14,-8
199611050GSW,RS,POR,286.0,,6,16,-10
199611050GSW,RS,POR,302.0,,8,16,-8
199611050GSW,RS,POR,343.0,,10,16,-6
199611050GSW,RS,POR,343.0,,11,16,-5
199611050GSW,RS,POR,365.0,,13,16,-3
199611050GSW,RS,POR,383.0,,13,18,-5
199611050GSW,RS,POR,383.0,,13,19,-6
199611050GSW,RS,POR,394.0,,15,19,-4
199611050GSW,RS,POR,423.0,,17,19,-2
199611050GSW,RS,POR,442.0,,18,19,-1
199611050GSW,RS,POR,461.0,,18,22,-4
199611050GSW,RS,POR,473.0,,19,22,-3
199611050GSW,RS,POR,473.0,,20,22,-2
199611050GSW,RS,POR,511.0,,21,22,-1
199611050GSW,RS,POR,525.0,,21,24,-3
199611050GSW,RS,POR,547.0,,21,26,-5
199611050GSW,RS,POR,577.0,,22,26,-4
199611050GSW,RS,POR,577.0,,23,26,-3
199611050GSW,RS,POR,601.0,,23,29,-6
199611050GSW,RS,POR,630.0,,23,31,-8
199611050GSW,RS,POR,667.0,,25,31,-6
199611050GSW,RS,POR,713.0,,26,31,-5
199611050GSW,RS,POR,713.0,,27,31,-4
199611050GSW,RS,POR,731.0,,29,31,-2
199611050GSW,RS,POR,753.0,,29,33,-4
199611050GSW,RS,POR,773.0,,31,33,-2
199611050GSW,RS,POR,791.0,,31,35,-4
199611050GSW,RS,POR,803.0,,33,35,-2
199611050GSW,RS,POR,860.0,T,35,35,0
199611050GSW,RS,POR,874.0,,35,37,-2
199611050GSW,RS,POR,976.0,,35,39,-4
199611050GSW,RS,POR,995.0,,37,39,-2
199611050GSW,RS,POR,1037.0,,37,40,-3
199611050GSW,RS,POR,1037.0,,37,41,-4
199611050GSW,RS,POR,1072.0,,37,43,-6
199611050GSW,RS,POR,1082.0,,39,43,-4
199611050GSW,RS,POR,1105.0,,39,45,-6
199611050GSW,RS,POR,1120.0,,42,45,-3
199611050GSW,RS,POR,1138.0,,42,47,-5
199611050GSW,RS,POR,1163.0,,42,48,-6
199611050GSW,RS,POR,1182.0,,44,48,-4
199611050GSW,RS,POR,1198.0,,44,49,-5
199611050GSW,RS,POR,1215.0,,45,49,-4
199611050GSW,RS,POR,1243.0,,46,49,-3
199611050GSW,RS,POR,1243.0,,47,49,-2
199611050GSW,RS,POR,1264.0,,47,51,-4
199611050GSW,RS,POR,1277.0,,47,52,-5
199611050GSW,RS,POR,1277.0,,47,53,-6
199611050GSW,RS,POR,1291.0,,47,55,-8
199611050GSW,RS,POR,1313.0,,49,55,-6
199611050GSW,RS,POR,1332.0,,49,57,-8
199611050GSW,RS,POR,1338.0,,52,57,-5
199611050GSW,RS,POR,1352.0,,52,59,-7
199611050GSW,RS,POR,1369.0,,54,59,-5
199611050GSW,RS,POR,1400.0,,55,59,-4
199611050GSW,RS,POR,1400.0,,56,59,-3
199611050GSW,RS,POR,1453.0,,58,59,-1
199611050GSW,RS,POR,1513.0,,58,61,-3
199611050GSW,RS,POR,1555.0,,58,63,-5
199611050GSW,RS,POR,1571.0,,58,65,-7
199611050GSW,RS,POR,1571.0,,58,66,-8
199611050GSW,RS,POR,1608.0,,60,66,-6
199611050GSW,RS,POR,1654.0,,60,68,-8
199611050GSW,RS,POR,1679.0,,60,70,-10
199611050GSW,RS,POR,1777.0,,60,72,-12
199611050GSW,RS,POR,1801.0,,60,74,-14
199611050GSW,RS,POR,1824.0,,60,76,-16
199611050GSW,RS,POR,1847.0,,62,76,-14
199611050GSW,RS,POR,1933.0,,64,76,-12
199611050GSW,RS,POR,1964.0,,64,79,-15
199611050GSW,RS,POR,2028.0,,66,79,-13
199611050GSW,RS,POR,2046.0,,68,79,-11
199611050GSW,RS,POR,2112.0,,68,82,-14
199611050GSW,RS,POR,2133.0,,70,82,-12
199611050GSW,RS,POR,2172.0,,70,84,-14
199611050GSW,RS,POR,2197.0,,72,84,-12
199611050GSW,RS,POR,2241.0,,72,86,-14
199611050GSW,RS,POR,2286.0,,73,86,-13
199611050GSW,RS,POR,2315.0,,74,86,-12
199611050GSW,RS,POR,2350.0,,74,88,-14
199611050GSW,RS,POR,2362.0,,75,88,-13
199611050GSW,RS,POR,2375.0,,75,91,-16
199611050GSW,RS,POR,2385.0,,76,91,-15
199611050GSW,RS,POR,2403.0,,78,91,-13
199611050GSW,RS,POR,2419.0,,78,94,-16
199611050GSW,RS,POR,2478.0,,80,94,-14
199611050GSW,RS,POR,2498.0,,80,95,-15
199611050GSW,RS,POR,2513.0,,81,95,-14
199611050GSW,RS,POR,2513.0,,82,95,-13
199611050GSW,RS,POR,2531.0,,82,97,-15
199611050GSW,RS,POR,2547.0,,84,97,-13
199611050GSW,RS,POR,2568.0,,84,99,-15
199611050GSW,RS,POR,2592.0,,85,99,-14
199611050GSW,RS,POR,2607.0,,85,100,-15
199611050GSW,RS,POR,2607.0,,85,101,-16
199611050GSW,RS,POR,2629.0,,85,103,-18
199611050GSW,RS,POR,2635.0,,87,103,-16
199611050GSW,RS,POR,2660.0,,89,103,-14
199611050GSW,RS,POR,2679.0,,89,105,-16
199611050GSW,RS,POR,2791.0,,91,105,-14
199611050GSW,RS,POR,2804.0,,91,108,-17
199611050GSW,RS,POR,2823.0,,91,109,-18
199611050GSW,RS,POR,2823.0,,91,110,-19
199611050GSW,RS,POR,2835.0,,91,111,-20
199611050GSW,RS,POR,2853.0,F,93,111,-18
199611050GSW,RS,POR,2880.0,,93,111,-18
199611070GSW,RS,NYK,0.0,,0,0,0
199611070GSW,RS,NYK,24.0,,0,2,-2
199611070GSW,RS,NYK,51.0,,0,4,-4
199611070GSW,RS,NYK,97.0,,2,4,-2
199611070GSW,RS,NYK,125.0,,3,4,-1
199611070GSW,RS,NYK,125.0,T,4,4,0
199611070GSW,RS,NYK,142.0,,4,6,-2
199611070GSW,RS,NYK,161.0,T,6,6,0
199611070GSW,RS,NYK,172.0,,6,8,-2
199611070GSW,RS,NYK,190.0,LC,9,8,1
199611070GSW,RS,NYK,256.0,LC,9,10,-1
199611070GSW,RS,NYK,270.0,LC,11,10,1
199611070GSW,RS,NYK,306.0,,12,10,2
199611070GSW,RS,NYK,306.0,,13,10,3
199611070GSW,RS,NYK,338.0,,15,10,5
199611070GSW,RS,NYK,364.0,,15,12,3
199611070GSW,RS,NYK,408.0,T,15,15,0
199611070GSW,RS,NYK,427.0,,17,15,2
199611070GSW,RS,NYK,446.0,T,17,17,0
199611070GSW,RS,NYK,486.0,LC,17,19,-2
199611070GSW,RS,NYK,506.0,,18,19,-1
199611070GSW,RS,NYK,506.0,T,19,19,0
199611070GSW,RS,NYK,524.0,,19,21,-2
199611070GSW,RS,NYK,568.0,T,21,21,0
199611070GSW,RS,NYK,620.0,,21,22,-1
199611070GSW,RS,NYK,620.0,,21,23,-2
199611070GSW,RS,NYK,655.0,LC,24,23,1
199611070GSW,RS,NYK,664.0,LC,24,25,-1
199611070GSW,RS,NYK,692.0,,24,27,-3
199611070GSW,RS,NYK,692.0,,24,28,-4
199611070GSW,RS,NYK,717.0,,26,28,-2
199611070GSW,RS,NYK,736.0,T,28,28,0
199611070GSW,RS,NYK,768.0,LC,30,28,2
199611070GSW,RS,NYK,867.0,,32,28,4
199611070GSW,RS,NYK,972.0,,32,30,2
199611070GSW,RS,NYK,972.0,,32,31,1
199611070GSW,RS,NYK,1015.0,,34,31,3
199611070GSW,RS,NYK,1035.0,,34,32,2
199611070GSW,RS,NYK,1035.0,,34,33,1
199611070GSW,RS,NYK,1068.0,,36,33,3
199611070GSW,RS,NYK,1089.0,,38,33,5
199611070GSW,RS,NYK,1110.0,,38,34,4
199611070GSW,RS,NYK,1110.0,,38,35,3
199611070GSW,RS,NYK,1178.0,,39,35,4
199611070GSW,RS,NYK,1178.0,,40,35,5
199611070GSW,RS,NYK,1196.0,,40,38,2
199611070GSW,RS,NYK,1268.0,T,40,40,0
199611070GSW,RS,NYK,1289.0,,42,40,2
199611070GSW,RS,NYK,1297.0,,42,41,1
199611070GSW,RS,NYK,1314.0,,44,41,3
199611070GSW,RS,NYK,1329.0,,44,42,2
199611070GSW,RS,NYK,1329.0,,44,43,1
199611070GSW,RS,NYK,1373.0,T,44,44,0
199611070GSW,RS,NYK,1385.0,,45,44,1
199611070GSW,RS,NYK,1385.0,,46,44,2
199611070GSW,RS,NYK,1410.0,,48,44,4
199611070GSW,RS,NYK,1451.0,,50,44,6
199611070GSW,RS,NYK,1516.0,,52,44,8
199611070GSW,RS,NYK,1531.0,,52,46,6
199611070GSW,RS,NYK,1553.0,,55,46,9
199611070GSW,RS,NYK,1566.0,,55,48,7
199611070GSW,RS,NYK,1629.0,,57,48,9
199611070GSW,RS,NYK,1651.0,,57,50,7
199611070GSW,RS,NYK,1710.0,,60,50,10
199611070GSW,RS,NYK,1741.0,,60,52,8
199611070GSW,RS,NYK,1781.0,,60,54,6
199611070GSW,RS,NYK,1800.0,,63,54,9
199611070GSW,RS,NYK,1812.0,,63,56,7
199611070GSW,RS,NYK,1875.0,,63,58,5
199611070GSW,RS,NYK,1921.0,,63,60,3
199611070GSW,RS,NYK,1923.0,,64,60,4
199611070GSW,RS,NYK,1939.0,,67,60,7
199611070GSW,RS,NYK,1942.0,,67,61,6
199611070GSW,RS,NYK,1952.0,,67,63,4
199611070GSW,RS,NYK,1952.0,,67,64,3
199611070GSW,RS,NYK,1965.0,,68,64,4
199611070GSW,RS,NYK,1982.0,,68,66,2
199611070GSW,RS,NYK,2019.0,,70,66,4
199611070GSW,RS,NYK,2042.0,,70,67,3
199611070GSW,RS,NYK,2042.0,,70,68,2
199611070GSW,RS,NYK,2075.0,LC,70,71,-1
199611070GSW,RS,NYK,2123.0,T,71,71,0
199611070GSW,RS,NYK,2123.0,LC,72,71,1
199611070GSW,RS,NYK,2137.0,T,72,72,0
199611070GSW,RS,NYK,2137.0,LC,72,73,-1
199611070GSW,RS,NYK,2150.0,T,73,73,0
199611070GSW,RS,NYK,2216.0,,73,75,-2
199611070GSW,RS,NYK,2235.0,T,75,75,0
199611070GSW,RS,NYK,2235.0,LC,76,75,1
199611070GSW,RS,NYK,2331.0,,78,75,3
199611070GSW,RS,NYK,2331.0,,79,75,4
199611070GSW,RS,NYK,2415.0,,79,77,2
199611070GSW,RS,NYK,2451.0,T,79,79,0
199611070GSW,RS,NYK,2497.0,LC,79,80,-1
199611070GSW,RS,NYK,2497.0,,79,81,-2
199611070GSW,RS,NYK,2527.0,T,81,81,0
199611070GSW,RS,NYK,2550.0,,81,83,-2
199611070GSW,RS,NYK,2550.0,,81,84,-3
199611070GSW,RS,NYK,2569.0,,82,84,-2
199611070GSW,RS,NYK,2569.0,,83,84,-1
199611070GSW,RS,NYK,2583.0,T,84,84,0
199611070GSW,RS,NYK,2583.0,LC,85,84,1
199611070GSW,RS,NYK,2594.0,LC,85,86,-1
199611070GSW,RS,NYK,2610.0,LC,87,86,1
199611070GSW,RS,NYK,2625.0,LC,87,88,-1
199611070GSW,RS,NYK,2656.0,T,88,88,0
199611070GSW,RS,NYK,2656.0,LC,89,88,1
199611070GSW,RS,NYK,2678.0,LC,89,91,-2
199611070GSW,RS,NYK,2703.0,LC,92,91,1
199611070GSW,RS,NYK,2718.0,LC,92,93,-1
199611070GSW,RS,NYK,2718.0,,92,94,-2
199611070GSW,RS,NYK,2739.0,,92,95,-3
199611070GSW,RS,NYK,2739.0,,92,96,-4
199611070GSW,RS,NYK,2753.0,,94,96,-2
199611070GSW,RS,NYK,2769.0,,94,97,-3
199611070GSW,RS,NYK,2769.0,,94,98,-4
199611070GSW,RS,NYK,2790.0,,94,100,-6
199611070GSW,RS,NYK,2802.0,,95,100,-5
199611070GSW,RS,NYK,2802.0,,96,100,-4
199611070GSW,RS,NYK,2839.0,,96,102,-6
199611070GSW,RS,NYK,2842.0,,98,102,-4
199611070GSW,RS,NYK,2852.0,,98,103,-5
199611070GSW,RS,NYK,2870.0,F,98,105,-7
199611070GSW,RS,NYK,2875.0,,100,105,-5
199611080DEN,RS,DEN,0.0,,0,0,0
199611080DEN,RS,DEN,16.0,,0,2,-2
199611080DEN,RS,DEN,35.0,T,2,2,0
199611080DEN,RS,DEN,142.0,,2,4,-2
199611080DEN,RS,DEN,154.0,,3,4,-1
199611080DEN,RS,DEN,206.0,LC,5,4,1
199611080DEN,RS,DEN,239.0,T,5,5,0
199611080DEN,RS,DEN,271.0,LC,5,7,-2
199611080DEN,RS,DEN,317.0,LC,8,7,1
199611080DEN,RS,DEN,324.0,LC,8,9,-1
199611080DEN,RS,DEN,357.0,,8,12,-4
199611080DEN,RS,DEN,371.0,,10,12,-2
199611080DEN,RS,DEN,383.0,,10,14,-4
199611080DEN,RS,DEN,471.0,,10,15,-5
199611080DEN,RS,DEN,471.0,,10,16,-6
199611080DEN,RS,DEN,489.0,,12,16,-4
199611080DEN,RS,DEN,500.0,,12,18,-6
199611080DEN,RS,DEN,519.0,,13,18,-5
199611080DEN,RS,DEN,519.0,,14,18,-4
199611080DEN,RS,DEN,570.0,,14,19,-5
199611080DEN,RS,DEN,570.0,,14,20,-6
199611080DEN,RS,DEN,595.0,,16,20,-4
199611080DEN,RS,DEN,612.0,,17,20,-3
199611080DEN,RS,DEN,612.0,,18,20,-2
199611080DEN,RS,DEN,645.0,,18,22,-4
199611080DEN,RS,DEN,678.0,,18,24,-6
199611080DEN,RS,DEN,687.0,,20,24,-4
199611080DEN,RS,DEN,792.0,,22,24,-2
199611080DEN,RS,DEN,810.0,,22,26,-4
199611080DEN,RS,DEN,833.0,,24,26,-2
199611080DEN,RS,DEN,877.0,T,26,26,0
199611080DEN,RS,DEN,895.0,,26,28,-2
199611080DEN,RS,DEN,905.0,,27,28,-1
199611080DEN,RS,DEN,905.0,T,28,28,0
199611080DEN,RS,DEN,905.0,LC,29,28,1
199611080DEN,RS,DEN,948.0,,30,28,2
199611080DEN,RS,DEN,948.0,,31,28,3
199611080DEN,RS,DEN,964.0,,31,30,1
199611080DEN,RS,DEN,983.0,,33,30,3
199611080DEN,RS,DEN,1003.0,,33,32,1
199611080DEN,RS,DEN,1003.0,T,33,33,0
199611080DEN,RS,DEN,1045.0,,35,33,2
199611080DEN,RS,DEN,1061.0,T,35,35,0
199611080DEN,RS,DEN,1082.0,,38,35,3
199611080DEN,RS,DEN,1090.0,,38,37,1
199611080DEN,RS,DEN,1170.0,LC,38,39,-1
199611080DEN,RS,DEN,1184.0,,38,40,-2
199611080DEN,RS,DEN,1184.0,,38,41,-3
199611080DEN,RS,DEN,1210.0,,38,43,-5
199611080DEN,RS,DEN,1233.0,,38,45,-7
199611080DEN,RS,DEN,1243.0,,40,45,-5
199611080DEN,RS,DEN,1243.0,,41,45,-4
199611080DEN,RS,DEN,1260.0,,42,45,-3
199611080DEN,RS,DEN,1260.0,,43,45,-2
199611080DEN,RS,DEN,1301.0,,43,46,-3
199611080DEN,RS,DEN,1301.0,,43,47,-4
199611080DEN,RS,DEN,1340.0,,43,49,-6
199611080DEN,RS,DEN,1360.0,,44,49,-5
199611080DEN,RS,DEN,1360.0,,45,49,-4
199611080DEN,RS,DEN,1371.0,,45,51,-6
199611080DEN,RS,DEN,1390.0,,47,51,-4
199611080DEN,RS,DEN,1410.0,,49,51,-2
199611080DEN,RS,DEN,1410.0,,50,51,-1
199611080DEN,RS,DEN,1432.0,LC,52,51,1
199611080DEN,RS,DEN,1439.0,LC,52,53,-1
199611080DEN,RS,DEN,1464.0,,52,55,-3
199611080DEN,RS,DEN,1488.0,,52,56,-4
199611080DEN,RS,DEN,1488.0,,52,57,-5
199611080DEN,RS,DEN,1524.0,,52,59,-7
199611080DEN,RS,DEN,1582.0,,54,59,-5
199611080DEN,RS,DEN,1582.0,,55,59,-4
199611080DEN,RS,DEN,1597.0,,55,61,-6
199611080DEN,RS,DEN,1613.0,,57,61,-4
199611080DEN,RS,DEN,1637.0,,57,63,-6
199611080DEN,RS,DEN,1654.0,,60,63,-3
199611080DEN,RS,DEN,1681.0,,60,66,-6
199611080DEN,RS,DEN,1708.0,,60,68,-8
199611080DEN,RS,DEN,1761.0,,62,68,-6
199611080DEN,RS,DEN,1796.0,,62,70,-8
199611080DEN,RS,DEN,1831.0,,62,72,-10
199611080DEN,RS,DEN,1842.0,,64,72,-8
199611080DEN,RS,DEN,1865.0,,66,72,-6
199611080DEN,RS,DEN,1898.0,,68,72,-4
199611080DEN,RS,DEN,1912.0,,71,72,-1
199611080DEN,RS,DEN,1930.0,,71,73,-2
199611080DEN,RS,DEN,1930.0,,71,74,-3
199611080DEN,RS,DEN,1946.0,,73,74,-1
199611080DEN,RS,DEN,1958.0,LC,75,74,1
199611080DEN,RS,DEN,1978.0,T,75,75,0
199611080DEN,RS,DEN,2081.0,,77,75,2
199611080DEN,RS,DEN,2144.0,,78,75,3
199611080DEN,RS,DEN,2156.0,,78,77,1
199611080DEN,RS,DEN,2198.0,,81,77,4
199611080DEN,RS,DEN,2231.0,,81,79,2
199611080DEN,RS,DEN,2320.0,,83,79,4
199611080DEN,RS,DEN,2394.0,,83,81,2
199611080DEN,RS,DEN,2416.0,,85,81,4
199611080DEN,RS,DEN,2473.0,,86,81,5
199611080DEN,RS,DEN,2473.0,,87,81,6
199611080DEN,RS,DEN,2527.0,,87,82,5
199611080DEN,RS,DEN,2584.0,,89,82,7
199611080DEN,RS,DEN,2613.0,,89,84,5
199611080DEN,RS,DEN,2653.0,,89,85,4
199611080DEN,RS,DEN,2724.0,,89,87,2
199611080DEN,RS,DEN,2739.0,,91,87,4
199611080DEN,RS,DEN,2787.0,,91,89,2
199611080DEN,RS,DEN,2804.0,,91,90,1
199611080DEN,RS,DEN,2804.0,T,91,91,0
199611080DEN,RS,DEN,2813.0,LC,91,93,-2
199611080DEN,RS,DEN,2838.0,F,91,94,-3
199611080DEN,RS,DEN,2880.0,,91,94,-3
199611120SEA,RS,SEA,0.0,,0,0,0
199611120SEA,RS,SEA,15.0,,0,1,-1
199611120SEA,RS,SEA,35.0,LC,2,1,1
199611120SEA,RS,SEA,56.0,LC,2,3,-1
199611120SEA,RS,SEA,76.0,LC,5,3,2
199611120SEA,RS,SEA,86.0,T,5,5,0
199611120SEA,RS,SEA,122.0,,7,5,2
199611120SEA,RS,SEA,134.0,,8,5,3
199611120SEA,RS,SEA,134.0,,9,5,4
199611120SEA,RS,SEA,216.0,,9,8,1
199611120SEA,RS,SEA,243.0,LC,9,10,-1
199611120SEA,RS,SEA,261.0,LC,11,10,1
199611120SEA,RS,SEA,280.0,LC,11,12,-1
199611120SEA,RS,SEA,295.0,LC,14,12,2
199611120SEA,RS,SEA,310.0,T,14,14,0
199611120SEA,RS,SEA,330.0,,16,14,2
199611120SEA,RS,SEA,345.0,,18,14,4
199611120SEA,RS,SEA,345.0,,19,14,5
199611120SEA,RS,SEA,368.0,,19,16,3
199611120SEA,RS,SEA,385.0,,21,16,5
199611120SEA,RS,SEA,407.0,,21,18,3
199611120SEA,RS,SEA,426.0,,24,18,6
199611120SEA,RS,SEA,480.0,,26,18,8
199611120SEA,RS,SEA,495.0,,26,20,6
199611120SEA,RS,SEA,519.0,,26,22,4
199611120SEA,RS,SEA,532.0,,29,22,7
199611120SEA,RS,SEA,562.0,,31,22,9
199611120SEA,RS,SEA,562.0,,32,22,10
199611120SEA,RS,SEA,571.0,,32,23,9
199611120SEA,RS,SEA,588.0,,34,23,11
199611120SEA,RS,SEA,601.0,,34,25,9
199611120SEA,RS,SEA,649.0,,34,27,7
199611120SEA,RS,SEA,689.0,,36,27,9
199611120SEA,RS,SEA,702.0,,36,29,7
199611120SEA,RS,SEA,717.0,,37,29,8
199611120SEA,RS,SEA,717.0,,38,29,9
199611120SEA,RS,SEA,742.0,,38,30,8
199611120SEA,RS,SEA,742.0,,38,31,7
199611120SEA,RS,SEA,767.0,,40,31,9
199611120SEA,RS,SEA,818.0,,40,33,7
199611120SEA,RS,SEA,851.0,,42,33,9
199611120SEA,RS,SEA,866.0,,42,35,7
199611120SEA,RS,SEA,866.0,,42,36,6
199611120SEA,RS,SEA,976.0,,42,37,5
199611120SEA,RS,SEA,976.0,,42,38,4
199611120SEA,RS,SEA,1005.0,,44,38,6
199611120SEA,RS,SEA,1032.0,,46,38,8
199611120SEA,RS,SEA,1106.0,,46,41,5
199611120SEA,RS,SEA,1130.0,,46,43,3
199611120SEA,RS,SEA,1153.0,,46,44,2
199611120SEA,RS,SEA,1191.0,T,46,46,0
199611120SEA,RS,SEA,1227.0,LC,46,49,-3
199611120SEA,RS,SEA,1264.0,T,49,49,0
199611120SEA,RS,SEA,1291.0,,49,51,-2
199611120SEA,RS,SEA,1308.0,T,51,51,0
199611120SEA,RS,SEA,1328.0,LC,54,51,3
199611120SEA,RS,SEA,1356.0,,57,51,6
199611120SEA,RS,SEA,1364.0,,57,53,4
199611120SEA,RS,SEA,1406.0,,57,55,2
199611120SEA,RS,SEA,1438.0,T,57,57,0
199611120SEA,RS,SEA,1526.0,,60,57,3
199611120SEA,RS,SEA,1539.0,T,60,60,0
199611120SEA,RS,SEA,1556.0,,62,60,2
199611120SEA,RS,SEA,1600.0,,64,60,4
199611120SEA,RS,SEA,1609.0,,64,62,2
199611120SEA,RS,SEA,1609.0,,64,63,1
199611120SEA,RS,SEA,1638.0,,66,63,3
199611120SEA,RS,SEA,1674.0,,66,65,1
199611120SEA,RS,SEA,1696.0,,69,65,4
199611120SEA,RS,SEA,1710.0,,69,67,2
199611120SEA,RS,SEA,1742.0,T,69,69,0
199611120SEA,RS,SEA,1764.0,LC,69,71,-2
199611120SEA,RS,SEA,1817.0,,69,73,-4
199611120SEA,RS,SEA,1832.0,,70,73,-3
199611120SEA,RS,SEA,1849.0,,70,75,-5
199611120SEA,RS,SEA,1870.0,,72,75,-3
199611120SEA,RS,SEA,1901.0,,74,75,-1
199611120SEA,RS,SEA,1964.0,,74,77,-3
199611120SEA,RS,SEA,2024.0,,74,78,-4
199611120SEA,RS,SEA,2039.0,,75,78,-3
199611120SEA,RS,SEA,2039.0,,76,78,-2
199611120SEA,RS,SEA,2058.0,,76,80,-4
199611120SEA,RS,SEA,2071.0,,79,80,-1
199611120SEA,RS,SEA,2088.0,,79,82,-3
199611120SEA,RS,SEA,2100.0,,80,82,-2
199611120SEA,RS,SEA,2100.0,,81,82,-1
199611120SEA,RS,SEA,2113.0,,81,83,-2
199611120SEA,RS,SEA,2113.0,,81,84,-3
199611120SEA,RS,SEA,2196.0,,81,86,-5
199611120SEA,RS,SEA,2212.0,,83,86,-3
199611120SEA,RS,SEA,2227.0,,83,87,-4
199611120SEA,RS,SEA,2247.0,,85,87,-2
199611120SEA,RS,SEA,2274.0,T,87,87,0
199611120SEA,RS,SEA,2290.0,,87,89,-2
199611120SEA,RS,SEA,2362.0,,87,91,-4
199611120SEA,RS,SEA,2390.0,,87,93,-6
199611120SEA,RS,SEA,2422.0,,87,96,-9
199611120SEA,RS,SEA,2447.0,,89,96,-7
199611120SEA,RS,SEA,2461.0,,89,98,-9
199611120SEA,RS,SEA,2524.0,,89,100,-11
199611120SEA,RS,SEA,2540.0,,91,100,-9
199611120SEA,RS,SEA,2562.0,,91,103,-12
199611120SEA,RS,SEA,2604.0,,91,105,-14
199611120SEA,RS,SEA,2633.0,,93,105,-12
199611120SEA,RS,SEA,2633.0,,94,105,-11
199611120SEA,RS,SEA,2654.0,,94,107,-13
199611120SEA,RS,SEA,2686.0,,94,110,-16
199611120SEA,RS,SEA,2703.0,,96,110,-14
199611120SEA,RS,SEA,2761.0,,96,112,-16
199611120SEA,RS,SEA,2761.0,,96,113,-17
199611120SEA,RS,SEA,2775.0,,98,113,-15
199611120SEA,RS,SEA,2786.0,,98,116,-18
199611120SEA,RS,SEA,2800.0,,99,116,-17
199611120SEA,RS,SEA,2811.0,,99,118,-19
199611120SEA,RS,SEA,2846.0,,99,119,-20
199611120SEA,RS,SEA,2855.0,F,102,119,-17
199611120SEA,RS,SEA,2878.0,,102,121,-19
199611140GSW,RS,MIL,0.0,,0,0,0
199611140GSW,RS,MIL,30.0,,0,2,-2
199611140GSW,RS,MIL,43.0,T,2,2,0
199611140GSW,RS,MIL,75.0,LC,4,2,2
199611140GSW,RS,MIL,93.0,T,4,4,0
199611140GSW,RS,MIL,111.0,,6,4,2
199611140GSW,RS,MIL,128.0,T,6,6,0
199611140GSW,RS,MIL,151.0,,8,6,2
199611140GSW,RS,MIL,157.0,T,8,8,0
199611140GSW,RS,MIL,171.0,,10,8,2
199611140GSW,RS,MIL,232.0,,12,8,4
199611140GSW,RS,MIL,308.0,,14,8,6
199611140GSW,RS,MIL,336.0,,17,8,9
199611140GSW,RS,MIL,371.0,,19,8,11
199611140GSW,RS,MIL,390.0,,19,10,9
199611140GSW,RS,MIL,390.0,,19,11,8
199611140GSW,RS,MIL,409.0,,19,13,6
199611140GSW,RS,MIL,421.0,,21,13,8
199611140GSW,RS,MIL,444.0,,21,15,6
199611140GSW,RS,MIL,475.0,,21,17,4
199611140GSW,RS,MIL,516.0,,23,17,6
199611140GSW,RS,MIL,534.0,,23,19,4
199611140GSW,RS,MIL,534.0,,23,20,3
199611140GSW,RS,MIL,603.0,T,23,23,0
199611140GSW,RS,MIL,622.0,,25,23,2
199611140GSW,RS,MIL,656.0,T,25,25,0
199611140GSW,RS,MIL,704.0,,27,25,2
199611140GSW,RS,MIL,738.0,,29,25,4
199611140GSW,RS,MIL,800.0,,29,27,2
199611140GSW,RS,MIL,832.0,T,29,29,0
199611140GSW,RS,MIL,867.0,LC,29,30,-1
199611140GSW,RS,MIL,867.0,,29,31,-2
199611140GSW,RS,MIL,975.0,,29,33,-4
199611140GSW,RS,MIL,996.0,,31,33,-2
199611140GSW,RS,MIL,1040.0,,31,35,-4
199611140GSW,RS,MIL,1040.0,,31,36,-5
199611140GSW,RS,MIL,1054.0,,33,36,-3
199611140GSW,RS,MIL,1090.0,,35,36,-1
199611140GSW,RS,MIL,1104.0,,35,39,-4
199611140GSW,RS,MIL,1169.0,,37,39,-2
199611140GSW,RS,MIL,1206.0,,37,41,-4
199611140GSW,RS,MIL,1238.0,,37,43,-6
199611140GSW,RS,MIL,1252.0,,39,43,-4
199611140GSW,RS,MIL,1269.0,,39,45,-6
199611140GSW,RS,MIL,1318.0,,41,45,-4
199611140GSW,RS,MIL,1351.0,,41,47,-6
199611140GSW,RS,MIL,1392.0,,41,49,-8
199611140GSW,RS,MIL,1411.0,,43,49,-6
199611140GSW,RS,MIL,1430.0,,43,51,-8
199611140GSW,RS,MIL,1448.0,,44,51,-7
199611140GSW,RS,MIL,1448.0,,45,51,-6
199611140GSW,RS,MIL,1469.0,,46,51,-5
199611140GSW,RS,MIL,1469.0,,47,51,-4
199611140GSW,RS,MIL,1493.0,,49,51,-2
199611140GSW,RS,MIL,1512.0,,49,53,-4
199611140GSW,RS,MIL,1569.0,,51,53,-2
199611140GSW,RS,MIL,1616.0,,51,55,-4
199611140GSW,RS,MIL,1634.0,,52,55,-3
199611140GSW,RS,MIL,1634.0,,53,55,-2
199611140GSW,RS,MIL,1658.0,T,55,55,0
199611140GSW,RS,MIL,1679.0,,55,57,-2
199611140GSW,RS,MIL,1732.0,T,57,57,0
199611140GSW,RS,MIL,1770.0,,57,59,-2
199611140GSW,RS,MIL,1782.0,T,59,59,0
199611140GSW,RS,MIL,1797.0,,59,61,-2
199611140GSW,RS,MIL,1846.0,,59,63,-4
199611140GSW,RS,MIL,1865.0,,61,63,-2
199611140GSW,RS,MIL,1910.0,T,63,63,0
199611140GSW,RS,MIL,1931.0,,63,65,-2
199611140GSW,RS,MIL,1962.0,,64,65,-1
199611140GSW,RS,MIL,2022.0,,64,66,-2
199611140GSW,RS,MIL,2022.0,,64,67,-3
199611140GSW,RS,MIL,2032.0,,66,67,-1
199611140GSW,RS,MIL,2053.0,,66,69,-3
199611140GSW,RS,MIL,2081.0,,66,70,-4
199611140GSW,RS,MIL,2118.0,,68,70,-2
199611140GSW,RS,MIL,2135.0,,69,70,-1
199611140GSW,RS,MIL,2135.0,T,70,70,0
199611140GSW,RS,MIL,2159.0,LC,71,70,1
199611140GSW,RS,MIL,2223.0,,73,70,3
199611140GSW,RS,MIL,2244.0,,73,72,1
199611140GSW,RS,MIL,2268.0,,75,72,3
199611140GSW,RS,MIL,2301.0,,75,74,1
199611140GSW,RS,MIL,2343.0,LC,75,76,-1
199611140GSW,RS,MIL,2365.0,LC,77,76,1
199611140GSW,RS,MIL,2408.0,,79,76,3
199611140GSW,RS,MIL,2457.0,,79,77,2
199611140GSW,RS,MIL,2457.0,,79,78,1
199611140GSW,RS,MIL,2472.0,,80,78,2
199611140GSW,RS,MIL,2472.0,,81,78,3
199611140GSW,RS,MIL,2502.0,,82,78,4
199611140GSW,RS,MIL,2502.0,,83,78,5
199611140GSW,RS,MIL,2556.0,,85,78,7
199611140GSW,RS,MIL,2602.0,,87,78,9
199611140GSW,RS,MIL,2643.0,,89,78,11
199611140GSW,RS,MIL,2659.0,,89,80,9
199611140GSW,RS,MIL,2673.0,,90,80,10
199611140GSW,RS,MIL,2673.0,,91,80,11
199611140GSW,RS,MIL,2696.0,,91,82,9
199611140GSW,RS,MIL,2713.0,,93,82,11
199611140GSW,RS,MIL,2795.0,,95,82,13
199611140GSW,RS,MIL,2810.0,F,95,84,11
199611140GSW,RS,MIL,2867.0,,95,86,9
199611160HOU,RS,HOU,0.0,,0,0,0
199611160HOU,RS,HOU,9.0,,0,2,-2
199611160HOU,RS,HOU,24.0,T,2,2,0
199611160HOU,RS,HOU,39.0,,2,4,-2
199611160HOU,RS,HOU,56.0,T,4,4,0
199611160HOU,RS,HOU,68.0,,4,6,-2
199611160HOU,RS,HOU,85.0,T,6,6,0
199611160HOU,RS,HOU,100.0,,6,8,-2
199611160HOU,RS,HOU,138.0,T,8,8,0
199611160HOU,RS,HOU,185.0,,8,11,-3
199611160HOU,RS,HOU,250.0,,8,14,-6
199611160HOU,RS,HOU,266.0,,10,14,-4
199611160HOU,RS,HOU,309.0,,10,16,-6
199611160HOU,RS,HOU,309.0,,10,17,-7
199611160HOU,RS,HOU,376.0,,12,17,-5
199611160HOU,RS,HOU,406.0,,13,17,-4
199611160HOU,RS,HOU,435.0,,15,17,-2
199611160HOU,RS,HOU,483.0,T,17,17,0
199611160HOU,RS,HOU,501.0,,17,20,-3
199611160HOU,RS,HOU,515.0,,19,20,-1
199611160HOU,RS,HOU,534.0,,19,23,-4
199611160HOU,RS,HOU,559.0,,21,23,-2
199611160HOU,RS,HOU,577.0,,21,25,-4
199611160HOU,RS,HOU,591.0,,21,27,-6
199611160HOU,RS,HOU,652.0,,23,27,-4
199611160HOU,RS,HOU,818.0,,23,29,-6
199611160HOU,RS,HOU,840.0,,23,30,-7
199611160HOU,RS,HOU,851.0,,25,30,-5
199611160HOU,RS,HOU,863.0,,25,32,-7
199611160HOU,RS,HOU,899.0,,25,34,-9
199611160HOU,RS,HOU,926.0,,27,34,-7
199611160HOU,RS,HOU,949.0,,29,34,-5
199611160HOU,RS,HOU,964.0,,29,37,-8
199611160HOU,RS,HOU,979.0,,31,37,-6
199611160HOU,RS,HOU,1000.0,,31,39,-8
199611160HOU,RS,HOU,1015.0,,33,39,-6
199611160HOU,RS,HOU,1044.0,,33,41,-8
199611160HOU,RS,HOU,1065.0,,33,43,-10
199611160HOU,RS,HOU,1087.0,,35,43,-8
199611160HOU,RS,HOU,1100.0,,35,45,-10
199611160HOU,RS,HOU,1127.0,,37,45,-8
199611160HOU,RS,HOU,1141.0,,37,46,-9
199611160HOU,RS,HOU,1141.0,,37,47,-10
199611160HOU,RS,HOU,1163.0,,39,47,-8
199611160HOU,RS,HOU,1193.0,,41,47,-6
199611160HOU,RS,HOU,1215.0,,43,47,-4
199611160HOU,RS,HOU,1244.0,,43,49,-6
199611160HOU,RS,HOU,1256.0,,45,49,-4
199611160HOU,RS,HOU,1286.0,,47,49,-2
199611160HOU,RS,HOU,1306.0,,47,51,-4
199611160HOU,RS,HOU,1359.0,,49,51,-2
199611160HOU,RS,HOU,1382.0,,49,52,-3
199611160HOU,RS,HOU,1382.0,,49,53,-4
199611160HOU,RS,HOU,1395.0,,51,53,-2
199611160HOU,RS,HOU,1436.0,T,53,53,0
199611160HOU,RS,HOU,1455.0,LC,56,53,3
199611160HOU,RS,HOU,1469.0,,56,55,1
199611160HOU,RS,HOU,1484.0,,58,55,3
199611160HOU,RS,HOU,1535.0,,58,57,1
199611160HOU,RS,HOU,1558.0,LC,58,59,-1
199611160HOU,RS,HOU,1612.0,,58,62,-4
199611160HOU,RS,HOU,1649.0,,59,62,-3
199611160HOU,RS,HOU,1649.0,,60,62,-2
199611160HOU,RS,HOU,1663.0,,60,64,-4
199611160HOU,RS,HOU,1683.0,,60,65,-5
199611160HOU,RS,HOU,1683.0,,60,66,-6
199611160HOU,RS,HOU,1704.0,,62,66,-4
199611160HOU,RS,HOU,1720.0,,64,66,-2
199611160HOU,RS,HOU,1737.0,,65,66,-1
199611160HOU,RS,HOU,1757.0,,65,67,-2
199611160HOU,RS,HOU,1772.0,T,67,67,0
199611160HOU,RS,HOU,1789.0,,67,69,-2
199611160HOU,RS,HOU,1804.0,,67,72,-5
199611160HOU,RS,HOU,1830.0,,68,72,-4
199611160HOU,RS,HOU,1830.0,,69,72,-3
199611160HOU,RS,HOU,1847.0,,69,74,-5
199611160HOU,RS,HOU,1856.0,,71,74,-3
199611160HOU,RS,HOU,1856.0,,72,74,-2
199611160HOU,RS,HOU,1871.0,,72,76,-4
199611160HOU,RS,HOU,1871.0,,73,76,-3
199611160HOU,RS,HOU,1871.0,,74,76,-2
199611160HOU,RS,HOU,1886.0,,74,77,-3
199611160HOU,RS,HOU,1886.0,,74,78,-4
199611160HOU,RS,HOU,1914.0,,74,80,-6
199611160HOU,RS,HOU,1970.0,,74,82,-8
199611160HOU,RS,HOU,2000.0,,74,84,-10
199611160HOU,RS,HOU,2062.0,,75,84,-9
199611160HOU,RS,HOU,2062.0,,76,84,-8
199611160HOU,RS,HOU,2071.0,,76,86,-10
199611160HOU,RS,HOU,2110.0,,76,88,-12
199611160HOU,RS,HOU,2132.0,,78,88,-10
199611160HOU,RS,HOU,2172.0,,78,91,-13
199611160HOU,RS,HOU,2203.0,,80,91,-11
199611160HOU,RS,HOU,2203.0,,81,91,-10
199611160HOU,RS,HOU,2226.0,,81,92,-11
199611160HOU,RS,HOU,2226.0,,81,93,-12
199611160HOU,RS,HOU,2280.0,,83,93,-10
199611160HOU,RS,HOU,2344.0,,83,96,-13
199611160HOU,RS,HOU,2378.0,,83,98,-15
199611160HOU,RS,HOU,2435.0,,83,100,-17
199611160HOU,RS,HOU,2469.0,,85,100,-15
199611160HOU,RS,HOU,2485.0,,85,102,-17
199611160HOU,RS,HOU,2511.0,,87,102,-15
199611160HOU,RS,HOU,2565.0,,89,102,-13
199611160HOU,RS,HOU,2592.0,,91,102,-11
199611160HOU,RS,HOU,2624.0,,93,102,-9
199611160HOU,RS,HOU,2694.0,,96,102,-6
199611160HOU,RS,HOU,2714.0,,96,103,-7
199611160HOU,RS,HOU,2714.0,,96,104,-8
199611160HOU,RS,HOU,2727.0,,97,104,-7
199611160HOU,RS,HOU,2727.0,,98,104,-6
199611160HOU,RS,HOU,2752.0,,100,104,-4
199611160HOU,RS,HOU,2773.0,,100,107,-7
199611160HOU,RS,HOU,2813.0,,103,107,-4
199611160HOU,RS,HOU,2833.0,,103,109,-6
199611160HOU,RS,HOU,2849.0,,103,110,-7
199611160HOU,RS,HOU,2849.0,,103,111,-8
199611160HOU,RS,HOU,2854.0,,103,112,-9
199611160HOU,RS,HOU,2854.0,F,103,113,-10
199611160HOU,RS,HOU,2874.0,,103,115,-12
199611170SAS,RS,SAS,0.0,,0,0,0
199611170SAS,RS,SAS,65.0,,0,2,-2
199611170SAS,RS,SAS,73.0,,1,2,-1
199611170SAS,RS,SAS,73.0,T,2,2,0
199611170SAS,RS,SAS,96.0,LC,4,2,2
199611170SAS,RS,SAS,127.0,T,4,4,0
199611170SAS,RS,SAS,140.0,,6,4,2
199611170SAS,RS,SAS,170.0,LC,6,7,-1
199611170SAS,RS,SAS,187.0,LC,8,7,1
199611170SAS,RS,SAS,220.0,LC,8,9,-1
199611170SAS,RS,SAS,285.0,,8,11,-3
199611170SAS,RS,SAS,303.0,,10,11,-1
199611170SAS,RS,SAS,349.0,,10,13,-3
199611170SAS,RS,SAS,406.0,,11,13,-2
199611170SAS,RS,SAS,475.0,,11,15,-4
199611170SAS,RS,SAS,569.0,,11,17,-6
199611170SAS,RS,SAS,607.0,,12,17,-5
199611170SAS,RS,SAS,607.0,,13,17,-4
199611170SAS,RS,SAS,626.0,,13,18,-5
199611170SAS,RS,SAS,626.0,,13,19,-6
199611170SAS,RS,SAS,643.0,,14,19,-5
199611170SAS,RS,SAS,643.0,,15,19,-4
199611170SAS,RS,SAS,659.0,,15,22,-7
199611170SAS,RS,SAS,692.0,,15,24,-9
199611170SAS,RS,SAS,739.0,,15,25,-10
199611170SAS,RS,SAS,739.0,,15,26,-11
199611170SAS,RS,SAS,821.0,,18,26,-8
199611170SAS,RS,SAS,837.0,,18,28,-10
199611170SAS,RS,SAS,891.0,,20,28,-8
199611170SAS,RS,SAS,912.0,,20,30,-10
199611170SAS,RS,SAS,940.0,,22,30,-8
199611170SAS,RS,SAS,969.0,,22,32,-10
199611170SAS,RS,SAS,991.0,,22,34,-12
199611170SAS,RS,SAS,1010.0,,23,34,-11
199611170SAS,RS,SAS,1025.0,,23,36,-13
199611170SAS,RS,SAS,1042.0,,25,36,-11
199611170SAS,RS,SAS,1042.0,,26,36,-10
199611170SAS,RS,SAS,1075.0,,28,36,-8
199611170SAS,RS,SAS,1103.0,,28,38,-10
199611170SAS,RS,SAS,1103.0,,28,39,-11
199611170SAS,RS,SAS,1123.0,,30,39,-9
199611170SAS,RS,SAS,1146.0,,30,41,-11
199611170SAS,RS,SAS,1159.0,,32,41,-9
199611170SAS,RS,SAS,1206.0,,34,41,-7
199611170SAS,RS,SAS,1290.0,,36,41,-5
199611170SAS,RS,SAS,1340.0,,36,43,-7
199611170SAS,RS,SAS,1363.0,,38,43,-5
199611170SAS,RS,SAS,1363.0,,39,43,-4
199611170SAS,RS,SAS,1379.0,,39,45,-6
199611170SAS,RS,SAS,1393.0,,41,45,-4
199611170SAS,RS,SAS,1408.0,,41,47,-6
199611170SAS,RS,SAS,1421.0,,43,47,-4
199611170SAS,RS,SAS,1475.0,,45,47,-2
199611170SAS,RS,SAS,1513.0,T,47,47,0
199611170SAS,RS,SAS,1552.0,LC,49,47,2
199611170SAS,RS,SAS,1567.0,T,49,49,0
199611170SAS,RS,SAS,1582.0,,51,49,2
199611170SAS,RS,SAS,1640.0,T,51,51,0
199611170SAS,RS,SAS,1655.0,,54,51,3
199611170SAS,RS,SAS,1691.0,,57,51,6
199611170SAS,RS,SAS,1717.0,,59,51,8
199611170SAS,RS,SAS,1747.0,,61,51,10
199611170SAS,RS,SAS,1793.0,,64,51,13
199611170SAS,RS,SAS,1822.0,,65,51,14
199611170SAS,RS,SAS,1822.0,,66,51,15
199611170SAS,RS,SAS,1847.0,,69,51,18
199611170SAS,RS,SAS,1875.0,,69,52,17
199611170SAS,RS,SAS,1883.0,,69,54,15
199611170SAS,RS,SAS,1921.0,,69,55,14
199611170SAS,RS,SAS,1921.0,,69,56,13
199611170SAS,RS,SAS,1986.0,,69,58,11
199611170SAS,RS,SAS,2009.0,,71,58,13
199611170SAS,RS,SAS,2092.0,,71,60,11
199611170SAS,RS,SAS,2105.0,,73,60,13
199611170SAS,RS,SAS,2118.0,,73,63,10
199611170SAS,RS,SAS,2142.0,,76,63,13
199611170SAS,RS,SAS,2197.0,,78,63,15
199611170SAS,RS,SAS,2226.0,,80,63,17
199611170SAS,RS,SAS,2245.0,,80,64,16
199611170SAS,RS,SAS,2256.0,,81,64,17
199611170SAS,RS,SAS,2256.0,,82,64,18
199611170SAS,RS,SAS,2270.0,,82,66,16
199611170SAS,RS,SAS,2308.0,,84,66,18
199611170SAS,RS,SAS,2330.0,,84,68,16
199611170SAS,RS,SAS,2397.0,,87,68,19
199611170SAS,RS,SAS,2438.0,,87,70,17
199611170SAS,RS,SAS,2479.0,,87,72,15
199611170SAS,RS,SAS,2516.0,,87,73,14
199611170SAS,RS,SAS,2516.0,,87,74,13
199611170SAS,RS,SAS,2558.0,,87,76,11
199611170SAS,RS,SAS,2572.0,,89,76,13
199611170SAS,RS,SAS,2587.0,,89,78,11
199611170SAS,RS,SAS,2624.0,,90,78,12
199611170SAS,RS,SAS,2624.0,,91,78,13
199611170SAS,RS,SAS,2637.0,,91,80,11
199611170SAS,RS,SAS,2667.0,,92,80,12
199611170SAS,RS,SAS,2677.0,,92,82,10
199611170SAS,RS,SAS,2701.0,,95,82,13
199611170SAS,RS,SAS,2713.0,,95,84,11
199611170SAS,RS,SAS,2724.0,,97,84,13
199611170SAS,RS,SAS,2766.0,,97,86,11
199611170SAS,RS,SAS,2804.0,,97,89,8
199611170SAS,RS,SAS,2809.0,,98,89,9
199611170SAS,RS,SAS,2824.0,,99,89,10
199611170SAS,RS,SAS,2824.0,,100,89,11
199611170SAS,RS,SAS,2856.0,,100,90,10
199611170SAS,RS,SAS,2859.0,,101,90,11
199611170SAS,RS,SAS,2859.0,F,102,90,12
199611170SAS,RS,SAS,2863.0,,102,92,10
199611190GSW,RS,LAL,0.0,,0,0,0
199611190GSW,RS,LAL,16.0,,0,2,-2
199611190GSW,RS,LAL,37.0,,0,4,-4
199611190GSW,RS,LAL,57.0,,2,4,-2
199611190GSW,RS,LAL,88.0,T,4,4,0
199611190GSW,RS,LAL,104.0,,4,6,-2
199611190GSW,RS,LAL,122.0,T,6,6,0
199611190GSW,RS,LAL,128.0,,6,8,-2
199611190GSW,RS,LAL,139.0,LC,9,8,1
199611190GSW,RS,LAL,163.0,LC,9,11,-2
199611190GSW,RS,LAL,181.0,T,11,11,0
199611190GSW,RS,LAL,214.0,,11,13,-2
199611190GSW,RS,LAL,244.0,T,13,13,0
199611190GSW,RS,LAL,269.0,LC,15,13,2
199611190GSW,RS,LAL,296.0,,17,13,4
199611190GSW,RS,LAL,354.0,,17,16,1
199611190GSW,RS,LAL,367.0,,19,16,3
199611190GSW,RS,LAL,436.0,,20,16,4
199611190GSW,RS,LAL,436.0,,21,16,5
199611190GSW,RS,LAL,466.0,,23,16,7
199611190GSW,RS,LAL,466.0,,24,16,8
199611190GSW,RS,LAL,478.0,,24,18,6
199611190GSW,RS,LAL,487.0,,27,18,9
199611190GSW,RS,LAL,507.0,,27,21,6
199611190GSW,RS,LAL,520.0,,29,21,8
199611190GSW,RS,LAL,547.0,,29,24,5
199611190GSW,RS,LAL,561.0,,31,24,7
199611190GSW,RS,LAL,588.0,,31,26,5
199611190GSW,RS,LAL,610.0,,31,29,2
199611190GSW,RS,LAL,618.0,,33,29,4
199611190GSW,RS,LAL,633.0,,33,31,2
199611190GSW,RS,LAL,690.0,LC,33,34,-1
199611190GSW,RS,LAL,718.0,,33,36,-3
199611190GSW,RS,LAL,720.0,,33,38,-5
199611190GSW,RS,LAL,740.0,,35,38,-3
199611190GSW,RS,LAL,765.0,,35,40,-5
199611190GSW,RS,LAL,829.0,,35,42,-7
199611190GSW,RS,LAL,854.0,,37,42,-5
199611190GSW,RS,LAL,876.0,,37,44,-7
199611190GSW,RS,LAL,897.0,,39,44,-5
199611190GSW,RS,LAL,915.0,,39,46,-7
199611190GSW,RS,LAL,946.0,,41,46,-5
199611190GSW,RS,LAL,972.0,,41,47,-6
199611190GSW,RS,LAL,994.0,,44,47,-3
199611190GSW,RS,LAL,1014.0,,44,49,-5
199611190GSW,RS,LAL,1054.0,,46,49,-3
199611190GSW,RS,LAL,1054.0,,47,49,-2
199611190GSW,RS,LAL,1123.0,T,49,49,0
199611190GSW,RS,LAL,1148.0,LC,52,49,3
199611190GSW,RS,LAL,1167.0,,52,51,1
199611190GSW,RS,LAL,1193.0,T,52,52,0
199611190GSW,RS,LAL,1193.0,LC,52,53,-1
199611190GSW,RS,LAL,1207.0,LC,54,53,1
199611190GSW,RS,LAL,1229.0,LC,54,55,-1
199611190GSW,RS,LAL,1276.0,LC,57,55,2
199611190GSW,RS,LAL,1295.0,,57,56,1
199611190GSW,RS,LAL,1364.0,T,57,57,0
199611190GSW,RS,LAL,1450.0,,58,57,1
199611190GSW,RS,LAL,1489.0,LC,58,60,-2
199611190GSW,RS,LAL,1519.0,,58,62,-4
199611190GSW,RS,LAL,1545.0,,61,62,-1
199611190GSW,RS,LAL,1578.0,T,62,62,0
199611190GSW,RS,LAL,1578.0,LC,63,62,1
199611190GSW,RS,LAL,1603.0,,66,62,4
199611190GSW,RS,LAL,1622.0,,67,62,5
199611190GSW,RS,LAL,1657.0,,67,64,3
199611190GSW,RS,LAL,1677.0,,69,64,5
199611190GSW,RS,LAL,1688.0,,69,66,3
199611190GSW,RS,LAL,1737.0,,71,66,5
199611190GSW,RS,LAL,1777.0,,73,66,7
199611190GSW,RS,LAL,1813.0,,73,68,5
199611190GSW,RS,LAL,1847.0,,73,70,3
199611190GSW,RS,LAL,1896.0,,73,72,1
199611190GSW,RS,LAL,1922.0,LC,73,74,-1
199611190GSW,RS,LAL,1951.0,,73,76,-3
199611190GSW,RS,LAL,1969.0,,73,78,-5
199611190GSW,RS,LAL,1983.0,,76,78,-2
199611190GSW,RS,LAL,1995.0,,76,80,-4
199611190GSW,RS,LAL,2011.0,,76,82,-6
199611190GSW,RS,LAL,2045.0,,79,82,-3
199611190GSW,RS,LAL,2068.0,,79,84,-5
199611190GSW,RS,LAL,2081.0,,81,84,-3
199611190GSW,RS,LAL,2081.0,,82,84,-2
199611190GSW,RS,LAL,2090.0,,82,86,-4
199611190GSW,RS,LAL,2123.0,,82,88,-6
199611190GSW,RS,LAL,2246.0,,85,88,-3
199611190GSW,RS,LAL,2253.0,,85,89,-4
199611190GSW,RS,LAL,2253.0,,85,90,-5
199611190GSW,RS,LAL,2273.0,,85,92,-7
199611190GSW,RS,LAL,2312.0,,86,92,-6
199611190GSW,RS,LAL,2312.0,,87,92,-5
199611190GSW,RS,LAL,2345.0,,90,92,-2
199611190GSW,RS,LAL,2379.0,,90,95,-5
199611190GSW,RS,LAL,2400.0,,92,95,-3
199611190GSW,RS,LAL,2435.0,T,95,95,0
199611190GSW,RS,LAL,2516.0,,95,97,-2
199611190GSW,RS,LAL,2534.0,T,97,97,0
199611190GSW,RS,LAL,2549.0,,97,99,-2
199611190GSW,RS,LAL,2567.0,,97,101,-4
199611190GSW,RS,LAL,2567.0,,97,102,-5
199611190GSW,RS,LAL,2692.0,,100,102,-2
199611190GSW,RS,LAL,2741.0,,100,103,-3
199611190GSW,RS,LAL,2758.0,,101,103,-2
199611190GSW,RS,LAL,2770.0,,101,105,-4
199611190GSW,RS,LAL,2790.0,,103,105,-2
199611190GSW,RS,LAL,2810.0,,103,107,-4
199611190GSW,RS,LAL,2833.0,,104,107,-3
199611190GSW,RS,LAL,2853.0,,104,109,-5
199611190GSW,RS,LAL,2868.0,,104,110,-6
199611190GSW,RS,LAL,2868.0,,104,111,-7
199611190GSW,RS,LAL,2873.0,,106,111,-5
199611190GSW,RS,LAL,2874.0,F,106,112,-6
199611190GSW,RS,LAL,2880.0,,109,112,-3
199611210UTA,RS,UTA,0.0,,0,0,0
199611210UTA,RS,UTA,38.0,,2,0,2
199611210UTA,RS,UTA,68.0,,4,0,4
199611210UTA,RS,UTA,116.0,,7,0,7
199611210UTA,RS,UTA,184.0,,7,2,5
199611210UTA,RS,UTA,197.0,,8,2,6
199611210UTA,RS,UTA,197.0,,9,2,7
199611210UTA,RS,UTA,230.0,,11,2,9
199611210UTA,RS,UTA,265.0,,11,3,8
199611210UTA,RS,UTA,265.0,,11,4,7
199611210UTA,RS,UTA,288.0,,11,5,6
199611210UTA,RS,UTA,288.0,,11,6,5
199611210UTA,RS,UTA,312.0,,13,6,7
199611210UTA,RS,UTA,337.0,,13,8,5
199611210UTA,RS,UTA,376.0,,13,10,3
199611210UTA,RS,UTA,390.0,,13,12,1
199611210UTA,RS,UTA,404.0,LC,13,14,-1
199611210UTA,RS,UTA,418.0,LC,15,14,1
199611210UTA,RS,UTA,456.0,T,15,15,0
199611210UTA,RS,UTA,456.0,LC,15,16,-1
199611210UTA,RS,UTA,524.0,LC,17,16,1
199611210UTA,RS,UTA,564.0,T,17,17,0
199611210UTA,RS,UTA,564.0,LC,17,18,-1
199611210UTA,RS,UTA,589.0,,17,20,-3
199611210UTA,RS,UTA,607.0,,19,20,-1
199611210UTA,RS,UTA,616.0,,19,22,-3
199611210UTA,RS,UTA,668.0,,20,22,-2
199611210UTA,RS,UTA,684.0,,20,23,-3
199611210UTA,RS,UTA,684.0,,20,24,-4
199611210UTA,RS,UTA,703.0,,21,24,-3
199611210UTA,RS,UTA,703.0,,22,24,-2
199611210UTA,RS,UTA,762.0,,22,26,-4
199611210UTA,RS,UTA,775.0,,23,26,-3
199611210UTA,RS,UTA,775.0,,24,26,-2
199611210UTA,RS,UTA,790.0,,24,28,-4
199611210UTA,RS,UTA,814.0,,24,31,-7
199611210UTA,RS,UTA,850.0,,24,33,-9
199611210UTA,RS,UTA,889.0,,24,35,-11
199611210UTA,RS,UTA,909.0,,25,35,-10
199611210UTA,RS,UTA,909.0,,26,35,-9
199611210UTA,RS,UTA,936.0,,28,35,-7
199611210UTA,RS,UTA,943.0,,28,37,-9
199611210UTA,RS,UTA,943.0,,28,38,-10
199611210UTA,RS,UTA,966.0,,29,38,-9
199611210UTA,RS,UTA,982.0,,29,40,-11
199611210UTA,RS,UTA,996.0,,31,40,-9
199611210UTA,RS,UTA,1045.0,,33,40,-7
199611210UTA,RS,UTA,1045.0,,34,40,-6
199611210UTA,RS,UTA,1067.0,,35,40,-5
199611210UTA,RS,UTA,1067.0,,36,40,-4
199611210UTA,RS,UTA,1113.0,,36,43,-7
199611210UTA,RS,UTA,1130.0,,36,44,-8
199611210UTA,RS,UTA,1149.0,,38,44,-6
199611210UTA,RS,UTA,1165.0,,38,46,-8
199611210UTA,RS,UTA,1177.0,,40,46,-6
199611210UTA,RS,UTA,1186.0,,40,48,-8
199611210UTA,RS,UTA,1226.0,,41,48,-7
199611210UTA,RS,UTA,1226.0,,42,48,-6
199611210UTA,RS,UTA,1240.0,,42,50,-8
199611210UTA,RS,UTA,1256.0,,45,50,-5
199611210UTA,RS,UTA,1315.0,,45,52,-7
199611210UTA,RS,UTA,1342.0,,45,54,-9
199611210UTA,RS,UTA,1368.0,,47,54,-7
199611210UTA,RS,UTA,1394.0,,47,56,-9
199611210UTA,RS,UTA,1411.0,,49,56,-7
199611210UTA,RS,UTA,1435.0,,49,58,-9
199611210UTA,RS,UTA,1452.0,,52,58,-6
199611210UTA,RS,UTA,1479.0,,52,60,-8
199611210UTA,RS,UTA,1493.0,,54,60,-6
199611210UTA,RS,UTA,1523.0,,54,61,-7
199611210UTA,RS,UTA,1523.0,,54,62,-8
199611210UTA,RS,UTA,1545.0,,54,63,-9
199611210UTA,RS,UTA,1567.0,,56,63,-7
199611210UTA,RS,UTA,1588.0,,57,63,-6
199611210UTA,RS,UTA,1634.0,,57,65,-8
199611210UTA,RS,UTA,1655.0,,58,65,-7
199611210UTA,RS,UTA,1655.0,,59,65,-6
199611210UTA,RS,UTA,1668.0,,59,67,-8
199611210UTA,RS,UTA,1680.0,,61,67,-6
199611210UTA,RS,UTA,1686.0,,61,69,-8
199611210UTA,RS,UTA,1706.0,,63,69,-6
199611210UTA,RS,UTA,1729.0,,63,70,-7
199611210UTA,RS,UTA,1729.0,,63,71,-8
199611210UTA,RS,UTA,1777.0,,65,71,-6
199611210UTA,RS,UTA,1843.0,,65,72,-7
199611210UTA,RS,UTA,1843.0,,65,73,-8
199611210UTA,RS,UTA,1857.0,,67,73,-6
199611210UTA,RS,UTA,1857.0,,68,73,-5
199611210UTA,RS,UTA,1890.0,,70,73,-3
199611210UTA,RS,UTA,1910.0,,70,75,-5
199611210UTA,RS,UTA,1910.0,,70,76,-6
199611210UTA,RS,UTA,1983.0,,71,76,-5
199611210UTA,RS,UTA,1983.0,,72,76,-4
199611210UTA,RS,UTA,1997.0,,72,77,-5
199611210UTA,RS,UTA,2018.0,,73,77,-4
199611210UTA,RS,UTA,2018.0,,74,77,-3
199611210UTA,RS,UTA,2055.0,,75,77,-2
199611210UTA,RS,UTA,2072.0,,75,79,-4
199611210UTA,RS,UTA,2089.0,,75,80,-5
199611210UTA,RS,UTA,2108.0,,76,80,-4
199611210UTA,RS,UTA,2108.0,,77,80,-3
199611210UTA,RS,UTA,2126.0,,78,80,-2
199611210UTA,RS,UTA,2278.0,,78,82,-4
199611210UTA,RS,UTA,2332.0,,79,82,-3
199611210UTA,RS,UTA,2332.0,,80,82,-2
199611210UTA,RS,UTA,2461.0,T,82,82,0
199611210UTA,RS,UTA,2461.0,LC,83,82,1
199611210UTA,RS,UTA,2487.0,LC,83,84,-1
199611210UTA,RS,UTA,2505.0,LC,85,84,1
199611210UTA,RS,UTA,2530.0,LC,85,86,-1
199611210UTA,RS,UTA,2558.0,,85,88,-3
199611210UTA,RS,UTA,2613.0,T,88,88,0
199611210UTA,RS,UTA,2635.0,LC,91,88,3
199611210UTA,RS,UTA,2655.0,,91,89,2
199611210UTA,RS,UTA,2655.0,,91,90,1
199611210UTA,RS,UTA,2672.0,LC,91,92,-1
199611210UTA,RS,UTA,2787.0,T,92,92,0
199611210UTA,RS,UTA,2801.0,,92,94,-2
199611210UTA,RS,UTA,2818.0,T,94,94,0
199611210UTA,RS,UTA,2875.0,LC,96,94,2
199611210UTA,RS,UTA,2880.0,T,96,96,0
199611210UTA,RS,UTA,2894.0,LC,96,98,-2
199611210UTA,RS,UTA,2909.0,,97,98,-1
199611210UTA,RS,UTA,2947.0,,97,101,-4
199611210UTA,RS,UTA,3000.0,,97,103,-6
199611210UTA,RS,UTA,3047.0,,97,105,-8
199611210UTA,RS,UTA,3088.0,,98,105,-7
199611210UTA,RS,UTA,3088.0,,99,105,-6
199611210UTA,RS,UTA,3124.0,,99,107,-8
199611210UTA,RS,UTA,3139.0,,99,108,-9
199611210UTA,RS,UTA,3139.0,,99,109,-10
199611210UTA,RS,UTA,3147.0,F,101,109,-8
199611210UTA,RS,UTA,3174.0,,104,109,-5
199611230GSW,RS,HOU,0.0,,0,0,0
199611230GSW,RS,HOU,34.0,,1,0,1
199611230GSW,RS,HOU,72.0,,3,0,3
199611230GSW,RS,HOU,87.0,,3,2,1
199611230GSW,RS,HOU,101.0,,5,2,3
199611230GSW,RS,HOU,153.0,,5,4,1
199611230GSW,RS,HOU,194.0,,7,4,3
199611230GSW,RS,HOU,242.0,,7,6,1
199611230GSW,RS,HOU,262.0,,9,6,3
199611230GSW,RS,HOU,350.0,,11,6,5
199611230GSW,RS,HOU,394.0,,11,8,3
199611230GSW,RS,HOU,416.0,,11,10,1
199611230GSW,RS,HOU,416.0,T,11,11,0
199611230GSW,RS,HOU,430.0,,13,11,2
199611230GSW,RS,HOU,430.0,,14,11,3
199611230GSW,RS,HOU,459.0,,14,12,2
199611230GSW,RS,HOU,472.0,,15,12,3
199611230GSW,RS,HOU,517.0,,16,12,4
199611230GSW,RS,HOU,533.0,,17,12,5
199611230GSW,RS,HOU,533.0,,18,12,6
199611230GSW,RS,HOU,578.0,,18,14,4
199611230GSW,RS,HOU,594.0,,20,14,6
199611230GSW,RS,HOU,614.0,,20,17,3
199611230GSW,RS,HOU,632.0,,21,17,4
199611230GSW,RS,HOU,632.0,,22,17,5
199611230GSW,RS,HOU,650.0,,22,18,4
199611230GSW,RS,HOU,650.0,,22,19,3
199611230GSW,RS,HOU,660.0,,24,19,5
199611230GSW,RS,HOU,715.0,,24,20,4
199611230GSW,RS,HOU,715.0,,24,21,3
199611230GSW,RS,HOU,838.0,,26,21,5
199611230GSW,RS,HOU,858.0,,26,24,2
199611230GSW,RS,HOU,873.0,,28,24,4
199611230GSW,RS,HOU,890.0,,28,26,2
199611230GSW,RS,HOU,903.0,,31,26,5
199611230GSW,RS,HOU,933.0,,33,26,7
199611230GSW,RS,HOU,966.0,,36,26,10
199611230GSW,RS,HOU,981.0,,36,28,8
199611230GSW,RS,HOU,1001.0,,39,28,11
199611230GSW,RS,HOU,1042.0,,41,28,13
199611230GSW,RS,HOU,1085.0,,43,28,15
199611230GSW,RS,HOU,1085.0,,44,28,16
199611230GSW,RS,HOU,1097.0,,44,29,15
199611230GSW,RS,HOU,1122.0,,44,31,13
199611230GSW,RS,HOU,1135.0,,44,32,12
199611230GSW,RS,HOU,1140.0,,44,34,10
199611230GSW,RS,HOU,1197.0,,45,34,11
199611230GSW,RS,HOU,1251.0,,47,34,13
199611230GSW,RS,HOU,1261.0,,47,35,12
199611230GSW,RS,HOU,1261.0,,47,36,11
199611230GSW,RS,HOU,1293.0,,47,37,10
199611230GSW,RS,HOU,1319.0,,50,37,13
199611230GSW,RS,HOU,1336.0,,50,40,10
199611230GSW,RS,HOU,1345.0,,53,40,13
199611230GSW,RS,HOU,1363.0,,53,42,11
199611230GSW,RS,HOU,1363.0,,53,43,10
199611230GSW,RS,HOU,1380.0,,55,43,12
199611230GSW,RS,HOU,1411.0,,57,43,14
199611230GSW,RS,HOU,1435.0,,57,46,11
199611230GSW,RS,HOU,1440.0,,59,46,13
199611230GSW,RS,HOU,1464.0,,61,46,15
199611230GSW,RS,HOU,1481.0,,61,49,12
199611230GSW,RS,HOU,1507.0,,61,51,10
199611230GSW,RS,HOU,1513.0,,62,51,11
199611230GSW,RS,HOU,1532.0,,62,53,9
199611230GSW,RS,HOU,1577.0,,64,53,11
199611230GSW,RS,HOU,1593.0,,64,56,8
199611230GSW,RS,HOU,1636.0,,64,57,7
199611230GSW,RS,HOU,1651.0,,64,59,5
199611230GSW,RS,HOU,1667.0,,64,60,4
199611230GSW,RS,HOU,1667.0,,64,61,3
199611230GSW,RS,HOU,1687.0,,64,63,1
199611230GSW,RS,HOU,1696.0,,66,63,3
199611230GSW,RS,HOU,1696.0,,67,63,4
199611230GSW,RS,HOU,1718.0,,67,66,1
199611230GSW,RS,HOU,1740.0,,69,66,3
199611230GSW,RS,HOU,1754.0,,69,68,1
199611230GSW,RS,HOU,1778.0,T,69,69,0
199611230GSW,RS,HOU,1778.0,LC,69,70,-1
199611230GSW,RS,HOU,1810.0,,69,72,-3
199611230GSW,RS,HOU,1839.0,,69,74,-5
199611230GSW,RS,HOU,1861.0,,69,75,-6
199611230GSW,RS,HOU,1861.0,,69,76,-7
199611230GSW,RS,HOU,1875.0,,72,76,-4
199611230GSW,RS,HOU,1909.0,,74,76,-2
199611230GSW,RS,HOU,1974.0,,74,77,-3
199611230GSW,RS,HOU,1974.0,,74,78,-4
199611230GSW,RS,HOU,1991.0,,77,78,-1
199611230GSW,RS,HOU,2054.0,LC,79,78,1
199611230GSW,RS,HOU,2082.0,T,79,79,0
199611230GSW,RS,HOU,2104.0,LC,79,82,-3
199611230GSW,RS,HOU,2121.0,,80,82,-2
199611230GSW,RS,HOU,2138.0,,80,84,-4
199611230GSW,RS,HOU,2140.0,,80,86,-6
199611230GSW,RS,HOU,2156.0,,82,86,-4
199611230GSW,RS,HOU,2183.0,,82,88,-6
199611230GSW,RS,HOU,2203.0,,85,88,-3
199611230GSW,RS,HOU,2253.0,,85,90,-5
199611230GSW,RS,HOU,2275.0,,85,93,-8
199611230GSW,RS,HOU,2298.0,,87,93,-6
199611230GSW,RS,HOU,2308.0,,87,94,-7
199611230GSW,RS,HOU,2362.0,,87,96,-9
199611230GSW,RS,HOU,2409.0,,89,96,-7
199611230GSW,RS,HOU,2482.0,,91,96,-5
199611230GSW,RS,HOU,2530.0,,93,96,-3
199611230GSW,RS,HOU,2565.0,,95,96,-1
199611230GSW,RS,HOU,2589.0,,95,98,-3
199611230GSW,RS,HOU,2732.0,T,98,98,0
199611230GSW,RS,HOU,2754.0,,98,99,-1
199611230GSW,RS,HOU,2754.0,,98,100,-2
199611230GSW,RS,HOU,2765.0,T,100,100,0
199611230GSW,RS,HOU,2776.0,,100,102,-2
199611230GSW,RS,HOU,2790.0,LC,103,102,1
199611230GSW,RS,HOU,2822.0,,105,102,3
199611230GSW,RS,HOU,2822.0,,106,102,4
199611230GSW,RS,HOU,2826.0,,106,103,3
199611230GSW,RS,HOU,2850.0,,106,105,1
199611230GSW,RS,HOU,2850.0,T,106,106,0
199611230GSW,RS,HOU,2853.0,,107,106,1
199611230GSW,RS,HOU,2853.0,,108,106,2
199611230GSW,RS,HOU,2866.0,,108,107,1
199611230GSW,RS,HOU,2866.0,T,108,108,0
199611230GSW,RS,HOU,2905.0,,111,108,3
199611230GSW,RS,HOU,2962.0,,111,109,2
199611230GSW,RS,HOU,3019.0,,111,110,1
199611230GSW,RS,HOU,3019.0,T,111,111,0
199611230GSW,RS,HOU,3031.0,,113,111,2
199611230GSW,RS,HOU,3083.0,T,113,113,0
199611230GSW,RS,HOU,3129.0,LC,113,115,-2
199611230GSW,RS,HOU,3159.0,,113,117,-4
199611230GSW,RS,HOU,3159.0,,113,118,-5
199611230GSW,RS,HOU,3164.0,,113,119,-6
199611230GSW,RS,HOU,3164.0,F,113,120,-7
199611230GSW,RS,HOU,3171.0,,115,120,-5
199611260GSW,RS,MIA,0.0,,0,0,0
199611260GSW,RS,MIA,83.0,,0,2,-2
199611260GSW,RS,MIA,99.0,T,2,2,0
199611260GSW,RS,MIA,123.0,LC,4,2,2
199611260GSW,RS,MIA,162.0,,4,3,1
199611260GSW,RS,MIA,162.0,T,4,4,0
199611260GSW,RS,MIA,173.0,,6,4,2
199611260GSW,RS,MIA,214.0,,8,4,4
199611260GSW,RS,MIA,262.0,,11,4,7
199611260GSW,RS,MIA,298.0,,11,6,5
199611260GSW,RS,MIA,316.0,,13,6,7
199611260GSW,RS,MIA,327.0,,13,9,4
199611260GSW,RS,MIA,391.0,,15,9,6
199611260GSW,RS,MIA,406.0,,15,11,4
199611260GSW,RS,MIA,409.0,,15,12,3
199611260GSW,RS,MIA,409.0,,15,13,2
199611260GSW,RS,MIA,436.0,LC,15,16,-1
199611260GSW,RS,MIA,480.0,LC,17,16,1
199611260GSW,RS,MIA,497.0,LC,17,18,-1
199611260GSW,RS,MIA,562.0,T,18,18,0
199611260GSW,RS,MIA,562.0,LC,19,18,1
199611260GSW,RS,MIA,579.0,LC,19,20,-1
199611260GSW,RS,MIA,598.0,,19,22,-3
199611260GSW,RS,MIA,626.0,,21,22,-1
199611260GSW,RS,MIA,659.0,LC,23,22,1
199611260GSW,RS,MIA,681.0,T,23,23,0
199611260GSW,RS,MIA,681.0,LC,23,24,-1
199611260GSW,RS,MIA,697.0,LC,25,24,1
199611260GSW,RS,MIA,717.0,LC,25,27,-2
199611260GSW,RS,MIA,735.0,,25,30,-5
199611260GSW,RS,MIA,788.0,,25,32,-7
199611260GSW,RS,MIA,809.0,,27,32,-5
199611260GSW,RS,MIA,837.0,,27,34,-7
199611260GSW,RS,MIA,898.0,,27,35,-8
199611260GSW,RS,MIA,979.0,,27,36,-9
199611260GSW,RS,MIA,979.0,,27,37,-10
199611260GSW,RS,MIA,1023.0,,27,39,-12
199611260GSW,RS,MIA,1047.0,,27,40,-13
199611260GSW,RS,MIA,1047.0,,27,41,-14
199611260GSW,RS,MIA,1062.0,,29,41,-12
199611260GSW,RS,MIA,1078.0,,29,43,-14
199611260GSW,RS,MIA,1138.0,,29,46,-17
199611260GSW,RS,MIA,1165.0,,30,46,-16
199611260GSW,RS,MIA,1165.0,,31,46,-15
199611260GSW,RS,MIA,1234.0,,31,47,-16
199611260GSW,RS,MIA,1234.0,,31,48,-17
199611260GSW,RS,MIA,1261.0,,31,50,-19
199611260GSW,RS,MIA,1332.0,,33,50,-17
199611260GSW,RS,MIA,1384.0,,35,50,-15
199611260GSW,RS,MIA,1384.0,,36,50,-14
199611260GSW,RS,MIA,1397.0,,36,52,-16
199611260GSW,RS,MIA,1459.0,,36,54,-18
199611260GSW,RS,MIA,1476.0,,38,54,-16
199611260GSW,RS,MIA,1491.0,,38,57,-19
199611260GSW,RS,MIA,1513.0,,40,57,-17
199611260GSW,RS,MIA,1552.0,,40,60,-20
199611260GSW,RS,MIA,1572.0,,42,60,-18
199611260GSW,RS,MIA,1596.0,,44,60,-16
199611260GSW,RS,MIA,1619.0,,44,62,-18
199611260GSW,RS,MIA,1630.0,,46,62,-16
199611260GSW,RS,MIA,1657.0,,46,64,-18
199611260GSW,RS,MIA,1674.0,,48,64,-16
199611260GSW,RS,MIA,1719.0,,50,64,-14
199611260GSW,RS,MIA,1747.0,,50,66,-16
199611260GSW,RS,MIA,1785.0,,50,69,-19
199611260GSW,RS,MIA,1805.0,,51,69,-18
199611260GSW,RS,MIA,1845.0,,53,69,-16
199611260GSW,RS,MIA,1881.0,,53,71,-18
199611260GSW,RS,MIA,1900.0,,55,71,-16
199611260GSW,RS,MIA,1929.0,,57,71,-14
199611260GSW,RS,MIA,2060.0,,59,71,-12
199611260GSW,RS,MIA,2084.0,,59,73,-14
199611260GSW,RS,MIA,2096.0,,60,73,-13
199611260GSW,RS,MIA,2096.0,,61,73,-12
199611260GSW,RS,MIA,2141.0,,62,73,-11
199611260GSW,RS,MIA,2141.0,,63,73,-10
199611260GSW,RS,MIA,2159.0,,63,75,-12
199611260GSW,RS,MIA,2172.0,,65,75,-10
199611260GSW,RS,MIA,2191.0,,65,77,-12
199611260GSW,RS,MIA,2216.0,,66,77,-11
199611260GSW,RS,MIA,2232.0,,66,79,-13
199611260GSW,RS,MIA,2232.0,,66,80,-14
199611260GSW,RS,MIA,2249.0,,68,80,-12
199611260GSW,RS,MIA,2275.0,,68,83,-15
199611260GSW,RS,MIA,2292.0,,71,83,-12
199611260GSW,RS,MIA,2343.0,,71,85,-14
199611260GSW,RS,MIA,2398.0,,71,87,-16
199611260GSW,RS,MIA,2413.0,,73,87,-14
199611260GSW,RS,MIA,2440.0,,73,89,-16
199611260GSW,RS,MIA,2472.0,,73,90,-17
199611260GSW,RS,MIA,2472.0,,73,91,-18
199611260GSW,RS,MIA,2516.0,,73,94,-21
199611260GSW,RS,MIA,2516.0,,73,95,-22
199611260GSW,RS,MIA,2532.0,,75,95,-20
199611260GSW,RS,MIA,2549.0,,77,95,-18
199611260GSW,RS,MIA,2569.0,,78,95,-17
199611260GSW,RS,MIA,2569.0,,79,95,-16
199611260GSW,RS,MIA,2593.0,,79,98,-19
199611260GSW,RS,MIA,2640.0,,79,100,-21
199611260GSW,RS,MIA,2659.0,,81,100,-19
199611260GSW,RS,MIA,2700.0,,81,101,-20
199611260GSW,RS,MIA,2700.0,,81,102,-21
199611260GSW,RS,MIA,2710.0,,84,102,-18
199611260GSW,RS,MIA,2747.0,,86,102,-16
199611260GSW,RS,MIA,2763.0,,86,104,-18
199611260GSW,RS,MIA,2829.0,,87,104,-17
199611260GSW,RS,MIA,2829.0,,88,104,-16
199611260GSW,RS,MIA,2843.0,F,88,107,-19
199611260GSW,RS,MIA,2858.0,,88,107,-19
199611280GSW,RS,NJN,0.0,,0,0,0
199611280GSW,RS,NJN,29.0,,0,2,-2
199611280GSW,RS,NJN,72.0,T,2,2,0
199611280GSW,RS,NJN,85.0,,2,4,-2
199611280GSW,RS,NJN,91.0,T,4,4,0
199611280GSW,RS,NJN,120.0,LC,6,4,2
199611280GSW,RS,NJN,151.0,,8,4,4
199611280GSW,RS,NJN,164.0,,8,5,3
199611280GSW,RS,NJN,164.0,,8,6,2
199611280GSW,RS,NJN,183.0,,9,6,3
199611280GSW,RS,NJN,183.0,,10,6,4
199611280GSW,RS,NJN,195.0,,10,8,2
199611280GSW,RS,NJN,204.0,,12,8,4
199611280GSW,RS,NJN,228.0,,12,10,2
199611280GSW,RS,NJN,228.0,,12,11,1
199611280GSW,RS,NJN,240.0,,13,11,2
199611280GSW,RS,NJN,277.0,,15,11,4
199611280GSW,RS,NJN,292.0,,15,13,2
199611280GSW,RS,NJN,308.0,,17,13,4
199611280GSW,RS,NJN,319.0,,17,14,3
199611280GSW,RS,NJN,319.0,,17,15,2
199611280GSW,RS,NJN,330.0,T,17,17,0
199611280GSW,RS,NJN,348.0,,20,17,3
199611280GSW,RS,NJN,363.0,,20,19,1
199611280GSW,RS,NJN,363.0,T,20,20,0
199611280GSW,RS,NJN,373.0,,21,20,1
199611280GSW,RS,NJN,373.0,,22,20,2
199611280GSW,RS,NJN,373.0,,23,20,3
199611280GSW,RS,NJN,390.0,,23,22,1
199611280GSW,RS,NJN,415.0,T,23,23,0
199611280GSW,RS,NJN,415.0,LC,23,24,-1
199611280GSW,RS,NJN,428.0,LC,26,24,2
199611280GSW,RS,NJN,485.0,T,26,26,0
199611280GSW,RS,NJN,517.0,LC,26,28,-2
199611280GSW,RS,NJN,538.0,T,28,28,0
199611280GSW,RS,NJN,538.0,LC,29,28,1
199611280GSW,RS,NJN,556.0,LC,29,30,-1
199611280GSW,RS,NJN,592.0,,29,31,-2
199611280GSW,RS,NJN,592.0,,29,32,-3
199611280GSW,RS,NJN,604.0,,30,32,-2
199611280GSW,RS,NJN,604.0,,31,32,-1
199611280GSW,RS,NJN,632.0,,31,34,-3
199611280GSW,RS,NJN,649.0,,33,34,-1
199611280GSW,RS,NJN,674.0,T,34,34,0
199611280GSW,RS,NJN,674.0,LC,35,34,1
199611280GSW,RS,NJN,674.0,,36,34,2
199611280GSW,RS,NJN,687.0,,37,34,3
199611280GSW,RS,NJN,715.0,,39,34,5
199611280GSW,RS,NJN,720.0,,39,36,3
199611280GSW,RS,NJN,745.0,,39,38,1
199611280GSW,RS,NJN,745.0,T,39,39,0
199611280GSW,RS,NJN,795.0,,41,39,2
199611280GSW,RS,NJN,842.0,,43,39,4
199611280GSW,RS,NJN,867.0,,43,40,3
199611280GSW,RS,NJN,867.0,,43,41,2
199611280GSW,RS,NJN,901.0,,45,41,4
199611280GSW,RS,NJN,908.0,,45,44,1
199611280GSW,RS,NJN,955.0,,48,44,4
199611280GSW,RS,NJN,977.0,,48,45,3
199611280GSW,RS,NJN,977.0,,48,46,2
199611280GSW,RS,NJN,1035.0,T,48,48,0
199611280GSW,RS,NJN,1056.0,,50,48,2
199611280GSW,RS,NJN,1067.0,T,50,50,0
199611280GSW,RS,NJN,1084.0,,52,50,2
199611280GSW,RS,NJN,1093.0,T,52,52,0
199611280GSW,RS,NJN,1115.0,,53,52,1
199611280GSW,RS,NJN,1115.0,,54,52,2
199611280GSW,RS,NJN,1144.0,,56,52,4
199611280GSW,RS,NJN,1144.0,,57,52,5
199611280GSW,RS,NJN,1167.0,,57,54,3
199611280GSW,RS,NJN,1183.0,,60,54,6
199611280GSW,RS,NJN,1202.0,,60,56,4
199611280GSW,RS,NJN,1208.0,,61,56,5
199611280GSW,RS,NJN,1208.0,,62,56,6
199611280GSW,RS,NJN,1258.0,,64,56,8
199611280GSW,RS,NJN,1274.0,,64,58,6
199611280GSW,RS,NJN,1295.0,,65,58,7
199611280GSW,RS,NJN,1295.0,,66,58,8
199611280GSW,RS,NJN,1306.0,,66,60,6
199611280GSW,RS,NJN,1319.0,,68,60,8
199611280GSW,RS,NJN,1345.0,,68,61,7
199611280GSW,RS,NJN,1345.0,,68,62,6
199611280GSW,RS,NJN,1377.0,,70,62,8
199611280GSW,RS,NJN,1390.0,,70,63,7
199611280GSW,RS,NJN,1390.0,,70,64,6
199611280GSW,RS,NJN,1409.0,,72,64,8
199611280GSW,RS,NJN,1465.0,,72,65,7
199611280GSW,RS,NJN,1498.0,,72,67,5
199611280GSW,RS,NJN,1532.0,,72,69,3
199611280GSW,RS,NJN,1565.0,,72,71,1
199611280GSW,RS,NJN,1580.0,,74,71,3
199611280GSW,RS,NJN,1601.0,,74,73,1
199611280GSW,RS,NJN,1634.0,,76,73,3
199611280GSW,RS,NJN,1660.0,,76,74,2
199611280GSW,RS,NJN,1660.0,,76,75,1
199611280GSW,RS,NJN,1694.0,LC,76,78,-2
199611280GSW,RS,NJN,1759.0,,76,80,-4
199611280GSW,RS,NJN,1772.0,,77,80,-3
199611280GSW,RS,NJN,1782.0,,77,82,-5
199611280GSW,RS,NJN,1800.0,,79,82,-3
199611280GSW,RS,NJN,1821.0,,79,85,-6
199611280GSW,RS,NJN,1879.0,,79,88,-9
199611280GSW,RS,NJN,1895.0,,81,88,-7
199611280GSW,RS,NJN,1927.0,,83,88,-5
199611280GSW,RS,NJN,1957.0,,84,88,-4
199611280GSW,RS,NJN,1957.0,,85,88,-3
199611280GSW,RS,NJN,1972.0,,85,89,-4
199611280GSW,RS,NJN,2020.0,,87,89,-2
199611280GSW,RS,NJN,2076.0,,87,90,-3
199611280GSW,RS,NJN,2076.0,,87,91,-4
199611280GSW,RS,NJN,2086.0,,88,91,-3
199611280GSW,RS,NJN,2086.0,,89,91,-2
199611280GSW,RS,NJN,2103.0,,89,93,-4
199611280GSW,RS,NJN,2132.0,,91,93,-2
199611280GSW,RS,NJN,2132.0,,91,94,-3
199611280GSW,RS,NJN,2132.0,,91,95,-4
199611280GSW,RS,NJN,2146.0,,92,95,-3
199611280GSW,RS,NJN,2148.0,,92,96,-4
199611280GSW,RS,NJN,2148.0,,92,97,-5
199611280GSW,RS,NJN,2200.0,,92,99,-7
199611280GSW,RS,NJN,2240.0,,92,100,-8
199611280GSW,RS,NJN,2240.0,,92,101,-9
199611280GSW,RS,NJN,2259.0,,95,101,-6
199611280GSW,RS,NJN,2292.0,,97,101,-4
199611280GSW,RS,NJN,2330.0,,99,101,-2
199611280GSW,RS,NJN,2356.0,T,101,101,0
199611280GSW,RS,NJN,2383.0,,101,103,-2
199611280GSW,RS,NJN,2397.0,,101,104,-3
199611280GSW,RS,NJN,2422.0,T,104,104,0
199611280GSW,RS,NJN,2473.0,,104,106,-2
199611280GSW,RS,NJN,2473.0,,104,107,-3
199611280GSW,RS,NJN,2506.0,,106,107,-1
199611280GSW,RS,NJN,2521.0,,106,108,-2
199611280GSW,RS,NJN,2521.0,,106,109,-3
199611280GSW,RS,NJN,2548.0,,108,109,-1
199611280GSW,RS,NJN,2622.0,LC,110,109,1
199611280GSW,RS,NJN,2688.0,LC,110,111,-1
199611280GSW,RS,NJN,2703.0,LC,112,111,1
199611280GSW,RS,NJN,2740.0,LC,112,113,-1
199611280GSW,RS,NJN,2762.0,T,113,113,0
199611280GSW,RS,NJN,2762.0,LC,114,113,1
199611280GSW,RS,NJN,2801.0,,115,113,2
199611280GSW,RS,NJN,2801.0,,116,113,3
199611280GSW,RS,NJN,2834.0,,118,113,5
199611280GSW,RS,NJN,2849.0,,118,114,4
199611280GSW,RS,NJN,2850.0,,119,114,5
199611280GSW,RS,NJN,2854.0,,119,117,2
199611280GSW,RS,NJN,2855.0,,120,117,3
199611280GSW,RS,NJN,2855.0,,121,117,4
199611280GSW,RS,NJN,2863.0,,121,118,3
199611280GSW,RS,NJN,2864.0,,122,118,4
199611280GSW,RS,NJN,2874.0,,123,118,5
199611280GSW,RS,NJN,2874.0,F,124,118,6
199611280GSW,RS,NJN,2880.0,,124,118,6
199611290POR,RS,POR,0.0,,0,0,0
199611290POR,RS,POR,15.0,,2,0,2
199611290POR,RS,POR,82.0,,3,0,3
199611290POR,RS,POR,116.0,,5,0,5
199611290POR,RS,POR,139.0,,5,3,2
199611290POR,RS,POR,193.0,,7,3,4
199611290POR,RS,POR,217.0,,7,5,2
199611290POR,RS,POR,228.0,,10,5,5
199611290POR,RS,POR,246.0,,10,7,3
199611290POR,RS,POR,259.0,,12,7,5
199611290POR,RS,POR,278.0,,14,7,7
199611290POR,RS,POR,297.0,,14,8,6
199611290POR,RS,POR,297.0,,14,9,5
199611290POR,RS,POR,326.0,,15,9,6
199611290POR,RS,POR,339.0,,15,12,3
199611290POR,RS,POR,373.0,,15,14,1
199611290POR,RS,POR,392.0,,17,14,3
199611290POR,RS,POR,410.0,,17,16,1
199611290POR,RS,POR,425.0,,19,16,3
199611290POR,RS,POR,456.0,,19,18,1
199611290POR,RS,POR,472.0,,21,18,3
199611290POR,RS,POR,509.0,,21,20,1
199611290POR,RS,POR,538.0,LC,21,22,-1
199611290POR,RS,POR,554.0,T,22,22,0
199611290POR,RS,POR,572.0,LC,23,22,1
199611290POR,RS,POR,572.0,,24,22,2
199611290POR,RS,POR,598.0,T,24,24,0
199611290POR,RS,POR,628.0,LC,24,26,-2
199611290POR,RS,POR,647.0,,24,28,-4
199611290POR,RS,POR,674.0,,26,28,-2
199611290POR,RS,POR,683.0,,26,29,-3
199611290POR,RS,POR,683.0,,26,30,-4
199611290POR,RS,POR,736.0,,26,32,-6
199611290POR,RS,POR,779.0,,26,35,-9
199611290POR,RS,POR,822.0,,26,37,-11
199611290POR,RS,POR,822.0,,26,38,-12
199611290POR,RS,POR,837.0,,29,38,-9
199611290POR,RS,POR,857.0,,29,40,-11
199611290POR,RS,POR,872.0,,31,40,-9
199611290POR,RS,POR,895.0,,31,41,-10
199611290POR,RS,POR,914.0,,33,41,-8
199611290POR,RS,POR,937.0,,33,43,-10
199611290POR,RS,POR,967.0,,33,46,-13
199611290POR,RS,POR,989.0,,33,47,-14
199611290POR,RS,POR,1016.0,,33,48,-15
199611290POR,RS,POR,1016.0,,33,49,-16
199611290POR,RS,POR,1050.0,,35,49,-14
199611290POR,RS,POR,1050.0,,36,49,-13
199611290POR,RS,POR,1083.0,,37,49,-12
199611290POR,RS,POR,1083.0,,38,49,-11
199611290POR,RS,POR,1098.0,,40,49,-9
199611290POR,RS,POR,1131.0,,41,49,-8
199611290POR,RS,POR,1131.0,,42,49,-7
199611290POR,RS,POR,1154.0,,42,50,-8
199611290POR,RS,POR,1154.0,,42,51,-9
199611290POR,RS,POR,1170.0,,44,51,-7
199611290POR,RS,POR,1192.0,,44,53,-9
199611290POR,RS,POR,1211.0,,46,53,-7
199611290POR,RS,POR,1232.0,,46,55,-9
199611290POR,RS,POR,1249.0,,47,55,-8
199611290POR,RS,POR,1249.0,,48,55,-7
199611290POR,RS,POR,1281.0,,49,55,-6
199611290POR,RS,POR,1281.0,,50,55,-5
199611290POR,RS,POR,1316.0,,52,55,-3
199611290POR,RS,POR,1336.0,,52,57,-5
199611290POR,RS,POR,1359.0,,53,57,-4
199611290POR,RS,POR,1359.0,,54,57,-3
199611290POR,RS,POR,1380.0,,55,57,-2
199611290POR,RS,POR,1380.0,,56,57,-1
199611290POR,RS,POR,1440.0,,56,58,-2
199611290POR,RS,POR,1440.0,,56,59,-3
199611290POR,RS,POR,1470.0,,56,61,-5
199611290POR,RS,POR,1516.0,,56,64,-8
199611290POR,RS,POR,1542.0,,56,66,-10
199611290POR,RS,POR,1561.0,,59,66,-7
199611290POR,RS,POR,1636.0,,62,66,-4
199611290POR,RS,POR,1660.0,,62,69,-7
199611290POR,RS,POR,1758.0,,64,69,-5
199611290POR,RS,POR,1772.0,,64,71,-7
199611290POR,RS,POR,1802.0,,64,72,-8
199611290POR,RS,POR,1836.0,,66,72,-6
199611290POR,RS,POR,1859.0,,66,74,-8
199611290POR,RS,POR,1870.0,,69,74,-5
199611290POR,RS,POR,1892.0,,69,77,-8
199611290POR,RS,POR,1920.0,,69,78,-9
199611290POR,RS,POR,1920.0,,69,79,-10
199611290POR,RS,POR,1932.0,,70,79,-9
199611290POR,RS,POR,1932.0,,71,79,-8
199611290POR,RS,POR,1964.0,,72,79,-7
199611290POR,RS,POR,1964.0,,73,79,-6
199611290POR,RS,POR,1976.0,,74,79,-5
199611290POR,RS,POR,1976.0,,75,79,-4
199611290POR,RS,POR,2010.0,,76,79,-3
199611290POR,RS,POR,2060.0,,76,82,-6
199611290POR,RS,POR,2095.0,,76,84,-8
199611290POR,RS,POR,2109.0,,78,84,-6
199611290POR,RS,POR,2126.0,,78,87,-9
199611290POR,RS,POR,2157.0,,78,89,-11
199611290POR,RS,POR,2189.0,,78,91,-13
199611290POR,RS,POR,2209.0,,80,91,-11
199611290POR,RS,POR,2250.0,,80,93,-13
199611290POR,RS,POR,2289.0,,80,95,-15
199611290POR,RS,POR,2315.0,,80,97,-17
199611290POR,RS,POR,2358.0,,80,99,-19
199611290POR,RS,POR,2401.0,,80,101,-21
199611290POR,RS,POR,2412.0,,82,101,-19
199611290POR,RS,POR,2435.0,,82,103,-21
199611290POR,RS,POR,2435.0,,82,104,-22
199611290POR,RS,POR,2445.0,,84,104,-20
199611290POR,RS,POR,2474.0,,84,105,-21
199611290POR,RS,POR,2474.0,,84,106,-22
199611290POR,RS,POR,2506.0,,86,106,-20
199611290POR,RS,POR,2531.0,,86,108,-22
199611290POR,RS,POR,2618.0,,86,110,-24
199611290POR,RS,POR,2683.0,,86,112,-26
199611290POR,RS,POR,2693.0,,87,112,-25
199611290POR,RS,POR,2693.0,,88,112,-24
199611290POR,RS,POR,2704.0,,88,114,-26
199611290POR,RS,POR,2756.0,,88,116,-28
199611290POR,RS,POR,2782.0,,89,116,-27
199611290POR,RS,POR,2802.0,,90,116,-26
199611290POR,RS,POR,2802.0,,91,116,-25
199611290POR,RS,POR,2834.0,,93,116,-23
199611290POR,RS,POR,2862.0,F,93,119,-26
199611290POR,RS,POR,2880.0,,93,119,-26
199612010GSW,RS,POR,0.0,,0,0,0
199612010GSW,RS,POR,59.0,,1,0,1
199612010GSW,RS,POR,59.0,,2,0,2
199612010GSW,RS,POR,85.0,,4,0,4
199612010GSW,RS,POR,149.0,,7,0,7
199612010GSW,RS,POR,239.0,,7,2,5
199612010GSW,RS,POR,265.0,,8,2,6
199612010GSW,RS,POR,265.0,,9,2,7
199612010GSW,RS,POR,299.0,,11,2,9
199612010GSW,RS,POR,339.0,,13,2,11
199612010GSW,RS,POR,367.0,,16,2,14
199612010GSW,RS,POR,390.0,,16,3,13
199612010GSW,RS,POR,390.0,,16,4,12
199612010GSW,RS,POR,402.0,,17,4,13
199612010GSW,RS,POR,439.0,,17,5,12
199612010GSW,RS,POR,439.0,,17,6,11
199612010GSW,RS,POR,439.0,,17,7,10
199612010GSW,RS,POR,447.0,,17,8,9
199612010GSW,RS,POR,471.0,,18,8,10
199612010GSW,RS,POR,471.0,,19,8,11
199612010GSW,RS,POR,525.0,,21,8,13
199612010GSW,RS,POR,544.0,,21,9,12
199612010GSW,RS,POR,544.0,,21,10,11
199612010GSW,RS,POR,637.0,,21,12,9
199612010GSW,RS,POR,678.0,,23,12,11
199612010GSW,RS,POR,706.0,,24,12,12
199612010GSW,RS,POR,706.0,,25,12,13
199612010GSW,RS,POR,719.0,,25,14,11
199612010GSW,RS,POR,739.0,,26,14,12
199612010GSW,RS,POR,753.0,,26,17,9
199612010GSW,RS,POR,804.0,,26,19,7
199612010GSW,RS,POR,826.0,,26,21,5
199612010GSW,RS,POR,862.0,,26,22,4
199612010GSW,RS,POR,862.0,,26,23,3
199612010GSW,RS,POR,883.0,,28,23,5
199612010GSW,RS,POR,931.0,,30,23,7
199612010GSW,RS,POR,1002.0,,30,25,5
199612010GSW,RS,POR,1041.0,,32,25,7
199612010GSW,RS,POR,1070.0,,33,25,8
199612010GSW,RS,POR,1070.0,,34,25,9
199612010GSW,RS,POR,1077.0,,35,25,10
199612010GSW,RS,POR,1131.0,,35,27,8
199612010GSW,RS,POR,1139.0,,37,27,10
199612010GSW,RS,POR,1171.0,,38,27,11
199612010GSW,RS,POR,1171.0,,39,27,12
199612010GSW,RS,POR,1174.0,,40,27,13
199612010GSW,RS,POR,1174.0,,41,27,14
199612010GSW,RS,POR,1207.0,,43,27,16
199612010GSW,RS,POR,1228.0,,44,27,17
199612010GSW,RS,POR,1264.0,,46,27,19
199612010GSW,RS,POR,1333.0,,48,27,21
199612010GSW,RS,POR,1384.0,,48,29,19
199612010GSW,RS,POR,1435.0,,51,29,22
199612010GSW,RS,POR,1440.0,,51,32,19
199612010GSW,RS,POR,1453.0,,52,32,20
199612010GSW,RS,POR,1453.0,,53,32,21
199612010GSW,RS,POR,1474.0,,56,32,24
199612010GSW,RS,POR,1488.0,,56,34,22
199612010GSW,RS,POR,1512.0,,58,34,24
199612010GSW,RS,POR,1532.0,,58,36,22
199612010GSW,RS,POR,1592.0,,61,36,25
199612010GSW,RS,POR,1599.0,,62,36,26
199612010GSW,RS,POR,1611.0,,64,36,28
199612010GSW,RS,POR,1633.0,,64,39,25
199612010GSW,RS,POR,1691.0,,66,39,27
199612010GSW,RS,POR,1744.0,,66,41,25
199612010GSW,RS,POR,1777.0,,68,41,27
199612010GSW,RS,POR,1825.0,,68,44,24
199612010GSW,RS,POR,1854.0,,68,47,21
199612010GSW,RS,POR,1887.0,,69,47,22
199612010GSW,RS,POR,1887.0,,70,47,23
199612010GSW,RS,POR,1975.0,,70,49,21
199612010GSW,RS,POR,2029.0,,72,49,23
199612010GSW,RS,POR,2073.0,,72,52,20
199612010GSW,RS,POR,2096.0,,74,52,22
199612010GSW,RS,POR,2186.0,,76,52,24
199612010GSW,RS,POR,2186.0,,77,52,25
199612010GSW,RS,POR,2267.0,,77,54,23
199612010GSW,RS,POR,2294.0,,80,54,26
199612010GSW,RS,POR,2348.0,,81,54,27
199612010GSW,RS,POR,2348.0,,82,54,28
199612010GSW,RS,POR,2364.0,,82,56,26
199612010GSW,RS,POR,2379.0,,83,56,27
199612010GSW,RS,POR,2418.0,,86,56,30
199612010GSW,RS,POR,2442.0,,88,56,32
199612010GSW,RS,POR,2511.0,,90,56,34
199612010GSW,RS,POR,2544.0,,90,58,32
199612010GSW,RS,POR,2593.0,,90,59,31
199612010GSW,RS,POR,2616.0,,90,60,30
199612010GSW,RS,POR,2616.0,,90,61,29
199612010GSW,RS,POR,2651.0,,90,64,26
199612010GSW,RS,POR,2728.0,,91,64,27
199612010GSW,RS,POR,2728.0,,92,64,28
199612010GSW,RS,POR,2768.0,,93,64,29
199612010GSW,RS,POR,2768.0,,94,64,30
199612010GSW,RS,POR,2777.0,,94,65,29
199612010GSW,RS,POR,2820.0,,95,65,30
199612010GSW,RS,POR,2820.0,,96,65,31
199612010GSW,RS,POR,2834.0,,96,67,29
199612010GSW,RS,POR,2845.0,,97,67,30
199612010GSW,RS,POR,2845.0,,98,67,31
199612010GSW,RS,POR,2853.0,F,98,70,28
199612010GSW,RS,POR,2880.0,,98,70,28
199612030GSW,RS,DEN,0.0,,0,0,0
199612030GSW,RS,DEN,16.0,,0,2,-2
199612030GSW,RS,DEN,27.0,T,2,2,0
199612030GSW,RS,DEN,51.0,,2,4,-2
199612030GSW,RS,DEN,66.0,T,4,4,0
199612030GSW,RS,DEN,98.0,LC,6,4,2
199612030GSW,RS,DEN,127.0,,9,4,5
199612030GSW,RS,DEN,193.0,,11,4,7
199612030GSW,RS,DEN,274.0,,11,6,5
199612030GSW,RS,DEN,285.0,,13,6,7
199612030GSW,RS,DEN,306.0,,13,9,4
199612030GSW,RS,DEN,324.0,,15,9,6
199612030GSW,RS,DEN,347.0,,15,11,4
199612030GSW,RS,DEN,397.0,,17,11,6
199612030GSW,RS,DEN,419.0,,17,14,3
199612030GSW,RS,DEN,441.0,,20,14,6
199612030GSW,RS,DEN,463.0,,22,14,8
199612030GSW,RS,DEN,486.0,,24,14,10
199612030GSW,RS,DEN,509.0,,24,16,8
199612030GSW,RS,DEN,523.0,,26,16,10
199612030GSW,RS,DEN,539.0,,26,17,9
199612030GSW,RS,DEN,570.0,,26,20,6
199612030GSW,RS,DEN,620.0,,28,20,8
199612030GSW,RS,DEN,645.0,,28,23,5
199612030GSW,RS,DEN,671.0,,30,23,7
199612030GSW,RS,DEN,671.0,,31,23,8
199612030GSW,RS,DEN,705.0,,31,25,6
199612030GSW,RS,DEN,769.0,,34,25,9
199612030GSW,RS,DEN,812.0,,34,28,6
199612030GSW,RS,DEN,843.0,,34,30,4
199612030GSW,RS,DEN,872.0,,36,30,6
199612030GSW,RS,DEN,919.0,,37,30,7
199612030GSW,RS,DEN,919.0,,38,30,8
199612030GSW,RS,DEN,962.0,,41,30,11
199612030GSW,RS,DEN,988.0,,41,31,10
199612030GSW,RS,DEN,1012.0,,41,33,8
199612030GSW,RS,DEN,1069.0,,43,33,10
199612030GSW,RS,DEN,1083.0,,43,36,7
199612030GSW,RS,DEN,1107.0,,45,36,9
199612030GSW,RS,DEN,1133.0,,45,38,7
199612030GSW,RS,DEN,1178.0,,48,38,10
199612030GSW,RS,DEN,1209.0,,49,38,11
199612030GSW,RS,DEN,1251.0,,51,38,13
199612030GSW,RS,DEN,1273.0,,51,40,11
199612030GSW,RS,DEN,1273.0,,51,41,10
199612030GSW,RS,DEN,1283.0,,53,41,12
199612030GSW,RS,DEN,1320.0,,53,43,10
199612030GSW,RS,DEN,1343.0,,55,43,12
199612030GSW,RS,DEN,1378.0,,57,43,14
199612030GSW,RS,DEN,1410.0,,57,45,12
199612030GSW,RS,DEN,1454.0,,59,45,14
199612030GSW,RS,DEN,1512.0,,59,46,13
199612030GSW,RS,DEN,1512.0,,59,47,12
199612030GSW,RS,DEN,1527.0,,61,47,14
199612030GSW,RS,DEN,1574.0,,61,50,11
199612030GSW,RS,DEN,1605.0,,61,52,9
199612030GSW,RS,DEN,1621.0,,63,52,11
199612030GSW,RS,DEN,1646.0,,65,52,13
199612030GSW,RS,DEN,1658.0,,65,55,10
199612030GSW,RS,DEN,1680.0,,67,55,12
199612030GSW,RS,DEN,1728.0,,67,57,10
199612030GSW,RS,DEN,1763.0,,67,59,8
199612030GSW,RS,DEN,1818.0,,69,59,10
199612030GSW,RS,DEN,1851.0,,69,61,8
199612030GSW,RS,DEN,1863.0,,70,61,9
199612030GSW,RS,DEN,1863.0,,71,61,10
199612030GSW,RS,DEN,1886.0,,73,61,12
199612030GSW,RS,DEN,1921.0,,75,61,14
199612030GSW,RS,DEN,1948.0,,75,62,13
199612030GSW,RS,DEN,1960.0,,76,62,14
199612030GSW,RS,DEN,1960.0,,77,62,15
199612030GSW,RS,DEN,1975.0,,77,64,13
199612030GSW,RS,DEN,1996.0,,78,64,14
199612030GSW,RS,DEN,1996.0,,79,64,15
199612030GSW,RS,DEN,2018.0,,79,67,12
199612030GSW,RS,DEN,2039.0,,81,67,14
199612030GSW,RS,DEN,2063.0,,83,67,16
199612030GSW,RS,DEN,2063.0,,84,67,17
199612030GSW,RS,DEN,2076.0,,84,69,15
199612030GSW,RS,DEN,2076.0,,84,70,14
199612030GSW,RS,DEN,2090.0,,86,70,16
199612030GSW,RS,DEN,2113.0,,87,70,17
199612030GSW,RS,DEN,2125.0,,87,71,16
199612030GSW,RS,DEN,2140.0,,89,71,18
199612030GSW,RS,DEN,2184.0,,89,73,16
199612030GSW,RS,DEN,2214.0,,91,73,18
199612030GSW,RS,DEN,2246.0,,94,73,21
199612030GSW,RS,DEN,2314.0,,95,73,22
199612030GSW,RS,DEN,2314.0,,96,73,23
199612030GSW,RS,DEN,2374.0,,96,76,20
199612030GSW,RS,DEN,2465.0,,96,78,18
199612030GSW,RS,DEN,2465.0,,96,79,17
199612030GSW,RS,DEN,2485.0,,96,81,15
199612030GSW,RS,DEN,2502.0,,98,81,17
199612030GSW,RS,DEN,2523.0,,99,81,18
199612030GSW,RS,DEN,2523.0,,100,81,19
199612030GSW,RS,DEN,2542.0,,100,82,18
199612030GSW,RS,DEN,2571.0,,100,84,16
199612030GSW,RS,DEN,2578.0,,101,84,17
199612030GSW,RS,DEN,2578.0,,102,84,18
199612030GSW,RS,DEN,2623.0,,102,85,17
199612030GSW,RS,DEN,2623.0,,102,86,16
199612030GSW,RS,DEN,2647.0,,102,88,14
199612030GSW,RS,DEN,2680.0,,103,88,15
199612030GSW,RS,DEN,2680.0,,104,88,16
199612030GSW,RS,DEN,2685.0,,104,91,13
199612030GSW,RS,DEN,2732.0,,106,91,15
199612030GSW,RS,DEN,2751.0,,106,93,13
199612030GSW,RS,DEN,2774.0,,108,93,15
199612030GSW,RS,DEN,2816.0,,108,95,13
199612030GSW,RS,DEN,2838.0,,110,95,15
199612030GSW,RS,DEN,2841.0,,110,96,14
199612030GSW,RS,DEN,2849.0,,111,96,15
199612030GSW,RS,DEN,2857.0,,111,99,12
199612030GSW,RS,DEN,2865.0,F,114,99,15
199612030GSW,RS,DEN,2880.0,,114,99,15
199612040PHO,RS,PHO,0.0,,0,0,0
199612040PHO,RS,PHO,16.0,,2,0,2
199612040PHO,RS,PHO,62.0,,4,0,4
199612040PHO,RS,PHO,86.0,,4,1,3
199612040PHO,RS,PHO,86.0,,4,2,2
199612040PHO,RS,PHO,102.0,,6,2,4
199612040PHO,RS,PHO,114.0,,6,4,2
199612040PHO,RS,PHO,125.0,,8,4,4
199612040PHO,RS,PHO,136.0,,8,6,2
199612040PHO,RS,PHO,155.0,,10,6,4
199612040PHO,RS,PHO,169.0,,10,9,1
199612040PHO,RS,PHO,198.0,LC,10,11,-1
199612040PHO,RS,PHO,230.0,,10,13,-3
199612040PHO,RS,PHO,253.0,,10,15,-5
199612040PHO,RS,PHO,334.0,,12,15,-3
199612040PHO,RS,PHO,348.0,,12,17,-5
199612040PHO,RS,PHO,374.0,,12,18,-6
199612040PHO,RS,PHO,374.0,,12,19,-7
199612040PHO,RS,PHO,415.0,,12,22,-10
199612040PHO,RS,PHO,448.0,,12,24,-12
199612040PHO,RS,PHO,470.0,,12,26,-14
199612040PHO,RS,PHO,509.0,,13,26,-13
199612040PHO,RS,PHO,538.0,,13,28,-15
199612040PHO,RS,PHO,538.0,,13,29,-16
199612040PHO,RS,PHO,581.0,,15,29,-14
199612040PHO,RS,PHO,598.0,,15,31,-16
199612040PHO,RS,PHO,636.0,,15,32,-17
199612040PHO,RS,PHO,636.0,,15,33,-18
199612040PHO,RS,PHO,693.0,,15,35,-20
199612040PHO,RS,PHO,712.0,,17,35,-18
199612040PHO,RS,PHO,717.0,,17,37,-20
199612040PHO,RS,PHO,756.0,,19,37,-18
199612040PHO,RS,PHO,799.0,,19,39,-20
199612040PHO,RS,PHO,824.0,,21,39,-18
199612040PHO,RS,PHO,890.0,,21,41,-20
199612040PHO,RS,PHO,959.0,,23,41,-18
199612040PHO,RS,PHO,977.0,,23,43,-20
199612040PHO,RS,PHO,1001.0,,23,45,-22
199612040PHO,RS,PHO,1024.0,,25,45,-20
199612040PHO,RS,PHO,1061.0,,25,46,-21
199612040PHO,RS,PHO,1061.0,,25,47,-22
199612040PHO,RS,PHO,1083.0,,25,49,-24
199612040PHO,RS,PHO,1106.0,,27,49,-22
199612040PHO,RS,PHO,1127.0,,27,50,-23
199612040PHO,RS,PHO,1127.0,,27,51,-24
199612040PHO,RS,PHO,1139.0,,29,51,-22
199612040PHO,RS,PHO,1139.0,,30,51,-21
199612040PHO,RS,PHO,1159.0,,30,54,-24
199612040PHO,RS,PHO,1196.0,,31,54,-23
199612040PHO,RS,PHO,1206.0,,31,56,-25
199612040PHO,RS,PHO,1232.0,,31,58,-27
199612040PHO,RS,PHO,1264.0,,33,58,-25
199612040PHO,RS,PHO,1277.0,,33,60,-27
199612040PHO,RS,PHO,1306.0,,33,63,-30
199612040PHO,RS,PHO,1354.0,,34,63,-29
199612040PHO,RS,PHO,1354.0,,35,63,-28
199612040PHO,RS,PHO,1368.0,,35,64,-29
199612040PHO,RS,PHO,1383.0,,35,65,-30
199612040PHO,RS,PHO,1383.0,,35,66,-31
199612040PHO,RS,PHO,1404.0,,37,66,-29
199612040PHO,RS,PHO,1418.0,,39,66,-27
199612040PHO,RS,PHO,1454.0,,39,68,-29
199612040PHO,RS,PHO,1522.0,,39,69,-30
199612040PHO,RS,PHO,1522.0,,39,70,-31
199612040PHO,RS,PHO,1538.0,,41,70,-29
199612040PHO,RS,PHO,1616.0,,42,70,-28
199612040PHO,RS,PHO,1616.0,,43,70,-27
199612040PHO,RS,PHO,1638.0,,44,70,-26
199612040PHO,RS,PHO,1638.0,,45,70,-25
199612040PHO,RS,PHO,1700.0,,45,71,-26
199612040PHO,RS,PHO,1700.0,,45,72,-27
199612040PHO,RS,PHO,1707.0,,47,72,-25
199612040PHO,RS,PHO,1724.0,,47,74,-27
199612040PHO,RS,PHO,1736.0,,49,74,-25
199612040PHO,RS,PHO,1751.0,,49,75,-26
199612040PHO,RS,PHO,1764.0,,51,75,-24
199612040PHO,RS,PHO,1781.0,,51,77,-26
199612040PHO,RS,PHO,1819.0,,51,79,-28
199612040PHO,RS,PHO,1833.0,,53,79,-26
199612040PHO,RS,PHO,1833.0,,54,79,-25
199612040PHO,RS,PHO,1858.0,,54,80,-26
199612040PHO,RS,PHO,1858.0,,54,81,-27
199612040PHO,RS,PHO,1871.0,,56,81,-25
199612040PHO,RS,PHO,1884.0,,56,82,-26
199612040PHO,RS,PHO,1884.0,,56,83,-27
199612040PHO,RS,PHO,1897.0,,57,83,-26
199612040PHO,RS,PHO,1897.0,,58,83,-25
199612040PHO,RS,PHO,1917.0,,58,85,-27
199612040PHO,RS,PHO,1932.0,,61,85,-24
199612040PHO,RS,PHO,1950.0,,61,86,-25
199612040PHO,RS,PHO,1963.0,,63,86,-23
199612040PHO,RS,PHO,1986.0,,64,86,-22
199612040PHO,RS,PHO,1986.0,,65,86,-21
199612040PHO,RS,PHO,1999.0,,65,88,-23
199612040PHO,RS,PHO,2019.0,,66,88,-22
199612040PHO,RS,PHO,2019.0,,67,88,-21
199612040PHO,RS,PHO,2036.0,,67,89,-22
199612040PHO,RS,PHO,2036.0,,67,90,-23
199612040PHO,RS,PHO,2072.0,,67,92,-25
199612040PHO,RS,PHO,2093.0,,68,92,-24
199612040PHO,RS,PHO,2093.0,,69,92,-23
199612040PHO,RS,PHO,2114.0,,71,92,-21
199612040PHO,RS,PHO,2114.0,,72,92,-20
199612040PHO,RS,PHO,2128.0,,72,94,-22
199612040PHO,RS,PHO,2137.0,,73,94,-21
199612040PHO,RS,PHO,2137.0,,74,94,-20
199612040PHO,RS,PHO,2160.0,,75,94,-19
199612040PHO,RS,PHO,2160.0,,76,94,-18
199612040PHO,RS,PHO,2182.0,,76,96,-20
199612040PHO,RS,PHO,2238.0,,78,96,-18
199612040PHO,RS,PHO,2331.0,,78,97,-19
199612040PHO,RS,PHO,2331.0,,78,98,-20
199612040PHO,RS,PHO,2414.0,,78,100,-22
199612040PHO,RS,PHO,2441.0,,80,100,-20
199612040PHO,RS,PHO,2459.0,,80,102,-22
199612040PHO,RS,PHO,2484.0,,82,102,-20
199612040PHO,RS,PHO,2557.0,,84,102,-18
199612040PHO,RS,PHO,2579.0,,84,104,-20
199612040PHO,RS,PHO,2616.0,,84,107,-23
199612040PHO,RS,PHO,2654.0,,84,109,-25
199612040PHO,RS,PHO,2708.0,,84,111,-27
199612040PHO,RS,PHO,2723.0,,84,112,-28
199612040PHO,RS,PHO,2723.0,,84,113,-29
199612040PHO,RS,PHO,2751.0,,86,113,-27
199612040PHO,RS,PHO,2810.0,,86,116,-30
199612040PHO,RS,PHO,2830.0,,87,116,-29
199612040PHO,RS,PHO,2846.0,F,87,118,-31
199612040PHO,RS,PHO,2862.0,,87,118,-31
199612060GSW,RS,IND,0.0,,0,0,0
199612060GSW,RS,IND,82.0,,2,0,2
199612060GSW,RS,IND,102.0,T,2,2,0
199612060GSW,RS,IND,140.0,,3,2,1
199612060GSW,RS,IND,140.0,,4,2,2
199612060GSW,RS,IND,157.0,T,4,4,0
199612060GSW,RS,IND,188.0,LC,4,5,-1
199612060GSW,RS,IND,188.0,,4,6,-2
199612060GSW,RS,IND,262.0,,4,8,-4
199612060GSW,RS,IND,278.0,,6,8,-2
199612060GSW,RS,IND,319.0,,7,8,-1
199612060GSW,RS,IND,333.0,,7,10,-3
199612060GSW,RS,IND,344.0,,9,10,-1
199612060GSW,RS,IND,362.0,T,10,10,0
199612060GSW,RS,IND,411.0,,10,12,-2
199612060GSW,RS,IND,433.0,T,12,12,0
199612060GSW,RS,IND,463.0,LC,14,12,2
199612060GSW,RS,IND,476.0,T,14,14,0
199612060GSW,RS,IND,518.0,LC,14,16,-2
199612060GSW,RS,IND,571.0,,14,18,-4
199612060GSW,RS,IND,618.0,,16,18,-2
199612060GSW,RS,IND,638.0,,17,18,-1
199612060GSW,RS,IND,670.0,T,18,18,0
199612060GSW,RS,IND,684.0,LC,20,18,2
199612060GSW,RS,IND,695.0,T,20,20,0
199612060GSW,RS,IND,718.0,,22,20,2
199612060GSW,RS,IND,720.0,LC,22,23,-1
199612060GSW,RS,IND,753.0,LC,24,23,1
199612060GSW,RS,IND,769.0,LC,24,25,-1
199612060GSW,RS,IND,788.0,LC,26,25,1
199612060GSW,RS,IND,811.0,LC,26,27,-1
199612060GSW,RS,IND,851.0,LC,28,27,1
199612060GSW,RS,IND,866.0,LC,28,30,-2
199612060GSW,RS,IND,892.0,,28,32,-4
199612060GSW,RS,IND,915.0,,30,32,-2
199612060GSW,RS,IND,935.0,,30,34,-4
199612060GSW,RS,IND,953.0,,31,34,-3
199612060GSW,RS,IND,953.0,,32,34,-2
199612060GSW,RS,IND,1008.0,T,34,34,0
199612060GSW,RS,IND,1039.0,,34,35,-1
199612060GSW,RS,IND,1061.0,T,35,35,0
199612060GSW,RS,IND,1061.0,LC,36,35,1
199612060GSW,RS,IND,1135.0,,37,35,2
199612060GSW,RS,IND,1135.0,,38,35,3
199612060GSW,RS,IND,1192.0,T,38,38,0
199612060GSW,RS,IND,1225.0,LC,38,40,-2
199612060GSW,RS,IND,1265.0,,39,40,-1
199612060GSW,RS,IND,1286.0,,39,42,-3
199612060GSW,RS,IND,1334.0,,39,44,-5
199612060GSW,RS,IND,1365.0,,39,46,-7
199612060GSW,RS,IND,1385.0,,41,46,-5
199612060GSW,RS,IND,1399.0,,41,47,-6
199612060GSW,RS,IND,1399.0,,41,48,-7
199612060GSW,RS,IND,1445.0,,41,50,-9
199612060GSW,RS,IND,1489.0,,41,52,-11
199612060GSW,RS,IND,1500.0,,42,52,-10
199612060GSW,RS,IND,1592.0,,42,54,-12
199612060GSW,RS,IND,1611.0,,43,54,-11
199612060GSW,RS,IND,1611.0,,44,54,-10
199612060GSW,RS,IND,1624.0,,46,54,-8
199612060GSW,RS,IND,1652.0,,48,54,-6
199612060GSW,RS,IND,1728.0,,48,55,-7
199612060GSW,RS,IND,1765.0,,48,57,-9
199612060GSW,RS,IND,1802.0,,48,59,-11
199612060GSW,RS,IND,1813.0,,50,59,-9
199612060GSW,RS,IND,1852.0,,50,61,-11
199612060GSW,RS,IND,1852.0,,50,62,-12
199612060GSW,RS,IND,1876.0,,50,64,-14
199612060GSW,RS,IND,1921.0,,51,64,-13
199612060GSW,RS,IND,1921.0,,52,64,-12
199612060GSW,RS,IND,1938.0,,52,65,-13
199612060GSW,RS,IND,1938.0,,52,66,-14
199612060GSW,RS,IND,1992.0,,54,66,-12
199612060GSW,RS,IND,2035.0,,56,66,-10
199612060GSW,RS,IND,2093.0,,56,68,-12
199612060GSW,RS,IND,2093.0,,56,69,-13
199612060GSW,RS,IND,2121.0,,56,71,-15
199612060GSW,RS,IND,2145.0,,56,73,-17
199612060GSW,RS,IND,2258.0,,57,73,-16
199612060GSW,RS,IND,2258.0,,58,73,-15
199612060GSW,RS,IND,2395.0,,58,74,-16
199612060GSW,RS,IND,2457.0,,58,76,-18
199612060GSW,RS,IND,2517.0,,58,78,-20
199612060GSW,RS,IND,2533.0,,60,78,-18
199612060GSW,RS,IND,2566.0,,61,78,-17
199612060GSW,RS,IND,2566.0,,62,78,-16
199612060GSW,RS,IND,2584.0,,62,80,-18
199612060GSW,RS,IND,2602.0,,64,80,-16
199612060GSW,RS,IND,2686.0,,66,80,-14
199612060GSW,RS,IND,2725.0,,66,81,-15
199612060GSW,RS,IND,2725.0,,66,82,-16
199612060GSW,RS,IND,2751.0,,68,82,-14
199612060GSW,RS,IND,2767.0,,70,82,-12
199612060GSW,RS,IND,2807.0,,70,84,-14
199612060GSW,RS,IND,2825.0,F,71,84,-13
199612060GSW,RS,IND,2877.0,,71,86,-15
199612080GSW,RS,SAS,0.0,,0,0,0
199612080GSW,RS,SAS,21.0,,2,0,2
199612080GSW,RS,SAS,33.0,T,2,2,0
199612080GSW,RS,SAS,61.0,,4,2,2
199612080GSW,RS,SAS,83.0,T,4,4,0
199612080GSW,RS,SAS,102.0,,6,4,2
199612080GSW,RS,SAS,119.0,T,6,6,0
199612080GSW,RS,SAS,175.0,LC,6,8,-2
199612080GSW,RS,SAS,215.0,,6,10,-4
199612080GSW,RS,SAS,229.0,,9,10,-1
199612080GSW,RS,SAS,244.0,,9,12,-3
199612080GSW,RS,SAS,302.0,,9,13,-4
199612080GSW,RS,SAS,302.0,,9,14,-5
199612080GSW,RS,SAS,322.0,,11,14,-3
199612080GSW,RS,SAS,342.0,,13,14,-1
199612080GSW,RS,SAS,365.0,LC,15,14,1
199612080GSW,RS,SAS,386.0,LC,15,16,-1
199612080GSW,RS,SAS,406.0,LC,17,16,1
199612080GSW,RS,SAS,443.0,T,17,17,0
199612080GSW,RS,SAS,443.0,LC,17,18,-1
199612080GSW,RS,SAS,452.0,LC,19,18,1
199612080GSW,RS,SAS,476.0,,21,18,3
199612080GSW,RS,SAS,505.0,,21,19,2
199612080GSW,RS,SAS,563.0,T,21,21,0
199612080GSW,RS,SAS,582.0,,23,21,2
199612080GSW,RS,SAS,596.0,,23,22,1
199612080GSW,RS,SAS,616.0,,26,22,4
199612080GSW,RS,SAS,645.0,,28,22,6
199612080GSW,RS,SAS,665.0,,28,24,4
199612080GSW,RS,SAS,693.0,,28,26,2
199612080GSW,RS,SAS,714.0,,31,26,5
199612080GSW,RS,SAS,764.0,,31,27,4
199612080GSW,RS,SAS,817.0,,31,29,2
199612080GSW,RS,SAS,860.0,T,31,31,0
199612080GSW,RS,SAS,887.0,,34,31,3
199612080GSW,RS,SAS,911.0,,34,33,1
199612080GSW,RS,SAS,921.0,,36,33,3
199612080GSW,RS,SAS,940.0,,36,35,1
199612080GSW,RS,SAS,973.0,LC,36,37,-1
199612080GSW,RS,SAS,973.0,,36,38,-2
199612080GSW,RS,SAS,993.0,LC,39,38,1
199612080GSW,RS,SAS,1010.0,LC,39,40,-1
199612080GSW,RS,SAS,1058.0,LC,41,40,1
199612080GSW,RS,SAS,1079.0,,42,40,2
199612080GSW,RS,SAS,1079.0,,43,40,3
199612080GSW,RS,SAS,1099.0,,43,42,1
199612080GSW,RS,SAS,1122.0,,45,42,3
199612080GSW,RS,SAS,1145.0,,47,42,5
199612080GSW,RS,SAS,1213.0,,49,42,7
199612080GSW,RS,SAS,1242.0,,49,44,5
199612080GSW,RS,SAS,1260.0,,51,44,7
199612080GSW,RS,SAS,1274.0,,51,46,5
199612080GSW,RS,SAS,1289.0,,53,46,7
199612080GSW,RS,SAS,1343.0,,55,46,9
199612080GSW,RS,SAS,1361.0,,55,48,7
199612080GSW,RS,SAS,1462.0,,55,50,5
199612080GSW,RS,SAS,1485.0,,57,50,7
199612080GSW,RS,SAS,1541.0,,59,50,9
199612080GSW,RS,SAS,1558.0,,59,52,7
199612080GSW,RS,SAS,1579.0,,62,52,10
199612080GSW,RS,SAS,1622.0,,64,52,12
199612080GSW,RS,SAS,1675.0,,65,52,13
199612080GSW,RS,SAS,1675.0,,66,52,14
199612080GSW,RS,SAS,1695.0,,66,55,11
199612080GSW,RS,SAS,1711.0,,68,55,13
199612080GSW,RS,SAS,1753.0,,68,57,11
199612080GSW,RS,SAS,1775.0,,70,57,13
199612080GSW,RS,SAS,1798.0,,72,57,15
199612080GSW,RS,SAS,1820.0,,72,58,14
199612080GSW,RS,SAS,1820.0,,72,59,13
199612080GSW,RS,SAS,1834.0,,74,59,15
199612080GSW,RS,SAS,1876.0,,76,59,17
199612080GSW,RS,SAS,1893.0,,76,60,16
199612080GSW,RS,SAS,1948.0,,78,60,18
199612080GSW,RS,SAS,2033.0,,80,60,20
199612080GSW,RS,SAS,2054.0,,80,61,19
199612080GSW,RS,SAS,2065.0,,82,61,21
199612080GSW,RS,SAS,2111.0,,82,62,20
199612080GSW,RS,SAS,2111.0,,82,63,19
199612080GSW,RS,SAS,2153.0,,83,63,20
199612080GSW,RS,SAS,2153.0,,84,63,21
199612080GSW,RS,SAS,2160.0,,86,63,23
199612080GSW,RS,SAS,2179.0,,88,63,25
199612080GSW,RS,SAS,2192.0,,88,64,24
199612080GSW,RS,SAS,2256.0,,89,64,25
199612080GSW,RS,SAS,2256.0,,90,64,26
199612080GSW,RS,SAS,2276.0,,90,65,25
199612080GSW,RS,SAS,2296.0,,91,65,26
199612080GSW,RS,SAS,2296.0,,92,65,27
199612080GSW,RS,SAS,2307.0,,92,67,25
199612080GSW,RS,SAS,2383.0,,93,67,26
199612080GSW,RS,SAS,2399.0,,95,67,28
199612080GSW,RS,SAS,2410.0,,95,68,27
199612080GSW,RS,SAS,2410.0,,95,69,26
199612080GSW,RS,SAS,2429.0,,95,71,24
199612080GSW,RS,SAS,2453.0,,95,72,23
199612080GSW,RS,SAS,2481.0,,98,72,26
199612080GSW,RS,SAS,2505.0,,98,74,24
199612080GSW,RS,SAS,2520.0,,100,74,26
199612080GSW,RS,SAS,2573.0,,100,77,23
199612080GSW,RS,SAS,2589.0,,101,77,24
199612080GSW,RS,SAS,2589.0,,102,77,25
199612080GSW,RS,SAS,2623.0,,104,77,27
199612080GSW,RS,SAS,2639.0,,104,78,26
199612080GSW,RS,SAS,2639.0,,104,79,25
199612080GSW,RS,SAS,2665.0,,104,80,24
199612080GSW,RS,SAS,2665.0,,104,81,23
199612080GSW,RS,SAS,2683.0,,107,81,26
199612080GSW,RS,SAS,2704.0,,107,83,24
199612080GSW,RS,SAS,2723.0,,110,83,27
199612080GSW,RS,SAS,2773.0,,112,83,29
199612080GSW,RS,SAS,2787.0,,112,85,27
199612080GSW,RS,SAS,2827.0,,112,87,25
199612080GSW,RS,SAS,2861.0,,112,88,24
199612080GSW,RS,SAS,2878.0,F,114,88,26
199612080GSW,RS,SAS,2880.0,,114,88,26
199612100TOR,RS,TOR,0.0,,0,0,0
199612100TOR,RS,TOR,10.0,,0,2,-2
199612100TOR,RS,TOR,52.0,,0,4,-4
199612100TOR,RS,TOR,53.0,,2,4,-2
199612100TOR,RS,TOR,64.0,,2,5,-3
199612100TOR,RS,TOR,64.0,,2,6,-4
199612100TOR,RS,TOR,93.0,,2,8,-6
199612100TOR,RS,TOR,115.0,,4,8,-4
199612100TOR,RS,TOR,128.0,,4,10,-6
199612100TOR,RS,TOR,143.0,,6,10,-4
199612100TOR,RS,TOR,171.0,,6,12,-6
199612100TOR,RS,TOR,171.0,,6,13,-7
199612100TOR,RS,TOR,184.0,,8,13,-5
199612100TOR,RS,TOR,245.0,,10,13,-3
199612100TOR,RS,TOR,264.0,,10,14,-4
199612100TOR,RS,TOR,264.0,,10,15,-5
199612100TOR,RS,TOR,304.0,,12,15,-3
199612100TOR,RS,TOR,334.0,,14,15,-1
199612100TOR,RS,TOR,362.0,LC,16,15,1
199612100TOR,RS,TOR,411.0,LC,16,17,-1
199612100TOR,RS,TOR,451.0,,16,19,-3
199612100TOR,RS,TOR,478.0,,18,19,-1
199612100TOR,RS,TOR,505.0,,18,21,-3
199612100TOR,RS,TOR,558.0,,19,21,-2
199612100TOR,RS,TOR,573.0,,19,23,-4
199612100TOR,RS,TOR,592.0,,21,23,-2
199612100TOR,RS,TOR,592.0,,22,23,-1
199612100TOR,RS,TOR,609.0,,22,25,-3
199612100TOR,RS,TOR,638.0,,24,25,-1
199612100TOR,RS,TOR,652.0,,24,27,-3
199612100TOR,RS,TOR,717.0,,26,27,-1
199612100TOR,RS,TOR,802.0,,26,29,-3
199612100TOR,RS,TOR,852.0,,27,29,-2
199612100TOR,RS,TOR,864.0,,27,30,-3
199612100TOR,RS,TOR,864.0,,27,31,-4
199612100TOR,RS,TOR,871.0,,27,33,-6
199612100TOR,RS,TOR,897.0,,27,36,-9
199612100TOR,RS,TOR,972.0,,27,38,-11
199612100TOR,RS,TOR,982.0,,29,38,-9
199612100TOR,RS,TOR,1006.0,,31,38,-7
199612100TOR,RS,TOR,1006.0,,32,38,-6
199612100TOR,RS,TOR,1044.0,,34,38,-4
199612100TOR,RS,TOR,1077.0,,34,40,-6
199612100TOR,RS,TOR,1120.0,,37,40,-3
199612100TOR,RS,TOR,1179.0,,38,40,-2
199612100TOR,RS,TOR,1245.0,,39,40,-1
199612100TOR,RS,TOR,1245.0,T,40,40,0
199612100TOR,RS,TOR,1270.0,,40,42,-2
199612100TOR,RS,TOR,1282.0,,41,42,-1
199612100TOR,RS,TOR,1282.0,T,42,42,0
199612100TOR,RS,TOR,1324.0,LC,44,42,2
199612100TOR,RS,TOR,1362.0,,46,42,4
199612100TOR,RS,TOR,1407.0,,48,42,6
199612100TOR,RS,TOR,1432.0,,50,42,8
199612100TOR,RS,TOR,1440.0,,50,44,6
199612100TOR,RS,TOR,1452.0,,52,44,8
199612100TOR,RS,TOR,1531.0,,54,44,10
199612100TOR,RS,TOR,1569.0,,55,44,11
199612100TOR,RS,TOR,1569.0,,56,44,12
199612100TOR,RS,TOR,1600.0,,58,44,14
199612100TOR,RS,TOR,1600.0,,59,44,15
199612100TOR,RS,TOR,1622.0,,59,46,13
199612100TOR,RS,TOR,1685.0,,61,46,15
199612100TOR,RS,TOR,1685.0,,62,46,16
199612100TOR,RS,TOR,1706.0,,62,49,13
199612100TOR,RS,TOR,1720.0,,63,49,14
199612100TOR,RS,TOR,1720.0,,64,49,15
199612100TOR,RS,TOR,1737.0,,64,51,13
199612100TOR,RS,TOR,1753.0,,67,51,16
199612100TOR,RS,TOR,1773.0,,69,51,18
199612100TOR,RS,TOR,1829.0,,70,51,19
199612100TOR,RS,TOR,1851.0,,70,54,16
199612100TOR,RS,TOR,1899.0,,70,57,13
199612100TOR,RS,TOR,1937.0,,73,57,16
199612100TOR,RS,TOR,1985.0,,74,57,17
199612100TOR,RS,TOR,2015.0,,76,57,19
199612100TOR,RS,TOR,2128.0,,77,57,20
199612100TOR,RS,TOR,2128.0,,78,57,21
199612100TOR,RS,TOR,2144.0,,78,59,19
199612100TOR,RS,TOR,2176.0,,78,61,17
199612100TOR,RS,TOR,2203.0,,78,62,16
199612100TOR,RS,TOR,2230.0,,78,64,14
199612100TOR,RS,TOR,2247.0,,78,65,13
199612100TOR,RS,TOR,2266.0,,78,67,11
199612100TOR,RS,TOR,2277.0,,78,69,9
199612100TOR,RS,TOR,2343.0,,78,71,7
199612100TOR,RS,TOR,2352.0,,80,71,9
199612100TOR,RS,TOR,2352.0,,81,71,10
199612100TOR,RS,TOR,2364.0,,81,73,8
199612100TOR,RS,TOR,2378.0,,83,73,10
199612100TOR,RS,TOR,2446.0,,84,73,11
199612100TOR,RS,TOR,2446.0,,85,73,12
199612100TOR,RS,TOR,2458.0,,85,75,10
199612100TOR,RS,TOR,2474.0,,86,75,11
199612100TOR,RS,TOR,2488.0,,86,77,9
199612100TOR,RS,TOR,2505.0,,88,77,11
199612100TOR,RS,TOR,2550.0,,88,79,9
199612100TOR,RS,TOR,2555.0,,89,79,10
199612100TOR,RS,TOR,2555.0,,90,79,11
199612100TOR,RS,TOR,2642.0,,92,79,13
199612100TOR,RS,TOR,2642.0,,93,79,14
199612100TOR,RS,TOR,2709.0,,94,79,15
199612100TOR,RS,TOR,2709.0,,95,79,16
199612100TOR,RS,TOR,2721.0,,95,81,14
199612100TOR,RS,TOR,2737.0,,95,83,12
199612100TOR,RS,TOR,2759.0,,96,83,13
199612100TOR,RS,TOR,2759.0,,97,83,14
199612100TOR,RS,TOR,2768.0,,97,85,12
199612100TOR,RS,TOR,2769.0,,98,85,13
199612100TOR,RS,TOR,2769.0,,99,85,14
199612100TOR,RS,TOR,2779.0,,99,86,13
199612100TOR,RS,TOR,2779.0,,99,87,12
199612100TOR,RS,TOR,2822.0,,101,87,14
199612100TOR,RS,TOR,2833.0,,101,88,13
199612100TOR,RS,TOR,2833.0,F,101,89,12
199612100TOR,RS,TOR,2866.0,,101,91,10
199612120NYK,RS,NYK,0.0,,0,0,0
199612120NYK,RS,NYK,61.0,,2,0,2
199612120NYK,RS,NYK,68.0,T,2,2,0
199612120NYK,RS,NYK,86.0,,4,2,2
199612120NYK,RS,NYK,100.0,LC,4,5,-1
199612120NYK,RS,NYK,141.0,LC,6,5,1
199612120NYK,RS,NYK,184.0,LC,6,8,-2
199612120NYK,RS,NYK,237.0,T,8,8,0
199612120NYK,RS,NYK,311.0,,8,10,-2
199612120NYK,RS,NYK,325.0,LC,11,10,1
199612120NYK,RS,NYK,373.0,LC,11,12,-1
199612120NYK,RS,NYK,451.0,LC,13,12,1
199612120NYK,RS,NYK,470.0,LC,13,14,-1
199612120NYK,RS,NYK,504.0,LC,15,14,1
199612120NYK,RS,NYK,519.0,LC,15,16,-1
199612120NYK,RS,NYK,538.0,T,16,16,0
199612120NYK,RS,NYK,538.0,LC,17,16,1
199612120NYK,RS,NYK,568.0,,19,16,3
199612120NYK,RS,NYK,602.0,,22,16,6
199612120NYK,RS,NYK,619.0,,22,19,3
199612120NYK,RS,NYK,641.0,,24,19,5
199612120NYK,RS,NYK,661.0,,24,21,3
199612120NYK,RS,NYK,685.0,,24,23,1
199612120NYK,RS,NYK,712.0,LC,24,25,-1
199612120NYK,RS,NYK,718.0,LC,26,25,1
199612120NYK,RS,NYK,733.0,LC,26,27,-1
199612120NYK,RS,NYK,774.0,,26,28,-2
199612120NYK,RS,NYK,784.0,,27,28,-1
199612120NYK,RS,NYK,891.0,LC,29,28,1
199612120NYK,RS,NYK,994.0,LC,29,30,-1
199612120NYK,RS,NYK,1023.0,,29,33,-4
199612120NYK,RS,NYK,1039.0,,32,33,-1
199612120NYK,RS,NYK,1079.0,LC,34,33,1
199612120NYK,RS,NYK,1100.0,LC,34,36,-2
199612120NYK,RS,NYK,1128.0,,34,38,-4
199612120NYK,RS,NYK,1171.0,,34,40,-6
199612120NYK,RS,NYK,1171.0,,34,41,-7
199612120NYK,RS,NYK,1208.0,,35,41,-6
199612120NYK,RS,NYK,1257.0,,37,41,-4
199612120NYK,RS,NYK,1333.0,,37,42,-5
199612120NYK,RS,NYK,1333.0,,37,43,-6
199612120NYK,RS,NYK,1344.0,,38,43,-5
199612120NYK,RS,NYK,1344.0,,39,43,-4
199612120NYK,RS,NYK,1383.0,,39,44,-5
199612120NYK,RS,NYK,1383.0,,39,45,-6
199612120NYK,RS,NYK,1399.0,,41,45,-4
199612120NYK,RS,NYK,1417.0,,41,46,-5
199612120NYK,RS,NYK,1449.0,,41,49,-8
199612120NYK,RS,NYK,1524.0,,43,49,-6
199612120NYK,RS,NYK,1537.0,,43,51,-8
199612120NYK,RS,NYK,1550.0,,46,51,-5
199612120NYK,RS,NYK,1692.0,,46,53,-7
199612120NYK,RS,NYK,1733.0,,49,53,-4
199612120NYK,RS,NYK,1767.0,,49,56,-7
199612120NYK,RS,NYK,1785.0,,49,58,-9
199612120NYK,RS,NYK,1809.0,,49,60,-11
199612120NYK,RS,NYK,1854.0,,49,62,-13
199612120NYK,RS,NYK,1881.0,,50,62,-12
199612120NYK,RS,NYK,1881.0,,51,62,-11
199612120NYK,RS,NYK,1897.0,,51,64,-13
199612120NYK,RS,NYK,1913.0,,53,64,-11
199612120NYK,RS,NYK,1935.0,,53,66,-13
199612120NYK,RS,NYK,1949.0,,55,66,-11
199612120NYK,RS,NYK,1988.0,,55,68,-13
199612120NYK,RS,NYK,2008.0,,55,70,-15
199612120NYK,RS,NYK,2040.0,,55,72,-17
199612120NYK,RS,NYK,2078.0,,55,74,-19
199612120NYK,RS,NYK,2105.0,,57,74,-17
199612120NYK,RS,NYK,2119.0,,57,76,-19
199612120NYK,RS,NYK,2128.0,,59,76,-17
199612120NYK,RS,NYK,2206.0,,59,78,-19
199612120NYK,RS,NYK,2232.0,,60,78,-18
199612120NYK,RS,NYK,2232.0,,61,78,-17
199612120NYK,RS,NYK,2251.0,,61,81,-20
199612120NYK,RS,NYK,2446.0,,61,83,-22
199612120NYK,RS,NYK,2467.0,,64,83,-19
199612120NYK,RS,NYK,2549.0,,64,85,-21
199612120NYK,RS,NYK,2566.0,,64,87,-23
199612120NYK,RS,NYK,2591.0,,66,87,-21
199612120NYK,RS,NYK,2613.0,,68,87,-19
199612120NYK,RS,NYK,2613.0,,69,87,-18
199612120NYK,RS,NYK,2639.0,,70,87,-17
199612120NYK,RS,NYK,2699.0,,70,90,-20
199612120NYK,RS,NYK,2736.0,,72,90,-18
199612120NYK,RS,NYK,2775.0,,73,90,-17
199612120NYK,RS,NYK,2775.0,,74,90,-16
199612120NYK,RS,NYK,2797.0,,75,90,-15
199612120NYK,RS,NYK,2797.0,,76,90,-14
199612120NYK,RS,NYK,2797.0,F,77,90,-13
199612120NYK,RS,NYK,2864.0,,79,90,-11
199612130CLE,RS,CLE,0.0,,0,0,0
199612130CLE,RS,CLE,35.0,,0,2,-2
199612130CLE,RS,CLE,117.0,,0,5,-5
199612130CLE,RS,CLE,135.0,,2,5,-3
199612130CLE,RS,CLE,165.0,,4,5,-1
199612130CLE,RS,CLE,178.0,,4,7,-3
199612130CLE,RS,CLE,212.0,,4,9,-5
199612130CLE,RS,CLE,222.0,,6,9,-3
199612130CLE,RS,CLE,238.0,,6,11,-5
199612130CLE,RS,CLE,261.0,,6,12,-6
199612130CLE,RS,CLE,261.0,,6,13,-7
199612130CLE,RS,CLE,298.0,,9,13,-4
199612130CLE,RS,CLE,315.0,,9,15,-6
199612130CLE,RS,CLE,369.0,,11,15,-4
199612130CLE,RS,CLE,412.0,,12,15,-3
199612130CLE,RS,CLE,424.0,,13,15,-2
199612130CLE,RS,CLE,455.0,T,15,15,0
199612130CLE,RS,CLE,475.0,,15,17,-2
199612130CLE,RS,CLE,498.0,T,17,17,0
199612130CLE,RS,CLE,542.0,LC,20,17,3
199612130CLE,RS,CLE,596.0,,20,19,1
199612130CLE,RS,CLE,617.0,,21,19,2
199612130CLE,RS,CLE,617.0,,22,19,3
199612130CLE,RS,CLE,648.0,,24,19,5
199612130CLE,RS,CLE,683.0,,24,21,3
199612130CLE,RS,CLE,693.0,,25,21,4
199612130CLE,RS,CLE,693.0,,26,21,5
199612130CLE,RS,CLE,720.0,,26,23,3
199612130CLE,RS,CLE,742.0,,27,23,4
199612130CLE,RS,CLE,781.0,,27,26,1
199612130CLE,RS,CLE,821.0,,29,26,3
199612130CLE,RS,CLE,848.0,,29,28,1
199612130CLE,RS,CLE,889.0,LC,29,30,-1
199612130CLE,RS,CLE,940.0,,29,32,-3
199612130CLE,RS,CLE,963.0,,29,35,-6
199612130CLE,RS,CLE,993.0,,29,37,-8
199612130CLE,RS,CLE,1003.0,,31,37,-6
199612130CLE,RS,CLE,1020.0,,31,39,-8
199612130CLE,RS,CLE,1043.0,,31,41,-10
199612130CLE,RS,CLE,1134.0,,31,43,-12
199612130CLE,RS,CLE,1169.0,,31,46,-15
199612130CLE,RS,CLE,1224.0,,33,46,-13
199612130CLE,RS,CLE,1262.0,,35,46,-11
199612130CLE,RS,CLE,1334.0,,36,46,-10
199612130CLE,RS,CLE,1334.0,,37,46,-9
199612130CLE,RS,CLE,1369.0,,38,46,-8
199612130CLE,RS,CLE,1369.0,,39,46,-7
199612130CLE,RS,CLE,1385.0,,39,48,-9
199612130CLE,RS,CLE,1400.0,,41,48,-7
199612130CLE,RS,CLE,1419.0,,42,48,-6
199612130CLE,RS,CLE,1419.0,,43,48,-5
199612130CLE,RS,CLE,1437.0,,44,48,-4
199612130CLE,RS,CLE,1437.0,,45,48,-3
199612130CLE,RS,CLE,1473.0,,47,48,-1
199612130CLE,RS,CLE,1516.0,LC,49,48,1
199612130CLE,RS,CLE,1532.0,T,49,49,0
199612130CLE,RS,CLE,1552.0,,51,49,2
199612130CLE,RS,CLE,1578.0,,51,50,1
199612130CLE,RS,CLE,1578.0,T,51,51,0
199612130CLE,RS,CLE,1578.0,LC,51,52,-1
199612130CLE,RS,CLE,1683.0,,51,54,-3
199612130CLE,RS,CLE,1701.0,,53,54,-1
199612130CLE,RS,CLE,1808.0,LC,55,54,1
199612130CLE,RS,CLE,1837.0,LC,55,56,-1
199612130CLE,RS,CLE,1862.0,LC,57,56,1
199612130CLE,RS,CLE,1880.0,T,57,57,0
199612130CLE,RS,CLE,1898.0,,59,57,2
199612130CLE,RS,CLE,1912.0,,59,58,1
199612130CLE,RS,CLE,1951.0,,62,58,4
199612130CLE,RS,CLE,1977.0,,62,60,2
199612130CLE,RS,CLE,1993.0,,65,60,5
199612130CLE,RS,CLE,2021.0,,68,60,8
199612130CLE,RS,CLE,2047.0,,68,61,7
199612130CLE,RS,CLE,2047.0,,68,62,6
199612130CLE,RS,CLE,2082.0,,68,64,4
199612130CLE,RS,CLE,2093.0,,68,65,3
199612130CLE,RS,CLE,2093.0,,68,66,2
199612130CLE,RS,CLE,2142.0,,68,67,1
199612130CLE,RS,CLE,2142.0,T,68,68,0
199612130CLE,RS,CLE,2155.0,,70,68,2
199612130CLE,RS,CLE,2232.0,,70,69,1
199612130CLE,RS,CLE,2232.0,T,70,70,0
199612130CLE,RS,CLE,2249.0,,72,70,2
199612130CLE,RS,CLE,2304.0,T,72,72,0
199612130CLE,RS,CLE,2331.0,,75,72,3
199612130CLE,RS,CLE,2392.0,,75,74,1
199612130CLE,RS,CLE,2392.0,T,75,75,0
199612130CLE,RS,CLE,2412.0,,76,75,1
199612130CLE,RS,CLE,2412.0,,77,75,2
199612130CLE,RS,CLE,2424.0,LC,77,78,-1
199612130CLE,RS,CLE,2471.0,LC,79,78,1
199612130CLE,RS,CLE,2504.0,T,79,79,0
199612130CLE,RS,CLE,2504.0,LC,79,80,-1
199612130CLE,RS,CLE,2528.0,,79,82,-3
199612130CLE,RS,CLE,2577.0,,79,85,-6
199612130CLE,RS,CLE,2603.0,,81,85,-4
199612130CLE,RS,CLE,2627.0,,81,87,-6
199612130CLE,RS,CLE,2627.0,,81,88,-7
199612130CLE,RS,CLE,2717.0,,81,89,-8
199612130CLE,RS,CLE,2717.0,,81,90,-9
199612130CLE,RS,CLE,2763.0,,81,93,-12
199612130CLE,RS,CLE,2787.0,,82,93,-11
199612130CLE,RS,CLE,2787.0,,83,93,-10
199612130CLE,RS,CLE,2791.0,,83,94,-11
199612130CLE,RS,CLE,2791.0,,83,95,-12
199612130CLE,RS,CLE,2811.0,,83,97,-14
199612130CLE,RS,CLE,2838.0,,83,98,-15
199612130CLE,RS,CLE,2838.0,,83,99,-16
199612130CLE,RS,CLE,2845.0,,85,99,-14
199612130CLE,RS,CLE,2866.0,,85,100,-15
199612130CLE,RS,CLE,2866.0,F,85,101,-16
199612130CLE,RS,CLE,2872.0,,87,101,-14
199612150GSW,RS,WSB,0.0,,0,0,0
199612150GSW,RS,WSB,22.0,,0,2,-2
199612150GSW,RS,WSB,39.0,,0,4,-4
199612150GSW,RS,WSB,65.0,,1,4,-3
199612150GSW,RS,WSB,65.0,,2,4,-2
199612150GSW,RS,WSB,81.0,,2,6,-4
199612150GSW,RS,WSB,94.0,,4,6,-2
199612150GSW,RS,WSB,109.0,,4,7,-3
199612150GSW,RS,WSB,119.0,,6,7,-1
199612150GSW,RS,WSB,125.0,,6,9,-3
199612150GSW,RS,WSB,154.0,T,9,9,0
199612150GSW,RS,WSB,195.0,LC,10,9,1
199612150GSW,RS,WSB,198.0,,12,9,3
199612150GSW,RS,WSB,221.0,,14,9,5
199612150GSW,RS,WSB,231.0,,14,11,3
199612150GSW,RS,WSB,245.0,,17,11,6
199612150GSW,RS,WSB,245.0,,18,11,7
199612150GSW,RS,WSB,254.0,,18,13,5
199612150GSW,RS,WSB,281.0,,18,16,2
199612150GSW,RS,WSB,343.0,,20,16,4
199612150GSW,RS,WSB,362.0,,20,18,2
199612150GSW,RS,WSB,377.0,T,20,20,0
199612150GSW,RS,WSB,397.0,,22,20,2
199612150GSW,RS,WSB,420.0,,24,20,4
199612150GSW,RS,WSB,458.0,,25,20,5
199612150GSW,RS,WSB,458.0,,26,20,6
199612150GSW,RS,WSB,507.0,,26,22,4
199612150GSW,RS,WSB,542.0,,26,24,2
199612150GSW,RS,WSB,559.0,,28,24,4
199612150GSW,RS,WSB,594.0,,28,26,2
199612150GSW,RS,WSB,631.0,T,28,28,0
199612150GSW,RS,WSB,661.0,LC,28,31,-3
199612150GSW,RS,WSB,683.0,,29,31,-2
199612150GSW,RS,WSB,700.0,,29,33,-4
199612150GSW,RS,WSB,739.0,,32,33,-1
199612150GSW,RS,WSB,757.0,,32,35,-3
199612150GSW,RS,WSB,780.0,T,35,35,0
199612150GSW,RS,WSB,780.0,LC,36,35,1
199612150GSW,RS,WSB,792.0,LC,36,38,-2
199612150GSW,RS,WSB,811.0,T,38,38,0
199612150GSW,RS,WSB,830.0,LC,40,38,2
199612150GSW,RS,WSB,859.0,LC,40,41,-1
199612150GSW,RS,WSB,891.0,,40,42,-2
199612150GSW,RS,WSB,891.0,,40,43,-3
199612150GSW,RS,WSB,956.0,,41,43,-2
199612150GSW,RS,WSB,956.0,,42,43,-1
199612150GSW,RS,WSB,989.0,LC,44,43,1
199612150GSW,RS,WSB,989.0,,45,43,2
199612150GSW,RS,WSB,1006.0,T,45,45,0
199612150GSW,RS,WSB,1029.0,,47,45,2
199612150GSW,RS,WSB,1061.0,,49,45,4
199612150GSW,RS,WSB,1082.0,,50,45,5
199612150GSW,RS,WSB,1082.0,,51,45,6
199612150GSW,RS,WSB,1114.0,,52,45,7
199612150GSW,RS,WSB,1137.0,,54,45,9
199612150GSW,RS,WSB,1137.0,,55,45,10
199612150GSW,RS,WSB,1146.0,,55,48,7
199612150GSW,RS,WSB,1184.0,,55,50,5
199612150GSW,RS,WSB,1210.0,,55,51,4
199612150GSW,RS,WSB,1228.0,,56,51,5
199612150GSW,RS,WSB,1244.0,,56,53,3
199612150GSW,RS,WSB,1319.0,,56,54,2
199612150GSW,RS,WSB,1319.0,,56,55,1
199612150GSW,RS,WSB,1334.0,,58,55,3
199612150GSW,RS,WSB,1356.0,,58,57,1
199612150GSW,RS,WSB,1395.0,LC,58,59,-1
199612150GSW,RS,WSB,1404.0,LC,60,59,1
199612150GSW,RS,WSB,1415.0,T,60,60,0
199612150GSW,RS,WSB,1495.0,LC,60,62,-2
199612150GSW,RS,WSB,1517.0,LC,63,62,1
199612150GSW,RS,WSB,1540.0,LC,63,64,-1
199612150GSW,RS,WSB,1569.0,,63,66,-3
199612150GSW,RS,WSB,1598.0,,65,66,-1
199612150GSW,RS,WSB,1623.0,T,66,66,0
199612150GSW,RS,WSB,1623.0,LC,67,66,1
199612150GSW,RS,WSB,1637.0,LC,67,68,-1
199612150GSW,RS,WSB,1655.0,,67,70,-3
199612150GSW,RS,WSB,1697.0,,67,71,-4
199612150GSW,RS,WSB,1697.0,,67,72,-5
199612150GSW,RS,WSB,1716.0,,70,72,-2
199612150GSW,RS,WSB,1793.0,,70,74,-4
199612150GSW,RS,WSB,1814.0,,73,74,-1
199612150GSW,RS,WSB,1831.0,,73,75,-2
199612150GSW,RS,WSB,1831.0,,73,76,-3
199612150GSW,RS,WSB,1844.0,,75,76,-1
199612150GSW,RS,WSB,1858.0,,75,77,-2
199612150GSW,RS,WSB,1858.0,,75,78,-3
199612150GSW,RS,WSB,1885.0,,75,79,-4
199612150GSW,RS,WSB,1885.0,,75,80,-5
199612150GSW,RS,WSB,1907.0,,75,81,-6
199612150GSW,RS,WSB,1907.0,,75,82,-7
199612150GSW,RS,WSB,1934.0,,75,84,-9
199612150GSW,RS,WSB,1947.0,,77,84,-7
199612150GSW,RS,WSB,1965.0,,77,86,-9
199612150GSW,RS,WSB,1983.0,,77,87,-10
199612150GSW,RS,WSB,1983.0,,77,88,-11
199612150GSW,RS,WSB,2066.0,,77,91,-14
199612150GSW,RS,WSB,2090.0,,79,91,-12
199612150GSW,RS,WSB,2122.0,,79,93,-14
199612150GSW,RS,WSB,2160.0,,79,96,-17
199612150GSW,RS,WSB,2210.0,,81,96,-15
199612150GSW,RS,WSB,2227.0,,81,98,-17
199612150GSW,RS,WSB,2246.0,,84,98,-14
199612150GSW,RS,WSB,2311.0,,84,100,-16
199612150GSW,RS,WSB,2350.0,,86,100,-14
199612150GSW,RS,WSB,2399.0,,88,100,-12
199612150GSW,RS,WSB,2421.0,,88,102,-14
199612150GSW,RS,WSB,2439.0,,90,102,-12
199612150GSW,RS,WSB,2454.0,,90,103,-13
199612150GSW,RS,WSB,2502.0,,92,103,-11
199612150GSW,RS,WSB,2552.0,,94,103,-9
199612150GSW,RS,WSB,2600.0,,96,103,-7
199612150GSW,RS,WSB,2615.0,,96,105,-9
199612150GSW,RS,WSB,2669.0,,96,106,-10
199612150GSW,RS,WSB,2745.0,,96,108,-12
199612150GSW,RS,WSB,2762.0,,97,108,-11
199612150GSW,RS,WSB,2762.0,,98,108,-10
199612150GSW,RS,WSB,2821.0,,99,108,-9
199612150GSW,RS,WSB,2839.0,,99,110,-11
199612150GSW,RS,WSB,2848.0,F,102,110,-8
199612150GSW,RS,WSB,2880.0,,102,110,-8
199612170SEA,RS,SEA,0.0,,0,0,0
199612170SEA,RS,SEA,19.0,,0,2,-2
199612170SEA,RS,SEA,40.0,,0,4,-4
199612170SEA,RS,SEA,53.0,,2,4,-2
199612170SEA,RS,SEA,77.0,,2,6,-4
199612170SEA,RS,SEA,96.0,,4,6,-2
199612170SEA,RS,SEA,119.0,LC,7,6,1
199612170SEA,RS,SEA,137.0,LC,7,8,-1
199612170SEA,RS,SEA,149.0,LC,9,8,1
199612170SEA,RS,SEA,168.0,LC,9,10,-1
199612170SEA,RS,SEA,185.0,,9,12,-3
199612170SEA,RS,SEA,220.0,,9,14,-5
199612170SEA,RS,SEA,257.0,,11,14,-3
199612170SEA,RS,SEA,308.0,,11,15,-4
199612170SEA,RS,SEA,308.0,,11,16,-5
199612170SEA,RS,SEA,337.0,,11,18,-7
199612170SEA,RS,SEA,352.0,,11,20,-9
199612170SEA,RS,SEA,396.0,,13,20,-7
199612170SEA,RS,SEA,421.0,,13,22,-9
199612170SEA,RS,SEA,447.0,,15,22,-7
199612170SEA,RS,SEA,473.0,,15,23,-8
199612170SEA,RS,SEA,504.0,,16,23,-7
199612170SEA,RS,SEA,504.0,,17,23,-6
199612170SEA,RS,SEA,543.0,,17,26,-9
199612170SEA,RS,SEA,641.0,,17,28,-11
199612170SEA,RS,SEA,663.0,,17,29,-12
199612170SEA,RS,SEA,663.0,,17,30,-13
199612170SEA,RS,SEA,691.0,,17,32,-15
199612170SEA,RS,SEA,718.0,,17,34,-17
199612170SEA,RS,SEA,743.0,,17,36,-19
199612170SEA,RS,SEA,792.0,,19,36,-17
199612170SEA,RS,SEA,813.0,,19,38,-19
199612170SEA,RS,SEA,833.0,,22,38,-16
199612170SEA,RS,SEA,847.0,,22,39,-17
199612170SEA,RS,SEA,930.0,,22,40,-18
199612170SEA,RS,SEA,963.0,,22,42,-20
199612170SEA,RS,SEA,1010.0,,24,42,-18
199612170SEA,RS,SEA,1010.0,,25,42,-17
199612170SEA,RS,SEA,1045.0,,27,42,-15
199612170SEA,RS,SEA,1081.0,,28,42,-14
199612170SEA,RS,SEA,1092.0,,28,44,-16
199612170SEA,RS,SEA,1114.0,,28,47,-19
199612170SEA,RS,SEA,1132.0,,28,49,-21
199612170SEA,RS,SEA,1201.0,,28,51,-23
199612170SEA,RS,SEA,1201.0,,28,52,-24
199612170SEA,RS,SEA,1214.0,,29,52,-23
199612170SEA,RS,SEA,1214.0,,30,52,-22
199612170SEA,RS,SEA,1244.0,,30,55,-25
199612170SEA,RS,SEA,1262.0,,33,55,-22
199612170SEA,RS,SEA,1310.0,,33,58,-25
199612170SEA,RS,SEA,1334.0,,33,59,-26
199612170SEA,RS,SEA,1337.0,,34,59,-25
199612170SEA,RS,SEA,1337.0,,35,59,-24
199612170SEA,RS,SEA,1337.0,,36,59,-23
199612170SEA,RS,SEA,1350.0,,36,61,-25
199612170SEA,RS,SEA,1364.0,,36,63,-27
199612170SEA,RS,SEA,1379.0,,37,63,-26
199612170SEA,RS,SEA,1392.0,,37,64,-27
199612170SEA,RS,SEA,1392.0,,37,65,-28
199612170SEA,RS,SEA,1422.0,,37,67,-30
199612170SEA,RS,SEA,1438.0,,37,70,-33
199612170SEA,RS,SEA,1483.0,,37,72,-35
199612170SEA,RS,SEA,1494.0,,39,72,-33
199612170SEA,RS,SEA,1545.0,,39,73,-34
199612170SEA,RS,SEA,1545.0,,39,74,-35
199612170SEA,RS,SEA,1555.0,,41,74,-33
199612170SEA,RS,SEA,1591.0,,41,77,-36
199612170SEA,RS,SEA,1699.0,,44,77,-33
199612170SEA,RS,SEA,1721.0,,44,79,-35
199612170SEA,RS,SEA,1747.0,,45,79,-34
199612170SEA,RS,SEA,1747.0,,46,79,-33
199612170SEA,RS,SEA,1767.0,,46,82,-36
199612170SEA,RS,SEA,1789.0,,46,83,-37
199612170SEA,RS,SEA,1814.0,,46,84,-38
199612170SEA,RS,SEA,1814.0,,46,85,-39
199612170SEA,RS,SEA,1842.0,,46,88,-42
199612170SEA,RS,SEA,1892.0,,48,88,-40
199612170SEA,RS,SEA,1931.0,,50,88,-38
199612170SEA,RS,SEA,1931.0,,51,88,-37
199612170SEA,RS,SEA,1942.0,,51,89,-38
199612170SEA,RS,SEA,1984.0,,54,89,-35
199612170SEA,RS,SEA,1995.0,,54,90,-36
199612170SEA,RS,SEA,1995.0,,54,91,-37
199612170SEA,RS,SEA,2004.0,,56,91,-35
199612170SEA,RS,SEA,2004.0,,57,91,-34
199612170SEA,RS,SEA,2048.0,,59,91,-32
199612170SEA,RS,SEA,2059.0,,60,91,-31
199612170SEA,RS,SEA,2081.0,,60,94,-34
199612170SEA,RS,SEA,2093.0,,61,94,-33
199612170SEA,RS,SEA,2093.0,,62,94,-32
199612170SEA,RS,SEA,2103.0,,62,95,-33
199612170SEA,RS,SEA,2117.0,,64,95,-31
199612170SEA,RS,SEA,2148.0,,64,97,-33
199612170SEA,RS,SEA,2158.0,,65,97,-32
199612170SEA,RS,SEA,2158.0,,66,97,-31
199612170SEA,RS,SEA,2172.0,,66,100,-34
199612170SEA,RS,SEA,2220.0,,67,100,-33
199612170SEA,RS,SEA,2238.0,,67,102,-35
199612170SEA,RS,SEA,2261.0,,69,102,-33
199612170SEA,RS,SEA,2268.0,,69,103,-34
199612170SEA,RS,SEA,2290.0,,70,103,-33
199612170SEA,RS,SEA,2314.0,,70,105,-35
199612170SEA,RS,SEA,2335.0,,72,105,-33
199612170SEA,RS,SEA,2351.0,,72,106,-34
199612170SEA,RS,SEA,2351.0,,72,107,-35
199612170SEA,RS,SEA,2490.0,,75,107,-32
199612170SEA,RS,SEA,2517.0,,75,109,-34
199612170SEA,RS,SEA,2536.0,,75,110,-35
199612170SEA,RS,SEA,2568.0,,75,111,-36
199612170SEA,RS,SEA,2590.0,,77,111,-34
199612170SEA,RS,SEA,2600.0,,77,112,-35
199612170SEA,RS,SEA,2600.0,,77,113,-36
199612170SEA,RS,SEA,2611.0,,79,113,-34
199612170SEA,RS,SEA,2633.0,,79,115,-36
199612170SEA,RS,SEA,2660.0,,79,116,-37
199612170SEA,RS,SEA,2709.0,,81,116,-35
199612170SEA,RS,SEA,2724.0,,81,118,-37
199612170SEA,RS,SEA,2790.0,,81,120,-39
199612170SEA,RS,SEA,2819.0,,81,121,-40
199612170SEA,RS,SEA,2842.0,F,81,123,-42
199612170SEA,RS,SEA,2859.0,,81,123,-42
199612180GSW,RS,MIN,0.0,,0,0,0
199612180GSW,RS,MIN,39.0,,0,2,-2
199612180GSW,RS,MIN,96.0,,0,4,-4
199612180GSW,RS,MIN,111.0,,2,4,-2
199612180GSW,RS,MIN,130.0,,2,6,-4
199612180GSW,RS,MIN,138.0,,4,6,-2
199612180GSW,RS,MIN,210.0,,4,8,-4
199612180GSW,RS,MIN,331.0,,5,8,-3
199612180GSW,RS,MIN,346.0,,5,10,-5
199612180GSW,RS,MIN,358.0,,7,10,-3
199612180GSW,RS,MIN,385.0,,7,13,-6
199612180GSW,RS,MIN,399.0,,9,13,-4
199612180GSW,RS,MIN,422.0,,11,13,-2
199612180GSW,RS,MIN,447.0,T,13,13,0
199612180GSW,RS,MIN,447.0,LC,14,13,1
199612180GSW,RS,MIN,478.0,,16,13,3
199612180GSW,RS,MIN,496.0,,16,14,2
199612180GSW,RS,MIN,523.0,,16,15,1
199612180GSW,RS,MIN,523.0,T,16,16,0
199612180GSW,RS,MIN,533.0,,18,16,2
199612180GSW,RS,MIN,558.0,,21,16,5
199612180GSW,RS,MIN,575.0,,21,18,3
199612180GSW,RS,MIN,592.0,,23,18,5
199612180GSW,RS,MIN,608.0,,23,20,3
199612180GSW,RS,MIN,665.0,,25,20,5
199612180GSW,RS,MIN,678.0,,25,21,4
199612180GSW,RS,MIN,678.0,,25,22,3
199612180GSW,RS,MIN,795.0,,28,22,6
199612180GSW,RS,MIN,815.0,,28,24,4
199612180GSW,RS,MIN,837.0,,29,24,5
199612180GSW,RS,MIN,837.0,,30,24,6
199612180GSW,RS,MIN,855.0,,30,26,4
199612180GSW,RS,MIN,864.0,,31,26,5
199612180GSW,RS,MIN,864.0,,32,26,6
199612180GSW,RS,MIN,900.0,,34,26,8
199612180GSW,RS,MIN,916.0,,34,28,6
199612180GSW,RS,MIN,929.0,,36,28,8
199612180GSW,RS,MIN,944.0,,36,30,6
199612180GSW,RS,MIN,978.0,,36,32,4
199612180GSW,RS,MIN,993.0,,38,32,6
199612180GSW,RS,MIN,1005.0,,38,34,4
199612180GSW,RS,MIN,1025.0,,40,34,6
199612180GSW,RS,MIN,1052.0,,40,36,4
199612180GSW,RS,MIN,1074.0,,43,36,7
199612180GSW,RS,MIN,1115.0,,45,36,9
199612180GSW,RS,MIN,1192.0,,47,36,11
199612180GSW,RS,MIN,1207.0,,49,36,13
199612180GSW,RS,MIN,1227.0,,49,37,12
199612180GSW,RS,MIN,1249.0,,49,38,11
199612180GSW,RS,MIN,1249.0,,49,39,10
199612180GSW,RS,MIN,1292.0,,52,39,13
199612180GSW,RS,MIN,1313.0,,54,39,15
199612180GSW,RS,MIN,1351.0,,57,39,18
199612180GSW,RS,MIN,1383.0,,57,41,16
199612180GSW,RS,MIN,1411.0,,57,43,14
199612180GSW,RS,MIN,1440.0,,60,43,17
199612180GSW,RS,MIN,1490.0,,63,43,20
199612180GSW,RS,MIN,1504.0,,63,44,19
199612180GSW,RS,MIN,1512.0,,63,46,17
199612180GSW,RS,MIN,1545.0,,65,46,19
199612180GSW,RS,MIN,1570.0,,65,48,17
199612180GSW,RS,MIN,1584.0,,68,48,20
199612180GSW,RS,MIN,1626.0,,70,48,22
199612180GSW,RS,MIN,1646.0,,70,50,20
199612180GSW,RS,MIN,1668.0,,73,50,23
199612180GSW,RS,MIN,1683.0,,73,52,21
199612180GSW,RS,MIN,1729.0,,74,52,22
199612180GSW,RS,MIN,1729.0,,75,52,23
199612180GSW,RS,MIN,1749.0,,75,54,21
199612180GSW,RS,MIN,1806.0,,77,54,23
199612180GSW,RS,MIN,1840.0,,78,54,24
199612180GSW,RS,MIN,1857.0,,78,56,22
199612180GSW,RS,MIN,1896.0,,78,57,21
199612180GSW,RS,MIN,1938.0,,79,57,22
199612180GSW,RS,MIN,1956.0,,79,59,20
199612180GSW,RS,MIN,1969.0,,82,59,23
199612180GSW,RS,MIN,2018.0,,82,61,21
199612180GSW,RS,MIN,2041.0,,83,61,22
199612180GSW,RS,MIN,2054.0,,83,62,21
199612180GSW,RS,MIN,2054.0,,83,63,20
199612180GSW,RS,MIN,2072.0,,86,63,23
199612180GSW,RS,MIN,2091.0,,86,64,22
199612180GSW,RS,MIN,2091.0,,86,65,21
199612180GSW,RS,MIN,2114.0,,86,66,20
199612180GSW,RS,MIN,2114.0,,86,67,19
199612180GSW,RS,MIN,2156.0,,87,67,20
199612180GSW,RS,MIN,2160.0,,87,69,18
199612180GSW,RS,MIN,2178.0,,87,71,16
199612180GSW,RS,MIN,2211.0,,87,73,14
199612180GSW,RS,MIN,2232.0,,89,73,16
199612180GSW,RS,MIN,2264.0,,91,73,18
199612180GSW,RS,MIN,2286.0,,91,74,17
199612180GSW,RS,MIN,2286.0,,91,75,16
199612180GSW,RS,MIN,2300.0,,93,75,18
199612180GSW,RS,MIN,2328.0,,93,76,17
199612180GSW,RS,MIN,2328.0,,93,77,16
199612180GSW,RS,MIN,2396.0,,93,79,14
199612180GSW,RS,MIN,2446.0,,95,79,16
199612180GSW,RS,MIN,2469.0,,97,79,18
199612180GSW,RS,MIN,2474.0,,97,80,17
199612180GSW,RS,MIN,2516.0,,99,80,19
199612180GSW,RS,MIN,2533.0,,99,82,17
199612180GSW,RS,MIN,2571.0,,101,82,19
199612180GSW,RS,MIN,2581.0,,101,84,17
199612180GSW,RS,MIN,2592.0,,103,84,19
199612180GSW,RS,MIN,2620.0,,104,84,20
199612180GSW,RS,MIN,2620.0,,105,84,21
199612180GSW,RS,MIN,2640.0,,107,84,23
199612180GSW,RS,MIN,2648.0,,107,85,22
199612180GSW,RS,MIN,2680.0,,109,85,24
199612180GSW,RS,MIN,2685.0,,109,86,23
199612180GSW,RS,MIN,2685.0,,109,87,22
199612180GSW,RS,MIN,2698.0,,110,87,23
199612180GSW,RS,MIN,2707.0,,110,89,21
199612180GSW,RS,MIN,2720.0,,112,89,23
199612180GSW,RS,MIN,2741.0,,112,90,22
199612180GSW,RS,MIN,2741.0,,112,91,21
199612180GSW,RS,MIN,2761.0,,114,91,23
199612180GSW,RS,MIN,2775.0,,116,91,25
199612180GSW,RS,MIN,2802.0,,119,91,28
199612180GSW,RS,MIN,2818.0,,119,94,25
199612180GSW,RS,MIN,2827.0,,121,94,27
199612180GSW,RS,MIN,2843.0,F,123,94,29
199612180GSW,RS,MIN,2868.0,,123,96,27
199612220GSW,RS,LAC,0.0,,0,0,0
199612220GSW,RS,LAC,58.0,,0,2,-2
199612220GSW,RS,LAC,89.0,,0,4,-4
199612220GSW,RS,LAC,109.0,,2,4,-2
199612220GSW,RS,LAC,140.0,T,4,4,0
199612220GSW,RS,LAC,164.0,LC,5,4,1
199612220GSW,RS,LAC,174.0,,8,4,4
199612220GSW,RS,LAC,216.0,,11,4,7
199612220GSW,RS,LAC,240.0,,11,6,5
199612220GSW,RS,LAC,270.0,,11,8,3
199612220GSW,RS,LAC,346.0,,13,8,5
199612220GSW,RS,LAC,375.0,,13,10,3
199612220GSW,RS,LAC,390.0,,14,10,4
199612220GSW,RS,LAC,413.0,,16,10,6
199612220GSW,RS,LAC,444.0,,16,13,3
199612220GSW,RS,LAC,480.0,,18,13,5
199612220GSW,RS,LAC,507.0,,18,15,3
199612220GSW,RS,LAC,518.0,,19,15,4
199612220GSW,RS,LAC,518.0,,20,15,5
199612220GSW,RS,LAC,557.0,,21,15,6
199612220GSW,RS,LAC,557.0,,22,15,7
199612220GSW,RS,LAC,598.0,,25,15,10
199612220GSW,RS,LAC,624.0,,27,15,12
199612220GSW,RS,LAC,646.0,,27,17,10
199612220GSW,RS,LAC,683.0,,28,17,11
199612220GSW,RS,LAC,683.0,,29,17,12
199612220GSW,RS,LAC,699.0,,29,19,10
199612220GSW,RS,LAC,715.0,,31,19,12
199612220GSW,RS,LAC,791.0,,31,21,10
199612220GSW,RS,LAC,805.0,,33,21,12
199612220GSW,RS,LAC,861.0,,33,23,10
199612220GSW,RS,LAC,884.0,,35,23,12
199612220GSW,RS,LAC,989.0,,38,23,15
199612220GSW,RS,LAC,1010.0,,38,24,14
199612220GSW,RS,LAC,1148.0,,38,26,12
199612220GSW,RS,LAC,1154.0,,39,26,13
199612220GSW,RS,LAC,1154.0,,40,26,14
199612220GSW,RS,LAC,1192.0,,40,28,12
199612220GSW,RS,LAC,1218.0,,40,29,11
199612220GSW,RS,LAC,1218.0,,40,30,10
199612220GSW,RS,LAC,1244.0,,42,30,12
199612220GSW,RS,LAC,1269.0,,42,33,9
199612220GSW,RS,LAC,1278.0,,43,33,10
199612220GSW,RS,LAC,1292.0,,43,34,9
199612220GSW,RS,LAC,1292.0,,43,35,8
199612220GSW,RS,LAC,1336.0,,43,37,6
199612220GSW,RS,LAC,1336.0,,43,38,5
199612220GSW,RS,LAC,1362.0,,43,39,4
199612220GSW,RS,LAC,1362.0,,43,40,3
199612220GSW,RS,LAC,1393.0,,43,42,1
199612220GSW,RS,LAC,1418.0,,44,42,2
199612220GSW,RS,LAC,1418.0,,45,42,3
199612220GSW,RS,LAC,1469.0,,47,42,5
199612220GSW,RS,LAC,1504.0,,47,44,3
199612220GSW,RS,LAC,1540.0,,47,46,1
199612220GSW,RS,LAC,1626.0,,49,46,3
199612220GSW,RS,LAC,1641.0,,49,48,1
199612220GSW,RS,LAC,1641.0,T,49,49,0
199612220GSW,RS,LAC,1675.0,,50,49,1
199612220GSW,RS,LAC,1694.0,LC,50,51,-1
199612220GSW,RS,LAC,1710.0,LC,53,51,2
199612220GSW,RS,LAC,1753.0,,55,51,4
199612220GSW,RS,LAC,1801.0,,55,54,1
199612220GSW,RS,LAC,1859.0,,57,54,3
199612220GSW,RS,LAC,1877.0,,57,55,2
199612220GSW,RS,LAC,1892.0,T,57,57,0
199612220GSW,RS,LAC,1945.0,,59,57,2
199612220GSW,RS,LAC,1945.0,,60,57,3
199612220GSW,RS,LAC,2009.0,,61,57,4
199612220GSW,RS,LAC,2009.0,,62,57,5
199612220GSW,RS,LAC,2033.0,,62,59,3
199612220GSW,RS,LAC,2050.0,,62,61,1
199612220GSW,RS,LAC,2050.0,T,62,62,0
199612220GSW,RS,LAC,2064.0,,64,62,2
199612220GSW,RS,LAC,2084.0,,64,63,1
199612220GSW,RS,LAC,2084.0,T,64,64,0
199612220GSW,RS,LAC,2105.0,,66,64,2
199612220GSW,RS,LAC,2120.0,T,66,66,0
199612220GSW,RS,LAC,2128.0,,67,66,1
199612220GSW,RS,LAC,2128.0,,68,66,2
199612220GSW,RS,LAC,2142.0,T,68,68,0
199612220GSW,RS,LAC,2180.0,,70,68,2
199612220GSW,RS,LAC,2217.0,T,70,70,0
199612220GSW,RS,LAC,2231.0,,72,70,2
199612220GSW,RS,LAC,2267.0,LC,72,73,-1
199612220GSW,RS,LAC,2291.0,T,73,73,0
199612220GSW,RS,LAC,2291.0,LC,74,73,1
199612220GSW,RS,LAC,2353.0,T,74,74,0
199612220GSW,RS,LAC,2353.0,LC,74,75,-1
199612220GSW,RS,LAC,2405.0,LC,77,75,2
199612220GSW,RS,LAC,2484.0,LC,77,78,-1
199612220GSW,RS,LAC,2516.0,,77,79,-2
199612220GSW,RS,LAC,2516.0,,77,80,-3
199612220GSW,RS,LAC,2530.0,,79,80,-1
199612220GSW,RS,LAC,2545.0,,79,81,-2
199612220GSW,RS,LAC,2545.0,,79,82,-3
199612220GSW,RS,LAC,2569.0,,79,84,-5
199612220GSW,RS,LAC,2585.0,,81,84,-3
199612220GSW,RS,LAC,2644.0,,82,84,-2
199612220GSW,RS,LAC,2644.0,,83,84,-1
199612220GSW,RS,LAC,2677.0,,83,86,-3
199612220GSW,RS,LAC,2691.0,T,86,86,0
199612220GSW,RS,LAC,2719.0,LC,88,86,2
199612220GSW,RS,LAC,2754.0,,89,86,3
199612220GSW,RS,LAC,2754.0,,90,86,4
199612220GSW,RS,LAC,2765.0,,90,88,2
199612220GSW,RS,LAC,2765.0,,90,89,1
199612220GSW,RS,LAC,2797.0,LC,90,91,-1
199612220GSW,RS,LAC,2810.0,LC,92,91,1
199612220GSW,RS,LAC,2810.0,,93,91,2
199612220GSW,RS,LAC,2842.0,,94,91,3
199612220GSW,RS,LAC,2866.0,,95,91,4
199612220GSW,RS,LAC,2866.0,,96,91,5
199612220GSW,RS,LAC,2875.0,F,97,91,6
199612220GSW,RS,LAC,2880.0,,97,91,6
199612260DAL,RS,DAL,0.0,,0,0,0
199612260DAL,RS,DAL,22.0,,3,0,3
199612260DAL,RS,DAL,37.0,T,3,3,0
199612260DAL,RS,DAL,68.0,LC,3,5,-2
199612260DAL,RS,DAL,79.0,T,5,5,0
199612260DAL,RS,DAL,174.0,LC,6,5,1
199612260DAL,RS,DAL,192.0,LC,6,7,-1
199612260DAL,RS,DAL,233.0,,6,9,-3
199612260DAL,RS,DAL,261.0,,8,9,-1
199612260DAL,RS,DAL,282.0,T,9,9,0
199612260DAL,RS,DAL,336.0,,9,11,-2
199612260DAL,RS,DAL,348.0,T,11,11,0
199612260DAL,RS,DAL,364.0,,11,13,-2
199612260DAL,RS,DAL,383.0,T,13,13,0
199612260DAL,RS,DAL,427.0,LC,15,13,2
199612260DAL,RS,DAL,469.0,,17,13,4
199612260DAL,RS,DAL,478.0,,17,14,3
199612260DAL,RS,DAL,513.0,,19,14,5
199612260DAL,RS,DAL,546.0,,19,16,3
199612260DAL,RS,DAL,565.0,,21,16,5
199612260DAL,RS,DAL,588.0,,21,19,2
199612260DAL,RS,DAL,649.0,,21,20,1
199612260DAL,RS,DAL,649.0,T,21,21,0
199612260DAL,RS,DAL,677.0,LC,21,23,-2
199612260DAL,RS,DAL,690.0,T,23,23,0
199612260DAL,RS,DAL,715.0,,23,26,-3
199612260DAL,RS,DAL,761.0,,25,26,-1
199612260DAL,RS,DAL,774.0,,25,28,-3
199612260DAL,RS,DAL,800.0,,25,31,-6
199612260DAL,RS,DAL,816.0,,28,31,-3
199612260DAL,RS,DAL,834.0,,28,32,-4
199612260DAL,RS,DAL,834.0,,28,33,-5
199612260DAL,RS,DAL,848.0,,31,33,-2
199612260DAL,RS,DAL,866.0,,31,35,-4
199612260DAL,RS,DAL,912.0,,31,37,-6
199612260DAL,RS,DAL,959.0,,31,40,-9
199612260DAL,RS,DAL,980.0,,33,40,-7
199612260DAL,RS,DAL,1039.0,,34,40,-6
199612260DAL,RS,DAL,1039.0,,35,40,-5
199612260DAL,RS,DAL,1049.0,,35,42,-7
199612260DAL,RS,DAL,1074.0,,37,42,-5
199612260DAL,RS,DAL,1115.0,,39,42,-3
199612260DAL,RS,DAL,1131.0,,39,43,-4
199612260DAL,RS,DAL,1131.0,,39,44,-5
199612260DAL,RS,DAL,1158.0,,41,44,-3
199612260DAL,RS,DAL,1191.0,,43,44,-1
199612260DAL,RS,DAL,1215.0,LC,45,44,1
199612260DAL,RS,DAL,1239.0,,47,44,3
199612260DAL,RS,DAL,1239.0,,48,44,4
199612260DAL,RS,DAL,1252.0,,48,46,2
199612260DAL,RS,DAL,1295.0,,50,46,4
199612260DAL,RS,DAL,1321.0,,53,46,7
199612260DAL,RS,DAL,1366.0,,54,46,8
199612260DAL,RS,DAL,1366.0,,55,46,9
199612260DAL,RS,DAL,1415.0,,58,46,12
199612260DAL,RS,DAL,1438.0,,58,49,9
199612260DAL,RS,DAL,1490.0,,58,51,7
199612260DAL,RS,DAL,1504.0,,58,53,5
199612260DAL,RS,DAL,1549.0,,58,55,3
199612260DAL,RS,DAL,1561.0,,60,55,5
199612260DAL,RS,DAL,1587.0,,63,55,8
199612260DAL,RS,DAL,1619.0,,65,55,10
199612260DAL,RS,DAL,1638.0,,65,58,7
199612260DAL,RS,DAL,1656.0,,66,58,8
199612260DAL,RS,DAL,1702.0,,66,60,6
199612260DAL,RS,DAL,1726.0,,68,60,8
199612260DAL,RS,DAL,1790.0,,70,60,10
199612260DAL,RS,DAL,1790.0,,71,60,11
199612260DAL,RS,DAL,1798.0,,71,62,9
199612260DAL,RS,DAL,1821.0,,73,62,11
199612260DAL,RS,DAL,1893.0,,75,62,13
199612260DAL,RS,DAL,1916.0,,77,62,15
199612260DAL,RS,DAL,1941.0,,79,62,17
199612260DAL,RS,DAL,1955.0,,79,63,16
199612260DAL,RS,DAL,1955.0,,79,64,15
199612260DAL,RS,DAL,1978.0,,81,64,17
199612260DAL,RS,DAL,1995.0,,81,65,16
199612260DAL,RS,DAL,1995.0,,81,66,15
199612260DAL,RS,DAL,2016.0,,84,66,18
199612260DAL,RS,DAL,2036.0,,85,66,19
199612260DAL,RS,DAL,2036.0,,86,66,20
199612260DAL,RS,DAL,2049.0,,86,68,18
199612260DAL,RS,DAL,2089.0,,86,70,16
199612260DAL,RS,DAL,2117.0,,86,72,14
199612260DAL,RS,DAL,2130.0,,88,72,16
199612260DAL,RS,DAL,2149.0,,88,74,14
199612260DAL,RS,DAL,2178.0,,88,76,12
199612260DAL,RS,DAL,2198.0,,90,76,14
199612260DAL,RS,DAL,2219.0,,90,79,11
199612260DAL,RS,DAL,2260.0,,90,82,8
199612260DAL,RS,DAL,2285.0,,90,83,7
199612260DAL,RS,DAL,2323.0,,90,86,4
199612260DAL,RS,DAL,2362.0,,90,88,2
199612260DAL,RS,DAL,2385.0,,93,88,5
199612260DAL,RS,DAL,2407.0,,94,88,6
199612260DAL,RS,DAL,2407.0,,95,88,7
199612260DAL,RS,DAL,2462.0,,95,90,5
199612260DAL,RS,DAL,2525.0,,95,92,3
199612260DAL,RS,DAL,2560.0,T,95,95,0
199612260DAL,RS,DAL,2577.0,,97,95,2
199612260DAL,RS,DAL,2591.0,T,97,97,0
199612260DAL,RS,DAL,2625.0,LC,97,99,-2
199612260DAL,RS,DAL,2677.0,LC,100,99,1
199612260DAL,RS,DAL,2718.0,,102,99,3
199612260DAL,RS,DAL,2732.0,,102,101,1
199612260DAL,RS,DAL,2750.0,,104,101,3
199612260DAL,RS,DAL,2771.0,,106,101,5
199612260DAL,RS,DAL,2809.0,,108,101,7
199612260DAL,RS,DAL,2847.0,,108,102,6
199612260DAL,RS,DAL,2847.0,,108,103,5
199612260DAL,RS,DAL,2854.0,,109,103,6
199612260DAL,RS,DAL,2854.0,,110,103,7
199612260DAL,RS,DAL,2858.0,,110,105,5
199612260DAL,RS,DAL,2860.0,,111,105,6
199612260DAL,RS,DAL,2866.0,,111,108,3
199612260DAL,RS,DAL,2868.0,,112,108,4
199612260DAL,RS,DAL,2868.0,F,113,108,5
199612260DAL,RS,DAL,2878.0,,113,108,5
199612280HOU,RS,HOU,0.0,,0,0,0
199612280HOU,RS,HOU,47.0,,0,2,-2
199612280HOU,RS,HOU,75.0,,0,5,-5
199612280HOU,RS,HOU,86.0,,2,5,-3
199612280HOU,RS,HOU,137.0,,2,7,-5
199612280HOU,RS,HOU,179.0,,4,7,-3
199612280HOU,RS,HOU,194.0,,4,10,-6
199612280HOU,RS,HOU,271.0,,6,10,-4
199612280HOU,RS,HOU,286.0,,6,12,-6
199612280HOU,RS,HOU,313.0,,8,12,-4
199612280HOU,RS,HOU,336.0,,8,14,-6
199612280HOU,RS,HOU,360.0,,8,16,-8
199612280HOU,RS,HOU,387.0,,8,18,-10
199612280HOU,RS,HOU,466.0,,10,18,-8
199612280HOU,RS,HOU,531.0,,11,18,-7
199612280HOU,RS,HOU,531.0,,12,18,-6
199612280HOU,RS,HOU,548.0,,14,18,-4
199612280HOU,RS,HOU,608.0,,14,19,-5
199612280HOU,RS,HOU,610.0,,14,21,-7
199612280HOU,RS,HOU,670.0,,16,21,-5
199612280HOU,RS,HOU,698.0,,17,21,-4
199612280HOU,RS,HOU,766.0,,19,21,-2
199612280HOU,RS,HOU,784.0,,19,23,-4
199612280HOU,RS,HOU,793.0,,21,23,-2
199612280HOU,RS,HOU,855.0,,21,25,-4
199612280HOU,RS,HOU,865.0,,23,25,-2
199612280HOU,RS,HOU,912.0,T,25,25,0
199612280HOU,RS,HOU,983.0,LC,26,25,1
199612280HOU,RS,HOU,1007.0,LC,26,27,-1
199612280HOU,RS,HOU,1035.0,,26,28,-2
199612280HOU,RS,HOU,1035.0,,26,29,-3
199612280HOU,RS,HOU,1057.0,,26,31,-5
199612280HOU,RS,HOU,1093.0,,26,33,-7
199612280HOU,RS,HOU,1110.0,,27,33,-6
199612280HOU,RS,HOU,1128.0,,27,36,-9
199612280HOU,RS,HOU,1141.0,,30,36,-6
199612280HOU,RS,HOU,1181.0,,30,38,-8
199612280HOU,RS,HOU,1192.0,,32,38,-6
199612280HOU,RS,HOU,1213.0,,33,38,-5
199612280HOU,RS,HOU,1213.0,,34,38,-4
199612280HOU,RS,HOU,1230.0,,34,41,-7
199612280HOU,RS,HOU,1242.0,,37,41,-4
199612280HOU,RS,HOU,1263.0,,37,42,-5
199612280HOU,RS,HOU,1272.0,,37,43,-6
199612280HOU,RS,HOU,1272.0,,37,44,-7
199612280HOU,RS,HOU,1281.0,,39,44,-5
199612280HOU,RS,HOU,1308.0,,39,46,-7
199612280HOU,RS,HOU,1332.0,,41,46,-5
199612280HOU,RS,HOU,1345.0,,41,48,-7
199612280HOU,RS,HOU,1368.0,,41,50,-9
199612280HOU,RS,HOU,1382.0,,43,50,-7
199612280HOU,RS,HOU,1433.0,,45,50,-5
199612280HOU,RS,HOU,1479.0,,45,52,-7
199612280HOU,RS,HOU,1491.0,,47,52,-5
199612280HOU,RS,HOU,1514.0,,47,54,-7
199612280HOU,RS,HOU,1537.0,,47,56,-9
199612280HOU,RS,HOU,1548.0,,49,56,-7
199612280HOU,RS,HOU,1569.0,,49,58,-9
199612280HOU,RS,HOU,1597.0,,51,58,-7
199612280HOU,RS,HOU,1617.0,,51,61,-10
199612280HOU,RS,HOU,1668.0,,51,64,-13
199612280HOU,RS,HOU,1682.0,,54,64,-10
199612280HOU,RS,HOU,1725.0,,54,65,-11
199612280HOU,RS,HOU,1736.0,,56,65,-9
199612280HOU,RS,HOU,1771.0,,58,65,-7
199612280HOU,RS,HOU,1787.0,,58,67,-9
199612280HOU,RS,HOU,1787.0,,58,68,-10
199612280HOU,RS,HOU,1821.0,,60,68,-8
199612280HOU,RS,HOU,1851.0,,61,68,-7
199612280HOU,RS,HOU,1851.0,,62,68,-6
199612280HOU,RS,HOU,1890.0,,62,70,-8
199612280HOU,RS,HOU,1922.0,,62,71,-9
199612280HOU,RS,HOU,1960.0,,63,71,-8
199612280HOU,RS,HOU,1960.0,,64,71,-7
199612280HOU,RS,HOU,1991.0,,66,71,-5
199612280HOU,RS,HOU,2077.0,,66,72,-6
199612280HOU,RS,HOU,2077.0,,66,73,-7
199612280HOU,RS,HOU,2089.0,,68,73,-5
199612280HOU,RS,HOU,2105.0,,68,75,-7
199612280HOU,RS,HOU,2114.0,,70,75,-5
199612280HOU,RS,HOU,2179.0,,70,77,-7
199612280HOU,RS,HOU,2179.0,,70,78,-8
199612280HOU,RS,HOU,2198.0,,72,78,-6
199612280HOU,RS,HOU,2217.0,,72,80,-8
199612280HOU,RS,HOU,2236.0,,74,80,-6
199612280HOU,RS,HOU,2291.0,,76,80,-4
199612280HOU,RS,HOU,2313.0,,76,82,-6
199612280HOU,RS,HOU,2365.0,,76,83,-7
199612280HOU,RS,HOU,2365.0,,76,84,-8
199612280HOU,RS,HOU,2415.0,,77,84,-7
199612280HOU,RS,HOU,2426.0,,77,86,-9
199612280HOU,RS,HOU,2469.0,,77,88,-11
199612280HOU,RS,HOU,2482.0,,77,90,-13
199612280HOU,RS,HOU,2512.0,,79,90,-11
199612280HOU,RS,HOU,2562.0,,79,92,-13
199612280HOU,RS,HOU,2584.0,,81,92,-11
199612280HOU,RS,HOU,2609.0,,81,95,-14
199612280HOU,RS,HOU,2622.0,,83,95,-12
199612280HOU,RS,HOU,2642.0,,85,95,-10
199612280HOU,RS,HOU,2661.0,,85,97,-12
199612280HOU,RS,HOU,2678.0,,87,97,-10
199612280HOU,RS,HOU,2732.0,,90,97,-7
199612280HOU,RS,HOU,2752.0,,91,97,-6
199612280HOU,RS,HOU,2752.0,,92,97,-5
199612280HOU,RS,HOU,2791.0,,92,99,-7
199612280HOU,RS,HOU,2835.0,,92,101,-9
199612280HOU,RS,HOU,2850.0,,95,101,-6
199612280HOU,RS,HOU,2864.0,,95,102,-7
199612280HOU,RS,HOU,2867.0,,95,103,-8
199612280HOU,RS,HOU,2867.0,F,95,104,-9
199612280HOU,RS,HOU,2875.0,,95,104,-9
199701030GSW,RS,PHI,0.0,,0,0,0
199701030GSW,RS,PHI,36.0,,2,0,2
199701030GSW,RS,PHI,54.0,T,2,2,0
199701030GSW,RS,PHI,83.0,LC,2,4,-2
199701030GSW,RS,PHI,122.0,T,4,4,0
199701030GSW,RS,PHI,140.0,,4,6,-2
199701030GSW,RS,PHI,166.0,T,6,6,0
199701030GSW,RS,PHI,182.0,,6,9,-3
199701030GSW,RS,PHI,216.0,,8,9,-1
199701030GSW,RS,PHI,244.0,,8,12,-4
199701030GSW,RS,PHI,261.0,,11,12,-1
199701030GSW,RS,PHI,272.0,,11,15,-4
199701030GSW,RS,PHI,284.0,,13,15,-2
199701030GSW,RS,PHI,305.0,T,15,15,0
199701030GSW,RS,PHI,330.0,,15,17,-2
199701030GSW,RS,PHI,398.0,T,17,17,0
199701030GSW,RS,PHI,422.0,LC,19,17,2
199701030GSW,RS,PHI,461.0,,21,17,4
199701030GSW,RS,PHI,483.0,,21,18,3
199701030GSW,RS,PHI,498.0,,23,18,5
199701030GSW,RS,PHI,532.0,,23,21,2
199701030GSW,RS,PHI,626.0,,25,21,4
199701030GSW,RS,PHI,652.0,,26,21,5
199701030GSW,RS,PHI,652.0,,27,21,6
199701030GSW,RS,PHI,694.0,,29,21,8
199701030GSW,RS,PHI,715.0,,29,23,6
199701030GSW,RS,PHI,738.0,,29,25,4
199701030GSW,RS,PHI,781.0,,29,28,1
199701030GSW,RS,PHI,819.0,,31,28,3
199701030GSW,RS,PHI,870.0,,33,28,5
199701030GSW,RS,PHI,892.0,,35,28,7
199701030GSW,RS,PHI,928.0,,37,28,9
199701030GSW,RS,PHI,943.0,,37,29,8
199701030GSW,RS,PHI,960.0,,38,29,9
199701030GSW,RS,PHI,960.0,,39,29,10
199701030GSW,RS,PHI,1027.0,,41,29,12
199701030GSW,RS,PHI,1045.0,,41,30,11
199701030GSW,RS,PHI,1064.0,,43,30,13
199701030GSW,RS,PHI,1079.0,,43,32,11
199701030GSW,RS,PHI,1091.0,,46,32,14
199701030GSW,RS,PHI,1128.0,,48,32,16
199701030GSW,RS,PHI,1138.0,,48,33,15
199701030GSW,RS,PHI,1138.0,,48,34,14
199701030GSW,RS,PHI,1184.0,,48,35,13
199701030GSW,RS,PHI,1198.0,,50,35,15
199701030GSW,RS,PHI,1215.0,,50,37,13
199701030GSW,RS,PHI,1260.0,,50,39,11
199701030GSW,RS,PHI,1272.0,,51,39,12
199701030GSW,RS,PHI,1272.0,,52,39,13
199701030GSW,RS,PHI,1281.0,,52,40,12
199701030GSW,RS,PHI,1281.0,,52,41,11
199701030GSW,RS,PHI,1310.0,,52,42,10
199701030GSW,RS,PHI,1314.0,,54,42,12
199701030GSW,RS,PHI,1327.0,,54,44,10
199701030GSW,RS,PHI,1366.0,,54,47,7
199701030GSW,RS,PHI,1417.0,,57,47,10
199701030GSW,RS,PHI,1437.0,,57,50,7
199701030GSW,RS,PHI,1440.0,,58,50,8
199701030GSW,RS,PHI,1459.0,,58,52,6
199701030GSW,RS,PHI,1510.0,,58,54,4
199701030GSW,RS,PHI,1510.0,,58,55,3
199701030GSW,RS,PHI,1557.0,,59,55,4
199701030GSW,RS,PHI,1557.0,,60,55,5
199701030GSW,RS,PHI,1565.0,,60,57,3
199701030GSW,RS,PHI,1604.0,,60,58,2
199701030GSW,RS,PHI,1604.0,,60,59,1
199701030GSW,RS,PHI,1621.0,,62,59,3
199701030GSW,RS,PHI,1634.0,,62,61,1
199701030GSW,RS,PHI,1669.0,,64,61,3
199701030GSW,RS,PHI,1695.0,,64,62,2
199701030GSW,RS,PHI,1695.0,,64,63,1
199701030GSW,RS,PHI,1722.0,LC,64,65,-1
199701030GSW,RS,PHI,1747.0,,64,68,-4
199701030GSW,RS,PHI,1757.0,,67,68,-1
199701030GSW,RS,PHI,1775.0,,67,69,-2
199701030GSW,RS,PHI,1799.0,,68,69,-1
199701030GSW,RS,PHI,1799.0,T,69,69,0
199701030GSW,RS,PHI,1842.0,,69,70,-1
199701030GSW,RS,PHI,1855.0,LC,71,70,1
199701030GSW,RS,PHI,1889.0,,74,70,4
199701030GSW,RS,PHI,1912.0,,74,73,1
199701030GSW,RS,PHI,1924.0,,76,73,3
199701030GSW,RS,PHI,1943.0,,76,75,1
199701030GSW,RS,PHI,1952.0,,78,75,3
199701030GSW,RS,PHI,1984.0,T,78,78,0
199701030GSW,RS,PHI,1998.0,LC,78,80,-2
199701030GSW,RS,PHI,2092.0,T,80,80,0
199701030GSW,RS,PHI,2115.0,,80,81,-1
199701030GSW,RS,PHI,2115.0,,80,82,-2
199701030GSW,RS,PHI,2135.0,T,82,82,0
199701030GSW,RS,PHI,2172.0,LC,83,82,1
199701030GSW,RS,PHI,2172.0,,84,82,2
199701030GSW,RS,PHI,2205.0,,86,82,4
199701030GSW,RS,PHI,2210.0,,88,82,6
199701030GSW,RS,PHI,2260.0,,88,84,4
199701030GSW,RS,PHI,2304.0,,90,84,6
199701030GSW,RS,PHI,2327.0,,90,85,5
199701030GSW,RS,PHI,2327.0,,90,86,4
199701030GSW,RS,PHI,2338.0,,91,86,5
199701030GSW,RS,PHI,2338.0,,92,86,6
199701030GSW,RS,PHI,2351.0,,92,88,4
199701030GSW,RS,PHI,2373.0,,94,88,6
199701030GSW,RS,PHI,2406.0,,94,90,4
199701030GSW,RS,PHI,2416.0,,96,90,6
199701030GSW,RS,PHI,2431.0,,96,92,4
199701030GSW,RS,PHI,2431.0,,96,93,3
199701030GSW,RS,PHI,2467.0,,96,94,2
199701030GSW,RS,PHI,2467.0,,96,95,1
199701030GSW,RS,PHI,2498.0,LC,96,98,-2
199701030GSW,RS,PHI,2525.0,,96,100,-4
199701030GSW,RS,PHI,2540.0,,98,100,-2
199701030GSW,RS,PHI,2553.0,,98,101,-3
199701030GSW,RS,PHI,2628.0,,98,104,-6
199701030GSW,RS,PHI,2641.0,,99,104,-5
199701030GSW,RS,PHI,2641.0,,100,104,-4
199701030GSW,RS,PHI,2653.0,,100,105,-5
199701030GSW,RS,PHI,2665.0,,101,105,-4
199701030GSW,RS,PHI,2665.0,,102,105,-3
199701030GSW,RS,PHI,2697.0,,103,105,-2
199701030GSW,RS,PHI,2697.0,,104,105,-1
199701030GSW,RS,PHI,2782.0,T,105,105,0
199701030GSW,RS,PHI,2782.0,LC,106,105,1
199701030GSW,RS,PHI,2794.0,LC,106,108,-2
199701030GSW,RS,PHI,2834.0,T,108,108,0
199701030GSW,RS,PHI,2898.0,,108,110,-2
199701030GSW,RS,PHI,2913.0,T,110,110,0
199701030GSW,RS,PHI,2991.0,LC,112,110,2
199701030GSW,RS,PHI,3027.0,,114,110,4
199701030GSW,RS,PHI,3053.0,,114,112,2
199701030GSW,RS,PHI,3070.0,,116,112,4
199701030GSW,RS,PHI,3101.0,,118,112,6
199701030GSW,RS,PHI,3110.0,,118,114,4
199701030GSW,RS,PHI,3168.0,,119,114,5
199701030GSW,RS,PHI,3168.0,,120,114,6
199701030GSW,RS,PHI,3172.0,F,122,114,8
199701030GSW,RS,PHI,3180.0,,122,114,8
199701060GSW,RS,CHH,0.0,,0,0,0
199701060GSW,RS,CHH,33.0,,2,0,2
199701060GSW,RS,CHH,49.0,T,2,2,0
199701060GSW,RS,CHH,62.0,,4,2,2
199701060GSW,RS,CHH,95.0,,4,3,1
199701060GSW,RS,CHH,95.0,T,4,4,0
199701060GSW,RS,CHH,150.0,,6,4,2
199701060GSW,RS,CHH,150.0,,7,4,3
199701060GSW,RS,CHH,173.0,,7,6,1
199701060GSW,RS,CHH,192.0,,9,6,3
199701060GSW,RS,CHH,209.0,T,9,9,0
199701060GSW,RS,CHH,228.0,,11,9,2
199701060GSW,RS,CHH,243.0,T,11,11,0
199701060GSW,RS,CHH,253.0,,14,11,3
199701060GSW,RS,CHH,270.0,,14,13,1
199701060GSW,RS,CHH,333.0,LC,14,15,-1
199701060GSW,RS,CHH,354.0,LC,17,15,2
199701060GSW,RS,CHH,367.0,T,17,17,0
199701060GSW,RS,CHH,380.0,,18,17,1
199701060GSW,RS,CHH,388.0,,19,17,2
199701060GSW,RS,CHH,415.0,,22,17,5
199701060GSW,RS,CHH,435.0,,22,19,3
199701060GSW,RS,CHH,489.0,,22,21,1
199701060GSW,RS,CHH,501.0,,24,21,3
199701060GSW,RS,CHH,530.0,T,24,24,0
199701060GSW,RS,CHH,543.0,,26,24,2
199701060GSW,RS,CHH,564.0,,28,24,4
199701060GSW,RS,CHH,581.0,,28,27,1
199701060GSW,RS,CHH,625.0,,30,27,3
199701060GSW,RS,CHH,637.0,,30,28,2
199701060GSW,RS,CHH,637.0,,30,29,1
199701060GSW,RS,CHH,653.0,,32,29,3
199701060GSW,RS,CHH,675.0,,34,29,5
199701060GSW,RS,CHH,690.0,,34,30,4
199701060GSW,RS,CHH,690.0,,34,31,3
199701060GSW,RS,CHH,706.0,,36,31,5
199701060GSW,RS,CHH,706.0,,37,31,6
199701060GSW,RS,CHH,719.0,,37,34,3
199701060GSW,RS,CHH,792.0,,39,34,5
199701060GSW,RS,CHH,842.0,,39,37,2
199701060GSW,RS,CHH,897.0,,39,38,1
199701060GSW,RS,CHH,897.0,T,39,39,0
199701060GSW,RS,CHH,917.0,,41,39,2
199701060GSW,RS,CHH,937.0,,43,39,4
199701060GSW,RS,CHH,965.0,,46,39,7
199701060GSW,RS,CHH,998.0,,46,40,6
199701060GSW,RS,CHH,998.0,,46,41,5
199701060GSW,RS,CHH,1015.0,,48,41,7
199701060GSW,RS,CHH,1097.0,,48,43,5
199701060GSW,RS,CHH,1133.0,,48,46,2
199701060GSW,RS,CHH,1173.0,T,48,48,0
199701060GSW,RS,CHH,1196.0,LC,48,51,-3
199701060GSW,RS,CHH,1228.0,,48,52,-4
199701060GSW,RS,CHH,1259.0,,48,53,-5
199701060GSW,RS,CHH,1259.0,,48,54,-6
199701060GSW,RS,CHH,1273.0,,50,54,-4
199701060GSW,RS,CHH,1295.0,,52,54,-2
199701060GSW,RS,CHH,1319.0,LC,55,54,1
199701060GSW,RS,CHH,1359.0,,57,54,3
199701060GSW,RS,CHH,1380.0,T,57,57,0
199701060GSW,RS,CHH,1413.0,,59,57,2
199701060GSW,RS,CHH,1436.0,T,59,59,0
199701060GSW,RS,CHH,1455.0,,61,59,2
199701060GSW,RS,CHH,1493.0,,61,60,1
199701060GSW,RS,CHH,1493.0,T,61,61,0
199701060GSW,RS,CHH,1516.0,,63,61,2
199701060GSW,RS,CHH,1596.0,T,63,63,0
199701060GSW,RS,CHH,1611.0,,64,63,1
199701060GSW,RS,CHH,1611.0,,65,63,2
199701060GSW,RS,CHH,1611.0,,66,63,3
199701060GSW,RS,CHH,1629.0,,66,64,2
199701060GSW,RS,CHH,1629.0,,66,65,1
199701060GSW,RS,CHH,1664.0,T,66,66,0
199701060GSW,RS,CHH,1684.0,LC,66,69,-3
199701060GSW,RS,CHH,1707.0,,68,69,-1
199701060GSW,RS,CHH,1724.0,,68,71,-3
199701060GSW,RS,CHH,1755.0,,68,73,-5
199701060GSW,RS,CHH,1800.0,,70,73,-3
199701060GSW,RS,CHH,1887.0,,70,75,-5
199701060GSW,RS,CHH,1897.0,,72,75,-3
199701060GSW,RS,CHH,1939.0,,74,75,-1
199701060GSW,RS,CHH,1958.0,,74,76,-2
199701060GSW,RS,CHH,1958.0,,74,77,-3
199701060GSW,RS,CHH,1968.0,,76,77,-1
199701060GSW,RS,CHH,1991.0,,76,79,-3
199701060GSW,RS,CHH,2041.0,,76,81,-5
199701060GSW,RS,CHH,2095.0,,76,82,-6
199701060GSW,RS,CHH,2113.0,,79,82,-3
199701060GSW,RS,CHH,2139.0,,80,82,-2
199701060GSW,RS,CHH,2139.0,,81,82,-1
199701060GSW,RS,CHH,2185.0,,81,84,-3
199701060GSW,RS,CHH,2226.0,,81,85,-4
199701060GSW,RS,CHH,2226.0,,81,86,-5
199701060GSW,RS,CHH,2239.0,,82,86,-4
199701060GSW,RS,CHH,2239.0,,83,86,-3
199701060GSW,RS,CHH,2267.0,T,86,86,0
199701060GSW,RS,CHH,2283.0,,86,88,-2
199701060GSW,RS,CHH,2319.0,,86,90,-4
199701060GSW,RS,CHH,2439.0,,88,90,-2
199701060GSW,RS,CHH,2489.0,T,90,90,0
199701060GSW,RS,CHH,2522.0,,90,92,-2
199701060GSW,RS,CHH,2571.0,,90,93,-3
199701060GSW,RS,CHH,2571.0,,90,94,-4
199701060GSW,RS,CHH,2606.0,,90,95,-5
199701060GSW,RS,CHH,2606.0,,90,96,-6
199701060GSW,RS,CHH,2623.0,,92,96,-4
199701060GSW,RS,CHH,2686.0,,92,97,-5
199701060GSW,RS,CHH,2694.0,,93,97,-4
199701060GSW,RS,CHH,2694.0,,94,97,-3
199701060GSW,RS,CHH,2723.0,,95,97,-2
199701060GSW,RS,CHH,2723.0,,96,97,-1
199701060GSW,RS,CHH,2740.0,,96,98,-2
199701060GSW,RS,CHH,2740.0,,96,99,-3
199701060GSW,RS,CHH,2758.0,,96,101,-5
199701060GSW,RS,CHH,2774.0,,97,101,-4
199701060GSW,RS,CHH,2774.0,,98,101,-3
199701060GSW,RS,CHH,2792.0,,98,103,-5
199701060GSW,RS,CHH,2824.0,,99,103,-4
199701060GSW,RS,CHH,2824.0,,100,103,-3
199701060GSW,RS,CHH,2824.0,,101,103,-2
199701060GSW,RS,CHH,2840.0,,101,104,-3
199701060GSW,RS,CHH,2840.0,,101,105,-4
199701060GSW,RS,CHH,2853.0,,101,106,-5
199701060GSW,RS,CHH,2853.0,,101,107,-6
199701060GSW,RS,CHH,2863.0,,101,108,-7
199701060GSW,RS,CHH,2863.0,F,101,109,-8
199701060GSW,RS,CHH,2873.0,,101,109,-8
199701080GSW,RS,VAN,0.0,,0,0,0
199701080GSW,RS,VAN,12.0,,2,0,2
199701080GSW,RS,VAN,76.0,,4,0,4
199701080GSW,RS,VAN,106.0,,6,0,6
199701080GSW,RS,VAN,152.0,,6,2,4
199701080GSW,RS,VAN,165.0,,8,2,6
199701080GSW,RS,VAN,165.0,,9,2,7
199701080GSW,RS,VAN,187.0,,11,2,9
199701080GSW,RS,VAN,203.0,,11,3,8
199701080GSW,RS,VAN,203.0,,11,4,7
199701080GSW,RS,VAN,237.0,,13,4,9
199701080GSW,RS,VAN,259.0,,13,6,7
199701080GSW,RS,VAN,333.0,,13,8,5
199701080GSW,RS,VAN,369.0,,13,9,4
199701080GSW,RS,VAN,369.0,,13,10,3
199701080GSW,RS,VAN,385.0,,16,10,6
199701080GSW,RS,VAN,403.0,,16,12,4
199701080GSW,RS,VAN,425.0,,16,14,2
199701080GSW,RS,VAN,455.0,,18,14,4
199701080GSW,RS,VAN,492.0,,20,14,6
199701080GSW,RS,VAN,519.0,,22,14,8
199701080GSW,RS,VAN,533.0,,22,15,7
199701080GSW,RS,VAN,582.0,,24,15,9
199701080GSW,RS,VAN,606.0,,24,17,7
199701080GSW,RS,VAN,625.0,,26,17,9
199701080GSW,RS,VAN,651.0,,26,19,7
199701080GSW,RS,VAN,667.0,,27,19,8
199701080GSW,RS,VAN,667.0,,28,19,9
199701080GSW,RS,VAN,702.0,,29,19,10
199701080GSW,RS,VAN,702.0,,30,19,11
199701080GSW,RS,VAN,718.0,,30,21,9
199701080GSW,RS,VAN,739.0,,30,22,8
199701080GSW,RS,VAN,739.0,,30,23,7
199701080GSW,RS,VAN,769.0,,30,25,5
199701080GSW,RS,VAN,780.0,,32,25,7
199701080GSW,RS,VAN,813.0,,32,27,5
199701080GSW,RS,VAN,821.0,,33,27,6
199701080GSW,RS,VAN,853.0,,36,27,9
199701080GSW,RS,VAN,882.0,,36,29,7
199701080GSW,RS,VAN,914.0,,36,32,4
199701080GSW,RS,VAN,927.0,,37,32,5
199701080GSW,RS,VAN,968.0,,37,34,3
199701080GSW,RS,VAN,1004.0,T,37,37,0
199701080GSW,RS,VAN,1044.0,LC,37,39,-2
199701080GSW,RS,VAN,1092.0,,38,39,-1
199701080GSW,RS,VAN,1092.0,T,39,39,0
199701080GSW,RS,VAN,1108.0,,39,41,-2
199701080GSW,RS,VAN,1178.0,LC,42,41,1
199701080GSW,RS,VAN,1201.0,LC,42,43,-1
199701080GSW,RS,VAN,1226.0,,42,45,-3
199701080GSW,RS,VAN,1275.0,,42,47,-5
199701080GSW,RS,VAN,1296.0,,45,47,-2
199701080GSW,RS,VAN,1350.0,T,47,47,0
199701080GSW,RS,VAN,1365.0,,47,49,-2
199701080GSW,RS,VAN,1418.0,,47,50,-3
199701080GSW,RS,VAN,1418.0,,47,51,-4
199701080GSW,RS,VAN,1440.0,,49,51,-2
199701080GSW,RS,VAN,1468.0,T,51,51,0
199701080GSW,RS,VAN,1524.0,LC,52,51,1
199701080GSW,RS,VAN,1546.0,,54,51,3
199701080GSW,RS,VAN,1602.0,,54,52,2
199701080GSW,RS,VAN,1602.0,,54,53,1
199701080GSW,RS,VAN,1626.0,LC,54,55,-1
199701080GSW,RS,VAN,1643.0,,54,57,-3
199701080GSW,RS,VAN,1673.0,,54,59,-5
199701080GSW,RS,VAN,1716.0,,57,59,-2
199701080GSW,RS,VAN,1775.0,,57,61,-4
199701080GSW,RS,VAN,1812.0,,57,62,-5
199701080GSW,RS,VAN,1812.0,,57,63,-6
199701080GSW,RS,VAN,1844.0,,59,63,-4
199701080GSW,RS,VAN,1860.0,,59,66,-7
199701080GSW,RS,VAN,1872.0,,59,67,-8
199701080GSW,RS,VAN,1885.0,,61,67,-6
199701080GSW,RS,VAN,1900.0,,61,68,-7
199701080GSW,RS,VAN,1900.0,,61,69,-8
199701080GSW,RS,VAN,1912.0,,63,69,-6
199701080GSW,RS,VAN,1943.0,,65,69,-4
199701080GSW,RS,VAN,1943.0,,66,69,-3
199701080GSW,RS,VAN,1959.0,,66,70,-4
199701080GSW,RS,VAN,2006.0,,66,72,-6
199701080GSW,RS,VAN,2018.0,,68,72,-4
199701080GSW,RS,VAN,2054.0,,70,72,-2
199701080GSW,RS,VAN,2066.0,,70,73,-3
199701080GSW,RS,VAN,2066.0,,70,74,-4
199701080GSW,RS,VAN,2125.0,,70,76,-6
199701080GSW,RS,VAN,2151.0,,70,77,-7
199701080GSW,RS,VAN,2151.0,,70,78,-8
199701080GSW,RS,VAN,2169.0,,71,78,-7
199701080GSW,RS,VAN,2169.0,,72,78,-6
199701080GSW,RS,VAN,2190.0,,72,81,-9
199701080GSW,RS,VAN,2230.0,,72,83,-11
199701080GSW,RS,VAN,2263.0,,72,85,-13
199701080GSW,RS,VAN,2263.0,,72,86,-14
199701080GSW,RS,VAN,2302.0,,72,88,-16
199701080GSW,RS,VAN,2326.0,,74,88,-14
199701080GSW,RS,VAN,2334.0,,74,89,-15
199701080GSW,RS,VAN,2334.0,,74,90,-16
199701080GSW,RS,VAN,2348.0,,76,90,-14
199701080GSW,RS,VAN,2367.0,,76,92,-16
199701080GSW,RS,VAN,2383.0,,78,92,-14
199701080GSW,RS,VAN,2397.0,,78,93,-15
199701080GSW,RS,VAN,2397.0,,78,94,-16
199701080GSW,RS,VAN,2432.0,,79,94,-15
199701080GSW,RS,VAN,2432.0,,80,94,-14
199701080GSW,RS,VAN,2448.0,,80,96,-16
199701080GSW,RS,VAN,2471.0,,81,96,-15
199701080GSW,RS,VAN,2508.0,,82,96,-14
199701080GSW,RS,VAN,2508.0,,83,96,-13
199701080GSW,RS,VAN,2573.0,,83,97,-14
199701080GSW,RS,VAN,2573.0,,83,98,-15
199701080GSW,RS,VAN,2622.0,,84,98,-14
199701080GSW,RS,VAN,2622.0,,85,98,-13
199701080GSW,RS,VAN,2637.0,,85,99,-14
199701080GSW,RS,VAN,2649.0,,88,99,-11
199701080GSW,RS,VAN,2679.0,,89,99,-10
199701080GSW,RS,VAN,2679.0,,90,99,-9
199701080GSW,RS,VAN,2707.0,,92,99,-7
199701080GSW,RS,VAN,2754.0,,92,101,-9
199701080GSW,RS,VAN,2770.0,,93,101,-8
199701080GSW,RS,VAN,2772.0,,94,101,-7
199701080GSW,RS,VAN,2772.0,,95,101,-6
199701080GSW,RS,VAN,2801.0,,95,102,-7
199701080GSW,RS,VAN,2801.0,,95,103,-8
199701080GSW,RS,VAN,2815.0,,95,104,-9
199701080GSW,RS,VAN,2842.0,F,95,106,-11
199701080GSW,RS,VAN,2880.0,,95,109,-14
199701090VAN,RS,VAN,0.0,,0,0,0
199701090VAN,RS,VAN,17.0,,0,2,-2
199701090VAN,RS,VAN,73.0,,0,4,-4
199701090VAN,RS,VAN,94.0,,0,6,-6
199701090VAN,RS,VAN,107.0,,2,6,-4
199701090VAN,RS,VAN,123.0,,2,9,-7
199701090VAN,RS,VAN,162.0,,4,9,-5
199701090VAN,RS,VAN,179.0,,4,11,-7
199701090VAN,RS,VAN,209.0,,4,13,-9
199701090VAN,RS,VAN,232.0,,6,13,-7
199701090VAN,RS,VAN,270.0,,8,13,-5
199701090VAN,RS,VAN,299.0,,8,15,-7
199701090VAN,RS,VAN,317.0,,10,15,-5
199701090VAN,RS,VAN,336.0,,10,17,-7
199701090VAN,RS,VAN,352.0,,12,17,-5
199701090VAN,RS,VAN,373.0,,12,19,-7
199701090VAN,RS,VAN,425.0,,12,21,-9
199701090VAN,RS,VAN,519.0,,14,21,-7
199701090VAN,RS,VAN,562.0,,17,21,-4
199701090VAN,RS,VAN,600.0,,19,21,-2
199701090VAN,RS,VAN,625.0,,19,23,-4
199701090VAN,RS,VAN,645.0,,21,23,-2
199701090VAN,RS,VAN,739.0,T,23,23,0
199701090VAN,RS,VAN,760.0,,23,25,-2
199701090VAN,RS,VAN,780.0,,24,25,-1
199701090VAN,RS,VAN,780.0,T,25,25,0
199701090VAN,RS,VAN,800.0,LC,27,25,2
199701090VAN,RS,VAN,811.0,T,27,27,0
199701090VAN,RS,VAN,855.0,LC,27,28,-1
199701090VAN,RS,VAN,855.0,,27,29,-2
199701090VAN,RS,VAN,877.0,,27,31,-4
199701090VAN,RS,VAN,889.0,,29,31,-2
199701090VAN,RS,VAN,917.0,T,31,31,0
199701090VAN,RS,VAN,970.0,LC,33,31,2
199701090VAN,RS,VAN,987.0,,35,31,4
199701090VAN,RS,VAN,1017.0,,37,31,6
199701090VAN,RS,VAN,1029.0,,37,33,4
199701090VAN,RS,VAN,1042.0,,39,33,6
199701090VAN,RS,VAN,1061.0,,39,35,4
199701090VAN,RS,VAN,1087.0,,39,38,1
199701090VAN,RS,VAN,1108.0,,42,38,4
199701090VAN,RS,VAN,1121.0,,42,40,2
199701090VAN,RS,VAN,1165.0,LC,42,43,-1
199701090VAN,RS,VAN,1192.0,LC,44,43,1
199701090VAN,RS,VAN,1242.0,,46,43,3
199701090VAN,RS,VAN,1259.0,,46,44,2
199701090VAN,RS,VAN,1290.0,T,46,46,0
199701090VAN,RS,VAN,1311.0,,48,46,2
199701090VAN,RS,VAN,1325.0,,48,47,1
199701090VAN,RS,VAN,1339.0,,49,47,2
199701090VAN,RS,VAN,1339.0,,50,47,3
199701090VAN,RS,VAN,1393.0,,50,48,2
199701090VAN,RS,VAN,1408.0,,52,48,4
199701090VAN,RS,VAN,1421.0,,52,50,2
199701090VAN,RS,VAN,1438.0,,54,50,4
199701090VAN,RS,VAN,1453.0,,56,50,6
199701090VAN,RS,VAN,1604.0,,56,52,4
199701090VAN,RS,VAN,1625.0,,56,53,3
199701090VAN,RS,VAN,1638.0,,59,53,6
199701090VAN,RS,VAN,1661.0,,60,53,7
199701090VAN,RS,VAN,1661.0,,61,53,8
199701090VAN,RS,VAN,1696.0,,61,55,6
199701090VAN,RS,VAN,1717.0,,63,55,8
199701090VAN,RS,VAN,1750.0,,66,55,11
199701090VAN,RS,VAN,1785.0,,68,55,13
199701090VAN,RS,VAN,1804.0,,68,57,11
199701090VAN,RS,VAN,1824.0,,69,57,12
199701090VAN,RS,VAN,1853.0,,69,59,10
199701090VAN,RS,VAN,1879.0,,71,59,12
199701090VAN,RS,VAN,1895.0,,71,61,10
199701090VAN,RS,VAN,1917.0,,73,61,12
199701090VAN,RS,VAN,1935.0,,73,63,10
199701090VAN,RS,VAN,1957.0,,73,65,8
199701090VAN,RS,VAN,1995.0,,73,67,6
199701090VAN,RS,VAN,2057.0,,74,67,7
199701090VAN,RS,VAN,2057.0,,75,67,8
199701090VAN,RS,VAN,2073.0,,75,68,7
199701090VAN,RS,VAN,2104.0,,77,68,9
199701090VAN,RS,VAN,2150.0,,77,70,7
199701090VAN,RS,VAN,2179.0,,77,72,5
199701090VAN,RS,VAN,2203.0,,79,72,7
199701090VAN,RS,VAN,2234.0,,79,74,5
199701090VAN,RS,VAN,2256.0,,81,74,7
199701090VAN,RS,VAN,2306.0,,81,77,4
199701090VAN,RS,VAN,2346.0,,83,77,6
199701090VAN,RS,VAN,2365.0,,83,79,4
199701090VAN,RS,VAN,2417.0,,83,80,3
199701090VAN,RS,VAN,2432.0,,85,80,5
199701090VAN,RS,VAN,2554.0,,87,80,7
199701090VAN,RS,VAN,2578.0,,89,80,9
199701090VAN,RS,VAN,2625.0,,91,80,11
199701090VAN,RS,VAN,2643.0,,91,82,9
199701090VAN,RS,VAN,2690.0,,93,82,11
199701090VAN,RS,VAN,2743.0,,93,84,9
199701090VAN,RS,VAN,2758.0,,95,84,11
199701090VAN,RS,VAN,2812.0,,96,84,12
199701090VAN,RS,VAN,2812.0,,97,84,13
199701090VAN,RS,VAN,2825.0,,97,86,11
199701090VAN,RS,VAN,2842.0,,100,86,14
199701090VAN,RS,VAN,2861.0,F,102,86,16
199701090VAN,RS,VAN,2869.0,,102,86,16
199701120MIL,RS,MIL,0.0,,0,0,0
199701120MIL,RS,MIL,14.0,,0,2,-2
199701120MIL,RS,MIL,54.0,,0,4,-4
199701120MIL,RS,MIL,93.0,,2,4,-2
199701120MIL,RS,MIL,110.0,,2,5,-3
199701120MIL,RS,MIL,136.0,,2,7,-5
199701120MIL,RS,MIL,212.0,,4,7,-3
199701120MIL,RS,MIL,239.0,,6,7,-1
199701120MIL,RS,MIL,259.0,,6,9,-3
199701120MIL,RS,MIL,271.0,,8,9,-1
199701120MIL,RS,MIL,296.0,T,9,9,0
199701120MIL,RS,MIL,317.0,LC,11,9,2
199701120MIL,RS,MIL,342.0,T,11,11,0
199701120MIL,RS,MIL,369.0,LC,11,14,-3
199701120MIL,RS,MIL,397.0,,11,16,-5
199701120MIL,RS,MIL,423.0,,11,18,-7
199701120MIL,RS,MIL,439.0,,11,20,-9
199701120MIL,RS,MIL,476.0,,11,23,-12
199701120MIL,RS,MIL,501.0,,11,25,-14
199701120MIL,RS,MIL,516.0,,13,25,-12
199701120MIL,RS,MIL,540.0,,13,27,-14
199701120MIL,RS,MIL,562.0,,15,27,-12
199701120MIL,RS,MIL,591.0,,17,27,-10
199701120MIL,RS,MIL,622.0,,19,27,-8
199701120MIL,RS,MIL,652.0,,20,27,-7
199701120MIL,RS,MIL,652.0,,21,27,-6
199701120MIL,RS,MIL,680.0,,22,27,-5
199701120MIL,RS,MIL,698.0,,22,28,-6
199701120MIL,RS,MIL,698.0,,22,29,-7
199701120MIL,RS,MIL,737.0,,24,29,-5
199701120MIL,RS,MIL,754.0,,24,31,-7
199701120MIL,RS,MIL,776.0,,26,31,-5
199701120MIL,RS,MIL,787.0,,26,32,-6
199701120MIL,RS,MIL,830.0,,28,32,-4
199701120MIL,RS,MIL,902.0,,28,34,-6
199701120MIL,RS,MIL,931.0,,29,34,-5
199701120MIL,RS,MIL,931.0,,30,34,-4
199701120MIL,RS,MIL,957.0,,32,34,-2
199701120MIL,RS,MIL,1029.0,T,34,34,0
199701120MIL,RS,MIL,1154.0,LC,37,34,3
199701120MIL,RS,MIL,1177.0,,37,36,1
199701120MIL,RS,MIL,1185.0,,39,36,3
199701120MIL,RS,MIL,1202.0,,41,36,5
199701120MIL,RS,MIL,1221.0,,41,38,3
199701120MIL,RS,MIL,1221.0,,41,39,2
199701120MIL,RS,MIL,1249.0,T,41,41,0
199701120MIL,RS,MIL,1285.0,LC,41,43,-2
199701120MIL,RS,MIL,1304.0,T,43,43,0
199701120MIL,RS,MIL,1321.0,,43,46,-3
199701120MIL,RS,MIL,1344.0,,45,46,-1
199701120MIL,RS,MIL,1365.0,,45,49,-4
199701120MIL,RS,MIL,1377.0,,47,49,-2
199701120MIL,RS,MIL,1415.0,,47,51,-4
199701120MIL,RS,MIL,1456.0,,50,51,-1
199701120MIL,RS,MIL,1475.0,,50,53,-3
199701120MIL,RS,MIL,1494.0,,50,55,-5
199701120MIL,RS,MIL,1494.0,,50,56,-6
199701120MIL,RS,MIL,1506.0,,51,56,-5
199701120MIL,RS,MIL,1506.0,,52,56,-4
199701120MIL,RS,MIL,1540.0,,52,58,-6
199701120MIL,RS,MIL,1589.0,,52,61,-9
199701120MIL,RS,MIL,1639.0,,53,61,-8
199701120MIL,RS,MIL,1639.0,,54,61,-7
199701120MIL,RS,MIL,1651.0,,54,63,-9
199701120MIL,RS,MIL,1681.0,,54,65,-11
199701120MIL,RS,MIL,1694.0,,57,65,-8
199701120MIL,RS,MIL,1763.0,,57,67,-10
199701120MIL,RS,MIL,1792.0,,57,68,-11
199701120MIL,RS,MIL,1792.0,,57,69,-12
199701120MIL,RS,MIL,1851.0,,60,69,-9
199701120MIL,RS,MIL,1875.0,,60,70,-10
199701120MIL,RS,MIL,1896.0,,60,71,-11
199701120MIL,RS,MIL,1896.0,,60,72,-12
199701120MIL,RS,MIL,1937.0,,60,74,-14
199701120MIL,RS,MIL,1978.0,,60,76,-16
199701120MIL,RS,MIL,2041.0,,60,77,-17
199701120MIL,RS,MIL,2062.0,,62,77,-15
199701120MIL,RS,MIL,2116.0,,62,79,-17
199701120MIL,RS,MIL,2128.0,,63,79,-16
199701120MIL,RS,MIL,2128.0,,64,79,-15
199701120MIL,RS,MIL,2148.0,,66,79,-13
199701120MIL,RS,MIL,2178.0,,66,81,-15
199701120MIL,RS,MIL,2178.0,,66,82,-16
199701120MIL,RS,MIL,2220.0,,66,84,-18
199701120MIL,RS,MIL,2237.0,,68,84,-16
199701120MIL,RS,MIL,2237.0,,68,86,-18
199701120MIL,RS,MIL,2296.0,,70,86,-16
199701120MIL,RS,MIL,2343.0,,70,88,-18
199701120MIL,RS,MIL,2364.0,,70,90,-20
199701120MIL,RS,MIL,2364.0,,70,91,-21
199701120MIL,RS,MIL,2394.0,,70,93,-23
199701120MIL,RS,MIL,2417.0,,70,95,-25
199701120MIL,RS,MIL,2456.0,,70,97,-27
199701120MIL,RS,MIL,2477.0,,73,97,-24
199701120MIL,RS,MIL,2499.0,,73,99,-26
199701120MIL,RS,MIL,2528.0,,75,99,-24
199701120MIL,RS,MIL,2589.0,,77,99,-22
199701120MIL,RS,MIL,2605.0,,77,100,-23
199701120MIL,RS,MIL,2615.0,,79,100,-21
199701120MIL,RS,MIL,2673.0,,81,100,-19
199701120MIL,RS,MIL,2724.0,,81,102,-21
199701120MIL,RS,MIL,2733.0,,84,102,-18
199701120MIL,RS,MIL,2757.0,,84,104,-20
199701120MIL,RS,MIL,2783.0,,86,104,-18
199701120MIL,RS,MIL,2795.0,,86,106,-20
199701120MIL,RS,MIL,2807.0,,88,106,-18
199701120MIL,RS,MIL,2820.0,,88,108,-20
199701120MIL,RS,MIL,2832.0,,90,108,-18
199701120MIL,RS,MIL,2842.0,,90,109,-19
199701120MIL,RS,MIL,2851.0,,93,109,-16
199701120MIL,RS,MIL,2861.0,F,93,111,-18
199701120MIL,RS,MIL,2880.0,,93,111,-18
199701140BOS,RS,BOS,0.0,,0,0,0
199701140BOS,RS,BOS,15.0,,2,0,2
199701140BOS,RS,BOS,38.0,T,2,2,0
199701140BOS,RS,BOS,119.0,,4,2,2
199701140BOS,RS,BOS,119.0,,5,2,3
199701140BOS,RS,BOS,142.0,,7,2,5
199701140BOS,RS,BOS,157.0,,7,4,3
199701140BOS,RS,BOS,180.0,,9,4,5
199701140BOS,RS,BOS,238.0,,11,4,7
199701140BOS,RS,BOS,277.0,,11,6,5
199701140BOS,RS,BOS,298.0,,13,6,7
199701140BOS,RS,BOS,310.0,,13,8,5
199701140BOS,RS,BOS,337.0,,13,10,3
199701140BOS,RS,BOS,363.0,,13,12,1
199701140BOS,RS,BOS,382.0,LC,13,14,-1
199701140BOS,RS,BOS,421.0,LC,15,14,1
199701140BOS,RS,BOS,465.0,,17,14,3
199701140BOS,RS,BOS,495.0,,19,14,5
199701140BOS,RS,BOS,508.0,,19,16,3
199701140BOS,RS,BOS,532.0,,19,18,1
199701140BOS,RS,BOS,597.0,,22,18,4
199701140BOS,RS,BOS,641.0,,22,19,3
199701140BOS,RS,BOS,641.0,,22,20,2
199701140BOS,RS,BOS,666.0,T,22,22,0
199701140BOS,RS,BOS,679.0,,24,22,2
199701140BOS,RS,BOS,690.0,T,24,24,0
199701140BOS,RS,BOS,701.0,LC,24,26,-2
199701140BOS,RS,BOS,719.0,,25,26,-1
199701140BOS,RS,BOS,719.0,T,26,26,0
199701140BOS,RS,BOS,819.0,,26,27,-1
199701140BOS,RS,BOS,819.0,,26,28,-2
199701140BOS,RS,BOS,847.0,T,28,28,0
199701140BOS,RS,BOS,890.0,LC,30,28,2
199701140BOS,RS,BOS,905.0,T,30,30,0
199701140BOS,RS,BOS,918.0,,32,30,2
199701140BOS,RS,BOS,927.0,T,32,32,0
199701140BOS,RS,BOS,979.0,,34,32,2
199701140BOS,RS,BOS,996.0,T,34,34,0
199701140BOS,RS,BOS,1017.0,,36,34,2
199701140BOS,RS,BOS,1045.0,T,36,36,0
199701140BOS,RS,BOS,1094.0,LC,36,37,-1
199701140BOS,RS,BOS,1094.0,,36,38,-2
199701140BOS,RS,BOS,1119.0,,36,40,-4
199701140BOS,RS,BOS,1158.0,,36,42,-6
199701140BOS,RS,BOS,1190.0,,38,42,-4
199701140BOS,RS,BOS,1228.0,,38,43,-5
199701140BOS,RS,BOS,1266.0,,40,43,-3
199701140BOS,RS,BOS,1280.0,,40,45,-5
199701140BOS,RS,BOS,1290.0,,42,45,-3
199701140BOS,RS,BOS,1306.0,,42,47,-5
199701140BOS,RS,BOS,1306.0,,42,48,-6
199701140BOS,RS,BOS,1327.0,,42,49,-7
199701140BOS,RS,BOS,1354.0,,42,52,-10
199701140BOS,RS,BOS,1376.0,,44,52,-8
199701140BOS,RS,BOS,1398.0,,45,52,-7
199701140BOS,RS,BOS,1398.0,,46,52,-6
199701140BOS,RS,BOS,1419.0,,48,52,-4
199701140BOS,RS,BOS,1469.0,,49,52,-3
199701140BOS,RS,BOS,1469.0,,50,52,-2
199701140BOS,RS,BOS,1488.0,,50,54,-4
199701140BOS,RS,BOS,1528.0,,50,57,-7
199701140BOS,RS,BOS,1535.0,,52,57,-5
199701140BOS,RS,BOS,1544.0,,52,59,-7
199701140BOS,RS,BOS,1580.0,,52,62,-10
199701140BOS,RS,BOS,1610.0,,52,63,-11
199701140BOS,RS,BOS,1610.0,,52,64,-12
199701140BOS,RS,BOS,1648.0,,54,64,-10
199701140BOS,RS,BOS,1648.0,,55,64,-9
199701140BOS,RS,BOS,1665.0,,55,65,-10
199701140BOS,RS,BOS,1681.0,,57,65,-8
199701140BOS,RS,BOS,1706.0,,59,65,-6
199701140BOS,RS,BOS,1800.0,,59,66,-7
199701140BOS,RS,BOS,1800.0,,59,67,-8
199701140BOS,RS,BOS,1819.0,,61,67,-6
199701140BOS,RS,BOS,1829.0,,61,69,-8
199701140BOS,RS,BOS,1842.0,,63,69,-6
199701140BOS,RS,BOS,1858.0,,63,71,-8
199701140BOS,RS,BOS,1867.0,,64,71,-7
199701140BOS,RS,BOS,1867.0,,65,71,-6
199701140BOS,RS,BOS,1892.0,,65,73,-8
199701140BOS,RS,BOS,1900.0,,67,73,-6
199701140BOS,RS,BOS,1940.0,,70,73,-3
199701140BOS,RS,BOS,1956.0,,70,76,-6
199701140BOS,RS,BOS,1979.0,,72,76,-4
199701140BOS,RS,BOS,2028.0,,72,78,-6
199701140BOS,RS,BOS,2043.0,,73,78,-5
199701140BOS,RS,BOS,2043.0,,74,78,-4
199701140BOS,RS,BOS,2060.0,,74,79,-5
199701140BOS,RS,BOS,2060.0,,74,80,-6
199701140BOS,RS,BOS,2089.0,,74,81,-7
199701140BOS,RS,BOS,2089.0,,74,82,-8
199701140BOS,RS,BOS,2102.0,,75,82,-7
199701140BOS,RS,BOS,2152.0,,77,82,-5
199701140BOS,RS,BOS,2182.0,,79,82,-3
199701140BOS,RS,BOS,2196.0,,79,85,-6
199701140BOS,RS,BOS,2212.0,,81,85,-4
199701140BOS,RS,BOS,2257.0,,81,86,-5
199701140BOS,RS,BOS,2282.0,,81,89,-8
199701140BOS,RS,BOS,2310.0,,81,91,-10
199701140BOS,RS,BOS,2311.0,,81,92,-11
199701140BOS,RS,BOS,2311.0,,81,93,-12
199701140BOS,RS,BOS,2322.0,,82,93,-11
199701140BOS,RS,BOS,2322.0,,83,93,-10
199701140BOS,RS,BOS,2337.0,,83,94,-11
199701140BOS,RS,BOS,2337.0,,83,95,-12
199701140BOS,RS,BOS,2357.0,,84,95,-11
199701140BOS,RS,BOS,2378.0,,84,97,-13
199701140BOS,RS,BOS,2389.0,,86,97,-11
199701140BOS,RS,BOS,2404.0,,86,98,-12
199701140BOS,RS,BOS,2418.0,,88,98,-10
199701140BOS,RS,BOS,2450.0,,90,98,-8
199701140BOS,RS,BOS,2488.0,,92,98,-6
199701140BOS,RS,BOS,2505.0,,92,100,-8
199701140BOS,RS,BOS,2521.0,,95,100,-5
199701140BOS,RS,BOS,2546.0,,95,102,-7
199701140BOS,RS,BOS,2566.0,,96,102,-6
199701140BOS,RS,BOS,2615.0,,96,104,-8
199701140BOS,RS,BOS,2651.0,,96,105,-9
199701140BOS,RS,BOS,2651.0,,96,106,-10
199701140BOS,RS,BOS,2685.0,,96,107,-11
199701140BOS,RS,BOS,2702.0,,98,107,-9
199701140BOS,RS,BOS,2738.0,,100,107,-7
199701140BOS,RS,BOS,2765.0,,101,107,-6
199701140BOS,RS,BOS,2778.0,,101,109,-8
199701140BOS,RS,BOS,2784.0,,103,109,-6
199701140BOS,RS,BOS,2791.0,,103,110,-7
199701140BOS,RS,BOS,2801.0,,104,110,-6
199701140BOS,RS,BOS,2801.0,,105,110,-5
199701140BOS,RS,BOS,2824.0,,105,112,-7
199701140BOS,RS,BOS,2845.0,,105,114,-9
199701140BOS,RS,BOS,2871.0,,105,115,-10
199701140BOS,RS,BOS,2871.0,F,105,116,-11
199701140BOS,RS,BOS,2880.0,,108,116,-8
199701150PHI,RS,PHI,0.0,,0,0,0
199701150PHI,RS,PHI,54.0,,2,0,2
199701150PHI,RS,PHI,61.0,,4,0,4
199701150PHI,RS,PHI,94.0,,4,1,3
199701150PHI,RS,PHI,94.0,,4,2,2
199701150PHI,RS,PHI,107.0,T,4,4,0
199701150PHI,RS,PHI,121.0,,7,4,3
199701150PHI,RS,PHI,154.0,,9,4,5
199701150PHI,RS,PHI,175.0,,9,6,3
199701150PHI,RS,PHI,195.0,,11,6,5
199701150PHI,RS,PHI,201.0,,11,8,3
199701150PHI,RS,PHI,211.0,,13,8,5
199701150PHI,RS,PHI,250.0,,15,8,7
199701150PHI,RS,PHI,346.0,,17,8,9
199701150PHI,RS,PHI,366.0,,19,8,11
199701150PHI,RS,PHI,366.0,,20,8,12
199701150PHI,RS,PHI,383.0,,20,10,10
199701150PHI,RS,PHI,413.0,,20,12,8
199701150PHI,RS,PHI,425.0,,23,12,11
199701150PHI,RS,PHI,451.0,,26,12,14
199701150PHI,RS,PHI,493.0,,29,12,17
199701150PHI,RS,PHI,515.0,,29,14,15
199701150PHI,RS,PHI,526.0,,31,14,17
199701150PHI,RS,PHI,539.0,,31,16,15
199701150PHI,RS,PHI,590.0,,31,18,13
199701150PHI,RS,PHI,629.0,,33,18,15
199701150PHI,RS,PHI,665.0,,33,20,13
199701150PHI,RS,PHI,693.0,,35,20,15
199701150PHI,RS,PHI,708.0,,35,22,13
199701150PHI,RS,PHI,741.0,,37,22,15
199701150PHI,RS,PHI,750.0,,37,24,13
199701150PHI,RS,PHI,769.0,,40,24,16
199701150PHI,RS,PHI,800.0,,40,26,14
199701150PHI,RS,PHI,816.0,,42,26,16
199701150PHI,RS,PHI,838.0,,44,26,18
199701150PHI,RS,PHI,838.0,,45,26,19
199701150PHI,RS,PHI,857.0,,45,28,17
199701150PHI,RS,PHI,870.0,,47,28,19
199701150PHI,RS,PHI,898.0,,47,30,17
199701150PHI,RS,PHI,934.0,,47,32,15
199701150PHI,RS,PHI,974.0,,49,32,17
199701150PHI,RS,PHI,991.0,,49,33,16
199701150PHI,RS,PHI,1000.0,,51,33,18
199701150PHI,RS,PHI,1014.0,,51,35,16
199701150PHI,RS,PHI,1034.0,,54,35,19
199701150PHI,RS,PHI,1055.0,,54,37,17
199701150PHI,RS,PHI,1088.0,,56,37,19
199701150PHI,RS,PHI,1088.0,,57,37,20
199701150PHI,RS,PHI,1100.0,,57,39,18
199701150PHI,RS,PHI,1113.0,,59,39,20
199701150PHI,RS,PHI,1124.0,,59,41,18
199701150PHI,RS,PHI,1145.0,,59,43,16
199701150PHI,RS,PHI,1166.0,,61,43,18
199701150PHI,RS,PHI,1196.0,,63,43,20
199701150PHI,RS,PHI,1241.0,,63,45,18
199701150PHI,RS,PHI,1264.0,,65,45,20
199701150PHI,RS,PHI,1296.0,,65,47,18
199701150PHI,RS,PHI,1308.0,,67,47,20
199701150PHI,RS,PHI,1316.0,,67,49,18
199701150PHI,RS,PHI,1331.0,,69,49,20
199701150PHI,RS,PHI,1346.0,,69,50,19
199701150PHI,RS,PHI,1346.0,,69,51,18
199701150PHI,RS,PHI,1374.0,,71,51,20
199701150PHI,RS,PHI,1389.0,,71,52,19
199701150PHI,RS,PHI,1406.0,,73,52,21
199701150PHI,RS,PHI,1456.0,,75,52,23
199701150PHI,RS,PHI,1500.0,,75,54,21
199701150PHI,RS,PHI,1526.0,,77,54,23
199701150PHI,RS,PHI,1552.0,,79,54,25
199701150PHI,RS,PHI,1571.0,,79,56,23
199701150PHI,RS,PHI,1571.0,,79,57,22
199701150PHI,RS,PHI,1599.0,,79,59,20
199701150PHI,RS,PHI,1632.0,,79,61,18
199701150PHI,RS,PHI,1646.0,,81,61,20
199701150PHI,RS,PHI,1666.0,,83,61,22
199701150PHI,RS,PHI,1697.0,,83,62,21
199701150PHI,RS,PHI,1697.0,,83,63,20
199701150PHI,RS,PHI,1723.0,,83,65,18
199701150PHI,RS,PHI,1738.0,,84,65,19
199701150PHI,RS,PHI,1738.0,,85,65,20
199701150PHI,RS,PHI,1746.0,,85,66,19
199701150PHI,RS,PHI,1746.0,,85,67,18
199701150PHI,RS,PHI,1770.0,,87,67,20
199701150PHI,RS,PHI,1798.0,,89,67,22
199701150PHI,RS,PHI,1819.0,,89,69,20
199701150PHI,RS,PHI,1856.0,,90,69,21
199701150PHI,RS,PHI,1856.0,,91,69,22
199701150PHI,RS,PHI,1901.0,,91,71,20
199701150PHI,RS,PHI,1920.0,,93,71,22
199701150PHI,RS,PHI,1942.0,,95,71,24
199701150PHI,RS,PHI,1953.0,,95,73,22
199701150PHI,RS,PHI,1978.0,,95,74,21
199701150PHI,RS,PHI,1978.0,,95,75,20
199701150PHI,RS,PHI,2018.0,,95,77,18
199701150PHI,RS,PHI,2041.0,,95,79,16
199701150PHI,RS,PHI,2072.0,,95,81,14
199701150PHI,RS,PHI,2100.0,,97,81,16
199701150PHI,RS,PHI,2113.0,,97,82,15
199701150PHI,RS,PHI,2113.0,,97,83,14
199701150PHI,RS,PHI,2141.0,,97,84,13
199701150PHI,RS,PHI,2141.0,,97,85,12
199701150PHI,RS,PHI,2158.0,,99,85,14
199701150PHI,RS,PHI,2172.0,,99,86,13
199701150PHI,RS,PHI,2172.0,,99,87,12
199701150PHI,RS,PHI,2250.0,,99,89,10
199701150PHI,RS,PHI,2317.0,,102,89,13
199701150PHI,RS,PHI,2383.0,,102,91,11
199701150PHI,RS,PHI,2400.0,,105,91,14
199701150PHI,RS,PHI,2420.0,,105,93,12
199701150PHI,RS,PHI,2488.0,,105,94,11
199701150PHI,RS,PHI,2488.0,,105,95,10
199701150PHI,RS,PHI,2524.0,,106,95,11
199701150PHI,RS,PHI,2524.0,,107,95,12
199701150PHI,RS,PHI,2548.0,,107,96,11
199701150PHI,RS,PHI,2548.0,,107,97,10
199701150PHI,RS,PHI,2550.0,,107,99,8
199701150PHI,RS,PHI,2572.0,,108,99,9
199701150PHI,RS,PHI,2572.0,,109,99,10
199701150PHI,RS,PHI,2626.0,,109,101,8
199701150PHI,RS,PHI,2646.0,,111,101,10
199701150PHI,RS,PHI,2657.0,,111,102,9
199701150PHI,RS,PHI,2676.0,,111,103,8
199701150PHI,RS,PHI,2706.0,,111,105,6
199701150PHI,RS,PHI,2732.0,,113,105,8
199701150PHI,RS,PHI,2768.0,,114,105,9
199701150PHI,RS,PHI,2768.0,,115,105,10
199701150PHI,RS,PHI,2777.0,,115,107,8
199701150PHI,RS,PHI,2787.0,,117,107,10
199701150PHI,RS,PHI,2794.0,,117,109,8
199701150PHI,RS,PHI,2808.0,,120,109,11
199701150PHI,RS,PHI,2814.0,,120,110,10
199701150PHI,RS,PHI,2827.0,,121,110,11
199701150PHI,RS,PHI,2827.0,,122,110,12
199701150PHI,RS,PHI,2834.0,,123,110,13
199701150PHI,RS,PHI,2834.0,,124,110,14
199701150PHI,RS,PHI,2837.0,,124,111,13
199701150PHI,RS,PHI,2846.0,,125,111,14
199701150PHI,RS,PHI,2846.0,,126,111,15
199701150PHI,RS,PHI,2850.0,F,128,111,17
199701150PHI,RS,PHI,2860.0,,128,111,17
199701170IND,RS,IND,0.0,,0,0,0
199701170IND,RS,IND,3.0,,0,1,-1
199701170IND,RS,IND,3.0,,0,2,-2
199701170IND,RS,IND,24.0,,0,4,-4
199701170IND,RS,IND,53.0,,2,4,-2
199701170IND,RS,IND,67.0,,2,7,-5
199701170IND,RS,IND,151.0,,4,7,-3
199701170IND,RS,IND,172.0,,4,9,-5
199701170IND,RS,IND,196.0,,4,11,-7
199701170IND,RS,IND,261.0,,4,13,-9
199701170IND,RS,IND,273.0,,6,13,-7
199701170IND,RS,IND,298.0,,8,13,-5
199701170IND,RS,IND,315.0,,8,14,-6
199701170IND,RS,IND,340.0,,10,14,-4
199701170IND,RS,IND,358.0,,10,16,-6
199701170IND,RS,IND,378.0,,12,16,-4
199701170IND,RS,IND,394.0,,12,17,-5
199701170IND,RS,IND,394.0,,12,18,-6
199701170IND,RS,IND,435.0,,14,18,-4
199701170IND,RS,IND,506.0,,16,18,-2
199701170IND,RS,IND,533.0,,16,19,-3
199701170IND,RS,IND,533.0,,16,20,-4
199701170IND,RS,IND,550.0,,18,20,-2
199701170IND,RS,IND,550.0,,19,20,-1
199701170IND,RS,IND,564.0,,19,21,-2
199701170IND,RS,IND,564.0,,19,22,-3
199701170IND,RS,IND,576.0,,20,22,-2
199701170IND,RS,IND,618.0,,20,23,-3
199701170IND,RS,IND,690.0,,21,23,-2
199701170IND,RS,IND,690.0,,22,23,-1
199701170IND,RS,IND,748.0,LC,24,23,1
199701170IND,RS,IND,814.0,LC,24,25,-1
199701170IND,RS,IND,841.0,,24,26,-2
199701170IND,RS,IND,852.0,T,26,26,0
199701170IND,RS,IND,852.0,LC,27,26,1
199701170IND,RS,IND,887.0,LC,27,28,-1
199701170IND,RS,IND,955.0,T,28,28,0
199701170IND,RS,IND,955.0,LC,29,28,1
199701170IND,RS,IND,984.0,,30,28,2
199701170IND,RS,IND,984.0,,31,28,3
199701170IND,RS,IND,1007.0,,31,30,1
199701170IND,RS,IND,1034.0,,32,30,2
199701170IND,RS,IND,1034.0,,33,30,3
199701170IND,RS,IND,1070.0,,33,32,1
199701170IND,RS,IND,1116.0,LC,33,34,-1
199701170IND,RS,IND,1122.0,LC,36,34,2
199701170IND,RS,IND,1144.0,,37,34,3
199701170IND,RS,IND,1144.0,,38,34,4
199701170IND,RS,IND,1214.0,,41,34,7
199701170IND,RS,IND,1235.0,,41,36,5
199701170IND,RS,IND,1257.0,,41,38,3
199701170IND,RS,IND,1288.0,,41,40,1
199701170IND,RS,IND,1310.0,,43,40,3
199701170IND,RS,IND,1325.0,,43,41,2
199701170IND,RS,IND,1385.0,,44,41,3
199701170IND,RS,IND,1385.0,,45,41,4
199701170IND,RS,IND,1402.0,,45,43,2
199701170IND,RS,IND,1457.0,,47,43,4
199701170IND,RS,IND,1473.0,,49,43,6
199701170IND,RS,IND,1495.0,,51,43,8
199701170IND,RS,IND,1514.0,,51,45,6
199701170IND,RS,IND,1568.0,,54,45,9
199701170IND,RS,IND,1585.0,,54,47,7
199701170IND,RS,IND,1585.0,,54,48,6
199701170IND,RS,IND,1598.0,,56,48,8
199701170IND,RS,IND,1648.0,,57,48,9
199701170IND,RS,IND,1648.0,,58,48,10
199701170IND,RS,IND,1665.0,,58,51,7
199701170IND,RS,IND,1685.0,,59,51,8
199701170IND,RS,IND,1685.0,,60,51,9
199701170IND,RS,IND,1699.0,,60,53,7
199701170IND,RS,IND,1727.0,,61,53,8
199701170IND,RS,IND,1727.0,,62,53,9
199701170IND,RS,IND,1748.0,,62,55,7
199701170IND,RS,IND,1766.0,,64,55,9
199701170IND,RS,IND,1766.0,,65,55,10
199701170IND,RS,IND,1789.0,,67,55,12
199701170IND,RS,IND,1872.0,,69,55,14
199701170IND,RS,IND,1901.0,,71,55,16
199701170IND,RS,IND,1924.0,,71,56,15
199701170IND,RS,IND,1927.0,,71,58,13
199701170IND,RS,IND,1960.0,,73,58,15
199701170IND,RS,IND,1981.0,,73,60,13
199701170IND,RS,IND,2007.0,,75,60,15
199701170IND,RS,IND,2027.0,,75,62,13
199701170IND,RS,IND,2066.0,,75,63,12
199701170IND,RS,IND,2104.0,,75,65,10
199701170IND,RS,IND,2120.0,,77,65,12
199701170IND,RS,IND,2174.0,,77,68,9
199701170IND,RS,IND,2197.0,,79,68,11
199701170IND,RS,IND,2219.0,,79,70,9
199701170IND,RS,IND,2242.0,,80,70,10
199701170IND,RS,IND,2242.0,,81,70,11
199701170IND,RS,IND,2274.0,,81,73,8
199701170IND,RS,IND,2359.0,,83,73,10
199701170IND,RS,IND,2376.0,,83,75,8
199701170IND,RS,IND,2404.0,,85,75,10
199701170IND,RS,IND,2419.0,,85,78,7
199701170IND,RS,IND,2502.0,,88,78,10
199701170IND,RS,IND,2515.0,,88,80,8
199701170IND,RS,IND,2534.0,,90,80,10
199701170IND,RS,IND,2602.0,,91,80,11
199701170IND,RS,IND,2661.0,,91,82,9
199701170IND,RS,IND,2680.0,,93,82,11
199701170IND,RS,IND,2680.0,,94,82,12
199701170IND,RS,IND,2715.0,,95,82,13
199701170IND,RS,IND,2715.0,,96,82,14
199701170IND,RS,IND,2726.0,,96,84,12
199701170IND,RS,IND,2764.0,,98,84,14
199701170IND,RS,IND,2775.0,,98,86,12
199701170IND,RS,IND,2804.0,,98,88,10
199701170IND,RS,IND,2842.0,F,98,89,9
199701170IND,RS,IND,2877.0,,98,91,7
199701180MIN,RS,MIN,0.0,,0,0,0
199701180MIN,RS,MIN,90.0,,0,2,-2
199701180MIN,RS,MIN,114.0,T,2,2,0
199701180MIN,RS,MIN,131.0,,2,4,-2
199701180MIN,RS,MIN,150.0,T,4,4,0
199701180MIN,RS,MIN,164.0,,4,5,-1
199701180MIN,RS,MIN,192.0,,4,7,-3
199701180MIN,RS,MIN,208.0,,6,7,-1
199701180MIN,RS,MIN,233.0,LC,9,7,2
199701180MIN,RS,MIN,256.0,,9,8,1
199701180MIN,RS,MIN,256.0,T,9,9,0
199701180MIN,RS,MIN,279.0,,11,9,2
199701180MIN,RS,MIN,299.0,,14,9,5
199701180MIN,RS,MIN,344.0,,16,9,7
199701180MIN,RS,MIN,373.0,,17,9,8
199701180MIN,RS,MIN,384.0,,17,10,7
199701180MIN,RS,MIN,384.0,,17,11,6
199701180MIN,RS,MIN,407.0,,17,13,4
199701180MIN,RS,MIN,452.0,,18,13,5
199701180MIN,RS,MIN,452.0,,19,13,6
199701180MIN,RS,MIN,479.0,,20,13,7
199701180MIN,RS,MIN,479.0,,21,13,8
199701180MIN,RS,MIN,479.0,,22,13,9
199701180MIN,RS,MIN,498.0,,22,15,7
199701180MIN,RS,MIN,512.0,,24,15,9
199701180MIN,RS,MIN,524.0,,24,17,7
199701180MIN,RS,MIN,547.0,,26,17,9
199701180MIN,RS,MIN,558.0,,26,19,7
199701180MIN,RS,MIN,617.0,,27,19,8
199701180MIN,RS,MIN,641.0,,27,21,6
199701180MIN,RS,MIN,656.0,,29,21,8
199701180MIN,RS,MIN,698.0,,29,23,6
199701180MIN,RS,MIN,698.0,,29,24,5
199701180MIN,RS,MIN,719.0,,32,24,8
199701180MIN,RS,MIN,762.0,,32,26,6
199701180MIN,RS,MIN,819.0,,32,28,4
199701180MIN,RS,MIN,826.0,,34,28,6
199701180MIN,RS,MIN,847.0,,34,30,4
199701180MIN,RS,MIN,865.0,,37,30,7
199701180MIN,RS,MIN,884.0,,39,30,9
199701180MIN,RS,MIN,901.0,,39,31,8
199701180MIN,RS,MIN,923.0,,40,31,9
199701180MIN,RS,MIN,972.0,,40,33,7
199701180MIN,RS,MIN,1004.0,,40,35,5
199701180MIN,RS,MIN,1019.0,,42,35,7
199701180MIN,RS,MIN,1043.0,,44,35,9
199701180MIN,RS,MIN,1063.0,,44,36,8
199701180MIN,RS,MIN,1081.0,,46,36,10
199701180MIN,RS,MIN,1149.0,,46,38,8
199701180MIN,RS,MIN,1170.0,,47,38,9
199701180MIN,RS,MIN,1170.0,,48,38,10
199701180MIN,RS,MIN,1189.0,,48,39,9
199701180MIN,RS,MIN,1203.0,,50,39,11
199701180MIN,RS,MIN,1229.0,,51,39,12
199701180MIN,RS,MIN,1229.0,,52,39,13
199701180MIN,RS,MIN,1250.0,,52,40,12
199701180MIN,RS,MIN,1251.0,,52,42,10
199701180MIN,RS,MIN,1251.0,,52,43,9
199701180MIN,RS,MIN,1270.0,,54,43,11
199701180MIN,RS,MIN,1288.0,,54,46,8
199701180MIN,RS,MIN,1316.0,,54,48,6
199701180MIN,RS,MIN,1335.0,,54,49,5
199701180MIN,RS,MIN,1366.0,,54,52,2
199701180MIN,RS,MIN,1391.0,,57,52,5
199701180MIN,RS,MIN,1430.0,,59,52,7
199701180MIN,RS,MIN,1478.0,,59,54,5
199701180MIN,RS,MIN,1517.0,,59,56,3
199701180MIN,RS,MIN,1546.0,,59,58,1
199701180MIN,RS,MIN,1608.0,,61,58,3
199701180MIN,RS,MIN,1622.0,,61,60,1
199701180MIN,RS,MIN,1665.0,,62,60,2
199701180MIN,RS,MIN,1665.0,,63,60,3
199701180MIN,RS,MIN,1710.0,,64,60,4
199701180MIN,RS,MIN,1710.0,,65,60,5
199701180MIN,RS,MIN,1784.0,,65,62,3
199701180MIN,RS,MIN,1821.0,T,65,65,0
199701180MIN,RS,MIN,1837.0,,68,65,3
199701180MIN,RS,MIN,1866.0,,70,65,5
199701180MIN,RS,MIN,1923.0,,72,65,7
199701180MIN,RS,MIN,1962.0,,72,67,5
199701180MIN,RS,MIN,1990.0,,74,67,7
199701180MIN,RS,MIN,2006.0,,74,69,5
199701180MIN,RS,MIN,2056.0,,74,71,3
199701180MIN,RS,MIN,2078.0,,77,71,6
199701180MIN,RS,MIN,2122.0,,77,72,5
199701180MIN,RS,MIN,2122.0,,77,73,4
199701180MIN,RS,MIN,2160.0,,77,75,2
199701180MIN,RS,MIN,2172.0,T,77,77,0
199701180MIN,RS,MIN,2199.0,LC,77,78,-1
199701180MIN,RS,MIN,2199.0,,77,79,-2
199701180MIN,RS,MIN,2210.0,T,79,79,0
199701180MIN,RS,MIN,2246.0,,79,81,-2
199701180MIN,RS,MIN,2246.0,,79,82,-3
199701180MIN,RS,MIN,2283.0,,79,84,-5
199701180MIN,RS,MIN,2406.0,,79,86,-7
199701180MIN,RS,MIN,2406.0,,79,87,-8
199701180MIN,RS,MIN,2427.0,,79,90,-11
199701180MIN,RS,MIN,2447.0,,81,90,-9
199701180MIN,RS,MIN,2472.0,,81,91,-10
199701180MIN,RS,MIN,2472.0,,81,92,-11
199701180MIN,RS,MIN,2525.0,,81,94,-13
199701180MIN,RS,MIN,2550.0,,83,94,-11
199701180MIN,RS,MIN,2588.0,,83,95,-12
199701180MIN,RS,MIN,2615.0,,83,97,-14
199701180MIN,RS,MIN,2651.0,,83,99,-16
199701180MIN,RS,MIN,2669.0,,85,99,-14
199701180MIN,RS,MIN,2669.0,,86,99,-13
199701180MIN,RS,MIN,2701.0,,86,101,-15
199701180MIN,RS,MIN,2726.0,,89,101,-12
199701180MIN,RS,MIN,2739.0,,89,103,-14
199701180MIN,RS,MIN,2756.0,,89,105,-16
199701180MIN,RS,MIN,2827.0,,89,108,-19
199701180MIN,RS,MIN,2843.0,,91,108,-17
199701180MIN,RS,MIN,2859.0,F,93,108,-15
199701180MIN,RS,MIN,2878.0,,93,108,-15
199701210GSW,RS,DAL,0.0,,0,0,0
199701210GSW,RS,DAL,28.0,,0,2,-2
199701210GSW,RS,DAL,43.0,LC,3,2,1
199701210GSW,RS,DAL,81.0,,5,2,3
199701210GSW,RS,DAL,92.0,,5,3,2
199701210GSW,RS,DAL,92.0,,5,4,1
199701210GSW,RS,DAL,102.0,,7,4,3
199701210GSW,RS,DAL,117.0,,7,6,1
199701210GSW,RS,DAL,139.0,LC,7,8,-1
199701210GSW,RS,DAL,160.0,LC,10,8,2
199701210GSW,RS,DAL,178.0,T,10,10,0
199701210GSW,RS,DAL,228.0,,12,10,2
199701210GSW,RS,DAL,241.0,T,12,12,0
199701210GSW,RS,DAL,307.0,,13,12,1
199701210GSW,RS,DAL,340.0,LC,13,14,-1
199701210GSW,RS,DAL,363.0,,13,16,-3
199701210GSW,RS,DAL,406.0,,15,16,-1
199701210GSW,RS,DAL,418.0,,15,18,-3
199701210GSW,RS,DAL,432.0,,17,18,-1
199701210GSW,RS,DAL,458.0,LC,19,18,1
199701210GSW,RS,DAL,516.0,,22,18,4
199701210GSW,RS,DAL,535.0,,22,19,3
199701210GSW,RS,DAL,535.0,,22,20,2
199701210GSW,RS,DAL,610.0,,24,20,4
199701210GSW,RS,DAL,632.0,,24,22,2
199701210GSW,RS,DAL,656.0,,26,22,4
199701210GSW,RS,DAL,681.0,,26,24,2
199701210GSW,RS,DAL,771.0,T,26,26,0
199701210GSW,RS,DAL,789.0,,28,26,2
199701210GSW,RS,DAL,820.0,,29,26,3
199701210GSW,RS,DAL,836.0,,31,26,5
199701210GSW,RS,DAL,878.0,,33,26,7
199701210GSW,RS,DAL,915.0,,33,27,6
199701210GSW,RS,DAL,915.0,,33,28,5
199701210GSW,RS,DAL,951.0,,36,28,8
199701210GSW,RS,DAL,1008.0,,36,30,6
199701210GSW,RS,DAL,1045.0,,38,30,8
199701210GSW,RS,DAL,1045.0,,39,30,9
199701210GSW,RS,DAL,1059.0,,39,33,6
199701210GSW,RS,DAL,1093.0,,39,36,3
199701210GSW,RS,DAL,1119.0,,39,38,1
199701210GSW,RS,DAL,1140.0,,40,38,2
199701210GSW,RS,DAL,1140.0,,41,38,3
199701210GSW,RS,DAL,1153.0,,42,38,4
199701210GSW,RS,DAL,1176.0,,42,40,2
199701210GSW,RS,DAL,1242.0,,44,40,4
199701210GSW,RS,DAL,1316.0,,44,41,3
199701210GSW,RS,DAL,1397.0,,46,41,5
199701210GSW,RS,DAL,1417.0,,46,43,3
199701210GSW,RS,DAL,1489.0,,46,45,1
199701210GSW,RS,DAL,1515.0,,49,45,4
199701210GSW,RS,DAL,1533.0,,51,45,6
199701210GSW,RS,DAL,1559.0,,53,45,8
199701210GSW,RS,DAL,1605.0,,53,47,6
199701210GSW,RS,DAL,1652.0,,55,47,8
199701210GSW,RS,DAL,1652.0,,56,47,9
199701210GSW,RS,DAL,1693.0,,56,50,6
199701210GSW,RS,DAL,1721.0,,58,50,8
199701210GSW,RS,DAL,1744.0,,58,52,6
199701210GSW,RS,DAL,1776.0,,58,55,3
199701210GSW,RS,DAL,1797.0,,59,55,4
199701210GSW,RS,DAL,1797.0,,60,55,5
199701210GSW,RS,DAL,1821.0,,60,56,4
199701210GSW,RS,DAL,1821.0,,60,57,3
199701210GSW,RS,DAL,1930.0,,62,57,5
199701210GSW,RS,DAL,1948.0,,62,60,2
199701210GSW,RS,DAL,1977.0,,63,60,3
199701210GSW,RS,DAL,1977.0,,64,60,4
199701210GSW,RS,DAL,1996.0,,64,61,3
199701210GSW,RS,DAL,1996.0,,64,62,2
199701210GSW,RS,DAL,2006.0,,67,62,5
199701210GSW,RS,DAL,2046.0,,67,65,2
199701210GSW,RS,DAL,2068.0,,68,65,3
199701210GSW,RS,DAL,2111.0,,68,67,1
199701210GSW,RS,DAL,2111.0,T,68,68,0
199701210GSW,RS,DAL,2159.0,,70,68,2
199701210GSW,RS,DAL,2177.0,,71,68,3
199701210GSW,RS,DAL,2217.0,,72,68,4
199701210GSW,RS,DAL,2217.0,,73,68,5
199701210GSW,RS,DAL,2234.0,,73,69,4
199701210GSW,RS,DAL,2245.0,,75,69,6
199701210GSW,RS,DAL,2265.0,,75,71,4
199701210GSW,RS,DAL,2282.0,,77,71,6
199701210GSW,RS,DAL,2301.0,,78,71,7
199701210GSW,RS,DAL,2315.0,,78,73,5
199701210GSW,RS,DAL,2332.0,,80,73,7
199701210GSW,RS,DAL,2349.0,,82,73,9
199701210GSW,RS,DAL,2372.0,,82,75,7
199701210GSW,RS,DAL,2438.0,,84,75,9
199701210GSW,RS,DAL,2459.0,,84,77,7
199701210GSW,RS,DAL,2496.0,,86,77,9
199701210GSW,RS,DAL,2533.0,,86,78,8
199701210GSW,RS,DAL,2533.0,,86,79,7
199701210GSW,RS,DAL,2569.0,,87,79,8
199701210GSW,RS,DAL,2569.0,,88,79,9
199701210GSW,RS,DAL,2606.0,,90,79,11
199701210GSW,RS,DAL,2629.0,,92,79,13
199701210GSW,RS,DAL,2651.0,,92,81,11
199701210GSW,RS,DAL,2686.0,,92,82,10
199701210GSW,RS,DAL,2703.0,,95,82,13
199701210GSW,RS,DAL,2718.0,,95,85,10
199701210GSW,RS,DAL,2736.0,,97,85,12
199701210GSW,RS,DAL,2746.0,,97,88,9
199701210GSW,RS,DAL,2761.0,,98,88,10
199701210GSW,RS,DAL,2761.0,,99,88,11
199701210GSW,RS,DAL,2817.0,,99,90,9
199701210GSW,RS,DAL,2826.0,,100,90,10
199701210GSW,RS,DAL,2826.0,,101,90,11
199701210GSW,RS,DAL,2833.0,,101,93,8
199701210GSW,RS,DAL,2843.0,,102,93,9
199701210GSW,RS,DAL,2843.0,F,103,93,10
199701210GSW,RS,DAL,2874.0,,105,93,12
199701230GSW,RS,DET,0.0,,0,0,0
199701230GSW,RS,DET,33.0,,3,0,3
199701230GSW,RS,DET,111.0,,3,2,1
199701230GSW,RS,DET,128.0,,5,2,3
199701230GSW,RS,DET,166.0,,5,4,1
199701230GSW,RS,DET,197.0,LC,5,7,-2
199701230GSW,RS,DET,217.0,T,7,7,0
199701230GSW,RS,DET,243.0,LC,9,7,2
199701230GSW,RS,DET,269.0,T,9,9,0
199701230GSW,RS,DET,301.0,,11,9,2
199701230GSW,RS,DET,322.0,T,11,11,0
199701230GSW,RS,DET,350.0,,13,11,2
199701230GSW,RS,DET,405.0,T,13,13,0
199701230GSW,RS,DET,447.0,,15,13,2
199701230GSW,RS,DET,464.0,T,15,15,0
199701230GSW,RS,DET,491.0,LC,15,18,-3
199701230GSW,RS,DET,543.0,,17,18,-1
199701230GSW,RS,DET,562.0,T,18,18,0
199701230GSW,RS,DET,603.0,,18,20,-2
199701230GSW,RS,DET,624.0,T,20,20,0
199701230GSW,RS,DET,675.0,,20,22,-2
199701230GSW,RS,DET,687.0,T,22,22,0
199701230GSW,RS,DET,736.0,LC,25,22,3
199701230GSW,RS,DET,770.0,,27,22,5
199701230GSW,RS,DET,840.0,,29,22,7
199701230GSW,RS,DET,887.0,,29,24,5
199701230GSW,RS,DET,887.0,,29,25,4
199701230GSW,RS,DET,900.0,,30,25,5
199701230GSW,RS,DET,900.0,,31,25,6
199701230GSW,RS,DET,920.0,,31,27,4
199701230GSW,RS,DET,960.0,,31,29,2
199701230GSW,RS,DET,1076.0,T,31,31,0
199701230GSW,RS,DET,1096.0,,33,31,2
199701230GSW,RS,DET,1133.0,,35,31,4
199701230GSW,RS,DET,1153.0,,35,34,1
199701230GSW,RS,DET,1169.0,,38,34,4
199701230GSW,RS,DET,1186.0,,38,37,1
199701230GSW,RS,DET,1237.0,,40,37,3
199701230GSW,RS,DET,1294.0,,40,39,1
199701230GSW,RS,DET,1332.0,LC,40,41,-1
199701230GSW,RS,DET,1355.0,,40,43,-3
199701230GSW,RS,DET,1375.0,,41,43,-2
199701230GSW,RS,DET,1395.0,,41,45,-4
199701230GSW,RS,DET,1406.0,,43,45,-2
199701230GSW,RS,DET,1423.0,,43,48,-5
199701230GSW,RS,DET,1494.0,,45,48,-3
199701230GSW,RS,DET,1511.0,,45,50,-5
199701230GSW,RS,DET,1530.0,,45,52,-7
199701230GSW,RS,DET,1544.0,,47,52,-5
199701230GSW,RS,DET,1563.0,,47,55,-8
199701230GSW,RS,DET,1593.0,,47,57,-10
199701230GSW,RS,DET,1688.0,,48,57,-9
199701230GSW,RS,DET,1719.0,,50,57,-7
199701230GSW,RS,DET,1761.0,,50,59,-9
199701230GSW,RS,DET,1789.0,,50,61,-11
199701230GSW,RS,DET,1858.0,,50,63,-13
199701230GSW,RS,DET,1877.0,,52,63,-11
199701230GSW,RS,DET,1895.0,,52,65,-13
199701230GSW,RS,DET,1909.0,,55,65,-10
199701230GSW,RS,DET,1930.0,,55,68,-13
199701230GSW,RS,DET,1947.0,,56,68,-12
199701230GSW,RS,DET,1947.0,,57,68,-11
199701230GSW,RS,DET,1964.0,,57,69,-12
199701230GSW,RS,DET,1964.0,,57,70,-13
199701230GSW,RS,DET,1964.0,,57,71,-14
199701230GSW,RS,DET,1989.0,,57,72,-15
199701230GSW,RS,DET,2012.0,,57,74,-17
199701230GSW,RS,DET,2028.0,,58,74,-16
199701230GSW,RS,DET,2028.0,,59,74,-15
199701230GSW,RS,DET,2134.0,,62,74,-12
199701230GSW,RS,DET,2213.0,,64,74,-10
199701230GSW,RS,DET,2278.0,,66,74,-8
199701230GSW,RS,DET,2300.0,,66,77,-11
199701230GSW,RS,DET,2338.0,,69,77,-8
199701230GSW,RS,DET,2363.0,,69,79,-10
199701230GSW,RS,DET,2449.0,,69,81,-12
199701230GSW,RS,DET,2465.0,,71,81,-10
199701230GSW,RS,DET,2492.0,,71,84,-13
199701230GSW,RS,DET,2531.0,,71,87,-16
199701230GSW,RS,DET,2574.0,,71,89,-18
199701230GSW,RS,DET,2645.0,,71,91,-20
199701230GSW,RS,DET,2676.0,,74,91,-17
199701230GSW,RS,DET,2778.0,,74,94,-20
199701230GSW,RS,DET,2787.0,F,76,94,-18
199701230GSW,RS,DET,2856.0,,79,94,-15
199701240LAL,RS,LAL,0.0,,0,0,0
199701240LAL,RS,LAL,44.0,,2,0,2
199701240LAL,RS,LAL,64.0,T,2,2,0
199701240LAL,RS,LAL,75.0,,4,2,2
199701240LAL,RS,LAL,102.0,,5,2,3
199701240LAL,RS,LAL,102.0,,6,2,4
199701240LAL,RS,LAL,120.0,,6,4,2
199701240LAL,RS,LAL,143.0,T,6,6,0
199701240LAL,RS,LAL,194.0,LC,6,8,-2
199701240LAL,RS,LAL,227.0,,6,10,-4
199701240LAL,RS,LAL,240.0,,8,10,-2
199701240LAL,RS,LAL,247.0,,8,11,-3
199701240LAL,RS,LAL,266.0,,10,11,-1
199701240LAL,RS,LAL,320.0,LC,12,11,1
199701240LAL,RS,LAL,346.0,,15,11,4
199701240LAL,RS,LAL,354.0,,15,13,2
199701240LAL,RS,LAL,369.0,,16,13,3
199701240LAL,RS,LAL,369.0,,17,13,4
199701240LAL,RS,LAL,393.0,,19,13,6
199701240LAL,RS,LAL,403.0,,19,15,4
199701240LAL,RS,LAL,444.0,,21,15,6
199701240LAL,RS,LAL,460.0,,21,17,4
199701240LAL,RS,LAL,477.0,,21,19,2
199701240LAL,RS,LAL,507.0,,23,19,4
199701240LAL,RS,LAL,518.0,,23,21,2
199701240LAL,RS,LAL,552.0,,25,21,4
199701240LAL,RS,LAL,565.0,,28,21,7
199701240LAL,RS,LAL,585.0,,28,22,6
199701240LAL,RS,LAL,585.0,,28,23,5
199701240LAL,RS,LAL,626.0,,28,25,3
199701240LAL,RS,LAL,696.0,,30,25,5
199701240LAL,RS,LAL,715.0,,30,26,4
199701240LAL,RS,LAL,715.0,,30,27,3
199701240LAL,RS,LAL,764.0,,32,27,5
199701240LAL,RS,LAL,788.0,,32,30,2
199701240LAL,RS,LAL,837.0,,34,30,4
199701240LAL,RS,LAL,896.0,,35,30,5
199701240LAL,RS,LAL,909.0,,36,30,6
199701240LAL,RS,LAL,909.0,,37,30,7
199701240LAL,RS,LAL,929.0,,37,31,6
199701240LAL,RS,LAL,929.0,,37,32,5
199701240LAL,RS,LAL,954.0,,37,34,3
199701240LAL,RS,LAL,965.0,,39,34,5
199701240LAL,RS,LAL,980.0,,39,36,3
199701240LAL,RS,LAL,1016.0,,39,38,1
199701240LAL,RS,LAL,1036.0,LC,39,40,-1
199701240LAL,RS,LAL,1108.0,,39,42,-3
199701240LAL,RS,LAL,1134.0,,41,42,-1
199701240LAL,RS,LAL,1149.0,,41,44,-3
199701240LAL,RS,LAL,1190.0,,41,45,-4
199701240LAL,RS,LAL,1190.0,,41,46,-5
199701240LAL,RS,LAL,1224.0,,43,46,-3
199701240LAL,RS,LAL,1242.0,,43,48,-5
199701240LAL,RS,LAL,1255.0,,45,48,-3
199701240LAL,RS,LAL,1282.0,,45,50,-5
199701240LAL,RS,LAL,1314.0,,47,50,-3
199701240LAL,RS,LAL,1323.0,,47,52,-5
199701240LAL,RS,LAL,1334.0,,49,52,-3
199701240LAL,RS,LAL,1365.0,,51,52,-1
199701240LAL,RS,LAL,1376.0,LC,53,52,1
199701240LAL,RS,LAL,1395.0,T,53,53,0
199701240LAL,RS,LAL,1395.0,LC,53,54,-1
199701240LAL,RS,LAL,1406.0,LC,55,54,1
199701240LAL,RS,LAL,1424.0,LC,55,57,-2
199701240LAL,RS,LAL,1505.0,,55,59,-4
199701240LAL,RS,LAL,1577.0,,57,59,-2
199701240LAL,RS,LAL,1593.0,,57,61,-4
199701240LAL,RS,LAL,1637.0,,57,63,-6
199701240LAL,RS,LAL,1667.0,,57,65,-8
199701240LAL,RS,LAL,1687.0,,59,65,-6
199701240LAL,RS,LAL,1716.0,,61,65,-4
199701240LAL,RS,LAL,1726.0,,63,65,-2
199701240LAL,RS,LAL,1749.0,,63,67,-4
199701240LAL,RS,LAL,1769.0,,65,67,-2
199701240LAL,RS,LAL,1785.0,,65,68,-3
199701240LAL,RS,LAL,1799.0,,67,68,-1
199701240LAL,RS,LAL,1840.0,LC,69,68,1
199701240LAL,RS,LAL,1873.0,LC,69,70,-1
199701240LAL,RS,LAL,1905.0,,69,73,-4
199701240LAL,RS,LAL,1920.0,,71,73,-2
199701240LAL,RS,LAL,1934.0,,71,75,-4
199701240LAL,RS,LAL,1954.0,,72,75,-3
199701240LAL,RS,LAL,1954.0,,73,75,-2
199701240LAL,RS,LAL,1967.0,,73,78,-5
199701240LAL,RS,LAL,1978.0,,74,78,-4
199701240LAL,RS,LAL,1982.0,,75,78,-3
199701240LAL,RS,LAL,2005.0,,75,81,-6
199701240LAL,RS,LAL,2018.0,,77,81,-4
199701240LAL,RS,LAL,2053.0,,79,81,-2
199701240LAL,RS,LAL,2082.0,,80,81,-1
199701240LAL,RS,LAL,2082.0,T,81,81,0
199701240LAL,RS,LAL,2099.0,,81,83,-2
199701240LAL,RS,LAL,2112.0,,82,83,-1
199701240LAL,RS,LAL,2112.0,T,83,83,0
199701240LAL,RS,LAL,2133.0,,83,85,-2
199701240LAL,RS,LAL,2160.0,,83,88,-5
199701240LAL,RS,LAL,2174.0,,83,90,-7
199701240LAL,RS,LAL,2212.0,,83,92,-9
199701240LAL,RS,LAL,2331.0,,83,93,-10
199701240LAL,RS,LAL,2331.0,,83,94,-11
199701240LAL,RS,LAL,2390.0,,85,94,-9
199701240LAL,RS,LAL,2454.0,,86,94,-8
199701240LAL,RS,LAL,2454.0,,86,95,-9
199701240LAL,RS,LAL,2466.0,,87,95,-8
199701240LAL,RS,LAL,2479.0,,87,97,-10
199701240LAL,RS,LAL,2515.0,,87,99,-12
199701240LAL,RS,LAL,2543.0,,89,99,-10
199701240LAL,RS,LAL,2577.0,,89,102,-13
199701240LAL,RS,LAL,2592.0,,91,102,-11
199701240LAL,RS,LAL,2646.0,,91,103,-12
199701240LAL,RS,LAL,2646.0,,91,104,-13
199701240LAL,RS,LAL,2664.0,,92,104,-12
199701240LAL,RS,LAL,2728.0,,92,106,-14
199701240LAL,RS,LAL,2745.0,,93,106,-13
199701240LAL,RS,LAL,2761.0,,93,108,-15
199701240LAL,RS,LAL,2809.0,,95,108,-13
199701240LAL,RS,LAL,2816.0,,95,110,-15
199701240LAL,RS,LAL,2826.0,,97,110,-13
199701240LAL,RS,LAL,2835.0,,97,112,-15
199701240LAL,RS,LAL,2851.0,,97,113,-16
199701240LAL,RS,LAL,2851.0,F,97,114,-17
199701240LAL,RS,LAL,2880.0,,97,114,-17
199701270GSW,RS,VAN,0.0,,0,0,0
199701270GSW,RS,VAN,72.0,,2,0,2
199701270GSW,RS,VAN,104.0,,4,0,4
199701270GSW,RS,VAN,156.0,,4,2,2
199701270GSW,RS,VAN,180.0,T,4,4,0
199701270GSW,RS,VAN,195.0,,5,4,1
199701270GSW,RS,VAN,195.0,,6,4,2
199701270GSW,RS,VAN,229.0,T,6,6,0
199701270GSW,RS,VAN,251.0,,9,6,3
199701270GSW,RS,VAN,266.0,,9,8,1
199701270GSW,RS,VAN,285.0,,11,8,3
199701270GSW,RS,VAN,336.0,,13,8,5
199701270GSW,RS,VAN,402.0,,13,10,3
199701270GSW,RS,VAN,419.0,,14,10,4
199701270GSW,RS,VAN,419.0,,15,10,5
199701270GSW,RS,VAN,444.0,,17,10,7
199701270GSW,RS,VAN,467.0,,17,13,4
199701270GSW,RS,VAN,485.0,,19,13,6
199701270GSW,RS,VAN,532.0,,19,15,4
199701270GSW,RS,VAN,550.0,,21,15,6
199701270GSW,RS,VAN,566.0,,21,18,3
199701270GSW,RS,VAN,589.0,,22,18,4
199701270GSW,RS,VAN,589.0,,23,18,5
199701270GSW,RS,VAN,630.0,,25,18,7
199701270GSW,RS,VAN,655.0,,27,18,9
199701270GSW,RS,VAN,672.0,,27,20,7
199701270GSW,RS,VAN,701.0,,27,22,5
199701270GSW,RS,VAN,742.0,,27,25,2
199701270GSW,RS,VAN,773.0,,29,25,4
199701270GSW,RS,VAN,790.0,,29,27,2
199701270GSW,RS,VAN,821.0,T,29,29,0
199701270GSW,RS,VAN,850.0,LC,29,31,-2
199701270GSW,RS,VAN,882.0,T,31,31,0
199701270GSW,RS,VAN,901.0,,31,33,-2
199701270GSW,RS,VAN,945.0,,32,33,-1
199701270GSW,RS,VAN,945.0,T,33,33,0
199701270GSW,RS,VAN,961.0,,33,35,-2
199701270GSW,RS,VAN,1068.0,,33,37,-4
199701270GSW,RS,VAN,1086.0,,35,37,-2
199701270GSW,RS,VAN,1142.0,LC,38,37,1
199701270GSW,RS,VAN,1176.0,LC,38,39,-1
199701270GSW,RS,VAN,1189.0,LC,40,39,1
199701270GSW,RS,VAN,1214.0,,41,39,2
199701270GSW,RS,VAN,1214.0,,42,39,3
199701270GSW,RS,VAN,1228.0,,42,40,2
199701270GSW,RS,VAN,1228.0,,42,41,1
199701270GSW,RS,VAN,1242.0,,44,41,3
199701270GSW,RS,VAN,1256.0,,46,41,5
199701270GSW,RS,VAN,1277.0,,46,43,3
199701270GSW,RS,VAN,1277.0,,46,44,2
199701270GSW,RS,VAN,1360.0,,48,44,4
199701270GSW,RS,VAN,1390.0,,50,44,6
199701270GSW,RS,VAN,1434.0,,51,44,7
199701270GSW,RS,VAN,1434.0,,52,44,8
199701270GSW,RS,VAN,1439.0,,52,46,6
199701270GSW,RS,VAN,1481.0,,54,46,8
199701270GSW,RS,VAN,1499.0,,54,47,7
199701270GSW,RS,VAN,1514.0,,55,47,8
199701270GSW,RS,VAN,1514.0,,56,47,9
199701270GSW,RS,VAN,1560.0,,56,49,7
199701270GSW,RS,VAN,1571.0,,59,49,10
199701270GSW,RS,VAN,1643.0,,61,49,12
199701270GSW,RS,VAN,1667.0,,61,51,10
199701270GSW,RS,VAN,1687.0,,63,51,12
199701270GSW,RS,VAN,1715.0,,63,53,10
199701270GSW,RS,VAN,1783.0,,65,53,12
199701270GSW,RS,VAN,1811.0,,67,53,14
199701270GSW,RS,VAN,1832.0,,67,54,13
199701270GSW,RS,VAN,1832.0,,67,55,12
199701270GSW,RS,VAN,1851.0,,69,55,14
199701270GSW,RS,VAN,1873.0,,69,56,13
199701270GSW,RS,VAN,1873.0,,69,57,12
199701270GSW,RS,VAN,1892.0,,71,57,14
199701270GSW,RS,VAN,1913.0,,71,58,13
199701270GSW,RS,VAN,1913.0,,71,59,12
199701270GSW,RS,VAN,1932.0,,71,61,10
199701270GSW,RS,VAN,1946.0,,72,61,11
199701270GSW,RS,VAN,1946.0,,73,61,12
199701270GSW,RS,VAN,1983.0,,74,61,13
199701270GSW,RS,VAN,1983.0,,75,61,14
199701270GSW,RS,VAN,1989.0,,75,62,13
199701270GSW,RS,VAN,1989.0,,75,63,12
199701270GSW,RS,VAN,2002.0,,77,63,14
199701270GSW,RS,VAN,2012.0,,77,64,13
199701270GSW,RS,VAN,2012.0,,77,65,12
199701270GSW,RS,VAN,2026.0,,78,65,13
199701270GSW,RS,VAN,2026.0,,79,65,14
199701270GSW,RS,VAN,2045.0,,79,68,11
199701270GSW,RS,VAN,2063.0,,81,68,13
199701270GSW,RS,VAN,2081.0,,81,69,12
199701270GSW,RS,VAN,2081.0,,81,70,11
199701270GSW,RS,VAN,2094.0,,83,70,13
199701270GSW,RS,VAN,2140.0,,85,70,15
199701270GSW,RS,VAN,2182.0,,86,70,16
199701270GSW,RS,VAN,2213.0,,86,72,14
199701270GSW,RS,VAN,2229.0,,88,72,16
199701270GSW,RS,VAN,2271.0,,88,74,14
199701270GSW,RS,VAN,2292.0,,90,74,16
199701270GSW,RS,VAN,2306.0,,90,76,14
199701270GSW,RS,VAN,2324.0,,90,77,13
199701270GSW,RS,VAN,2339.0,,91,77,14
199701270GSW,RS,VAN,2339.0,,92,77,15
199701270GSW,RS,VAN,2339.0,,93,77,16
199701270GSW,RS,VAN,2355.0,,93,79,14
199701270GSW,RS,VAN,2376.0,,95,79,16
199701270GSW,RS,VAN,2391.0,,95,81,14
199701270GSW,RS,VAN,2408.0,,97,81,16
199701270GSW,RS,VAN,2469.0,,98,81,17
199701270GSW,RS,VAN,2469.0,,99,81,18
199701270GSW,RS,VAN,2503.0,,101,81,20
199701270GSW,RS,VAN,2520.0,,101,83,18
199701270GSW,RS,VAN,2540.0,,102,83,19
199701270GSW,RS,VAN,2551.0,,103,83,20
199701270GSW,RS,VAN,2551.0,,104,83,21
199701270GSW,RS,VAN,2584.0,,106,83,23
199701270GSW,RS,VAN,2600.0,,106,84,22
199701270GSW,RS,VAN,2600.0,,106,85,21
199701270GSW,RS,VAN,2624.0,,106,88,18
199701270GSW,RS,VAN,2649.0,,108,88,20
199701270GSW,RS,VAN,2662.0,,108,89,19
199701270GSW,RS,VAN,2662.0,,108,90,18
199701270GSW,RS,VAN,2676.0,,109,90,19
199701270GSW,RS,VAN,2676.0,,110,90,20
199701270GSW,RS,VAN,2693.0,,110,93,17
199701270GSW,RS,VAN,2709.0,,111,93,18
199701270GSW,RS,VAN,2709.0,,112,93,19
199701270GSW,RS,VAN,2756.0,,113,93,20
199701270GSW,RS,VAN,2756.0,,114,93,21
199701270GSW,RS,VAN,2800.0,,117,93,24
199701270GSW,RS,VAN,2847.0,,119,93,26
199701270GSW,RS,VAN,2852.0,,119,95,24
199701270GSW,RS,VAN,2860.0,F,122,95,27
199701270GSW,RS,VAN,2874.0,,122,97,25
199701290GSW,RS,SEA,0.0,,0,0,0
199701290GSW,RS,SEA,19.0,,0,2,-2
199701290GSW,RS,SEA,56.0,,0,4,-4
199701290GSW,RS,SEA,84.0,,0,6,-6
199701290GSW,RS,SEA,112.0,,0,8,-8
199701290GSW,RS,SEA,151.0,,0,10,-10
199701290GSW,RS,SEA,248.0,,2,10,-8
199701290GSW,RS,SEA,287.0,,2,11,-9
199701290GSW,RS,SEA,287.0,,2,12,-10
199701290GSW,RS,SEA,307.0,,4,12,-8
199701290GSW,RS,SEA,334.0,,4,14,-10
199701290GSW,RS,SEA,380.0,,4,17,-13
199701290GSW,RS,SEA,474.0,,4,18,-14
199701290GSW,RS,SEA,474.0,,4,19,-15
199701290GSW,RS,SEA,497.0,,6,19,-13
199701290GSW,RS,SEA,513.0,,6,22,-16
199701290GSW,RS,SEA,528.0,,8,22,-14
199701290GSW,RS,SEA,547.0,,8,25,-17
199701290GSW,RS,SEA,605.0,,8,28,-20
199701290GSW,RS,SEA,637.0,,10,28,-18
199701290GSW,RS,SEA,660.0,,10,31,-21
199701290GSW,RS,SEA,667.0,,11,31,-20
199701290GSW,RS,SEA,667.0,,12,31,-19
199701290GSW,RS,SEA,686.0,,12,33,-21
199701290GSW,RS,SEA,702.0,,14,33,-19
199701290GSW,RS,SEA,702.0,,15,33,-18
199701290GSW,RS,SEA,768.0,,18,33,-15
199701290GSW,RS,SEA,818.0,,19,33,-14
199701290GSW,RS,SEA,836.0,,19,35,-16
199701290GSW,RS,SEA,847.0,,21,35,-14
199701290GSW,RS,SEA,866.0,,21,36,-15
199701290GSW,RS,SEA,866.0,,21,37,-16
199701290GSW,RS,SEA,875.0,,23,37,-14
199701290GSW,RS,SEA,909.0,,23,39,-16
199701290GSW,RS,SEA,920.0,,26,39,-13
199701290GSW,RS,SEA,928.0,,26,41,-15
199701290GSW,RS,SEA,959.0,,26,43,-17
199701290GSW,RS,SEA,988.0,,26,45,-19
199701290GSW,RS,SEA,1004.0,,27,45,-18
199701290GSW,RS,SEA,1004.0,,28,45,-17
199701290GSW,RS,SEA,1035.0,,28,47,-19
199701290GSW,RS,SEA,1066.0,,28,48,-20
199701290GSW,RS,SEA,1096.0,,29,48,-19
199701290GSW,RS,SEA,1096.0,,30,48,-18
199701290GSW,RS,SEA,1125.0,,32,48,-16
199701290GSW,RS,SEA,1182.0,,33,48,-15
199701290GSW,RS,SEA,1229.0,,35,48,-13
199701290GSW,RS,SEA,1245.0,,35,50,-15
199701290GSW,RS,SEA,1279.0,,35,51,-16
199701290GSW,RS,SEA,1293.0,,35,53,-18
199701290GSW,RS,SEA,1305.0,,36,53,-17
199701290GSW,RS,SEA,1305.0,,37,53,-16
199701290GSW,RS,SEA,1333.0,,38,53,-15
199701290GSW,RS,SEA,1333.0,,39,53,-14
199701290GSW,RS,SEA,1349.0,,39,55,-16
199701290GSW,RS,SEA,1364.0,,40,55,-15
199701290GSW,RS,SEA,1413.0,,40,57,-17
199701290GSW,RS,SEA,1482.0,,40,60,-20
199701290GSW,RS,SEA,1519.0,,40,62,-22
199701290GSW,RS,SEA,1563.0,,40,63,-23
199701290GSW,RS,SEA,1563.0,,40,64,-24
199701290GSW,RS,SEA,1580.0,,42,64,-22
199701290GSW,RS,SEA,1600.0,,42,66,-24
199701290GSW,RS,SEA,1626.0,,43,66,-23
199701290GSW,RS,SEA,1626.0,,44,66,-22
199701290GSW,RS,SEA,1638.0,,44,69,-25
199701290GSW,RS,SEA,1659.0,,44,72,-28
199701290GSW,RS,SEA,1685.0,,46,72,-26
199701290GSW,RS,SEA,1743.0,,46,74,-28
199701290GSW,RS,SEA,1764.0,,48,74,-26
199701290GSW,RS,SEA,1822.0,,48,77,-29
199701290GSW,RS,SEA,1873.0,,48,80,-32
199701290GSW,RS,SEA,1882.0,,50,80,-30
199701290GSW,RS,SEA,1904.0,,52,80,-28
199701290GSW,RS,SEA,1904.0,,53,80,-27
199701290GSW,RS,SEA,1920.0,,53,82,-29
199701290GSW,RS,SEA,1931.0,,56,82,-26
199701290GSW,RS,SEA,1989.0,,58,82,-24
199701290GSW,RS,SEA,2070.0,,58,85,-27
199701290GSW,RS,SEA,2103.0,,60,85,-25
199701290GSW,RS,SEA,2120.0,,60,88,-28
199701290GSW,RS,SEA,2180.0,,60,89,-29
199701290GSW,RS,SEA,2180.0,,60,90,-30
199701290GSW,RS,SEA,2212.0,,62,90,-28
199701290GSW,RS,SEA,2259.0,,64,90,-26
199701290GSW,RS,SEA,2282.0,,64,91,-27
199701290GSW,RS,SEA,2282.0,,64,92,-28
199701290GSW,RS,SEA,2306.0,,64,94,-30
199701290GSW,RS,SEA,2333.0,,64,96,-32
199701290GSW,RS,SEA,2378.0,,64,97,-33
199701290GSW,RS,SEA,2378.0,,64,98,-34
199701290GSW,RS,SEA,2395.0,,67,98,-31
199701290GSW,RS,SEA,2418.0,,67,101,-34
199701290GSW,RS,SEA,2451.0,,67,103,-36
199701290GSW,RS,SEA,2472.0,,68,103,-35
199701290GSW,RS,SEA,2496.0,,70,103,-33
199701290GSW,RS,SEA,2513.0,,70,105,-35
199701290GSW,RS,SEA,2528.0,,72,105,-33
199701290GSW,RS,SEA,2594.0,,74,105,-31
199701290GSW,RS,SEA,2621.0,,74,107,-33
199701290GSW,RS,SEA,2646.0,,76,107,-31
199701290GSW,RS,SEA,2720.0,,78,107,-29
199701290GSW,RS,SEA,2746.0,,80,107,-27
199701290GSW,RS,SEA,2768.0,,80,108,-28
199701290GSW,RS,SEA,2768.0,,80,109,-29
199701290GSW,RS,SEA,2779.0,,82,109,-27
199701290GSW,RS,SEA,2810.0,,84,109,-25
199701290GSW,RS,SEA,2810.0,,85,109,-24
199701290GSW,RS,SEA,2859.0,,85,111,-26
199701290GSW,RS,SEA,2870.0,F,86,111,-25
199701290GSW,RS,SEA,2880.0,,86,111,-25
199701310GSW,RS,CHI,0.0,,0,0,0
199701310GSW,RS,CHI,46.0,,0,2,-2
199701310GSW,RS,CHI,71.0,,0,5,-5
199701310GSW,RS,CHI,151.0,,0,7,-7
199701310GSW,RS,CHI,168.0,,2,7,-5
199701310GSW,RS,CHI,215.0,,2,9,-7
199701310GSW,RS,CHI,244.0,,2,11,-9
199701310GSW,RS,CHI,244.0,,2,12,-10
199701310GSW,RS,CHI,274.0,,2,13,-11
199701310GSW,RS,CHI,274.0,,2,14,-12
199701310GSW,RS,CHI,295.0,,2,16,-14
199701310GSW,RS,CHI,326.0,,2,17,-15
199701310GSW,RS,CHI,347.0,,2,19,-17
199701310GSW,RS,CHI,409.0,,4,19,-15
199701310GSW,RS,CHI,441.0,,4,21,-17
199701310GSW,RS,CHI,482.0,,4,23,-19
199701310GSW,RS,CHI,530.0,,5,23,-18
199701310GSW,RS,CHI,551.0,,6,23,-17
199701310GSW,RS,CHI,591.0,,6,25,-19
199701310GSW,RS,CHI,610.0,,6,27,-21
199701310GSW,RS,CHI,627.0,,6,29,-23
199701310GSW,RS,CHI,657.0,,6,31,-25
199701310GSW,RS,CHI,675.0,,8,31,-23
199701310GSW,RS,CHI,688.0,,8,33,-25
199701310GSW,RS,CHI,716.0,,8,35,-27
199701310GSW,RS,CHI,750.0,,8,37,-29
199701310GSW,RS,CHI,778.0,,8,38,-30
199701310GSW,RS,CHI,792.0,,10,38,-28
199701310GSW,RS,CHI,814.0,,12,38,-26
199701310GSW,RS,CHI,827.0,,12,39,-27
199701310GSW,RS,CHI,827.0,,12,40,-28
199701310GSW,RS,CHI,872.0,,12,42,-30
199701310GSW,RS,CHI,886.0,,13,42,-29
199701310GSW,RS,CHI,906.0,,13,45,-32
199701310GSW,RS,CHI,942.0,,13,47,-34
199701310GSW,RS,CHI,968.0,,15,47,-32
199701310GSW,RS,CHI,1001.0,,15,50,-35
199701310GSW,RS,CHI,1067.0,,16,50,-34
199701310GSW,RS,CHI,1067.0,,17,50,-33
199701310GSW,RS,CHI,1092.0,,17,52,-35
199701310GSW,RS,CHI,1115.0,,19,52,-33
199701310GSW,RS,CHI,1136.0,,19,54,-35
199701310GSW,RS,CHI,1181.0,,19,56,-37
199701310GSW,RS,CHI,1206.0,,21,56,-35
199701310GSW,RS,CHI,1221.0,,23,56,-33
199701310GSW,RS,CHI,1249.0,,25,56,-31
199701310GSW,RS,CHI,1266.0,,25,58,-33
199701310GSW,RS,CHI,1281.0,,27,58,-31
199701310GSW,RS,CHI,1295.0,,27,60,-33
199701310GSW,RS,CHI,1327.0,,29,60,-31
199701310GSW,RS,CHI,1363.0,,30,60,-30
199701310GSW,RS,CHI,1402.0,,32,60,-28
199701310GSW,RS,CHI,1429.0,,35,60,-25
199701310GSW,RS,CHI,1455.0,,37,60,-23
199701310GSW,RS,CHI,1514.0,,38,60,-22
199701310GSW,RS,CHI,1514.0,,39,60,-21
199701310GSW,RS,CHI,1550.0,,41,60,-19
199701310GSW,RS,CHI,1571.0,,41,62,-21
199701310GSW,RS,CHI,1625.0,,43,62,-19
199701310GSW,RS,CHI,1640.0,,43,64,-21
199701310GSW,RS,CHI,1649.0,,46,64,-18
199701310GSW,RS,CHI,1675.0,,46,66,-20
199701310GSW,RS,CHI,1689.0,,46,68,-22
199701310GSW,RS,CHI,1689.0,,46,69,-23
199701310GSW,RS,CHI,1709.0,,46,71,-25
199701310GSW,RS,CHI,1749.0,,46,74,-28
199701310GSW,RS,CHI,1756.0,,48,74,-26
199701310GSW,RS,CHI,1794.0,,48,75,-27
199701310GSW,RS,CHI,1794.0,,48,76,-28
199701310GSW,RS,CHI,1837.0,,48,78,-30
199701310GSW,RS,CHI,1855.0,,51,78,-27
199701310GSW,RS,CHI,1876.0,,51,80,-29
199701310GSW,RS,CHI,1895.0,,53,80,-27
199701310GSW,RS,CHI,1913.0,,53,82,-29
199701310GSW,RS,CHI,1955.0,,53,84,-31
199701310GSW,RS,CHI,1970.0,,55,84,-29
199701310GSW,RS,CHI,2020.0,,57,84,-27
199701310GSW,RS,CHI,2038.0,,57,85,-28
199701310GSW,RS,CHI,2038.0,,57,86,-29
199701310GSW,RS,CHI,2063.0,,59,86,-27
199701310GSW,RS,CHI,2063.0,,60,86,-26
199701310GSW,RS,CHI,2091.0,,62,86,-24
199701310GSW,RS,CHI,2126.0,,62,89,-27
199701310GSW,RS,CHI,2156.0,,62,91,-29
199701310GSW,RS,CHI,2191.0,,64,91,-27
199701310GSW,RS,CHI,2231.0,,67,91,-24
199701310GSW,RS,CHI,2271.0,,67,93,-26
199701310GSW,RS,CHI,2296.0,,69,93,-24
199701310GSW,RS,CHI,2319.0,,69,96,-27
199701310GSW,RS,CHI,2337.0,,69,98,-29
199701310GSW,RS,CHI,2347.0,,71,98,-27
199701310GSW,RS,CHI,2366.0,,71,100,-29
199701310GSW,RS,CHI,2411.0,,74,100,-26
199701310GSW,RS,CHI,2431.0,,74,102,-28
199701310GSW,RS,CHI,2571.0,,77,102,-25
199701310GSW,RS,CHI,2590.0,,77,104,-27
199701310GSW,RS,CHI,2651.0,,79,104,-25
199701310GSW,RS,CHI,2668.0,,79,107,-28
199701310GSW,RS,CHI,2698.0,,81,107,-26
199701310GSW,RS,CHI,2712.0,,81,109,-28
199701310GSW,RS,CHI,2728.0,,84,109,-25
199701310GSW,RS,CHI,2759.0,,86,109,-23
199701310GSW,RS,CHI,2775.0,,86,111,-25
199701310GSW,RS,CHI,2786.0,,88,111,-23
199701310GSW,RS,CHI,2802.0,,88,113,-25
199701310GSW,RS,CHI,2818.0,,90,113,-23
199701310GSW,RS,CHI,2835.0,,90,115,-25
199701310GSW,RS,CHI,2855.0,F,92,115,-23
199701310GSW,RS,CHI,2876.0,,92,115,-23
199702010LAC,RS,LAC,0.0,,0,0,0
199702010LAC,RS,LAC,38.0,,0,2,-2
199702010LAC,RS,LAC,66.0,,0,4,-4
199702010LAC,RS,LAC,108.0,,3,4,-1
199702010LAC,RS,LAC,176.0,LC,5,4,1
199702010LAC,RS,LAC,204.0,,7,4,3
199702010LAC,RS,LAC,225.0,T,7,7,0
199702010LAC,RS,LAC,257.0,,9,7,2
199702010LAC,RS,LAC,257.0,,10,7,3
199702010LAC,RS,LAC,265.0,,10,9,1
199702010LAC,RS,LAC,293.0,LC,10,12,-2
199702010LAC,RS,LAC,311.0,,11,12,-1
199702010LAC,RS,LAC,311.0,T,12,12,0
199702010LAC,RS,LAC,331.0,LC,13,12,1
199702010LAC,RS,LAC,331.0,,14,12,2
199702010LAC,RS,LAC,341.0,T,14,14,0
199702010LAC,RS,LAC,370.0,LC,14,16,-2
199702010LAC,RS,LAC,449.0,T,16,16,0
199702010LAC,RS,LAC,489.0,LC,18,16,2
199702010LAC,RS,LAC,527.0,T,18,18,0
199702010LAC,RS,LAC,543.0,,20,18,2
199702010LAC,RS,LAC,587.0,,23,18,5
199702010LAC,RS,LAC,639.0,,23,20,3
199702010LAC,RS,LAC,681.0,,23,22,1
199702010LAC,RS,LAC,688.0,,25,22,3
199702010LAC,RS,LAC,698.0,,25,24,1
199702010LAC,RS,LAC,698.0,T,25,25,0
199702010LAC,RS,LAC,735.0,,27,25,2
199702010LAC,RS,LAC,810.0,,28,25,3
199702010LAC,RS,LAC,810.0,,29,25,4
199702010LAC,RS,LAC,831.0,,29,27,2
199702010LAC,RS,LAC,892.0,,30,27,3
199702010LAC,RS,LAC,892.0,,31,27,4
199702010LAC,RS,LAC,946.0,,33,27,6
199702010LAC,RS,LAC,969.0,,33,28,5
199702010LAC,RS,LAC,969.0,,33,29,4
199702010LAC,RS,LAC,1009.0,,35,29,6
199702010LAC,RS,LAC,1026.0,,35,30,5
199702010LAC,RS,LAC,1039.0,,35,33,2
199702010LAC,RS,LAC,1060.0,,36,33,3
199702010LAC,RS,LAC,1072.0,,36,35,1
199702010LAC,RS,LAC,1085.0,,37,35,2
199702010LAC,RS,LAC,1115.0,LC,37,38,-1
199702010LAC,RS,LAC,1142.0,T,38,38,0
199702010LAC,RS,LAC,1202.0,,38,40,-2
199702010LAC,RS,LAC,1234.0,,38,42,-4
199702010LAC,RS,LAC,1250.0,,40,42,-2
199702010LAC,RS,LAC,1268.0,,40,44,-4
199702010LAC,RS,LAC,1308.0,,40,46,-6
199702010LAC,RS,LAC,1332.0,,42,46,-4
199702010LAC,RS,LAC,1361.0,,42,48,-6
199702010LAC,RS,LAC,1372.0,,42,50,-8
199702010LAC,RS,LAC,1372.0,,42,51,-9
199702010LAC,RS,LAC,1400.0,,42,53,-11
199702010LAC,RS,LAC,1413.0,,43,53,-10
199702010LAC,RS,LAC,1413.0,,44,53,-9
199702010LAC,RS,LAC,1485.0,,47,53,-6
199702010LAC,RS,LAC,1509.0,,47,55,-8
199702010LAC,RS,LAC,1523.0,,47,57,-10
199702010LAC,RS,LAC,1575.0,,47,59,-12
199702010LAC,RS,LAC,1588.0,,49,59,-10
199702010LAC,RS,LAC,1619.0,,50,59,-9
199702010LAC,RS,LAC,1619.0,,51,59,-8
199702010LAC,RS,LAC,1630.0,,51,60,-9
199702010LAC,RS,LAC,1630.0,,51,61,-10
199702010LAC,RS,LAC,1646.0,,53,61,-8
199702010LAC,RS,LAC,1654.0,,53,63,-10
199702010LAC,RS,LAC,1685.0,,55,63,-8
199702010LAC,RS,LAC,1705.0,,55,65,-10
199702010LAC,RS,LAC,1727.0,,55,68,-13
199702010LAC,RS,LAC,1747.0,,55,70,-15
199702010LAC,RS,LAC,1766.0,,57,70,-13
199702010LAC,RS,LAC,1783.0,,57,71,-14
199702010LAC,RS,LAC,1796.0,,60,71,-11
199702010LAC,RS,LAC,1819.0,,62,71,-9
199702010LAC,RS,LAC,1867.0,,62,73,-11
199702010LAC,RS,LAC,1904.0,,62,75,-13
199702010LAC,RS,LAC,1920.0,,63,75,-12
199702010LAC,RS,LAC,1920.0,,64,75,-11
199702010LAC,RS,LAC,1939.0,,65,75,-10
199702010LAC,RS,LAC,1939.0,,66,75,-9
199702010LAC,RS,LAC,1954.0,,66,77,-11
199702010LAC,RS,LAC,1969.0,,68,77,-9
199702010LAC,RS,LAC,2001.0,,70,77,-7
199702010LAC,RS,LAC,2026.0,,70,80,-10
199702010LAC,RS,LAC,2058.0,,70,81,-11
199702010LAC,RS,LAC,2066.0,,72,81,-9
199702010LAC,RS,LAC,2082.0,,72,83,-11
199702010LAC,RS,LAC,2123.0,,73,83,-10
199702010LAC,RS,LAC,2123.0,,74,83,-9
199702010LAC,RS,LAC,2138.0,,74,84,-10
199702010LAC,RS,LAC,2174.0,,74,86,-12
199702010LAC,RS,LAC,2194.0,,77,86,-9
199702010LAC,RS,LAC,2210.0,,77,87,-10
199702010LAC,RS,LAC,2241.0,,77,89,-12
199702010LAC,RS,LAC,2261.0,,78,89,-11
199702010LAC,RS,LAC,2280.0,,78,91,-13
199702010LAC,RS,LAC,2295.0,,79,91,-12
199702010LAC,RS,LAC,2295.0,,80,91,-11
199702010LAC,RS,LAC,2317.0,,81,91,-10
199702010LAC,RS,LAC,2343.0,,82,91,-9
199702010LAC,RS,LAC,2343.0,,83,91,-8
199702010LAC,RS,LAC,2357.0,,83,93,-10
199702010LAC,RS,LAC,2375.0,,84,93,-9
199702010LAC,RS,LAC,2375.0,,85,93,-8
199702010LAC,RS,LAC,2402.0,,85,95,-10
199702010LAC,RS,LAC,2441.0,,85,97,-12
199702010LAC,RS,LAC,2506.0,,85,99,-14
199702010LAC,RS,LAC,2525.0,,86,99,-13
199702010LAC,RS,LAC,2549.0,,89,99,-10
199702010LAC,RS,LAC,2570.0,,89,102,-13
199702010LAC,RS,LAC,2590.0,,91,102,-11
199702010LAC,RS,LAC,2607.0,,91,104,-13
199702010LAC,RS,LAC,2623.0,,93,104,-11
199702010LAC,RS,LAC,2669.0,,96,104,-8
199702010LAC,RS,LAC,2733.0,,96,107,-11
199702010LAC,RS,LAC,2777.0,,98,107,-9
199702010LAC,RS,LAC,2858.0,F,98,110,-12
199702010LAC,RS,LAC,2880.0,,98,110,-12
199702040GSW,RS,ATL,0.0,,0,0,0
199702040GSW,RS,ATL,11.0,,2,0,2
199702040GSW,RS,ATL,26.0,T,2,2,0
199702040GSW,RS,ATL,93.0,LC,2,4,-2
199702040GSW,RS,ATL,105.0,T,4,4,0
199702040GSW,RS,ATL,121.0,,4,6,-2
199702040GSW,RS,ATL,139.0,,4,8,-4
199702040GSW,RS,ATL,154.0,,4,10,-6
199702040GSW,RS,ATL,173.0,,6,10,-4
199702040GSW,RS,ATL,197.0,,6,12,-6
199702040GSW,RS,ATL,214.0,,8,12,-4
199702040GSW,RS,ATL,226.0,,8,13,-5
199702040GSW,RS,ATL,250.0,,10,13,-3
199702040GSW,RS,ATL,309.0,T,13,13,0
199702040GSW,RS,ATL,349.0,LC,15,13,2
199702040GSW,RS,ATL,367.0,,15,14,1
199702040GSW,RS,ATL,367.0,T,15,15,0
199702040GSW,RS,ATL,390.0,LC,15,17,-2
199702040GSW,RS,ATL,425.0,,15,19,-4
199702040GSW,RS,ATL,470.0,,15,21,-6
199702040GSW,RS,ATL,573.0,,15,23,-8
199702040GSW,RS,ATL,602.0,,16,23,-7
199702040GSW,RS,ATL,624.0,,16,25,-9
199702040GSW,RS,ATL,637.0,,18,25,-7
199702040GSW,RS,ATL,667.0,,20,25,-5
199702040GSW,RS,ATL,691.0,,20,27,-7
199702040GSW,RS,ATL,716.0,,20,30,-10
199702040GSW,RS,ATL,770.0,,22,30,-8
199702040GSW,RS,ATL,830.0,,22,32,-10
199702040GSW,RS,ATL,867.0,,22,35,-13
199702040GSW,RS,ATL,889.0,,23,35,-12
199702040GSW,RS,ATL,889.0,,24,35,-11
199702040GSW,RS,ATL,906.0,,24,37,-13
199702040GSW,RS,ATL,906.0,,24,38,-14
199702040GSW,RS,ATL,951.0,,24,41,-17
199702040GSW,RS,ATL,965.0,,26,41,-15
199702040GSW,RS,ATL,1026.0,,26,43,-17
199702040GSW,RS,ATL,1118.0,,26,44,-18
199702040GSW,RS,ATL,1171.0,,26,46,-20
199702040GSW,RS,ATL,1236.0,,28,46,-18
199702040GSW,RS,ATL,1258.0,,28,48,-20
199702040GSW,RS,ATL,1270.0,,30,48,-18
199702040GSW,RS,ATL,1321.0,,32,48,-16
199702040GSW,RS,ATL,1343.0,,32,51,-19
199702040GSW,RS,ATL,1370.0,,32,54,-22
199702040GSW,RS,ATL,1394.0,,32,56,-24
199702040GSW,RS,ATL,1409.0,,33,56,-23
199702040GSW,RS,ATL,1462.0,,33,58,-25
199702040GSW,RS,ATL,1488.0,,34,58,-24
199702040GSW,RS,ATL,1488.0,,35,58,-23
199702040GSW,RS,ATL,1516.0,,37,58,-21
199702040GSW,RS,ATL,1551.0,,39,58,-19
199702040GSW,RS,ATL,1642.0,,42,58,-16
199702040GSW,RS,ATL,1677.0,,43,58,-15
199702040GSW,RS,ATL,1714.0,,45,58,-13
199702040GSW,RS,ATL,1727.0,,45,61,-16
199702040GSW,RS,ATL,1795.0,,47,61,-14
199702040GSW,RS,ATL,1820.0,,47,62,-15
199702040GSW,RS,ATL,1820.0,,47,63,-16
199702040GSW,RS,ATL,1866.0,,49,63,-14
199702040GSW,RS,ATL,1892.0,,49,65,-16
199702040GSW,RS,ATL,1915.0,,51,65,-14
199702040GSW,RS,ATL,1927.0,,51,67,-16
199702040GSW,RS,ATL,1972.0,,51,69,-18
199702040GSW,RS,ATL,2019.0,,51,71,-20
199702040GSW,RS,ATL,2041.0,,51,74,-23
199702040GSW,RS,ATL,2092.0,,51,75,-24
199702040GSW,RS,ATL,2092.0,,51,76,-25
199702040GSW,RS,ATL,2104.0,,53,76,-23
199702040GSW,RS,ATL,2129.0,,53,78,-25
199702040GSW,RS,ATL,2159.0,,55,78,-23
199702040GSW,RS,ATL,2205.0,,55,80,-25
199702040GSW,RS,ATL,2221.0,,57,80,-23
199702040GSW,RS,ATL,2272.0,,57,82,-25
199702040GSW,RS,ATL,2289.0,,60,82,-22
199702040GSW,RS,ATL,2327.0,,62,82,-20
199702040GSW,RS,ATL,2373.0,,62,83,-21
199702040GSW,RS,ATL,2373.0,,62,84,-22
199702040GSW,RS,ATL,2391.0,,64,84,-20
199702040GSW,RS,ATL,2410.0,,64,86,-22
199702040GSW,RS,ATL,2422.0,,66,86,-20
199702040GSW,RS,ATL,2443.0,,66,87,-21
199702040GSW,RS,ATL,2443.0,,66,88,-22
199702040GSW,RS,ATL,2486.0,,66,90,-24
199702040GSW,RS,ATL,2500.0,,68,90,-22
199702040GSW,RS,ATL,2551.0,,68,92,-24
199702040GSW,RS,ATL,2568.0,,70,92,-22
199702040GSW,RS,ATL,2571.0,,70,93,-23
199702040GSW,RS,ATL,2591.0,,70,95,-25
199702040GSW,RS,ATL,2604.0,,72,95,-23
199702040GSW,RS,ATL,2633.0,,72,97,-25
199702040GSW,RS,ATL,2651.0,,74,97,-23
199702040GSW,RS,ATL,2673.0,,76,97,-21
199702040GSW,RS,ATL,2673.0,,77,97,-20
199702040GSW,RS,ATL,2682.0,,77,98,-21
199702040GSW,RS,ATL,2694.0,,77,100,-23
199702040GSW,RS,ATL,2708.0,,79,100,-21
199702040GSW,RS,ATL,2721.0,,79,103,-24
199702040GSW,RS,ATL,2771.0,,81,103,-22
199702040GSW,RS,ATL,2806.0,,81,105,-24
199702040GSW,RS,ATL,2830.0,,82,105,-23
199702040GSW,RS,ATL,2842.0,,84,105,-21
199702040GSW,RS,ATL,2851.0,,84,107,-23
199702040GSW,RS,ATL,2875.0,F,85,107,-22
199702040GSW,RS,ATL,2877.0,,85,107,-22
199702130DAL,RS,DAL,0.0,,0,0,0
199702130DAL,RS,DAL,11.0,,2,0,2
199702130DAL,RS,DAL,25.0,T,2,2,0
199702130DAL,RS,DAL,61.0,LC,2,4,-2
199702130DAL,RS,DAL,73.0,T,4,4,0
199702130DAL,RS,DAL,146.0,LC,6,4,2
199702130DAL,RS,DAL,198.0,,6,5,1
199702130DAL,RS,DAL,230.0,,8,5,3
199702130DAL,RS,DAL,235.0,,10,5,5
199702130DAL,RS,DAL,282.0,,10,7,3
199702130DAL,RS,DAL,304.0,,10,8,2
199702130DAL,RS,DAL,316.0,,12,8,4
199702130DAL,RS,DAL,338.0,,12,10,2
199702130DAL,RS,DAL,338.0,,12,11,1
199702130DAL,RS,DAL,392.0,LC,12,13,-1
199702130DAL,RS,DAL,415.0,,12,15,-3
199702130DAL,RS,DAL,440.0,,14,15,-1
199702130DAL,RS,DAL,450.0,,14,17,-3
199702130DAL,RS,DAL,452.0,,14,19,-5
199702130DAL,RS,DAL,488.0,,16,19,-3
199702130DAL,RS,DAL,496.0,,16,21,-5
199702130DAL,RS,DAL,534.0,,16,23,-7
199702130DAL,RS,DAL,556.0,,16,25,-9
199702130DAL,RS,DAL,590.0,,18,25,-7
199702130DAL,RS,DAL,598.0,,18,27,-9
199702130DAL,RS,DAL,624.0,,20,27,-7
199702130DAL,RS,DAL,641.0,,20,30,-10
199702130DAL,RS,DAL,661.0,,22,30,-8
199702130DAL,RS,DAL,699.0,,23,30,-7
199702130DAL,RS,DAL,699.0,,24,30,-6
199702130DAL,RS,DAL,757.0,,26,30,-4
199702130DAL,RS,DAL,777.0,,26,32,-6
199702130DAL,RS,DAL,796.0,,27,32,-5
199702130DAL,RS,DAL,834.0,,30,32,-2
199702130DAL,RS,DAL,908.0,T,32,32,0
199702130DAL,RS,DAL,928.0,,32,35,-3
199702130DAL,RS,DAL,959.0,,32,37,-5
199702130DAL,RS,DAL,986.0,,32,39,-7
199702130DAL,RS,DAL,1005.0,,34,39,-5
199702130DAL,RS,DAL,1038.0,,34,41,-7
199702130DAL,RS,DAL,1055.0,,37,41,-4
199702130DAL,RS,DAL,1082.0,,39,41,-2
199702130DAL,RS,DAL,1114.0,,39,43,-4
199702130DAL,RS,DAL,1134.0,,41,43,-2
199702130DAL,RS,DAL,1188.0,T,43,43,0
199702130DAL,RS,DAL,1206.0,,43,46,-3
199702130DAL,RS,DAL,1235.0,,45,46,-1
199702130DAL,RS,DAL,1276.0,,45,48,-3
199702130DAL,RS,DAL,1296.0,T,48,48,0
199702130DAL,RS,DAL,1344.0,LC,51,48,3
199702130DAL,RS,DAL,1370.0,T,51,51,0
199702130DAL,RS,DAL,1387.0,,53,51,2
199702130DAL,RS,DAL,1413.0,,55,51,4
199702130DAL,RS,DAL,1440.0,,55,53,2
199702130DAL,RS,DAL,1469.0,,57,53,4
199702130DAL,RS,DAL,1527.0,,57,54,3
199702130DAL,RS,DAL,1527.0,,57,55,2
199702130DAL,RS,DAL,1537.0,,59,55,4
199702130DAL,RS,DAL,1594.0,,61,55,6
199702130DAL,RS,DAL,1677.0,,61,56,5
199702130DAL,RS,DAL,1677.0,,61,57,4
199702130DAL,RS,DAL,1708.0,,61,60,1
199702130DAL,RS,DAL,1718.0,,63,60,3
199702130DAL,RS,DAL,1731.0,,63,61,2
199702130DAL,RS,DAL,1757.0,T,63,63,0
199702130DAL,RS,DAL,1786.0,,65,63,2
199702130DAL,RS,DAL,1850.0,LC,65,66,-1
199702130DAL,RS,DAL,1881.0,,65,68,-3
199702130DAL,RS,DAL,1899.0,T,68,68,0
199702130DAL,RS,DAL,1917.0,LC,70,68,2
199702130DAL,RS,DAL,1971.0,,70,69,1
199702130DAL,RS,DAL,1971.0,T,70,70,0
199702130DAL,RS,DAL,1989.0,,72,70,2
199702130DAL,RS,DAL,2004.0,T,72,72,0
199702130DAL,RS,DAL,2059.0,,73,72,1
199702130DAL,RS,DAL,2071.0,T,73,73,0
199702130DAL,RS,DAL,2090.0,,75,73,2
199702130DAL,RS,DAL,2104.0,T,75,75,0
199702130DAL,RS,DAL,2114.0,,77,75,2
199702130DAL,RS,DAL,2132.0,T,77,77,0
199702130DAL,RS,DAL,2148.0,,78,77,1
199702130DAL,RS,DAL,2148.0,,79,77,2
199702130DAL,RS,DAL,2171.0,,81,77,4
199702130DAL,RS,DAL,2190.0,,81,79,2
199702130DAL,RS,DAL,2224.0,,82,79,3
199702130DAL,RS,DAL,2224.0,,83,79,4
199702130DAL,RS,DAL,2243.0,,85,79,6
199702130DAL,RS,DAL,2269.0,,85,82,3
199702130DAL,RS,DAL,2298.0,T,85,85,0
199702130DAL,RS,DAL,2314.0,,87,85,2
199702130DAL,RS,DAL,2320.0,T,87,87,0
199702130DAL,RS,DAL,2345.0,,90,87,3
199702130DAL,RS,DAL,2374.0,,91,87,4
199702130DAL,RS,DAL,2374.0,,92,87,5
199702130DAL,RS,DAL,2441.0,,94,87,7
199702130DAL,RS,DAL,2468.0,,94,89,5
199702130DAL,RS,DAL,2537.0,,95,89,6
199702130DAL,RS,DAL,2560.0,,95,92,3
199702130DAL,RS,DAL,2583.0,,97,92,5
199702130DAL,RS,DAL,2612.0,,97,93,4
199702130DAL,RS,DAL,2657.0,,98,93,5
199702130DAL,RS,DAL,2657.0,,99,93,6
199702130DAL,RS,DAL,2695.0,,102,93,9
199702130DAL,RS,DAL,2733.0,,103,93,10
199702130DAL,RS,DAL,2733.0,,104,93,11
199702130DAL,RS,DAL,2777.0,,104,95,9
199702130DAL,RS,DAL,2778.0,,105,95,10
199702130DAL,RS,DAL,2794.0,,105,97,8
199702130DAL,RS,DAL,2849.0,,107,97,10
199702130DAL,RS,DAL,2852.0,F,107,99,8
199702130DAL,RS,DAL,2880.0,,107,99,8
199702140SAS,RS,SAS,0.0,,0,0,0
199702140SAS,RS,SAS,17.0,,0,1,-1
199702140SAS,RS,SAS,17.0,,0,2,-2
199702140SAS,RS,SAS,68.0,,0,4,-4
199702140SAS,RS,SAS,84.0,,2,4,-2
199702140SAS,RS,SAS,115.0,LC,5,4,1
199702140SAS,RS,SAS,191.0,,6,4,2
199702140SAS,RS,SAS,191.0,,7,4,3
199702140SAS,RS,SAS,215.0,,9,4,5
199702140SAS,RS,SAS,237.0,,9,6,3
199702140SAS,RS,SAS,282.0,,9,8,1
199702140SAS,RS,SAS,302.0,,11,8,3
199702140SAS,RS,SAS,327.0,,13,8,5
199702140SAS,RS,SAS,367.0,,16,8,8
199702140SAS,RS,SAS,456.0,,16,10,6
199702140SAS,RS,SAS,466.0,,18,10,8
199702140SAS,RS,SAS,519.0,,20,10,10
199702140SAS,RS,SAS,519.0,,21,10,11
199702140SAS,RS,SAS,552.0,,21,11,10
199702140SAS,RS,SAS,552.0,,21,12,9
199702140SAS,RS,SAS,565.0,,23,12,11
199702140SAS,RS,SAS,587.0,,23,14,9
199702140SAS,RS,SAS,680.0,,25,19,6
199702140SAS,RS,SAS,680.0,,25,20,5
199702140SAS,RS,SAS,698.0,,27,20,7
199702140SAS,RS,SAS,720.0,,27,22,5
199702140SAS,RS,SAS,755.0,,29,22,7
199702140SAS,RS,SAS,788.0,,29,24,5
199702140SAS,RS,SAS,807.0,,31,24,7
199702140SAS,RS,SAS,839.0,,32,24,8
199702140SAS,RS,SAS,839.0,,33,24,9
199702140SAS,RS,SAS,861.0,,33,26,7
199702140SAS,RS,SAS,873.0,,35,26,9
199702140SAS,RS,SAS,906.0,,35,27,8
199702140SAS,RS,SAS,937.0,,35,29,6
199702140SAS,RS,SAS,937.0,,35,30,5
199702140SAS,RS,SAS,954.0,,35,32,3
199702140SAS,RS,SAS,975.0,,38,32,6
199702140SAS,RS,SAS,1003.0,,41,32,9
199702140SAS,RS,SAS,1020.0,,41,35,6
199702140SAS,RS,SAS,1038.0,,43,35,8
199702140SAS,RS,SAS,1054.0,,43,38,5
199702140SAS,RS,SAS,1083.0,,43,39,4
199702140SAS,RS,SAS,1096.0,,44,39,5
199702140SAS,RS,SAS,1096.0,,45,39,6
199702140SAS,RS,SAS,1124.0,,45,41,4
199702140SAS,RS,SAS,1157.0,,45,43,2
199702140SAS,RS,SAS,1181.0,LC,45,46,-1
199702140SAS,RS,SAS,1196.0,T,46,46,0
199702140SAS,RS,SAS,1196.0,LC,47,46,1
199702140SAS,RS,SAS,1215.0,T,47,47,0
199702140SAS,RS,SAS,1222.0,,49,47,2
199702140SAS,RS,SAS,1258.0,,51,47,4
199702140SAS,RS,SAS,1273.0,,51,49,2
199702140SAS,RS,SAS,1292.0,,53,49,4
199702140SAS,RS,SAS,1292.0,,54,49,5
199702140SAS,RS,SAS,1316.0,,55,49,6
199702140SAS,RS,SAS,1341.0,,57,49,8
199702140SAS,RS,SAS,1365.0,,57,51,6
199702140SAS,RS,SAS,1386.0,,58,51,7
199702140SAS,RS,SAS,1399.0,,60,51,9
199702140SAS,RS,SAS,1436.0,,60,53,7
199702140SAS,RS,SAS,1478.0,,62,53,9
199702140SAS,RS,SAS,1507.0,,64,53,11
199702140SAS,RS,SAS,1526.0,,64,56,8
199702140SAS,RS,SAS,1570.0,,65,56,9
199702140SAS,RS,SAS,1570.0,,66,56,10
199702140SAS,RS,SAS,1619.0,,68,56,12
199702140SAS,RS,SAS,1673.0,,68,58,10
199702140SAS,RS,SAS,1721.0,,71,58,13
199702140SAS,RS,SAS,1733.0,,71,60,11
199702140SAS,RS,SAS,1746.0,,73,60,13
199702140SAS,RS,SAS,1755.0,,73,63,10
199702140SAS,RS,SAS,1840.0,,73,64,9
199702140SAS,RS,SAS,1840.0,,73,65,8
199702140SAS,RS,SAS,1859.0,,76,65,11
199702140SAS,RS,SAS,1900.0,,76,66,10
199702140SAS,RS,SAS,1900.0,,76,67,9
199702140SAS,RS,SAS,1934.0,,76,68,8
199702140SAS,RS,SAS,1966.0,,76,70,6
199702140SAS,RS,SAS,1983.0,,79,70,9
199702140SAS,RS,SAS,2022.0,,81,70,11
199702140SAS,RS,SAS,2072.0,,81,72,9
199702140SAS,RS,SAS,2095.0,,81,74,7
199702140SAS,RS,SAS,2095.0,,81,75,6
199702140SAS,RS,SAS,2142.0,,81,77,4
199702140SAS,RS,SAS,2208.0,,84,77,7
199702140SAS,RS,SAS,2224.0,,84,78,6
199702140SAS,RS,SAS,2224.0,,84,79,5
199702140SAS,RS,SAS,2240.0,,87,79,8
199702140SAS,RS,SAS,2329.0,,89,79,10
199702140SAS,RS,SAS,2352.0,,89,81,8
199702140SAS,RS,SAS,2366.0,,90,81,9
199702140SAS,RS,SAS,2366.0,,91,81,10
199702140SAS,RS,SAS,2387.0,,93,81,12
199702140SAS,RS,SAS,2413.0,,94,81,13
199702140SAS,RS,SAS,2413.0,,95,81,14
199702140SAS,RS,SAS,2430.0,,95,84,11
199702140SAS,RS,SAS,2445.0,,97,84,13
199702140SAS,RS,SAS,2459.0,,97,86,11
199702140SAS,RS,SAS,2482.0,,98,86,12
199702140SAS,RS,SAS,2482.0,,99,86,13
199702140SAS,RS,SAS,2492.0,,99,87,12
199702140SAS,RS,SAS,2503.0,,101,87,14
199702140SAS,RS,SAS,2572.0,,101,89,12
199702140SAS,RS,SAS,2589.0,,103,89,14
199702140SAS,RS,SAS,2613.0,,103,90,13
199702140SAS,RS,SAS,2757.0,,103,91,12
199702140SAS,RS,SAS,2757.0,,103,92,11
199702140SAS,RS,SAS,2777.0,,105,92,13
199702140SAS,RS,SAS,2854.0,F,105,94,11
199702140SAS,RS,SAS,2879.0,,108,94,14
199702160SAC,RS,SAC,0.0,,0,0,0
199702160SAC,RS,SAC,41.0,,0,2,-2
199702160SAC,RS,SAC,55.0,T,2,2,0
199702160SAC,RS,SAC,80.0,LC,5,2,3
199702160SAC,RS,SAC,125.0,,5,4,1
199702160SAC,RS,SAC,213.0,T,5,5,0
199702160SAC,RS,SAC,246.0,,7,5,2
199702160SAC,RS,SAC,289.0,LC,7,8,-1
199702160SAC,RS,SAC,308.0,LC,9,8,1
199702160SAC,RS,SAC,334.0,LC,9,10,-1
199702160SAC,RS,SAC,348.0,LC,11,10,1
199702160SAC,RS,SAC,366.0,LC,11,12,-1
199702160SAC,RS,SAC,403.0,,11,13,-2
199702160SAC,RS,SAC,427.0,T,13,13,0
199702160SAC,RS,SAC,453.0,LC,15,13,2
199702160SAC,RS,SAC,514.0,,15,14,1
199702160SAC,RS,SAC,567.0,,17,14,3
199702160SAC,RS,SAC,590.0,,17,16,1
199702160SAC,RS,SAC,636.0,LC,17,18,-1
199702160SAC,RS,SAC,674.0,,17,20,-3
199702160SAC,RS,SAC,688.0,,19,20,-1
199702160SAC,RS,SAC,694.0,,19,21,-2
199702160SAC,RS,SAC,694.0,,19,22,-3
199702160SAC,RS,SAC,714.0,,21,22,-1
199702160SAC,RS,SAC,795.0,,21,24,-3
199702160SAC,RS,SAC,822.0,,23,24,-1
199702160SAC,RS,SAC,836.0,,23,26,-3
199702160SAC,RS,SAC,924.0,,23,28,-5
199702160SAC,RS,SAC,1023.0,,23,30,-7
199702160SAC,RS,SAC,1073.0,,26,30,-4
199702160SAC,RS,SAC,1091.0,,26,32,-6
199702160SAC,RS,SAC,1153.0,,26,34,-8
199702160SAC,RS,SAC,1173.0,,27,34,-7
199702160SAC,RS,SAC,1202.0,,29,34,-5
199702160SAC,RS,SAC,1241.0,,30,34,-4
199702160SAC,RS,SAC,1257.0,,30,36,-6
199702160SAC,RS,SAC,1291.0,,30,38,-8
199702160SAC,RS,SAC,1310.0,,31,38,-7
199702160SAC,RS,SAC,1310.0,,32,38,-6
199702160SAC,RS,SAC,1325.0,,32,40,-8
199702160SAC,RS,SAC,1339.0,,33,40,-7
199702160SAC,RS,SAC,1339.0,,34,40,-6
199702160SAC,RS,SAC,1362.0,,36,40,-4
199702160SAC,RS,SAC,1394.0,,38,40,-2
199702160SAC,RS,SAC,1410.0,,38,42,-4
199702160SAC,RS,SAC,1428.0,,40,42,-2
199702160SAC,RS,SAC,1461.0,T,42,42,0
199702160SAC,RS,SAC,1491.0,LC,44,42,2
199702160SAC,RS,SAC,1517.0,,46,42,4
199702160SAC,RS,SAC,1581.0,,46,44,2
199702160SAC,RS,SAC,1609.0,T,46,46,0
199702160SAC,RS,SAC,1622.0,,48,46,2
199702160SAC,RS,SAC,1661.0,T,48,48,0
199702160SAC,RS,SAC,1680.0,,50,48,2
199702160SAC,RS,SAC,1704.0,T,50,50,0
199702160SAC,RS,SAC,1728.0,,51,50,1
199702160SAC,RS,SAC,1743.0,LC,51,53,-2
199702160SAC,RS,SAC,1758.0,T,53,53,0
199702160SAC,RS,SAC,1776.0,,53,56,-3
199702160SAC,RS,SAC,1815.0,,55,56,-1
199702160SAC,RS,SAC,1855.0,,55,59,-4
199702160SAC,RS,SAC,1879.0,,55,61,-6
199702160SAC,RS,SAC,1897.0,,58,61,-3
199702160SAC,RS,SAC,1939.0,,58,63,-5
199702160SAC,RS,SAC,1981.0,,58,65,-7
199702160SAC,RS,SAC,2009.0,,60,65,-5
199702160SAC,RS,SAC,2026.0,,60,68,-8
199702160SAC,RS,SAC,2060.0,,60,70,-10
199702160SAC,RS,SAC,2075.0,,61,70,-9
199702160SAC,RS,SAC,2154.0,,61,72,-11
199702160SAC,RS,SAC,2204.0,,62,72,-10
199702160SAC,RS,SAC,2250.0,,65,72,-7
199702160SAC,RS,SAC,2276.0,,68,72,-4
199702160SAC,RS,SAC,2325.0,,68,73,-5
199702160SAC,RS,SAC,2330.0,,68,75,-7
199702160SAC,RS,SAC,2343.0,,70,75,-5
199702160SAC,RS,SAC,2367.0,,70,77,-7
199702160SAC,RS,SAC,2400.0,,70,80,-10
199702160SAC,RS,SAC,2434.0,,70,83,-13
199702160SAC,RS,SAC,2465.0,,70,85,-15
199702160SAC,RS,SAC,2465.0,,70,86,-16
199702160SAC,RS,SAC,2484.0,,70,88,-18
199702160SAC,RS,SAC,2501.0,,70,90,-20
199702160SAC,RS,SAC,2516.0,,72,90,-18
199702160SAC,RS,SAC,2531.0,,72,91,-19
199702160SAC,RS,SAC,2541.0,,74,91,-17
199702160SAC,RS,SAC,2573.0,,74,93,-19
199702160SAC,RS,SAC,2625.0,,74,95,-21
199702160SAC,RS,SAC,2632.0,,75,95,-20
199702160SAC,RS,SAC,2632.0,,76,95,-19
199702160SAC,RS,SAC,2644.0,,76,97,-21
199702160SAC,RS,SAC,2684.0,,76,98,-22
199702160SAC,RS,SAC,2684.0,,76,99,-23
199702160SAC,RS,SAC,2707.0,,76,102,-26
199702160SAC,RS,SAC,2725.0,,78,102,-24
199702160SAC,RS,SAC,2742.0,,78,104,-26
199702160SAC,RS,SAC,2749.0,,79,104,-25
199702160SAC,RS,SAC,2751.0,,81,104,-23
199702160SAC,RS,SAC,2787.0,,81,105,-24
199702160SAC,RS,SAC,2798.0,,82,105,-23
199702160SAC,RS,SAC,2798.0,,83,105,-22
199702160SAC,RS,SAC,2852.0,F,85,105,-20
199702160SAC,RS,SAC,2879.0,,85,105,-20
199702190GSW,RS,BOS,0.0,,0,0,0
199702190GSW,RS,BOS,36.0,,2,0,2
199702190GSW,RS,BOS,62.0,,4,0,4
199702190GSW,RS,BOS,111.0,,4,1,3
199702190GSW,RS,BOS,111.0,,4,2,2
199702190GSW,RS,BOS,125.0,,6,2,4
199702190GSW,RS,BOS,160.0,,6,5,1
199702190GSW,RS,BOS,179.0,LC,6,7,-1
199702190GSW,RS,BOS,191.0,LC,8,7,1
199702190GSW,RS,BOS,211.0,,10,7,3
199702190GSW,RS,BOS,228.0,T,10,10,0
199702190GSW,RS,BOS,256.0,,12,10,2
199702190GSW,RS,BOS,265.0,T,12,12,0
199702190GSW,RS,BOS,358.0,,15,12,3
199702190GSW,RS,BOS,400.0,,17,12,5
199702190GSW,RS,BOS,437.0,,18,12,6
199702190GSW,RS,BOS,449.0,,21,12,9
199702190GSW,RS,BOS,469.0,,21,14,7
199702190GSW,RS,BOS,512.0,,21,17,4
199702190GSW,RS,BOS,532.0,,21,19,2
199702190GSW,RS,BOS,577.0,,23,19,4
199702190GSW,RS,BOS,609.0,,24,19,5
199702190GSW,RS,BOS,609.0,,25,19,6
199702190GSW,RS,BOS,629.0,,26,19,7
199702190GSW,RS,BOS,645.0,,26,20,6
199702190GSW,RS,BOS,645.0,,26,21,5
199702190GSW,RS,BOS,670.0,,26,24,2
199702190GSW,RS,BOS,685.0,,28,24,4
199702190GSW,RS,BOS,693.0,,28,26,2
199702190GSW,RS,BOS,716.0,,30,26,4
199702190GSW,RS,BOS,734.0,,32,26,6
199702190GSW,RS,BOS,748.0,,32,28,4
199702190GSW,RS,BOS,763.0,,34,28,6
199702190GSW,RS,BOS,785.0,,34,30,4
199702190GSW,RS,BOS,802.0,,34,32,2
199702190GSW,RS,BOS,812.0,,36,32,4
199702190GSW,RS,BOS,835.0,,36,34,2
199702190GSW,RS,BOS,851.0,,38,34,4
199702190GSW,RS,BOS,890.0,,38,36,2
199702190GSW,RS,BOS,926.0,T,38,38,0
199702190GSW,RS,BOS,995.0,,40,38,2
199702190GSW,RS,BOS,1043.0,,40,39,1
199702190GSW,RS,BOS,1043.0,T,40,40,0
199702190GSW,RS,BOS,1056.0,,42,40,2
199702190GSW,RS,BOS,1122.0,LC,42,43,-1
199702190GSW,RS,BOS,1141.0,,42,45,-3
199702190GSW,RS,BOS,1161.0,,44,45,-1
199702190GSW,RS,BOS,1178.0,,44,47,-3
199702190GSW,RS,BOS,1218.0,,44,49,-5
199702190GSW,RS,BOS,1218.0,,44,50,-6
199702190GSW,RS,BOS,1237.0,,44,51,-7
199702190GSW,RS,BOS,1251.0,,46,51,-5
199702190GSW,RS,BOS,1282.0,,48,51,-3
199702190GSW,RS,BOS,1321.0,,50,51,-1
199702190GSW,RS,BOS,1352.0,LC,52,51,1
199702190GSW,RS,BOS,1369.0,,54,51,3
199702190GSW,RS,BOS,1384.0,,54,52,2
199702190GSW,RS,BOS,1394.0,,56,52,4
199702190GSW,RS,BOS,1407.0,,56,53,3
199702190GSW,RS,BOS,1407.0,,56,54,2
199702190GSW,RS,BOS,1428.0,,58,54,4
199702190GSW,RS,BOS,1491.0,,58,56,2
199702190GSW,RS,BOS,1546.0,T,58,58,0
199702190GSW,RS,BOS,1559.0,,59,58,1
199702190GSW,RS,BOS,1576.0,,61,58,3
199702190GSW,RS,BOS,1600.0,,63,58,5
199702190GSW,RS,BOS,1629.0,,66,58,8
199702190GSW,RS,BOS,1667.0,,68,58,10
199702190GSW,RS,BOS,1692.0,,68,60,8
199702190GSW,RS,BOS,1733.0,,68,61,7
199702190GSW,RS,BOS,1733.0,,68,62,6
199702190GSW,RS,BOS,1752.0,,70,62,8
199702190GSW,RS,BOS,1788.0,,70,64,6
199702190GSW,RS,BOS,1807.0,,73,64,9
199702190GSW,RS,BOS,1826.0,,73,66,7
199702190GSW,RS,BOS,1839.0,,74,66,8
199702190GSW,RS,BOS,1839.0,,75,66,9
199702190GSW,RS,BOS,1868.0,,76,66,10
199702190GSW,RS,BOS,1900.0,,78,66,12
199702190GSW,RS,BOS,1936.0,,79,66,13
199702190GSW,RS,BOS,1936.0,,80,66,14
199702190GSW,RS,BOS,1968.0,,81,66,15
199702190GSW,RS,BOS,1983.0,,81,68,13
199702190GSW,RS,BOS,1995.0,,82,68,14
199702190GSW,RS,BOS,1995.0,,83,68,15
199702190GSW,RS,BOS,2071.0,,83,70,13
199702190GSW,RS,BOS,2098.0,,83,72,11
199702190GSW,RS,BOS,2135.0,,83,75,8
199702190GSW,RS,BOS,2159.0,,83,76,7
199702190GSW,RS,BOS,2159.0,,83,77,6
199702190GSW,RS,BOS,2179.0,,83,80,3
199702190GSW,RS,BOS,2205.0,,85,80,5
199702190GSW,RS,BOS,2276.0,,85,81,4
199702190GSW,RS,BOS,2276.0,,85,82,3
199702190GSW,RS,BOS,2286.0,,87,82,5
199702190GSW,RS,BOS,2308.0,,87,83,4
199702190GSW,RS,BOS,2347.0,,89,83,6
199702190GSW,RS,BOS,2368.0,,89,85,4
199702190GSW,RS,BOS,2421.0,,92,85,7
199702190GSW,RS,BOS,2431.0,,94,85,9
199702190GSW,RS,BOS,2459.0,,94,86,8
199702190GSW,RS,BOS,2459.0,,94,87,7
199702190GSW,RS,BOS,2483.0,,97,87,10
199702190GSW,RS,BOS,2516.0,,99,87,12
199702190GSW,RS,BOS,2545.0,,99,89,10
199702190GSW,RS,BOS,2573.0,,101,89,12
199702190GSW,RS,BOS,2591.0,,103,89,14
199702190GSW,RS,BOS,2626.0,,104,89,15
199702190GSW,RS,BOS,2626.0,,105,89,16
199702190GSW,RS,BOS,2651.0,,105,90,15
199702190GSW,RS,BOS,2665.0,,106,90,16
199702190GSW,RS,BOS,2665.0,,107,90,17
199702190GSW,RS,BOS,2676.0,,107,91,16
199702190GSW,RS,BOS,2676.0,,107,92,15
199702190GSW,RS,BOS,2697.0,,109,92,17
199702190GSW,RS,BOS,2742.0,,112,92,20
199702190GSW,RS,BOS,2765.0,,112,94,18
199702190GSW,RS,BOS,2792.0,,112,95,17
199702190GSW,RS,BOS,2845.0,F,112,98,14
199702190GSW,RS,BOS,2879.0,,112,101,11
199702210MIN,RS,MIN,0.0,,0,0,0
199702210MIN,RS,MIN,45.0,,0,2,-2
199702210MIN,RS,MIN,150.0,,0,4,-4
199702210MIN,RS,MIN,181.0,,0,6,-6
199702210MIN,RS,MIN,220.0,,0,8,-8
199702210MIN,RS,MIN,264.0,,2,8,-6
199702210MIN,RS,MIN,299.0,,4,8,-4
199702210MIN,RS,MIN,308.0,,6,8,-2
199702210MIN,RS,MIN,346.0,T,8,8,0
199702210MIN,RS,MIN,372.0,,8,10,-2
199702210MIN,RS,MIN,385.0,T,10,10,0
199702210MIN,RS,MIN,413.0,,10,12,-2
199702210MIN,RS,MIN,425.0,,10,14,-4
199702210MIN,RS,MIN,467.0,,12,14,-2
199702210MIN,RS,MIN,488.0,,12,16,-4
199702210MIN,RS,MIN,546.0,,14,16,-2
199702210MIN,RS,MIN,568.0,,14,18,-4
199702210MIN,RS,MIN,581.0,,16,18,-2
199702210MIN,RS,MIN,596.0,,16,20,-4
199702210MIN,RS,MIN,614.0,,18,20,-2
199702210MIN,RS,MIN,641.0,,18,22,-4
199702210MIN,RS,MIN,683.0,,18,24,-6
199702210MIN,RS,MIN,717.0,,18,26,-8
199702210MIN,RS,MIN,736.0,,18,27,-9
199702210MIN,RS,MIN,736.0,,18,28,-10
199702210MIN,RS,MIN,747.0,,20,28,-8
199702210MIN,RS,MIN,778.0,,21,28,-7
199702210MIN,RS,MIN,791.0,,21,30,-9
199702210MIN,RS,MIN,799.0,,22,30,-8
199702210MIN,RS,MIN,799.0,,23,30,-7
199702210MIN,RS,MIN,824.0,,25,30,-5
199702210MIN,RS,MIN,859.0,,25,32,-7
199702210MIN,RS,MIN,945.0,,25,33,-8
199702210MIN,RS,MIN,945.0,,25,34,-9
199702210MIN,RS,MIN,1004.0,,28,34,-6
199702210MIN,RS,MIN,1032.0,,28,36,-8
199702210MIN,RS,MIN,1099.0,,28,37,-9
199702210MIN,RS,MIN,1156.0,,28,38,-10
199702210MIN,RS,MIN,1170.0,,29,38,-9
199702210MIN,RS,MIN,1184.0,,29,40,-11
199702210MIN,RS,MIN,1220.0,,29,42,-13
199702210MIN,RS,MIN,1250.0,,29,44,-15
199702210MIN,RS,MIN,1296.0,,29,45,-16
199702210MIN,RS,MIN,1296.0,,29,46,-17
199702210MIN,RS,MIN,1340.0,,29,48,-19
199702210MIN,RS,MIN,1370.0,,29,50,-21
199702210MIN,RS,MIN,1392.0,,31,50,-19
199702210MIN,RS,MIN,1421.0,,34,50,-16
199702210MIN,RS,MIN,1440.0,,34,51,-17
199702210MIN,RS,MIN,1440.0,,34,52,-18
199702210MIN,RS,MIN,1472.0,,36,52,-16
199702210MIN,RS,MIN,1493.0,,36,54,-18
199702210MIN,RS,MIN,1519.0,,36,56,-20
199702210MIN,RS,MIN,1573.0,,38,56,-18
199702210MIN,RS,MIN,1593.0,,38,58,-20
199702210MIN,RS,MIN,1624.0,,40,58,-18
199702210MIN,RS,MIN,1648.0,,42,58,-16
199702210MIN,RS,MIN,1648.0,,43,58,-15
199702210MIN,RS,MIN,1664.0,,43,60,-17
199702210MIN,RS,MIN,1787.0,,44,60,-16
199702210MIN,RS,MIN,1787.0,,45,60,-15
199702210MIN,RS,MIN,1802.0,,45,62,-17
199702210MIN,RS,MIN,1852.0,,45,64,-19
199702210MIN,RS,MIN,1869.0,,46,64,-18
199702210MIN,RS,MIN,1869.0,,47,64,-17
199702210MIN,RS,MIN,1952.0,,47,66,-19
199702210MIN,RS,MIN,2016.0,,50,66,-16
199702210MIN,RS,MIN,2044.0,,50,69,-19
199702210MIN,RS,MIN,2075.0,,50,72,-22
199702210MIN,RS,MIN,2086.0,,51,72,-21
199702210MIN,RS,MIN,2086.0,,52,72,-20
199702210MIN,RS,MIN,2101.0,,52,74,-22
199702210MIN,RS,MIN,2115.0,,54,74,-20
199702210MIN,RS,MIN,2158.0,,54,76,-22
199702210MIN,RS,MIN,2158.0,,54,77,-23
199702210MIN,RS,MIN,2232.0,,56,77,-21
199702210MIN,RS,MIN,2310.0,,56,79,-23
199702210MIN,RS,MIN,2340.0,,59,79,-20
199702210MIN,RS,MIN,2364.0,,59,81,-22
199702210MIN,RS,MIN,2384.0,,59,83,-24
199702210MIN,RS,MIN,2394.0,,61,83,-22
199702210MIN,RS,MIN,2408.0,,61,85,-24
199702210MIN,RS,MIN,2458.0,,61,86,-25
199702210MIN,RS,MIN,2458.0,,61,87,-26
199702210MIN,RS,MIN,2493.0,,63,87,-24
199702210MIN,RS,MIN,2518.0,,63,90,-27
199702210MIN,RS,MIN,2537.0,,65,90,-25
199702210MIN,RS,MIN,2544.0,,68,90,-22
199702210MIN,RS,MIN,2562.0,,68,92,-24
199702210MIN,RS,MIN,2618.0,,68,95,-27
199702210MIN,RS,MIN,2670.0,,70,95,-25
199702210MIN,RS,MIN,2696.0,,72,95,-23
199702210MIN,RS,MIN,2719.0,,74,95,-21
199702210MIN,RS,MIN,2738.0,,74,97,-23
199702210MIN,RS,MIN,2738.0,,74,98,-24
199702210MIN,RS,MIN,2753.0,,75,98,-23
199702210MIN,RS,MIN,2766.0,,75,99,-24
199702210MIN,RS,MIN,2766.0,,75,100,-25
199702210MIN,RS,MIN,2779.0,,76,100,-24
199702210MIN,RS,MIN,2788.0,,78,100,-22
199702210MIN,RS,MIN,2802.0,,79,100,-21
199702210MIN,RS,MIN,2802.0,,80,100,-20
199702210MIN,RS,MIN,2851.0,,82,100,-18
199702210MIN,RS,MIN,2867.0,F,82,101,-19
199702210MIN,RS,MIN,2877.0,,82,101,-19
199702220CHI,RS,CHI,0.0,,0,0,0
199702220CHI,RS,CHI,47.0,,2,0,2
199702220CHI,RS,CHI,57.0,T,2,2,0
199702220CHI,RS,CHI,101.0,LC,2,4,-2
199702220CHI,RS,CHI,135.0,,2,7,-5
199702220CHI,RS,CHI,151.0,,4,7,-3
199702220CHI,RS,CHI,171.0,,4,10,-6
199702220CHI,RS,CHI,199.0,,4,12,-8
199702220CHI,RS,CHI,237.0,,6,12,-6
199702220CHI,RS,CHI,298.0,,8,12,-4
199702220CHI,RS,CHI,339.0,,8,14,-6
199702220CHI,RS,CHI,357.0,,10,14,-4
199702220CHI,RS,CHI,396.0,,10,16,-6
199702220CHI,RS,CHI,451.0,,10,19,-9
199702220CHI,RS,CHI,480.0,,13,19,-6
199702220CHI,RS,CHI,493.0,,13,22,-9
199702220CHI,RS,CHI,520.0,,13,25,-12
199702220CHI,RS,CHI,563.0,,13,27,-14
199702220CHI,RS,CHI,589.0,,15,27,-12
199702220CHI,RS,CHI,600.0,,15,29,-14
199702220CHI,RS,CHI,624.0,,18,29,-11
199702220CHI,RS,CHI,647.0,,18,31,-13
199702220CHI,RS,CHI,679.0,,18,32,-14
199702220CHI,RS,CHI,720.0,,18,34,-16
199702220CHI,RS,CHI,720.0,,21,34,-13
199702220CHI,RS,CHI,766.0,,23,34,-11
199702220CHI,RS,CHI,784.0,,23,35,-12
199702220CHI,RS,CHI,853.0,,25,35,-10
199702220CHI,RS,CHI,941.0,,25,37,-12
199702220CHI,RS,CHI,979.0,,25,39,-14
199702220CHI,RS,CHI,979.0,,25,40,-15
199702220CHI,RS,CHI,1019.0,,27,40,-13
199702220CHI,RS,CHI,1035.0,,27,43,-16
199702220CHI,RS,CHI,1054.0,,27,45,-18
199702220CHI,RS,CHI,1097.0,,29,45,-16
199702220CHI,RS,CHI,1137.0,,29,46,-17
199702220CHI,RS,CHI,1137.0,,29,47,-18
199702220CHI,RS,CHI,1150.0,,32,47,-15
199702220CHI,RS,CHI,1164.0,,32,50,-18
199702220CHI,RS,CHI,1182.0,,34,50,-16
199702220CHI,RS,CHI,1227.0,,34,51,-17
199702220CHI,RS,CHI,1227.0,,34,52,-18
199702220CHI,RS,CHI,1244.0,,34,54,-20
199702220CHI,RS,CHI,1257.0,,36,54,-18
199702220CHI,RS,CHI,1266.0,,36,56,-20
199702220CHI,RS,CHI,1287.0,,38,56,-18
199702220CHI,RS,CHI,1300.0,,38,58,-20
199702220CHI,RS,CHI,1308.0,,40,58,-18
199702220CHI,RS,CHI,1341.0,,41,58,-17
199702220CHI,RS,CHI,1362.0,,42,58,-16
199702220CHI,RS,CHI,1362.0,,43,58,-15
199702220CHI,RS,CHI,1381.0,,43,60,-17
199702220CHI,RS,CHI,1392.0,,45,60,-15
199702220CHI,RS,CHI,1407.0,,45,61,-16
199702220CHI,RS,CHI,1410.0,,46,61,-15
199702220CHI,RS,CHI,1411.0,,47,61,-14
199702220CHI,RS,CHI,1435.0,,49,61,-12
199702220CHI,RS,CHI,1508.0,,51,61,-10
199702220CHI,RS,CHI,1592.0,,53,61,-8
199702220CHI,RS,CHI,1608.0,,53,62,-9
199702220CHI,RS,CHI,1608.0,,53,63,-10
199702220CHI,RS,CHI,1642.0,,53,64,-11
199702220CHI,RS,CHI,1642.0,,53,65,-12
199702220CHI,RS,CHI,1700.0,,53,66,-13
199702220CHI,RS,CHI,1700.0,,53,67,-14
199702220CHI,RS,CHI,1710.0,,55,67,-12
199702220CHI,RS,CHI,1733.0,,55,70,-15
199702220CHI,RS,CHI,1771.0,,55,72,-17
199702220CHI,RS,CHI,1771.0,,55,73,-18
199702220CHI,RS,CHI,1788.0,,58,73,-15
199702220CHI,RS,CHI,1800.0,,59,73,-14
199702220CHI,RS,CHI,1824.0,,61,73,-12
199702220CHI,RS,CHI,1832.0,,61,74,-13
199702220CHI,RS,CHI,1832.0,,61,75,-14
199702220CHI,RS,CHI,1845.0,,63,75,-12
199702220CHI,RS,CHI,1859.0,,63,77,-14
199702220CHI,RS,CHI,1867.0,,65,77,-12
199702220CHI,RS,CHI,1920.0,,65,79,-14
199702220CHI,RS,CHI,1953.0,,65,81,-16
199702220CHI,RS,CHI,1987.0,,65,82,-17
199702220CHI,RS,CHI,1987.0,,65,83,-18
199702220CHI,RS,CHI,2019.0,,65,85,-20
199702220CHI,RS,CHI,2069.0,,66,85,-19
199702220CHI,RS,CHI,2069.0,,67,85,-18
199702220CHI,RS,CHI,2100.0,,67,87,-20
199702220CHI,RS,CHI,2112.0,,69,87,-18
199702220CHI,RS,CHI,2122.0,,69,89,-20
199702220CHI,RS,CHI,2143.0,,69,90,-21
199702220CHI,RS,CHI,2158.0,,71,90,-19
199702220CHI,RS,CHI,2215.0,,71,92,-21
199702220CHI,RS,CHI,2281.0,,73,92,-19
199702220CHI,RS,CHI,2299.0,,73,94,-21
199702220CHI,RS,CHI,2319.0,,73,95,-22
199702220CHI,RS,CHI,2319.0,,73,96,-23
199702220CHI,RS,CHI,2351.0,,73,98,-25
199702220CHI,RS,CHI,2399.0,,73,100,-27
199702220CHI,RS,CHI,2424.0,,73,102,-29
199702220CHI,RS,CHI,2464.0,,75,102,-27
199702220CHI,RS,CHI,2484.0,,75,105,-30
199702220CHI,RS,CHI,2491.0,,75,106,-31
199702220CHI,RS,CHI,2530.0,,78,106,-28
199702220CHI,RS,CHI,2581.0,,78,108,-30
199702220CHI,RS,CHI,2595.0,,79,108,-29
199702220CHI,RS,CHI,2674.0,,79,110,-31
199702220CHI,RS,CHI,2698.0,,81,110,-29
199702220CHI,RS,CHI,2713.0,,81,112,-31
199702220CHI,RS,CHI,2773.0,,81,115,-34
199702220CHI,RS,CHI,2801.0,,81,118,-37
199702220CHI,RS,CHI,2816.0,,83,118,-35
199702220CHI,RS,CHI,2832.0,,83,119,-36
199702220CHI,RS,CHI,2832.0,,83,120,-37
199702220CHI,RS,CHI,2852.0,F,85,120,-35
199702220CHI,RS,CHI,2869.0,,87,120,-33
199702240ATL,RS,ATL,0.0,,0,0,0
199702240ATL,RS,ATL,34.0,,0,2,-2
199702240ATL,RS,ATL,53.0,T,2,2,0
199702240ATL,RS,ATL,72.0,,2,4,-2
199702240ATL,RS,ATL,126.0,T,4,4,0
199702240ATL,RS,ATL,141.0,,4,6,-2
199702240ATL,RS,ATL,157.0,T,6,6,0
199702240ATL,RS,ATL,168.0,,6,7,-1
199702240ATL,RS,ATL,168.0,,6,8,-2
199702240ATL,RS,ATL,181.0,T,8,8,0
199702240ATL,RS,ATL,197.0,,8,10,-2
199702240ATL,RS,ATL,265.0,,8,11,-3
199702240ATL,RS,ATL,277.0,,10,11,-1
199702240ATL,RS,ATL,290.0,,10,14,-4
199702240ATL,RS,ATL,310.0,,13,14,-1
199702240ATL,RS,ATL,345.0,,13,16,-3
199702240ATL,RS,ATL,374.0,,13,18,-5
199702240ATL,RS,ATL,416.0,,13,20,-7
199702240ATL,RS,ATL,431.0,,15,20,-5
199702240ATL,RS,ATL,438.0,,15,23,-8
199702240ATL,RS,ATL,458.0,,15,25,-10
199702240ATL,RS,ATL,486.0,,15,28,-13
199702240ATL,RS,ATL,527.0,,15,30,-15
199702240ATL,RS,ATL,545.0,,16,30,-14
199702240ATL,RS,ATL,627.0,,16,32,-16
199702240ATL,RS,ATL,648.0,,18,32,-14
199702240ATL,RS,ATL,684.0,,18,33,-15
199702240ATL,RS,ATL,694.0,,20,33,-13
199702240ATL,RS,ATL,714.0,,20,35,-15
199702240ATL,RS,ATL,719.0,,22,35,-13
199702240ATL,RS,ATL,732.0,,24,35,-11
199702240ATL,RS,ATL,742.0,,24,37,-13
199702240ATL,RS,ATL,756.0,,25,37,-12
199702240ATL,RS,ATL,756.0,,26,37,-11
199702240ATL,RS,ATL,786.0,,28,37,-9
199702240ATL,RS,ATL,804.0,,28,39,-11
199702240ATL,RS,ATL,827.0,,28,41,-13
199702240ATL,RS,ATL,839.0,,29,41,-12
199702240ATL,RS,ATL,839.0,,30,41,-11
199702240ATL,RS,ATL,909.0,,32,41,-9
199702240ATL,RS,ATL,960.0,,32,43,-11
199702240ATL,RS,ATL,981.0,,34,43,-9
199702240ATL,RS,ATL,1009.0,,34,45,-11
199702240ATL,RS,ATL,1020.0,,37,45,-8
199702240ATL,RS,ATL,1066.0,,37,47,-10
199702240ATL,RS,ATL,1090.0,,39,47,-8
199702240ATL,RS,ATL,1090.0,,40,47,-7
199702240ATL,RS,ATL,1102.0,,40,48,-8
199702240ATL,RS,ATL,1142.0,,40,51,-11
199702240ATL,RS,ATL,1248.0,,40,53,-13
199702240ATL,RS,ATL,1268.0,,42,53,-11
199702240ATL,RS,ATL,1317.0,,44,53,-9
199702240ATL,RS,ATL,1331.0,,44,55,-11
199702240ATL,RS,ATL,1351.0,,46,55,-9
199702240ATL,RS,ATL,1377.0,,49,55,-6
199702240ATL,RS,ATL,1392.0,,49,57,-8
199702240ATL,RS,ATL,1411.0,,49,60,-11
199702240ATL,RS,ATL,1455.0,,51,60,-9
199702240ATL,RS,ATL,1492.0,,53,60,-7
199702240ATL,RS,ATL,1539.0,,56,60,-4
199702240ATL,RS,ATL,1574.0,,58,60,-2
199702240ATL,RS,ATL,1602.0,T,60,60,0
199702240ATL,RS,ATL,1606.0,,60,62,-2
199702240ATL,RS,ATL,1606.0,,60,63,-3
199702240ATL,RS,ATL,1619.0,,62,63,-1
199702240ATL,RS,ATL,1639.0,LC,64,63,1
199702240ATL,RS,ATL,1677.0,,66,63,3
199702240ATL,RS,ATL,1688.0,T,66,66,0
199702240ATL,RS,ATL,1705.0,,68,66,2
199702240ATL,RS,ATL,1773.0,LC,68,69,-1
199702240ATL,RS,ATL,1839.0,,68,71,-3
199702240ATL,RS,ATL,1861.0,T,71,71,0
199702240ATL,RS,ATL,1889.0,,71,72,-1
199702240ATL,RS,ATL,1889.0,,71,73,-2
199702240ATL,RS,ATL,1898.0,,72,73,-1
199702240ATL,RS,ATL,1898.0,T,73,73,0
199702240ATL,RS,ATL,1911.0,,73,75,-2
199702240ATL,RS,ATL,1941.0,T,75,75,0
199702240ATL,RS,ATL,2022.0,,75,78,-3
199702240ATL,RS,ATL,2041.0,,77,78,-1
199702240ATL,RS,ATL,2059.0,,77,80,-3
199702240ATL,RS,ATL,2106.0,,77,83,-6
199702240ATL,RS,ATL,2118.0,,78,83,-5
199702240ATL,RS,ATL,2156.0,,80,83,-3
199702240ATL,RS,ATL,2170.0,,80,84,-4
199702240ATL,RS,ATL,2170.0,,80,85,-5
199702240ATL,RS,ATL,2179.0,,82,85,-3
199702240ATL,RS,ATL,2225.0,,83,85,-2
199702240ATL,RS,ATL,2239.0,,83,87,-4
199702240ATL,RS,ATL,2264.0,,83,89,-6
199702240ATL,RS,ATL,2332.0,,83,91,-8
199702240ATL,RS,ATL,2350.0,,85,91,-6
199702240ATL,RS,ATL,2470.0,,87,91,-4
199702240ATL,RS,ATL,2494.0,,87,93,-6
199702240ATL,RS,ATL,2509.0,,88,93,-5
199702240ATL,RS,ATL,2509.0,,89,93,-4
199702240ATL,RS,ATL,2572.0,,89,94,-5
199702240ATL,RS,ATL,2595.0,,91,94,-3
199702240ATL,RS,ATL,2619.0,,92,94,-2
199702240ATL,RS,ATL,2619.0,,93,94,-1
199702240ATL,RS,ATL,2686.0,,93,96,-3
199702240ATL,RS,ATL,2706.0,,95,96,-1
199702240ATL,RS,ATL,2706.0,T,96,96,0
199702240ATL,RS,ATL,2725.0,,96,98,-2
199702240ATL,RS,ATL,2793.0,,96,99,-3
199702240ATL,RS,ATL,2834.0,,96,101,-5
199702240ATL,RS,ATL,2841.0,,97,101,-4
199702240ATL,RS,ATL,2856.0,,97,102,-5
199702240ATL,RS,ATL,2856.0,,97,103,-6
199702240ATL,RS,ATL,2866.0,,98,103,-5
199702240ATL,RS,ATL,2866.0,,99,103,-4
199702240ATL,RS,ATL,2870.0,,100,103,-3
199702240ATL,RS,ATL,2871.0,,100,104,-4
199702240ATL,RS,ATL,2879.0,,100,106,-6
199702240ATL,RS,ATL,2879.0,F,100,105,-5
199702260DET,RS,DET,0.0,,0,0,0
199702260DET,RS,DET,18.0,,2,0,2
199702260DET,RS,DET,42.0,,2,1,1
199702260DET,RS,DET,63.0,,5,1,4
199702260DET,RS,DET,116.0,,7,1,6
199702260DET,RS,DET,223.0,,7,2,5
199702260DET,RS,DET,228.0,,7,4,3
199702260DET,RS,DET,248.0,,7,6,1
199702260DET,RS,DET,270.0,LC,7,8,-1
199702260DET,RS,DET,299.0,,7,10,-3
199702260DET,RS,DET,316.0,,9,10,-1
199702260DET,RS,DET,343.0,,9,12,-3
199702260DET,RS,DET,395.0,,9,14,-5
199702260DET,RS,DET,434.0,,9,16,-7
199702260DET,RS,DET,434.0,,9,17,-8
199702260DET,RS,DET,447.0,,11,17,-6
199702260DET,RS,DET,480.0,,13,17,-4
199702260DET,RS,DET,500.0,,13,20,-7
199702260DET,RS,DET,549.0,,13,22,-9
199702260DET,RS,DET,599.0,,13,24,-11
199702260DET,RS,DET,687.0,,13,27,-14
199702260DET,RS,DET,700.0,,14,27,-13
199702260DET,RS,DET,737.0,,14,30,-16
199702260DET,RS,DET,796.0,,14,31,-17
199702260DET,RS,DET,796.0,,14,32,-18
199702260DET,RS,DET,816.0,,14,35,-21
199702260DET,RS,DET,841.0,,14,37,-23
199702260DET,RS,DET,876.0,,14,39,-25
199702260DET,RS,DET,918.0,,14,41,-27
199702260DET,RS,DET,932.0,,15,41,-26
199702260DET,RS,DET,932.0,,16,41,-25
199702260DET,RS,DET,955.0,,16,43,-27
199702260DET,RS,DET,983.0,,18,43,-25
199702260DET,RS,DET,1028.0,,18,45,-27
199702260DET,RS,DET,1055.0,,20,45,-25
199702260DET,RS,DET,1066.0,,20,47,-27
199702260DET,RS,DET,1086.0,,20,49,-29
199702260DET,RS,DET,1118.0,,20,51,-31
199702260DET,RS,DET,1227.0,,21,51,-30
199702260DET,RS,DET,1247.0,,23,51,-28
199702260DET,RS,DET,1275.0,,23,53,-30
199702260DET,RS,DET,1293.0,,24,53,-29
199702260DET,RS,DET,1293.0,,25,53,-28
199702260DET,RS,DET,1308.0,,25,56,-31
199702260DET,RS,DET,1322.0,,28,56,-28
199702260DET,RS,DET,1344.0,,28,58,-30
199702260DET,RS,DET,1355.0,,29,58,-29
199702260DET,RS,DET,1355.0,,30,58,-28
199702260DET,RS,DET,1389.0,,32,58,-26
199702260DET,RS,DET,1403.0,,32,60,-28
199702260DET,RS,DET,1417.0,,34,60,-26
199702260DET,RS,DET,1502.0,,36,60,-24
199702260DET,RS,DET,1561.0,,38,60,-22
199702260DET,RS,DET,1597.0,,41,60,-19
199702260DET,RS,DET,1633.0,,42,60,-18
199702260DET,RS,DET,1672.0,,42,62,-20
199702260DET,RS,DET,1684.0,,44,62,-18
199702260DET,RS,DET,1699.0,,44,64,-20
199702260DET,RS,DET,1730.0,,44,67,-23
199702260DET,RS,DET,1755.0,,46,67,-21
199702260DET,RS,DET,1796.0,,46,69,-23
199702260DET,RS,DET,1834.0,,48,69,-21
199702260DET,RS,DET,1906.0,,50,69,-19
199702260DET,RS,DET,1928.0,,50,71,-21
199702260DET,RS,DET,1953.0,,52,71,-19
199702260DET,RS,DET,1978.0,,52,74,-22
199702260DET,RS,DET,1996.0,,54,74,-20
199702260DET,RS,DET,2027.0,,54,77,-23
199702260DET,RS,DET,2041.0,,57,77,-20
199702260DET,RS,DET,2062.0,,57,80,-23
199702260DET,RS,DET,2086.0,,59,80,-21
199702260DET,RS,DET,2131.0,,59,82,-23
199702260DET,RS,DET,2186.0,,59,83,-24
199702260DET,RS,DET,2186.0,,59,84,-25
199702260DET,RS,DET,2229.0,,62,84,-22
199702260DET,RS,DET,2259.0,,62,85,-23
199702260DET,RS,DET,2259.0,,62,86,-24
199702260DET,RS,DET,2278.0,,62,88,-26
199702260DET,RS,DET,2290.0,,63,88,-25
199702260DET,RS,DET,2316.0,,64,88,-24
199702260DET,RS,DET,2316.0,,65,88,-23
199702260DET,RS,DET,2316.0,,66,88,-22
199702260DET,RS,DET,2330.0,,66,90,-24
199702260DET,RS,DET,2380.0,,66,92,-26
199702260DET,RS,DET,2409.0,,66,94,-28
199702260DET,RS,DET,2425.0,,68,94,-26
199702260DET,RS,DET,2432.0,,68,95,-27
199702260DET,RS,DET,2432.0,,68,96,-28
199702260DET,RS,DET,2463.0,,68,99,-31
199702260DET,RS,DET,2479.0,,70,99,-29
199702260DET,RS,DET,2494.0,,70,102,-32
199702260DET,RS,DET,2510.0,,72,102,-30
199702260DET,RS,DET,2525.0,,72,104,-32
199702260DET,RS,DET,2538.0,,74,104,-30
199702260DET,RS,DET,2575.0,,74,105,-31
199702260DET,RS,DET,2575.0,,74,106,-32
199702260DET,RS,DET,2610.0,,76,106,-30
199702260DET,RS,DET,2626.0,,76,108,-32
199702260DET,RS,DET,2656.0,,77,108,-31
199702260DET,RS,DET,2656.0,,78,108,-30
199702260DET,RS,DET,2671.0,,78,109,-31
199702260DET,RS,DET,2671.0,,78,110,-32
199702260DET,RS,DET,2697.0,,79,110,-31
199702260DET,RS,DET,2717.0,,79,112,-33
199702260DET,RS,DET,2733.0,,79,114,-35
199702260DET,RS,DET,2758.0,,80,114,-34
199702260DET,RS,DET,2777.0,,80,115,-35
199702260DET,RS,DET,2836.0,,82,115,-33
199702260DET,RS,DET,2855.0,,82,116,-34
199702260DET,RS,DET,2855.0,F,82,117,-35
199702260DET,RS,DET,2869.0,,84,117,-33
199702280NJN,RS,NJN,0.0,,0,0,0
199702280NJN,RS,NJN,9.0,,0,3,-3
199702280NJN,RS,NJN,34.0,,2,3,-1
199702280NJN,RS,NJN,46.0,,2,5,-3
199702280NJN,RS,NJN,65.0,,2,7,-5
199702280NJN,RS,NJN,110.0,,2,9,-7
199702280NJN,RS,NJN,129.0,,4,9,-5
199702280NJN,RS,NJN,148.0,,6,9,-3
199702280NJN,RS,NJN,163.0,,6,11,-5
199702280NJN,RS,NJN,188.0,,9,11,-2
199702280NJN,RS,NJN,206.0,,9,13,-4
199702280NJN,RS,NJN,229.0,,9,15,-6
199702280NJN,RS,NJN,241.0,,11,15,-4
199702280NJN,RS,NJN,271.0,,11,17,-6
199702280NJN,RS,NJN,296.0,,11,19,-8
199702280NJN,RS,NJN,315.0,,13,19,-6
199702280NJN,RS,NJN,386.0,,14,19,-5
199702280NJN,RS,NJN,386.0,,15,19,-4
199702280NJN,RS,NJN,412.0,,17,19,-2
199702280NJN,RS,NJN,427.0,,17,20,-3
199702280NJN,RS,NJN,427.0,,17,21,-4
199702280NJN,RS,NJN,463.0,,20,21,-1
199702280NJN,RS,NJN,506.0,,20,23,-3
199702280NJN,RS,NJN,520.0,,21,23,-2
199702280NJN,RS,NJN,520.0,,22,23,-1
199702280NJN,RS,NJN,540.0,,22,26,-4
199702280NJN,RS,NJN,559.0,,23,26,-3
199702280NJN,RS,NJN,559.0,,24,26,-2
199702280NJN,RS,NJN,581.0,T,26,26,0
199702280NJN,RS,NJN,591.0,,26,28,-2
199702280NJN,RS,NJN,613.0,,27,28,-1
199702280NJN,RS,NJN,613.0,T,28,28,0
199702280NJN,RS,NJN,638.0,,28,30,-2
199702280NJN,RS,NJN,655.0,T,30,30,0
199702280NJN,RS,NJN,671.0,,30,31,-1
199702280NJN,RS,NJN,671.0,,30,32,-2
199702280NJN,RS,NJN,685.0,,30,33,-3
199702280NJN,RS,NJN,685.0,,30,34,-4
199702280NJN,RS,NJN,733.0,,32,34,-2
199702280NJN,RS,NJN,777.0,T,34,34,0
199702280NJN,RS,NJN,795.0,,34,36,-2
199702280NJN,RS,NJN,811.0,T,36,36,0
199702280NJN,RS,NJN,827.0,,36,38,-2
199702280NJN,RS,NJN,870.0,,36,41,-5
199702280NJN,RS,NJN,902.0,,38,41,-3
199702280NJN,RS,NJN,908.0,,38,43,-5
199702280NJN,RS,NJN,908.0,,38,44,-6
199702280NJN,RS,NJN,928.0,,40,44,-4
199702280NJN,RS,NJN,938.0,,40,46,-6
199702280NJN,RS,NJN,960.0,,42,46,-4
199702280NJN,RS,NJN,960.0,,43,46,-3
199702280NJN,RS,NJN,1013.0,T,46,46,0
199702280NJN,RS,NJN,1033.0,LC,49,46,3
199702280NJN,RS,NJN,1068.0,,51,46,5
199702280NJN,RS,NJN,1120.0,,54,46,8
199702280NJN,RS,NJN,1139.0,,54,47,7
199702280NJN,RS,NJN,1229.0,,54,49,5
199702280NJN,RS,NJN,1261.0,,54,51,3
199702280NJN,RS,NJN,1280.0,,54,53,1
199702280NJN,RS,NJN,1313.0,,55,53,2
199702280NJN,RS,NJN,1313.0,,56,53,3
199702280NJN,RS,NJN,1330.0,,58,53,5
199702280NJN,RS,NJN,1349.0,,58,54,4
199702280NJN,RS,NJN,1365.0,,59,54,5
199702280NJN,RS,NJN,1365.0,,60,54,6
199702280NJN,RS,NJN,1402.0,,62,54,8
199702280NJN,RS,NJN,1413.0,,64,54,10
199702280NJN,RS,NJN,1413.0,,65,54,11
199702280NJN,RS,NJN,1437.0,,65,56,9
199702280NJN,RS,NJN,1473.0,,65,58,7
199702280NJN,RS,NJN,1496.0,,67,58,9
199702280NJN,RS,NJN,1525.0,,69,58,11
199702280NJN,RS,NJN,1538.0,,69,60,9
199702280NJN,RS,NJN,1675.0,,71,60,11
199702280NJN,RS,NJN,1688.0,,73,60,13
199702280NJN,RS,NJN,1727.0,,74,60,14
199702280NJN,RS,NJN,1727.0,,75,60,15
199702280NJN,RS,NJN,1741.0,,75,62,13
199702280NJN,RS,NJN,1754.0,,76,62,14
199702280NJN,RS,NJN,1754.0,,77,62,15
199702280NJN,RS,NJN,1773.0,,77,64,13
199702280NJN,RS,NJN,1837.0,,79,64,15
199702280NJN,RS,NJN,1854.0,,79,65,14
199702280NJN,RS,NJN,1854.0,,79,66,13
199702280NJN,RS,NJN,1914.0,,80,66,14
199702280NJN,RS,NJN,1914.0,,81,66,15
199702280NJN,RS,NJN,1943.0,,82,66,16
199702280NJN,RS,NJN,1943.0,,83,66,17
199702280NJN,RS,NJN,1964.0,,83,68,15
199702280NJN,RS,NJN,1985.0,,84,68,16
199702280NJN,RS,NJN,1985.0,,85,68,17
199702280NJN,RS,NJN,2029.0,,86,68,18
199702280NJN,RS,NJN,2029.0,,87,68,19
199702280NJN,RS,NJN,2071.0,,89,68,21
199702280NJN,RS,NJN,2087.0,,89,69,20
199702280NJN,RS,NJN,2087.0,,89,70,19
199702280NJN,RS,NJN,2100.0,,90,70,20
199702280NJN,RS,NJN,2100.0,,91,70,21
199702280NJN,RS,NJN,2105.0,,91,71,20
199702280NJN,RS,NJN,2105.0,,91,72,19
199702280NJN,RS,NJN,2119.0,,93,72,21
199702280NJN,RS,NJN,2126.0,,93,73,20
199702280NJN,RS,NJN,2157.0,,93,74,19
199702280NJN,RS,NJN,2157.0,,93,75,18
199702280NJN,RS,NJN,2195.0,,93,77,16
199702280NJN,RS,NJN,2219.0,,95,77,18
199702280NJN,RS,NJN,2219.0,,96,77,19
199702280NJN,RS,NJN,2228.0,,96,80,16
199702280NJN,RS,NJN,2264.0,,96,82,14
199702280NJN,RS,NJN,2281.0,,97,82,15
199702280NJN,RS,NJN,2292.0,,97,84,13
199702280NJN,RS,NJN,2333.0,,97,87,10
199702280NJN,RS,NJN,2351.0,,100,87,13
199702280NJN,RS,NJN,2372.0,,100,88,12
199702280NJN,RS,NJN,2412.0,,100,89,11
199702280NJN,RS,NJN,2412.0,,100,90,10
199702280NJN,RS,NJN,2436.0,,100,91,9
199702280NJN,RS,NJN,2436.0,,100,92,8
199702280NJN,RS,NJN,2483.0,,101,92,9
199702280NJN,RS,NJN,2483.0,,102,92,10
199702280NJN,RS,NJN,2528.0,,103,92,11
199702280NJN,RS,NJN,2528.0,,104,92,12
199702280NJN,RS,NJN,2545.0,,104,94,10
199702280NJN,RS,NJN,2545.0,,104,95,9
199702280NJN,RS,NJN,2575.0,,107,95,12
199702280NJN,RS,NJN,2655.0,,109,95,14
199702280NJN,RS,NJN,2670.0,,110,95,15
199702280NJN,RS,NJN,2670.0,,111,95,16
199702280NJN,RS,NJN,2680.0,,111,97,14
199702280NJN,RS,NJN,2705.0,,113,97,16
199702280NJN,RS,NJN,2721.0,,113,98,15
199702280NJN,RS,NJN,2721.0,,113,99,14
199702280NJN,RS,NJN,2773.0,,113,101,12
199702280NJN,RS,NJN,2815.0,,114,101,13
199702280NJN,RS,NJN,2815.0,,115,101,14
199702280NJN,RS,NJN,2825.0,,115,103,12
199702280NJN,RS,NJN,2851.0,,115,105,10
199702280NJN,RS,NJN,2858.0,,117,105,12
199702280NJN,RS,NJN,2865.0,,117,108,9
199702280NJN,RS,NJN,2865.0,F,117,107,10
199703010WSB,RS,WSB,0.0,,0,0,0
199703010WSB,RS,WSB,35.0,,2,0,2
199703010WSB,RS,WSB,61.0,T,2,2,0
199703010WSB,RS,WSB,88.0,,3,2,1
199703010WSB,RS,WSB,88.0,,4,2,2
199703010WSB,RS,WSB,110.0,,6,2,4
199703010WSB,RS,WSB,132.0,,6,4,2
199703010WSB,RS,WSB,152.0,T,6,6,0
199703010WSB,RS,WSB,170.0,,8,6,2
199703010WSB,RS,WSB,185.0,T,8,8,0
199703010WSB,RS,WSB,198.0,,11,8,3
199703010WSB,RS,WSB,221.0,,11,10,1
199703010WSB,RS,WSB,245.0,,14,10,4
199703010WSB,RS,WSB,261.0,,14,12,2
199703010WSB,RS,WSB,305.0,,16,12,4
199703010WSB,RS,WSB,319.0,,16,14,2
199703010WSB,RS,WSB,342.0,,18,14,4
199703010WSB,RS,WSB,361.0,,18,16,2
199703010WSB,RS,WSB,374.0,,20,16,4
199703010WSB,RS,WSB,415.0,,23,16,7
199703010WSB,RS,WSB,431.0,,23,18,5
199703010WSB,RS,WSB,460.0,,23,20,3
199703010WSB,RS,WSB,488.0,,25,20,5
199703010WSB,RS,WSB,507.0,,25,22,3
199703010WSB,RS,WSB,534.0,T,25,25,0
199703010WSB,RS,WSB,564.0,,28,25,3
199703010WSB,RS,WSB,575.0,,28,27,1
199703010WSB,RS,WSB,592.0,,30,27,3
199703010WSB,RS,WSB,611.0,,30,28,2
199703010WSB,RS,WSB,632.0,,30,29,1
199703010WSB,RS,WSB,632.0,T,30,30,0
199703010WSB,RS,WSB,661.0,LC,30,32,-2
199703010WSB,RS,WSB,674.0,T,32,32,0
199703010WSB,RS,WSB,704.0,,32,34,-2
199703010WSB,RS,WSB,777.0,T,34,34,0
199703010WSB,RS,WSB,833.0,,34,36,-2
199703010WSB,RS,WSB,879.0,,34,39,-5
199703010WSB,RS,WSB,899.0,,35,39,-4
199703010WSB,RS,WSB,923.0,,35,41,-6
199703010WSB,RS,WSB,938.0,,36,41,-5
199703010WSB,RS,WSB,938.0,,37,41,-4
199703010WSB,RS,WSB,949.0,,37,43,-6
199703010WSB,RS,WSB,978.0,,37,45,-8
199703010WSB,RS,WSB,1010.0,,39,45,-6
199703010WSB,RS,WSB,1047.0,,39,47,-8
199703010WSB,RS,WSB,1064.0,,41,47,-6
199703010WSB,RS,WSB,1082.0,,41,49,-8
199703010WSB,RS,WSB,1100.0,,44,49,-5
199703010WSB,RS,WSB,1136.0,,47,49,-2
199703010WSB,RS,WSB,1169.0,,47,51,-4
199703010WSB,RS,WSB,1201.0,,47,52,-5
199703010WSB,RS,WSB,1201.0,,47,53,-6
199703010WSB,RS,WSB,1218.0,,48,53,-5
199703010WSB,RS,WSB,1218.0,,49,53,-4
199703010WSB,RS,WSB,1234.0,,49,55,-6
199703010WSB,RS,WSB,1255.0,,49,57,-8
199703010WSB,RS,WSB,1283.0,,49,59,-10
199703010WSB,RS,WSB,1328.0,,49,62,-13
199703010WSB,RS,WSB,1362.0,,50,62,-12
199703010WSB,RS,WSB,1380.0,,50,63,-13
199703010WSB,RS,WSB,1409.0,,52,63,-11
199703010WSB,RS,WSB,1474.0,,54,63,-9
199703010WSB,RS,WSB,1503.0,,54,64,-10
199703010WSB,RS,WSB,1531.0,,54,66,-12
199703010WSB,RS,WSB,1566.0,,54,68,-14
199703010WSB,RS,WSB,1589.0,,54,70,-16
199703010WSB,RS,WSB,1597.0,,54,72,-18
199703010WSB,RS,WSB,1627.0,,54,73,-19
199703010WSB,RS,WSB,1643.0,,56,73,-17
199703010WSB,RS,WSB,1658.0,,56,74,-18
199703010WSB,RS,WSB,1717.0,,56,76,-20
199703010WSB,RS,WSB,1734.0,,56,78,-22
199703010WSB,RS,WSB,1750.0,,57,78,-21
199703010WSB,RS,WSB,1763.0,,59,78,-19
199703010WSB,RS,WSB,1810.0,,59,79,-20
199703010WSB,RS,WSB,1810.0,,59,80,-21
199703010WSB,RS,WSB,1819.0,,60,80,-20
199703010WSB,RS,WSB,1819.0,,61,80,-19
199703010WSB,RS,WSB,1877.0,,61,81,-20
199703010WSB,RS,WSB,1877.0,,61,82,-21
199703010WSB,RS,WSB,1894.0,,62,82,-20
199703010WSB,RS,WSB,1894.0,,63,82,-19
199703010WSB,RS,WSB,1937.0,,63,83,-20
199703010WSB,RS,WSB,1937.0,,63,84,-21
199703010WSB,RS,WSB,1953.0,,65,84,-19
199703010WSB,RS,WSB,1981.0,,67,84,-17
199703010WSB,RS,WSB,1996.0,,67,86,-19
199703010WSB,RS,WSB,2009.0,,69,86,-17
199703010WSB,RS,WSB,2027.0,,69,87,-18
199703010WSB,RS,WSB,2038.0,,70,87,-17
199703010WSB,RS,WSB,2038.0,,71,87,-16
199703010WSB,RS,WSB,2056.0,,71,90,-19
199703010WSB,RS,WSB,2089.0,,71,92,-21
199703010WSB,RS,WSB,2107.0,,72,92,-20
199703010WSB,RS,WSB,2107.0,,73,92,-19
199703010WSB,RS,WSB,2115.0,,73,93,-20
199703010WSB,RS,WSB,2146.0,,74,93,-19
199703010WSB,RS,WSB,2146.0,,75,93,-18
199703010WSB,RS,WSB,2157.0,,75,96,-21
199703010WSB,RS,WSB,2181.0,,77,96,-19
199703010WSB,RS,WSB,2181.0,,78,96,-18
199703010WSB,RS,WSB,2200.0,,78,98,-20
199703010WSB,RS,WSB,2235.0,,80,98,-18
199703010WSB,RS,WSB,2294.0,,82,98,-16
199703010WSB,RS,WSB,2326.0,,84,98,-14
199703010WSB,RS,WSB,2402.0,,84,100,-16
199703010WSB,RS,WSB,2449.0,,84,102,-18
199703010WSB,RS,WSB,2470.0,,87,102,-15
199703010WSB,RS,WSB,2522.0,,89,102,-13
199703010WSB,RS,WSB,2522.0,,90,102,-12
199703010WSB,RS,WSB,2546.0,,90,103,-13
199703010WSB,RS,WSB,2546.0,,90,104,-14
199703010WSB,RS,WSB,2560.0,,91,104,-13
199703010WSB,RS,WSB,2560.0,,92,104,-12
199703010WSB,RS,WSB,2602.0,,93,104,-11
199703010WSB,RS,WSB,2624.0,,93,105,-12
199703010WSB,RS,WSB,2624.0,,93,106,-13
199703010WSB,RS,WSB,2643.0,,95,106,-11
199703010WSB,RS,WSB,2659.0,,95,107,-12
199703010WSB,RS,WSB,2674.0,,97,107,-10
199703010WSB,RS,WSB,2691.0,,97,109,-12
199703010WSB,RS,WSB,2709.0,,98,109,-11
199703010WSB,RS,WSB,2709.0,,99,109,-10
199703010WSB,RS,WSB,2724.0,,100,109,-9
199703010WSB,RS,WSB,2724.0,,101,109,-8
199703010WSB,RS,WSB,2754.0,,101,110,-9
199703010WSB,RS,WSB,2766.0,,102,110,-8
199703010WSB,RS,WSB,2766.0,,103,110,-7
199703010WSB,RS,WSB,2781.0,,103,111,-8
199703010WSB,RS,WSB,2781.0,,103,112,-9
199703010WSB,RS,WSB,2816.0,,103,114,-11
199703010WSB,RS,WSB,2827.0,,106,114,-8
199703010WSB,RS,WSB,2849.0,,106,116,-10
199703010WSB,RS,WSB,2857.0,,107,116,-9
199703010WSB,RS,WSB,2857.0,,108,116,-8
199703010WSB,RS,WSB,2861.0,,108,117,-9
199703010WSB,RS,WSB,2861.0,F,108,118,-10
199703010WSB,RS,WSB,2877.0,,108,118,-10
199703030GSW,RS,UTA,0.0,,0,0,0
199703030GSW,RS,UTA,17.0,,2,0,2
199703030GSW,RS,UTA,53.0,T,2,2,0
199703030GSW,RS,UTA,77.0,LC,2,4,-2
199703030GSW,RS,UTA,94.0,T,4,4,0
199703030GSW,RS,UTA,121.0,,4,6,-2
199703030GSW,RS,UTA,142.0,T,6,6,0
199703030GSW,RS,UTA,162.0,,6,8,-2
199703030GSW,RS,UTA,190.0,T,8,8,0
199703030GSW,RS,UTA,228.0,,8,9,-1
199703030GSW,RS,UTA,228.0,,8,10,-2
199703030GSW,RS,UTA,246.0,,8,12,-4
199703030GSW,RS,UTA,274.0,,9,12,-3
199703030GSW,RS,UTA,274.0,,10,12,-2
199703030GSW,RS,UTA,317.0,,11,12,-1
199703030GSW,RS,UTA,317.0,T,12,12,0
199703030GSW,RS,UTA,367.0,,12,14,-2
199703030GSW,RS,UTA,401.0,,12,16,-4
199703030GSW,RS,UTA,420.0,,13,16,-3
199703030GSW,RS,UTA,440.0,,13,18,-5
199703030GSW,RS,UTA,453.0,,15,18,-3
199703030GSW,RS,UTA,492.0,,15,20,-5
199703030GSW,RS,UTA,515.0,,15,21,-6
199703030GSW,RS,UTA,537.0,,16,21,-5
199703030GSW,RS,UTA,644.0,,16,24,-8
199703030GSW,RS,UTA,662.0,,18,24,-6
199703030GSW,RS,UTA,720.0,,18,26,-8
199703030GSW,RS,UTA,739.0,,18,28,-10
199703030GSW,RS,UTA,764.0,,20,28,-8
199703030GSW,RS,UTA,776.0,,20,30,-10
199703030GSW,RS,UTA,815.0,,20,33,-13
199703030GSW,RS,UTA,856.0,,22,33,-11
199703030GSW,RS,UTA,902.0,,22,35,-13
199703030GSW,RS,UTA,923.0,,24,35,-11
199703030GSW,RS,UTA,943.0,,24,36,-12
199703030GSW,RS,UTA,943.0,,24,37,-13
199703030GSW,RS,UTA,979.0,,27,37,-10
199703030GSW,RS,UTA,1007.0,,27,39,-12
199703030GSW,RS,UTA,1038.0,,29,39,-10
199703030GSW,RS,UTA,1076.0,,32,39,-7
199703030GSW,RS,UTA,1195.0,,34,39,-5
199703030GSW,RS,UTA,1213.0,,34,42,-8
199703030GSW,RS,UTA,1224.0,,37,42,-5
199703030GSW,RS,UTA,1281.0,,37,44,-7
199703030GSW,RS,UTA,1294.0,,38,44,-6
199703030GSW,RS,UTA,1318.0,,38,46,-8
199703030GSW,RS,UTA,1336.0,,39,46,-7
199703030GSW,RS,UTA,1336.0,,40,46,-6
199703030GSW,RS,UTA,1370.0,,40,48,-8
199703030GSW,RS,UTA,1382.0,,42,48,-6
199703030GSW,RS,UTA,1409.0,,42,49,-7
199703030GSW,RS,UTA,1409.0,,42,50,-8
199703030GSW,RS,UTA,1422.0,,44,50,-6
199703030GSW,RS,UTA,1521.0,,44,52,-8
199703030GSW,RS,UTA,1537.0,,46,52,-6
199703030GSW,RS,UTA,1554.0,,46,53,-7
199703030GSW,RS,UTA,1554.0,,46,54,-8
199703030GSW,RS,UTA,1610.0,,46,56,-10
199703030GSW,RS,UTA,1640.0,,46,59,-13
199703030GSW,RS,UTA,1721.0,,46,61,-15
199703030GSW,RS,UTA,1745.0,,46,62,-16
199703030GSW,RS,UTA,1745.0,,46,63,-17
199703030GSW,RS,UTA,1761.0,,48,63,-15
199703030GSW,RS,UTA,1822.0,,49,63,-14
199703030GSW,RS,UTA,1822.0,,50,63,-13
199703030GSW,RS,UTA,1836.0,,50,64,-14
199703030GSW,RS,UTA,1836.0,,50,65,-15
199703030GSW,RS,UTA,1854.0,,53,65,-12
199703030GSW,RS,UTA,1873.0,,53,67,-14
199703030GSW,RS,UTA,1916.0,,55,67,-12
199703030GSW,RS,UTA,1939.0,,56,67,-11
199703030GSW,RS,UTA,1954.0,,57,67,-10
199703030GSW,RS,UTA,1954.0,,58,67,-9
199703030GSW,RS,UTA,1973.0,,58,69,-11
199703030GSW,RS,UTA,1989.0,,60,69,-9
199703030GSW,RS,UTA,2004.0,,60,71,-11
199703030GSW,RS,UTA,2034.0,,60,73,-13
199703030GSW,RS,UTA,2051.0,,61,73,-12
199703030GSW,RS,UTA,2051.0,,62,73,-11
199703030GSW,RS,UTA,2079.0,,62,74,-12
199703030GSW,RS,UTA,2079.0,,62,75,-13
199703030GSW,RS,UTA,2116.0,,62,77,-15
199703030GSW,RS,UTA,2144.0,,62,78,-16
199703030GSW,RS,UTA,2144.0,,62,79,-17
199703030GSW,RS,UTA,2157.0,,64,79,-15
199703030GSW,RS,UTA,2170.0,,66,79,-13
199703030GSW,RS,UTA,2170.0,,67,79,-12
199703030GSW,RS,UTA,2214.0,,69,79,-10
199703030GSW,RS,UTA,2249.0,,69,81,-12
199703030GSW,RS,UTA,2284.0,,69,83,-14
199703030GSW,RS,UTA,2284.0,,69,84,-15
199703030GSW,RS,UTA,2312.0,,69,85,-16
199703030GSW,RS,UTA,2324.0,,71,85,-14
199703030GSW,RS,UTA,2324.0,,72,85,-13
199703030GSW,RS,UTA,2361.0,,73,85,-12
199703030GSW,RS,UTA,2361.0,,74,85,-11
199703030GSW,RS,UTA,2376.0,,74,87,-13
199703030GSW,RS,UTA,2391.0,,75,87,-12
199703030GSW,RS,UTA,2391.0,,76,87,-11
199703030GSW,RS,UTA,2414.0,,76,88,-12
199703030GSW,RS,UTA,2414.0,,76,89,-13
199703030GSW,RS,UTA,2430.0,,78,89,-11
199703030GSW,RS,UTA,2445.0,,78,91,-13
199703030GSW,RS,UTA,2468.0,,81,91,-10
199703030GSW,RS,UTA,2493.0,,81,93,-12
199703030GSW,RS,UTA,2529.0,,83,93,-10
199703030GSW,RS,UTA,2549.0,,83,95,-12
199703030GSW,RS,UTA,2568.0,,85,95,-10
199703030GSW,RS,UTA,2588.0,,85,97,-12
199703030GSW,RS,UTA,2602.0,,87,97,-10
199703030GSW,RS,UTA,2626.0,,87,99,-12
199703030GSW,RS,UTA,2626.0,,87,100,-13
199703030GSW,RS,UTA,2642.0,,90,100,-10
199703030GSW,RS,UTA,2667.0,,90,101,-11
199703030GSW,RS,UTA,2718.0,,92,101,-9
199703030GSW,RS,UTA,2740.0,,92,102,-10
199703030GSW,RS,UTA,2740.0,,92,103,-11
199703030GSW,RS,UTA,2749.0,,94,103,-9
199703030GSW,RS,UTA,2755.0,,97,103,-6
199703030GSW,RS,UTA,2771.0,,97,105,-8
199703030GSW,RS,UTA,2787.0,,97,106,-9
199703030GSW,RS,UTA,2791.0,,99,106,-7
199703030GSW,RS,UTA,2801.0,,99,107,-8
199703030GSW,RS,UTA,2833.0,,99,108,-9
199703030GSW,RS,UTA,2833.0,,99,109,-10
199703030GSW,RS,UTA,2842.0,,101,109,-8
199703030GSW,RS,UTA,2863.0,F,101,111,-10
199703030GSW,RS,UTA,2867.0,,104,111,-7
199703050GSW,RS,HOU,0.0,,0,0,0
199703050GSW,RS,HOU,53.0,,2,0,2
199703050GSW,RS,HOU,72.0,T,2,2,0
199703050GSW,RS,HOU,92.0,,3,2,1
199703050GSW,RS,HOU,110.0,,5,2,3
199703050GSW,RS,HOU,168.0,,5,4,1
199703050GSW,RS,HOU,202.0,LC,5,6,-1
199703050GSW,RS,HOU,226.0,LC,7,6,1
199703050GSW,RS,HOU,261.0,,8,6,2
199703050GSW,RS,HOU,261.0,,9,6,3
199703050GSW,RS,HOU,283.0,,10,6,4
199703050GSW,RS,HOU,314.0,,12,6,6
199703050GSW,RS,HOU,377.0,,12,9,3
199703050GSW,RS,HOU,426.0,,14,9,5
199703050GSW,RS,HOU,444.0,,16,9,7
199703050GSW,RS,HOU,461.0,,16,11,5
199703050GSW,RS,HOU,498.0,,16,13,3
199703050GSW,RS,HOU,509.0,,18,13,5
199703050GSW,RS,HOU,552.0,,20,13,7
199703050GSW,RS,HOU,633.0,,22,13,9
199703050GSW,RS,HOU,673.0,,22,15,7
199703050GSW,RS,HOU,691.0,,24,15,9
199703050GSW,RS,HOU,703.0,,24,17,7
199703050GSW,RS,HOU,736.0,,24,19,5
199703050GSW,RS,HOU,750.0,,26,19,7
199703050GSW,RS,HOU,776.0,,28,19,9
199703050GSW,RS,HOU,865.0,,28,21,7
199703050GSW,RS,HOU,1020.0,,31,21,10
199703050GSW,RS,HOU,1063.0,,31,23,8
199703050GSW,RS,HOU,1075.0,,33,23,10
199703050GSW,RS,HOU,1117.0,,33,25,8
199703050GSW,RS,HOU,1176.0,,33,27,6
199703050GSW,RS,HOU,1199.0,,33,28,5
199703050GSW,RS,HOU,1214.0,,33,29,4
199703050GSW,RS,HOU,1234.0,,36,29,7
199703050GSW,RS,HOU,1262.0,,36,30,6
199703050GSW,RS,HOU,1262.0,,36,31,5
199703050GSW,RS,HOU,1340.0,,38,31,7
199703050GSW,RS,HOU,1358.0,,38,32,6
199703050GSW,RS,HOU,1358.0,,38,33,5
199703050GSW,RS,HOU,1384.0,,38,36,2
199703050GSW,RS,HOU,1454.0,,40,36,4
199703050GSW,RS,HOU,1488.0,,40,38,2
199703050GSW,RS,HOU,1488.0,,40,39,1
199703050GSW,RS,HOU,1564.0,LC,40,41,-1
199703050GSW,RS,HOU,1594.0,LC,42,41,1
199703050GSW,RS,HOU,1594.0,,43,41,2
199703050GSW,RS,HOU,1610.0,T,43,43,0
199703050GSW,RS,HOU,1625.0,,45,43,2
199703050GSW,RS,HOU,1706.0,T,45,45,0
199703050GSW,RS,HOU,1763.0,LC,45,46,-1
199703050GSW,RS,HOU,1763.0,,45,47,-2
199703050GSW,RS,HOU,1778.0,,46,47,-1
199703050GSW,RS,HOU,1805.0,,46,49,-3
199703050GSW,RS,HOU,1833.0,,46,52,-6
199703050GSW,RS,HOU,1858.0,,48,52,-4
199703050GSW,RS,HOU,1878.0,,48,54,-6
199703050GSW,RS,HOU,1878.0,,48,55,-7
199703050GSW,RS,HOU,1936.0,,49,55,-6
199703050GSW,RS,HOU,1936.0,,50,55,-5
199703050GSW,RS,HOU,1973.0,,52,55,-3
199703050GSW,RS,HOU,1981.0,,52,56,-4
199703050GSW,RS,HOU,1981.0,,52,57,-5
199703050GSW,RS,HOU,2019.0,,52,59,-7
199703050GSW,RS,HOU,2062.0,,54,59,-5
199703050GSW,RS,HOU,2089.0,,56,59,-3
199703050GSW,RS,HOU,2109.0,,56,61,-5
199703050GSW,RS,HOU,2121.0,,57,61,-4
199703050GSW,RS,HOU,2121.0,,58,61,-3
199703050GSW,RS,HOU,2193.0,,58,63,-5
199703050GSW,RS,HOU,2205.0,,60,63,-3
199703050GSW,RS,HOU,2229.0,,62,63,-1
199703050GSW,RS,HOU,2251.0,,62,65,-3
199703050GSW,RS,HOU,2274.0,,64,65,-1
199703050GSW,RS,HOU,2361.0,,64,67,-3
199703050GSW,RS,HOU,2361.0,,64,68,-4
199703050GSW,RS,HOU,2434.0,,64,70,-6
199703050GSW,RS,HOU,2450.0,,66,70,-4
199703050GSW,RS,HOU,2510.0,,68,70,-2
199703050GSW,RS,HOU,2537.0,LC,71,70,1
199703050GSW,RS,HOU,2571.0,,72,70,2
199703050GSW,RS,HOU,2571.0,,73,70,3
199703050GSW,RS,HOU,2580.0,,73,72,1
199703050GSW,RS,HOU,2608.0,LC,73,74,-1
199703050GSW,RS,HOU,2608.0,,73,75,-2
199703050GSW,RS,HOU,2630.0,,74,75,-1
199703050GSW,RS,HOU,2649.0,,74,77,-3
199703050GSW,RS,HOU,2664.0,,75,77,-2
199703050GSW,RS,HOU,2664.0,,76,77,-1
199703050GSW,RS,HOU,2703.0,,76,78,-2
199703050GSW,RS,HOU,2730.0,,76,80,-4
199703050GSW,RS,HOU,2743.0,,77,80,-3
199703050GSW,RS,HOU,2743.0,,78,80,-2
199703050GSW,RS,HOU,2764.0,,78,82,-4
199703050GSW,RS,HOU,2807.0,,78,83,-5
199703050GSW,RS,HOU,2807.0,,78,84,-6
199703050GSW,RS,HOU,2814.0,,79,84,-5
199703050GSW,RS,HOU,2814.0,,80,84,-4
199703050GSW,RS,HOU,2853.0,,80,86,-6
199703050GSW,RS,HOU,2853.0,,80,87,-7
199703050GSW,RS,HOU,2860.0,,82,87,-5
199703050GSW,RS,HOU,2863.0,,82,88,-6
199703050GSW,RS,HOU,2870.0,,85,88,-3
199703050GSW,RS,HOU,2874.0,F,85,90,-5
199703050GSW,RS,HOU,2880.0,,85,90,-5
199703070GSW,RS,ORL,0.0,,0,0,0
199703070GSW,RS,ORL,13.0,,2,0,2
199703070GSW,RS,ORL,43.0,,4,0,4
199703070GSW,RS,ORL,90.0,,4,2,2
199703070GSW,RS,ORL,114.0,,6,2,4
199703070GSW,RS,ORL,124.0,,6,4,2
199703070GSW,RS,ORL,134.0,,8,4,4
199703070GSW,RS,ORL,153.0,,8,6,2
199703070GSW,RS,ORL,167.0,,10,6,4
199703070GSW,RS,ORL,192.0,,10,9,1
199703070GSW,RS,ORL,213.0,,11,9,2
199703070GSW,RS,ORL,213.0,,12,9,3
199703070GSW,RS,ORL,239.0,T,12,12,0
199703070GSW,RS,ORL,270.0,LC,12,15,-3
199703070GSW,RS,ORL,304.0,,12,17,-5
199703070GSW,RS,ORL,324.0,,12,18,-6
199703070GSW,RS,ORL,324.0,,12,19,-7
199703070GSW,RS,ORL,335.0,,14,19,-5
199703070GSW,RS,ORL,352.0,,14,21,-7
199703070GSW,RS,ORL,363.0,,16,21,-5
199703070GSW,RS,ORL,390.0,,16,24,-8
199703070GSW,RS,ORL,419.0,,16,26,-10
199703070GSW,RS,ORL,437.0,,18,26,-8
199703070GSW,RS,ORL,465.0,,20,26,-6
199703070GSW,RS,ORL,490.0,,20,29,-9
199703070GSW,RS,ORL,501.0,,21,29,-8
199703070GSW,RS,ORL,501.0,,22,29,-7
199703070GSW,RS,ORL,524.0,,22,31,-9
199703070GSW,RS,ORL,580.0,,22,32,-10
199703070GSW,RS,ORL,580.0,,22,33,-11
199703070GSW,RS,ORL,601.0,,24,33,-9
199703070GSW,RS,ORL,638.0,,25,33,-8
199703070GSW,RS,ORL,638.0,,26,33,-7
199703070GSW,RS,ORL,647.0,,26,34,-8
199703070GSW,RS,ORL,676.0,,28,34,-6
199703070GSW,RS,ORL,720.0,,28,36,-8
199703070GSW,RS,ORL,738.0,,28,38,-10
199703070GSW,RS,ORL,756.0,,30,38,-8
199703070GSW,RS,ORL,796.0,,30,39,-9
199703070GSW,RS,ORL,796.0,,30,40,-10
199703070GSW,RS,ORL,808.0,,30,42,-12
199703070GSW,RS,ORL,839.0,,30,45,-15
199703070GSW,RS,ORL,851.0,,31,45,-14
199703070GSW,RS,ORL,851.0,,32,45,-13
199703070GSW,RS,ORL,893.0,,34,45,-11
199703070GSW,RS,ORL,918.0,,36,45,-9
199703070GSW,RS,ORL,945.0,,38,45,-7
199703070GSW,RS,ORL,956.0,,38,47,-9
199703070GSW,RS,ORL,956.0,,38,48,-10
199703070GSW,RS,ORL,978.0,,38,51,-13
199703070GSW,RS,ORL,994.0,,40,51,-11
199703070GSW,RS,ORL,1013.0,,40,53,-13
199703070GSW,RS,ORL,1052.0,,42,53,-11
199703070GSW,RS,ORL,1081.0,,44,53,-9
199703070GSW,RS,ORL,1090.0,,44,54,-10
199703070GSW,RS,ORL,1090.0,,44,55,-11
199703070GSW,RS,ORL,1108.0,,46,55,-9
199703070GSW,RS,ORL,1141.0,,48,55,-7
199703070GSW,RS,ORL,1175.0,,48,56,-8
199703070GSW,RS,ORL,1175.0,,48,57,-9
199703070GSW,RS,ORL,1193.0,,50,57,-7
199703070GSW,RS,ORL,1270.0,,50,58,-8
199703070GSW,RS,ORL,1270.0,,50,59,-9
199703070GSW,RS,ORL,1294.0,,52,59,-7
199703070GSW,RS,ORL,1401.0,,52,61,-9
199703070GSW,RS,ORL,1459.0,,52,63,-11
199703070GSW,RS,ORL,1478.0,,54,63,-9
199703070GSW,RS,ORL,1512.0,,56,63,-7
199703070GSW,RS,ORL,1543.0,,56,64,-8
199703070GSW,RS,ORL,1544.0,,58,64,-6
199703070GSW,RS,ORL,1567.0,,58,66,-8
199703070GSW,RS,ORL,1582.0,,60,66,-6
199703070GSW,RS,ORL,1616.0,,60,67,-7
199703070GSW,RS,ORL,1616.0,,60,68,-8
199703070GSW,RS,ORL,1626.0,,62,68,-6
199703070GSW,RS,ORL,1642.0,,62,70,-8
199703070GSW,RS,ORL,1655.0,,64,70,-6
199703070GSW,RS,ORL,1674.0,,64,72,-8
199703070GSW,RS,ORL,1696.0,,65,72,-7
199703070GSW,RS,ORL,1696.0,,66,72,-6
199703070GSW,RS,ORL,1715.0,,68,72,-4
199703070GSW,RS,ORL,1779.0,,70,72,-2
199703070GSW,RS,ORL,1779.0,,71,72,-1
199703070GSW,RS,ORL,1808.0,LC,74,72,2
199703070GSW,RS,ORL,1832.0,,74,73,1
199703070GSW,RS,ORL,1832.0,T,74,74,0
199703070GSW,RS,ORL,1853.0,,75,74,1
199703070GSW,RS,ORL,1911.0,,77,74,3
199703070GSW,RS,ORL,1939.0,,77,76,1
199703070GSW,RS,ORL,1976.0,LC,77,78,-1
199703070GSW,RS,ORL,2059.0,,77,80,-3
199703070GSW,RS,ORL,2100.0,,77,82,-5
199703070GSW,RS,ORL,2205.0,,79,82,-3
199703070GSW,RS,ORL,2253.0,,81,82,-1
199703070GSW,RS,ORL,2290.0,LC,83,82,1
199703070GSW,RS,ORL,2317.0,,86,82,4
199703070GSW,RS,ORL,2338.0,,87,82,5
199703070GSW,RS,ORL,2358.0,,87,84,3
199703070GSW,RS,ORL,2358.0,,87,85,2
199703070GSW,RS,ORL,2377.0,,89,85,4
199703070GSW,RS,ORL,2377.0,,90,85,5
199703070GSW,RS,ORL,2440.0,,93,85,8
199703070GSW,RS,ORL,2464.0,,93,88,5
199703070GSW,RS,ORL,2490.0,,94,88,6
199703070GSW,RS,ORL,2505.0,,94,89,5
199703070GSW,RS,ORL,2523.0,,96,89,7
199703070GSW,RS,ORL,2540.0,,96,91,5
199703070GSW,RS,ORL,2562.0,,96,93,3
199703070GSW,RS,ORL,2612.0,,98,93,5
199703070GSW,RS,ORL,2651.0,,100,93,7
199703070GSW,RS,ORL,2689.0,,102,93,9
199703070GSW,RS,ORL,2705.0,,102,96,6
199703070GSW,RS,ORL,2724.0,,104,96,8
199703070GSW,RS,ORL,2745.0,,104,99,5
199703070GSW,RS,ORL,2761.0,,104,101,3
199703070GSW,RS,ORL,2803.0,,105,101,4
199703070GSW,RS,ORL,2862.0,,106,101,5
199703070GSW,RS,ORL,2862.0,,107,101,6
199703070GSW,RS,ORL,2872.0,F,108,101,7
199703070GSW,RS,ORL,2879.0,,108,101,7
199703090GSW,RS,SAC,0.0,,0,0,0
199703090GSW,RS,SAC,18.0,,0,2,-2
199703090GSW,RS,SAC,79.0,T,2,2,0
199703090GSW,RS,SAC,104.0,,2,4,-2
199703090GSW,RS,SAC,135.0,,2,6,-4
199703090GSW,RS,SAC,156.0,,2,8,-6
199703090GSW,RS,SAC,176.0,,4,8,-4
199703090GSW,RS,SAC,219.0,,6,8,-2
199703090GSW,RS,SAC,240.0,T,8,8,0
199703090GSW,RS,SAC,258.0,,8,10,-2
199703090GSW,RS,SAC,281.0,T,10,10,0
199703090GSW,RS,SAC,327.0,,10,12,-2
199703090GSW,RS,SAC,375.0,,10,14,-4
199703090GSW,RS,SAC,388.0,,12,14,-2
199703090GSW,RS,SAC,388.0,,13,14,-1
199703090GSW,RS,SAC,424.0,,13,16,-3
199703090GSW,RS,SAC,477.0,,13,18,-5
199703090GSW,RS,SAC,508.0,,13,20,-7
199703090GSW,RS,SAC,526.0,,15,20,-5
199703090GSW,RS,SAC,566.0,,15,22,-7
199703090GSW,RS,SAC,604.0,,15,24,-9
199703090GSW,RS,SAC,646.0,,15,26,-11
199703090GSW,RS,SAC,679.0,,15,27,-12
199703090GSW,RS,SAC,679.0,,15,28,-13
199703090GSW,RS,SAC,718.0,,15,31,-16
199703090GSW,RS,SAC,735.0,,17,31,-14
199703090GSW,RS,SAC,754.0,,17,33,-16
199703090GSW,RS,SAC,792.0,,17,34,-17
199703090GSW,RS,SAC,828.0,,19,34,-15
199703090GSW,RS,SAC,848.0,,21,34,-13
199703090GSW,RS,SAC,848.0,,22,34,-12
199703090GSW,RS,SAC,867.0,,22,35,-13
199703090GSW,RS,SAC,867.0,,22,36,-14
199703090GSW,RS,SAC,893.0,,22,37,-15
199703090GSW,RS,SAC,893.0,,22,38,-16
199703090GSW,RS,SAC,908.0,,25,38,-13
199703090GSW,RS,SAC,936.0,,26,38,-12
199703090GSW,RS,SAC,936.0,,27,38,-11
199703090GSW,RS,SAC,962.0,,29,38,-9
199703090GSW,RS,SAC,995.0,,30,38,-8
199703090GSW,RS,SAC,1038.0,,30,40,-10
199703090GSW,RS,SAC,1055.0,,31,40,-9
199703090GSW,RS,SAC,1055.0,,32,40,-8
199703090GSW,RS,SAC,1087.0,,33,40,-7
199703090GSW,RS,SAC,1087.0,,34,40,-6
199703090GSW,RS,SAC,1126.0,,34,42,-8
199703090GSW,RS,SAC,1150.0,,35,42,-7
199703090GSW,RS,SAC,1211.0,,35,44,-9
199703090GSW,RS,SAC,1235.0,,37,44,-7
199703090GSW,RS,SAC,1253.0,,37,46,-9
199703090GSW,RS,SAC,1266.0,,39,46,-7
199703090GSW,RS,SAC,1266.0,,40,46,-6
199703090GSW,RS,SAC,1291.0,,41,46,-5
199703090GSW,RS,SAC,1291.0,,42,46,-4
199703090GSW,RS,SAC,1308.0,,44,46,-2
199703090GSW,RS,SAC,1321.0,,44,47,-3
199703090GSW,RS,SAC,1321.0,,44,48,-4
199703090GSW,RS,SAC,1354.0,,44,50,-6
199703090GSW,RS,SAC,1377.0,,47,50,-3
199703090GSW,RS,SAC,1397.0,,47,52,-5
199703090GSW,RS,SAC,1409.0,,47,54,-7
199703090GSW,RS,SAC,1409.0,,47,55,-8
199703090GSW,RS,SAC,1436.0,,47,56,-9
199703090GSW,RS,SAC,1436.0,,47,57,-10
199703090GSW,RS,SAC,1486.0,,49,57,-8
199703090GSW,RS,SAC,1533.0,,49,60,-11
199703090GSW,RS,SAC,1554.0,,50,60,-10
199703090GSW,RS,SAC,1576.0,,52,60,-8
199703090GSW,RS,SAC,1576.0,,53,60,-7
199703090GSW,RS,SAC,1608.0,,54,60,-6
199703090GSW,RS,SAC,1624.0,,56,60,-4
199703090GSW,RS,SAC,1636.0,,56,62,-6
199703090GSW,RS,SAC,1686.0,,58,62,-4
199703090GSW,RS,SAC,1703.0,,58,63,-5
199703090GSW,RS,SAC,1748.0,,58,65,-7
199703090GSW,RS,SAC,1763.0,,60,65,-5
199703090GSW,RS,SAC,1782.0,,60,66,-6
199703090GSW,RS,SAC,1816.0,,60,68,-8
199703090GSW,RS,SAC,1837.0,,62,68,-6
199703090GSW,RS,SAC,1848.0,,62,69,-7
199703090GSW,RS,SAC,1848.0,,62,70,-8
199703090GSW,RS,SAC,1872.0,,63,70,-7
199703090GSW,RS,SAC,1872.0,,64,70,-6
199703090GSW,RS,SAC,1902.0,,66,70,-4
199703090GSW,RS,SAC,1926.0,,66,72,-6
199703090GSW,RS,SAC,1961.0,,66,74,-8
199703090GSW,RS,SAC,1971.0,,67,74,-7
199703090GSW,RS,SAC,1971.0,,68,74,-6
199703090GSW,RS,SAC,1998.0,,68,75,-7
199703090GSW,RS,SAC,1998.0,,68,76,-8
199703090GSW,RS,SAC,2059.0,,70,76,-6
199703090GSW,RS,SAC,2076.0,,70,77,-7
199703090GSW,RS,SAC,2093.0,,72,77,-5
199703090GSW,RS,SAC,2113.0,,74,77,-3
199703090GSW,RS,SAC,2133.0,,74,78,-4
199703090GSW,RS,SAC,2133.0,,74,79,-5
199703090GSW,RS,SAC,2159.0,,76,79,-3
199703090GSW,RS,SAC,2159.0,,77,79,-2
199703090GSW,RS,SAC,2182.0,,77,81,-4
199703090GSW,RS,SAC,2246.0,,77,83,-6
199703090GSW,RS,SAC,2265.0,,79,83,-4
199703090GSW,RS,SAC,2298.0,,81,83,-2
199703090GSW,RS,SAC,2298.0,,82,83,-1
199703090GSW,RS,SAC,2320.0,,82,85,-3
199703090GSW,RS,SAC,2320.0,,82,86,-4
199703090GSW,RS,SAC,2361.0,,83,86,-3
199703090GSW,RS,SAC,2361.0,,84,86,-2
199703090GSW,RS,SAC,2393.0,T,86,86,0
199703090GSW,RS,SAC,2415.0,LC,87,86,1
199703090GSW,RS,SAC,2415.0,,88,86,2
199703090GSW,RS,SAC,2438.0,LC,88,89,-1
199703090GSW,RS,SAC,2508.0,LC,90,89,1
199703090GSW,RS,SAC,2533.0,LC,90,91,-1
199703090GSW,RS,SAC,2571.0,LC,92,91,1
199703090GSW,RS,SAC,2683.0,LC,92,93,-1
199703090GSW,RS,SAC,2714.0,,92,95,-3
199703090GSW,RS,SAC,2731.0,,93,95,-2
199703090GSW,RS,SAC,2731.0,,94,95,-1
199703090GSW,RS,SAC,2745.0,,94,97,-3
199703090GSW,RS,SAC,2793.0,,96,97,-1
199703090GSW,RS,SAC,2811.0,T,97,97,0
199703090GSW,RS,SAC,2811.0,LC,98,97,1
199703090GSW,RS,SAC,2850.0,,99,97,2
199703090GSW,RS,SAC,2850.0,,100,97,3
199703090GSW,RS,SAC,2866.0,,100,98,2
199703090GSW,RS,SAC,2879.0,,101,98,3
199703090GSW,RS,SAC,2879.0,F,102,98,4
199703090GSW,RS,SAC,2880.0,,102,98,4
199703100LAC,RS,LAC,0.0,,0,0,0
199703100LAC,RS,LAC,44.0,,2,0,2
199703100LAC,RS,LAC,69.0,T,2,2,0
199703100LAC,RS,LAC,85.0,,3,2,1
199703100LAC,RS,LAC,85.0,,4,2,2
199703100LAC,RS,LAC,118.0,,7,2,5
199703100LAC,RS,LAC,172.0,,7,4,3
199703100LAC,RS,LAC,187.0,,9,4,5
199703100LAC,RS,LAC,219.0,,10,4,6
199703100LAC,RS,LAC,219.0,,11,4,7
199703100LAC,RS,LAC,242.0,,11,6,5
199703100LAC,RS,LAC,279.0,,11,8,3
199703100LAC,RS,LAC,301.0,,13,8,5
199703100LAC,RS,LAC,375.0,,13,10,3
199703100LAC,RS,LAC,390.0,,15,10,5
199703100LAC,RS,LAC,390.0,,16,10,6
199703100LAC,RS,LAC,402.0,,16,12,4
199703100LAC,RS,LAC,453.0,,17,12,5
199703100LAC,RS,LAC,507.0,,17,14,3
199703100LAC,RS,LAC,541.0,,17,15,2
199703100LAC,RS,LAC,541.0,,17,16,1
199703100LAC,RS,LAC,552.0,,19,16,3
199703100LAC,RS,LAC,570.0,,19,18,1
199703100LAC,RS,LAC,585.0,,22,18,4
199703100LAC,RS,LAC,601.0,,22,20,2
199703100LAC,RS,LAC,664.0,,23,20,3
199703100LAC,RS,LAC,664.0,,24,20,4
199703100LAC,RS,LAC,675.0,,24,21,3
199703100LAC,RS,LAC,742.0,,26,21,5
199703100LAC,RS,LAC,742.0,,27,21,6
199703100LAC,RS,LAC,763.0,,29,21,8
199703100LAC,RS,LAC,796.0,,31,21,10
199703100LAC,RS,LAC,817.0,,31,23,8
199703100LAC,RS,LAC,836.0,,32,23,9
199703100LAC,RS,LAC,836.0,,33,23,10
199703100LAC,RS,LAC,867.0,,33,24,9
199703100LAC,RS,LAC,869.0,,33,26,7
199703100LAC,RS,LAC,886.0,,34,26,8
199703100LAC,RS,LAC,907.0,,34,28,6
199703100LAC,RS,LAC,923.0,,36,28,8
199703100LAC,RS,LAC,941.0,,36,30,6
199703100LAC,RS,LAC,966.0,,38,30,8
199703100LAC,RS,LAC,1035.0,,38,32,6
199703100LAC,RS,LAC,1057.0,,41,32,9
199703100LAC,RS,LAC,1142.0,,41,34,7
199703100LAC,RS,LAC,1148.0,,43,34,9
199703100LAC,RS,LAC,1148.0,,44,34,10
199703100LAC,RS,LAC,1171.0,,46,34,12
199703100LAC,RS,LAC,1192.0,,48,34,14
199703100LAC,RS,LAC,1192.0,,49,34,15
199703100LAC,RS,LAC,1208.0,,49,36,13
199703100LAC,RS,LAC,1224.0,,50,36,14
199703100LAC,RS,LAC,1249.0,,51,36,15
199703100LAC,RS,LAC,1249.0,,52,36,16
199703100LAC,RS,LAC,1261.0,,52,39,13
199703100LAC,RS,LAC,1274.0,,53,39,14
199703100LAC,RS,LAC,1283.0,,53,41,12
199703100LAC,RS,LAC,1302.0,,54,41,13
199703100LAC,RS,LAC,1302.0,,55,41,14
199703100LAC,RS,LAC,1316.0,,55,42,13
199703100LAC,RS,LAC,1353.0,,57,42,15
199703100LAC,RS,LAC,1371.0,,57,44,13
199703100LAC,RS,LAC,1371.0,,57,45,12
199703100LAC,RS,LAC,1392.0,,59,45,14
199703100LAC,RS,LAC,1401.0,,59,47,12
199703100LAC,RS,LAC,1401.0,,59,48,11
199703100LAC,RS,LAC,1425.0,,59,49,10
199703100LAC,RS,LAC,1449.0,,61,49,12
199703100LAC,RS,LAC,1449.0,,62,49,13
199703100LAC,RS,LAC,1459.0,,62,51,11
199703100LAC,RS,LAC,1514.0,,64,51,13
199703100LAC,RS,LAC,1531.0,,64,54,10
199703100LAC,RS,LAC,1575.0,,64,56,8
199703100LAC,RS,LAC,1645.0,,64,58,6
199703100LAC,RS,LAC,1665.0,,64,59,5
199703100LAC,RS,LAC,1665.0,,64,60,4
199703100LAC,RS,LAC,1685.0,,64,62,2
199703100LAC,RS,LAC,1699.0,,65,62,3
199703100LAC,RS,LAC,1699.0,,66,62,4
199703100LAC,RS,LAC,1738.0,,66,64,2
199703100LAC,RS,LAC,1783.0,T,66,66,0
199703100LAC,RS,LAC,1839.0,,68,66,2
199703100LAC,RS,LAC,1887.0,,70,66,4
199703100LAC,RS,LAC,1897.0,,70,68,2
199703100LAC,RS,LAC,1914.0,,72,68,4
199703100LAC,RS,LAC,1937.0,,72,70,2
199703100LAC,RS,LAC,1954.0,,73,70,3
199703100LAC,RS,LAC,1954.0,,74,70,4
199703100LAC,RS,LAC,1981.0,,74,72,2
199703100LAC,RS,LAC,2002.0,,75,72,3
199703100LAC,RS,LAC,2002.0,,76,72,4
199703100LAC,RS,LAC,2068.0,,78,72,6
199703100LAC,RS,LAC,2090.0,,78,73,5
199703100LAC,RS,LAC,2090.0,,78,74,4
199703100LAC,RS,LAC,2106.0,,78,75,3
199703100LAC,RS,LAC,2106.0,,78,76,2
199703100LAC,RS,LAC,2124.0,T,78,78,0
199703100LAC,RS,LAC,2179.0,LC,78,80,-2
199703100LAC,RS,LAC,2232.0,LC,81,80,1
199703100LAC,RS,LAC,2241.0,LC,81,82,-1
199703100LAC,RS,LAC,2283.0,,81,84,-3
199703100LAC,RS,LAC,2309.0,,81,87,-6
199703100LAC,RS,LAC,2330.0,,82,87,-5
199703100LAC,RS,LAC,2330.0,,83,87,-4
199703100LAC,RS,LAC,2351.0,,83,89,-6
199703100LAC,RS,LAC,2376.0,,83,91,-8
199703100LAC,RS,LAC,2392.0,,86,91,-5
199703100LAC,RS,LAC,2424.0,,88,91,-3
199703100LAC,RS,LAC,2486.0,,88,93,-5
199703100LAC,RS,LAC,2486.0,,88,94,-6
199703100LAC,RS,LAC,2509.0,,90,94,-4
199703100LAC,RS,LAC,2545.0,,90,96,-6
199703100LAC,RS,LAC,2583.0,,91,96,-5
199703100LAC,RS,LAC,2583.0,,92,96,-4
199703100LAC,RS,LAC,2595.0,,92,99,-7
199703100LAC,RS,LAC,2628.0,,92,101,-9
199703100LAC,RS,LAC,2657.0,,93,101,-8
199703100LAC,RS,LAC,2657.0,,94,101,-7
199703100LAC,RS,LAC,2700.0,,95,101,-6
199703100LAC,RS,LAC,2700.0,,96,101,-5
199703100LAC,RS,LAC,2711.0,,97,101,-4
199703100LAC,RS,LAC,2729.0,,97,102,-5
199703100LAC,RS,LAC,2782.0,,97,103,-6
199703100LAC,RS,LAC,2799.0,,97,104,-7
199703100LAC,RS,LAC,2805.0,,98,104,-6
199703100LAC,RS,LAC,2805.0,,99,104,-5
199703100LAC,RS,LAC,2816.0,,99,106,-7
199703100LAC,RS,LAC,2824.0,,102,106,-4
199703100LAC,RS,LAC,2841.0,,102,108,-6
199703100LAC,RS,LAC,2863.0,,102,110,-8
199703100LAC,RS,LAC,2868.0,,103,110,-7
199703100LAC,RS,LAC,2868.0,,104,110,-6
199703100LAC,RS,LAC,2870.0,F,104,112,-8
199703100LAC,RS,LAC,2877.0,,106,112,-6
199703120LAL,RS,LAL,0.0,,0,0,0
199703120LAL,RS,LAL,17.0,,0,2,-2
199703120LAL,RS,LAL,39.0,T,2,2,0
199703120LAL,RS,LAL,61.0,,2,4,-2
199703120LAL,RS,LAL,124.0,,2,6,-4
199703120LAL,RS,LAL,149.0,,2,8,-6
199703120LAL,RS,LAL,165.0,,4,8,-4
199703120LAL,RS,LAL,180.0,,4,10,-6
199703120LAL,RS,LAL,195.0,,6,10,-4
199703120LAL,RS,LAL,205.0,,6,12,-6
199703120LAL,RS,LAL,237.0,,6,14,-8
199703120LAL,RS,LAL,256.0,,9,14,-5
199703120LAL,RS,LAL,265.0,,9,15,-6
199703120LAL,RS,LAL,265.0,,9,16,-7
199703120LAL,RS,LAL,277.0,,12,16,-4
199703120LAL,RS,LAL,356.0,,12,18,-6
199703120LAL,RS,LAL,453.0,,12,20,-8
199703120LAL,RS,LAL,491.0,,14,20,-6
199703120LAL,RS,LAL,521.0,,15,20,-5
199703120LAL,RS,LAL,521.0,,16,20,-4
199703120LAL,RS,LAL,543.0,,17,20,-3
199703120LAL,RS,LAL,555.0,,17,21,-4
199703120LAL,RS,LAL,555.0,,17,22,-5
199703120LAL,RS,LAL,562.0,,19,22,-3
199703120LAL,RS,LAL,583.0,,21,22,-1
199703120LAL,RS,LAL,603.0,,21,24,-3
199703120LAL,RS,LAL,617.0,,22,24,-2
199703120LAL,RS,LAL,668.0,,22,25,-3
199703120LAL,RS,LAL,685.0,,22,27,-5
199703120LAL,RS,LAL,702.0,,25,27,-2
199703120LAL,RS,LAL,720.0,,25,30,-5
199703120LAL,RS,LAL,749.0,,25,33,-8
199703120LAL,RS,LAL,766.0,,25,35,-10
199703120LAL,RS,LAL,832.0,,27,35,-8
199703120LAL,RS,LAL,868.0,,29,35,-6
199703120LAL,RS,LAL,875.0,,29,36,-7
199703120LAL,RS,LAL,941.0,,29,38,-9
199703120LAL,RS,LAL,970.0,,29,39,-10
199703120LAL,RS,LAL,970.0,,29,40,-11
199703120LAL,RS,LAL,983.0,,31,40,-9
199703120LAL,RS,LAL,1009.0,,33,40,-7
199703120LAL,RS,LAL,1030.0,,33,42,-9
199703120LAL,RS,LAL,1088.0,,35,42,-7
199703120LAL,RS,LAL,1100.0,,35,45,-10
199703120LAL,RS,LAL,1148.0,,35,47,-12
199703120LAL,RS,LAL,1158.0,,37,47,-10
199703120LAL,RS,LAL,1158.0,,38,47,-9
199703120LAL,RS,LAL,1169.0,,38,49,-11
199703120LAL,RS,LAL,1184.0,,39,49,-10
199703120LAL,RS,LAL,1184.0,,40,49,-9
199703120LAL,RS,LAL,1207.0,,42,49,-7
199703120LAL,RS,LAL,1243.0,,43,49,-6
199703120LAL,RS,LAL,1243.0,,44,49,-5
199703120LAL,RS,LAL,1283.0,,46,49,-3
199703120LAL,RS,LAL,1297.0,,46,51,-5
199703120LAL,RS,LAL,1319.0,,49,51,-2
199703120LAL,RS,LAL,1352.0,,49,53,-4
199703120LAL,RS,LAL,1413.0,,51,53,-2
199703120LAL,RS,LAL,1417.0,,51,55,-4
199703120LAL,RS,LAL,1462.0,,51,57,-6
199703120LAL,RS,LAL,1515.0,,53,57,-4
199703120LAL,RS,LAL,1528.0,,53,59,-6
199703120LAL,RS,LAL,1565.0,,55,59,-4
199703120LAL,RS,LAL,1587.0,,55,61,-6
199703120LAL,RS,LAL,1615.0,,56,61,-5
199703120LAL,RS,LAL,1633.0,,56,63,-7
199703120LAL,RS,LAL,1655.0,,56,65,-9
199703120LAL,RS,LAL,1671.0,,58,65,-7
199703120LAL,RS,LAL,1683.0,,58,67,-9
199703120LAL,RS,LAL,1699.0,,59,67,-8
199703120LAL,RS,LAL,1699.0,,60,67,-7
199703120LAL,RS,LAL,1713.0,,60,69,-9
199703120LAL,RS,LAL,1739.0,,60,70,-10
199703120LAL,RS,LAL,1752.0,,63,70,-7
199703120LAL,RS,LAL,1765.0,,63,72,-9
199703120LAL,RS,LAL,1804.0,,63,74,-11
199703120LAL,RS,LAL,1820.0,,65,74,-9
199703120LAL,RS,LAL,1845.0,,65,76,-11
199703120LAL,RS,LAL,1845.0,,65,77,-12
199703120LAL,RS,LAL,1874.0,,65,79,-14
199703120LAL,RS,LAL,1922.0,,67,79,-12
199703120LAL,RS,LAL,1935.0,,67,81,-14
199703120LAL,RS,LAL,1968.0,,69,81,-12
199703120LAL,RS,LAL,2014.0,,69,83,-14
199703120LAL,RS,LAL,2026.0,,71,83,-12
199703120LAL,RS,LAL,2058.0,,72,83,-11
199703120LAL,RS,LAL,2058.0,,73,83,-10
199703120LAL,RS,LAL,2074.0,,73,85,-12
199703120LAL,RS,LAL,2089.0,,75,85,-10
199703120LAL,RS,LAL,2116.0,,77,85,-8
199703120LAL,RS,LAL,2116.0,,78,85,-7
199703120LAL,RS,LAL,2136.0,,78,86,-8
199703120LAL,RS,LAL,2136.0,,78,87,-9
199703120LAL,RS,LAL,2153.0,,81,87,-6
199703120LAL,RS,LAL,2181.0,,81,89,-8
199703120LAL,RS,LAL,2236.0,,81,91,-10
199703120LAL,RS,LAL,2252.0,,83,91,-8
199703120LAL,RS,LAL,2309.0,,83,93,-10
199703120LAL,RS,LAL,2365.0,,85,93,-8
199703120LAL,RS,LAL,2392.0,,85,95,-10
199703120LAL,RS,LAL,2413.0,,87,95,-8
199703120LAL,RS,LAL,2435.0,,87,96,-9
199703120LAL,RS,LAL,2435.0,,87,97,-10
199703120LAL,RS,LAL,2471.0,,87,100,-13
199703120LAL,RS,LAL,2487.0,,88,100,-12
199703120LAL,RS,LAL,2487.0,,89,100,-11
199703120LAL,RS,LAL,2515.0,,90,100,-10
199703120LAL,RS,LAL,2536.0,,90,101,-11
199703120LAL,RS,LAL,2560.0,,93,101,-8
199703120LAL,RS,LAL,2673.0,,93,102,-9
199703120LAL,RS,LAL,2673.0,,93,103,-10
199703120LAL,RS,LAL,2713.0,,95,103,-8
199703120LAL,RS,LAL,2742.0,,97,103,-6
199703120LAL,RS,LAL,2763.0,,97,105,-8
199703120LAL,RS,LAL,2792.0,,99,105,-6
199703120LAL,RS,LAL,2851.0,,99,106,-7
199703120LAL,RS,LAL,2851.0,,99,107,-8
199703120LAL,RS,LAL,2870.0,,99,109,-10
199703120LAL,RS,LAL,2878.0,F,101,109,-8
199703120LAL,RS,LAL,2880.0,,101,109,-8
199703130GSW,RS,CLE,0.0,,0,0,0
199703130GSW,RS,CLE,36.0,,0,2,-2
199703130GSW,RS,CLE,52.0,T,2,2,0
199703130GSW,RS,CLE,73.0,,2,5,-3
199703130GSW,RS,CLE,93.0,,4,5,-1
199703130GSW,RS,CLE,198.0,LC,6,5,1
199703130GSW,RS,CLE,222.0,,8,5,3
199703130GSW,RS,CLE,239.0,,8,7,1
199703130GSW,RS,CLE,260.0,,10,7,3
199703130GSW,RS,CLE,260.0,,11,7,4
199703130GSW,RS,CLE,274.0,,11,9,2
199703130GSW,RS,CLE,289.0,,13,9,4
199703130GSW,RS,CLE,308.0,,15,9,6
199703130GSW,RS,CLE,326.0,,15,11,4
199703130GSW,RS,CLE,352.0,,15,13,2
199703130GSW,RS,CLE,389.0,,17,13,4
199703130GSW,RS,CLE,422.0,,17,16,1
199703130GSW,RS,CLE,442.0,,19,16,3
199703130GSW,RS,CLE,459.0,,19,18,1
199703130GSW,RS,CLE,487.0,,20,18,2
199703130GSW,RS,CLE,487.0,,21,18,3
199703130GSW,RS,CLE,577.0,,21,20,1
199703130GSW,RS,CLE,594.0,,24,20,4
199703130GSW,RS,CLE,644.0,,24,22,2
199703130GSW,RS,CLE,679.0,T,24,24,0
199703130GSW,RS,CLE,734.0,LC,24,26,-2
199703130GSW,RS,CLE,781.0,T,26,26,0
199703130GSW,RS,CLE,781.0,LC,27,26,1
199703130GSW,RS,CLE,798.0,LC,27,28,-1
199703130GSW,RS,CLE,810.0,T,28,28,0
199703130GSW,RS,CLE,833.0,LC,29,28,1
199703130GSW,RS,CLE,878.0,,31,28,3
199703130GSW,RS,CLE,929.0,,33,28,5
199703130GSW,RS,CLE,994.0,,33,30,3
199703130GSW,RS,CLE,1008.0,,33,32,1
199703130GSW,RS,CLE,1033.0,,35,32,3
199703130GSW,RS,CLE,1058.0,,35,34,1
199703130GSW,RS,CLE,1157.0,LC,35,36,-1
199703130GSW,RS,CLE,1169.0,T,36,36,0
199703130GSW,RS,CLE,1181.0,,36,37,-1
199703130GSW,RS,CLE,1181.0,,36,38,-2
199703130GSW,RS,CLE,1194.0,LC,39,38,1
199703130GSW,RS,CLE,1259.0,,40,38,2
199703130GSW,RS,CLE,1259.0,,41,38,3
199703130GSW,RS,CLE,1296.0,,43,38,5
199703130GSW,RS,CLE,1354.0,,43,40,3
199703130GSW,RS,CLE,1376.0,,44,40,4
199703130GSW,RS,CLE,1376.0,,45,40,5
199703130GSW,RS,CLE,1391.0,,45,42,3
199703130GSW,RS,CLE,1405.0,,46,42,4
199703130GSW,RS,CLE,1405.0,,47,42,5
199703130GSW,RS,CLE,1419.0,,47,45,2
199703130GSW,RS,CLE,1437.0,,50,45,5
199703130GSW,RS,CLE,1457.0,,50,47,3
199703130GSW,RS,CLE,1479.0,,53,47,6
199703130GSW,RS,CLE,1497.0,,53,49,4
199703130GSW,RS,CLE,1540.0,,55,49,6
199703130GSW,RS,CLE,1587.0,,57,49,8
199703130GSW,RS,CLE,1609.0,,57,51,6
199703130GSW,RS,CLE,1641.0,,57,53,4
199703130GSW,RS,CLE,1641.0,,57,54,3
199703130GSW,RS,CLE,1662.0,,59,54,5
199703130GSW,RS,CLE,1679.0,,59,56,3
199703130GSW,RS,CLE,1737.0,,62,56,6
199703130GSW,RS,CLE,1758.0,,62,58,4
199703130GSW,RS,CLE,1816.0,,62,60,2
199703130GSW,RS,CLE,1834.0,,64,60,4
199703130GSW,RS,CLE,1863.0,,64,62,2
199703130GSW,RS,CLE,1886.0,T,64,64,0
199703130GSW,RS,CLE,1890.0,,65,64,1
199703130GSW,RS,CLE,1909.0,,67,64,3
199703130GSW,RS,CLE,1984.0,,67,66,1
199703130GSW,RS,CLE,2030.0,LC,67,69,-2
199703130GSW,RS,CLE,2049.0,T,69,69,0
199703130GSW,RS,CLE,2068.0,,69,71,-2
199703130GSW,RS,CLE,2175.0,T,71,71,0
199703130GSW,RS,CLE,2195.0,,71,73,-2
199703130GSW,RS,CLE,2238.0,,71,76,-5
199703130GSW,RS,CLE,2279.0,,71,77,-6
199703130GSW,RS,CLE,2279.0,,71,78,-7
199703130GSW,RS,CLE,2292.0,,73,78,-5
199703130GSW,RS,CLE,2355.0,,75,78,-3
199703130GSW,RS,CLE,2379.0,,75,79,-4
199703130GSW,RS,CLE,2379.0,,75,80,-5
199703130GSW,RS,CLE,2480.0,,76,80,-4
199703130GSW,RS,CLE,2524.0,,78,80,-2
199703130GSW,RS,CLE,2554.0,T,80,80,0
199703130GSW,RS,CLE,2577.0,,80,82,-2
199703130GSW,RS,CLE,2618.0,,80,84,-4
199703130GSW,RS,CLE,2640.0,,82,84,-2
199703130GSW,RS,CLE,2640.0,,83,84,-1
199703130GSW,RS,CLE,2686.0,,83,86,-3
199703130GSW,RS,CLE,2709.0,T,86,86,0
199703130GSW,RS,CLE,2773.0,,86,87,-1
199703130GSW,RS,CLE,2802.0,LC,88,87,1
199703130GSW,RS,CLE,2859.0,T,88,88,0
199703130GSW,RS,CLE,2877.0,,90,88,2
199703130GSW,RS,CLE,2880.0,,90,89,1
199703130GSW,RS,CLE,2880.0,T,90,90,0
199703130GSW,RS,CLE,2899.0,LC,90,92,-2
199703130GSW,RS,CLE,2919.0,T,92,92,0
199703130GSW,RS,CLE,2944.0,,92,95,-3
199703130GSW,RS,CLE,2966.0,,93,95,-2
199703130GSW,RS,CLE,2966.0,,94,95,-1
199703130GSW,RS,CLE,3004.0,LC,96,95,1
199703130GSW,RS,CLE,3111.0,,99,95,4
199703130GSW,RS,CLE,3159.0,,100,95,5
199703130GSW,RS,CLE,3159.0,F,101,95,6
199703130GSW,RS,CLE,3175.0,,101,95,6
199703150GSW,RS,TOR,0.0,,0,0,0
199703150GSW,RS,TOR,25.0,,2,0,2
199703150GSW,RS,TOR,58.0,T,2,2,0
199703150GSW,RS,TOR,87.0,,3,2,1
199703150GSW,RS,TOR,91.0,LC,3,4,-1
199703150GSW,RS,TOR,109.0,LC,5,4,1
199703150GSW,RS,TOR,150.0,,7,4,3
199703150GSW,RS,TOR,175.0,,9,4,5
199703150GSW,RS,TOR,219.0,,11,4,7
199703150GSW,RS,TOR,241.0,,11,5,6
199703150GSW,RS,TOR,241.0,,11,6,5
199703150GSW,RS,TOR,271.0,,11,9,2
199703150GSW,RS,TOR,333.0,T,11,11,0
199703150GSW,RS,TOR,354.0,,13,11,2
199703150GSW,RS,TOR,395.0,,15,11,4
199703150GSW,RS,TOR,432.0,,17,11,6
199703150GSW,RS,TOR,450.0,,17,14,3
199703150GSW,RS,TOR,484.0,,19,14,5
199703150GSW,RS,TOR,499.0,,19,16,3
199703150GSW,RS,TOR,541.0,,21,16,5
199703150GSW,RS,TOR,573.0,,23,16,7
199703150GSW,RS,TOR,604.0,,26,16,10
199703150GSW,RS,TOR,623.0,,26,17,9
199703150GSW,RS,TOR,623.0,,26,18,8
199703150GSW,RS,TOR,638.0,,27,18,9
199703150GSW,RS,TOR,710.0,,29,18,11
199703150GSW,RS,TOR,748.0,,31,18,13
199703150GSW,RS,TOR,776.0,,31,20,11
199703150GSW,RS,TOR,790.0,,33,20,13
199703150GSW,RS,TOR,896.0,,35,20,15
199703150GSW,RS,TOR,960.0,,35,22,13
199703150GSW,RS,TOR,997.0,,35,24,11
199703150GSW,RS,TOR,1021.0,,37,24,13
199703150GSW,RS,TOR,1056.0,,37,26,11
199703150GSW,RS,TOR,1120.0,,39,26,13
199703150GSW,RS,TOR,1140.0,,39,28,11
199703150GSW,RS,TOR,1198.0,,40,28,12
199703150GSW,RS,TOR,1198.0,,41,28,13
199703150GSW,RS,TOR,1215.0,,41,31,10
199703150GSW,RS,TOR,1257.0,,43,31,12
199703150GSW,RS,TOR,1271.0,,43,33,10
199703150GSW,RS,TOR,1290.0,,45,33,12
199703150GSW,RS,TOR,1341.0,,47,33,14
199703150GSW,RS,TOR,1358.0,,49,33,16
199703150GSW,RS,TOR,1403.0,,52,33,19
199703150GSW,RS,TOR,1421.0,,52,34,18
199703150GSW,RS,TOR,1421.0,,52,35,17
199703150GSW,RS,TOR,1452.0,,54,35,19
199703150GSW,RS,TOR,1467.0,,54,38,16
199703150GSW,RS,TOR,1489.0,,56,38,18
199703150GSW,RS,TOR,1515.0,,58,38,20
199703150GSW,RS,TOR,1576.0,,58,41,17
199703150GSW,RS,TOR,1595.0,,60,41,19
199703150GSW,RS,TOR,1595.0,,61,41,20
199703150GSW,RS,TOR,1627.0,,64,41,23
199703150GSW,RS,TOR,1651.0,,64,43,21
199703150GSW,RS,TOR,1662.0,,66,43,23
199703150GSW,RS,TOR,1679.0,,66,46,20
199703150GSW,RS,TOR,1706.0,,69,46,23
199703150GSW,RS,TOR,1732.0,,69,48,21
199703150GSW,RS,TOR,1761.0,,69,50,19
199703150GSW,RS,TOR,1782.0,,71,50,21
199703150GSW,RS,TOR,1813.0,,73,50,23
199703150GSW,RS,TOR,1828.0,,73,53,20
199703150GSW,RS,TOR,1843.0,,75,53,22
199703150GSW,RS,TOR,1867.0,,75,56,19
199703150GSW,RS,TOR,1885.0,,78,56,22
199703150GSW,RS,TOR,1931.0,,80,56,24
199703150GSW,RS,TOR,2027.0,,82,56,26
199703150GSW,RS,TOR,2047.0,,82,58,24
199703150GSW,RS,TOR,2135.0,,82,60,22
199703150GSW,RS,TOR,2205.0,,83,60,23
199703150GSW,RS,TOR,2205.0,,84,60,24
199703150GSW,RS,TOR,2274.0,,84,61,23
199703150GSW,RS,TOR,2274.0,,84,62,22
199703150GSW,RS,TOR,2295.0,,84,64,20
199703150GSW,RS,TOR,2314.0,,86,64,22
199703150GSW,RS,TOR,2333.0,,86,67,19
199703150GSW,RS,TOR,2370.0,,88,67,21
199703150GSW,RS,TOR,2383.0,,88,70,18
199703150GSW,RS,TOR,2394.0,,90,70,20
199703150GSW,RS,TOR,2407.0,,90,72,18
199703150GSW,RS,TOR,2422.0,,92,72,20
199703150GSW,RS,TOR,2438.0,,92,75,17
199703150GSW,RS,TOR,2470.0,,92,77,15
199703150GSW,RS,TOR,2499.0,,92,79,13
199703150GSW,RS,TOR,2531.0,,92,81,11
199703150GSW,RS,TOR,2585.0,,92,83,9
199703150GSW,RS,TOR,2648.0,,94,83,11
199703150GSW,RS,TOR,2662.0,,94,85,9
199703150GSW,RS,TOR,2692.0,,96,85,11
199703150GSW,RS,TOR,2692.0,,97,85,12
199703150GSW,RS,TOR,2730.0,,97,86,11
199703150GSW,RS,TOR,2740.0,,98,86,12
199703150GSW,RS,TOR,2752.0,,98,89,9
199703150GSW,RS,TOR,2765.0,,98,90,8
199703150GSW,RS,TOR,2765.0,,98,91,7
199703150GSW,RS,TOR,2765.0,,98,92,6
199703150GSW,RS,TOR,2811.0,,98,94,4
199703150GSW,RS,TOR,2835.0,,99,94,5
199703150GSW,RS,TOR,2835.0,,100,94,6
199703150GSW,RS,TOR,2842.0,,100,95,5
199703150GSW,RS,TOR,2845.0,,101,95,6
199703150GSW,RS,TOR,2845.0,,102,95,7
199703150GSW,RS,TOR,2853.0,,102,97,5
199703150GSW,RS,TOR,2855.0,,103,97,6
199703150GSW,RS,TOR,2864.0,,104,97,7
199703150GSW,RS,TOR,2867.0,,104,99,5
199703150GSW,RS,TOR,2867.0,,104,100,4
199703150GSW,RS,TOR,2879.0,,104,102,2
199703150GSW,RS,TOR,2880.0,,106,102,4
199703150GSW,RS,TOR,2880.0,F,105,102,3
199703170GSW,RS,PHO,0.0,,0,0,0
199703170GSW,RS,PHO,34.0,,0,1,-1
199703170GSW,RS,PHO,57.0,LC,2,1,1
199703170GSW,RS,PHO,71.0,,4,1,3
199703170GSW,RS,PHO,99.0,,4,3,1
199703170GSW,RS,PHO,124.0,LC,4,5,-1
199703170GSW,RS,PHO,161.0,,4,7,-3
199703170GSW,RS,PHO,260.0,,6,7,-1
199703170GSW,RS,PHO,287.0,,6,8,-2
199703170GSW,RS,PHO,287.0,,6,9,-3
199703170GSW,RS,PHO,309.0,,8,9,-1
199703170GSW,RS,PHO,357.0,,8,11,-3
199703170GSW,RS,PHO,370.0,,10,11,-1
199703170GSW,RS,PHO,408.0,LC,12,11,1
199703170GSW,RS,PHO,420.0,T,12,12,0
199703170GSW,RS,PHO,420.0,LC,12,13,-1
199703170GSW,RS,PHO,435.0,LC,14,13,1
199703170GSW,RS,PHO,470.0,,16,13,3
199703170GSW,RS,PHO,500.0,,18,13,5
199703170GSW,RS,PHO,525.0,,18,15,3
199703170GSW,RS,PHO,565.0,,18,17,1
199703170GSW,RS,PHO,590.0,,20,17,3
199703170GSW,RS,PHO,623.0,,22,17,5
199703170GSW,RS,PHO,657.0,,24,17,7
199703170GSW,RS,PHO,683.0,,24,19,5
199703170GSW,RS,PHO,691.0,,26,19,7
199703170GSW,RS,PHO,712.0,,26,20,6
199703170GSW,RS,PHO,731.0,,26,22,4
199703170GSW,RS,PHO,765.0,,26,25,1
199703170GSW,RS,PHO,790.0,LC,26,28,-2
199703170GSW,RS,PHO,810.0,,27,28,-1
199703170GSW,RS,PHO,862.0,,27,31,-4
199703170GSW,RS,PHO,873.0,,29,31,-2
199703170GSW,RS,PHO,910.0,T,31,31,0
199703170GSW,RS,PHO,927.0,,31,34,-3
199703170GSW,RS,PHO,942.0,,33,34,-1
199703170GSW,RS,PHO,954.0,,33,36,-3
199703170GSW,RS,PHO,981.0,,35,36,-1
199703170GSW,RS,PHO,1019.0,,35,38,-3
199703170GSW,RS,PHO,1043.0,,37,38,-1
199703170GSW,RS,PHO,1066.0,,37,40,-3
199703170GSW,RS,PHO,1087.0,,39,40,-1
199703170GSW,RS,PHO,1106.0,,39,41,-2
199703170GSW,RS,PHO,1119.0,T,41,41,0
199703170GSW,RS,PHO,1164.0,LC,43,41,2
199703170GSW,RS,PHO,1182.0,T,43,43,0
199703170GSW,RS,PHO,1196.0,,45,43,2
199703170GSW,RS,PHO,1211.0,T,45,45,0
199703170GSW,RS,PHO,1238.0,,47,45,2
199703170GSW,RS,PHO,1263.0,,49,45,4
199703170GSW,RS,PHO,1291.0,,51,45,6
199703170GSW,RS,PHO,1308.0,,51,48,3
199703170GSW,RS,PHO,1348.0,,53,48,5
199703170GSW,RS,PHO,1376.0,,54,48,6
199703170GSW,RS,PHO,1437.0,,55,48,7
199703170GSW,RS,PHO,1437.0,,56,48,8
199703170GSW,RS,PHO,1455.0,,56,50,6
199703170GSW,RS,PHO,1505.0,,59,50,9
199703170GSW,RS,PHO,1528.0,,59,53,6
199703170GSW,RS,PHO,1547.0,,61,53,8
199703170GSW,RS,PHO,1576.0,,63,53,10
199703170GSW,RS,PHO,1589.0,,63,56,7
199703170GSW,RS,PHO,1606.0,,65,56,9
199703170GSW,RS,PHO,1679.0,,65,57,8
199703170GSW,RS,PHO,1722.0,,65,59,6
199703170GSW,RS,PHO,1748.0,,65,60,5
199703170GSW,RS,PHO,1748.0,,65,61,4
199703170GSW,RS,PHO,1789.0,,67,61,6
199703170GSW,RS,PHO,1803.0,,67,64,3
199703170GSW,RS,PHO,1824.0,,69,64,5
199703170GSW,RS,PHO,1842.0,,69,67,2
199703170GSW,RS,PHO,1859.0,,71,67,4
199703170GSW,RS,PHO,1876.0,,71,69,2
199703170GSW,RS,PHO,1903.0,,71,70,1
199703170GSW,RS,PHO,1922.0,,72,70,2
199703170GSW,RS,PHO,1943.0,,73,70,3
199703170GSW,RS,PHO,1943.0,,74,70,4
199703170GSW,RS,PHO,1956.0,,74,72,2
199703170GSW,RS,PHO,2021.0,T,74,74,0
199703170GSW,RS,PHO,2033.0,,76,74,2
199703170GSW,RS,PHO,2047.0,,76,75,1
199703170GSW,RS,PHO,2059.0,,78,75,3
199703170GSW,RS,PHO,2075.0,,78,77,1
199703170GSW,RS,PHO,2092.0,,80,77,3
199703170GSW,RS,PHO,2115.0,,80,79,1
199703170GSW,RS,PHO,2136.0,,81,79,2
199703170GSW,RS,PHO,2155.0,LC,81,82,-1
199703170GSW,RS,PHO,2169.0,T,82,82,0
199703170GSW,RS,PHO,2203.0,LC,84,82,2
199703170GSW,RS,PHO,2224.0,LC,84,85,-1
199703170GSW,RS,PHO,2320.0,,84,86,-2
199703170GSW,RS,PHO,2320.0,,84,87,-3
199703170GSW,RS,PHO,2343.0,,84,89,-5
199703170GSW,RS,PHO,2368.0,,84,91,-7
199703170GSW,RS,PHO,2388.0,,84,94,-10
199703170GSW,RS,PHO,2424.0,,84,96,-12
199703170GSW,RS,PHO,2451.0,,84,99,-15
199703170GSW,RS,PHO,2477.0,,86,99,-13
199703170GSW,RS,PHO,2477.0,,87,99,-12
199703170GSW,RS,PHO,2529.0,,88,99,-11
199703170GSW,RS,PHO,2529.0,,89,99,-10
199703170GSW,RS,PHO,2569.0,,91,99,-8
199703170GSW,RS,PHO,2593.0,,91,102,-11
199703170GSW,RS,PHO,2635.0,,91,105,-14
199703170GSW,RS,PHO,2652.0,,92,105,-13
199703170GSW,RS,PHO,2652.0,,93,105,-12
199703170GSW,RS,PHO,2671.0,,93,108,-15
199703170GSW,RS,PHO,2796.0,,93,109,-16
199703170GSW,RS,PHO,2796.0,,93,110,-17
199703170GSW,RS,PHO,2812.0,,93,112,-19
199703170GSW,RS,PHO,2828.0,,93,114,-21
199703170GSW,RS,PHO,2855.0,F,95,114,-19
199703170GSW,RS,PHO,2869.0,,95,116,-21
199703190MIA,RS,MIA,0.0,,0,0,0
199703190MIA,RS,MIA,16.0,,2,0,2
199703190MIA,RS,MIA,85.0,T,2,2,0
199703190MIA,RS,MIA,105.0,,4,2,2
199703190MIA,RS,MIA,125.0,,6,2,4
199703190MIA,RS,MIA,162.0,,8,2,6
199703190MIA,RS,MIA,162.0,,9,2,7
199703190MIA,RS,MIA,198.0,,9,3,6
199703190MIA,RS,MIA,198.0,,9,4,5
199703190MIA,RS,MIA,226.0,,11,4,7
199703190MIA,RS,MIA,255.0,,12,4,8
199703190MIA,RS,MIA,255.0,,13,4,9
199703190MIA,RS,MIA,281.0,,15,4,11
199703190MIA,RS,MIA,294.0,,15,6,9
199703190MIA,RS,MIA,307.0,,17,6,11
199703190MIA,RS,MIA,328.0,,17,8,9
199703190MIA,RS,MIA,346.0,,18,8,10
199703190MIA,RS,MIA,346.0,,19,8,11
199703190MIA,RS,MIA,361.0,,19,10,9
199703190MIA,RS,MIA,361.0,,19,11,8
199703190MIA,RS,MIA,373.0,,20,11,9
199703190MIA,RS,MIA,373.0,,21,11,10
199703190MIA,RS,MIA,393.0,,21,13,8
199703190MIA,RS,MIA,412.0,,23,13,10
199703190MIA,RS,MIA,430.0,,23,14,9
199703190MIA,RS,MIA,493.0,,25,14,11
199703190MIA,RS,MIA,527.0,,25,15,10
199703190MIA,RS,MIA,566.0,,25,16,9
199703190MIA,RS,MIA,627.0,,25,18,7
199703190MIA,RS,MIA,688.0,,25,20,5
199703190MIA,RS,MIA,747.0,,28,20,8
199703190MIA,RS,MIA,769.0,,28,23,5
199703190MIA,RS,MIA,828.0,,28,25,3
199703190MIA,RS,MIA,845.0,,30,25,5
199703190MIA,RS,MIA,871.0,,30,26,4
199703190MIA,RS,MIA,871.0,,30,27,3
199703190MIA,RS,MIA,945.0,,31,27,4
199703190MIA,RS,MIA,945.0,,32,27,5
199703190MIA,RS,MIA,957.0,,32,29,3
199703190MIA,RS,MIA,969.0,,34,29,5
199703190MIA,RS,MIA,993.0,,36,29,7
199703190MIA,RS,MIA,1019.0,,36,32,4
199703190MIA,RS,MIA,1035.0,,36,34,2
199703190MIA,RS,MIA,1065.0,,38,34,4
199703190MIA,RS,MIA,1078.0,,38,36,2
199703190MIA,RS,MIA,1094.0,,41,36,5
199703190MIA,RS,MIA,1126.0,,42,36,6
199703190MIA,RS,MIA,1126.0,,43,36,7
199703190MIA,RS,MIA,1200.0,,45,36,9
199703190MIA,RS,MIA,1216.0,,45,38,7
199703190MIA,RS,MIA,1237.0,,45,39,6
199703190MIA,RS,MIA,1237.0,,45,40,5
199703190MIA,RS,MIA,1257.0,,45,42,3
199703190MIA,RS,MIA,1305.0,,45,44,1
199703190MIA,RS,MIA,1359.0,,47,44,3
199703190MIA,RS,MIA,1371.0,,47,45,2
199703190MIA,RS,MIA,1371.0,,47,46,1
199703190MIA,RS,MIA,1440.0,,50,46,4
199703190MIA,RS,MIA,1484.0,,52,46,6
199703190MIA,RS,MIA,1502.0,,52,48,4
199703190MIA,RS,MIA,1526.0,,55,48,7
199703190MIA,RS,MIA,1625.0,,57,48,9
199703190MIA,RS,MIA,1707.0,,57,50,7
199703190MIA,RS,MIA,1735.0,,59,50,9
199703190MIA,RS,MIA,1777.0,,60,50,10
199703190MIA,RS,MIA,1808.0,,61,50,11
199703190MIA,RS,MIA,1808.0,,62,50,12
199703190MIA,RS,MIA,1835.0,,65,50,15
199703190MIA,RS,MIA,1856.0,,65,51,14
199703190MIA,RS,MIA,1951.0,,65,52,13
199703190MIA,RS,MIA,1951.0,,65,53,12
199703190MIA,RS,MIA,1988.0,,67,53,14
199703190MIA,RS,MIA,2048.0,,67,54,13
199703190MIA,RS,MIA,2048.0,,67,55,12
199703190MIA,RS,MIA,2107.0,,67,57,10
199703190MIA,RS,MIA,2126.0,,68,57,11
199703190MIA,RS,MIA,2126.0,,69,57,12
199703190MIA,RS,MIA,2138.0,,69,59,10
199703190MIA,RS,MIA,2179.0,,71,59,12
199703190MIA,RS,MIA,2214.0,,71,61,10
199703190MIA,RS,MIA,2265.0,,71,63,8
199703190MIA,RS,MIA,2302.0,,71,65,6
199703190MIA,RS,MIA,2423.0,,73,65,8
199703190MIA,RS,MIA,2443.0,,73,66,7
199703190MIA,RS,MIA,2494.0,,75,66,9
199703190MIA,RS,MIA,2557.0,,77,66,11
199703190MIA,RS,MIA,2592.0,,78,66,12
199703190MIA,RS,MIA,2605.0,,78,68,10
199703190MIA,RS,MIA,2649.0,,78,70,8
199703190MIA,RS,MIA,2670.0,,78,73,5
199703190MIA,RS,MIA,2690.0,,80,73,7
199703190MIA,RS,MIA,2706.0,,80,75,5
199703190MIA,RS,MIA,2732.0,,82,75,7
199703190MIA,RS,MIA,2732.0,,83,75,8
199703190MIA,RS,MIA,2795.0,,83,78,5
199703190MIA,RS,MIA,2823.0,,84,78,6
199703190MIA,RS,MIA,2836.0,,84,81,3
199703190MIA,RS,MIA,2870.0,T,84,84,0
199703190MIA,RS,MIA,2961.0,LC,84,86,-2
199703190MIA,RS,MIA,2981.0,LC,87,86,1
199703190MIA,RS,MIA,3029.0,,88,86,2
199703190MIA,RS,MIA,3060.0,T,88,88,0
199703190MIA,RS,MIA,3083.0,,89,88,1
199703190MIA,RS,MIA,3101.0,LC,89,90,-1
199703190MIA,RS,MIA,3134.0,,89,92,-3
199703190MIA,RS,MIA,3170.0,,89,93,-4
199703190MIA,RS,MIA,3173.0,,90,93,-3
199703190MIA,RS,MIA,3173.0,F,91,93,-2
199703190MIA,RS,MIA,3180.0,,91,93,-2
199703200ORL,RS,ORL,0.0,,0,0,0
199703200ORL,RS,ORL,12.0,,0,2,-2
199703200ORL,RS,ORL,31.0,T,2,2,0
199703200ORL,RS,ORL,66.0,LC,4,2,2
199703200ORL,RS,ORL,88.0,T,4,4,0
199703200ORL,RS,ORL,102.0,,6,4,2
199703200ORL,RS,ORL,128.0,,7,4,3
199703200ORL,RS,ORL,149.0,T,7,7,0
199703200ORL,RS,ORL,177.0,LC,7,9,-2
199703200ORL,RS,ORL,210.0,,7,11,-4
199703200ORL,RS,ORL,228.0,,9,11,-2
199703200ORL,RS,ORL,245.0,T,11,11,0
199703200ORL,RS,ORL,282.0,LC,13,11,2
199703200ORL,RS,ORL,295.0,T,13,13,0
199703200ORL,RS,ORL,336.0,,15,13,2
199703200ORL,RS,ORL,369.0,,17,13,4
199703200ORL,RS,ORL,392.0,,17,16,1
199703200ORL,RS,ORL,449.0,,20,16,4
199703200ORL,RS,ORL,480.0,,20,19,1
199703200ORL,RS,ORL,518.0,LC,20,21,-1
199703200ORL,RS,ORL,535.0,,20,23,-3
199703200ORL,RS,ORL,558.0,,22,23,-1
199703200ORL,RS,ORL,616.0,,22,25,-3
199703200ORL,RS,ORL,616.0,,22,26,-4
199703200ORL,RS,ORL,648.0,,24,26,-2
199703200ORL,RS,ORL,674.0,,24,28,-4
199703200ORL,RS,ORL,702.0,,24,30,-6
199703200ORL,RS,ORL,720.0,,26,30,-4
199703200ORL,RS,ORL,797.0,,27,30,-3
199703200ORL,RS,ORL,823.0,,27,31,-4
199703200ORL,RS,ORL,845.0,,28,31,-3
199703200ORL,RS,ORL,845.0,,29,31,-2
199703200ORL,RS,ORL,916.0,,29,32,-3
199703200ORL,RS,ORL,916.0,,29,33,-4
199703200ORL,RS,ORL,932.0,,31,33,-2
199703200ORL,RS,ORL,947.0,T,33,33,0
199703200ORL,RS,ORL,992.0,LC,35,33,2
199703200ORL,RS,ORL,1015.0,T,35,35,0
199703200ORL,RS,ORL,1036.0,,37,35,2
199703200ORL,RS,ORL,1075.0,,37,36,1
199703200ORL,RS,ORL,1075.0,T,37,37,0
199703200ORL,RS,ORL,1093.0,LC,37,38,-1
199703200ORL,RS,ORL,1126.0,LC,39,38,1
199703200ORL,RS,ORL,1140.0,LC,39,41,-2
199703200ORL,RS,ORL,1156.0,T,41,41,0
199703200ORL,RS,ORL,1192.0,LC,42,41,1
199703200ORL,RS,ORL,1192.0,,43,41,2
199703200ORL,RS,ORL,1205.0,,43,42,1
199703200ORL,RS,ORL,1205.0,T,43,43,0
199703200ORL,RS,ORL,1219.0,,45,43,2
199703200ORL,RS,ORL,1233.0,,45,44,1
199703200ORL,RS,ORL,1251.0,,47,44,3
199703200ORL,RS,ORL,1291.0,,49,44,5
199703200ORL,RS,ORL,1291.0,,50,44,6
199703200ORL,RS,ORL,1305.0,,50,45,5
199703200ORL,RS,ORL,1357.0,,52,45,7
199703200ORL,RS,ORL,1395.0,,54,45,9
199703200ORL,RS,ORL,1435.0,,55,45,10
199703200ORL,RS,ORL,1435.0,,56,45,11
199703200ORL,RS,ORL,1455.0,,58,45,13
199703200ORL,RS,ORL,1480.0,,58,47,11
199703200ORL,RS,ORL,1504.0,,58,49,9
199703200ORL,RS,ORL,1504.0,,58,50,8
199703200ORL,RS,ORL,1520.0,,60,50,10
199703200ORL,RS,ORL,1539.0,,60,51,9
199703200ORL,RS,ORL,1539.0,,60,52,8
199703200ORL,RS,ORL,1553.0,,63,52,11
199703200ORL,RS,ORL,1570.0,,63,54,9
199703200ORL,RS,ORL,1598.0,,63,57,6
199703200ORL,RS,ORL,1661.0,,63,60,3
199703200ORL,RS,ORL,1679.0,,64,60,4
199703200ORL,RS,ORL,1679.0,,65,60,5
199703200ORL,RS,ORL,1695.0,,65,63,2
199703200ORL,RS,ORL,1715.0,,68,63,5
199703200ORL,RS,ORL,1753.0,,70,63,7
199703200ORL,RS,ORL,1768.0,,70,64,6
199703200ORL,RS,ORL,1824.0,,70,65,5
199703200ORL,RS,ORL,1824.0,,70,66,4
199703200ORL,RS,ORL,1924.0,,70,68,2
199703200ORL,RS,ORL,1972.0,,71,68,3
199703200ORL,RS,ORL,1973.0,,73,68,5
199703200ORL,RS,ORL,1998.0,,73,71,2
199703200ORL,RS,ORL,2035.0,T,73,73,0
199703200ORL,RS,ORL,2076.0,,75,73,2
199703200ORL,RS,ORL,2156.0,T,75,75,0
199703200ORL,RS,ORL,2174.0,LC,75,77,-2
199703200ORL,RS,ORL,2209.0,,75,80,-5
199703200ORL,RS,ORL,2225.0,,77,80,-3
199703200ORL,RS,ORL,2265.0,,78,80,-2
199703200ORL,RS,ORL,2265.0,,79,80,-1
199703200ORL,RS,ORL,2283.0,,79,82,-3
199703200ORL,RS,ORL,2341.0,,80,82,-2
199703200ORL,RS,ORL,2362.0,T,82,82,0
199703200ORL,RS,ORL,2384.0,,82,85,-3
199703200ORL,RS,ORL,2403.0,,84,85,-1
199703200ORL,RS,ORL,2474.0,T,85,85,0
199703200ORL,RS,ORL,2474.0,LC,86,85,1
199703200ORL,RS,ORL,2489.0,LC,86,87,-1
199703200ORL,RS,ORL,2515.0,LC,88,87,1
199703200ORL,RS,ORL,2588.0,,91,87,4
199703200ORL,RS,ORL,2607.0,,91,90,1
199703200ORL,RS,ORL,2662.0,,93,90,3
199703200ORL,RS,ORL,2664.0,,93,91,2
199703200ORL,RS,ORL,2691.0,T,93,93,0
199703200ORL,RS,ORL,2749.0,,95,93,2
199703200ORL,RS,ORL,2788.0,T,95,95,0
199703200ORL,RS,ORL,2855.0,LC,95,98,-3
199703200ORL,RS,ORL,2865.0,,95,99,-4
199703200ORL,RS,ORL,2865.0,F,95,100,-5
199703200ORL,RS,ORL,2871.0,,95,100,-5
199703220CHH,RS,CHH,0.0,,0,0,0
199703220CHH,RS,CHH,10.0,,0,2,-2
199703220CHH,RS,CHH,10.0,,0,3,-3
199703220CHH,RS,CHH,37.0,,0,5,-5
199703220CHH,RS,CHH,83.0,,2,5,-3
199703220CHH,RS,CHH,83.0,,3,5,-2
199703220CHH,RS,CHH,102.0,,3,8,-5
199703220CHH,RS,CHH,150.0,,3,11,-8
199703220CHH,RS,CHH,179.0,,3,14,-11
199703220CHH,RS,CHH,219.0,,5,14,-9
199703220CHH,RS,CHH,234.0,,5,15,-10
199703220CHH,RS,CHH,244.0,,7,15,-8
199703220CHH,RS,CHH,353.0,,7,17,-10
199703220CHH,RS,CHH,375.0,,9,17,-8
199703220CHH,RS,CHH,381.0,,9,19,-10
199703220CHH,RS,CHH,400.0,,11,19,-8
199703220CHH,RS,CHH,433.0,,11,21,-10
199703220CHH,RS,CHH,469.0,,11,23,-12
199703220CHH,RS,CHH,507.0,,13,23,-10
199703220CHH,RS,CHH,542.0,,14,23,-9
199703220CHH,RS,CHH,542.0,,15,23,-8
199703220CHH,RS,CHH,570.0,,15,24,-9
199703220CHH,RS,CHH,609.0,,18,24,-6
199703220CHH,RS,CHH,661.0,,18,25,-7
199703220CHH,RS,CHH,661.0,,18,26,-8
199703220CHH,RS,CHH,674.0,,19,26,-7
199703220CHH,RS,CHH,674.0,,20,26,-6
199703220CHH,RS,CHH,742.0,,23,26,-3
199703220CHH,RS,CHH,782.0,,23,28,-5
199703220CHH,RS,CHH,796.0,,24,28,-4
199703220CHH,RS,CHH,796.0,,25,28,-3
199703220CHH,RS,CHH,807.0,,25,29,-4
199703220CHH,RS,CHH,807.0,,25,30,-5
199703220CHH,RS,CHH,831.0,,27,30,-3
199703220CHH,RS,CHH,1012.0,,27,32,-5
199703220CHH,RS,CHH,1102.0,,29,32,-3
199703220CHH,RS,CHH,1200.0,,29,34,-5
199703220CHH,RS,CHH,1229.0,,29,37,-8
199703220CHH,RS,CHH,1263.0,,29,39,-10
199703220CHH,RS,CHH,1287.0,,31,39,-8
199703220CHH,RS,CHH,1305.0,,31,42,-11
199703220CHH,RS,CHH,1324.0,,32,42,-10
199703220CHH,RS,CHH,1324.0,,33,42,-9
199703220CHH,RS,CHH,1334.0,,33,44,-11
199703220CHH,RS,CHH,1358.0,,35,44,-9
199703220CHH,RS,CHH,1402.0,,35,47,-12
199703220CHH,RS,CHH,1418.0,,37,47,-10
199703220CHH,RS,CHH,1437.0,,37,48,-11
199703220CHH,RS,CHH,1437.0,,37,49,-12
199703220CHH,RS,CHH,1460.0,,39,49,-10
199703220CHH,RS,CHH,1501.0,,41,49,-8
199703220CHH,RS,CHH,1569.0,,41,50,-9
199703220CHH,RS,CHH,1569.0,,41,51,-10
199703220CHH,RS,CHH,1581.0,,42,51,-9
199703220CHH,RS,CHH,1581.0,,43,51,-8
199703220CHH,RS,CHH,1614.0,,45,51,-6
199703220CHH,RS,CHH,1676.0,,47,51,-4
199703220CHH,RS,CHH,1699.0,,47,52,-5
199703220CHH,RS,CHH,1699.0,,47,53,-6
199703220CHH,RS,CHH,1730.0,,47,56,-9
199703220CHH,RS,CHH,1746.0,,49,56,-7
199703220CHH,RS,CHH,1782.0,,49,58,-9
199703220CHH,RS,CHH,1826.0,,52,58,-6
199703220CHH,RS,CHH,1845.0,,52,61,-9
199703220CHH,RS,CHH,1867.0,,52,63,-11
199703220CHH,RS,CHH,1900.0,,52,66,-14
199703220CHH,RS,CHH,1923.0,,54,66,-12
199703220CHH,RS,CHH,1950.0,,55,66,-11
199703220CHH,RS,CHH,1950.0,,56,66,-10
199703220CHH,RS,CHH,1990.0,,59,66,-7
199703220CHH,RS,CHH,2023.0,,61,66,-5
199703220CHH,RS,CHH,2032.0,,61,68,-7
199703220CHH,RS,CHH,2055.0,,63,68,-5
199703220CHH,RS,CHH,2083.0,,63,70,-7
199703220CHH,RS,CHH,2110.0,,65,70,-5
199703220CHH,RS,CHH,2136.0,,65,72,-7
199703220CHH,RS,CHH,2156.0,,66,72,-6
199703220CHH,RS,CHH,2156.0,,67,72,-5
199703220CHH,RS,CHH,2201.0,,69,72,-3
199703220CHH,RS,CHH,2225.0,,71,72,-1
199703220CHH,RS,CHH,2276.0,,71,74,-3
199703220CHH,RS,CHH,2295.0,,73,74,-1
199703220CHH,RS,CHH,2295.0,T,74,74,0
199703220CHH,RS,CHH,2330.0,,74,76,-2
199703220CHH,RS,CHH,2351.0,T,76,76,0
199703220CHH,RS,CHH,2375.0,LC,78,76,2
199703220CHH,RS,CHH,2375.0,,79,76,3
199703220CHH,RS,CHH,2403.0,,81,76,5
199703220CHH,RS,CHH,2430.0,,81,78,3
199703220CHH,RS,CHH,2502.0,,81,80,1
199703220CHH,RS,CHH,2532.0,,82,80,2
199703220CHH,RS,CHH,2560.0,,82,81,1
199703220CHH,RS,CHH,2560.0,T,82,82,0
199703220CHH,RS,CHH,2588.0,LC,82,84,-2
199703220CHH,RS,CHH,2611.0,,83,84,-1
199703220CHH,RS,CHH,2654.0,,83,86,-3
199703220CHH,RS,CHH,2674.0,,85,86,-1
199703220CHH,RS,CHH,2738.0,,85,87,-2
199703220CHH,RS,CHH,2811.0,,85,89,-4
199703220CHH,RS,CHH,2837.0,,87,89,-2
199703220CHH,RS,CHH,2880.0,T,89,89,0
199703220CHH,RS,CHH,2939.0,,89,91,-2
199703220CHH,RS,CHH,3006.0,T,91,91,0
199703220CHH,RS,CHH,3031.0,,91,93,-2
199703220CHH,RS,CHH,3088.0,,91,95,-4
199703220CHH,RS,CHH,3111.0,,91,97,-6
199703220CHH,RS,CHH,3125.0,,93,97,-4
199703220CHH,RS,CHH,3139.0,,93,99,-6
199703220CHH,RS,CHH,3154.0,F,93,100,-7
199703220CHH,RS,CHH,3175.0,,93,100,-7
199703250GSW,RS,SEA,0.0,,0,0,0
199703250GSW,RS,SEA,22.0,,0,3,-3
199703250GSW,RS,SEA,71.0,,2,3,-1
199703250GSW,RS,SEA,114.0,,2,6,-4
199703250GSW,RS,SEA,151.0,,4,6,-2
199703250GSW,RS,SEA,168.0,,4,9,-5
199703250GSW,RS,SEA,187.0,,6,9,-3
199703250GSW,RS,SEA,207.0,,6,11,-5
199703250GSW,RS,SEA,222.0,,8,11,-3
199703250GSW,RS,SEA,284.0,,8,13,-5
199703250GSW,RS,SEA,336.0,,8,15,-7
199703250GSW,RS,SEA,357.0,,8,17,-9
199703250GSW,RS,SEA,369.0,,9,17,-8
199703250GSW,RS,SEA,369.0,,10,17,-7
199703250GSW,RS,SEA,381.0,,10,18,-8
199703250GSW,RS,SEA,381.0,,10,19,-9
199703250GSW,RS,SEA,419.0,,13,19,-6
199703250GSW,RS,SEA,431.0,,13,21,-8
199703250GSW,RS,SEA,431.0,,13,22,-9
199703250GSW,RS,SEA,449.0,,14,22,-8
199703250GSW,RS,SEA,467.0,,14,24,-10
199703250GSW,RS,SEA,494.0,,16,24,-8
199703250GSW,RS,SEA,521.0,,16,26,-10
199703250GSW,RS,SEA,554.0,,16,29,-13
199703250GSW,RS,SEA,554.0,,16,30,-14
199703250GSW,RS,SEA,573.0,,16,32,-16
199703250GSW,RS,SEA,583.0,,18,32,-14
199703250GSW,RS,SEA,610.0,,20,32,-12
199703250GSW,RS,SEA,614.0,,20,33,-13
199703250GSW,RS,SEA,656.0,,20,35,-15
199703250GSW,RS,SEA,656.0,,20,36,-16
199703250GSW,RS,SEA,692.0,,20,38,-18
199703250GSW,RS,SEA,735.0,,20,41,-21
199703250GSW,RS,SEA,772.0,,20,43,-23
199703250GSW,RS,SEA,793.0,,22,43,-21
199703250GSW,RS,SEA,815.0,,22,45,-23
199703250GSW,RS,SEA,842.0,,22,47,-25
199703250GSW,RS,SEA,842.0,,22,48,-26
199703250GSW,RS,SEA,887.0,,24,48,-24
199703250GSW,RS,SEA,956.0,,24,49,-25
199703250GSW,RS,SEA,956.0,,24,50,-26
199703250GSW,RS,SEA,974.0,,24,51,-27
199703250GSW,RS,SEA,974.0,,24,52,-28
199703250GSW,RS,SEA,1012.0,,27,52,-25
199703250GSW,RS,SEA,1020.0,,27,54,-27
199703250GSW,RS,SEA,1031.0,,28,54,-26
199703250GSW,RS,SEA,1043.0,,28,56,-28
199703250GSW,RS,SEA,1105.0,,29,56,-27
199703250GSW,RS,SEA,1105.0,,30,56,-26
199703250GSW,RS,SEA,1154.0,,31,56,-25
199703250GSW,RS,SEA,1183.0,,31,57,-26
199703250GSW,RS,SEA,1189.0,,32,57,-25
199703250GSW,RS,SEA,1189.0,,33,57,-24
199703250GSW,RS,SEA,1230.0,,35,57,-22
199703250GSW,RS,SEA,1249.0,,35,59,-24
199703250GSW,RS,SEA,1284.0,,35,61,-26
199703250GSW,RS,SEA,1296.0,,36,61,-25
199703250GSW,RS,SEA,1296.0,,37,61,-24
199703250GSW,RS,SEA,1316.0,,39,61,-22
199703250GSW,RS,SEA,1330.0,,39,64,-25
199703250GSW,RS,SEA,1346.0,,39,66,-27
199703250GSW,RS,SEA,1373.0,,39,69,-30
199703250GSW,RS,SEA,1407.0,,39,71,-32
199703250GSW,RS,SEA,1440.0,,39,73,-34
199703250GSW,RS,SEA,1464.0,,39,76,-37
199703250GSW,RS,SEA,1534.0,,41,76,-35
199703250GSW,RS,SEA,1544.0,,41,77,-36
199703250GSW,RS,SEA,1617.0,,41,79,-38
199703250GSW,RS,SEA,1629.0,,44,79,-35
199703250GSW,RS,SEA,1637.0,,44,81,-37
199703250GSW,RS,SEA,1658.0,,46,81,-35
199703250GSW,RS,SEA,1714.0,,46,83,-37
199703250GSW,RS,SEA,1750.0,,46,85,-39
199703250GSW,RS,SEA,1766.0,,48,85,-37
199703250GSW,RS,SEA,1796.0,,50,85,-35
199703250GSW,RS,SEA,1832.0,,51,85,-34
199703250GSW,RS,SEA,1832.0,,52,85,-33
199703250GSW,RS,SEA,1847.0,,52,87,-35
199703250GSW,RS,SEA,1918.0,,53,87,-34
199703250GSW,RS,SEA,1954.0,,53,89,-36
199703250GSW,RS,SEA,1973.0,,55,89,-34
199703250GSW,RS,SEA,1988.0,,55,91,-36
199703250GSW,RS,SEA,2049.0,,55,93,-38
199703250GSW,RS,SEA,2072.0,,56,93,-37
199703250GSW,RS,SEA,2072.0,,57,93,-36
199703250GSW,RS,SEA,2091.0,,57,96,-39
199703250GSW,RS,SEA,2104.0,,59,96,-37
199703250GSW,RS,SEA,2132.0,,59,98,-39
199703250GSW,RS,SEA,2132.0,,59,99,-40
199703250GSW,RS,SEA,2149.0,,59,101,-42
199703250GSW,RS,SEA,2160.0,,61,101,-40
199703250GSW,RS,SEA,2178.0,,62,101,-39
199703250GSW,RS,SEA,2178.0,,63,101,-38
199703250GSW,RS,SEA,2220.0,,65,101,-36
199703250GSW,RS,SEA,2259.0,,67,101,-34
199703250GSW,RS,SEA,2282.0,,67,103,-36
199703250GSW,RS,SEA,2307.0,,70,103,-33
199703250GSW,RS,SEA,2329.0,,72,103,-31
199703250GSW,RS,SEA,2400.0,,72,105,-33
199703250GSW,RS,SEA,2420.0,,72,106,-34
199703250GSW,RS,SEA,2471.0,,74,106,-32
199703250GSW,RS,SEA,2487.0,,74,108,-34
199703250GSW,RS,SEA,2488.0,,75,108,-33
199703250GSW,RS,SEA,2507.0,,75,109,-34
199703250GSW,RS,SEA,2507.0,,75,110,-35
199703250GSW,RS,SEA,2528.0,,77,110,-33
199703250GSW,RS,SEA,2562.0,,77,111,-34
199703250GSW,RS,SEA,2562.0,,77,112,-35
199703250GSW,RS,SEA,2574.0,,78,112,-34
199703250GSW,RS,SEA,2620.0,,80,112,-32
199703250GSW,RS,SEA,2636.0,,80,114,-34
199703250GSW,RS,SEA,2707.0,,82,114,-32
199703250GSW,RS,SEA,2739.0,,82,116,-34
199703250GSW,RS,SEA,2762.0,,82,118,-36
199703250GSW,RS,SEA,2778.0,,83,118,-35
199703250GSW,RS,SEA,2787.0,,83,119,-36
199703250GSW,RS,SEA,2787.0,,83,120,-37
199703250GSW,RS,SEA,2797.0,,84,120,-36
199703250GSW,RS,SEA,2822.0,,86,120,-34
199703250GSW,RS,SEA,2825.0,,86,122,-36
199703250GSW,RS,SEA,2825.0,,86,123,-37
199703250GSW,RS,SEA,2850.0,,88,123,-35
199703250GSW,RS,SEA,2850.0,F,89,123,-34
199703250GSW,RS,SEA,2873.0,,89,126,-37
199703280PHO,RS,PHO,0.0,,0,0,0
199703280PHO,RS,PHO,20.0,,2,0,2
199703280PHO,RS,PHO,35.0,,2,1,1
199703280PHO,RS,PHO,35.0,T,2,2,0
199703280PHO,RS,PHO,59.0,LC,2,4,-2
199703280PHO,RS,PHO,114.0,,2,6,-4
199703280PHO,RS,PHO,152.0,,2,8,-6
199703280PHO,RS,PHO,162.0,,4,8,-4
199703280PHO,RS,PHO,181.0,,4,10,-6
199703280PHO,RS,PHO,257.0,,4,11,-7
199703280PHO,RS,PHO,257.0,,4,12,-8
199703280PHO,RS,PHO,297.0,,6,12,-6
199703280PHO,RS,PHO,320.0,,8,12,-4
199703280PHO,RS,PHO,411.0,,10,12,-2
199703280PHO,RS,PHO,437.0,,11,12,-1
199703280PHO,RS,PHO,437.0,T,12,12,0
199703280PHO,RS,PHO,452.0,,12,14,-2
199703280PHO,RS,PHO,466.0,T,14,14,0
199703280PHO,RS,PHO,484.0,,14,15,-1
199703280PHO,RS,PHO,494.0,LC,16,15,1
199703280PHO,RS,PHO,529.0,,18,15,3
199703280PHO,RS,PHO,548.0,,20,15,5
199703280PHO,RS,PHO,548.0,,21,15,6
199703280PHO,RS,PHO,560.0,,21,17,4
199703280PHO,RS,PHO,560.0,,21,18,3
199703280PHO,RS,PHO,621.0,,22,18,4
199703280PHO,RS,PHO,621.0,,23,18,5
199703280PHO,RS,PHO,636.0,,23,19,4
199703280PHO,RS,PHO,636.0,,23,20,3
199703280PHO,RS,PHO,696.0,,24,20,4
199703280PHO,RS,PHO,696.0,,25,20,5
199703280PHO,RS,PHO,718.0,,25,21,4
199703280PHO,RS,PHO,718.0,,25,22,3
199703280PHO,RS,PHO,739.0,,26,22,4
199703280PHO,RS,PHO,755.0,,28,22,6
199703280PHO,RS,PHO,788.0,,30,22,8
199703280PHO,RS,PHO,821.0,,30,24,6
199703280PHO,RS,PHO,846.0,,32,24,8
199703280PHO,RS,PHO,860.0,,32,26,6
199703280PHO,RS,PHO,919.0,,32,28,4
199703280PHO,RS,PHO,935.0,,34,28,6
199703280PHO,RS,PHO,989.0,,34,29,5
199703280PHO,RS,PHO,989.0,,34,30,4
199703280PHO,RS,PHO,1023.0,,37,30,7
199703280PHO,RS,PHO,1043.0,,37,32,5
199703280PHO,RS,PHO,1057.0,,39,32,7
199703280PHO,RS,PHO,1114.0,,39,34,5
199703280PHO,RS,PHO,1130.0,,40,34,6
199703280PHO,RS,PHO,1135.0,,42,34,8
199703280PHO,RS,PHO,1151.0,,42,36,6
199703280PHO,RS,PHO,1151.0,,42,37,5
199703280PHO,RS,PHO,1174.0,,42,40,2
199703280PHO,RS,PHO,1193.0,,45,40,5
199703280PHO,RS,PHO,1213.0,,45,41,4
199703280PHO,RS,PHO,1213.0,,45,42,3
199703280PHO,RS,PHO,1228.0,,48,42,6
199703280PHO,RS,PHO,1263.0,,48,44,4
199703280PHO,RS,PHO,1282.0,,50,44,6
199703280PHO,RS,PHO,1302.0,,50,46,4
199703280PHO,RS,PHO,1321.0,,51,46,5
199703280PHO,RS,PHO,1321.0,,52,46,6
199703280PHO,RS,PHO,1331.0,,52,48,4
199703280PHO,RS,PHO,1365.0,,52,49,3
199703280PHO,RS,PHO,1377.0,,54,49,5
199703280PHO,RS,PHO,1406.0,,54,51,3
199703280PHO,RS,PHO,1406.0,,54,52,2
199703280PHO,RS,PHO,1455.0,,55,52,3
199703280PHO,RS,PHO,1466.0,,55,54,1
199703280PHO,RS,PHO,1524.0,,57,54,3
199703280PHO,RS,PHO,1558.0,,59,54,5
199703280PHO,RS,PHO,1590.0,,62,54,8
199703280PHO,RS,PHO,1608.0,,62,55,7
199703280PHO,RS,PHO,1629.0,,64,55,9
199703280PHO,RS,PHO,1644.0,,64,57,7
199703280PHO,RS,PHO,1665.0,,64,58,6
199703280PHO,RS,PHO,1665.0,,64,59,5
199703280PHO,RS,PHO,1676.0,,66,59,7
199703280PHO,RS,PHO,1676.0,,67,59,8
199703280PHO,RS,PHO,1692.0,,67,61,6
199703280PHO,RS,PHO,1704.0,,69,61,8
199703280PHO,RS,PHO,1756.0,,70,61,9
199703280PHO,RS,PHO,1769.0,,70,62,8
199703280PHO,RS,PHO,1784.0,,72,62,10
199703280PHO,RS,PHO,1808.0,,74,62,12
199703280PHO,RS,PHO,1831.0,,74,64,10
199703280PHO,RS,PHO,1854.0,,76,64,12
199703280PHO,RS,PHO,1876.0,,76,67,9
199703280PHO,RS,PHO,1904.0,,76,69,7
199703280PHO,RS,PHO,1929.0,,78,69,9
199703280PHO,RS,PHO,1951.0,,78,71,7
199703280PHO,RS,PHO,1971.0,,80,71,9
199703280PHO,RS,PHO,1999.0,,80,74,6
199703280PHO,RS,PHO,2025.0,,82,74,8
199703280PHO,RS,PHO,2103.0,,85,74,11
199703280PHO,RS,PHO,2121.0,,85,76,9
199703280PHO,RS,PHO,2133.0,,86,76,10
199703280PHO,RS,PHO,2157.0,,86,77,9
199703280PHO,RS,PHO,2157.0,,86,78,8
199703280PHO,RS,PHO,2173.0,,86,81,5
199703280PHO,RS,PHO,2190.0,,88,81,7
199703280PHO,RS,PHO,2215.0,,88,84,4
199703280PHO,RS,PHO,2232.0,,88,87,1
199703280PHO,RS,PHO,2262.0,LC,88,89,-1
199703280PHO,RS,PHO,2278.0,,88,90,-2
199703280PHO,RS,PHO,2278.0,,88,91,-3
199703280PHO,RS,PHO,2300.0,,90,91,-1
199703280PHO,RS,PHO,2340.0,,90,93,-3
199703280PHO,RS,PHO,2364.0,,90,94,-4
199703280PHO,RS,PHO,2364.0,,90,95,-5
199703280PHO,RS,PHO,2413.0,,90,98,-8
199703280PHO,RS,PHO,2440.0,,90,100,-10
199703280PHO,RS,PHO,2463.0,,93,100,-7
199703280PHO,RS,PHO,2489.0,,96,100,-4
199703280PHO,RS,PHO,2568.0,,99,100,-1
199703280PHO,RS,PHO,2590.0,,99,102,-3
199703280PHO,RS,PHO,2645.0,,101,102,-1
199703280PHO,RS,PHO,2677.0,LC,103,102,1
199703280PHO,RS,PHO,2699.0,LC,103,104,-1
199703280PHO,RS,PHO,2759.0,LC,105,104,1
199703280PHO,RS,PHO,2846.0,,107,104,3
199703280PHO,RS,PHO,2855.0,,108,104,4
199703280PHO,RS,PHO,2862.0,,108,107,1
199703280PHO,RS,PHO,2865.0,,109,107,2
199703280PHO,RS,PHO,2865.0,,110,107,3
199703280PHO,RS,PHO,2872.0,T,110,110,0
199703280PHO,RS,PHO,2922.0,,111,110,1
199703280PHO,RS,PHO,2935.0,LC,111,112,-1
199703280PHO,RS,PHO,2935.0,,111,113,-2
199703280PHO,RS,PHO,2958.0,T,113,113,0
199703280PHO,RS,PHO,3007.0,,113,114,-1
199703280PHO,RS,PHO,3007.0,,113,115,-2
199703280PHO,RS,PHO,3026.0,,114,115,-1
199703280PHO,RS,PHO,3045.0,T,115,115,0
199703280PHO,RS,PHO,3062.0,,115,117,-2
199703280PHO,RS,PHO,3101.0,,115,120,-5
199703280PHO,RS,PHO,3176.0,,115,121,-6
199703280PHO,RS,PHO,3176.0,F,115,122,-7
199703280PHO,RS,PHO,3180.0,,115,122,-7
199703300GSW,RS,MIN,0.0,,0,0,0
199703300GSW,RS,MIN,20.0,,0,2,-2
199703300GSW,RS,MIN,49.0,T,2,2,0
199703300GSW,RS,MIN,62.0,,2,4,-2
199703300GSW,RS,MIN,82.0,T,4,4,0
199703300GSW,RS,MIN,114.0,,4,6,-2
199703300GSW,RS,MIN,124.0,,5,6,-1
199703300GSW,RS,MIN,124.0,T,6,6,0
199703300GSW,RS,MIN,177.0,,6,8,-2
199703300GSW,RS,MIN,213.0,,6,10,-4
199703300GSW,RS,MIN,255.0,,6,12,-6
199703300GSW,RS,MIN,264.0,,8,12,-4
199703300GSW,RS,MIN,312.0,,8,15,-7
199703300GSW,RS,MIN,326.0,,10,15,-5
199703300GSW,RS,MIN,344.0,,10,17,-7
199703300GSW,RS,MIN,370.0,,10,18,-8
199703300GSW,RS,MIN,370.0,,10,19,-9
199703300GSW,RS,MIN,381.0,,12,19,-7
199703300GSW,RS,MIN,417.0,,14,19,-5
199703300GSW,RS,MIN,417.0,,15,19,-4
199703300GSW,RS,MIN,435.0,,15,21,-6
199703300GSW,RS,MIN,446.0,,17,21,-4
199703300GSW,RS,MIN,470.0,,17,23,-6
199703300GSW,RS,MIN,508.0,,17,25,-8
199703300GSW,RS,MIN,520.0,,19,25,-6
199703300GSW,RS,MIN,535.0,,19,27,-8
199703300GSW,RS,MIN,583.0,,21,27,-6
199703300GSW,RS,MIN,599.0,,21,29,-8
199703300GSW,RS,MIN,624.0,,21,31,-10
199703300GSW,RS,MIN,640.0,,23,31,-8
199703300GSW,RS,MIN,668.0,,24,31,-7
199703300GSW,RS,MIN,668.0,,25,31,-6
199703300GSW,RS,MIN,713.0,,27,31,-4
199703300GSW,RS,MIN,796.0,,29,31,-2
199703300GSW,RS,MIN,864.0,,29,33,-4
199703300GSW,RS,MIN,881.0,,32,33,-1
199703300GSW,RS,MIN,903.0,,32,34,-2
199703300GSW,RS,MIN,903.0,,32,35,-3
199703300GSW,RS,MIN,951.0,,32,37,-5
199703300GSW,RS,MIN,975.0,,32,39,-7
199703300GSW,RS,MIN,1001.0,,34,39,-5
199703300GSW,RS,MIN,1018.0,,34,41,-7
199703300GSW,RS,MIN,1066.0,,34,43,-9
199703300GSW,RS,MIN,1066.0,,34,44,-10
199703300GSW,RS,MIN,1098.0,,34,46,-12
199703300GSW,RS,MIN,1109.0,,36,46,-10
199703300GSW,RS,MIN,1142.0,,38,46,-8
199703300GSW,RS,MIN,1190.0,,38,47,-9
199703300GSW,RS,MIN,1190.0,,38,48,-10
199703300GSW,RS,MIN,1205.0,,40,48,-8
199703300GSW,RS,MIN,1242.0,,40,50,-10
199703300GSW,RS,MIN,1334.0,,42,50,-8
199703300GSW,RS,MIN,1389.0,,42,52,-10
199703300GSW,RS,MIN,1455.0,,44,52,-8
199703300GSW,RS,MIN,1489.0,,44,54,-10
199703300GSW,RS,MIN,1523.0,,44,56,-12
199703300GSW,RS,MIN,1560.0,,44,58,-14
199703300GSW,RS,MIN,1594.0,,46,58,-12
199703300GSW,RS,MIN,1611.0,,46,60,-14
199703300GSW,RS,MIN,1647.0,,47,60,-13
199703300GSW,RS,MIN,1647.0,,48,60,-12
199703300GSW,RS,MIN,1656.0,,48,62,-14
199703300GSW,RS,MIN,1684.0,,48,64,-16
199703300GSW,RS,MIN,1725.0,,51,64,-13
199703300GSW,RS,MIN,1751.0,,51,66,-15
199703300GSW,RS,MIN,1766.0,,51,67,-16
199703300GSW,RS,MIN,1766.0,,51,68,-17
199703300GSW,RS,MIN,1794.0,,53,68,-15
199703300GSW,RS,MIN,1817.0,,53,70,-17
199703300GSW,RS,MIN,1844.0,,56,70,-14
199703300GSW,RS,MIN,1860.0,,56,71,-15
199703300GSW,RS,MIN,1882.0,,56,73,-17
199703300GSW,RS,MIN,1882.0,,56,74,-18
199703300GSW,RS,MIN,1894.0,,58,74,-16
199703300GSW,RS,MIN,1942.0,,58,75,-17
199703300GSW,RS,MIN,1942.0,,58,76,-18
199703300GSW,RS,MIN,1955.0,,59,76,-17
199703300GSW,RS,MIN,1971.0,,59,79,-20
199703300GSW,RS,MIN,1985.0,,61,79,-18
199703300GSW,RS,MIN,2008.0,,61,82,-21
199703300GSW,RS,MIN,2054.0,,61,83,-22
199703300GSW,RS,MIN,2073.0,,63,83,-20
199703300GSW,RS,MIN,2114.0,,64,83,-19
199703300GSW,RS,MIN,2114.0,,65,83,-18
199703300GSW,RS,MIN,2137.0,,67,83,-16
199703300GSW,RS,MIN,2212.0,,67,85,-18
199703300GSW,RS,MIN,2230.0,,69,85,-16
199703300GSW,RS,MIN,2254.0,,69,87,-18
199703300GSW,RS,MIN,2284.0,,69,89,-20
199703300GSW,RS,MIN,2333.0,,71,89,-18
199703300GSW,RS,MIN,2333.0,,72,89,-17
199703300GSW,RS,MIN,2339.0,,73,89,-16
199703300GSW,RS,MIN,2339.0,,74,89,-15
199703300GSW,RS,MIN,2366.0,,76,89,-13
199703300GSW,RS,MIN,2393.0,,78,89,-11
199703300GSW,RS,MIN,2417.0,,78,91,-13
199703300GSW,RS,MIN,2450.0,,80,91,-11
199703300GSW,RS,MIN,2492.0,,83,91,-8
199703300GSW,RS,MIN,2563.0,,84,91,-7
199703300GSW,RS,MIN,2563.0,,85,91,-6
199703300GSW,RS,MIN,2578.0,,85,93,-8
199703300GSW,RS,MIN,2625.0,,85,95,-10
199703300GSW,RS,MIN,2644.0,,86,95,-9
199703300GSW,RS,MIN,2663.0,,86,96,-10
199703300GSW,RS,MIN,2663.0,,86,97,-11
199703300GSW,RS,MIN,2675.0,,87,97,-10
199703300GSW,RS,MIN,2694.0,,87,98,-11
199703300GSW,RS,MIN,2757.0,,87,99,-12
199703300GSW,RS,MIN,2768.0,,90,99,-9
199703300GSW,RS,MIN,2770.0,,90,100,-10
199703300GSW,RS,MIN,2785.0,,92,100,-8
199703300GSW,RS,MIN,2794.0,,92,102,-10
199703300GSW,RS,MIN,2807.0,,92,104,-12
199703300GSW,RS,MIN,2818.0,,95,104,-9
199703300GSW,RS,MIN,2820.0,,96,104,-8
199703300GSW,RS,MIN,2820.0,,97,104,-7
199703300GSW,RS,MIN,2821.0,,97,105,-8
199703300GSW,RS,MIN,2831.0,,99,105,-6
199703300GSW,RS,MIN,2832.0,,99,106,-7
199703300GSW,RS,MIN,2832.0,,99,107,-8
199703300GSW,RS,MIN,2841.0,,102,107,-5
199703300GSW,RS,MIN,2841.0,,102,108,-6
199703300GSW,RS,MIN,2841.0,,102,109,-7
199703300GSW,RS,MIN,2857.0,,102,111,-9
199703300GSW,RS,MIN,2871.0,F,102,113,-11
199703300GSW,RS,MIN,2880.0,,102,113,-11
199704010POR,RS,POR,0.0,,0,0,0
199704010POR,RS,POR,24.0,,0,2,-2
199704010POR,RS,POR,71.0,T,2,2,0
199704010POR,RS,POR,100.0,,2,4,-2
199704010POR,RS,POR,121.0,,2,7,-5
199704010POR,RS,POR,154.0,,2,10,-8
199704010POR,RS,POR,178.0,,4,10,-6
199704010POR,RS,POR,203.0,,7,10,-3
199704010POR,RS,POR,266.0,,9,10,-1
199704010POR,RS,POR,310.0,LC,11,10,1
199704010POR,RS,POR,346.0,LC,11,12,-1
199704010POR,RS,POR,383.0,LC,13,12,1
199704010POR,RS,POR,399.0,LC,13,14,-1
199704010POR,RS,POR,418.0,LC,15,14,1
199704010POR,RS,POR,426.0,LC,15,16,-1
199704010POR,RS,POR,426.0,,15,17,-2
199704010POR,RS,POR,439.0,T,17,17,0
199704010POR,RS,POR,484.0,,17,18,-1
199704010POR,RS,POR,484.0,,17,19,-2
199704010POR,RS,POR,510.0,T,19,19,0
199704010POR,RS,POR,536.0,LC,20,19,1
199704010POR,RS,POR,536.0,,21,19,2
199704010POR,RS,POR,536.0,,22,19,3
199704010POR,RS,POR,551.0,,22,21,1
199704010POR,RS,POR,566.0,,24,21,3
199704010POR,RS,POR,578.0,T,24,24,0
199704010POR,RS,POR,590.0,,26,24,2
199704010POR,RS,POR,620.0,T,26,26,0
199704010POR,RS,POR,633.0,,28,26,2
199704010POR,RS,POR,654.0,T,28,28,0
199704010POR,RS,POR,677.0,LC,28,30,-2
199704010POR,RS,POR,697.0,,28,32,-4
199704010POR,RS,POR,776.0,,30,32,-2
199704010POR,RS,POR,806.0,,30,33,-3
199704010POR,RS,POR,827.0,T,33,33,0
199704010POR,RS,POR,944.0,,33,34,-1
199704010POR,RS,POR,964.0,,33,36,-3
199704010POR,RS,POR,994.0,,33,38,-5
199704010POR,RS,POR,1035.0,,36,38,-2
199704010POR,RS,POR,1049.0,,36,39,-3
199704010POR,RS,POR,1082.0,,37,39,-2
199704010POR,RS,POR,1131.0,T,39,39,0
199704010POR,RS,POR,1151.0,,39,41,-2
199704010POR,RS,POR,1175.0,T,41,41,0
199704010POR,RS,POR,1199.0,,41,43,-2
199704010POR,RS,POR,1211.0,,42,43,-1
199704010POR,RS,POR,1211.0,T,43,43,0
199704010POR,RS,POR,1254.0,,43,44,-1
199704010POR,RS,POR,1254.0,,43,45,-2
199704010POR,RS,POR,1276.0,,44,45,-1
199704010POR,RS,POR,1276.0,T,45,45,0
199704010POR,RS,POR,1276.0,LC,46,45,1
199704010POR,RS,POR,1289.0,LC,46,47,-1
199704010POR,RS,POR,1348.0,LC,48,47,1
199704010POR,RS,POR,1362.0,LC,48,49,-1
199704010POR,RS,POR,1385.0,LC,50,49,1
199704010POR,RS,POR,1488.0,T,50,50,0
199704010POR,RS,POR,1488.0,LC,50,51,-1
199704010POR,RS,POR,1501.0,LC,53,51,2
199704010POR,RS,POR,1621.0,,55,51,4
199704010POR,RS,POR,1646.0,,57,51,6
199704010POR,RS,POR,1668.0,,57,53,4
199704010POR,RS,POR,1704.0,,57,55,2
199704010POR,RS,POR,1725.0,,58,55,3
199704010POR,RS,POR,1725.0,,59,55,4
199704010POR,RS,POR,1725.0,,60,55,5
199704010POR,RS,POR,1728.0,,61,55,6
199704010POR,RS,POR,1748.0,,61,57,4
199704010POR,RS,POR,1860.0,,63,57,6
199704010POR,RS,POR,1893.0,,65,57,8
199704010POR,RS,POR,1984.0,,65,59,6
199704010POR,RS,POR,2014.0,,67,59,8
199704010POR,RS,POR,2053.0,,69,59,10
199704010POR,RS,POR,2078.0,,71,59,12
199704010POR,RS,POR,2103.0,,71,60,11
199704010POR,RS,POR,2103.0,,71,61,10
199704010POR,RS,POR,2125.0,,71,63,8
199704010POR,RS,POR,2147.0,,73,63,10
199704010POR,RS,POR,2182.0,,73,64,9
199704010POR,RS,POR,2182.0,,73,65,8
199704010POR,RS,POR,2203.0,,76,65,11
199704010POR,RS,POR,2249.0,,76,67,9
199704010POR,RS,POR,2268.0,,77,67,10
199704010POR,RS,POR,2308.0,,78,67,11
199704010POR,RS,POR,2308.0,,79,67,12
199704010POR,RS,POR,2347.0,,82,67,15
199704010POR,RS,POR,2412.0,,82,70,12
199704010POR,RS,POR,2531.0,,84,70,14
199704010POR,RS,POR,2602.0,,85,70,15
199704010POR,RS,POR,2658.0,,86,70,16
199704010POR,RS,POR,2673.0,,86,72,14
199704010POR,RS,POR,2706.0,,87,72,15
199704010POR,RS,POR,2706.0,,88,72,16
199704010POR,RS,POR,2715.0,,88,73,15
199704010POR,RS,POR,2726.0,,89,73,16
199704010POR,RS,POR,2726.0,,90,73,17
199704010POR,RS,POR,2743.0,,90,75,15
199704010POR,RS,POR,2780.0,,90,76,14
199704010POR,RS,POR,2782.0,,90,78,12
199704010POR,RS,POR,2791.0,,91,78,13
199704010POR,RS,POR,2806.0,F,91,80,11
199704010POR,RS,POR,2873.0,,91,82,9
199704030GSW,RS,DAL,0.0,,0,0,0
199704030GSW,RS,DAL,23.0,,0,2,-2
199704030GSW,RS,DAL,84.0,,1,2,-1
199704030GSW,RS,DAL,84.0,T,2,2,0
199704030GSW,RS,DAL,106.0,LC,4,2,2
199704030GSW,RS,DAL,133.0,T,4,4,0
199704030GSW,RS,DAL,133.0,LC,4,5,-1
199704030GSW,RS,DAL,155.0,T,5,5,0
199704030GSW,RS,DAL,175.0,,5,8,-3
199704030GSW,RS,DAL,188.0,,6,8,-2
199704030GSW,RS,DAL,229.0,LC,9,8,1
199704030GSW,RS,DAL,278.0,,10,8,2
199704030GSW,RS,DAL,278.0,,11,8,3
199704030GSW,RS,DAL,300.0,,13,8,5
199704030GSW,RS,DAL,316.0,,13,11,2
199704030GSW,RS,DAL,352.0,,15,11,4
199704030GSW,RS,DAL,382.0,,15,13,2
199704030GSW,RS,DAL,410.0,,17,13,4
199704030GSW,RS,DAL,427.0,,17,15,2
199704030GSW,RS,DAL,442.0,,19,15,4
199704030GSW,RS,DAL,454.0,,19,18,1
199704030GSW,RS,DAL,501.0,,20,18,2
199704030GSW,RS,DAL,501.0,,21,18,3
199704030GSW,RS,DAL,550.0,,23,18,5
199704030GSW,RS,DAL,575.0,,25,18,7
199704030GSW,RS,DAL,607.0,,27,18,9
199704030GSW,RS,DAL,665.0,,27,19,8
199704030GSW,RS,DAL,665.0,,27,20,7
199704030GSW,RS,DAL,718.0,,27,21,6
199704030GSW,RS,DAL,718.0,,27,22,5
199704030GSW,RS,DAL,734.0,,27,23,4
199704030GSW,RS,DAL,734.0,,27,24,3
199704030GSW,RS,DAL,775.0,,29,24,5
199704030GSW,RS,DAL,794.0,,29,27,2
199704030GSW,RS,DAL,810.0,,31,27,4
199704030GSW,RS,DAL,821.0,,31,29,2
199704030GSW,RS,DAL,835.0,,33,29,4
199704030GSW,RS,DAL,849.0,,33,31,2
199704030GSW,RS,DAL,907.0,,34,31,3
199704030GSW,RS,DAL,928.0,,34,33,1
199704030GSW,RS,DAL,990.0,,35,33,2
199704030GSW,RS,DAL,1019.0,,37,33,4
199704030GSW,RS,DAL,1048.0,,38,33,5
199704030GSW,RS,DAL,1048.0,,39,33,6
199704030GSW,RS,DAL,1061.0,,39,35,4
199704030GSW,RS,DAL,1098.0,,39,36,3
199704030GSW,RS,DAL,1116.0,,42,36,6
199704030GSW,RS,DAL,1132.0,,42,38,4
199704030GSW,RS,DAL,1132.0,,42,39,3
199704030GSW,RS,DAL,1183.0,T,42,42,0
199704030GSW,RS,DAL,1198.0,,43,42,1
199704030GSW,RS,DAL,1198.0,,44,42,2
199704030GSW,RS,DAL,1215.0,T,44,44,0
199704030GSW,RS,DAL,1258.0,LC,44,46,-2
199704030GSW,RS,DAL,1303.0,,44,48,-4
199704030GSW,RS,DAL,1315.0,,46,48,-2
199704030GSW,RS,DAL,1365.0,,46,49,-3
199704030GSW,RS,DAL,1383.0,,47,49,-2
199704030GSW,RS,DAL,1383.0,,48,49,-1
199704030GSW,RS,DAL,1414.0,LC,50,49,1
199704030GSW,RS,DAL,1461.0,,52,49,3
199704030GSW,RS,DAL,1483.0,T,52,52,0
199704030GSW,RS,DAL,1507.0,,54,52,2
199704030GSW,RS,DAL,1530.0,T,54,54,0
199704030GSW,RS,DAL,1543.0,,56,54,2
199704030GSW,RS,DAL,1665.0,,58,54,4
199704030GSW,RS,DAL,1717.0,,59,54,5
199704030GSW,RS,DAL,1743.0,,61,54,7
199704030GSW,RS,DAL,1787.0,,64,54,10
199704030GSW,RS,DAL,1812.0,,66,54,12
199704030GSW,RS,DAL,1896.0,,66,56,10
199704030GSW,RS,DAL,1918.0,,68,56,12
199704030GSW,RS,DAL,1929.0,,68,58,10
199704030GSW,RS,DAL,1948.0,,70,58,12
199704030GSW,RS,DAL,1965.0,,70,59,11
199704030GSW,RS,DAL,1965.0,,70,60,10
199704030GSW,RS,DAL,1974.0,,71,60,11
199704030GSW,RS,DAL,1974.0,,72,60,12
199704030GSW,RS,DAL,1995.0,,72,62,10
199704030GSW,RS,DAL,2032.0,,72,64,8
199704030GSW,RS,DAL,2042.0,,74,64,10
199704030GSW,RS,DAL,2070.0,,77,64,13
199704030GSW,RS,DAL,2111.0,,78,64,14
199704030GSW,RS,DAL,2122.0,,78,65,13
199704030GSW,RS,DAL,2122.0,,78,66,12
199704030GSW,RS,DAL,2133.0,,79,66,13
199704030GSW,RS,DAL,2152.0,,79,68,11
199704030GSW,RS,DAL,2173.0,,81,68,13
199704030GSW,RS,DAL,2211.0,,83,68,15
199704030GSW,RS,DAL,2239.0,,85,68,17
199704030GSW,RS,DAL,2252.0,,85,70,15
199704030GSW,RS,DAL,2303.0,,85,71,14
199704030GSW,RS,DAL,2303.0,,85,72,13
199704030GSW,RS,DAL,2323.0,,87,72,15
199704030GSW,RS,DAL,2347.0,,87,75,12
199704030GSW,RS,DAL,2389.0,,89,75,14
199704030GSW,RS,DAL,2414.0,,89,77,12
199704030GSW,RS,DAL,2467.0,,91,77,14
199704030GSW,RS,DAL,2487.0,,91,78,13
199704030GSW,RS,DAL,2508.0,,93,78,15
199704030GSW,RS,DAL,2546.0,,95,78,17
199704030GSW,RS,DAL,2551.0,,95,80,15
199704030GSW,RS,DAL,2567.0,,97,80,17
199704030GSW,RS,DAL,2657.0,,99,80,19
199704030GSW,RS,DAL,2703.0,,99,83,16
199704030GSW,RS,DAL,2734.0,,101,83,18
199704030GSW,RS,DAL,2751.0,,101,85,16
199704030GSW,RS,DAL,2777.0,,101,88,13
199704030GSW,RS,DAL,2781.0,,102,88,14
199704030GSW,RS,DAL,2781.0,,103,88,15
199704030GSW,RS,DAL,2844.0,,106,88,18
199704030GSW,RS,DAL,2858.0,F,106,90,16
199704030GSW,RS,DAL,2880.0,,106,90,16
199704050GSW,RS,SAS,0.0,,0,0,0
199704050GSW,RS,SAS,14.0,,2,0,2
199704050GSW,RS,SAS,41.0,,5,0,5
199704050GSW,RS,SAS,76.0,,8,0,8
199704050GSW,RS,SAS,101.0,,8,2,6
199704050GSW,RS,SAS,116.0,,10,2,8
199704050GSW,RS,SAS,124.0,,10,3,7
199704050GSW,RS,SAS,124.0,,10,4,6
199704050GSW,RS,SAS,147.0,,10,6,4
199704050GSW,RS,SAS,165.0,,12,6,6
199704050GSW,RS,SAS,165.0,,13,6,7
199704050GSW,RS,SAS,178.0,,13,8,5
199704050GSW,RS,SAS,178.0,,13,9,4
199704050GSW,RS,SAS,192.0,,15,9,6
199704050GSW,RS,SAS,199.0,,15,11,4
199704050GSW,RS,SAS,211.0,,17,11,6
199704050GSW,RS,SAS,243.0,,19,11,8
199704050GSW,RS,SAS,263.0,,19,13,6
199704050GSW,RS,SAS,288.0,,21,13,8
199704050GSW,RS,SAS,314.0,,23,13,10
199704050GSW,RS,SAS,356.0,,23,15,8
199704050GSW,RS,SAS,373.0,,26,15,11
199704050GSW,RS,SAS,412.0,,27,15,12
199704050GSW,RS,SAS,427.0,,27,17,10
199704050GSW,RS,SAS,488.0,,27,19,8
199704050GSW,RS,SAS,537.0,,27,21,6
199704050GSW,RS,SAS,556.0,,28,21,7
199704050GSW,RS,SAS,556.0,,29,21,8
199704050GSW,RS,SAS,568.0,,29,24,5
199704050GSW,RS,SAS,586.0,,31,24,7
199704050GSW,RS,SAS,601.0,,31,26,5
199704050GSW,RS,SAS,627.0,,31,28,3
199704050GSW,RS,SAS,643.0,,34,28,6
199704050GSW,RS,SAS,681.0,,34,30,4
199704050GSW,RS,SAS,716.0,,34,32,2
199704050GSW,RS,SAS,793.0,T,34,34,0
199704050GSW,RS,SAS,823.0,LC,34,36,-2
199704050GSW,RS,SAS,842.0,LC,37,36,1
199704050GSW,RS,SAS,860.0,LC,37,38,-1
199704050GSW,RS,SAS,897.0,,37,40,-3
199704050GSW,RS,SAS,897.0,,37,41,-4
199704050GSW,RS,SAS,912.0,,39,41,-2
199704050GSW,RS,SAS,923.0,T,41,41,0
199704050GSW,RS,SAS,934.0,,41,43,-2
199704050GSW,RS,SAS,953.0,T,43,43,0
199704050GSW,RS,SAS,983.0,LC,45,43,2
199704050GSW,RS,SAS,995.0,,45,44,1
199704050GSW,RS,SAS,1009.0,,47,44,3
199704050GSW,RS,SAS,1021.0,,47,46,1
199704050GSW,RS,SAS,1021.0,T,47,47,0
199704050GSW,RS,SAS,1047.0,LC,47,49,-2
199704050GSW,RS,SAS,1058.0,,48,49,-1
199704050GSW,RS,SAS,1087.0,,48,51,-3
199704050GSW,RS,SAS,1107.0,T,51,51,0
199704050GSW,RS,SAS,1124.0,,51,53,-2
199704050GSW,RS,SAS,1137.0,T,53,53,0
199704050GSW,RS,SAS,1157.0,,53,55,-2
199704050GSW,RS,SAS,1177.0,LC,56,55,1
199704050GSW,RS,SAS,1210.0,LC,56,57,-1
199704050GSW,RS,SAS,1228.0,T,57,57,0
199704050GSW,RS,SAS,1228.0,LC,58,57,1
199704050GSW,RS,SAS,1245.0,LC,58,59,-1
199704050GSW,RS,SAS,1257.0,T,59,59,0
199704050GSW,RS,SAS,1257.0,LC,60,59,1
199704050GSW,RS,SAS,1284.0,,63,59,4
199704050GSW,RS,SAS,1316.0,,65,59,6
199704050GSW,RS,SAS,1347.0,,65,61,4
199704050GSW,RS,SAS,1389.0,,67,61,6
199704050GSW,RS,SAS,1410.0,,69,61,8
199704050GSW,RS,SAS,1473.0,,69,63,6
199704050GSW,RS,SAS,1533.0,,71,63,8
199704050GSW,RS,SAS,1586.0,,71,65,6
199704050GSW,RS,SAS,1602.0,,73,65,8
199704050GSW,RS,SAS,1625.0,,73,67,6
199704050GSW,RS,SAS,1653.0,,73,69,4
199704050GSW,RS,SAS,1675.0,,75,69,6
199704050GSW,RS,SAS,1714.0,,77,69,8
199704050GSW,RS,SAS,1744.0,,79,69,10
199704050GSW,RS,SAS,1766.0,,79,71,8
199704050GSW,RS,SAS,1781.0,,81,71,10
199704050GSW,RS,SAS,1798.0,,81,73,8
199704050GSW,RS,SAS,1811.0,,82,73,9
199704050GSW,RS,SAS,1839.0,,83,73,10
199704050GSW,RS,SAS,1853.0,,83,75,8
199704050GSW,RS,SAS,1894.0,,83,77,6
199704050GSW,RS,SAS,1919.0,,85,77,8
199704050GSW,RS,SAS,1951.0,,87,77,10
199704050GSW,RS,SAS,1992.0,,87,80,7
199704050GSW,RS,SAS,2009.0,,88,80,8
199704050GSW,RS,SAS,2009.0,,89,80,9
199704050GSW,RS,SAS,2024.0,,91,80,11
199704050GSW,RS,SAS,2042.0,,91,82,9
199704050GSW,RS,SAS,2095.0,,93,82,11
199704050GSW,RS,SAS,2119.0,,95,82,13
199704050GSW,RS,SAS,2129.0,,95,83,12
199704050GSW,RS,SAS,2129.0,,95,84,11
199704050GSW,RS,SAS,2188.0,,97,84,13
199704050GSW,RS,SAS,2281.0,,97,86,11
199704050GSW,RS,SAS,2303.0,,99,86,13
199704050GSW,RS,SAS,2326.0,,101,86,15
199704050GSW,RS,SAS,2347.0,,101,88,13
199704050GSW,RS,SAS,2363.0,,103,88,15
199704050GSW,RS,SAS,2379.0,,104,88,16
199704050GSW,RS,SAS,2392.0,,104,89,15
199704050GSW,RS,SAS,2392.0,,104,90,14
199704050GSW,RS,SAS,2407.0,,106,90,16
199704050GSW,RS,SAS,2428.0,,108,90,18
199704050GSW,RS,SAS,2466.0,,110,90,20
199704050GSW,RS,SAS,2515.0,,110,93,17
199704050GSW,RS,SAS,2537.0,,112,93,19
199704050GSW,RS,SAS,2566.0,,112,94,18
199704050GSW,RS,SAS,2566.0,,112,95,17
199704050GSW,RS,SAS,2583.0,,113,95,18
199704050GSW,RS,SAS,2583.0,,114,95,19
199704050GSW,RS,SAS,2605.0,,114,97,17
199704050GSW,RS,SAS,2617.0,,115,97,18
199704050GSW,RS,SAS,2617.0,,116,97,19
199704050GSW,RS,SAS,2711.0,,118,97,21
199704050GSW,RS,SAS,2750.0,,118,99,19
199704050GSW,RS,SAS,2774.0,,118,101,17
199704050GSW,RS,SAS,2846.0,,120,101,19
199704050GSW,RS,SAS,2870.0,F,120,103,17
199704050GSW,RS,SAS,2880.0,,120,103,17
199704060GSW,RS,UTA,0.0,,0,0,0
199704060GSW,RS,UTA,22.0,,2,0,2
199704060GSW,RS,UTA,42.0,T,2,2,0
199704060GSW,RS,UTA,76.0,LC,2,4,-2
199704060GSW,RS,UTA,129.0,T,4,4,0
199704060GSW,RS,UTA,165.0,LC,5,4,1
199704060GSW,RS,UTA,165.0,,6,4,2
199704060GSW,RS,UTA,208.0,T,6,6,0
199704060GSW,RS,UTA,226.0,,8,6,2
199704060GSW,RS,UTA,246.0,T,8,8,0
199704060GSW,RS,UTA,269.0,LC,8,10,-2
199704060GSW,RS,UTA,286.0,T,10,10,0
199704060GSW,RS,UTA,286.0,LC,11,10,1
199704060GSW,RS,UTA,309.0,T,11,11,0
199704060GSW,RS,UTA,309.0,LC,11,12,-1
199704060GSW,RS,UTA,324.0,LC,14,12,2
199704060GSW,RS,UTA,342.0,T,14,14,0
199704060GSW,RS,UTA,355.0,,16,14,2
199704060GSW,RS,UTA,373.0,T,16,16,0
199704060GSW,RS,UTA,396.0,,19,16,3
199704060GSW,RS,UTA,422.0,,19,18,1
199704060GSW,RS,UTA,439.0,LC,19,20,-1
199704060GSW,RS,UTA,459.0,T,20,20,0
199704060GSW,RS,UTA,476.0,,20,22,-2
199704060GSW,RS,UTA,520.0,,20,24,-4
199704060GSW,RS,UTA,547.0,,22,24,-2
199704060GSW,RS,UTA,578.0,T,24,24,0
199704060GSW,RS,UTA,600.0,,24,26,-2
199704060GSW,RS,UTA,633.0,,24,28,-4
199704060GSW,RS,UTA,686.0,,24,30,-6
199704060GSW,RS,UTA,686.0,,24,31,-7
199704060GSW,RS,UTA,708.0,,24,33,-9
199704060GSW,RS,UTA,728.0,,24,35,-11
199704060GSW,RS,UTA,755.0,,27,35,-8
199704060GSW,RS,UTA,770.0,,27,37,-10
199704060GSW,RS,UTA,788.0,,29,37,-8
199704060GSW,RS,UTA,801.0,,29,39,-10
199704060GSW,RS,UTA,812.0,,31,39,-8
199704060GSW,RS,UTA,830.0,,31,41,-10
199704060GSW,RS,UTA,842.0,,32,41,-9
199704060GSW,RS,UTA,855.0,,32,43,-11
199704060GSW,RS,UTA,895.0,,32,46,-14
199704060GSW,RS,UTA,965.0,,32,47,-15
199704060GSW,RS,UTA,984.0,,32,49,-17
199704060GSW,RS,UTA,1010.0,,33,49,-16
199704060GSW,RS,UTA,1026.0,,33,51,-18
199704060GSW,RS,UTA,1047.0,,35,51,-16
199704060GSW,RS,UTA,1054.0,,35,52,-17
199704060GSW,RS,UTA,1054.0,,35,53,-18
199704060GSW,RS,UTA,1071.0,,35,55,-20
199704060GSW,RS,UTA,1120.0,,35,57,-22
199704060GSW,RS,UTA,1134.0,,36,57,-21
199704060GSW,RS,UTA,1148.0,,37,57,-20
199704060GSW,RS,UTA,1161.0,,37,59,-22
199704060GSW,RS,UTA,1170.0,,38,59,-21
199704060GSW,RS,UTA,1170.0,,39,59,-20
199704060GSW,RS,UTA,1186.0,,39,61,-22
199704060GSW,RS,UTA,1199.0,,41,61,-20
199704060GSW,RS,UTA,1221.0,,43,61,-18
199704060GSW,RS,UTA,1256.0,,43,64,-21
199704060GSW,RS,UTA,1276.0,,45,64,-19
199704060GSW,RS,UTA,1302.0,,46,64,-18
199704060GSW,RS,UTA,1302.0,,47,64,-17
199704060GSW,RS,UTA,1340.0,,47,66,-19
199704060GSW,RS,UTA,1361.0,,49,66,-17
199704060GSW,RS,UTA,1374.0,,49,67,-18
199704060GSW,RS,UTA,1388.0,,51,67,-16
199704060GSW,RS,UTA,1402.0,,53,67,-14
199704060GSW,RS,UTA,1478.0,,55,67,-12
199704060GSW,RS,UTA,1549.0,,55,69,-14
199704060GSW,RS,UTA,1574.0,,56,69,-13
199704060GSW,RS,UTA,1574.0,,57,69,-12
199704060GSW,RS,UTA,1601.0,,57,70,-13
199704060GSW,RS,UTA,1601.0,,57,71,-14
199704060GSW,RS,UTA,1630.0,,57,72,-15
199704060GSW,RS,UTA,1630.0,,57,73,-16
199704060GSW,RS,UTA,1644.0,,57,74,-17
199704060GSW,RS,UTA,1655.0,,59,74,-15
199704060GSW,RS,UTA,1666.0,,59,76,-17
199704060GSW,RS,UTA,1680.0,,60,76,-16
199704060GSW,RS,UTA,1775.0,,60,77,-17
199704060GSW,RS,UTA,1775.0,,60,78,-18
199704060GSW,RS,UTA,1800.0,,60,80,-20
199704060GSW,RS,UTA,1831.0,,60,82,-22
199704060GSW,RS,UTA,1852.0,,63,82,-19
199704060GSW,RS,UTA,1869.0,,63,83,-20
199704060GSW,RS,UTA,1869.0,,63,84,-21
199704060GSW,RS,UTA,1889.0,,63,85,-22
199704060GSW,RS,UTA,1909.0,,63,87,-24
199704060GSW,RS,UTA,1930.0,,63,89,-26
199704060GSW,RS,UTA,1952.0,,65,89,-24
199704060GSW,RS,UTA,1983.0,,67,89,-22
199704060GSW,RS,UTA,2003.0,,67,90,-23
199704060GSW,RS,UTA,2038.0,,69,90,-21
199704060GSW,RS,UTA,2059.0,,69,92,-23
199704060GSW,RS,UTA,2105.0,,70,92,-22
199704060GSW,RS,UTA,2105.0,,71,92,-21
199704060GSW,RS,UTA,2116.0,,71,94,-23
199704060GSW,RS,UTA,2146.0,,71,96,-25
199704060GSW,RS,UTA,2158.0,,72,96,-24
199704060GSW,RS,UTA,2158.0,,73,96,-23
199704060GSW,RS,UTA,2174.0,,75,96,-21
199704060GSW,RS,UTA,2190.0,,75,98,-23
199704060GSW,RS,UTA,2218.0,,75,100,-25
199704060GSW,RS,UTA,2273.0,,78,100,-22
199704060GSW,RS,UTA,2309.0,,80,100,-20
199704060GSW,RS,UTA,2354.0,,83,100,-17
199704060GSW,RS,UTA,2383.0,,86,100,-14
199704060GSW,RS,UTA,2441.0,,86,101,-15
199704060GSW,RS,UTA,2480.0,,88,101,-13
199704060GSW,RS,UTA,2493.0,,88,102,-14
199704060GSW,RS,UTA,2493.0,,88,103,-15
199704060GSW,RS,UTA,2551.0,,88,104,-16
199704060GSW,RS,UTA,2551.0,,88,105,-17
199704060GSW,RS,UTA,2584.0,,88,107,-19
199704060GSW,RS,UTA,2602.0,,90,107,-17
199704060GSW,RS,UTA,2623.0,,92,107,-15
199704060GSW,RS,UTA,2660.0,,92,108,-16
199704060GSW,RS,UTA,2660.0,,92,109,-17
199704060GSW,RS,UTA,2704.0,,94,109,-15
199704060GSW,RS,UTA,2729.0,,95,109,-14
199704060GSW,RS,UTA,2729.0,,96,109,-13
199704060GSW,RS,UTA,2742.0,,96,110,-14
199704060GSW,RS,UTA,2742.0,,96,111,-15
199704060GSW,RS,UTA,2773.0,,96,113,-17
199704060GSW,RS,UTA,2795.0,,97,113,-16
199704060GSW,RS,UTA,2795.0,,98,113,-15
199704060GSW,RS,UTA,2836.0,F,98,114,-16
199704060GSW,RS,UTA,2860.0,,100,114,-14
199704080GSW,RS,LAL,0.0,,0,0,0
199704080GSW,RS,LAL,79.0,,0,1,-1
199704080GSW,RS,LAL,101.0,LC,2,1,1
199704080GSW,RS,LAL,117.0,LC,2,3,-1
199704080GSW,RS,LAL,140.0,,2,5,-3
199704080GSW,RS,LAL,170.0,,2,7,-5
199704080GSW,RS,LAL,187.0,,4,7,-3
199704080GSW,RS,LAL,269.0,,6,7,-1
199704080GSW,RS,LAL,285.0,,6,8,-2
199704080GSW,RS,LAL,285.0,,6,9,-3
199704080GSW,RS,LAL,295.0,,8,9,-1
199704080GSW,RS,LAL,333.0,,8,11,-3
199704080GSW,RS,LAL,371.0,,8,13,-5
199704080GSW,RS,LAL,393.0,,10,13,-3
199704080GSW,RS,LAL,419.0,,12,13,-1
199704080GSW,RS,LAL,448.0,,12,15,-3
199704080GSW,RS,LAL,497.0,,14,15,-1
199704080GSW,RS,LAL,520.0,,14,18,-4
199704080GSW,RS,LAL,535.0,,15,18,-3
199704080GSW,RS,LAL,548.0,,15,20,-5
199704080GSW,RS,LAL,564.0,,15,23,-8
199704080GSW,RS,LAL,596.0,,15,25,-10
199704080GSW,RS,LAL,622.0,,15,28,-13
199704080GSW,RS,LAL,641.0,,16,28,-12
199704080GSW,RS,LAL,641.0,,17,28,-11
199704080GSW,RS,LAL,681.0,,17,30,-13
199704080GSW,RS,LAL,720.0,,19,30,-11
199704080GSW,RS,LAL,740.0,,19,32,-13
199704080GSW,RS,LAL,784.0,,21,32,-11
199704080GSW,RS,LAL,784.0,,22,32,-10
199704080GSW,RS,LAL,804.0,,22,35,-13
199704080GSW,RS,LAL,838.0,,22,38,-16
199704080GSW,RS,LAL,852.0,,24,38,-14
199704080GSW,RS,LAL,863.0,,24,39,-15
199704080GSW,RS,LAL,863.0,,24,40,-16
199704080GSW,RS,LAL,875.0,,24,41,-17
199704080GSW,RS,LAL,875.0,,24,42,-18
199704080GSW,RS,LAL,952.0,,24,45,-21
199704080GSW,RS,LAL,970.0,,26,45,-19
199704080GSW,RS,LAL,1032.0,,26,46,-20
199704080GSW,RS,LAL,1032.0,,26,47,-21
199704080GSW,RS,LAL,1053.0,,27,47,-20
199704080GSW,RS,LAL,1061.0,,27,49,-22
199704080GSW,RS,LAL,1151.0,,29,49,-20
199704080GSW,RS,LAL,1204.0,,29,51,-22
199704080GSW,RS,LAL,1219.0,,30,51,-21
199704080GSW,RS,LAL,1219.0,,31,51,-20
199704080GSW,RS,LAL,1241.0,,31,53,-22
199704080GSW,RS,LAL,1279.0,,31,55,-24
199704080GSW,RS,LAL,1323.0,,31,58,-27
199704080GSW,RS,LAL,1364.0,,31,59,-28
199704080GSW,RS,LAL,1364.0,,31,60,-29
199704080GSW,RS,LAL,1375.0,,33,60,-27
199704080GSW,RS,LAL,1387.0,,33,63,-30
199704080GSW,RS,LAL,1418.0,,33,65,-32
199704080GSW,RS,LAL,1440.0,,35,65,-30
199704080GSW,RS,LAL,1503.0,,37,65,-28
199704080GSW,RS,LAL,1528.0,,39,65,-26
199704080GSW,RS,LAL,1571.0,,41,65,-24
199704080GSW,RS,LAL,1631.0,,41,66,-25
199704080GSW,RS,LAL,1645.0,,43,66,-23
199704080GSW,RS,LAL,1657.0,,43,68,-25
199704080GSW,RS,LAL,1713.0,,45,68,-23
199704080GSW,RS,LAL,1741.0,,47,68,-21
199704080GSW,RS,LAL,1774.0,,50,68,-18
199704080GSW,RS,LAL,1787.0,,50,70,-20
199704080GSW,RS,LAL,1803.0,,52,70,-18
199704080GSW,RS,LAL,1840.0,,53,70,-17
199704080GSW,RS,LAL,1840.0,,54,70,-16
199704080GSW,RS,LAL,1856.0,,54,72,-18
199704080GSW,RS,LAL,1926.0,,56,72,-16
199704080GSW,RS,LAL,1945.0,,56,74,-18
199704080GSW,RS,LAL,2035.0,,56,77,-21
199704080GSW,RS,LAL,2057.0,,56,79,-23
199704080GSW,RS,LAL,2076.0,,56,80,-24
199704080GSW,RS,LAL,2076.0,,56,81,-25
199704080GSW,RS,LAL,2088.0,,57,81,-24
199704080GSW,RS,LAL,2131.0,,58,81,-23
199704080GSW,RS,LAL,2131.0,,59,81,-22
199704080GSW,RS,LAL,2152.0,,59,83,-24
199704080GSW,RS,LAL,2205.0,,61,83,-22
199704080GSW,RS,LAL,2222.0,,61,84,-23
199704080GSW,RS,LAL,2222.0,,61,85,-24
199704080GSW,RS,LAL,2239.0,,63,85,-22
199704080GSW,RS,LAL,2262.0,,63,87,-24
199704080GSW,RS,LAL,2351.0,,63,88,-25
199704080GSW,RS,LAL,2351.0,,63,89,-26
199704080GSW,RS,LAL,2370.0,,64,89,-25
199704080GSW,RS,LAL,2370.0,,65,89,-24
199704080GSW,RS,LAL,2387.0,,65,91,-26
199704080GSW,RS,LAL,2420.0,,67,91,-24
199704080GSW,RS,LAL,2460.0,,69,91,-22
199704080GSW,RS,LAL,2485.0,,71,91,-20
199704080GSW,RS,LAL,2507.0,,71,93,-22
199704080GSW,RS,LAL,2523.0,,73,93,-20
199704080GSW,RS,LAL,2546.0,,73,94,-21
199704080GSW,RS,LAL,2570.0,,73,96,-23
199704080GSW,RS,LAL,2585.0,,76,96,-20
199704080GSW,RS,LAL,2601.0,,76,99,-23
199704080GSW,RS,LAL,2639.0,,76,100,-24
199704080GSW,RS,LAL,2664.0,,78,100,-22
199704080GSW,RS,LAL,2687.0,,80,100,-20
199704080GSW,RS,LAL,2708.0,,80,102,-22
199704080GSW,RS,LAL,2724.0,,81,102,-21
199704080GSW,RS,LAL,2768.0,,83,102,-19
199704080GSW,RS,LAL,2781.0,,83,104,-21
199704080GSW,RS,LAL,2812.0,,83,107,-24
199704080GSW,RS,LAL,2849.0,F,83,109,-26
199704080GSW,RS,LAL,2858.0,,85,109,-24
199704100GSW,RS,DEN,0.0,,0,0,0
199704100GSW,RS,DEN,25.0,,2,0,2
199704100GSW,RS,DEN,61.0,,3,0,3
199704100GSW,RS,DEN,76.0,T,3,3,0
199704100GSW,RS,DEN,98.0,,6,3,3
199704100GSW,RS,DEN,160.0,,6,5,1
199704100GSW,RS,DEN,178.0,,8,5,3
199704100GSW,RS,DEN,201.0,,9,5,4
199704100GSW,RS,DEN,201.0,,10,5,5
199704100GSW,RS,DEN,213.0,,10,7,3
199704100GSW,RS,DEN,232.0,,12,7,5
199704100GSW,RS,DEN,242.0,,12,9,3
199704100GSW,RS,DEN,263.0,T,12,12,0
199704100GSW,RS,DEN,303.0,,14,12,2
199704100GSW,RS,DEN,317.0,T,14,14,0
199704100GSW,RS,DEN,340.0,,16,14,2
199704100GSW,RS,DEN,361.0,T,16,16,0
199704100GSW,RS,DEN,405.0,LC,16,19,-3
199704100GSW,RS,DEN,428.0,,18,19,-1
199704100GSW,RS,DEN,445.0,LC,20,19,1
199704100GSW,RS,DEN,486.0,,22,19,3
199704100GSW,RS,DEN,518.0,,24,19,5
199704100GSW,RS,DEN,534.0,,24,21,3
199704100GSW,RS,DEN,621.0,,26,21,5
199704100GSW,RS,DEN,642.0,,26,23,3
199704100GSW,RS,DEN,665.0,,28,23,5
199704100GSW,RS,DEN,665.0,,29,23,6
199704100GSW,RS,DEN,708.0,,29,25,4
199704100GSW,RS,DEN,738.0,,29,28,1
199704100GSW,RS,DEN,763.0,,31,28,3
199704100GSW,RS,DEN,782.0,,31,30,1
199704100GSW,RS,DEN,797.0,,33,30,3
199704100GSW,RS,DEN,837.0,,35,30,5
199704100GSW,RS,DEN,854.0,,35,32,3
199704100GSW,RS,DEN,878.0,,37,32,5
199704100GSW,RS,DEN,893.0,,37,33,4
199704100GSW,RS,DEN,965.0,,39,33,6
199704100GSW,RS,DEN,983.0,,39,36,3
199704100GSW,RS,DEN,1026.0,,39,38,1
199704100GSW,RS,DEN,1036.0,,41,38,3
199704100GSW,RS,DEN,1054.0,,41,40,1
199704100GSW,RS,DEN,1067.0,,44,40,4
199704100GSW,RS,DEN,1110.0,,45,40,5
199704100GSW,RS,DEN,1139.0,,47,40,7
199704100GSW,RS,DEN,1229.0,,49,40,9
199704100GSW,RS,DEN,1243.0,,49,41,8
199704100GSW,RS,DEN,1263.0,,51,41,10
199704100GSW,RS,DEN,1277.0,,51,43,8
199704100GSW,RS,DEN,1277.0,,51,44,7
199704100GSW,RS,DEN,1294.0,,54,44,10
199704100GSW,RS,DEN,1320.0,,56,44,12
199704100GSW,RS,DEN,1331.0,,56,46,10
199704100GSW,RS,DEN,1357.0,,56,48,8
199704100GSW,RS,DEN,1379.0,,56,49,7
199704100GSW,RS,DEN,1379.0,,56,50,6
199704100GSW,RS,DEN,1406.0,,56,52,4
199704100GSW,RS,DEN,1457.0,,56,54,2
199704100GSW,RS,DEN,1504.0,T,56,56,0
199704100GSW,RS,DEN,1524.0,,58,56,2
199704100GSW,RS,DEN,1539.0,T,58,58,0
199704100GSW,RS,DEN,1555.0,,59,58,1
199704100GSW,RS,DEN,1561.0,LC,59,61,-2
199704100GSW,RS,DEN,1602.0,T,61,61,0
199704100GSW,RS,DEN,1642.0,,61,63,-2
199704100GSW,RS,DEN,1662.0,,61,65,-4
199704100GSW,RS,DEN,1680.0,,63,65,-2
199704100GSW,RS,DEN,1705.0,T,65,65,0
199704100GSW,RS,DEN,1730.0,LC,66,65,1
199704100GSW,RS,DEN,1747.0,LC,66,67,-1
199704100GSW,RS,DEN,1793.0,,66,69,-3
199704100GSW,RS,DEN,1818.0,,68,69,-1
199704100GSW,RS,DEN,1835.0,,68,71,-3
199704100GSW,RS,DEN,1874.0,,68,73,-5
199704100GSW,RS,DEN,1874.0,,68,74,-6
199704100GSW,RS,DEN,1885.0,,69,74,-5
199704100GSW,RS,DEN,1885.0,,70,74,-4
199704100GSW,RS,DEN,1940.0,,70,76,-6
199704100GSW,RS,DEN,2006.0,,70,78,-8
199704100GSW,RS,DEN,2064.0,,72,78,-6
199704100GSW,RS,DEN,2080.0,,72,80,-8
199704100GSW,RS,DEN,2096.0,,73,80,-7
199704100GSW,RS,DEN,2096.0,,74,80,-6
199704100GSW,RS,DEN,2115.0,,75,80,-5
199704100GSW,RS,DEN,2120.0,,78,80,-2
199704100GSW,RS,DEN,2253.0,,78,82,-4
199704100GSW,RS,DEN,2286.0,,80,82,-2
199704100GSW,RS,DEN,2350.0,,81,82,-1
199704100GSW,RS,DEN,2376.0,,81,84,-3
199704100GSW,RS,DEN,2415.0,,83,84,-1
199704100GSW,RS,DEN,2433.0,,83,87,-4
199704100GSW,RS,DEN,2451.0,,86,87,-1
199704100GSW,RS,DEN,2483.0,LC,88,87,1
199704100GSW,RS,DEN,2506.0,LC,88,90,-2
199704100GSW,RS,DEN,2540.0,,88,91,-3
199704100GSW,RS,DEN,2563.0,,88,93,-5
199704100GSW,RS,DEN,2586.0,,90,93,-3
199704100GSW,RS,DEN,2641.0,T,93,93,0
199704100GSW,RS,DEN,2654.0,,93,94,-1
199704100GSW,RS,DEN,2654.0,,93,95,-2
199704100GSW,RS,DEN,2704.0,LC,96,95,1
199704100GSW,RS,DEN,2811.0,,98,95,3
199704100GSW,RS,DEN,2824.0,,98,96,2
199704100GSW,RS,DEN,2868.0,T,98,98,0
199704100GSW,RS,DEN,2906.0,,99,98,1
199704100GSW,RS,DEN,2906.0,,100,98,2
199704100GSW,RS,DEN,2944.0,,102,98,4
199704100GSW,RS,DEN,2960.0,,102,100,2
199704100GSW,RS,DEN,2999.0,,104,100,4
199704100GSW,RS,DEN,2999.0,,105,100,5
199704100GSW,RS,DEN,3028.0,,107,100,7
199704100GSW,RS,DEN,3057.0,,107,102,5
199704100GSW,RS,DEN,3096.0,,107,104,3
199704100GSW,RS,DEN,3129.0,T,107,107,0
199704100GSW,RS,DEN,3172.0,,108,107,1
199704100GSW,RS,DEN,3172.0,F,109,107,2
199704100GSW,RS,DEN,3180.0,,109,107,2
199704110SAC,RS,SAC,0.0,,0,0,0
199704110SAC,RS,SAC,18.0,,2,0,2
199704110SAC,RS,SAC,69.0,T,2,2,0
199704110SAC,RS,SAC,108.0,LC,2,4,-2
199704110SAC,RS,SAC,135.0,,2,6,-4
199704110SAC,RS,SAC,147.0,,5,6,-1
199704110SAC,RS,SAC,185.0,,5,8,-3
199704110SAC,RS,SAC,236.0,,5,11,-6
199704110SAC,RS,SAC,297.0,,7,11,-4
199704110SAC,RS,SAC,332.0,,9,11,-2
199704110SAC,RS,SAC,352.0,,9,13,-4
199704110SAC,RS,SAC,367.0,,9,15,-6
199704110SAC,RS,SAC,393.0,,11,15,-4
199704110SAC,RS,SAC,423.0,,13,15,-2
199704110SAC,RS,SAC,431.0,,13,17,-4
199704110SAC,RS,SAC,444.0,,15,17,-2
199704110SAC,RS,SAC,463.0,,15,19,-4
199704110SAC,RS,SAC,607.0,,17,19,-2
199704110SAC,RS,SAC,627.0,,17,20,-3
199704110SAC,RS,SAC,627.0,,17,21,-4
199704110SAC,RS,SAC,658.0,,17,22,-5
199704110SAC,RS,SAC,658.0,,17,23,-6
199704110SAC,RS,SAC,684.0,,19,23,-4
199704110SAC,RS,SAC,711.0,,21,23,-2
199704110SAC,RS,SAC,738.0,T,23,23,0
199704110SAC,RS,SAC,761.0,,23,26,-3
199704110SAC,RS,SAC,779.0,,25,26,-1
199704110SAC,RS,SAC,811.0,LC,28,26,2
199704110SAC,RS,SAC,840.0,T,28,28,0
199704110SAC,RS,SAC,908.0,,29,28,1
199704110SAC,RS,SAC,908.0,,30,28,2
199704110SAC,RS,SAC,929.0,,30,29,1
199704110SAC,RS,SAC,929.0,T,30,30,0
199704110SAC,RS,SAC,934.0,,31,30,1
199704110SAC,RS,SAC,934.0,,32,30,2
199704110SAC,RS,SAC,944.0,LC,32,33,-1
199704110SAC,RS,SAC,1012.0,,32,35,-3
199704110SAC,RS,SAC,1027.0,,34,35,-1
199704110SAC,RS,SAC,1046.0,,34,38,-4
199704110SAC,RS,SAC,1060.0,,35,38,-3
199704110SAC,RS,SAC,1060.0,,36,38,-2
199704110SAC,RS,SAC,1092.0,T,38,38,0
199704110SAC,RS,SAC,1119.0,,38,40,-2
199704110SAC,RS,SAC,1142.0,,39,40,-1
199704110SAC,RS,SAC,1142.0,T,40,40,0
199704110SAC,RS,SAC,1179.0,LC,42,40,2
199704110SAC,RS,SAC,1206.0,,43,40,3
199704110SAC,RS,SAC,1206.0,,44,40,4
199704110SAC,RS,SAC,1214.0,,44,42,2
199704110SAC,RS,SAC,1262.0,,45,42,3
199704110SAC,RS,SAC,1283.0,,45,44,1
199704110SAC,RS,SAC,1310.0,LC,45,46,-1
199704110SAC,RS,SAC,1337.0,,45,48,-3
199704110SAC,RS,SAC,1361.0,,47,48,-1
199704110SAC,RS,SAC,1394.0,LC,49,48,1
199704110SAC,RS,SAC,1399.0,T,49,49,0
199704110SAC,RS,SAC,1415.0,LC,49,50,-1
199704110SAC,RS,SAC,1439.0,LC,51,50,1
199704110SAC,RS,SAC,1490.0,,52,50,2
199704110SAC,RS,SAC,1534.0,T,52,52,0
199704110SAC,RS,SAC,1550.0,LC,52,54,-2
199704110SAC,RS,SAC,1569.0,T,54,54,0
199704110SAC,RS,SAC,1587.0,LC,57,54,3
199704110SAC,RS,SAC,1614.0,,57,56,1
199704110SAC,RS,SAC,1658.0,,59,56,3
199704110SAC,RS,SAC,1677.0,,59,58,1
199704110SAC,RS,SAC,1714.0,LC,59,60,-1
199704110SAC,RS,SAC,1731.0,LC,61,60,1
199704110SAC,RS,SAC,1762.0,,63,60,3
199704110SAC,RS,SAC,1779.0,,63,62,1
199704110SAC,RS,SAC,1801.0,LC,63,64,-1
199704110SAC,RS,SAC,1842.0,LC,65,64,1
199704110SAC,RS,SAC,1909.0,LC,65,67,-2
199704110SAC,RS,SAC,1949.0,,65,69,-4
199704110SAC,RS,SAC,1988.0,,65,71,-6
199704110SAC,RS,SAC,2071.0,,65,73,-8
199704110SAC,RS,SAC,2098.0,,65,75,-10
199704110SAC,RS,SAC,2159.0,,65,77,-12
199704110SAC,RS,SAC,2182.0,,66,77,-11
199704110SAC,RS,SAC,2195.0,,66,79,-13
199704110SAC,RS,SAC,2215.0,,67,79,-12
199704110SAC,RS,SAC,2232.0,,68,79,-11
199704110SAC,RS,SAC,2299.0,,71,79,-8
199704110SAC,RS,SAC,2339.0,,72,79,-7
199704110SAC,RS,SAC,2357.0,,72,81,-9
199704110SAC,RS,SAC,2375.0,,72,83,-11
199704110SAC,RS,SAC,2386.0,,73,83,-10
199704110SAC,RS,SAC,2386.0,,74,83,-9
199704110SAC,RS,SAC,2400.0,,74,85,-11
199704110SAC,RS,SAC,2454.0,,74,87,-13
199704110SAC,RS,SAC,2473.0,,77,87,-10
199704110SAC,RS,SAC,2512.0,,77,89,-12
199704110SAC,RS,SAC,2512.0,,77,90,-13
199704110SAC,RS,SAC,2537.0,,78,90,-12
199704110SAC,RS,SAC,2553.0,,78,92,-14
199704110SAC,RS,SAC,2588.0,,78,94,-16
199704110SAC,RS,SAC,2663.0,,81,94,-13
199704110SAC,RS,SAC,2677.0,,81,95,-14
199704110SAC,RS,SAC,2711.0,,81,96,-15
199704110SAC,RS,SAC,2711.0,,81,97,-16
199704110SAC,RS,SAC,2725.0,,83,97,-14
199704110SAC,RS,SAC,2798.0,,85,97,-12
199704110SAC,RS,SAC,2856.0,F,87,97,-10
199704110SAC,RS,SAC,2880.0,,87,97,-10
199704130GSW,RS,PHO,0.0,,0,0,0
199704130GSW,RS,PHO,19.0,,0,3,-3
199704130GSW,RS,PHO,88.0,,2,3,-1
199704130GSW,RS,PHO,88.0,T,3,3,0
199704130GSW,RS,PHO,106.0,LC,5,3,2
199704130GSW,RS,PHO,142.0,LC,5,6,-1
199704130GSW,RS,PHO,194.0,T,6,6,0
199704130GSW,RS,PHO,194.0,LC,7,6,1
199704130GSW,RS,PHO,214.0,LC,7,8,-1
199704130GSW,RS,PHO,239.0,T,8,8,0
199704130GSW,RS,PHO,271.0,,8,10,-2
199704130GSW,RS,PHO,299.0,T,10,10,0
199704130GSW,RS,PHO,332.0,LC,12,10,2
199704130GSW,RS,PHO,367.0,T,12,12,0
199704130GSW,RS,PHO,398.0,,14,12,2
199704130GSW,RS,PHO,423.0,T,14,14,0
199704130GSW,RS,PHO,439.0,,17,14,3
199704130GSW,RS,PHO,472.0,T,17,17,0
199704130GSW,RS,PHO,487.0,,19,17,2
199704130GSW,RS,PHO,511.0,T,19,19,0
199704130GSW,RS,PHO,539.0,,22,19,3
199704130GSW,RS,PHO,560.0,,22,20,2
199704130GSW,RS,PHO,560.0,,22,21,1
199704130GSW,RS,PHO,600.0,,23,21,2
199704130GSW,RS,PHO,638.0,,25,21,4
199704130GSW,RS,PHO,687.0,,27,21,6
199704130GSW,RS,PHO,695.0,,27,23,4
199704130GSW,RS,PHO,738.0,,29,23,6
199704130GSW,RS,PHO,761.0,,29,25,4
199704130GSW,RS,PHO,784.0,,30,25,5
199704130GSW,RS,PHO,784.0,,31,25,6
199704130GSW,RS,PHO,846.0,,33,25,8
199704130GSW,RS,PHO,886.0,,33,26,7
199704130GSW,RS,PHO,948.0,,33,29,4
199704130GSW,RS,PHO,975.0,,33,32,1
199704130GSW,RS,PHO,995.0,,35,32,3
199704130GSW,RS,PHO,1006.0,,35,34,1
199704130GSW,RS,PHO,1025.0,LC,35,36,-1
199704130GSW,RS,PHO,1065.0,,35,38,-3
199704130GSW,RS,PHO,1065.0,,35,39,-4
199704130GSW,RS,PHO,1092.0,,37,39,-2
199704130GSW,RS,PHO,1118.0,T,39,39,0
199704130GSW,RS,PHO,1135.0,,39,40,-1
199704130GSW,RS,PHO,1152.0,LC,41,40,1
199704130GSW,RS,PHO,1170.0,T,41,41,0
199704130GSW,RS,PHO,1170.0,LC,41,42,-1
199704130GSW,RS,PHO,1197.0,,41,43,-2
199704130GSW,RS,PHO,1197.0,,41,44,-3
199704130GSW,RS,PHO,1207.0,,43,44,-1
199704130GSW,RS,PHO,1240.0,T,44,44,0
199704130GSW,RS,PHO,1250.0,,44,46,-2
199704130GSW,RS,PHO,1266.0,T,46,46,0
199704130GSW,RS,PHO,1314.0,LC,48,46,2
199704130GSW,RS,PHO,1343.0,LC,48,49,-1
199704130GSW,RS,PHO,1360.0,LC,50,49,1
199704130GSW,RS,PHO,1372.0,LC,50,51,-1
199704130GSW,RS,PHO,1394.0,,50,52,-2
199704130GSW,RS,PHO,1394.0,,50,53,-3
199704130GSW,RS,PHO,1438.0,,52,53,-1
199704130GSW,RS,PHO,1461.0,,52,55,-3
199704130GSW,RS,PHO,1486.0,,54,55,-1
199704130GSW,RS,PHO,1529.0,,54,57,-3
199704130GSW,RS,PHO,1568.0,,54,60,-6
199704130GSW,RS,PHO,1651.0,,56,60,-4
199704130GSW,RS,PHO,1663.0,,56,62,-6
199704130GSW,RS,PHO,1697.0,,56,63,-7
199704130GSW,RS,PHO,1697.0,,56,64,-8
199704130GSW,RS,PHO,1763.0,,56,65,-9
199704130GSW,RS,PHO,1783.0,,56,68,-12
199704130GSW,RS,PHO,1811.0,,56,71,-15
199704130GSW,RS,PHO,1838.0,,57,71,-14
199704130GSW,RS,PHO,1874.0,,58,71,-13
199704130GSW,RS,PHO,1874.0,,59,71,-12
199704130GSW,RS,PHO,1885.0,,59,73,-14
199704130GSW,RS,PHO,1941.0,,59,74,-15
199704130GSW,RS,PHO,1941.0,,59,75,-16
199704130GSW,RS,PHO,1960.0,,60,75,-15
199704130GSW,RS,PHO,1995.0,,62,75,-13
199704130GSW,RS,PHO,2063.0,,63,75,-12
199704130GSW,RS,PHO,2099.0,,65,75,-10
199704130GSW,RS,PHO,2118.0,,65,77,-12
199704130GSW,RS,PHO,2214.0,,65,79,-14
199704130GSW,RS,PHO,2214.0,,65,80,-15
199704130GSW,RS,PHO,2226.0,,67,80,-13
199704130GSW,RS,PHO,2248.0,,69,80,-11
199704130GSW,RS,PHO,2268.0,,69,82,-13
199704130GSW,RS,PHO,2280.0,,71,82,-11
199704130GSW,RS,PHO,2295.0,,71,84,-13
199704130GSW,RS,PHO,2310.0,,74,84,-10
199704130GSW,RS,PHO,2358.0,,74,86,-12
199704130GSW,RS,PHO,2379.0,,75,86,-11
199704130GSW,RS,PHO,2395.0,,75,88,-13
199704130GSW,RS,PHO,2443.0,,78,88,-10
199704130GSW,RS,PHO,2509.0,,80,88,-8
199704130GSW,RS,PHO,2525.0,,80,90,-10
199704130GSW,RS,PHO,2553.0,,81,90,-9
199704130GSW,RS,PHO,2601.0,,84,90,-6
199704130GSW,RS,PHO,2620.0,,84,92,-8
199704130GSW,RS,PHO,2635.0,,86,92,-6
199704130GSW,RS,PHO,2674.0,,86,93,-7
199704130GSW,RS,PHO,2674.0,,86,94,-8
199704130GSW,RS,PHO,2727.0,,88,94,-6
199704130GSW,RS,PHO,2754.0,,88,97,-9
199704130GSW,RS,PHO,2772.0,,90,97,-7
199704130GSW,RS,PHO,2784.0,,90,99,-9
199704130GSW,RS,PHO,2799.0,,92,99,-7
199704130GSW,RS,PHO,2824.0,,93,99,-6
199704130GSW,RS,PHO,2848.0,,93,101,-8
199704130GSW,RS,PHO,2852.0,,95,101,-6
199704130GSW,RS,PHO,2854.0,,95,102,-7
199704130GSW,RS,PHO,2854.0,,95,103,-8
199704130GSW,RS,PHO,2859.0,,97,103,-6
199704130GSW,RS,PHO,2862.0,,97,104,-7
199704130GSW,RS,PHO,2862.0,F,97,105,-8
199704130GSW,RS,PHO,2870.0,,97,105,-8
199704140DEN,RS,DEN,0.0,,0,0,0
199704140DEN,RS,DEN,31.0,,0,2,-2
199704140DEN,RS,DEN,49.0,T,2,2,0
199704140DEN,RS,DEN,92.0,,2,4,-2
199704140DEN,RS,DEN,131.0,,2,5,-3
199704140DEN,RS,DEN,177.0,,2,7,-5
199704140DEN,RS,DEN,198.0,,2,10,-8
199704140DEN,RS,DEN,238.0,,4,10,-6
199704140DEN,RS,DEN,285.0,,6,10,-4
199704140DEN,RS,DEN,322.0,,6,11,-5
199704140DEN,RS,DEN,322.0,,6,12,-6
199704140DEN,RS,DEN,340.0,,8,12,-4
199704140DEN,RS,DEN,353.0,,8,14,-6
199704140DEN,RS,DEN,369.0,,10,14,-4
199704140DEN,RS,DEN,407.0,,12,14,-2
199704140DEN,RS,DEN,464.0,,12,15,-3
199704140DEN,RS,DEN,464.0,,12,16,-4
199704140DEN,RS,DEN,492.0,,12,19,-7
199704140DEN,RS,DEN,509.0,,13,19,-6
199704140DEN,RS,DEN,509.0,,14,19,-5
199704140DEN,RS,DEN,522.0,,14,21,-7
199704140DEN,RS,DEN,565.0,,14,24,-10
199704140DEN,RS,DEN,587.0,,14,26,-12
199704140DEN,RS,DEN,599.0,,16,26,-10
199704140DEN,RS,DEN,622.0,,16,28,-12
199704140DEN,RS,DEN,635.0,,18,28,-10
199704140DEN,RS,DEN,668.0,,20,28,-8
199704140DEN,RS,DEN,679.0,,20,31,-11
199704140DEN,RS,DEN,694.0,,22,31,-9
199704140DEN,RS,DEN,718.0,,22,34,-12
199704140DEN,RS,DEN,791.0,,22,36,-14
199704140DEN,RS,DEN,823.0,,24,36,-12
199704140DEN,RS,DEN,843.0,,26,36,-10
199704140DEN,RS,DEN,848.0,,26,38,-12
199704140DEN,RS,DEN,867.0,,28,38,-10
199704140DEN,RS,DEN,906.0,,30,38,-8
199704140DEN,RS,DEN,928.0,,30,40,-10
199704140DEN,RS,DEN,953.0,,32,40,-8
199704140DEN,RS,DEN,982.0,,32,42,-10
199704140DEN,RS,DEN,1036.0,,34,42,-8
199704140DEN,RS,DEN,1044.0,,34,45,-11
199704140DEN,RS,DEN,1057.0,,35,45,-10
199704140DEN,RS,DEN,1057.0,,36,45,-9
199704140DEN,RS,DEN,1094.0,,38,45,-7
199704140DEN,RS,DEN,1143.0,,38,47,-9
199704140DEN,RS,DEN,1187.0,,39,47,-8
199704140DEN,RS,DEN,1209.0,,39,49,-10
199704140DEN,RS,DEN,1224.0,,41,49,-8
199704140DEN,RS,DEN,1248.0,,43,49,-6
199704140DEN,RS,DEN,1265.0,,43,51,-8
199704140DEN,RS,DEN,1287.0,,44,51,-7
199704140DEN,RS,DEN,1287.0,,45,51,-6
199704140DEN,RS,DEN,1305.0,,47,51,-4
199704140DEN,RS,DEN,1305.0,,48,51,-3
199704140DEN,RS,DEN,1341.0,,48,53,-5
199704140DEN,RS,DEN,1355.0,,50,53,-3
199704140DEN,RS,DEN,1373.0,,51,53,-2
199704140DEN,RS,DEN,1373.0,,52,53,-1
199704140DEN,RS,DEN,1389.0,T,53,53,0
199704140DEN,RS,DEN,1389.0,LC,54,53,1
199704140DEN,RS,DEN,1463.0,T,54,54,0
199704140DEN,RS,DEN,1463.0,LC,54,55,-1
199704140DEN,RS,DEN,1480.0,LC,56,55,1
199704140DEN,RS,DEN,1510.0,,58,55,3
199704140DEN,RS,DEN,1528.0,,58,57,1
199704140DEN,RS,DEN,1595.0,LC,58,59,-1
199704140DEN,RS,DEN,1632.0,,58,61,-3
199704140DEN,RS,DEN,1649.0,,59,61,-2
199704140DEN,RS,DEN,1649.0,,60,61,-1
199704140DEN,RS,DEN,1685.0,,60,62,-2
199704140DEN,RS,DEN,1685.0,,60,63,-3
199704140DEN,RS,DEN,1704.0,,62,63,-1
199704140DEN,RS,DEN,1731.0,LC,65,63,2
199704140DEN,RS,DEN,1811.0,,67,63,4
199704140DEN,RS,DEN,1827.0,,67,66,1
199704140DEN,RS,DEN,1855.0,LC,67,68,-1
199704140DEN,RS,DEN,1907.0,LC,69,68,1
199704140DEN,RS,DEN,1930.0,LC,69,70,-1
199704140DEN,RS,DEN,1980.0,,69,73,-4
199704140DEN,RS,DEN,2031.0,,69,75,-6
199704140DEN,RS,DEN,2056.0,,71,75,-4
199704140DEN,RS,DEN,2083.0,,72,75,-3
199704140DEN,RS,DEN,2100.0,,72,76,-4
199704140DEN,RS,DEN,2100.0,,72,77,-5
199704140DEN,RS,DEN,2113.0,,74,77,-3
199704140DEN,RS,DEN,2119.0,,75,77,-2
199704140DEN,RS,DEN,2119.0,,76,77,-1
199704140DEN,RS,DEN,2155.0,LC,78,77,1
199704140DEN,RS,DEN,2185.0,,80,77,3
199704140DEN,RS,DEN,2221.0,,82,77,5
199704140DEN,RS,DEN,2330.0,,82,79,3
199704140DEN,RS,DEN,2394.0,T,82,82,0
199704140DEN,RS,DEN,2414.0,,83,82,1
199704140DEN,RS,DEN,2414.0,,84,82,2
199704140DEN,RS,DEN,2435.0,,85,82,3
199704140DEN,RS,DEN,2435.0,,86,82,4
199704140DEN,RS,DEN,2482.0,,88,82,6
199704140DEN,RS,DEN,2504.0,,88,84,4
199704140DEN,RS,DEN,2540.0,,91,84,7
199704140DEN,RS,DEN,2605.0,,93,84,9
199704140DEN,RS,DEN,2639.0,,93,85,8
199704140DEN,RS,DEN,2657.0,,95,85,10
199704140DEN,RS,DEN,2673.0,,95,86,9
199704140DEN,RS,DEN,2731.0,,95,88,7
199704140DEN,RS,DEN,2743.0,,96,88,8
199704140DEN,RS,DEN,2743.0,,97,88,9
199704140DEN,RS,DEN,2751.0,,97,91,6
199704140DEN,RS,DEN,2772.0,,98,91,7
199704140DEN,RS,DEN,2772.0,,99,91,8
199704140DEN,RS,DEN,2833.0,,101,91,10
199704140DEN,RS,DEN,2842.0,,101,93,8
199704140DEN,RS,DEN,2864.0,F,103,93,10
199704140DEN,RS,DEN,2880.0,,103,93,10
199704170UTA,RS,UTA,0.0,,0,0,0
199704170UTA,RS,UTA,52.0,,2,0,2
199704170UTA,RS,UTA,73.0,LC,2,3,-1
199704170UTA,RS,UTA,92.0,LC,5,3,2
199704170UTA,RS,UTA,116.0,,7,3,4
199704170UTA,RS,UTA,137.0,,7,5,2
199704170UTA,RS,UTA,137.0,,7,6,1
199704170UTA,RS,UTA,160.0,,9,6,3
199704170UTA,RS,UTA,169.0,T,9,9,0
199704170UTA,RS,UTA,194.0,LC,9,11,-2
199704170UTA,RS,UTA,232.0,,9,13,-4
199704170UTA,RS,UTA,260.0,,11,13,-2
199704170UTA,RS,UTA,266.0,,11,14,-3
199704170UTA,RS,UTA,307.0,,13,14,-1
199704170UTA,RS,UTA,409.0,T,14,14,0
199704170UTA,RS,UTA,409.0,LC,15,14,1
199704170UTA,RS,UTA,418.0,LC,15,16,-1
199704170UTA,RS,UTA,463.0,,15,18,-3
199704170UTA,RS,UTA,512.0,,17,18,-1
199704170UTA,RS,UTA,534.0,,17,20,-3
199704170UTA,RS,UTA,563.0,,17,21,-4
199704170UTA,RS,UTA,574.0,,17,22,-5
199704170UTA,RS,UTA,591.0,,18,22,-4
199704170UTA,RS,UTA,591.0,,19,22,-3
199704170UTA,RS,UTA,612.0,,19,24,-5
199704170UTA,RS,UTA,633.0,,21,24,-3
199704170UTA,RS,UTA,648.0,,21,26,-5
199704170UTA,RS,UTA,661.0,,23,26,-3
199704170UTA,RS,UTA,680.0,,23,28,-5
199704170UTA,RS,UTA,691.0,,25,28,-3
199704170UTA,RS,UTA,754.0,,27,28,-1
199704170UTA,RS,UTA,801.0,LC,29,28,1
199704170UTA,RS,UTA,821.0,LC,29,30,-1
199704170UTA,RS,UTA,838.0,LC,31,30,1
199704170UTA,RS,UTA,860.0,LC,31,32,-1
199704170UTA,RS,UTA,872.0,T,32,32,0
199704170UTA,RS,UTA,890.0,,32,34,-2
199704170UTA,RS,UTA,900.0,T,34,34,0
199704170UTA,RS,UTA,914.0,,34,36,-2
199704170UTA,RS,UTA,941.0,,34,38,-4
199704170UTA,RS,UTA,984.0,,37,38,-1
199704170UTA,RS,UTA,1001.0,,37,40,-3
199704170UTA,RS,UTA,1013.0,,39,40,-1
199704170UTA,RS,UTA,1027.0,LC,41,40,1
199704170UTA,RS,UTA,1051.0,LC,41,42,-1
199704170UTA,RS,UTA,1134.0,T,42,42,0
199704170UTA,RS,UTA,1134.0,LC,43,42,1
199704170UTA,RS,UTA,1200.0,LC,43,45,-2
199704170UTA,RS,UTA,1218.0,,43,47,-4
199704170UTA,RS,UTA,1257.0,,45,47,-2
199704170UTA,RS,UTA,1288.0,,45,49,-4
199704170UTA,RS,UTA,1307.0,,47,49,-2
199704170UTA,RS,UTA,1328.0,,47,51,-4
199704170UTA,RS,UTA,1355.0,,47,52,-5
199704170UTA,RS,UTA,1355.0,,47,53,-6
199704170UTA,RS,UTA,1365.0,,48,53,-5
199704170UTA,RS,UTA,1365.0,,49,53,-4
199704170UTA,RS,UTA,1378.0,,49,56,-7
199704170UTA,RS,UTA,1393.0,,50,56,-6
199704170UTA,RS,UTA,1393.0,,51,56,-5
199704170UTA,RS,UTA,1451.0,,51,58,-7
199704170UTA,RS,UTA,1497.0,,54,58,-4
199704170UTA,RS,UTA,1528.0,,54,60,-6
199704170UTA,RS,UTA,1605.0,,55,60,-5
199704170UTA,RS,UTA,1612.0,,55,62,-7
199704170UTA,RS,UTA,1632.0,,57,62,-5
199704170UTA,RS,UTA,1652.0,,57,63,-6
199704170UTA,RS,UTA,1652.0,,57,64,-7
199704170UTA,RS,UTA,1686.0,,57,66,-9
199704170UTA,RS,UTA,1720.0,,57,68,-11
199704170UTA,RS,UTA,1798.0,,58,68,-10
199704170UTA,RS,UTA,1798.0,,59,68,-9
199704170UTA,RS,UTA,1817.0,,59,69,-10
199704170UTA,RS,UTA,1817.0,,59,70,-11
199704170UTA,RS,UTA,1857.0,,59,71,-12
199704170UTA,RS,UTA,1857.0,,59,72,-13
199704170UTA,RS,UTA,1896.0,,60,72,-12
199704170UTA,RS,UTA,1927.0,,60,74,-14
199704170UTA,RS,UTA,1948.0,,62,74,-12
199704170UTA,RS,UTA,1978.0,,64,74,-10
199704170UTA,RS,UTA,2027.0,,65,74,-9
199704170UTA,RS,UTA,2027.0,,66,74,-8
199704170UTA,RS,UTA,2038.0,,66,77,-11
199704170UTA,RS,UTA,2052.0,,68,77,-9
199704170UTA,RS,UTA,2091.0,,68,79,-11
199704170UTA,RS,UTA,2105.0,,69,79,-10
199704170UTA,RS,UTA,2105.0,,70,79,-9
199704170UTA,RS,UTA,2122.0,,71,79,-8
199704170UTA,RS,UTA,2248.0,,74,79,-5
199704170UTA,RS,UTA,2267.0,,74,81,-7
199704170UTA,RS,UTA,2318.0,,74,82,-8
199704170UTA,RS,UTA,2318.0,,74,83,-9
199704170UTA,RS,UTA,2331.0,,75,83,-8
199704170UTA,RS,UTA,2366.0,,75,86,-11
199704170UTA,RS,UTA,2443.0,,75,87,-12
199704170UTA,RS,UTA,2443.0,,75,88,-13
199704170UTA,RS,UTA,2452.0,,77,88,-11
199704170UTA,RS,UTA,2509.0,,79,88,-9
199704170UTA,RS,UTA,2567.0,,79,90,-11
199704170UTA,RS,UTA,2606.0,,79,92,-13
199704170UTA,RS,UTA,2683.0,,79,94,-15
199704170UTA,RS,UTA,2696.0,,81,94,-13
199704170UTA,RS,UTA,2715.0,,81,97,-16
199704170UTA,RS,UTA,2715.0,,81,98,-17
199704170UTA,RS,UTA,2732.0,,83,98,-15
199704170UTA,RS,UTA,2760.0,,83,101,-18
199704170UTA,RS,UTA,2772.0,,85,101,-16
199704170UTA,RS,UTA,2795.0,,87,101,-14
199704170UTA,RS,UTA,2814.0,,87,104,-17
199704170UTA,RS,UTA,2828.0,,89,104,-15
199704170UTA,RS,UTA,2849.0,,91,104,-13
199704170UTA,RS,UTA,2862.0,F,91,106,-15
199704170UTA,RS,UTA,2875.0,,93,106,-13
199704190GSW,RS,SAC,0.0,,0,0,0
199704190GSW,RS,SAC,36.0,,2,0,2
199704190GSW,RS,SAC,51.0,T,2,2,0
199704190GSW,RS,SAC,75.0,,4,2,2
199704190GSW,RS,SAC,96.0,T,4,4,0
199704190GSW,RS,SAC,124.0,LC,4,6,-2
199704190GSW,RS,SAC,137.0,,4,8,-4
199704190GSW,RS,SAC,150.0,,6,8,-2
199704190GSW,RS,SAC,177.0,T,8,8,0
199704190GSW,RS,SAC,193.0,,8,10,-2
199704190GSW,RS,SAC,222.0,,8,11,-3
199704190GSW,RS,SAC,242.0,,8,13,-5
199704190GSW,RS,SAC,258.0,,10,13,-3
199704190GSW,RS,SAC,280.0,,10,15,-5
199704190GSW,RS,SAC,306.0,,10,17,-7
199704190GSW,RS,SAC,345.0,,11,17,-6
199704190GSW,RS,SAC,345.0,,12,17,-5
199704190GSW,RS,SAC,394.0,,12,19,-7
199704190GSW,RS,SAC,417.0,,12,21,-9
199704190GSW,RS,SAC,454.0,,12,23,-11
199704190GSW,RS,SAC,488.0,,14,23,-9
199704190GSW,RS,SAC,502.0,,17,23,-6
199704190GSW,RS,SAC,522.0,,17,25,-8
199704190GSW,RS,SAC,545.0,,17,27,-10
199704190GSW,RS,SAC,558.0,,19,27,-8
199704190GSW,RS,SAC,614.0,,22,27,-5
199704190GSW,RS,SAC,632.0,,22,28,-6
199704190GSW,RS,SAC,632.0,,22,29,-7
199704190GSW,RS,SAC,644.0,,24,29,-5
199704190GSW,RS,SAC,659.0,,24,30,-6
199704190GSW,RS,SAC,659.0,,24,31,-7
199704190GSW,RS,SAC,670.0,,26,31,-5
199704190GSW,RS,SAC,701.0,,29,31,-2
199704190GSW,RS,SAC,717.0,,29,32,-3
199704190GSW,RS,SAC,717.0,,29,33,-4
199704190GSW,RS,SAC,741.0,,29,36,-7
199704190GSW,RS,SAC,775.0,,29,38,-9
199704190GSW,RS,SAC,787.0,,31,38,-7
199704190GSW,RS,SAC,813.0,,31,39,-8
199704190GSW,RS,SAC,813.0,,31,40,-9
199704190GSW,RS,SAC,835.0,,32,40,-8
199704190GSW,RS,SAC,835.0,,33,40,-7
199704190GSW,RS,SAC,866.0,,35,40,-5
199704190GSW,RS,SAC,884.0,,37,40,-3
199704190GSW,RS,SAC,898.0,,37,42,-5
199704190GSW,RS,SAC,946.0,,40,42,-2
199704190GSW,RS,SAC,978.0,,41,42,-1
199704190GSW,RS,SAC,990.0,,41,43,-2
199704190GSW,RS,SAC,990.0,,41,44,-3
199704190GSW,RS,SAC,1027.0,,41,46,-5
199704190GSW,RS,SAC,1048.0,,43,46,-3
199704190GSW,RS,SAC,1108.0,,43,48,-5
199704190GSW,RS,SAC,1146.0,,45,48,-3
199704190GSW,RS,SAC,1179.0,,45,50,-5
199704190GSW,RS,SAC,1200.0,,47,50,-3
199704190GSW,RS,SAC,1245.0,,47,52,-5
199704190GSW,RS,SAC,1265.0,,49,52,-3
199704190GSW,RS,SAC,1293.0,,51,52,-1
199704190GSW,RS,SAC,1320.0,LC,53,52,1
199704190GSW,RS,SAC,1320.0,,54,52,2
199704190GSW,RS,SAC,1341.0,,57,52,5
199704190GSW,RS,SAC,1365.0,,57,54,3
199704190GSW,RS,SAC,1438.0,T,57,57,0
199704190GSW,RS,SAC,1453.0,,59,57,2
199704190GSW,RS,SAC,1472.0,T,59,59,0
199704190GSW,RS,SAC,1497.0,LC,59,60,-1
199704190GSW,RS,SAC,1522.0,LC,61,60,1
199704190GSW,RS,SAC,1539.0,,63,60,3
199704190GSW,RS,SAC,1572.0,,63,61,2
199704190GSW,RS,SAC,1596.0,T,63,63,0
199704190GSW,RS,SAC,1619.0,,65,63,2
199704190GSW,RS,SAC,1644.0,T,65,65,0
199704190GSW,RS,SAC,1658.0,,67,65,2
199704190GSW,RS,SAC,1688.0,,68,65,3
199704190GSW,RS,SAC,1688.0,,69,65,4
199704190GSW,RS,SAC,1703.0,,69,66,3
199704190GSW,RS,SAC,1734.0,,69,67,2
199704190GSW,RS,SAC,1747.0,,71,67,4
199704190GSW,RS,SAC,1826.0,,71,69,2
199704190GSW,RS,SAC,1886.0,T,71,71,0
199704190GSW,RS,SAC,1907.0,,73,71,2
199704190GSW,RS,SAC,1921.0,,73,72,1
199704190GSW,RS,SAC,1921.0,T,73,73,0
199704190GSW,RS,SAC,1940.0,,75,73,2
199704190GSW,RS,SAC,1940.0,,76,73,3
199704190GSW,RS,SAC,2069.0,,76,75,1
199704190GSW,RS,SAC,2095.0,LC,76,77,-1
199704190GSW,RS,SAC,2112.0,T,77,77,0
199704190GSW,RS,SAC,2134.0,LC,79,77,2
199704190GSW,RS,SAC,2175.0,T,79,79,0
199704190GSW,RS,SAC,2189.0,,81,79,2
199704190GSW,RS,SAC,2205.0,T,81,81,0
199704190GSW,RS,SAC,2234.0,LC,81,84,-3
199704190GSW,RS,SAC,2266.0,,83,84,-1
199704190GSW,RS,SAC,2340.0,LC,85,84,1
199704190GSW,RS,SAC,2373.0,,87,84,3
199704190GSW,RS,SAC,2419.0,,89,84,5
199704190GSW,RS,SAC,2449.0,,91,84,7
199704190GSW,RS,SAC,2492.0,,91,87,4
199704190GSW,RS,SAC,2512.0,,93,87,6
199704190GSW,RS,SAC,2528.0,,93,90,3
199704190GSW,RS,SAC,2561.0,,93,92,1
199704190GSW,RS,SAC,2598.0,LC,93,94,-1
199704190GSW,RS,SAC,2609.0,T,94,94,0
199704190GSW,RS,SAC,2620.0,,94,96,-2
199704190GSW,RS,SAC,2638.0,T,96,96,0
199704190GSW,RS,SAC,2651.0,,96,98,-2
199704190GSW,RS,SAC,2676.0,,96,100,-4
199704190GSW,RS,SAC,2695.0,,97,100,-3
199704190GSW,RS,SAC,2766.0,,99,100,-1
199704190GSW,RS,SAC,2783.0,,99,102,-3
199704190GSW,RS,SAC,2794.0,,101,102,-1
199704190GSW,RS,SAC,2805.0,,101,104,-3
199704190GSW,RS,SAC,2866.0,,101,105,-4
199704190GSW,RS,SAC,2866.0,,101,106,-5
199704190GSW,RS,SAC,2871.0,,103,106,-3
199704190GSW,RS,SAC,2871.0,,104,106,-2
199704190GSW,RS,SAC,2872.0,,104,107,-3
199704190GSW,RS,SAC,2878.0,T,107,107,0
199704190GSW,RS,SAC,2892.0,LC,109,107,2
199704190GSW,RS,SAC,2920.0,,111,107,4
199704190GSW,RS,SAC,2956.0,,111,109,2
199704190GSW,RS,SAC,2971.0,,113,109,4
199704190GSW,RS,SAC,2995.0,,113,111,2
199704190GSW,RS,SAC,3029.0,,114,111,3
199704190GSW,RS,SAC,3041.0,,116,111,5
199704190GSW,RS,SAC,3069.0,,116,112,4
199704190GSW,RS,SAC,3069.0,,116,113,3
199704190GSW,RS,SAC,3095.0,,118,113,5
199704190GSW,RS,SAC,3105.0,,118,116,2
199704190GSW,RS,SAC,3122.0,,120,116,4
199704190GSW,RS,SAC,3132.0,,120,119,1
199704190GSW,RS,SAC,3168.0,F,120,122,-2
199704190GSW,RS,SAC,3180.0,,120,122,-2
