id,type,opponent,elapsedTime,event,teamScore,opponentScore,pointDifference
199611010HOU,RS,SAC,0.0,,0,0,0
199611010HOU,RS,SAC,42.0,,2,0,2
199611010HOU,RS,SAC,60.0,T,2,2,0
199611010HOU,RS,SAC,76.0,,4,2,2
199611010HOU,RS,SAC,99.0,T,4,4,0
199611010HOU,RS,SAC,122.0,LC,4,6,-2
199611010HOU,RS,SAC,162.0,LC,7,6,1
199611010HOU,RS,SAC,272.0,LC,7,8,-1
199611010HOU,RS,SAC,297.0,LC,9,8,1
199611010HOU,RS,SAC,325.0,,10,8,2
199611010HOU,RS,SAC,325.0,,11,8,3
199611010HOU,RS,SAC,340.0,,11,10,1
199611010HOU,RS,SAC,340.0,T,11,11,0
199611010HOU,RS,SAC,353.0,,14,11,3
199611010HOU,RS,SAC,390.0,,14,13,1
199611010HOU,RS,SAC,412.0,LC,14,15,-1
199611010HOU,RS,SAC,424.0,LC,16,15,1
199611010HOU,RS,SAC,450.0,,18,15,3
199611010HOU,RS,SAC,471.0,,18,17,1
199611010HOU,RS,SAC,502.0,LC,18,19,-1
199611010HOU,RS,SAC,524.0,LC,20,19,1
199611010HOU,RS,SAC,550.0,,22,19,3
199611010HOU,RS,SAC,599.0,,25,19,6
199611010HOU,RS,SAC,614.0,,25,21,4
199611010HOU,RS,SAC,633.0,,27,21,6
199611010HOU,RS,SAC,657.0,,28,21,7
199611010HOU,RS,SAC,657.0,,29,21,8
199611010HOU,RS,SAC,669.0,,29,24,5
199611010HOU,RS,SAC,683.0,,31,24,7
199611010HOU,RS,SAC,755.0,,33,24,9
199611010HOU,RS,SAC,772.0,,33,26,7
199611010HOU,RS,SAC,796.0,,35,26,9
199611010HOU,RS,SAC,811.0,,37,26,11
199611010HOU,RS,SAC,906.0,,38,26,12
199611010HOU,RS,SAC,935.0,,41,26,15
199611010HOU,RS,SAC,961.0,,43,26,17
199611010HOU,RS,SAC,994.0,,44,26,18
199611010HOU,RS,SAC,1074.0,,44,27,17
199611010HOU,RS,SAC,1074.0,,44,28,16
199611010HOU,RS,SAC,1106.0,,44,31,13
199611010HOU,RS,SAC,1125.0,,46,31,15
199611010HOU,RS,SAC,1168.0,,46,33,13
199611010HOU,RS,SAC,1197.0,,46,35,11
199611010HOU,RS,SAC,1259.0,,48,35,13
199611010HOU,RS,SAC,1287.0,,49,35,14
199611010HOU,RS,SAC,1343.0,,51,35,16
199611010HOU,RS,SAC,1368.0,,52,35,17
199611010HOU,RS,SAC,1508.0,,54,35,19
199611010HOU,RS,SAC,1587.0,,54,37,17
199611010HOU,RS,SAC,1610.0,,55,37,18
199611010HOU,RS,SAC,1630.0,,55,39,16
199611010HOU,RS,SAC,1671.0,,57,39,18
199611010HOU,RS,SAC,1690.0,,59,39,20
199611010HOU,RS,SAC,1736.0,,62,39,23
199611010HOU,RS,SAC,1763.0,,62,40,22
199611010HOU,RS,SAC,1772.0,,64,40,24
199611010HOU,RS,SAC,1836.0,,65,40,25
199611010HOU,RS,SAC,1854.0,,65,42,23
199611010HOU,RS,SAC,1872.0,,67,42,25
199611010HOU,RS,SAC,1893.0,,67,44,23
199611010HOU,RS,SAC,1915.0,,67,46,21
199611010HOU,RS,SAC,1939.0,,69,46,23
199611010HOU,RS,SAC,2036.0,,69,49,20
199611010HOU,RS,SAC,2074.0,,69,50,19
199611010HOU,RS,SAC,2074.0,,69,51,18
199611010HOU,RS,SAC,2094.0,,69,52,17
199611010HOU,RS,SAC,2094.0,,69,53,16
199611010HOU,RS,SAC,2111.0,,70,53,17
199611010HOU,RS,SAC,2111.0,,71,53,18
199611010HOU,RS,SAC,2117.0,,71,54,17
199611010HOU,RS,SAC,2133.0,,74,54,20
199611010HOU,RS,SAC,2158.0,,75,54,21
199611010HOU,RS,SAC,2158.0,,76,54,22
199611010HOU,RS,SAC,2230.0,,78,54,24
199611010HOU,RS,SAC,2244.0,,78,57,21
199611010HOU,RS,SAC,2280.0,,78,59,19
199611010HOU,RS,SAC,2307.0,,78,61,17
199611010HOU,RS,SAC,2339.0,,78,63,15
199611010HOU,RS,SAC,2382.0,,78,65,13
199611010HOU,RS,SAC,2418.0,,81,65,16
199611010HOU,RS,SAC,2438.0,,81,67,14
199611010HOU,RS,SAC,2471.0,,81,69,12
199611010HOU,RS,SAC,2492.0,,83,69,14
199611010HOU,RS,SAC,2510.0,,83,70,13
199611010HOU,RS,SAC,2510.0,,83,71,12
199611010HOU,RS,SAC,2523.0,,84,71,13
199611010HOU,RS,SAC,2523.0,,85,71,14
199611010HOU,RS,SAC,2546.0,,86,71,15
199611010HOU,RS,SAC,2546.0,,87,71,16
199611010HOU,RS,SAC,2585.0,,87,72,15
199611010HOU,RS,SAC,2585.0,,87,73,14
199611010HOU,RS,SAC,2613.0,,90,73,17
199611010HOU,RS,SAC,2658.0,,90,75,15
199611010HOU,RS,SAC,2696.0,,91,75,16
199611010HOU,RS,SAC,2717.0,,93,75,18
199611010HOU,RS,SAC,2733.0,,93,76,17
199611010HOU,RS,SAC,2733.0,,93,77,16
199611010HOU,RS,SAC,2761.0,,93,79,14
199611010HOU,RS,SAC,2811.0,,93,81,12
199611010HOU,RS,SAC,2833.0,,93,82,11
199611010HOU,RS,SAC,2858.0,,93,84,9
199611010HOU,RS,SAC,2873.0,,95,84,11
199611010HOU,RS,SAC,2873.0,,96,84,12
199611010HOU,RS,SAC,2875.0,F,96,85,11
199611010HOU,RS,SAC,2880.0,,96,85,11
199611020PHO,RS,PHO,0.0,,0,0,0
199611020PHO,RS,PHO,13.0,,2,0,2
199611020PHO,RS,PHO,43.0,,4,0,4
199611020PHO,RS,PHO,52.0,,4,2,2
199611020PHO,RS,PHO,105.0,T,4,4,0
199611020PHO,RS,PHO,127.0,,6,4,2
199611020PHO,RS,PHO,146.0,T,6,6,0
199611020PHO,RS,PHO,172.0,,9,6,3
199611020PHO,RS,PHO,189.0,,9,8,1
199611020PHO,RS,PHO,226.0,,12,8,4
199611020PHO,RS,PHO,250.0,,12,10,2
199611020PHO,RS,PHO,281.0,,14,10,4
199611020PHO,RS,PHO,309.0,,17,10,7
199611020PHO,RS,PHO,438.0,,20,10,10
199611020PHO,RS,PHO,543.0,,23,10,13
199611020PHO,RS,PHO,579.0,,25,10,15
199611020PHO,RS,PHO,636.0,,28,10,18
199611020PHO,RS,PHO,653.0,,28,12,16
199611020PHO,RS,PHO,668.0,,29,12,17
199611020PHO,RS,PHO,693.0,,31,12,19
199611020PHO,RS,PHO,712.0,,31,13,18
199611020PHO,RS,PHO,754.0,,32,13,19
199611020PHO,RS,PHO,754.0,,33,13,20
199611020PHO,RS,PHO,796.0,,33,15,18
199611020PHO,RS,PHO,813.0,,35,15,20
199611020PHO,RS,PHO,831.0,,35,17,18
199611020PHO,RS,PHO,849.0,,38,17,21
199611020PHO,RS,PHO,880.0,,39,17,22
199611020PHO,RS,PHO,895.0,,40,17,23
199611020PHO,RS,PHO,911.0,,40,20,20
199611020PHO,RS,PHO,931.0,,40,22,18
199611020PHO,RS,PHO,947.0,,42,22,20
199611020PHO,RS,PHO,960.0,,42,25,17
199611020PHO,RS,PHO,1000.0,,42,27,15
199611020PHO,RS,PHO,1037.0,,42,30,12
199611020PHO,RS,PHO,1119.0,,44,30,14
199611020PHO,RS,PHO,1148.0,,44,32,12
199611020PHO,RS,PHO,1174.0,,45,32,13
199611020PHO,RS,PHO,1174.0,,46,32,14
199611020PHO,RS,PHO,1184.0,,46,34,12
199611020PHO,RS,PHO,1309.0,,46,35,11
199611020PHO,RS,PHO,1309.0,,46,36,10
199611020PHO,RS,PHO,1327.0,,48,36,12
199611020PHO,RS,PHO,1346.0,,48,38,10
199611020PHO,RS,PHO,1368.0,,48,40,8
199611020PHO,RS,PHO,1438.0,,49,40,9
199611020PHO,RS,PHO,1468.0,,51,40,11
199611020PHO,RS,PHO,1490.0,,51,42,9
199611020PHO,RS,PHO,1514.0,,53,42,11
199611020PHO,RS,PHO,1553.0,,53,44,9
199611020PHO,RS,PHO,1570.0,,56,44,12
199611020PHO,RS,PHO,1591.0,,56,47,9
199611020PHO,RS,PHO,1658.0,,57,47,10
199611020PHO,RS,PHO,1679.0,,59,47,12
199611020PHO,RS,PHO,1716.0,,60,47,13
199611020PHO,RS,PHO,1716.0,,61,47,14
199611020PHO,RS,PHO,1728.0,,61,49,12
199611020PHO,RS,PHO,1744.0,,62,49,13
199611020PHO,RS,PHO,1744.0,,63,49,14
199611020PHO,RS,PHO,1776.0,,63,51,12
199611020PHO,RS,PHO,1801.0,,63,54,9
199611020PHO,RS,PHO,1821.0,,64,54,10
199611020PHO,RS,PHO,1821.0,,65,54,11
199611020PHO,RS,PHO,1847.0,,67,54,13
199611020PHO,RS,PHO,1876.0,,68,54,14
199611020PHO,RS,PHO,1876.0,,69,54,15
199611020PHO,RS,PHO,1893.0,,69,56,13
199611020PHO,RS,PHO,1914.0,,71,56,15
199611020PHO,RS,PHO,1958.0,,73,56,17
199611020PHO,RS,PHO,1972.0,,73,58,15
199611020PHO,RS,PHO,2003.0,,73,60,13
199611020PHO,RS,PHO,2022.0,,74,60,14
199611020PHO,RS,PHO,2041.0,,74,62,12
199611020PHO,RS,PHO,2059.0,,77,62,15
199611020PHO,RS,PHO,2122.0,,77,63,14
199611020PHO,RS,PHO,2153.0,,77,64,13
199611020PHO,RS,PHO,2153.0,,77,65,12
199611020PHO,RS,PHO,2176.0,,80,65,15
199611020PHO,RS,PHO,2206.0,,83,65,18
199611020PHO,RS,PHO,2255.0,,83,67,16
199611020PHO,RS,PHO,2281.0,,83,68,15
199611020PHO,RS,PHO,2281.0,,84,68,16
199611020PHO,RS,PHO,2290.0,,86,68,18
199611020PHO,RS,PHO,2294.0,,86,69,17
199611020PHO,RS,PHO,2315.0,,86,71,15
199611020PHO,RS,PHO,2344.0,,86,73,13
199611020PHO,RS,PHO,2344.0,,86,74,12
199611020PHO,RS,PHO,2386.0,,89,74,15
199611020PHO,RS,PHO,2413.0,,89,76,13
199611020PHO,RS,PHO,2440.0,,91,76,15
199611020PHO,RS,PHO,2454.0,,91,78,13
199611020PHO,RS,PHO,2477.0,,93,78,15
199611020PHO,RS,PHO,2494.0,,93,79,14
199611020PHO,RS,PHO,2494.0,,93,80,13
199611020PHO,RS,PHO,2517.0,,93,83,10
199611020PHO,RS,PHO,2558.0,,95,83,12
199611020PHO,RS,PHO,2602.0,,95,84,11
199611020PHO,RS,PHO,2602.0,,95,85,10
199611020PHO,RS,PHO,2610.0,,97,85,12
199611020PHO,RS,PHO,2631.0,,97,86,11
199611020PHO,RS,PHO,2631.0,,97,87,10
199611020PHO,RS,PHO,2666.0,,99,87,12
199611020PHO,RS,PHO,2695.0,,101,87,14
199611020PHO,RS,PHO,2708.0,,101,89,12
199611020PHO,RS,PHO,2708.0,,101,90,11
199611020PHO,RS,PHO,2739.0,,103,90,13
199611020PHO,RS,PHO,2777.0,,106,90,16
199611020PHO,RS,PHO,2801.0,,108,90,18
199611020PHO,RS,PHO,2810.0,,108,91,17
199611020PHO,RS,PHO,2810.0,,108,92,16
199611020PHO,RS,PHO,2836.0,,110,92,18
199611020PHO,RS,PHO,2843.0,F,110,93,17
199611020PHO,RS,PHO,2876.0,,110,95,15
199611040UTA,RS,UTA,0.0,,0,0,0
199611040UTA,RS,UTA,15.0,,0,1,-1
199611040UTA,RS,UTA,32.0,LC,2,1,1
199611040UTA,RS,UTA,47.0,LC,2,3,-1
199611040UTA,RS,UTA,95.0,,2,5,-3
199611040UTA,RS,UTA,124.0,,2,7,-5
199611040UTA,RS,UTA,142.0,,4,7,-3
199611040UTA,RS,UTA,157.0,,4,9,-5
199611040UTA,RS,UTA,169.0,,6,9,-3
199611040UTA,RS,UTA,188.0,,8,9,-1
199611040UTA,RS,UTA,218.0,LC,11,9,2
199611040UTA,RS,UTA,280.0,,14,9,5
199611040UTA,RS,UTA,299.0,,14,11,3
199611040UTA,RS,UTA,335.0,,14,13,1
199611040UTA,RS,UTA,370.0,T,14,14,0
199611040UTA,RS,UTA,381.0,,16,14,2
199611040UTA,RS,UTA,416.0,LC,16,17,-1
199611040UTA,RS,UTA,508.0,LC,18,17,1
199611040UTA,RS,UTA,604.0,LC,18,19,-1
199611040UTA,RS,UTA,629.0,T,19,19,0
199611040UTA,RS,UTA,774.0,,19,21,-2
199611040UTA,RS,UTA,872.0,,19,23,-4
199611040UTA,RS,UTA,906.0,,21,23,-2
199611040UTA,RS,UTA,943.0,,21,25,-4
199611040UTA,RS,UTA,993.0,,21,27,-6
199611040UTA,RS,UTA,1019.0,,21,29,-8
199611040UTA,RS,UTA,1052.0,,23,29,-6
199611040UTA,RS,UTA,1077.0,,23,31,-8
199611040UTA,RS,UTA,1091.0,,24,31,-7
199611040UTA,RS,UTA,1178.0,,24,33,-9
199611040UTA,RS,UTA,1261.0,,24,35,-11
199611040UTA,RS,UTA,1331.0,,26,35,-9
199611040UTA,RS,UTA,1354.0,,26,37,-11
199611040UTA,RS,UTA,1366.0,,27,37,-10
199611040UTA,RS,UTA,1405.0,,30,37,-7
199611040UTA,RS,UTA,1490.0,,30,39,-9
199611040UTA,RS,UTA,1516.0,,31,39,-8
199611040UTA,RS,UTA,1516.0,,32,39,-7
199611040UTA,RS,UTA,1547.0,,34,39,-5
199611040UTA,RS,UTA,1556.0,,34,41,-7
199611040UTA,RS,UTA,1577.0,,34,43,-9
199611040UTA,RS,UTA,1597.0,,35,43,-8
199611040UTA,RS,UTA,1597.0,,36,43,-7
199611040UTA,RS,UTA,1622.0,,36,45,-9
199611040UTA,RS,UTA,1643.0,,37,45,-8
199611040UTA,RS,UTA,1643.0,,38,45,-7
199611040UTA,RS,UTA,1656.0,,38,46,-8
199611040UTA,RS,UTA,1668.0,,38,48,-10
199611040UTA,RS,UTA,1708.0,,38,50,-12
199611040UTA,RS,UTA,1754.0,,39,50,-11
199611040UTA,RS,UTA,1754.0,,40,50,-10
199611040UTA,RS,UTA,1798.0,,43,50,-7
199611040UTA,RS,UTA,1820.0,,43,52,-9
199611040UTA,RS,UTA,1820.0,,43,53,-10
199611040UTA,RS,UTA,1832.0,,45,53,-8
199611040UTA,RS,UTA,1844.0,,45,55,-10
199611040UTA,RS,UTA,1880.0,,46,55,-9
199611040UTA,RS,UTA,1920.0,,48,55,-7
199611040UTA,RS,UTA,1934.0,,48,56,-8
199611040UTA,RS,UTA,1961.0,,50,56,-6
199611040UTA,RS,UTA,1983.0,,50,58,-8
199611040UTA,RS,UTA,1999.0,,51,58,-7
199611040UTA,RS,UTA,1999.0,,52,58,-6
199611040UTA,RS,UTA,2049.0,,52,60,-8
199611040UTA,RS,UTA,2090.0,,54,60,-6
199611040UTA,RS,UTA,2123.0,,56,60,-4
199611040UTA,RS,UTA,2138.0,,56,61,-5
199611040UTA,RS,UTA,2160.0,,56,63,-7
199611040UTA,RS,UTA,2180.0,,56,66,-10
199611040UTA,RS,UTA,2288.0,,57,66,-9
199611040UTA,RS,UTA,2288.0,,58,66,-8
199611040UTA,RS,UTA,2308.0,,60,66,-6
199611040UTA,RS,UTA,2369.0,,63,66,-3
199611040UTA,RS,UTA,2391.0,,63,68,-5
199611040UTA,RS,UTA,2463.0,,65,68,-3
199611040UTA,RS,UTA,2609.0,,66,68,-2
199611040UTA,RS,UTA,2609.0,,67,68,-1
199611040UTA,RS,UTA,2624.0,,67,69,-2
199611040UTA,RS,UTA,2624.0,,67,70,-3
199611040UTA,RS,UTA,2678.0,,69,70,-1
199611040UTA,RS,UTA,2695.0,T,70,70,0
199611040UTA,RS,UTA,2770.0,LC,71,70,1
199611040UTA,RS,UTA,2854.0,LC,71,72,-1
199611040UTA,RS,UTA,2864.0,LC,73,72,1
199611040UTA,RS,UTA,2877.0,,74,72,2
199611040UTA,RS,UTA,2877.0,F,75,72,3
199611040UTA,RS,UTA,2880.0,,75,72,3
199611050SAC,RS,SAC,0.0,,0,0,0
199611050SAC,RS,SAC,17.0,,2,0,2
199611050SAC,RS,SAC,46.0,,4,0,4
199611050SAC,RS,SAC,64.0,,4,2,2
199611050SAC,RS,SAC,97.0,T,4,4,0
199611050SAC,RS,SAC,127.0,LC,4,6,-2
199611050SAC,RS,SAC,164.0,T,6,6,0
199611050SAC,RS,SAC,196.0,,6,8,-2
199611050SAC,RS,SAC,220.0,,6,10,-4
199611050SAC,RS,SAC,242.0,,7,10,-3
199611050SAC,RS,SAC,242.0,,8,10,-2
199611050SAC,RS,SAC,326.0,,9,10,-1
199611050SAC,RS,SAC,326.0,T,10,10,0
199611050SAC,RS,SAC,344.0,,10,12,-2
199611050SAC,RS,SAC,363.0,T,12,12,0
199611050SAC,RS,SAC,378.0,,12,14,-2
199611050SAC,RS,SAC,419.0,T,14,14,0
199611050SAC,RS,SAC,463.0,,14,16,-2
199611050SAC,RS,SAC,490.0,T,16,16,0
199611050SAC,RS,SAC,502.0,,16,18,-2
199611050SAC,RS,SAC,518.0,,17,18,-1
199611050SAC,RS,SAC,523.0,LC,19,18,1
199611050SAC,RS,SAC,554.0,,20,18,2
199611050SAC,RS,SAC,554.0,,21,18,3
199611050SAC,RS,SAC,588.0,,23,18,5
199611050SAC,RS,SAC,660.0,,23,20,3
199611050SAC,RS,SAC,669.0,,25,20,5
199611050SAC,RS,SAC,750.0,,25,22,3
199611050SAC,RS,SAC,782.0,,25,24,1
199611050SAC,RS,SAC,894.0,,28,24,4
199611050SAC,RS,SAC,987.0,,30,24,6
199611050SAC,RS,SAC,1017.0,,32,24,8
199611050SAC,RS,SAC,1059.0,,32,26,6
199611050SAC,RS,SAC,1083.0,,34,26,8
199611050SAC,RS,SAC,1083.0,,35,26,9
199611050SAC,RS,SAC,1153.0,,35,28,7
199611050SAC,RS,SAC,1210.0,,35,30,5
199611050SAC,RS,SAC,1226.0,,38,30,8
199611050SAC,RS,SAC,1246.0,,38,31,7
199611050SAC,RS,SAC,1258.0,,40,31,9
199611050SAC,RS,SAC,1273.0,,40,33,7
199611050SAC,RS,SAC,1296.0,,42,33,9
199611050SAC,RS,SAC,1338.0,,44,33,11
199611050SAC,RS,SAC,1405.0,,44,35,9
199611050SAC,RS,SAC,1424.0,,46,35,11
199611050SAC,RS,SAC,1440.0,,49,35,14
199611050SAC,RS,SAC,1454.0,,49,37,12
199611050SAC,RS,SAC,1454.0,,49,38,11
199611050SAC,RS,SAC,1527.0,,49,39,10
199611050SAC,RS,SAC,1577.0,,51,39,12
199611050SAC,RS,SAC,1603.0,,53,39,14
199611050SAC,RS,SAC,1663.0,,53,41,12
199611050SAC,RS,SAC,1663.0,,53,42,11
199611050SAC,RS,SAC,1681.0,,53,44,9
199611050SAC,RS,SAC,1694.0,,55,44,11
199611050SAC,RS,SAC,1743.0,,55,46,9
199611050SAC,RS,SAC,1760.0,,55,48,7
199611050SAC,RS,SAC,1796.0,,57,48,9
199611050SAC,RS,SAC,1822.0,,57,50,7
199611050SAC,RS,SAC,1868.0,,58,50,8
199611050SAC,RS,SAC,1868.0,,59,50,9
199611050SAC,RS,SAC,1881.0,,59,51,8
199611050SAC,RS,SAC,1892.0,,61,51,10
199611050SAC,RS,SAC,1911.0,,61,52,9
199611050SAC,RS,SAC,1911.0,,61,53,8
199611050SAC,RS,SAC,1952.0,,62,53,9
199611050SAC,RS,SAC,1977.0,,64,53,11
199611050SAC,RS,SAC,1988.0,,65,53,12
199611050SAC,RS,SAC,1988.0,,66,53,13
199611050SAC,RS,SAC,2024.0,,66,54,12
199611050SAC,RS,SAC,2036.0,,66,55,11
199611050SAC,RS,SAC,2112.0,,67,55,12
199611050SAC,RS,SAC,2122.0,,69,55,14
199611050SAC,RS,SAC,2159.0,,71,55,16
199611050SAC,RS,SAC,2234.0,,71,57,14
199611050SAC,RS,SAC,2266.0,,72,57,15
199611050SAC,RS,SAC,2266.0,,73,57,16
199611050SAC,RS,SAC,2278.0,,73,59,14
199611050SAC,RS,SAC,2290.0,,75,59,16
199611050SAC,RS,SAC,2309.0,,75,60,15
199611050SAC,RS,SAC,2324.0,,78,60,18
199611050SAC,RS,SAC,2353.0,,79,60,19
199611050SAC,RS,SAC,2388.0,,81,60,21
199611050SAC,RS,SAC,2388.0,,82,60,22
199611050SAC,RS,SAC,2418.0,,85,60,25
199611050SAC,RS,SAC,2443.0,,85,62,23
199611050SAC,RS,SAC,2463.0,,87,62,25
199611050SAC,RS,SAC,2475.0,,87,64,23
199611050SAC,RS,SAC,2506.0,,88,64,24
199611050SAC,RS,SAC,2506.0,,89,64,25
199611050SAC,RS,SAC,2517.0,,89,66,23
199611050SAC,RS,SAC,2546.0,,89,68,21
199611050SAC,RS,SAC,2584.0,,92,68,24
199611050SAC,RS,SAC,2612.0,,92,71,21
199611050SAC,RS,SAC,2656.0,,95,71,24
199611050SAC,RS,SAC,2678.0,,95,73,22
199611050SAC,RS,SAC,2705.0,,97,73,24
199611050SAC,RS,SAC,2721.0,,98,73,25
199611050SAC,RS,SAC,2749.0,,99,73,26
199611050SAC,RS,SAC,2749.0,,100,73,27
199611050SAC,RS,SAC,2770.0,,102,73,29
199611050SAC,RS,SAC,2818.0,,102,75,27
199611050SAC,RS,SAC,2842.0,,102,77,25
199611050SAC,RS,SAC,2871.0,,102,78,24
199611050SAC,RS,SAC,2875.0,,102,79,23
199611050SAC,RS,SAC,2875.0,F,102,80,22
199611050SAC,RS,SAC,2880.0,,102,80,22
199611070DEN,RS,DEN,0.0,,0,0,0
199611070DEN,RS,DEN,58.0,,1,0,1
199611070DEN,RS,DEN,58.0,,2,0,2
199611070DEN,RS,DEN,72.0,T,2,2,0
199611070DEN,RS,DEN,93.0,,4,2,2
199611070DEN,RS,DEN,107.0,T,4,4,0
199611070DEN,RS,DEN,163.0,LC,4,6,-2
199611070DEN,RS,DEN,190.0,,4,9,-5
199611070DEN,RS,DEN,227.0,,4,11,-7
199611070DEN,RS,DEN,242.0,,7,11,-4
199611070DEN,RS,DEN,266.0,,9,11,-2
199611070DEN,RS,DEN,297.0,T,11,11,0
199611070DEN,RS,DEN,313.0,,11,14,-3
199611070DEN,RS,DEN,328.0,,13,14,-1
199611070DEN,RS,DEN,336.0,,13,16,-3
199611070DEN,RS,DEN,354.0,,15,16,-1
199611070DEN,RS,DEN,370.0,,15,17,-2
199611070DEN,RS,DEN,396.0,LC,18,17,1
199611070DEN,RS,DEN,413.0,T,18,18,0
199611070DEN,RS,DEN,413.0,LC,18,19,-1
199611070DEN,RS,DEN,446.0,,18,21,-3
199611070DEN,RS,DEN,464.0,,20,21,-1
199611070DEN,RS,DEN,477.0,,20,23,-3
199611070DEN,RS,DEN,508.0,,20,25,-5
199611070DEN,RS,DEN,525.0,,22,25,-3
199611070DEN,RS,DEN,534.0,,23,25,-2
199611070DEN,RS,DEN,568.0,,23,27,-4
199611070DEN,RS,DEN,581.0,,25,27,-2
199611070DEN,RS,DEN,600.0,,25,29,-4
199611070DEN,RS,DEN,623.0,,28,29,-1
199611070DEN,RS,DEN,688.0,LC,30,29,1
199611070DEN,RS,DEN,742.0,LC,30,31,-1
199611070DEN,RS,DEN,764.0,LC,32,31,1
199611070DEN,RS,DEN,780.0,LC,32,33,-1
199611070DEN,RS,DEN,853.0,LC,34,33,1
199611070DEN,RS,DEN,859.0,LC,34,35,-1
199611070DEN,RS,DEN,925.0,,34,38,-4
199611070DEN,RS,DEN,954.0,,34,39,-5
199611070DEN,RS,DEN,954.0,,34,40,-6
199611070DEN,RS,DEN,996.0,,34,43,-9
199611070DEN,RS,DEN,1011.0,,37,43,-6
199611070DEN,RS,DEN,1025.0,,37,45,-8
199611070DEN,RS,DEN,1037.0,,38,45,-7
199611070DEN,RS,DEN,1037.0,,39,45,-6
199611070DEN,RS,DEN,1065.0,,40,45,-5
199611070DEN,RS,DEN,1097.0,,42,45,-3
199611070DEN,RS,DEN,1120.0,T,45,45,0
199611070DEN,RS,DEN,1148.0,LC,46,45,1
199611070DEN,RS,DEN,1178.0,,48,45,3
199611070DEN,RS,DEN,1303.0,,50,45,5
199611070DEN,RS,DEN,1380.0,,50,46,4
199611070DEN,RS,DEN,1392.0,,50,49,1
199611070DEN,RS,DEN,1403.0,T,50,50,0
199611070DEN,RS,DEN,1439.0,LC,50,52,-2
199611070DEN,RS,DEN,1491.0,,50,54,-4
199611070DEN,RS,DEN,1523.0,,50,56,-6
199611070DEN,RS,DEN,1541.0,,52,56,-4
199611070DEN,RS,DEN,1558.0,,52,58,-6
199611070DEN,RS,DEN,1678.0,,52,60,-8
199611070DEN,RS,DEN,1702.0,,53,60,-7
199611070DEN,RS,DEN,1702.0,,54,60,-6
199611070DEN,RS,DEN,1722.0,,55,60,-5
199611070DEN,RS,DEN,1741.0,,55,62,-7
199611070DEN,RS,DEN,1765.0,,58,62,-4
199611070DEN,RS,DEN,1799.0,,60,62,-2
199611070DEN,RS,DEN,1860.0,,61,62,-1
199611070DEN,RS,DEN,1860.0,T,62,62,0
199611070DEN,RS,DEN,1888.0,LC,64,62,2
199611070DEN,RS,DEN,1922.0,,66,62,4
199611070DEN,RS,DEN,1929.0,,67,62,5
199611070DEN,RS,DEN,1929.0,,68,62,6
199611070DEN,RS,DEN,1970.0,,68,65,3
199611070DEN,RS,DEN,1986.0,,71,65,6
199611070DEN,RS,DEN,2010.0,,74,65,9
199611070DEN,RS,DEN,2024.0,,74,68,6
199611070DEN,RS,DEN,2039.0,,75,68,7
199611070DEN,RS,DEN,2098.0,,77,68,9
199611070DEN,RS,DEN,2112.0,,77,69,8
199611070DEN,RS,DEN,2112.0,,77,70,7
199611070DEN,RS,DEN,2155.0,,77,71,6
199611070DEN,RS,DEN,2297.0,,77,73,4
199611070DEN,RS,DEN,2314.0,,77,76,1
199611070DEN,RS,DEN,2364.0,,78,76,2
199611070DEN,RS,DEN,2364.0,,79,76,3
199611070DEN,RS,DEN,2377.0,T,79,79,0
199611070DEN,RS,DEN,2442.0,LC,79,80,-1
199611070DEN,RS,DEN,2442.0,,79,81,-2
199611070DEN,RS,DEN,2453.0,T,81,81,0
199611070DEN,RS,DEN,2464.0,,81,83,-2
199611070DEN,RS,DEN,2510.0,T,83,83,0
199611070DEN,RS,DEN,2548.0,LC,85,83,2
199611070DEN,RS,DEN,2569.0,,85,84,1
199611070DEN,RS,DEN,2601.0,T,85,85,0
199611070DEN,RS,DEN,2601.0,LC,85,86,-1
199611070DEN,RS,DEN,2616.0,LC,87,86,1
199611070DEN,RS,DEN,2616.0,,88,86,2
199611070DEN,RS,DEN,2627.0,T,88,88,0
199611070DEN,RS,DEN,2756.0,,90,88,2
199611070DEN,RS,DEN,2775.0,,90,89,1
199611070DEN,RS,DEN,2775.0,T,90,90,0
199611070DEN,RS,DEN,2824.0,,91,90,1
199611070DEN,RS,DEN,2824.0,,92,90,2
199611070DEN,RS,DEN,2836.0,,92,91,1
199611070DEN,RS,DEN,2836.0,T,92,92,0
199611070DEN,RS,DEN,2849.0,,94,92,2
199611070DEN,RS,DEN,2868.0,T,94,94,0
199611070DEN,RS,DEN,2900.0,,97,94,3
199611070DEN,RS,DEN,2935.0,,98,94,4
199611070DEN,RS,DEN,2935.0,,99,94,5
199611070DEN,RS,DEN,2942.0,,99,95,4
199611070DEN,RS,DEN,2942.0,,99,96,3
199611070DEN,RS,DEN,3004.0,,101,96,5
199611070DEN,RS,DEN,3009.0,,101,98,3
199611070DEN,RS,DEN,3031.0,,103,98,5
199611070DEN,RS,DEN,3052.0,,103,101,2
199611070DEN,RS,DEN,3082.0,,105,101,4
199611070DEN,RS,DEN,3091.0,,105,103,2
199611070DEN,RS,DEN,3107.0,,107,103,4
199611070DEN,RS,DEN,3146.0,,108,103,5
199611070DEN,RS,DEN,3146.0,,109,103,6
199611070DEN,RS,DEN,3154.0,,109,105,4
199611070DEN,RS,DEN,3163.0,,109,108,1
199611070DEN,RS,DEN,3165.0,F,110,108,2
199611070DEN,RS,DEN,3180.0,,110,108,2
199611090HOU,RS,UTA,0.0,,0,0,0
199611090HOU,RS,UTA,16.0,,2,0,2
199611090HOU,RS,UTA,29.0,T,2,2,0
199611090HOU,RS,UTA,45.0,,3,2,1
199611090HOU,RS,UTA,69.0,,5,2,3
199611090HOU,RS,UTA,89.0,,5,4,1
199611090HOU,RS,UTA,133.0,T,5,5,0
199611090HOU,RS,UTA,162.0,,7,5,2
199611090HOU,RS,UTA,253.0,,9,5,4
199611090HOU,RS,UTA,280.0,,9,6,3
199611090HOU,RS,UTA,280.0,,9,7,2
199611090HOU,RS,UTA,298.0,,11,7,4
199611090HOU,RS,UTA,349.0,,11,9,2
199611090HOU,RS,UTA,361.0,,13,9,4
199611090HOU,RS,UTA,381.0,,13,11,2
199611090HOU,RS,UTA,395.0,,16,11,5
199611090HOU,RS,UTA,444.0,,16,13,3
199611090HOU,RS,UTA,464.0,,16,15,1
199611090HOU,RS,UTA,478.0,,18,15,3
199611090HOU,RS,UTA,499.0,,18,17,1
199611090HOU,RS,UTA,526.0,,19,17,2
199611090HOU,RS,UTA,606.0,T,19,19,0
199611090HOU,RS,UTA,654.0,,20,19,1
199611090HOU,RS,UTA,654.0,,21,19,2
199611090HOU,RS,UTA,743.0,T,21,21,0
199611090HOU,RS,UTA,797.0,,23,21,2
199611090HOU,RS,UTA,804.0,,23,22,1
199611090HOU,RS,UTA,844.0,LC,23,24,-1
199611090HOU,RS,UTA,930.0,T,24,24,0
199611090HOU,RS,UTA,958.0,,24,26,-2
199611090HOU,RS,UTA,963.0,,24,27,-3
199611090HOU,RS,UTA,972.0,,25,27,-2
199611090HOU,RS,UTA,972.0,,26,27,-1
199611090HOU,RS,UTA,1025.0,LC,28,27,1
199611090HOU,RS,UTA,1039.0,LC,28,29,-1
199611090HOU,RS,UTA,1127.0,LC,30,29,1
199611090HOU,RS,UTA,1157.0,,31,29,2
199611090HOU,RS,UTA,1157.0,,32,29,3
199611090HOU,RS,UTA,1165.0,,32,30,2
199611090HOU,RS,UTA,1176.0,,32,31,1
199611090HOU,RS,UTA,1176.0,T,32,32,0
199611090HOU,RS,UTA,1200.0,,34,32,2
199611090HOU,RS,UTA,1215.0,T,34,34,0
199611090HOU,RS,UTA,1224.0,,36,34,2
199611090HOU,RS,UTA,1241.0,T,36,36,0
199611090HOU,RS,UTA,1264.0,,38,36,2
199611090HOU,RS,UTA,1292.0,T,38,38,0
199611090HOU,RS,UTA,1343.0,LC,38,39,-1
199611090HOU,RS,UTA,1343.0,,38,40,-2
199611090HOU,RS,UTA,1361.0,T,40,40,0
199611090HOU,RS,UTA,1377.0,,40,42,-2
199611090HOU,RS,UTA,1416.0,T,42,42,0
199611090HOU,RS,UTA,1435.0,,42,43,-1
199611090HOU,RS,UTA,1483.0,LC,44,43,1
199611090HOU,RS,UTA,1498.0,T,44,44,0
199611090HOU,RS,UTA,1528.0,LC,44,45,-1
199611090HOU,RS,UTA,1576.0,,44,46,-2
199611090HOU,RS,UTA,1576.0,,44,47,-3
199611090HOU,RS,UTA,1597.0,,44,49,-5
199611090HOU,RS,UTA,1612.0,,46,49,-3
199611090HOU,RS,UTA,1693.0,,46,50,-4
199611090HOU,RS,UTA,1729.0,,46,51,-5
199611090HOU,RS,UTA,1761.0,,47,51,-4
199611090HOU,RS,UTA,1761.0,,48,51,-3
199611090HOU,RS,UTA,1805.0,,48,53,-5
199611090HOU,RS,UTA,1820.0,,51,53,-2
199611090HOU,RS,UTA,1837.0,,51,55,-4
199611090HOU,RS,UTA,1873.0,,51,57,-6
199611090HOU,RS,UTA,1886.0,,53,57,-4
199611090HOU,RS,UTA,1924.0,,53,59,-6
199611090HOU,RS,UTA,1943.0,,54,59,-5
199611090HOU,RS,UTA,1973.0,,56,59,-3
199611090HOU,RS,UTA,1973.0,,57,59,-2
199611090HOU,RS,UTA,1989.0,,57,61,-4
199611090HOU,RS,UTA,2015.0,,59,61,-2
199611090HOU,RS,UTA,2024.0,,60,61,-1
199611090HOU,RS,UTA,2063.0,,60,63,-3
199611090HOU,RS,UTA,2091.0,,60,64,-4
199611090HOU,RS,UTA,2094.0,,61,64,-3
199611090HOU,RS,UTA,2094.0,,62,64,-2
199611090HOU,RS,UTA,2135.0,,62,65,-3
199611090HOU,RS,UTA,2183.0,,64,65,-1
199611090HOU,RS,UTA,2183.0,T,65,65,0
199611090HOU,RS,UTA,2199.0,,65,67,-2
199611090HOU,RS,UTA,2256.0,,66,67,-1
199611090HOU,RS,UTA,2256.0,T,67,67,0
199611090HOU,RS,UTA,2286.0,LC,70,67,3
199611090HOU,RS,UTA,2299.0,,70,68,2
199611090HOU,RS,UTA,2309.0,,71,68,3
199611090HOU,RS,UTA,2309.0,,72,68,4
199611090HOU,RS,UTA,2328.0,,72,70,2
199611090HOU,RS,UTA,2403.0,LC,72,73,-1
199611090HOU,RS,UTA,2418.0,LC,74,73,1
199611090HOU,RS,UTA,2457.0,LC,74,75,-1
199611090HOU,RS,UTA,2514.0,LC,76,75,1
199611090HOU,RS,UTA,2551.0,,79,75,4
199611090HOU,RS,UTA,2586.0,,81,75,6
199611090HOU,RS,UTA,2618.0,,83,75,8
199611090HOU,RS,UTA,2618.0,,84,75,9
199611090HOU,RS,UTA,2629.0,,84,77,7
199611090HOU,RS,UTA,2640.0,,85,77,8
199611090HOU,RS,UTA,2640.0,,86,77,9
199611090HOU,RS,UTA,2652.0,,86,79,7
199611090HOU,RS,UTA,2675.0,,86,81,5
199611090HOU,RS,UTA,2722.0,,86,83,3
199611090HOU,RS,UTA,2771.0,,89,83,6
199611090HOU,RS,UTA,2818.0,,89,85,4
199611090HOU,RS,UTA,2849.0,,90,85,5
199611090HOU,RS,UTA,2872.0,F,91,85,6
199611090HOU,RS,UTA,2880.0,,91,85,6
199611120HOU,RS,LAL,0.0,,0,0,0
199611120HOU,RS,LAL,19.0,,0,2,-2
199611120HOU,RS,LAL,108.0,,0,4,-4
199611120HOU,RS,LAL,135.0,,3,4,-1
199611120HOU,RS,LAL,150.0,,3,5,-2
199611120HOU,RS,LAL,150.0,,3,6,-3
199611120HOU,RS,LAL,161.0,,5,6,-1
199611120HOU,RS,LAL,181.0,LC,8,6,2
199611120HOU,RS,LAL,235.0,,9,6,3
199611120HOU,RS,LAL,235.0,,10,6,4
199611120HOU,RS,LAL,259.0,,10,8,2
199611120HOU,RS,LAL,296.0,T,10,10,0
199611120HOU,RS,LAL,325.0,LC,10,12,-2
199611120HOU,RS,LAL,376.0,T,12,12,0
199611120HOU,RS,LAL,400.0,,12,14,-2
199611120HOU,RS,LAL,444.0,,12,16,-4
199611120HOU,RS,LAL,462.0,,14,16,-2
199611120HOU,RS,LAL,465.0,,14,18,-4
199611120HOU,RS,LAL,480.0,,16,18,-2
199611120HOU,RS,LAL,499.0,,16,20,-4
199611120HOU,RS,LAL,514.0,,18,20,-2
199611120HOU,RS,LAL,523.0,,18,23,-5
199611120HOU,RS,LAL,538.0,,19,23,-4
199611120HOU,RS,LAL,549.0,,19,26,-7
199611120HOU,RS,LAL,602.0,,19,28,-9
199611120HOU,RS,LAL,694.0,,21,28,-7
199611120HOU,RS,LAL,701.0,,21,30,-9
199611120HOU,RS,LAL,715.0,,23,30,-7
199611120HOU,RS,LAL,741.0,,25,30,-5
199611120HOU,RS,LAL,801.0,,27,30,-3
199611120HOU,RS,LAL,832.0,,29,30,-1
199611120HOU,RS,LAL,832.0,T,30,30,0
199611120HOU,RS,LAL,875.0,,30,31,-1
199611120HOU,RS,LAL,915.0,LC,32,31,1
199611120HOU,RS,LAL,934.0,LC,32,33,-1
199611120HOU,RS,LAL,961.0,LC,34,33,1
199611120HOU,RS,LAL,1018.0,LC,34,36,-2
199611120HOU,RS,LAL,1037.0,,35,36,-1
199611120HOU,RS,LAL,1037.0,T,36,36,0
199611120HOU,RS,LAL,1056.0,,36,38,-2
199611120HOU,RS,LAL,1080.0,T,38,38,0
199611120HOU,RS,LAL,1120.0,LC,40,38,2
199611120HOU,RS,LAL,1152.0,,42,38,4
199611120HOU,RS,LAL,1189.0,,42,40,2
199611120HOU,RS,LAL,1206.0,,43,40,3
199611120HOU,RS,LAL,1283.0,,44,40,4
199611120HOU,RS,LAL,1283.0,,45,40,5
199611120HOU,RS,LAL,1303.0,,45,43,2
199611120HOU,RS,LAL,1325.0,,48,43,5
199611120HOU,RS,LAL,1359.0,,48,45,3
199611120HOU,RS,LAL,1386.0,,48,47,1
199611120HOU,RS,LAL,1407.0,,49,47,2
199611120HOU,RS,LAL,1428.0,,49,48,1
199611120HOU,RS,LAL,1428.0,T,49,49,0
199611120HOU,RS,LAL,1455.0,,51,49,2
199611120HOU,RS,LAL,1480.0,,53,49,4
199611120HOU,RS,LAL,1518.0,,56,49,7
199611120HOU,RS,LAL,1543.0,,56,51,5
199611120HOU,RS,LAL,1544.0,,56,52,4
199611120HOU,RS,LAL,1605.0,,58,52,6
199611120HOU,RS,LAL,1635.0,,58,54,4
199611120HOU,RS,LAL,1663.0,,58,56,2
199611120HOU,RS,LAL,1663.0,,58,57,1
199611120HOU,RS,LAL,1682.0,,60,57,3
199611120HOU,RS,LAL,1698.0,,60,59,1
199611120HOU,RS,LAL,1746.0,LC,60,61,-1
199611120HOU,RS,LAL,1746.0,,60,62,-2
199611120HOU,RS,LAL,1761.0,T,62,62,0
199611120HOU,RS,LAL,1761.0,LC,63,62,1
199611120HOU,RS,LAL,1784.0,LC,63,64,-1
199611120HOU,RS,LAL,1805.0,T,64,64,0
199611120HOU,RS,LAL,1888.0,,64,66,-2
199611120HOU,RS,LAL,1920.0,,64,69,-5
199611120HOU,RS,LAL,1938.0,,66,69,-3
199611120HOU,RS,LAL,1980.0,,66,70,-4
199611120HOU,RS,LAL,1980.0,,66,71,-5
199611120HOU,RS,LAL,1994.0,,69,71,-2
199611120HOU,RS,LAL,2013.0,,69,72,-3
199611120HOU,RS,LAL,2054.0,,69,74,-5
199611120HOU,RS,LAL,2071.0,,70,74,-4
199611120HOU,RS,LAL,2083.0,,70,76,-6
199611120HOU,RS,LAL,2123.0,,70,78,-8
199611120HOU,RS,LAL,2175.0,,70,79,-9
199611120HOU,RS,LAL,2175.0,,70,80,-10
199611120HOU,RS,LAL,2175.0,,70,81,-11
199611120HOU,RS,LAL,2199.0,,72,81,-9
199611120HOU,RS,LAL,2199.0,,73,81,-8
199611120HOU,RS,LAL,2233.0,,73,83,-10
199611120HOU,RS,LAL,2245.0,,75,83,-8
199611120HOU,RS,LAL,2245.0,,76,83,-7
199611120HOU,RS,LAL,2262.0,,76,86,-10
199611120HOU,RS,LAL,2275.0,,77,86,-9
199611120HOU,RS,LAL,2379.0,,77,88,-11
199611120HOU,RS,LAL,2381.0,,77,89,-12
199611120HOU,RS,LAL,2397.0,,79,89,-10
199611120HOU,RS,LAL,2451.0,,81,89,-8
199611120HOU,RS,LAL,2453.0,,81,90,-9
199611120HOU,RS,LAL,2480.0,,84,90,-6
199611120HOU,RS,LAL,2499.0,,84,92,-8
199611120HOU,RS,LAL,2518.0,,87,92,-5
199611120HOU,RS,LAL,2635.0,,87,94,-7
199611120HOU,RS,LAL,2651.0,,90,94,-4
199611120HOU,RS,LAL,2717.0,,91,94,-3
199611120HOU,RS,LAL,2779.0,,91,97,-6
199611120HOU,RS,LAL,2831.0,,94,97,-3
199611120HOU,RS,LAL,2856.0,,94,98,-4
199611120HOU,RS,LAL,2863.0,,96,98,-2
199611120HOU,RS,LAL,2863.0,,97,98,-1
199611120HOU,RS,LAL,2865.0,,97,99,-2
199611120HOU,RS,LAL,2865.0,,97,100,-3
199611120HOU,RS,LAL,2875.0,T,100,100,0
199611120HOU,RS,LAL,2896.0,,100,102,-2
199611120HOU,RS,LAL,2938.0,,101,102,-1
199611120HOU,RS,LAL,2938.0,T,102,102,0
199611120HOU,RS,LAL,2950.0,,102,104,-2
199611120HOU,RS,LAL,2972.0,T,104,104,0
199611120HOU,RS,LAL,2993.0,,104,106,-2
199611120HOU,RS,LAL,3010.0,LC,107,106,1
199611120HOU,RS,LAL,3047.0,,109,106,3
199611120HOU,RS,LAL,3064.0,,109,107,2
199611120HOU,RS,LAL,3064.0,,109,108,1
199611120HOU,RS,LAL,3121.0,,111,108,3
199611120HOU,RS,LAL,3136.0,T,111,111,0
199611120HOU,RS,LAL,3155.0,,113,111,2
199611120HOU,RS,LAL,3172.0,,113,112,1
199611120HOU,RS,LAL,3172.0,T,113,113,0
199611120HOU,RS,LAL,3198.0,LC,113,115,-2
199611120HOU,RS,LAL,3231.0,,113,118,-5
199611120HOU,RS,LAL,3357.0,,113,121,-8
199611120HOU,RS,LAL,3370.0,,115,121,-6
199611120HOU,RS,LAL,3387.0,,115,122,-7
199611120HOU,RS,LAL,3421.0,F,115,124,-9
199611120HOU,RS,LAL,3460.0,,115,126,-11
199611140HOU,RS,IND,0.0,,0,0,0
199611140HOU,RS,IND,37.0,,2,0,2
199611140HOU,RS,IND,52.0,T,2,2,0
199611140HOU,RS,IND,68.0,,4,2,2
199611140HOU,RS,IND,68.0,,5,2,3
199611140HOU,RS,IND,85.0,,5,4,1
199611140HOU,RS,IND,120.0,LC,5,6,-1
199611140HOU,RS,IND,157.0,,5,8,-3
199611140HOU,RS,IND,181.0,,5,10,-5
199611140HOU,RS,IND,208.0,,5,11,-6
199611140HOU,RS,IND,281.0,,7,11,-4
199611140HOU,RS,IND,342.0,,7,12,-5
199611140HOU,RS,IND,342.0,,7,13,-6
199611140HOU,RS,IND,363.0,,9,13,-4
199611140HOU,RS,IND,387.0,,10,13,-3
199611140HOU,RS,IND,414.0,,11,13,-2
199611140HOU,RS,IND,414.0,,12,13,-1
199611140HOU,RS,IND,428.0,,12,15,-3
199611140HOU,RS,IND,439.0,,14,15,-1
199611140HOU,RS,IND,470.0,,14,16,-2
199611140HOU,RS,IND,509.0,T,16,16,0
199611140HOU,RS,IND,540.0,LC,17,16,1
199611140HOU,RS,IND,554.0,LC,17,18,-1
199611140HOU,RS,IND,569.0,LC,19,18,1
199611140HOU,RS,IND,589.0,LC,19,20,-1
199611140HOU,RS,IND,615.0,T,20,20,0
199611140HOU,RS,IND,616.0,LC,21,20,1
199611140HOU,RS,IND,616.0,,22,20,2
199611140HOU,RS,IND,648.0,T,22,22,0
199611140HOU,RS,IND,662.0,,24,22,2
199611140HOU,RS,IND,719.0,LC,24,25,-1
199611140HOU,RS,IND,779.0,,24,27,-3
199611140HOU,RS,IND,798.0,,24,28,-4
199611140HOU,RS,IND,836.0,,24,29,-5
199611140HOU,RS,IND,903.0,,26,29,-3
199611140HOU,RS,IND,944.0,,26,31,-5
199611140HOU,RS,IND,966.0,,28,31,-3
199611140HOU,RS,IND,986.0,,28,32,-4
199611140HOU,RS,IND,986.0,,28,33,-5
199611140HOU,RS,IND,986.0,,29,33,-4
199611140HOU,RS,IND,1021.0,,29,34,-5
199611140HOU,RS,IND,1021.0,,29,35,-6
199611140HOU,RS,IND,1074.0,,30,35,-5
199611140HOU,RS,IND,1083.0,,30,36,-6
199611140HOU,RS,IND,1083.0,,30,37,-7
199611140HOU,RS,IND,1101.0,,33,37,-4
199611140HOU,RS,IND,1115.0,,33,39,-6
199611140HOU,RS,IND,1115.0,,33,40,-7
199611140HOU,RS,IND,1147.0,,35,40,-5
199611140HOU,RS,IND,1167.0,,38,40,-2
199611140HOU,RS,IND,1188.0,,39,40,-1
199611140HOU,RS,IND,1188.0,T,40,40,0
199611140HOU,RS,IND,1216.0,LC,42,40,2
199611140HOU,RS,IND,1216.0,,43,40,3
199611140HOU,RS,IND,1231.0,,43,42,1
199611140HOU,RS,IND,1335.0,LC,43,44,-1
199611140HOU,RS,IND,1364.0,T,44,44,0
199611140HOU,RS,IND,1364.0,LC,45,44,1
199611140HOU,RS,IND,1388.0,LC,45,46,-1
199611140HOU,RS,IND,1438.0,LC,47,46,1
199611140HOU,RS,IND,1475.0,,48,46,2
199611140HOU,RS,IND,1509.0,T,48,48,0
199611140HOU,RS,IND,1579.0,LC,48,51,-3
199611140HOU,RS,IND,1601.0,,50,51,-1
199611140HOU,RS,IND,1618.0,,50,54,-4
199611140HOU,RS,IND,1684.0,,50,56,-6
199611140HOU,RS,IND,1699.0,,52,56,-4
199611140HOU,RS,IND,1735.0,,55,56,-1
199611140HOU,RS,IND,1793.0,,55,58,-3
199611140HOU,RS,IND,1844.0,,57,58,-1
199611140HOU,RS,IND,1893.0,T,58,58,0
199611140HOU,RS,IND,1893.0,LC,59,58,1
199611140HOU,RS,IND,1907.0,LC,59,60,-1
199611140HOU,RS,IND,1929.0,,59,62,-3
199611140HOU,RS,IND,1953.0,,59,64,-5
199611140HOU,RS,IND,1971.0,,61,64,-3
199611140HOU,RS,IND,1996.0,,61,66,-5
199611140HOU,RS,IND,2022.0,,61,68,-7
199611140HOU,RS,IND,2052.0,,61,70,-9
199611140HOU,RS,IND,2071.0,,62,70,-8
199611140HOU,RS,IND,2071.0,,63,70,-7
199611140HOU,RS,IND,2143.0,,63,72,-9
199611140HOU,RS,IND,2175.0,,66,72,-6
199611140HOU,RS,IND,2192.0,,66,73,-7
199611140HOU,RS,IND,2241.0,,66,75,-9
199611140HOU,RS,IND,2349.0,,69,75,-6
199611140HOU,RS,IND,2369.0,,69,76,-7
199611140HOU,RS,IND,2397.0,,71,76,-5
199611140HOU,RS,IND,2443.0,,71,78,-7
199611140HOU,RS,IND,2471.0,,71,80,-9
199611140HOU,RS,IND,2488.0,,74,80,-6
199611140HOU,RS,IND,2523.0,,75,80,-5
199611140HOU,RS,IND,2540.0,,75,82,-7
199611140HOU,RS,IND,2570.0,,75,84,-9
199611140HOU,RS,IND,2588.0,,76,84,-8
199611140HOU,RS,IND,2608.0,,76,85,-9
199611140HOU,RS,IND,2636.0,,78,85,-7
199611140HOU,RS,IND,2665.0,,79,85,-6
199611140HOU,RS,IND,2665.0,,80,85,-5
199611140HOU,RS,IND,2691.0,,82,85,-3
199611140HOU,RS,IND,2741.0,,82,86,-4
199611140HOU,RS,IND,2759.0,,84,86,-2
199611140HOU,RS,IND,2759.0,,85,86,-1
199611140HOU,RS,IND,2787.0,LC,87,86,1
199611140HOU,RS,IND,2823.0,,88,86,2
199611140HOU,RS,IND,2846.0,,88,87,1
199611140HOU,RS,IND,2846.0,T,88,88,0
199611140HOU,RS,IND,2860.0,F,90,88,2
199611140HOU,RS,IND,2880.0,,90,88,2
199611160HOU,RS,GSW,0.0,,0,0,0
199611160HOU,RS,GSW,9.0,,2,0,2
199611160HOU,RS,GSW,24.0,T,2,2,0
199611160HOU,RS,GSW,39.0,,4,2,2
199611160HOU,RS,GSW,56.0,T,4,4,0
199611160HOU,RS,GSW,68.0,,6,4,2
199611160HOU,RS,GSW,85.0,T,6,6,0
199611160HOU,RS,GSW,100.0,,8,6,2
199611160HOU,RS,GSW,138.0,T,8,8,0
199611160HOU,RS,GSW,185.0,,11,8,3
199611160HOU,RS,GSW,250.0,,14,8,6
199611160HOU,RS,GSW,266.0,,14,10,4
199611160HOU,RS,GSW,309.0,,16,10,6
199611160HOU,RS,GSW,309.0,,17,10,7
199611160HOU,RS,GSW,376.0,,17,12,5
199611160HOU,RS,GSW,406.0,,17,13,4
199611160HOU,RS,GSW,435.0,,17,15,2
199611160HOU,RS,GSW,483.0,T,17,17,0
199611160HOU,RS,GSW,501.0,,20,17,3
199611160HOU,RS,GSW,515.0,,20,19,1
199611160HOU,RS,GSW,534.0,,23,19,4
199611160HOU,RS,GSW,559.0,,23,21,2
199611160HOU,RS,GSW,577.0,,25,21,4
199611160HOU,RS,GSW,591.0,,27,21,6
199611160HOU,RS,GSW,652.0,,27,23,4
199611160HOU,RS,GSW,818.0,,29,23,6
199611160HOU,RS,GSW,840.0,,30,23,7
199611160HOU,RS,GSW,851.0,,30,25,5
199611160HOU,RS,GSW,863.0,,32,25,7
199611160HOU,RS,GSW,899.0,,34,25,9
199611160HOU,RS,GSW,926.0,,34,27,7
199611160HOU,RS,GSW,949.0,,34,29,5
199611160HOU,RS,GSW,964.0,,37,29,8
199611160HOU,RS,GSW,979.0,,37,31,6
199611160HOU,RS,GSW,1000.0,,39,31,8
199611160HOU,RS,GSW,1015.0,,39,33,6
199611160HOU,RS,GSW,1044.0,,41,33,8
199611160HOU,RS,GSW,1065.0,,43,33,10
199611160HOU,RS,GSW,1087.0,,43,35,8
199611160HOU,RS,GSW,1100.0,,45,35,10
199611160HOU,RS,GSW,1127.0,,45,37,8
199611160HOU,RS,GSW,1141.0,,46,37,9
199611160HOU,RS,GSW,1141.0,,47,37,10
199611160HOU,RS,GSW,1163.0,,47,39,8
199611160HOU,RS,GSW,1193.0,,47,41,6
199611160HOU,RS,GSW,1215.0,,47,43,4
199611160HOU,RS,GSW,1244.0,,49,43,6
199611160HOU,RS,GSW,1256.0,,49,45,4
199611160HOU,RS,GSW,1286.0,,49,47,2
199611160HOU,RS,GSW,1306.0,,51,47,4
199611160HOU,RS,GSW,1359.0,,51,49,2
199611160HOU,RS,GSW,1382.0,,52,49,3
199611160HOU,RS,GSW,1382.0,,53,49,4
199611160HOU,RS,GSW,1395.0,,53,51,2
199611160HOU,RS,GSW,1436.0,T,53,53,0
199611160HOU,RS,GSW,1455.0,LC,53,56,-3
199611160HOU,RS,GSW,1469.0,,55,56,-1
199611160HOU,RS,GSW,1484.0,,55,58,-3
199611160HOU,RS,GSW,1535.0,,57,58,-1
199611160HOU,RS,GSW,1558.0,LC,59,58,1
199611160HOU,RS,GSW,1612.0,,62,58,4
199611160HOU,RS,GSW,1649.0,,62,59,3
199611160HOU,RS,GSW,1649.0,,62,60,2
199611160HOU,RS,GSW,1663.0,,64,60,4
199611160HOU,RS,GSW,1683.0,,65,60,5
199611160HOU,RS,GSW,1683.0,,66,60,6
199611160HOU,RS,GSW,1704.0,,66,62,4
199611160HOU,RS,GSW,1720.0,,66,64,2
199611160HOU,RS,GSW,1737.0,,66,65,1
199611160HOU,RS,GSW,1757.0,,67,65,2
199611160HOU,RS,GSW,1772.0,T,67,67,0
199611160HOU,RS,GSW,1789.0,,69,67,2
199611160HOU,RS,GSW,1804.0,,72,67,5
199611160HOU,RS,GSW,1830.0,,72,68,4
199611160HOU,RS,GSW,1830.0,,72,69,3
199611160HOU,RS,GSW,1847.0,,74,69,5
199611160HOU,RS,GSW,1856.0,,74,71,3
199611160HOU,RS,GSW,1856.0,,74,72,2
199611160HOU,RS,GSW,1871.0,,76,72,4
199611160HOU,RS,GSW,1871.0,,76,73,3
199611160HOU,RS,GSW,1871.0,,76,74,2
199611160HOU,RS,GSW,1886.0,,77,74,3
199611160HOU,RS,GSW,1886.0,,78,74,4
199611160HOU,RS,GSW,1914.0,,80,74,6
199611160HOU,RS,GSW,1970.0,,82,74,8
199611160HOU,RS,GSW,2000.0,,84,74,10
199611160HOU,RS,GSW,2062.0,,84,75,9
199611160HOU,RS,GSW,2062.0,,84,76,8
199611160HOU,RS,GSW,2071.0,,86,76,10
199611160HOU,RS,GSW,2110.0,,88,76,12
199611160HOU,RS,GSW,2132.0,,88,78,10
199611160HOU,RS,GSW,2172.0,,91,78,13
199611160HOU,RS,GSW,2203.0,,91,80,11
199611160HOU,RS,GSW,2203.0,,91,81,10
199611160HOU,RS,GSW,2226.0,,92,81,11
199611160HOU,RS,GSW,2226.0,,93,81,12
199611160HOU,RS,GSW,2280.0,,93,83,10
199611160HOU,RS,GSW,2344.0,,96,83,13
199611160HOU,RS,GSW,2378.0,,98,83,15
199611160HOU,RS,GSW,2435.0,,100,83,17
199611160HOU,RS,GSW,2469.0,,100,85,15
199611160HOU,RS,GSW,2485.0,,102,85,17
199611160HOU,RS,GSW,2511.0,,102,87,15
199611160HOU,RS,GSW,2565.0,,102,89,13
199611160HOU,RS,GSW,2592.0,,102,91,11
199611160HOU,RS,GSW,2624.0,,102,93,9
199611160HOU,RS,GSW,2694.0,,102,96,6
199611160HOU,RS,GSW,2714.0,,103,96,7
199611160HOU,RS,GSW,2714.0,,104,96,8
199611160HOU,RS,GSW,2727.0,,104,97,7
199611160HOU,RS,GSW,2727.0,,104,98,6
199611160HOU,RS,GSW,2752.0,,104,100,4
199611160HOU,RS,GSW,2773.0,,107,100,7
199611160HOU,RS,GSW,2813.0,,107,103,4
199611160HOU,RS,GSW,2833.0,,109,103,6
199611160HOU,RS,GSW,2849.0,,110,103,7
199611160HOU,RS,GSW,2849.0,,111,103,8
199611160HOU,RS,GSW,2854.0,,112,103,9
199611160HOU,RS,GSW,2854.0,F,113,103,10
199611160HOU,RS,GSW,2874.0,,115,103,12
199611190HOU,RS,MIN,0.0,,0,0,0
199611190HOU,RS,MIN,5.0,,0,2,-2
199611190HOU,RS,MIN,42.0,,0,4,-4
199611190HOU,RS,MIN,104.0,,2,4,-2
199611190HOU,RS,MIN,113.0,,2,5,-3
199611190HOU,RS,MIN,131.0,,2,7,-5
199611190HOU,RS,MIN,153.0,,3,7,-4
199611190HOU,RS,MIN,162.0,,3,9,-6
199611190HOU,RS,MIN,183.0,,5,9,-4
199611190HOU,RS,MIN,232.0,,6,9,-3
199611190HOU,RS,MIN,261.0,T,9,9,0
199611190HOU,RS,MIN,281.0,,9,11,-2
199611190HOU,RS,MIN,333.0,T,11,11,0
199611190HOU,RS,MIN,371.0,LC,12,11,1
199611190HOU,RS,MIN,371.0,,13,11,2
199611190HOU,RS,MIN,397.0,,15,11,4
199611190HOU,RS,MIN,426.0,,18,11,7
199611190HOU,RS,MIN,448.0,,18,12,6
199611190HOU,RS,MIN,448.0,,18,13,5
199611190HOU,RS,MIN,466.0,,20,13,7
199611190HOU,RS,MIN,497.0,,22,13,9
199611190HOU,RS,MIN,512.0,,22,15,7
199611190HOU,RS,MIN,531.0,,23,15,8
199611190HOU,RS,MIN,531.0,,24,15,9
199611190HOU,RS,MIN,563.0,,26,15,11
199611190HOU,RS,MIN,599.0,,28,15,13
199611190HOU,RS,MIN,629.0,,28,17,11
199611190HOU,RS,MIN,651.0,,30,17,13
199611190HOU,RS,MIN,654.0,,32,17,15
199611190HOU,RS,MIN,674.0,,32,19,13
199611190HOU,RS,MIN,683.0,,33,19,14
199611190HOU,RS,MIN,683.0,,34,19,15
199611190HOU,RS,MIN,695.0,,34,21,13
199611190HOU,RS,MIN,720.0,,34,24,10
199611190HOU,RS,MIN,733.0,,35,24,11
199611190HOU,RS,MIN,733.0,,36,24,12
199611190HOU,RS,MIN,752.0,,36,27,9
199611190HOU,RS,MIN,770.0,,38,27,11
199611190HOU,RS,MIN,794.0,,38,29,9
199611190HOU,RS,MIN,814.0,,40,29,11
199611190HOU,RS,MIN,839.0,,40,32,8
199611190HOU,RS,MIN,855.0,,43,32,11
199611190HOU,RS,MIN,883.0,,43,35,8
199611190HOU,RS,MIN,899.0,,45,35,10
199611190HOU,RS,MIN,974.0,,47,35,12
199611190HOU,RS,MIN,996.0,,47,36,11
199611190HOU,RS,MIN,1009.0,,50,36,14
199611190HOU,RS,MIN,1048.0,,50,38,12
199611190HOU,RS,MIN,1066.0,,52,38,14
199611190HOU,RS,MIN,1083.0,,53,38,15
199611190HOU,RS,MIN,1118.0,,53,40,13
199611190HOU,RS,MIN,1143.0,,53,42,11
199611190HOU,RS,MIN,1163.0,,55,42,13
199611190HOU,RS,MIN,1194.0,,58,42,16
199611190HOU,RS,MIN,1208.0,,58,44,14
199611190HOU,RS,MIN,1226.0,,61,44,17
199611190HOU,RS,MIN,1326.0,,64,44,20
199611190HOU,RS,MIN,1365.0,,67,44,23
199611190HOU,RS,MIN,1390.0,,69,44,25
199611190HOU,RS,MIN,1409.0,,69,45,24
199611190HOU,RS,MIN,1409.0,,69,46,23
199611190HOU,RS,MIN,1412.0,,71,46,25
199611190HOU,RS,MIN,1440.0,,71,48,23
199611190HOU,RS,MIN,1463.0,,72,48,24
199611190HOU,RS,MIN,1463.0,,73,48,25
199611190HOU,RS,MIN,1539.0,,73,50,23
199611190HOU,RS,MIN,1557.0,,76,50,26
199611190HOU,RS,MIN,1586.0,,78,50,28
199611190HOU,RS,MIN,1613.0,,80,50,30
199611190HOU,RS,MIN,1633.0,,82,50,32
199611190HOU,RS,MIN,1648.0,,82,52,30
199611190HOU,RS,MIN,1684.0,,82,54,28
199611190HOU,RS,MIN,1684.0,,82,55,27
199611190HOU,RS,MIN,1716.0,,84,55,29
199611190HOU,RS,MIN,1773.0,,84,57,27
199611190HOU,RS,MIN,1818.0,,84,59,25
199611190HOU,RS,MIN,1843.0,,84,61,23
199611190HOU,RS,MIN,1884.0,,86,61,25
199611190HOU,RS,MIN,1942.0,,86,62,24
199611190HOU,RS,MIN,1976.0,,87,62,25
199611190HOU,RS,MIN,1976.0,,88,62,26
199611190HOU,RS,MIN,2011.0,,90,62,28
199611190HOU,RS,MIN,2035.0,,92,62,30
199611190HOU,RS,MIN,2071.0,,95,62,33
199611190HOU,RS,MIN,2094.0,,97,62,35
199611190HOU,RS,MIN,2128.0,,97,64,33
199611190HOU,RS,MIN,2180.0,,98,64,34
199611190HOU,RS,MIN,2195.0,,98,66,32
199611190HOU,RS,MIN,2236.0,,100,66,34
199611190HOU,RS,MIN,2252.0,,102,66,36
199611190HOU,RS,MIN,2363.0,,102,68,34
199611190HOU,RS,MIN,2375.0,,103,68,35
199611190HOU,RS,MIN,2375.0,,104,68,36
199611190HOU,RS,MIN,2398.0,,104,69,35
199611190HOU,RS,MIN,2424.0,,104,71,33
199611190HOU,RS,MIN,2424.0,,104,72,32
199611190HOU,RS,MIN,2439.0,,106,72,34
199611190HOU,RS,MIN,2457.0,,106,75,31
199611190HOU,RS,MIN,2477.0,,108,75,33
199611190HOU,RS,MIN,2520.0,,108,77,31
199611190HOU,RS,MIN,2548.0,,110,77,33
199611190HOU,RS,MIN,2576.0,,110,79,31
199611190HOU,RS,MIN,2599.0,,112,79,33
199611190HOU,RS,MIN,2611.0,,112,81,31
199611190HOU,RS,MIN,2660.0,,112,83,29
199611190HOU,RS,MIN,2676.0,,114,83,31
199611190HOU,RS,MIN,2692.0,,114,86,28
199611190HOU,RS,MIN,2761.0,,116,86,30
199611190HOU,RS,MIN,2772.0,,116,88,28
199611190HOU,RS,MIN,2791.0,,116,91,25
199611190HOU,RS,MIN,2810.0,,117,91,26
199611190HOU,RS,MIN,2810.0,,118,91,27
199611190HOU,RS,MIN,2855.0,,119,91,28
199611190HOU,RS,MIN,2855.0,,120,91,29
199611190HOU,RS,MIN,2866.0,,120,93,27
199611190HOU,RS,MIN,2875.0,F,122,93,29
199611190HOU,RS,MIN,2880.0,,122,93,29
199611210HOU,RS,PHO,0.0,,0,0,0
199611210HOU,RS,PHO,27.0,,2,0,2
199611210HOU,RS,PHO,77.0,,4,0,4
199611210HOU,RS,PHO,110.0,,6,0,6
199611210HOU,RS,PHO,134.0,,6,2,4
199611210HOU,RS,PHO,147.0,,8,2,6
199611210HOU,RS,PHO,241.0,,8,4,4
199611210HOU,RS,PHO,264.0,,11,4,7
199611210HOU,RS,PHO,276.0,,11,6,5
199611210HOU,RS,PHO,288.0,,11,8,3
199611210HOU,RS,PHO,288.0,,11,9,2
199611210HOU,RS,PHO,316.0,T,11,11,0
199611210HOU,RS,PHO,338.0,,12,11,1
199611210HOU,RS,PHO,338.0,,13,11,2
199611210HOU,RS,PHO,398.0,,13,12,1
199611210HOU,RS,PHO,419.0,,15,12,3
199611210HOU,RS,PHO,437.0,,15,14,1
199611210HOU,RS,PHO,454.0,,17,14,3
199611210HOU,RS,PHO,472.0,,17,16,1
199611210HOU,RS,PHO,512.0,LC,17,18,-1
199611210HOU,RS,PHO,622.0,LC,19,18,1
199611210HOU,RS,PHO,637.0,LC,19,20,-1
199611210HOU,RS,PHO,655.0,LC,21,20,1
199611210HOU,RS,PHO,669.0,LC,21,22,-1
199611210HOU,RS,PHO,719.0,LC,23,22,1
199611210HOU,RS,PHO,820.0,,25,22,3
199611210HOU,RS,PHO,841.0,,25,24,1
199611210HOU,RS,PHO,866.0,,26,24,2
199611210HOU,RS,PHO,866.0,,27,24,3
199611210HOU,RS,PHO,882.0,,27,26,1
199611210HOU,RS,PHO,899.0,,29,26,3
199611210HOU,RS,PHO,914.0,,29,28,1
199611210HOU,RS,PHO,942.0,LC,29,30,-1
199611210HOU,RS,PHO,1019.0,LC,31,30,1
199611210HOU,RS,PHO,1062.0,LC,31,32,-1
199611210HOU,RS,PHO,1077.0,LC,33,32,1
199611210HOU,RS,PHO,1091.0,LC,33,34,-1
199611210HOU,RS,PHO,1106.0,LC,35,34,1
199611210HOU,RS,PHO,1106.0,,36,34,2
199611210HOU,RS,PHO,1135.0,T,36,36,0
199611210HOU,RS,PHO,1164.0,LC,36,37,-1
199611210HOU,RS,PHO,1164.0,,36,38,-2
199611210HOU,RS,PHO,1186.0,T,38,38,0
199611210HOU,RS,PHO,1218.0,LC,40,38,2
199611210HOU,RS,PHO,1240.0,,40,39,1
199611210HOU,RS,PHO,1250.0,,42,39,3
199611210HOU,RS,PHO,1283.0,,45,39,6
199611210HOU,RS,PHO,1312.0,,45,42,3
199611210HOU,RS,PHO,1333.0,,47,42,5
199611210HOU,RS,PHO,1416.0,,49,42,7
199611210HOU,RS,PHO,1428.0,,49,43,6
199611210HOU,RS,PHO,1462.0,,51,43,8
199611210HOU,RS,PHO,1477.0,,51,45,6
199611210HOU,RS,PHO,1510.0,,51,47,4
199611210HOU,RS,PHO,1534.0,,53,47,6
199611210HOU,RS,PHO,1549.0,,53,49,4
199611210HOU,RS,PHO,1570.0,,56,49,7
199611210HOU,RS,PHO,1599.0,,56,51,5
199611210HOU,RS,PHO,1613.0,,58,51,7
199611210HOU,RS,PHO,1669.0,,61,51,10
199611210HOU,RS,PHO,1692.0,,61,53,8
199611210HOU,RS,PHO,1711.0,,63,53,10
199611210HOU,RS,PHO,1768.0,,65,53,12
199611210HOU,RS,PHO,1791.0,,65,56,9
199611210HOU,RS,PHO,1843.0,,67,56,11
199611210HOU,RS,PHO,1872.0,,67,58,9
199611210HOU,RS,PHO,1891.0,,69,58,11
199611210HOU,RS,PHO,1909.0,,71,58,13
199611210HOU,RS,PHO,1950.0,,73,58,15
199611210HOU,RS,PHO,1976.0,,74,58,16
199611210HOU,RS,PHO,1987.0,,74,60,14
199611210HOU,RS,PHO,2011.0,,75,60,15
199611210HOU,RS,PHO,2011.0,,76,60,16
199611210HOU,RS,PHO,2021.0,,76,63,13
199611210HOU,RS,PHO,2042.0,,78,63,15
199611210HOU,RS,PHO,2101.0,,80,63,17
199611210HOU,RS,PHO,2121.0,,80,65,15
199611210HOU,RS,PHO,2157.0,,80,67,13
199611210HOU,RS,PHO,2210.0,,81,67,14
199611210HOU,RS,PHO,2211.0,,83,67,16
199611210HOU,RS,PHO,2226.0,,83,70,13
199611210HOU,RS,PHO,2263.0,,83,72,11
199611210HOU,RS,PHO,2296.0,,83,75,8
199611210HOU,RS,PHO,2311.0,,86,75,11
199611210HOU,RS,PHO,2329.0,,86,77,9
199611210HOU,RS,PHO,2371.0,,89,77,12
199611210HOU,RS,PHO,2389.0,,89,79,10
199611210HOU,RS,PHO,2530.0,,91,79,12
199611210HOU,RS,PHO,2540.0,,92,79,13
199611210HOU,RS,PHO,2573.0,,92,82,10
199611210HOU,RS,PHO,2592.0,,94,82,12
199611210HOU,RS,PHO,2602.0,,94,84,10
199611210HOU,RS,PHO,2619.0,,95,84,11
199611210HOU,RS,PHO,2636.0,,95,86,9
199611210HOU,RS,PHO,2649.0,,95,88,7
199611210HOU,RS,PHO,2670.0,,96,88,8
199611210HOU,RS,PHO,2701.0,,97,88,9
199611210HOU,RS,PHO,2701.0,,98,88,10
199611210HOU,RS,PHO,2719.0,,98,89,9
199611210HOU,RS,PHO,2719.0,,98,90,8
199611210HOU,RS,PHO,2737.0,,99,90,9
199611210HOU,RS,PHO,2737.0,,99,91,8
199611210HOU,RS,PHO,2737.0,,100,91,9
199611210HOU,RS,PHO,2791.0,,100,94,6
199611210HOU,RS,PHO,2807.0,,103,94,9
199611210HOU,RS,PHO,2812.0,,103,96,7
199611210HOU,RS,PHO,2814.0,,104,96,8
199611210HOU,RS,PHO,2814.0,,105,96,9
199611210HOU,RS,PHO,2827.0,,106,96,10
199611210HOU,RS,PHO,2837.0,,107,96,11
199611210HOU,RS,PHO,2837.0,,108,96,12
199611210HOU,RS,PHO,2844.0,,108,99,9
199611210HOU,RS,PHO,2846.0,,109,99,10
199611210HOU,RS,PHO,2852.0,,109,101,8
199611210HOU,RS,PHO,2853.0,,110,101,9
199611210HOU,RS,PHO,2853.0,,111,101,10
199611210HOU,RS,PHO,2862.0,,112,101,11
199611210HOU,RS,PHO,2862.0,,113,101,12
199611210HOU,RS,PHO,2870.0,,113,103,10
199611210HOU,RS,PHO,2871.0,,114,103,11
199611210HOU,RS,PHO,2871.0,F,115,103,12
199611210HOU,RS,PHO,2877.0,,115,105,10
199611230GSW,RS,GSW,0.0,,0,0,0
199611230GSW,RS,GSW,34.0,,0,1,-1
199611230GSW,RS,GSW,72.0,,0,3,-3
199611230GSW,RS,GSW,87.0,,2,3,-1
199611230GSW,RS,GSW,101.0,,2,5,-3
199611230GSW,RS,GSW,153.0,,4,5,-1
199611230GSW,RS,GSW,194.0,,4,7,-3
199611230GSW,RS,GSW,242.0,,6,7,-1
199611230GSW,RS,GSW,262.0,,6,9,-3
199611230GSW,RS,GSW,350.0,,6,11,-5
199611230GSW,RS,GSW,394.0,,8,11,-3
199611230GSW,RS,GSW,416.0,,10,11,-1
199611230GSW,RS,GSW,416.0,T,11,11,0
199611230GSW,RS,GSW,430.0,,11,13,-2
199611230GSW,RS,GSW,430.0,,11,14,-3
199611230GSW,RS,GSW,459.0,,12,14,-2
199611230GSW,RS,GSW,472.0,,12,15,-3
199611230GSW,RS,GSW,517.0,,12,16,-4
199611230GSW,RS,GSW,533.0,,12,17,-5
199611230GSW,RS,GSW,533.0,,12,18,-6
199611230GSW,RS,GSW,578.0,,14,18,-4
199611230GSW,RS,GSW,594.0,,14,20,-6
199611230GSW,RS,GSW,614.0,,17,20,-3
199611230GSW,RS,GSW,632.0,,17,21,-4
199611230GSW,RS,GSW,632.0,,17,22,-5
199611230GSW,RS,GSW,650.0,,18,22,-4
199611230GSW,RS,GSW,650.0,,19,22,-3
199611230GSW,RS,GSW,660.0,,19,24,-5
199611230GSW,RS,GSW,715.0,,20,24,-4
199611230GSW,RS,GSW,715.0,,21,24,-3
199611230GSW,RS,GSW,838.0,,21,26,-5
199611230GSW,RS,GSW,858.0,,24,26,-2
199611230GSW,RS,GSW,873.0,,24,28,-4
199611230GSW,RS,GSW,890.0,,26,28,-2
199611230GSW,RS,GSW,903.0,,26,31,-5
199611230GSW,RS,GSW,933.0,,26,33,-7
199611230GSW,RS,GSW,966.0,,26,36,-10
199611230GSW,RS,GSW,981.0,,28,36,-8
199611230GSW,RS,GSW,1001.0,,28,39,-11
199611230GSW,RS,GSW,1042.0,,28,41,-13
199611230GSW,RS,GSW,1085.0,,28,43,-15
199611230GSW,RS,GSW,1085.0,,28,44,-16
199611230GSW,RS,GSW,1097.0,,29,44,-15
199611230GSW,RS,GSW,1122.0,,31,44,-13
199611230GSW,RS,GSW,1135.0,,32,44,-12
199611230GSW,RS,GSW,1140.0,,34,44,-10
199611230GSW,RS,GSW,1197.0,,34,45,-11
199611230GSW,RS,GSW,1251.0,,34,47,-13
199611230GSW,RS,GSW,1261.0,,35,47,-12
199611230GSW,RS,GSW,1261.0,,36,47,-11
199611230GSW,RS,GSW,1293.0,,37,47,-10
199611230GSW,RS,GSW,1319.0,,37,50,-13
199611230GSW,RS,GSW,1336.0,,40,50,-10
199611230GSW,RS,GSW,1345.0,,40,53,-13
199611230GSW,RS,GSW,1363.0,,42,53,-11
199611230GSW,RS,GSW,1363.0,,43,53,-10
199611230GSW,RS,GSW,1380.0,,43,55,-12
199611230GSW,RS,GSW,1411.0,,43,57,-14
199611230GSW,RS,GSW,1435.0,,46,57,-11
199611230GSW,RS,GSW,1440.0,,46,59,-13
199611230GSW,RS,GSW,1464.0,,46,61,-15
199611230GSW,RS,GSW,1481.0,,49,61,-12
199611230GSW,RS,GSW,1507.0,,51,61,-10
199611230GSW,RS,GSW,1513.0,,51,62,-11
199611230GSW,RS,GSW,1532.0,,53,62,-9
199611230GSW,RS,GSW,1577.0,,53,64,-11
199611230GSW,RS,GSW,1593.0,,56,64,-8
199611230GSW,RS,GSW,1636.0,,57,64,-7
199611230GSW,RS,GSW,1651.0,,59,64,-5
199611230GSW,RS,GSW,1667.0,,60,64,-4
199611230GSW,RS,GSW,1667.0,,61,64,-3
199611230GSW,RS,GSW,1687.0,,63,64,-1
199611230GSW,RS,GSW,1696.0,,63,66,-3
199611230GSW,RS,GSW,1696.0,,63,67,-4
199611230GSW,RS,GSW,1718.0,,66,67,-1
199611230GSW,RS,GSW,1740.0,,66,69,-3
199611230GSW,RS,GSW,1754.0,,68,69,-1
199611230GSW,RS,GSW,1778.0,T,69,69,0
199611230GSW,RS,GSW,1778.0,LC,70,69,1
199611230GSW,RS,GSW,1810.0,,72,69,3
199611230GSW,RS,GSW,1839.0,,74,69,5
199611230GSW,RS,GSW,1861.0,,75,69,6
199611230GSW,RS,GSW,1861.0,,76,69,7
199611230GSW,RS,GSW,1875.0,,76,72,4
199611230GSW,RS,GSW,1909.0,,76,74,2
199611230GSW,RS,GSW,1974.0,,77,74,3
199611230GSW,RS,GSW,1974.0,,78,74,4
199611230GSW,RS,GSW,1991.0,,78,77,1
199611230GSW,RS,GSW,2054.0,LC,78,79,-1
199611230GSW,RS,GSW,2082.0,T,79,79,0
199611230GSW,RS,GSW,2104.0,LC,82,79,3
199611230GSW,RS,GSW,2121.0,,82,80,2
199611230GSW,RS,GSW,2138.0,,84,80,4
199611230GSW,RS,GSW,2140.0,,86,80,6
199611230GSW,RS,GSW,2156.0,,86,82,4
199611230GSW,RS,GSW,2183.0,,88,82,6
199611230GSW,RS,GSW,2203.0,,88,85,3
199611230GSW,RS,GSW,2253.0,,90,85,5
199611230GSW,RS,GSW,2275.0,,93,85,8
199611230GSW,RS,GSW,2298.0,,93,87,6
199611230GSW,RS,GSW,2308.0,,94,87,7
199611230GSW,RS,GSW,2362.0,,96,87,9
199611230GSW,RS,GSW,2409.0,,96,89,7
199611230GSW,RS,GSW,2482.0,,96,91,5
199611230GSW,RS,GSW,2530.0,,96,93,3
199611230GSW,RS,GSW,2565.0,,96,95,1
199611230GSW,RS,GSW,2589.0,,98,95,3
199611230GSW,RS,GSW,2732.0,T,98,98,0
199611230GSW,RS,GSW,2754.0,,99,98,1
199611230GSW,RS,GSW,2754.0,,100,98,2
199611230GSW,RS,GSW,2765.0,T,100,100,0
199611230GSW,RS,GSW,2776.0,,102,100,2
199611230GSW,RS,GSW,2790.0,LC,102,103,-1
199611230GSW,RS,GSW,2822.0,,102,105,-3
199611230GSW,RS,GSW,2822.0,,102,106,-4
199611230GSW,RS,GSW,2826.0,,103,106,-3
199611230GSW,RS,GSW,2850.0,,105,106,-1
199611230GSW,RS,GSW,2850.0,T,106,106,0
199611230GSW,RS,GSW,2853.0,,106,107,-1
199611230GSW,RS,GSW,2853.0,,106,108,-2
199611230GSW,RS,GSW,2866.0,,107,108,-1
199611230GSW,RS,GSW,2866.0,T,108,108,0
199611230GSW,RS,GSW,2905.0,,108,111,-3
199611230GSW,RS,GSW,2962.0,,109,111,-2
199611230GSW,RS,GSW,3019.0,,110,111,-1
199611230GSW,RS,GSW,3019.0,T,111,111,0
199611230GSW,RS,GSW,3031.0,,111,113,-2
199611230GSW,RS,GSW,3083.0,T,113,113,0
199611230GSW,RS,GSW,3129.0,LC,115,113,2
199611230GSW,RS,GSW,3159.0,,117,113,4
199611230GSW,RS,GSW,3159.0,,118,113,5
199611230GSW,RS,GSW,3164.0,,119,113,6
199611230GSW,RS,GSW,3164.0,F,120,113,7
199611230GSW,RS,GSW,3171.0,,120,115,5
199611240LAL,RS,LAL,0.0,,0,0,0
199611240LAL,RS,LAL,29.0,,2,0,2
199611240LAL,RS,LAL,65.0,,4,0,4
199611240LAL,RS,LAL,102.0,,6,0,6
199611240LAL,RS,LAL,116.0,,6,3,3
199611240LAL,RS,LAL,138.0,T,6,6,0
199611240LAL,RS,LAL,163.0,LC,6,8,-2
199611240LAL,RS,LAL,181.0,LC,9,8,1
199611240LAL,RS,LAL,236.0,,11,8,3
199611240LAL,RS,LAL,302.0,,11,10,1
199611240LAL,RS,LAL,353.0,,12,10,2
199611240LAL,RS,LAL,353.0,,13,10,3
199611240LAL,RS,LAL,372.0,,16,10,6
199611240LAL,RS,LAL,495.0,,16,12,4
199611240LAL,RS,LAL,508.0,,17,12,5
199611240LAL,RS,LAL,508.0,,18,12,6
199611240LAL,RS,LAL,519.0,,18,14,4
199611240LAL,RS,LAL,576.0,,18,15,3
199611240LAL,RS,LAL,609.0,,20,15,5
199611240LAL,RS,LAL,698.0,,20,16,4
199611240LAL,RS,LAL,713.0,,22,16,6
199611240LAL,RS,LAL,740.0,,22,18,4
199611240LAL,RS,LAL,861.0,,22,21,1
199611240LAL,RS,LAL,909.0,,24,21,3
199611240LAL,RS,LAL,909.0,,25,21,4
199611240LAL,RS,LAL,931.0,,25,24,1
199611240LAL,RS,LAL,943.0,,27,24,3
199611240LAL,RS,LAL,998.0,,30,24,6
199611240LAL,RS,LAL,1043.0,,31,24,7
199611240LAL,RS,LAL,1043.0,,32,24,8
199611240LAL,RS,LAL,1059.0,,32,27,5
199611240LAL,RS,LAL,1085.0,,33,27,6
199611240LAL,RS,LAL,1085.0,,34,27,7
199611240LAL,RS,LAL,1106.0,,34,30,4
199611240LAL,RS,LAL,1177.0,,34,32,2
199611240LAL,RS,LAL,1253.0,LC,34,35,-1
199611240LAL,RS,LAL,1269.0,T,35,35,0
199611240LAL,RS,LAL,1269.0,LC,36,35,1
199611240LAL,RS,LAL,1282.0,LC,36,37,-1
199611240LAL,RS,LAL,1307.0,,36,39,-3
199611240LAL,RS,LAL,1361.0,,36,41,-5
199611240LAL,RS,LAL,1567.0,,36,43,-7
199611240LAL,RS,LAL,1584.0,,39,43,-4
199611240LAL,RS,LAL,1640.0,,39,45,-6
199611240LAL,RS,LAL,1656.0,,41,45,-4
199611240LAL,RS,LAL,1670.0,,41,47,-6
199611240LAL,RS,LAL,1692.0,,44,47,-3
199611240LAL,RS,LAL,1712.0,,44,49,-5
199611240LAL,RS,LAL,1739.0,,44,50,-6
199611240LAL,RS,LAL,1749.0,,46,50,-4
199611240LAL,RS,LAL,1749.0,,47,50,-3
199611240LAL,RS,LAL,1768.0,,47,52,-5
199611240LAL,RS,LAL,1819.0,,47,55,-8
199611240LAL,RS,LAL,1840.0,,49,55,-6
199611240LAL,RS,LAL,1851.0,,49,57,-8
199611240LAL,RS,LAL,1871.0,,52,57,-5
199611240LAL,RS,LAL,1895.0,,53,57,-4
199611240LAL,RS,LAL,1895.0,,54,57,-3
199611240LAL,RS,LAL,1941.0,,54,59,-5
199611240LAL,RS,LAL,1990.0,,54,61,-7
199611240LAL,RS,LAL,2018.0,,55,61,-6
199611240LAL,RS,LAL,2036.0,,56,61,-5
199611240LAL,RS,LAL,2074.0,,56,63,-7
199611240LAL,RS,LAL,2093.0,,57,63,-6
199611240LAL,RS,LAL,2093.0,,58,63,-5
199611240LAL,RS,LAL,2117.0,,61,63,-2
199611240LAL,RS,LAL,2153.0,,62,63,-1
199611240LAL,RS,LAL,2184.0,,62,64,-2
199611240LAL,RS,LAL,2184.0,,62,65,-3
199611240LAL,RS,LAL,2219.0,,62,66,-4
199611240LAL,RS,LAL,2219.0,,62,67,-5
199611240LAL,RS,LAL,2232.0,,64,67,-3
199611240LAL,RS,LAL,2244.0,,64,68,-4
199611240LAL,RS,LAL,2244.0,,64,69,-5
199611240LAL,RS,LAL,2269.0,,64,71,-7
199611240LAL,RS,LAL,2293.0,,65,71,-6
199611240LAL,RS,LAL,2293.0,,66,71,-5
199611240LAL,RS,LAL,2335.0,,66,72,-6
199611240LAL,RS,LAL,2348.0,,68,72,-4
199611240LAL,RS,LAL,2411.0,,68,74,-6
199611240LAL,RS,LAL,2411.0,,68,75,-7
199611240LAL,RS,LAL,2443.0,,71,75,-4
199611240LAL,RS,LAL,2456.0,,71,76,-5
199611240LAL,RS,LAL,2475.0,,71,78,-7
199611240LAL,RS,LAL,2507.0,,71,79,-8
199611240LAL,RS,LAL,2507.0,,71,80,-9
199611240LAL,RS,LAL,2522.0,,73,80,-7
199611240LAL,RS,LAL,2522.0,,74,80,-6
199611240LAL,RS,LAL,2539.0,,76,80,-4
199611240LAL,RS,LAL,2585.0,,79,80,-1
199611240LAL,RS,LAL,2611.0,,79,83,-4
199611240LAL,RS,LAL,2682.0,,81,83,-2
199611240LAL,RS,LAL,2699.0,,81,85,-4
199611240LAL,RS,LAL,2783.0,,83,85,-2
199611240LAL,RS,LAL,2827.0,LC,86,85,1
199611240LAL,RS,LAL,2862.0,,87,85,2
199611240LAL,RS,LAL,2879.0,,90,85,5
199611240LAL,RS,LAL,2879.0,F,89,85,4
199611260HOU,RS,POR,0.0,,0,0,0
199611260HOU,RS,POR,51.0,,0,3,-3
199611260HOU,RS,POR,70.0,,2,3,-1
199611260HOU,RS,POR,86.0,,2,5,-3
199611260HOU,RS,POR,98.0,,3,5,-2
199611260HOU,RS,POR,98.0,,4,5,-1
199611260HOU,RS,POR,133.0,,4,7,-3
199611260HOU,RS,POR,162.0,,4,10,-6
199611260HOU,RS,POR,178.0,,6,10,-4
199611260HOU,RS,POR,204.0,,6,13,-7
199611260HOU,RS,POR,229.0,,6,16,-10
199611260HOU,RS,POR,274.0,,6,18,-12
199611260HOU,RS,POR,329.0,,7,18,-11
199611260HOU,RS,POR,337.0,,7,20,-13
199611260HOU,RS,POR,384.0,,7,23,-16
199611260HOU,RS,POR,407.0,,9,23,-14
199611260HOU,RS,POR,426.0,,9,25,-16
199611260HOU,RS,POR,466.0,,9,26,-17
199611260HOU,RS,POR,478.0,,9,28,-19
199611260HOU,RS,POR,501.0,,11,28,-17
199611260HOU,RS,POR,519.0,,11,30,-19
199611260HOU,RS,POR,542.0,,13,30,-17
199611260HOU,RS,POR,559.0,,13,32,-19
199611260HOU,RS,POR,614.0,,15,32,-17
199611260HOU,RS,POR,638.0,,16,32,-16
199611260HOU,RS,POR,638.0,,17,32,-15
199611260HOU,RS,POR,647.0,,17,34,-17
199611260HOU,RS,POR,702.0,,19,34,-15
199611260HOU,RS,POR,720.0,,19,36,-17
199611260HOU,RS,POR,764.0,,21,36,-15
199611260HOU,RS,POR,788.0,,23,36,-13
199611260HOU,RS,POR,788.0,,24,36,-12
199611260HOU,RS,POR,811.0,,25,36,-11
199611260HOU,RS,POR,811.0,,26,36,-10
199611260HOU,RS,POR,811.0,,27,36,-9
199611260HOU,RS,POR,825.0,,27,38,-11
199611260HOU,RS,POR,851.0,,27,40,-13
199611260HOU,RS,POR,887.0,,27,41,-14
199611260HOU,RS,POR,955.0,,28,41,-13
199611260HOU,RS,POR,955.0,,29,41,-12
199611260HOU,RS,POR,975.0,,29,43,-14
199611260HOU,RS,POR,1027.0,,31,43,-12
199611260HOU,RS,POR,1053.0,,31,45,-14
199611260HOU,RS,POR,1087.0,,31,47,-16
199611260HOU,RS,POR,1108.0,,33,47,-14
199611260HOU,RS,POR,1108.0,,34,47,-13
199611260HOU,RS,POR,1131.0,,34,48,-14
199611260HOU,RS,POR,1178.0,,36,48,-12
199611260HOU,RS,POR,1231.0,,39,48,-9
199611260HOU,RS,POR,1255.0,,41,48,-7
199611260HOU,RS,POR,1271.0,,41,50,-9
199611260HOU,RS,POR,1309.0,,42,50,-8
199611260HOU,RS,POR,1323.0,,42,52,-10
199611260HOU,RS,POR,1335.0,,43,52,-9
199611260HOU,RS,POR,1335.0,,44,52,-8
199611260HOU,RS,POR,1404.0,,46,52,-6
199611260HOU,RS,POR,1429.0,,47,52,-5
199611260HOU,RS,POR,1429.0,,48,52,-4
199611260HOU,RS,POR,1460.0,,48,54,-6
199611260HOU,RS,POR,1518.0,,50,54,-4
199611260HOU,RS,POR,1643.0,,52,54,-2
199611260HOU,RS,POR,1677.0,LC,55,54,1
199611260HOU,RS,POR,1685.0,,56,54,2
199611260HOU,RS,POR,1695.0,T,56,56,0
199611260HOU,RS,POR,1735.0,,58,56,2
199611260HOU,RS,POR,1799.0,T,58,58,0
199611260HOU,RS,POR,1820.0,,60,58,2
199611260HOU,RS,POR,1858.0,,62,58,4
199611260HOU,RS,POR,1896.0,,62,61,1
199611260HOU,RS,POR,1917.0,T,62,62,0
199611260HOU,RS,POR,1917.0,LC,62,63,-1
199611260HOU,RS,POR,1935.0,T,63,63,0
199611260HOU,RS,POR,1935.0,LC,64,63,1
199611260HOU,RS,POR,1966.0,,67,63,4
199611260HOU,RS,POR,2006.0,,67,66,1
199611260HOU,RS,POR,2040.0,,69,66,3
199611260HOU,RS,POR,2063.0,,69,68,1
199611260HOU,RS,POR,2106.0,,70,68,2
199611260HOU,RS,POR,2121.0,T,70,70,0
199611260HOU,RS,POR,2172.0,LC,70,71,-1
199611260HOU,RS,POR,2201.0,LC,73,71,2
199611260HOU,RS,POR,2224.0,T,73,73,0
199611260HOU,RS,POR,2243.0,,75,73,2
199611260HOU,RS,POR,2278.0,,76,73,3
199611260HOU,RS,POR,2299.0,T,76,76,0
199611260HOU,RS,POR,2322.0,,78,76,2
199611260HOU,RS,POR,2336.0,,78,77,1
199611260HOU,RS,POR,2336.0,T,78,78,0
199611260HOU,RS,POR,2358.0,,80,78,2
199611260HOU,RS,POR,2380.0,T,80,80,0
199611260HOU,RS,POR,2403.0,,82,80,2
199611260HOU,RS,POR,2452.0,T,82,82,0
199611260HOU,RS,POR,2478.0,,84,82,2
199611260HOU,RS,POR,2567.0,,84,83,1
199611260HOU,RS,POR,2567.0,T,84,84,0
199611260HOU,RS,POR,2639.0,LC,84,87,-3
199611260HOU,RS,POR,2701.0,,84,89,-5
199611260HOU,RS,POR,2750.0,,86,89,-3
199611260HOU,RS,POR,2750.0,,87,89,-2
199611260HOU,RS,POR,2785.0,T,89,89,0
199611260HOU,RS,POR,2822.0,LC,90,89,1
199611260HOU,RS,POR,2836.0,LC,90,91,-1
199611260HOU,RS,POR,2845.0,T,91,91,0
199611260HOU,RS,POR,2853.0,,91,93,-2
199611260HOU,RS,POR,2867.0,T,93,93,0
199611260HOU,RS,POR,2924.0,LC,95,93,2
199611260HOU,RS,POR,2957.0,T,95,95,0
199611260HOU,RS,POR,2987.0,LC,95,97,-2
199611260HOU,RS,POR,3035.0,T,97,97,0
199611260HOU,RS,POR,3055.0,,97,99,-2
199611260HOU,RS,POR,3118.0,,98,99,-1
199611260HOU,RS,POR,3118.0,T,99,99,0
199611260HOU,RS,POR,3141.0,LC,101,99,2
199611260HOU,RS,POR,3141.0,,102,99,3
199611260HOU,RS,POR,3146.0,,102,100,2
199611260HOU,RS,POR,3146.0,F,102,101,1
199611260HOU,RS,POR,3180.0,,102,101,1
199611290BOS,RS,BOS,0.0,,0,0,0
199611290BOS,RS,BOS,42.0,,2,0,2
199611290BOS,RS,BOS,48.0,T,2,2,0
199611290BOS,RS,BOS,56.0,,4,2,2
199611290BOS,RS,BOS,69.0,T,4,4,0
199611290BOS,RS,BOS,117.0,LC,4,6,-2
199611290BOS,RS,BOS,182.0,T,6,6,0
199611290BOS,RS,BOS,221.0,,6,8,-2
199611290BOS,RS,BOS,261.0,T,8,8,0
199611290BOS,RS,BOS,276.0,,8,10,-2
199611290BOS,RS,BOS,287.0,T,10,10,0
199611290BOS,RS,BOS,322.0,LC,12,10,2
199611290BOS,RS,BOS,347.0,,14,10,4
199611290BOS,RS,BOS,371.0,,14,12,2
199611290BOS,RS,BOS,387.0,,16,12,4
199611290BOS,RS,BOS,426.0,,18,12,6
199611290BOS,RS,BOS,441.0,,18,13,5
199611290BOS,RS,BOS,474.0,,20,13,7
199611290BOS,RS,BOS,486.0,,20,15,5
199611290BOS,RS,BOS,528.0,,23,15,8
199611290BOS,RS,BOS,561.0,,26,15,11
199611290BOS,RS,BOS,606.0,,26,17,9
199611290BOS,RS,BOS,627.0,,27,17,10
199611290BOS,RS,BOS,627.0,,28,17,11
199611290BOS,RS,BOS,658.0,,30,17,13
199611290BOS,RS,BOS,680.0,,32,17,15
199611290BOS,RS,BOS,720.0,,35,17,18
199611290BOS,RS,BOS,745.0,,35,19,16
199611290BOS,RS,BOS,768.0,,35,20,15
199611290BOS,RS,BOS,768.0,,35,21,14
199611290BOS,RS,BOS,814.0,,37,21,16
199611290BOS,RS,BOS,887.0,,39,21,18
199611290BOS,RS,BOS,913.0,,42,21,21
199611290BOS,RS,BOS,935.0,,42,23,19
199611290BOS,RS,BOS,951.0,,44,23,21
199611290BOS,RS,BOS,978.0,,44,26,18
199611290BOS,RS,BOS,994.0,,46,26,20
199611290BOS,RS,BOS,1050.0,,46,28,18
199611290BOS,RS,BOS,1069.0,,48,28,20
199611290BOS,RS,BOS,1107.0,,50,28,22
199611290BOS,RS,BOS,1140.0,,50,30,20
199611290BOS,RS,BOS,1167.0,,53,30,23
199611290BOS,RS,BOS,1188.0,,53,31,22
199611290BOS,RS,BOS,1188.0,,53,32,21
199611290BOS,RS,BOS,1202.0,,56,32,24
199611290BOS,RS,BOS,1233.0,,56,34,22
199611290BOS,RS,BOS,1308.0,,58,34,24
199611290BOS,RS,BOS,1335.0,,58,36,22
199611290BOS,RS,BOS,1350.0,,60,36,24
199611290BOS,RS,BOS,1350.0,,61,36,25
199611290BOS,RS,BOS,1362.0,,61,37,24
199611290BOS,RS,BOS,1362.0,,61,38,23
199611290BOS,RS,BOS,1414.0,,61,40,21
199611290BOS,RS,BOS,1430.0,,63,40,23
199611290BOS,RS,BOS,1456.0,,63,42,21
199611290BOS,RS,BOS,1474.0,,64,42,22
199611290BOS,RS,BOS,1524.0,,67,42,25
199611290BOS,RS,BOS,1560.0,,70,42,28
199611290BOS,RS,BOS,1573.0,,70,44,26
199611290BOS,RS,BOS,1596.0,,72,44,28
199611290BOS,RS,BOS,1610.0,,72,46,26
199611290BOS,RS,BOS,1623.0,,73,46,27
199611290BOS,RS,BOS,1689.0,,73,48,25
199611290BOS,RS,BOS,1711.0,,76,48,28
199611290BOS,RS,BOS,1726.0,,76,50,26
199611290BOS,RS,BOS,1773.0,,76,52,24
199611290BOS,RS,BOS,1785.0,,78,52,26
199611290BOS,RS,BOS,1813.0,,78,54,24
199611290BOS,RS,BOS,1855.0,,78,57,21
199611290BOS,RS,BOS,1862.0,,79,57,22
199611290BOS,RS,BOS,1862.0,,80,57,23
199611290BOS,RS,BOS,1955.0,,82,57,25
199611290BOS,RS,BOS,1965.0,,82,59,23
199611290BOS,RS,BOS,1971.0,,84,59,25
199611290BOS,RS,BOS,1997.0,,86,59,27
199611290BOS,RS,BOS,2010.0,,86,62,24
199611290BOS,RS,BOS,2024.0,,88,62,26
199611290BOS,RS,BOS,2039.0,,88,64,24
199611290BOS,RS,BOS,2076.0,,89,64,25
199611290BOS,RS,BOS,2076.0,,90,64,26
199611290BOS,RS,BOS,2135.0,,93,64,29
199611290BOS,RS,BOS,2176.0,,94,64,30
199611290BOS,RS,BOS,2180.0,,95,64,31
199611290BOS,RS,BOS,2199.0,,95,66,29
199611290BOS,RS,BOS,2232.0,,95,68,27
199611290BOS,RS,BOS,2264.0,,95,70,25
199611290BOS,RS,BOS,2303.0,,95,72,23
199611290BOS,RS,BOS,2333.0,,97,72,25
199611290BOS,RS,BOS,2350.0,,97,74,23
199611290BOS,RS,BOS,2381.0,,100,74,26
199611290BOS,RS,BOS,2394.0,,100,75,25
199611290BOS,RS,BOS,2411.0,,100,77,23
199611290BOS,RS,BOS,2434.0,,101,77,24
199611290BOS,RS,BOS,2434.0,,102,77,25
199611290BOS,RS,BOS,2502.0,,105,77,28
199611290BOS,RS,BOS,2526.0,,105,78,27
199611290BOS,RS,BOS,2542.0,,106,78,28
199611290BOS,RS,BOS,2542.0,,107,78,29
199611290BOS,RS,BOS,2579.0,,108,78,30
199611290BOS,RS,BOS,2579.0,,109,78,31
199611290BOS,RS,BOS,2593.0,,109,80,29
199611290BOS,RS,BOS,2617.0,,109,82,27
199611290BOS,RS,BOS,2665.0,,111,82,29
199611290BOS,RS,BOS,2721.0,,111,83,28
199611290BOS,RS,BOS,2738.0,,113,83,30
199611290BOS,RS,BOS,2751.0,,113,84,29
199611290BOS,RS,BOS,2751.0,,113,85,28
199611290BOS,RS,BOS,2775.0,,115,85,30
199611290BOS,RS,BOS,2796.0,,115,88,27
199611290BOS,RS,BOS,2811.0,,117,88,29
199611290BOS,RS,BOS,2823.0,,117,90,27
199611290BOS,RS,BOS,2831.0,,118,90,28
199611290BOS,RS,BOS,2839.0,,118,92,26
199611290BOS,RS,BOS,2846.0,F,120,92,28
199611290BOS,RS,BOS,2870.0,,120,94,26
199611300WSB,RS,WSB,0.0,,0,0,0
199611300WSB,RS,WSB,19.0,,3,0,3
199611300WSB,RS,WSB,36.0,,3,2,1
199611300WSB,RS,WSB,57.0,,5,2,3
199611300WSB,RS,WSB,86.0,,7,2,5
199611300WSB,RS,WSB,105.0,,7,5,2
199611300WSB,RS,WSB,149.0,T,7,7,0
199611300WSB,RS,WSB,180.0,LC,7,8,-1
199611300WSB,RS,WSB,180.0,,7,9,-2
199611300WSB,RS,WSB,210.0,,7,11,-4
199611300WSB,RS,WSB,242.0,,9,11,-2
199611300WSB,RS,WSB,270.0,,9,13,-4
199611300WSB,RS,WSB,288.0,,11,13,-2
199611300WSB,RS,WSB,432.0,LC,14,13,1
199611300WSB,RS,WSB,454.0,LC,14,15,-1
199611300WSB,RS,WSB,480.0,LC,17,15,2
199611300WSB,RS,WSB,525.0,T,17,17,0
199611300WSB,RS,WSB,541.0,,19,17,2
199611300WSB,RS,WSB,589.0,T,19,19,0
199611300WSB,RS,WSB,611.0,LC,19,21,-2
199611300WSB,RS,WSB,632.0,,20,21,-1
199611300WSB,RS,WSB,632.0,T,21,21,0
199611300WSB,RS,WSB,643.0,,21,23,-2
199611300WSB,RS,WSB,654.0,T,23,23,0
199611300WSB,RS,WSB,692.0,,23,24,-1
199611300WSB,RS,WSB,700.0,,23,26,-3
199611300WSB,RS,WSB,720.0,,25,26,-1
199611300WSB,RS,WSB,743.0,,25,28,-3
199611300WSB,RS,WSB,759.0,,27,28,-1
199611300WSB,RS,WSB,795.0,LC,29,28,1
199611300WSB,RS,WSB,851.0,LC,29,30,-1
199611300WSB,RS,WSB,868.0,LC,32,30,2
199611300WSB,RS,WSB,883.0,T,32,32,0
199611300WSB,RS,WSB,898.0,,34,32,2
199611300WSB,RS,WSB,920.0,T,34,34,0
199611300WSB,RS,WSB,942.0,,37,34,3
199611300WSB,RS,WSB,990.0,,39,34,5
199611300WSB,RS,WSB,1008.0,,39,36,3
199611300WSB,RS,WSB,1066.0,,39,38,1
199611300WSB,RS,WSB,1079.0,,41,38,3
199611300WSB,RS,WSB,1099.0,,41,40,1
199611300WSB,RS,WSB,1114.0,,43,40,3
199611300WSB,RS,WSB,1129.0,,43,42,1
199611300WSB,RS,WSB,1153.0,LC,43,44,-1
199611300WSB,RS,WSB,1191.0,,43,46,-3
199611300WSB,RS,WSB,1231.0,,43,48,-5
199611300WSB,RS,WSB,1307.0,,45,48,-3
199611300WSB,RS,WSB,1307.0,,46,48,-2
199611300WSB,RS,WSB,1327.0,,46,50,-4
199611300WSB,RS,WSB,1362.0,,46,52,-6
199611300WSB,RS,WSB,1377.0,,48,52,-4
199611300WSB,RS,WSB,1401.0,,48,54,-6
199611300WSB,RS,WSB,1439.0,,50,54,-4
199611300WSB,RS,WSB,1453.0,,50,56,-6
199611300WSB,RS,WSB,1471.0,,52,56,-4
199611300WSB,RS,WSB,1488.0,,52,58,-6
199611300WSB,RS,WSB,1506.0,,54,58,-4
199611300WSB,RS,WSB,1527.0,,56,58,-2
199611300WSB,RS,WSB,1548.0,,56,60,-4
199611300WSB,RS,WSB,1599.0,,56,62,-6
199611300WSB,RS,WSB,1626.0,,58,62,-4
199611300WSB,RS,WSB,1641.0,,58,65,-7
199611300WSB,RS,WSB,1659.0,,60,65,-5
199611300WSB,RS,WSB,1690.0,,62,65,-3
199611300WSB,RS,WSB,1704.0,,64,65,-1
199611300WSB,RS,WSB,1715.0,,64,67,-3
199611300WSB,RS,WSB,1759.0,,64,69,-5
199611300WSB,RS,WSB,1783.0,,65,69,-4
199611300WSB,RS,WSB,1807.0,,67,69,-2
199611300WSB,RS,WSB,1821.0,,67,70,-3
199611300WSB,RS,WSB,1850.0,,69,70,-1
199611300WSB,RS,WSB,1869.0,,69,72,-3
199611300WSB,RS,WSB,1884.0,,71,72,-1
199611300WSB,RS,WSB,1911.0,,71,74,-3
199611300WSB,RS,WSB,1977.0,,72,74,-2
199611300WSB,RS,WSB,1977.0,,73,74,-1
199611300WSB,RS,WSB,1998.0,LC,75,74,1
199611300WSB,RS,WSB,2018.0,,77,74,3
199611300WSB,RS,WSB,2063.0,,77,76,1
199611300WSB,RS,WSB,2094.0,LC,77,78,-1
199611300WSB,RS,WSB,2118.0,,77,79,-2
199611300WSB,RS,WSB,2181.0,,77,82,-5
199611300WSB,RS,WSB,2252.0,,77,85,-8
199611300WSB,RS,WSB,2307.0,,77,86,-9
199611300WSB,RS,WSB,2315.0,,79,86,-7
199611300WSB,RS,WSB,2335.0,,79,89,-10
199611300WSB,RS,WSB,2356.0,,81,89,-8
199611300WSB,RS,WSB,2356.0,,82,89,-7
199611300WSB,RS,WSB,2413.0,,84,89,-5
199611300WSB,RS,WSB,2468.0,,84,91,-7
199611300WSB,RS,WSB,2486.0,,85,91,-6
199611300WSB,RS,WSB,2486.0,,86,91,-5
199611300WSB,RS,WSB,2505.0,,88,91,-3
199611300WSB,RS,WSB,2542.0,,90,91,-1
199611300WSB,RS,WSB,2587.0,,90,93,-3
199611300WSB,RS,WSB,2628.0,,92,93,-1
199611300WSB,RS,WSB,2663.0,LC,94,93,1
199611300WSB,RS,WSB,2680.0,LC,94,95,-1
199611300WSB,RS,WSB,2698.0,LC,96,95,1
199611300WSB,RS,WSB,2721.0,,98,95,3
199611300WSB,RS,WSB,2747.0,,98,96,2
199611300WSB,RS,WSB,2747.0,,98,97,1
199611300WSB,RS,WSB,2776.0,LC,98,99,-1
199611300WSB,RS,WSB,2798.0,LC,100,99,1
199611300WSB,RS,WSB,2872.0,,101,99,2
199611300WSB,RS,WSB,2872.0,,102,99,3
199611300WSB,RS,WSB,2877.0,F,103,99,4
199611300WSB,RS,WSB,2880.0,,103,99,4
199612020TOR,RS,TOR,0.0,,0,0,0
199612020TOR,RS,TOR,15.0,,2,0,2
199612020TOR,RS,TOR,44.0,,5,0,5
199612020TOR,RS,TOR,136.0,,5,1,4
199612020TOR,RS,TOR,136.0,,5,2,3
199612020TOR,RS,TOR,156.0,,7,2,5
199612020TOR,RS,TOR,171.0,,8,2,6
199612020TOR,RS,TOR,171.0,,9,2,7
199612020TOR,RS,TOR,214.0,,9,4,5
199612020TOR,RS,TOR,232.0,,11,4,7
199612020TOR,RS,TOR,232.0,,12,4,8
199612020TOR,RS,TOR,261.0,,12,6,6
199612020TOR,RS,TOR,303.0,,12,9,3
199612020TOR,RS,TOR,322.0,,14,9,5
199612020TOR,RS,TOR,337.0,,14,11,3
199612020TOR,RS,TOR,352.0,,17,11,6
199612020TOR,RS,TOR,362.0,,17,14,3
199612020TOR,RS,TOR,406.0,,17,16,1
199612020TOR,RS,TOR,423.0,LC,17,18,-1
199612020TOR,RS,TOR,452.0,,17,20,-3
199612020TOR,RS,TOR,477.0,,17,22,-5
199612020TOR,RS,TOR,547.0,,17,24,-7
199612020TOR,RS,TOR,569.0,,17,26,-9
199612020TOR,RS,TOR,591.0,,18,26,-8
199612020TOR,RS,TOR,591.0,,19,26,-7
199612020TOR,RS,TOR,619.0,,20,26,-6
199612020TOR,RS,TOR,649.0,,21,26,-5
199612020TOR,RS,TOR,649.0,,22,26,-4
199612020TOR,RS,TOR,735.0,,22,28,-6
199612020TOR,RS,TOR,753.0,,24,28,-4
199612020TOR,RS,TOR,810.0,,26,28,-2
199612020TOR,RS,TOR,837.0,T,28,28,0
199612020TOR,RS,TOR,856.0,,28,31,-3
199612020TOR,RS,TOR,896.0,,30,31,-1
199612020TOR,RS,TOR,916.0,,30,33,-3
199612020TOR,RS,TOR,924.0,,32,33,-1
199612020TOR,RS,TOR,943.0,,32,36,-4
199612020TOR,RS,TOR,1010.0,,32,38,-6
199612020TOR,RS,TOR,1026.0,,34,38,-4
199612020TOR,RS,TOR,1077.0,,34,40,-6
199612020TOR,RS,TOR,1095.0,,34,42,-8
199612020TOR,RS,TOR,1147.0,,34,44,-10
199612020TOR,RS,TOR,1171.0,,36,44,-8
199612020TOR,RS,TOR,1192.0,,37,44,-7
199612020TOR,RS,TOR,1212.0,,39,44,-5
199612020TOR,RS,TOR,1236.0,,39,46,-7
199612020TOR,RS,TOR,1278.0,,41,46,-5
199612020TOR,RS,TOR,1300.0,,41,49,-8
199612020TOR,RS,TOR,1353.0,,41,50,-9
199612020TOR,RS,TOR,1353.0,,41,51,-10
199612020TOR,RS,TOR,1431.0,,41,52,-11
199612020TOR,RS,TOR,1440.0,,41,54,-13
199612020TOR,RS,TOR,1532.0,,44,54,-10
199612020TOR,RS,TOR,1558.0,,44,56,-12
199612020TOR,RS,TOR,1591.0,,44,58,-14
199612020TOR,RS,TOR,1625.0,,44,60,-16
199612020TOR,RS,TOR,1653.0,,46,60,-14
199612020TOR,RS,TOR,1677.0,,48,60,-12
199612020TOR,RS,TOR,1705.0,,49,60,-11
199612020TOR,RS,TOR,1724.0,,49,63,-14
199612020TOR,RS,TOR,1745.0,,49,65,-16
199612020TOR,RS,TOR,1786.0,,49,67,-18
199612020TOR,RS,TOR,1803.0,,51,67,-16
199612020TOR,RS,TOR,1803.0,,52,67,-15
199612020TOR,RS,TOR,1822.0,,52,68,-16
199612020TOR,RS,TOR,1892.0,,52,70,-18
199612020TOR,RS,TOR,1922.0,,53,70,-17
199612020TOR,RS,TOR,1922.0,,54,70,-16
199612020TOR,RS,TOR,1936.0,,56,70,-14
199612020TOR,RS,TOR,1996.0,,56,71,-15
199612020TOR,RS,TOR,2026.0,,56,72,-16
199612020TOR,RS,TOR,2038.0,,58,72,-14
199612020TOR,RS,TOR,2053.0,,58,75,-17
199612020TOR,RS,TOR,2065.0,,59,75,-16
199612020TOR,RS,TOR,2065.0,,60,75,-15
199612020TOR,RS,TOR,2084.0,,60,76,-16
199612020TOR,RS,TOR,2096.0,,62,76,-14
199612020TOR,RS,TOR,2096.0,,63,76,-13
199612020TOR,RS,TOR,2129.0,,63,78,-15
199612020TOR,RS,TOR,2154.0,,66,78,-12
199612020TOR,RS,TOR,2212.0,,66,81,-15
199612020TOR,RS,TOR,2224.0,,68,81,-13
199612020TOR,RS,TOR,2248.0,,69,81,-12
199612020TOR,RS,TOR,2257.0,,71,81,-10
199612020TOR,RS,TOR,2357.0,,72,81,-9
199612020TOR,RS,TOR,2357.0,,73,81,-8
199612020TOR,RS,TOR,2393.0,,74,81,-7
199612020TOR,RS,TOR,2430.0,,74,84,-10
199612020TOR,RS,TOR,2448.0,,76,84,-8
199612020TOR,RS,TOR,2478.0,,78,84,-6
199612020TOR,RS,TOR,2506.0,,81,84,-3
199612020TOR,RS,TOR,2583.0,,81,86,-5
199612020TOR,RS,TOR,2630.0,,81,88,-7
199612020TOR,RS,TOR,2648.0,,83,88,-5
199612020TOR,RS,TOR,2729.0,,83,89,-6
199612020TOR,RS,TOR,2729.0,,83,90,-7
199612020TOR,RS,TOR,2736.0,,84,90,-6
199612020TOR,RS,TOR,2736.0,,85,90,-5
199612020TOR,RS,TOR,2758.0,,85,92,-7
199612020TOR,RS,TOR,2790.0,,85,93,-8
199612020TOR,RS,TOR,2803.0,,86,93,-7
199612020TOR,RS,TOR,2803.0,,87,93,-6
199612020TOR,RS,TOR,2806.0,,87,94,-7
199612020TOR,RS,TOR,2821.0,,87,95,-8
199612020TOR,RS,TOR,2833.0,,87,96,-9
199612020TOR,RS,TOR,2833.0,,87,97,-10
199612020TOR,RS,TOR,2839.0,,89,97,-8
199612020TOR,RS,TOR,2847.0,,89,98,-9
199612020TOR,RS,TOR,2855.0,,89,99,-10
199612020TOR,RS,TOR,2855.0,F,89,100,-11
199612020TOR,RS,TOR,2871.0,,89,100,-11
199612040HOU,RS,BOS,0.0,,0,0,0
199612040HOU,RS,BOS,56.0,,0,1,-1
199612040HOU,RS,BOS,56.0,,0,2,-2
199612040HOU,RS,BOS,97.0,,0,4,-4
199612040HOU,RS,BOS,114.0,,2,4,-2
199612040HOU,RS,BOS,141.0,T,4,4,0
199612040HOU,RS,BOS,154.0,,4,6,-2
199612040HOU,RS,BOS,171.0,T,6,6,0
199612040HOU,RS,BOS,198.0,,6,8,-2
199612040HOU,RS,BOS,216.0,T,8,8,0
199612040HOU,RS,BOS,228.0,,8,9,-1
199612040HOU,RS,BOS,228.0,,8,10,-2
199612040HOU,RS,BOS,258.0,T,10,10,0
199612040HOU,RS,BOS,296.0,LC,13,10,3
199612040HOU,RS,BOS,315.0,T,13,13,0
199612040HOU,RS,BOS,333.0,,16,13,3
199612040HOU,RS,BOS,370.0,,16,15,1
199612040HOU,RS,BOS,397.0,LC,16,17,-1
199612040HOU,RS,BOS,429.0,,16,19,-3
199612040HOU,RS,BOS,439.0,,17,19,-2
199612040HOU,RS,BOS,439.0,,18,19,-1
199612040HOU,RS,BOS,480.0,,18,22,-4
199612040HOU,RS,BOS,504.0,,20,22,-2
199612040HOU,RS,BOS,521.0,T,22,22,0
199612040HOU,RS,BOS,566.0,LC,25,22,3
199612040HOU,RS,BOS,593.0,,25,24,1
199612040HOU,RS,BOS,651.0,,26,24,2
199612040HOU,RS,BOS,651.0,,27,24,3
199612040HOU,RS,BOS,698.0,,27,25,2
199612040HOU,RS,BOS,742.0,,28,25,3
199612040HOU,RS,BOS,742.0,,29,25,4
199612040HOU,RS,BOS,754.0,,29,26,3
199612040HOU,RS,BOS,754.0,,29,27,2
199612040HOU,RS,BOS,771.0,,31,27,4
199612040HOU,RS,BOS,783.0,,31,29,2
199612040HOU,RS,BOS,783.0,,31,30,1
199612040HOU,RS,BOS,831.0,LC,31,33,-2
199612040HOU,RS,BOS,845.0,T,33,33,0
199612040HOU,RS,BOS,897.0,LC,35,33,2
199612040HOU,RS,BOS,920.0,T,35,35,0
199612040HOU,RS,BOS,996.0,LC,35,37,-2
199612040HOU,RS,BOS,996.0,,35,38,-3
199612040HOU,RS,BOS,1009.0,,37,38,-1
199612040HOU,RS,BOS,1009.0,T,38,38,0
199612040HOU,RS,BOS,1020.0,,38,40,-2
199612040HOU,RS,BOS,1046.0,T,40,40,0
199612040HOU,RS,BOS,1111.0,,40,42,-2
199612040HOU,RS,BOS,1129.0,,41,42,-1
199612040HOU,RS,BOS,1143.0,,41,45,-4
199612040HOU,RS,BOS,1169.0,,41,47,-6
199612040HOU,RS,BOS,1198.0,,43,47,-4
199612040HOU,RS,BOS,1246.0,,43,49,-6
199612040HOU,RS,BOS,1260.0,,44,49,-5
199612040HOU,RS,BOS,1260.0,,45,49,-4
199612040HOU,RS,BOS,1284.0,,46,49,-3
199612040HOU,RS,BOS,1352.0,,48,49,-1
199612040HOU,RS,BOS,1352.0,T,49,49,0
199612040HOU,RS,BOS,1394.0,LC,51,49,2
199612040HOU,RS,BOS,1402.0,,51,50,1
199612040HOU,RS,BOS,1430.0,,52,50,2
199612040HOU,RS,BOS,1430.0,,53,50,3
199612040HOU,RS,BOS,1454.0,,53,52,1
199612040HOU,RS,BOS,1470.0,,55,52,3
199612040HOU,RS,BOS,1512.0,,55,54,1
199612040HOU,RS,BOS,1528.0,,57,54,3
199612040HOU,RS,BOS,1587.0,,57,55,2
199612040HOU,RS,BOS,1587.0,,57,56,1
199612040HOU,RS,BOS,1629.0,,59,56,3
199612040HOU,RS,BOS,1648.0,,59,58,1
199612040HOU,RS,BOS,1674.0,LC,59,60,-1
199612040HOU,RS,BOS,1701.0,LC,62,60,2
199612040HOU,RS,BOS,1755.0,,65,60,5
199612040HOU,RS,BOS,1815.0,,65,62,3
199612040HOU,RS,BOS,1820.0,,66,62,4
199612040HOU,RS,BOS,1872.0,,68,62,6
199612040HOU,RS,BOS,1903.0,,68,64,4
199612040HOU,RS,BOS,1940.0,,70,64,6
199612040HOU,RS,BOS,1949.0,,70,65,5
199612040HOU,RS,BOS,1986.0,,70,67,3
199612040HOU,RS,BOS,2008.0,,70,69,1
199612040HOU,RS,BOS,2008.0,T,70,70,0
199612040HOU,RS,BOS,2022.0,,71,70,1
199612040HOU,RS,BOS,2031.0,,73,70,3
199612040HOU,RS,BOS,2060.0,,75,70,5
199612040HOU,RS,BOS,2104.0,,77,70,7
199612040HOU,RS,BOS,2116.0,,77,72,5
199612040HOU,RS,BOS,2131.0,,79,72,7
199612040HOU,RS,BOS,2172.0,,81,72,9
199612040HOU,RS,BOS,2226.0,,81,74,7
199612040HOU,RS,BOS,2258.0,,81,76,5
199612040HOU,RS,BOS,2290.0,,81,79,2
199612040HOU,RS,BOS,2326.0,T,81,81,0
199612040HOU,RS,BOS,2326.0,LC,81,82,-1
199612040HOU,RS,BOS,2345.0,LC,83,82,1
199612040HOU,RS,BOS,2411.0,LC,83,85,-2
199612040HOU,RS,BOS,2450.0,T,85,85,0
199612040HOU,RS,BOS,2450.0,LC,86,85,1
199612040HOU,RS,BOS,2469.0,LC,86,87,-1
199612040HOU,RS,BOS,2484.0,T,87,87,0
199612040HOU,RS,BOS,2484.0,LC,88,87,1
199612040HOU,RS,BOS,2560.0,,89,87,2
199612040HOU,RS,BOS,2560.0,,90,87,3
199612040HOU,RS,BOS,2644.0,,92,87,5
199612040HOU,RS,BOS,2743.0,,93,87,6
199612040HOU,RS,BOS,2795.0,,93,89,4
199612040HOU,RS,BOS,2865.0,F,94,89,5
199612040HOU,RS,BOS,2878.0,,94,89,5
199612070HOU,RS,PHI,0.0,,0,0,0
199612070HOU,RS,PHI,49.0,,3,0,3
199612070HOU,RS,PHI,88.0,,5,0,5
199612070HOU,RS,PHI,109.0,,5,1,4
199612070HOU,RS,PHI,109.0,,5,2,3
199612070HOU,RS,PHI,121.0,,8,2,6
199612070HOU,RS,PHI,144.0,,11,2,9
199612070HOU,RS,PHI,169.0,,13,2,11
199612070HOU,RS,PHI,192.0,,15,2,13
199612070HOU,RS,PHI,213.0,,15,3,12
199612070HOU,RS,PHI,213.0,,15,4,11
199612070HOU,RS,PHI,225.0,,17,4,13
199612070HOU,RS,PHI,245.0,,17,6,11
199612070HOU,RS,PHI,266.0,,19,6,13
199612070HOU,RS,PHI,274.0,,19,8,11
199612070HOU,RS,PHI,325.0,,19,10,9
199612070HOU,RS,PHI,353.0,,19,11,8
199612070HOU,RS,PHI,353.0,,19,12,7
199612070HOU,RS,PHI,373.0,,19,14,5
199612070HOU,RS,PHI,408.0,,19,16,3
199612070HOU,RS,PHI,477.0,T,19,19,0
199612070HOU,RS,PHI,500.0,,21,19,2
199612070HOU,RS,PHI,519.0,,24,19,5
199612070HOU,RS,PHI,558.0,,26,19,7
199612070HOU,RS,PHI,574.0,,26,20,6
199612070HOU,RS,PHI,583.0,,26,22,4
199612070HOU,RS,PHI,601.0,,27,22,5
199612070HOU,RS,PHI,601.0,,28,22,6
199612070HOU,RS,PHI,618.0,,28,25,3
199612070HOU,RS,PHI,659.0,,28,27,1
199612070HOU,RS,PHI,662.0,,30,27,3
199612070HOU,RS,PHI,681.0,T,30,30,0
199612070HOU,RS,PHI,694.0,,31,30,1
199612070HOU,RS,PHI,694.0,,32,30,2
199612070HOU,RS,PHI,718.0,T,32,32,0
199612070HOU,RS,PHI,720.0,,35,32,3
199612070HOU,RS,PHI,758.0,,38,32,6
199612070HOU,RS,PHI,770.0,,38,35,3
199612070HOU,RS,PHI,795.0,,40,35,5
199612070HOU,RS,PHI,810.0,,40,37,3
199612070HOU,RS,PHI,843.0,,40,39,1
199612070HOU,RS,PHI,889.0,,43,39,4
199612070HOU,RS,PHI,909.0,,43,42,1
199612070HOU,RS,PHI,964.0,T,43,43,0
199612070HOU,RS,PHI,964.0,LC,43,44,-1
199612070HOU,RS,PHI,979.0,LC,45,44,1
199612070HOU,RS,PHI,1021.0,,46,44,2
199612070HOU,RS,PHI,1021.0,,47,44,3
199612070HOU,RS,PHI,1053.0,,47,46,1
199612070HOU,RS,PHI,1134.0,LC,47,48,-1
199612070HOU,RS,PHI,1152.0,LC,49,48,1
199612070HOU,RS,PHI,1177.0,LC,49,51,-2
199612070HOU,RS,PHI,1239.0,LC,52,51,1
199612070HOU,RS,PHI,1291.0,,53,51,2
199612070HOU,RS,PHI,1291.0,,54,51,3
199612070HOU,RS,PHI,1354.0,,57,51,6
199612070HOU,RS,PHI,1389.0,,58,51,7
199612070HOU,RS,PHI,1414.0,,60,51,9
199612070HOU,RS,PHI,1439.0,,60,53,7
199612070HOU,RS,PHI,1452.0,,60,55,5
199612070HOU,RS,PHI,1524.0,,60,58,2
199612070HOU,RS,PHI,1529.0,,61,58,3
199612070HOU,RS,PHI,1529.0,,62,58,4
199612070HOU,RS,PHI,1542.0,,62,61,1
199612070HOU,RS,PHI,1591.0,,64,61,3
199612070HOU,RS,PHI,1647.0,,66,61,5
199612070HOU,RS,PHI,1710.0,,68,61,7
199612070HOU,RS,PHI,1739.0,,71,61,10
199612070HOU,RS,PHI,1763.0,,71,63,8
199612070HOU,RS,PHI,1842.0,,71,64,7
199612070HOU,RS,PHI,1862.0,,73,64,9
199612070HOU,RS,PHI,1893.0,,75,64,11
199612070HOU,RS,PHI,1934.0,,77,64,13
199612070HOU,RS,PHI,1947.0,,77,66,11
199612070HOU,RS,PHI,1961.0,,79,66,13
199612070HOU,RS,PHI,1979.0,,79,67,12
199612070HOU,RS,PHI,1998.0,,81,67,14
199612070HOU,RS,PHI,2038.0,,83,67,16
199612070HOU,RS,PHI,2065.0,,84,67,17
199612070HOU,RS,PHI,2092.0,,84,69,15
199612070HOU,RS,PHI,2116.0,,84,70,14
199612070HOU,RS,PHI,2116.0,,84,71,13
199612070HOU,RS,PHI,2130.0,,85,71,14
199612070HOU,RS,PHI,2181.0,,88,71,17
199612070HOU,RS,PHI,2193.0,,88,72,16
199612070HOU,RS,PHI,2193.0,,88,73,15
199612070HOU,RS,PHI,2224.0,,88,75,13
199612070HOU,RS,PHI,2253.0,,88,77,11
199612070HOU,RS,PHI,2277.0,,90,77,13
199612070HOU,RS,PHI,2290.0,,90,78,12
199612070HOU,RS,PHI,2290.0,,90,79,11
199612070HOU,RS,PHI,2305.0,,92,79,13
199612070HOU,RS,PHI,2314.0,,92,82,10
199612070HOU,RS,PHI,2332.0,,94,82,12
199612070HOU,RS,PHI,2359.0,,97,82,15
199612070HOU,RS,PHI,2388.0,,99,82,17
199612070HOU,RS,PHI,2400.0,,99,83,16
199612070HOU,RS,PHI,2400.0,,99,84,15
199612070HOU,RS,PHI,2471.0,,100,84,16
199612070HOU,RS,PHI,2497.0,,101,84,17
199612070HOU,RS,PHI,2525.0,,103,84,19
199612070HOU,RS,PHI,2538.0,,103,87,16
199612070HOU,RS,PHI,2557.0,,105,87,18
199612070HOU,RS,PHI,2557.0,,106,87,19
199612070HOU,RS,PHI,2573.0,,106,88,18
199612070HOU,RS,PHI,2573.0,,106,89,17
199612070HOU,RS,PHI,2604.0,,106,91,15
199612070HOU,RS,PHI,2604.0,,106,92,14
199612070HOU,RS,PHI,2634.0,,106,95,11
199612070HOU,RS,PHI,2656.0,,109,95,14
199612070HOU,RS,PHI,2675.0,,109,96,13
199612070HOU,RS,PHI,2706.0,,109,98,11
199612070HOU,RS,PHI,2750.0,,111,98,13
199612070HOU,RS,PHI,2763.0,,114,98,16
199612070HOU,RS,PHI,2769.0,,114,101,13
199612070HOU,RS,PHI,2771.0,,115,101,14
199612070HOU,RS,PHI,2771.0,,116,101,15
199612070HOU,RS,PHI,2785.0,,116,102,14
199612070HOU,RS,PHI,2795.0,,116,104,12
199612070HOU,RS,PHI,2805.0,,119,104,15
199612070HOU,RS,PHI,2811.0,,119,105,14
199612070HOU,RS,PHI,2813.0,,120,105,15
199612070HOU,RS,PHI,2822.0,,120,106,14
199612070HOU,RS,PHI,2829.0,,123,106,17
199612070HOU,RS,PHI,2860.0,F,123,108,15
199612070HOU,RS,PHI,2875.0,,123,108,15
199612100MIN,RS,MIN,0.0,,0,0,0
199612100MIN,RS,MIN,32.0,,0,2,-2
199612100MIN,RS,MIN,47.0,T,2,2,0
199612100MIN,RS,MIN,62.0,,2,4,-2
199612100MIN,RS,MIN,79.0,T,4,4,0
199612100MIN,RS,MIN,105.0,,4,6,-2
199612100MIN,RS,MIN,134.0,,4,8,-4
199612100MIN,RS,MIN,148.0,,5,8,-3
199612100MIN,RS,MIN,209.0,,7,8,-1
199612100MIN,RS,MIN,217.0,,7,10,-3
199612100MIN,RS,MIN,285.0,,7,12,-5
199612100MIN,RS,MIN,327.0,,7,14,-7
199612100MIN,RS,MIN,333.0,,9,14,-5
199612100MIN,RS,MIN,333.0,,10,14,-4
199612100MIN,RS,MIN,365.0,,10,16,-6
199612100MIN,RS,MIN,378.0,,12,16,-4
199612100MIN,RS,MIN,410.0,,14,16,-2
199612100MIN,RS,MIN,423.0,,14,18,-4
199612100MIN,RS,MIN,437.0,,15,18,-3
199612100MIN,RS,MIN,450.0,,17,18,-1
199612100MIN,RS,MIN,485.0,,17,20,-3
199612100MIN,RS,MIN,514.0,,17,22,-5
199612100MIN,RS,MIN,543.0,,18,22,-4
199612100MIN,RS,MIN,543.0,,19,22,-3
199612100MIN,RS,MIN,564.0,,21,22,-1
199612100MIN,RS,MIN,586.0,T,22,22,0
199612100MIN,RS,MIN,586.0,LC,23,22,1
199612100MIN,RS,MIN,604.0,LC,23,24,-1
199612100MIN,RS,MIN,617.0,LC,26,24,2
199612100MIN,RS,MIN,639.0,,26,25,1
199612100MIN,RS,MIN,651.0,,27,25,2
199612100MIN,RS,MIN,651.0,,28,25,3
199612100MIN,RS,MIN,663.0,,29,25,4
199612100MIN,RS,MIN,752.0,,31,25,6
199612100MIN,RS,MIN,821.0,,33,25,8
199612100MIN,RS,MIN,864.0,,33,27,6
199612100MIN,RS,MIN,893.0,,33,30,3
199612100MIN,RS,MIN,926.0,,34,30,4
199612100MIN,RS,MIN,995.0,,34,32,2
199612100MIN,RS,MIN,995.0,,34,33,1
199612100MIN,RS,MIN,1034.0,LC,34,35,-1
199612100MIN,RS,MIN,1058.0,,34,37,-3
199612100MIN,RS,MIN,1096.0,,34,39,-5
199612100MIN,RS,MIN,1136.0,,36,39,-3
199612100MIN,RS,MIN,1155.0,,36,41,-5
199612100MIN,RS,MIN,1201.0,,38,41,-3
199612100MIN,RS,MIN,1215.0,,38,44,-6
199612100MIN,RS,MIN,1239.0,,38,47,-9
199612100MIN,RS,MIN,1259.0,,40,47,-7
199612100MIN,RS,MIN,1281.0,,42,47,-5
199612100MIN,RS,MIN,1304.0,,44,47,-3
199612100MIN,RS,MIN,1332.0,,44,49,-5
199612100MIN,RS,MIN,1361.0,,46,49,-3
199612100MIN,RS,MIN,1382.0,,46,50,-4
199612100MIN,RS,MIN,1382.0,,46,51,-5
199612100MIN,RS,MIN,1393.0,,47,51,-4
199612100MIN,RS,MIN,1417.0,,48,51,-3
199612100MIN,RS,MIN,1438.0,,50,51,-1
199612100MIN,RS,MIN,1455.0,,50,53,-3
199612100MIN,RS,MIN,1482.0,T,53,53,0
199612100MIN,RS,MIN,1503.0,,53,55,-2
199612100MIN,RS,MIN,1535.0,T,55,55,0
199612100MIN,RS,MIN,1556.0,,55,57,-2
199612100MIN,RS,MIN,1580.0,,56,57,-1
199612100MIN,RS,MIN,1580.0,T,57,57,0
199612100MIN,RS,MIN,1630.0,,57,59,-2
199612100MIN,RS,MIN,1644.0,T,59,59,0
199612100MIN,RS,MIN,1652.0,,59,62,-3
199612100MIN,RS,MIN,1669.0,,61,62,-1
199612100MIN,RS,MIN,1683.0,,61,64,-3
199612100MIN,RS,MIN,1699.0,,62,64,-2
199612100MIN,RS,MIN,1699.0,,63,64,-1
199612100MIN,RS,MIN,1709.0,,63,66,-3
199612100MIN,RS,MIN,1761.0,,63,69,-6
199612100MIN,RS,MIN,1790.0,,65,69,-4
199612100MIN,RS,MIN,1849.0,,67,69,-2
199612100MIN,RS,MIN,1889.0,,67,71,-4
199612100MIN,RS,MIN,1904.0,,68,71,-3
199612100MIN,RS,MIN,1904.0,,69,71,-2
199612100MIN,RS,MIN,1938.0,,69,73,-4
199612100MIN,RS,MIN,1961.0,,71,73,-2
199612100MIN,RS,MIN,1987.0,T,73,73,0
199612100MIN,RS,MIN,1998.0,,73,74,-1
199612100MIN,RS,MIN,2014.0,,73,76,-3
199612100MIN,RS,MIN,2059.0,,75,76,-1
199612100MIN,RS,MIN,2111.0,LC,77,76,1
199612100MIN,RS,MIN,2128.0,LC,77,78,-1
199612100MIN,RS,MIN,2147.0,,77,81,-4
199612100MIN,RS,MIN,2172.0,,79,81,-2
199612100MIN,RS,MIN,2218.0,T,81,81,0
199612100MIN,RS,MIN,2283.0,LC,83,81,2
199612100MIN,RS,MIN,2409.0,T,83,83,0
199612100MIN,RS,MIN,2434.0,LC,83,85,-2
199612100MIN,RS,MIN,2512.0,LC,86,85,1
199612100MIN,RS,MIN,2545.0,,88,85,3
199612100MIN,RS,MIN,2545.0,,89,85,4
199612100MIN,RS,MIN,2614.0,,89,87,2
199612100MIN,RS,MIN,2636.0,,91,87,4
199612100MIN,RS,MIN,2656.0,,91,88,3
199612100MIN,RS,MIN,2693.0,,91,90,1
199612100MIN,RS,MIN,2745.0,,93,90,3
199612100MIN,RS,MIN,2814.0,,94,90,4
199612100MIN,RS,MIN,2827.0,,94,91,3
199612100MIN,RS,MIN,2827.0,,94,92,2
199612100MIN,RS,MIN,2856.0,,94,93,1
199612100MIN,RS,MIN,2856.0,T,94,94,0
199612100MIN,RS,MIN,2879.0,F,96,94,2
199612100MIN,RS,MIN,2880.0,,96,94,2
199612120HOU,RS,DET,0.0,,0,0,0
199612120HOU,RS,DET,54.0,,0,2,-2
199612120HOU,RS,DET,104.0,T,2,2,0
199612120HOU,RS,DET,134.0,LC,5,2,3
199612120HOU,RS,DET,163.0,,7,2,5
199612120HOU,RS,DET,188.0,,7,5,2
199612120HOU,RS,DET,203.0,,9,5,4
199612120HOU,RS,DET,248.0,,11,5,6
199612120HOU,RS,DET,316.0,,14,5,9
199612120HOU,RS,DET,350.0,,17,5,12
199612120HOU,RS,DET,384.0,,20,5,15
199612120HOU,RS,DET,401.0,,20,8,12
199612120HOU,RS,DET,457.0,,20,9,11
199612120HOU,RS,DET,474.0,,22,9,13
199612120HOU,RS,DET,506.0,,22,10,12
199612120HOU,RS,DET,506.0,,22,11,11
199612120HOU,RS,DET,536.0,,25,11,14
199612120HOU,RS,DET,559.0,,25,14,11
199612120HOU,RS,DET,580.0,,25,16,9
199612120HOU,RS,DET,602.0,,26,16,10
199612120HOU,RS,DET,602.0,,27,16,11
199612120HOU,RS,DET,619.0,,27,18,9
199612120HOU,RS,DET,641.0,,28,18,10
199612120HOU,RS,DET,641.0,,29,18,11
199612120HOU,RS,DET,719.0,,29,21,8
199612120HOU,RS,DET,773.0,,31,21,10
199612120HOU,RS,DET,828.0,,31,23,8
199612120HOU,RS,DET,844.0,,33,23,10
199612120HOU,RS,DET,875.0,,35,23,12
199612120HOU,RS,DET,900.0,,35,25,10
199612120HOU,RS,DET,921.0,,38,25,13
199612120HOU,RS,DET,1017.0,,38,27,11
199612120HOU,RS,DET,1017.0,,38,28,10
199612120HOU,RS,DET,1028.0,,40,28,12
199612120HOU,RS,DET,1043.0,,40,30,10
199612120HOU,RS,DET,1056.0,,42,30,12
199612120HOU,RS,DET,1056.0,,43,30,13
199612120HOU,RS,DET,1088.0,,45,30,15
199612120HOU,RS,DET,1110.0,,45,33,12
199612120HOU,RS,DET,1130.0,,47,33,14
199612120HOU,RS,DET,1148.0,,47,35,12
199612120HOU,RS,DET,1206.0,,47,37,10
199612120HOU,RS,DET,1228.0,,50,37,13
199612120HOU,RS,DET,1273.0,,50,39,11
199612120HOU,RS,DET,1289.0,,52,39,13
199612120HOU,RS,DET,1345.0,,52,41,11
199612120HOU,RS,DET,1375.0,,55,41,14
199612120HOU,RS,DET,1403.0,,57,41,16
199612120HOU,RS,DET,1417.0,,57,43,14
199612120HOU,RS,DET,1440.0,,60,43,17
199612120HOU,RS,DET,1472.0,,60,45,15
199612120HOU,RS,DET,1489.0,,62,45,17
199612120HOU,RS,DET,1518.0,,64,45,19
199612120HOU,RS,DET,1564.0,,66,45,21
199612120HOU,RS,DET,1609.0,,67,45,22
199612120HOU,RS,DET,1622.0,,67,47,20
199612120HOU,RS,DET,1644.0,,69,47,22
199612120HOU,RS,DET,1670.0,,70,47,23
199612120HOU,RS,DET,1670.0,,71,47,24
199612120HOU,RS,DET,1693.0,,71,49,22
199612120HOU,RS,DET,1732.0,,73,49,24
199612120HOU,RS,DET,1749.0,,73,51,22
199612120HOU,RS,DET,1770.0,,75,51,24
199612120HOU,RS,DET,1783.0,,75,53,22
199612120HOU,RS,DET,1804.0,,78,53,25
199612120HOU,RS,DET,1822.0,,78,54,24
199612120HOU,RS,DET,1853.0,,80,54,26
199612120HOU,RS,DET,1865.0,,80,55,25
199612120HOU,RS,DET,1865.0,,80,56,24
199612120HOU,RS,DET,1879.0,,81,56,25
199612120HOU,RS,DET,1889.0,,81,58,23
199612120HOU,RS,DET,1946.0,,81,60,21
199612120HOU,RS,DET,1967.0,,83,60,23
199612120HOU,RS,DET,1984.0,,83,61,22
199612120HOU,RS,DET,1988.0,,83,62,21
199612120HOU,RS,DET,1988.0,,83,63,20
199612120HOU,RS,DET,1998.0,,85,63,22
199612120HOU,RS,DET,2019.0,,85,65,20
199612120HOU,RS,DET,2027.0,,87,65,22
199612120HOU,RS,DET,2042.0,,88,65,23
199612120HOU,RS,DET,2042.0,,89,65,24
199612120HOU,RS,DET,2139.0,,89,66,23
199612120HOU,RS,DET,2194.0,,89,68,21
199612120HOU,RS,DET,2259.0,,89,70,19
199612120HOU,RS,DET,2295.0,,89,72,17
199612120HOU,RS,DET,2319.0,,90,72,18
199612120HOU,RS,DET,2333.0,,90,74,16
199612120HOU,RS,DET,2362.0,,93,74,19
199612120HOU,RS,DET,2382.0,,93,76,17
199612120HOU,RS,DET,2382.0,,93,77,16
199612120HOU,RS,DET,2400.0,,94,77,17
199612120HOU,RS,DET,2424.0,,94,79,15
199612120HOU,RS,DET,2455.0,,97,79,18
199612120HOU,RS,DET,2470.0,,97,81,16
199612120HOU,RS,DET,2485.0,,100,81,19
199612120HOU,RS,DET,2501.0,,100,84,16
199612120HOU,RS,DET,2514.0,,102,84,18
199612120HOU,RS,DET,2573.0,,104,84,20
199612120HOU,RS,DET,2631.0,,104,86,18
199612120HOU,RS,DET,2649.0,,105,86,19
199612120HOU,RS,DET,2649.0,,106,86,20
199612120HOU,RS,DET,2670.0,,108,86,22
199612120HOU,RS,DET,2713.0,,108,88,20
199612120HOU,RS,DET,2751.0,,108,90,18
199612120HOU,RS,DET,2765.0,,109,90,19
199612120HOU,RS,DET,2765.0,,110,90,20
199612120HOU,RS,DET,2777.0,,110,91,19
199612120HOU,RS,DET,2799.0,,110,92,18
199612120HOU,RS,DET,2813.0,,113,92,21
199612120HOU,RS,DET,2835.0,,115,92,23
199612120HOU,RS,DET,2847.0,,115,93,22
199612120HOU,RS,DET,2847.0,F,115,94,21
199612120HOU,RS,DET,2873.0,,115,96,19
199612140SEA,RS,SEA,0.0,,0,0,0
199612140SEA,RS,SEA,25.0,,0,2,-2
199612140SEA,RS,SEA,34.0,LC,3,2,1
199612140SEA,RS,SEA,52.0,,6,2,4
199612140SEA,RS,SEA,98.0,,9,2,7
199612140SEA,RS,SEA,115.0,,9,5,4
199612140SEA,RS,SEA,188.0,,11,5,6
199612140SEA,RS,SEA,227.0,,11,7,4
199612140SEA,RS,SEA,227.0,,11,8,3
199612140SEA,RS,SEA,295.0,,13,8,5
199612140SEA,RS,SEA,307.0,,13,11,2
199612140SEA,RS,SEA,330.0,,15,11,4
199612140SEA,RS,SEA,356.0,,18,11,7
199612140SEA,RS,SEA,374.0,,18,13,5
199612140SEA,RS,SEA,399.0,,20,13,7
199612140SEA,RS,SEA,407.0,,20,15,5
199612140SEA,RS,SEA,432.0,,23,15,8
199612140SEA,RS,SEA,470.0,,23,17,6
199612140SEA,RS,SEA,514.0,,25,17,8
199612140SEA,RS,SEA,535.0,,27,17,10
199612140SEA,RS,SEA,535.0,,28,17,11
199612140SEA,RS,SEA,572.0,,30,17,13
199612140SEA,RS,SEA,631.0,,30,19,11
199612140SEA,RS,SEA,690.0,,31,19,12
199612140SEA,RS,SEA,690.0,,32,19,13
199612140SEA,RS,SEA,703.0,,32,20,12
199612140SEA,RS,SEA,704.0,,32,22,10
199612140SEA,RS,SEA,736.0,,35,22,13
199612140SEA,RS,SEA,757.0,,35,24,11
199612140SEA,RS,SEA,820.0,,38,24,14
199612140SEA,RS,SEA,846.0,,39,24,15
199612140SEA,RS,SEA,876.0,,41,24,17
199612140SEA,RS,SEA,896.0,,41,26,15
199612140SEA,RS,SEA,917.0,,43,26,17
199612140SEA,RS,SEA,943.0,,43,29,14
199612140SEA,RS,SEA,958.0,,45,29,16
199612140SEA,RS,SEA,971.0,,45,31,14
199612140SEA,RS,SEA,990.0,,47,31,16
199612140SEA,RS,SEA,1019.0,,49,31,18
199612140SEA,RS,SEA,1038.0,,49,33,16
199612140SEA,RS,SEA,1152.0,,49,35,14
199612140SEA,RS,SEA,1195.0,,49,37,12
199612140SEA,RS,SEA,1230.0,,49,39,10
199612140SEA,RS,SEA,1299.0,,52,39,13
199612140SEA,RS,SEA,1306.0,,52,40,12
199612140SEA,RS,SEA,1314.0,,52,42,10
199612140SEA,RS,SEA,1328.0,,53,42,11
199612140SEA,RS,SEA,1355.0,,54,42,12
199612140SEA,RS,SEA,1355.0,,55,42,13
199612140SEA,RS,SEA,1371.0,,55,44,11
199612140SEA,RS,SEA,1401.0,,55,47,8
199612140SEA,RS,SEA,1417.0,,56,47,9
199612140SEA,RS,SEA,1417.0,,57,47,10
199612140SEA,RS,SEA,1498.0,,57,49,8
199612140SEA,RS,SEA,1511.0,,58,49,9
199612140SEA,RS,SEA,1534.0,,58,50,8
199612140SEA,RS,SEA,1534.0,,58,51,7
199612140SEA,RS,SEA,1550.0,,61,51,10
199612140SEA,RS,SEA,1571.0,,61,52,9
199612140SEA,RS,SEA,1627.0,,61,54,7
199612140SEA,RS,SEA,1655.0,,63,54,9
199612140SEA,RS,SEA,1663.0,,63,55,8
199612140SEA,RS,SEA,1735.0,,63,57,6
199612140SEA,RS,SEA,1750.0,,66,57,9
199612140SEA,RS,SEA,1760.0,,66,59,7
199612140SEA,RS,SEA,1779.0,,66,60,6
199612140SEA,RS,SEA,1802.0,,66,62,4
199612140SEA,RS,SEA,1838.0,,69,62,7
199612140SEA,RS,SEA,1906.0,,71,62,9
199612140SEA,RS,SEA,1931.0,,71,63,8
199612140SEA,RS,SEA,1931.0,,71,64,7
199612140SEA,RS,SEA,1972.0,,73,64,9
199612140SEA,RS,SEA,2014.0,,73,65,8
199612140SEA,RS,SEA,2014.0,,73,66,7
199612140SEA,RS,SEA,2030.0,,75,66,9
199612140SEA,RS,SEA,2078.0,,75,68,7
199612140SEA,RS,SEA,2105.0,,75,69,6
199612140SEA,RS,SEA,2105.0,,75,70,5
199612140SEA,RS,SEA,2108.0,,77,70,7
199612140SEA,RS,SEA,2173.0,,77,71,6
199612140SEA,RS,SEA,2192.0,,78,71,7
199612140SEA,RS,SEA,2192.0,,79,71,8
199612140SEA,RS,SEA,2235.0,,79,74,5
199612140SEA,RS,SEA,2259.0,,81,74,7
199612140SEA,RS,SEA,2281.0,,81,77,4
199612140SEA,RS,SEA,2305.0,,83,77,6
199612140SEA,RS,SEA,2318.0,,83,78,5
199612140SEA,RS,SEA,2318.0,,83,79,4
199612140SEA,RS,SEA,2339.0,,84,79,5
199612140SEA,RS,SEA,2339.0,,85,79,6
199612140SEA,RS,SEA,2382.0,,86,79,7
199612140SEA,RS,SEA,2382.0,,87,79,8
199612140SEA,RS,SEA,2425.0,,88,79,9
199612140SEA,RS,SEA,2425.0,,89,79,10
199612140SEA,RS,SEA,2450.0,,89,81,8
199612140SEA,RS,SEA,2465.0,,90,81,9
199612140SEA,RS,SEA,2472.0,,92,81,11
199612140SEA,RS,SEA,2509.0,,93,81,12
199612140SEA,RS,SEA,2524.0,,93,83,10
199612140SEA,RS,SEA,2544.0,,96,83,13
199612140SEA,RS,SEA,2563.0,,97,83,14
199612140SEA,RS,SEA,2563.0,,98,83,15
199612140SEA,RS,SEA,2620.0,,98,85,13
199612140SEA,RS,SEA,2640.0,,98,86,12
199612140SEA,RS,SEA,2640.0,,98,87,11
199612140SEA,RS,SEA,2657.0,,99,87,12
199612140SEA,RS,SEA,2674.0,,99,90,9
199612140SEA,RS,SEA,2696.0,,101,90,11
199612140SEA,RS,SEA,2734.0,,101,91,10
199612140SEA,RS,SEA,2734.0,,101,92,9
199612140SEA,RS,SEA,2757.0,,103,92,11
199612140SEA,RS,SEA,2797.0,,103,94,9
199612140SEA,RS,SEA,2813.0,,104,94,10
199612140SEA,RS,SEA,2825.0,,104,96,8
199612140SEA,RS,SEA,2828.0,,106,96,10
199612140SEA,RS,SEA,2828.0,,107,96,11
199612140SEA,RS,SEA,2838.0,,107,97,10
199612140SEA,RS,SEA,2838.0,,107,98,9
199612140SEA,RS,SEA,2866.0,F,107,100,7
199612140SEA,RS,SEA,2879.0,,109,100,9
199612150POR,RS,POR,0.0,,0,0,0
199612150POR,RS,POR,30.0,,2,0,2
199612150POR,RS,POR,51.0,T,2,2,0
199612150POR,RS,POR,71.0,,5,2,3
199612150POR,RS,POR,93.0,,5,4,1
199612150POR,RS,POR,119.0,LC,5,6,-1
199612150POR,RS,POR,165.0,LC,7,6,1
199612150POR,RS,POR,188.0,LC,7,9,-2
199612150POR,RS,POR,243.0,LC,10,9,1
199612150POR,RS,POR,263.0,T,10,10,0
199612150POR,RS,POR,263.0,LC,10,11,-1
199612150POR,RS,POR,275.0,LC,13,11,2
199612150POR,RS,POR,317.0,T,13,13,0
199612150POR,RS,POR,368.0,LC,13,15,-2
199612150POR,RS,POR,380.0,,14,15,-1
199612150POR,RS,POR,380.0,T,15,15,0
199612150POR,RS,POR,393.0,LC,16,15,1
199612150POR,RS,POR,393.0,,17,15,2
199612150POR,RS,POR,462.0,,17,16,1
199612150POR,RS,POR,487.0,LC,17,18,-1
199612150POR,RS,POR,528.0,,17,21,-4
199612150POR,RS,POR,546.0,,20,21,-1
199612150POR,RS,POR,595.0,,20,23,-3
199612150POR,RS,POR,610.0,,20,25,-5
199612150POR,RS,POR,660.0,,22,25,-3
199612150POR,RS,POR,690.0,,23,25,-2
199612150POR,RS,POR,714.0,,24,25,-1
199612150POR,RS,POR,714.0,T,25,25,0
199612150POR,RS,POR,806.0,,25,26,-1
199612150POR,RS,POR,806.0,,25,27,-2
199612150POR,RS,POR,850.0,,26,27,-1
199612150POR,RS,POR,850.0,T,27,27,0
199612150POR,RS,POR,884.0,LC,29,27,2
199612150POR,RS,POR,912.0,,31,27,4
199612150POR,RS,POR,951.0,,33,27,6
199612150POR,RS,POR,966.0,,33,29,4
199612150POR,RS,POR,1047.0,,35,29,6
199612150POR,RS,POR,1082.0,,37,29,8
199612150POR,RS,POR,1098.0,,37,30,7
199612150POR,RS,POR,1156.0,,40,30,10
199612150POR,RS,POR,1193.0,,42,30,12
199612150POR,RS,POR,1206.0,,42,31,11
199612150POR,RS,POR,1206.0,,42,32,10
199612150POR,RS,POR,1221.0,,44,32,12
199612150POR,RS,POR,1318.0,,44,34,10
199612150POR,RS,POR,1339.0,,46,34,12
199612150POR,RS,POR,1393.0,,46,36,10
199612150POR,RS,POR,1427.0,,46,37,9
199612150POR,RS,POR,1468.0,,46,39,7
199612150POR,RS,POR,1486.0,,46,41,5
199612150POR,RS,POR,1526.0,,46,44,2
199612150POR,RS,POR,1550.0,T,46,46,0
199612150POR,RS,POR,1564.0,,48,46,2
199612150POR,RS,POR,1587.0,T,48,48,0
199612150POR,RS,POR,1587.0,LC,48,49,-1
199612150POR,RS,POR,1609.0,LC,50,49,1
199612150POR,RS,POR,1630.0,,52,49,3
199612150POR,RS,POR,1786.0,,52,51,1
199612150POR,RS,POR,1825.0,,54,51,3
199612150POR,RS,POR,1893.0,,56,51,5
199612150POR,RS,POR,1909.0,,56,53,3
199612150POR,RS,POR,1927.0,,58,53,5
199612150POR,RS,POR,1947.0,,58,54,4
199612150POR,RS,POR,1984.0,,59,54,5
199612150POR,RS,POR,1984.0,,60,54,6
199612150POR,RS,POR,2035.0,,60,56,4
199612150POR,RS,POR,2049.0,,62,56,6
199612150POR,RS,POR,2070.0,,62,58,4
199612150POR,RS,POR,2099.0,,62,60,2
199612150POR,RS,POR,2115.0,,64,60,4
199612150POR,RS,POR,2132.0,,65,60,5
199612150POR,RS,POR,2132.0,,66,60,6
199612150POR,RS,POR,2155.0,,66,61,5
199612150POR,RS,POR,2155.0,,66,62,4
199612150POR,RS,POR,2207.0,,67,62,5
199612150POR,RS,POR,2207.0,,68,62,6
199612150POR,RS,POR,2234.0,,70,62,8
199612150POR,RS,POR,2267.0,,70,65,5
199612150POR,RS,POR,2294.0,,73,65,8
199612150POR,RS,POR,2340.0,,73,67,6
199612150POR,RS,POR,2340.0,,73,68,5
199612150POR,RS,POR,2376.0,,73,70,3
199612150POR,RS,POR,2402.0,,75,70,5
199612150POR,RS,POR,2432.0,,77,70,7
199612150POR,RS,POR,2451.0,,77,73,4
199612150POR,RS,POR,2467.0,,79,73,6
199612150POR,RS,POR,2467.0,,80,73,7
199612150POR,RS,POR,2527.0,,80,74,6
199612150POR,RS,POR,2527.0,,80,75,5
199612150POR,RS,POR,2545.0,,82,75,7
199612150POR,RS,POR,2585.0,,82,76,6
199612150POR,RS,POR,2673.0,,82,78,4
199612150POR,RS,POR,2690.0,,84,78,6
199612150POR,RS,POR,2741.0,,84,80,4
199612150POR,RS,POR,2761.0,,86,80,6
199612150POR,RS,POR,2761.0,,87,80,7
199612150POR,RS,POR,2777.0,,87,81,6
199612150POR,RS,POR,2802.0,,89,81,8
199612150POR,RS,POR,2825.0,,90,81,9
199612150POR,RS,POR,2825.0,,91,81,10
199612150POR,RS,POR,2833.0,,91,82,9
199612150POR,RS,POR,2836.0,,92,82,10
199612150POR,RS,POR,2836.0,,93,82,11
199612150POR,RS,POR,2838.0,,93,84,9
199612150POR,RS,POR,2838.0,,94,84,10
199612150POR,RS,POR,2838.0,,95,84,11
199612150POR,RS,POR,2844.0,,95,87,8
199612150POR,RS,POR,2845.0,,96,87,9
199612150POR,RS,POR,2845.0,,97,87,10
199612150POR,RS,POR,2877.0,,97,89,8
199612150POR,RS,POR,2879.0,F,99,89,10
199612150POR,RS,POR,2880.0,,99,89,10
199612170VAN,RS,VAN,0.0,,0,0,0
199612170VAN,RS,VAN,32.0,,0,2,-2
199612170VAN,RS,VAN,48.0,,1,2,-1
199612170VAN,RS,VAN,48.0,T,2,2,0
199612170VAN,RS,VAN,58.0,,2,5,-3
199612170VAN,RS,VAN,70.0,,3,5,-2
199612170VAN,RS,VAN,95.0,,3,7,-4
199612170VAN,RS,VAN,129.0,,3,9,-6
199612170VAN,RS,VAN,159.0,,3,12,-9
199612170VAN,RS,VAN,213.0,,3,14,-11
199612170VAN,RS,VAN,284.0,,3,16,-13
199612170VAN,RS,VAN,310.0,,3,18,-15
199612170VAN,RS,VAN,310.0,,3,19,-16
199612170VAN,RS,VAN,346.0,,4,19,-15
199612170VAN,RS,VAN,346.0,,5,19,-14
199612170VAN,RS,VAN,386.0,,5,21,-16
199612170VAN,RS,VAN,453.0,,7,21,-14
199612170VAN,RS,VAN,540.0,,7,23,-16
199612170VAN,RS,VAN,640.0,,8,23,-15
199612170VAN,RS,VAN,682.0,,8,25,-17
199612170VAN,RS,VAN,694.0,,10,25,-15
199612170VAN,RS,VAN,745.0,,10,27,-17
199612170VAN,RS,VAN,765.0,,12,27,-15
199612170VAN,RS,VAN,785.0,,12,29,-17
199612170VAN,RS,VAN,813.0,,14,29,-15
199612170VAN,RS,VAN,888.0,,14,31,-17
199612170VAN,RS,VAN,905.0,,16,31,-15
199612170VAN,RS,VAN,922.0,,16,33,-17
199612170VAN,RS,VAN,943.0,,18,33,-15
199612170VAN,RS,VAN,986.0,,21,33,-12
199612170VAN,RS,VAN,1014.0,,23,33,-10
199612170VAN,RS,VAN,1054.0,,26,33,-7
199612170VAN,RS,VAN,1147.0,,26,35,-9
199612170VAN,RS,VAN,1162.0,,28,35,-7
199612170VAN,RS,VAN,1188.0,,28,37,-9
199612170VAN,RS,VAN,1205.0,,30,37,-7
199612170VAN,RS,VAN,1264.0,,30,39,-9
199612170VAN,RS,VAN,1280.0,,32,39,-7
199612170VAN,RS,VAN,1301.0,,32,40,-8
199612170VAN,RS,VAN,1301.0,,32,41,-9
199612170VAN,RS,VAN,1312.0,,33,41,-8
199612170VAN,RS,VAN,1323.0,,35,41,-6
199612170VAN,RS,VAN,1345.0,,35,43,-8
199612170VAN,RS,VAN,1379.0,,35,45,-10
199612170VAN,RS,VAN,1394.0,,36,45,-9
199612170VAN,RS,VAN,1394.0,,37,45,-8
199612170VAN,RS,VAN,1415.0,,37,46,-9
199612170VAN,RS,VAN,1415.0,,37,47,-10
199612170VAN,RS,VAN,1435.0,,39,47,-8
199612170VAN,RS,VAN,1493.0,,41,47,-6
199612170VAN,RS,VAN,1515.0,,41,49,-8
199612170VAN,RS,VAN,1539.0,,43,49,-6
199612170VAN,RS,VAN,1570.0,,46,49,-3
199612170VAN,RS,VAN,1598.0,T,49,49,0
199612170VAN,RS,VAN,1634.0,LC,52,49,3
199612170VAN,RS,VAN,1655.0,T,52,52,0
199612170VAN,RS,VAN,1700.0,,55,52,3
199612170VAN,RS,VAN,1734.0,,57,52,5
199612170VAN,RS,VAN,1776.0,,58,52,6
199612170VAN,RS,VAN,1829.0,,58,54,4
199612170VAN,RS,VAN,1841.0,,60,54,6
199612170VAN,RS,VAN,1861.0,,60,56,4
199612170VAN,RS,VAN,1877.0,,63,56,7
199612170VAN,RS,VAN,1899.0,,63,57,6
199612170VAN,RS,VAN,1899.0,,63,58,5
199612170VAN,RS,VAN,1918.0,,63,60,3
199612170VAN,RS,VAN,1918.0,,63,61,2
199612170VAN,RS,VAN,1941.0,,65,61,4
199612170VAN,RS,VAN,1956.0,,65,62,3
199612170VAN,RS,VAN,1956.0,,65,63,2
199612170VAN,RS,VAN,1968.0,,66,63,3
199612170VAN,RS,VAN,1982.0,,66,64,2
199612170VAN,RS,VAN,1982.0,,66,65,1
199612170VAN,RS,VAN,1998.0,,68,65,3
199612170VAN,RS,VAN,2068.0,,68,66,2
199612170VAN,RS,VAN,2068.0,,68,67,1
199612170VAN,RS,VAN,2082.0,,70,67,3
199612170VAN,RS,VAN,2129.0,,71,67,4
199612170VAN,RS,VAN,2160.0,,72,67,5
199612170VAN,RS,VAN,2160.0,,73,67,6
199612170VAN,RS,VAN,2177.0,,76,67,9
199612170VAN,RS,VAN,2255.0,,76,69,7
199612170VAN,RS,VAN,2281.0,,76,71,5
199612170VAN,RS,VAN,2307.0,,78,71,7
199612170VAN,RS,VAN,2324.0,,78,73,5
199612170VAN,RS,VAN,2391.0,,80,73,7
199612170VAN,RS,VAN,2415.0,,80,76,4
199612170VAN,RS,VAN,2436.0,,82,76,6
199612170VAN,RS,VAN,2527.0,,84,76,8
199612170VAN,RS,VAN,2559.0,,86,76,10
199612170VAN,RS,VAN,2618.0,,86,79,7
199612170VAN,RS,VAN,2672.0,,86,81,5
199612170VAN,RS,VAN,2702.0,,88,81,7
199612170VAN,RS,VAN,2714.0,,88,82,6
199612170VAN,RS,VAN,2714.0,,88,83,5
199612170VAN,RS,VAN,2736.0,,88,85,3
199612170VAN,RS,VAN,2754.0,,90,85,5
199612170VAN,RS,VAN,2775.0,,90,87,3
199612170VAN,RS,VAN,2792.0,,92,87,5
199612170VAN,RS,VAN,2813.0,,92,88,4
199612170VAN,RS,VAN,2846.0,,92,91,1
199612170VAN,RS,VAN,2874.0,F,92,93,-1
199612170VAN,RS,VAN,2880.0,,92,93,-1
199612190HOU,RS,SAS,0.0,,0,0,0
199612190HOU,RS,SAS,21.0,,3,0,3
199612190HOU,RS,SAS,124.0,,6,0,6
199612190HOU,RS,SAS,147.0,,6,2,4
199612190HOU,RS,SAS,195.0,,6,4,2
199612190HOU,RS,SAS,211.0,,9,4,5
199612190HOU,RS,SAS,227.0,,9,5,4
199612190HOU,RS,SAS,227.0,,9,6,3
199612190HOU,RS,SAS,312.0,,11,6,5
199612190HOU,RS,SAS,330.0,,11,8,3
199612190HOU,RS,SAS,341.0,,13,8,5
199612190HOU,RS,SAS,360.0,,13,10,3
199612190HOU,RS,SAS,384.0,,14,10,4
199612190HOU,RS,SAS,384.0,,15,10,5
199612190HOU,RS,SAS,407.0,,17,10,7
199612190HOU,RS,SAS,420.0,,17,12,5
199612190HOU,RS,SAS,437.0,,19,12,7
199612190HOU,RS,SAS,491.0,,22,12,10
199612190HOU,RS,SAS,530.0,,22,14,8
199612190HOU,RS,SAS,549.0,,24,14,10
199612190HOU,RS,SAS,549.0,,25,14,11
199612190HOU,RS,SAS,596.0,,27,14,13
199612190HOU,RS,SAS,618.0,,27,16,11
199612190HOU,RS,SAS,646.0,,27,19,8
199612190HOU,RS,SAS,669.0,,29,19,10
199612190HOU,RS,SAS,683.0,,29,21,8
199612190HOU,RS,SAS,718.0,,29,23,6
199612190HOU,RS,SAS,742.0,,29,25,4
199612190HOU,RS,SAS,771.0,,29,27,2
199612190HOU,RS,SAS,784.0,,31,27,4
199612190HOU,RS,SAS,809.0,,32,27,5
199612190HOU,RS,SAS,809.0,,33,27,6
199612190HOU,RS,SAS,839.0,,35,27,8
199612190HOU,RS,SAS,859.0,,35,29,6
199612190HOU,RS,SAS,905.0,,35,31,4
199612190HOU,RS,SAS,973.0,,35,34,1
199612190HOU,RS,SAS,990.0,,37,34,3
199612190HOU,RS,SAS,1057.0,T,37,37,0
199612190HOU,RS,SAS,1128.0,,38,37,1
199612190HOU,RS,SAS,1128.0,,39,37,2
199612190HOU,RS,SAS,1174.0,,39,38,1
199612190HOU,RS,SAS,1205.0,LC,39,41,-2
199612190HOU,RS,SAS,1224.0,T,41,41,0
199612190HOU,RS,SAS,1250.0,LC,43,41,2
199612190HOU,RS,SAS,1273.0,T,43,43,0
199612190HOU,RS,SAS,1293.0,,45,43,2
199612190HOU,RS,SAS,1293.0,,46,43,3
199612190HOU,RS,SAS,1333.0,,46,45,1
199612190HOU,RS,SAS,1348.0,,49,45,4
199612190HOU,RS,SAS,1356.0,,49,46,3
199612190HOU,RS,SAS,1356.0,,49,47,2
199612190HOU,RS,SAS,1396.0,,51,47,4
199612190HOU,RS,SAS,1403.0,,51,48,3
199612190HOU,RS,SAS,1411.0,,51,50,1
199612190HOU,RS,SAS,1455.0,LC,51,52,-1
199612190HOU,RS,SAS,1476.0,LC,54,52,2
199612190HOU,RS,SAS,1486.0,T,54,54,0
199612190HOU,RS,SAS,1520.0,LC,54,56,-2
199612190HOU,RS,SAS,1552.0,,54,58,-4
199612190HOU,RS,SAS,1616.0,,56,58,-2
199612190HOU,RS,SAS,1631.0,,56,61,-5
199612190HOU,RS,SAS,1652.0,,58,61,-3
199612190HOU,RS,SAS,1714.0,,60,61,-1
199612190HOU,RS,SAS,1714.0,T,61,61,0
199612190HOU,RS,SAS,1728.0,,61,63,-2
199612190HOU,RS,SAS,1743.0,,61,65,-4
199612190HOU,RS,SAS,1783.0,,61,67,-6
199612190HOU,RS,SAS,1820.0,,62,67,-5
199612190HOU,RS,SAS,1842.0,,62,69,-7
199612190HOU,RS,SAS,1855.0,,63,69,-6
199612190HOU,RS,SAS,1890.0,,63,70,-7
199612190HOU,RS,SAS,1907.0,,65,70,-5
199612190HOU,RS,SAS,1920.0,,65,72,-7
199612190HOU,RS,SAS,1958.0,,65,74,-9
199612190HOU,RS,SAS,1984.0,,65,77,-12
199612190HOU,RS,SAS,2021.0,,65,79,-14
199612190HOU,RS,SAS,2037.0,,66,79,-13
199612190HOU,RS,SAS,2057.0,,66,82,-16
199612190HOU,RS,SAS,2074.0,,68,82,-14
199612190HOU,RS,SAS,2100.0,,68,85,-17
199612190HOU,RS,SAS,2112.0,,71,85,-14
199612190HOU,RS,SAS,2146.0,,72,85,-13
199612190HOU,RS,SAS,2146.0,,73,85,-12
199612190HOU,RS,SAS,2174.0,,76,85,-9
199612190HOU,RS,SAS,2191.0,,76,87,-11
199612190HOU,RS,SAS,2247.0,,76,89,-13
199612190HOU,RS,SAS,2266.0,,79,89,-10
199612190HOU,RS,SAS,2292.0,,79,90,-11
199612190HOU,RS,SAS,2292.0,,79,91,-12
199612190HOU,RS,SAS,2388.0,,79,93,-14
199612190HOU,RS,SAS,2388.0,,79,94,-15
199612190HOU,RS,SAS,2406.0,,81,94,-13
199612190HOU,RS,SAS,2443.0,,81,96,-15
199612190HOU,RS,SAS,2483.0,,83,96,-13
199612190HOU,RS,SAS,2503.0,,83,98,-15
199612190HOU,RS,SAS,2503.0,,83,99,-16
199612190HOU,RS,SAS,2533.0,,83,100,-17
199612190HOU,RS,SAS,2533.0,,83,101,-18
199612190HOU,RS,SAS,2556.0,,83,103,-20
199612190HOU,RS,SAS,2575.0,,85,103,-18
199612190HOU,RS,SAS,2615.0,,85,105,-20
199612190HOU,RS,SAS,2636.0,,85,107,-22
199612190HOU,RS,SAS,2652.0,,87,107,-20
199612190HOU,RS,SAS,2652.0,,88,107,-19
199612190HOU,RS,SAS,2673.0,,88,110,-22
199612190HOU,RS,SAS,2688.0,,89,110,-21
199612190HOU,RS,SAS,2688.0,,90,110,-20
199612190HOU,RS,SAS,2729.0,,93,110,-17
199612190HOU,RS,SAS,2780.0,,93,111,-18
199612190HOU,RS,SAS,2780.0,,93,112,-19
199612190HOU,RS,SAS,2790.0,,93,113,-20
199612190HOU,RS,SAS,2810.0,,95,113,-18
199612190HOU,RS,SAS,2834.0,,96,113,-17
199612190HOU,RS,SAS,2845.0,,96,115,-19
199612190HOU,RS,SAS,2851.0,F,99,115,-16
199612190HOU,RS,SAS,2863.0,,101,115,-14
199612210HOU,RS,MIA,0.0,,0,0,0
199612210HOU,RS,MIA,38.0,,0,2,-2
199612210HOU,RS,MIA,70.0,T,2,2,0
199612210HOU,RS,MIA,98.0,,2,4,-2
199612210HOU,RS,MIA,140.0,,2,6,-4
199612210HOU,RS,MIA,155.0,,3,6,-3
199612210HOU,RS,MIA,184.0,,3,8,-5
199612210HOU,RS,MIA,212.0,,6,8,-2
199612210HOU,RS,MIA,212.0,,7,8,-1
199612210HOU,RS,MIA,242.0,LC,9,8,1
199612210HOU,RS,MIA,293.0,T,9,9,0
199612210HOU,RS,MIA,293.0,LC,9,10,-1
199612210HOU,RS,MIA,309.0,LC,11,10,1
199612210HOU,RS,MIA,349.0,LC,11,12,-1
199612210HOU,RS,MIA,364.0,T,12,12,0
199612210HOU,RS,MIA,519.0,,12,14,-2
199612210HOU,RS,MIA,536.0,T,14,14,0
199612210HOU,RS,MIA,555.0,,14,17,-3
199612210HOU,RS,MIA,571.0,,15,17,-2
199612210HOU,RS,MIA,587.0,,15,19,-4
199612210HOU,RS,MIA,605.0,,17,19,-2
199612210HOU,RS,MIA,619.0,,17,22,-5
199612210HOU,RS,MIA,645.0,,19,22,-3
199612210HOU,RS,MIA,662.0,,19,25,-6
199612210HOU,RS,MIA,782.0,,21,25,-4
199612210HOU,RS,MIA,823.0,,23,25,-2
199612210HOU,RS,MIA,910.0,,24,25,-1
199612210HOU,RS,MIA,930.0,LC,26,25,1
199612210HOU,RS,MIA,968.0,,28,25,3
199612210HOU,RS,MIA,992.0,,28,27,1
199612210HOU,RS,MIA,1031.0,LC,28,29,-1
199612210HOU,RS,MIA,1060.0,LC,30,29,1
199612210HOU,RS,MIA,1078.0,LC,30,32,-2
199612210HOU,RS,MIA,1113.0,,30,35,-5
199612210HOU,RS,MIA,1149.0,,30,38,-8
199612210HOU,RS,MIA,1149.0,,30,39,-9
199612210HOU,RS,MIA,1163.0,,32,39,-7
199612210HOU,RS,MIA,1188.0,,32,41,-9
199612210HOU,RS,MIA,1268.0,,33,41,-8
199612210HOU,RS,MIA,1296.0,,35,41,-6
199612210HOU,RS,MIA,1313.0,,35,43,-8
199612210HOU,RS,MIA,1354.0,,35,46,-11
199612210HOU,RS,MIA,1382.0,,38,46,-8
199612210HOU,RS,MIA,1402.0,,38,48,-10
199612210HOU,RS,MIA,1438.0,,38,51,-13
199612210HOU,RS,MIA,1500.0,,39,51,-12
199612210HOU,RS,MIA,1544.0,,39,53,-14
199612210HOU,RS,MIA,1570.0,,41,53,-12
199612210HOU,RS,MIA,1622.0,,41,55,-14
199612210HOU,RS,MIA,1638.0,,43,55,-12
199612210HOU,RS,MIA,1743.0,,43,56,-13
199612210HOU,RS,MIA,1743.0,,43,57,-14
199612210HOU,RS,MIA,1791.0,,43,59,-16
199612210HOU,RS,MIA,1811.0,,45,59,-14
199612210HOU,RS,MIA,1859.0,,46,59,-13
199612210HOU,RS,MIA,1859.0,,47,59,-12
199612210HOU,RS,MIA,1881.0,,48,59,-11
199612210HOU,RS,MIA,1881.0,,49,59,-10
199612210HOU,RS,MIA,1944.0,,52,59,-7
199612210HOU,RS,MIA,1991.0,,52,61,-9
199612210HOU,RS,MIA,2060.0,,53,61,-8
199612210HOU,RS,MIA,2084.0,,56,61,-5
199612210HOU,RS,MIA,2127.0,,58,61,-3
199612210HOU,RS,MIA,2146.0,,58,63,-5
199612210HOU,RS,MIA,2218.0,,58,64,-6
199612210HOU,RS,MIA,2218.0,,58,65,-7
199612210HOU,RS,MIA,2259.0,,58,67,-9
199612210HOU,RS,MIA,2420.0,,59,67,-8
199612210HOU,RS,MIA,2431.0,,61,67,-6
199612210HOU,RS,MIA,2485.0,,61,70,-9
199612210HOU,RS,MIA,2570.0,,61,71,-10
199612210HOU,RS,MIA,2570.0,,61,72,-11
199612210HOU,RS,MIA,2643.0,,61,73,-12
199612210HOU,RS,MIA,2643.0,,61,74,-13
199612210HOU,RS,MIA,2685.0,,61,77,-16
199612210HOU,RS,MIA,2720.0,,61,79,-18
199612210HOU,RS,MIA,2740.0,,63,79,-16
199612210HOU,RS,MIA,2763.0,,63,80,-17
199612210HOU,RS,MIA,2763.0,,63,81,-18
199612210HOU,RS,MIA,2808.0,,63,84,-21
199612210HOU,RS,MIA,2844.0,,64,84,-20
199612210HOU,RS,MIA,2844.0,,65,84,-19
199612210HOU,RS,MIA,2849.0,,65,86,-21
199612210HOU,RS,MIA,2855.0,F,66,86,-20
199612210HOU,RS,MIA,2873.0,,66,86,-20
199612230HOU,RS,MIL,0.0,,0,0,0
199612230HOU,RS,MIL,16.0,,0,2,-2
199612230HOU,RS,MIL,27.0,T,2,2,0
199612230HOU,RS,MIL,49.0,LC,4,2,2
199612230HOU,RS,MIL,81.0,,6,2,4
199612230HOU,RS,MIL,99.0,,6,4,2
199612230HOU,RS,MIL,149.0,,8,4,4
199612230HOU,RS,MIL,184.0,,8,6,2
199612230HOU,RS,MIL,214.0,,10,6,4
199612230HOU,RS,MIL,236.0,,10,8,2
199612230HOU,RS,MIL,256.0,T,10,10,0
199612230HOU,RS,MIL,341.0,LC,10,12,-2
199612230HOU,RS,MIL,433.0,,10,14,-4
199612230HOU,RS,MIL,445.0,,12,14,-2
199612230HOU,RS,MIL,478.0,,12,16,-4
199612230HOU,RS,MIL,498.0,,14,16,-2
199612230HOU,RS,MIL,523.0,,15,16,-1
199612230HOU,RS,MIL,560.0,LC,17,16,1
199612230HOU,RS,MIL,581.0,LC,17,18,-1
199612230HOU,RS,MIL,636.0,,17,20,-3
199612230HOU,RS,MIL,670.0,,17,22,-5
199612230HOU,RS,MIL,735.0,,19,22,-3
199612230HOU,RS,MIL,763.0,,19,24,-5
199612230HOU,RS,MIL,785.0,,19,26,-7
199612230HOU,RS,MIL,821.0,,21,26,-5
199612230HOU,RS,MIL,847.0,,21,28,-7
199612230HOU,RS,MIL,941.0,,21,31,-10
199612230HOU,RS,MIL,984.0,,23,31,-8
199612230HOU,RS,MIL,1044.0,,23,33,-10
199612230HOU,RS,MIL,1117.0,,25,33,-8
199612230HOU,RS,MIL,1146.0,,27,33,-6
199612230HOU,RS,MIL,1176.0,,29,33,-4
199612230HOU,RS,MIL,1209.0,,31,33,-2
199612230HOU,RS,MIL,1236.0,,31,36,-5
199612230HOU,RS,MIL,1353.0,,31,38,-7
199612230HOU,RS,MIL,1382.0,,31,40,-9
199612230HOU,RS,MIL,1399.0,,33,40,-7
199612230HOU,RS,MIL,1410.0,,33,42,-9
199612230HOU,RS,MIL,1434.0,,35,42,-7
199612230HOU,RS,MIL,1472.0,,35,44,-9
199612230HOU,RS,MIL,1486.0,,37,44,-7
199612230HOU,RS,MIL,1510.0,,37,46,-9
199612230HOU,RS,MIL,1569.0,,37,48,-11
199612230HOU,RS,MIL,1569.0,,37,49,-12
199612230HOU,RS,MIL,1595.0,,39,49,-10
199612230HOU,RS,MIL,1619.0,,39,51,-12
199612230HOU,RS,MIL,1633.0,,41,51,-10
199612230HOU,RS,MIL,1656.0,,41,53,-12
199612230HOU,RS,MIL,1685.0,,43,53,-10
199612230HOU,RS,MIL,1709.0,,43,55,-12
199612230HOU,RS,MIL,1748.0,,46,55,-9
199612230HOU,RS,MIL,1774.0,,46,58,-12
199612230HOU,RS,MIL,1820.0,,47,58,-11
199612230HOU,RS,MIL,1820.0,,48,58,-10
199612230HOU,RS,MIL,1837.0,,48,60,-12
199612230HOU,RS,MIL,1850.0,,50,60,-10
199612230HOU,RS,MIL,1857.0,,50,61,-11
199612230HOU,RS,MIL,1860.0,,50,63,-13
199612230HOU,RS,MIL,1883.0,,52,63,-11
199612230HOU,RS,MIL,1926.0,,52,64,-12
199612230HOU,RS,MIL,1958.0,,54,64,-10
199612230HOU,RS,MIL,1986.0,,56,64,-8
199612230HOU,RS,MIL,2057.0,,58,64,-6
199612230HOU,RS,MIL,2074.0,,58,66,-8
199612230HOU,RS,MIL,2189.0,,60,66,-6
199612230HOU,RS,MIL,2215.0,,60,67,-7
199612230HOU,RS,MIL,2215.0,,60,68,-8
199612230HOU,RS,MIL,2226.0,,62,68,-6
199612230HOU,RS,MIL,2260.0,,64,68,-4
199612230HOU,RS,MIL,2295.0,,66,68,-2
199612230HOU,RS,MIL,2317.0,,66,70,-4
199612230HOU,RS,MIL,2409.0,,68,70,-2
199612230HOU,RS,MIL,2470.0,,68,72,-4
199612230HOU,RS,MIL,2534.0,,68,74,-6
199612230HOU,RS,MIL,2622.0,,68,75,-7
199612230HOU,RS,MIL,2691.0,,69,75,-6
199612230HOU,RS,MIL,2713.0,,69,78,-9
199612230HOU,RS,MIL,2733.0,,72,78,-6
199612230HOU,RS,MIL,2776.0,,74,78,-4
199612230HOU,RS,MIL,2797.0,,74,79,-5
199612230HOU,RS,MIL,2797.0,,74,80,-6
199612230HOU,RS,MIL,2808.0,,76,80,-4
199612230HOU,RS,MIL,2868.0,F,76,81,-5
199612230HOU,RS,MIL,2878.0,,76,81,-5
199612260MIL,RS,MIL,0.0,,0,0,0
199612260MIL,RS,MIL,16.0,,2,0,2
199612260MIL,RS,MIL,48.0,,4,0,4
199612260MIL,RS,MIL,48.0,,5,0,5
199612260MIL,RS,MIL,122.0,,5,3,2
199612260MIL,RS,MIL,143.0,,7,3,4
199612260MIL,RS,MIL,179.0,,7,5,2
199612260MIL,RS,MIL,207.0,,10,5,5
199612260MIL,RS,MIL,219.0,,10,7,3
199612260MIL,RS,MIL,237.0,,12,7,5
199612260MIL,RS,MIL,255.0,,12,9,3
199612260MIL,RS,MIL,270.0,,14,9,5
199612260MIL,RS,MIL,294.0,,14,11,3
199612260MIL,RS,MIL,318.0,,16,11,5
199612260MIL,RS,MIL,364.0,,16,12,4
199612260MIL,RS,MIL,364.0,,16,13,3
199612260MIL,RS,MIL,374.0,,18,13,5
199612260MIL,RS,MIL,401.0,,20,13,7
199612260MIL,RS,MIL,413.0,,20,15,5
199612260MIL,RS,MIL,413.0,,20,16,4
199612260MIL,RS,MIL,428.0,,22,16,6
199612260MIL,RS,MIL,446.0,,22,18,4
199612260MIL,RS,MIL,486.0,,24,18,6
199612260MIL,RS,MIL,501.0,,24,20,4
199612260MIL,RS,MIL,524.0,,26,20,6
199612260MIL,RS,MIL,552.0,,28,20,8
199612260MIL,RS,MIL,606.0,,28,23,5
199612260MIL,RS,MIL,626.0,,31,23,8
199612260MIL,RS,MIL,652.0,,31,25,6
199612260MIL,RS,MIL,667.0,,32,25,7
199612260MIL,RS,MIL,678.0,,34,25,9
199612260MIL,RS,MIL,691.0,,34,27,7
199612260MIL,RS,MIL,733.0,,36,27,9
199612260MIL,RS,MIL,815.0,,38,27,11
199612260MIL,RS,MIL,897.0,,40,27,13
199612260MIL,RS,MIL,938.0,,40,29,11
199612260MIL,RS,MIL,960.0,,42,29,13
199612260MIL,RS,MIL,1006.0,,42,30,12
199612260MIL,RS,MIL,1006.0,,42,31,11
199612260MIL,RS,MIL,1045.0,,42,34,8
199612260MIL,RS,MIL,1076.0,,42,36,6
199612260MIL,RS,MIL,1114.0,,42,38,4
199612260MIL,RS,MIL,1144.0,,44,38,6
199612260MIL,RS,MIL,1158.0,,44,40,4
199612260MIL,RS,MIL,1224.0,,46,40,6
199612260MIL,RS,MIL,1259.0,,46,42,4
199612260MIL,RS,MIL,1284.0,,49,42,7
199612260MIL,RS,MIL,1321.0,,51,42,9
199612260MIL,RS,MIL,1395.0,,51,44,7
199612260MIL,RS,MIL,1414.0,,54,44,10
199612260MIL,RS,MIL,1457.0,,54,47,7
199612260MIL,RS,MIL,1496.0,,54,49,5
199612260MIL,RS,MIL,1532.0,,54,51,3
199612260MIL,RS,MIL,1580.0,,54,53,1
199612260MIL,RS,MIL,1596.0,,56,53,3
199612260MIL,RS,MIL,1596.0,,57,53,4
199612260MIL,RS,MIL,1670.0,,57,55,2
199612260MIL,RS,MIL,1702.0,,59,55,4
199612260MIL,RS,MIL,1724.0,,61,55,6
199612260MIL,RS,MIL,1750.0,,61,57,4
199612260MIL,RS,MIL,1771.0,,63,57,6
199612260MIL,RS,MIL,1791.0,,63,59,4
199612260MIL,RS,MIL,1809.0,,65,59,6
199612260MIL,RS,MIL,1826.0,,65,61,4
199612260MIL,RS,MIL,1849.0,,67,61,6
199612260MIL,RS,MIL,1880.0,,69,61,8
199612260MIL,RS,MIL,1900.0,,69,63,6
199612260MIL,RS,MIL,1912.0,,70,63,7
199612260MIL,RS,MIL,1934.0,,71,63,8
199612260MIL,RS,MIL,1934.0,,72,63,9
199612260MIL,RS,MIL,1977.0,,75,63,12
199612260MIL,RS,MIL,2100.0,,77,63,14
199612260MIL,RS,MIL,2124.0,,77,64,13
199612260MIL,RS,MIL,2133.0,,79,64,15
199612260MIL,RS,MIL,2151.0,,79,65,14
199612260MIL,RS,MIL,2151.0,,79,66,13
199612260MIL,RS,MIL,2214.0,,81,66,15
199612260MIL,RS,MIL,2234.0,,81,68,13
199612260MIL,RS,MIL,2261.0,,82,68,14
199612260MIL,RS,MIL,2261.0,,83,68,15
199612260MIL,RS,MIL,2300.0,,85,68,17
199612260MIL,RS,MIL,2367.0,,85,70,15
199612260MIL,RS,MIL,2414.0,,85,71,14
199612260MIL,RS,MIL,2414.0,,85,72,13
199612260MIL,RS,MIL,2472.0,,87,72,15
199612260MIL,RS,MIL,2504.0,,87,74,13
199612260MIL,RS,MIL,2531.0,,88,74,14
199612260MIL,RS,MIL,2553.0,,88,76,12
199612260MIL,RS,MIL,2583.0,,90,76,14
199612260MIL,RS,MIL,2605.0,,91,76,15
199612260MIL,RS,MIL,2619.0,,91,77,14
199612260MIL,RS,MIL,2631.0,,91,78,13
199612260MIL,RS,MIL,2631.0,,91,79,12
199612260MIL,RS,MIL,2686.0,,91,80,11
199612260MIL,RS,MIL,2714.0,,91,81,10
199612260MIL,RS,MIL,2743.0,,91,82,9
199612260MIL,RS,MIL,2758.0,,92,82,10
199612260MIL,RS,MIL,2758.0,,93,82,11
199612260MIL,RS,MIL,2803.0,,93,85,8
199612260MIL,RS,MIL,2809.0,,94,85,9
199612260MIL,RS,MIL,2809.0,,95,85,10
199612260MIL,RS,MIL,2821.0,,96,85,11
199612260MIL,RS,MIL,2821.0,,97,85,12
199612260MIL,RS,MIL,2826.0,,97,88,9
199612260MIL,RS,MIL,2835.0,,98,88,10
199612260MIL,RS,MIL,2835.0,,99,88,11
199612260MIL,RS,MIL,2851.0,,99,89,10
199612260MIL,RS,MIL,2851.0,,99,90,9
199612260MIL,RS,MIL,2874.0,F,101,90,11
199612260MIL,RS,MIL,2880.0,,101,90,11
199612280HOU,RS,GSW,0.0,,0,0,0
199612280HOU,RS,GSW,47.0,,2,0,2
199612280HOU,RS,GSW,75.0,,5,0,5
199612280HOU,RS,GSW,86.0,,5,2,3
199612280HOU,RS,GSW,137.0,,7,2,5
199612280HOU,RS,GSW,179.0,,7,4,3
199612280HOU,RS,GSW,194.0,,10,4,6
199612280HOU,RS,GSW,271.0,,10,6,4
199612280HOU,RS,GSW,286.0,,12,6,6
199612280HOU,RS,GSW,313.0,,12,8,4
199612280HOU,RS,GSW,336.0,,14,8,6
199612280HOU,RS,GSW,360.0,,16,8,8
199612280HOU,RS,GSW,387.0,,18,8,10
199612280HOU,RS,GSW,466.0,,18,10,8
199612280HOU,RS,GSW,531.0,,18,11,7
199612280HOU,RS,GSW,531.0,,18,12,6
199612280HOU,RS,GSW,548.0,,18,14,4
199612280HOU,RS,GSW,608.0,,19,14,5
199612280HOU,RS,GSW,610.0,,21,14,7
199612280HOU,RS,GSW,670.0,,21,16,5
199612280HOU,RS,GSW,698.0,,21,17,4
199612280HOU,RS,GSW,766.0,,21,19,2
199612280HOU,RS,GSW,784.0,,23,19,4
199612280HOU,RS,GSW,793.0,,23,21,2
199612280HOU,RS,GSW,855.0,,25,21,4
199612280HOU,RS,GSW,865.0,,25,23,2
199612280HOU,RS,GSW,912.0,T,25,25,0
199612280HOU,RS,GSW,983.0,LC,25,26,-1
199612280HOU,RS,GSW,1007.0,LC,27,26,1
199612280HOU,RS,GSW,1035.0,,28,26,2
199612280HOU,RS,GSW,1035.0,,29,26,3
199612280HOU,RS,GSW,1057.0,,31,26,5
199612280HOU,RS,GSW,1093.0,,33,26,7
199612280HOU,RS,GSW,1110.0,,33,27,6
199612280HOU,RS,GSW,1128.0,,36,27,9
199612280HOU,RS,GSW,1141.0,,36,30,6
199612280HOU,RS,GSW,1181.0,,38,30,8
199612280HOU,RS,GSW,1192.0,,38,32,6
199612280HOU,RS,GSW,1213.0,,38,33,5
199612280HOU,RS,GSW,1213.0,,38,34,4
199612280HOU,RS,GSW,1230.0,,41,34,7
199612280HOU,RS,GSW,1242.0,,41,37,4
199612280HOU,RS,GSW,1263.0,,42,37,5
199612280HOU,RS,GSW,1272.0,,43,37,6
199612280HOU,RS,GSW,1272.0,,44,37,7
199612280HOU,RS,GSW,1281.0,,44,39,5
199612280HOU,RS,GSW,1308.0,,46,39,7
199612280HOU,RS,GSW,1332.0,,46,41,5
199612280HOU,RS,GSW,1345.0,,48,41,7
199612280HOU,RS,GSW,1368.0,,50,41,9
199612280HOU,RS,GSW,1382.0,,50,43,7
199612280HOU,RS,GSW,1433.0,,50,45,5
199612280HOU,RS,GSW,1479.0,,52,45,7
199612280HOU,RS,GSW,1491.0,,52,47,5
199612280HOU,RS,GSW,1514.0,,54,47,7
199612280HOU,RS,GSW,1537.0,,56,47,9
199612280HOU,RS,GSW,1548.0,,56,49,7
199612280HOU,RS,GSW,1569.0,,58,49,9
199612280HOU,RS,GSW,1597.0,,58,51,7
199612280HOU,RS,GSW,1617.0,,61,51,10
199612280HOU,RS,GSW,1668.0,,64,51,13
199612280HOU,RS,GSW,1682.0,,64,54,10
199612280HOU,RS,GSW,1725.0,,65,54,11
199612280HOU,RS,GSW,1736.0,,65,56,9
199612280HOU,RS,GSW,1771.0,,65,58,7
199612280HOU,RS,GSW,1787.0,,67,58,9
199612280HOU,RS,GSW,1787.0,,68,58,10
199612280HOU,RS,GSW,1821.0,,68,60,8
199612280HOU,RS,GSW,1851.0,,68,61,7
199612280HOU,RS,GSW,1851.0,,68,62,6
199612280HOU,RS,GSW,1890.0,,70,62,8
199612280HOU,RS,GSW,1922.0,,71,62,9
199612280HOU,RS,GSW,1960.0,,71,63,8
199612280HOU,RS,GSW,1960.0,,71,64,7
199612280HOU,RS,GSW,1991.0,,71,66,5
199612280HOU,RS,GSW,2077.0,,72,66,6
199612280HOU,RS,GSW,2077.0,,73,66,7
199612280HOU,RS,GSW,2089.0,,73,68,5
199612280HOU,RS,GSW,2105.0,,75,68,7
199612280HOU,RS,GSW,2114.0,,75,70,5
199612280HOU,RS,GSW,2179.0,,77,70,7
199612280HOU,RS,GSW,2179.0,,78,70,8
199612280HOU,RS,GSW,2198.0,,78,72,6
199612280HOU,RS,GSW,2217.0,,80,72,8
199612280HOU,RS,GSW,2236.0,,80,74,6
199612280HOU,RS,GSW,2291.0,,80,76,4
199612280HOU,RS,GSW,2313.0,,82,76,6
199612280HOU,RS,GSW,2365.0,,83,76,7
199612280HOU,RS,GSW,2365.0,,84,76,8
199612280HOU,RS,GSW,2415.0,,84,77,7
199612280HOU,RS,GSW,2426.0,,86,77,9
199612280HOU,RS,GSW,2469.0,,88,77,11
199612280HOU,RS,GSW,2482.0,,90,77,13
199612280HOU,RS,GSW,2512.0,,90,79,11
199612280HOU,RS,GSW,2562.0,,92,79,13
199612280HOU,RS,GSW,2584.0,,92,81,11
199612280HOU,RS,GSW,2609.0,,95,81,14
199612280HOU,RS,GSW,2622.0,,95,83,12
199612280HOU,RS,GSW,2642.0,,95,85,10
199612280HOU,RS,GSW,2661.0,,97,85,12
199612280HOU,RS,GSW,2678.0,,97,87,10
199612280HOU,RS,GSW,2732.0,,97,90,7
199612280HOU,RS,GSW,2752.0,,97,91,6
199612280HOU,RS,GSW,2752.0,,97,92,5
199612280HOU,RS,GSW,2791.0,,99,92,7
199612280HOU,RS,GSW,2835.0,,101,92,9
199612280HOU,RS,GSW,2850.0,,101,95,6
199612280HOU,RS,GSW,2864.0,,102,95,7
199612280HOU,RS,GSW,2867.0,,103,95,8
199612280HOU,RS,GSW,2867.0,F,104,95,9
199612280HOU,RS,GSW,2875.0,,104,95,9
199612300HOU,RS,SEA,0.0,,0,0,0
199612300HOU,RS,SEA,13.0,,0,3,-3
199612300HOU,RS,SEA,32.0,,0,5,-5
199612300HOU,RS,SEA,57.0,,3,5,-2
199612300HOU,RS,SEA,73.0,,3,7,-4
199612300HOU,RS,SEA,73.0,,3,8,-5
199612300HOU,RS,SEA,89.0,,5,8,-3
199612300HOU,RS,SEA,104.0,,5,10,-5
199612300HOU,RS,SEA,142.0,,7,10,-3
199612300HOU,RS,SEA,155.0,,7,12,-5
199612300HOU,RS,SEA,168.0,,9,12,-3
199612300HOU,RS,SEA,168.0,,10,12,-2
199612300HOU,RS,SEA,187.0,,10,14,-4
199612300HOU,RS,SEA,208.0,,13,14,-1
199612300HOU,RS,SEA,239.0,,13,17,-4
199612300HOU,RS,SEA,287.0,,13,20,-7
199612300HOU,RS,SEA,303.0,,15,20,-5
199612300HOU,RS,SEA,328.0,,18,20,-2
199612300HOU,RS,SEA,380.0,,18,23,-5
199612300HOU,RS,SEA,394.0,,20,23,-3
199612300HOU,RS,SEA,394.0,,21,23,-2
199612300HOU,RS,SEA,415.0,,21,25,-4
199612300HOU,RS,SEA,441.0,,21,27,-6
199612300HOU,RS,SEA,467.0,,21,29,-8
199612300HOU,RS,SEA,511.0,,21,31,-10
199612300HOU,RS,SEA,511.0,,21,32,-11
199612300HOU,RS,SEA,547.0,,21,34,-13
199612300HOU,RS,SEA,592.0,,23,34,-11
199612300HOU,RS,SEA,654.0,,24,34,-10
199612300HOU,RS,SEA,654.0,,25,34,-9
199612300HOU,RS,SEA,686.0,,25,35,-10
199612300HOU,RS,SEA,700.0,,26,35,-9
199612300HOU,RS,SEA,717.0,,28,35,-7
199612300HOU,RS,SEA,743.0,,30,35,-5
199612300HOU,RS,SEA,789.0,,32,35,-3
199612300HOU,RS,SEA,813.0,,34,35,-1
199612300HOU,RS,SEA,836.0,,34,36,-2
199612300HOU,RS,SEA,836.0,,34,37,-3
199612300HOU,RS,SEA,914.0,,36,37,-1
199612300HOU,RS,SEA,937.0,,36,40,-4
199612300HOU,RS,SEA,996.0,,37,40,-3
199612300HOU,RS,SEA,996.0,,38,40,-2
199612300HOU,RS,SEA,1008.0,,38,41,-3
199612300HOU,RS,SEA,1027.0,,38,44,-6
199612300HOU,RS,SEA,1040.0,,40,44,-4
199612300HOU,RS,SEA,1063.0,,40,46,-6
199612300HOU,RS,SEA,1108.0,,40,47,-7
199612300HOU,RS,SEA,1123.0,,43,47,-4
199612300HOU,RS,SEA,1166.0,,45,47,-2
199612300HOU,RS,SEA,1180.0,,46,47,-1
199612300HOU,RS,SEA,1180.0,T,47,47,0
199612300HOU,RS,SEA,1208.0,LC,49,47,2
199612300HOU,RS,SEA,1231.0,,51,47,4
199612300HOU,RS,SEA,1310.0,,54,47,7
199612300HOU,RS,SEA,1330.0,,54,48,6
199612300HOU,RS,SEA,1334.0,,54,50,4
199612300HOU,RS,SEA,1353.0,,57,50,7
199612300HOU,RS,SEA,1371.0,,57,53,4
199612300HOU,RS,SEA,1509.0,,59,53,6
199612300HOU,RS,SEA,1554.0,,59,55,4
199612300HOU,RS,SEA,1637.0,,61,55,6
199612300HOU,RS,SEA,1654.0,,61,57,4
199612300HOU,RS,SEA,1731.0,,63,57,6
199612300HOU,RS,SEA,1753.0,,63,59,4
199612300HOU,RS,SEA,1775.0,,65,59,6
199612300HOU,RS,SEA,1786.0,,65,60,5
199612300HOU,RS,SEA,1794.0,,67,60,7
199612300HOU,RS,SEA,1906.0,,67,61,6
199612300HOU,RS,SEA,1906.0,,67,62,5
199612300HOU,RS,SEA,1920.0,,69,62,7
199612300HOU,RS,SEA,1940.0,,71,62,9
199612300HOU,RS,SEA,1959.0,,71,64,7
199612300HOU,RS,SEA,1985.0,,74,64,10
199612300HOU,RS,SEA,2015.0,,74,65,9
199612300HOU,RS,SEA,2015.0,,74,66,8
199612300HOU,RS,SEA,2047.0,,74,68,6
199612300HOU,RS,SEA,2090.0,,76,68,8
199612300HOU,RS,SEA,2108.0,,76,71,5
199612300HOU,RS,SEA,2126.0,,78,71,7
199612300HOU,RS,SEA,2155.0,,79,71,8
199612300HOU,RS,SEA,2160.0,,79,73,6
199612300HOU,RS,SEA,2174.0,,79,75,4
199612300HOU,RS,SEA,2189.0,,79,76,3
199612300HOU,RS,SEA,2189.0,,79,77,2
199612300HOU,RS,SEA,2218.0,T,79,79,0
199612300HOU,RS,SEA,2249.0,LC,79,81,-2
199612300HOU,RS,SEA,2343.0,,79,84,-5
199612300HOU,RS,SEA,2362.0,,81,84,-3
199612300HOU,RS,SEA,2403.0,,83,84,-1
199612300HOU,RS,SEA,2403.0,T,84,84,0
199612300HOU,RS,SEA,2427.0,LC,87,84,3
199612300HOU,RS,SEA,2446.0,T,87,87,0
199612300HOU,RS,SEA,2481.0,,90,87,3
199612300HOU,RS,SEA,2519.0,,92,87,5
199612300HOU,RS,SEA,2540.0,,94,87,7
199612300HOU,RS,SEA,2583.0,,94,89,5
199612300HOU,RS,SEA,2679.0,,95,89,6
199612300HOU,RS,SEA,2837.0,,96,89,7
199612300HOU,RS,SEA,2847.0,,97,89,8
199612300HOU,RS,SEA,2858.0,,98,89,9
199612300HOU,RS,SEA,2858.0,,99,89,10
199612300HOU,RS,SEA,2860.0,F,99,91,8
199612300HOU,RS,SEA,2880.0,,99,91,8
199701020HOU,RS,POR,0.0,,0,0,0
199701020HOU,RS,POR,15.0,,0,2,-2
199701020HOU,RS,POR,92.0,LC,3,2,1
199701020HOU,RS,POR,107.0,LC,3,5,-2
199701020HOU,RS,POR,127.0,LC,6,5,1
199701020HOU,RS,POR,140.0,LC,6,7,-1
199701020HOU,RS,POR,187.0,,6,9,-3
199701020HOU,RS,POR,187.0,,6,10,-4
199701020HOU,RS,POR,204.0,,8,10,-2
199701020HOU,RS,POR,236.0,,8,12,-4
199701020HOU,RS,POR,256.0,,8,13,-5
199701020HOU,RS,POR,256.0,,8,14,-6
199701020HOU,RS,POR,336.0,,8,15,-7
199701020HOU,RS,POR,336.0,,8,16,-8
199701020HOU,RS,POR,345.0,,8,18,-10
199701020HOU,RS,POR,366.0,,8,20,-12
199701020HOU,RS,POR,411.0,,10,20,-10
199701020HOU,RS,POR,463.0,,10,22,-12
199701020HOU,RS,POR,479.0,,12,22,-10
199701020HOU,RS,POR,499.0,,12,23,-11
199701020HOU,RS,POR,499.0,,12,24,-12
199701020HOU,RS,POR,529.0,,12,26,-14
199701020HOU,RS,POR,548.0,,14,26,-12
199701020HOU,RS,POR,572.0,,16,26,-10
199701020HOU,RS,POR,590.0,,16,27,-11
199701020HOU,RS,POR,592.0,,16,29,-13
199701020HOU,RS,POR,616.0,,18,29,-11
199701020HOU,RS,POR,616.0,,19,29,-10
199701020HOU,RS,POR,653.0,,21,29,-8
199701020HOU,RS,POR,675.0,,21,31,-10
199701020HOU,RS,POR,708.0,,21,32,-11
199701020HOU,RS,POR,748.0,,21,34,-13
199701020HOU,RS,POR,816.0,,22,34,-12
199701020HOU,RS,POR,816.0,,23,34,-11
199701020HOU,RS,POR,834.0,,23,36,-13
199701020HOU,RS,POR,849.0,,25,36,-11
199701020HOU,RS,POR,914.0,,26,36,-10
199701020HOU,RS,POR,933.0,,28,36,-8
199701020HOU,RS,POR,960.0,,30,36,-6
199701020HOU,RS,POR,977.0,,30,38,-8
199701020HOU,RS,POR,1017.0,,31,38,-7
199701020HOU,RS,POR,1018.0,,32,38,-6
199701020HOU,RS,POR,1035.0,,32,40,-8
199701020HOU,RS,POR,1051.0,,33,40,-7
199701020HOU,RS,POR,1051.0,,34,40,-6
199701020HOU,RS,POR,1063.0,,34,41,-7
199701020HOU,RS,POR,1063.0,,34,42,-8
199701020HOU,RS,POR,1101.0,,37,42,-5
199701020HOU,RS,POR,1127.0,,37,44,-7
199701020HOU,RS,POR,1196.0,,39,44,-5
199701020HOU,RS,POR,1214.0,,39,45,-6
199701020HOU,RS,POR,1214.0,,39,46,-7
199701020HOU,RS,POR,1235.0,,41,46,-5
199701020HOU,RS,POR,1282.0,,43,46,-3
199701020HOU,RS,POR,1282.0,,44,46,-2
199701020HOU,RS,POR,1298.0,,44,49,-5
199701020HOU,RS,POR,1314.0,,46,49,-3
199701020HOU,RS,POR,1326.0,,46,51,-5
199701020HOU,RS,POR,1358.0,,47,51,-4
199701020HOU,RS,POR,1358.0,,48,51,-3
199701020HOU,RS,POR,1367.0,,48,53,-5
199701020HOU,RS,POR,1367.0,,48,54,-6
199701020HOU,RS,POR,1382.0,,50,54,-4
199701020HOU,RS,POR,1394.0,,50,56,-6
199701020HOU,RS,POR,1431.0,,50,59,-9
199701020HOU,RS,POR,1440.0,,53,59,-6
199701020HOU,RS,POR,1479.0,,55,59,-4
199701020HOU,RS,POR,1567.0,,55,60,-5
199701020HOU,RS,POR,1567.0,,55,61,-6
199701020HOU,RS,POR,1588.0,,57,61,-4
199701020HOU,RS,POR,1612.0,,57,63,-6
199701020HOU,RS,POR,1658.0,,59,63,-4
199701020HOU,RS,POR,1691.0,,61,63,-2
199701020HOU,RS,POR,1707.0,,61,65,-4
199701020HOU,RS,POR,1723.0,,63,65,-2
199701020HOU,RS,POR,1744.0,,63,67,-4
199701020HOU,RS,POR,1766.0,,63,69,-6
199701020HOU,RS,POR,1795.0,,63,70,-7
199701020HOU,RS,POR,1795.0,,63,71,-8
199701020HOU,RS,POR,1811.0,,65,71,-6
199701020HOU,RS,POR,1811.0,,66,71,-5
199701020HOU,RS,POR,1821.0,,66,73,-7
199701020HOU,RS,POR,1876.0,,68,73,-5
199701020HOU,RS,POR,1876.0,,69,73,-4
199701020HOU,RS,POR,1891.0,,69,75,-6
199701020HOU,RS,POR,1891.0,,69,76,-7
199701020HOU,RS,POR,1932.0,,69,78,-9
199701020HOU,RS,POR,1973.0,,72,78,-6
199701020HOU,RS,POR,2033.0,,72,79,-7
199701020HOU,RS,POR,2033.0,,72,80,-8
199701020HOU,RS,POR,2065.0,,72,82,-10
199701020HOU,RS,POR,2099.0,,72,83,-11
199701020HOU,RS,POR,2099.0,,72,84,-12
199701020HOU,RS,POR,2159.0,,74,84,-10
199701020HOU,RS,POR,2211.0,,74,86,-12
199701020HOU,RS,POR,2231.0,,75,86,-11
199701020HOU,RS,POR,2233.0,,77,86,-9
199701020HOU,RS,POR,2261.0,,79,86,-7
199701020HOU,RS,POR,2284.0,,79,89,-10
199701020HOU,RS,POR,2343.0,,82,89,-7
199701020HOU,RS,POR,2380.0,,84,89,-5
199701020HOU,RS,POR,2468.0,,85,89,-4
199701020HOU,RS,POR,2484.0,,86,89,-3
199701020HOU,RS,POR,2503.0,,86,92,-6
199701020HOU,RS,POR,2568.0,,86,95,-9
199701020HOU,RS,POR,2612.0,,87,95,-8
199701020HOU,RS,POR,2627.0,,87,97,-10
199701020HOU,RS,POR,2656.0,,87,100,-13
199701020HOU,RS,POR,2666.0,,88,100,-12
199701020HOU,RS,POR,2690.0,,90,100,-10
199701020HOU,RS,POR,2716.0,,90,102,-12
199701020HOU,RS,POR,2736.0,,92,102,-10
199701020HOU,RS,POR,2759.0,,92,104,-12
199701020HOU,RS,POR,2778.0,,92,105,-13
199701020HOU,RS,POR,2778.0,,92,106,-14
199701020HOU,RS,POR,2790.0,,94,106,-12
199701020HOU,RS,POR,2799.0,,94,108,-14
199701020HOU,RS,POR,2847.0,,94,110,-16
199701020HOU,RS,POR,2859.0,,94,111,-17
199701020HOU,RS,POR,2859.0,,94,112,-18
199701020HOU,RS,POR,2865.0,F,96,112,-16
199701020HOU,RS,POR,2880.0,,96,112,-16
199701040HOU,RS,LAC,0.0,,0,0,0
199701040HOU,RS,LAC,11.0,,2,0,2
199701040HOU,RS,LAC,49.0,T,2,2,0
199701040HOU,RS,LAC,97.0,LC,2,4,-2
199701040HOU,RS,LAC,116.0,LC,5,4,1
199701040HOU,RS,LAC,163.0,LC,5,6,-1
199701040HOU,RS,LAC,204.0,LC,7,6,1
199701040HOU,RS,LAC,215.0,LC,7,9,-2
199701040HOU,RS,LAC,239.0,,7,11,-4
199701040HOU,RS,LAC,259.0,,9,11,-2
199701040HOU,RS,LAC,275.0,,9,13,-4
199701040HOU,RS,LAC,310.0,,9,15,-6
199701040HOU,RS,LAC,439.0,,9,17,-8
199701040HOU,RS,LAC,472.0,,9,19,-10
199701040HOU,RS,LAC,500.0,,11,19,-8
199701040HOU,RS,LAC,596.0,,12,19,-7
199701040HOU,RS,LAC,605.0,,14,19,-5
199701040HOU,RS,LAC,631.0,,15,19,-4
199701040HOU,RS,LAC,631.0,,16,19,-3
199701040HOU,RS,LAC,665.0,,16,20,-4
199701040HOU,RS,LAC,677.0,,17,20,-3
199701040HOU,RS,LAC,692.0,,17,23,-6
199701040HOU,RS,LAC,713.0,,20,23,-3
199701040HOU,RS,LAC,739.0,,22,23,-1
199701040HOU,RS,LAC,760.0,,22,24,-2
199701040HOU,RS,LAC,777.0,T,24,24,0
199701040HOU,RS,LAC,832.0,LC,26,24,2
199701040HOU,RS,LAC,856.0,,28,24,4
199701040HOU,RS,LAC,870.0,,28,26,2
199701040HOU,RS,LAC,902.0,,28,27,1
199701040HOU,RS,LAC,902.0,T,28,28,0
199701040HOU,RS,LAC,920.0,,30,28,2
199701040HOU,RS,LAC,920.0,,31,28,3
199701040HOU,RS,LAC,937.0,T,31,31,0
199701040HOU,RS,LAC,951.0,,33,31,2
199701040HOU,RS,LAC,988.0,,36,31,5
199701040HOU,RS,LAC,1008.0,,38,31,7
199701040HOU,RS,LAC,1037.0,,38,34,4
199701040HOU,RS,LAC,1057.0,,40,34,6
199701040HOU,RS,LAC,1081.0,,40,37,3
199701040HOU,RS,LAC,1098.0,,42,37,5
199701040HOU,RS,LAC,1148.0,,44,37,7
199701040HOU,RS,LAC,1170.0,,44,39,5
199701040HOU,RS,LAC,1186.0,,44,40,4
199701040HOU,RS,LAC,1186.0,,44,41,3
199701040HOU,RS,LAC,1209.0,,46,41,5
199701040HOU,RS,LAC,1221.0,,46,43,3
199701040HOU,RS,LAC,1235.0,,48,43,5
199701040HOU,RS,LAC,1235.0,,49,43,6
199701040HOU,RS,LAC,1250.0,,49,45,4
199701040HOU,RS,LAC,1250.0,,49,46,3
199701040HOU,RS,LAC,1278.0,,49,48,1
199701040HOU,RS,LAC,1343.0,,52,48,4
199701040HOU,RS,LAC,1368.0,,52,50,2
199701040HOU,RS,LAC,1389.0,,54,50,4
199701040HOU,RS,LAC,1399.0,,54,51,3
199701040HOU,RS,LAC,1439.0,,54,53,1
199701040HOU,RS,LAC,1440.0,,57,53,4
199701040HOU,RS,LAC,1486.0,,59,53,6
199701040HOU,RS,LAC,1501.0,,59,56,3
199701040HOU,RS,LAC,1520.0,,61,56,5
199701040HOU,RS,LAC,1540.0,,61,58,3
199701040HOU,RS,LAC,1554.0,,63,58,5
199701040HOU,RS,LAC,1574.0,,63,60,3
199701040HOU,RS,LAC,1632.0,,66,60,6
199701040HOU,RS,LAC,1669.0,,66,62,4
199701040HOU,RS,LAC,1684.0,,68,62,6
199701040HOU,RS,LAC,1700.0,,68,64,4
199701040HOU,RS,LAC,1720.0,,68,66,2
199701040HOU,RS,LAC,1743.0,,71,66,5
199701040HOU,RS,LAC,1810.0,,71,68,3
199701040HOU,RS,LAC,1843.0,T,71,71,0
199701040HOU,RS,LAC,1864.0,,73,71,2
199701040HOU,RS,LAC,1898.0,,74,71,3
199701040HOU,RS,LAC,1898.0,,75,71,4
199701040HOU,RS,LAC,1968.0,,77,71,6
199701040HOU,RS,LAC,1992.0,,77,73,4
199701040HOU,RS,LAC,2110.0,,77,75,2
199701040HOU,RS,LAC,2129.0,,78,75,3
199701040HOU,RS,LAC,2129.0,,79,75,4
199701040HOU,RS,LAC,2175.0,,81,75,6
199701040HOU,RS,LAC,2175.0,,82,75,7
199701040HOU,RS,LAC,2204.0,,82,77,5
199701040HOU,RS,LAC,2262.0,,82,80,2
199701040HOU,RS,LAC,2300.0,T,82,82,0
199701040HOU,RS,LAC,2343.0,,83,82,1
199701040HOU,RS,LAC,2343.0,,84,82,2
199701040HOU,RS,LAC,2359.0,T,84,84,0
199701040HOU,RS,LAC,2457.0,LC,84,86,-2
199701040HOU,RS,LAC,2548.0,,84,88,-4
199701040HOU,RS,LAC,2596.0,,86,88,-2
199701040HOU,RS,LAC,2596.0,,87,88,-1
199701040HOU,RS,LAC,2644.0,LC,89,88,1
199701040HOU,RS,LAC,2755.0,,91,88,3
199701040HOU,RS,LAC,2774.0,T,91,91,0
199701040HOU,RS,LAC,2804.0,LC,91,92,-1
199701040HOU,RS,LAC,2804.0,,91,93,-2
199701040HOU,RS,LAC,2880.0,,91,95,-4
199701040HOU,RS,LAC,2880.0,,91,94,-3
199701040HOU,RS,LAC,2880.0,F,91,95,-4
199701070MIN,RS,MIN,0.0,,0,0,0
199701070MIN,RS,MIN,46.0,,0,3,-3
199701070MIN,RS,MIN,89.0,,0,5,-5
199701070MIN,RS,MIN,116.0,,2,5,-3
199701070MIN,RS,MIN,129.0,,2,7,-5
199701070MIN,RS,MIN,147.0,,2,9,-7
199701070MIN,RS,MIN,161.0,,3,9,-6
199701070MIN,RS,MIN,161.0,,4,9,-5
199701070MIN,RS,MIN,219.0,,4,11,-7
199701070MIN,RS,MIN,248.0,,7,11,-4
199701070MIN,RS,MIN,263.0,,9,11,-2
199701070MIN,RS,MIN,290.0,,9,13,-4
199701070MIN,RS,MIN,299.0,,11,13,-2
199701070MIN,RS,MIN,316.0,,11,15,-4
199701070MIN,RS,MIN,347.0,,11,17,-6
199701070MIN,RS,MIN,415.0,,12,17,-5
199701070MIN,RS,MIN,427.0,,15,17,-2
199701070MIN,RS,MIN,446.0,,16,17,-1
199701070MIN,RS,MIN,446.0,T,17,17,0
199701070MIN,RS,MIN,494.0,LC,19,17,2
199701070MIN,RS,MIN,514.0,LC,19,20,-1
199701070MIN,RS,MIN,543.0,,19,22,-3
199701070MIN,RS,MIN,588.0,,19,24,-5
199701070MIN,RS,MIN,609.0,,21,24,-3
199701070MIN,RS,MIN,629.0,,21,25,-4
199701070MIN,RS,MIN,629.0,,21,26,-5
199701070MIN,RS,MIN,644.0,,23,26,-3
199701070MIN,RS,MIN,665.0,,23,28,-5
199701070MIN,RS,MIN,672.0,,24,28,-4
199701070MIN,RS,MIN,717.0,,24,30,-6
199701070MIN,RS,MIN,748.0,,24,32,-8
199701070MIN,RS,MIN,836.0,,27,32,-5
199701070MIN,RS,MIN,852.0,,27,33,-6
199701070MIN,RS,MIN,880.0,,29,33,-4
199701070MIN,RS,MIN,903.0,,29,34,-5
199701070MIN,RS,MIN,903.0,,29,35,-6
199701070MIN,RS,MIN,946.0,,31,35,-4
199701070MIN,RS,MIN,1064.0,,33,35,-2
199701070MIN,RS,MIN,1106.0,,33,37,-4
199701070MIN,RS,MIN,1120.0,,35,37,-2
199701070MIN,RS,MIN,1136.0,,35,40,-5
199701070MIN,RS,MIN,1154.0,,36,40,-4
199701070MIN,RS,MIN,1154.0,,37,40,-3
199701070MIN,RS,MIN,1165.0,,37,43,-6
199701070MIN,RS,MIN,1189.0,,37,46,-9
199701070MIN,RS,MIN,1251.0,,39,46,-7
199701070MIN,RS,MIN,1267.0,,39,48,-9
199701070MIN,RS,MIN,1313.0,,40,48,-8
199701070MIN,RS,MIN,1313.0,,41,48,-7
199701070MIN,RS,MIN,1332.0,,41,50,-9
199701070MIN,RS,MIN,1407.0,,43,50,-7
199701070MIN,RS,MIN,1428.0,,46,50,-4
199701070MIN,RS,MIN,1478.0,,49,50,-1
199701070MIN,RS,MIN,1493.0,,49,53,-4
199701070MIN,RS,MIN,1512.0,,52,53,-1
199701070MIN,RS,MIN,1529.0,,52,55,-3
199701070MIN,RS,MIN,1529.0,,52,56,-4
199701070MIN,RS,MIN,1639.0,,52,58,-6
199701070MIN,RS,MIN,1660.0,,54,58,-4
199701070MIN,RS,MIN,1672.0,,54,60,-6
199701070MIN,RS,MIN,1687.0,,55,60,-5
199701070MIN,RS,MIN,1687.0,,56,60,-4
199701070MIN,RS,MIN,1708.0,,58,60,-2
199701070MIN,RS,MIN,1726.0,,58,62,-4
199701070MIN,RS,MIN,1821.0,,58,65,-7
199701070MIN,RS,MIN,1844.0,,61,65,-4
199701070MIN,RS,MIN,1864.0,,61,67,-6
199701070MIN,RS,MIN,1903.0,,62,67,-5
199701070MIN,RS,MIN,1903.0,,63,67,-4
199701070MIN,RS,MIN,1932.0,,65,67,-2
199701070MIN,RS,MIN,1946.0,,65,68,-3
199701070MIN,RS,MIN,1946.0,,65,69,-4
199701070MIN,RS,MIN,2009.0,,65,71,-6
199701070MIN,RS,MIN,2031.0,,67,71,-4
199701070MIN,RS,MIN,2097.0,,67,73,-6
199701070MIN,RS,MIN,2154.0,,67,74,-7
199701070MIN,RS,MIN,2154.0,,67,75,-8
199701070MIN,RS,MIN,2199.0,,69,75,-6
199701070MIN,RS,MIN,2262.0,,70,75,-5
199701070MIN,RS,MIN,2262.0,,71,75,-4
199701070MIN,RS,MIN,2311.0,,73,75,-2
199701070MIN,RS,MIN,2311.0,,74,75,-1
199701070MIN,RS,MIN,2345.0,T,75,75,0
199701070MIN,RS,MIN,2345.0,LC,76,75,1
199701070MIN,RS,MIN,2361.0,LC,76,77,-1
199701070MIN,RS,MIN,2388.0,,76,79,-3
199701070MIN,RS,MIN,2405.0,,78,79,-1
199701070MIN,RS,MIN,2426.0,,78,82,-4
199701070MIN,RS,MIN,2445.0,,80,82,-2
199701070MIN,RS,MIN,2469.0,LC,83,82,1
199701070MIN,RS,MIN,2543.0,,84,82,2
199701070MIN,RS,MIN,2543.0,,85,82,3
199701070MIN,RS,MIN,2593.0,,85,84,1
199701070MIN,RS,MIN,2616.0,,87,84,3
199701070MIN,RS,MIN,2629.0,,87,86,1
199701070MIN,RS,MIN,2652.0,,88,86,2
199701070MIN,RS,MIN,2652.0,,89,86,3
199701070MIN,RS,MIN,2679.0,,91,86,5
199701070MIN,RS,MIN,2756.0,,92,86,6
199701070MIN,RS,MIN,2756.0,,93,86,7
199701070MIN,RS,MIN,2807.0,,94,86,8
199701070MIN,RS,MIN,2810.0,,94,87,7
199701070MIN,RS,MIN,2810.0,,94,88,6
199701070MIN,RS,MIN,2814.0,,95,88,7
199701070MIN,RS,MIN,2814.0,,96,88,8
199701070MIN,RS,MIN,2823.0,,97,88,9
199701070MIN,RS,MIN,2823.0,,98,88,10
199701070MIN,RS,MIN,2829.0,,98,91,7
199701070MIN,RS,MIN,2831.0,,100,91,9
199701070MIN,RS,MIN,2841.0,,100,93,7
199701070MIN,RS,MIN,2853.0,,101,93,8
199701070MIN,RS,MIN,2870.0,F,104,93,11
199701070MIN,RS,MIN,2877.0,,104,95,9
199701080CLE,RS,CLE,0.0,,0,0,0
199701080CLE,RS,CLE,34.0,,0,3,-3
199701080CLE,RS,CLE,205.0,T,3,3,0
199701080CLE,RS,CLE,222.0,,3,5,-2
199701080CLE,RS,CLE,237.0,T,5,5,0
199701080CLE,RS,CLE,285.0,LC,7,5,2
199701080CLE,RS,CLE,335.0,T,7,7,0
199701080CLE,RS,CLE,370.0,,10,7,3
199701080CLE,RS,CLE,409.0,,12,7,5
199701080CLE,RS,CLE,443.0,,13,7,6
199701080CLE,RS,CLE,512.0,,14,7,7
199701080CLE,RS,CLE,512.0,,15,7,8
199701080CLE,RS,CLE,542.0,,17,7,10
199701080CLE,RS,CLE,577.0,,17,9,8
199701080CLE,RS,CLE,600.0,,20,9,11
199701080CLE,RS,CLE,621.0,,20,11,9
199701080CLE,RS,CLE,715.0,,20,12,8
199701080CLE,RS,CLE,715.0,,20,13,7
199701080CLE,RS,CLE,777.0,,20,16,4
199701080CLE,RS,CLE,842.0,,21,16,5
199701080CLE,RS,CLE,842.0,,22,16,6
199701080CLE,RS,CLE,934.0,,22,18,4
199701080CLE,RS,CLE,955.0,,23,18,5
199701080CLE,RS,CLE,967.0,,23,21,2
199701080CLE,RS,CLE,985.0,,25,21,4
199701080CLE,RS,CLE,1016.0,,27,21,6
199701080CLE,RS,CLE,1064.0,,27,22,5
199701080CLE,RS,CLE,1064.0,,27,23,4
199701080CLE,RS,CLE,1103.0,,29,23,6
199701080CLE,RS,CLE,1126.0,,29,24,5
199701080CLE,RS,CLE,1175.0,,30,24,6
199701080CLE,RS,CLE,1175.0,,31,24,7
199701080CLE,RS,CLE,1191.0,,31,26,5
199701080CLE,RS,CLE,1251.0,,31,27,4
199701080CLE,RS,CLE,1251.0,,31,28,3
199701080CLE,RS,CLE,1307.0,,32,28,4
199701080CLE,RS,CLE,1318.0,,35,28,7
199701080CLE,RS,CLE,1336.0,,35,30,5
199701080CLE,RS,CLE,1336.0,,35,31,4
199701080CLE,RS,CLE,1374.0,,35,33,2
199701080CLE,RS,CLE,1398.0,,35,34,1
199701080CLE,RS,CLE,1488.0,,36,34,2
199701080CLE,RS,CLE,1488.0,,37,34,3
199701080CLE,RS,CLE,1493.0,,37,35,2
199701080CLE,RS,CLE,1502.0,LC,37,38,-1
199701080CLE,RS,CLE,1515.0,T,38,38,0
199701080CLE,RS,CLE,1515.0,LC,39,38,1
199701080CLE,RS,CLE,1536.0,LC,39,40,-1
199701080CLE,RS,CLE,1590.0,T,40,40,0
199701080CLE,RS,CLE,1590.0,LC,41,40,1
199701080CLE,RS,CLE,1630.0,LC,41,42,-1
199701080CLE,RS,CLE,1687.0,,41,44,-3
199701080CLE,RS,CLE,1704.0,,41,47,-6
199701080CLE,RS,CLE,1725.0,,43,47,-4
199701080CLE,RS,CLE,1747.0,,43,49,-6
199701080CLE,RS,CLE,1769.0,,43,51,-8
199701080CLE,RS,CLE,1784.0,,44,51,-7
199701080CLE,RS,CLE,1794.0,,47,51,-4
199701080CLE,RS,CLE,1818.0,,49,51,-2
199701080CLE,RS,CLE,1870.0,,49,53,-4
199701080CLE,RS,CLE,1920.0,,49,55,-6
199701080CLE,RS,CLE,1959.0,,52,55,-3
199701080CLE,RS,CLE,2049.0,,54,55,-1
199701080CLE,RS,CLE,2064.0,,54,58,-4
199701080CLE,RS,CLE,2083.0,,55,58,-3
199701080CLE,RS,CLE,2083.0,,56,58,-2
199701080CLE,RS,CLE,2160.0,T,58,58,0
199701080CLE,RS,CLE,2225.0,LC,61,58,3
199701080CLE,RS,CLE,2251.0,,61,59,2
199701080CLE,RS,CLE,2251.0,,61,60,1
199701080CLE,RS,CLE,2267.0,LC,61,63,-2
199701080CLE,RS,CLE,2302.0,LC,64,63,1
199701080CLE,RS,CLE,2318.0,T,64,64,0
199701080CLE,RS,CLE,2318.0,LC,64,65,-1
199701080CLE,RS,CLE,2375.0,,64,67,-3
199701080CLE,RS,CLE,2419.0,,66,67,-1
199701080CLE,RS,CLE,2441.0,,66,69,-3
199701080CLE,RS,CLE,2503.0,,68,69,-1
199701080CLE,RS,CLE,2503.0,T,69,69,0
199701080CLE,RS,CLE,2529.0,LC,71,69,2
199701080CLE,RS,CLE,2565.0,,72,69,3
199701080CLE,RS,CLE,2593.0,,72,71,1
199701080CLE,RS,CLE,2684.0,,73,71,2
199701080CLE,RS,CLE,2706.0,,73,72,1
199701080CLE,RS,CLE,2706.0,T,73,73,0
199701080CLE,RS,CLE,2729.0,,75,73,2
199701080CLE,RS,CLE,2776.0,T,75,75,0
199701080CLE,RS,CLE,2853.0,,77,75,2
199701080CLE,RS,CLE,2865.0,,77,76,1
199701080CLE,RS,CLE,2866.0,,78,76,2
199701080CLE,RS,CLE,2866.0,,79,76,3
199701080CLE,RS,CLE,2877.0,,80,76,4
199701080CLE,RS,CLE,2877.0,F,81,76,5
199701080CLE,RS,CLE,2880.0,,81,78,3
199701100PHI,RS,PHI,0.0,,0,0,0
199701100PHI,RS,PHI,28.0,,2,0,2
199701100PHI,RS,PHI,88.0,,4,0,4
199701100PHI,RS,PHI,103.0,,4,3,1
199701100PHI,RS,PHI,150.0,,7,3,4
199701100PHI,RS,PHI,199.0,,7,5,2
199701100PHI,RS,PHI,212.0,,9,5,4
199701100PHI,RS,PHI,227.0,,9,7,2
199701100PHI,RS,PHI,232.0,,11,7,4
199701100PHI,RS,PHI,239.0,,11,10,1
199701100PHI,RS,PHI,251.0,,13,10,3
199701100PHI,RS,PHI,287.0,,13,12,1
199701100PHI,RS,PHI,299.0,,15,12,3
199701100PHI,RS,PHI,323.0,,15,14,1
199701100PHI,RS,PHI,340.0,,17,14,3
199701100PHI,RS,PHI,356.0,,17,16,1
199701100PHI,RS,PHI,402.0,LC,17,18,-1
199701100PHI,RS,PHI,447.0,,17,20,-3
199701100PHI,RS,PHI,501.0,,19,20,-1
199701100PHI,RS,PHI,535.0,,19,23,-4
199701100PHI,RS,PHI,610.0,,21,23,-2
199701100PHI,RS,PHI,622.0,,21,25,-4
199701100PHI,RS,PHI,657.0,,23,25,-2
199701100PHI,RS,PHI,692.0,T,25,25,0
199701100PHI,RS,PHI,718.0,LC,27,25,2
199701100PHI,RS,PHI,739.0,,29,25,4
199701100PHI,RS,PHI,751.0,,29,27,2
199701100PHI,RS,PHI,783.0,,29,28,1
199701100PHI,RS,PHI,783.0,T,29,29,0
199701100PHI,RS,PHI,822.0,LC,29,32,-3
199701100PHI,RS,PHI,881.0,,29,34,-5
199701100PHI,RS,PHI,900.0,,31,34,-3
199701100PHI,RS,PHI,981.0,,32,34,-2
199701100PHI,RS,PHI,981.0,,33,34,-1
199701100PHI,RS,PHI,1011.0,LC,35,34,1
199701100PHI,RS,PHI,1045.0,LC,35,36,-1
199701100PHI,RS,PHI,1045.0,,35,37,-2
199701100PHI,RS,PHI,1069.0,,35,38,-3
199701100PHI,RS,PHI,1069.0,,35,39,-4
199701100PHI,RS,PHI,1086.0,,38,39,-1
199701100PHI,RS,PHI,1114.0,LC,41,39,2
199701100PHI,RS,PHI,1135.0,,43,39,4
199701100PHI,RS,PHI,1182.0,,45,39,6
199701100PHI,RS,PHI,1220.0,,47,39,8
199701100PHI,RS,PHI,1263.0,,50,39,11
199701100PHI,RS,PHI,1275.0,,50,40,10
199701100PHI,RS,PHI,1278.0,,50,42,8
199701100PHI,RS,PHI,1310.0,,50,44,6
199701100PHI,RS,PHI,1323.0,,53,44,9
199701100PHI,RS,PHI,1359.0,,55,44,11
199701100PHI,RS,PHI,1368.0,,56,44,12
199701100PHI,RS,PHI,1378.0,,56,45,11
199701100PHI,RS,PHI,1378.0,,56,46,10
199701100PHI,RS,PHI,1414.0,,58,46,12
199701100PHI,RS,PHI,1440.0,,61,46,15
199701100PHI,RS,PHI,1526.0,,64,46,18
199701100PHI,RS,PHI,1545.0,,64,48,16
199701100PHI,RS,PHI,1560.0,,66,48,18
199701100PHI,RS,PHI,1592.0,,69,48,21
199701100PHI,RS,PHI,1639.0,,69,50,19
199701100PHI,RS,PHI,1667.0,,69,52,17
199701100PHI,RS,PHI,1697.0,,71,52,19
199701100PHI,RS,PHI,1717.0,,73,52,21
199701100PHI,RS,PHI,1738.0,,73,54,19
199701100PHI,RS,PHI,1760.0,,75,54,21
199701100PHI,RS,PHI,1768.0,,75,56,19
199701100PHI,RS,PHI,1783.0,,76,56,20
199701100PHI,RS,PHI,1783.0,,77,56,21
199701100PHI,RS,PHI,1804.0,,80,56,24
199701100PHI,RS,PHI,1836.0,,82,56,26
199701100PHI,RS,PHI,1853.0,,82,57,25
199701100PHI,RS,PHI,1871.0,,84,57,27
199701100PHI,RS,PHI,1905.0,,84,60,24
199701100PHI,RS,PHI,1932.0,,86,60,26
199701100PHI,RS,PHI,1986.0,,86,61,25
199701100PHI,RS,PHI,1989.0,,88,61,27
199701100PHI,RS,PHI,2004.0,,88,62,26
199701100PHI,RS,PHI,2032.0,,88,64,24
199701100PHI,RS,PHI,2097.0,,88,66,22
199701100PHI,RS,PHI,2109.0,,90,66,24
199701100PHI,RS,PHI,2124.0,,90,67,23
199701100PHI,RS,PHI,2124.0,,90,68,22
199701100PHI,RS,PHI,2160.0,,93,68,25
199701100PHI,RS,PHI,2180.0,,93,70,23
199701100PHI,RS,PHI,2196.0,,93,72,21
199701100PHI,RS,PHI,2237.0,,96,72,24
199701100PHI,RS,PHI,2262.0,,96,74,22
199701100PHI,RS,PHI,2282.0,,96,76,20
199701100PHI,RS,PHI,2299.0,,99,76,23
199701100PHI,RS,PHI,2325.0,,99,77,22
199701100PHI,RS,PHI,2325.0,,99,78,21
199701100PHI,RS,PHI,2338.0,,101,78,23
199701100PHI,RS,PHI,2384.0,,103,78,25
199701100PHI,RS,PHI,2440.0,,103,80,23
199701100PHI,RS,PHI,2483.0,,103,82,21
199701100PHI,RS,PHI,2495.0,,103,83,20
199701100PHI,RS,PHI,2519.0,,105,83,22
199701100PHI,RS,PHI,2555.0,,107,83,24
199701100PHI,RS,PHI,2586.0,,109,83,26
199701100PHI,RS,PHI,2622.0,,111,83,28
199701100PHI,RS,PHI,2633.0,,111,85,26
199701100PHI,RS,PHI,2662.0,,113,85,28
199701100PHI,RS,PHI,2697.0,,113,88,25
199701100PHI,RS,PHI,2716.0,,116,88,28
199701100PHI,RS,PHI,2752.0,,116,89,27
199701100PHI,RS,PHI,2752.0,,116,90,26
199701100PHI,RS,PHI,2781.0,,116,92,24
199701100PHI,RS,PHI,2792.0,,118,92,26
199701100PHI,RS,PHI,2804.0,,118,94,24
199701100PHI,RS,PHI,2815.0,,118,96,22
199701100PHI,RS,PHI,2842.0,,118,98,20
199701100PHI,RS,PHI,2867.0,,120,98,22
199701100PHI,RS,PHI,2872.0,F,120,99,21
199701100PHI,RS,PHI,2874.0,,120,99,21
199701110CHI,RS,CHI,0.0,,0,0,0
199701110CHI,RS,CHI,27.0,,0,2,-2
199701110CHI,RS,CHI,162.0,,1,2,-1
199701110CHI,RS,CHI,162.0,T,2,2,0
199701110CHI,RS,CHI,175.0,,2,4,-2
199701110CHI,RS,CHI,201.0,,2,6,-4
199701110CHI,RS,CHI,223.0,,4,6,-2
199701110CHI,RS,CHI,249.0,T,6,6,0
199701110CHI,RS,CHI,302.0,,6,8,-2
199701110CHI,RS,CHI,396.0,T,8,8,0
199701110CHI,RS,CHI,412.0,,8,10,-2
199701110CHI,RS,CHI,440.0,,9,10,-1
199701110CHI,RS,CHI,440.0,T,10,10,0
199701110CHI,RS,CHI,458.0,,10,12,-2
199701110CHI,RS,CHI,474.0,,11,12,-1
199701110CHI,RS,CHI,474.0,T,12,12,0
199701110CHI,RS,CHI,490.0,,12,14,-2
199701110CHI,RS,CHI,508.0,LC,15,14,1
199701110CHI,RS,CHI,522.0,LC,15,16,-1
199701110CHI,RS,CHI,570.0,,15,18,-3
199701110CHI,RS,CHI,685.0,,17,18,-1
199701110CHI,RS,CHI,691.0,,17,20,-3
199701110CHI,RS,CHI,713.0,T,20,20,0
199701110CHI,RS,CHI,720.0,LC,21,20,1
199701110CHI,RS,CHI,720.0,,22,20,2
199701110CHI,RS,CHI,720.0,,23,20,3
199701110CHI,RS,CHI,784.0,,23,22,1
199701110CHI,RS,CHI,803.0,,25,22,3
199701110CHI,RS,CHI,849.0,,27,22,5
199701110CHI,RS,CHI,858.0,,27,24,3
199701110CHI,RS,CHI,871.0,,29,24,5
199701110CHI,RS,CHI,899.0,,29,25,4
199701110CHI,RS,CHI,899.0,,29,26,3
199701110CHI,RS,CHI,1024.0,,29,28,1
199701110CHI,RS,CHI,1059.0,,31,28,3
199701110CHI,RS,CHI,1077.0,,31,30,1
199701110CHI,RS,CHI,1106.0,,33,30,3
199701110CHI,RS,CHI,1155.0,,33,32,1
199701110CHI,RS,CHI,1155.0,T,33,33,0
199701110CHI,RS,CHI,1173.0,,35,33,2
199701110CHI,RS,CHI,1220.0,,37,33,4
199701110CHI,RS,CHI,1247.0,,37,35,2
199701110CHI,RS,CHI,1273.0,,40,35,5
199701110CHI,RS,CHI,1355.0,,40,38,2
199701110CHI,RS,CHI,1405.0,,43,38,5
199701110CHI,RS,CHI,1439.0,,43,40,3
199701110CHI,RS,CHI,1467.0,T,43,43,0
199701110CHI,RS,CHI,1540.0,LC,43,45,-2
199701110CHI,RS,CHI,1569.0,,44,45,-1
199701110CHI,RS,CHI,1569.0,T,45,45,0
199701110CHI,RS,CHI,1634.0,,45,47,-2
199701110CHI,RS,CHI,1654.0,T,47,47,0
199701110CHI,RS,CHI,1673.0,,47,50,-3
199701110CHI,RS,CHI,1695.0,,49,50,-1
199701110CHI,RS,CHI,1725.0,LC,51,50,1
199701110CHI,RS,CHI,1751.0,,54,50,4
199701110CHI,RS,CHI,1765.0,,54,51,3
199701110CHI,RS,CHI,1780.0,,54,53,1
199701110CHI,RS,CHI,1832.0,LC,54,55,-1
199701110CHI,RS,CHI,1854.0,LC,56,55,1
199701110CHI,RS,CHI,1880.0,LC,56,57,-1
199701110CHI,RS,CHI,1910.0,LC,58,57,1
199701110CHI,RS,CHI,1932.0,LC,58,60,-2
199701110CHI,RS,CHI,1980.0,,58,63,-5
199701110CHI,RS,CHI,2031.0,,58,66,-8
199701110CHI,RS,CHI,2043.0,,59,66,-7
199701110CHI,RS,CHI,2043.0,,60,66,-6
199701110CHI,RS,CHI,2059.0,,61,66,-5
199701110CHI,RS,CHI,2059.0,,62,66,-4
199701110CHI,RS,CHI,2077.0,,62,69,-7
199701110CHI,RS,CHI,2084.0,,63,69,-6
199701110CHI,RS,CHI,2084.0,,64,69,-5
199701110CHI,RS,CHI,2104.0,,64,71,-7
199701110CHI,RS,CHI,2126.0,,64,72,-8
199701110CHI,RS,CHI,2138.0,,66,72,-6
199701110CHI,RS,CHI,2157.0,,66,74,-8
199701110CHI,RS,CHI,2176.0,,66,76,-10
199701110CHI,RS,CHI,2220.0,,68,76,-8
199701110CHI,RS,CHI,2255.0,,68,77,-9
199701110CHI,RS,CHI,2255.0,,68,78,-10
199701110CHI,RS,CHI,2270.0,,69,78,-9
199701110CHI,RS,CHI,2283.0,,69,80,-11
199701110CHI,RS,CHI,2305.0,,71,80,-9
199701110CHI,RS,CHI,2371.0,,71,83,-12
199701110CHI,RS,CHI,2438.0,,71,85,-14
199701110CHI,RS,CHI,2455.0,,72,85,-13
199701110CHI,RS,CHI,2455.0,,73,85,-12
199701110CHI,RS,CHI,2471.0,,73,86,-13
199701110CHI,RS,CHI,2471.0,,73,87,-14
199701110CHI,RS,CHI,2510.0,,73,89,-16
199701110CHI,RS,CHI,2563.0,,73,91,-18
199701110CHI,RS,CHI,2581.0,,75,91,-16
199701110CHI,RS,CHI,2595.0,,75,93,-18
199701110CHI,RS,CHI,2635.0,,77,93,-16
199701110CHI,RS,CHI,2674.0,,78,93,-15
199701110CHI,RS,CHI,2674.0,,79,93,-14
199701110CHI,RS,CHI,2682.0,,79,96,-17
199701110CHI,RS,CHI,2732.0,,79,99,-20
199701110CHI,RS,CHI,2766.0,,79,101,-22
199701110CHI,RS,CHI,2782.0,,79,103,-24
199701110CHI,RS,CHI,2796.0,,81,103,-22
199701110CHI,RS,CHI,2811.0,,81,106,-25
199701110CHI,RS,CHI,2833.0,,81,108,-27
199701110CHI,RS,CHI,2840.0,,82,108,-26
199701110CHI,RS,CHI,2840.0,,83,108,-25
199701110CHI,RS,CHI,2840.0,,84,108,-24
199701110CHI,RS,CHI,2865.0,,86,108,-22
199701110CHI,RS,CHI,2872.0,F,86,110,-24
199701110CHI,RS,CHI,2874.0,,86,110,-24
199701140HOU,RS,NYK,0.0,,0,0,0
199701140HOU,RS,NYK,8.0,,3,0,3
199701140HOU,RS,NYK,25.0,,3,2,1
199701140HOU,RS,NYK,79.0,LC,3,4,-1
199701140HOU,RS,NYK,112.0,LC,6,4,2
199701140HOU,RS,NYK,132.0,,8,4,4
199701140HOU,RS,NYK,154.0,,8,7,1
199701140HOU,RS,NYK,175.0,,10,7,3
199701140HOU,RS,NYK,227.0,,12,7,5
199701140HOU,RS,NYK,227.0,,13,7,6
199701140HOU,RS,NYK,240.0,,13,9,4
199701140HOU,RS,NYK,254.0,,15,9,6
199701140HOU,RS,NYK,298.0,,15,11,4
199701140HOU,RS,NYK,360.0,,15,12,3
199701140HOU,RS,NYK,360.0,,15,13,2
199701140HOU,RS,NYK,383.0,,18,13,5
199701140HOU,RS,NYK,401.0,,18,15,3
199701140HOU,RS,NYK,442.0,,21,15,6
199701140HOU,RS,NYK,520.0,,21,17,4
199701140HOU,RS,NYK,541.0,,23,17,6
199701140HOU,RS,NYK,559.0,,23,20,3
199701140HOU,RS,NYK,581.0,,25,20,5
199701140HOU,RS,NYK,581.0,,26,20,6
199701140HOU,RS,NYK,637.0,,28,20,8
199701140HOU,RS,NYK,656.0,,28,22,6
199701140HOU,RS,NYK,698.0,,29,22,7
199701140HOU,RS,NYK,698.0,,30,22,8
199701140HOU,RS,NYK,717.0,,30,24,6
199701140HOU,RS,NYK,769.0,,32,24,8
199701140HOU,RS,NYK,813.0,,33,24,9
199701140HOU,RS,NYK,852.0,,34,24,10
199701140HOU,RS,NYK,852.0,,35,24,11
199701140HOU,RS,NYK,865.0,,35,27,8
199701140HOU,RS,NYK,886.0,,37,27,10
199701140HOU,RS,NYK,886.0,,38,27,11
199701140HOU,RS,NYK,934.0,,40,27,13
199701140HOU,RS,NYK,946.0,,40,28,12
199701140HOU,RS,NYK,961.0,,42,28,14
199701140HOU,RS,NYK,1000.0,,44,28,16
199701140HOU,RS,NYK,1035.0,,46,28,18
199701140HOU,RS,NYK,1078.0,,46,30,16
199701140HOU,RS,NYK,1120.0,,46,32,14
199701140HOU,RS,NYK,1155.0,,47,32,15
199701140HOU,RS,NYK,1162.0,,48,32,16
199701140HOU,RS,NYK,1162.0,,49,32,17
199701140HOU,RS,NYK,1202.0,,49,35,14
199701140HOU,RS,NYK,1239.0,,52,35,17
199701140HOU,RS,NYK,1291.0,,55,35,20
199701140HOU,RS,NYK,1318.0,,55,37,18
199701140HOU,RS,NYK,1328.0,,57,37,20
199701140HOU,RS,NYK,1345.0,,57,38,19
199701140HOU,RS,NYK,1345.0,,57,39,18
199701140HOU,RS,NYK,1386.0,,58,39,19
199701140HOU,RS,NYK,1386.0,,59,39,20
199701140HOU,RS,NYK,1407.0,,61,39,22
199701140HOU,RS,NYK,1418.0,,61,40,21
199701140HOU,RS,NYK,1418.0,,61,41,20
199701140HOU,RS,NYK,1436.0,,63,41,22
199701140HOU,RS,NYK,1440.0,,63,42,21
199701140HOU,RS,NYK,1440.0,,63,43,20
199701140HOU,RS,NYK,1452.0,,63,45,18
199701140HOU,RS,NYK,1468.0,,63,47,16
199701140HOU,RS,NYK,1504.0,,63,50,13
199701140HOU,RS,NYK,1538.0,,65,50,15
199701140HOU,RS,NYK,1550.0,,65,52,13
199701140HOU,RS,NYK,1574.0,,67,52,15
199701140HOU,RS,NYK,1593.0,,67,53,14
199701140HOU,RS,NYK,1618.0,,69,53,16
199701140HOU,RS,NYK,1628.0,,69,55,14
199701140HOU,RS,NYK,1655.0,,72,55,17
199701140HOU,RS,NYK,1690.0,,74,55,19
199701140HOU,RS,NYK,1690.0,,75,55,20
199701140HOU,RS,NYK,1800.0,,77,55,22
199701140HOU,RS,NYK,1819.0,,77,57,20
199701140HOU,RS,NYK,1864.0,,79,57,22
199701140HOU,RS,NYK,1890.0,,79,59,20
199701140HOU,RS,NYK,1931.0,,82,59,23
199701140HOU,RS,NYK,1963.0,,84,59,25
199701140HOU,RS,NYK,1978.0,,84,62,22
199701140HOU,RS,NYK,2031.0,,85,62,23
199701140HOU,RS,NYK,2080.0,,85,64,21
199701140HOU,RS,NYK,2111.0,,86,64,22
199701140HOU,RS,NYK,2111.0,,87,64,23
199701140HOU,RS,NYK,2236.0,,89,64,25
199701140HOU,RS,NYK,2299.0,,89,66,23
199701140HOU,RS,NYK,2320.0,,91,66,25
199701140HOU,RS,NYK,2339.0,,91,68,23
199701140HOU,RS,NYK,2370.0,,91,70,21
199701140HOU,RS,NYK,2392.0,,93,70,23
199701140HOU,RS,NYK,2421.0,,93,72,21
199701140HOU,RS,NYK,2437.0,,94,72,22
199701140HOU,RS,NYK,2437.0,,95,72,23
199701140HOU,RS,NYK,2450.0,,95,74,21
199701140HOU,RS,NYK,2528.0,,97,74,23
199701140HOU,RS,NYK,2563.0,,97,76,21
199701140HOU,RS,NYK,2619.0,,99,76,23
199701140HOU,RS,NYK,2643.0,,99,78,21
199701140HOU,RS,NYK,2680.0,,102,78,24
199701140HOU,RS,NYK,2699.0,,102,80,22
199701140HOU,RS,NYK,2738.0,,103,80,23
199701140HOU,RS,NYK,2738.0,,104,80,24
199701140HOU,RS,NYK,2754.0,,104,82,22
199701140HOU,RS,NYK,2791.0,,104,84,20
199701140HOU,RS,NYK,2844.0,,106,84,22
199701140HOU,RS,NYK,2862.0,F,106,86,20
199701140HOU,RS,NYK,2877.0,,106,86,20
199701160HOU,RS,SAC,0.0,,0,0,0
199701160HOU,RS,SAC,26.0,,2,0,2
199701160HOU,RS,SAC,55.0,,4,0,4
199701160HOU,RS,SAC,123.0,,4,2,2
199701160HOU,RS,SAC,151.0,,6,2,4
199701160HOU,RS,SAC,162.0,,6,4,2
199701160HOU,RS,SAC,176.0,,8,4,4
199701160HOU,RS,SAC,184.0,,8,7,1
199701160HOU,RS,SAC,213.0,,10,7,3
199701160HOU,RS,SAC,301.0,,10,9,1
199701160HOU,RS,SAC,327.0,,12,9,3
199701160HOU,RS,SAC,345.0,,14,9,5
199701160HOU,RS,SAC,434.0,,14,11,3
199701160HOU,RS,SAC,467.0,,14,13,1
199701160HOU,RS,SAC,467.0,T,14,14,0
199701160HOU,RS,SAC,479.0,,17,14,3
199701160HOU,RS,SAC,490.0,,17,16,1
199701160HOU,RS,SAC,621.0,LC,17,18,-1
199701160HOU,RS,SAC,648.0,T,18,18,0
199701160HOU,RS,SAC,648.0,LC,19,18,1
199701160HOU,RS,SAC,684.0,LC,19,20,-1
199701160HOU,RS,SAC,705.0,LC,21,20,1
199701160HOU,RS,SAC,720.0,LC,21,22,-1
199701160HOU,RS,SAC,741.0,,21,24,-3
199701160HOU,RS,SAC,758.0,,23,24,-1
199701160HOU,RS,SAC,768.0,,23,25,-2
199701160HOU,RS,SAC,813.0,T,25,25,0
199701160HOU,RS,SAC,860.0,,25,27,-2
199701160HOU,RS,SAC,964.0,,25,30,-5
199701160HOU,RS,SAC,990.0,,27,30,-3
199701160HOU,RS,SAC,1011.0,,27,32,-5
199701160HOU,RS,SAC,1056.0,,27,34,-7
199701160HOU,RS,SAC,1116.0,,29,34,-5
199701160HOU,RS,SAC,1144.0,,29,36,-7
199701160HOU,RS,SAC,1161.0,,30,36,-6
199701160HOU,RS,SAC,1192.0,,30,37,-7
199701160HOU,RS,SAC,1192.0,,30,38,-8
199701160HOU,RS,SAC,1203.0,,31,38,-7
199701160HOU,RS,SAC,1203.0,,32,38,-6
199701160HOU,RS,SAC,1215.0,,32,40,-8
199701160HOU,RS,SAC,1278.0,,34,40,-6
199701160HOU,RS,SAC,1371.0,,35,40,-5
199701160HOU,RS,SAC,1371.0,,36,40,-4
199701160HOU,RS,SAC,1415.0,,36,42,-6
199701160HOU,RS,SAC,1454.0,,36,45,-9
199701160HOU,RS,SAC,1536.0,,39,45,-6
199701160HOU,RS,SAC,1567.0,,40,45,-5
199701160HOU,RS,SAC,1567.0,,41,45,-4
199701160HOU,RS,SAC,1596.0,,41,47,-6
199701160HOU,RS,SAC,1644.0,,43,47,-4
199701160HOU,RS,SAC,1667.0,,43,49,-6
199701160HOU,RS,SAC,1708.0,,43,50,-7
199701160HOU,RS,SAC,1721.0,,45,50,-5
199701160HOU,RS,SAC,1736.0,,45,51,-6
199701160HOU,RS,SAC,1749.0,,47,51,-4
199701160HOU,RS,SAC,1782.0,,49,51,-2
199701160HOU,RS,SAC,1785.0,T,51,51,0
199701160HOU,RS,SAC,1832.0,LC,54,51,3
199701160HOU,RS,SAC,1853.0,,54,53,1
199701160HOU,RS,SAC,1874.0,,56,53,3
199701160HOU,RS,SAC,1894.0,T,56,56,0
199701160HOU,RS,SAC,1928.0,,57,56,1
199701160HOU,RS,SAC,1928.0,,58,56,2
199701160HOU,RS,SAC,1954.0,,60,56,4
199701160HOU,RS,SAC,1997.0,,60,58,2
199701160HOU,RS,SAC,2011.0,,62,58,4
199701160HOU,RS,SAC,2011.0,,63,58,5
199701160HOU,RS,SAC,2023.0,,63,59,4
199701160HOU,RS,SAC,2042.0,,66,59,7
199701160HOU,RS,SAC,2064.0,,66,61,5
199701160HOU,RS,SAC,2104.0,,68,61,7
199701160HOU,RS,SAC,2155.0,,69,61,8
199701160HOU,RS,SAC,2213.0,,69,63,6
199701160HOU,RS,SAC,2239.0,,72,63,9
199701160HOU,RS,SAC,2286.0,,74,63,11
199701160HOU,RS,SAC,2337.0,,76,63,13
199701160HOU,RS,SAC,2368.0,,78,63,15
199701160HOU,RS,SAC,2443.0,,78,66,12
199701160HOU,RS,SAC,2481.0,,78,68,10
199701160HOU,RS,SAC,2511.0,,81,68,13
199701160HOU,RS,SAC,2572.0,,81,70,11
199701160HOU,RS,SAC,2640.0,,83,70,13
199701160HOU,RS,SAC,2640.0,,84,70,14
199701160HOU,RS,SAC,2657.0,,84,72,12
199701160HOU,RS,SAC,2708.0,,84,73,11
199701160HOU,RS,SAC,2708.0,,84,74,10
199701160HOU,RS,SAC,2729.0,,84,76,8
199701160HOU,RS,SAC,2844.0,,84,78,6
199701160HOU,RS,SAC,2848.0,,85,78,7
199701160HOU,RS,SAC,2864.0,,86,78,8
199701160HOU,RS,SAC,2864.0,,87,78,9
199701160HOU,RS,SAC,2871.0,F,87,80,7
199701160HOU,RS,SAC,2877.0,,89,80,9
199701170DAL,RS,DAL,0.0,,0,0,0
199701170DAL,RS,DAL,22.0,,0,2,-2
199701170DAL,RS,DAL,39.0,LC,3,2,1
199701170DAL,RS,DAL,105.0,LC,3,4,-1
199701170DAL,RS,DAL,165.0,LC,5,4,1
199701170DAL,RS,DAL,199.0,,7,4,3
199701170DAL,RS,DAL,220.0,,7,5,2
199701170DAL,RS,DAL,234.0,,9,5,4
199701170DAL,RS,DAL,312.0,,9,7,2
199701170DAL,RS,DAL,366.0,,11,7,4
199701170DAL,RS,DAL,383.0,,11,9,2
199701170DAL,RS,DAL,405.0,,13,9,4
199701170DAL,RS,DAL,476.0,,13,11,2
199701170DAL,RS,DAL,505.0,T,13,13,0
199701170DAL,RS,DAL,531.0,,16,13,3
199701170DAL,RS,DAL,647.0,,16,15,1
199701170DAL,RS,DAL,663.0,T,16,16,0
199701170DAL,RS,DAL,742.0,,18,16,2
199701170DAL,RS,DAL,797.0,,20,16,4
199701170DAL,RS,DAL,828.0,,22,16,6
199701170DAL,RS,DAL,845.0,,22,18,4
199701170DAL,RS,DAL,867.0,,24,18,6
199701170DAL,RS,DAL,942.0,,24,20,4
199701170DAL,RS,DAL,988.0,,25,20,5
199701170DAL,RS,DAL,1004.0,,25,22,3
199701170DAL,RS,DAL,1032.0,,27,22,5
199701170DAL,RS,DAL,1045.0,,30,22,8
199701170DAL,RS,DAL,1070.0,,32,22,10
199701170DAL,RS,DAL,1127.0,,32,23,9
199701170DAL,RS,DAL,1127.0,,32,24,8
199701170DAL,RS,DAL,1129.0,,34,24,10
199701170DAL,RS,DAL,1145.0,,34,26,8
199701170DAL,RS,DAL,1192.0,,34,28,6
199701170DAL,RS,DAL,1239.0,,34,30,4
199701170DAL,RS,DAL,1285.0,,34,31,3
199701170DAL,RS,DAL,1285.0,,34,32,2
199701170DAL,RS,DAL,1300.0,,36,32,4
199701170DAL,RS,DAL,1317.0,,36,35,1
199701170DAL,RS,DAL,1345.0,LC,36,37,-1
199701170DAL,RS,DAL,1395.0,LC,38,37,1
199701170DAL,RS,DAL,1413.0,LC,38,40,-2
199701170DAL,RS,DAL,1510.0,T,40,40,0
199701170DAL,RS,DAL,1589.0,LC,42,40,2
199701170DAL,RS,DAL,1610.0,T,42,42,0
199701170DAL,RS,DAL,1610.0,LC,42,43,-1
199701170DAL,RS,DAL,1643.0,T,43,43,0
199701170DAL,RS,DAL,1688.0,,43,46,-3
199701170DAL,RS,DAL,1708.0,,43,48,-5
199701170DAL,RS,DAL,1727.0,,45,48,-3
199701170DAL,RS,DAL,1737.0,,45,50,-5
199701170DAL,RS,DAL,1761.0,,47,50,-3
199701170DAL,RS,DAL,1808.0,,47,52,-5
199701170DAL,RS,DAL,1854.0,,47,54,-7
199701170DAL,RS,DAL,1871.0,,48,54,-6
199701170DAL,RS,DAL,1871.0,,49,54,-5
199701170DAL,RS,DAL,1893.0,,49,57,-8
199701170DAL,RS,DAL,1913.0,,49,59,-10
199701170DAL,RS,DAL,1930.0,,51,59,-8
199701170DAL,RS,DAL,1930.0,,52,59,-7
199701170DAL,RS,DAL,1992.0,,52,61,-9
199701170DAL,RS,DAL,2012.0,,54,61,-7
199701170DAL,RS,DAL,2025.0,,54,62,-8
199701170DAL,RS,DAL,2025.0,,54,63,-9
199701170DAL,RS,DAL,2044.0,,56,63,-7
199701170DAL,RS,DAL,2087.0,,58,63,-5
199701170DAL,RS,DAL,2158.0,,58,64,-6
199701170DAL,RS,DAL,2158.0,,58,65,-7
199701170DAL,RS,DAL,2217.0,,61,65,-4
199701170DAL,RS,DAL,2277.0,,61,67,-6
199701170DAL,RS,DAL,2292.0,,63,67,-4
199701170DAL,RS,DAL,2317.0,,63,69,-6
199701170DAL,RS,DAL,2368.0,,64,69,-5
199701170DAL,RS,DAL,2368.0,,65,69,-4
199701170DAL,RS,DAL,2400.0,,67,69,-2
199701170DAL,RS,DAL,2471.0,,67,72,-5
199701170DAL,RS,DAL,2491.0,,69,72,-3
199701170DAL,RS,DAL,2518.0,,71,72,-1
199701170DAL,RS,DAL,2551.0,,71,74,-3
199701170DAL,RS,DAL,2577.0,T,74,74,0
199701170DAL,RS,DAL,2616.0,LC,77,74,3
199701170DAL,RS,DAL,2666.0,,79,74,5
199701170DAL,RS,DAL,2682.0,,79,76,3
199701170DAL,RS,DAL,2721.0,,80,76,4
199701170DAL,RS,DAL,2721.0,,81,76,5
199701170DAL,RS,DAL,2735.0,,81,78,3
199701170DAL,RS,DAL,2756.0,,82,78,4
199701170DAL,RS,DAL,2756.0,,83,78,5
199701170DAL,RS,DAL,2788.0,,84,78,6
199701170DAL,RS,DAL,2840.0,,85,78,7
199701170DAL,RS,DAL,2840.0,,86,78,8
199701170DAL,RS,DAL,2864.0,F,88,78,10
199701170DAL,RS,DAL,2879.0,,88,78,10
199701190HOU,RS,CHI,0.0,,0,0,0
199701190HOU,RS,CHI,18.0,,0,2,-2
199701190HOU,RS,CHI,39.0,T,2,2,0
199701190HOU,RS,CHI,52.0,,2,3,-1
199701190HOU,RS,CHI,77.0,,2,5,-3
199701190HOU,RS,CHI,88.0,,4,5,-1
199701190HOU,RS,CHI,133.0,,4,7,-3
199701190HOU,RS,CHI,207.0,,6,7,-1
199701190HOU,RS,CHI,220.0,,6,9,-3
199701190HOU,RS,CHI,232.0,,8,9,-1
199701190HOU,RS,CHI,258.0,LC,10,9,1
199701190HOU,RS,CHI,318.0,,13,9,4
199701190HOU,RS,CHI,341.0,,13,11,2
199701190HOU,RS,CHI,367.0,,16,11,5
199701190HOU,RS,CHI,380.0,,16,13,3
199701190HOU,RS,CHI,394.0,,18,13,5
199701190HOU,RS,CHI,424.0,,21,13,8
199701190HOU,RS,CHI,451.0,,23,13,10
199701190HOU,RS,CHI,482.0,,23,16,7
199701190HOU,RS,CHI,536.0,,26,16,10
199701190HOU,RS,CHI,579.0,,26,18,8
199701190HOU,RS,CHI,605.0,,26,20,6
199701190HOU,RS,CHI,637.0,,26,22,4
199701190HOU,RS,CHI,656.0,,28,22,6
199701190HOU,RS,CHI,768.0,,30,22,8
199701190HOU,RS,CHI,786.0,,30,24,6
199701190HOU,RS,CHI,802.0,,32,24,8
199701190HOU,RS,CHI,824.0,,34,24,10
199701190HOU,RS,CHI,867.0,,34,26,8
199701190HOU,RS,CHI,905.0,,34,28,6
199701190HOU,RS,CHI,949.0,,34,29,5
199701190HOU,RS,CHI,949.0,,34,30,4
199701190HOU,RS,CHI,967.0,,36,30,6
199701190HOU,RS,CHI,995.0,,38,30,8
199701190HOU,RS,CHI,1016.0,,38,32,6
199701190HOU,RS,CHI,1026.0,,40,32,8
199701190HOU,RS,CHI,1042.0,,40,33,7
199701190HOU,RS,CHI,1042.0,,40,34,6
199701190HOU,RS,CHI,1048.0,,42,34,8
199701190HOU,RS,CHI,1072.0,,44,34,10
199701190HOU,RS,CHI,1088.0,,44,35,9
199701190HOU,RS,CHI,1088.0,,44,36,8
199701190HOU,RS,CHI,1091.0,,44,38,6
199701190HOU,RS,CHI,1148.0,,44,39,5
199701190HOU,RS,CHI,1148.0,,44,40,4
199701190HOU,RS,CHI,1157.0,,44,42,2
199701190HOU,RS,CHI,1224.0,,46,42,4
199701190HOU,RS,CHI,1253.0,,46,44,2
199701190HOU,RS,CHI,1267.0,,46,45,1
199701190HOU,RS,CHI,1279.0,,48,45,3
199701190HOU,RS,CHI,1333.0,,51,45,6
199701190HOU,RS,CHI,1347.0,,51,47,4
199701190HOU,RS,CHI,1369.0,,51,48,3
199701190HOU,RS,CHI,1369.0,,51,49,2
199701190HOU,RS,CHI,1381.0,,54,49,5
199701190HOU,RS,CHI,1412.0,,55,49,6
199701190HOU,RS,CHI,1438.0,,55,51,4
199701190HOU,RS,CHI,1454.0,,57,51,6
199701190HOU,RS,CHI,1488.0,,59,51,8
199701190HOU,RS,CHI,1575.0,,61,51,10
199701190HOU,RS,CHI,1584.0,,61,53,8
199701190HOU,RS,CHI,1602.0,,63,53,10
199701190HOU,RS,CHI,1660.0,,63,55,8
199701190HOU,RS,CHI,1721.0,,65,55,10
199701190HOU,RS,CHI,1748.0,,65,57,8
199701190HOU,RS,CHI,1805.0,,65,60,5
199701190HOU,RS,CHI,1819.0,,67,60,7
199701190HOU,RS,CHI,1839.0,,67,63,4
199701190HOU,RS,CHI,1883.0,,70,63,7
199701190HOU,RS,CHI,2002.0,,70,65,5
199701190HOU,RS,CHI,2002.0,,70,66,4
199701190HOU,RS,CHI,2016.0,,72,66,6
199701190HOU,RS,CHI,2035.0,,72,68,4
199701190HOU,RS,CHI,2088.0,,72,70,2
199701190HOU,RS,CHI,2102.0,,73,70,3
199701190HOU,RS,CHI,2134.0,,75,70,5
199701190HOU,RS,CHI,2155.0,,75,73,2
199701190HOU,RS,CHI,2214.0,T,75,75,0
199701190HOU,RS,CHI,2236.0,,77,75,2
199701190HOU,RS,CHI,2254.0,,79,75,4
199701190HOU,RS,CHI,2296.0,,79,77,2
199701190HOU,RS,CHI,2343.0,,81,77,4
199701190HOU,RS,CHI,2364.0,,81,79,2
199701190HOU,RS,CHI,2383.0,,83,79,4
199701190HOU,RS,CHI,2428.0,,83,81,2
199701190HOU,RS,CHI,2448.0,,83,82,1
199701190HOU,RS,CHI,2448.0,T,83,83,0
199701190HOU,RS,CHI,2448.0,LC,83,84,-1
199701190HOU,RS,CHI,2520.0,T,84,84,0
199701190HOU,RS,CHI,2520.0,LC,85,84,1
199701190HOU,RS,CHI,2596.0,,86,84,2
199701190HOU,RS,CHI,2596.0,,87,84,3
199701190HOU,RS,CHI,2640.0,,89,84,5
199701190HOU,RS,CHI,2676.0,,92,84,8
199701190HOU,RS,CHI,2718.0,,94,84,10
199701190HOU,RS,CHI,2754.0,,97,84,13
199701190HOU,RS,CHI,2787.0,,100,84,16
199701190HOU,RS,CHI,2839.0,F,102,84,18
199701190HOU,RS,CHI,2871.0,,102,86,16
199701210CHH,RS,CHH,0.0,,0,0,0
199701210CHH,RS,CHH,24.0,,0,2,-2
199701210CHH,RS,CHH,63.0,LC,3,2,1
199701210CHH,RS,CHH,79.0,LC,3,4,-1
199701210CHH,RS,CHH,158.0,,3,6,-3
199701210CHH,RS,CHH,198.0,,3,8,-5
199701210CHH,RS,CHH,226.0,,5,8,-3
199701210CHH,RS,CHH,246.0,,5,10,-5
199701210CHH,RS,CHH,262.0,,7,10,-3
199701210CHH,RS,CHH,290.0,,9,10,-1
199701210CHH,RS,CHH,316.0,,9,12,-3
199701210CHH,RS,CHH,333.0,,11,12,-1
199701210CHH,RS,CHH,346.0,,11,14,-3
199701210CHH,RS,CHH,374.0,T,14,14,0
199701210CHH,RS,CHH,395.0,,14,16,-2
199701210CHH,RS,CHH,395.0,,14,17,-3
199701210CHH,RS,CHH,406.0,T,17,17,0
199701210CHH,RS,CHH,447.0,,17,19,-2
199701210CHH,RS,CHH,466.0,T,19,19,0
199701210CHH,RS,CHH,489.0,,19,21,-2
199701210CHH,RS,CHH,504.0,LC,22,21,1
199701210CHH,RS,CHH,532.0,LC,22,23,-1
199701210CHH,RS,CHH,552.0,,22,26,-4
199701210CHH,RS,CHH,576.0,,22,27,-5
199701210CHH,RS,CHH,576.0,,22,28,-6
199701210CHH,RS,CHH,588.0,,24,28,-4
199701210CHH,RS,CHH,656.0,,25,28,-3
199701210CHH,RS,CHH,656.0,,26,28,-2
199701210CHH,RS,CHH,669.0,T,28,28,0
199701210CHH,RS,CHH,691.0,,28,29,-1
199701210CHH,RS,CHH,691.0,,28,30,-2
199701210CHH,RS,CHH,748.0,T,30,30,0
199701210CHH,RS,CHH,779.0,LC,32,30,2
199701210CHH,RS,CHH,794.0,,32,31,1
199701210CHH,RS,CHH,804.0,,34,31,3
199701210CHH,RS,CHH,829.0,,36,31,5
199701210CHH,RS,CHH,851.0,,36,34,2
199701210CHH,RS,CHH,899.0,LC,36,37,-1
199701210CHH,RS,CHH,1000.0,LC,39,37,2
199701210CHH,RS,CHH,1017.0,T,39,39,0
199701210CHH,RS,CHH,1053.0,LC,39,41,-2
199701210CHH,RS,CHH,1073.0,T,41,41,0
199701210CHH,RS,CHH,1091.0,,41,43,-2
199701210CHH,RS,CHH,1116.0,,41,45,-4
199701210CHH,RS,CHH,1143.0,,43,45,-2
199701210CHH,RS,CHH,1197.0,,43,47,-4
199701210CHH,RS,CHH,1233.0,,45,47,-2
199701210CHH,RS,CHH,1280.0,,45,49,-4
199701210CHH,RS,CHH,1295.0,,45,51,-6
199701210CHH,RS,CHH,1330.0,,45,53,-8
199701210CHH,RS,CHH,1365.0,,45,54,-9
199701210CHH,RS,CHH,1365.0,,45,55,-10
199701210CHH,RS,CHH,1421.0,,45,57,-12
199701210CHH,RS,CHH,1454.0,,45,59,-14
199701210CHH,RS,CHH,1519.0,,46,59,-13
199701210CHH,RS,CHH,1519.0,,47,59,-12
199701210CHH,RS,CHH,1575.0,,49,59,-10
199701210CHH,RS,CHH,1617.0,,51,59,-8
199701210CHH,RS,CHH,1656.0,,53,59,-6
199701210CHH,RS,CHH,1693.0,,53,62,-9
199701210CHH,RS,CHH,1711.0,,55,62,-7
199701210CHH,RS,CHH,1711.0,,56,62,-6
199701210CHH,RS,CHH,1732.0,,56,64,-8
199701210CHH,RS,CHH,1746.0,,58,64,-6
199701210CHH,RS,CHH,1758.0,,58,65,-7
199701210CHH,RS,CHH,1758.0,,58,66,-8
199701210CHH,RS,CHH,1819.0,,58,69,-11
199701210CHH,RS,CHH,1850.0,,58,71,-13
199701210CHH,RS,CHH,1882.0,,58,73,-15
199701210CHH,RS,CHH,1900.0,,61,73,-12
199701210CHH,RS,CHH,1914.0,,61,74,-13
199701210CHH,RS,CHH,1914.0,,61,75,-14
199701210CHH,RS,CHH,1933.0,,63,75,-12
199701210CHH,RS,CHH,1945.0,,63,76,-13
199701210CHH,RS,CHH,1959.0,,65,76,-11
199701210CHH,RS,CHH,1959.0,,66,76,-10
199701210CHH,RS,CHH,1971.0,,66,78,-12
199701210CHH,RS,CHH,2004.0,,67,78,-11
199701210CHH,RS,CHH,2004.0,,68,78,-10
199701210CHH,RS,CHH,2014.0,,69,78,-9
199701210CHH,RS,CHH,2014.0,,70,78,-8
199701210CHH,RS,CHH,2035.0,,72,78,-6
199701210CHH,RS,CHH,2053.0,,72,80,-8
199701210CHH,RS,CHH,2072.0,,73,80,-7
199701210CHH,RS,CHH,2072.0,,74,80,-6
199701210CHH,RS,CHH,2092.0,,76,80,-4
199701210CHH,RS,CHH,2106.0,,76,81,-5
199701210CHH,RS,CHH,2106.0,,76,82,-6
199701210CHH,RS,CHH,2135.0,,76,84,-8
199701210CHH,RS,CHH,2158.0,,78,84,-6
199701210CHH,RS,CHH,2182.0,,81,84,-3
199701210CHH,RS,CHH,2203.0,,81,85,-4
199701210CHH,RS,CHH,2203.0,,81,86,-5
199701210CHH,RS,CHH,2221.0,,83,86,-3
199701210CHH,RS,CHH,2230.0,,83,88,-5
199701210CHH,RS,CHH,2262.0,,85,88,-3
199701210CHH,RS,CHH,2297.0,,85,90,-5
199701210CHH,RS,CHH,2297.0,,85,91,-6
199701210CHH,RS,CHH,2334.0,,85,92,-7
199701210CHH,RS,CHH,2334.0,,85,93,-8
199701210CHH,RS,CHH,2361.0,,87,93,-6
199701210CHH,RS,CHH,2382.0,,87,95,-8
199701210CHH,RS,CHH,2429.0,,89,95,-6
199701210CHH,RS,CHH,2465.0,,91,95,-4
199701210CHH,RS,CHH,2505.0,,92,95,-3
199701210CHH,RS,CHH,2505.0,,93,95,-2
199701210CHH,RS,CHH,2516.0,,93,96,-3
199701210CHH,RS,CHH,2516.0,,93,97,-4
199701210CHH,RS,CHH,2547.0,,93,99,-6
199701210CHH,RS,CHH,2566.0,,95,99,-4
199701210CHH,RS,CHH,2577.0,,95,100,-5
199701210CHH,RS,CHH,2591.0,,97,100,-3
199701210CHH,RS,CHH,2607.0,,97,103,-6
199701210CHH,RS,CHH,2640.0,,98,103,-5
199701210CHH,RS,CHH,2640.0,,99,103,-4
199701210CHH,RS,CHH,2667.0,,99,104,-5
199701210CHH,RS,CHH,2668.0,,99,105,-6
199701210CHH,RS,CHH,2699.0,,99,106,-7
199701210CHH,RS,CHH,2699.0,,99,107,-8
199701210CHH,RS,CHH,2710.0,,101,107,-6
199701210CHH,RS,CHH,2754.0,,101,108,-7
199701210CHH,RS,CHH,2770.0,,102,108,-6
199701210CHH,RS,CHH,2770.0,,103,108,-5
199701210CHH,RS,CHH,2782.0,,103,109,-6
199701210CHH,RS,CHH,2782.0,,103,110,-7
199701210CHH,RS,CHH,2806.0,,105,110,-5
199701210CHH,RS,CHH,2833.0,,105,112,-7
199701210CHH,RS,CHH,2844.0,,108,112,-4
199701210CHH,RS,CHH,2868.0,,108,113,-5
199701210CHH,RS,CHH,2868.0,F,108,114,-6
199701210CHH,RS,CHH,2880.0,,108,114,-6
199701230HOU,RS,NJN,0.0,,0,0,0
199701230HOU,RS,NJN,14.0,,3,0,3
199701230HOU,RS,NJN,31.0,,3,2,1
199701230HOU,RS,NJN,93.0,,5,2,3
199701230HOU,RS,NJN,177.0,,7,2,5
199701230HOU,RS,NJN,238.0,,7,4,3
199701230HOU,RS,NJN,249.0,,9,4,5
199701230HOU,RS,NJN,333.0,,11,4,7
199701230HOU,RS,NJN,348.0,,11,6,5
199701230HOU,RS,NJN,380.0,,11,9,2
199701230HOU,RS,NJN,394.0,,13,9,4
199701230HOU,RS,NJN,394.0,,14,9,5
199701230HOU,RS,NJN,418.0,,14,10,4
199701230HOU,RS,NJN,418.0,,14,11,3
199701230HOU,RS,NJN,429.0,,16,11,5
199701230HOU,RS,NJN,458.0,,16,13,3
199701230HOU,RS,NJN,472.0,,18,13,5
199701230HOU,RS,NJN,541.0,,20,13,7
199701230HOU,RS,NJN,584.0,,22,13,9
199701230HOU,RS,NJN,614.0,,24,13,11
199701230HOU,RS,NJN,630.0,,24,15,9
199701230HOU,RS,NJN,679.0,,24,17,7
199701230HOU,RS,NJN,694.0,,26,17,9
199701230HOU,RS,NJN,739.0,,26,19,7
199701230HOU,RS,NJN,750.0,,28,19,9
199701230HOU,RS,NJN,764.0,,30,19,11
199701230HOU,RS,NJN,787.0,,30,21,9
199701230HOU,RS,NJN,801.0,,32,21,11
199701230HOU,RS,NJN,817.0,,32,23,9
199701230HOU,RS,NJN,826.0,,34,23,11
199701230HOU,RS,NJN,853.0,,36,23,13
199701230HOU,RS,NJN,871.0,,36,25,11
199701230HOU,RS,NJN,904.0,,36,26,10
199701230HOU,RS,NJN,904.0,,36,27,9
199701230HOU,RS,NJN,973.0,,36,29,7
199701230HOU,RS,NJN,997.0,,38,29,9
199701230HOU,RS,NJN,1015.0,,38,30,8
199701230HOU,RS,NJN,1015.0,,38,31,7
199701230HOU,RS,NJN,1026.0,,40,31,9
199701230HOU,RS,NJN,1046.0,,40,33,7
199701230HOU,RS,NJN,1107.0,,41,33,8
199701230HOU,RS,NJN,1107.0,,42,33,9
199701230HOU,RS,NJN,1143.0,,42,35,7
199701230HOU,RS,NJN,1189.0,,45,35,10
199701230HOU,RS,NJN,1242.0,,47,35,12
199701230HOU,RS,NJN,1242.0,,48,35,13
199701230HOU,RS,NJN,1279.0,,51,35,16
199701230HOU,RS,NJN,1334.0,,51,37,14
199701230HOU,RS,NJN,1348.0,,53,37,16
199701230HOU,RS,NJN,1392.0,,53,40,13
199701230HOU,RS,NJN,1414.0,,56,40,16
199701230HOU,RS,NJN,1457.0,,56,42,14
199701230HOU,RS,NJN,1471.0,,58,42,16
199701230HOU,RS,NJN,1501.0,,58,45,13
199701230HOU,RS,NJN,1565.0,,60,45,15
199701230HOU,RS,NJN,1628.0,,62,45,17
199701230HOU,RS,NJN,1661.0,,63,45,18
199701230HOU,RS,NJN,1672.0,,63,47,16
199701230HOU,RS,NJN,1672.0,,63,48,15
199701230HOU,RS,NJN,1693.0,,65,48,17
199701230HOU,RS,NJN,1711.0,,67,48,19
199701230HOU,RS,NJN,1815.0,,67,50,17
199701230HOU,RS,NJN,1835.0,,67,51,16
199701230HOU,RS,NJN,1853.0,,69,51,18
199701230HOU,RS,NJN,1873.0,,69,53,16
199701230HOU,RS,NJN,1905.0,,72,53,19
199701230HOU,RS,NJN,1949.0,,73,53,20
199701230HOU,RS,NJN,1949.0,,74,53,21
199701230HOU,RS,NJN,1976.0,,74,55,19
199701230HOU,RS,NJN,1992.0,,76,55,21
199701230HOU,RS,NJN,2012.0,,76,57,19
199701230HOU,RS,NJN,2029.0,,78,57,21
199701230HOU,RS,NJN,2045.0,,78,60,18
199701230HOU,RS,NJN,2086.0,,78,61,17
199701230HOU,RS,NJN,2086.0,,78,62,16
199701230HOU,RS,NJN,2108.0,,78,64,14
199701230HOU,RS,NJN,2157.0,,80,64,16
199701230HOU,RS,NJN,2180.0,,82,64,18
199701230HOU,RS,NJN,2203.0,,84,64,20
199701230HOU,RS,NJN,2203.0,,85,64,21
199701230HOU,RS,NJN,2233.0,,86,64,22
199701230HOU,RS,NJN,2233.0,,87,64,23
199701230HOU,RS,NJN,2269.0,,87,66,21
199701230HOU,RS,NJN,2292.0,,87,67,20
199701230HOU,RS,NJN,2292.0,,87,68,19
199701230HOU,RS,NJN,2317.0,,87,70,17
199701230HOU,RS,NJN,2329.0,,89,70,19
199701230HOU,RS,NJN,2349.0,,89,73,16
199701230HOU,RS,NJN,2367.0,,91,73,18
199701230HOU,RS,NJN,2382.0,,91,75,16
199701230HOU,RS,NJN,2395.0,,93,75,18
199701230HOU,RS,NJN,2424.0,,95,75,20
199701230HOU,RS,NJN,2449.0,,95,78,17
199701230HOU,RS,NJN,2463.0,,97,78,19
199701230HOU,RS,NJN,2474.0,,99,78,21
199701230HOU,RS,NJN,2495.0,,99,81,18
199701230HOU,RS,NJN,2521.0,,101,81,20
199701230HOU,RS,NJN,2558.0,,101,84,17
199701230HOU,RS,NJN,2574.0,,103,84,19
199701230HOU,RS,NJN,2589.0,,103,86,17
199701230HOU,RS,NJN,2633.0,,103,88,15
199701230HOU,RS,NJN,2649.0,,103,90,13
199701230HOU,RS,NJN,2676.0,,103,93,10
199701230HOU,RS,NJN,2694.0,,106,93,13
199701230HOU,RS,NJN,2735.0,,108,93,15
199701230HOU,RS,NJN,2750.0,,108,94,14
199701230HOU,RS,NJN,2785.0,,108,96,12
199701230HOU,RS,NJN,2814.0,,108,98,10
199701230HOU,RS,NJN,2824.0,,109,98,11
199701230HOU,RS,NJN,2836.0,,109,99,10
199701230HOU,RS,NJN,2836.0,,109,100,9
199701230HOU,RS,NJN,2837.0,,110,100,10
199701230HOU,RS,NJN,2837.0,,111,100,11
199701230HOU,RS,NJN,2848.0,,111,102,9
199701230HOU,RS,NJN,2860.0,F,111,104,7
199701230HOU,RS,NJN,2880.0,,111,104,7
199701250HOU,RS,UTA,0.0,,0,0,0
199701250HOU,RS,UTA,36.0,,2,0,2
199701250HOU,RS,UTA,82.0,T,2,2,0
199701250HOU,RS,UTA,113.0,LC,2,4,-2
199701250HOU,RS,UTA,139.0,T,4,4,0
199701250HOU,RS,UTA,178.0,,4,6,-2
199701250HOU,RS,UTA,201.0,T,6,6,0
199701250HOU,RS,UTA,233.0,LC,9,6,3
199701250HOU,RS,UTA,249.0,,9,8,1
199701250HOU,RS,UTA,249.0,T,9,9,0
199701250HOU,RS,UTA,340.0,,10,9,1
199701250HOU,RS,UTA,340.0,,11,9,2
199701250HOU,RS,UTA,359.0,LC,11,12,-1
199701250HOU,RS,UTA,375.0,LC,14,12,2
199701250HOU,RS,UTA,393.0,LC,14,15,-1
199701250HOU,RS,UTA,410.0,LC,16,15,1
199701250HOU,RS,UTA,489.0,LC,16,17,-1
199701250HOU,RS,UTA,505.0,LC,18,17,1
199701250HOU,RS,UTA,535.0,,21,17,4
199701250HOU,RS,UTA,582.0,,21,19,2
199701250HOU,RS,UTA,597.0,,22,19,3
199701250HOU,RS,UTA,597.0,,23,19,4
199701250HOU,RS,UTA,624.0,,24,19,5
199701250HOU,RS,UTA,658.0,,26,19,7
199701250HOU,RS,UTA,707.0,,28,19,9
199701250HOU,RS,UTA,802.0,,28,21,7
199701250HOU,RS,UTA,838.0,,28,23,5
199701250HOU,RS,UTA,935.0,,28,25,3
199701250HOU,RS,UTA,953.0,,30,25,5
199701250HOU,RS,UTA,987.0,,32,25,7
199701250HOU,RS,UTA,1016.0,,34,25,9
199701250HOU,RS,UTA,1038.0,,34,27,7
199701250HOU,RS,UTA,1080.0,,34,29,5
199701250HOU,RS,UTA,1096.0,,35,29,6
199701250HOU,RS,UTA,1096.0,,36,29,7
199701250HOU,RS,UTA,1108.0,,36,31,5
199701250HOU,RS,UTA,1159.0,,36,33,3
199701250HOU,RS,UTA,1190.0,,36,35,1
199701250HOU,RS,UTA,1253.0,LC,36,38,-2
199701250HOU,RS,UTA,1280.0,T,38,38,0
199701250HOU,RS,UTA,1339.0,,38,39,-1
199701250HOU,RS,UTA,1339.0,,38,40,-2
199701250HOU,RS,UTA,1371.0,T,40,40,0
199701250HOU,RS,UTA,1388.0,,40,41,-1
199701250HOU,RS,UTA,1414.0,,40,43,-3
199701250HOU,RS,UTA,1437.0,T,43,43,0
199701250HOU,RS,UTA,1493.0,LC,45,43,2
199701250HOU,RS,UTA,1534.0,,47,43,4
199701250HOU,RS,UTA,1574.0,,49,43,6
199701250HOU,RS,UTA,1594.0,,49,45,4
199701250HOU,RS,UTA,1616.0,,49,47,2
199701250HOU,RS,UTA,1649.0,,51,47,4
199701250HOU,RS,UTA,1730.0,,51,49,2
199701250HOU,RS,UTA,1740.0,,51,50,1
199701250HOU,RS,UTA,1815.0,LC,51,53,-2
199701250HOU,RS,UTA,1834.0,LC,54,53,1
199701250HOU,RS,UTA,1849.0,LC,54,55,-1
199701250HOU,RS,UTA,1867.0,LC,56,55,1
199701250HOU,RS,UTA,1900.0,LC,56,57,-1
199701250HOU,RS,UTA,1932.0,,56,59,-3
199701250HOU,RS,UTA,1955.0,T,59,59,0
199701250HOU,RS,UTA,2027.0,,59,61,-2
199701250HOU,RS,UTA,2059.0,,59,63,-4
199701250HOU,RS,UTA,2079.0,,62,63,-1
199701250HOU,RS,UTA,2130.0,T,63,63,0
199701250HOU,RS,UTA,2173.0,,63,65,-2
199701250HOU,RS,UTA,2192.0,,64,65,-1
199701250HOU,RS,UTA,2192.0,T,65,65,0
199701250HOU,RS,UTA,2206.0,,65,66,-1
199701250HOU,RS,UTA,2206.0,,65,67,-2
199701250HOU,RS,UTA,2221.0,,65,69,-4
199701250HOU,RS,UTA,2313.0,,65,70,-5
199701250HOU,RS,UTA,2324.0,,67,70,-3
199701250HOU,RS,UTA,2343.0,,67,72,-5
199701250HOU,RS,UTA,2364.0,,69,72,-3
199701250HOU,RS,UTA,2450.0,T,72,72,0
199701250HOU,RS,UTA,2468.0,,72,73,-1
199701250HOU,RS,UTA,2479.0,T,73,73,0
199701250HOU,RS,UTA,2479.0,LC,74,73,1
199701250HOU,RS,UTA,2573.0,T,74,74,0
199701250HOU,RS,UTA,2573.0,LC,74,75,-1
199701250HOU,RS,UTA,2598.0,,74,77,-3
199701250HOU,RS,UTA,2619.0,,76,77,-1
199701250HOU,RS,UTA,2634.0,,76,79,-3
199701250HOU,RS,UTA,2661.0,,76,81,-5
199701250HOU,RS,UTA,2676.0,,77,81,-4
199701250HOU,RS,UTA,2676.0,,78,81,-3
199701250HOU,RS,UTA,2702.0,,80,81,-1
199701250HOU,RS,UTA,2778.0,LC,82,81,1
199701250HOU,RS,UTA,2796.0,LC,82,84,-2
199701250HOU,RS,UTA,2822.0,LC,85,84,1
199701250HOU,RS,UTA,2857.0,,88,84,4
199701250HOU,RS,UTA,2859.0,,88,85,3
199701250HOU,RS,UTA,2859.0,,88,86,2
199701250HOU,RS,UTA,2860.0,,89,86,3
199701250HOU,RS,UTA,2868.0,T,89,89,0
199701250HOU,RS,UTA,2874.0,,90,89,1
199701250HOU,RS,UTA,2874.0,,91,89,2
199701250HOU,RS,UTA,2880.0,,91,90,1
199701250HOU,RS,UTA,2880.0,T,91,91,0
199701250HOU,RS,UTA,2892.0,,93,91,2
199701250HOU,RS,UTA,2967.0,T,93,93,0
199701250HOU,RS,UTA,3000.0,LC,93,94,-1
199701250HOU,RS,UTA,3000.0,,93,95,-2
199701250HOU,RS,UTA,3043.0,,93,98,-5
199701250HOU,RS,UTA,3062.0,,95,98,-3
199701250HOU,RS,UTA,3062.0,,96,98,-2
199701250HOU,RS,UTA,3119.0,,96,100,-4
199701250HOU,RS,UTA,3128.0,,97,100,-3
199701250HOU,RS,UTA,3152.0,,97,102,-5
199701250HOU,RS,UTA,3158.0,,100,102,-2
199701250HOU,RS,UTA,3159.0,,100,103,-3
199701250HOU,RS,UTA,3170.0,,100,104,-4
199701250HOU,RS,UTA,3170.0,F,100,105,-5
199701250HOU,RS,UTA,3178.0,,100,105,-5
199701300HOU,RS,DEN,0.0,,0,0,0
199701300HOU,RS,DEN,19.0,,0,2,-2
199701300HOU,RS,DEN,28.0,LC,3,2,1
199701300HOU,RS,DEN,78.0,,4,2,2
199701300HOU,RS,DEN,167.0,T,4,4,0
199701300HOU,RS,DEN,184.0,,6,4,2
199701300HOU,RS,DEN,195.0,T,6,6,0
199701300HOU,RS,DEN,208.0,,8,6,2
199701300HOU,RS,DEN,228.0,T,8,8,0
199701300HOU,RS,DEN,251.0,LC,8,10,-2
199701300HOU,RS,DEN,282.0,T,10,10,0
199701300HOU,RS,DEN,295.0,,10,12,-2
199701300HOU,RS,DEN,309.0,T,12,12,0
199701300HOU,RS,DEN,327.0,,12,14,-2
199701300HOU,RS,DEN,366.0,T,14,14,0
199701300HOU,RS,DEN,385.0,,14,16,-2
199701300HOU,RS,DEN,444.0,LC,17,16,1
199701300HOU,RS,DEN,452.0,LC,17,18,-1
199701300HOU,RS,DEN,476.0,LC,19,18,1
199701300HOU,RS,DEN,495.0,LC,19,20,-1
199701300HOU,RS,DEN,511.0,LC,22,20,2
199701300HOU,RS,DEN,536.0,T,22,22,0
199701300HOU,RS,DEN,556.0,LC,22,24,-2
199701300HOU,RS,DEN,573.0,T,24,24,0
199701300HOU,RS,DEN,587.0,,24,26,-2
199701300HOU,RS,DEN,607.0,,24,28,-4
199701300HOU,RS,DEN,648.0,,26,28,-2
199701300HOU,RS,DEN,664.0,,26,31,-5
199701300HOU,RS,DEN,677.0,,28,31,-3
199701300HOU,RS,DEN,708.0,,28,32,-4
199701300HOU,RS,DEN,708.0,,28,33,-5
199701300HOU,RS,DEN,718.0,,30,33,-3
199701300HOU,RS,DEN,782.0,,32,33,-1
199701300HOU,RS,DEN,810.0,LC,34,33,1
199701300HOU,RS,DEN,822.0,T,34,34,0
199701300HOU,RS,DEN,822.0,LC,34,35,-1
199701300HOU,RS,DEN,846.0,,34,38,-4
199701300HOU,RS,DEN,862.0,,36,38,-2
199701300HOU,RS,DEN,873.0,,36,40,-4
199701300HOU,RS,DEN,888.0,,38,40,-2
199701300HOU,RS,DEN,905.0,,38,41,-3
199701300HOU,RS,DEN,905.0,,38,42,-4
199701300HOU,RS,DEN,927.0,,38,44,-6
199701300HOU,RS,DEN,948.0,,40,44,-4
199701300HOU,RS,DEN,971.0,,42,44,-2
199701300HOU,RS,DEN,999.0,,42,46,-4
199701300HOU,RS,DEN,1036.0,,44,46,-2
199701300HOU,RS,DEN,1071.0,,44,48,-4
199701300HOU,RS,DEN,1107.0,,46,48,-2
199701300HOU,RS,DEN,1121.0,,46,50,-4
199701300HOU,RS,DEN,1169.0,,48,50,-2
199701300HOU,RS,DEN,1188.0,,48,52,-4
199701300HOU,RS,DEN,1222.0,,50,52,-2
199701300HOU,RS,DEN,1228.0,,50,54,-4
199701300HOU,RS,DEN,1259.0,,50,57,-7
199701300HOU,RS,DEN,1281.0,,52,57,-5
199701300HOU,RS,DEN,1325.0,,52,59,-7
199701300HOU,RS,DEN,1345.0,,55,59,-4
199701300HOU,RS,DEN,1363.0,,55,62,-7
199701300HOU,RS,DEN,1382.0,,57,62,-5
199701300HOU,RS,DEN,1436.0,,57,64,-7
199701300HOU,RS,DEN,1480.0,,59,64,-5
199701300HOU,RS,DEN,1507.0,,59,66,-7
199701300HOU,RS,DEN,1520.0,,61,66,-5
199701300HOU,RS,DEN,1529.0,,61,69,-8
199701300HOU,RS,DEN,1544.0,,63,69,-6
199701300HOU,RS,DEN,1608.0,,63,71,-8
199701300HOU,RS,DEN,1675.0,,65,71,-6
199701300HOU,RS,DEN,1694.0,,65,73,-8
199701300HOU,RS,DEN,1731.0,,67,73,-6
199701300HOU,RS,DEN,1770.0,,67,75,-8
199701300HOU,RS,DEN,1797.0,,69,75,-6
199701300HOU,RS,DEN,1800.0,,69,76,-7
199701300HOU,RS,DEN,1816.0,,72,76,-4
199701300HOU,RS,DEN,1864.0,,74,76,-2
199701300HOU,RS,DEN,1912.0,T,76,76,0
199701300HOU,RS,DEN,1938.0,,76,78,-2
199701300HOU,RS,DEN,1958.0,T,78,78,0
199701300HOU,RS,DEN,1968.0,,78,80,-2
199701300HOU,RS,DEN,1989.0,,78,82,-4
199701300HOU,RS,DEN,2012.0,,80,82,-2
199701300HOU,RS,DEN,2033.0,,80,84,-4
199701300HOU,RS,DEN,2052.0,,82,84,-2
199701300HOU,RS,DEN,2074.0,,82,87,-5
199701300HOU,RS,DEN,2089.0,,84,87,-3
199701300HOU,RS,DEN,2127.0,,85,87,-2
199701300HOU,RS,DEN,2127.0,,86,87,-1
199701300HOU,RS,DEN,2174.0,LC,88,87,1
199701300HOU,RS,DEN,2208.0,,90,87,3
199701300HOU,RS,DEN,2250.0,,90,89,1
199701300HOU,RS,DEN,2262.0,,92,89,3
199701300HOU,RS,DEN,2325.0,,94,89,5
199701300HOU,RS,DEN,2344.0,,94,92,2
199701300HOU,RS,DEN,2364.0,,96,92,4
199701300HOU,RS,DEN,2389.0,,97,92,5
199701300HOU,RS,DEN,2403.0,,97,93,4
199701300HOU,RS,DEN,2403.0,,97,94,3
199701300HOU,RS,DEN,2427.0,,99,94,5
199701300HOU,RS,DEN,2443.0,,99,96,3
199701300HOU,RS,DEN,2457.0,,101,96,5
199701300HOU,RS,DEN,2477.0,,101,98,3
199701300HOU,RS,DEN,2507.0,,102,98,4
199701300HOU,RS,DEN,2507.0,,103,98,5
199701300HOU,RS,DEN,2545.0,,103,101,2
199701300HOU,RS,DEN,2582.0,LC,103,104,-1
199701300HOU,RS,DEN,2600.0,LC,105,104,1
199701300HOU,RS,DEN,2615.0,LC,105,106,-1
199701300HOU,RS,DEN,2641.0,,105,108,-3
199701300HOU,RS,DEN,2748.0,,105,109,-4
199701300HOU,RS,DEN,2748.0,,105,110,-5
199701300HOU,RS,DEN,2801.0,,107,110,-3
199701300HOU,RS,DEN,2833.0,,109,110,-1
199701300HOU,RS,DEN,2855.0,,109,112,-3
199701300HOU,RS,DEN,2864.0,F,109,113,-4
199701300HOU,RS,DEN,2877.0,,109,113,-4
199701310IND,RS,IND,0.0,,0,0,0
199701310IND,RS,IND,2.0,,0,1,-1
199701310IND,RS,IND,2.0,,0,2,-2
199701310IND,RS,IND,19.0,LC,3,2,1
199701310IND,RS,IND,32.0,LC,3,4,-1
199701310IND,RS,IND,52.0,LC,6,4,2
199701310IND,RS,IND,90.0,T,6,6,0
199701310IND,RS,IND,122.0,LC,6,8,-2
199701310IND,RS,IND,139.0,T,8,8,0
199701310IND,RS,IND,160.0,,8,9,-1
199701310IND,RS,IND,193.0,,8,11,-3
199701310IND,RS,IND,193.0,,8,12,-4
199701310IND,RS,IND,226.0,,8,15,-7
199701310IND,RS,IND,279.0,,8,17,-9
199701310IND,RS,IND,279.0,,8,18,-10
199701310IND,RS,IND,315.0,,8,20,-12
199701310IND,RS,IND,315.0,,8,21,-13
199701310IND,RS,IND,326.0,,11,21,-10
199701310IND,RS,IND,339.0,,11,24,-13
199701310IND,RS,IND,395.0,,11,26,-15
199701310IND,RS,IND,415.0,,14,26,-12
199701310IND,RS,IND,435.0,,14,28,-14
199701310IND,RS,IND,504.0,,15,28,-13
199701310IND,RS,IND,533.0,,17,28,-11
199701310IND,RS,IND,553.0,,17,29,-12
199701310IND,RS,IND,637.0,,17,31,-14
199701310IND,RS,IND,637.0,,17,32,-15
199701310IND,RS,IND,700.0,,19,32,-13
199701310IND,RS,IND,718.0,,19,34,-15
199701310IND,RS,IND,813.0,,21,34,-13
199701310IND,RS,IND,855.0,,21,36,-15
199701310IND,RS,IND,892.0,,23,36,-13
199701310IND,RS,IND,892.0,,24,36,-12
199701310IND,RS,IND,903.0,,24,38,-14
199701310IND,RS,IND,932.0,,24,40,-16
199701310IND,RS,IND,1018.0,,24,42,-18
199701310IND,RS,IND,1055.0,,24,44,-20
199701310IND,RS,IND,1093.0,,24,46,-22
199701310IND,RS,IND,1119.0,,24,48,-24
199701310IND,RS,IND,1134.0,,26,48,-22
199701310IND,RS,IND,1159.0,,26,50,-24
199701310IND,RS,IND,1210.0,,28,50,-22
199701310IND,RS,IND,1231.0,,28,53,-25
199701310IND,RS,IND,1268.0,,28,55,-27
199701310IND,RS,IND,1280.0,,30,55,-25
199701310IND,RS,IND,1308.0,,30,57,-27
199701310IND,RS,IND,1321.0,,32,57,-25
199701310IND,RS,IND,1344.0,,35,57,-22
199701310IND,RS,IND,1386.0,,38,57,-19
199701310IND,RS,IND,1469.0,,38,59,-21
199701310IND,RS,IND,1500.0,,38,61,-23
199701310IND,RS,IND,1531.0,,40,61,-21
199701310IND,RS,IND,1575.0,,42,61,-19
199701310IND,RS,IND,1602.0,,42,64,-22
199701310IND,RS,IND,1650.0,,43,64,-21
199701310IND,RS,IND,1650.0,,44,64,-20
199701310IND,RS,IND,1684.0,,44,67,-23
199701310IND,RS,IND,1699.0,,46,67,-21
199701310IND,RS,IND,1719.0,,46,69,-23
199701310IND,RS,IND,1791.0,,46,71,-25
199701310IND,RS,IND,1807.0,,48,71,-23
199701310IND,RS,IND,1835.0,,48,73,-25
199701310IND,RS,IND,1859.0,,50,73,-23
199701310IND,RS,IND,1881.0,,50,75,-25
199701310IND,RS,IND,1993.0,,50,77,-27
199701310IND,RS,IND,2070.0,,52,77,-25
199701310IND,RS,IND,2125.0,,53,77,-24
199701310IND,RS,IND,2125.0,,54,77,-23
199701310IND,RS,IND,2169.0,,54,79,-25
199701310IND,RS,IND,2220.0,,54,81,-27
199701310IND,RS,IND,2292.0,,54,83,-29
199701310IND,RS,IND,2311.0,,56,83,-27
199701310IND,RS,IND,2372.0,,59,83,-24
199701310IND,RS,IND,2400.0,,59,85,-26
199701310IND,RS,IND,2433.0,,59,87,-28
199701310IND,RS,IND,2453.0,,61,87,-26
199701310IND,RS,IND,2484.0,,64,87,-23
199701310IND,RS,IND,2516.0,,64,89,-25
199701310IND,RS,IND,2551.0,,67,89,-22
199701310IND,RS,IND,2568.0,,67,90,-23
199701310IND,RS,IND,2568.0,,67,91,-24
199701310IND,RS,IND,2626.0,,68,91,-23
199701310IND,RS,IND,2637.0,,68,94,-26
199701310IND,RS,IND,2660.0,,68,95,-27
199701310IND,RS,IND,2660.0,,68,96,-28
199701310IND,RS,IND,2697.0,,68,98,-30
199701310IND,RS,IND,2718.0,,68,100,-32
199701310IND,RS,IND,2767.0,,70,100,-30
199701310IND,RS,IND,2804.0,F,72,100,-28
199701310IND,RS,IND,2877.0,,74,100,-26
199702020ORL,RS,ORL,0.0,,0,0,0
199702020ORL,RS,ORL,20.0,,3,0,3
199702020ORL,RS,ORL,34.0,,3,2,1
199702020ORL,RS,ORL,52.0,,6,2,4
199702020ORL,RS,ORL,84.0,,8,2,6
199702020ORL,RS,ORL,117.0,,10,2,8
199702020ORL,RS,ORL,136.0,,10,4,6
199702020ORL,RS,ORL,174.0,,12,4,8
199702020ORL,RS,ORL,205.0,,14,4,10
199702020ORL,RS,ORL,259.0,,16,4,12
199702020ORL,RS,ORL,276.0,,16,6,10
199702020ORL,RS,ORL,291.0,,18,6,12
199702020ORL,RS,ORL,314.0,,18,8,10
199702020ORL,RS,ORL,381.0,,18,10,8
199702020ORL,RS,ORL,439.0,,20,10,10
199702020ORL,RS,ORL,464.0,,20,13,7
199702020ORL,RS,ORL,486.0,,22,13,9
199702020ORL,RS,ORL,539.0,,22,14,8
199702020ORL,RS,ORL,539.0,,22,15,7
199702020ORL,RS,ORL,642.0,,22,17,5
199702020ORL,RS,ORL,668.0,,24,17,7
199702020ORL,RS,ORL,668.0,,25,17,8
199702020ORL,RS,ORL,685.0,,25,19,6
199702020ORL,RS,ORL,755.0,,27,19,8
199702020ORL,RS,ORL,783.0,,29,19,10
199702020ORL,RS,ORL,813.0,,29,20,9
199702020ORL,RS,ORL,820.0,,29,21,8
199702020ORL,RS,ORL,820.0,,29,22,7
199702020ORL,RS,ORL,832.0,,31,22,9
199702020ORL,RS,ORL,864.0,,34,22,12
199702020ORL,RS,ORL,893.0,,36,22,14
199702020ORL,RS,ORL,931.0,,36,24,12
199702020ORL,RS,ORL,963.0,,36,26,10
199702020ORL,RS,ORL,963.0,,36,27,9
199702020ORL,RS,ORL,1007.0,,38,27,11
199702020ORL,RS,ORL,1028.0,,38,29,9
199702020ORL,RS,ORL,1113.0,,40,29,11
199702020ORL,RS,ORL,1135.0,,40,32,8
199702020ORL,RS,ORL,1169.0,,40,34,6
199702020ORL,RS,ORL,1215.0,,40,36,4
199702020ORL,RS,ORL,1256.0,,40,38,2
199702020ORL,RS,ORL,1278.0,T,40,40,0
199702020ORL,RS,ORL,1298.0,,42,40,2
199702020ORL,RS,ORL,1342.0,,42,41,1
199702020ORL,RS,ORL,1378.0,T,42,42,0
199702020ORL,RS,ORL,1378.0,LC,42,43,-1
199702020ORL,RS,ORL,1538.0,,42,45,-3
199702020ORL,RS,ORL,1573.0,,44,45,-1
199702020ORL,RS,ORL,1667.0,LC,46,45,1
199702020ORL,RS,ORL,1709.0,,48,45,3
199702020ORL,RS,ORL,1726.0,,48,47,1
199702020ORL,RS,ORL,1757.0,LC,48,49,-1
199702020ORL,RS,ORL,1807.0,,48,51,-3
199702020ORL,RS,ORL,1849.0,,48,53,-5
199702020ORL,RS,ORL,1884.0,,48,55,-7
199702020ORL,RS,ORL,1884.0,,48,56,-8
199702020ORL,RS,ORL,1899.0,,50,56,-6
199702020ORL,RS,ORL,1935.0,,52,56,-4
199702020ORL,RS,ORL,1960.0,,52,58,-6
199702020ORL,RS,ORL,1982.0,,53,58,-5
199702020ORL,RS,ORL,2001.0,,53,61,-8
199702020ORL,RS,ORL,2016.0,,55,61,-6
199702020ORL,RS,ORL,2040.0,,57,61,-4
199702020ORL,RS,ORL,2063.0,,57,64,-7
199702020ORL,RS,ORL,2075.0,,59,64,-5
199702020ORL,RS,ORL,2159.0,,59,65,-6
199702020ORL,RS,ORL,2159.0,,59,66,-7
199702020ORL,RS,ORL,2172.0,,60,66,-6
199702020ORL,RS,ORL,2185.0,,60,68,-8
199702020ORL,RS,ORL,2214.0,,60,70,-10
199702020ORL,RS,ORL,2235.0,,60,71,-11
199702020ORL,RS,ORL,2235.0,,60,72,-12
199702020ORL,RS,ORL,2253.0,,62,72,-10
199702020ORL,RS,ORL,2272.0,,62,74,-12
199702020ORL,RS,ORL,2272.0,,62,75,-13
199702020ORL,RS,ORL,2286.0,,64,75,-11
199702020ORL,RS,ORL,2300.0,,64,77,-13
199702020ORL,RS,ORL,2320.0,,64,79,-15
199702020ORL,RS,ORL,2377.0,,64,82,-18
199702020ORL,RS,ORL,2417.0,,64,85,-21
199702020ORL,RS,ORL,2448.0,,66,85,-19
199702020ORL,RS,ORL,2491.0,,66,87,-21
199702020ORL,RS,ORL,2508.0,,68,87,-19
199702020ORL,RS,ORL,2533.0,,68,89,-21
199702020ORL,RS,ORL,2552.0,,70,89,-19
199702020ORL,RS,ORL,2581.0,,70,90,-20
199702020ORL,RS,ORL,2581.0,,70,91,-21
199702020ORL,RS,ORL,2650.0,,71,91,-20
199702020ORL,RS,ORL,2650.0,,72,91,-19
199702020ORL,RS,ORL,2681.0,,72,93,-21
199702020ORL,RS,ORL,2693.0,,75,93,-18
199702020ORL,RS,ORL,2712.0,,75,94,-19
199702020ORL,RS,ORL,2712.0,,75,95,-20
199702020ORL,RS,ORL,2725.0,,77,95,-18
199702020ORL,RS,ORL,2728.0,,79,95,-16
199702020ORL,RS,ORL,2767.0,,79,97,-18
199702020ORL,RS,ORL,2797.0,,81,97,-16
199702020ORL,RS,ORL,2810.0,,81,99,-18
199702020ORL,RS,ORL,2831.0,,82,99,-17
199702020ORL,RS,ORL,2858.0,,85,99,-14
199702020ORL,RS,ORL,2867.0,,85,101,-16
199702020ORL,RS,ORL,2873.0,,87,101,-14
199702020ORL,RS,ORL,2876.0,F,87,103,-16
199702020ORL,RS,ORL,2880.0,,90,103,-13
199702040NYK,RS,NYK,0.0,,0,0,0
199702040NYK,RS,NYK,38.0,,0,2,-2
199702040NYK,RS,NYK,96.0,T,2,2,0
199702040NYK,RS,NYK,119.0,LC,4,2,2
199702040NYK,RS,NYK,148.0,,5,2,3
199702040NYK,RS,NYK,162.0,,5,3,2
199702040NYK,RS,NYK,162.0,,5,4,1
199702040NYK,RS,NYK,178.0,,8,4,4
199702040NYK,RS,NYK,194.0,,8,6,2
199702040NYK,RS,NYK,263.0,,10,6,4
199702040NYK,RS,NYK,327.0,,10,8,2
199702040NYK,RS,NYK,361.0,T,10,10,0
199702040NYK,RS,NYK,371.0,,12,10,2
199702040NYK,RS,NYK,382.0,LC,12,13,-1
199702040NYK,RS,NYK,399.0,LC,14,13,1
199702040NYK,RS,NYK,427.0,LC,14,15,-1
199702040NYK,RS,NYK,427.0,,14,16,-2
199702040NYK,RS,NYK,456.0,,15,16,-1
199702040NYK,RS,NYK,456.0,T,16,16,0
199702040NYK,RS,NYK,486.0,LC,19,16,3
199702040NYK,RS,NYK,546.0,,19,18,1
199702040NYK,RS,NYK,561.0,,20,18,2
199702040NYK,RS,NYK,567.0,,20,19,1
199702040NYK,RS,NYK,567.0,T,20,20,0
199702040NYK,RS,NYK,568.0,,22,20,2
199702040NYK,RS,NYK,626.0,,22,21,1
199702040NYK,RS,NYK,641.0,LC,22,23,-1
199702040NYK,RS,NYK,654.0,LC,25,23,2
199702040NYK,RS,NYK,674.0,T,25,25,0
199702040NYK,RS,NYK,688.0,,27,25,2
199702040NYK,RS,NYK,753.0,,29,25,4
199702040NYK,RS,NYK,802.0,,29,27,2
199702040NYK,RS,NYK,855.0,T,29,29,0
199702040NYK,RS,NYK,893.0,LC,29,31,-2
199702040NYK,RS,NYK,917.0,,29,33,-4
199702040NYK,RS,NYK,933.0,,29,35,-6
199702040NYK,RS,NYK,949.0,,31,35,-4
199702040NYK,RS,NYK,990.0,,33,35,-2
199702040NYK,RS,NYK,1020.0,,34,35,-1
199702040NYK,RS,NYK,1072.0,LC,36,35,1
199702040NYK,RS,NYK,1086.0,LC,36,38,-2
199702040NYK,RS,NYK,1132.0,T,38,38,0
199702040NYK,RS,NYK,1132.0,LC,39,38,1
199702040NYK,RS,NYK,1146.0,LC,39,40,-1
199702040NYK,RS,NYK,1159.0,LC,41,40,1
199702040NYK,RS,NYK,1159.0,,42,40,2
199702040NYK,RS,NYK,1198.0,,44,40,4
199702040NYK,RS,NYK,1318.0,,44,42,2
199702040NYK,RS,NYK,1341.0,,47,42,5
199702040NYK,RS,NYK,1365.0,,49,42,7
199702040NYK,RS,NYK,1387.0,,49,44,5
199702040NYK,RS,NYK,1422.0,,49,45,4
199702040NYK,RS,NYK,1422.0,,49,46,3
199702040NYK,RS,NYK,1471.0,,49,47,2
199702040NYK,RS,NYK,1471.0,,49,48,1
199702040NYK,RS,NYK,1507.0,,50,48,2
199702040NYK,RS,NYK,1539.0,T,50,50,0
199702040NYK,RS,NYK,1567.0,LC,50,52,-2
199702040NYK,RS,NYK,1617.0,,50,55,-5
199702040NYK,RS,NYK,1629.0,,53,55,-2
199702040NYK,RS,NYK,1677.0,T,55,55,0
199702040NYK,RS,NYK,1688.0,,55,57,-2
199702040NYK,RS,NYK,1746.0,,55,59,-4
199702040NYK,RS,NYK,1765.0,,57,59,-2
199702040NYK,RS,NYK,1797.0,,57,61,-4
199702040NYK,RS,NYK,1871.0,,57,63,-6
199702040NYK,RS,NYK,1902.0,,57,65,-8
199702040NYK,RS,NYK,1927.0,,60,65,-5
199702040NYK,RS,NYK,1963.0,,62,65,-3
199702040NYK,RS,NYK,2036.0,,63,65,-2
199702040NYK,RS,NYK,2057.0,,63,67,-4
199702040NYK,RS,NYK,2091.0,,63,68,-5
199702040NYK,RS,NYK,2108.0,,64,68,-4
199702040NYK,RS,NYK,2108.0,,65,68,-3
199702040NYK,RS,NYK,2127.0,,65,71,-6
199702040NYK,RS,NYK,2181.0,,67,71,-4
199702040NYK,RS,NYK,2204.0,,67,73,-6
199702040NYK,RS,NYK,2230.0,,69,73,-4
199702040NYK,RS,NYK,2230.0,,70,73,-3
199702040NYK,RS,NYK,2255.0,,70,75,-5
199702040NYK,RS,NYK,2266.0,,72,75,-3
199702040NYK,RS,NYK,2288.0,,72,77,-5
199702040NYK,RS,NYK,2309.0,,72,79,-7
199702040NYK,RS,NYK,2310.0,,73,79,-6
199702040NYK,RS,NYK,2328.0,,75,79,-4
199702040NYK,RS,NYK,2403.0,,76,79,-3
199702040NYK,RS,NYK,2467.0,,76,80,-4
199702040NYK,RS,NYK,2480.0,,76,81,-5
199702040NYK,RS,NYK,2480.0,,76,82,-6
199702040NYK,RS,NYK,2531.0,,76,84,-8
199702040NYK,RS,NYK,2561.0,,79,84,-5
199702040NYK,RS,NYK,2574.0,,79,87,-8
199702040NYK,RS,NYK,2586.0,,80,87,-7
199702040NYK,RS,NYK,2586.0,,81,87,-6
199702040NYK,RS,NYK,2679.0,,81,88,-7
199702040NYK,RS,NYK,2702.0,,82,88,-6
199702040NYK,RS,NYK,2702.0,,83,88,-5
199702040NYK,RS,NYK,2728.0,,85,88,-3
199702040NYK,RS,NYK,2728.0,,86,88,-2
199702040NYK,RS,NYK,2747.0,,86,90,-4
199702040NYK,RS,NYK,2761.0,,87,90,-3
199702040NYK,RS,NYK,2761.0,,88,90,-2
199702040NYK,RS,NYK,2782.0,,88,91,-3
199702040NYK,RS,NYK,2795.0,,90,91,-1
199702040NYK,RS,NYK,2815.0,,90,93,-3
199702040NYK,RS,NYK,2861.0,,91,93,-2
199702040NYK,RS,NYK,2861.0,,92,93,-1
199702040NYK,RS,NYK,2862.0,,92,94,-2
199702040NYK,RS,NYK,2862.0,,92,95,-3
199702040NYK,RS,NYK,2871.0,,92,96,-4
199702040NYK,RS,NYK,2871.0,,92,97,-5
199702040NYK,RS,NYK,2878.0,,95,97,-2
199702040NYK,RS,NYK,2879.0,,95,98,-3
199702040NYK,RS,NYK,2879.0,F,95,99,-4
199702040NYK,RS,NYK,2880.0,,95,99,-4
199702060DET,RS,DET,0.0,,0,0,0
199702060DET,RS,DET,47.0,,0,2,-2
199702060DET,RS,DET,66.0,T,2,2,0
199702060DET,RS,DET,85.0,,2,5,-3
199702060DET,RS,DET,110.0,,2,7,-5
199702060DET,RS,DET,137.0,,4,7,-3
199702060DET,RS,DET,175.0,,5,7,-2
199702060DET,RS,DET,222.0,,5,9,-4
199702060DET,RS,DET,238.0,,7,9,-2
199702060DET,RS,DET,274.0,T,9,9,0
199702060DET,RS,DET,293.0,,9,11,-2
199702060DET,RS,DET,307.0,T,11,11,0
199702060DET,RS,DET,341.0,LC,13,11,2
199702060DET,RS,DET,380.0,,15,11,4
199702060DET,RS,DET,398.0,,15,13,2
199702060DET,RS,DET,433.0,,18,13,5
199702060DET,RS,DET,541.0,,18,15,3
199702060DET,RS,DET,598.0,,18,16,2
199702060DET,RS,DET,598.0,,18,17,1
199702060DET,RS,DET,676.0,,20,17,3
199702060DET,RS,DET,693.0,,20,19,1
199702060DET,RS,DET,717.0,,23,19,4
199702060DET,RS,DET,760.0,,23,21,2
199702060DET,RS,DET,789.0,T,23,23,0
199702060DET,RS,DET,833.0,,26,23,3
199702060DET,RS,DET,859.0,,26,25,1
199702060DET,RS,DET,882.0,LC,26,28,-2
199702060DET,RS,DET,927.0,T,28,28,0
199702060DET,RS,DET,948.0,,28,31,-3
199702060DET,RS,DET,989.0,,28,33,-5
199702060DET,RS,DET,1062.0,,28,34,-6
199702060DET,RS,DET,1075.0,,30,34,-4
199702060DET,RS,DET,1122.0,,30,36,-6
199702060DET,RS,DET,1162.0,,30,39,-9
199702060DET,RS,DET,1184.0,,31,39,-8
199702060DET,RS,DET,1184.0,,32,39,-7
199702060DET,RS,DET,1198.0,,32,41,-9
199702060DET,RS,DET,1214.0,,34,41,-7
199702060DET,RS,DET,1245.0,,34,43,-9
199702060DET,RS,DET,1278.0,,34,46,-12
199702060DET,RS,DET,1306.0,,34,48,-14
199702060DET,RS,DET,1355.0,,36,48,-12
199702060DET,RS,DET,1384.0,,38,48,-10
199702060DET,RS,DET,1435.0,,38,50,-12
199702060DET,RS,DET,1477.0,,38,52,-14
199702060DET,RS,DET,1512.0,,40,52,-12
199702060DET,RS,DET,1528.0,,40,54,-14
199702060DET,RS,DET,1564.0,,40,56,-16
199702060DET,RS,DET,1582.0,,42,56,-14
199702060DET,RS,DET,1605.0,,42,58,-16
199702060DET,RS,DET,1625.0,,42,60,-18
199702060DET,RS,DET,1721.0,,44,60,-16
199702060DET,RS,DET,1743.0,,44,63,-19
199702060DET,RS,DET,1798.0,,44,65,-21
199702060DET,RS,DET,1840.0,,44,66,-22
199702060DET,RS,DET,1855.0,,45,66,-21
199702060DET,RS,DET,1855.0,,46,66,-20
199702060DET,RS,DET,1882.0,,48,66,-18
199702060DET,RS,DET,1925.0,,48,68,-20
199702060DET,RS,DET,1939.0,,50,68,-18
199702060DET,RS,DET,2000.0,,50,70,-20
199702060DET,RS,DET,2037.0,,51,70,-19
199702060DET,RS,DET,2037.0,,52,70,-18
199702060DET,RS,DET,2056.0,,52,72,-20
199702060DET,RS,DET,2056.0,,52,73,-21
199702060DET,RS,DET,2084.0,,53,73,-20
199702060DET,RS,DET,2084.0,,54,73,-19
199702060DET,RS,DET,2130.0,,55,73,-18
199702060DET,RS,DET,2150.0,,55,75,-20
199702060DET,RS,DET,2160.0,,58,75,-17
199702060DET,RS,DET,2182.0,,58,77,-19
199702060DET,RS,DET,2216.0,,60,77,-17
199702060DET,RS,DET,2257.0,,60,79,-19
199702060DET,RS,DET,2276.0,,60,81,-21
199702060DET,RS,DET,2287.0,,61,81,-20
199702060DET,RS,DET,2287.0,,62,81,-19
199702060DET,RS,DET,2327.0,,63,81,-18
199702060DET,RS,DET,2345.0,,63,83,-20
199702060DET,RS,DET,2382.0,,63,85,-22
199702060DET,RS,DET,2427.0,,65,85,-20
199702060DET,RS,DET,2466.0,,65,87,-22
199702060DET,RS,DET,2524.0,,66,87,-21
199702060DET,RS,DET,2524.0,,67,87,-20
199702060DET,RS,DET,2548.0,,67,89,-22
199702060DET,RS,DET,2574.0,,68,89,-21
199702060DET,RS,DET,2574.0,,69,89,-20
199702060DET,RS,DET,2591.0,,69,91,-22
199702060DET,RS,DET,2631.0,,71,91,-20
199702060DET,RS,DET,2631.0,,72,91,-19
199702060DET,RS,DET,2674.0,,75,91,-16
199702060DET,RS,DET,2681.0,,75,92,-17
199702060DET,RS,DET,2693.0,,77,92,-15
199702060DET,RS,DET,2736.0,,77,94,-17
199702060DET,RS,DET,2746.0,,80,94,-14
199702060DET,RS,DET,2772.0,,81,94,-13
199702060DET,RS,DET,2772.0,,82,94,-12
199702060DET,RS,DET,2800.0,,84,94,-10
199702060DET,RS,DET,2800.0,,85,94,-9
199702060DET,RS,DET,2837.0,,85,95,-10
199702060DET,RS,DET,2837.0,,85,96,-11
199702060DET,RS,DET,2849.0,,86,96,-10
199702060DET,RS,DET,2849.0,F,87,96,-9
199702060DET,RS,DET,2870.0,,87,96,-9
199702110HOU,RS,VAN,0.0,,0,0,0
199702110HOU,RS,VAN,35.0,,0,3,-3
199702110HOU,RS,VAN,52.0,,1,3,-2
199702110HOU,RS,VAN,52.0,,2,3,-1
199702110HOU,RS,VAN,59.0,,2,5,-3
199702110HOU,RS,VAN,71.0,,4,5,-1
199702110HOU,RS,VAN,92.0,,4,7,-3
199702110HOU,RS,VAN,114.0,,6,7,-1
199702110HOU,RS,VAN,127.0,,6,9,-3
199702110HOU,RS,VAN,138.0,,8,9,-1
199702110HOU,RS,VAN,149.0,,8,11,-3
199702110HOU,RS,VAN,178.0,,8,12,-4
199702110HOU,RS,VAN,178.0,,8,13,-5
199702110HOU,RS,VAN,233.0,,8,16,-8
199702110HOU,RS,VAN,255.0,,10,16,-6
199702110HOU,RS,VAN,276.0,,12,16,-4
199702110HOU,RS,VAN,299.0,,12,18,-6
199702110HOU,RS,VAN,336.0,,12,19,-7
199702110HOU,RS,VAN,346.0,,14,19,-5
199702110HOU,RS,VAN,364.0,,14,21,-7
199702110HOU,RS,VAN,383.0,,15,21,-6
199702110HOU,RS,VAN,383.0,,16,21,-5
199702110HOU,RS,VAN,412.0,,18,21,-3
199702110HOU,RS,VAN,457.0,,20,21,-1
199702110HOU,RS,VAN,485.0,,20,23,-3
199702110HOU,RS,VAN,503.0,,22,23,-1
199702110HOU,RS,VAN,523.0,,22,25,-3
199702110HOU,RS,VAN,539.0,T,25,25,0
199702110HOU,RS,VAN,580.0,,25,26,-1
199702110HOU,RS,VAN,580.0,,25,27,-2
199702110HOU,RS,VAN,634.0,T,27,27,0
199702110HOU,RS,VAN,655.0,,27,29,-2
199702110HOU,RS,VAN,682.0,LC,30,29,1
199702110HOU,RS,VAN,697.0,LC,30,31,-1
199702110HOU,RS,VAN,716.0,LC,32,31,1
199702110HOU,RS,VAN,749.0,,34,31,3
199702110HOU,RS,VAN,769.0,,34,33,1
199702110HOU,RS,VAN,802.0,T,34,34,0
199702110HOU,RS,VAN,802.0,LC,34,35,-1
199702110HOU,RS,VAN,816.0,LC,36,35,1
199702110HOU,RS,VAN,851.0,,38,35,3
199702110HOU,RS,VAN,951.0,,40,35,5
199702110HOU,RS,VAN,967.0,,40,37,3
199702110HOU,RS,VAN,983.0,,43,37,6
199702110HOU,RS,VAN,1024.0,,46,37,9
199702110HOU,RS,VAN,1049.0,,46,39,7
199702110HOU,RS,VAN,1083.0,,46,41,5
199702110HOU,RS,VAN,1098.0,,48,41,7
199702110HOU,RS,VAN,1116.0,,48,43,5
199702110HOU,RS,VAN,1116.0,,48,44,4
199702110HOU,RS,VAN,1133.0,,50,44,6
199702110HOU,RS,VAN,1148.0,,50,46,4
199702110HOU,RS,VAN,1175.0,,52,46,6
199702110HOU,RS,VAN,1209.0,,52,48,4
199702110HOU,RS,VAN,1221.0,,54,48,6
199702110HOU,RS,VAN,1236.0,,54,50,4
199702110HOU,RS,VAN,1249.0,,55,50,5
199702110HOU,RS,VAN,1249.0,,56,50,6
199702110HOU,RS,VAN,1270.0,,56,52,4
199702110HOU,RS,VAN,1293.0,,57,52,5
199702110HOU,RS,VAN,1312.0,,57,55,2
199702110HOU,RS,VAN,1359.0,,59,55,4
199702110HOU,RS,VAN,1382.0,,59,58,1
199702110HOU,RS,VAN,1458.0,T,59,59,0
199702110HOU,RS,VAN,1458.0,LC,59,60,-1
199702110HOU,RS,VAN,1503.0,LC,61,60,1
199702110HOU,RS,VAN,1523.0,LC,61,62,-1
199702110HOU,RS,VAN,1537.0,LC,63,62,1
199702110HOU,RS,VAN,1583.0,LC,63,64,-1
199702110HOU,RS,VAN,1610.0,,63,66,-3
199702110HOU,RS,VAN,1624.0,,65,66,-1
199702110HOU,RS,VAN,1678.0,,65,68,-3
199702110HOU,RS,VAN,1689.0,,67,68,-1
199702110HOU,RS,VAN,1704.0,,67,70,-3
199702110HOU,RS,VAN,1730.0,,69,70,-1
199702110HOU,RS,VAN,1751.0,LC,71,70,1
199702110HOU,RS,VAN,1775.0,LC,71,72,-1
199702110HOU,RS,VAN,1815.0,,71,74,-3
199702110HOU,RS,VAN,1831.0,,72,74,-2
199702110HOU,RS,VAN,1831.0,,73,74,-1
199702110HOU,RS,VAN,1866.0,,73,76,-3
199702110HOU,RS,VAN,1883.0,,74,76,-2
199702110HOU,RS,VAN,1923.0,,74,78,-4
199702110HOU,RS,VAN,1949.0,,76,78,-2
199702110HOU,RS,VAN,1972.0,,76,80,-4
199702110HOU,RS,VAN,1990.0,,78,80,-2
199702110HOU,RS,VAN,2018.0,,79,80,-1
199702110HOU,RS,VAN,2048.0,LC,81,80,1
199702110HOU,RS,VAN,2073.0,,83,80,3
199702110HOU,RS,VAN,2105.0,,85,80,5
199702110HOU,RS,VAN,2105.0,,86,80,6
199702110HOU,RS,VAN,2134.0,,88,80,8
199702110HOU,RS,VAN,2187.0,,90,80,10
199702110HOU,RS,VAN,2187.0,,91,80,11
199702110HOU,RS,VAN,2268.0,,92,80,12
199702110HOU,RS,VAN,2307.0,,92,83,9
199702110HOU,RS,VAN,2331.0,,94,83,11
199702110HOU,RS,VAN,2346.0,,94,85,9
199702110HOU,RS,VAN,2373.0,,97,85,12
199702110HOU,RS,VAN,2401.0,,97,86,11
199702110HOU,RS,VAN,2401.0,,97,87,10
199702110HOU,RS,VAN,2488.0,,99,87,12
199702110HOU,RS,VAN,2580.0,,99,89,10
199702110HOU,RS,VAN,2650.0,,99,91,8
199702110HOU,RS,VAN,2685.0,,99,93,6
199702110HOU,RS,VAN,2736.0,,100,93,7
199702110HOU,RS,VAN,2768.0,,100,94,6
199702110HOU,RS,VAN,2806.0,,103,94,9
199702110HOU,RS,VAN,2825.0,,103,95,8
199702110HOU,RS,VAN,2825.0,,103,96,7
199702110HOU,RS,VAN,2839.0,,104,96,8
199702110HOU,RS,VAN,2857.0,,104,97,7
199702110HOU,RS,VAN,2860.0,,105,97,8
199702110HOU,RS,VAN,2860.0,F,106,97,9
199702110HOU,RS,VAN,2872.0,,106,97,9
199702140SEA,RS,SEA,0.0,,0,0,0
199702140SEA,RS,SEA,14.0,,0,2,-2
199702140SEA,RS,SEA,40.0,,0,5,-5
199702140SEA,RS,SEA,92.0,,2,5,-3
199702140SEA,RS,SEA,108.0,,2,7,-5
199702140SEA,RS,SEA,130.0,,5,7,-2
199702140SEA,RS,SEA,191.0,LC,8,7,1
199702140SEA,RS,SEA,305.0,,10,7,3
199702140SEA,RS,SEA,368.0,,10,8,2
199702140SEA,RS,SEA,368.0,,10,9,1
199702140SEA,RS,SEA,392.0,,12,9,3
199702140SEA,RS,SEA,399.0,,12,11,1
199702140SEA,RS,SEA,415.0,,14,11,3
199702140SEA,RS,SEA,446.0,,14,13,1
199702140SEA,RS,SEA,461.0,,16,13,3
199702140SEA,RS,SEA,470.0,,16,15,1
199702140SEA,RS,SEA,489.0,LC,16,17,-1
199702140SEA,RS,SEA,508.0,LC,19,17,2
199702140SEA,RS,SEA,542.0,T,19,19,0
199702140SEA,RS,SEA,555.0,,20,19,1
199702140SEA,RS,SEA,578.0,T,20,20,0
199702140SEA,RS,SEA,578.0,LC,20,21,-1
199702140SEA,RS,SEA,590.0,LC,23,21,2
199702140SEA,RS,SEA,646.0,LC,23,24,-1
199702140SEA,RS,SEA,739.0,LC,25,24,1
199702140SEA,RS,SEA,761.0,LC,25,27,-2
199702140SEA,RS,SEA,784.0,,25,29,-4
199702140SEA,RS,SEA,807.0,,25,31,-6
199702140SEA,RS,SEA,831.0,,27,31,-4
199702140SEA,RS,SEA,831.0,,28,31,-3
199702140SEA,RS,SEA,847.0,,28,33,-5
199702140SEA,RS,SEA,880.0,,28,35,-7
199702140SEA,RS,SEA,896.0,,28,37,-9
199702140SEA,RS,SEA,956.0,,30,37,-7
199702140SEA,RS,SEA,983.0,,30,39,-9
199702140SEA,RS,SEA,1025.0,,32,39,-7
199702140SEA,RS,SEA,1026.0,,33,39,-6
199702140SEA,RS,SEA,1044.0,,33,41,-8
199702140SEA,RS,SEA,1058.0,,35,41,-6
199702140SEA,RS,SEA,1067.0,,38,41,-3
199702140SEA,RS,SEA,1127.0,,38,43,-5
199702140SEA,RS,SEA,1214.0,,40,43,-3
199702140SEA,RS,SEA,1214.0,,41,43,-2
199702140SEA,RS,SEA,1227.0,,41,45,-4
199702140SEA,RS,SEA,1271.0,,41,47,-6
199702140SEA,RS,SEA,1297.0,,41,49,-8
199702140SEA,RS,SEA,1358.0,,41,51,-10
199702140SEA,RS,SEA,1385.0,,43,51,-8
199702140SEA,RS,SEA,1401.0,,43,52,-9
199702140SEA,RS,SEA,1401.0,,43,53,-10
199702140SEA,RS,SEA,1416.0,,45,53,-8
199702140SEA,RS,SEA,1457.0,,47,53,-6
199702140SEA,RS,SEA,1548.0,,47,55,-8
199702140SEA,RS,SEA,1573.0,,47,57,-10
199702140SEA,RS,SEA,1636.0,,47,59,-12
199702140SEA,RS,SEA,1652.0,,49,59,-10
199702140SEA,RS,SEA,1687.0,,49,61,-12
199702140SEA,RS,SEA,1714.0,,49,62,-13
199702140SEA,RS,SEA,1714.0,,49,63,-14
199702140SEA,RS,SEA,1735.0,,49,64,-15
199702140SEA,RS,SEA,1735.0,,49,65,-16
199702140SEA,RS,SEA,1779.0,,52,65,-13
199702140SEA,RS,SEA,1797.0,,52,67,-15
199702140SEA,RS,SEA,1836.0,,52,68,-16
199702140SEA,RS,SEA,1848.0,,52,70,-18
199702140SEA,RS,SEA,1871.0,,54,70,-16
199702140SEA,RS,SEA,1877.0,,54,71,-17
199702140SEA,RS,SEA,1877.0,,54,72,-18
199702140SEA,RS,SEA,1888.0,,57,72,-15
199702140SEA,RS,SEA,1898.0,,57,74,-17
199702140SEA,RS,SEA,1971.0,,57,76,-19
199702140SEA,RS,SEA,2007.0,,57,78,-21
199702140SEA,RS,SEA,2025.0,,59,78,-19
199702140SEA,RS,SEA,2055.0,,59,80,-21
199702140SEA,RS,SEA,2074.0,,60,80,-20
199702140SEA,RS,SEA,2082.0,,62,80,-18
199702140SEA,RS,SEA,2118.0,,63,80,-17
199702140SEA,RS,SEA,2118.0,,64,80,-16
199702140SEA,RS,SEA,2260.0,,67,80,-13
199702140SEA,RS,SEA,2275.0,,67,82,-15
199702140SEA,RS,SEA,2297.0,,67,84,-17
199702140SEA,RS,SEA,2327.0,,69,84,-15
199702140SEA,RS,SEA,2377.0,,71,84,-13
199702140SEA,RS,SEA,2401.0,,72,84,-12
199702140SEA,RS,SEA,2401.0,,73,84,-11
199702140SEA,RS,SEA,2409.0,,73,86,-13
199702140SEA,RS,SEA,2452.0,,73,89,-16
199702140SEA,RS,SEA,2532.0,,73,91,-18
199702140SEA,RS,SEA,2545.0,,76,91,-15
199702140SEA,RS,SEA,2563.0,,76,93,-17
199702140SEA,RS,SEA,2632.0,,78,93,-15
199702140SEA,RS,SEA,2641.0,,78,94,-16
199702140SEA,RS,SEA,2641.0,,78,95,-17
199702140SEA,RS,SEA,2652.0,,78,97,-19
199702140SEA,RS,SEA,2677.0,,78,99,-21
199702140SEA,RS,SEA,2699.0,,80,99,-19
199702140SEA,RS,SEA,2720.0,,80,101,-21
199702140SEA,RS,SEA,2730.0,,81,101,-20
199702140SEA,RS,SEA,2730.0,,82,101,-19
199702140SEA,RS,SEA,2779.0,,82,103,-21
199702140SEA,RS,SEA,2849.0,,82,105,-23
199702140SEA,RS,SEA,2860.0,F,85,105,-20
199702140SEA,RS,SEA,2880.0,,85,105,-20
199702150POR,RS,POR,0.0,,0,0,0
199702150POR,RS,POR,30.0,,2,0,2
199702150POR,RS,POR,57.0,,4,0,4
199702150POR,RS,POR,87.0,,6,0,6
199702150POR,RS,POR,128.0,,9,0,9
199702150POR,RS,POR,142.0,,9,3,6
199702150POR,RS,POR,163.0,,9,5,4
199702150POR,RS,POR,178.0,,11,5,6
199702150POR,RS,POR,190.0,,11,8,3
199702150POR,RS,POR,204.0,,13,8,5
199702150POR,RS,POR,220.0,,13,10,3
199702150POR,RS,POR,220.0,,13,11,2
199702150POR,RS,POR,231.0,,16,11,5
199702150POR,RS,POR,284.0,,18,11,7
199702150POR,RS,POR,322.0,,20,11,9
199702150POR,RS,POR,340.0,,20,13,7
199702150POR,RS,POR,393.0,,20,14,6
199702150POR,RS,POR,420.0,,23,14,9
199702150POR,RS,POR,532.0,,25,14,11
199702150POR,RS,POR,594.0,,27,14,13
199702150POR,RS,POR,636.0,,27,16,11
199702150POR,RS,POR,653.0,,29,16,13
199702150POR,RS,POR,715.0,,29,17,12
199702150POR,RS,POR,740.0,,31,17,14
199702150POR,RS,POR,754.0,,33,17,16
199702150POR,RS,POR,795.0,,33,19,14
199702150POR,RS,POR,817.0,,34,19,15
199702150POR,RS,POR,823.0,,36,19,17
199702150POR,RS,POR,908.0,,38,19,19
199702150POR,RS,POR,908.0,,39,19,20
199702150POR,RS,POR,926.0,,41,19,22
199702150POR,RS,POR,948.0,,41,20,21
199702150POR,RS,POR,958.0,,43,20,23
199702150POR,RS,POR,975.0,,46,20,26
199702150POR,RS,POR,990.0,,46,23,23
199702150POR,RS,POR,1012.0,,49,23,26
199702150POR,RS,POR,1032.0,,49,26,23
199702150POR,RS,POR,1050.0,,50,26,24
199702150POR,RS,POR,1050.0,,51,26,25
199702150POR,RS,POR,1092.0,,51,28,23
199702150POR,RS,POR,1136.0,,51,31,20
199702150POR,RS,POR,1156.0,,51,33,18
199702150POR,RS,POR,1207.0,,51,34,17
199702150POR,RS,POR,1223.0,,51,35,16
199702150POR,RS,POR,1223.0,,51,36,15
199702150POR,RS,POR,1256.0,,51,38,13
199702150POR,RS,POR,1335.0,,51,40,11
199702150POR,RS,POR,1346.0,,52,40,12
199702150POR,RS,POR,1346.0,,53,40,13
199702150POR,RS,POR,1390.0,,54,40,14
199702150POR,RS,POR,1390.0,,55,40,15
199702150POR,RS,POR,1407.0,,55,42,13
199702150POR,RS,POR,1457.0,,57,42,15
199702150POR,RS,POR,1524.0,,59,42,17
199702150POR,RS,POR,1560.0,,59,45,14
199702150POR,RS,POR,1587.0,,61,45,16
199702150POR,RS,POR,1603.0,,61,47,14
199702150POR,RS,POR,1621.0,,62,47,15
199702150POR,RS,POR,1629.0,,62,49,13
199702150POR,RS,POR,1647.0,,63,49,14
199702150POR,RS,POR,1647.0,,64,49,15
199702150POR,RS,POR,1696.0,,64,52,12
199702150POR,RS,POR,1718.0,,67,52,15
199702150POR,RS,POR,1736.0,,67,54,13
199702150POR,RS,POR,1759.0,,67,55,12
199702150POR,RS,POR,1798.0,,67,57,10
199702150POR,RS,POR,1842.0,,69,57,12
199702150POR,RS,POR,1860.0,,69,59,10
199702150POR,RS,POR,1872.0,,70,59,11
199702150POR,RS,POR,1872.0,,71,59,12
199702150POR,RS,POR,1897.0,,71,61,10
199702150POR,RS,POR,1924.0,,71,63,8
199702150POR,RS,POR,1941.0,,72,63,9
199702150POR,RS,POR,1941.0,,73,63,10
199702150POR,RS,POR,1951.0,,73,64,9
199702150POR,RS,POR,1951.0,,73,65,8
199702150POR,RS,POR,1969.0,,73,68,5
199702150POR,RS,POR,2000.0,,73,70,3
199702150POR,RS,POR,2025.0,T,73,73,0
199702150POR,RS,POR,2069.0,LC,73,75,-2
199702150POR,RS,POR,2083.0,,74,75,-1
199702150POR,RS,POR,2083.0,T,75,75,0
199702150POR,RS,POR,2095.0,,75,77,-2
199702150POR,RS,POR,2109.0,,76,77,-1
199702150POR,RS,POR,2109.0,T,77,77,0
199702150POR,RS,POR,2157.0,,77,80,-3
199702150POR,RS,POR,2212.0,,77,82,-5
199702150POR,RS,POR,2223.0,,79,82,-3
199702150POR,RS,POR,2248.0,,79,84,-5
199702150POR,RS,POR,2263.0,,79,86,-7
199702150POR,RS,POR,2285.0,,81,86,-5
199702150POR,RS,POR,2307.0,,81,87,-6
199702150POR,RS,POR,2324.0,,81,90,-9
199702150POR,RS,POR,2344.0,,83,90,-7
199702150POR,RS,POR,2366.0,,84,90,-6
199702150POR,RS,POR,2366.0,,85,90,-5
199702150POR,RS,POR,2408.0,,88,90,-2
199702150POR,RS,POR,2430.0,,88,92,-4
199702150POR,RS,POR,2447.0,,90,92,-2
199702150POR,RS,POR,2466.0,,90,94,-4
199702150POR,RS,POR,2489.0,,92,94,-2
199702150POR,RS,POR,2518.0,,92,96,-4
199702150POR,RS,POR,2576.0,,93,96,-3
199702150POR,RS,POR,2595.0,,93,98,-5
199702150POR,RS,POR,2620.0,,95,98,-3
199702150POR,RS,POR,2646.0,,95,100,-5
199702150POR,RS,POR,2659.0,,95,101,-6
199702150POR,RS,POR,2686.0,,95,103,-8
199702150POR,RS,POR,2697.0,,96,103,-7
199702150POR,RS,POR,2773.0,,98,103,-5
199702150POR,RS,POR,2773.0,,99,103,-4
199702150POR,RS,POR,2801.0,,100,103,-3
199702150POR,RS,POR,2801.0,,101,103,-2
199702150POR,RS,POR,2814.0,,101,105,-4
199702150POR,RS,POR,2827.0,,102,105,-3
199702150POR,RS,POR,2827.0,,103,105,-2
199702150POR,RS,POR,2871.0,,103,106,-3
199702150POR,RS,POR,2871.0,,103,107,-4
199702150POR,RS,POR,2879.0,,105,107,-2
199702150POR,RS,POR,2880.0,,105,109,-4
199702150POR,RS,POR,2880.0,F,105,108,-3
199702170HOU,RS,ATL,0.0,,0,0,0
199702170HOU,RS,ATL,32.0,,0,3,-3
199702170HOU,RS,ATL,94.0,,0,5,-5
199702170HOU,RS,ATL,119.0,,2,5,-3
199702170HOU,RS,ATL,136.0,,2,7,-5
199702170HOU,RS,ATL,151.0,,5,7,-2
199702170HOU,RS,ATL,199.0,,5,10,-5
199702170HOU,RS,ATL,230.0,,8,10,-2
199702170HOU,RS,ATL,252.0,,8,12,-4
199702170HOU,RS,ATL,271.0,,10,12,-2
199702170HOU,RS,ATL,311.0,T,12,12,0
199702170HOU,RS,ATL,373.0,,12,15,-3
199702170HOU,RS,ATL,391.0,T,15,15,0
199702170HOU,RS,ATL,441.0,,15,17,-2
199702170HOU,RS,ATL,459.0,LC,18,17,1
199702170HOU,RS,ATL,476.0,LC,18,20,-2
199702170HOU,RS,ATL,522.0,T,20,20,0
199702170HOU,RS,ATL,558.0,,20,22,-2
199702170HOU,RS,ATL,558.0,,20,23,-3
199702170HOU,RS,ATL,575.0,,21,23,-2
199702170HOU,RS,ATL,605.0,T,23,23,0
199702170HOU,RS,ATL,615.0,,23,25,-2
199702170HOU,RS,ATL,665.0,,24,25,-1
199702170HOU,RS,ATL,665.0,T,25,25,0
199702170HOU,RS,ATL,683.0,,25,27,-2
199702170HOU,RS,ATL,693.0,,26,27,-1
199702170HOU,RS,ATL,693.0,T,27,27,0
199702170HOU,RS,ATL,720.0,LC,29,27,2
199702170HOU,RS,ATL,731.0,,32,27,5
199702170HOU,RS,ATL,748.0,,32,29,3
199702170HOU,RS,ATL,769.0,,34,29,5
199702170HOU,RS,ATL,792.0,,36,29,7
199702170HOU,RS,ATL,805.0,,36,32,4
199702170HOU,RS,ATL,849.0,,39,32,7
199702170HOU,RS,ATL,872.0,,41,32,9
199702170HOU,RS,ATL,912.0,,43,32,11
199702170HOU,RS,ATL,950.0,,45,32,13
199702170HOU,RS,ATL,1006.0,,45,34,11
199702170HOU,RS,ATL,1006.0,,45,35,10
199702170HOU,RS,ATL,1028.0,,48,35,13
199702170HOU,RS,ATL,1083.0,,48,37,11
199702170HOU,RS,ATL,1102.0,,49,37,12
199702170HOU,RS,ATL,1102.0,,50,37,13
199702170HOU,RS,ATL,1138.0,,53,37,16
199702170HOU,RS,ATL,1185.0,,53,39,14
199702170HOU,RS,ATL,1199.0,,55,39,16
199702170HOU,RS,ATL,1216.0,,57,39,18
199702170HOU,RS,ATL,1233.0,,57,41,16
199702170HOU,RS,ATL,1257.0,,59,41,18
199702170HOU,RS,ATL,1287.0,,59,43,16
199702170HOU,RS,ATL,1321.0,,60,43,17
199702170HOU,RS,ATL,1321.0,,61,43,18
199702170HOU,RS,ATL,1337.0,,61,45,16
199702170HOU,RS,ATL,1389.0,,63,45,18
199702170HOU,RS,ATL,1424.0,,63,47,16
199702170HOU,RS,ATL,1482.0,,63,49,14
199702170HOU,RS,ATL,1497.0,,66,49,17
199702170HOU,RS,ATL,1563.0,,68,49,19
199702170HOU,RS,ATL,1584.0,,68,51,17
199702170HOU,RS,ATL,1622.0,,68,53,15
199702170HOU,RS,ATL,1632.0,,70,53,17
199702170HOU,RS,ATL,1646.0,,70,55,15
199702170HOU,RS,ATL,1646.0,,70,56,14
199702170HOU,RS,ATL,1658.0,,72,56,16
199702170HOU,RS,ATL,1676.0,,74,56,18
199702170HOU,RS,ATL,1718.0,,76,56,20
199702170HOU,RS,ATL,1748.0,,78,56,22
199702170HOU,RS,ATL,1767.0,,78,57,21
199702170HOU,RS,ATL,1767.0,,78,58,20
199702170HOU,RS,ATL,1787.0,,79,58,21
199702170HOU,RS,ATL,1787.0,,80,58,22
199702170HOU,RS,ATL,1800.0,,80,60,20
199702170HOU,RS,ATL,1846.0,,83,60,23
199702170HOU,RS,ATL,1877.0,,86,60,26
199702170HOU,RS,ATL,1911.0,,87,60,27
199702170HOU,RS,ATL,1911.0,,89,60,29
199702170HOU,RS,ATL,1932.0,,89,61,28
199702170HOU,RS,ATL,1932.0,,89,62,27
199702170HOU,RS,ATL,1971.0,,89,65,24
199702170HOU,RS,ATL,1990.0,,91,65,26
199702170HOU,RS,ATL,1993.0,,91,66,25
199702170HOU,RS,ATL,2039.0,,92,66,26
199702170HOU,RS,ATL,2039.0,,93,66,27
199702170HOU,RS,ATL,2072.0,,95,66,29
199702170HOU,RS,ATL,2117.0,,95,68,27
199702170HOU,RS,ATL,2135.0,,95,69,26
199702170HOU,RS,ATL,2135.0,,95,70,25
199702170HOU,RS,ATL,2144.0,,98,70,28
199702170HOU,RS,ATL,2155.0,,98,72,26
199702170HOU,RS,ATL,2207.0,,100,72,28
199702170HOU,RS,ATL,2222.0,,100,74,26
199702170HOU,RS,ATL,2264.0,,102,74,28
199702170HOU,RS,ATL,2288.0,,102,75,27
199702170HOU,RS,ATL,2325.0,,103,75,28
199702170HOU,RS,ATL,2325.0,,104,75,29
199702170HOU,RS,ATL,2338.0,,104,78,26
199702170HOU,RS,ATL,2392.0,,106,78,28
199702170HOU,RS,ATL,2413.0,,108,78,30
199702170HOU,RS,ATL,2435.0,,110,78,32
199702170HOU,RS,ATL,2480.0,,110,80,30
199702170HOU,RS,ATL,2522.0,,110,81,29
199702170HOU,RS,ATL,2551.0,,110,83,27
199702170HOU,RS,ATL,2566.0,,112,83,29
199702170HOU,RS,ATL,2580.0,,112,84,28
199702170HOU,RS,ATL,2580.0,,112,85,27
199702170HOU,RS,ATL,2608.0,,113,85,28
199702170HOU,RS,ATL,2608.0,,114,85,29
199702170HOU,RS,ATL,2635.0,,116,85,31
199702170HOU,RS,ATL,2644.0,,116,87,29
199702170HOU,RS,ATL,2659.0,,116,89,27
199702170HOU,RS,ATL,2680.0,,117,89,28
199702170HOU,RS,ATL,2680.0,,118,89,29
199702170HOU,RS,ATL,2720.0,,118,90,28
199702170HOU,RS,ATL,2771.0,,119,90,29
199702170HOU,RS,ATL,2771.0,,120,90,30
199702170HOU,RS,ATL,2785.0,,120,92,28
199702170HOU,RS,ATL,2794.0,,123,92,31
199702170HOU,RS,ATL,2804.0,,123,94,29
199702170HOU,RS,ATL,2846.0,,125,94,31
199702170HOU,RS,ATL,2855.0,,125,96,29
199702170HOU,RS,ATL,2863.0,,127,96,31
199702170HOU,RS,ATL,2867.0,,127,97,30
199702170HOU,RS,ATL,2867.0,F,127,98,29
199702170HOU,RS,ATL,2880.0,,127,98,29
199702200HOU,RS,TOR,0.0,,0,0,0
199702200HOU,RS,TOR,21.0,,0,2,-2
199702200HOU,RS,TOR,48.0,,0,4,-4
199702200HOU,RS,TOR,59.0,,2,4,-2
199702200HOU,RS,TOR,83.0,,2,6,-4
199702200HOU,RS,TOR,108.0,,2,8,-6
199702200HOU,RS,TOR,192.0,,5,8,-3
199702200HOU,RS,TOR,260.0,,5,11,-6
199702200HOU,RS,TOR,283.0,,8,11,-3
199702200HOU,RS,TOR,316.0,T,11,11,0
199702200HOU,RS,TOR,351.0,LC,13,11,2
199702200HOU,RS,TOR,395.0,T,13,13,0
199702200HOU,RS,TOR,422.0,LC,13,16,-3
199702200HOU,RS,TOR,436.0,,15,16,-1
199702200HOU,RS,TOR,468.0,,15,18,-3
199702200HOU,RS,TOR,542.0,,17,18,-1
199702200HOU,RS,TOR,619.0,,17,20,-3
199702200HOU,RS,TOR,625.0,,19,20,-1
199702200HOU,RS,TOR,643.0,,19,21,-2
199702200HOU,RS,TOR,668.0,,19,23,-4
199702200HOU,RS,TOR,680.0,,21,23,-2
199702200HOU,RS,TOR,699.0,,21,25,-4
199702200HOU,RS,TOR,769.0,,21,27,-6
199702200HOU,RS,TOR,806.0,,23,27,-4
199702200HOU,RS,TOR,833.0,,23,29,-6
199702200HOU,RS,TOR,845.0,,25,29,-4
199702200HOU,RS,TOR,896.0,,27,29,-2
199702200HOU,RS,TOR,923.0,,27,31,-4
199702200HOU,RS,TOR,952.0,,29,31,-2
199702200HOU,RS,TOR,973.0,,29,34,-5
199702200HOU,RS,TOR,987.0,,31,34,-3
199702200HOU,RS,TOR,1074.0,T,34,34,0
199702200HOU,RS,TOR,1138.0,LC,36,34,2
199702200HOU,RS,TOR,1184.0,,39,34,5
199702200HOU,RS,TOR,1226.0,,41,34,7
199702200HOU,RS,TOR,1246.0,,41,36,5
199702200HOU,RS,TOR,1253.0,,41,37,4
199702200HOU,RS,TOR,1253.0,,41,38,3
199702200HOU,RS,TOR,1269.0,,43,38,5
199702200HOU,RS,TOR,1284.0,,45,38,7
199702200HOU,RS,TOR,1306.0,,47,38,9
199702200HOU,RS,TOR,1477.0,,50,38,12
199702200HOU,RS,TOR,1534.0,,52,38,14
199702200HOU,RS,TOR,1550.0,,52,40,12
199702200HOU,RS,TOR,1589.0,,52,43,9
199702200HOU,RS,TOR,1641.0,,54,43,11
199702200HOU,RS,TOR,1653.0,,54,46,8
199702200HOU,RS,TOR,1709.0,,54,49,5
199702200HOU,RS,TOR,1731.0,,56,49,7
199702200HOU,RS,TOR,1754.0,,56,50,6
199702200HOU,RS,TOR,1754.0,,56,51,5
199702200HOU,RS,TOR,1756.0,,58,51,7
199702200HOU,RS,TOR,1792.0,,58,53,5
199702200HOU,RS,TOR,1815.0,,60,53,7
199702200HOU,RS,TOR,1829.0,,60,54,6
199702200HOU,RS,TOR,1829.0,,60,55,5
199702200HOU,RS,TOR,1876.0,,63,55,8
199702200HOU,RS,TOR,1911.0,,66,55,11
199702200HOU,RS,TOR,1930.0,,66,57,9
199702200HOU,RS,TOR,1950.0,,69,57,12
199702200HOU,RS,TOR,1961.0,,69,59,10
199702200HOU,RS,TOR,1999.0,,71,59,12
199702200HOU,RS,TOR,2022.0,,71,61,10
199702200HOU,RS,TOR,2076.0,,72,61,11
199702200HOU,RS,TOR,2076.0,,73,61,12
199702200HOU,RS,TOR,2092.0,,74,61,13
199702200HOU,RS,TOR,2092.0,,75,61,14
199702200HOU,RS,TOR,2116.0,,75,62,13
199702200HOU,RS,TOR,2116.0,,75,63,12
199702200HOU,RS,TOR,2125.0,,77,63,14
199702200HOU,RS,TOR,2140.0,,77,64,13
199702200HOU,RS,TOR,2140.0,,77,65,12
199702200HOU,RS,TOR,2157.0,,77,66,11
199702200HOU,RS,TOR,2157.0,,77,67,10
199702200HOU,RS,TOR,2157.0,,77,68,9
199702200HOU,RS,TOR,2170.0,,79,68,11
199702200HOU,RS,TOR,2197.0,,80,68,12
199702200HOU,RS,TOR,2219.0,,80,70,10
199702200HOU,RS,TOR,2236.0,,81,70,11
199702200HOU,RS,TOR,2236.0,,82,70,12
199702200HOU,RS,TOR,2265.0,,84,70,14
199702200HOU,RS,TOR,2296.0,,84,72,12
199702200HOU,RS,TOR,2312.0,,86,72,14
199702200HOU,RS,TOR,2334.0,,86,74,12
199702200HOU,RS,TOR,2351.0,,89,74,15
199702200HOU,RS,TOR,2398.0,,89,77,12
199702200HOU,RS,TOR,2475.0,,91,77,14
199702200HOU,RS,TOR,2490.0,,91,79,12
199702200HOU,RS,TOR,2490.0,,91,80,11
199702200HOU,RS,TOR,2508.0,,92,80,12
199702200HOU,RS,TOR,2508.0,,93,80,13
199702200HOU,RS,TOR,2532.0,,93,82,11
199702200HOU,RS,TOR,2544.0,,94,82,12
199702200HOU,RS,TOR,2580.0,,95,82,13
199702200HOU,RS,TOR,2604.0,,96,82,14
199702200HOU,RS,TOR,2604.0,,97,82,15
199702200HOU,RS,TOR,2616.0,,97,84,13
199702200HOU,RS,TOR,2637.0,,97,85,12
199702200HOU,RS,TOR,2637.0,,97,86,11
199702200HOU,RS,TOR,2650.0,,99,86,13
199702200HOU,RS,TOR,2735.0,,101,86,15
199702200HOU,RS,TOR,2749.0,,101,88,13
199702200HOU,RS,TOR,2760.0,,102,88,14
199702200HOU,RS,TOR,2760.0,,103,88,15
199702200HOU,RS,TOR,2770.0,,103,90,13
199702200HOU,RS,TOR,2788.0,,105,90,15
199702200HOU,RS,TOR,2804.0,,105,93,12
199702200HOU,RS,TOR,2818.0,,105,94,11
199702200HOU,RS,TOR,2818.0,,105,95,10
199702200HOU,RS,TOR,2833.0,,107,95,12
199702200HOU,RS,TOR,2867.0,F,107,97,10
199702200HOU,RS,TOR,2880.0,,107,97,10
199702210ATL,RS,ATL,0.0,,0,0,0
199702210ATL,RS,ATL,13.0,,2,0,2
199702210ATL,RS,ATL,75.0,T,2,2,0
199702210ATL,RS,ATL,107.0,LC,2,5,-3
199702210ATL,RS,ATL,125.0,,2,7,-5
199702210ATL,RS,ATL,154.0,,2,9,-7
199702210ATL,RS,ATL,167.0,,4,9,-5
199702210ATL,RS,ATL,179.0,,4,12,-8
199702210ATL,RS,ATL,191.0,,7,12,-5
199702210ATL,RS,ATL,211.0,,7,15,-8
199702210ATL,RS,ATL,257.0,,7,16,-9
199702210ATL,RS,ATL,257.0,,7,17,-10
199702210ATL,RS,ATL,290.0,,7,19,-12
199702210ATL,RS,ATL,320.0,,7,20,-13
199702210ATL,RS,ATL,431.0,,9,20,-11
199702210ATL,RS,ATL,448.0,,9,22,-13
199702210ATL,RS,ATL,466.0,,11,22,-11
199702210ATL,RS,ATL,515.0,,11,25,-14
199702210ATL,RS,ATL,529.0,,14,25,-11
199702210ATL,RS,ATL,548.0,,16,25,-9
199702210ATL,RS,ATL,567.0,,16,27,-11
199702210ATL,RS,ATL,614.0,,16,29,-13
199702210ATL,RS,ATL,629.0,,18,29,-11
199702210ATL,RS,ATL,677.0,,21,29,-8
199702210ATL,RS,ATL,770.0,,21,31,-10
199702210ATL,RS,ATL,814.0,,24,31,-7
199702210ATL,RS,ATL,871.0,,26,31,-5
199702210ATL,RS,ATL,893.0,,28,31,-3
199702210ATL,RS,ATL,918.0,,28,33,-5
199702210ATL,RS,ATL,936.0,,29,33,-4
199702210ATL,RS,ATL,1000.0,,31,33,-2
199702210ATL,RS,ATL,1028.0,,31,35,-4
199702210ATL,RS,ATL,1055.0,,33,35,-2
199702210ATL,RS,ATL,1086.0,,34,35,-1
199702210ATL,RS,ATL,1131.0,LC,36,35,1
199702210ATL,RS,ATL,1144.0,LC,36,38,-2
199702210ATL,RS,ATL,1211.0,,36,40,-4
199702210ATL,RS,ATL,1270.0,,38,40,-2
199702210ATL,RS,ATL,1322.0,T,40,40,0
199702210ATL,RS,ATL,1345.0,,40,41,-1
199702210ATL,RS,ATL,1345.0,,40,42,-2
199702210ATL,RS,ATL,1373.0,LC,43,42,1
199702210ATL,RS,ATL,1395.0,,44,42,2
199702210ATL,RS,ATL,1409.0,,44,43,1
199702210ATL,RS,ATL,1409.0,T,44,44,0
199702210ATL,RS,ATL,1493.0,LC,44,46,-2
199702210ATL,RS,ATL,1537.0,,44,47,-3
199702210ATL,RS,ATL,1537.0,,45,47,-2
199702210ATL,RS,ATL,1537.0,,46,47,-1
199702210ATL,RS,ATL,1556.0,LC,48,47,1
199702210ATL,RS,ATL,1618.0,LC,48,49,-1
199702210ATL,RS,ATL,1696.0,,48,51,-3
199702210ATL,RS,ATL,1724.0,,50,51,-1
199702210ATL,RS,ATL,1738.0,,50,53,-3
199702210ATL,RS,ATL,1811.0,,50,54,-4
199702210ATL,RS,ATL,1831.0,,53,54,-1
199702210ATL,RS,ATL,1879.0,,53,56,-3
199702210ATL,RS,ATL,1919.0,,53,58,-5
199702210ATL,RS,ATL,1947.0,,54,58,-4
199702210ATL,RS,ATL,1985.0,,55,58,-3
199702210ATL,RS,ATL,1985.0,,56,58,-2
199702210ATL,RS,ATL,2020.0,T,58,58,0
199702210ATL,RS,ATL,2100.0,,58,60,-2
199702210ATL,RS,ATL,2115.0,,59,60,-1
199702210ATL,RS,ATL,2115.0,,59,61,-2
199702210ATL,RS,ATL,2115.0,,59,62,-3
199702210ATL,RS,ATL,2144.0,,59,64,-5
199702210ATL,RS,ATL,2155.0,,61,64,-3
199702210ATL,RS,ATL,2287.0,,62,64,-2
199702210ATL,RS,ATL,2287.0,,63,64,-1
199702210ATL,RS,ATL,2310.0,,63,66,-3
199702210ATL,RS,ATL,2339.0,,63,68,-5
199702210ATL,RS,ATL,2362.0,,65,68,-3
199702210ATL,RS,ATL,2397.0,,65,70,-5
199702210ATL,RS,ATL,2420.0,,65,72,-7
199702210ATL,RS,ATL,2434.0,,68,72,-4
199702210ATL,RS,ATL,2572.0,,68,74,-6
199702210ATL,RS,ATL,2621.0,,70,74,-4
199702210ATL,RS,ATL,2726.0,,72,74,-2
199702210ATL,RS,ATL,2799.0,,73,74,-1
199702210ATL,RS,ATL,2799.0,F,74,74,0
199702210ATL,RS,ATL,2880.0,,74,76,-2
199702230HOU,RS,SAS,0.0,,0,0,0
199702230HOU,RS,SAS,42.0,,2,0,2
199702230HOU,RS,SAS,83.0,T,2,2,0
199702230HOU,RS,SAS,107.0,,4,2,2
199702230HOU,RS,SAS,139.0,T,4,4,0
199702230HOU,RS,SAS,182.0,LC,4,6,-2
199702230HOU,RS,SAS,241.0,T,6,6,0
199702230HOU,RS,SAS,258.0,,6,8,-2
199702230HOU,RS,SAS,279.0,T,8,8,0
199702230HOU,RS,SAS,293.0,,8,10,-2
199702230HOU,RS,SAS,319.0,LC,11,10,1
199702230HOU,RS,SAS,349.0,,14,10,4
199702230HOU,RS,SAS,443.0,,14,12,2
199702230HOU,RS,SAS,463.0,,16,12,4
199702230HOU,RS,SAS,505.0,,16,14,2
199702230HOU,RS,SAS,505.0,,16,15,1
199702230HOU,RS,SAS,522.0,,18,15,3
199702230HOU,RS,SAS,543.0,,18,17,1
199702230HOU,RS,SAS,578.0,LC,18,19,-1
199702230HOU,RS,SAS,593.0,T,19,19,0
199702230HOU,RS,SAS,604.0,LC,20,19,1
199702230HOU,RS,SAS,623.0,LC,20,21,-1
199702230HOU,RS,SAS,623.0,,20,22,-2
199702230HOU,RS,SAS,636.0,T,22,22,0
199702230HOU,RS,SAS,687.0,,22,24,-2
199702230HOU,RS,SAS,700.0,,23,24,-1
199702230HOU,RS,SAS,714.0,LC,25,24,1
199702230HOU,RS,SAS,714.0,,26,24,2
199702230HOU,RS,SAS,802.0,T,26,26,0
199702230HOU,RS,SAS,830.0,,29,26,3
199702230HOU,RS,SAS,851.0,,29,28,1
199702230HOU,RS,SAS,890.0,,31,28,3
199702230HOU,RS,SAS,900.0,,31,29,2
199702230HOU,RS,SAS,915.0,,34,29,5
199702230HOU,RS,SAS,982.0,,37,29,8
199702230HOU,RS,SAS,1006.0,,37,31,6
199702230HOU,RS,SAS,1021.0,,39,31,8
199702230HOU,RS,SAS,1052.0,,41,31,10
199702230HOU,RS,SAS,1096.0,,43,31,12
199702230HOU,RS,SAS,1114.0,,43,32,11
199702230HOU,RS,SAS,1169.0,,46,32,14
199702230HOU,RS,SAS,1221.0,,46,34,12
199702230HOU,RS,SAS,1239.0,,46,35,11
199702230HOU,RS,SAS,1289.0,,46,37,9
199702230HOU,RS,SAS,1301.0,,48,37,11
199702230HOU,RS,SAS,1380.0,,50,37,13
199702230HOU,RS,SAS,1401.0,,50,39,11
199702230HOU,RS,SAS,1424.0,,50,40,10
199702230HOU,RS,SAS,1424.0,,50,41,9
199702230HOU,RS,SAS,1440.0,,52,41,11
199702230HOU,RS,SAS,1493.0,,54,41,13
199702230HOU,RS,SAS,1512.0,,54,43,11
199702230HOU,RS,SAS,1524.0,,56,43,13
199702230HOU,RS,SAS,1604.0,,56,45,11
199702230HOU,RS,SAS,1616.0,,57,45,12
199702230HOU,RS,SAS,1634.0,,57,47,10
199702230HOU,RS,SAS,1659.0,,57,49,8
199702230HOU,RS,SAS,1745.0,,60,49,11
199702230HOU,RS,SAS,1761.0,,60,50,10
199702230HOU,RS,SAS,1782.0,,63,50,13
199702230HOU,RS,SAS,1806.0,,65,50,15
199702230HOU,RS,SAS,1847.0,,67,50,17
199702230HOU,RS,SAS,1895.0,,67,52,15
199702230HOU,RS,SAS,1916.0,,67,53,14
199702230HOU,RS,SAS,1916.0,,67,54,13
199702230HOU,RS,SAS,1936.0,,68,54,14
199702230HOU,RS,SAS,2000.0,,68,56,12
199702230HOU,RS,SAS,2021.0,,71,56,15
199702230HOU,RS,SAS,2044.0,,71,57,14
199702230HOU,RS,SAS,2044.0,,71,58,13
199702230HOU,RS,SAS,2085.0,,71,60,11
199702230HOU,RS,SAS,2132.0,,71,63,8
199702230HOU,RS,SAS,2151.0,,73,63,10
199702230HOU,RS,SAS,2191.0,,73,65,8
199702230HOU,RS,SAS,2218.0,,73,67,6
199702230HOU,RS,SAS,2266.0,,74,67,7
199702230HOU,RS,SAS,2322.0,,76,67,9
199702230HOU,RS,SAS,2356.0,,78,67,11
199702230HOU,RS,SAS,2377.0,,78,69,9
199702230HOU,RS,SAS,2445.0,,80,69,11
199702230HOU,RS,SAS,2445.0,,81,69,12
199702230HOU,RS,SAS,2460.0,,81,71,10
199702230HOU,RS,SAS,2495.0,,83,71,12
199702230HOU,RS,SAS,2518.0,,83,73,10
199702230HOU,RS,SAS,2535.0,,85,73,12
199702230HOU,RS,SAS,2553.0,,85,75,10
199702230HOU,RS,SAS,2573.0,,87,75,12
199702230HOU,RS,SAS,2594.0,,87,77,10
199702230HOU,RS,SAS,2616.0,,89,77,12
199702230HOU,RS,SAS,2671.0,,89,78,11
199702230HOU,RS,SAS,2671.0,,89,79,10
199702230HOU,RS,SAS,2682.0,,90,79,11
199702230HOU,RS,SAS,2746.0,,92,79,13
199702230HOU,RS,SAS,2782.0,,94,79,15
199702230HOU,RS,SAS,2793.0,,94,81,13
199702230HOU,RS,SAS,2824.0,,94,82,12
199702230HOU,RS,SAS,2824.0,,94,83,11
199702230HOU,RS,SAS,2847.0,,95,83,12
199702230HOU,RS,SAS,2853.0,,95,84,11
199702230HOU,RS,SAS,2853.0,F,95,85,10
199702230HOU,RS,SAS,2876.0,,95,85,10
199702250HOU,RS,LAL,0.0,,0,0,0
199702250HOU,RS,LAL,23.0,,3,0,3
199702250HOU,RS,LAL,38.0,,3,2,1
199702250HOU,RS,LAL,147.0,LC,3,5,-2
199702250HOU,RS,LAL,162.0,T,5,5,0
199702250HOU,RS,LAL,172.0,,5,8,-3
199702250HOU,RS,LAL,192.0,,7,8,-1
199702250HOU,RS,LAL,210.0,LC,9,8,1
199702250HOU,RS,LAL,216.0,LC,9,10,-1
199702250HOU,RS,LAL,225.0,LC,11,10,1
199702250HOU,RS,LAL,265.0,,13,10,3
199702250HOU,RS,LAL,308.0,,13,12,1
199702250HOU,RS,LAL,328.0,,16,12,4
199702250HOU,RS,LAL,386.0,,18,12,6
199702250HOU,RS,LAL,410.0,,18,14,4
199702250HOU,RS,LAL,450.0,,19,14,5
199702250HOU,RS,LAL,450.0,,20,14,6
199702250HOU,RS,LAL,468.0,,21,14,7
199702250HOU,RS,LAL,468.0,,22,14,8
199702250HOU,RS,LAL,484.0,,24,14,10
199702250HOU,RS,LAL,561.0,,26,14,12
199702250HOU,RS,LAL,598.0,,26,16,10
199702250HOU,RS,LAL,616.0,,29,16,13
199702250HOU,RS,LAL,646.0,,29,18,11
199702250HOU,RS,LAL,666.0,,31,18,13
199702250HOU,RS,LAL,682.0,,34,18,16
199702250HOU,RS,LAL,719.0,,34,20,14
199702250HOU,RS,LAL,719.0,,34,21,13
199702250HOU,RS,LAL,720.0,,36,21,15
199702250HOU,RS,LAL,742.0,,36,23,13
199702250HOU,RS,LAL,758.0,,38,23,15
199702250HOU,RS,LAL,790.0,,38,25,13
199702250HOU,RS,LAL,890.0,,38,27,11
199702250HOU,RS,LAL,890.0,,38,28,10
199702250HOU,RS,LAL,922.0,,38,30,8
199702250HOU,RS,LAL,965.0,,40,30,10
199702250HOU,RS,LAL,992.0,,40,32,8
199702250HOU,RS,LAL,1033.0,,42,32,10
199702250HOU,RS,LAL,1033.0,,43,32,11
199702250HOU,RS,LAL,1059.0,,44,32,12
199702250HOU,RS,LAL,1117.0,,46,32,14
199702250HOU,RS,LAL,1128.0,,46,34,12
199702250HOU,RS,LAL,1171.0,,48,34,14
199702250HOU,RS,LAL,1196.0,,50,34,16
199702250HOU,RS,LAL,1279.0,,50,36,14
199702250HOU,RS,LAL,1298.0,,53,36,17
199702250HOU,RS,LAL,1314.0,,53,39,14
199702250HOU,RS,LAL,1333.0,,55,39,16
199702250HOU,RS,LAL,1343.0,,55,41,14
199702250HOU,RS,LAL,1358.0,,57,41,16
199702250HOU,RS,LAL,1386.0,,57,43,14
199702250HOU,RS,LAL,1401.0,,60,43,17
199702250HOU,RS,LAL,1478.0,,60,45,15
199702250HOU,RS,LAL,1505.0,,62,45,17
199702250HOU,RS,LAL,1568.0,,64,45,19
199702250HOU,RS,LAL,1568.0,,65,45,20
199702250HOU,RS,LAL,1583.0,,65,47,18
199702250HOU,RS,LAL,1649.0,,67,47,20
199702250HOU,RS,LAL,1658.0,,67,48,19
199702250HOU,RS,LAL,1721.0,,67,50,17
199702250HOU,RS,LAL,1738.0,,67,52,15
199702250HOU,RS,LAL,1783.0,,69,52,17
199702250HOU,RS,LAL,1795.0,,69,54,15
199702250HOU,RS,LAL,1854.0,,70,54,16
199702250HOU,RS,LAL,1854.0,,71,54,17
199702250HOU,RS,LAL,1870.0,,71,56,15
199702250HOU,RS,LAL,1907.0,,71,58,13
199702250HOU,RS,LAL,1907.0,,71,59,12
199702250HOU,RS,LAL,1924.0,,73,59,14
199702250HOU,RS,LAL,1969.0,,73,61,12
199702250HOU,RS,LAL,2054.0,,73,63,10
199702250HOU,RS,LAL,2085.0,,73,64,9
199702250HOU,RS,LAL,2085.0,,73,65,8
199702250HOU,RS,LAL,2123.0,,75,65,10
199702250HOU,RS,LAL,2151.0,,77,65,12
199702250HOU,RS,LAL,2241.0,,80,65,15
199702250HOU,RS,LAL,2258.0,,80,67,13
199702250HOU,RS,LAL,2305.0,,80,68,12
199702250HOU,RS,LAL,2305.0,,80,69,11
199702250HOU,RS,LAL,2315.0,,82,69,13
199702250HOU,RS,LAL,2337.0,,84,69,15
199702250HOU,RS,LAL,2357.0,,85,69,16
199702250HOU,RS,LAL,2357.0,,86,69,17
199702250HOU,RS,LAL,2376.0,,86,71,15
199702250HOU,RS,LAL,2414.0,,86,73,13
199702250HOU,RS,LAL,2432.0,,88,73,15
199702250HOU,RS,LAL,2445.0,,88,75,13
199702250HOU,RS,LAL,2481.0,,88,78,10
199702250HOU,RS,LAL,2507.0,,88,80,8
199702250HOU,RS,LAL,2580.0,,88,82,6
199702250HOU,RS,LAL,2632.0,,89,82,7
199702250HOU,RS,LAL,2632.0,,90,82,8
199702250HOU,RS,LAL,2646.0,,90,83,7
199702250HOU,RS,LAL,2646.0,,90,84,6
199702250HOU,RS,LAL,2682.0,,90,86,4
199702250HOU,RS,LAL,2704.0,,91,86,5
199702250HOU,RS,LAL,2704.0,,92,86,6
199702250HOU,RS,LAL,2744.0,,92,87,5
199702250HOU,RS,LAL,2744.0,,92,88,4
199702250HOU,RS,LAL,2755.0,,94,88,6
199702250HOU,RS,LAL,2768.0,,94,89,5
199702250HOU,RS,LAL,2768.0,,94,90,4
199702250HOU,RS,LAL,2792.0,,96,90,6
199702250HOU,RS,LAL,2843.0,,96,91,5
199702250HOU,RS,LAL,2843.0,,96,92,4
199702250HOU,RS,LAL,2860.0,,97,92,5
199702250HOU,RS,LAL,2865.0,,97,93,4
199702250HOU,RS,LAL,2865.0,,97,94,3
199702250HOU,RS,LAL,2866.0,,98,94,4
199702250HOU,RS,LAL,2866.0,,99,94,5
199702250HOU,RS,LAL,2871.0,,99,95,4
199702250HOU,RS,LAL,2871.0,,99,96,3
199702250HOU,RS,LAL,2872.0,F,100,96,4
199702250HOU,RS,LAL,2880.0,,100,96,4
199702270HOU,RS,CHH,0.0,,0,0,0
199702270HOU,RS,CHH,12.0,,2,0,2
199702270HOU,RS,CHH,52.0,,4,0,4
199702270HOU,RS,CHH,64.0,,4,2,2
199702270HOU,RS,CHH,81.0,,6,2,4
199702270HOU,RS,CHH,132.0,,6,4,2
199702270HOU,RS,CHH,148.0,,8,4,4
199702270HOU,RS,CHH,167.0,,8,6,2
199702270HOU,RS,CHH,185.0,,10,6,4
199702270HOU,RS,CHH,220.0,,13,6,7
199702270HOU,RS,CHH,226.0,,14,6,8
199702270HOU,RS,CHH,226.0,,15,6,9
199702270HOU,RS,CHH,238.0,,15,8,7
199702270HOU,RS,CHH,251.0,,17,8,9
199702270HOU,RS,CHH,273.0,,17,10,7
199702270HOU,RS,CHH,295.0,,19,10,9
199702270HOU,RS,CHH,316.0,,19,12,7
199702270HOU,RS,CHH,357.0,,19,14,5
199702270HOU,RS,CHH,378.0,,19,16,3
199702270HOU,RS,CHH,397.0,,21,16,5
199702270HOU,RS,CHH,415.0,,21,18,3
199702270HOU,RS,CHH,433.0,,23,18,5
199702270HOU,RS,CHH,509.0,,23,20,3
199702270HOU,RS,CHH,527.0,,25,20,5
199702270HOU,RS,CHH,543.0,,25,22,3
199702270HOU,RS,CHH,580.0,,27,22,5
199702270HOU,RS,CHH,604.0,,27,24,3
199702270HOU,RS,CHH,618.0,,28,24,4
199702270HOU,RS,CHH,618.0,,29,24,5
199702270HOU,RS,CHH,649.0,,29,26,3
199702270HOU,RS,CHH,666.0,,31,26,5
199702270HOU,RS,CHH,681.0,,31,28,3
199702270HOU,RS,CHH,701.0,,33,28,5
199702270HOU,RS,CHH,718.0,,33,29,4
199702270HOU,RS,CHH,718.0,,33,30,3
199702270HOU,RS,CHH,780.0,,33,32,1
199702270HOU,RS,CHH,801.0,,35,32,3
199702270HOU,RS,CHH,801.0,,36,32,4
199702270HOU,RS,CHH,814.0,,36,33,3
199702270HOU,RS,CHH,814.0,,36,34,2
199702270HOU,RS,CHH,830.0,,38,34,4
199702270HOU,RS,CHH,878.0,,39,34,5
199702270HOU,RS,CHH,938.0,,39,37,2
199702270HOU,RS,CHH,955.0,,41,37,4
199702270HOU,RS,CHH,980.0,,43,37,6
199702270HOU,RS,CHH,997.0,,43,39,4
199702270HOU,RS,CHH,1030.0,,43,40,3
199702270HOU,RS,CHH,1071.0,,43,42,1
199702270HOU,RS,CHH,1100.0,LC,43,45,-2
199702270HOU,RS,CHH,1157.0,,43,47,-4
199702270HOU,RS,CHH,1170.0,,45,47,-2
199702270HOU,RS,CHH,1233.0,,46,47,-1
199702270HOU,RS,CHH,1242.0,T,47,47,0
199702270HOU,RS,CHH,1242.0,,47,48,-1
199702270HOU,RS,CHH,1242.0,,47,49,-2
199702270HOU,RS,CHH,1242.0,,48,49,-1
199702270HOU,RS,CHH,1242.0,T,49,49,0
199702270HOU,RS,CHH,1255.0,LC,51,49,2
199702270HOU,RS,CHH,1317.0,,53,49,4
199702270HOU,RS,CHH,1343.0,,53,51,2
199702270HOU,RS,CHH,1343.0,,53,52,1
199702270HOU,RS,CHH,1353.0,,54,52,2
199702270HOU,RS,CHH,1353.0,,55,52,3
199702270HOU,RS,CHH,1372.0,,57,52,5
199702270HOU,RS,CHH,1404.0,,57,55,2
199702270HOU,RS,CHH,1427.0,,59,55,4
199702270HOU,RS,CHH,1452.0,,59,57,2
199702270HOU,RS,CHH,1489.0,T,59,59,0
199702270HOU,RS,CHH,1567.0,,61,59,2
199702270HOU,RS,CHH,1576.0,T,61,61,0
199702270HOU,RS,CHH,1602.0,,63,61,2
199702270HOU,RS,CHH,1683.0,T,63,63,0
199702270HOU,RS,CHH,1697.0,,65,63,2
199702270HOU,RS,CHH,1731.0,LC,65,66,-1
199702270HOU,RS,CHH,1770.0,,65,68,-3
199702270HOU,RS,CHH,1799.0,,65,70,-5
199702270HOU,RS,CHH,1827.0,,65,71,-6
199702270HOU,RS,CHH,1827.0,,65,72,-7
199702270HOU,RS,CHH,1893.0,,65,74,-9
199702270HOU,RS,CHH,1893.0,,65,75,-10
199702270HOU,RS,CHH,1942.0,,65,77,-12
199702270HOU,RS,CHH,1956.0,,67,77,-10
199702270HOU,RS,CHH,1999.0,,68,77,-9
199702270HOU,RS,CHH,1999.0,,69,77,-8
199702270HOU,RS,CHH,2023.0,,69,79,-10
199702270HOU,RS,CHH,2036.0,,71,79,-8
199702270HOU,RS,CHH,2049.0,,71,80,-9
199702270HOU,RS,CHH,2061.0,,71,82,-11
199702270HOU,RS,CHH,2072.0,,73,82,-9
199702270HOU,RS,CHH,2072.0,,74,82,-8
199702270HOU,RS,CHH,2122.0,,74,84,-10
199702270HOU,RS,CHH,2137.0,,75,84,-9
199702270HOU,RS,CHH,2159.0,,75,87,-12
199702270HOU,RS,CHH,2160.0,,78,87,-9
199702270HOU,RS,CHH,2171.0,,79,87,-8
199702270HOU,RS,CHH,2196.0,,79,89,-10
199702270HOU,RS,CHH,2212.0,,80,89,-9
199702270HOU,RS,CHH,2225.0,,80,91,-11
199702270HOU,RS,CHH,2240.0,,83,91,-8
199702270HOU,RS,CHH,2265.0,,83,93,-10
199702270HOU,RS,CHH,2316.0,,85,93,-8
199702270HOU,RS,CHH,2396.0,,85,95,-10
199702270HOU,RS,CHH,2476.0,,88,95,-7
199702270HOU,RS,CHH,2577.0,,88,98,-10
199702270HOU,RS,CHH,2601.0,,90,98,-8
199702270HOU,RS,CHH,2601.0,,91,98,-7
199702270HOU,RS,CHH,2613.0,,91,100,-9
199702270HOU,RS,CHH,2686.0,,91,101,-10
199702270HOU,RS,CHH,2686.0,,91,102,-11
199702270HOU,RS,CHH,2745.0,,94,102,-8
199702270HOU,RS,CHH,2771.0,,94,104,-10
199702270HOU,RS,CHH,2801.0,,94,106,-12
199702270HOU,RS,CHH,2847.0,F,95,106,-11
199702270HOU,RS,CHH,2868.0,,95,106,-11
199703010HOU,RS,DAL,0.0,,0,0,0
199703010HOU,RS,DAL,54.0,,0,3,-3
199703010HOU,RS,DAL,98.0,T,3,3,0
199703010HOU,RS,DAL,148.0,,3,5,-2
199703010HOU,RS,DAL,162.0,LC,6,5,1
199703010HOU,RS,DAL,178.0,LC,6,7,-1
199703010HOU,RS,DAL,193.0,LC,8,7,1
199703010HOU,RS,DAL,244.0,,9,7,2
199703010HOU,RS,DAL,244.0,,10,7,3
199703010HOU,RS,DAL,276.0,,12,7,5
199703010HOU,RS,DAL,293.0,,12,9,3
199703010HOU,RS,DAL,342.0,,12,11,1
199703010HOU,RS,DAL,380.0,LC,12,13,-1
199703010HOU,RS,DAL,400.0,,12,15,-3
199703010HOU,RS,DAL,430.0,,12,16,-4
199703010HOU,RS,DAL,443.0,,14,16,-2
199703010HOU,RS,DAL,452.0,,14,19,-5
199703010HOU,RS,DAL,513.0,,16,19,-3
199703010HOU,RS,DAL,535.0,,18,19,-1
199703010HOU,RS,DAL,595.0,LC,20,19,1
199703010HOU,RS,DAL,605.0,LC,20,21,-1
199703010HOU,RS,DAL,620.0,LC,22,21,1
199703010HOU,RS,DAL,627.0,T,22,22,0
199703010HOU,RS,DAL,627.0,LC,22,23,-1
199703010HOU,RS,DAL,658.0,,22,26,-4
199703010HOU,RS,DAL,668.0,,22,27,-5
199703010HOU,RS,DAL,668.0,,22,28,-6
199703010HOU,RS,DAL,683.0,,24,28,-4
199703010HOU,RS,DAL,719.0,,24,31,-7
199703010HOU,RS,DAL,744.0,,26,31,-5
199703010HOU,RS,DAL,776.0,,27,31,-4
199703010HOU,RS,DAL,810.0,,27,34,-7
199703010HOU,RS,DAL,825.0,,29,34,-5
199703010HOU,RS,DAL,838.0,,29,36,-7
199703010HOU,RS,DAL,892.0,,29,38,-9
199703010HOU,RS,DAL,917.0,,31,38,-7
199703010HOU,RS,DAL,935.0,,31,40,-9
199703010HOU,RS,DAL,950.0,,34,40,-6
199703010HOU,RS,DAL,990.0,,34,42,-8
199703010HOU,RS,DAL,1028.0,,36,42,-6
199703010HOU,RS,DAL,1028.0,,37,42,-5
199703010HOU,RS,DAL,1062.0,,39,42,-3
199703010HOU,RS,DAL,1077.0,,39,43,-4
199703010HOU,RS,DAL,1077.0,,39,44,-5
199703010HOU,RS,DAL,1143.0,,41,44,-3
199703010HOU,RS,DAL,1216.0,,41,46,-5
199703010HOU,RS,DAL,1243.0,,43,46,-3
199703010HOU,RS,DAL,1310.0,,45,46,-1
199703010HOU,RS,DAL,1331.0,,45,48,-3
199703010HOU,RS,DAL,1470.0,,47,48,-1
199703010HOU,RS,DAL,1531.0,LC,49,48,1
199703010HOU,RS,DAL,1580.0,,51,48,3
199703010HOU,RS,DAL,1607.0,,51,50,1
199703010HOU,RS,DAL,1647.0,LC,51,52,-1
199703010HOU,RS,DAL,1734.0,,51,54,-3
199703010HOU,RS,DAL,1790.0,,51,55,-4
199703010HOU,RS,DAL,1790.0,,51,56,-5
199703010HOU,RS,DAL,1808.0,,54,56,-2
199703010HOU,RS,DAL,1851.0,T,56,56,0
199703010HOU,RS,DAL,1928.0,,56,58,-2
199703010HOU,RS,DAL,1946.0,T,58,58,0
199703010HOU,RS,DAL,1969.0,LC,60,58,2
199703010HOU,RS,DAL,2029.0,T,60,60,0
199703010HOU,RS,DAL,2075.0,,62,60,2
199703010HOU,RS,DAL,2124.0,,64,60,4
199703010HOU,RS,DAL,2129.0,,64,61,3
199703010HOU,RS,DAL,2129.0,,64,62,2
199703010HOU,RS,DAL,2176.0,,66,62,4
199703010HOU,RS,DAL,2194.0,,66,64,2
199703010HOU,RS,DAL,2206.0,,68,64,4
199703010HOU,RS,DAL,2219.0,,68,66,2
199703010HOU,RS,DAL,2247.0,,71,66,5
199703010HOU,RS,DAL,2264.0,,71,68,3
199703010HOU,RS,DAL,2288.0,,73,68,5
199703010HOU,RS,DAL,2342.0,,74,68,6
199703010HOU,RS,DAL,2342.0,,75,68,7
199703010HOU,RS,DAL,2369.0,,77,68,9
199703010HOU,RS,DAL,2395.0,,77,70,7
199703010HOU,RS,DAL,2470.0,,77,72,5
199703010HOU,RS,DAL,2613.0,,79,72,7
199703010HOU,RS,DAL,2629.0,,79,74,5
199703010HOU,RS,DAL,2642.0,,81,74,7
199703010HOU,RS,DAL,2660.0,,81,76,5
199703010HOU,RS,DAL,2703.0,,83,76,7
199703010HOU,RS,DAL,2741.0,,85,76,9
199703010HOU,RS,DAL,2783.0,,85,78,7
199703010HOU,RS,DAL,2848.0,,86,78,8
199703010HOU,RS,DAL,2848.0,,87,78,9
199703010HOU,RS,DAL,2853.0,,87,79,8
199703010HOU,RS,DAL,2853.0,,87,80,7
199703010HOU,RS,DAL,2855.0,,88,80,8
199703010HOU,RS,DAL,2855.0,F,89,80,9
199703010HOU,RS,DAL,2880.0,,89,80,9
199703040LAC,RS,LAC,0.0,,0,0,0
199703040LAC,RS,LAC,32.0,,2,0,2
199703040LAC,RS,LAC,101.0,,4,0,4
199703040LAC,RS,LAC,113.0,,4,3,1
199703040LAC,RS,LAC,138.0,,6,3,3
199703040LAC,RS,LAC,184.0,,6,5,1
199703040LAC,RS,LAC,200.0,,8,5,3
199703040LAC,RS,LAC,227.0,,8,7,1
199703040LAC,RS,LAC,242.0,,11,7,4
199703040LAC,RS,LAC,270.0,,13,7,6
199703040LAC,RS,LAC,283.0,,13,10,3
199703040LAC,RS,LAC,304.0,,13,12,1
199703040LAC,RS,LAC,318.0,,15,12,3
199703040LAC,RS,LAC,343.0,,15,13,2
199703040LAC,RS,LAC,363.0,,17,13,4
199703040LAC,RS,LAC,372.0,,17,15,2
199703040LAC,RS,LAC,398.0,,19,15,4
199703040LAC,RS,LAC,414.0,,20,15,5
199703040LAC,RS,LAC,414.0,,21,15,6
199703040LAC,RS,LAC,436.0,,23,15,8
199703040LAC,RS,LAC,454.0,,23,17,6
199703040LAC,RS,LAC,466.0,,25,17,8
199703040LAC,RS,LAC,502.0,,25,20,5
199703040LAC,RS,LAC,522.0,,26,20,6
199703040LAC,RS,LAC,522.0,,27,20,7
199703040LAC,RS,LAC,542.0,,27,23,4
199703040LAC,RS,LAC,669.0,,30,23,7
199703040LAC,RS,LAC,683.0,,30,25,5
199703040LAC,RS,LAC,702.0,,32,25,7
199703040LAC,RS,LAC,712.0,,32,26,6
199703040LAC,RS,LAC,718.0,,32,27,5
199703040LAC,RS,LAC,718.0,,32,28,4
199703040LAC,RS,LAC,735.0,,34,28,6
199703040LAC,RS,LAC,756.0,,34,30,4
199703040LAC,RS,LAC,780.0,,34,32,2
199703040LAC,RS,LAC,855.0,T,34,34,0
199703040LAC,RS,LAC,890.0,,36,34,2
199703040LAC,RS,LAC,920.0,,39,34,5
199703040LAC,RS,LAC,936.0,,39,36,3
199703040LAC,RS,LAC,940.0,,40,36,4
199703040LAC,RS,LAC,1002.0,,40,39,1
199703040LAC,RS,LAC,1034.0,LC,40,41,-1
199703040LAC,RS,LAC,1070.0,,40,42,-2
199703040LAC,RS,LAC,1095.0,,40,44,-4
199703040LAC,RS,LAC,1110.0,,43,44,-1
199703040LAC,RS,LAC,1166.0,,43,46,-3
199703040LAC,RS,LAC,1193.0,,45,46,-1
199703040LAC,RS,LAC,1210.0,,45,48,-3
199703040LAC,RS,LAC,1254.0,,45,49,-4
199703040LAC,RS,LAC,1289.0,,47,49,-2
199703040LAC,RS,LAC,1369.0,T,49,49,0
199703040LAC,RS,LAC,1378.0,,49,51,-2
199703040LAC,RS,LAC,1399.0,,49,53,-4
199703040LAC,RS,LAC,1412.0,,51,53,-2
199703040LAC,RS,LAC,1425.0,,51,55,-4
199703040LAC,RS,LAC,1458.0,,52,55,-3
199703040LAC,RS,LAC,1458.0,,53,55,-2
199703040LAC,RS,LAC,1482.0,T,55,55,0
199703040LAC,RS,LAC,1561.0,,55,57,-2
199703040LAC,RS,LAC,1585.0,,55,58,-3
199703040LAC,RS,LAC,1585.0,,55,59,-4
199703040LAC,RS,LAC,1593.0,,57,59,-2
199703040LAC,RS,LAC,1593.0,,58,59,-1
199703040LAC,RS,LAC,1604.0,,58,61,-3
199703040LAC,RS,LAC,1643.0,,60,61,-1
199703040LAC,RS,LAC,1663.0,LC,63,61,2
199703040LAC,RS,LAC,1701.0,,63,62,1
199703040LAC,RS,LAC,1737.0,,65,62,3
199703040LAC,RS,LAC,1753.0,,65,64,1
199703040LAC,RS,LAC,1782.0,,67,64,3
199703040LAC,RS,LAC,1800.0,,67,66,1
199703040LAC,RS,LAC,1809.0,,70,66,4
199703040LAC,RS,LAC,1832.0,,70,68,2
199703040LAC,RS,LAC,1862.0,,70,69,1
199703040LAC,RS,LAC,1902.0,,72,69,3
199703040LAC,RS,LAC,1915.0,,72,70,2
199703040LAC,RS,LAC,1915.0,,72,71,1
199703040LAC,RS,LAC,1928.0,,74,71,3
199703040LAC,RS,LAC,1957.0,,77,71,6
199703040LAC,RS,LAC,1983.0,,78,71,7
199703040LAC,RS,LAC,1983.0,,79,71,8
199703040LAC,RS,LAC,2012.0,,81,71,10
199703040LAC,RS,LAC,2036.0,,81,73,8
199703040LAC,RS,LAC,2055.0,,84,73,11
199703040LAC,RS,LAC,2078.0,,84,74,10
199703040LAC,RS,LAC,2078.0,,84,75,9
199703040LAC,RS,LAC,2104.0,,84,77,7
199703040LAC,RS,LAC,2119.0,,87,77,10
199703040LAC,RS,LAC,2128.0,,87,80,7
199703040LAC,RS,LAC,2253.0,,89,80,9
199703040LAC,RS,LAC,2268.0,,89,82,7
199703040LAC,RS,LAC,2324.0,,91,82,9
199703040LAC,RS,LAC,2355.0,,93,82,11
199703040LAC,RS,LAC,2380.0,,93,83,10
199703040LAC,RS,LAC,2391.0,,94,83,11
199703040LAC,RS,LAC,2415.0,,94,85,9
199703040LAC,RS,LAC,2459.0,,94,87,7
199703040LAC,RS,LAC,2491.0,,94,89,5
199703040LAC,RS,LAC,2523.0,,94,90,4
199703040LAC,RS,LAC,2523.0,,94,91,3
199703040LAC,RS,LAC,2541.0,,96,91,5
199703040LAC,RS,LAC,2560.0,,96,92,4
199703040LAC,RS,LAC,2582.0,,98,92,6
199703040LAC,RS,LAC,2604.0,,98,94,4
199703040LAC,RS,LAC,2625.0,,100,94,6
199703040LAC,RS,LAC,2640.0,,100,95,5
199703040LAC,RS,LAC,2681.0,,100,97,3
199703040LAC,RS,LAC,2734.0,,102,97,5
199703040LAC,RS,LAC,2751.0,,102,99,3
199703040LAC,RS,LAC,2776.0,,105,99,6
199703040LAC,RS,LAC,2799.0,,105,101,4
199703040LAC,RS,LAC,2819.0,,106,101,5
199703040LAC,RS,LAC,2835.0,,106,103,3
199703040LAC,RS,LAC,2852.0,,109,103,6
199703040LAC,RS,LAC,2862.0,,109,106,3
199703040LAC,RS,LAC,2865.0,,110,106,4
199703040LAC,RS,LAC,2865.0,,111,106,5
199703040LAC,RS,LAC,2871.0,,111,108,3
199703040LAC,RS,LAC,2876.0,,113,109,4
199703040LAC,RS,LAC,2876.0,,112,108,4
199703040LAC,RS,LAC,2876.0,,113,108,5
199703040LAC,RS,LAC,2876.0,F,113,109,4
199703050GSW,RS,GSW,0.0,,0,0,0
199703050GSW,RS,GSW,53.0,,0,2,-2
199703050GSW,RS,GSW,72.0,T,2,2,0
199703050GSW,RS,GSW,92.0,,2,3,-1
199703050GSW,RS,GSW,110.0,,2,5,-3
199703050GSW,RS,GSW,168.0,,4,5,-1
199703050GSW,RS,GSW,202.0,LC,6,5,1
199703050GSW,RS,GSW,226.0,LC,6,7,-1
199703050GSW,RS,GSW,261.0,,6,8,-2
199703050GSW,RS,GSW,261.0,,6,9,-3
199703050GSW,RS,GSW,283.0,,6,10,-4
199703050GSW,RS,GSW,314.0,,6,12,-6
199703050GSW,RS,GSW,377.0,,9,12,-3
199703050GSW,RS,GSW,426.0,,9,14,-5
199703050GSW,RS,GSW,444.0,,9,16,-7
199703050GSW,RS,GSW,461.0,,11,16,-5
199703050GSW,RS,GSW,498.0,,13,16,-3
199703050GSW,RS,GSW,509.0,,13,18,-5
199703050GSW,RS,GSW,552.0,,13,20,-7
199703050GSW,RS,GSW,633.0,,13,22,-9
199703050GSW,RS,GSW,673.0,,15,22,-7
199703050GSW,RS,GSW,691.0,,15,24,-9
199703050GSW,RS,GSW,703.0,,17,24,-7
199703050GSW,RS,GSW,736.0,,19,24,-5
199703050GSW,RS,GSW,750.0,,19,26,-7
199703050GSW,RS,GSW,776.0,,19,28,-9
199703050GSW,RS,GSW,865.0,,21,28,-7
199703050GSW,RS,GSW,1020.0,,21,31,-10
199703050GSW,RS,GSW,1063.0,,23,31,-8
199703050GSW,RS,GSW,1075.0,,23,33,-10
199703050GSW,RS,GSW,1117.0,,25,33,-8
199703050GSW,RS,GSW,1176.0,,27,33,-6
199703050GSW,RS,GSW,1199.0,,28,33,-5
199703050GSW,RS,GSW,1214.0,,29,33,-4
199703050GSW,RS,GSW,1234.0,,29,36,-7
199703050GSW,RS,GSW,1262.0,,30,36,-6
199703050GSW,RS,GSW,1262.0,,31,36,-5
199703050GSW,RS,GSW,1340.0,,31,38,-7
199703050GSW,RS,GSW,1358.0,,32,38,-6
199703050GSW,RS,GSW,1358.0,,33,38,-5
199703050GSW,RS,GSW,1384.0,,36,38,-2
199703050GSW,RS,GSW,1454.0,,36,40,-4
199703050GSW,RS,GSW,1488.0,,38,40,-2
199703050GSW,RS,GSW,1488.0,,39,40,-1
199703050GSW,RS,GSW,1564.0,LC,41,40,1
199703050GSW,RS,GSW,1594.0,LC,41,42,-1
199703050GSW,RS,GSW,1594.0,,41,43,-2
199703050GSW,RS,GSW,1610.0,T,43,43,0
199703050GSW,RS,GSW,1625.0,,43,45,-2
199703050GSW,RS,GSW,1706.0,T,45,45,0
199703050GSW,RS,GSW,1763.0,LC,46,45,1
199703050GSW,RS,GSW,1763.0,,47,45,2
199703050GSW,RS,GSW,1778.0,,47,46,1
199703050GSW,RS,GSW,1805.0,,49,46,3
199703050GSW,RS,GSW,1833.0,,52,46,6
199703050GSW,RS,GSW,1858.0,,52,48,4
199703050GSW,RS,GSW,1878.0,,54,48,6
199703050GSW,RS,GSW,1878.0,,55,48,7
199703050GSW,RS,GSW,1936.0,,55,49,6
199703050GSW,RS,GSW,1936.0,,55,50,5
199703050GSW,RS,GSW,1973.0,,55,52,3
199703050GSW,RS,GSW,1981.0,,56,52,4
199703050GSW,RS,GSW,1981.0,,57,52,5
199703050GSW,RS,GSW,2019.0,,59,52,7
199703050GSW,RS,GSW,2062.0,,59,54,5
199703050GSW,RS,GSW,2089.0,,59,56,3
199703050GSW,RS,GSW,2109.0,,61,56,5
199703050GSW,RS,GSW,2121.0,,61,57,4
199703050GSW,RS,GSW,2121.0,,61,58,3
199703050GSW,RS,GSW,2193.0,,63,58,5
199703050GSW,RS,GSW,2205.0,,63,60,3
199703050GSW,RS,GSW,2229.0,,63,62,1
199703050GSW,RS,GSW,2251.0,,65,62,3
199703050GSW,RS,GSW,2274.0,,65,64,1
199703050GSW,RS,GSW,2361.0,,67,64,3
199703050GSW,RS,GSW,2361.0,,68,64,4
199703050GSW,RS,GSW,2434.0,,70,64,6
199703050GSW,RS,GSW,2450.0,,70,66,4
199703050GSW,RS,GSW,2510.0,,70,68,2
199703050GSW,RS,GSW,2537.0,LC,70,71,-1
199703050GSW,RS,GSW,2571.0,,70,72,-2
199703050GSW,RS,GSW,2571.0,,70,73,-3
199703050GSW,RS,GSW,2580.0,,72,73,-1
199703050GSW,RS,GSW,2608.0,LC,74,73,1
199703050GSW,RS,GSW,2608.0,,75,73,2
199703050GSW,RS,GSW,2630.0,,75,74,1
199703050GSW,RS,GSW,2649.0,,77,74,3
199703050GSW,RS,GSW,2664.0,,77,75,2
199703050GSW,RS,GSW,2664.0,,77,76,1
199703050GSW,RS,GSW,2703.0,,78,76,2
199703050GSW,RS,GSW,2730.0,,80,76,4
199703050GSW,RS,GSW,2743.0,,80,77,3
199703050GSW,RS,GSW,2743.0,,80,78,2
199703050GSW,RS,GSW,2764.0,,82,78,4
199703050GSW,RS,GSW,2807.0,,83,78,5
199703050GSW,RS,GSW,2807.0,,84,78,6
199703050GSW,RS,GSW,2814.0,,84,79,5
199703050GSW,RS,GSW,2814.0,,84,80,4
199703050GSW,RS,GSW,2853.0,,86,80,6
199703050GSW,RS,GSW,2853.0,,87,80,7
199703050GSW,RS,GSW,2860.0,,87,82,5
199703050GSW,RS,GSW,2863.0,,88,82,6
199703050GSW,RS,GSW,2870.0,,88,85,3
199703050GSW,RS,GSW,2874.0,F,90,85,5
199703050GSW,RS,GSW,2880.0,,90,85,5
199703070LAL,RS,LAL,0.0,,0,0,0
199703070LAL,RS,LAL,64.0,,0,2,-2
199703070LAL,RS,LAL,83.0,T,2,2,0
199703070LAL,RS,LAL,174.0,LC,5,2,3
199703070LAL,RS,LAL,194.0,,7,2,5
199703070LAL,RS,LAL,203.0,,7,4,3
199703070LAL,RS,LAL,225.0,,10,4,6
199703070LAL,RS,LAL,239.0,,10,7,3
199703070LAL,RS,LAL,257.0,,13,7,6
199703070LAL,RS,LAL,306.0,,15,7,8
199703070LAL,RS,LAL,333.0,,15,9,6
199703070LAL,RS,LAL,347.0,,18,9,9
199703070LAL,RS,LAL,361.0,,18,11,7
199703070LAL,RS,LAL,377.0,,20,11,9
199703070LAL,RS,LAL,377.0,,21,11,10
199703070LAL,RS,LAL,392.0,,23,11,12
199703070LAL,RS,LAL,431.0,,23,13,10
199703070LAL,RS,LAL,483.0,,25,13,12
199703070LAL,RS,LAL,516.0,,28,13,15
199703070LAL,RS,LAL,544.0,,28,15,13
199703070LAL,RS,LAL,556.0,,30,15,15
199703070LAL,RS,LAL,568.0,,30,17,13
199703070LAL,RS,LAL,621.0,,30,19,11
199703070LAL,RS,LAL,670.0,,33,19,14
199703070LAL,RS,LAL,688.0,,33,21,12
199703070LAL,RS,LAL,805.0,,33,23,10
199703070LAL,RS,LAL,829.0,,36,23,13
199703070LAL,RS,LAL,829.0,,37,23,14
199703070LAL,RS,LAL,874.0,,39,23,16
199703070LAL,RS,LAL,931.0,,39,24,15
199703070LAL,RS,LAL,931.0,,39,25,14
199703070LAL,RS,LAL,1022.0,,41,25,16
199703070LAL,RS,LAL,1044.0,,43,25,18
199703070LAL,RS,LAL,1059.0,,43,26,17
199703070LAL,RS,LAL,1059.0,,43,27,16
199703070LAL,RS,LAL,1069.0,,45,27,18
199703070LAL,RS,LAL,1103.0,,47,27,20
199703070LAL,RS,LAL,1127.0,,47,28,19
199703070LAL,RS,LAL,1127.0,,47,29,18
199703070LAL,RS,LAL,1141.0,,49,29,20
199703070LAL,RS,LAL,1178.0,,51,29,22
199703070LAL,RS,LAL,1186.0,,51,30,21
199703070LAL,RS,LAL,1186.0,,51,31,20
199703070LAL,RS,LAL,1256.0,,53,31,22
199703070LAL,RS,LAL,1276.0,,55,31,24
199703070LAL,RS,LAL,1294.0,,56,31,25
199703070LAL,RS,LAL,1294.0,,57,31,26
199703070LAL,RS,LAL,1336.0,,60,31,29
199703070LAL,RS,LAL,1410.0,,62,31,31
199703070LAL,RS,LAL,1434.0,,62,33,29
199703070LAL,RS,LAL,1517.0,,62,34,28
199703070LAL,RS,LAL,1517.0,,62,35,27
199703070LAL,RS,LAL,1532.0,,64,35,29
199703070LAL,RS,LAL,1544.0,,64,38,26
199703070LAL,RS,LAL,1561.0,,65,38,27
199703070LAL,RS,LAL,1575.0,,65,40,25
199703070LAL,RS,LAL,1605.0,,65,43,22
199703070LAL,RS,LAL,1627.0,,65,45,20
199703070LAL,RS,LAL,1627.0,,65,46,19
199703070LAL,RS,LAL,1710.0,,65,47,18
199703070LAL,RS,LAL,1744.0,,65,49,16
199703070LAL,RS,LAL,1759.0,,67,49,18
199703070LAL,RS,LAL,1759.0,,68,49,19
199703070LAL,RS,LAL,1774.0,,68,51,17
199703070LAL,RS,LAL,1789.0,,70,51,19
199703070LAL,RS,LAL,1805.0,,70,53,17
199703070LAL,RS,LAL,1821.0,,72,53,19
199703070LAL,RS,LAL,1876.0,,72,55,17
199703070LAL,RS,LAL,1911.0,,74,55,19
199703070LAL,RS,LAL,1934.0,,74,56,18
199703070LAL,RS,LAL,1934.0,,74,57,17
199703070LAL,RS,LAL,1986.0,,75,57,18
199703070LAL,RS,LAL,1986.0,,76,57,19
199703070LAL,RS,LAL,2014.0,,78,57,21
199703070LAL,RS,LAL,2028.0,,78,58,20
199703070LAL,RS,LAL,2063.0,,80,58,22
199703070LAL,RS,LAL,2080.0,,80,60,20
199703070LAL,RS,LAL,2093.0,,81,60,21
199703070LAL,RS,LAL,2103.0,,83,60,23
199703070LAL,RS,LAL,2111.0,,83,61,22
199703070LAL,RS,LAL,2156.0,,83,63,20
199703070LAL,RS,LAL,2183.0,,85,63,22
199703070LAL,RS,LAL,2195.0,,85,65,20
199703070LAL,RS,LAL,2293.0,,87,65,22
199703070LAL,RS,LAL,2333.0,,87,67,20
199703070LAL,RS,LAL,2365.0,,89,67,22
199703070LAL,RS,LAL,2423.0,,91,67,24
199703070LAL,RS,LAL,2423.0,,92,67,25
199703070LAL,RS,LAL,2438.0,,92,69,23
199703070LAL,RS,LAL,2489.0,,92,71,21
199703070LAL,RS,LAL,2510.0,,94,71,23
199703070LAL,RS,LAL,2527.0,,96,71,25
199703070LAL,RS,LAL,2540.0,,96,73,23
199703070LAL,RS,LAL,2565.0,,98,73,25
199703070LAL,RS,LAL,2574.0,,98,76,22
199703070LAL,RS,LAL,2594.0,,100,76,24
199703070LAL,RS,LAL,2663.0,,100,77,23
199703070LAL,RS,LAL,2701.0,,100,79,21
199703070LAL,RS,LAL,2720.0,,102,79,23
199703070LAL,RS,LAL,2732.0,,102,81,21
199703070LAL,RS,LAL,2762.0,,103,81,22
199703070LAL,RS,LAL,2762.0,,104,81,23
199703070LAL,RS,LAL,2783.0,,104,83,21
199703070LAL,RS,LAL,2810.0,,104,85,19
199703070LAL,RS,LAL,2821.0,,104,87,17
199703070LAL,RS,LAL,2842.0,,105,87,18
199703070LAL,RS,LAL,2842.0,,106,87,19
199703070LAL,RS,LAL,2851.0,,106,88,18
199703070LAL,RS,LAL,2865.0,,109,88,21
199703070LAL,RS,LAL,2875.0,,109,90,19
199703070LAL,RS,LAL,2879.0,F,111,90,21
199703070LAL,RS,LAL,2880.0,,111,90,21
199703090DAL,RS,DAL,0.0,,0,0,0
199703090DAL,RS,DAL,15.0,,3,0,3
199703090DAL,RS,DAL,67.0,,3,2,1
199703090DAL,RS,DAL,190.0,,6,2,4
199703090DAL,RS,DAL,213.0,,6,3,3
199703090DAL,RS,DAL,213.0,,6,4,2
199703090DAL,RS,DAL,234.0,T,6,6,0
199703090DAL,RS,DAL,252.0,,8,6,2
199703090DAL,RS,DAL,326.0,LC,8,9,-1
199703090DAL,RS,DAL,362.0,LC,10,9,1
199703090DAL,RS,DAL,362.0,,11,9,2
199703090DAL,RS,DAL,373.0,T,11,11,0
199703090DAL,RS,DAL,393.0,,12,11,1
199703090DAL,RS,DAL,393.0,,13,11,2
199703090DAL,RS,DAL,419.0,,15,11,4
199703090DAL,RS,DAL,457.0,,17,11,6
199703090DAL,RS,DAL,542.0,,19,11,8
199703090DAL,RS,DAL,597.0,,22,11,11
199703090DAL,RS,DAL,623.0,,22,13,9
199703090DAL,RS,DAL,693.0,,24,13,11
199703090DAL,RS,DAL,740.0,,24,15,9
199703090DAL,RS,DAL,796.0,,27,15,12
199703090DAL,RS,DAL,852.0,,27,16,11
199703090DAL,RS,DAL,852.0,,27,17,10
199703090DAL,RS,DAL,873.0,,27,19,8
199703090DAL,RS,DAL,901.0,,28,19,9
199703090DAL,RS,DAL,901.0,,29,19,10
199703090DAL,RS,DAL,901.0,,30,19,11
199703090DAL,RS,DAL,1033.0,,30,21,9
199703090DAL,RS,DAL,1100.0,,33,21,12
199703090DAL,RS,DAL,1164.0,,36,21,15
199703090DAL,RS,DAL,1233.0,,38,21,17
199703090DAL,RS,DAL,1306.0,,40,21,19
199703090DAL,RS,DAL,1388.0,,42,21,21
199703090DAL,RS,DAL,1409.0,,42,24,18
199703090DAL,RS,DAL,1422.0,,44,24,20
199703090DAL,RS,DAL,1439.0,,44,25,19
199703090DAL,RS,DAL,1439.0,,44,26,18
199703090DAL,RS,DAL,1461.0,,44,28,16
199703090DAL,RS,DAL,1497.0,,44,30,14
199703090DAL,RS,DAL,1522.0,,44,32,12
199703090DAL,RS,DAL,1605.0,,44,33,11
199703090DAL,RS,DAL,1605.0,,44,34,10
199703090DAL,RS,DAL,1632.0,,44,36,8
199703090DAL,RS,DAL,1659.0,,44,39,5
199703090DAL,RS,DAL,1673.0,,47,39,8
199703090DAL,RS,DAL,1751.0,,49,39,10
199703090DAL,RS,DAL,1776.0,,49,41,8
199703090DAL,RS,DAL,1795.0,,51,41,10
199703090DAL,RS,DAL,1828.0,,53,41,12
199703090DAL,RS,DAL,1868.0,,56,41,15
199703090DAL,RS,DAL,1888.0,,58,41,17
199703090DAL,RS,DAL,1910.0,,58,43,15
199703090DAL,RS,DAL,1947.0,,58,45,13
199703090DAL,RS,DAL,1965.0,,58,47,11
199703090DAL,RS,DAL,1990.0,,61,47,14
199703090DAL,RS,DAL,2010.0,,61,49,12
199703090DAL,RS,DAL,2031.0,,63,49,14
199703090DAL,RS,DAL,2054.0,,63,51,12
199703090DAL,RS,DAL,2073.0,,65,51,14
199703090DAL,RS,DAL,2106.0,,65,54,11
199703090DAL,RS,DAL,2155.0,,65,56,9
199703090DAL,RS,DAL,2177.0,,67,56,11
199703090DAL,RS,DAL,2207.0,,67,58,9
199703090DAL,RS,DAL,2231.0,,67,59,8
199703090DAL,RS,DAL,2231.0,,67,60,7
199703090DAL,RS,DAL,2263.0,,68,60,8
199703090DAL,RS,DAL,2263.0,,69,60,9
199703090DAL,RS,DAL,2318.0,,71,60,11
199703090DAL,RS,DAL,2362.0,,71,62,9
199703090DAL,RS,DAL,2397.0,,71,63,8
199703090DAL,RS,DAL,2397.0,,71,64,7
199703090DAL,RS,DAL,2410.0,,73,64,9
199703090DAL,RS,DAL,2425.0,,73,66,7
199703090DAL,RS,DAL,2445.0,,73,67,6
199703090DAL,RS,DAL,2445.0,,73,68,5
199703090DAL,RS,DAL,2537.0,,75,68,7
199703090DAL,RS,DAL,2581.0,,75,69,6
199703090DAL,RS,DAL,2581.0,,75,70,5
199703090DAL,RS,DAL,2598.0,,78,70,8
199703090DAL,RS,DAL,2622.0,,78,72,6
199703090DAL,RS,DAL,2708.0,,81,72,9
199703090DAL,RS,DAL,2728.0,,81,73,8
199703090DAL,RS,DAL,2728.0,,81,74,7
199703090DAL,RS,DAL,2769.0,,83,74,9
199703090DAL,RS,DAL,2786.0,,83,77,6
199703090DAL,RS,DAL,2788.0,,84,77,7
199703090DAL,RS,DAL,2788.0,,85,77,8
199703090DAL,RS,DAL,2868.0,,85,79,6
199703090DAL,RS,DAL,2872.0,,86,79,7
199703090DAL,RS,DAL,2876.0,,86,82,4
199703090DAL,RS,DAL,2877.0,,87,82,5
199703090DAL,RS,DAL,2877.0,F,88,82,6
199703090DAL,RS,DAL,2878.0,,88,83,5
199703110SAS,RS,SAS,0.0,,0,0,0
199703110SAS,RS,SAS,84.0,,2,0,2
199703110SAS,RS,SAS,105.0,,5,0,5
199703110SAS,RS,SAS,150.0,,7,0,7
199703110SAS,RS,SAS,177.0,,7,1,6
199703110SAS,RS,SAS,177.0,,7,2,5
199703110SAS,RS,SAS,188.0,,9,2,7
199703110SAS,RS,SAS,211.0,,9,4,5
199703110SAS,RS,SAS,225.0,,11,4,7
199703110SAS,RS,SAS,266.0,,11,6,5
199703110SAS,RS,SAS,294.0,,14,6,8
199703110SAS,RS,SAS,312.0,,14,8,6
199703110SAS,RS,SAS,338.0,,16,8,8
199703110SAS,RS,SAS,363.0,,16,10,6
199703110SAS,RS,SAS,384.0,,18,10,8
199703110SAS,RS,SAS,400.0,,18,12,6
199703110SAS,RS,SAS,474.0,,18,14,4
199703110SAS,RS,SAS,518.0,,18,16,2
199703110SAS,RS,SAS,537.0,T,18,18,0
199703110SAS,RS,SAS,557.0,,20,18,2
199703110SAS,RS,SAS,575.0,T,20,20,0
199703110SAS,RS,SAS,606.0,,22,20,2
199703110SAS,RS,SAS,641.0,,25,20,5
199703110SAS,RS,SAS,662.0,,25,22,3
199703110SAS,RS,SAS,683.0,,26,22,4
199703110SAS,RS,SAS,702.0,,26,24,2
199703110SAS,RS,SAS,716.0,,27,24,3
199703110SAS,RS,SAS,716.0,,28,24,4
199703110SAS,RS,SAS,779.0,,28,26,2
199703110SAS,RS,SAS,808.0,,28,27,1
199703110SAS,RS,SAS,808.0,T,28,28,0
199703110SAS,RS,SAS,855.0,LC,28,30,-2
199703110SAS,RS,SAS,882.0,,28,32,-4
199703110SAS,RS,SAS,903.0,,30,32,-2
199703110SAS,RS,SAS,932.0,LC,33,32,1
199703110SAS,RS,SAS,952.0,LC,33,34,-1
199703110SAS,RS,SAS,1025.0,LC,35,34,1
199703110SAS,RS,SAS,1065.0,,37,34,3
199703110SAS,RS,SAS,1083.0,,37,36,1
199703110SAS,RS,SAS,1103.0,,39,36,3
199703110SAS,RS,SAS,1122.0,,39,38,1
199703110SAS,RS,SAS,1170.0,,41,38,3
199703110SAS,RS,SAS,1197.0,,43,38,5
199703110SAS,RS,SAS,1239.0,,45,38,7
199703110SAS,RS,SAS,1264.0,,45,40,5
199703110SAS,RS,SAS,1280.0,,47,40,7
199703110SAS,RS,SAS,1313.0,,49,40,9
199703110SAS,RS,SAS,1340.0,,49,42,7
199703110SAS,RS,SAS,1360.0,,50,42,8
199703110SAS,RS,SAS,1393.0,,51,42,9
199703110SAS,RS,SAS,1393.0,,52,42,10
199703110SAS,RS,SAS,1426.0,,55,42,13
199703110SAS,RS,SAS,1454.0,,55,44,11
199703110SAS,RS,SAS,1520.0,,55,46,9
199703110SAS,RS,SAS,1542.0,,58,46,12
199703110SAS,RS,SAS,1566.0,,58,48,10
199703110SAS,RS,SAS,1587.0,,60,48,12
199703110SAS,RS,SAS,1607.0,,62,48,14
199703110SAS,RS,SAS,1631.0,,63,48,15
199703110SAS,RS,SAS,1631.0,,64,48,16
199703110SAS,RS,SAS,1692.0,,64,49,15
199703110SAS,RS,SAS,1722.0,,64,51,13
199703110SAS,RS,SAS,1743.0,,65,51,14
199703110SAS,RS,SAS,1743.0,,66,51,15
199703110SAS,RS,SAS,1833.0,,69,51,18
199703110SAS,RS,SAS,1953.0,,71,51,20
199703110SAS,RS,SAS,1997.0,,71,53,18
199703110SAS,RS,SAS,2028.0,,71,55,16
199703110SAS,RS,SAS,2046.0,,73,55,18
199703110SAS,RS,SAS,2046.0,,74,55,19
199703110SAS,RS,SAS,2083.0,,74,57,17
199703110SAS,RS,SAS,2104.0,,76,57,19
199703110SAS,RS,SAS,2124.0,,76,59,17
199703110SAS,RS,SAS,2230.0,,79,59,20
199703110SAS,RS,SAS,2289.0,,79,60,19
199703110SAS,RS,SAS,2296.0,,79,61,18
199703110SAS,RS,SAS,2296.0,,79,62,17
199703110SAS,RS,SAS,2315.0,,82,62,20
199703110SAS,RS,SAS,2333.0,,82,64,18
199703110SAS,RS,SAS,2348.0,,84,64,20
199703110SAS,RS,SAS,2384.0,,84,66,18
199703110SAS,RS,SAS,2406.0,,86,66,20
199703110SAS,RS,SAS,2430.0,,86,68,18
199703110SAS,RS,SAS,2453.0,,88,68,20
199703110SAS,RS,SAS,2474.0,,88,70,18
199703110SAS,RS,SAS,2490.0,,90,70,20
199703110SAS,RS,SAS,2517.0,,90,72,18
199703110SAS,RS,SAS,2577.0,,90,73,17
199703110SAS,RS,SAS,2591.0,,92,73,19
199703110SAS,RS,SAS,2630.0,,94,73,21
199703110SAS,RS,SAS,2678.0,,96,73,23
199703110SAS,RS,SAS,2832.0,,99,73,26
199703110SAS,RS,SAS,2858.0,,99,75,24
199703110SAS,RS,SAS,2863.0,,101,75,26
199703110SAS,RS,SAS,2871.0,,101,77,24
199703110SAS,RS,SAS,2875.0,,102,77,25
199703110SAS,RS,SAS,2875.0,F,103,77,26
199703110SAS,RS,SAS,2880.0,,103,79,24
199703120HOU,RS,ORL,0.0,,0,0,0
199703120HOU,RS,ORL,32.0,,0,1,-1
199703120HOU,RS,ORL,77.0,LC,2,1,1
199703120HOU,RS,ORL,93.0,LC,2,3,-1
199703120HOU,RS,ORL,111.0,LC,4,3,1
199703120HOU,RS,ORL,127.0,LC,4,5,-1
199703120HOU,RS,ORL,157.0,LC,6,5,1
199703120HOU,RS,ORL,198.0,LC,6,7,-1
199703120HOU,RS,ORL,218.0,LC,8,7,1
199703120HOU,RS,ORL,243.0,LC,8,9,-1
199703120HOU,RS,ORL,285.0,,8,12,-4
199703120HOU,RS,ORL,308.0,,10,12,-2
199703120HOU,RS,ORL,325.0,,10,15,-5
199703120HOU,RS,ORL,344.0,,12,15,-3
199703120HOU,RS,ORL,368.0,,14,15,-1
199703120HOU,RS,ORL,388.0,,14,17,-3
199703120HOU,RS,ORL,454.0,,14,20,-6
199703120HOU,RS,ORL,508.0,,14,21,-7
199703120HOU,RS,ORL,508.0,,14,22,-8
199703120HOU,RS,ORL,527.0,,16,22,-6
199703120HOU,RS,ORL,544.0,,18,22,-4
199703120HOU,RS,ORL,584.0,,21,22,-1
199703120HOU,RS,ORL,617.0,,21,24,-3
199703120HOU,RS,ORL,664.0,,21,26,-5
199703120HOU,RS,ORL,704.0,,21,27,-6
199703120HOU,RS,ORL,704.0,,21,28,-7
199703120HOU,RS,ORL,719.0,,21,30,-9
199703120HOU,RS,ORL,735.0,,21,31,-10
199703120HOU,RS,ORL,735.0,,21,32,-11
199703120HOU,RS,ORL,791.0,,22,32,-10
199703120HOU,RS,ORL,791.0,,23,32,-9
199703120HOU,RS,ORL,816.0,,23,34,-11
199703120HOU,RS,ORL,840.0,,25,34,-9
199703120HOU,RS,ORL,862.0,,25,36,-11
199703120HOU,RS,ORL,862.0,,25,37,-12
199703120HOU,RS,ORL,876.0,,27,37,-10
199703120HOU,RS,ORL,894.0,,27,38,-11
199703120HOU,RS,ORL,894.0,,27,39,-12
199703120HOU,RS,ORL,909.0,,29,39,-10
199703120HOU,RS,ORL,962.0,,29,41,-12
199703120HOU,RS,ORL,1061.0,,29,44,-15
199703120HOU,RS,ORL,1099.0,,31,44,-13
199703120HOU,RS,ORL,1123.0,,31,47,-16
199703120HOU,RS,ORL,1143.0,,31,49,-18
199703120HOU,RS,ORL,1158.0,,31,50,-19
199703120HOU,RS,ORL,1158.0,,31,51,-20
199703120HOU,RS,ORL,1180.0,,33,51,-18
199703120HOU,RS,ORL,1208.0,,36,51,-15
199703120HOU,RS,ORL,1244.0,,39,51,-12
199703120HOU,RS,ORL,1273.0,,41,51,-10
199703120HOU,RS,ORL,1293.0,,41,53,-12
199703120HOU,RS,ORL,1307.0,,43,53,-10
199703120HOU,RS,ORL,1326.0,,43,54,-11
199703120HOU,RS,ORL,1326.0,,43,55,-12
199703120HOU,RS,ORL,1345.0,,45,55,-10
199703120HOU,RS,ORL,1374.0,,47,55,-8
199703120HOU,RS,ORL,1395.0,,47,56,-9
199703120HOU,RS,ORL,1395.0,,47,57,-10
199703120HOU,RS,ORL,1440.0,,49,57,-8
199703120HOU,RS,ORL,1500.0,,52,57,-5
199703120HOU,RS,ORL,1546.0,,52,60,-8
199703120HOU,RS,ORL,1571.0,,52,61,-9
199703120HOU,RS,ORL,1571.0,,52,62,-10
199703120HOU,RS,ORL,1615.0,,55,62,-7
199703120HOU,RS,ORL,1636.0,,55,64,-9
199703120HOU,RS,ORL,1652.0,,57,64,-7
199703120HOU,RS,ORL,1668.0,,57,66,-9
199703120HOU,RS,ORL,1687.0,,59,66,-7
199703120HOU,RS,ORL,1723.0,,61,66,-5
199703120HOU,RS,ORL,1763.0,,61,68,-7
199703120HOU,RS,ORL,1791.0,,63,68,-5
199703120HOU,RS,ORL,1847.0,,63,70,-7
199703120HOU,RS,ORL,1864.0,,65,70,-5
199703120HOU,RS,ORL,1871.0,,65,72,-7
199703120HOU,RS,ORL,1871.0,,65,73,-8
199703120HOU,RS,ORL,1898.0,,65,75,-10
199703120HOU,RS,ORL,1913.0,,66,75,-9
199703120HOU,RS,ORL,1913.0,,67,75,-8
199703120HOU,RS,ORL,1942.0,,67,77,-10
199703120HOU,RS,ORL,1958.0,,69,77,-8
199703120HOU,RS,ORL,1999.0,,69,79,-10
199703120HOU,RS,ORL,2016.0,,71,79,-8
199703120HOU,RS,ORL,2075.0,,71,81,-10
199703120HOU,RS,ORL,2096.0,,73,81,-8
199703120HOU,RS,ORL,2123.0,,75,81,-6
199703120HOU,RS,ORL,2151.0,,78,81,-3
199703120HOU,RS,ORL,2176.0,T,81,81,0
199703120HOU,RS,ORL,2199.0,,81,82,-1
199703120HOU,RS,ORL,2217.0,LC,83,82,1
199703120HOU,RS,ORL,2286.0,,85,82,3
199703120HOU,RS,ORL,2368.0,,86,82,4
199703120HOU,RS,ORL,2448.0,,88,82,6
199703120HOU,RS,ORL,2539.0,,88,85,3
199703120HOU,RS,ORL,2597.0,T,88,88,0
199703120HOU,RS,ORL,2615.0,,90,88,2
199703120HOU,RS,ORL,2635.0,T,90,90,0
199703120HOU,RS,ORL,2657.0,,92,90,2
199703120HOU,RS,ORL,2689.0,T,92,92,0
199703120HOU,RS,ORL,2802.0,,93,92,1
199703120HOU,RS,ORL,2826.0,LC,93,94,-1
199703120HOU,RS,ORL,2838.0,LC,95,94,1
199703120HOU,RS,ORL,2879.0,F,95,96,-1
199703120HOU,RS,ORL,2880.0,,95,96,-1
199703160MIA,RS,MIA,0.0,,0,0,0
199703160MIA,RS,MIA,68.0,,0,2,-2
199703160MIA,RS,MIA,81.0,T,2,2,0
199703160MIA,RS,MIA,97.0,,2,4,-2
199703160MIA,RS,MIA,117.0,T,4,4,0
199703160MIA,RS,MIA,136.0,LC,5,4,1
199703160MIA,RS,MIA,207.0,LC,5,7,-2
199703160MIA,RS,MIA,224.0,LC,8,7,1
199703160MIA,RS,MIA,254.0,,10,7,3
199703160MIA,RS,MIA,294.0,,10,9,1
199703160MIA,RS,MIA,347.0,,12,9,3
199703160MIA,RS,MIA,387.0,,14,9,5
199703160MIA,RS,MIA,406.0,,14,11,3
199703160MIA,RS,MIA,436.0,,16,11,5
199703160MIA,RS,MIA,463.0,,16,13,3
199703160MIA,RS,MIA,491.0,,18,13,5
199703160MIA,RS,MIA,556.0,,18,14,4
199703160MIA,RS,MIA,556.0,,18,15,3
199703160MIA,RS,MIA,571.0,,20,15,5
199703160MIA,RS,MIA,585.0,,20,17,3
199703160MIA,RS,MIA,637.0,,20,19,1
199703160MIA,RS,MIA,684.0,LC,20,21,-1
199703160MIA,RS,MIA,684.0,,20,22,-2
199703160MIA,RS,MIA,702.0,T,22,22,0
199703160MIA,RS,MIA,717.0,,22,25,-3
199703160MIA,RS,MIA,738.0,,24,25,-1
199703160MIA,RS,MIA,751.0,,24,27,-3
199703160MIA,RS,MIA,787.0,,26,27,-1
199703160MIA,RS,MIA,811.0,,26,29,-3
199703160MIA,RS,MIA,837.0,,28,29,-1
199703160MIA,RS,MIA,907.0,LC,30,29,1
199703160MIA,RS,MIA,1007.0,,32,29,3
199703160MIA,RS,MIA,1023.0,,32,30,2
199703160MIA,RS,MIA,1037.0,,34,30,4
199703160MIA,RS,MIA,1105.0,,36,30,6
199703160MIA,RS,MIA,1127.0,,36,32,4
199703160MIA,RS,MIA,1141.0,,39,32,7
199703160MIA,RS,MIA,1155.0,,39,34,5
199703160MIA,RS,MIA,1176.0,,41,34,7
199703160MIA,RS,MIA,1176.0,,42,34,8
199703160MIA,RS,MIA,1192.0,,42,36,6
199703160MIA,RS,MIA,1224.0,,42,38,4
199703160MIA,RS,MIA,1251.0,,42,40,2
199703160MIA,RS,MIA,1281.0,T,42,42,0
199703160MIA,RS,MIA,1322.0,LC,42,44,-2
199703160MIA,RS,MIA,1337.0,LC,45,44,1
199703160MIA,RS,MIA,1397.0,T,45,45,0
199703160MIA,RS,MIA,1397.0,LC,45,46,-1
199703160MIA,RS,MIA,1438.0,,45,49,-4
199703160MIA,RS,MIA,1456.0,,47,49,-2
199703160MIA,RS,MIA,1487.0,T,49,49,0
199703160MIA,RS,MIA,1523.0,,49,52,-3
199703160MIA,RS,MIA,1547.0,,51,52,-1
199703160MIA,RS,MIA,1590.0,,51,54,-3
199703160MIA,RS,MIA,1620.0,,51,56,-5
199703160MIA,RS,MIA,1640.0,,53,56,-3
199703160MIA,RS,MIA,1655.0,,53,57,-4
199703160MIA,RS,MIA,1655.0,,53,58,-5
199703160MIA,RS,MIA,1710.0,,54,58,-4
199703160MIA,RS,MIA,1710.0,,55,58,-3
199703160MIA,RS,MIA,1784.0,,55,60,-5
199703160MIA,RS,MIA,1806.0,,57,60,-3
199703160MIA,RS,MIA,1851.0,,57,62,-5
199703160MIA,RS,MIA,1866.0,,59,62,-3
199703160MIA,RS,MIA,1907.0,,59,65,-6
199703160MIA,RS,MIA,1934.0,,60,65,-5
199703160MIA,RS,MIA,1934.0,,61,65,-4
199703160MIA,RS,MIA,1958.0,,61,67,-6
199703160MIA,RS,MIA,2001.0,,61,69,-8
199703160MIA,RS,MIA,2019.0,,62,69,-7
199703160MIA,RS,MIA,2019.0,,63,69,-6
199703160MIA,RS,MIA,2071.0,,63,71,-8
199703160MIA,RS,MIA,2085.0,,65,71,-6
199703160MIA,RS,MIA,2110.0,,65,73,-8
199703160MIA,RS,MIA,2188.0,,66,73,-7
199703160MIA,RS,MIA,2205.0,,68,73,-5
199703160MIA,RS,MIA,2227.0,,68,75,-7
199703160MIA,RS,MIA,2227.0,,68,76,-8
199703160MIA,RS,MIA,2257.0,,68,78,-10
199703160MIA,RS,MIA,2292.0,,68,81,-13
199703160MIA,RS,MIA,2335.0,,68,82,-14
199703160MIA,RS,MIA,2348.0,,70,82,-12
199703160MIA,RS,MIA,2364.0,,70,84,-14
199703160MIA,RS,MIA,2385.0,,73,84,-11
199703160MIA,RS,MIA,2445.0,,75,84,-9
199703160MIA,RS,MIA,2527.0,,75,87,-12
199703160MIA,RS,MIA,2601.0,,75,88,-13
199703160MIA,RS,MIA,2601.0,,75,89,-14
199703160MIA,RS,MIA,2688.0,,75,90,-15
199703160MIA,RS,MIA,2688.0,,75,91,-16
199703160MIA,RS,MIA,2704.0,,76,91,-15
199703160MIA,RS,MIA,2704.0,,77,91,-14
199703160MIA,RS,MIA,2747.0,,78,91,-13
199703160MIA,RS,MIA,2750.0,,78,92,-14
199703160MIA,RS,MIA,2750.0,,78,93,-15
199703160MIA,RS,MIA,2761.0,,80,93,-13
199703160MIA,RS,MIA,2768.0,,80,94,-14
199703160MIA,RS,MIA,2768.0,,80,95,-15
199703160MIA,RS,MIA,2805.0,,80,98,-18
199703160MIA,RS,MIA,2869.0,F,80,101,-21
199703160MIA,RS,MIA,2877.0,,80,101,-21
199703180NJN,RS,NJN,0.0,,0,0,0
199703180NJN,RS,NJN,12.0,,2,0,2
199703180NJN,RS,NJN,100.0,,5,0,5
199703180NJN,RS,NJN,148.0,,7,0,7
199703180NJN,RS,NJN,167.0,,7,1,6
199703180NJN,RS,NJN,167.0,,7,2,5
199703180NJN,RS,NJN,222.0,,7,4,3
199703180NJN,RS,NJN,253.0,,7,6,1
199703180NJN,RS,NJN,289.0,LC,7,8,-1
199703180NJN,RS,NJN,338.0,,7,10,-3
199703180NJN,RS,NJN,361.0,,8,10,-2
199703180NJN,RS,NJN,361.0,,9,10,-1
199703180NJN,RS,NJN,376.0,,9,13,-4
199703180NJN,RS,NJN,417.0,,9,15,-6
199703180NJN,RS,NJN,441.0,,9,17,-8
199703180NJN,RS,NJN,477.0,,9,18,-9
199703180NJN,RS,NJN,546.0,,9,20,-11
199703180NJN,RS,NJN,569.0,,12,20,-8
199703180NJN,RS,NJN,605.0,,13,20,-7
199703180NJN,RS,NJN,605.0,,14,20,-6
199703180NJN,RS,NJN,624.0,,14,22,-8
199703180NJN,RS,NJN,662.0,,16,22,-6
199703180NJN,RS,NJN,673.0,,16,25,-9
199703180NJN,RS,NJN,686.0,,18,25,-7
199703180NJN,RS,NJN,716.0,,18,26,-8
199703180NJN,RS,NJN,754.0,,20,26,-6
199703180NJN,RS,NJN,787.0,,22,26,-4
199703180NJN,RS,NJN,825.0,,24,26,-2
199703180NJN,RS,NJN,869.0,,24,29,-5
199703180NJN,RS,NJN,886.0,,27,29,-2
199703180NJN,RS,NJN,897.0,,27,31,-4
199703180NJN,RS,NJN,897.0,,27,32,-5
199703180NJN,RS,NJN,905.0,,29,32,-3
199703180NJN,RS,NJN,974.0,,29,34,-5
199703180NJN,RS,NJN,984.0,,31,34,-3
199703180NJN,RS,NJN,1073.0,,31,36,-5
199703180NJN,RS,NJN,1087.0,,33,36,-3
199703180NJN,RS,NJN,1123.0,,35,36,-1
199703180NJN,RS,NJN,1150.0,LC,37,36,1
199703180NJN,RS,NJN,1204.0,,39,36,3
199703180NJN,RS,NJN,1327.0,,40,36,4
199703180NJN,RS,NJN,1365.0,,40,37,3
199703180NJN,RS,NJN,1365.0,,40,38,2
199703180NJN,RS,NJN,1376.0,,42,38,4
199703180NJN,RS,NJN,1404.0,,45,38,7
199703180NJN,RS,NJN,1415.0,,45,40,5
199703180NJN,RS,NJN,1417.0,,47,40,7
199703180NJN,RS,NJN,1424.0,,47,41,6
199703180NJN,RS,NJN,1472.0,,49,41,8
199703180NJN,RS,NJN,1487.0,,51,41,10
199703180NJN,RS,NJN,1508.0,,51,43,8
199703180NJN,RS,NJN,1543.0,,51,44,7
199703180NJN,RS,NJN,1550.0,,51,45,6
199703180NJN,RS,NJN,1550.0,,51,46,5
199703180NJN,RS,NJN,1583.0,,51,48,3
199703180NJN,RS,NJN,1608.0,,51,50,1
199703180NJN,RS,NJN,1639.0,,53,50,3
199703180NJN,RS,NJN,1662.0,,53,52,1
199703180NJN,RS,NJN,1678.0,,56,52,4
199703180NJN,RS,NJN,1713.0,,56,54,2
199703180NJN,RS,NJN,1747.0,T,56,56,0
199703180NJN,RS,NJN,1813.0,LC,56,57,-1
199703180NJN,RS,NJN,1871.0,,56,59,-3
199703180NJN,RS,NJN,1900.0,,56,61,-5
199703180NJN,RS,NJN,1968.0,,58,61,-3
199703180NJN,RS,NJN,2037.0,,58,63,-5
199703180NJN,RS,NJN,2056.0,,61,63,-2
199703180NJN,RS,NJN,2096.0,T,63,63,0
199703180NJN,RS,NJN,2121.0,,63,66,-3
199703180NJN,RS,NJN,2137.0,,64,66,-2
199703180NJN,RS,NJN,2137.0,,65,66,-1
199703180NJN,RS,NJN,2195.0,LC,67,66,1
199703180NJN,RS,NJN,2242.0,LC,67,69,-2
199703180NJN,RS,NJN,2268.0,LC,70,69,1
199703180NJN,RS,NJN,2291.0,LC,70,72,-2
199703180NJN,RS,NJN,2307.0,T,72,72,0
199703180NJN,RS,NJN,2338.0,LC,74,72,2
199703180NJN,RS,NJN,2400.0,,76,72,4
199703180NJN,RS,NJN,2487.0,,76,74,2
199703180NJN,RS,NJN,2519.0,,79,74,5
199703180NJN,RS,NJN,2578.0,,79,76,3
199703180NJN,RS,NJN,2578.0,,79,77,2
199703180NJN,RS,NJN,2596.0,,82,77,5
199703180NJN,RS,NJN,2622.0,,84,77,7
199703180NJN,RS,NJN,2671.0,,86,77,9
199703180NJN,RS,NJN,2686.0,,86,78,8
199703180NJN,RS,NJN,2686.0,,86,79,7
199703180NJN,RS,NJN,2705.0,,86,81,5
199703180NJN,RS,NJN,2721.0,,89,81,8
199703180NJN,RS,NJN,2767.0,,89,83,6
199703180NJN,RS,NJN,2774.0,,92,83,9
199703180NJN,RS,NJN,2837.0,,92,85,7
199703180NJN,RS,NJN,2842.0,,94,85,9
199703180NJN,RS,NJN,2853.0,,96,85,11
199703180NJN,RS,NJN,2862.0,,96,87,9
199703180NJN,RS,NJN,2864.0,,97,87,10
199703180NJN,RS,NJN,2872.0,,97,88,9
199703180NJN,RS,NJN,2872.0,F,97,89,8
199703180NJN,RS,NJN,2880.0,,97,89,8
199703200HOU,RS,WSB,0.0,,0,0,0
199703200HOU,RS,WSB,15.0,,0,2,-2
199703200HOU,RS,WSB,30.0,T,2,2,0
199703200HOU,RS,WSB,47.0,,2,3,-1
199703200HOU,RS,WSB,47.0,,2,4,-2
199703200HOU,RS,WSB,104.0,LC,5,4,1
199703200HOU,RS,WSB,130.0,,7,4,3
199703200HOU,RS,WSB,208.0,,10,4,6
199703200HOU,RS,WSB,279.0,,10,6,4
199703200HOU,RS,WSB,304.0,,12,6,6
199703200HOU,RS,WSB,325.0,,12,8,4
199703200HOU,RS,WSB,341.0,,12,10,2
199703200HOU,RS,WSB,372.0,T,12,12,0
199703200HOU,RS,WSB,411.0,,15,12,3
199703200HOU,RS,WSB,471.0,,18,12,6
199703200HOU,RS,WSB,507.0,,20,12,8
199703200HOU,RS,WSB,563.0,,20,14,6
199703200HOU,RS,WSB,581.0,,22,14,8
199703200HOU,RS,WSB,627.0,,22,16,6
199703200HOU,RS,WSB,645.0,,22,18,4
199703200HOU,RS,WSB,655.0,,25,18,7
199703200HOU,RS,WSB,670.0,,25,19,6
199703200HOU,RS,WSB,670.0,,25,20,5
199703200HOU,RS,WSB,738.0,,27,20,7
199703200HOU,RS,WSB,764.0,,27,22,5
199703200HOU,RS,WSB,809.0,,28,22,6
199703200HOU,RS,WSB,848.0,,28,24,4
199703200HOU,RS,WSB,863.0,,29,24,5
199703200HOU,RS,WSB,863.0,,30,24,6
199703200HOU,RS,WSB,873.0,,30,26,4
199703200HOU,RS,WSB,897.0,,31,26,5
199703200HOU,RS,WSB,897.0,,32,26,6
199703200HOU,RS,WSB,944.0,,32,28,4
199703200HOU,RS,WSB,971.0,,32,30,2
199703200HOU,RS,WSB,1003.0,,32,31,1
199703200HOU,RS,WSB,1003.0,T,32,32,0
199703200HOU,RS,WSB,1024.0,,34,32,2
199703200HOU,RS,WSB,1059.0,T,34,34,0
199703200HOU,RS,WSB,1086.0,,36,34,2
199703200HOU,RS,WSB,1121.0,,38,34,4
199703200HOU,RS,WSB,1138.0,,41,34,7
199703200HOU,RS,WSB,1151.0,,41,36,5
199703200HOU,RS,WSB,1177.0,,43,36,7
199703200HOU,RS,WSB,1209.0,,46,36,10
199703200HOU,RS,WSB,1227.0,,46,38,8
199703200HOU,RS,WSB,1264.0,,47,38,9
199703200HOU,RS,WSB,1279.0,,47,40,7
199703200HOU,RS,WSB,1294.0,,49,40,9
199703200HOU,RS,WSB,1374.0,,51,40,11
199703200HOU,RS,WSB,1407.0,,52,40,12
199703200HOU,RS,WSB,1407.0,,53,40,13
199703200HOU,RS,WSB,1435.0,,53,42,11
199703200HOU,RS,WSB,1435.0,,53,43,10
199703200HOU,RS,WSB,1440.0,,56,43,13
199703200HOU,RS,WSB,1467.0,,56,45,11
199703200HOU,RS,WSB,1502.0,,56,48,8
199703200HOU,RS,WSB,1563.0,,58,48,10
199703200HOU,RS,WSB,1665.0,,60,48,12
199703200HOU,RS,WSB,1681.0,,60,50,10
199703200HOU,RS,WSB,1700.0,,62,50,12
199703200HOU,RS,WSB,1721.0,,62,52,10
199703200HOU,RS,WSB,1745.0,,62,54,8
199703200HOU,RS,WSB,1781.0,,62,56,6
199703200HOU,RS,WSB,1798.0,,62,58,4
199703200HOU,RS,WSB,1833.0,,62,60,2
199703200HOU,RS,WSB,1903.0,,65,60,5
199703200HOU,RS,WSB,1931.0,,68,60,8
199703200HOU,RS,WSB,1967.0,,70,60,10
199703200HOU,RS,WSB,1991.0,,72,60,12
199703200HOU,RS,WSB,2012.0,,72,62,10
199703200HOU,RS,WSB,2047.0,,72,64,8
199703200HOU,RS,WSB,2063.0,,74,64,10
199703200HOU,RS,WSB,2078.0,,74,67,7
199703200HOU,RS,WSB,2143.0,,74,69,5
199703200HOU,RS,WSB,2177.0,,74,71,3
199703200HOU,RS,WSB,2177.0,,74,72,2
199703200HOU,RS,WSB,2188.0,,76,72,4
199703200HOU,RS,WSB,2205.0,,76,74,2
199703200HOU,RS,WSB,2233.0,T,76,76,0
199703200HOU,RS,WSB,2249.0,,78,76,2
199703200HOU,RS,WSB,2294.0,T,78,78,0
199703200HOU,RS,WSB,2342.0,,80,78,2
199703200HOU,RS,WSB,2367.0,T,80,80,0
199703200HOU,RS,WSB,2397.0,,81,80,1
199703200HOU,RS,WSB,2431.0,T,81,81,0
199703200HOU,RS,WSB,2431.0,LC,81,82,-1
199703200HOU,RS,WSB,2477.0,LC,83,82,1
199703200HOU,RS,WSB,2496.0,LC,83,84,-1
199703200HOU,RS,WSB,2518.0,LC,85,84,1
199703200HOU,RS,WSB,2533.0,LC,85,86,-1
199703200HOU,RS,WSB,2580.0,LC,87,86,1
199703200HOU,RS,WSB,2661.0,,89,86,3
199703200HOU,RS,WSB,2688.0,,90,86,4
199703200HOU,RS,WSB,2700.0,,90,88,2
199703200HOU,RS,WSB,2759.0,T,90,90,0
199703200HOU,RS,WSB,2789.0,,92,90,2
199703200HOU,RS,WSB,2829.0,,94,90,4
199703200HOU,RS,WSB,2854.0,,95,90,5
199703200HOU,RS,WSB,2854.0,F,96,90,6
199703200HOU,RS,WSB,2880.0,,96,90,6
199703220HOU,RS,PHO,0.0,,0,0,0
199703220HOU,RS,PHO,15.0,,2,0,2
199703220HOU,RS,PHO,29.0,T,2,2,0
199703220HOU,RS,PHO,54.0,,4,2,2
199703220HOU,RS,PHO,70.0,T,4,4,0
199703220HOU,RS,PHO,117.0,,7,4,3
199703220HOU,RS,PHO,160.0,,7,5,2
199703220HOU,RS,PHO,160.0,,7,6,1
199703220HOU,RS,PHO,219.0,T,7,7,0
199703220HOU,RS,PHO,219.0,LC,7,8,-1
199703220HOU,RS,PHO,230.0,LC,10,8,2
199703220HOU,RS,PHO,284.0,,12,8,4
199703220HOU,RS,PHO,313.0,,14,8,6
199703220HOU,RS,PHO,339.0,,16,8,8
199703220HOU,RS,PHO,358.0,,16,10,6
199703220HOU,RS,PHO,384.0,,16,12,4
199703220HOU,RS,PHO,417.0,,18,12,6
199703220HOU,RS,PHO,458.0,,20,12,8
199703220HOU,RS,PHO,476.0,,20,15,5
199703220HOU,RS,PHO,497.0,,22,15,7
199703220HOU,RS,PHO,512.0,,22,17,5
199703220HOU,RS,PHO,538.0,,22,19,3
199703220HOU,RS,PHO,563.0,,24,19,5
199703220HOU,RS,PHO,582.0,,24,21,3
199703220HOU,RS,PHO,616.0,,24,22,2
199703220HOU,RS,PHO,616.0,,24,23,1
199703220HOU,RS,PHO,628.0,,26,23,3
199703220HOU,RS,PHO,648.0,,26,25,1
199703220HOU,RS,PHO,663.0,,28,25,3
199703220HOU,RS,PHO,689.0,,28,27,1
199703220HOU,RS,PHO,712.0,,30,27,3
199703220HOU,RS,PHO,758.0,,32,27,5
199703220HOU,RS,PHO,774.0,,32,29,3
199703220HOU,RS,PHO,836.0,,32,31,1
199703220HOU,RS,PHO,865.0,LC,32,33,-1
199703220HOU,RS,PHO,912.0,LC,34,33,1
199703220HOU,RS,PHO,956.0,LC,34,35,-1
199703220HOU,RS,PHO,974.0,LC,36,35,1
199703220HOU,RS,PHO,992.0,LC,36,38,-2
199703220HOU,RS,PHO,1056.0,T,38,38,0
199703220HOU,RS,PHO,1102.0,LC,39,38,1
199703220HOU,RS,PHO,1148.0,LC,39,40,-1
199703220HOU,RS,PHO,1188.0,LC,41,40,1
199703220HOU,RS,PHO,1210.0,LC,41,42,-1
199703220HOU,RS,PHO,1223.0,LC,43,42,1
199703220HOU,RS,PHO,1237.0,LC,43,45,-2
199703220HOU,RS,PHO,1255.0,T,45,45,0
199703220HOU,RS,PHO,1287.0,LC,47,45,2
199703220HOU,RS,PHO,1296.0,LC,47,48,-1
199703220HOU,RS,PHO,1311.0,LC,49,48,1
199703220HOU,RS,PHO,1318.0,LC,49,51,-2
199703220HOU,RS,PHO,1338.0,LC,52,51,1
199703220HOU,RS,PHO,1374.0,,54,51,3
199703220HOU,RS,PHO,1391.0,,54,52,2
199703220HOU,RS,PHO,1404.0,,56,52,4
199703220HOU,RS,PHO,1415.0,,56,54,2
199703220HOU,RS,PHO,1440.0,T,56,56,0
199703220HOU,RS,PHO,1493.0,LC,56,59,-3
199703220HOU,RS,PHO,1549.0,,58,59,-1
199703220HOU,RS,PHO,1574.0,T,59,59,0
199703220HOU,RS,PHO,1574.0,LC,60,59,1
199703220HOU,RS,PHO,1608.0,LC,60,61,-1
199703220HOU,RS,PHO,1624.0,LC,62,61,1
199703220HOU,RS,PHO,1648.0,LC,62,64,-2
199703220HOU,RS,PHO,1677.0,,62,67,-5
199703220HOU,RS,PHO,1709.0,,62,69,-7
199703220HOU,RS,PHO,1729.0,,64,69,-5
199703220HOU,RS,PHO,1729.0,,65,69,-4
199703220HOU,RS,PHO,1763.0,,67,69,-2
199703220HOU,RS,PHO,1777.0,,67,71,-4
199703220HOU,RS,PHO,1816.0,,69,71,-2
199703220HOU,RS,PHO,1834.0,,69,73,-4
199703220HOU,RS,PHO,1860.0,,69,75,-6
199703220HOU,RS,PHO,1877.0,,71,75,-4
199703220HOU,RS,PHO,1896.0,,71,77,-6
199703220HOU,RS,PHO,1911.0,,72,77,-5
199703220HOU,RS,PHO,1920.0,,74,77,-3
199703220HOU,RS,PHO,1963.0,,76,77,-1
199703220HOU,RS,PHO,1993.0,LC,78,77,1
199703220HOU,RS,PHO,2054.0,LC,78,79,-1
199703220HOU,RS,PHO,2089.0,,78,81,-3
199703220HOU,RS,PHO,2137.0,,80,81,-1
199703220HOU,RS,PHO,2176.0,T,81,81,0
199703220HOU,RS,PHO,2188.0,,81,82,-1
199703220HOU,RS,PHO,2287.0,,81,84,-3
199703220HOU,RS,PHO,2315.0,,81,86,-5
199703220HOU,RS,PHO,2336.0,,83,86,-3
199703220HOU,RS,PHO,2347.0,,83,88,-5
199703220HOU,RS,PHO,2347.0,,83,89,-6
199703220HOU,RS,PHO,2458.0,,83,91,-8
199703220HOU,RS,PHO,2479.0,,84,91,-7
199703220HOU,RS,PHO,2479.0,,85,91,-6
199703220HOU,RS,PHO,2520.0,,87,91,-4
199703220HOU,RS,PHO,2543.0,,87,93,-6
199703220HOU,RS,PHO,2583.0,,87,96,-9
199703220HOU,RS,PHO,2602.0,,89,96,-7
199703220HOU,RS,PHO,2661.0,,90,96,-6
199703220HOU,RS,PHO,2661.0,,91,96,-5
199703220HOU,RS,PHO,2695.0,,94,96,-2
199703220HOU,RS,PHO,2721.0,T,96,96,0
199703220HOU,RS,PHO,2767.0,,96,99,-3
199703220HOU,RS,PHO,2800.0,,96,101,-5
199703220HOU,RS,PHO,2824.0,,99,101,-2
199703220HOU,RS,PHO,2840.0,,99,103,-4
199703220HOU,RS,PHO,2859.0,F,99,104,-5
199703220HOU,RS,PHO,2873.0,,99,104,-5
199703250HOU,RS,MIN,0.0,,0,0,0
199703250HOU,RS,MIN,22.0,,0,2,-2
199703250HOU,RS,MIN,70.0,LC,3,2,1
199703250HOU,RS,MIN,85.0,LC,3,4,-1
199703250HOU,RS,MIN,146.0,,3,6,-3
199703250HOU,RS,MIN,164.0,,5,6,-1
199703250HOU,RS,MIN,194.0,,5,8,-3
199703250HOU,RS,MIN,216.0,,7,8,-1
199703250HOU,RS,MIN,249.0,LC,9,8,1
199703250HOU,RS,MIN,266.0,LC,9,11,-2
199703250HOU,RS,MIN,299.0,,9,13,-4
199703250HOU,RS,MIN,355.0,,11,13,-2
199703250HOU,RS,MIN,374.0,,11,15,-4
199703250HOU,RS,MIN,399.0,,13,15,-2
199703250HOU,RS,MIN,399.0,,14,15,-1
199703250HOU,RS,MIN,415.0,,14,17,-3
199703250HOU,RS,MIN,435.0,,16,17,-1
199703250HOU,RS,MIN,459.0,T,17,17,0
199703250HOU,RS,MIN,459.0,LC,18,17,1
199703250HOU,RS,MIN,501.0,LC,18,19,-1
199703250HOU,RS,MIN,515.0,LC,20,19,1
199703250HOU,RS,MIN,535.0,LC,20,21,-1
199703250HOU,RS,MIN,551.0,LC,22,21,1
199703250HOU,RS,MIN,551.0,,23,21,2
199703250HOU,RS,MIN,565.0,T,23,23,0
199703250HOU,RS,MIN,588.0,,25,23,2
199703250HOU,RS,MIN,628.0,T,25,25,0
199703250HOU,RS,MIN,679.0,,28,25,3
199703250HOU,RS,MIN,695.0,,28,27,1
199703250HOU,RS,MIN,714.0,,30,27,3
199703250HOU,RS,MIN,714.0,,31,27,4
199703250HOU,RS,MIN,720.0,,31,30,1
199703250HOU,RS,MIN,737.0,LC,31,32,-1
199703250HOU,RS,MIN,753.0,LC,33,32,1
199703250HOU,RS,MIN,774.0,,34,32,2
199703250HOU,RS,MIN,774.0,,35,32,3
199703250HOU,RS,MIN,791.0,,35,34,1
199703250HOU,RS,MIN,825.0,LC,35,36,-1
199703250HOU,RS,MIN,887.0,,35,38,-3
199703250HOU,RS,MIN,934.0,,35,40,-5
199703250HOU,RS,MIN,961.0,,37,40,-3
199703250HOU,RS,MIN,961.0,,38,40,-2
199703250HOU,RS,MIN,994.0,,39,40,-1
199703250HOU,RS,MIN,994.0,T,40,40,0
199703250HOU,RS,MIN,1008.0,,40,42,-2
199703250HOU,RS,MIN,1033.0,T,42,42,0
199703250HOU,RS,MIN,1074.0,,42,45,-3
199703250HOU,RS,MIN,1106.0,,43,45,-2
199703250HOU,RS,MIN,1106.0,,44,45,-1
199703250HOU,RS,MIN,1120.0,,44,47,-3
199703250HOU,RS,MIN,1157.0,,44,49,-5
199703250HOU,RS,MIN,1157.0,,44,50,-6
199703250HOU,RS,MIN,1172.0,,46,50,-4
199703250HOU,RS,MIN,1239.0,,48,50,-2
199703250HOU,RS,MIN,1265.0,T,50,50,0
199703250HOU,RS,MIN,1283.0,,50,52,-2
199703250HOU,RS,MIN,1295.0,T,52,52,0
199703250HOU,RS,MIN,1343.0,,52,54,-2
199703250HOU,RS,MIN,1378.0,T,54,54,0
199703250HOU,RS,MIN,1401.0,LC,56,54,2
199703250HOU,RS,MIN,1423.0,T,56,56,0
199703250HOU,RS,MIN,1438.0,,58,56,2
199703250HOU,RS,MIN,1514.0,,58,57,1
199703250HOU,RS,MIN,1514.0,T,58,58,0
199703250HOU,RS,MIN,1528.0,,59,58,1
199703250HOU,RS,MIN,1528.0,,60,58,2
199703250HOU,RS,MIN,1546.0,,60,59,1
199703250HOU,RS,MIN,1585.0,,62,59,3
199703250HOU,RS,MIN,1604.0,,62,61,1
199703250HOU,RS,MIN,1619.0,,64,61,3
199703250HOU,RS,MIN,1651.0,,65,61,4
199703250HOU,RS,MIN,1651.0,,66,61,5
199703250HOU,RS,MIN,1708.0,,66,63,3
199703250HOU,RS,MIN,1724.0,,68,63,5
199703250HOU,RS,MIN,1748.0,,68,65,3
199703250HOU,RS,MIN,1764.0,,70,65,5
199703250HOU,RS,MIN,1816.0,,71,65,6
199703250HOU,RS,MIN,1816.0,,72,65,7
199703250HOU,RS,MIN,1842.0,,74,65,9
199703250HOU,RS,MIN,1931.0,,76,65,11
199703250HOU,RS,MIN,1962.0,,76,66,10
199703250HOU,RS,MIN,1962.0,,76,67,9
199703250HOU,RS,MIN,1972.0,,77,67,10
199703250HOU,RS,MIN,1972.0,,78,67,11
199703250HOU,RS,MIN,1996.0,,78,68,10
199703250HOU,RS,MIN,2014.0,,80,68,12
199703250HOU,RS,MIN,2014.0,,81,68,13
199703250HOU,RS,MIN,2028.0,,81,70,11
199703250HOU,RS,MIN,2041.0,,83,70,13
199703250HOU,RS,MIN,2107.0,,83,72,11
199703250HOU,RS,MIN,2282.0,,85,72,13
199703250HOU,RS,MIN,2297.0,,85,74,11
199703250HOU,RS,MIN,2307.0,,87,74,13
199703250HOU,RS,MIN,2353.0,,88,74,14
199703250HOU,RS,MIN,2353.0,,89,74,15
199703250HOU,RS,MIN,2373.0,,89,76,13
199703250HOU,RS,MIN,2410.0,,89,77,12
199703250HOU,RS,MIN,2410.0,,89,78,11
199703250HOU,RS,MIN,2433.0,,89,80,9
199703250HOU,RS,MIN,2450.0,,91,80,11
199703250HOU,RS,MIN,2465.0,,91,81,10
199703250HOU,RS,MIN,2487.0,,91,82,9
199703250HOU,RS,MIN,2497.0,,92,82,10
199703250HOU,RS,MIN,2497.0,,93,82,11
199703250HOU,RS,MIN,2517.0,,93,84,9
199703250HOU,RS,MIN,2537.0,,93,85,8
199703250HOU,RS,MIN,2537.0,,93,86,7
199703250HOU,RS,MIN,2553.0,,95,86,9
199703250HOU,RS,MIN,2589.0,,95,88,7
199703250HOU,RS,MIN,2612.0,,96,88,8
199703250HOU,RS,MIN,2612.0,,97,88,9
199703250HOU,RS,MIN,2625.0,,97,91,6
199703250HOU,RS,MIN,2642.0,,100,91,9
199703250HOU,RS,MIN,2659.0,,100,93,7
199703250HOU,RS,MIN,2679.0,,102,93,9
199703250HOU,RS,MIN,2730.0,,104,93,11
199703250HOU,RS,MIN,2758.0,,106,93,13
199703250HOU,RS,MIN,2801.0,,106,96,10
199703250HOU,RS,MIN,2827.0,,106,98,8
199703250HOU,RS,MIN,2837.0,,107,98,9
199703250HOU,RS,MIN,2837.0,,108,98,10
199703250HOU,RS,MIN,2846.0,,108,99,9
199703250HOU,RS,MIN,2846.0,,108,100,8
199703250HOU,RS,MIN,2846.0,,108,101,7
199703250HOU,RS,MIN,2867.0,,109,101,8
199703250HOU,RS,MIN,2867.0,,110,101,9
199703250HOU,RS,MIN,2871.0,F,110,103,7
199703250HOU,RS,MIN,2879.0,,112,103,9
199703270HOU,RS,CLE,0.0,,0,0,0
199703270HOU,RS,CLE,9.0,,2,0,2
199703270HOU,RS,CLE,34.0,,4,0,4
199703270HOU,RS,CLE,56.0,,4,2,2
199703270HOU,RS,CLE,148.0,T,4,4,0
199703270HOU,RS,CLE,205.0,,7,4,3
199703270HOU,RS,CLE,237.0,,7,6,1
199703270HOU,RS,CLE,258.0,,10,6,4
199703270HOU,RS,CLE,292.0,,12,6,6
199703270HOU,RS,CLE,345.0,,12,9,3
199703270HOU,RS,CLE,359.0,,15,9,6
199703270HOU,RS,CLE,386.0,,15,12,3
199703270HOU,RS,CLE,412.0,,16,12,4
199703270HOU,RS,CLE,438.0,,17,12,5
199703270HOU,RS,CLE,438.0,,18,12,6
199703270HOU,RS,CLE,461.0,,21,12,9
199703270HOU,RS,CLE,517.0,,21,14,7
199703270HOU,RS,CLE,535.0,,23,14,9
199703270HOU,RS,CLE,608.0,,24,14,10
199703270HOU,RS,CLE,620.0,,24,16,8
199703270HOU,RS,CLE,645.0,,26,16,10
199703270HOU,RS,CLE,686.0,,26,17,9
199703270HOU,RS,CLE,742.0,,26,19,7
199703270HOU,RS,CLE,782.0,,26,21,5
199703270HOU,RS,CLE,808.0,,28,21,7
199703270HOU,RS,CLE,808.0,,29,21,8
199703270HOU,RS,CLE,827.0,,29,23,6
199703270HOU,RS,CLE,849.0,,29,25,4
199703270HOU,RS,CLE,875.0,,31,25,6
199703270HOU,RS,CLE,912.0,,31,27,4
199703270HOU,RS,CLE,931.0,,31,29,2
199703270HOU,RS,CLE,943.0,,33,29,4
199703270HOU,RS,CLE,969.0,,33,31,2
199703270HOU,RS,CLE,984.0,,36,31,5
199703270HOU,RS,CLE,1034.0,,36,32,4
199703270HOU,RS,CLE,1034.0,,36,33,3
199703270HOU,RS,CLE,1075.0,,36,34,2
199703270HOU,RS,CLE,1081.0,,36,35,1
199703270HOU,RS,CLE,1081.0,T,36,36,0
199703270HOU,RS,CLE,1104.0,,38,36,2
199703270HOU,RS,CLE,1132.0,,39,36,3
199703270HOU,RS,CLE,1132.0,,40,36,4
199703270HOU,RS,CLE,1195.0,,42,36,6
199703270HOU,RS,CLE,1218.0,,42,37,5
199703270HOU,RS,CLE,1226.0,,44,37,7
199703270HOU,RS,CLE,1258.0,,46,37,9
199703270HOU,RS,CLE,1321.0,,49,37,12
199703270HOU,RS,CLE,1346.0,,49,39,10
199703270HOU,RS,CLE,1358.0,,51,39,12
199703270HOU,RS,CLE,1380.0,,51,41,10
199703270HOU,RS,CLE,1435.0,,53,41,12
199703270HOU,RS,CLE,1453.0,,53,43,10
199703270HOU,RS,CLE,1467.0,,55,43,12
199703270HOU,RS,CLE,1503.0,,57,43,14
199703270HOU,RS,CLE,1522.0,,57,45,12
199703270HOU,RS,CLE,1552.0,,57,47,10
199703270HOU,RS,CLE,1570.0,,60,47,13
199703270HOU,RS,CLE,1647.0,,60,50,10
199703270HOU,RS,CLE,1706.0,,62,50,12
199703270HOU,RS,CLE,1738.0,,64,50,14
199703270HOU,RS,CLE,1793.0,,66,50,16
199703270HOU,RS,CLE,1843.0,,68,50,18
199703270HOU,RS,CLE,1883.0,,68,53,15
199703270HOU,RS,CLE,1929.0,,71,53,18
199703270HOU,RS,CLE,1964.0,,71,55,16
199703270HOU,RS,CLE,1964.0,,71,56,15
199703270HOU,RS,CLE,1975.0,,71,58,13
199703270HOU,RS,CLE,2035.0,,71,61,10
199703270HOU,RS,CLE,2058.0,,72,61,11
199703270HOU,RS,CLE,2058.0,,73,61,12
199703270HOU,RS,CLE,2078.0,,73,62,11
199703270HOU,RS,CLE,2091.0,,75,62,13
199703270HOU,RS,CLE,2133.0,,77,62,15
199703270HOU,RS,CLE,2133.0,,78,62,16
199703270HOU,RS,CLE,2176.0,,79,62,17
199703270HOU,RS,CLE,2176.0,,80,62,18
199703270HOU,RS,CLE,2176.0,,81,62,19
199703270HOU,RS,CLE,2189.0,,81,64,17
199703270HOU,RS,CLE,2207.0,,82,64,18
199703270HOU,RS,CLE,2207.0,,83,64,19
199703270HOU,RS,CLE,2237.0,,83,67,16
199703270HOU,RS,CLE,2287.0,,83,68,15
199703270HOU,RS,CLE,2287.0,,83,69,14
199703270HOU,RS,CLE,2335.0,,84,69,15
199703270HOU,RS,CLE,2335.0,,85,69,16
199703270HOU,RS,CLE,2351.0,,85,71,14
199703270HOU,RS,CLE,2371.0,,88,71,17
199703270HOU,RS,CLE,2396.0,,88,73,15
199703270HOU,RS,CLE,2457.0,,88,74,14
199703270HOU,RS,CLE,2457.0,,88,75,13
199703270HOU,RS,CLE,2488.0,,88,76,12
199703270HOU,RS,CLE,2488.0,,88,77,11
199703270HOU,RS,CLE,2491.0,,89,77,12
199703270HOU,RS,CLE,2503.0,,89,78,11
199703270HOU,RS,CLE,2503.0,,89,79,10
199703270HOU,RS,CLE,2547.0,,90,79,11
199703270HOU,RS,CLE,2547.0,,91,79,12
199703270HOU,RS,CLE,2566.0,,93,79,14
199703270HOU,RS,CLE,2582.0,,93,80,13
199703270HOU,RS,CLE,2582.0,,93,81,12
199703270HOU,RS,CLE,2604.0,,96,81,15
199703270HOU,RS,CLE,2642.0,,98,81,17
199703270HOU,RS,CLE,2654.0,,98,82,16
199703270HOU,RS,CLE,2666.0,,101,82,19
199703270HOU,RS,CLE,2681.0,,101,84,17
199703270HOU,RS,CLE,2696.0,,103,84,19
199703270HOU,RS,CLE,2723.0,,104,84,20
199703270HOU,RS,CLE,2745.0,,104,86,18
199703270HOU,RS,CLE,2750.0,,105,86,19
199703270HOU,RS,CLE,2765.0,,106,86,20
199703270HOU,RS,CLE,2765.0,,107,86,21
199703270HOU,RS,CLE,2781.0,,107,88,19
199703270HOU,RS,CLE,2825.0,F,107,89,18
199703270HOU,RS,CLE,2879.0,,107,89,18
199703290HOU,RS,DEN,0.0,,0,0,0
199703290HOU,RS,DEN,18.0,,2,0,2
199703290HOU,RS,DEN,59.0,,4,0,4
199703290HOU,RS,DEN,146.0,,4,2,2
199703290HOU,RS,DEN,191.0,,4,3,1
199703290HOU,RS,DEN,253.0,LC,4,5,-1
199703290HOU,RS,DEN,278.0,,4,7,-3
199703290HOU,RS,DEN,300.0,,6,7,-1
199703290HOU,RS,DEN,319.0,,6,8,-2
199703290HOU,RS,DEN,329.0,LC,9,8,1
199703290HOU,RS,DEN,361.0,,11,8,3
199703290HOU,RS,DEN,394.0,,11,9,2
199703290HOU,RS,DEN,394.0,,11,10,1
199703290HOU,RS,DEN,443.0,T,11,11,0
199703290HOU,RS,DEN,443.0,LC,11,12,-1
199703290HOU,RS,DEN,453.0,T,12,12,0
199703290HOU,RS,DEN,453.0,LC,13,12,1
199703290HOU,RS,DEN,475.0,LC,13,14,-1
199703290HOU,RS,DEN,489.0,T,14,14,0
199703290HOU,RS,DEN,489.0,LC,15,14,1
199703290HOU,RS,DEN,514.0,,17,14,3
199703290HOU,RS,DEN,547.0,,19,14,5
199703290HOU,RS,DEN,563.0,,21,14,7
199703290HOU,RS,DEN,643.0,,24,14,10
199703290HOU,RS,DEN,661.0,,24,16,8
199703290HOU,RS,DEN,674.0,,25,16,9
199703290HOU,RS,DEN,674.0,,26,16,10
199703290HOU,RS,DEN,690.0,,26,18,8
199703290HOU,RS,DEN,699.0,,28,18,10
199703290HOU,RS,DEN,777.0,,28,20,8
199703290HOU,RS,DEN,796.0,,30,20,10
199703290HOU,RS,DEN,807.0,,30,22,8
199703290HOU,RS,DEN,881.0,,30,25,5
199703290HOU,RS,DEN,899.0,,32,25,7
199703290HOU,RS,DEN,914.0,,32,27,5
199703290HOU,RS,DEN,942.0,,32,28,4
199703290HOU,RS,DEN,942.0,,32,29,3
199703290HOU,RS,DEN,965.0,,32,31,1
199703290HOU,RS,DEN,965.0,T,32,32,0
199703290HOU,RS,DEN,1002.0,,34,32,2
199703290HOU,RS,DEN,1029.0,LC,34,35,-1
199703290HOU,RS,DEN,1045.0,T,35,35,0
199703290HOU,RS,DEN,1064.0,,35,37,-2
199703290HOU,RS,DEN,1079.0,,36,37,-1
199703290HOU,RS,DEN,1106.0,LC,39,37,2
199703290HOU,RS,DEN,1146.0,,41,37,4
199703290HOU,RS,DEN,1152.0,,41,39,2
199703290HOU,RS,DEN,1152.0,,41,40,1
199703290HOU,RS,DEN,1161.0,,43,40,3
199703290HOU,RS,DEN,1161.0,,44,40,4
199703290HOU,RS,DEN,1186.0,,44,42,2
199703290HOU,RS,DEN,1200.0,LC,44,45,-1
199703290HOU,RS,DEN,1217.0,,44,47,-3
199703290HOU,RS,DEN,1231.0,,46,47,-1
199703290HOU,RS,DEN,1267.0,,46,48,-2
199703290HOU,RS,DEN,1281.0,LC,49,48,1
199703290HOU,RS,DEN,1312.0,LC,49,50,-1
199703290HOU,RS,DEN,1340.0,,49,53,-4
199703290HOU,RS,DEN,1368.0,,49,54,-5
199703290HOU,RS,DEN,1376.0,,50,54,-4
199703290HOU,RS,DEN,1376.0,,51,54,-3
199703290HOU,RS,DEN,1405.0,,53,54,-1
199703290HOU,RS,DEN,1471.0,LC,55,54,1
199703290HOU,RS,DEN,1488.0,,57,54,3
199703290HOU,RS,DEN,1517.0,,59,54,5
199703290HOU,RS,DEN,1554.0,,61,54,7
199703290HOU,RS,DEN,1609.0,,61,56,5
199703290HOU,RS,DEN,1625.0,,63,56,7
199703290HOU,RS,DEN,1638.0,,63,57,6
199703290HOU,RS,DEN,1638.0,,63,58,5
199703290HOU,RS,DEN,1650.0,,65,58,7
199703290HOU,RS,DEN,1719.0,,67,58,9
199703290HOU,RS,DEN,1741.0,,67,61,6
199703290HOU,RS,DEN,1764.0,,70,61,9
199703290HOU,RS,DEN,1794.0,,71,61,10
199703290HOU,RS,DEN,1794.0,,72,61,11
199703290HOU,RS,DEN,1808.0,,72,62,10
199703290HOU,RS,DEN,1808.0,,72,63,9
199703290HOU,RS,DEN,1817.0,,74,63,11
199703290HOU,RS,DEN,1834.0,,74,66,8
199703290HOU,RS,DEN,1845.0,,76,66,10
199703290HOU,RS,DEN,1869.0,,79,66,13
199703290HOU,RS,DEN,1879.0,,79,68,11
199703290HOU,RS,DEN,1917.0,,79,70,9
199703290HOU,RS,DEN,1934.0,,80,70,10
199703290HOU,RS,DEN,1934.0,,81,70,11
199703290HOU,RS,DEN,1970.0,,81,71,10
199703290HOU,RS,DEN,1986.0,,83,71,12
199703290HOU,RS,DEN,2001.0,,83,73,10
199703290HOU,RS,DEN,2058.0,,85,73,12
199703290HOU,RS,DEN,2080.0,,85,76,9
199703290HOU,RS,DEN,2102.0,,86,76,10
199703290HOU,RS,DEN,2102.0,,87,76,11
199703290HOU,RS,DEN,2121.0,,87,77,10
199703290HOU,RS,DEN,2121.0,,87,78,9
199703290HOU,RS,DEN,2133.0,,90,78,12
199703290HOU,RS,DEN,2160.0,,93,78,15
199703290HOU,RS,DEN,2176.0,,95,78,17
199703290HOU,RS,DEN,2251.0,,97,78,19
199703290HOU,RS,DEN,2265.0,,97,80,17
199703290HOU,RS,DEN,2274.0,,100,80,20
199703290HOU,RS,DEN,2288.0,,100,82,18
199703290HOU,RS,DEN,2312.0,,100,83,17
199703290HOU,RS,DEN,2312.0,,100,84,16
199703290HOU,RS,DEN,2348.0,,100,86,14
199703290HOU,RS,DEN,2395.0,,100,88,12
199703290HOU,RS,DEN,2422.0,,100,90,10
199703290HOU,RS,DEN,2439.0,,102,90,12
199703290HOU,RS,DEN,2476.0,,102,92,10
199703290HOU,RS,DEN,2489.0,,104,92,12
199703290HOU,RS,DEN,2500.0,,104,93,11
199703290HOU,RS,DEN,2506.0,,104,94,10
199703290HOU,RS,DEN,2515.0,,107,94,13
199703290HOU,RS,DEN,2544.0,,107,97,10
199703290HOU,RS,DEN,2591.0,,107,100,7
199703290HOU,RS,DEN,2607.0,,108,100,8
199703290HOU,RS,DEN,2607.0,,109,100,9
199703290HOU,RS,DEN,2636.0,,111,100,11
199703290HOU,RS,DEN,2665.0,,113,100,13
199703290HOU,RS,DEN,2709.0,,114,100,14
199703290HOU,RS,DEN,2709.0,,115,100,15
199703290HOU,RS,DEN,2722.0,,115,102,13
199703290HOU,RS,DEN,2722.0,,115,103,12
199703290HOU,RS,DEN,2777.0,,115,105,10
199703290HOU,RS,DEN,2795.0,,116,105,11
199703290HOU,RS,DEN,2795.0,,117,105,12
199703290HOU,RS,DEN,2873.0,F,120,105,15
199703290HOU,RS,DEN,2880.0,,120,105,15
199704010DEN,RS,DEN,0.0,,0,0,0
199704010DEN,RS,DEN,48.0,,0,2,-2
199704010DEN,RS,DEN,104.0,,0,4,-4
199704010DEN,RS,DEN,127.0,,0,6,-6
199704010DEN,RS,DEN,177.0,,1,6,-5
199704010DEN,RS,DEN,177.0,,2,6,-4
199704010DEN,RS,DEN,208.0,,4,6,-2
199704010DEN,RS,DEN,219.0,,4,8,-4
199704010DEN,RS,DEN,269.0,,7,8,-1
199704010DEN,RS,DEN,328.0,LC,9,8,1
199704010DEN,RS,DEN,350.0,,11,8,3
199704010DEN,RS,DEN,388.0,,13,8,5
199704010DEN,RS,DEN,407.0,,13,10,3
199704010DEN,RS,DEN,425.0,,14,10,4
199704010DEN,RS,DEN,425.0,,15,10,5
199704010DEN,RS,DEN,479.0,,15,13,2
199704010DEN,RS,DEN,503.0,,18,13,5
199704010DEN,RS,DEN,527.0,,20,13,7
199704010DEN,RS,DEN,554.0,,23,13,10
199704010DEN,RS,DEN,594.0,,23,15,8
199704010DEN,RS,DEN,610.0,,25,15,10
199704010DEN,RS,DEN,622.0,,25,16,9
199704010DEN,RS,DEN,634.0,,27,16,11
199704010DEN,RS,DEN,667.0,,27,19,8
199704010DEN,RS,DEN,711.0,,29,19,10
199704010DEN,RS,DEN,730.0,,32,19,13
199704010DEN,RS,DEN,765.0,,34,19,15
199704010DEN,RS,DEN,777.0,,34,21,13
199704010DEN,RS,DEN,813.0,,34,23,11
199704010DEN,RS,DEN,836.0,,34,25,9
199704010DEN,RS,DEN,857.0,,36,25,11
199704010DEN,RS,DEN,873.0,,36,27,9
199704010DEN,RS,DEN,888.0,,36,28,8
199704010DEN,RS,DEN,912.0,,38,28,10
199704010DEN,RS,DEN,925.0,,38,30,8
199704010DEN,RS,DEN,925.0,,38,31,7
199704010DEN,RS,DEN,957.0,,38,33,5
199704010DEN,RS,DEN,973.0,,40,33,7
199704010DEN,RS,DEN,1030.0,,40,34,6
199704010DEN,RS,DEN,1041.0,,43,34,9
199704010DEN,RS,DEN,1083.0,,45,34,11
199704010DEN,RS,DEN,1132.0,,47,34,13
199704010DEN,RS,DEN,1197.0,,47,35,12
199704010DEN,RS,DEN,1197.0,,47,36,11
199704010DEN,RS,DEN,1213.0,,48,36,12
199704010DEN,RS,DEN,1238.0,,50,36,14
199704010DEN,RS,DEN,1254.0,,50,37,13
199704010DEN,RS,DEN,1254.0,,50,38,12
199704010DEN,RS,DEN,1266.0,,52,38,14
199704010DEN,RS,DEN,1352.0,,52,39,13
199704010DEN,RS,DEN,1352.0,,52,40,12
199704010DEN,RS,DEN,1364.0,,54,40,14
199704010DEN,RS,DEN,1390.0,,56,40,16
199704010DEN,RS,DEN,1440.0,,59,40,19
199704010DEN,RS,DEN,1465.0,,59,42,17
199704010DEN,RS,DEN,1484.0,,61,42,19
199704010DEN,RS,DEN,1499.0,,61,44,17
199704010DEN,RS,DEN,1536.0,,64,44,20
199704010DEN,RS,DEN,1560.0,,65,44,21
199704010DEN,RS,DEN,1560.0,,66,44,22
199704010DEN,RS,DEN,1593.0,,68,44,24
199704010DEN,RS,DEN,1612.0,,68,46,22
199704010DEN,RS,DEN,1628.0,,71,46,25
199704010DEN,RS,DEN,1656.0,,71,48,23
199704010DEN,RS,DEN,1679.0,,74,48,26
199704010DEN,RS,DEN,1699.0,,74,50,24
199704010DEN,RS,DEN,1754.0,,74,52,22
199704010DEN,RS,DEN,1771.0,,76,52,24
199704010DEN,RS,DEN,1771.0,,77,52,25
199704010DEN,RS,DEN,1780.0,,77,54,23
199704010DEN,RS,DEN,1802.0,,79,54,25
199704010DEN,RS,DEN,1825.0,,81,54,27
199704010DEN,RS,DEN,1863.0,,83,54,29
199704010DEN,RS,DEN,1910.0,,83,56,27
199704010DEN,RS,DEN,1943.0,,85,56,29
199704010DEN,RS,DEN,1957.0,,85,58,27
199704010DEN,RS,DEN,1982.0,,87,58,29
199704010DEN,RS,DEN,1998.0,,87,60,27
199704010DEN,RS,DEN,1998.0,,87,61,26
199704010DEN,RS,DEN,2016.0,,89,61,28
199704010DEN,RS,DEN,2032.0,,89,64,25
199704010DEN,RS,DEN,2055.0,,89,66,23
199704010DEN,RS,DEN,2078.0,,90,66,24
199704010DEN,RS,DEN,2140.0,,92,66,26
199704010DEN,RS,DEN,2178.0,,92,68,24
199704010DEN,RS,DEN,2178.0,,92,69,23
199704010DEN,RS,DEN,2191.0,,94,69,25
199704010DEN,RS,DEN,2225.0,,94,71,23
199704010DEN,RS,DEN,2245.0,,96,71,25
199704010DEN,RS,DEN,2301.0,,96,73,23
199704010DEN,RS,DEN,2328.0,,96,76,20
199704010DEN,RS,DEN,2372.0,,96,78,18
199704010DEN,RS,DEN,2396.0,,98,78,20
199704010DEN,RS,DEN,2412.0,,98,80,18
199704010DEN,RS,DEN,2448.0,,98,82,16
199704010DEN,RS,DEN,2467.0,,100,82,18
199704010DEN,RS,DEN,2509.0,,103,82,21
199704010DEN,RS,DEN,2543.0,,103,84,19
199704010DEN,RS,DEN,2576.0,,104,84,20
199704010DEN,RS,DEN,2576.0,,105,84,21
199704010DEN,RS,DEN,2606.0,,107,84,23
199704010DEN,RS,DEN,2624.0,,107,86,21
199704010DEN,RS,DEN,2645.0,,107,88,19
199704010DEN,RS,DEN,2680.0,,107,90,17
199704010DEN,RS,DEN,2680.0,,107,91,16
199704010DEN,RS,DEN,2693.0,,108,91,17
199704010DEN,RS,DEN,2693.0,,109,91,18
199704010DEN,RS,DEN,2710.0,,109,93,16
199704010DEN,RS,DEN,2744.0,,111,93,18
199704010DEN,RS,DEN,2754.0,,111,95,16
199704010DEN,RS,DEN,2785.0,,113,95,18
199704010DEN,RS,DEN,2806.0,,113,97,16
199704010DEN,RS,DEN,2828.0,,116,97,19
199704010DEN,RS,DEN,2837.0,F,116,99,17
199704010DEN,RS,DEN,2880.0,,116,99,17
199704020PHO,RS,PHO,0.0,,0,0,0
199704020PHO,RS,PHO,13.0,,2,0,2
199704020PHO,RS,PHO,69.0,T,2,2,0
199704020PHO,RS,PHO,80.0,,4,2,2
199704020PHO,RS,PHO,89.0,LC,4,5,-1
199704020PHO,RS,PHO,159.0,LC,6,5,1
199704020PHO,RS,PHO,199.0,T,6,6,0
199704020PHO,RS,PHO,220.0,,9,6,3
199704020PHO,RS,PHO,236.0,,9,8,1
199704020PHO,RS,PHO,253.0,,11,8,3
199704020PHO,RS,PHO,285.0,,11,10,1
199704020PHO,RS,PHO,308.0,LC,11,12,-1
199704020PHO,RS,PHO,338.0,,11,14,-3
199704020PHO,RS,PHO,355.0,,13,14,-1
199704020PHO,RS,PHO,387.0,LC,15,14,1
199704020PHO,RS,PHO,408.0,LC,15,17,-2
199704020PHO,RS,PHO,444.0,,15,19,-4
199704020PHO,RS,PHO,469.0,,18,19,-1
199704020PHO,RS,PHO,485.0,,18,21,-3
199704020PHO,RS,PHO,495.0,,20,21,-1
199704020PHO,RS,PHO,548.0,,20,23,-3
199704020PHO,RS,PHO,575.0,,20,25,-5
199704020PHO,RS,PHO,590.0,,23,25,-2
199704020PHO,RS,PHO,652.0,T,25,25,0
199704020PHO,RS,PHO,689.0,,25,27,-2
199704020PHO,RS,PHO,720.0,,25,30,-5
199704020PHO,RS,PHO,755.0,,28,30,-2
199704020PHO,RS,PHO,783.0,T,30,30,0
199704020PHO,RS,PHO,828.0,,30,32,-2
199704020PHO,RS,PHO,857.0,,30,34,-4
199704020PHO,RS,PHO,873.0,,30,36,-6
199704020PHO,RS,PHO,902.0,,32,36,-4
199704020PHO,RS,PHO,922.0,,32,38,-6
199704020PHO,RS,PHO,957.0,,33,38,-5
199704020PHO,RS,PHO,981.0,,33,40,-7
199704020PHO,RS,PHO,999.0,,35,40,-5
199704020PHO,RS,PHO,1017.0,,35,42,-7
199704020PHO,RS,PHO,1037.0,,36,42,-6
199704020PHO,RS,PHO,1037.0,,37,42,-5
199704020PHO,RS,PHO,1125.0,,37,44,-7
199704020PHO,RS,PHO,1183.0,,37,46,-9
199704020PHO,RS,PHO,1247.0,,37,48,-11
199704020PHO,RS,PHO,1263.0,,39,48,-9
199704020PHO,RS,PHO,1305.0,,39,50,-11
199704020PHO,RS,PHO,1325.0,,42,50,-8
199704020PHO,RS,PHO,1353.0,,42,52,-10
199704020PHO,RS,PHO,1423.0,,44,52,-8
199704020PHO,RS,PHO,1437.0,,44,53,-9
199704020PHO,RS,PHO,1437.0,,44,54,-10
199704020PHO,RS,PHO,1504.0,,46,54,-8
199704020PHO,RS,PHO,1558.0,,48,54,-6
199704020PHO,RS,PHO,1558.0,,49,54,-5
199704020PHO,RS,PHO,1602.0,,49,56,-7
199704020PHO,RS,PHO,1619.0,,52,56,-4
199704020PHO,RS,PHO,1640.0,,52,57,-5
199704020PHO,RS,PHO,1658.0,,54,57,-3
199704020PHO,RS,PHO,1702.0,T,57,57,0
199704020PHO,RS,PHO,1733.0,LC,59,57,2
199704020PHO,RS,PHO,1748.0,T,59,59,0
199704020PHO,RS,PHO,1765.0,,61,59,2
199704020PHO,RS,PHO,1784.0,T,61,61,0
199704020PHO,RS,PHO,1844.0,,63,61,2
199704020PHO,RS,PHO,1895.0,T,63,63,0
199704020PHO,RS,PHO,1912.0,,65,63,2
199704020PHO,RS,PHO,1960.0,,67,63,4
199704020PHO,RS,PHO,1979.0,,67,66,1
199704020PHO,RS,PHO,2042.0,LC,67,68,-1
199704020PHO,RS,PHO,2074.0,,67,70,-3
199704020PHO,RS,PHO,2100.0,,67,73,-6
199704020PHO,RS,PHO,2124.0,,67,75,-8
199704020PHO,RS,PHO,2166.0,,69,75,-6
199704020PHO,RS,PHO,2186.0,,69,77,-8
199704020PHO,RS,PHO,2236.0,,69,79,-10
199704020PHO,RS,PHO,2258.0,,72,79,-7
199704020PHO,RS,PHO,2304.0,,73,79,-6
199704020PHO,RS,PHO,2316.0,,73,80,-7
199704020PHO,RS,PHO,2316.0,,73,81,-8
199704020PHO,RS,PHO,2343.0,,73,84,-11
199704020PHO,RS,PHO,2360.0,,73,85,-12
199704020PHO,RS,PHO,2360.0,,73,86,-13
199704020PHO,RS,PHO,2386.0,,75,86,-11
199704020PHO,RS,PHO,2397.0,,75,87,-12
199704020PHO,RS,PHO,2397.0,,75,88,-13
199704020PHO,RS,PHO,2411.0,,77,88,-11
199704020PHO,RS,PHO,2434.0,,77,90,-13
199704020PHO,RS,PHO,2475.0,,78,90,-12
199704020PHO,RS,PHO,2525.0,,79,90,-11
199704020PHO,RS,PHO,2540.0,,79,93,-14
199704020PHO,RS,PHO,2558.0,,81,93,-12
199704020PHO,RS,PHO,2575.0,,81,94,-13
199704020PHO,RS,PHO,2575.0,,81,95,-14
199704020PHO,RS,PHO,2587.0,,83,95,-12
199704020PHO,RS,PHO,2603.0,,83,97,-14
199704020PHO,RS,PHO,2622.0,,85,97,-12
199704020PHO,RS,PHO,2645.0,,85,100,-15
199704020PHO,RS,PHO,2656.0,,87,100,-13
199704020PHO,RS,PHO,2671.0,,87,101,-14
199704020PHO,RS,PHO,2671.0,,87,102,-15
199704020PHO,RS,PHO,2704.0,,89,102,-13
199704020PHO,RS,PHO,2706.0,,89,103,-14
199704020PHO,RS,PHO,2725.0,,89,105,-16
199704020PHO,RS,PHO,2737.0,,90,105,-15
199704020PHO,RS,PHO,2742.0,,90,106,-16
199704020PHO,RS,PHO,2777.0,,90,109,-19
199704020PHO,RS,PHO,2785.0,,93,109,-16
199704020PHO,RS,PHO,2839.0,,95,109,-14
199704020PHO,RS,PHO,2839.0,F,96,109,-13
199704020PHO,RS,PHO,2863.0,,96,109,-13
199704040SAC,RS,SAC,0.0,,0,0,0
199704040SAC,RS,SAC,100.0,,0,2,-2
199704040SAC,RS,SAC,111.0,LC,3,2,1
199704040SAC,RS,SAC,161.0,T,3,3,0
199704040SAC,RS,SAC,161.0,LC,3,4,-1
199704040SAC,RS,SAC,184.0,,3,6,-3
199704040SAC,RS,SAC,200.0,,5,6,-1
199704040SAC,RS,SAC,233.0,,5,8,-3
199704040SAC,RS,SAC,249.0,,7,8,-1
199704040SAC,RS,SAC,249.0,T,8,8,0
199704040SAC,RS,SAC,261.0,,8,10,-2
199704040SAC,RS,SAC,281.0,,9,10,-1
199704040SAC,RS,SAC,296.0,,9,12,-3
199704040SAC,RS,SAC,328.0,,9,14,-5
199704040SAC,RS,SAC,393.0,,11,14,-3
199704040SAC,RS,SAC,429.0,,11,16,-5
199704040SAC,RS,SAC,452.0,,13,16,-3
199704040SAC,RS,SAC,474.0,,13,18,-5
199704040SAC,RS,SAC,515.0,,13,20,-7
199704040SAC,RS,SAC,528.0,,15,20,-5
199704040SAC,RS,SAC,559.0,,16,20,-4
199704040SAC,RS,SAC,559.0,,17,20,-3
199704040SAC,RS,SAC,578.0,,17,22,-5
199704040SAC,RS,SAC,610.0,,19,22,-3
199704040SAC,RS,SAC,661.0,,20,22,-2
199704040SAC,RS,SAC,661.0,,21,22,-1
199704040SAC,RS,SAC,674.0,,21,24,-3
199704040SAC,RS,SAC,689.0,,21,25,-4
199704040SAC,RS,SAC,689.0,,21,26,-5
199704040SAC,RS,SAC,712.0,,24,26,-2
199704040SAC,RS,SAC,740.0,,24,28,-4
199704040SAC,RS,SAC,759.0,,25,28,-3
199704040SAC,RS,SAC,759.0,,26,28,-2
199704040SAC,RS,SAC,793.0,,27,28,-1
199704040SAC,RS,SAC,793.0,T,28,28,0
199704040SAC,RS,SAC,806.0,,28,30,-2
199704040SAC,RS,SAC,825.0,LC,31,30,1
199704040SAC,RS,SAC,862.0,LC,31,32,-1
199704040SAC,RS,SAC,909.0,,31,34,-3
199704040SAC,RS,SAC,930.0,,32,34,-2
199704040SAC,RS,SAC,930.0,,33,34,-1
199704040SAC,RS,SAC,970.0,LC,36,34,2
199704040SAC,RS,SAC,990.0,T,36,36,0
199704040SAC,RS,SAC,999.0,,37,36,1
199704040SAC,RS,SAC,1070.0,,38,36,2
199704040SAC,RS,SAC,1070.0,,39,36,3
199704040SAC,RS,SAC,1094.0,,39,37,2
199704040SAC,RS,SAC,1104.0,,42,37,5
199704040SAC,RS,SAC,1129.0,,45,37,8
199704040SAC,RS,SAC,1149.0,,45,39,6
199704040SAC,RS,SAC,1181.0,,45,41,4
199704040SAC,RS,SAC,1221.0,,45,42,3
199704040SAC,RS,SAC,1283.0,,47,42,5
199704040SAC,RS,SAC,1317.0,,49,42,7
199704040SAC,RS,SAC,1354.0,,49,44,5
199704040SAC,RS,SAC,1373.0,,51,44,7
199704040SAC,RS,SAC,1393.0,,51,46,5
199704040SAC,RS,SAC,1451.0,,51,47,4
199704040SAC,RS,SAC,1451.0,,51,48,3
199704040SAC,RS,SAC,1482.0,,51,50,1
199704040SAC,RS,SAC,1510.0,LC,51,52,-1
199704040SAC,RS,SAC,1531.0,LC,54,52,2
199704040SAC,RS,SAC,1559.0,,55,52,3
199704040SAC,RS,SAC,1559.0,,56,52,4
199704040SAC,RS,SAC,1586.0,,58,52,6
199704040SAC,RS,SAC,1607.0,,58,54,4
199704040SAC,RS,SAC,1645.0,,58,56,2
199704040SAC,RS,SAC,1645.0,,58,57,1
199704040SAC,RS,SAC,1689.0,,60,57,3
199704040SAC,RS,SAC,1708.0,,60,59,1
199704040SAC,RS,SAC,1717.0,,63,59,4
199704040SAC,RS,SAC,1727.0,,63,61,2
199704040SAC,RS,SAC,1727.0,,63,62,1
199704040SAC,RS,SAC,1738.0,,66,62,4
199704040SAC,RS,SAC,1769.0,,69,62,7
199704040SAC,RS,SAC,1786.0,,69,64,5
199704040SAC,RS,SAC,1796.0,,71,64,7
199704040SAC,RS,SAC,1829.0,,73,64,9
199704040SAC,RS,SAC,1847.0,,73,66,7
199704040SAC,RS,SAC,1863.0,,74,66,8
199704040SAC,RS,SAC,1909.0,,75,66,9
199704040SAC,RS,SAC,1926.0,,75,68,7
199704040SAC,RS,SAC,1955.0,,75,70,5
199704040SAC,RS,SAC,1974.0,,76,70,6
199704040SAC,RS,SAC,1974.0,,77,70,7
199704040SAC,RS,SAC,2008.0,,79,70,9
199704040SAC,RS,SAC,2037.0,,80,70,10
199704040SAC,RS,SAC,2056.0,,80,72,8
199704040SAC,RS,SAC,2078.0,,82,72,10
199704040SAC,RS,SAC,2089.0,,82,73,9
199704040SAC,RS,SAC,2089.0,,82,74,8
199704040SAC,RS,SAC,2121.0,,83,74,9
199704040SAC,RS,SAC,2121.0,,84,74,10
199704040SAC,RS,SAC,2143.0,,86,74,12
199704040SAC,RS,SAC,2147.0,,86,77,9
199704040SAC,RS,SAC,2198.0,,86,78,8
199704040SAC,RS,SAC,2198.0,,86,79,7
199704040SAC,RS,SAC,2235.0,,86,81,5
199704040SAC,RS,SAC,2253.0,,87,81,6
199704040SAC,RS,SAC,2253.0,,88,81,7
199704040SAC,RS,SAC,2276.0,,88,83,5
199704040SAC,RS,SAC,2363.0,,88,84,4
199704040SAC,RS,SAC,2379.0,,88,87,1
199704040SAC,RS,SAC,2406.0,,90,87,3
199704040SAC,RS,SAC,2435.0,,92,87,5
199704040SAC,RS,SAC,2449.0,,92,89,3
199704040SAC,RS,SAC,2555.0,,93,89,4
199704040SAC,RS,SAC,2555.0,,94,89,5
199704040SAC,RS,SAC,2578.0,,96,89,7
199704040SAC,RS,SAC,2603.0,,96,90,6
199704040SAC,RS,SAC,2603.0,,96,91,5
199704040SAC,RS,SAC,2644.0,,97,91,6
199704040SAC,RS,SAC,2662.0,,97,92,5
199704040SAC,RS,SAC,2673.0,,98,92,6
199704040SAC,RS,SAC,2701.0,,100,92,8
199704040SAC,RS,SAC,2720.0,,100,93,7
199704040SAC,RS,SAC,2748.0,,100,94,6
199704040SAC,RS,SAC,2759.0,,101,94,7
199704040SAC,RS,SAC,2759.0,,102,94,8
199704040SAC,RS,SAC,2779.0,,103,94,9
199704040SAC,RS,SAC,2813.0,,105,94,11
199704040SAC,RS,SAC,2813.0,,106,94,12
199704040SAC,RS,SAC,2865.0,F,108,94,14
199704040SAC,RS,SAC,2878.0,,108,94,14
199704060VAN,RS,VAN,0.0,,0,0,0
199704060VAN,RS,VAN,18.0,,2,0,2
199704060VAN,RS,VAN,54.0,,5,0,5
199704060VAN,RS,VAN,79.0,,7,0,7
199704060VAN,RS,VAN,157.0,,7,2,5
199704060VAN,RS,VAN,206.0,,9,2,7
199704060VAN,RS,VAN,222.0,,9,4,5
199704060VAN,RS,VAN,231.0,,9,5,4
199704060VAN,RS,VAN,231.0,,9,6,3
199704060VAN,RS,VAN,267.0,T,9,9,0
199704060VAN,RS,VAN,326.0,LC,9,11,-2
199704060VAN,RS,VAN,344.0,LC,12,11,1
199704060VAN,RS,VAN,367.0,LC,12,13,-1
199704060VAN,RS,VAN,410.0,,12,15,-3
199704060VAN,RS,VAN,478.0,,14,15,-1
199704060VAN,RS,VAN,500.0,,14,17,-3
199704060VAN,RS,VAN,517.0,,16,17,-1
199704060VAN,RS,VAN,541.0,,16,20,-4
199704060VAN,RS,VAN,559.0,,18,20,-2
199704060VAN,RS,VAN,580.0,,18,23,-5
199704060VAN,RS,VAN,597.0,,19,23,-4
199704060VAN,RS,VAN,641.0,,22,23,-1
199704060VAN,RS,VAN,674.0,LC,25,23,2
199704060VAN,RS,VAN,758.0,T,25,25,0
199704060VAN,RS,VAN,775.0,,27,25,2
199704060VAN,RS,VAN,810.0,,29,25,4
199704060VAN,RS,VAN,852.0,,29,26,3
199704060VAN,RS,VAN,885.0,,31,26,5
199704060VAN,RS,VAN,915.0,,34,26,8
199704060VAN,RS,VAN,936.0,,34,28,6
199704060VAN,RS,VAN,972.0,,34,30,4
199704060VAN,RS,VAN,986.0,,36,30,6
199704060VAN,RS,VAN,1011.0,,36,32,4
199704060VAN,RS,VAN,1028.0,,38,32,6
199704060VAN,RS,VAN,1070.0,,40,32,8
199704060VAN,RS,VAN,1101.0,,40,34,6
199704060VAN,RS,VAN,1101.0,,40,35,5
199704060VAN,RS,VAN,1160.0,,41,35,6
199704060VAN,RS,VAN,1214.0,,41,37,4
199704060VAN,RS,VAN,1231.0,,42,37,5
199704060VAN,RS,VAN,1257.0,,44,37,7
199704060VAN,RS,VAN,1280.0,,44,39,5
199704060VAN,RS,VAN,1315.0,,44,42,2
199704060VAN,RS,VAN,1330.0,,46,42,4
199704060VAN,RS,VAN,1352.0,,46,43,3
199704060VAN,RS,VAN,1398.0,,48,43,5
199704060VAN,RS,VAN,1425.0,,49,43,6
199704060VAN,RS,VAN,1425.0,,50,43,7
199704060VAN,RS,VAN,1470.0,,50,46,4
199704060VAN,RS,VAN,1483.0,,52,46,6
199704060VAN,RS,VAN,1531.0,,52,48,4
199704060VAN,RS,VAN,1567.0,,52,50,2
199704060VAN,RS,VAN,1596.0,LC,52,53,-1
199704060VAN,RS,VAN,1633.0,,52,54,-2
199704060VAN,RS,VAN,1633.0,,52,55,-3
199704060VAN,RS,VAN,1646.0,,54,55,-1
199704060VAN,RS,VAN,1646.0,T,55,55,0
199704060VAN,RS,VAN,1661.0,,55,58,-3
199704060VAN,RS,VAN,1678.0,,55,60,-5
199704060VAN,RS,VAN,1697.0,,57,60,-3
199704060VAN,RS,VAN,1757.0,,59,60,-1
199704060VAN,RS,VAN,1795.0,,59,62,-3
199704060VAN,RS,VAN,1817.0,,61,62,-1
199704060VAN,RS,VAN,1817.0,,61,63,-2
199704060VAN,RS,VAN,1839.0,,61,65,-4
199704060VAN,RS,VAN,1860.0,,63,65,-2
199704060VAN,RS,VAN,1879.0,T,65,65,0
199704060VAN,RS,VAN,1991.0,LC,66,65,1
199704060VAN,RS,VAN,1998.0,,68,65,3
199704060VAN,RS,VAN,2052.0,,68,67,1
199704060VAN,RS,VAN,2064.0,,70,67,3
199704060VAN,RS,VAN,2178.0,,72,67,5
199704060VAN,RS,VAN,2190.0,,74,67,7
199704060VAN,RS,VAN,2240.0,,74,69,5
199704060VAN,RS,VAN,2257.0,,75,69,6
199704060VAN,RS,VAN,2271.0,,78,69,9
199704060VAN,RS,VAN,2291.0,,78,71,7
199704060VAN,RS,VAN,2403.0,,78,73,5
199704060VAN,RS,VAN,2484.0,,80,73,7
199704060VAN,RS,VAN,2509.0,,80,74,6
199704060VAN,RS,VAN,2527.0,,83,74,9
199704060VAN,RS,VAN,2560.0,,85,74,11
199704060VAN,RS,VAN,2585.0,,85,75,10
199704060VAN,RS,VAN,2615.0,,85,77,8
199704060VAN,RS,VAN,2615.0,,85,78,7
199704060VAN,RS,VAN,2634.0,,88,78,10
199704060VAN,RS,VAN,2652.0,,88,79,9
199704060VAN,RS,VAN,2688.0,,90,79,11
199704060VAN,RS,VAN,2730.0,,91,79,12
199704060VAN,RS,VAN,2741.0,,91,81,10
199704060VAN,RS,VAN,2774.0,,91,83,8
199704060VAN,RS,VAN,2841.0,F,94,83,11
199704060VAN,RS,VAN,2872.0,,94,85,9
199704080LAC,RS,LAC,0.0,,0,0,0
199704080LAC,RS,LAC,53.0,,3,0,3
199704080LAC,RS,LAC,111.0,,3,2,1
199704080LAC,RS,LAC,147.0,,4,2,2
199704080LAC,RS,LAC,147.0,,5,2,3
199704080LAC,RS,LAC,162.0,,5,4,1
199704080LAC,RS,LAC,180.0,,7,4,3
199704080LAC,RS,LAC,180.0,,8,4,4
199704080LAC,RS,LAC,204.0,,8,6,2
199704080LAC,RS,LAC,227.0,,10,6,4
199704080LAC,RS,LAC,244.0,,10,8,2
199704080LAC,RS,LAC,257.0,,12,8,4
199704080LAC,RS,LAC,301.0,,12,10,2
199704080LAC,RS,LAC,340.0,T,12,12,0
199704080LAC,RS,LAC,394.0,LC,12,15,-3
199704080LAC,RS,LAC,424.0,,14,15,-1
199704080LAC,RS,LAC,434.0,,14,17,-3
199704080LAC,RS,LAC,440.0,,16,17,-1
199704080LAC,RS,LAC,453.0,,16,19,-3
199704080LAC,RS,LAC,497.0,,16,22,-6
199704080LAC,RS,LAC,514.0,,18,22,-4
199704080LAC,RS,LAC,538.0,,18,24,-6
199704080LAC,RS,LAC,568.0,,18,25,-7
199704080LAC,RS,LAC,585.0,,20,25,-5
199704080LAC,RS,LAC,614.0,,21,25,-4
199704080LAC,RS,LAC,614.0,,22,25,-3
199704080LAC,RS,LAC,626.0,,22,27,-5
199704080LAC,RS,LAC,652.0,,24,27,-3
199704080LAC,RS,LAC,677.0,,26,27,-1
199704080LAC,RS,LAC,715.0,LC,28,27,1
199704080LAC,RS,LAC,734.0,LC,28,29,-1
199704080LAC,RS,LAC,761.0,,28,30,-2
199704080LAC,RS,LAC,761.0,,28,31,-3
199704080LAC,RS,LAC,796.0,,28,33,-5
199704080LAC,RS,LAC,810.0,,29,33,-4
199704080LAC,RS,LAC,810.0,,30,33,-3
199704080LAC,RS,LAC,840.0,,32,33,-1
199704080LAC,RS,LAC,869.0,,32,35,-3
199704080LAC,RS,LAC,884.0,,33,35,-2
199704080LAC,RS,LAC,919.0,,33,37,-4
199704080LAC,RS,LAC,937.0,,36,37,-1
199704080LAC,RS,LAC,956.0,LC,38,37,1
199704080LAC,RS,LAC,1009.0,,40,37,3
199704080LAC,RS,LAC,1022.0,,40,39,1
199704080LAC,RS,LAC,1065.0,T,40,40,0
199704080LAC,RS,LAC,1065.0,LC,40,41,-1
199704080LAC,RS,LAC,1089.0,,40,43,-3
199704080LAC,RS,LAC,1163.0,,42,43,-1
199704080LAC,RS,LAC,1163.0,T,43,43,0
199704080LAC,RS,LAC,1179.0,,43,45,-2
199704080LAC,RS,LAC,1195.0,,43,47,-4
199704080LAC,RS,LAC,1212.0,,45,47,-2
199704080LAC,RS,LAC,1212.0,,46,47,-1
199704080LAC,RS,LAC,1228.0,LC,48,47,1
199704080LAC,RS,LAC,1259.0,,50,47,3
199704080LAC,RS,LAC,1259.0,,51,47,4
199704080LAC,RS,LAC,1271.0,,51,49,2
199704080LAC,RS,LAC,1290.0,,52,49,3
199704080LAC,RS,LAC,1290.0,,53,49,4
199704080LAC,RS,LAC,1348.0,,53,50,3
199704080LAC,RS,LAC,1373.0,,55,50,5
199704080LAC,RS,LAC,1407.0,,57,50,7
199704080LAC,RS,LAC,1417.0,,57,52,5
199704080LAC,RS,LAC,1474.0,,59,52,7
199704080LAC,RS,LAC,1490.0,,59,54,5
199704080LAC,RS,LAC,1504.0,,62,54,8
199704080LAC,RS,LAC,1518.0,,62,57,5
199704080LAC,RS,LAC,1534.0,,64,57,7
199704080LAC,RS,LAC,1546.0,,64,59,5
199704080LAC,RS,LAC,1572.0,,64,61,3
199704080LAC,RS,LAC,1590.0,,67,61,6
199704080LAC,RS,LAC,1630.0,,70,61,9
199704080LAC,RS,LAC,1649.0,,70,62,8
199704080LAC,RS,LAC,1670.0,,70,65,5
199704080LAC,RS,LAC,1690.0,,72,65,7
199704080LAC,RS,LAC,1713.0,,72,67,5
199704080LAC,RS,LAC,1723.0,,73,67,6
199704080LAC,RS,LAC,1723.0,,74,67,7
199704080LAC,RS,LAC,1735.0,,74,69,5
199704080LAC,RS,LAC,1746.0,,76,69,7
199704080LAC,RS,LAC,1762.0,,78,69,9
199704080LAC,RS,LAC,1798.0,,81,69,12
199704080LAC,RS,LAC,1835.0,,81,70,11
199704080LAC,RS,LAC,1861.0,,83,70,13
199704080LAC,RS,LAC,1876.0,,83,72,11
199704080LAC,RS,LAC,1917.0,,85,72,13
199704080LAC,RS,LAC,1929.0,,85,74,11
199704080LAC,RS,LAC,1929.0,,85,75,10
199704080LAC,RS,LAC,1944.0,,86,75,11
199704080LAC,RS,LAC,1944.0,,87,75,12
199704080LAC,RS,LAC,1965.0,,87,77,10
199704080LAC,RS,LAC,1993.0,,87,79,8
199704080LAC,RS,LAC,1993.0,,87,80,7
199704080LAC,RS,LAC,2004.0,,89,80,9
199704080LAC,RS,LAC,2004.0,,90,80,10
199704080LAC,RS,LAC,2019.0,,90,81,9
199704080LAC,RS,LAC,2019.0,,90,82,8
199704080LAC,RS,LAC,2043.0,,92,82,10
199704080LAC,RS,LAC,2067.0,,93,82,11
199704080LAC,RS,LAC,2067.0,,94,82,12
199704080LAC,RS,LAC,2087.0,,94,85,9
199704080LAC,RS,LAC,2117.0,,94,87,7
199704080LAC,RS,LAC,2135.0,,95,87,8
199704080LAC,RS,LAC,2135.0,,96,87,9
199704080LAC,RS,LAC,2155.0,,96,89,7
199704080LAC,RS,LAC,2178.0,,96,90,6
199704080LAC,RS,LAC,2178.0,,96,91,5
199704080LAC,RS,LAC,2209.0,,97,91,6
199704080LAC,RS,LAC,2209.0,,98,91,7
199704080LAC,RS,LAC,2290.0,,99,91,8
199704080LAC,RS,LAC,2312.0,,99,92,7
199704080LAC,RS,LAC,2339.0,,99,93,6
199704080LAC,RS,LAC,2339.0,,99,94,5
199704080LAC,RS,LAC,2406.0,,99,95,4
199704080LAC,RS,LAC,2438.0,,99,96,3
199704080LAC,RS,LAC,2438.0,,99,97,2
199704080LAC,RS,LAC,2465.0,LC,99,100,-1
199704080LAC,RS,LAC,2481.0,T,100,100,0
199704080LAC,RS,LAC,2491.0,LC,102,100,2
199704080LAC,RS,LAC,2499.0,,102,101,1
199704080LAC,RS,LAC,2516.0,,105,101,4
199704080LAC,RS,LAC,2548.0,,108,101,7
199704080LAC,RS,LAC,2582.0,,110,101,9
199704080LAC,RS,LAC,2637.0,,110,103,7
199704080LAC,RS,LAC,2682.0,,111,103,8
199704080LAC,RS,LAC,2711.0,,114,103,11
199704080LAC,RS,LAC,2728.0,,114,104,10
199704080LAC,RS,LAC,2735.0,,114,107,7
199704080LAC,RS,LAC,2754.0,,115,107,8
199704080LAC,RS,LAC,2754.0,,116,107,9
199704080LAC,RS,LAC,2767.0,,118,107,11
199704080LAC,RS,LAC,2773.0,,119,107,12
199704080LAC,RS,LAC,2773.0,,120,107,13
199704080LAC,RS,LAC,2788.0,,120,109,11
199704080LAC,RS,LAC,2797.0,,122,109,13
199704080LAC,RS,LAC,2807.0,,123,109,14
199704080LAC,RS,LAC,2807.0,,124,109,15
199704080LAC,RS,LAC,2825.0,,124,111,13
199704080LAC,RS,LAC,2847.0,,124,114,10
199704080LAC,RS,LAC,2867.0,F,127,114,13
199704080LAC,RS,LAC,2879.0,,127,117,10
199704100HOU,RS,VAN,0.0,,0,0,0
199704100HOU,RS,VAN,14.0,,3,0,3
199704100HOU,RS,VAN,64.0,,5,0,5
199704100HOU,RS,VAN,83.0,,5,2,3
199704100HOU,RS,VAN,141.0,,5,4,1
199704100HOU,RS,VAN,166.0,,6,4,2
199704100HOU,RS,VAN,166.0,,7,4,3
199704100HOU,RS,VAN,210.0,,7,6,1
199704100HOU,RS,VAN,242.0,LC,7,8,-1
199704100HOU,RS,VAN,256.0,LC,9,8,1
199704100HOU,RS,VAN,276.0,LC,9,10,-1
199704100HOU,RS,VAN,315.0,LC,11,10,1
199704100HOU,RS,VAN,350.0,,14,10,4
199704100HOU,RS,VAN,424.0,,14,12,2
199704100HOU,RS,VAN,444.0,,16,12,4
199704100HOU,RS,VAN,461.0,,16,14,2
199704100HOU,RS,VAN,474.0,,18,14,4
199704100HOU,RS,VAN,503.0,,20,14,6
199704100HOU,RS,VAN,571.0,,22,14,8
199704100HOU,RS,VAN,588.0,,22,16,6
199704100HOU,RS,VAN,608.0,,24,16,8
199704100HOU,RS,VAN,661.0,,24,18,6
199704100HOU,RS,VAN,682.0,,26,18,8
199704100HOU,RS,VAN,700.0,,26,20,6
199704100HOU,RS,VAN,748.0,,28,20,8
199704100HOU,RS,VAN,763.0,,28,22,6
199704100HOU,RS,VAN,812.0,,30,22,8
199704100HOU,RS,VAN,863.0,,30,24,6
199704100HOU,RS,VAN,898.0,,30,26,4
199704100HOU,RS,VAN,912.0,,32,26,6
199704100HOU,RS,VAN,945.0,,34,26,8
199704100HOU,RS,VAN,977.0,,36,26,10
199704100HOU,RS,VAN,1026.0,,36,28,8
199704100HOU,RS,VAN,1052.0,,36,30,6
199704100HOU,RS,VAN,1080.0,,36,32,4
199704100HOU,RS,VAN,1093.0,,38,32,6
199704100HOU,RS,VAN,1129.0,,40,32,8
199704100HOU,RS,VAN,1161.0,,42,32,10
199704100HOU,RS,VAN,1180.0,,42,35,7
199704100HOU,RS,VAN,1201.0,,45,35,10
199704100HOU,RS,VAN,1231.0,,45,38,7
199704100HOU,RS,VAN,1283.0,,45,40,5
199704100HOU,RS,VAN,1310.0,,46,40,6
199704100HOU,RS,VAN,1343.0,,48,40,8
199704100HOU,RS,VAN,1363.0,,48,41,7
199704100HOU,RS,VAN,1380.0,,50,41,9
199704100HOU,RS,VAN,1380.0,,51,41,10
199704100HOU,RS,VAN,1397.0,,51,44,7
199704100HOU,RS,VAN,1413.0,,54,44,10
199704100HOU,RS,VAN,1486.0,,56,44,12
199704100HOU,RS,VAN,1532.0,,57,44,13
199704100HOU,RS,VAN,1560.0,,57,46,11
199704100HOU,RS,VAN,1560.0,,57,47,10
199704100HOU,RS,VAN,1578.0,,57,50,7
199704100HOU,RS,VAN,1607.0,,60,50,10
199704100HOU,RS,VAN,1641.0,,60,53,7
199704100HOU,RS,VAN,1661.0,,63,53,10
199704100HOU,RS,VAN,1684.0,,64,53,11
199704100HOU,RS,VAN,1708.0,,64,56,8
199704100HOU,RS,VAN,1735.0,,64,58,6
199704100HOU,RS,VAN,1754.0,,64,60,4
199704100HOU,RS,VAN,1785.0,,64,62,2
199704100HOU,RS,VAN,1801.0,,65,62,3
199704100HOU,RS,VAN,1801.0,,66,62,4
199704100HOU,RS,VAN,1851.0,,68,62,6
199704100HOU,RS,VAN,1888.0,,68,64,4
199704100HOU,RS,VAN,1888.0,,68,65,3
199704100HOU,RS,VAN,1923.0,,69,65,4
199704100HOU,RS,VAN,1923.0,,70,65,5
199704100HOU,RS,VAN,1935.0,,70,67,3
199704100HOU,RS,VAN,1953.0,,72,67,5
199704100HOU,RS,VAN,1973.0,,72,70,2
199704100HOU,RS,VAN,2035.0,,74,70,4
199704100HOU,RS,VAN,2067.0,,74,72,2
199704100HOU,RS,VAN,2092.0,T,74,74,0
199704100HOU,RS,VAN,2133.0,,76,74,2
199704100HOU,RS,VAN,2133.0,,77,74,3
199704100HOU,RS,VAN,2179.0,,79,74,5
199704100HOU,RS,VAN,2198.0,,79,75,4
199704100HOU,RS,VAN,2198.0,,79,76,3
199704100HOU,RS,VAN,2247.0,,82,76,6
199704100HOU,RS,VAN,2272.0,,82,79,3
199704100HOU,RS,VAN,2288.0,,83,79,4
199704100HOU,RS,VAN,2288.0,,84,79,5
199704100HOU,RS,VAN,2288.0,,85,79,6
199704100HOU,RS,VAN,2301.0,,85,80,5
199704100HOU,RS,VAN,2301.0,,85,81,4
199704100HOU,RS,VAN,2329.0,,87,81,6
199704100HOU,RS,VAN,2349.0,,87,83,4
199704100HOU,RS,VAN,2370.0,,89,83,6
199704100HOU,RS,VAN,2396.0,,89,85,4
199704100HOU,RS,VAN,2472.0,,92,85,7
199704100HOU,RS,VAN,2520.0,,92,86,6
199704100HOU,RS,VAN,2520.0,,92,87,5
199704100HOU,RS,VAN,2545.0,,94,87,7
199704100HOU,RS,VAN,2588.0,,94,89,5
199704100HOU,RS,VAN,2745.0,,96,89,7
199704100HOU,RS,VAN,2782.0,,98,89,9
199704100HOU,RS,VAN,2812.0,,100,89,11
199704100HOU,RS,VAN,2822.0,,100,91,9
199704100HOU,RS,VAN,2822.0,,100,92,8
199704100HOU,RS,VAN,2826.0,,101,92,9
199704100HOU,RS,VAN,2826.0,F,102,92,10
199704100HOU,RS,VAN,2863.0,,102,94,8
199704110UTA,RS,UTA,0.0,,0,0,0
199704110UTA,RS,UTA,11.0,,0,2,-2
199704110UTA,RS,UTA,46.0,,0,4,-4
199704110UTA,RS,UTA,62.0,,2,4,-2
199704110UTA,RS,UTA,83.0,,2,7,-5
199704110UTA,RS,UTA,134.0,,2,9,-7
199704110UTA,RS,UTA,176.0,,2,10,-8
199704110UTA,RS,UTA,209.0,,2,12,-10
199704110UTA,RS,UTA,241.0,,4,12,-8
199704110UTA,RS,UTA,241.0,,5,12,-7
199704110UTA,RS,UTA,252.0,,5,13,-8
199704110UTA,RS,UTA,252.0,,5,14,-9
199704110UTA,RS,UTA,275.0,,5,16,-11
199704110UTA,RS,UTA,338.0,,7,16,-9
199704110UTA,RS,UTA,372.0,,10,16,-6
199704110UTA,RS,UTA,389.0,,10,17,-7
199704110UTA,RS,UTA,389.0,,10,18,-8
199704110UTA,RS,UTA,430.0,,11,18,-7
199704110UTA,RS,UTA,480.0,,11,20,-9
199704110UTA,RS,UTA,528.0,,11,22,-11
199704110UTA,RS,UTA,553.0,,14,22,-8
199704110UTA,RS,UTA,572.0,,14,23,-9
199704110UTA,RS,UTA,572.0,,14,24,-10
199704110UTA,RS,UTA,587.0,,16,24,-8
199704110UTA,RS,UTA,611.0,,17,24,-7
199704110UTA,RS,UTA,611.0,,18,24,-6
199704110UTA,RS,UTA,657.0,,18,27,-9
199704110UTA,RS,UTA,692.0,,20,27,-7
199704110UTA,RS,UTA,714.0,,20,30,-10
199704110UTA,RS,UTA,771.0,,20,32,-12
199704110UTA,RS,UTA,816.0,,22,32,-10
199704110UTA,RS,UTA,898.0,,24,32,-8
199704110UTA,RS,UTA,939.0,,24,34,-10
199704110UTA,RS,UTA,956.0,,26,34,-8
199704110UTA,RS,UTA,1014.0,,29,34,-5
199704110UTA,RS,UTA,1046.0,,29,36,-7
199704110UTA,RS,UTA,1073.0,,29,37,-8
199704110UTA,RS,UTA,1073.0,,29,38,-9
199704110UTA,RS,UTA,1092.0,,29,41,-12
199704110UTA,RS,UTA,1108.0,,30,41,-11
199704110UTA,RS,UTA,1108.0,,31,41,-10
199704110UTA,RS,UTA,1127.0,,31,43,-12
199704110UTA,RS,UTA,1149.0,,32,43,-11
199704110UTA,RS,UTA,1149.0,,33,43,-10
199704110UTA,RS,UTA,1168.0,,34,43,-9
199704110UTA,RS,UTA,1168.0,,35,43,-8
199704110UTA,RS,UTA,1218.0,,35,44,-9
199704110UTA,RS,UTA,1218.0,,35,45,-10
199704110UTA,RS,UTA,1274.0,,35,46,-11
199704110UTA,RS,UTA,1288.0,,37,46,-9
199704110UTA,RS,UTA,1305.0,,37,48,-11
199704110UTA,RS,UTA,1341.0,,39,48,-9
199704110UTA,RS,UTA,1353.0,,39,49,-10
199704110UTA,RS,UTA,1353.0,,39,50,-11
199704110UTA,RS,UTA,1382.0,,39,52,-13
199704110UTA,RS,UTA,1459.0,,41,52,-11
199704110UTA,RS,UTA,1482.0,,44,52,-8
199704110UTA,RS,UTA,1498.0,,44,53,-9
199704110UTA,RS,UTA,1498.0,,44,54,-10
199704110UTA,RS,UTA,1513.0,,47,54,-7
199704110UTA,RS,UTA,1557.0,,47,56,-9
199704110UTA,RS,UTA,1578.0,,49,56,-7
199704110UTA,RS,UTA,1594.0,,49,59,-10
199704110UTA,RS,UTA,1619.0,,49,61,-12
199704110UTA,RS,UTA,1640.0,,50,61,-11
199704110UTA,RS,UTA,1640.0,,51,61,-10
199704110UTA,RS,UTA,1656.0,,51,63,-12
199704110UTA,RS,UTA,1675.0,,53,63,-10
199704110UTA,RS,UTA,1718.0,,53,64,-11
199704110UTA,RS,UTA,1782.0,,53,66,-13
199704110UTA,RS,UTA,1782.0,,53,67,-14
199704110UTA,RS,UTA,1795.0,,55,67,-12
199704110UTA,RS,UTA,1795.0,,56,67,-11
199704110UTA,RS,UTA,1826.0,,56,69,-13
199704110UTA,RS,UTA,1846.0,,56,70,-14
199704110UTA,RS,UTA,1846.0,,56,71,-15
199704110UTA,RS,UTA,1860.0,,57,71,-14
199704110UTA,RS,UTA,1871.0,,57,72,-15
199704110UTA,RS,UTA,1871.0,,57,73,-16
199704110UTA,RS,UTA,1880.0,,58,73,-15
199704110UTA,RS,UTA,1880.0,,59,73,-14
199704110UTA,RS,UTA,1907.0,,59,74,-15
199704110UTA,RS,UTA,1907.0,,59,75,-16
199704110UTA,RS,UTA,1929.0,,60,75,-15
199704110UTA,RS,UTA,1929.0,,61,75,-14
199704110UTA,RS,UTA,1959.0,,61,77,-16
199704110UTA,RS,UTA,1979.0,,61,79,-18
199704110UTA,RS,UTA,2045.0,,62,79,-17
199704110UTA,RS,UTA,2045.0,,63,79,-16
199704110UTA,RS,UTA,2070.0,,64,79,-15
199704110UTA,RS,UTA,2070.0,,65,79,-14
199704110UTA,RS,UTA,2105.0,,67,79,-12
199704110UTA,RS,UTA,2214.0,,67,80,-13
199704110UTA,RS,UTA,2231.0,,69,80,-11
199704110UTA,RS,UTA,2281.0,,69,82,-13
199704110UTA,RS,UTA,2300.0,,71,82,-11
199704110UTA,RS,UTA,2327.0,,71,84,-13
199704110UTA,RS,UTA,2349.0,,72,84,-12
199704110UTA,RS,UTA,2349.0,,73,84,-11
199704110UTA,RS,UTA,2367.0,,73,87,-14
199704110UTA,RS,UTA,2455.0,,75,87,-12
199704110UTA,RS,UTA,2465.0,,75,88,-13
199704110UTA,RS,UTA,2491.0,,75,90,-15
199704110UTA,RS,UTA,2516.0,,75,91,-16
199704110UTA,RS,UTA,2611.0,,75,93,-18
199704110UTA,RS,UTA,2649.0,,75,95,-20
199704110UTA,RS,UTA,2661.0,,76,95,-19
199704110UTA,RS,UTA,2661.0,,77,95,-18
199704110UTA,RS,UTA,2680.0,,77,97,-20
199704110UTA,RS,UTA,2690.0,,79,97,-18
199704110UTA,RS,UTA,2722.0,,80,97,-17
199704110UTA,RS,UTA,2768.0,,81,97,-16
199704110UTA,RS,UTA,2770.0,,81,98,-17
199704110UTA,RS,UTA,2792.0,,81,100,-19
199704110UTA,RS,UTA,2840.0,,81,102,-21
199704110UTA,RS,UTA,2870.0,F,81,104,-23
199704110UTA,RS,UTA,2879.0,,83,104,-21
199704130HOU,RS,SEA,0.0,,0,0,0
199704130HOU,RS,SEA,7.0,,2,0,2
199704130HOU,RS,SEA,31.0,,4,0,4
199704130HOU,RS,SEA,50.0,,4,2,2
199704130HOU,RS,SEA,128.0,,7,2,5
199704130HOU,RS,SEA,168.0,,9,2,7
199704130HOU,RS,SEA,168.0,,10,2,8
199704130HOU,RS,SEA,179.0,,10,4,6
199704130HOU,RS,SEA,237.0,,10,6,4
199704130HOU,RS,SEA,243.0,,12,6,6
199704130HOU,RS,SEA,279.0,,12,8,4
199704130HOU,RS,SEA,295.0,,15,8,7
199704130HOU,RS,SEA,311.0,,15,10,5
199704130HOU,RS,SEA,329.0,,18,10,8
199704130HOU,RS,SEA,370.0,,18,13,5
199704130HOU,RS,SEA,400.0,,18,15,3
199704130HOU,RS,SEA,464.0,,20,15,5
199704130HOU,RS,SEA,474.0,,20,16,4
199704130HOU,RS,SEA,509.0,,22,16,6
199704130HOU,RS,SEA,546.0,,22,17,5
199704130HOU,RS,SEA,546.0,,22,18,4
199704130HOU,RS,SEA,561.0,,25,18,7
199704130HOU,RS,SEA,581.0,,25,20,5
199704130HOU,RS,SEA,667.0,,26,20,6
199704130HOU,RS,SEA,671.0,,28,20,8
199704130HOU,RS,SEA,720.0,,31,20,11
199704130HOU,RS,SEA,787.0,,31,22,9
199704130HOU,RS,SEA,787.0,,31,23,8
199704130HOU,RS,SEA,798.0,,34,23,11
199704130HOU,RS,SEA,828.0,,36,23,13
199704130HOU,RS,SEA,888.0,,39,23,16
199704130HOU,RS,SEA,897.0,,39,25,14
199704130HOU,RS,SEA,962.0,,39,27,12
199704130HOU,RS,SEA,978.0,,41,27,14
199704130HOU,RS,SEA,1051.0,,41,28,13
199704130HOU,RS,SEA,1051.0,,41,29,12
199704130HOU,RS,SEA,1081.0,,43,29,14
199704130HOU,RS,SEA,1087.0,,43,31,12
199704130HOU,RS,SEA,1128.0,,45,31,14
199704130HOU,RS,SEA,1138.0,,45,32,13
199704130HOU,RS,SEA,1150.0,,47,32,15
199704130HOU,RS,SEA,1162.0,,47,34,13
199704130HOU,RS,SEA,1190.0,,49,34,15
199704130HOU,RS,SEA,1241.0,,51,34,17
199704130HOU,RS,SEA,1263.0,,51,36,15
199704130HOU,RS,SEA,1312.0,,52,36,16
199704130HOU,RS,SEA,1359.0,,53,36,17
199704130HOU,RS,SEA,1359.0,,54,36,18
199704130HOU,RS,SEA,1388.0,,56,36,20
199704130HOU,RS,SEA,1416.0,,56,37,19
199704130HOU,RS,SEA,1423.0,,56,38,18
199704130HOU,RS,SEA,1461.0,,56,40,16
199704130HOU,RS,SEA,1480.0,,59,40,19
199704130HOU,RS,SEA,1525.0,,61,40,21
199704130HOU,RS,SEA,1537.0,,61,43,18
199704130HOU,RS,SEA,1653.0,,63,43,20
199704130HOU,RS,SEA,1653.0,,64,43,21
199704130HOU,RS,SEA,1694.0,,66,43,23
199704130HOU,RS,SEA,1760.0,,66,46,20
199704130HOU,RS,SEA,1794.0,,67,46,21
199704130HOU,RS,SEA,1794.0,,68,46,22
199704130HOU,RS,SEA,1805.0,,68,48,20
199704130HOU,RS,SEA,1832.0,,70,48,22
199704130HOU,RS,SEA,1851.0,,70,51,19
199704130HOU,RS,SEA,1878.0,,73,51,22
199704130HOU,RS,SEA,1902.0,,74,51,23
199704130HOU,RS,SEA,1902.0,,75,51,24
199704130HOU,RS,SEA,1920.0,,75,53,22
199704130HOU,RS,SEA,1933.0,,76,53,23
199704130HOU,RS,SEA,1976.0,,76,55,21
199704130HOU,RS,SEA,2047.0,,77,55,22
199704130HOU,RS,SEA,2129.0,,79,55,24
199704130HOU,RS,SEA,2238.0,,80,55,25
199704130HOU,RS,SEA,2277.0,,80,56,24
199704130HOU,RS,SEA,2318.0,,82,56,26
199704130HOU,RS,SEA,2341.0,,84,56,28
199704130HOU,RS,SEA,2379.0,,86,56,30
199704130HOU,RS,SEA,2409.0,,89,56,33
199704130HOU,RS,SEA,2467.0,,90,56,34
199704130HOU,RS,SEA,2467.0,,91,56,35
199704130HOU,RS,SEA,2467.0,,92,56,36
199704130HOU,RS,SEA,2481.0,,92,58,34
199704130HOU,RS,SEA,2500.0,,94,58,36
199704130HOU,RS,SEA,2523.0,,96,58,38
199704130HOU,RS,SEA,2563.0,,96,60,36
199704130HOU,RS,SEA,2571.0,,99,60,39
199704130HOU,RS,SEA,2616.0,,99,62,37
199704130HOU,RS,SEA,2627.0,,102,62,40
199704130HOU,RS,SEA,2647.0,,102,64,38
199704130HOU,RS,SEA,2657.0,,105,64,41
199704130HOU,RS,SEA,2700.0,,105,66,39
199704130HOU,RS,SEA,2737.0,,107,66,41
199704130HOU,RS,SEA,2782.0,,109,66,43
199704130HOU,RS,SEA,2787.0,,109,67,42
199704130HOU,RS,SEA,2804.0,,111,67,44
199704130HOU,RS,SEA,2808.0,,111,69,42
199704130HOU,RS,SEA,2839.0,,111,71,40
199704130HOU,RS,SEA,2854.0,F,113,71,42
199704130HOU,RS,SEA,2875.0,,113,73,40
199704150HOU,RS,LAC,0.0,,0,0,0
199704150HOU,RS,LAC,24.0,,2,0,2
199704150HOU,RS,LAC,37.0,T,2,2,0
199704150HOU,RS,LAC,51.0,,4,2,2
199704150HOU,RS,LAC,62.0,,4,3,1
199704150HOU,RS,LAC,62.0,T,4,4,0
199704150HOU,RS,LAC,79.0,LC,4,6,-2
199704150HOU,RS,LAC,104.0,,4,8,-4
199704150HOU,RS,LAC,133.0,,6,8,-2
199704150HOU,RS,LAC,133.0,,7,8,-1
199704150HOU,RS,LAC,149.0,LC,10,8,2
199704150HOU,RS,LAC,217.0,,12,8,4
199704150HOU,RS,LAC,250.0,,15,8,7
199704150HOU,RS,LAC,282.0,,15,9,6
199704150HOU,RS,LAC,282.0,,15,10,5
199704150HOU,RS,LAC,295.0,,17,10,7
199704150HOU,RS,LAC,320.0,,20,10,10
199704150HOU,RS,LAC,336.0,,20,12,8
199704150HOU,RS,LAC,398.0,,20,14,6
199704150HOU,RS,LAC,425.0,,22,14,8
199704150HOU,RS,LAC,448.0,,22,16,6
199704150HOU,RS,LAC,467.0,,24,16,8
199704150HOU,RS,LAC,482.0,,27,16,11
199704150HOU,RS,LAC,505.0,,27,18,9
199704150HOU,RS,LAC,526.0,,27,20,7
199704150HOU,RS,LAC,561.0,,28,20,8
199704150HOU,RS,LAC,561.0,,29,20,9
199704150HOU,RS,LAC,570.0,,29,22,7
199704150HOU,RS,LAC,576.0,,31,22,9
199704150HOU,RS,LAC,608.0,,31,24,7
199704150HOU,RS,LAC,626.0,,34,24,10
199704150HOU,RS,LAC,639.0,,34,26,8
199704150HOU,RS,LAC,656.0,,37,26,11
199704150HOU,RS,LAC,674.0,,39,26,13
199704150HOU,RS,LAC,695.0,,39,28,11
199704150HOU,RS,LAC,742.0,,42,28,14
199704150HOU,RS,LAC,795.0,,42,31,11
199704150HOU,RS,LAC,821.0,,45,31,14
199704150HOU,RS,LAC,857.0,,45,33,12
199704150HOU,RS,LAC,892.0,,45,35,10
199704150HOU,RS,LAC,902.0,,48,35,13
199704150HOU,RS,LAC,924.0,,50,35,15
199704150HOU,RS,LAC,932.0,,51,35,16
199704150HOU,RS,LAC,941.0,,51,38,13
199704150HOU,RS,LAC,970.0,,54,38,16
199704150HOU,RS,LAC,990.0,,54,40,14
199704150HOU,RS,LAC,1003.0,,57,40,17
199704150HOU,RS,LAC,1017.0,,57,41,16
199704150HOU,RS,LAC,1017.0,,57,42,15
199704150HOU,RS,LAC,1032.0,,59,42,17
199704150HOU,RS,LAC,1045.0,,59,45,14
199704150HOU,RS,LAC,1067.0,,61,45,16
199704150HOU,RS,LAC,1088.0,,61,47,14
199704150HOU,RS,LAC,1105.0,,63,47,16
199704150HOU,RS,LAC,1180.0,,65,47,18
199704150HOU,RS,LAC,1204.0,,65,49,16
199704150HOU,RS,LAC,1230.0,,66,49,17
199704150HOU,RS,LAC,1230.0,,67,49,18
199704150HOU,RS,LAC,1250.0,,67,52,15
199704150HOU,RS,LAC,1271.0,,67,54,13
199704150HOU,RS,LAC,1369.0,,69,54,15
199704150HOU,RS,LAC,1399.0,,70,54,16
199704150HOU,RS,LAC,1410.0,,70,56,14
199704150HOU,RS,LAC,1435.0,,71,56,15
199704150HOU,RS,LAC,1471.0,,74,56,18
199704150HOU,RS,LAC,1512.0,,74,58,16
199704150HOU,RS,LAC,1542.0,,74,60,14
199704150HOU,RS,LAC,1569.0,,74,63,11
199704150HOU,RS,LAC,1608.0,,76,63,13
199704150HOU,RS,LAC,1646.0,,76,65,11
199704150HOU,RS,LAC,1664.0,,78,65,13
199704150HOU,RS,LAC,1688.0,,78,67,11
199704150HOU,RS,LAC,1703.0,,80,67,13
199704150HOU,RS,LAC,1719.0,,82,67,15
199704150HOU,RS,LAC,1766.0,,82,69,13
199704150HOU,RS,LAC,1803.0,,82,72,10
199704150HOU,RS,LAC,1803.0,,82,73,9
199704150HOU,RS,LAC,1891.0,,82,74,8
199704150HOU,RS,LAC,1931.0,,84,74,10
199704150HOU,RS,LAC,1931.0,,85,74,11
199704150HOU,RS,LAC,1960.0,,88,74,14
199704150HOU,RS,LAC,2009.0,,90,74,16
199704150HOU,RS,LAC,2036.0,,92,74,18
199704150HOU,RS,LAC,2054.0,,94,74,20
199704150HOU,RS,LAC,2102.0,,94,76,18
199704150HOU,RS,LAC,2102.0,,94,77,17
199704150HOU,RS,LAC,2127.0,,95,77,18
199704150HOU,RS,LAC,2127.0,,96,77,19
199704150HOU,RS,LAC,2139.0,,96,79,17
199704150HOU,RS,LAC,2176.0,,98,79,19
199704150HOU,RS,LAC,2203.0,,98,81,17
199704150HOU,RS,LAC,2203.0,,98,82,16
199704150HOU,RS,LAC,2243.0,,98,84,14
199704150HOU,RS,LAC,2259.0,,101,84,17
199704150HOU,RS,LAC,2288.0,,101,87,14
199704150HOU,RS,LAC,2302.0,,102,87,15
199704150HOU,RS,LAC,2302.0,,103,87,16
199704150HOU,RS,LAC,2318.0,,103,90,13
199704150HOU,RS,LAC,2334.0,,103,92,11
199704150HOU,RS,LAC,2360.0,,103,94,9
199704150HOU,RS,LAC,2360.0,,103,95,8
199704150HOU,RS,LAC,2411.0,,103,98,5
199704150HOU,RS,LAC,2432.0,,104,98,6
199704150HOU,RS,LAC,2432.0,,105,98,7
199704150HOU,RS,LAC,2468.0,,105,100,5
199704150HOU,RS,LAC,2488.0,,107,100,7
199704150HOU,RS,LAC,2504.0,,107,102,5
199704150HOU,RS,LAC,2566.0,,109,102,7
199704150HOU,RS,LAC,2589.0,,109,104,5
199704150HOU,RS,LAC,2680.0,,109,106,3
199704150HOU,RS,LAC,2703.0,,112,106,6
199704150HOU,RS,LAC,2719.0,,112,108,4
199704150HOU,RS,LAC,2735.0,,113,108,5
199704150HOU,RS,LAC,2735.0,,114,108,6
199704150HOU,RS,LAC,2758.0,,114,110,4
199704150HOU,RS,LAC,2770.0,,116,110,6
199704150HOU,RS,LAC,2794.0,,117,110,7
199704150HOU,RS,LAC,2808.0,,117,111,6
199704150HOU,RS,LAC,2808.0,,117,112,5
199704150HOU,RS,LAC,2822.0,,118,112,6
199704150HOU,RS,LAC,2822.0,,119,112,7
199704150HOU,RS,LAC,2835.0,,119,114,5
199704150HOU,RS,LAC,2866.0,,119,116,3
199704150HOU,RS,LAC,2871.0,,120,116,4
199704150HOU,RS,LAC,2871.0,,121,116,5
199704150HOU,RS,LAC,2875.0,,121,119,2
199704150HOU,RS,LAC,2876.0,,122,119,3
199704150HOU,RS,LAC,2876.0,F,123,119,4
199704150HOU,RS,LAC,2880.0,,123,119,4
199704180HOU,RS,DAL,0.0,,0,0,0
199704180HOU,RS,DAL,15.0,,3,0,3
199704180HOU,RS,DAL,52.0,,3,2,1
199704180HOU,RS,DAL,62.0,,6,2,4
199704180HOU,RS,DAL,80.0,,6,4,2
199704180HOU,RS,DAL,94.0,,8,4,4
199704180HOU,RS,DAL,122.0,,8,6,2
199704180HOU,RS,DAL,177.0,,10,6,4
199704180HOU,RS,DAL,194.0,,10,8,2
199704180HOU,RS,DAL,232.0,,11,8,3
199704180HOU,RS,DAL,250.0,,11,10,1
199704180HOU,RS,DAL,270.0,LC,11,12,-1
199704180HOU,RS,DAL,306.0,LC,13,12,1
199704180HOU,RS,DAL,306.0,,14,12,2
199704180HOU,RS,DAL,318.0,T,14,14,0
199704180HOU,RS,DAL,347.0,LC,14,16,-2
199704180HOU,RS,DAL,375.0,T,16,16,0
199704180HOU,RS,DAL,394.0,LC,18,16,2
199704180HOU,RS,DAL,426.0,,21,16,5
199704180HOU,RS,DAL,448.0,,21,18,3
199704180HOU,RS,DAL,462.0,,23,18,5
199704180HOU,RS,DAL,502.0,,23,19,4
199704180HOU,RS,DAL,511.0,,25,19,6
199704180HOU,RS,DAL,537.0,,25,21,4
199704180HOU,RS,DAL,580.0,,25,23,2
199704180HOU,RS,DAL,616.0,LC,25,26,-1
199704180HOU,RS,DAL,632.0,LC,27,26,1
199704180HOU,RS,DAL,640.0,LC,27,28,-1
199704180HOU,RS,DAL,681.0,,27,30,-3
199704180HOU,RS,DAL,720.0,,29,30,-1
199704180HOU,RS,DAL,733.0,,29,32,-3
199704180HOU,RS,DAL,752.0,,31,32,-1
199704180HOU,RS,DAL,799.0,,31,33,-2
199704180HOU,RS,DAL,805.0,T,33,33,0
199704180HOU,RS,DAL,823.0,,33,34,-1
199704180HOU,RS,DAL,823.0,,33,35,-2
199704180HOU,RS,DAL,863.0,T,35,35,0
199704180HOU,RS,DAL,900.0,LC,37,35,2
199704180HOU,RS,DAL,930.0,T,37,37,0
199704180HOU,RS,DAL,987.0,LC,37,40,-3
199704180HOU,RS,DAL,1162.0,,37,42,-5
199704180HOU,RS,DAL,1199.0,,37,44,-7
199704180HOU,RS,DAL,1228.0,,40,44,-4
199704180HOU,RS,DAL,1255.0,,40,46,-6
199704180HOU,RS,DAL,1280.0,,40,48,-8
199704180HOU,RS,DAL,1298.0,,40,50,-10
199704180HOU,RS,DAL,1314.0,,40,52,-12
199704180HOU,RS,DAL,1329.0,,43,52,-9
199704180HOU,RS,DAL,1385.0,,43,53,-10
199704180HOU,RS,DAL,1385.0,,43,54,-11
199704180HOU,RS,DAL,1395.0,,45,54,-9
199704180HOU,RS,DAL,1505.0,,45,56,-11
199704180HOU,RS,DAL,1537.0,,45,58,-13
199704180HOU,RS,DAL,1548.0,,46,58,-12
199704180HOU,RS,DAL,1548.0,,47,58,-11
199704180HOU,RS,DAL,1560.0,,47,60,-13
199704180HOU,RS,DAL,1574.0,,49,60,-11
199704180HOU,RS,DAL,1621.0,,49,61,-12
199704180HOU,RS,DAL,1632.0,,51,61,-10
199704180HOU,RS,DAL,1745.0,,54,61,-7
199704180HOU,RS,DAL,1765.0,,54,63,-9
199704180HOU,RS,DAL,1783.0,,56,63,-7
199704180HOU,RS,DAL,1812.0,,56,66,-10
199704180HOU,RS,DAL,1835.0,,57,66,-9
199704180HOU,RS,DAL,1835.0,,58,66,-8
199704180HOU,RS,DAL,1853.0,,58,68,-10
199704180HOU,RS,DAL,1880.0,,59,68,-9
199704180HOU,RS,DAL,1880.0,,60,68,-8
199704180HOU,RS,DAL,1931.0,,60,71,-11
199704180HOU,RS,DAL,1966.0,,60,73,-13
199704180HOU,RS,DAL,1982.0,,62,73,-11
199704180HOU,RS,DAL,1994.0,,64,73,-9
199704180HOU,RS,DAL,2012.0,,64,75,-11
199704180HOU,RS,DAL,2035.0,,67,75,-8
199704180HOU,RS,DAL,2058.0,,67,77,-10
199704180HOU,RS,DAL,2075.0,,70,77,-7
199704180HOU,RS,DAL,2104.0,,73,77,-4
199704180HOU,RS,DAL,2133.0,,74,77,-3
199704180HOU,RS,DAL,2133.0,,75,77,-2
199704180HOU,RS,DAL,2155.0,,75,79,-4
199704180HOU,RS,DAL,2205.0,,75,81,-6
199704180HOU,RS,DAL,2220.0,,78,81,-3
199704180HOU,RS,DAL,2293.0,,80,81,-1
199704180HOU,RS,DAL,2326.0,LC,82,81,1
199704180HOU,RS,DAL,2349.0,LC,82,83,-1
199704180HOU,RS,DAL,2360.0,LC,84,83,1
199704180HOU,RS,DAL,2393.0,,86,83,3
199704180HOU,RS,DAL,2410.0,T,86,86,0
199704180HOU,RS,DAL,2431.0,LC,86,88,-2
199704180HOU,RS,DAL,2489.0,,86,91,-5
199704180HOU,RS,DAL,2553.0,,89,91,-2
199704180HOU,RS,DAL,2668.0,,89,93,-4
199704180HOU,RS,DAL,2687.0,,91,93,-2
199704180HOU,RS,DAL,2736.0,,91,95,-4
199704180HOU,RS,DAL,2754.0,,93,95,-2
199704180HOU,RS,DAL,2857.0,T,95,95,0
199704180HOU,RS,DAL,2929.0,LC,98,95,3
199704180HOU,RS,DAL,2956.0,,100,95,5
199704180HOU,RS,DAL,3005.0,,100,97,3
199704180HOU,RS,DAL,3030.0,,101,97,4
199704180HOU,RS,DAL,3030.0,,102,97,5
199704180HOU,RS,DAL,3045.0,,102,98,4
199704180HOU,RS,DAL,3045.0,,102,99,3
199704180HOU,RS,DAL,3061.0,,104,99,5
199704180HOU,RS,DAL,3131.0,,107,99,8
199704180HOU,RS,DAL,3141.0,,107,102,5
199704180HOU,RS,DAL,3156.0,,108,102,6
199704180HOU,RS,DAL,3170.0,,109,102,7
199704180HOU,RS,DAL,3170.0,F,110,102,8
199704180HOU,RS,DAL,3176.0,,112,102,10
199704200SAS,RS,SAS,0.0,,0,0,0
199704200SAS,RS,SAS,30.0,,0,2,-2
199704200SAS,RS,SAS,84.0,T,2,2,0
199704200SAS,RS,SAS,107.0,LC,4,2,2
199704200SAS,RS,SAS,185.0,,6,2,4
199704200SAS,RS,SAS,215.0,,6,4,2
199704200SAS,RS,SAS,233.0,T,6,6,0
199704200SAS,RS,SAS,247.0,,8,6,2
199704200SAS,RS,SAS,279.0,,10,6,4
199704200SAS,RS,SAS,293.0,,10,8,2
199704200SAS,RS,SAS,319.0,T,10,10,0
199704200SAS,RS,SAS,362.0,LC,10,12,-2
199704200SAS,RS,SAS,378.0,,11,12,-1
199704200SAS,RS,SAS,378.0,T,12,12,0
199704200SAS,RS,SAS,415.0,,12,14,-2
199704200SAS,RS,SAS,433.0,,13,14,-1
199704200SAS,RS,SAS,433.0,T,14,14,0
199704200SAS,RS,SAS,443.0,,14,16,-2
199704200SAS,RS,SAS,456.0,,15,16,-1
199704200SAS,RS,SAS,456.0,T,16,16,0
199704200SAS,RS,SAS,582.0,,16,18,-2
199704200SAS,RS,SAS,582.0,,16,19,-3
199704200SAS,RS,SAS,631.0,T,19,19,0
199704200SAS,RS,SAS,654.0,,19,21,-2
199704200SAS,RS,SAS,684.0,,19,23,-4
199704200SAS,RS,SAS,701.0,,21,23,-2
199704200SAS,RS,SAS,775.0,,21,25,-4
199704200SAS,RS,SAS,808.0,,22,25,-3
199704200SAS,RS,SAS,808.0,,23,25,-2
199704200SAS,RS,SAS,843.0,,23,27,-4
199704200SAS,RS,SAS,885.0,,23,28,-5
199704200SAS,RS,SAS,885.0,,23,29,-6
199704200SAS,RS,SAS,914.0,,25,29,-4
199704200SAS,RS,SAS,930.0,,25,31,-6
199704200SAS,RS,SAS,957.0,,25,33,-8
199704200SAS,RS,SAS,979.0,,27,33,-6
199704200SAS,RS,SAS,990.0,,27,34,-7
199704200SAS,RS,SAS,990.0,,27,35,-8
199704200SAS,RS,SAS,1000.0,,29,35,-6
199704200SAS,RS,SAS,1064.0,,29,37,-8
199704200SAS,RS,SAS,1086.0,,31,37,-6
199704200SAS,RS,SAS,1161.0,,34,37,-3
199704200SAS,RS,SAS,1181.0,,34,40,-6
199704200SAS,RS,SAS,1219.0,,36,40,-4
199704200SAS,RS,SAS,1265.0,,38,40,-2
199704200SAS,RS,SAS,1297.0,,39,40,-1
199704200SAS,RS,SAS,1301.0,LC,42,40,2
199704200SAS,RS,SAS,1347.0,T,42,42,0
199704200SAS,RS,SAS,1383.0,LC,42,43,-1
199704200SAS,RS,SAS,1383.0,,42,44,-2
199704200SAS,RS,SAS,1389.0,,43,44,-1
199704200SAS,RS,SAS,1389.0,T,44,44,0
199704200SAS,RS,SAS,1403.0,LC,46,44,2
199704200SAS,RS,SAS,1418.0,,46,45,1
199704200SAS,RS,SAS,1418.0,T,46,46,0
199704200SAS,RS,SAS,1496.0,,48,46,2
199704200SAS,RS,SAS,1521.0,,50,46,4
199704200SAS,RS,SAS,1590.0,,50,48,2
199704200SAS,RS,SAS,1606.0,,52,48,4
199704200SAS,RS,SAS,1620.0,,52,50,2
199704200SAS,RS,SAS,1658.0,T,52,52,0
199704200SAS,RS,SAS,1676.0,,54,52,2
199704200SAS,RS,SAS,1727.0,,54,53,1
199704200SAS,RS,SAS,1727.0,T,54,54,0
199704200SAS,RS,SAS,1738.0,,56,54,2
199704200SAS,RS,SAS,1780.0,,56,55,1
199704200SAS,RS,SAS,1802.0,,58,55,3
199704200SAS,RS,SAS,1832.0,,60,55,5
199704200SAS,RS,SAS,1849.0,,60,57,3
199704200SAS,RS,SAS,1894.0,,63,57,6
199704200SAS,RS,SAS,1916.0,,63,59,4
199704200SAS,RS,SAS,1931.0,,64,59,5
199704200SAS,RS,SAS,1931.0,,65,59,6
199704200SAS,RS,SAS,1945.0,,65,60,5
199704200SAS,RS,SAS,1945.0,,65,61,4
199704200SAS,RS,SAS,2035.0,,65,63,2
199704200SAS,RS,SAS,2053.0,,67,63,4
199704200SAS,RS,SAS,2076.0,,67,65,2
199704200SAS,RS,SAS,2126.0,T,67,67,0
199704200SAS,RS,SAS,2139.0,,68,67,1
199704200SAS,RS,SAS,2160.0,,71,67,4
199704200SAS,RS,SAS,2177.0,,73,67,6
199704200SAS,RS,SAS,2195.0,,73,69,4
199704200SAS,RS,SAS,2206.0,,75,69,6
199704200SAS,RS,SAS,2222.0,,75,71,4
199704200SAS,RS,SAS,2250.0,,77,71,6
199704200SAS,RS,SAS,2304.0,,78,71,7
199704200SAS,RS,SAS,2322.0,,78,73,5
199704200SAS,RS,SAS,2336.0,,80,73,7
199704200SAS,RS,SAS,2357.0,,80,74,6
199704200SAS,RS,SAS,2392.0,,80,75,5
199704200SAS,RS,SAS,2419.0,,83,75,8
199704200SAS,RS,SAS,2447.0,,83,77,6
199704200SAS,RS,SAS,2447.0,,83,78,5
199704200SAS,RS,SAS,2459.0,,85,78,7
199704200SAS,RS,SAS,2459.0,,86,78,8
199704200SAS,RS,SAS,2492.0,,86,80,6
199704200SAS,RS,SAS,2531.0,,86,82,4
199704200SAS,RS,SAS,2575.0,,86,84,2
199704200SAS,RS,SAS,2634.0,,87,84,3
199704200SAS,RS,SAS,2634.0,,88,84,4
199704200SAS,RS,SAS,2665.0,,91,84,7
199704200SAS,RS,SAS,2695.0,,93,84,9
199704200SAS,RS,SAS,2695.0,,94,84,10
199704200SAS,RS,SAS,2713.0,,94,86,8
199704200SAS,RS,SAS,2833.0,,94,87,7
199704200SAS,RS,SAS,2833.0,,94,88,6
199704200SAS,RS,SAS,2833.0,,96,88,8
199704200SAS,RS,SAS,2833.0,,96,90,6
199704200SAS,RS,SAS,2834.0,,97,90,7
199704200SAS,RS,SAS,2834.0,,98,90,8
199704200SAS,RS,SAS,2834.0,,98,92,6
199704200SAS,RS,SAS,2834.0,,98,93,5
199704200SAS,RS,SAS,2834.0,,100,93,7
199704200SAS,RS,SAS,2834.0,,100,95,5
199704200SAS,RS,SAS,2847.0,,101,95,6
199704200SAS,RS,SAS,2859.0,,101,97,4
199704200SAS,RS,SAS,2867.0,,102,97,5
199704200SAS,RS,SAS,2867.0,F,103,97,6
199704200SAS,RS,SAS,2876.0,,103,99,4
199704240HOU,PO,MIN,0.0,,0,0,0
199704240HOU,PO,MIN,77.0,,0,3,-3
199704240HOU,PO,MIN,99.0,,2,3,-1
199704240HOU,PO,MIN,123.0,,2,5,-3
199704240HOU,PO,MIN,182.0,,4,5,-1
199704240HOU,PO,MIN,206.0,LC,7,5,2
199704240HOU,PO,MIN,228.0,T,7,7,0
199704240HOU,PO,MIN,269.0,LC,7,9,-2
199704240HOU,PO,MIN,292.0,LC,10,9,1
199704240HOU,PO,MIN,311.0,LC,10,12,-2
199704240HOU,PO,MIN,330.0,T,12,12,0
199704240HOU,PO,MIN,352.0,,12,14,-2
199704240HOU,PO,MIN,365.0,,13,14,-1
199704240HOU,PO,MIN,365.0,T,14,14,0
199704240HOU,PO,MIN,380.0,,14,17,-3
199704240HOU,PO,MIN,416.0,,14,19,-5
199704240HOU,PO,MIN,467.0,,16,19,-3
199704240HOU,PO,MIN,517.0,T,19,19,0
199704240HOU,PO,MIN,536.0,,19,20,-1
199704240HOU,PO,MIN,536.0,,19,21,-2
199704240HOU,PO,MIN,544.0,T,21,21,0
199704240HOU,PO,MIN,576.0,LC,22,21,1
199704240HOU,PO,MIN,630.0,,23,21,2
199704240HOU,PO,MIN,630.0,,24,21,3
199704240HOU,PO,MIN,643.0,,24,22,2
199704240HOU,PO,MIN,651.0,,24,23,1
199704240HOU,PO,MIN,652.0,,26,23,3
199704240HOU,PO,MIN,652.0,,27,23,4
199704240HOU,PO,MIN,689.0,,29,23,6
199704240HOU,PO,MIN,708.0,,29,24,5
199704240HOU,PO,MIN,708.0,,29,25,4
199704240HOU,PO,MIN,720.0,,31,25,6
199704240HOU,PO,MIN,771.0,,31,26,5
199704240HOU,PO,MIN,771.0,,31,27,4
199704240HOU,PO,MIN,774.0,,31,29,2
199704240HOU,PO,MIN,782.0,,33,29,4
199704240HOU,PO,MIN,846.0,,33,31,2
199704240HOU,PO,MIN,892.0,,35,31,4
199704240HOU,PO,MIN,906.0,,35,33,2
199704240HOU,PO,MIN,942.0,,37,33,4
199704240HOU,PO,MIN,972.0,,37,36,1
199704240HOU,PO,MIN,997.0,,39,36,3
199704240HOU,PO,MIN,997.0,,40,36,4
199704240HOU,PO,MIN,1015.0,,40,37,3
199704240HOU,PO,MIN,1085.0,,41,37,4
199704240HOU,PO,MIN,1103.0,,41,39,2
199704240HOU,PO,MIN,1113.0,,43,39,4
199704240HOU,PO,MIN,1185.0,,43,41,2
199704240HOU,PO,MIN,1204.0,,46,41,5
199704240HOU,PO,MIN,1226.0,,46,43,3
199704240HOU,PO,MIN,1241.0,,49,43,6
199704240HOU,PO,MIN,1276.0,,51,43,8
199704240HOU,PO,MIN,1299.0,,51,46,5
199704240HOU,PO,MIN,1318.0,,54,46,8
199704240HOU,PO,MIN,1388.0,,55,46,9
199704240HOU,PO,MIN,1388.0,,56,46,10
199704240HOU,PO,MIN,1415.0,,59,46,13
199704240HOU,PO,MIN,1435.0,,59,48,11
199704240HOU,PO,MIN,1439.0,,60,48,12
199704240HOU,PO,MIN,1439.0,,61,48,13
199704240HOU,PO,MIN,1460.0,,61,51,10
199704240HOU,PO,MIN,1478.0,,64,51,13
199704240HOU,PO,MIN,1535.0,,66,51,15
199704240HOU,PO,MIN,1577.0,,66,53,13
199704240HOU,PO,MIN,1619.0,,68,53,15
199704240HOU,PO,MIN,1652.0,,70,53,17
199704240HOU,PO,MIN,1688.0,,73,53,20
199704240HOU,PO,MIN,1709.0,,73,55,18
199704240HOU,PO,MIN,1733.0,,75,55,20
199704240HOU,PO,MIN,1770.0,,75,57,18
199704240HOU,PO,MIN,1770.0,,75,58,17
199704240HOU,PO,MIN,1779.0,,77,58,19
199704240HOU,PO,MIN,1801.0,,77,60,17
199704240HOU,PO,MIN,1852.0,,77,62,15
199704240HOU,PO,MIN,1864.0,,78,62,16
199704240HOU,PO,MIN,1895.0,,80,62,18
199704240HOU,PO,MIN,1938.0,,82,62,20
199704240HOU,PO,MIN,1984.0,,82,64,18
199704240HOU,PO,MIN,2010.0,,82,65,17
199704240HOU,PO,MIN,2012.0,,83,65,18
199704240HOU,PO,MIN,2012.0,,84,65,19
199704240HOU,PO,MIN,2039.0,,86,65,21
199704240HOU,PO,MIN,2085.0,,88,65,23
199704240HOU,PO,MIN,2195.0,,88,67,21
199704240HOU,PO,MIN,2289.0,,89,67,22
199704240HOU,PO,MIN,2289.0,,90,67,23
199704240HOU,PO,MIN,2302.0,,90,70,20
199704240HOU,PO,MIN,2348.0,,92,70,22
199704240HOU,PO,MIN,2365.0,,92,71,21
199704240HOU,PO,MIN,2396.0,,94,71,23
199704240HOU,PO,MIN,2406.0,,94,73,21
199704240HOU,PO,MIN,2430.0,,94,75,19
199704240HOU,PO,MIN,2456.0,,96,75,21
199704240HOU,PO,MIN,2463.0,,96,77,19
199704240HOU,PO,MIN,2493.0,,98,77,21
199704240HOU,PO,MIN,2513.0,,98,79,19
199704240HOU,PO,MIN,2544.0,,99,79,20
199704240HOU,PO,MIN,2544.0,,100,79,21
199704240HOU,PO,MIN,2611.0,,102,79,23
199704240HOU,PO,MIN,2634.0,,102,81,21
199704240HOU,PO,MIN,2725.0,,102,83,19
199704240HOU,PO,MIN,2747.0,,102,85,17
199704240HOU,PO,MIN,2759.0,,103,85,18
199704240HOU,PO,MIN,2759.0,,104,85,19
199704240HOU,PO,MIN,2765.0,,104,87,17
199704240HOU,PO,MIN,2794.0,,105,87,18
199704240HOU,PO,MIN,2794.0,,106,87,19
199704240HOU,PO,MIN,2807.0,,106,89,17
199704240HOU,PO,MIN,2822.0,,109,89,20
199704240HOU,PO,MIN,2829.0,,109,92,17
199704240HOU,PO,MIN,2851.0,F,112,92,20
199704240HOU,PO,MIN,2857.0,,112,95,17
199704260HOU,PO,MIN,0.0,,0,0,0
199704260HOU,PO,MIN,16.0,,3,0,3
199704260HOU,PO,MIN,28.0,,3,2,1
199704260HOU,PO,MIN,52.0,LC,3,4,-1
199704260HOU,PO,MIN,82.0,T,4,4,0
199704260HOU,PO,MIN,95.0,LC,7,4,3
199704260HOU,PO,MIN,171.0,,9,4,5
199704260HOU,PO,MIN,227.0,,12,4,8
199704260HOU,PO,MIN,258.0,,12,6,6
199704260HOU,PO,MIN,298.0,,12,8,4
199704260HOU,PO,MIN,341.0,,14,8,6
199704260HOU,PO,MIN,362.0,,14,10,4
199704260HOU,PO,MIN,417.0,,14,12,2
199704260HOU,PO,MIN,434.0,,16,12,4
199704260HOU,PO,MIN,481.0,,17,12,5
199704260HOU,PO,MIN,481.0,,18,12,6
199704260HOU,PO,MIN,494.0,,18,14,4
199704260HOU,PO,MIN,541.0,,18,16,2
199704260HOU,PO,MIN,579.0,T,18,18,0
199704260HOU,PO,MIN,595.0,,19,18,1
199704260HOU,PO,MIN,627.0,,21,18,3
199704260HOU,PO,MIN,669.0,,22,18,4
199704260HOU,PO,MIN,675.0,,22,20,2
199704260HOU,PO,MIN,696.0,,24,20,4
199704260HOU,PO,MIN,749.0,,27,20,7
199704260HOU,PO,MIN,798.0,,27,22,5
199704260HOU,PO,MIN,836.0,,27,25,2
199704260HOU,PO,MIN,890.0,LC,27,28,-1
199704260HOU,PO,MIN,915.0,,27,30,-3
199704260HOU,PO,MIN,930.0,,27,32,-5
199704260HOU,PO,MIN,970.0,,29,32,-3
199704260HOU,PO,MIN,1014.0,,31,32,-1
199704260HOU,PO,MIN,1028.0,,31,34,-3
199704260HOU,PO,MIN,1076.0,,31,35,-4
199704260HOU,PO,MIN,1105.0,,31,37,-6
199704260HOU,PO,MIN,1120.0,,33,37,-4
199704260HOU,PO,MIN,1178.0,,33,39,-6
199704260HOU,PO,MIN,1244.0,,34,39,-5
199704260HOU,PO,MIN,1244.0,,35,39,-4
199704260HOU,PO,MIN,1263.0,,36,39,-3
199704260HOU,PO,MIN,1263.0,,37,39,-2
199704260HOU,PO,MIN,1309.0,T,39,39,0
199704260HOU,PO,MIN,1377.0,,39,41,-2
199704260HOU,PO,MIN,1397.0,T,41,41,0
199704260HOU,PO,MIN,1412.0,,41,43,-2
199704260HOU,PO,MIN,1467.0,LC,44,43,1
199704260HOU,PO,MIN,1490.0,LC,44,45,-1
199704260HOU,PO,MIN,1530.0,LC,46,45,1
199704260HOU,PO,MIN,1549.0,LC,46,47,-1
199704260HOU,PO,MIN,1582.0,,46,49,-3
199704260HOU,PO,MIN,1623.0,,46,51,-5
199704260HOU,PO,MIN,1645.0,,48,51,-3
199704260HOU,PO,MIN,1665.0,,48,53,-5
199704260HOU,PO,MIN,1679.0,,50,53,-3
199704260HOU,PO,MIN,1712.0,,52,53,-1
199704260HOU,PO,MIN,1761.0,LC,54,53,1
199704260HOU,PO,MIN,1786.0,LC,54,55,-1
199704260HOU,PO,MIN,1801.0,LC,56,55,1
199704260HOU,PO,MIN,1801.0,,57,55,2
199704260HOU,PO,MIN,1832.0,T,57,57,0
199704260HOU,PO,MIN,1864.0,,59,57,2
199704260HOU,PO,MIN,1864.0,,60,57,3
199704260HOU,PO,MIN,1899.0,,60,58,2
199704260HOU,PO,MIN,1899.0,,60,59,1
199704260HOU,PO,MIN,1901.0,,61,59,2
199704260HOU,PO,MIN,1901.0,,62,59,3
199704260HOU,PO,MIN,1985.0,,62,61,1
199704260HOU,PO,MIN,1985.0,T,62,62,0
199704260HOU,PO,MIN,2051.0,,65,62,3
199704260HOU,PO,MIN,2072.0,,66,62,4
199704260HOU,PO,MIN,2134.0,,66,64,2
199704260HOU,PO,MIN,2160.0,,66,65,1
199704260HOU,PO,MIN,2219.0,LC,66,68,-2
199704260HOU,PO,MIN,2241.0,,66,70,-4
199704260HOU,PO,MIN,2295.0,,68,70,-2
199704260HOU,PO,MIN,2315.0,,69,70,-1
199704260HOU,PO,MIN,2315.0,T,70,70,0
199704260HOU,PO,MIN,2324.0,LC,72,70,2
199704260HOU,PO,MIN,2341.0,,72,71,1
199704260HOU,PO,MIN,2341.0,T,72,72,0
199704260HOU,PO,MIN,2361.0,,75,72,3
199704260HOU,PO,MIN,2391.0,,75,74,1
199704260HOU,PO,MIN,2451.0,LC,75,76,-1
199704260HOU,PO,MIN,2515.0,LC,78,76,2
199704260HOU,PO,MIN,2533.0,LC,78,79,-1
199704260HOU,PO,MIN,2547.0,T,79,79,0
199704260HOU,PO,MIN,2558.0,LC,81,79,2
199704260HOU,PO,MIN,2558.0,,82,79,3
199704260HOU,PO,MIN,2632.0,,84,79,5
199704260HOU,PO,MIN,2664.0,,84,81,3
199704260HOU,PO,MIN,2690.0,,85,81,4
199704260HOU,PO,MIN,2690.0,,86,81,5
199704260HOU,PO,MIN,2740.0,,88,81,7
199704260HOU,PO,MIN,2755.0,,89,81,8
199704260HOU,PO,MIN,2768.0,,89,82,7
199704260HOU,PO,MIN,2808.0,,92,82,10
199704260HOU,PO,MIN,2827.0,,93,82,11
199704260HOU,PO,MIN,2827.0,,94,82,12
199704260HOU,PO,MIN,2845.0,,96,82,14
199704260HOU,PO,MIN,2853.0,F,96,84,12
199704260HOU,PO,MIN,2871.0,,96,84,12
199704290MIN,PO,MIN,0.0,,0,0,0
199704290MIN,PO,MIN,34.0,,3,0,3
199704290MIN,PO,MIN,50.0,,3,1,2
199704290MIN,PO,MIN,50.0,,3,2,1
199704290MIN,PO,MIN,69.0,LC,3,4,-1
199704290MIN,PO,MIN,92.0,LC,6,4,2
199704290MIN,PO,MIN,125.0,T,6,6,0
199704290MIN,PO,MIN,160.0,,8,6,2
199704290MIN,PO,MIN,176.0,T,8,8,0
199704290MIN,PO,MIN,180.0,,10,8,2
199704290MIN,PO,MIN,197.0,T,10,10,0
199704290MIN,PO,MIN,230.0,LC,10,11,-1
199704290MIN,PO,MIN,236.0,LC,12,11,1
199704290MIN,PO,MIN,244.0,LC,12,13,-1
199704290MIN,PO,MIN,260.0,LC,14,13,1
199704290MIN,PO,MIN,275.0,LC,14,15,-1
199704290MIN,PO,MIN,330.0,LC,17,15,2
199704290MIN,PO,MIN,350.0,T,17,17,0
199704290MIN,PO,MIN,361.0,,20,17,3
199704290MIN,PO,MIN,387.0,,22,17,5
199704290MIN,PO,MIN,408.0,,22,19,3
199704290MIN,PO,MIN,431.0,,25,19,6
199704290MIN,PO,MIN,448.0,,25,21,4
199704290MIN,PO,MIN,461.0,,27,21,6
199704290MIN,PO,MIN,522.0,,29,21,8
199704290MIN,PO,MIN,522.0,,30,21,9
199704290MIN,PO,MIN,534.0,,30,23,7
199704290MIN,PO,MIN,562.0,,30,25,5
199704290MIN,PO,MIN,599.0,,32,25,7
199704290MIN,PO,MIN,658.0,,32,27,5
199704290MIN,PO,MIN,720.0,,32,29,3
199704290MIN,PO,MIN,762.0,,32,31,1
199704290MIN,PO,MIN,781.0,,35,31,4
199704290MIN,PO,MIN,822.0,,35,33,2
199704290MIN,PO,MIN,822.0,,35,34,1
199704290MIN,PO,MIN,835.0,,37,34,3
199704290MIN,PO,MIN,852.0,T,37,37,0
199704290MIN,PO,MIN,864.0,,39,37,2
199704290MIN,PO,MIN,883.0,T,39,39,0
199704290MIN,PO,MIN,978.0,,41,39,2
199704290MIN,PO,MIN,1017.0,,43,39,4
199704290MIN,PO,MIN,1036.0,,43,41,2
199704290MIN,PO,MIN,1054.0,,45,41,4
199704290MIN,PO,MIN,1072.0,,45,43,2
199704290MIN,PO,MIN,1097.0,T,45,45,0
199704290MIN,PO,MIN,1128.0,,46,45,1
199704290MIN,PO,MIN,1170.0,,48,45,3
199704290MIN,PO,MIN,1196.0,,50,45,5
199704290MIN,PO,MIN,1221.0,,50,47,3
199704290MIN,PO,MIN,1242.0,,52,47,5
199704290MIN,PO,MIN,1253.0,,52,48,4
199704290MIN,PO,MIN,1253.0,,52,49,3
199704290MIN,PO,MIN,1270.0,,54,49,5
199704290MIN,PO,MIN,1286.0,,54,50,4
199704290MIN,PO,MIN,1300.0,,56,50,6
199704290MIN,PO,MIN,1331.0,,59,50,9
199704290MIN,PO,MIN,1367.0,,59,51,8
199704290MIN,PO,MIN,1367.0,,59,52,7
199704290MIN,PO,MIN,1385.0,,59,54,5
199704290MIN,PO,MIN,1409.0,,59,56,3
199704290MIN,PO,MIN,1435.0,T,59,59,0
199704290MIN,PO,MIN,1454.0,,62,59,3
199704290MIN,PO,MIN,1513.0,,62,61,1
199704290MIN,PO,MIN,1541.0,,64,61,3
199704290MIN,PO,MIN,1568.0,,65,61,4
199704290MIN,PO,MIN,1581.0,,65,63,2
199704290MIN,PO,MIN,1594.0,,66,63,3
199704290MIN,PO,MIN,1612.0,,66,65,1
199704290MIN,PO,MIN,1655.0,,67,65,2
199704290MIN,PO,MIN,1655.0,,68,65,3
199704290MIN,PO,MIN,1667.0,,68,66,2
199704290MIN,PO,MIN,1700.0,T,68,68,0
199704290MIN,PO,MIN,1725.0,,71,68,3
199704290MIN,PO,MIN,1741.0,,71,70,1
199704290MIN,PO,MIN,1759.0,,73,70,3
199704290MIN,PO,MIN,1773.0,,73,71,2
199704290MIN,PO,MIN,1773.0,,73,72,1
199704290MIN,PO,MIN,1786.0,,76,72,4
199704290MIN,PO,MIN,1803.0,,76,73,3
199704290MIN,PO,MIN,1803.0,,76,74,2
199704290MIN,PO,MIN,1819.0,,78,74,4
199704290MIN,PO,MIN,1858.0,,78,76,2
199704290MIN,PO,MIN,1870.0,,80,76,4
199704290MIN,PO,MIN,1870.0,,81,76,5
199704290MIN,PO,MIN,1881.0,,81,78,3
199704290MIN,PO,MIN,1907.0,,84,78,6
199704290MIN,PO,MIN,1923.0,,84,79,5
199704290MIN,PO,MIN,1982.0,,84,81,3
199704290MIN,PO,MIN,2003.0,,87,81,6
199704290MIN,PO,MIN,2009.0,,87,82,5
199704290MIN,PO,MIN,2019.0,,87,84,3
199704290MIN,PO,MIN,2060.0,,87,86,1
199704290MIN,PO,MIN,2088.0,,88,86,2
199704290MIN,PO,MIN,2088.0,,89,86,3
199704290MIN,PO,MIN,2104.0,,89,88,1
199704290MIN,PO,MIN,2104.0,T,89,89,0
199704290MIN,PO,MIN,2119.0,,91,89,2
199704290MIN,PO,MIN,2130.0,,91,90,1
199704290MIN,PO,MIN,2130.0,T,91,91,0
199704290MIN,PO,MIN,2195.0,LC,91,93,-2
199704290MIN,PO,MIN,2195.0,,91,94,-3
199704290MIN,PO,MIN,2213.0,,93,94,-1
199704290MIN,PO,MIN,2231.0,,93,96,-3
199704290MIN,PO,MIN,2252.0,T,96,96,0
199704290MIN,PO,MIN,2267.0,,96,98,-2
199704290MIN,PO,MIN,2284.0,,97,98,-1
199704290MIN,PO,MIN,2328.0,LC,100,98,2
199704290MIN,PO,MIN,2348.0,T,100,100,0
199704290MIN,PO,MIN,2365.0,,103,100,3
199704290MIN,PO,MIN,2407.0,,105,100,5
199704290MIN,PO,MIN,2475.0,,107,100,7
199704290MIN,PO,MIN,2521.0,,109,100,9
199704290MIN,PO,MIN,2550.0,,109,103,6
199704290MIN,PO,MIN,2589.0,,110,103,7
199704290MIN,PO,MIN,2589.0,,111,103,8
199704290MIN,PO,MIN,2606.0,,111,105,6
199704290MIN,PO,MIN,2645.0,,112,105,7
199704290MIN,PO,MIN,2645.0,,113,105,8
199704290MIN,PO,MIN,2697.0,,113,108,5
199704290MIN,PO,MIN,2705.0,,114,108,6
199704290MIN,PO,MIN,2713.0,,114,110,4
199704290MIN,PO,MIN,2739.0,,115,110,5
199704290MIN,PO,MIN,2757.0,,116,110,6
199704290MIN,PO,MIN,2757.0,,117,110,7
199704290MIN,PO,MIN,2775.0,,117,113,4
199704290MIN,PO,MIN,2791.0,,119,113,6
199704290MIN,PO,MIN,2806.0,,119,116,3
199704290MIN,PO,MIN,2828.0,,121,116,5
199704290MIN,PO,MIN,2844.0,,122,116,6
199704290MIN,PO,MIN,2844.0,,123,116,7
199704290MIN,PO,MIN,2862.0,,124,116,8
199704290MIN,PO,MIN,2862.0,,125,116,9
199704290MIN,PO,MIN,2868.0,F,125,118,7
199704290MIN,PO,MIN,2874.0,,125,120,5
199705050HOU,PO,SEA,0.0,,0,0,0
199705050HOU,PO,SEA,38.0,,0,2,-2
199705050HOU,PO,SEA,60.0,LC,3,2,1
199705050HOU,PO,SEA,88.0,,6,2,4
199705050HOU,PO,SEA,113.0,,6,4,2
199705050HOU,PO,SEA,129.0,,8,4,4
199705050HOU,PO,SEA,139.0,,8,5,3
199705050HOU,PO,SEA,139.0,,8,6,2
199705050HOU,PO,SEA,166.0,LC,8,9,-1
199705050HOU,PO,SEA,213.0,,8,11,-3
199705050HOU,PO,SEA,238.0,,10,11,-1
199705050HOU,PO,SEA,262.0,LC,12,11,1
199705050HOU,PO,SEA,277.0,LC,12,13,-1
199705050HOU,PO,SEA,292.0,LC,14,13,1
199705050HOU,PO,SEA,303.0,LC,14,15,-1
199705050HOU,PO,SEA,315.0,LC,17,15,2
199705050HOU,PO,SEA,347.0,,19,15,4
199705050HOU,PO,SEA,385.0,,19,17,2
199705050HOU,PO,SEA,402.0,,21,17,4
199705050HOU,PO,SEA,421.0,,23,17,6
199705050HOU,PO,SEA,438.0,,23,19,4
199705050HOU,PO,SEA,498.0,,25,19,6
199705050HOU,PO,SEA,573.0,,28,19,9
199705050HOU,PO,SEA,606.0,,28,20,8
199705050HOU,PO,SEA,606.0,,28,21,7
199705050HOU,PO,SEA,648.0,,28,23,5
199705050HOU,PO,SEA,651.0,,29,23,6
199705050HOU,PO,SEA,673.0,,29,25,4
199705050HOU,PO,SEA,686.0,,32,25,7
199705050HOU,PO,SEA,717.0,,35,25,10
199705050HOU,PO,SEA,735.0,,35,27,8
199705050HOU,PO,SEA,753.0,,38,27,11
199705050HOU,PO,SEA,780.0,,40,27,13
199705050HOU,PO,SEA,831.0,,40,29,11
199705050HOU,PO,SEA,854.0,,42,29,13
199705050HOU,PO,SEA,884.0,,44,29,15
199705050HOU,PO,SEA,899.0,,44,32,12
199705050HOU,PO,SEA,952.0,,46,32,14
199705050HOU,PO,SEA,988.0,,48,32,16
199705050HOU,PO,SEA,1018.0,,50,32,18
199705050HOU,PO,SEA,1042.0,,51,32,19
199705050HOU,PO,SEA,1042.0,,52,32,20
199705050HOU,PO,SEA,1054.0,,52,35,17
199705050HOU,PO,SEA,1080.0,,55,35,20
199705050HOU,PO,SEA,1097.0,,55,37,18
199705050HOU,PO,SEA,1114.0,,55,39,16
199705050HOU,PO,SEA,1126.0,,57,39,18
199705050HOU,PO,SEA,1131.0,,57,41,16
199705050HOU,PO,SEA,1154.0,,60,41,19
199705050HOU,PO,SEA,1187.0,,60,43,17
199705050HOU,PO,SEA,1217.0,,60,45,15
199705050HOU,PO,SEA,1237.0,,63,45,18
199705050HOU,PO,SEA,1268.0,,63,47,16
199705050HOU,PO,SEA,1290.0,,63,49,14
199705050HOU,PO,SEA,1307.0,,64,49,15
199705050HOU,PO,SEA,1331.0,,64,51,13
199705050HOU,PO,SEA,1367.0,,64,53,11
199705050HOU,PO,SEA,1412.0,,64,55,9
199705050HOU,PO,SEA,1458.0,,66,55,11
199705050HOU,PO,SEA,1498.0,,68,55,13
199705050HOU,PO,SEA,1524.0,,71,55,16
199705050HOU,PO,SEA,1575.0,,71,57,14
199705050HOU,PO,SEA,1615.0,,72,57,15
199705050HOU,PO,SEA,1615.0,,73,57,16
199705050HOU,PO,SEA,1643.0,,76,57,19
199705050HOU,PO,SEA,1660.0,,76,60,16
199705050HOU,PO,SEA,1745.0,,77,60,17
199705050HOU,PO,SEA,1769.0,,79,60,19
199705050HOU,PO,SEA,1782.0,,79,62,17
199705050HOU,PO,SEA,1834.0,,82,62,20
199705050HOU,PO,SEA,1854.0,,82,64,18
199705050HOU,PO,SEA,1860.0,,84,64,20
199705050HOU,PO,SEA,1901.0,,84,65,19
199705050HOU,PO,SEA,1926.0,,86,65,21
199705050HOU,PO,SEA,1939.0,,86,66,20
199705050HOU,PO,SEA,1959.0,,88,66,22
199705050HOU,PO,SEA,2004.0,,90,66,24
199705050HOU,PO,SEA,2028.0,,91,66,25
199705050HOU,PO,SEA,2028.0,,92,66,26
199705050HOU,PO,SEA,2047.0,,92,68,24
199705050HOU,PO,SEA,2069.0,,92,69,23
199705050HOU,PO,SEA,2097.0,,93,69,24
199705050HOU,PO,SEA,2097.0,,94,69,25
199705050HOU,PO,SEA,2117.0,,94,71,23
199705050HOU,PO,SEA,2155.0,,95,71,24
199705050HOU,PO,SEA,2155.0,,96,71,25
199705050HOU,PO,SEA,2182.0,,99,71,28
199705050HOU,PO,SEA,2205.0,,99,74,25
199705050HOU,PO,SEA,2248.0,,99,76,23
199705050HOU,PO,SEA,2268.0,,100,76,24
199705050HOU,PO,SEA,2272.0,,103,76,27
199705050HOU,PO,SEA,2292.0,,103,78,25
199705050HOU,PO,SEA,2321.0,,103,80,23
199705050HOU,PO,SEA,2397.0,,103,81,22
199705050HOU,PO,SEA,2397.0,,103,82,21
199705050HOU,PO,SEA,2484.0,,105,82,23
199705050HOU,PO,SEA,2511.0,,105,84,21
199705050HOU,PO,SEA,2532.0,,105,85,20
199705050HOU,PO,SEA,2551.0,,105,87,18
199705050HOU,PO,SEA,2578.0,,105,90,15
199705050HOU,PO,SEA,2635.0,,107,90,17
199705050HOU,PO,SEA,2666.0,,107,93,14
199705050HOU,PO,SEA,2698.0,,109,93,16
199705050HOU,PO,SEA,2707.0,,109,96,13
199705050HOU,PO,SEA,2729.0,,111,96,15
199705050HOU,PO,SEA,2785.0,,111,99,12
199705050HOU,PO,SEA,2843.0,,111,102,9
199705050HOU,PO,SEA,2850.0,F,112,102,10
199705050HOU,PO,SEA,2864.0,,112,102,10
199705070HOU,PO,SEA,0.0,,0,0,0
199705070HOU,PO,SEA,25.0,,3,0,3
199705070HOU,PO,SEA,57.0,,3,2,1
199705070HOU,PO,SEA,70.0,LC,3,5,-2
199705070HOU,PO,SEA,102.0,,3,7,-4
199705070HOU,PO,SEA,119.0,,3,9,-6
199705070HOU,PO,SEA,139.0,,5,9,-4
199705070HOU,PO,SEA,169.0,,5,11,-6
199705070HOU,PO,SEA,190.0,,7,11,-4
199705070HOU,PO,SEA,243.0,,10,11,-1
199705070HOU,PO,SEA,262.0,,10,12,-2
199705070HOU,PO,SEA,262.0,,10,13,-3
199705070HOU,PO,SEA,275.0,,12,13,-1
199705070HOU,PO,SEA,308.0,T,13,13,0
199705070HOU,PO,SEA,308.0,LC,14,13,1
199705070HOU,PO,SEA,308.0,,15,13,2
199705070HOU,PO,SEA,328.0,,17,13,4
199705070HOU,PO,SEA,340.0,,17,14,3
199705070HOU,PO,SEA,340.0,,17,15,2
199705070HOU,PO,SEA,370.0,,19,15,4
199705070HOU,PO,SEA,405.0,,19,18,1
199705070HOU,PO,SEA,421.0,,22,18,4
199705070HOU,PO,SEA,430.0,,22,19,3
199705070HOU,PO,SEA,445.0,,24,19,5
199705070HOU,PO,SEA,453.0,,24,22,2
199705070HOU,PO,SEA,477.0,LC,24,25,-1
199705070HOU,PO,SEA,505.0,,24,27,-3
199705070HOU,PO,SEA,514.0,,26,27,-1
199705070HOU,PO,SEA,570.0,,26,29,-3
199705070HOU,PO,SEA,609.0,,26,30,-4
199705070HOU,PO,SEA,652.0,,28,30,-2
199705070HOU,PO,SEA,674.0,,28,32,-4
199705070HOU,PO,SEA,717.0,,30,32,-2
199705070HOU,PO,SEA,767.0,,31,32,-1
199705070HOU,PO,SEA,767.0,T,32,32,0
199705070HOU,PO,SEA,786.0,,32,34,-2
199705070HOU,PO,SEA,803.0,LC,35,34,1
199705070HOU,PO,SEA,832.0,,37,34,3
199705070HOU,PO,SEA,875.0,,39,34,5
199705070HOU,PO,SEA,886.0,,39,36,3
199705070HOU,PO,SEA,948.0,,39,38,1
199705070HOU,PO,SEA,973.0,LC,39,41,-2
199705070HOU,PO,SEA,1051.0,,39,43,-4
199705070HOU,PO,SEA,1090.0,,39,44,-5
199705070HOU,PO,SEA,1090.0,,39,45,-6
199705070HOU,PO,SEA,1121.0,,39,48,-9
199705070HOU,PO,SEA,1183.0,,41,48,-7
199705070HOU,PO,SEA,1193.0,,41,50,-9
199705070HOU,PO,SEA,1247.0,,42,50,-8
199705070HOU,PO,SEA,1247.0,,43,50,-7
199705070HOU,PO,SEA,1261.0,,43,52,-9
199705070HOU,PO,SEA,1349.0,,43,53,-10
199705070HOU,PO,SEA,1349.0,,43,54,-11
199705070HOU,PO,SEA,1349.0,,43,55,-12
199705070HOU,PO,SEA,1374.0,,43,57,-14
199705070HOU,PO,SEA,1374.0,,43,58,-15
199705070HOU,PO,SEA,1387.0,,45,58,-13
199705070HOU,PO,SEA,1398.0,,45,59,-14
199705070HOU,PO,SEA,1398.0,,45,60,-15
199705070HOU,PO,SEA,1398.0,,45,61,-16
199705070HOU,PO,SEA,1413.0,,45,63,-18
199705070HOU,PO,SEA,1427.0,,47,63,-16
199705070HOU,PO,SEA,1439.0,,47,65,-18
199705070HOU,PO,SEA,1467.0,,47,67,-20
199705070HOU,PO,SEA,1516.0,,48,67,-19
199705070HOU,PO,SEA,1562.0,,48,69,-21
199705070HOU,PO,SEA,1584.0,,50,69,-19
199705070HOU,PO,SEA,1613.0,,52,69,-17
199705070HOU,PO,SEA,1613.0,,53,69,-16
199705070HOU,PO,SEA,1641.0,,55,69,-14
199705070HOU,PO,SEA,1736.0,,57,69,-12
199705070HOU,PO,SEA,1775.0,,58,69,-11
199705070HOU,PO,SEA,1775.0,,59,69,-10
199705070HOU,PO,SEA,1811.0,,59,71,-12
199705070HOU,PO,SEA,1811.0,,59,72,-13
199705070HOU,PO,SEA,1827.0,,61,72,-11
199705070HOU,PO,SEA,1889.0,,61,74,-13
199705070HOU,PO,SEA,1922.0,,62,74,-12
199705070HOU,PO,SEA,1990.0,,62,75,-13
199705070HOU,PO,SEA,1990.0,,62,76,-14
199705070HOU,PO,SEA,2019.0,,62,78,-16
199705070HOU,PO,SEA,2031.0,,63,78,-15
199705070HOU,PO,SEA,2031.0,,64,78,-14
199705070HOU,PO,SEA,2052.0,,66,78,-12
199705070HOU,PO,SEA,2091.0,,68,78,-10
199705070HOU,PO,SEA,2115.0,,68,79,-11
199705070HOU,PO,SEA,2115.0,,68,80,-12
199705070HOU,PO,SEA,2131.0,,70,80,-10
199705070HOU,PO,SEA,2159.0,,70,81,-11
199705070HOU,PO,SEA,2159.0,,70,82,-12
199705070HOU,PO,SEA,2178.0,,71,82,-11
199705070HOU,PO,SEA,2178.0,,72,82,-10
199705070HOU,PO,SEA,2178.0,,73,82,-9
199705070HOU,PO,SEA,2260.0,,73,85,-12
199705070HOU,PO,SEA,2280.0,,75,85,-10
199705070HOU,PO,SEA,2299.0,,75,88,-13
199705070HOU,PO,SEA,2319.0,,78,88,-10
199705070HOU,PO,SEA,2355.0,,78,90,-12
199705070HOU,PO,SEA,2372.0,,79,90,-11
199705070HOU,PO,SEA,2483.0,,81,90,-9
199705070HOU,PO,SEA,2483.0,,82,90,-8
199705070HOU,PO,SEA,2530.0,,85,90,-5
199705070HOU,PO,SEA,2598.0,,87,90,-3
199705070HOU,PO,SEA,2636.0,,88,90,-2
199705070HOU,PO,SEA,2656.0,,88,93,-5
199705070HOU,PO,SEA,2689.0,,89,93,-4
199705070HOU,PO,SEA,2689.0,,90,93,-3
199705070HOU,PO,SEA,2745.0,,90,95,-5
199705070HOU,PO,SEA,2745.0,,90,96,-6
199705070HOU,PO,SEA,2763.0,,93,96,-3
199705070HOU,PO,SEA,2780.0,,93,98,-5
199705070HOU,PO,SEA,2831.0,,93,99,-6
199705070HOU,PO,SEA,2831.0,,93,100,-7
199705070HOU,PO,SEA,2839.0,,93,101,-8
199705070HOU,PO,SEA,2839.0,,93,102,-9
199705070HOU,PO,SEA,2847.0,,96,102,-6
199705070HOU,PO,SEA,2855.0,,96,103,-7
199705070HOU,PO,SEA,2855.0,,96,104,-8
199705070HOU,PO,SEA,2864.0,,99,104,-5
199705070HOU,PO,SEA,2865.0,,99,105,-6
199705070HOU,PO,SEA,2865.0,,99,106,-7
199705070HOU,PO,SEA,2869.0,,101,106,-5
199705070HOU,PO,SEA,2869.0,F,101,106,-5
199705090SEA,PO,SEA,0.0,,0,0,0
199705090SEA,PO,SEA,23.0,,3,0,3
199705090SEA,PO,SEA,39.0,,3,2,1
199705090SEA,PO,SEA,57.0,,5,2,3
199705090SEA,PO,SEA,81.0,,5,4,1
199705090SEA,PO,SEA,229.0,,7,4,3
199705090SEA,PO,SEA,234.0,,7,6,1
199705090SEA,PO,SEA,246.0,,10,6,4
199705090SEA,PO,SEA,270.0,,12,6,6
199705090SEA,PO,SEA,289.0,,12,9,3
199705090SEA,PO,SEA,336.0,,14,9,5
199705090SEA,PO,SEA,336.0,,15,9,6
199705090SEA,PO,SEA,349.0,,15,11,4
199705090SEA,PO,SEA,387.0,,17,11,6
199705090SEA,PO,SEA,398.0,,17,12,5
199705090SEA,PO,SEA,398.0,,17,13,4
199705090SEA,PO,SEA,425.0,,18,13,5
199705090SEA,PO,SEA,425.0,,19,13,6
199705090SEA,PO,SEA,505.0,,21,13,8
199705090SEA,PO,SEA,505.0,,22,13,9
199705090SEA,PO,SEA,537.0,,24,13,11
199705090SEA,PO,SEA,607.0,,24,15,9
199705090SEA,PO,SEA,623.0,,27,15,12
199705090SEA,PO,SEA,636.0,,27,18,9
199705090SEA,PO,SEA,683.0,,27,20,7
199705090SEA,PO,SEA,683.0,,27,21,6
199705090SEA,PO,SEA,701.0,,29,21,8
199705090SEA,PO,SEA,764.0,,29,23,6
199705090SEA,PO,SEA,799.0,,29,26,3
199705090SEA,PO,SEA,824.0,,29,28,1
199705090SEA,PO,SEA,861.0,LC,29,30,-1
199705090SEA,PO,SEA,879.0,LC,31,30,1
199705090SEA,PO,SEA,917.0,,32,30,2
199705090SEA,PO,SEA,917.0,,33,30,3
199705090SEA,PO,SEA,939.0,,33,31,2
199705090SEA,PO,SEA,939.0,,33,32,1
199705090SEA,PO,SEA,976.0,,34,32,2
199705090SEA,PO,SEA,976.0,,35,32,3
199705090SEA,PO,SEA,984.0,,35,34,1
199705090SEA,PO,SEA,1033.0,,36,34,2
199705090SEA,PO,SEA,1033.0,,37,34,3
199705090SEA,PO,SEA,1059.0,,39,34,5
199705090SEA,PO,SEA,1103.0,,41,34,7
199705090SEA,PO,SEA,1151.0,,41,35,6
199705090SEA,PO,SEA,1151.0,,41,36,5
199705090SEA,PO,SEA,1183.0,,43,36,7
199705090SEA,PO,SEA,1211.0,,45,36,9
199705090SEA,PO,SEA,1234.0,,45,38,7
199705090SEA,PO,SEA,1251.0,,47,38,9
199705090SEA,PO,SEA,1258.0,,47,40,7
199705090SEA,PO,SEA,1308.0,,49,40,9
199705090SEA,PO,SEA,1325.0,,49,41,8
199705090SEA,PO,SEA,1325.0,,49,42,7
199705090SEA,PO,SEA,1374.0,,50,42,8
199705090SEA,PO,SEA,1374.0,,51,42,9
199705090SEA,PO,SEA,1387.0,,51,44,7
199705090SEA,PO,SEA,1410.0,,53,44,9
199705090SEA,PO,SEA,1431.0,,55,44,11
199705090SEA,PO,SEA,1469.0,,55,45,10
199705090SEA,PO,SEA,1469.0,,55,46,9
199705090SEA,PO,SEA,1485.0,,57,46,11
199705090SEA,PO,SEA,1502.0,,59,46,13
199705090SEA,PO,SEA,1551.0,,60,46,14
199705090SEA,PO,SEA,1557.0,,60,48,12
199705090SEA,PO,SEA,1616.0,,60,49,11
199705090SEA,PO,SEA,1616.0,,60,50,10
199705090SEA,PO,SEA,1632.0,,62,50,12
199705090SEA,PO,SEA,1639.0,,62,52,10
199705090SEA,PO,SEA,1672.0,,62,54,8
199705090SEA,PO,SEA,1695.0,,64,54,10
199705090SEA,PO,SEA,1695.0,,65,54,11
199705090SEA,PO,SEA,1720.0,,67,54,13
199705090SEA,PO,SEA,1757.0,,67,56,11
199705090SEA,PO,SEA,1786.0,,67,57,10
199705090SEA,PO,SEA,1786.0,,67,58,9
199705090SEA,PO,SEA,1810.0,,67,61,6
199705090SEA,PO,SEA,1899.0,,67,63,4
199705090SEA,PO,SEA,1921.0,,68,63,5
199705090SEA,PO,SEA,1921.0,,69,63,6
199705090SEA,PO,SEA,1938.0,,69,65,4
199705090SEA,PO,SEA,1965.0,,70,65,5
199705090SEA,PO,SEA,1983.0,,70,66,4
199705090SEA,PO,SEA,1992.0,,70,67,3
199705090SEA,PO,SEA,1992.0,,70,68,2
199705090SEA,PO,SEA,2002.0,,72,68,4
199705090SEA,PO,SEA,2018.0,,72,70,2
199705090SEA,PO,SEA,2073.0,,72,71,1
199705090SEA,PO,SEA,2073.0,T,72,72,0
199705090SEA,PO,SEA,2102.0,LC,72,74,-2
199705090SEA,PO,SEA,2117.0,,72,77,-5
199705090SEA,PO,SEA,2157.0,,72,79,-7
199705090SEA,PO,SEA,2196.0,,75,79,-4
199705090SEA,PO,SEA,2241.0,,75,81,-6
199705090SEA,PO,SEA,2272.0,,78,81,-3
199705090SEA,PO,SEA,2312.0,,80,81,-1
199705090SEA,PO,SEA,2334.0,,80,83,-3
199705090SEA,PO,SEA,2370.0,,80,85,-5
199705090SEA,PO,SEA,2403.0,,82,85,-3
199705090SEA,PO,SEA,2469.0,,82,87,-5
199705090SEA,PO,SEA,2498.0,,82,88,-6
199705090SEA,PO,SEA,2498.0,,82,89,-7
199705090SEA,PO,SEA,2524.0,,85,89,-4
199705090SEA,PO,SEA,2560.0,,86,89,-3
199705090SEA,PO,SEA,2560.0,,87,89,-2
199705090SEA,PO,SEA,2592.0,LC,90,89,1
199705090SEA,PO,SEA,2620.0,LC,90,91,-1
199705090SEA,PO,SEA,2650.0,T,91,91,0
199705090SEA,PO,SEA,2735.0,,91,92,-1
199705090SEA,PO,SEA,2735.0,,91,93,-2
199705090SEA,PO,SEA,2747.0,,92,93,-1
199705090SEA,PO,SEA,2747.0,T,93,93,0
199705090SEA,PO,SEA,2861.0,LC,95,93,2
199705090SEA,PO,SEA,2874.0,,96,93,3
199705090SEA,PO,SEA,2874.0,F,97,93,4
199705090SEA,PO,SEA,2880.0,,97,93,4
199705110SEA,PO,SEA,0.0,,0,0,0
199705110SEA,PO,SEA,35.0,,0,2,-2
199705110SEA,PO,SEA,56.0,T,2,2,0
199705110SEA,PO,SEA,85.0,LC,5,2,3
199705110SEA,PO,SEA,118.0,,5,4,1
199705110SEA,PO,SEA,142.0,LC,5,6,-1
199705110SEA,PO,SEA,162.0,LC,8,6,2
199705110SEA,PO,SEA,183.0,T,8,8,0
199705110SEA,PO,SEA,195.0,,10,8,2
199705110SEA,PO,SEA,211.0,T,10,10,0
199705110SEA,PO,SEA,267.0,,12,10,2
199705110SEA,PO,SEA,319.0,,14,10,4
199705110SEA,PO,SEA,340.0,,14,12,2
199705110SEA,PO,SEA,369.0,T,14,14,0
199705110SEA,PO,SEA,410.0,LC,14,15,-1
199705110SEA,PO,SEA,410.0,,14,16,-2
199705110SEA,PO,SEA,445.0,,14,18,-4
199705110SEA,PO,SEA,473.0,,15,18,-3
199705110SEA,PO,SEA,473.0,,16,18,-2
199705110SEA,PO,SEA,509.0,,17,18,-1
199705110SEA,PO,SEA,557.0,LC,19,18,1
199705110SEA,PO,SEA,568.0,T,19,19,0
199705110SEA,PO,SEA,668.0,LC,19,21,-2
199705110SEA,PO,SEA,680.0,,20,21,-1
199705110SEA,PO,SEA,680.0,T,21,21,0
199705110SEA,PO,SEA,687.0,,21,23,-2
199705110SEA,PO,SEA,708.0,T,23,23,0
199705110SEA,PO,SEA,720.0,,23,25,-2
199705110SEA,PO,SEA,759.0,,23,28,-5
199705110SEA,PO,SEA,822.0,,25,28,-3
199705110SEA,PO,SEA,869.0,,25,30,-5
199705110SEA,PO,SEA,888.0,,28,30,-2
199705110SEA,PO,SEA,908.0,,28,32,-4
199705110SEA,PO,SEA,976.0,,30,32,-2
199705110SEA,PO,SEA,984.0,,31,32,-1
199705110SEA,PO,SEA,1006.0,LC,33,32,1
199705110SEA,PO,SEA,1022.0,LC,33,34,-1
199705110SEA,PO,SEA,1041.0,LC,36,34,2
199705110SEA,PO,SEA,1061.0,,39,34,5
199705110SEA,PO,SEA,1087.0,,39,36,3
199705110SEA,PO,SEA,1109.0,,39,37,2
199705110SEA,PO,SEA,1129.0,LC,39,40,-1
199705110SEA,PO,SEA,1188.0,,39,42,-3
199705110SEA,PO,SEA,1241.0,T,42,42,0
199705110SEA,PO,SEA,1275.0,LC,45,42,3
199705110SEA,PO,SEA,1291.0,,45,44,1
199705110SEA,PO,SEA,1322.0,LC,45,46,-1
199705110SEA,PO,SEA,1365.0,LC,47,46,1
199705110SEA,PO,SEA,1385.0,T,47,47,0
199705110SEA,PO,SEA,1385.0,LC,47,48,-1
199705110SEA,PO,SEA,1408.0,,47,49,-2
199705110SEA,PO,SEA,1408.0,,47,50,-3
199705110SEA,PO,SEA,1408.0,,47,51,-4
199705110SEA,PO,SEA,1432.0,,47,52,-5
199705110SEA,PO,SEA,1432.0,,47,53,-6
199705110SEA,PO,SEA,1456.0,,47,55,-8
199705110SEA,PO,SEA,1475.0,,49,55,-6
199705110SEA,PO,SEA,1475.0,,50,55,-5
199705110SEA,PO,SEA,1496.0,,50,57,-7
199705110SEA,PO,SEA,1516.0,,52,57,-5
199705110SEA,PO,SEA,1516.0,,53,57,-4
199705110SEA,PO,SEA,1531.0,,53,58,-5
199705110SEA,PO,SEA,1531.0,,53,59,-6
199705110SEA,PO,SEA,1551.0,,56,59,-3
199705110SEA,PO,SEA,1570.0,,58,59,-1
199705110SEA,PO,SEA,1604.0,LC,60,59,1
199705110SEA,PO,SEA,1656.0,T,60,60,0
199705110SEA,PO,SEA,1656.0,LC,60,61,-1
199705110SEA,PO,SEA,1685.0,LC,62,61,1
199705110SEA,PO,SEA,1696.0,T,62,62,0
199705110SEA,PO,SEA,1709.0,,64,62,2
199705110SEA,PO,SEA,1709.0,,65,62,3
199705110SEA,PO,SEA,1752.0,,65,64,1
199705110SEA,PO,SEA,1772.0,T,65,65,0
199705110SEA,PO,SEA,1801.0,,67,65,2
199705110SEA,PO,SEA,1840.0,T,67,67,0
199705110SEA,PO,SEA,1880.0,,70,67,3
199705110SEA,PO,SEA,1901.0,,70,69,1
199705110SEA,PO,SEA,1933.0,LC,70,72,-2
199705110SEA,PO,SEA,1971.0,,71,72,-1
199705110SEA,PO,SEA,1971.0,T,72,72,0
199705110SEA,PO,SEA,2070.0,LC,74,72,2
199705110SEA,PO,SEA,2080.0,T,74,74,0
199705110SEA,PO,SEA,2110.0,LC,74,75,-1
199705110SEA,PO,SEA,2110.0,,74,76,-2
199705110SEA,PO,SEA,2110.0,,74,77,-3
199705110SEA,PO,SEA,2225.0,T,77,77,0
199705110SEA,PO,SEA,2267.0,LC,79,77,2
199705110SEA,PO,SEA,2291.0,,79,78,1
199705110SEA,PO,SEA,2307.0,,81,78,3
199705110SEA,PO,SEA,2323.0,,81,79,2
199705110SEA,PO,SEA,2323.0,,81,80,1
199705110SEA,PO,SEA,2359.0,LC,81,82,-1
199705110SEA,PO,SEA,2394.0,T,82,82,0
199705110SEA,PO,SEA,2416.0,,82,84,-2
199705110SEA,PO,SEA,2456.0,T,84,84,0
199705110SEA,PO,SEA,2463.0,LC,86,84,2
199705110SEA,PO,SEA,2505.0,,89,84,5
199705110SEA,PO,SEA,2541.0,,92,84,8
199705110SEA,PO,SEA,2609.0,,92,86,6
199705110SEA,PO,SEA,2655.0,,92,88,4
199705110SEA,PO,SEA,2698.0,,92,90,2
199705110SEA,PO,SEA,2726.0,,92,91,1
199705110SEA,PO,SEA,2726.0,T,92,92,0
199705110SEA,PO,SEA,2743.0,,95,92,3
199705110SEA,PO,SEA,2756.0,T,95,95,0
199705110SEA,PO,SEA,2773.0,,97,95,2
199705110SEA,PO,SEA,2829.0,,98,95,3
199705110SEA,PO,SEA,2878.0,T,98,98,0
199705110SEA,PO,SEA,2914.0,LC,98,100,-2
199705110SEA,PO,SEA,2950.0,,98,102,-4
199705110SEA,PO,SEA,2973.0,,100,102,-2
199705110SEA,PO,SEA,2990.0,,100,104,-4
199705110SEA,PO,SEA,3055.0,,102,104,-2
199705110SEA,PO,SEA,3055.0,,103,104,-1
199705110SEA,PO,SEA,3069.0,,103,106,-3
199705110SEA,PO,SEA,3095.0,,104,106,-2
199705110SEA,PO,SEA,3095.0,,105,106,-1
199705110SEA,PO,SEA,3144.0,LC,108,106,2
199705110SEA,PO,SEA,3177.0,,109,106,3
199705110SEA,PO,SEA,3177.0,F,110,106,4
199705110SEA,PO,SEA,3180.0,,110,106,4
199705130HOU,PO,SEA,0.0,,0,0,0
199705130HOU,PO,SEA,22.0,,0,2,-2
199705130HOU,PO,SEA,40.0,,1,2,-1
199705130HOU,PO,SEA,65.0,,1,4,-3
199705130HOU,PO,SEA,81.0,,3,4,-1
199705130HOU,PO,SEA,95.0,,3,7,-4
199705130HOU,PO,SEA,148.0,,3,8,-5
199705130HOU,PO,SEA,148.0,,3,9,-6
199705130HOU,PO,SEA,219.0,,5,9,-4
199705130HOU,PO,SEA,242.0,,5,11,-6
199705130HOU,PO,SEA,286.0,,5,12,-7
199705130HOU,PO,SEA,286.0,,5,13,-8
199705130HOU,PO,SEA,325.0,,5,15,-10
199705130HOU,PO,SEA,347.0,,7,15,-8
199705130HOU,PO,SEA,368.0,,9,15,-6
199705130HOU,PO,SEA,397.0,,9,17,-8
199705130HOU,PO,SEA,432.0,,9,19,-10
199705130HOU,PO,SEA,481.0,,11,19,-8
199705130HOU,PO,SEA,533.0,,12,19,-7
199705130HOU,PO,SEA,559.0,,14,19,-5
199705130HOU,PO,SEA,581.0,,14,21,-7
199705130HOU,PO,SEA,653.0,,14,23,-9
199705130HOU,PO,SEA,653.0,,14,24,-10
199705130HOU,PO,SEA,664.0,,15,24,-9
199705130HOU,PO,SEA,664.0,,16,24,-8
199705130HOU,PO,SEA,682.0,,17,24,-7
199705130HOU,PO,SEA,682.0,,18,24,-6
199705130HOU,PO,SEA,689.0,,19,24,-5
199705130HOU,PO,SEA,718.0,,19,26,-7
199705130HOU,PO,SEA,718.0,,19,27,-8
199705130HOU,PO,SEA,743.0,,21,27,-6
199705130HOU,PO,SEA,743.0,,22,27,-5
199705130HOU,PO,SEA,758.0,,22,29,-7
199705130HOU,PO,SEA,797.0,,23,29,-6
199705130HOU,PO,SEA,852.0,,24,29,-5
199705130HOU,PO,SEA,852.0,,25,29,-4
199705130HOU,PO,SEA,891.0,,27,29,-2
199705130HOU,PO,SEA,937.0,T,29,29,0
199705130HOU,PO,SEA,963.0,,29,31,-2
199705130HOU,PO,SEA,974.0,LC,32,31,1
199705130HOU,PO,SEA,1010.0,LC,32,33,-1
199705130HOU,PO,SEA,1030.0,LC,34,33,1
199705130HOU,PO,SEA,1051.0,LC,34,35,-1
199705130HOU,PO,SEA,1072.0,T,35,35,0
199705130HOU,PO,SEA,1072.0,LC,36,35,1
199705130HOU,PO,SEA,1090.0,T,36,36,0
199705130HOU,PO,SEA,1090.0,LC,36,37,-1
199705130HOU,PO,SEA,1112.0,LC,38,37,1
199705130HOU,PO,SEA,1119.0,T,38,38,0
199705130HOU,PO,SEA,1135.0,,41,38,3
199705130HOU,PO,SEA,1151.0,T,41,41,0
199705130HOU,PO,SEA,1180.0,LC,41,43,-2
199705130HOU,PO,SEA,1196.0,T,43,43,0
199705130HOU,PO,SEA,1206.0,,43,45,-2
199705130HOU,PO,SEA,1229.0,,44,45,-1
199705130HOU,PO,SEA,1229.0,T,45,45,0
199705130HOU,PO,SEA,1251.0,,45,47,-2
199705130HOU,PO,SEA,1266.0,LC,48,47,1
199705130HOU,PO,SEA,1278.0,LC,48,49,-1
199705130HOU,PO,SEA,1293.0,,48,51,-3
199705130HOU,PO,SEA,1315.0,T,51,51,0
199705130HOU,PO,SEA,1335.0,,51,52,-1
199705130HOU,PO,SEA,1404.0,,51,55,-4
199705130HOU,PO,SEA,1417.0,,52,55,-3
199705130HOU,PO,SEA,1437.0,,52,57,-5
199705130HOU,PO,SEA,1478.0,,52,58,-6
199705130HOU,PO,SEA,1492.0,,54,58,-4
199705130HOU,PO,SEA,1504.0,,54,60,-6
199705130HOU,PO,SEA,1537.0,,56,60,-4
199705130HOU,PO,SEA,1591.0,,56,62,-6
199705130HOU,PO,SEA,1609.0,,57,62,-5
199705130HOU,PO,SEA,1609.0,,58,62,-4
199705130HOU,PO,SEA,1627.0,,58,63,-5
199705130HOU,PO,SEA,1627.0,,58,64,-6
199705130HOU,PO,SEA,1657.0,,58,67,-9
199705130HOU,PO,SEA,1671.0,,58,69,-11
199705130HOU,PO,SEA,1720.0,,58,71,-13
199705130HOU,PO,SEA,1752.0,,60,71,-11
199705130HOU,PO,SEA,1774.0,,60,73,-13
199705130HOU,PO,SEA,1774.0,,60,74,-14
199705130HOU,PO,SEA,1787.0,,62,74,-12
199705130HOU,PO,SEA,1882.0,,62,76,-14
199705130HOU,PO,SEA,1913.0,,63,76,-13
199705130HOU,PO,SEA,1913.0,,64,76,-12
199705130HOU,PO,SEA,1933.0,,65,76,-11
199705130HOU,PO,SEA,1933.0,,66,76,-10
199705130HOU,PO,SEA,1972.0,,68,76,-8
199705130HOU,PO,SEA,2060.0,,69,76,-7
199705130HOU,PO,SEA,2076.0,,69,77,-8
199705130HOU,PO,SEA,2097.0,,71,77,-6
199705130HOU,PO,SEA,2118.0,,71,78,-7
199705130HOU,PO,SEA,2118.0,,71,79,-8
199705130HOU,PO,SEA,2191.0,,71,82,-11
199705130HOU,PO,SEA,2232.0,,71,83,-12
199705130HOU,PO,SEA,2270.0,,71,84,-13
199705130HOU,PO,SEA,2289.0,,72,84,-12
199705130HOU,PO,SEA,2289.0,,73,84,-11
199705130HOU,PO,SEA,2289.0,,74,84,-10
199705130HOU,PO,SEA,2319.0,,76,84,-8
199705130HOU,PO,SEA,2364.0,,76,87,-11
199705130HOU,PO,SEA,2380.0,,77,87,-10
199705130HOU,PO,SEA,2380.0,,78,87,-9
199705130HOU,PO,SEA,2419.0,,80,87,-7
199705130HOU,PO,SEA,2436.0,,80,89,-9
199705130HOU,PO,SEA,2466.0,,80,91,-11
199705130HOU,PO,SEA,2501.0,,82,91,-9
199705130HOU,PO,SEA,2518.0,,82,92,-10
199705130HOU,PO,SEA,2532.0,,84,92,-8
199705130HOU,PO,SEA,2570.0,,84,93,-9
199705130HOU,PO,SEA,2570.0,,84,94,-10
199705130HOU,PO,SEA,2643.0,,86,94,-8
199705130HOU,PO,SEA,2664.0,,86,96,-10
199705130HOU,PO,SEA,2686.0,,88,96,-8
199705130HOU,PO,SEA,2705.0,,88,97,-9
199705130HOU,PO,SEA,2705.0,,88,98,-10
199705130HOU,PO,SEA,2736.0,,91,98,-7
199705130HOU,PO,SEA,2760.0,,91,100,-9
199705130HOU,PO,SEA,2808.0,,93,100,-7
199705130HOU,PO,SEA,2836.0,F,94,100,-6
199705130HOU,PO,SEA,2880.0,,94,100,-6
199705150SEA,PO,SEA,0.0,,0,0,0
199705150SEA,PO,SEA,65.0,,0,2,-2
199705150SEA,PO,SEA,95.0,,0,5,-5
199705150SEA,PO,SEA,134.0,,0,7,-7
199705150SEA,PO,SEA,155.0,,2,7,-5
199705150SEA,PO,SEA,179.0,,2,9,-7
199705150SEA,PO,SEA,235.0,,2,10,-8
199705150SEA,PO,SEA,235.0,,2,11,-9
199705150SEA,PO,SEA,266.0,,2,13,-11
199705150SEA,PO,SEA,299.0,,2,16,-14
199705150SEA,PO,SEA,313.0,,4,16,-12
199705150SEA,PO,SEA,327.0,,4,18,-14
199705150SEA,PO,SEA,385.0,,6,18,-12
199705150SEA,PO,SEA,403.0,,6,20,-14
199705150SEA,PO,SEA,460.0,,6,22,-16
199705150SEA,PO,SEA,488.0,,6,24,-18
199705150SEA,PO,SEA,557.0,,8,24,-16
199705150SEA,PO,SEA,578.0,,8,26,-18
199705150SEA,PO,SEA,603.0,,9,26,-17
199705150SEA,PO,SEA,619.0,,9,28,-19
199705150SEA,PO,SEA,637.0,,10,28,-18
199705150SEA,PO,SEA,637.0,,11,28,-17
199705150SEA,PO,SEA,654.0,,11,30,-19
199705150SEA,PO,SEA,684.0,,13,30,-17
199705150SEA,PO,SEA,752.0,,13,33,-20
199705150SEA,PO,SEA,773.0,,15,33,-18
199705150SEA,PO,SEA,810.0,,15,35,-20
199705150SEA,PO,SEA,834.0,,15,37,-22
199705150SEA,PO,SEA,857.0,,16,37,-21
199705150SEA,PO,SEA,857.0,,17,37,-20
199705150SEA,PO,SEA,905.0,,17,39,-22
199705150SEA,PO,SEA,924.0,,19,39,-20
199705150SEA,PO,SEA,951.0,,21,39,-18
199705150SEA,PO,SEA,970.0,,21,40,-19
199705150SEA,PO,SEA,970.0,,21,41,-20
199705150SEA,PO,SEA,981.0,,23,41,-18
199705150SEA,PO,SEA,1007.0,,25,41,-16
199705150SEA,PO,SEA,1029.0,,25,43,-18
199705150SEA,PO,SEA,1120.0,,26,43,-17
199705150SEA,PO,SEA,1120.0,,27,43,-16
199705150SEA,PO,SEA,1173.0,,29,43,-14
199705150SEA,PO,SEA,1193.0,,29,45,-16
199705150SEA,PO,SEA,1304.0,,29,47,-18
199705150SEA,PO,SEA,1310.0,,30,47,-17
199705150SEA,PO,SEA,1321.0,,30,49,-19
199705150SEA,PO,SEA,1368.0,,33,49,-16
199705150SEA,PO,SEA,1393.0,,33,50,-17
199705150SEA,PO,SEA,1393.0,,33,51,-18
199705150SEA,PO,SEA,1406.0,,34,51,-17
199705150SEA,PO,SEA,1406.0,,35,51,-16
199705150SEA,PO,SEA,1437.0,,37,51,-14
199705150SEA,PO,SEA,1518.0,,37,53,-16
199705150SEA,PO,SEA,1544.0,,39,53,-14
199705150SEA,PO,SEA,1579.0,,41,53,-12
199705150SEA,PO,SEA,1616.0,,41,54,-13
199705150SEA,PO,SEA,1616.0,,41,56,-15
199705150SEA,PO,SEA,1627.0,,43,56,-13
199705150SEA,PO,SEA,1662.0,,43,59,-16
199705150SEA,PO,SEA,1694.0,,43,61,-18
199705150SEA,PO,SEA,1710.0,,45,61,-16
199705150SEA,PO,SEA,1737.0,,48,61,-13
199705150SEA,PO,SEA,1757.0,,48,63,-15
199705150SEA,PO,SEA,1794.0,,51,63,-12
199705150SEA,PO,SEA,1861.0,,52,63,-11
199705150SEA,PO,SEA,1861.0,,53,63,-10
199705150SEA,PO,SEA,1861.0,,53,64,-11
199705150SEA,PO,SEA,1895.0,,55,64,-9
199705150SEA,PO,SEA,1916.0,,55,65,-10
199705150SEA,PO,SEA,1916.0,,55,66,-11
199705150SEA,PO,SEA,1938.0,,57,66,-9
199705150SEA,PO,SEA,1956.0,,57,68,-11
199705150SEA,PO,SEA,1979.0,,57,70,-13
199705150SEA,PO,SEA,1999.0,,57,71,-14
199705150SEA,PO,SEA,1999.0,,57,72,-15
199705150SEA,PO,SEA,2021.0,,57,73,-16
199705150SEA,PO,SEA,2028.0,,57,75,-18
199705150SEA,PO,SEA,2068.0,,57,77,-20
199705150SEA,PO,SEA,2087.0,,58,77,-19
199705150SEA,PO,SEA,2093.0,,59,77,-18
199705150SEA,PO,SEA,2128.0,,61,77,-16
199705150SEA,PO,SEA,2157.0,,61,78,-17
199705150SEA,PO,SEA,2182.0,,61,80,-19
199705150SEA,PO,SEA,2200.0,,63,80,-17
199705150SEA,PO,SEA,2217.0,,65,80,-15
199705150SEA,PO,SEA,2251.0,,68,80,-12
199705150SEA,PO,SEA,2275.0,,68,82,-14
199705150SEA,PO,SEA,2328.0,,69,82,-13
199705150SEA,PO,SEA,2328.0,,70,82,-12
199705150SEA,PO,SEA,2374.0,,72,82,-10
199705150SEA,PO,SEA,2391.0,,72,84,-12
199705150SEA,PO,SEA,2443.0,,74,84,-10
199705150SEA,PO,SEA,2479.0,,74,85,-11
199705150SEA,PO,SEA,2479.0,,74,86,-12
199705150SEA,PO,SEA,2489.0,,76,86,-10
199705150SEA,PO,SEA,2537.0,,76,87,-11
199705150SEA,PO,SEA,2537.0,,76,88,-12
199705150SEA,PO,SEA,2549.0,,78,88,-10
199705150SEA,PO,SEA,2573.0,,78,89,-11
199705150SEA,PO,SEA,2573.0,,78,90,-12
199705150SEA,PO,SEA,2585.0,,79,90,-11
199705150SEA,PO,SEA,2585.0,,80,90,-10
199705150SEA,PO,SEA,2598.0,,80,91,-11
199705150SEA,PO,SEA,2598.0,,80,92,-12
199705150SEA,PO,SEA,2608.0,,81,92,-11
199705150SEA,PO,SEA,2608.0,,82,92,-10
199705150SEA,PO,SEA,2647.0,,83,92,-9
199705150SEA,PO,SEA,2647.0,,84,92,-8
199705150SEA,PO,SEA,2692.0,,86,92,-6
199705150SEA,PO,SEA,2727.0,,88,92,-4
199705150SEA,PO,SEA,2746.0,,88,93,-5
199705150SEA,PO,SEA,2746.0,,88,94,-6
199705150SEA,PO,SEA,2780.0,,88,95,-7
199705150SEA,PO,SEA,2792.0,,90,95,-5
199705150SEA,PO,SEA,2849.0,,93,95,-2
199705150SEA,PO,SEA,2868.0,,93,97,-4
199705150SEA,PO,SEA,2875.0,,93,98,-5
199705150SEA,PO,SEA,2875.0,F,93,99,-6
199705150SEA,PO,SEA,2880.0,,96,99,-3
199705170HOU,PO,SEA,0.0,,0,0,0
199705170HOU,PO,SEA,22.0,,1,0,1
199705170HOU,PO,SEA,22.0,,2,0,2
199705170HOU,PO,SEA,46.0,,4,0,4
199705170HOU,PO,SEA,62.0,,4,1,3
199705170HOU,PO,SEA,62.0,,4,2,2
199705170HOU,PO,SEA,76.0,,6,2,4
199705170HOU,PO,SEA,99.0,,6,4,2
199705170HOU,PO,SEA,198.0,LC,6,7,-1
199705170HOU,PO,SEA,235.0,LC,8,7,1
199705170HOU,PO,SEA,235.0,,9,7,2
199705170HOU,PO,SEA,255.0,,12,7,5
199705170HOU,PO,SEA,290.0,,12,9,3
199705170HOU,PO,SEA,306.0,,14,9,5
199705170HOU,PO,SEA,326.0,,14,11,3
199705170HOU,PO,SEA,351.0,,14,13,1
199705170HOU,PO,SEA,371.0,,16,13,3
199705170HOU,PO,SEA,390.0,,17,13,4
199705170HOU,PO,SEA,390.0,,18,13,5
199705170HOU,PO,SEA,442.0,,18,16,2
199705170HOU,PO,SEA,466.0,,20,16,4
199705170HOU,PO,SEA,485.0,,20,17,3
199705170HOU,PO,SEA,517.0,,20,19,1
199705170HOU,PO,SEA,525.0,,21,19,2
199705170HOU,PO,SEA,525.0,,22,19,3
199705170HOU,PO,SEA,543.0,,22,21,1
199705170HOU,PO,SEA,568.0,,24,21,3
199705170HOU,PO,SEA,583.0,,24,23,1
199705170HOU,PO,SEA,583.0,T,24,24,0
199705170HOU,PO,SEA,598.0,,26,24,2
199705170HOU,PO,SEA,621.0,T,26,26,0
199705170HOU,PO,SEA,651.0,,28,26,2
199705170HOU,PO,SEA,660.0,T,28,28,0
199705170HOU,PO,SEA,673.0,,29,28,1
199705170HOU,PO,SEA,673.0,,30,28,2
199705170HOU,PO,SEA,685.0,LC,30,31,-1
199705170HOU,PO,SEA,751.0,,30,32,-2
199705170HOU,PO,SEA,769.0,,30,34,-4
199705170HOU,PO,SEA,790.0,,33,34,-1
199705170HOU,PO,SEA,933.0,LC,35,34,1
199705170HOU,PO,SEA,976.0,,37,34,3
199705170HOU,PO,SEA,976.0,,38,34,4
199705170HOU,PO,SEA,1019.0,,38,37,1
199705170HOU,PO,SEA,1059.0,LC,38,39,-1
199705170HOU,PO,SEA,1102.0,LC,40,39,1
199705170HOU,PO,SEA,1119.0,LC,40,42,-2
199705170HOU,PO,SEA,1145.0,T,42,42,0
199705170HOU,PO,SEA,1163.0,LC,44,42,2
199705170HOU,PO,SEA,1184.0,,44,43,1
199705170HOU,PO,SEA,1184.0,T,44,44,0
199705170HOU,PO,SEA,1209.0,,46,44,2
199705170HOU,PO,SEA,1242.0,,48,44,4
199705170HOU,PO,SEA,1289.0,,48,45,3
199705170HOU,PO,SEA,1289.0,,48,46,2
199705170HOU,PO,SEA,1341.0,T,48,48,0
199705170HOU,PO,SEA,1363.0,,50,48,2
199705170HOU,PO,SEA,1396.0,,52,48,4
199705170HOU,PO,SEA,1405.0,,52,50,2
199705170HOU,PO,SEA,1424.0,,55,50,5
199705170HOU,PO,SEA,1479.0,,55,51,4
199705170HOU,PO,SEA,1479.0,,55,52,3
199705170HOU,PO,SEA,1571.0,,55,54,1
199705170HOU,PO,SEA,1612.0,LC,55,56,-1
199705170HOU,PO,SEA,1630.0,LC,57,56,1
199705170HOU,PO,SEA,1649.0,,59,56,3
199705170HOU,PO,SEA,1649.0,,60,56,4
199705170HOU,PO,SEA,1682.0,,62,56,6
199705170HOU,PO,SEA,1735.0,,62,58,4
199705170HOU,PO,SEA,1752.0,,64,58,6
199705170HOU,PO,SEA,1790.0,,64,60,4
199705170HOU,PO,SEA,1841.0,,64,62,2
199705170HOU,PO,SEA,1858.0,,66,62,4
199705170HOU,PO,SEA,1890.0,,66,63,3
199705170HOU,PO,SEA,1890.0,,66,64,2
199705170HOU,PO,SEA,1908.0,,67,64,3
199705170HOU,PO,SEA,1908.0,,68,64,4
199705170HOU,PO,SEA,1949.0,,70,64,6
199705170HOU,PO,SEA,1978.0,,70,67,3
199705170HOU,PO,SEA,2081.0,,72,67,5
199705170HOU,PO,SEA,2152.0,,74,67,7
199705170HOU,PO,SEA,2214.0,,77,67,10
199705170HOU,PO,SEA,2329.0,,77,68,9
199705170HOU,PO,SEA,2350.0,,77,70,7
199705170HOU,PO,SEA,2373.0,,79,70,9
199705170HOU,PO,SEA,2409.0,,82,70,12
199705170HOU,PO,SEA,2486.0,,84,70,14
199705170HOU,PO,SEA,2567.0,,84,71,13
199705170HOU,PO,SEA,2567.0,,84,72,12
199705170HOU,PO,SEA,2577.0,,86,72,14
199705170HOU,PO,SEA,2629.0,,86,73,13
199705170HOU,PO,SEA,2629.0,,86,74,12
199705170HOU,PO,SEA,2643.0,,88,74,14
199705170HOU,PO,SEA,2654.0,,88,76,12
199705170HOU,PO,SEA,2670.0,,88,78,10
199705170HOU,PO,SEA,2710.0,,88,81,7
199705170HOU,PO,SEA,2723.0,,88,83,5
199705170HOU,PO,SEA,2727.0,,89,83,6
199705170HOU,PO,SEA,2788.0,,89,85,4
199705170HOU,PO,SEA,2788.0,,89,86,3
199705170HOU,PO,SEA,2803.0,,92,86,6
199705170HOU,PO,SEA,2811.0,,92,87,5
199705170HOU,PO,SEA,2811.0,,92,88,4
199705170HOU,PO,SEA,2859.0,,92,90,2
199705170HOU,PO,SEA,2860.0,,93,90,3
199705170HOU,PO,SEA,2861.0,,93,91,2
199705170HOU,PO,SEA,2863.0,F,94,91,3
199705170HOU,PO,SEA,2879.0,,96,91,5
199705190UTA,PO,UTA,0.0,,0,0,0
199705190UTA,PO,UTA,15.0,,0,2,-2
199705190UTA,PO,UTA,70.0,,0,4,-4
199705190UTA,PO,UTA,135.0,,2,4,-2
199705190UTA,PO,UTA,135.0,,3,4,-1
199705190UTA,PO,UTA,147.0,,3,6,-3
199705190UTA,PO,UTA,164.0,,4,6,-2
199705190UTA,PO,UTA,180.0,,4,8,-4
199705190UTA,PO,UTA,196.0,,6,8,-2
199705190UTA,PO,UTA,215.0,T,8,8,0
199705190UTA,PO,UTA,242.0,LC,10,8,2
199705190UTA,PO,UTA,278.0,T,10,10,0
199705190UTA,PO,UTA,296.0,,12,10,2
199705190UTA,PO,UTA,301.0,,12,11,1
199705190UTA,PO,UTA,301.0,T,12,12,0
199705190UTA,PO,UTA,340.0,,14,12,2
199705190UTA,PO,UTA,436.0,T,14,14,0
199705190UTA,PO,UTA,455.0,,15,14,1
199705190UTA,PO,UTA,455.0,,16,14,2
199705190UTA,PO,UTA,498.0,T,16,16,0
199705190UTA,PO,UTA,511.0,,19,16,3
199705190UTA,PO,UTA,529.0,,19,18,1
199705190UTA,PO,UTA,553.0,LC,19,20,-1
199705190UTA,PO,UTA,574.0,LC,21,20,1
199705190UTA,PO,UTA,623.0,,23,20,3
199705190UTA,PO,UTA,773.0,,24,20,4
199705190UTA,PO,UTA,786.0,,24,22,2
199705190UTA,PO,UTA,814.0,LC,24,25,-1
199705190UTA,PO,UTA,854.0,,24,27,-3
199705190UTA,PO,UTA,888.0,,24,30,-6
199705190UTA,PO,UTA,925.0,,26,30,-4
199705190UTA,PO,UTA,949.0,,26,32,-6
199705190UTA,PO,UTA,979.0,,26,35,-9
199705190UTA,PO,UTA,1027.0,,29,35,-6
199705190UTA,PO,UTA,1062.0,,29,37,-8
199705190UTA,PO,UTA,1113.0,,31,37,-6
199705190UTA,PO,UTA,1130.0,,31,38,-7
199705190UTA,PO,UTA,1130.0,,31,39,-8
199705190UTA,PO,UTA,1142.0,,33,39,-6
199705190UTA,PO,UTA,1192.0,,34,39,-5
199705190UTA,PO,UTA,1210.0,,35,39,-4
199705190UTA,PO,UTA,1210.0,,36,39,-3
199705190UTA,PO,UTA,1236.0,,36,40,-4
199705190UTA,PO,UTA,1236.0,,36,41,-5
199705190UTA,PO,UTA,1262.0,,36,42,-6
199705190UTA,PO,UTA,1308.0,,36,44,-8
199705190UTA,PO,UTA,1354.0,,38,44,-6
199705190UTA,PO,UTA,1391.0,,40,44,-4
199705190UTA,PO,UTA,1408.0,,40,45,-5
199705190UTA,PO,UTA,1425.0,,40,46,-6
199705190UTA,PO,UTA,1440.0,,40,49,-9
199705190UTA,PO,UTA,1568.0,,40,51,-11
199705190UTA,PO,UTA,1591.0,,43,51,-8
199705190UTA,PO,UTA,1610.0,,43,53,-10
199705190UTA,PO,UTA,1687.0,,43,55,-12
199705190UTA,PO,UTA,1687.0,,43,56,-13
199705190UTA,PO,UTA,1717.0,,43,57,-14
199705190UTA,PO,UTA,1726.0,,43,59,-16
199705190UTA,PO,UTA,1738.0,,44,59,-15
199705190UTA,PO,UTA,1738.0,,45,59,-14
199705190UTA,PO,UTA,1781.0,,45,60,-15
199705190UTA,PO,UTA,1781.0,,45,61,-16
199705190UTA,PO,UTA,1790.0,,46,61,-15
199705190UTA,PO,UTA,1790.0,,47,61,-14
199705190UTA,PO,UTA,1847.0,,50,61,-11
199705190UTA,PO,UTA,1877.0,,51,61,-10
199705190UTA,PO,UTA,1877.0,,52,61,-9
199705190UTA,PO,UTA,1924.0,,52,63,-11
199705190UTA,PO,UTA,1940.0,,54,63,-9
199705190UTA,PO,UTA,1956.0,,54,65,-11
199705190UTA,PO,UTA,1968.0,,54,68,-14
199705190UTA,PO,UTA,1983.0,,54,69,-15
199705190UTA,PO,UTA,1983.0,,54,70,-16
199705190UTA,PO,UTA,1983.0,,54,71,-17
199705190UTA,PO,UTA,1986.0,,55,71,-16
199705190UTA,PO,UTA,1986.0,,56,71,-15
199705190UTA,PO,UTA,2018.0,,57,71,-14
199705190UTA,PO,UTA,2018.0,,58,71,-13
199705190UTA,PO,UTA,2031.0,,58,72,-14
199705190UTA,PO,UTA,2031.0,,58,73,-15
199705190UTA,PO,UTA,2039.0,,60,73,-13
199705190UTA,PO,UTA,2039.0,,61,73,-12
199705190UTA,PO,UTA,2058.0,,62,73,-11
199705190UTA,PO,UTA,2070.0,,62,75,-13
199705190UTA,PO,UTA,2099.0,,62,77,-15
199705190UTA,PO,UTA,2121.0,,65,77,-12
199705190UTA,PO,UTA,2139.0,,65,79,-14
199705190UTA,PO,UTA,2190.0,,66,79,-13
199705190UTA,PO,UTA,2190.0,,67,79,-12
199705190UTA,PO,UTA,2229.0,,70,79,-9
199705190UTA,PO,UTA,2257.0,,70,80,-10
199705190UTA,PO,UTA,2257.0,,70,81,-11
199705190UTA,PO,UTA,2268.0,,71,81,-10
199705190UTA,PO,UTA,2268.0,,72,81,-9
199705190UTA,PO,UTA,2281.0,,72,83,-11
199705190UTA,PO,UTA,2317.0,,72,85,-13
199705190UTA,PO,UTA,2378.0,,72,87,-15
199705190UTA,PO,UTA,2410.0,,72,89,-17
199705190UTA,PO,UTA,2457.0,,74,89,-15
199705190UTA,PO,UTA,2486.0,,74,91,-17
199705190UTA,PO,UTA,2506.0,,76,91,-15
199705190UTA,PO,UTA,2544.0,,78,91,-13
199705190UTA,PO,UTA,2562.0,,78,92,-14
199705190UTA,PO,UTA,2562.0,,78,93,-15
199705190UTA,PO,UTA,2593.0,,78,95,-17
199705190UTA,PO,UTA,2630.0,,78,97,-19
199705190UTA,PO,UTA,2674.0,,80,97,-17
199705190UTA,PO,UTA,2737.0,,80,99,-19
199705190UTA,PO,UTA,2768.0,,80,101,-21
199705190UTA,PO,UTA,2783.0,,81,101,-20
199705190UTA,PO,UTA,2811.0,,84,101,-17
199705190UTA,PO,UTA,2842.0,F,86,101,-15
199705190UTA,PO,UTA,2871.0,,86,101,-15
199705210UTA,PO,UTA,0.0,,0,0,0
199705210UTA,PO,UTA,10.0,,0,2,-2
199705210UTA,PO,UTA,33.0,T,2,2,0
199705210UTA,PO,UTA,62.0,LC,3,2,1
199705210UTA,PO,UTA,62.0,,4,2,2
199705210UTA,PO,UTA,62.0,,5,2,3
199705210UTA,PO,UTA,99.0,,5,4,1
199705210UTA,PO,UTA,153.0,,6,4,2
199705210UTA,PO,UTA,227.0,T,6,6,0
199705210UTA,PO,UTA,237.0,,8,6,2
199705210UTA,PO,UTA,258.0,T,8,8,0
199705210UTA,PO,UTA,280.0,,10,8,2
199705210UTA,PO,UTA,280.0,,11,8,3
199705210UTA,PO,UTA,302.0,,11,10,1
199705210UTA,PO,UTA,311.0,,12,10,2
199705210UTA,PO,UTA,372.0,T,12,12,0
199705210UTA,PO,UTA,387.0,,14,12,2
199705210UTA,PO,UTA,403.0,T,14,14,0
199705210UTA,PO,UTA,420.0,,16,14,2
199705210UTA,PO,UTA,472.0,,18,14,4
199705210UTA,PO,UTA,489.0,,18,16,2
199705210UTA,PO,UTA,527.0,T,18,18,0
199705210UTA,PO,UTA,541.0,,20,18,2
199705210UTA,PO,UTA,583.0,,21,18,3
199705210UTA,PO,UTA,596.0,,23,18,5
199705210UTA,PO,UTA,642.0,,23,21,2
199705210UTA,PO,UTA,689.0,T,23,23,0
199705210UTA,PO,UTA,720.0,LC,23,24,-1
199705210UTA,PO,UTA,720.0,,23,25,-2
199705210UTA,PO,UTA,735.0,T,25,25,0
199705210UTA,PO,UTA,745.0,,25,26,-1
199705210UTA,PO,UTA,745.0,,25,27,-2
199705210UTA,PO,UTA,759.0,,26,27,-1
199705210UTA,PO,UTA,759.0,T,27,27,0
199705210UTA,PO,UTA,797.0,,27,29,-2
199705210UTA,PO,UTA,841.0,,27,31,-4
199705210UTA,PO,UTA,885.0,,29,31,-2
199705210UTA,PO,UTA,925.0,,29,32,-3
199705210UTA,PO,UTA,925.0,,29,33,-4
199705210UTA,PO,UTA,951.0,,29,35,-6
199705210UTA,PO,UTA,983.0,,29,37,-8
199705210UTA,PO,UTA,1048.0,,29,38,-9
199705210UTA,PO,UTA,1048.0,,29,39,-10
199705210UTA,PO,UTA,1060.0,,32,39,-7
199705210UTA,PO,UTA,1083.0,,32,41,-9
199705210UTA,PO,UTA,1103.0,,34,41,-7
199705210UTA,PO,UTA,1119.0,,34,43,-9
199705210UTA,PO,UTA,1142.0,,35,43,-8
199705210UTA,PO,UTA,1142.0,,36,43,-7
199705210UTA,PO,UTA,1283.0,,36,45,-9
199705210UTA,PO,UTA,1352.0,,36,46,-10
199705210UTA,PO,UTA,1352.0,,36,47,-11
199705210UTA,PO,UTA,1366.0,,39,47,-8
199705210UTA,PO,UTA,1384.0,,39,48,-9
199705210UTA,PO,UTA,1415.0,,40,48,-8
199705210UTA,PO,UTA,1419.0,,42,48,-6
199705210UTA,PO,UTA,1452.0,,44,48,-4
199705210UTA,PO,UTA,1500.0,,44,50,-6
199705210UTA,PO,UTA,1524.0,,45,50,-5
199705210UTA,PO,UTA,1524.0,,46,50,-4
199705210UTA,PO,UTA,1564.0,,47,50,-3
199705210UTA,PO,UTA,1579.0,,47,51,-4
199705210UTA,PO,UTA,1579.0,,47,52,-5
199705210UTA,PO,UTA,1629.0,,47,53,-6
199705210UTA,PO,UTA,1629.0,,47,54,-7
199705210UTA,PO,UTA,1643.0,,49,54,-5
199705210UTA,PO,UTA,1659.0,,49,55,-6
199705210UTA,PO,UTA,1659.0,,49,56,-7
199705210UTA,PO,UTA,1672.0,,51,56,-5
199705210UTA,PO,UTA,1694.0,,51,58,-7
199705210UTA,PO,UTA,1710.0,,53,58,-5
199705210UTA,PO,UTA,1725.0,,53,59,-6
199705210UTA,PO,UTA,1739.0,,56,59,-3
199705210UTA,PO,UTA,1756.0,,56,61,-5
199705210UTA,PO,UTA,1777.0,,58,61,-3
199705210UTA,PO,UTA,1822.0,,58,63,-5
199705210UTA,PO,UTA,1841.0,,60,63,-3
199705210UTA,PO,UTA,1862.0,,60,66,-6
199705210UTA,PO,UTA,1877.0,,63,66,-3
199705210UTA,PO,UTA,1891.0,,63,68,-5
199705210UTA,PO,UTA,1936.0,,65,68,-3
199705210UTA,PO,UTA,1936.0,,66,68,-2
199705210UTA,PO,UTA,1952.0,,66,70,-4
199705210UTA,PO,UTA,1983.0,,66,73,-7
199705210UTA,PO,UTA,2008.0,,66,75,-9
199705210UTA,PO,UTA,2030.0,,66,77,-11
199705210UTA,PO,UTA,2058.0,,67,77,-10
199705210UTA,PO,UTA,2058.0,,68,77,-9
199705210UTA,PO,UTA,2070.0,,68,79,-11
199705210UTA,PO,UTA,2100.0,,68,81,-13
199705210UTA,PO,UTA,2142.0,,68,82,-14
199705210UTA,PO,UTA,2142.0,,68,83,-15
199705210UTA,PO,UTA,2173.0,,68,85,-17
199705210UTA,PO,UTA,2190.0,,70,85,-15
199705210UTA,PO,UTA,2204.0,,70,86,-16
199705210UTA,PO,UTA,2204.0,,70,87,-17
199705210UTA,PO,UTA,2274.0,,70,89,-19
199705210UTA,PO,UTA,2293.0,,72,89,-17
199705210UTA,PO,UTA,2325.0,,74,89,-15
199705210UTA,PO,UTA,2406.0,,76,89,-13
199705210UTA,PO,UTA,2406.0,,77,89,-12
199705210UTA,PO,UTA,2418.0,,77,90,-13
199705210UTA,PO,UTA,2431.0,,78,90,-12
199705210UTA,PO,UTA,2444.0,,78,92,-14
199705210UTA,PO,UTA,2524.0,,78,93,-15
199705210UTA,PO,UTA,2524.0,,78,94,-16
199705210UTA,PO,UTA,2546.0,,79,94,-15
199705210UTA,PO,UTA,2571.0,,79,96,-17
199705210UTA,PO,UTA,2598.0,,82,96,-14
199705210UTA,PO,UTA,2654.0,,82,97,-15
199705210UTA,PO,UTA,2670.0,,84,97,-13
199705210UTA,PO,UTA,2706.0,,85,97,-12
199705210UTA,PO,UTA,2715.0,,86,97,-11
199705210UTA,PO,UTA,2725.0,,88,97,-9
199705210UTA,PO,UTA,2728.0,,88,98,-10
199705210UTA,PO,UTA,2728.0,,88,99,-11
199705210UTA,PO,UTA,2772.0,,88,100,-12
199705210UTA,PO,UTA,2795.0,,90,100,-10
199705210UTA,PO,UTA,2812.0,,90,102,-12
199705210UTA,PO,UTA,2822.0,,91,102,-11
199705210UTA,PO,UTA,2822.0,,92,102,-10
199705210UTA,PO,UTA,2830.0,,92,103,-11
199705210UTA,PO,UTA,2830.0,F,92,104,-12
199705210UTA,PO,UTA,2866.0,,92,104,-12
199705230HOU,PO,UTA,0.0,,0,0,0
199705230HOU,PO,UTA,20.0,,0,2,-2
199705230HOU,PO,UTA,46.0,T,2,2,0
199705230HOU,PO,UTA,64.0,,2,4,-2
199705230HOU,PO,UTA,155.0,,2,6,-4
199705230HOU,PO,UTA,176.0,,4,6,-2
199705230HOU,PO,UTA,198.0,,4,8,-4
199705230HOU,PO,UTA,216.0,,4,10,-6
199705230HOU,PO,UTA,252.0,,4,12,-8
199705230HOU,PO,UTA,298.0,,6,12,-6
199705230HOU,PO,UTA,332.0,,9,12,-3
199705230HOU,PO,UTA,371.0,,9,14,-5
199705230HOU,PO,UTA,386.0,,11,14,-3
199705230HOU,PO,UTA,428.0,,11,17,-6
199705230HOU,PO,UTA,443.0,,13,17,-4
199705230HOU,PO,UTA,460.0,,13,19,-6
199705230HOU,PO,UTA,460.0,,13,20,-7
199705230HOU,PO,UTA,495.0,,13,22,-9
199705230HOU,PO,UTA,519.0,,15,22,-7
199705230HOU,PO,UTA,543.0,,15,25,-10
199705230HOU,PO,UTA,588.0,,15,27,-12
199705230HOU,PO,UTA,618.0,,15,28,-13
199705230HOU,PO,UTA,698.0,,16,28,-12
199705230HOU,PO,UTA,717.0,,18,28,-10
199705230HOU,PO,UTA,720.0,,18,31,-13
199705230HOU,PO,UTA,783.0,,20,31,-11
199705230HOU,PO,UTA,783.0,,21,31,-10
199705230HOU,PO,UTA,792.0,,21,33,-12
199705230HOU,PO,UTA,810.0,,24,33,-9
199705230HOU,PO,UTA,844.0,,27,33,-6
199705230HOU,PO,UTA,876.0,,30,33,-3
199705230HOU,PO,UTA,939.0,,32,33,-1
199705230HOU,PO,UTA,954.0,,32,35,-3
199705230HOU,PO,UTA,976.0,,33,35,-2
199705230HOU,PO,UTA,999.0,,33,37,-4
199705230HOU,PO,UTA,1073.0,,33,40,-7
199705230HOU,PO,UTA,1088.0,,36,40,-4
199705230HOU,PO,UTA,1103.0,,36,42,-6
199705230HOU,PO,UTA,1124.0,,38,42,-4
199705230HOU,PO,UTA,1140.0,,38,44,-6
199705230HOU,PO,UTA,1169.0,,39,44,-5
199705230HOU,PO,UTA,1215.0,,39,46,-7
199705230HOU,PO,UTA,1232.0,,42,46,-4
199705230HOU,PO,UTA,1254.0,,42,49,-7
199705230HOU,PO,UTA,1273.0,,44,49,-5
199705230HOU,PO,UTA,1294.0,,44,51,-7
199705230HOU,PO,UTA,1298.0,,45,51,-6
199705230HOU,PO,UTA,1310.0,,47,51,-4
199705230HOU,PO,UTA,1363.0,,48,51,-3
199705230HOU,PO,UTA,1363.0,,49,51,-2
199705230HOU,PO,UTA,1385.0,T,51,51,0
199705230HOU,PO,UTA,1459.0,,51,53,-2
199705230HOU,PO,UTA,1485.0,,51,55,-4
199705230HOU,PO,UTA,1511.0,,53,55,-2
199705230HOU,PO,UTA,1532.0,,54,55,-1
199705230HOU,PO,UTA,1541.0,LC,57,55,2
199705230HOU,PO,UTA,1576.0,,58,55,3
199705230HOU,PO,UTA,1589.0,,58,57,1
199705230HOU,PO,UTA,1742.0,,60,57,3
199705230HOU,PO,UTA,1760.0,,60,59,1
199705230HOU,PO,UTA,1806.0,LC,60,61,-1
199705230HOU,PO,UTA,1806.0,,60,62,-2
199705230HOU,PO,UTA,1825.0,LC,63,62,1
199705230HOU,PO,UTA,1844.0,LC,63,64,-1
199705230HOU,PO,UTA,1863.0,LC,65,64,1
199705230HOU,PO,UTA,1883.0,T,65,65,0
199705230HOU,PO,UTA,1883.0,LC,65,66,-1
199705230HOU,PO,UTA,1923.0,LC,67,66,1
199705230HOU,PO,UTA,1976.0,,69,66,3
199705230HOU,PO,UTA,2019.0,,71,66,5
199705230HOU,PO,UTA,2037.0,,71,68,3
199705230HOU,PO,UTA,2054.0,,74,68,6
199705230HOU,PO,UTA,2076.0,,74,70,4
199705230HOU,PO,UTA,2093.0,,76,70,6
199705230HOU,PO,UTA,2118.0,,77,70,7
199705230HOU,PO,UTA,2118.0,,78,70,8
199705230HOU,PO,UTA,2132.0,,78,72,6
199705230HOU,PO,UTA,2154.0,,80,72,8
199705230HOU,PO,UTA,2171.0,,82,72,10
199705230HOU,PO,UTA,2190.0,,82,73,9
199705230HOU,PO,UTA,2190.0,,82,74,8
199705230HOU,PO,UTA,2238.0,,84,74,10
199705230HOU,PO,UTA,2265.0,,86,74,12
199705230HOU,PO,UTA,2303.0,,87,74,13
199705230HOU,PO,UTA,2303.0,,88,74,14
199705230HOU,PO,UTA,2353.0,,88,76,12
199705230HOU,PO,UTA,2353.0,,88,77,11
199705230HOU,PO,UTA,2371.0,,88,79,9
199705230HOU,PO,UTA,2386.0,,89,79,10
199705230HOU,PO,UTA,2398.0,,91,79,12
199705230HOU,PO,UTA,2415.0,,91,81,10
199705230HOU,PO,UTA,2444.0,,91,83,8
199705230HOU,PO,UTA,2471.0,,91,85,6
199705230HOU,PO,UTA,2505.0,,91,86,5
199705230HOU,PO,UTA,2515.0,,93,86,7
199705230HOU,PO,UTA,2532.0,,93,87,6
199705230HOU,PO,UTA,2532.0,,93,88,5
199705230HOU,PO,UTA,2546.0,,95,88,7
199705230HOU,PO,UTA,2566.0,,97,88,9
199705230HOU,PO,UTA,2586.0,,97,89,8
199705230HOU,PO,UTA,2586.0,,97,90,7
199705230HOU,PO,UTA,2598.0,,99,90,9
199705230HOU,PO,UTA,2625.0,,99,91,8
199705230HOU,PO,UTA,2625.0,,99,92,7
199705230HOU,PO,UTA,2638.0,,101,92,9
199705230HOU,PO,UTA,2638.0,,102,92,10
199705230HOU,PO,UTA,2648.0,,102,94,8
199705230HOU,PO,UTA,2648.0,,102,95,7
199705230HOU,PO,UTA,2667.0,,104,95,9
199705230HOU,PO,UTA,2704.0,,107,95,12
199705230HOU,PO,UTA,2754.0,,108,95,13
199705230HOU,PO,UTA,2762.0,,108,97,11
199705230HOU,PO,UTA,2779.0,,109,97,12
199705230HOU,PO,UTA,2779.0,,110,97,13
199705230HOU,PO,UTA,2801.0,,112,97,15
199705230HOU,PO,UTA,2809.0,,112,100,12
199705230HOU,PO,UTA,2831.0,,115,100,15
199705230HOU,PO,UTA,2872.0,F,118,100,18
199705230HOU,PO,UTA,2880.0,,118,100,18
199705250HOU,PO,UTA,0.0,,0,0,0
199705250HOU,PO,UTA,10.0,,0,2,-2
199705250HOU,PO,UTA,43.0,,0,4,-4
199705250HOU,PO,UTA,55.0,,2,4,-2
199705250HOU,PO,UTA,97.0,,3,4,-1
199705250HOU,PO,UTA,97.0,T,4,4,0
199705250HOU,PO,UTA,121.0,,4,6,-2
199705250HOU,PO,UTA,161.0,,4,7,-3
199705250HOU,PO,UTA,161.0,,4,8,-4
199705250HOU,PO,UTA,161.0,,4,9,-5
199705250HOU,PO,UTA,188.0,,6,9,-3
199705250HOU,PO,UTA,217.0,,8,9,-1
199705250HOU,PO,UTA,238.0,,8,11,-3
199705250HOU,PO,UTA,270.0,,8,13,-5
199705250HOU,PO,UTA,357.0,,8,15,-7
199705250HOU,PO,UTA,375.0,,10,15,-5
199705250HOU,PO,UTA,390.0,,10,17,-7
199705250HOU,PO,UTA,423.0,,11,17,-6
199705250HOU,PO,UTA,441.0,,11,19,-8
199705250HOU,PO,UTA,455.0,,13,19,-6
199705250HOU,PO,UTA,455.0,,14,19,-5
199705250HOU,PO,UTA,488.0,,15,19,-4
199705250HOU,PO,UTA,488.0,,16,19,-3
199705250HOU,PO,UTA,519.0,,16,21,-5
199705250HOU,PO,UTA,538.0,,17,21,-4
199705250HOU,PO,UTA,538.0,,18,21,-3
199705250HOU,PO,UTA,550.0,,18,23,-5
199705250HOU,PO,UTA,587.0,,19,23,-4
199705250HOU,PO,UTA,641.0,,19,25,-6
199705250HOU,PO,UTA,659.0,,22,25,-3
199705250HOU,PO,UTA,687.0,,24,25,-1
199705250HOU,PO,UTA,713.0,,24,27,-3
199705250HOU,PO,UTA,735.0,T,27,27,0
199705250HOU,PO,UTA,751.0,,27,29,-2
199705250HOU,PO,UTA,751.0,,27,30,-3
199705250HOU,PO,UTA,832.0,,27,32,-5
199705250HOU,PO,UTA,849.0,,29,32,-3
199705250HOU,PO,UTA,869.0,,29,34,-5
199705250HOU,PO,UTA,883.0,,31,34,-3
199705250HOU,PO,UTA,921.0,,31,35,-4
199705250HOU,PO,UTA,921.0,,31,36,-5
199705250HOU,PO,UTA,938.0,,33,36,-3
199705250HOU,PO,UTA,1081.0,,33,38,-5
199705250HOU,PO,UTA,1094.0,,35,38,-3
199705250HOU,PO,UTA,1116.0,,35,39,-4
199705250HOU,PO,UTA,1116.0,,35,40,-5
199705250HOU,PO,UTA,1133.0,,35,42,-7
199705250HOU,PO,UTA,1173.0,,37,42,-5
199705250HOU,PO,UTA,1190.0,,37,44,-7
199705250HOU,PO,UTA,1205.0,,39,44,-5
199705250HOU,PO,UTA,1219.0,,39,46,-7
199705250HOU,PO,UTA,1231.0,,41,46,-5
199705250HOU,PO,UTA,1243.0,,41,47,-6
199705250HOU,PO,UTA,1286.0,,42,47,-5
199705250HOU,PO,UTA,1286.0,,43,47,-4
199705250HOU,PO,UTA,1313.0,,45,47,-2
199705250HOU,PO,UTA,1339.0,,45,49,-4
199705250HOU,PO,UTA,1404.0,,45,51,-6
199705250HOU,PO,UTA,1418.0,,48,51,-3
199705250HOU,PO,UTA,1437.0,,48,52,-4
199705250HOU,PO,UTA,1437.0,,48,53,-5
199705250HOU,PO,UTA,1472.0,,48,55,-7
199705250HOU,PO,UTA,1494.0,,50,55,-5
199705250HOU,PO,UTA,1549.0,,52,55,-3
199705250HOU,PO,UTA,1577.0,,54,55,-1
199705250HOU,PO,UTA,1594.0,,54,57,-3
199705250HOU,PO,UTA,1616.0,,56,57,-1
199705250HOU,PO,UTA,1632.0,,56,59,-3
199705250HOU,PO,UTA,1676.0,,56,60,-4
199705250HOU,PO,UTA,1676.0,,56,61,-5
199705250HOU,PO,UTA,1699.0,,56,63,-7
199705250HOU,PO,UTA,1718.0,,59,63,-4
199705250HOU,PO,UTA,1736.0,,59,64,-5
199705250HOU,PO,UTA,1768.0,,60,64,-4
199705250HOU,PO,UTA,1793.0,,62,64,-2
199705250HOU,PO,UTA,1827.0,T,64,64,0
199705250HOU,PO,UTA,1898.0,LC,66,64,2
199705250HOU,PO,UTA,1961.0,,68,64,4
199705250HOU,PO,UTA,1975.0,,68,66,2
199705250HOU,PO,UTA,1991.0,,71,66,5
199705250HOU,PO,UTA,2027.0,,72,66,6
199705250HOU,PO,UTA,2027.0,,73,66,7
199705250HOU,PO,UTA,2039.0,,73,68,5
199705250HOU,PO,UTA,2059.0,,73,71,2
199705250HOU,PO,UTA,2074.0,,75,71,4
199705250HOU,PO,UTA,2094.0,,75,73,2
199705250HOU,PO,UTA,2135.0,LC,75,76,-1
199705250HOU,PO,UTA,2197.0,,75,78,-3
199705250HOU,PO,UTA,2209.0,,76,78,-2
199705250HOU,PO,UTA,2209.0,,77,78,-1
199705250HOU,PO,UTA,2325.0,LC,79,78,1
199705250HOU,PO,UTA,2377.0,T,79,79,0
199705250HOU,PO,UTA,2377.0,LC,79,80,-1
199705250HOU,PO,UTA,2388.0,LC,81,80,1
199705250HOU,PO,UTA,2404.0,LC,81,82,-1
199705250HOU,PO,UTA,2419.0,T,82,82,0
199705250HOU,PO,UTA,2434.0,LC,83,82,1
199705250HOU,PO,UTA,2492.0,,84,82,2
199705250HOU,PO,UTA,2492.0,,85,82,3
199705250HOU,PO,UTA,2537.0,,85,83,2
199705250HOU,PO,UTA,2537.0,,85,84,1
199705250HOU,PO,UTA,2547.0,,86,84,2
199705250HOU,PO,UTA,2569.0,T,86,86,0
199705250HOU,PO,UTA,2586.0,,87,86,1
199705250HOU,PO,UTA,2586.0,,88,86,2
199705250HOU,PO,UTA,2612.0,,90,86,4
199705250HOU,PO,UTA,2626.0,,90,87,3
199705250HOU,PO,UTA,2665.0,,90,89,1
199705250HOU,PO,UTA,2765.0,,92,89,3
199705250HOU,PO,UTA,2776.0,,92,90,2
199705250HOU,PO,UTA,2812.0,F,92,92,0
199705250HOU,PO,UTA,2880.0,,95,92,3
199705270UTA,PO,UTA,0.0,,0,0,0
199705270UTA,PO,UTA,17.0,,1,0,1
199705270UTA,PO,UTA,75.0,LC,1,2,-1
199705270UTA,PO,UTA,101.0,LC,3,2,1
199705270UTA,PO,UTA,119.0,LC,3,5,-2
199705270UTA,PO,UTA,179.0,LC,6,5,1
199705270UTA,PO,UTA,200.0,,9,5,4
199705270UTA,PO,UTA,246.0,,9,7,2
199705270UTA,PO,UTA,258.0,,11,7,4
199705270UTA,PO,UTA,271.0,,11,8,3
199705270UTA,PO,UTA,271.0,,11,9,2
199705270UTA,PO,UTA,294.0,,12,9,3
199705270UTA,PO,UTA,294.0,,13,9,4
199705270UTA,PO,UTA,302.0,,13,11,2
199705270UTA,PO,UTA,337.0,T,13,13,0
199705270UTA,PO,UTA,365.0,LC,13,15,-2
199705270UTA,PO,UTA,430.0,T,15,15,0
199705270UTA,PO,UTA,450.0,,15,17,-2
199705270UTA,PO,UTA,468.0,,16,17,-1
199705270UTA,PO,UTA,501.0,,16,18,-2
199705270UTA,PO,UTA,501.0,,16,19,-3
199705270UTA,PO,UTA,523.0,,18,19,-1
199705270UTA,PO,UTA,535.0,,18,21,-3
199705270UTA,PO,UTA,535.0,,18,22,-4
199705270UTA,PO,UTA,575.0,,20,22,-2
199705270UTA,PO,UTA,641.0,T,22,22,0
199705270UTA,PO,UTA,692.0,LC,25,22,3
199705270UTA,PO,UTA,714.0,,25,24,1
199705270UTA,PO,UTA,719.0,,27,24,3
199705270UTA,PO,UTA,753.0,,29,24,5
199705270UTA,PO,UTA,774.0,,29,26,3
199705270UTA,PO,UTA,794.0,,31,26,5
199705270UTA,PO,UTA,809.0,,31,28,3
199705270UTA,PO,UTA,828.0,,33,28,5
199705270UTA,PO,UTA,871.0,,34,28,6
199705270UTA,PO,UTA,900.0,,34,30,4
199705270UTA,PO,UTA,947.0,,34,33,1
199705270UTA,PO,UTA,995.0,,36,33,3
199705270UTA,PO,UTA,1016.0,,36,35,1
199705270UTA,PO,UTA,1044.0,LC,36,37,-1
199705270UTA,PO,UTA,1144.0,,36,39,-3
199705270UTA,PO,UTA,1164.0,,38,39,-1
199705270UTA,PO,UTA,1249.0,,38,41,-3
199705270UTA,PO,UTA,1268.0,,40,41,-1
199705270UTA,PO,UTA,1290.0,,40,43,-3
199705270UTA,PO,UTA,1342.0,,42,43,-1
199705270UTA,PO,UTA,1355.0,,42,44,-2
199705270UTA,PO,UTA,1355.0,,42,45,-3
199705270UTA,PO,UTA,1384.0,,43,45,-2
199705270UTA,PO,UTA,1384.0,,44,45,-1
199705270UTA,PO,UTA,1433.0,,44,47,-3
199705270UTA,PO,UTA,1469.0,,44,49,-5
199705270UTA,PO,UTA,1518.0,,44,51,-7
199705270UTA,PO,UTA,1566.0,,45,51,-6
199705270UTA,PO,UTA,1566.0,,46,51,-5
199705270UTA,PO,UTA,1584.0,,46,53,-7
199705270UTA,PO,UTA,1615.0,,49,53,-4
199705270UTA,PO,UTA,1630.0,,50,53,-3
199705270UTA,PO,UTA,1664.0,,50,55,-5
199705270UTA,PO,UTA,1683.0,,52,55,-3
199705270UTA,PO,UTA,1731.0,,52,56,-4
199705270UTA,PO,UTA,1731.0,,52,57,-5
199705270UTA,PO,UTA,1773.0,,53,57,-4
199705270UTA,PO,UTA,1773.0,,54,57,-3
199705270UTA,PO,UTA,1802.0,,56,57,-1
199705270UTA,PO,UTA,1808.0,,56,58,-2
199705270UTA,PO,UTA,1808.0,,56,59,-3
199705270UTA,PO,UTA,1865.0,,56,60,-4
199705270UTA,PO,UTA,1865.0,,56,61,-5
199705270UTA,PO,UTA,1884.0,,58,61,-3
199705270UTA,PO,UTA,1906.0,,58,63,-5
199705270UTA,PO,UTA,1919.0,,61,63,-2
199705270UTA,PO,UTA,1946.0,,61,65,-4
199705270UTA,PO,UTA,1976.0,,61,67,-6
199705270UTA,PO,UTA,1988.0,,63,67,-4
199705270UTA,PO,UTA,2074.0,,64,67,-3
199705270UTA,PO,UTA,2093.0,,64,68,-4
199705270UTA,PO,UTA,2124.0,,64,71,-7
199705270UTA,PO,UTA,2174.0,,66,71,-5
199705270UTA,PO,UTA,2174.0,,67,71,-4
199705270UTA,PO,UTA,2238.0,,67,72,-5
199705270UTA,PO,UTA,2238.0,,67,73,-6
199705270UTA,PO,UTA,2275.0,,70,73,-3
199705270UTA,PO,UTA,2294.0,,70,75,-5
199705270UTA,PO,UTA,2313.0,,72,75,-3
199705270UTA,PO,UTA,2340.0,,72,77,-5
199705270UTA,PO,UTA,2363.0,,72,78,-6
199705270UTA,PO,UTA,2363.0,,72,79,-7
199705270UTA,PO,UTA,2398.0,,75,79,-4
199705270UTA,PO,UTA,2420.0,,75,81,-6
199705270UTA,PO,UTA,2448.0,,76,81,-5
199705270UTA,PO,UTA,2464.0,,76,82,-6
199705270UTA,PO,UTA,2464.0,,76,83,-7
199705270UTA,PO,UTA,2478.0,,77,83,-6
199705270UTA,PO,UTA,2478.0,,78,83,-5
199705270UTA,PO,UTA,2494.0,,78,85,-7
199705270UTA,PO,UTA,2530.0,,78,87,-9
199705270UTA,PO,UTA,2579.0,,79,87,-8
199705270UTA,PO,UTA,2579.0,,80,87,-7
199705270UTA,PO,UTA,2618.0,,80,88,-8
199705270UTA,PO,UTA,2618.0,,80,89,-9
199705270UTA,PO,UTA,2637.0,,82,89,-7
199705270UTA,PO,UTA,2660.0,,84,89,-5
199705270UTA,PO,UTA,2677.0,,84,91,-7
199705270UTA,PO,UTA,2696.0,,84,92,-8
199705270UTA,PO,UTA,2696.0,,85,92,-7
199705270UTA,PO,UTA,2696.0,,86,92,-6
199705270UTA,PO,UTA,2733.0,,87,92,-5
199705270UTA,PO,UTA,2750.0,,87,94,-7
199705270UTA,PO,UTA,2782.0,,88,94,-6
199705270UTA,PO,UTA,2782.0,,89,94,-5
199705270UTA,PO,UTA,2867.0,,89,95,-6
199705270UTA,PO,UTA,2867.0,,89,96,-7
199705270UTA,PO,UTA,2879.0,,91,96,-5
199705270UTA,PO,UTA,2879.0,F,91,96,-5
199705290HOU,PO,UTA,0.0,,0,0,0
199705290HOU,PO,UTA,22.0,,0,2,-2
199705290HOU,PO,UTA,55.0,,0,4,-4
199705290HOU,PO,UTA,72.0,,2,4,-2
199705290HOU,PO,UTA,100.0,,2,6,-4
199705290HOU,PO,UTA,116.0,,4,6,-2
199705290HOU,PO,UTA,175.0,,4,8,-4
199705290HOU,PO,UTA,215.0,,5,8,-3
199705290HOU,PO,UTA,215.0,,6,8,-2
199705290HOU,PO,UTA,263.0,,6,10,-4
199705290HOU,PO,UTA,284.0,,8,10,-2
199705290HOU,PO,UTA,314.0,,9,10,-1
199705290HOU,PO,UTA,363.0,,9,12,-3
199705290HOU,PO,UTA,385.0,,11,12,-1
199705290HOU,PO,UTA,430.0,,11,15,-4
199705290HOU,PO,UTA,451.0,,13,15,-2
199705290HOU,PO,UTA,467.0,,13,17,-4
199705290HOU,PO,UTA,516.0,,14,17,-3
199705290HOU,PO,UTA,516.0,,15,17,-2
199705290HOU,PO,UTA,537.0,,15,19,-4
199705290HOU,PO,UTA,564.0,,15,21,-6
199705290HOU,PO,UTA,620.0,,17,21,-4
199705290HOU,PO,UTA,647.0,,17,23,-6
199705290HOU,PO,UTA,667.0,,18,23,-5
199705290HOU,PO,UTA,667.0,,19,23,-4
199705290HOU,PO,UTA,699.0,,21,23,-2
199705290HOU,PO,UTA,735.0,T,23,23,0
199705290HOU,PO,UTA,784.0,LC,26,23,3
199705290HOU,PO,UTA,813.0,,26,24,2
199705290HOU,PO,UTA,828.0,,29,24,5
199705290HOU,PO,UTA,868.0,,31,24,7
199705290HOU,PO,UTA,932.0,,32,24,8
199705290HOU,PO,UTA,932.0,,33,24,9
199705290HOU,PO,UTA,1011.0,,33,26,7
199705290HOU,PO,UTA,1032.0,,35,26,9
199705290HOU,PO,UTA,1054.0,,35,27,8
199705290HOU,PO,UTA,1054.0,,35,28,7
199705290HOU,PO,UTA,1123.0,,37,28,9
199705290HOU,PO,UTA,1159.0,,39,28,11
199705290HOU,PO,UTA,1174.0,,39,30,9
199705290HOU,PO,UTA,1201.0,,39,33,6
199705290HOU,PO,UTA,1238.0,,39,35,4
199705290HOU,PO,UTA,1255.0,,41,35,6
199705290HOU,PO,UTA,1272.0,,41,37,4
199705290HOU,PO,UTA,1298.0,,43,37,6
199705290HOU,PO,UTA,1327.0,,45,37,8
199705290HOU,PO,UTA,1351.0,,45,39,6
199705290HOU,PO,UTA,1373.0,,47,39,8
199705290HOU,PO,UTA,1395.0,,49,39,10
199705290HOU,PO,UTA,1407.0,,49,41,8
199705290HOU,PO,UTA,1440.0,,49,43,6
199705290HOU,PO,UTA,1482.0,,49,46,3
199705290HOU,PO,UTA,1521.0,,49,48,1
199705290HOU,PO,UTA,1562.0,,51,48,3
199705290HOU,PO,UTA,1581.0,,51,50,1
199705290HOU,PO,UTA,1599.0,LC,51,52,-1
199705290HOU,PO,UTA,1645.0,,51,54,-3
199705290HOU,PO,UTA,1675.0,,51,56,-5
199705290HOU,PO,UTA,1727.0,,53,56,-3
199705290HOU,PO,UTA,1741.0,,53,58,-5
199705290HOU,PO,UTA,1762.0,,56,58,-2
199705290HOU,PO,UTA,1786.0,,56,61,-5
199705290HOU,PO,UTA,1800.0,,58,61,-3
199705290HOU,PO,UTA,1870.0,T,61,61,0
199705290HOU,PO,UTA,1904.0,,61,63,-2
199705290HOU,PO,UTA,1920.0,T,63,63,0
199705290HOU,PO,UTA,1955.0,LC,66,63,3
199705290HOU,PO,UTA,1977.0,,68,63,5
199705290HOU,PO,UTA,2035.0,,69,63,6
199705290HOU,PO,UTA,2068.0,,70,63,7
199705290HOU,PO,UTA,2068.0,,71,63,8
199705290HOU,PO,UTA,2090.0,,71,64,7
199705290HOU,PO,UTA,2090.0,,71,65,6
199705290HOU,PO,UTA,2122.0,,71,67,4
199705290HOU,PO,UTA,2155.0,,71,70,1
199705290HOU,PO,UTA,2197.0,,73,70,3
199705290HOU,PO,UTA,2215.0,,73,72,1
199705290HOU,PO,UTA,2245.0,,75,72,3
199705290HOU,PO,UTA,2276.0,,77,72,5
199705290HOU,PO,UTA,2291.0,,79,72,7
199705290HOU,PO,UTA,2331.0,,79,73,6
199705290HOU,PO,UTA,2346.0,,79,75,4
199705290HOU,PO,UTA,2367.0,,82,75,7
199705290HOU,PO,UTA,2413.0,,83,75,8
199705290HOU,PO,UTA,2413.0,,84,75,9
199705290HOU,PO,UTA,2433.0,,87,75,12
199705290HOU,PO,UTA,2447.0,,87,77,10
199705290HOU,PO,UTA,2473.0,,90,77,13
199705290HOU,PO,UTA,2495.0,,90,78,12
199705290HOU,PO,UTA,2495.0,,90,79,11
199705290HOU,PO,UTA,2536.0,,90,80,10
199705290HOU,PO,UTA,2536.0,,90,81,9
199705290HOU,PO,UTA,2560.0,,90,83,7
199705290HOU,PO,UTA,2574.0,,92,83,9
199705290HOU,PO,UTA,2606.0,,92,84,8
199705290HOU,PO,UTA,2629.0,,94,84,10
199705290HOU,PO,UTA,2687.0,,94,85,9
199705290HOU,PO,UTA,2687.0,,94,86,8
199705290HOU,PO,UTA,2701.0,,95,86,9
199705290HOU,PO,UTA,2701.0,,96,86,10
199705290HOU,PO,UTA,2713.0,,96,89,7
199705290HOU,PO,UTA,2740.0,,96,90,6
199705290HOU,PO,UTA,2740.0,,96,91,5
199705290HOU,PO,UTA,2758.0,,97,91,6
199705290HOU,PO,UTA,2758.0,,98,91,7
199705290HOU,PO,UTA,2770.0,,98,94,4
199705290HOU,PO,UTA,2798.0,,98,96,2
199705290HOU,PO,UTA,2817.0,T,98,98,0
199705290HOU,PO,UTA,2848.0,,99,98,1
199705290HOU,PO,UTA,2848.0,,100,98,2
199705290HOU,PO,UTA,2858.0,F,100,100,0
199705290HOU,PO,UTA,2880.0,LC,100,103,-3
